S NO,APPLN NO,AGGREGATE MARK,GENERAL RANK,GOVT RANK,COLLEGE CODE,BRANCH CODE,ALLOTTED CATEGORY
1,352308,171.5,32354,1290,2634,IT,BC
2,337932,161,48500,2686,2762,EC,OC
3,294895,160.99,48646,2699,1325,ME,OC
4,222601,159,51472,2940,2345,AG,OC
5,229092,158.5,52407,3035,3908,CS,BC
6,359284,158,52799,3074,2726,CS,SC
7,324788,157,53968,3182,2369,ME,MBC
8,310924,156.5,54777,3250,1413,AD,BC
9,323767,154.5,58233,3578,2347,CS,MBC
10,362517,153.5,59277,3705,2723,AD,BC
11,338979,152.5,60862,3873,3021,EC,MBC
12,284711,151,63231,4097,2707,CJ,BC
13,390503,151,63241,4100,4960,EE,SC
14,364140,151,63293,4104,2734,EC,BC
15,318581,150.76,63586,4135,1516,ME,MBC
16,342441,150.5,63887,4169,2718,EE,SC
17,408629,150.5,64193,4205,2618,CD,SC
18,409714,150,64991,4272,2716,CS,BC
19,295436,149,65829,4363,1114,AM,BC
20,267395,148,67400,4524,1513,EC,BC
21,239152,148,67647,4540,2618,EC,SC
22,289406,147.5,68701,4650,2763,CE,OC
23,264451,147.285,68789,4664,3021,CS,SC
24,403588,147.185,68797,4665,3021,ME,OC
25,306996,147,68858,4676,5009,EE,MBC
26,269411,147,69385,4716,1014,CE,OC
27,262587,146.5,69713,4754,2634,ME,OC
28,274300,146.275,70288,4815,5022,ME,OC
29,222392,146,70754,4863,2708,ME,OC
30,378592,146,70920,4884,1106,AE,BC
31,290629,146,70963,4889,2648,CS,BC
32,406422,145,71785,4992,1422,MD,MBC
33,387383,145,72232,5050,2338,AD,BC
34,344025,144.5,73119,5139,2683,CS,MBC
35,306627,144.5,73126,5143,4969,CS,OC
36,277203,144,73263,5160,4864,EC,BC
37,287629,143.5,74539,5289,2727,IT,SC
38,344402,143.5,74704,5316,2659,AD,OC
39,339964,143.5,74721,5318,1322,SC,BC
40,393082,143,75011,5358,2727,FD,MBC
41,318090,143,75108,5370,2734,TS,BC
42,398731,142,76796,5542,1412,EE,MBC
43,372198,142,76876,5556,3813,IT,OC
44,348058,142,76925,5560,3016,EC,SC
45,277739,141.5,77134,5588,1504,IT,SC
46,345712,141,78025,5686,1322,AG,BC
47,366699,141,78500,5732,2673,EC,BC
48,228494,140.5,78808,5766,2743,SC,ST
49,289042,140.5,79001,5785,2005,IB,SC
50,368256,140.5,79054,5790,2683,CS,BC
51,287931,140,79492,5855,5,CF,SC
52,340169,140,80076,5912,2736,AD,MBC
53,342925,139.5,80533,5962,4960,BM,MBC
54,235069,139.5,80542,5963,1213,CS,OC
55,371000,139.5,80701,5982,2716,AG,OC
56,235453,139,81476,6073,1210,ME,OC
57,343689,139,81485,6074,1424,EC,MBC
58,242638,138.5,81819,6123,1414,EC,OC
59,346387,138.415,82379,6183,1445,ME,OC
60,351361,138.265,82383,6185,1110,AD,MBC
61,348929,138,82515,6202,2608,EE,OC
62,359377,138,82833,6236,2622,AD,MBC
63,336818,137.5,83791,6354,4959,CS,MBC
64,362763,137,83968,6380,2342,EC,SC
65,313371,137,84140,6393,2642,EE,MBC
66,329233,137,84372,6417,2624,AG,SC
67,352849,137,84550,6435,2710,SC,BCM
68,350849,136.5,84662,6457,1,PT,ST
69,295419,136.5,85165,6514,2610,AD,MBC
70,321765,136.5,85259,6527,2753,IT,OC
71,343379,136,85397,6544,3011,XC,SC
72,384060,136,85734,6580,2606,EC,OC
73,253597,135.5,86753,6697,3830,AD,MBC
74,203304,135.5,86802,6703,3807,CS,BC
75,300984,135,86856,6711,1311,EC,BC
76,307240,135,87327,6774,2618,ME,BC
77,313687,134.5,87772,6843,2632,AM,MBC
78,327469,134.5,87856,6850,1210,EC,SC
79,321594,134.5,88046,6868,1120,EE,BC
80,245350,134.5,88340,6902,3011,BT,BC
81,296907,134,88590,6934,1202,IT,BC
82,302348,133.5,89434,7035,2769,CS,MBC
83,288910,133.5,89834,7090,2729,IT,SC
84,344336,133.045,89905,7096,1325,ME,SC
85,228752,133,90018,7112,2731,EE,OC
86,220749,132.5,90718,7217,1516,ME,BC
87,340987,132.5,90872,7231,2618,CE,MBC
88,300092,132.5,90984,7238,2702,CE,BC
89,317307,132.5,91019,7241,1401,EC,MBC
90,311395,132,92118,7388,2729,EC,BC
91,335286,131.5,92636,7450,4994,EC,MBC
92,308185,131.5,92971,7488,1226,ME,OC
93,352951,131.5,92983,7490,2634,IT,MBC
94,403628,131.475,93069,7504,2620,EC,SC
95,341265,130.76,93849,7622,2621,CS,SC
96,362283,130.5,94005,7644,2613,EE,OC
97,285018,130.5,94046,7647,2607,MZ,OC
98,268378,130.5,94416,7698,2607,CB,MBC
99,295068,130,94623,7734,2704,EE,BC
100,382756,130,94674,7739,2753,IT,MBC
101,378523,130,94688,7741,1212,CS,OC
102,299889,130,94690,7743,2716,EC,BC
103,232498,130,94697,7744,2726,FD,BC
104,331723,130,94700,7745,2751,AD,BC
105,350927,130,94724,7747,1412,CB,BC
106,211819,130,94727,7748,1106,CS,BC
107,354903,130,94733,7751,2618,EE,BCM
108,290866,130,94769,7754,1219,AU,BC
109,379761,130,94771,7755,2635,AD,MBC
110,354870,130,94791,7756,2624,CH,MBC
111,270724,130,94812,7758,4993,EC,OC
112,296495,130,94838,7760,1137,EC,MBC
113,311355,130,94840,7762,3425,EE,BC
114,314923,130,94841,7763,5901,ME,SC
115,264240,130,94859,7765,4954,CS,MBC
116,289096,130,94863,7766,1409,BT,MBC
117,366985,130,94865,7767,2628,SC,BC
118,340273,130,94889,7769,4967,EC,OC
119,291226,130,94926,7775,2776,AD,OC
120,206882,130,94928,7776,2329,XS,SC
121,289498,130,94947,7778,2609,CY,MBC
122,225524,130,94977,7781,2734,SB,SC
123,266709,130,95002,7782,2732,IT,BC
124,327259,130,95026,7784,1112,IT,SCA
125,404385,130,95033,7785,2719,CE,OC
126,373332,130,95043,7785A,2711,CE,BC
127,227206,130,95050,7786,2751,AD,BC
128,244377,130,95052,7787,4957,EC,BC
129,331202,130,95056,7788,2627,BM,OC
130,269403,130,95071,7789,1411,BT,BC
131,411801,130,95073,7790,4999,AD,SC
132,322788,130,95122,7794,2642,EE,BC
133,331069,130,95219,7803,1605,IT,OC
134,276502,130,95246,7804,2656,ME,MBC
135,307055,130,95256,7805,3830,AL,BC
136,294679,130,95262,7807,1414,CS,BC
137,213307,130,95274,7808,1316,AD,OC
138,354751,130,95314,7814,1605,IT,MBC
139,358925,130,95320,7815,4964,CS,BC
140,316143,130,95323,7816,2357,CS,MBC
141,351380,130,95334,7817,1114,AD,MBC
142,362321,130,95348,7818,3454,AG,MBC
143,241410,130,95359,7821,3807,SC,BC
144,400151,130,95387,7826,2302,BM,MBC
145,379424,130,95399,7827,2609,AD,MBC
146,370265,130,95413,7830,1518,CS,BC
147,317233,129.5,95426,7835,5832,EC,BC
148,217071,129.5,95429,7837,2723,CE,MBC
149,275422,129.5,95435,7838,2611,CI,BC
150,316127,129.5,95440,7839,1106,EC,BC
151,362546,129.5,95485,7845,4980,CE,OC
152,261162,129.5,95493,7846,3812,EI,OC
153,386122,129.5,95504,7847,3905,EC,BC
154,263222,129.5,95515,7848,1505,CS,BC
155,338033,129.5,95572,7852,4962,EE,MBC
156,324709,129.5,95575,7854,2611,CY,MBC
157,257460,129.5,95607,7859,4993,AG,MBC
158,257702,129.5,95618,7860,1140,IT,SC
159,220758,129.5,95634,7863,3817,CE,OC
160,300753,129.5,95637,7864,3803,CH,OC
161,299395,129.5,95658,7866,3011,EE,BC
162,286607,129.5,95665,7867,2702,BT,BC
163,363423,129.5,95689,7870,4960,CE,MBC
164,285395,129.5,95700,7871,3831,IT,BC
165,322179,129.5,95703,7872,2621,EC,MBC
166,371864,129.5,95720,7873,1316,MZ,MBC
167,274545,129.5,95733,7875,5913,CS,MBC
168,330502,129.5,95742,7877,1322,AE,MBC
169,232145,129.5,95767,7880,2764,BM,BC
170,231969,129.5,95787,7882,2614,CS,OC
171,346913,129.5,95791,7883,1452,CS,BC
172,254649,129.5,95796,7884,1122,ME,BC
173,301448,129.5,95846,7887,1140,CS,SC
174,307735,129.5,95856,7889,2737,CS,MBC
175,285835,129.5,95861,7890,2723,ME,BC
176,310790,129.5,95863,7891,2707,AD,OC
177,261203,129.5,95910,7896,1452,CS,BC
178,341406,129.5,95929,7902,4970,EE,OC
179,408374,129.5,95944,7906,3807,CS,BCM
180,290673,129.5,95958,7907,1114,EE,MBC
181,402576,129.5,95993,7909,3859,CS,OC
182,362627,129.5,96009,7911,2646,AD,BC
183,292150,129.5,96045,7915,2734,AD,SC
184,298661,129.5,96084,7921,1110,CS,MBC
185,384865,129.5,96095,7923,2302,AG,MBC
186,342050,129.5,96097,7924,1419,MU,BC
187,351334,129.5,96111,7925,3803,CS,SC
188,341312,129.5,96112,7926,1452,EC,OC
189,383838,129.5,96113,7927,2652,CS,MBC
190,201063,129.5,96119,7929,1310,CS,MBC
191,358569,129.5,96133,7930,2624,ME,OC
192,387806,129.5,96139,7931,4993,AG,SC
193,344038,129,96157,7935,1414,EC,OC
194,298347,129,96198,7937,2761,RM,OC
195,342020,129,96203,7938,2647,CS,OC
196,219206,129,96252,7940,2708,ME,OC
197,360896,129,96258,7942,1431,CS,BC
198,299041,129,96273,7946,3019,CS,SC
199,314571,129,96279,7948,2719,ME,MBC
200,286615,129,96321,7952,3465,ME,BC
201,365443,129,96335,7954,3920,EC,OC
202,307471,129,96358,7956,2617,MD,MBC
203,229651,129,96370,7958,2634,AD,BC
204,391543,129,96381,7960,3926,CE,OC
205,343996,129,96386,7961,3016,EE,BC
206,325498,129,96398,7963,2710,EC,BCM
207,300497,129,96403,7964,2744,IT,SC
208,300244,129,96410,7965,3460,CS,OC
209,375806,129,96480,7970,3825,CS,SC
210,215160,129,96484,7971,1504,ME,OC
211,315004,129,96486,7972,4972,CS,BC
212,378034,129,96520,7974,3462,EC,OC
213,300480,129,96535,7979,3831,AD,OC
214,313233,129,96539,7980,3812,EE,MBC
215,272465,129,96562,7983,4672,CS,BCM
216,273803,129,96564,7984,4960,CS,SCA
217,350111,129,96579,7985,2611,AM,MBC
218,265773,129,96585,7986,2729,IT,BC
219,356120,129,96594,7988,2634,CB,OC
220,256043,129,96596,7989,2640,ME,OC
221,375536,129,96606,7990,3825,AD,OC
222,268166,129,96612,7991,4969,CS,BC
223,291007,129,96619,7992,2776,AD,BC
224,352388,129,96639,7993,5010,CS,SC
225,296937,129,96661,7995,2642,BM,BC
226,221148,129,96675,7998,2711,CE,BC
227,330880,129,96745,8002,2601,EC,BC
228,214567,129,96758,8004,1307,EC,MBC
229,303523,129,96759,8005,3811,EC,OC
230,252556,129,96801,8008,5942,CS,MBC
231,349520,129,96814,8009,1307,EC,BC
232,317488,129,96818,8010,1310,CS,BC
233,300147,129,96831,8013,4020,EC,SC
234,291616,129,96845,8015,1233,ME,OC
235,232952,129,96852,8017,2731,AD,BC
236,299507,129,96871,8020,3819,EC,BCM
237,281231,129,96874,8022,2610,SC,BC
238,366934,129,96882,8024,2601,CE,OC
239,410562,129,96891,8025,1430,EE,OC
240,378108,129,96892,8026,2727,BT,SC
241,229877,128.75,96893,8027,2601,BT,MBC
242,410187,128.75,96894,8028,2350,ME,OC
243,384022,128.67,96895,8029,3850,CS,OC
244,387944,128.5,96898,8030,1319,CS,MBC
245,296052,128.5,96906,8031,1307,IT,SC
246,293739,128.5,96909,8033,5901,CE,SC
247,365047,128.5,96957,8036,5986,CS,BCM
248,237839,128.5,96964,8037,1216,MD,OC
249,343310,128.5,97013,8040,5915,CS,BC
250,374550,128.5,97015,8041,1507,EC,BC
251,312366,128.5,97033,8044,2618,AD,SC
252,378224,128.5,97036,8045,2609,AE,OC
253,377820,128.5,97040,8046,5865,CE,OC
254,334015,128.5,97052,8048,2617,EE,MBC
255,295976,128.5,97104,8051,2708,ME,SC
256,358691,128.5,97117,8053,2329,XS,BC
257,378329,128.5,97144,8055,2646,AD,SC
258,298421,128.5,97173,8057,3806,ME,OC
259,377164,128.5,97177,8058,1106,CS,SC
260,320442,128.5,97194,8061,1416,PH,MBC
261,316760,128.5,97207,8064,1238,EE,BC
262,357254,128.5,97212,8065,2711,AU,BC
263,323858,128.5,97213,8066,3701,CS,SC
264,299409,128.5,97216,8067,3019,EE,MBC
265,265669,128.5,97225,8068,3804,CS,BC
266,382102,128.5,97252,8071,2632,ME,OC
267,245170,128.5,97269,8075,5919,BT,MBC
268,356690,128.5,97278,8076,3805,EE,MBC
269,285715,128.5,97289,8079,5990,CS,MBC
270,304778,128.5,97302,8081,2708,MZ,OC
271,252610,128.5,97305,8083,5901,CE,BC
272,306134,128.5,97329,8086,1303,IT,OC
273,332796,128.5,97333,8087,3465,CE,SC
274,374117,128.5,97348,8088,4929,EC,SC
275,265194,128.5,97362,8092,5022,EC,MBC
276,367156,128.5,97368,8095,2611,EC,BC
277,295077,128.5,97380,8096,2608,EE,MBC
278,320901,128.5,97388,8097,2633,EC,OC
279,288823,128.5,97405,8098,1304,AU,BC
280,366089,128.5,97433,8102,2632,CS,BCM
281,304954,128.5,97444,8103,3857,EC,OC
282,252862,128.5,97453,8107,1322,ME,OC
283,349382,128.5,97457,8109,1401,EE,MBC
284,386553,128.5,97463,8110,2347,IT,BC
285,328584,128.5,97498,8114,2652,EE,OC
286,345181,128.5,97506,8116,1426,IT,OC
287,306892,128.5,97575,8122,2732,CS,SC
288,366015,128.5,97585,8123,1317,CH,MBC
289,228309,128.5,97588,8124,4959,CS,BC
290,354310,128.5,97593,8125,4960,BT,MBC
291,306286,128.5,97597,8127,1106,IT,BC
292,345493,128.5,97617,8129,3926,EC,BC
293,329071,128,97635,8132,1412,EC,BC
294,390406,128,97643,8133,4981,CS,SC
295,388550,128,97653,8134,2716,BM,BC
296,290455,128,97660,8136,2745,ME,OC
297,232984,128,97663,8137,2744,EC,MBC
298,330962,128,97682,8138,2342,CS,MBC
299,303560,128,97722,8143,3805,CH,SC
300,300391,128,97775,8150,2624,CS,BC
301,333709,128,97781,8151,2640,AD,MBC
302,258230,128,97783,8152,4971,EC,OC
303,323745,128,97800,8153,2345,CS,BCM
304,303598,128,97815,8156,2345,IT,SC
305,286116,128,97819,8157,1217,CS,OC
306,286967,128,97820,8158,3817,ME,MBC
307,311763,128,97835,8160,2727,BT,BC
308,329122,128,97839,8161,2708,MZ,BC
309,389992,128,97844,8164,4670,EE,BC
310,351580,128,97870,8168,2707,IT,SC
311,305121,128,97874,8169,1202,CS,BCM
312,269990,128,97883,8170,2360,AD,OC
313,320780,128,97887,8171,2622,IT,MBC
314,369452,128,97901,8172,2769,CB,MBC
315,230646,128,97920,8174,4971,EC,BC
316,300162,128,97931,8178,2713,CS,MBC
317,266464,128,97940,8180,3806,EC,MBC
318,346943,128,97983,8185,1026,CS,SC
319,365165,128,97988,8186,2632,IT,SC
320,345389,128,98011,8190,2719,RM,SC
321,281290,128,98032,8192,2761,EC,OC
322,310732,128,98039,8194,4934,EC,BC
323,305578,128,98049,8195,3826,ME,SC
324,363555,128,98082,8199,2641,EC,OC
325,308483,128,98090,8201,1426,CS,SC
326,231583,128,98091,8202,1237,EE,OC
327,264719,128,98118,8205,5009,EC,MBC
328,341539,128,98127,8207,3825,EC,MBC
329,370196,128,98143,8209,4931,CS,OC
330,227699,128,98150,8211,4969,CS,MBC
331,294726,128,98160,8212,1401,ME,OC
332,354542,128,98203,8216,1123,IT,MBC
333,315948,128,98214,8218,1118,EC,SC
334,273771,128,98224,8220,1428,CS,MBC
335,331884,128,98251,8223,1452,AD,OC
336,286109,128,98259,8224,5,EE,BC
337,254706,128,98270,8227,2611,CY,BC
338,306742,128,98283,8229,5911,CE,OC
339,245279,128,98284,8230,2750,CB,SC
340,307456,128,98303,8231,5022,CS,SC
341,381371,128,98334,8238,1524,EE,OC
342,359604,128,98335,8239,1442,SC,OC
343,263416,128,98363,8241,3830,AL,MBC
344,362101,127.5,98383,8243,3819,AD,BC
345,317258,127.5,98387,8244,2648,EC,OC
346,238089,127.5,98435,8247,1110,AD,BC
347,339914,127.5,98455,8249,4953,CS,OC
348,236589,127.5,98510,8257,3819,CS,SC
349,317128,127.5,98512,8258,4989,CS,OC
350,237063,127.5,98526,8260,2707,IT,BC
351,288950,127.5,98552,8262,2611,EC,BC
352,288513,127.5,98559,8264,2025,ME,SC
353,284499,127.5,98570,8267,2607,EE,MBC
354,373860,127.5,98610,8272,2749,IT,BC
355,260440,127.5,98619,8273,1149,AD,BCM
356,289198,127.5,98625,8276,3819,EC,SC
357,243981,127.5,98638,8277,2723,ME,SC
358,256779,127.5,98675,8279,1442,CS,SC
359,316958,127.5,98681,8280,1432,ME,BC
360,362423,127.5,98691,8282,1520,EC,BC
361,406484,127.5,98698,8283,1126,SC,OC
362,327323,127.5,98725,8286,1407,CS,OC
363,355886,127.5,98838,8293,1405,AD,BC
364,346557,127.5,98899,8299,1503,CS,OC
365,261158,127.5,98901,8300,1442,AD,OC
366,315950,127.5,98904,8301,1420,IT,MBC
367,293259,127.5,98913,8303,1412,ME,OC
368,289650,127.5,98931,8305,1316,IT,MBC
369,288208,127.5,98936,8306,4974,ME,BC
370,303852,127.5,98953,8311,1243,IT,MBC
371,388343,127.5,98964,8312,1114,EC,SC
372,336618,127.5,99042,8321,2732,EC,MBC
373,317597,127.5,99057,8325,2706,ME,BC
374,390708,127.5,99059,8326,5009,EE,BC
375,293268,127.5,99063,8329,1513,EE,OC
376,328046,127.5,99094,8332,4975,CS,OC
377,337155,127.5,99096,8333,1225,IT,SCA
378,298934,127.5,99103,8336,3926,ME,OC
379,349301,127,99106,8337,2614,CS,BC
380,306416,127,99127,8341,2719,CE,MBC
381,340796,127,99143,8342,4968,EE,OC
382,283671,127,99160,8346,3806,EC,BC
383,393710,127,99177,8349,1213,IT,OC
384,409871,127,99207,8352,3805,CS,BC
385,224620,127,99208,8353,2706,AU,OC
386,285882,127,99215,8356,2369,CE,MBC
387,282636,127,99216,8357,2709,CE,BC
388,212760,127,99233,8362,2717,AD,OC
389,304792,127,99238,8363,2613,EE,BC
390,361790,127,99240,8364,1504,EC,MBC
391,337603,127,99255,8365,1427,IT,MBC
392,348020,127,99274,8367,4678,CB,BC
393,335897,127,99277,8368,1322,EE,SC
394,369040,127,99279,8369,5,CH,MBC
395,303288,127,99287,8370,1509,EI,OC
396,324169,127,99288,8371,2704,MZ,BC
397,324497,127,99316,8375,1015,ME,OC
398,371491,127,99322,8376,2708,ME,MBC
399,340946,127,99323,8377,2611,BM,SCA
400,306974,127,99332,8379,3801,CS,OC
401,345237,127,99345,8381,2624,IT,BC
402,377801,127,99360,8383,1449,AG,MBC
403,366107,127,99374,8384,2652,ME,OC
404,282048,127,99380,8385,2753,AD,OC
405,262974,127,99393,8386,4944,AD,OC
406,335671,127,99401,8388,1517,CS,OC
407,356054,127,99419,8391,3844,CS,BC
408,297007,127,99420,8392,4928,EE,MBC
409,288529,127,99433,8393,2621,CS,BC
410,365018,127,99438,8394,2653,ME,BC
411,250038,127,99449,8398,2706,CE,OC
412,313067,127,99479,8400,2328,BM,BC
413,228039,127,99486,8401,2641,CE,OC
414,374593,127,99535,8406,2652,EC,OC
415,218216,127,99536,8407,2609,EE,MBC
416,253157,127,99538,8409,3820,CS,OC
417,409444,127,99547,8411,4917,BM,MBC
418,353992,127,99550,8412,2653,ME,MBC
419,264029,127,99591,8416,1405,AD,BC
420,256482,127,99598,8417,2025,ME,BC
421,263739,127,99600,8418,1110,BT,BC
422,377314,127,99605,8419,3019,ME,OC
423,352527,127,99627,8424,1408,AD,MBC
424,317339,127,99652,8426,1216,CH,MBC
425,206202,127,99685,8429,5913,EC,MBC
426,287494,127,99687,8430,2608,CS,SC
427,297911,127,99695,8433,2621,CS,BC
428,356703,127,99715,8436,1516,ME,BC
429,218437,127,99717,8437,4917,CB,BC
430,336462,127,99718,8438,1202,AD,OC
431,365922,127,99744,8439,1420,EC,BC
432,337926,127,99747,8440,3701,EC,BC
433,283868,127,99755,8442,3830,EE,MBC
434,249875,127,99783,8450,1202,AD,MBC
435,306788,127,99785,8451,2618,EE,SC
436,383048,127,99794,8453,1322,FD,SC
437,320996,127,99796,8454,2650,CS,MBC
438,257925,127,99800,8455,1210,ME,OC
439,347005,126.5,99819,8462,4964,CS,BC
440,378643,126.5,99831,8463,2731,EC,SC
441,325046,126.5,99845,8466,2328,ME,OC
442,352874,126.5,99870,8468,5902,ME,OC
443,390056,126.5,99887,8471,2341,CS,OC
444,256501,126.5,99906,8472,2610,BM,SC
445,314073,126.5,99917,8473,4959,AD,BC
446,296807,126.5,99935,8474,3826,ME,BC
447,363153,126.5,99956,8476,2658,CE,OC
448,318870,126.5,99959,8477,3908,CE,BC
449,236204,126.5,99997,8481,2739,ME,BC
450,329971,126.5,100027,8486,2702,ME,SC
451,367973,126.5,100032,8487,4961,EE,BC
452,337989,126.5,100056,8491,1318,CS,MBC
453,341126,126.5,100066,8492,2627,IT,BC
454,314482,126.5,100096,8498,2625,CH,OC
455,288790,126.5,100105,8501,1114,AD,SC
456,379892,126.5,100106,8502,2638,EC,OC
457,206275,126.5,100107A,8502A,2659,CS,BC
458,353155,126.5,100140,8507,2618,ME,MBC
459,227691,126.5,100151,8510,4917,EC,MBC
460,381658,126.5,100172,8515,3810,CS,BC
461,363349,126.5,100197,8519,2743,AD,SC
462,410130,126.5,100198,8520,2642,CE,SC
463,362272,126.5,100202,8522,2707,EC,MBC
464,350690,126.5,100255,8528,2706,CE,MBC
465,240216,126.5,100264,8529,2357,EC,MBC
466,365517,126.5,100265,8530,3805,CE,MBC
467,242112,126.5,100297,8531,1310,IT,OC
468,300397,126.5,100302,8532,2715,IT,SC
469,256381,126.5,100307,8533,2338,AG,SC
470,353979,126.5,100318,8536,4975,ME,OC
471,293047,126.5,100335,8537,2763,CS,MBC
472,210694,126.5,100358,8538,1118,ME,OC
473,312328,126.5,100379,8541,2763,EC,MBC
474,243313,126.5,100396,8543,2712,TX,MBC
475,226342,126.5,100398,8544,2357,AD,BC
476,347648,126.5,100407,8546,3805,PH,MBC
477,255767,126.5,100409,8547,3918,EE,OC
478,334148,126.5,100418,8549,2618,MZ,BC
479,332385,126.5,100434,8551,4970,EE,MBC
480,365416,126.5,100448,8556,1416,CS,MBC
481,319614,126.5,100464,8558,3410,EE,OC
482,252953,126.5,100469,8560,1401,CH,OC
483,366553,126.5,100499,8564,1150,AG,BC
484,357857,126.5,100515,8566,1225,AD,BC
485,303935,126.5,100528,8567,4678,EC,OC
486,341751,126.5,100547,8569,4941,CS,SC
487,282764,126.5,100563,8570,3829,EC,BC
488,334664,126.5,100583,8573,2716,EC,MBC
489,323964,126.5,100585,8574,3829,ME,OC
490,338583,126.5,100591,8576,3019,EE,SC
491,334352,126,100608,8582,5,EE,MBC
492,320232,126,100610,8583,2752,EE,BC
493,298333,126,100611,8584,1101,CS,OC
494,374374,126,100619,8585,5915,EE,BC
495,297532,126,100626,8587,5,CH,BC
496,387765,126,100667,8595,2611,AG,MBC
497,341939,126,100676,8596,1207,BM,MBC
498,405606,126,100678,8597,1523,IT,BC
499,314875,126,100679,8598,3805,ME,OC
500,340366,126,100685,8599,4020,CS,SC
501,366671,126,100688,8601,4023,XC,OC
502,251458,126,100695,8603,4971,AD,OC
503,337621,126,100711,8606,1412,EC,BC
504,324536,126,100713,8607,1412,EC,BC
505,336713,126,100735,8612,5902,AD,MBC
506,382865,126,100763,8615,3760,AG,SC
507,247536,126,100773,8616,2708,AG,BC
508,388243,126,100785,8620,2327,EC,BCM
509,337271,126,100871,8630,3461,EE,BC
510,387730,126,100872,8631,4024,XC,OC
511,374165,126,100902,8632,1218,IT,BC
512,302389,126,100907,8634,1114,CS,SC
513,315790,126,100920,8636,4023,EE,BC
514,391586,126,100927,8637,2642,CE,MBC
515,337695,126,100934,8638,3803,EE,OC
516,314127,126,100946,8639,2622,AD,SC
517,330801,126,100954,8640,4020,ME,OC
518,296424,126,100989,8642,4964,ME,OC
519,357399,126,101011,8644,2743,ME,BC
520,276864,126,101014,8645,2622,EE,BC
521,230400,126,101038,8649,1217,BM,OC
522,296890,126,101096,8653,2708,MZ,MBC
523,304827,126,101116,8655,5988,CS,MBC
524,387027,126,101124,8657,3860,CS,SC
525,265339,126,101136,8658,2726,BM,MBC
526,275512,126,101139,8659,2610,BT,OC
527,331283,126,101150,8660,2627,BM,BC
528,331218,126,101157,8663,2706,ME,MBC
529,328413,126,101164,8665,5911,CS,OC
530,269133,126,101173,8667,3803,IT,BC
531,311808,126,101178,8668,1525,CS,BC
532,335519,126,101206,8671,1207,IT,SC
533,314743,126,101211,8672,2723,EE,BC
534,338027,126,101230,8676,2622,ME,BC
535,301714,126,101244,8678,2634,CB,BC
536,243956,126,101251,8680,1409,RM,OC
537,362597,126,101299,8682,3805,BM,MBC
538,306233,126,101308,8685,3819,AD,MBC
539,365371,126,101315,8688,2601,CH,OC
540,273897,126,101319A,8688A,2761,CS,OC
541,289672,125.99,101353,8695,2652,ME,MBC
542,311747,125.695,101356,8696,2758,AU,OC
543,289412,125.5,101360,8698,2646,EC,OC
544,322966,125.5,101361,8699,2608,ME,OC
545,275309,125.5,101382,8702,1207,AD,OC
546,239583,125.5,101436,8704,3011,ME,MBC
547,284783,125.5,101456,8706,2610,AD,BC
548,244768,125.5,101481,8709,2601,AE,BC
549,289067,125.5,101484,8710,2610,EE,BC
550,363235,125.5,101503,8712,2646,EC,OC
551,292343,125.5,101512,8713,2683,BM,BC
552,333740,125.5,101519,8715,2609,EE,BC
553,357645,125.5,101553,8718,3860,EC,MBC
554,307260,125.5,101587,8722,3795,ME,OC
555,272459,125.5,101612,8723,5988,EC,OC
556,247592,125.5,101626,8725,1207,IT,BC
557,290904,125.5,101673,8730,2719,BM,MBC
558,322806,125.5,101676,8731,2731,PD,OC
559,314684,125.5,101677,8732,1222,IT,BC
560,312541,125.5,101678,8733,1322,EC,BC
561,283296,125.5,101724,8737,2726,MZ,OC
562,302183,125.5,101741,8740,3811,AD,MBC
563,331899,125.5,101756,8742,3786,EC,BC
564,207689,125.5,101777,8744,2360,AD,BC
565,349228,125.5,101782,8746,2347,EC,SC
566,355475,125.5,101843,8754,1228,CS,BC
567,354527,125.5,101854,8756,2651,FT,BC
568,223619,125.5,101855,8757,2608,EE,BC
569,411504,125.5,101892,8759,2611,IT,SC
570,368189,125.5,101900,8760,4959,EE,OC
571,340363,125.5,101931,8762,1133,EC,OC
572,363871,125.5,101932,8763,3701,AL,MBC
573,238498,125.5,101935,8764,1301,EC,MBC
574,220144,125.5,101961,8767,1311,EC,MBC
575,367178,125.5,101971,8768,3805,FD,BC
576,283763,125.5,101991,8770,1401,EE,BC
577,398003,125.5,102001,8773,4931,CS,OC
578,322019,125.5,102006,8774,3462,CE,OC
579,320505,125.5,102022,8776,1218,PH,OC
580,369203,125.5,102026,8777,2659,IT,OC
581,343052,125.5,102028,8778,2748,CS,BC
582,377410,125.5,102032,8779,2727,BM,MBC
583,313145,125.5,102052,8780,1207,EC,OC
584,322970,125.5,102053,8781,2632,EE,OC
585,280726,125.5,102064,8784,3805,AD,BC
586,367123,125.5,102067,8786,3846,CS,OC
587,249882,125.5,102087,8790,1520,CS,BC
588,344506,125,102105,8793,2647,CS,MBC
589,277670,125,102139,8796,3461,AD,OC
590,411582,125,102142,8798,2639,IT,SC
591,248599,125,102151,8801,3464,EE,SC
592,310496,125,102260,8811,4917,CD,OC
593,347187,125,102265,8812,2634,FD,SC
594,389789,125,102282,8816,1437,CS,MBC
595,255799,125,102294,8819,3813,CS,BC
596,301521,125,102305,8820,4678,EC,BC
597,369787,125,102327,8823,2634,AG,BC
598,273739,125,102342,8825,2625,CS,BC
599,241436,125,102348,8827,4670,ME,OC
600,298273,125,102365,8830,3843,ME,OC
601,327885,125,102366,8831,5901,ME,SCA
602,406479,125,102377,8834,3803,IT,MBC
603,335373,125,102378,8835,1013,EC,SC
604,274709,125,102405,8837,5904,AD,OC
605,372945,125,102410,8838,2360,EC,OC
606,347677,125,102417,8840,1422,ME,MBC
607,313750,125,102420,8841,2617,RM,OC
608,342320,125,102437,8842,3831,AD,BC
609,364895,125,102452,8843,2607,EE,BC
610,297738,125,102486,8847,2611,ME,OC
611,218845,125,102494,8848,1217,CS,BC
612,289278,125,102496,8849,3857,CE,OC
613,391695,125,102512,8850,1322,BM,BC
614,403518,125,102517,8851,4917,CS,SC
615,293353,125,102519,8852,1210,ME,BC
616,335023,125,102531,8853,2612,EC,OC
617,405878,125,102544,8854,3820,CE,OC
618,336991,125,102575,8858,1325,AD,MBC
619,247212,125,102618,8863,2302,CS,BCM
620,287742,125,102642,8865,5862,BM,BC
621,320500,125,102645,8867,1216,EC,SC
622,409122,125,102648,8869,1313,BM,OC
623,411091,125,102659,8869A,1319,CS,BC
624,325718,125,102678,8872,1405,EC,OC
625,305387,125,102680,8874,1122,CH,SC
626,295828,125,102687,8875,1126,CS,MBC
627,406303,125,102689,8876,2769,AD,MBC
628,353098,125,102691,8877,1412,ME,OC
629,277018,125,102709,8881,4933,EC,OC
630,382950,125,102715,8883,3810,CS,MBC
631,386833,125,102720,8884,3821,AG,OC
632,223311,125,102739,8889,2630,AD,BC
633,331289,125,102741,8890,3454,AG,BC
634,305545,125,102775,8892,1424,CS,BC
635,367565,125,102791,8893,1402,EE,OC
636,337439,125,102795,8894,3843,EC,SC
637,387998,125,102801,8896,2601,EE,BC
638,267737,125,102808,8897,1408,AL,BC
639,311751,125,102821,8899,2611,MC,OC
640,408383,125,102826,8902,1123,EC,BC
641,285240,125,102827,8903,2610,BT,MBC
642,291477,125,102828,8904,2761,CS,BC
643,358101,125,102847,8908,1110,IT,SC
644,315051,125,102853,8910,3831,AD,MBC
645,351258,124.5,102883,8916,5910,BM,MBC
646,379664,124.5,102892,8918,4964,AE,OC
647,387121,124.5,102904,8920,1126,AD,OC
648,380829,124.5,102909,8921,3465,CE,MBC
649,315732,124.5,102935,8923,4994,CS,MBC
650,394578,124.5,102974,8926,2683,AG,OC
651,304987,124.5,102985,8929,2357,AD,BC
652,243196,124.5,102988,8931,4978,CS,OC
653,267225,124.5,102999,8932,4023,EE,SC
654,368590,124.5,103015,8934,2659,IT,BC
655,386208,124.5,103016,8935,2354,ME,OC
656,307252,124.5,103031,8936,1222,EC,OC
657,273336,124.5,103054,8939,1517,CS,OC
658,343512,124.5,103062,8940,2761,IT,SC
659,275047,124.5,103124,8950,2749,EC,BC
660,349308,124.5,103136,8951,2707,ME,OC
661,242244,124.5,103153,8954,1316,CE,OC
662,312406,124.5,103170,8955,1412,CE,OC
663,281452,124.5,103186,8960,3846,AD,OC
664,348643,124.5,103214,8962,1509,EC,MBC
665,281480,124.5,103219,8964,5910,CE,OC
666,254007,124.5,103236,8965,2314,AD,BC
667,323736,124.5,103259,8966,2739,EC,SC
668,291591,124.5,103279,8970,5915,ME,MBC
669,388110,124.5,103293,8972,4956,CS,BC
670,376125,124.5,103306,8974,2665,CS,SC
671,347600,124.5,103312,8975,2633,CS,SC
672,324753,124.5,103313,8976,1303,AD,OC
673,262083,124.5,103319,8978,3801,CS,BC
674,276675,124.5,103329,8979,4917,CD,BC
675,314171,124.5,103368,8984,2607,TX,MBC
676,215765,124.5,103386,8987,1307,BM,MBC
677,295082,124.5,103405,8990,1313,CS,OC
678,383040,124.5,103415,8991,1409,BT,BC
679,366814,124.5,103480,8995,2360,AD,MBC
680,333181,124.5,103485,8996,3464,CE,MBC
681,299340,124.5,103584,9003,3811,CS,MBC
682,342964,124.5,103602,9007,1237,EC,MBC
683,336982,124.5,103630,9008,2621,CB,MBC
684,319377,124.5,103644,9009,2708,ME,BC
685,350553,124.485,103649,9010A,3811,BM,BC
686,348404,124,103662,9012,2611,EC,BC
687,360522,124,103676,9014,3811,CS,BC
688,363092,124,103681,9016,2752,EE,MBC
689,244355,124,103684,9017,2636,EE,BC
690,336986,124,103693,9019,2611,BM,BC
691,301875,124,103701,9021,4680,CE,OC
692,284092,124,103720,9023,3795,EC,BC
693,368496,124,103726,9024,2624,BT,SC
694,239804,124,103735,9026,1243,CS,OC
695,377746,124,103776,9032,5502,ME,OC
696,341235,124,103787,9033,5,CZ,OC
697,327249,124,103795,9034,1150,BM,OC
698,230035,124,103808,9036,2651,FT,MBC
699,308694,124,103813,9037,1230,CS,MBC
700,308242,124,103863,9040,2611,CI,MBC
701,388103,124,103889,9042,2749,AD,BC
702,330432,124,103944,9047,2767,AD,MBC
703,347087,124,103948,9048,2736,EE,OC
704,302503,124,103963,9051,1304,CE,OC
705,222726,124,103968,9052,3829,EE,BC
706,272949,124,104008,9056,4676,ME,OC
707,386601,124,104016,9058,1237,AD,BC
708,316173,124,104020,9059,2648,EC,BC
709,262376,124,104021,9060,1324,ME,BC
710,390309,124,104027,9061,5913,CS,BC
711,376863,124,104047,9064,4933,CS,BC
712,319304,124,104061,9065A,2716,TX,MBC
713,333595,124,104088,9068,3701,EE,OC
714,354554,124,104155,9078,5832,CE,OC
715,286874,124,104174,9081,3810,EI,OC
716,258630,124,104202,9082,2725,ME,OC
717,361039,124,104207,9084,3018,EC,OC
718,239627,124,104208,9085,4917,AM,MBC
719,314916,124,104216,9087,3852,EC,MBC
720,338544,124,104218,9088,1405,CS,SC
721,331409,124,104227,9090,3807,IT,BC
722,379367,124,104229,9092,1228,BM,MBC
723,284624,124,104231,9093,4941,EC,BC
724,213992,124,104255,9095,4980,EC,BC
725,314942,124,104261,9096,1127,BT,BC
726,354246,124,104273,9097,4949,EC,OC
727,290535,124,104274,9098,4946,ME,OC
728,376295,124,104294,9100,2632,EC,SC
729,276234,124,104321,9101,2711,CH,MBC
730,329993,124,104347,9104,1420,AD,OC
731,257464,124,104357,9105,1013,XM,OC
732,277309,124,104371,9107,5022,EE,OC
733,338243,124,104396,9109,1434,EC,OC
734,336594,124,104397,9110,3805,BM,BC
735,346935,124,104419,9114,1437,CS,SC
736,240117,124,104426,9115,1517,IT,BC
737,335754,124,104428,9116,5832,EE,MBC
738,404468,123.835,104447,9122,1317,ME,MBC
739,317053,123.5,104457,9125,5,CH,BC
740,344843,123.5,104464,9126,2611,EE,OC
741,252707,123.5,104465,9127,2768,CS,BC
742,322543,123.5,104474,9128,1118,AD,SC
743,273276,123.5,104478,9129,3812,CS,MBC
744,230900,123.5,104492,9132,2776,AU,OC
745,363134,123.5,104505,9134,3905,EC,SC
746,373427,123.5,104509,9135,1523,CS,BC
747,358105,123.5,104511,9136,2749,EC,MBC
748,217363,123.5,104545,9137A,1222,CS,BC
749,371389,123.5,104570,9139,1430,CS,OC
750,289169,123.5,104621,9150,1512,CS,MBC
751,252579,123.5,104625,9152,1226,EC,BC
752,294974,123.5,104646,9154,4974,ME,BC
753,295130,123.5,104659,9156,5,MM,OC
754,333955,123.5,104676,9157,2717,EC,OC
755,342028,123.5,104686,9158,2302,ME,OC
756,390144,123.5,104701,9160,2707,AD,BC
757,242409,123.5,104704,9161,1101,CS,OC
758,300168,123.5,104727,9164,2713,CE,OC
759,332853,123.5,104732,9165,1207,IT,MBC
760,323023,123.5,104739,9166,2656,ME,BC
761,239830,123.5,104743,9167,3811,ME,OC
762,345030,123.5,104746,9168,2611,PH,MBC
763,290399,123.5,104749,9169,2707,AD,BC
764,338010,123.5,104760,9171,1412,AD,BC
765,275681,123.5,104785,9173,2716,IT,OC
766,357181,123.5,104787,9174,4959,CS,MBC
767,321405,123.5,104793,9176,4976,CS,OC
768,314403,123.5,104887,9185,5865,EC,BC
769,297212,123.5,104891,9186,3011,ME,MBC
770,409404,123.5,104912,9191,2625,CS,SC
771,387167,123.5,104930,9192,1207,AD,BC
772,291729,123.5,104944,9193,5904,EE,OC
773,391678,123.5,104976,9198,2640,EC,OC
774,355202,123.5,104977,9199,2634,ME,BC
775,243832,123.5,104981,9200,1149,AD,SC
776,353849,123.5,104994,9201,4993,CS,MBC
777,352494,123.5,105020,9204,4949,MU,OC
778,386743,123.5,105034,9205,2753,AD,BC
779,369371,123.5,105080,9210,5532,EC,BC
780,274323,123.5,105102,9212,2762,CS,MBC
781,279149,123.5,105119,9213,2747,CS,BC
782,251641,123.5,105123,9215,1202,EC,BC
783,291441,123.5,105132,9218,2711,EE,SC
784,291346,123.5,105137,9219,1605,CS,SC
785,358242,123.5,105168,9223,2614,TX,OC
786,343354,123.5,105197,9229,2729,ME,OC
787,365861,123.5,105199,9230,2736,EE,MBC
788,219574,123.5,105223,9233,5865,CE,BC
789,250113,123.5,105229,9235,2608,EC,SC
790,359663,123.5,105238,9238,1442,CS,BC
791,328764,123.5,105247,9243,3817,CE,MBC
792,347457,123.19,105260,9248,2715,CE,OC
793,260485,123,105266,9249,1233,AD,MBC
794,323066,123,105328,9258,3795,EE,BC
795,365490,123,105365,9262,2607,ME,OC
796,353283,123,105377,9265,2624,CH,SC
797,284898,123,105455,9276,2755,IT,BCM
798,368644,123,105465,9278,3786,MZ,OC
799,386253,123,105466,9279,2611,CH,OC
800,349246,123,105556,9286,2360,AD,SC
801,344488,123,105582,9289,2641,EC,MBC
802,202156,123,105602,9293,1241,CS,BC
803,200338,123,105616,9295,2769,CS,SC
804,408943,123,105643,9298,3786,BM,BC
805,269045,123,105648,9300,5862,AU,OC
806,268313,123,105660,9304,3454,BM,BC
807,369623,123,105662,9305,2769,CS,BCM
808,297648,123,105665,9306,3814,CS,OC
809,254183,123,105683,9308,1452,CS,MBC
810,211937,123,105699,9310,2727,CS,SC
811,411716,123,105700,9311,3829,EE,MBC
812,276303,123,105702,9312,2623,AD,BC
813,301070,123,105709,9314,5986,ME,MBC
814,313356,123,105710,9315,2729,EC,SC
815,287419,123,105756,9318,1230,CS,BC
816,293547,123,105757,9319,2739,EC,SC
817,216762,123,105795,9325,1316,CS,BC
818,306292,123,105833,9332,2715,EC,SCA
819,329313,123,105837,9334,3701,AL,BC
820,204492,123,105846,9336,5009,ME,BC
821,239123,123,105859,9338,1114,EE,SC
822,359065,123,105868,9342,2646,CS,MBC
823,373055,123,105869,9343,5865,EE,BC
824,333857,123,105874,9344,2610,EE,BC
825,339465,123,105876,9346,4957,IT,MBC
826,281595,123,105898,9348,4960,CE,BC
827,363219,123,105907,9350,2643,EE,MBC
828,336444,123,105912,9352,1210,ME,MBC
829,276509,123,105929,9354,2638,EC,BC
830,210505,123,105963,9363,1316,MZ,BC
831,242865,123,105971,9366,5919,CS,BC
832,303072,122.5,105979,9369,1512,CS,SC
833,285432,122.5,105981,9370,3806,ME,BC
834,296370,122.5,105989,9371,2769,CB,BC
835,372704,122.5,105992,9373,2734,AD,SCA
836,301837,122.5,106009,9374,2711,CH,MBC
837,351319,122.5,106017,9377,3926,ME,OC
838,307791,122.5,106021,9378,1316,AO,OC
839,258952,122.5,106022,9379,2761,AD,OC
840,228699,122.5,106025,9380,1518,CS,BC
841,329945,122.5,106075,9389,2744,CE,BC
842,334207,122.5,106089,9392,4994,ME,OC
843,214867,122.5,106092,9393,1324,AD,SC
844,208375,122.5,106099,9395,4670,BM,OC
845,344244,122.5,106116,9399,2345,AG,BC
846,340325,122.5,106145,9403,3786,BM,MBC
847,350764,122.5,106153,9405,2768,EC,OC
848,322246,122.5,106163,9409,3809,EC,OC
849,281566,122.5,106179,9412,4999,AD,BC
850,333932,122.5,106208,9418,3820,CS,OC
851,350842,122.5,106216,9419,1510,CS,MBC
852,405956,122.5,106219,9421,2706,EE,SC
853,228549,122.5,106238,9424,5,EC,BC
854,411736,122.5,106254,9426,4962,CE,BC
855,274189,122.5,106271,9430,2673,EC,MBC
856,233839,122.5,106277,9431,2367,CS,BC
857,326767,122.5,106284,9432,5703,CE,OC
858,300231,122.5,106287,9434,1519,CS,MBC
859,278404,122.5,106297,9436,4020,GI,MBC
860,345892,122.5,106339,9440,2761,SC,OC
861,321603,122.5,106360,9443,3829,CS,BC
862,259524,122.5,106367,9445,2737,EC,OC
863,336430,122.5,106395,9448,1420,AD,BC
864,246433,122.5,106404,9449,1407,CS,MBC
865,349392,122.5,106495,9460,1426,CS,MBC
866,298345,122.5,106525,9461,2611,CY,BC
867,336612,122.5,106541,9466,5914,CS,OC
868,371705,122.5,106549,9467,2715,ME,BC
869,266030,122.5,106559,9470,2769,FD,BC
870,345663,122.5,106564,9471,4978,BM,BC
871,284496,122.5,106593,9476,4675,CS,MBC
872,210877,122.5,106602,9478,2354,CS,BC
873,387911,122.5,106612,9481,2659,CE,OC
874,318451,122.5,106622,9483,2718,MZ,SC
875,326921,122.5,106642,9484,2611,MC,MBC
876,363133,122.5,106645,9485,4996,CS,BC
877,321301,122.5,106663,9487,3018,EC,BC
878,253790,122.5,106688,9489,2708,ME,BC
879,247081,122.5,106700,9491,3812,EC,OC
880,291218,122.5,106708,9492,1149,ME,OC
881,267837,122.5,106716,9494,1437,IT,BC
882,342686,122.5,106739,9497,1434,EC,MBC
883,342235,122.5,106746,9499,3011,CE,MBC
884,345829,122.5,106756,9501,3817,EE,BC
885,369875,122,106780,9506,4999,EC,OC
886,347046,122,106806,9510,5902,IT,BC
887,323897,122,106811,9511,4993,IT,MBC
888,301221,122,106823,9512,2628,AM,MBC
889,263123,122,106850,9517,1210,ME,MBC
890,315601,122,106852,9518,1449,CS,BC
891,350177,122,106867,9520,2613,ME,MBC
892,357828,122,106886,9522,1511,CS,BC
893,305643,122,106888,9523,2706,AU,BC
894,297247,122,106917,9528,1510,CS,BC
895,229574,122,106931,9530,1310,CB,BC
896,287218,122,106937,9531,1322,ME,MBC
897,346175,122,106965,9533,5,EI,SC
898,388277,122,106969,9534,2647,IT,OC
899,265058,122,106992,9537,4944,IT,BC
900,211370,122,107022,9541,2751,CB,SC
901,361118,122,107051,9546,1325,ME,BC
902,354132,122,107054,9548,4672,EE,OC
903,307423,122,107060,9550,4677,CS,BC
904,376119,122,107125,9557,2609,CY,BC
905,290872,122,107136,9558,3018,CS,SC
906,311563,122,107154,9559,2343,HT,SC
907,400650,122,107157,9560,2628,ME,OC
908,368792,122,107178,9563,1408,EE,SC
909,232686,122,107195,9564,2603,ME,BC
910,382144,122,107204,9566,2776,AG,MBC
911,288976,122,107211,9567,1434,EE,MBC
912,309842,122,107243,9573,4955,CB,BC
913,337686,122,107260,9577,3805,RM,OC
914,282663,122,107270,9578,5022,EC,SC
915,363203,122,107278,9579,1516,ME,SC
916,300656,122,107293,9582,3019,EC,SC
917,321766,122,107298,9584,2357,AD,MBC
918,202264,122,107333,9588,5862,CS,OC
919,237833,122,107366,9592,1014,IT,SCA
920,281522,122,107423,9604,3021,EC,SC
921,281837,122,107430,9605,2622,AD,BC
922,388328,122,107436,9606,2706,ME,SC
923,243544,121.75,107495,9618,2652,AD,BC
924,297274,121.5,107505,9621,2707,EE,MBC
925,274529,121.5,107514,9623,1241,AD,OC
926,256664,121.5,107523,9625,5988,EC,BC
927,262958,121.5,107533,9627,1212,BM,OC
928,268275,121.5,107541,9629,3801,IT,BC
929,301079,121.5,107549,9630,2625,AD,BC
930,359886,121.5,107563,9632,1405,CS,BC
931,326528,121.5,107568,9635,2610,ME,OC
932,300330,121.5,107574,9636,5910,EE,OC
933,312123,121.5,107584,9637,2745,EC,SC
934,280013,121.5,107603,9640,2732,CS,MBC
935,266918,121.5,107604,9641,5017,CS,BC
936,299206,121.5,107612,9642,3805,ME,OC
937,299771,121.5,107620,9644,2719,ME,BC
938,406041,121.5,107646,9646,1426,IT,SC
939,257353,121.5,107658,9649,2729,EE,MBC
940,216291,121.5,107665,9651,2750,EE,SC
941,300963,121.5,107694,9654,5009,CE,BC
942,370509,121.5,107696,9655,2617,CS,SC
943,300844,121.5,107709,9661,1317,AL,SC
944,329310,121.5,107714,9664,4949,CS,MBC
945,397865,121.5,107716,9665,2633,EC,BC
946,238317,121.5,107738,9667,4960,CE,BC
947,308989,121.5,107756,9670,2776,MZ,BC
948,376009,121.5,107812,9679,2640,CS,BCM
949,373520,121.5,107822,9681,1445,CS,OC
950,226516,121.5,107823,9682,2745,ME,BC
951,358069,121.5,107826,9683,2628,AM,BC
952,375861,121.5,107878,9687,2349,RM,OC
953,382712,121.5,107884,9689,5022,XC,BC
954,246734,121.5,107885,9690,4962,ME,OC
955,268926,121.5,107897,9691,2726,EE,MBC
956,305937,121.5,107899,9692,2354,ME,MBC
957,284796,121.5,107912,9694,2758,CS,MBC
958,213594,121.5,107923,9696,2607,CS,BCM
959,393152,121.5,107931,9697,3019,ME,MBC
960,299455,121.5,107942,9699,1118,ME,BC
961,308103,121.5,107970,9702,2763,MZ,OC
962,307936,121.5,108018,9709,3782,EE,OC
963,366266,121.5,108071,9717,1525,ME,OC
964,293762,121.5,108104,9720,3814,CS,BC
965,344729,121.5,108115,9722,1505,CS,SC
966,288789,121.5,108118,9723,2612,CS,BC
967,340944,121.5,108139,9726,4967,CE,OC
968,268382,121.5,108152,9728,2747,ME,OC
969,208226,121.5,108206,9735,2611,EE,BC
970,333833,121.5,108210,9737,1408,CS,BCM
971,227321,121.5,108225,9740,2772,CS,OC
972,382442,121.5,108227,9741,4678,AD,OC
973,378240,121.5,108230,9743,2651,CS,SC
974,372509,121.5,108237,9745,2611,ME,OC
975,362429,121.5,108243,9747,2609,CE,OC
976,345238,121.5,108252,9749,1445,CS,MBC
977,337560,121.5,108254,9751,5902,EE,OC
978,321984,121.5,108260,9753,2755,AG,MBC
979,327098,121.055,108270,9756,1210,ME,MBC
980,230548,121,108279,9758,4972,EC,OC
981,255852,121,108281,9759,2621,EC,BC
982,402450,121,108287,9761,1430,CS,BC
983,353918,121,108323,9769,5921,AD,OC
984,308355,121,108348,9774,2602,EC,OC
985,289927,121,108359,9777,1420,EC,MBC
986,305262,121,108382,9780,1507,IT,MBC
987,389872,121,108383,9781,3817,ME,SC
988,243209,121,108387,9782,1243,CS,BC
989,341011,121,108392,9783,4970,EE,BC
990,244139,121,108397,9784,1533,AD,SC
991,275639,121,108414,9789,1519,EE,OC
992,209959,121,108438,9791,1512,IT,MBC
993,217782,121,108449,9792,2768,EC,BC
994,268703,121,108454,9793,2708,CE,MBC
995,406852,121,108460,9795,2625,IT,SC
996,270131,121,108466,9797,4676,CS,BC
997,330657,121,108470,9798,3786,EC,MBC
998,255744,121,108471,9799,4917,CB,MBC
999,403629,121,108496,9803,2628,SC,MBC
1000,378831,121,108524,9806,2727,FD,SC
1001,406271,121,108573,9816,2611,BT,SC
1002,334824,121,108598,9818,4994,CS,SC
1003,274248,121,108609,9819,4669,CS,BC
1004,398441,121,108615,9820,2651,EE,SC
1005,339786,121,108684,9828,2707,CS,MBC
1006,366135,121,108707,9831,2772,AD,OC
1007,254369,121,108710,9832,2726,BM,BC
1008,357851,121,108771,9838,2623,BM,OC
1009,240350,121,108806,9844,4917,EE,OC
1010,288765,121,108855,9847,4980,EC,MBC
1011,211314,121,108856,9848,2723,IT,SC
1012,326160,121,108858,9849,2628,BM,BC
1013,284717,121,108917,9853,2659,AD,BC
1014,310904,121,108924,9855,3920,CS,MBC
1015,296874,121,108930,9856,1441,ME,OC
1016,325881,120.5,108970,9862,2723,EC,SC
1017,295013,120.5,108995,9864,3801,CS,MBC
1018,309436,120.5,109001,9865,1211,RM,BCM
1019,308118,120.5,109016,9868,3807,EE,OC
1020,254402,120.5,109045,9872,5904,EC,OC
1021,388107,120.5,109060,9874,2716,IT,MBC
1022,387832,120.5,109061,9875,2707,XM,OC
1023,311267,120.5,109065,9876,3018,EC,SC
1024,333381,120.5,109098,9880,2640,EC,MBC
1025,226224,120.5,109102,9881,3811,AD,BC
1026,372769,120.5,109103,9882,3782,ME,OC
1027,345248,120.5,109106,9883,2609,ME,OC
1028,235350,120.5,109138,9890,2705,IT,BC
1029,268481,120.5,109145,9891,3018,EE,OC
1030,271118,120.5,109146,9892,4974,ME,BCM
1031,231720,120.5,109158,9893,4955,AD,OC
1032,256354,120.5,109197,9897,5009,EE,SC
1033,204378,120.5,109208,9898,2611,AE,OC
1034,314826,120.5,109234,9900,1120,ME,OC
1035,332559,120.5,109257,9903,2622,EC,BC
1036,240652,120.5,109259,9904,3843,ME,MBC
1037,369067,120.5,109264,9905,2726,FD,MBC
1038,320480,120.5,109278,9908,2345,ME,OC
1039,337980,120.5,109279,9909,2706,EC,SC
1040,316944,120.5,109341,9914,1210,IT,BCM
1041,319162,120.5,109363,9915,4978,BT,OC
1042,387066,120.5,109372,9916,2729,ME,BC
1043,268665,120.5,109382,9918,2749,SC,BC
1044,349957,120.5,109384,9919,2731,ME,SC
1045,351940,120.5,109396,9921,2770,EE,BC
1046,403488,120.5,109399,9923,3926,EC,MBC
1047,296898,120.5,109405,9924,1416,BM,OC
1048,341527,120.5,109418,9928,2625,CE,BC
1049,362086,120.5,109428,9929,1525,EC,OC
1050,258436,120.5,109456,9932,2609,ME,MBC
1051,295334,120.5,109467,9934,2761,AD,BC
1052,281339,120.5,109471,9936,1504,BT,OC
1053,223753,120.5,109492,9940,1243,SC,OC
1054,290303,120.5,109525,9944,5010,EE,SC
1055,365354,120.5,109528,9945,2623,CS,SC
1056,310021,120.5,109597,9953,1241,EE,OC
1057,406313,120.5,109600,9955,2601,EE,BC
1058,375217,120.5,109647,9964,1441,EC,SC
1059,308460,120.5,109651,9967,2638,CS,OC
1060,268823,120.5,109682,9970,1432,CB,SC
1061,229797,120,109741,9981,3811,BM,MBC
1062,286995,120,109750,9983,2611,MC,BC
1063,368455,120,109756,9985,2622,CO,BC
1064,329910,120,109772,9987,5904,EC,BC
1065,296629,120,109783,9989,2622,CB,MBC
1066,226138,120,109804,9992,5862,AG,MBC
1067,289365,120,109816,9994,2702,MC,SC
1068,354455,120,109828,9995,4974,ME,MBC
1069,267678,120,109834,9997,1319,AD,BC
1070,311054,120,109836,9998,1149,ME,MBC
1071,374818,120,109849,9999,2640,CS,BC
1072,407678,120,109854,10001,1207,BM,SC
1073,357806,120,109859,10004,2762,EC,OC
1074,296556,120,109886,10010,2652,EC,BC
1075,243048,120,109887,10011,2621,IT,SC
1076,410595,120,109897,10012,2624,AG,BC
1077,280774,120,109898,10013,3018,EE,MBC
1078,383623,120,109907,10016,1518,EC,OC
1079,347314,120,109910,10017,2638,CS,OC
1080,345286,120,109933,10021,1133,EC,OC
1081,341195,120,109935,10022,2772,CS,BC
1082,342682,120,109945,10023,2602,MD,OC
1083,297649,120,109983,10028,2740,PH,MBC
1084,298248,120,110033,10034,4678,EC,MBC
1085,245550,120,110038,10035,2769,EE,BC
1086,235887,120,110059,10040,2647,IT,MBC
1087,382914,120,110073,10044,2,PM,SCA
1088,337687,120,110091,10049,2753,BM,BC
1089,383757,120,110126,10052,1216,MD,SC
1090,387820,120,110153,10054,2659,CS,SC
1091,265810,120,110194,10061,3826,ME,BCM
1092,361025,120,110201,10064,5919,ME,BC
1093,246414,120,110226,10068,4931,CS,OC
1094,288685,120,110236,10070,3846,CS,BC
1095,313252,120,110278,10074,2328,BM,SC
1096,289778,120,110289,10076,5017,EC,MBC
1097,317200,120,110315,10079,3801,EC,OC
1098,387047,120,110330,10081,1412,CE,OC
1099,295325,120,110344,10084,2743,FD,MBC
1100,359971,120,110352,10087,2683,BM,MBC
1101,394067,120,110360,10088,5988,EE,OC
1102,378122,120,110363,10089,3844,CS,SC
1103,358632,120,110372,10092,2636,CE,MBC
1104,308636,120,110390,10097,3807,EE,MBC
1105,320512,119.5,110421,10099,3011,AU,BC
1106,314785,119.5,110441,10103,3811,CS,BC
1107,213551,119.5,110452,10106,3843,EE,BC
1108,305854,119.5,110453,10107,4670,ME,OC
1109,350799,119.5,110455,10108,1421,EE,OC
1110,347009,119.5,110528,10114,5914,CS,BC
1111,410131,119.5,110531,10115,1317,CE,SC
1112,339492,119.5,110537,10117,3812,CE,BC
1113,265856,119.5,110571,10120,1414,EC,MBC
1114,350442,119.5,110574,10121,2646,EC,MBC
1115,368450,119.5,110589,10122,2341,IT,OC
1116,311947,119.5,110594,10125,2634,EE,SC
1117,303563,119.5,110605,10127,5910,EE,MBC
1118,243287,119.5,110611,10129,2768,CS,SC
1119,371522,119.5,110649,10134,2727,CS,BCM
1120,301596,119.5,110651,10135,1217,EC,OC
1121,297610,119.5,110657,10136,2707,CD,SC
1122,339440,119.5,110658,10137,2719,CE,BC
1123,313760,119.5,110681,10139,2609,IT,SC
1124,347913,119.5,110687,10140,3820,CS,BC
1125,213911,119.5,110697,10141,1202,EC,SC
1126,372429,119.5,110715,10144,2758,EC,BC
1127,391623,119.5,110721,10146,4993,AD,BC
1128,407785,119.5,110761,10151,1452,EC,MBC
1129,294996,119.5,110786,10154,1408,EE,MBC
1130,312486,119.5,110842,10158,1317,CE,MBC
1131,368814,119.5,110872,10161,1114,EE,BC
1132,286080,119.5,110895,10164,4975,CS,OC
1133,384613,119.5,110896,10165,2704,CE,OC
1134,293034,119.5,110924,10167,1504,BT,MBC
1135,345611,119.5,110932,10169,2625,ME,SC
1136,294886,119.5,110952,10174,5536,EE,BC
1137,264828,119.5,110954,10175,4917,BT,OC
1138,287935,119.5,110976,10180,2624,ME,BC
1139,318957,119.5,110979,10182,3018,EC,MBC
1140,391870,119.5,110992,10186,4989,AG,MBC
1141,319829,119.5,110997,10187,4953,CS,BC
1142,403460,119.5,111001,10189,5919,CH,OC
1143,357387,119.5,111011,10190,1303,BT,BC
1144,252582,119.5,111030,10192,1202,CS,SC
1145,301229,119.5,111052,10194,2717,ME,OC
1146,245164,119.5,111054,10195,3011,PH,BC
1147,299703,119.5,111059,10197,2328,BM,MBC
1148,332985,119.5,111066,10200,1309,ME,OC
1149,340965,119.5,111074,10203,2743,ME,MBC
1150,298159,119.5,111083,10204,2341,IT,BC
1151,291412,119.5,111087,10205,1408,EC,BC
1152,336848,119.5,111093,10210,4949,ME,OC
1153,291134,119.5,111096,10211,2602,CS,OC
1154,316469,119.5,111097,10212,1126,AD,BC
1155,268849,119,111124,10216,2753,IT,BC
1156,301205,119,111133,10219,1013,ME,BC
1157,343961,119,111139,10220,3805,CH,BC
1158,376666,119,111144,10221,1123,EC,MBC
1159,263640,119,111156,10226,4969,CS,SC
1160,300827,119,111175,10228,2611,RM,OC
1161,329060,119,111178,10229,3795,EC,BC
1162,312008,119,111180,10230,2715,SC,SC
1163,357590,119,111186,10231,4925,MD,OC
1164,322946,119,111189,10232,2611,AE,MBC
1165,284664,119,111211,10235,1318,EC,OC
1166,366736,119,111230,10236,4949,MZ,OC
1167,387313,119,111232,10237,2752,EE,SC
1168,316195,119,111247,10238,1411,AE,OC
1169,288251,119,111249,10239,4995,CS,MBC
1170,213877,119,111250,10240,4969,CS,SC
1171,287968,119,111253,10241,2726,ME,MBC
1172,347579,119,111264,10245,2633,EC,SC
1173,246306,119,111269,10247,1310,EC,OC
1174,267412,119,111343,10257,1149,CS,SCA
1175,241898,119,111352,10259,2770,EC,MBC
1176,389979,119,111361,10260,2623,BM,MBC
1177,345284,119,111368,10261,1303,EC,OC
1178,313285,119,111390,10264,3908,EC,MBC
1179,370147,119,111426,10266,2659,EC,SC
1180,275888,119,111468,10270,2659,IT,SC
1181,360973,119,111483,10271,1110,AD,SC
1182,346383,119,111497,10273,2646,AD,MBC
1183,284886,119,111513,10276,2621,AE,OC
1184,253499,119,111517,10277,1241,AD,BC
1185,319981,119,111521,10278,1304,CE,SC
1186,288647,119,111542,10280,1318,CS,BC
1187,353356,119,111548,10281,4917,AG,MBC
1188,316234,119,111571,10285,3805,RM,MBC
1189,274056,119,111635,10294,3806,EC,BC
1190,345229,119,111651,10296,1409,AU,OC
1191,288838,119,111656,10298,2618,FT,BC
1192,296958,119,111670,10301,2633,EC,MBC
1193,267604,119,111685,10305,1237,MZ,OC
1194,310135,119,111695,10307,2367,AD,OC
1195,246349,119,111696,10308,2656,CE,OC
1196,335733,119,111718,10312,2646,ME,OC
1197,297037,119,111744,10314,1409,BM,BC
1198,318425,119,111746,10315,1405,CS,BC
1199,321752,119,111767,10317,3830,EC,SC
1200,340846,119,111777,10321,2747,ME,SCA
1201,217103,119,111783,10322,2717,AD,MBC
1202,326167,119,111788,10323,2611,AG,BC
1203,289636,119,111811,10332,2638,CS,BC
1204,383160,119,111819,10335,2650,EC,OC
1205,330011,118.86,111824,10336,2601,CE,SC
1206,406461,118.5,111846,10339,3460,CS,OC
1207,326101,118.5,111850,10341,2772,CS,MBC
1208,335800,118.5,111857,10343,2646,EE,OC
1209,295127,118.5,111862,10345,2612,EC,BC
1210,410019,118.5,111876,10347,5910,CB,SC
1211,383282,118.5,111885,10349,2732,EE,OC
1212,367575,118.5,111970,10363,2736,EE,BC
1213,298471,118.5,111991,10364,1241,ME,OC
1214,405341,118.5,111993,10365,1442,AD,BC
1215,220462,118.5,112011,10370,1116,EC,MBC
1216,221380,118.5,112027,10372,2617,RM,BC
1217,353801,118.5,112042,10374,5,CE,MBC
1218,309072,118.5,112092,10383,4955,AD,MBC
1219,386324,118.5,112103,10385,2638,IT,BC
1220,296291,118.5,112115,10387,1241,EC,BC
1221,386425,118.5,112142,10391,2747,EC,BC
1222,329239,118.5,112159,10393,1408,AD,BC
1223,247908,118.5,112174,10394,3461,AD,MBC
1224,381406,118.5,112183,10396,4686,ME,OC
1225,306993,118.5,112211,10398,1133,CS,OC
1226,282093,118.5,112228,10400,4964,ME,BC
1227,319889,118.5,112235,10402,3843,CE,OC
1228,308685,118.5,112250,10407,1319,EC,OC
1229,298984,118.5,112253,10408,3846,AD,SC
1230,315224,118.5,112254,10409,1434,EC,SC
1231,361762,118.5,112272,10413,4967,CS,MBC
1232,332996,118.5,112285,10415,2736,ME,OC
1233,240328,118.5,112291,10416,4999,CS,OC
1234,304458,118.5,112295,10417,1225,ME,MBC
1235,309350,118.5,112316,10419,3795,CE,OC
1236,280577,118.5,112326,10420,3852,CS,MBC
1237,369494,118.5,112331,10422,3830,EC,BC
1238,267345,118.5,112333,10423,1520,AD,BC
1239,377578,118.5,112347,10428,3829,EC,SC
1240,372216,118.5,112351,10429,1412,CE,BC
1241,284297,118.5,112402,10435,1115,AD,BC
1242,292282,118.5,112409,10437,2636,ME,BC
1243,318229,118.5,112423,10440,2736,IT,SC
1244,305457,118.5,112428,10441,1123,CS,MBC
1245,277010,118.5,112445,10444,1217,BT,OC
1246,333204,118.5,112447,10446,1127,BT,MBC
1247,244387,118.5,112479,10452,3795,CE,BC
1248,319517,118.5,112494,10454,2736,EC,SC
1249,313336,118.5,112495,10455,2715,CE,MBC
1250,208285,118.5,112506,10457,2761,SC,SC
1251,357994,118.5,112513,10458,3810,FD,MBC
1252,271889,118.5,112516,10459,4964,MR,BC
1253,242793,118.5,112523,10460,1401,ME,OC
1254,295489,118.5,112543,10466,4965,BT,BC
1255,365233,118.25,112544,10467,2767,IT,OC
1256,313260,118.045,112545,10468,2769,EE,MBC
1257,365418,118,112559,10472,2341,BM,OC
1258,361450,118,112576,10477,1422,ME,BC
1259,345935,118,112591,10479,3841,AD,SC
1260,398066,118,112604,10484,1116,EC,BC
1261,228228,118,112612,10486,1122,ME,MBC
1262,329398,118,112620,10488,2707,AD,MBC
1263,288880,118,112627,10490,2628,EE,OC
1264,301497,118,112660,10493,4977,CS,OC
1265,358461,118,112667,10495,3805,CS,SCA
1266,264700,118,112675,10497,3812,CS,BC
1267,384697,118,112676,10498,2762,AD,MBC
1268,228415,118,112681,10500,1238,BM,OC
1269,234869,118,112739,10507,1207,EC,OC
1270,379197,118,112750,10509,2635,ME,OC
1271,230606,118,112779,10513,1316,AD,BC
1272,356313,118,112790,10514,1518,EC,OC
1273,291175,118,112791,10515,1321,MN,SCA
1274,313343,118,112795,10518,3845,CS,MBC
1275,338782,118,112807,10519,1107,CS,OC
1276,361708,118,112825,10521,2727,EE,BC
1277,267690,118,112834,10523,1411,CS,OC
1278,314233,118,112842,10525,1015,ME,MBC
1279,330903,118,112848,10526,2716,BM,MBC
1280,258343,118,112858,10527,2611,ME,OC
1281,268720,118,112870,10528,1436,EC,OC
1282,402604,118,112910,10533,2648,EE,OC
1283,315180,118,112916,10534,3805,AE,OC
1284,315069,118,112925,10537,1313,CS,MBC
1285,217012,118,112928,10539,1449,EC,OC
1286,319790,118,112935,10541,5533,CE,OC
1287,242383,118,112951,10544,1121,EE,OC
1288,378285,118,112966,10545,2638,CS,MBC
1289,344786,118,112979,10547,2345,ME,BC
1290,259135,118,112986,10549,1243,SC,BC
1291,285613,118,113018,10555,2610,ME,BC
1292,374638,118,113021,10556,5902,CS,BC
1293,288879,118,113031,10557,1149,EE,SC
1294,232890,118,113040,10558,2611,ME,BC
1295,363790,118,113044,10559,1523,EE,OC
1296,272008,118,113064,10561,2707,EE,BC
1297,262496,118,113066,10562,2647,EC,OC
1298,310931,118,113081,10566,1504,BT,BC
1299,299198,118,113096,10568,2628,BM,MBC
1300,342840,118,113111,10570,2735,ME,BC
1301,409045,118,113138,10573,2770,ME,SC
1302,271426,118,113142,10574,2648,EC,MBC
1303,241704,118,113168,10575,5022,XM,OC
1304,335195,118,113178,10577,4917,AD,MBC
1305,208328,118,113185,10579,3841,AD,BC
1306,331222,118,113189,10580,5022,EE,OC
1307,253728,118,113202,10583,2607,BT,BC
1308,377651,118,113208,10584,2772,AD,BC
1309,309735,118,113216,10585,4964,MR,MBC
1310,287384,118,113217,10586,3011,ME,BC
1311,402807,118,113223,10588,2635,BM,MBC
1312,224934,117.5,113264,10596,5530,CB,OC
1313,312112,117.5,113282,10598,2314,AG,MBC
1314,272461,117.5,113303,10603,2708,EI,SC
1315,240233,117.5,113317,10606,1137,ME,OC
1316,306429,117.5,113345,10610,4960,ME,MBC
1317,389216,117.5,113353,10611,1409,ME,BCM
1318,274330,117.5,113381,10614,3021,EE,SC
1319,366587,117.5,113395,10615,2713,ME,OC
1320,363051,117.5,113418,10616,2632,EE,BC
1321,357949,117.5,113429,10620,1431,EE,OC
1322,294330,117.5,113461,10622,1217,AD,OC
1323,337776,117.5,113505,10626,2607,IT,SC
1324,306795,117.5,113506,10627,4996,ME,OC
1325,373432,117.5,113529,10631,2719,EE,SC
1326,362385,117.5,113557,10634,3845,EC,OC
1327,374803,117.5,113581,10638,2349,FD,BC
1328,304991,117.5,113597,10639,1126,EC,MBC
1329,322565,117.5,113608,10640,2723,MD,BC
1330,311636,117.5,113616,10643,5010,EE,BC
1331,358123,117.5,113622,10645,2683,AG,MBC
1332,388719,117.5,113650,10648,3812,CS,SC
1333,242872,117.5,113662,10649,2736,EC,SCA
1334,345137,117.5,113708,10655,3926,EE,OC
1335,371814,117.5,113714,10657,1409,EC,SC
1336,320656,117.5,113718,10658,2732,EC,BC
1337,383343,117.5,113722,10659,3821,AG,BC
1338,335949,117.5,113768,10664,3807,AE,OC
1339,245143,117.5,113778,10665,4969,CS,MBC
1340,350101,117.5,113807,10669,2346,CS,BC
1341,300090,117.5,113817,10670,1120,ME,OC
1342,345287,117.5,113859,10678,2328,ME,MBC
1343,370352,117.5,113867,10680,2648,AU,OC
1344,355155,117.5,113878,10681,2715,EC,SC
1345,215686,117.5,113880,10683,1310,EC,BC
1346,300108,117.5,113881,10684,2749,AD,MBC
1347,294166,117.5,113888,10686,1436,CS,OC
1348,358507,117.5,113889,10687,5533,CE,BC
1349,328389,117.5,113890,10688,2609,EE,BC
1350,286215,117.5,113912,10693,2716,EE,OC
1351,250320,117.5,113916,10694,2648,CE,OC
1352,360739,117.5,113928,10697,2624,CH,BC
1353,334036,117.5,113931,10699,3011,AU,MBC
1354,238507,117,113938,10700,1523,EC,OC
1355,299158,117,113968,10703,2716,MZ,OC
1356,342360,117,114015,10712,3425,EE,SC
1357,376321,117,114028,10715,5930,EC,OC
1358,233489,117,114030,10716,1420,AD,MBC
1359,316368,117,114045,10717,3815,CS,MBC
1360,297571,117,114060,10720,1207,CS,SC
1361,316097,117,114108,10725,3905,ME,OC
1362,369928,117,114113,10727,2638,EC,SC
1363,403578,117,114119,10728,3844,ME,OC
1364,251410,117,114126,10731,4944,CS,BC
1365,316067,117,114132,10732,2634,AG,MBC
1366,253866,117,114144,10734,3460,CS,MBC
1367,333166,117,114165,10736,1322,SC,SCA
1368,267484,117,114171,10737,1218,CS,MBC
1369,291959,117,114181,10740,3829,AD,BC
1370,290103,117,114184,10741,2338,AG,MBC
1371,336951,117,114219,10747,2708,MZ,SC
1372,300335,117,114256,10748,1504,CH,OC
1373,374782,117,114262,10749,2356,CS,OC
1374,334770,117,114286,10751,4676,EC,OC
1375,335445,117,114290,10752,1303,EC,MBC
1376,324006,117,114327,10759,2708,CE,BC
1377,295166,117,114333,10761,4686,CS,OC
1378,273829,117,114411,10775,2651,CE,OC
1379,353414,117,114432,10780,5832,EC,SC
1380,343074,117,114459,10785,2606,AE,MBC
1381,201470,117,114460,10786,2360,EC,BC
1382,379006,117,114468,10789,5,CE,SC
1383,266995,117,114472,10790,1452,EC,BC
1384,390391,117,114480,10792,4993,BM,MBC
1385,367097,117,114493,10795,3464,CE,SC
1386,342269,117,114500,10796,1213,CS,BC
1387,358431,117,114518,10799,2636,ME,BC
1388,268252,117,114580,10808,3804,BM,OC
1389,316004,117,114589,10810,4917,BT,MBC
1390,378412,117,114607,10813,1120,ME,MBC
1391,272705,117,114609,10814,2632,ME,OC
1392,356236,117,114615,10817,2711,ME,SC
1393,361443,117,114619,10820,2683,CS,SC
1394,251284,117,114624,10822,5990,EC,OC
1395,324135,116.5,114661,10830,3011,CE,BC
1396,406581,116.5,114666,10833,2639,CS,SC
1397,273845,116.5,114672,10834,3425,AD,BC
1398,277162,116.5,114686,10838,3803,EC,MBC
1399,243351,116.5,114720,10843,5935,CS,BC
1400,320690,116.5,114731,10845,4978,AG,OC
1401,383199,116.5,114757,10848,3805,BM,SC
1402,402078,116.5,114795,10853,2704,ME,MBC
1403,360249,116.5,114828,10859,3760,EC,SC
1404,357216,116.5,114842,10861,2737,EC,BC
1405,362122,116.5,114858,10864,2610,ME,BC
1406,295578,116.5,114884,10870,1317,EE,BCM
1407,238033,116.5,114922,10874,1317,ME,SC
1408,301402,116.5,114980,10877,1230,EC,BC
1409,244631,116.5,114981,10878,1316,CS,MBC
1410,365147,116.5,114993,10880,3846,CS,MBC
1411,328117,116.5,114997,10881,2761,SC,BC
1412,325281,116.5,115005,10882,1317,ME,BC
1413,394211,116.5,115007,10883,5930,CS,BC
1414,366880,116.5,115027,10887,5912,CS,OC
1415,242484,116.5,115046,10888,4969,ME,OC
1416,201322,116.5,115052,10889,1219,BT,BC
1417,364532,116.5,115061,10891,2706,AU,MBC
1418,209865,116.5,115065,10892,3841,ME,OC
1419,240495,116.5,115066,10893,2707,CJ,MBC
1420,289127,116.5,115071,10894,2617,RM,MBC
1421,297828,116.5,115091,10898,2608,CE,OC
1422,374414,116.5,115092,10899,4669,CS,BC
1423,211390,116.5,115095,10900,4020,ME,OC
1424,223521,116.5,115101,10902,2726,AG,BC
1425,320866,116.5,115121,10905,2753,EC,SC
1426,319357,116.5,115122,10906,3813,EC,OC
1427,228282,116.5,115147,10909,1303,CB,MBC
1428,343202,116.5,115150,10910,5910,EE,BC
1429,301114,116.5,115160,10913,2706,AM,SCA
1430,248437,116.5,115199,10916,1116,EC,BC
1431,366370,116.5,115241,10922,3021,XC,OC
1432,304414,116.5,115278,10925,1419,EE,SC
1433,251874,116.5,115289,10927,1207,AM,OC
1434,216925,116.5,115332,10934,2357,IT,BC
1435,285812,116.5,115333,10935,1106,CS,MBC
1436,343342,116.5,115354,10939,1217,EC,OC
1437,405771,116.5,115372,10943,3831,AG,SC
1438,354540,116,115377,10945,3920,CS,BC
1439,350679,116,115412,10955,5010,CE,BC
1440,236798,116,115419,10956,4974,ME,SCA
1441,291021,116,115435,10961,1228,IT,BC
1442,370466,116,115456,10963,2708,AU,MBC
1443,308551,116,115466,10965,4953,EC,BC
1444,233517,116,115467,10966,1213,CB,OC
1445,298081,116,115476,10968,2710,ME,SC
1446,263946,116,115481,10970,2638,CS,MBC
1447,372085,116,115482,10971,4669,CE,BC
1448,377271,116,115483,10972,3460,CE,OC
1449,369603,116,115486,10973,2638,IT,SC
1450,297806,116,115487,10974,2651,EE,BC
1451,262567,116,115493,10975,2707,AD,MBC
1452,345016,116,115508,10977,4964,CE,OC
1453,344235,116,115523,10981,2726,EE,BC
1454,253121,116,115544,10983,1101,EC,OC
1455,357355,116,115600,10990,3810,EI,MBC
1456,310475,116,115610,10993,1405,EC,BC
1457,361628,116,115618,10994,2630,EC,MBC
1458,293322,116,115649,10999,1303,AD,BC
1459,283724,116,115659,11000,3830,IT,SC
1460,277056,116,115668,11002,1307,SC,SC
1461,269181,116,115689,11005,2726,AL,SC
1462,355366,116,115691,11006,2627,ME,OC
1463,371828,116,115702,11009,4970,EE,SC
1464,268825,116,115729,11015,1520,EC,MBC
1465,356002,116,115743,11016,1122,CE,OC
1466,380617,116,115770,11020,2717,AD,BC
1467,282237,116,115807,11023,3425,ME,MBC
1468,295221,116,115809,11024,1106,EC,MBC
1469,333147,116,115832,11026,2726,AU,OC
1470,379363,116,115844,11029,1442,AD,MBC
1471,302161,116,115918,11037,2632,CE,OC
1472,358520,116,115922,11038,4980,EE,OC
1473,295203,116,115938,11041,4964,EC,OC
1474,363558,116,115945,11043,2360,ME,OC
1475,259659,116,115965,11047,2622,CE,SCA
1476,315006,116,116014,11051,3018,XM,OC
1477,336381,116,116016,11052,1513,EE,MBC
1478,402459,116,116023,11054,1213,EC,OC
1479,282978,116,116030,11056,3926,EE,OC
1480,290226,116,116037,11057,2302,BM,SC
1481,242114,116,116041,11059,1317,CE,BC
1482,257049,116,116049,11060,1401,ME,OC
1483,345750,116,116053,11061,2609,CE,OC
1484,345151,116,116075,11067,5912,AD,OC
1485,340622,116,116078,11068,2611,CI,SC
1486,367481,116,116092,11071,5921,AD,BC
1487,360787,116,116101,11072,2617,EE,SC
1488,322616,116,116108,11075,2613,SF,BC
1489,393055,115.5,116127,11077,1401,CE,OC
1490,382859,115.5,116129,11078,3804,CS,SC
1491,290122,115.5,116139,11080,4672,CE,OC
1492,299890,115.5,116141,11081,2647,CS,BC
1493,371765,115.5,116159,11083,2748,EC,BC
1494,221582,115.5,116161,11084,1317,ME,BC
1495,246079,115.5,116188,11088,4993,EE,OC
1496,217288,115.5,116193,11090,1412,ME,MBC
1497,398229,115.5,116201,11092,1421,EC,BC
1498,276547,115.5,116258,11102,3403,CS,OC
1499,391869,115.5,116282,11105,3456,BM,OC
1500,361109,115.5,116283,11106,1523,EC,BC
1501,356840,115.5,116286,11107,2611,EC,SC
1502,384227,115.5,116289,11108,2653,IT,SC
1503,254766,115.5,116315,11114,4959,BT,OC
1504,356053,115.5,116320,11115,5930,EC,OC
1505,288009,115.5,116325,11118,5,EI,MBC
1506,290288,115.5,116357,11124,2620,BT,BC
1507,219145,115.5,116365,11125,1229,CS,MBC
1508,324334,115.5,116399,11129,3857,ME,OC
1509,319519,115.5,116413,11131,1405,EE,OC
1510,332320,115.5,116450,11137,2302,IT,SC
1511,369482,115.5,116456,11138,2341,CS,SC
1512,357206,115.5,116458,11139,3860,ME,OC
1513,230911,115.5,116481,11141,2711,MZ,SCA
1514,307650,115.5,116497,11143,2638,EC,MBC
1515,354319,115.5,116532,11148,2749,AG,MBC
1516,372892,115.5,116538,11150,2647,EC,MBC
1517,335101,115.5,116558,11151,2608,ME,MBC
1518,370245,115.5,116604,11157,2648,CE,MBC
1519,305062,115.5,116642,11160,4944,AD,BC
1520,375407,115.5,116643,11161,1504,AD,BC
1521,258303,115.5,116707,11171,5,CZ,SC
1522,340813,115.5,116749,11177,2733,EC,OC
1523,356644,115.5,116753,11178,4989,IT,OC
1524,243529,115.5,116804,11193,2638,CS,SC
1525,314217,115.5,116823,11199,1414,EC,BC
1526,212005,115,116830,11200,3803,CE,OC
1527,387642,115,116831,11201,4953,CS,MBC
1528,377922,115,116841,11203,3456,CS,BC
1529,264621,115,116845,11204,2632,AM,BC
1530,311716,115,116848,11206,1127,CH,OC
1531,356912,115,116854,11208,1421,ME,OC
1532,387813,115,116866,11209,2302,BM,BC
1533,366422,115,116868,11210,2611,BT,MBC
1534,390323,115,116887,11212,1525,ME,MBC
1535,356841,115,116890,11213,4864,EE,OC
1536,310890,115,116894,11214,1401,CH,MBC
1537,245540,115,116904,11217,5530,CS,BCM
1538,330488,115,116905,11218,2611,RM,MBC
1539,313272,115,116920,11221,1218,AD,MBC
1540,327938,115,116937,11225,1115,EC,OC
1541,312422,115,116946,11227,1523,CS,SC
1542,237181,115,116954,11228,2622,BT,BC
1543,373567,115,116964,11229,2633,EC,MBC
1544,351078,115,116969,11230,5907,CH,OC
1545,411509,115,116978,11232,2750,AE,MBC
1546,216746,115,116986,11233,2729,AE,BC
1547,299320,115,116988,11234,4931,EC,OC
1548,312871,115,116990,11236,4953,CS,BC
1549,253496,115,116995,11239,2349,CS,BCM
1550,369202,115,117000,11242,2705,CS,MBC
1551,302513,115,117002,11244,1207,EC,MBC
1552,220940,115,117026,11247,5832,CE,BC
1553,383497,115,117043,11249,3831,EC,OC
1554,375942,115,117044,11250,4949,CS,BC
1555,280964,115,117056,11251,1149,ME,BC
1556,296551,115,117076,11253,4966,AD,OC
1557,340200,115,117077,11254,2761,EC,MBC
1558,307673,115,117084,11255,5532,EE,BC
1559,267509,115,117090,11256,5022,CE,BC
1560,328155,115,117105,11259,5,EE,MBC
1561,366783,115,117160,11265,4949,MZ,MBC
1562,271482,115,117296,11283,5,CE,BC
1563,315786,115,117308,11287,1237,AD,SC
1564,347843,115,117331,11289,4959,IT,SC
1565,217381,115,117343,11293,2673,EE,OC
1566,363384,115,117351,11295,2606,ME,OC
1567,306887,115,117359,11296,4964,ME,MBC
1568,229528,115,117447,11308,2634,AE,BC
1569,404369,115,117510,11320,1430,EE,OC
1570,273512,114.5,117554,11323,5017,EC,BC
1571,324243,114.5,117572,11326,3806,AD,SC
1572,319566,114.5,117585,11328,3805,ME,MBC
1573,321033,114.5,117595,11329,3905,ME,OC
1574,330451,114.5,117597,11331,2705,EC,OC
1575,316296,114.5,117610,11334,3805,EE,BC
1576,309747,114.5,117611,11335,2314,CS,BC
1577,327279,114.5,117614,11337,1317,ME,BC
1578,403392,114.5,117649,11342,3810,CS,SCA
1579,337519,114.5,117663,11345,4944,EC,BC
1580,304801,114.5,117697,11347,5907,CE,OC
1581,347575,114.5,117774,11363,2360,EC,MBC
1582,346303,114.5,117777,11364,1114,ME,OC
1583,342672,114.5,117799,11369,5533,EE,OC
1584,341236,114.5,117843,11373,4967,EC,BC
1585,388161,114.5,117872,11377,4669,EC,MBC
1586,368071,114.5,117875,11378,4961,CS,MBC
1587,243578,114.5,117882,11379,5904,AD,BC
1588,378613,114.5,117894,11381,1207,RM,OC
1589,283935,114.5,117918,11384,4996,ME,OC
1590,357458,114.5,117940,11386,2617,EE,BC
1591,326262,114.5,117956,11389,4957,ME,BC
1592,331453,114.5,117974,11391,4678,AD,BC
1593,368253,114.5,117978,11392,2712,CE,SCA
1594,270824,114.5,118004,11399,1207,AD,MBC
1595,254245,114.5,118017,11401,1517,CS,SC
1596,286789,114.5,118027,11405,1421,EE,MBC
1597,319893,114.5,118051,11408,1426,EC,MBC
1598,373698,114.5,118085,11410,3766,CS,OC
1599,318990,114.5,118086,11411,2650,EE,OC
1600,248897,114.5,118097,11413,4981,ME,OC
1601,302637,114.5,118111,11415,3454,ME,SC
1602,281396,114.5,118120,11417,2743,EE,MBC
1603,302437,114.5,118124,11419,1210,ME,BC
1604,317724,114.5,118130,11421,3021,ME,MBC
1605,280494,114.5,118144,11422,2751,ME,OC
1606,286594,114.5,118145,11423,3801,EC,BC
1607,206741,114.5,118149,11424,1407,CS,BC
1608,337331,114.5,118154,11427,2627,CE,OC
1609,323772,114.5,118175,11433,2648,EE,OC
1610,376087,114.5,118191,11437,3810,BM,MBC
1611,405559,114.5,118197,11438,2611,EE,MBC
1612,408521,114.5,118200,11440,1513,EC,MBC
1613,402929,114.25,118202,11441,1116,ME,OC
1614,356292,114,118205,11442,5986,EC,SCA
1615,405319,114,118210,11444,3831,EC,OC
1616,331257,114,118229,11447,4964,EC,OC
1617,309367,114,118233,11449,4948,CS,OC
1618,293191,114,118238,11450,2613,AU,OC
1619,350918,114,118243,11453,1512,EC,BC
1620,353017,114,118255,11454,1133,EC,MBC
1621,216025,114,118289,11462,2727,AD,SCA
1622,207609,114,118301,11467,2727,AD,SC
1623,377928,114,118310,11468,2609,CY,SC
1624,298567,114,118321,11470,4933,EC,BC
1625,377045,114,118354,11473,1212,BM,BC
1626,386792,114,118393,11476,4864,EE,BC
1627,263528,114,118396,11477,3786,EE,BC
1628,284547,114,118417,11480,2648,CE,BC
1629,277868,114,118448,11483,1120,ME,BC
1630,367134,114,118449,11484,1209,CS,OC
1631,378931,114,118487,11486,3926,ME,BC
1632,349719,114,118494,11488,2628,EE,SC
1633,377210,114,118500,11489,1233,ME,BC
1634,270058,114,118511,11490,4959,CS,SC
1635,263735,114,118524,11495,3786,AE,BC
1636,338693,114,118526,11496,3843,CS,SC
1637,377088,114,118527,11497,2338,BM,SC
1638,359979,114,118548,11498,3905,EC,MBC
1639,357300,114,118556,11501,5902,EE,MBC
1640,336968,114,118580,11506,1222,CS,BC
1641,331558,114,118608,11513,3805,BM,BCM
1642,362689,114,118626,11516,4670,EE,MBC
1643,368490,114,118639,11519,3782,CS,OC
1644,352239,114,118672,11523,2761,AD,MBC
1645,366692,114,118752,11536,2625,EE,SC
1646,383412,114,118755,11537,3466,EC,OC
1647,355554,114,118759,11538,3795,EC,SC
1648,336893,114,118763,11541,5921,CB,OC
1649,350473,114,118764,11542,2740,PH,BC
1650,257946,114,118812,11545,4959,BT,BC
1651,316179,114,118820,11548,4931,CS,BC
1652,385104,114,118844,11553,2761,EC,BC
1653,256913,114,118864,11556,4989,CS,MBC
1654,340714,114,118865,11557,5865,EC,MBC
1655,351767,114,118868,11558,3410,EC,SC
1656,347963,114,118946,11577,1313,EC,MBC
1657,305426,113.5,118970,11583,1319,CS,BCM
1658,353142,113.5,118974,11584,3860,EC,SC
1659,241390,113.5,118982,11585,1210,ME,BC
1660,388908,113.5,118990,11588,4989,CS,SC
1661,311491,113.5,118993,11589,4957,EC,MBC
1662,357762,113.5,119001,11591,3805,AG,MBC
1663,263241,113.5,119040,11593,2607,FD,BC
1664,333028,113.5,119091,11600,3782,EC,OC
1665,229724,113.5,119102,11602,4955,EC,MBC
1666,311181,113.5,119111,11604,3806,EE,BC
1667,404122,113.5,119147,11608,3813,EC,SC
1668,357618,113.5,119148,11609,4978,BT,OC
1669,256236,113.5,119184,11614,2302,AD,SC
1670,345004,113.5,119196,11617,4024,EC,MBC
1671,275473,113.5,119241,11623,2716,AE,OC
1672,410278,113.5,119306,11628,1122,AD,SC
1673,328652,113.5,119319,11632,3766,CS,OC
1674,339654,113.5,119325,11633,2347,EE,BC
1675,297443,113.5,119330,11634,2602,RM,OC
1676,243150,113.5,119352,11641,2707,CE,OC
1677,263579,113.5,119392,11645,4917,EE,MBC
1678,348983,113.5,119396,11646,2647,EE,OC
1679,346064,113.5,119428,11651,2772,AD,MBC
1680,322402,113.5,119474,11657,3831,EC,BC
1681,327206,113.5,119480,11659,1101,CS,MBC
1682,279745,113.5,119524,11664,2609,CS,SCA
1683,290732,113.5,119547,11667,1122,CE,MBC
1684,306493,113.5,119549,11668,2601,ME,OC
1685,375486,113.5,119550,11669,2327,ME,OC
1686,301775,113.5,119560,11670,1310,IT,MBC
1687,299775,113.5,119561,11671,3019,CE,MBC
1688,326050,113.5,119616,11681,3019,CE,SC
1689,410399,113.5,119634,11685,2341,IT,MBC
1690,262800,113.5,119644,11689,1212,CS,BC
1691,244751,113,119696,11701,2357,CS,SC
1692,346432,113,119708,11705,1316,AD,MBC
1693,383762,113,119740,11708,4670,EC,BC
1694,368780,113,119745,11711,3826,CS,SCA
1695,329217,113,119759,11714,2360,MZ,OC
1696,411749,113,119765,11715,4965,ME,MBC
1697,334093,113,119783,11717,3850,ME,SC
1698,299099,113,119794,11720,2716,ME,OC
1699,285453,113,119816,11725,1408,EE,BC
1700,266337,113,119826,11728,3464,CE,BC
1701,352866,113,119835,11730,2357,CS,SC
1702,308116,113,119874,11736,2357,AG,OC
1703,290852,113,119879,11737,2762,EC,MBC
1704,328986,113,119883,11738,4964,AE,OC
1705,218868,113,119896,11740,4971,AD,BC
1706,232123,113,119899,11741,4969,EE,OC
1707,339774,113,119908,11743,5907,ME,BCM
1708,275947,113,119922,11747,3403,CS,BC
1709,234612,113,119923,11748,2612,EC,MBC
1710,333985,113,119927,11749,2652,EE,MBC
1711,242315,113,119952,11755,5703,ME,OC
1712,372915,113,119984,11765,5703,EC,BC
1713,347672,113,119987,11766,2628,CS,SC
1714,305822,113,120021,11772,1110,CS,SC
1715,314067,113,120050,11779,1509,IT,MBC
1716,287490,113,120057,11780,5,CZ,BC
1717,371614,113,120066,11781,2607,ME,MBC
1718,324042,113,120069,11782,2355,EC,OC
1719,383853,113,120138,11789,2611,RM,BC
1720,335115,113,120148,11791,1319,ME,OC
1721,347689,113,120159,11793,1316,CS,SC
1722,365397,113,120161,11794,1150,AG,SC
1723,286405,113,120162,11795,1405,EC,MBC
1724,281152,113,120163,11796,1120,ME,MBC
1725,409229,113,120241,11804,1441,ME,OC
1726,345360,113,120267,11808,1421,ME,OC
1727,302523,113,120276,11810,2767,CS,OC
1728,273445,113,120303,11816,1523,ME,OC
1729,378196,113,120313,11817,4917,ME,MBC
1730,366984,113,120322,11822,2628,AU,OC
1731,403612,113,120325,11823,1441,EE,MBC
1732,267064,113,120328,11825,1504,ME,BC
1733,407043,113,120348,11829,1409,RM,BC
1734,402968,113,120352,11830,1411,CB,SC
1735,350235,113,120380,11838,1238,EC,SC
1736,383658,113,120383,11839,1436,AD,OC
1737,314643,113,120386,11841,2737,ME,OC
1738,295446,112.5,120407,11846,2744,ME,SC
1739,288123,112.5,120429,11848,5862,CS,BC
1740,281950,112.5,120475,11857,2733,FT,BC
1741,348699,112.5,120483,11858,1437,AD,BC
1742,296318,112.5,120493,11862,2704,CS,BCM
1743,344249,112.5,120497,11863,1441,ME,MBC
1744,378164,112.5,120507,11866,3813,EC,MBC
1745,315093,112.5,120517,11869,4953,EC,MBC
1746,345577,112.5,120541,11873,3844,EE,BC
1747,366056,112.5,120579,11876,2341,BM,MBC
1748,246967,112.5,120580,11877,3782,EC,MBC
1749,308379,112.5,120589,11878,3807,EE,BC
1750,290063,112.5,120609,11882,3905,EE,BC
1751,326583,112.5,120629,11887,3461,CS,BC
1752,391592,112.5,120638,11889,3021,ME,BC
1753,354331,112.5,120713,11902,5912,EC,OC
1754,365194,112.5,120731,11903,2717,CS,MBC
1755,336490,112.5,120745,11905,2643,EC,BC
1756,369508,112.5,120796,11912,1517,CS,MBC
1757,336666,112.5,120800,11914,5912,CS,OC
1758,320016,112.5,120803,11916,2634,CE,MBC
1759,373003,112.5,120811,11918,3813,CS,MBC
1760,337483,112.5,120825,11919,3801,EC,MBC
1761,345650,112.5,120840,11924,1230,AE,OC
1762,289745,112.5,120857,11927,3860,EC,BC
1763,339012,112.5,120969,11939,1423,EC,MBC
1764,351002,112.5,120976,11943,3425,CE,OC
1765,313695,112.5,120991,11944,2767,CS,BC
1766,319195,112.5,120992,11945,5904,EE,BC
1767,265476,112.5,120996,11947,3461,AD,SC
1768,347288,112.5,121002,11948,1228,EC,OC
1769,374357,112.5,121004,11949,3460,CS,SC
1770,299841,112.5,121029,11956,2005,PR,ST
1771,371739,112.5,121035,11959,2659,BM,BC
1772,331574,112.5,121041,11963,1120,EC,BCM
1773,224276,112.5,121065,11970,1422,CE,BC
1774,334258,112.5,121069,11973,2614,EC,BC
1775,322158,112.5,121081,11975,3806,EE,MBC
1776,351587,112.5,121094,11980,4964,EC,MBC
1777,335555,112,121121,11987,2743,CE,OC
1778,308061,112,121143,11991,3908,CS,MBC
1779,345777,112,121146,11992,3803,EE,BC
1780,285589,112,121148,11993,2719,EI,SC
1781,314567,112,121184,12000,3860,EE,OC
1782,289714,112,121191,12003,1233,EC,SC
1783,306865,112,121219,12008,5865,ME,BC
1784,362976,112,121220,12009,3803,EE,MBC
1785,322167,112,121222,12010,4934,ME,OC
1786,286306,112,121257,12016,2612,EE,BC
1787,391962,112,121260,12019,2713,EE,BC
1788,343083,112,121265,12020,3918,EC,OC
1789,293451,112,121281,12024,2762,EC,SC
1790,352077,112,121303,12028,2356,CS,MBC
1791,320207,112,121323,12031,2642,AD,SC
1792,280478,112,121368,12039,2357,EC,BC
1793,294957,112,121370,12040,5022,EE,BC
1794,362322,112,121383,12043,2609,AE,MBC
1795,369132,112,121390,12045,2734,ME,OC
1796,377744,112,121397,12047,3814,EC,OC
1797,335639,112,121417,12052,3849,CS,SC
1798,317801,112,121420,12054,2707,CE,BC
1799,375576,112,121449,12060,1518,EC,SCA
1800,235984,112,121456,12062,1412,CE,MBC
1801,287518,112,121494,12066,2734,MO,BC
1802,325984,112,121508,12070,3701,EC,MBC
1803,314832,112,121519,12072,3920,CE,OC
1804,288180,112,121528,12074,2733,CS,MBC
1805,321537,112,121543,12077,4980,CS,MBC
1806,354520,112,121550,12078,2750,EC,SCA
1807,390624,112,121581,12082,2368,CS,OC
1808,367901,112,121637,12087,1436,EE,OC
1809,354466,112,121650,12090,2633,EE,OC
1810,271215,112,121657,12091,5536,CS,OC
1811,309431,112,121662,12092,1114,ME,BC
1812,243440,112,121687,12096,3819,EE,BC
1813,384693,112,121725,12100A,5862,BM,MBC
1814,315160,112,121736,12104,1402,CS,OC
1815,282563,112,121740,12105,1107,CS,BC
1816,384222,112,121750,12111,2646,CS,SC
1817,384629,112,121764,12114,1518,EC,MBC
1818,333154,112,121781,12117,4965,BM,MBC
1819,284756,112,121782,12118,5910,ME,BC
1820,397936,112,121795,12121,3905,ME,BC
1821,386487,112,121805,12124,5902,IT,SC
1822,323525,112,121806,12125,1127,EC,OC
1823,373249,111.5,121813,12128,1518,EE,OC
1824,345212,111.5,121869,12137,3461,EC,BC
1825,295015,111.5,121870,12138,4960,CE,SC
1826,382177,111.5,121871,12139,4965,EC,SC
1827,391551,111.5,121949,12143,2683,EE,BC
1828,362936,111.5,121971,12148,4989,AG,SC
1829,399572,111.5,121972,12149,4961,ME,OC
1830,372272,111.5,121975,12150,3908,CE,SC
1831,369328,111.5,121992,12152,1419,IT,SCA
1832,311200,111.5,122045,12160,3701,ME,OC
1833,358324,111.5,122051,12162,1306,ME,OC
1834,351535,111.5,122056,12164,5914,AD,OC
1835,304706,111.5,122058,12165,5921,EC,BC
1836,364385,111.5,122061,12166,2349,FD,MBC
1837,368276,111.5,122065,12167,2609,CH,MBC
1838,306492,111.5,122074,12168,2758,IT,MBC
1839,392655,111.5,122095,12175,4978,CS,OC
1840,313414,111.5,122104,12176,2611,ME,MBC
1841,284441,111.5,122105,12177,1322,CE,OC
1842,389583,111.5,122112,12180,1114,ME,MBC
1843,367809,111.5,122113,12181,2758,EC,SC
1844,368231,111.5,122115,12183,2609,CH,BC
1845,373294,111.5,122121,12185,2656,CE,MBC
1846,216658,111.5,122160,12192,1419,CE,MBC
1847,366850,111.5,122181,12195,4978,ME,OC
1848,345070,111.5,122194,12201,3410,EE,MBC
1849,358425,111.5,122195,12202,2646,EC,BC
1850,372847,111.5,122197A,12202A,2341,EE,SC
1851,282592,111.5,122249,12207,2734,ME,BC
1852,265616,111.5,122263,12211,1318,IT,BC
1853,370385,111.5,122294,12216,2734,ME,MBC
1854,274575,111.5,122298,12217,4929,EC,BC
1855,375712,111.5,122306,12219,4996,ME,SC
1856,387135,111.5,122311,12220,2642,BM,SC
1857,235562,111.5,122321,12222,2708,IT,BCM
1858,354963,111.5,122323,12223,3782,CS,SC
1859,246445,111.5,122343,12225,4960,BT,BC
1860,404213,111.5,122350,12228,2716,EC,SC
1861,287311,111.5,122355,12230,1505,ME,OC
1862,347507,111.5,122383,12234,2736,ME,BC
1863,383407,111.5,122395,12238,2758,EE,OC
1864,288787,111.5,122396,12239,4999,CS,BC
1865,315277,111.5,122405,12241,5910,CS,BCM
1866,257402,111.5,122411,12243,1428,CS,BC
1867,354462,111.5,122413,12244,2634,CS,BCM
1868,276127,111.5,122414,12245,1424,CB,OC
1869,284217,111.5,122416,12246,2721,AU,BC
1870,263843,111.5,122437,12252,1122,CS,BCM
1871,266347,111,122449,12257,3920,EE,OC
1872,233467,111,122470,12261,4925,PC,OC
1873,302124,111,122488,12266,2627,CS,SC
1874,320435,111,122489,12267,3760,ME,OC
1875,212569,111,122498,12268,1218,AD,BC
1876,284078,111,122506,12270,3845,EC,MBC
1877,226298,111,122524,12273,1419,MU,SC
1878,366393,111,122529,12275,2755,CE,BC
1879,346856,111,122532,12276,5912,IT,OC
1880,362851,111,122542,12281,4962,ME,BC
1881,252922,111,122549,12283,1424,CS,BC
1882,350650,111,122610,12295,2621,AE,SC
1883,321804,111,122612,12297,5703,CS,SC
1884,365629,111,122629,12301,2609,AO,BC
1885,378281,111,122646,12302,2638,CS,BC
1886,324164,111,122663,12304,1317,BT,SCA
1887,350311,111,122670,12306,2725,ME,MBC
1888,364155,111,122698,12313,2610,AD,SC
1889,351434,111,122758,12322,3831,CS,SC
1890,373666,111,122778,12325,3846,CB,OC
1891,342585,111,122786,12326,4965,CE,OC
1892,397188,111,122840,12333,2635,EE,MBC
1893,356066,111,122850,12336,1309,ME,MBC
1894,324155,111,122917,12341,4949,EE,OC
1895,329248,111,122923,12342,1434,AD,BC
1896,271173,111,122950,12346,1408,CE,OC
1897,299348,111,122953,12347,2716,AE,MBC
1898,320009,111,122954,12348,1421,ME,OC
1899,262917,111,122963,12350,3021,EE,BC
1900,382829,111,122971,12352,1523,IT,SC
1901,371870,111,122977,12354,2729,ME,SC
1902,312661,111,122990,12356,2608,EE,SC
1903,285969,111,123019,12361,1322,CE,MBC
1904,403434,111,123029,12363,1207,RM,ST
1905,391561,111,123033,12364,3460,CE,MBC
1906,345882,111,123034,12365,3820,CS,MBC
1907,405849,111,123049,12367,1230,EC,SC
1908,275405,111,123058,12370,2650,AD,OC
1909,372757,111,123072,12372,2767,IT,SC
1910,353057,111,123090,12377,4678,AD,MBC
1911,285183,111,123093,12378,1306,ME,MBC
1912,234795,111,123122,12387,4969,EC,OC
1913,382732,110.5,123132,12389,2621,ME,MBC
1914,343039,110.5,123153,12391,2772,CB,OC
1915,308313,110.5,123176,12395,2716,AG,BC
1916,382409,110.5,123193,12399,5930,ME,OC
1917,408538,110.5,123199,12400,3811,EE,OC
1918,402182,110.5,123227,12405,2713,EC,MBC
1919,321314,110.5,123241,12407,2356,ME,OC
1920,336631,110.5,123252,12408,2621,AD,MBC
1921,286349,110.5,123265,12411,4946,ME,BC
1922,257491,110.5,123267,12412,4993,EC,BC
1923,232172,110.5,123304,12415,1114,CB,SC
1924,207483,110.5,123311,12418,1422,EI,SC
1925,315243,110.5,123314,12419,2727,ME,OC
1926,296809,110.5,123324,12423,1210,CB,SCA
1927,318196,110.5,123341,12425,4672,CS,MBC
1928,383610,110.5,123356,12429,3462,CS,BC
1929,379574,110.5,123357,12430,2640,CS,SC
1930,384208,110.5,123365,12431,1517,CS,BC
1931,288312,110.5,123426,12442,4995,EC,OC
1932,281098,110.5,123441,12445,4964,CS,MBC
1933,350215,110.5,123457,12447,2651,ME,BC
1934,339015,110.5,123468,12448,4955,EC,BC
1935,354053,110.5,123470,12449,4944,AD,BC
1936,391539,110.5,123481,12450,1449,ME,OC
1937,226693,110.5,123487,12452,2749,ME,OC
1938,286450,110.5,123489,12454,2609,CY,SCA
1939,335611,110.5,123492,12456,1518,IT,BC
1940,239332,110.5,123496,12457,1416,AD,MBC
1941,323933,110.5,123519,12461,1523,EC,SC
1942,272169,110.5,123521,12462,3841,ME,BC
1943,299687,110.5,123599,12467,1120,ME,BC
1944,337294,110.5,123607,12469,2327,CS,MBC
1945,374326,110.5,123618,12472,4978,BT,MBC
1946,295548,110.5,123668,12487,1510,CS,SC
1947,229117,110.5,123677,12489,2726,EC,SC
1948,286113,110.5,123683,12491,2727,EE,SC
1949,323556,110.5,123706,12494,2367,CB,OC
1950,299252,110.5,123708,12495,1428,CS,BC
1951,383831,110.5,123725,12502,5532,CE,OC
1952,335937,110.5,123733,12505,2758,ME,OC
1953,345319,110.5,123737,12508,2627,CE,OC
1954,347243,110.5,123745,12510,5935,ME,OC
1955,363347,110.5,123777,12518,3805,AO,BC
1956,257875,110.5,123782,12519,4944,EE,BC
1957,276151,110.5,123794,12524,2628,ME,BC
1958,246660,110.5,123796,12526,2611,RM,SC
1959,358437,110.25,123801,12528,2640,EC,SC
1960,336605,110,123805,12530,2729,MZ,SC
1961,377287,110,123834,12536,3812,ME,OC
1962,302468,110,123842,12538,2368,EC,OC
1963,367227,110,123844,12539,3806,EE,SC
1964,375052,110,123846,12540,1412,ME,MBC
1965,246531,110,123847,12541,4975,CS,BC
1966,288598,110,123849,12542,1303,IT,BC
1967,334542,110,123868,12546,2345,EE,BC
1968,370576,110,123893,12550,2327,ME,OC
1969,387810,110,123903,12552,2641,IT,BC
1970,255937,110,123948,12558,3812,IT,BC
1971,357041,110,123960,12559,4670,ME,BC
1972,359002,110,124002,12563,1123,MD,BC
1973,335072,110,124014,12566,2614,EE,OC
1974,367051,110,124042,12569,2610,ME,SC
1975,257275,110,124062,12572,4953,ME,OC
1976,296426,110,124095,12577,1120,AU,BC
1977,301386,110,124099,12578,2726,CE,MBC
1978,270698,110,124119,12579,1207,EC,BC
1979,364555,110,124153,12586,5010,EE,BC
1980,387057,110,124155,12587,2646,CE,OC
1981,293636,110,124158,12588,1438,CS,OC
1982,349415,110,124169,12591,2732,ME,OC
1983,359140,110,124170,12592,5921,CB,BC
1984,284405,110,124174,12593,5703,IT,BC
1985,350187,110,124193,12594,1441,EC,BC
1986,286543,110,124205,12596,3766,CS,BC
1987,275872,110,124239,12600,4980,EE,BC
1988,344078,110,124248,12601,5986,CE,OC
1989,352191,110,124285,12608,1218,CS,BCM
1990,200794,110,124297,12609,1524,EC,OC
1991,368909,110,124309,12611,2630,ME,OC
1992,272934,110,124348,12617,3831,EC,MBC
1993,297937,110,124370,12621,2706,AM,SC
1994,288126,110,124373,12623,3461,ME,MBC
1995,340285,110,124385,12625,2772,EE,OC
1996,311659,110,124415,12632,2610,SC,ST
1997,407523,110,124422,12634,5530,CB,BC
1998,322201,110,124436,12638,4672,ME,OC
1999,337357,109.5,124448,12644,1325,EC,BC
2000,232813,109.5,124485,12651,4680,CE,MBC
2001,338216,109.5,124498,12653,4964,MU,OC
2002,356222,109.5,124502,12655,5921,EE,OC
2003,234626,109.5,124519,12660,4964,EC,BC
2004,334179,109.5,124536,12665,2634,CB,MBC
2005,376454,109.5,124547,12667,2621,CE,OC
2006,356264,109.5,124558,12670,2715,CS,BCM
2007,312978,109.5,124590,12674,4968,CS,OC
2008,386498,109.5,124592,12675,2327,CS,SC
2009,331945,109.5,124626,12683,2613,EE,MBC
2010,317822,109.5,124638,12687,3852,EE,OC
2011,343990,109.5,124665,12689,1106,TX,OC
2012,256390,109.5,124678,12690,4917,CE,OC
2013,296712,109.5,124685,12692,2706,CE,BC
2014,314274,109.5,124689,12694,4984,CS,OC
2015,409318,109.5,124696,12695,3462,EE,BC
2016,293978,109.5,124859,12714,3805,BM,BC
2017,322375,109.5,124874,12718,1133,CS,SC
2018,251067,109.5,124890,12719,1120,CE,MBC
2019,246385,109.5,124935,12727,2711,MZ,SC
2020,264594,109.5,124960,12731,2762,CS,SC
2021,315507,109.5,124962,12732,5009,CE,MBC
2022,357416,109.5,124982,12737,4672,CE,BC
2023,377887,109.5,124983,12738,1229,EC,OC
2024,259473,109.5,125013,12744,5904,SC,MBC
2025,346796,109.5,125025,12750,3908,EE,OC
2026,380099,109.5,125043,12755,3425,CS,SC
2027,252858,109,125146,12773,1427,CS,MBC
2028,407723,109,125149,12774,5,ME,BC
2029,258591,109,125166,12778,3908,EE,MBC
2030,370049,109,125205,12785,4672,EE,BC
2031,364305,109,125228,12790,4946,CS,OC
2032,347120,109,125233,12791,1014,CE,SC
2033,219014,109,125240,12792,3807,ME,BC
2034,349344,109,125241,12793,4966,EE,OC
2035,322640,109,125243,12794,2611,FD,SC
2036,341842,109,125258,12799,1519,EE,MBC
2037,357276,109,125259,12800,3462,EE,SC
2038,335464,109,125267,12801,1523,CS,MBC
2039,370828,109,125271,12802,4964,AE,SC
2040,280767,109,125282,12805,2707,AD,SC
2041,339225,109,125294,12808,1405,AD,SC
2042,333485,109,125302,12812,1407,BM,OC
2043,335231,109,125313,12814,1437,CS,BC
2044,402530,109,125339,12819,5935,EC,SC
2045,390283,109,125342,12820,1322,CS,ST
2046,307751,109,125367,12823,4680,ME,SC
2047,368479,109,125390,12828,2609,AG,BC
2048,225040,109,125415,12832,1207,EC,BC
2049,386102,109,125454,12838,3820,EC,OC
2050,374621,109,125532,12848,2747,ME,MBC
2051,341758,109,125539,12849,1504,EE,MBC
2052,366098,109,125543,12851,1225,ME,BC
2053,324172,109,125550,12852,1210,AD,ST
2054,365528,109,125568,12855,1225,EC,BC
2055,341442,109,125606,12866,1409,RM,SC
2056,285122,109,125609,12868,3820,EE,OC
2057,329529,109,125617,12871,2650,CS,BC
2058,374588,109,125625,12876,2673,ME,OC
2059,403976,109,125628,12877,2770,EE,SC
2060,354194,109,125638,12879,3018,EE,BC
2061,314490,109,125646,12882,2614,EE,BC
2062,320873,109,125649,12884,3016,ME,OC
2063,345779,109,125671,12888,2646,EE,MBC
2064,336847,109,125675,12889,5865,EE,MBC
2065,378031,109,125684,12890,1207,AM,BC
2066,297147,109,125686,12892,1218,CS,SC
2067,336184,109,125695,12893,1202,ME,OC
2068,254380,109,125712,12896,4917,AG,BC
2069,344835,109,125730,12903,1207,AD,SC
2070,353756,108.5,125746,12907,3905,ME,MBC
2071,314632,108.5,125748,12908,3811,EE,MBC
2072,232832,108.5,125763,12912,4971,CS,SC
2073,348639,108.5,125781,12916,3812,ME,MBC
2074,338918,108.5,125789,12917,1015,EE,SC
2075,345903,108.5,125795,12919,1222,EE,OC
2076,377632,108.5,125804,12920,1430,CE,SC
2077,386426,108.5,125818,12928,4931,ME,SC
2078,311818,108.5,125823,12929,2006,TT,SCA
2079,307914,108.5,125833,12932,4023,XC,BC
2080,285763,108.5,125849,12937,4670,CE,BC
2081,240236,108.5,125854,12939,1110,MZ,OC
2082,397845,108.5,125881,12943,2767,EE,OC
2083,313893,108.5,125882,12944,3908,ME,OC
2084,357131,108.5,125885,12947,4993,EE,BC
2085,259914,108.5,125891,12949,2776,CS,MBC
2086,314565,108.5,125911,12953,1232,IT,OC
2087,325226,108.5,125954,12958,3820,EC,MBC
2088,203362,108.5,125962,12961,4981,EE,OC
2089,398704,108.5,126045,12972,2338,EE,OC
2090,368072,108.5,126054,12976,2650,EC,BC
2091,285616,108.5,126063,12978,4955,EC,SC
2092,336082,108.5,126078,12979,1207,EC,SC
2093,314396,108.5,126084,12980,1401,ME,BC
2094,361115,108.5,126107,12985,2635,BM,BC
2095,267744,108.5,126199,12993,4949,EC,BC
2096,333891,108.5,126216,12998,1202,ME,MBC
2097,388365,108.5,126220,12999,2650,AD,MBC
2098,307779,108.5,126225,13000,5913,CE,OC
2099,323230,108.5,126226,13001,1303,CB,BC
2100,276522,108.5,126228,13002,4977,CS,OC
2101,269769,108.5,126240,13006,5,MM,OC
2102,275421,108.5,126244,13007,2621,CB,BC
2103,340336,108.5,126262,13011,3825,EE,OC
2104,384453,108.5,126268,13013,1401,CE,SC
2105,370207,108.5,126293,13022,2609,FD,BC
2106,410110,108.5,126313,13025,3466,EE,OC
2107,323477,108.5,126330,13028,1207,EC,MBC
2108,360630,108.5,126336,13029,4969,CS,BC
2109,346001,108.5,126346,13030,4989,IT,SC
2110,231040,108.5,126365,13033,4994,CE,BC
2111,368110,108.5,126381,13037,1013,XM,BC
2112,336286,108.5,126393,13039,4949,ME,MBC
2113,312656,108.5,126395,13040,2342,ME,MBC
2114,366514,108.5,126396,13041,3425,ME,BC
2115,296219,108.5,126400,13042,1127,EC,BC
2116,406656,108.5,126412,13046,3846,CE,OC
2117,265979,108.5,126421,13049,1420,AE,OC
2118,377270,108.25,126452,13062,2350,EE,OC
2119,361482,108,126454,13064,3462,ME,OC
2120,349494,108,126478,13067,5533,ME,OC
2121,370427,108,126494,13070,2611,SF,OC
2122,306806,108,126502,13072,2611,CH,BC
2123,372497,108,126560,13078,5533,CS,OC
2124,261396,108,126569,13080,2776,MZ,MBC
2125,320192,108,126573,13082,2345,ME,MBC
2126,358577,108,126595,13085,5502,CE,OC
2127,214483,108,126644,13090,4992,CS,BC
2128,329555,108,126673,13097,2621,EE,MBC
2129,406226,108,126683,13101,5930,EE,OC
2130,285974,108,126695,13105,2621,EC,BC
2131,299130,108,126718,13113,3857,CS,MBC
2132,307859,108,126725,13115,4975,EC,OC
2133,255880,108,126807,13120,1243,EC,MBC
2134,363907,108,126829,13121,2302,ME,MBC
2135,388754,108,126873,13129,2716,MD,OC
2136,331363,108,126907,13137,2640,EE,OC
2137,272035,108,126911,13138,1114,CE,OC
2138,259713,108,126932,13145,2357,EE,BC
2139,369053,108,126935,13146,3849,CS,MBC
2140,231639,108,126948,13149,2726,MZ,BC
2141,364094,108,126950,13150,3805,RM,BC
2142,336071,108,126959,13153,1434,AD,MBC
2143,302782,108,126978,13159,1325,ME,MBC
2144,261709,108,126979,13160,4929,CS,SC
2145,349562,108,127005,13164,3926,EC,SC
2146,400731,108,127020,13169,3807,AD,BC
2147,358299,108,127045,13178,2717,EC,BC
2148,387560,108,127048,13181,1126,CS,BC
2149,316615,108,127062,13184,1303,EC,BC
2150,340307,108,127065,13186,1509,EE,OC
2151,218079,107.5,127080,13190,1426,CS,BC
2152,313969,107.5,127109,13194,2341,AD,OC
2153,381050,107.5,127119,13196,1517,CS,BC
2154,328568,107.5,127124,13198,3766,CS,MBC
2155,313399,107.5,127131,13202,2772,EC,OC
2156,402773,107.5,127159,13206,1427,EC,OC
2157,295382,107.5,127163,13208,5919,EC,SC
2158,374598,107.5,127164,13209,3812,ME,BC
2159,230884,107.5,127172,13211,2764,EE,SC
2160,358504,107.5,127194,13214,5832,CS,SC
2161,334779,107.5,127255,13225,2743,CE,BC
2162,304504,107.5,127262,13226,1517,EC,OC
2163,311016,107.5,127263,13227,2367,CB,SC
2164,303080,107.5,127297,13235,2345,AD,SC
2165,358176,107.5,127304,13238,5904,EC,MBC
2166,286223,107.5,127315,13240,2758,EE,BC
2167,347169,107.5,127318,13241,1405,ME,OC
2168,292971,107.5,127340,13246,5532,ME,OC
2169,241755,107.5,127388,13256,1428,EC,OC
2170,352305,107.5,127422,13258,3466,EC,MBC
2171,303046,107.5,127430,13259,3817,CE,BC
2172,379515,107.5,127439,13260,4965,AD,SC
2173,367738,107.5,127466,13266,2749,EC,SC
2174,308166,107.5,127471,13267,2747,EE,BC
2175,295052,107.5,127476,13269,2613,ME,BC
2176,319680,107.5,127508,13278,4949,CE,OC
2177,337685,107.5,127515,13279,1233,EE,BC
2178,305253,107.5,127529,13282,3820,CS,SC
2179,274328,107.5,127533,13284,3804,EE,OC
2180,287903,107.5,127552,13288,1426,IT,BC
2181,288755,107.5,127576,13294,3821,CS,MBC
2182,314559,107.5,127597,13302,5703,EC,MBC
2183,376593,107.5,127607,13303,1137,EE,OC
2184,221306,107.5,127623,13307,2716,ME,MBC
2185,350510,107.5,127625,13308,5862,CE,OC
2186,367877,107.5,127629,13310,2727,AG,BC
2187,308663,107.5,127637,13312,2642,BM,MBC
2188,288295,107.5,127658,13316,4982,EC,OC
2189,302679,107.5,127672,13322,3701,EC,SC
2190,385583,107.5,127684,13326,1110,EE,OC
2191,372647,107.5,127704,13333,1441,ME,SC
2192,340909,107,127724,13340,2737,EE,OC
2193,299399,107,127769,13354,1101,EE,OC
2194,368424,107,127771,13355,2601,CE,MBC
2195,204557,107,127796,13361,2723,CS,SC
2196,302800,107,127812,13364,2622,AD,BC
2197,262809,107,127820,13368,1218,RM,OC
2198,333836,107,127828,13371,2611,CS,SC
2199,282437,107,127835,13376,2349,RM,SC
2200,364756,107,127837,13378,5530,EC,MBC
2201,289679,107,127849,13381,2615,ME,BCM
2202,329600,107,127851,13383,1430,EE,BC
2203,406291,107,127851A,13383A,4952,CS,OC
2204,264110,107,127869,13387,3782,CS,BC
2205,385772,107,127890,13393,1437,IT,SC
2206,361022,107,127958,13406,1401,EC,SC
2207,381030,107,128083,13418,1525,EE,OC
2208,298104,107,128104,13421,2610,MZ,BC
2209,350250,107,128118,13423,3805,AG,BC
2210,332020,107,128128,13425,2643,EC,BCM
2211,348589,107,128139,13427,3786,AE,MBC
2212,205585,107,128152,13428,2608,IT,SC
2213,289011,107,128154,13429,4964,AE,MBC
2214,325184,107,128183,13436,5935,EE,OC
2215,335795,107,128186,13438,2341,EC,BC
2216,334392,107,128188,13439,2345,EC,SC
2217,337869,107,128194,13440,3844,AD,BC
2218,267388,107,128196,13442,3701,EE,BC
2219,383936,107,128210,13443,1210,EE,SC
2220,280601,107,128214,13445,4955,CB,MBC
2221,373064,107,128245,13452,2367,CE,BC
2222,232152,107,128252,13455,4955,CS,BCM
2223,305178,107,128255,13456,2628,EE,MBC
2224,298200,107,128259,13458,2608,CE,MBC
2225,409460,107,128308,13468,1525,EC,SC
2226,377586,107,128315,13471,2743,EE,SC
2227,341628,107,128325,13474,3795,ME,OC
2228,299568,107,128354,13483,3841,CE,OC
2229,338241,106.5,128382,13490,4989,EC,OC
2230,351965,106.5,128388,13492,1114,EE,BC
2231,290208,106.5,128396,13495,4964,EE,OC
2232,222158,106.5,128402,13498,2628,AU,MBC
2233,236055,106.5,128421,13502,2601,ME,OC
2234,352466,106.5,128428,13504,1116,EE,OC
2235,394066,106.5,128437,13506,1405,AD,MBC
2236,264916,106.5,128467,13510,3806,CE,BC
2237,325508,106.5,128481,13513,2721,EE,BC
2238,362641,106.5,128532,13519,2609,AE,BC
2239,410088,106.5,128533,13520,3849,IT,BC
2240,279668,106.5,128540,13523,2632,ME,MBC
2241,333616,106.5,128576,13531,3814,EC,BC
2242,289596,106.5,128584,13532,2731,PD,BC
2243,372687,106.5,128607,13537,4978,AE,OC
2244,346115,106.5,128609,13538,2768,ME,OC
2245,305261,106.5,128639,13543,4941,EE,OC
2246,293890,106.5,128736,13549,3016,XC,OC
2247,377619,106.5,128763,13557,1525,EE,MBC
2248,406178,106.5,128775,13562,3410,CE,OC
2249,347318,106.5,128793,13566,2628,AM,SC
2250,364018,106.5,128818,13573,1605,IT,BC
2251,314014,106.5,128819,13574,1226,CS,SC
2252,305608,106.5,128853,13584,1421,CE,OC
2253,406182,106.5,128888,13592,2617,CE,OC
2254,254316,106.5,128944,13599,3782,CS,MBC
2255,322090,106.5,128980,13606,2601,ME,BC
2256,401042,106.5,128983,13608,3466,CS,SC
2257,371191,106.5,128991,13612,3016,EE,SC
2258,242143,106.5,128996,13613,5532,EC,BCM
2259,363954,106,129009,13616,2617,ME,OC
2260,409364,106,129058,13619,2611,SF,SC
2261,405098,106,129061,13622,2346,CS,MBC
2262,393125,106,129085,13625,1133,CS,BC
2263,361849,106,129106,13628,2611,CE,OC
2264,379434,106,129112,13630,5022,XM,ST
2265,361075,106,129126,13635,4669,EC,BC
2266,268610,106,129129,13636,2601,CH,BC
2267,229094,106,129157,13642,2601,EC,SCA
2268,271921,106,129211,13650,1126,EC,SC
2269,251588,106,129220,13651,4971,EC,MBC
2270,321652,106,129244,13656,1318,CS,SC
2271,365554,106,129257,13659,3850,EC,BC
2272,375799,106,129276,13665,2658,EE,OC
2273,310724,106,129295,13667,3806,EC,SC
2274,294933,106,129307,13670,4989,CS,BC
2275,366286,106,129374,13684,2624,PH,SCA
2276,273012,106,129381,13686,2611,AE,BC
2277,267927,106,129389,13688,4941,ME,OC
2278,265615,106,129395,13690,1241,EC,MBC
2279,251503,106,129412,13691,4680,EE,OC
2280,383396,106,129422,13692,3462,ME,MBC
2281,347002,106,129437,13696,1505,ME,MBC
2282,366869,106,129447,13698,5902,AD,BC
2283,406523,106,129456,13699,4961,CS,BC
2284,350546,106,129468,13702,3822,EC,OC
2285,273245,106,129485,13708,4941,EC,SC
2286,384756,106,129492,13711,2768,ME,BC
2287,268286,106,129522,13718,2622,IT,SC
2288,350169,106,129543,13720,3018,XC,OC
2289,289707,106,129552,13722,2673,ME,OC
2290,267525,106,129568,13726,4995,EE,OC
2291,365774,106,129582,13728,4989,IT,BC
2292,336854,106,129614,13736,3849,EC,OC
2293,337468,106,129624,13744,3821,ME,OC
2294,276382,106,129626,13745,5930,EC,OC
2295,387259,106,129644,13749,1106,EE,OC
2296,406585,106,129685,13756,3466,ME,OC
2297,364378,106,129693,13758,2643,EE,BC
2298,324738,106,129698,13761,4949,IN,OC
2299,221176,106,129700,13762,1319,CE,OC
2300,307592,105.5,129731,13769,4670,ME,BC
2301,369337,105.5,129734,13771,4977,CS,BC
2302,382558,105.5,129748,13774,3466,EE,OC
2303,298093,105.5,129761,13777,2617,MD,SCA
2304,411227,105.5,129776,13782,4917,BT,BC
2305,354322,105.5,129812,13792,4996,EC,OC
2306,299923,105.5,129850,13800,2328,ME,BC
2307,298949,105.5,129854,13802,3804,AU,BC
2308,406734,105.5,129905,13812,3454,ME,MBC
2309,369296,105.5,129940,13817,1233,ME,MBC
2310,323961,105.5,129950,13819,4928,ME,OC
2311,338695,105.5,130028,13830,2705,EE,OC
2312,374525,105.5,130037,13833,2342,CE,MBC
2313,308682,105.5,130147,13856,2622,BM,BC
2314,367574,105.5,130150,13857,5930,CE,OC
2315,286280,105.5,130156,13859,3461,AD,BC
2316,310558,105.5,130172,13864,1238,ME,OC
2317,263163,105.5,130201,13869,4955,AD,BC
2318,303952,105.5,130203,13870,2727,ME,OC
2319,349950,105.5,130213,13874,4994,EE,BC
2320,410136,105.5,130234,13879,2726,AO,BCM
2321,354650,105.5,130239,13880,2727,ME,MBC
2322,324816,105.5,130260,13888,2753,AG,SC
2323,349982,105.5,130269,13891,2607,TX,SC
2324,209362,105.5,130278,13893,2367,AD,BC
2325,264998,105.5,130282,13896,4938,CS,OC
2326,340090,105.5,130291,13898,4676,CS,MBC
2327,304252,105.5,130294,13899,1509,CS,SC
2328,217246,105.5,130299,13901,2648,EE,MBC
2329,227028,105,130365,13910,1213,IT,SC
2330,204682,105,130370,13911,3813,IT,BC
2331,345862,105,130379,13912,5935,CS,SC
2332,351499,105,130384,13914,2621,CE,BC
2333,314307,105,130387,13915,1319,EC,BC
2334,283137,105,130450,13928,1413,SC,SC
2335,406578,105,130451,13929,3466,EE,MBC
2336,204663,105,130453,13930,1335,EC,OC
2337,298818,105,130459,13934,3857,EE,OC
2338,281106,105,130476,13937,5865,CS,BC
2339,337500,105,130485,13942,2702,BT,SCA
2340,225262,105,130496,13947,2708,CS,BCM
2341,299609,105,130522,13953,4672,ME,BC
2342,334448,105,130525,13954,2614,TX,BC
2343,347602,105,130527,13956,2761,CS,MBC
2344,366745,105,130591,13972,5910,ME,MBC
2345,323530,105,130592,13973,2606,EC,MBC
2346,346870,105,130649,13982,3846,CB,MBC
2347,340675,105,130657,13984,2360,ME,BC
2348,281920,105,130659,13986,2647,EC,BC
2349,390468,105,130661,13987,3845,EE,OC
2350,355842,105,130732,13997,1434,EE,BC
2351,343362,105,130739,13999,4864,ME,OC
2352,237265,105,130746,14000,1237,EC,SC
2353,345381,105,130772,14006,4669,EE,OC
2354,244265,105,130798,14014,3016,ME,MBC
2355,287307,105,130806,14017,3814,CS,MBC
2356,391806,105,130808,14018,2609,EC,SC
2357,233721,105,130826,14024,4669,CS,MBC
2358,373214,105,130831,14025,1150,BM,OC
2359,261904,105,130837,14027,1444,EC,OC
2360,319877,105,130878,14036,1519,EC,BC
2361,252767,105,130899,14040,5988,EE,BC
2362,388472,105,130906,14042,3795,ME,BC
2363,346771,105,130917,14048,1517,CS,MBC
2364,344967,105,130928,14053,4952,CS,OC
2365,275212,104.5,130942,14057,1424,CB,BC
2366,354438,104.5,130957,14061,4972,ME,OC
2367,333886,104.5,130975,14069,4929,EE,OC
2368,349487,104.5,130976,14070,2727,CE,BC
2369,325974,104.5,131051A,14084A,5921,ME,BCM
2370,343172,104.5,131053,14085,5930,CE,OC
2371,394317,104.5,131060,14089,2747,CE,OC
2372,306067,104.5,131067,14092,5017,EC,SC
2373,301871,104.5,131091,14100,2621,MZ,BC
2374,275753,104.5,131111,14102,3845,ME,OC
2375,341412,104.5,131123,14105,2762,EC,BC
2376,276669,104.5,131154,14112,3403,AD,OC
2377,392270,104.5,131205,14122,3821,CS,SC
2378,357059,104.5,131215,14125,4670,BM,BC
2379,378905,104.5,131219,14127,3831,AG,MBC
2380,378853,104.5,131236,14130,3920,AD,OC
2381,251877,104.5,131253,14134,1424,EC,BC
2382,318989,104.5,131265,14140,5907,CE,BC
2383,240718,104.5,131292,14147,1523,EC,MBC
2384,403134,104.5,131306,14151,2611,ME,SC
2385,290369,104.5,131337,14157,3782,EC,BC
2386,297940,104.5,131362,14161,1210,EC,SC
2387,368875,104.5,131371,14165,1518,ME,OC
2388,300226,104.5,131380,14169,2601,CH,MBC
2389,334707,104.5,131389,14172,2614,TC,OC
2390,321426,104.5,131400,14173,3410,ME,OC
2391,333167,104.5,131431,14179,2716,EE,MBC
2392,286017,104.5,131433,14181,1107,EC,BC
2393,339740,104.5,131485,14192,2611,SF,MBC
2394,311252,104.5,131490,14194,3786,ME,BCM
2395,201758,104.5,131495,14198,2625,AG,BC
2396,341831,104,131515,14204,5914,CE,OC
2397,369270,104,131529,14208,5536,ME,BC
2398,349005,104,131542,14213,2768,EC,MBC
2399,315720,104,131565,14219,2609,CE,BC
2400,299138,104,131570,14220,1319,ME,BC
2401,377747,104,131582,14223,1411,EC,BC
2402,215364,104,131584,14225,4917,EC,SC
2403,373984,104,131599,14231,3456,BM,MBC
2404,283830,104,131601,14233,5703,EE,OC
2405,228642,104,131614,14239,2357,ME,MBC
2406,334288,104,131633,14247,5017,ME,OC
2407,310285,104,131655,14251,1309,EE,SC
2408,365930,104,131661,14254,3810,CE,OC
2409,376670,104,131665,14257,2349,RM,BC
2410,323732,104,131689,14261,3849,EC,OC
2411,315831,104,131691,14262,5930,EC,BC
2412,260125,104,131692,14263,3801,EE,OC
2413,321951,104,131694,14264,5988,EC,SC
2414,337769,104,131739,14270,3854,CS,MBC
2415,242094,104,131752,14271,3018,ME,OC
2416,273281,104,131759,14274,4670,ME,SC
2417,370107,104,131768,14276,4917,EC,BC
2418,308587,104,131774,14277,2763,ME,OC
2419,369128,104,131834,14289,2758,EC,MBC
2420,210599,104,131845,14292,2740,CS,BCM
2421,353099,104,131847,14293,2633,EE,MBC
2422,362434,104,131853,14294,3410,CE,MBC
2423,370752,104,131855,14295,5530,EC,BC
2424,327455,104,131879,14302,4995,AD,OC
2425,370534,104,131884,14304,3456,BM,BC
2426,319105,104,131910,14318,2707,CH,MBC
2427,212170,104,131953,14325,5910,ME,BC
2428,309698,104,131978,14331,2618,ME,SC
2429,281187,104,132000,14334,2601,BM,SC
2430,387101,104,132035,14340,3821,CE,MBC
2431,301710,104,132045,14343,1518,EC,BC
2432,328292,104,132067,14345,1209,EE,OC
2433,232271,104,132079,14349,1237,CS,BCM
2434,388593,104,132098,14356,3820,EC,BC
2435,314420,104,132124,14365,1510,EE,OC
2436,328743,103.5,132150,14375,2602,MD,MBC
2437,328831,103.5,132160,14378,2733,CS,SC
2438,387228,103.5,132163,14379,2633,ME,OC
2439,377733,103.5,132182,14382,2347,EE,BCM
2440,335591,103.5,132187,14384,5910,CE,OC
2441,342090,103.5,132205,14387,2617,MD,BC
2442,361876,103.5,132223,14392,4978,CS,SC
2443,357006,103.5,132234,14394,2611,CE,MBC
2444,245102,103.5,132265,14398,4993,AG,BC
2445,377867,103.5,132266,14399,3812,EE,BC
2446,300153,103.5,132279,14401,1529,CS,OC
2447,357015,103.5,132286,14403,1217,EC,MBC
2448,353694,103.5,132295,14406,4946,EC,OC
2449,370202,103.5,132300,14407,2623,ME,OC
2450,227946,103.5,132303,14408,1316,BM,SC
2451,345388,103.5,132316,14411,2647,IT,BC
2452,314220,103.5,132348,14416,3805,ME,SC
2453,270920,103.5,132354,14420,5930,EC,BC
2454,354174,103.5,132381,14424,2717,CS,MBC
2455,403109,103.5,132409,14429,3846,CB,SC
2456,255882,103.5,132458,14441,2725,EE,SC
2457,274903,103.5,132496,14455,2332,EC,OC
2458,410686,103.5,132507,14457,1436,CS,MBC
2459,247227,103.5,132537,14468,2722,ME,SC
2460,373017,103.5,132574,14482,2623,ME,OC
2461,333596,103.5,132611,14492,3810,ME,OC
2462,263555,103.5,132625,14496,4984,IT,BC
2463,309256,103.5,132680,14514,2328,SC,SC
2464,279816,103.5,132686,14517,3019,XC,BC
2465,232653,103.5,132695,14520,1318,EC,BC
2466,275859,103.5,132698,14521,5907,AD,BC
2467,369715,103.5,132713,14524,4964,CE,SC
2468,307065,103.5,132716,14525,2639,ME,BC
2469,328022,103,132774,14535,2369,ME,BC
2470,323227,103,132793,14541,4024,CE,OC
2471,375811,103,132805,14542,2327,ME,BC
2472,290059,103,132806,14543,2749,EC,BCM
2473,358633,103,132829,14546,2630,EE,OC
2474,249102,103,132845,14552,1121,CS,MBC
2475,271156,103,132846,14553,3801,IC,BC
2476,287239,103,132889,14563,1322,ME,BC
2477,333114,103,132896,14564,4946,AD,SC
2478,377760,103,132905,14565,3456,EC,OC
2479,323468,103,132953,14571,5988,EC,MBC
2480,266071,103,132978,14576,3803,CH,BC
2481,299197,103,132988,14577,2776,AG,BC
2482,244151,103,132990,14578,4959,BT,MBC
2483,263297,103,132996,14579,1509,ME,OC
2484,281535,103,133042,14590,4676,EC,MBC
2485,327078,103,133053,14594,3805,RM,BCM
2486,326534,103,133068,14598,2633,ME,MBC
2487,361469,103,133083,14601,1121,EC,OC
2488,360922,103,133104,14610,1222,EC,SC
2489,350833,103,133133,14613,4972,ME,BC
2490,307039,103,133135,14615,5913,PD,OC
2491,306480,103,133158,14618,2769,EC,MBC
2492,363862,103,133175,14620,1210,ME,BCM
2493,291012,103,133186,14624,1509,EI,OC
2494,320902,103,133195,14626,2621,ME,BC
2495,289945,103,133200,14628,2726,CE,BC
2496,362743,103,133220,14634,4989,AG,BC
2497,315830,103,133256,14647,1319,IT,BC
2498,345908,103,133269,14654,1524,CS,OC
2499,333965,103,133274,14655,4965,ME,SC
2500,365195,103,133281,14656,2609,ME,BC
2501,228217,103,133299,14658,2704,ME,BC
2502,326844,103,133315,14662,1409,ME,MBC
2503,354481,103,133340,14674,3016,CE,OC
2504,244085,102.5,133361,14678,4917,CS,BCM
2505,333180,102.5,133385,14682,2614,CS,MBC
2506,285908,102.5,133401,14688,4994,IT,MBC
2507,364245,102.5,133428,14695,5910,EC,BCM
2508,338269,102.5,133429,14696,1427,IT,BC
2509,342338,102.5,133437,14698,3852,CS,SC
2510,405147,102.5,133457,14703,1123,AE,SC
2511,350774,102.5,133463,14706,1510,EC,OC
2512,327406,102.5,133471,14709,5912,CS,BC
2513,263684,102.5,133480,14713,2744,CE,MBC
2514,244296,102.5,133499,14716,3804,EE,MBC
2515,409596,102.5,133521,14721,3817,ME,BC
2516,388971,102.5,133522,14722,1101,EC,MBC
2517,368395,102.5,133531,14723,2601,AE,MBC
2518,330737,102.5,133568,14728,2367,CB,BC
2519,297126,102.5,133580,14731,2367,AD,MBC
2520,302301,102.5,133589,14734,2659,EE,OC
2521,274542,102.5,133638,14744,3815,EE,OC
2522,305612,102.5,133651,14746,5530,ME,BC
2523,214084,102.5,133657,14748,2617,ME,BC
2524,373780,102.5,133672,14755,5914,EC,BC
2525,264985,102.5,133682,14757,4941,EC,MBC
2526,397118,102.5,133701,14759,2341,AD,MBC
2527,402650,102.5,133712,14762,1307,BM,BC
2528,410928,102.5,133743,14766,3918,EC,MBC
2529,256496,102.5,133750,14768,4929,ME,OC
2530,306422,102.5,133753,14769,1120,EI,SC
2531,387644,102.5,133819,14783,1449,ME,MBC
2532,358842,102.5,133825,14786,2646,EE,BC
2533,368740,102.5,133829,14788,1325,EC,BC
2534,222720,102.5,133850,14791,1509,EI,BC
2535,312417,102.5,133851,14792,5988,EE,MBC
2536,217367,102.5,133852,14793,1319,EC,MBC
2537,301056,102.5,133857,14795,1501,ME,OC
2538,375626,102.5,133869,14797,5532,CE,MBC
2539,327093,102.5,133876,14799,1306,ME,BC
2540,372416,102.5,133878,14801,1441,ME,BC
2541,248412,102.5,133921,14814,1509,EE,BC
2542,379003,102.5,133950,14821,2717,EC,SC
2543,371249,102.5,133957,14822,1518,ME,OC
2544,333208,102,133986,14830,2601,ME,BC
2545,328341,102,134017,14841,2623,EE,OC
2546,366397,102,134093,14858,2328,IT,SCA
2547,338343,102,134148,14867,1517,ME,OC
2548,264433,102,134178,14873,2751,ME,BC
2549,254880,102,134181,14875,1137,EE,MBC
2550,336029,102,134201,14880,2627,BM,MBC
2551,266491,102,134212,14882,2612,ME,OC
2552,354498,102,134229,14885,1228,IT,SC
2553,306899,102,134236,14886,3806,BM,MBC
2554,386619,102,134244,14887,1122,EC,SC
2555,233142,102,134398,14915,4941,CS,BC
2556,220470,102,134500,14942,1217,CS,SC
2557,338098,102,134507,14943,3812,EE,BC
2558,305349,102,134512,14946,4966,EE,BC
2559,320583,102,134514,14948,3854,CS,BC
2560,410209,102,134522,14954,2673,ME,BC
2561,285267,102,134540,14960,3011,XM,OC
2562,241378,102,134549,14962,4941,EE,BC
2563,329214,102,134553,14966,2345,CE,OC
2564,330958,102,134560,14968,3804,EC,MBC
2565,324327,102,134562,14969,3811,CE,OC
2566,411543,102,134570,14972,1441,ME,BC
2567,243714,102,134585,14977,4995,EE,BC
2568,344839,102,134586,14978,2634,AE,MBC
2569,365857,102,134589,14979,2731,EE,BCM
2570,363131,102,134595,14982,3817,CE,SC
2571,230977,101.5,134622,14994,2608,EC,SC
2572,295716,101.5,134628,14996,1401,CE,MBC
2573,327344,101.5,134663,15002,1101,ME,BC
2574,384508,101.5,134664,15003,1427,IT,BC
2575,335749,101.5,134688,15012,1303,ME,OC
2576,342526,101.5,134701,15018,1313,CS,BC
2577,321082,101.5,134717,15021,2713,ME,BC
2578,316611,101.5,134734,15024,3456,BM,SC
2579,321200,101.5,134736,15025,2609,CE,MBC
2580,386947,101.5,134771,15030,4952,IT,MBC
2581,281912,101.5,134786,15033,2716,IT,SC
2582,291481,101.5,134793,15035,3812,AD,OC
2583,324549,101.5,134804,15037,3846,RM,MBC
2584,305189,101.5,134830,15043,2623,BM,BC
2585,350979,101.5,134847,15047,2727,CE,MBC
2586,284918,101.5,134872,15055,1424,CS,SC
2587,367553,101.5,134879,15058,4928,AD,OC
2588,322544,101.5,134897,15062,3019,XC,MBC
2589,301926,101.5,134930,15067,1407,EC,MBC
2590,358850,101.5,134954,15075,2726,AG,MBC
2591,256520,101.5,134964,15078,3464,ME,BC
2592,339140,101.5,134982,15086,3815,EC,MBC
2593,298011,101.5,134983,15087,2727,EC,SC
2594,301052,101.5,135055,15103,2634,EE,BC
2595,351853,101.5,135069,15106,3410,CE,BC
2596,373559,101.5,135114,15114,3849,CS,BC
2597,282491,101.5,135124,15117,2622,EC,BC
2598,231274,101.5,135129,15119,1504,EE,BC
2599,360079,101.5,135140,15122,1431,ME,OC
2600,262985,101,135190,15138,2739,ME,SC
2601,348231,101,135194,15140,3805,EE,BC
2602,318927,101,135198,15142,3701,EE,SC
2603,366919,101,135207,15144,5914,EC,MBC
2604,211065,101,135254,15159,1013,ME,MBC
2605,318286,101,135274,15165,2367,CS,SC
2606,319607,101,135280,15168,3760,ME,BC
2607,217921,101,135294,15172,3795,EE,SC
2608,408481,101,135329,15180,5990,CE,OC
2609,307064,101,135331,15181,3460,CS,BC
2610,285502,101,135341,15184,3918,CS,BC
2611,287866,101,135347,15185,2648,AU,MBC
2612,376211,101,135353,15188,4686,CS,BC
2613,319206,101,135362,15189,1402,CS,BC
2614,279969,101,135373,15190,4978,CS,MBC
2615,323479,101,135427,15200,2602,IE,OC
2616,273099,101,135430,15202,2731,PD,SC
2617,240631,101,135445,15209,2338,AD,MBC
2618,337636,101,135450,15211,2632,ME,BC
2619,323523,101,135462,15212,2623,EE,BC
2620,365935,101,135475,15217,2758,CS,SC
2621,291762,101,135478,15218,2354,EE,OC
2622,351031,101,135480,15219,4965,CE,OC
2623,246726,101,135502,15228,3844,BM,BC
2624,302750,101,135510,15230,2751,ME,MBC
2625,295296,101,135526,15233,1413,EC,SC
2626,281648,101,135529,15234,4959,EE,SC
2627,267546,101,135552,15238,1452,AD,SC
2628,313972,101,135555,15239,1238,BM,MBC
2629,260171,101,135567,15243,2611,SF,BC
2630,321151,101,135573,15245,2610,MZ,MBC
2631,326365,101,135590,15249,4969,EC,BC
2632,249478,101,135592,15250,2613,CS,SC
2633,406769,101,135618,15257,2648,ME,BC
2634,366406,101,135637,15264,1424,RM,SCA
2635,377769,101,135658,15268,2650,EC,SC
2636,321444,101,135703,15287,1408,ME,OC
2637,230426,101,135712,15289,1422,ME,SCA
2638,298199,101,135713,15290,2623,ME,BC
2639,341121,100.5,135728,15294,1207,ME,OC
2640,320190,100.5,135737,15296,1501,EE,OC
2641,343051,100.5,135742,15299,3011,CE,SC
2642,315161,100.5,135748,15301,2617,ME,MBC
2643,376957,100.5,135779,15310,1212,BM,MBC
2644,292216,100.5,135836,15325,1110,EE,BC
2645,394864,100.5,135839,15328,1123,AM,BC
2646,252042,100.5,135855,15331,3845,EC,BC
2647,406415,100.5,135892,15341,5930,ME,SC
2648,298010,100.5,135959,15358,3460,ME,MBC
2649,326284,100.5,135999,15365,5910,ME,SCA
2650,241756,100.5,136003,15368,1526,CS,OC
2651,308438,100.5,136007,15369,2610,BT,BC
2652,373347,100.5,136016,15370,4978,AE,SC
2653,313902,100.5,136024,15373,2715,CE,BC
2654,215305,100.5,136042,15379,1529,CS,OC
2655,297683,100.5,136050,15383,2769,CE,OC
2656,253638,100.5,136062,15385,1408,ME,MBC
2657,409960,100.5,136074,15388,4983,EC,OC
2658,388425,100.5,136076,15389,2624,ME,MBC
2659,241705,100.5,136084,15394,4941,ME,MBC
2660,377260,100.5,136089,15395,1303,AD,MBC
2661,332066,100.5,136206,15426,1230,EC,MBC
2662,369589,100.5,136230,15433,3857,EE,MBC
2663,324033,100.5,136245,15438,4953,IT,OC
2664,358046,100.5,136273,15446,1213,BM,OC
2665,245730,100,136387,15476,2716,MZ,BC
2666,365131,100,136451,15487,1430,EC,BC
2667,242027,100,136464,15489,4995,AD,BC
2668,241873,100,136468,15491,1232,IT,MBC
2669,352260,100,136475,15493,1118,EC,SCA
2670,365849,100,136490,15496,2617,CE,BC
2671,345413,100,136517,15503,3805,AE,BC
2672,327862,100,136527,15505,2607,EC,SC
2673,288226,100,136554,15513,2751,EC,SC
2674,328387,100,136555,15514,1313,EC,BC
2675,323259,100,136567,15517,2621,AE,BC
2676,243001,100,136579,15522,2610,EE,SC
2677,409286,100,136581,15523,4967,CE,MBC
2678,323852,100,136608,15530,3018,CE,OC
2679,388280,100,136614,15532,5930,EE,BC
2680,225386,100,136626,15536,1238,BM,BC
2681,310588,100,136631,15538,2673,EE,BC
2682,319211,100,136641,15540,2608,ME,SC
2683,323293,100,136655,15543,2613,SF,SC
2684,368409,100,136662,15546,2648,EE,BC
2685,344515,100,136681,15550,2651,CE,MBC
2686,333689,100,136700,15553,1209,CS,OC
2687,398846,100,136713,15556,2617,MD,SC
2688,212504,100,136718,15557,2601,ME,MBC
2689,389887,100,136730,15562,4672,EE,SCA
2690,406732,100,136804,15586,2623,ME,MBC
2691,368145,100,136806,15587,5904,CS,SC
2692,252521,100,136823,15591,2712,TX,SC
2693,386708,100,136840,15594,4989,EC,BC
2694,246566,100,136843,15595,1222,EC,MBC
2695,298256,100,136849,15597,1307,CS,BCM
2696,290174,99.5,136897,15615,4978,AE,BC
2697,400624,99.5,136901,15616,3806,ME,SC
2698,340338,99.5,136908,15620,2356,EC,OC
2699,411477,99.5,136917,15624,1529,ME,OC
2700,234836,99.5,136928,15628,1216,ME,SC
2701,277757,99.5,137004,15641,1408,ME,BC
2702,299555,99.5,137047,15651,2747,ME,BC
2703,369182,99.5,137064,15653,4955,EE,OC
2704,323068,99.5,137129,15673,2609,AO,MBC
2705,351779,99.5,137145,15676,1421,CE,SC
2706,375700,99.5,137149,15679,1518,AU,OC
2707,361933,99.5,137155,15680,5986,CE,MBC
2708,304912,99.5,137175,15683,4972,EC,OC
2709,357825,99.5,137193,15689,2341,ME,OC
2710,211528,99.5,137203,15691,1237,AD,BC
2711,278070,99.5,137252,15706,4978,AG,MBC
2712,376028,99.5,137282,15713,1120,CE,SC
2713,287877,99.5,137289,15715,4982,EC,BC
2714,315970,99.5,137301,15718,2707,XM,SCA
2715,322238,99.5,137316,15720,1424,EE,MBC
2716,366628,99.5,137326,15723,1311,AE,BC
2717,349173,99.5,137329,15724,3403,CS,SC
2718,341789,99.5,137363,15734,4965,AD,MBC
2719,311652,99.5,137392,15743,3822,EC,MBC
2720,289389,99.5,137408,15745,1434,CS,BC
2721,280182,99.5,137412,15748,4949,EE,MBC
2722,400325,99,137420,15751,1116,ME,OC
2723,339747,99,137421,15752,4675,ME,OC
2724,281974,99,137423,15754,3844,SC,BCM
2725,348890,99,137427,15755,3019,XM,OC
2726,410502,99,137428,15756,2716,ME,BC
2727,335146,99,137430,15758,2608,ME,BC
2728,380279,99,137442,15762,2608,ME,BC
2729,245299,99,137454,15764,4941,ME,BC
2730,250543,99,137458,15765,1509,ME,OC
2731,340763,99,137462,15767,1405,EC,SC
2732,324585,99,137492,15771,4980,EE,SC
2733,381215,99,137567,15786,1434,ME,OC
2734,279584,99,137619,15795,3849,EC,OC
2735,400651,99,137683,15803,4864,ME,BC
2736,258980,99,137684,15804,1449,CS,SC
2737,271143,99,137695,15807,1212,PE,MBC
2738,319665,99,137739,15826,1209,ME,OC
2739,301590,99,137750,15831,4669,CS,SC
2740,262115,99,137756,15833,3804,BM,MBC
2741,308984,99,137760,15836,2332,CS,OC
2742,354453,99,137768,15839,4975,CS,MBC
2743,324228,99,137798,15845,3806,CE,SC
2744,314357,99,137800,15846,1210,ME,SC
2745,379624,99,137810,15850,5915,ME,BC
2746,264257,99,137838,15856,2602,CS,MBC
2747,351488,99,137850,15862,2602,IT,MBC
2748,347366,99,137857,15863,2707,CS,BCM
2749,316692,99,137893,15875,4989,AU,OC
2750,366772,99,137899,15879,2683,IT,SC
2751,312999,99,137908,15882,1318,EE,OC
2752,349920,99,137910,15883,1301,EE,BC
2753,362027,99,137930,15888,1232,CS,OC
2754,335974,99,137941,15893,1232,CS,OC
2755,334767,99,137942,15894,1434,AE,OC
2756,326295,99,137969,15903,2758,IT,BC
2757,355914,98.75,138006,15912,2630,ME,MBC
2758,316465,98.5,138043,15920,3795,EC,MBC
2759,357083,98.5,138052,15923,1428,EC,OC
2760,370536,98.5,138059,15925,3826,AG,BC
2761,409233,98.5,138068,15929,2625,EC,SCA
2762,329944,98.5,138107,15943,5942,EC,OC
2763,363122,98.5,138116,15945,2747,CS,SC
2764,240772,98.5,138143,15954,5919,CH,BC
2765,340584,98.5,138164,15961,1526,EC,OC
2766,365994,98.5,138173,15964,2611,BT,BC
2767,209997,98.5,138174,15965,2609,CE,BC
2768,232099,98.5,138182,15969,1405,ME,BC
2769,328049,98.5,138188,15970,4989,EC,MBC
2770,336599,98.5,138197,15972,3760,ME,MBC
2771,374384,98.5,138204,15974,2611,CE,SCA
2772,335296,98.5,138208,15977,3831,EE,OC
2773,345623,98.5,138219,15979,2609,EC,BCM
2774,369728,98.5,138224,15982,2632,EE,SC
2775,377709,98.5,138263,15993,1401,ME,SC
2776,353243,98.5,138268,15996,2653,CS,SC
2777,332009,98.5,138269,15997,4946,AD,BC
2778,334239,98.5,138292,16006,5912,CS,SC
2779,370306,98.5,138308,16011,3846,EC,OC
2780,252794,98.5,138362,16021,4023,EE,MBC
2781,334218,98.5,138380,16025,4995,CS,SC
2782,326838,98.5,138386,16028,3801,ME,OC
2783,353410,98.5,138415,16034,4934,CS,BC
2784,268425,98.5,138428,16039,3786,EE,MBC
2785,284516,98.5,138439,16045,2753,BM,MBC
2786,240256,98.5,138469,16051,1415,CS,OC
2787,385232,98.5,138470,16052,1133,CS,MBC
2788,378872,98.5,138476,16056,3805,CE,BC
2789,375287,98.5,138492,16059,2612,CE,OC
2790,373583,98.5,138526,16067,3918,CE,OC
2791,382639,98.5,138542,16071,1423,CS,OC
2792,381692,98,138558,16078,1226,EE,BC
2793,341208,98,138576,16083,3845,ME,OC
2794,316573,98,138594,16085,2608,CE,SC
2795,379770,98,138602,16088,3456,EE,OC
2796,244749,98,138604,16089,2705,CS,BC
2797,288155,98,138626,16095,2621,CS,SCA
2798,236899,98,138638,16099,3849,IT,SC
2799,386575,98,138674,16108,3821,EE,MBC
2800,299692,98,138693,16116,4992,IT,OC
2801,378640,98,138700,16118,4669,EE,BC
2802,334087,98,138704,16119,1303,AG,BC
2803,367986,98,138711,16121,1517,CS,SC
2804,299134,98,138725,16123,2345,EE,SC
2805,232663,98,138735,16126,2764,EC,BCM
2806,320241,98,138750,16131,1437,EE,OC
2807,360589,98,138755,16132,3701,ME,BC
2808,406329,98,138770,16137,5930,ME,SC
2809,328532,98,138781,16139,3829,AD,SC
2810,386778,98,138782,16140,1202,AD,BC
2811,403471,98,138795,16146,1116,ME,OC
2812,402804,98,138826,16152,1510,EE,MBC
2813,345968,98,138852,16160,1137,EE,BC
2814,346703,98,138858,16162,2302,ME,BC
2815,319179,98,138867,16164,2632,CE,MBC
2816,305445,98,138884,16171,2356,CS,BC
2817,378598,98,138886,16172,2767,CS,MBC
2818,228776,98,138898,16181,4917,CS,SCA
2819,219036,98,138911,16185,3801,EE,BC
2820,313134,98,138940,16191,1431,EC,BC
2821,208115,98,138945,16193,2368,CS,BC
2822,314271,98,138958,16197,2717,EC,MBC
2823,373281,98,138970,16202,1441,EE,SC
2824,200202,98,138992,16207,1427,IT,SC
2825,302934,98,139015,16214,2628,EE,BC
2826,321239,98,139035,16221,1401,ME,MBC
2827,360148,98,139064,16233,3805,ME,BC
2828,320704,98,139072,16236,3819,ME,BC
2829,369234,98,139084,16242,2338,ME,BC
2830,363261,98,139088,16243,3811,EE,BC
2831,362404,97.5,139105,16248,2717,CS,BCM
2832,357044,97.5,139109,16250,5862,AU,SC
2833,366004,97.5,139136,16255,2356,EE,MBC
2834,248121,97.5,139140,16259,5910,CE,OC
2835,318427,97.5,139170,16269,3011,CE,BC
2836,310762,97.5,139188,16273,1436,EC,MBC
2837,328594,97.5,139200,16278,4964,EE,OC
2838,254278,97.5,139203,16279,2651,CE,BC
2839,362961,97.5,139220,16282,1318,EE,OC
2840,391821,97.5,139223,16284,3456,EE,OC
2841,345978,97.5,139256,16292,4954,EE,SC
2842,388538,97.5,139263,16293,3466,EC,BC
2843,316344,97.5,139268,16294,2705,EC,BC
2844,304160,97.5,139295,16303,1304,EE,BCM
2845,356589,97.5,139328,16313,1335,EC,MBC
2846,309203,97.5,139332,16314,1107,CS,MBC
2847,237785,97.5,139333,16315,3786,ME,MBC
2848,279432,97.5,139376,16322,3860,CS,BC
2849,342211,97.5,139383,16324,4999,EC,OC
2850,288528,97.5,139387,16327,5022,EE,MBC
2851,394063,97.5,139390,16328,4972,CS,SC
2852,286760,97.5,139417,16334,3820,EE,MBC
2853,296827,97.5,139420,16335,2705,ME,OC
2854,307359,97.5,139455,16346,4955,EE,BC
2855,406513,97.5,139479,16352,4672,EC,MBC
2856,300042,97.5,139515,16368,3841,CS,SC
2857,349094,97.5,139519,16370,2607,ME,BC
2858,356312,97.5,139538,16377,3805,ME,BC
2859,288617,97.5,139544,16379,1123,SC,SC
2860,291042,97.5,139561,16384,5930,EC,MBC
2861,368819,97.5,139574,16388,2641,EE,OC
2862,239694,97.5,139623,16400,5913,ME,OC
2863,244155,97.5,139644,16404,5921,CE,OC
2864,316250,97.5,139650,16409,3804,ME,OC
2865,349661,97,139674,16415,2614,EE,MBC
2866,290666,97,139675,16416,3805,EE,SC
2867,370561,97,139684,16418,3926,EE,MBC
2868,259030,97,139703,16420,2717,CE,OC
2869,394126,97,139709,16422,5930,EC,BC
2870,409661,97,139710,16423,1510,ME,OC
2871,298061,97,139712,16424,4994,EE,MBC
2872,329393,97,139726,16428,4954,IT,MBC
2873,302375,97,139754,16435,2609,ME,SC
2874,285769,97,139774,16438,1421,ME,MBC
2875,344536,97,139785,16441,2357,AD,SC
2876,318769,97,139791,16443,5842,IT,OC
2877,300223,97,139832,16452,3465,CE,BC
2878,352808,97,139874,16458,1126,RM,SC
2879,383405,97,139885,16462,3831,ME,OC
2880,309796,97,139886,16463,1325,EC,SC
2881,267615,97,139915,16473,1209,CS,BC
2882,335801,97,139936,16481,2770,EC,BC
2883,329558,97,139957,16486,1209,IT,SC
2884,269585,97,139963,16489,3850,AD,MBC
2885,299522,97,139965,16490,1137,ME,OC
2886,304736,97,139971,16492,3833,EC,SC
2887,320659,97,139988,16497,2736,ME,SC
2888,283866,97,140006,16501,3018,CE,OC
2889,353082,97,140018,16503,1513,ME,OC
2890,344519,97,140076,16522,2368,CS,MBC
2891,390989,97,140103,16533,4669,EC,SC
2892,376177,97,140112,16537,1322,EE,BC
2893,306201,97,140115,16539,2338,BM,BC
2894,364220,97,140116,16540,1334,EC,OC
2895,333989,97,140147,16546,4949,MU,OC
2896,323417,97,140166,16556,1319,AD,MBC
2897,328797,97,140174,16558,3766,CE,OC
2898,289175,97,140184,16563,1452,CS,SC
2899,361919,96.5,140198,16566,1510,EC,BC
2900,345557,96.5,140223,16571,1303,ME,SC
2901,360712,96.5,140230,16573,4948,CS,BC
2902,260735,96.5,140237,16575,2673,CS,BCM
2903,408564,96.5,140271,16583,3926,ME,MBC
2904,373633,96.5,140275,16585,4996,EC,BC
2905,352856,96.5,140307,16595,5901,ME,BCM
2906,260835,96.5,140324,16599,5010,ME,BC
2907,363868,96.5,140341,16603,2616,IT,OC
2908,389129,96.5,140375,16607,2611,CE,SC
2909,308912,96.5,140389,16610,2726,ME,BC
2910,218934,96.5,140395,16615,2601,ME,MBC
2911,317434,96.5,140400,16616,4989,ME,OC
2912,281860,96.5,140412,16619,4999,EC,BC
2913,286561,96.5,140478,16636,1137,AD,BCM
2914,301112,96.5,140482,16637,3021,EE,MBC
2915,290628,96.5,140509,16644,1316,EE,SC
2916,365462,96.5,140574,16658,5703,EC,SCA
2917,320486,96.5,140584,16662,5536,EE,MBC
2918,362319,96.5,140607,16670,3820,ME,OC
2919,308889,96.5,140613,16671,3425,ME,SC
2920,387091,96.5,140617,16673,2367,ME,OC
2921,405279,96.5,140619,16675,1116,EC,SC
2922,344636,96.5,140629,16679,2763,ME,MBC
2923,239057,96.5,140632,16681,5919,EE,OC
2924,287186,96.5,140637,16684,3805,CE,SC
2925,361494,96.5,140657,16693,5990,ME,OC
2926,244628,96.5,140681,16699,1416,AD,BC
2927,315220,96.5,140683,16701,1301,CB,SC
2928,347308,96.5,140684,16702,5910,EC,SC
2929,353118,96.5,140705,16706,2639,EE,SC
2930,405142,96,140751,16717,2338,CS,BCM
2931,365744,96,140755,16718,2611,EC,SC
2932,259204,96,140904,16749,2747,CE,BC
2933,296068,96,140921,16752,3905,ME,SC
2934,372284,96,140923,16753,5913,TX,MBC
2935,328815,96,140961,16767,1427,EC,OC
2936,293136,96,140976,16774,1335,EC,BC
2937,240425,96,140988,16779,2723,MD,SC
2938,355156,96,140999,16782,4941,EE,SC
2939,374486,96,141018,16791,5921,CE,BC
2940,272737,96,141041,16795,1217,CE,OC
2941,266729,96,141044,16796,2723,CE,BC
2942,236770,96,141061,16799,2744,EE,SCA
2943,307909,96,141109,16812,4989,IT,MBC
2944,287843,96,141111,16813,3813,IT,MBC
2945,238036,96,141140,16821,2721,CE,OC
2946,307447,96,141159,16825,3806,ME,MBC
2947,351458,96,141161,16826,2748,EE,OC
2948,344545,96,141185,16834,1430,EE,MBC
2949,370456,96,141222,16843,1518,EC,BC
2950,315936,96,141230,16846,2621,MZ,MBC
2951,304745,95.5,141246,16851,2608,CE,BC
2952,341999,95.5,141287,16866,2743,CE,MBC
2953,287960,95.5,141388,16893,1014,CE,MBC
2954,376066,95.5,141399,16897,4974,CE,SC
2955,319885,95.5,141423,16901,4966,ME,OC
2956,409290,95.5,141426,16902,3859,CS,BC
2957,361194,95.5,141444,16905,1411,CS,BC
2958,322817,95.5,141468,16909,5930,CE,BC
2959,382630,95.5,141472,16912,1127,EC,MBC
2960,315566,95.5,141523,16933,2716,EE,BC
2961,257808,95.5,141539,16937,2327,EC,MBC
2962,313818,95.5,141541,16938,2632,ME,SC
2963,277308,95.5,141566,16950,1218,RM,MBC
2964,349001,95.5,141600,16963,4686,EC,OC
2965,350315,95.5,141606,16964,1518,AE,MBC
2966,366824,95.5,141616,16968,2650,AD,BC
2967,361728,95.5,141646,16973,5990,ME,OC
2968,405100,95.5,141651,16974,2346,EE,OC
2969,299322,95.5,141693,16986,2641,EE,MBC
2970,382682,95.5,141698,16987,5990,ME,OC
2971,273844,95.5,141721,16995,1324,ME,SC
2972,387343,95.5,141765,17009,1533,IT,BCM
2973,337244,95.5,141778,17015,3465,ME,BCM
2974,310903,95,141832,17024,3918,ME,OC
2975,353452,95,141847,17031,4925,MD,OC
2976,361422,95,141861,17034,1444,CS,OC
2977,324640,95,141869,17035,2650,AD,SC
2978,234011,95,141938,17050,1424,RM,BC
2979,350578,95,141969,17066,1519,CE,OC
2980,304636,95,142015,17078,1212,EC,OC
2981,265935,95,142041,17082,3811,EE,SC
2982,362267,95,142069,17089,1501,EE,MBC
2983,348299,95,142081,17094,2622,EC,SC
2984,276401,95,142083,17095,3801,CE,OC
2985,332037,95,142099,17100,4964,CE,MBC
2986,373404,95,142124,17106,1150,BM,BC
2987,346114,95,142149,17114,1510,CE,OC
2988,305614,95,142189A,17126A,3403,CS,MBC
2989,234340,95,142196,17129,4965,CE,BC
2990,314314,95,142197,17130,4969,EE,BC
2991,219081,95,142199,17131,4675,EC,OC
2992,350098,95,142216,17138,3807,CS,SC
2993,341307,95,142226,17142,3410,CE,SC
2994,405905,95,142233,17143,1116,CS,SC
2995,403678,95,142268,17152,4680,EC,BCM
2996,208556,95,142269,17153,4917,EE,BC
2997,373235,95,142286,17157,2768,EC,SC
2998,382200,95,142288,17158,3462,CS,SC
2999,314544,95,142321,17170,1520,IT,SC
3000,287558,94.5,142331,17176,2665,CE,OC
3001,337376,94.5,142348,17179,2647,EE,OC
3002,344371,94.5,142357,17183,5902,ME,SC
3003,355567,94.5,142360,17184,3822,EE,OC
3004,295947,94.5,142377,17188,1310,EE,OC
3005,292508,94.5,142384,17191,2623,CS,BCM
3006,247114,94.5,142400,17194,1523,AU,OC
3007,257361,94.5,142416,17197,2716,RM,OC
3008,226012,94.5,142446,17202,1125,CS,BC
3009,243158,94.5,142466,17207,2636,EC,BCM
3010,342161,94.5,142494,17214,2634,EC,SC
3011,344151,94.5,142501,17215,1504,ME,MBC
3012,331525,94.5,142560,17226,2610,CE,OC
3013,295720,94.5,142568,17229,3804,AG,OC
3014,340661,94.5,142575,17231,1243,AD,OC
3015,267111,94.5,142579,17232,2711,EI,SCA
3016,305686,94.5,142596,17237,4952,CS,BC
3017,335791,94.5,142658,17248,3849,EE,OC
3018,381642,94.5,142702,17260,2768,EN,OC
3019,268598,94.5,142704,17261,2618,EC,SCA
3020,326256,94.5,142758,17273,3805,AG,SC
3021,393965,94.5,142779,17283,1421,EE,SC
3022,378587,94.5,142820,17293,2621,AE,MBC
3023,355578,94.5,142832,17299,1213,EE,OC
3024,344338,94,142852,17305,5009,CE,SC
3025,353446,94,142879,17315,2733,FT,SC
3026,299585,94,142884,17318,2707,AG,MBC
3027,382820,94,142896,17322,5930,EE,MBC
3028,333133,94,142912,17326,1421,CE,MBC
3029,307255,94,142926,17329,1309,ME,BC
3030,361563,94,142938,17334,1137,CE,OC
3031,306353,94,142962,17342,5942,CS,BC
3032,368506,94,142964,17343,2726,AU,SC
3033,264793,94,142982,17347,4949,EE,BC
3034,407020,94,142998,17351,3466,EC,BC
3035,382160,94,143011,17353,2632,CS,SC
3036,375001,94,143021,17357,1101,CS,BC
3037,346291,94,143026,17360,1232,CS,MBC
3038,329168,94,143055,17366,2354,EE,BC
3039,396962,94,143121,17381,2638,CS,BCM
3040,368695,94,143128,17382,2719,ME,SC
3041,241666,94,143158,17390,4678,EE,OC
3042,331204,94,143165,17392,2727,ME,BC
3043,378260,94,143200,17401,2611,PH,BC
3044,336634,94,143203,17402,5907,EC,OC
3045,278342,94,143218,17408,3849,EE,SC
3046,351959,94,143255,17421,2640,EE,MBC
3047,336226,94,143287,17430,2748,ME,OC
3048,337283,94,143290,17431,1310,EE,BC
3049,400381,94,143327,17447,5910,EC,SC
3050,359511,94,143346,17452,1442,BM,OC
3051,250169,94,143379,17461,1442,BM,MBC
3052,341486,94,143385,17464,2347,ME,BC
3053,391596,93.5,143397,17466,3845,ME,MBC
3054,305205,93.5,143398,17467,4993,EC,SC
3055,262556,93.5,143405,17469,1230,ME,OC
3056,344229,93.5,143424,17473,2652,CS,BCM
3057,336774,93.5,143457,17481,3849,EC,MBC
3058,348751,93.5,143486,17489,3011,XM,BC
3059,231537,93.5,143517,17498,1316,CE,BC
3060,351662,93.5,143523,17499,4928,EE,BC
3061,335622,93.5,143532,17501,3011,CE,BC
3062,273960,93.5,143536,17502,2658,CS,MBC
3063,320554,93.5,143541,17506,3825,ME,OC
3064,342126,93.5,143559,17514,2646,CE,BC
3065,288461,93.5,143561,17516,3810,ME,BC
3066,369560,93.5,143579,17522,2747,EE,SC
3067,316453,93.5,143600,17528,5017,ME,SC
3068,410100,93.5,143671,17544,5914,CB,OC
3069,288892,93.5,143695,17552,1317,CH,BC
3070,290722,93.5,143700,17553,2717,RM,OC
3071,377616,93.5,143718,17559,3804,ME,OC
3072,299937,93.5,143738,17568,3908,CS,SC
3073,300413,93.5,143758,17572,2641,AD,OC
3074,286170,93.5,143783,17581,5,IT,BCM
3075,253561,93.5,143812,17591,4977,EC,OC
3076,238201,93.5,143816,17593,4953,ME,OC
3077,386085,93.5,143837,17598,5914,AD,BC
3078,319283,93.5,143862,17608,1213,CB,MBC
3079,260803,93.5,143885,17612,4672,EC,SC
3080,201015,93.5,143902,17621,3846,ME,OC
3081,351385,93.5,143913,17622,5935,EE,BC
3082,373765,93,143946,17631,1333,CS,OC
3083,403446,93,143957,17636,5930,ME,BCM
3084,214553,93,143988,17641,4024,EE,OC
3085,354585,93,143989,17642,5532,ME,SC
3086,337058,93,144010,17648,4672,CS,SC
3087,268941,93,144023,17651,5942,IT,SC
3088,282697,93,144048,17655,2716,BM,SC
3089,381942,93,144055,17660,2601,ME,BCM
3090,350789,93,144113,17675,2610,ME,MBC
3091,375401,93,144116,17676,1513,EE,BC
3092,251899,93,144171,17697,3819,CE,OC
3093,297973,93,144238,17718,2707,ME,BC
3094,344068,93,144249,17723,3811,EC,MBC
3095,402293,93,144250,17724,1511,EC,OC
3096,266103,93,144254,17725,1222,IT,ST
3097,268146,93,144259,17728,2659,EE,BCM
3098,342783,93,144262,17730,5913,CE,BC
3099,382852,93,144289,17736,1431,ME,MBC
3100,222797,93,144290,17737,5990,EC,OC
3101,286192,93,144295,17739,1510,CE,SC
3102,372594,93,144325,17754,2643,EC,SCA
3103,312196,93,144329,17756,5,CZ,MBC
3104,405883,93,144340,17761,1205,CS,OC
3105,238035,93,144346,17763,2601,BT,BC
3106,307112,93,144403,17777,4993,EE,MBC
3107,339439,92.5,144435,17788,2327,ME,SC
3108,348905,92.5,144450,17794,5930,CE,MBC
3109,342272,92.5,144467,17798,5912,CS,BC
3110,344695,92.5,144475,17800,3926,CE,MBC
3111,328757,92.5,144485,17804,3807,ME,SC
3112,299379,92.5,144500,17807,4954,CE,OC
3113,286488,92.5,144509,17808,2614,ME,OC
3114,268944,92.5,144571,17829,3460,CE,BC
3115,372691,92.5,144593,17834,2769,PE,SC
3116,287685,92.5,144609,17839,5,ME,SC
3117,341244,92.5,144654,17850,4970,EE,BC
3118,390210,92.5,144694,17859,3829,ME,BC
3119,346802,92.5,144697,17861,2623,AD,SC
3120,354790,92.5,144698,17862,2650,CS,SC
3121,220576,92.5,144721,17870,2712,FT,SC
3122,335021,92.5,144722,17871,2772,EC,BC
3123,308437,92.5,144754,17878,1213,CB,BC
3124,285943,92.5,144760,17879,1205,CS,MBC
3125,367519,92.5,144761,17880,5862,CS,SC
3126,367958,92.5,144771,17885,2758,ME,MBC
3127,277003,92.5,144779,17887,5990,ME,SC
3128,301232,92.5,144829,17904,1106,ME,OC
3129,214711,92.5,144854,17914,1205,CS,BC
3130,307984,92.5,144879,17923,5913,EC,BC
3131,382350,92,144902,17935,3846,CB,BC
3132,374902,92,144926,17941,2659,ME,OC
3133,382795,92,144958,17956,1416,BM,MBC
3134,362405,92,144988,17964,3859,CS,MBC
3135,409362,92,144992,17967,4686,ME,BC
3136,368511,92,144998,17968,1414,ME,OC
3137,331279,92,145001,17969,2731,PD,MBC
3138,365500,92,145033,17976,1452,CE,MBC
3139,305105,92,145044,17981,3857,CS,BC
3140,357234,92,145046,17983,2636,CE,SC
3141,354133,92,145055,17985,1322,ME,SC
3142,362716,92,145062,17989,2609,EC,SC
3143,318878,92,145064,17990,4964,EC,SC
3144,341173,92,145074,17994,2611,PH,SC
3145,321124,92,145078,17996,2647,IT,SC
3146,215408,92,145186,18032,1304,RM,SCA
3147,243728,92,145202,18040,4941,CS,MBC
3148,336776,92,145272,18058,1523,ME,BC
3149,351022,92,145283,18061,1137,EC,SC
3150,369924,92,145297,18067,1424,EC,SC
3151,340413,92,145308,18071,4953,ME,BC
3152,249551,92,145317,18074,2748,CS,MBC
3153,338276,92,145327,18077,2650,EC,MBC
3154,279734,92,145333,18081,4999,CS,SC
3155,231440,92,145342,18084,2617,AD,BCM
3156,336839,92,145360,18088,2656,CE,SC
3157,300995,92,145368,18092,3817,ME,BCM
3158,396913,91.5,145407,18106,1116,CE,OC
3159,289769,91.5,145441,18117,1218,BM,OC
3160,321909,91.5,145483,18135,3857,EC,MBC
3161,334454,91.5,145519,18143,1509,EE,MBC
3162,334312,91.5,145540,18148,2611,MC,SCA
3163,336363,91.5,145550,18149,2723,BM,SCA
3164,305825,91.5,145574,18158,4928,AD,BC
3165,315035,91.5,145596,18167,4917,EE,BC
3166,266305,91.5,145597,18168,4996,EE,OC
3167,296789,91.5,145605,18170,4933,ME,OC
3168,304759,91.5,145615,18173,4928,CS,OC
3169,334708,91.5,145619,18177,3848,ME,OC
3170,354578,91.5,145670,18194,5536,AG,OC
3171,323167,91.5,145677,18195,1116,ME,MBC
3172,349936,91.5,145696,18204,4966,ME,MBC
3173,354335,91.5,145707,18208,2732,ME,BC
3174,401650,91.5,145715,18210,2716,AE,SC
3175,373108,91.5,145739,18214,2659,ME,MBC
3176,295278,91.5,145748,18217,4992,IT,MBC
3177,279459,91.5,145758,18221,4955,AD,SC
3178,360863,91.5,145782,18229,1518,IT,ST
3179,210533,91.5,145790,18232,1419,EI,ST
3180,231658,91.5,145834,18246,4999,ME,OC
3181,336552,91.5,145903,18277,2621,MZ,BCM
3182,365054,91,145930,18283,1405,EE,MBC
3183,390169,91,145935,18284,3460,EE,OC
3184,298168,91,145958,18291,2716,AG,MBC
3185,316190,91,145968,18294,2643,AD,SC
3186,357643,91,146019,18312,4983,RM,OC
3187,303656,91,146049,18318,4984,CS,MBC
3188,287478,91,146051,18319,3460,ME,BC
3189,382477,91,146067,18326,3846,ME,BC
3190,396974,91,146073,18329,4933,CS,MBC
3191,354594,91,146112,18341,1120,IT,ST
3192,288696,91,146126,18350,1513,CS,SCA
3193,406369,91,146160,18361,3852,EE,BCM
3194,321670,91,146166,18363,5930,CE,MBC
3195,388017,91,146170,18366,4928,EC,BC
3196,231389,91,146181,18370A,3016,EC,BC
3197,289454,91,146220,18378,4968,CS,BC
3198,327661,91,146262,18392,4934,CS,MBC
3199,257856,91,146267,18394,4995,EC,BC
3200,356753,91,146276,18395,3926,CE,BC
3201,234292,91,146283,18398,5530,EC,MBC
3202,391536,91,146287,18401,1523,EE,BC
3203,330729,91,146288,18402,1509,EC,SC
3204,236444,91,146336,18422,5536,CS,BC
3205,353477,91,146337,18423,2665,AE,OC
3206,409091,91,146371,18433,3848,EC,OC
3207,340489,91,146383,18438,2627,EE,MBC
3208,368679,91,146385,18439,2665,CS,SCA
3209,355402,91,146404,18444,2737,ME,BC
3210,301015,90.5,146421,18451,3018,ME,BC
3211,402690,90.5,146445,18461,5912,AD,BC
3212,308332,90.5,146486,18477,2613,EC,SC
3213,375242,90.5,146551,18495,5703,EE,OC
3214,384065,90.5,146586,18509,3850,CS,MBC
3215,244410,90.5,146622,18520,1115,EE,OC
3216,296035,90.5,146629,18522,3918,CS,SC
3217,361914,90.5,146700,18542,5502,EC,OC
3218,276678,90.5,146702,18544,2769,PD,OC
3219,372323,90.5,146720,18548,2659,ME,BC
3220,267684,90.5,146735,18555,3804,ME,SC
3221,375423,90.5,146752,18562,3831,EE,MBC
3222,374826,90.5,146760,18564,4984,EC,BC
3223,300163,90.5,146767,18569,1303,CS,SC
3224,362690,90.5,146772,18571,4675,EE,OC
3225,270599,90.5,146796,18578,2314,EC,SC
3226,365738,90.5,146805,18580,2327,ME,BC
3227,245466,90.5,146832,18590,2653,CE,SC
3228,405469,90.5,146835,18591,4952,EE,OC
3229,343287,90.5,146864,18603,3830,IT,SCA
3230,274597,90.5,146876,18606,2772,EC,SC
3231,335397,90.5,146901,18614,2618,MZ,SC
3232,378441,90.5,146904,18616,3805,ME,SCA
3233,298724,90.5,146909,18619,4948,FT,OC
3234,252846,90,146934,18625,1421,ME,BC
3235,289182,90,146935,18626,1303,ME,BC
3236,378487,90,146938,18628,3456,ME,OC
3237,246799,90,147003,18660,3804,AG,BC
3238,366980,90,147035,18671,3403,EC,SC
3239,308284,90,147071,18684,4928,CE,OC
3240,410571,90,147079,18686,1526,CS,BC
3241,325728,90,147099,18691,1121,EC,MBC
3242,368024,90,147140,18703,2750,EC,BCM
3243,248178,90,147144,18704,4999,AD,BCM
3244,355729,90,147205,18727,1228,EC,SC
3245,382317,90,147221,18732,3920,EE,MBC
3246,405257,90,147224,18734,1116,CE,SC
3247,295848,90,147229,18736,4995,AD,MBC
3248,266671,90,147236,18740,1449,EC,MBC
3249,333643,90,147247,18744,2646,ME,BC
3250,374402,90,147285,18755,3811,CE,BC
3251,295245,90,147289,18756,1226,EE,SC
3252,322660,90,147290,18757,2642,ME,SCA
3253,276454,90,147297,18760,4968,ME,OC
3254,375519,90,147306,18764,4978,EE,OC
3255,392003,90,147317,18768,1115,AD,SC
3256,339536,90,147325,18771,2612,ME,OC
3257,355848,90,147350,18779,3923,EC,OC
3258,316201,90,147358,18782,4993,EE,SC
3259,368916,90,147373,18785,3811,ME,OC
3260,315845,90,147386,18788,4983,EE,OC
3261,342635,90,147387,18789,5703,EE,BC
3262,287596,90,147403,18794,4970,EC,BC
3263,236804,89.5,147451,18813,1116,EE,MBC
3264,309396,89.5,147457,18817,2601,BT,SC
3265,336263,89.5,147459,18818,2748,CE,OC
3266,337143,89.5,147479,18822,3461,ME,BC
3267,328961,89.5,147551,18838,4995,EC,MBC
3268,347071,89.5,147558,18841,5990,EE,OC
3269,298955,89.5,147654,18873,1106,EI,SC
3270,374787,89.5,147703,18891,3920,ME,OC
3271,246000,89.5,147753,18911,1405,SC,SCA
3272,300761,89.5,147764,18915,1233,AD,SC
3273,366716,89.5,147795,18923,1316,EE,BCM
3274,369887,89.5,147800,18925,4676,EE,SC
3275,297424,89.5,147810,18927,3403,PH,OC
3276,320804,89.5,147853,18943,2356,ME,BC
3277,285103,89.5,147886,18959,5862,AG,BC
3278,354961,89.5,147895,18962,2601,ME,SC
3279,368392,89.5,147897,18963,4020,ME,BC
3280,387799,89,147914,18970,4943,CS,OC
3281,325013,89,147930,18975,1233,CE,OC
3282,306761,89,147942,18983,4968,CS,MBC
3283,280910,89,147971,18998,2749,ME,MBC
3284,409893,89,148029,19012,1319,CE,BC
3285,321575,89,148032,19014,2634,PC,BC
3286,292190,89,148051,19017,2601,CS,BCM
3287,220878,89,148069,19022,3466,CS,BC
3288,375776,89,148085,19027,2776,CE,BCM
3289,225423,89,148177,19060,3403,AD,BC
3290,362645,89,148182,19061,3805,BT,SC
3291,305724,89,148184,19062,3843,ME,BC
3292,327507,89,148251,19088,4934,EC,MBC
3293,346199,89,148284,19099,2611,AE,SC
3294,352761,89,148288,19100,1210,EC,SCA
3295,232930,89,148294,19104,2716,AG,SC
3296,367323,89,148308,19109,1408,ME,SC
3297,331480,89,148310,19110,2611,EE,SC
3298,290159,89,148317,19112,1101,ME,MBC
3299,391483,89,148353,19122,1232,CS,SC
3300,308505,89,148369,19131,4978,EE,OC
3301,344422,88.5,148381,19134,5536,AG,SC
3302,366822,88.5,148382,19135,2706,ME,SCA
3303,405950,88.5,148393,19138,2636,CE,BC
3304,233552,88.5,148400,19141,4676,CS,SC
3305,305828,88.5,148425,19144,3849,EC,SC
3306,276884,88.5,148443,19151,2341,AD,BC
3307,363138,88.5,148448,19153,2625,BM,BC
3308,308253,88.5,148452,19156,1216,SC,SCA
3309,301876,88.5,148499,19172,2737,CE,OC
3310,357846,88.5,148508,19176,4989,AU,MBC
3311,246789,88.5,148515,19179,5009,EE,BC
3312,359041,88.5,148569,19194,2707,CJ,SC
3313,299727,88.5,148572,19195,1222,IT,SC
3314,319548,88.5,148581,19199,4959,ME,OC
3315,334167,88.5,148584,19201,5988,ME,OC
3316,409400,88.5,148618,19217,2748,CE,MBC
3317,388880,88.5,148636,19224,2345,CS,SC
3318,409447,88.5,148654,19229,1510,ME,OC
3319,321718,88.5,148662,19231,4982,ME,OC
3320,340611,88.5,148668,19233,4953,ME,BC
3321,354377,88.5,148691,19242,1430,CE,MBC
3322,218248,88.5,148704,19246,3803,ME,OC
3323,236270,88.5,148719,19251,4946,EE,OC
3324,358387,88.5,148726,19254,2611,ME,BC
3325,318568,88.5,148728,19255,3011,AU,SC
3326,293626,88.5,148737,19259,1241,AD,MBC
3327,300141,88.5,148746,19261,2610,CE,BC
3328,317915,88.5,148768,19271,5017,ME,MBC
3329,347017,88.5,148782,19274,5502,CE,MBC
3330,217441,88.5,148795,19276,1509,EC,BC
3331,405208,88.5,148807,19279,1229,EC,BC
3332,375723,88,148869,19302,5990,EC,MBC
3333,298374,88,148883,19308,4934,EE,BCM
3334,287089,88,148901,19313,1421,ME,BC
3335,290372,88,148902,19314,3820,EC,SC
3336,307838,88,148934,19324,4948,FT,BC
3337,291721,88,148964,19333,1422,EE,SC
3338,323000,88,148969,19337,2636,ME,SC
3339,275114,88,148975,19340,5930,CE,BC
3340,285114,88,149000,19352,1238,EE,SC
3341,383139,88,149049,19367,2705,ME,OC
3342,354236,88,149064,19370,4977,CS,MBC
3343,261341,88,149069,19373,1452,EE,BC
3344,305411,88,149108,19390,2327,ME,MBC
3345,374350,88,149182,19404,5533,CS,MBC
3346,235534,88,149185,19406,2772,CB,SC
3347,241594,88,149198,19410,5988,ME,OC
3348,320855,88,149271,19437,2616,EC,OC
3349,370530,88,149275,19439,2327,CE,OC
3350,275972,87.5,149311,19457,2354,EC,BC
3351,377667,87.5,149327,19460,4967,EC,SC
3352,353372,87.5,149373,19474,2643,EE,SC
3353,328070,87.5,149381,19477,5703,CE,SC
3354,286090,87.5,149384,19479,2706,IT,BCM
3355,304844,87.5,149421,19489,3806,CE,MBC
3356,295718,87.5,149492,19512,1226,ME,BC
3357,378711,87.5,149527,19522,3456,ME,SC
3358,379787,87.5,149545,19529,3456,EE,MBC
3359,341804,87.5,149575,19537,2620,EC,BCM
3360,371960,87.5,149578,19538,4675,EC,BC
3361,368160,87.5,149585,19541,1229,ME,OC
3362,274522,87.5,149589,19542,2708,MZ,SCA
3363,368838,87.5,149643,19558,1221,CS,OC
3364,363067,87.5,149644,19559,4970,ME,SCA
3365,383918,87.5,149675,19569,2342,CE,BC
3366,383310,87.5,149693,19576,2769,CE,BC
3367,290543,87.5,149698,19579,1512,EC,SC
3368,266056,87.5,149715,19588,3805,FD,SC
3369,379771,87,149785,19608,3815,TX,OC
3370,374869,87,149792,19610,1133,ME,OC
3371,324043,87,149816,19617,3810,EE,BC
3372,334032,87,149837,19622,4957,EC,SC
3373,373871,87,149838,19623,1209,EC,OC
3374,365359,87,149851,19631,1237,EE,SC
3375,284152,87,149893,19645,5009,ME,SCA
3376,314971,87,149903,19647,3018,XM,MBC
3377,391068,87,149923,19657,1313,CS,SC
3378,344960,87,149931,19661,1313,BM,BC
3379,335331,87,149968,19675,4953,CS,MBC
3380,228334,87,149972,19676,4975,EC,BC
3381,391118,87,149975,19679,4968,AD,OC
3382,298748,87,149976,19680,2717,CS,SC
3383,230057,87,149992,19685,4928,EC,BC
3384,285241,87,150111,19723,2621,IT,BCM
3385,340947,87,150142,19734,1510,EC,SC
3386,356737,87,150150,19738,4675,ME,BC
3387,336385,87,150169,19742,2769,PD,BC
3388,235740,87,150205,19753,1209,CS,MBC
3389,333723,86.5,150235,19766,2611,CY,SC
3390,325202,86.5,150266,19775,3920,AD,MBC
3391,308545,86.5,150299,19786,5910,EE,SC
3392,357677,86.5,150338,19802,2707,XM,BC
3393,391605,86.5,150344,19804,5988,ME,SC
3394,369056,86.5,150361,19809,4925,PH,OC
3395,278355,86.5,150387,19820,2607,MZ,BC
3396,350835,86.5,150405,19827,4968,EC,OC
3397,388132,86.5,150416,19835,3701,CE,OC
3398,374673,86.5,150480,19865,3809,EE,OC
3399,252524,86.5,150496,19872,4941,EE,MBC
3400,234481,86.5,150522,19879,4954,EE,MBC
3401,326795,86.5,150539,19886,4952,CS,BCM
3402,291058,86.5,150546,19891,4953,IT,BC
3403,340939,86.5,150580,19901,4917,EE,SC
3404,409281,86.5,150629,19914,1202,IT,SC
3405,255961,86.5,150639,19918,5017,ME,BC
3406,335508,86.5,150647,19920,4968,AD,BC
3407,380915,86.5,150657,19926,2733,EC,MBC
3408,264544,86.5,150668,19933,1501,EE,BC
3409,377664,86.5,150679,19936,3462,EE,MBC
3410,340184,86.5,150688,19939,1408,CE,SC
3411,245837,86.5,150691,19940,4989,EC,BC
3412,403616,86.5,150698,19944,2640,CE,OC
3413,370374,86,150718,19952,4975,ME,BC
3414,302143,86,150732,19957,1414,EC,SC
3415,378318,86,150823,19987,1519,CE,MBC
3416,244735,86,150842,19994,4978,AG,BC
3417,324650,86,150851,19996,2705,ME,SC
3418,333129,86,150858,19998,5919,EE,BC
3419,321775,86,150874,20004,1218,EC,OC
3420,373160,86,150906,20015,3920,ME,BC
3421,235189,86,150928,20021,4993,ME,OC
3422,311752,86,150930,20022,3846,AD,MBC
3423,372955,86,150942,20026,4978,RM,BCM
3424,351934,86,150947,20028,2642,ME,BC
3425,248394,86,150966,20037,2764,MZ,BCM
3426,361272,86,151045,20065,5703,ME,OC
3427,266771,86,151084,20081,2751,CS,BCM
3428,289756,86,151085,20082,1310,ME,MBC
3429,370769,86,151086,20083,1211,AU,SC
3430,317860,86,151088,20085,2726,AL,SCA
3431,387483,86,151098,20087,2747,CS,BCM
3432,362581,86,151122,20094,1504,IT,SCA
3433,354495,86,151128,20096,5902,AD,SC
3434,301640,86,151135,20098,2716,AE,BC
3435,359119,86,151170,20113,2332,EE,OC
3436,360229,85.5,151175,20117,1318,ME,OC
3437,410809,85.5,151216,20132,2673,EE,MBC
3438,398787,85.5,151251,20149,2338,AD,SC
3439,354888,85.5,151254,20150,5533,ME,SC
3440,345461,85.5,151256,20151,2716,ME,BCM
3441,378215,85.5,151261,20154,3456,EC,BC
3442,406535,85.5,151268,20156,3018,CE,SC
3443,409351,85.5,151295,20164,3920,EC,BC
3444,253078,85.5,151345,20180,4982,ME,OC
3445,211880,85.5,151356,20183,3795,CE,MBC
3446,298328,85.5,151375,20188,1303,IT,SC
3447,316997,85.5,151394,20195,5010,CE,MBC
3448,335799,85.5,151469,20222,3804,AG,MBC
3449,380054,85.5,151478,20224,1504,SC,SC
3450,315598,85.5,151509,20240,2354,CE,OC
3451,347257,85.5,151514,20241,3920,ME,SC
3452,340246,85.5,151546,20257,1519,EE,BC
3453,356748,85.5,151561,20265,5930,ME,BC
3454,327438,85.5,151563,20266,4949,MU,BC
3455,340327,85.5,151577,20270,4996,EC,SC
3456,322361,85.5,151578,20271,1449,CE,OC
3457,377519,85.5,151600,20278,5988,ME,MBC
3458,353563,85.5,151608,20281,1519,CE,BC
3459,361924,85,151627,20292,3804,ME,BC
3460,289786,85,151630,20293,3018,ME,SC
3461,410292,85,151653,20304,5921,CS,SC
3462,297590,85,151676,20312,3849,ME,OC
3463,362233,85,151712,20322,2609,EE,SC
3464,381604,85,151745,20330,1311,CS,ST
3465,267654,85,151773,20343,2737,EC,BCM
3466,211350,85,151806,20357,1421,ME,MBC
3467,334666,85,151816,20359,4952,CS,BC
3468,385955,85,151822,20363,2611,CE,BC
3469,342510,85,151824,20364,3848,CS,SC
3470,375752,85,151881,20378,4949,MZ,BC
3471,410424,85,151892,20383,2673,CE,OC
3472,276156,85,151980,20414,1426,ME,OC
3473,277928,85,152010,20426,1217,AD,SC
3474,342919,85,152030,20434,1303,AD,SC
3475,403199,85,152034,20435,1116,ME,SC
3476,337946,84.5,152085,20455,2716,AE,BC
3477,363208,84.5,152112,20465,2639,CS,BCM
3478,381872,84.5,152142,20473,1430,CS,MBC
3479,287638,84.5,152174,20484,1421,CE,MBC
3480,372089,84.5,152182,20485,1150,BM,SC
3481,379348,84.5,152194,20491,2628,BM,SC
3482,375682,84.5,152210,20495,4949,ME,BC
3483,354000,84.5,152219,20499,1125,AE,OC
3484,265005,84.5,152238,20505,4978,EE,SC
3485,300735,84.5,152266,20514,1424,ME,OC
3486,346773,84.5,152300,20524,5930,ME,BC
3487,388383,84.5,152304,20526,2342,CE,SC
3488,387853,84.5,152310,20529,1150,AG,MBC
3489,307926,84.5,152343,20539,2737,CE,SC
3490,387216,84.5,152346,20540,2646,CE,MBC
3491,376147,84.5,152352,20544,4968,ME,BC
3492,339499,84.5,152379,20555,2332,CS,MBC
3493,387410,84.5,152400,20563,2658,ME,OC
3494,394075,84.5,152406,20565,2716,MD,BC
3495,303504,84.5,152411,20567,2705,CE,OC
3496,405548,84,152468,20589,2347,ME,SCA
3497,353527,84,152488,20599,4989,MU,OC
3498,340397,84,152504,20606,2772,ME,BCM
3499,282941,84,152509,20608,4968,AD,SC
3500,339768,84,152529,20617,3920,ME,MBC
3501,398378,84,152571,20634,1116,EE,SCA
3502,385814,84,152579,20637,2610,ME,MBC
3503,326866,84,152601,20640B,5904,EC,SC
3504,226990,84,152614,20648,4933,CS,MBC
3505,303722,84,152638,20658,4929,CS,ST
3506,358022,84,152694,20679,2641,ME,OC
3507,230712,84,152700,20681,4971,ME,OC
3508,305823,84,152702,20682,1217,AD,BC
3509,313264,84,152715,20690,3461,ME,SC
3510,307248,84,152732,20700,4686,EC,BC
3511,305464,84,152742,20703,3808,IT,OC
3512,332400,84,152762,20710,1213,EC,BC
3513,298912,84,152776,20718,2751,AD,SC
3514,347230,84,152791,20726,2338,AG,BC
3515,361123,84,152822,20738,2601,BM,BC
3516,339289,84,152863,20753,2625,EE,BC
3517,402722,84,152870,20757,1313,EE,OC
3518,267809,83.5,152884,20761,4962,ME,SC
3519,337192,83.5,152890,20765,3021,XC,BC
3520,246574,83.5,152894,20766,2622,IT,BCM
3521,321171,83.5,152903,20769,4943,CS,BC
3522,293612,83.5,152913,20773,3908,EE,BC
3523,269068,83.5,152922,20775,4955,CS,MBC
3524,368646,83.5,153039,20817,4957,ME,SC
3525,269505,83.5,153045,20820,2341,ME,SC
3526,299389,83.5,153050,20823,3804,BM,SC
3527,319738,83.5,153100,20847,1137,EE,SC
3528,262237,83.5,153122,20855,4023,IT,MBC
3529,279836,83.5,153168,20871,4984,CS,BC
3530,307571,83.5,153182,20876,2748,EC,MBC
3531,364992,83.5,153188,20880,5930,ME,BC
3532,380034,83.5,153224,20894,2776,ME,SCA
3533,346930,83.5,153225,20895,2611,ME,BC
3534,361344,83,153245,20905,4680,ME,BC
3535,336625,83,153295,20919,3920,AD,SC
3536,394207,83,153353,20942,2611,CE,BC
3537,382135,83,153379,20950,3860,ME,OC
3538,376006,83,153392,20954,5842,IT,MBC
3539,309328,83,153411,20962,5919,BT,SC
3540,350382,83,153458,20984,2648,CE,BCM
3541,393159,83,153566,21025,4949,MU,MBC
3542,285560,83,153611,21042,4943,CS,MBC
3543,389588,83,153621,21049,2711,EI,SC
3544,380562,83,153637,21056,1524,CE,OC
3545,349673,82.5,153647,21059,1137,ME,MBC
3546,286745,82.5,153690,21068,1126,AG,OC
3547,362979,82.5,153720,21078,5502,EC,BC
3548,309422,82.5,153750,21087,4964,EC,BC
3549,381555,82.5,153779,21098,1230,ME,OC
3550,380193,82.5,153828,21116,1430,EC,SCA
3551,408090,82.5,153829,21117,2624,BT,SCA
3552,339845,82.5,153839,21122,1126,AG,BC
3553,275472,82.5,153842,21124,2711,CH,SC
3554,216340,82.5,153862,21129,1306,AD,BCM
3555,300780,82.5,153943,21160,1427,EE,OC
3556,342219,82.5,153977,21178,4675,EC,MBC
3557,346350,82.5,153980,21180,2769,BC,MBC
3558,306786,82,154018,21195,3807,SC,SC
3559,368602,82,154022,21197,2606,EC,BC
3560,308376,82,154065,21211,2614,IT,SC
3561,349821,82,154135,21235,4981,ME,BC
3562,269245,82,154152,21245,1217,MU,OC
3563,333759,82,154186,21259,1420,AE,SC
3564,313724,82,154219,21273,2354,ME,SC
3565,353272,82,154303,21309,2623,EC,SC
3566,245724,82,154318,21317,2726,MZ,SC
3567,298598,82,154339,21329,4978,SC,BC
3568,353273,82,154362,21339,2743,CE,SC
3569,321941,82,154372,21341,3806,ME,BC
3570,345179,82,154378,21344,1230,ME,MBC
3571,398675,82,154384,21347,1209,CS,BC
3572,373373,81.5,154414A,21361A,3926,ME,BC
3573,353219,81.5,154453,21376,1434,ME,SC
3574,379922,81.5,154454,21377,3456,EE,SC
3575,246493,81.5,154459,21378,1301,EC,BC
3576,391484,81.5,154461,21379,4994,EC,SC
3577,363241,81.5,154471,21382,5913,EE,SCA
3578,387722,81.5,154490,21389A,3821,ME,BC
3579,314914,81.5,154495,21392,1503,CH,OC
3580,336963,81.5,154518,21398,1516,ME,BCM
3581,305555,81.5,154580,21418,1232,IT,BC
3582,306975,81.5,154612,21432,4680,EE,SC
3583,405744,81.5,154686,21461,2606,CE,OC
3584,381278,81.5,154692,21464,3782,EE,BC
3585,378351,81.5,154698,21468,4680,CE,BC
3586,335757,81,154723,21477,2707,ME,SCA
3587,347222,81,154725,21478,2647,ME,OC
3588,369274,81,154730,21480,1402,ME,OC
3589,311554,81,154733,21483,5915,CE,OC
3590,403537,81,154734,21484,2767,EE,MBC
3591,357840,81,154761,21494,1517,EC,MBC
3592,288377,81,154773,21501,4974,ME,SC
3593,315587,81,154791,21507,3849,EC,MBC
3594,350003,81,154815,21514,1207,ME,BC
3595,406808,81,154838,21522,3821,EE,BC
3596,336722,81,154846,21525,2763,MZ,BCM
3597,368213,81,154863,21532,1518,ME,BC
3598,389100,81,154866,21534,1441,CE,BC
3599,370007,81,154873,21535,1409,CE,OC
3600,362608,81,154879,21536,4675,EE,SC
3601,410474,81,154903,21544,2734,MO,SC
3602,368767,81,154931,21556,3018,CE,MBC
3603,264735,81,154953,21561,4993,ME,BC
3604,389061,81,154954,21562,3456,EE,BC
3605,322808,81,154956,21563,3849,ME,OC
3606,390976,81,154973,21572,4669,EC,MBC
3607,345141,81,154980,21574,3849,EE,MBC
3608,391326,81,154983,21575,3845,ME,SC
3609,363841,81,155000,21581,5930,CS,SC
3610,295206,81,155006,21582,1438,CS,MBC
3611,374567,81,155066,21602,4993,ME,MBC
3612,354367,81,155092,21612,3016,EE,MBC
3613,351309,81,155115,21619,2652,ME,BC
3614,272663,81,155130,21624,4981,EE,BC
3615,233188,81,155134,21626,4993,BM,BC
3616,354701,81,155144,21630,2658,EE,SC
3617,333438,80.5,155180,21642,4983,AG,BC
3618,338415,80.5,155196,21647,2705,CS,SC
3619,319369,80.5,155233,21658,4957,ME,MBC
3620,273971,80.5,155236,21659,2341,BM,BC
3621,368475,80.5,155267,21675,2606,CE,OC
3622,336262,80.5,155271,21677,3857,ME,OC
3623,263357,80.5,155304,21692,2606,EC,BC
3624,390582,80.5,155309,21697,3857,ME,SC
3625,382363,80.5,155320,21702,3804,ME,BC
3626,299360,80.5,155337,21707,2723,BM,SC
3627,349377,80.5,155338,21708,3813,EC,BC
3628,341157,80.5,155384,21727,2356,CE,OC
3629,339579,80.5,155415,21742,1449,AG,SC
3630,352094,80.5,155431,21748,2717,CE,MBC
3631,368185,80.5,155470,21760,2350,EC,OC
3632,326631,80.5,155477,21763,1437,EC,BC
3633,299725,80.5,155501,21771,5915,CE,BC
3634,321799,80,155531,21787,2764,ME,SC
3635,348267,80,155593,21812,3812,CE,MBC
3636,381223,80,155607,21815,4931,CE,OC
3637,306002,80,155609,21816,4982,CS,OC
3638,256939,80,155618,21821,4980,EE,MBC
3639,270510,80,155666,21839,4024,CE,MBC
3640,377696,80,155683,21847,4670,AG,MBC
3641,306361,80,155708,21856,4992,ME,OC
3642,406120,80,155728,21865,2776,AU,SC
3643,327050,80,155740,21869,3810,ME,MBC
3644,334591,80,155745,21871,2656,CE,BC
3645,410360,80,155755,21877,2652,IT,SCA
3646,408866,80,155769,21885,1524,EE,MBC
3647,378257,80,155778,21887,3833,CE,OC
3648,368870,80,155810,21900,2633,ME,BC
3649,292867,80,155915,21939,3021,CE,OC
3650,298230,80,155917,21940,3801,ME,SC
3651,263055,80,155935,21948,5017,ME,BCM
3652,371489,80,155980,21970,1202,EE,BC
3653,410053,80,156010,21984,2743,FD,BCM
3654,392191,80,156021,21990,1225,EE,SC
3655,374182,80,156045,22004,2632,CE,BC
3656,268654,80,156066,22011,4946,CS,BC
3657,333602,80,156111,22025,3819,IC,OC
3658,402708,79.5,156205,22067,4943,ME,OC
3659,336512,78.5,156253,22088,3810,ME,SC
3660,243612,78,156268,22094,1421,CE,BC
