S NO,AGGREGATE MARK,GENERAL RANK,COLLEGE CODE,BRANCH CODE,ALLOTTED COMMUNITY
1,182.0,7907,2736,EE,OC
2,181.5,8091,3465,CE,MBC
3,179.0,9531,1217,BT,OC
4,174.5,12369,2610,MD,OC
5,174.5,12430,5009,EE,MBC
6,173.8,12880,3465,EE,SC
7,173.5,13054,2709,AU,OC
8,171.0,14691,1501,EE,OC
9,170.0,15250,2750,CS,MBC
10,169.5,15653,2708,AE,BCM
11,167.5,17278,3011,CE,BC
12,166.0,18268,2607,NS,OC
13,165.0,18885,1324,ME,OC
14,164.5,19284,1432,CO,BC
15,164.0,19599,1216,EC,MBC
16,164.0,19833,2750,ME,OC
17,163.7,19919,1122,EC,OC
18,163.5,19986,2726,AG,MBC
19,163.5,20032,2716,BM,MBC
20,163.5,20059,1413,CS,BC
21,163.5,20190,1304,CE,OC
22,163.0,20447,3410,CS,MBC
23,163.0,20561,1399,EC,SC
24,162.0,21260,2601,IT,MBC
25,161.5,21568,3011,PC,BC
26,161.5,21596,5022,CS,BC
27,161.0,21990,4917,EE,OC
28,161.0,22098,2702,BT,SC
29,160.5,22523,2708,AE,BC
30,160.5,22529,1212,PE,OC
31,159.5,23313,5,EC,BC
32,159.0,23760,3786,AE,OC
33,158.0,24476,3021,CS,BC
34,157.0,25361,1122,AD,MBC
35,156.5,25606,2750,ME,OC
36,156.5,25640,1237,AD,BC
37,156.0,25835,2327,EE,OC
38,156.0,26058,2603,ME,SC
39,155.5,26527,2764,EE,BC
40,155.0,26982,3795,EC,OC
41,154.5,27473,1149,EC,BCM
42,154.0,27553,2750,ME,OC
43,153.5,27956,2622,IT,BCM
44,152.5,28840,2702,ME,MBC
45,152.5,29004,3806,EC,OC
46,152.0,29172,2710,EE,BC
47,152.0,29226,1307,BM,BC
48,152.0,29274,2611,BM,MBC
49,152.0,29336,2740,AU,OC
50,152.0,29487,5986,ME,BC
51,151.5,29827,2611,MD,OC
52,151.5,29923,1409,BM,SC
53,151.0,30316,1216,MD,OC
54,150.5,30511,1324,CE,OC
55,150.5,30552,2710,TS,BCM
56,150.0,31012,1127,BT,OC
57,150.0,31146,1101,ME,OC
58,149.5,31378,2357,ME,OC
59,149.5,31419,2707,EI,OC
60,149.5,31547,3803,EC,MBC
61,149.5,31573,2603,ME,SC
62,149.0,31714,2601,EE,OC
63,149.0,32001,4020,GI,SC
64,149.0,32039,1304,CS,SCA
65,149.0,32078,5904,IT,MBC
66,149.0,32082,4959,AD,BC
67,148.5,32206,1422,CE,OC
68,148.5,32207,2611,CS,MBC
69,148.0,32828,5017,CS,OC
70,147.5,33426,1422,EE,MBC
71,147.0,33459,3465,CE,BC
72,147.0,33695,2734,AD,BC
73,146.5,34143,1218,BM,OC
74,146.0,34710,4960,CE,BC
75,146.0,34716,2702,ME,BC
76,146.0,34718,2702,ME,MBC
77,145.5,34750,1014,IT,MBC
78,145.5,34759,1106,AE,OC
79,145.5,34779,1014,IT,MBC
80,145.5,34789,1421,CS,OC
81,145.5,34796,2360,CS,OC
82,145.5,34813,2726,BM,BC
83,145.5,34894,2707,AG,MBC
84,145.0,35228,4023,CE,BC
85,145.0,35421,5921,CS,OC
86,145.0,35445,5988,CS,OC
87,145.0,35453,1516,ME,BC
88,145.0,35516,4965,CS,BC
89,145.0,35535,2764,CE,BC
90,145.0,35612,1309,EC,SC
91,144.7,35617,1419,ME,BC
92,144.5,35640,2764,CE,MBC
93,144.5,35649,2751,CS,BC
94,144.5,35653,3908,CS,OC
95,144.5,35668,2715,EC,OC
96,144.5,35683,2727,AG,BC
97,144.5,35704,1324,CE,OC
98,144.5,35762,5,AM,BC
99,144.5,35843,4960,ME,SC
100,144.5,35872,2006,MS,SCA
101,144.5,35994,4989,CS,OC
102,144.5,36066,3011,EE,SC
103,144.0,36092,5921,EC,OC
104,144.0,36188,3021,CS,BC
105,144.0,36223,2709,ME,BC
106,144.0,36252,4928,CE,OC
107,144.0,36266,4962,EC,MBC
108,144.0,36316,1113,EC,SCA
109,144.0,36410,1231,EC,MBC
110,144.0,36418,5009,EC,BCM
111,144.0,36471,3011,CE,BC
112,144.0,36526,5,EC,BC
113,143.5,36544,3011,CS,SCA
114,143.5,36559,5986,ME,BC
115,143.5,36578,4954,CS,BC
116,143.5,36606,2734,AD,BC
117,143.5,36611,2328,CS,BC
118,143.5,36618,2607,EC,BC
119,143.5,36784,2711,EI,MBC
120,143.5,36846,1516,ME,MBC
121,143.5,36893,3011,CE,SC
122,143.5,36899,1210,CE,OC
123,143.5,36923,3806,CS,OC
124,143.5,36986,2618,CE,SC
125,143.0,37023,2329,CS,BC
126,143.0,37038,2769,PD,OC
127,143.0,37108,3701,EE,OC
128,143.0,37298,1014,CE,OC
129,143.0,37393,4976,AG,OC
130,143.0,37450,4960,CE,BC
131,143.0,37451,5,EC,BC
132,142.5,37510,1307,BM,BC
133,142.5,37550,3701,ME,OC
134,142.5,37580,2740,EC,OC
135,142.5,37599,3804,BM,OC
136,142.5,37610,5009,CE,OC
137,142.5,37613,2736,EC,BC
138,142.5,37800,2653,CE,OC
139,142.5,37814,1408,CS,SC
140,142.5,37882,2725,EC,BC
141,142.5,37903,1210,CS,SCA
142,142.0,37943,1150,AG,OC
143,142.0,38016,1013,EC,BC
144,142.0,38074,2653,ME,OC
145,142.0,38144,2739,ME,BC
146,142.0,38192,2706,EE,BC
147,142.0,38193,2739,CS,SC
148,142.0,38205,1317,CE,OC
149,142.0,38246,2734,EC,OC
150,142.0,38257,4976,AG,OC
151,142.0,38309,1516,ME,MBC
152,142.0,38318,2708,FD,BC
153,142.0,38344,3011,EE,SC
154,141.8,38396,2708,CS,MBC
155,141.5,38425,1307,CS,BC
156,141.5,38582,2708,IT,MBC
157,141.5,38618,2607,CS,MBC
158,141.5,38633,2710,SC,ST
159,141.5,38634,2726,CS,MBC
160,141.5,38646,2608,CB,MBC
161,141.5,38718,3011,CS,SCA
162,141.5,38769,4678,EE,OC
163,141.5,38775,1509,CS,MBC
164,141.5,38787,2620,IT,MBC
165,141.5,38815,1210,EE,MBC
166,141.5,38835,2653,CB,BC
167,141.0,38947,3701,ME,OC
168,141.0,38969,4955,EC,SC
169,141.0,39004,4972,EC,OC
170,141.0,39024,1408,EE,OC
171,141.0,39027,4955,ME,OC
172,141.0,39070,1316,CS,BC
173,141.0,39091,1216,ME,OC
174,141.0,39093,2302,AG,OC
175,141.0,39219,1320,CS,BC
176,141.0,39314,4023,CE,BC
177,141.0,39320,1216,CH,OC
178,141.0,39323,2708,EC,OC
179,141.0,39324,2709,CS,SC
180,140.5,39368,1505,CS,OC
181,140.5,39374,1128,AD,SC
182,140.5,39422,2601,EC,OC
183,140.5,39447,1216,MD,OC
184,140.5,39450,1414,CS,MBC
185,140.5,39455,3831,EC,OC
186,140.5,39515,3805,EE,OC
187,140.5,39518,2610,CS,BC
188,140.5,39521,3826,CE,MBC
189,140.5,39528,2711,EE,SC
190,140.5,39593,2750,ME,OC
191,140.5,39594,1419,EI,MBC
192,140.5,39723,2601,CH,OC
193,140.5,39780,1106,AE,OC
194,140.0,39859,1316,AO,OC
195,140.0,39892,3011,PH,SC
196,140.0,39925,2611,EE,OC
197,140.0,39939,3801,IT,MBC
198,140.0,39998,1211,BM,ST
199,140.0,40041,5,AM,SC
200,140.0,40062,2357,ME,OC
201,140.0,40106,3011,EE,MBC
202,140.0,40239,1408,EC,OC
203,140.0,40254,3011,PC,BC
204,140.0,40257,2715,CH,OC
205,140.0,40277,2729,EC,OC
206,139.5,40310,1411,CS,OC
207,139.5,40313,4954,CS,BC
208,139.5,40318,2715,EC,OC
209,139.5,40359,2609,CS,OC
210,139.5,40378,1414,IT,MBC
211,139.5,40464,3701,CS,MBC
212,139.5,40499,3807,CS,BC
213,139.5,40632,2623,BM,BC
214,139.0,40763,4954,CS,MBC
215,139.0,40766,1414,EC,OC
216,139.0,40773,3011,CE,MBC
217,139.0,40775,5022,CS,MBC
218,139.0,40815,2606,EE,OC
219,139.0,40823,1432,EC,BC
220,139.0,40893,2622,CE,MBC
221,139.0,40980,1213,BM,OC
222,139.0,40981,2715,EC,OC
223,139.0,41017,2726,AG,MBC
224,139.0,41024,2725,CS,MBC
225,139.0,41049,1501,CS,OC
226,139.0,41062,3464,ME,SC
227,139.0,41086,3833,CS,OC
228,138.5,41199,1216,EE,BC
229,138.5,41214,2369,EE,BCM
230,138.5,41220,2627,CS,OC
231,138.5,41276,2357,ME,OC
232,138.5,41285,1399,CE,BC
233,138.5,41359,3464,EE,MBC
234,138.5,41383,2613,PH,OC
235,138.5,41421,1317,EI,OC
236,138.5,41478,2736,EC,MBC
237,138.5,41533,4996,ME,OC
238,138.5,41688,1317,IC,OC
239,138.0,41750,2702,EE,SC
240,138.0,41827,1414,IT,SC
241,138.0,41853,2601,IT,BCM
242,138.0,41918,2723,BM,SCA
243,138.0,41925,2716,AE,OC
244,138.0,41963,5910,IT,MBC
245,138.0,41989,1422,EC,MBC
246,138.0,41994,1015,EC,BC
247,138.0,42047,3701,ME,OC
248,138.0,42057,5009,CS,SC
249,138.0,42069,2601,BM,SC
250,138.0,42079,5910,CE,OC
251,138.0,42113,3805,CS,MBC
252,138.0,42120,5,EC,SC
253,138.0,42135,3458,AG,SC
254,138.0,42176,3805,EE,OC
255,137.5,42211,1324,ME,OC
256,137.5,42244,4917,EC,BCM
257,137.5,42292,2621,IT,OC
258,137.5,42295,2357,ME,OC
259,137.5,42358,1,XM,ST
260,137.5,42376,2740,CS,BC
261,137.5,42398,4917,CB,BC
262,137.5,42439,1422,EC,MBC
263,137.5,42475,5910,BM,MBC
264,137.5,42484,2734,EC,OC
265,137.5,42486,2620,BM,BC
266,137.5,42502,1408,IT,OC
267,137.5,42597,3465,CE,MBC
268,137.5,42612,2722,ME,OC
269,137.5,42691,3011,PC,MBC
270,137.0,42707,1149,EC,BC
271,137.0,42740,2628,CS,OC
272,137.0,42766,4917,ME,OC
273,137.0,42767,4944,CS,BC
274,137.0,42852,2702,AD,SC
275,137.0,42878,3011,ME,MBC
276,137.0,42886,1211,ME,SC
277,137.0,42899,2620,CS,BC
278,137.0,42924,2357,EC,BC
279,137.0,42990,1210,EE,MBC
280,137.0,43025,2736,CS,MBC
281,137.0,43026,2722,IC,OC
282,137.0,43081,1310,EC,OC
283,137.0,43113,2722,CS,SC
284,137.0,43116,3805,CS,MBC
285,137.0,43154,3425,EC,SC
286,137.0,43188,2751,EC,OC
287,136.5,43446,5910,ME,OC
288,136.5,43463,4965,EE,OC
289,136.5,43477,1316,BM,BC
290,136.5,43489,2722,CE,MBC
291,136.5,43496,1014,CE,OC
292,136.5,43547,2726,CS,MBC
293,136.5,43589,4917,AG,SC
294,136.5,43622,1317,ME,BC
295,136.5,43623,2607,EC,MBC
296,136.5,43638,2750,ME,OC
297,136.5,43643,4020,GI,SC
298,136.5,43652,3819,EE,OC
299,136.5,43681,5,CS,MBC
300,136.5,43721,5022,CS,MBC
301,136.0,43743,2709,CE,OC
302,136.0,43760,2704,EE,OC
303,136.0,43761,1219,CH,SC
304,136.0,43763,3804,BM,OC
305,136.0,43769,2609,CS,OC
306,136.0,43779,1026,EE,MBC
307,136.0,43788,1516,ME,MBC
308,136.0,43814,1013,EC,MBC
309,136.0,43890,5832,CS,BCM
310,136.0,43925,2758,CS,OC
311,136.0,43958,2708,EC,OC
312,136.0,43993,5,CS,BC
313,136.0,44011,1110,CS,MBC
314,136.0,44062,2722,EE,MBC
315,136.0,44080,1231,AD,MBC
316,136.0,44138,3812,CS,OC
317,136.0,44141,2719,ME,MBC
318,136.0,44196,2601,AE,OC
319,135.5,44265,2729,AD,OC
320,135.5,44276,2369,CE,MBC
321,135.5,44284,2708,EC,OC
322,135.5,44313,3810,CS,OC
323,135.5,44483,2755,FD,OC
324,135.5,44550,2764,CH,BC
325,135.5,44607,1122,CH,BC
326,135.5,44609,1026,CS,SCA
327,135.5,44638,3826,CE,SC
328,135.5,44670,2722,EE,MBC
329,135.5,44692,2715,EC,OC
330,135.5,44699,4928,CE,OC
331,135.5,44741,5,CH,MBC
332,135.5,44749,3465,CE,MBC
333,135.5,44767,1120,ME,OC
334,135.0,44785,1013,ME,OC
335,135.0,44797,1114,EC,OC
336,135.0,44801,2613,CE,OC
337,135.0,44884,3814,EC,OC
338,135.0,44885,2329,AD,MBC
339,135.0,44891,4982,EC,OC
340,135.0,45001,5022,CS,MBC
341,135.0,45021,2711,MZ,MBC
342,135.0,45022,3011,ME,BC
343,135.0,45051,1211,ME,BC
344,135.0,45079,5904,EI,OC
345,135.0,45085,2634,AE,OC
346,135.0,45108,2328,EE,OC
347,135.0,45138,1149,EC,BC
348,135.0,45146,1014,CE,OC
349,135.0,45239,2722,EC,SC
350,135.0,45279,1014,EC,OC
351,134.5,45335,2643,CS,OC
352,134.5,45387,2712,TX,SC
353,134.5,45553,2611,IT,OC
354,134.5,45557,2711,CH,SC
355,134.5,45569,2620,CS,BC
356,134.5,45600,2369,CE,BC
357,134.5,45608,1149,EC,BC
358,134.5,45609,2369,ME,MBC
359,134.5,45663,2729,AD,OC
360,134.5,45676,3807,EC,OC
361,134.5,45696,2651,FT,OC
362,134.5,45727,2719,EE,SC
363,134.5,45742,2702,BT,SC
364,134.5,45774,4959,EC,BC
365,134.5,45785,2611,CY,BC
366,134.0,45853,5910,CS,SC
367,134.0,45953,1113,CE,BC
368,134.0,45978,1112,EE,SC
369,134.0,46044,5,CH,BC
370,134.0,46049,2736,EC,BC
371,134.0,46112,2750,ME,OC
372,134.0,46127,2636,CS,OC
373,134.0,46142,1118,CB,MBC
374,134.0,46144,1211,CE,MBC
375,134.0,46173,2369,ME,SC
376,134.0,46207,5009,ME,OC
377,133.8,46313,3019,CE,OC
378,133.5,46412,1225,IT,SC
379,133.5,46440,4670,CS,BC
380,133.5,46476,1413,AD,OC
381,133.5,46503,1237,IT,MBC
382,133.5,46506,2739,EC,MBC
383,133.5,46561,4678,EE,OC
384,133.5,46617,4959,ME,OC
385,133.5,46651,2601,EC,OC
386,133.5,46762,1413,EC,OC
387,133.5,46763,1408,CS,SC
388,133.5,46820,3464,EE,BC
389,133.0,46828,1399,CE,BC
390,133.0,46837,1013,CS,SC
391,133.0,46894,2708,IT,BC
392,133.0,46928,2611,FD,OC
393,133.0,46930,2726,AO,BC
394,133.0,46936,2735,EC,BC
395,133.0,46939,5865,CS,MBC
396,133.0,46943,5,IT,SC
397,133.0,47003,5009,EE,BC
398,133.0,47065,4964,MU,OC
399,133.0,47113,3464,CE,OC
400,133.0,47124,2709,EE,SCA
401,133.0,47245,2708,CS,MBC
402,133.0,47249,2711,ME,BC
403,133.0,47299,2719,CE,BC
404,133.0,47307,1516,ME,BCM
405,133.0,47331,1304,ME,OC
406,133.0,47336,1210,EI,BC
407,132.5,47480,1304,EI,MBC
408,132.5,47481,2634,AG,OC
409,132.5,47514,2710,EC,MBC
410,132.5,47519,1014,IT,BC
411,132.5,47522,3701,CE,OC
412,132.5,47565,3011,ME,BC
413,132.5,47570,2722,CE,BC
414,132.5,47690,1504,BT,OC
415,132.5,47699,3807,CS,BC
416,132.5,47721,2709,IT,SCA
417,132.5,47747,1316,CS,BCM
418,132.5,47750,1422,EC,SC
419,132.5,47769,1116,EC,OC
420,132.5,47786,4020,ME,BC
421,132.5,47815,2722,IC,OC
422,132.5,47843,2708,EC,OC
423,132.5,47860,3021,CS,SC
424,132.0,47871,5,CS,MBC
425,132.0,47880,2750,ME,OC
426,132.0,47892,1118,EC,MBC
427,132.0,47937,5,EE,OC
428,132.0,47981,1309,EE,MBC
429,132.0,48051,2772,CS,OC
430,132.0,48072,2618,EE,SC
431,132.0,48130,2601,CH,OC
432,132.0,48154,1501,CS,OC
433,132.0,48169,3803,EC,BC
434,132.0,48197,2764,EE,BC
435,132.0,48274,2734,EE,OC
436,132.0,48298,1408,CS,MBC
437,132.0,48305,1120,EE,BC
438,132.0,48350,2607,EC,BC
439,132.0,48379,2764,CS,MBC
440,131.5,48413,5009,CS,SC
441,131.5,48442,1120,EE,BC
442,131.5,48447,4953,CS,OC
443,131.5,48449,4941,EE,OC
444,131.5,48565,2735,CS,MBC
445,131.5,48582,2734,EE,OC
446,131.5,48680,1026,ME,OC
447,131.5,48688,1014,EC,OC
448,131.5,48712,5022,CS,MBC
449,131.5,48726,3011,ME,MBC
450,131.5,48741,2764,CS,MBC
451,131.5,48760,2711,CE,BC
452,131.5,48782,4961,ME,OC
453,131.5,48831,1013,ME,OC
454,131.5,48850,1120,EE,MBC
455,131.0,48913,1412,CS,OC
456,131.0,48930,5832,EC,OC
457,131.0,48935,2338,EC,OC
458,131.0,48960,2708,MZ,OC
459,131.0,48999,2618,IT,SC
460,131.0,49000,1216,EC,BC
461,131.0,49092,2726,AG,SC
462,131.0,49124,1399,CE,BC
463,131.0,49139,1127,BT,OC
464,131.0,49149,1015,EE,OC
465,131.0,49212,5904,ME,OC
466,131.0,49221,2711,ME,MBC
467,131.0,49224,2369,ME,SC
468,131.0,49274,1516,CE,MBC
469,131.0,49292,1525,EE,OC
470,131.0,49296,1317,CH,SC
471,131.0,49335,1309,ME,BC
472,131.0,49336,1310,AD,OC
473,131.0,49371,5017,CS,OC
474,130.5,49451,3701,CS,MBC
475,130.5,49465,2342,CE,OC
476,130.5,49547,2629,MD,OC
477,130.5,49560,2718,MZ,SC
478,130.5,49689,1120,ME,OC
479,130.5,49760,3464,ME,BC
480,130.5,49780,2750,AG,BC
481,130.5,49793,1414,EC,OC
482,130.5,49921,2709,EE,SC
483,130.0,49965,5832,CS,BC
484,130.0,49978,1422,MD,OC
485,130.0,50014,3810,IT,MBC
486,130.0,50031,3011,PC,SCA
487,130.0,50088,4023,CE,SC
488,130.0,50111,4917,CB,BC
489,130.0,50116,2744,EE,OC
490,130.0,50174,3456,CS,OC
491,130.0,50223,3011,PC,SC
492,130.0,50255,1411,BT,OC
493,130.0,50263,2750,ME,OC
494,130.0,50308,3795,EC,OC
495,130.0,50333,2750,ME,OC
496,130.0,50367,1110,BT,BC
497,130.0,50387,3829,IT,OC
498,130.0,50414,1110,BT,BC
499,129.5,50433,1216,EC,BC
500,129.5,50441,1520,EE,OC
501,129.5,50443,2776,AG,OC
502,129.5,50475,1216,EC,BC
503,129.5,50495,4975,EE,OC
504,129.5,50498,3464,ME,BC
505,129.5,50549,1211,AU,BC
506,129.5,50553,1413,CS,MBC
507,129.5,50600,2751,AD,BC
508,129.5,50613,1422,EC,MBC
509,129.5,50674,1422,EI,OC
510,129.5,50712,2618,CE,MBC
511,129.5,50782,3830,EC,BC
512,129.0,50956,1316,EC,MBC
513,129.0,50960,2712,TX,SC
514,129.0,51026,1310,AD,OC
515,129.0,51031,3464,EE,BC
516,129.0,51077,2327,EC,OC
517,129.0,51087,1419,ME,BC
518,129.0,51110,1015,EE,OC
519,129.0,51213,2711,EE,BCM
520,129.0,51286,1304,CE,OC
521,129.0,51329,2706,ME,OC
522,129.0,51373,2711,CS,SC
523,129.0,51387,1516,ME,BC
524,129.0,51436,1399,BM,SCA
525,129.0,51443,4962,EC,MBC
526,129.0,51468,2764,AD,BCM
527,128.5,51529,2708,IT,MBC
528,128.5,51600,5009,EE,BC
529,128.5,51606,3464,EE,BC
530,128.5,51611,3465,CE,MBC
531,128.5,51635,2764,BM,BCM
532,128.5,51693,2710,EE,BC
533,128.5,51729,1014,IT,MBC
534,128.5,51732,2329,IT,OC
535,128.5,51738,1303,CS,OC
536,128.5,51791,1230,EC,OC
537,128.5,51804,2661,CS,OC
538,128.5,51837,1414,IT,BC
539,128.5,51898,2740,AE,ST
540,128.5,51921,1516,ME,MBC
541,128.5,51963,4980,CS,OC
542,128.5,52012,2711,CE,SC
543,128.5,52022,2722,CS,SC
544,128.5,52032,1419,AD,SC
545,128.5,52036,1128,CS,SC
546,128.0,52075,1309,EE,MBC
547,128.0,52170,1301,CS,BC
548,128.0,52279,1014,EC,MBC
549,128.0,52344,1414,EC,OC
550,128.0,52348,3701,CS,MBC
551,128.0,52401,3920,CS,OC
552,128.0,52405,2772,CS,OC
553,128.0,52409,2620,EC,MBC
554,128.0,52438,2726,EC,OC
555,128.0,52498,2726,AG,BC
556,128.0,52509,1149,EC,BC
557,128.0,52530,2740,CS,BC
558,128.0,52543,4944,CS,BCM
559,128.0,52560,3701,CS,MBC
560,128.0,52588,2740,AE,BC
561,128.0,52594,2601,EC,OC
562,127.5,52694,1149,EC,MBC
563,127.5,52725,5530,EC,BC
564,127.5,52800,1120,EE,BC
565,127.5,52866,2634,BM,OC
566,127.5,52883,3011,ME,SC
567,127.5,52959,4024,ME,OC
568,127.5,52996,1114,CS,MBC
569,127.5,53068,2613,CS,BC
570,127.5,53119,2721,CE,OC
571,127.5,53128,1210,IT,SC
572,127.0,53180,1014,IT,BC
573,127.0,53182,2750,ME,OC
574,127.0,53237,2744,ME,OC
575,127.0,53260,3830,EC,BC
576,127.0,53288,1221,CS,OC
577,127.0,53290,3464,EE,BC
578,127.0,53322,4962,CE,OC
579,127.0,53368,1015,EC,SC
580,127.0,53407,1216,AG,SC
581,127.0,53429,2764,AD,MBC
582,127.0,53449,2607,EE,MBC
583,127.0,53455,2710,AD,SC
584,127.0,53456,1114,IT,MBC
585,127.0,53468,4024,EC,BC
586,127.0,53489,2709,ME,MBC
587,127.0,53576,1231,AD,MBC
588,127.0,53624,1128,EC,SC
589,126.5,53680,1409,EC,OC
590,126.5,53694,2722,IC,OC
591,126.5,53720,4020,ME,SC
592,126.5,53731,3831,EE,OC
593,126.5,53929,4928,CE,OC
594,126.5,54012,2622,ME,SC
595,126.5,54090,5530,EC,BC
596,126.5,54109,2622,BM,BC
597,126.5,54141,1320,CS,MBC
598,126.5,54142,4928,CE,OC
599,126.5,54171,5010,ME,SC
600,126.5,54175,3458,AG,MBC
601,126.5,54206,3018,CS,OC
602,126.5,54221,5901,EC,SCA
603,126.0,54239,2725,EC,SC
604,126.0,54295,2723,IT,MBC
605,126.0,54302,2753,BM,OC
606,126.0,54319,2708,MZ,OC
607,126.0,54376,1026,EE,BC
608,126.0,54406,2710,CS,SC
609,126.0,54429,2611,PH,OC
610,126.0,54477,2708,CS,MBC
611,126.0,54567,1419,EC,SC
612,126.0,54593,2601,CS,MBC
613,126.0,54602,5832,EC,OC
614,126.0,54630,1408,IT,OC
615,126.0,54631,2603,ME,SC
616,126.0,54660,2357,ME,OC
617,126.0,54688,3795,EC,OC
618,126.0,54705,1216,EC,BC
619,126.0,54743,1128,CS,SC
620,126.0,54768,3805,AO,OC
621,125.5,54811,4966,ME,OC
622,125.5,54907,2711,CE,MBC
623,125.5,54918,2636,EC,OC
624,125.5,54987,4971,IT,BC
625,125.5,55020,2610,ME,OC
626,125.5,55025,4976,AE,OC
627,125.5,55039,2721,CS,BC
628,125.5,55052,1516,ME,SC
629,125.5,55063,1207,IT,OC
630,125.5,55066,4917,IT,MBC
631,125.5,55072,2661,IT,OC
632,125.5,55080,2734,AD,BC
633,125.5,55082,2622,ME,SC
634,125.5,55095,2704,MZ,OC
635,125.5,55107,1149,CS,SC
636,125.5,55117,2653,EC,BC
637,125.5,55119,2607,FD,MBC
638,125.5,55155,1120,EC,SCA
639,125.5,55161,2601,EC,OC
640,125.5,55247,2611,CS,MBC
641,125.5,55258,2610,IT,BC
642,125.0,55346,1237,AD,BC
643,125.0,55422,3425,EE,OC
644,125.0,55445,1422,AG,SC
645,125.0,55499,1399,ME,SC
646,125.0,55509,1307,CS,BC
647,125.0,55520,2726,EC,OC
648,125.0,55547,4020,GI,BC
649,125.0,55596,3807,EE,OC
650,125.0,55603,1026,CS,ST
651,125.0,55643,5532,EE,OC
652,125.0,55676,2726,CS,MBC
653,125.0,55694,5986,EE,MBC
654,125.0,55695,1231,IT,SC
655,125.0,55700,2726,EC,OC
656,125.0,55710,2711,CH,MBC
657,125.0,55721,1306,EC,BC
658,125.0,55728,2725,IT,MBC
659,125.0,55735,3011,PC,SC
660,125.0,55738,1422,EC,MBC
661,125.0,55748,1120,AD,SC
662,125.0,55749,3016,CS,OC
663,125.0,55801,1233,CS,BC
664,125.0,55817,3465,ME,BC
665,124.5,55832,2618,FT,MBC
666,124.5,55894,2632,CS,OC
667,124.5,55991,1407,MR,OC
668,124.5,56028,1519,EC,OC
669,124.5,56064,1026,EE,SC
670,124.5,56066,3459,BM,MBC
671,124.5,56086,4680,ME,MBC
672,124.5,56092,1316,CH,OC
673,124.5,56103,1422,EE,BC
674,124.5,56116,2727,AG,MBC
675,124.5,56168,1211,ME,BC
676,124.5,56178,2702,ME,BC
677,124.5,56184,1408,EC,OC
678,124.5,56210,2705,EC,OC
679,124.5,56211,1304,ME,OC
680,124.5,56239,1520,CS,BC
681,124.5,56247,3464,EE,MBC
682,124.5,56257,5,CS,SC
683,124.5,56300,1216,EC,BC
684,124.0,56370,2722,CE,MBC
685,124.0,56424,1303,CS,OC
686,124.0,56435,2623,ME,OC
687,124.0,56438,2745,CS,OC
688,124.0,56542,1149,EC,BC
689,124.0,56583,2710,ET,OC
690,124.0,56597,3826,EC,BC
691,124.0,56617,2750,ME,OC
692,124.0,56635,5009,EC,SCA
693,124.0,56688,2610,CS,BC
694,124.0,56763,1122,CS,MBC
695,124.0,56812,1014,IT,MBC
696,124.0,56827,3425,CS,MBC
697,124.0,56842,2750,AG,BC
698,123.8,56871,3803,ME,OC
699,123.5,56875,2369,EE,BC
700,123.5,56898,3826,ME,OC
701,123.5,56960,1325,IT,MBC
702,123.5,56980,1233,CS,BC
703,123.5,57022,2710,EC,MBC
704,123.5,57030,3011,EE,BCM
705,123.5,57119,2708,CS,MBC
706,123.5,57195,4959,EC,BC
707,123.5,57229,5910,EC,MBC
708,123.5,57259,4962,ME,OC
709,123.5,57264,2716,EC,OC
710,123.5,57302,5009,EE,MBC
711,123.5,57313,5009,EE,BC
712,123.5,57354,2613,CS,BC
713,123.5,57371,2630,CS,OC
714,123.5,57410,4917,CE,OC
715,123.0,57486,2711,ME,BC
716,123.0,57494,4969,EC,OC
717,123.0,57506,2735,EC,BC
718,123.0,57518,2601,IT,BC
719,123.0,57556,2710,IT,SC
720,123.0,57621,3826,EC,BC
721,123.0,57630,1317,EI,OC
722,123.0,57651,1309,ME,MBC
723,123.0,57654,1516,ME,MBC
724,123.0,57681,1516,ME,MBC
725,123.0,57687,1210,IT,SC
726,123.0,57695,2607,AD,MBC
727,123.0,57722,5,IT,BCM
728,123.0,57785,1432,EC,BC
729,123.0,57797,2729,AE,BC
730,123.0,57813,1419,EI,BCM
731,123.0,57850,5,CH,SC
732,123.0,58004,1014,CE,OC
733,122.5,58022,2725,EC,SCA
734,122.5,58078,2711,ME,BC
735,122.5,58106,1399,CE,MBC
736,122.5,58137,2741,CS,MBC
737,122.5,58139,2743,EC,OC
738,122.5,58155,2716,AE,OC
739,122.5,58164,2641,EC,OC
740,122.5,58175,3803,IT,BC
741,122.5,58209,1521,CS,OC
742,122.5,58212,1207,CS,OC
743,122.5,58220,2708,EC,OC
744,122.5,58242,3021,CS,MBC
745,122.5,58282,1501,EE,OC
746,122.5,58287,5862,AG,OC
747,122.5,58312,2751,CS,BC
748,122.5,58319,1432,EC,BC
749,122.5,58371,3701,EC,OC
750,122.5,58401,5,EI,OC
751,122.5,58446,1306,EC,BC
752,122.5,58510,2749,IT,OC
753,122.5,58518,2622,CS,SC
754,122.5,58528,5010,ME,BC
755,122.5,58559,2708,AL,MBC
756,122.0,58595,5910,CE,OC
757,122.0,58601,2740,CS,SC
758,122.0,58624,1306,EC,SC
759,122.0,58645,2726,CS,BCM
760,122.0,58686,4989,IT,OC
761,122.0,58697,1217,BT,OC
762,122.0,58714,4960,CS,SC
763,122.0,58761,1216,IT,SC
764,122.0,58777,1230,CS,OC
765,122.0,58806,1516,ME,SC
766,122.0,58867,2736,CS,MBC
767,122.0,58881,2723,CE,OC
768,122.0,58913,4992,CS,OC
769,122.0,58934,5919,ME,OC
770,122.0,58943,3016,EE,OC
771,122.0,59012,3011,CE,BC
772,122.0,59044,3908,ME,OC
773,122.0,59077,2611,FD,OC
774,121.5,59150,1516,ME,SC
775,121.5,59170,5,CS,BC
776,121.5,59197,2607,CS,MBC
777,121.5,59264,2715,EC,OC
778,121.5,59267,1422,EC,MBC
779,121.5,59283,1237,EC,OC
780,121.5,59322,1516,ME,BC
781,121.5,59349,2734,AD,BC
782,121.5,59361,2357,ME,OC
783,121.5,59389,3826,CS,BCM
784,121.5,59462,1310,IT,BC
785,121.5,59464,2357,ME,OC
786,121.5,59475,2643,CS,OC
787,121.5,59497,1306,CS,SC
788,121.5,59504,4989,CE,OC
789,121.5,59551,1317,ME,BC
790,121.5,59560,1523,IT,OC
791,121.5,59563,4962,EC,SCA
792,121.5,59569,1520,ME,OC
793,121.5,59605,2618,ME,OC
794,121.5,59612,3464,ME,MBC
795,121.5,59632,5009,EC,SC
796,121.5,59648,5910,BM,MBC
797,121.5,59655,3819,EC,SC
798,121.0,59712,1322,IT,OC
799,121.0,59734,1222,CS,OC
800,121.0,59752,1306,IT,SC
801,121.0,59837,2708,CH,BC
802,121.0,59844,1324,ME,OC
803,121.0,59857,1216,EC,MBC
804,121.0,59871,3019,ME,OC
805,121.0,59874,5530,EC,BC
806,121.0,59876,4959,BT,BC
807,121.0,59889,2618,CE,BC
808,121.0,59895,2708,CS,SC
809,121.0,59899,4978,CS,OC
810,121.0,59915,1430,CS,OC
811,121.0,59953,3016,CS,OC
812,121.0,59988,5,AM,BC
813,121.0,59992,1110,CS,MBC
814,121.0,60033,3456,EC,OC
815,121.0,60043,5009,EC,SC
816,121.0,60090,5,ME,OC
817,121.0,60120,1409,CS,OC
818,121.0,60121,2718,ME,SC
819,121.0,60133,4928,CE,OC
820,121.0,60142,2734,TS,OC
821,121.0,60160,1504,CS,BC
822,121.0,60193,1422,AG,SC
823,121.0,60209,2718,EE,SC
824,121.0,60218,2607,EC,BC
825,120.5,60273,1320,CS,MBC
826,120.5,60301,1303,CS,BC
827,120.5,60303,2764,ME,MBC
828,120.5,60307,5009,CE,OC
829,120.5,60371,4965,CS,BC
830,120.5,60396,2750,ME,OC
831,120.5,60414,1014,IT,MBC
832,120.5,60437,3805,EC,OC
833,120.5,60439,2712,TX,SC
834,120.5,60468,2623,CS,OC
835,120.5,60481,2725,EC,BC
836,120.5,60504,1216,EC,BC
837,120.5,60529,5022,EC,OC
838,120.5,60538,1128,EC,MBC
839,120.5,60573,2610,IT,BC
840,120.5,60579,2708,CS,MBC
841,120.5,60594,2708,EC,BC
842,120.5,60610,2702,EC,BCM
843,120.5,60619,2764,AD,MBC
844,120.5,60641,2739,ME,BC
845,120.5,60727,2750,AE,BC
846,120.5,60728,3465,CE,BC
847,120.0,60768,2709,ME,MBC
848,120.0,60779,2715,CS,MBC
849,120.0,60790,2622,CS,SCA
850,120.0,60815,2750,ME,OC
851,120.0,60826,2611,AG,OC
852,120.0,60853,5010,CE,MBC
853,120.0,60863,2357,ME,OC
854,120.0,60941,1149,IT,SC
855,120.0,60984,1231,EC,MBC
856,120.0,60999,2601,IT,SC
857,120.0,61028,3464,EE,BCM
858,120.0,61038,4971,IT,BC
859,120.0,61105,5902,ME,OC
860,120.0,61181,4928,CE,OC
861,120.0,61194,2702,BM,SC
862,120.0,61226,4965,EC,OC
863,120.0,61284,3459,BM,BC
864,119.5,61333,2719,AE,BC
865,119.5,61335,1141,CS,OC
866,119.5,61336,2736,EC,BC
867,119.5,61345,1412,IT,OC
868,119.5,61479,1122,CS,SC
869,119.5,61502,1219,CE,SC
870,119.5,61530,1504,CH,OC
871,119.5,61533,1120,CS,SCA
872,119.5,61543,2650,ME,OC
873,119.5,61571,1450,ME,SCA
874,119.5,61621,3458,AG,SC
875,119.5,61625,2769,FD,OC
876,119.5,61661,2751,EC,OC
877,119.5,61676,2729,CS,MBC
878,119.5,61677,4020,GI,MBC
879,119.5,61722,1509,EE,OC
880,119.5,61807,2607,TX,SC
881,119.5,61835,2751,CS,BC
882,119.5,61847,2708,IT,MBC
883,119.5,61861,1149,EC,BC
884,119.0,61900,2750,CS,SC
885,119.0,61953,1516,CS,SCA
886,119.0,62000,2622,BT,MBC
887,119.0,62004,1128,CS,SC
888,119.0,62027,2712,EC,ST
889,119.0,62118,4678,CS,BCM
890,119.0,62161,1014,IT,BC
891,119.0,62178,1216,CH,MBC
892,119.0,62194,2751,CS,MBC
893,119.0,62285,2734,TS,OC
894,119.0,62286,1026,ME,OC
895,119.0,62327,3805,BM,MBC
896,119.0,62389,2652,CS,OC
897,118.5,62492,2643,CS,OC
898,118.5,62498,2664,PC,OC
899,118.5,62500,3019,EE,OC
900,118.5,62518,3905,CS,BC
901,118.5,62567,2369,EC,BCM
902,118.5,62577,3905,CS,BCM
903,118.5,62607,2704,EE,OC
904,118.5,62662,1126,AD,OC
905,118.5,62674,5017,EE,OC
906,118.5,62688,1320,IT,OC
907,118.5,62695,1110,CE,OC
908,118.5,62765,2727,IT,BCM
909,118.5,62770,1605,CS,OC
910,118.5,62775,5910,CB,BCM
911,118.5,62795,2727,AG,BC
912,118.5,62802,2702,ME,BC
913,118.5,62871,1517,IT,OC
914,118.5,62905,2622,ME,MBC
915,118.5,62918,1317,EE,BC
916,118.5,62919,1303,AD,OC
917,118.5,62927,3819,EE,OC
918,118.0,62998,3819,EC,MBC
919,118.0,63023,4971,CE,OC
920,118.0,63064,3011,CE,MBC
921,118.0,63117,2636,CS,OC
922,118.0,63152,2725,IT,BCM
923,118.0,63157,2607,AD,MBC
924,118.0,63175,3819,EE,BC
925,118.0,63211,5,BD,OC
926,118.0,63230,2707,BM,BC
927,118.0,63231,3459,CS,OC
928,118.0,63238,2739,EC,MBC
929,118.0,63246,2621,IT,OC
930,118.0,63252,1211,CH,SC
931,118.0,63273,5009,EE,MBC
932,118.0,63287,2715,CS,SCA
933,118.0,63319,4955,CS,MBC
934,118.0,63328,1424,CS,OC
935,118.0,63364,5010,CE,MBC
936,118.0,63406,2607,BT,MBC
937,118.0,63424,1310,CS,SC
938,118.0,63465,2601,CS,MBC
939,118.0,63468,1114,CS,MBC
940,118.0,63478,1322,CS,OC
941,117.5,63506,3830,ME,OC
942,117.5,63568,1015,EC,BC
943,117.5,63613,1307,IT,BC
944,117.5,63624,5,CS,BC
945,117.5,63689,2751,EC,OC
946,117.5,63701,1120,AU,OC
947,117.5,63702,4023,ME,BC
948,117.5,63707,2726,BM,MBC
949,117.5,63781,1420,AE,OC
950,117.5,63834,2673,EC,OC
951,117.5,63858,5862,CS,OC
952,117.5,63866,2715,CH,OC
953,117.5,63876,1110,CS,BC
954,117.5,63891,1118,EE,MBC
955,117.5,63918,1419,CB,SCA
956,117.5,63931,2736,EE,OC
957,117.5,63945,1408,CS,BC
958,117.5,63958,1317,CE,OC
959,117.5,63972,2641,CS,OC
960,117.5,64004,1122,EC,BC
961,117.5,64005,2606,CS,OC
962,117.5,64018,1422,AG,SC
963,117.0,64062,1412,CS,OC
964,117.0,64077,1516,ME,SCA
965,117.0,64086,2744,EC,OC
966,117.0,64198,2613,EE,OC
967,117.0,64202,2719,CE,BC
968,117.0,64218,3464,ME,SC
969,117.0,64226,2719,ME,MBC
970,117.0,64253,2601,CS,MBC
971,117.0,64258,2614,TX,OC
972,117.0,64273,3011,ME,MBC
973,117.0,64383,2710,ET,OC
974,117.0,64432,4970,EC,OC
975,117.0,64456,4020,GI,BC
976,117.0,64517,2611,ME,OC
977,117.0,64539,1303,BT,OC
978,117.0,64547,1405,CS,OC
979,117.0,64557,2764,ME,BC
980,117.0,64583,2659,ME,OC
981,116.5,64630,2360,CS,OC
982,116.5,64652,2764,ME,BC
983,116.5,64708,2744,IT,OC
984,116.5,64709,4023,CS,BCM
985,116.5,64728,1026,ME,SC
986,116.5,64731,1317,ME,BC
987,116.5,64806,1420,EC,OC
988,116.5,64876,1219,CH,SC
989,116.5,64913,1421,EC,OC
990,116.5,64934,4978,BM,OC
991,116.5,64952,5904,EE,OC
992,116.5,65011,1322,CS,OC
993,116.5,65080,1516,ME,BC
994,116.5,65106,2610,BM,BC
995,116.5,65123,4964,MR,OC
996,116.0,65133,3011,CE,BC
997,116.0,65161,5017,CS,OC
998,116.0,65225,5,AM,SC
999,116.0,65238,2716,CS,MBC
1000,116.0,65265,2736,BM,SC
1001,116.0,65278,4962,ME,OC
1002,116.0,65291,2763,ME,OC
1003,116.0,65295,1114,EC,OC
1004,116.0,65316,2357,ME,OC
1005,116.0,65324,2764,ME,BC
1006,116.0,65326,3011,AU,OC
1007,116.0,65374,2711,CE,BC
1008,116.0,65428,2718,MZ,SC
1009,116.0,65430,3811,CS,OC
1010,116.0,65512,1210,CE,OC
1011,116.0,65515,1516,ME,BC
1012,116.0,65538,2642,CS,MBC
1013,116.0,65547,2613,IT,BC
1014,116.0,65653,2719,EC,SC
1015,116.0,65674,4965,ME,OC
1016,115.5,65700,2734,ME,OC
1017,115.5,65725,2751,ME,OC
1018,115.5,65729,1424,AD,BCM
1019,115.5,65744,2719,CE,MBC
1020,115.5,65821,1207,CS,OC
1021,115.5,65823,3795,EC,OC
1022,115.5,65854,2706,EI,OC
1023,115.5,65883,1423,EC,OC
1024,115.5,65885,4960,ME,BC
1025,115.5,65887,3011,CE,BC
1026,115.5,65895,2622,ME,SC
1027,115.5,65898,4964,CS,OC
1028,115.5,65945,4917,CE,OC
1029,115.5,65953,4680,CE,MBC
1030,115.5,65958,1401,CH,OC
1031,115.5,65986,1110,CE,OC
1032,115.5,65989,1442,AD,SC
1033,115.5,66038,2601,EC,OC
1034,115.5,66045,4981,EE,OC
1035,115.5,66049,2613,ME,OC
1036,115.5,66076,1419,ME,SC
1037,115.5,66100,1306,IT,MBC
1038,115.5,66117,3464,CE,OC
1039,115.5,66156,5,CS,MBC
1040,115.5,66191,1218,CS,OC
1041,115.5,66208,1311,IT,MBC
1042,115.5,66234,2613,CS,BC
1043,115.5,66241,1419,EC,SC
1044,115.5,66242,1422,ME,OC
1045,115.5,66268,1422,IT,SC
1046,115.5,66274,2708,CS,MBC
1047,115.0,66295,1118,EC,BCM
1048,115.0,66304,2750,ME,OC
1049,115.0,66309,2749,ME,OC
1050,115.0,66358,5,CS,MBC
1051,115.0,66359,4680,ME,BC
1052,115.0,66368,1114,EC,OC
1053,115.0,66377,1516,CE,MBC
1054,115.0,66387,5986,CS,SC
1055,115.0,66408,3803,EC,BC
1056,115.0,66436,1505,CS,OC
1057,115.0,66451,1216,EC,BC
1058,115.0,66465,5904,EE,OC
1059,115.0,66469,1211,ME,BC
1060,115.0,66490,2736,CS,MBC
1061,115.0,66496,2618,EE,SC
1062,115.0,66525,2740,CS,BC
1063,115.0,66547,2708,CE,OC
1064,115.0,66589,2702,ME,BC
1065,115.0,66591,3461,CS,OC
1066,115.0,66643,1122,CS,MBC
1067,115.0,66675,1504,IT,BC
1068,115.0,66678,3011,ME,MBC
1069,115.0,66746,2719,EE,BCM
1070,115.0,66821,1225,IT,BC
1071,115.0,66860,1401,CS,BC
1072,114.5,66898,2357,CS,BC
1073,114.5,66914,5907,IT,OC
1074,114.5,66921,2673,EC,OC
1075,114.5,66932,2710,ME,OC
1076,114.5,66965,2314,CS,OC
1077,114.5,66973,1307,CS,MBC
1078,114.5,66977,2705,CS,OC
1079,114.5,66984,5910,CE,OC
1080,114.5,67048,4669,ME,OC
1081,114.5,67051,2611,IT,BC
1082,114.5,67073,3830,CB,OC
1083,114.5,67079,2618,CS,SC
1084,114.5,67083,1307,CS,BC
1085,114.5,67100,1324,ME,OC
1086,114.5,67138,2357,ME,OC
1087,114.5,67237,2726,EE,OC
1088,114.5,67256,3830,CB,OC
1089,114.5,67293,3011,ME,MBC
1090,114.5,67306,1216,EC,BC
1091,114.5,67311,2716,CS,BC
1092,114.5,67326,1504,CS,SC
1093,114.5,67339,2357,ME,BC
1094,114.5,67344,1307,BM,SC
1095,114.5,67370,1237,EC,OC
1096,114.5,67383,2750,CS,SC
1097,114.5,67429,2622,EC,MBC
1098,114.5,67432,1026,EE,SC
1099,114.5,67434,1447,IT,OC
1100,114.0,67443,2718,CJ,SC
1101,114.0,67444,3801,IT,MBC
1102,114.0,67457,5910,ME,OC
1103,114.0,67508,2702,ME,BC
1104,114.0,67570,1225,IT,MBC
1105,114.0,67578,1324,EE,MBC
1106,114.0,67609,1118,EE,SC
1107,114.0,67628,3821,CS,OC
1108,114.0,67650,1216,EC,BC
1109,114.0,67652,1306,IT,MBC
1110,114.0,67691,2653,CB,MBC
1111,114.0,67698,1304,AU,OC
1112,114.0,67715,2611,ME,OC
1113,114.0,67724,2610,CH,OC
1114,114.0,67737,1106,IT,OC
1115,114.0,67756,3011,ME,SC
1116,114.0,67765,4972,EC,OC
1117,114.0,67782,4023,CE,BC
1118,114.0,67816,2702,CS,SC
1119,114.0,67840,1122,CS,MBC
1120,114.0,67860,1306,ME,OC
1121,114.0,67875,5009,EC,BCM
1122,114.0,67890,2613,EC,OC
1123,114.0,67894,4024,EC,BC
1124,114.0,67912,4955,CE,OC
1125,114.0,67932,2725,EC,BC
1126,114.0,67940,2719,EI,BCM
1127,114.0,67957,1432,EC,BC
1128,114.0,67996,5910,CE,OC
1129,114.0,68008,2750,EC,SC
1130,114.0,68027,1419,EC,SC
1131,113.5,68037,2729,EC,OC
1132,113.5,68115,1516,ME,SC
1133,113.5,68118,2750,ME,OC
1134,113.5,68136,1149,EC,MBC
1135,113.5,68153,2607,EE,BC
1136,113.5,68168,2750,EC,SC
1137,113.5,68197,4957,IT,OC
1138,113.5,68215,4960,CE,BC
1139,113.5,68241,2357,CE,OC
1140,113.5,68263,1207,CS,OC
1141,113.5,68296,1140,IT,MBC
1142,113.5,68297,3855,ME,OC
1143,113.5,68319,1452,CS,BC
1144,113.5,68329,2718,EC,SCA
1145,113.5,68338,4020,GI,MBC
1146,113.5,68339,4670,CE,OC
1147,113.5,68354,1309,EC,SC
1148,113.5,68384,1311,EC,BC
1149,113.5,68399,1516,ME,MBC
1150,113.5,68411,5904,EE,OC
1151,113.5,68486,2377,CE,SCA
1152,113.5,68513,1414,EC,OC
1153,113.5,68515,4917,CB,BC
1154,113.5,68526,2708,MZ,OC
1155,113.5,68529,1432,CS,SC
1156,113.0,68616,2729,CB,OC
1157,113.0,68630,1307,CS,BC
1158,113.0,68632,4020,ME,MBC
1159,113.0,68638,2743,EC,OC
1160,113.0,68650,1307,IT,BC
1161,113.0,68690,1408,CS,MBC
1162,113.0,68714,2705,CS,OC
1163,113.0,68784,2345,EC,SCA
1164,113.0,68795,1325,EC,OC
1165,113.0,68815,2345,CS,MBC
1166,113.0,68828,5010,CE,MBC
1167,113.0,68884,1518,EE,OC
1168,113.0,68899,1509,CS,MBC
1169,113.0,68912,3011,AU,OC
1170,113.0,68918,2715,CH,OC
1171,113.0,68919,1213,BM,OC
1172,113.0,68924,1422,EC,MBC
1173,113.0,68956,3464,ME,BC
1174,113.0,68963,1013,EC,MBC
1175,113.0,68989,3795,EC,OC
1176,113.0,69014,2708,FD,MBC
1177,113.0,69027,1128,EC,MBC
1178,113.0,69078,1210,EC,SC
1179,113.0,69099,2719,EI,MBC
1180,113.0,69111,1014,IT,BC
1181,113.0,69160,1509,IT,OC
1182,112.5,69204,1149,CS,SC
1183,112.5,69217,5910,IT,MBC
1184,112.5,69247,2706,EE,BC
1185,112.5,69268,3464,EE,MBC
1186,112.5,69294,1325,CS,BC
1187,112.5,69299,2708,IT,BC
1188,112.5,69307,2609,ME,OC
1189,112.5,69337,3801,EE,OC
1190,112.5,69341,4971,CE,OC
1191,112.5,69357,2712,ME,SCA
1192,112.5,69360,2740,CS,BC
1193,112.5,69382,1414,CS,MBC
1194,112.5,69428,1140,ME,OC
1195,112.5,69437,2610,CS,BC
1196,112.5,69453,2610,CS,BC
1197,112.5,69471,2710,ME,OC
1198,112.5,69496,1422,ME,OC
1199,112.5,69503,2708,MZ,OC
1200,112.5,69505,1303,AD,OC
1201,112.5,69519,3830,AD,MBC
1202,112.5,69522,3011,ME,MBC
1203,112.5,69531,1014,EC,MBC
1204,112.5,69546,2708,EC,BC
1205,112.5,69555,4965,CS,MBC
1206,112.5,69585,2750,ME,OC
1207,112.5,69598,5865,CS,BC
1208,112.5,69637,2735,EC,SCA
1209,112.5,69660,1316,CE,OC
1210,112.5,69684,1211,CE,SC
1211,112.5,69705,2704,EC,MBC
1212,112.5,69712,2750,ME,MBC
1213,112.5,69731,3826,EC,BC
1214,112.5,69738,2702,FT,MBC
1215,112.2,69755,1137,EC,OC
1216,112.0,69771,2736,ME,OC
1217,112.0,69831,1118,AD,MBC
1218,112.0,69849,2702,ME,BC
1219,112.0,69863,2751,EC,OC
1220,112.0,69957,2601,IT,SC
1221,112.0,69979,1399,CE,MBC
1222,112.0,69983,2764,CH,MBC
1223,112.0,69991,3814,EC,OC
1224,112.0,70002,2609,CY,OC
1225,112.0,70011,1210,EE,BC
1226,112.0,70024,1237,IT,MBC
1227,112.0,70036,2739,ME,BC
1228,112.0,70050,2750,EE,OC
1229,112.0,70074,5930,EC,OC
1230,112.0,70081,2327,CE,OC
1231,112.0,70125,1509,CS,BC
1232,112.0,70137,2609,EC,OC
1233,112.0,70141,1521,ME,OC
1234,112.0,70165,3011,PC,SC
1235,112.0,70195,3803,IT,BC
1236,112.0,70232,2719,AE,BC
1237,112.0,70253,1517,CS,OC
1238,112.0,70272,2755,AG,SC
1239,111.5,70301,4917,CB,BC
1240,111.5,70302,3465,CE,BC
1241,111.5,70303,4672,ME,OC
1242,111.5,70304,1504,CS,BC
1243,111.5,70305,2776,CE,OC
1244,111.5,70307,2603,ME,SC
1245,111.5,70308,1238,CS,MBC
1246,111.5,70309,3811,CS,OC
1247,111.5,70313,3016,CS,OC
1248,111.5,70314,2718,IT,SCA
1249,111.5,70316,4864,EE,OC
1250,111.5,70317,2610,CS,MBC
1251,111.5,70319,2726,EC,OC
1252,111.5,70320,1241,CS,OC
1253,111.5,70321,3819,IC,OC
1254,111.5,70325,1126,CS,OC
1255,111.5,70326,2657,SF,OC
1256,111.5,70327,5832,ME,OC
1257,111.5,70328,5915,ME,OC
1258,111.5,70331,2734,EC,OC
1259,111.5,70332,2764,CE,BC
1260,111.5,70333,4972,EE,OC
1261,111.5,70334,1324,CO,SC
1262,111.5,70336,4680,EE,OC
1263,111.5,70339,1210,EI,BC
1264,111.5,70340,3011,PC,SC
1265,111.5,70341,1233,ME,OC
1266,111.5,70342,3826,EE,BC
1267,111.5,70348,2750,BM,SC
1268,111.5,70349,3011,AU,OC
1269,111.5,70352,1026,EE,MBC
1270,111.5,70355,5,CH,BC
1271,111.5,70356,1212,PE,OC
1272,111.5,70357,2725,EC,MBC
1273,111.5,70359,1512,EC,OC
1274,111.5,70360,2709,ME,MBC
1275,111.5,70361,1128,ME,BC
1276,111.5,70362,3908,CS,OC
1277,111.5,70364,2743,CB,OC
1278,111.5,70365,2661,CS,OC
1279,111.5,70367,2727,BT,BC
1280,111.5,70368,2706,EE,BC
1281,111.5,70369,1303,IT,OC
1282,111.5,70371,2702,ME,BC
1283,111.5,70373,2723,EE,BC
1284,111.5,70375,2651,EC,OC
1285,111.5,70376,2708,IT,MBC
1286,111.5,70378,5008,MF,SCA
1287,111.5,70381,1325,CS,BC
1288,111.5,70383,1122,IT,SC
1289,111.5,70384,1118,EC,SC
1290,111.5,70385,2607,IT,BC
1291,111.5,70391,3019,CS,MBC
1292,111.5,70394,2707,ME,OC
1293,111.5,70396,2705,EC,OC
1294,111.5,70397,4989,CS,OC
1295,111.5,70398,4024,CE,OC
1296,111.5,70402,4955,EE,OC
1297,111.5,70403,4969,CS,OC
1298,111.5,70404,4993,CS,OC
1299,111.5,70405,1122,EC,BC
1300,111.5,70406,4954,ME,OC
1301,111.5,70408,2627,BT,BC
1302,111.5,70409,3843,CS,SC
1303,111.5,70412,5930,ME,OC
1304,111.5,70414,1120,CS,SC
1305,111.5,70416,2624,AG,OC
1306,111.5,70417,2706,CE,OC
1307,111.5,70418,3926,CS,OC
1308,111.5,70419,2736,EC,BC
1309,111.5,70421,2624,BM,OC
1310,111.5,70423,2706,MZ,OC
1311,111.5,70424,3817,CS,OC
1312,111.5,70425,2725,EC,BC
1313,111.5,70426,3425,CS,BC
1314,111.5,70428,3826,EC,MBC
1315,111.5,70429,2650,CS,OC
1316,111.5,70430,5910,AD,MBC
1317,111.5,70432,2723,CS,MBC
1318,111.5,70435,1303,CS,MBC
1319,111.5,70436,1233,EC,MBC
1320,111.5,70437,1422,EE,BC
1321,111.5,70438,3803,IT,BC
1322,111.5,70439,2620,BM,BCM
1323,111.5,70440,4970,EE,OC
1324,111.5,70442,2345,CS,MBC
1325,111.5,70443,5,EC,BC
1326,111.5,70445,1516,CE,BC
1327,111.5,70446,3701,CS,BC
1328,111.5,70448,4917,CS,MBC
1329,111.5,70449,2725,EC,BC
1330,111.5,70450,3782,CS,OC
1331,111.5,70451,2610,BM,SCA
1332,111.5,70452,1118,CB,SC
1333,111.5,70455,3905,CS,SC
1334,111.5,70456,3805,BM,SC
1335,111.5,70457,3843,CS,MBC
1336,111.5,70459,2606,CS,OC
1337,111.5,70460,2607,IT,MBC
1338,111.5,70461,2711,CE,MBC
1339,111.5,70463,2643,CS,OC
1340,111.5,70464,4965,BM,MBC
1341,111.5,70466,1450,ME,MBC
1342,111.5,70468,3806,IT,MBC
1343,111.5,70470,5832,CS,BC
1344,111.5,70471,1307,IT,MBC
1345,111.5,70472,2723,IT,SC
1346,111.5,70474,2329,BT,BC
1347,111.5,70475,2634,CS,OC
1348,111.5,70478,2710,EE,BC
1349,111.5,70480,2710,TS,MBC
1350,111.5,70481,2767,CS,OC
1351,111.5,70485,2625,BM,OC
1352,111.5,70486,1431,CS,OC
1353,111.5,70487,4670,ME,OC
1354,111.5,70488,2736,EC,MBC
1355,111.5,70489,2659,BM,OC
1356,111.5,70490,1110,ME,OC
1357,111.5,70491,1226,CE,OC
1358,111.5,70492,2607,AD,BC
1359,111.5,70494,2345,CS,BC
1360,111.5,70497,1317,ME,BC
1361,111.5,70499,5532,EE,OC
1362,111.5,70500,4023,ME,BC
1363,111.5,70501,2620,CS,MBC
1364,111.5,70503,2707,AD,BC
1365,111.5,70505,1137,EC,OC
1366,111.5,70507,4670,EE,OC
1367,111.5,70509,2622,CH,BC
1368,111.5,70511,1512,CS,OC
1369,111.5,70512,2620,TS,OC
1370,111.5,70513,2611,EE,OC
1371,111.5,70515,2610,AD,OC
1372,111.5,70519,2723,EE,BC
1373,111.5,70520,5907,CS,BC
1374,111.5,70521,1237,IT,SC
1375,111.5,70522,2618,CE,MBC
1376,111.5,70523,1149,CS,SC
1377,111.5,70524,2726,CS,MBC
1378,111.5,70526,1324,IT,SC
1379,111.5,70528,4955,CE,OC
1380,111.5,70529,2763,ME,OC
1381,111.5,70530,4964,EE,OC
1382,111.5,70531,4928,ME,OC
1383,111.5,70532,1026,EE,MBC
1384,111.5,70534,1516,ME,MBC
1385,111.5,70535,2328,EE,OC
1386,111.5,70539,3805,CS,MBC
1387,111.5,70540,2713,IT,OC
1388,111.5,70542,1303,CS,MBC
1389,111.5,70543,2710,EE,BC
1390,111.5,70544,5,CZ,OC
1391,111.5,70549,2715,ME,OC
1392,111.5,70550,5907,CS,MBC
1393,111.5,70551,2610,EE,OC
1394,111.5,70555,1218,IT,OC
1395,111.5,70556,1426,CS,OC
1396,111.5,70557,5986,EC,SC
1397,111.5,70558,2707,EE,OC
1398,111.5,70559,2708,CH,BC
1399,111.5,70561,1422,IT,SC
1400,111.5,70564,2711,ME,BC
1401,111.5,70565,2753,CS,OC
1402,111.5,70566,5865,CS,BC
1403,111.5,70567,1140,EC,OC
1404,111.5,70568,2750,BM,BC
1405,111.5,70570,1325,ME,OC
1406,111.5,70571,2620,TS,OC
1407,111.5,70573,1402,EC,OC
1408,111.5,70575,3465,CE,BC
1409,111.5,70576,3829,ME,OC
1410,111.5,70577,2725,CE,OC
1411,111.5,70578,4020,ME,SC
1412,111.5,70579,3011,ME,BC
1413,111.5,70582,2607,FD,BC
1414,111.5,70585,5865,ME,OC
1415,111.5,70587,2743,CS,OC
1416,111.5,70588,3833,CS,SC
1417,111.5,70589,2740,CS,BC
1418,111.5,70590,5530,EC,BC
1419,111.5,70591,2710,ME,OC
1420,111.5,70593,2329,AD,BC
1421,111.5,70596,4962,ME,OC
1422,111.5,70597,2610,EC,OC
1423,111.5,70600,5902,CS,OC
1424,111.5,70602,1516,ME,SC
1425,111.5,70603,5532,CS,MBC
1426,111.5,70605,2636,CS,OC
1427,111.5,70608,3805,CS,BC
1428,111.5,70609,5832,EE,OC
1429,111.5,70610,4992,CS,OC
1430,111.5,70611,2642,CS,MBC
1431,111.5,70613,2732,CS,OC
1432,111.5,70614,3811,CE,OC
1433,111.5,70615,1516,CE,BC
1434,111.5,70617,1202,IT,OC
1435,111.5,70618,4965,CS,BC
1436,111.5,70619,2744,IT,OC
1437,111.5,70621,1520,CS,BC
1438,111.5,70622,2711,EI,MBC
1439,111.5,70623,4672,CS,BC
1440,111.5,70624,1324,CS,SC
1441,111.5,70625,5912,EC,OC
1442,111.5,70626,1504,CS,BCM
1443,111.5,70628,2719,ME,MBC
1444,111.5,70629,1431,CS,OC
1445,111.5,70630,4934,CS,OC
1446,111.5,70631,2711,CE,MBC
1447,111.5,70632,2707,CH,OC
1448,111.5,70633,1213,CS,OC
1449,111.5,70634,2740,IT,BC
1450,111.5,70636,4966,CE,OC
1451,111.5,70638,5010,ME,SC
1452,111.5,70641,5009,ME,OC
1453,111.5,70642,1324,CS,SC
1454,111.5,70645,2611,CY,MBC
1455,111.5,70646,3701,CS,MBC
1456,111.5,70649,1325,EC,OC
1457,111.5,70650,2624,BM,OC
1458,111.5,70652,2345,EC,MBC
1459,111.5,70653,2713,CS,OC
1460,111.5,70654,3918,CS,OC
1461,111.5,70655,2607,EC,BC
1462,111.5,70658,1509,IT,OC
1463,111.5,70659,2632,IT,OC
1464,111.5,70660,5912,EC,OC
1465,111.5,70662,3011,CE,MBC
1466,111.5,70663,1110,AD,BC
1467,111.5,70666,1505,CS,OC
1468,111.5,70669,1210,CE,MBC
1469,111.5,70670,2647,CS,OC
1470,111.5,70671,3830,IT,SC
1471,111.5,70672,2707,CH,OC
1472,111.5,70673,1120,AD,SC
1473,111.5,70674,1126,BM,BC
1474,111.5,70676,4669,EE,OC
1475,111.5,70677,2711,AU,OC
1476,111.5,70683,2764,EC,MBC
1477,111.5,70684,5530,CS,MBC
1478,111.5,70686,5010,ME,BC
1479,111.5,70688,4917,BT,OC
1480,111.5,70689,4955,EC,BC
1481,111.5,70692,5,ME,OC
1482,111.5,70693,2736,EC,BC
1483,111.5,70694,2704,IT,SC
1484,111.5,70696,2723,EC,MBC
1485,111.5,70697,1322,FD,OC
1486,111.5,70698,3458,BT,BC
1487,111.5,70699,5910,CE,OC
1488,111.5,70699,2751,IT,MBC
1489,111.5,70702,2357,IT,MBC
1490,111.5,70703,2750,BT,SC
1491,111.5,70704,3805,BM,MBC
1492,111.5,70706,1437,CS,OC
1493,111.5,70708,2607,EE,MBC
1494,111.5,70709,4917,CS,MBC
1495,111.5,70712,4960,EE,SC
1496,111.5,70713,2706,MZ,OC
1497,111.5,70714,4676,ME,OC
1498,111.5,70718,1127,CH,OC
1499,111.5,70721,1504,CS,BC
1500,111.5,70723,2356,CS,OC
1501,111.5,70726,5910,ME,OC
1502,111.5,70727,4928,EC,OC
1503,111.5,70729,2710,SC,SC
1504,111.5,70730,1107,EC,OC
1505,111.5,70731,5832,CS,BCM
1506,111.5,70732,3464,EE,BC
1507,111.5,70734,1399,MZ,SCA
1508,111.5,70736,1316,ME,OC
1509,111.5,70737,4969,ME,OC
1510,111.5,70738,4974,EC,SCA
1511,111.5,70739,4959,PL,OC
1512,111.5,70740,2661,CS,SCA
1513,111.5,70741,1228,CS,OC
1514,111.5,70745,2776,MZ,OC
1515,111.5,70746,4972,CS,BC
1516,111.5,70747,4984,CS,OC
1517,111.5,70748,5990,EC,OC
1518,111.5,70749,4933,CS,OC
1519,111.5,70750,1216,EC,BC
1520,111.5,70751,4670,EC,BC
1521,111.5,70756,2725,IT,MBC
1522,111.5,70761,1128,EC,MBC
1523,111.5,70762,1306,EC,BC
1524,111.5,70763,1399,EC,SC
1525,111.5,70764,4917,EC,BC
1526,111.5,70765,1013,IT,SC
1527,111.5,70767,1118,CB,MBC
1528,111.5,70768,1120,CS,SC
1529,111.5,70770,1015,EC,BC
1530,111.5,70773,2622,BT,SCA
1531,111.5,70776,2606,CS,OC
1532,111.5,70777,1231,EC,MBC
1533,111.5,70779,1114,IT,MBC
1534,111.5,70780,2718,ME,SC
1535,111.5,70781,4933,CS,OC
1536,111.5,70782,2624,FD,OC
1537,111.5,70784,2620,BT,SC
1538,111.5,70786,1311,AD,MBC
1539,111.5,70790,5022,CS,BC
1540,111.5,70792,5910,IT,MBC
1541,111.5,70793,2610,CS,BC
1542,111.5,70795,2628,CS,OC
1543,111.5,70796,5832,CS,BC
1544,111.5,70797,4020,ME,SC
1545,111.5,70799,2603,EE,SC
1546,111.5,70800,2709,ME,MBC
1547,111.5,70801,2601,IT,BC
1548,111.5,70802,1408,ME,OC
1549,111.5,70804,2640,CS,OC
1550,111.5,70805,1325,IT,BC
1551,111.5,70806,3805,BM,BC
1552,111.5,70808,3425,ME,OC
1553,111.5,70811,3830,AD,SC
1554,111.5,70813,2740,EC,OC
1555,111.5,70816,1316,BM,MBC
1556,111.5,70817,1324,CS,SC
1557,111.5,70818,4965,CS,BC
1558,111.5,70819,1420,ME,OC
1559,111.5,70821,2653,EE,BCM
1560,111.5,70823,5832,CS,MBC
1561,111.5,70824,2614,CS,OC
1562,111.5,70826,2611,BM,ST
1563,111.5,70827,4917,BM,MBC
1564,111.5,70829,1316,EC,BC
1565,111.5,70830,1422,CY,SC
1566,111.5,70831,2702,EI,MBC
1567,111.5,70832,2328,ME,OC
1568,111.5,70833,3021,CS,MBC
1569,111.5,70834,1303,EC,OC
1570,111.5,70835,5,EC,BC
1571,111.5,70840,5532,CS,BC
1572,111.5,70842,2715,EC,BC
1573,111.5,70843,2708,CE,OC
1574,111.5,70844,3021,CS,BC
1575,111.5,70845,2776,AG,OC
1576,111.5,70847,1419,ME,BC
1577,111.5,70848,4965,CS,MBC
1578,111.5,70849,3011,CE,BC
1579,111.5,70854,1216,CH,BC
1580,111.5,70855,2711,ME,BC
1581,111.5,70856,2737,EE,OC
1582,111.5,70859,2653,CB,MBC
1583,111.5,70861,2632,BM,MBC
1584,111.5,70867,1442,BM,OC
1585,111.5,70869,4023,EE,OC
1586,111.5,70874,5,EC,SC
1587,111.5,70875,4965,EC,OC
1588,111.2,70876,4992,AU,OC
1589,111.2,70877,1402,CS,OC
1590,111.0,70879,4966,CS,OC
1591,111.0,70881,4964,CS,OC
1592,111.0,70882,2732,IT,OC
1593,111.0,70884,2740,CS,BC
1594,111.0,70885,1301,CE,OC
1595,111.0,70888,1303,IT,OC
1596,111.0,70889,1122,CH,MBC
1597,111.0,70890,4957,ME,OC
1598,111.0,70891,2715,EC,SCA
1599,111.0,70892,2643,CS,OC
1600,111.0,70894,4966,CS,OC
1601,111.0,70895,2653,EC,BC
1602,111.0,70897,1122,EC,BC
1603,111.0,70898,5935,CS,OC
1604,111.0,70899,2711,EI,MBC
1605,111.0,70902,1325,CS,BCM
1606,111.0,70904,4969,CS,OC
1607,111.0,70905,3011,CE,BC
1608,111.0,70906,3011,CE,BC
1609,111.0,70908,2723,CE,OC
1610,111.0,70909,5,ME,OC
1611,111.0,70910,2715,BM,SC
1612,111.0,70911,3806,BM,MBC
1613,111.0,70915,1505,ME,OC
1614,111.0,70916,3803,EE,OC
1615,111.0,70917,4955,CS,MBC
1616,111.0,70918,5502,EC,OC
1617,111.0,70919,2727,EC,OC
1618,111.0,70921,4954,CS,BC
1619,111.0,70922,1516,CE,MBC
1620,111.0,70923,5010,CE,BC
1621,111.0,70927,2345,EC,MBC
1622,111.0,70928,3458,AG,MBC
1623,111.0,70930,3465,CE,BC
1624,111.0,70931,3810,CS,OC
1625,111.0,70937,3801,CE,OC
1626,111.0,70939,2726,AG,BC
1627,111.0,70940,4994,CE,OC
1628,111.0,70941,2764,CE,MBC
1629,111.0,70942,4669,CS,OC
1630,111.0,70945,2620,BM,SC
1631,111.0,70947,2708,IT,BCM
1632,111.0,70948,1140,EE,OC
1633,111.0,70949,2719,CE,BC
1634,111.0,70952,2607,EC,MBC
1635,111.0,70953,2639,CS,OC
1636,111.0,70954,2708,CE,OC
1637,111.0,70955,1413,EE,OC
1638,111.0,70956,2723,MD,MBC
1639,111.0,70959,3819,ME,OC
1640,111.0,70960,2329,IT,OC
1641,111.0,70961,1320,IT,OC
1642,111.0,70962,2736,CS,MBC
1643,111.0,70963,1413,CS,BC
1644,111.0,70966,1014,CE,OC
1645,111.0,70967,2621,AE,OC
1646,111.0,70968,2718,MZ,SC
1647,111.0,70972,2755,AG,SC
1648,111.0,70974,2632,CS,OC
1649,111.0,70975,4994,CS,OC
1650,111.0,70976,2740,CS,BC
1651,111.0,70977,4969,CS,OC
1652,111.0,70978,5,EC,MBC
1653,111.0,70984,5530,EE,OC
1654,111.0,70986,5009,CE,OC
1655,111.0,70989,1510,CS,MBC
1656,111.0,70991,1325,EC,OC
1657,111.0,70992,2710,ET,OC
1658,111.0,70995,1324,ME,BC
1659,111.0,70996,2620,IT,BC
1660,111.0,70997,2711,CE,SCA
1661,111.0,70998,4953,CS,OC
1662,111.0,70999,3011,EE,SC
1663,111.0,71001,4917,EE,OC
1664,111.0,71003,4669,EC,OC
1665,111.0,71005,1149,ME,OC
1666,111.0,71007,3908,CS,OC
1667,111.0,71008,1325,IT,BC
1668,111.0,71010,2613,EC,OC
1669,111.0,71011,2734,AD,MBC
1670,111.0,71012,3021,EE,OC
1671,111.0,71014,4953,CS,OC
1672,111.0,71015,1409,ME,OC
1673,111.0,71016,1316,BM,MBC
1674,111.0,71017,3905,CS,SC
1675,111.0,71019,2609,CS,OC
1676,111.0,71021,1408,CS,SC
1677,111.0,71023,2634,IT,OC
1678,111.0,71024,1301,IT,BC
1679,111.0,71027,1427,IT,OC
1680,111.0,71028,2329,AD,BCM
1681,111.0,71031,2707,EE,OC
1682,111.0,71032,2612,CS,OC
1683,111.0,71034,4917,EC,BC
1684,111.0,71036,3908,CS,OC
1685,111.0,71038,1116,CS,OC
1686,111.0,71039,2747,EC,OC
1687,111.0,71044,4981,ME,BC
1688,111.0,71046,2625,BM,OC
1689,111.0,71047,3760,EE,OC
1690,111.0,71049,2636,CE,OC
1691,111.0,71052,4917,EE,OC
1692,111.0,71053,2729,AE,MBC
1693,111.0,71054,5902,CS,OC
1694,111.0,71055,2750,ME,BC
1695,111.0,71056,2712,AU,SC
1696,111.0,71057,2620,TS,OC
1697,111.0,71060,5862,AG,OC
1698,111.0,71062,4917,ME,OC
1699,111.0,71063,2704,CS,SCA
1700,111.0,71064,4928,EE,OC
1701,111.0,71066,2723,BM,MBC
1702,111.0,71067,3817,CS,OC
1703,111.0,71069,2734,AD,BC
1704,111.0,71070,2621,EC,OC
1705,111.0,71072,1101,EC,OC
1706,111.0,71073,2618,FT,ST
1707,111.0,71074,1303,BT,OC
1708,111.0,71076,4670,CE,OC
1709,111.0,71077,5912,CS,OC
1710,111.0,71079,2620,TS,OC
1711,111.0,71080,1505,ME,OC
1712,111.0,71082,1516,ME,MBC
1713,111.0,71083,2621,CS,BC
1714,111.0,71084,2613,IT,BC
1715,111.0,71085,4680,EC,MBC
1716,111.0,71086,2607,BT,BC
1717,111.0,71087,4978,BM,OC
1718,111.0,71088,4960,IT,SC
1719,111.0,71089,3011,CE,BC
1720,111.0,71092,4917,EC,BC
1721,111.0,71097,1216,EC,BC
1722,111.0,71099,1452,CS,BC
1723,111.0,71101,2702,ME,BC
1724,111.0,71102,3830,EC,BC
1725,111.0,71103,5914,CE,OC
1726,111.0,71106,2607,CS,MBC
1727,111.0,71107,2715,EC,BC
1728,111.0,71108,4960,CE,BC
1729,111.0,71109,2710,EE,BC
1730,111.0,71112,2723,IT,BCM
1731,111.0,71113,1013,EC,MBC
1732,111.0,71115,1225,EE,OC
1733,111.0,71116,4960,ME,SC
1734,111.0,71118,1322,CS,OC
1735,111.0,71119,3782,ME,OC
1736,111.0,71120,5532,EC,BC
1737,111.0,71121,2731,PD,OC
1738,111.0,71123,1101,IT,OC
1739,111.0,71124,2725,EC,BC
1740,111.0,71125,3795,EC,OC
1741,111.0,71126,4984,CS,OC
1742,111.0,71127,1118,RM,BC
1743,111.0,71128,4024,EC,BC
1744,111.0,71129,4931,ME,OC
1745,111.0,71130,1306,EC,BC
1746,111.0,71132,2711,ME,MBC
1747,111.0,71133,4944,EC,OC
1748,111.0,71137,2735,AD,MBC
1749,111.0,71139,4972,CS,MBC
1750,111.0,71140,2360,CS,OC
1751,111.0,71142,2744,ME,OC
1752,111.0,71143,2725,CS,MBC
1753,111.0,71144,2721,CS,BC
1754,111.0,71146,1437,EC,OC
1755,111.0,71148,4680,CE,BC
1756,111.0,71149,4917,EE,OC
1757,111.0,71151,3011,EE,SC
1758,111.0,71152,1238,ME,OC
1759,111.0,71153,1432,EC,BC
1760,111.0,71154,1126,BM,SC
1761,111.0,71155,2610,CS,BC
1762,111.0,71156,3801,EC,OC
1763,111.0,71158,2763,CS,OC
1764,111.0,71160,3011,CE,MBC
1765,111.0,71161,1420,CS,SC
1766,111.0,71162,2328,CS,BC
1767,111.0,71164,2628,AU,OC
1768,111.0,71166,1309,EC,SC
1769,111.0,71167,2750,BM,BC
1770,111.0,71168,2729,AE,SC
1771,111.0,71169,2610,EE,OC
1772,111.0,71171,2349,BM,MBC
1773,111.0,71172,1127,IT,OC
1774,111.0,71173,1014,EC,BC
1775,111.0,71174,1126,CS,OC
1776,111.0,71175,3425,EC,MBC
1777,111.0,71179,2601,ME,OC
1778,111.0,71181,2329,IT,BC
1779,111.0,71185,2726,MZ,BC
1780,111.0,71187,1413,AD,OC
1781,111.0,71189,3016,CS,OC
1782,111.0,71190,2610,BM,BC
1783,111.0,71191,1504,IT,BC
1784,111.0,71192,2702,TX,MBC
1785,111.0,71193,2634,CS,MBC
1786,111.0,71194,2751,EC,OC
1787,111.0,71195,1419,PR,BC
1788,111.0,71196,1120,EC,MBC
1789,111.0,71198,2611,BM,BC
1790,111.0,71199,4984,CS,OC
1791,111.0,71205,2723,EC,MBC
1792,111.0,71206,2707,BM,MBC
1793,111.0,71209,3019,CS,MBC
1794,111.0,71210,2636,CS,BC
1795,111.0,71212,3826,EE,MBC
1796,111.0,71214,1501,CS,OC
1797,111.0,71215,1310,AD,OC
1798,111.0,71216,2702,EE,BCM
1799,111.0,71217,1149,EC,BC
1800,111.0,71219,4964,CS,OC
1801,111.0,71220,2625,AG,OC
1802,111.0,71221,2609,FD,OC
1803,111.0,71222,2708,IT,MBC
1804,111.0,71226,2618,AD,SCA
1805,111.0,71227,1317,EE,MBC
1806,111.0,71228,3425,ME,OC
1807,111.0,71229,2608,EE,MBC
1808,111.0,71230,2621,CS,BC
1809,111.0,71231,4676,CS,MBC
1810,111.0,71237,2356,EC,OC
1811,111.0,71240,2708,EE,OC
1812,111.0,71242,3817,EE,OC
1813,111.0,71243,2723,EC,MBC
1814,111.0,71244,2764,EC,MBC
1815,111.0,71245,2341,BM,OC
1816,111.0,71246,3462,ME,OC
1817,111.0,71248,5009,EE,MBC
1818,111.0,71249,4670,CE,OC
1819,111.0,71250,4944,CE,OC
1820,111.0,71251,1128,CS,SC
1821,111.0,71252,2702,FD,SCA
1822,111.0,71257,2610,CS,MBC
1823,111.0,71259,2025,EE,BCM
1824,111.0,71260,2736,EC,MBC
1825,111.0,71263,1014,IT,MBC
1826,111.0,71264,2727,AG,BC
1827,111.0,71265,1213,CS,OC
1828,111.0,71266,1317,ME,MBC
1829,111.0,71267,2640,CS,OC
1830,111.0,71268,2704,EE,OC
1831,111.0,71270,4955,EC,BC
1832,111.0,71272,2734,TS,OC
1833,111.0,71273,1110,CS,BC
1834,111.0,71277,2642,CS,MBC
1835,111.0,71279,1014,CS,BCM
1836,111.0,71280,4965,BT,SC
1837,111.0,71281,2708,CS,SC
1838,111.0,71282,2601,BT,BC
1839,111.0,71283,3760,CS,OC
1840,111.0,71286,5865,CS,SC
1841,111.0,71288,4965,CS,BC
1842,111.0,71293,2716,MD,OC
1843,111.0,71295,3826,EC,BC
1844,111.0,71300,2750,AG,MBC
1845,111.0,71301,5533,CS,OC
1846,111.0,71302,2609,FD,OC
1847,111.0,71304,4934,CS,OC
1848,111.0,71306,1408,CS,MBC
1849,111.0,71308,2740,ME,OC
1850,111.0,71311,2750,EE,OC
1851,111.0,71316,2740,IT,BC
1852,111.0,71317,1230,EC,OC
1853,111.0,71318,1210,EE,BC
1854,111.0,71320,1210,EC,BCM
1855,111.0,71322,2704,EC,MBC
1856,111.0,71323,1399,MZ,SC
1857,111.0,71327,2719,ME,MBC
1858,111.0,71328,2708,IT,BC
1859,111.0,71331,4917,EC,BC
1860,111.0,71332,1322,CS,OC
1861,111.0,71333,4965,CS,BC
1862,111.0,71335,3805,CS,MBC
1863,111.0,71337,2750,CS,SC
1864,111.0,71338,1324,CS,SC
1865,111.0,71339,3795,EC,OC
1866,111.0,71340,2601,AE,OC
1867,111.0,71341,4954,ME,OC
1868,111.0,71342,5,CS,MBC
1869,111.0,71343,4917,AG,MBC
1870,111.0,71344,1210,AD,SC
1871,111.0,71347,3011,CE,ST
1872,111.0,71348,1026,ME,MBC
1873,111.0,71351,1127,AE,OC
1874,111.0,71356,1225,CS,BC
1875,111.0,71357,2709,IT,SC
1876,111.0,71358,4931,CS,OC
1877,111.0,71359,5009,EE,BC
1878,111.0,71360,1211,ME,BC
1879,111.0,71361,1325,IT,SC
1880,111.0,71362,2758,CS,OC
1881,111.0,71363,2357,IT,BC
1882,111.0,71364,2347,CS,OC
1883,111.0,71365,5910,CS,SC
1884,111.0,71367,2620,BM,SC
1885,111.0,71368,2647,EE,OC
1886,111.0,71369,2727,EC,OC
1887,111.0,71370,1211,ME,BC
1888,111.0,71371,1422,EC,BCM
1889,111.0,71373,2708,AE,BC
1890,111.0,71378,2729,AE,BCM
1891,111.0,71380,3808,CS,OC
1892,111.0,71387,3819,IC,OC
1893,111.0,71389,2636,CS,BC
1894,111.0,71390,3011,ME,BC
1895,111.0,71396,4965,CS,BC
1896,111.0,71400,3016,EE,OC
1897,111.0,71401,1505,ME,OC
1898,111.0,71402,4992,CS,OC
1899,111.0,71403,2763,CS,OC
1900,111.0,71405,1122,CE,OC
1901,111.0,71408,1216,EC,MBC
1902,111.0,71409,4954,EC,SC
1903,111.0,71410,1106,AE,OC
1904,111.0,71412,2710,CE,SC
1905,111.0,71414,3795,ME,OC
1906,111.0,71415,5536,AG,OC
1907,111.0,71417,3857,EE,OC
1908,111.0,71420,4933,EC,OC
1909,111.0,71421,3829,IT,MBC
1910,111.0,71425,1101,CE,OC
1911,111.0,71426,2726,EC,OC
1912,111.0,71427,4999,CS,OC
1913,111.0,71428,1322,IT,OC
1914,111.0,71430,2719,IT,SC
1915,111.0,71432,5910,IT,MBC
1916,111.0,71433,1311,CS,SC
1917,111.0,71435,2624,EC,OC
1918,111.0,71437,2328,CS,MBC
1919,111.0,71438,1306,IT,SC
1920,111.0,71442,3454,AG,OC
1921,111.0,71443,3805,BM,BC
1922,111.0,71444,1316,CS,MBC
1923,111.0,71445,1501,CS,MBC
1924,111.0,71447,2718,EE,SC
1925,111.0,71448,2708,AG,SC
1926,111.0,71449,4965,CS,BC
1927,111.0,71450,3458,AG,MBC
1928,111.0,71452,1419,CE,SCA
1929,111.0,71453,4944,EC,BC
1930,111.0,71454,1509,CS,BC
1931,111.0,71455,2704,IT,BCM
1932,111.0,71456,1304,EI,MBC
1933,111.0,71457,1432,CS,SC
1934,111.0,71460,5910,CS,SC
1935,111.0,71461,1317,IC,OC
1936,110.8,71466,3805,FD,MBC
1937,110.5,71468,1303,CS,BC
1938,110.5,71471,2620,BM,SC
1939,110.5,71472,4960,CE,SC
1940,110.5,71473,2731,EC,OC
1941,110.5,71474,2665,PD,OC
1942,110.5,71476,2704,EE,OC
1943,110.5,71477,4993,ME,OC
1944,110.5,71478,4978,BT,OC
1945,110.5,71480,3760,AG,BC
1946,110.5,71481,3843,EE,OC
1947,110.5,71482,2732,CS,OC
1948,110.5,71483,2618,MZ,OC
1949,110.5,71484,1015,ME,OC
1950,110.5,71486,3760,CS,OC
1951,110.5,71487,5502,ME,OC
1952,110.5,71489,3786,MZ,OC
1953,110.5,71490,4993,ME,OC
1954,110.5,71491,1501,IT,OC
1955,110.5,71492,1316,CS,BC
1956,110.5,71495,3464,ME,MBC
1957,110.5,71496,1434,AU,OC
1958,110.5,71498,2611,AG,OC
1959,110.5,71500,3801,ME,OC
1960,110.5,71501,1113,ME,SC
1961,110.5,71503,2750,ME,BC
1962,110.5,71506,5907,CS,MBC
1963,110.5,71507,3803,IT,BC
1964,110.5,71509,4959,EC,BC
1965,110.5,71511,2611,BM,MBC
1966,110.5,71514,3011,CE,BC
1967,110.5,71515,4023,ME,BC
1968,110.5,71517,5530,EC,BC
1969,110.5,71518,1233,EC,SC
1970,110.5,71520,2755,CE,OC
1971,110.5,71523,3830,EE,BC
1972,110.5,71526,2328,CS,MBC
1973,110.5,71527,3831,CS,OC
1974,110.5,71528,2702,CS,SC
1975,110.5,71529,1434,AE,OC
1976,110.5,71530,2710,EE,BC
1977,110.5,71531,2776,CE,OC
1978,110.5,71532,4994,CS,OC
1979,110.5,71533,2656,EE,OC
1980,110.5,71534,2620,TS,OC
1981,110.5,71535,2611,CS,BC
1982,110.5,71540,3701,ME,OC
1983,110.5,71541,1412,CS,OC
1984,110.5,71542,2621,ME,OC
1985,110.5,71544,2708,AG,MBC
1986,110.5,71545,3830,CS,SC
1987,110.5,71546,1217,AD,OC
1988,110.5,71547,1303,IT,OC
1989,110.5,71549,4959,EC,MBC
1990,110.5,71550,2708,EE,OC
1991,110.5,71552,2610,ME,OC
1992,110.5,71554,1409,CS,OC
1993,110.5,71556,1149,ME,OC
1994,110.5,71558,2719,ME,MBC
1995,110.5,71559,4672,EC,OC
1996,110.5,71562,4964,EI,OC
1997,110.5,71563,1416,BM,OC
1998,110.5,71565,4928,CS,OC
1999,110.5,71566,5910,IT,MBC
2000,110.5,71568,2357,CS,BC
2001,110.5,71570,4955,EE,OC
2002,110.5,71574,2659,CE,OC
2003,110.5,71578,5703,CE,OC
2004,110.5,71579,2603,EE,SC
2005,110.5,71581,2347,CS,OC
2006,110.5,71583,3825,CS,OC
2007,110.5,71584,5942,CS,OC
2008,110.5,71586,1303,CS,MBC
2009,110.5,71589,2329,IT,BC
2010,110.5,71590,2610,MD,OC
2011,110.5,71594,3701,CE,OC
2012,110.5,71595,2712,SE,SCA
2013,110.5,71596,5832,EC,OC
2014,110.5,71597,4962,EE,MBC
2015,110.5,71600,2711,MZ,MBC
2016,110.5,71601,1304,CS,ST
2017,110.5,71602,2735,EE,OC
2018,110.5,71604,1231,CS,SC
2019,110.5,71606,4864,EC,BC
2020,110.5,71608,3801,IT,BC
2021,110.5,71609,3833,CE,OC
2022,110.5,71611,3410,CS,BC
2023,110.5,71612,4944,CE,OC
2024,110.5,71614,2716,AE,OC
2025,110.5,71617,1516,ME,BC
2026,110.5,71618,3841,EC,OC
2027,110.5,71620,3805,BM,BC
2028,110.5,71621,5017,EE,OC
2029,110.5,71622,1026,EE,BC
2030,110.5,71624,5536,EE,OC
2031,110.5,71626,3908,CE,OC
2032,110.5,71627,2652,IT,OC
2033,110.5,71630,4675,CS,OC
2034,110.5,71633,1014,CS,SC
2035,110.5,71634,2618,CE,MBC
2036,110.5,71635,5910,IT,SC
2037,110.5,71637,2611,CS,BC
2038,110.5,71638,2723,MD,MBC
2039,110.5,71640,1309,ME,BC
2040,110.5,71641,5530,CS,MBC
2041,110.5,71642,5022,CS,MBC
2042,110.5,71643,3701,CE,OC
2043,110.5,71644,1216,EC,BC
2044,110.5,71647,4020,ME,BC
2045,110.5,71648,2744,IT,BC
2046,110.5,71652,2661,CE,OC
2047,110.5,71654,2617,CS,OC
2048,110.5,71655,1303,EC,OC
2049,110.5,71656,3825,CS,OC
2050,110.5,71657,4,RP,ST
2051,110.5,71660,2726,IT,MBC
2052,110.5,71661,1210,CO,SC
2053,110.5,71662,3458,FD,OC
2054,110.5,71663,1306,EC,BC
2055,110.5,71664,3464,ME,BC
2056,110.5,71665,4678,EC,MBC
2057,110.5,71667,1311,AO,MBC
2058,110.5,71668,3830,CB,OC
2059,110.5,71671,3807,EC,OC
2060,110.5,71672,1123,CS,OC
2061,110.5,71676,2369,CE,MBC
2062,110.5,71677,1510,CS,BC
2063,110.5,71679,2357,CS,BC
2064,110.5,71683,1420,IT,OC
2065,110.5,71684,1118,RM,BC
2066,110.5,71685,2329,AD,SC
2067,110.5,71686,4023,ME,BC
2068,110.5,71687,1510,EE,OC
2069,110.5,71688,3811,ME,OC
2070,110.5,71689,2736,EE,OC
2071,110.5,71690,1149,IT,SC
2072,110.5,71693,1317,CE,OC
2073,110.5,71694,2709,IT,SC
2074,110.5,71695,2327,CS,OC
2075,110.5,71696,3830,EC,MBC
2076,110.5,71697,4954,IT,BC
2077,110.5,71698,2706,EC,BCM
2078,110.5,71701,4993,BM,OC
2079,110.5,71702,4971,ME,BC
2080,110.5,71703,1231,AD,MBC
2081,110.5,71705,2715,CH,OC
2082,110.5,71706,1420,IT,OC
2083,110.5,71707,1316,AO,OC
2084,110.5,71708,4023,ME,BC
2085,110.5,71711,1237,CS,MBC
2086,110.5,71712,1015,ME,OC
2087,110.5,71714,5,ME,OC
2088,110.5,71715,2607,CS,MBC
2089,110.5,71716,1304,ME,OC
2090,110.5,71717,4971,CE,BC
2091,110.5,71719,4971,CS,MBC
2092,110.5,71720,2716,BM,BC
2093,110.5,71721,2614,TX,OC
2094,110.5,71723,2613,EC,OC
2095,110.5,71724,4971,EE,OC
2096,110.5,71725,2345,EC,MBC
2097,110.5,71729,4680,CE,BCM
2098,110.5,71730,4971,EE,OC
2099,110.5,71731,2749,EC,OC
2100,110.5,71733,2707,EE,OC
2101,110.5,71734,2349,FD,OC
2102,110.5,71736,2618,ME,OC
2103,110.5,71737,2328,IT,MBC
2104,110.5,71738,3805,BM,SC
2105,110.5,71739,2719,CS,SC
2106,110.5,71740,4672,CE,OC
2107,110.5,71741,1013,CS,SCA
2108,110.5,71742,1231,EC,MBC
2109,110.5,71743,3458,BT,BC
2110,110.5,71744,3830,EE,MBC
2111,110.5,71745,2369,CE,MBC
2112,110.5,71746,2354,EC,OC
2113,110.5,71747,2731,CS,BC
2114,110.5,71748,4672,EC,OC
2115,110.5,71749,3410,EC,OC
2116,110.5,71750,4955,ME,OC
2117,110.5,71753,2621,IT,OC
2118,110.5,71756,2740,CS,MBC
2119,110.5,71757,3918,EC,OC
2120,110.5,71763,3801,IT,MBC
2121,110.5,71764,1306,EC,BC
2122,110.5,71765,2651,EC,OC
2123,110.5,71766,2618,ME,OC
2124,110.5,71767,1210,ME,OC
2125,110.5,71769,1211,AU,BC
2126,110.5,71770,5910,IT,MBC
2127,110.5,71772,2716,AE,OC
2128,110.5,71773,3805,CS,BC
2129,110.5,71776,2750,ME,BC
2130,110.5,71777,2769,PD,OC
2131,110.5,71778,2601,EC,OC
2132,110.5,71779,2747,CS,OC
2133,110.5,71780,1422,EC,MBC
2134,110.5,71781,2727,EC,OC
2135,110.5,71784,1202,EC,OC
2136,110.5,71785,1505,CS,OC
2137,110.5,71791,3016,CS,MBC
2138,110.5,71793,2601,EC,OC
2139,110.5,71797,2620,EC,BC
2140,110.5,71798,2609,AG,SCA
2141,110.5,71799,2369,EE,SC
2142,110.5,71803,3466,EC,OC
2143,110.5,71804,1307,CS,BC
2144,110.5,71806,5009,CE,OC
2145,110.5,71809,3786,CS,OC
2146,110.5,71810,1316,EE,OC
2147,110.5,71815,2601,BM,MBC
2148,110.5,71817,1137,EE,OC
2149,110.5,71818,2347,CS,OC
2150,110.5,71821,1516,CE,BC
2151,110.5,71822,2715,CH,OC
2152,110.5,71824,1127,IT,OC
2153,110.5,71829,2613,IT,MBC
2154,110.5,71830,4993,ME,OC
2155,110.5,71832,4962,CE,OC
2156,110.5,71833,2615,ME,SCA
2157,110.5,71834,2607,EE,MBC
2158,110.5,71837,2661,CS,ST
2159,110.5,71840,1322,CS,OC
2160,110.5,71841,1216,CH,MBC
2161,110.5,71846,4959,BT,BCM
2162,110.5,71847,2702,CS,SC
2163,110.5,71848,3810,AG,SC
2164,110.5,71850,4957,CS,OC
2165,110.5,71852,2736,EC,BC
2166,110.5,71853,2601,EC,OC
2167,110.5,71855,3795,CE,OC
2168,110.5,71856,1317,EE,BC
2169,110.5,71859,1419,CE,BC
2170,110.5,71861,1504,CE,OC
2171,110.5,71862,1411,BT,OC
2172,110.5,71866,2776,CS,OC
2173,110.5,71867,1149,EC,BC
2174,110.5,71868,2752,ME,OC
2175,110.5,71869,2740,PH,OC
2176,110.5,71871,3807,CS,BC
2177,110.5,71872,2755,CS,OC
2178,110.5,71873,3464,ME,MBC
2179,110.5,71874,2741,EC,OC
2180,110.5,71876,2329,EC,OC
2181,110.5,71877,2733,EC,OC
2182,110.5,71879,3845,CS,OC
2183,110.5,71880,1424,CS,OC
2184,110.5,71881,1149,EC,BC
2185,110.5,71882,4955,EC,SC
2186,110.5,71883,3817,CE,OC
2187,110.5,71884,4955,EC,BC
2188,110.5,71885,2723,EE,BC
2189,110.5,71889,2734,IT,MBC
2190,110.5,71890,1520,CS,BC
2191,110.5,71891,1110,IT,BC
2192,110.5,71892,2740,CS,BC
2193,110.5,71894,2614,TX,OC
2194,110.5,71898,4995,CS,OC
2195,110.5,71900,2609,ME,OC
2196,110.5,71901,1412,CS,OC
2197,110.5,71902,2611,FD,OC
2198,110.5,71903,1507,IT,OC
2199,110.5,71906,3464,ME,BCM
2200,110.5,71917,4965,EE,OC
2201,110.5,71918,4917,IT,MBC
2202,110.5,71920,2719,EI,MBC
2203,110.5,71921,2607,TX,MBC
2204,110.5,71922,1322,CS,OC
2205,110.5,71924,1452,CS,BC
2206,110.5,71927,3456,BM,OC
2207,110.5,71931,1015,EE,OC
2208,110.5,71932,2610,IT,MBC
2209,110.5,71933,5009,EE,BC
2210,110.5,71934,2314,EC,OC
2211,110.5,71935,1504,CH,OC
2212,110.5,71936,5009,ME,OC
2213,110.5,71938,4864,ME,OC
2214,110.5,71941,5532,CE,OC
2215,110.5,71942,2661,IT,OC
2216,110.5,71944,3458,AG,BC
2217,110.5,71946,5910,ME,OC
2218,110.5,71947,4971,CE,BCM
2219,110.5,71948,1233,EC,MBC
2220,110.5,71949,1422,ME,OC
2221,110.5,71950,4960,CE,BC
2222,110.5,71951,1228,CS,OC
2223,110.5,71952,1422,ME,OC
2224,110.5,71953,3016,CS,MBC
2225,110.5,71954,1306,EC,BC
2226,110.5,71955,1413,CS,BC
2227,110.5,71959,3805,EE,OC
2228,110.5,71961,1416,BM,OC
2229,110.5,71963,3805,CS,BC
2230,110.5,71964,1128,EC,MBC
2231,110.5,71966,2652,CS,OC
2232,110.5,71969,3819,ME,OC
2233,110.5,71970,1118,EE,MBC
2234,110.5,71972,1303,EC,OC
2235,110.5,71973,2610,AD,OC
2236,110.5,71974,4981,CS,MBC
2237,110.5,71975,1401,CH,OC
2238,110.5,71977,1408,CS,BCM
2239,110.5,71978,4023,EE,BC
2240,110.5,71981,3805,IT,BC
2241,110.5,71982,3410,EE,OC
2242,110.5,71983,1026,EE,SC
2243,110.5,71984,3011,CE,BC
2244,110.5,71985,2715,EC,MBC
2245,110.5,71987,1115,CS,OC
2246,110.5,71991,2601,EE,OC
2247,110.0,71995,3815,TX,OC
2248,110.0,71996,3908,EC,OC
2249,110.0,71997,2609,CS,OC
2250,110.0,71999,3843,CS,MBC
2251,110.0,72001,2722,EE,MBC
2252,110.0,72004,2302,CS,OC
2253,110.0,72006,2607,EC,BC
2254,110.0,72007,1431,CS,OC
2255,110.0,72008,2705,EE,OC
2256,110.0,72009,2653,EC,BC
2257,110.0,72010,2650,EC,OC
2258,110.0,72012,1509,IT,OC
2259,110.0,72013,2627,CS,OC
2260,110.0,72015,5010,CE,SC
2261,110.0,72017,3805,CS,MBC
2262,110.0,72018,2707,CS,BC
2263,110.0,72019,2708,AE,SC
2264,110.0,72021,1207,CS,OC
2265,110.0,72022,3805,ME,OC
2266,110.0,72023,2614,TX,OC
2267,110.0,72024,1237,ME,OC
2268,110.0,72025,4917,ME,OC
2269,110.0,72027,2345,CS,BC
2270,110.0,72028,4680,ME,BC
2271,110.0,72029,4955,CS,SC
2272,110.0,72030,1424,EC,OC
2273,110.0,72031,2357,CS,MBC
2274,110.0,72032,2707,AD,MBC
2275,110.0,72033,5865,EE,OC
2276,110.0,72034,2357,CS,SCA
2277,110.0,72037,2613,CS,BC
2278,110.0,72038,2707,RM,OC
2279,110.0,72039,1123,EE,OC
2280,110.0,72042,2622,CE,SC
2281,110.0,72043,3805,IT,MBC
2282,110.0,72044,1226,ME,OC
2283,110.0,72045,2609,CS,OC
2284,110.0,72046,2607,IT,BC
2285,110.0,72048,3826,EE,MBC
2286,110.0,72049,2636,EC,OC
2287,110.0,72050,4955,EC,BC
2288,110.0,72051,4953,CS,OC
2289,110.0,72053,1411,BT,OC
2290,110.0,72055,2609,IT,OC
2291,110.0,72055,3425,CS,BC
2292,110.0,72056,1210,ME,OC
2293,110.0,72057,2683,CS,OC
2294,110.0,72059,2636,ME,OC
2295,110.0,72060,2704,ME,OC
2296,110.0,72061,1149,EC,BC
2297,110.0,72062,3807,IT,OC
2298,110.0,72065,5832,CS,BC
2299,110.0,72066,2711,ME,MBC
2300,110.0,72068,1520,IT,OC
2301,110.0,72070,5009,EE,BC
2302,110.0,72071,2715,IT,MBC
2303,110.0,72072,1414,EC,OC
2304,110.0,72073,3805,CS,BC
2305,110.0,72074,3465,CE,MBC
2306,110.0,72078,2349,FD,OC
2307,110.0,72080,4670,ME,OC
2308,110.0,72082,2708,AG,SC
2309,110.0,72085,2611,CY,MBC
2310,110.0,72088,5910,ME,OC
2311,110.0,72090,2601,BM,BC
2312,110.0,72091,2607,EE,MBC
2313,110.0,72092,2651,CE,OC
2314,110.0,72093,2767,EE,OC
2315,110.0,72094,1207,RM,OC
2316,110.0,72095,4981,CS,BCM
2317,110.0,72096,3806,ME,OC
2318,110.0,72098,3805,CS,BC
2319,110.0,72099,2618,FT,BC
2320,110.0,72100,3817,EE,OC
2321,110.0,72102,2718,EE,SC
2322,110.0,72104,2741,ME,OC
2323,110.0,72105,4928,ME,OC
2324,110.0,72106,4680,CS,BC
2325,110.0,72107,2611,CS,MBC
2326,110.0,72108,4994,CS,OC
2327,110.0,72111,2607,AD,MBC
2328,110.0,72115,2716,CS,BCM
2329,110.0,72116,2650,ME,OC
2330,110.0,72118,2706,EC,SC
2331,110.0,72121,1202,CS,OC
2332,110.0,72122,2345,CE,OC
2333,110.0,72123,2710,CE,MBC
2334,110.0,72127,2750,EC,BC
2335,110.0,72128,2632,EC,OC
2336,110.0,72129,1407,BM,SC
2337,110.0,72131,5,ME,OC
2338,110.0,72132,2617,CS,OC
2339,110.0,72134,2611,PH,OC
2340,110.0,72135,1408,CS,BC
2341,110.0,72136,2719,CS,SC
2342,110.0,72137,2723,EE,MBC
2343,110.0,72138,3830,ME,OC
2344,110.0,72139,4993,IT,OC
2345,110.0,72140,2706,ME,OC
2346,110.0,72142,2750,EC,BC
2347,110.0,72143,1014,IT,BC
2348,110.0,72144,2607,AD,BC
2349,110.0,72145,2608,ME,OC
2350,110.0,72148,2601,CS,SC
2351,110.0,72149,4980,EE,OC
2352,110.0,72150,3464,EE,SC
2353,110.0,72151,1114,CS,MBC
2354,110.0,72153,2611,IT,SC
2355,110.0,72154,3811,CS,OC
2356,110.0,72155,2628,CS,OC
2357,110.0,72158,3461,ME,OC
2358,110.0,72159,4953,ME,OC
2359,110.0,72160,2610,ME,OC
2360,110.0,72163,5536,EC,OC
2361,110.0,72168,4981,CS,MBC
2362,110.0,72172,2623,IT,OC
2363,110.0,72174,4669,ME,OC
2364,110.0,72175,4971,EE,OC
2365,110.0,72177,1324,ME,BC
2366,110.0,72179,2722,IC,BC
2367,110.0,72183,1306,EC,MBC
2368,110.0,72185,2653,IT,MBC
2369,110.0,72187,1122,CS,MBC
2370,110.0,72188,4981,CS,MBC
2371,110.0,72189,3820,CS,OC
2372,110.0,72192,1127,CS,OC
2373,110.0,72193,2628,CS,OC
2374,110.0,72194,2707,IT,MBC
2375,110.0,72195,2621,CS,BC
2376,110.0,72196,1405,CS,OC
2377,110.0,72198,1211,MZ,SC
2378,110.0,72200,2707,CS,BC
2379,110.0,72209,2611,BM,BC
2380,110.0,72210,5,IT,SC
2381,110.0,72214,2727,BT,BC
2382,110.0,72216,1320,IT,OC
2383,110.0,72217,3425,ME,OC
2384,110.0,72218,2611,AE,OC
2385,110.0,72219,4943,CS,OC
2386,110.0,72220,2609,AD,MBC
2387,110.0,72224,2722,CE,BC
2388,110.0,72226,2611,IT,SCA
2389,110.0,72227,2739,CO,MBC
2390,110.0,72229,2622,CS,MBC
2391,110.0,72232,3806,CS,OC
2392,110.0,72233,5,CS,MBC
2393,110.0,72235,2609,CS,OC
2394,110.0,72236,4024,ME,OC
2395,110.0,72237,2723,CE,OC
2396,110.0,72242,4024,EC,SC
2397,110.0,72243,2623,EC,OC
2398,110.0,72244,2716,BM,BC
2399,110.0,72245,2611,PH,OC
2400,110.0,72246,5865,ME,OC
2401,110.0,72248,4955,EC,BC
2402,110.0,72249,3817,CS,OC
2403,110.0,72250,2723,EE,BC
2404,110.0,72251,5530,AU,OC
2405,110.0,72253,2345,CE,OC
2406,110.0,72254,2721,IC,OC
2407,110.0,72255,1408,CS,MBC
2408,110.0,72256,3011,ME,SC
2409,110.0,72257,4020,ME,BC
2410,110.0,72260,2721,CS,MBC
2411,110.0,72266,5910,ME,OC
2412,110.0,72269,1407,BM,SC
2413,110.0,72270,2715,BM,BC
2414,110.0,72271,2607,NS,OC
2415,110.0,72273,1605,CS,OC
2416,110.0,72274,1413,CS,BC
2417,110.0,72275,1207,EC,OC
2418,110.0,72279,3803,EC,BC
2419,110.0,72281,2634,AG,OC
2420,110.0,72282,2764,ME,BC
2421,110.0,72283,2607,EC,MBC
2422,110.0,72284,2329,AD,BC
2423,110.0,72285,2743,AD,BC
2424,110.0,72286,5,CS,SC
2425,110.0,72287,2624,CS,OC
2426,110.0,72288,2632,IT,OC
2427,110.0,72293,3011,ME,BC
2428,110.0,72295,2706,ME,OC
2429,110.0,72297,3852,CE,OC
2430,110.0,72298,2707,AD,MBC
2431,110.0,72298,1233,EE,OC
2432,110.0,72301,1324,ME,BC
2433,110.0,72302,2750,AE,BC
2434,110.0,72303,1504,CS,SC
2435,110.0,72304,2653,EC,BC
2436,110.0,72305,1399,EC,SC
2437,110.0,72306,2736,EC,MBC
2438,110.0,72308,4960,AD,SC
2439,110.0,72311,4996,EC,OC
2440,110.0,72312,5502,EC,OC
2441,110.0,72314,3410,ME,OC
2442,110.0,72317,4994,EC,OC
2443,110.0,72319,1140,EC,OC
2444,110.0,72320,2634,BM,OC
2445,110.0,72323,2627,EC,OC
2446,110.0,72324,2651,CS,BC
2447,110.0,72325,1509,IT,OC
2448,110.0,72327,2608,CB,BCM
2449,110.0,72330,4917,EC,BC
2450,110.0,72332,3458,FD,OC
2451,110.0,72334,2607,IT,BC
2452,110.0,72336,4020,GI,BC
2453,110.0,72337,1324,IT,SC
2454,110.0,72339,1421,CS,OC
2455,110.0,72340,5009,ME,OC
2456,110.0,72344,2601,EC,OC
2457,110.0,72346,4980,CS,OC
2458,110.0,72347,4965,CS,BC
2459,110.0,72348,2702,EE,BCM
2460,110.0,72349,2653,ME,OC
2461,110.0,72350,1015,CS,SC
2462,110.0,72354,2736,IT,MBC
2463,110.0,72355,3813,CS,OC
2464,110.0,72358,3814,CS,OC
2465,110.0,72363,2622,EC,SC
2466,110.0,72364,2729,EE,OC
2467,110.0,72365,4945,CS,OC
2468,110.0,72368,3806,IT,BC
2469,110.0,72370,4960,ME,MBC
2470,110.0,72371,3805,PH,OC
2471,110.0,72372,1015,ME,OC
2472,110.0,72373,2711,ME,MBC
2473,110.0,72374,2659,BM,OC
2474,110.0,72375,2345,EC,BC
2475,110.0,72378,2753,AG,OC
2476,110.0,72383,2606,EC,OC
2477,110.0,72385,3908,CS,OC
2478,110.0,72386,2762,CS,OC
2479,110.0,72387,2710,SC,MBC
2480,110.0,72389,1306,EC,MBC
2481,110.0,72390,2609,EC,OC
2482,110.0,72391,4020,EC,SC
2483,110.0,72392,4992,EC,OC
2484,110.0,72393,1149,IT,SC
2485,110.0,72394,2711,ME,MBC
2486,110.0,72395,3019,CS,MBC
2487,110.0,72399,2622,ME,BC
2488,110.0,72400,4978,BM,OC
2489,110.0,72401,2611,EE,OC
2490,110.0,72403,1408,IT,OC
2491,110.0,72405,2636,EC,OC
2492,110.0,72407,1222,CS,OC
2493,110.0,72409,1424,ME,OC
2494,110.0,72410,2707,CH,OC
2495,110.0,72412,2611,EC,OC
2496,110.0,72416,2369,ME,MBC
2497,110.0,72418,2711,ME,BC
2498,110.0,72421,2360,MZ,OC
2499,110.0,72423,4953,CS,OC
2500,110.0,72424,4974,CS,SCA
2501,110.0,72425,4670,ME,OC
2502,110.0,72427,2609,AO,OC
2503,110.0,72430,2622,EC,MBC
2504,110.0,72431,2740,CS,MBC
2505,110.0,72434,1408,CS,MBC
2506,110.0,72436,1516,ME,SC
2507,110.0,72438,4964,AE,OC
2508,110.0,72441,5919,ME,OC
2509,110.0,72442,2608,EC,MBC
2510,110.0,72445,3805,CS,BC
2511,110.0,72447,5990,EC,OC
2512,110.0,72448,2723,MD,BC
2513,110.0,72449,2611,CS,MBC
2514,110.0,72450,3810,CS,OC
2515,110.0,72451,2726,EC,OC
2516,110.0,72453,4965,CS,BC
2517,110.0,72454,5,EC,MBC
2518,110.0,72455,4024,EC,BC
2519,110.0,72458,1309,ME,SCA
2520,110.0,72460,1140,ME,OC
2521,110.0,72461,2328,CS,BC
2522,110.0,72462,1306,EC,BC
2523,110.0,72465,2328,IT,MBC
2524,110.0,72466,1303,AD,OC
2525,110.0,72467,2345,EC,MBC
2526,110.0,72468,3804,BM,OC
2527,110.0,72469,2723,IT,MBC
2528,110.0,72476,4959,EC,BC
2529,110.0,72477,5914,CS,OC
2530,110.0,72478,2764,EC,MBC
2531,110.0,72479,3819,EE,MBC
2532,110.0,72481,2764,ME,SC
2533,110.0,72483,2719,CS,SC
2534,110.0,72484,4944,CE,OC
2535,110.0,72485,3826,BM,SC
2536,110.0,72488,1140,EC,OC
2537,110.0,72489,1442,CS,OC
2538,110.0,72490,1416,BM,OC
2539,110.0,72492,1414,IT,BC
2540,110.0,72493,1409,BT,BC
2541,110.0,72493,2776,AG,BC
2542,110.0,72495,1237,CS,MBC
2543,110.0,72496,1216,CH,SC
2544,110.0,72497,2328,BM,SCA
2545,110.0,72498,2722,ME,OC
2546,110.0,72499,1304,EE,SC
2547,110.0,72500,4959,EE,OC
2548,110.0,72501,3806,CS,OC
2549,110.0,72503,1421,CS,OC
2550,110.0,72504,2740,EC,OC
2551,110.0,72507,2610,AD,MBC
2552,110.0,72510,1207,EC,OC
2553,110.0,72511,2624,BM,OC
2554,110.0,72513,4980,EE,OC
2555,110.0,72514,5009,CE,OC
2556,110.0,72516,2610,EC,OC
2557,110.0,72518,2622,EC,MBC
2558,110.0,72519,1516,CE,BC
2559,110.0,72520,1310,CS,SC
2560,110.0,72521,3011,EE,SC
2561,110.0,72522,2622,IT,MBC
2562,110.0,72523,2752,EC,OC
2563,110.0,72525,1516,EC,BCM
2564,110.0,72527,3826,EC,BC
2565,110.0,72528,1112,EC,SC
2566,110.0,72530,1408,EC,OC
2567,110.0,72531,2610,CY,MBC
2568,110.0,72534,1126,CS,OC
2569,110.0,72535,2710,AD,SC
2570,110.0,72539,1216,EC,SC
2571,110.0,72542,2706,EI,OC
2572,110.0,72543,2653,EC,BC
2573,110.0,72544,4954,CS,BC
2574,110.0,72545,3826,EC,BC
2575,110.0,72547,1303,CS,BC
2576,110.0,72550,4993,EE,OC
2577,110.0,72551,4944,CE,OC
2578,110.0,72553,1225,CS,BC
2579,110.0,72554,1320,IT,OC
2580,110.0,72557,1233,EC,MBC
2581,110.0,72558,3011,EE,SC
2582,110.0,72559,1409,BM,SC
2583,110.0,72561,1202,IT,OC
2584,110.0,72562,5009,ME,MBC
2585,110.0,72564,1409,CS,OC
2586,110.0,72565,4955,EC,BC
2587,110.0,72567,5904,ME,OC
2588,110.0,72568,1113,CE,SC
2589,110.0,72569,4944,CS,BC
2590,110.0,72570,3810,CS,OC
2591,110.0,72576,4965,ME,OC
2592,110.0,72581,2328,CS,MBC
2593,110.0,72582,1122,CS,BCM
2594,110.0,72583,2611,EC,OC
2595,110.0,72584,2608,EC,MBC
2596,110.0,72586,3458,BT,MBC
2597,110.0,72587,1505,CS,OC
2598,110.0,72588,5010,ME,BC
2599,109.5,72591,4680,ME,BC
2600,109.5,72592,2744,IT,BC
2601,109.5,72593,3918,CS,OC
2602,109.5,72594,3831,EE,OC
2603,109.5,72596,2743,CS,OC
2604,109.5,72597,4975,ME,OC
2605,109.5,72598,4917,BT,OC
2606,109.5,72599,2683,AG,OC
2607,109.5,72600,2733,EC,OC
2608,109.5,72601,1233,EC,MBC
2609,109.5,72602,3760,EE,OC
2610,109.5,72603,2643,CS,OC
2611,109.5,72604,2314,CS,OC
2612,109.5,72605,4675,CS,OC
2613,109.5,72606,2618,ME,OC
2614,109.5,72607,4953,ME,OC
2615,109.5,72608,2610,CS,MBC
2616,109.5,72609,1316,IT,MBC
2617,109.5,72611,2609,CS,OC
2618,109.5,72612,3830,AD,MBC
2619,109.5,72613,2608,EC,MBC
2620,109.5,72614,2625,BM,OC
2621,109.5,72615,2715,BM,BC
2622,109.5,72616,2707,CS,MBC
2623,109.5,72618,2726,EC,OC
2624,109.5,72622,1408,CE,OC
2625,109.5,72623,3804,CS,OC
2626,109.5,72624,3826,EC,MBC
2627,109.5,72626,2716,CS,SCA
2628,109.5,72627,2710,ET,OC
2629,109.5,72629,2705,CS,OC
2630,109.5,72630,1516,ME,MBC
2631,109.5,72631,3786,CS,OC
2632,109.5,72632,1325,EC,OC
2633,109.5,72633,1310,CS,BC
2634,109.5,72634,3760,AG,SC
2635,109.5,72635,5,EE,OC
2636,109.5,72636,2611,IT,BC
2637,109.5,72637,2607,FD,BC
2638,109.5,72638,2719,ME,SC
2639,109.5,72639,3830,CS,SC
2640,109.5,72640,2708,AU,OC
2641,109.5,72641,1431,CS,OC
2642,109.5,72642,2715,IT,MBC
2643,109.5,72643,4023,CE,BC
2644,109.5,72646,3820,CE,OC
2645,109.5,72647,4972,ME,OC
2646,109.5,72648,2642,CS,BCM
2647,109.5,72649,2716,CS,BC
2648,109.5,72650,3804,CS,OC
2649,109.5,72651,2723,IT,SC
2650,109.5,72652,2618,FT,BC
2651,109.5,72653,1310,CS,MBC
2652,109.5,72654,2727,AG,BCM
2653,109.5,72655,3848,CS,OC
2654,109.5,72656,2329,IT,BC
2655,109.5,72657,2639,EC,OC
2656,109.5,72661,1127,ME,OC
2657,109.5,72664,2347,EC,OC
2658,109.5,72665,1307,CS,BC
2659,109.5,72668,2345,CS,BCM
2660,109.5,72670,3011,EE,SC
2661,109.5,72671,1419,EC,SC
2662,109.5,72673,1441,CE,OC
2663,109.5,72674,3830,CB,OC
2664,109.5,72675,2639,IT,OC
2665,109.5,72677,3011,XC,MBC
2666,109.5,72678,2314,EE,OC
2667,109.5,72679,2622,CS,MBC
2668,109.5,72680,4933,CS,OC
2669,109.5,72681,5935,CS,OC
2670,109.5,72682,3830,EC,BC
2671,109.5,72683,5,CS,BC
2672,109.5,72685,2707,BM,MBC
2673,109.5,72686,2750,BM,SC
2674,109.5,72687,4959,EC,BC
2675,109.5,72688,1210,EC,SC
2676,109.5,72693,3803,CS,SC
2677,109.5,72694,1225,CS,BC
2678,109.5,72697,2702,ME,MBC
2679,109.5,72698,3815,IT,OC
2680,109.5,72699,2611,AG,MBC
2681,109.5,72701,4864,ME,OC
2682,109.5,72703,1303,IT,OC
2683,109.5,72704,1026,EC,SC
2684,109.5,72705,2607,EC,BC
2685,109.5,72706,1304,CE,OC
2686,109.5,72708,2764,EC,MBC
2687,109.5,72711,2628,BM,OC
2688,109.5,72712,2652,ME,OC
2689,109.5,72714,1225,EC,OC
2690,109.5,72716,1110,CS,BC
2691,109.5,72719,3786,AE,OC
2692,109.5,72722,2642,IT,OC
2693,109.5,72723,5009,ME,BC
2694,109.5,72724,2706,EI,BC
2695,109.5,72725,2618,CS,SC
2696,109.5,72728,5009,EE,BC
2697,109.5,72729,4960,CE,BC
2698,109.5,72730,3464,ME,BC
2699,109.5,72731,4959,CS,SC
2700,109.5,72732,2763,EC,OC
2701,109.5,72734,2725,EC,BC
2702,109.5,72735,1128,EC,SC
2703,109.5,72736,2715,EE,OC
2704,109.5,72737,3801,EC,MBC
2705,109.5,72739,2727,EC,OC
2706,109.5,72740,2747,CS,OC
2707,109.5,72742,2618,BM,SC
2708,109.5,72743,4020,ME,BC
2709,109.5,72744,5530,ME,OC
2710,109.5,72746,2752,EC,OC
2711,109.5,72747,2764,CE,MBC
2712,109.5,72749,2610,AD,MBC
2713,109.5,72752,2369,ME,MBC
2714,109.5,72753,3462,CS,OC
2715,109.5,72755,2347,CS,OC
2716,109.5,72756,2705,IT,OC
2717,109.5,72759,2606,ME,OC
2718,109.5,72764,2716,AE,OC
2719,109.5,72765,1401,EE,OC
2720,109.5,72767,2715,ME,OC
2721,109.5,72768,2610,CH,OC
2722,109.5,72769,3843,CS,MBC
2723,109.5,72771,2723,BM,SCA
2724,109.5,72772,1408,EE,OC
2725,109.5,72773,1416,BM,OC
2726,109.5,72778,1110,ME,OC
2727,109.5,72779,1306,EC,BC
2728,109.5,72780,4959,EC,BC
2729,109.5,72781,2646,CS,OC
2730,109.5,72784,1504,BT,OC
2731,109.5,72786,1422,EC,MBC
2732,109.5,72787,4980,CS,OC
2733,109.5,72790,1114,CS,BCM
2734,109.5,72793,5930,EC,OC
2735,109.5,72795,3011,CE,SC
2736,109.5,72797,2764,CH,MBC
2737,109.5,72798,3811,CE,OC
2738,109.5,72799,1225,CS,BC
2739,109.5,72800,2740,IT,MBC
2740,109.5,72801,1432,AD,MBC
2741,109.5,72803,3905,EE,OC
2742,109.5,72804,1405,CS,OC
2743,109.5,72805,3464,ME,MBC
2744,109.5,72807,4965,BM,BC
2745,109.5,72808,2314,CS,OC
2746,109.5,72810,1237,EC,OC
2747,109.5,72811,4957,EC,OC
2748,109.5,72813,2764,CE,BC
2749,109.5,72814,2715,BM,MBC
2750,109.5,72815,2611,EE,OC
2751,109.5,72816,4023,CE,BC
2752,109.5,72817,1014,IT,BC
2753,109.5,72822,2617,EE,OC
2754,109.5,72823,2607,IT,MBC
2755,109.5,72824,3807,EC,OC
2756,109.5,72825,4680,EC,BC
2757,109.5,72826,4928,EE,OC
2758,109.5,72827,2727,CE,OC
2759,109.5,72828,2630,EC,OC
2760,109.5,72829,1216,EC,MBC
2761,109.5,72832,1304,ME,BC
2762,109.5,72833,4917,EE,OC
2763,109.5,72836,2721,CE,OC
2764,109.5,72837,2727,CS,MBC
2765,109.5,72840,3805,PH,OC
2766,109.5,72842,2653,CB,SC
2767,109.5,72843,2611,AE,OC
2768,109.5,72844,3458,BT,MBC
2769,109.5,72850,2712,EE,ST
2770,109.5,72851,2727,ME,OC
2771,109.5,72854,1303,CS,BC
2772,109.5,72855,1110,CS,BC
2773,109.5,72856,3465,CE,BC
2774,109.5,72857,3843,EC,OC
2775,109.5,72858,4968,EC,OC
2776,109.5,72859,2613,CS,MBC
2777,109.5,72861,2729,AE,BC
2778,109.5,72862,1322,CS,OC
2779,109.5,72863,2716,IT,OC
2780,109.5,72865,2623,EC,OC
2781,109.5,72866,1325,EC,OC
2782,109.5,72867,1399,IT,SCA
2783,109.5,72869,4952,CS,OC
2784,109.5,72870,1424,EC,OC
2785,109.5,72871,1324,CS,SC
2786,109.5,72873,4981,CE,OC
2787,109.5,72874,2611,BM,MBC
2788,109.5,72875,2736,EC,BC
2789,109.5,72876,4945,EC,OC
2790,109.5,72880,5,CH,BC
2791,109.5,72883,2740,CS,MBC
2792,109.5,72884,3425,CS,SC
2793,109.5,72885,4024,EC,BC
2794,109.5,72886,2607,IT,BC
2795,109.5,72889,2750,EC,BC
2796,109.5,72890,2620,IT,MBC
2797,109.5,72891,2727,CS,MBC
2798,109.5,72892,3807,EC,OC
2799,109.5,72894,3918,CS,OC
2800,109.5,72895,2652,EE,OC
2801,109.5,72896,2713,IT,OC
2802,109.5,72897,2627,EE,OC
2803,109.5,72898,1399,ME,SC
2804,109.5,72899,3843,CS,MBC
2805,109.5,72900,1202,CS,OC
2806,109.5,72901,5,CS,BC
2807,109.5,72902,3803,IT,BC
2808,109.5,72905,4976,AG,OC
2809,109.5,72906,1324,ME,MBC
2810,109.5,72907,2314,EE,OC
2811,109.5,72910,1516,ME,MBC
2812,109.5,72913,1216,EC,BC
2813,109.5,72915,3814,CS,OC
2814,109.5,72916,2711,CH,SCA
2815,109.5,72917,2349,CS,OC
2816,109.5,72919,3807,ME,OC
2817,109.5,72920,2725,EC,MBC
2818,109.5,72921,1452,CS,BC
2819,109.5,72922,2653,EE,BC
2820,109.5,72923,1303,BT,OC
2821,109.5,72924,1211,RM,SC
2822,109.5,72925,2729,AD,OC
2823,109.5,72926,2708,IT,MBC
2824,109.5,72927,3806,EE,OC
2825,109.5,72928,2629,IT,OC
2826,109.5,72929,4993,BM,OC
2827,109.5,72930,2610,IT,BC
2828,109.5,72931,2707,AD,BC
2829,109.5,72932,1241,CS,OC
2830,109.5,72933,2725,IT,MBC
2831,109.5,72937,2715,EC,MBC
2832,109.5,72938,2610,MZ,OC
2833,109.5,72939,2659,BM,OC
2834,109.5,72942,2702,ME,BC
2835,109.5,72943,3830,CB,OC
2836,109.5,72947,3806,IT,MBC
2837,109.5,72948,5919,CS,OC
2838,109.5,72951,1120,ME,OC
2839,109.5,72953,5832,EC,OC
2840,109.5,72954,2719,AE,BC
2841,109.5,72955,1133,CS,OC
2842,109.5,72956,1210,EE,BC
2843,109.5,72957,3817,ME,OC
2844,109.5,72958,2764,ME,MBC
2845,109.5,72959,2634,BM,OC
2846,109.5,72961,5904,EI,OC
2847,109.5,72963,1304,ME,SC
2848,109.5,72966,2727,FD,BC
2849,109.5,72967,2702,AU,BC
2850,109.5,72968,4965,BM,BC
2851,109.5,72969,1210,ME,OC
2852,109.5,72971,1320,IT,OC
2853,109.5,72972,2710,AD,SC
2854,109.5,72973,1516,ME,SC
2855,109.5,72977,2733,FT,OC
2856,109.5,72978,3011,CE,BC
2857,109.5,72979,3466,EC,OC
2858,109.5,72983,3425,EC,SCA
2859,109.5,72985,1013,ME,OC
2860,109.5,72986,2314,CS,OC
2861,109.5,72987,1412,CS,OC
2862,109.5,72989,1324,IT,SC
2863,109.5,72991,1408,CS,MBC
2864,109.5,72993,2618,EC,BCM
2865,109.5,72995,5902,CS,OC
2866,109.5,72996,1026,EE,BC
2867,109.5,72999,2718,CE,BCM
2868,109.5,73000,4965,CS,BC
2869,109.5,73001,1510,CS,MBC
2870,109.5,73004,3459,EC,OC
2871,109.5,73008,1216,EC,BC
2872,109.5,73009,1408,EE,OC
2873,109.5,73010,4917,EE,OC
2874,109.5,73011,2643,CS,MBC
2875,109.5,73014,1149,IT,SC
2876,109.5,73019,4678,ME,OC
2877,109.5,73020,2328,EC,BC
2878,109.5,73024,1525,CE,OC
2879,109.5,73025,1322,CS,OC
2880,109.5,73026,1399,MZ,SC
2881,109.5,73028,3806,BM,MBC
2882,109.5,73029,1413,AD,OC
2883,109.5,73030,3021,CS,MBC
2884,109.5,73031,2707,IT,BC
2885,109.5,73033,2713,CS,OC
2886,109.5,73034,2620,IT,BC
2887,109.5,73035,1122,EC,BC
2888,109.5,73036,1405,CS,OC
2889,109.5,73038,2704,CE,OC
2890,109.5,73040,2711,ME,BC
2891,109.5,73041,1128,ME,BC
2892,109.5,73042,2726,IT,MBC
2893,109.5,73043,1207,BM,OC
2894,109.5,73045,5910,CS,SC
2895,109.5,73046,3805,IT,SC
2896,109.5,73050,1120,ME,BC
2897,109.5,73051,2642,CS,BC
2898,109.5,73052,3826,ME,OC
2899,109.5,73053,1414,EC,BC
2900,109.5,73055,5921,EC,OC
2901,109.5,73058,2776,AG,BC
2902,109.5,73060,3808,EC,OC
2903,109.5,73061,2740,CS,BC
2904,109.5,73062,2624,EC,OC
2905,109.5,73063,4917,CH,OC
2906,109.5,73064,5022,EE,OC
2907,109.5,73065,1518,ME,OC
2908,109.5,73067,5009,ME,SC
2909,109.5,73068,4928,EE,OC
2910,109.5,73070,1114,EC,OC
2911,109.5,73072,2601,EC,OC
2912,109.5,73075,1504,EE,SC
2913,109.5,73077,3810,IT,BC
2914,109.5,73078,1520,CS,BC
2915,109.5,73079,1211,AU,SC
2916,109.5,73083,4984,CS,OC
2917,109.5,73085,4944,EC,BC
2918,109.5,73086,2641,CS,OC
2919,109.5,73088,2750,AE,BC
2920,109.5,73089,2710,EE,MBC
2921,109.5,73092,2622,BT,MBC
2922,109.5,73094,4024,EC,BC
2923,109.5,73096,1113,CE,BC
2924,109.5,73099,2610,CY,BC
2925,109.5,73100,2708,EC,BC
2926,109.5,73102,1399,CE,BC
2927,109.5,73103,3805,CS,SC
2928,109.5,73104,2639,EE,OC
2929,109.5,73105,4670,ME,OC
2930,109.5,73106,2749,CS,OC
2931,109.5,73108,2769,PE,OC
2932,109.5,73109,1123,IT,OC
2933,109.5,73111,5009,EC,SC
2934,109.5,73113,3819,EE,BC
2935,109.5,73115,3410,EE,OC
2936,109.5,73117,2653,CB,MBC
2937,109.5,73118,2648,EE,OC
2938,109.5,73119,3820,ME,OC
2939,109.5,73120,2657,CS,OC
2940,109.5,73121,1452,CS,MBC
2941,109.5,73123,4024,EC,SC
2942,109.5,73124,4670,ME,OC
2943,109.5,73125,2623,EC,OC
2944,109.5,73126,2610,EC,OC
2945,109.5,73130,2741,EE,OC
2946,109.5,73131,3826,CS,SC
2947,109.5,73133,4928,ME,OC
2948,109.5,73134,1516,CE,BC
2949,109.5,73135,3826,CS,SC
2950,109.5,73136,1414,EE,OC
2951,109.5,73137,3847,CH,OC
2952,109.5,73140,2769,CS,OC
2953,109.5,73141,4955,CS,MBC
2954,109.5,73142,2716,BM,BC
2955,109.5,73143,2706,EC,BCM
2956,109.5,73144,3456,BM,OC
2957,109.5,73146,3462,CS,OC
2958,109.5,73147,3805,CH,OC
2959,109.5,73149,3011,XC,BC
2960,109.5,73152,2607,CB,OC
2961,109.5,73153,1510,CS,MBC
2962,109.5,73155,3464,ME,BC
2963,109.5,73156,3805,AD,OC
2964,109.5,73158,1317,ME,BC
2965,109.5,73159,1014,IT,BC
2966,109.5,73164,2721,CS,BC
2967,109.5,73165,1516,ME,SC
2968,109.5,73168,5910,IT,MBC
2969,109.2,73170,1519,EC,OC
2970,109.0,73173,5536,ME,OC
2971,109.0,73174,2610,CS,BC
2972,109.0,73175,2624,FD,OC
2973,109.0,73177,1313,BM,OC
2974,109.0,73179,1120,EC,MBC
2975,109.0,73180,2711,CH,SC
2976,109.0,73182,5,CS,BC
2977,109.0,73183,1216,EC,BC
2978,109.0,73184,2608,CE,OC
2979,109.0,73185,1408,CS,BC
2980,109.0,73186,4680,EE,OC
2981,109.0,73187,4972,EC,OC
2982,109.0,73188,1216,ME,OC
2983,109.0,73189,2719,CS,SC
2984,109.0,73190,4965,ME,OC
2985,109.0,73191,1421,CS,OC
2986,109.0,73192,1432,EC,BC
2987,109.0,73193,3805,EE,OC
2988,109.0,73194,1014,IT,BC
2989,109.0,73195,1421,EC,OC
2990,109.0,73197,2624,BM,OC
2991,109.0,73198,4670,ME,OC
2992,109.0,73199,3466,EC,OC
2993,109.0,73200,2345,EC,SC
2994,109.0,73202,2707,IT,BC
2995,109.0,73203,2625,AG,OC
2996,109.0,73205,3464,CE,OC
2997,109.0,73207,2722,CE,MBC
2998,109.0,73210,1301,CS,BC
2999,109.0,73212,3801,EE,OC
3000,109.0,73214,2328,CS,BC
3001,109.0,73215,1211,AL,ST
3002,109.0,73217,3812,ME,OC
3003,109.0,73218,2708,MZ,OC
3004,109.0,73220,4672,EE,OC
3005,109.0,73226,3905,CS,BC
3006,109.0,73229,3011,XM,OC
3007,109.0,73233,2601,BM,MBC
3008,109.0,73236,2716,IT,OC
3009,109.0,73238,1303,ME,OC
3010,109.0,73240,3830,CS,SC
3011,109.0,73241,1445,ME,OC
3012,109.0,73243,4957,IT,OC
3013,109.0,73245,2623,CS,OC
3014,109.0,73246,1226,ME,OC
3015,109.0,73247,3819,IT,SC
3016,109.0,73252,2329,EC,OC
3017,109.0,73254,3833,CS,BC
3018,109.0,73256,4975,CS,OC
3019,109.0,73258,3813,CS,OC
3020,109.0,73259,4676,CS,BC
3021,109.0,73260,2607,EC,BC
3022,109.0,73262,1237,MZ,OC
3023,109.0,73264,4917,ME,OC
3024,109.0,73265,3843,CS,BCM
3025,109.0,73267,1013,ME,OC
3026,109.0,73268,2750,EC,BC
3027,109.0,73269,4680,CE,SC
3028,109.0,73270,2708,MZ,OC
3029,109.0,73272,3843,EC,OC
3030,109.0,73273,4959,CE,OC
3031,109.0,73274,2607,IT,SC
3032,109.0,73276,2620,IT,BC
3033,109.0,73277,1426,CS,OC
3034,109.0,73278,3810,AG,BCM
3035,109.0,73279,2634,AG,OC
3036,109.0,73282,4964,ME,OC
3037,109.0,73283,3805,PH,OC
3038,109.0,73285,3806,CS,OC
3039,109.0,73288,3926,ME,OC
3040,109.0,73289,4864,EE,OC
3041,109.0,73291,2377,ME,ST
3042,109.0,73292,5,ME,OC
3043,109.0,73294,2639,ME,OC
3044,109.0,73297,2712,AU,SC
3045,109.0,73298,1149,EC,BC
3046,109.0,73299,3465,CE,MBC
3047,109.0,73300,1230,CS,OC
3048,109.0,73301,1419,EE,SC
3049,109.0,73302,1407,EC,OC
3050,109.0,73305,2345,CS,BC
3051,109.0,73306,1114,CS,SC
3052,109.0,73307,4993,EC,OC
3053,109.0,73308,1436,ME,OC
3054,109.0,73309,3021,CS,MBC
3055,109.0,73313,1510,CS,SC
3056,109.0,73314,2630,CS,OC
3057,109.0,73315,5921,CS,OC
3058,109.0,73318,2740,EC,OC
3059,109.0,73320,2621,EE,OC
3060,109.0,73321,2719,CS,SC
3061,109.0,73322,2607,IT,MBC
3062,109.0,73323,2747,EC,OC
3063,109.0,73324,1301,EE,OC
3064,109.0,73326,4959,EC,BC
3065,109.0,73330,5910,EC,MBC
3066,109.0,73331,5,CE,OC
3067,109.0,73332,1211,ME,SC
3068,109.0,73333,4941,EC,OC
3069,109.0,73335,2611,AG,SC
3070,109.0,73336,2723,ME,BC
3071,109.0,73337,5022,EC,OC
3072,109.0,73338,3830,CS,SC
3073,109.0,73341,2622,IT,MBC
3074,109.0,73342,1324,ME,BC
3075,109.0,73343,3465,CE,BC
3076,109.0,73344,3464,EE,BC
3077,109.0,73347,1210,EE,BC
3078,109.0,73348,1231,EC,MBC
3079,109.0,73349,5990,CS,OC
3080,109.0,73350,1516,ME,MBC
3081,109.0,73351,2711,FD,SC
3082,109.0,73352,3021,EC,OC
3083,109.0,73353,3810,CS,OC
3084,109.0,73356,2606,AE,OC
3085,109.0,73358,4971,ME,MBC
3086,109.0,73359,1015,CS,SCA
3087,109.0,73362,2627,CS,ST
3088,109.0,73365,5910,IT,MBC
3089,109.0,73366,2357,CE,OC
3090,109.0,73368,4959,CE,OC
3091,109.0,73369,1408,EC,OC
3092,109.0,73372,2611,IT,MBC
3093,109.0,73375,1225,IT,MBC
3094,109.0,73377,2608,CB,MBC
3095,109.0,73378,2734,SB,BC
3096,109.0,73379,2725,EC,BC
3097,109.0,73380,4931,EC,OC
3098,109.0,73381,2611,IT,BC
3099,109.0,73382,2611,BM,MBC
3100,109.0,73384,2736,EC,MBC
3101,109.0,73385,2715,EE,OC
3102,109.0,73386,2622,ME,BC
3103,109.0,73388,3766,CS,OC
3104,109.0,73390,1226,CS,OC
3105,109.0,73391,2646,ME,OC
3106,109.0,73392,2750,EC,BCM
3107,109.0,73393,4672,ME,OC
3108,109.0,73394,2715,AG,MBC
3109,109.0,73397,3806,ME,OC
3110,109.0,73398,2651,CS,BC
3111,109.0,73401,1311,EC,MBC
3112,109.0,73403,3019,CS,BC
3113,109.0,73404,2601,EC,OC
3114,109.0,73405,2608,EC,BCM
3115,109.0,73406,1441,EE,OC
3116,109.0,73407,3826,EC,MBC
3117,109.0,73408,5530,CS,SCA
3118,109.0,73409,2349,FD,OC
3119,109.0,73410,2719,AE,BC
3120,109.0,73411,2709,CE,OC
3121,109.0,73414,2627,CS,BC
3122,109.0,73416,2750,EC,BC
3123,109.0,73417,2740,CS,BCM
3124,109.0,73418,2750,AG,SCA
3125,109.0,73419,4971,IT,MBC
3126,109.0,73421,2750,EC,BC
3127,109.0,73422,1421,CS,OC
3128,109.0,73423,5915,CS,OC
3129,109.0,73424,2734,SB,BC
3130,109.0,73425,3826,CE,MBC
3131,109.0,73426,2744,CS,OC
3132,109.0,73427,4680,EE,OC
3133,109.0,73428,2345,EC,MBC
3134,109.0,73429,2740,CS,MBC
3135,109.0,73431,4965,EC,OC
3136,109.0,73432,3812,CS,OC
3137,109.0,73433,2665,PD,OC
3138,109.0,73435,2661,CE,OC
3139,109.0,73436,3805,AO,OC
3140,109.0,73437,1216,EC,MBC
3141,109.0,73439,3461,CE,OC
3142,109.0,73440,2763,CS,MBC
3143,109.0,73441,4917,EC,BC
3144,109.0,73442,3410,CS,MBC
3145,109.0,73444,4962,ME,OC
3146,109.0,73445,4953,EC,BC
3147,109.0,73446,3810,IT,BC
3148,109.0,73447,2345,CS,MBC
3149,109.0,73448,2708,IT,MBC
3150,109.0,73449,4670,CE,OC
3151,109.0,73450,2614,EC,OC
3152,109.0,73451,3701,EC,OC
3153,109.0,73453,4678,EC,SC
3154,109.0,73454,4676,CS,BC
3155,109.0,73457,2650,CS,OC
3156,109.0,73458,5919,BT,OC
3157,109.0,73461,2609,IT,OC
3158,109.0,73462,4020,GI,MBC
3159,109.0,73463,2739,IT,SC
3160,109.0,73466,3456,CS,OC
3161,109.0,73468,5530,ME,OC
3162,109.0,73470,2719,ME,BC
3163,109.0,73472,3021,EE,OC
3164,109.0,73474,2622,BT,SC
3165,109.0,73476,2328,BM,SC
3166,109.0,73477,1399,CE,BC
3167,109.0,73478,1237,CS,MBC
3168,109.0,73479,2327,CS,OC
3169,109.0,73484,1225,CS,MBC
3170,109.0,73486,2338,CS,OC
3171,109.0,73488,3458,BT,SC
3172,109.0,73494,4955,CS,MBC
3173,109.0,73497,2347,CS,OC
3174,109.0,73498,2601,CH,OC
3175,109.0,73500,1430,EE,OC
3176,109.0,73501,2357,CE,OC
3177,109.0,73502,3018,CS,OC
3178,109.0,73506,2610,IT,MBC
3179,109.0,73508,2750,EC,MBC
3180,109.0,73510,2613,PH,OC
3181,109.0,73513,2646,CS,OC
3182,109.0,73514,1509,CS,MBC
3183,109.0,73515,4959,BT,BC
3184,109.0,73516,3464,EE,MBC
3185,109.0,73519,1120,CE,OC
3186,109.0,73520,5904,EE,OC
3187,109.0,73521,2610,ME,OC
3188,109.0,73522,2611,CY,MBC
3189,109.0,73523,4917,EE,OC
3190,109.0,73524,5930,EC,OC
3191,109.0,73526,2716,AE,OC
3192,109.0,73531,5921,CS,BCM
3193,109.0,73533,2707,CS,BC
3194,109.0,73534,3403,CS,OC
3195,109.0,73535,2620,CS,MBC
3196,109.0,73538,2618,EC,SC
3197,109.0,73540,2726,ME,OC
3198,109.0,73541,3805,FD,MBC
3199,109.0,73543,4965,CE,OC
3200,109.0,73544,3459,BM,BC
3201,109.0,73546,1419,ME,MBC
3202,109.0,73547,3841,CS,OC
3203,109.0,73550,2610,EC,OC
3204,109.0,73552,3019,CS,MBC
3205,109.0,73554,2367,AD,OC
3206,109.0,73557,1325,CS,MBC
3207,109.0,73558,2623,ME,OC
3208,109.0,73559,4955,CE,OC
3209,109.0,73560,2731,CS,BC
3210,109.0,73562,1422,EE,MBC
3211,109.0,73564,1303,ME,OC
3212,109.0,73567,2740,PH,OC
3213,109.0,73569,1399,EE,SC
3214,109.0,73571,1014,CS,SC
3215,109.0,73572,2630,EC,OC
3216,109.0,73573,2727,EC,OC
3217,109.0,73575,1015,CS,SC
3218,109.0,73576,4944,CE,OC
3219,109.0,73577,2708,CE,MBC
3220,109.0,73579,2707,BM,BC
3221,109.0,73584,1317,CE,OC
3222,109.0,73586,2622,CS,SC
3223,109.0,73587,1304,EC,SC
3224,109.0,73588,5915,ME,OC
3225,109.0,73589,1419,EC,SC
3226,109.0,73590,4024,EE,OC
3227,109.0,73591,3817,CS,OC
3228,109.0,73592,1510,ME,OC
3229,109.0,73593,2710,SC,MBC
3230,109.0,73594,2628,CS,OC
3231,109.0,73596,1309,ME,BCM
3232,109.0,73598,1322,CS,OC
3233,109.0,73599,2727,EE,OC
3234,109.0,73602,2727,FD,MBC
3235,109.0,73603,3464,ME,BC
3236,109.0,73604,2622,CH,BC
3237,109.0,73605,1317,ME,MBC
3238,109.0,73608,2710,EC,MBC
3239,109.0,73610,3786,CS,OC
3240,109.0,73612,4670,ME,OC
3241,109.0,73617,2708,AG,MBC
3242,109.0,73618,2633,CS,OC
3243,109.0,73619,2607,ME,OC
3244,109.0,73620,3812,CS,OC
3245,109.0,73621,2702,CE,SC
3246,109.0,73622,1116,CS,OC
3247,109.0,73623,4917,CE,OC
3248,109.0,73624,3810,IT,BC
3249,109.0,73626,2653,IT,MBC
3250,109.0,73631,2314,EE,OC
3251,109.0,73634,2639,CS,OC
3252,109.0,73635,2741,EC,OC
3253,109.0,73637,1225,CS,MBC
3254,109.0,73638,1126,AD,OC
3255,109.0,73639,3821,EE,OC
3256,109.0,73640,1442,BM,OC
3257,109.0,73641,2349,BM,BCM
3258,109.0,73642,2740,PH,OC
3259,109.0,73643,2632,BM,BC
3260,109.0,73644,4993,BM,BCM
3261,109.0,73646,1516,ME,MBC
3262,109.0,73649,2729,EE,OC
3263,109.0,73651,2345,CS,MBC
3264,109.0,73652,2607,EC,BC
3265,109.0,73654,1523,CS,OC
3266,109.0,73655,5703,EC,OC
3267,109.0,73656,2329,AD,BC
3268,109.0,73657,2608,ME,OC
3269,109.0,73658,1126,BM,BC
3270,109.0,73659,4959,EC,BC
3271,109.0,73661,3801,CE,OC
3272,109.0,73662,2735,EC,SC
3273,109.0,73664,1304,ME,BCM
3274,109.0,73665,4957,CS,OC
3275,109.0,73666,5907,IT,OC
3276,109.0,73670,1216,EC,BC
3277,109.0,73671,3830,EC,BC
3278,109.0,73674,2601,CH,OC
3279,109.0,73676,2716,CS,BC
3280,109.0,73678,3810,AD,OC
3281,109.0,73681,1509,EC,OC
3282,109.0,73685,1140,IT,MBC
3283,109.0,73688,2651,FT,OC
3284,109.0,73689,1317,EE,BC
3285,109.0,73691,2653,EC,BC
3286,109.0,73692,2708,CH,BC
3287,109.0,73695,4944,CS,BC
3288,109.0,73696,1207,CS,OC
3289,109.0,73697,1430,CS,OC
3290,109.0,73698,4994,EC,OC
3291,109.0,73702,2611,AG,MBC
3292,109.0,73703,4933,EC,OC
3293,109.0,73706,1520,IT,OC
3294,109.0,73707,3459,BM,SCA
3295,109.0,73709,1137,EE,OC
3296,109.0,73710,1216,CS,SC
3297,109.0,73712,5009,EE,BC
3298,109.0,73713,1306,IT,SC
3299,109.0,73714,2607,IT,BC
3300,109.0,73716,2613,IT,BC
3301,109.0,73717,5910,ME,OC
3302,109.0,73718,5910,IT,MBC
3303,109.0,73721,3819,EE,MBC
3304,109.0,73723,1014,IT,SC
3305,109.0,73726,4965,EC,OC
3306,109.0,73729,1519,ME,OC
3307,109.0,73731,3462,CS,OC
3308,109.0,73732,3810,AD,OC
3309,109.0,73733,4917,CH,OC
3310,109.0,73734,2702,FT,MBC
3311,109.0,73735,3825,CS,OC
3312,109.0,73736,4972,EE,OC
3313,109.0,73739,2729,CS,BC
3314,109.0,73741,1122,CE,OC
3315,109.0,73743,2369,ME,BC
3316,109.0,73745,2611,FD,OC
3317,109.0,73749,3456,CS,OC
3318,108.8,73750,1116,ME,OC
3319,108.5,73751,4917,ME,OC
3320,108.5,73752,2643,CS,MBC
3321,108.5,73755,3812,CS,OC
3322,108.5,73756,5530,ME,OC
3323,108.5,73758,1325,ME,OC
3324,108.5,73760,1121,CS,OC
3325,108.5,73761,5502,CS,OC
3326,108.5,73762,3465,CE,BC
3327,108.5,73764,2607,EC,MBC
3328,108.5,73767,2329,EC,OC
3329,108.5,73768,3806,CS,OC
3330,108.5,73769,2367,ME,OC
3331,108.5,73775,2613,CS,MBC
3332,108.5,73776,2607,AD,BC
3333,108.5,73778,4955,CE,OC
3334,108.5,73779,4917,BT,OC
3335,108.5,73780,2328,EE,OC
3336,108.5,73781,4980,EC,OC
3337,108.5,73782,1452,CS,MBC
3338,108.5,73783,4670,EC,BC
3339,108.5,73784,2620,EC,MBC
3340,108.5,73785,2612,CS,OC
3341,108.5,73787,1237,CS,MBC
3342,108.5,73788,1233,CS,MBC
3343,108.5,73789,5010,ME,BC
3344,108.5,73792,2659,CE,OC
3345,108.5,73794,3425,ME,OC
3346,108.5,73795,2369,ME,BC
3347,108.5,73796,5536,EC,OC
3348,108.5,73797,3011,CE,BC
3349,108.5,73798,2621,EC,OC
3350,108.5,73799,4955,ME,OC
3351,108.5,73800,2636,ME,OC
3352,108.5,73801,2727,EC,BC
3353,108.5,73802,5010,ME,MBC
3354,108.5,73804,1414,IT,MBC
3355,108.5,73805,4917,IT,MBC
3356,108.5,73806,5904,EC,BCM
3357,108.5,73807,1507,CS,OC
3358,108.5,73808,2613,CS,BC
3359,108.5,73809,1504,EE,BC
3360,108.5,73810,5010,ME,MBC
3361,108.5,73811,1303,CS,SC
3362,108.5,73813,5009,EE,MBC
3363,108.5,73815,2719,AE,SC
3364,108.5,73819,4972,CS,BC
3365,108.5,73821,2357,EC,BC
3366,108.5,73822,1422,EI,OC
3367,108.5,73824,5009,ME,SC
3368,108.5,73825,3701,CS,BC
3369,108.5,73826,2758,CS,OC
3370,108.5,73827,3425,EC,MBC
3371,108.5,73829,1237,AD,MBC
3372,108.5,73830,2349,BM,SC
3373,108.5,73831,4965,BM,BC
3374,108.5,73832,2338,BM,OC
3375,108.5,73834,2607,CB,OC
3376,108.5,73836,2607,IT,BC
3377,108.5,73837,3760,EE,OC
3378,108.5,73838,2613,EE,OC
3379,108.5,73839,1133,EC,OC
3380,108.5,73840,2711,AU,OC
3381,108.5,73841,4965,EC,BC
3382,108.5,73842,2622,CE,SCA
3383,108.5,73843,2707,AG,BC
3384,108.5,73844,5910,ME,OC
3385,108.5,73845,1304,EC,SC
3386,108.5,73846,2764,CE,SCA
3387,108.5,73850,2618,CS,SC
3388,108.5,73851,2610,CS,BC
3389,108.5,73853,4969,CS,OC
3390,108.5,73854,4993,CS,OC
3391,108.5,73855,3016,EC,OC
3392,108.5,73856,2651,EE,OC
3393,108.5,73857,2719,ME,BCM
3394,108.5,73858,2602,CS,OC
3395,108.5,73859,4975,CS,OC
3396,108.5,73862,2750,ME,BC
3397,108.5,73863,2755,FD,OC
3398,108.5,73866,3464,ME,MBC
3399,108.5,73867,2622,ME,MBC
3400,108.5,73868,2651,EC,OC
3401,108.5,73869,2708,EE,OC
3402,108.5,73870,2707,AD,BC
3403,108.5,73871,2314,AG,OC
3404,108.5,73873,1120,IT,SC
3405,108.5,73874,1325,CS,BC
3406,108.5,73875,2357,CE,OC
3407,108.5,73876,1127,CS,OC
3408,108.5,73877,3812,CE,OC
3409,108.5,73878,5009,CE,OC
3410,108.5,73879,2345,CS,BC
3411,108.5,73880,2751,AD,MBC
3412,108.5,73882,1505,ME,OC
3413,108.5,73884,2603,CS,SCA
3414,108.5,73886,2611,AE,OC
3415,108.5,73888,3803,EC,BC
3416,108.5,73891,1303,IT,OC
3417,108.5,73892,3760,AG,MBC
3418,108.5,73893,5910,EC,MBC
3419,108.5,73894,1026,ME,BC
3420,108.5,73895,1207,CS,OC
3421,108.5,73897,2743,AD,BC
3422,108.5,73900,4934,CS,OC
3423,108.5,73901,3849,ME,OC
3424,108.5,73903,5930,CS,OC
3425,108.5,73904,1014,IT,BC
3426,108.5,73905,3466,EC,OC
3427,108.5,73907,1225,EC,OC
3428,108.5,73908,4994,EC,OC
3429,108.5,73911,2609,CS,BC
3430,108.5,73912,4969,ME,OC
3431,108.5,73913,4959,ME,OC
3432,108.5,73914,1301,ME,OC
3433,108.5,73915,2665,PD,OC
3434,108.5,73916,2723,BM,MBC
3435,108.5,73921,2713,CE,OC
3436,108.5,73922,1452,CS,BC
3437,108.5,73923,4993,IT,OC
3438,108.5,73924,2731,PD,OC
3439,108.5,73925,4959,AD,MBC
3440,108.5,73927,1307,CS,BC
3441,108.5,73930,2719,ME,MBC
3442,108.5,73931,2716,EC,OC
3443,108.5,73932,3826,EC,BC
3444,108.5,73934,4941,EC,OC
3445,108.5,73935,5530,ME,OC
3446,108.5,73937,2707,IT,BC
3447,108.5,73939,2607,CS,MBC
3448,108.5,73940,1325,EC,OC
3449,108.5,73941,2708,MZ,OC
3450,108.5,73943,3908,EC,OC
3451,108.5,73944,2607,ME,OC
3452,108.5,73945,2740,IT,BC
3453,108.5,73947,3860,CS,OC
3454,108.5,73949,2629,MD,OC
3455,108.5,73950,4993,IT,OC
3456,108.5,73951,1516,EC,SCA
3457,108.5,73954,5022,EC,OC
3458,108.5,73955,2608,ME,OC
3459,108.5,73959,1504,EE,MBC
3460,108.5,73960,1216,EC,BC
3461,108.5,73963,2636,CS,BC
3462,108.5,73964,3011,AU,OC
3463,108.5,73966,4675,EC,OC
3464,108.5,73969,1140,IT,MBC
3465,108.5,73970,1237,CS,MBC
3466,108.5,73971,2722,ME,OC
3467,108.5,73972,4955,ME,OC
3468,108.5,73973,3795,ME,OC
3469,108.5,73975,4975,EE,OC
3470,108.5,73976,2329,CS,BC
3471,108.5,73977,1126,BM,MBC
3472,108.5,73978,4672,CS,BC
3473,108.5,73979,2707,RM,OC
3474,108.5,73981,3805,EC,OC
3475,108.5,73982,2634,AD,OC
3476,108.5,73984,4944,CS,BCM
3477,108.5,73986,2610,MD,OC
3478,108.5,73987,1316,EE,OC
3479,108.5,73988,2611,CS,BC
3480,108.5,73989,3831,IT,OC
3481,108.5,73992,1126,BM,BC
3482,108.5,73993,4965,ME,OC
3483,108.5,73994,2601,IT,BC
3484,108.5,73995,2627,ME,OC
3485,108.5,73996,2622,CS,SC
3486,108.5,73997,4965,EE,OC
3487,108.5,73998,1412,CS,OC
3488,108.5,74000,3805,CS,BC
3489,108.5,74001,2755,CS,OC
3490,108.5,74002,2715,AG,SC
3491,108.5,74003,1504,EE,BC
3492,108.5,74004,5009,CE,BC
3493,108.5,74007,3425,EC,BC
3494,108.5,74008,4917,EE,OC
3495,108.5,74009,2735,EE,OC
3496,108.5,74010,2610,BT,OC
3497,108.5,74011,2638,IT,OC
3498,108.5,74013,2607,CB,OC
3499,108.5,74014,2621,EE,OC
3500,108.5,74017,2707,CS,BC
3501,108.5,74019,2636,ME,OC
3502,108.5,74021,2762,ME,OC
3503,108.5,74022,2328,EE,OC
3504,108.5,74025,2739,AD,MBC
3505,108.5,74026,2661,CS,BC
3506,108.5,74027,5912,EC,OC
3507,108.5,74028,4962,EE,MBC
3508,108.5,74029,3786,CS,OC
3509,108.5,74030,3826,ME,OC
3510,108.5,74031,2632,BM,MBC
3511,108.5,74032,1015,EE,OC
3512,108.5,74033,2636,EC,OC
3513,108.5,74034,3831,EE,OC
3514,108.5,74035,1426,CS,OC
3515,108.5,74036,2725,CS,SC
3516,108.5,74037,4953,CS,OC
3517,108.5,74039,2715,EC,BC
3518,108.5,74040,1504,EE,BCM
3519,108.5,74041,1133,CS,OC
3520,108.5,74043,5009,EE,MBC
3521,108.5,74045,5862,BM,OC
3522,108.5,74047,1222,CS,OC
3523,108.5,74048,2707,ME,OC
3524,108.5,74049,2652,EC,OC
3525,108.5,74050,5921,CS,BC
3526,108.5,74051,1516,ME,BCM
3527,108.5,74052,5533,CE,OC
3528,108.5,74054,5910,ME,OC
3529,108.5,74057,1307,IT,MBC
3530,108.5,74059,4959,AD,BC
3531,108.5,74061,4969,CS,OC
3532,108.5,74062,2613,IT,MBC
3533,108.5,74065,4954,IT,BC
3534,108.5,74066,2656,ME,OC
3535,108.5,74068,1150,BM,OC
3536,108.5,74070,5010,CE,SC
3537,108.5,74074,1014,EC,BC
3538,108.5,74077,4992,CS,OC
3539,108.5,74078,2640,CS,OC
3540,108.5,74080,3810,IT,SC
3541,108.5,74081,3843,CS,MBC
3542,108.5,74082,1441,EE,OC
3543,108.5,74083,2727,FD,MBC
3544,108.5,74086,2762,EC,OC
3545,108.5,74087,2715,EC,SC
3546,108.5,74091,3466,EC,OC
3547,108.5,74092,1322,IT,OC
3548,108.5,74093,4960,ME,MBC
3549,108.5,74094,2630,CS,OC
3550,108.5,74096,2731,CS,SCA
3551,108.5,74098,2618,MZ,OC
3552,108.5,74100,4994,CS,BC
3553,108.5,74101,1419,CE,SC
3554,108.5,74102,5,CS,SC
3555,108.5,74103,1409,AD,OC
3556,108.5,74104,3805,PH,OC
3557,108.5,74105,4669,EE,OC
3558,108.5,74106,2716,BM,BC
3559,108.5,74111,2345,CS,MBC
3560,108.5,74112,2727,BT,MBC
3561,108.5,74113,3464,CE,OC
3562,108.5,74114,2342,CS,OC
3563,108.5,74117,3826,EE,BC
3564,108.5,74118,1504,IT,MBC
3565,108.5,74120,5530,CS,MBC
3566,108.5,74122,2725,IT,MBC
3567,108.5,74123,3011,ME,MBC
3568,108.5,74126,2646,EE,OC
3569,108.5,74128,3841,AD,OC
3570,108.5,74129,2767,BM,OC
3571,108.5,74129,3425,EC,MBC
3572,108.5,74131,3011,CE,BC
3573,108.5,74132,2715,ME,OC
3574,108.5,74134,2711,EI,MBC
3575,108.5,74135,2729,AE,BC
3576,108.5,74136,1505,IT,OC
3577,108.5,74137,1207,CS,OC
3578,108.5,74138,1211,ME,SC
3579,108.5,74139,1237,EC,OC
3580,108.5,74140,4023,CS,MBC
3581,108.5,74143,1226,EC,OC
3582,108.5,74144,1516,ME,SC
3583,108.5,74146,3817,EE,OC
3584,108.5,74148,2611,BM,BC
3585,108.5,74149,2712,ME,ST
3586,108.5,74150,1218,IT,OC
3587,108.5,74151,4955,EC,BC
3588,108.5,74152,2608,CE,OC
3589,108.5,74154,2711,EI,MBC
3590,108.5,74156,2609,AG,BC
3591,108.5,74159,2620,TS,OC
3592,108.5,74160,2636,EE,OC
3593,108.5,74161,2731,CS,BC
3594,108.5,74162,3918,CS,OC
3595,108.5,74164,3021,CS,SC
3596,108.5,74165,3810,CS,OC
3597,108.5,74167,5530,EC,BCM
3598,108.5,74168,2764,EC,MBC
3599,108.5,74169,3825,CS,OC
3600,108.5,74170,4672,ME,OC
3601,108.5,74171,3011,XC,BC
3602,108.5,74173,1126,RM,OC
3603,108.5,74174,2624,EC,OC
3604,108.5,74177,2718,CB,SC
3605,108.5,74178,5930,EC,OC
3606,108.5,74179,1231,EC,MBC
3607,108.5,74180,1231,IT,SC
3608,108.5,74183,4928,CE,OC
3609,108.5,74185,2328,BM,BC
3610,108.5,74186,2715,ME,OC
3611,108.5,74190,5009,EE,MBC
3612,108.5,74192,2613,CS,BC
3613,108.5,74193,2611,MC,OC
3614,108.5,74194,1422,AG,BC
3615,108.5,74196,2607,IT,BC
3616,108.5,74197,3804,BM,OC
3617,108.5,74198,3021,CE,OC
3618,108.5,74200,2708,FD,MBC
3619,108.5,74201,2722,IC,MBC
3620,108.5,74202,1503,EC,OC
3621,108.5,74205,2758,EE,OC
3622,108.5,74206,2661,IT,OC
3623,108.5,74207,4020,GI,SC
3624,108.5,74210,3459,ME,OC
3625,108.5,74211,2740,IT,BC
3626,108.5,74212,2750,ME,BC
3627,108.5,74214,4670,ME,OC
3628,108.5,74215,2632,EC,OC
3629,108.5,74217,1412,IT,OC
3630,108.5,74218,4023,ME,BC
3631,108.5,74220,2772,CS,OC
3632,108.5,74222,1211,CE,SC
3633,108.5,74223,5,CE,BC
3634,108.5,74225,3825,CS,OC
3635,108.5,74226,3464,ME,BC
3636,108.5,74228,3805,PH,OC
3637,108.5,74229,1421,CS,SC
3638,108.5,74230,3782,CS,OC
3639,108.5,74232,4024,EE,OC
3640,108.5,74233,2722,EC,SC
3641,108.5,74234,4957,EC,OC
3642,108.5,74235,2607,TX,BC
3643,108.5,74236,5,CS,MBC
3644,108.5,74237,1424,CS,OC
3645,108.5,74238,4964,ME,OC
3646,108.5,74239,2710,EE,BC
3647,108.5,74240,3795,CS,MBC
3648,108.5,74245,2357,IT,BC
3649,108.5,74248,3801,ME,OC
3650,108.5,74249,4931,CS,OC
3651,108.5,74251,1140,CS,MBC
3652,108.5,74252,2613,IT,BC
3653,108.5,74255,4971,EE,BC
3654,108.5,74256,3019,EC,OC
3655,108.5,74258,4953,IT,OC
3656,108.5,74259,4931,CS,BC
3657,108.5,74260,4962,ME,OC
3658,108.5,74261,2620,EC,BC
3659,108.5,74262,1207,EC,OC
3660,108.5,74264,4972,EC,OC
3661,108.5,74265,2621,CS,MBC
3662,108.5,74267,3021,CS,MBC
3663,108.5,74268,1419,EE,BCM
3664,108.5,74270,1014,EC,BC
3665,108.5,74273,1237,AD,BC
3666,108.5,74274,2329,AG,BC
3667,108.5,74276,5904,EE,OC
3668,108.5,74277,3806,BM,SC
3669,108.5,74280,4917,CE,OC
3670,108.5,74282,2751,EC,OC
3671,108.5,74283,2702,AU,MBC
3672,108.5,74285,1317,EE,MBC
3673,108.5,74287,2727,AG,BC
3674,108.5,74290,1316,AO,BC
3675,108.5,74291,1127,BT,OC
3676,108.5,74292,5703,CS,OC
3677,108.5,74293,2715,EC,BC
3678,108.5,74294,2747,EC,OC
3679,108.5,74295,2643,EC,OC
3680,108.5,74297,4020,EC,SC
3681,108.5,74298,1113,CB,SC
3682,108.5,74299,2369,EC,BCM
3683,108.5,74303,1149,IT,SC
3684,108.5,74306,1317,ME,SC
3685,108.5,74307,1216,EC,BC
3686,108.5,74308,2716,AE,OC
3687,108.5,74309,3833,ME,OC
3688,108.5,74312,2702,AU,BC
3689,108.5,74313,3011,ME,SC
3690,108.5,74314,4917,EC,BC
3691,108.5,74315,2710,EE,BC
3692,108.5,74317,3465,CE,BC
3693,108.5,74318,1311,AE,SC
3694,108.5,74321,5532,EC,BCM
3695,108.5,74322,3826,EC,MBC
3696,108.5,74323,1316,MU,OC
3697,108.5,74324,2651,CS,SCA
3698,108.5,74325,3795,CS,MBC
3699,108.5,74326,4680,CE,BC
3700,108.5,74328,4964,ME,OC
3701,108.5,74332,2727,IT,MBC
3702,108.5,74333,2611,IT,MBC
3703,108.5,74334,2622,CH,SC
3704,108.5,74337,1412,EC,OC
3705,108.5,74343,5902,EC,OC
3706,108.5,74346,1409,BT,SC
3707,108.5,74348,5010,ME,SC
3708,108.5,74349,2618,ME,OC
3709,108.5,74350,2618,MZ,OC
3710,108.5,74352,3847,BT,OC
3711,108.5,74353,1112,CB,SC
3712,108.5,74355,2622,CS,MBC
3713,108.5,74357,3830,EE,BC
3714,108.5,74358,2622,BM,SC
3715,108.5,74360,3803,EC,BC
3716,108.5,74361,1211,EC,ST
3717,108.5,74362,4989,CS,OC
3718,108.5,74366,2611,BM,BC
3719,108.2,74369,5009,EE,BC
3720,108.2,74370,1437,CS,OC
3721,108.2,74372,2636,CS,BC
3722,108.0,74373,1316,MZ,OC
3723,108.0,74374,1301,ME,OC
3724,108.0,74375,5,IT,SC
3725,108.0,74376,2639,EE,OC
3726,108.0,74378,4955,EC,BC
3727,108.0,74379,5986,CS,SC
3728,108.0,74380,1414,ME,OC
3729,108.0,74382,1317,ME,BC
3730,108.0,74384,3806,IT,BC
3731,108.0,74385,1303,IT,BC
3732,108.0,74388,3920,CS,OC
3733,108.0,74389,2683,AG,OC
3734,108.0,74390,1026,ME,MBC
3735,108.0,74391,5009,CE,BC
3736,108.0,74392,1442,BM,OC
3737,108.0,74394,1414,EC,MBC
3738,108.0,74395,2713,IT,OC
3739,108.0,74396,2624,AD,OC
3740,108.0,74397,2628,EE,OC
3741,108.0,74398,3701,AD,OC
3742,108.0,74400,4934,CS,OC
3743,108.0,74402,5536,EC,OC
3744,108.0,74403,3458,AG,BC
3745,108.0,74404,2608,EE,MBC
3746,108.0,74407,3826,ME,OC
3747,108.0,74408,4980,ME,OC
3748,108.0,74409,4955,EE,OC
3749,108.0,74410,2740,CS,BC
3750,108.0,74412,3825,ME,OC
3751,108.0,74415,2726,CS,SC
3752,108.0,74416,4680,CS,MBC
3753,108.0,74417,2347,ME,OC
3754,108.0,74418,2357,CS,BC
3755,108.0,74419,4954,CS,BC
3756,108.0,74420,2610,CS,MBC
3757,108.0,74423,4966,CE,OC
3758,108.0,74424,2620,IT,BC
3759,108.0,74426,1140,CS,MBC
3760,108.0,74427,4961,ME,OC
3761,108.0,74428,2607,EE,BC
3762,108.0,74430,5022,CS,BCM
3763,108.0,74431,3805,BM,BC
3764,108.0,74433,5532,CS,BC
3765,108.0,74435,1202,CS,OC
3766,108.0,74436,4933,EC,OC
3767,108.0,74437,2630,EC,OC
3768,108.0,74438,2627,BT,SC
3769,108.0,74441,1316,MZ,OC
3770,108.0,74443,3829,EC,OC
3771,108.0,74444,3830,CS,SC
3772,108.0,74445,2618,ME,OC
3773,108.0,74446,3806,EE,OC
3774,108.0,74447,3806,IT,BC
3775,108.0,74449,3016,CS,BC
3776,108.0,74451,3826,EC,BC
3777,108.0,74452,2767,BM,OC
3778,108.0,74454,3918,EC,OC
3779,108.0,74455,2632,CS,OC
3780,108.0,74456,2613,EE,BC
3781,108.0,74458,2601,EC,OC
3782,108.0,74459,2345,EE,OC
3783,108.0,74460,3760,EE,OC
3784,108.0,74462,3459,BM,BC
3785,108.0,74464,2659,EE,OC
3786,108.0,74465,3820,CS,OC
3787,108.0,74466,1414,IT,BC
3788,108.0,74469,2725,EC,BC
3789,108.0,74471,2608,EE,MBC
3790,108.0,74472,2723,CS,MBC
3791,108.0,74474,4980,CS,OC
3792,108.0,74475,1210,EI,MBC
3793,108.0,74476,4672,ME,OC
3794,108.0,74479,1420,EC,OC
3795,108.0,74480,2625,IT,OC
3796,108.0,74482,2329,EC,OC
3797,108.0,74483,2719,IT,SC
3798,108.0,74484,3810,EI,OC
3799,108.0,74486,1015,EC,BC
3800,108.0,74487,3845,EE,OC
3801,108.0,74488,2342,CS,OC
3802,108.0,74489,1207,CS,OC
3803,108.0,74490,2634,FD,OC
3804,108.0,74491,4680,EE,OC
3805,108.0,74492,4955,IT,MBC
3806,108.0,74494,3926,CE,OC
3807,108.0,74496,3826,CE,BC
3808,108.0,74497,2752,CS,OC
3809,108.0,74498,1123,EC,OC
3810,108.0,74499,1409,CS,OC
3811,108.0,74500,4917,AG,MBC
3812,108.0,74501,1118,EE,BC
3813,108.0,74502,2653,ME,OC
3814,108.0,74504,2723,EE,MBC
3815,108.0,74505,4944,EC,BC
3816,108.0,74506,1504,EE,BC
3817,108.0,74511,2661,IT,OC
3818,108.0,74512,4917,EC,BC
3819,108.0,74515,2661,IT,OC
3820,108.0,74518,1325,CS,SCA
3821,108.0,74522,4917,EE,OC
3822,108.0,74523,3843,ME,OC
3823,108.0,74524,1122,ME,OC
3824,108.0,74525,2607,IT,MBC
3825,108.0,74526,2613,CS,MBC
3826,108.0,74528,1324,ME,BC
3827,108.0,74530,4946,EE,OC
3828,108.0,74531,2610,CY,BC
3829,108.0,74532,3801,CE,OC
3830,108.0,74533,1207,EC,OC
3831,108.0,74534,4959,AD,BC
3832,108.0,74535,3011,ME,BC
3833,108.0,74538,2750,AG,BC
3834,108.0,74539,2618,ME,OC
3835,108.0,74540,1126,AG,MBC
3836,108.0,74541,2712,AU,SC
3837,108.0,74542,1316,IT,BC
3838,108.0,74548,2614,TC,OC
3839,108.0,74551,2607,EC,MBC
3840,108.0,74552,3425,CE,OC
3841,108.0,74554,1317,EI,BC
3842,108.0,74555,3464,ME,BC
3843,108.0,74559,2740,IT,BC
3844,108.0,74562,4672,CS,MBC
3845,108.0,74563,1311,EE,OC
3846,108.0,74565,4864,CS,OC
3847,108.0,74568,4944,EC,BCM
3848,108.0,74571,2715,EC,SCA
3849,108.0,74572,1408,CS,MBC
3850,108.0,74573,1238,EC,OC
3851,108.0,74574,1226,CS,OC
3852,108.0,74575,2707,CE,OC
3853,108.0,74577,2665,ME,OC
3854,108.0,74578,2736,EC,BC
3855,108.0,74579,1310,CS,BC
3856,108.0,74580,1452,EC,OC
3857,108.0,74583,3454,AG,OC
3858,108.0,74585,1110,IT,BC
3859,108.0,74587,4928,CS,OC
3860,108.0,74588,4680,CE,SC
3861,108.0,74589,2743,CS,MBC
3862,108.0,74591,1509,IT,OC
3863,108.0,74592,1505,EC,OC
3864,108.0,74595,1412,IT,OC
3865,108.0,74596,2608,CE,OC
3866,108.0,74597,2607,EC,BC
3867,108.0,74600,5910,CS,SC
3868,108.0,74602,4917,EC,MBC
3869,108.0,74603,2610,ME,OC
3870,108.0,74604,2719,AE,BC
3871,108.0,74605,1408,CS,MBC
3872,108.0,74606,3011,CE,MBC
3873,108.0,74613,2727,BM,OC
3874,108.0,74614,2357,CS,BC
3875,108.0,74615,2740,IT,BC
3876,108.0,74617,2707,EC,OC
3877,108.0,74618,5009,CE,BC
3878,108.0,74620,3458,AG,MBC
3879,108.0,74621,2734,IT,MBC
3880,108.0,74622,3810,CS,OC
3881,108.0,74624,2750,EE,BCM
3882,108.0,74627,2740,IT,SCA
3883,108.0,74631,4960,CE,MBC
3884,108.0,74632,4969,CS,OC
3885,108.0,74634,1304,CE,BC
3886,108.0,74635,1307,CS,MBC
3887,108.0,74637,2609,CY,OC
3888,108.0,74639,4928,CS,OC
3889,108.0,74640,2618,MZ,MBC
3890,108.0,74641,2722,ME,OC
3891,108.0,74642,3805,CS,MBC
3892,108.0,74643,3805,CH,OC
3893,108.0,74648,1026,EE,MBC
3894,108.0,74649,3458,AG,MBC
3895,108.0,74650,2006,PS,SCA
3896,108.0,74652,5502,CS,OC
3897,108.0,74655,1140,ME,OC
3898,108.0,74656,2725,EE,OC
3899,108.0,74658,3016,EE,OC
3900,108.0,74659,4672,ME,OC
3901,108.0,74660,5910,IT,MBC
3902,108.0,74661,1241,EC,OC
3903,108.0,74662,1207,CS,BC
3904,108.0,74663,2715,BM,BC
3905,108.0,74664,2624,BM,OC
3906,108.0,74665,1225,IT,BC
3907,108.0,74666,3843,EC,OC
3908,108.0,74667,2737,CS,OC
3909,108.0,74670,1416,BM,OC
3910,108.0,74671,2767,BM,MBC
3911,108.0,74677,4995,CS,OC
3912,108.0,74678,4023,CS,MBC
3913,108.0,74680,2328,EC,MBC
3914,108.0,74682,4672,ME,OC
3915,108.0,74683,3805,ME,OC
3916,108.0,74684,2725,EC,BC
3917,108.0,74687,1110,EC,OC
3918,108.0,74688,2749,AD,OC
3919,108.0,74689,2615,EE,ST
3920,108.0,74691,1307,EC,OC
3921,108.0,74693,2661,CS,SCA
3922,108.0,74694,4965,BM,BC
3923,108.0,74695,3805,CH,OC
3924,108.0,74697,2715,ME,OC
3925,108.0,74698,1237,CS,MBC
3926,108.0,74703,4928,ME,OC
3927,108.0,74707,1120,IT,SC
3928,108.0,74709,1237,CS,BCM
3929,108.0,74718,2729,CS,MBC
3930,108.0,74719,2707,CS,SC
3931,108.0,74722,2345,CS,MBC
3932,108.0,74723,1412,CS,OC
3933,108.0,74727,3011,ME,MBC
3934,108.0,74728,2621,CE,OC
3935,108.0,74732,1419,EC,SC
3936,108.0,74733,2609,CY,OC
3937,108.0,74734,2729,AE,BC
3938,108.0,74735,2727,CS,SCA
3939,108.0,74737,4993,CS,OC
3940,108.0,74738,2640,CS,OC
3941,108.0,74739,5530,CS,MBC
3942,108.0,74740,3918,CS,OC
3943,108.0,74744,1216,EC,BC
3944,108.0,74748,1504,CS,BC
3945,108.0,74749,2735,EE,OC
3946,108.0,74750,2755,FD,OC
3947,108.0,74751,2710,CE,BC
3948,108.0,74752,1306,CS,SC
3949,108.0,74754,2624,BT,OC
3950,108.0,74755,2715,EE,BC
3951,108.0,74756,2609,EE,OC
3952,108.0,74757,1325,IT,BC
3953,108.0,74759,2613,CS,BC
3954,108.0,74760,2747,CS,OC
3955,108.0,74762,2723,MD,BC
3956,108.0,74767,2708,MZ,OC
3957,108.0,74769,2329,AG,BC
3958,108.0,74770,3807,AE,OC
3959,108.0,74771,2632,CS,OC
3960,108.0,74774,2744,EC,OC
3961,108.0,74775,3458,BT,BC
3962,108.0,74778,2357,CE,OC
3963,108.0,74779,4972,EC,OC
3964,108.0,74781,3826,ME,OC
3965,108.0,74783,3805,BM,MBC
3966,108.0,74789,5532,EE,OC
3967,108.0,74790,4957,IT,OC
3968,108.0,74793,3821,CE,OC
3969,108.0,74794,1301,CE,OC
3970,108.0,74795,1401,CS,MBC
3971,108.0,74797,2731,CS,BC
3972,108.0,74799,2729,CS,BC
3973,108.0,74800,4957,IT,OC
3974,108.0,74804,5,CS,MBC
3975,108.0,74808,1520,CS,BC
3976,108.0,74809,2723,MD,BC
3977,108.0,74810,1322,IT,OC
3978,108.0,74811,2735,IT,MBC
3979,108.0,74813,2643,CS,SC
3980,108.0,74814,3456,BM,OC
3981,108.0,74815,2657,BT,OC
3982,108.0,74816,4917,AG,BC
3983,108.0,74817,4670,ME,OC
3984,108.0,74820,3795,ME,OC
3985,108.0,74821,1306,AE,SC
3986,108.0,74822,3814,CE,OC
3987,108.0,74823,1013,ME,OC
3988,108.0,74828,2727,EC,BC
3989,108.0,74829,4917,ME,OC
3990,108.0,74831,1412,EC,OC
3991,108.0,74832,1442,CS,OC
3992,108.0,74833,1408,CS,BC
3993,108.0,74835,5530,EC,MBC
3994,108.0,74836,4678,CE,OC
3995,108.0,74837,1237,EC,OC
3996,108.0,74839,2716,ME,OC
3997,108.0,74840,1424,AD,SC
3998,108.0,74841,2712,FT,SC
3999,108.0,74842,2722,IT,SC
4000,108.0,74843,1014,IT,BC
4001,108.0,74844,2611,CS,BC
4002,108.0,74845,4672,ME,OC
4003,108.0,74846,3456,BM,OC
4004,108.0,74849,1510,CS,MBC
4005,108.0,74850,1512,EC,OC
4006,108.0,74851,2636,CS,MBC
4007,108.0,74852,1207,ME,OC
4008,108.0,74853,2741,ME,OC
4009,108.0,74854,1114,CS,SC
4010,108.0,74855,1303,CS,BC
4011,108.0,74856,1320,IT,OC
4012,108.0,74858,2776,AG,MBC
4013,108.0,74861,5010,ME,MBC
4014,108.0,74862,2630,EC,OC
4015,108.0,74863,2329,AD,BC
4016,108.0,74868,2349,BM,SC
4017,108.0,74869,3456,BM,OC
4018,108.0,74870,2715,BM,BC
4019,108.0,74871,2329,CS,BC
4020,108.0,74872,4678,EE,OC
4021,108.0,74873,2608,ME,OC
4022,108.0,74874,5910,CE,OC
4023,108.0,74877,5910,CE,OC
4024,108.0,74878,3011,CE,SC
4025,108.0,74879,1114,EC,OC
4026,108.0,74880,4998,ME,OC
4027,108.0,74881,1303,BT,MBC
4028,108.0,74884,2767,CS,OC
4029,108.0,74886,4955,IT,MBC
4030,108.0,74887,4952,CS,OC
4031,108.0,74889,5,CH,MBC
4032,108.0,74890,2609,FD,OC
4033,108.0,74891,2643,EC,OC
4034,108.0,74895,1225,IT,MBC
4035,108.0,74896,3819,EE,BC
4036,108.0,74897,5,CS,BC
4037,108.0,74898,4954,EC,BC
4038,108.0,74899,2735,EE,OC
4039,108.0,74900,2623,CS,OC
4040,108.0,74903,1322,IT,OC
4041,108.0,74904,4960,ME,MBC
4042,108.0,74905,3843,EC,OC
4043,108.0,74906,2620,EC,BC
4044,108.0,74910,1519,EE,OC
4045,108.0,74911,5910,ME,OC
4046,108.0,74912,1420,CS,MBC
4047,108.0,74914,3465,ME,BC
4048,108.0,74917,2609,CS,MBC
4049,108.0,74921,3805,ME,OC
4050,108.0,74922,4953,EE,OC
4051,108.0,74923,1412,CS,SC
4052,108.0,74926,1307,CS,BC
4053,108.0,74927,1202,EC,OC
4054,108.0,74929,1316,MU,OC
4055,108.0,74931,3819,EE,BC
4056,108.0,74932,1216,EC,BC
4057,108.0,74933,4975,CS,OC
4058,108.0,74934,2611,BM,MBC
4059,108.0,74940,2729,AE,BC
4060,108.0,74942,4023,ME,BC
4061,108.0,74943,4944,CS,BCM
4062,108.0,74945,1419,EE,SC
4063,108.0,74946,5930,EE,OC
4064,108.0,74948,2744,CS,OC
4065,107.8,74949,2342,EC,OC
4066,107.8,74950,3459,ME,OC
4067,107.8,74951,1107,FD,OC
4068,107.5,74952,4984,CS,OC
4069,107.5,74953,3820,CS,OC
4070,107.5,74955,4680,EC,SC
4071,107.5,74956,2704,CS,SC
4072,107.5,74958,1226,CS,OC
4073,107.5,74959,2601,BT,MBC
4074,107.5,74962,2611,IT,MBC
4075,107.5,74963,1412,CS,BC
4076,107.5,74964,5703,EE,OC
4077,107.5,74966,1441,EC,OC
4078,107.5,74968,2727,EE,OC
4079,107.5,74971,1013,ME,OC
4080,107.5,74972,2721,EC,OC
4081,107.5,74974,5935,CS,OC
4082,107.5,74975,4965,EE,OC
4083,107.5,74976,2632,BM,BC
4084,107.5,74977,2643,EC,OC
4085,107.5,74978,2716,BM,SCA
4086,107.5,74980,4959,PL,OC
4087,107.5,74982,1521,CS,OC
4088,107.5,74984,1411,CS,OC
4089,107.5,74987,1211,ME,BCM
4090,107.5,74989,4934,CS,OC
4091,107.5,74990,3905,CS,BC
4092,107.5,74991,1441,EC,OC
4093,107.5,74992,2651,ME,OC
4094,107.5,74993,5017,EE,OC
4095,107.5,74994,4971,CE,BC
4096,107.5,74997,2338,ME,OC
4097,107.5,74998,5915,CS,OC
4098,107.5,75002,3425,CS,BC
4099,107.5,75003,1414,ME,OC
4100,107.5,75005,3459,EE,OC
4101,107.5,75006,3843,EC,OC
4102,107.5,75007,2750,AE,BC
4103,107.5,75009,2727,EE,OC
4104,107.5,75010,2651,ME,OC
4105,107.5,75012,3819,CE,OC
4106,107.5,75014,4980,EC,OC
4107,107.5,75015,2710,IT,SCA
4108,107.5,75017,2659,BM,OC
4109,107.5,75018,2625,IT,OC
4110,107.5,75019,1504,ME,OC
4111,107.5,75020,3805,PH,OC
4112,107.5,75021,2328,ME,OC
4113,107.5,75022,4959,AD,BC
4114,107.5,75024,2621,CS,BC
4115,107.5,75025,2727,EC,BC
4116,107.5,75026,1114,CS,MBC
4117,107.5,75027,2707,CS,MBC
4118,107.5,75038,4020,GI,BC
4119,107.5,75040,2755,AE,OC
4120,107.5,75041,2357,CE,OC
4121,107.5,75042,2610,EC,MBC
4122,107.5,75043,3811,CS,OC
4123,107.5,75045,2650,CS,OC
4124,107.5,75046,1114,CS,MBC
4125,107.5,75047,2707,EE,OC
4126,107.5,75048,1216,EC,MBC
4127,107.5,75050,1507,CS,OC
4128,107.5,75051,2727,IT,MBC
4129,107.5,75053,1015,EE,OC
4130,107.5,75055,2621,IT,OC
4131,107.5,75056,2734,TS,OC
4132,107.5,75058,3464,EE,SC
4133,107.5,75059,2622,CS,SC
4134,107.5,75060,2608,EC,SCA
4135,107.5,75061,4971,ME,BC
4136,107.5,75063,2620,EC,MBC
4137,107.5,75065,1225,IT,BC
4138,107.5,75067,4999,EC,OC
4139,107.5,75068,2719,ME,BC
4140,107.5,75070,2651,EE,OC
4141,107.5,75071,2707,EC,OC
4142,107.5,75074,4949,CS,OC
4143,107.5,75076,2647,IT,OC
4144,107.5,75077,1434,EE,OC
4145,107.5,75079,1013,EC,BC
4146,107.5,75080,2641,CS,OC
4147,107.5,75081,1605,EC,OC
4148,107.5,75083,2708,IT,SC
4149,107.5,75090,2740,IT,BC
4150,107.5,75092,2620,IT,BC
4151,107.5,75095,4917,EC,BC
4152,107.5,75096,2329,IT,BC
4153,107.5,75099,4944,CS,BC
4154,107.5,75100,3459,BM,BC
4155,107.5,75101,2623,IT,OC
4156,107.5,75102,2718,EE,SC
4157,107.5,75103,3826,ME,OC
4158,107.5,75105,3803,IT,BC
4159,107.5,75107,1207,EC,OC
4160,107.5,75108,2722,CE,BC
4161,107.5,75109,2610,BM,SC
4162,107.5,75110,2345,EC,MBC
4163,107.5,75112,4680,EC,BC
4164,107.5,75113,2702,ME,MBC
4165,107.5,75118,1310,EC,OC
4166,107.5,75120,5010,CS,SCA
4167,107.5,75121,2736,CS,BCM
4168,107.5,75122,2727,EC,BC
4169,107.5,75124,3905,ME,OC
4170,107.5,75127,1504,CS,MBC
4171,107.5,75129,2642,EE,OC
4172,107.5,75130,1237,CS,MBC
4173,107.5,75134,4953,EE,OC
4174,107.5,75136,2613,IT,BC
4175,107.5,75137,5,EE,OC
4176,107.5,75139,2719,EC,SC
4177,107.5,75141,4680,CE,BC
4178,107.5,75143,1013,ME,OC
4179,107.5,75145,2629,MD,OC
4180,107.5,75147,1432,CS,SC
4181,107.5,75148,5910,ME,OC
4182,107.5,75149,2749,PE,OC
4183,107.5,75150,4968,CE,OC
4184,107.5,75152,4928,CS,OC
4185,107.5,75153,2683,AG,OC
4186,107.5,75156,4944,CE,OC
4187,107.5,75157,1126,AG,MBC
4188,107.5,75158,4994,CS,SC
4189,107.5,75159,1306,EC,BC
4190,107.5,75160,4676,EC,OC
4191,107.5,75162,2632,IT,OC
4192,107.5,75164,3795,ME,OC
4193,107.5,75165,1505,CS,OC
4194,107.5,75166,2726,IT,MBC
4195,107.5,75167,3805,BM,BC
4196,107.5,75169,2650,EE,OC
4197,107.5,75170,2607,BT,MBC
4198,107.5,75171,3803,ME,OC
4199,107.5,75173,1231,AD,SC
4200,107.5,75177,2612,ME,OC
4201,107.5,75179,1504,CS,MBC
4202,107.5,75181,2764,ME,BC
4203,107.5,75182,3806,BM,BC
4204,107.5,75183,3817,CS,OC
4205,107.5,75184,3806,IT,BC
4206,107.5,75185,3819,ME,OC
4207,107.5,75187,1452,CS,BC
4208,107.5,75189,3926,CS,OC
4209,107.5,75190,3458,FD,OC
4210,107.5,75192,5919,CS,OC
4211,107.5,75197,3806,CS,OC
4212,107.5,75198,5865,EC,BC
4213,107.5,75202,2610,CS,BC
4214,107.5,75206,2731,EC,OC
4215,107.5,75208,3844,BM,OC
4216,107.5,75210,4020,GI,BC
4217,107.5,75211,1216,EC,BC
4218,107.5,75214,3425,ME,OC
4219,107.5,75215,2609,FD,OC
4220,107.5,75216,4670,CE,OC
4221,107.5,75218,4966,CS,OC
4222,107.5,75220,2347,CS,OC
4223,107.5,75223,4965,CS,BC
4224,107.5,75225,2708,EE,OC
4225,107.5,75226,4962,CE,OC
4226,107.5,75227,3833,EE,OC
4227,107.5,75230,3843,ME,OC
4228,107.5,75231,2727,CS,MBC
4229,107.5,75233,2744,IT,SC
4230,107.5,75234,3805,CS,MBC
4231,107.5,75235,2607,AD,MBC
4232,107.5,75239,4965,CS,BC
4233,107.5,75242,1114,EC,OC
4234,107.5,75245,4917,EC,BC
4235,107.5,75246,1303,BT,MBC
4236,107.5,75247,2727,FD,BC
4237,107.5,75248,1516,ME,SC
4238,107.5,75251,5,BD,OC
4239,107.5,75253,4953,EC,SC
4240,107.5,75254,2633,CS,OC
4241,107.5,75255,1516,ME,BC
4242,107.5,75256,1216,ME,OC
4243,107.5,75259,2607,IT,MBC
4244,107.5,75262,2750,EC,BC
4245,107.5,75263,4917,EE,OC
4246,107.5,75264,2731,CS,SC
4247,107.5,75265,2708,EC,BC
4248,107.5,75266,3843,EE,OC
4249,107.5,75267,3830,CS,SC
4250,107.5,75269,1303,ME,OC
4251,107.5,75270,1525,EE,OC
4252,107.5,75272,2651,EC,OC
4253,107.5,75273,5914,EC,OC
4254,107.5,75277,2755,AG,MBC
4255,107.5,75278,2764,CE,MBC
4256,107.5,75280,2702,AU,BC
4257,107.5,75281,2726,ME,OC
4258,107.5,75283,2716,IT,BC
4259,107.5,75284,1422,MD,OC
4260,107.5,75286,3795,EC,OC
4261,107.5,75287,5865,EC,BC
4262,107.5,75288,2609,IT,OC
4263,107.5,75290,3812,EE,OC
4264,107.5,75293,2673,ME,OC
4265,107.5,75295,2750,CS,SCA
4266,107.5,75296,5990,CS,OC
4267,107.5,75297,4023,EC,MBC
4268,107.5,75298,3786,AE,OC
4269,107.5,75299,4953,CS,OC
4270,107.5,75300,3805,AD,OC
4271,107.5,75301,2620,BM,SC
4272,107.5,75302,1422,EE,BC
4273,107.5,75303,4864,EC,BCM
4274,107.5,75305,2629,MD,OC
4275,107.5,75306,5904,IT,MBC
4276,107.5,75307,2652,IT,OC
4277,107.5,75310,4970,EE,OC
4278,107.5,75312,4944,CS,BC
4279,107.5,75314,2705,CS,OC
4280,107.5,75316,4917,EC,BC
4281,107.5,75317,2632,BM,BC
4282,107.5,75320,1126,CS,OC
4283,107.5,75326,5942,IT,OC
4284,107.5,75327,1241,ME,OC
4285,107.5,75331,2612,CS,OC
4286,107.5,75334,2722,EE,MBC
4287,107.5,75336,5,EI,OC
4288,107.5,75338,1408,CS,MBC
4289,107.5,75341,2642,CS,BC
4290,107.5,75342,2653,EC,MBC
4291,107.5,75345,2758,ME,OC
4292,107.5,75346,3011,ME,MBC
4293,107.5,75347,3813,CS,OC
4294,107.5,75349,2712,EI,ST
4295,107.5,75350,4949,CE,OC
4296,107.5,75351,2707,IT,BC
4297,107.5,75352,3458,FD,OC
4298,107.5,75357,3820,CS,OC
4299,107.5,75358,5,CS,BC
4300,107.5,75359,2764,ME,BC
4301,107.5,75361,4966,CS,BCM
4302,107.5,75365,1233,ME,OC
4303,107.5,75366,4678,ME,OC
4304,107.5,75368,3826,EC,BC
4305,107.5,75369,1122,ME,OC
4306,107.5,75370,5009,EE,BC
4307,107.5,75371,1518,EE,OC
4308,107.5,75372,3812,IT,OC
4309,107.5,75372,2726,EC,BC
4310,107.5,75374,4959,CE,OC
4311,107.5,75376,1518,CS,OC
4312,107.5,75377,4994,CS,SC
4313,107.5,75378,3841,AD,OC
4314,107.5,75383,2715,EC,BC
4315,107.5,75385,4864,CS,OC
4316,107.5,75386,1316,MU,OC
4317,107.5,75387,4917,BM,MBC
4318,107.5,75388,2745,CS,OC
4319,107.5,75389,1225,IT,SC
4320,107.5,75390,3805,ME,OC
4321,107.5,75391,1512,CS,OC
4322,107.5,75393,3410,EE,OC
4323,107.5,75394,2722,ME,OC
4324,107.5,75395,3459,CS,OC
4325,107.5,75397,4020,ME,BC
4326,107.5,75399,1218,CS,OC
4327,107.5,75402,3011,ME,BC
4328,107.5,75404,5532,CE,OC
4329,107.5,75405,1316,BM,BC
4330,107.5,75406,4023,CE,BC
4331,107.5,75410,4024,EE,OC
4332,107.5,75411,4964,EC,OC
4333,107.5,75413,4969,CS,OC
4334,107.5,75416,2607,BT,MBC
4335,107.5,75420,1301,ME,OC
4336,107.5,75424,2611,BM,SC
4337,107.5,75425,2707,AD,BC
4338,107.5,75430,3458,BT,BC
4339,107.5,75431,1399,ME,SC
4340,107.5,75433,2750,BM,SC
4341,107.5,75435,5865,EE,OC
4342,107.5,75437,2749,CS,OC
4343,107.5,75439,1325,CS,BC
4344,107.5,75440,2715,BM,SCA
4345,107.5,75441,1216,CH,BC
4346,107.5,75443,2736,ME,OC
4347,107.5,75444,2702,CS,SC
4348,107.5,75445,5,EC,MBC
4349,107.5,75446,1110,CS,BC
4350,107.5,75448,3819,CS,SC
4351,107.5,75449,1422,EC,MBC
4352,107.5,75450,5,ME,OC
4353,107.5,75451,1026,EE,BCM
4354,107.5,75453,2740,IT,MBC
4355,107.5,75459,4928,EE,OC
4356,107.5,75460,4917,EC,BC
4357,107.5,75461,2611,IT,MBC
4358,107.5,75462,4953,CS,OC
4359,107.5,75465,1237,AD,MBC
4360,107.5,75471,1211,ME,SC
4361,107.5,75473,2763,CS,BC
4362,107.5,75474,4965,ME,OC
4363,107.5,75475,1101,EC,OC
4364,107.5,75483,3806,IT,BC
4365,107.5,75486,1307,EC,OC
4366,107.5,75487,4672,CS,MBC
4367,107.5,75489,4933,EC,OC
4368,107.5,75490,2610,IT,BC
4369,107.5,75492,2610,CS,BC
4370,107.5,75493,1219,IT,ST
4371,107.5,75499,2740,IT,BC
4372,107.5,75500,2702,BT,SC
4373,107.5,75501,2634,CS,SC
4374,107.5,75505,2610,CS,BC
4375,107.5,75507,2342,EE,OC
4376,107.5,75509,3786,MZ,OC
4377,107.5,75511,1120,ME,BC
4378,107.5,75512,4917,EC,SC
4379,107.5,75513,1408,EE,OC
4380,107.5,75515,5915,EC,OC
4381,107.5,75518,2610,IT,BC
4382,107.5,75519,1118,CB,MBC
4383,107.5,75522,4672,EE,OC
4384,107.5,75524,2702,EI,MBC
4385,107.5,75527,5930,CE,OC
4386,107.5,75531,2727,BM,OC
4387,107.5,75532,2750,AG,BC
4388,107.5,75534,2726,EC,BC
4389,107.5,75535,4917,ME,OC
4390,107.5,75536,2633,EE,OC
4391,107.5,75537,3425,EC,MBC
4392,107.5,75538,1430,EE,OC
4393,107.5,75540,3805,CS,SC
4394,107.5,75541,2625,AG,OC
4395,107.5,75542,2601,IT,MBC
4396,107.5,75547,1114,CS,SC
4397,107.5,75548,1233,EE,OC
4398,107.5,75551,2753,BM,OC
4399,107.5,75553,4960,CE,MBC
4400,107.5,75555,3841,EC,OC
4401,107.5,75556,2625,CH,OC
4402,107.5,75557,1118,EE,SC
4403,107.5,75558,4966,EE,OC
4404,107.5,75559,2622,CS,SC
4405,107.5,75560,1432,CS,SC
4406,107.5,75564,2607,EC,BC
4407,107.3,75566,1238,ME,OC
4408,107.2,75567,1437,CS,OC
4409,107.0,75569,2611,CS,BC
4410,107.0,75570,2706,ME,OC
4411,107.0,75571,4957,EC,OC
4412,107.0,75572,2741,ME,OC
4413,107.0,75573,3810,EC,BC
4414,107.0,75575,2329,IT,BC
4415,107.0,75576,1317,IC,OC
4416,107.0,75577,3462,CE,OC
4417,107.0,75578,2718,ME,SC
4418,107.0,75580,1013,ME,SC
4419,107.0,75581,2731,CS,SC
4420,107.0,75584,2349,FD,OC
4421,107.0,75585,3826,ME,OC
4422,107.0,75586,2661,CS,BC
4423,107.0,75588,1233,EC,MBC
4424,107.0,75589,1216,EC,BC
4425,107.0,75590,2630,CS,OC
4426,107.0,75591,3801,EE,OC
4427,107.0,75595,1217,CS,OC
4428,107.0,75596,5,EE,OC
4429,107.0,75598,2622,IT,ST
4430,107.0,75599,1126,BM,BC
4431,107.0,75601,5912,EC,OC
4432,107.0,75602,2607,EE,MBC
4433,107.0,75603,2704,CS,ST
4434,107.0,75604,3848,CE,OC
4435,107.0,75606,1307,CS,BC
4436,107.0,75607,1413,EE,OC
4437,107.0,75608,3454,ME,OC
4438,107.0,75609,2639,EC,OC
4439,107.0,75611,2704,EC,BCM
4440,107.0,75612,2622,CS,MBC
4441,107.0,75613,1123,CS,OC
4442,107.0,75614,5530,CS,SC
4443,107.0,75615,2628,AD,OC
4444,107.0,75617,1216,EC,BC
4445,107.0,75619,1316,CS,MBC
4446,107.0,75620,1408,EC,OC
4447,107.0,75621,5,EI,OC
4448,107.0,75623,2707,CS,SCA
4449,107.0,75624,5865,CS,BC
4450,107.0,75625,2643,CS,MBC
4451,107.0,75626,3845,EC,OC
4452,107.0,75627,5009,EE,MBC
4453,107.0,75629,2345,EC,BC
4454,107.0,75630,5009,ME,BC
4455,107.0,75631,1101,ME,OC
4456,107.0,75632,1316,EE,OC
4457,107.0,75633,1317,ME,SC
4458,107.0,75634,2702,CS,SC
4459,107.0,75635,4676,EC,OC
4460,107.0,75636,1316,IT,MBC
4461,107.0,75637,3805,CS,BC
4462,107.0,75638,2609,CY,MBC
4463,107.0,75639,1605,CS,OC
4464,107.0,75640,2661,CS,BC
4465,107.0,75641,2610,CS,MBC
4466,107.0,75642,3019,EC,OC
4467,107.0,75643,3806,EC,OC
4468,107.0,75644,2716,CS,MBC
4469,107.0,75645,2329,AG,BC
4470,107.0,75648,3830,ME,OC
4471,107.0,75649,2610,EE,OC
4472,107.0,75650,2610,IT,MBC
4473,107.0,75652,1442,BM,OC
4474,107.0,75653,2751,CS,BCM
4475,107.0,75654,3806,BM,BC
4476,107.0,75656,1210,EE,BC
4477,107.0,75658,2623,ME,OC
4478,107.0,75659,1114,IT,SC
4479,107.0,75660,2651,EC,OC
4480,107.0,75661,2723,CE,OC
4481,107.0,75662,4981,EE,OC
4482,107.0,75663,4965,EC,MBC
4483,107.0,75664,2609,IT,OC
4484,107.0,75666,2741,EC,OC
4485,107.0,75670,1408,CS,MBC
4486,107.0,75671,5910,EC,MBC
4487,107.0,75672,3021,CS,BC
4488,107.0,75673,2708,ME,OC
4489,107.0,75676,1014,IT,SC
4490,107.0,75677,1422,AG,MBC
4491,107.0,75678,3803,ME,OC
4492,107.0,75679,3826,ME,OC
4493,107.0,75682,2613,CS,BC
4494,107.0,75683,2613,EC,OC
4495,107.0,75684,3410,CS,BC
4496,107.0,75685,4993,CS,OC
4497,107.0,75687,1402,EC,OC
4498,107.0,75688,2711,ME,BC
4499,107.0,75689,1311,AD,MBC
4500,107.0,75691,5910,ME,BC
4501,107.0,75692,5904,IT,MBC
4502,107.0,75693,3819,ME,OC
4503,107.0,75695,4981,ME,BC
4504,107.0,75697,2752,IT,OC
4505,107.0,75699,2630,EC,OC
4506,107.0,75703,2750,EC,SCA
4507,107.0,75706,2751,EC,BC
4508,107.0,75711,1504,CS,BC
4509,107.0,75712,2613,EE,BC
4510,107.0,75713,5703,EC,OC
4511,107.0,75716,3805,CS,BC
4512,107.0,75718,2739,EE,SC
4513,107.0,75720,2726,EC,MBC
4514,107.0,75722,2607,CE,OC
4515,107.0,75723,3459,ME,OC
4516,107.0,75724,1233,EC,SC
4517,107.0,75726,1431,EC,OC
4518,107.0,75728,3803,ME,OC
4519,107.0,75729,3454,CS,OC
4520,107.0,75731,3011,CE,MBC
4521,107.0,75732,2607,ME,OC
4522,107.0,75734,4964,MU,OC
4523,107.0,75735,5910,CB,MBC
4524,107.0,75736,2608,EC,MBC
4525,107.0,75740,3830,ME,OC
4526,107.0,75741,2611,IT,MBC
4527,107.0,75742,5912,EE,OC
4528,107.0,75744,1014,IT,SC
4529,107.0,75746,4672,ME,OC
4530,107.0,75747,2709,AU,OC
4531,107.0,75748,3806,BM,BC
4532,107.0,75749,3459,BM,SC
4533,107.0,75750,2755,AG,MBC
4534,107.0,75751,2726,IT,MBC
4535,107.0,75752,2734,SB,BC
4536,107.0,75753,1325,CS,BC
4537,107.0,75754,1504,EC,BC
4538,107.0,75755,2638,IT,OC
4539,107.0,75756,2613,IT,BC
4540,107.0,75757,3817,CS,OC
4541,107.0,75758,2673,CS,SC
4542,107.0,75759,2651,FT,OC
4543,107.0,75760,1127,CS,OC
4544,107.0,75761,2747,ME,OC
4545,107.0,75762,4917,ME,OC
4546,107.0,75763,1122,CH,BC
4547,107.0,75764,4670,EE,OC
4548,107.0,75765,5915,ME,OC
4549,107.0,75766,3846,CS,OC
4550,107.0,75767,1013,ME,MBC
4551,107.0,75768,3425,CE,OC
4552,107.0,75771,1512,CS,OC
4553,107.0,75772,1216,EC,BC
4554,107.0,75773,2726,FD,MBC
4555,107.0,75775,2764,EC,BCM
4556,107.0,75776,5865,EC,BC
4557,107.0,75777,2642,CE,OC
4558,107.0,75778,1412,ME,OC
4559,107.0,75782,4023,IT,BCM
4560,107.0,75784,1118,EC,SC
4561,107.0,75785,4917,EC,BCM
4562,107.0,75787,2710,CS,SC
4563,107.0,75790,3011,ME,BC
4564,107.0,75791,2610,EE,OC
4565,107.0,75793,4960,CE,SC
4566,107.0,75795,5530,EC,BC
4567,107.0,75796,1422,ME,OC
4568,107.0,75797,3826,ME,OC
4569,107.0,75798,2643,CS,MBC
4570,107.0,75799,4959,CS,SC
4571,107.0,75800,2708,EC,BC
4572,107.0,75801,2621,EC,OC
4573,107.0,75802,2611,EE,OC
4574,107.0,75803,1431,IT,OC
4575,107.0,75804,2731,EC,OC
4576,107.0,75805,4917,EC,BC
4577,107.0,75806,5904,ME,OC
4578,107.0,75807,3021,EE,OC
4579,107.0,75808,1303,CS,BC
4580,107.0,75809,5930,CS,OC
4581,107.0,75811,2342,ME,OC
4582,107.0,75812,2706,ME,BC
4583,107.0,75814,3810,IT,SC
4584,107.0,75815,1409,BT,BC
4585,107.0,75817,1140,EC,OC
4586,107.0,75819,1441,EC,OC
4587,107.0,75820,1452,ME,OC
4588,107.0,75823,1518,ME,OC
4589,107.0,75826,2715,AG,MBC
4590,107.0,75828,5022,EC,BC
4591,107.0,75829,1432,EC,BC
4592,107.0,75832,1301,IT,MBC
4593,107.0,75834,2369,EE,SC
4594,107.0,75835,2702,AU,BC
4595,107.0,75836,3019,EE,OC
4596,107.0,75840,4669,CS,OC
4597,107.0,75841,2702,AU,MBC
4598,107.0,75843,2620,EC,SC
4599,107.0,75844,2707,IT,SC
4600,107.0,75845,2618,CE,BC
4601,107.0,75846,3782,EC,OC
4602,107.0,75848,1115,CS,OC
4603,107.0,75851,4678,EE,OC
4604,107.0,75852,2735,EE,OC
4605,107.0,75853,1408,EE,OC
4606,107.0,75854,5533,CS,OC
4607,107.0,75855,5935,CS,OC
4608,107.0,75856,5,EC,MBC
4609,107.0,75857,2643,CS,MBC
4610,107.0,75858,1320,IT,OC
4611,107.0,75859,3843,CS,BC
4612,107.0,75860,3860,ME,OC
4613,107.0,75861,2627,BT,MBC
4614,107.0,75862,4953,ME,OC
4615,107.0,75863,5502,EC,OC
4616,107.0,75865,4677,EE,OC
4617,107.0,75867,4944,EC,BC
4618,107.0,75868,2741,CS,SCA
4619,107.0,75869,2723,CE,OC
4620,107.0,75870,2618,CE,SC
4621,107.0,75871,1324,EE,SC
4622,107.0,75872,2750,EC,BC
4623,107.0,75875,2638,EC,OC
4624,107.0,75876,2607,AD,BC
4625,107.0,75879,2755,AG,BC
4626,107.0,75880,4954,EC,BCM
4627,107.0,75882,4670,ME,OC
4628,107.0,75883,5988,CS,OC
4629,107.0,75884,2727,EC,BC
4630,107.0,75886,3016,EC,OC
4631,107.0,75888,2707,IT,BC
4632,107.0,75889,1452,EC,OC
4633,107.0,75890,2620,BM,MBC
4634,107.0,75893,3817,CE,OC
4635,107.0,75895,1441,CS,OC
4636,107.0,75896,2726,AG,MBC
4637,107.0,75898,2722,IC,MBC
4638,107.0,75899,3830,AD,BC
4639,107.0,75901,3830,EE,BCM
4640,107.0,75903,2707,CS,SCA
4641,107.0,75904,3812,CS,OC
4642,107.0,75906,2345,CS,MBC
4643,107.0,75908,1015,EC,MBC
4644,107.0,75910,2628,BM,OC
4645,107.0,75911,1207,IT,OC
4646,107.0,75916,5009,EE,BC
4647,107.0,75917,2355,CS,OC
4648,107.0,75918,2711,CS,SC
4649,107.0,75919,3425,CE,OC
4650,107.0,75922,2719,ME,BC
4651,107.0,75923,2740,EC,OC
4652,107.0,75924,2632,CS,OC
4653,107.0,75925,2611,EE,OC
4654,107.0,75926,3830,EC,BCM
4655,107.0,75927,3807,EC,OC
4656,107.0,75928,3425,EE,MBC
4657,107.0,75929,1452,CS,MBC
4658,107.0,75930,2734,CS,MBC
4659,107.0,75934,2707,AD,BC
4660,107.0,75936,2719,ME,BC
4661,107.0,75937,5009,EC,SC
4662,107.0,75939,2707,CS,BC
4663,107.0,75940,4965,EC,MBC
4664,107.0,75941,3805,EC,OC
4665,107.0,75942,2719,RM,SC
4666,107.0,75943,2622,EC,MBC
4667,107.0,75944,3019,ME,OC
4668,107.0,75945,2702,EC,SC
4669,107.0,75946,2712,TX,SC
4670,107.0,75947,5907,EE,OC
4671,107.0,75950,2726,IT,MBC
4672,107.0,75953,2624,EC,OC
4673,107.0,75954,2608,CB,MBC
4674,107.0,75955,2752,IT,OC
4675,107.0,75956,4965,BM,BC
4676,107.0,75958,3019,CS,BC
4677,107.0,75960,1212,PE,OC
4678,107.0,75961,2715,CH,OC
4679,107.0,75962,4998,ME,OC
4680,107.0,75963,2651,CS,BC
4681,107.0,75966,2711,ME,BC
4682,107.0,75969,5010,CE,BCM
4683,107.0,75971,5536,EC,OC
4684,107.0,75973,4020,ME,MBC
4685,107.0,75974,1422,EI,OC
4686,107.0,75975,3464,ME,MBC
4687,107.0,75977,2621,EC,OC
4688,107.0,75978,2369,CE,SC
4689,107.0,75981,4944,CS,BC
4690,107.0,75984,4669,CS,OC
4691,107.0,75985,3806,CS,OC
4692,107.0,75987,2345,CS,MBC
4693,107.0,75988,2621,ME,OC
4694,107.0,75989,4972,CS,BC
4695,107.0,75990,2733,CS,OC
4696,107.0,75991,2716,BM,MBC
4697,107.0,75993,2620,EE,OC
4698,107.0,75994,5009,EE,BC
4699,107.0,75999,3829,EC,OC
4700,107.0,76000,2614,TC,OC
4701,107.0,76001,1306,EC,BC
4702,107.0,76003,4927,CS,OC
4703,107.0,76004,2716,IT,BCM
4704,107.0,76005,3830,EC,MBC
4705,107.0,76006,2741,CE,OC
4706,107.0,76008,2735,EC,MBC
4707,107.0,76009,3805,CS,MBC
4708,107.0,76012,1413,EE,OC
4709,107.0,76014,5832,CS,BC
4710,107.0,76015,2735,ME,OC
4711,107.0,76018,4960,EC,SC
4712,107.0,76021,4675,EE,OC
4713,107.0,76023,2607,EC,BC
4714,107.0,76026,1303,EC,OC
4715,107.0,76031,4964,EE,OC
4716,107.0,76033,2736,EC,BC
4717,107.0,76034,4981,ME,BC
4718,107.0,76038,1414,EC,SC
4719,107.0,76042,5009,EE,MBC
4720,107.0,76043,2357,EE,OC
4721,107.0,76044,3820,CS,OC
4722,107.0,76048,2622,EC,ST
4723,107.0,76049,4965,CS,MBC
4724,107.0,76051,2607,CB,OC
4725,107.0,76052,1237,EC,OC
4726,107.0,76054,1110,AD,BC
4727,107.0,76055,2729,EE,OC
4728,107.0,76056,4972,CS,BC
4729,107.0,76062,1316,CS,BC
4730,107.0,76063,1230,CS,OC
4731,107.0,76065,3806,BM,SC
4732,107.0,76068,4995,CS,OC
4733,107.0,76069,5536,AG,OC
4734,107.0,76076,3817,CS,BC
4735,107.0,76077,1149,EC,MBC
4736,107.0,76079,3454,CS,OC
4737,107.0,76080,4020,GI,BC
4738,107.0,76081,2328,IT,BC
4739,107.0,76082,4969,CS,OC
4740,107.0,76083,2643,CS,BC
4741,107.0,76085,5915,EC,OC
4742,107.0,76086,2610,MD,OC
4743,107.0,76088,2613,IT,BC
4744,107.0,76089,1322,FD,OC
4745,107.0,76090,1519,IT,OC
4746,107.0,76091,2611,EC,OC
4747,107.0,76094,1322,CS,OC
4748,107.0,76098,4917,EC,BCM
4749,107.0,76102,2624,AD,OC
4750,107.0,76105,1233,EE,MBC
4751,107.0,76106,4999,AD,OC
4752,107.0,76107,1118,CB,MBC
4753,107.0,76108,1207,RM,OC
4754,107.0,76109,2732,CS,OC
4755,107.0,76111,3425,CS,BC
4756,107.0,76112,2750,ME,BC
4757,107.0,76113,1518,IT,OC
4758,107.0,76115,1216,EC,BC
4759,107.0,76119,5010,CE,BC
4760,107.0,76121,1216,CH,BC
4761,107.0,76122,1026,EE,MBC
4762,107.0,76123,4020,GI,MBC
4763,107.0,76124,1303,IT,SC
4764,107.0,76125,1137,EC,OC
4765,107.0,76127,1301,IT,MBC
4766,107.0,76128,1422,AG,BC
4767,107.0,76129,2707,AD,BC
4768,107.0,76130,2632,BM,BC
4769,107.0,76131,2750,AG,MBC
4770,107.0,76134,2608,ME,OC
4771,107.0,76135,5009,EE,MBC
4772,107.0,76136,4917,CE,OC
4773,107.0,76137,5532,EC,BC
4774,107.0,76138,3857,CS,OC
4775,107.0,76139,2610,IT,BC
4776,107.0,76142,1238,ME,OC
4777,107.0,76143,4680,CE,MBC
4778,107.0,76145,4954,IT,BC
4779,107.0,76146,3805,BM,MBC
4780,107.0,76148,2751,EC,BC
4781,106.5,76151,2354,EE,OC
4782,106.5,76152,3811,CS,OC
4783,106.5,76153,2601,EC,OC
4784,106.5,76155,1412,CS,BCM
4785,106.5,76156,2611,BM,SC
4786,106.5,76157,2611,CY,SC
4787,106.5,76158,2710,SC,MBC
4788,106.5,76160,3826,BM,SC
4789,106.5,76161,2704,ME,OC
4790,106.5,76163,3825,EC,OC
4791,106.5,76164,4917,AG,BC
4792,106.5,76165,5530,CS,MBC
4793,106.5,76166,2314,EE,OC
4794,106.5,76169,2634,BM,OC
4795,106.5,76170,3806,BM,SC
4796,106.5,76171,2611,CS,BC
4797,106.5,76172,1207,CS,MBC
4798,106.5,76175,1399,ME,SC
4799,106.5,76178,2713,CS,OC
4800,106.5,76180,3805,IT,MBC
4801,106.5,76181,1412,EC,OC
4802,106.5,76182,5904,EC,MBC
4803,106.5,76183,4996,CS,OC
4804,106.5,76184,2646,CS,OC
4805,106.5,76185,3810,EE,OC
4806,106.5,76188,2702,ME,BC
4807,106.5,76189,4994,EE,OC
4808,106.5,76192,2704,MZ,OC
4809,106.5,76193,2610,EE,OC
4810,106.5,76194,4964,CS,OC
4811,106.5,76198,1225,CS,SC
4812,106.5,76199,1120,ME,BC
4813,106.5,76202,3805,PH,BC
4814,106.5,76203,2634,BM,OC
4815,106.5,76205,3830,EE,MBC
4816,106.5,76206,2764,ME,BC
4817,106.5,76210,2727,BT,SC
4818,106.5,76212,2609,EE,OC
4819,106.5,76214,2752,EC,OC
4820,106.5,76215,2625,AG,OC
4821,106.5,76216,2640,AD,OC
4822,106.5,76217,2632,BM,MBC
4823,106.5,76221,2620,BM,SC
4824,106.5,76223,3807,ME,OC
4825,106.5,76226,2665,CS,OC
4826,106.5,76228,1110,EC,OC
4827,106.5,76229,5536,CS,OC
4828,106.5,76231,3464,CE,MBC
4829,106.5,76232,1101,CS,BCM
4830,106.5,76234,2607,EC,BC
4831,106.5,76236,4989,CS,OC
4832,106.5,76239,3825,EC,OC
4833,106.5,76240,2665,ME,OC
4834,106.5,76241,1324,ME,BC
4835,106.5,76243,2327,CE,OC
4836,106.5,76245,2602,CS,OC
4837,106.5,76246,3803,CS,SC
4838,106.5,76247,1303,EC,OC
4839,106.5,76249,2726,EC,BC
4840,106.5,76250,2707,CS,SCA
4841,106.5,76252,1452,EE,OC
4842,106.5,76253,2607,EE,MBC
4843,106.5,76254,2314,CS,OC
4844,106.5,76255,4999,ME,OC
4845,106.5,76256,3466,EC,OC
4846,106.5,76258,1013,EC,BC
4847,106.5,76259,4023,EE,BC
4848,106.5,76260,4992,EC,OC
4849,106.5,76261,2607,AD,MBC
4850,106.5,76262,2750,AG,SC
4851,106.5,76263,2621,CS,MBC
4852,106.5,76264,4955,IT,MBC
4853,106.5,76265,1311,EE,OC
4854,106.5,76266,2683,AG,OC
4855,106.5,76267,3908,CS,BC
4856,106.5,76268,2750,AG,MBC
4857,106.5,76270,4970,ME,OC
4858,106.5,76271,2767,EE,OC
4859,106.5,76273,2710,CE,BC
4860,106.5,76274,4960,ME,MBC
4861,106.5,76275,1523,CS,OC
4862,106.5,76276,3805,CS,MBC
4863,106.5,76277,2640,ME,OC
4864,106.5,76278,2707,CS,BC
4865,106.5,76279,2642,CS,BC
4866,106.5,76280,4917,CE,OC
4867,106.5,76281,3803,EC,BC
4868,106.5,76282,4949,MU,OC
4869,106.5,76285,4994,EC,OC
4870,106.5,76287,2638,IT,OC
4871,106.5,76290,4928,ME,OC
4872,106.5,76291,2739,EC,BCM
4873,106.5,76293,4966,ME,OC
4874,106.5,76297,2716,AE,OC
4875,106.5,76299,1118,ME,BC
4876,106.5,76303,2706,MZ,OC
4877,106.5,76305,5865,CS,BC
4878,106.5,76308,2620,EE,OC
4879,106.5,76309,2708,CE,MBC
4880,106.5,76310,2736,BM,SC
4881,106.5,76313,4960,CE,BC
4882,106.5,76314,3830,EC,BC
4883,106.5,76315,5914,EC,OC
4884,106.5,76319,3811,CS,OC
4885,106.5,76323,2651,CS,BC
4886,106.5,76324,5009,EC,SC
4887,106.5,76327,2648,CS,OC
4888,106.5,76328,3803,EC,BC
4889,106.5,76329,1110,IT,BC
4890,106.5,76330,1431,IT,OC
4891,106.5,76331,2610,ME,OC
4892,106.5,76332,2659,CS,OC
4893,106.5,76333,1207,IT,OC
4894,106.5,76334,5010,ME,SC
4895,106.5,76335,3803,EE,OC
4896,106.5,76339,3807,CS,BC
4897,106.5,76340,2716,ME,OC
4898,106.5,76341,2640,CS,OC
4899,106.5,76342,1442,CS,OC
4900,106.5,76345,5904,EC,MBC
4901,106.5,76346,2646,CS,OC
4902,106.5,76347,1413,CS,BCM
4903,106.5,76348,2719,EC,SCA
4904,106.5,76350,2726,MZ,BC
4905,106.5,76351,2743,EC,OC
4906,106.5,76352,2608,CB,MBC
4907,106.5,76354,3016,CS,MBC
4908,106.5,76355,4972,CS,BC
4909,106.5,76358,2329,CS,BCM
4910,106.5,76359,2610,BM,BC
4911,106.5,76360,2356,CS,OC
4912,106.5,76361,2608,EC,MBC
4913,106.5,76363,3847,BT,OC
4914,106.5,76365,2642,IT,OC
4915,106.5,76366,1202,CS,OC
4916,106.5,76367,4994,EC,OC
4917,106.5,76368,2727,FD,BC
4918,106.5,76371,2608,EE,MBC
4919,106.5,76374,1412,EC,OC
4920,106.5,76376,2715,EC,MBC
4921,106.5,76377,3803,EC,BC
4922,106.5,76378,3425,CS,BC
4923,106.5,76379,4960,ME,MBC
4924,106.5,76382,1303,CS,SC
4925,106.5,76383,2723,EC,MBC
4926,106.5,76385,5865,ME,OC
4927,106.5,76386,2725,EC,BC
4928,106.5,76387,3806,BM,MBC
4929,106.5,76389,3011,ME,MBC
4930,106.5,76390,2610,EC,BC
4931,106.5,76391,2750,ME,BC
4932,106.5,76393,2764,ME,BC
4933,106.5,76394,1126,RM,OC
4934,106.5,76395,2722,CE,BC
4935,106.5,76397,5921,ME,OC
4936,106.5,76399,2740,CS,MBC
4937,106.5,76401,2648,CS,OC
4938,106.5,76402,2609,CH,OC
4939,106.5,76403,1238,BM,SC
4940,106.5,76405,1516,ME,BC
4941,106.5,76406,2707,CS,MBC
4942,106.5,76410,4955,CE,OC
4943,106.5,76412,1013,EC,BC
4944,106.5,76414,2661,CS,BC
4945,106.5,76415,2716,BM,BC
4946,106.5,76420,3845,CS,OC
4947,106.5,76422,2656,EE,OC
4948,106.5,76423,2620,TS,OC
4949,106.5,76424,2624,CS,OC
4950,106.5,76425,5010,ME,BC
4951,106.5,76427,1210,CO,SC
4952,106.5,76428,2743,AD,MBC
4953,106.5,76429,4965,ME,OC
4954,106.5,76430,2735,ME,OC
4955,106.5,76432,4957,CS,OC
4956,106.5,76434,2338,EE,OC
4957,106.5,76435,4964,EE,OC
4958,106.5,76436,1509,CS,SC
4959,106.5,76437,4928,CE,OC
4960,106.5,76439,1225,IT,BC
4961,106.5,76440,2622,ME,MBC
4962,106.5,76441,5921,ME,OC
4963,106.5,76444,2707,CS,BC
4964,106.5,76447,2653,EC,MBC
4965,106.5,76450,2347,EE,OC
4966,106.5,76451,2613,ME,OC
4967,106.5,76453,1322,BM,OC
4968,106.5,76455,5008,IM,ST
4969,106.5,76457,5902,IT,OC
4970,106.5,76459,2369,EE,SC
4971,106.5,76460,1452,CE,OC
4972,106.5,76461,2611,CY,BC
4973,106.5,76462,1419,CB,SC
4974,106.5,76463,1118,AD,SC
4975,106.5,76464,2707,AD,BC
4976,106.5,76465,2750,ME,BC
4977,106.5,76466,2347,EC,OC
4978,106.5,76467,4678,ME,OC
4979,106.5,76468,5915,CE,OC
4980,106.5,76470,5530,EC,SC
4981,106.5,76472,5842,CS,OC
4982,106.5,76474,1401,CH,OC
4983,106.5,76476,2741,CS,BC
4984,106.5,76477,2618,FT,BC
4985,106.5,76479,3810,EC,MBC
4986,106.5,76483,1307,CS,BCM
4987,106.5,76487,2601,BT,MBC
4988,106.5,76488,2613,CS,BC
4989,106.5,76490,2613,ME,OC
4990,106.5,76492,4953,CS,OC
4991,106.5,76494,4969,CS,OC
4992,106.5,76495,2727,BT,BC
4993,106.5,76496,5842,IT,OC
4994,106.5,76497,1421,ME,OC
4995,106.5,76499,4864,CS,BC
4996,106.5,76501,1412,CS,SC
4997,106.5,76502,2751,CS,MBC
4998,106.5,76503,1238,BM,SC
4999,106.5,76504,1237,AD,SC
5000,106.5,76505,2314,ME,OC
5001,106.5,76507,4960,CE,BC
5002,106.5,76510,3805,CE,OC
5003,106.5,76512,1301,EE,OC
5004,106.5,76516,2727,FD,BCM
5005,106.5,76517,2345,CS,BC
5006,106.5,76519,2723,CE,OC
5007,106.5,76520,3811,CE,OC
5008,106.5,76521,1422,EI,OC
5009,106.5,76523,2718,CJ,SC
5010,106.5,76524,2369,CE,BC
5011,106.5,76525,3782,CS,OC
5012,106.5,76526,5532,CE,OC
5013,106.5,76530,4677,ME,OC
5014,106.5,76533,5865,EE,OC
5015,106.5,76534,2750,AG,BC
5016,106.5,76535,2750,BT,MBC
5017,106.5,76540,3815,TX,OC
5018,106.5,76541,1211,CE,BC
5019,106.5,76543,2620,EE,OC
5020,106.5,76544,1512,EE,OC
5021,106.5,76545,5,CS,BC
5022,106.5,76546,2618,IT,SC
5023,106.5,76547,1026,EC,SC
5024,106.5,76548,4955,CS,MBC
5025,106.5,76550,2707,AD,BC
5026,106.5,76552,4024,GI,OC
5027,106.5,76553,2749,AD,OC
5028,106.5,76554,4965,EC,BCM
5029,106.5,76556,5910,CB,MBC
5030,106.5,76557,3011,AU,OC
5031,106.5,76558,4954,EC,BC
5032,106.5,76559,3811,CS,OC
5033,106.5,76560,4944,CS,SC
5034,106.5,76561,2761,CS,OC
5035,106.5,76564,5022,EE,OC
5036,106.5,76565,1118,EC,MBC
5037,106.5,76568,3847,BT,OC
5038,106.5,76569,2715,BM,BC
5039,106.5,76570,3826,EE,BC
5040,106.5,76571,2608,EC,MBC
5041,106.5,76572,1324,CS,SC
5042,106.5,76573,1324,ME,BC
5043,106.5,76574,4975,CS,OC
5044,106.5,76575,4933,EC,OC
5045,106.5,76576,3805,BM,SC
5046,106.5,76578,1216,EC,BC
5047,106.5,76580,2664,EE,OC
5048,106.5,76581,3410,EE,OC
5049,106.5,76583,4917,AG,BC
5050,106.5,76584,3019,EE,OC
5051,106.5,76585,3852,EC,OC
5052,106.5,76589,1110,IT,BC
5053,106.5,76591,3810,IT,BC
5054,106.5,76593,2640,AD,OC
5055,106.5,76595,2741,CS,MBC
5056,106.5,76596,2710,ME,BC
5057,106.5,76597,3021,EC,OC
5058,106.5,76602,4677,CS,OC
5059,106.5,76603,1233,EC,MBC
5060,106.5,76604,1316,MZ,OC
5061,106.5,76605,2612,CS,OC
5062,106.5,76606,1516,CE,MBC
5063,106.5,76607,2702,EI,BCM
5064,106.5,76609,4953,EE,OC
5065,106.5,76611,2609,EE,OC
5066,106.5,76614,5910,ME,BC
5067,106.5,76618,2718,ME,SC
5068,106.5,76619,2601,EC,OC
5069,106.5,76620,2723,EE,BC
5070,106.5,76624,2706,ME,BC
5071,106.5,76625,1211,CE,BC
5072,106.5,76627,4955,CE,OC
5073,106.5,76629,2610,BT,OC
5074,106.5,76630,3803,CS,SC
5075,106.5,76631,2734,SB,BC
5076,106.5,76632,2735,EC,MBC
5077,106.5,76634,5865,EC,BC
5078,106.5,76636,2609,CS,MBC
5079,106.5,76637,2708,EC,BC
5080,106.5,76638,2750,EC,MBC
5081,106.5,76639,3019,EE,OC
5082,106.5,76641,5930,EE,OC
5083,106.5,76642,3801,IT,MBC
5084,106.5,76643,2646,EE,OC
5085,106.5,76647,1313,BM,OC
5086,106.5,76648,1233,EC,MBC
5087,106.5,76649,1412,CS,BC
5088,106.5,76650,1420,CS,BC
5089,106.5,76651,2723,CS,MBC
5090,106.5,76652,1401,CS,BC
5091,106.5,76653,3805,EC,OC
5092,106.5,76654,1325,CS,SC
5093,106.5,76657,2683,AG,OC
5094,106.5,76660,4964,MU,OC
5095,106.5,76661,2727,EC,BC
5096,106.5,76662,5009,CE,SC
5097,106.5,76664,1317,EI,BC
5098,106.5,76665,3830,EE,MBC
5099,106.5,76666,2665,PD,OC
5100,106.5,76667,2617,EC,OC
5101,106.5,76669,2347,CS,OC
5102,106.5,76673,2661,CS,BC
5103,106.5,76674,1233,EC,MBC
5104,106.5,76675,2636,EC,OC
5105,106.5,76677,2661,EC,OC
5106,106.5,76678,4957,ME,OC
5107,106.5,76679,4928,CS,OC
5108,106.5,76680,2618,ME,OC
5109,106.5,76682,2715,EC,BC
5110,106.5,76684,2357,CS,BC
5111,106.5,76685,1218,ME,OC
5112,106.5,76686,1505,IT,OC
5113,106.5,76689,4996,CS,OC
5114,106.5,76690,2607,AD,BC
5115,106.5,76691,2708,ME,OC
5116,106.5,76695,2710,EC,MBC
5117,106.5,76700,2624,PH,OC
5118,106.5,76701,2702,FT,SCA
5119,106.5,76702,5022,CS,MBC
5120,106.5,76703,1419,ME,SC
5121,106.5,76704,2735,EC,SC
5122,106.5,76705,2710,ME,BCM
5123,106.5,76706,4964,AE,OC
5124,106.5,76707,3843,CS,MBC
5125,106.5,76711,2607,AD,BCM
5126,106.5,76712,2632,EC,OC
5127,106.5,76714,3465,CE,MBC
5128,106.5,76715,1225,IT,BC
5129,106.5,76716,2653,EC,MBC
5130,106.5,76718,2710,ME,MBC
5131,106.5,76720,5907,CE,OC
5132,106.5,76724,1122,EC,BC
5133,106.5,76725,2611,BM,MBC
5134,106.5,76726,2750,ME,BC
5135,106.5,76727,1128,ME,BC
5136,106.5,76728,2611,AE,OC
5137,106.5,76729,1137,EE,OC
5138,106.5,76730,1116,EC,OC
5139,106.5,76731,3805,CS,BC
5140,106.5,76732,2627,CS,SCA
5141,106.5,76734,5902,CS,OC
5142,106.5,76736,2758,EE,OC
5143,106.5,76738,4917,EC,BC
5144,106.5,76739,2707,IT,BC
5145,106.5,76740,2659,EC,OC
5146,106.5,76741,3701,AD,OC
5147,106.5,76742,2729,CS,BC
5148,106.5,76743,2634,AD,OC
5149,106.5,76744,1317,ME,MBC
5150,106.5,76746,4941,CS,OC
5151,106.5,76747,1317,EE,SC
5152,106.5,76748,1324,CE,OC
5153,106.5,76749,4965,EC,BC
5154,106.5,76750,3018,CS,OC
5155,106.5,76751,1315,EE,SCA
5156,106.5,76752,2707,CH,OC
5157,106.5,76753,3825,ME,OC
5158,106.5,76754,4959,EC,BC
5159,106.2,76757,1216,AG,BCM
5160,106.0,76758,1118,RM,SC
5161,106.0,76759,2328,EC,MBC
5162,106.0,76760,2741,CE,OC
5163,106.0,76761,4966,ME,OC
5164,106.0,76762,4676,CS,MBC
5165,106.0,76763,3815,TX,OC
5166,106.0,76764,1520,CS,SC
5167,106.0,76766,2721,CS,BC
5168,106.0,76767,2356,CS,OC
5169,106.0,76768,2625,IT,OC
5170,106.0,76769,2627,CS,SC
5171,106.0,76770,2607,EE,BC
5172,106.0,76773,2707,AD,SC
5173,106.0,76775,2613,CS,BC
5174,106.0,76779,2711,MZ,MBC
5175,106.0,76780,5904,EE,OC
5176,106.0,76783,2611,BM,BC
5177,106.0,76785,2625,CS,OC
5178,106.0,76787,1431,IT,OC
5179,106.0,76788,3820,CS,OC
5180,106.0,76789,4960,CE,BC
5181,106.0,76790,3841,AD,OC
5182,106.0,76791,2611,IT,BC
5183,106.0,76792,2651,EC,OC
5184,106.0,76793,4949,MZ,OC
5185,106.0,76795,3843,EE,OC
5186,106.0,76797,2622,CE,MBC
5187,106.0,76798,2731,ME,OC
5188,106.0,76799,2601,EC,OC
5189,106.0,76800,1310,EC,OC
5190,106.0,76802,2610,AD,MBC
5191,106.0,76803,5,EC,MBC
5192,106.0,76804,2708,EI,OC
5193,106.0,76805,4672,EC,OC
5194,106.0,76806,3807,ME,OC
5195,106.0,76808,2710,CE,MBC
5196,106.0,76810,2707,RM,OC
5197,106.0,76811,2749,IT,OC
5198,106.0,76813,3464,CE,MBC
5199,106.0,76815,2716,CS,BC
5200,106.0,76818,2707,AD,BC
5201,106.0,76821,2610,CY,MBC
5202,106.0,76823,1306,EC,MBC
5203,106.0,76825,1243,IT,OC
5204,106.0,76827,3905,CS,SC
5205,106.0,76829,1026,ME,BC
5206,106.0,76830,2750,EC,MBC
5207,106.0,76831,2609,CY,MBC
5208,106.0,76832,2734,EE,OC
5209,106.0,76833,3021,EE,OC
5210,106.0,76834,1122,EC,MBC
5211,106.0,76835,1504,EC,BC
5212,106.0,76836,1238,BM,BC
5213,106.0,76837,1015,EE,OC
5214,106.0,76838,5915,CS,OC
5215,106.0,76839,2762,CS,OC
5216,106.0,76840,2716,BM,SC
5217,106.0,76842,2623,IT,OC
5218,106.0,76847,2601,ME,OC
5219,106.0,76850,1424,AD,SC
5220,106.0,76851,2741,CS,BC
5221,106.0,76852,1424,AD,BC
5222,106.0,76853,2630,CS,OC
5223,106.0,76854,2740,IT,BC
5224,106.0,76856,4675,CS,OC
5225,106.0,76858,4023,EE,BC
5226,106.0,76862,2708,MZ,OC
5227,106.0,76865,2776,AG,SC
5228,106.0,76866,4672,EC,OC
5229,106.0,76870,2611,IT,BC
5230,106.0,76871,2750,BM,SC
5231,106.0,76872,2607,IT,MBC
5232,106.0,76873,2723,ME,BC
5233,106.0,76874,2611,AG,SC
5234,106.0,76878,5935,CS,OC
5235,106.0,76879,1520,EC,MBC
5236,106.0,76880,2610,CS,MBC
5237,106.0,76881,3801,EC,BC
5238,106.0,76885,3454,ME,OC
5239,106.0,76886,4023,ME,MBC
5240,106.0,76887,2702,AU,BC
5241,106.0,76888,5,EE,OC
5242,106.0,76889,1523,ME,OC
5243,106.0,76890,2620,TS,BC
5244,106.0,76891,5,ME,OC
5245,106.0,76892,4917,ME,OC
5246,106.0,76895,4944,CS,BC
5247,106.0,76897,2650,ME,OC
5248,106.0,76898,5865,CS,MBC
5249,106.0,76899,1237,EE,OC
5250,106.0,76900,1324,ME,BC
5251,106.0,76901,2625,AG,OC
5252,106.0,76902,2627,CS,BC
5253,106.0,76904,1408,CS,MBC
5254,106.0,76905,2624,BT,OC
5255,106.0,76906,3805,CS,BC
5256,106.0,76907,2776,CS,OC
5257,106.0,76909,1213,CS,OC
5258,106.0,76910,3804,AG,OC
5259,106.0,76912,3425,CS,SC
5260,106.0,76913,1309,ME,MBC
5261,106.0,76916,3795,EE,OC
5262,106.0,76917,5,EC,MBC
5263,106.0,76918,2615,CE,SCA
5264,106.0,76919,2601,EC,MBC
5265,106.0,76920,3454,CS,OC
5266,106.0,76921,1405,CS,OC
5267,106.0,76922,4670,CE,OC
5268,106.0,76923,3819,ME,OC
5269,106.0,76924,2329,IT,BC
5270,106.0,76925,3803,IT,BC
5271,106.0,76926,2613,CS,BC
5272,106.0,76927,1014,IT,BC
5273,106.0,76929,1325,CS,SC
5274,106.0,76930,2652,CS,OC
5275,106.0,76932,4998,CS,BC
5276,106.0,76933,5901,CS,SCA
5277,106.0,76936,2708,MZ,OC
5278,106.0,76937,2601,EC,BC
5279,106.0,76939,1115,EC,OC
5280,106.0,76940,2734,SB,BC
5281,106.0,76942,2702,AD,SC
5282,106.0,76943,3782,CS,OC
5283,106.0,76944,1207,EC,OC
5284,106.0,76945,5915,CS,OC
5285,106.0,76948,1516,ME,SC
5286,106.0,76950,1225,IT,BCM
5287,106.0,76951,5530,EC,BC
5288,106.0,76952,2638,EC,OC
5289,106.0,76953,1452,EC,OC
5290,106.0,76954,2623,IT,OC
5291,106.0,76957,2627,ME,OC
5292,106.0,76959,4978,BT,OC
5293,106.0,76960,2610,ME,OC
5294,106.0,76961,4955,ME,OC
5295,106.0,76962,1140,IT,MBC
5296,106.0,76964,2652,EE,OC
5297,106.0,76965,2634,AE,OC
5298,106.0,76966,3019,CS,BC
5299,106.0,76967,4993,IT,OC
5300,106.0,76971,3918,CS,OC
5301,106.0,76973,2729,MZ,OC
5302,106.0,76974,4670,EC,BC
5303,106.0,76975,2601,EC,MBC
5304,106.0,76977,4669,EE,OC
5305,106.0,76981,2622,BM,SC
5306,106.0,76982,1420,EC,OC
5307,106.0,76983,3803,EE,OC
5308,106.0,76986,3805,FD,BC
5309,106.0,76987,1118,ME,MBC
5310,106.0,76988,1210,CE,MBC
5311,106.0,76990,1128,EC,SC
5312,106.0,76991,2723,MD,BC
5313,106.0,76993,3464,CE,MBC
5314,106.0,76994,2349,BM,MBC
5315,106.0,76997,2347,ME,OC
5316,106.0,76999,2726,AG,MBC
5317,106.0,77001,2707,ME,OC
5318,106.0,77002,2764,CE,BC
5319,106.0,77003,2613,CS,MBC
5320,106.0,77004,2763,EC,OC
5321,106.0,77005,2707,BM,MBC
5322,106.0,77006,5919,BT,OC
5323,106.0,77011,1120,EI,BC
5324,106.0,77012,2625,AG,OC
5325,106.0,77015,1501,EC,OC
5326,106.0,77016,5009,EE,BC
5327,106.0,77017,3016,CS,MBC
5328,106.0,77018,3905,CS,BCM
5329,106.0,77019,3803,EC,BC
5330,106.0,77021,1304,EE,SC
5331,106.0,77024,3459,BM,BC
5332,106.0,77028,5921,EC,OC
5333,106.0,77030,4672,CS,BC
5334,106.0,77032,2710,ME,SC
5335,106.0,77033,3848,CS,OC
5336,106.0,77034,2622,CH,BC
5337,106.0,77035,2354,CS,OC
5338,106.0,77036,5865,CS,BC
5339,106.0,77038,2357,CE,OC
5340,106.0,77040,1210,ME,OC
5341,106.0,77042,5530,CS,MBC
5342,106.0,77043,2715,CS,MBC
5343,106.0,77045,2747,CS,OC
5344,106.0,77046,2636,EE,OC
5345,106.0,77047,1452,CS,BC
5346,106.0,77048,2709,CE,OC
5347,106.0,77049,1412,CS,SC
5348,106.0,77050,5902,EC,OC
5349,106.0,77054,2664,PC,OC
5350,106.0,77055,2716,CS,BC
5351,106.0,77056,2634,ME,OC
5352,106.0,77057,2715,EC,BC
5353,106.0,77058,2710,ME,MBC
5354,106.0,77059,3805,CS,MBC
5355,106.0,77061,2636,ME,OC
5356,106.0,77062,1233,EC,BC
5357,106.0,77063,1521,CS,OC
5358,106.0,77064,5910,CE,OC
5359,106.0,77065,3826,EE,MBC
5360,106.0,77066,2639,EE,OC
5361,106.0,77071,2702,AE,MBC
5362,106.0,77072,2601,CE,OC
5363,106.0,77077,3817,CE,OC
5364,106.0,77078,1207,ME,OC
5365,106.0,77079,2609,ME,OC
5366,106.0,77080,2657,RM,OC
5367,106.0,77083,5530,CS,MBC
5368,106.0,77085,2611,CS,SC
5369,106.0,77086,1210,EE,MBC
5370,106.0,77089,1504,CS,BC
5371,106.0,77091,5009,EE,BC
5372,106.0,77092,2739,EE,MBC
5373,106.0,77093,2611,CY,MBC
5374,106.0,77095,4020,GI,BC
5375,106.0,77096,4944,EC,BC
5376,106.0,77097,2736,EC,BC
5377,106.0,77099,4944,EC,BC
5378,106.0,77100,2641,CS,OC
5379,106.0,77102,2710,EC,MBC
5380,106.0,77103,1140,CS,MBC
5381,106.0,77105,2729,AD,OC
5382,106.0,77106,2707,CS,BC
5383,106.0,77107,4959,BT,BC
5384,106.0,77108,2607,EC,BC
5385,106.0,77109,2639,IT,OC
5386,106.0,77112,1421,CS,BC
5387,106.0,77113,1237,AD,BC
5388,106.0,77114,2621,MZ,OC
5389,106.0,77117,5910,ME,BC
5390,106.0,77118,4954,IT,BC
5391,106.0,77119,4959,EC,BCM
5392,106.0,77122,2729,AE,BC
5393,106.0,77124,4962,EE,MBC
5394,106.0,77125,4953,ME,OC
5395,106.0,77126,2611,AG,SC
5396,106.0,77128,1126,BM,BC
5397,106.0,77131,1140,IT,SC
5398,106.0,77136,2607,FD,BCM
5399,106.0,77137,2630,EC,OC
5400,106.0,77139,1210,EE,BC
5401,106.0,77143,2610,CE,OC
5402,106.0,77145,1422,EI,BCM
5403,106.0,77146,2613,CS,BC
5404,106.0,77147,2613,EE,SCA
5405,106.0,77148,1210,EC,SC
5406,106.0,77149,1412,CS,BC
5407,106.0,77150,5904,EE,OC
5408,106.0,77154,5,CS,BCM
5409,106.0,77156,5904,IT,MBC
5410,106.0,77157,2610,EC,MBC
5411,106.0,77159,2329,ME,OC
5412,106.0,77160,3011,PH,SC
5413,106.0,77167,2736,EC,SCA
5414,106.0,77170,4944,CE,OC
5415,106.0,77171,4670,ME,OC
5416,106.0,77172,1401,IT,OC
5417,106.0,77175,2708,BM,MBC
5418,106.0,77177,1316,CS,BC
5419,106.0,77179,3458,AG,BC
5420,106.0,77182,3829,IT,BC
5421,106.0,77183,2715,CH,OC
5422,106.0,77186,2751,ME,OC
5423,106.0,77187,2723,BM,MBC
5424,106.0,77190,3811,CS,OC
5425,106.0,77192,5910,IT,SC
5426,106.0,77194,3465,CE,SCA
5427,106.0,77198,3826,BM,SC
5428,106.0,77200,3425,EC,MBC
5429,106.0,77202,2611,CY,SC
5430,106.0,77203,2710,EE,BC
5431,106.0,77204,2709,ME,SC
5432,106.0,77205,2636,ME,OC
5433,106.0,77206,4953,EC,MBC
5434,106.0,77207,4917,EE,OC
5435,106.0,77209,1414,EC,SC
5436,106.0,77210,2726,ME,OC
5437,106.0,77212,4965,EC,BC
5438,106.0,77213,1509,CS,BC
5439,106.0,77214,3019,CS,BC
5440,106.0,77215,1324,ME,BC
5441,106.0,77217,3805,BM,MBC
5442,106.0,77218,2624,EC,OC
5443,106.0,77219,2614,TX,OC
5444,106.0,77221,4917,EC,BC
5445,106.0,77225,3819,EE,BC
5446,106.0,77226,3465,EE,BCM
5447,106.0,77229,3011,CE,MBC
5448,106.0,77230,1325,CS,MBC
5449,106.0,77231,2627,BT,SC
5450,106.0,77232,2744,IT,BC
5451,106.0,77233,2708,EC,MBC
5452,106.0,77234,5910,CE,MBC
5453,106.0,77236,4944,CE,OC
5454,106.0,77237,2750,ME,BC
5455,106.0,77238,2734,TS,OC
5456,106.0,77241,4954,IT,BCM
5457,106.0,77242,4976,CS,OC
5458,106.0,77244,2620,IT,BC
5459,106.0,77246,1118,RM,BC
5460,106.0,77247,4965,CS,MBC
5461,106.0,77250,1112,CB,SC
5462,106.0,77255,3016,EE,OC
5463,106.0,77256,1507,IT,OC
5464,106.0,77257,1432,EC,BC
5465,106.0,77258,1225,EE,OC
5466,106.0,77260,1106,TX,OC
5467,106.0,77262,2726,FD,MBC
5468,106.0,77263,2752,IT,OC
5469,106.0,77264,2329,EC,OC
5470,106.0,77267,2722,ME,OC
5471,106.0,77268,2609,EE,OC
5472,106.0,77269,2627,BT,BC
5473,106.0,77270,2722,CS,SC
5474,106.0,77271,1509,CS,BC
5475,106.0,77272,2611,FD,OC
5476,106.0,77275,3011,ME,MBC
5477,106.0,77277,2345,EC,MBC
5478,106.0,77280,2750,EE,BC
5479,106.0,77281,1432,EC,BC
5480,106.0,77282,2620,EE,OC
5481,106.0,77283,5988,EE,OC
5482,106.0,77288,5,CS,BC
5483,106.0,77294,3844,BM,OC
5484,106.0,77295,1226,CS,OC
5485,106.0,77297,4972,EE,OC
5486,106.0,77299,3766,EC,OC
5487,106.0,77300,1504,EC,BC
5488,106.0,77301,4957,IT,OC
5489,106.0,77302,4984,EC,OC
5490,106.0,77304,2369,CE,MBC
5491,106.0,77308,4678,ME,OC
5492,106.0,77309,4989,CS,OC
5493,106.0,77310,1238,ME,OC
5494,106.0,77311,4970,CS,OC
5495,106.0,77317,1413,EE,OC
5496,106.0,77318,4680,ME,BC
5497,106.0,77319,1422,IT,SC
5498,105.5,77323,2641,EE,OC
5499,105.5,77324,2716,IT,MBC
5500,105.5,77325,5910,ME,BCM
5501,105.5,77326,2702,CS,SC
5502,105.5,77327,3825,EC,OC
5503,105.5,77328,2607,CE,OC
5504,105.5,77329,2753,CS,OC
5505,105.5,77330,3464,CE,MBC
5506,105.5,77331,4965,EE,OC
5507,105.5,77334,2642,CS,MBC
5508,105.5,77335,4959,EC,BC
5509,105.5,77336,3805,IT,BC
5510,105.5,77337,5919,CS,OC
5511,105.5,77338,2707,EE,OC
5512,105.5,77339,2726,EI,OC
5513,105.5,77340,1303,BT,MBC
5514,105.5,77341,2734,TS,OC
5515,105.5,77343,2614,CE,OC
5516,105.5,77344,2736,CS,SC
5517,105.5,77345,2360,CS,OC
5518,105.5,77346,2360,CS,OC
5519,105.5,77347,2711,ME,MBC
5520,105.5,77348,2659,EC,OC
5521,105.5,77350,4955,CS,SC
5522,105.5,77351,2614,TX,OC
5523,105.5,77352,2613,IT,BC
5524,105.5,77354,3803,IT,BC
5525,105.5,77356,2707,AD,BC
5526,105.5,77357,4675,EC,OC
5527,105.5,77359,1408,CS,BC
5528,105.5,77360,2611,CY,SCA
5529,105.5,77362,2609,IT,OC
5530,105.5,77363,5904,EI,OC
5531,105.5,77365,2614,TX,OC
5532,105.5,77366,2620,EC,BC
5533,105.5,77369,2632,CS,OC
5534,105.5,77370,1430,EE,OC
5535,105.5,77375,2650,CS,OC
5536,105.5,77377,3458,AG,SCA
5537,105.5,77378,5865,CS,BC
5538,105.5,77379,1509,CS,BC
5539,105.5,77380,1432,EC,BC
5540,105.5,77381,2752,ME,OC
5541,105.5,77382,2722,CE,MBC
5542,105.5,77385,1426,CS,OC
5543,105.5,77386,5914,CS,OC
5544,105.5,77388,1324,CS,SC
5545,105.5,77389,2636,EC,OC
5546,105.5,77390,1605,CS,OC
5547,105.5,77392,3458,AG,BC
5548,105.5,77393,2711,EC,SC
5549,105.5,77394,2618,MZ,MBC
5550,105.5,77395,1211,ME,SC
5551,105.5,77397,2651,CS,SCA
5552,105.5,77399,4944,CS,BC
5553,105.5,77400,2613,EC,OC
5554,105.5,77401,5919,BT,OC
5555,105.5,77402,2656,EE,OC
5556,105.5,77403,2708,CS,SCA
5557,105.5,77404,5,IT,MBC
5558,105.5,77406,4955,EE,OC
5559,105.5,77407,2727,IT,SC
5560,105.5,77409,3795,EC,OC
5561,105.5,77410,1310,EC,OC
5562,105.5,77411,2747,CS,SCA
5563,105.5,77413,2369,ME,SC
5564,105.5,77414,4995,CS,OC
5565,105.5,77415,2642,ME,OC
5566,105.5,77416,2627,BT,BC
5567,105.5,77417,1442,AD,SC
5568,105.5,77418,4969,CS,OC
5569,105.5,77419,1409,BT,BC
5570,105.5,77421,1430,ME,OC
5571,105.5,77423,1437,IT,OC
5572,105.5,77425,2716,CS,MBC
5573,105.5,77426,4969,EC,OC
5574,105.5,77427,1015,EE,OC
5575,105.5,77429,2727,EC,BC
5576,105.5,77430,2762,CS,OC
5577,105.5,77431,5,CS,MBC
5578,105.5,77432,2705,CE,OC
5579,105.5,77433,2609,ME,OC
5580,105.5,77435,3817,CS,SC
5581,105.5,77437,2606,CS,OC
5582,105.5,77439,4680,CS,MBC
5583,105.5,77440,5022,ME,OC
5584,105.5,77442,2739,AD,MBC
5585,105.5,77443,5,CS,MBC
5586,105.5,77444,4917,ME,OC
5587,105.5,77445,2727,BM,BC
5588,105.5,77446,3019,EC,OC
5589,105.5,77447,2634,IT,OC
5590,105.5,77449,5017,CS,OC
5591,105.5,77451,2744,IT,BC
5592,105.5,77452,2618,MZ,BC
5593,105.5,77453,2622,EE,SCA
5594,105.5,77455,1225,CS,MBC
5595,105.5,77456,1422,CE,OC
5596,105.5,77458,4672,EE,OC
5597,105.5,77460,4670,EC,MBC
5598,105.5,77461,1504,CS,MBC
5599,105.5,77462,3812,IT,OC
5600,105.5,77463,4917,ME,OC
5601,105.5,77464,2726,EC,BC
5602,105.5,77465,2708,CE,SC
5603,105.5,77466,1416,BM,OC
5604,105.5,77469,1452,EC,OC
5605,105.5,77470,2716,AG,OC
5606,105.5,77472,4993,IT,OC
5607,105.5,77473,2716,IT,BC
5608,105.5,77474,4965,EC,BC
5609,105.5,77475,3456,BM,OC
5610,105.5,77477,5022,CS,BC
5611,105.5,77479,5904,IT,MBC
5612,105.5,77480,3806,BM,BC
5613,105.5,77483,2608,ME,OC
5614,105.5,77484,4959,EC,BC
5615,105.5,77485,4965,ME,OC
5616,105.5,77487,3464,EE,SC
5617,105.5,77488,3466,ME,OC
5618,105.5,77489,1324,CE,BC
5619,105.5,77491,3801,IT,BC
5620,105.5,77492,4917,EE,OC
5621,105.5,77493,2719,IT,SC
5622,105.5,77495,2715,CE,OC
5623,105.5,77498,2607,EE,BC
5624,105.5,77499,2727,EC,BC
5625,105.5,77502,1128,EC,MBC
5626,105.5,77502,2608,EE,MBC
5627,105.5,77504,4994,EE,OC
5628,105.5,77505,1441,ME,OC
5629,105.5,77506,3829,EE,OC
5630,105.5,77507,1504,EE,BC
5631,105.5,77509,1509,CS,MBC
5632,105.5,77512,2661,CE,OC
5633,105.5,77513,2360,CS,OC
5634,105.5,77517,4917,BT,OC
5635,105.5,77518,1202,EC,OC
5636,105.5,77520,1441,ME,OC
5637,105.5,77524,1237,AD,MBC
5638,105.5,77525,2709,IT,SC
5639,105.5,77526,2740,ME,OC
5640,105.5,77527,3760,CS,OC
5641,105.5,77529,2661,CS,MBC
5642,105.5,77530,1422,EC,MBC
5643,105.5,77531,4928,EC,OC
5644,105.5,77533,1317,EI,BC
5645,105.5,77535,1216,CS,SC
5646,105.5,77536,1317,EI,BC
5647,105.5,77537,2606,EC,OC
5648,105.5,77538,2751,IT,MBC
5649,105.5,77539,2764,ME,MBC
5650,105.5,77542,2622,IT,BCM
5651,105.5,77543,2729,CB,OC
5652,105.5,77544,2613,ME,OC
5653,105.5,77545,2607,EE,MBC
5654,105.5,77546,2613,EE,BC
5655,105.5,77548,5910,EE,SC
5656,105.5,77549,3806,BM,MBC
5657,105.5,77550,3830,CS,SC
5658,105.5,77551,1015,ME,OC
5659,105.5,77553,1421,CS,SC
5660,105.5,77554,2750,EE,BC
5661,105.5,77556,1408,EC,OC
5662,105.5,77558,2711,ME,BC
5663,105.5,77564,5904,EI,OC
5664,105.5,77566,5022,CS,BC
5665,105.5,77568,3458,FD,OC
5666,105.5,77569,1419,EE,SC
5667,105.5,77570,4969,ME,OC
5668,105.5,77571,1013,ME,BC
5669,105.5,77572,2632,CS,OC
5670,105.5,77573,2715,ME,OC
5671,105.5,77575,2369,EE,SC
5672,105.5,77576,2642,CS,MBC
5673,105.5,77579,1114,CS,MBC
5674,105.5,77581,1605,EC,OC
5675,105.5,77582,4960,ME,SC
5676,105.5,77583,2610,AD,BC
5677,105.5,77584,3905,EE,OC
5678,105.5,77585,2329,AD,SC
5679,105.5,77586,4984,CS,OC
5680,105.5,77587,3805,PH,MBC
5681,105.5,77588,2623,ME,OC
5682,105.5,77589,2610,CS,BC
5683,105.5,77590,4917,CS,MBC
5684,105.5,77592,2735,ME,OC
5685,105.5,77593,2314,CS,SCA
5686,105.5,77594,1014,IT,SC
5687,105.5,77595,1421,EC,OC
5688,105.5,77598,2620,BT,BCM
5689,105.5,77599,2707,BM,MBC
5690,105.5,77601,1218,EC,OC
5691,105.5,77602,4975,CS,OC
5692,105.5,77604,3811,ME,OC
5693,105.5,77605,3806,CS,OC
5694,105.5,77606,2639,CS,OC
5695,105.5,77608,2640,AD,OC
5696,105.5,77611,2723,ME,BCM
5697,105.5,77613,1310,AD,MBC
5698,105.5,77617,2743,BM,OC
5699,105.5,77618,4959,EC,BC
5700,105.5,77620,2622,ME,BC
5701,105.5,77621,4917,EC,BC
5702,105.5,77624,3701,CS,MBC
5703,105.5,77625,2722,EC,SC
5704,105.5,77626,3819,EE,BC
5705,105.5,77627,2611,EE,OC
5706,105.5,77628,1013,EC,SC
5707,105.5,77629,5017,CS,OC
5708,105.5,77630,2610,CS,MBC
5709,105.5,77631,1450,ME,SC
5710,105.5,77634,3011,PC,SC
5711,105.5,77636,2710,ME,BC
5712,105.5,77637,2734,TS,OC
5713,105.5,77639,3807,CS,SCA
5714,105.5,77640,1311,AD,MBC
5715,105.5,77642,1110,EC,OC
5716,105.5,77644,1237,EC,OC
5717,105.5,77645,2609,CS,BC
5718,105.5,77646,5009,ME,MBC
5719,105.5,77648,2349,CS,OC
5720,105.5,77649,3819,EE,BC
5721,105.5,77650,2736,CE,OC
5722,105.5,77651,1523,EC,OC
5723,105.5,77653,2329,BM,BC
5724,105.5,77654,4981,EE,OC
5725,105.5,77655,2611,CY,MBC
5726,105.5,77657,2752,IT,OC
5727,105.5,77658,4669,CE,OC
5728,105.5,77659,1301,EC,BCM
5729,105.5,77661,1504,CS,BC
5730,105.5,77662,2702,AE,SC
5731,105.5,77663,1436,ME,OC
5732,105.5,77665,2642,IT,OC
5733,105.5,77666,2345,ME,OC
5734,105.5,77667,5008,EY,ST
5735,105.5,77670,1317,EI,MBC
5736,105.5,77671,2618,FT,BC
5737,105.5,77672,1509,IT,OC
5738,105.5,77675,2609,AE,OC
5739,105.5,77676,5865,EC,BC
5740,105.5,77678,1216,CH,SC
5741,105.5,77679,4024,ME,OC
5742,105.5,77680,1112,EC,SC
5743,105.5,77683,4972,CS,BC
5744,105.5,77684,2601,IT,MBC
5745,105.5,77685,3458,PE,OC
5746,105.5,77688,3410,CS,MBC
5747,105.5,77689,2713,EC,OC
5748,105.5,77691,2715,IT,MBC
5749,105.5,77692,4955,EE,OC
5750,105.5,77695,3908,CS,MBC
5751,105.5,77697,4944,CS,BC
5752,105.5,77700,4962,CE,OC
5753,105.5,77701,4946,CS,OC
5754,105.5,77702,3760,EC,OC
5755,105.5,77706,1110,CS,BCM
5756,105.5,77708,4670,ME,OC
5757,105.5,77709,2609,FD,MBC
5758,105.5,77710,2651,EC,OC
5759,105.5,77712,4023,ME,BC
5760,105.5,77714,2620,EC,BC
5761,105.5,77715,3021,CS,MBC
5762,105.5,77716,2661,IT,BC
5763,105.5,77718,3806,CE,OC
5764,105.5,77721,2715,EC,BC
5765,105.5,77722,4999,EC,OC
5766,105.5,77724,2641,CS,OC
5767,105.5,77725,1231,EC,MBC
5768,105.5,77728,1304,IT,SCA
5769,105.5,77730,4670,ME,OC
5770,105.5,77731,1414,CE,OC
5771,105.5,77732,4917,EE,OC
5772,105.5,77735,5530,EC,MBC
5773,105.5,77737,3805,CS,MBC
5774,105.5,77739,2716,BM,MBC
5775,105.5,77741,1422,CE,OC
5776,105.5,77742,2618,FT,BC
5777,105.5,77745,1202,ME,OC
5778,105.5,77746,2711,CE,BC
5779,105.5,77748,5915,CS,OC
5780,105.5,77750,2611,IT,BC
5781,105.5,77751,1431,CS,OC
5782,105.5,77754,5010,CE,MBC
5783,105.5,77755,3819,CE,OC
5784,105.5,77756,2609,IT,OC
5785,105.5,77757,2710,EC,MBC
5786,105.5,77758,5919,BT,OC
5787,105.5,77760,4970,ME,OC
5788,105.5,77763,1140,EC,SCA
5789,105.5,77765,2609,IT,OC
5790,105.5,77768,2007,EM,ST
5791,105.5,77769,2608,ME,OC
5792,105.5,77772,2611,CS,MBC
5793,105.5,77776,1120,CS,SC
5794,105.5,77777,1101,CS,MBC
5795,105.5,77778,1413,EC,OC
5796,105.5,77779,2715,EC,MBC
5797,105.5,77780,1412,EC,OC
5798,105.5,77782,1237,AD,MBC
5799,105.5,77784,5,CS,MBC
5800,105.5,77785,1307,CS,BC
5801,105.5,77788,1516,ME,MBC
5802,105.5,77789,2715,CE,OC
5803,105.5,77790,2610,BT,OC
5804,105.5,77792,2719,AE,BC
5805,105.5,77794,2734,TS,BC
5806,105.5,77795,2710,CS,SC
5807,105.5,77796,2617,EE,OC
5808,105.5,77797,3820,EC,OC
5809,105.5,77799,5022,EC,MBC
5810,105.5,77800,2710,EC,MBC
5811,105.5,77801,1409,BM,SC
5812,105.5,77802,2767,CS,OC
5813,105.5,77803,1123,EC,OC
5814,105.5,77804,2611,EE,OC
5815,105.5,77806,1422,ME,OC
5816,105.5,77807,3810,CS,OC
5817,105.5,77808,1106,AE,OC
5818,105.5,77809,2609,CS,BC
5819,105.5,77810,5914,CS,OC
5820,105.5,77811,2716,BM,MBC
5821,105.5,77812,3021,EE,OC
5822,105.5,77813,3831,ME,OC
5823,105.5,77815,2736,IT,MBC
5824,105.5,77818,2614,PC,OC
5825,105.5,77819,1420,IT,OC
5826,105.5,77820,4944,CS,BC
5827,105.5,77824,2329,IT,BC
5828,105.5,77825,2722,CE,BC
5829,105.5,77826,1301,IT,BC
5830,105.5,77828,1216,EC,MBC
5831,105.5,77831,1127,BT,BC
5832,105.5,77832,2609,CS,MBC
5833,105.5,77833,2651,EC,OC
5834,105.5,77834,2764,CS,SC
5835,105.5,77836,2776,CS,OC
5836,105.5,77840,2357,EE,OC
5837,105.5,77842,4670,ME,OC
5838,105.5,77844,3805,IT,MBC
5839,105.5,77845,2636,EE,OC
5840,105.5,77846,2707,BM,SCA
5841,105.5,77852,1401,IT,OC
5842,105.5,77853,2702,BT,SC
5843,105.5,77854,4917,ME,OC
5844,105.5,77855,1424,PE,OC
5845,105.5,77859,2763,CS,BC
5846,105.5,77860,2367,CS,OC
5847,105.5,77864,1114,EC,OC
5848,105.5,77865,1424,CS,OC
5849,105.5,77868,2608,EC,MBC
5850,105.5,77870,1202,CS,OC
5851,105.5,77871,1122,EC,BC
5852,105.5,77874,4944,CS,BC
5853,105.5,77875,2702,MC,BCM
5854,105.5,77877,4917,ME,OC
5855,105.5,77878,2726,AO,BC
5856,105.5,77880,5009,CE,BC
5857,105.5,77881,3011,EE,SC
5858,105.5,77882,2610,BM,SC
5859,105.5,77883,4962,EC,SC
5860,105.5,77884,2642,IT,OC
5861,105.5,77885,4959,EC,BC
5862,105.5,77886,1013,CS,BCM
5863,105.5,77889,2708,EE,BC
5864,105.5,77890,1213,BM,OC
5865,105.5,77893,1510,CS,MBC
5866,105.5,77896,2755,FD,OC
5867,105.5,77899,4023,EE,BC
5868,105.5,77901,4931,EC,OC
5869,105.5,77902,1412,IT,OC
5870,105.5,77904,3459,BM,BC
5871,105.5,77905,1441,EE,OC
5872,105.5,77907,1420,IT,OC
5873,105.3,77909,2711,CE,SCA
5874,105.0,77911,3805,CS,SC
5875,105.0,77912,2607,CS,BCM
5876,105.0,77915,2625,BM,OC
5877,105.0,77916,2610,CS,MBC
5878,105.0,77917,3811,CS,OC
5879,105.0,77921,3848,EE,OC
5880,105.0,77922,1432,EC,BC
5881,105.0,77924,2764,EC,MBC
5882,105.0,77925,4917,CE,OC
5883,105.0,77926,5915,CS,OC
5884,105.0,77929,2354,CS,OC
5885,105.0,77930,5703,EC,OC
5886,105.0,77931,2625,CS,OC
5887,105.0,77932,2328,IT,BC
5888,105.0,77934,2341,BM,OC
5889,105.0,77935,2607,CE,OC
5890,105.0,77937,2613,CE,OC
5891,105.0,77939,4023,ME,BC
5892,105.0,77941,3805,CS,BCM
5893,105.0,77942,1421,EC,OC
5894,105.0,77946,2733,ME,OC
5895,105.0,77947,2636,EC,OC
5896,105.0,77949,3826,ME,OC
5897,105.0,77950,3459,CS,OC
5898,105.0,77951,5832,EC,OC
5899,105.0,77952,1316,AO,BC
5900,105.0,77953,2749,AG,OC
5901,105.0,77956,1413,AD,OC
5902,105.0,77957,2707,ME,OC
5903,105.0,77958,2651,EC,OC
5904,105.0,77959,3806,CS,OC
5905,105.0,77961,2622,IT,BCM
5906,105.0,77962,1026,ME,MBC
5907,105.0,77964,4965,CS,MBC
5908,105.0,77965,2758,IT,OC
5909,105.0,77966,1408,EC,OC
5910,105.0,77969,2704,IT,SCA
5911,105.0,77971,1207,EC,OC
5912,105.0,77972,3826,CS,SC
5913,105.0,77973,2736,EE,OC
5914,105.0,77974,3801,IT,MBC
5915,105.0,77975,2622,IT,MBC
5916,105.0,77976,2729,AD,SC
5917,105.0,77977,4959,MZ,OC
5918,105.0,77978,2752,ME,OC
5919,105.0,77979,1444,CS,OC
5920,105.0,77980,2611,CY,BC
5921,105.0,77981,5930,ME,OC
5922,105.0,77983,1219,CH,SC
5923,105.0,77984,2651,CS,BC
5924,105.0,77985,2710,ME,BC
5925,105.0,77986,5009,EC,SC
5926,105.0,77988,5532,EE,OC
5927,105.0,77989,5009,CE,MBC
5928,105.0,77990,2646,CE,OC
5929,105.0,77991,5919,CS,OC
5930,105.0,77992,1422,MD,MBC
5931,105.0,77993,3019,EC,OC
5932,105.0,77994,2735,EC,SC
5933,105.0,77996,2732,EE,OC
5934,105.0,77998,1216,ME,OC
5935,105.0,77999,3806,IT,SC
5936,105.0,78000,3806,IT,MBC
5937,105.0,78001,3786,CS,OC
5938,105.0,78002,4672,CS,BC
5939,105.0,78003,2653,EC,BC
5940,105.0,78005,1510,EE,OC
5941,105.0,78007,4917,ME,OC
5942,105.0,78008,5530,EC,BC
5943,105.0,78011,4953,ME,OC
5944,105.0,78012,2630,CS,OC
5945,105.0,78013,3016,CS,BC
5946,105.0,78015,1014,CS,SC
5947,105.0,78018,1525,CS,OC
5948,105.0,78019,1319,AD,OC
5949,105.0,78020,2741,CS,BC
5950,105.0,78021,2750,EE,BC
5951,105.0,78022,3826,EC,SCA
5952,105.0,78023,2632,BM,MBC
5953,105.0,78024,3465,CE,BC
5954,105.0,78029,4944,CE,OC
5955,105.0,78030,1316,CE,OC
5956,105.0,78031,3458,FD,OC
5957,105.0,78035,1322,AG,OC
5958,105.0,78036,2740,EC,OC
5959,105.0,78037,2367,EC,OC
5960,105.0,78038,1118,ME,BC
5961,105.0,78039,2329,IT,BC
5962,105.0,78043,2620,TS,SCA
5963,105.0,78045,2624,CS,OC
5964,105.0,78046,2614,TC,OC
5965,105.0,78047,1321,PA,ST
5966,105.0,78048,2646,EE,OC
5967,105.0,78049,1407,BM,SC
5968,105.0,78053,5865,CS,BC
5969,105.0,78054,2708,IT,MBC
5970,105.0,78056,2708,MZ,OC
5971,105.0,78057,1301,ME,OC
5972,105.0,78059,2723,MD,MBC
5973,105.0,78060,3021,CS,BC
5974,105.0,78061,5904,EC,BCM
5975,105.0,78062,3905,EE,OC
5976,105.0,78064,2609,AG,SC
5977,105.0,78065,2767,ME,OC
5978,105.0,78066,1307,IT,BC
5979,105.0,78067,1419,ME,MBC
5980,105.0,78068,1225,CS,MBC
5981,105.0,78069,3701,CE,OC
5982,105.0,78076,1112,EC,SC
5983,105.0,78077,2726,IT,MBC
5984,105.0,78079,2610,EC,SCA
5985,105.0,78080,3456,BM,OC
5986,105.0,78081,3826,ME,OC
5987,105.0,78083,2314,ME,OC
5988,105.0,78085,1426,CS,OC
5989,105.0,78086,2609,FD,BC
5990,105.0,78088,4864,CE,OC
5991,105.0,78089,4978,BM,OC
5992,105.0,78092,2707,EI,OC
5993,105.0,78093,2723,CE,MBC
5994,105.0,78098,2627,CS,SC
5995,105.0,78099,5910,CE,MBC
5996,105.0,78100,2611,EE,OC
5997,105.0,78101,1317,EE,BC
5998,105.0,78102,3803,CS,SC
5999,105.0,78103,2357,IT,BC
6000,105.0,78105,2620,CS,MBC
6001,105.0,78107,2661,IT,SC
6002,105.0,78108,4960,CE,BC
6003,105.0,78109,1120,EE,SC
6004,105.0,78110,2611,BM,MBC
6005,105.0,78115,4917,IT,MBC
6006,105.0,78118,2628,AU,OC
6007,105.0,78119,2642,CS,BC
6008,105.0,78122,2744,IT,MBC
6009,105.0,78127,1216,MD,OC
6010,105.0,78128,2648,CS,OC
6011,105.0,78129,2652,CE,OC
6012,105.0,78130,2329,IT,BC
6013,105.0,78131,1605,CS,OC
6014,105.0,78132,2342,CS,BC
6015,105.0,78134,2620,TS,BC
6016,105.0,78135,3701,EE,OC
6017,105.0,78137,2734,EC,OC
6018,105.0,78138,2726,EC,BC
6019,105.0,78139,3826,EC,BCM
6020,105.0,78140,2740,EC,OC
6021,105.0,78141,2755,AG,SC
6022,105.0,78142,1303,CS,MBC
6023,105.0,78143,2713,IT,OC
6024,105.0,78145,2621,EC,OC
6025,105.0,78147,3808,IT,OC
6026,105.0,78148,2630,EC,OC
6027,105.0,78149,2610,CS,BC
6028,105.0,78150,4993,IT,OC
6029,105.0,78152,2630,EE,OC
6030,105.0,78157,2726,IT,MBC
6031,105.0,78159,4944,EC,BC
6032,105.0,78160,3908,CS,BC
6033,105.0,78162,1316,CS,SC
6034,105.0,78163,5990,EC,OC
6035,105.0,78164,2713,IT,OC
6036,105.0,78165,5,IT,BC
6037,105.0,78166,4954,CS,BCM
6038,105.0,78169,4670,EC,BC
6039,105.0,78170,2723,EC,SC
6040,105.0,78171,2653,EC,BC
6041,105.0,78172,2622,IT,SC
6042,105.0,78173,5919,BT,OC
6043,105.0,78176,2651,EC,OC
6044,105.0,78177,2634,AG,OC
6045,105.0,78179,4680,EE,OC
6046,105.0,78180,4957,IT,OC
6047,105.0,78181,3905,CE,OC
6048,105.0,78182,4993,EE,OC
6049,105.0,78183,1118,RM,BC
6050,105.0,78184,2617,EC,OC
6051,105.0,78185,1122,AD,SC
6052,105.0,78186,3459,CS,OC
6053,105.0,78188,3812,CS,OC
6054,105.0,78189,3826,ME,OC
6055,105.0,78194,4864,EC,BC
6056,105.0,78197,2357,CS,BC
6057,105.0,78199,3011,CE,MBC
6058,105.0,78200,2641,EE,OC
6059,105.0,78202,3804,CS,OC
6060,105.0,78204,3461,CS,OC
6061,105.0,78205,2715,ME,OC
6062,105.0,78206,3807,CS,BC
6063,105.0,78207,2633,ME,OC
6064,105.0,78209,2345,CS,MBC
6065,105.0,78210,3795,EC,OC
6066,105.0,78211,1504,IT,BC
6067,105.0,78213,2740,IT,MBC
6068,105.0,78214,2651,FT,OC
6069,105.0,78215,4994,EC,OC
6070,105.0,78216,2722,IC,MBC
6071,105.0,78219,1122,EC,BC
6072,105.0,78221,2702,AU,BC
6073,105.0,78222,1120,EC,SC
6074,105.0,78224,1519,CS,OC
6075,105.0,78225,4931,EE,OC
6076,105.0,78227,1110,CS,MBC
6077,105.0,78229,2722,CS,SC
6078,105.0,78230,5536,EC,OC
6079,105.0,78233,3795,EC,OC
6080,105.0,78234,1409,ME,OC
6081,105.0,78235,1303,IT,MBC
6082,105.0,78236,3817,ME,OC
6083,105.0,78237,3786,EC,OC
6084,105.0,78239,5022,EC,BC
6085,105.0,78240,1520,IT,OC
6086,105.0,78241,3458,FD,SC
6087,105.0,78243,3825,EE,OC
6088,105.0,78244,4971,EE,BC
6089,105.0,78245,2369,ME,MBC
6090,105.0,78246,4917,EE,OC
6091,105.0,78247,2767,ME,OC
6092,105.0,78249,5865,ME,OC
6093,105.0,78250,3829,IT,SC
6094,105.0,78251,2347,EC,OC
6095,105.0,78253,2621,MZ,OC
6096,105.0,78255,4680,CE,MBC
6097,105.0,78256,1120,AU,OC
6098,105.0,78260,2710,EE,BC
6099,105.0,78263,3019,CS,MBC
6100,105.0,78264,3811,CS,OC
6101,105.0,78266,4946,ME,OC
6102,105.0,78267,3854,EE,OC
6103,105.0,78269,3918,CS,OC
6104,105.0,78273,1412,CS,BC
6105,105.0,78275,1026,EE,MBC
6106,105.0,78276,2314,CS,SC
6107,105.0,78277,5536,CS,OC
6108,105.0,78278,2607,AD,MBC
6109,105.0,78279,2739,ME,BC
6110,105.0,78280,2715,BM,BC
6111,105.0,78281,2707,EE,OC
6112,105.0,78282,5008,CN,ST
6113,105.0,78283,1504,CH,OC
6114,105.0,78284,2633,EE,OC
6115,105.0,78285,4981,EE,OC
6116,105.0,78286,1128,EC,BCM
6117,105.0,78288,2736,EC,MBC
6118,105.0,78292,4669,CS,OC
6119,105.0,78293,1316,MU,OC
6120,105.0,78296,2761,CS,OC
6121,105.0,78297,3806,CS,BC
6122,105.0,78298,2733,CS,OC
6123,105.0,78300,4917,EE,OC
6124,105.0,78302,4965,EC,BC
6125,105.0,78304,3826,EE,BC
6126,105.0,78306,4960,EC,SC
6127,105.0,78307,2661,CE,OC
6128,105.0,78308,1421,CS,MBC
6129,105.0,78312,2345,CS,MBC
6130,105.0,78313,2721,CS,BC
6131,105.0,78314,4953,EC,BC
6132,105.0,78316,1207,CS,BC
6133,105.0,78317,1126,AD,OC
6134,105.0,78318,1316,IT,BC
6135,105.0,78320,2762,AD,BC
6136,105.0,78322,5009,ME,MBC
6137,105.0,78323,2656,CE,OC
6138,105.0,78324,2639,IT,OC
6139,105.0,78325,2628,AD,OC
6140,105.0,78328,1210,ME,OC
6141,105.0,78329,1122,EC,BC
6142,105.0,78330,4670,EC,BC
6143,105.0,78331,2723,EC,MBC
6144,105.0,78333,5008,EY,SCA
6145,105.0,78334,4024,CE,OC
6146,105.0,78335,5530,EC,BC
6147,105.0,78336,5022,EC,BC
6148,105.0,78337,4676,EC,OC
6149,105.0,78339,1510,EC,OC
6150,105.0,78340,3018,CS,OC
6151,105.0,78342,4993,CS,OC
6152,105.0,78344,3830,EC,BC
6153,105.0,78345,2736,EC,BC
6154,105.0,78347,4989,CS,OC
6155,105.0,78348,1116,CS,OC
6156,105.0,78349,2608,CE,OC
6157,105.0,78350,3833,CS,MBC
6158,105.0,78352,1207,CS,BC
6159,105.0,78353,3804,BM,OC
6160,105.0,78354,2369,EE,SC
6161,105.0,78357,2740,CS,MBC
6162,105.0,78358,1324,CS,SC
6163,105.0,78360,5902,EC,OC
6164,105.0,78361,1225,IT,BC
6165,105.0,78362,4917,ME,OC
6166,105.0,78364,2749,AD,OC
6167,105.0,78366,1412,IT,OC
6168,105.0,78368,2607,AD,BC
6169,105.0,78369,3018,CS,OC
6170,105.0,78370,2610,IT,BC
6171,105.0,78371,2709,CE,OC
6172,105.0,78373,1106,CS,OC
6173,105.0,78374,2752,IT,OC
6174,105.0,78376,2652,EC,OC
6175,105.0,78377,4960,CE,BC
6176,105.0,78378,3830,EE,SC
6177,105.0,78381,3905,EC,OC
6178,105.0,78382,3458,BT,BC
6179,105.0,78386,2622,EC,SC
6180,105.0,78388,3801,ME,OC
6181,105.0,78389,4917,EC,BC
6182,105.0,78390,1452,CS,SC
6183,105.0,78392,2707,BM,BC
6184,105.0,78396,1505,ME,OC
6185,105.0,78398,1202,IT,OC
6186,105.0,78399,1015,CS,SC
6187,105.0,78400,2723,EC,MBC
6188,105.0,78402,2722,ME,OC
6189,105.0,78403,5986,CE,MBC
6190,105.0,78405,1026,EE,MBC
6191,105.0,78407,2707,CS,BC
6192,105.0,78408,1216,EC,BC
6193,105.0,78410,4962,EC,SC
6194,105.0,78411,4676,EE,OC
6195,105.0,78413,1226,CE,OC
6196,105.0,78414,1307,CS,MBC
6197,105.0,78415,4928,CE,OC
6198,105.0,78423,1399,ME,SC
6199,105.0,78424,4680,CE,BC
6200,105.0,78425,1322,AE,OC
6201,105.0,78427,1118,EE,SC
6202,105.0,78431,4672,CS,BC
6203,105.0,78432,4927,CS,OC
6204,105.0,78433,4948,CS,OC
6205,105.0,78434,2726,EC,BC
6206,105.0,78435,3803,EC,BC
6207,105.0,78437,2707,EC,OC
6208,105.0,78438,5,CH,BC
6209,105.0,78440,2007,EC,ST
6210,105.0,78442,2314,AG,MBC
6211,105.0,78443,2722,ME,OC
6212,105.0,78444,2632,BM,BC
6213,105.0,78445,1412,IT,OC
6214,105.0,78446,2601,IT,MBC
6215,105.0,78447,1216,EC,MBC
6216,105.0,78450,3786,EE,OC
6217,105.0,78451,4686,EC,OC
6218,105.0,78452,1238,EE,OC
6219,105.0,78455,5,ME,OC
6220,105.0,78456,2621,IT,OC
6221,105.0,78457,3805,FD,MBC
6222,105.0,78460,3011,AU,OC
6223,105.0,78462,2762,EC,OC
6224,105.0,78463,4917,ME,OC
6225,105.0,78465,1316,AO,BC
6226,105.0,78466,1405,CS,OC
6227,105.0,78468,3806,CS,BC
6228,105.0,78469,4964,AE,OC
6229,105.0,78470,1207,IT,OC
6230,105.0,78471,4678,EE,OC
6231,105.0,78472,1442,CS,OC
6232,105.0,78475,4984,ME,OC
6233,105.0,78476,2661,IT,BC
6234,105.0,78477,1510,CS,BCM
6235,105.0,78478,4993,IT,OC
6236,105.0,78479,2731,CS,BC
6237,105.0,78480,5009,CE,BC
6238,105.0,78483,2610,CS,SC
6239,104.8,78486,1309,EE,MBC
6240,104.5,78487,1426,CS,OC
6241,104.5,78490,2747,CS,BC
6242,104.5,78493,5009,ME,BC
6243,104.5,78494,1430,ME,OC
6244,104.5,78495,1120,ME,BCM
6245,104.5,78496,2625,AG,OC
6246,104.5,78497,1510,CS,MBC
6247,104.5,78498,2329,EC,OC
6248,104.5,78499,5009,CE,MBC
6249,104.5,78500,5919,EC,OC
6250,104.5,78501,5022,CS,MBC
6251,104.5,78502,2345,CE,OC
6252,104.5,78505,2622,EC,MBC
6253,104.5,78506,2651,CS,MBC
6254,104.5,78507,3830,IT,MBC
6255,104.5,78508,3830,EE,MBC
6256,104.5,78512,2707,CH,BC
6257,104.5,78513,2741,CS,BC
6258,104.5,78514,1316,ME,OC
6259,104.5,78517,2328,IT,BC
6260,104.5,78521,5915,EC,OC
6261,104.5,78522,2636,ME,OC
6262,104.5,78523,2369,ME,BC
6263,104.5,78524,2345,ME,OC
6264,104.5,78527,3464,ME,BC
6265,104.5,78528,3819,IT,SCA
6266,104.5,78529,1516,ME,MBC
6267,104.5,78530,3843,ME,OC
6268,104.5,78532,2715,IT,MBC
6269,104.5,78533,5009,EE,BC
6270,104.5,78534,2607,EC,BCM
6271,104.5,78535,1123,EC,OC
6272,104.5,78536,2706,ME,BC
6273,104.5,78538,3829,EC,OC
6274,104.5,78539,4994,CS,BC
6275,104.5,78540,1324,ME,BC
6276,104.5,78541,2704,IT,SC
6277,104.5,78543,2716,IT,BC
6278,104.5,78544,1422,AG,BC
6279,104.5,78545,4931,EC,OC
6280,104.5,78546,2661,EC,OC
6281,104.5,78548,2726,MZ,MBC
6282,104.5,78551,2611,CY,SC
6283,104.5,78553,2622,BT,SC
6284,104.5,78554,5009,CS,SCA
6285,104.5,78555,2610,EC,BC
6286,104.5,78556,4917,ME,OC
6287,104.5,78559,2610,EE,OC
6288,104.5,78560,1407,BM,MBC
6289,104.5,78561,2607,TX,BC
6290,104.5,78563,4676,CS,SC
6291,104.5,78564,2707,CE,OC
6292,104.5,78565,2345,CS,BC
6293,104.5,78566,4965,EE,OC
6294,104.5,78567,1401,CS,MBC
6295,104.5,78568,1422,ME,OC
6296,104.5,78569,3822,CS,OC
6297,104.5,78570,4670,CE,OC
6298,104.5,78571,4993,CS,OC
6299,104.5,78573,2611,FD,OC
6300,104.5,78574,4980,CS,OC
6301,104.5,78575,3021,CS,BC
6302,104.5,78577,2723,MD,MBC
6303,104.5,78582,2630,CS,OC
6304,104.5,78585,4979,IT,OC
6305,104.5,78586,3817,ME,OC
6306,104.5,78588,2726,ME,OC
6307,104.5,78589,4944,CE,OC
6308,104.5,78590,2761,CS,BC
6309,104.5,78591,2735,ME,OC
6310,104.5,78592,2734,SB,BC
6311,104.5,78594,1303,BT,SC
6312,104.5,78596,4959,EE,OC
6313,104.5,78597,4677,EC,OC
6314,104.5,78598,5,EE,OC
6315,104.5,78600,2740,EC,OC
6316,104.5,78601,1212,CS,OC
6317,104.5,78602,2607,AD,MBC
6318,104.5,78605,4960,ME,MBC
6319,104.5,78608,3843,CS,BC
6320,104.5,78609,4917,CE,OC
6321,104.5,78610,2611,AG,SC
6322,104.5,78611,2611,BM,BC
6323,104.5,78612,1309,EE,MBC
6324,104.5,78613,2763,EC,OC
6325,104.5,78614,4993,CS,OC
6326,104.5,78615,2727,BT,MBC
6327,104.5,78618,1442,BM,OC
6328,104.5,78620,4933,CS,OC
6329,104.5,78623,3458,BT,MBC
6330,104.5,78624,5910,ME,BCM
6331,104.5,78627,5703,EE,OC
6332,104.5,78628,2659,CE,OC
6333,104.5,78633,3786,EE,OC
6334,104.5,78634,2708,EC,BC
6335,104.5,78635,5914,EC,OC
6336,104.5,78637,2707,CH,BC
6337,104.5,78640,2623,BM,MBC
6338,104.5,78641,2702,AE,BCM
6339,104.5,78643,3825,EE,OC
6340,104.5,78645,5010,CS,SCA
6341,104.5,78646,4955,ME,OC
6342,104.5,78650,2651,CS,BC
6343,104.5,78652,3464,ME,BC
6344,104.5,78653,1311,EC,BC
6345,104.5,78656,2665,ME,OC
6346,104.5,78657,1413,CS,BC
6347,104.5,78660,2314,EC,OC
6348,104.5,78662,2622,EC,SC
6349,104.5,78664,5910,EC,MBC
6350,104.5,78667,1216,EC,BC
6351,104.5,78670,2328,IT,SC
6352,104.5,78671,2610,BT,OC
6353,104.5,78674,2710,EC,MBC
6354,104.5,78675,3830,EC,BC
6355,104.5,78676,5865,CS,BC
6356,104.5,78677,1122,EC,MBC
6357,104.5,78678,1412,CS,BC
6358,104.5,78682,2624,BM,OC
6359,104.5,78683,2657,EC,OC
6360,104.5,78686,2708,MZ,OC
6361,104.5,78688,1422,ME,OC
6362,104.5,78689,1523,IT,OC
6363,104.5,78690,2750,ME,BC
6364,104.5,78692,2639,CS,OC
6365,104.5,78696,1120,AD,SC
6366,104.5,78697,2729,EC,OC
6367,104.5,78698,5904,ME,OC
6368,104.5,78700,3011,XC,BC
6369,104.5,78701,2610,BM,MBC
6370,104.5,78703,2648,CE,OC
6371,104.5,78704,2718,CS,SCA
6372,104.5,78706,4944,EC,BC
6373,104.5,78709,3819,CS,SC
6374,104.5,78710,4965,EE,OC
6375,104.5,78712,1421,CS,SC
6376,104.5,78715,3795,ME,OC
6377,104.5,78716,2610,IT,BC
6378,104.5,78717,5904,EE,OC
6379,104.5,78718,1317,ME,BC
6380,104.5,78723,2665,PD,OC
6381,104.5,78728,1325,CS,MBC
6382,104.5,78730,5904,ME,OC
6383,104.5,78732,2610,CS,MBC
6384,104.5,78733,4020,EC,SC
6385,104.5,78734,4944,EC,BC
6386,104.5,78735,1311,AD,SC
6387,104.5,78736,3813,CS,OC
6388,104.5,78738,2764,ME,MBC
6389,104.5,78739,4669,EC,OC
6390,104.5,78740,2610,BT,OC
6391,104.5,78741,2640,CS,OC
6392,104.5,78742,2369,CE,MBC
6393,104.5,78743,2708,IT,MBC
6394,104.5,78745,2609,EE,OC
6395,104.5,78746,2744,IT,BC
6396,104.5,78747,2718,CB,SC
6397,104.5,78748,1213,BM,OC
6398,104.5,78750,2609,AG,MBC
6399,104.5,78751,2734,AD,MBC
6400,104.5,78754,1118,IT,SC
6401,104.5,78755,1226,CS,OC
6402,104.5,78756,2718,CB,SC
6403,104.5,78761,4676,EC,OC
6404,104.5,78762,1320,IT,BC
6405,104.5,78763,2708,MZ,OC
6406,104.5,78764,2707,CH,BC
6407,104.5,78765,5907,IT,OC
6408,104.5,78766,3805,IT,BC
6409,104.5,78767,3841,ME,OC
6410,104.5,78768,2607,IT,BCM
6411,104.5,78769,3841,EC,OC
6412,104.5,78770,2347,CS,OC
6413,104.5,78772,3810,AD,OC
6414,104.5,78773,3826,EE,BC
6415,104.5,78774,2653,EE,BC
6416,104.5,78775,2342,EE,OC
6417,104.5,78777,2624,FD,OC
6418,104.5,78782,4989,IT,OC
6419,104.5,78785,2347,ME,OC
6420,104.5,78786,1301,CE,OC
6421,104.5,78790,2727,EE,OC
6422,104.5,78792,4917,CH,OC
6423,104.5,78793,2709,AU,OC
6424,104.5,78794,4962,ME,OC
6425,104.5,78795,1431,CS,OC
6426,104.5,78796,1504,CS,MBC
6427,104.5,78797,1026,ME,MBC
6428,104.5,78798,1207,CS,BC
6429,104.5,78802,2744,CS,OC
6430,104.5,78803,4959,EE,OC
6431,104.5,78806,4957,CS,OC
6432,104.5,78808,2620,EC,BC
6433,104.5,78809,2623,BM,BC
6434,104.5,78811,3786,EC,OC
6435,104.5,78813,1421,CS,MBC
6436,104.5,78814,3805,AD,OC
6437,104.5,78815,4934,CS,OC
6438,104.5,78818,1122,ME,OC
6439,104.5,78820,4669,CS,OC
6440,104.5,78823,4957,IT,OC
6441,104.5,78824,5536,CS,OC
6442,104.5,78825,2722,EE,MBC
6443,104.5,78826,1505,CS,BCM
6444,104.5,78828,4994,CS,BC
6445,104.5,78832,2625,BM,OC
6446,104.5,78833,4972,EE,OC
6447,104.5,78834,4953,ME,OC
6448,104.5,78835,1401,CE,OC
6449,104.5,78836,4964,EE,OC
6450,104.5,78837,1116,EC,OC
6451,104.5,78838,3021,EE,OC
6452,104.5,78840,1409,CS,OC
6453,104.5,78842,2726,AU,OC
6454,104.5,78845,2764,CE,BC
6455,104.5,78846,1316,BM,SCA
6456,104.5,78848,1225,ME,OC
6457,104.5,78852,3831,EE,OC
6458,104.5,78855,3841,CS,OC
6459,104.5,78856,2609,EC,OC
6460,104.5,78860,3854,EE,OC
6461,104.5,78862,2711,EC,SC
6462,104.5,78863,5010,ME,MBC
6463,104.5,78866,2711,CE,MBC
6464,104.5,78867,4961,ME,OC
6465,104.5,78869,2707,EE,OC
6466,104.5,78870,2729,AD,MBC
6467,104.5,78871,5022,EC,BC
6468,104.5,78873,2611,ME,OC
6469,104.5,78875,2772,EC,OC
6470,104.5,78876,2753,EC,OC
6471,104.5,78877,2710,EC,MBC
6472,104.5,78879,1112,EC,SC
6473,104.5,78880,2622,CS,MBC
6474,104.5,78881,3786,CS,OC
6475,104.5,78882,1422,MD,SCA
6476,104.5,78883,4944,CS,BCM
6477,104.5,78884,2653,EC,MBC
6478,104.5,78885,2744,CS,OC
6479,104.5,78887,2620,EE,OC
6480,104.5,78889,3926,EC,OC
6481,104.5,78890,5930,CS,OC
6482,104.5,78891,2607,EE,SC
6483,104.5,78892,1414,ME,OC
6484,104.5,78895,1307,IT,MBC
6485,104.5,78897,3812,CS,OC
6486,104.5,78899,4964,AE,OC
6487,104.5,78900,2640,CS,OC
6488,104.5,78901,3812,EC,OC
6489,104.5,78902,1140,IT,MBC
6490,104.5,78908,1120,EI,BC
6491,104.5,78909,3811,EE,OC
6492,104.5,78910,1424,PE,OC
6493,104.5,78911,3410,EE,OC
6494,104.5,78912,1432,EC,BC
6495,104.5,78913,2772,CS,OC
6496,104.5,78915,4969,EC,OC
6497,104.5,78918,1420,ME,OC
6498,104.5,78920,5,ME,OC
6499,104.5,78921,4959,CE,OC
6500,104.5,78923,2721,CS,BC
6501,104.5,78924,4994,ME,OC
6502,104.5,78925,1216,ME,OC
6503,104.5,78926,5910,ME,BC
6504,104.5,78927,2708,ME,OC
6505,104.5,78928,2721,CS,MBC
6506,104.5,78929,1118,RM,BC
6507,104.5,78932,1520,IT,OC
6508,104.5,78934,3817,EC,OC
6509,104.5,78937,4995,CS,OC
6510,104.5,78938,2741,CS,BC
6511,104.5,78941,1304,RM,SC
6512,104.5,78942,4959,EC,BC
6513,104.5,78944,1509,CS,BC
6514,104.5,78945,4966,ME,OC
6515,104.5,78946,2711,CE,BC
6516,104.5,78948,4965,EE,OC
6517,104.5,78948,2727,EE,OC
6518,104.5,78949,4969,EC,OC
6519,104.5,78950,4944,CS,BC
6520,104.5,78951,1416,CS,OC
6521,104.5,78955,4928,EE,OC
6522,104.5,78956,2715,EC,BC
6523,104.5,78957,2741,EC,OC
6524,104.5,78959,4966,CS,BC
6525,104.5,78962,4980,EC,OC
6526,104.5,78963,2702,AE,MBC
6527,104.5,78965,4676,CS,MBC
6528,104.5,78966,2705,ME,OC
6529,104.5,78967,3826,ME,OC
6530,104.5,78968,2648,ME,OC
6531,104.5,78972,2620,CS,MBC
6532,104.5,78973,2622,CS,SC
6533,104.5,78974,1519,CS,OC
6534,104.5,78978,2621,ME,OC
6535,104.5,78979,2659,EC,OC
6536,104.5,78981,2609,AE,OC
6537,104.5,78983,2726,EC,BC
6538,104.5,78984,2611,CH,OC
6539,104.5,78985,5910,ME,BC
6540,104.5,78987,2709,ME,SC
6541,104.5,78989,2704,CE,OC
6542,104.5,78990,2630,EC,OC
6543,104.5,78991,4999,CS,OC
6544,104.5,78992,2632,CS,OC
6545,104.5,78995,2628,BM,OC
6546,104.5,78996,3826,EE,MBC
6547,104.5,78998,3464,CE,SC
6548,104.5,79000,4917,ME,OC
6549,104.5,79002,1140,EC,BC
6550,104.5,79003,1118,RM,BC
6551,104.5,79004,2620,CS,SC
6552,104.5,79005,1014,CE,OC
6553,104.5,79006,3805,CS,MBC
6554,104.5,79008,1304,EI,MBC
6555,104.5,79011,2341,BM,OC
6556,104.5,79012,2647,CS,OC
6557,104.5,79014,2601,ME,OC
6558,104.5,79019,3830,AD,BC
6559,104.5,79021,2665,PD,OC
6560,104.5,79024,5,CS,SC
6561,104.5,79025,1013,EC,BC
6562,104.5,79026,2607,TX,BC
6563,104.5,79027,4999,EC,OC
6564,104.5,79029,3019,EC,OC
6565,104.5,79035,2734,ME,OC
6566,104.5,79036,2708,BM,SC
6567,104.2,79040,2741,CS,BCM
6568,104.0,79041,1407,CS,OC
6569,104.0,79042,2707,CS,MBC
6570,104.0,79044,2636,EE,OC
6571,104.0,79046,2627,EE,OC
6572,104.0,79047,3795,EC,OC
6573,104.0,79050,3011,CE,SC
6574,104.0,79051,4970,CE,OC
6575,104.0,79052,2715,BM,MBC
6576,104.0,79054,4670,CS,MBC
6577,104.0,79057,2611,CS,MBC
6578,104.0,79058,2634,CS,MBC
6579,104.0,79060,2621,IT,OC
6580,104.0,79062,2752,IT,OC
6581,104.0,79063,3843,CE,OC
6582,104.0,79064,3786,AE,OC
6583,104.0,79065,2345,ME,OC
6584,104.0,79067,3021,EE,OC
6585,104.0,79068,2611,CS,BCM
6586,104.0,79069,2764,CS,SC
6587,104.0,79070,4931,CS,MBC
6588,104.0,79071,2329,AD,BC
6589,104.0,79072,1320,IT,BC
6590,104.0,79075,5914,CS,OC
6591,104.0,79076,3813,IT,OC
6592,104.0,79077,3786,MZ,OC
6593,104.0,79079,2314,AG,BC
6594,104.0,79080,2609,AG,BC
6595,104.0,79083,2610,RM,OC
6596,104.0,79084,4955,CS,SC
6597,104.0,79086,3810,AD,OC
6598,104.0,79088,3464,CE,SC
6599,104.0,79090,3786,EC,OC
6600,104.0,79091,2652,EE,OC
6601,104.0,79092,4978,BT,OC
6602,104.0,79093,2636,ME,OC
6603,104.0,79095,2707,CS,BC
6604,104.0,79096,1452,CE,OC
6605,104.0,79098,4959,EC,MBC
6606,104.0,79099,2640,CS,OC
6607,104.0,79101,4678,EE,BC
6608,104.0,79102,4965,EC,MBC
6609,104.0,79104,4960,CE,SC
6610,104.0,79105,4669,EC,OC
6611,104.0,79106,3829,EC,OC
6612,104.0,79108,1427,FT,OC
6613,104.0,79110,3464,CE,BCM
6614,104.0,79112,2610,MD,OC
6615,104.0,79113,3801,EE,OC
6616,104.0,79118,4670,CE,OC
6617,104.0,79119,4944,CE,OC
6618,104.0,79121,1216,CS,SC
6619,104.0,79122,3805,ME,OC
6620,104.0,79125,2708,AG,BC
6621,104.0,79126,3466,EC,OC
6622,104.0,79127,1114,CS,MBC
6623,104.0,79128,1303,IT,BC
6624,104.0,79129,2650,CS,BC
6625,104.0,79131,4955,EE,OC
6626,104.0,79132,2601,BT,BC
6627,104.0,79133,3810,EE,OC
6628,104.0,79134,1207,RM,OC
6629,104.0,79135,3459,CS,OC
6630,104.0,79136,2617,CE,OC
6631,104.0,79137,3454,CS,OC
6632,104.0,79138,2741,ME,OC
6633,104.0,79139,3801,EC,MBC
6634,104.0,79140,2661,CS,BC
6635,104.0,79141,5009,EE,SC
6636,104.0,79143,1303,IT,BC
6637,104.0,79144,1452,CS,MBC
6638,104.0,79145,2767,EE,OC
6639,104.0,79146,2744,IT,SC
6640,104.0,79147,1505,CS,BCM
6641,104.0,79149,5502,EC,OC
6642,104.0,79150,5,CS,MBC
6643,104.0,79153,1413,AD,OC
6644,104.0,79155,4670,CE,OC
6645,104.0,79156,2601,EC,BC
6646,104.0,79157,5703,CS,OC
6647,104.0,79158,4669,CS,OC
6648,104.0,79160,3812,IT,OC
6649,104.0,79161,4917,ME,OC
6650,104.0,79162,2734,SB,BCM
6651,104.0,79163,5530,EC,BC
6652,104.0,79165,1216,EC,SC
6653,104.0,79166,2614,CS,OC
6654,104.0,79167,2727,ME,OC
6655,104.0,79168,2369,ME,BC
6656,104.0,79170,1306,CS,SC
6657,104.0,79171,1420,CS,MBC
6658,104.0,79172,2357,IT,BC
6659,104.0,79174,4864,EC,BC
6660,104.0,79175,3011,CE,MBC
6661,104.0,79176,1516,ME,SC
6662,104.0,79179,3805,IT,SC
6663,104.0,79180,2622,EC,BCM
6664,104.0,79181,4995,CS,OC
6665,104.0,79182,3805,EC,OC
6666,104.0,79184,2609,CS,MBC
6667,104.0,79185,3016,CS,MBC
6668,104.0,79187,4672,EE,OC
6669,104.0,79189,2610,CS,SC
6670,104.0,79191,2716,BM,SC
6671,104.0,79193,4944,CS,BC
6672,104.0,79194,2611,CS,MBC
6673,104.0,79195,3833,CS,SC
6674,104.0,79196,4972,CS,BC
6675,104.0,79197,4943,AE,OC
6676,104.0,79198,3011,PH,SC
6677,104.0,79199,2611,CY,SC
6678,104.0,79200,2711,CE,BC
6679,104.0,79202,1419,CB,SC
6680,104.0,79205,2702,AG,SC
6681,104.0,79206,1311,CS,SC
6682,104.0,79207,3018,EC,OC
6683,104.0,79208,2620,TS,MBC
6684,104.0,79211,2328,EC,BC
6685,104.0,79214,2623,IT,OC
6686,104.0,79216,2708,MZ,BC
6687,104.0,79219,3811,EE,OC
6688,104.0,79220,2762,CS,BC
6689,104.0,79221,2727,CS,MBC
6690,104.0,79223,4972,CS,BC
6691,104.0,79225,2601,EC,BC
6692,104.0,79227,1401,ME,OC
6693,104.0,79228,2735,CS,SC
6694,104.0,79230,4978,BM,OC
6695,104.0,79233,2642,CS,SCA
6696,104.0,79234,2764,CH,BC
6697,104.0,79235,2764,CE,BC
6698,104.0,79236,2702,TX,MBC
6699,104.0,79238,3812,CE,OC
6700,104.0,79239,1525,CS,OC
6701,104.0,79240,2607,TX,MBC
6702,104.0,79241,1120,CS,SC
6703,104.0,79243,2329,AD,BC
6704,104.0,79244,2610,BM,MBC
6705,104.0,79245,1149,EC,BC
6706,104.0,79249,5,IT,SC
6707,104.0,79250,3810,CS,OC
6708,104.0,79252,2734,EC,OC
6709,104.0,79253,2734,SB,BC
6710,104.0,79254,2650,EC,OC
6711,104.0,79257,1505,IT,OC
6712,104.0,79258,2763,EC,OC
6713,104.0,79260,1226,EC,OC
6714,104.0,79261,4675,ME,OC
6715,104.0,79262,1110,CS,BC
6716,104.0,79263,1452,EC,OC
6717,104.0,79266,3845,CS,OC
6718,104.0,79267,1412,EE,OC
6719,104.0,79268,3805,IT,SC
6720,104.0,79269,2610,IT,SC
6721,104.0,79270,1412,CS,MBC
6722,104.0,79272,2349,RM,OC
6723,104.0,79274,1128,EC,MBC
6724,104.0,79276,1316,CS,SC
6725,104.0,79278,3801,EE,BC
6726,104.0,79279,2665,ME,OC
6727,104.0,79280,2005,IB,ST
6728,104.0,79281,3825,CS,OC
6729,104.0,79283,1210,EE,BC
6730,104.0,79285,2750,AE,BC
6731,104.0,79288,1516,ME,SC
6732,104.0,79292,3011,PH,SC
6733,104.0,79293,2357,CS,BC
6734,104.0,79295,5703,EC,OC
6735,104.0,79297,1504,CS,BC
6736,104.0,79298,2755,CS,OC
6737,104.0,79299,2609,CY,MBC
6738,104.0,79300,5536,ME,OC
6739,104.0,79302,2620,EE,OC
6740,104.0,79303,5865,CS,BC
6741,104.0,79304,1408,EC,OC
6742,104.0,79306,3018,EE,OC
6743,104.0,79307,2707,IT,SCA
6744,104.0,79308,1237,CS,MBC
6745,104.0,79309,1218,CS,OC
6746,104.0,79310,2736,BM,MBC
6747,104.0,79312,1516,ME,BC
6748,104.0,79313,2338,CS,OC
6749,104.0,79314,2611,BM,MBC
6750,104.0,79315,2610,EE,OC
6751,104.0,79317,5009,CE,BC
6752,104.0,79319,1509,CS,BC
6753,104.0,79320,3410,EC,OC
6754,104.0,79321,2611,CS,SC
6755,104.0,79323,2705,IT,OC
6756,104.0,79324,2717,CS,OC
6757,104.0,79326,5,AM,MBC
6758,104.0,79330,2607,TX,BCM
6759,104.0,79331,2736,EE,OC
6760,104.0,79332,2752,EC,OC
6761,104.0,79333,1517,CS,OC
6762,104.0,79334,2659,BM,OC
6763,104.0,79335,1436,ME,OC
6764,104.0,79336,3803,IT,BC
6765,104.0,79337,1441,ME,OC
6766,104.0,79338,3849,CS,OC
6767,104.0,79340,1114,EC,BC
6768,104.0,79343,4960,CE,MBC
6769,104.0,79346,1516,CE,SCA
6770,104.0,79348,4965,CE,OC
6771,104.0,79349,1118,CB,MBC
6772,104.0,79350,3811,CE,OC
6773,104.0,79351,4962,ME,OC
6774,104.0,79352,5703,IT,OC
6775,104.0,79353,2642,CS,MBC
6776,104.0,79354,1509,CS,BCM
6777,104.0,79355,2609,EE,OC
6778,104.0,79356,1216,EC,MBC
6779,104.0,79359,2642,CE,OC
6780,104.0,79360,2657,EC,OC
6781,104.0,79364,2613,EC,OC
6782,104.0,79365,4024,EE,OC
6783,104.0,79366,4971,ME,MBC
6784,104.0,79369,4964,MU,OC
6785,104.0,79371,2607,EC,BC
6786,104.0,79373,1505,CS,BC
6787,104.0,79375,3806,BM,SC
6788,104.0,79379,3801,CE,OC
6789,104.0,79380,4917,EC,BC
6790,104.0,79382,2601,EC,BC
6791,104.0,79383,4994,CS,BC
6792,104.0,79385,3011,ME,BC
6793,104.0,79386,5832,EE,OC
6794,104.0,79387,3795,ME,OC
6795,104.0,79389,1442,CS,OC
6796,104.0,79390,1231,CS,SC
6797,104.0,79396,1444,CS,OC
6798,104.0,79401,2741,CS,BC
6799,104.0,79403,2729,CB,OC
6800,104.0,79406,2618,ME,BC
6801,104.0,79407,1225,ME,OC
6802,104.0,79410,2711,EI,BCM
6803,104.0,79411,1413,AD,OC
6804,104.0,79412,2752,EC,OC
6805,104.0,79413,3795,ME,OC
6806,104.0,79414,1422,CY,SC
6807,104.0,79416,2653,EC,MBC
6808,104.0,79417,1408,IT,OC
6809,104.0,79418,3817,ME,OC
6810,104.0,79421,1014,CS,SC
6811,104.0,79423,1218,CS,OC
6812,104.0,79424,2752,CS,OC
6813,104.0,79425,2707,BM,MBC
6814,104.0,79426,2621,EC,OC
6815,104.0,79427,3458,AG,BC
6816,104.0,79428,2752,IT,OC
6817,104.0,79429,3805,AE,OC
6818,104.0,79430,2641,ME,OC
6819,104.0,79433,1211,RM,SC
6820,104.0,79436,2617,EE,OC
6821,104.0,79437,4934,CS,OC
6822,104.0,79440,2708,EC,BC
6823,104.0,79441,2769,FD,OC
6824,104.0,79442,2708,EE,MBC
6825,104.0,79444,2609,AD,BC
6826,104.0,79448,4965,ME,OC
6827,104.0,79451,1303,EE,OC
6828,104.0,79453,2659,CS,OC
6829,104.0,79454,1118,RM,BC
6830,104.0,79455,5536,EC,OC
6831,104.0,79456,2611,BM,MBC
6832,104.0,79457,4978,CS,OC
6833,104.0,79458,3819,EC,SC
6834,104.0,79459,1444,CS,OC
6835,104.0,79460,2639,CS,OC
6836,104.0,79461,2713,IT,OC
6837,104.0,79462,2609,IT,OC
6838,104.0,79463,2744,EC,OC
6839,104.0,79464,3819,CE,OC
6840,104.0,79465,3812,CS,OC
6841,104.0,79466,2750,AE,BC
6842,104.0,79467,5703,ME,OC
6843,104.0,79470,1520,CS,BC
6844,104.0,79472,2328,IT,MBC
6845,104.0,79473,3845,CS,OC
6846,104.0,79474,1411,CS,OC
6847,104.0,79475,2629,IT,OC
6848,104.0,79476,1216,EC,BC
6849,104.0,79477,1304,ME,SC
6850,104.0,79478,2653,ME,OC
6851,104.0,79479,2727,EE,OC
6852,104.0,79481,3425,EE,MBC
6853,104.0,79482,2646,CS,OC
6854,104.0,79483,1432,CS,SC
6855,104.0,79486,2753,CS,OC
6856,104.0,79493,4998,CS,MBC
6857,104.0,79495,3908,ME,OC
6858,104.0,79497,4966,CS,SC
6859,104.0,79498,2638,EE,OC
6860,104.0,79499,2653,ME,OC
6861,104.0,79500,2342,CS,MBC
6862,104.0,79501,5910,CE,BC
6863,104.0,79502,1510,EC,OC
6864,104.0,79504,5017,CS,OC
6865,104.0,79505,5009,CE,BC
6866,104.0,79508,2624,CS,OC
6867,104.0,79509,3803,IT,BC
6868,104.0,79510,2736,EC,BC
6869,104.0,79514,1431,ME,OC
6870,104.0,79515,4020,GI,SC
6871,104.0,79516,2659,BM,OC
6872,104.0,79520,2750,BT,MBC
6873,104.0,79522,4949,CS,OC
6874,104.0,79523,1420,CS,SC
6875,104.0,79524,2329,EC,BC
6876,104.0,79528,3454,CS,OC
6877,104.0,79529,5530,EC,BC
6878,104.0,79530,1411,AE,OC
6879,104.0,79535,1116,ME,OC
6880,104.0,79536,3454,CS,OC
6881,104.0,79537,1516,ME,BC
6882,104.0,79540,1114,EC,BC
6883,104.0,79541,2345,CS,BC
6884,104.0,79543,2744,ME,OC
6885,104.0,79544,3425,EE,MBC
6886,104.0,79545,2726,EC,MBC
6887,104.0,79546,2607,AD,BC
6888,104.0,79547,2329,IT,BC
6889,104.0,79551,1114,EC,MBC
6890,104.0,79552,3021,EC,OC
6891,104.0,79553,2750,AE,BC
6892,104.0,79554,2624,EC,OC
6893,104.0,79555,3804,CS,OC
6894,104.0,79556,2702,CS,SC
6895,104.0,79557,3410,EC,OC
6896,104.0,79558,1307,IT,BC
6897,104.0,79559,2622,CE,BC
6898,104.0,79560,2727,EC,MBC
6899,104.0,79561,2610,EC,BC
6900,104.0,79562,3018,EC,OC
6901,104.0,79564,2702,ME,BCM
6902,104.0,79565,5017,CS,OC
6903,104.0,79569,2659,EC,OC
6904,104.0,79570,2632,IT,OC
6905,104.0,79571,2762,ME,OC
6906,104.0,79572,5022,CS,SC
6907,104.0,79575,3803,EC,BC
6908,104.0,79576,4960,ME,MBC
6909,104.0,79578,1238,CS,MBC
6910,104.0,79582,2636,EE,OC
6911,104.0,79584,1325,ME,OC
6912,104.0,79586,4944,CS,BC
6913,104.0,79587,4999,AD,OC
6914,104.0,79589,3810,IT,SC
6915,104.0,79590,2613,IT,BC
6916,104.0,79592,3803,IT,BC
6917,104.0,79595,1519,CS,OC
6918,104.0,79596,2750,EC,BC
6919,104.0,79597,2608,CE,BC
6920,104.0,79598,2704,CS,SC
6921,104.0,79599,1419,EC,SC
6922,104.0,79601,1507,IT,OC
6923,104.0,79603,2005,PR,ST
6924,104.0,79607,1015,EC,BC
6925,104.0,79608,3805,BM,MBC
6926,104.0,79609,4957,EC,OC
6927,104.0,79611,2713,CS,OC
6928,104.0,79612,3458,BT,MBC
6929,104.0,79614,3814,CS,OC
6930,104.0,79615,3813,IT,OC
6931,104.0,79621,5,CH,MBC
6932,104.0,79622,1307,EC,OC
6933,104.0,79623,1150,AG,OC
6934,104.0,79626,2707,IT,BC
6935,104.0,79631,4952,CS,OC
6936,104.0,79632,2704,EE,BC
6937,104.0,79635,2609,FD,BC
6938,104.0,79636,1216,EC,BC
6939,104.0,79638,2704,MZ,OC
6940,104.0,79639,2639,ME,OC
6941,104.0,79640,5,CS,SC
6942,104.0,79643,2608,EC,MBC
6943,103.5,79645,3826,CE,BC
6944,103.5,79646,4993,BM,BC
6945,103.5,79648,5935,CS,SC
6946,103.5,79649,2776,AU,OC
6947,103.5,79651,2661,IT,MBC
6948,103.5,79652,1419,EE,SC
6949,103.5,79653,3826,ME,OC
6950,103.5,79654,2611,CS,MBC
6951,103.5,79656,1504,IT,BC
6952,103.5,79657,2764,EE,MBC
6953,103.5,79658,3843,CS,MBC
6954,103.5,79659,2715,EC,SC
6955,103.5,79660,2763,CS,MBC
6956,103.5,79661,2611,IT,BC
6957,103.5,79662,2369,ME,MBC
6958,103.5,79663,1401,IT,MBC
6959,103.5,79664,2627,BT,MBC
6960,103.5,79665,4676,CS,MBC
6961,103.5,79666,1126,CS,OC
6962,103.5,79667,4954,EC,BC
6963,103.5,79671,2734,TS,BC
6964,103.5,79672,3819,IC,OC
6965,103.5,79674,3425,CS,SC
6966,103.5,79675,2345,EC,BCM
6967,103.5,79677,2607,EC,MBC
6968,103.5,79681,3812,CS,OC
6969,103.5,79683,2716,AG,OC
6970,103.5,79684,5502,ME,OC
6971,103.5,79686,1401,CS,MBC
6972,103.5,79690,3410,CS,BC
6973,103.5,79691,4944,CS,MBC
6974,103.5,79692,1026,ME,SC
6975,103.5,79693,1441,EC,OC
6976,103.5,79695,3805,PH,MBC
6977,103.5,79697,2621,CE,OC
6978,103.5,79700,1320,IT,BC
6979,103.5,79701,3805,EE,OC
6980,103.5,79702,4969,CS,OC
6981,103.5,79703,4953,ME,OC
6982,103.5,79704,2725,CS,SC
6983,103.5,79705,4928,CS,OC
6984,103.5,79707,3806,EC,OC
6985,103.5,79708,3850,CS,OC
6986,103.5,79709,2710,ME,BC
6987,103.5,79710,1026,EE,BC
6988,103.5,79711,2625,BM,OC
6989,103.5,79712,1306,EE,OC
6990,103.5,79713,3019,CS,BC
6991,103.5,79714,4020,GI,BC
6992,103.5,79716,3905,EE,OC
6993,103.5,79718,4670,EC,BC
6994,103.5,79720,4669,ME,OC
6995,103.5,79721,1207,BM,SC
6996,103.5,79722,2755,FD,OC
6997,103.5,79723,4953,ME,OC
6998,103.5,79724,2630,CS,OC
6999,103.5,79727,5904,ME,OC
7000,103.5,79731,3905,EE,OC
7001,103.5,79734,1202,EC,OC
7002,103.5,79736,1014,CS,SC
7003,103.5,79737,1110,EC,OC
7004,103.5,79739,2764,EC,MBC
7005,103.5,79740,1316,IT,MBC
7006,103.5,79741,2712,EE,SCA
7007,103.5,79742,2650,CS,SCA
7008,103.5,79743,2620,CS,SC
7009,103.5,79746,1407,CS,OC
7010,103.5,79748,5022,CE,OC
7011,103.5,79749,4995,EC,OC
7012,103.5,79751,2652,EE,OC
7013,103.5,79752,2744,CS,OC
7014,103.5,79753,2716,BM,MBC
7015,103.5,79755,5914,CS,BC
7016,103.5,79756,4981,ME,BC
7017,103.5,79757,3918,CS,BC
7018,103.5,79758,3425,ME,OC
7019,103.5,79759,1306,ME,OC
7020,103.5,79760,1126,BM,SC
7021,103.5,79763,5010,ME,MBC
7022,103.5,79764,3805,CE,OC
7023,103.5,79767,1325,EC,MBC
7024,103.5,79768,3805,IT,BC
7025,103.5,79773,2610,IT,BC
7026,103.5,79774,2708,EC,BCM
7027,103.5,79775,2659,BM,OC
7028,103.5,79776,4953,EC,BC
7029,103.5,79779,2610,BT,OC
7030,103.5,79781,3011,AU,SC
7031,103.5,79782,1233,CS,BC
7032,103.5,79784,2622,ME,SCA
7033,103.5,79786,1118,RM,MBC
7034,103.5,79788,4941,CS,OC
7035,103.5,79789,2628,AD,OC
7036,103.5,79790,2621,CS,MBC
7037,103.5,79791,2624,BM,OC
7038,103.5,79793,2636,CS,MBC
7039,103.5,79794,2718,CB,SC
7040,103.5,79796,4981,CS,MBC
7041,103.5,79797,1408,EC,OC
7042,103.5,79800,2632,BM,SCA
7043,103.5,79801,4998,CS,MBC
7044,103.5,79802,2727,IT,MBC
7045,103.5,79803,2634,EC,OC
7046,103.5,79806,2609,CS,MBC
7047,103.5,79807,1114,CS,MBC
7048,103.5,79808,3805,EE,OC
7049,103.5,79812,2641,EC,OC
7050,103.5,79814,1304,EI,MBC
7051,103.5,79817,2342,CS,SC
7052,103.5,79818,2708,ME,OC
7053,103.5,79819,3831,ME,OC
7054,103.5,79821,2620,EC,BC
7055,103.5,79822,1216,EC,MBC
7056,103.5,79824,2634,FD,OC
7057,103.5,79825,2611,EE,OC
7058,103.5,79826,5010,ME,BC
7059,103.5,79828,3819,ME,BC
7060,103.5,79829,4984,EE,OC
7061,103.5,79831,2621,ME,OC
7062,103.5,79832,1320,IT,BC
7063,103.5,79833,1110,CS,MBC
7064,103.5,79834,1202,ME,OC
7065,103.5,79837,5,CS,BC
7066,103.5,79838,5009,ME,MBC
7067,103.5,79839,4962,ME,MBC
7068,103.5,79840,2609,CS,MBC
7069,103.5,79841,2636,CS,BC
7070,103.5,79842,4961,CS,OC
7071,103.5,79843,2342,CS,SCA
7072,103.5,79844,3803,IT,MBC
7073,103.5,79845,3810,ME,OC
7074,103.5,79846,2338,ME,OC
7075,103.5,79847,4670,ME,OC
7076,103.5,79848,1015,CS,SC
7077,103.5,79850,2729,AE,BC
7078,103.5,79852,2314,CS,MBC
7079,103.5,79854,4959,IT,MBC
7080,103.5,79855,2752,CS,OC
7081,103.5,79856,3843,CS,MBC
7082,103.5,79861,1518,CS,OC
7083,103.5,79864,4984,ME,OC
7084,103.5,79865,2702,FT,SC
7085,103.5,79866,2617,ME,OC
7086,103.5,79867,4953,CS,OC
7087,103.5,79868,3807,EE,OC
7088,103.5,79869,1424,PE,OC
7089,103.5,79871,2731,PD,OC
7090,103.5,79872,2642,EC,OC
7091,103.5,79873,4955,ME,OC
7092,103.5,79874,1126,CS,OC
7093,103.5,79875,4998,EC,OC
7094,103.5,79878,2764,CE,MBC
7095,103.5,79879,2608,ME,OC
7096,103.5,79880,4669,EC,OC
7097,103.5,79882,2734,TS,BC
7098,103.5,79883,2609,EE,OC
7099,103.5,79884,1026,EE,BC
7100,103.5,79885,4959,CE,OC
7101,103.5,79886,3805,EE,OC
7102,103.5,79888,2653,CE,OC
7103,103.5,79889,3803,IT,MBC
7104,103.5,79890,3011,EE,SC
7105,103.5,79893,3786,CS,SC
7106,103.5,79895,2751,AD,MBC
7107,103.5,79896,2601,IT,MBC
7108,103.5,79897,2643,CS,MBC
7109,103.5,79900,4964,ME,OC
7110,103.5,79902,1207,EC,OC
7111,103.5,79904,5935,CS,BC
7112,103.5,79908,5,EI,OC
7113,103.5,79909,2611,CH,OC
7114,103.5,79910,3807,ME,OC
7115,103.5,79914,2731,EC,OC
7116,103.5,79918,2610,IT,MBC
7117,103.5,79919,3841,CS,OC
7118,103.5,79920,1110,CS,MBC
7119,103.5,79921,2653,ME,OC
7120,103.5,79923,2706,ME,SC
7121,103.5,79924,2620,EE,OC
7122,103.5,79925,2611,CS,BC
7123,103.5,79929,1123,EE,OC
7124,103.5,79931,5,CZ,OC
7125,103.5,79932,1505,CS,BC
7126,103.5,79933,2622,CS,MBC
7127,103.5,79934,2643,CS,SC
7128,103.5,79935,2349,CS,OC
7129,103.5,79937,3016,EE,OC
7130,103.5,79944,1441,ME,OC
7131,103.5,79945,2723,CS,SC
7132,103.5,79947,1408,CS,MBC
7133,103.5,79952,2707,EC,OC
7134,103.5,79953,2735,AD,MBC
7135,103.5,79954,1211,ME,SC
7136,103.5,79955,5910,ME,BC
7137,103.5,79956,4971,CE,BC
7138,103.5,79959,2750,BT,SC
7139,103.5,79960,2611,ME,OC
7140,103.5,79961,3811,CS,OC
7141,103.5,79962,2617,CS,OC
7142,103.5,79963,5530,EE,OC
7143,103.5,79965,5530,EC,BC
7144,103.5,79966,1504,IT,BC
7145,103.5,79967,1216,EE,MBC
7146,103.5,79970,2642,IT,OC
7147,103.5,79974,1516,ME,BC
7148,103.5,79976,1120,EC,SC
7149,103.5,79977,2710,AD,SC
7150,103.5,79978,3782,EE,OC
7151,103.5,79982,1504,EE,MBC
7152,103.5,79986,2702,CS,SC
7153,103.5,79987,5017,ME,OC
7154,103.5,79989,5009,ME,BC
7155,103.5,79990,3825,EC,OC
7156,103.5,79991,2611,CY,BC
7157,103.5,79992,1137,ME,OC
7158,103.5,79993,2634,FD,OC
7159,103.5,79994,2708,IT,MBC
7160,103.5,79998,1405,AD,OC
7161,103.5,79999,1013,ME,MBC
7162,103.5,80000,2726,AU,OC
7163,103.5,80002,2734,TS,BC
7164,103.5,80004,4975,EC,OC
7165,103.5,80005,1126,RM,OC
7166,103.5,80006,4968,EC,OC
7167,103.5,80007,1230,EC,OC
7168,103.5,80008,2328,EC,SCA
7169,103.5,80010,2710,EE,BCM
7170,103.5,80011,2740,EC,OC
7171,103.5,80012,1307,BM,MBC
7172,103.5,80013,1525,EC,OC
7173,103.5,80016,4669,EE,OC
7174,103.5,80017,4680,EE,OC
7175,103.5,80021,2707,AD,BC
7176,103.5,80022,1510,EC,OC
7177,103.5,80024,1422,EI,BC
7178,103.5,80025,4994,ME,OC
7179,103.5,80027,1202,CS,OC
7180,103.5,80028,1013,ME,SCA
7181,103.5,80029,1216,EC,MBC
7182,103.5,80030,2613,CS,BC
7183,103.5,80032,2708,ME,OC
7184,103.5,80033,5942,CS,OC
7185,103.5,80035,4917,EE,OC
7186,103.5,80036,2740,AE,BC
7187,103.5,80038,3817,CS,MBC
7188,103.5,80039,4976,AG,OC
7189,103.5,80040,2613,CS,MBC
7190,103.5,80041,4959,CE,OC
7191,103.5,80042,2620,EE,OC
7192,103.5,80045,4998,EE,OC
7193,103.5,80046,1237,EC,OC
7194,103.5,80050,2639,CS,OC
7195,103.5,80052,2609,CS,MBC
7196,103.5,80056,2707,AG,MBC
7197,103.5,80057,2627,BT,BC
7198,103.5,80058,4024,EE,OC
7199,103.5,80063,1026,EE,BC
7200,103.5,80064,4023,CE,BC
7201,103.5,80065,2729,AE,MBC
7202,103.5,80066,2657,BT,OC
7203,103.5,80067,2734,TS,BC
7204,103.5,80070,1303,CS,BC
7205,103.5,80075,2702,AU,BC
7206,103.5,80076,5902,IT,OC
7207,103.5,80077,3806,EE,OC
7208,103.5,80079,1122,EC,BC
7209,103.5,80080,1122,IT,SC
7210,103.5,80082,2006,PN,SCA
7211,103.5,80083,5532,EE,OC
7212,103.5,80084,4023,EE,BC
7213,103.5,80085,3805,CH,OC
7214,103.5,80086,3807,AE,OC
7215,103.5,80089,2763,CS,MBC
7216,103.5,80091,2715,EE,SCA
7217,103.5,80093,4965,EC,BC
7218,103.5,80095,1233,EC,BC
7219,103.5,80098,2751,ME,OC
7220,103.5,80100,2613,IT,MBC
7221,103.5,80102,1113,CS,SCA
7222,103.5,80104,1505,IT,OC
7223,103.5,80105,1322,BM,OC
7224,103.5,80107,5009,CE,BC
7225,103.5,80108,4864,EC,BC
7226,103.5,80109,2328,IT,MBC
7227,103.5,80110,2634,EC,OC
7228,103.5,80116,1505,EE,OC
7229,103.5,80118,2611,AG,BC
7230,103.5,80119,3805,IT,BC
7231,103.5,80124,3821,ME,OC
7232,103.5,80125,2661,CS,MBC
7233,103.5,80126,1402,CS,OC
7234,103.5,80128,2611,AG,BC
7235,103.5,80129,2357,CS,MBC
7236,103.5,80130,2314,EC,OC
7237,103.5,80132,1120,EC,SC
7238,103.5,80134,4989,CS,OC
7239,103.5,80135,2314,EC,OC
7240,103.5,80138,2647,EC,OC
7241,103.5,80139,4957,IT,OC
7242,103.5,80140,2622,CH,MBC
7243,103.5,80141,4965,EE,OC
7244,103.5,80143,3760,EC,MBC
7245,103.5,80145,1322,BM,OC
7246,103.5,80148,4953,ME,OC
7247,103.5,80149,1307,IT,BC
7248,103.5,80150,1013,IT,SC
7249,103.5,80155,3011,EE,SC
7250,103.5,80156,4965,BM,SC
7251,103.5,80157,2636,EE,OC
7252,103.5,80161,2722,CS,SC
7253,103.5,80162,2702,ME,MBC
7254,103.5,80164,2632,CS,OC
7255,103.5,80165,5913,PD,OC
7256,103.5,80166,2620,EC,SCA
7257,103.5,80167,2625,BM,OC
7258,103.5,80168,3804,BM,OC
7259,103.5,80169,2708,ME,OC
7260,103.5,80171,1444,EC,OC
7261,103.5,80172,2683,BM,OC
7262,103.5,80173,3459,BM,SC
7263,103.5,80174,2659,CS,OC
7264,103.5,80176,4992,CS,OC
7265,103.5,80177,2329,AD,MBC
7266,103.5,80179,3462,CS,OC
7267,103.5,80181,2707,BM,BC
7268,103.5,80182,2708,EE,BC
7269,103.5,80187,2646,CS,OC
7270,103.5,80188,2707,CS,MBC
7271,103.5,80189,2329,BM,MBC
7272,103.5,80190,2613,CS,BC
7273,103.5,80193,1101,EE,OC
7274,103.5,80194,4670,CS,MBC
7275,103.5,80195,3462,CS,OC
7276,103.5,80196,2624,BM,OC
7277,103.5,80197,2641,CS,OC
7278,103.5,80200,3464,CE,BC
7279,103.5,80201,1122,EC,BC
7280,103.5,80202,4965,CS,MBC
7281,103.5,80203,4023,EC,MBC
7282,103.5,80204,1128,EC,SC
7283,103.5,80205,1516,EE,BCM
7284,103.5,80206,2722,ME,OC
7285,103.5,80210,3829,EC,OC
7286,103.2,80213,5915,EC,OC
7287,103.2,80214,3843,CE,OC
7288,103.0,80215,4965,EC,MBC
7289,103.0,80216,2328,CS,MBC
7290,103.0,80218,1213,CS,OC
7291,103.0,80219,1116,ME,OC
7292,103.0,80220,2610,ME,OC
7293,103.0,80222,2632,IT,OC
7294,103.0,80223,1317,CE,OC
7295,103.0,80225,2750,ME,BC
7296,103.0,80226,2607,EC,MBC
7297,103.0,80227,2613,IT,BC
7298,103.0,80228,2702,CS,SC
7299,103.0,80229,1118,EC,SC
7300,103.0,80230,1123,EC,OC
7301,103.0,80231,1013,IT,SC
7302,103.0,80232,4964,AE,OC
7303,103.0,80234,2723,ME,MBC
7304,103.0,80237,2707,IT,SCA
7305,103.0,80238,2620,EC,BC
7306,103.0,80239,3843,CE,OC
7307,103.0,80243,1431,CS,MBC
7308,103.0,80246,4965,EC,BC
7309,103.0,80247,1413,EC,OC
7310,103.0,80248,4995,EC,OC
7311,103.0,80249,2601,ME,OC
7312,103.0,80251,1137,EE,OC
7313,103.0,80252,2621,EC,OC
7314,103.0,80253,3852,CS,OC
7315,103.0,80254,5930,CS,OC
7316,103.0,80257,1133,CS,OC
7317,103.0,80259,2702,ME,MBC
7318,103.0,80260,2610,CH,OC
7319,103.0,80261,5915,CS,OC
7320,103.0,80265,5,EI,OC
7321,103.0,80266,1207,IT,OC
7322,103.0,80267,1210,ME,OC
7323,103.0,80268,3810,AG,SC
7324,103.0,80270,2629,IT,OC
7325,103.0,80271,4670,EE,OC
7326,103.0,80273,2723,BM,SCA
7327,103.0,80274,1309,EE,MBC
7328,103.0,80275,2622,BM,SC
7329,103.0,80276,2610,AD,BC
7330,103.0,80277,2736,ME,OC
7331,103.0,80278,4961,ME,OC
7332,103.0,80282,1210,ME,OC
7333,103.0,80283,2734,MO,OC
7334,103.0,80286,1303,BT,BC
7335,103.0,80287,4931,ME,OC
7336,103.0,80288,2611,CS,SC
7337,103.0,80289,3016,CS,MBC
7338,103.0,80290,2639,CS,SC
7339,103.0,80291,2722,ME,OC
7340,103.0,80292,5533,EE,OC
7341,103.0,80293,1122,CE,OC
7342,103.0,80295,4023,CS,MBC
7343,103.0,80296,5930,ME,OC
7344,103.0,80297,5930,ME,OC
7345,103.0,80298,2715,AG,BC
7346,103.0,80299,1419,EC,SC
7347,103.0,80300,2707,AD,BC
7348,103.0,80303,2763,EC,OC
7349,103.0,80305,2651,ME,OC
7350,103.0,80308,4969,CS,OC
7351,103.0,80309,5009,CE,SC
7352,103.0,80310,2607,IT,MBC
7353,103.0,80311,4965,ME,OC
7354,103.0,80312,5904,IT,MBC
7355,103.0,80314,2611,CY,MBC
7356,103.0,80315,2314,AG,BC
7357,103.0,80316,1605,EE,OC
7358,103.0,80317,2329,CS,MBC
7359,103.0,80318,3410,CS,MBC
7360,103.0,80319,5536,EC,OC
7361,103.0,80321,4972,ME,OC
7362,103.0,80322,4678,EC,MBC
7363,103.0,80324,1015,EC,BC
7364,103.0,80325,2707,CS,SC
7365,103.0,80326,2327,CS,OC
7366,103.0,80327,2618,MZ,BC
7367,103.0,80328,1414,IT,BC
7368,103.0,80329,3425,EC,SC
7369,103.0,80331,2611,AG,BC
7370,103.0,80333,2736,ME,OC
7371,103.0,80334,3786,CS,MBC
7372,103.0,80335,2641,ME,OC
7373,103.0,80336,1218,CS,OC
7374,103.0,80339,3918,CE,OC
7375,103.0,80340,1015,CS,SC
7376,103.0,80342,1317,ME,BC
7377,103.0,80343,2653,IT,MBC
7378,103.0,80344,3847,BT,SCA
7379,103.0,80345,2661,CS,MBC
7380,103.0,80346,2721,IC,OC
7381,103.0,80348,2707,CS,MBC
7382,103.0,80349,5915,ME,OC
7383,103.0,80351,1317,EE,BC
7384,103.0,80353,1120,ME,BC
7385,103.0,80354,4957,IT,OC
7386,103.0,80355,4978,BM,OC
7387,103.0,80359,2710,CS,SCA
7388,103.0,80360,4975,EC,OC
7389,103.0,80361,1430,ME,OC
7390,103.0,80362,3826,ME,OC
7391,103.0,80368,4020,ME,SC
7392,103.0,80369,3021,CS,BC
7393,103.0,80371,2642,EE,OC
7394,103.0,80373,2609,CS,BC
7395,103.0,80377,2735,CS,BCM
7396,103.0,80378,4962,ME,MBC
7397,103.0,80380,3829,EC,OC
7398,103.0,80382,1303,AD,OC
7399,103.0,80385,1118,IT,SC
7400,103.0,80386,4917,EE,OC
7401,103.0,80387,2369,EC,ST
7402,103.0,80389,2722,EE,MBC
7403,103.0,80391,3830,CB,OC
7404,103.0,80392,1106,CS,OC
7405,103.0,80394,3462,EE,OC
7406,103.0,80395,1127,CS,OC
7407,103.0,80397,4023,ME,BC
7408,103.0,80398,5536,CS,OC
7409,103.0,80400,2620,EE,OC
7410,103.0,80401,2634,CS,BC
7411,103.0,80406,1320,IT,BC
7412,103.0,80409,2608,ME,OC
7413,103.0,80411,3829,IT,BC
7414,103.0,80413,4980,EC,OC
7415,103.0,80415,2763,CS,BC
7416,103.0,80416,3843,ME,OC
7417,103.0,80418,1226,EE,OC
7418,103.0,80420,2715,ME,OC
7419,103.0,80421,1014,CS,SC
7420,103.0,80423,4949,CS,OC
7421,103.0,80424,3805,PH,MBC
7422,103.0,80425,1316,IT,BC
7423,103.0,80428,2345,EC,BC
7424,103.0,80432,3786,CS,BC
7425,103.0,80442,1414,EC,BC
7426,103.0,80444,2621,CS,MBC
7427,103.0,80445,2609,CS,MBC
7428,103.0,80448,1422,EE,MBC
7429,103.0,80449,3830,IT,MBC
7430,103.0,80450,1311,EC,MBC
7431,103.0,80452,4953,CS,OC
7432,103.0,80453,1518,CS,OC
7433,103.0,80456,2661,IT,BC
7434,103.0,80457,2643,CS,MBC
7435,103.0,80458,2369,ME,SC
7436,103.0,80462,1123,AE,OC
7437,103.0,80466,2327,CS,OC
7438,103.0,80467,1113,ME,SCA
7439,103.0,80469,3466,EC,OC
7440,103.0,80471,3812,CS,OC
7441,103.0,80472,4957,CS,OC
7442,103.0,80473,3807,CE,OC
7443,103.0,80478,3804,BM,OC
7444,103.0,80479,1241,CS,OC
7445,103.0,80481,2722,CE,MBC
7446,103.0,80482,3830,CB,OC
7447,103.0,80483,4966,ME,OC
7448,103.0,80484,3826,EE,MBC
7449,103.0,80485,3458,PE,OC
7450,103.0,80486,2632,CS,OC
7451,103.0,80487,2642,CE,OC
7452,103.0,80489,1325,EC,SC
7453,103.0,80490,1126,CS,OC
7454,103.0,80491,4965,ME,OC
7455,103.0,80492,4941,CS,OC
7456,103.0,80493,2723,EE,BC
7457,103.0,80494,3786,EE,OC
7458,103.0,80496,3410,CS,BC
7459,103.0,80497,1307,IT,BC
7460,103.0,80498,2338,EE,OC
7461,103.0,80499,2721,CS,SC
7462,103.0,80501,3459,CS,OC
7463,103.0,80502,3846,CS,OC
7464,103.0,80503,2764,CE,BC
7465,103.0,80504,1116,CS,OC
7466,103.0,80505,4670,ME,OC
7467,103.0,80506,3860,ME,OC
7468,103.0,80507,4959,MZ,OC
7469,103.0,80508,2613,IT,MBC
7470,103.0,80509,1399,CE,SC
7471,103.0,80510,2735,IT,MBC
7472,103.0,80512,2628,CS,OC
7473,103.0,80513,1123,CS,OC
7474,103.0,80514,2636,CS,BC
7475,103.0,80515,1307,IT,MBC
7476,103.0,80516,1216,EC,MBC
7477,103.0,80519,1442,BM,OC
7478,103.0,80520,2653,CE,MBC
7479,103.0,80521,2726,EC,BC
7480,103.0,80522,2708,IT,MBC
7481,103.0,80523,1140,EE,OC
7482,103.0,80524,1505,IT,OC
7483,103.0,80525,2705,CS,OC
7484,103.0,80529,2722,ME,OC
7485,103.0,80530,2726,EC,BC
7486,103.0,80532,2708,IT,MBC
7487,103.0,80533,2740,CS,MBC
7488,103.0,80535,2369,CE,BC
7489,103.0,80537,1306,EC,BC
7490,103.0,80538,2621,IT,OC
7491,103.0,80540,2716,AG,OC
7492,103.0,80542,2609,CS,BC
7493,103.0,80548,1014,CE,OC
7494,103.0,80551,3806,CS,MBC
7495,103.0,80556,2608,ME,OC
7496,103.0,80559,3806,CS,MBC
7497,103.0,80560,3461,CS,OC
7498,103.0,80561,3805,EE,OC
7499,103.0,80562,2710,ME,MBC
7500,103.0,80563,2639,IT,OC
7501,103.0,80564,3805,BM,BCM
7502,103.0,80565,4686,EC,OC
7503,103.0,80566,2613,CE,OC
7504,103.0,80567,1424,CS,OC
7505,103.0,80569,4023,EE,BC
7506,103.0,80570,1519,CS,OC
7507,103.0,80571,4933,EE,OC
7508,103.0,80573,3801,IT,BC
7509,103.0,80576,2607,CB,OC
7510,103.0,80577,1409,BT,SC
7511,103.0,80578,4959,ME,OC
7512,103.0,80579,4981,IT,MBC
7513,103.0,80580,2354,EE,OC
7514,103.0,80583,2729,AE,BC
7515,103.0,80585,2609,CS,BC
7516,103.0,80587,1216,EC,BC
7517,103.0,80588,2610,BM,SC
7518,103.0,80589,2622,IT,MBC
7519,103.0,80590,2641,CS,OC
7520,103.0,80592,1226,CS,OC
7521,103.0,80593,5862,BM,OC
7522,103.0,80597,2719,IT,SC
7523,103.0,80600,5904,ME,OC
7524,103.0,80601,3801,EC,MBC
7525,103.0,80602,2618,MZ,MBC
7526,103.0,80603,1126,RM,OC
7527,103.0,80605,4955,IT,MBC
7528,103.0,80606,5832,CS,BC
7529,103.0,80607,2632,CS,OC
7530,103.0,80608,3760,CS,OC
7531,103.0,80609,3795,ME,OC
7532,103.0,80614,1207,ME,OC
7533,103.0,80615,1226,EC,OC
7534,103.0,80617,3815,IT,OC
7535,103.0,80618,2620,EC,BC
7536,103.0,80619,5904,ME,OC
7537,103.0,80620,2608,CE,BC
7538,103.0,80621,2707,CS,BC
7539,103.0,80622,3804,ME,OC
7540,103.0,80623,5930,EC,OC
7541,103.0,80624,4917,ME,OC
7542,103.0,80625,1516,ME,BC
7543,103.0,80626,3847,BT,MBC
7544,103.0,80627,4931,EE,OC
7545,103.0,80629,1127,EE,OC
7546,103.0,80631,3459,BM,BC
7547,103.0,80632,2740,CS,BCM
7548,103.0,80633,2624,BM,OC
7549,103.0,80636,2329,BT,BC
7550,103.0,80637,2718,CJ,SC
7551,103.0,80638,4917,AG,BC
7552,103.0,80639,3805,FD,SCA
7553,103.0,80640,4971,ME,BC
7554,103.0,80641,1311,AO,SC
7555,103.0,80642,1419,CB,SC
7556,103.0,80643,1228,BM,OC
7557,103.0,80644,2610,EE,OC
7558,103.0,80645,4992,CS,BC
7559,103.0,80647,2646,EE,OC
7560,103.0,80648,2601,EC,BC
7561,103.0,80649,4928,CS,BC
7562,103.0,80650,2610,EC,SC
7563,103.0,80652,2623,ME,OC
7564,103.0,80653,1202,CS,OC
7565,103.0,80654,2712,TX,SC
7566,103.0,80655,2628,AD,OC
7567,103.0,80656,4981,EE,OC
7568,103.0,80657,1303,ME,OC
7569,103.0,80658,3795,EC,BC
7570,103.0,80659,2610,EC,BC
7571,103.0,80660,1149,IT,SC
7572,103.0,80661,3826,EE,BC
7573,103.0,80663,4020,ME,BC
7574,103.0,80664,2639,CS,MBC
7575,103.0,80672,2357,CS,BC
7576,103.0,80676,2702,BM,SC
7577,103.0,80678,1013,EC,SC
7578,103.0,80679,3701,ME,OC
7579,103.0,80680,2349,BM,SC
7580,103.0,80682,4965,EC,MBC
7581,103.0,80683,4993,CS,OC
7582,103.0,80688,1316,CS,MBC
7583,103.0,80689,3795,EC,BC
7584,103.0,80690,2349,BM,MBC
7585,103.0,80691,2727,BT,MBC
7586,103.0,80695,3826,ME,OC
7587,103.0,80696,1413,ME,OC
7588,103.0,80698,4675,EE,OC
7589,103.0,80699,4969,CS,OC
7590,103.0,80700,3811,ME,OC
7591,103.0,80701,3817,EE,OC
7592,103.0,80704,3825,CS,OC
7593,103.0,80707,1303,BT,BC
7594,103.0,80708,2624,EE,OC
7595,103.0,80709,3810,ME,OC
7596,103.0,80711,3410,EC,OC
7597,103.0,80713,2354,CS,OC
7598,103.0,80714,2761,CS,BC
7599,103.0,80716,4969,EC,OC
7600,103.0,80717,4944,EC,BC
7601,103.0,80723,5930,ME,OC
7602,103.0,80725,3845,CS,OC
7603,103.0,80727,1422,EC,BCM
7604,103.0,80729,2734,TS,BC
7605,103.0,80730,1431,CS,SC
7606,103.0,80731,1014,EC,BC
7607,103.0,80733,2734,TS,BC
7608,103.0,80734,1304,EI,SC
7609,103.0,80735,4971,ME,BC
7610,103.0,80736,1505,CS,MBC
7611,103.0,80738,5990,CS,OC
7612,103.0,80739,2606,EE,OC
7613,103.0,80740,3905,CS,BC
7614,103.0,80743,2627,CS,MBC
7615,103.0,80744,3464,ME,MBC
7616,103.0,80745,2736,ME,OC
7617,103.0,80746,2702,ME,MBC
7618,103.0,80747,2342,EC,OC
7619,103.0,80748,2329,BM,BCM
7620,103.0,80750,4957,IT,OC
7621,103.0,80751,4954,CS,BC
7622,103.0,80752,2736,EC,BC
7623,103.0,80753,2639,CS,MBC
7624,103.0,80755,1405,CS,OC
7625,103.0,80756,2609,EC,OC
7626,103.0,80757,4978,BT,OC
7627,103.0,80758,4964,ME,OC
7628,103.0,80759,3011,ME,BC
7629,103.0,80760,1216,CH,BCM
7630,103.0,80761,2617,ME,OC
7631,103.0,80762,1432,EC,MBC
7632,103.0,80768,1409,AD,OC
7633,103.0,80770,4944,EC,BC
7634,103.0,80773,2706,MZ,OC
7635,103.0,80776,1505,CS,SC
7636,103.0,80777,5009,ME,BC
7637,103.0,80780,1219,CH,SC
7638,103.0,80781,1211,ME,SC
7639,103.0,80785,1114,CS,BCM
7640,103.0,80786,2610,AD,BC
7641,103.0,80787,2651,ME,OC
7642,103.0,80788,3011,XC,MBC
7643,103.0,80789,5703,EC,OC
7644,103.0,80790,1101,IT,OC
7645,103.0,80791,1422,EC,BCM
7646,103.0,80792,4955,EC,MBC
7647,103.0,80793,3464,ME,BC
7648,103.0,80794,2646,EE,OC
7649,103.0,80795,2345,EC,SC
7650,103.0,80796,1210,ME,OC
7651,103.0,80799,1419,ME,MBC
7652,103.0,80800,4992,CS,BC
7653,102.5,80803,3803,CE,OC
7654,102.5,80805,3805,EC,OC
7655,102.5,80806,3425,ME,OC
7656,102.5,80807,2683,CS,OC
7657,102.5,80809,2314,CS,BC
7658,102.5,80811,4670,EC,BC
7659,102.5,80812,1430,EE,OC
7660,102.5,80813,5902,CS,OC
7661,102.5,80814,4957,EC,OC
7662,102.5,80818,5865,EC,BC
7663,102.5,80821,4670,EC,BC
7664,102.5,80823,2634,CS,MBC
7665,102.5,80824,1421,EC,OC
7666,102.5,80825,1303,AD,MBC
7667,102.5,80826,2610,IT,SC
7668,102.5,80827,4946,ME,OC
7669,102.5,80828,2661,CS,MBC
7670,102.5,80830,2708,EC,BC
7671,102.5,80831,1207,IT,OC
7672,102.5,80832,2722,IC,BC
7673,102.5,80833,4959,EE,OC
7674,102.5,80834,2610,CE,OC
7675,102.5,80835,5,IT,MBC
7676,102.5,80836,2624,AG,OC
7677,102.5,80839,2750,BT,MBC
7678,102.5,80840,2601,ME,OC
7679,102.5,80841,1402,EC,OC
7680,102.5,80842,3011,ME,BC
7681,102.5,80843,5919,BT,BC
7682,102.5,80845,4670,EC,BC
7683,102.5,80846,1519,CS,OC
7684,102.5,80847,5904,EE,OC
7685,102.5,80848,3905,EE,OC
7686,102.5,80849,2357,ME,MBC
7687,102.5,80850,2653,EE,BC
7688,102.5,80851,1310,IT,BC
7689,102.5,80852,2636,CS,MBC
7690,102.5,80854,1414,IT,SC
7691,102.5,80855,1217,CS,OC
7692,102.5,80856,1420,CS,BC
7693,102.5,80859,2715,EE,MBC
7694,102.5,80860,4981,ME,BC
7695,102.5,80861,2624,AG,OC
7696,102.5,80864,2665,ME,OC
7697,102.5,80866,2651,EE,OC
7698,102.5,80868,2767,EE,OC
7699,102.5,80869,1441,EE,OC
7700,102.5,80875,4971,IT,MBC
7701,102.5,80876,2727,CE,OC
7702,102.5,80878,4975,CS,OC
7703,102.5,80881,2739,ME,MBC
7704,102.5,80882,2617,CS,OC
7705,102.5,80883,5536,CS,OC
7706,102.5,80884,2610,BM,MBC
7707,102.5,80885,2729,ME,OC
7708,102.5,80887,2345,EE,OC
7709,102.5,80889,2639,IT,OC
7710,102.5,80890,3805,CS,BC
7711,102.5,80891,2710,ME,SC
7712,102.5,80894,2708,EE,MBC
7713,102.5,80895,4680,EC,BC
7714,102.5,80896,4024,EC,BC
7715,102.5,80897,3860,CS,OC
7716,102.5,80898,3459,CS,SC
7717,102.5,80901,1504,CH,OC
7718,102.5,80902,2360,EC,OC
7719,102.5,80903,2622,IT,MBC
7720,102.5,80907,2758,IT,OC
7721,102.5,80908,3803,EC,MBC
7722,102.5,80910,2736,EC,BC
7723,102.5,80912,2721,IC,OC
7724,102.5,80913,4953,EC,BC
7725,102.5,80914,4975,CS,OC
7726,102.5,80918,2347,CS,OC
7727,102.5,80919,4955,ME,OC
7728,102.5,80920,1126,AG,BCM
7729,102.5,80921,2620,EE,OC
7730,102.5,80923,1303,IT,MBC
7731,102.5,80925,2636,CS,SC
7732,102.5,80927,3830,EC,MBC
7733,102.5,80929,2733,CS,OC
7734,102.5,80931,3810,AG,SC
7735,102.5,80932,2614,CS,OC
7736,102.5,80933,2713,CS,OC
7737,102.5,80934,3459,CS,BC
7738,102.5,80935,1505,EE,OC
7739,102.5,80937,4960,ME,MBC
7740,102.5,80938,4944,EC,BC
7741,102.5,80940,5,CS,BC
7742,102.5,80941,2611,PH,OC
7743,102.5,80943,2755,CS,OC
7744,102.5,80944,1110,EC,OC
7745,102.5,80948,1432,CO,MBC
7746,102.5,80949,1507,IT,OC
7747,102.5,80950,1303,BT,MBC
7748,102.5,80951,3908,EC,OC
7749,102.5,80952,2708,AU,OC
7750,102.5,80953,2329,IT,MBC
7751,102.5,80954,2621,EC,OC
7752,102.5,80955,1422,ME,OC
7753,102.5,80957,5530,CE,OC
7754,102.5,80960,4023,CS,MBC
7755,102.5,80961,1212,EC,OC
7756,102.5,80962,2610,EE,OC
7757,102.5,80963,3021,EC,OC
7758,102.5,80965,1233,EC,MBC
7759,102.5,80967,4965,EC,BC
7760,102.5,80968,2704,CS,SCA
7761,102.5,80970,1112,EC,SC
7762,102.5,80971,4955,EE,OC
7763,102.5,80972,1211,AU,MBC
7764,102.5,80973,2715,AG,SC
7765,102.5,80974,3803,CE,OC
7766,102.5,80975,2711,EI,MBC
7767,102.5,80976,2609,CY,BC
7768,102.5,80977,4954,ME,OC
7769,102.5,80983,5988,CS,OC
7770,102.5,80984,4971,ME,BC
7771,102.5,80985,4864,EE,OC
7772,102.5,80988,1409,BT,SC
7773,102.5,80990,2658,EC,OC
7774,102.5,80992,1413,AD,OC
7775,102.5,80994,3460,CS,OC
7776,102.5,80996,1452,CS,SC
7777,102.5,80997,3826,ME,OC
7778,102.5,80998,1317,CE,OC
7779,102.5,81000,1127,CS,OC
7780,102.5,81001,1301,CS,BC
7781,102.5,81003,2639,EE,OC
7782,102.5,81004,1401,CE,OC
7783,102.5,81006,3803,EC,MBC
7784,102.5,81007,4023,ME,BC
7785,102.5,81008,2625,BM,OC
7786,102.5,81009,5919,BT,SC
7787,102.5,81010,2736,ME,OC
7788,102.5,81014,2661,IT,BC
7789,102.5,81015,4670,ME,OC
7790,102.5,81016,1126,AG,SC
7791,102.5,81017,5935,CS,BCM
7792,102.5,81018,2734,EC,OC
7793,102.5,81020,2636,CS,BC
7794,102.5,81021,2716,CS,SC
7795,102.5,81024,5990,EE,OC
7796,102.5,81025,1441,EE,OC
7797,102.5,81027,2610,EE,OC
7798,102.5,81028,1504,CS,BCM
7799,102.5,81031,4971,CS,MBC
7800,102.5,81033,2707,EI,BC
7801,102.5,81034,1013,ME,MBC
7802,102.5,81036,3807,CS,BC
7803,102.5,81037,2710,CE,BC
7804,102.5,81038,2329,BT,SC
7805,102.5,81040,2659,CS,OC
7806,102.5,81041,4672,ME,BC
7807,102.5,81042,2726,CS,MBC
7808,102.5,81045,2610,BM,MBC
7809,102.5,81046,2639,CS,BC
7810,102.5,81047,3805,CS,BC
7811,102.5,81048,2729,CB,OC
7812,102.5,81049,3804,CS,OC
7813,102.5,81050,1123,CS,OC
7814,102.5,81051,2731,CS,BC
7815,102.5,81052,2656,EC,OC
7816,102.5,81053,2651,EC,OC
7817,102.5,81056,2653,EE,BC
7818,102.5,81058,1237,IT,MBC
7819,102.5,81060,2716,AG,OC
7820,102.5,81062,2329,IT,MBC
7821,102.5,81063,2750,AE,BC
7822,102.5,81064,3803,EE,OC
7823,102.5,81065,3829,EC,OC
7824,102.5,81066,1014,IT,SC
7825,102.5,81067,4949,ME,OC
7826,102.5,81069,2646,CS,OC
7827,102.5,81070,3018,EC,OC
7828,102.5,81071,1211,AU,BC
7829,102.5,81072,4993,IT,OC
7830,102.5,81073,5,ME,OC
7831,102.5,81075,2707,EE,MBC
7832,102.5,81076,2683,BM,OC
7833,102.5,81078,2638,EC,OC
7834,102.5,81079,2721,IC,OC
7835,102.5,81081,2776,MZ,OC
7836,102.5,81084,3812,CS,OC
7837,102.5,81086,3817,EE,OC
7838,102.5,81087,1015,EC,MBC
7839,102.5,81088,3829,CE,OC
7840,102.5,81089,5530,ME,OC
7841,102.5,81091,2723,CS,MBC
7842,102.5,81092,1316,EC,MBC
7843,102.5,81098,3458,AG,SC
7844,102.5,81101,4864,ME,OC
7845,102.5,81102,2740,CS,ST
7846,102.5,81103,3806,BM,MBC
7847,102.5,81104,1127,CS,OC
7848,102.5,81105,2346,EE,OC
7849,102.5,81107,4959,EI,OC
7850,102.5,81108,2721,CS,BC
7851,102.5,81109,1110,IT,BC
7852,102.5,81111,3820,EE,OC
7853,102.5,81112,1322,BM,OC
7854,102.5,81113,4931,CE,OC
7855,102.5,81114,4864,EE,OC
7856,102.5,81116,2723,ME,BC
7857,102.5,81117,2661,CS,SCA
7858,102.5,81121,1421,CS,SC
7859,102.5,81122,2653,ME,OC
7860,102.5,81124,3806,CE,OC
7861,102.5,81125,2711,EI,MBC
7862,102.5,81126,1316,CS,MBC
7863,102.5,81127,1441,CS,OC
7864,102.5,81128,1311,EC,BCM
7865,102.5,81129,2744,CS,SC
7866,102.5,81131,4933,CS,OC
7867,102.5,81134,4981,EE,OC
7868,102.5,81138,1413,CS,MBC
7869,102.5,81140,1118,ME,BC
7870,102.5,81142,3805,CS,MBC
7871,102.5,81143,4670,EE,OC
7872,102.5,81144,2702,CE,BCM
7873,102.5,81145,2651,CS,BC
7874,102.5,81146,1210,CS,ST
7875,102.5,81149,4971,ME,BC
7876,102.5,81150,1505,CS,BCM
7877,102.5,81151,2329,ME,OC
7878,102.5,81153,2661,CS,SC
7879,102.5,81155,2731,ME,OC
7880,102.5,81156,4023,CE,MBC
7881,102.5,81159,2764,EE,MBC
7882,102.5,81161,5910,CE,BC
7883,102.5,81163,2342,EC,OC
7884,102.5,81165,2740,AE,SC
7885,102.5,81169,2752,IT,OC
7886,102.5,81170,2719,RM,MBC
7887,102.5,81171,2708,IT,MBC
7888,102.5,81172,4944,EC,BC
7889,102.5,81173,1316,CS,BC
7890,102.5,81175,2614,CS,OC
7891,102.5,81176,1210,ME,OC
7892,102.5,81177,2726,ME,OC
7893,102.5,81179,1118,EC,SC
7894,102.5,81180,5865,CS,BC
7895,102.5,81181,2611,IT,MBC
7896,102.5,81182,1422,ME,OC
7897,102.5,81183,2611,EC,OC
7898,102.5,81185,2764,CE,MBC
7899,102.5,81186,5,ME,OC
7900,102.5,81187,2769,PD,OC
7901,102.5,81188,2763,CS,BC
7902,102.5,81189,1149,EC,BC
7903,102.5,81190,1401,IT,BC
7904,102.5,81191,4023,ME,SC
7905,102.5,81192,4678,EE,MBC
7906,102.5,81194,1325,CS,MBC
7907,102.5,81195,5865,CE,OC
7908,102.5,81196,2706,EI,BC
7909,102.5,81198,2634,CS,MBC
7910,102.5,81201,3801,ME,OC
7911,102.5,81202,1026,EC,SC
7912,102.5,81203,3459,BM,BC
7913,102.5,81204,1303,CS,MBC
7914,102.5,81206,1303,IT,BC
7915,102.5,81208,2734,EC,OC
7916,102.5,81209,1211,CS,SCA
7917,102.5,81210,1509,CS,MBC
7918,102.5,81212,2656,CE,OC
7919,102.5,81214,3807,CS,BC
7920,102.5,81215,4020,ME,SC
7921,102.5,81216,1306,CS,SC
7922,102.5,81218,1409,BT,MBC
7923,102.5,81219,3805,IT,MBC
7924,102.5,81220,1306,EC,BC
7925,102.5,81221,5,CS,BC
7926,102.5,81223,1510,CS,SC
7927,102.5,81224,4969,CS,SCA
7928,102.5,81225,5017,ME,OC
7929,102.5,81226,3011,ME,SC
7930,102.5,81228,2708,CH,BC
7931,102.5,81229,1207,IT,OC
7932,102.5,81230,2651,EC,OC
7933,102.5,81231,4953,CS,OC
7934,102.5,81232,2005,EI,ST
7935,102.5,81233,1431,IT,OC
7936,102.5,81235,4670,EC,BC
7937,102.5,81236,4971,CE,BC
7938,102.5,81237,2665,PD,OC
7939,102.5,81238,2776,AG,SC
7940,102.5,81239,2711,CS,SC
7941,102.5,81241,3805,EE,OC
7942,102.5,81243,3786,CS,BC
7943,102.5,81246,2628,AD,OC
7944,102.5,81249,3820,CS,OC
7945,102.5,81250,3465,ME,ST
7946,102.5,81251,2618,IT,SC
7947,102.5,81253,2727,BM,BC
7948,102.5,81254,4959,EE,OC
7949,102.5,81255,2710,EE,MBC
7950,102.5,81256,2367,EC,OC
7951,102.5,81257,2609,CS,MBC
7952,102.5,81258,1110,CS,MBC
7953,102.5,81259,2652,EE,OC
7954,102.5,81260,4972,EE,OC
7955,102.5,81264,1231,EC,MBC
7956,102.5,81268,5904,ME,OC
7957,102.5,81269,2639,EC,SCA
7958,102.5,81271,1419,ME,MBC
7959,102.5,81276,4917,EC,BC
7960,102.5,81277,1412,CS,SC
7961,102.5,81281,2733,CS,OC
7962,102.5,81283,2708,EC,BC
7963,102.5,81284,5842,IT,OC
7964,102.5,81285,3825,CS,OC
7965,102.5,81286,2705,CS,OC
7966,102.5,81288,2620,BM,BC
7967,102.5,81291,1026,EE,MBC
7968,102.5,81293,4020,ME,BC
7969,102.5,81294,2609,ME,OC
7970,102.5,81295,2755,AG,BC
7971,102.5,81296,2624,BM,OC
7972,102.5,81300,4993,EE,OC
7973,102.5,81304,3815,BT,MBC
7974,102.5,81305,4993,EC,OC
7975,102.5,81306,5915,EE,OC
7976,102.5,81307,4993,ME,OC
7977,102.5,81308,3813,CS,OC
7978,102.5,81309,3811,EC,OC
7979,102.5,81310,2609,IT,OC
7980,102.5,81311,1412,CS,BC
7981,102.5,81314,3461,ME,OC
7982,102.5,81315,2611,CY,BC
7983,102.5,81319,5017,ME,OC
7984,102.5,81320,2609,AO,OC
7985,102.5,81321,2606,CS,OC
7986,102.5,81322,2661,CS,SC
7987,102.5,81324,5,AM,BC
7988,102.5,81327,1210,CE,BC
7989,102.5,81329,4680,ME,BC
7990,102.5,81330,4981,EE,OC
7991,102.5,81331,4917,CE,OC
7992,102.5,81332,3021,CS,MBC
7993,102.5,81333,1324,ME,BC
7994,102.5,81334,2608,EC,MBC
7995,102.5,81335,1225,IT,MBC
7996,102.5,81336,5913,CS,OC
7997,102.5,81339,2711,ME,MBC
7998,102.5,81345,1441,EE,OC
7999,102.5,81346,4023,CE,BC
8000,102.5,81347,1401,EE,OC
8001,102.5,81348,1237,EC,OC
8002,102.5,81349,1026,ME,SC
8003,102.5,81351,3803,EC,MBC
8004,102.5,81356,5532,CS,BCM
8005,102.5,81357,2713,IT,OC
8006,102.5,81359,3829,IT,MBC
8007,102.5,81360,2347,EE,OC
8008,102.5,81361,3425,CS,SC
8009,102.5,81362,3826,CE,MBC
8010,102.5,81364,1325,EC,BC
8011,102.5,81366,4948,FT,OC
8012,102.5,81367,2357,CS,BC
8013,102.5,81369,2329,IT,SC
8014,102.5,81370,4999,CE,OC
8015,102.5,81373,3804,BM,OC
8016,102.5,81380,3465,EE,SCA
8017,102.5,81382,2347,ME,OC
8018,102.5,81383,3830,EC,MBC
8019,102.5,81384,1409,EC,OC
8020,102.5,81385,4670,ME,OC
8021,102.5,81387,2725,IT,SC
8022,102.5,81388,3807,CS,MBC
8023,102.5,81389,3810,AG,BC
8024,102.5,81390,4964,AE,OC
8025,102.5,81392,2628,EE,OC
8026,102.5,81393,2716,AG,OC
8027,102.5,81395,3833,CS,BC
8028,102.5,81397,2609,CY,MBC
8029,102.5,81398,3805,CS,BC
8030,102.5,81403,2705,CS,OC
8031,102.5,81404,4953,CS,OC
8032,102.5,81405,1408,EC,OC
8033,102.5,81406,2726,AG,BC
8034,102.5,81408,5009,ME,BC
8035,102.5,81409,5914,CS,SC
8036,102.5,81410,4928,CS,BC
8037,102.5,81413,2719,CE,MBC
8038,102.5,81414,2601,BT,BCM
8039,102.5,81416,4020,GI,SC
8040,102.0,81417,2640,EE,OC
8041,102.0,81418,4669,CS,OC
8042,102.0,81419,2652,EC,OC
8043,102.0,81421,2704,MZ,MBC
8044,102.0,81423,2610,ME,OC
8045,102.0,81424,2354,CS,OC
8046,102.0,81427,4960,ME,BCM
8047,102.0,81430,2345,ME,OC
8048,102.0,81431,2710,ME,BC
8049,102.0,81432,4669,EE,OC
8050,102.0,81433,1306,ME,OC
8051,102.0,81434,2752,CS,OC
8052,102.0,81435,2625,ME,OC
8053,102.0,81436,3810,IT,MBC
8054,102.0,81438,3410,CS,BC
8055,102.0,81440,1313,BM,OC
8056,102.0,81441,2723,EE,MBC
8057,102.0,81442,2715,EC,BC
8058,102.0,81443,2744,CS,BC
8059,102.0,81446,2622,EC,SC
8060,102.0,81447,2727,IT,MBC
8061,102.0,81448,2723,EE,BC
8062,102.0,81451,4680,EC,BC
8063,102.0,81452,1519,CS,OC
8064,102.0,81453,1026,ME,BCM
8065,102.0,81454,3833,CE,OC
8066,102.0,81456,2329,CS,MBC
8067,102.0,81459,3803,CE,OC
8068,102.0,81461,5910,ME,BC
8069,102.0,81462,2615,ME,SCA
8070,102.0,81463,2627,BT,MBC
8071,102.0,81464,2710,ET,OC
8072,102.0,81465,4955,EC,MBC
8073,102.0,81466,2750,EE,SCA
8074,102.0,81467,2763,CS,BC
8075,102.0,81468,4980,CS,OC
8076,102.0,81469,3905,CS,BC
8077,102.0,81471,4933,ME,OC
8078,102.0,81472,3905,ME,OC
8079,102.0,81473,4965,ME,OC
8080,102.0,81474,1202,ME,OC
8081,102.0,81475,5988,CS,OC
8082,102.0,81477,3831,IT,OC
8083,102.0,81478,3011,ME,BC
8084,102.0,81479,2609,IT,OC
8085,102.0,81480,5988,EE,OC
8086,102.0,81482,3805,CS,SC
8087,102.0,81485,1307,CS,MBC
8088,102.0,81486,2647,IT,OC
8089,102.0,81487,4969,EC,OC
8090,102.0,81488,3805,CS,BC
8091,102.0,81490,2618,MZ,MBC
8092,102.0,81491,2723,ME,MBC
8093,102.0,81492,2743,EC,OC
8094,102.0,81495,1316,ME,OC
8095,102.0,81496,2610,ME,OC
8096,102.0,81497,5533,CS,OC
8097,102.0,81499,2763,EC,OC
8098,102.0,81500,3829,EC,OC
8099,102.0,81501,2369,CE,BC
8100,102.0,81502,5832,CS,BC
8101,102.0,81503,2716,MZ,OC
8102,102.0,81504,1316,BM,SC
8103,102.0,81505,4998,EE,OC
8104,102.0,81506,1420,EC,OC
8105,102.0,81507,2741,CS,BC
8106,102.0,81509,4670,EC,BC
8107,102.0,81511,2711,CE,BC
8108,102.0,81513,3905,ME,OC
8109,102.0,81517,2725,CS,SC
8110,102.0,81520,2715,ME,OC
8111,102.0,81521,4949,CE,OC
8112,102.0,81524,4944,CE,OC
8113,102.0,81525,4964,ME,OC
8114,102.0,81526,2609,AD,MBC
8115,102.0,81528,2628,AU,OC
8116,102.0,81529,3805,AD,OC
8117,102.0,81530,2735,AD,SC
8118,102.0,81531,2643,CS,BC
8119,102.0,81532,2620,CS,SCA
8120,102.0,81533,2627,BT,SC
8121,102.0,81534,2614,TX,OC
8122,102.0,81536,3805,EC,OC
8123,102.0,81537,2750,EC,MBC
8124,102.0,81538,2603,ME,SCA
8125,102.0,81539,5915,EC,OC
8126,102.0,81540,2750,EE,MBC
8127,102.0,81541,2607,TX,BC
8128,102.0,81542,2611,EC,OC
8129,102.0,81543,4670,ME,OC
8130,102.0,81544,1304,ME,BC
8131,102.0,81545,5,EC,BC
8132,102.0,81546,3805,PH,BC
8133,102.0,81547,2709,EC,SC
8134,102.0,81549,1225,CS,MBC
8135,102.0,81552,3841,CS,OC
8136,102.0,81553,3830,IT,MBC
8137,102.0,81560,1510,CS,BCM
8138,102.0,81561,5,CS,BC
8139,102.0,81562,2608,EC,SC
8140,102.0,81563,1225,EC,OC
8141,102.0,81564,2610,EC,BC
8142,102.0,81567,2715,BM,MBC
8143,102.0,81570,4864,EC,BC
8144,102.0,81571,2620,CS,MBC
8145,102.0,81572,2622,ME,BC
8146,102.0,81573,2618,MZ,MBC
8147,102.0,81575,3807,IT,OC
8148,102.0,81576,4929,CE,OC
8149,102.0,81577,4969,CS,BC
8150,102.0,81578,1447,IT,OC
8151,102.0,81579,1026,ME,BC
8152,102.0,81580,2328,BM,SC
8153,102.0,81582,3011,AU,MBC
8154,102.0,81583,1303,CS,MBC
8155,102.0,81584,2740,ME,OC
8156,102.0,81585,2617,EC,OC
8157,102.0,81586,1325,IT,SC
8158,102.0,81588,3806,EC,OC
8159,102.0,81590,1408,CS,BC
8160,102.0,81593,4955,ME,OC
8161,102.0,81594,1238,BM,MBC
8162,102.0,81597,5,EE,OC
8163,102.0,81599,4960,IT,SC
8164,102.0,81600,3806,CE,OC
8165,102.0,81601,1202,IT,OC
8166,102.0,81604,2642,IT,OC
8167,102.0,81607,4957,ME,OC
8168,102.0,81609,2722,ME,OC
8169,102.0,81610,5910,EE,MBC
8170,102.0,81612,5010,CE,SCA
8171,102.0,81614,2636,CS,BC
8172,102.0,81615,2736,BM,SCA
8173,102.0,81616,1401,CS,BC
8174,102.0,81617,4023,ME,BC
8175,102.0,81621,4953,CS,OC
8176,102.0,81624,2609,ME,OC
8177,102.0,81625,3847,CH,OC
8178,102.0,81627,3826,EE,BC
8179,102.0,81628,2609,IT,OC
8180,102.0,81630,1431,EC,OC
8181,102.0,81631,3458,AG,SC
8182,102.0,81633,4672,ME,BC
8183,102.0,81634,2716,IT,BC
8184,102.0,81635,2611,EC,OC
8185,102.0,81638,1309,EE,MBC
8186,102.0,81639,1422,AG,SCA
8187,102.0,81640,2617,EE,OC
8188,102.0,81641,2744,CS,BC
8189,102.0,81642,3805,BM,SC
8190,102.0,81644,2623,BM,MBC
8191,102.0,81646,1442,AD,BC
8192,102.0,81648,5,CH,SC
8193,102.0,81650,3410,CS,MBC
8194,102.0,81651,1509,CS,SC
8195,102.0,81652,2610,CS,MBC
8196,102.0,81653,3806,CE,OC
8197,102.0,81654,2731,CS,SC
8198,102.0,81655,1207,CS,MBC
8199,102.0,81656,4670,ME,OC
8200,102.0,81657,4955,EE,OC
8201,102.0,81658,2702,ME,MBC
8202,102.0,81659,4978,BM,OC
8203,102.0,81660,2639,CS,BC
8204,102.0,81661,4024,GI,OC
8205,102.0,81662,1013,EC,SC
8206,102.0,81663,4979,IT,OC
8207,102.0,81664,4670,EC,BC
8208,102.0,81670,3831,IT,OC
8209,102.0,81671,3860,ME,OC
8210,102.0,81674,2711,EC,SC
8211,102.0,81675,1510,EE,OC
8212,102.0,81677,1304,CE,BC
8213,102.0,81678,2715,EC,SCA
8214,102.0,81680,4672,EC,OC
8215,102.0,81681,3766,CS,OC
8216,102.0,81683,2707,CS,MBC
8217,102.0,81685,2642,CS,MBC
8218,102.0,81686,5532,ME,OC
8219,102.0,81688,3459,BM,SC
8220,102.0,81689,4934,EC,OC
8221,102.0,81690,1504,BT,SC
8222,102.0,81691,2611,AG,BC
8223,102.0,81692,3905,CS,BC
8224,102.0,81694,1505,CE,OC
8225,102.0,81695,3011,PC,ST
8226,102.0,81696,3908,CS,BC
8227,102.0,81697,2652,ME,OC
8228,102.0,81698,2640,CS,OC
8229,102.0,81699,2360,EC,OC
8230,102.0,81700,1401,EC,OC
8231,102.0,81702,4678,EC,MBC
8232,102.0,81703,2634,FD,OC
8233,102.0,81704,2723,CE,SC
8234,102.0,81705,2740,PH,OC
8235,102.0,81706,1116,CS,BCM
8236,102.0,81707,4680,EE,MBC
8237,102.0,81708,2618,CS,SC
8238,102.0,81709,5904,EE,OC
8239,102.0,81710,2707,AG,BC
8240,102.0,81716,2716,CS,BC
8241,102.0,81717,1517,CS,OC
8242,102.0,81718,1303,EE,OC
8243,102.0,81719,4678,ME,OC
8244,102.0,81720,2740,AE,MBC
8245,102.0,81725,5904,EE,OC
8246,102.0,81726,2702,AU,BC
8247,102.0,81729,1317,ME,BC
8248,102.0,81731,4978,BM,OC
8249,102.0,81732,4984,CS,OC
8250,102.0,81733,1441,EC,OC
8251,102.0,81734,1216,EC,MBC
8252,102.0,81737,1420,EC,OC
8253,102.0,81738,2665,ME,OC
8254,102.0,81739,5536,AG,OC
8255,102.0,81740,5010,CE,BC
8256,102.0,81741,1202,CS,OC
8257,102.0,81742,4669,EC,SC
8258,102.0,81744,2613,CS,BC
8259,102.0,81745,2744,ME,OC
8260,102.0,81746,2708,EI,OC
8261,102.0,81747,2625,CH,OC
8262,102.0,81748,2624,BM,OC
8263,102.0,81749,2338,CS,OC
8264,102.0,81750,2727,CS,SC
8265,102.0,81752,1412,CS,MBC
8266,102.0,81755,4670,EE,OC
8267,102.0,81756,5988,CS,OC
8268,102.0,81758,2743,EC,OC
8269,102.0,81759,1110,IT,BC
8270,102.0,81760,2638,EE,OC
8271,102.0,81762,5,EE,OC
8272,102.0,81765,1137,EC,OC
8273,102.0,81768,1210,EE,MBC
8274,102.0,81769,2610,EE,OC
8275,102.0,81770,3795,ME,OC
8276,102.0,81773,2719,CE,SC
8277,102.0,81775,1317,ME,SC
8278,102.0,81776,3849,IT,OC
8279,102.0,81777,4672,CS,BC
8280,102.0,81782,3425,EC,BC
8281,102.0,81783,5910,CB,MBC
8282,102.0,81784,2621,IT,OC
8283,102.0,81787,2653,EC,MBC
8284,102.0,81788,2636,CS,BC
8285,102.0,81789,2618,FT,BC
8286,102.0,81790,4953,CE,OC
8287,102.0,81791,3843,ME,OC
8288,102.0,81793,2727,CE,OC
8289,102.0,81795,2653,EC,MBC
8290,102.0,81797,2639,EE,OC
8291,102.0,81799,1304,RM,SC
8292,102.0,81807,2329,BM,MBC
8293,102.0,81811,2764,CE,MBC
8294,102.0,81813,2357,EE,OC
8295,102.0,81814,1225,EC,OC
8296,102.0,81816,3464,CE,BC
8297,102.0,81817,2767,CE,OC
8298,102.0,81818,4024,CE,OC
8299,102.0,81819,2601,ME,OC
8300,102.0,81820,4993,BM,BC
8301,102.0,81821,1118,EC,MBC
8302,102.0,81822,1412,CS,SC
8303,102.0,81823,3016,CS,MBC
8304,102.0,81826,2744,IT,SC
8305,102.0,81827,2707,CE,OC
8306,102.0,81829,4965,EE,OC
8307,102.0,81830,4955,EC,MBC
8308,102.0,81832,3011,AU,BC
8309,102.0,81834,4952,CS,OC
8310,102.0,81837,2610,CY,MBC
8311,102.0,81839,4957,CS,SC
8312,102.0,81842,2609,AO,OC
8313,102.0,81845,3807,EC,OC
8314,102.0,81846,1452,CS,BC
8315,102.0,81847,5009,ME,BC
8316,102.0,81851,2711,CS,SC
8317,102.0,81854,2718,CS,SCA
8318,102.0,81855,1316,CS,MBC
8319,102.0,81857,4955,CE,OC
8320,102.0,81859,1316,BM,MBC
8321,102.0,81860,2622,CS,BCM
8322,102.0,81861,3016,CS,MBC
8323,102.0,81862,3766,CS,OC
8324,102.0,81863,4953,CE,OC
8325,102.0,81865,1114,EC,BC
8326,102.0,81866,3826,IT,SC
8327,102.0,81867,5009,ME,BC
8328,102.0,81868,1509,CS,SC
8329,102.0,81869,4994,EC,OC
8330,102.0,81870,2630,EC,BC
8331,102.0,81873,4992,IT,OC
8332,102.0,81874,1211,CS,SCA
8333,102.0,81878,3804,CE,OC
8334,102.0,81883,2609,AO,OC
8335,102.0,81884,5910,CE,SC
8336,102.0,81885,3908,ME,OC
8337,102.0,81886,2622,CH,BC
8338,102.0,81887,4960,ME,MBC
8339,102.0,81888,2349,CS,OC
8340,102.0,81889,4672,CS,BC
8341,102.0,81890,1325,EC,BCM
8342,102.0,81891,1303,BT,SC
8343,102.0,81893,2314,CS,BC
8344,102.0,81895,4999,AD,OC
8345,102.0,81896,4965,EC,BC
8346,102.0,81897,4676,CS,BC
8347,102.0,81901,2623,ME,OC
8348,102.0,81903,2706,ME,BC
8349,102.0,81904,3795,EC,BC
8350,102.0,81905,2620,EC,SCA
8351,102.0,81906,1304,AD,SCA
8352,102.0,81909,4917,CE,OC
8353,102.0,81911,4965,BM,BCM
8354,102.0,81912,1452,CS,SC
8355,102.0,81913,2702,EE,BCM
8356,102.0,81915,2711,ME,BC
8357,102.0,81916,2665,PD,OC
8358,102.0,81917,1015,EC,MBC
8359,102.0,81918,1306,EC,MBC
8360,102.0,81919,2341,BM,OC
8361,102.0,81921,2609,EC,OC
8362,102.0,81922,2758,CS,OC
8363,102.0,81923,4670,CE,OC
8364,102.0,81924,1207,EC,OC
8365,102.0,81925,3817,CE,OC
8366,102.0,81926,4669,EC,MBC
8367,102.0,81930,2729,EC,OC
8368,102.0,81931,2607,AD,BC
8369,102.0,81933,2727,EE,OC
8370,102.0,81934,3454,CS,MBC
8371,102.0,81935,4954,IT,BC
8372,102.0,81937,1408,CS,BC
8373,102.0,81945,4970,CS,OC
8374,102.0,81947,1414,EE,OC
8375,102.0,81948,2623,BM,MBC
8376,102.0,81950,2622,BM,ST
8377,102.0,81951,3454,ME,OC
8378,102.0,81952,1432,CS,SC
8379,102.0,81954,1118,EE,BC
8380,102.0,81955,2648,EE,OC
8381,102.0,81956,3760,EE,OC
8382,102.0,81957,1237,EC,OC
8383,102.0,81958,3805,BM,BC
8384,102.0,81961,3857,ME,OC
8385,102.0,81963,2750,EC,MBC
8386,102.0,81965,3810,EE,OC
8387,102.0,81967,2620,CS,BCM
8388,102.0,81968,2342,CE,OC
8389,102.0,81969,2710,ET,OC
8390,102.0,81978,4929,ME,OC
8391,102.0,81979,1452,EC,OC
8392,102.0,81981,2611,CS,MBC
8393,102.0,81982,2706,ME,BC
8394,102.0,81983,4957,EC,OC
8395,102.0,81984,4949,EE,OC
8396,102.0,81985,2707,EE,MBC
8397,102.0,81987,2719,AE,SC
8398,102.0,81991,1126,BM,SC
8399,102.0,81992,3011,ME,SC
8400,102.0,81994,4864,CS,BC
8401,102.0,81998,2727,BM,BC
8402,102.0,82000,1322,IT,OC
8403,102.0,82002,2659,BM,SC
8404,101.5,82005,2609,AO,OC
8405,101.5,82006,1149,EC,MBC
8406,101.5,82007,5010,ME,MBC
8407,101.5,82008,2606,CS,OC
8408,101.5,82009,2329,IT,SC
8409,101.5,82014,2706,CS,SCA
8410,101.5,82015,3905,EC,OC
8411,101.5,82016,3460,EE,OC
8412,101.5,82017,4917,CH,OC
8413,101.5,82021,2739,ME,SCA
8414,101.5,82022,2723,IT,MBC
8415,101.5,82023,4995,CS,OC
8416,101.5,82024,2731,CS,BC
8417,101.5,82025,4959,EE,OC
8418,101.5,82027,3813,IT,OC
8419,101.5,82028,3843,EE,OC
8420,101.5,82030,3803,CE,OC
8421,101.5,82032,2624,AD,OC
8422,101.5,82033,2610,EC,MBC
8423,101.5,82036,1114,CS,SC
8424,101.5,82038,3826,ME,OC
8425,101.5,82039,2640,EE,OC
8426,101.5,82044,3425,ME,OC
8427,101.5,82046,2711,ME,MBC
8428,101.5,82047,2328,CS,MBC
8429,101.5,82048,4966,CS,BC
8430,101.5,82049,2606,CS,OC
8431,101.5,82053,3905,CS,SC
8432,101.5,82054,3805,BM,SC
8433,101.5,82055,2733,FT,OC
8434,101.5,82056,2750,AE,BC
8435,101.5,82057,2622,EC,SC
8436,101.5,82059,2706,CE,OC
8437,101.5,82060,3456,EC,OC
8438,101.5,82061,2329,EC,BC
8439,101.5,82062,1442,AD,MBC
8440,101.5,82063,1137,ME,OC
8441,101.5,82064,2731,PD,OC
8442,101.5,82066,1452,EC,OC
8443,101.5,82067,2736,ME,OC
8444,101.5,82070,2648,CE,OC
8445,101.5,82071,2656,EE,OC
8446,101.5,82073,1225,CS,BC
8447,101.5,82075,2620,EC,MBC
8448,101.5,82076,3817,EE,OC
8449,101.5,82077,4933,ME,OC
8450,101.5,82078,2357,CS,SC
8451,101.5,82079,2624,BM,OC
8452,101.5,82080,3465,CS,SCA
8453,101.5,82081,2627,BT,SC
8454,101.5,82082,5910,CE,SC
8455,101.5,82083,2661,EC,OC
8456,101.5,82084,2628,ME,OC
8457,101.5,82085,2609,ME,OC
8458,101.5,82087,4999,AD,OC
8459,101.5,82088,3801,ME,OC
8460,101.5,82090,1414,IT,BC
8461,101.5,82092,2707,AD,BC
8462,101.5,82094,2727,FD,BC
8463,101.5,82095,5533,EE,OC
8464,101.5,82096,2665,CS,OC
8465,101.5,82097,3804,ME,OC
8466,101.5,82098,1504,CS,BC
8467,101.5,82099,4944,CE,OC
8468,101.5,82100,3806,CS,BC
8469,101.5,82101,2653,EC,MBC
8470,101.5,82103,3803,ME,OC
8471,101.5,82104,4669,CE,OC
8472,101.5,82105,2609,CH,OC
8473,101.5,82106,3786,EE,OC
8474,101.5,82107,2628,CS,OC
8475,101.5,82108,2342,CE,OC
8476,101.5,82109,2609,AD,BC
8477,101.5,82112,1118,CS,SC
8478,101.5,82113,4993,CS,OC
8479,101.5,82115,4962,ME,MBC
8480,101.5,82116,4966,CS,BCM
8481,101.5,82119,4669,EC,BC
8482,101.5,82120,2609,CH,OC
8483,101.5,82121,2609,CS,BC
8484,101.5,82123,2618,ME,BC
8485,101.5,82125,3810,CS,OC
8486,101.5,82126,1430,ME,OC
8487,101.5,82128,1114,CS,MBC
8488,101.5,82129,3795,EC,BC
8489,101.5,82130,4670,EC,MBC
8490,101.5,82131,3905,CS,MBC
8491,101.5,82132,1430,EE,OC
8492,101.5,82133,3847,BT,MBC
8493,101.5,82134,4955,EE,OC
8494,101.5,82135,1013,ME,BC
8495,101.5,82139,5,EC,BC
8496,101.5,82141,2750,ME,BC
8497,101.5,82144,5532,ME,OC
8498,101.5,82145,2329,AD,BC
8499,101.5,82146,5536,AG,OC
8500,101.5,82151,3908,CS,BC
8501,101.5,82152,2661,CS,BC
8502,101.5,82153,1301,EE,OC
8503,101.5,82155,5832,ME,OC
8504,101.5,82156,2623,EC,OC
8505,101.5,82157,2622,IT,MBC
8506,101.5,82159,5530,EC,BCM
8507,101.5,82160,1422,ME,BC
8508,101.5,82161,4670,ME,OC
8509,101.5,82162,1422,ME,SC
8510,101.5,82163,1324,ME,MBC
8511,101.5,82164,1422,ME,BC
8512,101.5,82165,4971,CE,MBC
8513,101.5,82168,3786,CS,MBC
8514,101.5,82169,2621,CS,BC
8515,101.5,82170,2741,CS,SC
8516,101.5,82171,2729,CS,SC
8517,101.5,82172,1303,EC,OC
8518,101.5,82173,4676,EC,OC
8519,101.5,82174,4917,EC,BC
8520,101.5,82175,3805,RM,OC
8521,101.5,82176,2349,CS,OC
8522,101.5,82177,2627,ME,OC
8523,101.5,82178,2723,EE,SC
8524,101.5,82181,1211,BT,SCA
8525,101.5,82184,2758,ME,OC
8526,101.5,82185,4672,CE,OC
8527,101.5,82187,1120,EC,MBC
8528,101.5,82190,5935,CS,SC
8529,101.5,82191,1510,CS,BC
8530,101.5,82195,5910,EC,MBC
8531,101.5,82196,3812,IT,OC
8532,101.5,82198,2357,CS,BC
8533,101.5,82199,3854,ME,OC
8534,101.5,82200,1422,AG,MBC
8535,101.5,82201,4992,CS,BC
8536,101.5,82202,2713,CS,OC
8537,101.5,82203,3820,CS,OC
8538,101.5,82204,2347,ME,OC
8539,101.5,82205,4675,CS,OC
8540,101.5,82206,1202,EE,OC
8541,101.5,82213,3464,ME,SC
8542,101.5,82215,4981,ME,BC
8543,101.5,82216,3459,CS,BC
8544,101.5,82219,2630,CS,BC
8545,101.5,82220,2610,ME,OC
8546,101.5,82221,1523,IT,OC
8547,101.5,82224,1118,RM,ST
8548,101.5,82226,2601,ME,OC
8549,101.5,82229,2708,AE,BCM
8550,101.5,82230,2607,CE,OC
8551,101.5,82231,3795,ME,OC
8552,101.5,82232,2610,EE,OC
8553,101.5,82234,1237,AD,MBC
8554,101.5,82235,2367,AD,OC
8555,101.5,82236,2641,EE,OC
8556,101.5,82237,1216,EE,BC
8557,101.5,82238,5530,EC,BC
8558,101.5,82239,1605,EC,OC
8559,101.5,82243,2611,BM,BC
8560,101.5,82247,5,CS,SC
8561,101.5,82249,2369,CE,MBC
8562,101.5,82250,5,EI,OC
8563,101.5,82251,2739,CB,MBC
8564,101.5,82253,3795,EC,BC
8565,101.5,82256,1241,CS,OC
8566,101.5,82257,2609,CS,BC
8567,101.5,82258,2610,EC,BC
8568,101.5,82259,5,EE,OC
8569,101.5,82260,2707,CS,BC
8570,101.5,82261,1411,CS,OC
8571,101.5,82263,2763,EC,OC
8572,101.5,82264,1226,CS,OC
8573,101.5,82265,2369,CE,MBC
8574,101.5,82266,2652,CE,OC
8575,101.5,82267,3019,CS,SC
8576,101.5,82268,4917,ME,OC
8577,101.5,82269,2711,ME,MBC
8578,101.5,82270,4981,ME,BC
8579,101.5,82271,1416,BM,OC
8580,101.5,82272,5009,CE,BC
8581,101.5,82273,2659,CS,OC
8582,101.5,82274,1106,CS,OC
8583,101.5,82275,2601,IT,MBC
8584,101.5,82276,2622,CE,MBC
8585,101.5,82277,3806,CS,MBC
8586,101.5,82278,2627,BT,SC
8587,101.5,82279,2752,EC,OC
8588,101.5,82281,2347,CS,MBC
8589,101.5,82282,2708,EE,BC
8590,101.5,82286,4678,CE,OC
8591,101.5,82287,3829,IT,BC
8592,101.5,82288,1504,EC,BC
8593,101.5,82290,2776,AG,BC
8594,101.5,82292,3830,EC,BC
8595,101.5,82293,4993,IT,OC
8596,101.5,82294,1233,CS,MBC
8597,101.5,82297,1217,CS,OC
8598,101.5,82298,2632,IT,BC
8599,101.5,82302,3819,ME,BC
8600,101.5,82303,4669,CS,OC
8601,101.5,82304,3843,CS,MBC
8602,101.5,82305,2664,EE,OC
8603,101.5,82308,2705,CS,OC
8604,101.5,82309,4020,ME,BC
8605,101.5,82310,2622,BT,SC
8606,101.5,82311,2623,BM,BC
8607,101.5,82314,3786,AE,OC
8608,101.5,82316,4957,EC,OC
8609,101.5,82318,3805,BM,MBC
8610,101.5,82319,1126,AD,OC
8611,101.5,82320,3845,CS,OC
8612,101.5,82321,2634,BM,BC
8613,101.5,82323,1432,EC,BC
8614,101.5,82324,3795,EC,MBC
8615,101.5,82325,4670,CE,OC
8616,101.5,82326,2614,TX,OC
8617,101.5,82327,1013,CS,BCM
8618,101.5,82329,1325,EC,SC
8619,101.5,82331,4964,ME,OC
8620,101.5,82332,3425,ME,OC
8621,101.5,82334,2711,CS,SC
8622,101.5,82335,5009,CE,SC
8623,101.5,82336,3803,ME,OC
8624,101.5,82341,2614,CS,OC
8625,101.5,82342,2342,CS,BC
8626,101.5,82343,2611,CS,MBC
8627,101.5,82347,2708,CH,BC
8628,101.5,82351,2652,EC,OC
8629,101.5,82352,1408,CS,MBC
8630,101.5,82353,3805,FD,BC
8631,101.5,82354,1210,ME,OC
8632,101.5,82355,3760,EC,BC
8633,101.5,82356,3820,CS,OC
8634,101.5,82357,2611,AG,ST
8635,101.5,82360,1432,CO,MBC
8636,101.5,82362,2347,EE,OC
8637,101.5,82367,2708,IT,MBC
8638,101.5,82368,1110,IT,SC
8639,101.5,82369,3812,EC,OC
8640,101.5,82371,1213,BM,OC
8641,101.5,82372,1225,CS,SC
8642,101.5,82377,3760,EC,BCM
8643,101.5,82379,2739,CS,SC
8644,101.5,82380,4965,CS,SC
8645,101.5,82381,2718,AD,SCA
8646,101.5,82386,4024,CE,OC
8647,101.5,82387,3806,EE,OC
8648,101.5,82388,2710,IT,BCM
8649,101.5,82390,1514,BT,OC
8650,101.5,82391,1123,IT,OC
8651,101.5,82393,2646,CS,OC
8652,101.5,82395,2721,CS,BC
8653,101.5,82396,1140,ME,OC
8654,101.5,82398,1517,CS,OC
8655,101.5,82399,2707,BM,BC
8656,101.5,82401,2632,EC,OC
8657,101.5,82402,1510,CS,MBC
8658,101.5,82403,2729,CS,BC
8659,101.5,82404,4975,CE,OC
8660,101.5,82406,2733,ME,OC
8661,101.5,82407,3805,BM,BC
8662,101.5,82410,5,AM,SC
8663,101.5,82411,3801,ME,OC
8664,101.5,82412,5,ME,OC
8665,101.5,82413,2607,ME,OC
8666,101.5,82414,5,IT,SC
8667,101.5,82415,4944,CE,OC
8668,101.5,82417,3829,IT,BC
8669,101.5,82418,1216,AG,MBC
8670,101.5,82419,5910,EC,MBC
8671,101.5,82420,4946,EC,OC
8672,101.5,82422,2711,CE,MBC
8673,101.5,82423,5907,CS,BC
8674,101.5,82424,4955,EC,MBC
8675,101.5,82425,4928,CS,BC
8676,101.5,82426,3830,ME,OC
8677,101.5,82427,3825,CS,OC
8678,101.5,82429,2716,IT,BC
8679,101.5,82430,1325,EE,OC
8680,101.5,82431,1307,CS,BCM
8681,101.5,82432,2607,IT,MBC
8682,101.5,82433,5,CS,SC
8683,101.5,82434,2665,PD,OC
8684,101.5,82435,2711,EE,BCM
8685,101.5,82436,3019,EC,OC
8686,101.5,82437,1419,ME,SC
8687,101.5,82438,1431,CS,MBC
8688,101.5,82444,4954,IT,BC
8689,101.5,82447,2636,EC,OC
8690,101.5,82448,5915,CS,OC
8691,101.5,82450,2329,AG,BCM
8692,101.5,82451,3011,CE,MBC
8693,101.5,82452,5912,CS,OC
8694,101.5,82453,2711,FD,SC
8695,101.5,82456,2702,EC,SC
8696,101.5,82457,2608,CB,MBC
8697,101.5,82458,2734,TS,BC
8698,101.5,82464,4981,EE,OC
8699,101.5,82465,2625,AG,OC
8700,101.5,82466,3016,CS,BC
8701,101.5,82468,1237,CS,MBC
8702,101.5,82470,3847,BT,SC
8703,101.5,82471,1217,CS,OC
8704,101.5,82475,1322,AG,OC
8705,101.5,82476,1207,EC,OC
8706,101.5,82477,2620,EE,OC
8707,101.5,82479,3805,CS,BC
8708,101.5,82483,1325,IT,MBC
8709,101.5,82486,1311,AD,MBC
8710,101.5,82487,2613,CS,MBC
8711,101.5,82488,1110,ME,OC
8712,101.5,82489,4670,CE,OC
8713,101.5,82490,1432,ME,OC
8714,101.5,82491,2755,FD,OC
8715,101.5,82492,1210,EE,MBC
8716,101.5,82494,1316,AO,MBC
8717,101.5,82495,3804,AG,OC
8718,101.5,82496,3843,ME,OC
8719,101.5,82499,5009,CE,MBC
8720,101.5,82502,5,ME,OC
8721,101.5,82506,2707,CH,MBC
8722,101.5,82507,3805,BM,SC
8723,101.5,82509,2755,FD,OC
8724,101.5,82510,2618,ME,BC
8725,101.5,82512,3841,CS,BC
8726,101.5,82513,5904,EI,OC
8727,101.5,82515,2657,BT,OC
8728,101.5,82516,4944,EC,SC
8729,101.5,82517,4959,IT,MBC
8730,101.5,82521,2729,CS,BCM
8731,101.5,82522,4680,CS,BCM
8732,101.5,82523,2629,MD,OC
8733,101.5,82526,2764,CE,BC
8734,101.5,82532,2630,EC,MBC
8735,101.5,82533,3805,FD,MBC
8736,101.5,82534,2345,EC,MBC
8737,101.5,82535,3018,CS,OC
8738,101.5,82536,4965,EC,BC
8739,101.5,82538,5532,CS,MBC
8740,101.5,82539,2625,ME,OC
8741,101.5,82540,2328,EC,MBC
8742,101.5,82541,1015,ME,OC
8743,101.5,82542,1325,IT,BC
8744,101.5,82545,5010,CE,SC
8745,101.2,82548,4917,BM,MBC
8746,101.0,82550,2347,ME,OC
8747,101.0,82551,2609,EC,BC
8748,101.0,82553,1442,CS,OC
8749,101.0,82554,3806,EE,OC
8750,101.0,82555,2354,ME,OC
8751,101.0,82558,4978,BM,BC
8752,101.0,82559,2725,EC,BC
8753,101.0,82560,4955,CE,OC
8754,101.0,82561,2748,CE,OC
8755,101.0,82562,1325,IT,BC
8756,101.0,82563,2609,CS,MBC
8757,101.0,82564,1319,IT,OC
8758,101.0,82565,3425,EE,MBC
8759,101.0,82567,3458,BT,SC
8760,101.0,82569,4953,EE,OC
8761,101.0,82571,4953,CS,BC
8762,101.0,82572,2736,ME,SCA
8763,101.0,82573,2753,CS,OC
8764,101.0,82574,2665,PD,OC
8765,101.0,82576,3425,EC,MBC
8766,101.0,82577,4965,ME,OC
8767,101.0,82579,4978,BM,BCM
8768,101.0,82580,2601,IT,SC
8769,101.0,82582,4933,EE,OC
8770,101.0,82583,2723,CS,SC
8771,101.0,82585,2726,EC,BC
8772,101.0,82586,2620,CS,SCA
8773,101.0,82588,1505,EC,OC
8774,101.0,82589,3806,ME,OC
8775,101.0,82590,1123,CS,OC
8776,101.0,82592,2609,CY,BC
8777,101.0,82593,2707,EC,OC
8778,101.0,82595,2715,AG,BC
8779,101.0,82596,3805,AD,OC
8780,101.0,82597,4945,CS,OC
8781,101.0,82599,2750,AE,BC
8782,101.0,82600,2628,CS,OC
8783,101.0,82601,2707,AD,MBC
8784,101.0,82605,2641,EC,OC
8785,101.0,82606,4944,CE,OC
8786,101.0,82607,2329,BT,MBC
8787,101.0,82608,2710,ME,BC
8788,101.0,82611,4959,AD,BC
8789,101.0,82612,4931,CS,BC
8790,101.0,82613,5930,CS,OC
8791,101.0,82614,1407,BM,BC
8792,101.0,82615,1237,IT,MBC
8793,101.0,82617,3833,EC,OC
8794,101.0,82618,2718,IT,ST
8795,101.0,82621,4917,BT,BC
8796,101.0,82622,5910,CE,BCM
8797,101.0,82623,3826,EE,BC
8798,101.0,82624,2740,CS,MBC
8799,101.0,82625,2747,CS,BC
8800,101.0,82626,4994,CS,BC
8801,101.0,82627,2620,TS,MBC
8802,101.0,82628,2640,CS,OC
8803,101.0,82629,2743,CS,BC
8804,101.0,82631,2716,CS,MBC
8805,101.0,82632,2659,BM,BC
8806,101.0,82634,1436,EE,OC
8807,101.0,82635,2755,CS,OC
8808,101.0,82636,5536,EC,OC
8809,101.0,82637,2314,EC,OC
8810,101.0,82638,1311,ME,OC
8811,101.0,82640,4970,CS,OC
8812,101.0,82641,3847,CH,OC
8813,101.0,82642,2749,EC,OC
8814,101.0,82644,2611,BM,SC
8815,101.0,82645,3786,EE,OC
8816,101.0,82646,2634,CS,MBC
8817,101.0,82647,2621,CS,MBC
8818,101.0,82648,3806,ME,OC
8819,101.0,82649,1605,EE,OC
8820,101.0,82650,2725,EE,OC
8821,101.0,82651,3805,CS,SC
8822,101.0,82652,3021,EC,OC
8823,101.0,82653,2659,EC,OC
8824,101.0,82654,5,EC,BC
8825,101.0,82655,2707,CH,SC
8826,101.0,82656,1422,EE,BC
8827,101.0,82657,2712,MZ,SCA
8828,101.0,82660,5907,IT,OC
8829,101.0,82661,4964,ME,OC
8830,101.0,82662,1408,CS,BC
8831,101.0,82663,4957,CS,BC
8832,101.0,82664,4955,ME,OC
8833,101.0,82665,2707,AG,BC
8834,101.0,82666,2610,BM,MBC
8835,101.0,82667,2653,CE,MBC
8836,101.0,82669,2725,ME,OC
8837,101.0,82670,2725,IT,SC
8838,101.0,82673,4966,EC,OC
8839,101.0,82674,1605,CS,OC
8840,101.0,82675,1421,CS,MBC
8841,101.0,82676,5915,CS,OC
8842,101.0,82677,3701,ME,OC
8843,101.0,82678,2723,ME,BC
8844,101.0,82679,3810,AG,SC
8845,101.0,82680,3805,CS,BC
8846,101.0,82682,5536,AG,OC
8847,101.0,82683,1441,ME,OC
8848,101.0,82687,2620,TS,MBC
8849,101.0,82688,2640,EE,OC
8850,101.0,82689,3018,CS,OC
8851,101.0,82690,3811,ME,OC
8852,101.0,82691,2620,CS,SC
8853,101.0,82694,4954,IT,BC
8854,101.0,82695,2327,CS,OC
8855,101.0,82696,4965,CS,SC
8856,101.0,82698,4955,EC,SC
8857,101.0,82699,2653,CS,SC
8858,101.0,82700,2707,IT,MBC
8859,101.0,82701,3905,CS,SC
8860,101.0,82702,3843,EC,OC
8861,101.0,82703,2314,CS,BC
8862,101.0,82704,1113,ME,SC
8863,101.0,82705,2715,EC,BC
8864,101.0,82706,3805,CS,MBC
8865,101.0,82707,2665,ME,OC
8866,101.0,82708,1127,IT,OC
8867,101.0,82709,2750,BT,SC
8868,101.0,82711,2611,CH,OC
8869,101.0,82713,4975,ME,OC
8870,101.0,82715,2734,EC,OC
8871,101.0,82716,2657,ME,OC
8872,101.0,82717,2711,IT,SC
8873,101.0,82719,2710,ME,BC
8874,101.0,82723,2750,AG,BC
8875,101.0,82724,1519,CS,OC
8876,101.0,82726,2665,CS,OC
8877,101.0,82727,2706,MZ,BC
8878,101.0,82728,2622,CE,SC
8879,101.0,82729,1120,EC,BCM
8880,101.0,82730,2345,EC,MBC
8881,101.0,82731,3803,ME,OC
8882,101.0,82733,1216,EC,MBC
8883,101.0,82734,2657,RM,OC
8884,101.0,82735,5865,EC,BC
8885,101.0,82736,1413,CS,BC
8886,101.0,82737,3011,ME,BC
8887,101.0,82738,3801,IC,OC
8888,101.0,82739,3462,CS,OC
8889,101.0,82740,2723,EE,BC
8890,101.0,82741,2614,CS,OC
8891,101.0,82742,2622,CS,MBC
8892,101.0,82743,2620,EC,SC
8893,101.0,82744,2636,ME,OC
8894,101.0,82745,1311,MZ,OC
8895,101.0,82748,2607,TX,BC
8896,101.0,82750,2328,EC,MBC
8897,101.0,82751,4944,EE,OC
8898,101.0,82752,5865,CE,OC
8899,101.0,82753,1202,CS,OC
8900,101.0,82755,2601,EC,MBC
8901,101.0,82756,5,MM,OC
8902,101.0,82757,2727,EC,BC
8903,101.0,82759,3425,ME,OC
8904,101.0,82761,5910,ME,BC
8905,101.0,82762,1311,EC,BCM
8906,101.0,82763,2630,CS,SC
8907,101.0,82764,1230,AE,OC
8908,101.0,82765,1207,CS,BC
8909,101.0,82766,3817,CS,BC
8910,101.0,82767,1014,EC,MBC
8911,101.0,82768,2767,ME,OC
8912,101.0,82770,1126,EC,OC
8913,101.0,82771,2665,ME,OC
8914,101.0,82774,5842,ME,OC
8915,101.0,82776,2665,CS,OC
8916,101.0,82779,2767,ME,OC
8917,101.0,82781,2715,BM,BC
8918,101.0,82783,2642,CE,OC
8919,101.0,82784,5530,CE,OC
8920,101.0,82785,2607,IT,MBC
8921,101.0,82788,4965,EC,BC
8922,101.0,82789,5832,CS,MBC
8923,101.0,82790,2732,ME,OC
8924,101.0,82791,2739,AD,MBC
8925,101.0,82792,2661,IT,BC
8926,101.0,82794,4993,ME,OC
8927,101.0,82795,4993,ME,OC
8928,101.0,82797,2707,BM,SC
8929,101.0,82798,2723,MD,MBC
8930,101.0,82799,2733,EE,OC
8931,101.0,82800,3826,CE,MBC
8932,101.0,82801,2733,CS,OC
8933,101.0,82802,3905,CS,BC
8934,101.0,82803,2632,CS,OC
8935,101.0,82804,2716,EC,OC
8936,101.0,82806,4678,EC,MBC
8937,101.0,82807,2601,CE,OC
8938,101.0,82808,2611,EE,OC
8939,101.0,82809,3701,CS,MBC
8940,101.0,82812,1127,BT,SC
8941,101.0,82813,2628,CS,OC
8942,101.0,82814,3806,CB,OC
8943,101.0,82815,4864,CE,OC
8944,101.0,82816,2702,EE,SC
8945,101.0,82817,5930,CS,OC
8946,101.0,82819,1324,EC,BCM
8947,101.0,82821,1306,EE,OC
8948,101.0,82824,1408,CS,BCM
8949,101.0,82825,5,CH,MBC
8950,101.0,82826,3908,CS,BC
8951,101.0,82828,2740,EC,OC
8952,101.0,82832,2613,CS,MBC
8953,101.0,82834,1202,EE,OC
8954,101.0,82836,2716,AE,OC
8955,101.0,82837,1432,EC,MBC
8956,101.0,82838,2710,EC,MBC
8957,101.0,82839,3805,FD,MBC
8958,101.0,82841,2639,CS,BC
8959,101.0,82842,2608,EE,MBC
8960,101.0,82844,4968,CS,OC
8961,101.0,82846,4917,CH,MBC
8962,101.0,82848,2708,EC,MBC
8963,101.0,82849,2608,ME,OC
8964,101.0,82850,2715,AG,MBC
8965,101.0,82852,2347,CS,BC
8966,101.0,82853,4960,ME,MBC
8967,101.0,82854,2657,CS,OC
8968,101.0,82855,1114,ME,OC
8969,101.0,82856,2611,EE,OC
8970,101.0,82857,2721,EC,OC
8971,101.0,82858,2651,CE,OC
8972,101.0,82859,2762,EC,OC
8973,101.0,82861,3806,CE,OC
8974,101.0,82863,1426,IT,OC
8975,101.0,82864,4995,CS,OC
8976,101.0,82865,2750,ME,BC
8977,101.0,82868,1509,CS,BC
8978,101.0,82869,5912,CE,OC
8979,101.0,82870,2646,ME,OC
8980,101.0,82871,2708,EE,BC
8981,101.0,82872,2617,EC,OC
8982,101.0,82873,5986,CS,SC
8983,101.0,82875,1306,EE,OC
8984,101.0,82876,2750,EC,BC
8985,101.0,82877,4917,CS,MBC
8986,101.0,82878,4965,BM,MBC
8987,101.0,82881,4677,CE,OC
8988,101.0,82882,4680,CS,MBC
8989,101.0,82883,1420,AE,OC
8990,101.0,82884,3454,AG,OC
8991,101.0,82885,3826,EE,MBC
8992,101.0,82886,2622,BT,SC
8993,101.0,82887,2661,IT,MBC
8994,101.0,82888,4670,CE,OC
8995,101.0,82890,2632,BM,SC
8996,101.0,82895,4670,CS,MBC
8997,101.0,82896,2721,CS,BC
8998,101.0,82899,3011,ME,BC
8999,101.0,82900,2629,IT,OC
9000,101.0,82901,1411,CS,OC
9001,101.0,82902,4949,EC,OC
9002,101.0,82903,3810,EI,OC
9003,101.0,82904,2610,EE,OC
9004,101.0,82906,2739,ME,BC
9005,101.0,82909,2636,CS,BC
9006,101.0,82911,4964,CS,OC
9007,101.0,82913,2716,EC,OC
9008,101.0,82914,2723,EC,MBC
9009,101.0,82916,1421,EC,OC
9010,101.0,82918,3425,EC,BC
9011,101.0,82921,1126,BM,MBC
9012,101.0,82923,2636,CS,BCM
9013,101.0,82924,3795,EC,MBC
9014,101.0,82926,2764,CE,BC
9015,101.0,82928,2707,IT,MBC
9016,101.0,82929,3813,CS,OC
9017,101.0,82931,4917,EC,BC
9018,101.0,82933,1207,IT,OC
9019,101.0,82934,1123,CS,OC
9020,101.0,82935,2744,CS,BC
9021,101.0,82936,1303,IT,SC
9022,101.0,82937,3829,EE,OC
9023,101.0,82939,3847,BT,MBC
9024,101.0,82942,4944,CS,BC
9025,101.0,82945,3464,CE,BC
9026,101.0,82946,1140,EC,BC
9027,101.0,82948,2611,BM,SC
9028,101.0,82949,1523,CS,OC
9029,101.0,82950,2723,EC,MBC
9030,101.0,82951,2601,EE,OC
9031,101.0,82953,1233,EC,BC
9032,101.0,82955,4678,ME,OC
9033,101.0,82956,4994,ME,OC
9034,101.0,82957,2624,BM,OC
9035,101.0,82958,4981,EE,OC
9036,101.0,82959,2610,IT,BC
9037,101.0,82961,4975,EC,OC
9038,101.0,82962,2707,CH,SC
9039,101.0,82963,4981,ME,BC
9040,101.0,82965,3829,ME,OC
9041,101.0,82966,1505,CS,MBC
9042,101.0,82967,2719,AE,SC
9043,101.0,82968,1116,EE,OC
9044,101.0,82969,1516,ME,BC
9045,101.0,82970,3918,CS,SC
9046,101.0,82971,5930,CS,OC
9047,101.0,82972,1411,AE,OC
9048,101.0,82974,4949,CS,OC
9049,101.0,82975,2611,AG,MBC
9050,101.0,82978,4967,ME,OC
9051,101.0,82980,2609,IT,OC
9052,101.0,82982,2620,TS,BC
9053,101.0,82983,4960,BM,SC
9054,101.0,82985,3803,EE,OC
9055,101.0,82986,2609,IT,OC
9056,101.0,82987,4957,EC,OC
9057,101.0,82988,2764,CE,MBC
9058,101.0,82990,1322,BM,OC
9059,101.0,82991,1507,EC,OC
9060,101.0,82993,2627,BT,MBC
9061,101.0,82996,1210,CE,BC
9062,101.0,82997,1237,IT,MBC
9063,101.0,82998,2641,EC,OC
9064,101.0,82999,5,BD,OC
9065,101.0,83001,4670,EC,BC
9066,101.0,83003,2767,EE,OC
9067,101.0,83004,2601,EC,BC
9068,101.0,83007,3410,CS,MBC
9069,101.0,83009,1412,IT,OC
9070,101.0,83011,1229,CS,OC
9071,101.0,83012,1504,EC,MBC
9072,101.0,83013,5022,CS,MBC
9073,101.0,83014,3860,CS,OC
9074,101.0,83015,2708,EE,MBC
9075,101.0,83017,4949,IN,OC
9076,101.0,83018,4975,CS,BC
9077,101.0,83019,1432,EC,MBC
9078,101.0,83021,2623,IT,OC
9079,101.0,83024,2639,EC,SC
9080,101.0,83027,1605,CS,OC
9081,101.0,83028,2707,BM,SCA
9082,101.0,83029,2729,AE,BC
9083,101.0,83032,4955,EE,OC
9084,101.0,83035,2727,FD,BC
9085,101.0,83036,3810,CS,BC
9086,101.0,83041,2750,EC,SC
9087,101.0,83042,4978,ME,OC
9088,101.0,83043,2651,CS,MBC
9089,101.0,83044,4917,EC,BC
9090,101.0,83045,4984,IT,OC
9091,101.0,83046,4971,ME,BC
9092,101.0,83048,2621,CS,BC
9093,101.0,83050,4680,CS,BC
9094,101.0,83051,3807,CS,MBC
9095,101.0,83053,5,CE,SC
9096,101.0,83054,2769,PD,OC
9097,101.0,83055,2710,ME,SC
9098,101.0,83056,2601,EC,MBC
9099,101.0,83060,1504,ME,OC
9100,101.0,83062,1523,EE,OC
9101,101.0,83064,4672,CS,BC
9102,101.0,83069,2611,CS,SC
9103,101.0,83070,2607,TX,BC
9104,101.0,83071,2622,ME,MBC
9105,101.0,83074,5,MM,OC
9106,101.0,83077,1316,MZ,OC
9107,101.0,83078,2621,IT,MBC
9108,101.0,83079,2341,BM,OC
9109,101.0,83081,2722,ME,OC
9110,101.0,83082,3805,CS,MBC
9111,101.0,83084,4994,CS,BC
9112,101.0,83085,2657,CS,OC
9113,101.0,83086,2652,CS,OC
9114,101.0,83090,2727,FD,BC
9115,101.0,83091,4670,ME,OC
9116,101.0,83092,2634,AE,OC
9117,101.0,83093,2710,ME,BC
9118,101.0,83094,1523,IT,OC
9119,101.0,83096,2636,ME,OC
9120,101.0,83097,5530,EC,BC
9121,101.0,83098,4949,ME,OC
9122,101.0,83099,4933,CS,OC
9123,101.0,83100,1322,EC,OC
9124,101.0,83101,2369,ME,MBC
9125,101.0,83102,4672,CS,BC
9126,101.0,83103,5832,CS,BC
9127,101.0,83105,2741,EC,OC
9128,101.0,83107,3425,EE,MBC
9129,101.0,83108,4978,BM,MBC
9130,101.0,83110,4670,ME,OC
9131,101.0,83111,4944,EC,BC
9132,101.0,83112,3810,CS,BC
9133,101.0,83113,2632,EC,OC
9134,101.0,83117,2710,ME,BC
9135,101.0,83118,1013,IT,SC
9136,101.0,83121,5009,EE,SC
9137,101.0,83122,2665,CS,OC
9138,101.0,83123,2702,BT,SCA
9139,101.0,83125,1225,CS,MBC
9140,100.5,83127,1301,EC,MBC
9141,100.5,83129,5842,IT,OC
9142,100.5,83130,2657,RM,OC
9143,100.5,83131,5010,CE,BC
9144,100.5,83133,4955,ME,OC
9145,100.5,83136,3850,CS,OC
9146,100.5,83137,2726,EC,MBC
9147,100.5,83138,2711,ME,BC
9148,100.5,83139,2708,EC,BC
9149,100.5,83141,2734,TS,BC
9150,100.5,83142,4944,CS,BC
9151,100.5,83143,2740,AE,MBC
9152,100.5,83144,3425,CS,SC
9153,100.5,83145,3825,CS,OC
9154,100.5,83146,2767,ME,OC
9155,100.5,83147,3806,EC,OC
9156,100.5,83148,3410,EC,OC
9157,100.5,83149,5990,EC,OC
9158,100.5,83152,5,EC,SC
9159,100.5,83153,2643,EC,OC
9160,100.5,83155,1402,CS,OC
9161,100.5,83156,1211,CE,MBC
9162,100.5,83157,3908,CS,MBC
9163,100.5,83158,2740,EC,OC
9164,100.5,83159,4981,ME,BC
9165,100.5,83162,2610,EE,OC
9166,100.5,83163,3807,EC,OC
9167,100.5,83164,1238,CS,BC
9168,100.5,83165,4675,EE,OC
9169,100.5,83166,2623,BM,SC
9170,100.5,83168,4917,EC,BC
9171,100.5,83171,2725,ME,OC
9172,100.5,83172,3845,CS,OC
9173,100.5,83173,3804,AG,OC
9174,100.5,83174,2610,BT,OC
9175,100.5,83175,2643,EE,OC
9176,100.5,83181,2735,EE,OC
9177,100.5,83183,3808,CS,OC
9178,100.5,83184,5904,EE,OC
9179,100.5,83186,3804,AU,OC
9180,100.5,83190,1442,CS,OC
9181,100.5,83191,2634,CS,SCA
9182,100.5,83192,2622,EC,MBC
9183,100.5,83193,3825,CS,OC
9184,100.5,83195,1106,TX,OC
9185,100.5,83197,2723,CE,BCM
9186,100.5,83198,5009,EC,SC
9187,100.5,83201,2752,IT,BC
9188,100.5,83203,5703,IT,OC
9189,100.5,83204,4686,ME,OC
9190,100.5,83206,2729,MZ,OC
9191,100.5,83207,2629,IT,OC
9192,100.5,83208,4953,CS,BC
9193,100.5,83209,4994,EE,OC
9194,100.5,83210,2329,IT,BC
9195,100.5,83212,2624,BM,OC
9196,100.5,83213,1225,EC,OC
9197,100.5,83214,2610,BM,BC
9198,100.5,83216,2659,CS,OC
9199,100.5,83217,3805,EC,OC
9200,100.5,83219,5919,CS,OC
9201,100.5,83220,2610,BM,MBC
9202,100.5,83223,3819,CS,SC
9203,100.5,83224,1233,EC,BC
9204,100.5,83225,4957,CS,SC
9205,100.5,83226,1414,EC,MBC
9206,100.5,83227,2747,EC,OC
9207,100.5,83228,1452,CS,BC
9208,100.5,83230,2651,CS,BC
9209,100.5,83231,5990,CS,OC
9210,100.5,83232,3701,EE,OC
9211,100.5,83233,1207,RM,OC
9212,100.5,83234,2750,EC,SCA
9213,100.5,83235,2634,CS,BC
9214,100.5,83236,3805,CE,OC
9215,100.5,83238,2611,AG,MBC
9216,100.5,83240,1212,CS,OC
9217,100.5,83241,2624,BM,OC
9218,100.5,83243,2634,BM,SCA
9219,100.5,83244,5017,EC,OC
9220,100.5,83245,5904,ME,OC
9221,100.5,83247,1414,EC,BC
9222,100.5,83248,2622,CS,SC
9223,100.5,83250,3826,CS,SC
9224,100.5,83251,2739,AD,MBC
9225,100.5,83252,3918,CS,BC
9226,100.5,83254,2610,AD,MBC
9227,100.5,83255,1401,CH,OC
9228,100.5,83257,4917,EE,OC
9229,100.5,83258,2734,TS,BC
9230,100.5,83261,1525,CS,OC
9231,100.5,83263,3847,BT,MBC
9232,100.5,83264,3831,IT,OC
9233,100.5,83267,3803,IT,MBC
9234,100.5,83268,2610,BM,BC
9235,100.5,83269,2369,CE,BC
9236,100.5,83272,2611,CY,BC
9237,100.5,83273,4960,CE,SC
9238,100.5,83274,1304,CE,SC
9239,100.5,83276,5832,EE,OC
9240,100.5,83277,4670,CE,BC
9241,100.5,83278,5907,CS,BC
9242,100.5,83279,1101,IT,OC
9243,100.5,83281,2710,EC,MBC
9244,100.5,83282,1504,IT,MBC
9245,100.5,83283,1013,ME,BC
9246,100.5,83285,1014,IT,SC
9247,100.5,83286,4678,EE,BC
9248,100.5,83287,1303,IT,SC
9249,100.5,83288,4024,GI,OC
9250,100.5,83289,2630,CS,BC
9251,100.5,83290,2657,CS,OC
9252,100.5,83291,4972,ME,OC
9253,100.5,83292,2752,CS,OC
9254,100.5,83293,5930,EC,OC
9255,100.5,83297,4678,ME,OC
9256,100.5,83298,2776,AU,OC
9257,100.5,83300,1504,BT,BC
9258,100.5,83301,5862,AG,OC
9259,100.5,83303,2709,CE,OC
9260,100.5,83304,1322,AE,OC
9261,100.5,83305,2613,EE,BC
9262,100.5,83308,2613,EC,OC
9263,100.5,83310,2628,BM,OC
9264,100.5,83312,2736,EE,OC
9265,100.5,83313,1517,IT,OC
9266,100.5,83316,2632,BM,SC
9267,100.5,83317,2650,ME,OC
9268,100.5,83320,4931,CS,SC
9269,100.5,83321,1310,ME,OC
9270,100.5,83322,1137,CS,BC
9271,100.5,83323,2749,EC,OC
9272,100.5,83324,1605,CS,OC
9273,100.5,83325,2750,ME,BC
9274,100.5,83327,3805,BM,BC
9275,100.5,83328,5915,CS,OC
9276,100.5,83331,2752,CS,OC
9277,100.5,83333,1424,EE,OC
9278,100.5,83337,1226,CS,OC
9279,100.5,83338,2622,ME,BC
9280,100.5,83339,1320,EC,OC
9281,100.5,83341,4989,CS,OC
9282,100.5,83342,2651,EE,OC
9283,100.5,83343,3805,FD,BC
9284,100.5,83344,3830,EC,MBC
9285,100.5,83345,4969,CS,BC
9286,100.5,83346,1210,EC,SC
9287,100.5,83347,2659,BM,BC
9288,100.5,83348,2622,BT,SC
9289,100.5,83350,2659,EE,OC
9290,100.5,83351,3843,CS,MBC
9291,100.5,83354,1301,EC,MBC
9292,100.5,83356,1122,EC,BC
9293,100.5,83357,2718,EE,SC
9294,100.5,83359,2342,CS,BCM
9295,100.5,83360,5915,CS,BC
9296,100.5,83361,1401,CS,MBC
9297,100.5,83362,4941,CS,OC
9298,100.5,83363,2710,CS,SC
9299,100.5,83364,3826,EC,SC
9300,100.5,83365,1026,ME,BC
9301,100.5,83366,4670,ME,OC
9302,100.5,83368,4964,EE,OC
9303,100.5,83370,2722,CS,SC
9304,100.5,83371,2620,EC,MBC
9305,100.5,83372,2314,EC,OC
9306,100.5,83374,2611,CY,BC
9307,100.5,83377,2763,EC,OC
9308,100.5,83379,2750,ME,BC
9309,100.5,83380,1412,EE,OC
9310,100.5,83381,2716,IT,BC
9311,100.5,83382,3458,BT,SC
9312,100.5,83383,5703,ME,OC
9313,100.5,83387,2614,TX,OC
9314,100.5,83388,2349,CS,OC
9315,100.5,83390,2702,ME,MBC
9316,100.5,83391,3805,BM,BC
9317,100.5,83393,4953,CS,BC
9318,100.5,83394,5862,BM,OC
9319,100.5,83395,1301,CE,OC
9320,100.5,83396,4933,ME,OC
9321,100.5,83397,3806,CS,BC
9322,100.5,83399,3464,ME,BC
9323,100.5,83401,2659,EE,OC
9324,100.5,83402,2646,ME,OC
9325,100.5,83403,2650,CS,MBC
9326,100.5,83404,2665,PD,OC
9327,100.5,83405,2716,IT,MBC
9328,100.5,83407,2617,CE,OC
9329,100.5,83411,1401,CE,OC
9330,100.5,83412,1510,CS,BCM
9331,100.5,83413,3849,IT,OC
9332,100.5,83414,2721,ME,OC
9333,100.5,83415,2750,BT,SC
9334,100.5,83417,3830,CB,OC
9335,100.5,83419,2652,CS,OC
9336,100.5,83420,1216,IT,SC
9337,100.5,83421,3810,IT,BC
9338,100.5,83422,2624,CH,OC
9339,100.5,83424,2661,IT,BC
9340,100.5,83425,1207,IT,OC
9341,100.5,83427,4955,ME,OC
9342,100.5,83429,2601,EC,MBC
9343,100.5,83430,2601,EC,MBC
9344,100.5,83431,3425,EE,SC
9345,100.5,83438,5904,EE,OC
9346,100.5,83439,1110,ME,OC
9347,100.5,83440,2708,ME,OC
9348,100.5,83441,4964,CE,OC
9349,100.5,83442,3918,CS,MBC
9350,100.5,83443,2661,IT,BC
9351,100.5,83445,1207,IT,OC
9352,100.5,83446,2707,BM,MBC
9353,100.5,83447,3811,CS,OC
9354,100.5,83451,3464,CE,BC
9355,100.5,83453,5,CS,BC
9356,100.5,83454,2744,CS,MBC
9357,100.5,83455,2764,AD,SCA
9358,100.5,83456,5009,ME,BC
9359,100.5,83457,2627,BT,BC
9360,100.5,83458,2609,IT,OC
9361,100.5,83459,2369,ME,BC
9362,100.5,83460,4917,EC,BC
9363,100.5,83462,3425,EC,BC
9364,100.5,83465,2618,CS,SC
9365,100.5,83466,2618,ME,BC
9366,100.5,83469,2614,CS,OC
9367,100.5,83470,3829,EC,OC
9368,100.5,83474,2652,CS,OC
9369,100.5,83475,2750,ME,BC
9370,100.5,83476,2355,CS,OC
9371,100.5,83477,3801,EC,MBC
9372,100.5,83478,2710,EE,MBC
9373,100.5,83479,2659,ME,OC
9374,100.5,83480,2640,EE,OC
9375,100.5,83483,5536,EE,OC
9376,100.5,83484,2751,CS,MBC
9377,100.5,83486,5022,EC,BC
9378,100.5,83487,2733,FT,OC
9379,100.5,83488,2345,CS,MBC
9380,100.5,83490,1317,EE,BC
9381,100.5,83491,1420,CS,MBC
9382,100.5,83495,1120,ME,BC
9383,100.5,83497,2349,CS,OC
9384,100.5,83498,4023,EE,BC
9385,100.5,83500,3801,CE,OC
9386,100.5,83502,3459,ME,OC
9387,100.5,83503,1516,ME,SC
9388,100.5,83504,2611,IT,BC
9389,100.5,83505,5,AM,MBC
9390,100.5,83506,2748,CS,OC
9391,100.5,83508,2708,EI,OC
9392,100.5,83509,2750,EC,MBC
9393,100.5,83511,3019,EC,OC
9394,100.5,83513,5910,EC,MBC
9395,100.5,83516,1126,CS,OC
9396,100.5,83518,1237,ME,OC
9397,100.5,83519,2713,CS,BC
9398,100.5,83521,1507,CS,OC
9399,100.5,83524,2716,IT,MBC
9400,100.5,83526,1207,BM,SC
9401,100.5,83528,1523,PE,OC
9402,100.5,83529,3011,ME,SC
9403,100.5,83530,1432,EC,BC
9404,100.5,83531,5,ME,OC
9405,100.5,83533,1303,BT,SC
9406,100.5,83536,4917,ME,OC
9407,100.5,83537,2727,BM,BC
9408,100.5,83538,1306,EE,OC
9409,100.5,83539,2612,CS,OC
9410,100.5,83540,1128,CS,SC
9411,100.5,83541,2624,EC,OC
9412,100.5,83542,2740,EC,OC
9413,100.5,83545,2345,CS,SCA
9414,100.5,83547,1114,CS,MBC
9415,100.5,83553,2622,EE,SCA
9416,100.5,83554,2345,EC,MBC
9417,100.5,83556,4957,ME,OC
9418,100.5,83557,2762,CE,OC
9419,100.5,83559,1118,CB,SC
9420,100.5,83560,5910,ME,BC
9421,100.5,83562,3016,CS,MBC
9422,100.5,83563,2602,CS,OC
9423,100.5,83564,5902,CS,OC
9424,100.5,83565,1452,CS,BC
9425,100.5,83566,2628,AD,OC
9426,100.5,83568,3811,CS,OC
9427,100.5,83569,5910,EC,MBC
9428,100.5,83570,2718,EE,SC
9429,100.5,83574,1303,BT,MBC
9430,100.5,83575,1114,ME,OC
9431,100.5,83576,1210,EE,BC
9432,100.5,83578,1311,EE,OC
9433,100.5,83579,4023,CS,SC
9434,100.5,83580,2609,CS,BC
9435,100.5,83581,5842,IT,OC
9436,100.5,83583,3786,MZ,OC
9437,100.5,83584,1507,IT,BC
9438,100.5,83585,2621,ME,OC
9439,100.5,83586,4928,CS,BC
9440,100.5,83587,2342,CS,SC
9441,100.5,83589,1137,CS,BC
9442,100.5,83590,1413,CS,MBC
9443,100.5,83596,3905,CS,BC
9444,100.5,83598,1409,CS,OC
9445,100.5,83599,4975,CS,BC
9446,100.5,83605,2707,BM,SC
9447,100.5,83606,1303,IT,BC
9448,100.5,83607,3805,BM,BC
9449,100.5,83608,1303,ME,OC
9450,100.5,83609,1303,CS,BC
9451,100.5,83610,2610,CS,MBC
9452,100.5,83611,2750,ME,BC
9453,100.5,83612,1225,CS,BC
9454,100.5,83613,3019,CS,BC
9455,100.5,83615,2611,CS,BC
9456,100.5,83616,4672,EC,OC
9457,100.5,83620,2708,AE,SC
9458,100.5,83621,4944,EC,BC
9459,100.5,83623,2327,CS,OC
9460,100.5,83625,4669,EE,OC
9461,100.5,83629,3805,IT,MBC
9462,100.5,83632,4967,ME,OC
9463,100.5,83633,2640,CS,OC
9464,100.5,83634,1507,ME,OC
9465,100.5,83635,2653,CE,BC
9466,100.5,83636,4962,ME,BC
9467,100.5,83638,1414,EE,OC
9468,100.5,83639,4960,ME,SC
9469,100.5,83640,1407,BM,SC
9470,100.5,83641,1525,CE,OC
9471,100.5,83642,2328,EC,SC
9472,100.5,83644,4975,EE,OC
9473,100.5,83645,4954,EE,OC
9474,100.5,83649,4955,EC,MBC
9475,100.5,83651,4971,ME,BC
9476,100.5,83652,1133,EC,OC
9477,100.5,83653,4953,ME,OC
9478,100.5,83654,1118,EC,MBC
9479,100.5,83655,3826,EE,MBC
9480,100.5,83657,3918,EC,OC
9481,100.5,83659,1317,EE,SC
9482,100.5,83661,1120,CS,SC
9483,100.5,83662,3830,ME,BC
9484,100.5,83664,4978,CS,OC
9485,100.5,83666,2628,CS,OC
9486,100.5,83668,2740,CS,BCM
9487,100.5,83669,2764,CS,SC
9488,100.5,83672,5009,CE,MBC
9489,100.5,83673,1420,IT,OC
9490,100.5,83676,4020,GI,SC
9491,100.5,83677,1413,CS,BC
9492,100.5,83678,2329,EC,BC
9493,100.5,83680,4957,EC,OC
9494,100.5,83681,3458,AG,SC
9495,100.5,83682,5986,CE,SC
9496,100.5,83685,3805,CS,MBC
9497,100.5,83686,2718,CE,BCM
9498,100.5,83688,2329,BM,SC
9499,100.5,83691,1310,CS,MBC
9500,100.5,83693,1407,BM,SC
9501,100.5,83694,2719,CE,BC
9502,100.5,83695,1420,IT,OC
9503,100.5,83696,2328,BM,SC
9504,100.5,83697,1510,CS,MBC
9505,100.5,83698,4983,ME,OC
9506,100.5,83699,4978,BT,OC
9507,100.5,83700,2727,AG,SCA
9508,100.5,83701,1216,CH,MBC
9509,100.5,83702,5010,ME,BC
9510,100.5,83705,2710,EC,MBC
9511,100.2,83707,2634,BM,SC
9512,100.0,83708,3462,CE,OC
9513,100.0,83709,1123,CS,OC
9514,100.0,83710,2354,CS,OC
9515,100.0,83711,1207,EC,OC
9516,100.0,83712,1133,ME,OC
9517,100.0,83713,1118,EE,BC
9518,100.0,83714,2776,CS,OC
9519,100.0,83715,2617,EC,OC
9520,100.0,83716,3820,CS,OC
9521,100.0,83718,3845,ME,OC
9522,100.0,83721,3805,AD,OC
9523,100.0,83725,2707,EE,BC
9524,100.0,83726,1413,EC,OC
9525,100.0,83727,2750,ME,MBC
9526,100.0,83728,2708,MZ,MBC
9527,100.0,83729,3021,EC,OC
9528,100.0,83730,2630,EC,SC
9529,100.0,83731,2764,CE,BC
9530,100.0,83732,2646,CS,OC
9531,100.0,83733,5912,EC,OC
9532,100.0,83734,2713,CS,MBC
9533,100.0,83736,5502,ME,OC
9534,100.0,83739,2329,BM,MBC
9535,100.0,83740,2665,ME,OC
9536,100.0,83742,2702,AU,BC
9537,100.0,83745,1126,CS,OC
9538,100.0,83746,3825,ME,OC
9539,100.0,83747,3016,CS,MBC
9540,100.0,83748,2758,EC,OC
9541,100.0,83749,2734,IT,MBC
9542,100.0,83751,4975,CS,BC
9543,100.0,83754,4864,CS,BC
9544,100.0,83755,1419,EC,SC
9545,100.0,83757,2609,CE,OC
9546,100.0,83758,1114,CS,SC
9547,100.0,83760,2610,EE,OC
9548,100.0,83761,2610,EE,OC
9549,100.0,83763,1399,CB,SC
9550,100.0,83764,4928,CS,BC
9551,100.0,83766,2601,IT,SC
9552,100.0,83767,2350,EC,OC
9553,100.0,83769,4960,AD,SC
9554,100.0,83770,2723,MD,BC
9555,100.0,83771,3410,CS,BCM
9556,100.0,83772,2620,EE,OC
9557,100.0,83773,5,EC,BC
9558,100.0,83774,4917,CH,MBC
9559,100.0,83776,2758,CS,OC
9560,100.0,83779,2609,EE,OC
9561,100.0,83782,3848,EC,OC
9562,100.0,83783,1431,CS,BC
9563,100.0,83784,2726,BM,MBC
9564,100.0,83786,2314,EC,OC
9565,100.0,83788,1210,ME,OC
9566,100.0,83789,2621,EC,OC
9567,100.0,83790,2702,EI,MBC
9568,100.0,83791,3905,CS,BC
9569,100.0,83793,2752,IT,BC
9570,100.0,83795,4952,CS,OC
9571,100.0,83798,2726,BM,MBC
9572,100.0,83800,3425,EE,MBC
9573,100.0,83801,2653,EC,MBC
9574,100.0,83802,4928,ME,OC
9575,100.0,83803,2729,CS,MBC
9576,100.0,83806,1504,IT,BC
9577,100.0,83807,2726,CE,OC
9578,100.0,83808,3018,CS,BC
9579,100.0,83811,2613,EE,MBC
9580,100.0,83812,4944,EC,SC
9581,100.0,83813,2611,CH,OC
9582,100.0,83814,2758,CS,OC
9583,100.0,83816,2628,BM,OC
9584,100.0,83817,3760,ME,OC
9585,100.0,83818,5907,ME,OC
9586,100.0,83820,3459,CS,BC
9587,100.0,83823,3831,CS,OC
9588,100.0,83824,2627,CS,SCA
9589,100.0,83826,2639,CS,BC
9590,100.0,83827,2646,ME,OC
9591,100.0,83828,1518,IT,OC
9592,100.0,83829,2610,EC,BC
9593,100.0,83830,3905,CS,SC
9594,100.0,83831,3905,ME,OC
9595,100.0,83832,5530,EC,MBC
9596,100.0,83834,4669,CS,BC
9597,100.0,83835,2764,CE,BC
9598,100.0,83836,1322,CS,OC
9599,100.0,83837,4999,ME,OC
9600,100.0,83838,2369,CE,BC
9601,100.0,83839,3804,EC,OC
9602,100.0,83840,2640,CS,OC
9603,100.0,83843,2636,CS,BCM
9604,100.0,83846,2610,EE,OC
9605,100.0,83847,2622,IT,MBC
9606,100.0,83848,3011,CE,MBC
9607,100.0,83849,4993,IT,OC
9608,100.0,83850,2609,CE,OC
9609,100.0,83851,1441,CS,OC
9610,100.0,83856,1303,BT,MBC
9611,100.0,83859,2727,EE,OC
9612,100.0,83860,2328,IT,BC
9613,100.0,83861,1512,CS,OC
9614,100.0,83862,2710,CE,BC
9615,100.0,83863,4946,CS,OC
9616,100.0,83864,4944,EC,BC
9617,100.0,83865,3812,IT,OC
9618,100.0,83866,5,IT,MBC
9619,100.0,83867,2639,EC,MBC
9620,100.0,83868,2763,ME,OC
9621,100.0,83871,2767,EE,OC
9622,100.0,83872,2739,AD,SC
9623,100.0,83873,2369,ME,BC
9624,100.0,83875,1141,CS,OC
9625,100.0,83876,3843,EC,OC
9626,100.0,83877,3830,EC,BCM
9627,100.0,83878,4928,CE,OC
9628,100.0,83879,4994,CS,SC
9629,100.0,83880,2345,EC,MBC
9630,100.0,83882,3410,CS,BC
9631,100.0,83885,4954,ME,OC
9632,100.0,83889,1303,EC,OC
9633,100.0,83892,1442,AD,MBC
9634,100.0,83893,1311,EC,BC
9635,100.0,83895,4957,CS,BC
9636,100.0,83896,2707,IT,BC
9637,100.0,83897,4672,CS,MBC
9638,100.0,83898,3805,CS,BC
9639,100.0,83899,2653,ME,OC
9640,100.0,83900,2708,EC,MBC
9641,100.0,83902,5010,ME,BC
9642,100.0,83903,5988,EE,OC
9643,100.0,83904,2661,CS,MBC
9644,100.0,83905,2707,IT,SC
9645,100.0,83906,2630,CS,SCA
9646,100.0,83907,2607,EE,BC
9647,100.0,83908,2614,CS,OC
9648,100.0,83909,5904,EE,OC
9649,100.0,83910,3805,PH,MBC
9650,100.0,83911,2739,CS,SC
9651,100.0,83912,3425,EC,BC
9652,100.0,83914,2345,CS,BCM
9653,100.0,83915,2707,CS,BC
9654,100.0,83916,2624,BT,OC
9655,100.0,83917,5904,EE,OC
9656,100.0,83921,3805,EE,OC
9657,100.0,83922,2328,IT,MBC
9658,100.0,83924,5533,ME,OC
9659,100.0,83925,1317,EI,BC
9660,100.0,83927,1505,IT,BCM
9661,100.0,83930,4994,EE,OC
9662,100.0,83933,3459,BM,SC
9663,100.0,83936,5919,BT,BC
9664,100.0,83937,5865,EC,BC
9665,100.0,83938,3819,ME,BC
9666,100.0,83939,2345,CS,MBC
9667,100.0,83940,5865,EC,BC
9668,100.0,83942,3464,ME,MBC
9669,100.0,83943,2705,IT,OC
9670,100.0,83944,2608,ME,OC
9671,100.0,83945,3795,ME,OC
9672,100.0,83947,1207,EC,OC
9673,100.0,83948,2702,TX,MBC
9674,100.0,83949,2621,CS,MBC
9675,100.0,83950,3807,CS,MBC
9676,100.0,83952,2755,CS,OC
9677,100.0,83954,2707,IT,BC
9678,100.0,83955,3811,EE,OC
9679,100.0,83956,4676,EE,OC
9680,100.0,83957,2607,IT,SCA
9681,100.0,83958,3819,IC,OC
9682,100.0,83959,1140,ME,OC
9683,100.0,83960,2652,CS,OC
9684,100.0,83961,4955,EE,OC
9685,100.0,83962,1202,CS,OC
9686,100.0,83963,2764,ME,MBC
9687,100.0,83965,2618,MZ,MBC
9688,100.0,83967,3810,CS,BC
9689,100.0,83968,1510,EE,OC
9690,100.0,83970,4966,CS,MBC
9691,100.0,83971,2609,EC,BC
9692,100.0,83974,2659,EC,OC
9693,100.0,83975,3804,CS,OC
9694,100.0,83976,1225,IT,MBC
9695,100.0,83977,1216,EI,OC
9696,100.0,83980,3806,CS,MBC
9697,100.0,83982,2651,EC,OC
9698,100.0,83983,5865,EC,SC
9699,100.0,83985,4680,CE,BC
9700,100.0,83987,2327,CE,OC
9701,100.0,83988,2607,IT,MBC
9702,100.0,83990,4959,CS,SC
9703,100.0,83991,1118,ME,BCM
9704,100.0,83992,2625,BM,OC
9705,100.0,83993,2665,CS,OC
9706,100.0,83994,1026,EE,BCM
9707,100.0,83995,4917,CS,SC
9708,100.0,83996,2707,CH,BC
9709,100.0,83998,2762,CS,SC
9710,100.0,83999,2609,CY,MBC
9711,100.0,84000,2707,BM,BC
9712,100.0,84001,1207,CS,SC
9713,100.0,84002,4998,EE,OC
9714,100.0,84003,4971,ME,BC
9715,100.0,84004,4023,CS,SC
9716,100.0,84006,2611,CS,MBC
9717,100.0,84008,1507,CS,OC
9718,100.0,84009,3825,CS,OC
9719,100.0,84012,2610,IT,BC
9720,100.0,84013,2618,CE,BC
9721,100.0,84014,2621,CS,BC
9722,100.0,84015,2632,IT,BC
9723,100.0,84020,2769,FD,OC
9724,100.0,84021,4941,CS,OC
9725,100.0,84022,3826,EE,SC
9726,100.0,84024,2609,CE,OC
9727,100.0,84025,1113,IT,ST
9728,100.0,84026,1520,CS,MBC
9729,100.0,84027,2613,EC,OC
9730,100.0,84028,2711,CE,BC
9731,100.0,84029,5703,CS,OC
9732,100.0,84033,1399,EE,SC
9733,100.0,84034,5532,EC,BC
9734,100.0,84035,4676,CS,SCA
9735,100.0,84038,1605,IT,OC
9736,100.0,84040,4984,ME,OC
9737,100.0,84041,2639,CS,SC
9738,100.0,84042,2634,FD,OC
9739,100.0,84044,2357,CE,BC
9740,100.0,84045,2314,AG,SCA
9741,100.0,84049,2328,EC,MBC
9742,100.0,84051,4669,CE,OC
9743,100.0,84053,2744,EC,OC
9744,100.0,84054,4960,EE,SC
9745,100.0,84055,3843,EC,OC
9746,100.0,84056,2610,IT,BC
9747,100.0,84057,2710,CE,BC
9748,100.0,84058,4917,ME,OC
9749,100.0,84061,2762,EC,OC
9750,100.0,84062,1509,EE,OC
9751,100.0,84063,3456,CS,OC
9752,100.0,84066,1231,IT,SC
9753,100.0,84068,2610,ME,OC
9754,100.0,84069,3011,CE,MBC
9755,100.0,84070,4917,EC,MBC
9756,100.0,84071,2609,CS,MBC
9757,100.0,84072,2741,ME,OC
9758,100.0,84076,3806,BM,BC
9759,100.0,84077,2710,EC,BCM
9760,100.0,84078,1210,EI,BC
9761,100.0,84079,1306,EC,SC
9762,100.0,84081,5,CH,SCA
9763,100.0,84082,4972,CS,BC
9764,100.0,84083,4959,BT,MBC
9765,100.0,84085,3814,ME,OC
9766,100.0,84086,5010,CE,BC
9767,100.0,84089,2610,CS,SC
9768,100.0,84091,2770,EE,OC
9769,100.0,84092,4944,EC,BC
9770,100.0,84093,2607,EE,BC
9771,100.0,84094,3825,CS,OC
9772,100.0,84096,4959,EE,BC
9773,100.0,84098,1217,BT,OC
9774,100.0,84099,1320,IT,BC
9775,100.0,84100,4957,CS,SC
9776,100.0,84101,4672,CS,MBC
9777,100.0,84103,3847,CH,OC
9778,100.0,84104,2601,ME,OC
9779,100.0,84106,3458,AG,BC
9780,100.0,84107,1518,CS,OC
9781,100.0,84108,2611,AE,OC
9782,100.0,84109,1509,CS,BC
9783,100.0,84111,2634,AD,OC
9784,100.0,84115,2764,CE,MBC
9785,100.0,84116,2640,AD,OC
9786,100.0,84119,2360,CS,OC
9787,100.0,84120,4960,ME,SC
9788,100.0,84121,2369,ME,MBC
9789,100.0,84123,2622,CE,ST
9790,100.0,84124,2622,CS,SC
9791,100.0,84125,2607,ME,OC
9792,100.0,84131,2650,ME,OC
9793,100.0,84135,1237,IT,MBC
9794,100.0,84137,2625,BM,OC
9795,100.0,84139,3810,IT,SC
9796,100.0,84140,2740,EC,OC
9797,100.0,84141,4917,ME,OC
9798,100.0,84142,2711,CS,SC
9799,100.0,84144,2639,EE,MBC
9800,100.0,84146,5502,ME,OC
9801,100.0,84147,2367,CS,OC
9802,100.0,84149,3810,CS,BC
9803,100.0,84150,3801,EC,BC
9804,100.0,84152,1202,CS,OC
9805,100.0,84153,4953,ME,OC
9806,100.0,84154,2636,EC,OC
9807,100.0,84156,4929,EC,OC
9808,100.0,84159,4024,EC,BC
9809,100.0,84161,5009,ME,MBC
9810,100.0,84162,3805,RM,OC
9811,100.0,84163,2634,IT,OC
9812,100.0,84165,4962,CE,OC
9813,100.0,84166,1510,EC,OC
9814,100.0,84167,2646,ME,OC
9815,100.0,84169,1207,BM,SC
9816,100.0,84172,2621,CS,MBC
9817,100.0,84173,4970,EE,OC
9818,100.0,84177,2360,CS,OC
9819,100.0,84178,1412,CS,SC
9820,100.0,84179,2357,CE,BC
9821,100.0,84180,2711,FD,SC
9822,100.0,84181,5912,EC,BC
9823,100.0,84182,4969,EE,OC
9824,100.0,84186,3805,CS,MBC
9825,100.0,84187,4965,ME,OC
9826,100.0,84189,4864,CS,BCM
9827,100.0,84190,2733,CS,OC
9828,100.0,84191,1441,ME,OC
9829,100.0,84192,5986,CE,MBC
9830,100.0,84194,3843,EC,OC
9831,100.0,84195,2646,CS,BC
9832,100.0,84197,2727,BM,BCM
9833,100.0,84198,3425,EE,ST
9834,100.0,84199,2702,TX,MBC
9835,100.0,84200,3019,EC,OC
9836,100.0,84201,4670,CE,BC
9837,100.0,84202,3811,EC,OC
9838,100.0,84203,2614,TC,OC
9839,100.0,84204,5536,EE,OC
9840,100.0,84205,3841,CS,MBC
9841,100.0,84207,3807,EC,OC
9842,100.0,84208,3806,CS,BC
9843,100.0,84211,2625,AG,OC
9844,100.0,84214,2643,CS,MBC
9845,100.0,84215,2723,CS,MBC
9846,100.0,84216,2710,CS,SC
9847,100.0,84220,2618,CE,SC
9848,100.0,84221,2726,BM,MBC
9849,100.0,84222,1424,AD,MBC
9850,100.0,84223,1015,EC,BC
9851,100.0,84224,3425,EE,MBC
9852,100.0,84226,3803,IT,BC
9853,100.0,84228,1325,ME,OC
9854,100.0,84229,1115,CS,OC
9855,100.0,84231,3805,ME,OC
9856,100.0,84232,1516,ME,BC
9857,100.0,84234,1414,EC,MBC
9858,100.0,84235,2709,CS,BCM
9859,100.0,84238,2704,CS,SC
9860,100.0,84241,4953,CS,BC
9861,100.0,84243,5902,IT,OC
9862,100.0,84245,4981,CS,SCA
9863,100.0,84246,5915,CS,BC
9864,100.0,84247,1118,EE,BCM
9865,100.0,84248,2643,EC,OC
9866,100.0,84250,1414,CS,SC
9867,100.0,84251,2613,ME,OC
9868,100.0,84254,4962,CE,BC
9869,100.0,84255,2715,EC,BC
9870,100.0,84256,2347,CE,OC
9871,100.0,84258,2743,BM,OC
9872,100.0,84259,1026,EE,BC
9873,100.0,84260,1207,CS,BC
9874,100.0,84261,5,EC,MBC
9875,100.0,84263,2369,ME,SC
9876,100.0,84264,3805,CE,OC
9877,100.0,84265,2607,IT,MBC
9878,100.0,84266,1026,ME,SC
9879,100.0,84267,3905,CS,SC
9880,100.0,84268,2707,CS,BC
9881,100.0,84269,5902,CS,SCA
9882,100.0,84271,5703,CS,OC
9883,100.0,84274,3843,EE,OC
9884,100.0,84275,2653,EE,BC
9885,100.0,84279,1421,EC,OC
9886,100.0,84280,4917,CS,SC
9887,100.0,84281,2722,EC,SC
9888,100.0,84283,1516,ME,BC
9889,100.0,84287,2727,EC,BC
9890,100.0,84290,1520,EE,OC
9891,100.0,84291,1110,EC,OC
9892,100.0,84292,2636,EC,SC
9893,100.0,84293,3805,FD,BC
9894,100.0,84294,1211,CH,SC
9895,100.0,84297,4970,CS,OC
9896,100.0,84298,3905,EE,OC
9897,100.0,84299,5988,CS,OC
9898,100.0,84301,2708,FD,SC
9899,100.0,84302,2707,CH,BC
9900,100.0,84304,1241,ME,OC
9901,100.0,84305,3459,BM,SC
9902,100.0,84306,4965,EC,MBC
9903,100.0,84308,1325,EC,SC
9904,100.0,84310,1207,CS,MBC
9905,100.0,84313,2613,EC,OC
9906,100.0,84315,3011,ME,BC
9907,100.0,84318,4972,EC,BC
9908,100.0,84322,2767,CS,OC
9909,100.0,84324,2653,ME,OC
9910,100.0,84325,4917,EE,OC
9911,100.0,84326,5832,EE,OC
9912,100.0,84327,2611,AG,MBC
9913,100.0,84328,1110,ME,OC
9914,100.0,84330,2609,CE,OC
9915,100.0,84331,2657,CS,OC
9916,100.0,84332,3805,IT,SC
9917,100.0,84333,2708,ME,OC
9918,100.0,84337,1202,CS,OC
9919,100.0,84339,2642,IT,OC
9920,99.5,84340,3806,CS,BC
9921,99.5,84341,1225,ME,OC
9922,99.5,84343,2648,CS,OC
9923,99.5,84345,2741,CS,BC
9924,99.5,84347,3805,AO,OC
9925,99.5,84348,3805,CE,OC
9926,99.5,84349,1207,BM,SC
9927,99.5,84350,3461,ME,OC
9928,99.5,84351,1512,CS,OC
9929,99.5,84353,3425,ME,OC
9930,99.5,84354,5010,CE,BC
9931,99.5,84357,2726,AG,BC
9932,99.5,84359,1320,IT,BC
9933,99.5,84361,5536,EE,OC
9934,99.5,84362,1123,EE,OC
9935,99.5,84363,5017,EC,OC
9936,99.5,84364,3810,IT,BC
9937,99.5,84365,1407,ME,OC
9938,99.5,84366,2625,EE,OC
9939,99.5,84367,3810,EE,OC
9940,99.5,84368,2708,EC,BC
9941,99.5,84370,3812,ME,OC
9942,99.5,84371,3843,EE,OC
9943,99.5,84372,1228,IT,OC
9944,99.5,84375,2006,FY,ST
9945,99.5,84376,2764,EE,MBC
9946,99.5,84377,2659,BM,SC
9947,99.5,84380,1311,IT,SC
9948,99.5,84381,1523,IT,OC
9949,99.5,84384,2722,ME,OC
9950,99.5,84385,4675,EC,OC
9951,99.5,84386,2360,CS,OC
9952,99.5,84387,2656,ME,OC
9953,99.5,84388,2705,ME,OC
9954,99.5,84390,2708,EC,BC
9955,99.5,84391,1520,CS,BC
9956,99.5,84392,2707,EC,OC
9957,99.5,84393,2723,BM,SC
9958,99.5,84395,2608,CE,BC
9959,99.5,84396,2611,CY,SCA
9960,99.5,84397,2718,EE,SC
9961,99.5,84398,3021,ME,OC
9962,99.5,84401,2618,FT,BC
9963,99.5,84402,4672,EC,BC
9964,99.5,84404,3425,ME,OC
9965,99.5,84405,2707,ME,OC
9966,99.5,84409,2707,CS,BC
9967,99.5,84410,4672,ME,MBC
9968,99.5,84411,2729,CS,BC
9969,99.5,84412,4960,CE,MBC
9970,99.5,84416,3841,EC,OC
9971,99.5,84418,3806,CB,OC
9972,99.5,84419,2729,AD,SCA
9973,99.5,84421,5915,CS,BC
9974,99.5,84423,3805,IT,SC
9975,99.5,84424,4965,CS,MBC
9976,99.5,84425,2349,BM,SC
9977,99.5,84426,2341,EE,OC
9978,99.5,84428,3456,CS,OC
9979,99.5,84430,4864,EC,BC
9980,99.5,84431,5,CE,SCA
9981,99.5,84432,3760,AG,BC
9982,99.5,84436,4917,CE,OC
9983,99.5,84437,2607,IT,MBC
9984,99.5,84438,2328,IT,MBC
9985,99.5,84440,1430,ME,OC
9986,99.5,84441,1422,EI,BC
9987,99.5,84443,2752,EE,OC
9988,99.5,84444,4917,EC,SCA
9989,99.5,84445,2740,CS,MBC
9990,99.5,84446,3805,EE,OC
9991,99.5,84448,2659,CE,OC
9992,99.5,84449,2715,EE,MBC
9993,99.5,84452,1213,BM,OC
9994,99.5,84454,1207,CS,MBC
9995,99.5,84456,3854,EE,OC
9996,99.5,84457,1202,CS,BC
9997,99.5,84459,2707,CS,BC
9998,99.5,84460,1452,EC,OC
9999,99.5,84461,2722,ME,OC
10000,99.5,84462,3831,EC,OC
10001,99.5,84463,2610,BM,BC
10002,99.5,84464,2636,CS,SC
10003,99.5,84465,3011,AU,MBC
10004,99.5,84466,2705,CS,BC
10005,99.5,84470,1523,ME,OC
10006,99.5,84471,4678,ME,OC
10007,99.5,84472,1520,CS,MBC
10008,99.5,84473,2607,IT,MBC
10009,99.5,84474,2659,EC,OC
10010,99.5,84476,2608,CE,BC
10011,99.5,84477,2727,BM,SC
10012,99.5,84478,2613,EE,MBC
10013,99.5,84481,4978,BT,OC
10014,99.5,84482,2727,EC,BC
10015,99.5,84483,3848,CS,OC
10016,99.5,84484,1311,EC,BC
10017,99.5,84486,2740,PH,BC
10018,99.5,84489,2609,ME,OC
10019,99.5,84491,2624,CS,OC
10020,99.5,84492,1213,BM,BC
10021,99.5,84494,1211,CS,SCA
10022,99.5,84495,4944,EC,BC
10023,99.5,84496,3908,EC,OC
10024,99.5,84497,2620,EC,BC
10025,99.5,84498,2345,EC,BC
10026,99.5,84499,3806,EC,OC
10027,99.5,84500,2704,CE,OC
10028,99.5,84503,2661,EC,OC
10029,99.5,84504,2634,CS,MBC
10030,99.5,84505,1307,IT,BC
10031,99.5,84508,3806,CS,BCM
10032,99.5,84509,2653,ME,OC
10033,99.5,84510,4964,EC,OC
10034,99.5,84511,4955,EC,SC
10035,99.5,84512,2634,BM,MBC
10036,99.5,84513,2622,CS,ST
10037,99.5,84514,2716,AG,SC
10038,99.5,84516,1014,EC,SC
10039,99.5,84517,2632,BM,SC
10040,99.5,84519,2610,CE,OC
10041,99.5,84520,3826,CE,BC
10042,99.5,84521,5,CH,MBC
10043,99.5,84524,1149,EC,MBC
10044,99.5,84525,4993,IT,OC
10045,99.5,84526,1408,EE,OC
10046,99.5,84527,3456,CS,OC
10047,99.5,84529,3701,ME,OC
10048,99.5,84530,1114,ME,OC
10049,99.5,84532,3810,EI,OC
10050,99.5,84533,1202,IT,OC
10051,99.5,84535,3464,CE,BC
10052,99.5,84539,2651,CE,OC
10053,99.5,84540,2610,AD,BC
10054,99.5,84541,1408,CS,BC
10055,99.5,84543,2704,CE,OC
10056,99.5,84546,3918,EC,OC
10057,99.5,84549,2610,EC,MBC
10058,99.5,84551,2708,AL,SC
10059,99.5,84552,5,IT,BC
10060,99.5,84553,2651,FT,OC
10061,99.5,84554,3812,IT,OC
10062,99.5,84555,4917,EE,OC
10063,99.5,84556,3811,CS,OC
10064,99.5,84557,2328,IT,BC
10065,99.5,84559,2651,CE,OC
10066,99.5,84560,1509,CS,SC
10067,99.5,84561,3825,EE,OC
10068,99.5,84562,3843,EC,OC
10069,99.5,84564,3454,BM,OC
10070,99.5,84565,1114,EC,SC
10071,99.5,84567,2357,CS,BC
10072,99.5,84568,2735,IT,MBC
10073,99.5,84569,1505,IT,MBC
10074,99.5,84571,1202,CS,SC
10075,99.5,84572,4970,CS,OC
10076,99.5,84573,3805,IT,BC
10077,99.5,84574,4966,CS,SC
10078,99.5,84575,2613,AU,OC
10079,99.5,84578,1127,CS,OC
10080,99.5,84581,4980,CS,OC
10081,99.5,84586,2726,EC,MBC
10082,99.5,84588,4917,CE,OC
10083,99.5,84589,5904,IT,MBC
10084,99.5,84591,2617,EE,OC
10085,99.5,84592,1421,CS,BC
10086,99.5,84593,1123,IT,OC
10087,99.5,84594,4962,EE,MBC
10088,99.5,84597,1322,CS,OC
10089,99.5,84598,3701,EC,OC
10090,99.5,84599,5017,EE,OC
10091,99.5,84600,5832,EC,OC
10092,99.5,84601,1207,IT,OC
10093,99.5,84602,2623,BM,MBC
10094,99.5,84604,2328,EC,MBC
10095,99.5,84605,5010,CE,SC
10096,99.5,84609,2743,CE,OC
10097,99.5,84610,5703,CS,OC
10098,99.5,84611,2769,CB,OC
10099,99.5,84613,1301,EE,OC
10100,99.5,84615,1452,CS,SC
10101,99.5,84616,1202,CS,MBC
10102,99.5,84619,2342,ME,OC
10103,99.5,84620,4998,CS,MBC
10104,99.5,84622,1311,EC,BC
10105,99.5,84623,2613,EC,OC
10106,99.5,84624,2328,BM,SC
10107,99.5,84625,3454,CS,BC
10108,99.5,84627,2314,CS,BC
10109,99.5,84629,2707,BM,SC
10110,99.5,84630,3848,ME,OC
10111,99.5,84631,2750,ME,BCM
10112,99.5,84632,2611,AG,BC
10113,99.5,84633,3815,TX,OC
10114,99.5,84635,4670,CE,BC
10115,99.5,84636,2611,CS,BC
10116,99.5,84637,2620,EC,MBC
10117,99.5,84640,2719,AE,BC
10118,99.5,84642,1412,EC,OC
10119,99.5,84643,2705,CS,BC
10120,99.5,84644,5986,CE,SC
10121,99.5,84645,3011,ME,SC
10122,99.5,84646,5010,ME,BCM
10123,99.5,84648,5536,EE,OC
10124,99.5,84651,2347,ME,OC
10125,99.5,84652,4670,CE,BC
10126,99.5,84653,2612,CS,OC
10127,99.5,84654,2710,CE,SC
10128,99.5,84655,3810,AD,OC
10129,99.5,84656,2776,AG,MBC
10130,99.5,84660,3817,CS,MBC
10131,99.5,84661,4672,CS,MBC
10132,99.5,84663,3805,CS,BC
10133,99.5,84664,4981,CS,MBC
10134,99.5,84666,2607,FD,BCM
10135,99.5,84668,4955,ME,OC
10136,99.5,84669,1405,AD,OC
10137,99.5,84670,1431,IT,OC
10138,99.5,84671,3918,CE,OC
10139,99.5,84674,1421,EE,OC
10140,99.5,84675,5862,BM,OC
10141,99.5,84676,2707,ME,OC
10142,99.5,84677,1510,CS,BC
10143,99.5,84678,1015,EC,MBC
10144,99.5,84680,2702,ME,MBC
10145,99.5,84681,3410,EE,OC
10146,99.5,84682,2722,IC,BC
10147,99.5,84683,2620,CS,MBC
10148,99.5,84684,1228,CS,OC
10149,99.5,84685,4944,EC,BC
10150,99.5,84687,1501,ME,OC
10151,99.5,84688,3819,ME,BC
10152,99.5,84689,1118,RM,MBC
10153,99.5,84690,1126,BM,SC
10154,99.5,84691,2735,EC,MBC
10155,99.5,84692,2345,CS,BC
10156,99.5,84693,2611,EC,OC
10157,99.5,84695,2735,IT,SC
10158,99.5,84696,2342,EC,OC
10159,99.5,84697,4964,CS,OC
10160,99.5,84698,2357,IT,BC
10161,99.5,84699,2357,ME,MBC
10162,99.5,84705,3844,BM,OC
10163,99.5,84706,2726,AG,MBC
10164,99.5,84707,2601,BT,MBC
10165,99.5,84708,1233,EC,MBC
10166,99.5,84709,1322,CS,OC
10167,99.5,84710,3458,AG,MBC
10168,99.5,84712,3849,CS,OC
10169,99.5,84716,2719,IT,SC
10170,99.5,84717,1320,IT,BC
10171,99.5,84718,2752,CS,SCA
10172,99.5,84720,2740,CS,MBC
10173,99.5,84722,2609,CS,BC
10174,99.5,84724,5,ME,OC
10175,99.5,84725,1325,IT,BC
10176,99.5,84727,3701,CE,MBC
10177,99.5,84728,2634,AG,OC
10178,99.5,84729,1137,EE,OC
10179,99.5,84731,4928,CE,OC
10180,99.5,84732,2764,CE,SC
10181,99.5,84733,2740,IT,MBC
10182,99.5,84734,1101,EE,OC
10183,99.5,84735,3918,CS,SC
10184,99.5,84737,2627,BT,SC
10185,99.5,84739,4981,ME,BC
10186,99.5,84741,1414,CS,SC
10187,99.5,84744,1110,CS,SC
10188,99.5,84745,2611,BM,BC
10189,99.5,84746,1520,IT,MBC
10190,99.5,84747,3011,AU,BC
10191,99.5,84749,2647,EC,OC
10192,99.5,84752,1431,CS,MBC
10193,99.5,84753,2713,IT,OC
10194,99.5,84754,2755,CS,OC
10195,99.5,84755,4981,EE,OC
10196,99.5,84756,2601,ME,OC
10197,99.5,84758,1317,ME,BC
10198,99.5,84759,5910,CB,MBC
10199,99.5,84760,1311,CS,SC
10200,99.5,84762,1523,IT,OC
10201,99.5,84764,1504,CS,BC
10202,99.5,84765,5904,EC,SC
10203,99.5,84769,1216,ME,OC
10204,99.5,84770,3805,CS,MBC
10205,99.5,84771,2715,EC,BC
10206,99.5,84773,1437,IT,OC
10207,99.5,84775,1520,CS,MBC
10208,99.5,84776,2734,IT,MBC
10209,99.5,84777,5532,EE,MBC
10210,99.5,84778,2751,IT,MBC
10211,99.5,84779,1325,ME,OC
10212,99.5,84780,3905,ME,OC
10213,99.5,84781,1126,AG,BC
10214,99.5,84782,1322,AE,OC
10215,99.5,84788,2665,CS,OC
10216,99.5,84789,4675,CS,OC
10217,99.5,84790,2716,EC,OC
10218,99.5,84792,2652,IT,OC
10219,99.5,84795,1216,EE,BC
10220,99.5,84797,2342,CS,SC
10221,99.5,84798,5915,CS,BC
10222,99.5,84799,2634,CE,OC
10223,99.5,84801,5910,CE,BC
10224,99.5,84804,2622,EC,SC
10225,99.5,84806,1519,IT,OC
10226,99.5,84807,1422,AG,BCM
10227,99.5,84808,2731,PD,OC
10228,99.5,84809,4678,EE,BC
10229,99.5,84811,3805,CS,BC
10230,99.5,84815,4971,ME,MBC
10231,99.5,84816,4917,EE,OC
10232,99.5,84817,5,AM,MBC
10233,99.5,84821,2601,CE,OC
10234,99.5,84822,2606,CS,OC
10235,99.5,84823,4953,CS,BC
10236,99.5,84824,2740,EC,OC
10237,99.5,84825,2622,IT,MBC
10238,99.5,84826,4669,EC,BC
10239,99.5,84827,4023,EE,SC
10240,99.5,84828,2715,ME,OC
10241,99.5,84829,4928,CS,BC
10242,99.5,84832,4955,CS,SC
10243,99.5,84833,3805,IT,MBC
10244,99.5,84834,2369,CE,BC
10245,99.5,84836,2715,CE,OC
10246,99.5,84838,2369,ME,BC
10247,99.5,84839,2721,ME,OC
10248,99.5,84840,1408,IT,MBC
10249,99.5,84842,2726,EC,BC
10250,99.5,84846,5,EC,BC
10251,99.5,84847,4965,ME,OC
10252,99.5,84848,2647,IT,OC
10253,99.5,84850,4953,EC,BC
10254,99.5,84851,1149,EE,OC
10255,99.5,84852,2743,CB,OC
10256,99.5,84853,2641,EC,OC
10257,99.5,84856,3019,ME,OC
10258,99.5,84857,2639,CS,MBC
10259,99.5,84858,2621,CS,BC
10260,99.5,84862,1207,IT,OC
10261,99.5,84863,2349,CS,OC
10262,99.5,84865,2632,CS,OC
10263,99.5,84866,1324,ME,BC
10264,99.5,84867,5919,CS,OC
10265,99.5,84868,2750,ME,BC
10266,99.5,84869,2743,ME,OC
10267,99.5,84871,1521,CS,OC
10268,99.5,84872,2639,CS,MBC
10269,99.5,84873,2328,IT,BC
10270,99.5,84876,4931,EE,OC
10271,99.5,84878,1411,AE,BC
10272,99.5,84879,1211,ME,SC
10273,99.5,84881,1014,EC,MBC
10274,99.5,84884,2769,PD,OC
10275,99.5,84885,2627,ME,OC
10276,99.5,84886,2606,EC,OC
10277,99.5,84887,1303,ME,OC
10278,99.5,84888,2642,EC,OC
10279,99.5,84889,4955,EC,SC
10280,99.5,84891,3458,FD,MBC
10281,99.5,84892,2623,CS,OC
10282,99.5,84893,2607,IT,BCM
10283,99.5,84894,4965,ME,OC
10284,99.5,84897,2608,AD,SC
10285,99.5,84900,5502,EC,OC
10286,99.5,84902,4669,ME,OC
10287,99.5,84903,1304,EC,SC
10288,99.5,84905,2706,MZ,BC
10289,99.5,84908,1306,EC,BC
10290,99.5,84911,2634,BM,SCA
10291,99.5,84912,4944,CS,BC
10292,99.5,84916,1408,ME,OC
10293,99.5,84917,1325,IT,BCM
10294,99.5,84918,2726,EC,BC
10295,99.5,84921,2776,AG,MBC
10296,99.5,84922,4969,CS,BC
10297,99.5,84923,2753,CS,OC
10298,99.5,84928,4972,ME,OC
10299,99.5,84929,1520,CS,BC
10300,99.5,84930,1311,AD,MBC
10301,99.5,84931,5530,EE,OC
10302,99.5,84932,1317,ME,BC
10303,99.5,84933,2708,MZ,BC
10304,99.5,84934,1216,AD,SC
10305,99.5,84935,4953,EC,BC
10306,99.5,84936,2747,CS,BC
10307,99.5,84938,4024,GI,OC
10308,99.0,84944,2713,IT,OC
10309,99.0,84946,2609,ME,OC
10310,99.0,84947,4917,AG,MBC
10311,99.0,84951,3458,FD,BC
10312,99.0,84952,3841,AD,SC
10313,99.0,84953,2749,EC,OC
10314,99.0,84955,1605,CS,OC
10315,99.0,84956,2752,CS,BC
10316,99.0,84960,2639,EC,BC
10317,99.0,84962,1322,EC,OC
10318,99.0,84963,2357,CE,BC
10319,99.0,84964,1210,ME,OC
10320,99.0,84965,2329,AD,MBC
10321,99.0,84966,3847,BT,BC
10322,99.0,84967,1512,IT,OC
10323,99.0,84969,2611,IT,BC
10324,99.0,84970,2338,EE,OC
10325,99.0,84974,2715,AG,BC
10326,99.0,84975,3807,EE,OC
10327,99.0,84976,2611,EE,OC
10328,99.0,84977,2609,EC,BC
10329,99.0,84978,3701,CE,BC
10330,99.0,84979,4969,ME,OC
10331,99.0,84981,2620,TS,BC
10332,99.0,84985,3462,CE,OC
10333,99.0,84986,5832,CS,BC
10334,99.0,84988,2609,CS,MBC
10335,99.0,84989,2646,CS,BC
10336,99.0,84991,2354,CS,OC
10337,99.0,84992,3843,CE,OC
10338,99.0,84993,3805,CS,BC
10339,99.0,84995,2609,CS,BC
10340,99.0,84997,3786,EC,OC
10341,99.0,84998,1416,CS,OC
10342,99.0,85000,4955,ME,OC
10343,99.0,85001,1441,EC,OC
10344,99.0,85004,2648,CS,OC
10345,99.0,85005,2608,ME,OC
10346,99.0,85007,2737,IT,OC
10347,99.0,85009,3808,CS,OC
10348,99.0,85014,4999,ME,OC
10349,99.0,85015,1445,ME,OC
10350,99.0,85016,2621,CE,OC
10351,99.0,85017,1126,BM,SC
10352,99.0,85018,2683,CS,OC
10353,99.0,85019,3905,EC,OC
10354,99.0,85021,2665,CS,OC
10355,99.0,85022,1202,ME,OC
10356,99.0,85023,2651,EC,OC
10357,99.0,85024,4917,EE,BC
10358,99.0,85026,4969,EC,OC
10359,99.0,85027,2751,CS,MBC
10360,99.0,85028,4931,ME,OC
10361,99.0,85029,2345,CE,OC
10362,99.0,85030,1420,ME,OC
10363,99.0,85031,2610,CY,SC
10364,99.0,85035,2610,EE,SC
10365,99.0,85036,1212,BM,OC
10366,99.0,85037,5910,EC,MBC
10367,99.0,85041,3805,IT,BC
10368,99.0,85042,2360,CS,OC
10369,99.0,85043,3806,ME,OC
10370,99.0,85044,1437,IT,OC
10371,99.0,85045,3806,EE,OC
10372,99.0,85046,2683,CS,OC
10373,99.0,85047,2609,CS,BC
10374,99.0,85049,2665,PD,OC
10375,99.0,85050,2735,CS,SC
10376,99.0,85052,3805,AD,OC
10377,99.0,85053,4686,CS,OC
10378,99.0,85057,3021,CE,OC
10379,99.0,85058,4676,ME,OC
10380,99.0,85059,2708,EE,MBC
10381,99.0,85064,2627,CS,BC
10382,99.0,85065,5935,CS,BC
10383,99.0,85066,3805,CS,SC
10384,99.0,85068,5990,CS,OC
10385,99.0,85069,2632,IT,SC
10386,99.0,85073,2750,ME,BC
10387,99.0,85076,3860,CS,OC
10388,99.0,85077,4952,CS,OC
10389,99.0,85078,3812,CS,OC
10390,99.0,85079,1408,ME,OC
10391,99.0,85080,3833,CE,OC
10392,99.0,85081,4672,EC,BC
10393,99.0,85082,1420,CS,BC
10394,99.0,85083,5022,CE,OC
10395,99.0,85084,1504,EE,BC
10396,99.0,85085,1317,EI,BC
10397,99.0,85087,2610,BM,BC
10398,99.0,85088,2610,CH,OC
10399,99.0,85090,4964,AE,OC
10400,99.0,85091,2706,EE,MBC
10401,99.0,85097,3782,EC,OC
10402,99.0,85101,3819,CE,OC
10403,99.0,85103,1516,ME,BC
10404,99.0,85106,2642,IT,OC
10405,99.0,85107,2607,IT,MBC
10406,99.0,85109,2750,BM,SCA
10407,99.0,85111,3795,ME,OC
10408,99.0,85114,3841,AD,ST
10409,99.0,85115,2630,EE,OC
10410,99.0,85116,1507,IT,BC
10411,99.0,85117,2740,ME,OC
10412,99.0,85120,2369,CE,BC
10413,99.0,85121,2632,IT,BC
10414,99.0,85122,1320,IT,BC
10415,99.0,85123,4961,CS,OC
10416,99.0,85124,3805,CS,MBC
10417,99.0,85125,3806,EC,OC
10418,99.0,85126,1120,IT,SC
10419,99.0,85128,2610,AD,BC
10420,99.0,85129,3811,CS,OC
10421,99.0,85131,2618,ME,BC
10422,99.0,85134,5914,CS,BC
10423,99.0,85136,2636,CS,MBC
10424,99.0,85137,2727,CE,OC
10425,99.0,85139,3795,EC,SC
10426,99.0,85140,3825,EC,OC
10427,99.0,85142,2624,BM,OC
10428,99.0,85143,2776,AG,SCA
10429,99.0,85144,2609,MC,OC
10430,99.0,85145,2627,EC,OC
10431,99.0,85146,2707,IT,SC
10432,99.0,85150,2639,EC,MBC
10433,99.0,85154,2611,AG,SC
10434,99.0,85155,2673,CS,BC
10435,99.0,85156,1422,ME,BC
10436,99.0,85159,3806,ME,OC
10437,99.0,85161,2630,CS,BCM
10438,99.0,85163,2614,EE,OC
10439,99.0,85164,2751,EC,BC
10440,99.0,85165,3805,CS,MBC
10441,99.0,85166,3854,ME,OC
10442,99.0,85167,3812,CS,OC
10443,99.0,85168,2665,CS,OC
10444,99.0,85169,3805,FD,SC
10445,99.0,85171,1307,IT,MBC
10446,99.0,85172,2741,ME,OC
10447,99.0,85173,4675,EE,OC
10448,99.0,85176,2636,CS,SC
10449,99.0,85177,2632,EC,OC
10450,99.0,85178,4966,CS,BC
10451,99.0,85179,2661,CE,OC
10452,99.0,85181,1322,AE,OC
10453,99.0,85182,3804,CS,OC
10454,99.0,85183,5022,EC,BC
10455,99.0,85184,4964,CS,OC
10456,99.0,85185,4931,EE,OC
10457,99.0,85186,3410,EE,OC
10458,99.0,85187,2639,CS,BCM
10459,99.0,85188,2661,CS,SC
10460,99.0,85189,3701,AD,OC
10461,99.0,85191,2624,CS,OC
10462,99.0,85192,1416,BM,OC
10463,99.0,85193,1317,EE,MBC
10464,99.0,85194,4999,ME,OC
10465,99.0,85196,5902,EC,OC
10466,99.0,85199,4917,EE,BC
10467,99.0,85201,1322,BM,OC
10468,99.0,85202,1413,AD,OC
10469,99.0,85203,4998,CS,MBC
10470,99.0,85204,1324,CO,SC
10471,99.0,85206,2601,AE,OC
10472,99.0,85207,3833,CS,BC
10473,99.0,85208,3806,CS,BC
10474,99.0,85209,1140,EE,OC
10475,99.0,85210,2639,EC,MBC
10476,99.0,85211,1505,CS,BC
10477,99.0,85213,2707,BM,SC
10478,99.0,85214,1504,IT,BC
10479,99.0,85215,5902,EC,OC
10480,99.0,85216,3846,CS,OC
10481,99.0,85217,3806,CS,SC
10482,99.0,85218,1238,ME,OC
10483,99.0,85219,2624,FD,OC
10484,99.0,85220,4944,CE,OC
10485,99.0,85223,4948,FT,OC
10486,99.0,85224,3701,CE,SC
10487,99.0,85225,2636,CS,BC
10488,99.0,85226,5009,ME,BC
10489,99.0,85228,1317,EE,BC
10490,99.0,85229,5533,ME,OC
10491,99.0,85230,5915,CS,BC
10492,99.0,85232,3811,CS,OC
10493,99.0,85233,3425,ME,OC
10494,99.0,85234,4970,ME,OC
10495,99.0,85235,4994,CE,OC
10496,99.0,85239,2621,IT,BC
10497,99.0,85240,2609,AO,BC
10498,99.0,85241,3804,CE,OC
10499,99.0,85242,3021,CS,MBC
10500,99.0,85245,3454,AG,OC
10501,99.0,85246,4975,ME,OC
10502,99.0,85248,2642,CS,BC
10503,99.0,85249,2624,AG,OC
10504,99.0,85251,1432,CS,SC
10505,99.0,85252,2606,ME,OC
10506,99.0,85255,2751,CS,MBC
10507,99.0,85257,4676,EC,OC
10508,99.0,85258,2620,TS,MBC
10509,99.0,85259,4669,ME,OC
10510,99.0,85260,4023,CS,MBC
10511,99.0,85261,2614,IT,OC
10512,99.0,85262,2610,CS,MBC
10513,99.0,85264,4998,ME,OC
10514,99.0,85266,2747,CS,BCM
10515,99.0,85267,3905,ME,OC
10516,99.0,85268,1504,IT,BC
10517,99.0,85272,3905,CS,BC
10518,99.0,85273,2725,EC,BC
10519,99.0,85274,4933,EE,OC
10520,99.0,85275,2733,CS,OC
10521,99.0,85276,1518,EE,OC
10522,99.0,85277,2755,CS,OC
10523,99.0,85279,3805,BM,BCM
10524,99.0,85280,1118,ME,BC
10525,99.0,85282,5988,EC,OC
10526,99.0,85284,2609,CS,MBC
10527,99.0,85285,2723,IT,MBC
10528,99.0,85286,2608,ME,OC
10529,99.0,85287,2740,AE,SC
10530,99.0,85288,4962,CS,SC
10531,99.0,85289,5,MM,OC
10532,99.0,85290,1504,CS,BC
10533,99.0,85292,5022,ME,OC
10534,99.0,85293,2710,ME,BC
10535,99.0,85295,3019,EE,OC
10536,99.0,85298,4980,CS,OC
10537,99.0,85299,1225,EC,OC
10538,99.0,85301,2611,AG,MBC
10539,99.0,85302,1407,BM,SC
10540,99.0,85303,2729,AD,MBC
10541,99.0,85304,4964,EE,OC
10542,99.0,85305,4953,CS,BC
10543,99.0,85307,1202,IT,OC
10544,99.0,85309,2727,EC,BC
10545,99.0,85310,4971,CS,MBC
10546,99.0,85311,2314,AG,BC
10547,99.0,85312,2329,EC,MBC
10548,99.0,85313,2727,EC,BC
10549,99.0,85314,2640,CS,OC
10550,99.0,85316,2643,EC,OC
10551,99.0,85317,2613,PH,OC
10552,99.0,85320,2725,EC,MBC
10553,99.0,85321,3805,CS,SC
10554,99.0,85322,2659,CS,OC
10555,99.0,85323,2613,IT,MBC
10556,99.0,85324,1324,ME,BC
10557,99.0,85326,3905,EE,BC
10558,99.0,85328,2610,BT,OC
10559,99.0,85329,3786,CS,BC
10560,99.0,85331,2643,CS,SC
10561,99.0,85332,3805,EC,OC
10562,99.0,85333,2722,IC,BCM
10563,99.0,85335,2723,CE,MBC
10564,99.0,85337,2750,EE,SC
10565,99.0,85340,2329,ME,OC
10566,99.0,85344,2726,AG,MBC
10567,99.0,85345,1409,EC,OC
10568,99.0,85346,2741,CS,MBC
10569,99.0,85347,4934,EC,OC
10570,99.0,85350,3831,CS,OC
10571,99.0,85351,2357,IT,MBC
10572,99.0,85352,5009,ME,BC
10573,99.0,85353,2618,CE,BC
10574,99.0,85354,3018,CS,BC
10575,99.0,85355,4978,BT,OC
10576,99.0,85356,2708,EI,OC
10577,99.0,85357,4928,EC,OC
10578,99.0,85358,5,CH,MBC
10579,99.0,85359,1126,AG,BC
10580,99.0,85361,4917,BT,BCM
10581,99.0,85363,1504,BT,BC
10582,99.0,85364,3805,FD,SC
10583,99.0,85365,4669,EC,BC
10584,99.0,85368,2611,BM,SC
10585,99.0,85369,1520,CS,BC
10586,99.0,85372,1110,MZ,OC
10587,99.0,85373,2620,BM,BC
10588,99.0,85374,2725,EC,MBC
10589,99.0,85375,3829,EC,OC
10590,99.0,85377,2648,CS,OC
10591,99.0,85378,1110,EC,OC
10592,99.0,85379,3841,EC,OC
10593,99.0,85380,3830,AD,BC
10594,99.0,85381,2622,IT,MBC
10595,99.0,85382,1430,EE,OC
10596,99.0,85383,2762,CE,OC
10597,99.0,85384,4680,EE,BC
10598,99.0,85386,1216,CH,MBC
10599,99.0,85389,3810,EC,SCA
10600,99.0,85391,1399,CE,BC
10601,99.0,85392,2622,EC,SC
10602,99.0,85397,4949,MZ,OC
10603,99.0,85398,1316,BM,MBC
10604,99.0,85399,5703,CS,OC
10605,99.0,85402,4960,ME,MBC
10606,99.0,85403,2716,AG,BC
10607,99.0,85404,2621,CE,OC
10608,99.0,85405,3795,EC,BC
10609,99.0,85406,2740,AE,BC
10610,99.0,85407,4917,AG,SC
10611,99.0,85408,2711,EE,SC
10612,99.0,85409,4917,CE,OC
10613,99.0,85410,1422,EI,MBC
10614,99.0,85411,1307,CS,MBC
10615,99.0,85412,2750,EE,BC
10616,99.0,85418,4962,ME,BC
10617,99.0,85419,3019,CS,BC
10618,99.0,85421,3826,ME,OC
10619,99.0,85422,4670,ME,OC
10620,99.0,85423,3813,CS,OC
10621,99.0,85424,1118,ME,BC
10622,99.0,85425,1225,CS,SC
10623,99.0,85426,4955,IT,SC
10624,99.0,85427,5988,CS,OC
10625,99.0,85428,3016,ME,OC
10626,99.0,85429,1303,EE,OC
10627,99.0,85430,2708,EC,MBC
10628,99.0,85432,2702,BT,ST
10629,99.0,85434,5935,CS,BCM
10630,99.0,85436,4953,CS,SC
10631,99.0,85438,3021,CS,SC
10632,99.0,85441,4964,AE,OC
10633,99.0,85442,1324,ME,BC
10634,99.0,85444,2621,EC,OC
10635,99.0,85445,1407,CS,OC
10636,99.0,85446,2632,IT,BC
10637,99.0,85453,2329,BT,SC
10638,99.0,85454,2623,BM,BC
10639,99.0,85455,2723,ME,BC
10640,99.0,85457,4917,EE,BC
10641,99.0,85458,4992,ME,OC
10642,99.0,85460,3815,IT,OC
10643,99.0,85464,2632,ME,OC
10644,99.0,85465,5703,CS,OC
10645,99.0,85467,4992,EC,OC
10646,99.0,85468,5,AM,SC
10647,99.0,85469,1520,EC,BC
10648,99.0,85470,2750,EE,BC
10649,99.0,85473,2767,CS,OC
10650,99.0,85476,2707,BM,BC
10651,99.0,85478,1303,ME,OC
10652,99.0,85479,4993,ME,OC
10653,99.0,85480,2715,EC,MBC
10654,99.0,85482,4994,EC,OC
10655,99.0,85483,2716,EE,OC
10656,99.0,85486,4992,CE,OC
10657,99.0,85487,4020,CS,SCA
10658,99.0,85488,4957,IT,OC
10659,99.0,85489,3908,EC,OC
10660,99.0,85490,2713,EC,OC
10661,99.0,85491,3786,EE,OC
10662,99.0,85492,5832,CS,BC
10663,99.0,85493,2744,IT,BC
10664,99.0,85495,2661,IT,BC
10665,99.0,85499,3786,MZ,OC
10666,99.0,85503,4978,CS,OC
10667,99.0,85506,2328,BM,BC
10668,99.0,85507,1207,EC,OC
10669,99.0,85508,1128,EC,MBC
10670,99.0,85511,2362,CS,OC
10671,99.0,85515,2729,CS,BCM
10672,99.0,85517,2628,CS,OC
10673,99.0,85519,2665,ME,OC
10674,99.0,85520,2617,CS,OC
10675,99.0,85521,1430,ME,OC
10676,99.0,85522,2314,EC,MBC
10677,99.0,85523,2708,EE,MBC
10678,99.0,85524,3805,BM,BC
10679,99.0,85526,2639,EE,MBC
10680,99.0,85533,1013,EC,BCM
10681,99.0,85534,3843,EE,OC
10682,99.0,85539,4971,ME,MBC
10683,99.0,85541,1202,IT,OC
10684,99.0,85542,5910,CE,BC
10685,99.0,85544,2601,EC,BC
10686,99.0,85545,1303,ME,OC
10687,99.0,85546,5,AM,BC
10688,98.5,85547,2708,CS,SC
10689,98.5,85548,5990,CS,OC
10690,98.5,85549,4962,EE,MBC
10691,98.5,85550,2607,TX,BC
10692,98.5,85551,2634,EC,OC
10693,98.5,85552,3425,ME,BC
10694,98.5,85556,2707,EI,SCA
10695,98.5,85560,2636,EC,MBC
10696,98.5,85561,2715,EE,BC
10697,98.5,85562,2711,CE,BC
10698,98.5,85564,2610,EE,SCA
10699,98.5,85565,2610,RM,OC
10700,98.5,85566,2708,EI,OC
10701,98.5,85567,2367,MZ,OC
10702,98.5,85568,4917,ME,OC
10703,98.5,85569,2625,EE,OC
10704,98.5,85574,5907,IT,OC
10705,98.5,85578,2622,EC,MBC
10706,98.5,85581,2763,CS,BC
10707,98.5,85583,2659,CS,OC
10708,98.5,85584,2625,ME,OC
10709,98.5,85586,1509,CS,SC
10710,98.5,85587,2716,EC,OC
10711,98.5,85588,2707,CH,BC
10712,98.5,85589,2632,IT,BC
10713,98.5,85590,2732,CS,OC
10714,98.5,85591,1414,EC,MBC
10715,98.5,85592,3805,CS,BC
10716,98.5,85594,2610,AD,MBC
10717,98.5,85595,2613,EE,MBC
10718,98.5,85596,3817,CS,SC
10719,98.5,85597,2753,BM,BC
10720,98.5,85599,4955,CE,OC
10721,98.5,85601,1317,EE,BC
10722,98.5,85602,3425,EC,SC
10723,98.5,85603,1116,CS,SC
10724,98.5,85604,4955,EC,MBC
10725,98.5,85606,1237,EC,OC
10726,98.5,85607,3701,ME,OC
10727,98.5,85608,4928,CS,BC
10728,98.5,85611,5530,EE,OC
10729,98.5,85614,2625,BM,OC
10730,98.5,85615,2610,BM,MBC
10731,98.5,85618,2646,CE,OC
10732,98.5,85619,2708,EC,BC
10733,98.5,85620,1320,CS,MBC
10734,98.5,85621,1325,ME,OC
10735,98.5,85622,5910,ME,BC
10736,98.5,85625,2702,ME,MBC
10737,98.5,85626,2734,AD,MBC
10738,98.5,85630,2723,ME,BC
10739,98.5,85632,4998,EC,OC
10740,98.5,85634,3830,EE,MBC
10741,98.5,85636,1015,EC,BC
10742,98.5,85637,3843,CS,BC
10743,98.5,85638,1118,CS,SC
10744,98.5,85639,2739,CS,SC
10745,98.5,85641,5703,EC,OC
10746,98.5,85642,2624,ME,OC
10747,98.5,85644,2716,AG,MBC
10748,98.5,85647,2707,EC,BC
10749,98.5,85649,2634,AG,OC
10750,98.5,85650,5022,EE,OC
10751,98.5,85651,2716,IT,BC
10752,98.5,85655,4953,IT,BC
10753,98.5,85657,2328,EE,OC
10754,98.5,85661,2647,IT,OC
10755,98.5,85662,3805,AD,BC
10756,98.5,85664,2727,EE,OC
10757,98.5,85666,2723,MD,BC
10758,98.5,85668,1122,EC,MBC
10759,98.5,85670,2665,ME,OC
10760,98.5,85672,2357,CS,BC
10761,98.5,85673,5904,EE,OC
10762,98.5,85674,4965,EE,OC
10763,98.5,85675,5,IT,SC
10764,98.5,85677,3830,CB,BC
10765,98.5,85678,3806,CS,MBC
10766,98.5,85680,1303,AD,BC
10767,98.5,85681,2610,EE,MBC
10768,98.5,85682,5,ME,OC
10769,98.5,85685,5532,EE,BC
10770,98.5,85686,1118,IT,SC
10771,98.5,85687,3795,EC,BC
10772,98.5,85688,5,EE,OC
10773,98.5,85689,2638,EC,OC
10774,98.5,85690,2638,EC,OC
10775,98.5,85691,2725,IT,MBC
10776,98.5,85693,5910,ME,BCM
10777,98.5,85695,3926,ME,OC
10778,98.5,85696,5009,ME,SCA
10779,98.5,85697,3021,CS,SC
10780,98.5,85698,4964,CS,OC
10781,98.5,85702,1114,ME,OC
10782,98.5,85703,2767,CS,OC
10783,98.5,85704,2658,ME,OC
10784,98.5,85705,2624,ME,OC
10785,98.5,85707,5910,EC,MBC
10786,98.5,85710,1408,CS,BC
10787,98.5,85711,4965,ME,OC
10788,98.5,85712,2338,BM,OC
10789,98.5,85713,2614,CE,OC
10790,98.5,85717,5904,EE,OC
10791,98.5,85718,2617,CS,OC
10792,98.5,85720,3805,FD,MBC
10793,98.5,85722,2726,EC,BC
10794,98.5,85723,3920,CS,OC
10795,98.5,85726,2763,CS,BC
10796,98.5,85727,4944,EC,BC
10797,98.5,85728,5022,CS,SC
10798,98.5,85729,1504,CS,BC
10799,98.5,85730,2327,ME,OC
10800,98.5,85732,2314,AG,MBC
10801,98.5,85733,3843,ME,OC
10802,98.5,85734,1120,IT,SCA
10803,98.5,85735,1237,MZ,OC
10804,98.5,85737,2354,CS,BC
10805,98.5,85738,1120,EE,BCM
10806,98.5,85739,5010,EC,ST
10807,98.5,85741,1116,CS,BC
10808,98.5,85742,5,CS,BC
10809,98.5,85745,3454,BM,OC
10810,98.5,85748,2621,CS,MBC
10811,98.5,85749,3825,CS,OC
10812,98.5,85750,1207,IT,OC
10813,98.5,85751,2641,CS,MBC
10814,98.5,85752,2328,BM,SC
10815,98.5,85754,1128,EC,MBC
10816,98.5,85755,5919,BT,SC
10817,98.5,85756,1412,CS,MBC
10818,98.5,85758,2624,CS,OC
10819,98.5,85760,5915,EC,OC
10820,98.5,85762,2707,ME,OC
10821,98.5,85763,2622,CE,SC
10822,98.5,85764,3831,EC,OC
10823,98.5,85765,2750,EC,MBC
10824,98.5,85769,2606,EC,OC
10825,98.5,85771,1238,BM,MBC
10826,98.5,85772,1216,CE,OC
10827,98.5,85774,2620,TS,SC
10828,98.5,85777,4974,CS,ST
10829,98.5,85778,2653,ME,MBC
10830,98.5,85780,1513,EE,OC
10831,98.5,85781,2625,BM,SC
10832,98.5,85783,3458,AG,SC
10833,98.5,85784,3786,AE,OC
10834,98.5,85785,2609,AO,SC
10835,98.5,85786,2608,ME,OC
10836,98.5,85787,1324,AD,SC
10837,98.5,85788,2610,EE,MBC
10838,98.5,85789,1452,EE,OC
10839,98.5,85791,5910,BM,SC
10840,98.5,85792,2702,ME,MBC
10841,98.5,85795,3803,ME,OC
10842,98.5,85798,2610,EE,BC
10843,98.5,85800,1123,IT,OC
10844,98.5,85801,2636,EE,OC
10845,98.5,85805,5530,EC,SC
10846,98.5,85806,4917,CS,MBC
10847,98.5,85807,2347,CS,MBC
10848,98.5,85808,1412,CS,SC
10849,98.5,85810,2683,CS,OC
10850,98.5,85811,2707,ME,OC
10851,98.5,85812,1512,CS,OC
10852,98.5,85813,2657,BT,OC
10853,98.5,85815,2369,CE,MBC
10854,98.5,85817,1230,AE,OC
10855,98.5,85818,2610,CS,MBC
10856,98.5,85819,2622,ME,BC
10857,98.5,85820,3804,BM,OC
10858,98.5,85822,3458,BT,BC
10859,98.5,85826,4966,ME,OC
10860,98.5,85827,1414,CS,SC
10861,98.5,85829,2739,CB,MBC
10862,98.5,85831,2752,EE,OC
10863,98.5,85833,1408,CS,BC
10864,98.5,85834,2665,PD,OC
10865,98.5,85835,1504,EC,MBC
10866,98.5,85838,1127,CS,OC
10867,98.5,85839,3908,CS,BC
10868,98.5,85842,4998,CS,BC
10869,98.5,85843,2609,EC,BC
10870,98.5,85844,3805,PH,BC
10871,98.5,85845,5913,CS,OC
10872,98.5,85846,4965,CS,MBC
10873,98.5,85847,2740,EC,BC
10874,98.5,85849,4949,IN,OC
10875,98.5,85850,1120,EI,SC
10876,98.5,85851,2702,ME,MBC
10877,98.5,85854,1126,CS,OC
10878,98.5,85855,2636,CS,SC
10879,98.5,85856,5930,EC,OC
10880,98.5,85857,4966,CS,SC
10881,98.5,85858,1116,EC,OC
10882,98.5,85859,2601,EE,OC
10883,98.5,85861,5536,ME,OC
10884,98.5,85862,1325,ME,OC
10885,98.5,85863,1026,EC,SC
10886,98.5,85864,3801,EC,MBC
10887,98.5,85865,2702,ME,MBC
10888,98.5,85866,1307,EE,OC
10889,98.5,85867,2752,CS,MBC
10890,98.5,85872,2642,EC,OC
10891,98.5,85876,1505,IT,MBC
10892,98.5,85877,1137,CS,SC
10893,98.5,85878,3826,ME,OC
10894,98.5,85879,1210,EI,SC
10895,98.5,85880,3830,EC,SC
10896,98.5,85881,1316,MU,OC
10897,98.5,85882,5009,CE,BC
10898,98.5,85886,1122,EC,MBC
10899,98.5,85890,3804,BM,SC
10900,98.5,85891,1304,ME,BC
10901,98.5,85893,2345,ME,OC
10902,98.5,85894,4917,CS,MBC
10903,98.5,85895,2727,BM,MBC
10904,98.5,85897,2709,ME,SC
10905,98.5,85898,3905,EC,OC
10906,98.5,85900,1324,ME,MBC
10907,98.5,85901,2709,EC,SC
10908,98.5,85902,2716,AG,SC
10909,98.5,85904,2630,EE,OC
10910,98.5,85908,4957,EC,OC
10911,98.5,85910,4965,ME,OC
10912,98.5,85911,2636,EC,MBC
10913,98.5,85912,3806,CS,SC
10914,98.5,85913,2767,BM,MBC
10915,98.5,85915,5,CH,MBC
10916,98.5,85916,3825,ME,OC
10917,98.5,85917,2610,EE,SC
10918,98.5,85919,4917,CS,SC
10919,98.5,85920,2711,CE,MBC
10920,98.5,85921,4964,ME,OC
10921,98.5,85922,2736,BM,SCA
10922,98.5,85924,1322,IT,OC
10923,98.5,85925,5,EC,BC
10924,98.5,85926,2683,BM,OC
10925,98.5,85930,1207,EC,OC
10926,98.5,85931,1221,CS,OC
10927,98.5,85932,1225,EC,OC
10928,98.5,85933,2636,EC,BC
10929,98.5,85934,3803,ME,OC
10930,98.5,85935,1420,CS,MBC
10931,98.5,85936,4959,ME,OC
10932,98.5,85937,1442,BM,OC
10933,98.5,85938,2345,EE,OC
10934,98.5,85940,5022,EC,BC
10935,98.5,85941,2652,CS,OC
10936,98.5,85942,2608,ME,OC
10937,98.5,85943,1237,EC,OC
10938,98.5,85944,2611,CH,OC
10939,98.5,85945,2721,CS,BC
10940,98.5,85946,1504,EC,BC
10941,98.5,85949,4672,EC,BC
10942,98.5,85950,2726,EE,OC
10943,98.5,85952,3804,BM,SC
10944,98.5,85955,2357,CE,BC
10945,98.5,85956,3011,XC,SC
10946,98.5,85957,1101,CS,BC
10947,98.5,85958,1509,IT,OC
10948,98.5,85961,2725,EC,BC
10949,98.5,85962,1505,IT,BCM
10950,98.5,85963,1309,CE,MBC
10951,98.5,85965,2659,BM,MBC
10952,98.5,85966,5,ME,BC
10953,98.5,85968,2611,CS,BC
10954,98.5,85971,2611,AG,MBC
10955,98.5,85973,4020,ME,BC
10956,98.5,85975,5,AM,MBC
10957,98.5,85976,2329,IT,BCM
10958,98.5,85977,2345,CS,MBC
10959,98.5,85979,3805,CS,SCA
10960,98.5,85980,2741,CS,SC
10961,98.5,85981,4676,CS,SC
10962,98.5,85983,2621,EC,OC
10963,98.5,85986,2713,CS,MBC
10964,98.5,85992,2716,BM,BC
10965,98.5,85995,3806,EE,OC
10966,98.5,85998,2607,ME,OC
10967,98.5,85999,4969,CS,MBC
10968,98.5,86000,4960,AD,SC
10969,98.5,86001,3829,IT,MBC
10970,98.5,86007,2620,TS,ST
10971,98.5,86008,2708,EC,MBC
10972,98.5,86009,2611,IT,MBC
10973,98.5,86010,5017,CS,OC
10974,98.5,86011,1320,IT,BC
10975,98.5,86012,1422,ME,BC
10976,98.5,86014,4675,EE,OC
10977,98.5,86015,1137,EC,BC
10978,98.5,86017,2723,EC,SC
10979,98.5,86019,2620,EE,OC
10980,98.5,86020,4971,ME,BC
10981,98.5,86021,3841,AD,BC
10982,98.5,86022,1123,CS,OC
10983,98.5,86023,3850,CS,OC
10984,98.5,86024,2609,PH,OC
10985,98.5,86025,2609,AG,MBC
10986,98.5,86026,3806,EC,OC
10987,98.5,86029,2723,MD,BC
10988,98.5,86032,4957,IT,OC
10989,98.5,86033,1320,EC,OC
10990,98.5,86035,2722,EE,MBC
10991,98.5,86037,2636,EC,SCA
10992,98.5,86038,4965,CS,MBC
10993,98.5,86039,2314,EE,OC
10994,98.5,86040,3847,BT,BC
10995,98.5,86041,3804,AG,OC
10996,98.5,86046,1426,CS,OC
10997,98.5,86049,2612,CS,OC
10998,98.5,86050,2636,EE,OC
10999,98.5,86051,2611,CH,OC
11000,98.5,86052,3803,IT,BC
11001,98.5,86054,1207,CS,BC
11002,98.5,86055,2764,CE,MBC
11003,98.5,86058,2706,ME,MBC
11004,98.5,86059,2735,CS,SC
11005,98.5,86060,2621,AE,OC
11006,98.5,86061,2636,CS,BC
11007,98.5,86062,2607,IT,MBC
11008,98.5,86063,2711,MZ,BCM
11009,98.5,86064,2609,EC,BC
11010,98.5,86073,1431,CS,MBC
11011,98.5,86074,3826,EC,SC
11012,98.5,86075,2369,ME,BC
11013,98.5,86076,5921,CS,BC
11014,98.5,86083,1015,EE,OC
11015,98.5,86086,2609,CS,MBC
11016,98.5,86088,2665,CS,OC
11017,98.5,86089,1409,AU,OC
11018,98.5,86091,1303,EC,OC
11019,98.5,86092,2608,EC,MBC
11020,98.5,86093,4965,CS,MBC
11021,98.5,86095,2702,AD,SCA
11022,98.5,86097,2713,CS,BC
11023,98.5,86100,4917,CH,BC
11024,98.5,86102,1212,EC,OC
11025,98.5,86103,2608,EC,MBC
11026,98.5,86106,1317,ME,BC
11027,98.5,86107,2764,CS,SC
11028,98.5,86108,2328,CS,SCA
11029,98.5,86110,1128,EC,MBC
11030,98.5,86111,4972,EE,OC
11031,98.5,86112,2718,MZ,SC
11032,98.5,86113,4670,EE,OC
11033,98.5,86115,3766,CS,OC
11034,98.5,86116,4955,ME,SC
11035,98.5,86117,5703,CS,OC
11036,98.5,86118,1316,CH,OC
11037,98.5,86119,4989,EC,OC
11038,98.5,86120,2736,CE,OC
11039,98.5,86121,2716,IT,BC
11040,98.5,86123,2764,ME,MBC
11041,98.5,86124,2625,IT,OC
11042,98.5,86125,2611,EC,OC
11043,98.5,86128,2636,CS,MBC
11044,98.5,86131,1437,IT,OC
11045,98.5,86133,2683,BM,OC
11046,98.5,86134,1113,EI,MBC
11047,98.5,86135,2741,CS,MBC
11048,98.5,86136,3806,CS,SC
11049,98.5,86138,4960,EC,SC
11050,98.5,86139,3456,CS,OC
11051,98.5,86140,4989,CE,OC
11052,98.5,86141,4961,EE,OC
11053,98.5,86142,2606,CS,OC
11054,98.5,86143,4944,EC,BC
11055,98.5,86144,2764,CS,BCM
11056,98.5,86147,1301,CE,OC
11057,98.5,86148,2758,CS,OC
11058,98.5,86149,4984,ME,OC
11059,98.5,86153,2641,CE,OC
11060,98.5,86155,1225,EE,OC
11061,98.5,86156,5988,CS,OC
11062,98.5,86157,2338,EE,OC
11063,98.5,86158,1149,EC,BC
11064,98.5,86159,2727,AG,MBC
11065,98.5,86160,2620,TS,BC
11066,98.5,86161,2708,ME,OC
11067,98.5,86162,3011,AU,SC
11068,98.5,86164,2618,ME,MBC
11069,98.2,86167,2329,IT,MBC
11070,98.0,86169,3803,EE,OC
11071,98.0,86170,2611,BM,MBC
11072,98.0,86171,2617,CS,OC
11073,98.0,86172,3016,CS,MBC
11074,98.0,86173,2609,IT,OC
11075,98.0,86174,2713,CS,SCA
11076,98.0,86175,2614,CS,OC
11077,98.0,86177,2622,EE,MBC
11078,98.0,86178,1322,AG,OC
11079,98.0,86179,3817,CS,MBC
11080,98.0,86181,2622,ME,MBC
11081,98.0,86182,3459,ME,OC
11082,98.0,86183,2710,CE,BC
11083,98.0,86184,5915,EC,OC
11084,98.0,86185,2707,EC,SC
11085,98.0,86186,5530,ME,OC
11086,98.0,86189,2752,IT,MBC
11087,98.0,86190,2627,BT,MBC
11088,98.0,86191,2744,CS,SC
11089,98.0,86192,2740,AE,MBC
11090,98.0,86193,3795,EC,BC
11091,98.0,86194,4670,ME,OC
11092,98.0,86196,1116,CS,BC
11093,98.0,86197,2664,PC,OC
11094,98.0,86198,1231,EC,MBC
11095,98.0,86199,3410,CS,MBC
11096,98.0,86200,2609,EE,OC
11097,98.0,86203,2659,EC,OC
11098,98.0,86205,5904,EE,OC
11099,98.0,86207,3825,CS,OC
11100,98.0,86208,2632,CS,OC
11101,98.0,86210,3425,ME,BC
11102,98.0,86211,2665,PD,OC
11103,98.0,86212,2638,CS,OC
11104,98.0,86214,1412,CS,MBC
11105,98.0,86216,3830,ME,BC
11106,98.0,86217,2646,CE,OC
11107,98.0,86218,2711,CH,SC
11108,98.0,86220,2621,IT,MBC
11109,98.0,86221,1310,AD,MBC
11110,98.0,86222,2707,CH,BC
11111,98.0,86224,4972,EC,BC
11112,98.0,86226,2763,CS,BC
11113,98.0,86227,2636,CS,SCA
11114,98.0,86229,5910,EC,MBC
11115,98.0,86231,5930,CS,OC
11116,98.0,86233,2606,EC,OC
11117,98.0,86234,5022,EE,OC
11118,98.0,86237,3425,ME,MBC
11119,98.0,86239,3841,AD,BC
11120,98.0,86240,2633,CS,OC
11121,98.0,86241,1325,CS,MBC
11122,98.0,86242,2715,AG,BC
11123,98.0,86243,4023,CE,BC
11124,98.0,86245,3803,ME,OC
11125,98.0,86248,3815,CS,OC
11126,98.0,86250,2636,CS,SC
11127,98.0,86252,5832,CE,OC
11128,98.0,86255,1504,EC,MBC
11129,98.0,86259,2704,ME,OC
11130,98.0,86262,1605,CS,OC
11131,98.0,86263,5,AM,BC
11132,98.0,86264,3454,CS,MBC
11133,98.0,86266,2610,BM,MBC
11134,98.0,86267,4686,ME,OC
11135,98.0,86268,3820,CE,OC
11136,98.0,86269,2610,EC,MBC
11137,98.0,86270,2639,ME,OC
11138,98.0,86271,2357,ME,MBC
11139,98.0,86272,1407,CS,OC
11140,98.0,86273,5,ME,SC
11141,98.0,86276,2610,ME,OC
11142,98.0,86278,3926,EE,OC
11143,98.0,86279,2357,CS,MBC
11144,98.0,86280,1115,ME,OC
11145,98.0,86281,2707,CH,SC
11146,98.0,86283,2345,CS,BC
11147,98.0,86284,5921,EE,OC
11148,98.0,86286,1311,AO,SC
11149,98.0,86287,1140,ME,OC
11150,98.0,86289,2620,BM,MBC
11151,98.0,86290,1114,CS,MBC
11152,98.0,86291,1316,IT,BC
11153,98.0,86292,4972,EC,BC
11154,98.0,86294,2610,EE,BC
11155,98.0,86297,2727,CS,SCA
11156,98.0,86298,2007,MF,ST
11157,98.0,86299,2651,EC,OC
11158,98.0,86301,3812,IT,OC
11159,98.0,86305,2665,PD,OC
11160,98.0,86308,3908,CS,BC
11161,98.0,86310,1238,CS,SC
11162,98.0,86311,1408,CS,BC
11163,98.0,86312,1413,CS,BC
11164,98.0,86313,4917,IT,MBC
11165,98.0,86314,3905,ME,OC
11166,98.0,86315,4980,CS,OC
11167,98.0,86316,1320,IT,BC
11168,98.0,86318,1401,EC,OC
11169,98.0,86322,4933,EE,OC
11170,98.0,86324,1210,EC,ST
11171,98.0,86325,2357,CS,BC
11172,98.0,86326,3807,EI,OC
11173,98.0,86327,5921,ME,OC
11174,98.0,86328,1408,CS,MBC
11175,98.0,86329,4999,AD,OC
11176,98.0,86331,2632,CS,OC
11177,98.0,86332,4917,BM,SC
11178,98.0,86333,2729,AE,SC
11179,98.0,86334,3806,EE,OC
11180,98.0,86335,4964,CS,OC
11181,98.0,86337,2652,CS,OC
11182,98.0,86339,4934,CS,OC
11183,98.0,86340,3905,ME,OC
11184,98.0,86344,3810,ME,OC
11185,98.0,86346,4961,EC,OC
11186,98.0,86351,5,IT,SC
11187,98.0,86352,2610,EE,SCA
11188,98.0,86353,2624,PH,OC
11189,98.0,86355,2627,EC,OC
11190,98.0,86359,3021,CS,BCM
11191,98.0,86361,1445,CS,OC
11192,98.0,86364,5988,EE,OC
11193,98.0,86365,5,CS,SC
11194,98.0,86366,4971,ME,MBC
11195,98.0,86368,1412,IT,OC
11196,98.0,86370,2726,EC,BC
11197,98.0,86371,2617,ME,OC
11198,98.0,86374,2708,EC,BC
11199,98.0,86376,1505,AE,OC
11200,98.0,86379,1301,ME,OC
11201,98.0,86382,3847,BT,MBC
11202,98.0,86385,2639,EE,MBC
11203,98.0,86387,4965,ME,OC
11204,98.0,86389,4944,EC,BC
11205,98.0,86390,3918,CS,SC
11206,98.0,86391,1419,CB,SC
11207,98.0,86392,3701,CE,BCM
11208,98.0,86394,2708,CH,SC
11209,98.0,86396,2617,EC,OC
11210,98.0,86399,4969,CE,OC
11211,98.0,86400,1324,ME,BC
11212,98.0,86401,3806,ME,OC
11213,98.0,86404,1320,IT,BC
11214,98.0,86405,2734,AD,BCM
11215,98.0,86406,2710,CS,SC
11216,98.0,86408,1523,CE,OC
11217,98.0,86411,2710,EE,SC
11218,98.0,86412,2741,EE,OC
11219,98.0,86413,3825,CS,OC
11220,98.0,86419,3425,ME,MBC
11221,98.0,86420,1504,IT,BC
11222,98.0,86421,3806,IT,BC
11223,98.0,86423,2357,EC,MBC
11224,98.0,86425,3011,AU,MBC
11225,98.0,86426,3855,EE,OC
11226,98.0,86429,3011,ME,BC
11227,98.0,86430,3829,EC,OC
11228,98.0,86431,1310,CS,SC
11229,98.0,86432,3466,CS,OC
11230,98.0,86435,1015,EC,BC
11231,98.0,86437,2614,TX,BC
11232,98.0,86438,2750,BM,MBC
11233,98.0,86439,5904,ME,OC
11234,98.0,86441,3462,ME,OC
11235,98.0,86443,1126,AD,OC
11236,98.0,86444,1409,AU,OC
11237,98.0,86445,2747,ME,OC
11238,98.0,86446,2610,CS,SCA
11239,98.0,86449,2743,BM,OC
11240,98.0,86450,1507,CS,OC
11241,98.0,86452,4670,CE,BC
11242,98.0,86453,1202,CS,BC
11243,98.0,86454,3795,EC,MBC
11244,98.0,86455,2606,CS,OC
11245,98.0,86456,5536,EC,OC
11246,98.0,86459,4969,CS,MBC
11247,98.0,86461,2726,BM,BC
11248,98.0,86462,3810,IT,MBC
11249,98.0,86463,2609,AE,OC
11250,98.0,86465,2722,CS,SC
11251,98.0,86467,5915,EE,OC
11252,98.0,86468,2607,CB,OC
11253,98.0,86469,2606,CS,OC
11254,98.0,86470,2710,ME,BC
11255,98.0,86471,3011,AU,MBC
11256,98.0,86472,2713,CS,MBC
11257,98.0,86473,1013,IT,SC
11258,98.0,86475,2752,IT,MBC
11259,98.0,86478,1426,CS,OC
11260,98.0,86480,1422,IT,SC
11261,98.0,86481,2314,AG,SC
11262,98.0,86482,3860,CS,OC
11263,98.0,86483,1408,CS,MBC
11264,98.0,86484,2731,CS,MBC
11265,98.0,86485,3830,AD,BC
11266,98.0,86486,4917,EE,MBC
11267,98.0,86487,2707,BM,BC
11268,98.0,86489,4670,EC,BC
11269,98.0,86490,3807,EC,OC
11270,98.0,86491,3021,CS,SC
11271,98.0,86492,2610,CY,MBC
11272,98.0,86493,2713,EC,OC
11273,98.0,86496,2772,CS,OC
11274,98.0,86498,3760,EE,OC
11275,98.0,86499,3458,BT,BC
11276,98.0,86500,1424,PE,OC
11277,98.0,86501,1407,ME,OC
11278,98.0,86502,3011,AU,BC
11279,98.0,86503,1120,ME,SC
11280,98.0,86504,1316,EC,SC
11281,98.0,86505,1210,ME,OC
11282,98.0,86506,5913,CS,OC
11283,98.0,86507,2752,CS,SC
11284,98.0,86508,4994,EE,OC
11285,98.0,86509,3847,BT,SC
11286,98.0,86510,4670,EC,BC
11287,98.0,86511,2665,ME,OC
11288,98.0,86513,4672,CS,BC
11289,98.0,86514,2342,CS,MBC
11290,98.0,86515,1307,CS,MBC
11291,98.0,86518,1303,CS,MBC
11292,98.0,86519,4023,CE,BCM
11293,98.0,86520,2621,IT,MBC
11294,98.0,86522,2702,FD,SC
11295,98.0,86524,2764,CE,MBC
11296,98.0,86526,5536,AG,OC
11297,98.0,86527,2727,CE,OC
11298,98.0,86528,4931,EE,OC
11299,98.0,86529,1408,EC,OC
11300,98.0,86530,4670,EC,BC
11301,98.0,86531,2752,IT,MBC
11302,98.0,86532,2752,CS,MBC
11303,98.0,86533,2607,TX,BC
11304,98.0,86535,5912,EE,OC
11305,98.0,86536,2342,CS,BC
11306,98.0,86537,2744,EC,OC
11307,98.0,86538,1401,CS,BC
11308,98.0,86539,3830,AD,MBC
11309,98.0,86540,5911,CS,OC
11310,98.0,86543,5832,ME,OC
11311,98.0,86544,2706,EE,MBC
11312,98.0,86545,2601,EC,BC
11313,98.0,86546,1014,EC,BC
11314,98.0,86547,3810,CS,BCM
11315,98.0,86548,4670,EC,SC
11316,98.0,86550,4992,CS,BC
11317,98.0,86551,2357,EE,BC
11318,98.0,86552,3855,CS,OC
11319,98.0,86553,2715,EE,SCA
11320,98.0,86557,5703,EC,OC
11321,98.0,86558,2702,CB,SC
11322,98.0,86563,2708,CE,SC
11323,98.0,86564,1226,CS,OC
11324,98.0,86565,2723,CS,MBC
11325,98.0,86568,3908,CE,OC
11326,98.0,86569,4933,EC,OC
11327,98.0,86570,4675,ME,OC
11328,98.0,86571,2740,EC,MBC
11329,98.0,86572,2707,BM,BC
11330,98.0,86574,2661,CE,OC
11331,98.0,86576,4928,ME,OC
11332,98.0,86578,4933,ME,OC
11333,98.0,86581,2611,CY,MBC
11334,98.0,86583,1233,EE,MBC
11335,98.0,86584,3011,ME,SC
11336,98.0,86585,3843,EC,OC
11337,98.0,86586,2743,EC,OC
11338,98.0,86588,2646,CS,BC
11339,98.0,86589,2707,CE,OC
11340,98.0,86590,3805,EC,OC
11341,98.0,86593,4959,MZ,OC
11342,98.0,86594,2636,CS,SC
11343,98.0,86595,4996,CS,OC
11344,98.0,86596,1122,AD,SC
11345,98.0,86597,2741,CS,BC
11346,98.0,86598,2735,CS,SC
11347,98.0,86599,2740,IT,BCM
11348,98.0,86600,2622,ME,SC
11349,98.0,86601,1211,BT,SCA
11350,98.0,86604,2659,CE,OC
11351,98.0,86605,2611,FD,SCA
11352,98.0,86606,2630,EC,SC
11353,98.0,86608,3826,ME,MBC
11354,98.0,86611,4670,ME,OC
11355,98.0,86612,5,EC,BC
11356,98.0,86613,3807,ME,OC
11357,98.0,86615,1114,EC,BC
11358,98.0,86616,1422,IT,SC
11359,98.0,86617,4944,EE,OC
11360,98.0,86623,2618,EC,SCA
11361,98.0,86624,4929,CS,OC
11362,98.0,86626,1101,IT,OC
11363,98.0,86627,3805,EC,OC
11364,98.0,86629,2743,EC,OC
11365,98.0,86630,5530,EC,BC
11366,98.0,86631,2750,AG,SC
11367,98.0,86634,5915,CS,BC
11368,98.0,86635,1309,CE,SCA
11369,98.0,86636,3806,CS,BC
11370,98.0,86637,2705,CE,OC
11371,98.0,86639,2606,EC,OC
11372,98.0,86641,2625,BM,SC
11373,98.0,86642,1409,AD,OC
11374,98.0,86643,3918,EE,OC
11375,98.0,86644,3011,AU,MBC
11376,98.0,86645,3807,IT,OC
11377,98.0,86646,2608,EE,MBC
11378,98.0,86647,5009,CE,BC
11379,98.0,86650,2601,EC,BC
11380,98.0,86651,1413,CS,BC
11381,98.0,86652,3425,ME,SC
11382,98.0,86653,3019,CS,BC
11383,98.0,86654,2661,CS,MBC
11384,98.0,86658,2627,BT,SC
11385,98.0,86660,2733,FT,OC
11386,98.0,86661,4953,CE,OC
11387,98.0,86663,3804,CS,OC
11388,98.0,86666,2639,ME,OC
11389,98.0,86667,5842,EE,OC
11390,98.0,86668,1303,IT,BC
11391,98.0,86669,3831,IT,OC
11392,98.0,86670,1414,IT,BC
11393,98.0,86671,2713,IT,OC
11394,98.0,86672,4672,EC,BC
11395,98.0,86673,2713,CS,BC
11396,98.0,86674,1316,CS,BC
11397,98.0,86675,4957,IT,OC
11398,98.0,86679,2651,ME,OC
11399,98.0,86680,2710,EE,SC
11400,98.0,86683,4957,EC,OC
11401,98.0,86684,4964,AE,OC
11402,98.0,86685,2609,CE,OC
11403,98.0,86686,4953,EC,BC
11404,98.0,86687,1210,ME,OC
11405,98.0,86688,2733,CS,OC
11406,98.0,86689,5910,EC,MBC
11407,98.0,86694,1413,CS,MBC
11408,98.0,86697,2608,ME,OC
11409,98.0,86698,2328,IT,BC
11410,98.0,86700,2636,CS,BC
11411,98.0,86701,1207,IT,OC
11412,98.0,86702,1217,BT,OC
11413,98.0,86703,4680,EC,BC
11414,98.0,86704,2609,IT,MBC
11415,98.0,86705,2647,CS,OC
11416,98.0,86706,1207,CS,BC
11417,98.0,86707,2611,PH,OC
11418,98.0,86708,4669,CS,SC
11419,98.0,86709,2610,ME,OC
11420,98.0,86711,1133,CS,OC
11421,98.0,86712,3826,ME,BC
11422,98.0,86714,2639,ME,OC
11423,98.0,86716,3905,CE,OC
11424,98.0,86717,1122,CH,BC
11425,98.0,86718,1408,CS,BCM
11426,98.0,86719,1401,CS,SC
11427,98.0,86720,2683,AG,OC
11428,98.0,86721,1304,ME,MBC
11429,98.0,86722,1510,ME,OC
11430,98.0,86723,1231,CS,SC
11431,98.0,86726,3843,CS,BC
11432,98.0,86729,2735,IT,SC
11433,98.0,86730,2369,EC,SCA
11434,98.0,86733,2636,CS,BC
11435,98.0,86736,2707,IT,BC
11436,98.0,86743,2704,MZ,MBC
11437,98.0,86744,1207,BM,MBC
11438,98.0,86745,3425,EC,MBC
11439,98.0,86746,2706,ME,BC
11440,98.0,86747,2624,AD,OC
11441,98.0,86748,1230,CS,OC
11442,98.0,86749,3806,ME,OC
11443,98.0,86750,2727,FD,MBC
11444,98.0,86753,5,CS,BCM
11445,98.0,86761,3701,EC,OC
11446,98.0,86762,3805,RM,OC
11447,98.0,86764,5904,EI,OC
11448,98.0,86766,4024,EC,BCM
11449,98.0,86767,1127,CS,OC
11450,98.0,86770,3458,BT,BC
11451,98.0,86772,4989,ME,OC
11452,98.0,86773,2601,EE,OC
11453,98.0,86774,1304,EI,SC
11454,98.0,86775,2629,IT,OC
11455,98.0,86776,2622,IT,MBC
11456,98.0,86778,1421,CS,SC
11457,98.0,86780,3462,CS,OC
11458,98.0,86781,4959,BT,MBC
11459,97.5,86785,3766,EC,OC
11460,97.5,86787,1126,EC,OC
11461,97.5,86789,1401,CS,MBC
11462,97.5,86790,3806,CS,BC
11463,97.5,86791,3843,EE,OC
11464,97.5,86793,2643,CS,SC
11465,97.5,86794,3805,FD,BC
11466,97.5,86795,2610,CS,MBC
11467,97.5,86798,4999,AD,OC
11468,97.5,86799,2665,ME,OC
11469,97.5,86801,1126,AD,OC
11470,97.5,86803,2646,EC,OC
11471,97.5,86804,3011,AU,MBC
11472,97.5,86805,2624,BM,OC
11473,97.5,86807,2657,SF,OC
11474,97.5,86808,2764,CE,MBC
11475,97.5,86809,5988,EE,OC
11476,97.5,86811,5904,IT,MBC
11477,97.5,86813,1421,CS,MBC
11478,97.5,86814,2721,CS,MBC
11479,97.5,86815,2711,CH,SCA
11480,97.5,86816,2652,CS,OC
11481,97.5,86817,2727,FD,BC
11482,97.5,86818,1202,CS,BC
11483,97.5,86820,1430,ME,OC
11484,97.5,86821,3458,AG,SC
11485,97.5,86823,4944,EC,BC
11486,97.5,86825,2314,CS,BC
11487,97.5,86827,2716,AG,BC
11488,97.5,86829,1101,EE,OC
11489,97.5,86830,2610,CS,MBC
11490,97.5,86831,3817,ME,OC
11491,97.5,86832,2369,CE,MBC
11492,97.5,86833,2627,EC,OC
11493,97.5,86834,3806,IT,BC
11494,97.5,86838,2653,ME,MBC
11495,97.5,86840,2744,EE,OC
11496,97.5,86841,2721,EC,OC
11497,97.5,86842,2726,AG,BC
11498,97.5,86843,4978,BT,OC
11499,97.5,86844,1510,CS,MBC
11500,97.5,86845,2329,BT,BC
11501,97.5,86851,5930,CS,OC
11502,97.5,86853,1412,EE,OC
11503,97.5,86854,2758,EC,OC
11504,97.5,86856,5009,ME,SC
11505,97.5,86861,2601,BT,BC
11506,97.5,86862,2741,CS,SC
11507,97.5,86864,2726,AG,MBC
11508,97.5,86865,5009,CE,BC
11509,97.5,86867,2750,AG,MBC
11510,97.5,86868,1122,EC,MBC
11511,97.5,86869,2762,CS,BC
11512,97.5,86872,3803,ME,OC
11513,97.5,86873,2737,EE,OC
11514,97.5,86876,4677,CS,OC
11515,97.5,86877,4962,CS,SC
11516,97.5,86879,4917,BT,MBC
11517,97.5,86880,2328,CS,MBC
11518,97.5,86883,5914,ME,OC
11519,97.5,86886,3454,AG,OC
11520,97.5,86887,2713,EC,OC
11521,97.5,86888,2610,EE,MBC
11522,97.5,86889,1510,CS,BC
11523,97.5,86890,1210,EE,BC
11524,97.5,86892,4957,IT,OC
11525,97.5,86894,1505,IT,BC
11526,97.5,86895,2733,FT,OC
11527,97.5,86896,5902,CS,MBC
11528,97.5,86900,1519,IT,OC
11529,97.5,86901,4917,CS,SC
11530,97.5,86903,1518,ME,OC
11531,97.5,86904,4965,EC,BC
11532,97.5,86905,2601,CE,OC
11533,97.5,86906,3854,CS,OC
11534,97.5,86907,1407,BM,BC
11535,97.5,86908,5910,CE,MBC
11536,97.5,86910,1127,CS,OC
11537,97.5,86912,3801,IT,BC
11538,97.5,86913,3860,CS,OC
11539,97.5,86914,2661,CE,OC
11540,97.5,86915,1324,EC,BCM
11541,97.5,86917,3454,CS,BC
11542,97.5,86918,4680,CE,BC
11543,97.5,86919,2610,BM,MBC
11544,97.5,86921,2715,EC,MBC
11545,97.5,86922,1442,AD,SC
11546,97.5,86924,2620,CS,MBC
11547,97.5,86925,3843,EE,OC
11548,97.5,86926,1126,AD,BC
11549,97.5,86928,2601,EE,OC
11550,97.5,86929,2711,CE,SC
11551,97.5,86930,1452,EC,OC
11552,97.5,86931,3425,ME,MBC
11553,97.5,86932,2740,EC,SC
11554,97.5,86933,2726,EC,BC
11555,97.5,86934,2621,AE,OC
11556,97.5,86935,2369,ME,SC
11557,97.5,86936,1202,CS,BC
11558,97.5,86937,1228,BM,OC
11559,97.5,86938,2632,BM,SC
11560,97.5,86939,2739,ME,MBC
11561,97.5,86940,4948,CS,OC
11562,97.5,86941,3019,CS,BC
11563,97.5,86942,2327,EC,OC
11564,97.5,86944,3803,IT,BC
11565,97.5,86945,5862,BM,OC
11566,97.5,86946,3805,BM,MBC
11567,97.5,86947,2716,AE,OC
11568,97.5,86948,4949,EC,OC
11569,97.5,86950,2749,IT,OC
11570,97.5,86952,5910,CE,BC
11571,97.5,86953,3807,CS,SC
11572,97.5,86955,2357,CE,SCA
11573,97.5,86956,5832,CS,BC
11574,97.5,86959,2653,ME,MBC
11575,97.5,86961,1122,EC,BC
11576,97.5,86962,2711,ME,BC
11577,97.5,86965,5912,CS,OC
11578,97.5,86966,4955,EE,OC
11579,97.5,86967,2618,ME,MBC
11580,97.5,86968,2708,EC,BCM
11581,97.5,86973,2609,AO,SC
11582,97.5,86977,2601,CH,OC
11583,97.5,86979,2360,CS,MBC
11584,97.5,86980,2613,SF,OC
11585,97.5,86982,5865,CS,SCA
11586,97.5,86984,2740,EC,BC
11587,97.5,86985,3811,ME,OC
11588,97.5,86986,2723,IT,MBC
11589,97.5,86988,2611,CS,BC
11590,97.5,86990,2627,CS,SC
11591,97.5,86991,5935,CS,MBC
11592,97.5,86993,2764,EE,MBC
11593,97.5,86996,2723,CE,SCA
11594,97.5,86997,2750,EC,SC
11595,97.5,86998,1207,BM,SC
11596,97.5,87000,1405,CS,OC
11597,97.5,87001,3461,CE,OC
11598,97.5,87002,2609,AE,OC
11599,97.5,87004,3905,ME,OC
11600,97.5,87005,3810,CS,BC
11601,97.5,87006,2610,BT,MBC
11602,97.5,87010,2347,CS,MBC
11603,97.5,87011,1430,EE,OC
11604,97.5,87012,2707,EE,BC
11605,97.5,87013,3011,CE,MBC
11606,97.5,87014,1228,EC,OC
11607,97.5,87015,2729,EC,OC
11608,97.5,87016,2653,EE,BC
11609,97.5,87017,3806,IT,BC
11610,97.5,87019,1605,EC,OC
11611,97.5,87020,1226,EC,OC
11612,97.5,87022,1216,CS,SC
11613,97.5,87023,2624,AG,OC
11614,97.5,87025,4024,EE,OC
11615,97.5,87028,2609,AG,MBC
11616,97.5,87029,3831,EE,OC
11617,97.5,87030,1523,EC,OC
11618,97.5,87031,5910,CE,BC
11619,97.5,87032,3760,AG,SC
11620,97.5,87033,2762,EC,OC
11621,97.5,87036,3805,CS,MBC
11622,97.5,87037,2710,ME,BC
11623,97.5,87039,2612,EE,OC
11624,97.5,87040,2713,IT,OC
11625,97.5,87041,4953,CS,BC
11626,97.5,87043,2726,EC,BC
11627,97.5,87044,2710,CE,BC
11628,97.5,87045,2609,ME,OC
11629,97.5,87048,4957,EC,OC
11630,97.5,87049,4957,CS,BC
11631,97.5,87050,4999,CS,OC
11632,97.5,87052,2611,CS,BC
11633,97.5,87055,2622,ME,BC
11634,97.5,87056,2616,CS,OC
11635,97.5,87057,2621,IT,BC
11636,97.5,87058,2636,EC,SC
11637,97.5,87059,3821,CS,OC
11638,97.5,87060,2776,CS,OC
11639,97.5,87061,1304,CE,SC
11640,97.5,87062,2661,CS,SC
11641,97.5,87065,5910,ME,MBC
11642,97.5,87066,3847,BT,SC
11643,97.5,87068,1317,ME,SC
11644,97.5,87069,2749,PE,OC
11645,97.5,87070,1207,BM,SC
11646,97.5,87071,5842,IT,OC
11647,97.5,87073,1110,IT,SC
11648,97.5,87074,4670,CS,SC
11649,97.5,87076,2329,IT,MBC
11650,97.5,87078,5907,CE,OC
11651,97.5,87079,1412,EC,OC
11652,97.5,87082,5,AM,BCM
11653,97.5,87084,2369,ME,MBC
11654,97.5,87086,4962,EE,MBC
11655,97.5,87089,3819,ME,BC
11656,97.5,87090,4024,EC,BC
11657,97.5,87093,4669,ME,OC
11658,97.5,87095,1441,EE,OC
11659,97.5,87097,3805,BM,BC
11660,97.5,87099,4953,CS,SC
11661,97.5,87100,4953,IT,MBC
11662,97.5,87101,4670,ME,OC
11663,97.5,87103,2601,EC,BC
11664,97.5,87105,1137,CS,BC
11665,97.5,87107,2608,ME,MBC
11666,97.5,87108,1216,AD,SC
11667,97.5,87109,3805,CS,BC
11668,97.5,87110,2625,CS,OC
11669,97.5,87111,1317,EE,BC
11670,97.5,87112,1303,CS,MBC
11671,97.5,87114,5,CH,BC
11672,97.5,87116,5703,IT,SCA
11673,97.5,87118,4998,CS,BC
11674,97.5,87119,2314,AG,SC
11675,97.5,87120,4678,ME,OC
11676,97.5,87122,1402,EE,OC
11677,97.5,87123,1523,IT,OC
11678,97.5,87125,3806,EE,OC
11679,97.5,87126,4993,EC,OC
11680,97.5,87127,2734,CS,MBC
11681,97.5,87128,2767,BM,SC
11682,97.5,87129,3825,CS,OC
11683,97.5,87130,5530,CE,OC
11684,97.5,87131,2625,BM,SC
11685,97.5,87133,1310,CS,BC
11686,97.5,87134,2611,CY,MBC
11687,97.5,87135,1399,EC,SC
11688,97.5,87136,3825,CS,OC
11689,97.5,87137,1210,EE,BC
11690,97.5,87138,2661,CS,MBC
11691,97.5,87140,3806,CS,BC
11692,97.5,87141,4917,EE,BC
11693,97.5,87144,2369,ME,BC
11694,97.5,87146,1402,EE,OC
11695,97.5,87148,4917,CE,OC
11696,97.5,87149,2764,CE,BC
11697,97.5,87150,4978,BM,SC
11698,97.5,87152,3016,CE,OC
11699,97.5,87153,3815,CS,OC
11700,97.5,87156,2735,AD,MBC
11701,97.5,87159,2734,EC,OC
11702,97.5,87162,3806,CS,SC
11703,97.5,87164,2328,ME,OC
11704,97.5,87167,2609,AO,SC
11705,97.5,87168,5910,EC,MBC
11706,97.5,87172,1207,IT,OC
11707,97.5,87177,2622,ME,BC
11708,97.5,87178,5017,CS,OC
11709,97.5,87179,3806,CS,MBC
11710,97.5,87182,1026,EE,BC
11711,97.5,87185,4998,ME,OC
11712,97.5,87186,4917,ME,OC
11713,97.5,87187,2725,EE,OC
11714,97.5,87190,4676,CE,OC
11715,97.5,87193,3795,EC,BCM
11716,97.5,87194,2314,CS,SC
11717,97.5,87196,4931,EC,OC
11718,97.5,87198,3811,CS,BCM
11719,97.5,87199,2607,AD,MBC
11720,97.5,87200,5910,CE,MBC
11721,97.5,87201,4917,EE,BCM
11722,97.5,87203,2609,CY,MBC
11723,97.5,87204,2610,BT,BC
11724,97.5,87206,1422,ME,BC
11725,97.5,87207,1116,EC,OC
11726,97.5,87208,2354,ME,OC
11727,97.5,87209,4955,EC,SC
11728,97.5,87210,1444,ME,OC
11729,97.5,87211,1316,IT,BC
11730,97.5,87212,4864,EC,BC
11731,97.5,87215,4993,CS,OC
11732,97.5,87220,2753,BM,MBC
11733,97.5,87221,2636,EC,MBC
11734,97.5,87223,1322,BM,OC
11735,97.5,87224,3456,CS,OC
11736,97.5,87227,2755,AE,OC
11737,97.5,87228,2706,EC,SC
11738,97.5,87229,3701,CS,SC
11739,97.5,87231,1210,ME,OC
11740,97.5,87235,3812,CS,OC
11741,97.5,87236,2345,EE,OC
11742,97.5,87237,2620,TS,BC
11743,97.5,87238,3410,EC,OC
11744,97.5,87239,1218,CS,OC
11745,97.5,87240,3011,ME,SCA
11746,97.5,87241,3843,EE,OC
11747,97.5,87242,2609,AG,BC
11748,97.5,87243,3819,CE,BC
11749,97.5,87244,2610,BM,SC
11750,97.5,87246,3760,EC,SC
11751,97.5,87248,2314,EE,OC
11752,97.5,87249,4675,CS,OC
11753,97.5,87250,3817,ME,OC
11754,97.5,87251,1504,CH,BC
11755,97.5,87254,1325,EC,MBC
11756,97.5,87255,1512,CE,OC
11757,97.5,87256,2752,EC,OC
11758,97.5,87257,2360,CS,BC
11759,97.5,87258,3805,BM,BC
11760,97.5,87259,2608,EC,MBC
11761,97.5,87260,1015,EC,BC
11762,97.5,87260,1311,MZ,OC
11763,97.5,87262,2607,BT,SC
11764,97.5,87263,1501,CS,BC
11765,97.5,87264,4670,ME,OC
11766,97.5,87265,4670,EC,BC
11767,97.5,87267,4998,CS,SC
11768,97.5,87269,3811,CE,OC
11769,97.5,87270,3819,EE,BC
11770,97.5,87271,3804,BM,BC
11771,97.5,87272,4999,EC,OC
11772,97.5,87273,1516,CE,BCM
11773,97.5,87274,3410,CS,BCM
11774,97.5,87275,2625,CH,OC
11775,97.5,87276,2621,IT,MBC
11776,97.5,87278,4020,ME,BC
11777,97.5,87279,2601,BT,MBC
11778,97.5,87280,2329,CS,MBC
11779,97.5,87282,4672,EE,OC
11780,97.5,87283,2329,BM,BC
11781,97.5,87286,3908,CS,BCM
11782,97.5,87288,2606,AE,OC
11783,97.5,87289,5862,AG,SC
11784,97.5,87292,2630,CS,MBC
11785,97.5,87293,4675,CS,OC
11786,97.5,87294,3807,ME,OC
11787,97.5,87295,2620,IT,SC
11788,97.5,87298,4983,CS,OC
11789,97.5,87300,2716,AE,OC
11790,97.5,87301,3021,CE,OC
11791,97.5,87306,2624,BM,OC
11792,97.5,87307,2736,ME,MBC
11793,97.5,87308,2629,IT,BC
11794,97.5,87310,1228,BM,OC
11795,97.5,87311,2725,ME,OC
11796,97.5,87315,2723,CE,MBC
11797,97.5,87316,1231,CS,SC
11798,97.5,87317,3819,EE,BC
11799,97.5,87318,2753,BM,BC
11800,97.5,87322,2650,CS,SC
11801,97.5,87323,2727,AG,SC
11802,97.5,87324,2603,EE,SCA
11803,97.5,87325,2610,EC,BC
11804,97.5,87327,2314,AG,BC
11805,97.5,87328,4992,ME,OC
11806,97.5,87329,1123,IT,OC
11807,97.5,87331,1210,CE,MBC
11808,97.5,87332,1441,ME,OC
11809,97.5,87335,1401,ME,OC
11810,97.5,87336,5536,AG,OC
11811,97.5,87338,4670,ME,OC
11812,97.5,87342,1409,BM,MBC
11813,97.5,87344,4669,EE,OC
11814,97.5,87345,1421,EE,OC
11815,97.5,87346,1241,CS,OC
11816,97.5,87347,2614,TX,SCA
11817,97.5,87349,2719,AD,SC
11818,97.5,87350,2646,CS,MBC
11819,97.5,87351,5904,EE,OC
11820,97.5,87352,2608,ME,BC
11821,97.5,87353,1420,IT,OC
11822,97.5,87358,1422,EE,BC
11823,97.5,87359,1118,IT,SC
11824,97.5,87362,4941,EE,OC
11825,97.5,87363,2620,EC,SC
11826,97.5,87364,4969,CS,BC
11827,97.5,87365,3425,EC,MBC
11828,97.5,87368,2747,CS,BC
11829,97.5,87370,1412,IT,OC
11830,97.5,87371,3021,ME,OC
11831,97.5,87372,1238,ME,OC
11832,97.5,87374,1520,CS,BC
11833,97.5,87375,2646,EC,OC
11834,97.0,87379,1422,MD,BC
11835,97.0,87380,3805,IT,MBC
11836,97.0,87382,2613,CE,OC
11837,97.0,87384,2634,ME,OC
11838,97.0,87386,2652,CS,OC
11839,97.0,87387,2659,EC,OC
11840,97.0,87388,2608,ME,BC
11841,97.0,87390,2625,ME,OC
11842,97.0,87391,2723,EC,MBC
11843,97.0,87392,2731,CS,SC
11844,97.0,87393,2708,AL,BCM
11845,97.0,87395,2611,CY,MBC
11846,97.0,87396,2762,AD,MBC
11847,97.0,87397,1420,IT,OC
11848,97.0,87398,2623,BM,MBC
11849,97.0,87399,3829,EE,OC
11850,97.0,87401,2636,CS,BC
11851,97.0,87403,3461,CS,OC
11852,97.0,87404,2715,EE,MBC
11853,97.0,87407,2636,EC,MBC
11854,97.0,87408,1407,CS,OC
11855,97.0,87409,2715,CH,OC
11856,97.0,87410,4959,ME,OC
11857,97.0,87411,2611,IT,BC
11858,97.0,87413,1509,EC,OC
11859,97.0,87414,2743,CS,BC
11860,97.0,87415,2630,EC,BC
11861,97.0,87416,2618,ME,MBC
11862,97.0,87417,2345,ME,OC
11863,97.0,87419,2623,BM,BC
11864,97.0,87421,2723,CE,BC
11865,97.0,87424,1516,ME,BC
11866,97.0,87426,2611,CY,BC
11867,97.0,87427,1118,EC,MBC
11868,97.0,87429,2733,ME,OC
11869,97.0,87430,1322,IT,OC
11870,97.0,87432,3817,CS,BC
11871,97.0,87433,4982,CS,OC
11872,97.0,87434,3459,EC,OC
11873,97.0,87437,3826,ME,BC
11874,97.0,87438,5022,CS,SC
11875,97.0,87439,3805,BM,SC
11876,97.0,87442,2683,CS,OC
11877,97.0,87444,3810,CS,BC
11878,97.0,87447,4993,IT,OC
11879,97.0,87448,2705,CS,BC
11880,97.0,87449,3905,CS,MBC
11881,97.0,87453,4933,CS,OC
11882,97.0,87455,1442,AD,MBC
11883,97.0,87457,2752,EC,SCA
11884,97.0,87458,2611,BM,BC
11885,97.0,87459,5017,CS,OC
11886,97.0,87460,4964,CS,OC
11887,97.0,87463,2607,ME,OC
11888,97.0,87467,5912,CS,OC
11889,97.0,87469,1309,EE,SC
11890,97.0,87471,2747,CS,BC
11891,97.0,87472,2726,EC,BC
11892,97.0,87473,2345,EE,OC
11893,97.0,87474,1225,EC,OC
11894,97.0,87475,2620,EC,SC
11895,97.0,87477,2345,CS,MBC
11896,97.0,87478,1407,BM,MBC
11897,97.0,87479,2713,ME,OC
11898,97.0,87480,5919,CS,OC
11899,97.0,87481,3905,ME,OC
11900,97.0,87482,2612,CS,OC
11901,97.0,87483,2347,EE,OC
11902,97.0,87484,2640,CS,OC
11903,97.0,87486,3843,CS,BC
11904,97.0,87487,2708,CE,MBC
11905,97.0,87489,2610,BT,SCA
11906,97.0,87490,2723,MD,SCA
11907,97.0,87493,4669,EE,OC
11908,97.0,87494,1436,ME,OC
11909,97.0,87497,4670,EC,BC
11910,97.0,87498,1412,CS,MBC
11911,97.0,87501,2338,CS,OC
11912,97.0,87502,3806,EC,OC
11913,97.0,87503,4957,EC,OC
11914,97.0,87504,1441,EE,OC
11915,97.0,87507,1306,EC,BC
11916,97.0,87508,1510,EE,OC
11917,97.0,87509,2707,BM,BC
11918,97.0,87510,2341,ME,OC
11919,97.0,87511,1122,EC,SC
11920,97.0,87512,2705,CS,BC
11921,97.0,87515,5935,CS,SC
11922,97.0,87516,2734,IT,MBC
11923,97.0,87517,2715,EE,MBC
11924,97.0,87518,4678,ME,OC
11925,97.0,87519,3803,IT,BC
11926,97.0,87520,5935,CS,BC
11927,97.0,87521,1303,CS,BC
11928,97.0,87522,4933,ME,OC
11929,97.0,87523,3843,EC,OC
11930,97.0,87525,2354,CS,BC
11931,97.0,87527,3807,CS,SC
11932,97.0,87529,1101,IT,BCM
11933,97.0,87530,4993,IT,BC
11934,97.0,87532,2776,AG,SC
11935,97.0,87534,3805,CE,OC
11936,97.0,87535,2635,ME,OC
11937,97.0,87537,3826,CE,SC
11938,97.0,87539,2632,IT,BCM
11939,97.0,87540,2646,EC,OC
11940,97.0,87541,2609,CS,MBC
11941,97.0,87542,5862,AG,SC
11942,97.0,87544,4957,CS,BC
11943,97.0,87545,1412,CS,BC
11944,97.0,87547,1421,CS,BC
11945,97.0,87548,4933,ME,OC
11946,97.0,87549,2627,CS,MBC
11947,97.0,87551,2609,FD,BC
11948,97.0,87552,3807,CE,OC
11949,97.0,87553,2625,EE,OC
11950,97.0,87554,3805,BM,SC
11951,97.0,87555,2707,AD,MBC
11952,97.0,87557,1127,ME,OC
11953,97.0,87558,3018,CS,MBC
11954,97.0,87560,1510,ME,OC
11955,97.0,87563,2608,EC,MBC
11956,97.0,87564,3830,ME,SC
11957,97.0,87566,1413,CS,SC
11958,97.0,87567,2767,BM,MBC
11959,97.0,87568,4944,EC,BC
11960,97.0,87570,1241,CS,OC
11961,97.0,87571,2620,CS,SC
11962,97.0,87573,1412,CS,SC
11963,97.0,87574,2716,IT,MBC
11964,97.0,87575,2609,EE,OC
11965,97.0,87576,1233,ME,OC
11966,97.0,87577,1210,ME,OC
11967,97.0,87578,2314,CS,BC
11968,97.0,87579,5009,CE,MBC
11969,97.0,87580,2625,BM,SC
11970,97.0,87581,2341,BM,OC
11971,97.0,87582,3459,CS,BC
11972,97.0,87584,2628,AD,BCM
11973,97.0,87585,1401,IT,BC
11974,97.0,87586,2708,EC,BC
11975,97.0,87591,2741,CS,BCM
11976,97.0,87592,1509,CS,BC
11977,97.0,87596,2763,MZ,OC
11978,97.0,87599,3830,AD,BC
11979,97.0,87600,1126,AG,BC
11980,97.0,87602,2025,ME,SCA
11981,97.0,87603,1325,EC,BC
11982,97.0,87605,2731,CS,BC
11983,97.0,87607,2729,CB,OC
11984,97.0,87610,2723,CE,MBC
11985,97.0,87611,1411,AE,MBC
11986,97.0,87612,3908,CS,MBC
11987,97.0,87613,4971,EE,BC
11988,97.0,87614,2347,CS,MBC
11989,97.0,87615,4676,ME,OC
11990,97.0,87621,2727,EE,OC
11991,97.0,87623,1303,AD,SC
11992,97.0,87625,2751,CS,BCM
11993,97.0,87627,1207,CS,BC
11994,97.0,87628,5910,ME,BC
11995,97.0,87630,2632,IT,MBC
11996,97.0,87632,3795,EC,BC
11997,97.0,87633,2717,AD,OC
11998,97.0,87634,2743,FD,OC
11999,97.0,87635,2636,EC,SC
12000,97.0,87636,2610,EC,SC
12001,97.0,87637,2328,IT,MBC
12002,97.0,87638,2632,EE,OC
12003,97.0,87639,2369,CE,SC
12004,97.0,87640,2609,MC,OC
12005,97.0,87641,1231,CS,SC
12006,97.0,87642,2618,CE,SC
12007,97.0,87644,1216,MD,OC
12008,97.0,87645,2750,EC,MBC
12009,97.0,87646,5912,ME,OC
12010,97.0,87647,4948,CS,OC
12011,97.0,87649,2609,CS,SCA
12012,97.0,87650,4954,CS,SC
12013,97.0,87651,2609,EC,BC
12014,97.0,87653,3813,EE,OC
12015,97.0,87655,2744,CE,OC
12016,97.0,87657,2708,EC,BC
12017,97.0,87660,1123,IT,OC
12018,97.0,87661,1408,ME,OC
12019,97.0,87662,3805,CH,OC
12020,97.0,87664,1419,PR,BC
12021,97.0,87665,1303,IT,BC
12022,97.0,87666,2620,EC,MBC
12023,97.0,87667,2620,BT,MBC
12024,97.0,87667,3810,EI,OC
12025,97.0,87668,2618,EC,SCA
12026,97.0,87669,2620,EC,BC
12027,97.0,87670,2354,EE,OC
12028,97.0,87672,1412,ME,OC
12029,97.0,87673,1411,BT,OC
12030,97.0,87674,2706,CS,SC
12031,97.0,87675,1521,CS,OC
12032,97.0,87676,2622,CE,BC
12033,97.0,87678,1421,EC,OC
12034,97.0,87679,3805,CS,MBC
12035,97.0,87683,2643,EE,OC
12036,97.0,87686,1430,EE,OC
12037,97.0,87689,5915,CS,BC
12038,97.0,87690,5988,CS,OC
12039,97.0,87691,2711,EE,SCA
12040,97.0,87696,3825,CS,SC
12041,97.0,87696,3465,EE,SCA
12042,97.0,87697,2719,AE,BC
12043,97.0,87698,2711,ME,BC
12044,97.0,87700,2725,EE,OC
12045,97.0,87702,2639,CS,MBC
12046,97.0,87705,3701,CS,SC
12047,97.0,87706,4966,EC,OC
12048,97.0,87707,2740,ME,OC
12049,97.0,87710,3805,FD,BC
12050,97.0,87711,1414,EC,BC
12051,97.0,87713,2719,IT,SC
12052,97.0,87714,1120,IT,SC
12053,97.0,87715,5912,CS,OC
12054,97.0,87716,2648,EE,OC
12055,97.0,87718,3425,ME,MBC
12056,97.0,87719,1241,CS,OC
12057,97.0,87720,4669,ME,OC
12058,97.0,87722,3786,CS,SC
12059,97.0,87723,4917,ME,OC
12060,97.0,87725,1509,IT,OC
12061,97.0,87728,2603,EC,SCA
12062,97.0,87729,2744,CS,MBC
12063,97.0,87732,3786,EC,OC
12064,97.0,87733,3804,ME,OC
12065,97.0,87735,2735,EC,MBC
12066,97.0,87736,2683,BM,OC
12067,97.0,87737,2727,IT,MBC
12068,97.0,87738,2632,CS,OC
12069,97.0,87739,3905,CS,BC
12070,97.0,87741,5910,ME,BC
12071,97.0,87742,2648,CS,OC
12072,97.0,87743,2608,EC,MBC
12073,97.0,87744,2736,CE,OC
12074,97.0,87746,4944,EC,BC
12075,97.0,87747,2314,CS,SC
12076,97.0,87748,3019,EE,OC
12077,97.0,87749,2618,ME,BC
12078,97.0,87750,2750,AE,MBC
12079,97.0,87751,2636,CS,BC
12080,97.0,87754,1303,EC,OC
12081,97.0,87755,3021,XM,OC
12082,97.0,87756,1226,ME,OC
12083,97.0,87757,2621,IT,BC
12084,97.0,87760,4955,ME,MBC
12085,97.0,87761,3760,AG,MBC
12086,97.0,87762,1434,CS,OC
12087,97.0,87763,2618,ME,BC
12088,97.0,87764,2712,ME,SCA
12089,97.0,87765,3811,ME,OC
12090,97.0,87767,2708,AE,MBC
12091,97.0,87768,5910,EC,MBC
12092,97.0,87769,4669,EE,OC
12093,97.0,87771,2613,IT,MBC
12094,97.0,87772,4957,CS,BC
12095,97.0,87774,2329,AD,SCA
12096,97.0,87775,2731,CS,SC
12097,97.0,87776,5017,CS,MBC
12098,97.0,87778,2755,AG,SC
12099,97.0,87782,4941,EC,OC
12100,97.0,87783,1316,EC,BC
12101,97.0,87785,2608,EE,SC
12102,97.0,87786,2772,CS,OC
12103,97.0,87788,3459,BM,MBC
12104,97.0,87789,3810,AD,OC
12105,97.0,87790,2717,CS,OC
12106,97.0,87792,5912,CE,OC
12107,97.0,87793,2611,CY,BC
12108,97.0,87794,1210,EC,SC
12109,97.0,87795,4972,CS,BC
12110,97.0,87797,1225,CS,BCM
12111,97.0,87798,1307,IT,BC
12112,97.0,87799,2369,CE,SCA
12113,97.0,87800,2328,IT,SC
12114,97.0,87801,3459,CS,BC
12115,97.0,87802,1442,AD,BC
12116,97.0,87806,1211,ME,SC
12117,97.0,87807,3801,EC,MBC
12118,97.0,87810,1218,CS,OC
12119,97.0,87812,2613,ME,OC
12120,97.0,87813,3810,IT,SC
12121,97.0,87817,4670,EC,BC
12122,97.0,87819,1304,CE,BC
12123,97.0,87820,3806,EC,OC
12124,97.0,87821,2620,CS,SC
12125,97.0,87822,5,EC,SC
12126,97.0,87823,3786,CS,SC
12127,97.0,87824,2634,FD,SCA
12128,97.0,87825,4670,EE,OC
12129,97.0,87826,3425,ME,MBC
12130,97.0,87827,4024,ME,OC
12131,97.0,87829,2727,AG,BC
12132,97.0,87832,3016,CS,BC
12133,97.0,87833,1110,EC,OC
12134,97.0,87836,3819,ME,BC
12135,97.0,87838,2623,EE,OC
12136,97.0,87839,5832,CS,BC
12137,97.0,87840,5532,CS,SC
12138,97.0,87842,3830,ME,BCM
12139,97.0,87843,1207,IT,OC
12140,97.0,87844,3454,BM,OC
12141,97.0,87845,1421,ME,OC
12142,97.0,87846,5919,BT,BC
12143,97.0,87847,1422,MD,MBC
12144,97.0,87848,3830,EC,BC
12145,97.0,87850,4999,ME,OC
12146,97.0,87851,1210,EI,BC
12147,97.0,87854,3021,CS,MBC
12148,97.0,87855,4969,EE,OC
12149,97.0,87856,2328,IT,BC
12150,97.0,87857,2609,AG,BC
12151,97.0,87859,1504,EC,MBC
12152,97.0,87860,1412,IT,OC
12153,97.0,87861,2620,CS,SC
12154,97.0,87862,2611,CS,SCA
12155,97.0,87864,3011,EE,SC
12156,97.0,87865,5910,EC,MBC
12157,97.0,87867,3855,CS,OC
12158,97.0,87868,3841,CS,BC
12159,97.0,87869,3454,AG,SC
12160,97.0,87870,5009,CE,MBC
12161,97.0,87872,3841,CE,OC
12162,97.0,87873,2710,CE,MBC
12163,97.0,87874,1408,CS,MBC
12164,97.0,87876,4969,EE,OC
12165,97.0,87877,2610,ME,OC
12166,97.0,87878,4675,CS,OC
12167,97.0,87879,4957,IT,OC
12168,97.0,87887,2609,EE,OC
12169,97.0,87888,3786,AE,OC
12170,97.0,87891,1516,CE,BCM
12171,97.0,87893,4992,IT,OC
12172,97.0,87894,1325,EC,BC
12173,97.0,87895,1217,CS,OC
12174,97.0,87896,2639,EC,MBC
12175,97.0,87897,3843,CS,BC
12176,97.0,87900,1316,ME,OC
12177,97.0,87902,2342,EE,OC
12178,97.0,87905,5988,CS,OC
12179,97.0,87907,2739,EC,MBC
12180,97.0,87909,3466,CS,OC
12181,97.0,87910,2733,CS,OC
12182,97.0,87912,3814,CS,OC
12183,97.0,87913,2341,CS,OC
12184,97.0,87914,2719,EE,SCA
12185,97.0,87915,2601,IT,BCM
12186,97.0,87917,2708,EI,OC
12187,97.0,87918,2651,ME,OC
12188,97.0,87920,2652,IT,OC
12189,97.0,87921,1128,ME,BC
12190,97.0,87922,3813,IT,OC
12191,97.0,87923,4931,EC,OC
12192,97.0,87924,2328,IT,BC
12193,97.0,87925,4961,EE,OC
12194,97.0,87928,4917,CS,SC
12195,97.0,87929,2665,ME,OC
12196,97.0,87931,2643,EE,OC
12197,97.0,87933,5912,EC,MBC
12198,97.0,87934,4969,CS,BC
12199,97.0,87935,1304,ME,BC
12200,97.0,87937,1101,IT,BC
12201,97.0,87939,4917,BM,MBC
12202,97.0,87940,2708,CH,MBC
12203,97.0,87941,2636,EC,BC
12204,97.0,87942,2707,IT,MBC
12205,97.0,87943,4672,CS,MBC
12206,97.0,87944,2653,CE,BC
12207,97.0,87945,2708,EE,BC
12208,97.0,87946,4953,CS,BC
12209,97.0,87947,2721,CS,MBC
12210,97.0,87948,1202,CS,SC
12211,97.0,87951,2727,AG,BC
12212,97.0,87955,2659,EC,OC
12213,97.0,87956,3459,EE,OC
12214,97.0,87957,3795,CE,OC
12215,97.0,87959,1505,AE,OC
12216,97.0,87963,2622,EC,MBC
12217,97.0,87964,1412,CS,MBC
12218,97.0,87965,1504,BT,MBC
12219,97.0,87967,5530,EC,BCM
12220,97.0,87970,4965,EC,BC
12221,97.0,87974,2632,CS,SC
12222,97.0,87975,5912,EC,BC
12223,97.0,87976,3805,PH,SC
12224,97.0,87978,3805,CE,OC
12225,97.0,87979,2715,AG,BC
12226,97.0,87981,2710,ME,MBC
12227,97.0,87983,2719,RM,MBC
12228,97.0,87986,3820,EE,OC
12229,97.0,87989,1307,BM,BC
12230,97.0,87990,2314,AG,SC
12231,97.0,87991,2611,CS,MBC
12232,97.0,87994,1520,EE,OC
12233,97.0,87995,1216,CS,SC
12234,96.5,87996,4964,AE,OC
12235,96.5,87997,3810,ME,OC
12236,96.5,87998,3926,CS,OC
12237,96.5,88000,5703,EC,OC
12238,96.5,88001,4676,CS,BCM
12239,96.5,88004,2642,CS,MBC
12240,96.5,88005,2369,CE,MBC
12241,96.5,88006,2611,EE,MBC
12242,96.5,88007,2357,CS,BC
12243,96.5,88008,2623,BM,BC
12244,96.5,88009,1201,IT,OC
12245,96.5,88010,1317,ME,BC
12246,96.5,88011,2764,CE,MBC
12247,96.5,88012,3830,AD,MBC
12248,96.5,88013,2769,FD,OC
12249,96.5,88014,2329,BM,MBC
12250,96.5,88017,2349,BM,SC
12251,96.5,88018,2609,CS,BC
12252,96.5,88019,2632,CS,ST
12253,96.5,88020,2342,CS,SCA
12254,96.5,88021,1325,ME,OC
12255,96.5,88022,1118,EC,SC
12256,96.5,88023,2625,ME,OC
12257,96.5,88024,3464,CE,BC
12258,96.5,88025,3905,ME,OC
12259,96.5,88026,2357,CE,BC
12260,96.5,88027,3011,AU,SC
12261,96.5,88029,2627,CS,BC
12262,96.5,88031,5,CS,SC
12263,96.5,88036,3843,ME,OC
12264,96.5,88037,5017,ME,OC
12265,96.5,88038,2328,EE,OC
12266,96.5,88042,2025,ME,SCA
12267,96.5,88045,4965,CS,MBC
12268,96.5,88046,2646,CS,MBC
12269,96.5,88047,2609,PH,OC
12270,96.5,88049,1401,CS,BC
12271,96.5,88050,2722,CS,SC
12272,96.5,88051,2607,AD,MBC
12273,96.5,88052,4941,CS,OC
12274,96.5,88053,2767,ME,OC
12275,96.5,88054,4993,ME,OC
12276,96.5,88055,4969,CS,BC
12277,96.5,88056,2651,CS,MBC
12278,96.5,88057,1408,EC,OC
12279,96.5,88058,2636,CS,BCM
12280,96.5,88060,2341,EC,OC
12281,96.5,88062,2611,IT,MBC
12282,96.5,88064,3425,CE,OC
12283,96.5,88065,3021,ME,OC
12284,96.5,88066,3905,CS,BC
12285,96.5,88068,2634,AE,OC
12286,96.5,88069,2609,ME,OC
12287,96.5,88071,2356,ME,OC
12288,96.5,88072,1521,EC,OC
12289,96.5,88073,2704,MZ,BC
12290,96.5,88074,3011,CE,SC
12291,96.5,88076,1408,IT,MBC
12292,96.5,88077,2634,BM,SC
12293,96.5,88079,2357,ME,BC
12294,96.5,88080,3786,AE,OC
12295,96.5,88081,2617,CS,OC
12296,96.5,88083,2719,AD,SC
12297,96.5,88084,4969,ME,OC
12298,96.5,88085,4670,CE,BC
12299,96.5,88087,1520,CS,BC
12300,96.5,88088,4957,EC,OC
12301,96.5,88089,2656,CE,OC
12302,96.5,88090,2721,EC,OC
12303,96.5,88091,1504,IT,BCM
12304,96.5,88092,2620,TS,BC
12305,96.5,88094,3845,CS,OC
12306,96.5,88095,5536,CS,OC
12307,96.5,88096,2659,EE,OC
12308,96.5,88097,1013,ME,SC
12309,96.5,88098,2656,CE,OC
12310,96.5,88100,4678,CE,OC
12311,96.5,88102,4960,ME,MBC
12312,96.5,88103,2659,CS,OC
12313,96.5,88105,4023,EE,BCM
12314,96.5,88106,4670,EC,BC
12315,96.5,88107,4966,EC,OC
12316,96.5,88109,5832,CS,BC
12317,96.5,88111,2719,EI,MBC
12318,96.5,88112,3859,CS,OC
12319,96.5,88113,3461,ME,OC
12320,96.5,88114,2624,EE,OC
12321,96.5,88115,3803,CS,SC
12322,96.5,88117,3806,ME,OC
12323,96.5,88119,1519,EE,OC
12324,96.5,88122,1504,CE,OC
12325,96.5,88123,1116,EC,OC
12326,96.5,88124,3021,CE,OC
12327,96.5,88125,5010,ME,BC
12328,96.5,88126,5,CH,SC
12329,96.5,88127,5009,ME,SCA
12330,96.5,88129,2369,ME,MBC
12331,96.5,88130,4864,CS,BC
12332,96.5,88131,1412,CE,OC
12333,96.5,88132,4964,AE,OC
12334,96.5,88133,3843,EE,OC
12335,96.5,88134,2735,EE,OC
12336,96.5,88137,3410,CS,MBC
12337,96.5,88140,3804,CE,OC
12338,96.5,88141,1149,EE,OC
12339,96.5,88142,3804,CS,OC
12340,96.5,88145,4669,CS,BC
12341,96.5,88146,2647,ME,OC
12342,96.5,88149,2729,CB,OC
12343,96.5,88150,5910,CE,BC
12344,96.5,88153,1303,IT,BC
12345,96.5,88154,4971,ME,MBC
12346,96.5,88155,2661,EC,OC
12347,96.5,88157,1424,AD,BC
12348,96.5,88158,2614,IT,OC
12349,96.5,88160,2661,EC,OC
12350,96.5,88161,1110,CS,SC
12351,96.5,88162,2702,IT,SC
12352,96.5,88164,2736,BM,SC
12353,96.5,88167,5,IT,BC
12354,96.5,88168,1510,CE,OC
12355,96.5,88169,5703,EC,OC
12356,96.5,88170,4960,CE,SC
12357,96.5,88171,2613,CS,MBC
12358,96.5,88173,1424,EE,OC
12359,96.5,88174,2735,EC,MBC
12360,96.5,88176,2636,EC,SC
12361,96.5,88178,3456,BM,OC
12362,96.5,88181,3908,CS,BC
12363,96.5,88182,2314,AG,SC
12364,96.5,88183,2653,EC,BCM
12365,96.5,88188,4917,CB,SC
12366,96.5,88190,2652,EE,OC
12367,96.5,88193,3806,CS,BC
12368,96.5,88194,3454,BM,OC
12369,96.5,88196,5,IT,MBC
12370,96.5,88198,2347,EC,OC
12371,96.5,88201,2329,EC,BC
12372,96.5,88202,2620,BM,BC
12373,96.5,88204,3826,ME,SC
12374,96.5,88205,3804,CS,OC
12375,96.5,88208,4929,CS,OC
12376,96.5,88211,1303,BT,MBC
12377,96.5,88214,3825,CS,BC
12378,96.5,88215,3803,ME,OC
12379,96.5,88218,2711,MZ,MBC
12380,96.5,88220,1444,CS,OC
12381,96.5,88221,1422,EC,BCM
12382,96.5,88222,2357,EE,BC
12383,96.5,88224,3803,EC,SC
12384,96.5,88225,3461,EE,OC
12385,96.5,88228,4676,CS,MBC
12386,96.5,88229,1207,CS,MBC
12387,96.5,88230,2622,EC,SC
12388,96.5,88232,2360,EE,OC
12389,96.5,88233,3806,ME,OC
12390,96.5,88234,3459,BM,MBC
12391,96.5,88235,3701,AD,BC
12392,96.5,88236,4933,CS,MBC
12393,96.5,88237,2707,AG,BC
12394,96.5,88238,3805,CH,OC
12395,96.5,88242,2609,CS,MBC
12396,96.5,88245,5990,CS,OC
12397,96.5,88247,2652,EE,OC
12398,96.5,88248,2354,CS,MBC
12399,96.5,88249,2708,CH,MBC
12400,96.5,88252,1110,MZ,OC
12401,96.5,88253,3830,IT,SC
12402,96.5,88255,1503,CS,OC
12403,96.5,88259,2715,EC,BCM
12404,96.5,88261,2735,ME,MBC
12405,96.5,88262,3801,IT,BC
12406,96.5,88263,3812,CS,OC
12407,96.5,88266,2611,CY,MBC
12408,96.5,88267,1303,AD,SC
12409,96.5,88268,1226,ME,OC
12410,96.5,88269,1424,CS,OC
12411,96.5,88270,4941,CS,OC
12412,96.5,88271,1026,EC,SC
12413,96.5,88273,4971,ME,BCM
12414,96.5,88274,2640,CS,OC
12415,96.5,88275,2727,CS,MBC
12416,96.5,88276,2622,EC,MBC
12417,96.5,88278,4669,CS,MBC
12418,96.5,88279,4669,CS,BC
12419,96.5,88281,3807,IT,OC
12420,96.5,88282,2622,CH,BC
12421,96.5,88284,2609,IT,BC
12422,96.5,88285,2610,IT,ST
12423,96.5,88287,2611,PH,OC
12424,96.5,88288,2747,CS,SC
12425,96.5,88290,3806,EE,BC
12426,96.5,88293,4972,CS,BC
12427,96.5,88295,2707,RM,OC
12428,96.5,88296,4023,ME,BC
12429,96.5,88297,2715,EE,SC
12430,96.5,88299,3458,BT,SC
12431,96.5,88301,5921,CS,BC
12432,96.5,88302,2715,EC,BC
12433,96.5,88303,3806,IT,MBC
12434,96.5,88305,4964,EC,OC
12435,96.5,88306,1452,CS,SC
12436,96.5,88307,4917,AG,SC
12437,96.5,88309,2708,CH,MBC
12438,96.5,88310,3805,BM,MBC
12439,96.5,88312,3464,EE,BCM
12440,96.5,88313,1120,EE,SC
12441,96.5,88314,5930,EE,OC
12442,96.5,88315,3807,ME,OC
12443,96.5,88316,1322,IT,OC
12444,96.5,88317,1303,AD,MBC
12445,96.5,88318,1322,AE,OC
12446,96.5,88321,4965,EE,OC
12447,96.5,88324,2716,AE,OC
12448,96.5,88325,2718,EE,SC
12449,96.5,88326,3905,EE,SC
12450,96.5,88328,3805,CH,OC
12451,96.5,88330,3908,CS,BC
12452,96.5,88331,2734,IT,MBC
12453,96.5,88332,2624,AG,OC
12454,96.5,88334,5902,IT,OC
12455,96.5,88335,3803,ME,OC
12456,96.5,88336,2708,EI,OC
12457,96.5,88337,2651,EC,OC
12458,96.5,88340,4953,CS,BC
12459,96.5,88341,2622,CE,SC
12460,96.5,88342,3806,CS,BC
12461,96.5,88343,4669,CS,BC
12462,96.5,88344,4864,CS,BC
12463,96.5,88346,2657,CS,OC
12464,96.5,88347,2708,CS,SC
12465,96.5,88348,5703,EE,OC
12466,96.5,88349,2651,CS,BC
12467,96.5,88350,4959,EE,BCM
12468,96.5,88351,4676,CS,SC
12469,96.5,88353,2329,ME,BCM
12470,96.5,88354,5915,ME,OC
12471,96.5,88356,2628,AD,BC
12472,96.5,88358,5904,ME,OC
12473,96.5,88359,3813,EC,OC
12474,96.5,88360,4675,CS,OC
12475,96.5,88361,4928,ME,OC
12476,96.5,88362,5832,EC,OC
12477,96.5,88363,2711,EC,SC
12478,96.5,88364,4672,CE,OC
12479,96.5,88366,2367,ME,OC
12480,96.5,88367,1421,EE,OC
12481,96.5,88368,2665,CS,OC
12482,96.5,88369,4678,ME,OC
12483,96.5,88370,3459,BM,MBC
12484,96.5,88372,1504,EC,BC
12485,96.5,88374,3918,CS,BC
12486,96.5,88375,4955,EE,OC
12487,96.5,88376,1411,BT,OC
12488,96.5,88378,5921,EC,OC
12489,96.5,88382,3464,CE,BC
12490,96.5,88383,1412,CS,MBC
12491,96.5,88384,2710,EC,BCM
12492,96.5,88385,3830,EE,SC
12493,96.5,88386,1430,CE,OC
12494,96.5,88387,5,CS,SC
12495,96.5,88389,5703,ME,OC
12496,96.5,88390,2762,EC,OC
12497,96.5,88392,1414,EE,OC
12498,96.5,88396,4934,ME,OC
12499,96.5,88398,2620,EC,SC
12500,96.5,88399,5536,EE,OC
12501,96.5,88400,3806,IT,SC
12502,96.5,88401,4917,ME,OC
12503,96.5,88402,2609,CE,OC
12504,96.5,88403,2342,CS,MBC
12505,96.5,88404,1303,AD,SC
12506,96.5,88405,3811,EC,OC
12507,96.5,88406,2327,ME,OC
12508,96.5,88408,2618,ME,BC
12509,96.5,88409,2611,CS,BC
12510,96.5,88411,2657,ME,OC
12511,96.5,88412,4964,CS,OC
12512,96.5,88414,5832,EC,OC
12513,96.5,88417,2709,IT,SC
12514,96.5,88419,4992,CS,BC
12515,96.5,88421,3807,CS,SC
12516,96.5,88423,1421,CS,MBC
12517,96.5,88424,3812,CS,MBC
12518,96.5,88425,2712,TX,SC
12519,96.5,88426,3805,IT,BC
12520,96.5,88427,1303,CS,SC
12521,96.5,88428,5914,CS,BC
12522,96.5,88429,2613,EC,OC
12523,96.5,88430,2345,EC,MBC
12524,96.5,88431,5904,CS,SC
12525,96.5,88436,3830,AD,MBC
12526,96.5,88437,5921,EE,OC
12527,96.5,88438,1237,EC,OC
12528,96.5,88439,4676,EC,SCA
12529,96.5,88440,2634,BM,SC
12530,96.5,88443,3831,EC,OC
12531,96.5,88444,3410,EC,OC
12532,96.5,88445,4984,CS,BC
12533,96.5,88447,5,CZ,OC
12534,96.5,88448,3782,EC,OC
12535,96.5,88452,3805,RM,OC
12536,96.5,88453,2727,ME,OC
12537,96.5,88454,2729,ME,OC
12538,96.5,88455,1413,CS,BC
12539,96.5,88457,2659,BM,SC
12540,96.5,88459,1133,CS,OC
12541,96.5,88460,2608,CE,MBC
12542,96.5,88461,1322,IT,OC
12543,96.5,88464,3462,CS,OC
12544,96.5,88465,2625,BM,SC
12545,96.5,88466,1422,EC,SC
12546,96.5,88470,2349,EC,OC
12547,96.5,88471,2752,IT,MBC
12548,96.5,88472,3825,ME,OC
12549,96.5,88473,2707,EC,BC
12550,96.5,88474,2715,EE,BC
12551,96.5,88475,1320,IT,BC
12552,96.5,88476,3804,CS,OC
12553,96.5,88477,2609,CE,OC
12554,96.5,88478,2702,AG,SC
12555,96.5,88480,3803,EC,BC
12556,96.5,88481,5,CH,MBC
12557,96.5,88484,3806,BM,BC
12558,96.5,88485,2643,CS,BC
12559,96.5,88486,4023,CE,SC
12560,96.5,88487,2632,BM,BCM
12561,96.5,88488,1452,CS,SC
12562,96.5,88490,2702,IT,SC
12563,96.5,88491,2751,EC,SC
12564,96.5,88492,3843,CE,OC
12565,96.5,88495,2329,BM,SC
12566,96.5,88496,2726,EC,BC
12567,96.5,88498,2620,TS,BC
12568,96.5,88501,2634,ME,OC
12569,96.5,88502,3459,EC,OC
12570,96.5,88503,5930,EC,OC
12571,96.5,88504,1408,CS,MBC
12572,96.5,88505,3766,CS,OC
12573,96.5,88508,1407,CS,OC
12574,96.5,88509,2617,CE,OC
12575,96.5,88513,3795,ME,OC
12576,96.5,88516,3821,CS,OC
12577,96.5,88518,2702,FD,SC
12578,96.5,88520,2349,BM,SC
12579,96.5,88521,2650,EC,OC
12580,96.5,88523,5904,CS,SC
12581,96.5,88524,3019,EC,OC
12582,96.5,88525,4670,ME,OC
12583,96.5,88526,2329,EC,MBC
12584,96.5,88527,2740,EC,BC
12585,96.5,88528,4993,IT,BC
12586,96.5,88531,2611,CY,SC
12587,96.5,88535,4998,CS,BC
12588,96.5,88536,3456,CS,OC
12589,96.5,88538,2369,ME,BC
12590,96.5,88539,4944,EE,OC
12591,96.5,88542,1407,ME,OC
12592,96.5,88543,3812,CS,SC
12593,96.5,88544,1231,IT,SC
12594,96.5,88545,4975,CS,MBC
12595,96.5,88546,2743,CS,MBC
12596,96.5,88547,4965,EC,BC
12597,96.5,88548,2608,ME,BC
12598,96.5,88550,3825,CS,SC
12599,96.5,88551,3807,IT,OC
12600,96.5,88552,1432,ME,OC
12601,96.5,88553,2621,EC,OC
12602,96.5,88555,1122,CH,BC
12603,96.5,88557,2743,AD,MBC
12604,96.5,88558,1216,CH,BC
12605,96.5,88560,3843,CE,OC
12606,96.5,88561,2618,CE,SC
12607,96.5,88563,1605,CS,OC
12608,96.5,88565,1324,IT,SC
12609,96.5,88566,4993,EC,OC
12610,96.5,88568,1419,EI,SC
12611,96.5,88569,3456,BM,OC
12612,96.5,88570,3815,EC,OC
12613,96.5,88571,1122,EC,BC
12614,96.5,88572,3805,IT,BC
12615,96.5,88573,1402,EC,OC
12616,96.5,88575,2750,EC,SC
12617,96.5,88577,2620,EC,BC
12618,96.5,88579,1509,EC,OC
12619,96.5,88580,2627,CS,MBC
12620,96.5,88581,1523,CS,OC
12621,96.2,88583,3466,EE,OC
12622,96.2,88584,3403,CS,OC
12623,96.0,88586,5865,EC,BC
12624,96.0,88588,2715,EC,BC
12625,96.0,88590,2609,MC,OC
12626,96.0,88591,1442,CS,OC
12627,96.0,88592,2609,IT,BC
12628,96.0,88593,2646,CS,BC
12629,96.0,88594,2634,CS,BC
12630,96.0,88596,5017,ME,OC
12631,96.0,88597,4980,CS,BC
12632,96.0,88598,4670,EC,BC
12633,96.0,88602,2726,AG,MBC
12634,96.0,88603,2647,CS,OC
12635,96.0,88608,2354,EC,OC
12636,96.0,88609,2328,EE,OC
12637,96.0,88611,3021,EC,OC
12638,96.0,88612,2707,EC,BC
12639,96.0,88613,2761,CS,SC
12640,96.0,88617,1322,CS,SC
12641,96.0,88619,2653,ME,BC
12642,96.0,88620,2743,EC,OC
12643,96.0,88621,2610,EE,BC
12644,96.0,88622,2747,ME,OC
12645,96.0,88623,1324,EC,SC
12646,96.0,88624,4981,ME,SC
12647,96.0,88626,2744,CS,BC
12648,96.0,88627,1605,CS,OC
12649,96.0,88628,5502,ME,OC
12650,96.0,88629,2711,CS,SC
12651,96.0,88630,1207,ME,OC
12652,96.0,88631,2665,ME,OC
12653,96.0,88632,2349,FD,OC
12654,96.0,88634,3760,EC,BC
12655,96.0,88637,2704,EE,BC
12656,96.0,88638,3805,CS,BC
12657,96.0,88640,4966,CS,BC
12658,96.0,88641,3806,CS,BC
12659,96.0,88642,1303,CS,MBC
12660,96.0,88643,5703,EE,OC
12661,96.0,88644,1207,CS,MBC
12662,96.0,88646,2716,MZ,OC
12663,96.0,88647,4953,EC,BC
12664,96.0,88648,2640,CS,OC
12665,96.0,88651,2702,CS,SCA
12666,96.0,88653,1207,CS,BC
12667,96.0,88656,1520,IT,BC
12668,96.0,88657,3807,EE,OC
12669,96.0,88658,3817,ME,OC
12670,96.0,88659,4953,CS,BC
12671,96.0,88660,2621,CS,BC
12672,96.0,88661,1150,AG,OC
12673,96.0,88662,2749,IT,OC
12674,96.0,88663,1128,EC,SC
12675,96.0,88664,2713,EC,OC
12676,96.0,88665,3926,ME,OC
12677,96.0,88667,4928,CS,BC
12678,96.0,88668,2640,AD,OC
12679,96.0,88669,2715,EC,BC
12680,96.0,88672,1013,IT,SCA
12681,96.0,88673,1510,EE,OC
12682,96.0,88676,2652,CE,OC
12683,96.0,88677,2610,BT,MBC
12684,96.0,88678,2634,CS,MBC
12685,96.0,88679,2609,CS,BC
12686,96.0,88681,1303,EC,OC
12687,96.0,88682,3817,CS,BC
12688,96.0,88683,1304,ME,BC
12689,96.0,88684,2618,EE,SC
12690,96.0,88685,3918,EC,BC
12691,96.0,88686,2725,EC,BC
12692,96.0,88687,1303,CS,BC
12693,96.0,88688,1419,CE,MBC
12694,96.0,88689,4952,CE,OC
12695,96.0,88690,3459,ME,OC
12696,96.0,88691,2610,EE,MBC
12697,96.0,88693,2327,EC,OC
12698,96.0,88695,2727,EC,BC
12699,96.0,88697,1207,IT,OC
12700,96.0,88698,2618,CS,SC
12701,96.0,88700,3843,EC,OC
12702,96.0,88701,2640,EC,OC
12703,96.0,88702,2601,EC,BC
12704,96.0,88703,5910,EC,MBC
12705,96.0,88704,2706,EI,BC
12706,96.0,88705,3905,CS,SC
12707,96.0,88707,4676,EC,SC
12708,96.0,88708,3905,EE,SC
12709,96.0,88709,2608,EE,MBC
12710,96.0,88710,1116,CS,SC
12711,96.0,88711,3804,BM,MBC
12712,96.0,88712,1434,CS,OC
12713,96.0,88713,3826,EE,BC
12714,96.0,88714,1304,ME,MBC
12715,96.0,88715,1408,CS,BC
12716,96.0,88717,2611,AG,SCA
12717,96.0,88718,5703,EE,OC
12718,96.0,88719,4993,CE,OC
12719,96.0,88720,1325,IT,BC
12720,96.0,88721,1303,CS,MBC
12721,96.0,88722,2610,IT,MBC
12722,96.0,88724,2618,MZ,MBC
12723,96.0,88725,3805,BM,MBC
12724,96.0,88727,2750,BM,SC
12725,96.0,88728,2624,EE,OC
12726,96.0,88729,1520,IT,MBC
12727,96.0,88730,2735,ME,BC
12728,96.0,88732,4917,CE,OC
12729,96.0,88733,2327,CS,OC
12730,96.0,88734,4972,CS,BC
12731,96.0,88735,2621,IT,MBC
12732,96.0,88736,1225,IT,BC
12733,96.0,88737,3812,CS,MBC
12734,96.0,88738,2611,IT,BC
12735,96.0,88741,1211,ME,SC
12736,96.0,88742,2736,EC,MBC
12737,96.0,88743,4680,EE,BC
12738,96.0,88744,4917,BM,SC
12739,96.0,88745,2776,AG,BC
12740,96.0,88748,2719,IT,SC
12741,96.0,88749,2735,EE,OC
12742,96.0,88750,5502,CS,OC
12743,96.0,88751,5010,ME,MBC
12744,96.0,88752,4999,AD,OC
12745,96.0,88754,5,IT,SC
12746,96.0,88755,2719,CS,SCA
12747,96.0,88756,2723,CE,BC
12748,96.0,88757,5910,ME,BC
12749,96.0,88758,1225,IT,BC
12750,96.0,88760,2354,CS,BC
12751,96.0,88762,2636,EE,OC
12752,96.0,88764,2721,CS,BC
12753,96.0,88766,2747,ME,OC
12754,96.0,88768,2643,CS,SC
12755,96.0,88769,2733,EC,OC
12756,96.0,88770,1408,ME,OC
12757,96.0,88771,4953,ME,OC
12758,96.0,88772,1316,MU,MBC
12759,96.0,88775,2707,BM,MBC
12760,96.0,88776,2729,CS,MBC
12761,96.0,88777,2659,EE,OC
12762,96.0,88779,5536,EC,OC
12763,96.0,88783,1140,EC,BC
12764,96.0,88784,1216,EC,BCM
12765,96.0,88786,2609,IT,MBC
12766,96.0,88788,2715,EC,SC
12767,96.0,88790,1230,CS,OC
12768,96.0,88792,2609,IT,BC
12769,96.0,88794,2653,CS,SCA
12770,96.0,88795,4953,CS,BC
12771,96.0,88796,3813,CS,OC
12772,96.0,88798,2621,MZ,OC
12773,96.0,88799,1207,CS,BC
12774,96.0,88801,2620,TS,SC
12775,96.0,88802,2611,AG,BC
12776,96.0,88805,2715,EE,MBC
12777,96.0,88806,1122,EC,BC
12778,96.0,88807,1228,CS,OC
12779,96.0,88809,4969,CS,BC
12780,96.0,88810,3905,ME,OC
12781,96.0,88811,2636,EC,SC
12782,96.0,88812,2624,BM,OC
12783,96.0,88813,2715,EC,BC
12784,96.0,88814,5912,CE,OC
12785,96.0,88815,3806,IT,MBC
12786,96.0,88816,2627,BT,SC
12787,96.0,88817,2609,AE,OC
12788,96.0,88820,4669,CE,OC
12789,96.0,88821,2752,CS,BC
12790,96.0,88822,1422,CE,OC
12791,96.0,88824,2621,EE,OC
12792,96.0,88830,3805,CE,OC
12793,96.0,88831,2708,MZ,BC
12794,96.0,88832,2707,IT,SC
12795,96.0,88834,1509,EE,OC
12796,96.0,88835,5530,EC,SC
12797,96.0,88838,2747,CS,MBC
12798,96.0,88839,2647,CS,OC
12799,96.0,88841,1505,EC,OC
12800,96.0,88842,2725,EC,BC
12801,96.0,88843,2704,EC,SCA
12802,96.0,88845,4944,CE,OC
12803,96.0,88846,1126,EC,OC
12804,96.0,88847,2750,EE,SC
12805,96.0,88849,3806,CB,OC
12806,96.0,88850,2342,CS,MBC
12807,96.0,88851,1210,EC,SC
12808,96.0,88852,1452,EC,OC
12809,96.0,88853,2329,EC,BC
12810,96.0,88855,4976,CS,OC
12811,96.0,88856,3814,CS,OC
12812,96.0,88857,5703,IT,BC
12813,96.0,88859,1015,EC,MBC
12814,96.0,88860,2727,BM,BC
12815,96.0,88861,1408,CS,BC
12816,96.0,88862,2707,ME,OC
12817,96.0,88863,1110,IT,BCM
12818,96.0,88864,2329,ME,BC
12819,96.0,88865,1128,CS,SC
12820,96.0,88866,2750,EC,SC
12821,96.0,88868,1311,AE,BCM
12822,96.0,88869,4965,EC,BC
12823,96.0,88874,3810,CS,ST
12824,96.0,88875,2347,CS,MBC
12825,96.0,88877,4980,EC,OC
12826,96.0,88878,2731,ME,OC
12827,96.0,88879,1116,CS,BC
12828,96.0,88880,2735,EC,SC
12829,96.0,88881,4953,EE,OC
12830,96.0,88882,5907,ME,OC
12831,96.0,88884,4994,CE,OC
12832,96.0,88888,3701,CS,SC
12833,96.0,88890,2653,ME,MBC
12834,96.0,88893,1311,EC,MBC
12835,96.0,88894,4953,ME,OC
12836,96.0,88897,2719,AD,SC
12837,96.0,88898,4953,CS,MBC
12838,96.0,88900,3760,EE,OC
12839,96.0,88901,4955,ME,SC
12840,96.0,88902,1320,CS,MBC
12841,96.0,88903,1501,CS,MBC
12842,96.0,88904,3812,IT,OC
12843,96.0,88905,2636,CS,MBC
12844,96.0,88906,1304,CE,BC
12845,96.0,88907,4959,CE,OC
12846,96.0,88908,3825,CS,MBC
12847,96.0,88909,2648,CS,OC
12848,96.0,88911,2614,TX,BC
12849,96.0,88912,2708,AE,SC
12850,96.0,88914,3425,EE,MBC
12851,96.0,88919,2611,AG,MBC
12852,96.0,88920,2776,CE,OC
12853,96.0,88921,4971,IT,MBC
12854,96.0,88923,4933,EC,OC
12855,96.0,88924,3831,EC,OC
12856,96.0,88926,2328,EC,BC
12857,96.0,88927,3811,CS,BC
12858,96.0,88928,3425,ME,MBC
12859,96.0,88929,2711,ME,MBC
12860,96.0,88931,1303,EE,OC
12861,96.0,88932,1452,EC,OC
12862,96.0,88933,5910,CE,SC
12863,96.0,88934,2716,AG,MBC
12864,96.0,88937,1118,ME,BC
12865,96.0,88940,2608,ME,BC
12866,96.0,88941,4917,ME,OC
12867,96.0,88942,2770,CS,OC
12868,96.0,88944,4972,EC,BC
12869,96.0,88945,5536,AG,OC
12870,96.0,88946,2726,ME,OC
12871,96.0,88948,2625,AG,MBC
12872,96.0,88951,1322,BM,SC
12873,96.0,88954,2625,BM,SC
12874,96.0,88957,1523,CS,OC
12875,96.0,88959,2609,IT,SCA
12876,96.0,88960,2609,CS,MBC
12877,96.0,88962,4917,CH,SC
12878,96.0,88963,2610,ME,OC
12879,96.0,88965,2357,EC,SC
12880,96.0,88967,3464,ME,MBC
12881,96.0,88969,2624,CS,OC
12882,96.0,88971,5530,EC,BC
12883,96.0,88972,3410,EE,OC
12884,96.0,88973,2607,CE,OC
12885,96.0,88974,5912,CS,OC
12886,96.0,88977,2611,IT,MBC
12887,96.0,88979,3845,CS,OC
12888,96.0,88981,4994,ME,OC
12889,96.0,88982,2634,BM,BC
12890,96.0,88984,2733,FT,OC
12891,96.0,88985,1509,IT,OC
12892,96.0,88987,5919,CS,OC
12893,96.0,88989,4023,CE,BC
12894,96.0,88991,4972,ME,OC
12895,96.0,88993,4917,CB,MBC
12896,96.0,88995,2734,AD,MBC
12897,96.0,88996,1207,CS,BC
12898,96.0,88997,3425,ME,MBC
12899,96.0,88998,2639,CS,SCA
12900,96.0,89002,2611,BM,BCM
12901,96.0,89003,2614,TX,BC
12902,96.0,89004,5532,EC,BC
12903,96.0,89006,3826,ME,BC
12904,96.0,89007,4971,ME,MBC
12905,96.0,89008,1114,EC,BC
12906,96.0,89009,1216,EC,MBC
12907,96.0,89010,2608,IT,BCM
12908,96.0,89012,5988,EC,OC
12909,96.0,89013,2744,IT,SCA
12910,96.0,89016,3805,EC,OC
12911,96.0,89017,3456,BM,SC
12912,96.0,89018,1106,CS,OC
12913,96.0,89021,2739,ME,BC
12914,96.0,89023,2708,EC,BC
12915,96.0,89024,2764,BM,SCA
12916,96.0,89025,1114,CS,MBC
12917,96.0,89027,4957,CS,BC
12918,96.0,89029,1118,EE,BC
12919,96.0,89032,1520,EC,MBC
12920,96.0,89033,3826,EE,BCM
12921,96.0,89036,1316,EC,MBC
12922,96.0,89037,4670,ME,OC
12923,96.0,89038,3854,CS,OC
12924,96.0,89039,1407,BM,BC
12925,96.0,89040,4948,FT,OC
12926,96.0,89042,2642,EC,OC
12927,96.0,89044,2683,BM,MBC
12928,96.0,89046,2755,AG,SCA
12929,96.0,89047,1413,EC,OC
12930,96.0,89048,2314,ME,OC
12931,96.0,89049,2622,BT,BCM
12932,96.0,89050,2369,CE,MBC
12933,96.0,89051,2659,CE,OC
12934,96.0,89052,5,CE,SC
12935,96.0,89054,4675,EC,OC
12936,96.0,89056,3807,EC,OC
12937,96.0,89057,4969,EC,OC
12938,96.0,89058,3805,EE,OC
12939,96.0,89059,5017,CS,MBC
12940,96.0,89060,4864,EC,MBC
12941,96.0,89061,2767,CS,OC
12942,96.0,89063,2610,IT,SC
12943,96.0,89065,3815,IT,OC
12944,96.0,89066,2347,CS,MBC
12945,96.0,89069,5,CH,BC
12946,96.0,89070,1014,IT,SC
12947,96.0,89072,2725,CS,BCM
12948,96.0,89073,3847,CH,OC
12949,96.0,89074,4984,CS,MBC
12950,96.0,89075,2659,EC,OC
12951,96.0,89076,3803,EC,BC
12952,96.0,89078,2607,FD,SC
12953,96.0,89081,1128,CS,SC
12954,96.0,89084,3462,EE,OC
12955,96.0,89085,2614,TX,MBC
12956,96.0,89087,4955,ME,BC
12957,96.0,89088,3458,PE,OC
12958,96.0,89089,2601,ME,OC
12959,96.0,89090,2727,AG,BC
12960,96.0,89092,3806,CS,BC
12961,96.0,89094,2624,CS,OC
12962,96.0,89095,1413,CS,MBC
12963,96.0,89096,3458,AG,SC
12964,96.0,89097,2639,CS,BCM
12965,96.0,89099,1225,CS,SC
12966,96.0,89100,4957,EC,OC
12967,96.0,89101,2762,CS,BC
12968,96.0,89103,2747,EC,OC
12969,96.0,89104,4993,ME,OC
12970,96.0,89105,3016,CS,MBC
12971,96.0,89106,2314,CS,BC
12972,96.0,89107,3782,EE,OC
12973,96.0,89109,3459,CE,OC
12974,96.0,89110,1122,CS,SCA
12975,96.0,89111,1202,IT,OC
12976,96.0,89116,4971,CS,MBC
12977,96.0,89121,3466,EC,OC
12978,96.0,89123,2710,IT,SC
12979,96.0,89125,1026,EC,SC
12980,96.0,89131,4965,CS,MBC
12981,96.0,89133,3849,ME,OC
12982,96.0,89134,2665,CS,OC
12983,96.0,89135,4949,MZ,OC
12984,96.0,89137,3021,EE,OC
12985,96.0,89140,2629,IT,BC
12986,96.0,89141,2611,IT,BC
12987,96.0,89143,1325,CS,SC
12988,96.0,89144,2743,CS,SCA
12989,96.0,89146,4944,EC,BC
12990,96.0,89148,1230,CS,OC
12991,96.0,89149,2610,CS,MBC
12992,96.0,89150,4917,BM,MBC
12993,95.8,89154,3848,ME,OC
12994,95.5,89155,2601,ME,OC
12995,95.5,89156,3456,EE,OC
12996,95.5,89157,2338,CS,OC
12997,95.5,89158,2601,AE,OC
12998,95.5,89159,2723,IT,SC
12999,95.5,89160,2612,EE,OC
13000,95.5,89162,4675,ME,OC
13001,95.5,89163,1303,CS,BCM
13002,95.5,89164,2609,FD,MBC
13003,95.5,89165,3019,CS,BC
13004,95.5,89166,1408,EC,OC
13005,95.5,89167,5536,EE,OC
13006,95.5,89169,4968,CS,OC
13007,95.5,89172,2729,AD,BC
13008,95.5,89173,3843,EE,OC
13009,95.5,89174,2729,CB,OC
13010,95.5,89175,5010,ME,BC
13011,95.5,89176,1605,IT,OC
13012,95.5,89177,4676,EC,SC
13013,95.5,89178,1322,FD,OC
13014,95.5,89179,3016,CS,BC
13015,95.5,89180,3803,EE,OC
13016,95.5,89182,5703,CS,OC
13017,95.5,89183,3410,EE,OC
13018,95.5,89184,5913,ME,OC
13019,95.5,89185,4957,IT,BC
13020,95.5,89187,2624,BM,BC
13021,95.5,89189,3786,AE,OC
13022,95.5,89190,5942,ME,OC
13023,95.5,89192,1431,ME,OC
13024,95.5,89193,2360,CS,MBC
13025,95.5,89194,2702,AG,SC
13026,95.5,89199,4917,ME,OC
13027,95.5,89200,2731,CS,SC
13028,95.5,89201,2367,AD,OC
13029,95.5,89202,2651,CS,BC
13030,95.5,89203,5842,CS,OC
13031,95.5,89204,2707,CS,BC
13032,95.5,89206,1233,EC,BC
13033,95.5,89207,3817,ME,OC
13034,95.5,89208,2752,IT,MBC
13035,95.5,89209,2651,FT,OC
13036,95.5,89210,3461,CS,OC
13037,95.5,89211,2624,CS,OC
13038,95.5,89212,2726,AG,BC
13039,95.5,89216,3826,ME,BC
13040,95.5,89218,2743,CS,SC
13041,95.5,89219,2636,CS,BC
13042,95.5,89220,1430,EE,OC
13043,95.5,89221,5912,CS,OC
13044,95.5,89224,1518,ME,OC
13045,95.5,89225,3805,BM,BC
13046,95.5,89226,3804,ME,OC
13047,95.5,89227,1325,EC,BC
13048,95.5,89228,1316,CS,MBC
13049,95.5,89229,5910,CE,BC
13050,95.5,89230,2345,CS,MBC
13051,95.5,89231,5,MM,OC
13052,95.5,89232,1320,IT,MBC
13053,95.5,89236,3811,CS,BC
13054,95.5,89237,1441,CS,OC
13055,95.5,89239,1301,ME,OC
13056,95.5,89240,3820,EC,OC
13057,95.5,89242,4953,ME,OC
13058,95.5,89243,2726,CS,SC
13059,95.5,89244,1118,ME,BC
13060,95.5,89245,5915,ME,OC
13061,95.5,89246,3805,IT,SC
13062,95.5,89247,2620,CS,SC
13063,95.5,89248,1149,IT,SC
13064,95.5,89250,4672,CE,OC
13065,95.5,89252,2622,EC,SC
13066,95.5,89253,2706,MZ,BC
13067,95.5,89254,1325,EE,OC
13068,95.5,89255,1441,EE,OC
13069,95.5,89262,2744,CS,BCM
13070,95.5,89263,2707,EC,BC
13071,95.5,89267,2328,IT,BC
13072,95.5,89270,4999,CS,OC
13073,95.5,89275,2636,CS,BC
13074,95.5,89276,2617,CS,OC
13075,95.5,89279,4962,CE,BC
13076,95.5,89281,3806,CS,MBC
13077,95.5,89282,4981,CE,OC
13078,95.5,89283,5,CE,SC
13079,95.5,89286,1325,EC,MBC
13080,95.5,89287,2609,FD,MBC
13081,95.5,89288,2346,CS,OC
13082,95.5,89289,2723,CE,BC
13083,95.5,89291,2610,AD,MBC
13084,95.5,89292,3786,EE,OC
13085,95.5,89294,2601,BT,MBC
13086,95.5,89295,1014,IT,SC
13087,95.5,89297,1311,FT,OC
13088,95.5,89298,2636,EC,BC
13089,95.5,89299,3905,EC,OC
13090,95.5,89300,1311,EC,BC
13091,95.5,89301,3815,IT,BC
13092,95.5,89302,2661,CS,SC
13093,95.5,89303,2621,MZ,OC
13094,95.5,89305,4981,EE,OC
13095,95.5,89305,2719,ME,SC
13096,95.5,89307,1317,ME,BC
13097,95.5,89308,3019,CS,SC
13098,95.5,89309,1512,IT,OC
13099,95.5,89310,5915,ME,OC
13100,95.5,89311,1516,CE,BC
13101,95.5,89313,3825,CS,MBC
13102,95.5,89315,2328,EC,BC
13103,95.5,89316,2715,EC,BC
13104,95.5,89317,4933,EE,OC
13105,95.5,89318,1140,EC,MBC
13106,95.5,89319,2621,IT,MBC
13107,95.5,89320,2661,CS,BC
13108,95.5,89321,3425,EC,SC
13109,95.5,89322,1238,EC,BCM
13110,95.5,89325,4917,CE,OC
13111,95.5,89326,1207,BM,MBC
13112,95.5,89328,2744,IT,SC
13113,95.5,89329,2617,CS,OC
13114,95.5,89330,2609,CS,BC
13115,95.5,89334,2715,BM,BC
13116,95.5,89335,2764,ME,SC
13117,95.5,89336,2613,PH,OC
13118,95.5,89337,4980,CS,BC
13119,95.5,89341,2643,CS,MBC
13120,95.5,89342,2601,EC,BC
13121,95.5,89343,3812,CS,BC
13122,95.5,89344,1310,CS,MBC
13123,95.5,89347,1408,EC,OC
13124,95.5,89349,2345,CS,BC
13125,95.5,89350,4024,GI,OC
13126,95.5,89352,4993,IT,BC
13127,95.5,89354,1412,EC,OC
13128,95.5,89358,2713,CS,MBC
13129,95.5,89359,1122,CS,SC
13130,95.5,89361,2609,CS,BC
13131,95.5,89364,4955,EC,MBC
13132,95.5,89366,4669,EC,BC
13133,95.5,89367,2639,CS,MBC
13134,95.5,89368,1419,ME,MBC
13135,95.5,89369,3410,EC,OC
13136,95.5,89370,4957,IT,BC
13137,95.5,89371,2652,EC,OC
13138,95.5,89372,4023,EE,SC
13139,95.5,89374,2707,EC,SCA
13140,95.5,89375,2610,CS,MBC
13141,95.5,89377,1114,CS,MBC
13142,95.5,89378,3410,ME,OC
13143,95.5,89379,2659,EC,OC
13144,95.5,89380,1303,IT,BC
13145,95.5,89381,1212,BM,OC
13146,95.5,89382,1207,BM,BC
13147,95.5,89385,5502,CS,OC
13148,95.5,89388,2607,TX,MBC
13149,95.5,89391,2349,CS,OC
13150,95.5,89395,2733,FT,OC
13151,95.5,89396,3829,IT,SC
13152,95.5,89398,4965,CS,MBC
13153,95.5,89399,5,ME,MBC
13154,95.5,89400,2643,CS,MBC
13155,95.5,89401,2341,EC,OC
13156,95.5,89402,5,EC,SC
13157,95.5,89403,2729,AE,MBC
13158,95.5,89406,1115,CS,SC
13159,95.5,89407,1226,EE,OC
13160,95.5,89409,1437,CS,OC
13161,95.5,89410,2653,CS,BCM
13162,95.5,89411,1320,IT,MBC
13163,95.5,89412,1431,CS,BCM
13164,95.5,89413,3825,CS,BCM
13165,95.5,89414,3814,CS,OC
13166,95.5,89415,4953,ME,OC
13167,95.5,89416,1217,BM,OC
13168,95.5,89421,3826,ME,MBC
13169,95.5,89422,3425,EE,MBC
13170,95.5,89424,2734,CS,SC
13171,95.5,89425,2360,CS,SC
13172,95.5,89426,1207,IT,OC
13173,95.5,89428,1501,EE,OC
13174,95.5,89430,4969,CS,BC
13175,95.5,89432,2613,CS,MBC
13176,95.5,89434,2607,ME,OC
13177,95.5,89435,3701,CS,BCM
13178,95.5,89437,4975,ME,OC
13179,95.5,89438,4917,ME,OC
13180,95.5,89440,3810,EC,MBC
13181,95.5,89441,2328,EC,MBC
13182,95.5,89443,5536,EE,OC
13183,95.5,89444,2707,CS,BC
13184,95.5,89447,2642,CS,MBC
13185,95.5,89449,1605,CS,OC
13186,95.5,89451,2608,ME,MBC
13187,95.5,89452,2719,EC,SC
13188,95.5,89455,2632,CS,BC
13189,95.5,89458,1441,CS,OC
13190,95.5,89459,1303,EC,OC
13191,95.5,89460,2342,EC,OC
13192,95.5,89461,1238,CS,BC
13193,95.5,89462,1241,ME,OC
13194,95.5,89463,3454,ME,OC
13195,95.5,89464,3016,CS,BCM
13196,95.5,89466,1325,CS,MBC
13197,95.5,89470,2601,ME,OC
13198,95.5,89471,2776,AG,SC
13199,95.5,89472,3425,EC,SC
13200,95.5,89473,2601,EC,MBC
13201,95.5,89475,4969,EC,OC
13202,95.5,89476,4993,BM,SC
13203,95.5,89478,3786,CS,BC
13204,95.5,89479,2636,EE,OC
13205,95.5,89481,3831,ME,OC
13206,95.5,89484,1322,CS,BC
13207,95.5,89485,2342,ME,OC
13208,95.5,89486,2620,EC,BC
13209,95.5,89488,2341,CS,OC
13210,95.5,89490,3847,BT,SC
13211,95.5,89491,1150,FD,OC
13212,95.5,89492,3826,EC,SC
13213,95.5,89494,2622,IT,BCM
13214,95.5,89495,3806,CB,OC
13215,95.5,89496,2625,BM,ST
13216,95.5,89497,1516,ME,BCM
13217,95.5,89498,3786,CS,BC
13218,95.5,89499,3782,CS,OC
13219,95.5,89500,5,ME,SC
13220,95.5,89502,1452,CS,BCM
13221,95.5,89503,2369,ME,BC
13222,95.5,89504,2611,ME,OC
13223,95.5,89508,2327,ME,OC
13224,95.5,89510,4994,EE,OC
13225,95.5,89511,4670,EE,OC
13226,95.5,89512,4672,ME,SC
13227,95.5,89513,2609,EC,MBC
13228,95.5,89514,1441,ME,OC
13229,95.5,89515,2651,EC,OC
13230,95.5,89516,4964,ME,OC
13231,95.5,89517,4680,ME,BC
13232,95.5,89518,2708,MZ,BC
13233,95.5,89519,2624,BM,MBC
13234,95.5,89526,2609,EC,BC
13235,95.5,89527,5935,CS,BC
13236,95.5,89528,1503,IT,OC
13237,95.5,89529,2707,EI,BC
13238,95.5,89531,1401,CS,MBC
13239,95.5,89533,2708,EC,BC
13240,95.5,89534,4996,CS,OC
13241,95.5,89536,2610,RM,OC
13242,95.5,89537,3464,ME,SC
13243,95.5,89538,2716,CS,SC
13244,95.5,89539,2736,EC,BC
13245,95.5,89540,4024,GI,OC
13246,95.5,89541,2314,CS,SC
13247,95.5,89542,1316,MZ,OC
13248,95.5,89543,2632,ME,OC
13249,95.5,89546,1116,CS,MBC
13250,95.5,89547,3461,ME,OC
13251,95.5,89550,2725,CS,BCM
13252,95.5,89551,2610,ME,OC
13253,95.5,89552,2629,MD,OC
13254,95.5,89554,1412,EC,OC
13255,95.5,89555,3830,ME,BC
13256,95.5,89556,1225,IT,BC
13257,95.5,89559,5,AM,MBC
13258,95.5,89561,1419,CE,BC
13259,95.5,89562,2609,EC,BC
13260,95.5,89563,5907,IT,OC
13261,95.5,89566,2710,CE,BC
13262,95.5,89567,2632,CS,SC
13263,95.5,89569,1412,CS,BC
13264,95.5,89570,2659,EE,OC
13265,95.5,89571,2721,EC,OC
13266,95.5,89572,5930,CS,SC
13267,95.5,89574,2610,EE,MBC
13268,95.5,89576,2314,CS,BC
13269,95.5,89578,3801,EC,BC
13270,95.5,89579,5919,CH,OC
13271,95.5,89580,2651,EC,OC
13272,95.5,89581,1207,CS,BC
13273,95.5,89584,5703,EC,OC
13274,95.5,89586,1419,CE,SC
13275,95.5,89588,3806,ME,OC
13276,95.5,89589,2661,IT,BC
13277,95.5,89590,3425,ME,MBC
13278,95.5,89591,2650,EE,OC
13279,95.5,89592,2611,AE,OC
13280,95.5,89593,1605,CS,OC
13281,95.5,89594,4989,IT,OC
13282,95.5,89595,1322,FD,OC
13283,95.5,89596,4957,IT,BC
13284,95.5,89597,3843,EE,OC
13285,95.5,89598,4962,ME,MBC
13286,95.5,89600,2621,ME,OC
13287,95.5,89601,2767,CE,OC
13288,95.5,89604,4931,ME,OC
13289,95.5,89605,5,EE,SC
13290,95.5,89606,2338,BM,OC
13291,95.5,89609,2618,MZ,MBC
13292,95.5,89611,4864,CS,BC
13293,95.5,89612,2625,BM,MBC
13294,95.5,89613,5904,ME,OC
13295,95.5,89616,2715,EC,BC
13296,95.5,89618,2608,ME,BC
13297,95.5,89622,1118,IT,SC
13298,95.5,89624,2735,ME,MBC
13299,95.5,89625,5530,ME,OC
13300,95.5,89626,3454,CS,MBC
13301,95.5,89627,2715,EC,BC
13302,95.5,89628,1413,CE,OC
13303,95.5,89629,3425,ME,BC
13304,95.5,89630,4957,EC,OC
13305,95.5,89631,2302,CS,BC
13306,95.5,89632,2612,EE,OC
13307,95.5,89634,2651,CE,OC
13308,95.5,89635,2338,BM,OC
13309,95.5,89636,2710,ME,BC
13310,95.5,89638,4024,ME,OC
13311,95.5,89642,1325,ME,OC
13312,95.5,89643,2744,IT,BC
13313,95.5,89644,3841,CE,OC
13314,95.5,89645,2723,CE,MBC
13315,95.5,89647,2628,BM,OC
13316,95.5,89648,1525,ME,OC
13317,95.5,89649,2610,AD,MBC
13318,95.5,89650,3805,CE,OC
13319,95.5,89653,2606,EC,OC
13320,95.5,89654,1510,CS,MBC
13321,95.5,89657,4964,EI,OC
13322,95.5,89658,2642,EE,OC
13323,95.5,89659,2661,CS,MBC
13324,95.5,89660,2725,EE,OC
13325,95.5,89661,1325,EE,OC
13326,95.5,89662,2636,CS,BC
13327,95.5,89666,2611,CY,BC
13328,95.5,89667,5902,CS,MBC
13329,95.5,89668,2702,AE,MBC
13330,95.5,89670,3812,IT,OC
13331,95.5,89671,4975,CS,BC
13332,95.5,89672,5902,EC,OC
13333,95.5,89673,1127,CS,OC
13334,95.5,89674,2614,IT,OC
13335,95.5,89675,1137,CS,SC
13336,95.5,89677,1442,CS,OC
13337,95.5,89680,2769,PE,OC
13338,95.5,89681,2610,BM,SC
13339,95.5,89685,4931,CS,BC
13340,95.5,89686,1419,CE,SC
13341,95.5,89687,1509,IT,OC
13342,95.5,89690,2648,CS,OC
13343,95.5,89693,1216,EI,OC
13344,95.5,89694,5,IT,MBC
13345,95.5,89695,3021,EE,OC
13346,95.5,89697,2707,BM,SC
13347,95.5,89698,3795,ME,OC
13348,95.5,89699,4933,CE,OC
13349,95.5,89700,4982,CS,OC
13350,95.5,89701,1116,EE,OC
13351,95.5,89704,3805,CS,BC
13352,95.5,89705,1110,CS,MBC
13353,95.5,89706,2733,CS,OC
13354,95.5,89708,4994,EE,OC
13355,95.5,89709,1106,EC,OC
13356,95.5,89711,3805,PH,SC
13357,95.5,89712,1509,IT,OC
13358,95.5,89713,1520,CS,BC
13359,95.5,89714,2632,IT,BC
13360,95.5,89716,5530,CE,OC
13361,95.5,89718,2735,AD,SC
13362,95.5,89719,3805,CH,OC
13363,95.5,89720,2328,IT,MBC
13364,95.5,89721,5902,CS,MBC
13365,95.5,89722,3843,ME,OC
13366,95.5,89724,2623,BM,BC
13367,95.5,89728,4917,CE,OC
13368,95.5,89729,4975,CS,MBC
13369,95.5,89731,2610,IT,MBC
13370,95.5,89734,1411,AE,SC
13371,95.5,89735,2729,CS,BC
13372,95.5,89736,4917,ME,OC
13373,95.5,89738,2707,CS,BC
13374,95.5,89739,5915,EE,OC
13375,95.5,89740,2643,CS,SC
13376,95.5,89741,5865,EE,OC
13377,95.5,89742,4670,CE,BC
13378,95.5,89743,1408,CS,BC
13379,95.5,89746,2623,BM,BC
13380,95.5,89748,3466,CS,OC
13381,95.5,89749,2624,BM,SC
13382,95.5,89750,4670,ME,OC
13383,95.5,89751,3806,CS,SC
13384,95.2,89755,5009,CS,SCA
13385,95.0,89757,1116,CS,BC
13386,95.0,89760,5536,CS,OC
13387,95.0,89762,4952,CS,OC
13388,95.0,89764,1523,CS,OC
13389,95.0,89765,4955,ME,SC
13390,95.0,89766,2710,SC,SC
13391,95.0,89768,2764,CE,MBC
13392,95.0,89769,1225,IT,BC
13393,95.0,89770,1207,EC,OC
13394,95.0,89771,2750,EE,BC
13395,95.0,89772,1414,IT,BCM
13396,95.0,89773,2708,ME,OC
13397,95.0,89775,5009,EC,SC
13398,95.0,89779,5010,CE,MBC
13399,95.0,89781,3805,CS,MBC
13400,95.0,89782,5902,CS,MBC
13401,95.0,89785,5862,BM,OC
13402,95.0,89788,2328,IT,MBC
13403,95.0,89789,1422,EE,BC
13404,95.0,89790,2739,AD,SC
13405,95.0,89791,2664,PC,OC
13406,95.0,89792,2673,EE,OC
13407,95.0,89793,1202,CS,MBC
13408,95.0,89795,3454,BM,OC
13409,95.0,89796,1518,IT,OC
13410,95.0,89797,3812,CS,BC
13411,95.0,89799,2638,EE,OC
13412,95.0,89800,1422,ME,BC
13413,95.0,89801,2647,IT,OC
13414,95.0,89802,2767,ME,OC
13415,95.0,89805,2744,IT,SC
13416,95.0,89807,3805,CS,BC
13417,95.0,89808,2623,CS,OC
13418,95.0,89810,2715,EC,BC
13419,95.0,89811,2651,EC,OC
13420,95.0,89813,5,CZ,OC
13421,95.0,89814,1114,CS,MBC
13422,95.0,89815,1523,EC,OC
13423,95.0,89816,2624,AG,OC
13424,95.0,89817,2716,TX,OC
13425,95.0,89818,5502,ME,OC
13426,95.0,89819,2624,PH,OC
13427,95.0,89821,2329,AD,MBC
13428,95.0,89822,4024,EE,MBC
13429,95.0,89823,2329,AD,MBC
13430,95.0,89824,4676,ME,OC
13431,95.0,89825,2613,EE,SC
13432,95.0,89827,2665,ME,OC
13433,95.0,89828,2338,ME,OC
13434,95.0,89831,2314,CS,SC
13435,95.0,89832,2610,BM,SC
13436,95.0,89834,4993,CS,OC
13437,95.0,89836,2642,CE,OC
13438,95.0,89837,2611,AG,MBC
13439,95.0,89838,2722,ME,OC
13440,95.0,89839,3849,IT,OC
13441,95.0,89840,2750,EC,SC
13442,95.0,89841,1412,CS,MBC
13443,95.0,89842,3806,BM,BC
13444,95.0,89843,2750,AE,SC
13445,95.0,89844,2642,IT,OC
13446,95.0,89845,4672,EE,OC
13447,95.0,89847,5,ME,SC
13448,95.0,89848,4953,CS,BC
13449,95.0,89849,3019,EC,OC
13450,95.0,89851,5865,CS,SC
13451,95.0,89853,5842,ME,OC
13452,95.0,89854,4670,EE,OC
13453,95.0,89855,1114,IT,MBC
13454,95.0,89856,3807,IT,OC
13455,95.0,89858,1122,ME,OC
13456,95.0,89859,1408,ME,OC
13457,95.0,89860,1505,AE,OC
13458,95.0,89861,1226,CS,OC
13459,95.0,89863,1420,CS,BC
13460,95.0,89864,1225,CS,SCA
13461,95.0,89865,2609,CS,BC
13462,95.0,89866,3807,EC,OC
13463,95.0,89869,1015,EE,OC
13464,95.0,89870,4980,CS,BC
13465,95.0,89872,3849,CS,OC
13466,95.0,89873,2740,IT,SC
13467,95.0,89874,2610,EE,MBC
13468,95.0,89875,2741,CS,BC
13469,95.0,89876,2751,EC,BC
13470,95.0,89878,2609,CE,OC
13471,95.0,89879,3826,CE,BC
13472,95.0,89882,2610,BT,MBC
13473,95.0,89884,3806,IT,SC
13474,95.0,89887,2735,EE,SC
13475,95.0,89890,1525,CE,OC
13476,95.0,89891,3801,IC,OC
13477,95.0,89892,4964,EE,OC
13478,95.0,89893,2634,SF,OC
13479,95.0,89896,1430,ME,OC
13480,95.0,89897,3829,EE,OC
13481,95.0,89898,3805,AD,BC
13482,95.0,89899,2651,EC,OC
13483,95.0,89900,2327,CS,OC
13484,95.0,89901,2611,FD,BC
13485,95.0,89903,3410,EC,OC
13486,95.0,89905,1225,ME,OC
13487,95.0,89906,3016,ME,OC
13488,95.0,89907,4957,IT,SC
13489,95.0,89910,3786,EC,OC
13490,95.0,89911,1114,IT,MBC
13491,95.0,89913,2609,EC,MBC
13492,95.0,89916,4957,EC,OC
13493,95.0,89919,3461,CS,OC
13494,95.0,89921,2755,FD,OC
13495,95.0,89922,1127,ME,OC
13496,95.0,89924,2354,CS,BC
13497,95.0,89925,1202,CS,BC
13498,95.0,89926,4928,CS,BCM
13499,95.0,89928,5902,ME,OC
13500,95.0,89930,2636,EC,SCA
13501,95.0,89932,5502,EE,OC
13502,95.0,89933,2722,IC,BC
13503,95.0,89934,1409,BM,SCA
13504,95.0,89935,2360,ME,OC
13505,95.0,89936,2610,BT,MBC
13506,95.0,89938,3805,ME,OC
13507,95.0,89939,2721,IC,OC
13508,95.0,89940,2767,ME,OC
13509,95.0,89941,2632,ME,OC
13510,95.0,89942,2620,CS,SC
13511,95.0,89943,3805,CS,SC
13512,95.0,89944,2743,CS,MBC
13513,95.0,89945,4954,ME,OC
13514,95.0,89949,5986,EE,SC
13515,95.0,89951,3830,AD,BC
13516,95.0,89953,2741,CS,BC
13517,95.0,89954,2657,CS,OC
13518,95.0,89956,3805,CS,BC
13519,95.0,89957,4931,CS,MBC
13520,95.0,89958,2611,IT,BC
13521,95.0,89961,5536,AG,BC
13522,95.0,89963,2623,CS,OC
13523,95.0,89964,1014,IT,SC
13524,95.0,89965,4999,CS,OC
13525,95.0,89966,3805,CS,BC
13526,95.0,89969,3830,IT,MBC
13527,95.0,89970,2763,CS,BC
13528,95.0,89971,4020,ME,MBC
13529,95.0,89972,3807,ME,OC
13530,95.0,89973,4994,EC,OC
13531,95.0,89976,3456,EE,OC
13532,95.0,89977,3804,EC,OC
13533,95.0,89978,3410,EE,OC
13534,95.0,89980,4954,CE,OC
13535,95.0,89981,2650,CS,SC
13536,95.0,89982,1519,CS,OC
13537,95.0,89983,4964,CS,OC
13538,95.0,89985,1409,AD,OC
13539,95.0,89986,3811,CS,BCM
13540,95.0,89987,1120,EC,SC
13541,95.0,89988,1207,ME,OC
13542,95.0,89989,1399,ME,SC
13543,95.0,89990,4953,EE,OC
13544,95.0,89991,1207,CS,BC
13545,95.0,89992,5910,CE,BC
13546,95.0,89993,2772,EE,OC
13547,95.0,89994,2609,EE,OC
13548,95.0,89995,1310,IT,MBC
13549,95.0,89996,3841,CS,BC
13550,95.0,89997,1504,CS,MBC
13551,95.0,90001,2721,CS,BC
13552,95.0,90002,4933,ME,OC
13553,95.0,90004,4970,CS,MBC
13554,95.0,90005,2608,EC,MBC
13555,95.0,90007,2347,EE,OC
13556,95.0,90008,1421,CS,MBC
13557,95.0,90009,2735,EE,SC
13558,95.0,90010,2751,IT,SC
13559,95.0,90011,3760,ME,OC
13560,95.0,90012,1013,ME,MBC
13561,95.0,90013,5502,ME,OC
13562,95.0,90015,2723,IT,MBC
13563,95.0,90016,4670,ME,OC
13564,95.0,90020,1407,EC,OC
13565,95.0,90022,1122,EC,BC
13566,95.0,90023,2708,EC,BC
13567,95.0,90024,2722,IC,BC
13568,95.0,90026,1408,CS,BCM
13569,95.0,90027,3905,EC,OC
13570,95.0,90028,1523,EC,OC
13571,95.0,90029,4670,EE,BCM
13572,95.0,90030,2740,IT,MBC
13573,95.0,90031,1303,AD,SC
13574,95.0,90032,3920,EC,OC
13575,95.0,90033,2623,BM,MBC
13576,95.0,90034,2716,ME,OC
13577,95.0,90037,2721,EC,OC
13578,95.0,90038,1301,CE,OC
13579,95.0,90039,2609,CH,OC
13580,95.0,90040,1127,BT,BC
13581,95.0,90043,1216,CS,SC
13582,95.0,90044,3795,ME,OC
13583,95.0,90045,5,IT,MBC
13584,95.0,90047,1212,CS,OC
13585,95.0,90051,4969,CS,BC
13586,95.0,90052,2702,AE,MBC
13587,95.0,90053,1316,CS,MBC
13588,95.0,90054,4675,CS,BC
13589,95.0,90055,2723,EC,SC
13590,95.0,90056,4960,CE,MBC
13591,95.0,90058,4023,CS,MBC
13592,95.0,90061,3782,EE,OC
13593,95.0,90062,1026,ME,MBC
13594,95.0,90063,3860,EE,OC
13595,95.0,90064,2608,EC,SC
13596,95.0,90065,2614,TX,MBC
13597,95.0,90070,4968,EE,OC
13598,95.0,90071,2617,CS,OC
13599,95.0,90079,3425,ME,MBC
13600,95.0,90081,2345,ME,OC
13601,95.0,90084,1322,CS,BC
13602,95.0,90086,2651,EC,OC
13603,95.0,90088,2641,CS,MBC
13604,95.0,90090,5912,CS,OC
13605,95.0,90092,1441,EC,OC
13606,95.0,90095,3701,CS,SC
13607,95.0,90096,1520,EC,BC
13608,95.0,90097,2328,EC,BC
13609,95.0,90098,2729,CS,ST
13610,95.0,90100,3461,CS,OC
13611,95.0,90101,3810,AD,BCM
13612,95.0,90103,2744,CE,OC
13613,95.0,90104,2345,EC,MBC
13614,95.0,90105,3908,CS,MBC
13615,95.0,90108,2329,IT,MBC
13616,95.0,90110,4978,BT,OC
13617,95.0,90111,3807,ME,OC
13618,95.0,90112,2622,EC,MBC
13619,95.0,90117,1313,CS,OC
13620,95.0,90118,2719,EC,SC
13621,95.0,90119,5530,EC,BC
13622,95.0,90120,2609,IT,BC
13623,95.0,90122,3847,CH,OC
13624,95.0,90123,3018,CS,MBC
13625,95.0,90126,4959,CS,BCM
13626,95.0,90129,2610,MZ,OC
13627,95.0,90130,5919,CS,BC
13628,95.0,90133,4952,ME,OC
13629,95.0,90134,4670,EE,SC
13630,95.0,90136,2727,EC,BC
13631,95.0,90137,4917,CE,MBC
13632,95.0,90138,4960,EC,SC
13633,95.0,90139,1401,IT,BC
13634,95.0,90140,2723,CE,MBC
13635,95.0,90142,1015,CS,SC
13636,95.0,90143,2708,AE,BC
13637,95.0,90144,1434,AE,OC
13638,95.0,90145,2609,CS,MBC
13639,95.0,90148,2741,CS,MBC
13640,95.0,90149,2609,IT,SC
13641,95.0,90150,2622,IT,SC
13642,95.0,90153,2639,EC,MBC
13643,95.0,90155,3786,AE,OC
13644,95.0,90156,1014,EC,MBC
13645,95.0,90157,2707,IT,SC
13646,95.0,90158,1408,ME,OC
13647,95.0,90159,1122,EC,MBC
13648,95.0,90160,2751,IT,MBC
13649,95.0,90161,4678,EC,MBC
13650,95.0,90163,3458,BT,BC
13651,95.0,90164,5865,EE,OC
13652,95.0,90165,3830,CB,BCM
13653,95.0,90166,4995,CS,OC
13654,95.0,90167,3016,CS,BC
13655,95.0,90168,4965,EE,BCM
13656,95.0,90169,1118,CS,SC
13657,95.0,90170,2625,CS,OC
13658,95.0,90172,1441,ME,OC
13659,95.0,90173,2614,CS,OC
13660,95.0,90175,3817,CE,OC
13661,95.0,90178,1133,EC,OC
13662,95.0,90179,2608,ME,BC
13663,95.0,90180,5904,IT,MBC
13664,95.0,90181,3805,CS,MBC
13665,95.0,90182,2360,ME,OC
13666,95.0,90183,1226,CS,OC
13667,95.0,90185,3805,FD,SC
13668,95.0,90187,1408,EC,OC
13669,95.0,90189,3829,CE,OC
13670,95.0,90190,3805,EC,OC
13671,95.0,90191,2347,CS,SCA
13672,95.0,90192,2630,EE,OC
13673,95.0,90194,1303,CS,MBC
13674,95.0,90195,5988,CE,OC
13675,95.0,90196,1412,EC,OC
13676,95.0,90197,3804,ME,OC
13677,95.0,90198,5942,IT,OC
13678,95.0,90199,5022,EC,MBC
13679,95.0,90200,1114,ME,OC
13680,95.0,90201,4020,ME,BC
13681,95.0,90202,5907,CS,BC
13682,95.0,90203,4928,CS,BC
13683,95.0,90204,2640,CS,OC
13684,95.0,90205,5017,CS,BC
13685,95.0,90207,1452,EC,OC
13686,95.0,90209,5910,CS,SC
13687,95.0,90212,3806,IT,SC
13688,95.0,90214,3425,EE,BC
13689,95.0,90215,1409,BM,BC
13690,95.0,90216,5532,CE,OC
13691,95.0,90219,4917,ME,OC
13692,95.0,90220,2609,AD,BC
13693,95.0,90221,5,AM,BC
13694,95.0,90222,5,BD,SC
13695,95.0,90223,1216,AG,MBC
13696,95.0,90224,4917,CE,BC
13697,95.0,90225,2601,EC,BC
13698,95.0,90227,3786,ME,OC
13699,95.0,90228,4994,CS,MBC
13700,95.0,90229,4669,EE,OC
13701,95.0,90230,2627,BT,MBC
13702,95.0,90231,2719,RM,BCM
13703,95.0,90234,1122,ME,OC
13704,95.0,90236,1216,EC,MBC
13705,95.0,90239,3918,EC,BC
13706,95.0,90244,2708,EE,BC
13707,95.0,90246,2617,EC,OC
13708,95.0,90250,4941,EC,OC
13709,95.0,90251,1207,CS,MBC
13710,95.0,90253,2739,ME,BCM
13711,95.0,90256,1420,CS,MBC
13712,95.0,90257,5010,CE,SC
13713,95.0,90258,5915,EC,OC
13714,95.0,90259,3830,EC,BC
13715,95.0,90261,1441,CS,OC
13716,95.0,90262,2721,IC,OC
13717,95.0,90263,2629,MD,OC
13718,95.0,90264,3845,CS,OC
13719,95.0,90266,4917,EE,BC
13720,95.0,90267,2705,CS,SC
13721,95.0,90268,3803,IT,SC
13722,95.0,90269,1523,CS,OC
13723,95.0,90271,2711,CE,BC
13724,95.0,90272,2735,EC,SC
13725,95.0,90273,5022,EC,BC
13726,95.0,90275,3829,EE,OC
13727,95.0,90277,1237,IT,BCM
13728,95.0,90279,2735,AD,MBC
13729,95.0,90280,2345,ME,OC
13730,95.0,90283,2345,CS,BC
13731,95.0,90285,4972,CS,BC
13732,95.0,90287,2740,IT,MBC
13733,95.0,90288,2727,BM,BC
13734,95.0,90289,3011,EE,SC
13735,95.0,90290,1225,ME,OC
13736,95.0,90292,2657,ME,OC
13737,95.0,90293,1316,CS,BC
13738,95.0,90295,1140,EC,BC
13739,95.0,90296,1509,CS,BC
13740,95.0,90297,4969,CS,MBC
13741,95.0,90298,2369,CE,SC
13742,95.0,90300,4969,ME,OC
13743,95.0,90302,1127,BT,BC
13744,95.0,90304,2739,EE,MBC
13745,95.0,90305,1526,CS,OC
13746,95.0,90307,3804,CS,OC
13747,95.0,90308,3805,CS,BC
13748,95.0,90310,2758,IT,OC
13749,95.0,90311,1520,IT,BC
13750,95.0,90314,1408,CS,SC
13751,95.0,90317,3819,IT,SC
13752,95.0,90319,2625,AG,SC
13753,95.0,90320,5022,EE,OC
13754,95.0,90322,1213,CS,OC
13755,95.0,90324,2620,EC,MBC
13756,95.0,90326,3860,CS,OC
13757,95.0,90329,1140,EC,MBC
13758,95.0,90330,1114,ME,OC
13759,95.0,90332,2350,EE,OC
13760,95.0,90334,3803,IT,BCM
13761,95.0,90335,5832,CE,OC
13762,95.0,90336,1123,CS,OC
13763,95.0,90339,2601,EC,BC
13764,95.0,90340,4966,CS,BC
13765,95.0,90342,2709,EC,BCM
13766,95.0,90343,3805,CS,BC
13767,95.0,90344,1408,ME,OC
13768,95.0,90345,3826,EE,BC
13769,95.0,90346,1128,CS,SC
13770,95.0,90348,4670,CE,BC
13771,95.0,90350,3805,FD,BC
13772,94.5,90353,1202,ME,OC
13773,94.5,90354,3822,CS,OC
13774,94.5,90355,4864,ME,OC
13775,94.5,90356,2652,EC,OC
13776,94.5,90357,2735,ME,BC
13777,94.5,90359,4944,CS,BC
13778,94.5,90360,1412,IT,OC
13779,94.5,90363,2715,EE,BC
13780,94.5,90364,2725,EC,BC
13781,94.5,90365,1519,CS,OC
13782,94.5,90366,2743,CS,SC
13783,94.5,90367,2657,ME,OC
13784,94.5,90369,4023,EE,BC
13785,94.5,90370,3808,CS,OC
13786,94.5,90374,2601,CS,SC
13787,94.5,90375,3817,EE,OC
13788,94.5,90376,2620,TS,BC
13789,94.5,90377,2713,EE,OC
13790,94.5,90379,2613,SF,OC
13791,94.5,90381,1322,ME,OC
13792,94.5,90382,2632,CS,BC
13793,94.5,90383,3806,CS,MBC
13794,94.5,90384,1442,AD,MBC
13795,94.5,90385,4917,ME,OC
13796,94.5,90386,3410,CS,BC
13797,94.5,90387,2314,EC,SC
13798,94.5,90389,5915,EC,OC
13799,94.5,90390,2618,EE,SC
13800,94.5,90391,1427,CS,OC
13801,94.5,90393,4676,EC,SC
13802,94.5,90394,3829,EC,OC
13803,94.5,90395,3811,CS,SC
13804,94.5,90396,2735,AD,SC
13805,94.5,90397,2683,CS,OC
13806,94.5,90398,3701,CS,MBC
13807,94.5,90399,5865,ME,OC
13808,94.5,90401,2723,CE,BC
13809,94.5,90402,3811,CS,SC
13810,94.5,90403,1523,CS,MBC
13811,94.5,90404,3849,ME,OC
13812,94.5,90405,2646,EE,OC
13813,94.5,90407,2611,CS,BC
13814,94.5,90411,2652,IT,BCM
13815,94.5,90412,2610,IT,MBC
13816,94.5,90413,4953,CE,OC
13817,94.5,90416,2735,EC,MBC
13818,94.5,90417,1303,ME,OC
13819,94.5,90420,1408,CS,MBC
13820,94.5,90421,2610,CE,OC
13821,94.5,90422,3860,EE,OC
13822,94.5,90423,2328,EC,BC
13823,94.5,90424,5930,EE,OC
13824,94.5,90426,2328,EC,BC
13825,94.5,90427,1401,ME,OC
13826,94.5,90428,3460,EE,OC
13827,94.5,90429,2623,CS,OC
13828,94.5,90430,1412,CS,BCM
13829,94.5,90431,4953,EE,OC
13830,94.5,90433,2369,CE,BC
13831,94.5,90434,2346,CS,OC
13832,94.5,90435,5907,CH,OC
13833,94.5,90437,2729,AE,BC
13834,94.5,90438,2612,CS,OC
13835,94.5,90439,3795,EC,BCM
13836,94.5,90444,4994,CS,MBC
13837,94.5,90445,4931,EE,OC
13838,94.5,90446,1447,IT,OC
13839,94.5,90447,3805,CS,BC
13840,94.5,90448,1416,CS,OC
13841,94.5,90449,2772,CS,OC
13842,94.5,90450,2711,CE,BC
13843,94.5,90455,2611,FD,BC
13844,94.5,90456,2711,ME,SCA
13845,94.5,90457,2607,AD,BC
13846,94.5,90458,2725,EC,BC
13847,94.5,90459,3456,BM,BC
13848,94.5,90461,2630,CS,BC
13849,94.5,90463,2650,EC,OC
13850,94.5,90465,2706,CS,SC
13851,94.5,90467,1013,EC,BC
13852,94.5,90468,2617,CS,OC
13853,94.5,90469,1521,CS,OC
13854,94.5,90470,5502,ME,OC
13855,94.5,90472,2610,IT,SC
13856,94.5,90474,4944,CS,BC
13857,94.5,90475,1202,CS,BC
13858,94.5,90476,3806,CS,BCM
13859,94.5,90477,2776,CS,OC
13860,94.5,90478,4917,BM,SCA
13861,94.5,90480,1225,EC,BC
13862,94.5,90481,3813,CS,MBC
13863,94.5,90483,3803,IT,MBC
13864,94.5,90486,2329,BM,BCM
13865,94.5,90489,2729,AD,MBC
13866,94.5,90494,2314,CS,SC
13867,94.5,90495,2628,BM,OC
13868,94.5,90496,2755,CS,OC
13869,94.5,90497,1333,ME,OC
13870,94.5,90498,3454,CS,BC
13871,94.5,90499,3011,CE,SC
13872,94.5,90501,4994,CS,BC
13873,94.5,90504,2753,BM,SC
13874,94.5,90505,3019,EC,MBC
13875,94.5,90509,3801,IT,BC
13876,94.5,90510,2707,CS,BC
13877,94.5,90511,2601,EC,BCM
13878,94.5,90513,3458,PE,OC
13879,94.5,90515,3905,EE,MBC
13880,94.5,90517,5010,ME,BC
13881,94.5,90519,2731,PD,OC
13882,94.5,90520,2734,EC,OC
13883,94.5,90521,4686,CS,OC
13884,94.5,90523,1419,ME,SC
13885,94.5,90526,2713,EE,OC
13886,94.5,90528,2715,ME,OC
13887,94.5,90529,2345,EC,BC
13888,94.5,90531,3805,BM,BC
13889,94.5,90532,3826,ME,SC
13890,94.5,90533,3460,CS,OC
13891,94.5,90534,2607,EC,MBC
13892,94.5,90536,2640,EE,OC
13893,94.5,90537,3410,EC,OC
13894,94.5,90538,5703,CS,OC
13895,94.5,90539,1420,IT,OC
13896,94.5,90540,3459,CS,SC
13897,94.5,90543,1140,CS,SC
13898,94.5,90544,2708,ME,OC
13899,94.5,90550,1101,ME,OC
13900,94.5,90551,2740,ME,OC
13901,94.5,90552,1126,AD,SC
13902,94.5,90554,1225,EC,SC
13903,94.5,90555,2776,ME,OC
13904,94.5,90556,1303,BT,BC
13905,94.5,90557,1426,IT,OC
13906,94.5,90558,2609,AG,BC
13907,94.5,90559,2723,EE,SC
13908,94.5,90560,1303,CS,BC
13909,94.5,90564,2610,CS,MBC
13910,94.5,90565,2729,CS,MBC
13911,94.5,90566,3464,ME,SC
13912,94.5,90567,2620,EE,OC
13913,94.5,90568,5912,CE,OC
13914,94.5,90570,3458,BT,BC
13915,94.5,90571,3805,IT,SC
13916,94.5,90573,5,BD,MBC
13917,94.5,90575,2713,IT,BC
13918,94.5,90576,1422,EE,MBC
13919,94.5,90577,1408,CE,OC
13920,94.5,90578,2747,EC,OC
13921,94.5,90580,2722,EE,MBC
13922,94.5,90582,1316,CS,BC
13923,94.5,90583,4669,EC,BC
13924,94.5,90584,3806,EE,SC
13925,94.5,90585,1409,CS,OC
13926,94.5,90587,4965,ME,OC
13927,94.5,90589,4993,ME,OC
13928,94.5,90591,2345,CS,MBC
13929,94.5,90593,2769,FD,OC
13930,94.5,90595,2607,EE,BC
13931,94.5,90596,2613,ME,OC
13932,94.5,90597,4670,ME,OC
13933,94.5,90598,3459,CE,OC
13934,94.5,90599,1317,EI,BC
13935,94.5,90600,2607,TX,BC
13936,94.5,90602,3425,EE,SC
13937,94.5,90604,4960,EC,SC
13938,94.5,90608,5904,CS,SC
13939,94.5,90609,3908,CE,OC
13940,94.5,90610,2650,CS,SC
13941,94.5,90611,3829,CE,OC
13942,94.5,90612,1431,CS,MBC
13943,94.5,90613,2747,EC,OC
13944,94.5,90614,2727,BT,SC
13945,94.5,90615,3019,CS,SC
13946,94.5,90617,2620,CS,SC
13947,94.5,90620,1519,CS,SC
13948,94.5,90621,1113,EI,SC
13949,94.5,90622,1202,CS,BC
13950,94.5,90624,2349,CS,OC
13951,94.5,90625,5912,CS,OC
13952,94.5,90626,4944,CS,BC
13953,94.5,90627,3461,EC,OC
13954,94.5,90630,2713,EC,OC
13955,94.5,90634,1210,ME,OC
13956,94.5,90635,2634,EC,OC
13957,94.5,90636,3829,IT,MBC
13958,94.5,90637,3908,CE,OC
13959,94.5,90638,2659,BM,SC
13960,94.5,90639,5915,EE,OC
13961,94.5,90640,2750,EC,MBC
13962,94.5,90642,2620,CS,MBC
13963,94.5,90644,3843,CS,BC
13964,94.5,90645,1401,ME,OC
13965,94.5,90646,4992,CS,BC
13966,94.5,90647,4023,CS,MBC
13967,94.5,90648,1510,CS,MBC
13968,94.5,90651,3425,EE,SC
13969,94.5,90652,5008,MG,SCA
13970,94.5,90654,2665,ME,OC
13971,94.5,90655,4670,CE,BC
13972,94.5,90656,1525,CS,OC
13973,94.5,90657,2715,EC,BC
13974,94.5,90660,3805,CS,SC
13975,94.5,90661,1322,CS,SC
13976,94.5,90662,4864,CS,BC
13977,94.5,90663,2636,ME,OC
13978,94.5,90664,1523,IT,OC
13979,94.5,90667,2601,BM,BC
13980,94.5,90668,2609,PH,OC
13981,94.5,90669,4024,EC,BC
13982,94.5,90670,1412,CS,MBC
13983,94.5,90671,3786,ME,OC
13984,94.5,90672,1317,EE,SC
13985,94.5,90673,1311,EC,BC
13986,94.5,90674,3829,IT,MBC
13987,94.5,90676,4949,EE,OC
13988,94.5,90680,4992,CS,BC
13989,94.5,90681,5530,CE,OC
13990,94.5,90684,1412,CS,BC
13991,94.5,90685,2736,ME,BC
13992,94.5,90686,1307,EC,OC
13993,94.5,90687,3826,ME,BC
13994,94.5,90689,1123,AE,OC
13995,94.5,90691,2653,ME,MBC
13996,94.5,90692,1238,ME,OC
13997,94.5,90693,5990,CS,OC
13998,94.5,90694,2611,CE,OC
13999,94.5,90695,3805,CS,MBC
14000,94.5,90697,1411,IT,OC
14001,94.5,90699,3462,ME,OC
14002,94.5,90700,3806,IT,BCM
14003,94.5,90701,2732,EE,OC
14004,94.5,90702,1408,EC,OC
14005,94.5,90704,1216,IT,SC
14006,94.5,90705,3458,AG,SC
14007,94.5,90706,3011,XC,SC
14008,94.5,90707,2710,EC,MBC
14009,94.5,90708,3817,CS,SCA
14010,94.5,90709,4972,EE,OC
14011,94.5,90710,4962,ME,BC
14012,94.5,90711,2345,EE,OC
14013,94.5,90712,3701,CE,MBC
14014,94.5,90714,2716,IT,BC
14015,94.5,90715,5988,CS,OC
14016,94.5,90716,2743,EC,OC
14017,94.5,90717,2611,CS,BC
14018,94.5,90718,3766,CS,OC
14019,94.5,90720,1210,ME,OC
14020,94.5,90722,1413,CS,SC
14021,94.5,90723,1101,ME,OC
14022,94.5,90728,1310,CS,BCM
14023,94.5,90729,2354,CS,MBC
14024,94.5,90730,4917,CS,MBC
14025,94.5,90731,5703,EE,OC
14026,94.5,90733,2725,ME,OC
14027,94.5,90734,1452,CS,SC
14028,94.5,90736,1229,EE,OC
14029,94.5,90738,2621,IT,MBC
14030,94.5,90739,2734,SB,MBC
14031,94.5,90740,5832,EC,OC
14032,94.5,90742,2612,CS,OC
14033,94.5,90743,1230,CS,OC
14034,94.5,90744,2606,CS,BC
14035,94.5,90745,1218,CS,OC
14036,94.5,90748,2665,PD,OC
14037,94.5,90749,1202,IT,BC
14038,94.5,90750,5902,CS,MBC
14039,94.5,90751,4670,CE,BC
14040,94.5,90752,1405,CS,OC
14041,94.5,90753,1126,RM,BC
14042,94.5,90754,2718,CJ,SC
14043,94.5,90755,2622,CS,MBC
14044,94.5,90756,1520,ME,OC
14045,94.5,90757,2618,CE,BC
14046,94.5,90758,1324,ME,MBC
14047,94.5,90759,3905,EC,OC
14048,94.5,90760,2614,TX,BC
14049,94.5,90761,2646,ME,OC
14050,94.5,90764,1409,BT,SC
14051,94.5,90765,1313,CS,OC
14052,94.5,90768,3831,CS,OC
14053,94.5,90769,1420,IT,OC
14054,94.5,90771,3819,CE,MBC
14055,94.5,90772,1120,CE,OC
14056,94.5,90773,2620,TS,BC
14057,94.5,90774,4952,CS,OC
14058,94.5,90776,2741,CE,OC
14059,94.5,90777,3459,BM,MBC
14060,94.5,90779,2711,AU,BC
14061,94.5,90780,2727,EC,BC
14062,94.5,90782,2727,ME,OC
14063,94.5,90783,2624,BM,BC
14064,94.5,90784,2610,EE,SCA
14065,94.5,90785,1202,EC,OC
14066,94.5,90786,3807,IT,OC
14067,94.5,90790,2715,EC,BC
14068,94.5,90791,2627,EE,OC
14069,94.5,90792,1316,BM,MBC
14070,94.5,90793,1226,CS,OC
14071,94.5,90796,2769,PD,OC
14072,94.5,90799,2702,EC,SC
14073,94.5,90800,2659,EC,BC
14074,94.5,90802,2627,BT,BC
14075,94.5,90803,3806,CS,MBC
14076,94.5,90804,5904,EE,BC
14077,94.5,90805,2661,CS,BC
14078,94.5,90811,2611,BM,SC
14079,94.5,90812,1442,AD,BC
14080,94.5,90813,5017,CS,BC
14081,94.5,90816,2743,ME,OC
14082,94.5,90817,2327,EC,OC
14083,94.5,90818,2329,BM,BC
14084,94.5,90819,2664,PC,OC
14085,94.5,90820,2755,AG,SC
14086,94.5,90821,1150,FD,OC
14087,94.5,90822,4933,ME,OC
14088,94.5,90823,2715,EC,BC
14089,94.5,90825,1311,IT,SC
14090,94.5,90827,3843,ME,OC
14091,94.5,90828,2758,CS,OC
14092,94.5,90830,4964,MU,OC
14093,94.5,90831,2747,CE,OC
14094,94.5,90833,2611,BM,BC
14095,94.5,90834,1525,CS,OC
14096,94.5,90836,2342,ME,OC
14097,94.5,90837,3410,EC,BCM
14098,94.5,90838,2613,EC,OC
14099,94.5,90839,4669,EE,OC
14100,94.5,90841,4946,ME,OC
14101,94.5,90844,2755,FD,OC
14102,94.5,90845,1238,CS,BC
14103,94.5,90846,2715,EC,MBC
14104,94.5,90849,4994,EC,OC
14105,94.5,90851,1422,MD,MBC
14106,94.5,90852,5532,CE,MBC
14107,94.5,90853,2705,ME,OC
14108,94.5,90855,4931,EC,OC
14109,94.5,90856,2625,BM,MBC
14110,94.5,90857,3805,CS,SC
14111,94.5,90859,2651,EC,OC
14112,94.5,90860,1523,EC,OC
14113,94.5,90862,3843,CE,OC
14114,94.5,90864,2650,CS,MBC
14115,94.5,90865,1114,ME,OC
14116,94.5,90868,3806,ME,OC
14117,94.5,90872,2721,EE,OC
14118,94.5,90873,2708,EC,BC
14119,94.5,90874,1207,CS,BC
14120,94.5,90875,3806,CS,MBC
14121,94.5,90877,1505,CS,BC
14122,94.5,90879,2722,IC,BC
14123,94.5,90881,1412,IT,OC
14124,94.5,90882,1413,AD,OC
14125,94.5,90883,2704,EC,SC
14126,94.5,90884,2743,AD,BC
14127,94.5,90887,2618,CS,SC
14128,94.5,90890,4955,EC,SC
14129,94.5,90891,3829,CE,OC
14130,94.5,90894,2329,BM,SC
14131,94.5,90895,2716,BM,BC
14132,94.5,90898,1126,CS,OC
14133,94.5,90899,2722,IT,SC
14134,94.5,90900,4964,ME,OC
14135,94.5,90901,2643,EC,OC
14136,94.5,90904,2707,CH,BC
14137,94.5,90905,2727,CE,OC
14138,94.5,90906,3021,EC,OC
14139,94.5,90907,2341,BM,OC
14140,94.5,90909,2601,CE,OC
14141,94.5,90911,2750,AG,SCA
14142,94.5,90912,1422,EC,SC
14143,94.5,90914,1436,CS,OC
14144,94.5,90915,2657,BT,OC
14145,94.5,90916,1325,IT,MBC
14146,94.2,90917,2624,CS,SCA
14147,94.2,90918,2350,EE,OC
14148,94.0,90921,2705,CS,ST
14149,94.0,90922,2652,CS,OC
14150,94.0,90924,2707,EE,BC
14151,94.0,90925,2345,ME,OC
14152,94.0,90927,1125,CS,OC
14153,94.0,90929,1106,CS,OC
14154,94.0,90931,2747,CS,SC
14155,94.0,90932,3918,CS,MBC
14156,94.0,90933,5902,CE,OC
14157,94.0,90937,1518,IT,OC
14158,94.0,90939,1015,EC,BC
14159,94.0,90942,4964,CS,OC
14160,94.0,90943,2611,ME,OC
14161,94.0,90944,2641,CS,MBC
14162,94.0,90946,5988,CS,OC
14163,94.0,90947,2623,BM,SC
14164,94.0,90949,1237,IT,MBC
14165,94.0,90950,3805,PH,BC
14166,94.0,90952,3011,EC,ST
14167,94.0,90953,2772,CS,OC
14168,94.0,90954,2727,IT,MBC
14169,94.0,90955,3805,CS,MBC
14170,94.0,90957,4670,ME,OC
14171,94.0,90958,1413,CS,MBC
14172,94.0,90959,4669,ME,OC
14173,94.0,90960,2659,BM,SC
14174,94.0,90961,2642,EC,OC
14175,94.0,90962,2652,ME,OC
14176,94.0,90963,3806,EE,BC
14177,94.0,90965,2342,CS,BC
14178,94.0,90966,2622,IT,SC
14179,94.0,90967,2006,FY,SCA
14180,94.0,90969,2652,CS,BC
14181,94.0,90970,1241,CS,OC
14182,94.0,90971,2751,CS,MBC
14183,94.0,90973,2739,CS,SC
14184,94.0,90974,3841,EC,SC
14185,94.0,90975,2642,IT,OC
14186,94.0,90977,4955,EC,SC
14187,94.0,90979,2702,CE,SC
14188,94.0,90980,3829,IT,BC
14189,94.0,90981,2769,PE,BC
14190,94.0,90982,1106,CS,OC
14191,94.0,90983,1452,EC,BC
14192,94.0,90984,1316,CS,BC
14193,94.0,90986,4970,EC,OC
14194,94.0,90987,2723,ME,MBC
14195,94.0,90989,2656,EE,OC
14196,94.0,90990,1307,IT,BC
14197,94.0,90993,1412,CS,BCM
14198,94.0,90994,4864,CS,BC
14199,94.0,90997,4962,CS,SC
14200,94.0,90998,2607,CB,OC
14201,94.0,91001,2618,ME,MBC
14202,94.0,91004,3803,ME,OC
14203,94.0,91005,1207,IT,OC
14204,94.0,91006,2750,AE,SC
14205,94.0,91008,2346,CS,OC
14206,94.0,91009,4984,CS,BC
14207,94.0,91010,2347,CS,MBC
14208,94.0,91011,5703,EE,OC
14209,94.0,91012,5008,EE,SCA
14210,94.0,91017,3461,EC,OC
14211,94.0,91018,2354,ME,OC
14212,94.0,91019,3806,EE,BC
14213,94.0,91020,2731,CS,MBC
14214,94.0,91022,3806,CS,BC
14215,94.0,91023,2750,EC,BCM
14216,94.0,91024,2606,ME,OC
14217,94.0,91025,2639,EC,SC
14218,94.0,91027,2723,IT,MBC
14219,94.0,91028,1015,EE,OC
14220,94.0,91031,2341,BM,OC
14221,94.0,91032,3805,PH,SC
14222,94.0,91034,3805,ME,OC
14223,94.0,91035,2704,ME,OC
14224,94.0,91037,4953,CS,BC
14225,94.0,91038,2620,EE,OC
14226,94.0,91039,2716,IT,BC
14227,94.0,91040,4931,EE,OC
14228,94.0,91041,2613,CS,MBC
14229,94.0,91042,2731,CS,BC
14230,94.0,91043,2621,IT,MBC
14231,94.0,91045,3425,EC,BC
14232,94.0,91046,2751,ME,OC
14233,94.0,91047,3847,BT,SC
14234,94.0,91048,3458,PE,OC
14235,94.0,91050,2338,CS,OC
14236,94.0,91052,4966,EE,OC
14237,94.0,91053,1304,ME,BC
14238,94.0,91054,5,IT,SC
14239,94.0,91055,2607,ME,OC
14240,94.0,91056,2747,EE,OC
14241,94.0,91057,3458,FD,MBC
14242,94.0,91060,3456,BM,MBC
14243,94.0,91061,2632,CS,MBC
14244,94.0,91063,1226,ME,OC
14245,94.0,91064,2610,EC,MBC
14246,94.0,91065,3848,ME,OC
14247,94.0,91066,3860,CS,OC
14248,94.0,91068,2628,CS,OC
14249,94.0,91069,2632,CS,SC
14250,94.0,91071,2661,IT,BC
14251,94.0,91072,2683,BM,SC
14252,94.0,91074,1421,CS,MBC
14253,94.0,91076,2648,CS,OC
14254,94.0,91077,1401,CH,OC
14255,94.0,91079,5919,BT,BC
14256,94.0,91082,3806,CS,BC
14257,94.0,91084,1325,IT,MBC
14258,94.0,91086,2707,EC,BC
14259,94.0,91090,2627,BT,SC
14260,94.0,91091,1505,AE,OC
14261,94.0,91092,2625,BM,SCA
14262,94.0,91093,3905,EE,BC
14263,94.0,91094,2762,AD,SC
14264,94.0,91095,2345,CS,BC
14265,94.0,91096,4680,CS,MBC
14266,94.0,91097,3803,EC,BC
14267,94.0,91098,3806,CS,BCM
14268,94.0,91100,2608,ME,BC
14269,94.0,91102,4964,CS,BC
14270,94.0,91104,2657,CE,OC
14271,94.0,91106,2683,AG,OC
14272,94.0,91108,1118,ME,SC
14273,94.0,91109,2726,EC,BC
14274,94.0,91111,2622,ME,BC
14275,94.0,91113,2345,ME,OC
14276,94.0,91115,2636,EC,SC
14277,94.0,91116,2755,CS,OC
14278,94.0,91117,2622,IT,MBC
14279,94.0,91118,1118,CS,SC
14280,94.0,91120,2624,EE,OC
14281,94.0,91121,3826,EC,SC
14282,94.0,91122,2636,CS,MBC
14283,94.0,91123,2743,EC,OC
14284,94.0,91124,4864,ME,OC
14285,94.0,91125,2646,EC,OC
14286,94.0,91126,4993,RM,OC
14287,94.0,91127,1421,CE,OC
14288,94.0,91129,3826,ME,MBC
14289,94.0,91131,2735,AD,MBC
14290,94.0,91132,1228,BM,MBC
14291,94.0,91133,5921,CS,BC
14292,94.0,91134,2621,EC,OC
14293,94.0,91135,4952,CS,OC
14294,94.0,91136,4970,CE,OC
14295,94.0,91137,1422,AG,BCM
14296,94.0,91138,1422,ME,BC
14297,94.0,91139,3805,CE,OC
14298,94.0,91140,2721,EC,OC
14299,94.0,91142,3021,CS,SC
14300,94.0,91143,1316,MZ,OC
14301,94.0,91144,1149,EC,MBC
14302,94.0,91145,1213,IT,OC
14303,94.0,91146,2706,ME,BC
14304,94.0,91147,4955,ME,SCA
14305,94.0,91148,1408,IT,MBC
14306,94.0,91149,2751,CS,MBC
14307,94.0,91151,3804,BM,SC
14308,94.0,91152,3701,EE,OC
14309,94.0,91156,1026,ME,MBC
14310,94.0,91158,2744,CS,SC
14311,94.0,91161,2625,CS,OC
14312,94.0,91162,4970,EE,OC
14313,94.0,91163,1411,BT,OC
14314,94.0,91164,2702,AG,SC
14315,94.0,91166,3410,EC,BC
14316,94.0,91167,5,BD,BC
14317,94.0,91168,2623,CS,OC
14318,94.0,91169,3920,EE,OC
14319,94.0,91170,3829,ME,OC
14320,94.0,91171,2705,IT,OC
14321,94.0,91175,2345,CS,SC
14322,94.0,91176,2659,BM,BC
14323,94.0,91177,3843,EC,BC
14324,94.0,91178,4955,EC,SC
14325,94.0,91183,5502,CS,OC
14326,94.0,91184,3806,CS,MBC
14327,94.0,91185,3908,CS,BCM
14328,94.0,91186,1512,EC,OC
14329,94.0,91187,2611,AE,OC
14330,94.0,91188,1424,EE,OC
14331,94.0,91191,4669,EE,OC
14332,94.0,91192,3817,ME,OC
14333,94.0,91194,2636,CE,OC
14334,94.0,91197,2635,CS,OC
14335,94.0,91198,1525,ME,OC
14336,94.0,91199,3803,ME,OC
14337,94.0,91200,4931,EE,OC
14338,94.0,91201,2601,CE,OC
14339,94.0,91202,2721,CE,OC
14340,94.0,91204,5935,AU,OC
14341,94.0,91205,4954,EE,OC
14342,94.0,91206,4969,EC,OC
14343,94.0,91207,1509,IT,OC
14344,94.0,91209,3803,IT,BCM
14345,94.0,91211,2621,ME,OC
14346,94.0,91212,1126,RM,SC
14347,94.0,91213,2708,AU,OC
14348,94.0,91215,2621,IT,BC
14349,94.0,91219,5915,CS,BC
14350,94.0,91221,2630,CS,MBC
14351,94.0,91222,2741,EC,OC
14352,94.0,91225,1126,AD,ST
14353,94.0,91226,2776,AG,BC
14354,94.0,91227,2328,CS,MBC
14355,94.0,91229,3806,IT,BCM
14356,94.0,91230,1432,EC,BC
14357,94.0,91231,1442,CS,OC
14358,94.0,91232,3905,EC,OC
14359,94.0,91233,1426,CS,OC
14360,94.0,91234,2715,CH,BC
14361,94.0,91236,4955,EE,OC
14362,94.0,91237,2627,CS,SC
14363,94.0,91238,4999,EC,OC
14364,94.0,91239,2727,CE,OC
14365,94.0,91240,5988,EC,OC
14366,94.0,91242,3847,BT,SC
14367,94.0,91244,1422,CE,OC
14368,94.0,91245,5530,AU,OC
14369,94.0,91246,1605,EC,OC
14370,94.0,91248,2607,EC,MBC
14371,94.0,91250,2665,CS,OC
14372,94.0,91253,1513,CE,OC
14373,94.0,91254,2726,MZ,BC
14374,94.0,91255,5986,ME,SC
14375,94.0,91256,2639,CS,MBC
14376,94.0,91257,4864,CS,BC
14377,94.0,91259,1442,CS,MBC
14378,94.0,91260,3820,ME,OC
14379,94.0,91262,1523,IT,MBC
14380,94.0,91264,1225,EC,MBC
14381,94.0,91265,2750,EC,SC
14382,94.0,91266,1501,ME,OC
14383,94.0,91267,5,EE,MBC
14384,94.0,91270,2713,EC,OC
14385,94.0,91272,3464,CE,MBC
14386,94.0,91273,1421,EC,OC
14387,94.0,91274,2610,AD,MBC
14388,94.0,91275,5022,EE,OC
14389,94.0,91276,3860,EE,OC
14390,94.0,91277,2329,IT,MBC
14391,94.0,91278,3805,ME,OC
14392,94.0,91279,1106,CS,OC
14393,94.0,91280,1230,CS,BC
14394,94.0,91282,2601,CH,MBC
14395,94.0,91283,1241,CS,OC
14396,94.0,91284,2608,ME,BC
14397,94.0,91285,2641,EC,OC
14398,94.0,91286,1431,EE,OC
14399,94.0,91287,2755,CS,OC
14400,94.0,91288,3805,CS,MBC
14401,94.0,91290,5990,CS,OC
14402,94.0,91292,2618,BM,SC
14403,94.0,91293,2622,CS,SC
14404,94.0,91295,1408,EC,OC
14405,94.0,91297,2683,ME,OC
14406,94.0,91298,5017,EE,OC
14407,94.0,91299,4965,EE,BC
14408,94.0,91305,2665,ME,OC
14409,94.0,91306,2708,EC,BC
14410,94.0,91307,2758,EC,OC
14411,94.0,91308,2762,EC,OC
14412,94.0,91309,1118,IT,SC
14413,94.0,91310,2707,IT,BC
14414,94.0,91311,1504,EC,MBC
14415,94.0,91312,5914,CS,SCA
14416,94.0,91313,5010,CE,BC
14417,94.0,91314,3806,CS,BC
14418,94.0,91315,2357,CS,BC
14419,94.0,91317,2329,AD,BC
14420,94.0,91320,5010,CE,SC
14421,94.0,91321,2731,PD,OC
14422,94.0,91323,2606,CS,SC
14423,94.0,91324,2624,EC,OC
14424,94.0,91326,2329,CS,MBC
14425,94.0,91328,2733,EC,OC
14426,94.0,91331,2755,CS,BC
14427,94.0,91332,4955,ME,SC
14428,94.0,91333,1306,EC,MBC
14429,94.0,91336,1303,IT,SC
14430,94.0,91337,2608,ME,BC
14431,94.0,91338,5910,CE,BC
14432,94.0,91339,4949,IN,OC
14433,94.0,91341,5910,CE,BC
14434,94.0,91342,2367,CS,OC
14435,94.0,91344,2367,CS,OC
14436,94.0,91345,2706,EE,BCM
14437,94.0,91347,3805,CS,SC
14438,94.0,91351,2611,AG,BC
14439,94.0,91352,2750,EC,SC
14440,94.0,91353,5915,EC,OC
14441,94.0,91355,2610,CY,SC
14442,94.0,91358,2776,CS,OC
14443,94.0,91360,3805,CS,BC
14444,94.0,91362,4952,CS,OC
14445,94.0,91363,5703,EC,MBC
14446,94.0,91364,3819,EE,MBC
14447,94.0,91365,2611,CS,MBC
14448,94.0,91366,2659,EE,OC
14449,94.0,91367,3811,CS,BCM
14450,94.0,91369,4934,CS,OC
14451,94.0,91371,3812,EC,OC
14452,94.0,91373,2657,BT,OC
14453,94.0,91374,2607,AD,BC
14454,94.0,91377,2625,IT,OC
14455,94.0,91378,1407,CS,OC
14456,94.0,91379,5533,CE,OC
14457,94.0,91380,2609,AG,BC
14458,94.0,91381,1325,CS,BC
14459,94.0,91382,1230,CS,BC
14460,94.0,91384,2607,ME,OC
14461,94.0,91390,3805,CS,BC
14462,94.0,91391,2624,CS,MBC
14463,94.0,91392,4670,CE,SC
14464,94.0,91393,1238,CS,BC
14465,94.0,91394,4949,MZ,OC
14466,94.0,91398,2727,IT,BCM
14467,94.0,91399,2614,TX,BC
14468,94.0,91401,4962,ME,BC
14469,94.0,91405,4989,EC,OC
14470,94.0,91406,1015,ME,OC
14471,94.0,91408,1412,CS,MBC
14472,94.0,91409,2341,BM,OC
14473,94.0,91410,1228,BM,SC
14474,94.0,91411,1241,EC,OC
14475,94.0,91412,3843,EC,SC
14476,94.0,91414,1122,ME,OC
14477,94.0,91417,4978,BT,OC
14478,94.0,91418,4917,BM,MBC
14479,94.0,91421,5865,EC,BC
14480,94.0,91424,1325,EC,MBC
14481,94.0,91426,2628,CS,OC
14482,94.0,91427,1523,CS,MBC
14483,94.0,91429,2609,CH,OC
14484,94.0,91430,5902,CS,SC
14485,94.0,91431,2601,ME,OC
14486,94.0,91432,4944,EC,BC
14487,94.0,91434,3805,BM,BC
14488,94.0,91435,1420,ME,OC
14489,94.0,91436,2345,EC,MBC
14490,94.0,91438,3905,EC,OC
14491,94.0,91439,2726,EE,OC
14492,94.0,91441,2369,CE,SC
14493,94.0,91443,1207,EC,OC
14494,94.0,91445,2611,FD,BC
14495,94.0,91446,2640,CS,OC
14496,94.0,91450,4945,EC,OC
14497,94.0,91451,3803,EE,MBC
14498,94.0,91452,2632,ME,OC
14499,94.0,91453,2722,IT,SC
14500,94.0,91455,1322,CS,BCM
14501,94.0,91456,2623,CS,OC
14502,94.0,91458,5907,ME,OC
14503,94.0,91460,4954,EE,OC
14504,94.0,91461,3918,CE,OC
14505,94.0,91463,5,CZ,OC
14506,94.0,91464,2709,CE,BC
14507,94.0,91466,4966,CS,SC
14508,94.0,91468,1110,CS,MBC
14509,94.0,91470,2607,AD,BC
14510,94.0,91472,2357,EE,BC
14511,94.0,91474,3806,CE,OC
14512,94.0,91475,3831,EC,OC
14513,94.0,91477,2708,EC,BCM
14514,94.0,91478,3805,CS,MBC
14515,94.0,91480,4993,ME,OC
14516,94.0,91482,2762,AD,BC
14517,94.0,91483,1304,ME,BC
14518,94.0,91488,1412,CS,BC
14519,94.0,91489,4965,CS,MBC
14520,94.0,91492,2764,AD,SC
14521,94.0,91496,2346,EE,OC
14522,94.0,91497,3806,CE,OC
14523,94.0,91498,1216,EI,OC
14524,94.0,91499,1409,EE,OC
14525,94.0,91500,3021,EE,OC
14526,94.0,91502,1114,ME,OC
14527,94.0,91503,2622,CH,SC
14528,94.0,91505,3805,CS,BC
14529,94.0,91508,3425,CE,OC
14530,94.0,91509,1202,IT,BC
14531,94.0,91510,2665,PD,OC
14532,94.0,91512,2721,CS,MBC
14533,94.0,91513,4948,CS,OC
14534,94.0,91514,4965,EE,BC
14535,94.0,91515,5915,CS,BC
14536,94.0,91518,5703,CS,OC
14537,94.0,91519,4961,CS,OC
14538,94.0,91520,4676,CS,MBC
14539,94.0,91521,2611,AG,SC
14540,94.0,91522,1303,IT,SC
14541,94.0,91523,1441,CS,OC
14542,94.0,91524,2329,IT,MBC
14543,94.0,91525,2623,CS,OC
14544,94.0,91526,2722,CE,SCA
14545,94.0,91527,1015,EE,SC
14546,94.0,91529,4978,BM,SC
14547,94.0,91530,5904,IT,MBC
14548,93.8,91533,2608,ME,BC
14549,93.5,91535,2350,CE,OC
14550,93.5,91537,1015,EE,MBC
14551,93.5,91539,1207,RM,OC
14552,93.5,91540,1422,EC,SC
14553,93.5,91541,2611,CE,OC
14554,93.5,91542,3831,IT,SC
14555,93.5,91543,1407,CS,OC
14556,93.5,91545,2733,FT,OC
14557,93.5,91549,2758,IT,OC
14558,93.5,91551,3905,ME,OC
14559,93.5,91552,2624,FD,OC
14560,93.5,91553,2722,ME,OC
14561,93.5,91554,1106,IT,OC
14562,93.5,91556,2620,EE,OC
14563,93.5,91557,1225,EC,BC
14564,93.5,91558,3795,ME,OC
14565,93.5,91559,2750,EC,SC
14566,93.5,91560,1504,CS,MBC
14567,93.5,91562,2739,IT,SC
14568,93.5,91563,4676,EC,SC
14569,93.5,91567,1422,IT,SC
14570,93.5,91568,5902,ME,OC
14571,93.5,91569,2744,IT,MBC
14572,93.5,91570,3425,CE,OC
14573,93.5,91572,2634,AG,BC
14574,93.5,91573,2610,ME,OC
14575,93.5,91575,4998,EE,OC
14576,93.5,91577,2611,AE,OC
14577,93.5,91578,4955,CE,OC
14578,93.5,91581,5536,EC,MBC
14579,93.5,91582,2632,EE,OC
14580,93.5,91584,2622,BM,BCM
14581,93.5,91585,1420,AE,OC
14582,93.5,91586,4931,ME,OC
14583,93.5,91587,1233,EC,MBC
14584,93.5,91588,3805,IT,SC
14585,93.5,91589,2329,BT,MBC
14586,93.5,91590,3760,EE,OC
14587,93.5,91591,2750,AE,BCM
14588,93.5,91592,4686,CS,OC
14589,93.5,91594,3805,ME,OC
14590,93.5,91596,2611,AE,OC
14591,93.5,91597,5904,ME,OC
14592,93.5,91599,2611,EE,SC
14593,93.5,91600,4933,EC,OC
14594,93.5,91601,4917,CH,BC
14595,93.5,91602,2750,ME,MBC
14596,93.5,91604,3011,CE,SC
14597,93.5,91605,2753,BM,MBC
14598,93.5,91607,4970,CS,BC
14599,93.5,91608,5915,ME,OC
14600,93.5,91609,1325,CS,MBC
14601,93.5,91610,3425,CE,OC
14602,93.5,91612,4975,ME,OC
14603,93.5,91613,2707,IT,SC
14604,93.5,91615,2611,CH,OC
14605,93.5,91620,2652,EE,OC
14606,93.5,91621,2347,EC,OC
14607,93.5,91624,3843,EC,ST
14608,93.5,91625,3801,IT,BC
14609,93.5,91628,1504,CS,MBC
14610,93.5,91630,1512,IT,OC
14611,93.5,91631,2708,EE,BC
14612,93.5,91632,3826,EE,SC
14613,93.5,91633,2722,IT,SC
14614,93.5,91634,2741,ME,OC
14615,93.5,91636,2740,ME,OC
14616,93.5,91637,5988,CS,BC
14617,93.5,91638,2611,IT,SC
14618,93.5,91639,5,EE,SC
14619,93.5,91640,3459,CS,BC
14620,93.5,91642,1216,EC,SC
14621,93.5,91643,2611,CS,SC
14622,93.5,91644,2747,EC,OC
14623,93.5,91645,3410,CS,BC
14624,93.5,91648,1216,EC,ST
14625,93.5,91651,1229,CS,OC
14626,93.5,91652,2749,PE,OC
14627,93.5,91654,2741,CS,BC
14628,93.5,91655,4023,EE,MBC
14629,93.5,91657,2743,EC,OC
14630,93.5,91658,2621,CE,OC
14631,93.5,91659,1523,PE,OC
14632,93.5,91660,2618,CE,BC
14633,93.5,91664,1243,ME,OC
14634,93.5,91665,3458,AG,MBC
14635,93.5,91666,1501,CS,BC
14636,93.5,91667,3459,ME,OC
14637,93.5,91668,2601,EE,OC
14638,93.5,91669,4964,ME,OC
14639,93.5,91670,2723,EC,SC
14640,93.5,91671,3805,CS,BC
14641,93.5,91672,4680,EC,BC
14642,93.5,91673,3908,CS,BC
14643,93.5,91674,3841,CS,SC
14644,93.5,91675,2634,CE,OC
14645,93.5,91677,3805,CH,OC
14646,93.5,91679,4928,CS,BC
14647,93.5,91680,3825,CS,BC
14648,93.5,91681,3843,EC,MBC
14649,93.5,91682,3804,BM,MBC
14650,93.5,91687,3805,CS,BC
14651,93.5,91688,1412,CS,MBC
14652,93.5,91690,1207,CS,MBC
14653,93.5,91692,3760,EE,OC
14654,93.5,91695,5904,AU,OC
14655,93.5,91696,2646,CS,SCA
14656,93.5,91697,4928,ME,OC
14657,93.5,91698,1414,EC,BC
14658,93.5,91699,3847,CH,OC
14659,93.5,91700,3425,EE,BC
14660,93.5,91702,2357,ME,MBC
14661,93.5,91703,1408,CS,MBC
14662,93.5,91704,1519,ME,OC
14663,93.5,91706,1434,AE,OC
14664,93.5,91707,3425,EE,MBC
14665,93.5,91708,2652,EC,BCM
14666,93.5,91709,1217,CS,OC
14667,93.5,91710,3819,IC,MBC
14668,93.5,91711,2719,CS,SCA
14669,93.5,91712,5530,ME,OC
14670,93.5,91713,2622,CS,SC
14671,93.5,91716,5703,IT,MBC
14672,93.5,91718,4989,CS,OC
14673,93.5,91719,1325,EC,BC
14674,93.5,91720,4954,ME,OC
14675,93.5,91721,5902,EE,OC
14676,93.5,91723,2610,BM,BC
14677,93.5,91724,4993,EC,OC
14678,93.5,91726,2659,EC,BC
14679,93.5,91728,4953,CS,BC
14680,93.5,91729,1316,CS,BC
14681,93.5,91730,2736,CS,SC
14682,93.5,91731,1015,EC,MBC
14683,93.5,91733,4024,GI,OC
14684,93.5,91734,3825,CS,BC
14685,93.5,91735,4917,EE,BCM
14686,93.5,91736,4864,ME,OC
14687,93.5,91737,3458,AG,MBC
14688,93.5,91739,3458,PE,OC
14689,93.5,91740,2621,IT,MBC
14690,93.5,91741,2628,AD,MBC
14691,93.5,91742,3812,IT,OC
14692,93.5,91745,2629,RM,OC
14693,93.5,91746,2327,EC,OC
14694,93.5,91747,2723,BM,SC
14695,93.5,91748,5533,ME,OC
14696,93.5,91750,4917,EE,BC
14697,93.5,91754,2347,ME,OC
14698,93.5,91756,1317,CH,SC
14699,93.5,91758,4974,ME,SCA
14700,93.5,91759,5536,CS,OC
14701,93.5,91760,1419,PR,BC
14702,93.5,91761,4955,EE,OC
14703,93.5,91762,2661,IT,MBC
14704,93.5,91763,5502,EC,OC
14705,93.5,91764,2743,CS,SC
14706,93.5,91766,2606,CS,MBC
14707,93.5,91767,1409,CS,OC
14708,93.5,91769,2623,CS,OC
14709,93.5,91770,2708,AE,MBC
14710,93.5,91771,1303,ME,OC
14711,93.5,91772,3926,EE,OC
14712,93.5,91774,3766,CS,OC
14713,93.5,91775,4669,EE,OC
14714,93.5,91776,2736,EC,BC
14715,93.5,91777,4670,CS,MBC
14716,93.5,91778,4968,EC,OC
14717,93.5,91779,4670,ME,BC
14718,93.5,91781,4670,CE,BC
14719,93.5,91782,2314,AG,MBC
14720,93.5,91783,2706,ME,BC
14721,93.5,91785,2743,AD,BC
14722,93.5,91786,1233,EC,BC
14723,93.5,91787,2762,CS,BC
14724,93.5,91788,4023,EE,BC
14725,93.5,91789,5915,CS,SC
14726,93.5,91790,1128,ME,BC
14727,93.5,91793,3857,CS,OC
14728,93.5,91794,3456,CS,OC
14729,93.5,91795,3826,ME,MBC
14730,93.5,91797,3905,EE,BC
14731,93.5,91798,1015,EC,BC
14732,93.5,91799,3812,ME,OC
14733,93.5,91800,4960,CE,MBC
14734,93.5,91802,2611,ME,OC
14735,93.5,91804,1520,EE,OC
14736,93.5,91805,1225,EC,BCM
14737,93.5,91806,3841,ME,OC
14738,93.5,91807,1202,ME,OC
14739,93.5,91808,5,ME,BC
14740,93.5,91811,2622,ME,SCA
14741,93.5,91812,2638,EE,OC
14742,93.5,91813,2707,BM,SC
14743,93.5,91814,5502,ME,OC
14744,93.5,91816,2622,EC,SC
14745,93.5,91818,2726,AG,BC
14746,93.5,91819,2776,AG,SC
14747,93.5,91821,2707,EI,SC
14748,93.5,91822,2651,FT,OC
14749,93.5,91823,2702,AU,MBC
14750,93.5,91824,1421,CS,MBC
14751,93.5,91825,5,CE,MBC
14752,93.5,91826,2706,EE,MBC
14753,93.5,91827,2610,RM,OC
14754,93.5,91829,3806,EC,OC
14755,93.5,91830,2721,EE,OC
14756,93.5,91831,2743,AD,BC
14757,93.5,91832,2627,CS,MBC
14758,93.5,91833,3812,ME,OC
14759,93.5,91834,3795,ME,OC
14760,93.5,91836,1421,EE,OC
14761,93.5,91837,3847,BT,MBC
14762,93.5,91838,3920,EC,OC
14763,93.5,91840,4670,EE,BC
14764,93.5,91841,2743,FD,OC
14765,93.5,91842,1322,IT,OC
14766,93.5,91843,1126,CS,OC
14767,93.5,91844,2707,CS,SCA
14768,93.5,91846,2707,BM,SC
14769,93.5,91847,2608,EC,MBC
14770,93.5,91848,3766,CS,OC
14771,93.5,91849,4917,EE,MBC
14772,93.5,91851,1421,CS,SC
14773,93.5,91852,2716,IT,BC
14774,93.5,91853,4670,ME,BCM
14775,93.5,91855,3410,EC,MBC
14776,93.5,91856,2743,AD,BC
14777,93.5,91859,4980,EC,OC
14778,93.5,91860,1402,EC,OC
14779,93.5,91861,2369,EE,SCA
14780,93.5,91862,3811,EE,OC
14781,93.5,91863,3819,CS,SC
14782,93.5,91864,1324,AD,SC
14783,93.5,91865,4982,CS,OC
14784,93.5,91866,4955,EC,SC
14785,93.5,91867,4961,EE,OC
14786,93.5,91868,2610,EC,BC
14787,93.5,91869,2620,EE,MBC
14788,93.5,91870,2763,EC,BC
14789,93.5,91872,5502,ME,MBC
14790,93.5,91874,2611,AG,BC
14791,93.5,91875,1402,EC,OC
14792,93.5,91878,3410,CE,OC
14793,93.5,91879,5536,EC,BC
14794,93.5,91880,2357,CS,MBC
14795,93.5,91882,2620,TS,SC
14796,93.5,91883,2661,CS,SC
14797,93.5,91884,1421,EE,OC
14798,93.5,91885,4670,EE,BC
14799,93.5,91888,2659,EC,MBC
14800,93.5,91891,1402,ME,OC
14801,93.5,91893,5921,CS,BC
14802,93.5,91894,2607,FD,MBC
14803,93.5,91895,2610,IT,MBC
14804,93.5,91896,4928,EC,OC
14805,93.5,91897,2642,IT,OC
14806,93.5,91898,4959,CS,SC
14807,93.5,91900,4944,CS,MBC
14808,93.5,91903,1122,AD,SC
14809,93.5,91904,3466,CS,OC
14810,93.5,91905,1411,CS,OC
14811,93.5,91907,2612,CS,OC
14812,93.5,91908,4984,ME,OC
14813,93.5,91909,2729,CS,SC
14814,93.5,91910,2707,CS,BC
14815,93.5,91911,2723,ME,MBC
14816,93.5,91912,2622,BM,BCM
14817,93.5,91914,4949,CS,OC
14818,93.5,91915,2743,FD,OC
14819,93.5,91917,3803,CS,SC
14820,93.5,91918,3766,CS,OC
14821,93.5,91919,2607,TX,MBC
14822,93.5,91921,2729,CS,MBC
14823,93.5,91922,2744,IT,MBC
14824,93.5,91925,2702,AU,MBC
14825,93.5,91926,2607,ME,OC
14826,93.5,91927,3829,IT,BC
14827,93.5,91928,3806,CB,OC
14828,93.5,91929,2633,CS,OC
14829,93.5,91930,3806,BM,BC
14830,93.5,91931,5921,EE,OC
14831,93.5,91934,1408,EC,OC
14832,93.5,91935,4676,EC,MBC
14833,93.5,91936,2651,FT,BC
14834,93.5,91937,3786,CS,SCA
14835,93.5,91938,2607,CE,OC
14836,93.5,91940,2652,EC,SCA
14837,93.5,91941,2652,EC,SC
14838,93.5,91942,2710,ET,BCM
14839,93.5,91943,4957,IT,SC
14840,93.5,91944,2349,FD,OC
14841,93.5,91946,3829,CE,OC
14842,93.5,91948,2726,EC,MBC
14843,93.5,91950,2716,AE,OC
14844,93.5,91951,5,IT,BC
14845,93.5,91953,2345,EC,BC
14846,93.5,91955,2607,ME,OC
14847,93.5,91957,2625,CH,OC
14848,93.5,91958,2764,CE,BC
14849,93.5,91960,4970,CS,MBC
14850,93.5,91962,3461,CS,OC
14851,93.5,91963,3908,CS,BC
14852,93.5,91967,3807,EC,OC
14853,93.5,91971,3843,ME,OC
14854,93.5,91972,2614,TX,MBC
14855,93.5,91976,2708,EC,BC
14856,93.5,91977,2641,ME,OC
14857,93.5,91978,1301,EE,OC
14858,93.5,91980,2349,CS,MBC
14859,93.5,91981,2610,EC,MBC
14860,93.5,91983,5009,EE,SC
14861,93.5,91984,2707,BM,SC
14862,93.5,91985,2646,ME,OC
14863,93.5,91988,4999,CS,OC
14864,93.5,91989,3805,AD,SC
14865,93.5,91990,3795,CS,SC
14866,93.5,91991,5,CH,SC
14867,93.5,91992,5832,CS,SC
14868,93.5,91993,2642,CE,OC
14869,93.5,91995,2627,BT,BC
14870,93.5,91996,2636,EC,MBC
14871,93.5,91997,2611,BM,SC
14872,93.5,91998,2613,CE,OC
14873,93.5,91999,1424,EC,OC
14874,93.5,92002,3464,CE,MBC
14875,93.5,92003,4928,EC,OC
14876,93.5,92004,5930,CS,MBC
14877,93.5,92006,4953,EE,OC
14878,93.5,92008,2743,CS,BC
14879,93.5,92009,2607,CB,OC
14880,93.5,92011,5536,CS,OC
14881,93.5,92013,2622,EE,MBC
14882,93.5,92014,2716,IT,BC
14883,93.5,92015,3801,EC,MBC
14884,93.5,92016,1422,AG,MBC
14885,93.5,92019,3826,EE,SC
14886,93.5,92020,1424,ME,OC
14887,93.5,92021,4928,ME,OC
14888,93.5,92022,4670,ME,BC
14889,93.5,92023,2314,CS,BC
14890,93.5,92025,1128,EC,MBC
14891,93.5,92026,1431,EC,OC
14892,93.5,92030,1309,CE,BC
14893,93.5,92032,4946,ME,OC
14894,93.5,92033,3926,CS,OC
14895,93.5,92034,2729,CS,MBC
14896,93.5,92037,4917,CS,MBC
14897,93.5,92038,1422,ME,BC
14898,93.5,92040,1110,ME,OC
14899,93.5,92042,2328,CS,BC
14900,93.5,92044,1325,ME,OC
14901,93.5,92047,1510,CS,MBC
14902,93.5,92050,1210,ME,OC
14903,93.5,92052,2711,CE,MBC
14904,93.5,92053,2659,BM,MBC
14905,93.5,92057,4953,EE,OC
14906,93.5,92059,5536,EC,BC
14907,93.5,92060,4670,CE,BC
14908,93.5,92062,1408,CS,BC
14909,93.5,92063,5832,EE,OC
14910,93.5,92064,2751,ME,OC
14911,93.5,92065,4928,ME,OC
14912,93.5,92066,1128,EC,MBC
14913,93.5,92067,1207,IT,OC
14914,93.5,92068,4962,CE,BC
14915,93.5,92070,1118,EC,SC
14916,93.5,92071,2740,PH,BC
14917,93.5,92072,4934,CS,OC
14918,93.5,92073,2621,IT,MBC
14919,93.5,92074,2608,CE,BC
14920,93.5,92075,4994,ME,OC
14921,93.5,92076,2745,CS,OC
14922,93.5,92077,2621,IT,BC
14923,93.5,92079,1231,CS,SC
14924,93.5,92080,1118,ME,SC
14925,93.5,92081,2625,CS,OC
14926,93.5,92082,5919,EE,OC
14927,93.5,92083,1015,EC,MBC
14928,93.5,92084,4981,CE,OC
14929,93.5,92085,1419,EC,SC
14930,93.5,92089,1114,IT,MBC
14931,93.5,92091,2609,EE,OC
14932,93.5,92092,1222,EC,OC
14933,93.5,92095,3843,CE,OC
14934,93.5,92096,4969,CS,BC
14935,93.5,92098,4680,CE,BC
14936,93.5,92100,1225,IT,MBC
14937,93.5,92102,3011,CE,MBC
14938,93.5,92105,1207,EC,OC
14939,93.5,92107,3804,CE,OC
14940,93.5,92109,2601,AE,OC
14941,93.5,92110,5,IT,SC
14942,93.5,92110,3021,ME,OC
14943,93.5,92111,3011,CE,MBC
14944,93.5,92112,2639,ME,OC
14945,93.5,92115,1504,CE,OC
14946,93.5,92118,2665,PD,OC
14947,93.5,92120,1307,CS,MBC
14948,93.5,92121,1519,EC,OC
14949,93.5,92122,5,ME,BCM
14950,93.5,92124,5010,ME,MBC
14951,93.5,92125,1101,ME,OC
14952,93.5,92129,2727,EE,OC
14953,93.5,92130,2721,ME,OC
14954,93.5,92131,3806,CS,BCM
14955,93.5,92134,2716,BM,BC
14956,93.5,92135,4992,CS,BC
14957,93.5,92140,2661,EC,OC
14958,93.5,92141,4984,CS,BC
14959,93.5,92143,1442,BM,OC
14960,93.5,92145,1110,BT,BC
14961,93.5,92146,1431,CS,SC
14962,93.5,92148,2718,ME,SCA
14963,93.5,92151,3016,EC,OC
14964,93.5,92153,3806,IT,SC
14965,93.5,92154,4917,CE,BC
14966,93.5,92157,2357,EC,MBC
14967,93.5,92158,3804,CS,OC
14968,93.5,92159,1303,EC,OC
14969,93.5,92160,1316,IT,SC
14970,93.5,92161,5009,EE,SC
14971,93.5,92162,2755,AG,SC
14972,93.5,92163,3806,EE,BC
14973,93.5,92165,2743,FD,OC
14974,93.2,92169,2620,EE,SC
14975,93.0,92171,2609,CY,BC
14976,93.0,92173,2601,EC,MBC
14977,93.0,92174,2610,EE,BC
14978,93.0,92175,2638,EC,OC
14979,93.0,92176,5,CE,MBC
14980,93.0,92177,3021,EC,OC
14981,93.0,92178,4954,ME,OC
14982,93.0,92179,3804,CS,BC
14983,93.0,92181,4928,CS,BC
14984,93.0,92184,2338,EE,OC
14985,93.0,92185,2751,ME,OC
14986,93.0,92186,2634,BM,SC
14987,93.0,92189,3459,EC,OC
14988,93.0,92191,3814,EE,OC
14989,93.0,92192,5915,CS,BC
14990,93.0,92193,4994,EC,OC
14991,93.0,92194,2609,ME,OC
14992,93.0,92196,2752,CS,BC
14993,93.0,92197,3410,EC,BC
14994,93.0,92199,1414,EC,MBC
14995,93.0,92203,2622,EC,SC
14996,93.0,92204,1122,CS,SC
14997,93.0,92207,2610,EC,BC
14998,93.0,92208,3905,ME,OC
14999,93.0,92209,2661,IT,SCA
15000,93.0,92210,4966,CS,BC
15001,93.0,92211,4993,BM,SC
15002,93.0,92213,2641,EC,OC
15003,93.0,92215,2727,AG,BC
15004,93.0,92216,4024,EE,BC
15005,93.0,92217,3459,CS,MBC
15006,93.0,92218,1424,EE,OC
15007,93.0,92221,2650,EE,OC
15008,93.0,92222,2708,EC,BC
15009,93.0,92224,2747,CE,OC
15010,93.0,92225,3857,CS,OC
15011,93.0,92226,2620,EC,SC
15012,93.0,92230,1411,CS,OC
15013,93.0,92231,3807,ME,OC
15014,93.0,92234,5935,CS,SC
15015,93.0,92235,5022,CS,SC
15016,93.0,92237,3019,CS,SC
15017,93.0,92240,3801,CE,OC
15018,93.0,92242,2752,CS,MBC
15019,93.0,92243,2341,CE,OC
15020,93.0,92244,2354,EC,OC
15021,93.0,92245,1301,IT,BC
15022,93.0,92246,2602,MD,OC
15023,93.0,92247,2347,CS,SC
15024,93.0,92248,3801,ME,OC
15025,93.0,92249,1509,CS,BC
15026,93.0,92250,2709,AU,OC
15027,93.0,92251,1333,CS,OC
15028,93.0,92253,2610,BT,MBC
15029,93.0,92255,2609,ME,OC
15030,93.0,92256,1437,EC,OC
15031,93.0,92257,2609,IT,MBC
15032,93.0,92258,4999,CS,OC
15033,93.0,92259,2651,EC,OC
15034,93.0,92260,4992,CS,BC
15035,93.0,92261,3825,EC,OC
15036,93.0,92262,2620,TS,BC
15037,93.0,92263,2731,CS,BC
15038,93.0,92264,4934,CS,OC
15039,93.0,92266,3826,CS,SC
15040,93.0,92267,3819,CS,SC
15041,93.0,92269,2611,CE,OC
15042,93.0,92271,5009,ME,SC
15043,93.0,92272,3846,CS,OC
15044,93.0,92273,3425,EC,BC
15045,93.0,92274,2707,CS,BC
15046,93.0,92275,3817,ME,OC
15047,93.0,92276,1301,CS,BC
15048,93.0,92277,2611,CS,BC
15049,93.0,92278,2634,FD,SC
15050,93.0,92279,2357,ME,SC
15051,93.0,92282,4994,EC,OC
15052,93.0,92283,1304,ME,MBC
15053,93.0,92284,2707,CH,BC
15054,93.0,92286,1309,CE,BC
15055,93.0,92286,3021,EC,OC
15056,93.0,92287,2763,CS,BC
15057,93.0,92288,2729,CS,MBC
15058,93.0,92289,1408,ME,OC
15059,93.0,92290,2612,EE,OC
15060,93.0,92291,3425,ME,SC
15061,93.0,92292,2715,CE,OC
15062,93.0,92294,2710,ME,BC
15063,93.0,92296,2705,CS,BC
15064,93.0,92297,2632,EC,OC
15065,93.0,92298,1442,CS,MBC
15066,93.0,92299,2747,CS,MBC
15067,93.0,92300,2349,RM,OC
15068,93.0,92301,1116,CS,SC
15069,93.0,92302,2707,CH,MBC
15070,93.0,92303,2357,CS,BC
15071,93.0,92304,3826,ME,SC
15072,93.0,92306,3425,ME,SC
15073,93.0,92308,1226,ME,OC
15074,93.0,92309,1241,CS,OC
15075,93.0,92311,4934,EC,OC
15076,93.0,92312,2627,EC,OC
15077,93.0,92314,2723,CE,BC
15078,93.0,92315,1127,CE,OC
15079,93.0,92316,5,ME,SC
15080,93.0,92317,1122,CE,OC
15081,93.0,92318,2710,ME,BC
15082,93.0,92319,3806,CS,BC
15083,93.0,92320,2665,CS,OC
15084,93.0,92325,2747,EC,OC
15085,93.0,92326,2329,ME,BC
15086,93.0,92329,4965,EE,BC
15087,93.0,92331,2683,EE,OC
15088,93.0,92333,2609,ME,OC
15089,93.0,92334,2624,EC,OC
15090,93.0,92335,5915,CS,MBC
15091,93.0,92336,3805,EC,OC
15092,93.0,92338,5,EE,MBC
15093,93.0,92339,1525,CS,OC
15094,93.0,92340,4952,CS,OC
15095,93.0,92341,5930,EC,OC
15096,93.0,92342,1140,CS,SC
15097,93.0,92343,3464,CS,SCA
15098,93.0,92344,4994,EE,OC
15099,93.0,92346,1407,BM,BC
15100,93.0,92347,2614,EC,OC
15101,93.0,92348,3805,PH,SC
15102,93.0,92349,1316,ME,OC
15103,93.0,92351,1322,IT,SC
15104,93.0,92352,4959,EE,SC
15105,93.0,92353,4955,ME,BC
15106,93.0,92354,2713,EE,OC
15107,93.0,92355,2636,CS,MBC
15108,93.0,92356,3833,CS,BC
15109,93.0,92359,2752,CS,BC
15110,93.0,92360,3843,EC,MBC
15111,93.0,92361,3805,ME,OC
15112,93.0,92362,2342,CS,SC
15113,93.0,92363,5930,ME,OC
15114,93.0,92364,4669,EE,OC
15115,93.0,92365,3825,ME,OC
15116,93.0,92366,1311,AU,OC
15117,93.0,92367,2776,CS,SC
15118,93.0,92368,5532,EE,MBC
15119,93.0,92369,4993,IT,SC
15120,93.0,92370,2646,CS,MBC
15121,93.0,92371,2609,CS,MBC
15122,93.0,92373,2659,EC,MBC
15123,93.0,92374,4929,EC,OC
15124,93.0,92375,4670,EE,BC
15125,93.0,92376,2342,EC,OC
15126,93.0,92377,2608,CE,BC
15127,93.0,92378,4669,CE,OC
15128,93.0,92379,4993,CS,OC
15129,93.0,92380,2715,BM,MBC
15130,93.0,92381,4917,ME,OC
15131,93.0,92382,2341,BM,OC
15132,93.0,92385,3410,ME,OC
15133,93.0,92388,1507,IT,MBC
15134,93.0,92391,3786,AE,OC
15135,93.0,92392,2727,AG,BC
15136,93.0,92395,1507,CS,BC
15137,93.0,92396,2659,BM,SC
15138,93.0,92397,5935,ME,OC
15139,93.0,92398,3821,CS,OC
15140,93.0,92399,2715,EE,BC
15141,93.0,92400,3459,EC,OC
15142,93.0,92404,2338,BM,OC
15143,93.0,92408,2713,CS,BC
15144,93.0,92409,1420,IT,OC
15145,93.0,92410,1309,CS,SCA
15146,93.0,92411,2715,EE,BC
15147,93.0,92412,2314,AG,MBC
15148,93.0,92413,2643,EC,OC
15149,93.0,92415,2610,IT,MBC
15150,93.0,92416,3425,ME,MBC
15151,93.0,92417,1501,CS,MBC
15152,93.0,92418,2683,AG,OC
15153,93.0,92420,2327,CS,OC
15154,93.0,92421,5832,ME,OC
15155,93.0,92422,2708,ME,OC
15156,93.0,92423,2347,CS,BCM
15157,93.0,92426,2618,FT,MBC
15158,93.0,92427,2727,ME,OC
15159,93.0,92428,2659,EE,OC
15160,93.0,92429,1452,EC,MBC
15161,93.0,92432,2707,IT,SC
15162,93.0,92433,4962,ME,MBC
15163,93.0,92434,4953,ME,OC
15164,93.0,92435,2360,CS,MBC
15165,93.0,92438,4672,EC,BC
15166,93.0,92439,3782,CS,OC
15167,93.0,92441,5832,CS,SC
15168,93.0,92446,2707,BM,SC
15169,93.0,92447,2740,ME,OC
15170,93.0,92448,2347,CS,SC
15171,93.0,92449,2609,CS,BC
15172,93.0,92450,2601,IT,SC
15173,93.0,92451,2735,EE,SC
15174,93.0,92452,2727,AG,BC
15175,93.0,92453,2725,EE,OC
15176,93.0,92455,2657,SF,OC
15177,93.0,92456,2345,ME,OC
15178,93.0,92457,3843,EE,SC
15179,93.0,92459,3826,ME,MBC
15180,93.0,92463,1424,PE,OC
15181,93.0,92464,1421,CS,BC
15182,93.0,92467,2611,MC,OC
15183,93.0,92469,2625,CS,OC
15184,93.0,92470,1202,EC,OC
15185,93.0,92471,3410,EE,OC
15186,93.0,92472,2621,ME,OC
15187,93.0,92473,3804,CS,BC
15188,93.0,92474,1509,IT,OC
15189,93.0,92475,3826,ME,BC
15190,93.0,92477,2715,CE,OC
15191,93.0,92478,1412,ME,OC
15192,93.0,92480,4966,EE,OC
15193,93.0,92481,5,EE,SC
15194,93.0,92482,3905,ME,OC
15195,93.0,92484,3843,EE,BC
15196,93.0,92485,1422,EE,BCM
15197,93.0,92486,4971,CS,SC
15198,93.0,92490,2345,CS,BCM
15199,93.0,92491,1126,CS,BC
15200,93.0,92492,1114,IT,MBC
15201,93.0,92494,5533,CS,OC
15202,93.0,92495,1441,EC,OC
15203,93.0,92496,5533,EE,OC
15204,93.0,92498,2708,ME,OC
15205,93.0,92501,2347,CE,OC
15206,93.0,92502,4962,CS,SC
15207,93.0,92503,4672,CS,MBC
15208,93.0,92505,2639,IT,MBC
15209,93.0,92506,4953,CS,SC
15210,93.0,92508,3830,CB,BC
15211,93.0,92509,2710,AD,SC
15212,93.0,92510,3806,EE,SC
15213,93.0,92512,3805,BM,BC
15214,93.0,92516,1150,FD,OC
15215,93.0,92517,2634,AG,SCA
15216,93.0,92519,3011,CE,MBC
15217,93.0,92521,5832,EC,OC
15218,93.0,92522,2636,CS,MBC
15219,93.0,92523,4917,BT,BC
15220,93.0,92524,4941,ME,OC
15221,93.0,92525,2650,CS,SC
15222,93.0,92526,5010,CE,SC
15223,93.0,92527,3854,CS,OC
15224,93.0,92528,2360,ME,OC
15225,93.0,92529,2341,BM,OC
15226,93.0,92530,1445,EE,OC
15227,93.0,92532,3760,EC,SC
15228,93.0,92533,3811,CS,BC
15229,93.0,92535,2711,AU,BC
15230,93.0,92536,5,IT,BCM
15231,93.0,92537,5,EI,OC
15232,93.0,92539,1510,CS,MBC
15233,93.0,92541,2641,CS,BC
15234,93.0,92542,5921,CE,OC
15235,93.0,92543,1118,ME,MBC
15236,93.0,92546,2741,EE,OC
15237,93.0,92548,4928,CS,BC
15238,93.0,92549,3805,PH,SC
15239,93.0,92550,1228,CS,OC
15240,93.0,92551,2624,CS,SCA
15241,93.0,92552,2620,EE,SC
15242,93.0,92553,2611,CE,OC
15243,93.0,92554,3795,EC,BC
15244,93.0,92555,5912,CS,OC
15245,93.0,92558,2653,CE,MBC
15246,93.0,92561,1310,CS,MBC
15247,93.0,92563,1237,EC,OC
15248,93.0,92564,3018,CS,BC
15249,93.0,92565,5919,EC,OC
15250,93.0,92566,1519,CE,OC
15251,93.0,92568,4943,ME,OC
15252,93.0,92569,2621,IT,BC
15253,93.0,92570,1217,CS,OC
15254,93.0,92571,1120,IT,SC
15255,93.0,92573,4954,EC,BC
15256,93.0,92576,4917,EE,BC
15257,93.0,92577,2642,CS,MBC
15258,93.0,92579,2328,IT,SCA
15259,93.0,92580,4965,EC,BC
15260,93.0,92581,2707,AD,SC
15261,93.0,92582,1317,ME,BC
15262,93.0,92583,3819,IC,BC
15263,93.0,92584,2357,ME,MBC
15264,93.0,92587,1505,CS,BC
15265,93.0,92588,2651,FT,SC
15266,93.0,92589,2607,NS,OC
15267,93.0,92592,3852,CS,OC
15268,93.0,92594,4982,ME,OC
15269,93.0,92597,3803,EC,BC
15270,93.0,92598,3806,CS,BC
15271,93.0,92599,2623,EE,OC
15272,93.0,92601,5919,BT,MBC
15273,93.0,92604,1401,IT,BC
15274,93.0,92605,4678,EE,BC
15275,93.0,92606,1445,CS,OC
15276,93.0,92608,2707,EC,SCA
15277,93.0,92610,3701,AD,BCM
15278,93.0,92611,2357,ME,MBC
15279,93.0,92614,1202,IT,SC
15280,93.0,92615,2601,EC,BC
15281,93.0,92616,2639,CS,BC
15282,93.0,92617,2708,EE,MBC
15283,93.0,92618,3425,ME,MBC
15284,93.0,92619,2762,AD,BC
15285,93.0,92620,2345,EC,MBC
15286,93.0,92621,3841,ME,OC
15287,93.0,92623,1237,EC,OC
15288,93.0,92624,4023,CS,MBC
15289,93.0,92625,2611,CS,BC
15290,93.0,92626,2708,CH,BC
15291,93.0,92629,5532,CS,SC
15292,93.0,92630,2640,AD,OC
15293,93.0,92632,1504,ME,OC
15294,93.0,92633,2608,ME,MBC
15295,93.0,92634,2350,CS,OC
15296,93.0,92636,4917,CS,MBC
15297,93.0,92640,1605,CS,MBC
15298,93.0,92641,1238,CS,MBC
15299,93.0,92642,2722,CE,SC
15300,93.0,92643,5865,EE,OC
15301,93.0,92644,2611,IT,BC
15302,93.0,92646,5862,BM,OC
15303,93.0,92648,4965,CS,MBC
15304,93.0,92649,2621,IT,MBC
15305,93.0,92650,1422,EI,BC
15306,93.0,92651,1405,EC,OC
15307,93.0,92652,1106,CS,OC
15308,93.0,92653,1015,EC,BC
15309,93.0,92654,5919,ME,OC
15310,93.0,92655,2747,EC,OC
15311,93.0,92656,2708,CS,SC
15312,93.0,92657,2612,CS,OC
15313,93.0,92661,5010,CE,BC
15314,93.0,92662,2651,FT,SCA
15315,93.0,92663,2636,EC,BC
15316,93.0,92665,3805,AD,MBC
15317,93.0,92666,1409,BT,BC
15318,93.0,92667,3905,EC,OC
15319,93.0,92668,1407,EE,OC
15320,93.0,92669,2629,IT,BC
15321,93.0,92672,4993,ME,OC
15322,93.0,92673,1127,IT,OC
15323,93.0,92674,3829,EE,OC
15324,93.0,92675,2639,CS,BC
15325,93.0,92676,5536,EC,MBC
15326,93.0,92678,4670,EE,BC
15327,93.0,92680,3811,CS,BC
15328,93.0,92681,2735,EC,SCA
15329,93.0,92682,3857,CS,OC
15330,93.0,92683,1431,EE,OC
15331,93.0,92687,2715,IT,BCM
15332,93.0,92688,1306,AE,MBC
15333,93.0,92690,1442,AD,BC
15334,93.0,92691,3825,ME,OC
15335,93.0,92692,3805,CS,BC
15336,93.0,92693,2731,PD,OC
15337,93.0,92697,2622,EC,BCM
15338,93.0,92698,1507,IT,BC
15339,93.0,92699,2650,EC,OC
15340,93.0,92702,2620,EC,BC
15341,93.0,92703,4957,CS,BC
15342,93.0,92705,4917,EE,MBC
15343,93.0,92706,3466,ME,OC
15344,93.0,92707,3458,PE,OC
15345,93.0,92709,2329,EC,BC
15346,93.0,92712,2744,IT,MBC
15347,93.0,92714,1434,CS,OC
15348,93.0,92715,5502,CS,SC
15349,93.0,92716,5904,EI,OC
15350,93.0,92718,1509,IT,OC
15351,93.0,92721,1419,ME,SC
15352,93.0,92722,1523,IT,MBC
15353,93.0,92723,3812,EE,OC
15354,93.0,92725,3849,CS,OC
15355,93.0,92726,1217,BT,OC
15356,93.0,92728,2659,ME,OC
15357,93.0,92729,2716,EC,OC
15358,93.0,92731,2627,EC,OC
15359,93.0,92732,3011,ME,BCM
15360,93.0,92734,1127,IT,OC
15361,93.0,92735,1015,EC,BC
15362,93.0,92736,2347,CE,OC
15363,93.0,92738,3815,TX,OC
15364,93.0,92739,2341,EC,OC
15365,93.0,92740,2716,MZ,OC
15366,93.0,92742,1509,EC,OC
15367,93.0,92744,2621,IT,BC
15368,93.0,92745,1432,EC,MBC
15369,93.0,92746,1110,AD,BC
15370,93.0,92747,2611,BM,MBC
15371,93.0,92749,3843,EE,MBC
15372,93.0,92750,1401,ME,OC
15373,93.0,92751,5865,EC,BC
15374,93.0,92753,1420,ME,OC
15375,93.0,92757,2618,MZ,BC
15376,93.0,92759,1414,EC,MBC
15377,93.0,92760,5009,ME,BC
15378,93.0,92761,2750,EE,BC
15379,93.0,92762,2614,CS,OC
15380,93.0,92763,1317,EE,BC
15381,93.0,92764,4969,EC,OC
15382,93.0,92765,2622,ME,BC
15383,93.0,92767,4999,ME,OC
15384,93.0,92768,3019,EE,OC
15385,93.0,92771,1520,CS,MBC
15386,92.8,92772,2652,EE,OC
15387,92.5,92774,4672,EE,OC
15388,92.5,92775,3908,CE,OC
15389,92.5,92777,4917,ME,OC
15390,92.5,92780,2609,CE,OC
15391,92.5,92781,4972,EC,BC
15392,92.5,92782,2625,AG,SC
15393,92.5,92783,2347,EE,OC
15394,92.5,92784,1431,ME,OC
15395,92.5,92785,1137,ME,OC
15396,92.5,92787,4676,EC,MBC
15397,92.5,92788,5536,ME,OC
15398,92.5,92789,2613,EC,OC
15399,92.5,92791,1149,EC,SC
15400,92.5,92792,1316,CS,MBC
15401,92.5,92796,3805,CH,OC
15402,92.5,92798,2609,CS,MBC
15403,92.5,92799,1118,EC,MBC
15404,92.5,92800,2636,EC,MBC
15405,92.5,92802,2611,EE,SC
15406,92.5,92803,1426,CS,OC
15407,92.5,92804,1408,ME,OC
15408,92.5,92807,4949,MZ,OC
15409,92.5,92808,4957,IT,MBC
15410,92.5,92809,1416,BM,OC
15411,92.5,92810,3847,BT,MBC
15412,92.5,92813,2752,CS,BC
15413,92.5,92814,2611,FD,SC
15414,92.5,92816,3831,EC,OC
15415,92.5,92817,1510,ME,OC
15416,92.5,92818,4970,CS,BC
15417,92.5,92821,2629,RM,OC
15418,92.5,92822,3918,EC,BCM
15419,92.5,92823,2345,CS,BC
15420,92.5,92825,2726,EC,BC
15421,92.5,92827,2711,CE,BC
15422,92.5,92831,3812,CS,SC
15423,92.5,92832,2329,ME,MBC
15424,92.5,92833,5862,BM,BC
15425,92.5,92835,1521,CS,OC
15426,92.5,92836,1120,CE,OC
15427,92.5,92837,2610,ME,OC
15428,92.5,92838,2357,IT,SC
15429,92.5,92840,1510,CS,SC
15430,92.5,92848,2611,CH,OC
15431,92.5,92850,2345,EC,BC
15432,92.5,92852,4955,CS,SCA
15433,92.5,92853,2345,CS,SC
15434,92.5,92854,2715,EC,BC
15435,92.5,92855,3462,ME,OC
15436,92.5,92856,1225,ME,OC
15437,92.5,92857,3805,BM,BC
15438,92.5,92858,2651,EC,BC
15439,92.5,92859,2609,CH,MBC
15440,92.5,92861,2727,EC,BC
15441,92.5,92864,1412,ME,OC
15442,92.5,92865,3819,ME,BC
15443,92.5,92869,3826,ME,MBC
15444,92.5,92873,4670,ME,MBC
15445,92.5,92874,3766,EE,OC
15446,92.5,92875,2665,ME,OC
15447,92.5,92876,1219,CH,SC
15448,92.5,92878,2609,EC,BC
15449,92.5,92879,3831,CS,OC
15450,92.5,92880,5902,CS,SC
15451,92.5,92881,1408,CS,BC
15452,92.5,92883,1122,CE,OC
15453,92.5,92884,3812,IT,OC
15454,92.5,92885,2621,CS,BCM
15455,92.5,92887,4680,CE,BC
15456,92.5,92888,1424,EE,OC
15457,92.5,92889,4955,EE,OC
15458,92.5,92890,2711,CH,SC
15459,92.5,92891,2727,FD,MBC
15460,92.5,92892,3456,BM,BCM
15461,92.5,92893,2642,CS,SC
15462,92.5,92895,4676,EC,SC
15463,92.5,92897,4984,CS,BC
15464,92.5,92898,3805,CS,BC
15465,92.5,92900,1503,IT,OC
15466,92.5,92901,2762,EC,MBC
15467,92.5,92903,3806,ME,OC
15468,92.5,92904,2747,CS,MBC
15469,92.5,92905,3805,CS,BC
15470,92.5,92906,5942,CS,OC
15471,92.5,92907,2661,EC,OC
15472,92.5,92908,2357,CS,BC
15473,92.5,92910,3819,CS,SC
15474,92.5,92911,2628,AD,BC
15475,92.5,92912,5901,ME,SCA
15476,92.5,92913,3011,AU,BC
15477,92.5,92914,4969,CS,BC
15478,92.5,92915,2639,CS,BCM
15479,92.5,92919,2652,CS,BCM
15480,92.5,92923,2620,IT,SC
15481,92.5,92925,3847,CH,OC
15482,92.5,92926,4962,ME,MBC
15483,92.5,92927,2673,CS,SCA
15484,92.5,92928,2347,CS,BC
15485,92.5,92929,3458,FD,MBC
15486,92.5,92933,2719,AE,BC
15487,92.5,92934,2601,EC,BC
15488,92.5,92935,3464,CE,MBC
15489,92.5,92936,3425,ME,SC
15490,92.5,92938,2715,CH,BC
15491,92.5,92939,1510,CS,BC
15492,92.5,92941,2314,CS,BCM
15493,92.5,92942,4670,ME,BC
15494,92.5,92943,3805,EE,OC
15495,92.5,92946,2652,EE,BCM
15496,92.5,92947,4966,EE,OC
15497,92.5,92948,2750,BM,MBC
15498,92.5,92949,5912,EE,OC
15499,92.5,92950,2609,ME,OC
15500,92.5,92951,3803,CS,SC
15501,92.5,92953,1414,IT,MBC
15502,92.5,92954,2729,ME,OC
15503,92.5,92955,3425,ME,SC
15504,92.5,92956,5919,EE,OC
15505,92.5,92957,2608,EC,MBC
15506,92.5,92958,2715,BM,MBC
15507,92.5,92959,2610,EE,SC
15508,92.5,92960,2329,CS,MBC
15509,92.5,92961,1422,EC,SC
15510,92.5,92962,1316,EC,BCM
15511,92.5,92963,2651,EE,OC
15512,92.5,92964,1126,CS,MBC
15513,92.5,92965,3804,CS,MBC
15514,92.5,92966,5022,ME,OC
15515,92.5,92970,1407,CS,OC
15516,92.5,92971,1419,EC,SC
15517,92.5,92973,1501,EC,OC
15518,92.5,92974,2614,TX,MBC
15519,92.5,92975,3806,CS,SC
15520,92.5,92976,3810,CS,MBC
15521,92.5,92977,2647,EC,OC
15522,92.5,92980,1519,ME,OC
15523,92.5,92981,4917,EE,BC
15524,92.5,92983,2609,CS,BC
15525,92.5,92984,5988,CS,MBC
15526,92.5,92985,1520,IT,BC
15527,92.5,92986,2769,PD,OC
15528,92.5,92987,2614,TX,BC
15529,92.5,92988,4962,ME,BC
15530,92.5,92989,4023,CS,SC
15531,92.5,92990,4929,EC,OC
15532,92.5,92991,3831,IT,MBC
15533,92.5,92994,5904,EE,BC
15534,92.5,92995,2621,ME,OC
15535,92.5,92996,5842,IT,OC
15536,92.5,92998,1510,EE,OC
15537,92.5,93001,2707,EE,BC
15538,92.5,93002,2755,CS,SC
15539,92.5,93003,3905,EE,SC
15540,92.5,93004,2625,BM,SC
15541,92.5,93006,1325,ME,OC
15542,92.5,93009,1303,BT,SC
15543,92.5,93011,1399,CE,SC
15544,92.5,93012,2762,EC,BC
15545,92.5,93013,5,EE,SC
15546,92.5,93016,3454,BM,OC
15547,92.5,93017,2628,CS,OC
15548,92.5,93018,2345,EE,OC
15549,92.5,93019,3456,CS,OC
15550,92.5,93020,2715,AG,MBC
15551,92.5,93025,1431,ME,OC
15552,92.5,93027,2607,EE,BC
15553,92.5,93028,2646,CS,BC
15554,92.5,93029,3786,CS,SC
15555,92.5,93030,5915,CE,OC
15556,92.5,93031,2707,ME,OC
15557,92.5,93034,5902,CS,BC
15558,92.5,93035,2683,CS,OC
15559,92.5,93037,2607,EE,BC
15560,92.5,93038,5703,ME,OC
15561,92.5,93039,2725,CE,OC
15562,92.5,93041,2622,EC,SC
15563,92.5,93042,3833,CS,BC
15564,92.5,93043,2608,ME,BC
15565,92.5,93046,5907,EC,OC
15566,92.5,93047,2357,EE,BC
15567,92.5,93050,2758,CS,OC
15568,92.5,93052,2636,CS,SCA
15569,92.5,93053,1316,CS,SCA
15570,92.5,93054,3908,CS,BC
15571,92.5,93055,2613,IT,MBC
15572,92.5,93057,5912,ME,OC
15573,92.5,93058,1324,AD,SC
15574,92.5,93059,5832,EC,OC
15575,92.5,93060,2764,ME,MBC
15576,92.5,93061,2652,CE,OC
15577,92.5,93062,2734,ME,OC
15578,92.5,93063,2715,EC,BC
15579,92.5,93064,5904,EE,BC
15580,92.5,93065,2723,CS,SCA
15581,92.5,93067,5865,ME,OC
15582,92.5,93069,2338,BM,OC
15583,92.5,93071,2710,EC,MBC
15584,92.5,93072,2625,BM,SC
15585,92.5,93076,3829,EC,OC
15586,92.5,93077,5913,TX,OC
15587,92.5,93078,1322,EC,OC
15588,92.5,93079,1424,ME,OC
15589,92.5,93081,2661,CS,SC
15590,92.5,93082,4964,ME,OC
15591,92.5,93084,3841,CS,MBC
15592,92.5,93085,2636,ME,OC
15593,92.5,93086,4917,ME,OC
15594,92.5,93087,2629,IT,MBC
15595,92.5,93088,5017,CS,BC
15596,92.5,93090,2611,FD,MBC
15597,92.5,93091,2708,CE,MBC
15598,92.5,93092,1114,CS,SC
15599,92.5,93093,2639,CS,MBC
15600,92.5,93094,2776,AG,SC
15601,92.5,93095,1505,CS,MBC
15602,92.5,93096,1316,CE,OC
15603,92.5,93097,2633,CS,OC
15604,92.5,93098,3805,CS,BC
15605,92.5,93099,4680,EC,MBC
15606,92.5,93100,2659,EC,SC
15607,92.5,93102,3810,CS,MBC
15608,92.5,93103,2630,EC,BC
15609,92.5,93104,2661,CS,MBC
15610,92.5,93107,4967,ME,OC
15611,92.5,93108,4980,CS,BC
15612,92.5,93109,3817,CS,MBC
15613,92.5,93110,4917,CE,BC
15614,92.5,93111,2314,EE,OC
15615,92.5,93113,3425,EE,BC
15616,92.5,93114,4960,IT,SC
15617,92.5,93115,2349,BM,SC
15618,92.5,93116,4969,ME,OC
15619,92.5,93117,1013,EC,SC
15620,92.5,93118,3806,ME,OC
15621,92.5,93119,1207,EC,OC
15622,92.5,93120,1431,CS,BCM
15623,92.5,93122,1503,BT,OC
15624,92.5,93123,2610,EC,BC
15625,92.5,93124,1431,IT,OC
15626,92.5,93126,2608,EC,MBC
15627,92.5,93127,2612,CS,OC
15628,92.5,93132,2640,CS,OC
15629,92.5,93133,4024,EC,BC
15630,92.5,93134,1116,CS,MBC
15631,92.5,93136,4669,ME,OC
15632,92.5,93137,5532,CE,BC
15633,92.5,93138,2711,FD,SCA
15634,92.5,93141,2611,MC,OC
15635,92.5,93144,2357,CS,BC
15636,92.5,93146,2357,CS,BC
15637,92.5,93147,5904,EE,BC
15638,92.5,93148,2329,IT,MBC
15639,92.5,93149,4969,ME,OC
15640,92.5,93151,4676,EC,SC
15641,92.5,93152,2639,EC,BC
15642,92.5,93153,5904,EC,SC
15643,92.5,93155,2650,ME,OC
15644,92.5,93156,2750,ME,MBC
15645,92.5,93157,2708,AG,SC
15646,92.5,93158,3805,AO,OC
15647,92.5,93161,4917,CH,MBC
15648,92.5,93162,2707,AD,MBC
15649,92.5,93163,2718,MZ,SC
15650,92.5,93167,4995,CS,OC
15651,92.5,93169,2638,EC,OC
15652,92.5,93171,2659,EC,MBC
15653,92.5,93173,4955,EE,OC
15654,92.5,93174,2610,IT,MBC
15655,92.5,93177,2758,ME,OC
15656,92.5,93178,4023,CS,MBC
15657,92.5,93182,1519,EC,OC
15658,92.5,93183,1241,ME,OC
15659,92.5,93184,1210,EC,SC
15660,92.5,93186,5,ME,SC
15661,92.5,93187,2611,AG,SC
15662,92.5,93188,1229,ME,OC
15663,92.5,93189,5017,CS,MBC
15664,92.5,93190,5,CH,SC
15665,92.5,93192,2610,CH,OC
15666,92.5,93193,3011,ME,SC
15667,92.5,93194,3766,CS,OC
15668,92.5,93195,2764,ME,BCM
15669,92.5,93197,2709,AU,BC
15670,92.5,93200,1238,EC,BC
15671,92.5,93202,4670,EE,BC
15672,92.5,93205,5988,EC,OC
15673,92.5,93206,1202,IT,SC
15674,92.5,93208,4948,CS,OC
15675,92.5,93209,5022,EC,BC
15676,92.5,93212,2613,EC,OC
15677,92.5,93214,3021,CE,OC
15678,92.5,93215,1512,IT,OC
15679,92.5,93216,5832,EC,OC
15680,92.5,93218,2722,ME,OC
15681,92.5,93219,2624,BM,SCA
15682,92.5,93221,2661,EC,OC
15683,92.5,93222,2752,CS,BC
15684,92.5,93223,5990,CS,OC
15685,92.5,93224,2741,EC,OC
15686,92.5,93226,3456,ME,OC
15687,92.5,93227,5,ME,MBC
15688,92.5,93228,1401,EC,OC
15689,92.5,93230,3018,EC,OC
15690,92.5,93233,3841,CS,BC
15691,92.5,93234,1015,ME,OC
15692,92.5,93235,2329,BM,SCA
15693,92.5,93236,1127,CS,OC
15694,92.5,93238,2735,EE,BC
15695,92.5,93239,4941,CS,OC
15696,92.5,93241,5536,AG,BC
15697,92.5,93243,4678,EE,MBC
15698,92.5,93244,3806,EE,BC
15699,92.5,93248,2716,CS,MBC
15700,92.5,93250,3807,AE,OC
15701,92.5,93251,2723,CE,BC
15702,92.5,93253,4931,ME,OC
15703,92.5,93254,1322,BM,SC
15704,92.5,93255,3016,EC,OC
15705,92.5,93256,4680,CE,MBC
15706,92.5,93257,1225,EC,BC
15707,92.5,93258,3815,IT,BC
15708,92.5,93260,3425,ME,MBC
15709,92.5,93261,4966,EC,OC
15710,92.5,93262,3701,EC,OC
15711,92.5,93264,1525,CS,OC
15712,92.5,93265,2750,AE,SC
15713,92.5,93266,4989,IT,OC
15714,92.5,93268,2711,CS,ST
15715,92.5,93271,1238,EC,BC
15716,92.5,93272,2627,BT,BC
15717,92.5,93273,5,ME,MBC
15718,92.5,93274,3786,EE,OC
15719,92.5,93276,2727,FD,BC
15720,92.5,93277,2740,IT,SC
15721,92.5,93278,1322,BM,BCM
15722,92.5,93280,3807,CS,BC
15723,92.5,93281,4965,CE,OC
15724,92.5,93283,4955,EC,MBC
15725,92.5,93284,1504,CE,OC
15726,92.5,93285,2745,AD,OC
15727,92.5,93286,4933,ME,OC
15728,92.5,93287,1127,AE,OC
15729,92.5,93295,4992,CS,BC
15730,92.5,93296,1431,CE,OC
15731,92.5,93298,2726,CS,SC
15732,92.5,93302,2630,EC,MBC
15733,92.5,93305,2753,EC,OC
15734,92.5,93306,2634,ME,OC
15735,92.5,93307,1303,EC,OC
15736,92.5,93309,3805,EC,OC
15737,92.5,93311,2716,MZ,OC
15738,92.5,93312,2609,CY,SC
15739,92.5,93313,2610,EC,BC
15740,92.5,93314,5009,CE,BCM
15741,92.5,93315,4953,ME,OC
15742,92.5,93318,1322,BM,SC
15743,92.5,93319,2743,EC,OC
15744,92.5,93320,4957,IT,BC
15745,92.5,93321,3829,EC,OC
15746,92.5,93322,1408,ME,OC
15747,92.5,93326,2721,CE,OC
15748,92.5,93327,3021,CE,OC
15749,92.5,93330,5832,EE,OC
15750,92.5,93331,1518,IT,OC
15751,92.5,93332,3456,CS,OC
15752,92.5,93335,1137,EC,MBC
15753,92.5,93339,1311,ME,OC
15754,92.5,93345,3011,CE,SC
15755,92.5,93348,4928,ME,OC
15756,92.5,93349,5862,AG,SC
15757,92.5,93351,2707,EI,MBC
15758,92.5,93352,3011,AU,BC
15759,92.5,93356,3701,AD,BC
15760,92.0,93359,2606,EE,OC
15761,92.0,93362,1519,ME,OC
15762,92.0,93364,3464,CE,SC
15763,92.0,93367,3805,EC,OC
15764,92.0,93368,1512,CS,OC
15765,92.0,93369,2609,IT,SC
15766,92.0,93370,2723,ME,MBC
15767,92.0,93373,1421,CS,SC
15768,92.0,93374,3016,CS,SC
15769,92.0,93375,4676,EC,MBC
15770,92.0,93376,3410,EE,OC
15771,92.0,93378,3410,ME,OC
15772,92.0,93379,4993,BM,BC
15773,92.0,93380,3425,ME,BC
15774,92.0,93381,2314,CS,BC
15775,92.0,93382,2639,CS,MBC
15776,92.0,93383,2609,IT,BC
15777,92.0,93384,4972,EC,BC
15778,92.0,93385,4670,ME,BC
15779,92.0,93386,2708,AE,BCM
15780,92.0,93387,2708,IT,SC
15781,92.0,93388,5907,CS,BC
15782,92.0,93389,2328,EC,MBC
15783,92.0,93391,2723,ME,BC
15784,92.0,93393,2744,IT,BC
15785,92.0,93394,4957,CS,BC
15786,92.0,93396,4944,EC,BC
15787,92.0,93397,1419,CE,BC
15788,92.0,93399,2719,RM,MBC
15789,92.0,93400,1322,AG,OC
15790,92.0,93402,1407,CS,OC
15791,92.0,93403,3425,EE,SC
15792,92.0,93404,1405,AD,OC
15793,92.0,93405,5009,ME,BC
15794,92.0,93406,3805,CS,SC
15795,92.0,93407,1505,CS,BC
15796,92.0,93409,3847,CH,SC
15797,92.0,93411,2611,BM,MBC
15798,92.0,93412,4864,EE,OC
15799,92.0,93413,4994,CS,BC
15800,92.0,93414,2345,ME,OC
15801,92.0,93415,2636,CS,SCA
15802,92.0,93417,1015,EC,SC
15803,92.0,93418,2723,ME,BC
15804,92.0,93419,5532,CS,SC
15805,92.0,93420,2609,AD,MBC
15806,92.0,93422,1216,ME,OC
15807,92.0,93426,5703,ME,OC
15808,92.0,93427,2621,EC,OC
15809,92.0,93428,2657,CS,OC
15810,92.0,93429,2661,CS,SC
15811,92.0,93432,2636,CS,SC
15812,92.0,93434,4949,EE,OC
15813,92.0,93435,3804,BM,SC
15814,92.0,93436,2347,CS,BC
15815,92.0,93437,1120,IT,SC
15816,92.0,93438,1311,MZ,BCM
15817,92.0,93439,1431,CS,BC
15818,92.0,93440,4953,IT,BC
15819,92.0,93441,2651,ME,OC
15820,92.0,93442,5865,CS,BCM
15821,92.0,93443,1014,EC,BC
15822,92.0,93444,5,IT,SC
15823,92.0,93445,3465,CE,SCA
15824,92.0,93447,4675,EC,OC
15825,92.0,93448,2721,CS,SCA
15826,92.0,93449,2721,CS,BC
15827,92.0,93450,2314,CS,SC
15828,92.0,93451,3806,CS,BC
15829,92.0,93455,2643,CS,BC
15830,92.0,93456,2625,ME,OC
15831,92.0,93457,2609,CE,OC
15832,92.0,93459,2611,AG,MBC
15833,92.0,93461,1523,ME,OC
15834,92.0,93463,2632,EC,OC
15835,92.0,93464,2657,CS,OC
15836,92.0,93465,3810,AD,SC
15837,92.0,93466,2709,AU,BC
15838,92.0,93467,2632,CS,MBC
15839,92.0,93468,3801,CE,OC
15840,92.0,93471,3807,ME,OC
15841,92.0,93472,2750,EC,SC
15842,92.0,93473,2630,CS,BC
15843,92.0,93474,3812,EC,OC
15844,92.0,93475,2636,ME,OC
15845,92.0,93476,1216,CH,MBC
15846,92.0,93477,1521,ME,OC
15847,92.0,93478,2610,ME,OC
15848,92.0,93479,2707,BM,BC
15849,92.0,93480,2715,BM,BCM
15850,92.0,93483,4993,ME,OC
15851,92.0,93484,2653,ME,BC
15852,92.0,93485,4964,ME,OC
15853,92.0,93487,3831,CS,OC
15854,92.0,93489,1520,EC,SC
15855,92.0,93490,2612,CS,OC
15856,92.0,93492,1218,RM,OC
15857,92.0,93494,1222,CS,OC
15858,92.0,93495,3410,EE,SC
15859,92.0,93496,4957,IT,SC
15860,92.0,93498,1307,EC,OC
15861,92.0,93499,2338,BM,OC
15862,92.0,93500,5910,EC,MBC
15863,92.0,93502,1510,CS,BC
15864,92.0,93503,5022,ME,OC
15865,92.0,93504,1325,CS,BC
15866,92.0,93505,2607,ME,OC
15867,92.0,93506,2683,AG,OC
15868,92.0,93508,3805,EE,OC
15869,92.0,93510,2762,AD,BC
15870,92.0,93511,2601,EE,OC
15871,92.0,93514,3804,BM,BC
15872,92.0,93515,5912,CE,OC
15873,92.0,93516,2601,AE,OC
15874,92.0,93518,5536,AG,MBC
15875,92.0,93519,1026,ME,BC
15876,92.0,93523,3454,BM,OC
15877,92.0,93524,2345,ME,OC
15878,92.0,93526,1510,CE,OC
15879,92.0,93527,4917,ME,OC
15880,92.0,93528,5536,AG,BC
15881,92.0,93532,3807,AE,OC
15882,92.0,93533,2772,CS,OC
15883,92.0,93534,1412,CS,BCM
15884,92.0,93535,4993,IT,BC
15885,92.0,93536,1441,EE,OC
15886,92.0,93537,1412,IT,OC
15887,92.0,93538,1112,CS,SCA
15888,92.0,93541,2610,AD,BC
15889,92.0,93542,2763,MZ,OC
15890,92.0,93544,5533,CS,OC
15891,92.0,93546,2328,BM,BC
15892,92.0,93547,2659,ME,OC
15893,92.0,93548,2711,ME,SC
15894,92.0,93549,2734,TS,MBC
15895,92.0,93551,2610,ME,OC
15896,92.0,93552,2624,AG,SC
15897,92.0,93554,4928,CE,OC
15898,92.0,93559,2683,CS,OC
15899,92.0,93560,2643,CS,SC
15900,92.0,93561,1207,IT,OC
15901,92.0,93564,5832,EC,OC
15902,92.0,93565,1226,CS,OC
15903,92.0,93566,2744,IT,ST
15904,92.0,93567,2620,CS,MBC
15905,92.0,93568,2705,CS,SC
15906,92.0,93569,3806,CS,SC
15907,92.0,93570,4955,ME,MBC
15908,92.0,93572,2661,CE,OC
15909,92.0,93573,2636,CS,MBC
15910,92.0,93575,4675,CS,BC
15911,92.0,93578,5536,EC,BC
15912,92.0,93581,2611,ME,OC
15913,92.0,93582,5009,CE,MBC
15914,92.0,93584,2640,CS,OC
15915,92.0,93585,4023,IT,MBC
15916,92.0,93587,1202,ME,OC
15917,92.0,93589,3805,FD,MBC
15918,92.0,93591,5703,CS,BC
15919,92.0,93592,2727,FD,ST
15920,92.0,93593,3805,CS,BC
15921,92.0,93594,3825,CS,BC
15922,92.0,93595,1126,AD,BC
15923,92.0,93597,2608,EC,MBC
15924,92.0,93599,2608,EE,MBC
15925,92.0,93600,1525,CS,OC
15926,92.0,93601,2624,EC,OC
15927,92.0,93602,3806,ME,OC
15928,92.0,93605,2752,EC,BC
15929,92.0,93607,2625,IT,OC
15930,92.0,93608,4965,EC,BC
15931,92.0,93609,5530,EC,MBC
15932,92.0,93610,5915,EC,OC
15933,92.0,93612,2345,CS,SC
15934,92.0,93613,1304,AU,OC
15935,92.0,93614,3826,ME,MBC
15936,92.0,93616,2758,EE,OC
15937,92.0,93617,4961,CS,OC
15938,92.0,93618,2713,ME,OC
15939,92.0,93619,2743,BM,OC
15940,92.0,93623,3826,CE,SC
15941,92.0,93624,1408,CS,MBC
15942,92.0,93625,2725,EE,OC
15943,92.0,93626,2347,CS,SCA
15944,92.0,93627,3805,EE,OC
15945,92.0,93628,2632,IT,MBC
15946,92.0,93629,4931,CS,MBC
15947,92.0,93631,4672,CS,MBC
15948,92.0,93632,1432,EC,BC
15949,92.0,93633,2329,IT,BC
15950,92.0,93634,3786,MZ,OC
15951,92.0,93635,3831,IT,BC
15952,92.0,93638,3425,CE,OC
15953,92.0,93640,2636,EE,SC
15954,92.0,93641,2743,ME,OC
15955,92.0,93642,2750,ME,SC
15956,92.0,93644,1509,CS,MBC
15957,92.0,93645,1409,BT,SC
15958,92.0,93646,1510,CS,BC
15959,92.0,93648,3806,EC,OC
15960,92.0,93650,3786,EE,OC
15961,92.0,93651,2715,EC,BC
15962,92.0,93652,3810,AD,BC
15963,92.0,93655,1149,EC,SC
15964,92.0,93656,5530,ME,OC
15965,92.0,93657,2345,ME,OC
15966,92.0,93658,4971,EC,MBC
15967,92.0,93659,1426,CS,OC
15968,92.0,93662,5990,CS,OC
15969,92.0,93663,5536,EE,OC
15970,92.0,93664,1112,EE,SC
15971,92.0,93666,4965,EC,BC
15972,92.0,93668,2727,IT,MBC
15973,92.0,93670,4964,MU,OC
15974,92.0,93671,1322,CS,BC
15975,92.0,93674,1310,IT,BC
15976,92.0,93675,3806,CB,OC
15977,92.0,93678,1118,EC,MBC
15978,92.0,93679,3804,CS,BCM
15979,92.0,93680,2723,BM,SC
15980,92.0,93681,1523,ME,OC
15981,92.0,93682,3830,CB,BC
15982,92.0,93684,4981,EE,OC
15983,92.0,93685,1523,CS,MBC
15984,92.0,93688,2769,PD,OC
15985,92.0,93689,2769,EE,OC
15986,92.0,93690,4999,ME,OC
15987,92.0,93691,3812,IT,OC
15988,92.0,93692,3815,TX,OC
15989,92.0,93693,5703,ME,OC
15990,92.0,93695,2630,CS,BC
15991,92.0,93696,2345,EE,OC
15992,92.0,93699,2719,IT,SC
15993,92.0,93701,3812,ME,OC
15994,92.0,93702,3810,EC,MBC
15995,92.0,93704,2653,EC,MBC
15996,92.0,93705,2640,ME,OC
15997,92.0,93706,2710,ME,MBC
15998,92.0,93707,3804,EE,OC
15999,92.0,93709,2750,EE,SC
16000,92.0,93712,2744,IT,SC
16001,92.0,93714,2741,EC,OC
16002,92.0,93715,1432,EC,BC
16003,92.0,93717,3456,BM,MBC
16004,92.0,93718,2708,EI,SC
16005,92.0,93719,2770,CS,OC
16006,92.0,93721,2634,FD,SC
16007,92.0,93722,1114,EC,SC
16008,92.0,93724,2634,EC,OC
16009,92.0,93726,1442,CS,BC
16010,92.0,93728,4675,EE,OC
16011,92.0,93730,3860,ME,OC
16012,92.0,93731,4978,BM,BC
16013,92.0,93732,2661,CS,MBC
16014,92.0,93733,1207,EC,OC
16015,92.0,93735,4686,CS,OC
16016,92.0,93737,5902,CS,SCA
16017,92.0,93738,4944,EC,MBC
16018,92.0,93740,1520,CS,BCM
16019,92.0,93741,2718,EE,SC
16020,92.0,93742,4669,EC,BC
16021,92.0,93743,4980,CS,BC
16022,92.0,93745,2743,AD,BC
16023,92.0,93746,1026,ME,MBC
16024,92.0,93748,1434,CS,OC
16025,92.0,93749,2652,EC,MBC
16026,92.0,93751,2329,IT,SC
16027,92.0,93752,1313,BM,OC
16028,92.0,93753,3807,ME,OC
16029,92.0,93754,3804,EC,OC
16030,92.0,93755,4981,EE,OC
16031,92.0,93756,5,AM,MBC
16032,92.0,93757,4965,EC,MBC
16033,92.0,93758,3804,BM,SC
16034,92.0,93763,4982,ME,OC
16035,92.0,93766,1434,AE,OC
16036,92.0,93767,2744,CS,SC
16037,92.0,93768,2651,EC,BCM
16038,92.0,93770,2651,EC,SCA
16039,92.0,93772,2750,ME,MBC
16040,92.0,93773,3466,EE,OC
16041,92.0,93774,1401,IT,SC
16042,92.0,93776,2632,CS,MBC
16043,92.0,93777,2763,CS,BC
16044,92.0,93778,1525,CS,OC
16045,92.0,93779,2610,EE,BC
16046,92.0,93780,3459,EE,OC
16047,92.0,93781,2753,CS,BCM
16048,92.0,93782,3019,EE,OC
16049,92.0,93783,2610,EE,BC
16050,92.0,93785,3766,EE,OC
16051,92.0,93786,4966,EC,OC
16052,92.0,93787,2753,EC,OC
16053,92.0,93788,2643,CS,BCM
16054,92.0,93791,2342,CS,SC
16055,92.0,93792,2758,CS,OC
16056,92.0,93793,3805,AE,OC
16057,92.0,93794,2622,EC,SC
16058,92.0,93796,4953,EC,BC
16059,92.0,93797,1150,FD,OC
16060,92.0,93799,1123,AE,OC
16061,92.0,93805,2641,ME,OC
16062,92.0,93806,1303,EC,OC
16063,92.0,93807,4953,ME,OC
16064,92.0,93808,2776,CS,SC
16065,92.0,93809,2357,CE,MBC
16066,92.0,93810,3782,CS,OC
16067,92.0,93811,1207,IT,OC
16068,92.0,93813,4670,ME,BC
16069,92.0,93815,5536,AG,BC
16070,92.0,93817,1504,IT,SC
16071,92.0,93818,4961,EC,OC
16072,92.0,93819,2726,EC,BC
16073,92.0,93820,2369,ME,SCA
16074,92.0,93821,4670,CE,BC
16075,92.0,93822,2755,CS,BC
16076,92.0,93824,2642,IT,OC
16077,92.0,93825,4965,BM,MBC
16078,92.0,93827,3806,CS,SC
16079,92.0,93829,3805,FD,BC
16080,92.0,93830,5942,CS,OC
16081,92.0,93831,3918,EE,OC
16082,92.0,93832,2611,CY,SC
16083,92.0,93833,1207,CS,SCA
16084,92.0,93834,2707,EC,BC
16085,92.0,93835,1114,ME,OC
16086,92.0,93837,2736,EC,MBC
16087,92.0,93838,5009,ME,MBC
16088,92.0,93839,1413,EC,OC
16089,92.0,93841,5915,CS,MBC
16090,92.0,93842,2749,EC,OC
16091,92.0,93846,2613,EC,OC
16092,92.0,93847,2611,BM,SC
16093,92.0,93848,4955,ME,BC
16094,92.0,93851,2653,ME,BC
16095,92.0,93852,1123,CS,OC
16096,92.0,93853,1225,ME,OC
16097,92.0,93854,3810,AG,BC
16098,92.0,93856,2625,AG,SC
16099,92.0,93857,1505,CE,OC
16100,92.0,93859,4672,EE,OC
16101,92.0,93861,1210,EC,SC
16102,92.0,93862,1452,EE,OC
16103,92.0,93863,1207,CS,BC
16104,92.0,93864,1207,ME,OC
16105,92.0,93865,1520,CS,BC
16106,92.0,93867,1304,ME,BC
16107,92.0,93868,4959,ME,OC
16108,92.0,93869,5910,CE,SC
16109,92.0,93870,2357,IT,BC
16110,92.0,93871,1412,EE,OC
16111,92.0,93872,1207,EC,OC
16112,92.0,93873,4024,ME,OC
16113,92.0,93874,3805,BM,BC
16114,92.0,93876,3782,CS,OC
16115,92.0,93877,3810,CS,MBC
16116,92.0,93878,3805,AD,BC
16117,92.0,93880,1322,CS,BC
16118,92.0,93884,2642,EC,OC
16119,92.0,93887,2727,EE,OC
16120,92.0,93888,1207,CS,SCA
16121,92.0,93889,2762,CS,BCM
16122,92.0,93890,2613,IT,MBC
16123,92.0,93891,1226,CS,OC
16124,92.0,93892,4995,EC,OC
16125,92.0,93893,4917,CH,BCM
16126,92.0,93894,3819,EE,BC
16127,92.0,93895,2704,CS,SC
16128,92.0,93898,3454,AG,SC
16129,92.0,93899,2636,CS,MBC
16130,92.0,93901,1432,EC,BC
16131,92.0,93904,2715,EE,BC
16132,92.0,93905,2743,BM,BC
16133,92.0,93906,3807,ME,OC
16134,92.0,93908,4978,CS,OC
16135,92.0,93909,2709,CE,BC
16136,92.0,93911,1207,EC,OC
16137,92.0,93912,2646,EE,OC
16138,92.0,93913,5,ME,SC
16139,92.0,93915,3905,EC,OC
16140,92.0,93919,4917,EE,BC
16141,92.0,93920,2601,CH,MBC
16142,92.0,93921,4931,CS,SC
16143,92.0,93925,4953,CS,BC
16144,92.0,93928,1110,EC,OC
16145,92.0,93929,2653,ME,BC
16146,92.0,93932,2369,ME,SC
16147,92.0,93934,4984,CE,OC
16148,92.0,93936,4984,CS,BC
16149,92.0,93940,1207,CS,BC
16150,92.0,93942,4023,EE,BC
16151,92.0,93944,2729,AD,BC
16152,92.0,93950,2357,ME,MBC
16153,92.0,93952,2683,CS,OC
16154,92.0,93953,2725,EE,OC
16155,92.0,93955,2661,IT,BC
16156,92.0,93956,4917,EC,MBC
16157,92.0,93959,3805,CH,OC
16158,92.0,93961,2752,CS,BC
16159,92.0,93964,2755,AG,MBC
16160,92.0,93970,1414,EC,BC
16161,92.0,93974,2715,CH,MBC
16162,92.0,93975,1424,CE,OC
16163,92.0,93977,1421,CS,MBC
16164,92.0,93980,2622,IT,SCA
16165,92.0,93985,2349,RM,OC
16166,92.0,93986,1420,EE,OC
16167,92.0,93989,5911,CS,OC
16168,92.0,93990,5942,IT,OC
16169,92.0,93991,5902,CS,SC
16170,92.0,93993,1316,ME,OC
16171,92.0,93994,2601,CH,SC
16172,92.0,93995,3805,PH,SC
16173,92.0,93997,1322,FD,OC
16174,92.0,93998,2707,IT,MBC
16175,92.0,93999,1401,CS,MBC
16176,92.0,94000,5902,IT,OC
16177,92.0,94001,4680,CE,MBC
16178,92.0,94004,3811,ME,OC
16179,92.0,94005,1128,CS,SC
16180,92.0,94006,2776,CS,SC
16181,92.0,94008,1322,BM,MBC
16182,92.0,94010,1424,CS,OC
16183,92.0,94011,3760,EC,SC
16184,92.0,94013,1128,ME,MBC
16185,92.0,94015,2767,ME,OC
16186,92.0,94017,1432,EC,BC
16187,92.0,94018,2613,EC,OC
16188,92.0,94019,1520,IT,BC
16189,91.8,94020,3825,ME,OC
16190,91.8,94021,2702,AE,BCM
16191,91.7,94022,2707,EC,BC
16192,91.5,94023,1408,CS,MBC
16193,91.5,94025,4965,ME,OC
16194,91.5,94027,2347,EC,OC
16195,91.5,94029,5017,CE,OC
16196,91.5,94030,4933,ME,OC
16197,91.5,94031,1420,EC,OC
16198,91.5,94032,2636,CS,SC
16199,91.5,94033,1238,CS,SC
16200,91.5,94035,4917,ME,OC
16201,91.5,94036,4670,ME,BC
16202,91.5,94037,3018,CS,SC
16203,91.5,94038,2752,IT,BC
16204,91.5,94039,4023,EE,BC
16205,91.5,94040,2707,IT,MBC
16206,91.5,94043,2716,GI,OC
16207,91.5,94044,1414,ME,OC
16208,91.5,94045,3806,CS,MBC
16209,91.5,94047,3812,IT,SC
16210,91.5,94049,2302,CS,BC
16211,91.5,94050,3825,CS,BC
16212,91.5,94051,3817,CS,MBC
16213,91.5,94052,2715,BM,MBC
16214,91.5,94053,3795,CS,SCA
16215,91.5,94056,2622,ME,SC
16216,91.5,94057,5919,ME,OC
16217,91.5,94058,1421,ME,OC
16218,91.5,94059,3806,ME,OC
16219,91.5,94060,2623,IT,OC
16220,91.5,94062,2763,CS,BC
16221,91.5,94063,2683,AG,OC
16222,91.5,94067,5901,EE,SCA
16223,91.5,94068,4953,IT,BC
16224,91.5,94069,1013,ME,MBC
16225,91.5,94070,1110,AD,BC
16226,91.5,94071,2731,EC,OC
16227,91.5,94072,2673,CS,BC
16228,91.5,94073,1126,BM,BC
16229,91.5,94075,4949,EE,OC
16230,91.5,94076,4864,CS,BC
16231,91.5,94077,2357,IT,BCM
16232,91.5,94079,4669,CS,BC
16233,91.5,94080,3845,CS,OC
16234,91.5,94082,5913,TX,OC
16235,91.5,94084,5532,EE,BCM
16236,91.5,94085,1422,MD,BC
16237,91.5,94086,3820,CE,OC
16238,91.5,94087,3795,EE,OC
16239,91.5,94088,2610,EE,MBC
16240,91.5,94090,2639,EE,MBC
16241,91.5,94093,2327,CS,OC
16242,91.5,94094,3766,CS,OC
16243,91.5,94095,2624,PH,OC
16244,91.5,94096,3011,IT,SCA
16245,91.5,94097,5536,CS,BC
16246,91.5,94098,4957,CS,BC
16247,91.5,94099,2612,CS,OC
16248,91.5,94100,4917,CH,MBC
16249,91.5,94101,1303,CS,BC
16250,91.5,94102,2776,MZ,OC
16251,91.5,94104,5865,CE,OC
16252,91.5,94105,1149,IT,SC
16253,91.5,94107,1505,CS,BC
16254,91.5,94108,2708,ME,OC
16255,91.5,94109,2612,CS,OC
16256,91.5,94110,2609,IT,SC
16257,91.5,94112,2661,EC,OC
16258,91.5,94113,2628,ME,OC
16259,91.5,94114,3805,CH,OC
16260,91.5,94116,2732,CS,OC
16261,91.5,94117,3458,BT,BC
16262,91.5,94118,2641,CS,BC
16263,91.5,94119,2607,CB,OC
16264,91.5,94120,1325,EC,MBC
16265,91.5,94121,2642,CS,SC
16266,91.5,94122,2755,CS,BC
16267,91.5,94124,2719,IT,SCA
16268,91.5,94126,3805,CS,SCA
16269,91.5,94127,4931,ME,OC
16270,91.5,94128,3019,CE,OC
16271,91.5,94129,2633,CS,OC
16272,91.5,94131,5915,ME,OC
16273,91.5,94133,2744,CS,BC
16274,91.5,94134,4934,EC,OC
16275,91.5,94137,2606,CS,SC
16276,91.5,94139,3817,ME,SC
16277,91.5,94141,3829,IT,SC
16278,91.5,94142,2702,AU,BC
16279,91.5,94144,1126,RM,SC
16280,91.5,94145,3464,CE,BC
16281,91.5,94146,3454,ME,OC
16282,91.5,94149,2762,CS,BC
16283,91.5,94151,2345,EE,OC
16284,91.5,94153,2607,EC,MBC
16285,91.5,94154,2716,ME,OC
16286,91.5,94157,3462,EE,OC
16287,91.5,94158,1225,IT,SC
16288,91.5,94159,3841,CE,OC
16289,91.5,94160,1226,EC,OC
16290,91.5,94162,2716,AG,SC
16291,91.5,94164,4931,CS,SC
16292,91.5,94165,4982,CS,OC
16293,91.5,94167,5022,EE,OC
16294,91.5,94168,1422,ME,BC
16295,91.5,94171,4928,ME,OC
16296,91.5,94172,2632,CS,BC
16297,91.5,94173,2647,EE,OC
16298,91.5,94174,1408,IT,MBC
16299,91.5,94175,3410,CS,MBC
16300,91.5,94176,2607,ME,OC
16301,91.5,94178,4934,CS,OC
16302,91.5,94180,2630,CS,BC
16303,91.5,94181,2609,PH,OC
16304,91.5,94182,4670,CE,BC
16305,91.5,94183,1207,BM,SC
16306,91.5,94184,3806,EC,OC
16307,91.5,94185,1501,EC,OC
16308,91.5,94186,2609,CS,BCM
16309,91.5,94187,2357,EE,SCA
16310,91.5,94189,2622,ME,MBC
16311,91.5,94190,1238,CS,BCM
16312,91.5,94193,4672,ME,MBC
16313,91.5,94194,4968,CS,OC
16314,91.5,94195,1505,IT,BC
16315,91.5,94197,5,IT,SC
16316,91.5,94202,3926,ME,OC
16317,91.5,94203,2659,ME,OC
16318,91.5,94204,3782,EC,OC
16319,91.5,94205,5022,ME,OC
16320,91.5,94206,3425,EE,SC
16321,91.5,94207,3425,CE,OC
16322,91.5,94208,4953,EE,OC
16323,91.5,94210,1424,PE,OC
16324,91.5,94211,2349,CS,MBC
16325,91.5,94213,1325,EC,SC
16326,91.5,94214,5532,CS,SC
16327,91.5,94215,5915,ME,OC
16328,91.5,94216,2729,AD,BC
16329,91.5,94218,2609,EC,MBC
16330,91.5,94219,3464,CE,BC
16331,91.5,94220,2634,AE,OC
16332,91.5,94221,1322,CS,BC
16333,91.5,94222,3701,EC,OC
16334,91.5,94223,1317,EE,MBC
16335,91.5,94224,2640,CS,OC
16336,91.5,94226,2634,BM,SC
16337,91.5,94227,4954,CE,OC
16338,91.5,94229,4954,EE,OC
16339,91.5,94230,4961,EE,OC
16340,91.5,94233,4670,EE,BC
16341,91.5,94234,2641,ME,OC
16342,91.5,94236,3804,CS,BC
16343,91.5,94238,1409,BM,BC
16344,91.5,94239,5935,CS,MBC
16345,91.5,94243,2650,CS,BC
16346,91.5,94244,4968,CS,OC
16347,91.5,94245,1504,CE,OC
16348,91.5,94246,3825,ME,OC
16349,91.5,94247,3815,TX,MBC
16350,91.5,94249,2758,CE,OC
16351,91.5,94250,3458,AG,SC
16352,91.5,94251,1419,ME,MBC
16353,91.5,94253,2620,CS,SC
16354,91.5,94254,1510,CS,SC
16355,91.5,94255,2624,BT,OC
16356,91.5,94256,1322,CS,BC
16357,91.5,94257,2327,EC,OC
16358,91.5,94260,3811,CS,BCM
16359,91.5,94261,4675,CE,OC
16360,91.5,94263,2702,CE,SCA
16361,91.5,94264,1434,ME,OC
16362,91.5,94265,3016,ME,OC
16363,91.5,94269,2642,IT,MBC
16364,91.5,94273,1510,CS,MBC
16365,91.5,94275,1233,CS,MBC
16366,91.5,94276,2718,ME,SC
16367,91.5,94277,2642,ME,OC
16368,91.5,94278,3425,EC,BCM
16369,91.5,94279,2628,CS,OC
16370,91.5,94280,2707,CS,BC
16371,91.5,94281,2632,IT,MBC
16372,91.5,94282,3825,EE,OC
16373,91.5,94283,1504,BT,MBC
16374,91.5,94286,2624,FD,OC
16375,91.5,94289,5009,EE,SC
16376,91.5,94290,2623,BM,MBC
16377,91.5,94291,4953,ME,OC
16378,91.5,94292,3926,CS,OC
16379,91.5,94294,2314,CS,MBC
16380,91.5,94295,5862,BM,SC
16381,91.5,94296,2716,AG,BC
16382,91.5,94297,5919,EC,OC
16383,91.5,94300,2620,TS,BC
16384,91.5,94301,2618,FT,BC
16385,91.5,94304,2744,ME,OC
16386,91.5,94305,2624,CS,MBC
16387,91.5,94307,2726,ME,OC
16388,91.5,94308,2722,EC,SC
16389,91.5,94310,3459,CS,MBC
16390,91.5,94313,2715,ME,OC
16391,91.5,94314,2726,CE,OC
16392,91.5,94316,3825,EC,OC
16393,91.5,94318,3701,CS,SC
16394,91.5,94320,2727,BT,BCM
16395,91.5,94323,2729,AE,BC
16396,91.5,94324,1123,AE,OC
16397,91.5,94327,1408,EE,OC
16398,91.5,94328,2611,FD,BC
16399,91.5,94330,3801,EE,BC
16400,91.5,94331,2377,EE,SCA
16401,91.5,94332,4966,CS,BC
16402,91.5,94334,2734,CS,SCA
16403,91.5,94336,4957,EC,OC
16404,91.5,94337,2601,EC,BC
16405,91.5,94340,2723,ME,BC
16406,91.5,94342,2639,CS,MBC
16407,91.5,94343,2727,AG,SC
16408,91.5,94344,2721,CS,MBC
16409,91.5,94345,2624,PH,OC
16410,91.5,94346,1517,CS,OC
16411,91.5,94347,2706,CE,OC
16412,91.5,94348,3819,ME,BC
16413,91.5,94349,4678,EE,BC
16414,91.5,94350,5,CH,BC
16415,91.5,94353,4944,EC,BC
16416,91.5,94355,2634,AD,OC
16417,91.5,94357,4677,EE,OC
16418,91.5,94359,2347,ME,OC
16419,91.5,94360,1520,ME,OC
16420,91.5,94362,4978,CE,OC
16421,91.5,94363,2621,CE,OC
16422,91.5,94364,2609,EC,BC
16423,91.5,94365,1140,CS,BCM
16424,91.5,94366,5017,ME,OC
16425,91.5,94367,5009,EE,SC
16426,91.5,94368,2723,EC,SC
16427,91.5,94371,4020,ME,BC
16428,91.5,94372,4931,EC,OC
16429,91.5,94373,2634,AD,OC
16430,91.5,94374,1510,CS,BC
16431,91.5,94375,2314,EE,OC
16432,91.5,94376,1126,RM,SC
16433,91.5,94377,1322,CS,BC
16434,91.5,94378,4917,EE,BC
16435,91.5,94379,2652,CS,BC
16436,91.5,94381,5,IT,MBC
16437,91.5,94382,2734,EC,OC
16438,91.5,94383,2609,IT,SC
16439,91.5,94385,2610,EC,MBC
16440,91.5,94386,3803,IT,MBC
16441,91.5,94388,3454,CS,BC
16442,91.5,94389,2708,ME,OC
16443,91.5,94390,1207,CS,MBC
16444,91.5,94392,4998,EE,OC
16445,91.5,94393,5010,ME,BC
16446,91.5,94394,3454,CS,SC
16447,91.5,94395,2640,ME,OC
16448,91.5,94396,4957,ME,OC
16449,91.5,94397,3820,MZ,OC
16450,91.5,94398,2620,EE,SCA
16451,91.5,94399,1413,CS,BC
16452,91.5,94402,1408,IT,MBC
16453,91.5,94404,3425,ME,MBC
16454,91.5,94405,3019,CS,SC
16455,91.5,94409,2764,ME,MBC
16456,91.5,94410,2715,CS,SC
16457,91.5,94411,2643,CS,ST
16458,91.5,94413,2751,CS,SC
16459,91.5,94414,1202,CS,SC
16460,91.5,94416,4931,EC,OC
16461,91.5,94417,1116,CS,SC
16462,91.5,94421,4864,CS,BC
16463,91.5,94422,4944,CS,BC
16464,91.5,94423,5022,ME,OC
16465,91.5,94427,2614,ME,OC
16466,91.5,94428,4669,ME,OC
16467,91.5,94430,2752,CS,MBC
16468,91.5,94435,2357,CE,SC
16469,91.5,94436,4970,CS,MBC
16470,91.5,94437,2713,EC,OC
16471,91.5,94438,3833,CS,MBC
16472,91.5,94439,2006,AS,SCA
16473,91.5,94440,1303,BT,BC
16474,91.5,94441,3805,AD,BC
16475,91.5,94443,3813,IT,OC
16476,91.5,94444,2621,ME,OC
16477,91.5,94445,2725,EC,MBC
16478,91.5,94446,2623,CS,OC
16479,91.5,94447,4957,CS,SC
16480,91.5,94449,3843,CE,OC
16481,91.5,94450,1317,IT,SCA
16482,91.5,94451,3805,EE,OC
16483,91.5,94452,2715,AG,SC
16484,91.5,94453,4669,EC,BC
16485,91.5,94455,4967,EC,OC
16486,91.5,94457,2723,IT,MBC
16487,91.5,94461,3806,ME,OC
16488,91.5,94465,4933,EC,OC
16489,91.5,94466,2722,ME,OC
16490,91.5,94468,2618,ME,MBC
16491,91.5,94469,4994,CS,SC
16492,91.5,94471,2750,EE,BC
16493,91.5,94472,1303,AD,BC
16494,91.5,94473,2329,IT,SC
16495,91.5,94474,1322,ME,OC
16496,91.5,94476,1307,BM,MBC
16497,91.5,94479,2659,CS,BC
16498,91.5,94481,4917,CH,SC
16499,91.5,94482,2719,EC,SC
16500,91.5,94483,2750,EE,MBC
16501,91.5,94485,1509,CS,MBC
16502,91.5,94486,2606,EE,OC
16503,91.5,94487,3860,CS,OC
16504,91.5,94492,2622,ME,BC
16505,91.5,94493,1241,CS,OC
16506,91.5,94495,3805,PH,BC
16507,91.5,94496,1422,EE,BC
16508,91.5,94497,2715,BM,MBC
16509,91.5,94499,1408,IT,SC
16510,91.5,94503,3803,IT,SC
16511,91.5,94504,2610,EE,SCA
16512,91.5,94506,3908,CS,BC
16513,91.5,94508,2639,CS,MBC
16514,91.5,94511,4944,CS,MBC
16515,91.5,94514,2609,PH,OC
16516,91.5,94515,2722,ME,OC
16517,91.5,94516,5010,ME,BC
16518,91.5,94517,2621,EC,OC
16519,91.5,94518,2329,AD,SC
16520,91.5,94519,5930,CE,OC
16521,91.5,94521,3849,EE,OC
16522,91.5,94522,1412,IT,OC
16523,91.5,94524,2743,BM,SC
16524,91.5,94525,2610,EC,BC
16525,91.5,94526,2357,ME,BC
16526,91.5,94527,2634,IT,OC
16527,91.5,94529,2710,EE,MBC
16528,91.5,94530,1414,EC,BC
16529,91.5,94532,2769,PE,MBC
16530,91.5,94535,5919,CH,OC
16531,91.5,94536,3806,IT,MBC
16532,91.5,94537,4999,CS,OC
16533,91.5,94538,2625,AG,SC
16534,91.5,94541,3016,CS,BC
16535,91.5,94542,1311,EC,MBC
16536,91.5,94544,2617,CS,OC
16537,91.5,94545,2613,CS,MBC
16538,91.5,94548,3829,ME,OC
16539,91.5,94549,3011,CE,SC
16540,91.5,94550,1118,IT,SC
16541,91.5,94551,1412,CS,MBC
16542,91.5,94553,4964,CS,SC
16543,91.5,94554,2735,ME,BC
16544,91.5,94555,3811,EC,OC
16545,91.5,94556,2659,EE,OC
16546,91.5,94557,1207,EC,OC
16547,91.5,94558,4669,CS,BC
16548,91.5,94560,5022,EE,OC
16549,91.5,94561,1408,CS,BC
16550,91.5,94562,1432,CS,SC
16551,91.5,94563,4928,CS,BC
16552,91.5,94565,1322,AG,OC
16553,91.5,94566,5,CS,BC
16554,91.5,94567,1311,EC,SC
16555,91.5,94568,1202,CS,SC
16556,91.5,94571,2369,ME,BC
16557,91.5,94574,5532,EE,BC
16558,91.5,94575,2758,EE,OC
16559,91.5,94576,1014,EC,BC
16560,91.5,94577,1303,EC,OC
16561,91.5,94578,4917,ME,OC
16562,91.5,94581,3805,CH,OC
16563,91.5,94583,4993,BM,BC
16564,91.5,94584,5009,EE,SC
16565,91.5,94585,5,ME,SC
16566,91.5,94586,4941,CS,OC
16567,91.5,94587,2347,CS,MBC
16568,91.5,94588,5910,CE,SC
16569,91.5,94591,2622,EC,MBC
16570,91.5,94592,3819,ME,BCM
16571,91.5,94594,3830,CB,BC
16572,91.5,94596,1413,CS,MBC
16573,91.5,94597,3918,CS,MBC
16574,91.5,94598,4964,CS,SC
16575,91.5,94601,1313,BM,OC
16576,91.5,94602,1207,EC,OC
16577,91.5,94604,2632,CS,MBC
16578,91.5,94605,1505,CS,SC
16579,91.5,94606,2613,EE,BC
16580,91.5,94607,3786,CS,BCM
16581,91.5,94609,5907,EE,OC
16582,91.5,94610,3459,CS,BC
16583,91.5,94615,4993,CS,BC
16584,91.5,94616,5915,CS,BC
16585,91.5,94618,3782,ME,OC
16586,91.5,94619,2328,BM,SC
16587,91.5,94620,2636,EC,MBC
16588,91.5,94621,2634,AE,OC
16589,91.5,94622,5986,CS,SC
16590,91.5,94623,2620,EE,BC
16591,91.5,94624,2611,CH,OC
16592,91.5,94626,5910,CE,BC
16593,91.5,94627,2618,EE,BCM
16594,91.5,94628,5,ME,MBC
16595,91.5,94629,1408,EC,OC
16596,91.2,94634,2347,ME,OC
16597,91.2,94635,2350,CS,OC
16598,91.2,94636,2350,ME,OC
16599,91.0,94637,3021,EE,OC
16600,91.0,94639,2741,CS,MBC
16601,91.0,94640,1014,EC,MBC
16602,91.0,94641,2652,ME,OC
16603,91.0,94642,3803,ME,BC
16604,91.0,94644,2740,EC,BC
16605,91.0,94646,2609,ME,OC
16606,91.0,94647,2726,CE,OC
16607,91.0,94648,1411,ME,OC
16608,91.0,94649,2628,BM,MBC
16609,91.0,94650,2725,EC,MBC
16610,91.0,94651,3425,EC,SC
16611,91.0,94652,1452,EC,MBC
16612,91.0,94653,3825,CS,BC
16613,91.0,94654,3011,AU,MBC
16614,91.0,94655,1114,CS,SC
16615,91.0,94657,2610,BT,MBC
16616,91.0,94658,2723,IT,MBC
16617,91.0,94660,4669,CS,BC
16618,91.0,94663,3817,CS,BC
16619,91.0,94664,2721,CS,SC
16620,91.0,94669,5902,CS,MBC
16621,91.0,94671,1015,EE,SC
16622,91.0,94672,2612,CS,OC
16623,91.0,94673,2750,EE,BC
16624,91.0,94674,4992,ME,OC
16625,91.0,94675,3841,CS,BC
16626,91.0,94676,4670,CE,BC
16627,91.0,94678,1304,BM,SCA
16628,91.0,94679,4023,EE,BC
16629,91.0,94680,2723,CS,MBC
16630,91.0,94681,3804,ME,OC
16631,91.0,94682,2625,BM,SC
16632,91.0,94683,2606,ME,OC
16633,91.0,94684,4965,ME,OC
16634,91.0,94686,2624,PH,OC
16635,91.0,94687,4966,ME,OC
16636,91.0,94688,1325,EC,BC
16637,91.0,94689,3021,ME,OC
16638,91.0,94690,3848,CS,OC
16639,91.0,94695,2634,CS,MBC
16640,91.0,94697,3456,ME,OC
16641,91.0,94698,1207,IT,OC
16642,91.0,94699,2609,PH,OC
16643,91.0,94700,2627,BT,MBC
16644,91.0,94701,2755,FD,SC
16645,91.0,94702,3820,CS,OC
16646,91.0,94703,1413,EC,OC
16647,91.0,94704,1401,IT,MBC
16648,91.0,94705,2367,ME,OC
16649,91.0,94707,2314,CS,BC
16650,91.0,94708,2647,IT,OC
16651,91.0,94709,1110,ME,OC
16652,91.0,94711,3841,CS,MBC
16653,91.0,94713,1322,CS,SC
16654,91.0,94714,2613,CS,MBC
16655,91.0,94715,3804,CS,BC
16656,91.0,94717,3011,CE,SC
16657,91.0,94718,5,CS,SC
16658,91.0,94719,2651,ME,OC
16659,91.0,94720,3410,ME,OC
16660,91.0,94721,3801,IT,BC
16661,91.0,94723,2345,EC,SC
16662,91.0,94724,4964,AE,OC
16663,91.0,94729,1307,IT,MBC
16664,91.0,94730,3807,ME,OC
16665,91.0,94731,1518,CS,OC
16666,91.0,94733,2651,EC,SC
16667,91.0,94734,3786,AE,OC
16668,91.0,94735,2624,CS,BC
16669,91.0,94737,3820,ME,OC
16670,91.0,94738,2329,ME,BC
16671,91.0,94739,3811,ME,OC
16672,91.0,94742,2608,ME,BC
16673,91.0,94743,4953,ME,OC
16674,91.0,94747,2640,CS,OC
16675,91.0,94748,1303,EC,OC
16676,91.0,94750,2347,ME,OC
16677,91.0,94751,1303,EC,OC
16678,91.0,94752,4917,ME,OC
16679,91.0,94755,2715,EE,BC
16680,91.0,94756,4965,EE,MBC
16681,91.0,94757,2727,IT,MBC
16682,91.0,94758,1216,EC,MBC
16683,91.0,94759,1509,IT,OC
16684,91.0,94760,3462,ME,OC
16685,91.0,94761,5,CS,SC
16686,91.0,94762,1225,CS,SC
16687,91.0,94763,3817,CS,MBC
16688,91.0,94764,2763,CS,SC
16689,91.0,94768,2627,CS,MBC
16690,91.0,94770,4961,CS,OC
16691,91.0,94773,3464,CE,SC
16692,91.0,94775,4953,IT,BC
16693,91.0,94776,5988,EE,OC
16694,91.0,94778,2610,AD,MBC
16695,91.0,94779,2741,CS,MBC
16696,91.0,94780,2726,FD,MBC
16697,91.0,94783,2627,BT,BCM
16698,91.0,94785,2624,CS,SC
16699,91.0,94786,3803,CH,OC
16700,91.0,94789,3806,CS,BC
16701,91.0,94792,4965,EC,MBC
16702,91.0,94794,3806,CS,SC
16703,91.0,94795,5832,EC,OC
16704,91.0,94796,3918,CE,OC
16705,91.0,94798,3812,CE,OC
16706,91.0,94799,2642,CS,SC
16707,91.0,94801,2646,ME,OC
16708,91.0,94802,2739,CO,MBC
16709,91.0,94803,2606,EE,OC
16710,91.0,94804,1126,RM,MBC
16711,91.0,94805,2628,AD,MBC
16712,91.0,94807,3843,ME,OC
16713,91.0,94808,1426,IT,OC
16714,91.0,94809,4966,CS,SC
16715,91.0,94812,2725,CS,BCM
16716,91.0,94813,3831,ME,OC
16717,91.0,94814,5530,EC,MBC
16718,91.0,94816,2632,IT,MBC
16719,91.0,94819,3760,CS,OC
16720,91.0,94820,3454,CS,MBC
16721,91.0,94823,3805,CS,MBC
16722,91.0,94824,2611,CH,SC
16723,91.0,94825,5502,ME,SC
16724,91.0,94827,1421,CE,OC
16725,91.0,94828,4675,ME,OC
16726,91.0,94829,3855,CS,OC
16727,91.0,94830,3795,CE,OC
16728,91.0,94831,5912,CS,OC
16729,91.0,94834,5910,ME,BC
16730,91.0,94836,1505,IT,MBC
16731,91.0,94838,2636,EC,MBC
16732,91.0,94839,5912,EE,OC
16733,91.0,94841,1442,CS,BC
16734,91.0,94843,2360,MZ,OC
16735,91.0,94844,3804,EC,OC
16736,91.0,94845,1452,EC,BC
16737,91.0,94847,3843,ME,OC
16738,91.0,94848,4917,CS,MBC
16739,91.0,94849,2618,MZ,BC
16740,91.0,94851,1518,IT,OC
16741,91.0,94853,3826,ME,SC
16742,91.0,94855,2608,ME,MBC
16743,91.0,94856,2740,CS,SC
16744,91.0,94857,1114,EE,OC
16745,91.0,94859,1126,CS,SC
16746,91.0,94860,2750,AE,SC
16747,91.0,94861,2620,TS,SC
16748,91.0,94862,3810,CE,OC
16749,91.0,94864,2640,CS,OC
16750,91.0,94865,5536,EC,SCA
16751,91.0,94867,4980,EE,OC
16752,91.0,94868,2622,IT,SC
16753,91.0,94871,4680,ME,BC
16754,91.0,94872,1303,EE,OC
16755,91.0,94873,4969,CS,SC
16756,91.0,94874,5533,CS,OC
16757,91.0,94876,2625,BM,BC
16758,91.0,94877,2618,FT,BC
16759,91.0,94878,3808,CS,OC
16760,91.0,94879,2734,AD,MBC
16761,91.0,94880,1207,EC,OC
16762,91.0,94881,3854,CS,OC
16763,91.0,94883,1202,IT,MBC
16764,91.0,94884,1301,ME,OC
16765,91.0,94885,2609,PH,OC
16766,91.0,94886,2705,IT,OC
16767,91.0,94887,1436,CS,OC
16768,91.0,94890,2624,BM,ST
16769,91.0,94891,1408,CE,OC
16770,91.0,94894,2621,IT,BC
16771,91.0,94895,5832,EC,OC
16772,91.0,94897,1437,ME,OC
16773,91.0,94898,3817,CS,SC
16774,91.0,94899,5703,ME,OC
16775,91.0,94901,3814,CS,OC
16776,91.0,94903,4953,CS,BC
16777,91.0,94904,1441,EE,OC
16778,91.0,94906,3831,CS,OC
16779,91.0,94907,2710,CE,MBC
16780,91.0,94908,4928,CS,BC
16781,91.0,94909,3826,ME,BC
16782,91.0,94910,1504,CE,OC
16783,91.0,94911,2707,CS,BC
16784,91.0,94912,3908,CS,SC
16785,91.0,94913,2715,ME,OC
16786,91.0,94914,2750,AG,SC
16787,91.0,94915,4969,EC,OC
16788,91.0,94916,3855,CS,OC
16789,91.0,94917,5910,CE,BC
16790,91.0,94920,2767,BM,MBC
16791,91.0,94923,3805,FD,SC
16792,91.0,94927,1421,CE,OC
16793,91.0,94929,3804,CS,MBC
16794,91.0,94930,3805,ME,OC
16795,91.0,94931,1504,EE,MBC
16796,91.0,94933,2610,EE,MBC
16797,91.0,94934,3701,CE,BC
16798,91.0,94936,5009,CE,BC
16799,91.0,94938,2643,EC,OC
16800,91.0,94941,2673,EE,OC
16801,91.0,94942,1505,ME,OC
16802,91.0,94944,3466,ME,OC
16803,91.0,94948,3425,ME,MBC
16804,91.0,94949,2341,CS,OC
16805,91.0,94950,2329,BM,BC
16806,91.0,94952,4962,CE,BC
16807,91.0,94954,1122,ME,OC
16808,91.0,94955,2609,FD,MBC
16809,91.0,94960,2715,CS,SC
16810,91.0,94962,4953,EC,MBC
16811,91.0,94963,2707,AG,MBC
16812,91.0,94964,2634,CS,MBC
16813,91.0,94965,2628,BM,SC
16814,91.0,94967,2657,CE,OC
16815,91.0,94969,1407,CS,OC
16816,91.0,94970,3806,CS,MBC
16817,91.0,94973,3829,IT,BC
16818,91.0,94974,3806,EC,OC
16819,91.0,94975,1501,IT,BC
16820,91.0,94977,1304,ME,SC
16821,91.0,94979,5901,ME,SCA
16822,91.0,94980,1149,ME,OC
16823,91.0,94982,2627,ME,OC
16824,91.0,94983,2707,CS,SC
16825,91.0,94984,5,CH,BC
16826,91.0,94987,1123,AE,OC
16827,91.0,94988,2609,EC,MBC
16828,91.0,94990,4993,IT,BC
16829,91.0,94991,2640,ME,OC
16830,91.0,94992,2713,CS,SCA
16831,91.0,94993,5930,CS,SC
16832,91.0,94994,1225,CS,SC
16833,91.0,94996,3817,ME,SC
16834,91.0,94997,2731,EC,OC
16835,91.0,94998,4980,CS,BCM
16836,91.0,95001,2721,CS,MBC
16837,91.0,95002,5919,ME,OC
16838,91.0,95003,3410,CE,OC
16839,91.0,95008,4020,ME,SC
16840,91.0,95009,1026,EC,ST
16841,91.0,95010,3826,CE,BC
16842,91.0,95011,4961,CS,OC
16843,91.0,95013,5912,ME,OC
16844,91.0,95017,3795,EC,MBC
16845,91.0,95018,5915,EE,OC
16846,91.0,95019,2646,CS,BC
16847,91.0,95020,1510,EC,OC
16848,91.0,95021,2706,ME,BC
16849,91.0,95022,2751,EC,BC
16850,91.0,95024,5703,CS,BC
16851,91.0,95025,3459,ME,OC
16852,91.0,95026,4917,EC,SC
16853,91.0,95028,2606,CS,MBC
16854,91.0,95029,3801,EE,MBC
16855,91.0,95032,3841,CE,OC
16856,91.0,95033,5910,EC,SC
16857,91.0,95035,5986,CS,SC
16858,91.0,95036,5930,CS,MBC
16859,91.0,95038,2725,EE,OC
16860,91.0,95039,4994,CS,BC
16861,91.0,95041,2727,FD,BC
16862,91.0,95042,4917,CS,MBC
16863,91.0,95043,5009,EE,SCA
16864,91.0,95045,3806,CS,BC
16865,91.0,95048,4966,CS,BC
16866,91.0,95049,5,ME,MBC
16867,91.0,95050,2708,FD,SCA
16868,91.0,95051,2636,CS,BC
16869,91.0,95052,2622,ME,BC
16870,91.0,95053,4980,CS,BC
16871,91.0,95054,4952,CS,OC
16872,91.0,95055,2708,EI,BC
16873,91.0,95056,2614,CS,OC
16874,91.0,95058,2620,CS,SC
16875,91.0,95061,2621,EC,OC
16876,91.0,95065,4933,ME,OC
16877,91.0,95066,3425,CE,OC
16878,91.0,95070,2743,AD,BC
16879,91.0,95073,3825,EC,OC
16880,91.0,95075,4024,EE,BC
16881,91.0,95077,2615,ME,ST
16882,91.0,95078,4981,CS,MBC
16883,91.0,95079,3854,ME,OC
16884,91.0,95080,4934,EC,OC
16885,91.0,95081,2707,AD,SC
16886,91.0,95084,4670,CE,BC
16887,91.0,95085,3825,CS,BC
16888,91.0,95088,3760,CS,OC
16889,91.0,95090,2707,CS,BC
16890,91.0,95092,2651,EC,BC
16891,91.0,95093,1422,ME,MBC
16892,91.0,95094,1319,CS,OC
16893,91.0,95095,2769,CE,OC
16894,91.0,95097,3814,CS,OC
16895,91.0,95098,4955,EE,OC
16896,91.0,95099,3464,CE,SC
16897,91.0,95100,2729,AE,BC
16898,91.0,95104,2752,EE,OC
16899,91.0,95106,2608,ME,BC
16900,91.0,95108,4955,IT,MBC
16901,91.0,95109,1523,IT,BC
16902,91.0,95110,2740,EC,BC
16903,91.0,95113,1225,IT,SC
16904,91.0,95114,4670,ME,BC
16905,91.0,95115,1110,IT,MBC
16906,91.0,95117,1118,EC,MBC
16907,91.0,95119,5832,EC,OC
16908,91.0,95120,3846,CS,OC
16909,91.0,95122,1509,IT,OC
16910,91.0,95123,2740,AE,SC
16911,91.0,95126,3454,CS,MBC
16912,91.0,95127,4965,BM,SC
16913,91.0,95128,4994,CS,SC
16914,91.0,95130,3410,EE,MBC
16915,91.0,95133,1407,CS,OC
16916,91.0,95134,2621,IT,BC
16917,91.0,95136,1202,IT,BC
16918,91.0,95137,1110,CS,MBC
16919,91.0,95138,1419,ME,MBC
16920,91.0,95139,2639,CS,MBC
16921,91.0,95140,2749,AD,OC
16922,91.0,95141,5022,ME,OC
16923,91.0,95142,4670,CE,BC
16924,91.0,95143,2341,EE,OC
16925,91.0,95144,2636,EE,BC
16926,91.0,95147,2750,AE,SC
16927,91.0,95149,2646,CS,MBC
16928,91.0,95152,3811,CS,BC
16929,91.0,95153,2706,CE,OC
16930,91.0,95155,1518,IT,OC
16931,91.0,95156,2716,EE,OC
16932,91.0,95157,2651,EC,MBC
16933,91.0,95159,2606,CS,MBC
16934,91.0,95160,2750,EE,BC
16935,91.0,95161,1411,IT,OC
16936,91.0,95165,1207,EC,OC
16937,91.0,95167,4917,ME,OC
16938,91.0,95169,2624,AD,OC
16939,91.0,95174,4959,CE,OC
16940,91.0,95175,3820,CS,OC
16941,91.0,95176,2606,CS,BCM
16942,91.0,95179,1523,CS,MBC
16943,91.0,95182,5862,BM,BC
16944,91.0,95184,2314,EC,BC
16945,91.0,95185,4928,CS,BC
16946,91.0,95187,5,EE,MBC
16947,91.0,95190,4964,CS,BC
16948,91.0,95191,1307,BM,SC
16949,91.0,95192,4994,CS,BC
16950,91.0,95193,1421,EC,OC
16951,91.0,95194,4973,CS,OC
16952,91.0,95196,5009,ME,SC
16953,91.0,95199,1317,EI,BC
16954,91.0,95202,2601,EC,MBC
16955,91.0,95205,4680,ME,MBC
16956,91.0,95206,2755,AG,SC
16957,91.0,95207,4975,ME,OC
16958,91.0,95208,2707,CS,SC
16959,91.0,95209,1518,CS,OC
16960,91.0,95210,1452,EC,BC
16961,91.0,95211,3019,CE,OC
16962,91.0,95212,1303,CS,BCM
16963,91.0,95213,4966,EC,OC
16964,91.0,95214,2721,EC,OC
16965,91.0,95215,3825,EC,OC
16966,91.0,95216,3016,CS,SC
16967,91.0,95218,2653,CS,SC
16968,91.0,95219,2624,CS,MBC
16969,91.0,95220,1316,IT,BC
16970,91.0,95221,2609,IT,SC
16971,91.0,95223,2621,EC,OC
16972,91.0,95224,2755,CS,BC
16973,91.0,95225,1202,CS,BC
16974,91.0,95226,1116,CS,BC
16975,91.0,95228,2622,CE,BC
16976,91.0,95231,4965,EC,SC
16977,91.0,95232,1419,ME,SC
16978,91.0,95233,2607,MZ,OC
16979,91.0,95237,3815,BT,SC
16980,91.0,95244,1324,EC,SC
16981,91.0,95245,4971,EE,BC
16982,90.8,95248,2357,ME,BC
16983,90.8,95249,5,ME,SC
16984,90.5,95250,1306,CS,SC
16985,90.5,95253,1310,IT,BC
16986,90.5,95254,2608,ME,BC
16987,90.5,95255,4944,CS,SC
16988,90.5,95256,2707,CH,SC
16989,90.5,95257,4965,CE,OC
16990,90.5,95258,1408,EC,OC
16991,90.5,95260,4672,ME,SC
16992,90.5,95261,4984,EC,OC
16993,90.5,95263,2641,CS,MBC
16994,90.5,95264,1452,EC,SC
16995,90.5,95266,5919,CS,BC
16996,90.5,95267,2614,EE,OC
16997,90.5,95269,3905,CS,MBC
16998,90.5,95270,2638,CS,OC
16999,90.5,95272,2369,ME,SC
17000,90.5,95273,2722,CE,SC
17001,90.5,95277,3760,EC,MBC
17002,90.5,95278,2632,ME,OC
17003,90.5,95279,1310,ME,OC
17004,90.5,95283,5,CH,SC
17005,90.5,95286,1013,ME,SC
17006,90.5,95287,4670,EC,SC
17007,90.5,95289,5703,EC,BC
17008,90.5,95290,2776,CS,BC
17009,90.5,95293,1437,CS,OC
17010,90.5,95294,4981,CE,OC
17011,90.5,95295,2328,CS,BC
17012,90.5,95296,5832,EC,OC
17013,90.5,95298,2751,AD,MBC
17014,90.5,95299,4669,EE,OC
17015,90.5,95300,3803,EE,SC
17016,90.5,95301,2729,CB,OC
17017,90.5,95302,5907,ME,OC
17018,90.5,95306,3905,EE,MBC
17019,90.5,95307,4678,CS,SC
17020,90.5,95308,5536,EC,BC
17021,90.5,95309,2642,CE,OC
17022,90.5,95312,3810,AG,BC
17023,90.5,95314,2758,EE,OC
17024,90.5,95315,3845,EE,OC
17025,90.5,95317,3805,PH,SC
17026,90.5,95318,3826,ME,MBC
17027,90.5,95319,3804,EC,OC
17028,90.5,95320,1231,CS,SC
17029,90.5,95321,1441,EE,OC
17030,90.5,95322,2613,IT,MBC
17031,90.5,95324,3786,CS,BC
17032,90.5,95326,2608,ME,BC
17033,90.5,95327,1409,BM,SC
17034,90.5,95328,1310,CS,MBC
17035,90.5,95329,2752,EE,OC
17036,90.5,95330,2643,EC,OC
17037,90.5,95331,2723,CE,MBC
17038,90.5,95333,5009,EE,SC
17039,90.5,95334,1307,BM,MBC
17040,90.5,95336,1420,CS,BC
17041,90.5,95337,2638,CS,OC
17042,90.5,95338,3018,ME,OC
17043,90.5,95339,2632,IT,BC
17044,90.5,95342,2611,EC,OC
17045,90.5,95343,2752,IT,MBC
17046,90.5,95344,4676,EC,MBC
17047,90.5,95346,3021,CS,SC
17048,90.5,95347,2328,EE,OC
17049,90.5,95348,2345,CE,OC
17050,90.5,95349,2314,EE,OC
17051,90.5,95350,3829,IT,BCM
17052,90.5,95352,2618,EC,SC
17053,90.5,95353,2708,AG,BC
17054,90.5,95354,2632,IT,SC
17055,90.5,95356,3806,EC,OC
17056,90.5,95357,2716,ME,OC
17057,90.5,95358,1452,EC,MBC
17058,90.5,95360,1408,CS,BCM
17059,90.5,95361,4964,CS,MBC
17060,90.5,95362,2611,CE,OC
17061,90.5,95363,3805,ME,OC
17062,90.5,95364,1605,IT,OC
17063,90.5,95365,3847,CH,SC
17064,90.5,95366,4965,EE,BC
17065,90.5,95367,1413,EC,MBC
17066,90.5,95368,2716,IT,SC
17067,90.5,95370,4972,EC,BC
17068,90.5,95371,4953,ME,OC
17069,90.5,95372,2659,CS,MBC
17070,90.5,95373,2611,AE,OC
17071,90.5,95374,1207,IT,OC
17072,90.5,95375,2606,CS,MBC
17073,90.5,95376,2664,TX,OC
17074,90.5,95377,1026,EE,SC
17075,90.5,95378,3021,EC,OC
17076,90.5,95380,1416,BM,OC
17077,90.5,95381,2710,ME,MBC
17078,90.5,95382,4917,ME,OC
17079,90.5,95383,2622,IT,SC
17080,90.5,95384,3825,CS,BC
17081,90.5,95385,1521,CS,OC
17082,90.5,95386,1523,CS,SC
17083,90.5,95387,2636,EC,MBC
17084,90.5,95390,3782,EE,OC
17085,90.5,95391,1521,CS,OC
17086,90.5,95392,2711,CS,SC
17087,90.5,95393,2338,BM,OC
17088,90.5,95394,2715,ME,OC
17089,90.5,95395,1510,ME,OC
17090,90.5,95397,4965,ME,OC
17091,90.5,95398,2630,CS,MBC
17092,90.5,95400,2628,BM,MBC
17093,90.5,95404,2608,CE,SCA
17094,90.5,95405,3016,CS,BC
17095,90.5,95406,2734,CS,SC
17096,90.5,95407,2743,EC,OC
17097,90.5,95409,2709,IT,SC
17098,90.5,95410,1416,BM,MBC
17099,90.5,95412,5904,EI,OC
17100,90.5,95413,2636,EE,MBC
17101,90.5,95414,3806,ME,OC
17102,90.5,95415,1504,CS,MBC
17103,90.5,95417,2611,CE,OC
17104,90.5,95418,2741,EC,BC
17105,90.5,95419,2755,CS,BC
17106,90.5,95421,1120,AD,SC
17107,90.5,95422,3831,ME,OC
17108,90.5,95423,2762,CE,OC
17109,90.5,95424,4989,CS,OC
17110,90.5,95428,2752,CS,MBC
17111,90.5,95429,2609,CH,BC
17112,90.5,95430,1525,EC,OC
17113,90.5,95431,3805,ME,OC
17114,90.5,95432,2651,CS,BC
17115,90.5,95433,1316,CE,OC
17116,90.5,95434,4917,CE,BC
17117,90.5,95436,3786,ME,OC
17118,90.5,95437,2314,AG,SCA
17119,90.5,95442,2610,EE,BC
17120,90.5,95444,4680,CS,SC
17121,90.5,95445,2357,EE,BC
17122,90.5,95446,2614,CS,OC
17123,90.5,95448,2705,CE,OC
17124,90.5,95449,5010,ME,SC
17125,90.5,95451,1501,CS,BC
17126,90.5,95452,1137,CS,SC
17127,90.5,95453,2608,ME,BC
17128,90.5,95454,1412,CS,MBC
17129,90.5,95455,2332,CS,OC
17130,90.5,95457,2750,AG,BCM
17131,90.5,95459,1409,BT,SC
17132,90.5,95460,2707,BM,BC
17133,90.5,95461,4954,EE,OC
17134,90.5,95462,1233,EC,SC
17135,90.5,95463,1140,EE,OC
17136,90.5,95464,4672,EC,MBC
17137,90.5,95465,3807,ME,OC
17138,90.5,95466,1510,CS,SC
17139,90.5,95467,2347,CS,MBC
17140,90.5,95468,1316,CS,BC
17141,90.5,95469,2702,CS,SCA
17142,90.5,95470,1322,IT,MBC
17143,90.5,95472,2357,ME,SCA
17144,90.5,95475,3815,ME,OC
17145,90.5,95476,2651,EC,SC
17146,90.5,95477,2328,ME,OC
17147,90.5,95478,4672,CS,BC
17148,90.5,95479,2609,IT,SC
17149,90.5,95482,4994,ME,OC
17150,90.5,95483,2726,EE,OC
17151,90.5,95485,2733,CS,OC
17152,90.5,95486,2729,CS,SC
17153,90.5,95487,1412,EC,OC
17154,90.5,95489,3860,CS,OC
17155,90.5,95490,1407,CS,OC
17156,90.5,95491,2744,IT,MBC
17157,90.5,95492,5919,CH,OC
17158,90.5,95494,1015,EC,MBC
17159,90.5,95495,2659,EC,BC
17160,90.5,95496,2651,FT,BC
17161,90.5,95497,1216,CS,SC
17162,90.5,95498,3805,AD,BC
17163,90.5,95499,2611,EC,OC
17164,90.5,95500,2314,CS,SC
17165,90.5,95501,4957,IT,BC
17166,90.5,95502,2609,ME,OC
17167,90.5,95506,2634,IT,OC
17168,90.5,95508,3829,EE,OC
17169,90.5,95510,2607,TX,BC
17170,90.5,95512,2711,CS,SC
17171,90.5,95513,2639,EC,BC
17172,90.5,95514,2607,EC,MBC
17173,90.5,95516,5865,EC,BCM
17174,90.5,95518,2763,CE,OC
17175,90.5,95520,3905,CE,OC
17176,90.5,95521,1322,CS,SCA
17177,90.5,95522,5930,EE,OC
17178,90.5,95526,1444,EC,OC
17179,90.5,95528,2727,FD,BC
17180,90.5,95530,2722,CE,SC
17181,90.5,95531,2707,CS,BC
17182,90.5,95532,2715,EE,BC
17183,90.5,95533,4669,EC,SC
17184,90.5,95534,2609,AO,BC
17185,90.5,95535,1408,CS,MBC
17186,90.5,95536,5915,EC,OC
17187,90.5,95538,4672,EC,MBC
17188,90.5,95539,2723,CE,BC
17189,90.5,95540,1127,CS,OC
17190,90.5,95542,3804,AG,OC
17191,90.5,95545,1424,PE,BC
17192,90.5,95547,4917,EC,MBC
17193,90.5,95548,3812,CS,SC
17194,90.5,95550,1324,CO,SC
17195,90.5,95551,2609,CS,BC
17196,90.5,95552,3011,AU,BC
17197,90.5,95554,2702,AU,MBC
17198,90.5,95555,2659,EE,OC
17199,90.5,95556,2601,EE,OC
17200,90.5,95559,1123,CS,OC
17201,90.5,95560,3806,IT,MBC
17202,90.5,95562,5533,ME,OC
17203,90.5,95563,1414,EC,BC
17204,90.5,95565,2758,ME,OC
17205,90.5,95568,2328,IT,MBC
17206,90.5,95569,3807,EC,OC
17207,90.5,95570,2636,CS,BCM
17208,90.5,95571,3908,ME,OC
17209,90.5,95573,3843,CE,OC
17210,90.5,95574,3805,AD,MBC
17211,90.5,95576,2749,IT,OC
17212,90.5,95577,4917,ME,OC
17213,90.5,95578,4934,CS,BC
17214,90.5,95579,4686,CS,OC
17215,90.5,95580,2610,EE,BCM
17216,90.5,95581,2708,MZ,BCM
17217,90.5,95582,3905,EC,OC
17218,90.5,95584,1324,EE,SC
17219,90.5,95585,2713,EE,OC
17220,90.5,95586,4955,ME,MBC
17221,90.5,95588,1304,ME,MBC
17222,90.5,95590,2706,AU,OC
17223,90.5,95591,2741,CE,OC
17224,90.5,95592,2632,CS,MBC
17225,90.5,95593,2620,EC,SC
17226,90.5,95595,2653,ME,BC
17227,90.5,95596,2346,ME,OC
17228,90.5,95597,4944,CE,OC
17229,90.5,95599,3817,CS,BC
17230,90.5,95602,2743,CB,OC
17231,90.5,95604,2643,CS,BC
17232,90.5,95606,2762,CS,BC
17233,90.5,95607,2625,AG,SC
17234,90.5,95608,3019,EE,OC
17235,90.5,95611,5988,EC,OC
17236,90.5,95612,5022,CE,OC
17237,90.5,95613,3807,EC,OC
17238,90.5,95615,1424,CS,OC
17239,90.5,95616,2609,CS,MBC
17240,90.5,95617,1133,ME,OC
17241,90.5,95618,1518,IT,OC
17242,90.5,95620,3701,CS,MBC
17243,90.5,95623,2639,CS,MBC
17244,90.5,95624,2329,AG,MBC
17245,90.5,95626,2632,CS,BC
17246,90.5,95630,3844,BM,OC
17247,90.5,95631,1303,CS,BC
17248,90.5,95632,2613,EE,MBC
17249,90.5,95633,2733,ME,OC
17250,90.5,95635,3410,CS,MBC
17251,90.5,95636,4957,ME,OC
17252,90.5,95637,5533,ME,OC
17253,90.5,95638,4999,CS,OC
17254,90.5,95639,2638,EC,OC
17255,90.5,95642,4928,EC,OC
17256,90.5,95643,2627,EC,OC
17257,90.5,95645,5902,EC,OC
17258,90.5,95646,2613,ME,OC
17259,90.5,95648,2715,ME,OC
17260,90.5,95651,2623,EC,OC
17261,90.5,95653,2611,AG,MBC
17262,90.5,95654,2610,BM,BC
17263,90.5,95657,3803,ME,SC
17264,90.5,95662,5902,IT,OC
17265,90.5,95663,1237,MZ,OC
17266,90.5,95665,2609,CS,BC
17267,90.5,95668,3016,CS,BC
17268,90.5,95668,3810,CS,BC
17269,90.5,95669,4965,ME,OC
17270,90.5,95672,2639,CS,BC
17271,90.5,95673,2621,MZ,OC
17272,90.5,95674,2648,CS,OC
17273,90.5,95675,1303,EC,OC
17274,90.5,95676,2623,BM,ST
17275,90.5,95677,3825,EE,OC
17276,90.5,95678,2623,EE,OC
17277,90.5,95680,3905,ME,OC
17278,90.5,95682,2727,EE,BC
17279,90.5,95685,1126,EC,OC
17280,90.5,95686,2726,EC,BC
17281,90.5,95687,2767,EE,OC
17282,90.5,95690,3843,CS,SC
17283,90.5,95692,2733,CS,MBC
17284,90.5,95694,3810,CS,BC
17285,90.5,95695,2744,ME,OC
17286,90.5,95696,4955,EE,OC
17287,90.5,95698,2776,CS,BC
17288,90.5,95699,3905,EC,OC
17289,90.5,95700,2651,CS,SC
17290,90.5,95701,2618,CS,SC
17291,90.5,95703,2625,CS,OC
17292,90.5,95705,2708,CE,SC
17293,90.5,95706,2611,BM,BCM
17294,90.5,95707,2610,CS,MBC
17295,90.5,95708,2611,MC,OC
17296,90.5,95709,2624,CS,SC
17297,90.5,95710,3805,ME,OC
17298,90.5,95714,2772,CS,OC
17299,90.5,95715,5988,CS,MBC
17300,90.5,95716,4931,ME,OC
17301,90.5,95720,4677,EC,OC
17302,90.5,95721,4953,EE,OC
17303,90.5,95722,3831,ME,OC
17304,90.5,95723,2755,CS,BC
17305,90.5,95724,4969,EC,OC
17306,90.5,95725,3456,CS,OC
17307,90.5,95726,2639,CS,BC
17308,90.5,95731,2721,CS,MBC
17309,90.5,95732,4931,EC,OC
17310,90.5,95733,1525,CS,OC
17311,90.5,95737,5,IT,SC
17312,90.5,95738,2623,CS,OC
17313,90.5,95739,3847,BT,BC
17314,90.5,95741,5988,CE,OC
17315,90.5,95742,2763,CS,MBC
17316,90.5,95744,1325,ME,OC
17317,90.5,95746,5502,ME,SC
17318,90.5,95747,2623,EE,OC
17319,90.5,95748,4965,CS,BCM
17320,90.5,95749,1414,EC,MBC
17321,90.5,95751,1324,EE,SC
17322,90.5,95753,4670,ME,BC
17323,90.5,95754,3805,CS,SC
17324,90.5,95757,2622,EC,SC
17325,90.5,95758,2625,IT,OC
17326,90.5,95761,2704,CE,OC
17327,90.5,95763,2611,EE,MBC
17328,90.5,95764,4962,CS,SC
17329,90.5,95765,1412,CS,SC
17330,90.5,95766,4959,IT,SC
17331,90.5,95767,2705,CS,SC
17332,90.5,95769,1123,EC,OC
17333,90.5,95770,2641,EC,OC
17334,90.5,95771,1303,EE,OC
17335,90.5,95775,3847,CH,SC
17336,90.5,95778,1243,CS,OC
17337,90.5,95780,2613,EE,BC
17338,90.5,95781,4969,EC,OC
17339,90.5,95784,2764,EE,MBC
17340,90.5,95785,3806,ME,OC
17341,90.5,95786,2753,ME,OC
17342,90.5,95787,4996,ME,OC
17343,90.5,95788,3804,EC,OC
17344,90.5,95789,2739,CS,SC
17345,90.5,95796,2772,CE,OC
17346,90.5,95802,1311,EE,OC
17347,90.5,95803,4981,CE,OC
17348,90.5,95804,3829,IT,SC
17349,90.5,95808,2651,CS,MBC
17350,90.5,95810,4993,EC,OC
17351,90.5,95812,5536,AG,SC
17352,90.5,95815,4965,EC,BC
17353,90.5,95816,3805,AD,BC
17354,90.5,95818,1207,EC,OC
17355,90.5,95820,1442,CS,BC
17356,90.5,95821,2342,ME,OC
17357,90.5,95822,4989,MU,OC
17358,90.5,95823,1126,CS,SC
17359,90.5,95825,1123,CS,OC
17360,90.5,95826,4953,CE,OC
17361,90.5,95827,2650,CS,MBC
17362,90.5,95830,1311,EC,SC
17363,90.5,95831,1013,ME,MBC
17364,90.5,95832,3817,EC,OC
17365,90.5,95833,1225,IT,MBC
17366,90.5,95834,1504,ME,OC
17367,90.5,95835,2624,PH,OC
17368,90.5,95836,3464,CE,BCM
17369,90.5,95837,1412,CS,SC
17370,90.5,95840,1505,EE,OC
17371,90.5,95841,3829,IT,BC
17372,90.5,95842,2711,MZ,BCM
17373,90.5,95844,1303,EC,OC
17374,90.2,95845,3860,EC,OC
17375,90.0,95849,1412,CS,BC
17376,90.0,95850,3806,CB,OC
17377,90.0,95851,2755,CS,BCM
17378,90.0,95852,3806,CS,BC
17379,90.0,95854,1520,CS,MBC
17380,90.0,95855,2613,IT,SCA
17381,90.0,95856,2740,ME,OC
17382,90.0,95858,2622,CS,BCM
17383,90.0,95859,1212,EC,OC
17384,90.0,95860,4962,CE,MBC
17385,90.0,95861,3908,CS,SC
17386,90.0,95862,3019,CS,SC
17387,90.0,95863,2610,MZ,OC
17388,90.0,95864,3813,IT,OC
17389,90.0,95865,2646,ME,OC
17390,90.0,95866,1207,IT,OC
17391,90.0,95867,1421,EC,OC
17392,90.0,95870,3803,ME,BC
17393,90.0,95871,2707,BM,BC
17394,90.0,95873,2612,CS,OC
17395,90.0,95875,3825,ME,OC
17396,90.0,95876,1120,EC,SC
17397,90.0,95877,2715,ME,OC
17398,90.0,95878,1303,CS,SC
17399,90.0,95879,1422,EE,BC
17400,90.0,95880,3852,CS,OC
17401,90.0,95882,3826,CE,MBC
17402,90.0,95884,1231,CS,SC
17403,90.0,95885,1441,CE,OC
17404,90.0,95886,2601,ME,OC
17405,90.0,95888,2620,EC,BC
17406,90.0,95889,2707,EC,MBC
17407,90.0,95890,2725,EC,MBC
17408,90.0,95891,1230,CS,BC
17409,90.0,95892,1322,ME,OC
17410,90.0,95893,3410,EC,MBC
17411,90.0,95894,1325,EC,BC
17412,90.0,95895,3410,EC,MBC
17413,90.0,95896,2713,EC,OC
17414,90.0,95898,3011,AU,SC
17415,90.0,95899,4670,CE,BC
17416,90.0,95901,2622,ME,MBC
17417,90.0,95902,1140,EC,MBC
17418,90.0,95903,3855,CS,OC
17419,90.0,95904,3701,CS,MBC
17420,90.0,95905,5915,CS,BC
17421,90.0,95906,4984,CS,BC
17422,90.0,95907,1126,CS,SC
17423,90.0,95908,2632,IT,MBC
17424,90.0,95909,2713,IT,BC
17425,90.0,95910,2707,IT,SC
17426,90.0,95911,3464,CE,SC
17427,90.0,95912,2342,EE,OC
17428,90.0,95915,2642,EE,OC
17429,90.0,95917,2632,ME,OC
17430,90.0,95918,1512,CS,OC
17431,90.0,95919,2719,AE,MBC
17432,90.0,95920,2329,BM,BC
17433,90.0,95921,1519,IT,OC
17434,90.0,95923,1118,EC,SC
17435,90.0,95925,2721,CS,BC
17436,90.0,95926,2713,CS,MBC
17437,90.0,95927,2715,CE,OC
17438,90.0,95928,3801,EE,SC
17439,90.0,95929,3855,CS,OC
17440,90.0,95930,5009,CE,MBC
17441,90.0,95931,2610,BM,SC
17442,90.0,95934,1309,CE,MBC
17443,90.0,95935,1322,FD,OC
17444,90.0,95936,1118,EC,SCA
17445,90.0,95937,2327,ME,OC
17446,90.0,95938,2611,EE,MBC
17447,90.0,95941,2354,ME,OC
17448,90.0,95942,3905,ME,OC
17449,90.0,95943,2620,TS,BC
17450,90.0,95945,4670,CE,BCM
17451,90.0,95946,4931,CS,BC
17452,90.0,95947,4981,IT,MBC
17453,90.0,95948,2634,EC,OC
17454,90.0,95949,2634,EC,OC
17455,90.0,95951,2729,CB,OC
17456,90.0,95953,2713,CS,BC
17457,90.0,95955,1202,CS,BC
17458,90.0,95956,4917,ME,OC
17459,90.0,95959,2739,AD,MBC
17460,90.0,95960,2341,CS,OC
17461,90.0,95961,3806,CS,MBC
17462,90.0,95963,5,IT,SC
17463,90.0,95964,1424,PE,BCM
17464,90.0,95966,2369,CE,SCA
17465,90.0,95967,3011,XC,BC
17466,90.0,95968,3462,ME,OC
17467,90.0,95969,2683,AG,OC
17468,90.0,95970,2622,ME,BC
17469,90.0,95971,2609,CY,MBC
17470,90.0,95973,2611,IT,MBC
17471,90.0,95974,2345,EC,MBC
17472,90.0,95975,3804,CS,SC
17473,90.0,95976,3807,IT,OC
17474,90.0,95977,2640,CS,OC
17475,90.0,95978,3458,AG,SC
17476,90.0,95980,2620,TS,BC
17477,90.0,95981,4996,CS,OC
17478,90.0,95982,2642,ME,OC
17479,90.0,95983,2764,EE,MBC
17480,90.0,95985,4676,EE,OC
17481,90.0,95987,3760,EE,OC
17482,90.0,95988,2345,EE,OC
17483,90.0,95991,3456,EE,OC
17484,90.0,95992,2731,EE,OC
17485,90.0,95993,4933,ME,OC
17486,90.0,95994,2727,IT,MBC
17487,90.0,95995,1325,CS,BCM
17488,90.0,95997,1416,CS,OC
17489,90.0,95999,2610,CE,OC
17490,90.0,96002,2726,EC,BC
17491,90.0,96003,3805,CS,MBC
17492,90.0,96005,2767,CS,OC
17493,90.0,96006,2610,EE,MBC
17494,90.0,96008,2609,AD,MBC
17495,90.0,96009,4917,ME,OC
17496,90.0,96010,2636,CS,MBC
17497,90.0,96012,5502,EC,OC
17498,90.0,96014,2750,EE,SC
17499,90.0,96015,2661,CS,BC
17500,90.0,96016,2607,ME,OC
17501,90.0,96017,4970,EE,OC
17502,90.0,96018,3801,CS,SC
17503,90.0,96020,5930,ME,OC
17504,90.0,96022,2623,EC,OC
17505,90.0,96023,1422,EI,BC
17506,90.0,96024,5,IT,SC
17507,90.0,96026,2707,IT,BC
17508,90.0,96027,2627,ME,OC
17509,90.0,96028,5533,CS,OC
17510,90.0,96029,2762,AD,BC
17511,90.0,96031,2749,CS,OC
17512,90.0,96032,4981,CE,OC
17513,90.0,96033,3805,IT,BCM
17514,90.0,96034,2650,ME,OC
17515,90.0,96035,2610,CS,MBC
17516,90.0,96036,4686,ME,OC
17517,90.0,96038,2727,EC,BC
17518,90.0,96039,5533,EE,OC
17519,90.0,96040,1408,CS,MBC
17520,90.0,96041,1316,CS,BC
17521,90.0,96042,2611,BM,BC
17522,90.0,96043,2610,BT,MBC
17523,90.0,96045,2610,ME,OC
17524,90.0,96047,1303,BT,MBC
17525,90.0,96048,1420,IT,BC
17526,90.0,96052,2761,RM,OC
17527,90.0,96055,2647,CS,OC
17528,90.0,96056,2710,ME,BC
17529,90.0,96058,1518,IT,OC
17530,90.0,96059,3843,ME,OC
17531,90.0,96061,3820,CS,OC
17532,90.0,96062,2758,EE,OC
17533,90.0,96063,5919,EC,OC
17534,90.0,96064,4978,CS,OC
17535,90.0,96065,1123,IT,BCM
17536,90.0,96066,5532,CE,BC
17537,90.0,96067,2733,CS,BC
17538,90.0,96068,2639,EC,SCA
17539,90.0,96069,5919,BT,BC
17540,90.0,96071,2601,BT,BC
17541,90.0,96072,2347,EE,OC
17542,90.0,96073,3918,CS,MBC
17543,90.0,96075,2704,MZ,MBC
17544,90.0,96076,3464,ME,SC
17545,90.0,96077,3805,AD,MBC
17546,90.0,96081,2609,IT,MBC
17547,90.0,96082,4953,CE,OC
17548,90.0,96083,2648,EC,OC
17549,90.0,96084,5904,EC,MBC
17550,90.0,96085,2641,CS,SCA
17551,90.0,96086,4917,CS,MBC
17552,90.0,96087,1520,IT,BC
17553,90.0,96090,1445,CS,OC
17554,90.0,96092,2707,EC,BC
17555,90.0,96093,3908,CS,BC
17556,90.0,96094,2345,CS,SC
17557,90.0,96095,3464,ME,SC
17558,90.0,96097,2342,EE,OC
17559,90.0,96099,4670,ME,BC
17560,90.0,96101,1230,CS,BC
17561,90.0,96102,3811,ME,OC
17562,90.0,96103,2725,EC,BCM
17563,90.0,96105,2623,EE,OC
17564,90.0,96106,1304,RM,SC
17565,90.0,96108,3905,EC,OC
17566,90.0,96109,2727,FD,SCA
17567,90.0,96110,2367,ME,OC
17568,90.0,96111,1233,CS,SCA
17569,90.0,96112,2727,EE,BC
17570,90.0,96113,2636,EE,SCA
17571,90.0,96114,2747,EE,OC
17572,90.0,96115,2347,EE,OC
17573,90.0,96116,2610,EC,BC
17574,90.0,96118,2744,IT,MBC
17575,90.0,96119,3804,CS,BC
17576,90.0,96120,4670,ME,BC
17577,90.0,96122,2744,CS,MBC
17578,90.0,96124,3815,CS,OC
17579,90.0,96125,4676,EE,OC
17580,90.0,96126,1437,ME,OC
17581,90.0,96128,2629,IT,SC
17582,90.0,96129,1504,CH,MBC
17583,90.0,96130,2623,EC,OC
17584,90.0,96131,2727,AG,BC
17585,90.0,96132,1510,EE,OC
17586,90.0,96133,2715,EC,BC
17587,90.0,96134,1437,CS,OC
17588,90.0,96136,4670,EE,MBC
17589,90.0,96137,1233,EE,MBC
17590,90.0,96139,3425,EE,SC
17591,90.0,96140,2618,EC,SC
17592,90.0,96141,1434,CS,OC
17593,90.0,96143,4944,EC,BC
17594,90.0,96144,1306,EC,MBC
17595,90.0,96146,3817,EC,OC
17596,90.0,96147,2723,MD,BCM
17597,90.0,96148,1445,CS,OC
17598,90.0,96150,3833,CS,BC
17599,90.0,96151,3804,ME,OC
17600,90.0,96152,2609,CS,BCM
17601,90.0,96153,3821,CS,OC
17602,90.0,96154,1101,CE,OC
17603,90.0,96155,2735,ME,BC
17604,90.0,96159,4917,EE,BC
17605,90.0,96161,2609,ME,OC
17606,90.0,96163,1237,CS,BCM
17607,90.0,96164,3805,ME,OC
17608,90.0,96168,3826,CE,BC
17609,90.0,96169,2357,CE,BC
17610,90.0,96170,1207,RM,OC
17611,90.0,96171,2729,AE,BC
17612,90.0,96172,1014,XC,OC
17613,90.0,96175,3826,ME,MBC
17614,90.0,96177,3805,ME,OC
17615,90.0,96180,1128,CS,SC
17616,90.0,96182,1431,IT,OC
17617,90.0,96183,1509,IT,OC
17618,90.0,96185,5910,EC,MBC
17619,90.0,96186,3807,ME,OC
17620,90.0,96187,2732,ME,OC
17621,90.0,96190,3826,CE,BC
17622,90.0,96192,1414,IT,SC
17623,90.0,96193,2614,TX,SC
17624,90.0,96195,2627,EC,OC
17625,90.0,96196,2683,CS,OC
17626,90.0,96197,5703,EC,BC
17627,90.0,96198,2713,EC,MBC
17628,90.0,96199,4953,EE,BC
17629,90.0,96201,3848,ME,OC
17630,90.0,96202,2624,FD,OC
17631,90.0,96204,3841,CE,OC
17632,90.0,96205,1504,EC,BC
17633,90.0,96207,2729,ME,OC
17634,90.0,96208,3803,ME,BC
17635,90.0,96209,1523,IT,BCM
17636,90.0,96210,2611,CS,BC
17637,90.0,96213,1325,ME,OC
17638,90.0,96214,1505,EE,OC
17639,90.0,96215,2763,CS,MBC
17640,90.0,96216,5009,ME,MBC
17641,90.0,96218,5919,CS,BC
17642,90.0,96221,2726,CE,OC
17643,90.0,96222,3806,CS,MBC
17644,90.0,96225,3825,CS,MBC
17645,90.0,96227,2620,EC,SC
17646,90.0,96228,4949,EC,OC
17647,90.0,96229,2744,ME,OC
17648,90.0,96232,4024,CE,OC
17649,90.0,96234,3760,AG,BC
17650,90.0,96235,3806,CE,OC
17651,90.0,96236,5865,EC,MBC
17652,90.0,96237,5990,CS,OC
17653,90.0,96241,2328,EC,BC
17654,90.0,96245,2707,CH,BC
17655,90.0,96246,1115,CS,BC
17656,90.0,96247,2722,ME,BC
17657,90.0,96248,2651,FT,BC
17658,90.0,96249,2747,EC,OC
17659,90.0,96250,5935,CS,SC
17660,90.0,96251,1307,EC,OC
17661,90.0,96252,2761,EC,OC
17662,90.0,96253,2627,EC,OC
17663,90.0,96256,2723,BM,SC
17664,90.0,96259,2627,EC,OC
17665,90.0,96262,2743,EC,OC
17666,90.0,96263,4960,EE,SC
17667,90.0,96265,2643,CS,MBC
17668,90.0,96266,2639,CS,BC
17669,90.0,96268,1128,EC,SC
17670,90.0,96268,3811,CE,OC
17671,90.0,96269,2659,BM,SCA
17672,90.0,96271,2601,CE,OC
17673,90.0,96275,5930,EC,OC
17674,90.0,96276,1207,IT,OC
17675,90.0,96277,5914,EE,OC
17676,90.0,96278,4961,EC,OC
17677,90.0,96279,3464,ME,SC
17678,90.0,96280,1408,CS,MBC
17679,90.0,96281,2726,CS,SC
17680,90.0,96282,2610,EE,SC
17681,90.0,96284,5010,CE,MBC
17682,90.0,96285,2357,ME,MBC
17683,90.0,96287,5530,CE,OC
17684,90.0,96288,1218,CS,OC
17685,90.0,96290,4965,CS,MBC
17686,90.0,96291,3454,BM,SC
17687,90.0,96292,3461,CS,OC
17688,90.0,96293,4670,ME,BC
17689,90.0,96294,3849,IT,OC
17690,90.0,96296,2776,CS,BC
17691,90.0,96297,4945,CS,OC
17692,90.0,96298,3016,CS,BC
17693,90.0,96299,4953,EE,BC
17694,90.0,96300,1510,ME,OC
17695,90.0,96301,4972,ME,BC
17696,90.0,96302,2627,ME,OC
17697,90.0,96303,2610,AD,MBC
17698,90.0,96304,1133,EC,OC
17699,90.0,96307,1303,EE,SC
17700,90.0,96309,2743,ME,OC
17701,90.0,96310,1322,AE,OC
17702,90.0,96311,2776,AG,MBC
17703,90.0,96313,5919,CH,OC
17704,90.0,96314,2735,EC,SC
17705,90.0,96315,1325,ME,OC
17706,90.0,96316,2744,EE,OC
17707,90.0,96317,2740,ME,OC
17708,90.0,96318,1414,EC,SC
17709,90.0,96322,1504,ME,OC
17710,90.0,96325,4686,CS,OC
17711,90.0,96326,3820,CS,OC
17712,90.0,96327,4944,EC,BC
17713,90.0,96328,2706,EI,BC
17714,90.0,96329,2735,EE,BC
17715,90.0,96330,2314,CS,BC
17716,90.0,96333,4670,ME,BC
17717,90.0,96334,2707,CS,BC
17718,90.0,96336,2367,MZ,OC
17719,90.0,96338,2609,ME,OC
17720,90.0,96339,2622,CH,MBC
17721,90.0,96340,4964,AE,OC
17722,90.0,96341,3806,EC,OC
17723,90.0,96342,1122,EC,MBC
17724,90.0,96343,3805,EC,OC
17725,90.0,96345,4975,CS,BC
17726,90.0,96347,2731,CS,MBC
17727,90.0,96349,2610,EC,BC
17728,90.0,96351,1303,CS,BC
17729,90.0,96354,1110,ME,OC
17730,90.0,96355,5,MM,OC
17731,90.0,96356,4023,XM,OC
17732,90.0,96358,2707,ME,OC
17733,90.0,96359,3825,EE,OC
17734,90.0,96359,5,ME,SC
17735,90.0,96360,2613,CS,MBC
17736,90.0,96361,2329,IT,MBC
17737,90.0,96362,2624,CS,MBC
17738,90.0,96363,1520,CS,MBC
17739,90.0,96364,3425,ME,MBC
17740,90.0,96366,3454,CS,MBC
17741,90.0,96367,3905,EC,OC
17742,90.0,96368,4975,ME,OC
17743,90.0,96369,1115,CS,SC
17744,90.0,96370,2621,EC,OC
17745,90.0,96371,2632,IT,SC
17746,90.0,96373,5,CE,MBC
17747,90.0,96376,2743,EE,OC
17748,90.0,96377,1238,EC,BC
17749,90.0,96378,1411,IT,OC
17750,90.0,96379,3845,ME,OC
17751,90.0,96380,3817,CS,BC
17752,90.0,96381,2744,CS,BC
17753,90.0,96384,1325,ME,OC
17754,90.0,96385,2621,ME,OC
17755,90.0,96386,2342,CS,SC
17756,90.0,96387,1126,CS,MBC
17757,90.0,96388,1421,CE,OC
17758,90.0,96389,2750,EE,SC
17759,90.0,96391,4670,ME,BC
17760,90.0,96392,2750,AG,SC
17761,90.0,96393,4999,AD,OC
17762,90.0,96394,1505,CS,MBC
17763,90.0,96395,1317,EE,BC
17764,90.0,96397,1213,CS,OC
17765,90.0,96398,1106,CS,OC
17766,90.0,96401,2620,EC,MBC
17767,90.0,96405,4964,AE,OC
17768,90.0,96407,1322,EC,OC
17769,90.0,96413,4992,CS,BC
17770,90.0,96414,3908,EC,OC
17771,90.0,96415,4959,EE,BC
17772,90.0,96416,1324,EC,SC
17773,90.0,96417,4957,IT,BC
17774,90.0,96418,5502,CS,SC
17775,90.0,96420,1442,AD,MBC
17776,90.0,96421,1420,AE,OC
17777,90.0,96422,1225,EC,BCM
17778,90.0,96423,3905,EC,OC
17779,90.0,96424,1303,EE,MBC
17780,90.0,96425,1015,EC,SC
17781,90.0,96426,2622,IT,SC
17782,90.0,96430,5,IT,BC
17783,90.0,96431,1441,CS,OC
17784,90.0,96433,2733,CS,SCA
17785,90.0,96434,2628,BM,SC
17786,90.0,96436,3456,CS,MBC
17787,90.0,96439,2367,AD,OC
17788,90.0,96440,2762,EC,BC
17789,90.0,96442,1322,BM,MBC
17790,90.0,96443,3760,CS,BC
17791,90.0,96444,2620,TS,MBC
17792,90.0,96445,3461,CS,OC
17793,90.0,96446,5532,ME,OC
17794,90.0,96447,1426,EC,OC
17795,90.0,96448,3805,AD,BC
17796,90.0,96450,1118,RM,MBC
17797,90.0,96451,3801,ME,OC
17798,90.0,96452,3460,ME,OC
17799,90.0,96453,2614,CS,OC
17800,90.0,96454,4965,CS,SC
17801,90.0,96455,4675,EE,OC
17802,90.0,96456,4966,CS,BC
17803,90.0,96457,2767,EE,OC
17804,90.0,96458,3813,EC,OC
17805,90.0,96460,2683,ME,OC
17806,90.0,96461,4917,ME,OC
17807,89.8,96464,3701,CS,SC
17808,89.8,96465,2606,CE,OC
17809,89.8,96467,5010,ME,BC
17810,89.5,96468,2734,SB,MBC
17811,89.5,96469,2743,EC,OC
17812,89.5,96470,4953,CS,BC
17813,89.5,96471,3812,EE,OC
17814,89.5,96472,4917,EE,BC
17815,89.5,96475,1438,EE,OC
17816,89.5,96476,2628,BM,SC
17817,89.5,96477,3805,EC,OC
17818,89.5,96478,4953,ME,OC
17819,89.5,96480,2646,EC,OC
17820,89.5,96482,2628,EE,OC
17821,89.5,96483,1238,BM,SC
17822,89.5,96484,2345,EE,OC
17823,89.5,96485,3804,EC,OC
17824,89.5,96492,2661,CS,MBC
17825,89.5,96493,2618,CE,SC
17826,89.5,96495,4984,ME,OC
17827,89.5,96496,3760,ME,OC
17828,89.5,96498,4680,EE,MBC
17829,89.5,96499,2329,BM,BC
17830,89.5,96500,4676,EE,OC
17831,89.5,96501,4993,ME,OC
17832,89.5,96503,2715,CE,OC
17833,89.5,96504,3805,EC,OC
17834,89.5,96505,2610,CE,OC
17835,89.5,96506,3820,MZ,OC
17836,89.5,96508,2338,BM,OC
17837,89.5,96510,2659,EE,OC
17838,89.5,96511,2659,EE,OC
17839,89.5,96512,2601,EC,MBC
17840,89.5,96513,5,EE,MBC
17841,89.5,96516,2622,CS,SC
17842,89.5,96517,4953,ME,OC
17843,89.5,96519,2710,CE,SC
17844,89.5,96520,3812,ME,OC
17845,89.5,96522,2650,CS,SC
17846,89.5,96523,1432,EC,MBC
17847,89.5,96524,2625,CS,OC
17848,89.5,96525,4965,ME,OC
17849,89.5,96526,3766,CS,OC
17850,89.5,96527,5912,ME,OC
17851,89.5,96528,4670,ME,BC
17852,89.5,96529,2610,CE,OC
17853,89.5,96530,2609,IT,MBC
17854,89.5,96531,4975,CS,MBC
17855,89.5,96533,2758,ME,OC
17856,89.5,96534,3425,EC,BC
17857,89.5,96535,2752,CS,ST
17858,89.5,96536,4917,CE,BC
17859,89.5,96537,5832,CS,MBC
17860,89.5,96538,2627,EC,OC
17861,89.5,96539,1013,EC,SC
17862,89.5,96540,4020,ME,BC
17863,89.5,96541,2715,AG,SCA
17864,89.5,96542,1216,IT,SC
17865,89.5,96547,2607,CB,BC
17866,89.5,96549,3456,BM,SC
17867,89.5,96550,3805,PH,BC
17868,89.5,96552,3795,CE,OC
17869,89.5,96553,2664,EE,OC
17870,89.5,96554,3458,BT,BC
17871,89.5,96555,2611,CY,BC
17872,89.5,96556,4966,EC,OC
17873,89.5,96557,2683,EE,OC
17874,89.5,96558,2752,EE,OC
17875,89.5,96560,1116,CS,MBC
17876,89.5,96562,1304,CE,SC
17877,89.5,96566,1518,CS,OC
17878,89.5,96568,3826,ME,BC
17879,89.5,96570,1316,CS,BC
17880,89.5,96571,2715,CE,OC
17881,89.5,96572,1421,CS,BC
17882,89.5,96573,2710,CS,SC
17883,89.5,96574,3814,CS,OC
17884,89.5,96577,2620,IT,SC
17885,89.5,96578,2634,AE,OC
17886,89.5,96579,2621,EC,OC
17887,89.5,96580,1421,ME,OC
17888,89.5,96582,2731,CS,MBC
17889,89.5,96583,2630,EC,BC
17890,89.5,96585,3810,AG,MBC
17891,89.5,96587,4933,ME,OC
17892,89.5,96588,5902,EC,OC
17893,89.5,96589,2620,EC,SC
17894,89.5,96590,3830,CB,BC
17895,89.5,96591,4969,EC,OC
17896,89.5,96592,1325,EC,MBC
17897,89.5,96593,3806,ME,OC
17898,89.5,96595,5,IT,BCM
17899,89.5,96596,2710,ET,BC
17900,89.5,96598,2740,EC,MBC
17901,89.5,96599,2618,FT,BC
17902,89.5,96602,1303,AD,MBC
17903,89.5,96608,4946,CS,OC
17904,89.5,96612,2627,CS,SC
17905,89.5,96613,3805,FD,SCA
17906,89.5,96616,2723,EE,MBC
17907,89.5,96618,2764,CE,SC
17908,89.5,96623,1325,CE,OC
17909,89.5,96624,1507,IT,BCM
17910,89.5,96627,3831,EC,OC
17911,89.5,96628,2601,CS,SC
17912,89.5,96630,2610,EC,SC
17913,89.5,96631,1430,ME,OC
17914,89.5,96632,4971,IT,MBC
17915,89.5,96633,5988,CS,BC
17916,89.5,96634,5915,CS,BC
17917,89.5,96636,1216,EC,SC
17918,89.5,96637,2657,BT,OC
17919,89.5,96638,4917,ME,OC
17920,89.5,96640,2707,CS,MBC
17921,89.5,96641,3833,CS,MBC
17922,89.5,96643,2755,FD,SC
17923,89.5,96644,3829,EC,OC
17924,89.5,96645,4955,ME,BC
17925,89.5,96646,3833,CS,BC
17926,89.5,96649,3857,CS,OC
17927,89.5,96654,4980,EE,OC
17928,89.5,96656,2609,AG,SC
17929,89.5,96658,2722,IT,SC
17930,89.5,96659,3801,IC,OC
17931,89.5,96660,4931,ME,OC
17932,89.5,96662,3782,ME,OC
17933,89.5,96664,3829,EC,SC
17934,89.5,96665,2620,CS,SC
17935,89.5,96666,3016,CS,BC
17936,89.5,96667,2740,PH,BC
17937,89.5,96669,2621,EC,OC
17938,89.5,96671,1207,IT,OC
17939,89.5,96673,2638,IT,OC
17940,89.5,96674,2610,CY,BC
17941,89.5,96675,1511,CS,OC
17942,89.5,96676,2767,CS,OC
17943,89.5,96677,1316,IT,MBC
17944,89.5,96680,4971,CE,BC
17945,89.5,96681,2719,EE,ST
17946,89.5,96683,3804,ME,OC
17947,89.5,96684,4864,CS,BC
17948,89.5,96685,3806,CS,BC
17949,89.5,96686,2727,EC,BC
17950,89.5,96687,3843,CS,SC
17951,89.5,96688,1523,IT,BC
17952,89.5,96689,3425,CE,OC
17953,89.5,96690,1434,CS,OC
17954,89.5,96691,2743,AD,MBC
17955,89.5,96692,1202,IT,MBC
17956,89.5,96693,2715,CS,SCA
17957,89.5,96694,1420,CS,SC
17958,89.5,96695,2345,ME,OC
17959,89.5,96696,3462,EE,OC
17960,89.5,96698,2608,CE,MBC
17961,89.5,96701,1510,CS,SC
17962,89.5,96703,2752,IT,BC
17963,89.5,96706,2614,IT,OC
17964,89.5,96707,2708,AG,BC
17965,89.5,96708,2763,EC,BC
17966,89.5,96710,3811,EC,OC
17967,89.5,96711,2610,EE,MBC
17968,89.5,96713,2710,CE,BC
17969,89.5,96715,4993,CE,OC
17970,89.5,96716,3806,CS,BC
17971,89.5,96717,1523,ME,OC
17972,89.5,96719,2606,CS,MBC
17973,89.5,96722,2659,CS,SC
17974,89.5,96723,1452,CS,MBC
17975,89.5,96724,2772,CS,OC
17976,89.5,96725,2636,EC,MBC
17977,89.5,96726,2634,EC,OC
17978,89.5,96727,3830,EC,MBC
17979,89.5,96728,2740,ME,OC
17980,89.5,96729,2627,CS,SC
17981,89.5,96730,2613,EC,BC
17982,89.5,96731,2607,FD,SC
17983,89.5,96735,3829,IT,BC
17984,89.5,96736,2617,CS,MBC
17985,89.5,96737,5,IT,SC
17986,89.5,96738,2708,EC,BCM
17987,89.5,96739,2642,CS,BC
17988,89.5,96740,1421,CS,MBC
17989,89.5,96743,2623,EE,OC
17990,89.5,96744,4686,EC,OC
17991,89.5,96746,2722,ME,BC
17992,89.5,96749,2711,ME,BCM
17993,89.5,96750,3701,EC,OC
17994,89.5,96751,5919,CS,SC
17995,89.5,96753,2659,EE,BC
17996,89.5,96754,3819,ME,BC
17997,89.5,96755,4994,ME,OC
17998,89.5,96756,2707,IT,SC
17999,89.5,96757,4669,EC,BC
18000,89.5,96758,2665,ME,OC
18001,89.5,96760,1519,CS,SC
18002,89.5,96761,3018,XM,OC
18003,89.5,96762,2646,CE,OC
18004,89.5,96763,4966,ME,OC
18005,89.5,96764,2613,AU,OC
18006,89.5,96765,1303,CS,MBC
18007,89.5,96766,5862,CS,OC
18008,89.5,96768,4670,EE,BC
18009,89.5,96769,2708,MZ,SC
18010,89.5,96772,2643,CS,MBC
18011,89.5,96774,2651,CS,MBC
18012,89.5,96775,2707,BM,MBC
18013,89.5,96776,2629,IT,MBC
18014,89.5,96777,2623,CS,OC
18015,89.5,96779,5009,EE,BCM
18016,89.5,96780,1408,ME,OC
18017,89.5,96782,2610,EC,MBC
18018,89.5,96783,5530,EC,MBC
18019,89.5,96785,2620,CS,MBC
18020,89.5,96786,1210,EE,BC
18021,89.5,96787,5910,CE,BC
18022,89.5,96790,2707,CS,BC
18023,89.5,96791,2707,CS,SC
18024,89.5,96793,3811,CS,BC
18025,89.5,96794,1408,EE,OC
18026,89.5,96795,3841,CS,SC
18027,89.5,96796,2613,EC,MBC
18028,89.5,96797,2357,EE,BC
18029,89.5,96798,2643,CS,SC
18030,89.5,96799,2342,EC,OC
18031,89.5,96800,5022,EE,OC
18032,89.5,96801,3466,CS,OC
18033,89.5,96802,2659,EE,BC
18034,89.5,96803,4964,EC,OC
18035,89.5,96805,5,ME,SC
18036,89.5,96806,1422,EC,SC
18037,89.5,96807,2627,CS,BC
18038,89.5,96809,1317,EE,BC
18039,89.5,96810,2314,EC,SC
18040,89.5,96812,3410,ME,OC
18041,89.5,96813,1225,EC,MBC
18042,89.5,96814,5,AM,BC
18043,89.5,96815,2624,CS,BC
18044,89.5,96818,2610,BM,BC
18045,89.5,96819,2622,IT,MBC
18046,89.5,96823,1325,IT,BC
18047,89.5,96824,5912,CS,BC
18048,89.5,96826,3458,AG,MBC
18049,89.5,96827,1409,BT,MBC
18050,89.5,96829,2661,IT,MBC
18051,89.5,96830,1509,IT,OC
18052,89.5,96831,3812,IT,SC
18053,89.5,96832,3855,CS,OC
18054,89.5,96833,2611,CS,BC
18055,89.5,96834,5502,ME,SC
18056,89.5,96835,1313,BM,OC
18057,89.5,96838,2620,EE,BC
18058,89.5,96841,2727,FD,BC
18059,89.5,96843,2611,IT,BC
18060,89.5,96844,2357,ME,SC
18061,89.5,96845,2708,EC,BC
18062,89.5,96846,4917,BT,MBC
18063,89.5,96848,1226,CS,OC
18064,89.5,96849,3825,ME,OC
18065,89.5,96850,4024,EC,SC
18066,89.5,96851,2618,MZ,BC
18067,89.5,96852,4669,ME,OC
18068,89.5,96853,2620,EC,BC
18069,89.5,96855,2683,BM,BC
18070,89.5,96856,4676,EE,OC
18071,89.5,96857,1014,EC,BC
18072,89.5,96858,2608,ME,MBC
18073,89.5,96860,1226,ME,OC
18074,89.5,96862,5912,CS,BC
18075,89.5,96864,2613,CE,OC
18076,89.5,96865,2641,EE,OC
18077,89.5,96866,1452,CS,BCM
18078,89.5,96868,2772,EC,OC
18079,89.5,96870,4981,EE,BC
18080,89.5,96871,3829,ME,OC
18081,89.5,96873,2613,EC,MBC
18082,89.5,96876,2776,CS,BC
18083,89.5,96877,2601,ME,OC
18084,89.5,96878,4933,CS,SC
18085,89.5,96881,2715,ME,OC
18086,89.5,96884,2727,CE,OC
18087,89.5,96885,3801,IC,OC
18088,89.5,96886,2673,EC,OC
18089,89.5,96887,3810,EC,SC
18090,89.5,96888,2723,CE,BC
18091,89.5,96890,1316,AO,MBC
18092,89.5,96891,2729,AD,BC
18093,89.5,96892,5,BD,SC
18094,89.5,96893,3811,ME,OC
18095,89.5,96895,2723,CE,BC
18096,89.5,96896,1507,ME,OC
18097,89.5,96897,2752,CS,BC
18098,89.5,96898,2666,BM,OC
18099,89.5,96899,5536,AG,BC
18100,89.5,96901,1445,CS,OC
18101,89.5,96902,3826,ME,MBC
18102,89.5,96904,3806,ME,OC
18103,89.5,96905,1150,AG,OC
18104,89.5,96908,2726,ME,OC
18105,89.5,96909,4676,CE,OC
18106,89.5,96910,1414,EE,OC
18107,89.5,96911,3019,EE,OC
18108,89.5,96912,2653,CS,BCM
18109,89.5,96914,4962,ME,BC
18110,89.5,96915,2721,EE,OC
18111,89.5,96917,1412,CS,SC
18112,89.5,96918,1310,IT,MBC
18113,89.5,96919,4670,ME,BC
18114,89.5,96920,1303,CS,SC
18115,89.5,96921,4982,CS,OC
18116,89.5,96923,2327,CS,MBC
18117,89.5,96924,4676,EE,OC
18118,89.5,96926,1507,CS,BC
18119,89.5,96927,2636,ME,OC
18120,89.5,96928,4965,EE,BC
18121,89.5,96929,1212,BM,OC
18122,89.5,96930,3804,BM,SC
18123,89.5,96931,3820,EC,OC
18124,89.5,96932,3849,IT,OC
18125,89.5,96933,2624,BM,SCA
18126,89.5,96934,2610,BT,SC
18127,89.5,96939,5010,CE,SC
18128,89.5,96943,1013,ME,BC
18129,89.5,96944,1120,ME,MBC
18130,89.5,96948,5536,CS,BC
18131,89.5,96949,3782,CS,OC
18132,89.5,96951,2643,EC,OC
18133,89.5,96954,1127,CS,OC
18134,89.5,96955,1419,ME,MBC
18135,89.5,96958,4957,ME,OC
18136,89.5,96960,3826,ME,SC
18137,89.5,96961,1426,CS,OC
18138,89.5,96965,1207,EC,OC
18139,89.5,96966,4964,AE,OC
18140,89.5,96968,1313,BM,SC
18141,89.5,96972,1307,CS,SC
18142,89.5,96973,1399,EE,SC
18143,89.5,96975,2734,EC,OC
18144,89.5,96976,2740,AU,OC
18145,89.5,96977,1127,EC,OC
18146,89.5,96979,4944,EC,BC
18147,89.5,96980,2632,CS,MBC
18148,89.5,96982,1517,CE,OC
18149,89.5,96985,4960,ME,SC
18150,89.5,96986,3701,AD,SC
18151,89.5,96989,5907,CE,OC
18152,89.5,96991,5703,CS,BC
18153,89.5,96993,1408,IT,BC
18154,89.5,96995,1118,RM,SC
18155,89.5,96997,1231,IT,SC
18156,89.5,96998,1319,CS,OC
18157,89.5,96999,2345,EE,ST
18158,89.5,97001,2741,EC,SCA
18159,89.5,97002,1122,EC,MBC
18160,89.5,97006,2710,CS,SC
18161,89.5,97007,3806,CB,OC
18162,89.5,97008,4928,ME,OC
18163,89.5,97009,1412,CS,SC
18164,89.5,97012,4686,EC,OC
18165,89.5,97013,2715,EE,SC
18166,89.5,97014,2745,CS,BC
18167,89.5,97015,1133,CS,OC
18168,89.5,97016,2657,BT,OC
18169,89.5,97017,5913,CS,OC
18170,89.5,97018,3817,EE,OC
18171,89.5,97019,2627,CS,SC
18172,89.5,97021,1128,ME,BC
18173,89.5,97022,2659,ME,OC
18174,89.5,97024,4964,CS,SC
18175,89.5,97025,3807,EC,OC
18176,89.5,97026,2725,CE,OC
18177,89.5,97029,4672,CE,OC
18178,89.5,97030,1316,ME,OC
18179,89.5,97031,1501,CS,BC
18180,89.5,97032,4931,EE,OC
18181,89.5,97034,5,IT,BC
18182,89.5,97035,1437,IT,OC
18183,89.5,97037,1412,CE,OC
18184,89.5,97040,3813,EC,OC
18185,89.5,97041,4669,CS,SC
18186,89.5,97042,4024,EC,SC
18187,89.5,97044,2634,AD,OC
18188,89.5,97045,2708,EE,MBC
18189,89.5,97046,3805,PH,SC
18190,89.5,97047,4995,CS,OC
18191,89.5,97048,4964,CS,SC
18192,89.5,97049,1128,ME,MBC
18193,89.5,97050,1026,ME,SC
18194,89.5,97052,1013,ME,MBC
18195,89.5,97055,5530,EE,OC
18196,89.5,97056,5703,CS,SCA
18197,89.5,97057,2617,CS,BC
18198,89.5,97058,2607,EC,MBC
18199,89.5,97059,1114,EC,SCA
18200,89.5,97060,3806,EC,OC
18201,89.5,97062,4969,CS,MBC
18202,89.5,97063,2610,IT,BC
18203,89.5,97064,4964,CE,OC
18204,89.5,97065,2707,AD,MBC
18205,89.5,97067,1322,BM,SC
18206,89.5,97069,4993,BM,MBC
18207,89.2,97071,3766,ME,OC
18208,89.0,97072,2641,ME,OC
18209,89.0,97073,2342,EC,OC
18210,89.0,97074,2715,EC,MBC
18211,89.0,97076,3459,CS,MBC
18212,89.0,97085,2632,CS,MBC
18213,89.0,97087,1101,CS,BC
18214,89.0,97088,2711,ME,MBC
18215,89.0,97089,1225,EC,BC
18216,89.0,97092,2737,IT,OC
18217,89.0,97093,1325,IT,MBC
18218,89.0,97095,1101,CS,MBC
18219,89.0,97096,1408,CS,MBC
18220,89.0,97100,4999,AD,OC
18221,89.0,97101,2632,ME,OC
18222,89.0,97104,3807,EC,OC
18223,89.0,97105,2659,CE,OC
18224,89.0,97106,2708,EC,SCA
18225,89.0,97107,2341,BM,OC
18226,89.0,97109,2723,ME,BC
18227,89.0,97110,2648,ME,OC
18228,89.0,97113,2601,BT,SC
18229,89.0,97114,1310,ME,OC
18230,89.0,97117,1218,CS,OC
18231,89.0,97118,1303,IT,SC
18232,89.0,97119,2634,CS,MBC
18233,89.0,97121,2632,IT,SCA
18234,89.0,97122,3018,CS,BC
18235,89.0,97123,1520,IT,BC
18236,89.0,97124,2758,IT,OC
18237,89.0,97126,1303,CS,SC
18238,89.0,97127,1333,CS,OC
18239,89.0,97128,2369,CE,ST
18240,89.0,97129,2744,CE,OC
18241,89.0,97130,2707,EI,BC
18242,89.0,97131,4675,CS,SC
18243,89.0,97132,2741,CE,OC
18244,89.0,97133,2752,CS,BC
18245,89.0,97134,2747,CS,SCA
18246,89.0,97135,2632,CS,BC
18247,89.0,97138,4670,CE,BC
18248,89.0,97141,5919,ME,OC
18249,89.0,97142,3841,AD,MBC
18250,89.0,97146,3813,EE,OC
18251,89.0,97147,2639,EE,MBC
18252,89.0,97148,1525,CS,OC
18253,89.0,97149,3806,CE,OC
18254,89.0,97150,2611,EC,ST
18255,89.0,97151,1202,ME,OC
18256,89.0,97153,2634,BM,SC
18257,89.0,97155,5902,CE,OC
18258,89.0,97157,4949,MZ,OC
18259,89.0,97158,1322,BM,SC
18260,89.0,97159,2747,ME,OC
18261,89.0,97161,2707,BM,BC
18262,89.0,97163,2632,IT,MBC
18263,89.0,97164,4957,IT,SC
18264,89.0,97165,2610,CE,OC
18265,89.0,97166,1411,IT,OC
18266,89.0,97168,2772,CE,OC
18267,89.0,97169,3766,EC,OC
18268,89.0,97170,3461,ME,OC
18269,89.0,97171,3805,PH,BC
18270,89.0,97172,3461,CS,OC
18271,89.0,97173,2642,IT,MBC
18272,89.0,97174,5990,EC,OC
18273,89.0,97175,3831,IT,SC
18274,89.0,97177,1316,CS,MBC
18275,89.0,97178,4949,EC,OC
18276,89.0,97181,3918,EE,OC
18277,89.0,97182,2610,EE,BC
18278,89.0,97183,3829,EE,OC
18279,89.0,97184,3826,IT,SC
18280,89.0,97186,1303,CS,MBC
18281,89.0,97187,3855,CS,OC
18282,89.0,97193,2749,AD,OC
18283,89.0,97194,2610,AD,BC
18284,89.0,97195,2617,CS,BC
18285,89.0,97196,3806,EC,OC
18286,89.0,97197,3803,IT,MBC
18287,89.0,97198,4669,EC,BC
18288,89.0,97199,2711,CS,SCA
18289,89.0,97201,2342,EC,OC
18290,89.0,97202,2661,CS,SC
18291,89.0,97203,4670,CE,BC
18292,89.0,97204,2609,EC,BC
18293,89.0,97207,2601,CH,MBC
18294,89.0,97208,2345,ME,OC
18295,89.0,97209,3829,CE,OC
18296,89.0,97211,2611,EC,BC
18297,89.0,97213,2613,EE,MBC
18298,89.0,97214,2636,EC,BC
18299,89.0,97215,4957,IT,BC
18300,89.0,97218,1510,CE,OC
18301,89.0,97219,4670,ME,BC
18302,89.0,97220,2707,EC,BC
18303,89.0,97221,4980,ME,OC
18304,89.0,97223,2601,BT,BC
18305,89.0,97224,2659,ME,OC
18306,89.0,97227,1401,ME,OC
18307,89.0,97231,5,ME,SC
18308,89.0,97232,2632,IT,BC
18309,89.0,97233,2611,CS,BC
18310,89.0,97234,1504,CS,MBC
18311,89.0,97235,1126,AD,BC
18312,89.0,97236,2620,EC,BC
18313,89.0,97237,5530,EE,OC
18314,89.0,97239,3805,RM,OC
18315,89.0,97240,3806,CS,BC
18316,89.0,97241,2611,CY,BC
18317,89.0,97243,5,IT,MBC
18318,89.0,97244,3021,ME,OC
18319,89.0,97246,4974,ME,SCA
18320,89.0,97247,3021,EC,OC
18321,89.0,97248,3855,CS,OC
18322,89.0,97249,1225,EC,BC
18323,89.0,97250,2622,IT,SC
18324,89.0,97251,5930,EE,OC
18325,89.0,97252,3813,CS,BC
18326,89.0,97253,3806,CS,SC
18327,89.0,97254,2702,IT,SC
18328,89.0,97255,4023,CE,BC
18329,89.0,97257,2640,CS,OC
18330,89.0,97258,3018,EC,OC
18331,89.0,97259,4964,CS,SCA
18332,89.0,97260,2705,ME,OC
18333,89.0,97261,1216,EE,SC
18334,89.0,97262,2627,ME,OC
18335,89.0,97264,2610,EC,MBC
18336,89.0,97268,3817,EE,OC
18337,89.0,97269,1510,ME,OC
18338,89.0,97270,1402,CS,OC
18339,89.0,97271,3410,EC,MBC
18340,89.0,97274,2640,CS,OC
18341,89.0,97275,4949,EE,OC
18342,89.0,97276,1510,CS,SC
18343,89.0,97277,2609,ME,OC
18344,89.0,97278,2752,ME,OC
18345,89.0,97279,4670,ME,SC
18346,89.0,97280,5009,CE,MBC
18347,89.0,97281,3905,ME,OC
18348,89.0,97283,2338,CS,OC
18349,89.0,97285,1303,IT,MBC
18350,89.0,97287,2630,CS,BC
18351,89.0,97288,4961,EE,OC
18352,89.0,97289,5536,AG,SCA
18353,89.0,97290,2659,CS,MBC
18354,89.0,97291,5915,CS,MBC
18355,89.0,97293,1405,CS,OC
18356,89.0,97294,5910,CE,BC
18357,89.0,97295,5914,CE,OC
18358,89.0,97300,2723,ME,BC
18359,89.0,97301,3811,EC,OC
18360,89.0,97302,4670,EC,BCM
18361,89.0,97303,2609,AD,MBC
18362,89.0,97304,2734,CS,SC
18363,89.0,97305,1424,EE,OC
18364,89.0,97306,3805,EE,OC
18365,89.0,97308,4675,CS,BC
18366,89.0,97309,2734,ME,OC
18367,89.0,97310,4675,CE,OC
18368,89.0,97312,2639,CS,MBC
18369,89.0,97315,2752,EC,BC
18370,89.0,97317,2628,EE,OC
18371,89.0,97319,3011,IT,SCA
18372,89.0,97321,2716,IT,SCA
18373,89.0,97322,3826,EC,BCM
18374,89.0,97323,1525,EE,OC
18375,89.0,97324,5915,EE,OC
18376,89.0,97325,3806,EE,SC
18377,89.0,97326,5532,CE,BC
18378,89.0,97327,3804,CE,OC
18379,89.0,97329,1325,ME,OC
18380,89.0,97330,4965,EE,BC
18381,89.0,97332,3425,EE,BC
18382,89.0,97333,2609,ME,MBC
18383,89.0,97334,3021,CS,SC
18384,89.0,97335,4969,EC,OC
18385,89.0,97336,2661,CS,BC
18386,89.0,97337,3807,ME,OC
18387,89.0,97341,3805,EC,OC
18388,89.0,97343,2741,CS,MBC
18389,89.0,97344,2624,CS,SC
18390,89.0,97345,2740,EC,BC
18391,89.0,97346,4965,EC,BC
18392,89.0,97347,1218,CS,OC
18393,89.0,97348,1510,EE,OC
18394,89.0,97349,4931,ME,OC
18395,89.0,97350,1219,AU,SC
18396,89.0,97351,2640,ME,OC
18397,89.0,97352,1303,ME,OC
18398,89.0,97353,4993,CS,BC
18399,89.0,97355,2327,ME,OC
18400,89.0,97356,4978,BM,SCA
18401,89.0,97359,3786,CS,MBC
18402,89.0,97361,2750,ME,SC
18403,89.0,97362,2715,IT,SCA
18404,89.0,97363,5009,CE,SC
18405,89.0,97366,4992,EE,OC
18406,89.0,97368,2627,CS,SC
18407,89.0,97369,5536,CS,MBC
18408,89.0,97370,4984,ME,OC
18409,89.0,97375,4024,ME,OC
18410,89.0,97377,3805,CH,OC
18411,89.0,97378,2725,CS,SC
18412,89.0,97379,2636,CS,SC
18413,89.0,97381,1322,AG,OC
18414,89.0,97383,2338,BM,OC
18415,89.0,97384,2614,IT,OC
18416,89.0,97385,4957,ME,OC
18417,89.0,97387,3461,ME,OC
18418,89.0,97388,3461,ME,OC
18419,89.0,97389,4969,ME,OC
18420,89.0,97390,2755,AG,MBC
18421,89.0,97392,2657,ME,OC
18422,89.0,97393,2610,ME,OC
18423,89.0,97394,4984,CS,BC
18424,89.0,97398,1304,AU,OC
18425,89.0,97400,3462,EE,OC
18426,89.0,97403,4999,AD,OC
18427,89.0,97405,3804,ME,OC
18428,89.0,97407,2650,EC,OC
18429,89.0,97408,2630,EC,BC
18430,89.0,97409,4980,CS,BC
18431,89.0,97411,5530,EC,BC
18432,89.0,97412,5913,CS,OC
18433,89.0,97413,2620,TS,MBC
18434,89.0,97414,5703,CS,MBC
18435,89.0,97416,2625,IT,OC
18436,89.0,97418,1442,CS,BC
18437,89.0,97419,2651,CS,SC
18438,89.0,97420,2706,EI,BC
18439,89.0,97421,2640,CS,OC
18440,89.0,97422,5910,CE,MBC
18441,89.0,97423,1241,ME,OC
18442,89.0,97424,1014,EC,SC
18443,89.0,97425,3019,ME,OC
18444,89.0,97426,4969,EC,OC
18445,89.0,97427,5703,EC,SCA
18446,89.0,97429,2613,EC,MBC
18447,89.0,97431,4982,CS,OC
18448,89.0,97435,3845,EE,OC
18449,89.0,97436,2609,EE,OC
18450,89.0,97437,1110,IT,MBC
18451,89.0,97438,2632,EC,OC
18452,89.0,97441,5530,EC,BC
18453,89.0,97443,2763,EC,BC
18454,89.0,97445,5990,EC,OC
18455,89.0,97446,2735,EC,BCM
18456,89.0,97447,1122,ME,BC
18457,89.0,97449,3464,CE,BC
18458,89.0,97450,2601,EC,BC
18459,89.0,97451,2621,EC,OC
18460,89.0,97452,3803,EE,BC
18461,89.0,97453,1412,ME,OC
18462,89.0,97455,5536,EE,OC
18463,89.0,97457,2614,IT,OC
18464,89.0,97459,1116,ME,OC
18465,89.0,97460,5910,CS,SC
18466,89.0,97462,5914,ME,OC
18467,89.0,97465,3843,EE,MBC
18468,89.0,97466,5502,EC,OC
18469,89.0,97468,2613,CS,MBC
18470,89.0,97469,3459,CS,BC
18471,89.0,97470,4024,EE,BC
18472,89.0,97471,2627,EC,OC
18473,89.0,97472,1320,EC,OC
18474,89.0,97473,4917,EE,MBC
18475,89.0,97474,2611,PH,OC
18476,89.0,97475,1518,ME,OC
18477,89.0,97476,2755,FD,SC
18478,89.0,97477,5,ME,MBC
18479,89.0,97481,4928,ME,OC
18480,89.0,97483,1520,CS,MBC
18481,89.0,97484,5532,EE,BC
18482,89.0,97486,3829,IT,SC
18483,89.0,97487,4955,EE,OC
18484,89.0,97489,3760,CS,MBC
18485,89.0,97490,1118,IT,SCA
18486,89.0,97491,1424,CS,OC
18487,89.0,97492,1241,EE,OC
18488,89.0,97493,1210,ME,OC
18489,89.0,97494,1325,EC,ST
18490,89.0,97497,3410,EC,MBC
18491,89.0,97498,3786,AE,OC
18492,89.0,97499,2713,CS,BC
18493,89.0,97503,2609,CH,BC
18494,89.0,97504,2725,EE,SC
18495,89.0,97506,2629,MD,OC
18496,89.0,97507,2707,EC,SC
18497,89.0,97510,2613,EC,MBC
18498,89.0,97512,2723,ME,BC
18499,89.0,97513,1317,ME,BC
18500,89.0,97514,2767,CS,OC
18501,89.0,97515,1441,ME,OC
18502,89.0,97516,3830,CB,BC
18503,89.0,97517,3019,EE,OC
18504,89.0,97518,2620,IT,SC
18505,89.0,97519,5910,ME,BC
18506,89.0,97520,5904,EE,BC
18507,89.0,97521,1325,IT,BCM
18508,89.0,97523,2618,FT,BC
18509,89.0,97524,4934,CS,BC
18510,89.0,97527,3815,IT,MBC
18511,89.0,97528,3920,AD,OC
18512,89.0,97529,5022,EE,OC
18513,89.0,97530,4964,ME,OC
18514,89.0,97531,2723,CE,BC
18515,89.0,97532,3011,AU,SC
18516,89.0,97534,2622,ME,SC
18517,89.0,97535,3860,EE,OC
18518,89.0,97536,3425,CE,OC
18519,89.0,97537,4948,CS,OC
18520,89.0,97538,3805,EC,OC
18521,89.0,97539,5907,CS,BC
18522,89.0,97541,3830,AD,SC
18523,89.0,97543,3804,ME,OC
18524,89.0,97544,3855,ME,OC
18525,89.0,97545,2622,ME,BC
18526,89.0,97546,1303,IT,MBC
18527,89.0,97547,3459,EE,OC
18528,89.0,97548,2652,ME,OC
18529,89.0,97550,3459,CS,BC
18530,89.0,97552,3458,AG,SC
18531,89.0,97554,5907,IT,BCM
18532,89.0,97555,4864,CS,BC
18533,89.0,97556,2733,CS,MBC
18534,89.0,97559,2347,CS,MBC
18535,89.0,97561,2643,CS,BC
18536,89.0,97563,4670,CE,BC
18537,89.0,97564,1207,EC,OC
18538,89.0,97565,1320,IT,MBC
18539,89.0,97566,3807,EC,OC
18540,89.0,97567,5842,IT,OC
18541,89.0,97568,4927,CS,OC
18542,89.0,97570,2634,CS,MBC
18543,89.0,97571,1441,CE,OC
18544,89.0,97572,3425,CE,OC
18545,89.0,97573,2661,IT,BC
18546,89.0,97575,4978,BM,BC
18547,89.0,97576,2767,ME,OC
18548,89.0,97578,2354,EE,OC
18549,89.0,97581,3410,EE,MBC
18550,89.0,97583,5988,CS,BC
18551,89.0,97585,5530,EE,OC
18552,89.0,97587,5010,CE,BC
18553,89.0,97588,2740,AE,BCM
18554,89.0,97589,1202,CS,BC
18555,89.0,97590,3820,CS,OC
18556,89.0,97593,1123,AE,OC
18557,89.0,97594,2354,CE,OC
18558,89.0,97595,2647,EC,OC
18559,89.0,97596,1317,EI,BC
18560,89.0,97597,1441,EE,OC
18561,89.0,97599,3843,ME,OC
18562,89.0,97600,3905,CS,MBC
18563,89.0,97601,3812,CE,OC
18564,89.0,97604,2636,CS,BC
18565,89.0,97605,3860,ME,OC
18566,89.0,97608,1150,AG,OC
18567,89.0,97609,3805,BM,MBC
18568,89.0,97610,2622,ME,SCA
18569,89.0,97612,3847,CH,BC
18570,89.0,97615,4972,EC,BC
18571,89.0,97616,4966,ME,OC
18572,89.0,97618,4670,ME,BC
18573,89.0,97619,4672,CS,SC
18574,89.0,97620,1518,ME,OC
18575,89.0,97622,2622,EC,SC
18576,89.0,97623,3817,CE,OC
18577,89.0,97626,2733,CS,SC
18578,89.0,97627,1304,ME,MBC
18579,89.0,97629,3843,EC,MBC
18580,89.0,97630,2740,EC,BC
18581,89.0,97631,2356,ME,OC
18582,89.0,97632,2609,EC,BC
18583,89.0,97633,4975,ME,OC
18584,89.0,97635,5532,CS,SC
18585,89.0,97636,2632,IT,MBC
18586,89.0,97638,1412,IT,OC
18587,89.0,97640,3908,CE,OC
18588,89.0,97641,4944,EC,BC
18589,89.0,97642,3805,EE,OC
18590,89.0,97645,4953,CS,BC
18591,89.0,97646,1137,EC,BCM
18592,89.0,97647,2610,CY,SC
18593,89.0,97648,3908,EC,OC
18594,89.0,97649,3860,ME,OC
18595,89.0,97650,2653,ME,MBC
18596,89.0,97652,1303,EE,SC
18597,89.0,97654,4971,IT,MBC
18598,89.0,97657,1518,CS,OC
18599,89.0,97659,2755,CS,SC
18600,89.0,97660,2710,CS,SC
18601,89.0,97661,3464,CE,MBC
18602,89.0,97663,3812,CS,SC
18603,89.0,97664,2734,IT,MBC
18604,89.0,97665,1231,IT,SC
18605,89.0,97666,2623,CS,OC
18606,89.0,97667,2627,ME,OC
18607,89.0,97668,1233,ME,OC
18608,89.0,97670,1101,ME,OC
18609,89.0,97671,2610,ME,OC
18610,89.0,97673,1207,CS,BC
18611,89.0,97674,5912,CE,OC
18612,89.0,97675,1202,EC,OC
18613,89.0,97676,3826,ME,BC
18614,89.0,97679,2758,CS,OC
18615,89.0,97681,3860,ME,OC
18616,89.0,97682,1430,EE,SC
18617,89.0,97684,1114,EC,BC
18618,89.0,97685,1110,AD,BC
18619,89.0,97686,2729,CB,OC
18620,89.0,97688,4931,EE,OC
18621,89.0,97689,3786,CS,BC
18622,89.0,97690,1322,FD,OC
18623,89.0,97692,2706,ME,BC
18624,89.0,97694,2609,IT,BC
18625,89.0,97695,4864,EC,MBC
18626,89.0,97696,1207,EC,BC
18627,89.0,97697,4670,ME,BC
18628,89.0,97698,1333,CS,OC
18629,89.0,97699,3852,CS,OC
18630,89.0,97700,3819,IT,SC
18631,89.0,97702,5930,ME,OC
18632,89.0,97705,1412,IT,OC
18633,89.0,97706,4969,EE,OC
18634,89.0,97707,2612,CS,OC
18635,89.0,97708,1504,BT,BC
18636,89.0,97709,2776,CS,SC
18637,89.0,97710,2718,EE,SCA
18638,89.0,97712,1412,ME,OC
18639,89.0,97713,1430,EE,SC
18640,89.0,97715,4949,MZ,OC
18641,89.0,97716,2329,ME,MBC
18642,89.0,97719,5865,EC,BC
18643,89.0,97720,2707,RM,OC
18644,89.0,97721,1202,ME,OC
18645,89.0,97722,2628,BM,SC
18646,89.0,97724,3854,EE,OC
18647,88.5,97725,2707,ME,OC
18648,88.5,97726,3456,ME,OC
18649,88.5,97727,2640,CS,OC
18650,88.5,97728,1026,EC,SC
18651,88.5,97729,2627,CS,BC
18652,88.5,97730,2744,CS,MBC
18653,88.5,97732,2314,CS,BC
18654,88.5,97733,3760,CS,BC
18655,88.5,97735,2651,CS,SC
18656,88.5,97736,3829,EC,SC
18657,88.5,97737,5530,EC,BC
18658,88.5,97738,3908,EC,OC
18659,88.5,97739,2726,EC,BC
18660,88.5,97741,4023,EE,BC
18661,88.5,97742,2736,EE,OC
18662,88.5,97744,4680,EC,MBC
18663,88.5,97745,2329,IT,BC
18664,88.5,97747,2622,CH,SC
18665,88.5,97748,3830,IT,MBC
18666,88.5,97749,3908,CS,BC
18667,88.5,97750,2762,CS,MBC
18668,88.5,97751,1225,EC,BC
18669,88.5,97753,2624,CS,SCA
18670,88.5,97754,4949,MZ,OC
18671,88.5,97755,2713,CS,BC
18672,88.5,97756,2683,ME,OC
18673,88.5,97757,2622,ME,MBC
18674,88.5,97759,5017,CS,BC
18675,88.5,97761,2740,ME,OC
18676,88.5,97763,2661,CS,SC
18677,88.5,97764,2625,IT,OC
18678,88.5,97765,1426,CS,OC
18679,88.5,97766,3806,EC,OC
18680,88.5,97767,3766,CS,OC
18681,88.5,97768,5530,CS,SC
18682,88.5,97769,4669,EE,OC
18683,88.5,97770,3805,CS,SC
18684,88.5,97771,4020,ME,SC
18685,88.5,97773,1441,CS,OC
18686,88.5,97774,1419,ME,SC
18687,88.5,97776,4675,ME,OC
18688,88.5,97778,2357,IT,SC
18689,88.5,97781,3806,EC,OC
18690,88.5,97783,1226,CS,MBC
18691,88.5,97784,2612,CS,OC
18692,88.5,97785,3466,ME,OC
18693,88.5,97786,2639,EC,BC
18694,88.5,97787,2755,AE,OC
18695,88.5,97788,2345,ME,OC
18696,88.5,97789,3908,CS,SC
18697,88.5,97790,3465,CS,SCA
18698,88.5,97791,2740,EC,BC
18699,88.5,97792,4669,CS,BC
18700,88.5,97793,2607,FD,MBC
18701,88.5,97795,2611,MD,OC
18702,88.5,97796,5865,EE,OC
18703,88.5,97797,4975,CS,BC
18704,88.5,97799,1106,CS,OC
18705,88.5,97801,1133,CS,OC
18706,88.5,97802,4981,EC,MBC
18707,88.5,97803,2613,CE,OC
18708,88.5,97804,2618,ME,BC
18709,88.5,97806,4864,ME,OC
18710,88.5,97807,1118,IT,SC
18711,88.5,97809,1316,ME,OC
18712,88.5,97810,3786,CS,BCM
18713,88.5,97811,1452,CS,BC
18714,88.5,97812,1106,AE,OC
18715,88.5,97813,2636,CS,MBC
18716,88.5,97814,3806,EC,OC
18717,88.5,97815,2636,ME,OC
18718,88.5,97817,3019,EC,SCA
18719,88.5,97818,3425,EC,BC
18720,88.5,97819,4953,ME,OC
18721,88.5,97820,4969,CS,BC
18722,88.5,97822,2715,EE,BC
18723,88.5,97823,3766,CS,OC
18724,88.5,97824,1216,ME,OC
18725,88.5,97826,1303,BT,MBC
18726,88.5,97827,2346,EE,OC
18727,88.5,97829,3849,ME,OC
18728,88.5,97830,3018,CS,SC
18729,88.5,97831,2601,CE,OC
18730,88.5,97834,1301,CE,OC
18731,88.5,97836,2636,ME,OC
18732,88.5,97837,1413,CE,OC
18733,88.5,97838,3410,EC,MBC
18734,88.5,97841,2640,CS,OC
18735,88.5,97842,3805,ME,OC
18736,88.5,97843,2613,EC,MBC
18737,88.5,97845,2634,BM,MBC
18738,88.5,97846,1445,CS,OC
18739,88.5,97847,5910,CE,MBC
18740,88.5,97848,2743,ME,OC
18741,88.5,97849,3810,CE,OC
18742,88.5,97850,2707,CH,BC
18743,88.5,97851,3857,ME,OC
18744,88.5,97852,5,CE,MBC
18745,88.5,97853,1505,IT,BC
18746,88.5,97854,4954,EE,BC
18747,88.5,97855,3701,CS,MBC
18748,88.5,97856,2639,EC,MBC
18749,88.5,97857,2707,EI,SC
18750,88.5,97858,5,CH,MBC
18751,88.5,97859,4675,EC,OC
18752,88.5,97860,3782,CS,OC
18753,88.5,97861,4917,CS,MBC
18754,88.5,97862,2609,CY,MBC
18755,88.5,97864,2651,FT,BC
18756,88.5,97865,1303,EE,BC
18757,88.5,97867,1421,ME,OC
18758,88.5,97868,4965,ME,OC
18759,88.5,97869,5010,ME,BC
18760,88.5,97870,2650,EC,OC
18761,88.5,97872,3456,BM,BC
18762,88.5,97873,2707,EC,BC
18763,88.5,97874,3805,CE,OC
18764,88.5,97875,2611,ME,OC
18765,88.5,97876,2342,CS,BC
18766,88.5,97877,5536,EC,MBC
18767,88.5,97880,2715,EC,BC
18768,88.5,97881,2611,CY,BCM
18769,88.5,97883,4929,CS,OC
18770,88.5,97884,3011,CE,MBC
18771,88.5,97886,2611,ME,OC
18772,88.5,97888,1322,BM,SC
18773,88.5,97894,2357,CS,SC
18774,88.5,97896,1408,CS,SC
18775,88.5,97897,2707,EC,SC
18776,88.5,97899,2314,AG,SC
18777,88.5,97900,2707,RM,OC
18778,88.5,97902,2628,BM,SC
18779,88.5,97905,2727,EC,BC
18780,88.5,97906,2653,IT,SC
18781,88.5,97907,1512,EC,OC
18782,88.5,97908,3425,CE,OC
18783,88.5,97909,2628,CS,OC
18784,88.5,97910,4670,ME,BC
18785,88.5,97911,1442,BM,BC
18786,88.5,97912,2620,EC,MBC
18787,88.5,97913,2749,CS,OC
18788,88.5,97914,3845,CS,MBC
18789,88.5,97915,3805,BM,MBC
18790,88.5,97917,3826,CE,BCM
18791,88.5,97920,1311,EC,MBC
18792,88.5,97921,1303,IT,BC
18793,88.5,97922,2632,IT,BC
18794,88.5,97923,2747,EC,OC
18795,88.5,97924,1211,CB,SCA
18796,88.5,97925,3466,CS,OC
18797,88.5,97926,1122,EC,SC
18798,88.5,97927,1207,CS,BC
18799,88.5,97929,1026,ME,BC
18800,88.5,97930,2611,IT,BC
18801,88.5,97932,2748,CS,OC
18802,88.5,97936,3811,CS,SC
18803,88.5,97937,1207,ME,OC
18804,88.5,97939,3456,EE,OC
18805,88.5,97941,2764,ME,SC
18806,88.5,97942,3806,CS,BC
18807,88.5,97943,1110,IT,SC
18808,88.5,97946,5536,CS,BC
18809,88.5,97948,2609,EC,BCM
18810,88.5,97949,2357,CS,SC
18811,88.5,97950,2647,CS,OC
18812,88.5,97952,2629,MD,OC
18813,88.5,97954,1518,IT,OC
18814,88.5,97955,2705,CS,SC
18815,88.5,97956,2629,MD,OC
18816,88.5,97957,4957,EC,OC
18817,88.5,97962,1014,XC,OC
18818,88.5,97963,3456,CS,BC
18819,88.5,97964,2601,BM,SC
18820,88.5,97965,2611,BM,BC
18821,88.5,97968,3805,AO,OC
18822,88.5,97970,2734,AD,MBC
18823,88.5,97971,5,IT,SC
18824,88.5,97972,2709,CE,BC
18825,88.5,97974,3459,ME,OC
18826,88.5,97976,2606,CS,MBC
18827,88.5,97977,3905,EE,MBC
18828,88.5,97978,2758,IT,OC
18829,88.5,97979,2752,CS,SC
18830,88.5,97980,3806,EE,SC
18831,88.5,97981,4931,EC,MBC
18832,88.5,97982,2630,CS,SC
18833,88.5,97983,4864,ME,OC
18834,88.5,97984,5907,EC,OC
18835,88.5,97985,2632,EC,OC
18836,88.5,97987,3805,AD,BC
18837,88.5,97988,2665,PD,OC
18838,88.5,97990,1322,CS,SC
18839,88.5,97991,5862,AG,SC
18840,88.5,97992,1140,EC,BC
18841,88.5,97993,2646,CS,MBC
18842,88.5,97996,4994,EE,OC
18843,88.5,97997,2633,CS,OC
18844,88.5,97998,2314,AG,SC
18845,88.5,98000,2618,EC,SC
18846,88.5,98001,2612,CS,SC
18847,88.5,98002,1202,ME,OC
18848,88.5,98003,1229,EE,OC
18849,88.5,98004,3841,AD,BCM
18850,88.5,98005,2721,IC,BCM
18851,88.5,98006,4917,ME,OC
18852,88.5,98007,3760,ME,OC
18853,88.5,98009,1424,AD,BC
18854,88.5,98010,3805,CS,SC
18855,88.5,98011,1211,ME,SC
18856,88.5,98012,2628,EE,OC
18857,88.5,98013,2347,EC,OC
18858,88.5,98016,3833,EE,OC
18859,88.5,98018,1431,CS,BC
18860,88.5,98020,2360,CS,MBC
18861,88.5,98025,3810,CS,SC
18862,88.5,98027,5502,CS,SC
18863,88.5,98029,3459,EC,OC
18864,88.5,98030,2661,IT,MBC
18865,88.5,98031,3018,CE,OC
18866,88.5,98036,2733,CS,BC
18867,88.5,98037,1110,AD,BC
18868,88.5,98039,4670,CE,BC
18869,88.5,98040,2711,CS,SC
18870,88.5,98041,2776,MZ,OC
18871,88.5,98042,4957,IT,MBC
18872,88.5,98043,4998,CS,BC
18873,88.5,98045,2642,CS,BC
18874,88.5,98046,2767,CS,OC
18875,88.5,98048,2707,IT,BC
18876,88.5,98049,1421,CE,OC
18877,88.5,98050,4928,ME,OC
18878,88.5,98052,2740,EC,MBC
18879,88.5,98053,1411,AE,BC
18880,88.5,98056,4864,ME,OC
18881,88.5,98059,3701,AD,BC
18882,88.5,98060,1225,EC,BC
18883,88.5,98061,2607,CE,OC
18884,88.5,98062,5919,CS,BC
18885,88.5,98063,3829,EE,OC
18886,88.5,98064,2360,CS,SC
18887,88.5,98066,2713,CS,MBC
18888,88.5,98067,2719,IT,SC
18889,88.5,98068,3806,ME,OC
18890,88.5,98069,3805,AE,OC
18891,88.5,98071,3806,CS,SC
18892,88.5,98073,2636,CS,BC
18893,88.5,98074,4946,ME,OC
18894,88.5,98075,5536,EE,OC
18895,88.5,98076,1231,CS,ST
18896,88.5,98077,3459,EE,OC
18897,88.5,98078,1313,CS,OC
18898,88.5,98079,4970,CS,BC
18899,88.5,98080,3819,CS,SC
18900,88.5,98081,4954,CS,MBC
18901,88.5,98083,4944,EC,BC
18902,88.5,98084,4023,CS,MBC
18903,88.5,98087,1424,CS,OC
18904,88.5,98088,3805,FD,BCM
18905,88.5,98090,3806,IT,MBC
18906,88.5,98092,4966,CS,SC
18907,88.5,98093,1409,EE,OC
18908,88.5,98094,2653,CE,MBC
18909,88.5,98098,1504,ME,MBC
18910,88.5,98099,5832,EC,OC
18911,88.5,98100,2707,EI,SC
18912,88.5,98101,3459,CS,BC
18913,88.5,98102,2702,ME,SC
18914,88.5,98103,5,IT,MBC
18915,88.5,98104,2749,CS,OC
18916,88.5,98105,1238,CS,MBC
18917,88.5,98106,4961,CS,OC
18918,88.5,98107,2733,CS,SC
18919,88.5,98110,3795,ME,OC
18920,88.5,98112,3458,AG,BC
18921,88.5,98114,2716,IT,SCA
18922,88.5,98116,2716,AE,OC
18923,88.5,98117,5536,CS,BC
18924,88.5,98118,2708,EE,BC
18925,88.5,98119,2620,EC,SC
18926,88.5,98120,3786,CS,SC
18927,88.5,98121,5017,EE,OC
18928,88.5,98122,3810,CS,BCM
18929,88.5,98123,1210,EC,SC
18930,88.5,98124,2642,IT,MBC
18931,88.5,98126,5010,CE,BC
18932,88.5,98127,2612,CS,MBC
18933,88.5,98129,2618,CE,BC
18934,88.5,98130,2719,CS,ST
18935,88.5,98131,5901,ME,SCA
18936,88.5,98132,2659,CS,SC
18937,88.5,98133,1307,IT,BCM
18938,88.5,98134,5930,CS,BC
18939,88.5,98135,1407,BM,BC
18940,88.5,98136,2630,CS,SC
18941,88.5,98137,1605,CS,MBC
18942,88.5,98138,3803,ME,BC
18943,88.5,98139,3905,EC,OC
18944,88.5,98140,2769,CS,OC
18945,88.5,98142,2614,CS,BC
18946,88.5,98143,1420,IT,MBC
18947,88.5,98144,1116,EC,OC
18948,88.5,98147,4941,CS,OC
18949,88.5,98148,1422,CS,SCA
18950,88.5,98150,3826,ME,MBC
18951,88.5,98151,3905,ME,OC
18952,88.5,98152,5530,EE,OC
18953,88.5,98153,3806,ME,OC
18954,88.5,98154,1504,CS,MBC
18955,88.5,98155,2342,ME,OC
18956,88.5,98156,3852,EE,OC
18957,88.5,98161,5912,EC,BC
18958,88.5,98162,4670,EE,BC
18959,88.5,98164,2356,ME,OC
18960,88.5,98165,3805,AE,OC
18961,88.5,98172,4928,CE,OC
18962,88.5,98175,1520,CS,MBC
18963,88.5,98176,5930,CS,SC
18964,88.5,98180,4957,IT,MBC
18965,88.5,98181,2707,RM,OC
18966,88.5,98183,2772,CS,OC
18967,88.5,98184,2610,EC,BC
18968,88.5,98185,1026,ME,MBC
18969,88.5,98186,4965,ME,OC
18970,88.5,98188,3806,EC,OC
18971,88.5,98190,2731,EC,OC
18972,88.5,98192,1441,EC,OC
18973,88.5,98196,1413,AD,OC
18974,88.5,98197,4933,CS,BC
18975,88.5,98198,2610,EC,BC
18976,88.5,98199,1304,CE,BC
18977,88.5,98200,1420,CS,MBC
18978,88.5,98204,2624,BM,SC
18979,88.5,98206,1501,EC,OC
18980,88.5,98207,2632,ME,OC
18981,88.5,98208,5910,ME,BC
18982,88.5,98213,5865,EC,SC
18983,88.5,98214,4999,AD,OC
18984,88.5,98216,2776,MZ,OC
18985,88.5,98217,3425,EC,BC
18986,88.5,98218,2718,CB,SCA
18987,88.5,98220,4680,EE,BC
18988,88.5,98221,2636,EC,SCA
18989,88.5,98222,4917,CE,BC
18990,88.5,98223,5921,CE,OC
18991,88.5,98224,1207,IT,SC
18992,88.5,98226,1518,IT,OC
18993,88.5,98231,2601,EC,BC
18994,88.5,98232,1225,EC,MBC
18995,88.5,98234,4917,ME,OC
18996,88.5,98238,2341,EC,OC
18997,88.5,98239,2715,ME,OC
18998,88.5,98242,1402,ME,OC
18999,88.5,98243,2611,FD,MBC
19000,88.5,98245,1207,BM,SCA
19001,88.5,98246,4993,EE,OC
19002,88.5,98247,2621,ME,OC
19003,88.5,98248,1401,EC,OC
19004,88.5,98251,3803,EE,BC
19005,88.5,98253,4024,CE,OC
19006,88.5,98254,4984,CS,BC
19007,88.5,98255,3810,CS,MBC
19008,88.5,98256,1316,CH,OC
19009,88.5,98257,3812,EC,OC
19010,88.5,98259,1303,IT,MBC
19011,88.5,98260,1422,MD,BC
19012,88.5,98261,4969,CS,SC
19013,88.5,98262,2314,EE,OC
19014,88.5,98264,2609,AE,OC
19015,88.5,98265,3454,AG,BC
19016,88.5,98266,4944,CS,MBC
19017,88.5,98267,3806,ME,OC
19018,88.5,98268,2743,CS,BCM
19019,88.5,98269,2741,EC,SCA
19020,88.5,98271,3766,ME,OC
19021,88.5,98272,3843,ME,OC
19022,88.5,98273,4981,EE,BC
19023,88.5,98274,2622,CE,SC
19024,88.5,98278,2740,PH,BC
19025,88.5,98279,1412,EC,OC
19026,88.5,98281,1212,CS,OC
19027,88.5,98282,4971,ME,MBC
19028,88.5,98284,1210,EC,SC
19029,88.5,98286,2749,CS,OC
19030,88.5,98288,1424,CS,OC
19031,88.5,98290,2627,EC,OC
19032,88.5,98291,1426,EC,OC
19033,88.5,98292,2613,CS,SC
19034,88.5,98294,5910,CS,SC
19035,88.5,98295,3813,CS,BC
19036,88.5,98296,5907,ME,OC
19037,88.5,98302,2740,AE,MBC
19038,88.5,98303,3843,CS,BC
19039,88.5,98304,4024,ME,OC
19040,88.5,98305,4670,CE,SC
19041,88.5,98306,5930,EE,OC
19042,88.5,98307,1115,CS,MBC
19043,88.5,98308,2740,ME,OC
19044,88.5,98310,2640,CE,OC
19045,88.5,98311,3813,EE,OC
19046,88.5,98312,1316,CS,MBC
19047,88.5,98315,2607,TX,MBC
19048,88.5,98316,1401,ME,OC
19049,88.5,98317,2623,CS,OC
19050,88.5,98318,3456,BM,SC
19051,88.2,98320,3466,CE,OC
19052,88.0,98321,2705,CS,MBC
19053,88.0,98322,4953,IT,BC
19054,88.0,98323,3461,ME,OC
19055,88.0,98324,2338,EE,OC
19056,88.0,98325,2749,AD,OC
19057,88.0,98326,1226,CS,BC
19058,88.0,98327,1202,CS,BC
19059,88.0,98328,5935,ME,OC
19060,88.0,98329,1123,AE,OC
19061,88.0,98330,2673,CS,BC
19062,88.0,98331,2609,FD,BC
19063,88.0,98332,5912,EC,BC
19064,88.0,98334,3805,PH,MBC
19065,88.0,98336,4927,CS,OC
19066,88.0,98337,2718,ME,SC
19067,88.0,98338,2620,CS,SC
19068,88.0,98339,2639,EE,BC
19069,88.0,98341,2608,ME,BC
19070,88.0,98342,2625,CS,OC
19071,88.0,98343,5536,EC,BC
19072,88.0,98346,3841,CS,BC
19073,88.0,98347,4917,CS,MBC
19074,88.0,98350,1509,ME,OC
19075,88.0,98351,4676,EC,MBC
19076,88.0,98352,3805,ME,OC
19077,88.0,98354,2652,EC,MBC
19078,88.0,98355,2347,EE,OC
19079,88.0,98356,2347,EC,OC
19080,88.0,98358,2659,CS,MBC
19081,88.0,98359,3804,ME,OC
19082,88.0,98360,2354,CS,MBC
19083,88.0,98361,4928,CE,OC
19084,88.0,98362,2640,CS,BC
19085,88.0,98363,2601,EC,BC
19086,88.0,98364,2611,FD,MBC
19087,88.0,98365,2707,EE,BC
19088,88.0,98366,2646,EE,OC
19089,88.0,98367,2708,EE,BC
19090,88.0,98368,2622,CS,MBC
19091,88.0,98369,3817,ME,MBC
19092,88.0,98374,2710,CS,SC
19093,88.0,98375,2716,AE,SC
19094,88.0,98376,2610,EC,BC
19095,88.0,98377,3804,ME,OC
19096,88.0,98380,2611,CE,OC
19097,88.0,98383,2715,EC,BC
19098,88.0,98384,3820,CS,OC
19099,88.0,98385,4928,CE,OC
19100,88.0,98386,2357,ME,BC
19101,88.0,98387,2772,CE,OC
19102,88.0,98388,4965,CE,OC
19103,88.0,98389,4929,EC,OC
19104,88.0,98391,2338,EE,OC
19105,88.0,98392,2610,AD,SC
19106,88.0,98395,3821,ME,OC
19107,88.0,98396,3454,AG,SC
19108,88.0,98398,2755,FD,SC
19109,88.0,98399,5907,CE,OC
19110,88.0,98401,2640,CS,MBC
19111,88.0,98402,2762,CS,MBC
19112,88.0,98403,3425,ME,SC
19113,88.0,98404,1434,ME,OC
19114,88.0,98406,2719,EC,SC
19115,88.0,98408,3410,EE,MBC
19116,88.0,98409,2762,CE,OC
19117,88.0,98410,3459,ME,OC
19118,88.0,98411,2651,EE,OC
19119,88.0,98413,4917,ME,OC
19120,88.0,98415,2683,AG,OC
19121,88.0,98416,2750,EC,ST
19122,88.0,98417,3425,CE,MBC
19123,88.0,98418,2643,EC,OC
19124,88.0,98419,3843,CS,SC
19125,88.0,98420,5919,CS,BC
19126,88.0,98421,2610,ME,OC
19127,88.0,98422,4955,CE,OC
19128,88.0,98424,2634,AE,OC
19129,88.0,98426,2758,CS,MBC
19130,88.0,98427,4670,CE,BC
19131,88.0,98429,2610,EC,MBC
19132,88.0,98431,2329,AD,MBC
19133,88.0,98432,1118,CB,MBC
19134,88.0,98433,2345,EC,BC
19135,88.0,98434,2609,CS,BC
19136,88.0,98435,3801,EE,MBC
19137,88.0,98437,3825,CS,BC
19138,88.0,98438,2659,EE,BC
19139,88.0,98440,3817,CS,SC
19140,88.0,98441,4917,EE,SC
19141,88.0,98443,3807,EC,OC
19142,88.0,98444,1237,EC,OC
19143,88.0,98446,2716,GI,OC
19144,88.0,98447,2360,EC,OC
19145,88.0,98448,3410,EC,MBC
19146,88.0,98449,1226,CS,MBC
19147,88.0,98451,3803,IT,SC
19148,88.0,98453,4969,CS,SC
19149,88.0,98455,2715,CE,OC
19150,88.0,98457,4864,CE,OC
19151,88.0,98458,5912,CE,OC
19152,88.0,98461,1301,ME,OC
19153,88.0,98462,3841,CS,BCM
19154,88.0,98463,4933,CS,MBC
19155,88.0,98464,3760,CS,BC
19156,88.0,98466,2609,CS,BC
19157,88.0,98468,2612,CS,BC
19158,88.0,98473,1424,AD,MBC
19159,88.0,98475,5,CE,BC
19160,88.0,98476,2630,EC,SC
19161,88.0,98477,2611,CS,MBC
19162,88.0,98478,3011,XC,MBC
19163,88.0,98479,3905,CS,MBC
19164,88.0,98480,2622,CS,SC
19165,88.0,98481,2346,CS,OC
19166,88.0,98483,4957,IT,BC
19167,88.0,98484,3813,CS,MBC
19168,88.0,98485,1317,CE,OC
19169,88.0,98486,2634,AE,OC
19170,88.0,98488,2628,CS,OC
19171,88.0,98492,3841,CE,BC
19172,88.0,98493,5502,CE,OC
19173,88.0,98495,2609,ME,BC
19174,88.0,98497,1401,CS,SC
19175,88.0,98501,5865,ME,OC
19176,88.0,98503,2634,ME,OC
19177,88.0,98504,2752,IT,SC
19178,88.0,98506,2744,CS,BC
19179,88.0,98507,2646,CE,OC
19180,88.0,98509,3805,RM,OC
19181,88.0,98510,1026,ME,MBC
19182,88.0,98511,5907,EC,OC
19183,88.0,98512,3782,EE,OC
19184,88.0,98513,2651,ME,OC
19185,88.0,98514,4978,BM,SC
19186,88.0,98515,2623,IT,MBC
19187,88.0,98517,2327,EC,OC
19188,88.0,98519,2715,AG,MBC
19189,88.0,98520,2767,CS,SC
19190,88.0,98521,3456,CS,MBC
19191,88.0,98522,4965,ME,BC
19192,88.0,98524,1320,CS,SC
19193,88.0,98525,3760,EE,OC
19194,88.0,98529,3845,EC,OC
19195,88.0,98530,1516,ME,BCM
19196,88.0,98531,5904,CS,SCA
19197,88.0,98533,1316,CS,BC
19198,88.0,98534,4928,ME,OC
19199,88.0,98536,2762,EC,BC
19200,88.0,98539,2762,CS,BC
19201,88.0,98541,2611,AG,BC
19202,88.0,98542,3462,EE,OC
19203,88.0,98544,2739,EE,BCM
19204,88.0,98546,2776,CE,OC
19205,88.0,98547,2624,BM,SCA
19206,88.0,98548,3807,CS,SC
19207,88.0,98551,2659,ME,OC
19208,88.0,98552,2715,ME,OC
19209,88.0,98554,2726,EC,MBC
19210,88.0,98557,2613,EC,MBC
19211,88.0,98558,3462,CS,OC
19212,88.0,98559,2744,ME,BC
19213,88.0,98562,1126,EC,OC
19214,88.0,98564,5703,CE,OC
19215,88.0,98565,3826,ME,BC
19216,88.0,98566,3926,CS,OC
19217,88.0,98567,4994,EC,OC
19218,88.0,98568,1441,ME,OC
19219,88.0,98570,1127,CS,OC
19220,88.0,98571,4917,EE,BC
19221,88.0,98573,2747,CS,SC
19222,88.0,98574,2329,BM,MBC
19223,88.0,98575,5008,MG,SCA
19224,88.0,98576,1430,EC,OC
19225,88.0,98579,1408,CS,MBC
19226,88.0,98581,2610,EC,BC
19227,88.0,98582,4669,CE,OC
19228,88.0,98583,3841,EC,BCM
19229,88.0,98584,3806,CS,BC
19230,88.0,98585,2750,EE,SC
19231,88.0,98588,1120,CE,OC
19232,88.0,98589,1202,CS,SC
19233,88.0,98591,2640,CS,MBC
19234,88.0,98592,1014,EC,MBC
19235,88.0,98594,2349,CS,BC
19236,88.0,98597,5865,EE,OC
19237,88.0,98599,3817,CS,SC
19238,88.0,98600,3860,ME,OC
19239,88.0,98602,1225,CS,SC
19240,88.0,98605,2617,CS,BC
19241,88.0,98608,3464,ME,SC
19242,88.0,98609,2758,EE,OC
19243,88.0,98610,4929,ME,OC
19244,88.0,98613,3806,CS,SC
19245,88.0,98615,2653,EE,SC
19246,88.0,98616,2632,EE,OC
19247,88.0,98617,1505,CS,BC
19248,88.0,98618,1322,AE,OC
19249,88.0,98622,2744,EE,OC
19250,88.0,98624,3850,CS,OC
19251,88.0,98627,2648,ME,OC
19252,88.0,98629,2314,CS,MBC
19253,88.0,98630,2646,CS,MBC
19254,88.0,98631,2640,EC,OC
19255,88.0,98632,5915,CE,OC
19256,88.0,98634,1445,ME,OC
19257,88.0,98635,2733,ME,OC
19258,88.0,98636,3805,EC,MBC
19259,88.0,98637,3410,CS,BC
19260,88.0,98639,3829,EC,BC
19261,88.0,98640,3918,CS,BC
19262,88.0,98641,2328,BM,MBC
19263,88.0,98645,2646,CS,SC
19264,88.0,98650,3805,AD,SC
19265,88.0,98651,2643,EE,OC
19266,88.0,98652,2715,ME,OC
19267,88.0,98653,3905,EE,BC
19268,88.0,98654,1324,EC,SC
19269,88.0,98655,1303,EC,OC
19270,88.0,98657,2735,EE,BC
19271,88.0,98660,4957,IT,SC
19272,88.0,98661,2651,ME,OC
19273,88.0,98662,5921,ME,OC
19274,88.0,98663,1014,IT,BCM
19275,88.0,98664,3701,CE,SC
19276,88.0,98665,2629,IT,MBC
19277,88.0,98666,2661,CE,OC
19278,88.0,98668,1149,EC,MBC
19279,88.0,98669,3464,CE,BC
19280,88.0,98670,5,EE,BCM
19281,88.0,98671,3701,AD,BC
19282,88.0,98674,1322,CS,SCA
19283,88.0,98675,3425,CE,SC
19284,88.0,98677,2643,CS,SC
19285,88.0,98678,2624,CS,SC
19286,88.0,98679,2634,CS,MBC
19287,88.0,98681,5,IT,MBC
19288,88.0,98682,2609,CS,SCA
19289,88.0,98683,2736,BM,SC
19290,88.0,98686,2345,EC,MBC
19291,88.0,98688,3825,EE,OC
19292,88.0,98689,2622,ME,SC
19293,88.0,98690,1445,CS,OC
19294,88.0,98692,1523,ME,OC
19295,88.0,98694,4957,ME,OC
19296,88.0,98695,2707,RM,OC
19297,88.0,98696,3804,AG,OC
19298,88.0,98697,2624,BM,MBC
19299,88.0,98699,1026,ME,SC
19300,88.0,98700,3786,CS,BC
19301,88.0,98701,5532,CE,BC
19302,88.0,98702,3016,CS,BC
19303,88.0,98703,4965,EC,MBC
19304,88.0,98705,1437,IT,OC
19305,88.0,98706,2606,CS,BC
19306,88.0,98708,5009,CE,BC
19307,88.0,98709,4964,CS,MBC
19308,88.0,98711,2618,ME,SC
19309,88.0,98714,2342,EC,OC
19310,88.0,98719,2624,BT,OC
19311,88.0,98721,4917,CS,SCA
19312,88.0,98722,5022,CE,OC
19313,88.0,98723,2613,EC,MBC
19314,88.0,98727,1421,EC,SC
19315,88.0,98728,2763,MZ,OC
19316,88.0,98729,3847,CH,MBC
19317,88.0,98730,2639,CS,MBC
19318,88.0,98731,3454,AG,SC
19319,88.0,98735,1110,ME,OC
19320,88.0,98736,4672,CS,BC
19321,88.0,98737,1123,CS,OC
19322,88.0,98739,1518,CS,OC
19323,88.0,98740,2633,CS,OC
19324,88.0,98741,2634,IT,OC
19325,88.0,98742,2750,ME,SCA
19326,88.0,98743,3462,ME,OC
19327,88.0,98744,2611,IT,ST
19328,88.0,98746,2708,CE,BC
19329,88.0,98747,2347,EC,OC
19330,88.0,98748,1322,AG,OC
19331,88.0,98749,2659,EE,SC
19332,88.0,98751,1434,ME,OC
19333,88.0,98752,3826,ME,MBC
19334,88.0,98753,2622,CS,MBC
19335,88.0,98755,3905,ME,OC
19336,88.0,98756,3825,ME,OC
19337,88.0,98757,5,EE,MBC
19338,88.0,98758,1420,CS,SC
19339,88.0,98759,2367,CS,OC
19340,88.0,98760,4965,ME,BC
19341,88.0,98761,5010,ME,SC
19342,88.0,98762,4934,CS,SCA
19343,88.0,98763,2727,ME,OC
19344,88.0,98765,1311,AO,SCA
19345,88.0,98766,2606,EE,OC
19346,88.0,98767,4984,IT,OC
19347,88.0,98768,4999,CS,OC
19348,88.0,98770,2621,AE,OC
19349,88.0,98773,2642,EC,OC
19350,88.0,98774,1414,IT,MBC
19351,88.0,98775,4672,EC,SC
19352,88.0,98776,1402,CS,OC
19353,88.0,98777,3019,CS,SC
19354,88.0,98778,3425,EE,SC
19355,88.0,98779,1110,BT,SC
19356,88.0,98780,2633,CS,OC
19357,88.0,98781,1525,CE,OC
19358,88.0,98783,2661,CS,BC
19359,88.0,98785,1449,CS,OC
19360,88.0,98788,5703,CS,SC
19361,88.0,98789,2729,CB,OC
19362,88.0,98791,4670,ME,BC
19363,88.0,98792,3830,IT,SC
19364,88.0,98794,4978,CS,OC
19365,88.0,98795,2749,AD,OC
19366,88.0,98796,2345,CS,SC
19367,88.0,98797,2613,EE,MBC
19368,88.0,98798,3843,ME,OC
19369,88.0,98799,2726,EE,OC
19370,88.0,98803,2753,BM,MBC
19371,88.0,98804,4989,CS,OC
19372,88.0,98805,3814,CS,MBC
19373,88.0,98807,2601,CE,OC
19374,88.0,98808,2638,EC,OC
19375,88.0,98809,1218,EC,OC
19376,88.0,98811,2683,AG,OC
19377,88.0,98812,1431,CS,SC
19378,88.0,98813,2610,EC,BC
19379,88.0,98814,4964,MU,OC
19380,88.0,98817,3849,CS,OC
19381,88.0,98822,3021,EC,MBC
19382,88.0,98826,2345,EC,SC
19383,88.0,98827,4999,CS,OC
19384,88.0,98828,1424,ME,OC
19385,88.0,98829,2661,EC,OC
19386,88.0,98830,3805,EC,SC
19387,88.0,98832,4953,EC,MBC
19388,88.0,98833,2711,CS,SC
19389,88.0,98834,4998,CS,SC
19390,88.0,98835,1322,IT,BCM
19391,88.0,98836,2621,CE,OC
19392,88.0,98837,3786,AE,BC
19393,88.0,98838,2609,CS,BC
19394,88.0,98841,2614,TX,BC
19395,88.0,98842,2328,EC,BC
19396,88.0,98845,2639,CS,BC
19397,88.0,98846,4917,EE,BC
19398,88.0,98847,2651,EC,BC
19399,88.0,98848,4964,MU,OC
19400,88.0,98851,4023,CE,BC
19401,88.0,98853,2341,EC,OC
19402,88.0,98854,1414,EE,OC
19403,88.0,98857,2329,BM,BC
19404,88.0,98858,5910,ME,BC
19405,88.0,98859,5,ME,BC
19406,88.0,98860,2629,MD,OC
19407,88.0,98861,2745,ME,OC
19408,88.0,98862,1325,IT,BC
19409,88.0,98864,3825,EE,OC
19410,88.0,98869,1452,CE,OC
19411,88.0,98871,4676,EE,OC
19412,88.0,98872,3826,IT,SC
19413,88.0,98874,3786,AE,SC
19414,88.0,98880,1303,IT,MBC
19415,88.0,98882,4993,CE,OC
19416,88.0,98884,4965,EE,SC
19417,88.0,98885,5,IT,MBC
19418,88.0,98887,1512,CS,OC
19419,88.0,98888,1207,IT,BC
19420,88.0,98889,4672,EC,MBC
19421,88.0,98890,3817,EC,OC
19422,88.0,98891,3841,CS,MBC
19423,88.0,98892,2609,IT,BC
19424,88.0,98894,1303,BT,MBC
19425,88.0,98896,2641,ME,OC
19426,88.0,98897,2610,EC,BC
19427,88.0,98898,2342,EC,OC
19428,88.0,98900,4965,EC,BC
19429,88.0,98902,1026,ME,BC
19430,88.0,98903,4965,EE,BC
19431,88.0,98904,5536,ME,OC
19432,88.0,98905,2338,CS,OC
19433,88.0,98906,3019,EC,MBC
19434,88.0,98911,1212,CS,OC
19435,88.0,98912,4972,ME,BC
19436,88.0,98913,2718,MZ,SC
19437,88.0,98914,4965,EC,BC
19438,88.0,98916,1441,EC,OC
19439,88.0,98917,3786,AE,SC
19440,88.0,98918,2715,ME,OC
19441,88.0,98922,1127,BT,MBC
19442,88.0,98923,4944,EC,BC
19443,88.0,98924,4927,ME,OC
19444,88.0,98925,2708,EI,BC
19445,88.0,98926,2659,ME,OC
19446,88.0,98928,4981,CE,OC
19447,88.0,98929,3425,EE,BC
19448,88.0,98931,5703,CS,BC
19449,88.0,98932,3019,CS,SC
19450,88.0,98933,4957,CS,SC
19451,88.0,98934,2743,CB,OC
19452,88.0,98936,4670,ME,BC
19453,88.0,98937,1123,AE,OC
19454,88.0,98938,4023,CE,SC
19455,88.0,98940,1303,ME,OC
19456,88.0,98941,2708,EC,BC
19457,88.0,98942,3466,EE,OC
19458,88.0,98943,3425,CE,MBC
19459,88.0,98944,3019,EC,SCA
19460,88.0,98945,3829,EC,SC
19461,88.0,98946,2613,SF,OC
19462,88.0,98947,2709,EE,SC
19463,88.0,98948,3786,EC,OC
19464,88.0,98949,2716,EE,OC
19465,88.0,98950,3804,BM,BC
19466,88.0,98951,4933,CE,OC
19467,88.0,98952,4917,CE,BC
19468,88.0,98954,1401,ME,OC
19469,88.0,98955,2614,CS,MBC
19470,88.0,98956,2735,EE,SC
19471,88.0,98957,5536,CS,BC
19472,88.0,98958,4966,EE,OC
19473,88.0,98959,2772,EE,OC
19474,88.0,98960,1441,CS,OC
19475,88.0,98961,1123,IT,MBC
19476,88.0,98962,1317,CE,OC
19477,88.0,98963,3805,FD,SC
19478,88.0,98967,5703,CS,MBC
19479,88.0,98968,4917,AG,MBC
19480,88.0,98969,1322,FD,OC
19481,88.0,98971,3461,EC,OC
19482,88.0,98972,5910,CS,SC
19483,88.0,98973,4927,CS,OC
19484,88.0,98974,4672,ME,BC
19485,88.0,98975,1207,IT,SC
19486,87.8,98976,3760,ME,OC
19487,87.8,98977,1517,CE,OC
19488,87.5,98978,1424,CS,OC
19489,87.5,98980,3425,ME,SC
19490,87.5,98981,3843,EC,MBC
19491,87.5,98982,2610,ME,OC
19492,87.5,98983,2641,ME,OC
19493,87.5,98984,3760,EC,SC
19494,87.5,98985,2609,IT,MBC
19495,87.5,98986,1013,ME,MBC
19496,87.5,98989,2610,EE,BC
19497,87.5,98990,2647,CS,OC
19498,87.5,98991,2611,EE,SC
19499,87.5,98992,5988,ME,OC
19500,87.5,98995,1412,CS,MBC
19501,87.5,98996,2761,CS,SC
19502,87.5,98997,3819,EE,BC
19503,87.5,98999,2743,CB,OC
19504,87.5,99000,2665,CS,OC
19505,87.5,99001,2716,MZ,OC
19506,87.5,99002,2327,CS,BC
19507,87.5,99003,2752,CS,BC
19508,87.5,99004,3011,AU,SC
19509,87.5,99005,3011,XC,MBC
19510,87.5,99006,2731,CS,MBC
19511,87.5,99007,2369,ME,BC
19512,87.5,99008,4944,EC,BC
19513,87.5,99011,2659,EC,BC
19514,87.5,99012,1525,CS,OC
19515,87.5,99013,2610,CH,OC
19516,87.5,99015,1519,EC,OC
19517,87.5,99017,2609,EE,OC
19518,87.5,99018,2643,CS,MBC
19519,87.5,99019,4969,ME,OC
19520,87.5,99021,4978,BT,OC
19521,87.5,99022,5536,AG,BC
19522,87.5,99023,2673,CS,BC
19523,87.5,99024,5915,EC,OC
19524,87.5,99025,5990,CS,OC
19525,87.5,99026,4680,CS,SC
19526,87.5,99027,5865,CS,SCA
19527,87.5,99028,4970,CS,MBC
19528,87.5,99029,2618,MZ,SC
19529,87.5,99030,1401,CS,MBC
19530,87.5,99033,3011,AU,BC
19531,87.5,99034,5530,EC,MBC
19532,87.5,99035,2640,CS,MBC
19533,87.5,99036,2708,AG,BC
19534,87.5,99037,2629,IT,BC
19535,87.5,99038,1411,CS,OC
19536,87.5,99039,2661,CS,MBC
19537,87.5,99040,2620,EC,MBC
19538,87.5,99041,2753,AG,OC
19539,87.5,99043,4957,CS,BC
19540,87.5,99044,1401,CS,MBC
19541,87.5,99046,2750,ME,MBC
19542,87.5,99048,1452,EC,BC
19543,87.5,99049,3410,CS,BC
19544,87.5,99050,2747,CS,BC
19545,87.5,99051,2640,CS,MBC
19546,87.5,99052,2609,CE,OC
19547,87.5,99053,2636,CE,OC
19548,87.5,99054,1424,CS,OC
19549,87.5,99057,1127,EC,OC
19550,87.5,99058,2609,AD,MBC
19551,87.5,99061,5703,EC,SC
19552,87.5,99062,1320,CS,BCM
19553,87.5,99063,3456,EC,OC
19554,87.5,99064,1225,ME,OC
19555,87.5,99065,2643,CS,SC
19556,87.5,99066,2636,EE,MBC
19557,87.5,99067,1504,ME,BC
19558,87.5,99068,5017,CS,BCM
19559,87.5,99069,2341,CS,OC
19560,87.5,99070,2601,EE,OC
19561,87.5,99072,2328,CS,SCA
19562,87.5,99073,3425,CE,MBC
19563,87.5,99074,5,ME,SC
19564,87.5,99076,2611,CS,BC
19565,87.5,99077,2628,EE,OC
19566,87.5,99078,2610,EC,MBC
19567,87.5,99080,3760,EC,SC
19568,87.5,99082,5009,ME,MBC
19569,87.5,99084,2621,MZ,OC
19570,87.5,99085,2641,CS,SCA
19571,87.5,99086,1303,IT,SC
19572,87.5,99089,2657,BT,OC
19573,87.5,99090,2610,ME,OC
19574,87.5,99091,2707,EE,SCA
19575,87.5,99092,2683,AG,OC
19576,87.5,99093,1207,IT,BC
19577,87.5,99094,2610,EC,MBC
19578,87.5,99096,2609,ME,MBC
19579,87.5,99098,2652,ME,OC
19580,87.5,99099,2608,EE,SC
19581,87.5,99100,3905,ME,OC
19582,87.5,99102,3820,CS,OC
19583,87.5,99104,3850,EC,OC
19584,87.5,99105,3820,CS,OC
19585,87.5,99107,3766,ME,OC
19586,87.5,99108,2314,CS,BC
19587,87.5,99109,2625,AG,SC
19588,87.5,99110,2610,EC,MBC
19589,87.5,99113,1412,CS,SC
19590,87.5,99114,5990,EC,OC
19591,87.5,99115,2719,EC,SC
19592,87.5,99118,4023,EE,BC
19593,87.5,99120,2367,AD,SC
19594,87.5,99121,2739,EE,MBC
19595,87.5,99123,2611,CS,BC
19596,87.5,99124,2743,CS,SC
19597,87.5,99125,3810,CS,SC
19598,87.5,99126,2661,IT,BC
19599,87.5,99128,1310,AD,BCM
19600,87.5,99130,2716,EE,OC
19601,87.5,99133,2715,CH,MBC
19602,87.5,99134,4955,EE,OC
19603,87.5,99135,5910,EC,MBC
19604,87.5,99136,4972,ME,BC
19605,87.5,99137,3806,EC,MBC
19606,87.5,99138,2750,AG,SC
19607,87.5,99139,3825,CS,BC
19608,87.5,99140,2625,IT,OC
19609,87.5,99141,1510,CE,OC
19610,87.5,99142,3464,CE,SC
19611,87.5,99143,1405,EC,OC
19612,87.5,99144,2609,MC,OC
19613,87.5,99145,2614,TX,MBC
19614,87.5,99146,2610,CE,OC
19615,87.5,99148,2735,EC,SC
19616,87.5,99149,3806,CE,OC
19617,87.5,99150,2621,EC,OC
19618,87.5,99152,4957,ME,OC
19619,87.5,99153,4966,EE,OC
19620,87.5,99154,4978,BT,OC
19621,87.5,99155,1322,IT,SC
19622,87.5,99156,4965,CS,SC
19623,87.5,99158,3456,CS,SC
19624,87.5,99159,1207,EC,BC
19625,87.5,99161,2622,ME,MBC
19626,87.5,99164,2646,CS,SC
19627,87.5,99166,2345,CE,OC
19628,87.5,99168,2360,EC,OC
19629,87.5,99170,3830,ME,SC
19630,87.5,99172,3805,PH,MBC
19631,87.5,99173,3813,EE,OC
19632,87.5,99176,1431,IT,OC
19633,87.5,99177,2755,AG,MBC
19634,87.5,99180,2634,FD,SC
19635,87.5,99182,2735,EC,MBC
19636,87.5,99183,3019,CE,OC
19637,87.5,99186,2342,CE,OC
19638,87.5,99188,1322,CS,MBC
19639,87.5,99189,2636,CS,BC
19640,87.5,99190,1421,CS,MBC
19641,87.5,99191,4965,EC,BC
19642,87.5,99192,2345,CS,BC
19643,87.5,99193,1408,CS,MBC
19644,87.5,99194,1126,CS,MBC
19645,87.5,99196,2327,EE,OC
19646,87.5,99197,4959,ME,OC
19647,87.5,99198,2613,EE,MBC
19648,87.5,99200,5832,EE,OC
19649,87.5,99201,2702,CE,SC
19650,87.5,99202,1414,IT,MBC
19651,87.5,99204,3812,CS,SC
19652,87.5,99205,2614,IT,OC
19653,87.5,99206,3806,IT,MBC
19654,87.5,99207,2628,FT,OC
19655,87.5,99208,4917,CS,MBC
19656,87.5,99209,1442,AD,SCA
19657,87.5,99210,2611,EE,MBC
19658,87.5,99211,1301,IT,MBC
19659,87.5,99212,5532,ME,OC
19660,87.5,99214,2608,ME,BC
19661,87.5,99215,2623,EE,OC
19662,87.5,99217,3846,CS,OC
19663,87.5,99218,1501,ME,OC
19664,87.5,99220,2632,IT,MBC
19665,87.5,99221,2642,IT,SC
19666,87.5,99224,2611,FD,MBC
19667,87.5,99225,1114,EC,MBC
19668,87.5,99227,2608,EE,MBC
19669,87.5,99228,5904,EC,MBC
19670,87.5,99229,4669,CS,BC
19671,87.5,99230,2611,CS,BC
19672,87.5,99232,1325,EC,SC
19673,87.5,99233,4966,ME,OC
19674,87.5,99234,4955,CE,OC
19675,87.5,99236,2643,CS,BC
19676,87.5,99237,3782,CS,OC
19677,87.5,99238,3825,CS,BC
19678,87.5,99239,2706,EI,BC
19679,87.5,99242,4980,CS,BC
19680,87.5,99243,4964,CS,BC
19681,87.5,99244,4981,CE,OC
19682,87.5,99245,4680,CE,BC
19683,87.5,99246,2617,CS,BC
19684,87.5,99247,4970,CS,SC
19685,87.5,99249,1122,IT,SC
19686,87.5,99250,2328,ME,OC
19687,87.5,99251,2704,MZ,BC
19688,87.5,99252,2665,ME,OC
19689,87.5,99253,2629,IT,MBC
19690,87.5,99255,1114,CS,SC
19691,87.5,99258,4969,EC,OC
19692,87.5,99259,2611,ME,OC
19693,87.5,99262,2622,CS,SC
19694,87.5,99263,1207,CS,SC
19695,87.5,99264,2659,CE,OC
19696,87.5,99265,2608,ME,MBC
19697,87.5,99267,2347,CS,BC
19698,87.5,99268,3465,ME,BCM
19699,87.5,99269,3905,CE,OC
19700,87.5,99270,2661,CS,MBC
19701,87.5,99271,2716,MD,OC
19702,87.5,99272,3454,BM,SC
19703,87.5,99273,2627,EC,OC
19704,87.5,99275,5988,EE,OC
19705,87.5,99279,2740,ME,OC
19706,87.5,99284,2625,EE,OC
19707,87.5,99286,1322,EC,OC
19708,87.5,99288,5907,CE,OC
19709,87.5,99290,4677,EC,OC
19710,87.5,99291,5010,CE,BC
19711,87.5,99292,3760,CS,MBC
19712,87.5,99295,2357,EE,BC
19713,87.5,99296,2750,ME,MBC
19714,87.5,99297,2763,CE,OC
19715,87.5,99298,1303,EC,OC
19716,87.5,99299,3825,CS,MBC
19717,87.5,99300,4677,EC,OC
19718,87.5,99301,3807,EE,OC
19719,87.5,99303,1101,CS,MBC
19720,87.5,99305,2659,CS,SC
19721,87.5,99306,4023,EC,SC
19722,87.5,99309,2716,IT,BC
19723,87.5,99312,2709,ME,SC
19724,87.5,99313,1219,CH,SC
19725,87.5,99314,2602,MD,OC
19726,87.5,99317,1123,CS,OC
19727,87.5,99320,3814,CS,BC
19728,87.5,99321,1126,CS,SC
19729,87.5,99323,2636,CS,MBC
19730,87.5,99324,1408,CE,OC
19731,87.5,99325,2610,AD,BC
19732,87.5,99326,2328,CS,SC
19733,87.5,99327,2621,CS,SC
19734,87.5,99328,1414,EC,SC
19735,87.5,99329,3860,CS,OC
19736,87.5,99331,5009,ME,MBC
19737,87.5,99332,1325,IT,BC
19738,87.5,99334,2314,CS,SC
19739,87.5,99335,2641,EC,OC
19740,87.5,99336,5009,ME,SC
19741,87.5,99337,3021,EC,MBC
19742,87.5,99339,4864,EE,OC
19743,87.5,99341,1322,BM,MBC
19744,87.5,99342,2763,CS,BC
19745,87.5,99344,4969,CE,OC
19746,87.5,99345,2328,EC,SC
19747,87.5,99346,1412,CS,MBC
19748,87.5,99347,1213,BM,BC
19749,87.5,99348,1202,CS,BC
19750,87.5,99349,2629,IT,BC
19751,87.5,99350,3425,CE,MBC
19752,87.5,99351,2624,EE,OC
19753,87.5,99354,5865,CS,MBC
19754,87.5,99355,2611,EC,BC
19755,87.5,99356,4670,CE,BC
19756,87.5,99357,3019,EC,MBC
19757,87.5,99358,2621,EC,OC
19758,87.5,99361,2721,EE,OC
19759,87.5,99362,1325,IT,ST
19760,87.5,99363,2601,EC,BC
19761,87.5,99364,1221,EC,OC
19762,87.5,99366,4023,ME,SC
19763,87.5,99367,3766,CS,OC
19764,87.5,99368,2617,CS,BC
19765,87.5,99369,3805,AD,BCM
19766,87.5,99370,2610,EC,SCA
19767,87.5,99371,1229,EE,OC
19768,87.5,99372,2673,CS,BC
19769,87.5,99373,2345,EE,MBC
19770,87.5,99374,4934,CS,BC
19771,87.5,99375,5502,EC,OC
19772,87.5,99376,3849,CS,OC
19773,87.5,99377,2610,EC,SC
19774,87.5,99378,4934,ME,OC
19775,87.5,99380,1432,ME,OC
19776,87.5,99383,5913,CS,OC
19777,87.5,99390,4993,BM,BC
19778,87.5,99391,2634,AD,OC
19779,87.5,99394,3766,EE,OC
19780,87.5,99395,2641,EC,OC
19781,87.5,99396,2611,AE,OC
19782,87.5,99397,4953,IT,BC
19783,87.5,99399,3805,AD,BC
19784,87.5,99400,2634,EC,OC
19785,87.5,99401,2733,FT,OC
19786,87.5,99403,3786,MZ,OC
19787,87.5,99405,3804,BM,SC
19788,87.5,99406,1432,CO,BCM
19789,87.5,99407,1316,IT,MBC
19790,87.5,99409,3458,AG,SCA
19791,87.5,99410,2723,ME,BCM
19792,87.5,99411,4960,CE,SC
19793,87.5,99413,1431,CS,MBC
19794,87.5,99415,2707,EC,SC
19795,87.5,99417,4964,ME,MBC
19796,87.5,99419,4965,EC,MBC
19797,87.5,99421,4965,EC,SCA
19798,87.5,99422,1207,EC,BC
19799,87.5,99423,3805,AD,BC
19800,87.5,99425,2613,EC,MBC
19801,87.5,99427,1137,ME,OC
19802,87.5,99428,4965,EC,MBC
19803,87.5,99430,2659,EC,SC
19804,87.5,99431,3461,ME,OC
19805,87.5,99432,2357,CE,SC
19806,87.5,99433,1207,BM,SC
19807,87.5,99434,1303,AD,MBC
19808,87.5,99436,2639,IT,BC
19809,87.5,99437,2625,CS,OC
19810,87.5,99439,1210,ME,OC
19811,87.5,99442,2727,EC,BC
19812,87.5,99443,1322,ME,OC
19813,87.5,99445,5022,EC,SCA
19814,87.5,99446,3461,ME,OC
19815,87.5,99447,2715,CS,SCA
19816,87.5,99448,2651,EC,SC
19817,87.5,99449,2673,CS,SC
19818,87.5,99450,4989,CE,OC
19819,87.5,99452,1238,CS,MBC
19820,87.5,99453,5530,ME,OC
19821,87.5,99455,2617,EE,OC
19822,87.5,99459,1217,CS,OC
19823,87.5,99462,5502,EC,OC
19824,87.5,99465,1303,ME,OC
19825,87.5,99466,1137,CS,MBC
19826,87.5,99467,4975,CS,BC
19827,87.5,99468,3807,EC,OC
19828,87.5,99470,5910,CE,BC
19829,87.5,99472,3829,ME,OC
19830,87.5,99473,1432,CO,MBC
19831,87.5,99474,2716,IT,BC
19832,87.5,99475,1421,EC,SC
19833,87.5,99476,2627,EE,OC
19834,87.5,99477,1149,CE,OC
19835,87.5,99478,1408,EC,OC
19836,87.5,99479,4672,ME,SC
19837,87.5,99480,2625,CS,OC
19838,87.5,99481,1126,EC,OC
19839,87.5,99483,2342,CS,BC
19840,87.5,99485,1441,CS,OC
19841,87.5,99486,3905,ME,SC
19842,87.5,99487,2734,AD,SC
19843,87.5,99489,5703,EC,BC
19844,87.5,99490,2634,FD,SC
19845,87.5,99491,2625,CS,OC
19846,87.5,99492,1509,IT,OC
19847,87.5,99495,2657,EC,OC
19848,87.5,99497,1112,EE,SC
19849,87.5,99499,4953,EE,BC
19850,87.5,99500,4964,ME,SC
19851,87.5,99502,1444,CS,OC
19852,87.5,99503,3460,EE,OC
19853,87.5,99504,2302,CS,MBC
19854,87.5,99506,3804,CS,MBC
19855,87.5,99507,3021,EC,MBC
19856,87.5,99510,1322,BM,SC
19857,87.5,99511,3466,EC,OC
19858,87.5,99512,2708,MZ,SC
19859,87.5,99513,3817,EE,OC
19860,87.5,99514,1202,CS,SC
19861,87.5,99515,1325,EC,BC
19862,87.5,99516,4933,CE,OC
19863,87.5,99517,1123,CS,OC
19864,87.5,99518,2707,IT,MBC
19865,87.5,99519,2741,CS,SC
19866,87.5,99520,2750,ME,MBC
19867,87.5,99522,4954,EE,BC
19868,87.5,99524,1444,CS,OC
19869,87.5,99525,1218,CS,OC
19870,87.5,99526,1519,ME,OC
19871,87.5,99527,4953,CS,SC
19872,87.5,99528,1150,BM,OC
19873,87.5,99529,5009,ME,SC
19874,87.5,99531,1150,FD,OC
19875,87.5,99532,2776,CS,SC
19876,87.5,99534,3458,AG,SC
19877,87.5,99535,2638,IT,OC
19878,87.5,99535,1412,EC,OC
19879,87.5,99537,4976,AG,OC
19880,87.5,99538,4953,EE,BC
19881,87.5,99539,1437,ME,OC
19882,87.5,99540,1452,EC,BCM
19883,87.5,99541,3458,AG,SC
19884,87.5,99544,2716,AG,BC
19885,87.2,99547,2350,CE,OC
19886,87.0,99548,2622,ME,SC
19887,87.0,99549,2634,AG,MBC
19888,87.0,99550,2314,ME,OC
19889,87.0,99552,4957,IT,BC
19890,87.0,99553,2342,CS,BC
19891,87.0,99554,4917,EE,BC
19892,87.0,99555,2646,CS,MBC
19893,87.0,99556,2610,EC,MBC
19894,87.0,99557,3811,CE,OC
19895,87.0,99558,1207,CS,MBC
19896,87.0,99559,1106,CS,BC
19897,87.0,99560,1412,CS,SC
19898,87.0,99562,2758,CS,BC
19899,87.0,99563,1420,ME,OC
19900,87.0,99564,3831,CS,BC
19901,87.0,99565,1310,IT,SC
19902,87.0,99566,2715,CH,MBC
19903,87.0,99568,2620,EE,SCA
19904,87.0,99569,2708,EE,SCA
19905,87.0,99570,3811,CS,BC
19906,87.0,99576,1436,CS,OC
19907,87.0,99578,1218,MZ,OC
19908,87.0,99580,3464,CE,SC
19909,87.0,99581,4972,ME,BC
19910,87.0,99583,4677,CE,OC
19911,87.0,99584,1301,IT,MBC
19912,87.0,99585,2642,CS,BC
19913,87.0,99586,2717,CS,OC
19914,87.0,99587,2712,FT,SCA
19915,87.0,99588,2609,CS,BCM
19916,87.0,99589,1521,CS,OC
19917,87.0,99590,3462,ME,OC
19918,87.0,99591,3464,CE,BC
19919,87.0,99593,4964,ME,SC
19920,87.0,99594,2702,CB,SCA
19921,87.0,99595,2341,CS,OC
19922,87.0,99596,4928,ME,OC
19923,87.0,99597,4953,ME,OC
19924,87.0,99598,3782,ME,OC
19925,87.0,99601,2357,EE,MBC
19926,87.0,99602,3831,CS,BC
19927,87.0,99603,1510,CS,BC
19928,87.0,99604,4964,AE,SC
19929,87.0,99606,3812,CS,SC
19930,87.0,99607,4864,ME,OC
19931,87.0,99608,1510,ME,OC
19932,87.0,99609,2342,ME,OC
19933,87.0,99610,1452,EC,SC
19934,87.0,99611,2715,CS,SC
19935,87.0,99612,3804,ME,OC
19936,87.0,99613,2624,CS,SC
19937,87.0,99615,2642,IT,MBC
19938,87.0,99617,4943,AE,OC
19939,87.0,99618,2772,ME,OC
19940,87.0,99621,5915,EE,OC
19941,87.0,99622,2314,EC,SCA
19942,87.0,99623,2634,BM,MBC
19943,87.0,99624,3808,CS,OC
19944,87.0,99626,3806,EE,BC
19945,87.0,99627,1441,EC,OC
19946,87.0,99628,2715,EE,BC
19947,87.0,99629,1402,EC,OC
19948,87.0,99630,5,EC,SC
19949,87.0,99632,5703,CS,SCA
19950,87.0,99633,2758,CS,BC
19951,87.0,99634,4969,CS,BC
19952,87.0,99635,2772,EC,OC
19953,87.0,99636,4934,CS,BC
19954,87.0,99637,2642,EE,OC
19955,87.0,99640,2722,CE,SC
19956,87.0,99641,2627,BT,BC
19957,87.0,99642,3821,CS,OC
19958,87.0,99643,2673,ME,OC
19959,87.0,99644,2652,ME,OC
19960,87.0,99645,2355,CS,OC
19961,87.0,99646,4670,ME,BC
19962,87.0,99647,1325,EE,OC
19963,87.0,99648,2729,ME,OC
19964,87.0,99649,2652,CS,BC
19965,87.0,99650,3464,CE,SC
19966,87.0,99653,2633,CE,OC
19967,87.0,99654,1316,MU,MBC
19968,87.0,99655,2632,EE,OC
19969,87.0,99658,1421,CE,OC
19970,87.0,99659,2328,EE,BC
19971,87.0,99660,1325,ME,MBC
19972,87.0,99662,2612,CS,MBC
19973,87.0,99664,2367,ME,OC
19974,87.0,99665,3850,CS,OC
19975,87.0,99666,2651,EE,OC
19976,87.0,99667,3760,CS,BC
19977,87.0,99668,3905,EC,OC
19978,87.0,99669,2613,EC,BC
19979,87.0,99671,3806,CS,SC
19980,87.0,99672,1118,ME,SC
19981,87.0,99674,2659,CS,SC
19982,87.0,99676,5913,CS,OC
19983,87.0,99677,2601,EC,BC
19984,87.0,99678,3825,CS,SC
19985,87.0,99681,4669,EE,SC
19986,87.0,99683,2632,CS,MBC
19987,87.0,99684,1422,EE,BC
19988,87.0,99686,1432,CO,MBC
19989,87.0,99687,2772,CS,OC
19990,87.0,99688,2729,AD,SC
19991,87.0,99689,4917,EC,MBC
19992,87.0,99690,2630,CS,SC
19993,87.0,99691,2705,CS,BC
19994,87.0,99692,2736,EC,MBC
19995,87.0,99693,3817,EE,OC
19996,87.0,99695,2611,IT,MBC
19997,87.0,99698,2751,EC,BC
19998,87.0,99700,5703,CS,BC
19999,87.0,99701,3806,EE,MBC
20000,87.0,99703,2618,ME,BC
20001,87.0,99704,3860,CS,OC
20002,87.0,99706,2704,EE,MBC
20003,87.0,99707,5720,CS,OC
20004,87.0,99708,3905,CE,OC
20005,87.0,99709,1303,CS,SC
20006,87.0,99710,3410,ME,OC
20007,87.0,99711,3825,EC,OC
20008,87.0,99712,1216,MD,OC
20009,87.0,99713,2707,CH,BC
20010,87.0,99715,3425,CE,MBC
20011,87.0,99716,3825,EE,OC
20012,87.0,99717,2610,EC,BC
20013,87.0,99721,1441,ME,OC
20014,87.0,99722,2733,FT,OC
20015,87.0,99723,2627,EC,OC
20016,87.0,99724,4961,EE,OC
20017,87.0,99725,1213,IT,OC
20018,87.0,99726,3786,MZ,OC
20019,87.0,99729,1399,CE,BC
20020,87.0,99730,2624,CH,OC
20021,87.0,99732,2601,CS,SC
20022,87.0,99733,2713,CS,BC
20023,87.0,99740,4933,EC,OC
20024,87.0,99743,1401,IT,MBC
20025,87.0,99744,2627,EC,OC
20026,87.0,99745,1303,CS,MBC
20027,87.0,99746,2704,ME,OC
20028,87.0,99748,2726,EC,BC
20029,87.0,99749,2707,EC,MBC
20030,87.0,99750,1238,CS,SCA
20031,87.0,99752,3806,ME,BC
20032,87.0,99753,4964,MU,OC
20033,87.0,99755,4989,ME,OC
20034,87.0,99756,2736,EE,OC
20035,87.0,99758,5915,CS,BC
20036,87.0,99759,2345,CS,BC
20037,87.0,99762,2329,EC,BC
20038,87.0,99763,4917,CH,BC
20039,87.0,99764,2713,IT,BC
20040,87.0,99765,1320,IT,MBC
20041,87.0,99766,2611,CS,BC
20042,87.0,99768,5915,CE,OC
20043,87.0,99769,4984,ME,OC
20044,87.0,99770,1505,IT,BC
20045,87.0,99771,2763,EC,ST
20046,87.0,99772,1233,EE,MBC
20047,87.0,99773,4672,ME,BC
20048,87.0,99774,1424,CS,OC
20049,87.0,99775,2707,EC,BC
20050,87.0,99776,1225,IT,MBC
20051,87.0,99777,3016,EE,OC
20052,87.0,99780,5862,BM,SC
20053,87.0,99783,2752,CS,BC
20054,87.0,99784,2634,ME,OC
20055,87.0,99785,1225,EC,BC
20056,87.0,99787,2659,BM,MBC
20057,87.0,99788,2621,EC,OC
20058,87.0,99791,2338,BM,OC
20059,87.0,99792,2673,ME,OC
20060,87.0,99794,5865,ME,OC
20061,87.0,99795,4949,MU,OC
20062,87.0,99796,1411,IT,OC
20063,87.0,99797,2639,EC,SC
20064,87.0,99799,4949,MU,OC
20065,87.0,99800,4978,BT,BC
20066,87.0,99801,2613,EC,BC
20067,87.0,99802,2621,IT,BC
20068,87.0,99803,5530,EE,OC
20069,87.0,99805,2702,ME,SC
20070,87.0,99806,1452,CE,OC
20071,87.0,99808,3019,CS,BCM
20072,87.0,99809,3819,ME,SC
20073,87.0,99810,2743,BM,BCM
20074,87.0,99811,2772,EC,SC
20075,87.0,99812,3760,AG,BCM
20076,87.0,99813,2613,EC,MBC
20077,87.0,99814,1422,AG,BC
20078,87.0,99815,3905,EC,SC
20079,87.0,99816,4971,EE,MBC
20080,87.0,99817,3805,EC,BC
20081,87.0,99818,2640,EC,OC
20082,87.0,99820,2620,EE,BC
20083,87.0,99821,2338,BM,OC
20084,87.0,99822,3786,CS,SC
20085,87.0,99825,4680,EE,BC
20086,87.0,99826,3905,ME,BC
20087,87.0,99829,2634,IT,OC
20088,87.0,99831,4670,EE,BC
20089,87.0,99833,4994,CE,OC
20090,87.0,99835,2705,CS,BC
20091,87.0,99838,3855,ME,OC
20092,87.0,99839,2741,CS,SC
20093,87.0,99840,3766,CS,SC
20094,87.0,99841,2652,ME,OC
20095,87.0,99842,2347,ME,OC
20096,87.0,99846,2740,AE,SC
20097,87.0,99847,3458,FD,SC
20098,87.0,99848,2345,ME,OC
20099,87.0,99849,2607,TX,MBC
20100,87.0,99850,1411,AE,BC
20101,87.0,99853,1504,EC,MBC
20102,87.0,99854,5904,EE,BC
20103,87.0,99856,3807,CS,BC
20104,87.0,99857,3821,EE,OC
20105,87.0,99858,2608,EE,MBC
20106,87.0,99862,1311,AU,OC
20107,87.0,99863,4917,ME,MBC
20108,87.0,99864,2659,BM,SC
20109,87.0,99866,3011,AU,BC
20110,87.0,99867,2327,CS,SCA
20111,87.0,99868,5842,IT,OC
20112,87.0,99870,2642,CE,OC
20113,87.0,99871,2661,IT,SC
20114,87.0,99872,1202,CS,SC
20115,87.0,99874,2610,ME,OC
20116,87.0,99876,1207,EC,BC
20117,87.0,99878,5832,ME,OC
20118,87.0,99882,4994,EC,OC
20119,87.0,99883,2751,EC,BC
20120,87.0,99885,4953,EC,BC
20121,87.0,99887,3011,AU,BC
20122,87.0,99888,5907,CS,SC
20123,87.0,99889,4680,ME,MBC
20124,87.0,99890,2328,EE,MBC
20125,87.0,99891,5904,EE,BC
20126,87.0,99892,1122,CH,SC
20127,87.0,99895,3804,EE,OC
20128,87.0,99896,1015,EE,MBC
20129,87.0,99897,2721,AU,OC
20130,87.0,99899,4965,CE,OC
20131,87.0,99900,2751,CS,MBC
20132,87.0,99901,2634,FD,MBC
20133,87.0,99902,2743,FD,OC
20134,87.0,99903,2712,FT,SC
20135,87.0,99904,5862,AG,SC
20136,87.0,99905,2610,BT,MBC
20137,87.0,99906,2610,CY,SCA
20138,87.0,99907,4970,ME,OC
20139,87.0,99908,1218,CS,BC
20140,87.0,99909,3018,CS,MBC
20141,87.0,99912,1322,CS,MBC
20142,87.0,99915,4670,ME,BC
20143,87.0,99917,2741,EC,SC
20144,87.0,99918,2776,CS,BC
20145,87.0,99919,1207,EC,SC
20146,87.0,99920,2710,CS,SC
20147,87.0,99922,2683,ME,OC
20148,87.0,99925,1207,BM,BC
20149,87.0,99926,3410,EC,BC
20150,87.0,99927,2640,ME,OC
20151,87.0,99928,1319,IT,OC
20152,87.0,99929,2636,CS,BC
20153,87.0,99930,4672,EE,MBC
20154,87.0,99933,3806,CS,SC
20155,87.0,99934,4023,CS,MBC
20156,87.0,99935,5910,EC,SC
20157,87.0,99936,2646,EE,OC
20158,87.0,99937,2683,BM,SC
20159,87.0,99938,3701,CS,MBC
20160,87.0,99941,1126,AD,BC
20161,87.0,99943,4962,CE,BCM
20162,87.0,99944,1322,CS,BC
20163,87.0,99946,2609,CY,BC
20164,87.0,99947,4964,CS,BC
20165,87.0,99949,4996,CS,OC
20166,87.0,99951,3806,CB,OC
20167,87.0,99952,2609,CS,BCM
20168,87.0,99953,2633,CS,OC
20169,87.0,99954,2613,IT,BCM
20170,87.0,99955,3458,AG,BC
20171,87.0,99957,2621,MZ,OC
20172,87.0,99958,2630,EC,BC
20173,87.0,99959,2650,ME,OC
20174,87.0,99960,2733,CS,BC
20175,87.0,99961,3841,AD,SC
20176,87.0,99962,3806,EC,SC
20177,87.0,99963,3461,ME,OC
20178,87.0,99964,2612,CS,SC
20179,87.0,99967,2625,CS,OC
20180,87.0,99968,2624,BT,OC
20181,87.0,99969,2630,EE,OC
20182,87.0,99970,2338,ME,OC
20183,87.0,99971,2719,CE,SC
20184,87.0,99972,2611,EE,MBC
20185,87.0,99975,2341,EC,OC
20186,87.0,99978,2734,SB,MBC
20187,87.0,99980,1525,ME,OC
20188,87.0,99981,3831,CS,SC
20189,87.0,99983,2629,IT,BC
20190,87.0,99984,2657,CS,OC
20191,87.0,99986,1523,IT,MBC
20192,87.0,99987,2755,FD,SC
20193,87.0,99988,3806,CS,MBC
20194,87.0,99989,4968,CS,OC
20195,87.0,99990,2610,EC,MBC
20196,87.0,99998,4934,CS,BC
20197,87.0,99999,4965,EC,BC
20198,87.0,100000,3830,EE,SC
20199,87.0,100001,3905,ME,BCM
20200,87.0,100004,3815,ME,OC
20201,87.0,100006,3782,CS,SCA
20202,87.0,100007,2627,EC,OC
20203,87.0,100009,1217,CS,OC
20204,87.0,100010,1430,EE,MBC
20205,87.0,100011,3805,CS,SCA
20206,87.0,100012,4964,ME,MBC
20207,87.0,100013,3806,CS,BC
20208,87.0,100014,2707,CS,SC
20209,87.0,100015,2673,ME,OC
20210,87.0,100016,5536,EE,OC
20211,87.0,100017,5536,CS,BC
20212,87.0,100018,3806,EC,MBC
20213,87.0,100019,4672,ME,MBC
20214,87.0,100020,2617,ME,OC
20215,87.0,100022,1210,EC,SCA
20216,87.0,100023,3462,EE,OC
20217,87.0,100024,4949,CS,OC
20218,87.0,100026,3803,CH,OC
20219,87.0,100027,3019,EC,MBC
20220,87.0,100031,2630,CS,BCM
20221,87.0,100032,2610,EC,MBC
20222,87.0,100033,2673,ME,OC
20223,87.0,100035,4023,EC,SC
20224,87.0,100037,4965,ME,BC
20225,87.0,100039,3852,CS,OC
20226,87.0,100040,2617,EC,OC
20227,87.0,100041,2632,CS,BC
20228,87.0,100042,1207,CS,BC
20229,87.0,100043,1225,ME,OC
20230,87.0,100044,2628,BM,MBC
20231,87.0,100046,2639,EE,SCA
20232,87.0,100048,2638,EE,OC
20233,87.0,100051,2704,IT,SC
20234,87.0,100053,2642,EC,OC
20235,87.0,100054,5502,EC,SCA
20236,87.0,100056,3829,EC,MBC
20237,87.0,100057,5988,ME,OC
20238,87.0,100059,2622,ME,SC
20239,87.0,100061,2622,CS,MBC
20240,87.0,100062,2641,CS,MBC
20241,87.0,100066,4676,EE,OC
20242,87.0,100068,1505,CS,MBC
20243,87.0,100069,2702,IT,SC
20244,87.0,100077,1316,MZ,MBC
20245,87.0,100079,1317,ME,BC
20246,87.0,100080,4971,ME,MBC
20247,87.0,100081,2636,EC,BC
20248,87.0,100083,4943,AE,OC
20249,87.0,100085,4946,CS,OC
20250,87.0,100086,2609,AE,OC
20251,87.0,100088,1519,CS,SC
20252,87.0,100090,1525,EE,OC
20253,87.0,100091,3811,ME,OC
20254,87.0,100094,2632,CS,MBC
20255,87.0,100095,2659,CE,OC
20256,87.0,100096,2609,PH,OC
20257,87.0,100097,2726,EC,BC
20258,87.0,100098,3786,AE,BC
20259,87.0,100099,3425,EE,BCM
20260,87.0,100100,3831,IT,SC
20261,87.0,100102,2360,EC,OC
20262,87.0,100103,1311,AE,MBC
20263,87.0,100107,2357,EE,BC
20264,87.0,100108,2636,CS,SC
20265,87.0,100109,1325,IT,BC
20266,87.0,100110,5530,EC,BC
20267,87.0,100112,3760,ME,OC
20268,87.0,100113,2651,ME,OC
20269,87.0,100115,2338,BM,OC
20270,87.0,100116,2338,BM,OC
20271,87.0,100118,2625,AG,BCM
20272,87.0,100120,5930,CS,MBC
20273,87.0,100121,2733,CS,BC
20274,87.0,100122,4965,EE,BC
20275,87.0,100123,3860,CS,OC
20276,87.0,100125,2643,EC,OC
20277,87.0,100126,2611,CS,BC
20278,87.0,100127,1509,IT,BCM
20279,87.0,100128,3844,EE,OC
20280,87.0,100129,1408,IT,SC
20281,87.0,100130,1110,EE,OC
20282,87.0,100131,2625,CH,OC
20283,87.0,100133,1441,EE,OC
20284,87.0,100134,1426,IT,OC
20285,87.0,100135,2743,CS,SC
20286,87.0,100136,5921,ME,OC
20287,87.0,100137,2632,CS,MBC
20288,87.0,100138,2743,CB,BCM
20289,87.0,100139,2609,CS,BC
20290,87.0,100140,3461,CS,OC
20291,87.0,100141,1441,CS,OC
20292,87.0,100143,3811,CS,SC
20293,87.0,100146,1422,MD,BCM
20294,87.0,100151,4965,EC,MBC
20295,87.0,100152,4676,CS,BC
20296,87.0,100153,2345,EE,MBC
20297,87.0,100154,4931,EC,MBC
20298,87.0,100155,2354,CS,MBC
20299,87.0,100156,2611,IT,SC
20300,87.0,100157,3806,CB,BC
20301,87.0,100158,4672,EC,SCA
20302,87.0,100159,3425,CE,MBC
20303,87.0,100160,3830,CB,MBC
20304,87.0,100161,4993,IT,BC
20305,87.0,100162,4933,CS,SC
20306,87.0,100163,4917,CH,BCM
20307,87.0,100165,3918,CS,BCM
20308,87.0,100166,4953,CE,OC
20309,87.0,100167,5913,CS,OC
20310,87.0,100168,4686,CS,OC
20311,87.0,100171,1325,CS,SC
20312,87.0,100173,5536,EE,OC
20313,87.0,100174,4917,ME,BC
20314,87.0,100175,4917,CE,BC
20315,87.0,100176,1509,EC,OC
20316,87.0,100177,2329,ME,BC
20317,87.0,100178,2632,CS,BC
20318,87.0,100183,2638,EE,OC
20319,87.0,100184,4964,CS,SC
20320,87.0,100185,2622,IT,SC
20321,87.0,100187,2638,IT,OC
20322,87.0,100188,2708,CE,BC
20323,87.0,100190,3812,EE,OC
20324,87.0,100191,2715,EE,BC
20325,87.0,100192,4980,CS,BC
20326,87.0,100193,1225,EC,BC
20327,87.0,100195,4672,EE,BC
20328,87.0,100196,3456,CS,MBC
20329,87.0,100198,2716,MD,OC
20330,87.0,100200,2622,ME,BCM
20331,87.0,100201,2707,RM,OC
20332,87.0,100202,2624,PH,OC
20333,87.0,100204,2743,CB,SCA
20334,87.0,100205,2620,EC,SC
20335,87.0,100206,5536,EC,BC
20336,87.0,100207,2646,ME,OC
20337,87.0,100208,4970,CS,MBC
20338,87.0,100209,5,MM,OC
20339,87.0,100210,4680,EE,BC
20340,87.0,100211,4969,CE,OC
20341,87.0,100212,2767,EE,SCA
20342,87.0,100213,4957,ME,OC
20343,87.0,100214,4864,EC,SC
20344,86.8,100215,2716,AE,MBC
20345,86.5,100218,2744,IT,MBC
20346,86.5,100219,2640,CS,SC
20347,86.5,100223,4931,ME,MBC
20348,86.5,100224,5530,EC,BC
20349,86.5,100225,2608,CE,BC
20350,86.5,100227,1210,CE,MBC
20351,86.5,100229,3425,ME,BC
20352,86.5,100230,3807,EC,BC
20353,86.5,100231,2710,IT,SC
20354,86.5,100232,3812,EC,OC
20355,86.5,100235,4953,EC,BC
20356,86.5,100237,1421,EE,OC
20357,86.5,100238,2713,CS,BC
20358,86.5,100239,2621,ME,OC
20359,86.5,100240,4961,EE,OC
20360,86.5,100241,2639,CS,BC
20361,86.5,100242,3843,CE,OC
20362,86.5,100243,2716,IT,BC
20363,86.5,100245,1301,EE,OC
20364,86.5,100246,2349,FD,OC
20365,86.5,100247,3812,CS,BC
20366,86.5,100249,2613,SF,OC
20367,86.5,100250,1401,CS,BC
20368,86.5,100251,2711,EI,BCM
20369,86.5,100254,4994,EE,OC
20370,86.5,100255,3812,EE,OC
20371,86.5,100256,2638,CS,OC
20372,86.5,100259,4670,ME,BC
20373,86.5,100260,2741,EC,SC
20374,86.5,100261,3804,AG,OC
20375,86.5,100262,2622,IT,SC
20376,86.5,100263,2710,CE,MBC
20377,86.5,100264,2736,EE,BC
20378,86.5,100265,2661,CS,SC
20379,86.5,100266,1401,IT,BC
20380,86.5,100268,2630,EE,OC
20381,86.5,100269,2750,EC,BCM
20382,86.5,100271,3820,ME,OC
20383,86.5,100273,1442,BM,BC
20384,86.5,100274,5,EC,SC
20385,86.5,100275,3825,ME,OC
20386,86.5,100276,1207,IT,MBC
20387,86.5,100277,3804,EC,OC
20388,86.5,100278,5009,ME,BC
20389,86.5,100279,3805,CS,SC
20390,86.5,100281,5935,CS,BC
20391,86.5,100283,2611,CS,SCA
20392,86.5,100284,2755,CS,BC
20393,86.5,100285,1202,ME,OC
20394,86.5,100286,5865,EE,OC
20395,86.5,100289,2752,EC,BC
20396,86.5,100290,5921,EC,OC
20397,86.5,100291,3425,ME,BC
20398,86.5,100292,1520,CS,MBC
20399,86.5,100294,3812,CS,SC
20400,86.5,100295,1113,CE,BC
20401,86.5,100296,1015,EE,SC
20402,86.5,100298,2627,EC,OC
20403,86.5,100299,3905,CE,OC
20404,86.5,100300,2630,EE,OC
20405,86.5,100302,4669,ME,BC
20406,86.5,100304,1412,EC,OC
20407,86.5,100305,2639,CS,BC
20408,86.5,100307,2646,CS,MBC
20409,86.5,100308,5022,EC,BC
20410,86.5,100309,1507,IT,BC
20411,86.5,100312,2646,ME,OC
20412,86.5,100313,2639,CS,MBC
20413,86.5,100314,2665,CS,OC
20414,86.5,100315,3804,ME,OC
20415,86.5,100316,1434,CS,OC
20416,86.5,100317,3807,AE,OC
20417,86.5,100318,1202,IT,BC
20418,86.5,100319,3786,EE,OC
20419,86.5,100321,2367,CS,OC
20420,86.5,100322,4964,CS,BC
20421,86.5,100323,1303,IT,MBC
20422,86.5,100324,3810,CS,MBC
20423,86.5,100327,2610,EE,SC
20424,86.5,100328,1518,CS,OC
20425,86.5,100330,1452,EC,BC
20426,86.5,100331,1518,CS,OC
20427,86.5,100332,4917,EC,MBC
20428,86.5,100335,2620,TS,MBC
20429,86.5,100337,2641,EC,OC
20430,86.5,100338,3807,CS,SC
20431,86.5,100340,2610,EC,MBC
20432,86.5,100341,3019,EE,OC
20433,86.5,100342,3425,CE,SC
20434,86.5,100344,2624,CS,MBC
20435,86.5,100345,5536,ME,OC
20436,86.5,100346,4994,EC,OC
20437,86.5,100347,5919,CH,OC
20438,86.5,100348,2646,EC,OC
20439,86.5,100349,3806,ME,MBC
20440,86.5,100350,2621,EC,OC
20441,86.5,100351,2611,FD,MBC
20442,86.5,100352,5907,EC,OC
20443,86.5,100353,3808,IT,OC
20444,86.5,100355,2621,CE,OC
20445,86.5,100356,2606,CS,MBC
20446,86.5,100360,1322,AE,OC
20447,86.5,100361,5009,EC,SCA
20448,86.5,100362,5,EC,BCM
20449,86.5,100363,1123,IT,MBC
20450,86.5,100367,5921,CS,BC
20451,86.5,100368,4933,ME,OC
20452,86.5,100369,1123,CS,OC
20453,86.5,100371,1120,EC,SC
20454,86.5,100372,3841,CS,SC
20455,86.5,100373,1412,CS,BC
20456,86.5,100374,2651,FT,BC
20457,86.5,100376,1518,EC,OC
20458,86.5,100378,1401,IT,MBC
20459,86.5,100380,5,ME,BCM
20460,86.5,100381,2767,CS,MBC
20461,86.5,100382,2764,EC,SC
20462,86.5,100383,4677,CS,OC
20463,86.5,100385,3811,ME,OC
20464,86.5,100386,2713,IT,BC
20465,86.5,100388,1504,CE,OC
20466,86.5,100389,2643,EE,OC
20467,86.5,100390,2711,CE,BC
20468,86.5,100391,1422,ME,BC
20469,86.5,100393,2634,EC,OC
20470,86.5,100394,5904,EE,BC
20471,86.5,100399,2329,AD,MBC
20472,86.5,100400,2618,EE,SC
20473,86.5,100401,1333,ME,OC
20474,86.5,100402,1510,ME,OC
20475,86.5,100403,2661,CS,SC
20476,86.5,100405,2646,EE,OC
20477,86.5,100407,1504,CH,BCM
20478,86.5,100408,3905,EC,SC
20479,86.5,100410,1504,BT,BC
20480,86.5,100412,2673,CS,MBC
20481,86.5,100413,2314,CS,MBC
20482,86.5,100414,1121,CS,OC
20483,86.5,100415,2611,MC,OC
20484,86.5,100416,4959,EE,BC
20485,86.5,100417,1210,ME,OC
20486,86.5,100418,4959,EE,BC
20487,86.5,100422,1225,EC,BC
20488,86.5,100423,5009,CE,SC
20489,86.5,100424,2743,ME,OC
20490,86.5,100425,2345,ME,OC
20491,86.5,100426,2736,EE,MBC
20492,86.5,100427,3806,ME,MBC
20493,86.5,100428,1441,CS,SC
20494,86.5,100431,3795,EC,MBC
20495,86.5,100432,2715,EE,BC
20496,86.5,100433,2643,CS,MBC
20497,86.5,100434,5915,EE,OC
20498,86.5,100435,2769,CS,OC
20499,86.5,100438,2749,IT,SC
20500,86.5,100439,2704,MZ,MBC
20501,86.5,100441,2715,EC,SC
20502,86.5,100442,2646,CS,BC
20503,86.5,100443,5536,CS,SC
20504,86.5,100444,4965,EC,BC
20505,86.5,100445,5912,EC,BC
20506,86.5,100448,2652,EC,BC
20507,86.5,100449,2609,EC,MBC
20508,86.5,100450,1408,EC,OC
20509,86.5,100451,1243,CS,OC
20510,86.5,100452,2750,ME,SCA
20511,86.5,100453,2731,EE,OC
20512,86.5,100455,2707,EI,BC
20513,86.5,100456,3011,AU,BC
20514,86.5,100458,2648,AU,OC
20515,86.5,100459,3701,ME,OC
20516,86.5,100460,3846,ME,OC
20517,86.5,100461,2747,CS,BC
20518,86.5,100462,1316,CS,SC
20519,86.5,100463,2627,EC,OC
20520,86.5,100464,2628,BM,SC
20521,86.5,100465,2664,EE,OC
20522,86.5,100466,5988,ME,OC
20523,86.5,100467,5915,CS,SC
20524,86.5,100468,1501,CS,SC
20525,86.5,100469,1411,CS,OC
20526,86.5,100471,3701,ME,OC
20527,86.5,100472,4955,ME,SC
20528,86.5,100473,2621,EC,OC
20529,86.5,100474,5530,ME,OC
20530,86.5,100477,1303,EC,OC
20531,86.5,100479,5703,EC,BCM
20532,86.5,100480,2609,AE,SC
20533,86.5,100481,1213,EE,OC
20534,86.5,100486,2609,EC,BC
20535,86.5,100487,3829,IT,BCM
20536,86.5,100488,4964,CS,SC
20537,86.5,100489,3461,ME,OC
20538,86.5,100490,1301,ME,MBC
20539,86.5,100495,2314,AG,MBC
20540,86.5,100497,2749,AG,OC
20541,86.5,100499,2750,ME,SC
20542,86.5,100500,4670,CE,BC
20543,86.5,100501,4944,EC,BC
20544,86.5,100502,2629,IT,MBC
20545,86.5,100503,4672,EC,BC
20546,86.5,100505,2609,AE,MBC
20547,86.5,100506,4970,CS,SC
20548,86.5,100507,2729,AE,MBC
20549,86.5,100510,2636,ME,OC
20550,86.5,100512,2729,EC,OC
20551,86.5,100516,4669,EC,SC
20552,86.5,100517,4969,CS,BC
20553,86.5,100519,2611,AG,BC
20554,86.5,100522,2611,CH,MBC
20555,86.5,100523,1504,BT,MBC
20556,86.5,100524,3810,AG,MBC
20557,86.5,100525,2611,FD,MBC
20558,86.5,100527,1401,EE,OC
20559,86.5,100529,2743,BM,SCA
20560,86.5,100530,1207,BM,SC
20561,86.5,100531,2622,ME,SC
20562,86.5,100532,1401,CS,BC
20563,86.5,100533,3807,IT,OC
20564,86.5,100536,2646,EE,OC
20565,86.5,100537,2625,ME,OC
20566,86.5,100538,2661,CE,OC
20567,86.5,100539,2620,EC,BC
20568,86.5,100540,3804,CS,BC
20569,86.5,100541,1106,CS,BC
20570,86.5,100542,2646,EC,OC
20571,86.5,100543,3806,EC,MBC
20572,86.5,100547,2625,CS,OC
20573,86.5,100549,2651,CS,SC
20574,86.5,100552,2329,CS,SC
20575,86.5,100553,3456,CS,MBC
20576,86.5,100554,2610,BT,SC
20577,86.5,100557,1408,IT,MBC
20578,86.5,100558,4933,EC,OC
20579,86.5,100559,2651,EC,BC
20580,86.5,100560,2601,EC,MBC
20581,86.5,100561,2743,CB,SC
20582,86.5,100562,1504,CE,OC
20583,86.5,100563,2609,EE,OC
20584,86.5,100565,2610,BT,BC
20585,86.5,100569,2314,EE,OC
20586,86.5,100570,2612,CS,BC
20587,86.5,100571,2610,RM,OC
20588,86.5,100572,2708,EC,MBC
20589,86.5,100573,2723,CE,SC
20590,86.5,100574,1319,IT,OC
20591,86.5,100575,4927,ME,OC
20592,86.5,100576,3825,EE,OC
20593,86.5,100577,2627,ME,OC
20594,86.5,100578,4954,CS,SC
20595,86.5,100580,4670,CS,BCM
20596,86.5,100581,3760,EC,SC
20597,86.5,100583,2716,AE,BCM
20598,86.5,100584,2713,CS,BC
20599,86.5,100585,4676,EE,OC
20600,86.5,100586,1207,ME,OC
20601,86.5,100587,2328,ME,OC
20602,86.5,100588,3821,CS,OC
20603,86.5,100589,2338,BM,SC
20604,86.5,100590,2609,AO,SC
20605,86.5,100591,1207,EC,SC
20606,86.5,100592,2630,CS,SC
20607,86.5,100593,3760,EC,MBC
20608,86.5,100594,2346,CS,OC
20609,86.5,100595,3811,EE,OC
20610,86.5,100596,1238,BM,BC
20611,86.5,100597,3425,ME,SC
20612,86.5,100598,2610,EE,MBC
20613,86.5,100599,5942,EC,OC
20614,86.5,100601,3805,CS,SC
20615,86.5,100602,4917,ME,BC
20616,86.5,100603,2643,EE,OC
20617,86.5,100604,5,AM,BC
20618,86.5,100606,4971,CE,BC
20619,86.5,100607,2608,ME,BC
20620,86.5,100609,1413,CE,OC
20621,86.5,100610,2729,AE,SC
20622,86.5,100612,4966,EC,OC
20623,86.5,100614,3826,ME,MBC
20624,86.5,100615,1311,EC,BC
20625,86.5,100616,2706,ME,BC
20626,86.5,100617,2609,IT,SC
20627,86.5,100618,2622,ME,SCA
20628,86.5,100619,5017,CS,BC
20629,86.5,100620,2327,ME,OC
20630,86.5,100623,2707,CS,MBC
20631,86.5,100624,4993,EE,OC
20632,86.5,100626,1127,IT,OC
20633,86.5,100628,3459,CS,MBC
20634,86.5,100629,3813,EC,OC
20635,86.5,100630,2606,CE,OC
20636,86.5,100631,2341,ME,OC
20637,86.5,100633,2710,CE,BC
20638,86.5,100634,3807,ME,OC
20639,86.5,100635,4917,CH,BC
20640,86.5,100636,4928,ME,OC
20641,86.5,100638,1449,CS,OC
20642,86.5,100639,1442,AD,MBC
20643,86.5,100640,2622,CS,MBC
20644,86.5,100642,5910,CS,SC
20645,86.5,100643,2641,CS,SC
20646,86.5,100644,5536,EC,BC
20647,86.5,100647,1322,FD,OC
20648,86.5,100648,1421,ME,OC
20649,86.5,100653,1317,EE,BC
20650,86.5,100654,4959,ME,OC
20651,86.5,100655,3011,AU,SC
20652,86.5,100656,3461,ME,OC
20653,86.5,100657,2613,EC,BC
20654,86.5,100658,3760,AG,MBC
20655,86.5,100659,4965,ME,BC
20656,86.5,100662,4670,ME,MBC
20657,86.5,100663,1414,EE,OC
20658,86.5,100666,3843,EC,SC
20659,86.5,100667,2707,CH,BC
20660,86.5,100668,2729,AE,BC
20661,86.5,100669,2659,BM,MBC
20662,86.5,100670,1123,EC,OC
20663,86.5,100672,2367,AD,MBC
20664,86.5,100676,5502,CS,BC
20665,86.5,100677,1122,ME,MBC
20666,86.5,100679,4984,IT,OC
20667,86.5,100681,1201,IT,OC
20668,86.5,100682,2711,CE,MBC
20669,86.5,100683,5988,CS,BC
20670,86.5,100685,1322,IT,SC
20671,86.5,100686,3806,EC,SC
20672,86.5,100687,2767,ME,OC
20673,86.5,100688,4993,EE,OC
20674,86.5,100690,1408,EC,OC
20675,86.5,100692,5,ME,BC
20676,86.5,100693,2749,CS,OC
20677,86.5,100697,2661,CS,SC
20678,86.5,100699,5,CH,SC
20679,86.5,100702,2743,EC,OC
20680,86.5,100703,5009,ME,SC
20681,86.5,100705,1137,ME,OC
20682,86.5,100706,3817,CE,OC
20683,86.5,100707,2706,ME,BC
20684,86.5,100708,2708,EI,MBC
20685,86.5,100709,1226,ME,OC
20686,86.5,100711,4672,EC,BC
20687,86.5,100714,3849,IT,OC
20688,86.5,100716,2367,AD,BC
20689,86.5,100717,1509,EC,OC
20690,86.5,100718,4975,CS,SCA
20691,86.5,100719,2610,EE,MBC
20692,86.5,100720,2349,EC,OC
20693,86.5,100721,3817,CS,SC
20694,86.5,100722,2648,CS,OC
20695,86.5,100723,4999,EC,OC
20696,86.5,100724,2639,EC,MBC
20697,86.5,100725,4964,ME,BC
20698,86.5,100726,2632,CS,MBC
20699,86.5,100727,4964,CS,SCA
20700,86.5,100728,4917,EC,MBC
20701,86.5,100729,5935,AU,OC
20702,86.5,100730,2357,CS,SC
20703,86.5,100731,2707,CS,SC
20704,86.5,100732,2611,MC,OC
20705,86.5,100734,3782,EE,OC
20706,86.5,100735,5703,IT,SC
20707,86.5,100736,4994,CE,OC
20708,86.5,100737,3826,EC,BCM
20709,86.5,100739,2650,CS,BC
20710,86.5,100740,4961,CS,OC
20711,86.5,100741,5990,CS,OC
20712,86.5,100743,4970,ME,OC
20713,86.5,100746,2622,EE,SC
20714,86.5,100747,2630,EC,BC
20715,86.5,100748,5703,CS,BC
20716,86.5,100752,2341,EC,OC
20717,86.5,100754,5904,AU,OC
20718,86.5,100755,2355,CS,OC
20719,86.5,100757,4928,ME,OC
20720,86.5,100759,1123,AE,OC
20721,86.5,100760,1401,ME,OC
20722,86.5,100761,2715,CH,BC
20723,86.5,100762,5988,CS,BCM
20724,86.5,100763,2758,IT,OC
20725,86.0,100764,2636,CE,OC
20726,86.0,100765,1322,CS,MBC
20727,86.0,100766,5912,CE,OC
20728,86.0,100767,2341,CS,OC
20729,86.0,100768,2338,CS,OC
20730,86.0,100769,4928,ME,OC
20731,86.0,100770,4917,ME,BC
20732,86.0,100771,2632,CS,MBC
20733,86.0,100773,1120,AU,OC
20734,86.0,100775,3821,CS,OC
20735,86.0,100777,1412,CS,BC
20736,86.0,100778,4670,ME,BC
20737,86.0,100781,1303,CS,BC
20738,86.0,100782,2734,TS,MBC
20739,86.0,100783,2743,AD,BC
20740,86.0,100784,1422,EE,BC
20741,86.0,100789,2611,CS,BC
20742,86.0,100790,4934,EC,OC
20743,86.0,100791,1213,IT,OC
20744,86.0,100792,2659,CS,SC
20745,86.0,100794,2367,ME,OC
20746,86.0,100795,3905,ME,BC
20747,86.0,100797,2710,ME,BC
20748,86.0,100798,1116,CS,BC
20749,86.0,100799,1420,IT,MBC
20750,86.0,100801,4994,CS,BC
20751,86.0,100802,2345,CS,BC
20752,86.0,100803,3843,EC,MBC
20753,86.0,100804,3849,CS,OC
20754,86.0,100805,5915,ME,OC
20755,86.0,100806,3456,ME,OC
20756,86.0,100807,1238,EC,MBC
20757,86.0,100808,2740,EC,BC
20758,86.0,100809,4994,EC,OC
20759,86.0,100810,5017,CS,BC
20760,86.0,100811,3011,AU,BC
20761,86.0,100812,1122,ME,SC
20762,86.0,100813,4999,AD,OC
20763,86.0,100814,5921,ME,OC
20764,86.0,100815,2736,EC,MBC
20765,86.0,100818,3829,IT,BC
20766,86.0,100819,3806,CE,OC
20767,86.0,100820,3760,CS,SC
20768,86.0,100822,5904,CS,SCA
20769,86.0,100823,1413,EC,BC
20770,86.0,100824,2776,AU,OC
20771,86.0,100826,3905,EC,MBC
20772,86.0,100827,2736,EE,BC
20773,86.0,100828,3905,EC,SC
20774,86.0,100829,1241,CS,OC
20775,86.0,100830,3817,ME,BC
20776,86.0,100831,1322,ME,OC
20777,86.0,100833,2628,AD,BC
20778,86.0,100834,5919,EC,OC
20779,86.0,100836,2747,ME,OC
20780,86.0,100837,2713,CE,OC
20781,86.0,100838,2750,EC,MBC
20782,86.0,100839,3804,CS,BC
20783,86.0,100840,2639,CS,MBC
20784,86.0,100843,2609,EC,BCM
20785,86.0,100845,2314,AG,SC
20786,86.0,100846,2606,ME,OC
20787,86.0,100847,4964,ME,BC
20788,86.0,100848,1126,BM,BC
20789,86.0,100851,2747,CS,SC
20790,86.0,100852,2617,CS,MBC
20791,86.0,100853,2611,AG,MBC
20792,86.0,100854,2345,EE,MBC
20793,86.0,100858,3760,EC,MBC
20794,86.0,100859,3456,CS,MBC
20795,86.0,100862,2610,BT,SC
20796,86.0,100863,2634,BM,MBC
20797,86.0,100864,2639,EC,MBC
20798,86.0,100866,2753,BM,SCA
20799,86.0,100868,2342,EE,OC
20800,86.0,100869,2639,CS,MBC
20801,86.0,100870,2705,CS,BCM
20802,86.0,100871,4929,CS,OC
20803,86.0,100873,2651,ME,OC
20804,86.0,100874,1422,MD,SC
20805,86.0,100876,2634,EC,OC
20806,86.0,100878,1202,CS,SC
20807,86.0,100879,2643,EC,OC
20808,86.0,100880,3786,CS,SC
20809,86.0,100881,1513,CE,OC
20810,86.0,100882,1442,BM,BC
20811,86.0,100883,3806,EC,SC
20812,86.0,100884,1238,EE,OC
20813,86.0,100885,4953,CS,BC
20814,86.0,100886,1412,IT,OC
20815,86.0,100887,1238,EC,BC
20816,86.0,100888,1523,ME,OC
20817,86.0,100889,2607,IT,SCA
20818,86.0,100890,2640,CS,MBC
20819,86.0,100891,3410,ME,OC
20820,86.0,100892,3843,EE,BC
20821,86.0,100893,2652,EC,BC
20822,86.0,100894,2657,ME,OC
20823,86.0,100895,2639,CS,MBC
20824,86.0,100897,3810,AG,MBC
20825,86.0,100898,2767,ME,OC
20826,86.0,100900,2610,MZ,OC
20827,86.0,100901,2643,EE,OC
20828,86.0,100904,1216,EC,SC
20829,86.0,100910,3804,EE,OC
20830,86.0,100911,2642,CS,BC
20831,86.0,100913,3926,CS,OC
20832,86.0,100914,4020,ME,MBC
20833,86.0,100915,3905,ME,MBC
20834,86.0,100916,3813,IT,OC
20835,86.0,100917,4957,EC,OC
20836,86.0,100919,3466,EE,OC
20837,86.0,100920,2716,CS,SCA
20838,86.0,100921,5912,EC,BC
20839,86.0,100922,2357,ME,BC
20840,86.0,100923,3812,EE,OC
20841,86.0,100924,2601,EC,MBC
20842,86.0,100925,2707,ME,OC
20843,86.0,100926,1014,EC,BCM
20844,86.0,100927,2752,IT,MBC
20845,86.0,100928,2763,CS,SCA
20846,86.0,100929,2623,CS,OC
20847,86.0,100930,1207,BM,BC
20848,86.0,100934,2639,IT,BC
20849,86.0,100935,5009,CE,MBC
20850,86.0,100936,2640,CS,SC
20851,86.0,100937,2725,CS,SCA
20852,86.0,100938,2673,CE,OC
20853,86.0,100939,2744,ME,MBC
20854,86.0,100941,2707,RM,OC
20855,86.0,100943,1207,CS,SCA
20856,86.0,100946,2356,CS,OC
20857,86.0,100947,1123,IT,SC
20858,86.0,100948,2607,EC,SC
20859,86.0,100949,1434,CS,OC
20860,86.0,100950,3458,PE,OC
20861,86.0,100951,3466,ME,OC
20862,86.0,100952,1437,CS,OC
20863,86.0,100953,2715,ME,OC
20864,86.0,100954,5919,ME,OC
20865,86.0,100955,2613,ME,OC
20866,86.0,100956,2640,CS,SC
20867,86.0,100957,2342,CS,MBC
20868,86.0,100958,1412,CS,MBC
20869,86.0,100959,3829,EC,BC
20870,86.0,100960,2659,ME,OC
20871,86.0,100963,2713,EE,OC
20872,86.0,100964,2707,EC,BC
20873,86.0,100965,2744,CS,MBC
20874,86.0,100966,3016,ME,OC
20875,86.0,100967,2763,EC,BC
20876,86.0,100968,2632,CS,BCM
20877,86.0,100969,1412,EE,OC
20878,86.0,100970,1509,ME,OC
20879,86.0,100972,1202,CS,MBC
20880,86.0,100975,1402,EE,OC
20881,86.0,100978,2683,AG,SC
20882,86.0,100979,1409,CS,OC
20883,86.0,100980,2609,FD,BC
20884,86.0,100981,2610,EC,BC
20885,86.0,100982,2338,BM,SC
20886,86.0,100983,5902,IT,SCA
20887,86.0,100984,5536,EC,BC
20888,86.0,100985,4917,CE,SC
20889,86.0,100987,2743,EE,OC
20890,86.0,100988,4917,EE,BC
20891,86.0,100989,1304,CE,SC
20892,86.0,100990,1123,EC,OC
20893,86.0,100991,4998,EE,OC
20894,86.0,100992,4917,IT,SC
20895,86.0,100996,2328,CS,SC
20896,86.0,100998,5532,EE,MBC
20897,86.0,100999,3805,CS,SC
20898,86.0,101000,2758,ME,OC
20899,86.0,101001,1233,ME,OC
20900,86.0,101002,4929,EC,OC
20901,86.0,101003,4670,EE,BC
20902,86.0,101005,2638,EC,OC
20903,86.0,101008,2628,CS,OC
20904,86.0,101009,1216,AD,SC
20905,86.0,101010,2623,IT,MBC
20906,86.0,101011,2345,EE,MBC
20907,86.0,101012,2750,EE,MBC
20908,86.0,101014,2610,EC,MBC
20909,86.0,101015,2743,FD,OC
20910,86.0,101016,1322,IT,SC
20911,86.0,101018,3795,EC,BC
20912,86.0,101021,2634,IT,OC
20913,86.0,101023,5935,EC,OC
20914,86.0,101025,2342,CS,SC
20915,86.0,101026,5907,ME,OC
20916,86.0,101028,3812,CS,BC
20917,86.0,101029,1123,CS,OC
20918,86.0,101030,2647,IT,OC
20919,86.0,101031,2611,AG,SC
20920,86.0,101032,3458,BT,SC
20921,86.0,101034,1226,ME,OC
20922,86.0,101035,2646,ME,OC
20923,86.0,101036,2611,AG,SC
20924,86.0,101037,1408,CS,SC
20925,86.0,101038,2650,CS,SC
20926,86.0,101040,2620,EE,MBC
20927,86.0,101042,2708,CS,SC
20928,86.0,101046,2648,CS,OC
20929,86.0,101047,2659,EE,MBC
20930,86.0,101048,1501,EC,OC
20931,86.0,101049,3905,EE,BC
20932,86.0,101050,1120,AD,SC
20933,86.0,101052,2755,CS,MBC
20934,86.0,101053,2651,EC,BC
20935,86.0,101054,2611,PH,OC
20936,86.0,101055,5832,CS,MBC
20937,86.0,101057,1311,CS,SC
20938,86.0,101058,2625,AG,MBC
20939,86.0,101060,1325,CS,SC
20940,86.0,101061,2707,RM,OC
20941,86.0,101063,2610,EC,BC
20942,86.0,101064,3454,BM,SC
20943,86.0,101065,5703,IT,MBC
20944,86.0,101066,2636,CS,SC
20945,86.0,101067,2618,ME,BC
20946,86.0,101068,2758,EC,OC
20947,86.0,101069,2367,AD,SC
20948,86.0,101070,2652,CS,BCM
20949,86.0,101071,2634,AE,OC
20950,86.0,101072,5009,ME,BC
20951,86.0,101073,3815,IT,MBC
20952,86.0,101074,1434,CS,SC
20953,86.0,101076,3926,EC,OC
20954,86.0,101078,2651,EC,SCA
20955,86.0,101079,1322,CE,OC
20956,86.0,101082,2345,CE,OC
20957,86.0,101083,1501,IT,BC
20958,86.0,101085,2607,ME,OC
20959,86.0,101086,2625,EE,OC
20960,86.0,101087,4680,CE,MBC
20961,86.0,101089,5009,ME,MBC
20962,86.0,101090,2636,CS,MBC
20963,86.0,101091,4957,CS,SC
20964,86.0,101092,3810,CS,BC
20965,86.0,101093,2642,EE,OC
20966,86.0,101095,3458,PE,OC
20967,86.0,101096,4928,ME,OC
20968,86.0,101097,1116,CS,SC
20969,86.0,101098,3830,IT,SC
20970,86.0,101099,1150,AG,OC
20971,86.0,101100,4993,EC,OC
20972,86.0,101101,2636,EC,MBC
20973,86.0,101102,3807,ME,OC
20974,86.0,101106,3801,ME,OC
20975,86.0,101109,3826,ME,SC
20976,86.0,101110,1413,CS,SC
20977,86.0,101112,1520,CE,OC
20978,86.0,101113,4675,ME,OC
20979,86.0,101114,2609,ME,SC
20980,86.0,101115,3456,BM,SC
20981,86.0,101116,2736,EE,BC
20982,86.0,101117,4993,ME,OC
20983,86.0,101118,2743,ME,OC
20984,86.0,101119,2733,EE,OC
20985,86.0,101122,1307,EC,OC
20986,86.0,101124,2707,BM,MBC
20987,86.0,101125,2652,ME,OC
20988,86.0,101126,2683,AG,SCA
20989,86.0,101127,2640,CS,ST
20990,86.0,101130,5502,EC,BC
20991,86.0,101132,1510,ME,OC
20992,86.0,101133,2630,EE,OC
20993,86.0,101134,1122,ME,BC
20994,86.0,101135,1014,IT,BCM
20995,86.0,101136,3825,ME,OC
20996,86.0,101137,3458,AG,MBC
20997,86.0,101139,1014,EC,MBC
20998,86.0,101141,2612,EE,OC
20999,86.0,101143,1505,ME,OC
21000,86.0,101144,3849,CS,OC
21001,86.0,101145,2716,AE,BCM
21002,86.0,101146,4931,EC,MBC
21003,86.0,101148,2341,BM,OC
21004,86.0,101149,5930,CS,BC
21005,86.0,101153,2776,MZ,OC
21006,86.0,101154,2747,CS,BC
21007,86.0,101155,4670,ME,BC
21008,86.0,101156,2601,EC,MBC
21009,86.0,101157,5914,CS,BC
21010,86.0,101158,2636,CS,SC
21011,86.0,101159,1409,CS,BC
21012,86.0,101161,2665,CS,OC
21013,86.0,101163,3812,IT,MBC
21014,86.0,101165,3795,EE,MBC
21015,86.0,101166,2661,IT,SC
21016,86.0,101167,1207,IT,SC
21017,86.0,101168,1507,CS,MBC
21018,86.0,101169,1405,CS,OC
21019,86.0,101171,5832,EC,OC
21020,86.0,101173,1501,CS,MBC
21021,86.0,101174,2710,ME,BC
21022,86.0,101175,2755,CE,OC
21023,86.0,101176,2704,EE,BC
21024,86.0,101177,3462,CS,OC
21025,86.0,101178,2342,EC,OC
21026,86.0,101179,5862,BM,SC
21027,86.0,101181,2627,EC,OC
21028,86.0,101182,2744,EE,OC
21029,86.0,101183,4676,EE,SC
21030,86.0,101184,4969,ME,OC
21031,86.0,101186,1421,EE,OC
21032,86.0,101187,1401,EC,OC
21033,86.0,101188,2659,ME,OC
21034,86.0,101189,2753,CS,BC
21035,86.0,101190,3829,IT,SC
21036,86.0,101191,5865,ME,OC
21037,86.0,101192,5,ME,SC
21038,86.0,101194,1123,IT,MBC
21039,86.0,101195,2715,EC,MBC
21040,86.0,101197,1452,CS,MBC
21041,86.0,101198,1226,ME,OC
21042,86.0,101200,1409,CS,SC
21043,86.0,101202,2715,AG,BC
21044,86.0,101204,3810,CS,MBC
21045,86.0,101207,2702,MC,BCM
21046,86.0,101208,3805,PH,BC
21047,86.0,101210,3425,CE,MBC
21048,86.0,101211,4023,EE,BC
21049,86.0,101212,3795,EE,BCM
21050,86.0,101216,1402,CS,OC
21051,86.0,101218,1505,ME,OC
21052,86.0,101220,3813,ME,OC
21053,86.0,101222,4023,CE,BC
21054,86.0,101224,4959,CS,MBC
21055,86.0,101225,2727,EC,BC
21056,86.0,101226,4670,ME,BC
21057,86.0,101227,2357,CE,BCM
21058,86.0,101228,1306,EC,MBC
21059,86.0,101229,3849,CS,OC
21060,86.0,101230,2748,CS,OC
21061,86.0,101231,2608,EE,SCA
21062,86.0,101234,2609,EC,MBC
21063,86.0,101235,2750,ME,SC
21064,86.0,101237,2609,AE,BCM
21065,86.0,101238,2610,EC,BC
21066,86.0,101240,2636,CS,SC
21067,86.0,101241,2611,CS,BC
21068,86.0,101242,5832,CE,OC
21069,86.0,101243,4972,EC,BC
21070,86.0,101248,2636,CS,SC
21071,86.0,101249,1432,CS,SC
21072,86.0,101250,5536,ME,OC
21073,86.0,101251,1116,ME,OC
21074,86.0,101252,2628,AD,MBC
21075,86.0,101253,2350,EC,OC
21076,86.0,101256,1510,EE,OC
21077,86.0,101257,1412,CS,SC
21078,86.0,101258,3806,CB,BC
21079,86.0,101259,4975,EC,OC
21080,86.0,101260,4952,EC,OC
21081,86.0,101261,2723,CE,BCM
21082,86.0,101262,2314,EC,BC
21083,86.0,101263,2609,PH,OC
21084,86.0,101264,5,AM,SC
21085,86.0,101265,1523,CE,OC
21086,86.0,101266,3786,EE,OC
21087,86.0,101267,1509,IT,MBC
21088,86.0,101268,3805,CE,OC
21089,86.0,101269,1419,ME,MBC
21090,86.0,101273,1219,EC,SCA
21091,86.0,101274,2646,CS,MBC
21092,86.0,101275,1325,ME,SC
21093,86.0,101276,3805,EE,OC
21094,86.0,101277,2621,IT,BC
21095,86.0,101278,2639,IT,BC
21096,86.0,101281,3454,BM,SC
21097,86.0,101283,2601,EC,MBC
21098,86.0,101284,1231,IT,SC
21099,86.0,101285,2601,EC,MBC
21100,86.0,101286,2601,ME,OC
21101,86.0,101288,2636,CS,BC
21102,86.0,101289,2772,CS,OC
21103,86.0,101290,3786,CS,SC
21104,86.0,101291,2770,CS,OC
21105,86.0,101292,1303,BT,BC
21106,86.0,101293,1509,IT,BC
21107,86.0,101294,3456,BM,MBC
21108,86.0,101295,5,EI,OC
21109,86.0,101296,4670,ME,BC
21110,86.0,101297,4957,IT,SC
21111,86.0,101299,4957,IT,SC
21112,86.0,101300,4023,IT,MBC
21113,86.0,101304,3805,CH,OC
21114,86.0,101305,1501,EC,OC
21115,86.0,101306,5,CE,SC
21116,86.0,101307,2360,CS,SC
21117,86.0,101308,4964,CS,BC
21118,86.0,101309,5,AM,SC
21119,86.0,101310,2629,IT,BC
21120,86.0,101312,1322,BM,SC
21121,86.0,101313,1322,AG,OC
21122,86.0,101315,1316,CS,BCM
21123,86.0,101317,1316,MZ,BC
21124,86.0,101318,4960,CE,SC
21125,86.0,101319,2740,AE,BC
21126,86.0,101321,2628,AD,BC
21127,86.0,101322,1519,IT,OC
21128,86.0,101323,1424,PE,BC
21129,86.0,101324,2632,EC,OC
21130,86.0,101325,2611,CE,OC
21131,86.0,101326,2749,IT,SC
21132,86.0,101327,4931,EC,BC
21133,86.0,101332,1505,ME,OC
21134,86.0,101333,5536,CS,BCM
21135,86.0,101334,3819,IC,MBC
21136,86.0,101336,4943,AE,OC
21137,86.0,101337,4961,CS,MBC
21138,86.0,101339,5912,EC,MBC
21139,86.0,101340,2713,IT,BC
21140,86.0,101341,4917,CH,BC
21141,86.0,101342,3811,EC,OC
21142,86.0,101343,2726,EC,BC
21143,86.0,101346,5904,ME,OC
21144,86.0,101347,3806,CS,SC
21145,86.0,101348,2621,ME,OC
21146,86.0,101350,1306,EC,MBC
21147,86.0,101352,3820,CE,OC
21148,86.0,101356,4957,ME,OC
21149,86.0,101357,2341,BM,OC
21150,86.0,101358,4670,ME,BC
21151,86.0,101359,2733,CS,BC
21152,86.0,101360,3462,ME,OC
21153,86.0,101361,4953,EC,BCM
21154,86.0,101362,4965,EC,BC
21155,86.0,101364,3019,EC,SC
21156,86.0,101367,3806,CB,BCM
21157,86.0,101368,4965,CS,SC
21158,86.0,101369,3820,EE,OC
21159,86.0,101370,1237,EC,OC
21160,86.0,101372,4933,CS,SC
21161,86.0,101373,3847,CH,SC
21162,86.0,101374,2627,EC,OC
21163,86.0,101375,1122,ME,MBC
21164,86.0,101376,3806,CB,BC
21165,86.0,101378,5010,ME,SC
21166,86.0,101380,5902,EE,OC
21167,86.0,101383,3760,CS,MBC
21168,86.0,101384,2613,EE,BC
21169,86.0,101385,3841,AD,MBC
21170,86.0,101386,2342,ME,OC
21171,86.0,101387,5703,ME,OC
21172,86.0,101388,2367,ME,OC
21173,86.0,101390,4675,ME,OC
21174,86.0,101393,2612,CS,BC
21175,86.0,101394,2613,CE,OC
21176,86.0,101395,2755,AG,MBC
21177,86.0,101396,1319,CS,OC
21178,86.0,101397,4972,EE,OC
21179,86.0,101399,4941,CS,OC
21180,86.0,101400,2369,CE,BC
21181,86.0,101404,2342,EC,OC
21182,86.0,101407,2643,CS,SC
21183,86.0,101408,2621,IT,BC
21184,86.0,101409,3829,EC,MBC
21185,86.0,101410,2636,EC,MBC
21186,86.0,101411,2607,CB,BC
21187,86.0,101412,3019,ME,OC
21188,86.0,101413,1316,IT,SC
21189,86.0,101414,2711,CE,MBC
21190,86.0,101417,2708,ME,OC
21191,86.0,101418,1202,CS,BC
21192,86.0,101420,2755,CS,MBC
21193,86.0,101422,1126,CS,ST
21194,86.0,101424,2636,CS,BC
21195,86.0,101425,2744,EC,OC
21196,86.0,101427,4969,CS,BC
21197,86.0,101428,2727,EE,BC
21198,86.0,101429,2620,TS,SC
21199,86.0,101431,2643,CS,SC
21200,86.0,101432,2713,EE,OC
21201,86.0,101434,1241,EC,OC
21202,86.0,101435,2683,AG,ST
21203,86.0,101437,2636,EE,BC
21204,86.0,101438,5919,ME,OC
21205,86.0,101439,3825,CS,BCM
21206,86.0,101441,4992,CE,OC
21207,86.0,101444,2601,EE,OC
21208,86.0,101445,5530,EE,OC
21209,86.0,101446,3021,CE,OC
21210,86.0,101447,5832,CS,SC
21211,86.0,101450,4961,CS,SC
21212,86.0,101451,1505,CS,BC
21213,86.0,101452,1434,EE,OC
21214,86.0,101453,2707,IT,MBC
21215,86.0,101454,1322,IT,MBC
21216,86.0,101455,5832,CS,SCA
21217,86.0,101456,1322,CS,SC
21218,86.0,101457,2707,EE,BC
21219,86.0,101458,5935,EC,OC
21220,86.0,101459,1322,IT,SC
21221,86.0,101460,1231,EC,MBC
21222,86.0,101461,2776,CS,SC
21223,86.0,101462,3462,EE,OC
21224,86.0,101463,3016,CS,SC
21225,86.0,101465,1430,EE,SC
21226,86.0,101466,2650,EC,OC
21227,86.0,101468,2609,CH,MBC
21228,86.0,101470,4965,BM,MBC
21229,86.0,101471,2652,ME,OC
21230,86.0,101473,2661,CS,BC
21231,86.0,101474,4981,CE,OC
21232,86.0,101475,1407,BM,BC
21233,86.0,101476,2624,BM,SC
21234,86.0,101477,1322,AG,OC
21235,86.0,101479,2683,AG,SC
21236,86.0,101480,3466,EE,OC
21237,86.0,101482,3847,CH,SC
21238,86.0,101483,5902,EE,OC
21239,86.0,101485,2643,CS,SC
21240,86.0,101486,3766,ME,OC
21241,85.8,101489,3843,ME,OC
21242,85.5,101490,1137,CS,SC
21243,85.5,101491,1513,ME,OC
21244,85.5,101492,3826,ME,BCM
21245,85.5,101493,4954,ME,OC
21246,85.5,101495,5915,EC,OC
21247,85.5,101497,2636,EC,BC
21248,85.5,101498,1505,IT,BC
21249,85.5,101500,3831,CS,SC
21250,85.5,101502,5921,ME,OC
21251,85.5,101506,1525,CS,OC
21252,85.5,101507,2647,CS,OC
21253,85.5,101508,2750,BM,MBC
21254,85.5,101512,3812,IT,MBC
21255,85.5,101514,2329,CS,MBC
21256,85.5,101515,2718,ME,SC
21257,85.5,101516,2642,IT,MBC
21258,85.5,101517,2651,CS,BC
21259,85.5,101518,3806,CS,BC
21260,85.5,101519,2346,CS,OC
21261,85.5,101520,5,BD,BC
21262,85.5,101521,1126,CS,MBC
21263,85.5,101523,3806,ME,MBC
21264,85.5,101525,2622,CH,SC
21265,85.5,101526,2606,CS,MBC
21266,85.5,101527,2608,IT,SC
21267,85.5,101528,2609,ME,MBC
21268,85.5,101529,1412,EC,OC
21269,85.5,101530,5,EE,MBC
21270,85.5,101531,1225,IT,MBC
21271,85.5,101532,2710,CE,MBC
21272,85.5,101533,2661,IT,BC
21273,85.5,101534,4953,ME,OC
21274,85.5,101535,2624,CS,MBC
21275,85.5,101536,3018,EE,OC
21276,85.5,101538,2338,EE,OC
21277,85.5,101539,1202,CS,BC
21278,85.5,101540,3905,ME,MBC
21279,85.5,101541,2618,FT,BC
21280,85.5,101543,3825,ME,OC
21281,85.5,101544,2610,BM,SC
21282,85.5,101546,2622,ME,SC
21283,85.5,101547,1421,EC,SC
21284,85.5,101548,2632,IT,SC
21285,85.5,101549,3811,CS,SC
21286,85.5,101551,1126,CS,SC
21287,85.5,101552,1518,AU,OC
21288,85.5,101553,1126,BM,BC
21289,85.5,101554,3817,CS,SCA
21290,85.5,101555,4978,BT,MBC
21291,85.5,101556,1122,CS,SC
21292,85.5,101558,3810,AG,BC
21293,85.5,101560,1424,CS,BCM
21294,85.5,101561,1512,CS,OC
21295,85.5,101562,2715,CS,SC
21296,85.5,101563,2710,CE,BC
21297,85.5,101565,1411,IT,OC
21298,85.5,101566,3805,EC,BC
21299,85.5,101567,3456,CS,SC
21300,85.5,101569,1411,EC,OC
21301,85.5,101570,2711,CS,SC
21302,85.5,101571,4972,EC,BC
21303,85.5,101572,3849,IT,OC
21304,85.5,101574,2643,CS,SC
21305,85.5,101577,3458,AG,MBC
21306,85.5,101578,2601,ME,OC
21307,85.5,101579,5532,EC,BC
21308,85.5,101581,2640,EC,OC
21309,85.5,101582,4929,CS,OC
21310,85.5,101583,4672,ME,BC
21311,85.5,101584,1306,EC,MBC
21312,85.5,101585,2651,ME,OC
21313,85.5,101588,4982,CS,OC
21314,85.5,101589,4669,CS,BC
21315,85.5,101592,1441,CS,SC
21316,85.5,101593,1420,EE,OC
21317,85.5,101594,1202,CS,BC
21318,85.5,101596,4953,ME,OC
21319,85.5,101597,4672,EC,BC
21320,85.5,101599,2707,AG,BC
21321,85.5,101602,2650,EC,OC
21322,85.5,101605,2609,CS,BC
21323,85.5,101606,2338,ME,OC
21324,85.5,101608,2648,CS,MBC
21325,85.5,101609,3425,CE,MBC
21326,85.5,101610,3806,CB,SC
21327,85.5,101611,2764,CS,SC
21328,85.5,101612,2624,BT,OC
21329,85.5,101613,3812,CE,OC
21330,85.5,101614,2610,ME,OC
21331,85.5,101615,4672,EE,BC
21332,85.5,101616,3466,CS,OC
21333,85.5,101617,2731,PD,SC
21334,85.5,101619,2710,CE,MBC
21335,85.5,101620,4670,CE,BC
21336,85.5,101621,4953,EE,BC
21337,85.5,101622,1013,ME,SCA
21338,85.5,101623,2659,CS,MBC
21339,85.5,101625,2627,ME,OC
21340,85.5,101626,2731,EE,OC
21341,85.5,101627,2610,AD,BC
21342,85.5,101628,4959,ME,OC
21343,85.5,101629,2625,EE,OC
21344,85.5,101630,1452,EC,BC
21345,85.5,101632,3829,EE,OC
21346,85.5,101633,3806,CE,OC
21347,85.5,101634,2707,IT,MBC
21348,85.5,101637,2347,EE,OC
21349,85.5,101639,2624,EE,OC
21350,85.5,101640,1424,PE,BC
21351,85.5,101641,2707,RM,OC
21352,85.5,101642,2630,CS,BC
21353,85.5,101643,5842,ME,OC
21354,85.5,101644,2707,CH,BC
21355,85.5,101645,2710,EE,MBC
21356,85.5,101646,2729,AD,BC
21357,85.5,101649,4917,ME,BC
21358,85.5,101651,3451,CS,OC
21359,85.5,101652,4946,CS,OC
21360,85.5,101653,4675,CS,SC
21361,85.5,101654,3811,EE,OC
21362,85.5,101655,2367,CS,OC
21363,85.5,101656,3852,CS,OC
21364,85.5,101657,1303,IT,BC
21365,85.5,101658,2736,ME,BC
21366,85.5,101660,2727,AG,BC
21367,85.5,101662,2610,AD,BC
21368,85.5,101663,3782,CS,BC
21369,85.5,101665,1304,AU,OC
21370,85.5,101666,2653,ME,MBC
21371,85.5,101667,2648,ME,OC
21372,85.5,101668,1303,CS,BC
21373,85.5,101669,2341,CS,OC
21374,85.5,101671,1303,EC,OC
21375,85.5,101672,2722,IC,MBC
21376,85.5,101673,3458,AG,BC
21377,85.5,101674,2767,BM,BC
21378,85.5,101675,4953,ME,MBC
21379,85.5,101676,3425,CE,SC
21380,85.5,101677,2627,EC,OC
21381,85.5,101678,1201,ME,OC
21382,85.5,101681,2747,EC,SCA
21383,85.5,101682,1504,ME,MBC
21384,85.5,101683,2735,ME,BC
21385,85.5,101684,5530,CE,OC
21386,85.5,101685,2627,EC,OC
21387,85.5,101686,2641,EE,OC
21388,85.5,101687,2342,ME,OC
21389,85.5,101690,2639,CS,BC
21390,85.5,101692,1407,CS,OC
21391,85.5,101694,2707,EI,MBC
21392,85.5,101695,1408,EE,OC
21393,85.5,101698,2609,CE,OC
21394,85.5,101700,2747,EC,MBC
21395,85.5,101702,2627,ME,OC
21396,85.5,101705,5536,AG,BC
21397,85.5,101706,5910,CE,MBC
21398,85.5,101707,1202,ME,OC
21399,85.5,101708,4953,EE,BC
21400,85.5,101710,4994,CS,BC
21401,85.5,101711,4675,CS,MBC
21402,85.5,101712,5904,EE,BC
21403,85.5,101713,3804,AG,MBC
21404,85.5,101715,2650,CS,BC
21405,85.5,101716,1399,EE,SC
21406,85.5,101717,2601,CH,BC
21407,85.5,101718,3817,CS,BC
21408,85.5,101720,1316,EC,BC
21409,85.5,101721,3805,ME,OC
21410,85.5,101723,2708,AG,BC
21411,85.5,101724,1431,IT,OC
21412,85.5,101725,3811,EE,OC
21413,85.5,101726,2659,EC,BC
21414,85.5,101727,2721,EC,OC
21415,85.5,101728,2683,AG,SCA
21416,85.5,101729,2764,CH,SC
21417,85.5,101731,4955,EE,OC
21418,85.5,101732,4993,BM,SC
21419,85.5,101733,3806,EC,SC
21420,85.5,101734,2639,CS,MBC
21421,85.5,101735,1426,CS,OC
21422,85.5,101736,3016,CS,BC
21423,85.5,101737,5703,CE,OC
21424,85.5,101739,5010,ME,SCA
21425,85.5,101740,4670,ME,BC
21426,85.5,101741,1114,EE,OC
21427,85.5,101744,1228,CS,OC
21428,85.5,101745,2609,AG,MBC
21429,85.5,101748,5533,EE,OC
21430,85.5,101749,4981,CS,SC
21431,85.5,101750,2606,CS,MBC
21432,85.5,101751,2741,EC,BC
21433,85.5,101752,2764,EC,SC
21434,85.5,101754,4931,EC,BC
21435,85.5,101755,2622,CE,BC
21436,85.5,101756,2665,PD,OC
21437,85.5,101757,2640,CS,SC
21438,85.5,101758,1408,CS,MBC
21439,85.5,101759,2772,CS,OC
21440,85.5,101761,4998,EC,OC
21441,85.5,101765,4864,ME,OC
21442,85.5,101766,2607,ME,OC
21443,85.5,101767,3806,EE,SC
21444,85.5,101768,1110,CS,MBC
21445,85.5,101769,3019,EE,BC
21446,85.5,101770,2347,CS,BCM
21447,85.5,101771,4970,EC,OC
21448,85.5,101772,2328,ME,OC
21449,85.5,101773,2743,FD,OC
21450,85.5,101774,2673,EC,OC
21451,85.5,101775,2707,AG,SC
21452,85.5,101777,1412,CS,BC
21453,85.5,101778,2609,IT,MBC
21454,85.5,101783,1412,CS,MBC
21455,85.5,101784,5536,EE,OC
21456,85.5,101785,2776,AG,MBC
21457,85.5,101786,1411,AE,BC
21458,85.5,101787,2707,AD,SC
21459,85.5,101788,1408,ME,OC
21460,85.5,101789,5530,EC,BC
21461,85.5,101790,3425,ME,BC
21462,85.5,101791,5536,CS,BC
21463,85.5,101795,2634,AD,OC
21464,85.5,101797,1413,AD,OC
21465,85.5,101798,3782,CS,BC
21466,85.5,101799,2647,ME,OC
21467,85.5,101800,2627,CS,BC
21468,85.5,101802,2747,EC,MBC
21469,85.5,101803,2607,CB,BC
21470,85.5,101804,2735,EC,MBC
21471,85.5,101805,5921,EE,OC
21472,85.5,101806,3425,EE,SC
21473,85.5,101808,2639,EE,MBC
21474,85.5,101809,4929,EC,OC
21475,85.5,101810,3425,CE,SC
21476,85.5,101811,2707,RM,OC
21477,85.5,101812,5010,CE,BC
21478,85.5,101814,3782,EC,OC
21479,85.5,101816,2776,CS,BC
21480,85.5,101818,2639,IT,MBC
21481,85.5,101819,4957,EC,OC
21482,85.5,101821,4933,EC,OC
21483,85.5,101823,3855,ME,OC
21484,85.5,101824,2624,ME,OC
21485,85.5,101825,1316,EC,BC
21486,85.5,101826,5,CE,SC
21487,85.5,101827,2708,MZ,BC
21488,85.5,101828,2628,ME,OC
21489,85.5,101830,2611,CS,MBC
21490,85.5,101832,1424,CS,BC
21491,85.5,101833,2621,AE,OC
21492,85.5,101835,4972,EC,BC
21493,85.5,101837,3905,EC,SC
21494,85.5,101839,1441,CS,SC
21495,85.5,101841,2733,CS,BC
21496,85.5,101843,2314,EC,BC
21497,85.5,101844,1211,ME,SC
21498,85.5,101845,2770,ME,OC
21499,85.5,101847,2346,CS,OC
21500,85.5,101852,1411,CS,OC
21501,85.5,101854,1207,CS,BC
21502,85.5,101855,1222,IT,OC
21503,85.5,101857,1505,CE,OC
21504,85.5,101858,2314,CS,BC
21505,85.5,101860,1411,CS,OC
21506,85.5,101861,3810,CS,MBC
21507,85.5,101862,4983,CS,OC
21508,85.5,101863,4675,CS,BC
21509,85.5,101865,1415,CS,OC
21510,85.5,101866,1519,CS,SC
21511,85.5,101868,4670,ME,BC
21512,85.5,101869,1431,IT,OC
21513,85.5,101870,5,IT,BC
21514,85.5,101875,2622,ME,BC
21515,85.5,101878,4669,CE,OC
21516,85.5,101879,5009,ME,MBC
21517,85.5,101880,2614,CS,BC
21518,85.5,101881,5,IT,MBC
21519,85.5,101883,2627,EC,OC
21520,85.5,101884,1325,EC,SC
21521,85.5,101885,2357,CE,SC
21522,85.5,101886,3905,EE,SC
21523,85.5,101888,1230,CS,BC
21524,85.5,101889,3908,ME,OC
21525,85.5,101890,5930,CS,SC
21526,85.5,101891,2708,EC,MBC
21527,85.5,101893,1303,EC,OC
21528,85.5,101894,1413,AD,OC
21529,85.5,101896,4969,ME,OC
21530,85.5,101900,2641,CS,MBC
21531,85.5,101901,1316,CS,SC
21532,85.5,101902,2338,BM,ST
21533,85.5,101904,1126,EC,OC
21534,85.5,101905,3843,ME,OC
21535,85.5,101906,1430,CS,OC
21536,85.5,101907,2610,CE,OC
21537,85.5,101908,1316,ME,OC
21538,85.5,101910,2609,CS,BC
21539,85.5,101911,1317,ME,BC
21540,85.5,101913,4984,CE,OC
21541,85.5,101914,3819,CE,BC
21542,85.5,101917,3461,CS,OC
21543,85.5,101919,4972,ME,BC
21544,85.5,101920,4993,IT,BC
21545,85.5,101921,2659,EE,MBC
21546,85.5,101923,1230,CS,SC
21547,85.5,101924,4670,CE,BC
21548,85.5,101925,5,CH,SC
21549,85.5,101927,3766,ME,OC
21550,85.5,101928,1114,ME,OC
21551,85.5,101930,2357,ME,SC
21552,85.5,101931,2729,EE,OC
21553,85.5,101932,3810,ME,OC
21554,85.5,101934,4984,ME,OC
21555,85.5,101935,2727,EE,BC
21556,85.5,101937,3831,ME,OC
21557,85.5,101938,2673,EE,OC
21558,85.5,101939,2646,EE,OC
21559,85.5,101940,1430,ME,OC
21560,85.5,101942,1316,IT,BCM
21561,85.5,101943,2610,EE,SC
21562,85.5,101944,2707,AD,MBC
21563,85.5,101945,2639,CS,MBC
21564,85.5,101946,1421,CS,SC
21565,85.5,101947,2636,CS,SC
21566,85.5,101949,1123,AE,OC
21567,85.5,101950,5902,EE,OC
21568,85.5,101952,2618,CE,BC
21569,85.5,101953,1408,IT,MBC
21570,85.5,101954,3830,CB,MBC
21571,85.5,101955,2357,EE,BC
21572,85.5,101958,2627,EC,OC
21573,85.5,101959,4976,AG,OC
21574,85.5,101960,5988,CS,BC
21575,85.5,101964,5532,EE,BC
21576,85.5,101965,4968,EE,OC
21577,85.5,101966,1122,CH,SC
21578,85.5,101969,2750,BM,MBC
21579,85.5,101970,4969,CS,BCM
21580,85.5,101971,2329,EC,MBC
21581,85.5,101972,1424,CS,BCM
21582,85.5,101973,3806,EC,MBC
21583,85.5,101974,4023,CE,ST
21584,85.5,101975,3821,CS,OC
21585,85.5,101976,3843,EC,SC
21586,85.5,101978,2621,CS,SC
21587,85.5,101981,4669,ME,SCA
21588,85.5,101982,4995,CS,OC
21589,85.5,101984,5919,EC,OC
21590,85.5,101985,1407,CS,OC
21591,85.5,101986,3807,IT,OC
21592,85.5,101987,5990,CS,SC
21593,85.5,101988,2342,ME,OC
21594,85.5,101989,1430,EE,SC
21595,85.5,101991,2634,AG,MBC
21596,85.5,101992,2661,CS,SC
21597,85.5,101993,2628,CS,OC
21598,85.5,101994,3805,CS,SC
21599,85.5,101995,2609,PH,OC
21600,85.5,101997,3805,ME,OC
21601,85.5,101998,2707,RM,SC
21602,85.5,101999,2632,ME,OC
21603,85.5,102001,2657,CS,OC
21604,85.5,102002,2648,EE,OC
21605,85.5,102004,2328,EC,SC
21606,85.5,102005,3846,ME,OC
21607,85.5,102006,4917,EE,BC
21608,85.5,102007,2657,CS,OC
21609,85.5,102010,1441,ME,OC
21610,85.5,102013,3806,ME,SC
21611,85.5,102016,2342,ME,OC
21612,85.5,102017,4678,ME,OC
21613,85.5,102020,3806,CS,SC
21614,85.5,102022,4023,IT,MBC
21615,85.5,102023,2629,MD,OC
21616,85.5,102024,1311,EE,OC
21617,85.5,102025,5,ME,SC
21618,85.5,102026,1430,CE,OC
21619,85.5,102028,5,BD,SC
21620,85.5,102029,3425,CE,MBC
21621,85.5,102030,4670,EE,SC
21622,85.5,102031,1411,BT,OC
21623,85.5,102033,1133,EC,OC
21624,85.5,102034,4964,ME,BC
21625,85.5,102036,3810,EC,SC
21626,85.5,102037,2347,CE,OC
21627,85.5,102040,4975,ME,OC
21628,85.5,102041,2650,CS,MBC
21629,85.5,102042,1510,ME,OC
21630,85.5,102043,2627,EC,OC
21631,85.0,102046,2625,AG,MBC
21632,85.0,102047,4957,IT,MBC
21633,85.0,102048,2628,CS,OC
21634,85.0,102050,1106,CS,SC
21635,85.0,102051,3821,CS,OC
21636,85.0,102052,2762,AD,BC
21637,85.0,102054,1421,CS,BCM
21638,85.0,102055,1322,CS,BC
21639,85.0,102056,3860,CS,OC
21640,85.0,102057,2726,CS,SCA
21641,85.0,102059,3845,CS,MBC
21642,85.0,102060,3831,IT,BC
21643,85.0,102061,2715,CS,SC
21644,85.0,102063,1213,IT,OC
21645,85.0,102064,2636,CS,SC
21646,85.0,102065,2608,ME,SC
21647,85.0,102066,3019,XC,OC
21648,85.0,102069,1442,AD,BC
21649,85.0,102070,2329,AD,MBC
21650,85.0,102071,1114,CE,OC
21651,85.0,102073,5022,CS,SC
21652,85.0,102074,3803,EE,BC
21653,85.0,102075,1503,CS,OC
21654,85.0,102076,2752,EE,OC
21655,85.0,102079,2636,ME,OC
21656,85.0,102080,2609,EC,MBC
21657,85.0,102081,1015,EC,MBC
21658,85.0,102082,1319,ME,OC
21659,85.0,102084,5865,ME,OC
21660,85.0,102086,2613,EE,BC
21661,85.0,102087,2338,ME,OC
21662,85.0,102088,3826,CE,MBC
21663,85.0,102089,3829,IT,MBC
21664,85.0,102090,5532,EE,BC
21665,85.0,102091,2735,EC,MBC
21666,85.0,102092,2328,BM,SC
21667,85.0,102093,1505,CS,MBC
21668,85.0,102095,5502,CS,BC
21669,85.0,102096,2708,EC,BC
21670,85.0,102097,4669,CE,OC
21671,85.0,102098,2634,BM,MBC
21672,85.0,102099,4944,EC,BC
21673,85.0,102101,3812,EE,OC
21674,85.0,102102,2755,AE,OC
21675,85.0,102103,5,CE,SC
21676,85.0,102104,1216,CE,OC
21677,85.0,102105,2702,FT,MBC
21678,85.0,102106,2707,RM,BC
21679,85.0,102107,3821,ME,OC
21680,85.0,102108,2609,PH,OC
21681,85.0,102109,3810,ME,OC
21682,85.0,102110,2641,EE,OC
21683,85.0,102111,3786,CS,SC
21684,85.0,102112,3826,ME,BC
21685,85.0,102113,2634,AE,OC
21686,85.0,102115,2767,CS,SC
21687,85.0,102116,2752,CS,BC
21688,85.0,102117,2341,EC,OC
21689,85.0,102118,1408,ME,OC
21690,85.0,102119,4970,ME,OC
21691,85.0,102120,1226,CS,MBC
21692,85.0,102121,2708,ME,OC
21693,85.0,102122,3829,EC,SC
21694,85.0,102123,2617,CS,BC
21695,85.0,102124,2683,AG,MBC
21696,85.0,102125,2713,CS,BC
21697,85.0,102126,3806,EE,MBC
21698,85.0,102127,2607,ME,OC
21699,85.0,102128,4675,EC,OC
21700,85.0,102129,2609,AD,MBC
21701,85.0,102130,1412,CS,MBC
21702,85.0,102131,1419,ME,MBC
21703,85.0,102132,1207,CS,BCM
21704,85.0,102134,2625,IT,OC
21705,85.0,102135,2613,AU,OC
21706,85.0,102137,3766,ME,OC
21707,85.0,102138,1229,CS,OC
21708,85.0,102139,2727,CE,OC
21709,85.0,102141,4676,ME,OC
21710,85.0,102142,2314,CS,BC
21711,85.0,102144,1518,EE,OC
21712,85.0,102145,3461,CE,OC
21713,85.0,102146,4670,ME,BC
21714,85.0,102147,2603,EE,ST
21715,85.0,102148,3826,CE,MBC
21716,85.0,102149,3766,CS,SC
21717,85.0,102150,1133,EC,OC
21718,85.0,102151,1408,CS,MBC
21719,85.0,102153,2707,BM,MBC
21720,85.0,102154,1210,EC,SC
21721,85.0,102155,2707,IT,BC
21722,85.0,102156,2630,EC,SC
21723,85.0,102158,2610,CS,SC
21724,85.0,102159,2715,CE,OC
21725,85.0,102161,3825,ME,OC
21726,85.0,102162,4981,CS,SC
21727,85.0,102163,4917,EC,MBC
21728,85.0,102164,2657,EC,OC
21729,85.0,102165,2707,CS,SC
21730,85.0,102166,4953,CE,OC
21731,85.0,102167,3806,CE,OC
21732,85.0,102168,1407,CS,OC
21733,85.0,102169,3908,EC,OC
21734,85.0,102173,2624,AG,SCA
21735,85.0,102174,2716,CS,SC
21736,85.0,102175,2707,EE,SC
21737,85.0,102176,2345,CE,OC
21738,85.0,102177,5988,EC,OC
21739,85.0,102179,3425,ME,SC
21740,85.0,102180,3829,ME,OC
21741,85.0,102181,5930,EE,OC
21742,85.0,102183,2609,CE,OC
21743,85.0,102184,3820,CE,OC
21744,85.0,102186,3831,IT,SCA
21745,85.0,102188,3806,EC,SC
21746,85.0,102189,1238,EC,MBC
21747,85.0,102191,3854,CS,OC
21748,85.0,102193,2661,CE,OC
21749,85.0,102195,1230,EC,OC
21750,85.0,102196,2627,CE,OC
21751,85.0,102199,2666,BM,OC
21752,85.0,102200,2707,AG,BC
21753,85.0,102201,4670,CE,BC
21754,85.0,102204,2646,CS,MBC
21755,85.0,102205,2338,EC,OC
21756,85.0,102207,2715,EE,SC
21757,85.0,102209,4969,EC,OC
21758,85.0,102210,2715,AG,BC
21759,85.0,102211,2758,EE,OC
21760,85.0,102212,3760,EC,SC
21761,85.0,102213,2744,EE,OC
21762,85.0,102217,2673,EE,OC
21763,85.0,102218,1123,CS,BCM
21764,85.0,102220,1207,ME,OC
21765,85.0,102221,3843,CS,SC
21766,85.0,102222,4964,AE,BC
21767,85.0,102224,3825,CS,BC
21768,85.0,102225,3806,EC,SC
21769,85.0,102226,4955,EC,MBC
21770,85.0,102229,4669,CE,OC
21771,85.0,102230,1442,CS,BC
21772,85.0,102232,3425,CE,MBC
21773,85.0,102233,4994,CS,SC
21774,85.0,102235,2653,ME,BC
21775,85.0,102236,3804,BM,MBC
21776,85.0,102237,1501,EE,OC
21777,85.0,102238,3843,ME,OC
21778,85.0,102241,2632,EC,OC
21779,85.0,102242,5,IT,MBC
21780,85.0,102243,2744,CS,BC
21781,85.0,102244,5536,EC,BC
21782,85.0,102245,2610,EE,MBC
21783,85.0,102246,3011,XC,BC
21784,85.0,102248,2646,CS,SC
21785,85.0,102249,2752,CS,BC
21786,85.0,102253,2713,CS,BC
21787,85.0,102254,2609,IT,MBC
21788,85.0,102255,2357,CS,SC
21789,85.0,102256,2707,CS,SC
21790,85.0,102257,2632,CS,BC
21791,85.0,102258,1207,IT,BC
21792,85.0,102259,2776,CS,BC
21793,85.0,102260,2755,CS,BCM
21794,85.0,102261,1202,CS,SC
21795,85.0,102262,2651,ME,OC
21796,85.0,102263,2360,ME,OC
21797,85.0,102264,1212,CS,OC
21798,85.0,102265,4965,EC,MBC
21799,85.0,102266,1501,CE,OC
21800,85.0,102267,1516,EE,SCA
21801,85.0,102268,3841,CE,BC
21802,85.0,102269,5910,EC,SCA
21803,85.0,102270,2357,EE,SC
21804,85.0,102271,2776,AG,BC
21805,85.0,102272,2716,MD,OC
21806,85.0,102273,2630,EC,BC
21807,85.0,102274,2329,BM,BC
21808,85.0,102275,4934,ME,OC
21809,85.0,102281,2707,CS,SC
21810,85.0,102283,3812,CS,BCM
21811,85.0,102285,1110,EC,BC
21812,85.0,102286,2625,EE,OC
21813,85.0,102292,4992,EC,OC
21814,85.0,102293,2601,EC,MBC
21815,85.0,102295,3820,EC,OC
21816,85.0,102296,5536,AG,MBC
21817,85.0,102297,2612,CS,SC
21818,85.0,102299,4677,CS,OC
21819,85.0,102302,1322,IT,MBC
21820,85.0,102305,1228,CS,OC
21821,85.0,102307,2354,CS,BC
21822,85.0,102310,2707,CE,OC
21823,85.0,102311,1106,CS,BC
21824,85.0,102312,3805,EC,BC
21825,85.0,102316,2707,CE,OC
21826,85.0,102317,5832,CS,SC
21827,85.0,102318,2632,CS,BC
21828,85.0,102319,1150,FD,OC
21829,85.0,102320,4993,EC,OC
21830,85.0,102321,3806,CB,SC
21831,85.0,102323,3820,CS,OC
21832,85.0,102324,2740,EC,BC
21833,85.0,102325,3855,EE,OC
21834,85.0,102327,2617,EE,OC
21835,85.0,102328,1207,CS,SC
21836,85.0,102330,2347,CE,OC
21837,85.0,102331,1519,CS,MBC
21838,85.0,102333,1504,IT,MBC
21839,85.0,102334,4927,CS,OC
21840,85.0,102336,2621,EC,OC
21841,85.0,102337,1441,EC,OC
21842,85.0,102338,4917,CE,MBC
21843,85.0,102339,2707,EE,BC
21844,85.0,102340,4969,CS,BC
21845,85.0,102341,1525,CS,OC
21846,85.0,102342,2636,ME,OC
21847,85.0,102343,3464,CE,BC
21848,85.0,102344,4993,ME,OC
21849,85.0,102345,3807,ME,OC
21850,85.0,102346,3766,CS,MBC
21851,85.0,102348,4993,CS,BC
21852,85.0,102349,5017,ME,OC
21853,85.0,102351,1520,IT,BC
21854,85.0,102353,2715,CS,SC
21855,85.0,102354,2367,CS,OC
21856,85.0,102357,2710,CE,MBC
21857,85.0,102358,3829,EE,OC
21858,85.0,102359,1127,BT,MBC
21859,85.0,102360,5009,CE,MBC
21860,85.0,102361,4964,CS,BC
21861,85.0,102365,2715,EC,MBC
21862,85.0,102366,3831,EC,OC
21863,85.0,102367,1225,IT,MBC
21864,85.0,102368,2609,ME,MBC
21865,85.0,102370,4669,ME,BC
21866,85.0,102371,4672,CS,BC
21867,85.0,102372,3814,CS,BC
21868,85.0,102373,4675,CS,BC
21869,85.0,102374,5022,EE,OC
21870,85.0,102376,2634,BM,SC
21871,85.0,102377,5832,CS,SC
21872,85.0,102378,3807,ME,OC
21873,85.0,102379,5536,CS,BC
21874,85.0,102380,2618,FT,BC
21875,85.0,102381,3848,ME,OC
21876,85.0,102382,1110,AD,BC
21877,85.0,102383,1316,MU,SC
21878,85.0,102384,1306,EE,OC
21879,85.0,102385,2608,CE,MBC
21880,85.0,102389,1207,IT,SC
21881,85.0,102390,2369,CE,SC
21882,85.0,102391,3817,CS,BC
21883,85.0,102392,4994,EE,OC
21884,85.0,102393,2609,CY,MBC
21885,85.0,102397,2725,EC,MBC
21886,85.0,102399,3456,CS,MBC
21887,85.0,102400,3760,CS,MBC
21888,85.0,102401,3859,EE,OC
21889,85.0,102402,2609,EC,BC
21890,85.0,102405,1408,EC,OC
21891,85.0,102406,2763,MZ,OC
21892,85.0,102407,4917,EC,MBC
21893,85.0,102408,2620,TS,SC
21894,85.0,102409,2632,CS,BC
21895,85.0,102414,1509,IT,SC
21896,85.0,102416,2708,CE,BC
21897,85.0,102417,2718,ME,SC
21898,85.0,102418,1518,AE,OC
21899,85.0,102419,3905,EE,BC
21900,85.0,102420,2369,CE,SC
21901,85.0,102421,2620,TS,SC
21902,85.0,102426,1301,CE,SC
21903,85.0,102430,2735,ME,BCM
21904,85.0,102431,2657,SF,OC
21905,85.0,102432,5533,ME,OC
21906,85.0,102433,1304,ME,BC
21907,85.0,102435,3831,CS,BC
21908,85.0,102436,2356,CS,OC
21909,85.0,102437,1519,EC,OC
21910,85.0,102438,1207,IT,BC
21911,85.0,102439,2716,ME,OC
21912,85.0,102440,4993,CS,BC
21913,85.0,102441,4675,ME,OC
21914,85.0,102443,3813,CS,MBC
21915,85.0,102444,2614,TX,MBC
21916,85.0,102448,1116,ME,OC
21917,85.0,102449,2640,CS,MBC
21918,85.0,102451,2632,CS,MBC
21919,85.0,102452,2625,CH,OC
21920,85.0,102454,3786,EC,OC
21921,85.0,102455,2753,AG,OC
21922,85.0,102456,2346,ME,OC
21923,85.0,102458,1444,CS,OC
21924,85.0,102459,3812,ME,OC
21925,85.0,102460,2726,MZ,SC
21926,85.0,102461,5913,EC,OC
21927,85.0,102464,4964,EC,OC
21928,85.0,102466,4996,EE,OC
21929,85.0,102467,3811,EC,OC
21930,85.0,102471,2721,CS,SC
21931,85.0,102473,1123,CS,SC
21932,85.0,102474,2603,EC,SCA
21933,85.0,102475,3805,EE,OC
21934,85.0,102476,4023,IT,MBC
21935,85.0,102478,2607,ME,OC
21936,85.0,102479,2758,ME,OC
21937,85.0,102481,3829,EE,OC
21938,85.0,102482,5530,CE,OC
21939,85.0,102483,3841,CS,BC
21940,85.0,102484,1238,BM,SC
21941,85.0,102487,2743,ME,OC
21942,85.0,102488,2314,ME,OC
21943,85.0,102489,2628,BM,BC
21944,85.0,102490,2650,ME,OC
21945,85.0,102491,1243,CS,OC
21946,85.0,102492,2758,IT,OC
21947,85.0,102493,2636,CS,BC
21948,85.0,102495,2743,FD,OC
21949,85.0,102497,2636,EC,MBC
21950,85.0,102498,2707,CE,OC
21951,85.0,102499,2640,EC,OC
21952,85.0,102501,1518,CS,OC
21953,85.0,102504,2327,CS,BC
21954,85.0,102506,3464,CE,MBC
21955,85.0,102507,4917,CS,MBC
21956,85.0,102509,1306,IT,SC
21957,85.0,102510,1523,IT,MBC
21958,85.0,102511,2634,CE,OC
21959,85.0,102513,3804,AG,MBC
21960,85.0,102515,4984,EE,OC
21961,85.0,102517,2601,EC,MBC
21962,85.0,102519,1310,AD,BC
21963,85.0,102520,4957,IT,SC
21964,85.0,102521,2341,BM,OC
21965,85.0,102522,2755,FD,BCM
21966,85.0,102523,4957,CS,MBC
21967,85.0,102525,2721,EC,OC
21968,85.0,102526,4931,ME,BC
21969,85.0,102527,3458,AG,SCA
21970,85.0,102529,5009,CE,MBC
21971,85.0,102532,3804,CS,MBC
21972,85.0,102534,2611,AG,MBC
21973,85.0,102535,1523,IT,MBC
21974,85.0,102536,2601,ME,OC
21975,85.0,102537,3829,IT,SCA
21976,85.0,102538,2609,EE,OC
21977,85.0,102539,3848,CS,OC
21978,85.0,102540,2727,EC,BC
21979,85.0,102541,2753,CS,SCA
21980,85.0,102542,2345,EE,MBC
21981,85.0,102543,3844,EE,OC
21982,85.0,102544,4975,CS,BC
21983,85.0,102545,2707,EC,BC
21984,85.0,102546,3760,CS,BC
21985,85.0,102548,1303,IT,MBC
21986,85.0,102549,4955,EE,BC
21987,85.0,102550,4994,EE,OC
21988,85.0,102552,1238,ME,OC
21989,85.0,102554,1140,EC,BC
21990,85.0,102555,4931,CS,BC
21991,85.0,102556,5022,EE,OC
21992,85.0,102558,4024,EE,SC
21993,85.0,102559,3459,CS,SC
21994,85.0,102560,1015,EE,MBC
21995,85.0,102562,4993,BM,BC
21996,85.0,102563,1441,CS,MBC
21997,85.0,102564,4675,CS,SC
21998,85.0,102567,4931,EC,BC
21999,85.0,102570,4676,EE,SC
22000,85.0,102571,4941,ME,OC
22001,85.0,102574,1106,EI,OC
22002,85.0,102576,4928,CE,OC
22003,85.0,102577,4984,CS,BC
22004,85.0,102579,4864,ME,OC
22005,85.0,102580,1519,EC,OC
22006,85.0,102582,4960,ME,SC
22007,85.0,102583,3805,EE,OC
22008,85.0,102584,3807,ME,OC
22009,85.0,102586,3760,ME,OC
22010,85.0,102588,2621,EE,OC
22011,85.0,102590,1303,BT,BC
22012,85.0,102591,3811,CE,OC
22013,85.0,102593,2735,EE,SC
22014,85.0,102594,3410,CS,SC
22015,85.0,102596,1505,EC,OC
22016,85.0,102597,2752,IT,BC
22017,85.0,102598,2776,CS,BC
22018,85.0,102599,1401,CS,BC
22019,85.0,102600,3804,AG,MBC
22020,85.0,102601,1110,IT,MBC
22021,85.0,102602,2609,PH,BC
22022,85.0,102603,5,ME,SC
22023,85.0,102604,5022,EC,BC
22024,85.0,102605,3843,EC,SC
22025,85.0,102606,4957,IT,BC
22026,85.0,102607,2623,BM,SC
22027,85.0,102608,3918,ME,OC
22028,85.0,102609,1210,ME,OC
22029,85.0,102611,3806,CS,MBC
22030,85.0,102612,3806,ME,MBC
22031,85.0,102613,2646,CS,BC
22032,85.0,102615,4957,CS,BC
22033,85.0,102617,4670,CE,SC
22034,85.0,102618,2338,EC,OC
22035,85.0,102619,4955,EE,BC
22036,85.0,102620,2704,ME,OC
22037,85.0,102622,2620,EC,MBC
22038,85.0,102623,3850,CS,OC
22039,85.0,102624,2620,TS,MBC
22040,85.0,102627,4999,ME,OC
22041,85.0,102628,1201,CS,OC
22042,85.0,102629,2613,EE,BC
22043,85.0,102631,2611,MD,OC
22044,85.0,102634,3701,ME,OC
22045,85.0,102635,1441,EE,OC
22046,85.0,102636,5530,EE,OC
22047,85.0,102637,1122,IT,SCA
22048,85.0,102639,3843,CE,OC
22049,85.0,102640,4943,EC,OC
22050,85.0,102642,2707,EC,BC
22051,85.0,102644,4917,CB,MBC
22052,85.0,102645,2721,CS,SC
22053,85.0,102647,4670,ME,BC
22054,85.0,102648,4978,CS,OC
22055,85.0,102650,1238,BM,SC
22056,85.0,102651,1413,CS,BCM
22057,85.0,102652,2751,EC,BC
22058,85.0,102653,4966,ME,OC
22059,85.0,102654,2758,CS,MBC
22060,85.0,102657,2624,CS,BC
22061,85.0,102658,3811,CS,BC
22062,85.0,102659,2341,EC,OC
22063,85.0,102660,4675,EC,OC
22064,85.0,102661,3848,CS,OC
22065,85.0,102662,2755,AG,BC
22066,85.0,102663,1413,EC,SC
22067,85.0,102664,3806,CB,BCM
22068,85.0,102665,4929,CS,OC
22069,85.0,102666,2628,CS,OC
22070,85.0,102667,3803,CH,OC
22071,85.0,102668,1221,CS,OC
22072,85.0,102670,2726,EC,BC
22073,85.0,102671,4672,CE,OC
22074,85.0,102672,3843,ME,OC
22075,85.0,102673,2611,IT,SC
22076,85.0,102674,2707,EC,BC
22077,85.0,102675,1207,IT,BC
22078,85.0,102680,2621,EE,OC
22079,85.0,102683,1202,CS,BC
22080,85.0,102684,4670,ME,BC
22081,85.0,102685,2345,CS,BC
22082,85.0,102686,3462,CS,OC
22083,85.0,102687,2634,AD,OC
22084,85.0,102690,2639,ME,OC
22085,85.0,102691,1202,ME,OC
22086,85.0,102692,2341,BM,OC
22087,85.0,102692,1420,CS,BCM
22088,85.0,102693,2632,CS,SC
22089,85.0,102695,4672,EE,BC
22090,85.0,102696,3843,ME,OC
22091,85.0,102697,2611,AG,SC
22092,85.0,102698,3843,EE,SC
22093,85.0,102699,3806,CS,MBC
22094,85.0,102701,2707,ME,OC
22095,85.0,102702,2666,BM,OC
22096,85.0,102706,2625,AG,BC
22097,85.0,102707,4953,CS,BC
22098,85.0,102709,3805,CE,OC
22099,85.0,102714,4998,ME,OC
22100,85.0,102717,1426,ME,OC
22101,85.0,102722,4917,ME,MBC
22102,85.0,102723,3849,ME,OC
22103,85.0,102727,4981,CE,OC
22104,85.0,102730,1402,CS,OC
22105,85.0,102733,3830,EC,MBC
22106,85.0,102735,2611,AG,MBC
22107,84.8,102738,5930,CS,SC
22108,84.5,102740,4955,ME,MBC
22109,84.5,102741,4953,CS,BC
22110,84.5,102742,2758,EC,OC
22111,84.5,102744,4670,CE,BC
22112,84.5,102745,4672,CS,MBC
22113,84.5,102747,4933,EC,OC
22114,84.5,102748,3826,ME,BC
22115,84.5,102749,4957,CS,SC
22116,84.5,102750,2634,CS,SC
22117,84.5,102751,4959,ME,OC
22118,84.5,102752,4999,CS,OC
22119,84.5,102758,2747,CS,MBC
22120,84.5,102759,4998,EC,OC
22121,84.5,102760,2683,EE,OC
22122,84.5,102762,1207,IT,SC
22123,84.5,102763,5915,EC,BC
22124,84.5,102764,2612,CS,SCA
22125,84.5,102765,2613,EC,MBC
22126,84.5,102766,4994,CE,OC
22127,84.5,102767,2611,EE,SC
22128,84.5,102770,1431,IT,MBC
22129,84.5,102772,2657,CS,SCA
22130,84.5,102773,4953,CS,BC
22131,84.5,102774,2620,EE,BC
22132,84.5,102775,2627,ME,OC
22133,84.5,102777,3810,EI,BCM
22134,84.5,102778,2716,IT,MBC
22135,84.5,102779,2723,IT,MBC
22136,84.5,102780,4994,CE,OC
22137,84.5,102781,3918,CE,OC
22138,84.5,102782,1202,IT,BC
22139,84.5,102783,2643,CS,MBC
22140,84.5,102784,2643,CS,SC
22141,84.5,102785,4980,CS,SC
22142,84.5,102786,3804,CS,MBC
22143,84.5,102788,1325,CS,SC
22144,84.5,102791,4676,CE,OC
22145,84.5,102792,2610,RM,OC
22146,84.5,102793,1110,ME,OC
22147,84.5,102794,1114,CS,SC
22148,84.5,102795,2743,ME,OC
22149,84.5,102796,3410,EE,BCM
22150,84.5,102798,2657,CS,SC
22151,84.5,102799,1303,CS,BC
22152,84.5,102800,2639,EC,BC
22153,84.5,102801,2342,ME,OC
22154,84.5,102803,4864,CE,OC
22155,84.5,102804,1311,FT,SC
22156,84.5,102805,5536,EC,MBC
22157,84.5,102811,2610,ME,OC
22158,84.5,102812,4020,ME,SC
22159,84.5,102813,5912,CS,BC
22160,84.5,102816,3845,CS,MBC
22161,84.5,102817,3016,CS,SC
22162,84.5,102819,3810,CS,SC
22163,84.5,102820,4670,EC,MBC
22164,84.5,102821,3804,ME,OC
22165,84.5,102823,1110,ME,OC
22166,84.5,102825,3805,ME,OC
22167,84.5,102826,5536,AG,SC
22168,84.5,102827,2763,EC,BC
22169,84.5,102828,2734,TS,MBC
22170,84.5,102829,1510,EC,OC
22171,84.5,102830,4669,CE,OC
22172,84.5,102831,2743,BM,MBC
22173,84.5,102832,3459,CS,BC
22174,84.5,102833,2734,CS,SC
22175,84.5,102834,4976,CS,OC
22176,84.5,102835,2643,CS,BC
22177,84.5,102836,4981,EE,BC
22178,84.5,102837,1243,CS,OC
22179,84.5,102839,2776,CS,SCA
22180,84.5,102840,2609,EE,OC
22181,84.5,102841,3905,EC,BC
22182,84.5,102842,2345,ME,OC
22183,84.5,102845,5915,CS,BCM
22184,84.5,102846,2729,AD,SC
22185,84.5,102850,2624,CS,SC
22186,84.5,102851,3806,EC,SC
22187,84.5,102852,1316,CS,MBC
22188,84.5,102853,4965,EC,BC
22189,84.5,102854,2627,BT,BC
22190,84.5,102856,2338,ME,OC
22191,84.5,102857,3805,EE,OC
22192,84.5,102858,3813,EE,OC
22193,84.5,102859,5904,ME,OC
22194,84.5,102860,3410,ME,OC
22195,84.5,102861,4957,EC,OC
22196,84.5,102863,2611,AG,SC
22197,84.5,102864,2622,ME,BC
22198,84.5,102866,2650,ME,OC
22199,84.5,102867,1207,BM,BC
22200,84.5,102868,2707,AG,SCA
22201,84.5,102870,5988,EC,OC
22202,84.5,102871,1303,IT,MBC
22203,84.5,102872,2628,BM,SC
22204,84.5,102873,3806,EE,MBC
22205,84.5,102874,1126,EC,OC
22206,84.5,102875,3825,ME,OC
22207,84.5,102876,1210,EI,MBC
22208,84.5,102877,5902,CE,OC
22209,84.5,102878,2769,BC,OC
22210,84.5,102879,2620,TS,MBC
22211,84.5,102880,2632,CS,MBC
22212,84.5,102881,2357,IT,SC
22213,84.5,102882,4999,AD,OC
22214,84.5,102883,2659,CS,BC
22215,84.5,102884,2627,EC,OC
22216,84.5,102885,2342,CS,MBC
22217,84.5,102886,1518,CS,OC
22218,84.5,102888,2646,ME,OC
22219,84.5,102890,2347,ME,OC
22220,84.5,102891,2611,FD,SC
22221,84.5,102892,2347,EE,OC
22222,84.5,102895,2627,EC,OC
22223,84.5,102896,2716,CS,MBC
22224,84.5,102897,4993,BM,MBC
22225,84.5,102899,4669,EE,SC
22226,84.5,102900,2640,CS,SC
22227,84.5,102902,3811,EC,OC
22228,84.5,102904,3425,CE,SC
22229,84.5,102905,2611,EE,MBC
22230,84.5,102907,3843,ME,OC
22231,84.5,102907,2722,ME,BC
22232,84.5,102908,2302,CS,BC
22233,84.5,102910,2731,EE,OC
22234,84.5,102914,2642,IT,MBC
22235,84.5,102915,2634,BM,SC
22236,84.5,102916,2628,CS,OC
22237,84.5,102917,2347,CS,BC
22238,84.5,102918,3845,EC,OC
22239,84.5,102919,2356,CS,OC
22240,84.5,102920,1408,CS,MBC
22241,84.5,102921,3795,EC,MBC
22242,84.5,102922,5,BD,BC
22243,84.5,102924,2629,IT,MBC
22244,84.5,102925,4968,CS,OC
22245,84.5,102926,2735,IT,BCM
22246,84.5,102927,4964,ME,SC
22247,84.5,102928,3806,EC,BC
22248,84.5,102929,2729,AE,SC
22249,84.5,102930,3806,CB,SC
22250,84.5,102934,1015,EC,SC
22251,84.5,102935,1523,CS,BC
22252,84.5,102936,3805,CS,SC
22253,84.5,102937,3459,CS,BCM
22254,84.5,102938,1401,CE,OC
22255,84.5,102940,2661,IT,SCA
22256,84.5,102941,2621,EC,OC
22257,84.5,102942,1303,EC,OC
22258,84.5,102943,3456,CS,MBC
22259,84.5,102945,1512,CS,OC
22260,84.5,102946,5910,BM,SC
22261,84.5,102947,2367,CS,OC
22262,84.5,102948,2622,CS,MBC
22263,84.5,102950,4670,EE,BC
22264,84.5,102951,2625,EE,OC
22265,84.5,102952,4677,ME,OC
22266,84.5,102953,1126,RM,SC
22267,84.5,102956,3458,BT,SCA
22268,84.5,102957,4992,EC,OC
22269,84.5,102958,3806,EC,SC
22270,84.5,102959,2648,EE,OC
22271,84.5,102960,3821,EE,OC
22272,84.5,102961,1127,CS,OC
22273,84.5,102962,2721,EC,OC
22274,84.5,102963,2627,EE,OC
22275,84.5,102965,2642,IT,MBC
22276,84.5,102968,2612,CS,BCM
22277,84.5,102969,1311,FT,BC
22278,84.5,102970,2636,ME,OC
22279,84.5,102971,2606,EE,OC
22280,84.5,102972,2737,IT,OC
22281,84.5,102973,3805,FD,SC
22282,84.5,102976,1216,EE,BC
22283,84.5,102977,2639,CS,SC
22284,84.5,102979,3829,IT,BC
22285,84.5,102980,3855,EE,OC
22286,84.5,102981,4672,EE,MBC
22287,84.5,102982,5532,EC,BC
22288,84.5,102983,1324,CO,SC
22289,84.5,102984,2609,CY,BC
22290,84.5,102986,4917,CH,BC
22291,84.5,102987,2342,ME,OC
22292,84.5,102988,1013,ME,SC
22293,84.5,102989,2634,FD,SC
22294,84.5,102991,3760,CS,BC
22295,84.5,102992,3811,CE,OC
22296,84.5,102994,2659,CS,BC
22297,84.5,102996,5530,ME,OC
22298,84.5,102997,3806,CB,BC
22299,84.5,102998,2611,AE,OC
22300,84.5,102999,3819,EE,BC
22301,84.5,103002,2713,IT,BC
22302,84.5,103004,3855,EE,OC
22303,84.5,103006,2752,CS,BC
22304,84.5,103007,2640,CS,MBC
22305,84.5,103009,4675,CE,OC
22306,84.5,103010,2632,EC,OC
22307,84.5,103012,2715,ME,OC
22308,84.5,103015,2705,CS,SC
22309,84.5,103017,3843,EC,MBC
22310,84.5,103018,3804,AG,BC
22311,84.5,103019,3843,EC,MBC
22312,84.5,103021,2630,CS,MBC
22313,84.5,103022,3801,ME,OC
22314,84.5,103023,1123,EE,OC
22315,84.5,103024,5915,EC,BC
22316,84.5,103025,3815,CS,OC
22317,84.5,103026,1202,CS,BCM
22318,84.5,103027,2740,AE,SC
22319,84.5,103028,2743,CS,MBC
22320,84.5,103029,2638,IT,OC
22321,84.5,103031,2639,IT,BC
22322,84.5,103032,5935,CS,BC
22323,84.5,103033,2707,EC,SC
22324,84.5,103034,5532,EE,BC
22325,84.5,103038,1507,IT,SC
22326,84.5,103039,2628,BM,SCA
22327,84.5,103040,2609,CH,MBC
22328,84.5,103041,1303,BT,MBC
22329,84.5,103042,4957,ME,OC
22330,84.5,103043,3804,BM,BC
22331,84.5,103044,1421,ME,OC
22332,84.5,103045,2627,EE,OC
22333,84.5,103046,3905,EC,SC
22334,84.5,103047,1431,CS,SC
22335,84.5,103048,3908,CS,BC
22336,84.5,103049,1512,IT,OC
22337,84.5,103050,2601,EC,MBC
22338,84.5,103051,4957,EC,OC
22339,84.5,103052,4981,EE,BC
22340,84.5,103055,3760,EC,SC
22341,84.5,103056,2735,EE,BC
22342,84.5,103060,2758,EE,OC
22343,84.5,103064,2601,EC,BC
22344,84.5,103065,2653,CB,MBC
22345,84.5,103066,1013,EC,SC
22346,84.5,103067,2636,CS,MBC
22347,84.5,103069,2347,ME,OC
22348,84.5,103070,2346,CS,OC
22349,84.5,103071,1421,ME,OC
22350,84.5,103072,2601,ME,OC
22351,84.5,103073,3831,CS,MBC
22352,84.5,103074,3855,ME,OC
22353,84.5,103076,4928,EC,OC
22354,84.5,103077,1243,EC,OC
22355,84.5,103078,1243,CS,OC
22356,84.5,103079,1413,AD,BC
22357,84.5,103080,2347,ME,OC
22358,84.5,103083,4864,EE,OC
22359,84.5,103084,2650,CS,BC
22360,84.5,103085,1322,BM,BC
22361,84.5,103086,2342,EC,SC
22362,84.5,103087,2609,IT,BC
22363,84.5,103088,1421,ME,OC
22364,84.5,103089,4994,EE,OC
22365,84.5,103091,3826,ME,SCA
22366,84.5,103095,4931,CE,OC
22367,84.5,103096,2647,EE,OC
22368,84.5,103097,2327,EE,OC
22369,84.5,103099,4933,EE,OC
22370,84.5,103100,2611,FD,MBC
22371,84.5,103102,3918,CS,BC
22372,84.5,103103,2601,ME,OC
22373,84.5,103104,2736,ME,BC
22374,84.5,103105,3860,CS,SC
22375,84.5,103107,5915,CS,SC
22376,84.5,103108,1445,CS,OC
22377,84.5,103109,2638,EC,OC
22378,84.5,103110,2740,PH,BC
22379,84.5,103111,2608,ME,MBC
22380,84.5,103112,2613,ME,OC
22381,84.5,103113,1322,IT,SC
22382,84.5,103115,3811,EC,OC
22383,84.5,103116,5832,CE,OC
22384,84.5,103117,1221,CS,OC
22385,84.5,103118,3905,EE,MBC
22386,84.5,103121,3926,ME,OC
22387,84.5,103122,1207,CS,SC
22388,84.5,103123,2601,CH,BC
22389,84.5,103124,1202,CS,BC
22390,84.5,103125,4994,EE,OC
22391,84.5,103127,3807,EE,OC
22392,84.5,103128,2734,EC,OC
22393,84.5,103129,1202,EC,OC
22394,84.5,103130,4996,ME,OC
22395,84.5,103136,4964,ME,SC
22396,84.5,103137,1519,CS,SC
22397,84.5,103138,3805,ME,OC
22398,84.5,103140,2610,BM,BC
22399,84.5,103142,2635,ME,OC
22400,84.5,103143,2625,BM,MBC
22401,84.5,103144,1421,CS,SC
22402,84.5,103146,1140,ME,OC
22403,84.5,103149,4989,CS,OC
22404,84.5,103153,3857,EC,OC
22405,84.5,103155,4669,ME,BC
22406,84.5,103156,1303,CS,SC
22407,84.5,103157,2632,ME,OC
22408,84.5,103159,1123,AE,OC
22409,84.5,103160,4959,EE,BC
22410,84.5,103161,5530,ME,OC
22411,84.5,103163,4670,ME,BC
22412,84.5,103164,3846,CS,OC
22413,84.5,103165,4974,ME,SCA
22414,84.5,103167,2329,ME,BC
22415,84.5,103168,2620,IT,SC
22416,84.5,103170,4978,AE,OC
22417,84.5,103171,4970,CS,BC
22418,84.5,103172,4957,ME,OC
22419,84.5,103173,2651,FT,SC
22420,84.5,103174,1238,EC,BC
22421,84.5,103175,2683,AG,SC
22422,84.5,103176,3806,EE,MBC
22423,84.5,103178,2716,MD,OC
22424,84.5,103179,2639,EE,MBC
22425,84.5,103180,4964,AE,SC
22426,84.5,103181,2629,IT,BC
22427,84.5,103182,2357,CS,SCA
22428,84.5,103183,4994,ME,OC
22429,84.5,103184,2673,CS,BC
22430,84.5,103185,4953,ME,BC
22431,84.5,103189,1118,AD,SCA
22432,84.5,103191,2360,CS,BC
22433,84.5,103192,4966,CS,BC
22434,84.5,103193,2613,ME,OC
22435,84.5,103194,1426,CS,OC
22436,84.5,103196,4943,EC,OC
22437,84.5,103200,2683,CS,OC
22438,84.5,103201,2640,CS,SC
22439,84.5,103202,1110,EC,MBC
22440,84.5,103203,3908,CS,MBC
22441,84.5,103204,2708,CE,BC
22442,84.5,103205,4980,EC,OC
22443,84.5,103206,3806,CE,OC
22444,84.5,103207,1116,CS,SC
22445,84.5,103208,3822,CS,OC
22446,84.5,103210,2638,EE,OC
22447,84.5,103211,3425,ME,BCM
22448,84.5,103212,4994,EC,OC
22449,84.5,103214,4975,CE,OC
22450,84.5,103215,1202,IT,BC
22451,84.5,103217,2740,EC,SCA
22452,84.5,103218,1116,CS,BC
22453,84.5,103219,2744,CS,SC
22454,84.5,103220,4998,EC,OC
22455,84.5,103222,2715,ME,OC
22456,84.5,103225,5536,EE,OC
22457,84.5,103226,5915,ME,OC
22458,84.5,103228,2627,BT,BC
22459,84.5,103229,2729,CS,SC
22460,84.5,103231,1202,IT,SC
22461,84.5,103232,1126,CS,SC
22462,84.5,103233,2367,MZ,OC
22463,84.5,103234,1413,AD,SC
22464,84.5,103235,2624,CS,SC
22465,84.5,103236,2747,EC,MBC
22466,84.5,103238,3011,ME,BCM
22467,84.5,103239,3461,ME,OC
22468,84.5,103240,4917,CH,BC
22469,84.5,103242,3860,CS,MBC
22470,84.5,103243,1322,BM,MBC
22471,84.5,103244,5912,ME,OC
22472,84.5,103246,3819,ME,SC
22473,84.5,103247,2642,CE,OC
22474,84.5,103249,2622,ME,SC
22475,84.5,103250,3805,ME,OC
22476,84.5,103251,5915,CE,OC
22477,84.5,103254,5832,EC,OC
22478,84.5,103255,4970,EE,OC
22479,84.5,103256,3826,ME,MBC
22480,84.5,103257,1150,BM,OC
22481,84.5,103261,2719,CE,SCA
22482,84.5,103264,2736,CE,OC
22483,84.5,103265,1310,IT,BC
22484,84.5,103266,4928,ME,OC
22485,84.5,103267,2763,EC,SC
22486,84.5,103268,2633,CS,OC
22487,84.5,103270,2639,IT,MBC
22488,84.5,103271,1126,EC,SC
22489,84.5,103272,4669,CS,BC
22490,84.5,103273,4952,ME,OC
22491,84.5,103274,4999,CS,OC
22492,84.5,103275,5865,CS,MBC
22493,84.5,103276,1126,EC,SC
22494,84.5,103277,4864,ME,OC
22495,84.5,103278,2638,EE,OC
22496,84.5,103279,2633,CS,OC
22497,84.5,103282,2624,PH,OC
22498,84.5,103283,2610,ME,MBC
22499,84.5,103287,2346,CS,OC
22500,84.5,103288,1207,IT,SC
22501,84.5,103289,2342,CE,OC
22502,84.5,103290,3806,CB,BC
22503,84.5,103291,2659,ME,OC
22504,84.5,103292,3918,CS,MBC
22505,84.5,103293,3805,RM,OC
22506,84.5,103294,1430,EC,OC
22507,84.5,103295,3459,EC,OC
22508,84.5,103296,2651,CS,SC
22509,84.5,103297,4949,CE,OC
22510,84.2,103299,2748,ME,OC
22511,84.2,103300,2729,AE,SC
22512,84.0,103301,4981,ME,SC
22513,84.0,103303,5904,EE,BC
22514,84.0,103304,5536,ME,OC
22515,84.0,103305,1115,EC,OC
22516,84.0,103306,2659,EE,SC
22517,84.0,103307,2747,ME,OC
22518,84.0,103308,3410,CS,BC
22519,84.0,103309,1226,CS,SC
22520,84.0,103310,1426,CS,OC
22521,84.0,103311,2744,CS,BC
22522,84.0,103313,5,ME,BC
22523,84.0,103315,1420,CS,BC
22524,84.0,103316,5913,CS,OC
22525,84.0,103317,2752,IT,SC
22526,84.0,103318,1301,ME,BCM
22527,84.0,103319,1505,CS,MBC
22528,84.0,103322,2744,CS,BC
22529,84.0,103323,2752,CS,MBC
22530,84.0,103324,1140,ME,OC
22531,84.0,103326,2702,EC,SC
22532,84.0,103327,2707,CH,BC
22533,84.0,103329,3805,EC,BC
22534,84.0,103330,2642,IT,MBC
22535,84.0,103331,1126,CS,SC
22536,84.0,103332,2608,ME,BC
22537,84.0,103333,2611,AE,OC
22538,84.0,103334,2646,EE,MBC
22539,84.0,103336,4969,CS,BC
22540,84.0,103338,1431,IT,BCM
22541,84.0,103339,3760,ME,OC
22542,84.0,103342,2767,CS,SC
22543,84.0,103343,2710,EE,MBC
22544,84.0,103345,3825,CS,BC
22545,84.0,103346,1421,ME,OC
22546,84.0,103347,2642,IT,BCM
22547,84.0,103348,1408,EC,OC
22548,84.0,103351,5703,CS,BC
22549,84.0,103352,2328,IT,SC
22550,84.0,103353,1322,CS,SC
22551,84.0,103356,2661,CS,BC
22552,84.0,103357,3803,EC,BCM
22553,84.0,103359,1233,EC,BC
22554,84.0,103360,3766,EC,OC
22555,84.0,103361,3830,EE,SC
22556,84.0,103362,1449,CS,OC
22557,84.0,103363,2715,AG,SC
22558,84.0,103364,5530,EC,BC
22559,84.0,103365,2758,CS,ST
22560,84.0,103368,1228,BM,BC
22561,84.0,103369,2727,IT,MBC
22562,84.0,103370,3456,BM,BC
22563,84.0,103371,3011,AU,SC
22564,84.0,103373,3845,ME,OC
22565,84.0,103374,1322,EE,OC
22566,84.0,103376,1230,CS,SC
22567,84.0,103377,2354,CE,OC
22568,84.0,103379,3810,ME,OC
22569,84.0,103380,2610,BT,BC
22570,84.0,103381,4970,CS,BCM
22571,84.0,103382,4993,EC,OC
22572,84.0,103383,2345,CS,BC
22573,84.0,103384,1317,ME,MBC
22574,84.0,103385,1303,AD,BC
22575,84.0,103386,2758,IT,OC
22576,84.0,103387,3860,CS,MBC
22577,84.0,103388,2652,EC,MBC
22578,84.0,103391,2715,EE,BC
22579,84.0,103393,1216,AG,SC
22580,84.0,103394,1325,CS,SC
22581,84.0,103395,5,MM,OC
22582,84.0,103396,1434,AE,OC
22583,84.0,103397,1411,CS,OC
22584,84.0,103398,1510,CS,SC
22585,84.0,103405,2750,ME,SC
22586,84.0,103406,1430,CS,OC
22587,84.0,103409,4961,CS,BCM
22588,84.0,103410,2673,CS,SC
22589,84.0,103411,2734,EC,OC
22590,84.0,103413,1207,EC,SC
22591,84.0,103414,2743,CE,OC
22592,84.0,103416,4969,CS,MBC
22593,84.0,103417,2609,IT,BC
22594,84.0,103420,5904,ME,OC
22595,84.0,103422,2653,ME,MBC
22596,84.0,103424,2650,CS,MBC
22597,84.0,103425,5913,CS,OC
22598,84.0,103426,3843,EC,SC
22599,84.0,103427,1322,AG,OC
22600,84.0,103429,2652,CS,BC
22601,84.0,103430,2707,ME,OC
22602,84.0,103431,3806,EC,SC
22603,84.0,103432,2338,BM,SC
22604,84.0,103433,1412,EC,OC
22605,84.0,103435,3456,BM,BC
22606,84.0,103436,2716,ME,OC
22607,84.0,103439,3849,CS,OC
22608,84.0,103442,5533,CS,OC
22609,84.0,103444,2624,AG,SC
22610,84.0,103445,2647,EC,OC
22611,84.0,103446,3806,CB,SC
22612,84.0,103447,2734,ME,OC
22613,84.0,103448,2683,ME,OC
22614,84.0,103449,4969,CE,OC
22615,84.0,103450,1520,CS,MBC
22616,84.0,103452,2338,CS,OC
22617,84.0,103453,1207,CS,SC
22618,84.0,103454,4917,CS,SC
22619,84.0,103455,3905,EC,BCM
22620,84.0,103456,2610,BM,BC
22621,84.0,103457,2715,EC,MBC
22622,84.0,103458,5530,ME,OC
22623,84.0,103459,2707,CE,BC
22624,84.0,103461,5862,BM,SCA
22625,84.0,103462,2673,ME,OC
22626,84.0,103463,2342,CE,OC
22627,84.0,103464,2620,IT,SC
22628,84.0,103465,4917,ME,BC
22629,84.0,103466,1504,EE,MBC
22630,84.0,103467,1518,IT,OC
22631,84.0,103468,4964,AE,BC
22632,84.0,103469,4969,ME,OC
22633,84.0,103470,2713,EE,OC
22634,84.0,103474,2706,ME,BC
22635,84.0,103475,2610,ME,MBC
22636,84.0,103476,5907,CE,OC
22637,84.0,103477,4980,CS,BCM
22638,84.0,103479,2659,EC,MBC
22639,84.0,103481,1015,ME,OC
22640,84.0,103482,4969,ME,OC
22641,84.0,103484,3410,EC,MBC
22642,84.0,103485,3461,ME,SC
22643,84.0,103487,3826,ME,SCA
22644,84.0,103488,3841,CS,SC
22645,84.0,103489,2772,CS,OC
22646,84.0,103490,2661,CE,OC
22647,84.0,103492,2610,BM,BC
22648,84.0,103493,2623,ME,OC
22649,84.0,103494,4670,ME,BC
22650,84.0,103495,3830,ME,BC
22651,84.0,103496,2613,EC,MBC
22652,84.0,103497,5842,IT,OC
22653,84.0,103498,2705,CE,OC
22654,84.0,103499,1202,CS,MBC
22655,84.0,103500,1325,IT,MBC
22656,84.0,103501,4975,CE,OC
22657,84.0,103502,2658,CS,OC
22658,84.0,103504,3458,FD,BC
22659,84.0,103506,3458,AG,MBC
22660,84.0,103507,3459,CS,MBC
22661,84.0,103508,5502,EC,SC
22662,84.0,103509,2653,ME,BC
22663,84.0,103511,3795,EC,MBC
22664,84.0,103514,2657,CS,MBC
22665,84.0,103515,3806,EE,SC
22666,84.0,103516,3849,IT,OC
22667,84.0,103518,4949,ME,OC
22668,84.0,103520,2609,CE,OC
22669,84.0,103521,5703,CS,BC
22670,84.0,103523,2661,CS,SC
22671,84.0,103524,2743,CS,SC
22672,84.0,103525,2639,IT,MBC
22673,84.0,103527,3811,EE,OC
22674,84.0,103528,4917,CE,MBC
22675,84.0,103529,2609,EE,OC
22676,84.0,103530,2638,EE,OC
22677,84.0,103531,3454,CS,MBC
22678,84.0,103532,3018,CS,MBC
22679,84.0,103534,2634,BM,SC
22680,84.0,103536,2715,EC,MBC
22681,84.0,103537,3804,CS,BC
22682,84.0,103539,5930,ME,OC
22683,84.0,103543,3786,EC,OC
22684,84.0,103544,2369,CE,BC
22685,84.0,103545,2642,IT,BCM
22686,84.0,103549,2726,EC,MBC
22687,84.0,103550,2731,EC,OC
22688,84.0,103551,4669,CE,OC
22689,84.0,103553,2601,EC,BC
22690,84.0,103554,1501,IT,BC
22691,84.0,103555,2627,ME,OC
22692,84.0,103556,4992,IT,OC
22693,84.0,103557,1510,CS,BC
22694,84.0,103558,4669,CS,BC
22695,84.0,103559,5530,EC,BCM
22696,84.0,103560,2747,EC,SC
22697,84.0,103561,2369,CE,BC
22698,84.0,103564,3804,CS,MBC
22699,84.0,103565,1430,ME,OC
22700,84.0,103567,2609,IT,SC
22701,84.0,103568,2628,AD,BC
22702,84.0,103569,1518,IT,OC
22703,84.0,103571,3905,EC,BC
22704,84.0,103572,2642,IT,MBC
22705,84.0,103573,3908,CE,OC
22706,84.0,103574,3807,IT,MBC
22707,84.0,103576,5703,ME,OC
22708,84.0,103577,3819,EC,SC
22709,84.0,103578,2349,FD,OC
22710,84.0,103579,3806,ME,BC
22711,84.0,103580,2341,CE,OC
22712,84.0,103581,2342,EE,OC
22713,84.0,103582,1112,CB,SC
22714,84.0,103583,4994,CS,BC
22715,84.0,103584,2722,IC,BC
22716,84.0,103585,3813,ME,OC
22717,84.0,103586,3829,IT,BC
22718,84.0,103588,2623,EC,OC
22719,84.0,103589,3804,CS,MBC
22720,84.0,103592,2609,IT,MBC
22721,84.0,103595,1316,EE,OC
22722,84.0,103597,3854,ME,OC
22723,84.0,103598,4949,CS,OC
22724,84.0,103599,3795,EE,SCA
22725,84.0,103600,1316,ME,MBC
22726,84.0,103601,2338,EC,OC
22727,84.0,103602,1237,EC,BC
22728,84.0,103603,2622,ME,MBC
22729,84.0,103604,2628,BM,MBC
22730,84.0,103606,2634,AG,MBC
22731,84.0,103607,2749,EC,OC
22732,84.0,103610,2624,CH,OC
22733,84.0,103611,4669,CE,OC
22734,84.0,103612,1238,BM,BC
22735,84.0,103613,5930,CS,MBC
22736,84.0,103615,4959,ME,OC
22737,84.0,103616,1441,ME,OC
22738,84.0,103617,2723,ME,SC
22739,84.0,103618,1408,CS,BC
22740,84.0,103619,2349,CS,SC
22741,84.0,103620,2625,CS,OC
22742,84.0,103622,2628,AD,ST
22743,84.0,103623,2715,IT,SC
22744,84.0,103624,1525,ME,OC
22745,84.0,103625,1126,CS,SC
22746,84.0,103626,1202,CS,BC
22747,84.0,103628,2708,EI,MBC
22748,84.0,103629,2622,CS,MBC
22749,84.0,103630,4024,EC,SC
22750,84.0,103631,2342,ME,OC
22751,84.0,103633,3819,EE,MBC
22752,84.0,103634,3813,IT,BC
22753,84.0,103637,3805,CH,OC
22754,84.0,103638,4953,EC,BC
22755,84.0,103639,3806,EC,SC
22756,84.0,103642,4672,CS,SC
22757,84.0,103645,2609,MC,BC
22758,84.0,103646,1207,ME,OC
22759,84.0,103647,2357,CS,MBC
22760,84.0,103648,2634,CS,BC
22761,84.0,103649,1123,EC,OC
22762,84.0,103650,1226,CS,MBC
22763,84.0,103651,2342,EE,OC
22764,84.0,103652,2726,CE,OC
22765,84.0,103657,3813,CS,MBC
22766,84.0,103658,2727,FD,BC
22767,84.0,103659,2642,IT,BC
22768,84.0,103660,2618,MZ,BC
22769,84.0,103662,1014,EC,BC
22770,84.0,103663,4670,EC,SC
22771,84.0,103664,2622,CE,BC
22772,84.0,103666,4675,CS,BC
22773,84.0,103667,4992,CS,BC
22774,84.0,103669,2338,CS,OC
22775,84.0,103670,2713,IT,BC
22776,84.0,103671,4678,ME,BC
22777,84.0,103672,3905,ME,SC
22778,84.0,103675,3826,ME,BCM
22779,84.0,103676,3805,AD,SC
22780,84.0,103677,5832,CE,OC
22781,84.0,103678,2624,EE,OC
22782,84.0,103680,3806,ME,SC
22783,84.0,103681,1114,EC,BC
22784,84.0,103682,2610,RM,OC
22785,84.0,103684,5703,CS,SC
22786,84.0,103686,1126,EC,BC
22787,84.0,103687,2750,ME,SC
22788,84.0,103688,2346,CS,OC
22789,84.0,103689,2314,EC,SC
22790,84.0,103691,2721,AU,OC
22791,84.0,103692,2628,BM,MBC
22792,84.0,103694,2627,ME,OC
22793,84.0,103695,5988,EC,OC
22794,84.0,103698,4972,ME,BC
22795,84.0,103702,2710,ET,SC
22796,84.0,103705,5,BD,BC
22797,84.0,103706,1317,IT,SCA
22798,84.0,103707,3843,CS,SC
22799,84.0,103708,2608,CE,MBC
22800,84.0,103710,3817,EC,OC
22801,84.0,103711,3461,EC,OC
22802,84.0,103712,2708,FD,SC
22803,84.0,103713,3425,CE,SC
22804,84.0,103714,2609,IT,BC
22805,84.0,103715,4978,BT,BC
22806,84.0,103717,1452,ME,OC
22807,84.0,103718,4680,EC,BC
22808,84.0,103720,3905,EE,SC
22809,84.0,103721,2740,PH,BC
22810,84.0,103722,4953,ME,BC
22811,84.0,103723,3466,EC,OC
22812,84.0,103724,2347,CS,BC
22813,84.0,103725,2651,CS,SC
22814,84.0,103727,2622,ME,MBC
22815,84.0,103728,2702,EE,SC
22816,84.0,103729,1504,EC,MBC
22817,84.0,103731,5536,AG,BC
22818,84.0,103733,4998,EC,MBC
22819,84.0,103734,4933,EC,OC
22820,84.0,103735,2710,CE,SC
22821,84.0,103736,4994,ME,OC
22822,84.0,103737,2640,EE,OC
22823,84.0,103740,2650,CE,OC
22824,84.0,103741,4676,EE,SCA
22825,84.0,103742,2606,CS,MBC
22826,84.0,103743,2708,AG,BC
22827,84.0,103744,5703,EC,SC
22828,84.0,103745,4961,EE,OC
22829,84.0,103746,2621,IT,BC
22830,84.0,103747,4933,ME,OC
22831,84.0,103748,4998,EC,BC
22832,84.0,103750,3459,BM,MBC
22833,84.0,103751,2709,CE,SC
22834,84.0,103753,5536,CS,SC
22835,84.0,103755,2769,BC,OC
22836,84.0,103756,2763,EC,BCM
22837,84.0,103757,4964,CS,SC
22838,84.0,103758,1325,IT,MBC
22839,84.0,103759,1501,IT,BC
22840,84.0,103760,1106,AE,OC
22841,84.0,103762,3456,CS,SC
22842,84.0,103763,5,EE,SC
22843,84.0,103764,3454,BM,SC
22844,84.0,103770,3826,EE,SC
22845,84.0,103771,2642,IT,MBC
22846,84.0,103772,5536,ME,OC
22847,84.0,103774,2751,EC,BC
22848,84.0,103775,2640,ME,OC
22849,84.0,103776,2627,EC,SC
22850,84.0,103777,2630,EE,OC
22851,84.0,103778,2753,CS,SC
22852,84.0,103779,3825,ME,OC
22853,84.0,103781,2726,CS,SC
22854,84.0,103782,2629,IT,BC
22855,84.0,103784,1301,CE,SCA
22856,84.0,103785,2614,IT,OC
22857,84.0,103786,2610,EC,MBC
22858,84.0,103787,3425,ME,SC
22859,84.0,103789,1413,AD,BC
22860,84.0,103791,2650,ME,OC
22861,84.0,103792,1212,CS,OC
22862,84.0,103793,2329,ME,MBC
22863,84.0,103795,1518,ME,OC
22864,84.0,103796,1225,EC,BC
22865,84.0,103799,4669,CS,BC
22866,84.0,103800,1316,EC,BC
22867,84.0,103802,1123,AE,OC
22868,84.0,103803,4989,CS,OC
22869,84.0,103804,5915,CS,SC
22870,84.0,103805,3905,EE,BC
22871,84.0,103806,4981,EC,MBC
22872,84.0,103807,1213,EC,OC
22873,84.0,103809,1504,EE,MBC
22874,84.0,103810,3826,ME,MBC
22875,84.0,103812,3831,IT,SC
22876,84.0,103814,4675,ME,OC
22877,84.0,103816,4670,ME,BC
22878,84.0,103818,4672,EC,SC
22879,84.0,103819,3831,IT,SC
22880,84.0,103821,2623,EE,OC
22881,84.0,103822,2740,EC,MBC
22882,84.0,103823,3760,CS,BC
22883,84.0,103824,1207,EC,MBC
22884,84.0,103825,4984,ME,OC
22885,84.0,103826,4023,EE,SC
22886,84.0,103828,4969,CS,SC
22887,84.0,103829,5,EC,BCM
22888,84.0,103830,3459,CS,BC
22889,84.0,103831,4669,CE,BC
22890,84.0,103834,2621,MZ,OC
22891,84.0,103837,2763,CS,MBC
22892,84.0,103839,1110,EC,BC
22893,84.0,103840,4954,EE,BC
22894,84.0,103841,3908,CS,BC
22895,84.0,103842,4962,ME,BC
22896,84.0,103843,2758,IT,OC
22897,84.0,103844,2767,CE,OC
22898,84.0,103845,2329,ME,BC
22899,84.0,103846,1226,CS,MBC
22900,84.0,103847,2346,CS,OC
22901,84.0,103848,2628,BM,MBC
22902,84.0,103850,4672,EE,BC
22903,84.0,103851,3918,CE,OC
22904,84.0,103852,2727,AG,BC
22905,84.0,103853,2607,CS,SC
22906,84.0,103854,1424,ME,OC
22907,84.0,103855,1303,ME,OC
22908,84.0,103856,4917,EE,BC
22909,84.0,103858,2624,CS,SC
22910,84.0,103859,1421,CE,OC
22911,84.0,103861,2621,ME,OC
22912,84.0,103862,4980,CS,BC
22913,84.0,103865,3918,EE,OC
22914,84.0,103866,2636,EC,BC
22915,84.0,103868,4917,IT,MBC
22916,84.0,103869,1401,CS,MBC
22917,84.0,103872,2727,EC,MBC
22918,84.0,103873,2622,IT,SCA
22919,84.0,103874,4917,IT,MBC
22920,84.0,103875,2752,IT,MBC
22921,84.0,103876,2612,EE,OC
22922,84.0,103877,3905,CS,MBC
22923,84.0,103878,4672,EE,SC
22924,84.0,103879,2346,CS,MBC
22925,84.0,103880,3410,EC,BC
22926,84.0,103881,2661,CS,MBC
22927,84.0,103885,2345,EC,MBC
22928,84.0,103886,3829,EC,BC
22929,84.0,103888,4953,CS,BC
22930,84.0,103889,4992,EC,OC
22931,84.0,103890,2776,AG,MBC
22932,84.0,103891,1301,EC,BC
22933,84.0,103893,2357,CS,SC
22934,84.0,103895,4955,ME,MBC
22935,84.0,103897,4675,CS,BC
22936,84.0,103899,3811,ME,OC
22937,84.0,103900,2707,IT,MBC
22938,84.0,103901,4941,ME,OC
22939,84.0,103902,3811,CS,SC
22940,84.0,103903,5902,ME,OC
22941,84.0,103904,2710,ME,BCM
22942,84.0,103905,2601,EC,BC
22943,84.0,103906,3804,CS,MBC
22944,84.0,103907,2652,ME,OC
22945,84.0,103909,1416,BM,SC
22946,84.0,103910,2609,CS,SC
22947,84.0,103911,4953,ME,BC
22948,84.0,103912,4964,EE,OC
22949,84.0,103913,2612,CS,SC
22950,84.0,103915,4969,EE,OC
22951,84.0,103916,4955,EE,BC
22952,84.0,103921,1310,IT,MBC
22953,84.0,103924,1210,EC,SC
22954,84.0,103925,3011,XC,BC
22955,84.0,103926,2741,CS,SC
22956,84.0,103927,1507,CS,BC
22957,84.0,103928,3860,CS,MBC
22958,84.0,103929,2651,CS,SC
22959,84.0,103930,2623,BM,SC
22960,84.0,103931,3855,CS,OC
22961,84.0,103933,1128,ME,SC
22962,84.0,103934,2769,PD,OC
22963,84.0,103936,1225,ME,OC
22964,84.0,103938,3810,CS,MBC
22965,84.0,103939,2715,ME,OC
22966,84.0,103940,2623,EC,OC
22967,84.0,103941,1431,IT,SC
22968,84.0,103942,2347,CS,SC
22969,84.0,103943,2640,EE,OC
22970,84.0,103945,4955,ME,SC
22971,84.0,103948,3458,BT,SC
22972,84.0,103949,4953,IT,BC
22973,84.0,103951,2611,BM,BC
22974,84.0,103956,1420,EC,OC
22975,84.0,103957,4952,CS,OC
22976,84.0,103958,5988,ME,OC
22977,84.0,103959,2624,BM,SC
22978,84.0,103961,5502,ME,MBC
22979,84.0,103962,3803,CH,OC
22980,84.0,103963,2648,CS,MBC
22981,84.0,103964,2347,EC,OC
22982,84.0,103966,1512,IT,OC
22983,84.0,103968,2347,ME,OC
22984,84.0,103969,1412,CS,SC
22985,84.0,103972,1434,CS,SC
22986,84.0,103973,1325,IT,BC
22987,84.0,103975,2367,CS,OC
22988,84.0,103976,4964,CE,OC
22989,84.0,103977,4670,CE,MBC
22990,84.0,103979,2770,CS,OC
22991,84.0,103980,2611,BM,BC
22992,84.0,103981,2726,IT,SC
22993,84.0,103982,3805,FD,SC
22994,84.0,103983,3786,ME,OC
22995,84.0,103986,1225,EC,BC
22996,84.0,103989,4964,CS,BC
22997,84.0,103991,2630,EE,OC
22998,84.0,103992,3804,BM,MBC
22999,84.0,103993,3456,BM,SC
23000,84.0,103994,4980,CS,BC
23001,84.0,103995,2611,BM,SCA
23002,84.0,103996,5930,ME,OC
23003,84.0,103997,2624,BM,SC
23004,84.0,103998,3760,EE,OC
23005,84.0,104000,1322,EC,OC
23006,84.0,104001,5,EE,MBC
23007,84.0,104002,1421,ME,OC
23008,84.0,104003,1412,CS,SC
23009,84.0,104006,1523,CS,BC
23010,84.0,104007,1226,CS,MBC
23011,84.0,104008,2646,CE,OC
23012,84.0,104009,2704,EE,BC
23013,84.0,104012,5,CH,SC
23014,84.0,104013,1026,ME,SC
23015,84.0,104014,1110,ME,OC
23016,84.0,104016,1216,CH,SC
23017,84.0,104017,2752,CS,BC
23018,84.0,104018,2625,BM,BC
23019,84.0,104019,4964,AE,SC
23020,83.8,104022,2350,ME,OC
23021,83.5,104027,2767,CS,SCA
23022,83.5,104028,3905,ME,SC
23023,83.5,104029,2630,EC,MBC
23024,83.5,104031,3826,ME,MBC
23025,83.5,104033,5912,CS,BC
23026,83.5,104034,1310,CS,MBC
23027,83.5,104036,3458,BT,MBC
23028,83.5,104037,3804,ME,OC
23029,83.5,104039,1316,AO,SC
23030,83.5,104040,2620,EE,SCA
23031,83.5,104041,3410,EE,MBC
23032,83.5,104043,2357,ME,BC
23033,83.5,104044,4999,CS,OC
23034,83.5,104046,3843,EC,MBC
23035,83.5,104048,2613,EC,MBC
23036,83.5,104049,4964,ME,MBC
23037,83.5,104052,2625,AG,SC
23038,83.5,104053,1218,BM,OC
23039,83.5,104054,2613,CE,BC
23040,83.5,104055,3826,EC,SC
23041,83.5,104056,2706,EE,MBC
23042,83.5,104058,2347,ME,OC
23043,83.5,104060,2314,AG,MBC
23044,83.5,104062,5990,EC,OC
23045,83.5,104064,3806,CS,MBC
23046,83.5,104067,2752,EC,SCA
23047,83.5,104069,2627,EE,OC
23048,83.5,104070,2611,CS,SC
23049,83.5,104071,1216,EE,BC
23050,83.5,104072,4954,EE,BC
23051,83.5,104073,1216,ME,OC
23052,83.5,104075,2747,CS,BC
23053,83.5,104076,5832,CS,MBC
23054,83.5,104077,2345,EE,MBC
23055,83.5,104080,1513,CS,OC
23056,83.5,104082,2328,EC,BC
23057,83.5,104085,2610,EC,MBC
23058,83.5,104086,2729,EE,OC
23059,83.5,104087,2715,EE,BC
23060,83.5,104088,2625,CS,OC
23061,83.5,104089,3829,ME,OC
23062,83.5,104090,2758,EC,OC
23063,83.5,104091,1217,BT,MBC
23064,83.5,104092,1013,EC,SC
23065,83.5,104097,3852,CS,OC
23066,83.5,104098,2642,EE,OC
23067,83.5,104102,1422,ME,BC
23068,83.5,104103,2715,CH,MBC
23069,83.5,104106,3857,CS,OC
23070,83.5,104109,1412,IT,OC
23071,83.5,104110,2611,EE,BC
23072,83.5,104111,2609,IT,MBC
23073,83.5,104112,2357,EE,SC
23074,83.5,104113,2314,EC,BC
23075,83.5,104114,2776,ME,OC
23076,83.5,104116,2630,CS,SC
23077,83.5,104116,1319,AD,OC
23078,83.5,104118,3826,EE,SC
23079,83.5,104119,3766,CS,MBC
23080,83.5,104120,1513,CS,OC
23081,83.5,104123,3806,CB,BC
23082,83.5,104124,2744,EE,OC
23083,83.5,104125,2643,CS,MBC
23084,83.5,104126,2743,FD,OC
23085,83.5,104127,1505,AE,OC
23086,83.5,104129,2632,EE,OC
23087,83.5,104130,2753,AG,OC
23088,83.5,104131,2630,EC,MBC
23089,83.5,104132,1519,CS,SC
23090,83.5,104133,4670,EE,BC
23091,83.5,104134,1303,AD,MBC
23092,83.5,104135,2638,EC,OC
23093,83.5,104138,2683,BM,SC
23094,83.5,104140,3845,CS,SC
23095,83.5,104141,1441,ME,OC
23096,83.5,104142,2610,AD,BC
23097,83.5,104145,3843,EC,BC
23098,83.5,104146,3849,EC,OC
23099,83.5,104147,2639,CS,SCA
23100,83.5,104148,2719,BM,ST
23101,83.5,104150,3782,CS,BC
23102,83.5,104151,3795,EC,BC
23103,83.5,104153,2610,CE,OC
23104,83.5,104154,2634,CS,MBC
23105,83.5,104155,2763,MZ,OC
23106,83.5,104159,4999,EC,OC
23107,83.5,104160,2750,ME,SC
23108,83.5,104161,2338,CS,OC
23109,83.5,104162,1424,CE,OC
23110,83.5,104164,2704,ME,OC
23111,83.5,104165,4917,ME,BCM
23112,83.5,104169,3425,CE,MBC
23113,83.5,104170,2723,EC,MBC
23114,83.5,104171,4670,EC,ST
23115,83.5,104172,2627,EC,SC
23116,83.5,104174,1419,ME,SC
23117,83.5,104175,2707,AG,SC
23118,83.5,104176,5935,CE,OC
23119,83.5,104178,5536,EC,SC
23120,83.5,104179,5502,EC,BC
23121,83.5,104180,1126,RM,BC
23122,83.5,104181,2638,EE,OC
23123,83.5,104183,4969,ME,OC
23124,83.5,104184,1120,EC,SC
23125,83.5,104185,1431,IT,SCA
23126,83.5,104186,2707,CS,SC
23127,83.5,104187,1412,CS,SC
23128,83.5,104188,5915,EC,BC
23129,83.5,104189,3804,AG,MBC
23130,83.5,104190,2763,EC,BC
23131,83.5,104195,2632,CS,BCM
23132,83.5,104196,2732,CS,OC
23133,83.5,104198,2646,EC,OC
23134,83.5,104199,2625,AG,SC
23135,83.5,104200,1218,BM,OC
23136,83.5,104201,3766,EC,OC
23137,83.5,104202,1225,EC,ST
23138,83.5,104203,2617,CS,BC
23139,83.5,104208,4980,CS,BC
23140,83.5,104210,5865,ME,OC
23141,83.5,104211,1420,EC,OC
23142,83.5,104212,1116,EE,OC
23143,83.5,104213,2610,EE,MBC
23144,83.5,104214,5703,ME,OC
23145,83.5,104215,2606,EE,MBC
23146,83.5,104216,2758,CS,SCA
23147,83.5,104218,1421,ME,OC
23148,83.5,104220,2611,EC,BC
23149,83.5,104221,2638,EE,OC
23150,83.5,104222,1118,RM,MBC
23151,83.5,104223,3760,EE,OC
23152,83.5,104225,2625,AG,SC
23153,83.5,104226,2608,CE,BC
23154,83.5,104228,2314,EC,SCA
23155,83.5,104229,4994,CS,BC
23156,83.5,104230,4969,CS,SC
23157,83.5,104233,1207,ME,OC
23158,83.5,104235,4949,CS,OC
23159,83.5,104237,2620,IT,SC
23160,83.5,104239,1226,CS,MBC
23161,83.5,104240,5930,EC,OC
23162,83.5,104241,2648,CS,SC
23163,83.5,104242,5502,ME,MBC
23164,83.5,104243,2611,IT,SC
23165,83.5,104244,5703,EE,OC
23166,83.5,104245,5919,CS,SC
23167,83.5,104246,2636,ME,OC
23168,83.5,104248,2632,EC,OC
23169,83.5,104250,3843,CS,SC
23170,83.5,104252,3786,EC,OC
23171,83.5,104253,2707,EC,SCA
23172,83.5,104254,2610,EC,MBC
23173,83.5,104255,2723,ME,MBC
23174,83.5,104257,1402,ME,OC
23175,83.5,104260,2614,TX,MBC
23176,83.5,104261,5915,ME,OC
23177,83.5,104262,4669,EE,BC
23178,83.5,104263,5832,EE,OC
23179,83.5,104264,2708,ME,OC
23180,83.5,104270,2338,ME,OC
23181,83.5,104271,3806,ME,BC
23182,83.5,104272,2647,ME,OC
23183,83.5,104273,2609,PH,BC
23184,83.5,104274,1202,IT,SC
23185,83.5,104275,5915,EC,BCM
23186,83.5,104276,2750,ME,BCM
23187,83.5,104277,2639,EC,BC
23188,83.5,104278,1123,AE,OC
23189,83.5,104280,2767,EE,MBC
23190,83.5,104282,2347,ME,OC
23191,83.5,104283,1110,ME,OC
23192,83.5,104284,2347,EC,OC
23193,83.5,104286,2611,ME,OC
23194,83.5,104287,1413,AD,BC
23195,83.5,104288,2621,IT,BC
23196,83.5,104289,3926,EE,OC
23197,83.5,104290,3857,CS,OC
23198,83.5,104291,3831,CE,OC
23199,83.5,104293,1202,EC,OC
23200,83.5,104294,1207,CS,MBC
23201,83.5,104295,3465,EC,SCA
23202,83.5,104297,4989,EC,OC
23203,83.5,104298,2641,CS,BC
23204,83.5,104299,3825,CS,MBC
23205,83.5,104302,1444,ME,OC
23206,83.5,104303,2772,CS,SC
23207,83.5,104306,5703,EE,OC
23208,83.5,104307,2634,AG,BCM
23209,83.5,104308,2740,EC,SC
23210,83.5,104310,2640,ME,OC
23211,83.5,104311,5017,ME,OC
23212,83.5,104312,1421,ME,OC
23213,83.5,104314,2602,ME,OC
23214,83.5,104315,1015,EE,BC
23215,83.5,104316,1408,EE,OC
23216,83.5,104317,2715,CH,BC
23217,83.5,104318,2715,EC,MBC
23218,83.5,104320,2707,CH,BC
23219,83.5,104321,1505,ME,OC
23220,83.5,104322,2722,IT,ST
23221,83.5,104324,3806,EC,SC
23222,83.5,104325,2642,EE,MBC
23223,83.5,104326,1207,CS,BC
23224,83.5,104327,3814,CS,BCM
23225,83.5,104328,5536,EC,BC
23226,83.5,104329,5935,CE,OC
23227,83.5,104332,1412,ME,OC
23228,83.5,104334,2625,ME,OC
23229,83.5,104338,3826,ME,BC
23230,83.5,104339,3810,CS,SC
23231,83.5,104341,3805,CS,SC
23232,83.5,104342,1303,IT,MBC
23233,83.5,104345,2753,BM,SC
23234,83.5,104346,1324,AD,SC
23235,83.5,104347,2609,CY,BC
23236,83.5,104348,1229,EE,OC
23237,83.5,104349,3766,CS,BC
23238,83.5,104351,1122,CE,OC
23239,83.5,104352,3806,CS,MBC
23240,83.5,104353,3843,EE,MBC
23241,83.5,104354,5902,IT,MBC
23242,83.5,104355,4670,ME,BC
23243,83.5,104357,3766,EE,OC
23244,83.5,104358,1420,EE,OC
23245,83.5,104360,3460,CS,OC
23246,83.5,104362,5536,EE,BC
23247,83.5,104363,4023,CE,BC
23248,83.5,104367,4982,CS,OC
23249,83.5,104368,2623,IT,MBC
23250,83.5,104369,2652,ME,OC
23251,83.5,104372,2628,CS,OC
23252,83.5,104373,2723,EC,MBC
23253,83.5,104374,4972,ME,BC
23254,83.5,104377,2627,CS,MBC
23255,83.5,104378,1225,EC,SC
23256,83.5,104379,1322,BM,MBC
23257,83.5,104380,1408,CS,MBC
23258,83.5,104381,2349,FD,BC
23259,83.5,104383,4966,CS,MBC
23260,83.5,104385,3825,CS,BC
23261,83.5,104386,3805,EE,OC
23262,83.5,104387,1431,EE,OC
23263,83.5,104388,1325,ME,SC
23264,83.5,104389,2716,EC,OC
23265,83.5,104390,1421,ME,OC
23266,83.5,104391,2342,CE,OC
23267,83.5,104392,1519,IT,OC
23268,83.5,104394,3804,EE,OC
23269,83.5,104395,1303,CS,SC
23270,83.5,104396,1106,CS,BC
23271,83.5,104397,3841,AD,BC
23272,83.5,104398,2357,CE,BC
23273,83.5,104399,5530,CE,OC
23274,83.5,104400,1202,ME,OC
23275,83.5,104402,5530,ME,OC
23276,83.5,104403,2711,ME,MBC
23277,83.5,104404,3810,CS,MBC
23278,83.5,104405,5,ME,SC
23279,83.5,104406,2628,ME,OC
23280,83.5,104407,4961,CS,SCA
23281,83.5,104409,5913,CS,OC
23282,83.5,104410,4949,MZ,OC
23283,83.5,104411,3849,EC,OC
23284,83.5,104412,3805,CE,OC
23285,83.5,104413,3454,AG,MBC
23286,83.5,104414,4953,EE,BC
23287,83.5,104415,1430,ME,MBC
23288,83.5,104416,5832,EC,OC
23289,83.5,104418,1316,MU,BC
23290,83.5,104419,3843,ME,OC
23291,83.5,104420,4966,ME,OC
23292,83.5,104422,1316,MZ,BC
23293,83.5,104423,3830,EE,SCA
23294,83.5,104424,3820,CS,BC
23295,83.5,104425,1322,AG,OC
23296,83.5,104426,2636,EC,BCM
23297,83.5,104427,4670,EE,MBC
23298,83.5,104428,5532,CE,BC
23299,83.5,104429,2329,BT,MBC
23300,83.5,104431,1431,CS,SC
23301,83.5,104435,2609,IT,BC
23302,83.5,104436,2657,BT,OC
23303,83.5,104437,2758,CS,SC
23304,83.5,104438,2707,RM,BC
23305,83.5,104439,4676,EE,SC
23306,83.5,104440,1421,EE,OC
23307,83.5,104441,2707,EE,SC
23308,83.5,104442,2338,BM,SC
23309,83.5,104446,2625,ME,OC
23310,83.5,104447,2641,CS,MBC
23311,83.5,104448,4023,ME,SC
23312,83.5,104451,5865,EE,BC
23313,83.5,104452,5536,CS,BC
23314,83.5,104453,4680,EC,BCM
23315,83.5,104454,2634,AE,OC
23316,83.5,104456,4980,CS,BC
23317,83.5,104459,2636,EC,SC
23318,83.5,104460,2740,EC,BC
23319,83.5,104462,1238,BM,BC
23320,83.5,104463,2621,EE,OC
23321,83.5,104464,1309,ME,SC
23322,83.5,104465,2710,CE,SC
23323,83.5,104469,4953,ME,SC
23324,83.5,104470,2642,CE,OC
23325,83.5,104471,2618,FT,MBC
23326,83.5,104472,2345,EE,MBC
23327,83.5,104474,5,EE,BC
23328,83.5,104476,4948,CS,OC
23329,83.5,104477,1238,EC,MBC
23330,83.5,104479,5530,CS,SC
23331,83.5,104480,1518,CS,OC
23332,83.5,104481,2729,AE,BC
23333,83.5,104482,1237,CS,SC
23334,83.5,104483,1510,ME,OC
23335,83.5,104485,1202,IT,MBC
23336,83.5,104486,2755,CS,MBC
23337,83.5,104489,3459,CS,SC
23338,83.5,104490,1412,CS,BC
23339,83.5,104491,1110,ME,OC
23340,83.5,104492,5904,ME,OC
23341,83.5,104493,3810,EC,SC
23342,83.5,104494,2776,CS,BC
23343,83.5,104495,2346,CS,SCA
23344,83.5,104496,2652,IT,BC
23345,83.5,104497,1414,EC,BC
23346,83.5,104498,2710,EC,SC
23347,83.5,104499,5,CH,SC
23348,83.5,104500,1519,IT,OC
23349,83.5,104501,2614,IT,OC
23350,83.5,104502,5530,ME,OC
23351,83.5,104503,3786,EE,OC
23352,83.5,104504,5910,CE,BC
23353,83.5,104506,2623,EC,OC
23354,83.5,104508,3812,ME,OC
23355,83.5,104510,3806,ME,BC
23356,83.5,104513,1412,IT,OC
23357,83.5,104515,2651,EC,SCA
23358,83.5,104516,2753,AG,OC
23359,83.5,104518,1126,EC,SC
23360,83.5,104519,2743,BM,BC
23361,83.5,104521,1421,CS,MBC
23362,83.5,104522,3825,EE,OC
23363,83.5,104523,3806,CB,SC
23364,83.5,104524,4949,MZ,OC
23365,83.5,104525,2704,EE,BC
23366,83.5,104526,3817,ME,MBC
23367,83.5,104527,2360,EC,OC
23368,83.5,104528,2606,EC,OC
23369,83.5,104529,2744,EE,OC
23370,83.5,104530,1412,CS,SC
23371,83.5,104531,2627,ME,OC
23372,83.5,104532,2640,EC,OC
23373,83.5,104536,3461,ME,MBC
23374,83.5,104537,2329,BM,MBC
23375,83.5,104538,4929,CS,OC
23376,83.5,104539,2716,IT,MBC
23377,83.5,104540,3804,EE,OC
23378,83.5,104541,2648,AU,OC
23379,83.5,104542,4978,BT,SC
23380,83.5,104544,2360,ME,OC
23381,83.5,104545,1518,IT,OC
23382,83.5,104546,2338,BM,SC
23383,83.5,104547,5530,ME,OC
23384,83.5,104549,2341,CS,OC
23385,83.5,104550,2659,CS,SC
23386,83.5,104552,4978,BT,BCM
23387,83.5,104553,2710,EE,MBC
23388,83.5,104554,2620,EC,SC
23389,83.5,104555,5536,EE,BC
23390,83.5,104556,5910,ME,BC
23391,83.5,104557,3016,CS,SC
23392,83.5,104558,5930,ME,OC
23393,83.5,104559,4944,CE,OC
23394,83.5,104560,2772,ME,OC
23395,83.5,104561,4969,CS,BCM
23396,83.5,104563,3456,CS,SC
23397,83.5,104564,5832,EC,OC
23398,83.5,104565,5832,CS,SC
23399,83.5,104568,3850,CS,OC
23400,83.5,104572,4024,EE,BCM
23401,83.5,104573,3806,CB,MBC
23402,83.5,104574,1424,PE,BCM
23403,83.5,104576,4934,CS,SC
23404,83.5,104577,2764,EC,SC
23405,83.5,104578,3806,ME,SC
23406,83.5,104579,3456,BM,MBC
23407,83.5,104580,4953,ME,BC
23408,83.5,104581,4978,BM,SC
23409,83.5,104582,2732,ME,OC
23410,83.5,104584,2657,EC,OC
23411,83.5,104585,3760,ME,OC
23412,83.5,104587,4970,CS,MBC
23413,83.5,104588,1325,IT,SC
23414,83.5,104589,5,ME,SC
23415,83.5,104590,4917,AG,SC
23416,83.5,104591,2755,AE,OC
23417,83.5,104592,2609,IT,MBC
23418,83.5,104594,3806,ME,BC
23419,83.5,104595,1116,EC,OC
23420,83.5,104597,5915,EC,SC
23421,83.5,104600,2715,EE,SC
23422,83.5,104601,5915,EE,OC
23423,83.5,104604,1140,ME,OC
23424,83.5,104605,2638,EE,OC
23425,83.5,104607,3466,ME,OC
23426,83.5,104608,3766,CS,SC
23427,83.5,104609,1525,EE,OC
23428,83.5,104612,4949,CS,OC
23429,83.5,104614,5536,AG,SC
23430,83.5,104615,4929,ME,OC
23431,83.5,104616,1123,EC,OC
23432,83.5,104617,3918,EE,SC
23433,83.5,104618,4670,EE,BC
23434,83.5,104619,4917,ME,BC
23435,83.5,104620,1518,IT,OC
23436,83.5,104621,2747,CS,MBC
23437,83.5,104622,2646,ME,OC
23438,83.5,104625,2338,CS,OC
23439,83.5,104626,1133,CE,OC
23440,83.5,104627,2752,IT,MBC
23441,83.5,104628,1225,IT,SC
23442,83.5,104630,1133,CS,OC
23443,83.5,104631,2750,ME,SC
23444,83.5,104632,2741,CE,OC
23445,83.5,104635,2630,EE,OC
23446,83.5,104637,2733,ME,OC
23447,83.2,104638,3466,EC,OC
23448,83.0,104640,2735,EE,BC
23449,83.0,104641,2625,IT,OC
23450,83.0,104642,3926,EE,OC
23451,83.0,104643,4978,BT,BC
23452,83.0,104645,2744,ME,BCM
23453,83.0,104646,3806,EC,BC
23454,83.0,104647,4964,CS,MBC
23455,83.0,104648,2612,CS,MBC
23456,83.0,104649,1521,CS,OC
23457,83.0,104650,3760,ME,OC
23458,83.0,104651,2620,EE,SC
23459,83.0,104652,2621,IT,SC
23460,83.0,104653,2763,EC,MBC
23461,83.0,104654,3766,CS,SC
23462,83.0,104656,3808,CS,OC
23463,83.0,104657,1421,ME,OC
23464,83.0,104660,2747,CS,MBC
23465,83.0,104661,2707,CE,MBC
23466,83.0,104663,2629,MD,OC
23467,83.0,104664,2357,IT,SC
23468,83.0,104665,2610,EE,MBC
23469,83.0,104666,5533,CS,OC
23470,83.0,104668,2750,ME,SC
23471,83.0,104669,1444,CS,OC
23472,83.0,104670,2749,IT,BC
23473,83.0,104671,2345,EE,MBC
23474,83.0,104672,3811,CS,SC
23475,83.0,104673,1447,IE,OC
23476,83.0,104674,5536,EC,ST
23477,83.0,104675,2632,IT,BC
23478,83.0,104676,4933,EE,OC
23479,83.0,104677,1225,IT,SC
23480,83.0,104678,2610,ME,MBC
23481,83.0,104679,4953,IT,BC
23482,83.0,104680,4928,CE,OC
23483,83.0,104681,5935,CS,MBC
23484,83.0,104683,2708,CS,SC
23485,83.0,104686,1434,ME,OC
23486,83.0,104687,2342,CS,SC
23487,83.0,104690,1431,CS,SC
23488,83.0,104692,5536,CS,BC
23489,83.0,104694,2772,CS,BC
23490,83.0,104695,2628,CS,OC
23491,83.0,104696,2776,AU,OC
23492,83.0,104698,2621,EE,OC
23493,83.0,104699,2661,CS,BC
23494,83.0,104700,1412,IT,OC
23495,83.0,104701,2723,EE,SC
23496,83.0,104703,1407,CS,SC
23497,83.0,104704,3462,CS,OC
23498,83.0,104705,3811,ME,OC
23499,83.0,104707,3831,CS,SC
23500,83.0,104708,2747,EC,BC
23501,83.0,104709,2611,CS,MBC
23502,83.0,104710,3843,EC,SC
23503,83.0,104711,3811,CS,SC
23504,83.0,104719,1213,CS,OC
23505,83.0,104722,3847,CS,OC
23506,83.0,104724,1452,CS,MBC
23507,83.0,104725,2707,EC,BC
23508,83.0,104726,3831,CS,BC
23509,83.0,104728,1523,CS,BC
23510,83.0,104729,2609,EE,BC
23511,83.0,104730,1322,CS,SC
23512,83.0,104731,1519,CS,SC
23513,83.0,104732,2715,CE,OC
23514,83.0,104733,3456,ME,OC
23515,83.0,104734,2611,EC,BC
23516,83.0,104735,1510,ME,OC
23517,83.0,104736,1411,BT,OC
23518,83.0,104738,3812,EE,OC
23519,83.0,104739,2610,MD,OC
23520,83.0,104740,1452,EC,SC
23521,83.0,104742,1202,CS,BC
23522,83.0,104744,3847,BT,BC
23523,83.0,104745,2609,CS,ST
23524,83.0,104746,2609,AE,MBC
23525,83.0,104747,3766,CS,SC
23526,83.0,104749,3806,EC,SC
23527,83.0,104751,4670,ME,MBC
23528,83.0,104752,2601,CS,SC
23529,83.0,104753,3849,EC,OC
23530,83.0,104754,5017,CS,SC
23531,83.0,104756,2707,RM,BC
23532,83.0,104758,2758,IT,OC
23533,83.0,104759,3460,EE,OC
23534,83.0,104761,1431,EC,OC
23535,83.0,104762,2613,EC,MBC
23536,83.0,104764,2328,EC,SC
23537,83.0,104765,2609,AG,SC
23538,83.0,104767,2630,CS,MBC
23539,83.0,104768,1226,CS,BC
23540,83.0,104769,2707,EE,MBC
23541,83.0,104770,4917,BT,BC
23542,83.0,104771,2715,CE,OC
23543,83.0,104772,4949,CS,OC
23544,83.0,104775,1015,EE,MBC
23545,83.0,104777,1322,CS,SC
23546,83.0,104778,2646,ME,OC
23547,83.0,104779,3018,ME,OC
23548,83.0,104781,2609,EC,MBC
23549,83.0,104782,2752,EE,OC
23550,83.0,104784,1525,CS,MBC
23551,83.0,104785,1510,ME,OC
23552,83.0,104787,5914,EC,OC
23553,83.0,104788,1243,EC,OC
23554,83.0,104789,2624,CS,BC
23555,83.0,104794,2646,ME,OC
23556,83.0,104795,2338,EC,OC
23557,83.0,104796,4953,ME,BC
23558,83.0,104797,4980,EC,OC
23559,83.0,104799,3860,EC,OC
23560,83.0,104800,1605,CS,SC
23561,83.0,104803,1202,IT,BC
23562,83.0,104805,1421,EC,MBC
23563,83.0,104806,1507,CS,MBC
23564,83.0,104808,3807,ME,OC
23565,83.0,104809,3807,CE,OC
23566,83.0,104810,2707,EE,SC
23567,83.0,104811,4962,CE,BC
23568,83.0,104812,2653,CE,MBC
23569,83.0,104813,3786,ME,OC
23570,83.0,104815,2767,BM,SC
23571,83.0,104816,2727,AG,SC
23572,83.0,104817,3843,EE,SC
23573,83.0,104819,2741,EE,OC
23574,83.0,104822,2636,EC,BC
23575,83.0,104823,1325,CS,SC
23576,83.0,104824,3456,CS,MBC
23577,83.0,104825,4965,BM,MBC
23578,83.0,104826,3760,AG,MBC
23579,83.0,104827,2646,ME,OC
23580,83.0,104828,3021,CE,OC
23581,83.0,104829,4957,ME,OC
23582,83.0,104830,2342,CE,OC
23583,83.0,104833,4980,ME,OC
23584,83.0,104837,2650,EC,OC
23585,83.0,104838,2718,ME,SCA
23586,83.0,104840,2740,EC,BC
23587,83.0,104843,1207,BM,BC
23588,83.0,104846,3810,AG,MBC
23589,83.0,104849,5904,EI,OC
23590,83.0,104850,2617,EE,OC
23591,83.0,104851,2767,CS,BC
23592,83.0,104854,1408,CS,MBC
23593,83.0,104855,2609,EC,BC
23594,83.0,104856,2618,EC,SC
23595,83.0,104857,2653,ME,MBC
23596,83.0,104858,4676,EC,BC
23597,83.0,104859,2345,CS,SC
23598,83.0,104860,3805,ME,OC
23599,83.0,104861,2638,EC,OC
23600,83.0,104863,4957,EC,BC
23601,83.0,104864,2642,CE,BC
23602,83.0,104865,4981,CS,SC
23603,83.0,104867,2624,CS,SC
23604,83.0,104868,1421,CE,OC
23605,83.0,104870,2609,IT,BC
23606,83.0,104871,3461,ME,BC
23607,83.0,104873,2630,EE,OC
23608,83.0,104875,2367,EC,OC
23609,83.0,104876,3018,ME,OC
23610,83.0,104877,1409,BT,BC
23611,83.0,104878,2622,ME,BC
23612,83.0,104880,3843,CS,BC
23613,83.0,104882,2610,MZ,OC
23614,83.0,104883,2772,EE,OC
23615,83.0,104886,3805,EE,OC
23616,83.0,104888,3456,BM,SC
23617,83.0,104889,4955,EE,BC
23618,83.0,104890,2713,CS,BC
23619,83.0,104891,2710,ME,SC
23620,83.0,104892,2642,ME,OC
23621,83.0,104894,2610,EE,MBC
23622,83.0,104895,4934,CS,BC
23623,83.0,104896,3806,CB,BC
23624,83.0,104897,5,EC,BC
23625,83.0,104898,4672,EE,BC
23626,83.0,104899,2708,EI,BC
23627,83.0,104900,1114,EC,BCM
23628,83.0,104901,1118,ME,MBC
23629,83.0,104902,4981,CE,OC
23630,83.0,104903,2707,CH,BC
23631,83.0,104905,3805,ME,OC
23632,83.0,104906,2716,IT,MBC
23633,83.0,104907,1518,EC,OC
23634,83.0,104908,4670,EE,BC
23635,83.0,104910,1106,EE,OC
23636,83.0,104911,2609,EE,MBC
23637,83.0,104912,2609,ME,MBC
23638,83.0,104913,3461,ME,BC
23639,83.0,104915,2624,CS,SC
23640,83.0,104916,5532,EC,MBC
23641,83.0,104917,5536,CS,BC
23642,83.0,104918,2729,AE,MBC
23643,83.0,104919,3815,CS,OC
23644,83.0,104920,4962,EE,SC
23645,83.0,104923,2609,IT,MBC
23646,83.0,104926,3820,CS,SC
23647,83.0,104927,2349,BM,MBC
23648,83.0,104929,2357,CS,SC
23649,83.0,104930,3425,ME,SC
23650,83.0,104931,2609,CS,SC
23651,83.0,104932,2652,IT,SCA
23652,83.0,104933,2614,CS,SCA
23653,83.0,104934,1106,EI,OC
23654,83.0,104935,2715,CH,SCA
23655,83.0,104936,3454,AG,SC
23656,83.0,104937,2611,EE,SCA
23657,83.0,104938,1303,CS,SC
23658,83.0,104941,3811,CS,SC
23659,83.0,104942,2601,CS,SC
23660,83.0,104943,2710,EC,BCM
23661,83.0,104944,2716,CS,MBC
23662,83.0,104945,5703,CS,SC
23663,83.0,104946,3806,CB,BC
23664,83.0,104947,2740,EC,MBC
23665,83.0,104948,4959,EC,MBC
23666,83.0,104950,2345,CS,SC
23667,83.0,104951,2609,MC,MBC
23668,83.0,104952,2641,EC,OC
23669,83.0,104953,2673,ME,OC
23670,83.0,104955,2743,EC,OC
23671,83.0,104956,2755,FD,SC
23672,83.0,104957,1304,RM,SC
23673,83.0,104958,2624,EC,OC
23674,83.0,104961,4966,EC,OC
23675,83.0,104962,5915,ME,OC
23676,83.0,104963,3817,ME,SC
23677,83.0,104964,3454,CE,OC
23678,83.0,104965,2610,ME,BC
23679,83.0,104966,4953,EE,BC
23680,83.0,104967,3814,CS,BC
23681,83.0,104969,1202,ME,OC
23682,83.0,104970,3456,BM,SC
23683,83.0,104971,3805,CS,SC
23684,83.0,104972,2753,AG,SCA
23685,83.0,104974,2731,ME,OC
23686,83.0,104975,4917,ME,BC
23687,83.0,104976,2329,BM,MBC
23688,83.0,104977,4670,ME,BC
23689,83.0,104978,2609,EC,BC
23690,83.0,104979,5904,EE,BC
23691,83.0,104980,1421,EC,SC
23692,83.0,104981,2661,IT,SC
23693,83.0,104982,1026,ME,MBC
23694,83.0,104984,2638,EE,SC
23695,83.0,104986,5986,CS,SC
23696,83.0,104988,2713,CS,BC
23697,83.0,104989,4944,CE,OC
23698,83.0,104990,2736,ME,BC
23699,83.0,104992,2347,ME,OC
23700,83.0,104993,4928,EC,OC
23701,83.0,104995,2708,AU,OC
23702,83.0,104996,2628,CS,OC
23703,83.0,104997,2744,IT,BC
23704,83.0,104998,2620,TS,MBC
23705,83.0,105001,3821,CS,OC
23706,83.0,105002,3918,CE,OC
23707,83.0,105003,2338,BM,SC
23708,83.0,105004,2723,CE,BC
23709,83.0,105012,5022,ME,OC
23710,83.0,105015,1411,IT,OC
23711,83.0,105016,2636,EC,SC
23712,83.0,105017,5536,EE,BC
23713,83.0,105018,2620,EC,SC
23714,83.0,105019,1207,ME,OC
23715,83.0,105021,3810,CS,MBC
23716,83.0,105022,3807,EE,OC
23717,83.0,105023,2747,CS,BC
23718,83.0,105028,3811,ME,OC
23719,83.0,105029,1150,AG,OC
23720,83.0,105030,5921,EC,OC
23721,83.0,105031,3782,ME,OC
23722,83.0,105032,2327,EC,OC
23723,83.0,105033,2342,EE,OC
23724,83.0,105035,2609,AD,BC
23725,83.0,105038,1115,AD,OC
23726,83.0,105040,1120,ME,BC
23727,83.0,105041,2329,ME,SC
23728,83.0,105042,2625,CS,OC
23729,83.0,105043,4977,CS,OC
23730,83.0,105046,2628,AD,MBC
23731,83.0,105047,3462,EE,OC
23732,83.0,105048,3806,CS,MBC
23733,83.0,105049,1317,EE,BC
23734,83.0,105051,2609,CS,SC
23735,83.0,105052,3461,CS,OC
23736,83.0,105053,5017,CS,BC
23737,83.0,105054,1122,CE,OC
23738,83.0,105055,1441,ME,OC
23739,83.0,105059,4953,ME,BC
23740,83.0,105061,1211,MZ,SC
23741,83.0,105062,2611,CS,MBC
23742,83.0,105063,2338,BM,SC
23743,83.0,105066,4964,CS,SC
23744,83.0,105067,2731,CS,MBC
23745,83.0,105068,1421,EC,SC
23746,83.0,105070,2731,CS,MBC
23747,83.0,105071,1207,IT,BC
23748,83.0,105073,5912,CS,MBC
23749,83.0,105074,5832,EE,OC
23750,83.0,105075,3833,ME,OC
23751,83.0,105080,2601,CS,SC
23752,83.0,105081,5865,CS,SC
23753,83.0,105082,3805,EC,BC
23754,83.0,105084,1401,EE,OC
23755,83.0,105085,2665,CS,OC
23756,83.0,105089,4971,CE,BC
23757,83.0,105090,5915,CS,SC
23758,83.0,105091,1122,EC,BCM
23759,83.0,105092,3807,ME,SC
23760,83.0,105093,2621,EC,OC
23761,83.0,105097,1306,EE,OC
23762,83.0,105098,2341,BM,OC
23763,83.0,105099,2314,EC,SC
23764,83.0,105100,2708,AL,SC
23765,83.0,105101,4675,CS,BC
23766,83.0,105102,2763,CS,BCM
23767,83.0,105105,1212,BM,OC
23768,83.0,105106,2614,IT,OC
23769,83.0,105108,4944,EC,BC
23770,83.0,105109,5915,EC,MBC
23771,83.0,105110,5536,CS,BC
23772,83.0,105111,1118,IT,SC
23773,83.0,105112,2729,AE,MBC
23774,83.0,105113,1513,CS,OC
23775,83.0,105114,4917,EE,BC
23776,83.0,105116,3830,IT,SC
23777,83.0,105117,1216,AD,SC
23778,83.0,105118,4964,EI,OC
23779,83.0,105119,2622,CH,MBC
23780,83.0,105121,2657,BT,OC
23781,83.0,105124,3844,BM,OC
23782,83.0,105125,4955,CE,OC
23783,83.0,105126,4949,ME,OC
23784,83.0,105127,3843,ME,OC
23785,83.0,105128,5703,IT,BC
23786,83.0,105130,4965,EE,BC
23787,83.0,105132,4669,ME,SC
23788,83.0,105133,2727,IT,SC
23789,83.0,105134,4964,AE,BC
23790,83.0,105137,1431,EE,OC
23791,83.0,105138,3425,CE,SC
23792,83.0,105139,2707,CH,BC
23793,83.0,105140,2632,ME,OC
23794,83.0,105142,1412,EC,OC
23795,83.0,105143,2347,ME,OC
23796,83.0,105146,2347,EE,OC
23797,83.0,105148,2640,CS,SC
23798,83.0,105150,3811,EC,OC
23799,83.0,105152,4669,CS,MBC
23800,83.0,105154,2609,IT,SC
23801,83.0,105156,2673,ME,OC
23802,83.0,105157,3464,CE,BC
23803,83.0,105161,4992,ME,OC
23804,83.0,105165,4975,EC,OC
23805,83.0,105166,1207,IT,SC
23806,83.0,105167,1409,BT,MBC
23807,83.0,105168,1013,ME,MBC
23808,83.0,105169,1322,EE,OC
23809,83.0,105170,4670,ME,BC
23810,83.0,105174,4933,EE,OC
23811,83.0,105176,2661,CS,SC
23812,83.0,105178,2342,EC,MBC
23813,83.0,105179,2642,CS,BC
23814,83.0,105180,1504,EC,BCM
23815,83.0,105182,2613,CE,SCA
23816,83.0,105183,1231,IT,SC
23817,83.0,105184,2735,EE,BC
23818,83.0,105185,1127,BT,SC
23819,83.0,105186,2651,ME,SC
23820,83.0,105192,2610,EE,MBC
23821,83.0,105194,1452,EC,BCM
23822,83.0,105196,3811,ME,OC
23823,83.0,105197,4969,CS,BCM
23824,83.0,105198,2707,ME,OC
23825,83.0,105199,2776,MZ,OC
23826,83.0,105201,2630,CS,BC
23827,83.0,105203,3782,ME,OC
23828,83.0,105205,2659,CS,MBC
23829,83.0,105206,3456,CS,MBC
23830,83.0,105207,2732,CS,OC
23831,83.0,105208,5930,CS,BC
23832,83.0,105209,2613,EC,MBC
23833,83.0,105210,2715,EE,MBC
23834,83.0,105211,1512,CS,OC
23835,83.0,105212,2653,ME,MBC
23836,83.0,105213,2643,EE,OC
23837,83.0,105214,5536,CS,MBC
23838,83.0,105215,5902,CS,MBC
23839,83.0,105216,1412,IT,OC
23840,83.0,105217,4953,CS,BC
23841,83.0,105219,4917,EE,SC
23842,83.0,105220,2743,CS,BC
23843,83.0,105221,1309,ME,SC
23844,83.0,105222,1207,RM,OC
23845,83.0,105224,2708,ME,OC
23846,83.0,105225,4675,CS,BCM
23847,83.0,105226,1523,CS,BC
23848,83.0,105227,3843,ME,OC
23849,83.0,105228,3826,ME,SC
23850,83.0,105229,2734,SB,SC
23851,83.0,105230,2623,CS,OC
23852,83.0,105231,2673,ME,OC
23853,83.0,105232,2651,CE,OC
23854,83.0,105233,1225,EC,BC
23855,83.0,105234,2750,AE,MBC
23856,83.0,105235,1325,IT,SC
23857,83.0,105236,2634,AE,OC
23858,83.0,105238,3701,EC,OC
23859,83.0,105239,2673,CS,SC
23860,83.0,105240,1221,CS,OC
23861,83.0,105242,2357,EE,MBC
23862,83.0,105243,3701,EC,OC
23863,83.0,105244,2636,EC,MBC
23864,83.0,105245,1408,EC,OC
23865,83.0,105246,4970,CS,MBC
23866,83.0,105247,4946,CE,OC
23867,83.0,105250,2601,EC,MBC
23868,83.0,105252,1509,EC,OC
23869,83.0,105253,4969,CS,BC
23870,83.0,105254,2658,EE,OC
23871,83.0,105255,3021,ME,OC
23872,83.0,105256,1126,AD,BC
23873,83.0,105257,2710,CE,MBC
23874,83.0,105258,2657,CS,SCA
23875,83.0,105259,2614,IT,OC
23876,83.0,105260,2327,EE,OC
23877,83.0,105261,2639,IT,MBC
23878,83.0,105262,3813,IT,MBC
23879,83.0,105263,4975,CS,BC
23880,83.0,105265,1316,CH,OC
23881,83.0,105266,3821,EE,OC
23882,83.0,105267,2707,ME,OC
23883,83.0,105268,1122,CE,OC
23884,83.0,105269,4675,EC,OC
23885,83.0,105270,4953,EE,BC
23886,83.0,105271,2665,PD,OC
23887,83.0,105273,1126,AD,MBC
23888,83.0,105275,3806,ME,MBC
23889,83.0,105276,5536,EC,BC
23890,83.0,105277,2624,BM,MBC
23891,83.0,105278,2622,ME,BC
23892,83.0,105279,2342,ME,OC
23893,83.0,105280,1420,CS,BC
23894,83.0,105281,2743,EC,OC
23895,83.0,105282,5912,CS,BC
23896,83.0,105283,1412,IT,OC
23897,83.0,105284,2636,CS,MBC
23898,83.0,105285,2740,PH,SC
23899,83.0,105287,5,ME,MBC
23900,83.0,105288,4984,IT,OC
23901,83.0,105289,2767,BM,SCA
23902,83.0,105290,2347,EC,MBC
23903,83.0,105291,4955,EC,MBC
23904,83.0,105292,4953,ME,BC
23905,83.0,105294,2345,EC,SC
23906,83.0,105295,2729,AE,BC
23907,83.0,105296,2659,BM,MBC
23908,83.0,105297,1123,AE,MBC
23909,83.0,105300,2632,EE,OC
23910,83.0,105301,4961,CS,SC
23911,83.0,105303,2710,IT,SCA
23912,83.0,105304,5919,BT,BC
23913,83.0,105305,5865,CS,SC
23914,83.0,105306,1202,CS,BC
23915,83.0,105307,1106,CS,BC
23916,83.0,105310,4676,EE,SC
23917,83.0,105311,2776,CS,BC
23918,83.0,105312,2769,CS,OC
23919,83.0,105316,1116,EC,OC
23920,83.0,105319,1207,ME,OC
23921,83.0,105320,1325,CS,BC
23922,83.0,105321,3760,CS,BC
23923,83.0,105322,2606,EC,OC
23924,83.0,105323,3813,EE,OC
23925,83.0,105324,2609,IT,MBC
23926,83.0,105325,5533,EE,OC
23927,83.0,105326,2625,CS,OC
23928,83.0,105327,2741,EE,OC
23929,83.0,105328,4686,CS,OC
23930,83.0,105331,3821,ME,OC
23931,83.0,105332,5904,CS,SC
23932,83.0,105333,1207,EC,BC
23933,83.0,105334,5930,EC,OC
23934,83.0,105335,5904,ME,OC
23935,83.0,105336,4943,AE,OC
23936,83.0,105337,5913,CS,SCA
23937,83.0,105338,2749,CS,OC
23938,83.0,105339,1421,ME,OC
23939,83.0,105340,2347,ME,OC
23940,83.0,105341,4983,ME,OC
23941,83.0,105342,2609,CS,SC
23942,83.0,105344,5842,CE,OC
23943,83.0,105345,2639,ME,OC
23944,83.0,105347,2609,ME,SCA
23945,83.0,105349,2646,CS,SC
23946,83.0,105350,1416,BM,SC
23947,83.0,105351,3821,CS,OC
23948,83.0,105354,2640,CS,SC
23949,83.0,105355,4957,ME,OC
23950,83.0,105356,2747,EE,OC
23951,83.0,105358,1150,AG,OC
23952,83.0,105359,1409,CS,SC
23953,83.0,105360,2747,EE,OC
23954,83.0,105361,3801,CS,SC
23955,83.0,105362,2639,ME,OC
23956,83.0,105365,2327,CS,BC
23957,83.0,105366,1202,EC,OC
23958,83.0,105367,1519,EC,OC
23959,83.0,105368,1212,ME,OC
23960,83.0,105369,2338,EE,OC
23961,83.0,105371,1408,CS,BC
23962,83.0,105372,3807,EC,BC
23963,83.0,105373,2338,BM,SCA
23964,83.0,105374,1212,EC,OC
23965,83.0,105375,2357,EC,MBC
23966,83.0,105376,1431,CS,SCA
23967,83.0,105379,1225,IT,SC
23968,83.0,105381,4676,EC,MBC
23969,83.0,105383,5915,EC,BC
23970,83.0,105384,3908,CS,BC
23971,82.5,105388,2606,ME,OC
23972,82.5,105389,3926,EE,OC
23973,82.5,105391,2611,EE,SC
23974,82.5,105392,5,CE,SC
23975,82.5,105394,3843,EC,MBC
23976,82.5,105395,2639,EC,MBC
23977,82.5,105396,2661,EC,OC
23978,82.5,105397,1501,CS,BC
23979,82.5,105398,4670,EE,BC
23980,82.5,105399,3849,ME,OC
23981,82.5,105400,5912,CS,BC
23982,82.5,105401,5904,EE,BC
23983,82.5,105402,2741,CS,SC
23984,82.5,105403,1412,ME,OC
23985,82.5,105404,2747,CS,MBC
23986,82.5,105405,1421,EC,SC
23987,82.5,105407,2617,EC,OC
23988,82.5,105408,1436,CS,OC
23989,82.5,105410,1519,CS,BC
23990,82.5,105411,2620,EC,BC
23991,82.5,105412,3815,CS,OC
23992,82.5,105413,2716,IT,SC
23993,82.5,105414,2610,ME,BC
23994,82.5,105415,2659,EE,MBC
23995,82.5,105417,3806,EC,SC
23996,82.5,105418,1127,CS,BC
23997,82.5,105419,2345,EC,SC
23998,82.5,105420,3820,CS,SC
23999,82.5,105423,1122,EC,SC
24000,82.5,105425,1412,CS,BC
24001,82.5,105426,3806,ME,SC
24002,82.5,105427,2643,EC,OC
24003,82.5,105428,4946,CS,OC
24004,82.5,105430,4669,CS,BC
24005,82.5,105431,4953,CS,BC
24006,82.5,105432,4670,EE,BC
24007,82.5,105433,1316,EE,BC
24008,82.5,105434,3829,EC,SC
24009,82.5,105436,4993,CS,BC
24010,82.5,105437,3811,ME,OC
24011,82.5,105439,4994,CS,BC
24012,82.5,105441,2627,EE,OC
24013,82.5,105442,2609,ME,MBC
24014,82.5,105443,1411,IT,OC
24015,82.5,105445,2713,EC,BC
24016,82.5,105446,4978,ME,OC
24017,82.5,105449,4669,EC,BC
24018,82.5,105450,2727,EE,BCM
24019,82.5,105453,1303,IT,BC
24020,82.5,105456,4670,ME,BC
24021,82.5,105457,2657,EC,OC
24022,82.5,105458,1126,AD,SC
24023,82.5,105459,4989,CS,OC
24024,82.5,105460,5842,CE,OC
24025,82.5,105462,2642,EE,MBC
24026,82.5,105463,2610,EC,SC
24027,82.5,105465,2617,CE,OC
24028,82.5,105468,2747,CS,BC
24029,82.5,105469,2357,ME,SC
24030,82.5,105470,5919,EE,OC
24031,82.5,105471,1322,ME,OC
24032,82.5,105473,5915,EC,MBC
24033,82.5,105474,1441,ME,OC
24034,82.5,105476,3850,CS,OC
24035,82.5,105477,2661,CE,OC
24036,82.5,105478,4968,CS,OC
24037,82.5,105479,3857,CS,OC
24038,82.5,105481,5703,EE,OC
24039,82.5,105483,5502,ME,BC
24040,82.5,105484,2639,ME,OC
24041,82.5,105485,2345,CS,SC
24042,82.5,105487,2727,EC,BC
24043,82.5,105488,4964,EE,OC
24044,82.5,105489,3805,FD,BC
24045,82.5,105491,1441,ME,OC
24046,82.5,105492,5536,AG,BC
24047,82.5,105493,2638,EC,OC
24048,82.5,105495,3817,ME,SC
24049,82.5,105497,1322,IT,SC
24050,82.5,105498,1422,EI,BC
24051,82.5,105501,3018,CS,MBC
24052,82.5,105502,2633,CS,OC
24053,82.5,105503,1316,AO,BCM
24054,82.5,105504,3462,CS,OC
24055,82.5,105505,3019,ME,OC
24056,82.5,105506,2617,CS,MBC
24057,82.5,105507,2329,EC,MBC
24058,82.5,105511,3760,EE,OC
24059,82.5,105512,2762,CS,MBC
24060,82.5,105513,2729,AE,BC
24061,82.5,105514,1116,EE,OC
24062,82.5,105517,2642,ME,OC
24063,82.5,105518,5865,ME,OC
24064,82.5,105519,2620,EE,BC
24065,82.5,105520,4984,CS,BC
24066,82.5,105522,4024,GI,SC
24067,82.5,105523,4966,EC,OC
24068,82.5,105524,3830,ME,BC
24069,82.5,105525,4984,EC,OC
24070,82.5,105526,1123,CS,SC
24071,82.5,105527,2719,CE,SC
24072,82.5,105530,2763,CS,SCA
24073,82.5,105532,1226,CS,MBC
24074,82.5,105533,4966,EC,OC
24075,82.5,105534,3456,CS,SC
24076,82.5,105536,3819,EE,BC
24077,82.5,105537,2610,CS,SC
24078,82.5,105538,3805,CS,BCM
24079,82.5,105539,2610,EC,BC
24080,82.5,105540,2744,CS,MBC
24081,82.5,105541,1424,CS,BC
24082,82.5,105542,2354,ME,OC
24083,82.5,105543,2745,AD,OC
24084,82.5,105544,4917,ME,MBC
24085,82.5,105545,2360,CS,BC
24086,82.5,105546,3806,ME,BC
24087,82.5,105547,5022,EC,MBC
24088,82.5,105548,2617,CS,BC
24089,82.5,105549,4672,CE,OC
24090,82.5,105550,4680,EE,MBC
24091,82.5,105551,2651,CS,BCM
24092,82.5,105552,2758,IT,OC
24093,82.5,105555,2732,CS,OC
24094,82.5,105556,2346,CS,SC
24095,82.5,105557,2614,CS,BC
24096,82.5,105558,2609,AE,BC
24097,82.5,105559,3860,EE,OC
24098,82.5,105561,3819,ME,BC
24099,82.5,105563,1213,BM,SC
24100,82.5,105565,2659,EC,BC
24101,82.5,105566,3855,ME,OC
24102,82.5,105567,2729,AD,BC
24103,82.5,105569,2609,EC,SC
24104,82.5,105570,2329,BM,SC
24105,82.5,105571,2357,CS,SC
24106,82.5,105572,2620,EC,MBC
24107,82.5,105573,3811,CS,SC
24108,82.5,105574,2327,EC,OC
24109,82.5,105575,3462,ME,OC
24110,82.5,105576,2314,CS,MBC
24111,82.5,105578,5703,CS,SC
24112,82.5,105579,3410,EE,MBC
24113,82.5,105580,2614,TX,MBC
24114,82.5,105581,2715,EC,SC
24115,82.5,105582,1437,ME,OC
24116,82.5,105583,2357,EE,SC
24117,82.5,105584,1407,BM,BC
24118,82.5,105585,4949,MZ,BC
24119,82.5,105586,2683,BM,ST
24120,82.5,105588,1413,EE,OC
24121,82.5,105590,3804,ME,OC
24122,82.5,105592,5530,ME,OC
24123,82.5,105593,2634,ME,OC
24124,82.5,105594,3766,ME,OC
24125,82.5,105596,1408,CS,BC
24126,82.5,105598,2606,EC,OC
24127,82.5,105599,2338,CS,OC
24128,82.5,105601,2707,EE,SC
24129,82.5,105602,5990,EC,OC
24130,82.5,105604,1322,CS,BC
24131,82.5,105605,4952,CS,OC
24132,82.5,105607,2733,ME,OC
24133,82.5,105608,4964,ME,MBC
24134,82.5,105610,4670,ME,BC
24135,82.5,105611,1322,IT,BC
24136,82.5,105613,1127,CS,MBC
24137,82.5,105614,1412,CS,MBC
24138,82.5,105615,3831,IT,BC
24139,82.5,105616,1301,CS,MBC
24140,82.5,105618,1110,CS,SC
24141,82.5,105619,3812,CS,SC
24142,82.5,105620,2762,CS,SC
24143,82.5,105621,4953,EE,BC
24144,82.5,105622,4928,EE,OC
24145,82.5,105624,2345,EE,BC
24146,82.5,105625,2733,ME,OC
24147,82.5,105626,4959,CS,MBC
24148,82.5,105628,1207,IT,SC
24149,82.5,105629,3464,CE,MBC
24150,82.5,105630,1202,EC,OC
24151,82.5,105631,2621,MZ,OC
24152,82.5,105632,2673,CS,SC
24153,82.5,105636,4946,ME,OC
24154,82.5,105637,2666,BM,OC
24155,82.5,105640,2650,EC,OC
24156,82.5,105646,2625,CH,OC
24157,82.5,105647,2664,TX,OC
24158,82.5,105649,4998,EC,BC
24159,82.5,105650,2342,CE,OC
24160,82.5,105652,2628,AD,MBC
24161,82.5,105653,1106,CS,BCM
24162,82.5,105654,4917,IT,SC
24163,82.5,105655,2733,FT,OC
24164,82.5,105656,1114,EC,MBC
24165,82.5,105657,2638,EE,ST
24166,82.5,105658,1110,IT,MBC
24167,82.5,105659,2755,FD,BC
24168,82.5,105660,4975,CS,SC
24169,82.5,105661,2618,ME,MBC
24170,82.5,105663,2725,EE,BC
24171,82.5,105664,4678,ME,MBC
24172,82.5,105665,1226,EE,OC
24173,82.5,105666,1212,ME,OC
24174,82.5,105667,3806,ME,BC
24175,82.5,105668,1408,CS,SC
24176,82.5,105669,4676,CE,OC
24177,82.5,105670,1238,EC,BC
24178,82.5,105671,2607,ME,OC
24179,82.5,105672,2610,BT,MBC
24180,82.5,105673,2710,EE,MBC
24181,82.5,105674,1421,CS,ST
24182,82.5,105675,2659,EC,MBC
24183,82.5,105676,1127,IT,OC
24184,82.5,105677,2752,ME,OC
24185,82.5,105678,1525,CS,MBC
24186,82.5,105679,5536,ME,OC
24187,82.5,105680,2627,EC,SC
24188,82.5,105681,1126,AD,MBC
24189,82.5,105682,1114,EC,MBC
24190,82.5,105683,2755,FD,MBC
24191,82.5,105686,2726,CE,OC
24192,82.5,105687,2725,EE,BC
24193,82.5,105688,4964,EE,OC
24194,82.5,105689,2659,EC,SCA
24195,82.5,105691,5865,EE,BC
24196,82.5,105693,5536,CS,MBC
24197,82.5,105695,2715,AG,BC
24198,82.5,105696,4975,CE,OC
24199,82.5,105697,2347,EE,BC
24200,82.5,105698,1408,CS,MBC
24201,82.5,105700,2707,ME,SC
24202,82.5,105701,3425,CE,SC
24203,82.5,105702,1325,EC,BCM
24204,82.5,105703,2609,CS,SC
24205,82.5,105704,2623,CS,OC
24206,82.5,105705,1505,ME,OC
24207,82.5,105706,2727,CS,SCA
24208,82.5,105708,3425,ME,BC
24209,82.5,105710,2357,CE,SC
24210,82.5,105711,1449,CS,OC
24211,82.5,105713,4953,ME,SC
24212,82.5,105714,3456,CS,MBC
24213,82.5,105715,2338,ME,OC
24214,82.5,105718,1207,EC,SC
24215,82.5,105720,4984,EC,OC
24216,82.5,105721,2726,CS,SC
24217,82.5,105724,2620,EE,BC
24218,82.5,105728,5919,BT,BC
24219,82.5,105729,1207,CS,BC
24220,82.5,105731,4953,EE,BC
24221,82.5,105734,1325,ME,ST
24222,82.5,105735,5865,ME,OC
24223,82.5,105737,2640,EE,OC
24224,82.5,105738,2354,CS,BC
24225,82.5,105741,2650,ME,OC
24226,82.5,105742,3459,ME,OC
24227,82.5,105743,1412,CS,MBC
24228,82.5,105746,2354,CS,BC
24229,82.5,105747,5935,AU,OC
24230,82.5,105748,2329,CS,MBC
24231,82.5,105750,2767,EE,SC
24232,82.5,105751,1126,CS,BC
24233,82.5,105753,1510,EC,OC
24234,82.5,105755,1150,FD,OC
24235,82.5,105756,2716,EC,OC
24236,82.5,105758,3410,EC,MBC
24237,82.5,105759,2717,AD,OC
24238,82.5,105760,2769,PD,OC
24239,82.5,105761,3464,ME,BCM
24240,82.5,105762,1431,IT,MBC
24241,82.5,105763,5842,CS,OC
24242,82.5,105765,2646,ME,OC
24243,82.5,105766,4954,ME,BC
24244,82.5,105767,4917,CE,MBC
24245,82.5,105768,5935,AU,OC
24246,82.5,105772,4976,AE,OC
24247,82.5,105773,4984,IT,BC
24248,82.5,105774,2630,CS,BC
24249,82.5,105775,2609,MC,MBC
24250,82.5,105777,2314,EC,SC
24251,82.5,105778,3804,EC,OC
24252,82.5,105780,2609,AD,BC
24253,82.5,105781,4941,CS,OC
24254,82.5,105782,2345,EE,BC
24255,82.5,105784,1452,EC,SC
24256,82.5,105785,4680,EC,BC
24257,82.5,105786,3920,CS,OC
24258,82.5,105787,4989,IT,OC
24259,82.5,105788,1431,IT,BC
24260,82.5,105790,2710,IT,SC
24261,82.5,105792,1513,CS,OC
24262,82.5,105793,4981,EE,BC
24263,82.5,105795,2707,EC,SC
24264,82.5,105796,1202,CS,SC
24265,82.5,105797,2725,ME,OC
24266,82.5,105800,5536,CS,BC
24267,82.5,105801,4974,EE,SCA
24268,82.5,105803,4927,CS,OC
24269,82.5,105804,2621,CS,BCM
24270,82.5,105805,2345,EC,SC
24271,82.5,105806,3462,CS,OC
24272,82.5,105807,2360,EE,OC
24273,82.5,105808,4864,ME,BC
24274,82.5,105809,2707,CS,MBC
24275,82.5,105810,3462,ME,OC
24276,82.5,105812,1516,EC,ST
24277,82.5,105813,2620,EC,MBC
24278,82.5,105814,3905,ME,SC
24279,82.5,105815,1310,AD,BC
24280,82.5,105816,1123,CS,SC
24281,82.5,105817,5911,CS,OC
24282,82.5,105818,4676,CS,BC
24283,82.5,105820,1126,RM,BC
24284,82.5,105821,2651,EC,BC
24285,82.5,105822,2613,CE,BC
24286,82.5,105824,1213,CS,OC
24287,82.5,105825,2341,BM,MBC
24288,82.5,105826,1303,EE,MBC
24289,82.5,105828,4964,CS,BC
24290,82.5,105830,3905,ME,MBC
24291,82.5,105831,3821,EC,OC
24292,82.5,105833,2741,ME,OC
24293,82.5,105834,2360,CS,BC
24294,82.5,105835,3820,ME,OC
24295,82.5,105836,2621,ME,OC
24296,82.5,105838,2722,IC,MBC
24297,82.5,105839,2673,ME,OC
24298,82.5,105840,3829,EE,BC
24299,82.5,105841,2749,CS,OC
24300,82.5,105842,3813,CS,MBC
24301,82.5,105843,2632,EE,OC
24302,82.5,105844,2657,BT,OC
24303,82.5,105845,1114,ME,OC
24304,82.5,105846,2606,ME,OC
24305,82.5,105847,3459,CS,SC
24306,82.5,105848,1210,CO,SC
24307,82.5,105849,4948,FT,OC
24308,82.5,105850,1518,EE,OC
24309,82.5,105851,2632,CS,MBC
24310,82.5,105853,2360,EC,OC
24311,82.5,105854,2652,ME,OC
24312,82.5,105855,2666,AG,OC
24313,82.5,105856,2634,IT,OC
24314,82.5,105858,3018,CS,SC
24315,82.5,105859,2342,EE,OC
24316,82.5,105861,3831,EC,BC
24317,82.5,105862,1207,CS,MBC
24318,82.5,105863,2639,EC,MBC
24319,82.5,105865,3018,CS,SC
24320,82.5,105866,1123,EE,OC
24321,82.5,105871,2706,ME,BC
24322,82.5,105872,1422,AG,BC
24323,82.5,105874,1421,EC,BCM
24324,82.5,105875,5530,ME,OC
24325,82.5,105876,5907,IT,SCA
24326,82.5,105877,2661,EC,OC
24327,82.5,105878,2623,CS,OC
24328,82.5,105879,2707,IT,MBC
24329,82.5,105882,2338,ME,OC
24330,82.5,105883,2713,CS,SC
24331,82.5,105884,1431,CS,MBC
24332,82.5,105885,1441,ME,OC
24333,82.5,105888,2661,CS,BC
24334,82.5,105889,4672,CE,OC
24335,82.5,105890,1525,EE,OC
24336,82.5,105891,2747,CS,SC
24337,82.5,105892,2650,EE,OC
24338,82.5,105893,4953,EE,BC
24339,82.5,105894,5530,CE,OC
24340,82.5,105896,3462,CS,OC
24341,82.5,105897,2622,ME,SC
24342,82.5,105898,2744,ME,MBC
24343,82.5,105899,4978,BT,SC
24344,82.5,105900,2743,BM,SC
24345,82.5,105901,3804,AG,SC
24346,82.5,105902,2613,CE,MBC
24347,82.5,105903,2646,CS,SC
24348,82.5,105905,2731,ME,OC
24349,82.5,105906,4864,CE,OC
24350,82.5,105907,2758,IT,OC
24351,82.5,105909,1452,ME,OC
24352,82.5,105911,1114,EC,MBC
24353,82.5,105912,2650,EC,OC
24354,82.5,105915,2665,CS,OC
24355,82.5,105916,4928,EE,OC
24356,82.5,105917,2750,ME,BCM
24357,82.5,105918,3806,EC,SC
24358,82.5,105919,4949,EC,OC
24359,82.5,105921,2623,ME,OC
24360,82.5,105922,1116,ME,OC
24361,82.5,105923,1216,CE,OC
24362,82.5,105924,2772,ME,OC
24363,82.5,105925,4975,EE,OC
24364,82.5,105926,5901,ME,SCA
24365,82.5,105927,3806,EC,BC
24366,82.5,105928,2341,ME,OC
24367,82.5,105930,1133,CE,OC
24368,82.5,105933,2602,MD,OC
24369,82.5,105936,1301,EE,SC
24370,82.5,105938,3804,BM,SC
24371,82.5,105942,2666,AG,OC
24372,82.5,105945,2609,CS,SC
24373,82.5,105946,1213,BM,SC
24374,82.5,105947,1521,EC,OC
24375,82.5,105948,2657,CS,SC
24376,82.5,105949,1510,ME,OC
24377,82.5,105950,1421,CE,OC
24378,82.5,105951,1218,BM,BC
24379,82.5,105952,2625,EE,OC
24380,82.5,105954,1421,ME,OC
24381,82.5,105956,2661,CS,MBC
24382,82.5,105957,2627,EC,SC
24383,82.5,105959,4949,ME,OC
24384,82.5,105960,2625,CS,OC
24385,82.5,105961,2707,EI,SC
24386,82.5,105962,3810,AG,BC
24387,82.5,105965,4978,BT,SC
24388,82.5,105966,1325,ME,SC
24389,82.5,105967,2673,EE,OC
24390,82.5,105968,3786,MZ,OC
24391,82.5,105969,2341,EC,OC
24392,82.5,105971,4955,ME,BC
24393,82.5,105973,2338,BM,SC
24394,82.0,105975,1013,ME,SC
24395,82.0,105977,2625,CH,OC
24396,82.0,105978,1501,CS,MBC
24397,82.0,105979,2625,CH,OC
24398,82.0,105980,1510,ME,OC
24399,82.0,105981,4933,EE,OC
24400,82.0,105982,2636,ME,OC
24401,82.0,105984,2601,CE,OC
24402,82.0,105985,2708,CS,SC
24403,82.0,105986,2611,CS,MBC
24404,82.0,105987,1101,CS,BC
24405,82.0,105989,1211,CE,MBC
24406,82.0,105990,1422,EE,MBC
24407,82.0,105991,1216,EC,MBC
24408,82.0,105992,1202,CS,BC
24409,82.0,105995,2609,IT,MBC
24410,82.0,105997,1207,IT,SC
24411,82.0,105999,4968,CE,OC
24412,82.0,106002,2329,CS,MBC
24413,82.0,106004,2651,FT,MBC
24414,82.0,106005,2329,EC,SC
24415,82.0,106006,2710,ET,BC
24416,82.0,106007,1523,CS,MBC
24417,82.0,106009,4023,XC,OC
24418,82.0,106012,3843,EC,MBC
24419,82.0,106013,1520,CS,MBC
24420,82.0,106014,2609,MC,MBC
24421,82.0,106015,2707,AD,MBC
24422,82.0,106018,3841,AD,BC
24423,82.0,106019,2610,AD,BC
24424,82.0,106021,2632,EC,OC
24425,82.0,106022,2328,CS,SC
24426,82.0,106023,2726,EE,OC
24427,82.0,106025,2731,EE,OC
24428,82.0,106026,3908,EE,OC
24429,82.0,106028,3905,EC,SC
24430,82.0,106029,2722,ME,BC
24431,82.0,106031,2607,CS,SC
24432,82.0,106032,3795,EC,SC
24433,82.0,106035,3819,EC,SC
24434,82.0,106036,2711,ME,MBC
24435,82.0,106037,3841,CS,MBC
24436,82.0,106038,4957,CS,SC
24437,82.0,106039,4670,ME,BC
24438,82.0,106040,2601,EE,OC
24439,82.0,106042,2715,ME,OC
24440,82.0,106043,1523,EC,OC
24441,82.0,106044,2610,EC,BC
24442,82.0,106045,1512,CS,OC
24443,82.0,106046,2653,ME,BCM
24444,82.0,106047,4954,IT,MBC
24445,82.0,106048,1507,IT,MBC
24446,82.0,106051,1310,IT,BC
24447,82.0,106052,4669,EE,SC
24448,82.0,106053,3410,EE,MBC
24449,82.0,106054,5862,CS,OC
24450,82.0,106055,1420,IT,MBC
24451,82.0,106057,2708,EE,MBC
24452,82.0,106059,1421,CE,OC
24453,82.0,106060,1421,ME,OC
24454,82.0,106061,1120,EC,SC
24455,82.0,106063,3841,CS,BC
24456,82.0,106066,2347,EE,BC
24457,82.0,106068,1520,CS,MBC
24458,82.0,106069,2659,CS,MBC
24459,82.0,106070,3825,CS,SC
24460,82.0,106073,4964,EC,OC
24461,82.0,106074,2752,IT,MBC
24462,82.0,106075,3860,CS,SC
24463,82.0,106076,3813,CS,BCM
24464,82.0,106077,1303,EC,OC
24465,82.0,106078,1424,AD,BC
24466,82.0,106083,2646,EE,MBC
24467,82.0,106084,5902,EE,OC
24468,82.0,106085,2636,EE,SC
24469,82.0,106086,4993,IT,BC
24470,82.0,106087,1519,IT,OC
24471,82.0,106088,1452,EC,BC
24472,82.0,106089,1413,EC,BC
24473,82.0,106090,4953,ME,BC
24474,82.0,106092,3803,ME,SC
24475,82.0,106093,2707,RM,SCA
24476,82.0,106096,3811,ME,OC
24477,82.0,106100,2659,CS,SC
24478,82.0,106101,1133,CS,OC
24479,82.0,106102,1303,AD,SC
24480,82.0,106103,2357,ME,BC
24481,82.0,106104,2653,ME,MBC
24482,82.0,106105,5921,EC,OC
24483,82.0,106106,1430,EE,SC
24484,82.0,106107,2708,EC,BC
24485,82.0,106108,2613,EC,SCA
24486,82.0,106109,3805,EC,BC
24487,82.0,106112,3826,ME,BC
24488,82.0,106113,2633,EC,OC
24489,82.0,106114,3806,CS,MBC
24490,82.0,106115,4946,CE,OC
24491,82.0,106116,4864,CE,OC
24492,82.0,106117,2707,EC,MBC
24493,82.0,106119,2327,EE,OC
24494,82.0,106120,2744,EC,OC
24495,82.0,106122,3807,ME,SC
24496,82.0,106123,2328,CS,SC
24497,82.0,106125,1122,ME,BC
24498,82.0,106126,4020,GI,MBC
24499,82.0,106127,5904,ME,OC
24500,82.0,106128,2618,EC,SC
24501,82.0,106129,2636,ME,OC
24502,82.0,106130,3820,CS,SC
24503,82.0,106131,1505,CS,BC
24504,82.0,106132,3425,EE,BC
24505,82.0,106133,3831,CE,OC
24506,82.0,106135,2646,CS,SCA
24507,82.0,106138,3848,EC,OC
24508,82.0,106139,2614,IT,OC
24509,82.0,106140,1518,IT,OC
24510,82.0,106141,3410,ME,OC
24511,82.0,106142,3811,ME,OC
24512,82.0,106144,2610,ME,MBC
24513,82.0,106145,2750,ME,SC
24514,82.0,106146,2661,IT,MBC
24515,82.0,106147,1518,IT,OC
24516,82.0,106149,1101,CE,OC
24517,82.0,106150,1442,AD,BC
24518,82.0,106151,2743,ME,OC
24519,82.0,106152,2652,ME,BC
24520,82.0,106153,5914,EE,OC
24521,82.0,106154,2609,MC,MBC
24522,82.0,106155,3805,ME,OC
24523,82.0,106157,2636,CS,BC
24524,82.0,106158,2625,CS,OC
24525,82.0,106159,4993,ME,OC
24526,82.0,106164,2613,EE,BC
24527,82.0,106165,2630,EE,SCA
24528,82.0,106166,2609,PH,BC
24529,82.0,106167,1217,AD,OC
24530,82.0,106168,2621,CS,SC
24531,82.0,106170,2735,ME,BC
24532,82.0,106171,2743,CB,BC
24533,82.0,106173,4944,EC,BC
24534,82.0,106177,2609,IT,SCA
24535,82.0,106179,2347,EC,MBC
24536,82.0,106180,2610,CH,SC
24537,82.0,106181,2625,AG,MBC
24538,82.0,106182,4969,CS,SC
24539,82.0,106185,2755,CS,SC
24540,82.0,106186,3806,CB,SC
24541,82.0,106187,2627,ME,OC
24542,82.0,106188,2749,AG,OC
24543,82.0,106189,2634,AE,OC
24544,82.0,106190,1441,EC,OC
24545,82.0,106192,2625,EC,OC
24546,82.0,106193,2609,AG,SC
24547,82.0,106194,2634,IT,OC
24548,82.0,106195,2753,CS,SC
24549,82.0,106196,2367,ME,OC
24550,82.0,106197,3810,CE,OC
24551,82.0,106198,2640,CS,SCA
24552,82.0,106200,5010,ME,SC
24553,82.0,106201,3019,EC,BC
24554,82.0,106202,2747,EE,OC
24555,82.0,106205,2606,ME,OC
24556,82.0,106206,2666,BM,OC
24557,82.0,106207,2632,CS,BC
24558,82.0,106209,2342,ME,SC
24559,82.0,106210,2357,CE,BC
24560,82.0,106211,2623,IT,BC
24561,82.0,106213,2625,BM,MBC
24562,82.0,106215,3466,CS,OC
24563,82.0,106216,2622,IT,MBC
24564,82.0,106218,2638,EE,SC
24565,82.0,106219,2636,ME,OC
24566,82.0,106220,3454,ME,OC
24567,82.0,106221,3410,ME,OC
24568,82.0,106222,2755,FD,BC
24569,82.0,106223,2707,AD,MBC
24570,82.0,106224,2613,EC,BC
24571,82.0,106225,3804,CS,SC
24572,82.0,106226,3806,CE,OC
24573,82.0,106228,1507,EC,OC
24574,82.0,106229,1430,EE,SCA
24575,82.0,106232,4964,CS,BC
24576,82.0,106234,2639,EE,MBC
24577,82.0,106236,2650,ME,OC
24578,82.0,106237,4969,CS,BC
24579,82.0,106238,3826,EE,BCM
24580,82.0,106240,5530,EE,OC
24581,82.0,106243,1444,ME,OC
24582,82.0,106244,2622,ME,SC
24583,82.0,106247,4931,EE,OC
24584,82.0,106248,3829,IT,MBC
24585,82.0,106249,2622,EE,SC
24586,82.0,106250,4993,BM,BC
24587,82.0,106252,2611,PH,OC
24588,82.0,106253,4680,CS,SC
24589,82.0,106254,1510,EC,OC
24590,82.0,106255,4917,EC,MBC
24591,82.0,106256,2611,IT,SC
24592,82.0,106257,2622,CS,MBC
24593,82.0,106259,2624,BT,OC
24594,82.0,106260,2601,CS,SC
24595,82.0,106261,2715,EE,MBC
24596,82.0,106262,3811,CS,SC
24597,82.0,106263,2614,PE,OC
24598,82.0,106264,2622,ME,BC
24599,82.0,106266,2610,CE,OC
24600,82.0,106267,2606,EE,MBC
24601,82.0,106268,1106,EE,OC
24602,82.0,106269,2620,EE,SC
24603,82.0,106270,2621,EC,MBC
24604,82.0,106271,3843,ME,MBC
24605,82.0,106273,2636,EC,BC
24606,82.0,106274,2743,CS,BC
24607,82.0,106276,2610,CE,OC
24608,82.0,106278,3410,EE,MBC
24609,82.0,106279,2726,EC,BC
24610,82.0,106280,2354,CE,OC
24611,82.0,106281,2625,IT,OC
24612,82.0,106282,2607,NS,OC
24613,82.0,106283,3019,EE,SC
24614,82.0,106285,2621,MZ,OC
24615,82.0,106287,3833,EC,OC
24616,82.0,106288,3805,EE,OC
24617,82.0,106291,2612,CS,BC
24618,82.0,106292,2610,MD,OC
24619,82.0,106295,2652,EC,MBC
24620,82.0,106297,2718,ME,SC
24621,82.0,106300,4964,EE,OC
24622,82.0,106301,4965,EC,MBC
24623,82.0,106302,3826,ME,SC
24624,82.0,106303,1520,ME,OC
24625,82.0,106304,5912,ME,OC
24626,82.0,106305,2736,CS,SCA
24627,82.0,106306,2647,CS,OC
24628,82.0,106308,2643,EC,OC
24629,82.0,106309,4955,ME,SCA
24630,82.0,106310,5930,CS,SC
24631,82.0,106311,1507,IT,BC
24632,82.0,106312,2621,CE,OC
24633,82.0,106312,3811,ME,OC
24634,82.0,106313,4961,CS,BC
24635,82.0,106315,3019,EE,MBC
24636,82.0,106316,2715,EC,MBC
24637,82.0,106318,2638,EC,OC
24638,82.0,106319,5901,EE,SCA
24639,82.0,106321,3425,CE,BC
24640,82.0,106323,2609,IT,MBC
24641,82.0,106325,2659,CE,OC
24642,82.0,106327,2711,CS,SCA
24643,82.0,106328,3815,IT,BC
24644,82.0,106330,1201,IT,OC
24645,82.0,106331,2716,AE,MBC
24646,82.0,106333,2347,EC,MBC
24647,82.0,106335,3843,EC,SC
24648,82.0,106336,1422,ME,MBC
24649,82.0,106337,3826,EC,SC
24650,82.0,106338,2630,CS,MBC
24651,82.0,106339,2357,CS,MBC
24652,82.0,106341,4917,EE,MBC
24653,82.0,106342,3807,EE,OC
24654,82.0,106343,4934,EC,OC
24655,82.0,106344,1434,CS,BC
24656,82.0,106346,1431,CS,BC
24657,82.0,106347,4672,EC,BC
24658,82.0,106348,2628,CS,OC
24659,82.0,106349,2726,FD,SC
24660,82.0,106351,2707,EE,BC
24661,82.0,106352,1014,CS,BCM
24662,82.0,106353,4957,EC,BC
24663,82.0,106356,4964,CS,BC
24664,82.0,106357,1420,IT,BC
24665,82.0,106359,2707,ME,BC
24666,82.0,106360,5536,ME,OC
24667,82.0,106362,3860,ME,OC
24668,82.0,106363,5022,EC,BC
24669,82.0,106364,3786,CS,BC
24670,82.0,106365,2752,CS,BC
24671,82.0,106366,1322,BM,BC
24672,82.0,106368,2641,CS,MBC
24673,82.0,106370,4864,CE,OC
24674,82.0,106371,3860,EE,OC
24675,82.0,106372,2609,IT,BC
24676,82.0,106373,4993,BM,SC
24677,82.0,106374,3841,CE,BCM
24678,82.0,106375,5913,CE,OC
24679,82.0,106376,3804,CS,SC
24680,82.0,106377,3807,EC,SC
24681,82.0,106378,2741,EC,SC
24682,82.0,106379,2356,CS,OC
24683,82.0,106380,3860,CS,MBC
24684,82.0,106382,1518,IT,OC
24685,82.0,106384,4933,ME,OC
24686,82.0,106385,2665,ME,OC
24687,82.0,106386,5988,ME,OC
24688,82.0,106387,4967,CS,OC
24689,82.0,106388,5912,CE,OC
24690,82.0,106389,1525,CS,SC
24691,82.0,106390,2633,ME,OC
24692,82.0,106391,1303,ME,OC
24693,82.0,106392,2633,EE,OC
24694,82.0,106394,1504,BT,MBC
24695,82.0,106396,2740,EC,BC
24696,82.0,106397,3806,CB,MBC
24697,82.0,106398,5009,CE,SC
24698,82.0,106399,1202,EE,OC
24699,82.0,106400,1437,EC,OC
24700,82.0,106401,4669,EC,BC
24701,82.0,106404,5910,ME,MBC
24702,82.0,106405,5,EE,MBC
24703,82.0,106406,3908,ME,OC
24704,82.0,106407,1421,CS,BCM
24705,82.0,106408,1106,EC,OC
24706,82.0,106412,4949,MZ,BC
24707,82.0,106414,2327,CE,OC
24708,82.0,106415,1122,CS,SC
24709,82.0,106417,2683,CS,OC
24710,82.0,106418,4953,CE,OC
24711,82.0,106419,3810,CS,SC
24712,82.0,106420,3016,CE,OC
24713,82.0,106422,2743,BM,MBC
24714,82.0,106425,1521,CS,SC
24715,82.0,106427,1432,CS,SC
24716,82.0,106428,2767,BM,MBC
24717,82.0,106429,2772,EE,OC
24718,82.0,106430,2661,CS,BC
24719,82.0,106431,3905,EC,SC
24720,82.0,106432,1519,CE,OC
24721,82.0,106434,5530,ME,OC
24722,82.0,106435,2356,CS,OC
24723,82.0,106436,2345,EE,MBC
24724,82.0,106437,2632,EC,OC
24725,82.0,106438,5865,CS,MBC
24726,82.0,106441,2659,CE,OC
24727,82.0,106442,4953,EC,MBC
24728,82.0,106443,1322,EE,OC
24729,82.0,106444,2736,CS,SC
24730,82.0,106448,2617,ME,OC
24731,82.0,106450,3766,EC,OC
24732,82.0,106452,2625,EE,OC
24733,82.0,106453,1507,EC,OC
24734,82.0,106454,1126,EC,BC
24735,82.0,106456,1201,CS,OC
24736,82.0,106457,1501,CS,MBC
24737,82.0,106459,2651,CS,BC
24738,82.0,106460,1325,EC,SC
24739,82.0,106463,1325,EC,BCM
24740,82.0,106464,2659,EC,BC
24741,82.0,106465,5915,EC,BC
24742,82.0,106466,1322,CS,BC
24743,82.0,106470,1127,CS,MBC
24744,82.0,106471,3843,ME,MBC
24745,82.0,106472,2707,EC,BC
24746,82.0,106473,1507,IT,MBC
24747,82.0,106474,3425,EE,BC
24748,82.0,106476,2622,CH,SC
24749,82.0,106479,3410,EC,BC
24750,82.0,106480,2630,CS,MBC
24751,82.0,106481,2608,IT,SC
24752,82.0,106484,2614,TX,MBC
24753,82.0,106485,4676,EE,SC
24754,82.0,106486,2707,AD,BCM
24755,82.0,106489,3825,CS,BC
24756,82.0,106491,2651,FT,SC
24757,82.0,106492,1126,CS,SCA
24758,82.0,106493,4993,CS,MBC
24759,82.0,106495,1325,EE,OC
24760,82.0,106497,2767,ME,OC
24761,82.0,106500,3458,PE,OC
24762,82.0,106501,2347,EE,SCA
24763,82.0,106503,2758,CS,SC
24764,82.0,106504,2357,CS,MBC
24765,82.0,106506,4957,IT,BC
24766,82.0,106507,2708,EC,MBC
24767,82.0,106509,3806,EE,MBC
24768,82.0,106511,5904,EE,BC
24769,82.0,106512,2601,ME,OC
24770,82.0,106513,2707,EE,SC
24771,82.0,106514,2346,CS,MBC
24772,82.0,106515,4993,CS,BC
24773,82.0,106516,2621,MZ,OC
24774,82.0,106519,3826,ME,BC
24775,82.0,106520,5910,CE,BC
24776,82.0,106521,2657,CS,BC
24777,82.0,106522,3810,CS,BC
24778,82.0,106524,1510,EE,OC
24779,82.0,106525,4957,ME,OC
24780,82.0,106526,2642,CS,BC
24781,82.0,106527,2657,ME,OC
24782,82.0,106529,1452,CE,OC
24783,82.0,106530,5530,CE,OC
24784,82.0,106531,2613,CE,SC
24785,82.0,106532,3018,EC,OC
24786,82.0,106533,2650,ME,OC
24787,82.0,106534,1216,ME,OC
24788,82.0,106536,5914,ME,OC
24789,82.0,106537,2749,IT,MBC
24790,82.0,106539,4917,ME,BC
24791,82.0,106541,5832,ME,OC
24792,82.0,106542,2620,EC,SC
24793,82.0,106544,1316,ME,BC
24794,82.0,106547,4941,CS,BC
24795,82.0,106548,1325,EC,SC
24796,82.0,106549,2659,CS,SC
24797,82.0,106550,2628,CS,OC
24798,82.0,106551,3806,EC,MBC
24799,82.0,106552,2651,CE,OC
24800,82.0,106555,2747,CS,SC
24801,82.0,106556,4960,CE,MBC
24802,82.0,106560,2741,CE,OC
24803,82.0,106561,1303,IT,MBC
24804,82.0,106562,2329,BM,BC
24805,82.0,106563,2606,EC,OC
24806,82.0,106564,5910,EC,MBC
24807,82.0,106565,2632,EC,OC
24808,82.0,106566,2651,CS,SC
24809,82.0,106567,5904,ME,OC
24810,82.0,106568,1110,EC,BC
24811,82.0,106569,2601,CS,SC
24812,82.0,106572,5832,EC,OC
24813,82.0,106573,3810,CS,SC
24814,82.0,106575,2609,CE,OC
24815,82.0,106576,5017,XM,OC
24816,82.0,106577,2614,IT,OC
24817,82.0,106578,2640,AD,OC
24818,82.0,106579,3905,ME,MBC
24819,82.0,106580,4917,AG,SC
24820,82.0,106581,4980,ME,OC
24821,82.0,106583,1322,CS,BC
24822,82.0,106584,3849,CS,OC
24823,82.0,106585,4676,CS,BC
24824,82.0,106588,5930,EC,OC
24825,82.0,106589,2327,CS,BC
24826,82.0,106591,2752,EE,OC
24827,82.0,106592,3813,ME,OC
24828,82.0,106593,4946,CS,OC
24829,82.0,106594,5930,ME,OC
24830,82.0,106596,2634,ME,OC
24831,82.0,106597,1133,CS,OC
24832,82.0,106598,2653,ME,MBC
24833,82.0,106599,3806,CS,SC
24834,82.0,106600,2357,EE,SC
24835,82.0,106601,3806,EC,BCM
24836,82.0,106605,2357,ME,BC
24837,82.0,106606,5907,CH,OC
24838,82.0,106607,3820,ME,OC
24839,82.0,106608,2744,EC,OC
24840,82.0,106610,2632,CS,MBC
24841,82.0,106611,3782,CS,BC
24842,82.0,106612,1518,CS,OC
24843,82.0,106613,3831,EC,MBC
24844,82.0,106614,3701,CE,MBC
24845,82.0,106619,4978,BT,SC
24846,82.0,106620,3860,ME,OC
24847,82.0,106621,4953,CS,BC
24848,82.0,106622,5910,BM,SC
24849,82.0,106623,2624,PH,OC
24850,82.0,106624,2357,CE,SC
24851,82.0,106625,1116,ME,OC
24852,82.0,106626,2628,EE,OC
24853,82.0,106628,3760,AG,MBC
24854,82.0,106629,3908,CE,OC
24855,82.0,106631,5536,EE,BC
24856,82.0,106632,2747,CS,MBC
24857,82.0,106633,2624,CS,SC
24858,82.0,106635,2314,AG,SC
24859,82.0,106636,2601,CH,BCM
24860,82.0,106639,2601,EE,OC
24861,82.0,106641,1207,IT,MBC
24862,82.0,106642,2609,AE,BC
24863,82.0,106643,4944,CE,OC
24864,82.0,106646,2329,BM,BC
24865,82.0,106647,2354,EC,OC
24866,82.0,106648,3760,ME,SC
24867,82.0,106649,2639,EC,BC
24868,82.0,106650,2628,BM,SCA
24869,82.0,106651,3462,CS,OC
24870,82.0,106652,1437,EC,OC
24871,82.0,106653,1441,CE,OC
24872,82.0,106654,1202,IT,SC
24873,82.0,106655,1322,CS,SC
24874,82.0,106656,3795,EC,BC
24875,82.0,106657,3849,CE,OC
24876,82.0,106659,2639,EE,BC
24877,82.0,106660,4669,CS,SC
24878,82.0,106661,4995,CS,OC
24879,82.0,106664,3760,EE,BC
24880,82.0,106665,1430,ME,SC
24881,82.0,106666,5532,EC,BC
24882,82.0,106667,2769,FD,OC
24883,82.0,106668,5536,CS,SCA
24884,82.0,106669,1026,EE,SC
24885,82.0,106671,2341,BM,MBC
24886,82.0,106672,1303,EC,OC
24887,82.0,106673,2628,CS,OC
24888,82.0,106674,2629,IT,MBC
24889,82.0,106675,2642,EE,MBC
24890,82.0,106676,5919,BT,SC
24891,82.0,106677,5930,EE,OC
24892,82.0,106678,1523,IT,MBC
24893,82.0,106679,3456,BM,SC
24894,82.0,106680,5930,CE,OC
24895,82.0,106683,1441,CS,SC
24896,82.0,106684,2628,BM,MBC
24897,82.0,106687,2657,BT,OC
24898,82.0,106688,2620,EE,SC
24899,82.0,106689,2651,EE,OC
24900,82.0,106692,1324,EC,SC
24901,82.0,106693,3820,EC,OC
24902,82.0,106694,1126,CS,BC
24903,82.0,106695,4670,ME,MBC
24904,82.0,106697,2369,CS,SCA
24905,82.0,106698,5502,ME,SC
24906,82.0,106699,5862,BM,SC
24907,82.0,106702,3804,EC,OC
24908,82.0,106703,1441,CS,SC
24909,82.0,106704,2621,CS,SC
24910,82.0,106705,3806,EC,BC
24911,82.0,106706,3855,EE,OC
24912,82.0,106707,3849,CS,OC
24913,82.0,106711,3766,CS,SC
24914,82.0,106712,2347,ME,OC
24915,82.0,106715,1123,CS,SC
24916,82.0,106716,4965,EE,BC
24917,82.0,106717,2634,IT,SCA
24918,81.8,106718,3766,EC,OC
24919,81.8,106721,4917,ME,BC
24920,81.5,106723,3848,CE,OC
24921,81.5,106726,2622,CH,MBC
24922,81.5,106727,1520,IT,SC
24923,81.5,106728,2729,AE,SC
24924,81.5,106729,3811,EE,OC
24925,81.5,106730,1122,CH,SC
24926,81.5,106732,1421,CE,OC
24927,81.5,106736,2609,IT,MBC
24928,81.5,106737,2341,BM,MBC
24929,81.5,106742,4670,EE,BCM
24930,81.5,106743,2710,EC,BCM
24931,81.5,106745,4975,CS,BC
24932,81.5,106746,2608,EE,SC
24933,81.5,106750,3459,CS,BC
24934,81.5,106751,3804,ME,OC
24935,81.5,106754,2763,EC,BC
24936,81.5,106756,3905,EE,SC
24937,81.5,106757,1519,IT,OC
24938,81.5,106758,2707,EC,SC
24939,81.5,106761,2652,CE,OC
24940,81.5,106762,1316,EC,SC
24941,81.5,106763,5902,ME,OC
24942,81.5,106764,5930,EC,OC
24943,81.5,106766,1434,EC,OC
24944,81.5,106767,2627,CS,BC
24945,81.5,106768,1210,EI,MBC
24946,81.5,106769,4676,EC,MBC
24947,81.5,106772,1316,IT,MBC
24948,81.5,106774,3810,CS,BC
24949,81.5,106776,2342,CS,BC
24950,81.5,106777,2715,CE,OC
24951,81.5,106779,1412,CS,SC
24952,81.5,106781,1127,ME,OC
24953,81.5,106782,2707,CS,SC
24954,81.5,106784,1452,CS,MBC
24955,81.5,106786,4933,EC,OC
24956,81.5,106787,3456,CS,MBC
24957,81.5,106788,5865,CS,MBC
24958,81.5,106792,3810,CS,SC
24959,81.5,106793,2640,CS,SCA
24960,81.5,106795,5842,CS,OC
24961,81.5,106796,3810,CS,BC
24962,81.5,106797,5910,ME,MBC
24963,81.5,106798,5935,CS,MBC
24964,81.5,106799,2623,CS,OC
24965,81.5,106800,3806,CB,BC
24966,81.5,106801,5919,CS,MBC
24967,81.5,106806,2601,ME,OC
24968,81.5,106807,1441,EE,OC
24969,81.5,106809,2602,MD,OC
24970,81.5,106810,3813,CS,BC
24971,81.5,106811,2613,ME,OC
24972,81.5,106813,5915,CS,MBC
24973,81.5,106815,3905,EE,MBC
24974,81.5,106817,2610,EE,SC
24975,81.5,106818,1426,ME,OC
24976,81.5,106819,3843,EC,SC
24977,81.5,106821,5009,CE,SC
24978,81.5,106822,3820,CE,OC
24979,81.5,106824,3812,CS,SC
24980,81.5,106825,3812,EC,OC
24981,81.5,106826,2762,AD,BC
24982,81.5,106828,4957,EC,BC
24983,81.5,106829,1441,CS,SC
24984,81.5,106831,2347,ME,OC
24985,81.5,106832,3846,CS,OC
24986,81.5,106835,3701,EC,OC
24987,81.5,106836,4989,ME,OC
24988,81.5,106837,2715,CE,OC
24989,81.5,106838,2614,TX,MBC
24990,81.5,106841,5990,CS,SC
24991,81.5,106842,3786,ME,OC
24992,81.5,106843,3804,AG,SC
24993,81.5,106847,1303,CS,SC
24994,81.5,106848,4676,EC,BC
24995,81.5,106849,3466,CS,OC
24996,81.5,106850,5010,CE,MBC
24997,81.5,106851,2338,EC,OC
24998,81.5,106853,2347,EC,MBC
24999,81.5,106854,1127,CS,MBC
25000,81.5,106855,2722,ME,BC
25001,81.5,106856,2329,BM,SC
25002,81.5,106857,1424,CS,SC
25003,81.5,106858,2713,EC,BC
25004,81.5,106862,4993,IT,BC
25005,81.5,106863,3817,CS,SC
25006,81.5,106864,2732,CS,OC
25007,81.5,106865,3782,CS,MBC
25008,81.5,106866,1411,CS,OC
25009,81.5,106867,1504,CE,OC
25010,81.5,106868,2628,CS,OC
25011,81.5,106870,2621,EC,MBC
25012,81.5,106872,4994,CS,MBC
25013,81.5,106873,4964,CS,SC
25014,81.5,106875,1437,CS,OC
25015,81.5,106876,4964,CS,SC
25016,81.5,106878,4959,ME,OC
25017,81.5,106879,4669,EC,BC
25018,81.5,106880,1118,CB,SC
25019,81.5,106881,1225,EE,OC
25020,81.5,106882,2327,ME,OC
25021,81.5,106884,3805,AD,BC
25022,81.5,106887,2727,AG,BC
25023,81.5,106888,3845,CS,MBC
25024,81.5,106889,1412,ME,OC
25025,81.5,106891,3908,CS,MBC
25026,81.5,106892,2609,IT,SC
25027,81.5,106893,1122,CE,SC
25028,81.5,106894,4994,CS,BC
25029,81.5,106896,3808,CS,OC
25030,81.5,106898,4968,CE,OC
25031,81.5,106899,3843,EC,SC
25032,81.5,106900,3801,EE,MBC
25033,81.5,106904,2630,CS,SC
25034,81.5,106905,1505,IT,BC
25035,81.5,106906,2659,EE,MBC
25036,81.5,106907,3806,EC,BCM
25037,81.5,106910,1202,EE,OC
25038,81.5,106913,3461,CS,SC
25039,81.5,106916,2354,CS,BC
25040,81.5,106917,5842,EC,OC
25041,81.5,106918,4677,CS,OC
25042,81.5,106919,3807,CE,OC
25043,81.5,106922,2625,CH,OC
25044,81.5,106922,1110,EC,SC
25045,81.5,106923,1014,CE,OC
25046,81.5,106924,3825,ME,MBC
25047,81.5,106925,1226,CS,MBC
25048,81.5,106927,5536,AG,BC
25049,81.5,106929,4964,AE,SC
25050,81.5,106930,2648,CS,BC
25051,81.5,106931,2636,EE,SC
25052,81.5,106932,4962,CS,SC
25053,81.5,106934,3807,EE,OC
25054,81.5,106936,5988,CS,SC
25055,81.5,106937,2715,CH,MBC
25056,81.5,106938,1523,IT,BC
25057,81.5,106939,4993,CS,MBC
25058,81.5,106940,1412,CS,SC
25059,81.5,106942,2611,EC,BC
25060,81.5,106943,2601,EC,BC
25061,81.5,106944,5914,CS,BC
25062,81.5,106945,4955,EE,MBC
25063,81.5,106949,2610,AD,BC
25064,81.5,106950,5904,EE,BC
25065,81.5,106952,4933,ME,OC
25066,81.5,106954,3795,EC,BC
25067,81.5,106957,2630,CS,BC
25068,81.5,106958,1412,CS,SC
25069,81.5,106959,4672,ME,SC
25070,81.5,106960,2342,CE,OC
25071,81.5,106962,2741,EC,MBC
25072,81.5,106963,2329,BM,SC
25073,81.5,106964,5536,EE,SC
25074,81.5,106966,3804,CS,BCM
25075,81.5,106967,2346,CE,OC
25076,81.5,106969,3805,FD,MBC
25077,81.5,106970,2341,EC,OC
25078,81.5,106971,3410,EC,BC
25079,81.5,106972,1325,IT,BC
25080,81.5,106973,2621,MZ,OC
25081,81.5,106974,1517,ME,OC
25082,81.5,106975,3829,IT,BC
25083,81.5,106976,1509,CS,SC
25084,81.5,106977,1123,CS,SC
25085,81.5,106978,4672,CE,OC
25086,81.5,106979,2753,CS,BC
25087,81.5,106980,3806,ME,SC
25088,81.5,106981,2327,CS,MBC
25089,81.5,106983,2733,EC,OC
25090,81.5,106984,3805,ME,OC
25091,81.5,106985,2755,FD,BC
25092,81.5,106986,2646,CE,OC
25093,81.5,106987,3410,ME,OC
25094,81.5,106988,3849,IT,OC
25095,81.5,106989,1413,ME,OC
25096,81.5,106990,1523,ME,OC
25097,81.5,106991,3825,CS,BC
25098,81.5,106993,2354,CE,OC
25099,81.5,106996,3849,EC,OC
25100,81.5,106997,4946,EC,OC
25101,81.5,106998,3804,AG,SC
25102,81.5,106999,4993,EE,OC
25103,81.5,107000,3810,AD,SC
25104,81.5,107001,2624,BM,SC
25105,81.5,107002,4960,CE,MBC
25106,81.5,107003,1310,CS,BC
25107,81.5,107007,5,IT,MBC
25108,81.5,107008,2745,CS,BC
25109,81.5,107009,2609,MC,MBC
25110,81.5,107011,3829,IT,BC
25111,81.5,107012,2704,ME,OC
25112,81.5,107013,5,CH,SC
25113,81.5,107014,3460,CS,OC
25114,81.5,107015,1210,CB,SC
25115,81.5,107016,1414,CE,OC
25116,81.5,107017,1118,RM,SC
25117,81.5,107018,2651,EC,BC
25118,81.5,107019,2347,ME,OC
25119,81.5,107020,5502,CS,SC
25120,81.5,107021,2630,EC,MBC
25121,81.5,107022,1316,IT,BC
25122,81.5,107025,5832,EE,OC
25123,81.5,107026,2314,EE,SC
25124,81.5,107027,1126,RM,BC
25125,81.5,107028,2357,CS,SC
25126,81.5,107029,1402,CS,OC
25127,81.5,107030,4680,EE,BC
25128,81.5,107032,2640,AD,OC
25129,81.5,107034,3801,CS,SC
25130,81.5,107036,2708,EI,BC
25131,81.5,107037,2650,EC,OC
25132,81.5,107042,2367,AD,BCM
25133,81.5,107043,2749,PE,OC
25134,81.5,107044,1504,ME,MBC
25135,81.5,107045,1309,ME,MBC
25136,81.5,107046,1413,EC,MBC
25137,81.5,107048,1202,EC,OC
25138,81.5,107049,2621,CE,OC
25139,81.5,107050,3826,ME,BC
25140,81.5,107052,1316,CS,BC
25141,81.5,107053,5,EE,SC
25142,81.5,107054,1409,CS,BC
25143,81.5,107055,1127,EC,OC
25144,81.5,107056,4981,EE,BC
25145,81.5,107057,5536,EC,BC
25146,81.5,107058,1303,CS,BC
25147,81.5,107059,1413,ME,OC
25148,81.5,107061,2651,ME,BC
25149,81.5,107062,4970,EC,OC
25150,81.5,107063,2618,CS,SCA
25151,81.5,107064,2713,EE,OC
25152,81.5,107065,2718,ME,SC
25153,81.5,107066,4994,EC,OC
25154,81.5,107067,1114,EC,BC
25155,81.5,107069,2610,EC,SC
25156,81.5,107071,3410,EE,MBC
25157,81.5,107072,1519,EE,OC
25158,81.5,107073,1238,BM,BC
25159,81.5,107074,1114,EC,BC
25160,81.5,107077,1123,CS,SC
25161,81.5,107078,4928,EC,OC
25162,81.5,107079,3807,EC,MBC
25163,81.5,107080,1226,CS,BC
25164,81.5,107081,3908,CS,MBC
25165,81.5,107083,2624,BT,OC
25166,81.5,107085,1123,EC,OC
25167,81.5,107086,2609,MC,BC
25168,81.5,107087,5904,EI,OC
25169,81.5,107089,2711,ME,SC
25170,81.5,107090,2750,ME,MBC
25171,81.5,107091,3410,EC,SC
25172,81.5,107092,2657,CS,SC
25173,81.5,107093,4669,ME,BC
25174,81.5,107094,1525,CS,SCA
25175,81.5,107095,1412,CS,BC
25176,81.5,107096,2721,EC,BC
25177,81.5,107097,1202,CS,MBC
25178,81.5,107098,2638,EE,SCA
25179,81.5,107100,1116,CS,SC
25180,81.5,107102,5832,CS,SC
25181,81.5,107104,4957,ME,BCM
25182,81.5,107106,2776,MZ,OC
25183,81.5,107107,5919,CS,SC
25184,81.5,107108,3820,CS,SC
25185,81.5,107109,2734,EC,OC
25186,81.5,107110,2707,CH,BC
25187,81.5,107111,2345,CE,OC
25188,81.5,107112,3804,AG,BC
25189,81.5,107114,2646,ME,OC
25190,81.5,107115,3825,CS,BC
25191,81.5,107118,2639,ME,OC
25192,81.5,107119,4953,EC,BC
25193,81.5,107120,4961,CE,OC
25194,81.5,107122,1411,EC,OC
25195,81.5,107123,2617,EC,OC
25196,81.5,107126,2636,ME,OC
25197,81.5,107128,5703,ME,OC
25198,81.5,107129,3805,CE,OC
25199,81.5,107130,2625,CS,OC
25200,81.5,107131,3018,CS,BC
25201,81.5,107132,4672,CE,OC
25202,81.5,107133,2767,CS,SCA
25203,81.5,107135,3805,ME,OC
25204,81.5,107139,2723,ME,SC
25205,81.5,107140,2640,EE,OC
25206,81.5,107141,2640,AD,OC
25207,81.5,107143,5919,BT,SC
25208,81.5,107144,3801,ME,OC
25209,81.5,107147,3826,BM,BCM
25210,81.5,107148,3806,ME,MBC
25211,81.5,107149,1421,ME,OC
25212,81.5,107150,5862,AG,SCA
25213,81.5,107151,3805,PH,MBC
25214,81.5,107152,5865,ME,OC
25215,81.5,107153,1228,BM,BC
25216,81.5,107154,4992,ME,OC
25217,81.5,107157,2657,SF,OC
25218,81.5,107159,5919,CH,OC
25219,81.5,107160,1014,CE,OC
25220,81.5,107161,3461,ME,SC
25221,81.5,107162,1123,EC,OC
25222,81.5,107163,5,MM,OC
25223,81.5,107164,4917,CE,BC
25224,81.5,107165,2610,CS,SC
25225,81.5,107167,2646,CS,SC
25226,81.5,107168,1421,ME,OC
25227,81.5,107169,2740,EC,BC
25228,81.5,107170,2338,EC,OC
25229,81.5,107172,2723,MD,SC
25230,81.5,107173,2733,CS,MBC
25231,81.5,107175,5533,CE,OC
25232,81.5,107178,4949,CS,OC
25233,81.5,107179,4966,CS,SC
25234,81.5,107181,2707,EE,SC
25235,81.5,107182,2342,ME,SCA
25236,81.5,107184,5022,CS,SC
25237,81.5,107185,1605,CS,BC
25238,81.5,107189,1426,CS,OC
25239,81.5,107190,2625,AG,MBC
25240,81.5,107191,2646,CS,BC
25241,81.5,107192,1510,ME,OC
25242,81.5,107193,3760,EE,MBC
25243,81.5,107195,3795,ME,BCM
25244,81.5,107196,1322,IT,SC
25245,81.5,107200,2715,ME,OC
25246,81.5,107202,2634,ME,OC
25247,81.5,107203,3812,EE,OC
25248,81.5,107205,4960,CE,MBC
25249,81.5,107208,1416,BM,MBC
25250,81.5,107209,1123,AE,BC
25251,81.5,107210,2715,CE,OC
25252,81.5,107211,3829,EC,BCM
25253,81.5,107215,3464,CE,BC
25254,81.5,107216,1523,EC,OC
25255,81.5,107218,2707,EC,BC
25256,81.5,107219,4978,BM,SC
25257,81.5,107220,3786,EC,OC
25258,81.5,107221,2740,PH,MBC
25259,81.5,107222,2629,IT,SC
25260,81.5,107223,1225,EC,MBC
25261,81.5,107224,2713,IT,BC
25262,81.5,107225,2643,CS,SC
25263,81.5,107227,2611,EE,BC
25264,81.5,107228,1412,ME,OC
25265,81.5,107229,1226,CS,MBC
25266,81.5,107230,4669,EE,SCA
25267,81.5,107232,5912,ME,OC
25268,81.5,107233,5910,CS,SC
25269,81.5,107234,3826,EC,SCA
25270,81.5,107235,3811,ME,OC
25271,81.5,107236,2349,BM,BC
25272,81.5,107239,2625,CS,OC
25273,81.5,107240,1106,CE,OC
25274,81.5,107241,1133,CS,OC
25275,81.5,107242,1238,CS,SC
25276,81.5,107243,2652,ME,MBC
25277,81.5,107245,3458,AG,BC
25278,81.5,107247,2638,EC,OC
25279,81.5,107248,1216,AG,SC
25280,81.5,107251,2743,ME,OC
25281,81.5,107252,4949,MU,OC
25282,81.5,107254,4680,ME,SC
25283,81.5,107255,2610,EE,BC
25284,81.5,107256,3825,ME,BC
25285,81.5,107258,2628,AD,MBC
25286,81.5,107259,3821,CS,OC
25287,81.5,107260,4672,EE,BC
25288,81.5,107261,2346,CS,SC
25289,81.5,107262,2646,CS,BCM
25290,81.5,107263,2652,EE,SC
25291,81.5,107267,1519,CS,SC
25292,81.5,107270,3804,ME,OC
25293,81.5,107274,5832,CE,OC
25294,81.5,107276,4949,EE,OC
25295,81.5,107277,5,EI,OC
25296,81.5,107278,2716,EC,OC
25297,81.5,107279,2659,EE,MBC
25298,81.5,107280,3766,CE,OC
25299,81.5,107281,3805,ME,OC
25300,81.5,107282,3817,EE,OC
25301,81.5,107284,2624,CS,SC
25302,81.5,107285,4993,ME,OC
25303,81.5,107287,2749,CS,SCA
25304,81.0,107288,1510,EE,OC
25305,81.0,107290,1207,CS,MBC
25306,81.0,107291,1507,CS,MBC
25307,81.0,107293,2367,CS,BC
25308,81.0,107294,2715,CE,BC
25309,81.0,107295,2639,EE,MBC
25310,81.0,107296,3811,CS,BC
25311,81.0,107297,3843,ME,MBC
25312,81.0,107300,2776,CS,MBC
25313,81.0,107301,3801,EE,MBC
25314,81.0,107302,3826,ME,BC
25315,81.0,107303,3456,CS,BCM
25316,81.0,107305,1316,EC,BC
25317,81.0,107308,4966,CE,OC
25318,81.0,107309,2357,CS,ST
25319,81.0,107311,4948,FT,OC
25320,81.0,107312,2345,ME,OC
25321,81.0,107313,2708,ME,OC
25322,81.0,107314,2705,CS,SC
25323,81.0,107315,4928,CS,SC
25324,81.0,107317,2624,AD,OC
25325,81.0,107319,2341,EE,OC
25326,81.0,107320,5904,EE,BC
25327,81.0,107322,2767,ME,OC
25328,81.0,107323,2627,EC,SCA
25329,81.0,107325,5536,CS,BCM
25330,81.0,107327,4953,CE,OC
25331,81.0,107330,3831,IT,BC
25332,81.0,107331,4670,CS,MBC
25333,81.0,107333,2341,EC,OC
25334,81.0,107334,2606,EC,OC
25335,81.0,107335,2752,CS,BC
25336,81.0,107336,2607,CB,BC
25337,81.0,107337,2719,ME,SC
25338,81.0,107338,2621,ME,OC
25339,81.0,107340,1126,AD,SC
25340,81.0,107342,3905,ME,BC
25341,81.0,107343,5930,CS,MBC
25342,81.0,107347,2328,EC,MBC
25343,81.0,107348,1213,CS,OC
25344,81.0,107349,3849,CS,OC
25345,81.0,107350,5536,CS,BC
25346,81.0,107351,1523,IT,MBC
25347,81.0,107352,2659,CS,BC
25348,81.0,107353,2642,CE,MBC
25349,81.0,107355,2610,RM,OC
25350,81.0,107356,2627,EE,OC
25351,81.0,107357,1510,EC,OC
25352,81.0,107358,2622,ME,MBC
25353,81.0,107359,3860,CS,SC
25354,81.0,107360,1116,EC,OC
25355,81.0,107362,2608,ME,BC
25356,81.0,107363,2640,CS,MBC
25357,81.0,107365,2643,EC,OC
25358,81.0,107368,1216,EC,MBC
25359,81.0,107371,3807,EC,BC
25360,81.0,107372,3786,EC,OC
25361,81.0,107373,3843,CE,OC
25362,81.0,107374,2346,CS,MBC
25363,81.0,107376,5865,EC,SC
25364,81.0,107377,2705,IT,OC
25365,81.0,107379,1523,CS,BCM
25366,81.0,107381,4917,EE,BC
25367,81.0,107382,4917,ME,BC
25368,81.0,107383,3811,CS,BC
25369,81.0,107385,2651,FT,SC
25370,81.0,107386,2753,CS,MBC
25371,81.0,107387,2707,EC,BC
25372,81.0,107388,1520,CS,SCA
25373,81.0,107389,1412,CS,BC
25374,81.0,107391,2610,EC,BC
25375,81.0,107394,1523,EC,OC
25376,81.0,107397,2673,ME,OC
25377,81.0,107398,2613,EC,MBC
25378,81.0,107399,2632,CS,SC
25379,81.0,107400,1505,ME,OC
25380,81.0,107401,2620,EE,SC
25381,81.0,107402,4929,CS,OC
25382,81.0,107403,2642,EC,OC
25383,81.0,107404,2357,EE,BCM
25384,81.0,107405,2623,IT,SC
25385,81.0,107406,2659,ME,OC
25386,81.0,107407,3843,EC,MBC
25387,81.0,107408,2707,EC,BC
25388,81.0,107409,5988,CS,BC
25389,81.0,107410,4984,IT,BC
25390,81.0,107411,2623,IT,SCA
25391,81.0,107412,3786,EC,OC
25392,81.0,107413,1207,RM,OC
25393,81.0,107414,3459,EC,OC
25394,81.0,107416,2741,EC,BC
25395,81.0,107417,4934,CS,SC
25396,81.0,107418,5009,CE,SC
25397,81.0,107419,3806,EC,SC
25398,81.0,107420,2772,ME,OC
25399,81.0,107421,1133,EC,OC
25400,81.0,107422,2609,MC,BC
25401,81.0,107423,2611,CY,SC
25402,81.0,107424,2752,CS,MBC
25403,81.0,107425,4864,CE,OC
25404,81.0,107426,2347,EE,MBC
25405,81.0,107428,2713,ME,OC
25406,81.0,107429,1325,IT,SCA
25407,81.0,107431,2638,EE,SC
25408,81.0,107432,2628,CS,OC
25409,81.0,107434,3806,EC,BC
25410,81.0,107435,1120,EE,MBC
25411,81.0,107436,1149,EE,OC
25412,81.0,107438,2633,ME,OC
25413,81.0,107439,2683,ME,OC
25414,81.0,107440,4964,CS,SC
25415,81.0,107441,1201,IT,OC
25416,81.0,107442,2624,CH,OC
25417,81.0,107444,5930,CS,SCA
25418,81.0,107445,3425,EC,BC
25419,81.0,107446,2623,EC,OC
25420,81.0,107447,3805,ME,OC
25421,81.0,107448,2659,ME,OC
25422,81.0,107449,2609,ME,BC
25423,81.0,107450,3817,EC,OC
25424,81.0,107451,2747,CE,OC
25425,81.0,107452,3459,CE,OC
25426,81.0,107453,2638,CS,OC
25427,81.0,107455,4957,CS,BC
25428,81.0,107456,2709,AU,BC
25429,81.0,107457,3825,CS,BC
25430,81.0,107458,1413,EE,OC
25431,81.0,107459,1408,CE,OC
25432,81.0,107460,2639,ME,OC
25433,81.0,107462,1238,EC,BC
25434,81.0,107463,3410,EE,MBC
25435,81.0,107464,2347,EC,MBC
25436,81.0,107465,4675,EC,OC
25437,81.0,107466,3805,AE,OC
25438,81.0,107467,1241,ME,OC
25439,81.0,107468,1411,CS,OC
25440,81.0,107471,2601,EC,BC
25441,81.0,107472,2630,CS,SC
25442,81.0,107473,2712,FT,ST
25443,81.0,107475,2650,ME,OC
25444,81.0,107476,1434,CS,BCM
25445,81.0,107477,4024,ME,OC
25446,81.0,107478,5,EE,BC
25447,81.0,107481,2732,CS,OC
25448,81.0,107482,2314,EC,SC
25449,81.0,107484,5913,CS,BC
25450,81.0,107485,2758,IT,OC
25451,81.0,107486,2611,PH,OC
25452,81.0,107487,3806,ME,SC
25453,81.0,107488,2620,EE,SC
25454,81.0,107489,1411,CS,OC
25455,81.0,107490,2612,CS,BC
25456,81.0,107492,3817,CS,MBC
25457,81.0,107493,3461,ME,SC
25458,81.0,107496,3857,EE,OC
25459,81.0,107497,2648,CS,BC
25460,81.0,107498,3846,EE,OC
25461,81.0,107500,1519,IT,OC
25462,81.0,107501,4953,ME,MBC
25463,81.0,107502,4669,CE,BC
25464,81.0,107503,2620,TS,MBC
25465,81.0,107504,1441,CS,BC
25466,81.0,107506,2651,CE,OC
25467,81.0,107507,1445,ME,OC
25468,81.0,107508,4917,ME,BC
25469,81.0,107510,5919,EC,OC
25470,81.0,107511,3905,EC,BC
25471,81.0,107512,2749,AD,BC
25472,81.0,107514,5,IT,MBC
25473,81.0,107515,2367,CS,SC
25474,81.0,107516,2740,ME,OC
25475,81.0,107519,2651,FT,SC
25476,81.0,107520,1201,CS,OC
25477,81.0,107521,4993,CE,OC
25478,81.0,107522,3855,CS,OC
25479,81.0,107523,5902,ME,OC
25480,81.0,107526,4670,CE,BCM
25481,81.0,107528,4964,CS,SC
25482,81.0,107529,2622,CE,BC
25483,81.0,107530,2753,BM,BC
25484,81.0,107531,2764,CE,SC
25485,81.0,107532,2613,EC,MBC
25486,81.0,107533,2623,IT,MBC
25487,81.0,107534,3459,EE,OC
25488,81.0,107539,2641,ME,OC
25489,81.0,107541,2707,CH,SC
25490,81.0,107542,2623,EC,OC
25491,81.0,107543,1210,ME,OC
25492,81.0,107544,2726,CS,SC
25493,81.0,107545,2601,CE,OC
25494,81.0,107546,2713,IT,MBC
25495,81.0,107547,5930,ME,OC
25496,81.0,107548,3466,ME,OC
25497,81.0,107549,2673,CS,MBC
25498,81.0,107550,3845,CS,BC
25499,81.0,107552,2329,BT,BC
25500,81.0,107553,2642,CE,SC
25501,81.0,107554,2611,PH,OC
25502,81.0,107555,2611,IT,SC
25503,81.0,107556,2718,ME,SC
25504,81.0,107558,2721,CS,MBC
25505,81.0,107559,2622,ME,SC
25506,81.0,107564,1110,BT,SC
25507,81.0,107565,2625,AG,MBC
25508,81.0,107566,3701,CS,SC
25509,81.0,107568,2328,ME,OC
25510,81.0,107569,2716,BM,SC
25511,81.0,107570,2642,ME,OC
25512,81.0,107571,3459,ME,OC
25513,81.0,107572,1525,CS,SC
25514,81.0,107573,3805,CH,OC
25515,81.0,107574,4933,ME,OC
25516,81.0,107575,2624,BT,OC
25517,81.0,107576,2632,CS,SCA
25518,81.0,107578,5703,IT,SC
25519,81.0,107581,2722,IT,SC
25520,81.0,107582,5904,ME,OC
25521,81.0,107583,2329,ME,SCA
25522,81.0,107584,4978,CS,OC
25523,81.0,107585,5536,EC,BC
25524,81.0,107586,2609,CE,OC
25525,81.0,107587,2327,EE,OC
25526,81.0,107588,2606,ME,OC
25527,81.0,107590,3805,ME,OC
25528,81.0,107591,2634,CS,BC
25529,81.0,107592,1421,CE,OC
25530,81.0,107593,2345,ME,OC
25531,81.0,107594,2347,EE,MBC
25532,81.0,107595,2753,BM,SC
25533,81.0,107597,2767,ME,OC
25534,81.0,107598,3807,EE,OC
25535,81.0,107600,2328,EC,SC
25536,81.0,107602,3905,ME,SC
25537,81.0,107603,2627,EC,BC
25538,81.0,107604,2659,EE,SCA
25539,81.0,107605,2659,EE,SC
25540,81.0,107607,4669,ME,BC
25541,81.0,107610,1014,CE,OC
25542,81.0,107611,2642,EE,MBC
25543,81.0,107612,4999,ME,OC
25544,81.0,107614,2327,CE,OC
25545,81.0,107615,1212,EC,OC
25546,81.0,107616,2342,EC,SCA
25547,81.0,107619,3849,EE,OC
25548,81.0,107620,1202,CS,BC
25549,81.0,107621,4954,CE,OC
25550,81.0,107622,2625,IT,OC
25551,81.0,107624,1605,CS,BC
25552,81.0,107625,2367,AD,SC
25553,81.0,107626,3805,EC,MBC
25554,81.0,107627,4929,CS,OC
25555,81.0,107628,4964,EE,OC
25556,81.0,107630,1118,RM,MBC
25557,81.0,107631,3857,CS,OC
25558,81.0,107632,5533,EE,OC
25559,81.0,107634,2733,CS,BC
25560,81.0,107635,2632,CS,SCA
25561,81.0,107636,5904,ME,OC
25562,81.0,107637,2634,AE,OC
25563,81.0,107640,5988,ME,OC
25564,81.0,107641,5915,EC,BC
25565,81.0,107643,2617,CS,BC
25566,81.0,107644,2345,ME,OC
25567,81.0,107645,2341,BM,SC
25568,81.0,107646,2648,CS,SC
25569,81.0,107647,2610,ME,SCA
25570,81.0,107648,2621,ME,OC
25571,81.0,107651,2609,IT,SC
25572,81.0,107652,3806,CB,MBC
25573,81.0,107654,2609,AO,SC
25574,81.0,107655,2752,ME,OC
25575,81.0,107656,2601,EC,MBC
25576,81.0,107658,3461,ME,SC
25577,81.0,107659,2611,PH,OC
25578,81.0,107661,2640,AD,OC
25579,81.0,107662,2636,EE,MBC
25580,81.0,107663,2747,ME,OC
25581,81.0,107664,2338,ME,OC
25582,81.0,107665,4965,CS,SC
25583,81.0,107666,3425,EE,BC
25584,81.0,107667,3855,CS,OC
25585,81.0,107668,4944,EC,BC
25586,81.0,107669,3410,EC,BC
25587,81.0,107670,3918,CS,BC
25588,81.0,107671,4670,EC,BCM
25589,81.0,107673,2729,ME,OC
25590,81.0,107674,3425,EE,BC
25591,81.0,107675,2601,EC,BCM
25592,81.0,107676,3805,AD,SC
25593,81.0,107677,1123,EC,OC
25594,81.0,107678,4934,CS,BC
25595,81.0,107680,1324,EE,SC
25596,81.0,107681,1216,EE,BC
25597,81.0,107682,1436,CS,OC
25598,81.0,107685,2636,EC,MBC
25599,81.0,107686,5902,IT,BC
25600,81.0,107687,2731,PD,SC
25601,81.0,107688,3466,EE,OC
25602,81.0,107689,1431,CS,SC
25603,81.0,107690,1230,EE,OC
25604,81.0,107691,3855,CS,OC
25605,81.0,107692,2639,CS,SCA
25606,81.0,107693,1431,IT,BC
25607,81.0,107695,1210,ME,OC
25608,81.0,107697,2639,EE,BC
25609,81.0,107698,4957,IT,BC
25610,81.0,107702,2639,CS,SC
25611,81.0,107703,1320,EC,OC
25612,81.0,107704,2632,EC,OC
25613,81.0,107705,3459,ME,OC
25614,81.0,107706,2715,ME,BC
25615,81.0,107707,1518,CS,OC
25616,81.0,107708,5865,CS,MBC
25617,81.0,107709,1303,ME,OC
25618,81.0,107710,2611,CH,SC
25619,81.0,107712,3760,ME,BC
25620,81.0,107713,5902,CE,OC
25621,81.0,107714,2659,EE,MBC
25622,81.0,107715,3831,CS,BC
25623,81.0,107716,2611,ME,OC
25624,81.0,107718,3831,IT,BC
25625,81.0,107719,2341,EC,OC
25626,81.0,107720,1422,CE,OC
25627,81.0,107725,2342,CE,BC
25628,81.0,107727,5,ME,BC
25629,81.0,107728,4957,IT,MBC
25630,81.0,107729,2634,AD,OC
25631,81.0,107731,3782,EC,OC
25632,81.0,107732,5703,EE,OC
25633,81.0,107734,2634,BM,BC
25634,81.0,107735,2628,EE,OC
25635,81.0,107736,2643,EC,OC
25636,81.0,107737,2755,AE,OC
25637,81.0,107738,2643,CS,MBC
25638,81.0,107740,3841,AD,SC
25639,81.0,107741,2636,ME,OC
25640,81.0,107742,2763,CS,MBC
25641,81.0,107743,1322,BM,MBC
25642,81.0,107745,3464,CE,BC
25643,81.0,107747,1413,AD,SC
25644,81.0,107748,1116,CS,SC
25645,81.0,107750,3820,CS,BC
25646,81.0,107752,1207,IT,SC
25647,81.0,107757,5536,CS,BC
25648,81.0,107760,3760,ME,BC
25649,81.0,107762,1413,AD,SCA
25650,81.0,107765,2642,ME,OC
25651,81.0,107767,4994,EC,OC
25652,81.0,107768,2683,CS,OC
25653,81.0,107769,4670,CS,SC
25654,81.0,107770,1115,EE,OC
25655,81.0,107771,3813,CS,MBC
25656,81.0,107772,5935,EC,OC
25657,81.0,107773,1421,EE,OC
25658,81.0,107774,2620,EE,SC
25659,81.0,107775,2722,ME,BC
25660,81.0,107777,5935,AU,OC
25661,81.0,107778,1207,IT,SC
25662,81.0,107779,1431,ME,OC
25663,81.0,107784,2618,IT,SC
25664,81.0,107785,2776,ME,OC
25665,81.0,107786,2613,EC,BC
25666,81.0,107789,3786,AE,BC
25667,81.0,107790,2328,CS,BCM
25668,81.0,107792,1431,CS,BC
25669,81.0,107793,1213,CS,OC
25670,81.0,107794,2328,EC,MBC
25671,81.0,107795,2707,EE,BC
25672,81.0,107796,2741,CS,SC
25673,81.0,107798,1116,CS,MBC
25674,81.0,107799,3805,EC,MBC
25675,81.0,107800,2609,EC,MBC
25676,81.0,107801,2608,IT,SC
25677,81.0,107804,1424,CS,BC
25678,81.0,107806,1207,IT,SC
25679,81.0,107810,2601,EC,BC
25680,81.0,107811,4966,CE,OC
25681,81.0,107812,2611,EC,MBC
25682,81.0,107813,4959,CE,OC
25683,81.0,107814,2632,CS,SC
25684,81.0,107815,2711,CH,SC
25685,81.0,107816,2652,ME,BCM
25686,81.0,107817,2610,AD,BCM
25687,81.0,107819,3841,CS,BC
25688,81.0,107820,3806,ME,MBC
25689,81.0,107824,2710,CE,BC
25690,81.0,107825,2740,EC,MBC
25691,81.0,107827,3766,ME,OC
25692,81.0,107828,2636,EC,SC
25693,81.0,107829,2715,ME,MBC
25694,81.0,107830,2732,IT,BC
25695,81.0,107831,4994,CS,SC
25696,81.0,107832,3857,CS,OC
25697,81.0,107834,2621,EC,BC
25698,81.0,107837,2743,EC,OC
25699,81.0,107838,3804,EE,OC
25700,81.0,107839,3820,CS,BC
25701,81.0,107841,2601,EC,BC
25702,81.0,107842,1225,ME,OC
25703,81.0,107843,1414,CE,OC
25704,81.0,107845,3812,CS,BC
25705,81.0,107846,3807,AE,OC
25706,81.0,107850,2705,CS,BC
25707,81.0,107851,1605,CS,SC
25708,81.0,107853,4680,ME,MBC
25709,81.0,107854,4965,ME,MBC
25710,81.0,107856,1405,EC,OC
25711,81.0,107857,4994,ME,OC
25712,81.0,107859,2347,CS,SC
25713,81.0,107860,3460,CS,OC
25714,81.0,107861,5017,CS,MBC
25715,81.0,107862,2666,AG,OC
25716,81.0,107863,3806,EC,BC
25717,81.0,107864,1207,CS,BC
25718,81.0,107867,2357,ME,SC
25719,81.0,107869,2721,AU,OC
25720,81.0,107870,1133,CS,OC
25721,81.0,107872,4995,EC,OC
25722,81.0,107873,2639,EC,SC
25723,81.0,107875,2360,CS,SC
25724,81.0,107876,3815,CS,OC
25725,81.0,107877,2712,AU,SCA
25726,81.0,107878,3806,CB,BC
25727,81.0,107879,2345,EE,SC
25728,81.0,107880,4961,EE,OC
25729,81.0,107881,4957,IT,BC
25730,81.0,107882,2611,AG,SC
25731,81.0,107883,1225,EC,SC
25732,81.0,107885,2642,CS,SCA
25733,81.0,107888,3829,EE,MBC
25734,81.0,107892,1116,ME,OC
25735,81.0,107894,3806,ME,BCM
25736,81.0,107895,4996,EE,OC
25737,81.0,107896,1114,ME,OC
25738,81.0,107897,5010,CS,ST
25739,81.0,107898,5904,ME,OC
25740,81.0,107899,3760,CS,BC
25741,81.0,107900,2360,EC,OC
25742,81.0,107901,1402,ME,OC
25743,81.0,107903,2341,BM,MBC
25744,81.0,107904,3454,CS,BC
25745,81.0,107905,2638,EE,SC
25746,81.0,107910,3806,ME,SC
25747,81.0,107911,1307,IT,SC
25748,81.0,107913,2651,CS,BC
25749,81.0,107914,2622,ME,MBC
25750,81.0,107915,2707,ME,SC
25751,81.0,107916,2607,ME,OC
25752,81.0,107917,2606,EE,MBC
25753,81.0,107918,3860,CS,SC
25754,81.0,107919,5930,CS,SC
25755,81.0,107920,3820,CE,OC
25756,81.0,107921,2735,EE,BC
25757,81.0,107922,2639,ME,OC
25758,81.0,107925,2328,ME,OC
25759,81.0,107926,3806,ME,SC
25760,81.0,107927,3810,AG,MBC
25761,81.0,107931,2329,ME,SC
25762,81.0,107932,2708,CE,SC
25763,81.0,107934,2634,IT,MBC
25764,81.0,107937,1014,EC,SC
25765,81.0,107938,4969,EC,OC
25766,81.0,107939,5915,CS,MBC
25767,81.0,107940,5902,CS,BC
25768,81.0,107941,2338,EC,OC
25769,81.0,107944,5915,CS,SC
25770,81.0,107945,2640,EE,OC
25771,81.0,107946,2630,CS,SC
25772,81.0,107947,3825,CS,BC
25773,81.0,107948,2357,CE,BCM
25774,81.0,107949,1325,EC,BC
25775,81.0,107950,2705,EC,OC
25776,81.0,107951,2609,CE,OC
25777,81.0,107952,4675,ME,OC
25778,81.0,107953,2665,ME,OC
25779,81.0,107954,2709,AU,BC
25780,81.0,107956,2665,CS,OC
25781,81.0,107958,1408,ME,OC
25782,81.0,107959,2640,CE,OC
25783,81.0,107960,4946,ME,OC
25784,81.0,107961,4965,ME,BC
25785,81.0,107962,1411,CS,OC
25786,81.0,107963,3760,ME,SC
25787,81.0,107964,2623,IT,SC
25788,81.0,107966,2609,CS,SC
25789,81.0,107969,1238,BM,SC
25790,81.0,107970,4957,ME,BC
25791,81.0,107972,1221,CS,OC
25792,81.0,107973,4957,IT,BC
25793,81.0,107974,3860,CS,BCM
25794,81.0,107975,3811,EC,OC
25795,81.0,107977,2747,EE,OC
25796,81.0,107978,2741,CE,OC
25797,81.0,107979,2729,AE,SC
25798,81.0,107980,2634,ME,OC
25799,81.0,107981,2606,ME,OC
25800,81.0,107984,1430,EC,OC
25801,81.0,107986,2622,ME,SC
25802,81.0,107987,2621,EC,BC
25803,81.0,107988,1313,BM,SC
25804,81.0,107989,1218,CS,BC
25805,81.0,107990,2640,CS,MBC
25806,81.0,107991,1322,AG,OC
25807,81.0,107993,5913,CS,SC
25808,81.0,107994,3843,CE,OC
25809,81.0,107995,1412,IT,OC
25810,81.0,107996,2341,ME,OC
25811,81.0,107998,1106,CS,BC
25812,81.0,107999,2659,EE,BC
25813,81.0,108002,2716,CS,SC
25814,81.0,108003,1411,AE,BC
25815,81.0,108004,1226,CS,MBC
25816,81.0,108005,1412,ME,OC
25817,81.0,108006,4978,BM,SC
25818,81.0,108008,1133,CS,OC
25819,81.0,108009,2708,ME,OC
25820,81.0,108010,1133,CS,OC
25821,81.0,108011,2629,IT,MBC
25822,81.0,108013,2639,EE,BC
25823,81.0,108014,2673,CE,OC
25824,81.0,108017,2613,EE,BC
25825,81.0,108018,2609,IT,SC
25826,81.0,108020,4969,CS,MBC
25827,81.0,108021,3849,CE,OC
25828,81.0,108023,1303,BT,SC
25829,81.0,108024,2625,IT,OC
25830,81.0,108025,3807,IT,SC
25831,81.0,108026,2744,EC,OC
25832,81.0,108027,1026,ME,MBC
25833,81.0,108028,3804,BM,MBC
25834,81.0,108030,1218,IT,OC
25835,81.0,108032,3849,ME,OC
25836,81.0,108033,4677,CS,OC
25837,81.0,108035,1413,ME,OC
25838,81.0,108036,2327,ME,OC
25839,81.0,108037,1213,BM,SC
25840,81.0,108038,2753,BM,SC
25841,81.0,108041,2651,EC,SCA
25842,81.0,108042,2747,CS,MBC
25843,81.0,108044,3825,EE,OC
25844,81.0,108045,2622,ME,MBC
25845,81.0,108046,1444,ME,OC
25846,81.0,108047,1510,CS,SC
25847,81.0,108048,1303,EC,OC
25848,81.0,108049,3820,CS,MBC
25849,81.0,108050,3843,EC,SC
25850,81.0,108051,3804,AG,MBC
25851,81.0,108054,2606,CS,BC
25852,81.0,108055,4978,BT,SCA
25853,81.0,108056,1605,IT,OC
25854,81.0,108057,2347,CE,OC
25855,81.0,108058,2639,EE,MBC
25856,81.0,108059,2683,ME,OC
25857,81.0,108061,2705,CS,MBC
25858,81.0,108062,2632,EE,OC
25859,81.0,108063,1207,CS,SC
25860,81.0,108064,5536,AG,SC
25861,81.0,108065,2609,EC,BC
25862,81.0,108069,1441,EC,SC
25863,81.0,108070,1421,ME,OC
25864,81.0,108073,4933,ME,OC
25865,81.0,108076,2610,EC,BC
25866,81.0,108077,1437,EE,OC
25867,81.0,108079,2640,AD,OC
25868,81.0,108080,1238,EC,MBC
25869,81.0,108081,5935,CE,OC
25870,81.0,108083,2665,CS,SC
25871,81.0,108085,3018,CS,SC
25872,81.0,108087,2639,CS,BC
25873,81.0,108088,2767,ME,ST
25874,81.0,108089,2740,AU,OC
25875,81.0,108090,3804,ME,OC
25876,81.0,108091,1518,ME,OC
25877,81.0,108092,1150,BM,OC
25878,81.0,108094,3410,CS,SC
25879,81.0,108095,5907,IT,BC
25880,81.0,108097,1413,ME,OC
25881,81.0,108098,2646,CE,OC
25882,81.0,108099,2729,CS,SC
25883,81.0,108101,1325,ME,SC
25884,81.0,108102,4966,ME,OC
25885,81.0,108105,3829,EC,BC
25886,81.0,108106,1202,IT,SC
25887,81.0,108107,2350,CS,OC
25888,80.8,108108,3920,ME,OC
25889,80.8,108109,2350,CE,OC
25890,80.5,108110,2625,EE,OC
25891,80.5,108111,4953,ME,BC
25892,80.5,108112,3805,EE,OC
25893,80.5,108113,2657,ME,OC
25894,80.5,108114,2328,EC,BC
25895,80.5,108115,2650,CE,OC
25896,80.5,108116,2661,IT,SC
25897,80.5,108117,1408,CS,BC
25898,80.5,108118,2641,CS,MBC
25899,80.5,108119,2338,CS,OC
25900,80.5,108120,1322,CE,OC
25901,80.5,108121,2747,EE,OC
25902,80.5,108124,2346,ME,OC
25903,80.5,108126,3844,EE,OC
25904,80.5,108128,1202,CS,SC
25905,80.5,108129,1421,ME,OC
25906,80.5,108131,2636,EC,SC
25907,80.5,108132,4993,CS,BC
25908,80.5,108133,4981,EE,BC
25909,80.5,108135,2621,EC,MBC
25910,80.5,108136,3804,EC,OC
25911,80.5,108137,4964,CS,BC
25912,80.5,108138,4999,AD,OC
25913,80.5,108139,2610,MZ,OC
25914,80.5,108142,5536,EC,MBC
25915,80.5,108143,1101,IT,MBC
25916,80.5,108144,1122,EC,MBC
25917,80.5,108146,4993,EC,OC
25918,80.5,108147,5904,EE,BC
25919,80.5,108149,1424,CS,BC
25920,80.5,108151,3849,CE,OC
25921,80.5,108152,1113,AD,SCA
25922,80.5,108156,1424,CS,BC
25923,80.5,108159,3812,CS,BC
25924,80.5,108161,2744,CE,OC
25925,80.5,108162,2734,ME,OC
25926,80.5,108166,2646,CS,SC
25927,80.5,108167,3810,ME,OC
25928,80.5,108168,2620,EE,SC
25929,80.5,108169,2634,CS,BC
25930,80.5,108170,3829,ME,OC
25931,80.5,108172,2621,EE,OC
25932,80.5,108173,1316,CS,MBC
25933,80.5,108174,1207,ME,OC
25934,80.5,108175,2609,CS,SC
25935,80.5,108176,4676,CS,BC
25936,80.5,108177,4023,CS,SC
25937,80.5,108178,2369,CE,SC
25938,80.5,108179,2769,FD,OC
25939,80.5,108180,4953,CE,OC
25940,80.5,108181,2744,CS,MBC
25941,80.5,108182,1207,EC,BC
25942,80.5,108184,2734,TS,MBC
25943,80.5,108185,2367,CS,SCA
25944,80.5,108189,1436,CS,OC
25945,80.5,108190,3820,CS,BC
25946,80.5,108191,2621,EE,OC
25947,80.5,108192,2642,IT,BC
25948,80.5,108193,1452,EC,BC
25949,80.5,108195,1413,AD,SC
25950,80.5,108196,1303,EC,OC
25951,80.5,108197,2606,AE,OC
25952,80.5,108199,4946,CS,OC
25953,80.5,108200,1217,BT,MBC
25954,80.5,108201,2602,MD,OC
25955,80.5,108202,5915,EE,OC
25956,80.5,108203,2329,BM,BC
25957,80.5,108204,2357,EE,SC
25958,80.5,108205,2338,EC,OC
25959,80.5,108208,1431,IT,SC
25960,80.5,108209,3016,CS,SC
25961,80.5,108210,2314,EE,BC
25962,80.5,108211,2683,BM,SCA
25963,80.5,108212,2314,EC,BC
25964,80.5,108215,4948,EC,OC
25965,80.5,108216,4978,BT,SC
25966,80.5,108217,2627,ME,OC
25967,80.5,108218,3806,ME,BCM
25968,80.5,108220,3846,EE,OC
25969,80.5,108222,3461,ME,MBC
25970,80.5,108223,1212,AU,OC
25971,80.5,108224,2622,CE,BC
25972,80.5,108225,2342,CS,BCM
25973,80.5,108226,2625,ME,OC
25974,80.5,108228,2338,BM,SCA
25975,80.5,108229,1122,EC,MBC
25976,80.5,108230,1216,CH,MBC
25977,80.5,108231,1301,CS,MBC
25978,80.5,108232,2612,CS,MBC
25979,80.5,108233,4931,EC,SC
25980,80.5,108234,4994,EE,OC
25981,80.5,108235,4978,BM,SC
25982,80.5,108236,4964,EC,OC
25983,80.5,108237,2659,EE,MBC
25984,80.5,108238,1413,AD,MBC
25985,80.5,108240,5,BD,SC
25986,80.5,108242,3425,EC,BCM
25987,80.5,108243,2750,ME,SC
25988,80.5,108244,1437,CS,OC
25989,80.5,108246,2711,ME,MBC
25990,80.5,108247,1322,EC,OC
25991,80.5,108250,3825,CS,MBC
25992,80.5,108252,2707,RM,MBC
25993,80.5,108253,2643,EE,OC
25994,80.5,108254,1431,CS,BC
25995,80.5,108255,3849,EC,OC
25996,80.5,108256,4672,EE,SCA
25997,80.5,108258,2743,BM,BC
25998,80.5,108259,1303,BT,MBC
25999,80.5,108260,4669,CS,SC
26000,80.5,108262,2710,CE,BCM
26001,80.5,108263,2750,EE,MBC
26002,80.5,108264,5022,CE,OC
26003,80.5,108265,1303,AD,BC
26004,80.5,108269,4964,ME,SC
26005,80.5,108270,4978,BT,SC
26006,80.5,108271,2664,TX,OC
26007,80.5,108272,1430,CE,OC
26008,80.5,108277,2683,CS,OC
26009,80.5,108278,2772,CS,MBC
26010,80.5,108279,2707,RM,BC
26011,80.5,108280,2628,CS,MBC
26012,80.5,108281,4966,EC,SC
26013,80.5,108282,1426,EE,OC
26014,80.5,108283,5703,EE,OC
26015,80.5,108286,2657,CS,SC
26016,80.5,108287,2708,MZ,SCA
26017,80.5,108289,1120,CE,OC
26018,80.5,108290,2752,CS,MBC
26019,80.5,108292,3462,CS,SC
26020,80.5,108293,1125,CS,OC
26021,80.5,108297,2727,CS,BCM
26022,80.5,108298,2329,IT,BC
26023,80.5,108299,2713,IT,BC
26024,80.5,108300,4672,EC,BC
26025,80.5,108301,5904,ME,BC
26026,80.5,108302,3813,EC,OC
26027,80.5,108303,1412,EC,OC
26028,80.5,108304,5915,EE,OC
26029,80.5,108305,2613,EC,BC
26030,80.5,108306,4969,CS,BC
26031,80.5,108307,1509,IT,BC
26032,80.5,108308,2639,IT,BC
26033,80.5,108309,3905,ME,SC
26034,80.5,108314,5988,CE,OC
26035,80.5,108315,1411,CS,OC
26036,80.5,108316,2747,EC,BC
26037,80.5,108317,3805,EC,MBC
26038,80.5,108318,1413,CE,OC
26039,80.5,108319,1316,ME,BC
26040,80.5,108320,2622,ME,SC
26041,80.5,108322,4669,EE,BC
26042,80.5,108323,1310,ME,OC
26043,80.5,108324,3826,ME,BC
26044,80.5,108326,2629,IT,BC
26045,80.5,108327,5703,CS,BC
26046,80.5,108328,1452,EC,BC
26047,80.5,108329,3820,EE,OC
26048,80.5,108331,4993,ME,OC
26049,80.5,108332,2755,AE,OC
26050,80.5,108334,2735,ME,SCA
26051,80.5,108336,2638,EC,OC
26052,80.5,108337,1442,CS,MBC
26053,80.5,108338,2707,RM,BC
26054,80.5,108340,1411,CS,OC
26055,80.5,108341,4960,AD,SC
26056,80.5,108342,3018,CS,SC
26057,80.5,108344,2661,CE,OC
26058,80.5,108345,1605,CS,SC
26059,80.5,108346,4969,EC,OC
26060,80.5,108347,1207,IT,SC
26061,80.5,108348,2354,CS,BC
26062,80.5,108350,2632,EC,OC
26063,80.5,108351,3760,CS,SC
26064,80.5,108352,4961,EC,OC
26065,80.5,108354,2707,EE,BC
26066,80.5,108355,1431,EC,OC
26067,80.5,108356,2610,BT,SC
26068,80.5,108358,2639,CS,BC
26069,80.5,108359,4669,CE,BC
26070,80.5,108361,5536,EC,BC
26071,80.5,108362,1306,EC,MBC
26072,80.5,108363,2716,AE,BCM
26073,80.5,108365,1207,CS,BC
26074,80.5,108367,2601,CE,MBC
26075,80.5,108369,3804,CS,BCM
26076,80.5,108372,5930,ME,OC
26077,80.5,108373,1401,IT,SC
26078,80.5,108374,5988,CS,BC
26079,80.5,108375,3812,EC,OC
26080,80.5,108376,2611,IT,MBC
26081,80.5,108379,2758,CS,BC
26082,80.5,108381,5865,ME,OC
26083,80.5,108383,2611,MC,OC
26084,80.5,108385,2356,CS,OC
26085,80.5,108387,2736,CS,SCA
26086,80.5,108391,3843,ME,SC
26087,80.5,108393,2642,EE,MBC
26088,80.5,108395,1127,CE,OC
26089,80.5,108397,5914,CS,BC
26090,80.5,108398,3810,CS,BC
26091,80.5,108400,3807,EE,BC
26092,80.5,108401,2630,CS,BC
26093,80.5,108402,1225,EC,SC
26094,80.5,108404,3803,CS,SC
26095,80.5,108405,5915,EC,SC
26096,80.5,108408,3811,ME,OC
26097,80.5,108410,2608,ME,BC
26098,80.5,108412,2651,FT,MBC
26099,80.5,108413,2713,CS,MBC
26100,80.5,108414,2665,CS,MBC
26101,80.5,108416,1412,EC,OC
26102,80.5,108419,1118,IT,SCA
26103,80.5,108420,3462,CS,SC
26104,80.5,108422,5915,ME,OC
26105,80.5,108423,2752,ME,OC
26106,80.5,108424,2610,EC,BC
26107,80.5,108426,2767,ME,SCA
26108,80.5,108428,2707,AG,BC
26109,80.5,108429,3786,EE,OC
26110,80.5,108430,2634,FD,SC
26111,80.5,108431,2612,CS,MBC
26112,80.5,108433,2639,EE,MBC
26113,80.5,108436,1421,EC,SC
26114,80.5,108437,3905,EC,SC
26115,80.5,108441,2707,EC,SC
26116,80.5,108442,4984,ME,OC
26117,80.5,108443,4999,ME,OC
26118,80.5,108445,5902,ME,OC
26119,80.5,108447,2328,IT,BC
26120,80.5,108448,2614,TX,SC
26121,80.5,108450,3804,CS,BC
26122,80.5,108451,2624,CS,SC
26123,80.5,108453,1322,CS,MBC
26124,80.5,108454,2743,EC,OC
26125,80.5,108455,3786,AE,SC
26126,80.5,108456,1413,EE,OC
26127,80.5,108457,4944,EC,BC
26128,80.5,108458,2707,RM,BC
26129,80.5,108459,3849,IT,OC
26130,80.5,108460,3461,CS,BC
26131,80.5,108461,4964,CS,SC
26132,80.5,108462,3806,CB,SC
26133,80.5,108464,2707,RM,SC
26134,80.5,108465,4933,CS,BC
26135,80.5,108466,1421,ME,OC
26136,80.5,108468,2749,PE,OC
26137,80.5,108469,4676,EE,SC
26138,80.5,108470,1438,CS,OC
26139,80.5,108471,1436,CS,MBC
26140,80.5,108473,2729,AE,SC
26141,80.5,108474,2632,CS,SC
26142,80.5,108475,4984,IT,BC
26143,80.5,108477,3844,ME,OC
26144,80.5,108478,2357,CS,BCM
26145,80.5,108479,2342,EC,SC
26146,80.5,108480,3804,AG,SCA
26147,80.5,108481,2347,EE,MBC
26148,80.5,108484,2347,EE,SC
26149,80.5,108487,2735,EE,SCA
26150,80.5,108488,2659,EC,BC
26151,80.5,108490,4953,CS,BC
26152,80.5,108491,1510,CE,OC
26153,80.5,108492,3021,EC,MBC
26154,80.5,108493,2327,ME,OC
26155,80.5,108495,2753,AG,BC
26156,80.5,108496,2643,EC,OC
26157,80.5,108497,5910,EE,MBC
26158,80.5,108498,2634,IT,SC
26159,80.5,108499,1441,EE,BC
26160,80.5,108500,2723,MD,SC
26161,80.5,108501,1430,CS,BC
26162,80.5,108502,3805,PH,BC
26163,80.5,108504,4998,CS,SC
26164,80.5,108505,2709,AU,BC
26165,80.5,108507,1230,AE,OC
26166,80.5,108508,2338,EC,OC
26167,80.5,108510,2328,EE,BC
26168,80.5,108513,5904,EE,BC
26169,80.5,108514,5915,CE,OC
26170,80.5,108515,4023,ME,MBC
26171,80.5,108517,3459,CS,MBC
26172,80.5,108518,4023,EE,MBC
26173,80.5,108519,2345,EE,SC
26174,80.5,108520,2357,EC,SCA
26175,80.5,108521,1414,ME,OC
26176,80.5,108522,3460,EE,OC
26177,80.5,108523,3825,CS,BC
26178,80.5,108524,2648,CS,BC
26179,80.5,108525,3805,CE,OC
26180,80.5,108526,2347,ME,OC
26181,80.5,108527,2659,ME,OC
26182,80.5,108528,1322,CS,BC
26183,80.5,108529,4970,CS,SCA
26184,80.5,108530,2764,ME,SCA
26185,80.5,108531,1437,IT,OC
26186,80.5,108532,1431,CS,BC
26187,80.5,108533,2627,EC,SC
26188,80.5,108535,3905,EC,SC
26189,80.5,108536,2623,BM,SC
26190,80.5,108537,1207,EC,SC
26191,80.5,108538,3786,AE,MBC
26192,80.5,108539,3806,CE,OC
26193,80.5,108540,2702,EE,SC
26194,80.5,108541,4957,CS,BC
26195,80.5,108542,1207,ME,OC
26196,80.5,108543,2758,EE,OC
26197,80.5,108544,2776,CS,MBC
26198,80.5,108546,1504,CS,MBC
26199,80.5,108548,3841,CS,BC
26200,80.5,108549,2338,EC,OC
26201,80.5,108550,2347,EC,MBC
26202,80.5,108552,3826,ME,SCA
26203,80.5,108554,5022,EC,BC
26204,80.5,108555,2710,CE,BC
26205,80.5,108556,4964,EE,OC
26206,80.5,108557,2659,EC,MBC
26207,80.5,108559,2641,EC,MBC
26208,80.5,108560,3831,IT,MBC
26209,80.5,108561,3456,CS,BC
26210,80.5,108562,5902,CS,BC
26211,80.5,108563,2342,CS,BC
26212,80.5,108565,2707,RM,BC
26213,80.5,108567,2650,CS,BC
26214,80.5,108568,3817,EC,OC
26215,80.5,108569,2342,ME,SC
26216,80.5,108570,2661,CE,OC
26217,80.5,108571,5536,EE,SC
26218,80.5,108573,1303,AD,MBC
26219,80.5,108574,2666,BM,OC
26220,80.5,108575,2683,CS,BC
26221,80.5,108577,5913,CS,SC
26222,80.5,108578,2643,EC,OC
26223,80.5,108579,1430,CE,OC
26224,80.5,108580,3460,EE,OC
26225,80.5,108583,2632,CS,BC
26226,80.5,108584,2772,EC,SC
26227,80.5,108585,1441,EC,SC
26228,80.5,108586,1218,IT,OC
26229,80.5,108588,1431,IT,SC
26230,80.5,108589,2659,CE,OC
26231,80.5,108590,1441,CS,MBC
26232,80.5,108591,3018,XC,OC
26233,80.5,108592,2707,CS,SC
26234,80.5,108595,2341,ME,OC
26235,80.5,108596,2769,PD,OC
26236,80.5,108597,2744,CE,OC
26237,80.5,108598,2715,EC,MBC
26238,80.5,108601,2727,AG,SCA
26239,80.5,108602,3786,AE,BC
26240,80.5,108603,2347,EE,SC
26241,80.5,108606,2636,EE,MBC
26242,80.5,108607,5930,CS,MBC
26243,80.5,108608,5,EE,MBC
26244,80.5,108609,3461,ME,SC
26245,80.5,108611,5910,ME,BC
26246,80.5,108612,2707,AD,SC
26247,80.5,108613,4994,EC,OC
26248,80.5,108614,2338,CS,OC
26249,80.5,108615,4993,BM,BC
26250,80.5,108616,1106,TX,OC
26251,80.5,108617,2341,BM,BC
26252,80.5,108619,5902,CS,SC
26253,80.5,108621,2640,AD,OC
26254,80.5,108622,2673,ME,OC
26255,80.5,108623,2623,BM,SC
26256,80.5,108625,2707,ME,BC
26257,80.5,108626,2704,IT,SC
26258,80.5,108627,4999,CS,OC
26259,80.5,108628,2707,CS,SC
26260,80.5,108630,5914,EE,OC
26261,80.5,108632,2611,EC,SC
26262,80.5,108634,2643,EC,OC
26263,80.5,108635,3821,EE,OC
26264,80.5,108637,2609,AG,SC
26265,80.5,108638,2716,EC,OC
26266,80.5,108639,2345,ME,SC
26267,80.5,108642,3462,CS,SC
26268,80.5,108644,3454,CS,SC
26269,80.5,108646,3825,ME,BC
26270,80.5,108647,1452,CS,BC
26271,80.5,108648,2349,CS,BCM
26272,80.5,108649,1519,CS,BC
26273,80.5,108650,2611,EE,BC
26274,80.5,108651,3805,EE,OC
26275,80.5,108652,3811,CE,OC
26276,80.5,108654,2639,ME,OC
26277,80.5,108657,2705,CS,BC
26278,80.5,108658,4964,ME,SC
26279,80.5,108659,2624,BT,OC
26280,80.5,108662,2625,CS,OC
26281,80.5,108663,1431,IT,SC
26282,80.5,108664,2747,CE,OC
26283,80.5,108665,3766,ME,OC
26284,80.5,108666,2683,BM,SC
26285,80.5,108667,4024,EC,MBC
26286,80.5,108670,4943,AE,OC
26287,80.5,108672,5914,ME,BC
26288,80.5,108673,2367,AD,SC
26289,80.5,108674,1512,EE,OC
26290,80.5,108675,5010,CE,BC
26291,80.5,108676,2329,BM,SC
26292,80.5,108677,2707,AG,SC
26293,80.5,108678,1322,CS,MBC
26294,80.5,108679,3849,IT,OC
26295,80.5,108680,2634,FD,MBC
26296,80.5,108681,2638,EC,OC
26297,80.5,108682,2646,CE,OC
26298,80.5,108683,3760,ME,MBC
26299,80.5,108684,3760,CS,MBC
26300,80.5,108685,2772,CE,OC
26301,80.5,108686,2673,CS,SC
26302,80.5,108687,1525,CS,MBC
26303,80.5,108688,5865,EE,MBC
26304,80.5,108689,3848,ME,OC
26305,80.5,108691,1519,EE,OC
26306,80.5,108692,2611,FD,BC
26307,80.5,108693,1303,IT,SC
26308,80.5,108694,2651,FT,MBC
26309,80.5,108696,2345,EE,MBC
26310,80.5,108698,3760,ME,SC
26311,80.5,108699,2750,EC,MBC
26312,80.5,108700,1207,BM,BC
26313,80.5,108701,4670,CE,SC
26314,80.5,108702,4965,EC,BCM
26315,80.5,108703,1411,BT,OC
26316,80.5,108704,2744,CS,MBC
26317,80.5,108706,2723,ME,MBC
26318,80.5,108707,3805,CE,OC
26319,80.5,108708,1217,AD,OC
26320,80.5,108709,3458,PE,OC
26321,80.5,108710,4669,ME,SC
26322,80.5,108711,2611,AG,BC
26323,80.5,108712,5930,EC,OC
26324,80.5,108713,5703,ME,OC
26325,80.5,108714,1452,CS,SCA
26326,80.5,108715,2624,PH,SCA
26327,80.5,108716,2346,EC,OC
26328,80.5,108717,3458,FD,SC
26329,80.5,108718,2641,CS,MBC
26330,80.5,108719,2683,AG,SC
26331,80.5,108721,2753,BM,SC
26332,80.5,108722,2632,CS,SCA
26333,80.5,108724,2648,CE,OC
26334,80.5,108726,2347,EE,MBC
26335,80.5,108728,3403,CS,OC
26336,80.5,108730,2624,FD,OC
26337,80.5,108731,5703,CS,BC
26338,80.5,108732,2632,IT,SC
26339,80.5,108733,4982,CS,OC
26340,80.5,108735,3456,CS,BC
26341,80.5,108736,2661,EC,OC
26342,80.5,108738,2633,ME,OC
26343,80.5,108739,2345,EC,SC
26344,80.5,108740,1133,CE,OC
26345,80.2,108743,5842,CE,OC
26346,80.2,108744,2350,ME,OC
26347,80.0,108745,1126,RM,BC
26348,80.0,108747,2769,PE,SC
26349,80.0,108748,2613,EC,BC
26350,80.0,108750,3843,CE,OC
26351,80.0,108752,2623,CS,OC
26352,80.0,108754,2659,CS,MBC
26353,80.0,108755,2606,CE,OC
26354,80.0,108758,1207,IT,SC
26355,80.0,108759,1434,CS,MBC
26356,80.0,108763,4933,EC,OC
26357,80.0,108764,3766,CS,SC
26358,80.0,108765,2328,BM,MBC
26359,80.0,108766,5921,EC,BC
26360,80.0,108768,2727,AG,BC
26361,80.0,108769,2329,ME,BC
26362,80.0,108770,4917,CS,SC
26363,80.0,108771,2620,EC,MBC
26364,80.0,108773,3805,ME,OC
26365,80.0,108774,2725,IT,SC
26366,80.0,108775,3805,RM,OC
26367,80.0,108776,4670,EC,BCM
26368,80.0,108778,5904,EE,BC
26369,80.0,108780,2650,CS,BC
26370,80.0,108781,2609,IT,MBC
26371,80.0,108783,1307,CE,OC
26372,80.0,108784,2360,CS,SC
26373,80.0,108785,3849,CS,OC
26374,80.0,108786,2646,CS,BC
26375,80.0,108788,4917,AG,MBC
26376,80.0,108790,3462,CS,SCA
26377,80.0,108793,2723,CE,SC
26378,80.0,108795,1421,EC,MBC
26379,80.0,108797,1115,CS,BC
26380,80.0,108799,1431,CS,BC
26381,80.0,108800,2357,ME,BC
26382,80.0,108801,4965,ME,BC
26383,80.0,108802,2763,EC,BC
26384,80.0,108804,4954,CE,OC
26385,80.0,108805,2628,BM,SC
26386,80.0,108806,3461,EE,OC
26387,80.0,108808,1238,CS,SC
26388,80.0,108810,1306,CS,SC
26389,80.0,108812,2745,CS,BC
26390,80.0,108816,2610,CY,SC
26391,80.0,108817,1431,CS,MBC
26392,80.0,108821,2314,EE,SCA
26393,80.0,108822,2747,EC,BC
26394,80.0,108823,3810,CS,SC
26395,80.0,108824,2614,IT,OC
26396,80.0,108826,2716,AE,MBC
26397,80.0,108827,2609,CS,SC
26398,80.0,108830,2752,EE,OC
26399,80.0,108831,4998,EC,BC
26400,80.0,108832,2722,ME,BC
26401,80.0,108833,4931,ME,BC
26402,80.0,108834,3803,CE,OC
26403,80.0,108836,4949,CS,BC
26404,80.0,108838,2713,EE,OC
26405,80.0,108839,1513,CS,OC
26406,80.0,108841,4953,EC,BC
26407,80.0,108842,2624,CS,MBC
26408,80.0,108843,2341,EC,OC
26409,80.0,108844,2651,CS,BC
26410,80.0,108845,4964,AE,BC
26411,80.0,108848,2708,CE,SC
26412,80.0,108849,5921,EC,SC
26413,80.0,108851,2630,CS,BC
26414,80.0,108852,5990,EC,OC
26415,80.0,108853,3810,CE,OC
26416,80.0,108854,2707,EE,BC
26417,80.0,108855,4676,CE,OC
26418,80.0,108856,1122,CS,SC
26419,80.0,108857,2367,ME,OC
26420,80.0,108858,1233,ME,OC
26421,80.0,108860,2338,CS,OC
26422,80.0,108861,2627,EE,OC
26423,80.0,108863,1226,CS,MBC
26424,80.0,108864,1420,CS,SC
26425,80.0,108865,4949,MZ,BC
26426,80.0,108866,5536,CS,BC
26427,80.0,108867,5915,EE,OC
26428,80.0,108868,2342,CS,BC
26429,80.0,108870,3795,CE,OC
26430,80.0,108871,2710,EE,MBC
26431,80.0,108872,3459,EC,OC
26432,80.0,108873,5919,EE,OC
26433,80.0,108874,2601,AE,OC
26434,80.0,108876,2642,CS,SC
26435,80.0,108879,2647,IT,OC
26436,80.0,108880,3760,AG,SC
26437,80.0,108881,4980,CS,MBC
26438,80.0,108882,5914,ME,BC
26439,80.0,108883,2646,CS,MBC
26440,80.0,108884,4959,CE,OC
26441,80.0,108885,2624,AD,OC
26442,80.0,108887,2753,AG,BC
26443,80.0,108888,2349,RM,OC
26444,80.0,108889,1452,CS,MBC
26445,80.0,108890,2360,CS,BC
26446,80.0,108891,2732,ME,OC
26447,80.0,108894,2743,EC,OC
26448,80.0,108898,1303,BT,BC
26449,80.0,108899,1441,EC,MBC
26450,80.0,108901,2314,EE,SC
26451,80.0,108902,2646,EC,OC
26452,80.0,108903,1101,CS,MBC
26453,80.0,108904,3786,EE,OC
26454,80.0,108906,2609,EC,MBC
26455,80.0,108907,1441,EC,BC
26456,80.0,108908,2610,EE,BC
26457,80.0,108909,3811,EE,OC
26458,80.0,108911,2634,AE,OC
26459,80.0,108912,3806,ME,MBC
26460,80.0,108913,3812,CS,SC
26461,80.0,108914,3805,EE,BC
26462,80.0,108915,1222,CS,OC
26463,80.0,108916,4023,ME,MBC
26464,80.0,108918,1421,EC,SC
26465,80.0,108919,5703,CS,BC
26466,80.0,108920,4933,EE,OC
26467,80.0,108921,1128,EC,SC
26468,80.0,108922,3908,CS,BC
26469,80.0,108923,1317,EE,BCM
26470,80.0,108925,1411,CS,BC
26471,80.0,108928,1421,ME,OC
26472,80.0,108929,2634,IT,MBC
26473,80.0,108931,3011,AU,BC
26474,80.0,108932,2638,EE,SC
26475,80.0,108936,1207,IT,MBC
26476,80.0,108937,4966,CS,BC
26477,80.0,108938,2642,ME,OC
26478,80.0,108939,1452,EC,BC
26479,80.0,108942,2715,ME,BC
26480,80.0,108944,4965,EE,BC
26481,80.0,108945,2630,EE,SC
26482,80.0,108946,1504,CS,MBC
26483,80.0,108947,4989,IT,OC
26484,80.0,108949,1015,EC,SC
26485,80.0,108952,1118,AD,SC
26486,80.0,108956,3760,ME,MBC
26487,80.0,108957,2634,AD,OC
26488,80.0,108959,5842,CS,OC
26489,80.0,108960,1207,EC,BC
26490,80.0,108962,4969,ME,OC
26491,80.0,108963,4676,CS,BC
26492,80.0,108966,2651,EC,BC
26493,80.0,108967,2632,IT,SC
26494,80.0,108969,3807,EC,SC
26495,80.0,108970,1210,EI,BC
26496,80.0,108971,3805,ME,OC
26497,80.0,108972,1216,EC,MBC
26498,80.0,108973,2623,CS,OC
26499,80.0,108974,2707,EI,BC
26500,80.0,108975,4933,EC,OC
26501,80.0,108976,2629,MD,OC
26502,80.0,108982,1431,CS,BC
26503,80.0,108983,2752,IT,MBC
26504,80.0,108985,1431,CS,BC
26505,80.0,108987,3826,ME,BC
26506,80.0,108988,2715,CS,SC
26507,80.0,108989,2613,EC,BC
26508,80.0,108991,2657,ME,OC
26509,80.0,108992,2630,CS,BC
26510,80.0,108993,2625,AG,ST
26511,80.0,108996,4980,CS,BC
26512,80.0,109000,1426,ME,OC
26513,80.0,109003,2776,CS,MBC
26514,80.0,109005,2710,EE,MBC
26515,80.0,109006,3905,ME,BC
26516,80.0,109009,3807,EC,BC
26517,80.0,109010,1444,CS,OC
26518,80.0,109011,5530,EC,MBC
26519,80.0,109012,5910,ME,SC
26520,80.0,109013,2634,AD,OC
26521,80.0,109017,3829,EC,MBC
26522,80.0,109018,2708,IT,SCA
26523,80.0,109019,1218,CS,MBC
26524,80.0,109020,2705,CS,BC
26525,80.0,109022,3806,CE,OC
26526,80.0,109023,2621,IT,BCM
26527,80.0,109024,1408,EC,OC
26528,80.0,109026,2640,ME,OC
26529,80.0,109027,4994,ME,OC
26530,80.0,109028,1140,ME,OC
26531,80.0,109033,2741,CE,OC
26532,80.0,109034,4669,ME,MBC
26533,80.0,109035,5502,EC,SC
26534,80.0,109036,2763,EC,BC
26535,80.0,109037,2329,CS,SC
26536,80.0,109040,2609,CS,SC
26537,80.0,109041,2747,CS,SC
26538,80.0,109045,1431,CS,BC
26539,80.0,109046,1303,CS,SCA
26540,80.0,109047,4980,EE,OC
26541,80.0,109048,2609,EC,MBC
26542,80.0,109049,2708,CH,MBC
26543,80.0,109051,5910,AD,SCA
26544,80.0,109053,2706,IT,SC
26545,80.0,109054,5832,EC,OC
26546,80.0,109056,2707,RM,BC
26547,80.0,109057,1116,ME,OC
26548,80.0,109058,1412,CS,SC
26549,80.0,109059,2650,CS,MBC
26550,80.0,109061,2659,EC,BC
26551,80.0,109062,2634,CS,SC
26552,80.0,109063,4970,EC,OC
26553,80.0,109064,2723,EE,MBC
26554,80.0,109065,1510,CS,BC
26555,80.0,109066,3807,EC,BCM
26556,80.0,109069,5703,CS,BC
26557,80.0,109071,2611,AG,MBC
26558,80.0,109072,2628,CS,BC
26559,80.0,109073,4929,CS,OC
26560,80.0,109074,1510,EE,OC
26561,80.0,109075,4669,CE,BCM
26562,80.0,109076,4917,ME,BC
26563,80.0,109077,2772,CS,SCA
26564,80.0,109078,2737,CS,OC
26565,80.0,109079,2707,AD,SC
26566,80.0,109080,1126,BM,MBC
26567,80.0,109081,4864,CE,OC
26568,80.0,109082,3461,CS,SC
26569,80.0,109083,4965,ME,BC
26570,80.0,109084,3820,MZ,OC
26571,80.0,109085,1126,AD,SC
26572,80.0,109087,1123,AE,SC
26573,80.0,109088,3021,XC,OC
26574,80.0,109089,4933,EC,OC
26575,80.0,109092,5912,EE,OC
26576,80.0,109094,2732,CS,OC
26577,80.0,109095,2621,EC,MBC
26578,80.0,109096,4669,ME,BC
26579,80.0,109097,2609,CS,SC
26580,80.0,109098,2639,ME,OC
26581,80.0,109099,2357,CE,BC
26582,80.0,109100,3795,ME,MBC
26583,80.0,109101,2630,CS,BC
26584,80.0,109103,2623,IT,SC
26585,80.0,109104,3454,CS,SC
26586,80.0,109105,1238,EC,SCA
26587,80.0,109106,5930,EC,OC
26588,80.0,109107,2683,BM,SC
26589,80.0,109108,1207,ME,SC
26590,80.0,109109,5865,CS,SC
26591,80.0,109112,3810,CS,SC
26592,80.0,109113,2755,AG,MBC
26593,80.0,109114,2614,TX,BC
26594,80.0,109115,1605,CS,SC
26595,80.0,109116,1413,EC,BC
26596,80.0,109117,2342,EC,BC
26597,80.0,109119,1421,CE,OC
26598,80.0,109120,1127,ME,OC
26599,80.0,109123,2744,CE,OC
26600,80.0,109124,1202,CS,MBC
26601,80.0,109125,5530,ME,OC
26602,80.0,109126,4676,CE,OC
26603,80.0,109127,2764,CE,BCM
26604,80.0,109130,1306,IT,SC
26605,80.0,109132,3021,ME,OC
26606,80.0,109133,1238,CS,MBC
26607,80.0,109134,4946,CS,OC
26608,80.0,109136,3786,CS,MBC
26609,80.0,109137,2713,IT,BC
26610,80.0,109139,4957,EC,SC
26611,80.0,109141,2743,CB,MBC
26612,80.0,109142,1420,EE,OC
26613,80.0,109143,2661,IT,MBC
26614,80.0,109144,4954,EE,BC
26615,80.0,109145,2758,IT,SC
26616,80.0,109148,1213,CS,OC
26617,80.0,109149,2621,CE,OC
26618,80.0,109151,1432,CS,SC
26619,80.0,109152,1413,CS,SC
26620,80.0,109153,3830,EE,SC
26621,80.0,109154,3760,CS,MBC
26622,80.0,109159,3812,CS,BC
26623,80.0,109160,1407,CS,MBC
26624,80.0,109161,1212,EE,OC
26625,80.0,109162,3760,CS,SC
26626,80.0,109164,2713,CS,MBC
26627,80.0,109165,4946,CS,OC
26628,80.0,109166,2643,EE,OC
26629,80.0,109167,3782,CS,SCA
26630,80.0,109168,5904,ME,BC
26631,80.0,109169,5865,ME,OC
26632,80.0,109172,5,BD,SC
26633,80.0,109173,1202,EC,OC
26634,80.0,109174,2736,ME,SC
26635,80.0,109175,2651,FT,SC
26636,80.0,109177,1322,EC,OC
26637,80.0,109178,5913,CS,SC
26638,80.0,109179,2758,CS,BC
26639,80.0,109180,3829,ME,OC
26640,80.0,109181,1333,CS,OC
26641,80.0,109182,1213,IT,OC
26642,80.0,109183,3803,ME,BCM
26643,80.0,109184,2345,EC,SC
26644,80.0,109185,1322,ME,OC
26645,80.0,109187,3821,EE,OC
26646,80.0,109188,1207,IT,MBC
26647,80.0,109189,1202,CS,BC
26648,80.0,109191,2753,CS,SC
26649,80.0,109192,3805,CE,OC
26650,80.0,109194,3806,EC,BC
26651,80.0,109195,4023,CS,SC
26652,80.0,109196,1420,AE,OC
26653,80.0,109197,1114,CS,SC
26654,80.0,109198,1431,EC,OC
26655,80.0,109199,2630,CS,SCA
26656,80.0,109201,2708,EC,MBC
26657,80.0,109203,3845,EE,OC
26658,80.0,109204,4964,EC,OC
26659,80.0,109205,3019,ME,OC
26660,80.0,109206,1210,EC,SC
26661,80.0,109207,1316,ME,BC
26662,80.0,109208,1216,CE,OC
26663,80.0,109209,5915,EC,BC
26664,80.0,109210,4670,ME,MBC
26665,80.0,109211,1434,CS,MBC
26666,80.0,109212,1399,EE,SC
26667,80.0,109216,2744,EC,SC
26668,80.0,109217,2731,EC,OC
26669,80.0,109218,2640,ME,OC
26670,80.0,109219,2609,CS,SC
26671,80.0,109220,2713,IT,BC
26672,80.0,109221,2708,CS,SC
26673,80.0,109222,3812,CS,SC
26674,80.0,109223,3459,EE,OC
26675,80.0,109224,2347,ME,OC
26676,80.0,109225,3807,ME,MBC
26677,80.0,109227,2735,AD,SC
26678,80.0,109228,1452,CS,SC
26679,80.0,109229,2609,CS,BC
26680,80.0,109230,3811,CE,OC
26681,80.0,109232,2743,EC,BC
26682,80.0,109234,1422,AG,SC
26683,80.0,109236,3804,BM,BCM
26684,80.0,109238,2767,EE,SC
26685,80.0,109239,1014,EC,BC
26686,80.0,109240,3021,EE,OC
26687,80.0,109241,1230,AE,OC
26688,80.0,109242,1523,CS,MBC
26689,80.0,109243,1243,EC,OC
26690,80.0,109244,2627,CS,BC
26691,80.0,109245,2713,IT,SCA
26692,80.0,109251,3849,IT,OC
26693,80.0,109253,3831,EE,OC
26694,80.0,109254,4969,EC,OC
26695,80.0,109255,3760,EE,SC
26696,80.0,109256,1420,ME,OC
26697,80.0,109257,2752,CS,MBC
26698,80.0,109260,4972,EC,BC
26699,80.0,109261,2659,CS,MBC
26700,80.0,109262,2646,EC,OC
26701,80.0,109263,2710,CE,BC
26702,80.0,109266,4999,CS,OC
26703,80.0,109267,3812,ME,OC
26704,80.0,109268,4969,CS,BC
26705,80.0,109270,2618,CE,BC
26706,80.0,109272,2707,ME,BCM
26707,80.0,109273,5915,CS,SC
26708,80.0,109274,1407,CS,MBC
26709,80.0,109275,4933,ME,OC
26710,80.0,109276,5703,ME,OC
26711,80.0,109277,1430,EC,OC
26712,80.0,109279,2762,CS,ST
26713,80.0,109280,2609,CS,SC
26714,80.0,109282,4949,MZ,ST
26715,80.0,109283,2716,AE,BC
26716,80.0,109284,3811,CS,SC
26717,80.0,109285,1303,IT,BC
26718,80.0,109286,1408,EC,OC
26719,80.0,109287,2659,CS,MBC
26720,80.0,109290,2636,CE,OC
26721,80.0,109291,3461,EC,OC
26722,80.0,109292,4970,EE,OC
26723,80.0,109293,3760,CS,BC
26724,80.0,109294,2338,CS,SC
26725,80.0,109295,2611,FD,MBC
26726,80.0,109296,1411,EC,OC
26727,80.0,109297,2345,ME,ST
26728,80.0,109299,1231,IT,SC
26729,80.0,109300,3905,ME,BC
26730,80.0,109301,1432,EC,MBC
26731,80.0,109302,2735,EC,SC
26732,80.0,109304,3459,EC,OC
26733,80.0,109305,5930,CE,OC
26734,80.0,109308,4953,EE,MBC
26735,80.0,109310,2601,CE,BCM
26736,80.0,109311,1301,CE,BCM
26737,80.0,109312,1218,CS,SC
26738,80.0,109314,1419,ME,MBC
26739,80.0,109315,1127,CS,MBC
26740,80.0,109317,4965,ME,SCA
26741,80.0,109318,3905,EC,SC
26742,80.0,109320,4949,MZ,BC
26743,80.0,109321,3410,CS,SC
26744,80.0,109323,5842,IT,SC
26745,80.0,109324,1426,CS,OC
26746,80.0,109325,3806,CE,OC
26747,80.0,109326,2651,EC,MBC
26748,80.0,109327,2634,CS,SCA
26749,80.0,109328,5536,AG,MBC
26750,80.0,109329,3807,ME,BC
26751,80.0,109330,4969,CS,MBC
26752,80.0,109331,4994,EE,BC
26753,80.0,109333,1426,CS,OC
26754,80.0,109334,2606,EC,OC
26755,80.0,109335,1202,EC,OC
26756,80.0,109336,2609,CS,SC
26757,80.0,109337,1441,CE,OC
26758,80.0,109339,1202,EC,OC
26759,80.0,109340,5935,CS,SC
26760,80.0,109341,2640,CS,MBC
26761,80.0,109344,2609,CS,SC
26762,80.0,109346,2627,CS,MBC
26763,80.0,109347,4670,ME,SC
26764,80.0,109348,2635,CS,OC
26765,80.0,109351,3804,CE,OC
26766,80.0,109352,2345,ME,MBC
26767,80.0,109353,1407,CS,BC
26768,80.0,109355,1303,EC,MBC
26769,80.0,109356,1316,IT,SC
26770,80.0,109357,3831,ME,OC
26771,80.0,109358,3826,ME,MBC
26772,80.0,109360,1123,CS,BC
26773,80.0,109362,2638,EC,OC
26774,80.0,109363,3825,CS,MBC
26775,80.0,109365,1133,CS,OC
26776,80.0,109366,2659,EC,BC
26777,80.0,109371,5,MM,OC
26778,80.0,109372,2347,CS,BC
26779,80.0,109374,2727,EC,BC
26780,80.0,109375,4676,ME,OC
26781,80.0,109379,2639,CS,SC
26782,80.0,109380,3461,CE,OC
26783,80.0,109381,5921,EC,BC
26784,80.0,109382,2762,CS,BC
26785,80.0,109383,2638,EC,OC
26786,80.0,109384,2743,FD,OC
26787,80.0,109385,3825,CS,SC
26788,80.0,109386,2758,IT,MBC
26789,80.0,109387,1441,ME,OC
26790,80.0,109388,2661,IT,SC
26791,80.0,109389,1303,EE,SC
26792,80.0,109390,2707,ME,BC
26793,80.0,109392,2360,EC,OC
26794,80.0,109393,2722,ME,BC
26795,80.0,109394,4981,CE,OC
26796,80.0,109395,3782,EE,OC
26797,80.0,109396,2707,EC,BC
26798,80.0,109397,1202,ME,OC
26799,80.0,109398,2659,EE,SC
26800,80.0,109399,3831,EC,SC
26801,80.0,109402,4931,EC,MBC
26802,80.0,109403,3811,ME,OC
26803,80.0,109406,3855,ME,OC
26804,80.0,109411,1243,CS,OC
26805,80.0,109412,2707,RM,BC
26806,80.0,109413,3801,EE,MBC
26807,80.0,109415,4669,EE,BC
26808,80.0,109417,2661,CE,OC
26809,80.0,109418,4676,EC,BC
26810,80.0,109420,2328,BM,BC
26811,80.0,109421,2611,ME,OC
26812,80.0,109422,1317,ME,MBC
26813,80.0,109423,2640,EE,OC
26814,80.0,109424,2727,EE,MBC
26815,80.0,109426,2602,CS,OC
26816,80.0,109428,1149,ME,OC
26817,80.0,109430,1430,ME,SC
26818,80.0,109431,2342,EC,SC
26819,80.0,109433,3804,ME,OC
26820,80.0,109435,2623,IT,BC
26821,80.0,109441,4960,ME,SC
26822,80.0,109442,2609,EE,BC
26823,80.0,109443,4669,ME,BC
26824,80.0,109444,3806,CE,OC
26825,80.0,109445,4975,ME,OC
26826,80.0,109447,1106,CS,SC
26827,80.0,109448,1226,CS,BC
26828,80.0,109449,3807,EC,BC
26829,80.0,109452,1322,CS,SC
26830,80.0,109453,1412,EE,OC
26831,80.0,109455,2614,CS,MBC
26832,80.0,109456,1525,CS,BCM
26833,80.0,109458,1518,CS,OC
26834,80.0,109461,4960,BM,SC
26835,80.0,109463,3855,CS,MBC
26836,80.0,109465,2614,CS,SC
26837,80.0,109467,2741,CS,MBC
26838,80.0,109468,2751,EC,BC
26839,80.0,109473,2643,EC,OC
26840,80.0,109474,2612,CS,BC
26841,80.0,109475,3805,AE,OC
26842,80.0,109477,2630,EC,BC
26843,80.0,109478,2621,ME,OC
26844,80.0,109479,2651,EC,SC
26845,80.0,109480,2715,ME,MBC
26846,80.0,109481,2683,ME,OC
26847,80.0,109483,1413,EC,MBC
26848,80.0,109485,1325,EC,BC
26849,80.0,109486,2618,ME,SC
26850,80.0,109487,1402,CS,SC
26851,80.0,109491,3860,EC,OC
26852,80.0,109493,1412,CS,BCM
26853,80.0,109494,2727,EC,MBC
26854,80.0,109495,4949,ME,OC
26855,80.0,109496,1402,CS,SC
26856,80.0,109497,1316,IT,SC
26857,80.0,109498,2629,MD,OC
26858,80.0,109499,3760,EC,MBC
26859,80.0,109500,2341,CS,OC
26860,80.0,109501,2707,EE,BC
26861,80.0,109502,2683,BM,BC
26862,80.0,109503,3766,CS,MBC
26863,80.0,109504,1123,EC,OC
26864,80.0,109506,3829,EE,MBC
26865,80.0,109507,2763,ME,OC
26866,80.0,109508,4995,CS,OC
26867,80.0,109509,1444,ME,OC
26868,80.0,109510,2639,ME,MBC
26869,80.0,109511,2623,CS,OC
26870,80.0,109513,2683,BM,MBC
26871,80.0,109516,2347,CS,SC
26872,80.0,109517,3843,ME,MBC
26873,80.0,109518,5530,EE,OC
26874,80.0,109519,3456,EC,OC
26875,80.0,109521,1207,BM,MBC
26876,80.0,109524,3810,CS,BC
26877,80.0,109525,1113,EI,MBC
26878,80.0,109526,2723,IT,MBC
26879,80.0,109527,2664,TX,OC
26880,80.0,109529,2719,EC,SC
26881,80.0,109530,1431,IT,MBC
26882,80.0,109532,2617,CS,BC
26883,80.0,109533,4670,ME,SC
26884,80.0,109534,2646,EC,OC
26885,80.0,109535,2713,IT,SC
26886,80.0,109537,5915,ME,OC
26887,80.0,109538,2609,EE,BC
26888,80.0,109541,4999,CS,OC
26889,80.0,109542,2723,ME,MBC
26890,80.0,109543,2723,MD,SC
26891,80.0,109546,2625,EE,OC
26892,80.0,109547,2639,ME,MBC
26893,80.0,109549,5533,EC,OC
26894,80.0,109550,2642,EC,OC
26895,80.0,109551,3860,CS,SC
26896,80.0,109552,2347,ME,OC
26897,80.0,109553,4981,CE,BC
26898,80.0,109554,2646,EC,OC
26899,80.0,109555,1434,CS,SC
26900,80.0,109557,2729,ME,OC
26901,80.0,109559,1301,EE,BCM
26902,80.0,109560,2736,EE,BC
26903,80.0,109561,2601,EC,MBC
26904,80.0,109562,2623,IT,SCA
26905,80.0,109563,3806,ME,SC
26906,80.0,109564,1207,CS,SC
26907,80.0,109567,2643,EC,SC
26908,80.0,109568,2723,IT,MBC
26909,80.0,109570,5842,IT,BCM
26910,80.0,109571,1317,EI,BC
26911,80.0,109574,4961,CS,BCM
26912,80.0,109576,2367,AD,MBC
26913,80.0,109580,1207,BM,BCM
26914,80.0,109581,1210,EE,SC
26915,80.0,109582,2741,EC,SC
26916,80.0,109583,3786,MZ,OC
26917,80.0,109584,3811,CS,SCA
26918,80.0,109586,1420,ME,OC
26919,80.0,109587,1216,EE,BCM
26920,80.0,109589,1413,CS,SC
26921,80.0,109590,2643,EC,SC
26922,80.0,109592,2665,CS,MBC
26923,80.0,109593,5942,ME,OC
26924,80.0,109594,5703,CS,SC
26925,80.0,109597,2357,CE,BC
26926,80.0,109601,2329,IT,MBC
26927,80.0,109602,2623,ME,OC
26928,80.0,109604,4994,EE,BC
26929,80.0,109605,2345,CE,OC
26930,80.0,109606,5986,CS,SC
26931,80.0,109607,1201,IT,OC
26932,80.0,109608,2609,AG,MBC
26933,80.0,109610,1207,EC,SC
26934,80.0,109612,2620,EE,SC
26935,80.0,109613,2628,CS,BC
26936,80.0,109615,1238,EC,BC
26937,80.0,109617,4023,CS,SC
26938,80.0,109618,3760,CS,SC
26939,80.0,109619,3760,EE,SC
26940,80.0,109620,3760,EE,SC
26941,80.0,109621,3812,CS,SC
26942,80.0,109622,3810,EE,OC
26943,80.0,109623,3801,IT,SC
26944,80.0,109624,2711,ME,MBC
26945,80.0,109625,3786,CS,BC
26946,80.0,109626,4949,MZ,SC
26947,80.0,109627,2347,ME,OC
26948,80.0,109628,2608,ME,BC
26949,80.0,109630,1412,ME,OC
26950,80.0,109631,1207,ME,SC
26951,80.0,109632,4933,EE,OC
26952,80.0,109633,1510,EE,SC
26953,80.0,109637,2722,ME,BC
26954,80.0,109638,3805,PH,MBC
26955,80.0,109639,1301,EE,SC
26956,80.0,109640,1434,CS,MBC
26957,80.0,109641,3849,ME,OC
26958,80.0,109642,5703,IT,MBC
26959,80.0,109643,2707,AD,SCA
26960,80.0,109644,2314,AG,MBC
26961,80.0,109645,2648,CS,SC
26962,80.0,109646,4672,CE,BC
26963,80.0,109648,1304,ME,MBC
26964,80.0,109650,2710,EE,MBC
26965,80.0,109651,1225,EE,OC
26966,80.0,109653,1421,CE,OC
26967,80.0,109654,3831,CS,SC
26968,80.0,109655,3845,CS,BC
26969,80.0,109657,2328,CS,SC
26970,80.0,109658,4917,CE,SC
26971,80.0,109659,2623,CS,OC
26972,80.0,109660,2643,CS,BC
26973,80.0,109662,3810,EE,OC
26974,80.0,109663,2327,ME,OC
26975,80.0,109664,2610,EE,MBC
26976,80.0,109665,3859,CS,OC
26977,80.0,109666,5913,CE,OC
26978,80.0,109668,2346,CS,SC
26979,80.0,109669,3804,CS,BC
26980,80.0,109670,2640,ME,OC
26981,80.0,109671,2630,EE,BC
26982,80.0,109672,2347,ME,OC
26983,80.0,109674,2613,EE,MBC
26984,80.0,109675,2639,ME,MBC
26985,80.0,109679,1118,CB,SC
26986,80.0,109680,3461,ME,SC
26987,80.0,109681,5,CE,SC
26988,80.0,109683,4669,EE,BC
26989,80.0,109684,2758,IT,SC
26990,80.0,109685,4965,EC,MBC
26991,80.0,109686,2611,AE,OC
26992,80.0,109687,3466,CS,OC
26993,80.0,109690,1325,EC,BC
26994,80.0,109691,3829,EC,BC
26995,80.0,109692,1431,IT,MBC
26996,80.0,109695,1233,EE,MBC
26997,80.0,109696,1441,CS,SC
26998,80.0,109697,2657,ME,OC
26999,80.0,109700,2329,AG,SCA
27000,80.0,109702,5910,CE,BCM
27001,80.0,109703,2707,RM,BC
27002,80.0,109706,3805,EC,BC
27003,80.0,109707,1452,EC,BC
27004,80.0,109708,2749,EC,OC
27005,80.0,109710,2707,EC,SC
27006,80.0,109711,2713,IT,SCA
27007,80.0,109713,4989,IT,OC
27008,80.0,109714,3410,EC,BC
27009,80.0,109715,2758,IT,MBC
27010,80.0,109719,5536,EC,BC
27011,80.0,109720,2753,CS,BC
27012,80.0,109721,3850,CS,OC
27013,80.0,109723,2651,FT,BC
27014,80.0,109724,3860,EC,OC
27015,80.0,109727,3760,EE,SC
27016,80.0,109728,3760,CS,SC
27017,80.0,109729,4864,CE,OC
27018,80.0,109730,3819,EE,BC
27019,80.0,109731,1202,CS,BC
27020,80.0,109732,1501,EE,OC
27021,80.0,109734,2715,CS,SC
27022,80.0,109735,3786,CS,MBC
27023,80.0,109737,3859,CS,OC
27024,80.0,109738,2708,ME,OC
27025,80.0,109739,2625,AG,BC
27026,80.0,109740,3805,RM,OC
27027,80.0,109741,2338,ME,OC
27028,80.0,109742,2651,ME,SCA
27029,80.0,109745,1229,EE,OC
27030,80.0,109749,3760,ME,MBC
27031,80.0,109750,1202,IT,MBC
27032,80.0,109751,3804,EC,SC
27033,80.0,109752,5910,EE,MBC
27034,80.0,109753,2642,EE,SC
27035,80.0,109756,3926,CE,OC
27036,80.0,109757,1127,AE,OC
27037,80.0,109758,2345,CE,OC
27038,80.0,109761,1218,CS,BC
27039,80.0,109762,2646,EC,OC
27040,80.0,109763,1411,BT,OC
27041,80.0,109764,2641,CS,SC
27042,80.0,109765,1311,EE,OC
27043,80.0,109768,5919,EC,OC
27044,80.0,109770,5536,ME,OC
27045,80.0,109772,3459,BM,SC
27046,80.0,109773,2341,EC,OC
27047,80.0,109774,2623,CS,OC
27048,80.0,109775,2629,IT,SCA
27049,80.0,109776,4676,ME,OC
27050,80.0,109777,2338,CS,SC
27051,80.0,109779,2715,CE,BC
27052,80.0,109780,4975,ME,OC
27053,80.0,109782,3804,EC,SC
27054,80.0,109783,2640,CS,SC
27055,80.0,109784,3831,ME,OC
27056,80.0,109786,1013,ME,SC
27057,80.0,109787,2611,AE,OC
27058,80.0,109789,2612,EE,OC
27059,80.0,109790,2758,ME,OC
27060,80.0,109791,4966,ME,OC
27061,80.0,109792,3806,EC,BC
27062,80.0,109793,1504,CS,MBC
27063,80.0,109794,3821,EE,OC
27064,80.0,109795,3905,EC,MBC
27065,80.0,109798,2610,IT,SCA
27066,80.0,109804,4953,CS,BC
27067,80.0,109807,3918,EC,BC
27068,80.0,109808,3806,EE,SC
27069,80.0,109809,2657,CS,MBC
27070,80.0,109810,1421,CE,OC
27071,80.0,109812,4953,CE,OC
27072,80.0,109813,3843,EC,MBC
27073,80.0,109814,4978,BT,BCM
27074,80.0,109815,2610,EC,BC
27075,80.0,109817,1243,CS,OC
27076,80.0,109819,4984,IT,BC
27077,80.0,109821,4949,ME,OC
27078,80.0,109822,2611,BM,BC
27079,80.0,109823,4964,ME,SC
27080,80.0,109824,3810,CE,OC
27081,80.0,109825,2653,CE,MBC
27082,80.0,109826,3825,CS,SC
27083,80.0,109828,1413,CS,SC
27084,80.0,109829,4993,EE,OC
27085,80.0,109831,5930,ME,OC
27086,80.0,109832,4676,ME,OC
27087,80.0,109833,5703,CS,BC
27088,80.0,109834,3760,EE,SC
27089,80.0,109836,1207,EC,BC
27090,80.0,109838,1431,EC,OC
27091,80.0,109839,2623,CS,SC
27092,80.0,109840,2743,CE,OC
27093,80.0,109841,2659,CE,OC
27094,80.0,109842,2710,EC,SCA
27095,80.0,109843,1503,IT,OC
27096,80.0,109845,2617,EC,OC
27097,80.0,109847,1505,CS,SC
27098,80.0,109848,4949,CS,SC
27099,80.0,109849,4981,CE,BC
27100,80.0,109850,5990,CE,OC
27101,80.0,109851,1431,IT,SC
27102,80.0,109853,2683,BM,SC
27103,80.0,109854,2625,CS,OC
27104,80.0,109855,4957,IT,BC
27105,80.0,109856,3804,EE,OC
27106,80.0,109857,3821,CS,OC
27107,80.0,109858,5930,EC,OC
27108,80.0,109861,2683,CS,SCA
27109,80.0,109863,2327,EE,OC
27110,80.0,109864,2636,ME,OC
27111,80.0,109866,4978,BT,SC
27112,80.0,109867,1322,EC,OC
27113,80.0,109868,3804,CS,SC
27114,80.0,109869,2710,ET,BC
27115,80.0,109870,2659,ME,OC
27116,80.0,109871,5703,EE,OC
27117,80.0,109872,1325,EC,MBC
27118,80.0,109874,5,CE,SC
27119,80.0,109876,2666,BM,OC
27120,80.0,109877,3804,CS,SC
27121,80.0,109880,4966,EC,BC
27122,80.0,109881,5865,EC,MBC
27123,80.0,109882,5910,CS,SC
27124,80.0,109883,1415,EC,OC
27125,80.0,109884,4675,EC,OC
27126,80.0,109885,4949,MU,OC
27127,80.0,109886,2614,CS,BC
27128,80.0,109888,2683,AG,BC
27129,80.0,109889,4981,CE,BC
27130,80.0,109890,1229,EE,OC
27131,80.0,109891,3815,CS,OC
27132,80.0,109893,1437,IT,OC
27133,80.0,109894,2630,EC,BC
27134,80.0,109895,2758,ME,OC
27135,80.0,109896,5533,ME,OC
27136,80.0,109897,2622,ME,MBC
27137,80.0,109898,1520,CS,BC
27138,80.0,109899,1207,CS,SC
27139,80.0,109901,4670,ME,MBC
27140,80.0,109902,2606,EE,BC
27141,80.0,109903,2314,EC,SC
27142,80.0,109904,3829,ME,OC
27143,80.0,109906,5930,EC,OC
27144,80.0,109908,2737,CS,OC
27145,80.0,109910,3766,CS,BC
27146,80.0,109912,1207,CS,BC
27147,80.0,109913,1430,ME,BC
27148,80.0,109914,3786,ME,OC
27149,80.0,109915,2643,EC,SC
27150,80.0,109917,5536,EC,MBC
27151,80.0,109919,3805,EE,SC
27152,80.0,109920,2342,ME,BC
27153,80.0,109921,3766,ME,OC
27154,80.0,109922,5533,CS,OC
27155,80.0,109925,2659,EC,MBC
27156,80.0,109926,2646,EC,OC
27157,80.0,109927,3760,CS,SC
27158,80.0,109929,3860,EE,OC
27159,80.0,109930,3811,ME,OC
27160,80.0,109931,3461,ME,SC
27161,80.0,109932,2636,EC,SC
27162,80.0,109933,1411,IT,OC
27163,80.0,109934,1207,EC,SC
27164,80.0,109935,2642,CS,BC
27165,80.0,109936,2606,CS,SC
27166,80.0,109938,4957,EC,SC
27167,80.0,109939,3766,CS,SC
27168,80.0,109941,5532,CE,SC
27169,80.0,109943,2748,ME,OC
27170,80.0,109945,1424,CS,MBC
27171,80.0,109946,1202,IT,BC
27172,80.0,109947,2628,ME,OC
27173,80.0,109952,4864,EE,OC
27174,80.0,109953,1325,EC,BC
27175,80.0,109954,2705,EC,OC
27176,80.0,109955,2610,EC,MBC
27177,80.0,109956,3786,AE,BC
27178,80.0,109957,2715,CE,MBC
27179,80.0,109958,1319,IT,OC
27180,80.0,109960,2646,EE,BC
27181,80.0,109961,5536,CS,MBC
27182,80.0,109962,5930,CE,OC
27183,80.0,109963,2329,AG,BC
27184,80.0,109964,1413,AD,BC
27185,80.0,109965,4993,IT,MBC
27186,80.0,109967,4969,CS,BC
27187,80.0,109969,1424,ME,OC
27188,80.0,109970,2327,ME,OC
27189,80.0,109971,2747,EC,BC
27190,80.0,109972,1413,EE,SC
27191,80.0,109973,4953,IT,MBC
27192,80.0,109975,1325,ME,SC
27193,80.0,109976,5915,EE,OC
27194,80.0,109977,4955,EE,BC
27195,80.0,109979,2345,ME,MBC
27196,80.0,109980,4931,EC,BC
27197,80.0,109982,1322,ME,OC
27198,80.0,109983,3760,ME,SC
27199,80.0,109984,3425,ME,BCM
27200,80.0,109985,2345,EE,MBC
27201,80.0,109988,2610,ME,MBC
27202,80.0,109989,1126,EC,BC
27203,80.0,109992,2611,ME,OC
27204,80.0,109993,5986,EC,SC
27205,80.0,109994,1216,MD,MBC
27206,80.0,109995,2716,BM,SC
27207,80.0,109996,3849,CS,SC
27208,80.0,109997,1412,ME,OC
27209,80.0,109998,3905,CE,OC
27210,80.0,110000,1436,ME,OC
27211,80.0,110001,2683,CS,SC
27212,80.0,110002,2772,EC,BC
27213,80.0,110003,3826,ME,MBC
27214,80.0,110006,3825,CS,BC
27215,80.0,110009,2641,ME,OC
27216,80.0,110010,2639,EC,BC
27217,80.0,110011,1510,CS,SC
27218,80.0,110013,1510,EC,OC
27219,80.0,110014,3825,CS,MBC
27220,80.0,110015,2723,EE,MBC
27221,80.0,110018,3819,ME,BC
27222,80.0,110019,3811,CE,OC
27223,80.0,110021,3458,PE,OC
27224,80.0,110024,5914,ME,BC
27225,80.0,110025,2763,EC,SC
27226,80.0,110031,2338,ME,OC
27227,80.0,110032,3786,AE,MBC
27228,80.0,110033,1207,CS,SC
27229,80.0,110034,1413,EC,SC
27230,80.0,110035,2758,ME,OC
27231,80.0,110037,5502,ME,BC
27232,80.0,110038,2715,BM,SCA
27233,80.0,110039,2743,EE,OC
27234,80.0,110040,3805,CE,OC
27235,80.0,110041,1411,AE,SCA
27236,80.0,110042,2354,EC,OC
27237,80.0,110043,2611,AG,SC
27238,80.0,110045,5,EE,SC
27239,80.0,110046,2646,CS,BCM
27240,80.0,110049,1201,EC,OC
27241,80.0,110050,2609,AO,MBC
27242,80.0,110052,2729,AD,MBC
27243,80.0,110053,1202,CS,BC
27244,80.0,110055,4672,EC,BC
27245,80.0,110057,2357,CS,SC
27246,80.0,110058,2633,CS,OC
27247,80.0,110059,4675,EC,OC
27248,80.0,110060,3855,CS,SC
27249,80.0,110061,2367,EC,SC
27250,80.0,110062,2683,AG,SC
27251,80.0,110064,4981,EE,BC
27252,80.0,110065,2640,CS,SCA
27253,80.0,110069,1114,EE,OC
27254,80.0,110070,4676,CE,OC
27255,80.0,110071,2736,EC,MBC
27256,80.0,110072,5703,CS,MBC
27257,80.0,110073,3464,CS,SCA
27258,80.0,110074,5910,CS,SC
27259,80.0,110075,4998,ME,OC
27260,80.0,110077,1303,AD,SC
27261,80.0,110078,1213,BM,SC
27262,80.0,110079,3918,ME,OC
27263,80.0,110081,3860,CS,SC
27264,80.0,110082,2750,EE,MBC
27265,80.0,110083,2628,CS,MBC
27266,80.0,110084,2721,ME,OC
27267,80.0,110085,4948,FT,OC
27268,80.0,110087,4978,CS,OC
27269,80.0,110088,2772,EC,SC
27270,80.0,110089,2639,ME,MBC
27271,80.0,110090,3811,ME,OC
27272,80.0,110095,1133,CS,MBC
27273,80.0,110096,2621,EC,MBC
27274,80.0,110097,4977,CS,OC
27275,80.0,110099,1316,CH,OC
27276,80.0,110100,1202,IT,BC
27277,80.0,110101,1126,CS,BC
27278,80.0,110103,2743,ME,OC
27279,80.0,110104,3806,ME,MBC
27280,80.0,110105,2651,FT,MBC
27281,80.0,110106,2345,EE,MBC
27282,80.0,110108,1408,EC,OC
27283,80.0,110109,1316,EC,SC
27284,80.0,110110,2648,EC,OC
27285,80.0,110112,1301,IT,MBC
27286,80.0,110113,2369,ME,SCA
27287,80.0,110114,2643,EC,SC
27288,80.0,110115,2341,BM,SC
27289,80.0,110117,1316,MU,SC
27290,80.0,110118,3826,CE,SC
27291,80.0,110119,2710,ME,MBC
27292,80.0,110120,2743,EC,SC
27293,80.0,110121,2634,CS,SC
27294,80.0,110122,2721,AU,OC
27295,80.0,110124,1401,CE,OC
27296,80.0,110125,4978,BT,BC
27297,80.0,110127,2367,CS,MBC
27298,80.0,110129,1420,IT,MBC
27299,80.0,110133,5536,AG,BCM
27300,80.0,110137,2646,CE,OC
27301,80.0,110140,3804,ME,OC
27302,80.0,110141,5703,EE,OC
27303,80.0,110142,2636,ME,SC
27304,80.0,110143,2347,CS,SC
27305,80.0,110144,5536,AG,SC
27306,80.0,110145,2624,EE,OC
27307,80.0,110146,4946,ME,OC
27308,80.0,110147,1311,FT,MBC
27309,80.0,110149,1026,ME,SC
27310,80.0,110151,3855,ME,OC
27311,80.0,110152,1303,IT,BC
27312,80.0,110153,2651,EC,SC
27313,80.0,110154,4023,EC,SC
27314,80.0,110155,4672,EE,BC
27315,80.0,110156,3805,CE,OC
27316,80.0,110157,2624,CS,MBC
27317,80.0,110158,2705,CS,BC
27318,80.0,110160,3806,EE,BC
27319,80.0,110161,2634,CS,MBC
27320,80.0,110162,3843,EC,SC
27321,80.0,110163,5703,EC,BC
27322,80.0,110164,2613,EE,MBC
27323,80.0,110166,2357,CS,SC
27324,80.0,110167,2609,AO,BCM
27325,80.0,110168,2613,EC,MBC
27326,80.0,110169,1411,CS,BC
27327,80.0,110170,2620,EE,SC
27328,80.0,110171,1322,CS,SC
27329,80.0,110172,2747,EC,SC
27330,80.0,110174,1212,BM,SC
27331,80.0,110175,3849,CS,SC
27332,80.0,110178,3410,ME,MBC
27333,80.0,110180,1325,IT,BC
27334,80.0,110182,3760,EE,SC
27335,80.0,110183,3458,FD,BC
27336,80.0,110184,5,BD,SC
27337,80.0,110185,2646,CE,OC
27338,80.0,110186,2747,EC,BC
27339,80.0,110187,3857,CS,OC
27340,80.0,110188,4999,ME,OC
27341,80.0,110189,2646,ME,OC
27342,80.0,110190,3811,CS,SC
27343,80.0,110191,2651,CS,BC
27344,80.0,110193,1434,EC,OC
27345,80.0,110196,3760,EE,SC
27346,80.0,110198,2636,EC,SC
27347,80.0,110200,3462,ME,OC
27348,80.0,110202,4969,ME,OC
27349,80.0,110203,1518,IT,OC
27350,80.0,110204,3782,CS,SC
27351,80.0,110205,3806,CB,BC
27352,80.0,110207,3760,AG,MBC
27353,80.0,110208,3766,ME,OC
27354,80.0,110209,3760,ME,MBC
27355,80.0,110210,2641,EE,OC
27356,80.0,110211,4965,ME,BC
27357,80.0,110212,1303,AD,MBC
27358,80.0,110214,2601,EC,MBC
27359,80.0,110215,1207,EC,SC
27360,80.0,110216,4966,EC,BC
27361,80.0,110218,1416,BM,SC
27362,80.0,110219,1303,BT,SC
27363,80.0,110222,1212,CS,BC
27364,80.0,110223,2722,CE,SC
27365,80.0,110224,2636,EC,SC
27366,80.0,110225,2621,EE,OC
27367,80.0,110226,2628,CS,MBC
27368,80.0,110227,1226,ME,OC
27369,80.0,110229,3804,ME,OC
27370,80.0,110230,3805,EE,SC
27371,80.0,110231,2726,CS,SC
27372,80.0,110232,5009,CE,SC
27373,80.0,110233,2633,ME,OC
27374,80.0,110235,4953,ME,MBC
27375,80.0,110238,2601,EE,OC
27376,80.0,110240,1421,EE,OC
27377,80.0,110242,1207,EC,BC
27378,80.0,110243,1426,CS,OC
27379,80.0,110244,4964,AE,MBC
27380,80.0,110245,3806,EE,BCM
27381,80.0,110249,1110,BT,SC
27382,80.0,110250,1150,BM,OC
27383,80.0,110251,1216,EC,SC
27384,80.0,110252,2611,EC,BCM
27385,80.0,110253,2673,EC,OC
27386,80.0,110254,2729,MZ,OC
27387,80.0,110255,2609,CH,MBC
27388,80.0,110256,1322,FD,OC
27389,80.0,110258,1122,EC,MBC
27390,80.0,110259,3810,CS,SC
27391,80.0,110260,3826,EC,SC
27392,80.0,110263,1510,EE,MBC
27393,80.0,110264,1525,EE,OC
27394,80.0,110267,4978,BT,SC
27395,80.0,110268,2624,AD,OC
27396,80.0,110269,1411,BT,SC
27397,80.0,110270,1421,CE,OC
27398,80.0,110271,2713,IT,ST
27399,80.0,110272,2666,BM,OC
27400,80.0,110273,1230,EE,OC
27401,80.0,110274,2651,EE,OC
27402,80.0,110277,5930,ME,OC
27403,80.0,110278,1225,EC,SC
27404,80.0,110280,4980,CS,BC
27405,80.0,110281,1501,CE,OC
27406,80.0,110282,3848,ME,OC
27407,80.0,110283,1226,ME,OC
27408,80.0,110284,1114,ME,OC
27409,80.0,110285,2743,AD,MBC
27410,80.0,110289,2609,EE,BC
27411,80.0,110290,2609,IT,BC
27412,80.0,110291,1510,EE,SC
27413,80.0,110292,3801,CE,SC
27414,80.0,110293,2341,EC,OC
27415,80.0,110295,2651,EC,BC
27416,80.0,110296,5862,AG,BCM
27417,80.0,110297,2683,BM,MBC
27418,80.0,110301,2659,EE,MBC
27419,80.0,110302,4917,ME,MBC
27420,80.0,110303,2369,CE,SC
27421,80.0,110304,5902,CS,SC
27422,80.0,110305,2328,ME,MBC
27423,80.0,110306,4669,CE,BC
27424,80.0,110307,5990,EC,OC
27425,80.0,110308,1325,EC,SC
27426,80.0,110309,2661,IT,SC
27427,80.0,110312,3908,ME,OC
27428,80.0,110313,3456,EC,OC
27429,80.0,110314,1322,CS,BC
27430,80.0,110317,4917,EE,SC
27431,80.0,110318,2624,BM,BCM
27432,80.0,110319,5865,CE,OC
27433,80.0,110322,2646,CS,MBC
27434,80.0,110323,1207,ME,MBC
27435,80.0,110324,4969,EE,OC
27436,80.0,110325,3811,CE,OC
27437,80.0,110326,2623,CS,ST
27438,80.0,110327,1424,CS,BC
27439,80.0,110329,1238,BM,BC
27440,80.0,110331,2328,CS,SC
27441,80.0,110332,2357,EC,SC
27442,80.0,110333,5536,ME,OC
27443,80.0,110334,4994,ME,OC
27444,80.0,110337,3829,CE,OC
27445,80.0,110338,2610,CE,OC
27446,80.0,110339,5904,ME,SC
27447,80.0,110340,5532,EE,BC
27448,80.0,110341,5914,ME,SCA
27449,80.0,110344,4928,EC,OC
27450,80.0,110345,2639,ME,MBC
27451,80.0,110346,4984,CE,OC
27452,80.0,110348,3458,AG,MBC
27453,80.0,110351,2653,ME,MBC
27454,80.0,110352,2347,EE,SC
27455,80.0,110353,2623,BM,BCM
27456,80.0,110354,2653,EE,SCA
27457,80.0,110356,3849,CE,OC
27458,80.0,110357,2624,BT,SC
27459,80.0,110358,2716,AE,MBC
27460,80.0,110359,4965,BM,BCM
27461,80.0,110360,2609,EE,MBC
27462,80.0,110361,1507,IT,MBC
27463,80.0,110362,2710,ME,BC
27464,80.0,110363,2342,CS,BC
27465,80.0,110364,1207,EC,SC
27466,80.0,110365,1123,CS,SC
27467,80.0,110366,2609,EE,BC
27468,80.0,110367,2349,BM,MBC
27469,80.0,110368,2763,ME,OC
27470,80.0,110370,4931,EE,BC
27471,80.0,110373,2707,ME,SCA
27472,80.0,110374,1316,IT,MBC
27473,80.0,110375,4917,ME,MBC
27474,80.0,110377,2345,ME,MBC
27475,80.0,110380,3804,AG,SC
27476,80.0,110381,5915,EC,SC
27477,80.0,110382,3848,ME,OC
27478,80.0,110385,2610,EE,SC
27479,80.0,110389,2625,ME,OC
27480,80.0,110390,2620,EE,MBC
27481,80.0,110391,1122,ME,MBC
27482,80.0,110392,2726,AG,SC
27483,80.0,110393,2601,AE,OC
27484,80.0,110395,1114,EE,OC
27485,80.0,110396,5990,EC,OC
27486,80.0,110398,2704,EE,BC
27487,80.0,110399,2705,ME,OC
27488,80.0,110401,4993,ME,OC
27489,80.0,110402,5502,EC,SC
27490,80.0,110404,2627,CE,OC
27491,80.0,110405,4957,ME,BC
27492,80.0,110406,2636,ME,MBC
27493,80.0,110407,2642,EC,OC
27494,80.0,110408,5902,CS,SC
27495,80.0,110411,1207,ME,MBC
27496,80.0,110412,2614,CS,BC
27497,80.0,110413,2610,MD,SC
27498,80.0,110414,4931,EC,BC
27499,80.0,110416,1510,CS,SC
27500,80.0,110417,3908,CS,BC
27501,80.0,110418,2623,IT,SC
27502,80.0,110419,3760,EE,SC
27503,80.0,110420,3760,ME,SC
27504,80.0,110422,1411,ME,OC
27505,80.0,110423,2367,CS,MBC
27506,80.0,110424,2613,ME,OC
27507,80.0,110425,3805,PH,BC
27508,80.0,110426,1014,CE,OC
27509,80.0,110427,3849,CS,SC
27510,80.0,110429,3454,BM,BC
27511,80.0,110431,1303,EC,BC
27512,80.0,110432,2652,ME,BC
27513,80.0,110433,2627,EC,SC
27514,80.0,110434,2609,ME,BC
27515,80.0,110435,2341,EC,OC
27516,80.0,110436,2606,CS,MBC
27517,80.0,110437,2683,BM,SC
27518,80.0,110438,5921,EC,BC
27519,80.0,110439,3855,CS,SC
27520,80.0,110440,2651,ME,SC
27521,80.0,110441,2643,EE,OC
27522,80.0,110442,2636,ME,MBC
27523,80.0,110444,1238,EC,BC
27524,80.0,110445,3456,CS,SC
27525,80.0,110448,5865,ME,OC
27526,80.0,110449,2767,CS,SC
27527,80.0,110450,2628,AD,MBC
27528,80.0,110451,2611,CS,ST
27529,80.0,110452,3849,EC,OC
27530,80.0,110454,2643,EE,OC
27531,80.0,110455,4992,IT,OC
27532,80.0,110456,2623,ME,OC
27533,80.0,110458,2727,CE,MBC
27534,80.0,110460,2314,ME,OC
27535,80.0,110461,2624,BT,SC
27536,80.0,110462,4965,EE,BC
27537,80.0,110463,1126,AG,MBC
27538,80.0,110467,3021,CE,OC
27539,80.0,110468,1322,FD,OC
27540,80.0,110469,2767,EE,ST
27541,80.0,110471,2642,ME,OC
27542,80.0,110473,2635,CS,OC
27543,80.0,110474,2634,AG,SC
27544,80.0,110475,2740,EC,BC
27545,80.0,110476,2740,EC,BC
27546,80.0,110477,3460,EE,OC
27547,80.0,110478,1436,CS,MBC
27548,80.0,110479,2715,CH,BC
27549,80.0,110481,2609,EE,MBC
27550,80.0,110482,2683,EE,OC
27551,80.0,110483,2624,EC,OC
27552,80.0,110485,4964,ME,MBC
27553,80.0,110487,1225,EC,SC
27554,80.0,110492,1230,CS,BC
27555,80.0,110493,2341,CS,OC
27556,80.0,110496,2625,CS,OC
27557,80.0,110497,3806,CE,OC
27558,80.0,110498,2641,EC,MBC
27559,80.0,110500,2636,EC,BC
27560,80.0,110501,1202,ME,OC
27561,80.0,110502,3825,EC,OC
27562,80.0,110504,1317,ME,BC
27563,80.0,110505,2652,EE,MBC
27564,80.0,110507,2346,CS,SC
27565,80.0,110508,2640,ME,OC
27566,80.0,110509,3831,EE,OC
27567,80.0,110512,2623,BM,SCA
27568,80.0,110513,3806,CE,OC
27569,80.0,110514,2651,EC,BC
27570,80.0,110515,3843,ME,SC
27571,80.0,110516,3807,ME,SC
27572,80.0,110517,3854,CS,OC
27573,80.0,110519,1133,CE,OC
27574,80.0,110520,5703,EE,OC
27575,80.0,110521,2673,EE,OC
27576,80.0,110523,1421,EE,OC
27577,80.0,110524,4928,ME,OC
27578,80.0,110525,1437,IT,OC
27579,80.0,110526,3804,AG,SC
27580,80.0,110527,4966,EC,SC
27581,80.0,110528,2347,EE,SCA
27582,80.0,110529,3905,EC,MBC
27583,80.0,110530,2659,EC,SC
27584,80.0,110531,3806,ME,SC
27585,80.0,110532,2642,EC,OC
27586,80.0,110533,3918,CS,BC
27587,80.0,110535,3826,EC,SC
27588,80.0,110536,2341,BM,SC
27589,80.0,110537,1303,IT,SC
27590,80.0,110538,4929,CS,SC
27591,80.0,110539,3804,AG,SC
27592,80.0,110540,2646,EC,OC
27593,80.0,110541,2610,EE,MBC
27594,80.0,110542,4994,EC,OC
27595,80.0,110543,2609,PH,MBC
27596,80.0,110545,2327,CS,MBC
27597,80.0,110546,2623,CS,SC
27598,80.0,110547,3804,AG,MBC
27599,80.0,110548,4989,EC,OC
27600,80.0,110549,2624,BM,SC
27601,80.0,110550,3805,PH,MBC
27602,80.0,110551,3806,ME,MBC
27603,80.0,110553,2741,EC,SC
27604,80.0,110554,2342,CS,BC
27605,80.0,110555,4933,CE,OC
27606,80.0,110556,3826,CE,SC
27607,80.0,110557,5533,ME,OC
27608,80.0,110558,1218,CS,BC
27609,80.0,110562,1421,ME,OC
27610,80.0,110564,2733,CS,MBC
27611,80.0,110565,1212,CS,SC
27612,80.0,110566,4686,CS,OC
27613,80.0,110567,1442,BM,MBC
27614,80.0,110568,3849,EC,OC
27615,80.0,110569,1303,EC,SC
27616,80.0,110570,2342,EC,BCM
27617,80.0,110571,2623,CS,SCA
27618,80.0,110572,2329,AG,BC
27619,80.0,110574,2636,ME,SC
27620,80.0,110575,3810,CS,BC
27621,80.0,110576,1319,CS,OC
27622,80.0,110577,3918,CS,MBC
27623,80.0,110579,1421,CE,OC
27624,80.0,110582,2360,CS,MBC
27625,80.0,110583,1201,IT,OC
27626,79.8,110584,5914,CE,OC
27627,79.8,110585,4955,EE,SCA
27628,79.5,110588,2630,EE,SC
27629,79.5,110589,3855,CS,BCM
27630,79.5,110592,1407,CS,SC
27631,79.5,110593,2704,MZ,BC
27632,79.5,110594,3831,CS,BC
27633,79.5,110596,1202,CS,SC
27634,79.5,110597,3462,EE,OC
27635,79.5,110601,2758,IT,BC
27636,79.5,110602,4917,ME,MBC
27637,79.5,110603,1422,ME,BC
27638,79.5,110604,2611,EC,MBC
27639,79.5,110605,3918,EE,BC
27640,79.5,110606,4993,ME,OC
27641,79.5,110607,2640,CS,SC
27642,79.5,110608,3410,EE,SC
27643,79.5,110610,2640,CS,SC
27644,79.5,110612,1402,EE,OC
27645,79.5,110613,2743,ME,OC
27646,79.5,110614,2609,ME,MBC
27647,79.5,110616,3843,ME,MBC
27648,79.5,110617,4670,CE,SC
27649,79.5,110619,1424,PE,SC
27650,79.5,110620,3849,CE,OC
27651,79.5,110626,4965,ME,SC
27652,79.5,110627,2627,ME,OC
27653,79.5,110628,2661,EC,OC
27654,79.5,110630,4968,ME,OC
27655,79.5,110631,1123,EC,OC
27656,79.5,110632,3843,CE,OC
27657,79.5,110634,5536,ME,OC
27658,79.5,110636,4680,ME,MBC
27659,79.5,110638,3855,EE,OC
27660,79.5,110640,1419,ME,MBC
27661,79.5,110641,4993,EC,OC
27662,79.5,110642,2640,ME,OC
27663,79.5,110643,2650,CS,MBC
27664,79.5,110644,5,BD,BC
27665,79.5,110645,1421,ME,OC
27666,79.5,110646,4953,ME,BC
27667,79.5,110647,2341,ME,OC
27668,79.5,110648,1413,ME,OC
27669,79.5,110649,1316,CS,SC
27670,79.5,110650,4993,BM,SC
27671,79.5,110651,2772,CS,SC
27672,79.5,110654,5935,ME,OC
27673,79.5,110655,3786,CS,SCA
27674,79.5,110656,1212,CS,SC
27675,79.5,110658,1412,EC,OC
27676,79.5,110661,2632,CS,BCM
27677,79.5,110663,4964,AE,BC
27678,79.5,110664,2347,ME,OC
27679,79.5,110665,3843,ME,SC
27680,79.5,110666,3855,CS,BCM
27681,79.5,110667,2643,EC,SC
27682,79.5,110668,3805,RM,OC
27683,79.5,110670,3786,MZ,OC
27684,79.5,110671,2643,EE,OC
27685,79.5,110673,1101,IT,SC
27686,79.5,110674,1421,ME,OC
27687,79.5,110675,3855,ME,OC
27688,79.5,110676,2622,ME,MBC
27689,79.5,110677,1202,EE,OC
27690,79.5,110679,1421,EC,MBC
27691,79.5,110681,2735,ME,MBC
27692,79.5,110682,2627,BT,BC
27693,79.5,110683,1218,EC,OC
27694,79.5,110684,3461,CE,OC
27695,79.5,110685,4949,IN,OC
27696,79.5,110686,2338,ME,OC
27697,79.5,110687,2342,EC,BCM
27698,79.5,110688,2772,CS,BC
27699,79.5,110689,1207,RM,OC
27700,79.5,110690,2705,CS,BCM
27701,79.5,110691,3410,CS,SC
27702,79.5,110692,2627,ME,OC
27703,79.5,110693,2716,CS,SC
27704,79.5,110694,2648,CS,BC
27705,79.5,110695,2620,EE,SC
27706,79.5,110696,2665,CS,SC
27707,79.5,110698,3843,ME,SC
27708,79.5,110699,3812,EC,OC
27709,79.5,110701,3848,ME,OC
27710,79.2,110703,5904,CS,SC
27711,79.0,110704,2630,EE,SC
27712,79.0,110706,2627,ME,OC
27713,79.0,110707,1149,EC,MBC
27714,79.0,110708,5703,CE,OC
27715,79.0,110709,4989,ME,OC
27716,79.0,110713,2356,CS,OC
27717,79.0,110714,2640,CE,OC
27718,79.0,110715,2665,CS,SC
27719,79.0,110716,5990,EE,OC
27720,79.0,110717,4669,ME,SC
27721,79.0,110719,2625,ME,OC
27722,79.0,110720,1126,AG,BC
27723,79.0,110721,3855,EE,OC
27724,79.0,110723,5988,CS,SC
27725,79.0,110724,3805,EC,BC
27726,79.0,110725,2634,AE,OC
27727,79.0,110728,2342,ME,SC
27728,79.0,110731,3905,ME,BC
27729,79.0,110732,2624,ME,OC
27730,79.0,110733,2611,CS,SC
27731,79.0,110734,4949,IN,OC
27732,79.0,110736,3905,CS,MBC
27733,79.0,110738,2314,EC,SC
27734,79.0,110741,3760,ME,SC
27735,79.0,110742,2715,ME,BC
27736,79.0,110743,1207,ME,MBC
27737,79.0,110745,2601,CE,SC
27738,79.0,110746,2357,EE,BCM
27739,79.0,110748,1437,CS,OC
27740,79.0,110749,2611,ME,OC
27741,79.0,110751,1207,IT,MBC
27742,79.0,110752,3760,EE,MBC
27743,79.0,110753,3805,CH,OC
27744,79.0,110754,2624,CS,MBC
27745,79.0,110756,2624,FD,OC
27746,79.0,110758,1207,IT,BC
27747,79.0,110759,2327,EE,OC
27748,79.0,110760,1434,EE,OC
27749,79.0,110762,1519,IT,OC
27750,79.0,110764,1322,BM,MBC
27751,79.0,110766,2747,ME,OC
27752,79.0,110767,4961,CS,SC
27753,79.0,110769,4933,ME,OC
27754,79.0,110770,4957,EC,BC
27755,79.0,110772,2733,CS,BC
27756,79.0,110773,2357,IT,SC
27757,79.0,110774,2683,CS,BC
27758,79.0,110775,2732,ME,OC
27759,79.0,110776,4993,EC,OC
27760,79.0,110777,5703,EE,OC
27761,79.0,110778,1419,ME,BCM
27762,79.0,110779,2705,ME,OC
27763,79.0,110780,2634,ME,OC
27764,79.0,110782,1133,CS,BC
27765,79.0,110783,2620,EE,SC
27766,79.0,110784,2755,CS,MBC
27767,79.0,110786,4669,ME,BC
27768,79.0,110788,4934,CS,MBC
27769,79.0,110789,2346,EE,OC
27770,79.0,110791,1126,AD,SC
27771,79.0,110793,2648,CS,BC
27772,79.0,110794,4669,CE,BC
27773,79.0,110795,3860,CS,MBC
27774,79.0,110798,1202,IT,SC
27775,79.0,110799,4686,CS,BC
27776,78.5,110802,2342,EE,OC
27777,78.5,110804,4994,ME,OC
27778,78.5,110807,4993,ME,OC
27779,78.5,110808,2625,ME,OC
27780,78.5,110809,1116,EE,OC
27781,78.5,110810,2623,EE,OC
27782,78.5,110813,2641,CS,MBC
27783,78.5,110816,2341,CS,OC
27784,78.5,110817,4994,CS,SC
27785,78.5,110819,5919,ME,OC
27786,78.5,110821,2314,EC,SC
27787,78.5,110822,1411,BT,SCA
27788,78.5,110824,4982,CS,OC
27789,78.5,110825,1128,EC,SC
27790,78.5,110826,3806,ME,MBC
27791,78.5,110827,5913,CS,BCM
27792,78.5,110828,2646,EC,SC
27793,78.5,110829,2729,AD,MBC
27794,78.5,110830,2628,CS,BC
27795,78.5,110831,2755,CS,SC
27796,78.5,110832,1521,EC,OC
27797,78.5,110833,2622,ME,MBC
27798,78.5,110834,2772,CS,BCM
27799,78.5,110836,3855,ME,OC
27800,78.5,110837,5914,ME,BC
27801,78.2,110838,1402,CS,SC
27802,78.0,110839,2683,CS,SC
27803,78.0,110840,1216,ME,OC
27804,78.0,110841,1445,CS,OC
27805,78.0,110842,2646,CS,SC
27806,78.0,110843,2722,IT,SC
27807,78.0,110845,1412,ME,OC
27808,78.0,110846,4953,ME,BC
27809,78.0,110847,1202,IT,SC
27810,78.0,110848,1421,ME,OC
27811,78.0,110849,3760,EC,BC
27812,78.0,110851,2621,EE,OC
27813,78.0,110853,2338,ME,OC
27814,78.0,110855,1413,ME,OC
27815,78.0,110857,2636,EE,BC
27816,78.0,110858,2630,EE,SC
27817,78.0,110860,1127,BT,BC
27818,78.0,110861,2659,ME,OC
27819,78.0,110862,2707,ME,BC
27820,78.0,110863,1421,EE,OC
27821,78.0,110864,2623,CS,SC
27822,78.0,110865,4931,CE,OC
27823,78.0,110866,2632,CS,SC
27824,77.8,110867,2606,EC,OC
27825,77.5,110868,2634,SF,OC
27826,77.5,110869,3811,ME,OC
27827,77.5,110871,2606,EC,OC
27828,77.5,110873,2641,EE,OC
