S NO,AGGREGATE MARK,GENERAL RANK,COLLEGE CODE,BRANCH CODE,ALLOTTED COMMUNITY
1,200.0,1,1,CS,OC
2,200.0,3,1,CS,OC
3,200.0,6,1,EC,OC
4,200.0,7,2006,CM,OC
5,200.0,8,1,CS,OC
6,200.0,9,1,CS,OC
7,200.0,10,2006,CM,OC
8,200.0,11,1,CS,OC
9,200.0,12,1,CS,OC
10,200.0,13,1,CS,OC
11,199.5,14,1,CS,OC
12,199.5,16,1,CS,OC
13,199.5,18,1,EC,OC
14,199.5,20,1,BY,OC
15,199.5,21,1,CS,OC
16,199.4,22,1,EC,OC
17,199.3,23,1,CS,OC
18,199.3,24,1,CS,OC
19,199.3,25,1,CS,OC
20,199.3,26,1,ME,OC
21,199.3,27,1,CS,OC
22,199.0,28,1,CS,OC
23,199.0,29,1,CS,OC
24,199.0,31,2006,CM,OC
25,199.0,33,1,CS,BC
26,199.0,36,1,EC,OC
27,199.0,38,1315,EC,OC
28,199.0,39,1,EC,OC
29,199.0,40,2006,EC,OC
30,199.0,41,2006,CM,OC
31,199.0,43,4,AE,OC
32,199.0,44,1,CS,BC
33,199.0,45,1,CS,BC
34,199.0,46,1,CM,OC
35,199.0,47,1315,CS,OC
36,199.0,48,1,CM,OC
37,199.0,49,1,CS,BC
38,199.0,50,1,CM,OC
39,199.0,51,1,CS,MBC
40,199.0,52,1,CS,MBC
41,198.8,54,1,EC,OC
42,198.7,55,5008,CS,OC
43,198.7,56,1,CS,BC
44,198.7,57,2006,CM,OC
45,198.7,60,1,CS,BC
46,198.7,61,1315,CS,OC
47,198.7,62,1,CS,BC
48,198.6,64,1,CS,BC
49,198.6,65,1,CS,BC
50,198.6,66,1,CS,BC
51,198.6,67,1,CS,MBC
52,198.6,68,2006,EE,OC
53,198.5,70,1315,EE,OC
54,198.5,71,1,CS,BC
55,198.5,73,1,CS,BC
56,198.5,74,2006,EC,OC
57,198.5,75,1,CS,BC
58,198.5,76,1,CS,BC
59,198.5,78,1,EE,OC
60,198.5,79,2006,CM,OC
61,198.5,80,1,CS,BC
62,198.5,81,2006,EC,OC
63,198.5,82,2006,EC,OC
64,198.5,84,1,CS,SC
65,198.5,85,1,EC,OC
66,198.4,87,1,EC,OC
67,198.4,88,1,EC,OC
68,198.4,89,1,CM,OC
69,198.4,90,1,EC,OC
70,198.4,91,2740,AE,OC
71,198.3,92,2006,CM,OC
72,198.3,93,1,CS,MBC
73,198.3,94,4,CS,OC
74,198.3,95,1,CM,OC
75,198.3,96,1,CM,OC
76,198.3,97,1,CM,OC
77,198.3,98,2006,CM,OC
78,198.3,100,2007,CH,OC
79,198.2,101,1,CM,OC
80,198.2,103,4,AE,OC
81,198.1,111,1,CS,BC
82,198.1,112,1,CM,OC
83,198.1,113,1,CM,OC
84,198.1,114,1,CM,OC
85,198.1,115,1,CS,MBC
86,198.0,116,1,EC,OC
87,198.0,117,1,CM,OC
88,198.0,118,1,EC,OC
89,198.0,119,1,EC,OC
90,198.0,120,1,CM,OC
91,198.0,121,1,ME,OC
92,198.0,122,5008,CS,OC
93,198.0,123,1,CM,OC
94,198.0,125,4,AE,OC
95,198.0,126,1315,ME,OC
96,198.0,127,2006,CM,OC
97,198.0,128,1,CM,OC
98,198.0,132,1,CM,OC
99,198.0,133,1,CM,OC
100,198.0,135,1,CM,OC
101,198.0,136,1,CM,OC
102,198.0,137,1,CM,OC
103,198.0,138,4,AE,OC
104,198.0,139,1,EE,OC
105,198.0,140,4,CS,OC
106,198.0,142,2006,CM,OC
107,198.0,143,1,CS,MBC
108,198.0,144,1315,EC,OC
109,198.0,145,1315,CS,OC
110,198.0,146,4,CS,OC
111,198.0,147,1,CM,OC
112,198.0,149,1,CM,OC
113,198.0,150,1,CM,OC
114,198.0,151,1,CM,OC
115,198.0,152,1,CM,OC
116,198.0,153,1,CM,OC
117,198.0,154,1,CM,OC
118,198.0,155,4,CS,OC
119,198.0,156,1,EC,OC
120,198.0,157,1,CS,SC
121,198.0,158,1,CS,MBC
122,198.0,159,4,CS,OC
123,198.0,160,1,CS,MBC
124,198.0,161,1315,CS,OC
125,198.0,162,1,CM,OC
126,198.0,164,4,CS,OC
127,198.0,166,1,ME,OC
128,198.0,168,1,EE,OC
129,198.0,170,1,CM,OC
130,198.0,171,1,CS,MBC
131,198.0,172,1,CS,MBC
132,198.0,173,1,CM,OC
133,198.0,174,1315,CS,OC
134,198.0,175,1,CM,OC
135,198.0,176,1,CM,BC
136,198.0,177,1,CM,BC
137,198.0,178,1,CM,MBC
138,198.0,179,4,CS,OC
139,198.0,180,2006,CM,OC
140,198.0,183,1,CM,BC
141,198.0,184,1,CM,BC
142,198.0,187,1,CM,BC
143,198.0,188,2006,CM,OC
144,198.0,190,4,AE,OC
145,198.0,191,5008,CS,OC
146,198.0,192,2007,CS,OC
147,198.0,193,1,CM,BC
148,198.0,194,1,CM,BC
149,198.0,195,1,IM,OC
150,198.0,196,1,CS,MBC
151,198.0,197,1315,CS,OC
152,198.0,198,1,CM,BC
153,198.0,200,1,CM,BC
154,198.0,201,2006,ME,OC
155,198.0,202,2006,CM,OC
156,198.0,204,4,AE,OC
157,198.0,205,2006,CM,OC
158,198.0,206,1,CM,BC
159,198.0,207,2006,EC,OC
160,198.0,208,2006,CM,OC
161,198.0,209,1,CM,BC
162,198.0,210,1,EC,OC
163,198.0,211,1,CM,BC
164,198.0,212,1,CM,BC
165,198.0,213,1,CM,BC
166,198.0,214,1,CM,BC
167,198.0,215,1,CM,BC
168,198.0,216,2006,EC,OC
169,198.0,217,1,CM,BC
170,198.0,218,1,EC,OC
171,198.0,219,2006,CM,OC
172,198.0,220,1,CM,BC
173,198.0,221,2006,CM,OC
174,198.0,222,1,CM,MBC
175,197.9,223,2006,CM,OC
176,197.9,224,1,EM,OC
177,197.9,225,4,CS,OC
178,197.9,227,1,CM,MBC
179,197.9,228,1,CM,BC
180,197.9,230,1,CM,BC
181,197.9,231,1,ME,OC
182,197.9,232,2006,EC,OC
183,197.8,233,1,CM,BC
184,197.8,234,1,EC,BC
185,197.8,236,4,AE,OC
186,197.8,237,2006,EE,OC
187,197.8,238,1,BY,OC
188,197.8,239,4,AE,OC
189,197.8,240,2007,CS,OC
190,197.8,241,2006,EC,OC
191,197.8,242,1,CM,BC
192,197.8,243,2025,CS,OC
193,197.8,244,1,CM,BC
194,197.8,245,1,EC,BC
195,197.8,246,1,CM,BC
196,197.8,247,2006,CM,OC
197,197.8,248,4,CS,OC
198,197.7,249,1,IM,OC
199,197.7,250,5008,CS,OC
200,197.7,251,4,CS,OC
201,197.7,252,2006,CM,OC
202,197.7,253,4,AE,OC
203,197.7,255,2006,EC,OC
204,197.7,256,1,EC,BC
205,197.7,259,1,IM,OC
206,197.7,260,1,CM,BC
207,197.6,262,1,EE,OC
208,197.6,263,1,CS,SC
209,197.6,264,1,EC,BC
210,197.6,267,1315,CS,OC
211,197.6,268,1,EC,BC
212,197.6,269,1,EC,BC
213,197.6,270,1,EC,BC
214,197.5,271,1,CM,MBC
215,197.5,272,1,CM,MBC
216,197.5,273,2006,EC,OC
217,197.5,275,1,CM,MBC
218,197.5,276,1315,CS,OC
219,197.5,277,1,IM,OC
220,197.5,278,2006,CM,OC
221,197.5,280,1,EC,BC
222,197.5,281,1,IM,OC
223,197.5,283,1,BY,OC
224,197.5,284,1315,CS,OC
225,197.5,286,1315,EC,OC
226,197.5,287,1,IM,OC
227,197.5,288,1315,CS,OC
228,197.5,289,1,EC,MBC
229,197.5,290,1315,CS,OC
230,197.5,291,4,CS,OC
231,197.5,294,2006,CM,OC
232,197.5,298,4,CS,OC
233,197.5,299,1,IM,OC
234,197.5,300,1,IM,OC
235,197.5,302,1315,CS,OC
236,197.5,303,1315,CS,OC
237,197.5,304,4,CS,OC
238,197.5,305,1315,CS,OC
239,197.5,306,1315,CS,OC
240,197.5,307,1,IM,OC
241,197.5,308,1,CM,MBC
242,197.5,311,1315,CS,OC
243,197.5,312,1,CM,MBC
244,197.5,313,1,IM,OC
245,197.5,315,1,EC,MBC
246,197.5,316,1,EC,BC
247,197.5,317,4,CS,OC
248,197.5,318,1,EC,BC
249,197.5,319,1,EC,BC
250,197.5,320,1,EC,BC
251,197.4,321,1,IM,OC
252,197.4,323,1,IM,OC
253,197.4,324,1,EC,BC
254,197.4,326,1,IM,OC
255,197.4,329,1,EE,OC
256,197.4,330,1,IM,OC
257,197.3,331,1315,CS,OC
258,197.3,332,1,EC,BC
259,197.3,333,2006,CE,OC
260,197.3,334,1,IM,OC
261,197.3,335,1,IM,OC
262,197.3,336,1,CS,SC
263,197.3,337,1,CM,MBC
264,197.3,338,1,IM,OC
265,197.3,339,2006,EC,OC
266,197.3,340,2006,CM,BC
267,197.3,342,4,CS,OC
268,197.2,344,4,CS,OC
269,197.2,345,4,AE,OC
270,197.2,347,1,CM,MBC
271,197.2,348,2006,EC,OC
272,197.2,351,2006,CM,BC
273,197.2,352,1,IM,OC
274,197.2,353,1,ME,OC
275,197.2,354,1315,CS,OC
276,197.2,356,1,IM,OC
277,197.2,357,1,EM,OC
278,197.2,358,2006,EC,OC
279,197.2,359,4974,EE,OC
280,197.2,361,1,EC,MBC
281,197.2,362,4,CS,OC
282,197.2,363,2006,CM,BC
283,197.2,364,4,CS,MBC
284,197.2,365,2006,EC,OC
285,197.1,366,2006,CM,BC
286,197.1,367,1,BY,OC
287,197.1,368,1,EC,MBC
288,197.1,369,2006,EC,OC
289,197.1,370,4,CM,OC
290,197.1,371,1,CM,MBC
291,197.1,372,1,IM,OC
292,197.1,374,4,CS,BC
293,197.1,375,4,CS,BC
294,197.1,376,1,CS,SC
295,197.1,377,2006,CM,BC
296,197.1,378,2006,EC,OC
297,197.1,379,5012,CC,OC
298,197.0,380,1,BY,OC
299,197.0,381,2,IB,OC
300,197.0,382,1,CM,MBC
301,197.0,383,1,CS,SCA
302,197.0,384,1,BY,OC
303,197.0,385,1,CS,BCM
304,197.0,386,4,CS,BC
305,197.0,387,2006,CM,MBC
306,197.0,388,1,CS,BCM
307,197.0,389,1,CS,SC
308,197.0,390,1,EE,OC
309,197.0,391,1315,CS,OC
310,197.0,392,4,CS,BCM
311,197.0,394,1,IM,OC
312,197.0,396,4,CS,MBC
313,197.0,398,2006,CM,BC
314,197.0,399,1,EC,MBC
315,197.0,400,1,IM,OC
316,197.0,401,1,IM,OC
317,197.0,402,1,IM,OC
318,197.0,404,1315,CS,OC
319,197.0,406,1,IM,OC
320,197.0,408,1,ME,OC
321,197.0,410,4,CM,OC
322,197.0,411,2006,CM,BC
323,197.0,413,4,CS,BC
324,197.0,414,4,CM,OC
325,197.0,419,2006,CM,BC
326,197.0,420,1,EE,OC
327,197.0,421,4,CS,BC
328,197.0,422,1315,CS,BC
329,197.0,423,1,IM,OC
330,197.0,425,4,CS,BC
331,197.0,426,4,CM,OC
332,197.0,428,2006,CM,BC
333,197.0,429,1,EE,OC
334,197.0,430,1,IM,OC
335,197.0,431,1,EM,OC
336,197.0,433,1,IM,OC
337,197.0,437,2006,CM,BC
338,197.0,439,1,EM,OC
339,197.0,440,1,ME,OC
340,197.0,441,4,CM,OC
341,197.0,442,1,CM,MBC
342,197.0,443,1,EE,OC
343,197.0,444,4,CM,OC
344,197.0,445,1,EM,OC
345,197.0,446,1,IM,OC
346,197.0,447,1,EM,OC
347,197.0,448,1315,CS,BC
348,197.0,449,1,CM,MBC
349,197.0,450,4,CS,BC
350,197.0,451,2,IB,OC
351,197.0,452,1,IM,OC
352,197.0,453,1,EM,OC
353,197.0,456,2005,EC,OC
354,197.0,457,1,EM,OC
355,197.0,458,1,EM,OC
356,197.0,459,4,CS,BC
357,197.0,460,1,CM,BCM
358,197.0,461,1,EM,OC
359,197.0,462,2,IB,OC
360,197.0,464,1,IM,OC
361,197.0,465,4,CS,BC
362,197.0,467,1,IM,OC
363,197.0,468,4,CS,BC
364,197.0,469,2006,CM,BC
365,197.0,470,1,IM,OC
366,197.0,472,2006,CM,BC
367,197.0,474,4,CS,BC
368,197.0,475,2006,IM,OC
369,197.0,476,2006,EC,BC
370,197.0,477,1,CM,MBC
371,197.0,479,2006,EC,BC
372,197.0,480,1,IM,BC
373,196.9,483,1211,CS,OC
374,196.9,484,1,EE,OC
375,196.9,485,2006,CM,BC
376,196.9,486,1,IM,BC
377,196.8,488,2006,CM,BC
378,196.8,489,1,IM,BC
379,196.8,490,2006,EC,BC
380,196.8,491,1,EM,OC
381,196.8,492,2006,CM,MBC
382,196.8,493,4,CS,BC
383,196.8,495,2,IB,OC
384,196.8,497,1,EC,SC
385,196.8,498,4,EC,OC
386,196.8,499,4,CM,OC
387,196.8,500,1,IM,BC
388,196.8,501,1,CM,MBC
389,196.8,502,1,EM,OC
390,196.8,503,1,IM,BCM
391,196.8,504,2006,CM,BC
392,196.7,505,2006,EC,BC
393,196.7,506,2006,CM,BC
394,196.7,508,1,CM,MBC
395,196.7,510,1,IM,MBC
396,196.7,511,2006,EC,MBC
397,196.7,512,2006,EC,BC
398,196.7,513,2006,CM,BC
399,196.7,514,1,IM,BC
400,196.7,515,1,CM,MBC
401,196.7,516,1,CM,MBC
402,196.7,519,2006,CM,BC
403,196.7,520,4,CM,OC
404,196.7,521,1,EM,OC
405,196.7,522,1315,CS,BC
406,196.7,523,1,CM,BCM
407,196.7,524,1,CM,MBC
408,196.7,525,4,CM,OC
409,196.6,527,2006,CM,BC
410,196.6,528,1,EM,OC
411,196.6,529,1,EM,OC
412,196.6,530,1,IM,BC
413,196.6,532,2006,CM,BC
414,196.6,533,2006,EC,BC
415,196.6,534,1,BY,OC
416,196.6,535,5008,CS,OC
417,196.6,536,1,EM,OC
418,196.6,539,1,IM,BC
419,196.6,540,1,EM,OC
420,196.6,542,1,IM,BC
421,196.6,543,1,EE,OC
422,196.5,544,1,EM,BC
423,196.5,545,2005,CS,OC
424,196.5,547,4,CM,OC
425,196.5,548,4,CM,OC
426,196.5,551,1,CS,SC
427,196.5,552,4,CM,OC
428,196.5,553,4023,CS,OC
429,196.5,555,4,CM,OC
430,196.5,556,1,EM,BC
431,196.5,557,1315,IT,OC
432,196.5,559,2377,CS,OC
433,196.5,561,5012,CC,OC
434,196.5,562,1315,CS,BC
435,196.5,564,2007,CS,OC
436,196.5,565,4,EC,OC
437,196.5,570,1,IM,BC
438,196.5,571,4,CM,OC
439,196.5,572,1315,CS,MBC
440,196.5,573,1,IM,BC
441,196.5,574,4,CM,OC
442,196.5,577,1315,IT,OC
443,196.5,578,1,EC,MBC
444,196.5,579,4,CM,OC
445,196.5,579,1,EM,BC
446,196.5,580,4,CM,OC
447,196.5,581,1315,CS,BC
448,196.5,582,4,CM,BC
449,196.5,583,1,CM,BCM
450,196.5,585,4,IM,OC
451,196.5,586,1315,IT,OC
452,196.5,587,1315,IT,OC
453,196.5,588,1,IM,MBC
454,196.5,589,1304,AD,OC
455,196.5,590,1,CM,MBC
456,196.5,591,1315,CS,MBC
457,196.5,592,4,CM,BC
458,196.5,593,1,EM,BC
459,196.5,594,1,EE,OC
460,196.5,596,1,EM,BC
461,196.5,598,4,EC,OC
462,196.5,599,2006,CM,MBC
463,196.5,600,4,IM,OC
464,196.5,601,1315,CS,BC
465,196.5,603,1,ME,OC
466,196.5,604,4,CM,BC
467,196.5,605,4,AE,OC
468,196.5,606,1,IM,BC
469,196.5,607,1,IM,MBC
470,196.5,608,5008,CS,OC
471,196.5,609,1,EC,MBC
472,196.5,612,2,CH,OC
473,196.5,613,1399,CS,OC
474,196.4,614,4,CM,BC
475,196.4,615,2006,EC,BC
476,196.4,616,1,IM,BC
477,196.4,617,1,IM,BC
478,196.4,618,1211,CS,OC
479,196.4,619,4,EC,OC
480,196.4,620,1315,CS,BC
481,196.4,621,4,CM,BC
482,196.4,622,1,IM,MBC
483,196.4,623,1,EC,MBC
484,196.4,624,4,EC,OC
485,196.4,625,1315,CS,BC
486,196.4,626,5008,CS,OC
487,196.4,627,5008,CS,OC
488,196.4,628,2006,EM,OC
489,196.4,629,1315,EC,OC
490,196.4,631,1,CM,BCM
491,196.4,632,1,IM,BC
492,196.3,633,2005,CS,OC
493,196.3,634,1,IM,BC
494,196.3,636,4,CM,BC
495,196.3,638,4,IM,OC
496,196.3,639,2006,IM,OC
497,196.3,640,2006,EC,BC
498,196.3,641,2711,CH,OC
499,196.3,642,1,IM,BC
500,196.3,643,4,CM,BC
501,196.3,644,4,AE,OC
502,196.3,645,4,CM,BC
503,196.3,646,2006,EC,BC
504,196.2,647,2006,BS,OC
505,196.2,650,1,EM,BC
506,196.2,651,4,CS,MBC
507,196.2,652,1,IM,BC
508,196.2,653,4,CM,BC
509,196.2,654,2006,CE,OC
510,196.2,655,2006,IM,OC
511,196.2,656,4,CM,BC
512,196.2,657,4,CM,MBC
513,196.2,659,2006,IM,OC
514,196.2,662,2006,IM,OC
515,196.2,663,4,EC,OC
516,196.2,664,1315,CS,BC
517,196.2,665,1,BY,OC
518,196.2,666,1,IM,BC
519,196.2,668,1,IM,MBC
520,196.2,669,2006,EC,BC
521,196.2,670,1,BY,OC
522,196.2,671,1,EM,BC
523,196.2,672,1,BY,OC
524,196.1,673,2006,EM,OC
525,196.1,674,5008,IM,OC
526,196.1,675,1,IM,MBC
527,196.1,676,1,BY,OC
528,196.1,677,1,EM,BC
529,196.1,678,1,EM,BC
530,196.1,679,1,EE,OC
531,196.1,681,2006,EC,BC
532,196.1,682,1,EC,MBC
533,196.1,683,2005,CS,OC
534,196.1,684,4,CM,BC
535,196.1,685,4,EC,OC
536,196.1,688,1,IM,BC
537,196.1,689,1,EM,BC
538,196.1,690,4,EC,OC
539,196.1,691,4,CM,BC
540,196.1,692,2006,IM,OC
541,196.1,693,1,IM,BC
542,196.1,694,1,IM,BC
543,196.1,696,2007,EC,OC
544,196.0,697,4,IM,OC
545,196.0,698,2607,CS,OC
546,196.0,699,1315,CS,BC
547,196.0,700,1,IM,BC
548,196.0,701,1,IM,BC
549,196.0,702,5008,EC,OC
550,196.0,703,2007,CS,OC
551,196.0,704,1,IM,BC
552,196.0,705,1315,CH,OC
553,196.0,706,1,IM,BC
554,196.0,707,2006,IM,OC
555,196.0,708,1,IM,MBC
556,196.0,709,4,CM,BC
557,196.0,710,2006,EC,BC
558,196.0,712,2006,CM,BCM
559,196.0,714,2006,ME,OC
560,196.0,715,1315,EC,OC
561,196.0,716,1,IM,BC
562,196.0,717,1,IM,BC
563,196.0,718,1315,CS,BC
564,196.0,719,1,EM,BC
565,196.0,720,1,IM,BC
566,196.0,721,1,CM,SC
567,196.0,722,1,EM,BC
568,196.0,723,1,ME,OC
569,196.0,724,1,EM,MBC
570,196.0,725,5008,EC,OC
571,196.0,726,4,EC,OC
572,196.0,728,4,IM,OC
573,196.0,729,4,IM,OC
574,196.0,730,2006,IM,OC
575,196.0,731,4,IM,OC
576,196.0,733,2006,EC,BC
577,196.0,736,1315,CS,BC
578,196.0,738,2006,IM,OC
579,196.0,739,2005,IT,OC
580,196.0,742,1,ME,OC
581,196.0,743,4,IM,OC
582,196.0,744,1315,CS,BC
583,196.0,745,2006,IM,OC
584,196.0,746,4,IM,OC
585,196.0,747,2,IB,OC
586,196.0,748,2006,CM,MBC
587,196.0,749,1315,CS,BC
588,196.0,751,4,EC,OC
589,196.0,755,4,IM,OC
590,196.0,756,1315,IT,OC
591,196.0,758,4,AE,OC
592,196.0,760,1399,CS,OC
593,196.0,762,1,EE,OC
594,196.0,763,4,EC,OC
595,196.0,764,1315,CS,BC
596,196.0,765,2006,EM,OC
597,196.0,767,1315,EC,OC
598,196.0,768,2,CH,OC
599,196.0,769,4,EC,OC
600,196.0,770,4,EC,OC
601,196.0,771,1,CM,MBC
602,196.0,773,4,EC,OC
603,196.0,774,2,IB,OC
604,196.0,775,5008,CS,OC
605,196.0,776,1,ME,OC
606,196.0,778,4,CS,MBC
607,196.0,780,1,ME,OC
608,196.0,782,4,EC,OC
609,196.0,783,1315,CS,BC
610,196.0,784,4,IM,OC
611,196.0,785,1,ME,OC
612,196.0,786,4,CS,MBC
613,196.0,787,4,IM,OC
614,196.0,788,5008,CE,OC
615,196.0,789,1,EC,BCM
616,196.0,790,2006,EM,OC
617,196.0,792,1,EE,OC
618,196.0,795,4,EC,OC
619,196.0,797,1315,IT,OC
620,196.0,799,5008,CS,OC
621,196.0,801,1304,CS,OC
622,196.0,802,1,EE,OC
623,196.0,804,1,BY,OC
624,196.0,808,2006,EM,OC
625,196.0,809,1,EE,OC
626,196.0,810,4,EC,BC
627,196.0,811,4,EC,BC
628,196.0,812,4,EC,BC
629,196.0,813,2006,EM,OC
630,196.0,816,2006,IM,OC
631,196.0,817,1,MN,OC
632,196.0,818,4,IM,OC
633,196.0,819,4,IM,OC
634,196.0,820,2719,EC,OC
635,196.0,821,2007,CS,OC
636,196.0,823,2,CH,OC
637,196.0,824,4,EC,BC
638,196.0,825,4,CM,MBC
639,196.0,826,4,IM,OC
640,195.9,828,4,IM,OC
641,195.9,830,1315,CS,BC
642,195.9,832,2006,IM,OC
643,195.9,835,1,EC,MBC
644,195.9,837,2006,IM,OC
645,195.9,838,2005,CS,OC
646,195.9,839,4,IM,OC
647,195.9,840,1,EE,BC
648,195.9,841,1210,CS,OC
649,195.9,842,1,IM,MBC
650,195.9,843,4,EC,BC
651,195.9,844,2607,EC,OC
652,195.9,845,4,IM,OC
653,195.9,846,1,EE,BC
654,195.9,847,4,EC,BC
655,195.9,848,5008,CS,OC
656,195.9,849,2739,CO,OC
657,195.9,850,2006,BS,OC
658,195.9,852,1,IM,BCM
659,195.9,853,1,EM,BCM
660,195.9,854,4,EC,BC
661,195.9,855,2006,BS,OC
662,195.8,856,1,IM,MBC
663,195.8,857,4,IM,OC
664,195.8,858,1,EE,SC
665,195.8,859,1,IM,MBC
666,195.8,860,4,IM,OC
667,195.8,861,1211,AL,OC
668,195.8,862,1,BY,OC
669,195.8,863,4,EC,BC
670,195.8,864,2006,EE,OC
671,195.8,865,1,CM,SC
672,195.8,866,1,EE,MBC
673,195.8,867,1,IM,MBC
674,195.8,868,1504,EC,OC
675,195.8,870,1,EC,MBC
676,195.8,871,4,IM,OC
677,195.8,872,5008,EC,OC
678,195.8,873,1,EE,BC
679,195.8,875,1315,CS,BC
680,195.8,876,4,IM,OC
681,195.8,877,1315,IT,OC
682,195.8,878,2006,IM,OC
683,195.8,880,1,IM,MBC
684,195.8,881,2007,AT,OC
685,195.8,882,4,IM,OC
686,195.7,884,2005,CS,OC
687,195.7,885,2006,IM,OC
688,195.7,886,4,CS,MBC
689,195.7,888,4,EC,BC
690,195.7,890,2622,CS,OC
691,195.7,892,4,IM,OC
692,195.7,893,4,IM,OC
693,195.7,894,2006,EM,OC
694,195.7,896,4,IM,OC
695,195.7,897,1,IM,MBC
696,195.7,898,5008,EC,OC
697,195.7,900,2613,CS,OC
698,195.7,902,4,AE,OC
699,195.7,903,4,IM,OC
700,195.7,904,4,IM,OC
701,195.7,905,2006,EM,OC
702,195.7,906,2,PM,OC
703,195.7,907,2007,CS,OC
704,195.7,908,1,EE,BC
705,195.7,912,2005,CS,OC
706,195.7,913,1,BY,OC
707,195.7,914,1,ME,OC
708,195.7,915,1315,CS,BC
709,195.7,916,4,EC,BC
710,195.7,917,2006,IM,OC
711,195.7,918,2006,EM,OC
712,195.7,919,1,ME,OC
713,195.7,920,2006,IM,OC
714,195.7,921,4,IM,OC
715,195.7,922,4,EC,BC
716,195.7,923,4,IM,OC
717,195.6,924,2006,IM,OC
718,195.6,925,2006,IM,OC
719,195.6,926,1026,EC,OC
720,195.6,928,4,EC,BC
721,195.6,929,5012,CC,OC
722,195.6,930,4,IM,OC
723,195.6,931,4,CS,MBC
724,195.6,934,4,EM,OC
725,195.6,935,4,AE,OC
726,195.6,937,2006,IM,OC
727,195.6,938,2006,EM,OC
728,195.6,940,4,EC,BC
729,195.6,941,4,IM,OC
730,195.6,943,2005,CS,OC
731,195.6,944,1,GI,OC
732,195.6,946,2006,EC,MBC
733,195.6,947,2007,CS,OC
734,195.6,948,4,AE,OC
735,195.6,949,4,IM,OC
736,195.6,951,1,ME,OC
737,195.6,952,2006,IM,OC
738,195.6,953,4,CS,MBC
739,195.6,954,5901,CS,OC
740,195.6,955,1,CE,OC
741,195.5,960,2006,EM,OC
742,195.5,961,2006,EE,OC
743,195.5,962,1,EC,MBC
744,195.5,963,4,IM,BC
745,195.5,964,1,ME,OC
746,195.5,965,4,CS,MBC
747,195.5,966,4,IM,BC
748,195.5,968,1,ME,OC
749,195.5,970,4,EC,BC
750,195.5,971,4,EM,OC
751,195.5,972,1,EE,BC
752,195.5,973,4,EM,OC
753,195.5,974,4,IM,BC
754,195.5,975,4,CS,MBC
755,195.5,977,1315,IT,OC
756,195.5,978,1315,CS,SC
757,195.5,979,2,CH,OC
758,195.5,980,1,EE,BC
759,195.5,982,1315,IT,OC
760,195.5,984,2007,CS,OC
761,195.5,985,1,ME,OC
762,195.5,988,1315,CS,BCM
763,195.5,990,1211,CS,OC
764,195.5,991,4,IM,BC
765,195.5,992,1,IM,MBC
766,195.5,993,1219,CS,OC
767,195.5,994,2006,IM,OC
768,195.5,995,1315,EC,OC
769,195.5,996,1,IE,OC
770,195.5,997,4,IM,BC
771,195.5,998,4,EM,OC
772,195.5,1000,1,ME,OC
773,195.5,1001,1,IM,MBC
774,195.5,1002,4,CM,MBC
775,195.5,1003,1,IM,MBC
776,195.5,1004,1315,IT,OC
777,195.5,1005,1315,IT,OC
778,195.5,1006,1315,IT,OC
779,195.5,1007,2,IB,OC
780,195.5,1009,4,IM,BC
781,195.5,1010,2,IB,OC
782,195.5,1011,1315,IT,OC
783,195.5,1014,4,IM,BC
784,195.5,1018,4,EM,OC
785,195.5,1019,4,IM,BC
786,195.5,1020,4,EM,OC
787,195.5,1021,1,ME,OC
788,195.5,1022,4,EM,OC
789,195.5,1023,4,IM,BC
790,195.5,1024,4,EM,OC
791,195.5,1025,4,EM,OC
792,195.5,1026,4,EM,OC
793,195.5,1027,4,EM,OC
794,195.5,1028,1315,IT,OC
795,195.5,1030,4,IM,BC
796,195.5,1031,4,IM,BC
797,195.5,1033,2006,EM,BC
798,195.5,1034,1315,IT,OC
799,195.5,1035,4,IM,MBC
800,195.5,1036,4,IM,BC
801,195.5,1037,2006,CM,SC
802,195.5,1039,2006,BS,OC
803,195.5,1040,1,EM,MBC
804,195.5,1041,2007,EC,OC
805,195.5,1042,1,MN,OC
806,195.5,1043,2005,CS,OC
807,195.5,1044,1,EE,BC
808,195.5,1045,1,EE,BC
809,195.5,1046,1,EE,MBC
810,195.5,1047,4,IM,BC
811,195.5,1048,2006,IM,BC
812,195.4,1049,2005,IT,OC
813,195.4,1050,4,IM,BC
814,195.4,1051,4,EM,OC
815,195.4,1053,1,EE,MBC
816,195.4,1055,4,IM,BC
817,195.4,1056,2006,EM,BC
818,195.4,1058,4,CS,BCM
819,195.4,1059,4,EC,MBC
820,195.4,1060,2005,CS,OC
821,195.4,1061,4,EM,OC
822,195.4,1062,2006,EM,BC
823,195.4,1063,4,CM,MBC
824,195.4,1066,1,EE,BC
825,195.4,1067,2007,AT,OC
826,195.4,1068,2006,ME,OC
827,195.4,1069,4,IM,BC
828,195.4,1070,2006,EM,BC
829,195.4,1072,1,EM,MBC
830,195.4,1073,1,EE,BC
831,195.4,1075,4,EM,OC
832,195.4,1076,1,BY,OC
833,195.4,1077,1315,CS,MBC
834,195.4,1078,4,EM,OC
835,195.4,1079,2006,EM,BC
836,195.4,1080,1315,IT,OC
837,195.4,1081,4,IM,BC
838,195.4,1082,1,CM,SC
839,195.4,1083,4,CM,MBC
840,195.4,1084,4,EM,OC
841,195.4,1085,2006,CM,MBC
842,195.4,1086,4,CM,MBC
843,195.3,1088,4,IM,BC
844,195.3,1089,2006,IM,BC
845,195.3,1090,2006,IM,BC
846,195.3,1091,2006,CM,MBC
847,195.3,1092,1315,EC,OC
848,195.3,1093,4,EM,BC
849,195.3,1094,4,MF,OC
850,195.3,1095,1315,CS,MBC
851,195.3,1096,4,EI,OC
852,195.3,1097,4,CS,MBC
853,195.3,1098,4,IM,BC
854,195.3,1100,1399,CS,OC
855,195.3,1101,4,IM,BC
856,195.3,1103,3805,CS,OC
857,195.3,1104,4,IM,BC
858,195.3,1105,4,IM,MBC
859,195.3,1106,1,CM,SC
860,195.3,1108,1,IM,MBC
861,195.3,1111,4,IM,MBC
862,195.3,1112,1,EE,MBC
863,195.3,1113,1315,EC,OC
864,195.3,1116,2006,EM,BC
865,195.3,1117,1399,CS,OC
866,195.3,1118,1315,EC,OC
867,195.3,1119,1,IM,BCM
868,195.3,1120,4,IM,BC
869,195.3,1121,1,EM,MBC
870,195.3,1122,1,EE,BC
871,195.3,1124,4,EM,BC
872,195.3,1125,4,EM,MBC
873,195.3,1126,2006,EM,BC
874,195.2,1127,1,CE,OC
875,195.2,1128,2006,EM,BC
876,195.2,1129,1,ME,OC
877,195.2,1130,1315,EC,OC
878,195.2,1131,4,IM,BC
879,195.2,1132,5008,CS,OC
880,195.2,1134,4,IM,BC
881,195.2,1137,5008,EC,OC
882,195.2,1138,2,IB,BC
883,195.2,1139,1,ME,OC
884,195.2,1141,4,AE,BC
885,195.2,1142,2615,EC,OC
886,195.2,1143,1210,EC,OC
887,195.2,1144,1,EM,MBC
888,195.2,1145,4,EM,BC
889,195.2,1146,1315,EC,OC
890,195.2,1147,2005,EC,OC
891,195.2,1148,1315,IT,OC
892,195.2,1149,1,EM,MBC
893,195.2,1151,1,EE,BC
894,195.2,1152,2007,CS,OC
895,195.2,1153,1,ME,OC
896,195.2,1154,2007,CS,OC
897,195.2,1155,2006,EM,BC
898,195.2,1158,1,IM,MBC
899,195.1,1159,5008,EC,OC
900,195.1,1160,2,IB,BC
901,195.1,1162,5,CS,OC
902,195.1,1163,4,EM,MBC
903,195.1,1164,4,CM,MBC
904,195.1,1166,5008,EC,OC
905,195.1,1167,1315,EC,OC
906,195.1,1168,1,IM,MBC
907,195.1,1169,2006,ME,OC
908,195.1,1170,4,CS,BCM
909,195.1,1172,4,IM,BC
910,195.1,1174,4,EM,BC
911,195.1,1175,1315,EC,OC
912,195.1,1176,1399,AD,OC
913,195.1,1177,2006,IM,BC
914,195.1,1178,2006,IM,BC
915,195.1,1181,1399,CS,OC
916,195.1,1182,2006,EE,OC
917,195.1,1184,1,EE,BC
918,195.1,1186,2007,CS,OC
919,195.1,1187,2712,CS,OC
920,195.0,1189,1,EC,SC
921,195.0,1190,4,EI,OC
922,195.0,1191,1315,IT,OC
923,195.0,1192,4,IM,BC
924,195.0,1193,4,EM,BC
925,195.0,1194,2006,EM,BC
926,195.0,1195,4,IM,BC
927,195.0,1196,1,ME,OC
928,195.0,1198,1,EM,MBC
929,195.0,1199,2006,IM,BC
930,195.0,1201,1315,IT,OC
931,195.0,1203,4,IM,BC
932,195.0,1204,2006,IM,BC
933,195.0,1205,5008,CS,OC
934,195.0,1207,4,EM,BC
935,195.0,1209,2006,EE,OC
936,195.0,1211,1315,IT,OC
937,195.0,1212,4,EI,OC
938,195.0,1213,2006,IM,BC
939,195.0,1214,4,EM,BC
940,195.0,1216,1,EE,BC
941,195.0,1217,1315,EC,OC
942,195.0,1218,4,EM,BC
943,195.0,1219,1,IM,MBC
944,195.0,1220,4,EC,MBC
945,195.0,1220,1,ME,OC
946,195.0,1222,4,EM,BC
947,195.0,1223,1315,IT,BC
948,195.0,1225,2006,ME,OC
949,195.0,1227,4,AE,BC
950,195.0,1228,1,EC,SC
951,195.0,1231,1,ME,OC
952,195.0,1232,2006,CM,MBC
953,195.0,1233,1315,EC,OC
954,195.0,1234,4,AE,BC
955,195.0,1236,4,EM,BC
956,195.0,1238,4,EM,BC
957,195.0,1239,4,EI,OC
958,195.0,1240,1,ME,OC
959,195.0,1241,4,CM,MBC
960,195.0,1242,1315,EC,OC
961,195.0,1243,1315,EC,OC
962,195.0,1244,1211,CS,OC
963,195.0,1247,1,CM,SC
964,195.0,1248,1,BY,OC
965,195.0,1249,1315,IT,BC
966,195.0,1251,2006,IM,MBC
967,195.0,1253,4,EM,BC
968,195.0,1254,4,EM,BC
969,195.0,1255,5008,CS,BC
970,195.0,1256,1,IM,MBC
971,195.0,1258,2006,IM,BC
972,195.0,1259,1304,CS,OC
973,195.0,1261,1219,CS,OC
974,195.0,1262,2006,IM,BC
975,195.0,1264,2006,IM,BC
976,195.0,1265,1315,EC,OC
977,195.0,1266,1419,CS,OC
978,195.0,1267,2007,CS,OC
979,195.0,1268,4,EM,BC
980,195.0,1269,4,AE,BC
981,195.0,1270,5008,EC,OC
982,195.0,1271,2,CH,OC
983,195.0,1272,1315,EC,OC
984,195.0,1273,1315,IT,BC
985,195.0,1274,1315,CS,MBC
986,195.0,1275,5008,EC,OC
987,195.0,1276,1315,EC,OC
988,195.0,1278,2006,IM,BC
989,195.0,1279,1450,CS,OC
990,195.0,1284,2006,IM,BC
991,195.0,1286,5008,CS,BC
992,195.0,1287,2006,IM,BC
993,195.0,1292,4,EI,OC
994,195.0,1293,1315,IT,BC
995,195.0,1294,4,EI,OC
996,195.0,1295,2006,EE,OC
997,195.0,1297,1,EE,BC
998,195.0,1298,1,BY,BC
999,195.0,1300,1315,IT,BC
1000,195.0,1301,1315,EC,BC
1001,195.0,1302,2007,CS,OC
1002,195.0,1303,2,IS,OC
1003,195.0,1305,1,ME,OC
1004,195.0,1307,4,EI,OC
1005,195.0,1309,1,IM,SC
1006,195.0,1312,2006,EE,OC
1007,195.0,1313,2007,EC,OC
1008,195.0,1315,1315,EC,BC
1009,195.0,1316,1315,IT,BC
1010,195.0,1317,1315,EC,BC
1011,195.0,1318,2,CH,OC
1012,195.0,1319,2006,IM,BC
1013,195.0,1320,1,CE,OC
1014,195.0,1324,1315,IT,BC
1015,195.0,1325,1,BY,BC
1016,195.0,1326,1315,IT,BC
1017,195.0,1328,1315,EC,BC
1018,195.0,1329,1315,IT,BC
1019,195.0,1330,1315,IT,BC
1020,195.0,1331,2006,IM,BC
1021,195.0,1333,5008,CS,BC
1022,195.0,1335,2006,EE,OC
1023,195.0,1336,2,FS,OC
1024,195.0,1337,2006,BS,OC
1025,195.0,1338,2006,BY,OC
1026,195.0,1339,4,EI,OC
1027,195.0,1340,5008,CS,BC
1028,195.0,1341,4,EI,OC
1029,195.0,1342,1,GI,OC
1030,195.0,1344,1315,IT,BC
1031,195.0,1345,1315,IT,BC
1032,195.0,1347,5008,EC,OC
1033,194.9,1349,2007,CS,OC
1034,194.9,1351,1113,CS,OC
1035,194.9,1352,2006,EC,BCM
1036,194.9,1353,4,EC,MBC
1037,194.9,1354,2006,IM,BC
1038,194.9,1355,2006,EE,OC
1039,194.9,1356,2712,CS,OC
1040,194.9,1357,2006,IM,BC
1041,194.9,1360,4,EI,OC
1042,194.9,1361,4,AE,BC
1043,194.9,1362,1,IM,MBC
1044,194.9,1363,2007,CS,OC
1045,194.9,1364,2006,EC,BCM
1046,194.9,1366,4,IM,BCM
1047,194.9,1369,2006,IM,BC
1048,194.9,1370,4,CM,MBC
1049,194.9,1371,2005,CS,OC
1050,194.9,1372,5008,EC,OC
1051,194.9,1373,2006,IM,BC
1052,194.9,1374,5008,CW,OC
1053,194.9,1375,1315,IT,BC
1054,194.9,1376,4,IM,MBC
1055,194.9,1377,4,EI,OC
1056,194.9,1378,4,AE,BC
1057,194.9,1379,2006,IM,BC
1058,194.8,1380,1315,EC,BC
1059,194.8,1381,4,EI,OC
1060,194.8,1382,2007,CS,BC
1061,194.8,1383,2377,CS,OC
1062,194.8,1384,1315,EC,BC
1063,194.8,1385,5008,EE,OC
1064,194.8,1386,2007,CS,BC
1065,194.8,1387,2005,IB,OC
1066,194.8,1388,2712,AE,OC
1067,194.8,1389,2005,CS,OC
1068,194.8,1390,2007,EC,OC
1069,194.8,1392,2712,CS,OC
1070,194.8,1393,4,IM,MBC
1071,194.8,1394,2007,CS,BC
1072,194.8,1395,4,AE,BC
1073,194.8,1396,1,BY,MBC
1074,194.8,1397,1,EC,SC
1075,194.8,1398,2005,EE,OC
1076,194.8,1401,5008,CS,BC
1077,194.8,1402,2007,EC,OC
1078,194.8,1403,1211,CS,OC
1079,194.8,1404,1,ME,OC
1080,194.8,1406,2005,CS,OC
1081,194.8,1409,2006,EE,OC
1082,194.8,1411,1420,CS,OC
1083,194.8,1412,2005,IT,OC
1084,194.8,1413,1315,IT,BC
1085,194.8,1414,5008,CS,BC
1086,194.8,1415,2005,CS,OC
1087,194.8,1416,1,MN,OC
1088,194.8,1417,2007,CS,BC
1089,194.8,1418,2007,CS,BC
1090,194.8,1419,2006,CM,MBC
1091,194.8,1420,1,BY,MBC
1092,194.8,1421,2007,CS,BC
1093,194.8,1422,1315,EC,BC
1094,194.8,1425,2006,EE,OC
1095,194.8,1426,2007,AT,OC
1096,194.8,1427,1315,EC,BC
1097,194.8,1429,1,BY,BC
1098,194.8,1431,2005,ME,OC
1099,194.8,1432,1,BY,BC
1100,194.7,1433,2006,IM,MBC
1101,194.7,1434,5008,CS,BCM
1102,194.7,1435,1399,CS,OC
1103,194.7,1436,2007,EC,OC
1104,194.7,1437,5008,CS,BC
1105,194.7,1438,2005,CS,OC
1106,194.7,1439,5008,CS,BC
1107,194.7,1440,2712,CS,OC
1108,194.7,1441,1,ME,OC
1109,194.7,1442,1315,EC,BC
1110,194.7,1443,4,EI,OC
1111,194.7,1444,1315,EC,BC
1112,194.7,1445,1315,BM,OC
1113,194.7,1447,5012,CC,OC
1114,194.7,1448,2007,EC,OC
1115,194.7,1449,2,IB,BC
1116,194.7,1451,1315,IT,BC
1117,194.7,1452,2006,EE,OC
1118,194.7,1453,2007,CS,BC
1119,194.7,1454,2006,EC,MBC
1120,194.7,1455,2377,CS,OC
1121,194.7,1456,1315,CS,MBC
1122,194.7,1458,2007,CS,BC
1123,194.7,1459,2006,EE,OC
1124,194.7,1461,2006,EE,OC
1125,194.7,1462,1,BY,BC
1126,194.7,1464,4,AE,BC
1127,194.7,1465,2007,CS,BC
1128,194.7,1467,2006,RA,OC
1129,194.7,1469,1,CM,SC
1130,194.7,1470,1,BY,BC
1131,194.7,1471,1315,IT,BC
1132,194.7,1472,2007,CS,BC
1133,194.7,1473,5008,CS,BC
1134,194.7,1475,1315,EC,BC
1135,194.7,1476,1,MA,OC
1136,194.7,1477,5012,CC,OC
1137,194.7,1478,2006,ME,OC
1138,194.7,1479,1219,CS,OC
1139,194.6,1480,1315,EE,OC
1140,194.6,1481,2006,BS,OC
1141,194.6,1482,2006,EC,MBC
1142,194.6,1483,5910,CS,OC
1143,194.6,1484,1315,CS,MBC
1144,194.6,1485,5008,CS,BC
1145,194.6,1486,4,CS,SC
1146,194.6,1487,1,ME,OC
1147,194.6,1488,2007,CS,BC
1148,194.6,1489,4,CM,MBC
1149,194.6,1492,5008,CM,OC
1150,194.6,1493,1,ME,OC
1151,194.6,1494,2005,CS,OC
1152,194.6,1496,4,CM,MBC
1153,194.6,1497,2005,CS,OC
1154,194.6,1498,2711,CS,OC
1155,194.6,1499,1315,IT,BC
1156,194.6,1500,2007,CS,BC
1157,194.6,1501,4,CS,SC
1158,194.6,1502,4,EI,OC
1159,194.6,1505,2006,CE,OC
1160,194.6,1506,1,CE,OC
1161,194.6,1507,5008,CW,OC
1162,194.6,1508,5008,CM,OC
1163,194.6,1509,1315,IT,BC
1164,194.6,1511,2377,CS,OC
1165,194.6,1513,2006,IM,BCM
1166,194.6,1514,2007,CM,OC
1167,194.6,1516,2712,CS,OC
1168,194.6,1517,4,EI,OC
1169,194.5,1518,2007,EC,OC
1170,194.5,1519,5008,CS,BC
1171,194.5,1520,5008,CS,BC
1172,194.5,1521,2615,EC,OC
1173,194.5,1522,1,CE,OC
1174,194.5,1523,5008,CM,OC
1175,194.5,1524,2712,CS,OC
1176,194.5,1525,2712,CS,OC
1177,194.5,1526,1,IM,SC
1178,194.5,1527,4,EI,OC
1179,194.5,1528,4,EI,OC
1180,194.5,1529,2377,CS,OC
1181,194.5,1530,1399,CS,OC
1182,194.5,1531,4,IM,MBC
1183,194.5,1533,2007,CM,OC
1184,194.5,1534,1315,EC,BC
1185,194.5,1540,1,EM,MBC
1186,194.5,1541,2,IB,BC
1187,194.5,1542,2006,BS,OC
1188,194.5,1544,5008,CM,OC
1189,194.5,1545,1315,EC,BC
1190,194.5,1546,1315,EC,BC
1191,194.5,1548,2,IB,BC
1192,194.5,1549,2377,CS,OC
1193,194.5,1551,1219,CS,OC
1194,194.5,1553,2712,CS,OC
1195,194.5,1555,1,BY,BC
1196,194.5,1557,4,AE,MBC
1197,194.5,1558,4,EI,BC
1198,194.5,1559,5008,EC,OC
1199,194.5,1560,2377,CS,OC
1200,194.5,1561,2007,CM,OC
1201,194.5,1562,2,CH,OC
1202,194.5,1563,2006,EM,MBC
1203,194.5,1564,5008,CM,OC
1204,194.5,1566,2,CH,OC
1205,194.5,1567,2,FS,OC
1206,194.5,1570,2006,ME,OC
1207,194.5,1571,1315,EC,BC
1208,194.5,1572,1315,EC,BC
1209,194.5,1572,2007,CS,BC
1210,194.5,1573,1315,EC,BC
1211,194.5,1575,1315,CS,MBC
1212,194.5,1576,4,AE,BC
1213,194.5,1577,5008,CM,OC
1214,194.5,1578,1315,CS,MBC
1215,194.5,1579,2711,CS,OC
1216,194.5,1580,4,EC,MBC
1217,194.5,1581,4,MF,OC
1218,194.5,1582,2007,CM,OC
1219,194.5,1583,1219,CS,OC
1220,194.5,1585,4,AE,BC
1221,194.5,1587,1,ME,SC
1222,194.5,1588,1,EC,SC
1223,194.5,1590,2,IB,BC
1224,194.5,1591,2007,CS,MBC
1225,194.5,1596,2007,CM,OC
1226,194.5,1597,1315,ME,OC
1227,194.5,1598,1315,EE,OC
1228,194.5,1603,1,CE,OC
1229,194.5,1604,2006,MS,OC
1230,194.5,1605,5008,EC,OC
1231,194.5,1606,4,IM,MBC
1232,194.5,1607,2006,EE,OC
1233,194.5,1608,4670,AG,OC
1234,194.5,1609,1,EM,MBC
1235,194.5,1610,2,IS,OC
1236,194.5,1611,4,AE,BC
1237,194.5,1612,2006,EE,OC
1238,194.5,1613,2,IS,OC
1239,194.5,1614,1315,EE,OC
1240,194.5,1615,2006,EE,BC
1241,194.5,1616,2712,EC,OC
1242,194.5,1618,1315,CS,MBC
1243,194.5,1619,2006,ME,OC
1244,194.5,1623,2005,CS,BC
1245,194.5,1624,1211,CS,OC
1246,194.5,1626,2377,CS,OC
1247,194.5,1627,2007,CM,OC
1248,194.5,1628,2025,CS,OC
1249,194.4,1629,4,EI,BC
1250,194.4,1630,1,GI,OC
1251,194.4,1632,2007,CM,OC
1252,194.4,1636,1,EC,SC
1253,194.4,1637,4,IM,MBC
1254,194.4,1638,2723,EC,OC
1255,194.4,1640,2007,EC,OC
1256,194.4,1641,1315,EE,OC
1257,194.4,1642,2005,CS,BC
1258,194.4,1643,1,ME,BC
1259,194.4,1643,1315,EE,OC
1260,194.4,1644,2006,EE,BC
1261,194.4,1645,1,BY,BC
1262,194.4,1646,2006,EE,BC
1263,194.4,1647,2,CH,OC
1264,194.4,1648,1,EC,SC
1265,194.4,1649,1,BY,BC
1266,194.4,1650,2712,CS,OC
1267,194.4,1651,1315,IT,MBC
1268,194.4,1653,2377,CS,OC
1269,194.4,1657,1219,CS,OC
1270,194.4,1659,2007,CM,OC
1271,194.4,1661,1,IM,BCM
1272,194.4,1663,2005,IT,OC
1273,194.4,1664,4,EI,BC
1274,194.4,1665,4,EI,BC
1275,194.4,1666,1419,IT,OC
1276,194.4,1667,1,BY,BC
1277,194.4,1668,4,IM,MBC
1278,194.4,1669,4,CM,BCM
1279,194.4,1670,2377,CS,OC
1280,194.4,1672,2007,CM,OC
1281,194.4,1673,2007,CM,OC
1282,194.4,1674,2006,CM,MBC
1283,194.4,1675,1,EE,MBC
1284,194.4,1680,1,EC,SC
1285,194.4,1681,2007,IM,OC
1286,194.4,1683,2006,EE,BC
1287,194.4,1684,1,EM,MBC
1288,194.4,1685,2007,CM,BC
1289,194.4,1686,5008,EC,BC
1290,194.3,1688,2006,EE,BC
1291,194.3,1691,4,IM,MBC
1292,194.3,1692,1219,CS,OC
1293,194.3,1693,2005,EC,OC
1294,194.3,1694,4,IM,MBC
1295,194.3,1695,1399,CS,OC
1296,194.3,1697,4,EI,BC
1297,194.3,1698,1219,CS,OC
1298,194.3,1699,2007,CM,BC
1299,194.3,1700,5008,CM,OC
1300,194.3,1701,2377,CS,OC
1301,194.3,1703,1113,AD,OC
1302,194.3,1704,2007,CM,BC
1303,194.3,1705,2006,FY,OC
1304,194.3,1706,2006,ME,OC
1305,194.3,1708,2005,CS,BC
1306,194.3,1709,1315,ME,OC
1307,194.3,1710,2006,EM,MBC
1308,194.3,1711,1315,EE,OC
1309,194.3,1713,1,EE,MBC
1310,194.3,1714,4,EI,BC
1311,194.3,1715,2006,EE,BC
1312,194.3,1716,4,IM,MBC
1313,194.3,1717,2006,CM,MBC
1314,194.3,1718,5008,CS,MBC
1315,194.3,1719,2006,EE,MBC
1316,194.3,1720,2007,CM,BC
1317,194.3,1721,2006,IM,MBC
1318,194.3,1722,1,EE,MBC
1319,194.3,1723,2377,CS,BC
1320,194.3,1724,5008,CM,OC
1321,194.3,1725,1219,CS,OC
1322,194.3,1726,5008,EC,BC
1323,194.3,1727,2005,CS,BC
1324,194.3,1729,1315,EE,OC
1325,194.3,1731,1315,CS,MBC
1326,194.3,1732,2006,EE,BC
1327,194.3,1733,2005,CS,BC
1328,194.3,1734,2007,AT,OC
1329,194.3,1735,2,CH,OC
1330,194.3,1736,1399,CS,OC
1331,194.3,1737,2005,CS,BC
1332,194.3,1738,5008,IM,OC
1333,194.3,1739,2007,CS,MBC
1334,194.3,1741,1315,IT,MBC
1335,194.2,1742,2634,AE,OC
1336,194.2,1744,1219,IT,OC
1337,194.2,1745,5008,EC,BC
1338,194.2,1746,4,IM,MBC
1339,194.2,1748,2007,EC,OC
1340,194.2,1750,2006,ME,OC
1341,194.2,1751,1,EE,MBC
1342,194.2,1752,1315,EE,OC
1343,194.2,1755,4,EC,SC
1344,194.2,1756,2,IS,OC
1345,194.2,1757,1,CE,OC
1346,194.2,1758,2006,EE,BC
1347,194.2,1759,4,EI,MBC
1348,194.2,1760,1315,EE,OC
1349,194.2,1765,2007,IM,OC
1350,194.2,1766,2007,CM,BC
1351,194.2,1767,2005,CE,OC
1352,194.2,1768,4,EI,BC
1353,194.2,1770,4,AE,MBC
1354,194.2,1770,1,GI,OC
1355,194.2,1771,2007,CM,BC
1356,194.2,1772,1,ME,BC
1357,194.2,1773,5008,CM,OC
1358,194.2,1774,1113,CS,OC
1359,194.2,1775,2006,EE,BC
1360,194.2,1776,1315,CS,MBC
1361,194.2,1777,5008,EC,BC
1362,194.2,1779,2007,CM,BC
1363,194.2,1780,2006,ME,OC
1364,194.2,1781,4,EC,MBC
1365,194.2,1782,1211,IT,OC
1366,194.2,1783,1,EE,SC
1367,194.2,1784,2006,EE,BC
1368,194.2,1785,5008,CM,OC
1369,194.2,1786,1399,CS,OC
1370,194.2,1787,5008,CM,OC
1371,194.2,1788,2006,FY,OC
1372,194.2,1789,2377,CS,BC
1373,194.2,1790,2005,EC,OC
1374,194.2,1792,1450,CS,OC
1375,194.2,1793,2005,EC,OC
1376,194.2,1794,2005,CS,BC
1377,194.2,1795,4,IM,MBC
1378,194.2,1796,2006,EE,BC
1379,194.2,1797,5008,CM,OC
1380,194.2,1798,4,AE,SC
1381,194.2,1799,2007,CM,BC
1382,194.2,1800,4944,EC,OC
1383,194.2,1801,4,IM,MBC
1384,194.2,1802,2007,CM,BC
1385,194.2,1803,4,EI,BC
1386,194.2,1804,4,EI,BC
1387,194.1,1805,2377,CS,BC
1388,194.1,1807,1315,EE,OC
1389,194.1,1808,2005,CS,BC
1390,194.1,1809,4,EI,BC
1391,194.1,1810,1,ME,BC
1392,194.1,1811,1,GI,OC
1393,194.1,1812,1315,EE,OC
1394,194.1,1815,5008,CM,BC
1395,194.1,1816,1,CE,OC
1396,194.1,1817,2005,EC,OC
1397,194.1,1818,1419,EC,OC
1398,194.1,1819,2711,CS,OC
1399,194.1,1820,2007,IM,OC
1400,194.1,1822,4,EI,BC
1401,194.1,1823,2007,IM,OC
1402,194.1,1825,2006,CM,MBC
1403,194.1,1826,2,CH,OC
1404,194.1,1828,2006,EE,BC
1405,194.1,1829,2006,BY,OC
1406,194.1,1830,4,AE,BC
1407,194.1,1831,1,ME,BC
1408,194.1,1832,4,CS,SC
1409,194.1,1833,2006,IM,BCM
1410,194.1,1834,4,AE,MBC
1411,194.1,1835,5008,EC,BC
1412,194.1,1836,2006,BS,OC
1413,194.1,1837,2005,CS,BC
1414,194.0,1838,5008,CM,BC
1415,194.0,1839,2007,EC,OC
1416,194.0,1840,5008,CM,BC
1417,194.0,1841,2007,IM,OC
1418,194.0,1843,5008,IM,OC
1419,194.0,1844,2005,EC,OC
1420,194.0,1845,1219,CS,OC
1421,194.0,1846,1315,EE,OC
1422,194.0,1847,2006,IM,MBC
1423,194.0,1848,1,BY,BC
1424,194.0,1849,2377,CS,BC
1425,194.0,1850,4,EC,BCM
1426,194.0,1851,2005,CS,BC
1427,194.0,1852,4,MF,OC
1428,194.0,1854,2750,EC,OC
1429,194.0,1855,2007,EC,OC
1430,194.0,1856,2007,EC,OC
1431,194.0,1857,4,EI,BC
1432,194.0,1858,1,CM,SC
1433,194.0,1861,2377,CS,BC
1434,194.0,1863,1,EE,BCM
1435,194.0,1865,5008,CM,BC
1436,194.0,1868,1,IE,OC
1437,194.0,1869,2007,EC,OC
1438,194.0,1870,2007,IM,OC
1439,194.0,1871,4,AE,BC
1440,194.0,1872,2005,EC,OC
1441,194.0,1873,1,MA,OC
1442,194.0,1874,1450,CS,OC
1443,194.0,1876,1,BY,BC
1444,194.0,1877,2,IS,OC
1445,194.0,1880,2,CH,OC
1446,194.0,1884,2377,EC,OC
1447,194.0,1887,1315,EE,OC
1448,194.0,1890,4,EI,BC
1449,194.0,1891,1,ME,BC
1450,194.0,1892,1315,EE,OC
1451,194.0,1893,1304,CS,OC
1452,194.0,1894,1,ME,BC
1453,194.0,1895,5008,EC,BC
1454,194.0,1896,4,IM,MBC
1455,194.0,1897,2005,CS,BC
1456,194.0,1898,4,AE,BC
1457,194.0,1899,1399,CS,OC
1458,194.0,1903,4,EI,BC
1459,194.0,1907,1,GI,OC
1460,194.0,1909,1211,AE,OC
1461,194.0,1911,1315,EE,OC
1462,194.0,1912,1315,BM,OC
1463,194.0,1913,1,CM,SC
1464,194.0,1915,5008,CM,BC
1465,194.0,1916,2,CH,OC
1466,194.0,1917,2006,BS,OC
1467,194.0,1918,2007,IM,OC
1468,194.0,1920,4,MF,OC
1469,194.0,1921,1,ME,BC
1470,194.0,1923,1,ME,BC
1471,194.0,1925,5008,IM,OC
1472,194.0,1926,2377,CS,BC
1473,194.0,1927,2006,EE,BC
1474,194.0,1928,2006,CE,OC
1475,194.0,1931,1304,CS,OC
1476,194.0,1933,5008,EC,BC
1477,194.0,1934,1,BY,BC
1478,194.0,1937,2710,AD,OC
1479,194.0,1938,4,IM,MBC
1480,194.0,1939,1315,EE,OC
1481,194.0,1940,1219,CS,OC
1482,194.0,1942,2712,CS,OC
1483,194.0,1944,2006,IY,OC
1484,194.0,1945,1315,EE,OC
1485,194.0,1947,1315,EE,OC
1486,194.0,1949,5008,CS,MBC
1487,194.0,1951,1219,CS,OC
1488,194.0,1952,1315,CS,BCM
1489,194.0,1953,2377,EC,OC
1490,194.0,1954,5008,CM,BC
1491,194.0,1955,5008,EC,BC
1492,194.0,1956,1219,CS,OC
1493,194.0,1959,2006,PR,OC
1494,194.0,1960,1,ME,BCM
1495,194.0,1961,5008,CM,BC
1496,194.0,1963,2007,AT,OC
1497,194.0,1964,1315,EE,OC
1498,194.0,1966,2377,CS,BC
1499,194.0,1967,1211,CS,OC
1500,194.0,1970,4,IM,BCM
1501,194.0,1971,1315,EE,OC
1502,194.0,1972,1,MA,OC
1503,194.0,1973,1399,MZ,OC
1504,194.0,1975,2,FS,OC
1505,194.0,1976,1419,CS,OC
1506,194.0,1981,1,CE,OC
1507,194.0,1982,1210,IT,OC
1508,194.0,1987,5008,CM,BC
1509,194.0,1989,2,CH,OC
1510,194.0,1990,1315,ME,OC
1511,194.0,1991,1219,CS,OC
1512,194.0,1992,1315,EE,BC
1513,194.0,1994,1211,CS,OC
1514,194.0,1995,2007,EC,OC
1515,194.0,1996,2007,EC,OC
1516,194.0,1997,2712,AD,OC
1517,194.0,1998,1,BY,BC
1518,194.0,1999,1219,CS,OC
1519,194.0,2000,1,ME,BC
1520,194.0,2001,2006,RA,OC
1521,194.0,2003,2005,CS,BC
1522,194.0,2004,1,ME,BC
1523,194.0,2006,2006,RA,OC
1524,194.0,2008,1315,EE,BC
1525,194.0,2010,5008,CM,BC
1526,194.0,2011,2007,AT,OC
1527,194.0,2013,4,EC,MBC
1528,194.0,2015,4,EC,MBC
1529,194.0,2016,1219,CS,OC
1530,194.0,2017,2006,ME,OC
1531,194.0,2018,1219,CS,OC
1532,194.0,2020,2007,EC,BC
1533,194.0,2021,1315,EE,BC
1534,194.0,2022,1,CM,SC
1535,194.0,2023,4,IM,MBC
1536,194.0,2024,1317,CS,OC
1537,194.0,2025,1315,ME,OC
1538,194.0,2026,1,ME,BC
1539,194.0,2030,1315,EE,BC
1540,194.0,2031,1219,CS,OC
1541,194.0,2032,1219,CS,OC
1542,194.0,2033,5012,CC,OC
1543,194.0,2034,4,MF,OC
1544,194.0,2036,1,ME,BC
1545,194.0,2037,1,CE,OC
1546,194.0,2038,2005,CS,BC
1547,194.0,2040,2005,EC,OC
1548,194.0,2041,1219,CS,OC
1549,194.0,2042,5008,CM,BC
1550,194.0,2043,1419,CS,OC
1551,194.0,2044,2,IB,BC
1552,194.0,2047,2005,EC,OC
1553,194.0,2048,4,EI,BC
1554,194.0,2053,5008,CM,BC
1555,194.0,2055,1315,CS,MBC
1556,194.0,2056,2007,IM,OC
1557,194.0,2057,4,EC,MBC
1558,194.0,2059,2007,EC,BC
1559,194.0,2061,2,CH,OC
1560,194.0,2062,2006,ES,OC
1561,194.0,2063,5008,EC,BC
1562,194.0,2064,2007,EC,BC
1563,194.0,2066,2007,AT,OC
1564,194.0,2068,2377,CS,BC
1565,194.0,2069,2006,BY,OC
1566,194.0,2070,1317,EC,OC
1567,194.0,2071,1315,BM,OC
1568,194.0,2072,4,EC,MBC
1569,194.0,2073,1219,CS,OC
1570,194.0,2074,2736,CS,OC
1571,194.0,2075,1419,CS,OC
1572,194.0,2076,1399,CS,OC
1573,194.0,2077,5008,EE,OC
1574,194.0,2078,1315,EE,BC
1575,194.0,2079,1,ME,BC
1576,194.0,2080,2006,CM,MBC
1577,194.0,2081,2007,EC,MBC
1578,194.0,2082,5008,CM,MBC
1579,194.0,2083,4,IM,BCM
1580,194.0,2084,4,EC,MBC
1581,194.0,2085,1,EE,MBC
1582,194.0,2086,2005,CS,MBC
1583,194.0,2088,1113,CS,OC
1584,194.0,2091,2006,CM,MBC
1585,194.0,2092,2712,CS,OC
1586,194.0,2093,1,ME,MBC
1587,194.0,2094,1,CE,OC
1588,193.9,2095,2007,EC,BC
1589,193.9,2096,2006,BY,OC
1590,193.9,2097,2712,CS,OC
1591,193.9,2098,2007,IM,OC
1592,193.9,2099,5008,IM,OC
1593,193.9,2100,2007,IM,OC
1594,193.9,2101,1,CS,SCA
1595,193.9,2102,2007,IM,OC
1596,193.9,2103,1219,CS,OC
1597,193.9,2104,5008,IM,OC
1598,193.9,2106,2007,EE,OC
1599,193.9,2107,1315,EE,BC
1600,193.9,2109,2712,CS,OC
1601,193.9,2110,5008,EC,BC
1602,193.9,2111,1315,EE,BC
1603,193.9,2112,3805,AO,OC
1604,193.9,2113,2712,CS,OC
1605,193.9,2114,1,BY,BCM
1606,193.9,2115,2,CH,OC
1607,193.9,2116,2007,AT,OC
1608,193.9,2117,4,EC,BCM
1609,193.9,2119,1,ME,BC
1610,193.9,2120,1315,EE,BC
1611,193.9,2121,2007,EC,BC
1612,193.9,2123,2712,AD,OC
1613,193.9,2124,2377,CS,BC
1614,193.9,2125,1,ME,BC
1615,193.9,2126,1,EE,MBC
1616,193.9,2127,2377,EC,OC
1617,193.9,2128,1419,IT,OC
1618,193.9,2129,2622,AD,OC
1619,193.9,2130,5008,EM,OC
1620,193.9,2131,2007,EC,BC
1621,193.9,2132,1,ME,BC
1622,193.9,2133,1315,BM,OC
1623,193.9,2134,5008,IM,OC
1624,193.9,2135,4,IM,BCM
1625,193.9,2136,1,EM,SC
1626,193.9,2137,2005,IT,OC
1627,193.9,2138,1315,EE,BC
1628,193.9,2139,4974,CS,OC
1629,193.9,2140,5008,CS,MBC
1630,193.9,2141,1399,CS,OC
1631,193.9,2142,1315,EE,BC
1632,193.8,2144,2736,EC,OC
1633,193.8,2145,1317,CS,OC
1634,193.8,2146,4,EC,SC
1635,193.8,2147,4960,CS,OC
1636,193.8,2148,2,IB,BC
1637,193.8,2149,2006,BS,OC
1638,193.8,2150,1399,CS,OC
1639,193.8,2151,1,CE,OC
1640,193.8,2152,2702,AL,OC
1641,193.8,2153,1,EE,BCM
1642,193.8,2154,1,ME,BC
1643,193.8,2155,2006,CM,MBC
1644,193.8,2156,1,ME,BC
1645,193.8,2157,2005,CS,BC
1646,193.8,2158,1,CE,OC
1647,193.8,2159,1315,EE,BC
1648,193.8,2161,2006,BY,OC
1649,193.8,2162,4,EC,MBC
1650,193.8,2163,5008,CW,OC
1651,193.8,2164,1,ME,BC
1652,193.8,2165,2005,EC,OC
1653,193.8,2166,5901,CS,OC
1654,193.8,2167,1,ME,BC
1655,193.8,2169,1315,EE,BC
1656,193.8,2170,2007,EC,BC
1657,193.8,2171,5008,EC,BC
1658,193.8,2172,5008,EE,OC
1659,193.8,2173,1219,CS,OC
1660,193.8,2174,4678,EC,OC
1661,193.8,2175,1219,CS,BC
1662,193.8,2177,1432,EC,OC
1663,193.8,2178,2005,CS,BC
1664,193.8,2179,1419,EC,OC
1665,193.8,2180,2634,AD,OC
1666,193.8,2182,2006,ME,OC
1667,193.8,2183,1219,CS,BC
1668,193.8,2184,2007,AT,OC
1669,193.8,2185,1315,BM,OC
1670,193.8,2187,2718,CS,OC
1671,193.8,2188,5008,EM,OC
1672,193.8,2189,4,EM,BCM
1673,193.8,2190,2007,EE,OC
1674,193.8,2191,2377,EC,OC
1675,193.8,2192,1315,EE,BC
1676,193.8,2193,1315,EE,BC
1677,193.8,2194,2007,EE,OC
1678,193.7,2195,1,ME,MBC
1679,193.7,2196,4,EI,BCM
1680,193.7,2197,1,CM,SC
1681,193.7,2198,5012,CC,OC
1682,193.7,2199,1317,CS,OC
1683,193.7,2201,5008,EC,BC
1684,193.7,2203,2006,ME,OC
1685,193.7,2204,1219,AD,OC
1686,193.7,2206,1315,BM,OC
1687,193.7,2207,2718,CS,OC
1688,193.7,2208,5008,CM,BC
1689,193.7,2209,2007,EC,BC
1690,193.7,2211,2712,CS,OC
1691,193.7,2212,1,ME,BC
1692,193.7,2213,1315,BM,OC
1693,193.7,2214,5008,CS,BCM
1694,193.7,2215,2007,EC,BC
1695,193.7,2217,1211,BM,OC
1696,193.7,2218,4,AU,OC
1697,193.7,2219,2005,CS,MBC
1698,193.7,2220,2712,AE,OC
1699,193.7,2221,2006,EM,MBC
1700,193.7,2222,2007,EC,BC
1701,193.7,2223,2,CH,OC
1702,193.7,2224,2007,IM,BC
1703,193.7,2225,2704,CS,OC
1704,193.7,2226,1,CM,SC
1705,193.7,2228,2712,CS,OC
1706,193.7,2229,1412,EC,OC
1707,193.7,2230,5008,CW,OC
1708,193.7,2231,1149,IT,OC
1709,193.7,2232,2007,EC,BC
1710,193.7,2233,2369,CS,OC
1711,193.7,2234,5008,EM,OC
1712,193.7,2235,2377,EC,OC
1713,193.7,2237,1211,CS,OC
1714,193.7,2238,4960,CS,OC
1715,193.6,2239,2006,IM,MBC
1716,193.6,2240,2007,IM,BC
1717,193.6,2241,1113,CS,OC
1718,193.6,2242,5008,EM,OC
1719,193.6,2244,1,CE,OC
1720,193.6,2245,1,CM,SC
1721,193.6,2247,1315,EE,BC
1722,193.6,2248,2006,IM,BCM
1723,193.6,2249,2006,IY,OC
1724,193.6,2250,2005,EC,OC
1725,193.6,2252,2006,ME,OC
1726,193.6,2253,2712,CS,OC
1727,193.6,2254,1,CE,OC
1728,193.6,2255,1399,CS,OC
1729,193.6,2259,1,GI,OC
1730,193.6,2260,1419,CS,OC
1731,193.6,2261,2006,BS,OC
1732,193.6,2263,2711,CS,OC
1733,193.6,2264,1211,CS,OC
1734,193.6,2265,1315,EE,BC
1735,193.6,2267,1211,AL,OC
1736,193.6,2268,5008,EM,OC
1737,193.6,2269,2,IS,BC
1738,193.6,2271,2006,CM,SCA
1739,193.6,2272,1315,EC,MBC
1740,193.6,2273,2007,CS,MBC
1741,193.6,2274,5008,EM,OC
1742,193.6,2275,1399,CS,OC
1743,193.6,2276,2006,BS,OC
1744,193.6,2277,1216,CH,OC
1745,193.6,2278,1315,BM,OC
1746,193.6,2279,1315,CS,MBC
1747,193.6,2281,2007,IM,BC
1748,193.6,2282,1113,CS,OC
1749,193.6,2283,4,EM,MBC
1750,193.6,2284,4960,CS,OC
1751,193.6,2285,2005,IB,OC
1752,193.6,2286,2005,IT,OC
1753,193.6,2287,3920,CS,OC
1754,193.6,2288,2006,IY,OC
1755,193.6,2289,1128,AD,OC
1756,193.6,2290,4,IM,MBC
1757,193.6,2291,2007,IM,BC
1758,193.5,2293,1,ME,MBC
1759,193.5,2294,4,EM,MBC
1760,193.5,2296,2712,CS,OC
1761,193.5,2297,2007,IM,BC
1762,193.5,2298,1419,CS,OC
1763,193.5,2300,4,EM,BCM
1764,193.5,2301,2006,BS,BC
1765,193.5,2302,1419,AD,OC
1766,193.5,2303,1501,EC,OC
1767,193.5,2304,2007,IM,BC
1768,193.5,2305,4,EM,MBC
1769,193.5,2307,5008,EM,OC
1770,193.5,2308,4,AE,MBC
1771,193.5,2309,2006,CE,OC
1772,193.5,2310,5008,EM,OC
1773,193.5,2311,2712,CS,OC
1774,193.5,2312,2712,IT,OC
1775,193.5,2314,2007,EM,OC
1776,193.5,2315,4,IM,MBC
1777,193.5,2316,2006,IY,OC
1778,193.5,2317,2007,ME,OC
1779,193.5,2318,5008,EM,OC
1780,193.5,2320,1315,BM,OC
1781,193.5,2321,5008,CE,OC
1782,193.5,2323,1315,BM,OC
1783,193.5,2324,4,EM,MBC
1784,193.5,2326,1,CE,OC
1785,193.5,2328,1315,EE,BC
1786,193.5,2329,1,ME,BC
1787,193.5,2331,2006,RA,OC
1788,193.5,2332,1317,CS,OC
1789,193.5,2333,4,AU,OC
1790,193.5,2337,1219,CS,BC
1791,193.5,2338,1315,EE,BC
1792,193.5,2339,2006,CM,MBC
1793,193.5,2340,1,GI,OC
1794,193.5,2342,2005,IT,OC
1795,193.5,2343,2007,AT,OC
1796,193.5,2345,2007,IM,BC
1797,193.5,2347,1,ME,BCM
1798,193.5,2348,1315,EC,MBC
1799,193.5,2349,1419,CS,OC
1800,193.5,2351,1315,EC,MBC
1801,193.5,2352,1219,CS,BC
1802,193.5,2354,1,ME,BC
1803,193.5,2355,2007,EC,BC
1804,193.5,2356,1315,BM,OC
1805,193.5,2358,2007,EC,BC
1806,193.5,2359,1,EM,SC
1807,193.5,2361,1113,CS,OC
1808,193.5,2363,2712,CS,OC
1809,193.5,2365,5008,IM,OC
1810,193.5,2366,2006,BY,OC
1811,193.5,2369,1219,CS,BC
1812,193.5,2371,2712,BT,OC
1813,193.5,2373,2025,CS,OC
1814,193.5,2374,5008,IM,OC
1815,193.5,2375,1,ME,BC
1816,193.5,2376,2006,BY,OC
1817,193.5,2377,2007,IM,BC
1818,193.5,2378,1,ME,BC
1819,193.5,2379,4,IM,MBC
1820,193.5,2380,2007,CS,MBC
1821,193.5,2382,2006,RA,OC
1822,193.5,2384,2377,EC,OC
1823,193.5,2385,2006,IM,MBC
1824,193.5,2389,1,ME,BC
1825,193.5,2389,1,CE,BC
1826,193.5,2390,1,BY,BCM
1827,193.5,2391,2007,IM,MBC
1828,193.5,2392,2005,EC,OC
1829,193.5,2394,2007,EC,BC
1830,193.5,2395,2007,IM,BC
1831,193.5,2397,2006,BS,BC
1832,193.5,2398,1,ME,BC
1833,193.5,2399,5008,IM,OC
1834,193.5,2403,2005,EE,OC
1835,193.5,2404,4,MF,OC
1836,193.5,2406,2006,BY,OC
1837,193.5,2407,1,CM,SC
1838,193.5,2408,2007,AT,OC
1839,193.5,2409,2006,ME,OC
1840,193.5,2410,2,IS,BC
1841,193.5,2412,2377,EC,OC
1842,193.5,2413,1219,IT,OC
1843,193.5,2414,4,AU,OC
1844,193.5,2415,2,IB,MBC
1845,193.5,2416,2006,EM,MBC
1846,193.5,2417,2005,CS,MBC
1847,193.5,2418,5008,IM,OC
1848,193.5,2419,2,CH,BC
1849,193.5,2422,1419,CS,OC
1850,193.5,2426,1304,CS,OC
1851,193.5,2427,1219,CS,BC
1852,193.5,2428,1,CM,SC
1853,193.5,2429,4944,EC,OC
1854,193.5,2431,2006,RA,OC
1855,193.5,2432,1219,CS,BC
1856,193.5,2433,1419,EC,OC
1857,193.5,2434,2615,CS,OC
1858,193.5,2435,5901,CS,OC
1859,193.5,2436,2006,IM,MBC
1860,193.5,2437,5008,IM,OC
1861,193.5,2438,1,IE,OC
1862,193.5,2439,1,GI,OC
1863,193.5,2440,2712,CS,OC
1864,193.5,2441,1399,CS,OC
1865,193.5,2442,2610,IT,OC
1866,193.5,2443,2007,CM,MBC
1867,193.5,2444,2005,IT,OC
1868,193.5,2445,2007,EC,BC
1869,193.5,2446,2007,EM,OC
1870,193.5,2447,2006,RA,OC
1871,193.5,2448,5008,CS,MBC
1872,193.5,2450,1317,CS,OC
1873,193.5,2451,5008,EM,OC
1874,193.5,2452,5008,IM,OC
1875,193.5,2453,2702,CS,OC
1876,193.5,2455,2007,AT,BC
1877,193.5,2456,2005,EC,OC
1878,193.5,2457,2377,EC,OC
1879,193.4,2458,5008,EE,OC
1880,193.4,2459,2,IS,BC
1881,193.4,2460,5008,IM,OC
1882,193.4,2461,2006,BS,BC
1883,193.4,2462,1219,CS,BC
1884,193.4,2463,1419,ME,OC
1885,193.4,2464,5008,EC,MBC
1886,193.4,2465,1,GI,OC
1887,193.4,2466,4974,CS,OC
1888,193.4,2470,2005,CS,MBC
1889,193.4,2472,5008,IM,OC
1890,193.4,2473,2007,IM,MBC
1891,193.4,2475,4,CS,SC
1892,193.4,2476,4,MF,OC
1893,193.4,2477,2006,ES,OC
1894,193.4,2478,2712,MZ,OC
1895,193.4,2479,1315,IT,BCM
1896,193.4,2480,2005,EC,OC
1897,193.4,2482,5008,EE,OC
1898,193.4,2483,2007,EM,OC
1899,193.4,2484,2005,EC,OC
1900,193.4,2485,1,CE,BC
1901,193.4,2488,4,MF,OC
1902,193.4,2491,2377,EC,OC
1903,193.4,2492,1399,CS,OC
1904,193.4,2493,2,IS,BC
1905,193.4,2494,2,CH,MBC
1906,193.4,2495,2006,EE,BCM
1907,193.4,2497,2,IB,MBC
1908,193.4,2498,5008,IM,OC
1909,193.4,2499,4,EM,MBC
1910,193.4,2500,2005,IT,OC
1911,193.4,2502,1219,CS,BC
1912,193.4,2503,2007,AT,BC
1913,193.4,2505,1113,AD,OC
1914,193.4,2506,2005,EC,OC
1915,193.4,2508,2007,CS,MBC
1916,193.4,2509,1219,EC,OC
1917,193.4,2510,2005,IT,OC
1918,193.4,2511,2712,CS,BC
1919,193.4,2512,2,CH,BC
1920,193.3,2513,1315,IT,MBC
1921,193.3,2514,2005,IT,OC
1922,193.3,2516,4,CS,SCA
1923,193.3,2517,1211,CS,OC
1924,193.3,2517,4,EM,MBC
1925,193.3,2518,1211,CS,OC
1926,193.3,2519,2007,EM,OC
1927,193.3,2524,2712,CS,BC
1928,193.3,2525,2006,RA,OC
1929,193.3,2526,2712,IT,OC
1930,193.3,2527,1,CE,MBC
1931,193.3,2529,2712,EC,OC
1932,193.3,2530,5008,IM,OC
1933,193.3,2531,2712,IT,OC
1934,193.3,2533,1399,CS,OC
1935,193.3,2534,2712,CS,BC
1936,193.3,2535,1315,IT,MBC
1937,193.3,2536,4917,CS,OC
1938,193.3,2537,1399,CS,OC
1939,193.3,2538,2007,EM,OC
1940,193.3,2539,1,ME,MBC
1941,193.3,2542,2007,EM,OC
1942,193.3,2542,2007,ME,OC
1943,193.3,2543,1399,CS,OC
1944,193.3,2546,2005,IT,OC
1945,193.3,2547,2007,CS,MBC
1946,193.3,2548,2007,EM,OC
1947,193.3,2550,2615,MT,OC
1948,193.3,2551,5008,IM,OC
1949,193.3,2553,1219,CS,MBC
1950,193.3,2555,2005,EC,BC
1951,193.3,2556,2377,EC,OC
1952,193.3,2558,1,ME,BCM
1953,193.3,2559,1,BY,MBC
1954,193.3,2560,2,CH,BC
1955,193.3,2561,2005,IT,OC
1956,193.3,2563,4,CS,SCA
1957,193.3,2564,2005,CS,MBC
1958,193.3,2565,2005,IT,OC
1959,193.3,2567,2007,EM,OC
1960,193.2,2568,2005,IB,OC
1961,193.2,2569,2006,RA,OC
1962,193.2,2570,2005,IT,OC
1963,193.2,2571,5,AM,OC
1964,193.2,2572,1432,CS,OC
1965,193.2,2573,5008,IM,OC
1966,193.2,2575,5008,IM,OC
1967,193.2,2576,1,CE,BC
1968,193.2,2577,2005,EC,BC
1969,193.2,2578,2712,IT,OC
1970,193.2,2579,2712,CS,BC
1971,193.2,2581,2712,CS,MBC
1972,193.2,2582,2712,CS,BC
1973,193.2,2583,2712,EC,OC
1974,193.2,2584,1,CE,BC
1975,193.2,2585,2007,CS,MBC
1976,193.2,2586,4,MF,OC
1977,193.2,2587,1211,CS,OC
1978,193.2,2588,1315,BM,BC
1979,193.2,2589,4,EM,MBC
1980,193.2,2590,2005,CS,SC
1981,193.2,2593,2006,ME,BC
1982,193.2,2594,2006,RA,OC
1983,193.2,2595,2005,IT,OC
1984,193.2,2596,4,MF,OC
1985,193.2,2597,2005,EE,OC
1986,193.2,2598,2006,IM,MBC
1987,193.2,2599,4,AU,OC
1988,193.2,2601,1219,CS,BC
1989,193.2,2602,5008,EM,OC
1990,193.2,2603,4,MF,OC
1991,193.2,2604,2712,CS,BC
1992,193.2,2605,2005,IT,BC
1993,193.2,2606,1,CE,BC
1994,193.2,2607,1,CE,BC
1995,193.2,2608,1,CE,BC
1996,193.2,2609,1,CE,BC
1997,193.2,2611,1317,CS,OC
1998,193.2,2614,2005,CS,MBC
1999,193.2,2615,2007,EM,OC
2000,193.2,2616,1,EM,SC
2001,193.2,2617,1113,CS,OC
2002,193.2,2618,2377,EC,BC
2003,193.2,2619,5008,EM,OC
2004,193.2,2620,2005,IT,BC
2005,193.2,2621,4,MF,OC
2006,193.2,2624,2005,IT,BC
2007,193.2,2625,1,BY,MBC
2008,193.2,2626,4,AE,BCM
2009,193.2,2627,2005,EC,BC
2010,193.2,2628,2005,CS,MBC
2011,193.2,2633,1211,CS,OC
2012,193.2,2635,1315,IT,MBC
2013,193.2,2637,2005,IT,BC
2014,193.2,2638,5008,EM,OC
2015,193.2,2639,5008,IM,OC
2016,193.2,2640,4,EM,MBC
2017,193.2,2641,1,MN,OC
2018,193.2,2643,2006,IM,MBC
2019,193.2,2644,1,MA,OC
2020,193.2,2645,1211,IT,OC
2021,193.2,2646,2615,CS,OC
2022,193.2,2648,1,GI,OC
2023,193.1,2649,2377,EC,BC
2024,193.1,2650,2377,EC,MBC
2025,193.1,2651,2005,EC,BC
2026,193.1,2652,2006,RA,OC
2027,193.1,2653,2377,EC,BC
2028,193.1,2654,2,CH,MBC
2029,193.1,2655,2006,IM,MBC
2030,193.1,2656,1399,CS,OC
2031,193.1,2657,4,EI,BCM
2032,193.1,2658,4,AE,MBC
2033,193.1,2659,2006,ME,BC
2034,193.1,2660,1219,IT,OC
2035,193.1,2661,2622,EC,OC
2036,193.1,2662,2006,IM,MBC
2037,193.1,2664,2005,IT,BC
2038,193.1,2665,5008,EM,OC
2039,193.1,2666,2006,ME,BC
2040,193.1,2667,2007,EE,OC
2041,193.1,2668,4,EM,MBC
2042,193.1,2669,2005,EC,BC
2043,193.1,2673,2712,CS,BC
2044,193.1,2674,5008,EM,BC
2045,193.1,2675,1315,EC,MBC
2046,193.1,2676,4,EM,MBC
2047,193.1,2677,5008,CW,OC
2048,193.1,2679,2377,EC,BC
2049,193.1,2680,2005,EC,BC
2050,193.1,2681,2712,EC,OC
2051,193.1,2682,2712,IT,OC
2052,193.1,2683,2712,CS,BC
2053,193.1,2684,2006,BY,OC
2054,193.1,2685,2007,EM,OC
2055,193.1,2686,2006,IM,MBC
2056,193.1,2687,2712,IT,OC
2057,193.1,2688,2007,EM,BC
2058,193.1,2689,1399,CS,OC
2059,193.1,2690,2712,CS,BC
2060,193.1,2691,5008,EM,BC
2061,193.1,2692,2712,CS,BC
2062,193.1,2693,1,GI,MBC
2063,193.1,2695,2007,EM,BC
2064,193.1,2697,2007,ME,OC
2065,193.1,2699,2007,AT,BC
2066,193.1,2700,5008,IM,OC
2067,193.1,2701,2006,RA,OC
2068,193.1,2702,2006,FY,OC
2069,193.1,2703,4,MF,OC
2070,193.1,2705,2005,EC,BC
2071,193.1,2706,1211,CS,OC
2072,193.1,2708,2007,EM,BC
2073,193.1,2709,2005,EE,OC
2074,193.1,2710,4,AE,MBC
2075,193.1,2711,5008,IM,BC
2076,193.1,2712,1237,CS,OC
2077,193.0,2714,1219,EC,OC
2078,193.0,2715,2007,CS,BCM
2079,193.0,2716,2006,ME,MBC
2080,193.0,2717,1211,CS,OC
2081,193.0,2718,2,PM,OC
2082,193.0,2719,2005,CS,MBC
2083,193.0,2722,5008,IM,BC
2084,193.0,2723,2007,EM,BC
2085,193.0,2724,2610,EC,OC
2086,193.0,2725,2007,AT,BC
2087,193.0,2726,2620,EC,OC
2088,193.0,2728,1,CE,BC
2089,193.0,2729,2711,AD,OC
2090,193.0,2730,1315,EC,MBC
2091,193.0,2731,3811,CS,OC
2092,193.0,2732,1,EM,SC
2093,193.0,2733,5008,EC,MBC
2094,193.0,2735,5008,IM,BC
2095,193.0,2736,4,AE,SC
2096,193.0,2737,2005,IT,BC
2097,193.0,2738,2006,EE,MBC
2098,193.0,2739,1,CE,SC
2099,193.0,2740,2005,IT,BC
2100,193.0,2741,2007,EM,MBC
2101,193.0,2743,1211,CS,OC
2102,193.0,2745,2005,IT,BC
2103,193.0,2746,5008,IM,BC
2104,193.0,2748,1,MI,OC
2105,193.0,2750,1,ME,SC
2106,193.0,2751,5008,EM,BC
2107,193.0,2752,2007,CH,OC
2108,193.0,2753,1,CE,BC
2109,193.0,2755,5008,EM,BC
2110,193.0,2756,4,EC,SC
2111,193.0,2757,2718,CS,OC
2112,193.0,2758,2007,AT,BC
2113,193.0,2759,5008,IM,BC
2114,193.0,2760,2005,EC,BC
2115,193.0,2761,5008,EE,OC
2116,193.0,2762,1,CM,SC
2117,193.0,2763,1,MA,OC
2118,193.0,2765,4,MF,OC
2119,193.0,2766,2,IB,MBC
2120,193.0,2767,4,EC,SC
2121,193.0,2768,2006,EC,MBC
2122,193.0,2769,4,CS,SC
2123,193.0,2770,2006,ME,BC
2124,193.0,2771,2615,CS,OC
2125,193.0,2772,1,MN,OC
2126,193.0,2773,1211,CS,OC
2127,193.0,2775,1315,IT,BCM
2128,193.0,2776,1315,IT,MBC
2129,193.0,2777,1219,AD,OC
2130,193.0,2781,1219,CS,BC
2131,193.0,2783,2005,IT,BC
2132,193.0,2784,2712,CS,BC
2133,193.0,2786,1315,IT,MBC
2134,193.0,2788,4,MF,OC
2135,193.0,2790,1315,ME,OC
2136,193.0,2793,2601,BT,OC
2137,193.0,2794,5008,CW,OC
2138,193.0,2797,1399,AD,OC
2139,193.0,2800,2005,EC,MBC
2140,193.0,2801,1,MN,OC
2141,193.0,2802,2,FS,OC
2142,193.0,2803,4,MF,BC
2143,193.0,2804,1315,IT,BCM
2144,193.0,2806,2712,CS,BC
2145,193.0,2807,2007,EE,OC
2146,193.0,2812,2377,EC,BC
2147,193.0,2813,2006,MF,OC
2148,193.0,2814,2007,EM,BC
2149,193.0,2815,4,MF,MBC
2150,193.0,2816,1,ME,MBC
2151,193.0,2817,5901,CS,OC
2152,193.0,2820,1219,IT,OC
2153,193.0,2821,2712,EC,OC
2154,193.0,2822,4,PR,OC
2155,193.0,2823,2377,EC,BC
2156,193.0,2824,2712,CS,BC
2157,193.0,2826,5008,IM,BC
2158,193.0,2827,4,AE,BCM
2159,193.0,2832,5008,EM,BC
2160,193.0,2833,2006,IY,OC
2161,193.0,2835,5008,IM,BC
2162,193.0,2837,1315,IT,MBC
2163,193.0,2840,1419,EC,OC
2164,193.0,2842,2007,AT,BC
2165,193.0,2843,2,PM,OC
2166,193.0,2844,1315,BM,BC
2167,193.0,2845,2006,BY,OC
2168,193.0,2847,4,EI,MBC
2169,193.0,2848,1315,EC,BCM
2170,193.0,2849,5008,EM,BC
2171,193.0,2850,2007,AT,BC
2172,193.0,2851,1315,ME,OC
2173,193.0,2852,1211,EC,OC
2174,193.0,2854,5012,CC,OC
2175,193.0,2857,2006,EC,MBC
2176,193.0,2858,1315,CH,OC
2177,193.0,2859,1315,ME,OC
2178,193.0,2862,2712,CS,BC
2179,193.0,2863,1,EE,SC
2180,193.0,2864,2006,ES,OC
2181,193.0,2865,1219,IT,OC
2182,193.0,2866,5008,IM,BC
2183,193.0,2868,2007,AT,BC
2184,193.0,2871,1315,EE,MBC
2185,193.0,2874,2712,CS,BC
2186,193.0,2875,2006,ME,BC
2187,193.0,2876,2025,CS,OC
2188,193.0,2877,1419,CS,OC
2189,193.0,2880,1,GI,BC
2190,193.0,2882,2006,CE,OC
2191,193.0,2883,4,MF,BC
2192,193.0,2886,2718,EC,OC
2193,193.0,2887,5008,IM,BC
2194,193.0,2888,2377,EC,BC
2195,193.0,2889,2712,CS,BC
2196,193.0,2891,2005,EC,BC
2197,193.0,2892,2377,EE,OC
2198,193.0,2894,1315,EE,BCM
2199,193.0,2895,4,MF,BC
2200,193.0,2896,1,ME,BCM
2201,193.0,2898,1315,ME,OC
2202,193.0,2899,5008,IM,BC
2203,193.0,2901,1,ME,MBC
2204,193.0,2902,4,MF,BC
2205,193.0,2905,1315,IT,MBC
2206,193.0,2906,2007,EM,BC
2207,193.0,2907,2712,CS,BC
2208,193.0,2908,1,MA,OC
2209,193.0,2909,2,FS,OC
2210,193.0,2911,2712,BT,OC
2211,193.0,2916,1315,BM,BC
2212,193.0,2917,4,MF,BC
2213,193.0,2918,5008,EE,OC
2214,193.0,2920,2007,AT,BC
2215,193.0,2921,2377,CS,MBC
2216,193.0,2922,1,CM,SC
2217,193.0,2924,3011,ME,OC
2218,193.0,2925,1113,CS,OC
2219,193.0,2926,1211,CS,OC
2220,193.0,2931,1,CE,BC
2221,193.0,2934,4,AE,MBC
2222,193.0,2935,4,AE,MBC
2223,193.0,2936,1315,CE,OC
2224,193.0,2937,1,BY,MBC
2225,193.0,2938,1315,EE,MBC
2226,193.0,2939,1315,ME,OC
2227,193.0,2940,1,CM,SC
2228,193.0,2944,1211,CS,OC
2229,193.0,2945,2377,EC,BC
2230,193.0,2946,1315,IT,MBC
2231,193.0,2947,2007,EM,BC
2232,193.0,2949,2377,CS,MBC
2233,193.0,2952,4,MF,BC
2234,193.0,2953,1317,CS,OC
2235,193.0,2954,2718,CS,OC
2236,193.0,2955,1304,IT,OC
2237,193.0,2956,1304,CS,OC
2238,193.0,2957,2006,ME,BC
2239,193.0,2960,2712,CS,BC
2240,193.0,2962,1219,CS,BC
2241,193.0,2963,2007,EM,BC
2242,193.0,2965,3801,CS,OC
2243,193.0,2966,2006,EC,MBC
2244,193.0,2968,2718,CS,OC
2245,193.0,2969,2007,AT,BC
2246,193.0,2970,1,CE,BC
2247,193.0,2973,2712,IT,OC
2248,193.0,2974,4,AE,MBC
2249,193.0,2976,1211,EC,OC
2250,193.0,2979,1315,ME,OC
2251,193.0,2985,4,EI,MBC
2252,193.0,2988,1,MA,OC
2253,193.0,2990,1315,CH,OC
2254,193.0,2991,1,IE,OC
2255,193.0,2992,2,CL,OC
2256,193.0,2993,4,MF,BC
2257,193.0,2994,5008,IM,BC
2258,193.0,2996,2,FS,OC
2259,193.0,2997,2007,EE,OC
2260,193.0,2999,1,BY,MBC
2261,193.0,3001,2712,MZ,OC
2262,193.0,3003,1,GI,BC
2263,193.0,3005,2005,IT,BC
2264,193.0,3006,4,EI,MBC
2265,193.0,3007,2377,EC,BC
2266,193.0,3009,2,PM,OC
2267,193.0,3010,5012,CC,MBC
2268,193.0,3013,1315,ME,OC
2269,193.0,3014,1315,IT,MBC
2270,193.0,3016,1399,AD,OC
2271,193.0,3017,2712,EC,OC
2272,193.0,3018,2,FS,OC
2273,193.0,3019,2377,EE,OC
2274,193.0,3021,2005,EC,BC
2275,193.0,3022,2005,EC,BC
2276,193.0,3023,2005,CS,MBC
2277,193.0,3024,4,AE,MBC
2278,193.0,3025,2005,EC,MBC
2279,193.0,3027,2712,AD,OC
2280,193.0,3028,1,GI,MBC
2281,193.0,3031,3830,CS,OC
2282,193.0,3032,1315,CS,SC
2283,193.0,3033,2712,IT,OC
2284,193.0,3034,2718,CS,OC
2285,193.0,3035,2708,BM,OC
2286,193.0,3036,2006,EE,MBC
2287,193.0,3037,1399,CS,BC
2288,193.0,3039,5008,IM,BC
2289,193.0,3040,5008,EM,BC
2290,193.0,3041,2750,AE,OC
2291,193.0,3044,1317,CS,OC
2292,193.0,3045,1315,EC,BCM
2293,193.0,3046,2005,EC,BC
2294,193.0,3047,1399,CS,BC
2295,192.9,3048,2622,BM,OC
2296,192.9,3053,2712,IT,OC
2297,192.9,3055,3011,BT,OC
2298,192.9,3056,5008,EE,OC
2299,192.9,3057,2005,EE,OC
2300,192.9,3058,1399,CS,MBC
2301,192.9,3061,2007,EM,BC
2302,192.9,3063,1,MI,OC
2303,192.9,3064,2,PM,OC
2304,192.9,3065,1399,CS,MBC
2305,192.9,3066,2712,IT,OC
2306,192.9,3067,2712,IT,OC
2307,192.9,3068,2615,EC,OC
2308,192.9,3069,2,CH,BC
2309,192.9,3070,1219,CS,BC
2310,192.9,3071,4,RP,OC
2311,192.9,3073,5901,CS,OC
2312,192.9,3076,2005,IT,BC
2313,192.9,3077,5,CH,OC
2314,192.9,3079,2007,EE,OC
2315,192.9,3080,5008,EE,OC
2316,192.9,3084,2006,BS,BC
2317,192.9,3085,2006,IM,MBC
2318,192.9,3087,2,FS,OC
2319,192.9,3088,5008,CM,MBC
2320,192.9,3089,2718,CS,OC
2321,192.9,3090,1419,CS,OC
2322,192.9,3092,2712,IT,OC
2323,192.9,3093,1399,CS,BC
2324,192.9,3094,2615,CS,OC
2325,192.9,3095,2702,CS,OC
2326,192.9,3096,1315,CH,OC
2327,192.9,3097,1113,CS,OC
2328,192.9,3098,2007,EE,OC
2329,192.9,3099,2712,IT,BC
2330,192.8,3102,2005,EC,BC
2331,192.8,3103,4,MF,BC
2332,192.8,3104,1211,EC,OC
2333,192.8,3105,2005,EC,BC
2334,192.8,3106,1,CE,BC
2335,192.8,3107,2007,ME,OC
2336,192.8,3108,1315,EC,MBC
2337,192.8,3109,2712,EC,OC
2338,192.8,3110,1315,EC,BCM
2339,192.8,3112,2005,IT,BC
2340,192.8,3113,5008,EE,OC
2341,192.8,3114,2615,CS,OC
2342,192.8,3115,2007,EY,OC
2343,192.8,3116,4,MF,BC
2344,192.8,3117,1,PT,OC
2345,192.8,3118,2006,EE,MBC
2346,192.8,3119,1317,CS,OC
2347,192.8,3120,1211,EC,OC
2348,192.8,3121,5008,EM,BC
2349,192.8,3122,1219,CS,BC
2350,192.8,3123,5008,IM,BC
2351,192.8,3125,5012,CC,BC
2352,192.8,3126,4678,CS,OC
2353,192.8,3127,2005,EE,OC
2354,192.8,3128,3819,ME,OC
2355,192.8,3129,2006,IM,MBC
2356,192.8,3130,1315,EC,MBC
2357,192.8,3132,1219,CS,BC
2358,192.8,3135,2,AP,OC
2359,192.8,3136,1315,BM,BC
2360,192.8,3137,2007,EM,BC
2361,192.8,3141,1315,IT,MBC
2362,192.8,3142,2006,BS,BC
2363,192.8,3143,1219,EC,OC
2364,192.8,3144,4955,AD,OC
2365,192.8,3148,2711,CS,OC
2366,192.8,3149,2005,IT,BC
2367,192.8,3150,2006,EM,BCM
2368,192.8,3151,1,IE,OC
2369,192.8,3152,4981,EC,OC
2370,192.8,3153,2007,EE,OC
2371,192.8,3154,2007,IM,MBC
2372,192.8,3156,1211,CS,OC
2373,192.8,3157,2006,EC,SC
2374,192.8,3158,2622,ME,OC
2375,192.8,3159,5008,IM,BC
2376,192.8,3162,2615,CS,OC
2377,192.8,3163,2607,IT,OC
2378,192.8,3165,5901,CS,OC
2379,192.8,3166,1315,IT,MBC
2380,192.8,3167,1419,CS,OC
2381,192.8,3168,2005,EI,OC
2382,192.8,3169,1219,IT,OC
2383,192.8,3170,2005,IT,BC
2384,192.8,3171,1399,EC,OC
2385,192.8,3174,2,CH,BC
2386,192.7,3176,2005,EI,OC
2387,192.7,3177,4,AE,SC
2388,192.7,3178,2712,IT,BC
2389,192.7,3179,2006,ME,BC
2390,192.7,3180,1219,CS,BC
2391,192.7,3181,2005,IT,BC
2392,192.7,3183,2006,BS,BC
2393,192.7,3184,1315,BM,BC
2394,192.7,3185,5,AM,OC
2395,192.7,3187,5008,IM,BC
2396,192.7,3188,2025,EC,OC
2397,192.7,3189,1026,CS,OC
2398,192.7,3190,2006,CM,SC
2399,192.7,3191,5008,CW,OC
2400,192.7,3192,1211,CB,OC
2401,192.7,3194,1219,EC,OC
2402,192.7,3195,1304,CS,OC
2403,192.7,3200,1399,CS,BC
2404,192.7,3201,2006,EC,MBC
2405,192.7,3202,5008,IM,BC
2406,192.7,3203,4,EC,SC
2407,192.7,3204,4,CS,SC
2408,192.7,3205,5008,IM,BC
2409,192.7,3206,1432,CS,OC
2410,192.7,3207,5008,CS,SC
2411,192.7,3208,1419,CS,OC
2412,192.7,3210,2005,IT,MBC
2413,192.7,3212,1,ME,MBC
2414,192.7,3213,2718,CS,OC
2415,192.7,3214,2739,EC,OC
2416,192.7,3217,2607,BT,OC
2417,192.7,3218,5008,EE,OC
2418,192.7,3219,2739,EC,OC
2419,192.7,3221,2712,IT,BC
2420,192.7,3222,4,AE,MBC
2421,192.7,3224,1211,CS,OC
2422,192.7,3225,2006,EM,BCM
2423,192.7,3226,1,GI,BC
2424,192.7,3227,1,CE,BC
2425,192.7,3228,1219,EC,OC
2426,192.7,3229,2005,EI,OC
2427,192.7,3230,5008,EM,BC
2428,192.7,3231,2712,EC,OC
2429,192.7,3232,1219,BT,OC
2430,192.7,3233,1,GI,MBC
2431,192.7,3234,1315,EC,MBC
2432,192.7,3236,5008,IM,BC
2433,192.7,3237,5008,EM,BC
2434,192.7,3238,2702,AG,OC
2435,192.7,3240,2006,BS,BC
2436,192.7,3241,1219,IT,OC
2437,192.7,3242,2712,IT,BC
2438,192.7,3243,1315,EC,MBC
2439,192.7,3244,5008,CS,MBC
2440,192.7,3245,2615,CS,OC
2441,192.7,3246,2006,EC,MBC
2442,192.7,3247,2712,IT,BC
2443,192.7,3248,5008,IM,BC
2444,192.7,3249,1315,ME,OC
2445,192.7,3250,1315,EC,MBC
2446,192.7,3251,2006,CE,OC
2447,192.7,3252,1,GI,BC
2448,192.6,3254,2615,CS,OC
2449,192.6,3256,2718,CS,OC
2450,192.6,3257,2007,CS,MBC
2451,192.6,3258,4,CS,SC
2452,192.6,3259,1219,CS,BC
2453,192.6,3261,1219,EC,OC
2454,192.6,3262,1419,ME,OC
2455,192.6,3263,2005,EE,OC
2456,192.6,3265,2006,EC,MBC
2457,192.6,3266,2718,IT,OC
2458,192.6,3267,2377,CS,MBC
2459,192.6,3268,1219,IT,OC
2460,192.6,3269,2025,CS,OC
2461,192.6,3271,1419,CS,OC
2462,192.6,3272,1,ME,MBC
2463,192.6,3273,4960,AD,OC
2464,192.6,3274,5008,CW,OC
2465,192.6,3276,1219,EC,OC
2466,192.6,3278,2006,RA,BC
2467,192.6,3279,2745,EC,OC
2468,192.6,3280,1,ME,MBC
2469,192.6,3282,4024,ME,OC
2470,192.6,3285,1,CE,MBC
2471,192.6,3286,5008,IM,BC
2472,192.6,3287,2006,BS,MBC
2473,192.6,3288,4,MF,BC
2474,192.6,3289,2653,ME,OC
2475,192.6,3292,5008,EM,MBC
2476,192.6,3293,5008,EE,OC
2477,192.6,3295,2007,EE,OC
2478,192.6,3296,2006,BY,OC
2479,192.6,3297,4981,ME,OC
2480,192.6,3298,2712,MZ,OC
2481,192.6,3299,1211,EC,OC
2482,192.6,3300,2007,CS,BCM
2483,192.6,3302,2615,CS,OC
2484,192.6,3303,1211,CS,OC
2485,192.6,3304,2712,AD,OC
2486,192.6,3307,2377,EE,OC
2487,192.6,3308,2712,AD,OC
2488,192.6,3309,2006,BY,BC
2489,192.6,3310,2,CH,BC
2490,192.6,3312,1,GI,MBC
2491,192.6,3314,5008,CS,SC
2492,192.6,3315,2025,CS,OC
2493,192.6,3316,1,EM,SC
2494,192.6,3317,4,MF,BC
2495,192.6,3318,1419,EE,OC
2496,192.6,3319,5901,CS,OC
2497,192.6,3320,5008,EE,OC
2498,192.6,3321,2712,IT,BC
2499,192.6,3322,2615,CS,OC
2500,192.6,3326,4,MF,BC
2501,192.5,3328,2712,EC,OC
2502,192.5,3329,2653,CS,OC
2503,192.5,3331,2741,CS,OC
2504,192.5,3332,4023,EC,OC
2505,192.5,3334,4,PR,OC
2506,192.5,3335,1399,CS,BC
2507,192.5,3337,2702,CS,OC
2508,192.5,3338,2007,CM,BCM
2509,192.5,3339,5008,CW,OC
2510,192.5,3340,4,MF,BC
2511,192.5,3341,5008,EC,MBC
2512,192.5,3342,1,GI,BC
2513,192.5,3343,1,IE,OC
2514,192.5,3344,1210,CS,OC
2515,192.5,3346,1,IM,SC
2516,192.5,3347,2712,IT,BC
2517,192.5,3348,2005,EC,MBC
2518,192.5,3349,2005,EE,OC
2519,192.5,3351,1211,BM,OC
2520,192.5,3352,2712,IT,BC
2521,192.5,3353,2719,CJ,OC
2522,192.5,3357,2006,MF,OC
2523,192.5,3361,1399,CS,BC
2524,192.5,3362,1315,IT,MBC
2525,192.5,3364,1315,CH,OC
2526,192.5,3367,2377,EE,OC
2527,192.5,3368,2718,CS,OC
2528,192.5,3369,2007,EE,OC
2529,192.5,3372,1315,ME,OC
2530,192.5,3373,2006,BY,BC
2531,192.5,3374,5008,EY,OC
2532,192.5,3375,1304,CS,OC
2533,192.5,3377,1219,CS,BC
2534,192.5,3379,2722,CS,OC
2535,192.5,3380,1116,CS,OC
2536,192.5,3381,2006,ME,BC
2537,192.5,3382,1,CE,MBC
2538,192.5,3384,2712,BT,OC
2539,192.5,3386,2006,RA,MBC
2540,192.5,3387,1,MN,OC
2541,192.5,3388,1516,CS,OC
2542,192.5,3389,5008,EY,OC
2543,192.5,3390,1219,CS,BC
2544,192.5,3391,1219,CS,BC
2545,192.5,3395,1219,AD,OC
2546,192.5,3397,1,BY,MBC
2547,192.5,3398,2006,EC,MBC
2548,192.5,3399,1315,ME,OC
2549,192.5,3400,1219,EC,OC
2550,192.5,3403,5012,CC,MBC
2551,192.5,3404,1219,IT,OC
2552,192.5,3405,2006,ES,OC
2553,192.5,3406,2005,EC,MBC
2554,192.5,3408,1211,CS,OC
2555,192.5,3409,1211,CS,OC
2556,192.5,3413,5008,CW,OC
2557,192.5,3414,1399,CS,MBC
2558,192.5,3419,2006,RA,BC
2559,192.5,3420,1219,CS,BC
2560,192.5,3421,5012,CC,BC
2561,192.5,3422,2,PM,OC
2562,192.5,3423,2005,EI,OC
2563,192.5,3424,4,MF,BC
2564,192.5,3425,2006,ME,BC
2565,192.5,3427,2007,EE,OC
2566,192.5,3430,1315,ME,OC
2567,192.5,3433,2005,EC,MBC
2568,192.5,3434,5901,EC,OC
2569,192.5,3435,2,IB,MBC
2570,192.5,3437,2006,BY,BC
2571,192.5,3441,1315,EC,MBC
2572,192.5,3442,1219,EC,OC
2573,192.5,3443,1113,CS,OC
2574,192.5,3445,1211,BT,OC
2575,192.5,3446,1315,BM,BC
2576,192.5,3448,1219,CS,BC
2577,192.5,3449,2712,IT,BC
2578,192.5,3454,5008,EC,BCM
2579,192.5,3455,1219,AD,OC
2580,192.5,3458,1219,IT,OC
2581,192.5,3459,2,CH,MBC
2582,192.5,3460,1219,CS,MBC
2583,192.5,3461,1315,EC,MBC
2584,192.5,3462,1450,CS,OC
2585,192.5,3464,2005,CS,MBC
2586,192.5,3466,4,CS,SC
2587,192.5,3467,2712,AD,OC
2588,192.5,3468,4,CM,SC
2589,192.5,3470,1315,ME,OC
2590,192.5,3471,2005,EE,OC
2591,192.5,3473,1315,ME,OC
2592,192.5,3474,2,CH,BC
2593,192.5,3475,2006,CE,OC
2594,192.5,3481,1,GI,BC
2595,192.5,3481,2006,EC,SC
2596,192.5,3482,2712,EC,OC
2597,192.5,3483,1219,AD,OC
2598,192.5,3485,2007,EE,OC
2599,192.5,3487,1211,CS,OC
2600,192.5,3488,1317,CS,OC
2601,192.5,3489,2007,CH,OC
2602,192.5,3491,4,PR,OC
2603,192.5,3492,2712,CS,MBC
2604,192.5,3494,1219,AD,OC
2605,192.5,3496,4,AU,OC
2606,192.5,3497,2006,IY,OC
2607,192.5,3499,1,IE,OC
2608,192.5,3501,1219,EC,OC
2609,192.5,3502,1219,IT,OC
2610,192.5,3503,1113,CS,OC
2611,192.5,3505,1219,EC,OC
2612,192.5,3507,1315,CH,OC
2613,192.5,3508,2377,CS,MBC
2614,192.5,3510,5012,CC,BC
2615,192.5,3511,2006,RA,BC
2616,192.5,3513,1317,CS,OC
2617,192.5,3514,1,EC,ST
2618,192.5,3515,4,EC,SC
2619,192.5,3521,4,CM,SC
2620,192.5,3523,2,IS,MBC
2621,192.5,3526,5008,CW,OC
2622,192.5,3527,2615,CS,OC
2623,192.5,3528,1,CE,SC
2624,192.5,3529,2718,AD,OC
2625,192.5,3530,1317,CS,OC
2626,192.5,3532,2712,EC,OC
2627,192.5,3533,2718,CJ,OC
2628,192.5,3534,1315,ME,OC
2629,192.5,3535,5008,IM,MBC
2630,192.5,3536,2615,CS,OC
2631,192.5,3537,2712,EC,OC
2632,192.5,3538,1,IM,SC
2633,192.5,3540,2712,AD,OC
2634,192.5,3541,2712,EC,OC
2635,192.5,3542,2007,EE,OC
2636,192.5,3543,2615,CS,OC
2637,192.5,3544,5008,EE,OC
2638,192.5,3545,5012,CC,BC
2639,192.5,3546,2006,BS,MBC
2640,192.5,3547,5008,CM,MBC
2641,192.5,3548,2006,EE,MBC
2642,192.5,3549,4944,EC,OC
2643,192.5,3550,2739,CS,OC
2644,192.5,3551,2006,ME,BC
2645,192.4,3554,2377,EE,OC
2646,192.4,3555,2711,CS,OC
2647,192.4,3556,1,GI,BC
2648,192.4,3557,2712,AD,OC
2649,192.4,3558,1219,IT,OC
2650,192.4,3559,4944,EE,OC
2651,192.4,3560,2006,EM,MBC
2652,192.4,3561,1315,EC,MBC
2653,192.4,3562,2615,CS,OC
2654,192.4,3563,2006,ME,BC
2655,192.4,3564,2,CH,MBC
2656,192.4,3565,2006,RA,BC
2657,192.4,3566,2007,EY,OC
2658,192.4,3567,1,EE,SC
2659,192.4,3569,1,IM,ST
2660,192.4,3570,2683,AG,OC
2661,192.4,3572,1315,EC,MBC
2662,192.4,3573,4974,CS,OC
2663,192.4,3574,2377,EE,OC
2664,192.4,3576,2007,EE,OC
2665,192.4,3578,2712,EC,OC
2666,192.4,3579,4,EC,SC
2667,192.4,3581,4678,CS,OC
2668,192.4,3583,1,IM,SC
2669,192.4,3584,2025,CS,OC
2670,192.4,3585,2007,CH,OC
2671,192.4,3586,2005,EE,OC
2672,192.4,3587,2711,CS,OC
2673,192.4,3588,2377,CS,MBC
2674,192.4,3589,2005,EE,OC
2675,192.4,3590,2007,EE,OC
2676,192.4,3591,5008,EE,BC
2677,192.4,3592,4974,CS,OC
2678,192.4,3593,2739,CS,OC
2679,192.4,3594,1211,EC,OC
2680,192.4,3595,2007,EE,OC
2681,192.4,3596,4974,CS,OC
2682,192.4,3597,1,CM,SCA
2683,192.4,3598,5008,CW,BC
2684,192.4,3599,2007,EE,OC
2685,192.4,3603,1315,BM,BC
2686,192.4,3605,2007,CM,MBC
2687,192.4,3606,2007,CM,MBC
2688,192.4,3607,1211,CS,OC
2689,192.4,3608,2702,CS,OC
2690,192.4,3609,5008,CS,MBC
2691,192.4,3611,2006,CE,BC
2692,192.4,3612,2712,EC,OC
2693,192.4,3613,1315,BM,BC
2694,192.4,3614,2007,CS,MBC
2695,192.4,3615,4974,CS,OC
2696,192.4,3617,2006,EE,MBC
2697,192.4,3618,5901,CS,OC
2698,192.4,3619,2377,EE,OC
2699,192.4,3621,4965,EC,OC
2700,192.4,3622,1,CE,MBC
2701,192.4,3623,2005,EE,OC
2702,192.4,3624,2712,AD,OC
2703,192.4,3625,4,PR,OC
2704,192.4,3626,1149,EE,OC
2705,192.4,3627,2005,EE,OC
2706,192.4,3628,2712,IT,BC
2707,192.4,3629,5012,CC,BC
2708,192.4,3630,2712,EC,OC
2709,192.4,3631,5901,EC,OC
2710,192.4,3632,2712,EC,OC
2711,192.3,3633,2006,EM,MBC
2712,192.3,3634,2712,EC,OC
2713,192.3,3635,2718,CS,OC
2714,192.3,3637,2601,CS,OC
2715,192.3,3639,2377,EE,OC
2716,192.3,3640,1219,IT,OC
2717,192.3,3641,2712,EC,OC
2718,192.3,3643,2718,CS,OC
2719,192.3,3644,1211,CS,OC
2720,192.3,3645,5008,IM,MBC
2721,192.3,3647,2718,CS,OC
2722,192.3,3648,2718,CS,OC
2723,192.3,3649,2615,CS,OC
2724,192.3,3650,2718,CS,OC
2725,192.3,3651,2620,CS,OC
2726,192.3,3652,2,FS,OC
2727,192.3,3654,1399,AD,OC
2728,192.3,3655,2712,EC,OC
2729,192.3,3656,2005,ME,OC
2730,192.3,3659,2006,EM,MBC
2731,192.3,3661,1315,CH,OC
2732,192.3,3663,2712,EC,OC
2733,192.3,3664,2006,EC,SC
2734,192.3,3666,1,GI,BC
2735,192.3,3668,1219,IT,OC
2736,192.3,3671,2712,AD,OC
2737,192.3,3672,1315,ME,OC
2738,192.3,3673,2712,EC,OC
2739,192.3,3674,1219,IT,OC
2740,192.3,3675,1219,IT,OC
2741,192.3,3676,2615,CS,OC
2742,192.3,3677,2377,EE,OC
2743,192.3,3678,1219,EC,OC
2744,192.3,3679,4960,CS,OC
2745,192.3,3680,1,EM,SC
2746,192.3,3682,5,CS,OC
2747,192.3,3683,2006,EM,MBC
2748,192.3,3684,2,CH,BC
2749,192.3,3686,5008,CW,BC
2750,192.3,3687,1315,ME,OC
2751,192.3,3688,2006,ME,BC
2752,192.3,3691,2006,RA,BC
2753,192.3,3693,1,CM,SCA
2754,192.3,3694,1,CE,SCA
2755,192.3,3695,2712,EC,OC
2756,192.3,3697,1422,CS,OC
2757,192.3,3698,2718,CS,OC
2758,192.3,3702,2712,EC,OC
2759,192.3,3703,2006,RA,MBC
2760,192.3,3708,2712,AD,OC
2761,192.3,3709,2,CH,BC
2762,192.2,3711,2005,EE,OC
2763,192.2,3712,1,IM,SC
2764,192.2,3713,2,CL,OC
2765,192.2,3715,2006,BY,MBC
2766,192.2,3717,4,PR,OC
2767,192.2,3718,2727,CS,OC
2768,192.2,3719,2712,EC,OC
2769,192.2,3722,2712,EC,OC
2770,192.2,3724,5008,EE,BC
2771,192.2,3725,2750,EC,OC
2772,192.2,3726,2005,CS,MBC
2773,192.2,3727,2007,IM,BCM
2774,192.2,3731,2006,BY,BC
2775,192.2,3732,2615,CS,BC
2776,192.2,3734,2005,EE,BC
2777,192.2,3735,1399,CS,BC
2778,192.2,3736,1211,CS,OC
2779,192.2,3737,1,ME,MBC
2780,192.2,3738,1,ME,MBC
2781,192.2,3739,2006,BY,BC
2782,192.2,3740,2712,EC,OC
2783,192.2,3741,2006,BS,BC
2784,192.2,3743,1309,CS,OC
2785,192.2,3744,2718,CS,OC
2786,192.2,3745,2615,CS,BC
2787,192.2,3747,2615,CS,BC
2788,192.2,3749,3826,IT,OC
2789,192.2,3750,4,AU,OC
2790,192.2,3751,4974,EC,OC
2791,192.2,3752,1419,IT,OC
2792,192.2,3753,2025,CS,OC
2793,192.2,3755,2712,EC,OC
2794,192.2,3757,2006,BY,BC
2795,192.2,3758,1304,EC,OC
2796,192.2,3760,1,EM,SC
2797,192.2,3761,2007,EE,BC
2798,192.2,3762,2711,CS,OC
2799,192.2,3763,2739,CS,OC
2800,192.2,3764,1,IE,OC
2801,192.2,3766,1516,CS,OC
2802,192.2,3767,2007,EE,BC
2803,192.2,3768,2712,EC,OC
2804,192.2,3769,5008,EE,BC
2805,192.2,3770,2615,CS,BC
2806,192.2,3771,2702,CS,OC
2807,192.2,3772,4962,EC,OC
2808,192.2,3774,2718,CS,OC
2809,192.2,3775,2712,CS,BCM
2810,192.2,3777,2712,AD,BC
2811,192.2,3779,1,CS,ST
2812,192.2,3780,2006,IY,OC
2813,192.2,3781,2615,EC,OC
2814,192.2,3782,1,CE,MBC
2815,192.2,3784,1219,IT,OC
2816,192.2,3785,5012,CC,BC
2817,192.2,3787,2712,EC,OC
2818,192.2,3788,2712,CS,MBC
2819,192.2,3789,2007,CS,MBC
2820,192.2,3790,2,CH,BC
2821,192.1,3791,2711,IT,OC
2822,192.1,3792,2712,EC,OC
2823,192.1,3794,2006,ME,BC
2824,192.1,3795,2007,CS,MBC
2825,192.1,3796,2610,IT,OC
2826,192.1,3798,2718,CS,OC
2827,192.1,3799,2006,CE,BC
2828,192.1,3800,2025,CS,OC
2829,192.1,3804,2653,EE,OC
2830,192.1,3805,2718,CS,OC
2831,192.1,3807,1211,CS,OC
2832,192.1,3808,5008,CW,BC
2833,192.1,3809,2006,RA,BC
2834,192.1,3810,2712,EC,BC
2835,192.1,3811,3701,EC,OC
2836,192.1,3812,5008,CW,BC
2837,192.1,3813,2005,IB,OC
2838,192.1,3815,2006,BS,BC
2839,192.1,3816,5008,CW,BC
2840,192.1,3817,2007,EC,MBC
2841,192.1,3818,1211,IT,OC
2842,192.1,3823,1,IM,SC
2843,192.1,3824,2718,CB,OC
2844,192.1,3826,2007,EC,MBC
2845,192.1,3827,4,AU,OC
2846,192.1,3830,4974,CS,OC
2847,192.1,3831,2622,EC,OC
2848,192.1,3832,2006,ME,BC
2849,192.1,3833,2007,EC,MBC
2850,192.1,3834,1211,CS,OC
2851,192.1,3835,5008,EE,BC
2852,192.1,3837,2615,CS,BC
2853,192.1,3838,1,CE,SC
2854,192.1,3839,2006,RA,BC
2855,192.1,3840,2377,EE,OC
2856,192.1,3841,1399,EC,OC
2857,192.1,3842,1399,BM,OC
2858,192.1,3844,2712,AD,BC
2859,192.1,3845,4,EI,MBC
2860,192.1,3846,2006,ES,OC
2861,192.1,3847,2005,PR,OC
2862,192.1,3849,2005,EI,OC
2863,192.1,3850,1,IM,SC
2864,192.1,3851,5901,CS,OC
2865,192.1,3852,2006,RA,BC
2866,192.1,3853,1,CM,SCA
2867,192.1,3854,2005,CE,OC
2868,192.1,3855,2006,ME,BC
2869,192.0,3857,4969,CS,OC
2870,192.0,3858,5,CS,OC
2871,192.0,3859,2712,AD,BC
2872,192.0,3860,2615,EC,OC
2873,192.0,3861,2,CL,OC
2874,192.0,3862,1211,CS,OC
2875,192.0,3863,4,AU,OC
2876,192.0,3865,2025,EC,OC
2877,192.0,3866,1419,CS,OC
2878,192.0,3867,2006,RA,BC
2879,192.0,3868,5008,EE,BC
2880,192.0,3869,2712,EC,BC
2881,192.0,3871,1419,CS,OC
2882,192.0,3872,2007,EE,BC
2883,192.0,3873,2007,AT,MBC
2884,192.0,3875,2702,AD,OC
2885,192.0,3878,2007,CM,MBC
2886,192.0,3879,2005,IT,MBC
2887,192.0,3880,2711,EC,OC
2888,192.0,3881,2007,EE,MBC
2889,192.0,3883,2006,IY,OC
2890,192.0,3884,1419,CS,OC
2891,192.0,3885,1211,AL,OC
2892,192.0,3886,1315,ME,OC
2893,192.0,3888,2007,EY,OC
2894,192.0,3889,2007,EC,BCM
2895,192.0,3890,3803,CS,OC
2896,192.0,3891,2007,EC,BCM
2897,192.0,3892,3826,IT,OC
2898,192.0,3893,5008,CW,BC
2899,192.0,3897,2,CH,BC
2900,192.0,3899,5008,EC,MBC
2901,192.0,3904,1315,ME,BC
2902,192.0,3905,2025,CS,OC
2903,192.0,3907,2006,EC,SC
2904,192.0,3908,2007,EE,BC
2905,192.0,3909,2702,IT,OC
2906,192.0,3913,2712,EC,BC
2907,192.0,3914,1,IE,OC
2908,192.0,3915,1311,AD,OC
2909,192.0,3918,2,CH,BC
2910,192.0,3922,2006,CM,SC
2911,192.0,3923,1315,BM,BC
2912,192.0,3924,3011,IT,OC
2913,192.0,3927,1450,CS,OC
2914,192.0,3930,1219,EC,OC
2915,192.0,3934,2,CL,OC
2916,192.0,3935,5012,CC,MBC
2917,192.0,3937,2006,TX,OC
2918,192.0,3938,1,ME,MBC
2919,192.0,3939,2005,IT,MBC
2920,192.0,3941,2006,RA,BC
2921,192.0,3946,4,AU,OC
2922,192.0,3947,2712,IT,MBC
2923,192.0,3948,2006,IY,OC
2924,192.0,3952,2007,CM,MBC
2925,192.0,3953,2005,IB,OC
2926,192.0,3954,1315,ME,BC
2927,192.0,3955,4965,CS,OC
2928,192.0,3956,2718,CS,OC
2929,192.0,3957,4,AU,OC
2930,192.0,3959,5008,EC,MBC
2931,192.0,3960,5901,EC,OC
2932,192.0,3961,1,GI,BC
2933,192.0,3962,1211,CS,OC
2934,192.0,3964,5008,CW,BC
2935,192.0,3965,2006,BY,BCM
2936,192.0,3966,2006,MF,OC
2937,192.0,3968,1,IE,OC
2938,192.0,3969,1315,EE,MBC
2939,192.0,3970,2,CR,OC
2940,192.0,3972,1211,CS,OC
2941,192.0,3973,1216,BM,OC
2942,192.0,3974,1219,IT,BC
2943,192.0,3977,5008,CM,MBC
2944,192.0,3981,2,IB,BCM
2945,192.0,3983,1,IE,OC
2946,192.0,3984,1,IE,BC
2947,192.0,3986,2006,IY,OC
2948,192.0,3988,1317,CS,OC
2949,192.0,3989,2377,CS,BCM
2950,192.0,3990,1219,AD,OC
2951,192.0,3991,2,FS,OC
2952,192.0,3994,2006,EE,MBC
2953,192.0,3997,2005,IB,OC
2954,192.0,3998,2712,EC,BC
2955,192.0,4002,2007,AT,MBC
2956,192.0,4003,1219,IT,BC
2957,192.0,4006,2,PM,OC
2958,192.0,4010,1,GI,MBC
2959,192.0,4018,2006,MF,OC
2960,192.0,4019,2006,IY,OC
2961,192.0,4020,2377,EE,OC
2962,192.0,4021,2006,BY,BC
2963,192.0,4022,2006,BY,BC
2964,192.0,4023,1450,CS,OC
2965,192.0,4024,1113,CS,OC
2966,192.0,4029,2718,CS,OC
2967,192.0,4030,4,PR,OC
2968,192.0,4031,5008,EE,BC
2969,192.0,4034,5008,EE,BC
2970,192.0,4035,1219,IT,BC
2971,192.0,4036,2007,EY,OC
2972,192.0,4037,1211,CS,OC
2973,192.0,4040,1304,AD,OC
2974,192.0,4041,2007,CM,MBC
2975,192.0,4043,2712,BT,OC
2976,192.0,4046,1419,CS,OC
2977,192.0,4054,1399,CS,BC
2978,192.0,4056,5008,MG,OC
2979,192.0,4057,2,CH,BC
2980,192.0,4062,4,EI,MBC
2981,192.0,4063,1113,CS,OC
2982,192.0,4064,2005,IB,OC
2983,192.0,4065,4,AU,OC
2984,192.0,4066,1315,BM,BCM
2985,192.0,4067,1,EC,SCA
2986,192.0,4069,1219,IT,BC
2987,192.0,4070,2712,AD,BC
2988,192.0,4074,1219,CS,MBC
2989,192.0,4076,2,CL,OC
2990,192.0,4077,2712,BT,OC
2991,192.0,4078,1304,AD,OC
2992,192.0,4080,1211,IT,OC
2993,192.0,4084,1,MN,OC
2994,192.0,4085,2718,CS,OC
2995,192.0,4086,2718,CS,OC
2996,192.0,4087,3819,CS,OC
2997,192.0,4089,2,CL,OC
2998,192.0,4092,4,AU,OC
2999,192.0,4095,4,AE,SC
3000,192.0,4097,1399,BM,OC
3001,192.0,4098,1,EE,SC
3002,192.0,4099,1399,IT,OC
3003,192.0,4100,1315,CH,OC
3004,192.0,4101,2006,IY,BC
3005,192.0,4102,1315,BM,MBC
3006,192.0,4103,1211,CS,OC
3007,192.0,4105,1211,CS,OC
3008,192.0,4106,2,CL,OC
3009,192.0,4108,1,IE,BC
3010,192.0,4110,2006,EE,MBC
3011,192.0,4111,4,AU,OC
3012,192.0,4112,2006,FY,OC
3013,192.0,4113,1219,IT,BC
3014,192.0,4114,2005,EE,BC
3015,192.0,4115,4,PR,OC
3016,192.0,4116,1219,AD,BCM
3017,192.0,4117,2,CH,BC
3018,192.0,4118,5008,EE,BC
3019,192.0,4123,1450,CS,OC
3020,192.0,4125,1,MA,OC
3021,192.0,4126,1317,CS,OC
3022,192.0,4127,2,PM,OC
3023,192.0,4128,1315,ME,BC
3024,192.0,4129,2006,MF,OC
3025,192.0,4130,2712,EC,BC
3026,192.0,4131,4,EI,MBC
3027,192.0,4135,2704,CS,OC
3028,192.0,4139,2006,BY,BC
3029,192.0,4140,2718,CS,OC
3030,192.0,4141,2718,CB,OC
3031,192.0,4142,2006,IY,BC
3032,192.0,4144,2718,AD,OC
3033,192.0,4145,2006,MF,OC
3034,192.0,4148,1219,CS,MBC
3035,192.0,4149,2006,MF,OC
3036,192.0,4150,1315,EE,BCM
3037,192.0,4152,2006,ES,OC
3038,192.0,4153,2718,CS,OC
3039,192.0,4154,2718,CS,OC
3040,192.0,4156,2005,IB,OC
3041,192.0,4158,5008,CW,MBC
3042,192.0,4161,1,IM,SC
3043,192.0,4162,5008,EE,BC
3044,192.0,4164,2007,EE,BC
3045,192.0,4165,1450,IT,OC
3046,192.0,4166,1,IE,BC
3047,192.0,4167,1211,CS,OC
3048,192.0,4170,2025,CS,OC
3049,192.0,4171,5008,EE,BC
3050,192.0,4172,5008,MG,OC
3051,192.0,4174,2702,CS,OC
3052,192.0,4175,2006,ES,OC
3053,192.0,4176,5008,CW,BC
3054,192.0,4178,2007,AT,MBC
3055,192.0,4179,1304,CS,OC
3056,192.0,4180,1211,CS,OC
3057,192.0,4181,2007,CH,OC
3058,192.0,4183,1219,BT,OC
3059,192.0,4188,2377,EE,BC
3060,192.0,4191,2007,CM,MBC
3061,192.0,4192,1450,CS,OC
3062,192.0,4194,2718,CS,OC
3063,192.0,4195,1219,AD,BC
3064,192.0,4196,1219,AD,BC
3065,192.0,4197,1219,CS,MBC
3066,192.0,4199,4,MF,MBC
3067,192.0,4200,2377,CS,BCM
3068,192.0,4202,2006,CE,BC
3069,192.0,4204,2712,EC,BC
3070,192.0,4205,2007,EY,OC
3071,192.0,4213,1315,ME,BC
3072,192.0,4214,2025,CS,OC
3073,192.0,4217,1,MA,BC
3074,192.0,4218,1219,IT,BC
3075,192.0,4219,2006,IY,BC
3076,192.0,4220,1219,IT,BC
3077,192.0,4223,1315,EE,MBC
3078,192.0,4224,1315,CE,OC
3079,192.0,4228,1,IM,SC
3080,192.0,4231,2,CL,OC
3081,192.0,4234,2,CL,OC
3082,192.0,4235,1304,AD,OC
3083,192.0,4237,1210,AD,OC
3084,192.0,4238,1219,BT,OC
3085,192.0,4239,2,CL,OC
3086,192.0,4241,2007,EE,BC
3087,192.0,4243,2712,SE,OC
3088,192.0,4244,1211,CS,OC
3089,192.0,4246,3011,BT,OC
3090,192.0,4249,1219,BT,OC
3091,192.0,4250,2718,CS,OC
3092,192.0,4251,2712,AD,BC
3093,192.0,4253,1211,CS,OC
3094,192.0,4257,1450,EC,OC
3095,192.0,4259,1211,CS,OC
3096,192.0,4260,2006,MF,OC
3097,192.0,4261,2711,CS,OC
3098,192.0,4263,2006,MF,OC
3099,192.0,4264,5008,IM,MBC
3100,192.0,4268,1219,IT,BC
3101,192.0,4269,1317,CS,OC
3102,192.0,4270,5008,EE,BC
3103,192.0,4271,2007,EE,BC
3104,192.0,4273,5008,CW,BC
3105,192.0,4274,1219,IT,BC
3106,192.0,4275,2006,IY,BC
3107,192.0,4277,2712,AD,BC
3108,192.0,4278,1219,BT,OC
3109,192.0,4279,2007,EE,BC
3110,192.0,4280,1304,BM,OC
3111,192.0,4284,1,ME,MBC
3112,192.0,4286,1419,CS,OC
3113,192.0,4287,1,BY,SC
3114,192.0,4288,1211,CS,BC
3115,192.0,4290,4,EC,SC
3116,192.0,4291,1219,EC,OC
3117,192.0,4293,1,EM,SCA
3118,192.0,4294,1219,EC,OC
3119,192.0,4295,5012,CC,BC
3120,192.0,4297,2,CL,OC
3121,192.0,4298,1315,CS,SC
3122,192.0,4300,1419,CS,OC
3123,192.0,4301,1315,BM,MBC
3124,192.0,4302,2718,CS,OC
3125,192.0,4304,1211,BM,OC
3126,192.0,4305,1113,CS,OC
3127,192.0,4306,1211,EC,OC
3128,192.0,4308,5901,CS,OC
3129,192.0,4309,2007,EC,MBC
3130,192.0,4312,2,CL,OC
3131,192.0,4315,1432,EC,OC
3132,192.0,4316,2006,MF,OC
3133,192.0,4320,1210,AD,OC
3134,192.0,4321,2712,AD,BC
3135,192.0,4323,1315,CE,OC
3136,192.0,4324,4,CM,SC
3137,192.0,4327,1450,CS,BCM
3138,192.0,4329,5008,IM,MBC
3139,192.0,4333,4,AU,OC
3140,192.0,4334,4,AU,OC
3141,192.0,4338,1315,BM,MBC
3142,192.0,4339,1219,EC,OC
3143,192.0,4341,2005,EC,MBC
3144,192.0,4342,2711,CS,OC
3145,192.0,4343,1315,CH,OC
3146,192.0,4344,1315,CE,OC
3147,192.0,4345,1219,IT,BC
3148,192.0,4346,1399,BM,OC
3149,192.0,4347,2005,EI,OC
3150,192.0,4349,1399,IT,OC
3151,192.0,4350,2007,EE,BC
3152,192.0,4354,1399,AD,OC
3153,192.0,4355,1315,EE,MBC
3154,192.0,4356,1211,CS,BC
3155,192.0,4357,1,MN,OC
3156,192.0,4359,2712,EC,BC
3157,192.0,4360,2615,CS,BC
3158,192.0,4362,1211,CS,MBC
3159,192.0,4364,4,PR,OC
3160,192.0,4365,1219,IT,BC
3161,192.0,4367,3011,EE,OC
3162,192.0,4368,2005,EE,BC
3163,192.0,4369,2718,IT,OC
3164,192.0,4370,2006,BS,BCM
3165,192.0,4371,1211,CS,BC
3166,192.0,4373,2006,ES,OC
3167,192.0,4374,1,GI,BCM
3168,192.0,4375,4,AU,OC
3169,192.0,4376,4960,IT,OC
3170,192.0,4378,2007,EE,BC
3171,192.0,4379,1317,CS,OC
3172,192.0,4380,1450,CS,BC
3173,192.0,4381,2006,IY,BC
3174,191.9,4382,2006,EC,SC
3175,191.9,4383,1225,CS,OC
3176,191.9,4384,4974,EC,OC
3177,191.9,4388,2007,ME,OC
3178,191.9,4390,2702,CS,OC
3179,191.9,4392,2,CH,MBC
3180,191.9,4393,1211,CS,MBC
3181,191.9,4394,2621,CS,OC
3182,191.9,4395,2007,CM,MBC
3183,191.9,4396,1311,AO,OC
3184,191.9,4397,2607,EC,OC
3185,191.9,4400,1315,CS,SC
3186,191.9,4401,1211,CS,BC
3187,191.9,4402,1219,IT,BC
3188,191.9,4404,1,IE,BC
3189,191.9,4406,2006,EE,MBC
3190,191.9,4408,2618,CS,OC
3191,191.9,4409,2007,EY,OC
3192,191.9,4410,2711,CS,OC
3193,191.9,4411,4,PR,OC
3194,191.9,4412,2006,IY,BC
3195,191.9,4413,2369,CS,OC
3196,191.9,4416,1211,CS,BC
3197,191.9,4417,2718,CS,BC
3198,191.9,4418,4,CM,SC
3199,191.9,4419,2615,CS,BC
3200,191.9,4420,1,IM,SC
3201,191.9,4421,1,GI,MBC
3202,191.9,4423,2005,EC,MBC
3203,191.9,4424,1304,AD,OC
3204,191.9,4425,2006,EE,MBC
3205,191.9,4426,2,CL,OC
3206,191.9,4427,3011,CS,OC
3207,191.9,4428,2006,IY,BC
3208,191.9,4429,4944,EC,OC
3209,191.9,4430,2006,IY,BC
3210,191.9,4431,2711,CS,OC
3211,191.9,4432,1219,CS,MBC
3212,191.9,4434,2718,IT,OC
3213,191.9,4435,2007,EE,BC
3214,191.9,4436,2007,EE,BC
3215,191.9,4437,1219,BT,OC
3216,191.9,4438,5008,EC,MBC
3217,191.9,4439,2718,CS,BC
3218,191.9,4440,2718,CS,BC
3219,191.9,4443,4,EI,MBC
3220,191.9,4444,5986,CS,OC
3221,191.9,4445,2005,IB,OC
3222,191.9,4446,2711,CS,OC
3223,191.9,4447,2025,EC,OC
3224,191.9,4450,1113,AD,OC
3225,191.9,4451,3819,CS,OC
3226,191.9,4452,4974,EE,OC
3227,191.9,4453,1,IE,BC
3228,191.9,4454,2608,AL,OC
3229,191.8,4455,1,IM,SC
3230,191.8,4456,2007,IM,BCM
3231,191.8,4458,2005,EE,BC
3232,191.8,4460,2006,EE,MBC
3233,191.8,4463,2653,CB,OC
3234,191.8,4466,2005,CS,BCM
3235,191.8,4467,1219,AD,MBC
3236,191.8,4469,1450,IT,OC
3237,191.8,4470,2712,AD,BC
3238,191.8,4471,2712,EC,BC
3239,191.8,4472,2006,FY,OC
3240,191.8,4473,2007,IM,MBC
3241,191.8,4474,2006,IY,BC
3242,191.8,4475,1304,CS,OC
3243,191.8,4477,1113,CS,OC
3244,191.8,4478,4,AU,OC
3245,191.8,4484,2726,BM,OC
3246,191.8,4485,4023,CE,OC
3247,191.8,4486,1399,AD,OC
3248,191.8,4487,2712,AD,BC
3249,191.8,4488,2718,CS,BC
3250,191.8,4490,2709,IT,OC
3251,191.8,4491,1304,AD,OC
3252,191.8,4493,2007,EE,MBC
3253,191.8,4494,5008,CS,MBC
3254,191.8,4495,1315,ME,BC
3255,191.8,4496,2005,EE,BC
3256,191.8,4497,2712,EC,BC
3257,191.8,4498,1399,CS,BC
3258,191.8,4499,1,MN,OC
3259,191.8,4500,5008,EY,OC
3260,191.8,4504,3011,BT,OC
3261,191.8,4505,1219,IT,BC
3262,191.8,4506,2,CL,OC
3263,191.8,4507,1316,AO,OC
3264,191.8,4508,2622,EC,OC
3265,191.8,4510,1219,EC,OC
3266,191.8,4511,1315,EE,MBC
3267,191.8,4512,2718,CS,BC
3268,191.8,4513,2712,EC,BC
3269,191.8,4514,1422,IT,OC
3270,191.8,4515,2727,CS,OC
3271,191.8,4516,3830,CS,OC
3272,191.8,4517,2712,EC,BC
3273,191.8,4518,2007,IM,MBC
3274,191.8,4520,1304,CS,OC
3275,191.8,4521,2718,EC,OC
3276,191.8,4522,1211,AL,OC
3277,191.8,4523,1399,CS,BC
3278,191.8,4525,2005,EE,BC
3279,191.7,4527,1,MN,OC
3280,191.7,4528,1113,IT,OC
3281,191.7,4529,2006,MF,OC
3282,191.7,4530,2007,EE,MBC
3283,191.7,4531,2005,EE,BC
3284,191.7,4532,4960,CS,OC
3285,191.7,4533,1,IM,SC
3286,191.7,4534,2,CL,OC
3287,191.7,4535,2,FS,OC
3288,191.7,4536,2739,CS,OC
3289,191.7,4537,5008,CS,MBC
3290,191.7,4538,2718,CS,BC
3291,191.7,4540,1219,IT,BC
3292,191.7,4541,2006,IY,BC
3293,191.7,4543,2622,IT,OC
3294,191.7,4544,5008,ME,OC
3295,191.7,4545,5012,CC,MBC
3296,191.7,4547,1,MN,OC
3297,191.7,4548,5008,EY,OC
3298,191.7,4549,2005,EE,BC
3299,191.7,4550,4,PR,OC
3300,191.7,4551,2005,EC,MBC
3301,191.7,4552,2718,IT,OC
3302,191.7,4553,1217,BT,OC
3303,191.7,4554,1399,AD,OC
3304,191.7,4555,2005,EI,OC
3305,191.7,4556,1315,ME,BC
3306,191.7,4557,2007,EC,MBC
3307,191.7,4558,2712,EC,BC
3308,191.7,4559,2005,EE,MBC
3309,191.7,4560,2712,AD,MBC
3310,191.7,4562,1432,CS,OC
3311,191.7,4563,1399,CS,BC
3312,191.7,4564,1,EE,SC
3313,191.7,4565,1219,IT,BC
3314,191.7,4567,2005,EE,BC
3315,191.7,4568,2007,ME,OC
3316,191.7,4569,5008,EY,OC
3317,191.7,4570,1,BY,SC
3318,191.7,4571,2005,EE,BC
3319,191.7,4572,2,CL,BC
3320,191.7,4573,2712,EC,BC
3321,191.7,4574,1399,AD,OC
3322,191.7,4576,2377,EE,BC
3323,191.7,4577,2711,IT,OC
3324,191.7,4578,2711,IT,OC
3325,191.7,4579,2712,EC,BC
3326,191.7,4580,1219,CS,MBC
3327,191.7,4581,2718,CS,BC
3328,191.7,4582,2712,SE,OC
3329,191.7,4583,2,FS,BC
3330,191.7,4584,2005,EC,MBC
3331,191.7,4585,1304,CS,OC
3332,191.7,4586,4974,CS,OC
3333,191.7,4587,2006,CE,BC
3334,191.7,4588,4,CM,SC
3335,191.7,4590,2711,EC,OC
3336,191.7,4591,2702,FD,OC
3337,191.7,4592,2712,EC,BC
3338,191.7,4593,2007,EC,MBC
3339,191.7,4594,2718,CS,BC
3340,191.7,4595,2718,CS,BC
3341,191.7,4596,2357,CS,OC
3342,191.7,4597,1399,BM,OC
3343,191.7,4598,2712,EC,BC
3344,191.7,4599,1399,AD,OC
3345,191.7,4602,5008,ME,OC
3346,191.7,4603,1,ME,MBC
3347,191.7,4604,2007,EY,OC
3348,191.7,4605,1211,CS,BC
3349,191.7,4606,2715,EE,OC
3350,191.7,4607,2005,IB,OC
3351,191.7,4608,2006,BY,MBC
3352,191.6,4611,1303,AD,OC
3353,191.6,4613,5008,ME,OC
3354,191.6,4614,2718,CS,BC
3355,191.6,4616,2622,CE,OC
3356,191.6,4617,2,CL,BC
3357,191.6,4618,5008,ME,OC
3358,191.6,4619,2005,IB,OC
3359,191.6,4620,2005,EI,OC
3360,191.6,4621,2005,EI,OC
3361,191.6,4622,5904,EC,OC
3362,191.6,4623,2005,EE,BC
3363,191.6,4624,1,IM,SC
3364,191.6,4626,2377,EE,MBC
3365,191.6,4627,1317,AL,OC
3366,191.6,4628,1315,EE,MBC
3367,191.6,4629,1113,CS,OC
3368,191.6,4631,2005,EE,BC
3369,191.6,4632,5008,CS,MBC
3370,191.6,4633,2702,CS,OC
3371,191.6,4634,2608,CS,OC
3372,191.6,4635,1419,CS,OC
3373,191.6,4636,2007,AT,BCM
3374,191.6,4637,5008,CE,OC
3375,191.6,4638,2025,CS,OC
3376,191.6,4639,2007,CH,OC
3377,191.6,4640,2702,CS,OC
3378,191.6,4642,5008,EY,OC
3379,191.6,4643,1211,BT,OC
3380,191.6,4644,1419,CS,OC
3381,191.6,4646,1399,CS,BC
3382,191.6,4647,2712,EC,BC
3383,191.6,4648,2711,CS,OC
3384,191.6,4649,2007,AT,MBC
3385,191.6,4650,1315,ME,BC
3386,191.6,4651,1,ME,MBC
3387,191.6,4652,2007,IM,MBC
3388,191.6,4653,2608,EC,OC
3389,191.6,4654,2718,CS,BC
3390,191.6,4658,2702,IT,OC
3391,191.6,4660,2718,CS,BC
3392,191.6,4661,4962,IT,OC
3393,191.6,4662,2007,EC,MBC
3394,191.6,4664,2615,CS,MBC
3395,191.6,4666,2005,IT,BCM
3396,191.6,4667,1211,CS,MBC
3397,191.6,4669,1219,CS,MBC
3398,191.6,4670,2718,EC,OC
3399,191.6,4671,2615,EC,OC
3400,191.6,4674,1118,AD,OC
3401,191.6,4675,1317,CS,OC
3402,191.6,4676,1211,CS,BCM
3403,191.6,4677,3011,CS,OC
3404,191.6,4678,1315,EE,MBC
3405,191.6,4679,5008,IM,MBC
3406,191.6,4680,2615,CS,BC
3407,191.6,4681,5901,CS,OC
3408,191.6,4682,5008,ME,OC
3409,191.6,4683,2005,CS,BCM
3410,191.6,4684,5008,EY,OC
3411,191.6,4685,4,EI,MBC
3412,191.6,4686,2718,CS,BC
3413,191.6,4687,2007,EE,BC
3414,191.6,4689,5901,CS,OC
3415,191.6,4690,2712,EC,BC
3416,191.6,4692,2007,CH,OC
3417,191.6,4693,2739,CS,OC
3418,191.5,4695,2005,ME,OC
3419,191.5,4696,1211,CS,BC
3420,191.5,4698,1315,ME,BC
3421,191.5,4699,2711,CH,OC
3422,191.5,4700,2005,EE,BC
3423,191.5,4701,5008,EY,OC
3424,191.5,4703,5012,CC,BC
3425,191.5,4704,2,TX,OC
3426,191.5,4705,1317,CS,OC
3427,191.5,4706,1399,CS,BC
3428,191.5,4707,2007,EE,BC
3429,191.5,4708,2007,IM,MBC
3430,191.5,4710,1219,EC,OC
3431,191.5,4711,1211,CS,BC
3432,191.5,4712,2007,ME,OC
3433,191.5,4714,2718,CS,BC
3434,191.5,4715,2007,EE,BC
3435,191.5,4716,2718,CS,BC
3436,191.5,4717,2005,EE,BC
3437,191.5,4719,2615,CS,BC
3438,191.5,4720,4023,CS,OC
3439,191.5,4721,2007,EC,MBC
3440,191.5,4724,2712,EC,BC
3441,191.5,4725,2712,EC,BC
3442,191.5,4726,2005,EC,BCM
3443,191.5,4729,2006,CE,BC
3444,191.5,4730,1219,AD,BC
3445,191.5,4732,1,BY,SC
3446,191.5,4735,1219,AD,BC
3447,191.5,4738,5008,CM,BCM
3448,191.5,4739,2712,EC,BC
3449,191.5,4740,3465,CS,OC
3450,191.5,4741,5010,EC,OC
3451,191.5,4743,2005,EE,BC
3452,191.5,4744,1,MN,OC
3453,191.5,4745,2,FS,BC
3454,191.5,4747,2718,CS,BC
3455,191.5,4749,2007,EE,BC
3456,191.5,4750,4974,CS,OC
3457,191.5,4751,2718,CS,BC
3458,191.5,4752,1211,CS,BC
3459,191.5,4754,1,ME,SC
3460,191.5,4755,1219,BT,OC
3461,191.5,4756,1219,EC,OC
3462,191.5,4757,1,IE,BC
3463,191.5,4758,1219,BT,OC
3464,191.5,4762,1315,ME,BC
3465,191.5,4765,1315,CH,OC
3466,191.5,4768,1,MN,OC
3467,191.5,4771,1317,CS,OC
3468,191.5,4773,2712,BT,OC
3469,191.5,4774,1,CE,MBC
3470,191.5,4776,1,ME,MBC
3471,191.5,4779,1315,CE,OC
3472,191.5,4780,1,ME,MBC
3473,191.5,4782,1304,CS,OC
3474,191.5,4784,1211,AL,OC
3475,191.5,4787,2006,BY,MBC
3476,191.5,4791,2006,ME,MBC
3477,191.5,4792,2007,EY,OC
3478,191.5,4793,1317,CS,OC
3479,191.5,4796,2712,BT,OC
3480,191.5,4798,5012,CC,MBC
3481,191.5,4801,2,CL,BC
3482,191.5,4803,5008,EY,OC
3483,191.5,4805,1315,ME,BC
3484,191.5,4806,2718,CS,BC
3485,191.5,4807,1315,CH,OC
3486,191.5,4808,2,CL,MBC
3487,191.5,4809,1304,CS,OC
3488,191.5,4811,1219,EC,OC
3489,191.5,4814,4974,CS,OC
3490,191.5,4816,4,CM,SC
3491,191.5,4817,2718,CB,OC
3492,191.5,4820,3011,BT,OC
3493,191.5,4822,2025,EC,OC
3494,191.5,4823,1309,CS,OC
3495,191.5,4824,1,MN,OC
3496,191.5,4826,4,PR,OC
3497,191.5,4827,1211,CS,BC
3498,191.5,4830,2007,EM,BCM
3499,191.5,4831,2006,TX,OC
3500,191.5,4832,1211,BT,OC
3501,191.5,4833,1304,CS,OC
3502,191.5,4834,2006,EC,SC
3503,191.5,4835,4,EI,MBC
3504,191.5,4836,2,IB,MBC
3505,191.5,4837,1315,EE,MBC
3506,191.5,4838,1315,EE,MBC
3507,191.5,4839,1315,BM,MBC
3508,191.5,4843,1399,AD,OC
3509,191.5,4845,1315,ME,BC
3510,191.5,4847,1315,EE,MBC
3511,191.5,4848,2007,ME,OC
3512,191.5,4849,1219,AD,BC
3513,191.5,4850,1211,CS,BC
3514,191.5,4851,5008,EY,OC
3515,191.5,4852,2718,EC,OC
3516,191.5,4853,2712,EC,BC
3517,191.5,4854,1304,BM,OC
3518,191.5,4855,1315,ME,BC
3519,191.5,4859,2377,EC,BCM
3520,191.5,4860,2702,CS,OC
3521,191.5,4861,2377,EE,BC
3522,191.5,4862,1317,CS,OC
3523,191.5,4863,2718,IT,OC
3524,191.5,4867,1399,BM,OC
3525,191.5,4870,1211,BT,OC
3526,191.5,4872,1211,CS,BC
3527,191.5,4873,1304,CS,OC
3528,191.5,4874,5008,CM,MBC
3529,191.5,4875,1219,EE,OC
3530,191.5,4878,2005,IB,OC
3531,191.5,4879,5008,IM,MBC
3532,191.5,4880,2,CL,BC
3533,191.5,4881,1399,CS,BC
3534,191.5,4887,1211,CS,BC
3535,191.5,4888,2377,CS,MBC
3536,191.5,4889,4,AU,BC
3537,191.5,4891,2007,AT,MBC
3538,191.5,4894,1,IM,SC
3539,191.5,4895,1,EE,SC
3540,191.5,4896,1,IE,MBC
3541,191.5,4897,2377,EC,MBC
3542,191.5,4898,2,CL,MBC
3543,191.5,4899,1219,EC,OC
3544,191.5,4900,1112,EC,OC
3545,191.5,4903,1419,CS,OC
3546,191.5,4904,2006,ES,OC
3547,191.5,4905,2615,EC,OC
3548,191.5,4906,1315,CH,MBC
3549,191.5,4907,2377,ME,OC
3550,191.5,4909,1450,CS,BC
3551,191.5,4911,2006,ES,OC
3552,191.5,4912,2377,EE,BC
3553,191.5,4912,1,ME,SC
3554,191.5,4913,2,PM,OC
3555,191.5,4916,2615,CS,BC
3556,191.5,4922,1,IE,BC
3557,191.5,4927,1219,AD,BC
3558,191.5,4929,2,IB,SC
3559,191.5,4930,1399,CS,BC
3560,191.5,4931,2615,CS,BC
3561,191.5,4932,5008,CE,OC
3562,191.5,4933,1219,EC,OC
3563,191.5,4934,2764,CS,OC
3564,191.5,4935,2712,EC,BC
3565,191.5,4936,2712,EC,BC
3566,191.5,4938,2,CL,BC
3567,191.5,4939,5008,EY,OC
3568,191.5,4940,2006,MT,OC
3569,191.5,4941,1419,CS,OC
3570,191.5,4944,2,FS,BC
3571,191.5,4945,2718,IT,OC
3572,191.5,4946,2007,EY,OC
3573,191.5,4948,1211,CB,OC
3574,191.5,4949,2711,CS,OC
3575,191.5,4950,4,PR,OC
3576,191.5,4951,1304,CS,OC
3577,191.5,4952,1,IE,BC
3578,191.5,4953,1315,CH,MBC
3579,191.5,4954,1211,CS,BC
3580,191.5,4955,2718,AD,OC
3581,191.5,4956,5008,CM,MBC
3582,191.5,4957,2025,EE,OC
3583,191.5,4959,2712,EC,MBC
3584,191.5,4960,2702,EC,OC
3585,191.5,4961,2,FS,BC
3586,191.5,4962,2005,EI,OC
3587,191.5,4963,2718,EC,OC
3588,191.5,4966,2,CL,BC
3589,191.5,4968,2377,EC,MBC
3590,191.5,4969,5008,EY,OC
3591,191.5,4971,2007,EY,OC
3592,191.5,4972,2718,CS,BC
3593,191.5,4973,1014,IT,OC
3594,191.4,4974,1219,CS,MBC
3595,191.4,4975,1113,CS,OC
3596,191.4,4976,2007,ME,OC
3597,191.4,4977,2712,EC,BC
3598,191.4,4978,2007,AT,MBC
3599,191.4,4979,2718,EC,OC
3600,191.4,4980,2007,EY,OC
3601,191.4,4982,2718,IT,OC
3602,191.4,4983,1,ME,MBC
3603,191.4,4984,5901,CS,OC
3604,191.4,4985,1,BY,MBC
3605,191.4,4986,2718,CS,BC
3606,191.4,4989,2006,MF,BC
3607,191.4,4990,1419,CS,OC
3608,191.4,4991,1,MA,BC
3609,191.4,4993,1211,IT,OC
3610,191.4,4995,5008,ME,OC
3611,191.4,4998,1317,CS,OC
3612,191.4,4999,2006,ES,OC
3613,191.4,5000,1,MA,BC
3614,191.4,5001,4974,CS,OC
3615,191.4,5004,1,IE,BC
3616,191.4,5005,4,AU,BCM
3617,191.4,5007,1315,EC,SC
3618,191.4,5008,4962,CS,OC
3619,191.4,5009,1315,EE,MBC
3620,191.4,5010,2712,EC,BC
3621,191.4,5011,4974,EC,OC
3622,191.4,5012,1412,EC,OC
3623,191.4,5013,1211,CS,BC
3624,191.4,5014,2712,CS,MBC
3625,191.4,5015,2377,EE,BC
3626,191.4,5016,2007,EY,OC
3627,191.4,5017,5008,CE,OC
3628,191.4,5018,5008,CM,MBC
3629,191.4,5024,2712,EC,BC
3630,191.4,5025,1399,AD,OC
3631,191.4,5026,2615,CS,BC
3632,191.4,5027,1219,IT,MBC
3633,191.4,5028,1118,EC,OC
3634,191.4,5029,5010,CS,OC
3635,191.4,5030,1315,EE,BCM
3636,191.4,5031,5986,CS,OC
3637,191.4,5033,5008,EY,OC
3638,191.4,5035,1219,EC,OC
3639,191.4,5036,1317,CS,OC
3640,191.4,5037,1219,EC,OC
3641,191.4,5039,2007,EY,BC
3642,191.4,5040,2005,EI,OC
3643,191.4,5042,2,FS,BC
3644,191.4,5046,5008,EY,OC
3645,191.4,5048,2007,EY,BC
3646,191.4,5049,1419,CS,OC
3647,191.4,5050,2718,EC,OC
3648,191.4,5051,4,PR,OC
3649,191.4,5052,4,IM,SC
3650,191.4,5053,1399,AD,OC
3651,191.4,5054,5008,EY,BC
3652,191.4,5056,5008,EY,BC
3653,191.4,5057,2615,CS,MBC
3654,191.4,5058,5008,EE,MBC
3655,191.4,5062,1211,CS,BC
3656,191.4,5064,1,MN,OC
3657,191.4,5065,2719,CS,OC
3658,191.4,5066,5986,EC,OC
3659,191.4,5067,2711,CS,OC
3660,191.4,5073,2718,IT,OC
3661,191.4,5076,4,IM,SC
3662,191.4,5077,5901,CS,OC
3663,191.4,5078,1211,AE,OC
3664,191.4,5079,2615,CS,BC
3665,191.4,5080,5008,EY,BC
3666,191.4,5081,1317,IT,OC
3667,191.3,5083,4676,CS,OC
3668,191.3,5084,1,BY,MBC
3669,191.3,5085,1113,CS,OC
3670,191.3,5086,2007,CH,OC
3671,191.3,5087,4960,CS,OC
3672,191.3,5089,2739,CS,OC
3673,191.3,5091,1,CE,SC
3674,191.3,5092,2722,CS,OC
3675,191.3,5095,2007,EM,MBC
3676,191.3,5097,1,ME,MBC
3677,191.3,5098,4,IM,SC
3678,191.3,5099,1399,IT,OC
3679,191.3,5100,2718,IT,OC
3680,191.3,5101,2005,IT,MBC
3681,191.3,5102,2718,CS,BC
3682,191.3,5103,1419,EC,OC
3683,191.3,5104,1110,CS,OC
3684,191.3,5106,4,IM,SC
3685,191.3,5107,2007,EY,BC
3686,191.3,5108,2007,EY,BC
3687,191.3,5109,2005,IB,OC
3688,191.3,5110,2718,CS,BC
3689,191.3,5111,5008,CM,BCM
3690,191.3,5113,2718,CS,BC
3691,191.3,5118,5008,EY,BC
3692,191.3,5119,3465,EC,OC
3693,191.3,5120,2718,CS,MBC
3694,191.3,5121,1450,EC,OC
3695,191.3,5122,2615,CS,BC
3696,191.3,5123,5008,EY,BC
3697,191.3,5124,2718,IT,OC
3698,191.3,5125,4974,CS,OC
3699,191.3,5126,2615,EC,OC
3700,191.3,5127,1211,CS,BC
3701,191.3,5128,2,CL,BC
3702,191.3,5129,2377,EE,BC
3703,191.3,5131,2718,CS,BC
3704,191.3,5133,4,AU,BC
3705,191.3,5134,2615,CS,BC
3706,191.3,5135,2718,EC,OC
3707,191.3,5136,2718,CS,BC
3708,191.3,5137,1211,CS,BC
3709,191.3,5138,2006,ME,MBC
3710,191.3,5139,2711,CS,OC
3711,191.3,5140,5008,EC,MBC
3712,191.3,5142,5008,CM,MBC
3713,191.3,5143,1432,CB,OC
3714,191.3,5144,2005,IT,MBC
3715,191.3,5145,2615,EC,OC
3716,191.3,5146,2706,CS,OC
3717,191.3,5147,4960,EC,OC
3718,191.3,5149,2718,CS,MBC
3719,191.3,5150,2718,CS,BC
3720,191.3,5151,2711,CS,OC
3721,191.3,5152,1219,AD,BC
3722,191.3,5153,2006,MF,BC
3723,191.3,5154,2718,EC,OC
3724,191.3,5155,2718,CS,BC
3725,191.3,5156,1219,ME,OC
3726,191.3,5157,2007,EY,BC
3727,191.3,5158,5986,CS,OC
3728,191.3,5159,1128,CS,OC
3729,191.3,5160,4962,CS,OC
3730,191.3,5161,2711,CS,OC
3731,191.3,5163,5008,EM,MBC
3732,191.3,5164,2718,AD,OC
3733,191.3,5165,1399,CS,BC
3734,191.3,5166,4,IM,SC
3735,191.3,5167,5008,EY,BC
3736,191.3,5168,1113,CS,OC
3737,191.2,5170,1,MI,OC
3738,191.2,5171,2615,EC,OC
3739,191.2,5172,2615,EE,OC
3740,191.2,5174,1219,EC,OC
3741,191.2,5175,2615,EC,OC
3742,191.2,5176,2005,IT,MBC
3743,191.2,5177,2005,ME,OC
3744,191.2,5178,1219,EC,OC
3745,191.2,5180,2,CH,MBC
3746,191.2,5181,2718,IT,OC
3747,191.2,5185,1219,EC,OC
3748,191.2,5188,5008,EY,BC
3749,191.2,5189,2007,EM,MBC
3750,191.2,5191,5901,CS,OC
3751,191.2,5192,1304,BM,OC
3752,191.2,5193,1,CE,MBC
3753,191.2,5195,2005,IT,MBC
3754,191.2,5196,5008,MG,OC
3755,191.2,5199,1120,CS,OC
3756,191.2,5204,2718,IT,OC
3757,191.2,5206,1,MN,MBC
3758,191.2,5207,2005,EE,MBC
3759,191.2,5208,1419,CS,OC
3760,191.2,5209,2005,IT,MBC
3761,191.2,5210,1211,CS,BC
3762,191.2,5211,5901,CS,OC
3763,191.2,5212,2615,CS,MBC
3764,191.2,5214,2739,CS,OC
3765,191.2,5215,2718,CB,OC
3766,191.2,5216,1113,EE,OC
3767,191.2,5217,1399,CS,BC
3768,191.2,5218,5008,EE,MBC
3769,191.2,5219,1219,EC,OC
3770,191.2,5222,2718,EC,OC
3771,191.2,5223,1113,CS,OC
3772,191.2,5224,1317,CS,OC
3773,191.2,5227,5008,EY,BC
3774,191.2,5228,1211,CS,MBC
3775,191.2,5229,2,CL,BC
3776,191.2,5231,5901,CS,OC
3777,191.2,5232,4962,IT,OC
3778,191.2,5234,2005,ME,OC
3779,191.2,5235,1219,EC,OC
3780,191.2,5236,2739,CS,OC
3781,191.2,5237,1113,CS,OC
3782,191.2,5238,1315,EE,MBC
3783,191.2,5239,4960,IT,OC
3784,191.2,5240,1219,EC,OC
3785,191.2,5241,2615,EC,OC
3786,191.2,5242,1219,EC,OC
3787,191.2,5243,2712,EE,OC
3788,191.2,5244,1450,IT,OC
3789,191.2,5247,2702,CS,OC
3790,191.2,5249,1304,CS,OC
3791,191.2,5250,2005,EI,OC
3792,191.2,5251,1211,CS,BC
3793,191.2,5253,2,FS,BC
3794,191.2,5254,2006,ME,BCM
3795,191.2,5255,2007,EY,BC
3796,191.2,5260,1304,CS,OC
3797,191.2,5261,1026,CS,OC
3798,191.2,5262,2712,SE,OC
3799,191.2,5263,1419,CB,OC
3800,191.2,5264,1324,CS,OC
3801,191.2,5265,5986,CS,OC
3802,191.2,5267,2718,EC,OC
3803,191.2,5268,2615,EC,OC
3804,191.2,5269,1399,CS,BC
3805,191.2,5271,1317,CS,BC
3806,191.2,5272,2702,CS,OC
3807,191.2,5273,2718,EC,OC
3808,191.2,5274,2764,BM,OC
3809,191.2,5277,1432,CO,OC
3810,191.2,5278,2007,CH,OC
3811,191.2,5279,2005,CE,OC
3812,191.2,5282,2712,EC,MBC
3813,191.2,5283,1399,CS,MBC
3814,191.1,5284,2005,EI,OC
3815,191.1,5285,1014,IT,OC
3816,191.1,5286,2006,ES,OC
3817,191.1,5287,1315,ME,BC
3818,191.1,5289,1211,CS,MBC
3819,191.1,5290,1120,CS,OC
3820,191.1,5293,2712,EE,OC
3821,191.1,5294,1421,CS,OC
3822,191.1,5296,2718,IT,OC
3823,191.1,5297,1219,EC,OC
3824,191.1,5298,3803,CS,OC
3825,191.1,5300,2006,CE,MBC
3826,191.1,5301,2727,AD,OC
3827,191.1,5302,2718,IT,OC
3828,191.1,5303,2,PP,OC
3829,191.1,5304,5902,EC,OC
3830,191.1,5305,2005,ME,OC
3831,191.1,5306,2711,CS,OC
3832,191.1,5307,1,EE,SC
3833,191.1,5308,4,IM,SC
3834,191.1,5309,2005,EI,OC
3835,191.1,5310,4960,CS,OC
3836,191.1,5311,2615,EC,OC
3837,191.1,5312,2,CL,BC
3838,191.1,5313,1,ME,MBC
3839,191.1,5316,1,IE,MBC
3840,191.1,5317,2702,CS,OC
3841,191.1,5318,2712,EE,OC
3842,191.1,5319,2620,CS,OC
3843,191.1,5320,2718,IT,OC
3844,191.1,5321,2710,AD,OC
3845,191.1,5322,2007,EY,BC
3846,191.1,5323,2712,EE,OC
3847,191.1,5325,2712,SE,OC
3848,191.1,5327,5986,CS,OC
3849,191.1,5329,2711,EC,OC
3850,191.1,5332,2615,CS,MBC
3851,191.1,5333,2006,ME,MBC
3852,191.1,5334,4955,CS,OC
3853,191.1,5335,1211,CS,MBC
3854,191.1,5339,2711,CS,OC
3855,191.1,5340,2377,EE,BC
3856,191.1,5342,4,IM,SC
3857,191.1,5345,2007,ME,OC
3858,191.1,5347,2025,CS,OC
3859,191.1,5348,2712,EI,OC
3860,191.1,5351,5,AM,OC
3861,191.1,5352,3760,AD,OC
3862,191.1,5353,4,PR,OC
3863,191.1,5356,2377,EE,BC
3864,191.1,5357,1219,EC,BC
3865,191.1,5358,2615,EC,OC
3866,191.1,5359,5530,CS,OC
3867,191.1,5360,3826,CS,OC
3868,191.1,5361,2718,IT,OC
3869,191.1,5363,1113,AD,OC
3870,191.0,5364,1211,CS,BC
3871,191.0,5365,2712,EE,OC
3872,191.0,5366,2718,IT,OC
3873,191.0,5367,1317,CS,MBC
3874,191.0,5368,2661,CS,OC
3875,191.0,5369,2,PP,OC
3876,191.0,5370,2,IS,MBC
3877,191.0,5371,2615,EC,OC
3878,191.0,5372,2706,CS,OC
3879,191.0,5374,2615,EC,OC
3880,191.0,5376,4020,CS,OC
3881,191.0,5377,2006,CM,SC
3882,191.0,5380,5,CS,OC
3883,191.0,5381,2006,ES,BC
3884,191.0,5382,2,FS,BC
3885,191.0,5383,2615,EC,BC
3886,191.0,5384,2005,EI,OC
3887,191.0,5385,2653,CS,OC
3888,191.0,5386,1309,CS,OC
3889,191.0,5387,2005,EI,OC
3890,191.0,5388,2,CL,BC
3891,191.0,5389,2377,EC,MBC
3892,191.0,5390,4,PR,OC
3893,191.0,5391,2006,EE,BCM
3894,191.0,5392,1113,CS,OC
3895,191.0,5393,2719,CS,OC
3896,191.0,5394,1211,CS,BC
3897,191.0,5395,1113,CS,OC
3898,191.0,5396,2007,EE,MBC
3899,191.0,5397,1219,EC,BC
3900,191.0,5398,2718,AD,OC
3901,191.0,5400,1,MI,OC
3902,191.0,5402,2006,ES,MBC
3903,191.0,5403,1211,IT,OC
3904,191.0,5404,1399,EC,OC
3905,191.0,5405,1,MN,BC
3906,191.0,5407,5008,EY,MBC
3907,191.0,5409,2718,EC,OC
3908,191.0,5411,1,PT,OC
3909,191.0,5412,2005,EI,OC
3910,191.0,5416,1211,IT,OC
3911,191.0,5417,4678,CS,OC
3912,191.0,5418,5008,EY,BC
3913,191.0,5419,1211,BT,OC
3914,191.0,5420,1219,EC,BC
3915,191.0,5421,2702,CS,OC
3916,191.0,5423,1399,CS,BC
3917,191.0,5424,2,PM,OC
3918,191.0,5425,1324,IT,OC
3919,191.0,5426,1419,CS,OC
3920,191.0,5427,2712,SE,OC
3921,191.0,5428,2,FS,BC
3922,191.0,5429,4,PR,OC
3923,191.0,5430,1315,BM,MBC
3924,191.0,5431,1,ME,SC
3925,191.0,5435,4,EM,SC
3926,191.0,5437,2712,BT,OC
3927,191.0,5439,4,PR,OC
3928,191.0,5441,4960,CS,OC
3929,191.0,5442,1315,CH,BC
3930,191.0,5443,5008,EY,BC
3931,191.0,5447,1450,CS,BC
3932,191.0,5448,5008,ME,OC
3933,191.0,5450,2377,CS,MBC
3934,191.0,5452,4,IM,SC
3935,191.0,5453,1399,IT,OC
3936,191.0,5454,2718,CS,MBC
3937,191.0,5455,1,CE,SC
3938,191.0,5456,2377,ME,OC
3939,191.0,5457,2006,MF,BC
3940,191.0,5458,2006,MF,BC
3941,191.0,5459,1450,CS,BC
3942,191.0,5460,2718,CS,MBC
3943,191.0,5461,1211,IT,OC
3944,191.0,5468,2377,EE,BC
3945,191.0,5471,1317,AD,OC
3946,191.0,5472,1324,EC,OC
3947,191.0,5476,1315,CE,OC
3948,191.0,5477,2006,ES,BC
3949,191.0,5482,1211,AL,OC
3950,191.0,5483,2006,BY,BCM
3951,191.0,5484,2722,CS,OC
3952,191.0,5485,1304,CS,OC
3953,191.0,5488,1,MA,BC
3954,191.0,5491,1,MA,BC
3955,191.0,5493,2025,CS,OC
3956,191.0,5495,1219,CS,MBC
3957,191.0,5498,2,FS,BC
3958,191.0,5499,1399,CS,BC
3959,191.0,5500,5901,CS,BC
3960,191.0,5501,1219,EC,BC
3961,191.0,5503,2,PM,OC
3962,191.0,5504,2006,PR,OC
3963,191.0,5506,2702,CS,OC
3964,191.0,5507,2005,IT,MBC
3965,191.0,5508,2727,CS,OC
3966,191.0,5510,2377,CS,MBC
3967,191.0,5513,1,IE,MBC
3968,191.0,5516,1219,CS,MBC
3969,191.0,5517,2718,EC,OC
3970,191.0,5518,1211,CS,BC
3971,191.0,5522,1399,CS,BC
3972,191.0,5525,1315,CH,BC
3973,191.0,5526,2005,IT,MBC
3974,191.0,5527,1315,CH,BC
3975,191.0,5528,4,AU,BC
3976,191.0,5530,2005,EE,MBC
3977,191.0,5531,2007,CS,SC
3978,191.0,5532,5008,EY,BC
3979,191.0,5533,4974,CS,OC
3980,191.0,5534,1,EE,ST
3981,191.0,5535,1219,EC,BC
3982,191.0,5537,1419,AD,OC
3983,191.0,5538,2712,EE,OC
3984,191.0,5541,1219,EC,BC
3985,191.0,5542,1211,EC,OC
3986,191.0,5543,1211,CD,OC
3987,191.0,5544,2006,ES,BC
3988,191.0,5545,5008,MG,OC
3989,191.0,5546,4,PR,BC
3990,191.0,5547,2007,IM,MBC
3991,191.0,5548,1,BY,SC
3992,191.0,5549,2,CL,BC
3993,191.0,5552,1304,CS,OC
3994,191.0,5553,1219,ME,OC
3995,191.0,5554,1304,CS,OC
3996,191.0,5556,2719,BM,OC
3997,191.0,5557,2615,EC,BC
3998,191.0,5558,1211,CS,MBC
3999,191.0,5559,1219,EC,BC
4000,191.0,5560,2005,EI,MBC
4001,191.0,5561,2006,ME,BCM
4002,191.0,5562,1,CE,MBC
4003,191.0,5563,1211,CS,MBC
4004,191.0,5564,2751,CB,OC
4005,191.0,5565,2006,RA,BCM
4006,191.0,5571,2,CL,BC
4007,191.0,5574,1315,BM,MBC
4008,191.0,5575,2,PM,OC
4009,191.0,5576,1,ME,MBC
4010,191.0,5577,4,MF,MBC
4011,191.0,5580,2,PM,OC
4012,191.0,5582,2702,CS,OC
4013,191.0,5585,2712,SE,OC
4014,191.0,5590,1211,CS,MBC
4015,191.0,5592,1219,EC,BC
4016,191.0,5594,1315,ME,BC
4017,191.0,5596,4,AU,BC
4018,191.0,5597,2,PM,OC
4019,191.0,5598,2377,ME,OC
4020,191.0,5600,2,PM,OC
4021,191.0,5602,1219,EC,BC
4022,191.0,5609,1419,CS,OC
4023,191.0,5610,2710,AD,OC
4024,191.0,5613,1113,EC,OC
4025,191.0,5615,1,EE,SC
4026,191.0,5618,4,IM,SC
4027,191.0,5619,5008,CW,BCM
4028,191.0,5620,1211,CS,BC
4029,191.0,5621,2718,IT,OC
4030,191.0,5622,1309,EC,OC
4031,191.0,5623,5008,IM,BCM
4032,191.0,5626,2006,MF,BC
4033,191.0,5627,1309,CS,OC
4034,191.0,5628,5008,MG,OC
4035,191.0,5629,5008,EY,BC
4036,191.0,5632,2,CL,BC
4037,191.0,5633,2722,CS,OC
4038,191.0,5634,2007,EY,BC
4039,191.0,5637,1113,EC,OC
4040,191.0,5642,5008,CE,OC
4041,191.0,5643,1399,IT,OC
4042,191.0,5647,2615,EC,BC
4043,191.0,5649,1211,CS,BC
4044,191.0,5650,4,MF,BCM
4045,191.0,5653,1219,EC,BC
4046,191.0,5654,2712,CS,BCM
4047,191.0,5655,2006,MS,OC
4048,191.0,5656,2712,BT,OC
4049,191.0,5657,1219,EC,BC
4050,191.0,5658,2377,CS,SC
4051,191.0,5659,4960,CS,OC
4052,191.0,5663,5008,EM,BCM
4053,191.0,5666,1,MN,MBC
4054,191.0,5669,2007,EY,BC
4055,191.0,5677,2702,FT,OC
4056,191.0,5679,2006,MF,MBC
4057,191.0,5680,2615,EC,BC
4058,191.0,5683,1315,ME,BC
4059,191.0,5685,1219,CS,BCM
4060,191.0,5686,1304,EC,OC
4061,191.0,5687,4962,EC,OC
4062,191.0,5688,3830,CS,OC
4063,191.0,5689,2643,EC,OC
4064,191.0,5690,2007,EY,BC
4065,191.0,5691,2718,IT,OC
4066,191.0,5692,1,PT,OC
4067,191.0,5696,2718,IT,OC
4068,191.0,5697,2712,SE,OC
4069,191.0,5698,2006,IY,BCM
4070,191.0,5699,2,CL,BCM
4071,191.0,5700,2712,CS,MBC
4072,191.0,5701,2005,EC,MBC
4073,191.0,5702,2718,AD,OC
4074,191.0,5703,2007,EC,MBC
4075,191.0,5704,2718,IT,OC
4076,191.0,5706,2603,CS,OC
4077,191.0,5707,1211,CS,MBC
4078,191.0,5708,2711,EC,OC
4079,191.0,5709,1,ME,SC
4080,191.0,5710,5008,ME,OC
4081,191.0,5711,5901,CS,BC
4082,191.0,5712,2751,AD,OC
4083,191.0,5713,4,AU,BC
4084,191.0,5715,4974,CS,OC
4085,191.0,5716,4960,CS,OC
4086,191.0,5717,5,IT,OC
4087,191.0,5719,2719,CS,OC
4088,191.0,5720,2718,EC,OC
4089,191.0,5721,2377,EC,MBC
4090,191.0,5722,1399,CS,BC
4091,191.0,5724,2702,CS,OC
4092,191.0,5725,4959,EC,OC
4093,191.0,5726,2622,ME,OC
4094,191.0,5727,1315,CS,SC
4095,191.0,5729,5008,EE,MBC
4096,191.0,5730,5012,CC,BCM
4097,190.9,5731,1304,CS,OC
4098,190.9,5732,2006,CE,BC
4099,190.9,5734,5008,ME,OC
4100,190.9,5735,2007,ME,OC
4101,190.9,5736,2006,TX,OC
4102,190.9,5737,2718,IT,OC
4103,190.9,5738,2711,IT,OC
4104,190.9,5740,2609,CE,OC
4105,190.9,5742,5008,EM,MBC
4106,190.9,5743,2711,EE,OC
4107,190.9,5744,1315,CE,OC
4108,190.9,5745,5008,CE,OC
4109,190.9,5746,5008,IM,MBC
4110,190.9,5748,1317,EC,OC
4111,190.9,5750,1211,CS,MBC
4112,190.9,5752,4944,CS,OC
4113,190.9,5753,2615,EC,BC
4114,190.9,5757,2739,CS,OC
4115,190.9,5758,2712,EE,OC
4116,190.9,5759,1211,IT,OC
4117,190.9,5760,4933,EC,OC
4118,190.9,5762,5901,CS,BC
4119,190.9,5763,1317,AD,OC
4120,190.9,5764,2006,EC,SC
4121,190.9,5765,2718,IT,OC
4122,190.9,5767,2,FS,MBC
4123,190.9,5768,2006,MF,BC
4124,190.9,5770,1399,IT,OC
4125,190.9,5771,4,EM,SC
4126,190.9,5772,2622,IT,OC
4127,190.9,5774,1210,AD,OC
4128,190.9,5775,2006,MF,BC
4129,190.9,5776,1399,AD,BC
4130,190.9,5777,2718,IT,OC
4131,190.9,5778,2006,MS,OC
4132,190.9,5779,1113,EC,OC
4133,190.9,5780,2007,EE,BCM
4134,190.9,5781,2718,IT,OC
4135,190.9,5784,2302,CS,OC
4136,190.9,5785,5008,ME,OC
4137,190.9,5786,1113,CS,BC
4138,190.9,5787,2702,CS,OC
4139,190.9,5788,1219,CS,MBC
4140,190.9,5790,1211,CS,BC
4141,190.9,5791,2712,CS,MBC
4142,190.9,5793,2006,MT,OC
4143,190.9,5794,2750,EC,OC
4144,190.9,5795,2712,EE,OC
4145,190.9,5796,2007,ME,OC
4146,190.9,5797,2712,EE,OC
4147,190.9,5798,4,EC,SCA
4148,190.9,5799,2025,CS,OC
4149,190.9,5800,1315,CE,OC
4150,190.9,5802,2613,EC,OC
4151,190.9,5805,2314,AD,OC
4152,190.9,5806,1,MA,MBC
4153,190.9,5807,2718,IT,OC
4154,190.9,5808,1,CE,BCM
4155,190.9,5809,2711,FD,OC
4156,190.9,5810,4967,EE,OC
4157,190.9,5811,2718,IT,OC
4158,190.9,5812,1219,EC,BC
4159,190.9,5813,1317,CS,BC
4160,190.8,5815,4,EI,SC
4161,190.8,5816,2709,CS,OC
4162,190.8,5820,5008,MG,OC
4163,190.8,5821,5986,EC,OC
4164,190.8,5822,1113,EC,OC
4165,190.8,5824,2369,CS,OC
4166,190.8,5825,1317,IT,OC
4167,190.8,5826,5901,CS,BC
4168,190.8,5827,4974,CS,OC
4169,190.8,5828,5901,CS,BC
4170,190.8,5829,2007,EM,MBC
4171,190.8,5830,1419,CS,OC
4172,190.8,5831,1219,EC,BC
4173,190.8,5833,2007,EM,MBC
4174,190.8,5834,2615,EC,BC
4175,190.8,5835,4,PR,BC
4176,190.8,5837,2006,ME,MBC
4177,190.8,5838,1,CM,ST
4178,190.8,5839,2702,AD,OC
4179,190.8,5841,2764,BM,OC
4180,190.8,5842,5008,ME,OC
4181,190.8,5844,2615,EC,BC
4182,190.8,5845,5010,CS,OC
4183,190.8,5846,2006,ES,MBC
4184,190.8,5847,2005,EI,BC
4185,190.8,5848,1419,CS,OC
4186,190.8,5851,4974,CS,BC
4187,190.8,5852,1,MA,BC
4188,190.8,5853,5008,IM,MBC
4189,190.8,5854,5008,ME,OC
4190,190.8,5855,2702,CS,OC
4191,190.8,5856,2718,IT,OC
4192,190.8,5857,2006,MF,BC
4193,190.8,5858,2006,FY,OC
4194,190.8,5859,2712,CS,MBC
4195,190.8,5860,2005,EC,BCM
4196,190.8,5861,2,CL,BC
4197,190.8,5862,5008,EM,BCM
4198,190.8,5864,4,IM,SC
4199,190.8,5866,2608,EC,OC
4200,190.8,5868,2712,CS,MBC
4201,190.8,5869,1211,CS,BC
4202,190.8,5870,2702,CS,OC
4203,190.8,5871,2712,EE,OC
4204,190.8,5872,2718,IT,OC
4205,190.8,5873,2712,CS,MBC
4206,190.8,5876,2702,CS,OC
4207,190.8,5877,1219,EC,BC
4208,190.8,5878,5008,IM,MBC
4209,190.8,5879,1,MI,OC
4210,190.8,5880,2,FS,BC
4211,190.8,5881,1399,AD,BC
4212,190.8,5882,2005,IB,OC
4213,190.8,5883,2718,EC,OC
4214,190.8,5884,2712,EE,OC
4215,190.8,5885,4,PR,BC
4216,190.8,5886,5008,MG,OC
4217,190.8,5887,2710,CS,OC
4218,190.8,5888,2615,EC,BC
4219,190.8,5889,2007,EM,MBC
4220,190.8,5891,2722,CS,OC
4221,190.8,5892,2607,AD,OC
4222,190.8,5894,1324,IT,OC
4223,190.8,5895,4864,EC,OC
4224,190.8,5896,1219,EC,BC
4225,190.8,5897,1,MA,BC
4226,190.8,5898,1113,EC,OC
4227,190.8,5899,5008,EC,MBC
4228,190.8,5900,2702,CS,OC
4229,190.8,5901,1211,EC,OC
4230,190.8,5903,1219,EC,BC
4231,190.8,5905,5,CS,OC
4232,190.7,5906,2718,IT,OC
4233,190.7,5907,1,PT,OC
4234,190.7,5909,2007,CH,OC
4235,190.7,5910,1,MN,BC
4236,190.7,5911,2712,CS,MBC
4237,190.7,5913,2,TX,OC
4238,190.7,5914,4975,EC,OC
4239,190.7,5916,1,CE,SC
4240,190.7,5918,2006,EC,SC
4241,190.7,5919,4,CM,SCA
4242,190.7,5920,5008,MG,OC
4243,190.7,5921,4960,CS,OC
4244,190.7,5922,1113,CS,BC
4245,190.7,5923,2377,ME,OC
4246,190.7,5924,4,AU,BC
4247,190.7,5925,2615,EE,OC
4248,190.7,5926,1219,IT,MBC
4249,190.7,5927,1419,EC,OC
4250,190.7,5928,2615,EC,BC
4251,190.7,5929,1219,EC,MBC
4252,190.7,5930,2718,EC,OC
4253,190.7,5932,2,PP,OC
4254,190.7,5933,2622,ME,OC
4255,190.7,5934,2718,IT,OC
4256,190.7,5935,2718,IT,OC
4257,190.7,5936,5008,CW,MBC
4258,190.7,5939,2005,IT,MBC
4259,190.7,5940,1211,CS,BC
4260,190.7,5941,5901,CS,BC
4261,190.7,5942,2718,AD,OC
4262,190.7,5943,2739,EC,OC
4263,190.7,5945,2718,IT,OC
4264,190.7,5949,4,AU,BC
4265,190.7,5950,5008,MG,OC
4266,190.7,5951,5008,IM,MBC
4267,190.7,5952,5901,EC,OC
4268,190.7,5954,1419,EC,OC
4269,190.7,5955,2736,BM,OC
4270,190.7,5956,2718,IT,BC
4271,190.7,5957,2719,CS,OC
4272,190.7,5960,5008,EC,MBC
4273,190.7,5961,1315,ME,BC
4274,190.7,5962,2739,AD,OC
4275,190.7,5964,1315,CE,OC
4276,190.7,5965,2718,IT,BC
4277,190.7,5966,2711,IT,OC
4278,190.7,5968,5008,CE,OC
4279,190.7,5969,2702,CS,OC
4280,190.7,5970,1219,EC,MBC
4281,190.7,5972,1,PT,OC
4282,190.7,5973,5901,CS,BC
4283,190.7,5974,2702,CS,OC
4284,190.7,5975,2722,CS,OC
4285,190.7,5976,2,CL,BC
4286,190.7,5978,3011,IT,OC
4287,190.7,5979,2712,BT,OC
4288,190.7,5980,5008,EC,MBC
4289,190.7,5981,1,MN,BC
4290,190.7,5982,2702,EC,OC
4291,190.7,5983,1211,CS,BC
4292,190.7,5984,5901,CS,BC
4293,190.7,5986,5008,EE,MBC
4294,190.7,5987,1399,CB,OC
4295,190.7,5988,2718,IT,BC
4296,190.7,5990,1315,CH,BC
4297,190.7,5991,2007,CH,BC
4298,190.7,5992,1317,EC,OC
4299,190.7,5994,5008,CE,OC
4300,190.7,5996,2702,CS,OC
4301,190.7,5997,2718,IT,BC
4302,190.7,5998,5986,CS,OC
4303,190.6,5999,4960,CS,OC
4304,190.6,6000,4960,CS,OC
4305,190.6,6001,1219,EC,BC
4306,190.6,6002,2615,EC,MBC
4307,190.6,6003,4020,CS,OC
4308,190.6,6004,1422,IT,OC
4309,190.6,6007,4,AU,BC
4310,190.6,6008,2,TX,OC
4311,190.6,6009,1315,CH,BC
4312,190.6,6010,4,MF,MBC
4313,190.6,6011,4,AU,BC
4314,190.6,6013,1315,ME,BC
4315,190.6,6014,4974,CS,BC
4316,190.6,6015,2615,EE,OC
4317,190.6,6017,2634,EC,OC
4318,190.6,6018,4,IM,SC
4319,190.6,6019,2726,CS,OC
4320,190.6,6020,2006,MF,BC
4321,190.6,6021,1419,CS,OC
4322,190.6,6022,2718,IT,BC
4323,190.6,6023,5012,CC,MBC
4324,190.6,6024,1399,IT,OC
4325,190.6,6025,2005,EI,BC
4326,190.6,6026,1399,EC,OC
4327,190.6,6029,1211,EC,OC
4328,190.6,6030,1211,EC,OC
4329,190.6,6031,1422,IT,OC
4330,190.6,6033,1399,AD,BC
4331,190.6,6034,2709,IT,OC
4332,190.6,6035,2718,IT,MBC
4333,190.6,6036,2718,AD,OC
4334,190.6,6040,1399,AD,MBC
4335,190.6,6041,1315,CH,BC
4336,190.6,6042,1216,BM,OC
4337,190.6,6043,1450,CS,BC
4338,190.6,6045,2007,EM,MBC
4339,190.6,6046,2615,EC,BC
4340,190.6,6047,2006,ME,MBC
4341,190.6,6048,2718,IT,BC
4342,190.6,6049,4974,EC,OC
4343,190.6,6051,2615,EC,BC
4344,190.6,6052,2718,IT,MBC
4345,190.6,6053,2007,EE,BCM
4346,190.6,6054,2712,AE,OC
4347,190.6,6055,5901,CS,BC
4348,190.6,6056,2656,AD,OC
4349,190.6,6057,1324,CS,OC
4350,190.6,6058,3011,EE,OC
4351,190.6,6059,2718,IT,BC
4352,190.6,6060,2712,MZ,OC
4353,190.6,6061,4,AE,SC
4354,190.6,6062,5901,EC,OC
4355,190.6,6064,2377,EC,MBC
4356,190.6,6065,2712,CS,BCM
4357,190.6,6066,2718,IT,BC
4358,190.6,6067,2711,EC,OC
4359,190.6,6068,5901,CS,BC
4360,190.6,6070,2722,AD,OC
4361,190.6,6072,2615,EC,BC
4362,190.6,6073,2718,EC,OC
4363,190.6,6076,1,MN,MBC
4364,190.6,6077,2712,EE,OC
4365,190.6,6078,1315,CS,SC
4366,190.6,6081,2718,IT,BC
4367,190.6,6083,1399,CB,OC
4368,190.6,6084,1211,CS,BC
4369,190.6,6085,2025,CS,OC
4370,190.6,6086,5008,IM,MBC
4371,190.6,6088,1322,CS,OC
4372,190.6,6090,2007,CE,OC
4373,190.6,6091,2615,EC,BC
4374,190.6,6092,2718,IT,BC
4375,190.6,6093,2718,EC,OC
4376,190.6,6094,2377,EC,MBC
4377,190.6,6097,4944,EC,OC
4378,190.6,6098,1112,CS,OC
4379,190.6,6100,2711,CS,OC
4380,190.6,6101,2712,CS,MBC
4381,190.6,6102,2711,FD,OC
4382,190.6,6103,5008,CE,OC
4383,190.5,6105,5901,CS,BC
4384,190.5,6106,1419,AD,OC
4385,190.5,6108,5901,EC,OC
4386,190.5,6109,2712,SE,OC
4387,190.5,6111,4,IM,SC
4388,190.5,6112,2711,CS,OC
4389,190.5,6113,2712,AD,MBC
4390,190.5,6114,2005,EI,BC
4391,190.5,6115,2718,IT,BC
4392,190.5,6116,1317,CS,MBC
4393,190.5,6117,3011,CS,OC
4394,190.5,6118,2718,IT,MBC
4395,190.5,6119,1399,IT,OC
4396,190.5,6120,1,MI,OC
4397,190.5,6121,2712,AE,OC
4398,190.5,6122,2005,CE,OC
4399,190.5,6124,2005,EI,BC
4400,190.5,6125,2704,CS,OC
4401,190.5,6127,2712,BT,OC
4402,190.5,6129,1,MI,OC
4403,190.5,6130,5008,ME,OC
4404,190.5,6131,4,PR,BC
4405,190.5,6134,2718,IT,BC
4406,190.5,6135,1419,CS,OC
4407,190.5,6136,2,CH,MBC
4408,190.5,6137,5901,CS,BC
4409,190.5,6139,2005,EE,MBC
4410,190.5,6140,1211,IT,OC
4411,190.5,6141,2712,EI,OC
4412,190.5,6144,2006,BY,MBC
4413,190.5,6145,2622,ME,OC
4414,190.5,6146,2739,CS,OC
4415,190.5,6147,2718,IT,BC
4416,190.5,6148,2627,CS,OC
4417,190.5,6149,5008,IM,BCM
4418,190.5,6151,1315,CH,BC
4419,190.5,6153,1,MI,OC
4420,190.5,6154,4974,CS,BC
4421,190.5,6155,1315,ME,BC
4422,190.5,6158,2718,IT,BC
4423,190.5,6159,4,IM,SC
4424,190.5,6160,1013,CS,OC
4425,190.5,6161,2006,ES,BC
4426,190.5,6162,1210,CS,OC
4427,190.5,6163,5986,CS,OC
4428,190.5,6165,1219,EE,OC
4429,190.5,6166,2718,EC,OC
4430,190.5,6167,2005,IB,OC
4431,190.5,6168,2718,IT,BC
4432,190.5,6171,1419,AD,OC
4433,190.5,6172,5008,IM,MBC
4434,190.5,6173,2718,EC,OC
4435,190.5,6176,1450,CS,BC
4436,190.5,6177,4,MF,MBC
4437,190.5,6182,2,IS,MBC
4438,190.5,6184,5008,CW,MBC
4439,190.5,6185,1419,CS,BC
4440,190.5,6187,5008,ME,OC
4441,190.5,6188,5901,CS,BC
4442,190.5,6190,2750,AE,OC
4443,190.5,6191,4,EI,SC
4444,190.5,6193,1211,BT,OC
4445,190.5,6194,2006,MF,BC
4446,190.5,6195,1211,CS,BC
4447,190.5,6196,1211,CS,BC
4448,190.5,6198,1317,AD,OC
4449,190.5,6199,1315,EE,MBC
4450,190.5,6200,1399,AD,BC
4451,190.5,6201,1219,EC,MBC
4452,190.5,6202,1315,CE,OC
4453,190.5,6205,2712,EE,OC
4454,190.5,6207,4959,AD,OC
4455,190.5,6208,2007,AT,MBC
4456,190.5,6210,2718,IT,BC
4457,190.5,6211,2005,IB,OC
4458,190.5,6212,1219,EC,BC
4459,190.5,6213,1317,CS,BC
4460,190.5,6214,1317,CS,BC
4461,190.5,6215,1422,EE,OC
4462,190.5,6216,1419,IT,OC
4463,190.5,6217,1317,CS,BC
4464,190.5,6218,2006,CE,BC
4465,190.5,6220,5,CS,OC
4466,190.5,6221,1317,CS,BC
4467,190.5,6222,1219,EC,BC
4468,190.5,6223,1219,EC,BC
4469,190.5,6224,1399,CB,OC
4470,190.5,6225,4,IM,SC
4471,190.5,6226,1211,IT,OC
4472,190.5,6228,1211,EC,OC
4473,190.5,6232,4,EM,SC
4474,190.5,6233,1211,IT,OC
4475,190.5,6235,2,PM,OC
4476,190.5,6238,2712,BT,BC
4477,190.5,6239,1211,BM,OC
4478,190.5,6240,3011,BT,OC
4479,190.5,6242,1219,EE,OC
4480,190.5,6244,1304,EC,OC
4481,190.5,6250,1149,CS,OC
4482,190.5,6253,1315,CH,BC
4483,190.5,6258,2,FS,SC
4484,190.5,6261,1216,AD,OC
4485,190.5,6263,2718,IT,BC
4486,190.5,6265,2377,ME,OC
4487,190.5,6267,1315,BM,MBC
4488,190.5,6269,1450,EC,OC
4489,190.5,6274,2702,EC,OC
4490,190.5,6275,4,AU,BC
4491,190.5,6276,1315,CH,BC
4492,190.5,6277,3011,PH,OC
4493,190.5,6281,2006,ES,BC
4494,190.5,6282,1,MI,BC
4495,190.5,6285,1311,CS,OC
4496,190.5,6287,2712,BT,BC
4497,190.5,6289,2712,SE,OC
4498,190.5,6290,1219,IT,MBC
4499,190.5,6290,1,MN,BC
4500,190.5,6292,4,AU,BC
4501,190.5,6293,1211,CS,BC
4502,190.5,6294,2006,MF,BCM
4503,190.5,6295,2,PM,OC
4504,190.5,6296,1315,CS,SC
4505,190.5,6298,1399,AD,BC
4506,190.5,6300,2,PP,OC
4507,190.5,6302,2712,EE,OC
4508,190.5,6305,2615,EC,BC
4509,190.5,6308,4,AU,BC
4510,190.5,6309,2718,IT,BC
4511,190.5,6310,2007,ME,OC
4512,190.5,6311,5008,MG,OC
4513,190.5,6312,1315,ME,MBC
4514,190.5,6313,5008,MF,OC
4515,190.5,6319,1211,CS,BC
4516,190.5,6320,1432,CS,OC
4517,190.5,6322,4,EM,SC
4518,190.5,6323,2718,IT,BC
4519,190.5,6325,1,MN,BC
4520,190.5,6326,2025,CS,BC
4521,190.5,6327,1211,EC,OC
4522,190.5,6332,2006,ES,BC
4523,190.5,6333,2006,ME,SC
4524,190.5,6335,5008,ME,BC
4525,190.5,6336,1304,CS,BC
4526,190.5,6342,4,MF,MBC
4527,190.5,6343,5008,MG,OC
4528,190.5,6345,2006,TX,OC
4529,190.5,6347,1321,MN,OC
4530,190.5,6348,5901,CS,BC
4531,190.5,6349,1419,EC,OC
4532,190.5,6352,1399,CS,MBC
4533,190.5,6355,2,FS,MBC
4534,190.5,6357,1,MI,BC
4535,190.5,6358,1211,BT,OC
4536,190.5,6362,4,PR,MBC
4537,190.5,6363,1,CE,BCM
4538,190.5,6366,5008,IM,MBC
4539,190.5,6369,2005,IB,OC
4540,190.5,6370,2718,AD,OC
4541,190.5,6372,1113,EC,OC
4542,190.5,6373,1399,EC,OC
4543,190.5,6374,2025,EC,OC
4544,190.5,6376,2764,BM,OC
4545,190.5,6378,2006,BS,MBC
4546,190.5,6379,2006,ES,BC
4547,190.5,6380,2005,IB,OC
4548,190.5,6385,1399,AD,BC
4549,190.5,6386,4960,CS,OC
4550,190.5,6388,2712,SE,OC
4551,190.5,6389,1113,IT,OC
4552,190.5,6390,2712,BT,MBC
4553,190.5,6391,2702,CS,OC
4554,190.5,6393,2,FS,BCM
4555,190.5,6394,2,IS,BCM
4556,190.5,6395,4,MF,MBC
4557,190.5,6396,1211,CS,BC
4558,190.5,6397,2006,AS,OC
4559,190.5,6398,4,EM,SC
4560,190.5,6399,4953,CS,OC
4561,190.5,6400,1419,CS,MBC
4562,190.5,6401,5910,CS,OC
4563,190.5,6405,1399,CS,MBC
4564,190.5,6407,2,PM,BC
4565,190.5,6408,2005,ME,OC
4566,190.5,6409,1,CE,MBC
4567,190.5,6410,2750,AD,OC
4568,190.5,6411,2712,EE,OC
4569,190.5,6412,2702,CS,OC
4570,190.5,6416,1317,CS,BC
4571,190.5,6417,4,IM,SC
4572,190.5,6418,3465,CS,OC
4573,190.5,6420,2007,ME,OC
4574,190.5,6422,1399,EC,OC
4575,190.5,6423,1113,CS,BC
4576,190.5,6427,2712,EE,OC
4577,190.5,6428,4,EM,SC
4578,190.5,6429,5008,ME,MBC
4579,190.5,6430,2711,MZ,OC
4580,190.5,6431,1399,IT,OC
4581,190.5,6432,1211,IT,OC
4582,190.5,6433,1211,EC,OC
4583,190.5,6434,2615,CS,MBC
4584,190.5,6435,1399,IT,BC
4585,190.5,6436,1,IE,MBC
4586,190.5,6438,5986,CS,OC
4587,190.4,6439,3011,IT,OC
4588,190.4,6440,2007,CH,BC
4589,190.4,6441,4,EM,SC
4590,190.4,6442,4,AU,BC
4591,190.4,6443,1399,EC,OC
4592,190.4,6444,1211,IT,OC
4593,190.4,6445,5901,EE,OC
4594,190.4,6448,2005,EI,BC
4595,190.4,6449,1419,IT,OC
4596,190.4,6450,4,IM,SC
4597,190.4,6451,2007,ME,OC
4598,190.4,6452,2005,EC,SC
4599,190.4,6453,2715,CS,OC
4600,190.4,6454,1219,EE,OC
4601,190.4,6455,4,AU,BC
4602,190.4,6456,1210,IT,OC
4603,190.4,6457,2006,CE,MBC
4604,190.4,6458,1315,CH,BC
4605,190.4,6460,1211,CB,OC
4606,190.4,6461,2,LE,OC
4607,190.4,6462,4962,CS,OC
4608,190.4,6463,1,ME,SC
4609,190.4,6464,5008,EM,MBC
4610,190.4,6465,5008,EM,MBC
4611,190.4,6466,2025,CS,MBC
4612,190.4,6467,1211,IT,OC
4613,190.4,6468,2712,IT,MBC
4614,190.4,6469,2718,IT,BC
4615,190.4,6471,2712,EE,OC
4616,190.4,6472,4974,CS,BC
4617,190.4,6475,2718,EC,OC
4618,190.4,6477,2702,CS,OC
4619,190.4,6478,1113,CS,BC
4620,190.4,6482,1399,EC,OC
4621,190.4,6484,2712,BT,BC
4622,190.4,6485,2702,CS,OC
4623,190.4,6486,2718,CJ,OC
4624,190.4,6487,5,EC,OC
4625,190.4,6489,2711,IT,OC
4626,190.4,6491,2702,CS,OC
4627,190.4,6492,1419,CS,MBC
4628,190.4,6495,1419,CS,BC
4629,190.4,6498,5008,EM,MBC
4630,190.4,6499,2,PM,BC
4631,190.4,6500,2007,CH,BC
4632,190.4,6501,2005,ME,OC
4633,190.4,6502,3825,CS,OC
4634,190.4,6504,1315,EC,SC
4635,190.4,6505,2007,ME,OC
4636,190.4,6508,1219,CS,MBC
4637,190.4,6509,1,EE,SCA
4638,190.4,6510,2740,IT,OC
4639,190.4,6512,1113,CS,BC
4640,190.4,6513,1315,ME,MBC
4641,190.4,6515,2702,CS,OC
4642,190.4,6516,2709,IT,OC
4643,190.4,6517,2005,EI,BC
4644,190.4,6518,2005,EE,MBC
4645,190.4,6520,2025,CS,BC
4646,190.4,6521,2007,CH,BC
4647,190.4,6522,4,IM,SC
4648,190.4,6524,1399,AD,BC
4649,190.4,6525,2622,EC,OC
4650,190.4,6526,2006,ES,BC
4651,190.4,6528,1219,EC,BC
4652,190.4,6530,5910,IT,OC
4653,190.4,6532,2005,EI,BC
4654,190.4,6533,2718,AD,BC
4655,190.4,6534,5901,EC,OC
4656,190.4,6535,1399,IT,BC
4657,190.3,6537,1432,CS,OC
4658,190.3,6539,2007,ME,OC
4659,190.3,6540,2718,CB,OC
4660,190.3,6541,2006,CN,OC
4661,190.3,6542,1304,IT,OC
4662,190.3,6543,2739,CS,OC
4663,190.3,6544,2711,EC,OC
4664,190.3,6546,2710,CS,OC
4665,190.3,6547,1113,AD,OC
4666,190.3,6548,4,AU,MBC
4667,190.3,6549,1419,EC,OC
4668,190.3,6550,2005,EI,BC
4669,190.3,6552,5986,CS,OC
4670,190.3,6555,2718,EC,OC
4671,190.3,6556,2718,IT,BC
4672,190.3,6557,4960,EE,OC
4673,190.3,6558,2711,CS,OC
4674,190.3,6559,1219,EE,OC
4675,190.3,6563,2718,EC,OC
4676,190.3,6564,2702,CS,OC
4677,190.3,6566,1211,CD,OC
4678,190.3,6569,1211,IT,OC
4679,190.3,6570,1315,CE,BC
4680,190.3,6571,1422,CS,OC
4681,190.3,6573,4,RP,OC
4682,190.3,6575,5010,CS,OC
4683,190.3,6577,2615,EE,OC
4684,190.3,6578,2712,EC,MBC
4685,190.3,6579,1113,EC,OC
4686,190.3,6580,1,IE,BCM
4687,190.3,6581,2718,EC,OC
4688,190.3,6582,4960,BT,OC
4689,190.3,6583,2025,CS,MBC
4690,190.3,6584,2718,EC,OC
4691,190.3,6585,3795,EC,OC
4692,190.3,6586,1149,IT,OC
4693,190.3,6587,1412,EC,OC
4694,190.3,6589,5012,CC,BCM
4695,190.3,6591,2712,EC,MBC
4696,190.3,6592,2726,CS,OC
4697,190.3,6593,1399,AD,BC
4698,190.3,6594,2718,AD,BC
4699,190.3,6595,2718,IT,BC
4700,190.3,6596,2006,MT,OC
4701,190.3,6598,2709,CS,OC
4702,190.3,6599,2712,EI,OC
4703,190.3,6600,2712,BT,BC
4704,190.3,6601,1304,CS,BC
4705,190.3,6602,1450,IT,OC
4706,190.3,6602,4974,EC,OC
4707,190.3,6603,1317,CS,BC
4708,190.3,6604,1419,AD,OC
4709,190.3,6605,5901,EC,OC
4710,190.3,6606,2702,CS,OC
4711,190.3,6610,2712,EE,OC
4712,190.3,6611,1317,CS,BC
4713,190.3,6612,1,CE,MBC
4714,190.3,6613,1317,BT,OC
4715,190.3,6614,2006,PR,OC
4716,190.3,6615,2712,EE,OC
4717,190.3,6616,2007,EE,MBC
4718,190.3,6618,5008,EE,MBC
4719,190.3,6619,2005,EI,BC
4720,190.3,6620,1211,IT,OC
4721,190.3,6621,5008,IM,MBC
4722,190.3,6622,1211,EC,OC
4723,190.3,6623,5910,IT,OC
4724,190.3,6626,4960,CS,OC
4725,190.3,6627,1,XC,OC
4726,190.3,6628,2711,CS,OC
4727,190.3,6630,2718,EC,OC
4728,190.2,6632,1211,IT,BC
4729,190.2,6633,2718,EC,OC
4730,190.2,6634,1399,EC,OC
4731,190.2,6636,2615,EE,OC
4732,190.2,6637,4,PR,MBC
4733,190.2,6638,4,EM,SC
4734,190.2,6639,2712,EE,OC
4735,190.2,6640,2712,CS,MBC
4736,190.2,6641,1,MN,BC
4737,190.2,6643,5008,IM,MBC
4738,190.2,6644,4974,EC,OC
4739,190.2,6646,1419,CS,BC
4740,190.2,6647,2006,BY,MBC
4741,190.2,6649,1399,ME,OC
4742,190.2,6650,1311,AE,OC
4743,190.2,6651,5901,CS,BCM
4744,190.2,6653,1315,IT,SC
4745,190.2,6655,2712,EC,BCM
4746,190.2,6656,1450,IT,OC
4747,190.2,6657,1216,BM,OC
4748,190.2,6658,2718,IT,BC
4749,190.2,6659,2622,IT,OC
4750,190.2,6660,3011,PC,OC
4751,190.2,6661,2615,EE,OC
4752,190.2,6662,2718,AD,BC
4753,190.2,6663,1,CE,SC
4754,190.2,6665,2712,EC,BCM
4755,190.2,6666,2702,IT,OC
4756,190.2,6667,2,FS,MBC
4757,190.2,6668,1419,CS,BC
4758,190.2,6669,2702,CS,OC
4759,190.2,6670,2007,EE,MBC
4760,190.2,6671,2006,CE,MBC
4761,190.2,6672,4023,IT,OC
4762,190.2,6673,2718,IT,BC
4763,190.2,6674,1,MN,BC
4764,190.2,6675,2007,EE,MBC
4765,190.2,6676,2719,EC,OC
4766,190.2,6677,2718,EC,OC
4767,190.2,6678,2764,AD,OC
4768,190.2,6680,2710,CS,OC
4769,190.2,6681,2711,AL,OC
4770,190.2,6683,1,MN,BC
4771,190.2,6684,1211,IT,BC
4772,190.2,6685,2712,BT,BC
4773,190.2,6686,4,MF,MBC
4774,190.2,6687,2712,EE,OC
4775,190.2,6691,2007,ME,OC
4776,190.2,6692,2718,EC,OC
4777,190.2,6693,2007,CH,BC
4778,190.2,6694,2622,ME,OC
4779,190.2,6695,2006,CM,SC
4780,190.2,6696,1219,BT,BC
4781,190.2,6697,1210,CS,OC
4782,190.2,6698,1450,IT,OC
4783,190.2,6699,2615,MT,OC
4784,190.2,6701,2005,EI,MBC
4785,190.2,6702,3801,EE,OC
4786,190.2,6704,2007,CH,BC
4787,190.2,6705,1219,EE,OC
4788,190.2,6707,2722,CS,OC
4789,190.2,6708,2006,CN,OC
4790,190.2,6709,4971,CS,OC
4791,190.2,6711,2718,EC,OC
4792,190.2,6712,1399,EC,OC
4793,190.2,6713,4974,CS,BC
4794,190.2,6714,5008,EE,BCM
4795,190.2,6715,4,AE,SC
4796,190.2,6716,2006,CM,SC
4797,190.2,6718,2715,EC,OC
4798,190.2,6719,2712,EE,BC
4799,190.2,6721,1219,BT,BC
4800,190.2,6722,1219,EC,BC
4801,190.2,6723,2709,CS,OC
4802,190.2,6725,5008,CE,OC
4803,190.2,6726,4974,EC,OC
4804,190.2,6727,1219,EE,OC
4805,190.2,6728,2615,EC,MBC
4806,190.2,6729,2369,EC,OC
4807,190.2,6730,1317,BT,OC
4808,190.2,6733,2005,EI,BC
4809,190.2,6734,1219,EC,BC
4810,190.2,6735,2006,MT,OC
4811,190.2,6736,1219,EC,BC
4812,190.2,6738,2709,IT,OC
4813,190.2,6739,2377,ME,OC
4814,190.2,6741,2718,EC,OC
4815,190.1,6743,2615,CS,MBC
4816,190.1,6744,2005,EE,BCM
4817,190.1,6745,2603,CS,OC
4818,190.1,6747,2005,EI,BC
4819,190.1,6749,4971,CS,OC
4820,190.1,6750,5008,IM,MBC
4821,190.1,6751,1013,CS,OC
4822,190.1,6752,2718,EC,OC
4823,190.1,6753,2704,IT,OC
4824,190.1,6754,4,MF,MBC
4825,190.1,6755,2005,EI,BC
4826,190.1,6756,2007,EE,MBC
4827,190.1,6757,2712,EE,BC
4828,190.1,6758,1113,CS,BC
4829,190.1,6759,1399,IT,BC
4830,190.1,6760,2005,EE,MBC
4831,190.1,6761,2723,BM,OC
4832,190.1,6762,2,CH,SC
4833,190.1,6763,1450,EC,OC
4834,190.1,6764,1113,IT,OC
4835,190.1,6765,4678,EE,OC
4836,190.1,6767,2722,EC,OC
4837,190.1,6768,1309,CS,OC
4838,190.1,6769,2615,EE,OC
4839,190.1,6770,2702,CS,OC
4840,190.1,6771,1210,AD,OC
4841,190.1,6772,1399,AD,BC
4842,190.1,6773,5901,CS,MBC
4843,190.1,6775,2739,CS,OC
4844,190.1,6776,2006,RA,MBC
4845,190.1,6777,1211,EC,OC
4846,190.1,6779,1,MA,MBC
4847,190.1,6781,2764,CS,OC
4848,190.1,6782,2006,CN,OC
4849,190.1,6784,1304,CS,BC
4850,190.1,6786,1113,CS,MBC
4851,190.1,6789,5901,EC,OC
4852,190.1,6790,1211,CS,MBC
4853,190.1,6791,2712,EE,MBC
4854,190.1,6792,2622,IT,OC
4855,190.1,6793,2615,EE,OC
4856,190.1,6799,2377,CE,OC
4857,190.1,6800,1112,CS,OC
4858,190.1,6802,1211,BM,OC
4859,190.1,6803,2005,IB,OC
4860,190.1,6804,2357,EC,OC
4861,190.1,6805,2711,CS,OC
4862,190.1,6807,1399,BM,OC
4863,190.1,6808,2718,AD,BC
4864,190.1,6809,2005,EI,BC
4865,190.1,6810,1,MN,BC
4866,190.1,6811,2727,CS,OC
4867,190.1,6812,1113,CS,BC
4868,190.1,6815,2723,EC,OC
4869,190.1,6816,1303,AD,OC
4870,190.1,6817,1211,EC,OC
4871,190.1,6818,2718,IT,BC
4872,190.1,6819,2622,CS,OC
4873,190.1,6822,1,MN,BC
4874,190.1,6823,1304,CS,BC
4875,190.1,6824,2718,EC,OC
4876,190.1,6825,4974,CS,MBC
4877,190.1,6827,2005,EE,MBC
4878,190.1,6829,1419,IT,OC
4879,190.1,6830,2712,CS,MBC
4880,190.1,6831,2712,EE,MBC
4881,190.1,6833,5008,ME,BC
4882,190.1,6837,1219,EC,MBC
4883,190.1,6838,2718,EC,OC
4884,190.1,6839,2709,CS,OC
4885,190.1,6840,2622,ME,OC
4886,190.0,6841,1219,EE,OC
4887,190.0,6842,1432,AD,OC
4888,190.0,6843,4960,IT,OC
4889,190.0,6844,1211,IT,BC
4890,190.0,6846,5008,ME,BC
4891,190.0,6847,1399,IT,BC
4892,190.0,6848,2712,EE,BC
4893,190.0,6849,5008,ME,BC
4894,190.0,6851,1316,CS,OC
4895,190.0,6852,1422,CS,OC
4896,190.0,6853,4974,CS,BC
4897,190.0,6854,2007,CH,BC
4898,190.0,6855,1309,CS,OC
4899,190.0,6856,5910,CS,OC
4900,190.0,6858,4971,CS,OC
4901,190.0,6859,2007,EE,MBC
4902,190.0,6860,2712,EE,BC
4903,190.0,6861,2025,CS,BC
4904,190.0,6862,2718,IT,BC
4905,190.0,6863,3011,EC,OC
4906,190.0,6864,2,CH,MBC
4907,190.0,6865,2005,CE,OC
4908,190.0,6867,2712,SE,BC
4909,190.0,6868,2711,CS,OC
4910,190.0,6872,1219,IT,MBC
4911,190.0,6873,2377,EE,BCM
4912,190.0,6874,2006,PR,OC
4913,190.0,6875,1317,CS,BC
4914,190.0,6876,2025,EC,OC
4915,190.0,6877,1113,EC,OC
4916,190.0,6878,2006,RA,MBC
4917,190.0,6879,5008,MG,BC
4918,190.0,6881,2711,IT,OC
4919,190.0,6882,2718,IT,BC
4920,190.0,6884,2718,EC,OC
4921,190.0,6886,1399,CS,MBC
4922,190.0,6888,1113,IT,OC
4923,190.0,6889,2719,CS,OC
4924,190.0,6890,2006,ES,BC
4925,190.0,6891,1324,CS,OC
4926,190.0,6892,1219,EC,BC
4927,190.0,6894,1317,AD,OC
4928,190.0,6896,5986,CS,OC
4929,190.0,6897,5910,CS,OC
4930,190.0,6898,2712,AE,OC
4931,190.0,6899,1,MN,BC
4932,190.0,6901,1211,IT,MBC
4933,190.0,6902,1399,CB,OC
4934,190.0,6903,1231,CS,OC
4935,190.0,6904,1315,CS,SC
4936,190.0,6906,2718,CB,OC
4937,190.0,6907,2712,EC,MBC
4938,190.0,6908,1419,CS,BC
4939,190.0,6909,1219,BT,MBC
4940,190.0,6910,3465,EC,OC
4941,190.0,6915,1,IE,SC
4942,190.0,6919,2712,AD,BCM
4943,190.0,6921,2006,ME,MBC
4944,190.0,6922,2006,MS,OC
4945,190.0,6925,2377,ME,OC
4946,190.0,6926,4,AU,BC
4947,190.0,6928,2718,CS,MBC
4948,190.0,6929,1304,IT,OC
4949,190.0,6930,5008,MG,BC
4950,190.0,6931,4,PR,BC
4951,190.0,6932,2712,EC,BCM
4952,190.0,6937,2007,CH,BC
4953,190.0,6938,2718,EC,OC
4954,190.0,6939,2712,CS,MBC
4955,190.0,6943,2006,CM,SC
4956,190.0,6944,1219,IT,MBC
4957,190.0,6945,1113,CS,BC
4958,190.0,6946,2,IB,SC
4959,190.0,6947,1211,EC,OC
4960,190.0,6948,5,CS,OC
4961,190.0,6950,1,MN,BC
4962,190.0,6952,1219,EC,BC
4963,190.0,6953,1315,CS,SCA
4964,190.0,6957,2718,EC,OC
4965,190.0,6958,2712,IT,MBC
4966,190.0,6959,2006,EM,SC
4967,190.0,6962,2712,EE,BC
4968,190.0,6966,2718,AD,BC
4969,190.0,6967,1211,IT,BC
4970,190.0,6968,1,MN,BC
4971,190.0,6971,3819,CS,OC
4972,190.0,6972,5008,ME,BC
4973,190.0,6974,1219,EC,BC
4974,190.0,6975,1399,IT,BC
4975,190.0,6976,2718,AD,MBC
4976,190.0,6977,4974,CS,BC
4977,190.0,6979,1219,EC,BC
4978,190.0,6980,1211,BM,OC
4979,190.0,6981,2005,IB,OC
4980,190.0,6982,4,EI,SC
4981,190.0,6985,1113,CS,BC
4982,190.0,6986,1419,CS,MBC
4983,190.0,6989,2712,ME,OC
4984,190.0,6990,1315,EE,SC
4985,190.0,6991,2006,BS,MBC
4986,190.0,6992,1,BY,SC
4987,190.0,6999,2718,EC,BC
4988,190.0,7001,2712,EE,BC
4989,190.0,7003,2718,EC,BC
4990,190.0,7004,5008,ME,BC
4991,190.0,7012,5986,CS,OC
4992,190.0,7013,1450,EC,OC
4993,190.0,7017,2007,CH,BC
4994,190.0,7018,1210,CS,OC
4995,190.0,7019,2025,CS,BC
4996,190.0,7020,1211,BT,OC
4997,190.0,7023,1399,EC,OC
4998,190.0,7026,1113,CS,BC
4999,190.0,7028,1419,IT,OC
5000,190.0,7029,1315,EE,SC
5001,190.0,7030,3701,CS,OC
5002,190.0,7031,4,AU,MBC
5003,190.0,7035,1211,CS,MBC
5004,190.0,7036,1113,CS,BC
5005,190.0,7038,1399,IT,BC
5006,190.0,7041,1419,CS,BC
5007,190.0,7043,2006,ES,BC
5008,190.0,7049,1219,EC,MBC
5009,190.0,7052,1317,BT,OC
5010,190.0,7053,1,PT,OC
5011,190.0,7054,1211,AL,OC
5012,190.0,7056,4,PR,BC
5013,190.0,7059,1116,CS,OC
5014,190.0,7060,2712,SE,BC
5015,190.0,7061,2005,EI,BC
5016,190.0,7062,4,PR,BC
5017,190.0,7064,2710,AD,OC
5018,190.0,7066,1211,CB,OC
5019,190.0,7067,1,MN,BC
5020,190.0,7069,2025,CS,MBC
5021,190.0,7070,1,PT,OC
5022,190.0,7071,1399,AD,BC
5023,190.0,7072,1211,CB,OC
5024,190.0,7073,2,PM,BC
5025,190.0,7075,4,PR,BC
5026,190.0,7076,1210,IT,OC
5027,190.0,7077,2377,ME,OC
5028,190.0,7080,1113,EC,OC
5029,190.0,7082,2618,EC,OC
5030,190.0,7086,2718,EC,BC
5031,190.0,7087,2712,EC,MBC
5032,190.0,7088,1,MN,BC
5033,190.0,7090,1450,EC,OC
5034,190.0,7093,2005,EI,BC
5035,190.0,7094,2719,CS,OC
5036,190.0,7097,1211,IT,BC
5037,190.0,7099,5008,CW,MBC
5038,190.0,7101,2006,BS,BCM
5039,190.0,7103,2,IS,MBC
5040,190.0,7106,5901,EC,OC
5041,190.0,7108,3011,BT,OC
5042,190.0,7109,1113,CS,BC
5043,190.0,7110,3011,BT,OC
5044,190.0,7111,2711,EC,OC
5045,190.0,7112,2702,CS,OC
5046,190.0,7113,1315,CE,BC
5047,190.0,7114,5008,ME,BCM
5048,190.0,7116,2007,CE,OC
5049,190.0,7118,1315,ME,MBC
5050,190.0,7120,1324,CS,OC
5051,190.0,7121,2711,CS,OC
5052,190.0,7122,1210,CE,OC
5053,190.0,7124,2712,EI,OC
5054,190.0,7125,1304,AD,OC
5055,190.0,7127,1317,IT,OC
5056,190.0,7128,4,PR,BC
5057,190.0,7129,1211,IT,BC
5058,190.0,7133,1304,IT,OC
5059,190.0,7134,2712,EE,BC
5060,190.0,7137,2,TX,OC
5061,190.0,7139,1219,CS,MBC
5062,190.0,7140,1419,CS,BC
5063,190.0,7141,2702,CS,OC
5064,190.0,7142,2712,BT,BC
5065,190.0,7143,2718,EC,BC
5066,190.0,7144,1304,EC,OC
5067,190.0,7145,2719,CS,OC
5068,190.0,7147,2007,CH,BC
5069,190.0,7148,4,EI,SC
5070,190.0,7151,1113,CS,BC
5071,190.0,7152,1419,CJ,OC
5072,190.0,7154,2712,EE,BC
5073,190.0,7156,1317,CS,BC
5074,190.0,7159,1304,IT,OC
5075,190.0,7162,1399,CB,OC
5076,190.0,7168,5008,EM,MBC
5077,190.0,7170,2711,CS,OC
5078,190.0,7171,5986,CS,OC
5079,190.0,7172,1211,IT,BC
5080,190.0,7173,1399,BM,OC
5081,190.0,7175,2712,EE,BC
5082,190.0,7177,1,BY,MBC
5083,190.0,7178,2702,BT,OC
5084,190.0,7179,1317,CS,BC
5085,190.0,7183,2719,CS,OC
5086,190.0,7184,2615,EE,OC
5087,190.0,7185,1419,CS,BC
5088,190.0,7187,2,PM,BCM
5089,190.0,7192,2006,CM,SC
5090,190.0,7193,2007,ME,BC
5091,190.0,7195,1219,CS,MBC
5092,190.0,7196,4960,CS,OC
5093,190.0,7201,1315,CE,BC
5094,190.0,7203,2007,ME,BC
5095,190.0,7204,2025,ME,OC
5096,190.0,7205,2006,MF,MBC
5097,190.0,7206,1419,CS,BC
5098,190.0,7207,3465,EC,OC
5099,190.0,7208,1419,CS,BC
5100,190.0,7209,2005,IB,OC
5101,190.0,7213,2712,EE,BC
5102,190.0,7219,2712,BT,MBC
5103,190.0,7220,2718,EC,BC
5104,190.0,7221,2712,EE,BC
5105,190.0,7225,2007,ME,BC
5106,190.0,7229,1219,EE,OC
5107,190.0,7231,2718,EC,BC
5108,190.0,7232,2005,EE,MBC
5109,190.0,7234,2006,CE,MBC
5110,190.0,7235,1,MN,MBC
5111,190.0,7236,1399,CS,MBC
5112,190.0,7237,3011,BT,OC
5113,190.0,7241,2005,IB,OC
5114,190.0,7242,1304,CS,BC
5115,190.0,7243,1211,AL,OC
5116,190.0,7244,1113,CS,MBC
5117,190.0,7245,2615,EE,OC
5118,190.0,7246,1304,AD,OC
5119,190.0,7249,2005,IB,OC
5120,190.0,7254,4,EI,SC
5121,190.0,7255,2712,EC,MBC
5122,190.0,7258,1211,CS,BCM
5123,190.0,7260,3011,BT,OC
5124,190.0,7261,1304,CS,BC
5125,190.0,7263,5008,ME,BC
5126,190.0,7265,2718,EC,BC
5127,190.0,7267,5008,CE,MBC
5128,190.0,7271,3465,CS,OC
5129,190.0,7274,1304,CS,BC
5130,190.0,7275,1304,CS,BC
5131,190.0,7281,2618,CS,OC
5132,190.0,7283,4,EI,SC
5133,190.0,7284,2702,BM,OC
5134,190.0,7289,2006,RA,MBC
5135,190.0,7294,1113,CS,BC
5136,190.0,7295,2377,ME,OC
5137,190.0,7297,4,PR,BC
5138,190.0,7298,1211,IT,BC
5139,190.0,7304,2377,ME,OC
5140,190.0,7305,1317,IT,OC
5141,190.0,7306,1219,CS,MBC
5142,190.0,7307,1,ME,SC
5143,190.0,7312,2718,CB,OC
5144,190.0,7316,1,CE,SC
5145,190.0,7318,1211,CS,MBC
5146,190.0,7319,1399,CB,OC
5147,190.0,7320,1210,CS,OC
5148,190.0,7321,2718,EC,BC
5149,190.0,7322,1419,EC,OC
5150,190.0,7323,1113,CS,BC
5151,190.0,7325,4,RP,OC
5152,190.0,7327,1315,ME,MBC
5153,190.0,7330,1419,CS,MBC
5154,190.0,7332,1317,IT,OC
5155,190.0,7333,2718,EC,BC
5156,190.0,7334,1,PT,OC
5157,190.0,7335,5008,CS,SC
5158,190.0,7337,1317,CS,BC
5159,190.0,7340,2005,IB,OC
5160,190.0,7341,2711,CS,OC
5161,190.0,7342,2718,AD,BC
5162,190.0,7344,1317,CS,BC
5163,190.0,7347,2718,CB,OC
5164,190.0,7348,1211,CB,OC
5165,190.0,7349,2718,CS,BCM
5166,190.0,7350,2006,MT,OC
5167,190.0,7353,1211,CB,OC
5168,190.0,7354,1419,CS,BC
5169,190.0,7355,2718,CJ,OC
5170,190.0,7356,4,MF,SC
5171,190.0,7357,2718,MZ,OC
5172,190.0,7358,2712,SE,BC
5173,190.0,7363,2006,ME,MBC
5174,190.0,7364,2722,CS,OC
5175,190.0,7365,1,ME,SC
5176,190.0,7366,2,PP,OC
5177,190.0,7367,1210,CS,OC
5178,190.0,7369,1450,IT,OC
5179,190.0,7371,1419,CB,OC
5180,190.0,7372,5008,CW,MBC
5181,190.0,7376,1,PT,OC
5182,190.0,7377,2006,RA,MBC
5183,190.0,7378,1399,MZ,OC
5184,190.0,7380,1450,IT,OC
5185,190.0,7384,4,AE,SC
5186,190.0,7385,1304,CS,BC
5187,190.0,7388,1211,EC,OC
5188,190.0,7389,2718,EC,BC
5189,190.0,7390,1211,IT,BC
5190,190.0,7393,1113,IT,OC
5191,190.0,7394,1317,AL,OC
5192,190.0,7397,1315,CE,BC
5193,190.0,7398,1219,BT,MBC
5194,190.0,7399,1211,BM,OC
5195,190.0,7400,1399,CS,MBC
5196,190.0,7402,2005,ME,OC
5197,190.0,7403,4,PR,BC
5198,190.0,7404,5008,CE,BC
5199,190.0,7408,5008,ME,BC
5200,190.0,7410,2718,EC,BC
5201,190.0,7413,1399,CB,OC
5202,190.0,7415,1304,CS,BC
5203,190.0,7418,2712,IT,MBC
5204,190.0,7419,5008,ME,BC
5205,190.0,7420,4960,CS,OC
5206,190.0,7426,1304,CS,MBC
5207,190.0,7427,1399,CB,OC
5208,190.0,7428,4,EI,SC
5209,190.0,7430,1113,EC,OC
5210,190.0,7433,1315,EC,SC
5211,190.0,7435,1219,BT,MBC
5212,190.0,7436,1026,CS,OC
5213,190.0,7437,1304,CS,MBC
5214,190.0,7438,1211,EC,OC
5215,190.0,7440,1211,IT,BC
5216,190.0,7442,2712,EC,MBC
5217,190.0,7446,3465,CS,OC
5218,190.0,7447,1211,EC,OC
5219,190.0,7449,2007,ME,BC
5220,190.0,7451,2006,CN,OC
5221,190.0,7455,5008,ME,BC
5222,190.0,7456,4974,CS,BC
5223,190.0,7457,1304,AD,OC
5224,190.0,7466,1113,IT,OC
5225,190.0,7469,2718,EC,BC
5226,190.0,7471,4,PR,BC
5227,190.0,7472,1315,ME,MBC
5228,190.0,7473,5008,EM,MBC
5229,190.0,7474,1211,EC,OC
5230,190.0,7476,1113,CS,BC
5231,190.0,7477,2005,ME,OC
5232,190.0,7478,1211,AL,OC
5233,190.0,7479,4,AE,SC
5234,190.0,7482,1304,CS,BC
5235,190.0,7483,3011,BT,OC
5236,190.0,7486,2718,EC,BC
5237,190.0,7487,1211,IT,BC
5238,190.0,7488,2615,CS,MBC
5239,190.0,7491,5008,MF,OC
5240,190.0,7492,2718,EC,BC
5241,190.0,7493,2764,CS,OC
5242,190.0,7494,3011,CS,OC
5243,190.0,7495,1,PT,OC
5244,190.0,7498,1419,CS,BC
5245,190.0,7499,2,PM,BC
5246,190.0,7502,1399,EC,OC
5247,190.0,7503,2622,ME,OC
5248,190.0,7505,4,PR,MBC
5249,190.0,7509,3011,CS,OC
5250,190.0,7511,2702,CS,OC
5251,190.0,7512,2006,EE,SC
5252,190.0,7514,1211,AL,OC
5253,190.0,7515,2025,CS,BC
5254,190.0,7517,2005,IB,OC
5255,190.0,7521,4960,EC,OC
5256,190.0,7522,1399,EC,OC
5257,190.0,7523,2005,EE,MBC
5258,190.0,7525,1211,EC,OC
5259,190.0,7527,2723,BM,OC
5260,190.0,7528,1317,CS,BC
5261,190.0,7529,3465,CS,OC
5262,190.0,7530,2006,CN,OC
5263,190.0,7531,1211,EC,OC
5264,190.0,7532,1211,EC,OC
5265,190.0,7533,1211,CB,OC
5266,190.0,7534,1219,EE,OC
5267,190.0,7535,1399,CS,BCM
5268,190.0,7536,2005,EI,MBC
5269,190.0,7539,1211,IT,BC
5270,190.0,7540,2006,ME,MBC
5271,190.0,7541,1,IM,SCA
5272,190.0,7542,2005,IB,OC
5273,190.0,7543,4960,EC,OC
5274,190.0,7544,1317,CS,BC
5275,190.0,7546,2702,CS,OC
5276,190.0,7547,1419,CS,BC
5277,190.0,7548,4944,EC,OC
5278,190.0,7550,2718,EC,BC
5279,190.0,7551,2005,EI,MBC
5280,190.0,7552,1450,CS,MBC
5281,190.0,7553,2702,CS,OC
5282,190.0,7557,3465,CS,OC
5283,189.9,7558,4960,CS,OC
5284,189.9,7559,1399,CS,MBC
5285,189.9,7562,2709,CS,OC
5286,189.9,7564,2718,EC,BC
5287,189.9,7565,4974,CS,BC
5288,189.9,7566,2752,CS,OC
5289,189.9,7569,2712,EC,MBC
5290,189.9,7570,2005,EE,BCM
5291,189.9,7571,2025,CS,BC
5292,189.9,7572,2005,IB,OC
5293,189.9,7573,1317,IT,OC
5294,189.9,7574,2702,CS,OC
5295,189.9,7575,4670,CS,OC
5296,189.9,7577,1113,EC,OC
5297,189.9,7578,1211,CB,OC
5298,189.9,7579,2,FS,MBC
5299,189.9,7580,2702,CS,OC
5300,189.9,7581,2007,EY,BCM
5301,189.9,7582,5008,EE,MBC
5302,189.9,7584,2006,BS,SC
5303,189.9,7585,1211,IT,BC
5304,189.9,7586,2710,AD,OC
5305,189.9,7587,2613,CS,OC
5306,189.9,7588,2615,CS,MBC
5307,189.9,7589,1211,AL,OC
5308,189.9,7591,2357,EE,OC
5309,189.9,7595,1399,CS,MBC
5310,189.9,7596,2711,CS,OC
5311,189.9,7598,2750,BM,OC
5312,189.9,7599,2653,CS,OC
5313,189.9,7601,1519,CS,OC
5314,189.9,7606,2712,EC,MBC
5315,189.9,7607,1211,AE,OC
5316,189.9,7608,1,IM,SCA
5317,189.9,7610,1211,EC,OC
5318,189.9,7611,2712,EI,OC
5319,189.9,7612,2711,CS,OC
5320,189.9,7613,2711,CS,OC
5321,189.9,7614,5008,MG,BC
5322,189.9,7615,2005,CE,OC
5323,189.9,7616,5901,EC,OC
5324,189.9,7619,2718,EC,BC
5325,189.9,7620,1399,EC,OC
5326,189.9,7621,2718,CB,OC
5327,189.9,7622,4,PR,BC
5328,189.9,7623,5901,EC,OC
5329,189.9,7624,2718,EC,BC
5330,189.9,7625,1309,CS,OC
5331,189.9,7627,1113,CS,BC
5332,189.9,7628,2718,AD,BC
5333,189.9,7629,1317,CS,BC
5334,189.9,7630,2357,EE,OC
5335,189.9,7631,1211,AL,OC
5336,189.9,7634,2007,EE,MBC
5337,189.9,7635,1,ME,SC
5338,189.9,7636,1211,EC,OC
5339,189.9,7637,5008,CS,SC
5340,189.9,7638,1211,EC,OC
5341,189.9,7639,4960,CS,OC
5342,189.9,7643,2005,CS,SC
5343,189.9,7644,1422,CS,OC
5344,189.9,7645,3819,CS,OC
5345,189.9,7646,4960,CS,OC
5346,189.9,7647,2,PM,BC
5347,189.9,7648,2712,EE,BC
5348,189.9,7649,3830,CS,OC
5349,189.9,7651,2712,SE,BC
5350,189.9,7652,1304,BM,OC
5351,189.9,7653,2622,AD,OC
5352,189.9,7654,1113,IT,OC
5353,189.9,7655,2711,CS,OC
5354,189.9,7657,4962,CS,OC
5355,189.9,7658,1315,ME,MBC
5356,189.9,7659,2702,CS,OC
5357,189.9,7662,1304,CS,MBC
5358,189.9,7664,4,EI,SC
5359,189.9,7665,1211,EC,OC
5360,189.9,7666,1211,EC,OC
5361,189.8,7668,1211,CS,BCM
5362,189.8,7669,2712,AE,OC
5363,189.8,7670,5901,EC,OC
5364,189.8,7671,2611,CH,OC
5365,189.8,7672,2006,PR,OC
5366,189.8,7674,1317,CS,MBC
5367,189.8,7675,1112,CS,OC
5368,189.8,7677,1419,CB,OC
5369,189.8,7680,2712,IT,MBC
5370,189.8,7681,1219,EE,OC
5371,189.8,7682,2607,CS,OC
5372,189.8,7684,3801,EC,OC
5373,189.8,7685,4,AU,BCM
5374,189.8,7686,2005,EE,MBC
5375,189.8,7687,1113,AD,OC
5376,189.8,7689,2005,CS,SCA
5377,189.8,7692,1113,CS,MBC
5378,189.8,7694,1315,CE,BC
5379,189.8,7696,1399,EC,OC
5380,189.8,7696,1321,PA,OC
5381,189.8,7698,1211,CS,MBC
5382,189.8,7699,4974,CS,MBC
5383,189.8,7700,2702,CS,OC
5384,189.8,7702,2719,EC,OC
5385,189.8,7703,2711,EC,OC
5386,189.8,7705,1399,CB,OC
5387,189.8,7706,5008,CE,BC
5388,189.8,7707,2719,CS,OC
5389,189.8,7709,1211,BM,OC
5390,189.8,7710,2712,EE,BC
5391,189.8,7711,2702,BT,OC
5392,189.8,7715,2712,EE,BC
5393,189.8,7716,2718,EC,BC
5394,189.8,7717,2005,CS,SC
5395,189.8,7718,2712,EE,BC
5396,189.8,7721,2007,CL,OC
5397,189.8,7723,1113,CS,BC
5398,189.8,7724,2006,FY,OC
5399,189.8,7725,2718,EC,BC
5400,189.8,7726,1219,EE,OC
5401,189.8,7727,4974,CS,MBC
5402,189.8,7729,4,EI,SC
5403,189.8,7730,2613,EC,OC
5404,189.8,7731,3011,PH,OC
5405,189.8,7733,2722,CS,OC
5406,189.8,7734,1211,IT,BC
5407,189.8,7735,2719,CS,OC
5408,189.8,7736,5,CS,OC
5409,189.8,7737,5901,EC,OC
5410,189.8,7738,2005,IB,OC
5411,189.8,7741,4960,IT,OC
5412,189.8,7742,2711,CS,OC
5413,189.8,7743,2719,CS,OC
5414,189.8,7744,2601,IT,OC
5415,189.8,7746,2615,EE,OC
5416,189.8,7749,2006,RA,MBC
5417,189.8,7752,1211,AE,OC
5418,189.8,7753,1399,EC,OC
5419,189.8,7755,1315,CE,BC
5420,189.8,7757,1399,BM,OC
5421,189.8,7758,2718,AD,BC
5422,189.8,7759,2711,CS,OC
5423,189.8,7760,4974,CS,BC
5424,189.8,7761,5008,CE,BC
5425,189.8,7762,1,PT,OC
5426,189.8,7763,4960,CS,OC
5427,189.8,7764,2007,ME,BC
5428,189.8,7765,4974,CS,BC
5429,189.8,7767,2,PM,BC
5430,189.8,7768,5901,EC,OC
5431,189.7,7769,1504,BT,OC
5432,189.7,7770,2712,IT,MBC
5433,189.7,7771,2,CH,MBC
5434,189.7,7772,2006,PR,OC
5435,189.7,7775,5008,MF,OC
5436,189.7,7776,2740,CS,OC
5437,189.7,7777,5008,CE,BC
5438,189.7,7778,2718,CJ,OC
5439,189.7,7779,1114,EC,OC
5440,189.7,7780,5012,CC,MBC
5441,189.7,7781,5008,MG,BC
5442,189.7,7782,1219,IT,MBC
5443,189.7,7783,1211,EC,OC
5444,189.7,7784,1211,BT,OC
5445,189.7,7785,4672,EE,OC
5446,189.7,7786,4960,CS,OC
5447,189.7,7787,2005,CS,SC
5448,189.7,7788,1316,BM,OC
5449,189.7,7789,1149,CS,OC
5450,189.7,7790,2007,CL,OC
5451,189.7,7791,1113,IT,OC
5452,189.7,7793,4960,CS,OC
5453,189.7,7794,1317,AD,OC
5454,189.7,7795,1432,CS,OC
5455,189.7,7797,2005,IB,OC
5456,189.7,7799,1419,AD,OC
5457,189.7,7800,2006,TX,OC
5458,189.7,7801,1315,CE,BC
5459,189.7,7804,5008,ME,BC
5460,189.7,7805,2608,AL,OC
5461,189.7,7806,2712,SE,BC
5462,189.7,7807,1219,BT,BC
5463,189.7,7808,2005,ME,OC
5464,189.7,7809,2653,EC,OC
5465,189.7,7811,2,PM,BC
5466,189.7,7812,2723,EC,OC
5467,189.7,7813,1,MN,MBC
5468,189.7,7815,2709,CS,OC
5469,189.7,7816,2622,EC,OC
5470,189.7,7817,2718,EE,OC
5471,189.7,7819,4,PR,BC
5472,189.7,7820,2719,CS,OC
5473,189.7,7821,2357,AD,OC
5474,189.7,7822,5986,CS,OC
5475,189.7,7823,1419,EC,OC
5476,189.7,7824,1419,CS,BC
5477,189.7,7825,2005,EI,MBC
5478,189.7,7826,2006,RA,MBC
5479,189.7,7827,2712,EC,BCM
5480,189.7,7828,1211,AL,OC
5481,189.7,7830,2709,CS,OC
5482,189.7,7831,1315,CE,SC
5483,189.7,7832,1304,IT,OC
5484,189.7,7833,5008,MG,BC
5485,189.7,7834,2007,EY,MBC
5486,189.7,7835,1419,CB,OC
5487,189.7,7839,1399,EC,BC
5488,189.7,7840,2006,BY,SC
5489,189.7,7841,5008,MF,OC
5490,189.7,7843,2615,EE,OC
5491,189.7,7844,1317,IT,OC
5492,189.7,7845,4965,CS,OC
5493,189.7,7846,4960,CS,OC
5494,189.7,7847,2712,EE,BC
5495,189.7,7848,2007,IM,SC
5496,189.7,7849,4962,CS,OC
5497,189.7,7850,2702,CS,BC
5498,189.7,7852,2006,CM,SC
5499,189.7,7853,2723,EC,OC
5500,189.7,7856,2005,EI,MBC
5501,189.7,7857,1219,EC,MBC
5502,189.7,7859,2734,AD,OC
5503,189.7,7860,5008,CE,BC
5504,189.7,7861,1211,CD,OC
5505,189.7,7863,2718,EE,OC
5506,189.7,7864,4974,EC,OC
5507,189.7,7865,2718,CB,OC
5508,189.7,7866,2608,EC,OC
5509,189.7,7867,2615,EE,OC
5510,189.7,7868,1315,ME,MBC
5511,189.7,7869,2615,EE,OC
5512,189.7,7870,1211,BM,OC
5513,189.7,7872,2739,AD,OC
5514,189.7,7873,2005,CE,OC
5515,189.7,7874,1419,IT,OC
5516,189.7,7875,1422,AD,OC
5517,189.7,7876,1422,CS,OC
5518,189.7,7878,5008,EY,MBC
5519,189.7,7879,1304,CS,BC
5520,189.7,7880,1304,EC,OC
5521,189.7,7881,4944,CS,OC
5522,189.7,7882,2006,EE,SC
5523,189.6,7883,2622,IT,OC
5524,189.6,7884,2712,IT,MBC
5525,189.6,7886,2007,CE,OC
5526,189.6,7887,2377,CE,OC
5527,189.6,7888,1516,CS,OC
5528,189.6,7889,1113,IT,BC
5529,189.6,7890,2702,FD,OC
5530,189.6,7891,2718,AD,BC
5531,189.6,7892,2718,EC,BC
5532,189.6,7893,3465,EE,OC
5533,189.6,7894,1210,CS,OC
5534,189.6,7895,5910,CS,OC
5535,189.6,7897,2656,CS,OC
5536,189.6,7898,2718,EE,OC
5537,189.6,7899,2719,CS,OC
5538,189.6,7900,2711,CS,OC
5539,189.6,7901,2711,AD,OC
5540,189.6,7902,1399,CS,MBC
5541,189.6,7903,2718,CS,MBC
5542,189.6,7904,2005,IT,SC
5543,189.6,7905,2762,EC,OC
5544,189.6,7906,1399,EC,BC
5545,189.6,7907,2702,EC,OC
5546,189.6,7908,2377,ME,OC
5547,189.6,7909,2718,EC,BC
5548,189.6,7910,5008,EY,MBC
5549,189.6,7911,5986,CS,OC
5550,189.6,7914,2764,CS,OC
5551,189.6,7915,1321,MN,OC
5552,189.6,7916,2005,CE,OC
5553,189.6,7918,2702,AE,OC
5554,189.6,7920,2005,CE,OC
5555,189.6,7921,1315,EC,SC
5556,189.6,7922,1315,CE,BC
5557,189.6,7924,2005,ME,OC
5558,189.6,7925,2702,CS,BC
5559,189.6,7928,2006,BY,MBC
5560,189.6,7929,2719,CS,OC
5561,189.6,7931,1317,CS,MBC
5562,189.6,7934,2,CL,MBC
5563,189.6,7935,2653,EC,OC
5564,189.6,7937,2702,CS,BC
5565,189.6,7938,2329,AD,OC
5566,189.6,7940,2005,IB,OC
5567,189.6,7941,1211,AL,OC
5568,189.6,7942,1,XM,OC
5569,189.6,7943,1,IE,MBC
5570,189.6,7946,2025,CS,BC
5571,189.6,7949,2711,EC,OC
5572,189.6,7950,2711,FD,OC
5573,189.6,7953,1211,EC,BC
5574,189.6,7954,2702,AD,OC
5575,189.6,7955,2007,CL,OC
5576,189.6,7956,2764,CS,OC
5577,189.6,7958,2718,EC,BC
5578,189.6,7960,2377,ME,BC
5579,189.6,7961,2718,EC,BC
5580,189.6,7962,2025,CS,BC
5581,189.6,7963,2007,CS,SC
5582,189.6,7964,1419,EC,OC
5583,189.6,7965,1516,CS,OC
5584,189.6,7966,2702,CT,OC
5585,189.6,7967,1419,CS,MBC
5586,189.6,7968,2006,CE,MBC
5587,189.6,7969,2624,PH,OC
5588,189.6,7970,2718,EC,BC
5589,189.6,7971,5008,ME,BC
5590,189.6,7972,1113,CS,MBC
5591,189.6,7973,2718,CS,MBC
5592,189.6,7974,2007,ME,BC
5593,189.6,7975,2615,CS,MBC
5594,189.6,7976,1427,CS,OC
5595,189.6,7977,1013,CS,OC
5596,189.6,7978,5988,EE,OC
5597,189.6,7979,2006,EM,SC
5598,189.6,7980,4974,CS,BC
5599,189.6,7981,1315,ME,MBC
5600,189.6,7982,2620,CS,OC
5601,189.6,7983,2615,EE,OC
5602,189.5,7985,1321,PA,OC
5603,189.5,7986,1211,EC,BC
5604,189.5,7987,2007,EE,MBC
5605,189.5,7988,5008,CE,BC
5606,189.5,7989,2712,EE,BC
5607,189.5,7990,2722,CS,OC
5608,189.5,7991,2006,CM,SC
5609,189.5,7992,3819,CS,OC
5610,189.5,7993,2615,CS,MBC
5611,189.5,7995,1399,EC,BC
5612,189.5,7996,1315,ME,BCM
5613,189.5,7998,1,MI,MBC
5614,189.5,7999,1113,EC,OC
5615,189.5,8001,1399,EE,OC
5616,189.5,8002,1315,CE,MBC
5617,189.5,8004,1211,EC,BC
5618,189.5,8005,2764,CS,OC
5619,189.5,8006,1399,EC,BC
5620,189.5,8008,1219,MR,OC
5621,189.5,8010,5901,EC,OC
5622,189.5,8013,2005,PR,OC
5623,189.5,8014,3011,EC,OC
5624,189.5,8015,1399,CB,BC
5625,189.5,8016,2719,CS,OC
5626,189.5,8017,2718,CS,BCM
5627,189.5,8018,1304,CS,BC
5628,189.5,8019,2719,IT,OC
5629,189.5,8022,2718,EC,BC
5630,189.5,8023,1317,AL,OC
5631,189.5,8024,2005,EE,SC
5632,189.5,8025,4,PR,MBC
5633,189.5,8026,1419,CS,BC
5634,189.5,8027,4023,CS,OC
5635,189.5,8031,3464,CS,OC
5636,189.5,8032,1315,CE,BC
5637,189.5,8033,2718,CS,MBC
5638,189.5,8037,2006,PR,OC
5639,189.5,8040,2,PM,BC
5640,189.5,8041,1219,CS,BCM
5641,189.5,8043,3011,CS,OC
5642,189.5,8048,2718,EC,BC
5643,189.5,8049,1422,CS,OC
5644,189.5,8050,1315,EC,SC
5645,189.5,8051,1211,BM,OC
5646,189.5,8053,1128,CS,OC
5647,189.5,8055,4974,CS,BC
5648,189.5,8058,2712,EE,MBC
5649,189.5,8059,2722,CS,OC
5650,189.5,8060,1219,EE,OC
5651,189.5,8061,2007,ME,BC
5652,189.5,8063,1324,CS,OC
5653,189.5,8066,2006,EM,SC
5654,189.5,8067,1211,BT,OC
5655,189.5,8069,2603,CS,OC
5656,189.5,8070,2007,ME,BC
5657,189.5,8071,1211,EC,BC
5658,189.5,8072,5008,ME,MBC
5659,189.5,8073,2377,ME,MBC
5660,189.5,8076,2712,SE,MBC
5661,189.5,8077,2,PP,OC
5662,189.5,8078,1419,CS,BC
5663,189.5,8080,2718,CJ,OC
5664,189.5,8081,1219,EE,OC
5665,189.5,8082,2006,MF,MBC
5666,189.5,8085,2712,EE,BC
5667,189.5,8086,2712,AD,MBC
5668,189.5,8087,1219,EE,OC
5669,189.5,8095,1211,EC,BC
5670,189.5,8096,1211,BT,OC
5671,189.5,8098,2005,IB,OC
5672,189.5,8100,2727,FD,OC
5673,189.5,8101,2005,IB,OC
5674,189.5,8103,2718,CB,OC
5675,189.5,8104,4960,CS,OC
5676,189.5,8106,5901,EC,BC
5677,189.5,8107,1315,CS,SC
5678,189.5,8108,1211,EC,BC
5679,189.5,8110,2722,CS,OC
5680,189.5,8112,2006,MS,OC
5681,189.5,8116,2005,CE,OC
5682,189.5,8122,2702,CS,BC
5683,189.5,8125,2007,CS,SC
5684,189.5,8126,1450,IT,BC
5685,189.5,8127,1419,EC,OC
5686,189.5,8128,1120,CS,OC
5687,189.5,8129,2718,CS,BCM
5688,189.5,8130,1419,CS,BC
5689,189.5,8131,1317,CS,BC
5690,189.5,8132,1450,IT,MBC
5691,189.5,8134,5008,MG,BC
5692,189.5,8135,1,BY,SC
5693,189.5,8136,1419,EC,OC
5694,189.5,8141,4971,EC,OC
5695,189.5,8142,1317,CS,BC
5696,189.5,8143,2702,CS,BC
5697,189.5,8144,1211,AL,OC
5698,189.5,8146,2751,AD,OC
5699,189.5,8147,2006,MF,MBC
5700,189.5,8148,2025,CS,BC
5701,189.5,8150,1317,CS,BC
5702,189.5,8153,1211,AL,OC
5703,189.5,8157,2006,AS,OC
5704,189.5,8161,1317,IT,OC
5705,189.5,8162,2007,CS,SC
5706,189.5,8164,2718,CB,BC
5707,189.5,8166,2005,IB,OC
5708,189.5,8167,1516,CS,OC
5709,189.5,8168,1304,CS,BC
5710,189.5,8169,2712,SE,BC
5711,189.5,8170,1317,IT,OC
5712,189.5,8171,1450,CS,MBC
5713,189.5,8172,2,PP,OC
5714,189.5,8173,2702,AD,OC
5715,189.5,8175,1317,IT,OC
5716,189.5,8177,5901,EC,BC
5717,189.5,8178,1210,CS,OC
5718,189.5,8179,1317,CS,BC
5719,189.5,8184,5901,EE,OC
5720,189.5,8189,2718,EC,BC
5721,189.5,8190,1211,BM,OC
5722,189.5,8191,1211,BT,OC
5723,189.5,8193,4,RP,OC
5724,189.5,8194,1211,BM,OC
5725,189.5,8196,2006,PR,OC
5726,189.5,8198,2005,ME,OC
5727,189.5,8201,2702,CB,OC
5728,189.5,8202,2615,EE,OC
5729,189.5,8203,1419,CS,BC
5730,189.5,8204,1211,AL,OC
5731,189.5,8205,1211,BM,OC
5732,189.5,8209,2711,CS,OC
5733,189.5,8211,1304,AD,BC
5734,189.5,8212,1219,EC,BCM
5735,189.5,8214,1304,IT,OC
5736,189.5,8215,2702,CS,BC
5737,189.5,8216,1211,CS,MBC
5738,189.5,8217,1113,IT,BC
5739,189.5,8219,2603,CS,OC
5740,189.5,8222,2006,RA,SC
5741,189.5,8224,2711,CS,OC
5742,189.5,8227,2719,CS,OC
5743,189.5,8228,1211,CD,OC
5744,189.5,8230,1315,CS,SC
5745,189.5,8233,2007,EE,MBC
5746,189.5,8236,4960,CS,OC
5747,189.5,8241,4,RP,OC
5748,189.5,8242,2718,EC,BC
5749,189.5,8243,2702,IT,OC
5750,189.5,8244,2615,EE,OC
5751,189.5,8245,2711,CS,OC
5752,189.5,8247,2719,CS,OC
5753,189.5,8248,1419,IT,OC
5754,189.5,8251,1317,CS,MBC
5755,189.5,8252,1211,CB,BC
5756,189.5,8253,1113,CS,BC
5757,189.5,8254,1399,CB,BC
5758,189.5,8256,1219,EC,MBC
5759,189.5,8257,5008,MG,BC
5760,189.5,8258,2006,CM,SC
5761,189.5,8259,1211,AL,BC
5762,189.5,8261,1211,BM,OC
5763,189.5,8262,2702,CS,BC
5764,189.5,8263,2718,EC,MBC
5765,189.5,8264,3801,CS,OC
5766,189.5,8266,2006,MT,OC
5767,189.5,8267,1219,BT,BC
5768,189.5,8269,2006,CN,BC
5769,189.5,8270,2712,SE,BC
5770,189.5,8271,2007,ME,BC
5771,189.5,8272,2712,AE,OC
5772,189.5,8274,1113,AD,OC
5773,189.5,8276,1317,EC,OC
5774,189.5,8277,1,ME,SC
5775,189.5,8278,1,IE,MBC
5776,189.5,8281,2711,CS,OC
5777,189.5,8282,1219,BT,BC
5778,189.5,8287,2006,MF,MBC
5779,189.5,8290,2711,CS,OC
5780,189.5,8291,2,PM,BC
5781,189.5,8292,2712,EI,OC
5782,189.5,8293,2704,CS,OC
5783,189.5,8294,1219,EE,OC
5784,189.5,8295,1399,BM,BC
5785,189.5,8297,2025,CS,SC
5786,189.5,8299,5008,MF,OC
5787,189.5,8305,5008,MG,BCM
5788,189.5,8306,2377,ME,BC
5789,189.5,8311,1317,IT,OC
5790,189.5,8312,2005,CS,SC
5791,189.5,8314,1120,CS,OC
5792,189.5,8316,1422,AD,OC
5793,189.5,8318,1399,EE,OC
5794,189.5,8320,2,CL,MBC
5795,189.5,8323,2,PP,OC
5796,189.5,8324,2718,EC,BC
5797,189.5,8325,2702,CS,BC
5798,189.5,8326,2702,CS,BC
5799,189.5,8327,5008,MG,BC
5800,189.5,8329,4974,CS,BC
5801,189.5,8330,1113,CS,BC
5802,189.5,8331,1211,AL,BC
5803,189.5,8333,1211,CD,OC
5804,189.5,8334,1419,IT,OC
5805,189.5,8335,1419,IT,OC
5806,189.5,8336,2615,EE,BC
5807,189.5,8337,1419,CS,MBC
5808,189.5,8339,1317,BT,OC
5809,189.5,8340,5008,MF,OC
5810,189.5,8342,1419,IT,OC
5811,189.5,8343,2006,CM,SC
5812,189.5,8345,5008,CE,MBC
5813,189.5,8346,1419,CS,BC
5814,189.5,8347,1113,CS,BC
5815,189.5,8349,1,MN,SC
5816,189.5,8351,2005,EE,MBC
5817,189.5,8352,2615,EE,BC
5818,189.5,8353,2615,CS,MBC
5819,189.5,8354,1211,EC,BC
5820,189.5,8355,2007,CL,BC
5821,189.5,8359,2764,CS,OC
5822,189.5,8361,2377,ME,BC
5823,189.5,8362,1399,CB,BC
5824,189.5,8364,1026,CS,OC
5825,189.5,8365,4974,CS,BCM
5826,189.5,8368,2719,CS,OC
5827,189.5,8369,1118,EC,OC
5828,189.5,8370,1113,IT,BC
5829,189.5,8371,2622,CS,OC
5830,189.5,8373,4,RP,OC
5831,189.5,8374,5008,CE,BC
5832,189.5,8376,2007,ME,BC
5833,189.5,8379,2723,IT,OC
5834,189.5,8380,4960,BT,OC
5835,189.5,8381,5008,CE,BC
5836,189.5,8382,2711,EC,OC
5837,189.5,8384,1432,CO,OC
5838,189.5,8385,5008,EY,MBC
5839,189.5,8386,2718,EC,BC
5840,189.4,8387,2006,MS,OC
5841,189.4,8388,1,MN,MBC
5842,189.4,8389,2005,ME,OC
5843,189.4,8391,5901,EC,BC
5844,189.4,8392,2615,CS,MBC
5845,189.4,8393,2719,AE,OC
5846,189.4,8394,2006,EE,SC
5847,189.4,8395,1419,AD,OC
5848,189.4,8397,2739,AD,OC
5849,189.4,8398,5008,MF,OC
5850,189.4,8399,1450,IT,BCM
5851,189.4,8402,4960,CS,OC
5852,189.4,8403,5910,CS,OC
5853,189.4,8404,1211,EC,BC
5854,189.4,8405,1013,CS,OC
5855,189.4,8406,2764,CS,OC
5856,189.4,8407,2006,AS,OC
5857,189.4,8408,2702,IT,OC
5858,189.4,8409,1399,CB,BC
5859,189.4,8410,1304,EC,OC
5860,189.4,8411,1,MN,MBC
5861,189.4,8412,1432,EC,OC
5862,189.4,8413,2719,CS,OC
5863,189.4,8414,2702,CS,MBC
5864,189.4,8415,2007,ME,MBC
5865,189.4,8416,4933,CS,OC
5866,189.4,8418,2,FS,BCM
5867,189.4,8419,4960,IT,OC
5868,189.4,8420,1419,CS,BC
5869,189.4,8422,2718,EC,BC
5870,189.4,8423,5901,EC,BC
5871,189.4,8424,2718,CS,MBC
5872,189.4,8425,2615,EE,BC
5873,189.4,8426,5008,EE,MBC
5874,189.4,8428,2005,ME,OC
5875,189.4,8429,5901,EC,BC
5876,189.4,8430,2007,ME,BC
5877,189.4,8433,2702,AD,OC
5878,189.4,8436,1304,IT,OC
5879,189.4,8437,4020,CS,OC
5880,189.4,8438,1219,EC,MBC
5881,189.4,8440,2702,BT,OC
5882,189.4,8441,2639,IT,OC
5883,189.4,8442,2007,CS,SC
5884,189.4,8443,5008,CE,BC
5885,189.4,8446,4,RP,OC
5886,189.4,8447,1304,IT,OC
5887,189.4,8448,2615,EE,BC
5888,189.4,8449,2005,IB,OC
5889,189.4,8450,5008,CE,MBC
5890,189.4,8451,2005,ME,OC
5891,189.4,8452,2711,CS,BC
5892,189.4,8453,1309,CS,OC
5893,189.4,8455,1419,AD,OC
5894,189.4,8456,3830,CS,OC
5895,189.4,8459,2702,IT,OC
5896,189.4,8460,2718,EC,BC
5897,189.4,8461,2005,PR,OC
5898,189.4,8464,1315,IT,SC
5899,189.4,8468,5901,EC,BC
5900,189.4,8469,5901,EC,MBC
5901,189.4,8470,5008,MG,BC
5902,189.4,8472,2723,CS,OC
5903,189.4,8475,2712,EC,MBC
5904,189.4,8476,2723,IT,OC
5905,189.4,8478,1399,EC,BC
5906,189.4,8479,2702,CS,BC
5907,189.4,8481,2006,CE,MBC
5908,189.4,8482,5901,EC,BC
5909,189.4,8483,1,MI,BC
5910,189.4,8484,2,CL,MBC
5911,189.4,8485,1419,CS,BC
5912,189.4,8488,3826,ME,OC
5913,189.4,8490,4960,EC,OC
5914,189.4,8491,2,PM,BC
5915,189.4,8493,2719,CS,OC
5916,189.4,8495,1211,EC,BC
5917,189.4,8496,2328,CS,OC
5918,189.4,8497,2007,CL,BC
5919,189.4,8498,5010,CS,OC
5920,189.4,8499,1113,CS,BCM
5921,189.4,8500,1113,IT,BC
5922,189.4,8501,2718,CB,BC
5923,189.4,8502,1304,IT,OC
5924,189.4,8503,2620,CS,OC
5925,189.3,8505,5008,MG,BC
5926,189.3,8506,1211,BM,OC
5927,189.3,8507,4960,AD,OC
5928,189.3,8508,1211,BT,OC
5929,189.3,8509,2377,ME,BC
5930,189.3,8510,1219,IT,MBC
5931,189.3,8511,1304,IT,OC
5932,189.3,8512,1219,EC,MBC
5933,189.3,8514,1304,IT,OC
5934,189.3,8516,2006,AS,OC
5935,189.3,8517,2710,CS,OC
5936,189.3,8518,2,PP,OC
5937,189.3,8519,5008,CS,SC
5938,189.3,8520,2722,CS,OC
5939,189.3,8522,4960,CS,OC
5940,189.3,8523,5901,CS,BCM
5941,189.3,8524,1,BY,SC
5942,189.3,8525,2722,CS,OC
5943,189.3,8527,2712,BT,BC
5944,189.3,8528,2702,EC,OC
5945,189.3,8529,2006,CE,BCM
5946,189.3,8530,4960,IT,OC
5947,189.3,8531,2007,ME,BC
5948,189.3,8532,2622,ME,OC
5949,189.3,8533,2718,EC,MBC
5950,189.3,8534,2,CH,MBC
5951,189.3,8535,1113,IT,BC
5952,189.3,8536,4960,CS,OC
5953,189.3,8537,1317,EC,OC
5954,189.3,8538,1399,EC,BC
5955,189.3,8539,2712,BT,BC
5956,189.3,8540,4960,CS,OC
5957,189.3,8542,2005,IB,MBC
5958,189.3,8543,2007,EY,MBC
5959,189.3,8546,2025,CS,BC
5960,189.3,8547,1113,CS,MBC
5961,189.3,8551,2005,IB,MBC
5962,189.3,8552,2608,EC,OC
5963,189.3,8554,2711,CS,BC
5964,189.3,8555,2702,CS,BC
5965,189.3,8556,2739,CB,OC
5966,189.3,8557,1225,EC,OC
5967,189.3,8558,2007,ME,BC
5968,189.3,8559,2707,EC,OC
5969,189.3,8560,2006,PR,BC
5970,189.3,8561,1,MA,MBC
5971,189.3,8562,1211,EC,BC
5972,189.3,8563,2025,EC,OC
5973,189.3,8564,2722,CS,OC
5974,189.3,8565,1304,IT,OC
5975,189.3,8566,2712,EC,MBC
5976,189.3,8567,5530,CS,OC
5977,189.3,8568,1219,EE,OC
5978,189.3,8570,1,ME,SC
5979,189.3,8571,2739,IT,OC
5980,189.3,8573,1399,EC,BC
5981,189.3,8574,1210,IT,OC
5982,189.3,8575,1304,IT,OC
5983,189.3,8576,2006,MS,OC
5984,189.3,8578,2006,CN,BC
5985,189.3,8579,4678,CE,OC
5986,189.3,8580,1399,EE,OC
5987,189.3,8582,2007,MF,OC
5988,189.3,8583,1211,EC,MBC
5989,189.3,8584,4960,EC,OC
5990,189.3,8585,1315,CH,MBC
5991,189.3,8586,2726,EE,OC
5992,189.3,8588,1516,CS,OC
5993,189.3,8589,2718,CB,BC
5994,189.3,8591,2615,EC,MBC
5995,189.3,8592,2712,SE,BC
5996,189.3,8595,1211,EC,BC
5997,189.3,8596,1399,EC,BC
5998,189.3,8597,5986,CS,OC
5999,189.3,8598,2615,EE,BC
6000,189.3,8599,2702,CS,BC
6001,189.3,8600,2702,CS,BC
6002,189.3,8601,2006,AS,OC
6003,189.3,8602,2329,IT,OC
6004,189.3,8603,1321,PA,OC
6005,189.3,8605,4669,EE,OC
6006,189.3,8606,1399,CB,BC
6007,189.3,8607,4974,CS,MBC
6008,189.3,8608,1432,CO,OC
6009,189.3,8609,2711,CS,BC
6010,189.3,8610,1120,CS,OC
6011,189.3,8612,1,MI,BC
6012,189.3,8613,3905,CS,OC
6013,189.3,8614,3011,CS,OC
6014,189.3,8615,5008,EE,MBC
6015,189.3,8616,2711,CS,BC
6016,189.3,8617,2702,EC,OC
6017,189.3,8619,1026,CS,OC
6018,189.3,8620,1211,CS,MBC
6019,189.3,8621,2712,ME,OC
6020,189.3,8624,1303,CS,OC
6021,189.3,8625,2702,IT,OC
6022,189.3,8626,2,CH,SC
6023,189.3,8628,1419,CS,BC
6024,189.3,8629,2711,CS,BC
6025,189.3,8630,2615,EE,BC
6026,189.2,8633,5901,EC,BC
6027,189.2,8634,2702,CS,BC
6028,189.2,8635,1113,IT,BC
6029,189.2,8636,1304,CS,BC
6030,189.2,8637,3805,AE,OC
6031,189.2,8638,2702,CS,BC
6032,189.2,8639,2006,IM,SC
6033,189.2,8642,1516,EC,OC
6034,189.2,8643,1219,CH,OC
6035,189.2,8646,3011,IT,OC
6036,189.2,8647,2712,EC,MBC
6037,189.2,8649,2712,EC,MBC
6038,189.2,8650,5008,EE,MBC
6039,189.2,8651,1399,CB,BC
6040,189.2,8653,3018,CS,OC
6041,189.2,8654,2377,ME,BC
6042,189.2,8655,1419,IT,OC
6043,189.2,8656,2006,AS,OC
6044,189.2,8658,1419,CB,OC
6045,189.2,8659,2622,CS,OC
6046,189.2,8660,2718,CB,BC
6047,189.2,8661,1321,MN,OC
6048,189.2,8662,2006,EE,SC
6049,189.2,8664,2005,ME,OC
6050,189.2,8665,4,RP,OC
6051,189.2,8666,2007,ME,MBC
6052,189.2,8667,2007,CE,OC
6053,189.2,8668,2007,ME,BC
6054,189.2,8669,2611,AG,OC
6055,189.2,8670,2711,EC,OC
6056,189.2,8671,2712,EI,OC
6057,189.2,8673,1211,CS,MBC
6058,189.2,8674,2607,EC,OC
6059,189.2,8675,2702,AL,OC
6060,189.2,8677,2711,EC,OC
6061,189.2,8678,2712,SE,BC
6062,189.2,8681,2006,BY,MBC
6063,189.2,8683,3819,CS,OC
6064,189.2,8685,2718,EC,MBC
6065,189.2,8686,5986,CS,OC
6066,189.2,8687,2615,MT,OC
6067,189.2,8690,1118,EC,OC
6068,189.2,8691,1419,CS,BC
6069,189.2,8694,1211,EC,BC
6070,189.2,8695,2712,EC,MBC
6071,189.2,8696,2702,CS,BC
6072,189.2,8697,2006,MS,OC
6073,189.2,8699,2007,ME,BC
6074,189.2,8700,2622,BM,OC
6075,189.2,8701,3806,BM,OC
6076,189.2,8702,2718,EC,MBC
6077,189.2,8703,5008,ME,MBC
6078,189.2,8704,1219,IT,MBC
6079,189.2,8706,2722,CS,OC
6080,189.2,8707,2719,CS,OC
6081,189.2,8710,1210,CS,OC
6082,189.2,8711,1211,AL,BC
6083,189.2,8713,2006,IM,SC
6084,189.2,8715,1317,IT,OC
6085,189.2,8717,2711,CS,BC
6086,189.2,8718,2006,PR,MBC
6087,189.2,8719,1399,EC,MBC
6088,189.2,8720,2006,AS,OC
6089,189.2,8721,2718,CB,BC
6090,189.2,8722,2622,CS,OC
6091,189.2,8723,4974,EC,OC
6092,189.2,8725,2739,CS,OC
6093,189.2,8726,2005,CS,SC
6094,189.2,8729,1309,CS,OC
6095,189.2,8730,2719,EC,OC
6096,189.2,8731,2007,CE,OC
6097,189.2,8732,2007,EC,SC
6098,189.2,8733,5008,CW,MBC
6099,189.2,8734,2718,CS,MBC
6100,189.2,8735,2005,IB,BC
6101,189.2,8736,2005,ME,OC
6102,189.2,8737,2711,CS,BC
6103,189.2,8738,1219,BT,BC
6104,189.2,8740,2719,CS,OC
6105,189.2,8741,1210,CS,OC
6106,189.2,8742,2025,CS,BC
6107,189.2,8744,2709,IT,OC
6108,189.2,8746,2,PM,BC
6109,189.2,8747,4960,CS,OC
6110,189.2,8749,1419,CS,BC
6111,189.2,8750,5008,CN,OC
6112,189.1,8751,1450,EC,OC
6113,189.1,8752,2711,CS,BC
6114,189.1,8753,2718,EE,OC
6115,189.1,8754,1,IM,SCA
6116,189.1,8756,2025,EC,OC
6117,189.1,8757,1211,BM,OC
6118,189.1,8758,2711,CS,BC
6119,189.1,8759,2007,EY,MBC
6120,189.1,8760,2718,EE,OC
6121,189.1,8761,1399,AD,BCM
6122,189.1,8762,1014,CS,OC
6123,189.1,8763,2712,EI,OC
6124,189.1,8764,2712,BT,BC
6125,189.1,8766,2005,IB,BC
6126,189.1,8768,2718,CB,MBC
6127,189.1,8769,1419,IT,OC
6128,189.1,8770,1219,EE,OC
6129,189.1,8771,1419,IT,OC
6130,189.1,8773,5986,CS,OC
6131,189.1,8774,2615,EC,MBC
6132,189.1,8775,1211,CS,MBC
6133,189.1,8776,1211,EC,BC
6134,189.1,8777,2718,IT,MBC
6135,189.1,8778,1399,EC,BC
6136,189.1,8779,2007,CH,MBC
6137,189.1,8780,2006,AS,OC
6138,189.1,8782,2615,MT,OC
6139,189.1,8783,2711,CS,BC
6140,189.1,8784,2007,EY,MBC
6141,189.1,8785,1399,EC,BC
6142,189.1,8786,5901,CS,MBC
6143,189.1,8788,4960,CS,OC
6144,189.1,8790,2622,EC,OC
6145,189.1,8791,1110,CS,OC
6146,189.1,8793,2005,CE,OC
6147,189.1,8794,1211,EC,BC
6148,189.1,8796,1317,AD,OC
6149,189.1,8797,5986,IT,OC
6150,189.1,8798,1219,IT,MBC
6151,189.1,8799,1231,AD,OC
6152,189.1,8800,2,PM,BC
6153,189.1,8801,2615,EE,MBC
6154,189.1,8802,1419,AD,OC
6155,189.1,8803,3011,CS,OC
6156,189.1,8804,1399,CS,MBC
6157,189.1,8805,2603,CS,OC
6158,189.1,8806,1211,EC,BC
6159,189.1,8807,2615,EC,MBC
6160,189.1,8808,4,AU,SC
6161,189.1,8812,2702,CS,BC
6162,189.1,8813,1219,IT,MBC
6163,189.1,8814,1422,IT,OC
6164,189.1,8816,2712,ME,OC
6165,189.1,8817,4864,ME,OC
6166,189.1,8818,2007,ME,BC
6167,189.1,8819,5,AM,OC
6168,189.1,8820,1419,IT,OC
6169,189.1,8828,1450,EC,OC
6170,189.1,8829,4960,CS,BC
6171,189.1,8830,1211,BT,OC
6172,189.1,8831,3011,CS,OC
6173,189.1,8833,1316,BM,OC
6174,189.1,8834,2615,EE,BC
6175,189.1,8835,3760,AG,OC
6176,189.1,8839,4974,CS,BCM
6177,189.1,8840,1516,CS,OC
6178,189.1,8841,5910,CS,OC
6179,189.1,8842,2005,CS,SC
6180,189.1,8843,1113,IT,BC
6181,189.1,8846,4960,CS,BC
6182,189.1,8847,1317,EC,OC
6183,189.1,8848,1211,EC,BC
6184,189.1,8850,2702,EC,OC
6185,189.1,8851,2711,CD,OC
6186,189.1,8855,5008,ME,MBC
6187,189.1,8856,2711,CS,BC
6188,189.1,8857,2711,CS,BC
6189,189.1,8858,1219,EE,OC
6190,189.0,8860,2702,CS,BC
6191,189.0,8861,1,MI,BC
6192,189.0,8862,1450,EC,OC
6193,189.0,8863,5022,CS,OC
6194,189.0,8864,2702,CS,MBC
6195,189.0,8865,2006,AS,OC
6196,189.0,8867,2653,EC,OC
6197,189.0,8868,1309,CS,OC
6198,189.0,8869,2007,MF,OC
6199,189.0,8870,2006,CN,BC
6200,189.0,8871,2005,ME,OC
6201,189.0,8873,1317,IT,OC
6202,189.0,8874,1219,AD,MBC
6203,189.0,8875,2,CH,SCA
6204,189.0,8877,1399,EC,BC
6205,189.0,8880,3855,CS,OC
6206,189.0,8881,2712,AE,OC
6207,189.0,8884,1419,CS,BC
6208,189.0,8886,1211,CS,MBC
6209,189.0,8889,5910,IT,OC
6210,189.0,8890,5008,MF,OC
6211,189.0,8892,2718,CB,BC
6212,189.0,8893,1126,BM,OC
6213,189.0,8894,2727,EC,OC
6214,189.0,8895,2702,CS,BC
6215,189.0,8896,1303,AD,OC
6216,189.0,8897,2314,AG,OC
6217,189.0,8898,2711,CS,BC
6218,189.0,8899,5,CS,OC
6219,189.0,8900,1315,ME,MBC
6220,189.0,8901,1211,EC,BC
6221,189.0,8903,1211,BT,OC
6222,189.0,8904,5008,MF,OC
6223,189.0,8907,2007,CE,OC
6224,189.0,8908,1219,AD,MBC
6225,189.0,8909,1,PT,BC
6226,189.0,8910,2006,IM,SC
6227,189.0,8911,4974,EC,OC
6228,189.0,8913,1317,EC,OC
6229,189.0,8914,2357,EC,OC
6230,189.0,8916,1,EM,SCA
6231,189.0,8917,4,RP,OC
6232,189.0,8919,2622,ME,OC
6233,189.0,8921,1,MN,MBC
6234,189.0,8923,2005,ME,OC
6235,189.0,8925,2615,EE,BC
6236,189.0,8926,2711,CS,BC
6237,189.0,8927,1516,CS,OC
6238,189.0,8929,1219,AD,MBC
6239,189.0,8931,2722,CS,OC
6240,189.0,8932,1219,EE,OC
6241,189.0,8935,5901,EC,MBC
6242,189.0,8936,1211,AL,BC
6243,189.0,8937,1,BY,SC
6244,189.0,8938,2615,EE,MBC
6245,189.0,8942,2704,CS,OC
6246,189.0,8944,4960,CS,BC
6247,189.0,8945,2025,EC,OC
6248,189.0,8946,1112,CS,OC
6249,189.0,8947,5008,EY,BCM
6250,189.0,8948,1315,ME,BCM
6251,189.0,8949,1317,AD,OC
6252,189.0,8950,1,GI,MBC
6253,189.0,8951,1210,CS,OC
6254,189.0,8953,1304,CS,BC
6255,189.0,8960,1210,AD,OC
6256,189.0,8961,1315,IT,SC
6257,189.0,8965,2622,BT,OC
6258,189.0,8967,2,PM,BC
6259,189.0,8968,1,XM,OC
6260,189.0,8969,2712,AE,OC
6261,189.0,8971,1315,IT,SC
6262,189.0,8974,1,ME,SC
6263,189.0,8975,2702,CS,BC
6264,189.0,8977,1422,CS,OC
6265,189.0,8978,2712,AE,OC
6266,189.0,8981,2006,AS,OC
6267,189.0,8984,1419,EI,OC
6268,189.0,8986,2006,CM,ST
6269,189.0,8987,2006,AS,OC
6270,189.0,8988,1211,BM,OC
6271,189.0,8989,1219,BT,BC
6272,189.0,8990,1211,AL,BC
6273,189.0,8994,1399,CS,MBC
6274,189.0,8995,1113,AD,OC
6275,189.0,8996,1419,CS,BC
6276,189.0,8997,1399,BM,BC
6277,189.0,8998,1211,AL,BC
6278,189.0,8999,5901,EC,MBC
6279,189.0,9001,2702,CS,BC
6280,189.0,9003,1315,CS,SC
6281,189.0,9004,1419,EC,OC
6282,189.0,9007,1315,IT,SC
6283,189.0,9009,3011,CS,OC
6284,189.0,9011,1211,AL,BC
6285,189.0,9015,1211,AL,BC
6286,189.0,9016,1211,AL,BC
6287,189.0,9017,1304,CS,BC
6288,189.0,9018,1211,CB,BC
6289,189.0,9021,1219,EE,OC
6290,189.0,9022,2722,CS,OC
6291,189.0,9025,1325,CS,OC
6292,189.0,9027,2702,CS,BC
6293,189.0,9031,2,FS,MBC
6294,189.0,9036,2711,CS,MBC
6295,189.0,9039,2711,CS,MBC
6296,189.0,9040,1113,AD,BC
6297,189.0,9042,2007,MF,OC
6298,189.0,9044,2005,ME,OC
6299,189.0,9046,1450,IT,BC
6300,189.0,9047,2702,CS,BC
6301,189.0,9048,2,CH,SC
6302,189.0,9050,2711,CS,BC
6303,189.0,9051,1210,CS,OC
6304,189.0,9053,1211,CB,BC
6305,189.0,9055,2618,AD,OC
6306,189.0,9057,4960,AD,OC
6307,189.0,9059,2007,CL,BC
6308,189.0,9061,2702,CS,BC
6309,189.0,9062,1315,BM,SC
6310,189.0,9063,1317,CS,MBC
6311,189.0,9064,1450,EC,BC
6312,189.0,9069,1113,EC,OC
6313,189.0,9070,2025,CS,BC
6314,189.0,9071,2005,ME,OC
6315,189.0,9074,1211,BM,BCM
6316,189.0,9075,1317,BT,OC
6317,189.0,9077,2377,ME,BC
6318,189.0,9080,1304,IT,OC
6319,189.0,9081,2718,CB,BC
6320,189.0,9089,2007,CE,OC
6321,189.0,9091,2,PM,BC
6322,189.0,9092,1211,CD,OC
6323,189.0,9093,2005,IB,BC
6324,189.0,9097,1304,CS,BC
6325,189.0,9098,2719,CS,OC
6326,189.0,9100,1315,ME,BCM
6327,189.0,9102,2006,PN,OC
6328,189.0,9104,1317,AD,OC
6329,189.0,9106,1317,EC,OC
6330,189.0,9107,4960,BM,OC
6331,189.0,9111,2,PM,BC
6332,189.0,9114,2007,MF,OC
6333,189.0,9115,4960,EC,OC
6334,189.0,9116,1219,EC,MBC
6335,189.0,9119,1321,PA,OC
6336,189.0,9120,3819,AD,OC
6337,189.0,9121,1211,EC,BC
6338,189.0,9122,1211,RM,OC
6339,189.0,9123,1399,EC,BC
6340,189.0,9125,2718,CB,BC
6341,189.0,9126,1324,CS,OC
6342,189.0,9127,1399,CS,BCM
6343,189.0,9128,1211,AL,MBC
6344,189.0,9129,2739,EC,OC
6345,189.0,9134,1304,CS,BC
6346,189.0,9135,2711,CS,BC
6347,189.0,9136,1219,EC,MBC
6348,189.0,9138,1315,IT,SC
6349,189.0,9142,1113,IT,BC
6350,189.0,9144,2653,IT,OC
6351,189.0,9146,1,PT,BC
6352,189.0,9147,2005,ME,OC
6353,189.0,9148,1516,EC,OC
6354,189.0,9149,1317,IT,OC
6355,189.0,9151,2615,EE,BC
6356,189.0,9152,1315,ME,MBC
6357,189.0,9153,2711,CS,BC
6358,189.0,9154,1317,IT,OC
6359,189.0,9155,2702,CS,BC
6360,189.0,9156,1419,IT,OC
6361,189.0,9158,1,GI,MBC
6362,189.0,9160,1304,CS,BC
6363,189.0,9162,2006,CN,BC
6364,189.0,9163,2006,IM,SC
6365,189.0,9164,2006,PR,BC
6366,189.0,9166,2,CL,MBC
6367,189.0,9168,1112,CS,OC
6368,189.0,9169,2718,CB,BC
6369,189.0,9172,2702,CS,BC
6370,189.0,9174,4974,EC,OC
6371,189.0,9175,1321,PA,OC
6372,189.0,9178,2,LE,OC
6373,189.0,9182,3841,AD,OC
6374,189.0,9183,5008,CW,MBC
6375,189.0,9184,1317,CS,MBC
6376,189.0,9185,2007,CE,OC
6377,189.0,9186,1211,CB,BC
6378,189.0,9188,1,GI,SC
6379,189.0,9190,1317,IT,OC
6380,189.0,9192,2377,CS,SC
6381,189.0,9193,2006,MS,OC
6382,189.0,9196,4960,CS,BC
6383,189.0,9198,1219,CH,OC
6384,189.0,9199,1219,IT,BCM
6385,189.0,9200,1304,CS,BC
6386,189.0,9201,1419,CS,BC
6387,189.0,9205,2722,CS,OC
6388,189.0,9206,2006,MT,OC
6389,189.0,9208,4974,EC,OC
6390,189.0,9209,1419,IT,OC
6391,189.0,9212,2711,CS,BC
6392,189.0,9213,1,IE,MBC
6393,189.0,9214,2712,AE,OC
6394,189.0,9215,2764,CS,OC
6395,189.0,9216,3011,BT,OC
6396,189.0,9217,4974,EC,OC
6397,189.0,9218,2006,CN,MBC
6398,189.0,9220,1419,CS,BC
6399,189.0,9221,4,PR,MBC
6400,189.0,9223,1219,IT,BCM
6401,189.0,9224,2702,IT,OC
6402,189.0,9227,4974,EC,OC
6403,189.0,9228,2722,CS,OC
6404,189.0,9229,1216,CS,OC
6405,189.0,9231,2711,AD,OC
6406,189.0,9232,4962,EC,OC
6407,189.0,9234,2712,EC,MBC
6408,189.0,9235,1399,AD,MBC
6409,189.0,9237,2025,CS,MBC
6410,189.0,9240,5,AM,OC
6411,189.0,9241,2727,AL,OC
6412,189.0,9242,1211,CB,BC
6413,189.0,9243,2615,EE,BC
6414,189.0,9244,2608,EE,OC
6415,189.0,9246,5008,MG,MBC
6416,189.0,9247,5901,EC,BC
6417,189.0,9250,2718,CJ,OC
6418,189.0,9251,2711,CS,BCM
6419,189.0,9254,2639,CS,OC
6420,189.0,9258,1113,EC,OC
6421,189.0,9259,2722,EC,OC
6422,189.0,9263,1430,CE,OC
6423,189.0,9264,2702,CS,BC
6424,189.0,9265,2711,CS,BC
6425,189.0,9266,2377,ME,BC
6426,189.0,9268,1315,EC,SC
6427,189.0,9269,2608,CS,OC
6428,189.0,9270,1219,EC,MBC
6429,189.0,9271,1304,BM,OC
6430,189.0,9272,5901,CS,MBC
6431,189.0,9273,4954,IT,OC
6432,189.0,9274,2739,CS,OC
6433,189.0,9275,1211,AL,BC
6434,189.0,9276,1605,CS,OC
6435,189.0,9278,4960,CS,BC
6436,189.0,9279,1211,AL,BC
6437,189.0,9281,3011,BT,OC
6438,189.0,9282,4960,CS,BC
6439,189.0,9283,1432,CO,OC
6440,188.9,9284,2710,CS,OC
6441,188.9,9285,1113,CS,MBC
6442,188.9,9286,2711,CS,MBC
6443,188.9,9287,1219,EC,MBC
6444,188.9,9288,3425,EE,OC
6445,188.9,9289,2718,EE,OC
6446,188.9,9290,2718,CS,MBC
6447,188.9,9291,1399,IT,BCM
6448,188.9,9292,1238,CS,OC
6449,188.9,9293,2702,AG,OC
6450,188.9,9294,2025,CS,BC
6451,188.9,9296,2615,EC,MBC
6452,188.9,9297,2608,IT,OC
6453,188.9,9298,2006,PS,OC
6454,188.9,9299,2608,CS,OC
6455,188.9,9300,5901,EC,BC
6456,188.9,9302,2735,CS,OC
6457,188.9,9303,1419,EC,OC
6458,188.9,9304,1432,CS,OC
6459,188.9,9305,2005,IB,BC
6460,188.9,9306,2615,EC,MBC
6461,188.9,9307,1211,RM,OC
6462,188.9,9308,4974,EC,OC
6463,188.9,9311,4960,CS,BC
6464,188.9,9313,1,ME,SC
6465,188.9,9314,4960,CS,BC
6466,188.9,9315,2739,CS,OC
6467,188.9,9316,2722,CS,OC
6468,188.9,9317,2709,CS,OC
6469,188.9,9318,1419,IT,OC
6470,188.9,9320,2006,PR,BC
6471,188.9,9321,1304,IT,OC
6472,188.9,9323,2718,CS,MBC
6473,188.9,9324,2006,CN,MBC
6474,188.9,9326,2711,CS,BC
6475,188.9,9327,2711,EC,OC
6476,188.9,9328,2702,CS,BC
6477,188.9,9329,2711,CS,BC
6478,188.9,9331,2005,CE,OC
6479,188.9,9332,2025,EC,OC
6480,188.9,9333,2007,MF,OC
6481,188.9,9334,2723,EC,OC
6482,188.9,9335,1315,EE,SC
6483,188.9,9337,2006,MT,OC
6484,188.9,9338,2719,CS,OC
6485,188.9,9339,1219,BT,MBC
6486,188.9,9340,4960,CS,BC
6487,188.9,9341,2622,IT,OC
6488,188.9,9342,4974,EC,OC
6489,188.9,9346,1211,AL,BC
6490,188.9,9347,1112,CS,OC
6491,188.9,9349,2615,EC,MBC
6492,188.9,9350,2764,AD,OC
6493,188.9,9351,2622,EC,OC
6494,188.9,9352,1116,CS,OC
6495,188.9,9353,2718,EE,OC
6496,188.9,9354,2751,CS,OC
6497,188.9,9356,1113,CS,MBC
6498,188.9,9357,1422,EC,OC
6499,188.9,9358,1317,IT,OC
6500,188.9,9360,2006,PR,BC
6501,188.9,9362,2719,EC,OC
6502,188.9,9363,2615,EC,MBC
6503,188.9,9364,2007,MF,OC
6504,188.9,9365,2711,CS,MBC
6505,188.9,9366,2711,CH,OC
6506,188.9,9367,3011,PH,OC
6507,188.9,9368,4,RP,OC
6508,188.9,9369,1219,CH,OC
6509,188.9,9370,1013,CS,OC
6510,188.9,9371,1211,AL,BC
6511,188.9,9373,2709,CS,OC
6512,188.9,9375,2702,AD,OC
6513,188.9,9376,2718,CS,MBC
6514,188.9,9377,2723,EC,OC
6515,188.9,9378,2739,CS,OC
6516,188.9,9379,2006,AS,BC
6517,188.9,9380,1211,EC,BC
6518,188.9,9381,2718,IT,MBC
6519,188.9,9382,4672,CS,OC
6520,188.9,9383,2711,CS,BC
6521,188.9,9384,5901,CS,MBC
6522,188.9,9387,2711,CS,BC
6523,188.9,9388,2005,IB,BC
6524,188.9,9390,2711,CS,BC
6525,188.9,9391,2006,MF,MBC
6526,188.9,9392,2711,CS,BC
6527,188.9,9393,2711,CS,BC
6528,188.9,9394,2007,MF,OC
6529,188.8,9397,2712,EI,OC
6530,188.8,9398,4,IM,SCA
6531,188.8,9400,1450,IT,MBC
6532,188.8,9401,2607,BT,OC
6533,188.8,9402,5,IT,OC
6534,188.8,9403,2,CL,MBC
6535,188.8,9404,1309,AD,OC
6536,188.8,9408,5901,EE,OC
6537,188.8,9410,2702,CS,BC
6538,188.8,9411,1315,CH,MBC
6539,188.8,9412,2723,BM,OC
6540,188.8,9413,2702,EC,OC
6541,188.8,9414,2603,CS,OC
6542,188.8,9415,2007,ME,MBC
6543,188.8,9416,5901,CE,OC
6544,188.8,9417,2712,EI,OC
6545,188.8,9418,3830,CS,OC
6546,188.8,9420,5901,CS,MBC
6547,188.8,9421,2711,EC,OC
6548,188.8,9422,2615,EE,BC
6549,188.8,9424,2025,EC,OC
6550,188.8,9425,2,CH,SC
6551,188.8,9426,2711,CS,BC
6552,188.8,9427,2007,CE,OC
6553,188.8,9428,2719,CS,OC
6554,188.8,9430,2719,CS,OC
6555,188.8,9431,3011,IT,OC
6556,188.8,9432,2711,CS,BC
6557,188.8,9433,2,CH,SC
6558,188.8,9434,2006,IM,SC
6559,188.8,9435,4960,AD,OC
6560,188.8,9436,2608,EE,OC
6561,188.8,9437,2653,CS,OC
6562,188.8,9438,1399,EC,BC
6563,188.8,9439,2719,CS,OC
6564,188.8,9440,4960,IT,OC
6565,188.8,9441,1112,CS,OC
6566,188.8,9443,2718,EE,OC
6567,188.8,9444,2711,CS,BC
6568,188.8,9445,1419,EC,OC
6569,188.8,9446,2739,CS,OC
6570,188.8,9447,2622,BM,OC
6571,188.8,9448,4974,EC,OC
6572,188.8,9449,2739,AD,OC
6573,188.8,9451,2025,EC,OC
6574,188.8,9452,2608,CS,OC
6575,188.8,9454,5008,MF,OC
6576,188.8,9455,2620,TS,OC
6577,188.8,9456,2007,ME,MBC
6578,188.8,9457,2622,EC,OC
6579,188.8,9458,2712,AE,BC
6580,188.8,9460,1,MI,BCM
6581,188.8,9461,4944,EC,OC
6582,188.8,9462,2711,CS,BC
6583,188.8,9463,2718,EE,OC
6584,188.8,9465,1211,CS,BCM
6585,188.8,9466,1411,CS,OC
6586,188.8,9467,2739,CS,OC
6587,188.8,9468,1211,BT,OC
6588,188.8,9469,2711,CS,BC
6589,188.8,9470,2702,CS,BC
6590,188.8,9472,3803,CS,OC
6591,188.8,9473,5008,MF,OC
6592,188.8,9474,1501,CS,OC
6593,188.8,9475,2005,EI,BCM
6594,188.8,9478,3819,EE,OC
6595,188.8,9480,4680,CS,OC
6596,188.8,9484,4,RP,OC
6597,188.8,9485,2709,CS,OC
6598,188.8,9486,1317,IT,OC
6599,188.8,9487,4974,EC,OC
6600,188.8,9488,2711,CS,BCM
6601,188.8,9489,1304,IT,BC
6602,188.8,9490,1211,CB,BC
6603,188.8,9491,2711,CS,BC
6604,188.8,9492,5901,EC,BC
6605,188.8,9493,1211,EC,BC
6606,188.8,9494,2718,IT,BCM
6607,188.8,9495,2005,IB,BC
6608,188.8,9497,1399,ME,OC
6609,188.8,9498,1399,MZ,OC
6610,188.8,9500,1321,PA,OC
6611,188.8,9501,2006,CN,BC
6612,188.8,9502,2615,EE,BC
6613,188.8,9503,2025,CS,BC
6614,188.8,9504,5,CS,OC
6615,188.8,9505,1210,CS,OC
6616,188.8,9506,5008,MF,OC
6617,188.8,9507,1306,CS,OC
6618,188.8,9508,1210,CS,OC
6619,188.8,9510,2007,ME,MBC
6620,188.8,9512,4960,CS,BC
6621,188.8,9513,4,AU,SC
6622,188.8,9514,1399,EE,OC
6623,188.8,9515,2006,IM,SC
6624,188.8,9518,4,RP,OC
6625,188.8,9521,5008,ME,BCM
6626,188.7,9522,1219,EC,MBC
6627,188.7,9525,2005,IB,SC
6628,188.7,9526,5,IT,OC
6629,188.7,9527,2711,EC,OC
6630,188.7,9529,1317,IT,OC
6631,188.7,9530,1113,EC,OC
6632,188.7,9531,1516,CS,OC
6633,188.7,9533,2739,EE,OC
6634,188.7,9534,2712,EI,BC
6635,188.7,9535,1419,IT,OC
6636,188.7,9536,2711,CS,BC
6637,188.7,9537,4,PR,MBC
6638,188.7,9538,4974,EC,OC
6639,188.7,9540,1,MN,MBC
6640,188.7,9541,2718,CS,MBC
6641,188.7,9542,1324,EC,OC
6642,188.7,9543,2643,CS,OC
6643,188.7,9545,1321,PA,OC
6644,188.7,9546,2719,CJ,OC
6645,188.7,9550,2718,EC,BCM
6646,188.7,9551,2712,MZ,OC
6647,188.7,9552,2719,CS,OC
6648,188.7,9553,2711,CS,BC
6649,188.7,9555,1,XC,OC
6650,188.7,9556,5901,EE,OC
6651,188.7,9557,2712,EC,MBC
6652,188.7,9559,1211,EC,BC
6653,188.7,9563,2,AP,OC
6654,188.7,9565,1317,IT,OC
6655,188.7,9566,5901,EC,BC
6656,188.7,9568,2712,CE,OC
6657,188.7,9569,2006,CN,BCM
6658,188.7,9570,2007,EY,MBC
6659,188.7,9571,2025,CS,BC
6660,188.7,9573,3011,CS,OC
6661,188.7,9574,2608,CS,OC
6662,188.7,9575,4960,CS,BC
6663,188.7,9576,2005,IB,BC
6664,188.7,9577,1211,BT,OC
6665,188.7,9578,2719,CS,OC
6666,188.7,9579,2710,SC,OC
6667,188.7,9580,1419,CS,MBC
6668,188.7,9581,2702,EC,OC
6669,188.7,9582,4960,CS,BC
6670,188.7,9583,2603,CS,OC
6671,188.7,9584,2622,CS,OC
6672,188.7,9585,5008,MF,OC
6673,188.7,9587,2656,AD,OC
6674,188.7,9589,2719,CS,OC
6675,188.7,9590,2723,CS,OC
6676,188.7,9592,5901,EE,OC
6677,188.7,9594,4960,EC,OC
6678,188.7,9595,2615,EE,BC
6679,188.7,9596,1399,EE,OC
6680,188.7,9597,2722,AD,OC
6681,188.7,9598,2007,ME,MBC
6682,188.7,9600,4960,BT,OC
6683,188.7,9601,2005,CE,OC
6684,188.7,9602,2711,IT,OC
6685,188.7,9603,1419,IT,OC
6686,188.7,9604,2711,CS,MBC
6687,188.7,9605,2005,IB,BC
6688,188.7,9606,2764,EC,OC
6689,188.7,9607,4023,CS,OC
6690,188.7,9608,2357,AG,OC
6691,188.7,9609,2615,EC,MBC
6692,188.7,9614,2006,PR,BC
6693,188.7,9615,2718,CB,MBC
6694,188.7,9617,2764,CS,OC
6695,188.7,9619,2006,PR,BC
6696,188.7,9620,1419,IT,OC
6697,188.7,9623,1317,IT,OC
6698,188.7,9624,1419,CS,MBC
6699,188.7,9627,2719,CS,OC
6700,188.7,9629,5010,CS,OC
6701,188.7,9630,2618,CS,OC
6702,188.7,9631,4974,EC,OC
6703,188.7,9632,2711,CS,BC
6704,188.7,9633,3830,CS,OC
6705,188.6,9635,1419,CS,MBC
6706,188.6,9636,1113,EC,OC
6707,188.6,9637,1399,EC,BC
6708,188.6,9638,1149,CS,OC
6709,188.6,9639,2712,ME,OC
6710,188.6,9642,2005,ME,OC
6711,188.6,9643,2006,MT,OC
6712,188.6,9644,1211,AL,BC
6713,188.6,9645,5901,EE,OC
6714,188.6,9647,2005,CS,SCA
6715,188.6,9648,2722,IT,OC
6716,188.6,9649,2007,EC,SC
6717,188.6,9651,2607,BT,OC
6718,188.6,9652,4974,CE,OC
6719,188.6,9653,2005,ME,OC
6720,188.6,9654,2722,AD,OC
6721,188.6,9656,1120,EC,OC
6722,188.6,9659,2653,IT,OC
6723,188.6,9660,1112,CS,OC
6724,188.6,9661,2702,AD,OC
6725,188.6,9662,5,CS,OC
6726,188.6,9664,2712,BT,BCM
6727,188.6,9665,1317,IT,OC
6728,188.6,9666,2711,EC,OC
6729,188.6,9667,3011,CS,OC
6730,188.6,9668,1219,EE,OC
6731,188.6,9669,5901,CS,MBC
6732,188.6,9670,2718,EE,OC
6733,188.6,9671,1118,BM,OC
6734,188.6,9672,2750,BT,OC
6735,188.6,9673,1210,CS,OC
6736,188.6,9674,2603,CS,OC
6737,188.6,9675,2007,CE,OC
6738,188.6,9676,2719,CS,BC
6739,188.6,9677,4,PR,MBC
6740,188.6,9678,5901,EC,BC
6741,188.6,9679,1210,CS,OC
6742,188.6,9680,2620,CS,OC
6743,188.6,9682,1118,EE,OC
6744,188.6,9683,5901,EC,MBC
6745,188.6,9684,1216,BM,OC
6746,188.6,9685,1419,CS,BCM
6747,188.6,9688,2702,CS,MBC
6748,188.6,9689,2722,AD,OC
6749,188.6,9691,1317,IT,OC
6750,188.6,9692,2739,CS,OC
6751,188.6,9693,2618,CS,OC
6752,188.6,9694,4960,CS,BC
6753,188.6,9695,2702,IT,OC
6754,188.6,9696,2608,CB,OC
6755,188.6,9697,2618,CS,OC
6756,188.6,9699,2615,CS,BCM
6757,188.6,9700,3011,IT,OC
6758,188.6,9702,1399,IT,MBC
6759,188.6,9703,2707,AD,OC
6760,188.6,9704,1317,IT,OC
6761,188.6,9705,2739,EC,OC
6762,188.6,9706,5901,EC,MBC
6763,188.6,9707,1210,CS,OC
6764,188.6,9708,2005,IB,BC
6765,188.6,9709,2653,CS,OC
6766,188.6,9710,2007,CE,OC
6767,188.6,9711,2711,CS,BC
6768,188.6,9712,2005,CE,OC
6769,188.6,9713,1317,IT,BC
6770,188.6,9714,2739,CS,OC
6771,188.6,9715,4974,EC,OC
6772,188.6,9717,2,TX,OC
6773,188.6,9718,2357,IT,OC
6774,188.6,9719,4960,EC,OC
6775,188.6,9721,2722,EC,OC
6776,188.6,9723,5986,CS,OC
6777,188.6,9724,2007,CE,OC
6778,188.6,9725,4965,EC,OC
6779,188.6,9726,4917,BM,OC
6780,188.6,9727,1315,EC,SC
6781,188.6,9728,5008,EE,MBC
6782,188.6,9730,1219,EE,OC
6783,188.6,9732,1149,CS,OC
6784,188.6,9733,2702,CS,BC
6785,188.6,9735,1419,IT,OC
6786,188.6,9736,2711,CS,BC
6787,188.6,9737,1113,AD,BC
6788,188.6,9739,5901,ME,OC
6789,188.6,9740,1211,EC,BC
6790,188.6,9741,2622,EE,OC
6791,188.6,9742,1211,CD,OC
6792,188.6,9743,1149,CS,OC
6793,188.6,9744,2712,EE,BCM
6794,188.6,9745,5901,EC,BC
6795,188.6,9746,2712,EI,BC
6796,188.6,9748,1432,CO,OC
6797,188.6,9749,1014,CS,OC
6798,188.6,9750,4,CM,SCA
6799,188.6,9752,1419,IT,OC
6800,188.6,9753,2712,EE,MBC
6801,188.6,9754,2007,CE,OC
6802,188.6,9756,2702,IT,OC
6803,188.6,9757,2712,EI,BC
6804,188.6,9759,3011,CS,OC
6805,188.6,9761,4,RP,OC
6806,188.6,9763,3829,CS,OC
6807,188.6,9764,2005,IB,BC
6808,188.6,9765,2377,ME,BC
6809,188.6,9766,2745,AD,OC
6810,188.6,9767,1419,AD,OC
6811,188.6,9768,2702,IT,OC
6812,188.6,9769,2764,EE,OC
6813,188.6,9770,2711,IT,OC
6814,188.6,9771,2711,IT,OC
6815,188.6,9772,2006,IY,MBC
6816,188.6,9773,1113,EC,OC
6817,188.6,9774,5901,EE,OC
6818,188.6,9776,4960,CS,MBC
6819,188.6,9777,4962,CS,OC
6820,188.6,9778,2,IB,SC
6821,188.6,9779,2718,EE,OC
6822,188.6,9780,5008,EY,MBC
6823,188.5,9781,2702,CS,MBC
6824,188.5,9782,2007,CS,SC
6825,188.5,9783,2702,CB,OC
6826,188.5,9785,2603,CS,OC
6827,188.5,9787,2007,CS,SC
6828,188.5,9788,2715,AG,OC
6829,188.5,9789,1419,IT,OC
6830,188.5,9790,2006,PR,BC
6831,188.5,9791,1026,CS,OC
6832,188.5,9792,2719,CS,BC
6833,188.5,9793,1211,CD,OC
6834,188.5,9794,1112,CS,OC
6835,188.5,9797,4864,CS,OC
6836,188.5,9799,4960,CS,MBC
6837,188.5,9801,1399,EE,OC
6838,188.5,9802,2,PP,OC
6839,188.5,9803,1211,EC,BC
6840,188.5,9804,2630,CS,OC
6841,188.5,9805,2,TX,OC
6842,188.5,9806,1026,CS,OC
6843,188.5,9808,1516,EC,OC
6844,188.5,9809,1317,EC,OC
6845,188.5,9810,5008,MF,BC
6846,188.5,9811,4965,EC,OC
6847,188.5,9812,2025,CS,MBC
6848,188.5,9813,2615,EE,BC
6849,188.5,9814,2719,AE,OC
6850,188.5,9815,5,AM,OC
6851,188.5,9816,2764,EC,OC
6852,188.5,9817,4993,AG,OC
6853,188.5,9818,2702,CS,BC
6854,188.5,9820,1399,AD,MBC
6855,188.5,9821,3011,CS,OC
6856,188.5,9823,1211,CS,MBC
6857,188.5,9826,4,RP,OC
6858,188.5,9827,2007,CE,BC
6859,188.5,9833,2005,IB,BC
6860,188.5,9837,2005,CE,OC
6861,188.5,9841,2702,IT,OC
6862,188.5,9845,1324,CS,OC
6863,188.5,9848,2718,EE,OC
6864,188.5,9849,2764,CS,OC
6865,188.5,9857,1419,IT,OC
6866,188.5,9858,2718,EE,OC
6867,188.5,9859,2719,IT,OC
6868,188.5,9860,2718,CS,BCM
6869,188.5,9861,2718,EE,OC
6870,188.5,9862,2712,AE,BC
6871,188.5,9867,1419,IT,OC
6872,188.5,9868,2718,IT,MBC
6873,188.5,9869,1211,EC,BC
6874,188.5,9873,2739,CS,OC
6875,188.5,9876,2005,CE,OC
6876,188.5,9877,1309,CS,OC
6877,188.5,9878,2377,CE,OC
6878,188.5,9880,1309,IT,OC
6879,188.5,9883,2377,EE,MBC
6880,188.5,9885,1304,IT,BC
6881,188.5,9886,1450,EC,BC
6882,188.5,9887,1113,CS,BCM
6883,188.5,9888,2005,IB,BC
6884,188.5,9889,2005,IB,BC
6885,188.5,9890,2005,IB,BC
6886,188.5,9891,4,PR,BCM
6887,188.5,9892,2718,CS,MBC
6888,188.5,9893,1516,CS,OC
6889,188.5,9895,2377,ME,BC
6890,188.5,9897,1317,IT,BC
6891,188.5,9898,1219,EE,OC
6892,188.5,9899,1324,CS,OC
6893,188.5,9901,2718,EE,OC
6894,188.5,9903,1304,BM,OC
6895,188.5,9904,4960,CS,BC
6896,188.5,9905,2025,EC,OC
6897,188.5,9906,1419,AD,OC
6898,188.5,9907,1210,CS,OC
6899,188.5,9908,1432,EC,OC
6900,188.5,9909,5901,CS,MBC
6901,188.5,9910,1304,EC,OC
6902,188.5,9914,2702,CS,BC
6903,188.5,9916,2739,CS,OC
6904,188.5,9917,1419,IT,OC
6905,188.5,9919,5,AM,OC
6906,188.5,9920,1211,BT,OC
6907,188.5,9921,1315,EC,SC
6908,188.5,9922,1419,IT,OC
6909,188.5,9927,1219,EE,OC
6910,188.5,9928,1211,BM,BC
6911,188.5,9930,2711,CS,BC
6912,188.5,9935,2006,AS,BC
6913,188.5,9936,1306,BT,OC
6914,188.5,9937,1219,EE,OC
6915,188.5,9938,1211,CB,BC
6916,188.5,9939,4960,CS,BCM
6917,188.5,9942,2007,CE,BC
6918,188.5,9943,2006,PR,BC
6919,188.5,9944,1211,EC,BC
6920,188.5,9945,3819,EC,OC
6921,188.5,9946,1304,CS,BCM
6922,188.5,9947,1324,CS,OC
6923,188.5,9948,2006,MT,BC
6924,188.5,9950,2702,IT,OC
6925,188.5,9951,2702,BT,OC
6926,188.5,9955,4,AE,SCA
6927,188.5,9956,1315,EC,SC
6928,188.5,9958,5008,CN,OC
6929,188.5,9962,1409,BT,OC
6930,188.5,9963,1211,FD,OC
6931,188.5,9969,1304,AD,BC
6932,188.5,9970,1317,AL,OC
6933,188.5,9971,1324,CS,OC
6934,188.5,9972,1211,AL,BCM
6935,188.5,9973,2,CL,BCM
6936,188.5,9974,1211,EE,OC
6937,188.5,9976,2722,AD,OC
6938,188.5,9982,1317,IT,BC
6939,188.5,9985,2025,EE,OC
6940,188.5,9987,5008,MF,BC
6941,188.5,9989,2711,IT,OC
6942,188.5,9991,4974,EC,OC
6943,188.5,9993,1219,EE,BC
6944,188.5,9996,1211,EC,BC
6945,188.5,9999,2722,EC,OC
6946,188.5,10001,1317,IT,BC
6947,188.5,10003,1,MI,BC
6948,188.5,10006,2702,CS,BC
6949,188.5,10008,1211,IT,BCM
6950,188.5,10010,2718,EC,MBC
6951,188.5,10012,2006,MT,BC
6952,188.5,10013,2722,CS,OC
6953,188.5,10014,2005,ME,OC
6954,188.5,10015,2718,EE,OC
6955,188.5,10016,2702,CS,BC
6956,188.5,10017,2712,MZ,OC
6957,188.5,10018,1211,EC,BC
6958,188.5,10021,2718,EE,OC
6959,188.5,10025,2006,MT,BC
6960,188.5,10026,5901,CS,MBC
6961,188.5,10028,2006,FY,OC
6962,188.5,10029,1450,EC,BC
6963,188.5,10030,1432,CO,OC
6964,188.5,10031,1219,EE,BC
6965,188.5,10036,2712,EI,BC
6966,188.5,10041,1324,CS,OC
6967,188.5,10042,1,GI,SC
6968,188.5,10044,1,MN,MBC
6969,188.5,10048,4,RP,OC
6970,188.5,10050,1315,EC,SC
6971,188.5,10054,1113,CS,MBC
6972,188.5,10056,1210,CS,OC
6973,188.5,10057,1450,EC,BC
6974,188.5,10059,2006,EE,SC
6975,188.5,10061,5008,EY,MBC
6976,188.5,10062,1304,CS,MBC
6977,188.5,10065,1399,IT,MBC
6978,188.5,10066,2718,EE,OC
6979,188.5,10068,1422,AD,OC
6980,188.5,10069,2711,IT,OC
6981,188.5,10071,1210,CS,OC
6982,188.5,10072,1315,IT,SC
6983,188.5,10073,2702,IT,OC
6984,188.5,10074,1315,ME,MBC
6985,188.5,10077,2712,EI,BC
6986,188.5,10078,1422,CS,OC
6987,188.5,10080,1,MI,MBC
6988,188.5,10081,5008,MF,BC
6989,188.5,10082,5901,CS,MBC
6990,188.5,10083,1211,EC,BC
6991,188.5,10084,2722,CS,OC
6992,188.5,10085,1211,CD,BC
6993,188.5,10088,1303,IT,OC
6994,188.5,10090,1304,IT,BC
6995,188.5,10091,2608,EE,OC
6996,188.5,10092,1412,CS,OC
6997,188.5,10093,2622,CE,OC
6998,188.5,10094,2,PP,OC
6999,188.5,10095,2603,CS,OC
7000,188.5,10096,1322,CS,OC
7001,188.5,10097,5008,MF,BC
7002,188.5,10099,5910,AD,OC
7003,188.5,10100,3011,BT,OC
7004,188.5,10101,1317,IT,MBC
7005,188.5,10102,1419,IT,OC
7006,188.5,10103,2710,AD,OC
7007,188.5,10104,1210,CS,OC
7008,188.5,10105,3801,CS,OC
7009,188.5,10106,1113,CS,MBC
7010,188.5,10108,1,XC,OC
7011,188.5,10109,4960,IT,OC
7012,188.5,10110,4974,EC,OC
7013,188.5,10112,2377,ME,BC
7014,188.5,10113,4678,CS,OC
7015,188.5,10114,1399,BM,BC
7016,188.5,10115,5008,MF,BC
7017,188.5,10117,2708,EC,OC
7018,188.5,10118,1210,CS,OC
7019,188.5,10120,2007,MF,OC
7020,188.4,10121,1450,EC,BC
7021,188.4,10123,4960,EC,OC
7022,188.4,10124,2,IB,SC
7023,188.4,10125,1419,AD,OC
7024,188.4,10126,4023,IT,OC
7025,188.4,10127,2711,FD,OC
7026,188.4,10128,1419,IT,OC
7027,188.4,10129,1315,IT,SC
7028,188.4,10132,2739,CS,OC
7029,188.4,10134,1113,CS,BCM
7030,188.4,10135,1211,CB,BC
7031,188.4,10136,1307,CS,OC
7032,188.4,10137,2711,EC,OC
7033,188.4,10139,1,MI,BC
7034,188.4,10141,2764,CE,OC
7035,188.4,10142,2723,EC,OC
7036,188.4,10143,2709,CS,OC
7037,188.4,10144,2007,MF,OC
7038,188.4,10145,4960,CS,BC
7039,188.4,10146,2005,ME,OC
7040,188.4,10147,5009,CS,OC
7041,188.4,10148,2723,BM,OC
7042,188.4,10149,2610,CS,OC
7043,188.4,10150,2719,CS,BC
7044,188.4,10151,2006,CM,SCA
7045,188.4,10152,2006,MF,MBC
7046,188.4,10153,3465,CS,OC
7047,188.4,10156,5008,MF,BC
7048,188.4,10157,1516,EC,OC
7049,188.4,10158,1430,EC,OC
7050,188.4,10159,2709,CS,MBC
7051,188.4,10161,1311,AO,OC
7052,188.4,10162,2643,CS,OC
7053,188.4,10164,4960,EE,OC
7054,188.4,10165,3465,EC,OC
7055,188.4,10166,2369,EC,OC
7056,188.4,10168,2739,CS,OC
7057,188.4,10169,1219,EE,BC
7058,188.4,10170,2005,ME,OC
7059,188.4,10171,2006,EE,SC
7060,188.4,10172,2005,ME,OC
7061,188.4,10174,2709,EC,OC
7062,188.4,10175,2739,CS,OC
7063,188.4,10176,5,CS,OC
7064,188.4,10177,1307,CS,OC
7065,188.4,10179,2615,EE,MBC
7066,188.4,10180,2702,AD,OC
7067,188.4,10181,2711,IT,OC
7068,188.4,10182,2,PP,OC
7069,188.4,10183,2711,IT,OC
7070,188.4,10184,2620,TS,OC
7071,188.4,10185,1112,CS,OC
7072,188.4,10187,2712,EI,BC
7073,188.4,10188,2,FS,MBC
7074,188.4,10190,2636,CS,OC
7075,188.4,10191,5901,EE,OC
7076,188.4,10193,2615,EC,MBC
7077,188.4,10194,2005,ME,OC
7078,188.4,10196,2615,EC,BCM
7079,188.4,10198,2622,CS,OC
7080,188.4,10203,5901,CS,MBC
7081,188.4,10204,2718,IT,MBC
7082,188.4,10205,3011,CS,OC
7083,188.4,10208,2739,CS,OC
7084,188.4,10209,5008,EY,MBC
7085,188.4,10213,2006,PN,OC
7086,188.4,10215,2702,ME,OC
7087,188.4,10218,2603,CS,OC
7088,188.4,10220,2005,ME,OC
7089,188.4,10221,2006,PN,OC
7090,188.4,10222,1432,CB,OC
7091,188.4,10223,1113,EC,OC
7092,188.4,10224,1317,EE,OC
7093,188.4,10225,2005,ME,OC
7094,188.4,10226,2006,EE,SC
7095,188.4,10228,1431,CS,OC
7096,188.4,10229,2707,RM,OC
7097,188.4,10230,3465,CS,OC
7098,188.4,10232,1113,EC,OC
7099,188.4,10233,2007,CE,BC
7100,188.4,10234,2712,EI,BC
7101,188.4,10238,1422,AD,OC
7102,188.4,10240,5901,EE,OC
7103,188.4,10242,3011,CS,OC
7104,188.4,10243,2702,CS,MBC
7105,188.4,10245,2005,ME,OC
7106,188.4,10246,5008,CN,OC
7107,188.4,10247,5008,MF,BC
7108,188.4,10248,1450,CS,MBC
7109,188.4,10249,1317,IT,BC
7110,188.4,10250,5536,EC,OC
7111,188.4,10251,2719,IT,OC
7112,188.4,10252,1112,CS,OC
7113,188.4,10253,1304,RM,OC
7114,188.4,10255,1113,CB,OC
7115,188.4,10256,5901,EE,OC
7116,188.4,10257,5,IT,OC
7117,188.4,10258,2711,IT,OC
7118,188.4,10261,2712,AE,BC
7119,188.4,10262,2357,EE,OC
7120,188.4,10263,3465,CS,OC
7121,188.4,10265,1211,AL,SC
7122,188.4,10268,2722,IT,OC
7123,188.4,10270,1013,IT,OC
7124,188.4,10271,2712,EC,MBC
7125,188.4,10272,2006,MS,OC
7126,188.4,10274,1419,IT,OC
7127,188.4,10275,4974,EC,OC
7128,188.4,10276,2711,IT,OC
7129,188.4,10278,2711,IT,OC
7130,188.4,10280,2005,IB,BC
7131,188.4,10281,1,GI,SC
7132,188.4,10282,4974,EC,OC
7133,188.4,10283,1419,AD,OC
7134,188.3,10284,2719,CS,BC
7135,188.3,10287,4960,EE,OC
7136,188.3,10288,2601,BT,OC
7137,188.3,10289,5901,CS,MBC
7138,188.3,10291,2711,IT,OC
7139,188.3,10292,2718,IT,MBC
7140,188.3,10293,2005,IT,SC
7141,188.3,10294,2607,EC,OC
7142,188.3,10295,2718,EE,OC
7143,188.3,10296,1,PT,BC
7144,188.3,10297,1122,CS,OC
7145,188.3,10298,4,RP,OC
7146,188.3,10302,2702,CS,BC
7147,188.3,10303,2718,CJ,OC
7148,188.3,10304,2739,EE,OC
7149,188.3,10306,1399,BM,BC
7150,188.3,10307,2712,CS,SC
7151,188.3,10309,2702,IT,OC
7152,188.3,10310,1309,EC,OC
7153,188.3,10311,2719,CS,MBC
7154,188.3,10313,5986,CS,OC
7155,188.3,10315,2006,MS,OC
7156,188.3,10320,2005,CE,OC
7157,188.3,10321,2727,EC,OC
7158,188.3,10324,4974,EC,OC
7159,188.3,10325,1432,EC,OC
7160,188.3,10326,2656,CS,OC
7161,188.3,10327,1,MN,MBC
7162,188.3,10330,4678,CS,OC
7163,188.3,10332,4928,CS,OC
7164,188.3,10333,2025,EC,OC
7165,188.3,10336,4974,EC,OC
7166,188.3,10338,2718,EE,OC
7167,188.3,10339,2711,EC,OC
7168,188.3,10341,3011,EE,OC
7169,188.3,10342,2722,CS,OC
7170,188.3,10343,2005,IB,BC
7171,188.3,10344,5912,CE,OC
7172,188.3,10348,5901,EE,OC
7173,188.3,10351,4962,CS,OC
7174,188.3,10352,4962,CS,OC
7175,188.3,10354,2711,EC,OC
7176,188.3,10355,1,ME,SC
7177,188.3,10356,2719,IT,OC
7178,188.3,10357,1419,IT,BC
7179,188.3,10358,4974,EC,OC
7180,188.3,10359,1399,AD,BCM
7181,188.3,10360,5008,MF,BC
7182,188.3,10362,4960,CS,BC
7183,188.3,10363,1432,CB,OC
7184,188.3,10364,4960,CS,BCM
7185,188.3,10366,1432,CS,OC
7186,188.3,10368,1419,EC,OC
7187,188.3,10369,1399,MZ,OC
7188,188.3,10370,4678,CS,OC
7189,188.3,10371,4,RP,OC
7190,188.3,10372,2711,IT,OC
7191,188.3,10373,2007,ME,BCM
7192,188.3,10376,2702,AD,OC
7193,188.3,10377,2702,EC,OC
7194,188.3,10378,2006,MT,BC
7195,188.3,10380,1,ME,SC
7196,188.3,10381,2706,CS,OC
7197,188.3,10382,5910,CS,OC
7198,188.3,10383,2007,CE,MBC
7199,188.2,10384,5986,CS,OC
7200,188.2,10385,2025,CS,MBC
7201,188.2,10387,2712,EI,BC
7202,188.2,10388,1231,CS,OC
7203,188.2,10389,2618,CS,OC
7204,188.2,10390,2377,EE,MBC
7205,188.2,10391,2615,MT,OC
7206,188.2,10392,2,IS,SC
7207,188.2,10393,2702,IT,OC
7208,188.2,10394,1317,BT,OC
7209,188.2,10395,1211,CS,MBC
7210,188.2,10396,1432,EC,OC
7211,188.2,10397,1113,EC,OC
7212,188.2,10398,2719,CS,BC
7213,188.2,10399,2712,AE,BC
7214,188.2,10400,2006,CN,MBC
7215,188.2,10401,2739,CS,OC
7216,188.2,10402,2609,IT,OC
7217,188.2,10403,5901,EC,MBC
7218,188.2,10405,2005,ME,OC
7219,188.2,10406,2,LE,OC
7220,188.2,10407,2005,CS,SC
7221,188.2,10408,4,MF,SC
7222,188.2,10410,1317,IT,BC
7223,188.2,10411,1113,EC,OC
7224,188.2,10412,2711,IT,OC
7225,188.2,10415,5935,CS,OC
7226,188.2,10417,1432,AD,OC
7227,188.2,10418,4960,EC,OC
7228,188.2,10419,1112,CS,OC
7229,188.2,10420,2702,FD,OC
7230,188.2,10422,2752,EC,OC
7231,188.2,10424,2636,EC,OC
7232,188.2,10425,2005,IT,SC
7233,188.2,10429,2006,MT,BC
7234,188.2,10430,2005,ME,BC
7235,188.2,10432,1210,CS,OC
7236,188.2,10433,3819,IT,OC
7237,188.2,10434,3011,IT,OC
7238,188.2,10435,2005,CE,OC
7239,188.2,10436,2718,EE,OC
7240,188.2,10438,2006,MF,MBC
7241,188.2,10441,1399,EE,OC
7242,188.2,10443,5986,CS,BC
7243,188.2,10447,2611,IT,OC
7244,188.2,10448,2,CL,MBC
7245,188.2,10450,1317,EC,OC
7246,188.2,10451,2711,IT,OC
7247,188.2,10452,4960,CS,BC
7248,188.2,10453,5901,EC,MBC
7249,188.2,10454,1419,IT,BC
7250,188.2,10456,2711,IT,MBC
7251,188.2,10457,2608,CS,OC
7252,188.2,10458,2005,ME,BC
7253,188.2,10459,1,GI,SC
7254,188.2,10460,2601,BT,OC
7255,188.2,10462,2007,CE,BC
7256,188.2,10463,2006,IY,MBC
7257,188.2,10464,2007,CH,MBC
7258,188.2,10465,2,LE,OC
7259,188.2,10466,2711,IT,BC
7260,188.2,10467,2719,CS,BC
7261,188.2,10468,1211,FD,OC
7262,188.2,10469,2006,EM,SC
7263,188.2,10470,1,XC,OC
7264,188.2,10471,2707,AD,OC
7265,188.2,10472,2711,EE,OC
7266,188.2,10476,1304,CS,MBC
7267,188.2,10477,1211,CS,MBC
7268,188.2,10478,4960,IT,OC
7269,188.2,10479,1324,CS,OC
7270,188.2,10480,5901,EE,OC
7271,188.2,10481,1450,IT,BC
7272,188.2,10482,2006,TX,OC
7273,188.2,10483,2,CH,SC
7274,188.2,10484,3465,CS,OC
7275,188.2,10485,5008,CS,SC
7276,188.2,10486,1324,CO,OC
7277,188.2,10487,2005,ME,BC
7278,188.2,10488,1304,IT,BC
7279,188.2,10489,2005,ME,BC
7280,188.2,10491,2722,CS,OC
7281,188.2,10492,2025,EC,OC
7282,188.2,10493,1317,EC,OC
7283,188.2,10494,1,PT,BC
7284,188.2,10495,2711,IT,BC
7285,188.2,10498,4,AU,MBC
7286,188.2,10499,1113,EC,OC
7287,188.2,10502,2006,MT,BC
7288,188.2,10504,1432,AD,OC
7289,188.2,10505,2722,CS,OC
7290,188.2,10506,3011,IT,OC
7291,188.2,10507,2702,IT,OC
7292,188.2,10509,5986,CS,BCM
7293,188.2,10510,3826,AD,OC
7294,188.2,10511,5008,MF,BC
7295,188.2,10513,1317,CS,BCM
7296,188.2,10514,2711,AD,OC
7297,188.2,10515,1304,AD,BC
7298,188.2,10516,1315,ME,MBC
7299,188.2,10518,2711,IT,BC
7300,188.2,10520,1450,IT,BC
7301,188.2,10521,1419,IT,BC
7302,188.2,10522,2007,CE,MBC
7303,188.1,10525,2603,CS,OC
7304,188.1,10527,2711,EC,OC
7305,188.1,10529,2711,IT,BC
7306,188.1,10530,1317,CS,MBC
7307,188.1,10532,3819,CS,OC
7308,188.1,10533,1309,AD,OC
7309,188.1,10535,5986,CS,BC
7310,188.1,10537,2709,IT,OC
7311,188.1,10538,2723,EC,OC
7312,188.1,10539,2718,IT,BCM
7313,188.1,10542,2711,IT,BC
7314,188.1,10543,1419,CB,OC
7315,188.1,10546,1,MI,MBC
7316,188.1,10548,2712,CE,OC
7317,188.1,10549,2711,IT,BC
7318,188.1,10552,2719,IT,OC
7319,188.1,10553,2711,AD,OC
7320,188.1,10554,2702,IT,OC
7321,188.1,10555,2006,IY,MBC
7322,188.1,10557,2726,CS,OC
7323,188.1,10558,1210,CS,OC
7324,188.1,10559,2702,AD,OC
7325,188.1,10560,2,TX,OC
7326,188.1,10561,2702,IT,OC
7327,188.1,10563,2719,CS,BC
7328,188.1,10564,2005,ME,MBC
7329,188.1,10566,3830,EE,OC
7330,188.1,10568,4974,EC,OC
7331,188.1,10571,1113,AD,BC
7332,188.1,10572,1113,AD,BC
7333,188.1,10573,4960,CS,MBC
7334,188.1,10574,2702,IT,OC
7335,188.1,10575,2005,IB,BC
7336,188.1,10576,1450,IT,BC
7337,188.1,10577,3815,CS,OC
7338,188.1,10578,1,XC,OC
7339,188.1,10580,5008,MF,BC
7340,188.1,10581,2702,AD,OC
7341,188.1,10585,2702,CB,OC
7342,188.1,10587,5904,CS,OC
7343,188.1,10588,2712,CE,OC
7344,188.1,10589,2005,IB,BC
7345,188.1,10590,2006,PN,OC
7346,188.1,10591,4020,CS,OC
7347,188.1,10592,2709,CS,BC
7348,188.1,10593,2,IS,SC
7349,188.1,10597,1316,BM,OC
7350,188.1,10598,1399,BM,MBC
7351,188.1,10599,2006,IM,SC
7352,188.1,10601,1315,CE,MBC
7353,188.1,10602,4917,AG,OC
7354,188.1,10603,5901,EE,OC
7355,188.1,10604,2702,IT,OC
7356,188.1,10605,1317,CS,MBC
7357,188.1,10606,2377,CE,OC
7358,188.1,10607,2615,EE,MBC
7359,188.1,10609,1311,AE,OC
7360,188.1,10610,4917,CE,OC
7361,188.1,10613,2712,EE,BCM
7362,188.1,10614,1309,CS,OC
7363,188.1,10616,1419,IT,BC
7364,188.1,10617,2764,CS,OC
7365,188.1,10618,1304,IT,BC
7366,188.1,10621,2603,CS,OC
7367,188.1,10622,2615,MT,OC
7368,188.1,10623,1112,CS,OC
7369,188.1,10624,1419,AD,OC
7370,188.1,10625,3805,AG,OC
7371,188.1,10626,2722,CS,OC
7372,188.1,10627,2702,IT,OC
7373,188.1,10630,4,AU,MBC
7374,188.1,10631,1219,EC,MBC
7375,188.1,10632,2005,ME,BC
7376,188.1,10636,1516,EE,OC
7377,188.1,10637,2702,EC,OC
7378,188.1,10638,1,PT,BC
7379,188.1,10639,2722,IT,OC
7380,188.1,10641,1216,CS,OC
7381,188.1,10642,1,MA,BCM
7382,188.1,10643,5008,MF,BCM
7383,188.1,10644,4944,EC,OC
7384,188.1,10645,2736,CS,OC
7385,188.1,10646,2711,IT,BC
7386,188.1,10648,3805,AD,OC
7387,188.1,10649,1315,IT,SC
7388,188.1,10650,2702,IT,OC
7389,188.1,10651,1211,CS,MBC
7390,188.1,10652,2005,EC,SC
7391,188.1,10653,1211,EC,MBC
7392,188.1,10654,2722,CS,OC
7393,188.0,10656,5901,EC,BCM
7394,188.0,10657,2702,CS,MBC
7395,188.0,10661,2622,IT,OC
7396,188.0,10663,2709,CS,BC
7397,188.0,10665,1399,MZ,OC
7398,188.0,10666,2718,EE,OC
7399,188.0,10667,3830,CB,OC
7400,188.0,10668,1113,AD,BC
7401,188.0,10669,1211,EC,MBC
7402,188.0,10672,3011,BT,OC
7403,188.0,10674,1210,CS,OC
7404,188.0,10680,2711,IT,BC
7405,188.0,10681,2007,MF,OC
7406,188.0,10682,2603,CS,OC
7407,188.0,10683,2702,IT,OC
7408,188.0,10685,1015,CS,OC
7409,188.0,10687,2702,IT,OC
7410,188.0,10690,2711,IT,BC
7411,188.0,10692,2721,CS,OC
7412,188.0,10694,1317,IT,BC
7413,188.0,10695,5008,EE,SC
7414,188.0,10697,1419,CS,BCM
7415,188.0,10698,1113,EC,OC
7416,188.0,10699,1210,CS,OC
7417,188.0,10700,2722,CS,OC
7418,188.0,10701,5901,EC,BCM
7419,188.0,10702,1450,IT,BC
7420,188.0,10703,1304,IT,BC
7421,188.0,10704,1211,IT,MBC
7422,188.0,10705,1419,EC,OC
7423,188.0,10706,5,IT,OC
7424,188.0,10709,5901,EE,OC
7425,188.0,10710,2702,IT,OC
7426,188.0,10711,3465,CS,OC
7427,188.0,10712,2006,MS,OC
7428,188.0,10713,2708,FD,OC
7429,188.0,10715,2377,CS,SC
7430,188.0,10716,2722,CS,BC
7431,188.0,10717,2722,CS,BC
7432,188.0,10719,1315,CE,BCM
7433,188.0,10720,4023,CS,OC
7434,188.0,10731,1,GI,SC
7435,188.0,10732,2711,IT,BC
7436,188.0,10734,1324,CS,OC
7437,188.0,10735,2702,IT,OC
7438,188.0,10740,2718,CS,MBC
7439,188.0,10741,1113,AD,BC
7440,188.0,10744,3464,CS,OC
7441,188.0,10749,2005,IB,BC
7442,188.0,10750,2006,MS,BC
7443,188.0,10751,2709,CS,BC
7444,188.0,10752,1,MA,MBC
7445,188.0,10756,1,PT,BC
7446,188.0,10758,1,XM,OC
7447,188.0,10760,2702,IT,OC
7448,188.0,10761,2718,CS,MBC
7449,188.0,10763,5008,CW,MBC
7450,188.0,10766,2006,ME,SC
7451,188.0,10768,2719,IT,OC
7452,188.0,10771,2007,MF,OC
7453,188.0,10773,3819,CS,OC
7454,188.0,10778,3011,CS,OC
7455,188.0,10779,2006,MS,BC
7456,188.0,10780,5008,CS,SC
7457,188.0,10784,2,CL,MBC
7458,188.0,10785,1216,CS,OC
7459,188.0,10788,1315,CH,MBC
7460,188.0,10791,1317,IT,BC
7461,188.0,10793,2719,CS,BC
7462,188.0,10794,2007,EY,MBC
7463,188.0,10795,1315,EE,SC
7464,188.0,10797,1419,AD,OC
7465,188.0,10798,2702,AD,OC
7466,188.0,10801,1219,EE,BC
7467,188.0,10802,4960,EC,OC
7468,188.0,10803,2712,MZ,OC
7469,188.0,10804,1113,EC,OC
7470,188.0,10807,2712,AD,MBC
7471,188.0,10809,2615,CE,OC
7472,188.0,10811,1,GI,SC
7473,188.0,10812,1315,IT,SC
7474,188.0,10815,1321,PA,OC
7475,188.0,10816,2719,CS,BC
7476,188.0,10817,1317,IT,BC
7477,188.0,10823,2377,CE,OC
7478,188.0,10824,1399,EC,MBC
7479,188.0,10825,1419,AD,OC
7480,188.0,10829,4960,CS,BC
7481,188.0,10830,2,CL,MBC
7482,188.0,10832,2,AP,OC
7483,188.0,10833,1419,CB,OC
7484,188.0,10835,1113,CD,OC
7485,188.0,10837,1450,IT,BC
7486,188.0,10838,5901,EC,MBC
7487,188.0,10841,2005,ME,BC
7488,188.0,10842,2727,BT,OC
7489,188.0,10845,1419,IT,MBC
7490,188.0,10846,2006,IM,SC
7491,188.0,10848,2711,EC,OC
7492,188.0,10850,5008,MF,BC
7493,188.0,10851,2718,EE,OC
7494,188.0,10852,2377,ME,MBC
7495,188.0,10854,1315,EE,SC
7496,188.0,10855,1113,EC,OC
7497,188.0,10858,2005,ME,MBC
7498,188.0,10863,5,CS,OC
7499,188.0,10864,2,CL,MBC
7500,188.0,10865,2718,MZ,OC
7501,188.0,10866,1422,ME,OC
7502,188.0,10868,2006,BS,MBC
7503,188.0,10870,1210,CS,OC
7504,188.0,10872,2712,ME,OC
7505,188.0,10875,1112,CS,OC
7506,188.0,10876,1,MI,MBC
7507,188.0,10878,2005,ME,BC
7508,188.0,10879,4,MF,SC
7509,188.0,10880,2005,ME,BC
7510,188.0,10882,1210,CS,OC
7511,188.0,10885,2603,CS,OC
7512,188.0,10886,2005,EE,SC
7513,188.0,10887,2005,IB,BC
7514,188.0,10892,1317,EC,OC
7515,188.0,10896,1450,EC,BC
7516,188.0,10898,4960,CS,BC
7517,188.0,10899,1219,EC,MBC
7518,188.0,10903,1419,IT,BC
7519,188.0,10905,1309,CS,BC
7520,188.0,10906,1317,AD,BC
7521,188.0,10911,2702,IT,OC
7522,188.0,10913,2712,EC,MBC
7523,188.0,10914,2005,CE,OC
7524,188.0,10916,1422,AD,OC
7525,188.0,10918,4023,EC,OC
7526,188.0,10919,2007,MF,BC
7527,188.0,10920,1317,AL,OC
7528,188.0,10925,1113,EC,BC
7529,188.0,10927,2711,IT,BC
7530,188.0,10928,2711,IT,BC
7531,188.0,10930,2,PM,MBC
7532,188.0,10932,1317,IT,BC
7533,188.0,10935,2712,AE,BC
7534,188.0,10936,1211,BT,OC
7535,188.0,10937,4974,EC,OC
7536,188.0,10939,1422,CS,OC
7537,188.0,10940,2007,CM,SC
7538,188.0,10941,2718,IT,MBC
7539,188.0,10942,1211,CS,MBC
7540,188.0,10946,2006,AS,BC
7541,188.0,10948,1210,CS,OC
7542,188.0,10949,1309,EC,OC
7543,188.0,10954,4962,CS,OC
7544,188.0,10955,1450,CS,SC
7545,188.0,10956,2709,CS,BC
7546,188.0,10960,4960,IT,OC
7547,188.0,10961,4960,CS,BC
7548,188.0,10966,2005,CE,OC
7549,188.0,10968,2006,MY,OC
7550,188.0,10971,1149,AD,OC
7551,188.0,10973,2718,EE,OC
7552,188.0,10974,2712,AD,MBC
7553,188.0,10975,1399,MZ,OC
7554,188.0,10977,1113,EC,BC
7555,188.0,10980,1419,EC,OC
7556,188.0,10981,1113,CD,OC
7557,188.0,10982,2712,SE,MBC
7558,188.0,10983,2,PP,OC
7559,188.0,10984,2601,EE,OC
7560,188.0,10985,1516,CS,OC
7561,188.0,10987,1219,CS,SC
7562,188.0,10988,1432,CS,OC
7563,188.0,10989,2702,IT,OC
7564,188.0,10990,4960,CS,BC
7565,188.0,10993,4960,CS,BC
7566,188.0,10994,1317,CS,BCM
7567,188.0,10995,1211,FD,OC
7568,188.0,10996,1219,BT,BCM
7569,188.0,10997,2006,ES,BCM
7570,188.0,11000,1211,BT,OC
7571,188.0,11001,1211,IT,MBC
7572,188.0,11002,1116,ME,OC
7573,188.0,11009,1419,EC,OC
7574,188.0,11010,2005,ME,BC
7575,188.0,11011,1317,IT,BC
7576,188.0,11012,1219,EC,BCM
7577,188.0,11013,2007,MF,BC
7578,188.0,11014,1304,IT,BC
7579,188.0,11015,1304,EC,OC
7580,188.0,11016,5008,MG,MBC
7581,188.0,11019,1419,AD,OC
7582,188.0,11020,1210,CS,OC
7583,188.0,11022,2622,CS,OC
7584,188.0,11023,2,TX,OC
7585,188.0,11024,1317,IT,BC
7586,188.0,11025,2739,CS,OC
7587,188.0,11026,2006,FY,OC
7588,188.0,11027,2711,CS,MBC
7589,188.0,11028,5901,EE,OC
7590,188.0,11029,2709,CS,BC
7591,188.0,11030,3011,CS,OC
7592,188.0,11032,5986,CS,BC
7593,188.0,11033,2727,CS,OC
7594,188.0,11034,2622,CS,OC
7595,188.0,11035,2702,IT,OC
7596,188.0,11036,3465,EC,OC
7597,188.0,11037,2709,CS,BC
7598,188.0,11038,2706,CS,OC
7599,188.0,11039,1516,CS,OC
7600,188.0,11041,2711,EC,OC
7601,188.0,11042,1210,CO,OC
7602,188.0,11043,2718,EE,OC
7603,188.0,11044,1211,CS,MBC
7604,188.0,11045,2620,CS,OC
7605,188.0,11046,2711,IT,BC
7606,188.0,11047,4,AU,MBC
7607,188.0,11048,2718,EC,MBC
7608,188.0,11049,5901,EE,OC
7609,188.0,11050,1432,CS,OC
7610,188.0,11052,2727,EE,OC
7611,188.0,11054,2719,EC,OC
7612,188.0,11055,2006,MS,BC
7613,188.0,11057,2719,CS,BC
7614,188.0,11058,2006,IM,SC
7615,188.0,11059,1211,CS,MBC
7616,188.0,11061,2712,EI,BC
7617,188.0,11062,2007,ME,BCM
7618,188.0,11063,1120,CS,OC
7619,188.0,11065,1112,AL,OC
7620,188.0,11069,1219,EE,BC
7621,188.0,11070,2702,IT,BC
7622,188.0,11071,3011,BT,OC
7623,188.0,11072,1419,IT,BC
7624,188.0,11073,2,PP,OC
7625,188.0,11074,2719,IT,OC
7626,188.0,11075,2005,IB,MBC
7627,188.0,11076,2007,EC,SC
7628,188.0,11078,2702,EC,OC
7629,188.0,11079,5901,EE,OC
7630,188.0,11080,5008,CN,OC
7631,188.0,11081,2702,IT,BC
7632,188.0,11082,2006,FY,OC
7633,187.9,11083,2711,IT,BC
7634,187.9,11084,4971,IT,OC
7635,187.9,11086,2,AP,OC
7636,187.9,11090,1399,EE,OC
7637,187.9,11092,1,PT,BC
7638,187.9,11093,2718,EC,MBC
7639,187.9,11096,2712,EC,MBC
7640,187.9,11097,2005,ME,SC
7641,187.9,11099,1419,CS,BCM
7642,187.9,11100,2711,IT,BC
7643,187.9,11101,2745,AD,OC
7644,187.9,11102,5008,CN,OC
7645,187.9,11103,3819,CS,OC
7646,187.9,11105,3805,BM,OC
7647,187.9,11107,2712,MZ,OC
7648,187.9,11108,1324,CS,OC
7649,187.9,11109,1211,BM,BC
7650,187.9,11110,1210,CS,OC
7651,187.9,11112,1419,CS,MBC
7652,187.9,11113,1432,CS,OC
7653,187.9,11114,2702,IT,BC
7654,187.9,11115,1516,EE,OC
7655,187.9,11116,2702,IT,BC
7656,187.9,11119,4960,AD,OC
7657,187.9,11120,5986,CS,BC
7658,187.9,11121,2706,AD,OC
7659,187.9,11122,2005,ME,BC
7660,187.9,11123,4971,CS,OC
7661,187.9,11124,3806,IT,OC
7662,187.9,11126,1113,EC,BC
7663,187.9,11127,2709,CS,BC
7664,187.9,11129,2006,MS,MBC
7665,187.9,11130,2718,EE,OC
7666,187.9,11131,1450,EC,BC
7667,187.9,11132,2025,EC,OC
7668,187.9,11134,1210,CS,OC
7669,187.9,11135,4974,EC,OC
7670,187.9,11136,1211,IT,BCM
7671,187.9,11139,1210,CS,OC
7672,187.9,11141,2,PP,OC
7673,187.9,11142,2702,CS,MBC
7674,187.9,11145,5910,CS,OC
7675,187.9,11148,1207,EC,OC
7676,187.9,11149,2603,EC,OC
7677,187.9,11151,4670,EC,OC
7678,187.9,11153,2722,CS,BC
7679,187.9,11155,2377,EE,MBC
7680,187.9,11156,1112,CS,OC
7681,187.9,11157,2007,MF,BC
7682,187.9,11158,2702,BT,OC
7683,187.9,11159,1315,CH,MBC
7684,187.9,11160,4023,ME,OC
7685,187.9,11161,5008,EY,MBC
7686,187.9,11165,2006,MT,BC
7687,187.9,11167,1211,CD,BC
7688,187.9,11168,1,PT,MBC
7689,187.9,11169,1504,CS,OC
7690,187.9,11171,2722,CS,BC
7691,187.9,11172,4974,EE,OC
7692,187.9,11173,1317,EC,OC
7693,187.9,11174,2702,IT,BC
7694,187.9,11175,2005,ME,BC
7695,187.9,11177,2377,EC,SC
7696,187.9,11180,2328,CS,OC
7697,187.9,11181,2007,AT,SC
7698,187.9,11183,5986,EC,OC
7699,187.9,11185,2653,CS,OC
7700,187.9,11187,2718,AD,MBC
7701,187.9,11188,1311,EE,OC
7702,187.9,11190,1317,CS,MBC
7703,187.9,11191,3826,CS,OC
7704,187.9,11192,2005,ME,BC
7705,187.9,11198,2007,CE,BC
7706,187.9,11199,2006,MS,BC
7707,187.9,11200,1315,CE,MBC
7708,187.9,11203,2005,IB,BC
7709,187.9,11204,3465,EC,OC
7710,187.8,11205,2711,EC,OC
7711,187.8,11207,2712,EC,MBC
7712,187.8,11208,2702,CB,OC
7713,187.8,11210,2377,CS,SC
7714,187.8,11211,2712,EI,MBC
7715,187.8,11212,4974,EC,OC
7716,187.8,11213,2727,CS,OC
7717,187.8,11214,2718,AD,MBC
7718,187.8,11215,2711,IT,BC
7719,187.8,11216,2719,CS,BC
7720,187.8,11220,2718,CJ,OC
7721,187.8,11221,1304,IT,BC
7722,187.8,11222,2702,IT,BC
7723,187.8,11223,2615,EE,MBC
7724,187.8,11224,2706,EC,OC
7725,187.8,11225,2718,IT,MBC
7726,187.8,11226,1122,CS,OC
7727,187.8,11228,1317,IT,BC
7728,187.8,11230,4971,CS,OC
7729,187.8,11231,1419,EC,OC
7730,187.8,11232,2722,CS,BC
7731,187.8,11235,1,IE,SC
7732,187.8,11237,2718,CS,MBC
7733,187.8,11238,2,PM,BCM
7734,187.8,11239,1225,CS,OC
7735,187.8,11240,2607,MZ,OC
7736,187.8,11241,1419,CB,OC
7737,187.8,11242,4,MF,SC
7738,187.8,11244,5012,CC,SC
7739,187.8,11245,1,PT,MBC
7740,187.8,11246,1211,IT,MBC
7741,187.8,11249,2615,CE,OC
7742,187.8,11250,2702,IT,BC
7743,187.8,11251,2,FS,MBC
7744,187.8,11253,2006,EE,SC
7745,187.8,11256,5986,EC,OC
7746,187.8,11258,2006,MY,OC
7747,187.8,11259,4023,CS,OC
7748,187.8,11261,5008,MF,MBC
7749,187.8,11262,2007,AT,SC
7750,187.8,11263,2718,CS,MBC
7751,187.8,11267,4955,AD,OC
7752,187.8,11268,1211,AE,OC
7753,187.8,11271,1317,EC,OC
7754,187.8,11272,1315,CE,MBC
7755,187.8,11276,1399,IT,MBC
7756,187.8,11281,5008,CE,BCM
7757,187.8,11283,2702,IT,BC
7758,187.8,11284,1,MI,MBC
7759,187.8,11285,1,XC,OC
7760,187.8,11286,2005,ME,BC
7761,187.8,11287,3011,CS,OC
7762,187.8,11288,3830,CS,OC
7763,187.8,11289,2006,IM,SC
7764,187.8,11290,2750,AG,OC
7765,187.8,11291,1419,IT,BC
7766,187.8,11293,1432,CS,OC
7767,187.8,11294,2719,CS,BC
7768,187.8,11295,2007,CE,BC
7769,187.8,11296,2005,EI,MBC
7770,187.8,11298,1211,IT,MBC
7771,187.8,11299,1419,IT,BC
7772,187.8,11301,2702,AL,OC
7773,187.8,11303,1113,EC,BC
7774,187.8,11304,2736,IT,OC
7775,187.8,11305,2719,CS,BC
7776,187.8,11306,5008,ME,MBC
7777,187.8,11308,1450,EE,OC
7778,187.8,11309,2610,CS,OC
7779,187.8,11311,2005,IB,BC
7780,187.8,11313,2006,IM,SC
7781,187.8,11314,2739,CS,OC
7782,187.8,11315,1211,BT,OC
7783,187.8,11316,2007,EC,SC
7784,187.8,11317,2727,CS,OC
7785,187.8,11319,1317,IT,BC
7786,187.8,11321,2712,MZ,OC
7787,187.8,11322,1419,EC,OC
7788,187.8,11324,2709,EC,OC
7789,187.8,11325,2711,FD,OC
7790,187.8,11326,2702,BT,OC
7791,187.8,11327,2718,EE,OC
7792,187.8,11328,3905,CS,OC
7793,187.8,11330,1211,BT,OC
7794,187.8,11331,2711,IT,BC
7795,187.8,11332,1419,AD,OC
7796,187.8,11333,2718,EE,OC
7797,187.8,11334,4960,CS,BC
7798,187.8,11335,2723,IT,OC
7799,187.8,11336,2718,IT,BCM
7800,187.8,11337,4971,CS,OC
7801,187.8,11338,5008,CE,BCM
7802,187.8,11341,2702,IT,BC
7803,187.8,11342,5008,CM,SC
7804,187.8,11343,1210,CS,OC
7805,187.8,11344,5986,CS,BC
7806,187.8,11346,2005,ME,MBC
7807,187.8,11348,1317,IT,MBC
7808,187.8,11349,2615,EE,MBC
7809,187.7,11350,2622,EC,OC
7810,187.7,11353,2702,IT,BC
7811,187.7,11354,1317,IT,BC
7812,187.7,11355,2718,EE,OC
7813,187.7,11356,2704,CS,OC
7814,187.7,11358,4960,CS,BC
7815,187.7,11359,2007,MF,BC
7816,187.7,11360,2603,EC,OC
7817,187.7,11361,2006,PN,OC
7818,187.7,11362,2718,EE,OC
7819,187.7,11363,4,AU,MBC
7820,187.7,11364,2702,IT,BC
7821,187.7,11365,2622,EC,OC
7822,187.7,11366,2702,AD,OC
7823,187.7,11367,2719,IT,OC
7824,187.7,11368,2718,CB,BCM
7825,187.7,11370,1419,IT,BC
7826,187.7,11371,2702,AG,OC
7827,187.7,11372,2702,IT,BC
7828,187.7,11373,1112,CS,OC
7829,187.7,11374,5,CS,OC
7830,187.7,11375,2006,BY,SC
7831,187.7,11376,5,IT,OC
7832,187.7,11377,1419,IT,BC
7833,187.7,11378,5986,EC,OC
7834,187.7,11379,4,IM,SCA
7835,187.7,11381,1211,IT,MBC
7836,187.7,11382,4960,CS,BC
7837,187.7,11384,1210,IT,OC
7838,187.7,11388,1419,IT,BC
7839,187.7,11390,1419,AD,OC
7840,187.7,11392,2712,ME,OC
7841,187.7,11393,2702,BT,OC
7842,187.7,11394,1120,CS,OC
7843,187.7,11398,1304,CS,SC
7844,187.7,11399,2622,EC,OC
7845,187.7,11401,2007,MF,BC
7846,187.7,11402,2,TX,OC
7847,187.7,11404,2005,ME,MBC
7848,187.7,11406,1219,EC,MBC
7849,187.7,11408,4672,EE,OC
7850,187.7,11409,2702,AD,OC
7851,187.7,11413,1317,AL,OC
7852,187.7,11414,1211,EC,MBC
7853,187.7,11415,2719,EC,OC
7854,187.7,11416,2718,EE,OC
7855,187.7,11418,2618,CS,OC
7856,187.7,11421,4960,EC,OC
7857,187.7,11422,2601,EC,OC
7858,187.7,11425,2718,EE,OC
7859,187.7,11426,4962,CS,OC
7860,187.7,11427,5008,EC,SC
7861,187.7,11428,3465,CS,OC
7862,187.7,11430,2709,IT,OC
7863,187.7,11432,2661,CS,OC
7864,187.7,11436,2718,EC,MBC
7865,187.7,11437,2722,CS,BC
7866,187.7,11438,2025,EC,OC
7867,187.7,11439,2615,EC,BCM
7868,187.7,11440,2702,CS,MBC
7869,187.7,11441,5008,CN,OC
7870,187.7,11442,2007,CE,BC
7871,187.7,11443,1419,IT,BC
7872,187.7,11445,1113,CB,OC
7873,187.7,11446,2704,IT,OC
7874,187.7,11447,1304,IT,BC
7875,187.7,11448,1116,CS,OC
7876,187.7,11449,2764,CS,OC
7877,187.7,11450,2711,IT,BC
7878,187.7,11451,2608,IT,OC
7879,187.7,11452,2739,EC,OC
7880,187.7,11453,2722,CS,BC
7881,187.7,11456,2005,PR,OC
7882,187.7,11458,1113,EC,BC
7883,187.7,11460,1516,CS,OC
7884,187.7,11462,1317,AL,OC
7885,187.7,11463,2739,EC,OC
7886,187.7,11464,2702,IT,BC
7887,187.7,11465,2702,BT,OC
7888,187.7,11466,1419,IT,BC
7889,187.7,11467,2653,IT,OC
7890,187.7,11468,1419,AD,OC
7891,187.7,11470,2739,CS,OC
7892,187.6,11472,2603,CS,OC
7893,187.6,11473,1304,IT,BC
7894,187.6,11474,1316,CS,OC
7895,187.6,11476,1112,CS,OC
7896,187.6,11477,1317,IT,BC
7897,187.6,11479,1419,IT,BC
7898,187.6,11480,4960,IT,OC
7899,187.6,11481,1,IE,SC
7900,187.6,11482,2722,CS,BC
7901,187.6,11484,1210,CS,OC
7902,187.6,11485,2006,EM,SC
7903,187.6,11486,5901,EE,OC
7904,187.6,11487,2711,AD,OC
7905,187.6,11488,2025,CS,MBC
7906,187.6,11489,4965,CS,OC
7907,187.6,11492,1113,EC,BC
7908,187.6,11493,2722,CS,BC
7909,187.6,11496,2656,CE,OC
7910,187.6,11499,1317,CS,BCM
7911,187.6,11500,4,PR,MBC
7912,187.6,11502,2622,CE,OC
7913,187.6,11503,2005,ME,BC
7914,187.6,11506,2025,EC,OC
7915,187.6,11507,4954,CS,OC
7916,187.6,11508,4,IM,SCA
7917,187.6,11509,2719,CS,BC
7918,187.6,11511,1304,EC,OC
7919,187.6,11512,1219,MR,OC
7920,187.6,11513,2357,AD,OC
7921,187.6,11516,2007,CM,SC
7922,187.6,11520,1399,ME,OC
7923,187.6,11521,2711,FD,OC
7924,187.6,11522,3465,EC,OC
7925,187.6,11523,2702,IT,BC
7926,187.6,11524,2007,CH,MBC
7927,187.6,11525,1219,EC,MBC
7928,187.6,11528,2005,PR,OC
7929,187.6,11529,1432,CS,OC
7930,187.6,11530,1419,IT,BC
7931,187.6,11531,1315,ME,MBC
7932,187.6,11532,2711,IT,BC
7933,187.6,11533,5008,CN,OC
7934,187.6,11534,1309,IT,OC
7935,187.6,11535,5008,MG,MBC
7936,187.6,11537,1128,CS,OC
7937,187.6,11538,2603,EC,OC
7938,187.6,11539,2719,CS,BC
7939,187.6,11540,2377,CE,OC
7940,187.6,11541,1211,CS,SC
7941,187.6,11542,1399,MZ,OC
7942,187.6,11543,1120,CS,OC
7943,187.6,11544,1399,AD,MBC
7944,187.6,11546,1,XM,OC
7945,187.6,11547,2,CH,SC
7946,187.6,11549,2718,EE,OC
7947,187.6,11551,1317,IT,BCM
7948,187.6,11553,2715,AG,OC
7949,187.6,11555,1419,IT,BC
7950,187.6,11556,2006,ME,SC
7951,187.6,11557,4955,AD,OC
7952,187.6,11558,5,CS,OC
7953,187.6,11560,5008,MG,MBC
7954,187.6,11563,5901,EE,OC
7955,187.6,11564,2722,IT,OC
7956,187.6,11565,5901,EE,OC
7957,187.6,11566,1211,AL,BCM
7958,187.6,11567,1,ME,SCA
7959,187.6,11568,1399,MZ,OC
7960,187.6,11569,1516,CS,OC
7961,187.6,11570,1211,EC,BCM
7962,187.6,11571,2739,AD,OC
7963,187.6,11572,2615,ME,OC
7964,187.6,11575,1432,AD,OC
7965,187.6,11576,2006,MS,MBC
7966,187.6,11577,2006,ES,MBC
7967,187.6,11578,2719,CS,BC
7968,187.6,11579,1408,CS,OC
7969,187.6,11580,5901,EE,OC
7970,187.6,11581,1450,ME,OC
7971,187.6,11582,3011,CS,OC
7972,187.6,11583,5986,CS,BC
7973,187.6,11584,5008,CN,OC
7974,187.6,11585,5012,CC,SC
7975,187.6,11586,2711,AD,OC
7976,187.6,11589,2711,EC,OC
7977,187.6,11590,5,CS,OC
7978,187.6,11592,2,PP,OC
7979,187.6,11593,2618,CS,OC
7980,187.6,11595,4974,EC,OC
7981,187.6,11596,2005,CE,OC
7982,187.6,11597,1399,EE,BC
7983,187.6,11598,2005,IB,BC
7984,187.6,11601,1219,AU,OC
7985,187.6,11603,1233,AD,OC
7986,187.6,11604,1516,CS,OC
7987,187.6,11605,2709,IT,OC
7988,187.6,11607,2702,AD,OC
7989,187.6,11608,2719,CS,BC
7990,187.6,11610,2722,CS,BC
7991,187.6,11611,3011,CS,OC
7992,187.6,11612,2007,CE,BC
7993,187.6,11613,1211,BM,BC
7994,187.6,11617,2005,IB,BC
7995,187.6,11618,4,PR,MBC
7996,187.5,11619,2,PM,MBC
7997,187.5,11620,3806,BM,OC
7998,187.5,11621,2712,AE,BCM
7999,187.5,11622,2704,CS,OC
8000,187.5,11623,2739,EC,OC
8001,187.5,11624,1419,CS,MBC
8002,187.5,11625,2006,MS,MBC
8003,187.5,11627,1211,AL,MBC
8004,187.5,11628,2718,EE,OC
8005,187.5,11629,2709,IT,OC
8006,187.5,11632,1399,EE,BC
8007,187.5,11633,2712,CE,OC
8008,187.5,11634,2377,ME,MBC
8009,187.5,11635,1419,IT,BC
8010,187.5,11637,2328,CS,OC
8011,187.5,11638,5,IT,OC
8012,187.5,11639,2005,ME,BC
8013,187.5,11640,2618,CS,OC
8014,187.5,11643,1432,CS,OC
8015,187.5,11645,2707,AG,OC
8016,187.5,11646,1304,IT,BC
8017,187.5,11647,1419,EC,OC
8018,187.5,11648,1419,IT,BC
8019,187.5,11649,2702,IT,BC
8020,187.5,11650,2722,CS,BC
8021,187.5,11652,2716,GI,OC
8022,187.5,11653,2607,IT,OC
8023,187.5,11654,4971,CS,OC
8024,187.5,11656,2718,CS,SC
8025,187.5,11657,1120,CS,OC
8026,187.5,11658,1317,BT,OC
8027,187.5,11659,2711,EC,OC
8028,187.5,11660,1,PT,BC
8029,187.5,11661,2718,CJ,OC
8030,187.5,11662,2712,AD,MBC
8031,187.5,11663,4960,IT,BC
8032,187.5,11664,1013,CS,OC
8033,187.5,11665,2702,IT,BC
8034,187.5,11666,4,IM,SCA
8035,187.5,11667,5986,EC,OC
8036,187.5,11668,1304,EC,OC
8037,187.5,11669,4974,EC,BC
8038,187.5,11671,4944,EC,OC
8039,187.5,11672,1419,EC,OC
8040,187.5,11673,1315,EE,SC
8041,187.5,11676,2,AP,OC
8042,187.5,11677,1317,AD,BC
8043,187.5,11678,4960,BM,OC
8044,187.5,11679,2718,CS,MBC
8045,187.5,11681,1211,RM,OC
8046,187.5,11682,5986,CS,BC
8047,187.5,11683,2712,EE,MBC
8048,187.5,11685,1116,EC,OC
8049,187.5,11686,2719,CS,BC
8050,187.5,11687,1112,CS,OC
8051,187.5,11688,2702,AD,OC
8052,187.5,11689,4,MF,SC
8053,187.5,11691,1419,CS,MBC
8054,187.5,11694,2718,CJ,OC
8055,187.5,11695,1113,EC,MBC
8056,187.5,11696,2718,EC,MBC
8057,187.5,11700,1,MN,SC
8058,187.5,11708,2727,CS,OC
8059,187.5,11709,2618,CS,OC
8060,187.5,11710,1116,CS,OC
8061,187.5,11711,1419,IT,BC
8062,187.5,11712,1419,EC,OC
8063,187.5,11713,2006,IY,MBC
8064,187.5,11716,1211,CD,BC
8065,187.5,11718,2722,CS,BC
8066,187.5,11719,5986,CS,BC
8067,187.5,11720,1432,CS,OC
8068,187.5,11723,1219,EC,BCM
8069,187.5,11724,2377,CE,OC
8070,187.5,11725,1309,CS,BC
8071,187.5,11726,4974,EC,BC
8072,187.5,11727,2718,CJ,OC
8073,187.5,11728,1317,IT,BC
8074,187.5,11729,2006,IY,MBC
8075,187.5,11730,1419,IT,BC
8076,187.5,11731,1210,CS,OC
8077,187.5,11734,1419,EC,OC
8078,187.5,11736,1113,EC,BC
8079,187.5,11737,1216,CS,OC
8080,187.5,11738,4,CM,ST
8081,187.5,11739,1211,BT,OC
8082,187.5,11741,2722,CS,BC
8083,187.5,11748,2,LE,OC
8084,187.5,11750,2711,EC,OC
8085,187.5,11751,2709,CS,BC
8086,187.5,11753,5986,CS,BC
8087,187.5,11755,1432,CO,OC
8088,187.5,11757,1422,AD,OC
8089,187.5,11759,1219,EC,BCM
8090,187.5,11761,5008,CN,OC
8091,187.5,11762,1317,CH,OC
8092,187.5,11763,1324,CS,OC
8093,187.5,11767,2722,CS,BC
8094,187.5,11768,5008,EY,MBC
8095,187.5,11774,4974,EC,BC
8096,187.5,11777,2718,CJ,OC
8097,187.5,11778,2005,CE,OC
8098,187.5,11780,1219,EE,BC
8099,187.5,11781,2005,IB,BC
8100,187.5,11782,1210,CS,OC
8101,187.5,11784,2603,CS,BC
8102,187.5,11785,2702,CB,OC
8103,187.5,11787,1304,IT,MBC
8104,187.5,11788,1304,EC,OC
8105,187.5,11789,1,EM,ST
8106,187.5,11790,4960,CS,BC
8107,187.5,11792,1419,EC,OC
8108,187.5,11796,1315,CH,SC
8109,187.5,11799,2005,IB,BC
8110,187.5,11802,1315,EE,SC
8111,187.5,11803,1304,IT,BC
8112,187.5,11805,1304,AD,BC
8113,187.5,11806,1128,AD,OC
8114,187.5,11807,1219,CS,SC
8115,187.5,11808,4,AU,MBC
8116,187.5,11809,1211,CD,BC
8117,187.5,11810,1211,EC,MBC
8118,187.5,11811,2722,AD,OC
8119,187.5,11813,1304,EC,OC
8120,187.5,11815,1,PT,BC
8121,187.5,11818,1309,IT,OC
8122,187.5,11820,1120,CS,OC
8123,187.5,11822,4974,EC,BC
8124,187.5,11823,2711,AL,OC
8125,187.5,11824,1112,CS,OC
8126,187.5,11826,1219,ME,OC
8127,187.5,11827,4974,EC,BC
8128,187.5,11828,1211,CB,MBC
8129,187.5,11830,1219,EE,BC
8130,187.5,11831,2718,EE,BC
8131,187.5,11834,2715,BM,OC
8132,187.5,11835,2702,AD,OC
8133,187.5,11837,2702,EC,OC
8134,187.5,11839,2005,IT,SCA
8135,187.5,11840,1315,EE,SC
8136,187.5,11841,4,AU,MBC
8137,187.5,11842,1317,BT,OC
8138,187.5,11845,1317,CS,MBC
8139,187.5,11847,4974,EC,BC
8140,187.5,11849,2007,MF,BC
8141,187.5,11851,1304,IT,BC
8142,187.5,11852,1113,AD,MBC
8143,187.5,11854,2702,IT,BC
8144,187.5,11855,1309,EC,OC
8145,187.5,11857,3465,CS,OC
8146,187.5,11858,2007,MF,BC
8147,187.5,11859,1317,AL,OC
8148,187.5,11860,1304,AD,SC
8149,187.5,11862,2702,IT,BC
8150,187.5,11863,1211,CB,MBC
8151,187.5,11864,1317,AL,BC
8152,187.5,11865,2764,BM,OC
8153,187.5,11866,1315,EE,SC
8154,187.5,11867,2006,PS,OC
8155,187.5,11868,2007,MF,BC
8156,187.5,11873,2718,CJ,OC
8157,187.5,11874,1324,CS,OC
8158,187.5,11876,2007,CM,SC
8159,187.5,11877,1304,AD,BC
8160,187.5,11879,4960,CS,BC
8161,187.5,11881,1419,IT,BC
8162,187.5,11882,1432,AD,OC
8163,187.5,11884,2718,EE,BC
8164,187.5,11885,1419,AD,OC
8165,187.5,11886,2764,AD,OC
8166,187.5,11889,1419,AD,BC
8167,187.5,11890,2005,ME,MBC
8168,187.5,11891,1304,IT,BC
8169,187.5,11892,1210,CS,OC
8170,187.5,11894,1419,IT,BC
8171,187.5,11895,1113,EC,BC
8172,187.5,11896,2718,AD,BCM
8173,187.5,11899,2,CH,SC
8174,187.5,11901,1219,AD,MBC
8175,187.5,11902,2007,MF,BC
8176,187.5,11906,1304,CS,SC
8177,187.5,11907,2006,MY,OC
8178,187.5,11908,1219,EE,BC
8179,187.5,11909,2615,CS,BCM
8180,187.5,11914,1399,EE,BC
8181,187.5,11916,2006,BS,MBC
8182,187.5,11918,2005,EI,MBC
8183,187.5,11919,2005,ME,BC
8184,187.5,11920,2712,EE,MBC
8185,187.5,11921,2706,CS,OC
8186,187.5,11923,2656,AD,OC
8187,187.5,11924,1419,AD,BC
8188,187.5,11925,2653,CS,OC
8189,187.5,11926,3826,EC,OC
8190,187.5,11927,5008,EC,SC
8191,187.5,11931,2,CH,SC
8192,187.5,11932,2005,ME,BC
8193,187.5,11934,2005,ME,MBC
8194,187.5,11935,2005,ME,BC
8195,187.5,11936,2710,EC,OC
8196,187.5,11937,5986,CS,BC
8197,187.5,11938,2718,EE,BC
8198,187.5,11940,2711,FD,OC
8199,187.5,11941,2719,EC,OC
8200,187.5,11942,2005,ME,MBC
8201,187.5,11944,4944,CS,OC
8202,187.5,11946,4,RP,BC
8203,187.5,11947,2347,AG,OC
8204,187.5,11950,2006,MS,BC
8205,187.5,11951,1419,EC,OC
8206,187.5,11952,2603,CS,BC
8207,187.5,11954,4,AU,SC
8208,187.5,11955,2719,CS,BC
8209,187.5,11956,2718,EE,BC
8210,187.5,11957,2005,IT,SC
8211,187.5,11959,2603,CS,BC
8212,187.5,11960,2702,BM,OC
8213,187.5,11961,3819,EC,OC
8214,187.5,11962,1419,EC,OC
8215,187.5,11963,2718,CJ,OC
8216,187.5,11964,2711,AD,OC
8217,187.5,11965,2706,EC,OC
8218,187.5,11967,2709,CS,MBC
8219,187.5,11969,1,MI,MBC
8220,187.5,11970,1211,EC,BCM
8221,187.5,11975,5009,CS,OC
8222,187.5,11978,2711,AD,OC
8223,187.5,11979,2005,IB,BC
8224,187.5,11980,4974,EC,BC
8225,187.5,11981,4959,EE,OC
8226,187.5,11982,5986,CS,BC
8227,187.5,11983,1317,BT,OC
8228,187.5,11985,2006,MY,OC
8229,187.5,11986,2,TX,OC
8230,187.5,11987,5008,CN,OC
8231,187.5,11989,2702,IT,BC
8232,187.5,11990,2615,EE,MBC
8233,187.5,11991,2603,CS,BC
8234,187.5,11993,1399,EE,BC
8235,187.4,11995,1211,BM,BC
8236,187.4,11996,2702,EE,OC
8237,187.4,11997,2712,AE,BC
8238,187.4,11998,2006,IY,MBC
8239,187.4,12000,1211,IT,MBC
8240,187.4,12001,1211,BM,MBC
8241,187.4,12002,2702,AD,OC
8242,187.4,12004,2711,CS,MBC
8243,187.4,12005,2369,CS,OC
8244,187.4,12008,2718,CJ,BC
8245,187.4,12010,2719,BM,OC
8246,187.4,12012,2025,CS,SC
8247,187.4,12015,2005,EI,MBC
8248,187.4,12016,2751,EC,OC
8249,187.4,12017,2005,CE,OC
8250,187.4,12018,2653,CB,OC
8251,187.4,12019,2702,BT,OC
8252,187.4,12020,4678,AD,OC
8253,187.4,12021,2,PP,OC
8254,187.4,12022,2601,IT,OC
8255,187.4,12023,2702,AD,OC
8256,187.4,12024,2,AP,OC
8257,187.4,12025,2702,IT,BC
8258,187.4,12027,3830,CS,OC
8259,187.4,12028,1304,EC,OC
8260,187.4,12029,1210,CS,OC
8261,187.4,12030,1432,CS,OC
8262,187.4,12031,1216,CS,OC
8263,187.4,12033,2603,CS,BC
8264,187.4,12035,2006,MY,OC
8265,187.4,12036,2005,IB,BC
8266,187.4,12037,2719,AD,OC
8267,187.4,12038,5010,CS,OC
8268,187.4,12039,2709,IT,OC
8269,187.4,12040,1399,CS,MBC
8270,187.4,12042,2723,BM,OC
8271,187.4,12043,1112,IT,OC
8272,187.4,12044,2739,EC,OC
8273,187.4,12045,2739,IT,OC
8274,187.4,12046,1317,EC,OC
8275,187.4,12049,1309,CS,BC
8276,187.4,12051,2650,EC,OC
8277,187.4,12052,1210,CS,OC
8278,187.4,12053,2702,EC,OC
8279,187.4,12054,2615,EE,MBC
8280,187.4,12055,5901,EE,OC
8281,187.4,12057,2712,MZ,OC
8282,187.4,12058,2702,EE,OC
8283,187.4,12059,2005,EC,SCA
8284,187.4,12060,2711,EC,OC
8285,187.4,12061,5008,MF,MBC
8286,187.4,12062,2,PM,SC
8287,187.4,12063,2007,EC,SC
8288,187.4,12066,1120,CE,OC
8289,187.4,12067,2739,CO,OC
8290,187.4,12069,1210,CS,MBC
8291,187.4,12070,2603,CS,BC
8292,187.4,12071,1211,EC,MBC
8293,187.4,12072,2719,CS,BC
8294,187.4,12073,2712,SE,BCM
8295,187.4,12075,4020,CS,OC
8296,187.4,12076,1422,EE,OC
8297,187.4,12077,2702,IT,MBC
8298,187.4,12078,2608,CS,OC
8299,187.4,12079,2702,IT,BC
8300,187.4,12081,2622,IT,OC
8301,187.4,12082,5901,EE,OC
8302,187.4,12083,2739,CS,OC
8303,187.4,12084,2357,AG,OC
8304,187.4,12085,1304,AD,BC
8305,187.4,12087,1399,MZ,BC
8306,187.4,12088,4,MF,SC
8307,187.4,12089,5986,CS,BC
8308,187.4,12090,1432,CS,OC
8309,187.4,12091,1424,CS,OC
8310,187.4,12093,2739,CS,OC
8311,187.4,12094,2005,EI,MBC
8312,187.4,12097,1113,EC,BC
8313,187.4,12102,1113,EC,BC
8314,187.4,12103,1210,EC,OC
8315,187.4,12105,2608,CS,OC
8316,187.4,12108,2719,CS,MBC
8317,187.4,12110,2764,BM,OC
8318,187.4,12111,2007,ME,MBC
8319,187.4,12113,1419,IT,BC
8320,187.4,12114,2611,CS,OC
8321,187.4,12116,4,MF,SC
8322,187.4,12117,5986,EC,OC
8323,187.4,12120,3464,CS,OC
8324,187.4,12122,1113,CB,OC
8325,187.4,12125,4,RP,BC
8326,187.4,12126,1419,IT,BC
8327,187.4,12127,2712,ME,OC
8328,187.4,12128,2719,IT,OC
8329,187.4,12129,2,PP,MBC
8330,187.4,12131,1419,IT,BC
8331,187.4,12133,4974,EC,BC
8332,187.4,12134,5008,EC,SC
8333,187.4,12135,2377,CE,OC
8334,187.4,12136,2719,IT,OC
8335,187.4,12137,4965,CS,OC
8336,187.4,12140,2711,EC,OC
8337,187.4,12142,5008,CN,OC
8338,187.3,12143,2007,EC,SC
8339,187.3,12144,4,RP,MBC
8340,187.3,12145,2722,EC,OC
8341,187.3,12146,2007,EC,SC
8342,187.3,12147,4,AE,SCA
8343,187.3,12148,2718,EC,MBC
8344,187.3,12149,2718,IT,MBC
8345,187.3,12150,1113,CB,OC
8346,187.3,12151,2702,IT,BC
8347,187.3,12152,1149,CS,OC
8348,187.3,12154,1317,EC,OC
8349,187.3,12155,4928,CS,OC
8350,187.3,12156,2718,EE,BC
8351,187.3,12157,2006,MS,BC
8352,187.3,12159,2025,EE,OC
8353,187.3,12160,2007,ME,MBC
8354,187.3,12161,5010,EC,OC
8355,187.3,12162,4,MF,SC
8356,187.3,12163,4974,ME,OC
8357,187.3,12164,2702,EC,OC
8358,187.3,12165,2,FS,SC
8359,187.3,12167,2739,CS,BC
8360,187.3,12168,2005,PR,OC
8361,187.3,12169,1,MA,MBC
8362,187.3,12170,2718,EE,BC
8363,187.3,12171,3011,CS,OC
8364,187.3,12172,2764,CS,OC
8365,187.3,12173,1211,EC,MBC
8366,187.3,12175,2711,CS,MBC
8367,187.3,12176,1210,CS,BC
8368,187.3,12177,2702,IT,BC
8369,187.3,12179,2702,AD,OC
8370,187.3,12180,2764,CS,OC
8371,187.3,12182,1210,EC,OC
8372,187.3,12183,2007,ME,MBC
8373,187.3,12185,1432,AD,OC
8374,187.3,12187,4974,EC,BC
8375,187.3,12188,1422,CY,OC
8376,187.3,12190,4971,CS,OC
8377,187.3,12191,4,RP,MBC
8378,187.3,12192,2702,IT,BC
8379,187.3,12193,2005,ME,BC
8380,187.3,12194,2603,CS,BC
8381,187.3,12195,1112,CS,OC
8382,187.3,12196,2608,CS,OC
8383,187.3,12197,4965,CS,OC
8384,187.3,12199,2005,EE,SC
8385,187.3,12200,1419,EC,OC
8386,187.3,12201,4974,EC,BC
8387,187.3,12203,1219,EE,BC
8388,187.3,12206,5008,CN,OC
8389,187.3,12207,2702,IT,BC
8390,187.3,12208,1317,EC,OC
8391,187.3,12209,5017,EC,OC
8392,187.3,12210,3011,CS,OC
8393,187.3,12211,2710,AD,OC
8394,187.3,12213,1419,IT,BC
8395,187.3,12214,1112,IT,OC
8396,187.3,12215,2603,CS,BC
8397,187.3,12216,2710,CS,OC
8398,187.3,12217,2007,CM,SC
8399,187.3,12218,1399,EE,BC
8400,187.3,12220,2006,PN,BC
8401,187.3,12223,2702,EC,OC
8402,187.3,12224,3465,CS,OC
8403,187.3,12225,4974,EC,BC
8404,187.3,12226,1516,CS,OC
8405,187.3,12228,1210,CS,BC
8406,187.3,12230,2005,CE,OC
8407,187.3,12231,2706,CS,OC
8408,187.3,12232,2007,CE,BC
8409,187.3,12233,2007,IM,SC
8410,187.3,12234,2025,EC,MBC
8411,187.3,12235,5008,CM,SC
8412,187.3,12236,2718,EE,MBC
8413,187.3,12237,2702,IT,BC
8414,187.3,12238,2603,EC,OC
8415,187.3,12239,2751,EC,OC
8416,187.3,12240,1309,CS,BC
8417,187.3,12241,4962,CS,OC
8418,187.3,12242,1211,CB,BCM
8419,187.3,12243,1211,FD,OC
8420,187.3,12244,2711,EC,OC
8421,187.3,12245,2711,EC,OC
8422,187.3,12246,2718,IT,BCM
8423,187.3,12247,1304,CS,BCM
8424,187.3,12248,1324,IT,OC
8425,187.3,12249,4974,EC,MBC
8426,187.3,12250,2708,CS,OC
8427,187.3,12252,2736,CS,OC
8428,187.3,12254,1210,AD,OC
8429,187.3,12255,1419,EC,OC
8430,187.3,12256,2622,ME,OC
8431,187.3,12257,3465,CS,OC
8432,187.3,12258,3011,PC,OC
8433,187.3,12259,2622,CS,OC
8434,187.3,12261,2007,CE,BC
8435,187.3,12262,2712,SE,MBC
8436,187.3,12263,2719,EC,OC
8437,187.3,12264,2005,ME,BC
8438,187.3,12266,5988,EE,OC
8439,187.3,12267,2702,IT,BC
8440,187.3,12268,2603,CS,BCM
8441,187.3,12269,2722,CS,BC
8442,187.3,12270,1419,CS,MBC
8443,187.3,12274,1013,CS,OC
8444,187.2,12275,4,RP,BC
8445,187.2,12277,1309,CS,BC
8446,187.2,12278,2603,CS,BC
8447,187.2,12279,2722,CS,BC
8448,187.2,12280,1113,EC,BC
8449,187.2,12282,4974,EC,MBC
8450,187.2,12284,1113,EC,BC
8451,187.2,12285,1422,EC,OC
8452,187.2,12286,2622,CS,OC
8453,187.2,12287,2702,IT,BC
8454,187.2,12288,1211,AE,OC
8455,187.2,12289,5907,IT,OC
8456,187.2,12290,2622,EC,OC
8457,187.2,12291,1112,CS,OC
8458,187.2,12292,2622,IT,OC
8459,187.2,12294,2751,AD,OC
8460,187.2,12295,2739,CS,MBC
8461,187.2,12296,2718,EC,BCM
8462,187.2,12297,2608,EE,OC
8463,187.2,12298,1419,EC,OC
8464,187.2,12300,2727,AG,OC
8465,187.2,12302,4960,CS,MBC
8466,187.2,12303,5,CS,OC
8467,187.2,12305,2369,CS,OC
8468,187.2,12307,2739,CS,BC
8469,187.2,12309,1399,EE,BC
8470,187.2,12310,2643,CS,OC
8471,187.2,12311,1432,CS,OC
8472,187.2,12312,5009,CS,OC
8473,187.2,12316,2711,CH,OC
8474,187.2,12317,2711,EC,OC
8475,187.2,12318,2739,EC,OC
8476,187.2,12319,1120,CS,OC
8477,187.2,12320,5901,CE,OC
8478,187.2,12321,2709,IT,OC
8479,187.2,12323,2,PM,MBC
8480,187.2,12325,2739,AD,OC
8481,187.2,12326,2603,CS,BC
8482,187.2,12327,2005,IT,SC
8483,187.2,12329,2708,AE,OC
8484,187.2,12330,3819,IC,OC
8485,187.2,12331,2725,IT,OC
8486,187.2,12332,1399,MZ,BC
8487,187.2,12333,5901,EE,OC
8488,187.2,12335,1112,CS,OC
8489,187.2,12338,2762,EC,OC
8490,187.2,12339,2,PM,MBC
8491,187.2,12340,4971,CS,OC
8492,187.2,12342,2722,CS,BCM
8493,187.2,12344,2,CR,OC
8494,187.2,12345,2711,EC,OC
8495,187.2,12346,2764,CH,OC
8496,187.2,12347,1419,CS,MBC
8497,187.2,12348,1211,EC,MBC
8498,187.2,12349,2702,AD,OC
8499,187.2,12351,4960,BM,OC
8500,187.2,12353,1219,EC,MBC
8501,187.2,12354,5901,EE,OC
8502,187.2,12355,1419,CB,OC
8503,187.2,12356,2712,CS,SC
8504,187.2,12357,1,IE,SC
8505,187.2,12358,2719,IT,OC
8506,187.2,12359,2702,CB,OC
8507,187.2,12360,2,CR,OC
8508,187.2,12362,2007,EC,SC
8509,187.2,12363,1315,CH,MBC
8510,187.2,12366,2702,EC,OC
8511,187.2,12367,2702,AL,OC
8512,187.2,12368,2719,IT,OC
8513,187.2,12371,2709,IT,BC
8514,187.2,12372,2653,CS,OC
8515,187.2,12373,1,XC,OC
8516,187.2,12375,2025,EC,BC
8517,187.2,12377,1317,AD,MBC
8518,187.2,12378,1316,CS,OC
8519,187.2,12381,2712,AD,MBC
8520,187.2,12382,1322,FD,OC
8521,187.2,12384,2709,EC,OC
8522,187.2,12385,1113,EC,BC
8523,187.2,12386,5901,EE,OC
8524,187.2,12387,2739,CS,BC
8525,187.2,12390,2656,AD,OC
8526,187.2,12391,2709,CS,MBC
8527,187.2,12392,4971,ME,OC
8528,187.2,12394,1399,MZ,BC
8529,187.2,12395,2006,MY,OC
8530,187.2,12396,1112,CS,OC
8531,187.2,12397,2719,CS,BC
8532,187.2,12398,2702,BT,OC
8533,187.2,12399,2764,CS,OC
8534,187.2,12400,2718,IT,MBC
8535,187.2,12401,1304,EC,OC
8536,187.2,12402,2719,CS,BC
8537,187.2,12403,5901,EE,OC
8538,187.2,12405,2709,CS,MBC
8539,187.2,12407,2711,EC,OC
8540,187.2,12408,2005,ME,BC
8541,187.2,12410,2750,BT,OC
8542,187.2,12413,2727,EC,OC
8543,187.2,12414,2,CL,SC
8544,187.2,12415,1013,IT,OC
8545,187.2,12416,2722,CS,BC
8546,187.2,12417,2722,CS,BC
8547,187.2,12418,1304,CS,MBC
8548,187.2,12420,2702,AD,OC
8549,187.2,12422,2007,MF,BCM
8550,187.2,12424,2723,IT,OC
8551,187.1,12425,1304,BM,OC
8552,187.1,12426,4962,CS,OC
8553,187.1,12427,2653,CB,OC
8554,187.1,12429,3465,EC,OC
8555,187.1,12430,1399,CS,MBC
8556,187.1,12432,2711,AD,OC
8557,187.1,12433,4,RP,BC
8558,187.1,12434,2702,AD,OC
8559,187.1,12435,2025,CS,SC
8560,187.1,12436,5986,CS,BC
8561,187.1,12437,1211,BM,BC
8562,187.1,12438,5986,CE,OC
8563,187.1,12439,2711,CD,OC
8564,187.1,12441,2007,ME,MBC
8565,187.1,12443,2718,IT,MBC
8566,187.1,12445,2722,CS,BC
8567,187.1,12446,4944,EC,OC
8568,187.1,12447,1304,CS,MBC
8569,187.1,12448,2718,EE,BC
8570,187.1,12449,2712,EE,MBC
8571,187.1,12450,2005,ME,BC
8572,187.1,12451,1112,CS,BC
8573,187.1,12453,2711,EC,OC
8574,187.1,12454,1233,CS,OC
8575,187.1,12455,1,MN,SC
8576,187.1,12457,1408,CS,OC
8577,187.1,12459,2702,EC,OC
8578,187.1,12460,2722,AD,OC
8579,187.1,12464,1118,AD,OC
8580,187.1,12465,1317,EC,OC
8581,187.1,12466,1113,CB,OC
8582,187.1,12469,2719,EC,OC
8583,187.1,12470,2006,ES,MBC
8584,187.1,12471,2711,AD,BC
8585,187.1,12473,2005,IB,BCM
8586,187.1,12474,2702,AD,BC
8587,187.1,12475,1450,CS,MBC
8588,187.1,12476,2702,AD,BC
8589,187.1,12477,2006,MS,BC
8590,187.1,12479,1317,IT,BCM
8591,187.1,12480,4,RP,BC
8592,187.1,12481,3826,CS,OC
8593,187.1,12482,1304,CS,SC
8594,187.1,12483,1,MN,BCM
8595,187.1,12484,1324,CS,OC
8596,187.1,12485,2702,EC,OC
8597,187.1,12487,5008,CW,SCA
8598,187.1,12488,1419,EC,OC
8599,187.1,12491,5986,CS,BC
8600,187.1,12492,4974,EC,BC
8601,187.1,12496,2702,BT,OC
8602,187.1,12497,2005,CE,OC
8603,187.1,12499,2711,EC,OC
8604,187.1,12501,2702,SE,OC
8605,187.1,12502,1210,AD,OC
8606,187.1,12504,2,TX,OC
8607,187.1,12505,2005,EC,SC
8608,187.1,12506,3011,EE,OC
8609,187.1,12507,4974,EC,BC
8610,187.1,12508,1,IE,SC
8611,187.1,12509,2764,EE,OC
8612,187.1,12510,1399,BM,BC
8613,187.1,12511,1317,EC,OC
8614,187.1,12512,2722,CS,BC
8615,187.1,12513,3011,IT,OC
8616,187.1,12514,2719,CS,MBC
8617,187.1,12517,1419,IT,BC
8618,187.1,12518,1399,AD,MBC
8619,187.1,12520,3011,CS,OC
8620,187.1,12521,1304,AD,BC
8621,187.1,12522,2702,EC,OC
8622,187.1,12523,2005,ME,BC
8623,187.1,12524,1317,AD,BC
8624,187.1,12525,3465,CS,OC
8625,187.1,12526,2739,CS,MBC
8626,187.1,12527,4960,EC,OC
8627,187.1,12528,2603,CS,BC
8628,187.1,12530,1516,CS,BC
8629,187.1,12531,2006,CE,SC
8630,187.1,12532,2357,AD,OC
8631,187.1,12534,1211,IT,MBC
8632,187.1,12535,1,IE,SC
8633,187.1,12536,2719,CS,BC
8634,187.1,12537,2607,BT,OC
8635,187.1,12538,1211,IT,MBC
8636,187.1,12541,3011,CS,OC
8637,187.1,12542,2711,EC,OC
8638,187.1,12548,1324,CS,OC
8639,187.1,12549,2709,IT,MBC
8640,187.1,12550,2329,BT,OC
8641,187.1,12551,2702,EC,OC
8642,187.1,12552,2005,ME,BC
8643,187.1,12553,5008,EC,SC
8644,187.1,12554,1422,AD,OC
8645,187.1,12555,2702,BT,OC
8646,187.1,12556,2006,MS,BC
8647,187.1,12557,2709,IT,BC
8648,187.1,12558,4974,EC,BC
8649,187.1,12559,1211,BM,BC
8650,187.0,12560,2620,BM,OC
8651,187.0,12561,1324,CS,OC
8652,187.0,12562,1419,EC,OC
8653,187.0,12563,2711,CS,MBC
8654,187.0,12564,1317,EC,OC
8655,187.0,12565,2712,MZ,OC
8656,187.0,12568,2741,EC,OC
8657,187.0,12569,1399,IT,MBC
8658,187.0,12570,1211,BT,OC
8659,187.0,12572,5008,EC,SC
8660,187.0,12573,2601,CS,OC
8661,187.0,12574,1399,CB,MBC
8662,187.0,12575,1113,CS,MBC
8663,187.0,12576,5008,CN,OC
8664,187.0,12577,2704,CS,OC
8665,187.0,12578,4864,EC,OC
8666,187.0,12579,1306,BT,OC
8667,187.0,12580,2622,CE,OC
8668,187.0,12581,1516,CS,BC
8669,187.0,12582,1210,AD,OC
8670,187.0,12583,2656,AD,OC
8671,187.0,12584,2702,EC,OC
8672,187.0,12587,1120,CS,OC
8673,187.0,12588,1211,BT,OC
8674,187.0,12589,2,LE,OC
8675,187.0,12591,1,XC,OC
8676,187.0,12592,1120,CS,OC
8677,187.0,12594,1317,EE,OC
8678,187.0,12596,2007,CH,BCM
8679,187.0,12597,1210,CS,BC
8680,187.0,12598,2005,IT,SC
8681,187.0,12599,2006,MT,MBC
8682,187.0,12602,1113,EC,BC
8683,187.0,12604,4955,CS,OC
8684,187.0,12605,1432,CO,OC
8685,187.0,12606,2005,EI,MBC
8686,187.0,12607,5986,EC,OC
8687,187.0,12608,2377,CE,OC
8688,187.0,12610,2739,CS,BC
8689,187.0,12611,4974,EC,BC
8690,187.0,12612,2706,CS,OC
8691,187.0,12613,2006,PS,OC
8692,187.0,12614,3011,IT,OC
8693,187.0,12615,1,BY,SCA
8694,187.0,12616,2712,SE,MBC
8695,187.0,12618,1120,CS,OC
8696,187.0,12622,1112,CS,BC
8697,187.0,12623,2603,CS,BC
8698,187.0,12624,4020,GI,OC
8699,187.0,12625,2025,EC,MBC
8700,187.0,12626,2711,AD,BC
8701,187.0,12627,1419,EC,OC
8702,187.0,12629,1210,EC,OC
8703,187.0,12630,1315,EE,SC
8704,187.0,12633,5008,CN,OC
8705,187.0,12635,3011,EC,OC
8706,187.0,12636,1113,CE,OC
8707,187.0,12637,1520,CE,OC
8708,187.0,12638,2723,MD,OC
8709,187.0,12640,2005,ME,BC
8710,187.0,12641,1399,CB,BCM
8711,187.0,12643,2711,AD,BC
8712,187.0,12646,4960,IT,BC
8713,187.0,12647,1211,BM,BC
8714,187.0,12648,1210,EC,OC
8715,187.0,12650,5986,CS,BC
8716,187.0,12651,2711,EC,OC
8717,187.0,12652,1317,CS,MBC
8718,187.0,12653,1324,CS,OC
8719,187.0,12655,2722,AD,OC
8720,187.0,12657,2006,ME,SC
8721,187.0,12658,1304,AD,BC
8722,187.0,12661,2006,ES,MBC
8723,187.0,12663,2739,CS,BC
8724,187.0,12664,1211,IT,MBC
8725,187.0,12666,1113,EE,OC
8726,187.0,12671,5910,AD,OC
8727,187.0,12672,1219,EE,BC
8728,187.0,12674,2005,CE,OC
8729,187.0,12676,1112,CS,BC
8730,187.0,12678,1419,AD,BC
8731,187.0,12679,1321,PA,OC
8732,187.0,12683,2736,BM,OC
8733,187.0,12684,1317,AD,BC
8734,187.0,12686,1113,EE,OC
8735,187.0,12687,2005,CE,OC
8736,187.0,12690,2739,EC,OC
8737,187.0,12691,2739,CS,BC
8738,187.0,12692,1128,CS,OC
8739,187.0,12697,1112,CS,BC
8740,187.0,12700,2006,MY,MBC
8741,187.0,12702,1432,CS,OC
8742,187.0,12704,2764,CS,OC
8743,187.0,12705,1113,IT,MBC
8744,187.0,12709,1219,EC,MBC
8745,187.0,12712,1422,EE,OC
8746,187.0,12713,2702,AL,OC
8747,187.0,12715,2718,IT,MBC
8748,187.0,12717,1399,CS,SC
8749,187.0,12720,1311,CS,OC
8750,187.0,12725,2711,EC,OC
8751,187.0,12729,1026,CS,OC
8752,187.0,12730,2718,EC,MBC
8753,187.0,12732,3465,CS,OC
8754,187.0,12736,2709,CS,MBC
8755,187.0,12737,1311,AD,OC
8756,187.0,12739,5008,CM,SC
8757,187.0,12740,1432,CS,OC
8758,187.0,12743,2711,EC,OC
8759,187.0,12746,2722,IT,OC
8760,187.0,12750,2006,PS,OC
8761,187.0,12752,1422,AD,OC
8762,187.0,12753,2006,AS,BCM
8763,187.0,12754,2719,CS,BC
8764,187.0,12755,2601,CS,OC
8765,187.0,12757,2711,EC,OC
8766,187.0,12759,1304,BM,OC
8767,187.0,12761,1419,EC,OC
8768,187.0,12762,1113,EC,BC
8769,187.0,12763,1211,EE,OC
8770,187.0,12764,2718,EC,MBC
8771,187.0,12765,1317,IT,BC
8772,187.0,12766,1419,EC,OC
8773,187.0,12767,1304,CS,BCM
8774,187.0,12768,2718,IT,MBC
8775,187.0,12771,4,PR,MBC
8776,187.0,12773,2615,CE,OC
8777,187.0,12774,5008,ME,MBC
8778,187.0,12776,1324,CS,OC
8779,187.0,12778,1315,CH,SC
8780,187.0,12781,2718,IT,MBC
8781,187.0,12782,2718,EE,BC
8782,187.0,12786,1210,CS,BC
8783,187.0,12787,5901,EE,OC
8784,187.0,12788,2006,FY,OC
8785,187.0,12792,1113,EC,BC
8786,187.0,12794,4960,AD,OC
8787,187.0,12799,1304,EC,OC
8788,187.0,12803,2712,AE,BC
8789,187.0,12805,1113,EC,BC
8790,187.0,12808,1422,CS,OC
8791,187.0,12809,2006,ME,SC
8792,187.0,12810,1210,CS,BC
8793,187.0,12814,2006,PN,BCM
8794,187.0,12821,3011,CS,OC
8795,187.0,12822,2613,CS,OC
8796,187.0,12824,1210,CS,BC
8797,187.0,12829,1450,EE,OC
8798,187.0,12830,1211,EC,MBC
8799,187.0,12831,2006,FY,BC
8800,187.0,12833,1419,EC,OC
8801,187.0,12834,1419,EC,OC
8802,187.0,12835,1399,EC,MBC
8803,187.0,12837,2006,ME,SC
8804,187.0,12838,1216,CS,OC
8805,187.0,12839,1116,ME,OC
8806,187.0,12841,2618,CS,OC
8807,187.0,12843,2005,PR,OC
8808,187.0,12845,1113,CS,MBC
8809,187.0,12846,2006,AS,BC
8810,187.0,12848,1112,CS,BC
8811,187.0,12851,1112,CS,MBC
8812,187.0,12852,4962,CS,OC
8813,187.0,12853,1210,CS,MBC
8814,187.0,12855,2702,AD,BC
8815,187.0,12856,1112,CS,BCM
8816,187.0,12858,1128,CS,OC
8817,187.0,12859,1219,EE,BC
8818,187.0,12860,2739,CS,BC
8819,187.0,12861,1309,IT,OC
8820,187.0,12863,1324,CS,OC
8821,187.0,12866,1419,EC,OC
8822,187.0,12869,2712,ME,OC
8823,187.0,12871,2005,IT,SC
8824,187.0,12873,5010,CS,OC
8825,187.0,12876,1317,BT,OC
8826,187.0,12877,1317,AL,BC
8827,187.0,12878,1219,EE,BC
8828,187.0,12882,2718,EE,BC
8829,187.0,12887,1210,CS,BC
8830,187.0,12888,1113,EE,OC
8831,187.0,12889,2702,EC,OC
8832,187.0,12891,1210,CS,BC
8833,187.0,12893,2719,BM,OC
8834,187.0,12894,1309,CS,BC
8835,187.0,12895,5008,MF,BCM
8836,187.0,12896,5986,EC,OC
8837,187.0,12897,5901,EE,OC
8838,187.0,12898,1210,CS,BC
8839,187.0,12899,2611,EC,OC
8840,187.0,12900,1149,CS,OC
8841,187.0,12901,1422,CS,OC
8842,187.0,12903,2739,CS,BC
8843,187.0,12906,2702,IT,MBC
8844,187.0,12907,1112,CS,BC
8845,187.0,12908,1419,AD,BC
8846,187.0,12909,5,EE,OC
8847,187.0,12912,1219,EE,MBC
8848,187.0,12913,2620,EC,OC
8849,187.0,12913,2712,AE,MBC
8850,187.0,12915,2006,BS,MBC
8851,187.0,12916,2601,CS,OC
8852,187.0,12917,4,RP,BC
8853,187.0,12918,2710,AD,OC
8854,187.0,12919,1419,AD,BC
8855,187.0,12922,2718,AD,MBC
8856,187.0,12923,1113,CS,MBC
8857,187.0,12924,2718,EE,BC
8858,187.0,12925,2722,CS,BC
8859,187.0,12926,1419,AD,BC
8860,187.0,12927,2005,ME,MBC
8861,187.0,12929,5907,IT,OC
8862,187.0,12930,2764,CS,OC
8863,187.0,12931,2006,PR,MBC
8864,187.0,12932,1216,CS,OC
8865,187.0,12935,2739,CS,BC
8866,187.0,12940,2607,EE,OC
8867,187.0,12942,1513,EE,OC
8868,187.0,12944,1210,CS,BC
8869,187.0,12945,2702,AD,BC
8870,187.0,12946,2718,EE,BC
8871,187.0,12947,2719,IT,OC
8872,187.0,12948,1210,CS,BC
8873,187.0,12949,2702,SE,OC
8874,186.9,12950,2702,IT,MBC
8875,186.9,12951,1419,CB,OC
8876,186.9,12953,2719,CS,BC
8877,186.9,12954,4974,EC,BC
8878,186.9,12955,4,AU,MBC
8879,186.9,12959,1516,CS,BC
8880,186.9,12960,1309,EC,OC
8881,186.9,12961,4024,EC,OC
8882,186.9,12963,1233,CS,OC
8883,186.9,12965,3852,CS,OC
8884,186.9,12966,3806,CS,OC
8885,186.9,12968,2007,CN,OC
8886,186.9,12969,2722,IT,OC
8887,186.9,12971,1211,CD,BC
8888,186.9,12972,5,IT,OC
8889,186.9,12973,1399,CB,MBC
8890,186.9,12974,1,ME,SCA
8891,186.9,12975,2618,IT,OC
8892,186.9,12976,2711,EC,OC
8893,186.9,12977,1014,CS,OC
8894,186.9,12979,1317,IT,BC
8895,186.9,12980,2006,CN,MBC
8896,186.9,12982,2007,CN,OC
8897,186.9,12983,2007,IM,SC
8898,186.9,12984,5008,EM,SC
8899,186.9,12985,2702,EC,OC
8900,186.9,12986,1210,CS,BC
8901,186.9,12987,2711,EC,OC
8902,186.9,12988,2607,CS,OC
8903,186.9,12989,1419,AD,BC
8904,186.9,12990,2005,ME,MBC
8905,186.9,12991,4678,AD,OC
8906,186.9,12992,2711,EC,OC
8907,186.9,12993,1419,EC,OC
8908,186.9,12994,4960,AD,OC
8909,186.9,12995,1422,CS,OC
8910,186.9,12996,2764,CS,OC
8911,186.9,12998,2702,EC,OC
8912,186.9,12999,2719,BM,OC
8913,186.9,13000,2718,EE,BC
8914,186.9,13001,2718,EE,BCM
8915,186.9,13002,1419,EE,OC
8916,186.9,13003,5008,CM,SC
8917,186.9,13005,2702,BT,OC
8918,186.9,13006,1317,IT,BC
8919,186.9,13008,2702,CS,MBC
8920,186.9,13009,1304,EC,OC
8921,186.9,13010,2712,MZ,BC
8922,186.9,13011,1216,CS,OC
8923,186.9,13013,1219,EE,BC
8924,186.9,13015,1211,ME,OC
8925,186.9,13016,1419,AD,BC
8926,186.9,13018,4678,CS,OC
8927,186.9,13019,2006,CE,SC
8928,186.9,13020,4,RP,BC
8929,186.9,13021,2712,CS,SC
8930,186.9,13024,2711,EC,OC
8931,186.9,13026,1210,CS,SC
8932,186.9,13027,4974,EC,BC
8933,186.9,13028,1113,EC,BC
8934,186.9,13029,2620,IT,OC
8935,186.9,13031,5986,CS,BC
8936,186.9,13032,2618,CS,OC
8937,186.9,13033,1,PT,SC
8938,186.9,13034,2702,CS,BCM
8939,186.9,13035,2751,IT,OC
8940,186.9,13036,1210,CS,BC
8941,186.9,13038,4,AU,MBC
8942,186.9,13039,4960,EC,OC
8943,186.9,13040,2025,EC,BC
8944,186.9,13041,4,RP,BC
8945,186.9,13043,1219,AD,MBC
8946,186.9,13044,3805,EC,OC
8947,186.9,13046,1412,IT,OC
8948,186.9,13047,2025,EC,BC
8949,186.9,13048,1120,AD,OC
8950,186.9,13049,2710,AD,OC
8951,186.9,13051,2719,CS,MBC
8952,186.9,13052,2608,CS,OC
8953,186.9,13053,1210,CS,MBC
8954,186.9,13055,4974,EC,BC
8955,186.9,13056,2615,MT,OC
8956,186.9,13058,2719,CS,MBC
8957,186.9,13060,4917,CS,OC
8958,186.9,13061,2711,EC,OC
8959,186.9,13062,1432,CB,OC
8960,186.9,13063,5910,EC,OC
8961,186.9,13065,2711,EC,OC
8962,186.9,13066,1317,EI,OC
8963,186.9,13067,2622,ME,OC
8964,186.9,13068,4974,CS,SC
8965,186.9,13071,4,AU,SC
8966,186.9,13073,2629,IT,OC
8967,186.9,13074,2706,IT,OC
8968,186.9,13075,1216,EC,OC
8969,186.9,13076,2005,IT,SC
8970,186.9,13078,4,RP,BC
8971,186.9,13078,1419,AD,BC
8972,186.9,13079,1317,IT,BC
8973,186.9,13081,1210,CS,BC
8974,186.9,13084,2725,IT,OC
8975,186.9,13085,4023,CS,OC
8976,186.9,13086,2736,BM,OC
8977,186.9,13087,1317,AD,BC
8978,186.9,13089,4969,EE,OC
8979,186.8,13091,1317,EC,OC
8980,186.8,13092,2,PM,MBC
8981,186.8,13093,2718,EC,MBC
8982,186.8,13094,4960,CS,MBC
8983,186.8,13095,2709,EE,OC
8984,186.8,13098,1210,AD,OC
8985,186.8,13100,2764,CS,OC
8986,186.8,13101,3464,CS,OC
8987,186.8,13102,1315,ME,SC
8988,186.8,13104,2712,MZ,BC
8989,186.8,13106,1211,CD,BC
8990,186.8,13108,2702,EC,OC
8991,186.8,13109,4974,EC,BC
8992,186.8,13110,2711,EC,OC
8993,186.8,13111,1210,CS,BC
8994,186.8,13112,2005,CE,OC
8995,186.8,13113,2723,CS,OC
8996,186.8,13114,4974,EC,MBC
8997,186.8,13115,5988,CS,OC
8998,186.8,13117,2719,CS,BC
8999,186.8,13120,3819,EC,OC
9000,186.8,13121,2656,EC,OC
9001,186.8,13122,1450,EC,BCM
9002,186.8,13123,2005,CE,OC
9003,186.8,13124,2719,IT,OC
9004,186.8,13125,1210,CS,BC
9005,186.8,13126,1317,IT,MBC
9006,186.8,13127,1304,EC,OC
9007,186.8,13128,1419,EC,BC
9008,186.8,13129,2722,AD,OC
9009,186.8,13130,1399,ME,OC
9010,186.8,13132,1,MN,BCM
9011,186.8,13135,1210,EC,OC
9012,186.8,13137,1211,ME,OC
9013,186.8,13140,2719,IT,OC
9014,186.8,13141,1419,CS,BCM
9015,186.8,13142,2764,CS,OC
9016,186.8,13143,1210,CS,BC
9017,186.8,13144,5,IT,OC
9018,186.8,13145,2711,EC,OC
9019,186.8,13146,2711,EC,OC
9020,186.8,13147,2369,EE,OC
9021,186.8,13150,2706,CS,OC
9022,186.8,13152,1112,CS,MBC
9023,186.8,13153,2007,CN,OC
9024,186.8,13154,1399,EC,MBC
9025,186.8,13155,4960,IT,BC
9026,186.8,13156,2005,EC,SC
9027,186.8,13158,2620,CS,OC
9028,186.8,13159,2617,CS,OC
9029,186.8,13160,2,PP,MBC
9030,186.8,13161,2706,CS,OC
9031,186.8,13164,5,AM,OC
9032,186.8,13165,2005,PR,OC
9033,186.8,13167,5901,EE,OC
9034,186.8,13168,2,PM,MBC
9035,186.8,13169,2702,AD,BC
9036,186.8,13171,1419,ME,OC
9037,186.8,13172,2025,CS,MBC
9038,186.8,13173,2005,EC,SC
9039,186.8,13174,5910,IT,OC
9040,186.8,13175,2711,FD,OC
9041,186.8,13176,2005,EC,SC
9042,186.8,13177,4965,EC,OC
9043,186.8,13178,2025,EE,OC
9044,186.8,13179,2615,MT,OC
9045,186.8,13180,1113,CS,MBC
9046,186.8,13182,1317,CS,MBC
9047,186.8,13183,1413,CS,OC
9048,186.8,13185,2328,CS,OC
9049,186.8,13186,5,CF,OC
9050,186.8,13189,2739,CS,MBC
9051,186.8,13190,2722,CS,MBC
9052,186.8,13191,1432,CS,OC
9053,186.8,13192,2709,IT,BC
9054,186.8,13193,2622,CS,OC
9055,186.8,13194,5901,EE,OC
9056,186.8,13195,4962,CS,OC
9057,186.8,13197,5012,CC,SC
9058,186.8,13198,1516,CS,BC
9059,186.8,13199,5,CS,OC
9060,186.8,13204,2702,EC,OC
9061,186.8,13205,3465,EC,OC
9062,186.8,13206,1304,EC,OC
9063,186.8,13207,2702,AD,BC
9064,186.8,13208,2712,CE,OC
9065,186.8,13209,4,PR,MBC
9066,186.8,13210,2739,AD,OC
9067,186.8,13211,1432,CO,MBC
9068,186.8,13212,2722,AD,OC
9069,186.8,13213,2007,CS,SCA
9070,186.8,13216,5986,EC,OC
9071,186.8,13217,2712,ME,OC
9072,186.8,13218,2718,EC,MBC
9073,186.8,13219,4020,CS,OC
9074,186.8,13220,2005,ME,BC
9075,186.8,13221,2622,EC,OC
9076,186.8,13223,2006,MS,BC
9077,186.8,13224,1419,EC,BC
9078,186.8,13225,1419,CS,MBC
9079,186.8,13227,2702,AD,BC
9080,186.8,13228,1399,BM,MBC
9081,186.8,13229,4,PR,MBC
9082,186.8,13230,2702,CS,MBC
9083,186.8,13231,1210,CS,BC
9084,186.8,13233,4678,CS,OC
9085,186.8,13236,1219,EE,BC
9086,186.8,13237,2702,BT,OC
9087,186.8,13238,1,MN,SC
9088,186.8,13241,2622,IT,OC
9089,186.8,13242,4023,IT,OC
9090,186.8,13243,2328,CS,OC
9091,186.8,13244,3815,BT,OC
9092,186.8,13246,2006,PS,OC
9093,186.8,13248,2702,EC,OC
9094,186.8,13250,1113,EE,OC
9095,186.8,13252,1210,IT,OC
9096,186.8,13253,1026,CS,OC
9097,186.8,13255,2739,IT,OC
9098,186.7,13256,1210,CS,BC
9099,186.7,13257,4974,EC,BC
9100,186.7,13258,1317,EC,OC
9101,186.7,13259,1210,CS,BC
9102,186.7,13262,2723,IT,OC
9103,186.7,13263,5901,EE,OC
9104,186.7,13265,3465,CS,OC
9105,186.7,13267,1419,AD,BC
9106,186.7,13269,2615,EE,MBC
9107,186.7,13270,2005,ME,BC
9108,186.7,13271,2718,ME,OC
9109,186.7,13273,5009,CS,OC
9110,186.7,13274,2764,CS,OC
9111,186.7,13275,2711,EC,OC
9112,186.7,13278,5,IT,OC
9113,186.7,13279,2005,ME,BC
9114,186.7,13283,5,CS,OC
9115,186.7,13284,1399,EE,BC
9116,186.7,13285,1113,EC,BC
9117,186.7,13286,2006,BS,SC
9118,186.7,13287,2025,EC,BC
9119,186.7,13288,1324,CS,OC
9120,186.7,13290,4974,EC,BC
9121,186.7,13291,2706,CS,OC
9122,186.7,13293,2702,AD,BC
9123,186.7,13294,1419,EC,MBC
9124,186.7,13295,2622,EC,OC
9125,186.7,13297,2726,FD,OC
9126,186.7,13299,2025,EC,BC
9127,186.7,13300,1422,EC,OC
9128,186.7,13301,1113,CS,MBC
9129,186.7,13302,2719,EC,OC
9130,186.7,13304,1422,AD,BC
9131,186.7,13306,2025,EC,BC
9132,186.7,13308,3830,AD,OC
9133,186.7,13309,2718,CJ,BC
9134,186.7,13310,2706,CS,OC
9135,186.7,13311,2719,BM,OC
9136,186.7,13312,2722,CS,BC
9137,186.7,13313,1210,CS,BC
9138,186.7,13314,1399,BM,BC
9139,186.7,13315,2702,BT,OC
9140,186.7,13316,2,PM,MBC
9141,186.7,13317,1,XC,BC
9142,186.7,13320,1419,CB,OC
9143,186.7,13321,1419,CB,BC
9144,186.7,13322,3011,BT,OC
9145,186.7,13323,2702,AD,BC
9146,186.7,13325,5,AM,OC
9147,186.7,13327,2006,MS,BC
9148,186.7,13328,5986,CS,MBC
9149,186.7,13330,2739,CS,BC
9150,186.7,13332,2739,CS,BC
9151,186.7,13333,1149,CS,OC
9152,186.7,13335,2608,EC,OC
9153,186.7,13337,2608,AL,OC
9154,186.7,13338,2007,CH,MBC
9155,186.7,13339,1210,AD,OC
9156,186.7,13341,2709,EC,OC
9157,186.7,13342,2709,IT,BC
9158,186.7,13343,2006,AS,MBC
9159,186.7,13344,1112,CS,BC
9160,186.7,13345,2611,BM,OC
9161,186.7,13346,2722,CS,BC
9162,186.7,13347,3011,IT,OC
9163,186.7,13349,4971,CS,OC
9164,186.7,13351,1113,CB,OC
9165,186.7,13352,1112,CS,BC
9166,186.7,13353,2702,AD,BC
9167,186.7,13356,1219,EE,MBC
9168,186.7,13357,2711,EC,OC
9169,186.7,13360,1112,CS,BC
9170,186.7,13361,1113,CB,OC
9171,186.7,13362,2718,CB,MBC
9172,186.7,13363,2377,CE,OC
9173,186.7,13364,1422,CS,OC
9174,186.7,13365,2708,EC,OC
9175,186.7,13366,2,LE,OC
9176,186.7,13367,2702,EC,OC
9177,186.7,13368,1419,CB,BC
9178,186.7,13369,4,RP,BC
9179,186.7,13370,2719,CS,MBC
9180,186.7,13371,2702,BT,OC
9181,186.7,13372,1317,AL,BC
9182,186.7,13373,2722,CS,BC
9183,186.7,13374,2750,CS,OC
9184,186.7,13375,2007,EM,SC
9185,186.7,13376,1026,EC,OC
9186,186.7,13378,1419,EC,BC
9187,186.7,13379,5832,CS,OC
9188,186.7,13381,2,AP,OC
9189,186.7,13382,5,CS,OC
9190,186.6,13384,1,MN,SC
9191,186.6,13385,1219,EE,MBC
9192,186.6,13386,4960,AD,OC
9193,186.6,13387,1013,CS,OC
9194,186.6,13388,4960,EC,OC
9195,186.6,13390,5901,EC,MBC
9196,186.6,13391,1210,IT,OC
9197,186.6,13392,5,EE,OC
9198,186.6,13393,1112,CS,BC
9199,186.6,13396,2025,EE,OC
9200,186.6,13397,1432,CB,OC
9201,186.6,13399,2718,CJ,BC
9202,186.6,13400,4678,AD,OC
9203,186.6,13401,5009,EC,OC
9204,186.6,13402,1419,IT,MBC
9205,186.6,13403,2719,IT,OC
9206,186.6,13405,2719,IT,OC
9207,186.6,13406,2719,IT,OC
9208,186.6,13407,1113,EI,OC
9209,186.6,13408,2722,AD,OC
9210,186.6,13409,2,PP,BC
9211,186.6,13410,1304,CS,SC
9212,186.6,13411,4960,EC,OC
9213,186.6,13412,2718,EE,BC
9214,186.6,13413,2739,CS,BC
9215,186.6,13414,2712,ME,OC
9216,186.6,13415,1013,CS,OC
9217,186.6,13416,1315,CE,MBC
9218,186.6,13417,2702,CB,OC
9219,186.6,13418,2622,CS,OC
9220,186.6,13419,5901,EE,OC
9221,186.6,13420,5901,EE,BC
9222,186.6,13421,2739,CS,BC
9223,186.6,13422,2006,TX,OC
9224,186.6,13423,4974,EC,BC
9225,186.6,13425,2702,BT,OC
9226,186.6,13427,2764,CS,OC
9227,186.6,13429,2712,SE,MBC
9228,186.6,13430,1317,IT,MBC
9229,186.6,13431,2357,EC,OC
9230,186.6,13432,2722,CS,BC
9231,186.6,13433,3801,CS,OC
9232,186.6,13434,2702,AG,OC
9233,186.6,13435,2704,EC,OC
9234,186.6,13436,2719,IT,OC
9235,186.6,13438,4,AU,SC
9236,186.6,13439,4023,CS,OC
9237,186.6,13440,4954,CS,OC
9238,186.6,13441,1210,CS,BC
9239,186.6,13443,1304,EC,OC
9240,186.6,13445,2708,CS,OC
9241,186.6,13447,1419,EC,BC
9242,186.6,13450,2,PP,BC
9243,186.6,13453,2603,EC,OC
9244,186.6,13454,2006,ES,MBC
9245,186.6,13456,1216,CS,OC
9246,186.6,13457,2025,CS,SC
9247,186.6,13458,2702,AD,BC
9248,186.6,13459,1210,CS,BC
9249,186.6,13462,2711,EE,OC
9250,186.6,13464,4023,CS,OC
9251,186.6,13465,1450,IT,MBC
9252,186.6,13466,2702,AL,OC
9253,186.6,13468,1317,AD,BC
9254,186.6,13470,2702,BM,OC
9255,186.6,13471,2763,EC,OC
9256,186.6,13473,2722,CS,BC
9257,186.6,13475,2369,EC,OC
9258,186.6,13476,2005,CE,OC
9259,186.6,13477,2357,IT,OC
9260,186.6,13478,2711,EC,OC
9261,186.6,13480,5,CS,OC
9262,186.6,13481,1211,EC,MBC
9263,186.6,13482,2025,CS,SC
9264,186.6,13484,1112,CS,BC
9265,186.6,13485,1432,CS,OC
9266,186.6,13486,2006,BY,SC
9267,186.6,13487,4020,CS,OC
9268,186.6,13490,2622,CS,OC
9269,186.6,13493,2702,EC,OC
9270,186.6,13494,2712,ME,OC
9271,186.6,13495,4960,IT,BC
9272,186.6,13496,1112,EC,OC
9273,186.6,13497,1210,CB,OC
9274,186.6,13499,4960,CS,MBC
9275,186.6,13500,4,RP,BC
9276,186.6,13502,2712,MZ,BC
9277,186.6,13503,2722,CS,MBC
9278,186.6,13506,1113,EC,BC
9279,186.6,13508,2702,SE,OC
9280,186.6,13511,1211,CD,BC
9281,186.6,13512,1120,CS,OC
9282,186.6,13513,3464,CS,OC
9283,186.6,13514,2718,AD,MBC
9284,186.6,13517,2702,CS,MBC
9285,186.6,13518,2719,IT,OC
9286,186.6,13519,5901,CE,OC
9287,186.6,13520,1210,CS,BC
9288,186.6,13521,1309,EC,OC
9289,186.6,13522,2006,FY,BC
9290,186.6,13526,1324,CS,OC
9291,186.6,13528,2702,EC,OC
9292,186.6,13532,2,PP,BC
9293,186.6,13533,5008,EM,SC
9294,186.6,13534,2702,BT,OC
9295,186.6,13535,2,IS,SC
9296,186.6,13536,1315,ME,SC
9297,186.6,13537,1450,EE,OC
9298,186.6,13538,4024,GI,OC
9299,186.6,13539,5,EE,OC
9300,186.6,13540,1210,EC,OC
9301,186.6,13541,1419,IT,MBC
9302,186.6,13543,1309,CS,BC
9303,186.6,13544,2712,AE,BC
9304,186.6,13545,2702,EC,OC
9305,186.5,13546,4023,CS,OC
9306,186.5,13547,1,XC,BC
9307,186.5,13548,2608,EC,OC
9308,186.5,13549,2702,CT,OC
9309,186.5,13550,3011,IT,OC
9310,186.5,13551,1210,CS,BC
9311,186.5,13553,3833,CS,OC
9312,186.5,13555,5,AM,OC
9313,186.5,13556,2,PP,BC
9314,186.5,13557,1450,CS,SC
9315,186.5,13559,3819,CS,OC
9316,186.5,13560,1450,EE,OC
9317,186.5,13561,5,IT,OC
9318,186.5,13562,1,PT,MBC
9319,186.5,13563,5901,EE,MBC
9320,186.5,13564,2702,EC,OC
9321,186.5,13566,5986,CS,BC
9322,186.5,13567,2702,EC,OC
9323,186.5,13568,1432,CB,OC
9324,186.5,13569,1317,EC,OC
9325,186.5,13570,2718,CB,MBC
9326,186.5,13571,2711,EE,OC
9327,186.5,13572,2727,CS,OC
9328,186.5,13573,1,ME,SCA
9329,186.5,13576,1113,CB,OC
9330,186.5,13577,2711,EC,BC
9331,186.5,13578,2727,AD,OC
9332,186.5,13579,2712,ME,OC
9333,186.5,13580,2718,EC,BCM
9334,186.5,13581,2025,CS,SC
9335,186.5,13583,3830,IT,OC
9336,186.5,13584,1317,ME,OC
9337,186.5,13585,1516,CS,MBC
9338,186.5,13586,2708,IT,OC
9339,186.5,13587,1450,IT,MBC
9340,186.5,13588,1112,IT,OC
9341,186.5,13589,2653,CB,OC
9342,186.5,13590,1219,EE,BC
9343,186.5,13594,2745,AD,OC
9344,186.5,13595,2711,EC,BC
9345,186.5,13596,2615,EE,BCM
9346,186.5,13597,1516,CS,BC
9347,186.5,13599,1307,BM,OC
9348,186.5,13600,2005,CE,OC
9349,186.5,13602,1113,IT,MBC
9350,186.5,13603,2377,EE,MBC
9351,186.5,13604,1432,CB,OC
9352,186.5,13605,2710,CS,OC
9353,186.5,13607,1211,AE,OC
9354,186.5,13608,1,MA,MBC
9355,186.5,13609,2711,AD,BC
9356,186.5,13610,2735,EC,OC
9357,186.5,13611,1211,RM,OC
9358,186.5,13613,2653,AD,OC
9359,186.5,13614,2702,CB,OC
9360,186.5,13615,2377,ME,MBC
9361,186.5,13617,2377,EE,MBC
9362,186.5,13618,2601,EC,OC
9363,186.5,13619,2006,AS,BC
9364,186.5,13621,1450,CS,SC
9365,186.5,13622,2722,IT,OC
9366,186.5,13629,4960,IT,BC
9367,186.5,13629,1211,EC,MBC
9368,186.5,13632,1324,IT,OC
9369,186.5,13633,1219,ME,OC
9370,186.5,13637,4965,BT,OC
9371,186.5,13639,1219,ME,OC
9372,186.5,13641,1219,EE,BC
9373,186.5,13642,1210,CS,BC
9374,186.5,13643,2712,ME,OC
9375,186.5,13644,4960,BM,OC
9376,186.5,13645,2,AP,OC
9377,186.5,13646,4960,AD,OC
9378,186.5,13648,5008,CN,OC
9379,186.5,13651,1422,CS,OC
9380,186.5,13653,1210,CS,BC
9381,186.5,13654,4960,EC,OC
9382,186.5,13657,2722,CS,BC
9383,186.5,13658,1419,EE,OC
9384,186.5,13660,1399,AD,SC
9385,186.5,13661,2722,EC,OC
9386,186.5,13662,1149,EC,OC
9387,186.5,13663,1113,CB,BC
9388,186.5,13664,2722,CS,BC
9389,186.5,13665,2377,CS,SC
9390,186.5,13666,1210,AD,OC
9391,186.5,13667,1324,CS,OC
9392,186.5,13672,2,PP,BC
9393,186.5,13673,2722,CS,BCM
9394,186.5,13674,2710,CS,OC
9395,186.5,13676,4974,EC,BC
9396,186.5,13678,1219,CH,OC
9397,186.5,13682,4960,IT,BC
9398,186.5,13684,1112,CS,BC
9399,186.5,13686,2718,EE,BC
9400,186.5,13688,1321,PA,OC
9401,186.5,13689,5012,CC,SC
9402,186.5,13691,2718,AD,MBC
9403,186.5,13692,2709,EC,OC
9404,186.5,13694,2764,CS,OC
9405,186.5,13697,1219,EC,SC
9406,186.5,13698,1216,CS,OC
9407,186.5,13700,1317,EC,OC
9408,186.5,13702,2006,ES,MBC
9409,186.5,13703,2006,FY,BC
9410,186.5,13704,2377,CS,SC
9411,186.5,13705,4,PR,MBC
9412,186.5,13706,2739,CS,BC
9413,186.5,13709,2702,AD,BC
9414,186.5,13710,4960,AD,OC
9415,186.5,13711,1399,ME,OC
9416,186.5,13712,1315,BM,SC
9417,186.5,13713,2718,EE,BC
9418,186.5,13714,5008,CN,OC
9419,186.5,13716,5008,EM,SC
9420,186.5,13719,2006,FY,BC
9421,186.5,13720,1113,EC,MBC
9422,186.5,13722,1219,ME,OC
9423,186.5,13723,2712,MZ,BC
9424,186.5,13724,2719,AD,OC
9425,186.5,13725,4960,EC,OC
9426,186.5,13728,2702,EC,OC
9427,186.5,13729,2719,IT,OC
9428,186.5,13730,2719,IT,BC
9429,186.5,13736,2702,CS,MBC
9430,186.5,13737,2,PP,BC
9431,186.5,13739,2722,IT,OC
9432,186.5,13742,2607,BT,OC
9433,186.5,13744,2,CR,OC
9434,186.5,13746,1432,CS,OC
9435,186.5,13749,1211,CS,SC
9436,186.5,13751,1113,CB,BC
9437,186.5,13753,1399,BM,BC
9438,186.5,13757,1211,EE,OC
9439,186.5,13759,1321,PA,OC
9440,186.5,13760,5008,MF,MBC
9441,186.5,13762,1419,CB,BC
9442,186.5,13763,1219,CH,OC
9443,186.5,13765,1399,ME,OC
9444,186.5,13766,2718,CJ,MBC
9445,186.5,13767,4960,IT,BC
9446,186.5,13768,1317,BT,OC
9447,186.5,13769,1317,EC,OC
9448,186.5,13772,1113,CB,MBC
9449,186.5,13774,2377,ME,MBC
9450,186.5,13775,1211,CB,MBC
9451,186.5,13776,1219,ME,OC
9452,186.5,13782,2722,CS,BCM
9453,186.5,13783,2739,CB,OC
9454,186.5,13784,5008,EC,SC
9455,186.5,13787,2712,EE,MBC
9456,186.5,13788,4,MF,SC
9457,186.5,13789,1317,CS,MBC
9458,186.5,13792,2,PP,BC
9459,186.5,13793,1419,EC,BC
9460,186.5,13794,1112,CS,BC
9461,186.5,13795,2718,EE,BC
9462,186.5,13796,5,CS,OC
9463,186.5,13798,1422,AD,MBC
9464,186.5,13799,1120,AD,OC
9465,186.5,13800,1112,CS,BC
9466,186.5,13801,2,CR,OC
9467,186.5,13802,1324,IT,OC
9468,186.5,13803,4,AU,SC
9469,186.5,13808,2712,AU,OC
9470,186.5,13811,2719,IT,BC
9471,186.5,13814,2718,EE,BC
9472,186.5,13815,1317,EC,BC
9473,186.5,13819,2006,PN,BC
9474,186.5,13821,2,CR,OC
9475,186.5,13822,2,CR,OC
9476,186.5,13823,2025,EC,BC
9477,186.5,13825,4974,EC,BC
9478,186.5,13826,1210,IT,OC
9479,186.5,13827,1317,EC,BC
9480,186.5,13828,2718,EE,BC
9481,186.5,13830,4966,EC,OC
9482,186.5,13831,2706,CS,OC
9483,186.5,13833,4994,EC,OC
9484,186.5,13834,4960,AD,BC
9485,186.5,13835,2007,CN,BC
9486,186.5,13837,2710,AD,OC
9487,186.5,13838,1,PT,MBC
9488,186.5,13840,2006,FY,BC
9489,186.5,13841,2702,BT,OC
9490,186.5,13842,5,CS,OC
9491,186.5,13843,5008,MG,SC
9492,186.5,13845,2702,EC,OC
9493,186.5,13846,3819,EC,OC
9494,186.5,13847,4974,EC,BC
9495,186.5,13848,1128,CS,OC
9496,186.5,13851,1304,EC,OC
9497,186.5,13853,1419,EC,BC
9498,186.5,13854,2702,CB,OC
9499,186.5,13855,1419,AD,MBC
9500,186.5,13856,1419,EC,BC
9501,186.5,13857,2702,CB,OC
9502,186.5,13859,5008,MG,MBC
9503,186.5,13861,2722,EC,OC
9504,186.5,13862,2739,CS,BC
9505,186.5,13864,2719,IT,BC
9506,186.5,13865,1114,CS,OC
9507,186.5,13866,2615,ME,OC
9508,186.5,13867,2719,IT,BC
9509,186.5,13868,1317,AL,BC
9510,186.5,13870,2006,TX,OC
9511,186.5,13871,1122,CS,OC
9512,186.5,13872,2764,CS,OC
9513,186.5,13873,2005,CE,OC
9514,186.5,13874,2718,IT,MBC
9515,186.5,13878,2719,AD,OC
9516,186.5,13879,1316,BM,OC
9517,186.5,13881,2718,CJ,BC
9518,186.5,13882,1210,CS,BC
9519,186.5,13883,2709,IT,BC
9520,186.5,13886,2706,CS,OC
9521,186.5,13887,1219,CE,OC
9522,186.5,13889,2704,EC,OC
9523,186.5,13890,1026,CS,OC
9524,186.4,13892,2722,IT,OC
9525,186.4,13893,4960,EC,OC
9526,186.4,13894,1317,EC,BC
9527,186.4,13895,1399,MZ,BC
9528,186.4,13896,2025,EE,OC
9529,186.4,13897,2702,EC,OC
9530,186.4,13898,2710,SC,OC
9531,186.4,13899,2739,IT,OC
9532,186.4,13903,1317,EC,BC
9533,186.4,13904,2702,EC,OC
9534,186.4,13905,2618,CS,OC
9535,186.4,13906,1113,EC,BC
9536,186.4,13908,4962,CS,OC
9537,186.4,13910,2710,CS,OC
9538,186.4,13911,2719,IT,BC
9539,186.4,13912,1149,CS,OC
9540,186.4,13913,1306,CS,OC
9541,186.4,13914,5901,EE,BC
9542,186.4,13915,3465,CS,BCM
9543,186.4,13916,2608,EC,OC
9544,186.4,13917,2710,CS,OC
9545,186.4,13919,1216,CS,OC
9546,186.4,13920,2739,CS,BC
9547,186.4,13921,3830,EC,OC
9548,186.4,13923,2718,IT,MBC
9549,186.4,13925,1216,EC,OC
9550,186.4,13926,1211,RM,OC
9551,186.4,13927,2715,EC,OC
9552,186.4,13928,1211,EC,MBC
9553,186.4,13929,2718,EE,BC
9554,186.4,13931,1211,RM,OC
9555,186.4,13933,1211,BT,MBC
9556,186.4,13935,5008,CN,BC
9557,186.4,13936,2718,EE,BC
9558,186.4,13938,4960,IT,BC
9559,186.4,13939,1399,EC,MBC
9560,186.4,13940,5008,MG,MBC
9561,186.4,13941,2702,EC,OC
9562,186.4,13942,2615,ME,OC
9563,186.4,13943,2006,TX,MBC
9564,186.4,13945,2005,PR,OC
9565,186.4,13946,1306,IT,OC
9566,186.4,13947,2722,IT,OC
9567,186.4,13949,2603,CS,MBC
9568,186.4,13953,1211,BM,MBC
9569,186.4,13954,5008,CE,SC
9570,186.4,13955,1120,CS,OC
9571,186.4,13956,1419,AD,BC
9572,186.4,13957,1219,ME,OC
9573,186.4,13959,2622,AD,OC
9574,186.4,13962,3465,CS,BC
9575,186.4,13965,4,RP,BC
9576,186.4,13966,1399,IT,MBC
9577,186.4,13967,2722,IT,OC
9578,186.4,13968,2,TX,OC
9579,186.4,13969,2719,IT,BC
9580,186.4,13970,2718,EE,BC
9581,186.4,13971,1128,CS,OC
9582,186.4,13973,2711,EC,BC
9583,186.4,13975,1211,BM,BC
9584,186.4,13976,2025,EC,BC
9585,186.4,13980,2653,CS,OC
9586,186.4,13982,2706,CS,OC
9587,186.4,13983,1113,EC,BC
9588,186.4,13987,1317,EC,BC
9589,186.4,13988,1210,CS,BC
9590,186.4,13989,3830,CS,OC
9591,186.4,13991,2702,FD,OC
9592,186.4,13992,2718,EE,BC
9593,186.4,13993,3011,CS,OC
9594,186.4,13994,4960,EC,OC
9595,186.4,13995,2618,CS,OC
9596,186.4,13996,2005,EC,SC
9597,186.4,13998,2702,EC,OC
9598,186.4,13999,2377,CE,BC
9599,186.4,14000,2722,CS,MBC
9600,186.4,14001,1,MA,SC
9601,186.4,14002,2702,EC,OC
9602,186.4,14003,2719,IT,BC
9603,186.4,14006,2719,CS,MBC
9604,186.4,14009,1432,EC,OC
9605,186.4,14010,1450,ME,OC
9606,186.4,14011,2718,ME,OC
9607,186.4,14012,2718,EE,BC
9608,186.4,14013,1211,EC,MBC
9609,186.4,14015,2607,EC,OC
9610,186.4,14017,2025,EC,BC
9611,186.4,14019,2609,AD,OC
9612,186.4,14020,1211,BT,BC
9613,186.4,14021,2712,ME,OC
9614,186.4,14023,2620,BT,OC
9615,186.4,14024,1317,EC,BC
9616,186.4,14025,2007,CE,BCM
9617,186.4,14026,2719,EC,OC
9618,186.4,14029,1306,CS,OC
9619,186.4,14030,2711,EC,BC
9620,186.4,14031,2722,IT,OC
9621,186.4,14032,5,IT,OC
9622,186.4,14033,4974,CE,OC
9623,186.4,14035,2603,CS,MBC
9624,186.4,14036,2722,IT,OC
9625,186.4,14037,5008,CN,BC
9626,186.4,14038,2702,EC,OC
9627,186.4,14039,2603,CS,BCM
9628,186.4,14040,2723,CS,OC
9629,186.4,14042,1110,CS,OC
9630,186.4,14043,2,TX,OC
9631,186.4,14045,3011,CS,OC
9632,186.4,14046,2,PP,BC
9633,186.4,14047,2711,EC,BC
9634,186.4,14049,2007,CH,MBC
9635,186.4,14050,2639,CS,OC
9636,186.3,14051,4962,CS,OC
9637,186.3,14052,1113,CS,MBC
9638,186.3,14053,2711,FD,OC
9639,186.3,14054,2702,AD,BC
9640,186.3,14055,2,TX,OC
9641,186.3,14056,2646,CS,OC
9642,186.3,14058,2005,ME,MBC
9643,186.3,14059,2006,PS,OC
9644,186.3,14060,2005,CE,BC
9645,186.3,14061,4971,CS,OC
9646,186.3,14063,5986,CS,BC
9647,186.3,14064,2,PP,BC
9648,186.3,14066,2722,IT,OC
9649,186.3,14067,1225,EC,OC
9650,186.3,14068,1432,CB,OC
9651,186.3,14069,1128,CS,OC
9652,186.3,14070,3011,EE,OC
9653,186.3,14071,2702,EC,OC
9654,186.3,14072,1399,CB,MBC
9655,186.3,14073,2711,CS,MBC
9656,186.3,14074,5,CS,OC
9657,186.3,14076,3011,CS,OC
9658,186.3,14078,1317,EC,BC
9659,186.3,14079,1120,CS,OC
9660,186.3,14080,5008,CN,BC
9661,186.3,14084,2711,CS,MBC
9662,186.3,14085,1211,EC,MBC
9663,186.3,14087,1219,CH,OC
9664,186.3,14088,2712,AE,MBC
9665,186.3,14090,2745,AD,OC
9666,186.3,14091,2302,AD,OC
9667,186.3,14092,2006,EE,SCA
9668,186.3,14094,2711,EC,BC
9669,186.3,14095,1013,IT,OC
9670,186.3,14096,1317,AL,BC
9671,186.3,14098,4,AU,SC
9672,186.3,14099,2739,EC,OC
9673,186.3,14100,4960,IT,BC
9674,186.3,14101,1419,EC,MBC
9675,186.3,14102,1149,CS,OC
9676,186.3,14103,1113,CB,BC
9677,186.3,14104,1412,EC,OC
9678,186.3,14105,2005,IB,MBC
9679,186.3,14106,1324,CS,OC
9680,186.3,14107,2722,IT,OC
9681,186.3,14110,1,MA,SC
9682,186.3,14111,2704,ME,OC
9683,186.3,14113,1113,EC,MBC
9684,186.3,14114,1149,CS,OC
9685,186.3,14116,1219,EE,BC
9686,186.3,14117,2712,MZ,BC
9687,186.3,14118,2622,CS,OC
9688,186.3,14119,4678,AD,OC
9689,186.3,14120,2,PP,MBC
9690,186.3,14121,2722,IT,OC
9691,186.3,14122,2621,IT,OC
9692,186.3,14123,2706,CS,OC
9693,186.3,14124,2025,EC,BC
9694,186.3,14125,1504,CE,OC
9695,186.3,14126,5008,EE,SC
9696,186.3,14127,3819,EC,OC
9697,186.3,14130,1237,CS,OC
9698,186.3,14131,5,IT,OC
9699,186.3,14132,5008,CN,BC
9700,186.3,14135,5,EE,OC
9701,186.3,14136,2702,EC,BC
9702,186.3,14137,2722,IT,OC
9703,186.3,14138,1316,CS,OC
9704,186.3,14139,5901,EE,BC
9705,186.3,14140,3465,CS,BC
9706,186.3,14142,5901,EE,BC
9707,186.3,14144,2739,IT,OC
9708,186.3,14145,2,LE,OC
9709,186.3,14146,2007,ME,MBC
9710,186.3,14147,2722,IT,OC
9711,186.3,14149,2711,EC,BC
9712,186.3,14150,2739,CS,BC
9713,186.3,14152,5901,EE,MBC
9714,186.3,14154,2722,IT,OC
9715,186.3,14155,1450,IT,MBC
9716,186.3,14156,2702,EC,MBC
9717,186.3,14158,2,PP,BC
9718,186.3,14162,2622,IT,OC
9719,186.3,14163,4960,IT,BC
9720,186.3,14164,4960,EC,OC
9721,186.3,14166,2708,CS,OC
9722,186.3,14167,2622,CS,OC
9723,186.3,14168,2710,AD,OC
9724,186.3,14170,5910,AD,OC
9725,186.3,14172,1120,CS,OC
9726,186.3,14173,3011,CS,OC
9727,186.3,14174,5901,EE,BC
9728,186.3,14175,2709,CS,MBC
9729,186.3,14177,4960,CS,MBC
9730,186.3,14178,2005,ME,MBC
9731,186.3,14180,1112,IT,OC
9732,186.3,14181,2620,IT,OC
9733,186.3,14184,4974,EC,MBC
9734,186.3,14185,1399,EC,MBC
9735,186.3,14186,1317,EC,BC
9736,186.3,14187,2007,EC,SCA
9737,186.3,14188,2702,BT,OC
9738,186.2,14191,2607,CS,OC
9739,186.2,14193,1516,CS,BC
9740,186.2,14194,1516,CS,BC
9741,186.2,14195,2718,EE,BC
9742,186.2,14196,5901,EC,MBC
9743,186.2,14197,2369,EC,OC
9744,186.2,14199,2722,EC,OC
9745,186.2,14201,1211,EC,MBC
9746,186.2,14203,2,PP,BCM
9747,186.2,14205,3011,PH,OC
9748,186.2,14206,4974,EC,BC
9749,186.2,14207,5901,EC,MBC
9750,186.2,14208,2723,CE,OC
9751,186.2,14209,2764,BM,OC
9752,186.2,14210,1211,CH,OC
9753,186.2,14212,5986,CS,BC
9754,186.2,14213,1516,CS,BC
9755,186.2,14214,1309,IT,OC
9756,186.2,14215,2025,EC,MBC
9757,186.2,14217,1399,ME,OC
9758,186.2,14219,1210,CS,BC
9759,186.2,14220,1399,BM,BC
9760,186.2,14221,1112,IT,OC
9761,186.2,14222,2722,IT,OC
9762,186.2,14226,2,CR,OC
9763,186.2,14227,2722,IT,OC
9764,186.2,14229,1120,CS,OC
9765,186.2,14230,5008,ME,MBC
9766,186.2,14231,1419,EC,BC
9767,186.2,14232,1317,EC,BC
9768,186.2,14233,1113,EE,OC
9769,186.2,14236,3464,CS,OC
9770,186.2,14237,2345,EC,OC
9771,186.2,14238,4962,IT,OC
9772,186.2,14240,2718,EC,BCM
9773,186.2,14241,2377,CE,BC
9774,186.2,14243,4020,CS,OC
9775,186.2,14244,2727,CS,OC
9776,186.2,14245,4962,CS,OC
9777,186.2,14246,1399,EC,MBC
9778,186.2,14248,2006,PN,BC
9779,186.2,14249,4,RP,MBC
9780,186.2,14250,1,XM,OC
9781,186.2,14251,2622,CS,OC
9782,186.2,14252,2702,MC,OC
9783,186.2,14253,2006,ME,SC
9784,186.2,14255,1399,CB,MBC
9785,186.2,14257,1210,IT,OC
9786,186.2,14258,1026,CS,OC
9787,186.2,14259,4933,EC,OC
9788,186.2,14261,5901,ME,OC
9789,186.2,14262,1317,EC,BC
9790,186.2,14263,1422,IT,OC
9791,186.2,14264,1516,CS,MBC
9792,186.2,14265,4,RP,BC
9793,186.2,14266,2711,CS,BCM
9794,186.2,14267,2723,CE,OC
9795,186.2,14269,2006,ME,SC
9796,186.2,14270,2702,BT,BC
9797,186.2,14272,2739,CS,BC
9798,186.2,14273,2328,EC,OC
9799,186.2,14274,2608,EE,OC
9800,186.2,14276,1419,EC,BC
9801,186.2,14278,1399,MZ,BC
9802,186.2,14280,2706,EE,OC
9803,186.2,14281,5,EE,OC
9804,186.2,14282,1219,EE,BC
9805,186.2,14284,2653,EE,OC
9806,186.2,14286,2764,CS,OC
9807,186.2,14287,2736,CS,OC
9808,186.2,14288,1211,AE,OC
9809,186.2,14290,4974,CS,MBC
9810,186.2,14291,1399,ME,OC
9811,186.2,14292,1422,CS,OC
9812,186.2,14293,1516,CS,BC
9813,186.2,14294,2702,SE,OC
9814,186.2,14295,2710,CS,OC
9815,186.2,14296,4670,CE,OC
9816,186.2,14297,1432,CS,BC
9817,186.2,14299,4974,EE,OC
9818,186.2,14300,1211,EC,MBC
9819,186.2,14302,2718,CJ,BC
9820,186.2,14303,2006,PN,BC
9821,186.2,14304,5986,EC,OC
9822,186.2,14305,1210,IT,OC
9823,186.2,14306,2712,ME,OC
9824,186.2,14309,2712,EE,MBC
9825,186.2,14310,2711,CS,MBC
9826,186.2,14312,1422,IT,OC
9827,186.2,14314,4974,EC,BC
9828,186.2,14315,1513,IT,OC
9829,186.2,14316,2006,ES,SC
9830,186.2,14317,2712,BT,MBC
9831,186.2,14319,4962,CS,OC
9832,186.2,14321,4960,EC,OC
9833,186.2,14322,2006,FY,BC
9834,186.2,14323,2739,EC,OC
9835,186.2,14324,1304,IT,BCM
9836,186.2,14326,1419,IT,MBC
9837,186.2,14328,2711,EC,BC
9838,186.2,14329,5008,CN,BC
9839,186.2,14330,2005,PR,OC
9840,186.2,14331,3011,BT,OC
9841,186.2,14332,2615,CE,OC
9842,186.1,14333,3905,EC,OC
9843,186.1,14334,1210,IT,OC
9844,186.1,14336,2709,IT,BC
9845,186.1,14337,2718,IT,MBC
9846,186.1,14338,2702,EC,BC
9847,186.1,14341,1419,AD,MBC
9848,186.1,14342,2702,AD,BC
9849,186.1,14343,2718,CJ,BC
9850,186.1,14344,5008,CN,BC
9851,186.1,14345,1120,CS,OC
9852,186.1,14346,1304,BM,BC
9853,186.1,14347,2601,EC,OC
9854,186.1,14348,2751,EC,OC
9855,186.1,14349,2719,IT,BC
9856,186.1,14350,1210,CS,BC
9857,186.1,14352,2711,EC,BC
9858,186.1,14353,1219,CS,SC
9859,186.1,14356,5986,IT,OC
9860,186.1,14357,5901,EE,BC
9861,186.1,14358,2608,CS,OC
9862,186.1,14359,1211,MZ,OC
9863,186.1,14360,2706,CS,OC
9864,186.1,14361,1112,CS,BC
9865,186.1,14362,2719,EE,OC
9866,186.1,14363,4960,EC,OC
9867,186.1,14366,2005,IB,BCM
9868,186.1,14367,2603,EC,OC
9869,186.1,14368,1432,CS,BC
9870,186.1,14369,2718,EE,MBC
9871,186.1,14370,1210,EE,OC
9872,186.1,14373,2005,PR,OC
9873,186.1,14374,2711,EC,BC
9874,186.1,14377,3819,CS,OC
9875,186.1,14378,1419,EE,OC
9876,186.1,14379,1321,MN,OC
9877,186.1,14380,1210,IT,OC
9878,186.1,14381,1120,CS,OC
9879,186.1,14382,1210,IT,OC
9880,186.1,14384,1304,EC,OC
9881,186.1,14385,1304,CS,MBC
9882,186.1,14387,2712,ME,OC
9883,186.1,14388,2702,EC,BC
9884,186.1,14389,1419,CJ,OC
9885,186.1,14390,1211,CD,MBC
9886,186.1,14393,2005,CE,BC
9887,186.1,14394,2745,AD,OC
9888,186.1,14395,2603,EC,OC
9889,186.1,14396,2639,CS,OC
9890,186.1,14397,5010,CS,OC
9891,186.1,14398,1211,AE,OC
9892,186.1,14399,1216,CS,OC
9893,186.1,14401,2642,CS,OC
9894,186.1,14402,2005,ME,MBC
9895,186.1,14403,1304,RM,OC
9896,186.1,14404,2607,EC,OC
9897,186.1,14405,2025,EC,MBC
9898,186.1,14406,1419,EC,BC
9899,186.1,14407,2711,EC,BC
9900,186.1,14408,5008,CN,MBC
9901,186.1,14409,5986,IT,OC
9902,186.1,14410,2615,ME,OC
9903,186.1,14411,2718,IT,MBC
9904,186.1,14412,4960,CS,MBC
9905,186.1,14413,2603,EE,OC
9906,186.1,14414,1304,EC,OC
9907,186.1,14415,1432,CS,BC
9908,186.1,14416,2377,CE,BC
9909,186.1,14417,2006,RA,SC
9910,186.1,14418,2727,AG,OC
9911,186.1,14419,2723,EC,OC
9912,186.1,14422,2618,IT,OC
9913,186.1,14423,3465,CS,MBC
9914,186.1,14424,4960,EC,OC
9915,186.1,14425,1113,CB,BCM
9916,186.1,14426,1304,EC,OC
9917,186.1,14427,1516,CS,BC
9918,186.1,14429,3803,EC,OC
9919,186.1,14430,5901,EE,BC
9920,186.1,14431,2739,IT,OC
9921,186.1,14432,2615,ME,OC
9922,186.1,14434,2718,EE,BC
9923,186.1,14435,2712,ME,OC
9924,186.1,14436,2740,EC,OC
9925,186.1,14437,1419,EC,BC
9926,186.1,14439,2722,IT,BC
9927,186.1,14440,4960,EC,OC
9928,186.1,14441,2005,CE,BC
9929,186.1,14443,1321,PA,OC
9930,186.1,14445,1304,CS,MBC
9931,186.1,14447,5901,CE,OC
9932,186.1,14448,2718,EE,BC
9933,186.1,14449,2,CR,OC
9934,186.1,14450,2722,IT,BC
9935,186.1,14451,5,AM,OC
9936,186.1,14452,4974,EE,OC
9937,186.1,14454,2718,EC,MBC
9938,186.1,14455,4917,AG,OC
9939,186.1,14456,4957,CS,OC
9940,186.1,14457,2712,ME,OC
9941,186.1,14459,2706,AD,OC
9942,186.1,14460,2709,EC,OC
9943,186.1,14461,4938,CS,OC
9944,186.1,14462,1026,CS,OC
9945,186.1,14463,2722,IT,BC
9946,186.1,14464,4974,CS,MBC
9947,186.1,14468,1422,CS,OC
9948,186.1,14469,2006,CE,SC
9949,186.1,14470,2711,EC,BC
9950,186.1,14472,2719,CS,SCA
9951,186.1,14473,1422,AD,BC
9952,186.1,14474,5901,EE,MBC
9953,186.1,14476,2702,AD,BC
9954,186.1,14477,2702,EC,BC
9955,186.1,14478,5008,CN,BC
9956,186.1,14479,2709,EC,OC
9957,186.1,14480,2702,CT,OC
9958,186.1,14481,1210,CS,BC
9959,186.1,14483,1211,EC,MBC
9960,186.1,14485,2722,AD,BC
9961,186.1,14486,2711,AL,OC
9962,186.1,14487,1399,EE,MBC
9963,186.1,14488,2005,PR,OC
9964,186.1,14489,2622,BM,OC
9965,186.1,14490,4960,CS,MBC
9966,186.0,14491,1014,CS,OC
9967,186.0,14493,2718,EE,MBC
9968,186.0,14494,1,MI,SC
9969,186.0,14495,1419,CS,MBC
9970,186.0,14498,2702,EC,BC
9971,186.0,14500,2622,IT,OC
9972,186.0,14501,1210,CS,MBC
9973,186.0,14502,1419,EE,OC
9974,186.0,14503,1422,CS,OC
9975,186.0,14504,3011,CS,OC
9976,186.0,14507,3011,CS,OC
9977,186.0,14508,4960,EC,OC
9978,186.0,14509,1432,CS,BC
9979,186.0,14511,1219,CS,SC
9980,186.0,14512,5008,CN,BC
9981,186.0,14513,2719,EC,OC
9982,186.0,14514,1419,CB,BC
9983,186.0,14515,1317,BT,BC
9984,186.0,14517,2722,IT,BC
9985,186.0,14520,2603,EC,OC
9986,186.0,14522,2719,AD,OC
9987,186.0,14523,5986,EC,OC
9988,186.0,14524,2611,EC,OC
9989,186.0,14525,2025,EC,BC
9990,186.0,14526,1304,EC,OC
9991,186.0,14527,2711,FD,OC
9992,186.0,14528,2,FS,SC
9993,186.0,14529,4960,EC,OC
9994,186.0,14530,1219,EE,BC
9995,186.0,14531,2718,AD,MBC
9996,186.0,14532,4974,EE,OC
9997,186.0,14534,3465,CS,BC
9998,186.0,14536,1311,AO,OC
9999,186.0,14537,1399,MZ,BC
10000,186.0,14538,1304,AD,MBC
10001,186.0,14539,3465,CS,BC
10002,186.0,14540,2,LE,OC
10003,186.0,14542,2702,BM,OC
10004,186.0,14543,1419,EC,BC
10005,186.0,14544,2764,CS,OC
10006,186.0,14545,2711,EC,MBC
10007,186.0,14546,1210,CS,MBC
10008,186.0,14548,2711,FD,OC
10009,186.0,14549,5901,EE,BC
10010,186.0,14550,1113,EE,OC
10011,186.0,14551,2711,EC,MBC
10012,186.0,14552,4962,CS,OC
10013,186.0,14553,2739,EC,OC
10014,186.0,14554,2702,CB,OC
10015,186.0,14555,4962,CS,BC
10016,186.0,14556,2005,EC,SCA
10017,186.0,14557,2005,CE,BC
10018,186.0,14558,3465,EC,OC
10019,186.0,14559,2702,AE,OC
10020,186.0,14560,2739,AD,OC
10021,186.0,14561,2709,CS,MBC
10022,186.0,14562,5008,MG,MBC
10023,186.0,14564,1315,CE,SC
10024,186.0,14565,1120,IT,OC
10025,186.0,14566,2723,BM,OC
10026,186.0,14568,1149,CS,OC
10027,186.0,14570,1120,CS,OC
10028,186.0,14571,3011,CS,OC
10029,186.0,14572,4960,AD,BC
10030,186.0,14573,5008,CM,SC
10031,186.0,14574,1419,AD,BC
10032,186.0,14575,3011,CS,BC
10033,186.0,14576,1516,CS,BC
10034,186.0,14578,1317,BT,BC
10035,186.0,14582,2712,EE,BCM
10036,186.0,14585,5986,IT,OC
10037,186.0,14586,1317,AL,BC
10038,186.0,14587,1419,AD,BC
10039,186.0,14588,2712,EI,MBC
10040,186.0,14590,1112,CS,MBC
10041,186.0,14591,2622,ME,OC
10042,186.0,14592,2,PP,MBC
10043,186.0,14593,2755,FD,OC
10044,186.0,14595,2702,EC,BC
10045,186.0,14597,1422,CS,OC
10046,186.0,14598,1419,AD,BC
10047,186.0,14599,3011,CS,BC
10048,186.0,14600,5008,CN,BC
10049,186.0,14601,2702,CB,BC
10050,186.0,14602,2719,IT,BC
10051,186.0,14604,1026,CS,OC
10052,186.0,14605,1432,CS,MBC
10053,186.0,14606,1315,BM,SC
10054,186.0,14608,4678,AD,OC
10055,186.0,14610,2006,TX,BC
10056,186.0,14611,1217,CS,OC
10057,186.0,14612,2006,MY,BC
10058,186.0,14615,4,RP,BC
10059,186.0,14616,1210,CS,BC
10060,186.0,14618,1211,EE,OC
10061,186.0,14619,2007,CE,BCM
10062,186.0,14622,1112,CS,BC
10063,186.0,14623,2722,AD,BC
10064,186.0,14626,2711,AL,OC
10065,186.0,14628,1321,PA,OC
10066,186.0,14630,4960,EC,OC
10067,186.0,14632,1211,EE,OC
10068,186.0,14633,1419,CB,BC
10069,186.0,14634,5008,EE,SC
10070,186.0,14636,1304,EC,BC
10071,186.0,14638,1113,CD,OC
10072,186.0,14639,2609,AG,OC
10073,186.0,14641,1399,CB,MBC
10074,186.0,14642,5008,CN,BC
10075,186.0,14644,2025,EE,OC
10076,186.0,14647,1219,EE,BC
10077,186.0,14650,1310,AD,OC
10078,186.0,14651,1419,AD,MBC
10079,186.0,14656,1419,EC,MBC
10080,186.0,14658,5986,IT,OC
10081,186.0,14663,1324,CS,OC
10082,186.0,14665,2706,CS,OC
10083,186.0,14666,4962,CS,BC
10084,186.0,14669,5008,ME,MBC
10085,186.0,14670,4,EC,ST
10086,186.0,14672,1399,EC,MBC
10087,186.0,14673,2377,CE,BC
10088,186.0,14674,3011,CS,MBC
10089,186.0,14676,1026,CS,OC
10090,186.0,14677,2718,EE,BC
10091,186.0,14678,2006,AS,BC
10092,186.0,14680,2712,ME,OC
10093,186.0,14681,2615,EE,BCM
10094,186.0,14682,1211,MZ,OC
10095,186.0,14685,1419,EE,OC
10096,186.0,14689,2719,IT,BC
10097,186.0,14690,2722,EC,OC
10098,186.0,14691,1324,CS,OC
10099,186.0,14695,2726,AO,OC
10100,186.0,14698,2727,BT,OC
10101,186.0,14704,3465,CS,BC
10102,186.0,14705,1216,AD,OC
10103,186.0,14706,1309,AD,OC
10104,186.0,14707,1210,CS,BC
10105,186.0,14708,2702,EC,BC
10106,186.0,14712,2718,EC,MBC
10107,186.0,14713,2005,EC,SC
10108,186.0,14718,2006,AS,BC
10109,186.0,14719,1112,CS,BC
10110,186.0,14721,2005,IB,MBC
10111,186.0,14723,1324,CS,OC
10112,186.0,14724,2722,IT,BC
10113,186.0,14724,2377,CE,BC
10114,186.0,14726,1219,EE,BC
10115,186.0,14727,2712,ME,OC
10116,186.0,14728,1112,CS,BC
10117,186.0,14729,2377,EC,SC
10118,186.0,14730,2722,IT,BC
10119,186.0,14736,1219,ME,OC
10120,186.0,14737,1317,CS,MBC
10121,186.0,14739,5008,CM,SC
10122,186.0,14741,1211,EE,OC
10123,186.0,14742,2722,CS,MBC
10124,186.0,14743,1211,BM,BC
10125,186.0,14745,2722,IT,BC
10126,186.0,14747,2702,BT,BC
10127,186.0,14748,1317,BT,BC
10128,186.0,14750,2007,CL,MBC
10129,186.0,14751,1210,IT,OC
10130,186.0,14752,1309,IT,OC
10131,186.0,14752,2005,CE,MBC
10132,186.0,14755,1211,FD,OC
10133,186.0,14757,2,TX,OC
10134,186.0,14758,2739,CS,BC
10135,186.0,14762,1324,CS,OC
10136,186.0,14763,2006,AS,BC
10137,186.0,14765,2618,CS,OC
10138,186.0,14766,2702,EC,BC
10139,186.0,14769,1113,AD,BCM
10140,186.0,14772,5986,IT,OC
10141,186.0,14775,5986,IT,OC
10142,186.0,14778,1211,BM,BC
10143,186.0,14779,2006,AS,BC
10144,186.0,14780,1309,CS,MBC
10145,186.0,14781,2722,CS,MBC
10146,186.0,14782,2718,EE,BC
10147,186.0,14785,1113,CB,BC
10148,186.0,14787,2006,PS,OC
