S NO,APPLN NO,AGGREGATE MARK,GENERAL RANK,COMMUNITY,COLLEGE CODE,BRANCH CODE,ALLOTTED CATEGORY
1,339809,199.5,15,BC,1149,AD,OC
2,317367,197,436,SC,2,CL,SC
3,292209,195.5,1013,BC,1324,CS,OC
4,241046,195.35,1087,BC,3011,IT,OC
5,309601,195.185,1150,OC,1026,CS,OC
6,257604,194.5,1601,BC,2,PP,BC
7,299452,194,1965,OC,2704,CS,OC
8,293095,194,1988,BC,1210,CS,BC
9,327650,194,2002,BC,1211,AE,OC
10,305978,194,2028,BC,1113,CD,OC
11,333478,193.78,2176,BC,2715,EC,OC
12,343496,193.57,2280,BC,2702,AD,BC
13,285272,193.5,2336,OC,2,CR,OC
14,272574,193.43,2469,MBCV,1,PT,MBCV
15,275474,193.22,2591,BC,1118,EC,OC
16,222989,193.22,2592,BCM,2718,EE,BCM
17,255108,193.13,2663,MBCDNC,2025,CS,MBCDNC
18,363212,193.075,2696,BC,2710,CS,OC
19,269511,193.075,2698,BC,1112,CS,BC
20,374471,193.01,2744,MBCDNC,2603,CS,MBCDNC
21,311805,193,2836,MBCV,1210,CS,MBCV
22,304517,193,2853,OC,1321,MN,OC
23,200083,193,2869,OC,5010,CS,OC
24,300088,193,2942,BC,1419,EC,BC
25,300890,193,2977,SC,2712,BT,SC
26,336665,192.9,3074,BC,1014,CS,OC
27,264529,192.735,3182,MBCV,2025,CS,MBCV
28,322701,192.645,3255,BC,1211,EE,OC
29,296203,192.5,3410,BC,1321,MN,OC
30,267885,192.475,3539,BC,2711,EC,BC
31,269163,192.295,3670,BC,5986,IT,OC
32,291963,192.245,3714,BC,2653,CS,OC
33,248613,192.19,3756,MBC,1219,ME,OC
34,203305,192.155,3783,BC,1118,ME,OC
35,200179,192.1,3822,BC,2711,AD,BC
36,245808,192.02,3882,BC,3465,CS,BC
37,287238,192,4033,OC,1216,CS,OC
38,300594,192,4045,BC,1231,CS,OC
39,287670,191.935,4387,OC,1216,BM,OC
40,259399,191.9,4415,BC,2704,EC,OC
41,320886,191.835,4461,BC,2006,MY,BC
42,257071,191.835,4462,BC,1309,IT,OC
43,224922,191.835,4465,BC,2709,IT,BC
44,334347,191.825,4468,MBCDNC,5901,EE,MBCDNC
45,215462,191.815,4481,BC,2006,TX,BC
46,343934,191.775,4509,BC,1432,AD,OC
47,308959,191.7,4566,MBCV,3011,CS,MBCV
48,256170,191.635,4625,BC,2706,EC,OC
49,335070,191.525,4709,MBCDNC,2712,BT,MBCDNC
50,232501,191.5,4764,BC,1149,EC,OC
51,307481,191.5,4778,OC,3819,CS,OC
52,330757,191.5,4886,SC,2025,CS,SC
53,344568,191.5,4925,OC,2615,ME,OC
54,220095,191.46,4967,BC,2702,EC,BC
55,271508,191.37,5044,BC,4960,EC,OC
56,311624,191.35,5069,BC,2,PP,BC
57,351001,191.35,5071,BC,4960,EC,OC
58,265566,191.295,5132,BC,3465,CS,BC
59,332173,191.25,5173,BC,4974,EE,OC
60,227635,191.23,5203,BC,1419,AD,BC
61,291788,191.155,5275,BC,2005,CE,BC
62,209869,191.095,5328,OC,1113,EI,OC
63,361553,191.09,5337,BC,2711,EC,BC
64,339750,191.065,5355,BC,2702,FD,OC
65,240663,191.01,5399,BC,1216,EC,OC
66,279491,191,5509,MBC,1,XM,OC
67,287597,191,5588,MBCV,1315,CE,MBCV
68,289804,191,5652,BC,1304,EC,BC
69,328072,158,5671A,MBCDNC,2006,PR,MBCDNC
70,270565,191,5672,SC,2005,EE,SC
71,371759,190.985,5694,OC,2620,CS,OC
72,243705,190.975,5705,BC,1014,IT,OC
73,209202,190.91,5761,BC,2719,IT,BC
74,222593,190.835,5823,MBCDNC,2,PM,MBCDNC
75,354046,190.76,5890,BC,3011,CS,BC
76,213002,190.68,5967,BC,2711,EC,BC
77,225917,190.635,6016,BC,5,CS,OC
78,262700,190.58,6069,MBC,3795,CS,OC
79,288047,190.56,6095,SC,2025,CS,SC
80,300565,190.525,6133,BC,1317,EC,BC
81,250249,190.505,6156,BC,2702,AD,BC
82,229491,190.5,6254,BC,2722,IT,BC
83,213051,190.5,6260,SC,1450,CS,SC
84,360120,190.5,6266,BC,2709,IT,BC
85,283673,190.5,6307,BC,2006,AS,BC
86,323476,190.5,6324,BC,2005,CE,BC
87,336672,190.5,6329,OC,1324,CS,OC
88,342840,190.495,6403,BC,1210,EC,OC
89,243440,190.47,6426,MBCDNC,2005,ME,MBCDNC
90,225554,190.385,6496,MBCV,1211,EC,MBCV
91,355179,190.385,6507,MBCDNC,2,PP,MBCDNC
92,333077,190.34,6538,SC,2007,EE,SC
93,329420,190.305,6567,BC,4962,EC,OC
94,244733,190.285,6608,MBCDNC,2711,EC,MBCDNC
95,262691,190.27,6617,MBCDNC,2706,CS,OC
96,311651,190.17,6720,SC,3425,CS,OC
97,255221,190.15,6737,MBCV,2,PM,MBCV
98,281422,190.15,6742,MBCV,2006,ES,MBCV
99,256648,190.11,6785,BCM,4,RP,BCM
100,204099,190.105,6787,BC,2006,FY,BC
101,278533,190.095,6795,BC,2719,IT,BC
102,350570,190.09,6798,BC,2711,EE,OC
103,222775,190.065,6821,BC,1,XM,OC
104,306188,190,6911,OC,2005,PR,OC
105,329821,190,6960,MBCV,1309,CS,MBCV
106,347969,190,6973,BC,2608,EC,OC
107,287064,190,6995,BC,2006,MY,BC
108,218073,190,7008,BC,5904,EC,OC
109,373800,190,7042,BC,5986,EC,OC
110,307749,190,7055,OC,2702,CT,OC
111,351183,190,7078,BC,1210,CO,OC
112,361296,190,7096,OC,5010,CS,OC
113,340104,190,7104,MBCV,1516,CS,MBCV
114,326840,190,7136,BCM,1317,BT,BCM
115,320163,190,7199,BC,2702,EC,BC
116,234376,190,7211,BC,1317,AL,BC
117,284476,190,7216,BC,5910,AD,OC
118,358689,190,7251,BC,2711,AD,BC
119,367803,190,7273,BC,1304,EC,BC
120,348335,190,7293,BC,2712,ME,OC
121,261912,190,7345,SC,4,AU,SC
122,259882,190,7362,OC,1422,CS,OC
123,222736,190,7421,BC,5910,CB,OC
124,302871,190,7429,BC,2702,BM,OC
125,287415,190,7445,BC,1211,EE,OC
126,245741,190,7450,MBCDNC,1315,CE,MBCDNC
127,293393,190,7452,BC,3819,CS,OC
128,279361,190,7462,BC,1112,CS,BC
129,357851,190,7470,BC,2,AP,BC
130,260257,190,7484,OC,3011,BT,OC
131,313727,190,7489,OC,1450,ME,OC
132,325726,189.99,7518,SC,2,PP,SC
133,330813,189.955,7549,MBCV,2603,CS,MBCV
134,269806,189.955,7555,BC,1118,CS,OC
135,270106,189.9,7597,OC,4678,CS,OC
136,309486,189.82,7688,BCM,2,LE,OC
137,223813,189.8,7714,MBCV,2,PP,MBCV
138,320624,189.78,7732,BC,2706,AD,OC
139,341338,189.78,7739,BC,1317,EC,BC
140,259292,189.78,7740,BC,1304,EC,BC
141,229314,189.76,7756,BC,1026,CS,OC
142,253589,189.725,7802,BC,1211,BM,BC
143,285208,189.715,7814,MBCDNC,3830,CS,OC
144,355527,189.69,7838,BC,2764,CS,OC
145,271983,189.68,7854,BC,4962,CS,BC
146,279729,189.66,7877,MBCV,2005,PR,OC
147,285242,189.635,7906,SC,2005,EE,SC
148,206452,189.615,7912,MBCV,1113,IT,MBCV
149,254919,189.6,7930,BC,2711,EC,BC
150,205550,189.585,7939,MBCDNC,2711,CS,MBCDNC
151,260403,189.58,7951,BC,1317,EC,BC
152,216678,189.505,8021,BC,2615,MT,OC
153,341613,189.5,8029,BC,2025,EC,BC
154,290561,189.5,8068,BCM,1399,EC,BCM
155,272056,189.5,8099,BC,1516,CS,BC
156,281662,189.5,8118,BC,4,RP,BC
157,288074,189.5,8176,MBCV,1211,EC,MBCV
158,347016,189.5,8200,OC,2,CR,OC
159,340938,189.5,8232,BC,3805,CS,OC
160,334114,189.49,8350,BCM,1516,CS,BCM
161,222710,189.47,8378,MBCV,2709,IT,MBCV
162,297046,189.37,8474,BC,2711,EC,BC
163,339907,189.36,8487,MBCV,3011,IT,OC
164,326901,189.33,8513,BC,2711,EC,BC
165,263242,189.33,8521,BC,2608,EC,OC
166,214702,189.295,8569,BC,2702,EC,BC
167,320490,189.26,8623,MBCV,1516,EC,OC
168,325988,189.205,8682,BCM,4960,CS,BCM
169,227220,189.205,8689,MBC,2005,CE,MBC
170,278575,189.2,8692,MBCV,2601,EC,OC
171,258135,189.175,8727,BC,3011,IT,OC
172,361919,189.17,8728,SC,2,CL,SC
173,318416,189.155,8739,MBC,2711,EC,MBC
174,267884,189.12,8781,BC,2702,EC,BC
175,317532,189.095,8825,SC,2615,EC,SC
176,241894,189.085,8827,BC,2711,EC,BC
177,249275,189.065,8853,BC,3011,BT,BC
178,295737,189.04,8879,BC,2702,AL,OC
179,262624,189.035,8883,BC,2722,IT,BC
180,228736,189.03,8891,BC,2,PP,BC
181,281476,189.01,8915,BC,5986,IT,OC
182,305179,189.01,8920,BC,4678,CS,OC
183,373801,189,8928,BCM,5901,CE,OC
184,295290,189,9035,BC,1317,BT,BC
185,280395,189,9058,BC,2,PP,BC
186,336504,189,9086,BC,2722,AD,BC
187,338376,189,9087,BC,1317,BT,BC
188,280684,189,9170,MBCV,1113,CB,MBCV
189,346983,189,9173,BC,2764,CS,OC
190,362131,189,9211,BC,1422,EE,OC
191,342810,188.955,9280,BC,1516,EC,OC
192,245284,188.92,9309,BC,2719,IT,BC
193,214996,188.845,9405,BC,2702,AL,OC
194,303999,188.835,9409,MBCDNC,5008,MF,MBCDNC
195,340758,188.75,9516,MBCV,1219,EE,MBCV
196,285515,188.75,9517,MBCDNC,3465,EC,OC
197,221538,188.735,9539,BCM,2005,CE,BCM
198,213249,188.725,9547,SC,2729,AE,OC
199,371228,188.725,9554,BC,1422,IT,OC
200,306470,188.725,9558,MBCV,2006,PR,MBCV
201,207516,188.67,9611,MBCV,1149,CS,OC
202,297107,188.67,9612,MBCDNC,2603,CS,MBCDNC
203,260241,188.67,9621,BC,2739,CS,BC
204,309545,188.61,9701,BC,3465,CS,BC
205,211620,188.55,9775,BC,1516,CS,BC
206,213059,188.525,9798,BC,1113,EE,OC
207,244875,188.5,9856,BC,1304,BM,BC
208,243441,188.5,9961,BC,1112,CS,BC
209,331798,188.5,9980,MBCDNC,2708,EE,OC
210,286530,188.5,9994,OC,1211,CH,OC
211,343552,188.485,10079,BC,4960,BT,OC
212,354051,188.44,10133,OC,1216,BM,OC
213,241609,188.405,10186,BC,2702,EC,BC
214,290539,188.395,10199,BC,2711,EC,BC
215,246164,188.395,10206,BC,2702,AD,BC
216,314465,188.375,10239,BC,2702,EC,BC
217,266705,188.375,10241,MBCV,2006,MS,MBCV
218,313529,188.36,10260,BC,2377,CE,BC
219,286471,188.35,10269,MBC,2704,IT,OC
220,259999,188.35,10273,MBCV,2,PP,MBCV
221,327613,188.34,10286,BC,2711,EC,BC
222,218860,188.32,10312,MBC,1304,IT,MBC
223,263572,188.305,10331,BC,1516,CS,BC
224,223886,188.295,10334,BC,2716,AE,OC
225,219519,188.295,10335,BC,1450,EE,OC
226,268217,188.295,10337,SC,2007,IM,SC
227,268978,188.295,10345,BC,1321,MN,OC
228,369110,188.295,10346,MBCV,3011,CS,MBCV
229,303301,188.24,10404,BC,2702,EC,BC
230,275706,188.22,10423,MBC,4960,EC,OC
231,246708,188.21,10437,MBCDNC,3465,CS,MBCDNC
232,252627,188.185,10461,BC,1304,EC,BC
233,203734,188.185,10473,BC,1317,EC,BC
234,216518,188.165,10496,BC,2702,BT,BC
235,215802,188.15,10519,BC,2702,EC,BC
236,247135,188.13,10545,BC,2006,TX,BC
237,310158,188.11,10562,MBCDNC,4974,EC,MBCDNC
238,263006,188.095,10600,MBCDNC,1516,CS,MBCDNC
239,299695,188.08,10612,BC,5986,IT,OC
240,373720,188.07,10628,BC,2006,PS,OC
241,295263,188.045,10658,BC,4974,EE,OC
242,215196,188.035,10684,BC,1128,CS,OC
243,212333,188,10718,BC,4023,EC,OC
244,316796,188,10777,MBCDNC,2702,AD,MBCDNC
245,292510,188,10799,BC,2,PP,BC
246,215039,188,10859,MBCV,1419,AD,MBCV
247,292109,188,10869,BC,5,AM,OC
248,299055,188,10895,BC,2722,AD,BC
249,287801,188,10943,BC,5986,IT,OC
250,346662,188,10947,BC,2005,CE,BC
251,202663,188,10957,OC,1120,CS,OC
252,246370,188,10976,MBCDNC,1422,EC,OC
253,292988,188,10991,ST,2,CH,ST
254,247286,187.965,11064,BC,2005,CE,BC
255,251372,187.945,11085,BC,2722,EC,OC
256,201469,187.945,11087,BC,1304,EC,BC
257,332523,187.935,11095,BC,2,AP,BC
258,267151,187.9,11146,BCM,1211,EC,BCM
259,314129,187.88,11164,BC,4023,EC,OC
260,312631,187.875,11166,MBCDNC,2702,CS,MBCDNC
261,319204,187.86,11189,MBCV,1317,IT,MBCV
262,218088,187.855,11197,BC,2709,IT,BC
263,349640,187.83,11236,BC,5910,IT,OC
264,263451,187.825,11243,BC,2711,EC,BC
265,205898,187.825,11247,MBC,2702,EC,MBC
266,337192,187.79,11279,MBCV,1211,EC,MBCV
267,369457,187.76,11323,SC,5008,CE,SC
268,347409,187.75,11347,BC,2722,IT,BC
269,326063,187.745,11357,SC,2377,EC,SC
270,224778,187.725,11369,BC,2702,CB,BC
271,206519,187.69,11424,BC,1304,EC,BC
272,301894,187.68,11431,MBCDNC,1015,EC,OC
273,362672,187.68,11435,BC,5901,EE,BC
274,246009,187.67,11459,MBCDNC,2,PP,MBCDNC
275,281206,187.635,11504,MBCV,2710,IT,OC
276,270452,187.605,11536,BCM,2377,ME,BCM
277,312071,187.56,11602,BC,1432,CS,BC
278,212274,187.55,11616,MBC,2711,EC,MBC
279,323109,187.535,11630,BC,1516,CS,BC
280,205989,187.53,11636,BC,2764,BM,OC
281,291031,187.5,11703,OC,1422,CS,OC
282,305287,187.5,11747,MBCDNC,5986,EC,OC
283,279401,187.5,11770,BC,2006,PS,OC
284,235911,187.5,11776,OC,1113,CD,OC
285,283330,187.5,11779,BC,2007,CN,BC
286,362134,187.5,11798,BC,2704,CS,OC
287,305154,187.5,11880,BC,5910,EC,OC
288,243126,187.475,11958,MBCDNC,1304,EC,MBCDNC
289,254553,187.47,11968,BC,1516,EC,OC
290,234359,187.47,11972,MBC,3819,EC,OC
291,240854,187.47,11974,MBC,1321,PA,OC
292,324848,187.47,11976,MBC,2718,EE,MBC
293,350874,187.45,11999,BC,1112,IT,OC
294,218973,187.44,12006,BC,1149,IT,OC
295,296469,187.41,12047,MBCV,2005,ME,MBCV
296,226276,187.405,12064,BC,4960,EC,OC
297,313628,187.405,12065,SC,5008,EM,SC
298,280927,187.395,12068,BC,1210,IT,OC
299,275726,187.375,12100,BC,1304,EC,BC
300,370031,187.365,12107,BC,5008,CN,BC
301,222907,187.36,12119,SC,1211,CS,SC
302,260074,187.355,12124,BC,1419,EC,BC
303,374727,187.32,12174,SC,2005,ME,SC
304,361889,187.32,12181,MBCV,1210,EC,OC
305,367907,187.3,12202,BC,3464,CS,OC
306,271213,187.295,12204,BC,1317,EC,BC
307,216364,187.285,12227,SC,1211,BM,SC
308,317111,187.275,12253,SC,2005,EE,SC
309,257759,187.24,12304,BC,3465,CS,BC
310,316769,187.23,12313,MBCV,2702,CS,MBCV
311,267178,187.21,12343,BC,2603,EC,OC
312,249334,187.205,12350,BC,4962,CS,BC
313,344539,187.205,12352,MBC,5901,CE,OC
314,312411,187.195,12365,MBCDNC,1419,IT,MBCDNC
315,276417,187.19,12370,SC,2007,EM,SC
316,217814,187.185,12388,MBCV,2718,EC,MBCV
317,237671,187.16,12404,BC,2722,EC,OC
318,273574,187.155,12411,BC,1219,CH,OC
319,208520,187.155,12412,BCM,4960,IT,BCM
320,304008,187.155,12419,MBCDNC,1,PT,MBCDNC
321,248569,187.12,12458,BC,2618,AD,OC
322,232592,187.12,12463,SC,2610,BM,OC
323,211507,187.105,12486,BC,3011,CS,BC
324,351408,187.1,12494,SC,5008,CM,SC
325,211871,187.1,12498,BC,5901,EE,BC
326,279497,187.035,12585,BC,2025,EE,OC
327,297677,187.03,12595,MBCV,3011,CE,OC
328,226207,187.03,12600,MBC,5008,CN,MBC
329,288389,187.01,12617,BC,3819,CS,OC
330,208254,187.01,12621,BC,2739,CS,BC
331,326160,187,12681,OC,1321,MN,OC
332,300401,187,12728,BC,1113,ME,OC
333,291134,187,12751,OC,2,TX,OC
334,203507,187,12770,BC,1432,CS,BC
335,243521,187,12772,BC,2618,CS,OC
336,282014,187,12783,SC,2377,EC,SC
337,326870,187,12793,BC,1,XM,OC
338,208584,187,12811,OC,1419,CJ,OC
339,258891,187,12862,BC,1211,BM,BC
340,278956,187,12879,SC,5008,CE,SC
341,342407,186.975,12904,OC,1128,AD,OC
342,334449,186.955,12934,BC,2603,EC,OC
343,315403,186.955,12936,BC,2702,BT,BC
344,310757,186.955,12940A,BC,2708,CS,OC
345,212221,186.945,12952,BC,2723,IT,OC
346,317039,186.935,12964,BC,1211,BT,BC
347,365391,186.925,12978,BC,3803,CS,OC
348,242803,186.89,13030,BC,5901,EE,BC
349,346810,186.865,13064,BC,2747,EC,OC
350,363662,186.855,13080,BC,3843,EC,OC
351,346048,186.835,13107,BCM,4994,CS,OC
352,327304,186.835,13118,MBCDNC,3011,BT,MBCDNC
353,315686,186.82,13133,BC,2025,EC,BC
354,266540,186.815,13139,BC,1309,EC,OC
355,317077,186.815,13149,BC,2735,EC,OC
356,299125,186.81,13157,BCM,1516,CS,BCM
357,261975,186.79,13181,SC,5008,EE,SC
358,305028,186.79,13187,BC,2719,IT,BC
359,314089,186.78,13215,MBCV,5901,EE,MBCV
360,207771,186.76,13222,BC,2608,CS,OC
361,324780,186.76,13234,BC,2610,CY,OC
362,360015,186.725,13276,BC,1306,AD,OC
363,258536,186.715,13298,MBCV,2,PP,MBCV
364,319984,186.705,13318,MBCV,1516,CS,MBCV
365,283652,186.7,13329,BC,1112,IT,OC
366,232491,186.685,13350,OC,1112,EC,OC
367,241487,186.68,13354,OC,2719,EC,OC
368,270297,186.68,13359,BC,3011,CS,BC
369,273622,186.635,13428,BC,1516,EE,OC
370,352841,186.59,13483,MBCDNC,5901,EE,MBCDNC
371,219206,186.585,13488,MBCV,2025,EC,MBCV
372,359643,186.585,13491,OC,1211,EE,OC
373,350041,186.58,13498,BC,2702,EC,BC
374,271509,186.56,13527,SC,3819,ME,OC
375,222309,186.56,13531,OC,4960,BT,OC
376,315767,186.51,13598,BC,1324,CS,BC
377,304352,186.5,13630,BC,2005,PR,OC
378,280027,186.5,13659,SC,5008,EE,SC
379,300446,186.5,13675,BC,2006,MY,BC
380,278199,186.5,13707,BCM,2722,IT,BCM
381,291982,186.5,13745,BC,4974,EE,OC
382,284842,186.5,13748,OC,2005,PR,OC
383,289405,186.5,13779,BC,2718,CJ,BC
384,362227,186.5,13790,OC,1450,EE,OC
385,281556,186.5,13804,BC,1419,AD,BC
386,290647,186.5,13813,SC,5,EC,OC
387,368882,186.495,13820,BC,4962,CS,BC
388,253664,186.495,13824,MBC,3465,CS,MBC
389,202895,186.49,13839,BC,2702,EC,BC
390,220800,186.45,13891,BC,2005,PR,OC
391,354767,186.44,13901,BC,5901,EE,BC
392,324264,186.44,13909,BC,2712,ME,BC
393,230338,186.43,13924,BC,1324,CS,BC
394,255195,186.42,13937,BC,1211,EE,OC
395,356381,186.415,13948,MBCV,2369,CS,OC
396,342616,186.395,13972,MBCV,1317,IT,MBCV
397,288489,186.395,13974,SC,2007,EM,SC
398,231641,186.385,13985,BCM,1317,EC,BCM
399,245912,186.38,14004,OC,1216,IT,OC
400,255535,186.38,14008,SC,5901,CS,SC
401,283843,186.36,14022,OC,2709,EE,OC
402,233819,186.36,14027,BC,2702,AL,OC
403,220658,186.355,14034,BC,1321,MN,OC
404,363879,186.35,14041,MBCDNC,2005,CE,MBCDNC
405,255568,186.34,14057,BC,3830,CS,OC
406,209416,186.295,14128,MBCV,3011,CS,MBCV
407,220873,186.275,14161,OC,2719,AD,OC
408,270797,186.265,14176,BC,1128,CS,OC
409,275287,186.265,14179,BC,1422,AD,BC
410,345477,186.25,14190,MBCV,2709,EC,OC
411,307991,186.24,14200,BC,4960,AD,BC
412,262644,186.23,14225,BC,2722,IT,BC
413,368534,186.21,14256,MBCDNC,2719,CS,MBCDNC
414,269907,186.205,14260,BC,1317,EC,BC
415,292878,186.175,14289,BC,2739,IT,OC
416,245507,186.155,14313,MBCV,2025,EC,MBCV
417,306555,186.135,14351,BC,3908,CS,OC
418,211872,186.11,14386,MBCV,2603,CS,MBCV
419,362317,186.11,14400,BC,5910,IT,OC
420,266573,186.045,14496,SCA,4,MF,SCA
421,228236,186.045,14505,SC,2726,AG,OC
422,274185,186.03,14533,BC,4678,CS,OC
423,220576,186.01,14567,BC,3018,EE,OC
424,329147,186,14577,BC,1422,CS,OC
425,281671,186,14603,BC,1210,CO,OC
426,363871,186,14607,BC,2722,AD,BC
427,289534,186,14631,BC,1324,CS,BC
428,307654,186,14640,BC,1419,EC,BC
429,302994,186,14667,SC,2712,EC,SC
430,370268,186,14668,BC,2025,ME,OC
431,207196,186,14693,BC,2719,IT,BC
432,219520,186,14710,BC,1419,EC,BC
433,273053,186,14714,OC,2750,BT,OC
434,226542,186,14722,SC,2,CL,SC
435,286858,186,14731,MBCDNC,4,RP,MBCDNC
436,278333,186,14734,OC,1211,EE,OC
437,343755,186,14744,BC,2,CR,OC
438,289725,186,14746,OC,1422,IT,OC
439,355935,186,14759,BC,1317,EC,BC
440,279490,186,14760A,MBCV,5,CS,OC
441,203689,185.995,14789,BC,1317,EC,BC
442,252327,185.995,14790,BCM,2653,CS,OC
443,335075,185.99,14792,BC,2715,AD,OC
444,243053,185.99,14793,BC,2706,CS,OC
445,246496,185.99,14794,OC,2702,EE,OC
446,221467,185.99,14795,BC,1422,CS,OC
447,229167,185.99,14796,MBC,1324,CS,MBC
448,326550,185.99,14797,BC,2723,CS,OC
449,245672,185.99,14798,BC,5008,CN,BC
450,230537,185.99,14800,BC,4974,EE,OC
451,252184,185.99,14801,BC,3011,IT,OC
452,207755,185.99,14803,MBCV,2718,EC,MBCV
453,238498,185.99,14805,BC,5008,CN,BC
454,227502,185.99,14806,SC,1516,EC,OC
455,300995,185.99,14807,BC,1317,EC,BC
456,228769,185.99,14808,MBC,1112,AL,OC
457,324938,185.985,14809,BC,2702,EC,BC
458,208476,185.985,14814,BC,1216,CS,OC
459,219214,185.985,14816,BC,3830,CS,OC
460,260073,185.98,14817,MBCDNC,2712,SE,MBCDNC
461,205776,185.98,14818,BC,2750,AD,OC
462,235533,185.98,14822,BC,2006,PS,OC
463,279338,185.98,14824,BC,3465,CS,BC
464,352089,185.98,14825,BC,1324,CS,BC
465,245435,185.98,14826,BC,2006,TX,BC
466,367369,185.975,14827,SC,1,PT,SC
467,357085,185.975,14828,MBCDNC,2006,IY,MBCDNC
468,256130,185.975,14830,OC,2709,EC,OC
469,367666,185.975,14831,BC,2702,EC,BC
470,320751,185.975,14834,BC,4962,CS,BC
471,243312,185.975,14836,MBC,2007,MF,MBC
472,294552,185.97,14837,BC,3807,CS,OC
473,239304,185.97,14838,MBCV,2005,IB,MBCV
474,204637,185.97,14840,BC,2702,EC,BC
475,295113,185.97,14843,SCA,2377,EC,SCA
476,238549,185.97,14845,BC,2702,EC,BC
477,290445,185.965,14847,MBCV,3801,CS,OC
478,318055,185.965,14848,BC,2702,EC,BC
479,227090,185.965,14850,BC,1210,AD,OC
480,347783,185.965,14852,BC,2603,EC,OC
481,210525,185.965,14853,BC,2702,FD,OC
482,280661,185.965,14854,BC,2712,ME,BC
483,301064,185.96,14855,SC,2712,CS,SC
484,256209,185.96,14856,BC,2,TX,OC
485,230740,185.96,14857,MBCDNC,1317,IT,MBCDNC
486,250786,185.955,14858,MBCDNC,1149,CS,OC
487,346280,185.955,14860,MBCV,2603,CS,MBCV
488,289703,185.955,14861,MBCDNC,2007,CE,MBCDNC
489,243159,185.955,14862,MBCV,1516,CS,MBCV
490,350082,185.955,14863,BCM,1211,EC,BCM
491,292966,185.955,14864,BC,3464,CS,OC
492,251285,185.955,14865,BC,1303,AD,OC
493,316968,185.955,14866,BC,4954,CS,OC
494,251459,185.955,14867,BC,4960,EC,BC
495,251479,185.955,14868,BCM,1304,BM,BCM
496,222351,185.955,14869,BC,3464,CS,OC
497,240368,185.955,14870,BC,2005,CE,BC
498,204981,185.955,14871,MBCDNC,2007,ME,MBCDNC
499,201162,185.955,14872,BC,4962,IT,OC
500,228889,185.955,14873,BC,4024,EC,OC
501,286103,185.955,14874,BC,4960,EC,BC
502,229366,185.955,14875,MBCV,2718,EC,MBCV
503,230730,185.955,14876,OC,2702,SE,OC
504,252587,185.955,14877,BC,2702,EC,BC
505,263840,185.955,14878,BC,2711,EC,BC
506,270337,185.955,14879,BC,2711,AD,BC
507,321954,185.955,14880,BC,2722,IT,BC
508,281168,185.955,14882,BC,2702,EC,BC
509,335915,185.955,14883,BC,2608,CS,OC
510,224087,185.95,14884,BC,3011,BT,BC
511,329744,185.95,14885,MBCDNC,2715,BM,OC
512,289284,185.95,14886,BC,2722,IT,BC
513,247999,185.945,14888,BC,1114,CS,OC
514,312954,185.945,14889,BC,1120,CS,OC
515,275563,185.945,14890,BC,5901,EE,BC
516,341702,185.945,14893,BC,2620,BM,OC
517,373065,185.94,14894,MBCDNC,2006,PR,MBCDNC
518,267464,185.935,14895,MBC,2711,CD,OC
519,276000,185.935,14896,MBCDNC,3760,AG,OC
520,216420,185.935,14897,BC,2702,EC,BC
521,285770,185.935,14898,MBCV,1304,CS,MBCV
522,247591,185.935,14899,SC,2615,MT,OC
523,213715,185.935,14900,BC,2711,MZ,OC
524,256148,185.935,14901,BC,2702,EC,BC
525,292859,185.935,14902,BC,1211,BT,BC
526,235362,185.935,14903,BC,4974,CE,OC
527,306651,185.935,14904,BC,2710,IT,OC
528,227742,185.935,14906,BC,1211,BT,BC
529,305843,185.935,14910,BC,1211,EE,OC
530,204516,185.93,14911,BC,2712,MZ,BC
531,333035,185.93,14912,BC,2712,ME,BC
532,353565,185.93,14913,BC,3826,CS,OC
533,248914,185.93,14915,OC,1422,CY,OC
534,255166,185.925,14917,BC,2707,IT,OC
535,235886,185.925,14918,OC,2751,CS,OC
536,333587,185.925,14920,BC,2661,IT,OC
537,201805,185.925,14921,BC,1321,PA,OC
538,368947,185.925,14922,BC,2603,EC,OC
539,238265,185.925,14923,BC,2712,ME,BC
540,231215,185.925,14925,BC,2734,CS,OC
541,315115,185.925,14926,SC,2,FS,SC
542,261248,185.925,14927,BC,4960,EC,BC
543,264785,185.925,14929,BC,3011,IT,OC
544,339417,185.92,14930,SC,1516,CS,SC
545,241983,185.92,14931,BC,2615,CE,OC
546,215992,185.92,14932,BC,1120,CS,OC
547,248445,185.92,14933,BC,2006,FY,BC
548,325174,185.92,14935,BC,2702,EE,OC
549,254061,185.92,14938,MBCV,2025,EC,MBCV
550,255543,185.92,14939,BC,2702,EC,BC
551,211983,185.92,14941,BC,2722,AD,BC
552,343377,185.92,14942,BC,2764,CS,OC
553,350585,185.92,14943,BC,2709,EC,OC
554,297433,185.92,14944,BC,2711,EC,BC
555,280740,185.92,14945,MBCDNC,1412,CS,OC
556,222325,185.92,14946,MBC,1408,CS,OC
557,327175,185.92,14949,BC,1419,AD,BC
558,312400,185.91,14951,BC,2005,CE,BC
559,311100,185.91,14952,MBCDNC,1412,IT,OC
560,228721,185.91,14954,BC,2727,AG,OC
561,221498,185.91,14955,OC,3011,IT,OC
562,218628,185.905,14956,BC,2615,CE,OC
563,271695,185.9,14957,BC,1113,EE,OC
564,222008,185.9,14958,BC,5901,EE,BC
565,306145,185.9,14959,MBCV,2,PM,MBCV
566,267825,185.9,14960,BC,4960,EC,BC
567,207895,185.9,14961,BC,1419,AD,BC
568,241780,185.9,14962,OC,1216,CS,OC
569,282076,185.9,14964,MBCDNC,2006,PN,MBCDNC
570,263592,185.9,14966,BC,1304,EC,BC
571,269582,185.9,14967,MBCDNC,5532,CS,OC
572,272116,185.9,14968,BC,4980,CS,OC
573,229657,185.9,14969,BC,2,CR,OC
574,259367,185.9,14973,BCM,5986,CS,BCM
575,277821,185.9,14974,SC,2006,CE,SC
576,231330,185.89,14976,BC,2739,CS,BC
577,246636,185.89,14977,BC,2,TX,BC
578,286935,185.89,14979,BC,3826,CS,OC
579,205536,185.89,14980,BC,1419,EC,BC
580,252051,185.89,14981,BC,2702,EC,BC
581,272499,185.89,14982,BC,2615,MT,OC
582,265764,185.89,14983,BC,2618,EC,OC
583,354636,185.89,14984,MBCV,2709,IT,MBCV
584,274624,185.89,14985,BCM,2618,CS,OC
585,236963,185.89,14986,BC,4974,EE,OC
586,232812,185.885,14987,BC,2622,EC,OC
587,315147,185.88,14992,BC,2711,EC,BC
588,227822,185.875,14994,BC,5986,IT,OC
589,225468,185.875,14995,BC,2739,CS,BC
590,202948,185.87,14997,BC,2722,IT,BC
591,211770,185.87,14998,BC,2719,BM,OC
592,205267,185.87,14999,MBCV,1149,CS,OC
593,215450,185.87,15000,BC,3830,CS,OC
594,240558,185.87,15001,MBCV,2702,CS,MBCV
595,262477,185.87,15003,BC,2718,CJ,BC
596,275352,185.865,15005,BC,2722,IT,BC
597,201189,185.865,15007,BC,2711,EC,BC
598,232793,185.865,15008,BC,4965,EC,OC
599,211710,185.865,15009,BC,2622,ME,OC
600,227507,185.865,15010,BC,1505,CS,OC
601,316090,185.865,15011,BC,2702,SE,OC
602,229451,185.865,15012,BC,2702,AL,OC
603,249071,185.865,15013,BC,1219,ME,OC
604,335336,185.865,15015,MBC,5901,ME,OC
605,368233,185.86,15016,MBCV,1,PT,MBCV
606,264434,185.86,15017,BC,1321,PA,OC
607,215413,185.86,15018,BC,2622,IT,OC
608,205695,185.86,15019,BC,1211,EE,OC
609,248760,185.86,15022,BC,1112,IT,OC
610,374028,185.86,15023,MBCV,2718,AD,MBCV
611,315385,185.855,15025,MBCV,1516,EC,OC
612,238829,185.855,15026,BC,1324,CS,BC
613,319819,185.855,15027,BC,2702,BT,BC
614,295193,185.855,15028,BC,1399,ME,OC
615,235262,185.855,15029,MBCV,2007,CE,MBCV
616,291502,185.855,15030,BC,1219,CH,OC
617,307451,185.855,15031,BC,5901,CE,OC
618,243564,185.845,15034,BC,1422,AD,BC
619,285346,185.845,15035,BC,1307,EC,OC
620,345683,185.845,15036,MBCV,2610,CS,OC
621,263673,185.845,15037,MBCDNC,5901,EE,MBCDNC
622,302223,185.845,15039,OC,2719,EE,OC
623,233264,185.845,15040,BC,2622,EE,OC
624,243589,185.845,15041,MBCDNC,2005,CE,MBCDNC
625,353360,185.845,15042,BC,4934,CS,OC
626,363059,185.845,15043,MBCDNC,2708,FD,OC
627,309360,185.845,15045,BC,2618,CS,OC
628,205451,185.845,15046,MBCV,1317,IT,MBCV
629,342730,185.845,15048,MBCV,2,PM,MBCV
630,322015,185.845,15049,OC,1211,FD,OC
631,200181,185.845,15050,MBC,1210,IT,OC
632,274958,185.845,15051,MBCV,2718,EC,MBCV
633,261244,185.835,15054,BC,4960,AD,BC
634,211586,185.835,15055,MBCDNC,1317,IT,MBCDNC
635,233801,185.835,15056,BC,1210,IT,OC
636,226469,185.835,15057,BC,2622,EC,OC
637,255838,185.835,15059,BC,2718,CJ,BC
638,255784,185.835,15060,MBCDNC,2711,CH,OC
639,275439,185.835,15062,BC,2702,CB,BC
640,213825,185.835,15064,BC,2722,EC,OC
641,238926,185.825,15065,MBCV,1,XC,MBCV
642,285808,185.825,15066,BC,5901,EE,BC
643,208098,185.825,15067,BC,1432,AD,OC
644,200606,185.825,15069,BC,1516,EC,OC
645,303168,185.825,15070,BC,1523,IT,OC
646,334035,185.825,15071,OC,3826,IT,OC
647,313160,185.825,15072,BC,2711,AD,BC
648,228981,185.825,15076,BC,1210,EC,OC
649,248739,185.825,15078,BC,3465,CS,BC
650,332855,185.825,15079,BC,2712,MZ,BC
651,269727,185.825,15083,SC,2006,MF,SC
652,290487,185.82,15085,MBC,2607,AD,OC
653,247966,185.815,15086,BC,3819,CS,OC
654,282596,185.815,15087,BC,1419,EE,OC
655,259033,185.815,15088,BC,5901,EE,BC
656,259007,185.815,15089,MBCDNC,5901,CE,OC
657,227643,185.815,15090,BC,1128,CS,OC
658,293297,185.815,15091,BC,2739,CS,BC
659,338291,185.815,15092,BC,2702,EC,BC
660,329071,185.815,15093,MBC,1324,CS,MBC
661,333287,185.815,15094,MBCV,2005,ME,MBCV
662,294092,185.815,15095,BC,2607,AD,OC
663,219908,185.815,15096,BC,3819,CS,OC
664,233005,185.81,15098,BC,1422,CS,OC
665,280156,185.81,15099,BC,2727,CS,OC
666,232966,185.81,15101,BC,1419,EC,BC
667,254191,185.81,15103,MBCV,1419,EC,MBCV
668,246926,185.81,15104,BC,4023,IT,OC
669,318758,185.81,15105,BC,2719,IT,BC
670,227655,185.81,15107,SC,5901,CS,SC
671,333727,185.81,15108,BC,1210,IT,OC
672,229959,185.81,15110,SC,2006,MF,SC
673,263252,185.805,15113,MBCDNC,5530,EC,OC
674,208042,185.8,15114,BC,5910,EE,OC
675,205299,185.8,15115,SC,1304,CS,SC
676,294793,185.8,15116,BC,4962,CS,BC
677,301981,185.8,15117,BC,1113,CB,BC
678,281106,185.795,15119,BC,2702,EC,BC
679,281583,185.795,15120,BC,5986,IT,OC
680,202511,185.79,15121,BC,4020,EC,OC
681,217128,185.79,15123,BC,4960,EC,BC
682,317366,185.79,15124,BC,2702,EC,BC
683,308023,185.79,15125,BC,3465,CS,BC
684,270647,185.79,15126,MBCDNC,1219,BT,MBCDNC
685,202069,185.79,15127,BC,1324,AD,OC
686,223712,185.79,15128,MBCV,4,RP,MBCV
687,316426,185.79,15129,BC,2739,CS,BC
688,234835,185.79,15130,BC,2702,BT,BC
689,317385,185.79,15131,SC,1,MN,SC
690,263316,185.78,15132,SC,2006,IY,SC
691,211214,185.78,15133,BC,5910,CS,OC
692,289281,185.78,15136,BC,2722,AD,BC
693,372988,185.78,15137,BC,3011,PH,OC
694,285674,185.78,15138,BC,2702,BM,OC
695,267991,185.78,15140,MBCV,1211,AL,MBCV
696,337671,185.78,15142,BC,2610,CS,OC
697,257969,185.78,15145,BC,1113,EE,BC
698,221484,185.78,15146,BC,2735,CS,OC
699,294742,185.78,15147,BC,4999,AD,OC
700,316256,185.78,15148,BC,2610,EC,OC
701,258501,185.78,15149,SC,2615,EC,SC
702,254430,185.78,15152,BC,3819,IT,OC
703,231948,185.78,15155,BC,1149,CS,OC
704,225739,185.78,15156,MBCV,2739,CS,MBCV
705,235289,185.78,15158,BC,2719,EC,OC
706,311913,185.775,15161,OC,2702,CT,OC
707,264601,185.775,15162,BC,2739,CS,BC
708,280747,185.77,15163,SC,2615,CS,SC
709,333522,185.77,15164,MBCDNC,2709,IT,MBCDNC
710,210314,185.77,15165,MBCDNC,1304,AD,MBCDNC
711,349511,185.77,15166,BC,5901,EE,BC
712,250152,185.76,15167,MBCV,1450,EC,MBCV
713,201709,185.76,15169,BC,5986,IT,OC
714,206492,185.76,15170,MBCV,2702,AG,OC
715,308908,185.76,15171,BC,2005,CE,BC
716,251623,185.76,15172,BC,5901,EE,BC
717,212261,185.755,15173,MBCV,1216,EC,OC
718,323348,185.755,15174,OC,1113,CD,OC
719,315936,185.755,15175,BC,2749,AG,OC
720,261875,185.755,15176,SC,5008,EM,SC
721,268256,185.755,15180,MBCV,1026,CS,OC
722,264847,185.755,15182,SC,2615,EC,SC
723,243106,185.755,15183,BC,3465,CS,BC
724,288345,185.755,15184,BC,2005,CE,BC
725,277107,185.75,15186,BC,2702,EC,BC
726,205583,185.75,15188,BC,1140,CS,OC
727,371460,185.75,15189,SC,3011,EE,OC
728,312460,185.75,15190,BC,2722,IT,BC
729,292517,185.745,15192,BC,1304,EC,BC
730,298603,185.745,15195,MBCDNC,2603,CS,MBCDNC
731,276526,185.745,15196,MBCV,2702,CS,MBCV
732,255769,185.745,15197,BC,2369,CS,OC
733,328422,185.745,15199,BC,1202,CS,OC
734,239122,185.745,15200,BC,1211,FD,OC
735,243155,185.735,15202,SC,2005,EE,SC
736,319093,185.735,15204,BC,1128,CS,OC
737,270811,185.735,15205,BC,1450,EE,OC
738,277382,185.735,15206,OC,4971,CS,OC
739,374862,185.735,15207,BC,1210,IT,OC
740,268172,185.735,15208,BC,2711,EC,BC
741,211345,185.735,15210,SC,2007,CM,SC
742,270102,185.735,15211,BC,1211,EE,OC
743,349077,185.735,15213,BC,2709,EC,BC
744,200912,185.725,15216,BC,2739,AD,OC
745,295450,185.725,15217,BC,4960,AD,BC
746,324228,185.725,15218,BC,2711,EC,BC
747,244773,185.725,15219,BC,1113,CB,BC
748,253942,185.725,15221,BC,1307,CS,OC
749,267832,185.725,15222,MBCV,2369,CS,OC
750,359658,185.725,15223,BC,1128,CS,OC
751,251225,185.725,15224,BC,4960,EC,BC
752,202206,185.725,15225,BC,2,CR,OC
753,338766,185.725,15226,MBCV,2,AP,MBCV
754,234613,185.725,15227,BC,2622,AD,OC
755,274761,185.725,15228,BC,2722,IT,BC
756,249767,185.725,15229,BC,5986,IT,OC
757,280221,185.725,15230,SC,4,PR,SC
758,273646,185.725,15231,BC,2739,IT,OC
759,270071,185.725,15232,BC,3011,CS,BC
760,235665,185.725,15234,MBCDNC,2712,EE,MBCDNC
761,226025,185.72,15235,MBCV,1516,EC,OC
762,210810,185.715,15236,MBCDNC,1419,CS,MBCDNC
763,305619,185.715,15237,MBCDNC,2005,IB,MBCDNC
764,301001,185.715,15238,MBCV,2718,CB,MBCV
765,351028,185.715,15239,BC,1237,EC,OC
766,252193,185.715,15241,MBCV,1211,AL,MBCV
767,314204,185.715,15242,MBCV,2710,AD,OC
768,258052,185.715,15243,MBCV,2377,CE,MBCV
769,218235,185.715,15244,BC,2025,EC,BC
770,327745,185.715,15245,BC,1432,CS,BC
771,281286,185.715,15246,BC,4023,CS,OC
772,315223,185.715,15247,MBCV,2005,CE,MBCV
773,349468,185.715,15248,BCM,5986,CS,BCM
774,323333,185.715,15249,SC,5901,CS,SC
775,238864,185.715,15250,MBCDNC,5,IT,OC
776,261927,185.71,15251,BC,2006,TX,BC
777,255635,185.71,15252,BC,1432,CS,BC
778,292328,185.71,15253,OC,1516,EC,OC
779,209499,185.71,15254,BC,2719,AE,OC
780,241984,185.71,15255,BC,2702,EC,BC
781,213990,185.71,15256,SC,5008,EE,SC
782,306448,185.705,15258,BC,2,LE,OC
783,321607,185.705,15260,MBC,2608,EC,OC
784,250514,185.705,15262,BC,2739,IT,OC
785,277867,185.7,15265,BC,2707,CS,OC
786,214364,185.7,15266,BC,2706,IT,OC
787,247136,185.7,15267,BC,2719,EC,OC
788,317199,185.7,15268,BC,4974,EE,OC
789,274461,185.7,15269,BC,2702,SE,OC
790,212529,185.7,15270,BC,1304,EC,BC
791,256644,185.7,15271,OC,4981,CS,OC
792,227512,185.7,15272,BC,2618,CS,OC
793,256970,185.695,15273,MBCDNC,1317,IT,MBCDNC
794,270844,185.695,15274,BC,2653,EC,OC
795,281959,185.695,15275,BC,2711,AD,BC
796,288943,185.695,15276,BC,5986,IT,OC
797,227208,185.69,15277,BC,1112,IT,BC
798,355718,185.69,15278,MBCDNC,2345,CS,OC
799,258356,185.69,15280,BC,4960,AD,BC
800,222066,185.69,15281,MBCV,2709,EE,OC
801,221800,185.69,15282,MBCV,1413,EC,OC
802,218013,185.69,15284,BC,2005,CE,BC
803,345179,185.69,15285,SC,2712,CS,SC
804,268337,185.69,15286,BC,4864,EC,OC
805,223034,185.69,15287,BC,3464,EC,OC
806,252080,185.685,15288,BC,4023,CS,OC
807,225604,185.685,15289,MBCV,1414,CS,OC
808,247792,185.685,15290,BC,2711,CD,OC
809,240657,185.685,15291,BC,2377,CE,BC
810,318808,185.68,15293,BC,1399,ME,OC
811,257234,185.68,15295,BC,2618,CS,OC
812,214502,185.68,15296,MBCV,1113,EC,MBCV
813,235195,185.68,15297,BC,2,CR,OC
814,283901,185.68,15299,BC,2622,BM,OC
815,311949,185.68,15300,BC,4864,EC,OC
816,290491,185.68,15301,MBC,1422,CS,OC
817,269091,185.68,15302,BC,1317,EC,BC
818,233668,185.68,15303,BC,2702,EC,BC
819,269900,185.68,15304,MBCDNC,5901,CE,OC
820,346135,185.68,15305,MBCDNC,1419,CS,MBCDNC
821,301627,185.67,15307,BC,2739,IT,OC
822,271909,185.67,15309,BCM,1210,CS,BCM
823,282446,185.67,15310,BC,2,TX,BC
824,290018,185.67,15311,BC,2005,PR,BC
825,209451,185.67,15312,OC,5010,CS,OC
826,243402,185.67,15314,BC,2618,CS,OC
827,262618,185.67,15315,OC,1128,CS,OC
828,268455,185.67,15316,SC,2005,EE,SC
829,206081,185.67,15317,BC,2739,IT,OC
830,203040,185.67,15319,MBCV,2702,CS,MBCV
831,215558,185.67,15320,MBC,2719,AD,OC
832,253344,185.67,15322,BC,1304,EC,BC
833,247767,185.67,15323,MBCDNC,2377,CE,MBCDNC
834,295902,185.67,15324,MBCDNC,2702,BT,MBCDNC
835,317117,185.67,15325,BC,4962,CS,BC
836,246123,185.67,15326,MBCV,3465,CS,MBCV
837,214211,185.67,15328,MBC,1399,EC,MBC
838,218559,185.67,15329,SC,2726,IT,OC
839,361558,185.665,15330,MBC,1419,CB,MBC
840,231031,185.66,15332,BC,2718,ME,OC
841,233571,185.66,15333,BC,1211,EE,OC
842,265075,185.66,15334,MBCV,2739,AD,OC
843,363766,185.66,15335,BC,1026,CS,BC
844,310256,185.66,15336,BC,2711,EC,BC
845,246272,185.655,15337,BC,4023,EC,OC
846,258231,185.655,15338,MBCV,1211,CD,MBCV
847,316808,185.65,15340,MBCDNC,2702,CS,MBCDNC
848,256671,185.65,15341,BC,1112,IT,BC
849,328712,185.65,15342,OC,1516,EE,OC
850,269256,185.65,15343,BC,1432,CS,BC
851,271960,185.65,15344,BC,1324,CS,BC
852,223276,185.65,15345,BC,5988,EC,OC
853,294369,185.65,15346,BC,2025,EC,BC
854,282337,185.65,15348,BC,3464,CS,OC
855,357275,185.65,15350,BC,2764,CS,OC
856,289929,185.65,15352,BC,2005,CE,BC
857,316815,185.65,15353,SC,1,MN,SC
858,205505,185.645,15354,BC,5901,CE,OC
859,223182,185.645,15355,BC,4023,EC,OC
860,362163,185.645,15356,MBCDNC,2603,CS,MBCDNC
861,276200,185.645,15358,BC,2741,EC,OC
862,261443,185.645,15359,BC,5901,ME,OC
863,233884,185.645,15360,BC,2,LE,OC
864,242422,185.645,15361,MBC,2711,AD,MBC
865,303222,185.645,15362,BC,4960,BM,OC
866,250122,185.64,15364,MBCV,1317,IT,MBCV
867,265341,185.64,15366,BC,2603,EC,OC
868,286317,185.64,15367,BC,5901,EE,BC
869,367796,185.64,15368,BC,1311,CS,OC
870,298391,185.64,15369,MBCV,2613,CS,OC
871,315162,185.64,15372,MBCV,2709,EC,MBCV
872,212285,185.64,15373,MBCDNC,4971,EC,OC
873,355849,185.635,15375,BC,2715,EC,OC
874,248779,185.635,15376,MBCV,2711,CS,MBCV
875,230590,185.635,15377,BC,1210,IT,OC
876,333864,185.635,15378,MBCV,2618,CS,OC
877,290353,185.635,15380,OC,1149,CS,OC
878,232532,185.635,15381,BC,2736,CS,OC
879,247762,185.635,15382,BC,1432,CS,BC
880,270921,185.635,15383,BCM,1504,IT,OC
881,243796,185.635,15385,BC,1113,CD,OC
882,258407,185.635,15386,SC,5008,IM,SC
883,272181,185.635,15388,BC,2711,AL,OC
884,218534,185.63,15390,BC,2702,CB,BC
885,313902,185.625,15391,BC,2620,CS,OC
886,238012,185.625,15392,BC,2357,CE,OC
887,249718,185.625,15394,OC,1112,EC,OC
888,292918,185.625,15395,BC,2,CR,OC
889,294098,185.625,15396,BC,2603,EC,OC
890,279015,185.625,15397,BC,2653,CS,OC
891,258059,185.625,15400,BC,2702,EC,BC
892,237571,185.625,15402,MBCDNC,5008,CN,MBCDNC
893,318661,185.615,15403,BC,1516,EC,OC
894,270470,185.615,15404,BC,1317,EC,BC
895,320207,185.615,15405,OC,2710,ME,OC
896,304514,185.615,15406,BC,1211,EE,OC
897,233272,185.615,15407,BC,2712,ME,BC
898,243310,185.615,15408,BC,3464,CS,OC
899,243431,185.615,15410,BC,1026,CS,BC
900,239017,185.615,15413,BC,2711,CH,OC
901,203286,185.615,15419,BCM,2739,CS,BCM
902,252081,185.615,15420,BC,2711,EC,BC
903,330136,185.615,15423,BC,2741,EC,OC
904,203402,185.615,15424,BC,4023,ME,OC
905,201038,185.615,15426,SC,1419,IT,SC
906,265208,185.61,15427,BC,2702,AG,OC
907,347393,185.61,15429,SC,2620,BM,OC
908,262587,185.605,15430,MBCDNC,1304,CS,MBCDNC
909,219548,185.605,15431,BC,2722,IT,BC
910,280600,185.605,15434,BC,1419,CB,BC
911,238326,185.6,15436,OC,1120,CS,OC
912,210976,185.6,15438,BC,2719,AD,OC
913,241512,185.595,15439,BC,1112,IT,BC
914,231830,185.595,15441,OC,1112,CB,OC
915,239911,185.595,15442,BC,1114,EC,OC
916,230642,185.585,15444,BC,1307,EE,OC
917,306687,185.585,15445,BC,1419,CB,BC
918,310749,185.585,15446,BC,2,CR,OC
919,274217,185.585,15447,MBCDNC,2723,IT,OC
920,257984,185.585,15448,BC,1149,CS,OC
921,323104,185.58,15451,MBCV,2712,EE,MBCV
922,268913,185.58,15452,BC,3465,CS,BC
923,283485,185.58,15453,BC,1321,PA,OC
924,296428,185.58,15456,BC,2712,ME,BC
925,215006,185.58,15457,MBCV,2006,PR,MBCV
926,275807,185.58,15459,BC,2025,EE,OC
927,259331,185.58,15460,MBCDNC,2007,CE,MBCDNC
928,304969,185.58,15461,BC,2702,EC,BC
929,365545,185.58,15462,SC,1219,CS,SC
930,320755,185.575,15463,OC,1219,CH,OC
931,366025,185.57,15464,BC,2357,AG,OC
932,293242,185.57,15465,BC,3011,CS,BC
933,322767,185.57,15467,MBCDNC,1211,EC,MBCDNC
934,327443,185.57,15469,OC,1304,CE,OC
935,201132,185.57,15470,BC,1210,EC,OC
936,256546,185.57,15474,BC,2722,AD,BC
937,242857,185.57,15475,BC,2711,EC,BC
938,204751,185.56,15477,BC,2,LE,OC
939,338425,185.56,15478,BC,2709,EC,BC
940,210791,185.56,15479,BC,1026,CS,BC
941,343891,185.56,15480,SC,1219,AD,SC
942,342436,185.56,15481,BC,2656,EC,OC
943,263817,185.56,15482,BC,1112,EC,OC
944,315350,185.56,15483,BC,2634,EC,OC
945,311047,185.56,15484,BC,2710,CS,OC
946,237124,185.56,15488,BC,2615,MT,OC
947,279033,185.56,15489,BC,5865,CS,OC
948,246938,185.56,15490,BC,4960,CE,OC
949,338614,185.56,15491,BC,2618,CS,OC
950,369020,185.56,15492,MBCV,2,LE,OC
951,328055,185.56,15493,BC,2,CR,BC
952,205119,185.56,15494,BC,2722,EC,OC
953,237610,185.56,15496,BC,4962,CE,OC
954,261050,185.55,15498,MBC,2005,PR,MBC
955,228141,185.55,15499,BC,1399,ME,OC
956,237827,185.55,15500,MBCV,1219,EE,MBCV
957,289867,185.55,15502,BC,1324,CS,BC
958,353864,185.55,15505,BC,2610,CS,OC
959,223743,185.55,15506,BC,2006,PS,OC
960,270012,185.55,15507,BCM,1120,CS,OC
961,232341,185.55,15508,BC,2005,PR,BC
962,234412,185.55,15509,OC,1112,EC,OC
963,249750,185.545,15510,BC,2710,CS,OC
964,217667,185.545,15512,BC,2711,EC,BC
965,227923,185.545,15513,MBCDNC,2702,CS,MBCDNC
966,246362,185.54,15515,MBCDNC,2712,SE,MBCDNC
967,306481,185.54,15516,BC,2702,AL,BC
968,230258,185.54,15517,BC,2764,EC,OC
969,233807,185.54,15518,BC,2712,ME,BC
970,327104,185.54,15521,SC,2007,EE,SC
971,256409,185.535,15522,MBCV,1317,EI,OC
972,244891,185.535,15523,BC,2,LE,OC
973,339441,185.535,15525,MBCV,2005,IB,MBCV
974,277229,185.535,15526,OC,3465,EC,OC
975,304768,185.53,15527,BC,1113,CB,BC
976,308299,185.53,15528,BC,2328,IT,OC
977,290058,185.53,15531,BC,4974,EE,OC
978,300279,185.53,15533,OC,1211,EE,OC
979,237887,185.53,15536,BC,1122,CH,OC
980,212789,185.525,15537,BC,1210,AD,OC
981,219942,185.525,15541,MBCDNC,2718,CB,MBCDNC
982,264736,185.525,15542,BC,2711,AL,OC
983,350931,185.525,15543,BC,1321,PA,BC
984,219906,185.525,15544,BC,4974,EE,OC
985,258015,185.525,15545,MBCDNC,5008,CN,MBCDNC
986,261782,185.525,15546,MBCDNC,2741,EC,OC
987,257445,185.525,15547,BC,2719,AD,OC
988,299227,185.515,15550,MBCDNC,4020,CS,OC
989,267629,185.515,15551,BC,2707,IT,OC
990,362259,185.515,15552,MBCV,1422,CS,OC
991,264655,185.515,15554,MBCV,2007,CH,MBCV
992,219678,185.515,15555,BC,2005,CE,BC
993,263223,185.51,15558,BC,5986,IT,OC
994,209478,185.505,15561,MBCV,1210,CS,MBCV
995,256387,185.505,15562,BC,3011,ME,OC
996,280148,185.505,15563,MBCV,2,CR,MBCV
997,204409,185.505,15564,BC,2702,BT,BC
998,255002,185.505,15565,BC,1321,MN,OC
999,270458,185.505,15566,OC,2719,EC,OC
1000,218600,185.505,15567,MBCV,1015,CS,OC
1001,343132,185.505,15568,MBCV,2615,CE,OC
1002,354671,185.505,15569,BC,2739,EC,OC
1003,348817,185.505,15570,MBCV,2712,BT,MBCV
1004,260330,185.505,15572,SC,2712,CS,SC
1005,281429,185.505,15573,BC,3011,CS,BC
1006,229942,185.505,15574,MBCDNC,2706,AD,OC
1007,308886,185.505,15576,BC,4944,EC,OC
1008,269928,185.505,15577,BC,4960,EC,BC
1009,224972,185.505,15578,MBCDNC,4971,EC,OC
1010,264839,185.5,15582,BC,2719,IT,BC
1011,310823,185.5,15585,OC,1419,MU,OC
1012,348661,185.5,15586,SC,2007,EM,SC
1013,257078,185.5,15589,BCM,2377,CE,BCM
1014,259981,185.5,15591,BC,1128,CS,OC
1015,237556,185.5,15593,BC,4960,AD,BC
1016,255761,185.5,15594,SC,1315,ME,SC
1017,289238,185.5,15595,BC,1309,IT,OC
1018,272815,185.5,15599,SC,2007,AT,SC
1019,340873,185.5,15601,BC,1422,CS,BC
1020,228159,185.5,15602,MBC,1309,CS,MBC
1021,244688,185.5,15603,OC,1149,IT,OC
1022,218963,185.5,15607A,BC,1216,AG,OC
1023,336060,185.5,15610,MBCV,5901,ME,OC
1024,314925,185.5,15611,SC,5008,EM,SC
1025,288147,185.5,15612,BC,2712,CE,OC
1026,336345,185.5,15614,BC,2719,IT,BC
1027,203544,185.5,15615,SC,1211,AE,SC
1028,284022,185.5,15617,MBCDNC,2006,MS,MBCDNC
1029,318391,185.5,15618,SC,1315,BM,SC
1030,202494,185.5,15623,MBC,2702,AD,MBC
1031,232333,185.5,15624,MBCDNC,1399,BM,MBCDNC
1032,325494,185.5,15626,MBCV,1219,EE,MBCV
1033,328097,185.5,15627,BCM,1399,ME,OC
1034,362146,185.5,15628,BC,2,LE,OC
1035,280201,185.5,15629,BCM,1399,EC,BCM
1036,304386,185.5,15633,BC,2709,EE,OC
1037,262707,185.5,15638,MBCV,1317,EC,MBCV
1038,328663,185.5,15640,OC,1304,EE,OC
1039,294323,185.5,15641,OC,1128,CS,OC
1040,340055,185.5,15646,MBC,2702,BM,OC
1041,234671,185.5,15647,OC,1422,IT,OC
1042,351771,185.5,15649,OC,1216,CH,OC
1043,292610,185.5,15650,BC,2,AP,BC
1044,281207,185.5,15654,BC,1419,CB,BC
1045,210327,185.5,15656,BC,2711,AL,OC
1046,278490,185.5,15657,BC,2006,PS,OC
1047,233592,185.5,15661,BC,2719,EC,OC
1048,281266,185.5,15662,BC,1432,CS,BC
1049,303150,185.5,15667,MBCV,2615,CE,OC
1050,299894,185.5,15668,BC,2706,CS,OC
1051,340187,185.5,15674,MBCDNC,1399,AD,MBCDNC
1052,293270,185.5,15676,OC,1128,CS,OC
1053,284295,185.5,15677,BC,1112,AL,OC
1054,328151,185.5,15680,BC,2006,TX,BC
1055,310229,185.5,15683,BC,2608,AL,OC
1056,277722,185.5,15684,BC,1219,AU,OC
1057,291604,185.5,15687,BC,1211,EE,OC
1058,321660,185.5,15688,SC,4,PR,SC
1059,244973,185.5,15689,BC,2712,MZ,BC
1060,279895,185.5,15693,BC,2702,AL,BC
1061,306604,185.5,15695,BC,2764,CH,OC
1062,254371,185.5,15696,SC,1211,BT,SC
1063,292408,185.5,15698,BC,2718,CJ,BC
1064,289188,185.5,15699,OC,2719,EC,OC
1065,310295,185.5,15702,SC,1419,CS,SC
1066,312604,185.5,15705,OC,1324,EC,OC
1067,244574,185.5,15706,BC,1211,RM,OC
1068,295129,185.5,15707,SC,2006,BS,SC
1069,264738,185.5,15712,BC,3830,CS,OC
1070,219837,185.5,15718,MBCV,2702,CS,MBCV
1071,326827,185.5,15720,BC,1149,IT,OC
1072,271171,185.5,15721,MBCDNC,2718,CJ,MBCDNC
1073,290095,185.5,15723,BC,2,TX,BC
1074,363808,185.5,15724,BC,2006,TX,BC
1075,350680,185.5,15725,BC,2,TX,BC
1076,329010,185.5,15729,MBCV,2618,CS,OC
1077,343669,185.5,15731,BC,1321,PA,BC
1078,318955,185.5,15733,BC,1432,CS,BC
1079,343196,185.5,15735,MBCDNC,1419,CS,MBCDNC
1080,320634,185.5,15737,BC,2618,CS,OC
1081,227674,185.5,15739,OC,1309,AD,OC
1082,225183,185.5,15742,BC,1450,EE,OC
1083,213926,185.5,15743,BC,1219,CH,OC
1084,348865,185.5,15745,MBCV,5008,CE,MBCV
1085,314508,185.5,15747,SC,2,PM,SC
1086,341098,185.5,15749,MBCDNC,1315,CE,MBCDNC
1087,329382,185.5,15750,SCA,1315,CS,SCA
1088,312477,185.5,15752,BC,1211,BM,BC
1089,221801,185.5,15755,MBCDNC,2005,IB,MBCDNC
1090,259452,185.5,15756,BC,4960,AD,BC
1091,303041,185.5,15758,MBCV,1317,IT,MBCV
1092,292153,185.5,15761,BC,1128,CS,OC
1093,297280,185.5,15762,MBCDNC,2722,AD,MBCDNC
1094,315654,185.5,15763,BC,1210,IT,OC
1095,280779,185.5,15764,MBC,1219,EE,MBC
1096,325236,185.5,15765,BC,4960,AD,BC
1097,238501,185.5,15767,OC,3011,EE,OC
1098,262686,185.5,15769,BC,1219,ME,OC
1099,344027,185.5,15773,BC,2719,EC,OC
1100,332526,185.5,15774,OC,1114,CS,OC
1101,294684,185.5,15776,BC,1432,CS,BC
1102,305906,185.5,15777,BC,1419,EC,BC
1103,269857,185.5,15779,BC,1399,ME,OC
1104,280256,185.5,15782,OC,1321,MN,OC
1105,360238,185.5,15783,MBCDNC,1450,EE,MBCDNC
1106,262326,185.495,15785,MBCV,2005,CE,MBCV
1107,267961,185.495,15786,BC,2711,EC,BC
1108,281941,185.495,15787,BC,2712,ME,BC
1109,263119,185.495,15788,MBCDNC,2005,ME,MBCDNC
1110,251224,185.495,15790,BC,1211,AE,BC
1111,275141,185.495,15791,BCM,2643,CS,OC
1112,308352,185.495,15792,BC,2702,AL,BC
1113,233528,185.495,15792A,BC,1237,AD,OC
1114,201808,185.495,15793,BC,2708,CS,OC
1115,241583,185.495,15794,BCM,5008,CN,BCM
1116,269073,185.495,15796,MBCV,1149,CS,OC
1117,211936,185.495,15797,MBCDNC,2007,MF,MBCDNC
1118,358948,185.495,15798,SC,2005,ME,SC
1119,296064,185.495,15799,MBCDNC,4965,BT,OC
1120,204192,185.495,15800,OC,2718,MZ,OC
1121,264701,185.495,15801,BC,2711,AL,OC
1122,249110,185.495,15805,BC,2618,CS,OC
1123,214744,185.495,15807,MBCV,2,PP,MBCV
1124,358531,185.49,15808,MBCV,2005,CE,MBCV
1125,355182,185.49,15809,BC,2607,BT,OC
1126,329031,185.49,15810,BC,4023,IT,OC
1127,261302,185.49,15811,MBCV,1210,CS,MBCV
1128,218837,185.485,15813,BC,1112,EC,OC
1129,297601,185.485,15814,MBCV,5010,CS,OC
1130,290726,185.485,15815,BC,2622,CS,OC
1131,257180,185.485,15816,BC,4974,EE,OC
1132,274348,185.485,15819,SC,2006,BY,SC
1133,309194,185.485,15820,BC,2709,EC,BC
1134,202679,185.48,15823,MBCDNC,1317,IT,MBCDNC
1135,309904,185.48,15824,BC,1422,AD,BC
1136,317681,185.48,15825,MBC,1112,IT,MBC
1137,265400,185.475,15827,MBCV,2711,CS,MBCV
1138,247739,185.475,15828,BC,5017,EC,OC
1139,229339,185.475,15829,BC,1216,CS,OC
1140,215176,185.475,15831,BC,1304,EC,BC
1141,218654,185.475,15832,BC,5901,EE,BC
1142,322962,185.475,15834,MBCDNC,2702,CS,MBCDNC
1143,363827,185.47,15836,MBCV,2610,CS,OC
1144,300827,185.47,15837,MBC,2722,CS,MBC
1145,331140,185.47,15838,BC,2706,CS,OC
1146,301582,185.47,15839,BC,2702,CT,OC
1147,217664,185.47,15840,BC,2711,EC,BC
1148,292842,185.47,15841,BC,2718,MZ,OC
1149,297599,185.47,15842,BC,2741,EC,OC
1150,341808,185.47,15843,BC,5532,CS,OC
1151,345164,185.47,15845,MBCV,2639,EC,OC
1152,210463,185.47,15846,MBCDNC,5901,EE,MBCDNC
1153,280843,185.47,15847,SC,2007,IM,SC
1154,267775,185.47,15848,BC,1501,IT,OC
1155,356669,185.47,15849,OC,2601,IT,OC
1156,314460,185.47,15851,BC,1422,CS,BC
1157,251002,185.47,15852,MBCV,2718,EC,MBCV
1158,216872,185.465,15854,BC,2615,ME,OC
1159,244723,185.465,15856,MBCV,2712,EE,MBCV
1160,358895,185.46,15857,BC,2302,CS,OC
1161,313731,185.46,15858,SC,2615,EC,SC
1162,325613,185.46,15859,BC,2710,IT,OC
1163,201020,185.46,15860,BC,2722,AD,BC
1164,241392,185.46,15861,BC,2618,CS,OC
1165,371229,185.46,15862,MBCV,2608,CS,OC
1166,254922,185.46,15863,MBCDNC,2741,CS,OC
1167,252405,185.46,15865,BC,1113,CD,OC
1168,348354,185.46,15866,BC,5910,IT,OC
1169,210315,185.46,15867,BC,2722,EC,OC
1170,311367,185.45,15870,BC,1149,CS,OC
1171,228931,185.45,15871,BC,2718,CJ,BC
1172,223239,185.45,15872,BC,1149,AD,OC
1173,276293,185.45,15873,BC,2711,AL,OC
1174,300657,185.44,15877,SC,1113,CS,SC
1175,282251,185.44,15878,BC,3011,IT,OC
1176,234944,185.44,15879,BC,2005,PR,BC
1177,294222,185.44,15880,BC,2734,AD,OC
1178,237267,185.44,15881,BC,4960,EC,BC
1179,211400,185.44,15882,OC,2706,IT,OC
1180,210429,185.44,15883,BC,2722,EC,OC
1181,347934,185.44,15886,BC,3011,BT,BC
1182,256847,185.44,15887,BC,2702,CB,BC
1183,200411,185.44,15888,BC,2718,CJ,BC
1184,351721,185.44,15890,BC,2710,TS,OC
1185,277247,185.44,15894,BCM,2712,ME,BCM
1186,295707,185.44,15895,BC,1419,EC,BC
1187,259975,185.44,15896,MBCV,5901,EE,MBCV
1188,252931,185.44,15897,BC,1432,AD,OC
1189,264106,185.44,15898,MBCV,1014,IT,OC
1190,279264,185.44,15900,BC,2615,MT,OC
1191,275109,185.435,15901,OC,2739,CB,OC
1192,319730,185.435,15902,BC,2739,EC,OC
1193,243872,185.435,15904,BC,5986,IT,BC
1194,272809,185.435,15906,MBC,2608,EE,OC
1195,211151,185.43,15907,OC,2751,CB,OC
1196,307317,185.43,15908,BC,2603,EC,OC
1197,320784,185.43,15909,MBCDNC,2643,CS,OC
1198,206663,185.43,15910,BC,4971,CS,OC
1199,317056,185.43,15911,MBCV,2618,CS,OC
1200,266543,185.43,15912,MBCV,1304,CS,MBCV
1201,243263,185.43,15913,MBCV,1112,CS,MBCV
1202,341334,185.43,15914,BC,3830,CS,OC
1203,213965,185.43,15915,BC,2718,CJ,BC
1204,315164,185.425,15916,SC,1219,EC,SC
1205,322990,185.425,15918,BC,4974,EE,OC
1206,340934,185.425,15920,BC,3857,CS,OC
1207,214508,185.425,15921,MBCV,1516,EC,OC
1208,256292,185.425,15922,MBCV,2,LE,OC
1209,200276,185.42,15923,BC,2622,CS,OC
1210,281780,185.42,15924,MBC,1422,CS,MBC
1211,326222,185.42,15926,MBCV,1309,CS,MBCV
1212,360343,185.42,15927,BC,5010,EC,OC
1213,238735,185.415,15932,MBCDNC,3021,CS,OC
1214,279110,185.415,15934,MBC,2702,AD,MBC
1215,290719,185.415,15935,BC,1432,CS,BC
1216,230620,185.415,15937,BCM,1211,CD,BCM
1217,315177,185.415,15938,BC,1211,EE,OC
1218,215984,185.415,15939,MBCDNC,2603,EC,OC
1219,357657,185.415,15940,BC,1430,EE,OC
1220,233453,185.415,15941,MBCV,2702,CS,MBCV
1221,211848,185.415,15942,MBCV,2025,EC,MBCV
1222,360282,185.415,15945,BC,1412,CS,OC
1223,355611,185.415,15946,BC,1432,CS,BC
1224,279975,185.405,15947,MBC,2719,EC,OC
1225,255578,185.405,15948,BC,2622,EC,OC
1226,270178,185.405,15951,BC,2702,AL,BC
1227,239816,185.405,15952,BC,3819,AD,OC
1228,279278,185.405,15953,BC,2739,EC,OC
1229,264978,185.405,15954,BC,5904,CS,OC
1230,257558,185.405,15955,OC,1014,EC,OC
1231,343101,185.405,15956,BC,2603,EC,OC
1232,300847,185.405,15959,OC,1210,EC,OC
1233,360542,185.395,15963,MBCV,2609,EE,OC
1234,241703,185.395,15964,BC,1432,CS,BC
1235,226175,185.395,15966,BC,2764,BM,OC
1236,219061,185.395,15967,MBCDNC,3807,IT,OC
1237,245148,185.395,15968,BC,2608,AD,OC
1238,270503,185.395,15969,BC,1419,EC,BC
1239,291191,185.395,15971,MBC,2711,FD,OC
1240,314092,185.395,15972,MBCDNC,1219,EE,MBCDNC
1241,333906,185.395,15973,MBCV,2641,CS,OC
1242,214041,185.395,15975,MBCDNC,1317,AD,MBCDNC
1243,200937,185.39,15976,BC,3465,EC,OC
1244,328605,185.385,15977,BC,2719,IT,BC
1245,349466,185.385,15979,BC,1432,CS,BC
1246,200600,185.385,15980,BC,2702,AL,BC
1247,227027,185.385,15981,MBC,5986,CS,MBC
1248,211081,185.385,15982,MBCDNC,1309,CS,MBCDNC
1249,264791,185.385,15984,BC,3803,CS,OC
1250,213323,185.385,15986,MBCDNC,2711,CS,MBCDNC
1251,235607,185.385,15988,MBCDNC,2622,CS,OC
1252,232783,185.385,15989,BC,2722,EC,OC
1253,297767,185.38,15991,BC,3011,CS,BC
1254,323555,185.38,15993,MBCDNC,2764,CS,OC
1255,285735,185.38,15995,BC,2761,AD,OC
1256,242829,185.38,15996,SC,2712,CS,SC
1257,281164,185.38,15997,BC,2719,EC,OC
1258,344238,185.38,15998,BC,1216,CH,OC
1259,311263,185.38,15999,SC,2615,CS,SC
1260,227863,185.38,16000,BC,1324,CS,BC
1261,278890,185.38,16002,BC,2722,EC,OC
1262,219545,185.375,16003,OC,1210,IT,OC
1263,255212,185.375,16005,BC,2711,CD,OC
1264,357023,185.37,16006,OC,1306,CS,OC
1265,236638,185.37,16007,BC,1210,CB,OC
1266,209767,185.37,16008,BC,4960,EC,BC
1267,354249,185.365,16009,BCM,1317,IT,BCM
1268,205315,185.365,16010,BC,1304,EC,BC
1269,226957,185.365,16011,BC,2006,PS,BC
1270,307191,185.365,16014,BC,2722,EC,OC
1271,214992,185.365,16015,BC,1210,EC,OC
1272,274919,185.365,16016,BC,4974,EE,OC
1273,250854,185.365,16017,BC,2711,EC,BC
1274,242164,185.36,16019,BC,2712,TX,OC
1275,267984,185.36,16020,BC,2006,PS,BC
1276,262751,185.36,16021,BCM,5910,CS,OC
1277,301898,185.36,16022,MBC,3011,CS,MBC
1278,293795,185.36,16024,MBCDNC,3826,EC,OC
1279,241103,185.36,16025,BC,1419,CB,BC
1280,265758,185.36,16026,BC,2608,EC,OC
1281,227532,185.36,16027,BC,2702,SE,OC
1282,239265,185.36,16028,BC,2702,CB,BC
1283,293576,185.36,16029,BC,1210,IT,OC
1284,323423,185.36,16030,MBCV,2702,CS,MBCV
1285,273748,185.36,16031,BC,2750,CS,OC
1286,314157,185.36,16034,BC,4960,EC,BC
1287,269982,185.355,16037,SC,1317,AL,SC
1288,314150,185.355,16038,BC,2615,ME,OC
1289,262519,185.35,16039,BC,1304,EC,BC
1290,210848,185.35,16040,BC,4960,EC,BC
1291,330315,185.35,16041,MBCDNC,3011,ME,OC
1292,224833,185.35,16042,MBC,1516,CS,MBC
1293,203829,185.35,16044,MBCV,1112,CS,MBCV
1294,262855,185.35,16046,BC,5901,EE,BC
1295,217629,185.35,16047,BC,3011,EC,OC
1296,246308,185.35,16048,BC,2719,AD,OC
1297,305210,185.35,16049,MBCV,1120,CS,OC
1298,214612,185.35,16051,MBCDNC,5910,EC,OC
1299,221849,185.35,16052,BC,2739,EE,OC
1300,200809,185.35,16053,BC,2739,AD,OC
1301,307505,185.35,16054,BC,1304,BM,BC
1302,244934,185.35,16056,OC,1311,CS,OC
1303,243798,185.35,16057,BC,1219,CE,OC
1304,272158,185.35,16059,BC,1422,EC,OC
1305,307588,185.35,16060,BC,4670,CS,OC
1306,252622,185.35,16061,BC,2719,AD,OC
1307,328385,185.35,16066,BC,2601,BM,OC
1308,301673,185.35,16068,BC,1399,ME,OC
1309,311259,185.35,16070,BC,2005,PR,BC
1310,261826,185.35,16071,SC,5008,CW,SC
1311,218944,185.34,16073,BC,1317,BT,BC
1312,290828,185.34,16074,BC,2005,CE,BC
1313,348887,185.34,16075,BC,2006,TT,OC
1314,289312,185.34,16077,MBCDNC,2702,CS,MBCDNC
1315,205879,185.34,16078,BC,1211,BT,BC
1316,222150,185.34,16079,BC,2736,BM,OC
1317,259925,185.34,16080,SC,2007,EE,SC
1318,269507,185.33333,16081,BC,1216,CS,OC
1319,279435,185.33333,16082,BC,1112,AL,OC
1320,205232,185.33,16084,MBCV,1419,CB,MBCV
1321,253371,185.33,16085,BC,2357,ME,OC
1322,280741,185.33,16090,MBCV,1026,EE,OC
1323,332077,185.33,16091,BC,2722,EC,OC
1324,363174,185.33,16092,SC,2615,EC,SC
1325,253727,185.33,16093,MBCV,2005,IB,MBCV
1326,232512,185.33,16094,BC,1112,IT,BC
1327,296097,185.33,16095,MBCV,1432,CS,MBCV
1328,258498,185.33,16096,BC,1516,EC,OC
1329,206909,185.33,16097,OC,2702,CT,OC
1330,277823,185.33,16098,BC,2005,CE,BC
1331,356935,185.33,16099,MBCV,2005,CE,MBCV
1332,323426,185.33,16100,MBCV,2615,MT,OC
1333,317586,185.33,16101,OC,1399,ME,OC
1334,221434,185.33,16102,BC,1149,CS,OC
1335,206717,185.33,16103,BC,2709,EC,BC
1336,367506,185.33,16104,BC,2025,ME,OC
1337,273235,185.33,16105,BC,1210,IT,OC
1338,241124,185.33,16106,BC,2712,ME,BC
1339,263844,185.33,16107,OC,1210,IT,OC
1340,245488,185.33,16108,BC,2706,CS,BC
1341,244361,185.33,16110,BC,2712,CE,OC
1342,228510,185.33,16111,SC,2615,CS,SC
1343,260750,185.33,16112,MBCV,4974,CS,MBCV
1344,246615,185.33,16113,BC,2711,EC,BC
1345,259651,185.325,16116,BCM,4954,CS,OC
1346,238773,185.325,16117,MBCDNC,2007,MF,MBCDNC
1347,254576,185.32,16118,MBCV,2615,ME,OC
1348,352410,185.32,16119,BCM,1,PT,BCM
1349,225849,185.32,16120,BC,5901,EE,BC
1350,226700,185.32,16121,BC,1399,ME,OC
1351,274971,185.315,16124,BC,1422,CS,BC
1352,268262,185.315,16125,BC,1306,CS,OC
1353,264082,185.315,16126,BC,1113,CD,OC
1354,253235,185.315,16127,BC,1216,CS,OC
1355,326542,185.315,16128,MBCV,3465,CS,MBCV
1356,286013,185.315,16129,BC,2711,EC,BC
1357,321567,185.315,16130,BC,2702,AL,BC
1358,201316,185.315,16131,BC,2702,CB,BC
1359,247534,185.31,16132,BC,3806,EC,OC
1360,203102,185.31,16133,BC,3011,CS,BC
1361,321645,185.31,16134,BC,2615,CE,OC
1362,249770,185.31,16135,BC,3830,CS,OC
1363,227151,185.305,16137,OC,5009,EC,OC
1364,249623,185.3,16139,BC,2704,IT,OC
1365,331120,185.3,16140,BCM,4944,EC,OC
1366,215095,185.3,16143,BC,2729,AE,OC
1367,258521,185.295,16144,BC,1304,EC,BC
1368,270994,185.295,16145,BC,1112,CB,OC
1369,257301,185.295,16146,BC,4960,EC,BC
1370,236667,185.295,16147,MBC,2723,CS,OC
1371,201670,185.295,16148,BC,2006,TT,OC
1372,259559,185.295,16149,BCM,2621,CS,OC
1373,321795,185.295,16153,MBCV,2006,PN,MBCV
1374,307472,185.295,16154,BC,1216,CS,OC
1375,306656,185.295,16155,MBCV,2711,CS,MBCV
1376,272602,185.295,16156,MBCV,2709,IT,MBCV
1377,368414,185.295,16157,BC,2025,EE,OC
1378,265136,185.295,16158,BC,1216,IT,OC
1379,236286,185.295,16159,MBCV,1317,IT,MBCV
1380,344118,185.295,16160,BC,2711,EC,BC
1381,200448,185.295,16161,OC,2739,CB,OC
1382,253501,185.295,16162,BC,2608,IT,OC
1383,250211,185.285,16164,BC,2618,IT,OC
1384,207829,185.285,16165,OC,5901,CE,OC
1385,254961,185.285,16168,BC,4969,EC,OC
1386,244145,185.285,16170,BC,2710,CS,OC
1387,257095,185.285,16173,BC,1210,IT,BC
1388,310726,185.285,16174,MBC,1399,BM,MBC
1389,306566,185.285,16175,BC,5865,EE,OC
1390,226583,185.285,16176,BC,1321,PA,BC
1391,301757,185.285,16178,BC,2702,SE,OC
1392,370105,185.28,16179,MBCV,1399,EE,MBCV
1393,223421,185.275,16180,SCA,4,MF,SCA
1394,241493,185.275,16181,OC,1516,EC,OC
1395,227795,185.275,16182,BC,5986,EC,OC
1396,263619,185.275,16185,MBCDNC,2735,CS,OC
1397,265652,185.275,16186,BC,2719,CJ,OC
1398,318003,185.275,16190,BC,2377,CE,BC
1399,215520,185.275,16191,MBCV,1210,CS,MBCV
1400,366329,185.265,16195,BC,2653,AD,OC
1401,218993,185.265,16196,BC,2711,CD,OC
1402,239774,185.265,16197,BC,1210,IT,BC
1403,250518,185.265,16199,BC,4864,EC,OC
1404,261741,185.265,16200,BC,4960,EC,BC
1405,292417,185.265,16202,BC,1211,BT,BC
1406,237746,185.265,16203,MBC,3011,PH,OC
1407,360933,185.265,16204,MBCV,3011,EE,OC
1408,309664,185.265,16205,MBCV,2615,CE,OC
1409,222516,185.265,16207,MBCDNC,4960,CS,MBCDNC
1410,348487,185.265,16209,BC,4974,CE,OC
1411,210180,185.265,16210,BC,4960,EC,BC
1412,274548,185.26,16212,BC,2618,CS,OC
1413,256018,185.26,16213,BCM,2006,MS,BCM
1414,205127,185.26,16214,BC,1422,EC,OC
1415,213710,185.26,16215A,BC,2712,ME,BC
1416,280907,185.26,16216,SC,2007,EE,SC
1417,234740,185.255,16219,SC,5901,CS,SC
1418,328315,185.255,16220,BC,3011,EC,OC
1419,200674,185.255,16222,BC,2005,CE,BC
1420,309911,185.255,16223,BC,2702,EE,OC
1421,284084,185.255,16224,ST,4,EM,ST
1422,262916,185.255,16225,BC,1210,IT,BC
1423,203786,185.255,16226,BC,2603,EC,BC
1424,283254,185.25,16227,BC,2603,EC,BC
1425,203543,185.25,16228,BC,2711,FD,BC
1426,243036,185.25,16229,SC,5,IT,OC
1427,332139,185.25,16230,MBCV,1026,ME,OC
1428,289877,185.25,16232,BC,2719,AD,BC
1429,344554,185.25,16233,MBCDNC,1,XC,MBCDNC
1430,200876,185.245,16234,BC,3011,EC,OC
1431,270937,185.245,16235,MBC,2719,IT,MBC
1432,224339,185.245,16237,MBCV,2718,EC,MBCV
1433,237947,185.24,16238,BC,1432,CS,BC
1434,203672,185.24,16239,BC,1112,IT,BC
1435,251465,185.24,16240,BC,5986,EC,OC
1436,312314,185.24,16241,BC,2711,EC,BC
1437,221184,185.24,16243,BC,1422,CS,BC
1438,280904,185.24,16244,MBCDNC,2710,CS,OC
1439,314357,185.24,16245,BC,2719,EC,OC
1440,360527,185.24,16246,SC,2005,EI,SC
1441,247901,185.24,16249,SC,2007,EE,SC
1442,262274,185.24,16253,BC,1216,CS,OC
1443,223540,185.24,16254,BC,2005,PR,BC
1444,360872,185.24,16255,MBCV,2369,EC,OC
1445,201812,185.23,16256,OC,2006,TT,OC
1446,322452,185.23,16257,BC,2620,CS,OC
1447,319278,185.23,16258,BC,2608,CS,OC
1448,268127,185.23,16260,BC,1450,EE,BC
1449,267563,185.23,16262,BC,2723,BM,OC
1450,335131,185.23,16263,MBC,4974,CS,MBC
1451,350079,185.23,16264,MBC,3011,IT,OC
1452,369006,185.23,16265,MBCDNC,2622,CS,OC
1453,265395,185.23,16266,BC,2739,EC,OC
1454,279415,185.22,16269,BC,5901,EE,BC
1455,280434,185.22,16271,BC,2722,EC,OC
1456,341440,185.22,16272,BC,2702,CT,OC
1457,306455,185.22,16273,BC,2712,AU,OC
1458,233362,185.22,16274,BC,2710,AD,OC
1459,228229,185.22,16275,BC,1304,BM,BC
1460,269699,185.22,16279,BC,2710,IT,OC
1461,269654,185.22,16281,BC,5901,ME,OC
1462,292545,185.22,16282,BC,2712,ME,BC
1463,295089,185.22,16283,MBCV,2711,IT,MBCV
1464,212201,185.22,16284,BC,3011,PC,OC
1465,202528,185.22,16285,MBCV,2006,MS,MBCV
1466,269849,185.215,16286,BC,2739,IT,BC
1467,218890,185.215,16287,BC,2719,AD,BC
1468,231809,185.21,16290,BC,2006,PS,BC
1469,288941,185.21,16291,MBCV,2712,EE,MBCV
1470,257411,185.21,16294,MBCV,1113,CB,MBCV
1471,221888,185.21,16295,MBCDNC,1422,CS,MBCDNC
1472,257754,185.21,16296,MBCDNC,1419,AD,MBCDNC
1473,222123,185.21,16297,BC,2722,EC,OC
1474,323662,185.21,16298,MBC,2712,AE,MBC
1475,272382,185.21,16299,BC,1306,EC,OC
1476,264992,185.21,16300,MBC,5010,CS,OC
1477,351111,185.21,16301,MBCDNC,2709,EC,MBCDNC
1478,318601,185.21,16302,OC,1120,CS,OC
1479,255480,185.21,16303,BC,2722,EC,OC
1480,212089,185.21,16304,MBC,1324,IT,OC
1481,263073,185.21,16305,MBCV,3465,CS,MBCV
1482,251731,185.205,16306,SC,1120,CS,OC
1483,306625,185.205,16309,MBCV,2739,CS,MBCV
1484,313097,185.205,16312,BC,1304,EC,BC
1485,242987,185.205,16313,BCM,1216,BM,OC
1486,200587,185.205,16314,BC,1,XC,BC
1487,228103,185.205,16316,BC,1216,CS,OC
1488,231958,185.2,16317,MBCDNC,1216,CS,OC
1489,222414,185.2,16318,BC,1128,CS,OC
1490,224327,185.195,16319,OC,4955,CS,OC
1491,261577,185.195,16320,BC,2719,AD,BC
1492,269927,185.195,16321,BC,1112,AL,OC
1493,247345,185.195,16322,MBCV,5,CS,OC
1494,318124,185.195,16323,OC,2712,CE,OC
1495,242518,185.195,16324,MBCDNC,2,CR,MBCDNC
1496,230803,185.195,16329,BC,1422,CS,BC
1497,208354,185.19,16331,BC,1128,CS,OC
1498,310400,185.19,16332,BC,2723,CS,OC
1499,209399,185.19,16333,BCM,1422,ME,OC
1500,243755,185.19,16334,BC,2711,EC,BC
1501,345401,185.185,16335,MBCV,2653,CS,OC
1502,215985,185.185,16336,BC,4960,EC,BC
1503,284719,185.185,16337,BC,2377,CE,BC
1504,264909,185.185,16338,MBCV,1317,IT,MBCV
1505,317418,185.185,16339,SC,5910,EC,OC
1506,360843,185.185,16341,BC,2025,EE,OC
1507,251059,185.185,16342,BC,1113,EI,OC
1508,294464,185.185,16343,BC,2607,EC,OC
1509,318099,185.185,16344,BC,2025,EE,OC
1510,300713,185.185,16345,SC,5008,CW,SC
1511,203423,185.175,16346,MBCV,5008,ME,MBCV
1512,232961,185.175,16347,BC,5910,CB,OC
1513,348793,185.175,16348,MBCV,1219,BT,MBCV
1514,347159,185.175,16349,BC,2706,CS,BC
1515,243481,185.175,16350,MBC,2722,IT,MBC
1516,202732,185.175,16351,MBCDNC,1210,CS,MBCDNC
1517,204160,185.175,16352,BC,1450,EE,BC
1518,367917,185.175,16353,SC,2611,CY,OC
1519,268324,185.175,16355,BC,1414,EC,OC
1520,313156,185.175,16356,BC,2711,EC,BC
1521,285014,185.175,16357,BC,2711,EC,BC
1522,221983,185.175,16358,SC,2007,EE,SC
1523,301812,185.175,16359,BC,2735,IT,OC
1524,209959,185.175,16360,BC,2711,AL,OC
1525,299048,185.175,16361,MBCDNC,2712,BT,MBCDNC
1526,248238,185.175,16362,MBC,2764,CH,OC
1527,280447,185.175,16363,MBCV,2603,EC,MBCV
1528,247049,185.175,16365,BC,2025,EE,OC
1529,208816,185.17,16366,BC,1324,CS,BC
1530,248428,185.165,16367,BC,2,TX,BC
1531,263058,185.165,16368,MBCV,2369,CS,OC
1532,256309,185.165,16369,MBCDNC,2025,CS,MBCDNC
1533,245389,185.165,16370,MBCV,1419,IT,MBCV
1534,293759,185.165,16372,BC,2735,IT,OC
1535,212266,185.165,16373,MBCV,2025,ME,OC
1536,249461,185.165,16374,BC,1317,BT,BC
1537,234110,185.155,16377,BC,4962,CS,BC
1538,246913,185.155,16378,BC,2719,EC,OC
1539,255265,185.155,16380,BC,1112,IT,BC
1540,286105,185.155,16382,BC,2,LE,OC
1541,339210,185.155,16383,SC,2007,EE,SC
1542,268351,185.155,16386,BC,2651,CS,OC
1543,202464,185.155,16387,SC,1399,CS,SC
1544,259104,185.155,16388,BC,1432,AD,OC
1545,316756,185.155,16389,BC,2723,EE,OC
1546,285205,185.155,16390,BC,2615,CE,OC
1547,252847,185.15,16394,BC,2706,CS,BC
1548,210653,185.15,16395,BC,1112,EC,OC
1549,302446,185.15,16396,BC,1306,CS,OC
1550,254103,185.15,16397,BC,1216,CS,OC
1551,255247,185.15,16398,MBCV,4974,CS,MBCV
1552,333825,185.145,16402,MBCV,3011,IT,OC
1553,310430,185.145,16403,MBCV,2005,CE,MBCV
1554,369572,185.14,16405,BC,2615,ME,OC
1555,284725,185.14,16406,SC,2377,EC,SC
1556,265361,185.14,16408,BCM,3830,CS,OC
1557,342306,185.14,16409,MBCV,2711,CS,MBCV
1558,221401,185.14,16410,BC,1432,AD,OC
1559,282345,185.14,16411,BC,4962,EC,OC
1560,246207,185.14,16412,SC,2,CL,SC
1561,305695,185.14,16413,BC,1112,CB,OC
1562,265034,185.14,16415,SC,2617,CS,OC
1563,281070,185.135,16417,OC,1216,BM,OC
1564,326853,185.13,16419,BC,2712,CE,OC
1565,241236,185.13,16420,SC,1321,PA,SC
1566,233437,185.13,16422,BC,1112,AL,OC
1567,349650,185.13,16423,SC,1304,AD,SC
1568,225020,185.13,16424,BC,2719,EC,OC
1569,225961,185.13,16425,BC,1211,EE,OC
1570,297008,185.13,16426,BC,1211,BT,BC
1571,206184,185.13,16428,BCM,2005,IB,BCM
1572,201741,185.13,16429,BC,2,CR,BC
1573,259828,185.13,16430,BC,1210,IT,BC
1574,216049,185.13,16431,SC,2712,IT,SC
1575,237918,185.12,16432,BC,3803,EC,OC
1576,232214,185.12,16433,BC,1211,BT,BC
1577,372872,185.12,16436,MBC,2005,PR,MBC
1578,302485,185.12,16438,OC,1422,IT,OC
1579,343260,185.12,16439,MBCV,2005,CE,MBCV
1580,271502,185.12,16440,MBCDNC,1304,CS,MBCDNC
1581,229859,185.12,16441,SCA,2006,EE,SCA
1582,274450,185.12,16443,MBCDNC,3819,EC,OC
1583,307773,185.12,16444,MBCV,1120,EC,OC
1584,287000,185.12,16445,MBCV,1122,BT,OC
1585,246601,185.12,16446,BC,4960,EC,BC
1586,265405,185.12,16447,SC,2,CL,SC
1587,314919,185.12,16448,BC,2750,EC,OC
1588,209574,185.11,16450,MBCV,1419,EC,MBCV
1589,358055,185.11,16451,BC,2723,ME,OC
1590,217287,185.11,16453,SC,2005,ME,SC
1591,270352,185.11,16454,MBCV,2702,CS,MBCV
1592,276361,185.11,16455,MBC,2712,ME,MBC
1593,321416,185.11,16456,MBCV,2643,CS,OC
1594,268119,185.11,16457,BC,2764,CS,BC
1595,215571,185.105,16458,BC,2710,EE,OC
1596,246217,185.105,16460,BC,1422,CS,BC
1597,258907,185.1,16461,BC,2702,EE,OC
1598,216450,185.1,16462,BC,1432,CB,BC
1599,214927,185.1,16464,BC,2006,PS,BC
1600,309969,185.1,16465,SC,3826,EE,OC
1601,327558,185.1,16466,MBCDNC,2712,EI,MBCDNC
1602,298891,185.1,16467,MBCV,1211,FD,OC
1603,268212,185.1,16471,MBC,2603,CS,MBC
1604,317527,185.1,16472,SC,2,CL,SC
1605,215863,185.095,16476,BC,2702,SE,OC
1606,235953,185.095,16479,OC,2712,AU,OC
1607,251735,185.085,16482,BC,2710,CS,OC
1608,232103,185.085,16483,BC,1120,AD,OC
1609,260814,185.085,16484,MBCV,1432,EC,OC
1610,268609,185.08,16485,MBCV,2722,CS,MBCV
1611,221079,185.08,16486,BC,1309,IT,OC
1612,270204,185.08,16487,BC,1118,CS,OC
1613,222222,185.08,16488,BC,2719,EC,OC
1614,371270,185.075,16489,BC,2767,BM,OC
1615,242334,185.075,16490,MBCDNC,2711,CS,MBCDNC
1616,260409,185.075,16491,BC,4020,CS,OC
1617,226881,185.075,16492,MBCV,5910,CS,OC
1618,261197,185.075,16493,BC,5986,IT,BC
1619,226180,185.075,16494,BC,3011,BT,BC
1620,263623,185.075,16499,BC,2719,EC,OC
1621,217401,185.075,16500,BC,2712,ME,BC
1622,355737,185.07,16503,BC,3011,BT,BC
1623,335998,185.07,16505,BC,1419,EE,OC
1624,317246,185.065,16507,BC,1120,CS,BC
1625,244365,185.065,16508,BCM,5,IT,OC
1626,325399,185.065,16510,BC,1149,CS,OC
1627,312447,185.065,16510A,BC,1120,CS,BC
1628,227647,185.065,16511,MBCV,2718,EC,MBCV
1629,210117,185.065,16512,BC,2005,CE,BC
1630,300850,185.065,16514,MBCDNC,2377,CE,MBCDNC
1631,346621,185.065,16515,SC,1,MI,SC
1632,203766,185.065,16516,BC,5010,CS,OC
1633,215940,185.065,16517,BC,2706,CS,BC
1634,352829,185.065,16518,OC,2712,AU,OC
1635,283597,185.065,16520,BC,1026,CS,BC
1636,219921,185.065,16521,BC,1309,IT,OC
1637,258249,185.065,16524,MBCV,1304,IT,MBCV
1638,322723,185.065,16526,MBCV,2,CR,MBCV
1639,287832,185.065,16527,BC,4960,EC,BC
1640,230988,185.065,16530,BC,1324,CS,BC
1641,207405,185.06,16531,BC,2722,EC,OC
1642,260509,185.06,16532,BC,2723,CS,OC
1643,204673,185.06,16533,BC,1324,IT,OC
1644,282549,185.055,16534,BC,2739,IT,BC
1645,211187,185.055,16535,MBCDNC,2722,CS,MBCDNC
1646,296274,185.055,16536,BC,2653,EC,OC
1647,359748,185.055,16537,MBCV,5901,EE,MBCV
1648,297975,185.055,16539,BC,2709,EC,BC
1649,219294,185.055,16540,BC,3011,CS,BC
1650,257859,185.05,16541,BC,1422,CS,BC
1651,234598,185.05,16542,BC,1324,CS,BC
1652,235840,185.045,16544,BC,2739,IT,BC
1653,276556,185.045,16545,BC,1304,EC,BC
1654,313986,185.045,16546,MBCDNC,2712,EE,MBCDNC
1655,307428,185.045,16547,BC,1324,CS,BC
1656,222780,185.045,16548,BC,1216,IT,OC
1657,359670,185.045,16549,BC,1231,CS,OC
1658,311393,185.045,16550,BC,1149,CS,OC
1659,300806,185.045,16551,BC,2702,AL,BC
1660,256127,185.045,16552,BC,1419,EC,BC
1661,263103,185.045,16554,BC,2711,EC,BC
1662,273949,185.045,16555,BC,1216,CS,OC
1663,262398,185.045,16557,SC,4,PR,SC
1664,273979,185.045,16558,BC,2711,EE,OC
1665,219913,185.045,16559,BC,2702,CT,OC
1666,298147,185.045,16560,BC,3011,PH,OC
1667,348856,185.04,16562,MBCV,2005,ME,MBCV
1668,266418,185.04,16565,MBC,1316,CS,OC
1669,314557,185.04,16567,BC,2006,TT,OC
1670,212342,185.04,16568,BC,2,CR,BC
1671,329217,185.035,16571,MBCV,1219,ME,OC
1672,224382,185.035,16573,MBCDNC,3011,CS,MBCDNC
1673,211843,185.035,16574,MBCDNC,2006,FY,MBCDNC
1674,337067,185.035,16575,BC,5901,EE,BC
1675,270287,185.035,16576,SC,1399,MZ,SC
1676,252223,185.035,16577,BC,2711,EE,OC
1677,246701,185.03,16578,MBC,2025,EC,MBC
1678,339567,185.03,16579,MBCV,2603,EE,OC
1679,270382,185.03,16580,BC,2711,EC,BC
1680,224348,185.03,16581,MBCV,2006,AS,MBCV
1681,302591,185.025,16582,BC,1412,CS,OC
1682,289163,185.02,16584,MBC,2603,CS,MBC
1683,240186,185.02,16586,BC,2622,EC,OC
1684,314763,185.02,16587,MBCDNC,2706,CS,MBCDNC
1685,248964,185.01,16588,BC,2723,BM,OC
1686,211658,185.01,16589,BC,5986,IT,BC
1687,272096,185.01,16590,BC,3011,CS,BC
1688,315805,185.01,16591,BC,1317,ME,OC
1689,250923,185.01,16592,MBCV,2704,EC,OC
1690,212425,185.01,16593,MBCV,1114,CS,OC
1691,220820,185.01,16595,BC,1149,EC,OC
1692,260910,185.01,16596,MBC,2006,FY,MBC
1693,228260,185.01,16597,BC,2739,IT,BC
1694,272605,185.01,16599,BC,2722,EC,OC
1695,201003,185.01,16600,BCM,1419,EC,BCM
1696,251452,185.01,16602,BC,5910,CS,OC
1697,340242,185.01,16603,BC,2618,CS,OC
1698,294429,185.01,16604,MBC,2722,EC,OC
1699,204594,185.01,16605,BC,2711,AL,OC
1700,208233,185.01,16606,BCM,2718,EE,BCM
1701,256626,185.01,16607,BCM,4960,AD,BCM
1702,257139,185.01,16609,BC,1419,EC,BC
1703,251609,185.01,16610,BC,2709,EC,BC
1704,203643,185.01,16611,BCM,2722,AD,BCM
1705,203328,185.01,16613,BC,1432,CS,BC
1706,259686,185.01,16614,MBCDNC,4955,CS,OC
1707,258769,185.01,16615,BC,4678,CS,BC
1708,212241,185.01,16616,BC,4960,EC,BC
1709,364633,185,16619,BC,5901,EE,BC
1710,285920,185,16620,BC,2615,MT,OC
1711,303359,185,16622,BC,2712,FT,OC
1712,293044,185,16625,OC,1112,AL,OC
1713,310619,185,16626,OC,1216,BM,OC
1714,343602,185,16628,BC,4959,CS,OC
1715,241373,185,16629,MBCDNC,5910,CS,OC
1716,291326,185,16633,BCM,1309,CS,BCM
1717,273394,185,16634,MBCDNC,2006,AS,MBCDNC
1718,323995,185,16635,OC,3465,EC,OC
1719,350117,185,16638,BC,2702,AL,BC
1720,314582,185,16639,MBCV,1317,BT,MBCV
1721,304354,185,16641,SC,5008,IM,SC
1722,332305,185,16645,OC,1219,CH,OC
1723,268619,185,16648,SC,2,CL,SC
1724,293213,185,16649,BC,1399,ME,OC
1725,354318,185,16650,BC,2005,CE,BC
1726,327519,185,16651,BC,2704,CS,OC
1727,285959,185,16652,BC,5,CS,OC
1728,200700,185,16654,BC,2719,EC,OC
1729,229577,185,16656,SC,2615,CS,SC
1730,205319,185,16658,BC,2006,PS,BC
1731,313144,185,16659,BC,1324,CS,BC
1732,287957,185,16665,BC,1216,CS,OC
1733,303412,185,16666,MBCV,4,RP,MBCV
1734,286959,185,16668,BC,2712,ME,BC
1735,335890,185,16669,MBC,2711,CD,OC
1736,244932,185,16670,BC,2702,BM,OC
1737,354999,185,16671,BC,2719,AD,BC
1738,300732,185,16673,MBCV,2711,CS,MBCV
1739,328024,185,16680,MBCV,1210,EC,OC
1740,340066,185,16681,BC,2722,EC,OC
1741,205600,185,16684,OC,1324,IT,OC
1742,360632,185,16685,OC,1112,AL,OC
1743,293126,185,16686,BC,2709,EC,BC
1744,342765,185,16687,MBCV,2740,AD,OC
1745,341473,185,16693,BC,2702,BT,BC
1746,229570,185,16698,SC,4,PR,SC
1747,304105,185,16700,BCM,1128,CS,OC
1748,314500,185,16701,MBCV,2618,BM,OC
1749,349730,185,16704,MBC,2722,CS,MBC
1750,293944,185,16706,BC,4960,EC,BC
1751,270728,185,16709,MBCV,2007,CE,MBCV
1752,297197,185,16710,BC,2711,EE,OC
1753,343356,185,16712,BC,1211,EE,BC
1754,211742,185,16714,BC,2722,EC,OC
1755,332433,185,16715,BC,1419,EC,BC
1756,299432,185,16716,MBCV,1419,IT,MBCV
1757,346611,185,16717,BC,2712,ME,BC
1758,318613,185,16719,BC,3806,BM,OC
1759,304469,185,16720,MBC,1317,EC,MBC
1760,230648,185,16722,MBCV,2718,EC,MBCV
1761,227600,185,16723,BC,2005,PR,BC
1762,284867,185,16724,BC,2702,CT,OC
1763,274603,185,16727,MBC,2711,EC,MBC
1764,290056,185,16731,MBCDNC,1304,BM,MBCDNC
1765,207323,185,16732,MBCDNC,1216,CS,OC
1766,343530,185,16735,SC,1219,CS,SC
1767,346401,185,16738,BC,1112,EC,OC
1768,305530,185,16742,MBC,2704,CS,OC
1769,298689,185,16743,BC,4960,BT,OC
1770,293404,185,16746,BC,2,TX,BC
1771,329562,185,16747,BC,1128,CS,OC
1772,321806,185,16748,BC,3830,CS,OC
1773,259829,185,16749,BC,1432,AD,OC
1774,339742,185,16751,MBCV,1210,IT,MBCV
1775,335117,185,16752,BC,2005,CE,BC
1776,340026,185,16753,SC,2718,CS,SC
1777,323065,185,16754,BC,4023,EC,OC
1778,280114,185,16755,ST,2006,EC,ST
1779,300506,185,16757,BC,4960,EC,BC
1780,261187,185,16759,BC,2711,EE,OC
1781,211478,185,16763,MBCV,2722,AD,MBCV
1782,326994,185,16764,BCM,4960,EC,BCM
1783,305662,185,16765,MBCDNC,1317,IT,MBCDNC
1784,242107,185,16768,ST,1315,CS,ST
1785,283752,185,16770,BC,4955,AD,OC
1786,356670,185,16771,BC,1432,AD,OC
1787,328849,185,16776,BC,1304,EC,BC
1788,357146,185,16778,BC,3011,CS,BC
1789,353711,185,16784,BC,2006,PS,BC
1790,339312,185,16786,OC,1120,IT,OC
1791,320971,185,16787,BC,2722,EC,OC
1792,277356,185,16789,BC,2702,FD,OC
1793,328440,185,16790,BC,1128,CS,OC
1794,326884,185,16791,BC,1211,EE,BC
1795,352118,185,16792,MBCV,1211,BT,MBCV
1796,300361,185,16793,BC,2006,PS,BC
1797,299641,185,16794,OC,1120,AD,OC
1798,257801,185,16795,MBCDNC,1112,CS,MBCDNC
1799,349805,185,16803,BCM,1399,EE,BCM
1800,300312,185,16806,MBCV,2711,CS,MBCV
1801,280502,185,16809,BC,2618,CS,OC
1802,322462,185,16814,BC,1419,EC,BC
1803,291975,185,16814A,BC,4023,CS,OC
1804,343199,185,16815,BC,1210,AD,OC
1805,325002,185,16816,BC,2006,PS,BC
1806,226062,185,16817,BCM,1,PT,BCM
1807,336225,185,16821,BC,2711,CD,OC
1808,311536,185,16827,BC,1450,ME,OC
1809,255606,185,16832,BC,1450,ME,OC
1810,310226,185,16833,MBCV,1113,CB,MBCV
1811,312752,185,16834,BC,2719,AD,BC
1812,284274,185,16835,BC,1210,IT,BC
1813,291505,184.995,16840,SC,2,PM,SC
1814,333680,184.99,16841,BC,2006,FY,BC
1815,372923,184.99,16842,MBCV,4974,CS,MBCV
1816,265988,184.99,16843,MBCV,2005,CE,MBCV
1817,300736,184.99,16844,BC,2615,MT,OC
1818,237854,184.99,16845,MBCV,1216,EC,OC
1819,270453,184.99,16846,MBCV,2709,IT,MBCV
1820,234805,184.99,16847,BC,4974,EE,OC
1821,215459,184.99,16848,MBCDNC,2712,ME,MBCDNC
1822,314274,184.99,16849,BC,2711,EE,OC
1823,246960,184.99,16850,SC,1317,CS,SC
1824,235888,184.985,16851,BC,1120,CS,BC
1825,217867,184.985,16852,BCM,1450,EE,BCM
1826,349597,184.985,16853,MBCV,2711,CS,MBCV
1827,269870,184.985,16854,MBCV,1306,EC,OC
1828,271153,184.985,16855,BC,4020,CS,OC
1829,217817,184.98,16856,MBCDNC,3819,EC,OC
1830,308179,184.98,16857,BC,2005,CE,BC
1831,259993,184.98,16860,MBCV,1210,CS,MBCV
1832,224134,184.98,16861,BC,1321,MN,OC
1833,258311,184.98,16862,BC,2706,CS,BC
1834,313417,184.975,16863,BC,2751,CS,OC
1835,306183,184.975,16864,BC,1210,IT,BC
1836,270691,184.975,16865,BC,1309,IT,BC
1837,295990,184.975,16866,MBCV,1419,IT,MBCV
1838,332807,184.975,16867,BC,1309,IT,BC
1839,267100,184.975,16869,BC,5986,IT,BC
1840,248818,184.975,16871,BC,5986,IT,BC
1841,280219,184.975,16872,BC,3465,EC,OC
1842,209989,184.97,16873,MBCV,2005,ME,MBCV
1843,323018,184.97,16874,BC,2618,CS,OC
1844,320925,184.97,16875,BC,5901,EE,BC
1845,257634,184.97,16876,MBC,2005,CE,MBC
1846,227112,184.97,16877,BC,2735,AD,OC
1847,217002,184.965,16878,MBCV,2603,EC,MBCV
1848,205432,184.965,16880,MBCDNC,2377,ME,MBCDNC
1849,291371,184.965,16883,BC,1210,CE,OC
1850,284955,184.965,16885,BC,2722,EC,OC
1851,312789,184.965,16886,BC,2,TX,BC
1852,230722,184.965,16887,BC,2711,AL,BC
1853,273094,184.965,16888,BC,1432,CS,BC
1854,288438,184.965,16889,BC,4962,CS,BC
1855,200692,184.965,16890,BC,2608,AL,OC
1856,341628,184.96,16891,BC,4023,EC,OC
1857,242569,184.955,16892,MBCV,1317,EC,MBCV
1858,360066,184.955,16894,BC,1216,CS,OC
1859,246541,184.955,16896,BC,1210,IT,BC
1860,256566,184.955,16899,MBCDNC,4,RP,MBCDNC
1861,294173,184.955,16902,SC,2005,CE,SC
1862,207596,184.955,16903,BC,2006,TT,OC
1863,335478,184.955,16904,SC,1315,BM,SC
1864,278949,184.955,16906,SC,2007,EM,SC
1865,212539,184.955,16908,OC,2710,AD,OC
1866,333078,184.955,16909,MBCV,5,CS,OC
1867,274632,184.955,16910,MBC,2722,AD,MBC
1868,232487,184.955,16913,SC,2712,EC,SC
1869,349692,184.955,16914,BC,1309,IT,BC
1870,206545,184.955,16915,MBCV,1304,IT,MBCV
1871,331810,184.955,16916,BC,2620,BM,OC
1872,304044,184.95,16917,BCM,2,CR,BCM
1873,211317,184.95,16918,MBCDNC,2377,CE,MBCDNC
1874,260610,184.945,16920,BC,1026,CS,BC
1875,236554,184.945,16923,BC,2618,CS,BC
1876,269589,184.945,16924,BC,1149,AD,OC
1877,220826,184.945,16926,BC,1422,IT,OC
1878,345071,184.945,16927,MBCDNC,2608,CS,OC
1879,284993,184.945,16928,BCM,1113,IT,BCM
1880,215341,184.94,16929,BC,2719,AD,BC
1881,228703,184.935,16931,BC,1419,EC,BC
1882,216057,184.935,16932,SC,1,MA,SC
1883,209778,184.935,16933,BC,2702,CT,BC
1884,306774,184.935,16935,MBCDNC,1149,CS,OC
1885,339732,184.935,16937,BC,2710,EC,OC
1886,227880,184.935,16938,BC,1210,AD,OC
1887,324168,184.935,16939,MBC,1149,EC,OC
1888,254674,184.935,16940,BC,1306,CS,OC
1889,271454,184.93,16941,BC,1317,EE,OC
1890,313643,184.93,16942,BC,2005,PR,BC
1891,220228,184.925,16947,MBCDNC,2005,IB,MBCDNC
1892,247010,184.925,16948,MBCDNC,2712,MZ,MBCDNC
1893,342249,184.925,16950,BC,2656,ME,OC
1894,220232,184.925,16952,SC,2,PM,SC
1895,259927,184.925,16953,MBC,4,RP,MBC
1896,269973,184.925,16954,BC,5910,CS,OC
1897,327534,184.925,16955,MBCDNC,2005,IB,MBCDNC
1898,344863,184.925,16957,BC,1210,AD,OC
1899,322094,184.92,16959,BC,2622,EC,OC
1900,350211,184.92,16962,OC,2621,IT,OC
1901,261382,184.92,16963,BC,2702,EE,OC
1902,204950,184.92,16964,BC,4960,ME,OC
1903,274998,184.92,16965,SC,1,MA,SC
1904,275015,184.92,16967,BC,2702,SE,OC
1905,232655,184.92,16968,BC,2751,IT,OC
1906,262564,184.92,16969,BC,3011,CS,BC
1907,244257,184.92,16970,BC,2722,EC,OC
1908,256670,184.92,16971,BC,2608,CS,OC
1909,227149,184.92,16972,SC,2006,RA,SC
1910,268074,184.915,16974,BC,2719,EC,OC
1911,224542,184.91,16976,OC,1309,AD,OC
1912,298268,184.91,16977,BC,2005,CE,BC
1913,227190,184.91,16980,BC,2719,EC,OC
1914,344147,184.91,16981,BC,1504,CS,OC
1915,280490,184.905,16982,BC,5910,CS,OC
1916,280193,184.905,16983,MBCV,1211,CD,MBCV
1917,269599,184.905,16984,BC,2636,CS,OC
1918,233130,184.905,16985,MBCDNC,4,RP,MBCDNC
1919,290337,184.9,16986,SC,4,PR,SC
1920,222245,184.9,16987,BC,5,CF,OC
1921,330600,184.9,16988,MBC,2702,AL,MBC
1922,260921,184.9,16989,BC,1219,ME,OC
1923,309330,184.9,16990,BC,2708,EC,OC
1924,205786,184.9,16991,BC,1120,CS,BC
1925,229294,184.9,16993,BC,5986,IT,BC
1926,230514,184.9,16994,MBCDNC,2722,CS,MBCDNC
1927,236193,184.9,16995,BCM,4678,EE,OC
1928,255282,184.9,16996,BC,2661,CS,OC
1929,322550,184.9,16997,BC,1210,AD,OC
1930,200428,184.9,16998,MBCDNC,2718,CJ,MBCDNC
1931,364171,184.9,16999,BC,2750,CS,OC
1932,210805,184.9,17000,BC,5910,CS,OC
1933,211076,184.9,17001,BC,2764,CS,BC
1934,329013,184.9,17002,OC,1118,CS,OC
1935,233289,184.9,17003,OC,1324,IT,OC
1936,319514,184.9,17005,BC,1432,EC,OC
1937,307264,184.9,17006,MBCDNC,2722,EC,OC
1938,253488,184.9,17007,MBC,1399,MZ,MBC
1939,261452,184.9,17009,BC,2722,EC,OC
1940,277264,184.9,17011,BC,1231,CS,OC
1941,297017,184.9,17012,MBCV,3011,IT,OC
1942,239756,184.9,17013,MBCDNC,2711,IT,MBCDNC
1943,208411,184.9,17014,BCM,3830,EC,OC
1944,318549,184.89,17015,SC,4,PR,SC
1945,259006,184.89,17016,OC,1112,EC,OC
1946,244176,184.89,17017,BC,2722,EC,OC
1947,336070,184.89,17018,BC,2,CR,BC
1948,215123,184.89,17019,BC,1026,EE,OC
1949,355775,184.89,17020,BC,4959,EE,OC
1950,248953,184.89,17021,BC,1120,CS,BC
1951,205830,184.89,17023,BC,2005,PR,BC
1952,279963,184.89,17024,BC,2603,EC,BC
1953,244839,184.89,17025,BC,2719,AD,BC
1954,288385,184.885,17026,BC,2006,TT,OC
1955,227717,184.88,17029,BC,1128,CS,OC
1956,208549,184.88,17031,BC,2719,EC,OC
1957,277166,184.88,17032,MBCDNC,2025,EC,MBCDNC
1958,240787,184.87,17033,BC,4020,CS,OC
1959,332248,184.87,17034,BC,2702,EE,OC
1960,262024,184.87,17035,BC,4965,BM,OC
1961,297162,184.87,17036,BCM,4974,EC,BCM
1962,215234,184.87,17038,MBC,2005,CE,MBC
1963,290663,184.87,17039,BC,2601,CS,OC
1964,302730,184.87,17040,MBCV,1424,CS,OC
1965,301348,184.87,17041,BC,5010,CS,OC
1966,249144,184.865,17044,MBC,1219,EE,MBC
1967,231549,184.865,17045,SC,2,PP,SC
1968,211538,184.865,17047,SC,5901,CS,SC
1969,354945,184.865,17048,MBC,3011,CS,MBC
1970,333810,184.865,17049,BC,1211,BT,BC
1971,230520,184.865,17050,SC,4,PR,SC
1972,307132,184.865,17052,BC,2702,BT,BC
1973,246097,184.865,17053,MBCDNC,2712,MZ,MBCDNC
1974,291159,184.865,17054,BC,2005,CE,BC
1975,327599,184.865,17056,BC,2618,CS,BC
1976,266098,184.865,17057,MBCV,1216,CS,OC
1977,213596,184.865,17058,BC,4962,EC,OC
1978,339583,184.865,17059,BC,3786,CS,OC
1979,337775,184.865,17063,BC,1237,EC,OC
1980,270359,184.865,17064,SC,2,PM,SC
1981,303591,184.865,17065,BC,1317,EE,OC
1982,252839,184.865,17066,MBCV,2005,IB,MBCV
1983,339113,184.865,17067,BC,1432,EC,OC
1984,313757,184.86,17068,BC,2006,PS,BC
1985,221827,184.855,17071,MBCDNC,5910,IT,OC
1986,229101,184.855,17072,OC,2712,AU,OC
1987,337210,184.855,17073,BC,2702,CB,BC
1988,327185,184.855,17076,BC,2709,EC,BC
1989,300897,184.855,17077,BC,2025,EE,OC
1990,310738,184.855,17079,MBCV,5008,MF,MBCV
1991,273873,184.855,17081,MBC,1113,EC,MBC
1992,252008,184.855,17085,BC,1112,AL,OC
1993,267432,184.855,17086,MBCV,2007,CH,MBCV
1994,235329,184.85,17088,BC,4993,AG,OC
1995,236252,184.845,17090,SC,2005,CE,SC
1996,203784,184.845,17091,BC,1324,CS,BC
1997,262250,184.845,17094,MBCDNC,2607,EE,OC
1998,262068,184.845,17095,MBCDNC,4023,CS,OC
1999,229537,184.845,17097,OC,4933,ME,OC
2000,207282,184.845,17099,BC,2736,AD,OC
2001,348171,184.845,17100,BC,1113,CD,BC
2002,287739,184.845,17101,BC,2005,CE,BC
2003,236855,184.845,17102,BC,2702,CT,BC
2004,211059,184.845,17103,BC,1432,EC,OC
2005,209699,184.845,17104,BC,2621,CS,OC
2006,215938,184.845,17105,BC,2615,MT,BC
2007,261637,184.835,17108,MBC,3795,ME,OC
2008,228013,184.835,17109,BC,4960,EC,BC
2009,313974,184.835,17110,BC,2615,ME,OC
2010,339776,184.835,17111,BC,1211,EE,BC
2011,301439,184.835,17112,BC,5530,CS,OC
2012,279783,184.835,17113,OC,1210,CO,OC
2013,272930,184.835,17114,BC,4974,EE,BC
2014,262961,184.835,17117,OC,1309,EC,OC
2015,228960,184.835,17118,BC,4023,CS,OC
2016,312699,184.835,17121,MBC,1317,AD,MBC
2017,296126,184.835,17122,MBCDNC,4994,EE,OC
2018,268941,184.835,17125,BC,4971,CS,OC
2019,235303,184.835,17126,BC,4965,BT,OC
2020,220121,184.835,17127,MBCV,1321,MN,OC
2021,241491,184.835,17129,BC,2622,BM,OC
2022,241309,184.83,17130,BC,2622,EC,OC
2023,272068,184.825,17132,BC,1432,AD,OC
2024,333259,184.825,17133,BC,4957,EC,OC
2025,248762,184.825,17134,MBC,1321,MN,OC
2026,236038,184.825,17135,BC,1216,CS,OC
2027,306146,184.825,17136,MBC,3803,EC,OC
2028,222321,184.825,17137,MBCDNC,4971,CS,OC
2029,232305,184.825,17138,BC,2357,AG,OC
2030,281151,184.82,17140,BC,2719,AD,BC
2031,240830,184.82,17141,OC,1128,CS,OC
2032,239101,184.82,17142,BC,1516,EC,OC
2033,346164,184.82,17143,MBCV,1210,EC,OC
2034,241706,184.82,17144,BC,1432,CS,BC
2035,261310,184.815,17145,BC,2006,PS,BC
2036,275472,184.815,17146,BC,2702,EE,OC
2037,260571,184.815,17149,BC,2005,CE,BC
2038,342104,184.815,17150,MBCV,2711,AD,MBCV
2039,361737,184.815,17151,MBCV,1112,CS,MBCV
2040,246776,184.815,17152,MBCV,3011,CS,MBCV
2041,232063,184.815,17153,ST,2007,AT,ST
2042,278556,184.81,17154,BC,2712,MZ,BC
2043,295516,184.81,17155,SC,4974,CE,OC
2044,255454,184.81,17156,BCM,2006,PS,BCM
2045,303186,184.81,17157,BC,1219,ME,OC
2046,235456,184.81,17158,SC,2615,EC,SC
2047,207016,184.81,17162,BC,1419,EC,BC
2048,337043,184.81,17165,BC,2722,EC,OC
2049,224109,184.8,17170,BC,2603,EC,BC
2050,352894,184.8,17173,BC,2702,AL,BC
2051,212052,184.8,17174,BC,2719,EC,OC
2052,222206,184.795,17175,MBC,2706,CS,MBC
2053,323324,184.795,17178,SCA,1315,IT,SCA
2054,244132,184.795,17180,SCA,2314,AD,OC
2055,258321,184.79,17181,BC,2618,CS,BC
2056,219665,184.79,17183,MBCV,3410,CS,OC
2057,267793,184.79,17184,BC,4954,IT,OC
2058,360962,184.79,17186,MBCV,2610,CE,OC
2059,247094,184.79,17187,BC,1324,CS,BC
2060,263118,184.79,17188,MBC,2719,EC,MBC
2061,307134,184.79,17189,BC,2,TX,BC
2062,272089,184.79,17190,BC,2739,IT,BC
2063,202742,184.79,17192,MBCDNC,1113,IT,MBCDNC
2064,270952,184.79,17194,SC,2709,AU,OC
2065,344750,184.79,17195,MBCV,2656,EE,OC
2066,326257,184.79,17197,OC,2622,CS,OC
2067,215657,184.79,17198,BC,2005,PR,BC
2068,307978,184.79,17199,BC,2615,ME,OC
2069,273469,184.78,17200,BC,2618,IT,OC
2070,217808,184.78,17201,SCA,1,MN,SCA
2071,217310,184.78,17202,BC,2719,BM,OC
2072,306484,184.78,17204,BC,4020,CS,OC
2073,336147,184.78,17210,OC,2711,MZ,OC
2074,258344,184.78,17211,OC,1306,BT,OC
2075,245993,184.78,17214,SC,2708,AE,OC
2076,342786,184.78,17215,BC,1128,CS,BC
2077,308900,184.78,17216,MBCDNC,1419,IT,MBCDNC
2078,316673,184.78,17217,BC,1114,CS,OC
2079,304661,184.78,17220,MBC,2025,EE,OC
2080,233378,184.78,17222,OC,1216,AD,OC
2081,337131,184.78,17223,BC,1419,EC,BC
2082,342890,184.78,17224,BC,1432,EC,OC
2083,203674,184.78,17225,BC,2719,EC,BC
2084,342778,184.78,17226,BC,1210,IT,BC
2085,251617,184.78,17227,BCM,2718,CJ,BCM
2086,272442,184.78,17228,MBCV,2601,CS,OC
2087,291415,184.78,17229,BC,2709,EC,BC
2088,304924,184.775,17232,BC,2711,AL,BC
2089,250102,184.775,17233,MBCV,2712,MZ,MBCV
2090,230786,184.77,17234,BC,1324,AD,OC
2091,205632,184.77,17237,BC,5010,CE,OC
2092,321949,184.77,17238,MBCV,2,TX,MBCV
2093,261992,184.765,17240,BC,2723,EC,OC
2094,292158,184.76,17243,BC,4960,EC,BC
2095,285693,184.76,17245,BC,2608,CS,OC
2096,324060,184.76,17246,MBCDNC,2702,EC,MBCDNC
2097,238922,184.76,17247,SC,5901,CS,SC
2098,240676,184.76,17248,BC,5986,IT,BC
2099,262765,184.76,17249,BC,4023,EC,OC
2100,262089,184.76,17250,BC,2603,EC,BC
2101,245550,184.76,17251,BC,1216,CS,OC
2102,278971,184.76,17253,BC,2722,EC,OC
2103,201136,184.76,17254,BC,3803,CS,OC
2104,355948,184.76,17257,BC,2621,IT,OC
2105,319105,184.76,17258,BC,2615,CE,OC
2106,222108,184.755,17260,BC,2736,CS,OC
2107,217683,184.755,17261,BC,1309,IT,BC
2108,265725,184.755,17263,BC,1219,ME,OC
2109,289031,184.755,17264,MBCDNC,1113,IT,MBCDNC
2110,234606,184.755,17265,BC,1422,AD,BC
2111,251325,184.755,17266,BC,1120,IT,OC
2112,251370,184.755,17267,BC,2712,TX,OC
2113,250361,184.755,17269,BC,1422,CS,BC
2114,242233,184.75,17271,BC,4917,BM,OC
2115,281618,184.75,17272,BC,2739,IT,BC
2116,213387,184.75,17273,MBCV,2611,EC,OC
2117,368620,184.75,17274,BC,2750,CS,OC
2118,337526,184.75,17275,BC,1422,EC,OC
2119,346869,184.75,17276,BC,2702,ME,OC
2120,276912,184.745,17279,MBCV,2620,EE,OC
2121,240352,184.745,17281,OC,1324,IT,OC
2122,292399,184.745,17282,OC,1422,IT,OC
2123,315461,184.745,17283,BC,2723,EC,OC
2124,208293,184.745,17285,BC,1307,CS,OC
2125,234201,184.745,17286,BC,5901,EE,BC
2126,309588,184.735,17289,MBC,2702,EC,MBC
2127,370877,184.735,17290,BC,2731,EE,OC
2128,255533,184.735,17291,BC,3011,IT,OC
2129,201451,184.735,17293,BC,5910,IT,OC
2130,241908,184.735,17295,BC,1422,CS,BC
2131,263222,184.735,17297,MBC,2719,EC,MBC
2132,356911,184.73,17298,OC,5,IT,OC
2133,239107,184.725,17299,MBCV,1311,CS,OC
2134,253817,184.725,17300,BC,1422,CS,BC
2135,286544,184.725,17302,BC,1422,CY,OC
2136,265113,184.725,17304,MBCV,3465,CS,MBCV
2137,220622,184.725,17305,BC,2702,EE,OC
2138,286569,184.725,17307,SC,1309,EC,OC
2139,258217,184.725,17308,MBCDNC,4960,EC,MBCDNC
2140,246653,184.725,17309,BC,2618,CS,BC
2141,218226,184.725,17310,BC,2653,AD,OC
2142,285121,184.725,17311,MBCDNC,2722,CS,MBCDNC
2143,201374,184.725,17312,BC,1210,CO,OC
2144,240649,184.725,17313,BC,2005,PR,BC
2145,273926,184.725,17315,MBCV,2005,ME,MBCV
2146,215602,184.725,17317,BC,1321,PA,BC
2147,227535,184.725,17318,BC,2718,MZ,OC
2148,239850,184.725,17319,BC,1419,EC,BC
2149,347427,184.725,17320,SC,2006,MF,SC
2150,265815,184.725,17321,MBCV,2615,MT,MBCV
2151,205425,184.725,17322,MBCDNC,4,RP,MBCDNC
2152,238140,184.725,17324,OC,2706,AD,OC
2153,271907,184.725,17325,MBC,2,AP,MBC
2154,220374,184.725,17326,BC,2618,EC,OC
2155,261736,184.725,17327,BC,1128,AD,OC
2156,211793,184.72,17330,BC,2618,CS,BC
2157,279298,184.72,17333,MBCV,2369,CS,OC
2158,256522,184.715,17334,SC,2,CL,SC
2159,246967,184.715,17336,BC,2702,SE,BC
2160,266517,184.715,17337,MBCDNC,2722,CS,MBCDNC
2161,277806,184.715,17338,MBCDNC,4965,EC,OC
2162,239151,184.715,17339,BC,2764,CS,BC
2163,202167,184.715,17340,SC,2712,CS,SC
2164,257965,184.715,17341,SC,2702,CS,SC
2165,212980,184.715,17342,BC,3830,CS,OC
2166,239562,184.715,17343,BC,2710,CS,OC
2167,229486,184.715,17344,BC,2706,CS,BC
2168,229092,184.715,17348,BC,1419,EC,BC
2169,231209,184.71,17350,MBCDNC,1304,CS,MBCDNC
2170,335922,184.71,17351,BC,1419,EC,BC
2171,240447,184.71,17352,SC,5008,IM,SC
2172,257236,184.71,17353,MBCDNC,4980,CS,OC
2173,256942,184.705,17355,OC,1520,CS,OC
2174,319085,184.705,17356,MBCV,2718,EE,MBCV
2175,270429,184.705,17357,MBCV,1113,AD,MBCV
2176,257474,184.705,17358,BC,1304,EC,BC
2177,245977,184.705,17359,MBC,2764,ME,OC
2178,256102,184.705,17360,MBCV,1412,IT,OC
2179,259584,184.7,17364,BC,1216,CS,OC
2180,259352,184.7,17365,BC,2702,EE,OC
2181,274773,184.7,17367,BC,1321,PA,BC
2182,301178,184.7,17368,BC,2702,SE,BC
2183,246607,184.7,17369,SC,1,MI,SC
2184,252388,184.7,17370,BC,2618,CS,BC
2185,207316,184.7,17371,MBC,2711,AL,MBC
2186,254388,184.695,17373,BC,1211,EE,BC
2187,339662,184.695,17374,MBCV,2618,CS,MBCV
2188,305581,184.69,17378,BC,2710,CS,OC
2189,282162,184.69,17379,BC,2706,CS,BC
2190,227341,184.69,17380,BCM,1210,CS,BCM
2191,275657,184.69,17381,SC,2007,EM,SC
2192,321714,184.69,17382,BC,2711,AL,BC
2193,233226,184.69,17384,BC,5910,CS,OC
2194,311940,184.69,17385,BC,1113,CD,BC
2195,229752,184.69,17387,BC,3011,BT,BC
2196,280531,184.69,17388,MBCV,1118,BM,OC
2197,238979,184.69,17389,BC,2702,BT,BC
2198,248526,184.69,17390,BC,1419,EC,BC
2199,361530,184.685,17392,SC,2,FS,SC
2200,202402,184.68,17393,BC,1309,AD,OC
2201,311173,184.68,17395,SC,2615,CS,SC
2202,321818,184.68,17397,MBCV,1149,IT,OC
2203,253538,184.68,17398,BC,2653,CS,OC
2204,228273,184.68,17400,BC,1309,AD,OC
2205,344942,184.68,17402,BC,1112,EC,OC
2206,287536,184.68,17403,BC,2709,EE,OC
2207,226227,184.68,17404,BC,1419,CJ,OC
2208,227179,184.68,17405,BC,4024,GI,OC
2209,307205,184.68,17406,BC,2711,CD,OC
2210,269956,184.68,17407,MBCDNC,2709,EC,MBCDNC
2211,238112,184.68,17409,MBCDNC,2622,EC,OC
2212,250882,184.68,17410,BC,2712,MZ,BC
2213,205176,184.68,17412,MBCDNC,2006,PN,MBCDNC
2214,245653,184.68,17413,BC,2,TX,BC
2215,243803,184.68,17414,SC,2005,IB,SC
2216,312638,184.68,17415,BCM,2718,CJ,BCM
2217,248889,184.67,17416,MBC,4917,CS,OC
2218,249482,184.67,17418,MBCV,1317,EC,MBCV
2219,249584,184.67,17419,BC,5,CS,OC
2220,206490,184.67,17420,MBCV,1304,IT,MBCV
2221,259485,184.67,17421,MBCV,1317,EC,MBCV
2222,258847,184.67,17422,BC,1324,CS,BC
2223,269741,184.67,17423,BC,1324,CS,BC
2224,306151,184.67,17424,BC,1422,CS,BC
2225,338999,184.67,17425,MBCDNC,2007,CE,MBCDNC
2226,210981,184.67,17426,BC,3011,BT,BC
2227,259412,184.67,17428,OC,1120,IT,OC
2228,214839,184.67,17429,BC,1128,CS,BC
2229,251386,184.67,17430,OC,2608,CB,OC
2230,295428,184.67,17431,BC,2608,CS,OC
2231,278255,184.67,17432,BC,3011,IT,OC
2232,268835,184.67,17433,BC,4023,CS,OC
2233,252827,184.67,17434,MBCDNC,5910,CS,OC
2234,349097,184.67,17435,BC,1324,IT,OC
2235,210212,184.67,17436,BC,2719,AD,BC
2236,252163,184.67,17439,BC,2710,CS,OC
2237,307973,184.66667,17440,BC,2702,EE,OC
2238,282979,184.66667,17441,BC,4960,EC,BC
2239,242607,184.66,17443,SC,3011,CS,SC
2240,260116,184.655,17444,MBCV,1112,CS,MBCV
2241,265151,184.655,17446,BCM,4971,IT,OC
2242,351256,184.65,17449,BC,2369,EC,OC
2243,233974,184.65,17450,MBCV,1422,AD,MBCV
2244,272906,184.65,17451,BC,2607,EC,OC
2245,247940,184.65,17452,BC,1128,CS,BC
2246,236207,184.65,17453,BC,4993,CS,OC
2247,225034,184.65,17454,BC,1112,CB,OC
2248,305650,184.65,17455,BC,2702,EE,OC
2249,210167,184.65,17456,MBCDNC,1304,IT,MBCDNC
2250,265802,184.65,17458,BC,2005,PR,BC
2251,267755,184.645,17459,BC,2603,EC,BC
2252,277227,184.645,17460,BCM,1409,CS,OC
2253,352481,184.645,17462,BC,2702,EE,OC
2254,331773,184.64,17463,BCM,2715,CH,OC
2255,340732,184.64,17464,BC,2661,EC,OC
2256,214980,184.64,17465,MBCV,2,AP,MBCV
2257,297569,184.64,17466,BC,2653,IT,OC
2258,346290,184.64,17467,MBCV,2628,AD,OC
2259,229436,184.64,17468,OC,2709,AU,OC
2260,365423,184.635,17469,BC,3011,CS,BC
2261,278714,184.635,17470,BC,2702,EE,OC
2262,281090,184.635,17471,BC,3801,CS,OC
2263,291590,184.635,17473,BC,5910,CS,OC
2264,269897,184.635,17476,BC,2722,EC,OC
2265,317352,184.635,17478,BC,2702,CB,BC
2266,338518,184.635,17479,MBC,2610,EC,OC
2267,206135,184.63,17480,BC,1211,CH,OC
2268,245533,184.625,17481,BCM,4960,CS,BCM
2269,287932,184.625,17483,MBCDNC,3465,CS,MBCDNC
2270,362355,184.625,17485,BC,1516,EC,OC
2271,329600,184.625,17486,BC,1516,EC,OC
2272,329293,184.625,17487,BC,2,TX,BC
2273,305404,184.625,17489,SC,5008,IM,SC
2274,205837,184.615,17491,BC,1120,EE,OC
2275,229014,184.615,17492,MBC,2620,TS,OC
2276,227970,184.615,17493,MBCV,1211,BT,MBCV
2277,271525,184.615,17495,OC,2702,FD,OC
2278,248968,184.615,17496,BC,3926,CS,OC
2279,306207,184.615,17497,BC,2709,EE,OC
2280,321345,184.615,17498,MBCV,1432,CS,MBCV
2281,265317,184.615,17499,MBCDNC,2718,EE,MBCDNC
2282,269056,184.615,17501,SC,2007,EE,SC
2283,221440,184.615,17502,BC,1405,AD,OC
2284,243379,184.615,17503,MBCV,2007,CE,MBCV
2285,224683,184.615,17504,BC,1113,EE,BC
2286,234071,184.615,17505,BCM,5910,AD,OC
2287,296681,184.615,17506,SC,2005,CE,SC
2288,336854,184.615,17507,BC,1128,CS,BC
2289,276973,184.615,17508,BC,2,TX,BC
2290,234203,184.615,17509,BC,2622,CS,OC
2291,222702,184.615,17510,BC,1210,IT,BC
2292,312147,184.615,17512,BC,2722,EC,OC
2293,217258,184.615,17513,MBC,2719,IT,MBC
2294,330809,184.615,17514,MBCV,5,IT,OC
2295,236521,184.615,17515,BC,5986,EC,OC
2296,318740,184.61,17518,BC,2369,CS,OC
2297,360017,184.61,17519,BCM,1419,IT,BCM
2298,319880,184.605,17521,BCM,1304,AD,BCM
2299,228066,184.605,17522,OC,1112,CB,OC
2300,228154,184.605,17524,BC,2719,CJ,OC
2301,226689,184.605,17526,BC,1113,ME,OC
2302,212293,184.605,17527,OC,1324,AD,OC
2303,293796,184.605,17528,MBC,5901,ME,OC
2304,338169,184.605,17529,BC,2620,BT,OC
2305,262613,184.605,17530,BC,2712,ME,BC
2306,209779,184.605,17531,BC,1399,ME,BC
2307,287958,184.605,17532,BC,2710,AD,OC
2308,347057,184.605,17533,BC,4974,EE,BC
2309,204852,184.605,17535,BC,2739,IT,BC
2310,322499,184.605,17537,MBCV,3011,CS,MBCV
2311,347911,184.605,17538,BC,3465,EC,OC
2312,248443,184.605,17539,BC,4959,IT,OC
2313,363239,184.605,17540,BC,1324,CS,BC
2314,311751,184.6,17541,BC,1120,CS,BC
2315,285887,184.6,17542,BC,1120,CS,BC
2316,310671,184.6,17543,BC,3826,AD,OC
2317,231381,184.595,17548,SC,1013,EC,OC
2318,333965,184.595,17549,MBCV,2712,AE,MBCV
2319,258985,184.595,17550,BC,2025,EE,OC
2320,245042,184.59,17551,BC,1419,CJ,OC
2321,247981,184.59,17552,OC,1422,IT,OC
2322,296189,184.59,17553,BC,2620,EC,OC
2323,240376,184.585,17555,BC,4974,EE,BC
2324,245943,184.585,17556,BC,1516,EC,OC
2325,363606,184.585,17558,MBCV,2611,EC,OC
2326,311084,184.585,17561,BC,5010,EC,OC
2327,202449,184.58,17563,BCM,4974,EC,BCM
2328,210843,184.58,17564,BC,1216,CS,OC
2329,259147,184.58,17565,BC,3819,CS,OC
2330,228592,184.58,17566,BC,2715,EC,OC
2331,235588,184.58,17568,BC,2615,CE,OC
2332,272459,184.58,17569,MBCDNC,2711,EC,MBCDNC
2333,339138,184.58,17571,MBCDNC,2643,CS,OC
2334,280422,184.58,17572,MBCV,3465,CS,MBCV
2335,272334,184.58,17574,SC,4974,CS,SC
2336,256430,184.58,17575,SC,2,PM,SC
2337,280848,184.58,17576,BC,5,CH,OC
2338,258164,184.58,17577,SCA,2007,EC,SCA
2339,201573,184.58,17578,MBCV,1149,AD,OC
2340,322009,184.58,17579,MBCV,1516,CE,OC
2341,304176,184.58,17580,BC,3011,AU,OC
2342,224455,184.58,17581,BC,2710,AD,OC
2343,308194,184.58,17582,MBCDNC,2719,BM,OC
2344,233320,184.58,17583,BC,4960,EC,BC
2345,256474,184.575,17584,BC,2739,IT,BC
2346,372506,184.57,17586,MBCDNC,2602,MD,OC
2347,315412,184.57,17588,MBCV,2719,EC,MBCV
2348,273305,184.57,17589,MBC,2722,IT,MBC
2349,231079,184.57,17590,MBCDNC,1422,CS,MBCDNC
2350,207673,184.57,17591,SC,2377,EE,SC
2351,337071,184.57,17592,OC,4960,EE,OC
2352,230242,184.57,17593,MBC,5,CS,OC
2353,350037,184.57,17594,OC,4953,CS,OC
2354,268553,184.57,17596,BC,2,CR,BC
2355,221943,184.57,17597,BC,2618,CS,BC
2356,302276,184.57,17598,MBCDNC,2706,CS,MBCDNC
2357,265289,184.57,17599,MBCV,3011,CS,MBCV
2358,361259,184.57,17601,BC,2702,AG,OC
2359,298658,184.57,17603,BC,3819,CS,OC
2360,217844,184.57,17604,BC,1219,ME,OC
2361,260473,184.57,17605,BC,1516,EC,OC
2362,299954,184.57,17606,BC,1113,EE,BC
2363,281379,184.57,17608,SC,4,PR,SC
2364,258719,184.56,17610,SC,5,CH,OC
2365,265597,184.56,17611,MBCV,2711,EC,MBCV
2366,207220,184.56,17612,BC,1149,CS,BC
2367,236383,184.56,17613,BC,2706,CS,BC
2368,280892,184.56,17614,MBCV,5901,EE,MBCV
2369,324272,184.56,17615,BC,2711,EE,OC
2370,217995,184.56,17618,BC,2706,CS,BC
2371,311872,184.56,17619,BC,1419,EE,OC
2372,231268,184.56,17620,MBCV,1422,EC,OC
2373,259003,184.56,17621,BC,2702,SE,BC
2374,264195,184.56,17622,BC,4962,EC,OC
2375,249699,184.56,17624,BC,1210,AD,OC
2376,316409,184.56,17625,BC,2712,CE,OC
2377,220238,184.56,17626,BC,1128,CS,BC
2378,329995,184.56,17627,BC,2661,CS,OC
2379,301993,184.56,17628,BC,2,TX,BC
2380,241605,184.56,17629,MBCV,1113,ME,OC
2381,232376,184.55,17631,BC,1116,CS,OC
2382,311085,184.55,17632,BC,2710,IT,OC
2383,204326,184.55,17634,BC,2006,FY,BC
2384,224891,184.55,17637,BC,2702,EE,OC
2385,222290,184.55,17638,SC,2615,CS,SC
2386,272295,184.55,17639,SC,5901,EC,SC
2387,322670,184.55,17642,BC,1211,CH,OC
2388,284254,184.545,17644,BC,2702,EE,OC
2389,306688,184.545,17645,BC,2369,CS,OC
2390,220049,184.545,17646,BC,5986,IT,BC
2391,208868,184.545,17647,BC,1324,CS,BC
2392,312437,184.545,17649,BC,2722,EC,OC
2393,304112,184.54,17652,BC,2620,BM,OC
2394,213799,184.54,17653,BC,2706,CS,BC
2395,201566,184.54,17655,MBCDNC,2603,EC,MBCDNC
2396,261261,184.54,17658,BC,2607,AD,OC
2397,209012,184.535,17660,BC,2702,CT,BC
2398,214157,184.535,17661,BC,5910,CS,OC
2399,264043,184.535,17662,BC,2329,AD,OC
2400,349144,184.535,17663,MBC,1399,EE,MBC
2401,214085,184.535,17664,MBCDNC,2005,IB,MBCDNC
2402,340147,184.535,17665,BCM,4974,EC,BCM
2403,225725,184.535,17667,BCM,1210,CS,BCM
2404,368894,184.535,17668,BC,2603,EC,BC
2405,298032,184.535,17671,BC,2739,IT,BC
2406,269410,184.535,17673,BC,5986,IT,BC
2407,244422,184.53,17676,BC,1112,EC,OC
2408,229482,184.53,17677,BC,1210,AD,OC
2409,272415,184.53,17678,MBCV,1419,IT,MBCV
2410,264869,184.53,17679,BC,2722,EC,OC
2411,295980,184.53,17680,MBCV,1113,EC,MBCV
2412,329981,184.53,17681,BC,2723,BM,OC
2413,370271,184.53,17682,SC,2603,CS,SC
2414,219647,184.525,17685,BC,2702,CT,BC
2415,234407,184.525,17687,BC,5865,CS,OC
2416,256817,184.525,17688,SC,1315,ME,SC
2417,226763,184.525,17689,BC,1432,EC,OC
2418,258960,184.525,17690,MBCDNC,1304,CS,MBCDNC
2419,303898,184.525,17691,BC,1516,EE,OC
2420,215367,184.525,17692,SC,1210,CS,SC
2421,265494,184.525,17693,BCM,2007,CL,BCM
2422,262228,184.525,17695,BC,2615,MT,BC
2423,274526,184.525,17696,MBC,2620,EC,OC
2424,226407,184.525,17697,BC,4944,EC,OC
2425,293411,184.525,17699,MBCV,1309,EC,OC
2426,205469,184.515,17702,BC,1321,MN,OC
2427,263290,184.515,17703,SC,3830,EE,OC
2428,259210,184.515,17704,BC,1210,IT,BC
2429,226205,184.51,17705,SC,2005,CE,SC
2430,284031,184.51,17706,MBCDNC,2622,IT,OC
2431,200798,184.51,17707,MBCV,1304,AD,MBCV
2432,260210,184.51,17709,BCM,2722,IT,BCM
2433,317800,184.505,17711,BC,1211,RM,OC
2434,220292,184.505,17712,BC,2722,EC,OC
2435,278400,184.505,17713,BC,2,CR,BC
2436,328599,184.505,17714,MBCV,2005,ME,MBCV
2437,263147,184.505,17715,MBC,4960,CS,MBC
2438,272422,184.505,17716,OC,2722,EE,OC
2439,271383,184.505,17717,BC,3011,CS,BC
2440,213399,184.505,17718,BC,2702,EI,OC
2441,356253,184.5,17723,BC,1211,BT,BC
2442,212611,184.5,17727,MBCDNC,2712,ME,MBCDNC
2443,248070,184.5,17728,BC,2739,CB,OC
2444,282000,184.5,17729,BC,2718,ME,OC
2445,301446,184.5,17731,BC,2,CR,BC
2446,327350,184.5,17732,BC,2,CR,BC
2447,298209,184.5,17736,BC,1324,CS,BC
2448,277854,184.5,17737,OC,2718,ME,OC
2449,369844,184.5,17739,MBCDNC,2711,CH,OC
2450,292658,184.5,17740,BC,1211,CH,OC
2451,346270,184.5,17748,BC,2739,EC,OC
2452,315029,184.5,17750,BC,1324,CS,BC
2453,301545,184.5,17751,BC,1112,IT,BC
2454,299749,184.5,17755,MBCDNC,1114,CS,OC
2455,302118,184.5,17756,BC,1211,EE,BC
2456,202781,184.5,17758,BC,1216,CS,BC
2457,306760,184.5,17761,BC,2025,EE,BC
2458,258857,184.5,17765,OC,1309,AD,OC
2459,359787,184.5,17768,MBCV,1210,CS,MBCV
2460,300536,184.5,17775,BC,2607,CS,OC
2461,280138,184.5,17779,BC,2722,EC,BC
2462,298458,184.5,17780,BC,1118,BM,OC
2463,227028,184.5,17782,BC,2,CR,BC
2464,321521,184.5,17783,BC,1210,AD,OC
2465,238617,184.5,17786,MBC,2712,MZ,MBC
2466,283421,184.5,17789,BC,4960,CE,OC
2467,311974,184.5,17793,BC,4960,EE,OC
2468,280108,184.5,17796,MBC,1422,CS,MBC
2469,328505,184.5,17798,BC,1149,CS,BC
2470,279669,184.5,17799,BC,1219,CH,OC
2471,344532,184.5,17800,BC,1120,EC,OC
2472,313289,184.5,17801,BC,1419,EC,BC
2473,312312,184.5,17803,MBCV,1419,IT,MBCV
2474,296706,184.5,17804,BC,2702,EE,OC
2475,329527,184.5,17806,BC,2711,CD,OC
2476,338100,184.5,17809,MBCV,1216,CS,MBCV
2477,336649,184.5,17815,BC,1324,CS,BC
2478,314549,184.5,17818,BC,2722,EC,BC
2479,302700,184.5,17819,OC,2615,ME,OC
2480,305352,184.5,17824,SCA,2007,CS,SCA
2481,342549,184.5,17828,SC,2718,CS,SC
2482,352382,184.5,17830,BC,4960,EC,BC
2483,301564,184.5,17832,MBCDNC,2006,PS,MBCDNC
2484,293156,184.5,17833,MBCV,1211,RM,OC
2485,209425,184.5,17835,BC,2702,EE,OC
2486,310360,184.5,17841,BC,2712,CE,OC
2487,241330,184.5,17844,BCM,2005,PR,BCM
2488,209377,184.5,17845,OC,1219,CH,OC
2489,308037,184.5,17848,BC,1422,CS,BC
2490,202224,184.5,17851,BC,1210,IT,BC
2491,303555,184.5,17852,OC,2722,EE,OC
2492,278553,184.5,17853,BC,1211,BT,BC
2493,344063,184.5,17855,BC,1211,BT,BC
2494,307738,184.5,17859,SC,5008,IM,SC
2495,317895,184.5,17860,BC,1149,CS,BC
2496,293966,184.5,17862,MBCV,2,TX,MBCV
2497,282472,184.5,17867,OC,2735,CS,OC
2498,312381,184.5,17871,BC,1149,CS,BC
2499,279095,184.5,17873,BC,5986,IT,BC
2500,305594,184.5,17877,BC,2722,EC,BC
2501,292427,184.5,17878,BC,1324,IT,OC
2502,291694,184.5,17882,OC,1211,RM,OC
2503,282198,184.5,17883,BC,1210,IT,BC
2504,238131,184.5,17887,MBC,2,PP,MBC
2505,271745,184.5,17888,BC,3011,CS,BC
2506,300548,184.5,17891,BC,1210,EC,OC
2507,317558,184.5,17896,BC,2711,CD,BC
2508,230507,184.5,17901,BC,2,LE,BC
2509,283084,184.5,17902,BC,1211,BM,BC
2510,306265,184.5,17905,BC,2712,ME,BC
2511,305132,184.5,17907,BCM,2722,IT,BCM
2512,336500,184.5,17908,BC,1399,ME,BC
2513,289505,184.5,17909,SC,1219,CS,SC
2514,283804,184.5,17911,BC,1419,EC,BC
2515,323631,184.5,17914,BC,2702,BT,BC
2516,299539,184.5,17915,BC,1211,BT,BC
2517,282497,184.5,17918,MBCV,5008,MF,MBCV
2518,343824,184.5,17925,BC,4960,EC,BC
2519,281562,184.5,17927,OC,3464,CS,OC
2520,289733,184.495,17928,BCM,1113,CD,BCM
2521,251972,184.495,17929,MBCDNC,2718,EE,MBCDNC
2522,258582,184.495,17930,BCM,2706,CS,BCM
2523,322137,184.495,17934,BC,2618,CS,BC
2524,225143,184.495,17937,BC,4962,CS,BC
2525,294465,184.495,17938,BCM,1304,IT,BCM
2526,301391,184.495,17939,BCM,4974,EC,BCM
2527,252729,184.495,17942,MBCDNC,2739,CS,MBCDNC
2528,200166,184.495,17943,OC,2704,EC,OC
2529,234966,184.495,17944,BC,1422,CS,BC
2530,275135,184.495,17945,BC,2702,CT,BC
2531,244337,184.495,17946,BCM,4917,AD,OC
2532,266941,184.495,17947,MBCDNC,2708,EC,OC
2533,252341,184.495,17948,BC,3701,EE,OC
2534,220537,184.49,17952,BC,1210,IT,BC
2535,211121,184.49,17953,SCA,1304,AD,SCA
2536,224103,184.49,17954,BC,1321,MN,OC
2537,292899,184.49,17955,BC,3819,CS,OC
2538,230478,184.49,17956,MBCDNC,2712,ME,MBCDNC
2539,259767,184.49,17957,SC,2615,CS,SC
2540,261284,184.49,17958,BC,4023,CS,OC
2541,255830,184.49,17959,BC,2369,CS,OC
2542,294856,184.485,17961,MBCV,1419,IT,MBCV
2543,226142,184.485,17962,BC,2725,CS,OC
2544,229318,184.48,17964,OC,2764,EC,OC
2545,279382,184.48,17966,BC,4965,CS,OC
2546,238135,184.48,17968,SC,2006,RA,SC
2547,285747,184.475,17970,BC,1211,EE,BC
2548,266533,184.475,17971,BC,2711,AL,BC
2549,206705,184.475,17972,BC,2726,CS,OC
2550,272953,184.475,17974,SC,1315,ME,SC
2551,345316,184.475,17975,SCA,2005,IT,SCA
2552,254662,184.475,17976,BC,1128,CS,BC
2553,301068,184.475,17978,BC,2706,CS,BC
2554,256987,184.475,17979,MBCV,1026,CS,MBCV
2555,272709,184.475,17980,SC,2005,EI,SC
2556,328221,184.47,17981,BC,1399,ME,BC
2557,251826,184.47,17983,MBCDNC,5986,EC,OC
2558,346087,184.47,17984,BC,2603,EC,BC
2559,305336,184.47,17985,BC,1149,CS,BC
2560,262442,184.47,17988,BC,2723,EC,OC
2561,243879,184.465,17991,BC,2711,AL,BC
2562,286255,184.46,17993,BC,4960,BT,OC
2563,223605,184.46,17994,BCM,2712,ME,BCM
2564,355393,184.46,17995,BC,1113,CD,BC
2565,220101,184.46,17999,BC,2751,CS,OC
2566,321845,184.46,18000,BC,2710,EE,OC
2567,201545,184.46,18001,BC,1113,CD,BC
2568,261647,184.46,18002,BC,5901,ME,OC
2569,287284,184.46,18003,MBCDNC,4971,CS,OC
2570,301100,184.46,18004,MBCV,2739,CS,MBCV
2571,266562,184.46,18005,BC,2741,CS,OC
2572,316618,184.46,18007,BC,3819,CS,OC
2573,267446,184.46,18008,BC,2711,CD,BC
2574,288888,184.46,18009,MBCDNC,1399,EC,MBCDNC
2575,254935,184.46,18010,BC,2702,EE,OC
2576,238903,184.46,18011,BC,2622,IT,OC
2577,273766,184.46,18012,MBCDNC,2005,CE,MBCDNC
2578,239962,184.46,18013,BC,1118,CS,OC
2579,256815,184.46,18016,BC,1321,MN,BC
2580,255216,184.45,18017,BC,2723,BM,OC
2581,321328,184.45,18018,MBCV,2709,EC,MBCV
2582,280861,184.45,18019,BCM,2343,HT,OC
2583,240154,184.45,18020,BC,3464,CS,OC
2584,226834,184.45,18021,SC,1309,CS,SC
2585,313789,184.45,18022,OC,1216,BM,OC
2586,212023,184.45,18023,BC,2719,EC,BC
2587,205383,184.44,18024,SC,1122,CS,OC
2588,374418,184.44,18025,BC,1432,EC,OC
2589,246782,184.44,18026,MBCV,3810,EI,OC
2590,243784,184.44,18028,BC,2005,CE,BC
2591,205730,184.44,18029,BC,2,CR,BC
2592,286033,184.44,18030,MBCV,2603,EE,OC
2593,214286,184.44,18032,BC,2603,EC,BC
2594,247695,184.44,18033,BC,1149,CS,BC
2595,254800,184.44,18034,MBCV,3011,CS,MBCV
2596,244005,184.44,18036,SCA,1231,AD,OC
2597,342509,184.44,18039,BC,1115,AD,OC
2598,222786,184.44,18041,MBCDNC,4024,CE,OC
2599,285957,184.44,18042,BC,1211,EE,BC
2600,215776,184.44,18044,BC,2025,EE,BC
2601,236469,184.44,18045,MBCV,1,XM,OC
2602,286250,184.44,18046,MBCDNC,5901,EE,MBCDNC
2603,276122,184.44,18049,BC,4020,GI,OC
2604,251925,184.435,18050,BC,1211,AE,BC
2605,278598,184.435,18051,BC,4972,CS,OC
2606,322821,184.435,18052,MBCV,5,CS,OC
2607,327975,184.43,18055,MBCV,2347,AG,OC
2608,220933,184.43,18056,BC,2704,IT,OC
2609,207613,184.43,18057,MBCV,1419,IT,MBCV
2610,325917,184.43,18058,BC,5009,CS,OC
2611,307494,184.43,18059,BC,4971,CS,BC
2612,291564,184.43,18060,BC,2739,EC,OC
2613,315863,184.43,18063,BC,2712,CE,OC
2614,324450,184.43,18064,MBCV,2711,CS,MBCV
2615,258706,184.43,18065,BC,4960,EC,BC
2616,263871,184.43,18066,BC,2618,CS,BC
2617,263494,184.43,18067,MBCV,1419,IT,MBCV
2618,314477,184.43,18068,MBCDNC,1516,CS,MBCDNC
2619,273450,184.425,18069,BC,2712,ME,BC
2620,295562,184.425,18070,BC,2718,ME,OC
2621,318332,184.425,18071,BC,2,LE,BC
2622,343244,184.425,18072,MBC,2710,CS,OC
2623,284980,184.425,18073,BC,1210,AD,OC
2624,251692,184.425,18074,BC,4960,EC,BC
2625,261535,184.425,18076,BCM,2702,CS,BCM
2626,364102,184.42,18079,BC,2005,PR,BC
2627,205909,184.415,18080,OC,1324,IT,OC
2628,200424,184.415,18081,BC,1324,CS,BC
2629,316971,184.415,18082,MBC,2006,MS,MBC
2630,305398,184.405,18084,BC,2615,ME,OC
2631,250996,184.405,18085,SC,2007,AT,SC
2632,260161,184.405,18086,BC,2711,AL,BC
2633,281842,184.405,18087,BC,2711,MZ,OC
2634,211982,184.405,18088,MBCDNC,4020,CS,OC
2635,231818,184.405,18091,BC,1118,CS,OC
2636,214376,184.405,18092,BC,2712,AU,OC
2637,211516,184.405,18094,BC,2722,EC,BC
2638,241917,184.405,18095,BC,1422,CS,BC
2639,257557,184.405,18099,BC,3011,EC,OC
2640,260169,184.405,18101,BC,2711,EE,OC
2641,219029,184.405,18102,BCM,1432,CS,BCM
2642,272430,184.4,18104,BC,2739,CO,OC
2643,243035,184.395,18106,BC,2719,CJ,OC
2644,313880,184.395,18107,BC,2711,CD,BC
2645,236771,184.395,18110,BCM,5008,CN,BCM
2646,270936,184.395,18111,BC,1149,AD,OC
2647,211446,184.395,18112,BC,1128,CS,BC
2648,284905,184.395,18114,MBCDNC,2005,CE,MBCDNC
2649,351646,184.395,18115,BC,2706,CS,BC
2650,245307,184.395,18116,BC,2607,BT,OC
2651,254073,184.395,18117,BC,2369,CS,OC
2652,329139,184.395,18119,BC,2719,EC,BC
2653,317678,184.395,18120,MBCV,2711,CS,MBCV
2654,244790,184.385,18122,BC,2719,BM,OC
2655,261294,184.385,18124,BC,1324,IT,OC
2656,329479,184.385,18125,OC,1112,EC,OC
2657,202234,184.385,18128,BC,3819,CS,OC
2658,336901,184.385,18129,BC,2739,CO,OC
2659,237649,184.385,18130,MBC,2719,AD,MBC
2660,352512,184.385,18131,BC,1317,EE,OC
2661,250535,184.38,18132,OC,2723,BM,OC
2662,359147,184.38,18133,BC,1237,CS,OC
2663,214351,184.38,18134,BC,2739,AD,BC
2664,255770,184.38,18136,BCM,1113,EC,BCM
2665,294747,184.38,18137,BC,2712,FT,OC
2666,319170,184.38,18138,BC,2702,SE,BC
2667,246517,184.38,18140,BC,2702,CT,BC
2668,340122,184.38,18141,BC,1504,IT,OC
2669,202151,184.38,18142,MBCV,1210,AD,OC
2670,272544,184.375,18144,BC,1324,CS,BC
2671,265484,184.375,18146,BC,4957,IT,OC
2672,267532,184.375,18147,BC,2608,CS,OC
2673,346846,184.37,18148,BC,2764,CH,OC
2674,362426,184.37,18149,MBCDNC,3425,CS,OC
2675,304684,184.37,18150,BC,5910,CS,OC
2676,241694,184.365,18152,OC,2739,EC,OC
2677,341828,184.365,18153,BC,2618,CS,BC
2678,250939,184.365,18154,BC,4024,EC,OC
2679,250169,184.365,18155,BC,4962,CS,BC
2680,227292,184.365,18156,MBCDNC,2712,ME,MBCDNC
2681,373142,184.365,18157,MBCV,2708,CS,OC
2682,356133,184.365,18158,SC,2007,AT,SC
2683,244766,184.365,18159,BC,2739,EC,OC
2684,212118,184.365,18160,BC,1324,CS,BC
2685,220154,184.36,18162,BC,1210,AD,OC
2686,216909,184.36,18163,BC,2722,EC,BC
2687,315950,184.36,18165,BC,1128,CS,BC
2688,274465,184.36,18167,OC,1419,EE,OC
2689,233174,184.36,18168,BCM,1399,MZ,BCM
2690,272945,184.36,18169,BC,1309,AD,OC
2691,357134,184.36,18170,BC,1210,IT,BC
2692,204014,184.36,18171,BC,1216,IT,OC
2693,341160,184.36,18172,BC,1303,AD,OC
2694,289956,184.36,18173,MBCDNC,2706,CS,MBCDNC
2695,282562,184.355,18179,MBCV,1211,AL,MBCV
2696,351228,184.355,18181,BC,2651,EC,OC
2697,363463,184.35,18182,MBCV,1207,CS,OC
2698,289807,184.35,18183,BC,2653,IT,OC
2699,306645,184.35,18184,BC,1317,EE,OC
2700,255833,184.35,18185,BC,1231,CS,OC
2701,225424,184.35,18187,OC,1304,CE,OC
2702,228004,184.35,18190,BC,2,TX,BC
2703,350604,184.35,18191,BCM,5865,CE,OC
2704,242255,184.35,18192,BC,3011,PH,OC
2705,320937,184.35,18193,BC,2764,CS,BC
2706,305252,184.35,18194,SC,5008,IM,SC
2707,299931,184.35,18197,BCM,3849,EC,OC
2708,338940,184.35,18199,BC,2719,EC,BC
2709,254932,184.35,18200,BC,1450,EE,BC
2710,262811,184.35,18201,BC,1516,EC,OC
2711,275885,184.35,18203,MBCV,2708,IT,OC
2712,234458,184.34,18205,BC,2722,EC,BC
2713,257103,184.34,18206,BC,5986,EC,OC
2714,268662,184.34,18207,OC,1304,EI,OC
2715,312516,184.34,18208,BC,1422,CS,BC
2716,213649,184.34,18209,BC,1026,CS,BC
2717,263308,184.34,18210,BC,1211,BT,BC
2718,246991,184.33333,18211,MBCV,1113,EC,MBCV
2719,308284,184.33,18212,MBCV,1419,IT,MBCV
2720,311244,184.33,18213,BC,1324,IT,OC
2721,335744,184.33,18214,MBCV,2722,CS,MBCV
2722,337454,184.33,18216,BC,1324,AD,OC
2723,272776,184.33,18217,BC,1304,BM,BC
2724,242719,184.33,18218,BC,2712,AU,OC
2725,216675,184.33,18219,BC,1321,PA,BC
2726,352908,184.33,18221,BC,2706,CS,BC
2727,298903,184.33,18222,BC,2719,EC,BC
2728,262938,184.33,18223,BC,2711,CD,BC
2729,363318,184.33,18224,BCM,1230,CS,OC
2730,310143,184.33,18225,MBCV,1,XC,MBCV
2731,206652,184.33,18229,MBC,1516,CS,MBC
2732,311286,184.33,18230,BC,1210,CB,OC
2733,202373,184.33,18231,BC,1210,IT,BC
2734,247290,184.33,18232,BC,1120,CS,BC
2735,239940,184.33,18233,BC,2718,MZ,OC
2736,232794,184.33,18234,BC,2710,IT,OC
2737,220084,184.33,18235,SC,1321,MN,SC
2738,200858,184.33,18236,BC,1419,EC,BC
2739,359248,184.33,18237,BC,1128,CS,BC
2740,215140,184.33,18238,BC,2722,EC,BC
2741,205682,184.33,18240,SC,5008,IM,SC
2742,273065,184.325,18241,BC,4965,BM,OC
2743,263448,184.325,18243,BC,5910,CS,OC
2744,211358,184.325,18244,OC,5986,EC,OC
2745,319417,184.32,18245,BC,3011,IT,OC
2746,286557,184.32,18246,BC,2719,EC,BC
2747,270749,184.32,18247,BCM,1419,IT,BCM
2748,224028,184.32,18250,MBCDNC,3803,CS,OC
2749,209865,184.32,18251,MBC,2618,AD,OC
2750,207228,184.32,18252,BC,1128,CS,BC
2751,200335,184.32,18254,BC,1399,ME,BC
2752,254575,184.32,18255,BC,1120,CS,BC
2753,210636,184.315,18256,BC,2764,CS,BC
2754,340079,184.315,18257,BC,4962,IT,OC
2755,339935,184.315,18258,BC,2711,CD,BC
2756,288710,184.315,18259,BC,2,AP,BC
2757,319275,184.315,18262,BC,2706,EE,OC
2758,327636,184.315,18263,BC,1112,CB,OC
2759,318140,184.315,18264,SC,2615,EC,SC
2760,332070,184.315,18265,BC,2343,HT,OC
2761,246954,184.31,18267,BC,2615,CE,OC
2762,356696,184.31,18268,BC,2750,AG,OC
2763,332902,184.31,18270,BC,2709,EE,OC
2764,365393,184.31,18271,MBCDNC,5910,CS,OC
2765,283107,184.305,18272,OC,1112,EC,OC
2766,245838,184.3,18276,BC,2702,EE,OC
2767,249847,184.3,18277,BC,3021,CS,OC
2768,226439,184.3,18278,SC,2006,PR,SC
2769,223870,184.3,18279,MBC,2,TX,MBC
2770,271846,184.3,18280,BCM,4960,EC,BCM
2771,291381,184.295,18285,MBC,3011,IT,OC
2772,251181,184.295,18286,BC,1128,CS,BC
2773,316626,184.295,18287,BC,2651,EC,OC
2774,272208,184.295,18289,MBCV,4,RP,MBCV
2775,235672,184.295,18290,BC,2357,CS,OC
2776,322426,184.295,18292,BC,3795,CS,OC
2777,333856,184.295,18293,SC,2731,EC,OC
2778,293578,184.295,18297,BC,2722,EC,BC
2779,367314,184.295,18300,BC,1120,CS,BC
2780,221694,184.295,18301,BC,2722,EC,BC
2781,210603,184.295,18302,BC,1413,CS,OC
2782,239389,184.295,18303,MBCV,2615,CE,OC
2783,241644,184.295,18304,BC,2719,EC,BC
2784,267674,184.29,18305,MBCV,1304,EC,MBCV
2785,289039,184.29,18306,MBCV,1414,CS,OC
2786,227632,184.285,18308,MBCV,1317,EC,MBCV
2787,346020,184.285,18309,BC,1432,CB,BC
2788,255540,184.285,18310,MBCDNC,1321,PA,MBCDNC
2789,262494,184.285,18311,BC,2608,EC,OC
2790,249602,184.285,18313,BC,2719,EC,BC
2791,210650,184.285,18314,MBCV,2607,CS,OC
2792,243272,184.28,18315,MBCDNC,1399,MZ,MBCDNC
2793,208523,184.28,18316,MBCDNC,2005,CE,MBCDNC
2794,356862,184.275,18317,BC,2719,EC,BC
2795,235109,184.275,18318,MBCV,2711,CS,MBCV
2796,239055,184.275,18323,BC,3795,CS,OC
2797,221981,184.275,18324,BC,2622,ME,OC
2798,233383,184.275,18326,BC,1210,AD,OC
2799,334500,184.275,18329,BC,2620,EC,OC
2800,272104,184.275,18330,MBCV,2005,ME,MBCV
2801,272758,184.275,18331,BC,1317,CH,OC
2802,328610,184.275,18332,SC,2005,CE,SC
2803,269237,184.275,18333,BC,1112,CB,OC
2804,203890,184.275,18335,MBCV,1422,CS,MBCV
2805,306814,184.275,18336,MBCDNC,2712,EI,MBCDNC
2806,210110,184.275,18337,BCM,3011,CS,BCM
2807,255615,184.275,18338,MBCV,3011,PH,OC
2808,217528,184.265,18340,BC,1211,MZ,OC
2809,272784,184.265,18341,MBCDNC,4962,CS,MBCDNC
2810,274134,184.265,18342,MBCDNC,1317,EC,MBCDNC
2811,274109,184.265,18343,BC,2751,CS,OC
2812,223835,184.265,18344,BC,2719,EC,BC
2813,231431,184.265,18345,BC,1210,IT,BC
2814,237555,184.265,18346,SC,2750,BM,OC
2815,262526,184.265,18348,BC,2722,EC,BC
2816,341960,184.265,18350,BC,1211,EE,BC
2817,242610,184.26,18351,BC,1306,AE,OC
2818,213146,184.26,18352,BC,3011,CS,BC
2819,244613,184.26,18353,MBCV,1419,AD,MBCV
2820,263229,184.26,18354,SC,2709,IT,SC
2821,322275,184.26,18356,OC,1210,CB,OC
2822,299942,184.26,18357,BC,1422,CS,BC
2823,227807,184.26,18359,OC,2739,CB,OC
2824,316315,184.26,18360,BC,2610,CS,OC
2825,210119,184.26,18361,BC,2719,CJ,OC
2826,295272,184.255,18362,MBC,2642,EC,OC
2827,307735,184.255,18364,BC,2702,BM,OC
2828,204682,184.255,18365,MBCV,1304,AD,MBCV
2829,358209,184.255,18366,MBCV,5901,EE,MBCV
2830,232206,184.255,18367,BC,2615,MT,BC
2831,220081,184.255,18368,BC,1149,EC,OC
2832,290634,184.25,18369,BC,2739,EC,OC
2833,327324,184.25,18372,MBCV,1112,CS,MBCV
2834,228094,184.25,18373,OC,5910,CS,OC
2835,249119,184.25,18374,MBCV,2739,CS,MBCV
2836,335176,184.25,18375,BC,2608,EC,OC
2837,224974,184.25,18376,BC,1316,ME,OC
2838,355571,184.25,18377,BC,2656,EC,OC
2839,274336,184.25,18378,BC,2711,EI,OC
2840,217058,184.25,18379,BC,1399,ME,BC
2841,247656,184.25,18381,BC,1216,EC,OC
2842,245383,184.245,18382,BC,4020,EC,OC
2843,223443,184.245,18383,BCM,1219,EE,BCM
2844,305565,184.245,18384,MBCV,5901,EE,MBCV
2845,252345,184.245,18385,BC,1324,AD,OC
2846,355896,184.24,18386,MBCV,2025,EE,MBCV
2847,261243,184.24,18387,BC,2702,CT,BC
2848,255465,184.24,18388,BC,2608,EC,OC
2849,305429,184.24,18389,MBCDNC,1149,CS,MBCDNC
2850,205896,184.24,18391,BC,1149,CS,BC
2851,233805,184.24,18392,BC,2722,EC,BC
2852,354751,184.24,18394,MBCDNC,2764,CS,MBCDNC
2853,293241,184.24,18396,BC,5986,EC,BC
2854,336966,184.24,18397,BC,1422,CS,BC
2855,276353,184.24,18398,MBCV,1120,CS,MBCV
2856,239396,184.24,18403,BC,2708,BM,OC
2857,319357,184.24,18404,BC,2369,CS,OC
2858,214271,184.24,18405,MBCDNC,1211,CB,MBCDNC
2859,291684,184.24,18406,BC,2618,CS,BC
2860,206034,184.24,18408,MBCV,2005,PR,MBCV
2861,311777,184.24,18409,MBCV,1317,CE,OC
2862,209727,184.23,18410,SC,1211,CS,SC
2863,283197,184.23,18411,BC,1432,CO,BC
2864,284594,184.23,18413,BC,2718,ME,OC
2865,235802,184.23,18414,BC,2611,FD,OC
2866,226966,184.23,18415,BC,2710,CS,OC
2867,279189,184.23,18416,BC,3819,CS,BC
2868,367012,184.23,18417,MBCV,5,IT,OC
2869,275433,184.23,18418,SC,4974,EC,SC
2870,204565,184.23,18420,BC,1112,CB,OC
2871,362543,184.23,18421,BC,1432,AD,OC
2872,305373,184.22,18423,MBCV,1140,AD,OC
2873,245438,184.22,18424,BC,2607,CS,OC
2874,277516,184.22,18425,BC,2719,EC,BC
2875,345140,184.22,18426,BC,1324,AD,OC
2876,246258,184.22,18428,BCM,2006,MT,BCM
2877,303704,184.22,18429,BC,2745,CS,OC
2878,274063,184.22,18430,BC,1112,CB,BC
2879,355161,184.22,18436,MBCV,2369,CS,OC
2880,255220,184.22,18439,BC,2721,CS,OC
2881,206518,184.21,18443,MBC,1210,IT,MBC
2882,223120,184.21,18444,BC,2710,CS,OC
2883,235463,184.21,18445,BC,1422,CS,BC
2884,320538,184.21,18446,BC,2711,AL,BC
2885,243695,184.21,18450,BC,5910,EC,OC
2886,236710,184.21,18451,BC,2727,BT,OC
2887,321430,184.21,18455,BC,2739,ME,OC
2888,279565,184.21,18457,BC,1304,BM,BC
2889,294614,184.21,18459,BCM,2723,CS,OC
2890,241610,184.21,18460,BC,2711,EE,OC
2891,203869,184.21,18461,MBCDNC,1113,EE,MBCDNC
2892,275089,184.21,18462,SC,4960,CS,SC
2893,346919,184.21,18463,BC,2702,EE,BC
2894,247874,184.21,18465,BC,4678,ME,OC
2895,284130,184.205,18466,BC,5986,IT,BC
2896,201282,184.205,18467,OC,2369,CS,OC
2897,334799,184.205,18468,BC,2706,CS,BC
2898,288102,184.205,18469,SC,1,PT,SC
2899,286610,184.205,18470,MBC,2709,EC,MBC
2900,332587,184.205,18473,BCM,1211,RM,BCM
2901,273115,184.205,18474,OC,2618,IT,OC
2902,213637,184.2,18476,BC,2607,AD,OC
2903,353489,184.2,18477,BC,3465,EC,BC
2904,333338,184.2,18479,BC,4944,EC,OC
2905,320758,184.195,18480,MBCV,1113,EC,MBCV
2906,325925,184.195,18483,BC,2739,CO,OC
2907,232750,184.195,18485,BC,2025,EE,BC
2908,220663,184.195,18486,MBCV,2702,CS,MBCV
2909,222334,184.195,18487,BC,2622,CS,OC
2910,308568,184.195,18488,BC,2751,IT,OC
2911,233003,184.195,18489,BC,2706,CS,BC
2912,318142,184.195,18490,BC,4974,CE,OC
2913,256211,184.19,18493,BC,2719,EC,BC
2914,225047,184.19,18495,BC,1324,CS,BC
2915,211110,184.185,18497,BC,2615,ME,OC
2916,214797,184.185,18498,OC,3819,IT,OC
2917,300067,184.185,18499,SC,2007,EE,SC
2918,203984,184.185,18500,OC,2725,CS,OC
2919,258169,184.185,18501,MBCV,1432,EC,OC
2920,217474,184.185,18502,BC,2369,CS,BC
2921,331727,184.185,18503,BC,4929,CS,OC
2922,371529,184.185,18504,MBCV,2709,EC,MBCV
2923,233039,184.185,18505,BC,1128,CS,BC
2924,206073,184.185,18506,BC,2725,CS,OC
2925,269658,184.185,18507,BC,5,CS,OC
2926,256783,184.185,18508,MBC,4960,EE,OC
2927,304735,184.185,18509,BC,4971,CS,BC
2928,264652,184.185,18510,BC,2719,EC,BC
2929,278237,184.185,18512,BC,5910,CS,OC
2930,209610,184.175,18514,BC,2718,MZ,OC
2931,325386,184.175,18516,BC,2659,EC,OC
2932,285761,184.175,18517,BC,2702,CT,BC
2933,254825,184.175,18518,BC,2608,EC,OC
2934,310928,184.175,18521,MBC,2702,CB,MBC
2935,327135,184.175,18522,BC,3011,IT,OC
2936,214596,184.175,18524,BC,2702,CT,BC
2937,297907,184.175,18525,BC,1450,EE,BC
2938,310389,184.175,18526,BC,2,TX,BC
2939,306340,184.175,18527,BC,2618,CS,BC
2940,299186,184.165,18530,BC,1211,BT,BC
2941,262655,184.165,18531,BC,2718,ME,OC
2942,238181,184.165,18532,OC,3011,EC,OC
2943,237872,184.165,18536,BC,2005,CE,BC
2944,267820,184.165,18538,MBCDNC,1321,PA,MBCDNC
2945,200129,184.16,18540,BC,1211,EE,BC
2946,300406,184.16,18541,BC,2,CR,BC
2947,215112,184.155,18543,BC,1231,CS,OC
2948,298262,184.155,18544,BC,1304,EE,OC
2949,221558,184.155,18545,SC,1,PT,SC
2950,326897,184.155,18546,MBCDNC,2623,EC,OC
2951,259864,184.155,18547,SC,5008,ME,SC
2952,310081,184.155,18548,BC,1216,CS,BC
2953,301682,184.155,18549,MBCDNC,2711,IT,MBCDNC
2954,230781,184.155,18550,MBCV,2702,CS,MBCV
2955,326131,184.155,18551,BC,1216,BM,OC
2956,231763,184.155,18552,BC,2005,PR,BC
2957,317686,184.155,18553,MBC,2711,EE,OC
2958,203534,184.155,18554,BC,1309,IT,BC
2959,200366,184.155,18556,BC,2711,CD,BC
2960,220830,184.155,18557,OC,1233,CS,OC
2961,245497,184.155,18558,MBCDNC,5901,EE,MBCDNC
2962,247852,184.155,18559,SC,2006,BY,SC
2963,297125,184.155,18560,BCM,4971,EC,OC
2964,201034,184.155,18561,SC,5,AM,OC
2965,331500,184.155,18563,BC,2722,EC,BC
2966,328636,184.155,18564,SC,2007,EY,SC
2967,300833,184.15,18566,BC,2702,EE,BC
2968,252367,184.15,18567,BC,2702,BT,BC
2969,307827,184.15,18568,BC,4967,EC,OC
2970,323099,184.15,18569,BC,2302,IT,OC
2971,277697,184.15,18570,MBCV,2621,MZ,OC
2972,263569,184.15,18571,MBCDNC,4965,CS,OC
2973,327459,184.15,18573,MBCV,2006,PN,MBCV
2974,235372,184.145,18574,BC,1210,IT,BC
2975,226148,184.145,18575,BC,1316,MZ,OC
2976,269096,184.145,18577,OC,1432,AD,OC
2977,225953,184.145,18578,MBCV,1422,IT,OC
2978,289172,184.145,18579,BC,1419,EC,BC
2979,298745,184.14,18580,MBCV,2,LE,MBCV
2980,271107,184.14,18582,BC,3819,CS,BC
2981,207506,184.14,18583,MBCV,2005,ME,MBCV
2982,297356,184.14,18584,BC,2608,EC,OC
2983,322778,184.14,18585,BC,2726,AO,OC
2984,337237,184.14,18586,BC,1419,EC,BC
2985,285607,184.14,18588,BC,1219,CH,OC
2986,258601,184.14,18591,BC,1120,CS,BC
2987,367190,184.14,18592,BC,2715,BM,OC
2988,214433,184.135,18594,MBCDNC,2702,MC,OC
2989,243557,184.135,18597,MBCV,4965,EC,OC
2990,306420,184.135,18599,BC,3830,AD,OC
2991,295298,184.135,18601,OC,1316,IT,OC
2992,320996,184.135,18602,BC,5986,IT,BC
2993,347176,184.13,18604,BC,2719,EC,BC
2994,299558,184.13,18606,BC,4678,CS,BC
2995,292266,184.13,18608,BC,1317,EE,OC
2996,278421,184.13,18609,SCA,1309,IT,SCA
2997,227390,184.13,18610,BC,1149,CS,BC
2998,269735,184.13,18611,BC,1399,ME,BC
2999,316494,184.13,18612,BC,1432,EC,OC
3000,333036,184.13,18613,BC,4974,CE,OC
3001,267411,184.13,18614,MBCV,1219,EE,MBCV
3002,298021,184.13,18615,BC,1422,CS,BC
3003,208518,184.13,18616,MBCDNC,2025,EE,MBCDNC
3004,285061,184.13,18617,MBCDNC,4965,EC,OC
3005,211304,184.12,18618,OC,1216,AD,OC
3006,234103,184.12,18621,MBCV,2719,EC,MBCV
3007,230562,184.12,18623,OC,2764,EC,OC
3008,212245,184.12,18624,BC,4917,IT,OC
3009,339456,184.12,18625,MBCV,2623,CS,OC
3010,246157,184.12,18627,BC,1321,MN,BC
3011,252249,184.12,18628,BC,1316,EC,OC
3012,203676,184.12,18629,BC,1237,CS,OC
3013,255259,184.12,18632,MBCDNC,1399,AD,MBCDNC
3014,219080,184.12,18633,BC,2718,ME,OC
3015,208730,184.12,18634,BC,5986,IT,BC
3016,269315,184.12,18635,BC,1216,EI,OC
3017,260508,184.12,18637,MBCV,3011,CS,MBCV
3018,203515,184.12,18638,BC,1419,CJ,OC
3019,212692,184.12,18639,BC,1325,CS,OC
3020,216751,184.12,18640,MBCV,2005,PR,MBCV
3021,361638,184.12,18641,MBCV,1210,IT,MBCV
3022,280153,184.11,18643,BC,2726,BM,OC
3023,259600,184.11,18645,BCM,4,RP,BCM
3024,213875,184.11,18647,BC,2722,EC,BC
3025,253137,184.11,18648,BC,4944,EE,OC
3026,310252,184.11,18649,BC,1324,IT,OC
3027,262828,184.11,18651,MBCV,1026,CS,MBCV
3028,230022,184.11,18653,BC,2719,EC,BC
3029,298815,184.11,18654,BC,4023,CS,OC
3030,286897,184.11,18655,BC,2712,CE,OC
3031,316603,184.11,18656,BC,2735,AD,OC
3032,322080,184.11,18657,MBCV,2711,CS,MBCV
3033,218643,184.105,18660,MBCDNC,5010,CS,OC
3034,318901,184.1,18661,BC,5901,CE,OC
3035,314985,184.1,18662,BC,2723,MD,OC
3036,346961,184.1,18664,OC,2607,CS,OC
3037,244672,184.1,18666,BC,1210,AD,BC
3038,249895,184.1,18668,BCM,1211,AE,BCM
3039,219240,184.1,18671,BC,2702,EE,BC
3040,245758,184.1,18673,BC,2712,CE,OC
3041,248251,184.1,18674,BC,3819,CS,BC
3042,223728,184.1,18675,BC,1516,EC,OC
3043,227324,184.1,18676,BC,2739,EC,OC
3044,284697,184.1,18677,BC,2739,CB,OC
3045,202352,184.095,18680,BC,2719,CJ,OC
3046,209654,184.095,18681,BCM,1419,CB,BCM
3047,233512,184.095,18682,BC,1112,CB,BC
3048,287796,184.095,18683,BC,5010,EC,OC
3049,251886,184.095,18684,BC,2727,CS,OC
3050,327507,184.095,18686,BC,4974,EE,BC
3051,242463,184.095,18688,BC,2618,CS,BC
3052,287456,184.09,18690,MBCV,2,CR,MBCV
3053,270280,184.09,18691,BC,2708,FD,OC
3054,345453,184.085,18693,BC,2707,AD,OC
3055,295897,184.085,18695,BC,4971,CS,BC
3056,227967,184.085,18697,BCM,1419,EC,BCM
3057,372140,184.085,18699,MBC,3760,AD,OC
3058,263872,184.08,18700,BC,3803,IT,OC
3059,241428,184.08,18701,MBCV,1432,AD,OC
3060,315920,184.08,18703,BC,2741,CS,OC
3061,202572,184.08,18704,BC,3819,IT,OC
3062,268787,184.08,18705,BC,4959,BT,OC
3063,225367,184.075,18708,BC,2618,CS,BC
3064,233244,184.075,18709,BC,5910,CS,OC
3065,283789,184.075,18711,BC,4680,CS,OC
3066,212971,184.075,18712,BC,1219,CH,OC
3067,266484,184.075,18713,BC,4974,CE,OC
3068,255327,184.075,18715,OC,1324,IT,OC
3069,364345,184.075,18716,MBCDNC,1399,BM,MBCDNC
3070,222567,184.075,18717,MBCV,1211,ME,OC
3071,339968,184.075,18718,MBCV,2719,CS,MBCV
3072,265118,184.075,18719,BC,2719,BM,OC
3073,217937,184.075,18720,BC,2621,CS,OC
3074,220028,184.07,18721,BC,2706,IT,OC
3075,218494,184.065,18722,BC,4974,EE,BC
3076,227207,184.065,18726,MBCV,2711,IT,MBCV
3077,348724,184.065,18728,BCM,1419,EC,BCM
3078,251625,184.065,18729,BC,2735,AD,OC
3079,205887,184.065,18730,BC,2711,AL,BC
3080,226570,184.065,18731,BC,1211,EE,BC
3081,296149,184.065,18735,BC,3011,CS,BC
3082,277421,184.065,18737,BC,4971,EC,OC
3083,325770,184.065,18739,SCA,2735,AD,OC
3084,205784,184.065,18741,MBC,2735,IT,OC
3085,281585,184.065,18742,BC,2005,CE,BC
3086,202372,184.065,18743,SC,1,PT,SC
3087,214782,184.065,18744,BC,1122,CS,OC
3088,250524,184.065,18745,BC,4962,EC,OC
3089,278976,184.065,18746,MBC,2618,EC,OC
3090,272666,184.065,18747,BC,1504,IT,OC
3091,301274,184.065,18748,BC,1504,BT,OC
3092,366816,184.065,18750,BC,4965,EC,OC
3093,315739,184.055,18754,BC,2709,EE,OC
3094,257260,184.055,18756,BC,1210,EC,OC
3095,312015,184.055,18757,BC,2704,CS,OC
3096,273784,184.055,18758,BC,2711,AL,BC
3097,291557,184.055,18759,MBCDNC,5986,EE,OC
3098,210746,184.055,18760,MBC,2722,EC,MBC
3099,247888,184.055,18761,BC,1120,CS,BC
3100,328263,184.045,18764,BC,1219,CH,OC
3101,327156,184.045,18766,BC,1,XM,BC
3102,343434,184.045,18768,MBCDNC,4678,CS,MBCDNC
3103,280549,184.045,18769,BC,1432,CB,BC
3104,247789,184.045,18771,BC,1422,CS,BC
3105,353788,184.045,18775,BC,2620,TS,OC
3106,302582,184.045,18776,BC,2722,EC,BC
3107,238802,184.045,18778,BC,1225,CS,OC
3108,291019,184.045,18783,MBC,3011,CS,MBC
3109,279908,184.04,18784,BC,2739,EC,OC
3110,257341,184.04,18785,MBCDNC,2357,AG,OC
3111,333771,184.04,18787,BC,2711,EE,OC
3112,367544,184.04,18789,BC,5862,BM,OC
3113,295050,184.04,18790,SC,2615,EE,SC
3114,250264,184.04,18792,BC,3011,EE,OC
3115,266757,184.04,18793,BC,2603,EC,BC
3116,296248,184.04,18794,BC,4992,CS,OC
3117,292548,184.04,18795,BC,2722,EE,OC
3118,201818,184.035,18796,BC,2702,SE,BC
3119,343085,184.035,18797,SCA,2,IB,SCA
3120,246425,184.035,18798,BC,1432,EC,OC
3121,350281,184.035,18799,BC,2710,TS,OC
3122,335263,184.03,18801,MBCV,3805,AD,OC
3123,204623,184.03,18802,OC,1324,IT,OC
3124,273956,184.03,18805,BC,1120,AD,OC
3125,279712,184.03,18806,BC,1211,ME,OC
3126,341572,184.025,18809,BC,3795,CS,OC
3127,302302,184.025,18811,MBC,2609,AD,OC
3128,232531,184.02,18812,BC,2025,EE,BC
3129,305144,184.02,18815,BC,2709,EE,OC
3130,276627,184.02,18817,MBCV,3011,EC,OC
3131,308403,184.02,18818,BC,2610,EC,OC
3132,209329,184.015,18820,BC,2618,IT,OC
3133,263724,184.015,18822,BC,2608,IT,OC
3134,338195,184.015,18823,MBCDNC,2722,CS,MBCDNC
3135,276518,184.015,18824,BC,4023,CS,OC
3136,262037,184.01,18826,BC,2603,EC,BC
3137,300190,184.01,18827,BC,5010,CS,OC
3138,325556,184.01,18828,MBCV,1219,CH,OC
3139,280142,184.01,18829,BC,2615,MT,BC
3140,327292,184.01,18830,BC,2719,EC,BC
3141,313308,184.01,18831,MBCV,1026,CS,MBCV
3142,344068,184.01,18833,BC,2719,EC,BC
3143,308817,184.01,18834,BC,2764,CS,BC
3144,254657,184.01,18835,SC,1399,CS,SC
3145,319362,184.01,18836,MBCDNC,5901,EE,MBCDNC
3146,228572,184.01,18837,MBCV,3011,CS,MBCV
3147,258915,184.01,18840,OC,1216,IT,OC
3148,233654,184.01,18841,BC,2722,EC,BC
3149,323190,184.01,18842,BC,3465,EC,BC
3150,250301,184.01,18843,BC,4024,EE,OC
3151,231757,184.01,18844,BC,1112,EC,OC
3152,212276,184.01,18844A,BC,2739,ME,OC
3153,207492,184.01,18846,MBCDNC,1399,EC,MBCDNC
3154,297116,184.01,18847,MBCV,1013,IT,OC
3155,228279,184.01,18848,BC,2739,CB,OC
3156,220674,184.01,18849,SC,5008,EY,SC
3157,257806,184.01,18850,MBCV,5530,CS,OC
3158,288621,184.01,18851,BC,5910,CS,OC
3159,290046,184.01,18852,BC,4974,EE,BC
3160,217439,184.01,18853,BC,1,XM,BC
3161,211216,184.01,18854,MBC,2722,EC,MBC
3162,261417,184.01,18855,BC,2722,EC,BC
3163,217438,184.01,18856,BC,2,LE,BC
3164,245083,184,18857,BCM,2702,CS,BCM
3165,245367,184,18858,BC,2005,PR,BC
3166,245168,178,18859A,BC,1112,AL,BC
3167,306068,184,18860,OC,1324,IT,OC
3168,278872,184,18862,BC,1311,AD,OC
3169,246309,184,18865,BC,2702,CT,BC
3170,281249,184,18869,BC,1113,CD,BC
3171,301738,184,18870,MBC,4974,EC,MBC
3172,274104,184,18871,BC,2,TX,BC
3173,325469,184,18872,BC,2712,FT,OC
3174,304021,184,18873,BC,1324,AD,OC
3175,361801,184,18874,BC,2719,EC,BC
3176,229477,184,18875,OC,1324,IT,OC
3177,213336,184,18876,BC,1211,FD,BC
3178,367272,184,18880,SC,1315,BM,SC
3179,245136,184,18883,BC,2712,CE,OC
3180,233120,184,18885,BC,2704,IT,OC
3181,340268,184,18888,BC,1149,CS,BC
3182,286643,184,18893,BC,2702,BT,BC
3183,359970,184,18895,BC,3011,CS,BC
3184,300530,184,18897A,BC,2719,EC,BC
3185,279366,184,18898,MBCDNC,1210,CS,MBCDNC
3186,271441,184,18900,BC,5986,IT,BC
3187,276901,184,18904,BC,1304,EE,OC
3188,284136,184,18905,BC,2764,CS,BC
3189,326734,184,18906,MBCV,1219,EE,MBCV
3190,284060,184,18907,MBC,1304,EC,MBC
3191,308060,184,18908,BC,1116,CS,OC
3192,317610,184,18909,BC,2615,CE,OC
3193,288954,184,18910,SC,2,PP,SC
3194,314171,184,18913,SC,5008,IM,SC
3195,279021,184,18916,OC,2702,BM,OC
3196,201660,184,18917,SC,5008,IM,SC
3197,253109,184,18918,SC,1422,CS,SC
3198,282837,184,18919,MBCV,3805,AG,OC
3199,288577,184,18922,BC,1324,IT,OC
3200,334612,184,18924,BC,1118,CS,OC
3201,369464,184,18927,OC,1216,AL,OC
3202,361811,184,18928,BC,3830,AD,OC
3203,305720,184,18929,MBCV,1112,CS,MBCV
3204,290114,184,18933,SC,2718,AD,SC
3205,299464,184,18936,BC,1432,AD,OC
3206,252241,184,18937,SC,2712,IT,SC
3207,283859,184,18938,BC,2704,CS,OC
3208,307848,184,18939,BC,1422,EC,OC
3209,291077,184,18940,BC,1112,CB,BC
3210,200821,184,18943,BC,1219,ME,OC
3211,332150,184,18945,BC,2710,CS,OC
3212,346583,184,18947,BC,2706,AD,OC
3213,334831,184,18949,BC,1422,IT,OC
3214,281676,184,18950,BC,5010,EC,OC
3215,241619,184,18953,SC,2006,BS,SC
3216,278101,184,18955,BC,2719,EC,BC
3217,312754,184,18956,BCM,2005,IB,BCM
3218,299642,184,18957,BC,1321,PA,BC
3219,370996,184,18960,MBCDNC,2702,BT,MBCDNC
3220,312572,184,18962,BC,1321,PA,BC
3221,291728,184,18967,BC,2622,CH,OC
3222,203009,184,18968,BC,1422,CS,BC
3223,307470,184,18969,OC,1210,CB,OC
3224,304307,184,18970,MBCV,1304,BM,MBCV
3225,285507,184,18971,MBCV,2,TX,MBCV
3226,260198,184,18972,BC,1113,EE,BC
3227,242797,184,18973,SC,2006,BS,SC
3228,343656,184,18980,BC,2702,SE,BC
3229,225775,184,18985,MBCDNC,4960,EC,MBCDNC
3230,356775,184,18987,BC,2723,MD,OC
3231,312883,184,18988,BC,1211,BT,BC
3232,326890,184,18991,BC,1324,CS,BC
3233,278155,184,18993,BC,4020,GI,OC
3234,281588,184,18995,BC,1211,ME,OC
3235,312830,184,18999,BCM,3701,AL,OC
3236,307202,184,19002,BC,1211,BT,BC
3237,351056,184,19003,SC,1115,CS,OC
3238,329165,184,19004,BC,2718,ME,OC
3239,325951,184,19005,BCM,2719,AD,BCM
3240,280339,184,19006,OC,2706,AD,OC
3241,290035,184,19007,MBCV,1210,CS,MBCV
3242,295408,184,19011,BC,1113,CD,BC
3243,255695,184,19012,BC,1210,CB,OC
3244,260660,184,19013,MBCV,2005,IB,MBCV
3245,294666,184,19015,OC,1304,RM,OC
3246,276879,184,19016,BC,1450,ME,OC
3247,323517,184,19018,BC,1309,IT,BC
3248,242635,184,19020,BC,5910,CS,OC
3249,352501,184,19025,SC,3465,CS,SC
3250,277609,184,19027,BC,2618,IT,OC
3251,367501,184,19028,BC,2369,CS,BC
3252,345154,184,19030,BC,1118,CS,OC
3253,281218,184,19031,BC,2722,EC,BC
3254,227357,184,19032,OC,2706,IT,OC
3255,266967,184,19033,BC,1399,ME,BC
3256,225116,184,19034,BCM,3803,CS,OC
3257,327024,184,19037,BC,2702,FD,OC
3258,307988,184,19049,BC,2618,CS,BC
3259,280362,184,19050,BC,1304,BM,BC
3260,223044,184,19051,MBCV,4974,CS,MBCV
3261,287951,184,19053,BC,1432,EC,OC
3262,364566,184,19055,SC,2005,PR,SC
3263,290398,184,19057,MBCV,1324,CS,MBCV
3264,313380,184,19058,SC,2006,BS,SC
3265,304769,184,19059,BC,1128,CS,BC
3266,314231,184,19060,MBCV,1419,EC,MBCV
3267,274143,184,19061,BC,1113,CD,BC
3268,244561,184,19062,OC,1219,ME,OC
3269,321162,184,19063,BC,2719,ME,OC
3270,247108,184,19069,BC,1321,PA,BC
3271,236522,184,19070,OC,2025,ME,OC
3272,277786,184,19071,SC,1304,CS,SC
3273,280879,184,19072,OC,1304,CE,OC
3274,316689,184,19073,BCM,1219,EE,BCM
3275,250312,184,19074,BCM,1317,AD,BCM
3276,302423,184,19075,BC,1112,EC,OC
3277,213061,184,19078,BC,2764,EC,OC
3278,280868,183.995,19084,BC,2710,CS,OC
3279,202969,183.995,19085,BC,2719,EC,BC
3280,228471,183.995,19086,MBCV,2711,CS,MBCV
3281,343973,183.99,19087,BC,2603,EC,BC
3282,271147,183.99,19088,BC,2722,EC,BC
3283,259802,183.99,19089,BC,2702,SE,BC
3284,301397,183.99,19090,OC,1516,EC,OC
3285,216168,183.99,19091,BC,1,XC,BC
3286,362877,183.99,19092,BC,1324,IT,BC
3287,277380,183.99,19093,BC,1432,AD,OC
3288,252177,183.99,19094,MBCDNC,5910,CS,OC
3289,246414,183.99,19096,BC,5910,IT,OC
3290,327336,183.99,19097,MBCV,1412,EC,OC
3291,259692,183.99,19098,BC,5910,CS,OC
3292,201482,183.99,19099,MBCV,4974,EC,MBCV
3293,265699,183.985,19101,MBCV,2653,IT,OC
3294,352754,183.985,19103,MBCV,2610,ME,OC
3295,267577,183.985,19104,BC,2615,CE,OC
3296,209996,183.985,19105,BC,5915,CS,OC
3297,262658,183.985,19106,BC,1321,PA,BC
3298,295101,183.98,19107,BC,2722,EC,BC
3299,313134,183.98,19108,MBCV,1219,CH,OC
3300,214422,183.98,19110,BC,2712,AU,OC
3301,280870,183.98,19113,SC,5008,IM,SC
3302,311774,183.98,19114,BC,5010,CS,BC
3303,217390,183.975,19115,BC,5910,CS,OC
3304,270116,183.975,19116,MBCV,2603,EE,OC
3305,261175,183.975,19117,BC,4974,CE,OC
3306,259910,183.975,19118,MBC,1231,CS,OC
3307,287816,183.975,19119,MBCV,2603,EC,MBCV
3308,272873,183.975,19121,BC,2711,EE,OC
3309,220210,183.975,19122,MBC,1113,CD,MBC
3310,240708,183.975,19124,BC,1324,IT,BC
3311,340729,183.975,19125,BC,2725,CS,OC
3312,209276,183.975,19126,BC,1211,AE,BC
3313,256107,183.975,19128,BC,3011,CS,BC
3314,216993,183.97,19133,BC,2712,CE,OC
3315,317990,183.965,19134,BC,1013,IT,OC
3316,280468,183.965,19138,BC,1128,CS,BC
3317,281645,183.965,19142,BC,2718,ME,OC
3318,277669,183.965,19143,BC,2608,CB,OC
3319,226451,183.965,19146,MBCDNC,4962,CS,MBCDNC
3320,253562,183.965,19147,MBCV,1516,EC,OC
3321,246761,183.965,19148,MBCDNC,4962,CS,MBCDNC
3322,226895,183.965,19150,BC,1311,AO,OC
3323,215756,183.965,19151,BC,3465,ME,OC
3324,250149,183.96,19153,MBCV,3011,EC,OC
3325,244308,183.96,19154,BC,1210,EC,OC
3326,226027,183.96,19156,BC,5910,CS,OC
3327,269057,183.955,19158,BC,2620,CS,OC
3328,298447,183.955,19160,BC,4974,EE,BC
3329,240217,183.955,19161,MBCDNC,4020,CS,OC
3330,253762,183.955,19162,MBCV,1211,RM,MBCV
3331,256290,183.955,19163,BC,2608,CS,OC
3332,288633,183.955,19166,BC,1128,CS,BC
3333,246053,183.955,19167,BC,1324,IT,BC
3334,305240,183.955,19168,BC,2706,IT,OC
3335,333729,183.955,19170,BC,2610,CS,OC
3336,306450,183.955,19171,BC,1316,EE,OC
3337,245189,183.955,19172,MBCV,1419,CB,MBCV
3338,264612,183.955,19173,MBCDNC,4971,CS,MBCDNC
3339,295011,183.955,19174,MBCV,2725,IT,OC
3340,258459,183.955,19175,OC,1422,CY,OC
3341,345891,183.955,19177,MBC,4974,EC,MBC
3342,242965,183.955,19178,BC,2622,IT,OC
3343,244488,183.955,19180,BC,1399,ME,BC
3344,271452,183.955,19181,BC,3819,CS,BC
3345,240601,183.955,19183,OC,1419,EE,OC
3346,215864,183.955,19184,BC,1216,CS,BC
3347,308235,183.955,19186,SC,5901,EE,SC
3348,203193,183.955,19187,MBCV,2005,PR,MBCV
3349,233827,183.955,19188,BC,2739,AD,BC
3350,223600,183.955,19189,BC,4971,CS,BC
3351,215779,183.955,19190,BC,1324,AD,OC
3352,256640,183.955,19191,OC,1216,IT,OC
3353,338801,183.955,19192,BC,2750,BT,OC
3354,235377,183.955,19193,BC,1211,RM,BC
3355,258926,183.945,19196,BC,1112,EC,OC
3356,252407,183.945,19197,SCA,2006,ME,SCA
3357,222002,183.945,19198,MBCV,1233,AD,OC
3358,308054,183.945,19199,BC,2710,CS,OC
3359,262399,183.945,19200,MBCV,1304,IT,MBCV
3360,231368,183.945,19203,MBCV,1422,IT,OC
3361,212996,183.945,19204,BC,1112,AL,BC
3362,270764,183.935,19205,BC,1306,CS,OC
3363,248921,183.935,19206,BC,2653,CS,OC
3364,261730,183.935,19208,BC,2719,EC,BC
3365,273641,183.935,19209,SC,1211,EC,SC
3366,276309,183.935,19213,SC,2007,EY,SC
3367,257491,183.93,19214,BC,1120,CS,BC
3368,244490,183.93,19215,BC,1216,CS,BC
3369,232624,183.93,19216,BC,2618,EE,OC
3370,307367,183.93,19217,BC,2618,AD,OC
3371,338338,183.93,19219,BC,2369,CS,BC
3372,206439,183.925,19222,SC,2025,EE,SC
3373,325252,183.925,19223,SC,3011,CS,SC
3374,305970,183.925,19224,MBCDNC,1113,AD,MBCDNC
3375,264676,183.925,19225,BC,2740,CS,OC
3376,277120,183.925,19226,BC,2739,EC,OC
3377,293952,183.925,19227,BCM,1113,EC,BCM
3378,246540,183.925,19229,MBC,1211,EE,MBC
3379,299578,183.925,19230,SC,1450,IT,SC
3380,306335,183.925,19231,BCM,1321,PA,BCM
3381,249042,183.925,19232,BC,2722,EC,BC
3382,322558,183.925,19233,BCM,1424,AD,OC
3383,337118,183.925,19234,BC,2740,IT,OC
3384,300274,183.92,19235,BC,1128,CS,BC
3385,272876,183.92,19238,BC,1210,AD,BC
3386,284267,183.92,19239,BC,4680,EE,OC
3387,292079,183.92,19241,BC,1422,CY,OC
3388,342675,183.92,19242,MBC,2702,EE,MBC
3389,286242,183.92,19244,MBCDNC,2005,IB,MBCDNC
3390,312727,183.92,19245,MBCDNC,2622,CS,OC
3391,240703,183.92,19246,BCM,1210,IT,BCM
3392,297691,183.92,19247,BCM,2329,IT,OC
3393,207922,183.92,19248,SC,5008,CW,SC
3394,294064,183.92,19249,BC,1309,IT,BC
3395,273313,183.92,19250,BC,4962,CS,BC
3396,221138,183.92,19251,BC,2745,AD,OC
3397,221568,183.92,19252,BC,2736,CS,OC
3398,219569,183.915,19255,SC,1219,CS,SC
3399,362521,183.915,19256,BCM,1399,BM,BCM
3400,250894,183.915,19258,BC,2608,EC,OC
3401,215644,183.91,19259,OC,1311,CS,OC
3402,280815,183.91,19260,MBCDNC,5901,CE,OC
3403,269477,183.9,19263,BC,2702,BM,OC
3404,304493,183.9,19264,BC,3464,CS,OC
3405,263478,183.9,19265,MBC,2735,IT,OC
3406,228429,183.9,19266,BC,1112,EC,OC
3407,205666,183.9,19268,BC,2711,EE,OC
3408,326763,183.9,19269,BC,4974,EE,BC
3409,204834,183.9,19270,MBC,3011,IT,OC
3410,348991,183.9,19271,BC,2764,EE,OC
3411,259796,183.9,19273,MBCV,1149,CS,MBCV
3412,314569,183.9,19274,MBCV,2615,CE,OC
3413,354301,183.9,19276,BC,2349,CS,OC
3414,369504,183.9,19277,MBCDNC,1233,CS,OC
3415,241154,183.9,19278,BC,1149,EC,OC
3416,255319,183.9,19280,BC,1516,EC,OC
3417,215991,183.9,19281,BC,1324,IT,BC
3418,333542,183.9,19282,MBCV,2641,EC,OC
3419,258932,183.9,19283,MBCDNC,1399,AD,MBCDNC
3420,254599,183.89,19286,BC,2725,IT,OC
3421,297573,183.89,19289,BC,2723,IT,OC
3422,205526,183.89,19290,BC,2702,SE,BC
3423,288868,183.89,19293,BC,2710,CS,OC
3424,223535,183.89,19294,BC,2653,EC,OC
3425,362161,183.89,19295,MBCV,1412,CS,OC
3426,286599,183.89,19296,BC,2722,EC,BC
3427,223986,183.89,19297,BC,2711,EI,OC
3428,209272,183.89,19298,BC,2,LE,BC
3429,294649,183.89,19299,MBCV,2369,EE,OC
3430,276981,183.89,19300,BC,2710,CS,OC
3431,301364,183.89,19301,BC,2719,RM,OC
3432,239801,183.885,19302,BC,2739,AD,BC
3433,205555,183.885,19303,MBCDNC,2006,AS,MBCDNC
3434,332216,183.885,19304,OC,2719,CJ,OC
3435,252251,183.88,19308,BC,1015,CS,OC
3436,243380,183.88,19311,BC,3011,CS,BC
3437,287552,183.88,19312,BC,3826,EC,OC
3438,257902,183.875,19313,BC,5010,CS,BC
3439,324964,183.87,19315,MBCV,3843,EC,OC
3440,304788,183.87,19316,BC,2722,EC,BC
3441,208734,183.87,19317,MBCV,2708,AL,OC
3442,295625,183.87,19318,BC,5986,EC,BC
3443,263901,183.87,19319,BC,1120,CS,BC
3444,224703,183.87,19321,BC,2719,EC,BC
3445,310281,183.87,19322,BC,2707,AD,OC
3446,230508,183.87,19323,BC,4974,EE,BC
3447,205197,183.865,19325,BC,2719,EC,BC
3448,219874,183.865,19326,BC,1211,CH,OC
3449,340965,183.865,19327,BC,1149,CS,BC
3450,318515,183.865,19329,SC,2007,CE,SC
3451,341830,183.865,19330,BC,2718,MZ,OC
3452,220714,183.865,19332,BC,2711,MZ,OC
3453,324784,183.865,19333,BCM,2601,CS,OC
3454,202034,183.86,19334,BC,2710,CS,OC
3455,316989,183.86,19335,BC,1422,IT,OC
3456,251020,183.86,19336,BC,1128,CS,BC
3457,272378,183.86,19337,MBCDNC,2739,CS,MBCDNC
3458,309016,183.855,19339,MBCV,2603,EC,MBCV
3459,205109,183.855,19340,BCM,2702,AD,BCM
3460,323512,183.855,19341,SC,2006,MF,SC
3461,217671,183.855,19342,BC,2357,EE,OC
3462,263019,183.855,19343,SC,1211,CS,SC
3463,332850,183.855,19344,BC,2025,EE,BC
3464,289759,183.855,19345,BC,2764,CS,BC
3465,326235,183.855,19347,MBCV,2603,EC,MBCV
3466,255124,183.855,19348,MBCV,1231,IT,OC
3467,304547,183.855,19349,BC,2710,CS,OC
3468,328780,183.855,19350,BC,2622,CS,OC
3469,331580,183.855,19351,SC,2005,CE,SC
3470,247675,183.855,19352,BC,1149,CS,BC
3471,251599,183.855,19354,MBCDNC,2751,CS,OC
3472,275788,183.855,19356,BC,2710,CS,OC
3473,205891,183.85,19357,MBCV,2719,BM,OC
3474,209247,183.85,19358,MBCDNC,1321,PA,MBCDNC
3475,238191,183.85,19359,BC,4023,IT,OC
3476,205880,183.85,19360,BC,4024,EC,OC
3477,223190,183.85,19361,MBCV,3011,CS,MBCV
3478,309493,183.85,19362,BC,4960,EE,OC
3479,240759,183.85,19363,BC,2739,EC,OC
3480,292347,183.845,19364,BC,1321,PA,BC
3481,286066,183.845,19365,MBCDNC,1113,AD,MBCDNC
3482,252664,183.845,19366,BC,4960,BM,OC
3483,258593,183.845,19367,BCM,1216,IT,OC
3484,310568,183.845,19368,BC,2328,EC,OC
3485,248025,183.845,19370,OC,1450,ME,OC
3486,359467,183.845,19371,SC,2712,CS,SC
3487,215857,183.845,19372,BC,5910,IT,OC
3488,209009,183.845,19373,MBCDNC,4974,EE,MBCDNC
3489,298338,183.845,19374,BC,4960,BM,OC
3490,205171,183.835,19377,MBC,1419,CJ,OC
3491,272078,183.835,19378,BC,2719,EC,BC
3492,205994,183.835,19379,BC,2710,SC,OC
3493,255281,183.835,19380,BC,2711,CD,BC
3494,213904,183.835,19381,MBCV,2,CR,MBCV
3495,243215,183.835,19382,BC,2718,MZ,OC
3496,306423,183.835,19383,BC,2357,AG,OC
3497,261754,183.835,19385,BC,2725,CS,OC
3498,256415,183.835,19387,BC,2601,CS,OC
3499,224719,183.835,19388,BC,2722,EC,BC
3500,208612,183.835,19389,BC,2639,CS,OC
3501,300887,183.83,19390,BC,2719,CJ,OC
3502,282962,183.825,19392,SC,5008,IM,SC
3503,211670,183.825,19394,BC,4960,EE,OC
3504,226314,183.825,19395,MBCV,2,CR,MBCV
3505,373941,183.825,19396,BC,5010,EC,OC
3506,224798,183.82,19398,BC,2739,EC,OC
3507,213571,183.82,19399,MBC,5009,CS,OC
3508,324561,183.82,19400,BC,2025,EE,BC
3509,263089,183.815,19404,BC,2712,FT,OC
3510,284321,183.815,19406,MBCV,1210,CS,MBCV
3511,241173,183.815,19409,MBCV,1422,CS,MBCV
3512,268863,183.815,19410,MBCDNC,1112,CS,MBCDNC
3513,232639,183.815,19414,MBCDNC,1516,CS,MBCDNC
3514,216341,183.81,19416,BC,3011,CS,BC
3515,353223,183.81,19418,MBCDNC,2025,EC,MBCDNC
3516,224126,183.81,19419,BC,1432,CO,BC
3517,235142,183.81,19420,BC,2702,FT,OC
3518,256362,183.81,19421,BC,1419,EE,OC
3519,314530,183.81,19422,MBC,3803,CH,OC
3520,237278,183.81,19423,BC,2653,CS,OC
3521,366385,183.81,19425,BC,5010,CS,BC
3522,246870,183.81,19426,BC,1112,EC,OC
3523,220108,183.81,19427,BC,1432,AD,OC
3524,344130,183.81,19428,SC,5865,ME,OC
3525,350316,183.805,19429,BC,2712,TX,OC
3526,241537,183.805,19430,SC,1219,CS,SC
3527,230760,183.805,19431,SC,2005,EI,SC
3528,206676,183.8,19432,SC,5008,ME,SC
3529,211865,183.8,19433,BC,5910,CS,OC
3530,209675,183.8,19434,BC,1122,EC,OC
3531,364448,183.795,19436,BC,4959,CS,OC
3532,340909,183.79,19437,BC,2723,IT,OC
3533,373749,183.79,19438,MBCDNC,5532,CS,OC
3534,246706,183.79,19439,BC,2764,AD,OC
3535,220160,183.79,19440,SCA,2005,EE,SCA
3536,239746,183.79,19441,SC,5901,CS,SC
3537,272706,183.79,19442,BC,2706,IT,OC
3538,271209,183.79,19443,MBCV,3465,EC,MBCV
3539,216927,183.79,19444,BC,2764,CS,BC
3540,284987,183.79,19445,OC,3830,CS,OC
3541,316747,183.79,19447,MBC,2615,MT,MBC
3542,332004,183.78,19448,BC,2718,ME,OC
3543,204340,183.78,19449,BC,2722,EC,BC
3544,202698,183.78,19450,BC,1399,ME,BC
3545,350272,183.78,19451,BC,2715,IT,OC
3546,234844,183.78,19452,BC,4917,EC,OC
3547,311788,183.78,19453,MBCV,1432,CO,MBCV
3548,324529,183.78,19455,OC,1307,BM,OC
3549,332549,183.78,19457,BC,2603,EE,OC
3550,255916,183.78,19459,BC,1422,IT,BC
3551,354677,183.78,19460,MBCV,1419,AD,MBCV
3552,372332,183.78,19461,MBCV,2640,AD,OC
3553,264717,183.78,19462,OC,4023,CS,OC
3554,269782,183.78,19463,MBCDNC,1321,MN,MBCDNC
3555,271613,183.78,19466,BC,1149,EC,OC
3556,230862,183.78,19467,BC,4023,CS,OC
3557,327797,183.78,19468,BC,5910,CS,OC
3558,232859,183.78,19473,BC,1422,IT,BC
3559,263010,183.78,19475,MBCV,1432,CS,MBCV
3560,323661,183.78,19476,BC,1210,CO,OC
3561,357235,183.775,19477,BC,2764,CS,BC
3562,369008,183.775,19478,SCA,2006,IM,SCA
3563,264539,183.775,19479,BC,3011,CS,BC
3564,343907,183.77,19480,MBC,2702,EE,MBC
3565,234993,183.77,19481,OC,2615,ME,OC
3566,315902,183.77,19482,BC,1419,CJ,OC
3567,302662,183.76,19486,SC,1309,EC,OC
3568,247256,183.76,19487,MBCV,2006,MS,MBCV
3569,263296,183.76,19488,BCM,5703,IT,OC
3570,340087,183.76,19489,MBCDNC,5,AM,OC
3571,220380,183.76,19490,BC,4959,CS,OC
3572,201641,183.76,19492,BCM,2005,CE,BCM
3573,247308,183.76,19496,OC,2740,AD,OC
3574,321214,183.76,19497,BC,2643,CS,OC
3575,269087,183.76,19498,BCM,5901,EE,BCM
3576,298652,183.76,19499,MBCV,1516,EC,OC
3577,257292,183.755,19500,MBCV,3011,CS,MBCV
3578,209038,183.755,19501,BC,1304,RM,OC
3579,253575,183.755,19502,OC,2764,EC,OC
3580,213271,183.755,19504,MBCV,1210,CS,MBCV
3581,211517,183.755,19505,BC,5010,CS,BC
3582,212162,183.755,19507,BC,2739,CB,OC
3583,248890,183.755,19508,MBCDNC,4678,EE,OC
3584,215966,183.755,19509,SC,2750,BT,OC
3585,311043,183.755,19510,BC,2711,EE,OC
3586,313750,183.755,19511,MBCV,1113,EC,MBCV
3587,252133,183.755,19512,SC,1304,CS,SC
3588,226080,183.75,19514,BCM,2005,ME,BCM
3589,272303,183.75,19517,BC,2702,BT,BC
3590,275446,183.745,19518,BC,4959,MZ,OC
3591,311320,183.745,19520,BC,2719,CJ,OC
3592,288328,183.745,19521,BC,1140,CS,OC
3593,250284,183.745,19522,BC,4678,ME,OC
3594,221731,183.745,19523,BC,1450,ME,OC
3595,223195,183.745,19525,MBCDNC,2702,IT,MBCDNC
3596,215575,183.745,19526,OC,2710,IT,OC
3597,271685,183.745,19527,SC,2005,IB,SC
3598,213087,183.745,19528,BC,2,LE,BC
3599,269940,183.745,19529,MBCV,1422,AD,MBCV
3600,309175,183.735,19530,MBCV,1113,EC,MBCV
3601,220317,183.735,19531,MBCV,1419,EC,MBCV
3602,302572,183.735,19533,BC,2621,IT,OC
3603,218644,183.735,19534,BC,3011,BT,BC
3604,357455,183.735,19535,MBCV,2006,MT,MBCV
3605,328132,183.735,19536,BC,2764,AD,OC
3606,254386,183.735,19537,BC,2702,SE,BC
3607,313976,183.73,19538,BCM,2005,IB,BCM
3608,321149,183.725,19539,BC,2710,AD,OC
3609,297273,183.725,19540,BC,2608,EC,OC
3610,246383,183.725,19541,BC,2719,EE,OC
3611,254012,183.725,19542,BC,2603,EC,BC
3612,232630,183.725,19543,OC,1128,AD,OC
3613,202050,183.725,19545,SC,2702,CS,SC
3614,347042,183.725,19546,MBCDNC,4678,CS,MBCDNC
3615,201782,183.725,19547,BC,2025,EE,BC
3616,222379,183.725,19548,MBC,5009,CS,OC
3617,347832,183.725,19551,BC,4949,IN,OC
3618,272111,183.725,19552,BC,1210,EC,OC
3619,265061,183.725,19553,MBCDNC,1422,EC,OC
3620,208674,183.725,19554,SCA,2006,ME,SCA
3621,310884,183.725,19555,BC,5901,CE,OC
3622,233488,183.725,19556,BC,1422,IT,BC
3623,296283,183.725,19557,MBC,4020,CS,OC
3624,309424,183.725,19558,MBCV,3011,IT,OC
3625,349923,183.725,19560,BC,2727,FD,OC
3626,308701,183.715,19561,BC,2613,IT,OC
3627,260370,183.715,19562,BC,5009,CS,OC
3628,258559,183.715,19565,MBCDNC,2722,CS,MBCDNC
3629,265180,183.715,19566,MBC,3011,IT,OC
3630,270783,183.715,19567,BC,1324,IT,BC
3631,239156,183.715,19570,BC,2718,ME,OC
3632,286420,183.715,19571,BC,2702,EE,BC
3633,256865,183.715,19572,MBCDNC,2005,CE,MBCDNC
3634,292666,183.71,19573,MBCV,2369,CS,MBCV
3635,276315,183.71,19575,SC,4974,CE,OC
3636,246374,183.705,19576,MBC,2711,CD,MBC
3637,355508,183.705,19577,BC,2643,CS,OC
3638,241195,183.705,19578,BC,1422,IT,BC
3639,315915,183.705,19579,OC,2702,FD,OC
3640,302603,183.7,19582,BC,1325,IT,OC
3641,257887,183.7,19583,BC,5986,EC,BC
3642,226629,183.7,19584,BC,2712,CE,OC
3643,335710,183.7,19585,MBC,2615,ME,OC
3644,273079,183.7,19586,OC,1233,AD,OC
3645,293905,183.7,19587,MBC,5986,CS,MBC
3646,286684,183.7,19588,SC,2751,CB,OC
3647,260262,183.695,19590,MBCDNC,2702,EC,MBCDNC
3648,223412,183.695,19591,MBCDNC,2706,CS,MBCDNC
3649,256709,183.695,19592,MBC,5986,IT,MBC
3650,230341,183.69,19593,MBCDNC,2712,ME,MBCDNC
3651,295652,183.69,19596,BC,4680,CS,OC
3652,201683,183.69,19597,MBCDNC,2,TX,MBCDNC
3653,222832,183.69,19599,BC,2711,EE,OC
3654,345015,183.69,19600,MBCDNC,2622,CH,OC
3655,213625,183.69,19603,BC,1118,IT,OC
3656,326861,183.69,19605,MBCDNC,5010,CS,MBCDNC
3657,253487,183.69,19607,BC,4023,CS,OC
3658,201562,183.69,19608,BC,4023,EC,OC
3659,260222,183.685,19611,BC,2702,EI,OC
3660,266556,183.685,19613,BC,5910,IT,OC
3661,212286,183.68,19614,MBCV,1304,AD,MBCV
3662,352940,183.68,19615,BC,3464,CS,OC
3663,321988,183.68,19617,SC,2005,IB,SC
3664,224264,183.68,19618,BC,1026,CS,BC
3665,218018,183.68,19619,SC,1309,CS,SC
3666,261071,183.68,19621,BC,1324,IT,BC
3667,211984,183.68,19622,BC,2711,CD,BC
3668,279097,183.68,19623,BC,2702,SE,BC
3669,337280,183.68,19624,MBCV,1431,CS,OC
3670,204433,183.68,19625,BC,2702,BT,BC
3671,273281,183.68,19626,BC,2719,EC,BC
3672,372602,183.68,19627,BC,3011,IT,OC
3673,327695,183.68,19631,BCM,3011,CS,BCM
3674,339501,183.68,19634,BC,4962,IT,OC
3675,247590,183.68,19635,BC,4944,CE,OC
3676,233494,183.67,19636,MBCDNC,4974,EC,MBCDNC
3677,230449,183.67,19637,MBCDNC,4960,IT,MBCDNC
3678,247876,183.67,19638,BC,2722,EC,BC
3679,367196,183.67,19639,BC,1116,CS,OC
3680,292248,183.67,19641,BC,2622,CH,OC
3681,264138,183.67,19642,BC,2712,CE,OC
3682,263503,183.67,19643,MBCDNC,2651,EE,OC
3683,337127,183.67,19645,BC,1210,EC,OC
3684,343924,183.67,19646,BC,2622,IT,OC
3685,214083,183.67,19647,BC,3826,CE,OC
3686,211980,183.67,19648,BC,2702,EE,BC
3687,291754,183.67,19651,MBCV,2615,CE,OC
3688,313607,183.67,19652,BC,1422,CY,OC
3689,270890,183.67,19653,SC,1399,AD,SC
3690,216114,183.67,19654,BC,2615,ME,OC
3691,219581,183.67,19655,BC,5986,EC,BC
3692,336399,183.67,19656,BC,3465,EC,BC
3693,204929,183.67,19658,OC,4974,CE,OC
3694,299991,183.67,19659,BC,2739,AD,BC
3695,353672,183.67,19660,BC,1516,ME,OC
3696,204794,183.67,19661,BC,2,CR,BC
3697,353222,183.66,19665,BC,1324,IT,BC
3698,344279,183.66,19666,BC,2735,AD,OC
3699,231083,183.655,19667,BC,1419,ME,OC
3700,276840,183.655,19668,SC,1,MI,SC
3701,229149,183.655,19669,BC,1432,EC,OC
3702,300513,183.65,19670,BC,2618,CS,BC
3703,235998,183.65,19671,MBCV,1211,AE,MBCV
3704,261029,183.65,19672,BC,1304,BM,BC
3705,325062,183.65,19673,BC,1211,RM,BC
3706,213136,183.65,19674,BC,2025,EE,BC
3707,214252,183.65,19675,MBCDNC,2,TX,MBCDNC
3708,327423,183.65,19676,BC,2712,CE,OC
3709,265479,183.65,19677,BC,1412,EE,OC
3710,231649,183.645,19680,BC,1399,ME,BC
3711,280305,183.645,19681,BC,1211,AE,BC
3712,351306,183.645,19682,BC,1309,IT,BC
3713,206232,183.64,19683,MBCV,2006,AS,MBCV
3714,214884,183.64,19684,BC,5986,EC,BC
3715,339234,183.64,19685,MBC,3454,AG,OC
3716,235035,183.64,19686,MBCV,2702,IT,MBCV
3717,237696,183.635,19688,BC,2618,CS,BC
3718,322257,183.635,19689,BC,2725,CS,OC
3719,234063,183.635,19690,BC,3464,CS,OC
3720,230257,183.635,19691,BC,1210,CB,OC
3721,246896,183.635,19693,BC,1219,CH,OC
3722,204767,183.635,19695,BC,2615,ME,OC
3723,342598,183.635,19696,BC,2656,CS,OC
3724,231269,183.635,19697,BC,1422,EC,OC
3725,272328,183.63,19699,BC,2712,CE,OC
3726,292483,183.625,19700,MBC,2715,EC,OC
3727,218181,183.625,19701,BC,1219,ME,OC
3728,286327,183.625,19702,BC,2722,IC,OC
3729,316606,183.625,19703,MBC,2710,EC,OC
3730,246069,183.625,19704,BC,3011,IT,OC
3731,230370,183.625,19705,BC,1419,CJ,OC
3732,225218,183.625,19706,BC,2618,CS,BC
3733,233297,183.625,19707,BC,2710,AD,OC
3734,223511,183.625,19708,BC,1120,CS,BC
3735,211122,183.625,19709,BC,1216,CS,BC
3736,215830,183.62,19710,MBC,2711,EE,OC
3737,310098,183.615,19711,BC,1216,BM,BC
3738,211883,183.615,19712,BC,1211,RM,BC
3739,223043,183.615,19713,BC,4962,IT,OC
3740,309446,183.615,19714,BC,1211,ME,OC
3741,299825,183.615,19717,BC,3464,CS,OC
3742,213425,183.615,19718,BC,2642,IT,OC
3743,212730,183.615,19719,BC,2706,CS,BC
3744,230630,183.615,19720,BC,1118,CS,OC
3745,214188,183.615,19721,BC,1210,IT,BC
3746,203304,183.615,19723,BC,2712,TX,OC
3747,273538,183.615,19725,BC,2618,CS,BC
3748,258869,183.615,19726,BC,1014,CS,OC
3749,280550,183.615,19727,SC,2007,CE,SC
3750,302905,183.615,19728,BC,1324,IT,BC
3751,275594,183.615,19729,BC,3019,CS,OC
3752,243639,183.615,19730,BC,4020,CS,OC
3753,210532,183.615,19731,BC,1211,EE,BC
3754,311985,183.615,19732,BC,2719,EC,BC
3755,271872,183.615,19733,BC,1324,EC,OC
3756,231158,183.615,19735,BC,2702,BT,BC
3757,355223,183.615,19736,OC,2735,CS,OC
3758,234500,183.61,19739,BC,5986,EC,BC
3759,302800,183.605,19740,BC,4917,IT,OC
3760,215479,183.605,19741,BC,2603,EE,OC
3761,255270,183.605,19743,MBCV,5,IT,OC
3762,357069,183.605,19744,OC,2357,AD,OC
3763,353478,183.605,19745,BC,4670,AG,OC
3764,224071,183.605,19746,BC,2740,AD,OC
3765,221216,183.605,19747,MBCV,2618,CS,MBCV
3766,276775,183.605,19748,MBCV,2347,AG,OC
3767,268592,183.605,19749,BC,2726,AO,OC
3768,288790,183.605,19750,MBCV,2702,BT,MBCV
3769,280916,183.605,19751,BC,1432,CB,BC
3770,219879,183.605,19752,BC,2712,CE,OC
3771,336958,183.605,19753,BC,1216,AD,OC
3772,334015,183.605,19755,BC,4917,BM,OC
3773,254082,183.605,19756,BC,1422,EC,OC
3774,260648,183.6,19757,BC,1,XM,BC
3775,270331,183.6,19760,BC,2702,EE,BC
3776,315779,183.595,19761,BC,2709,EE,OC
3777,281978,183.595,19762,BC,1422,IT,BC
3778,202272,183.595,19763,BC,5901,ME,OC
3779,227418,183.595,19764,MBCDNC,4960,EC,MBCDNC
3780,354120,183.595,19765,MBCV,1210,CS,MBCV
3781,328757,183.59,19766,BC,1210,EC,OC
3782,268710,183.59,19767,BC,2618,CS,BC
3783,316698,183.59,19768,BC,3465,EC,BC
3784,297811,183.585,19769,BC,1210,AD,BC
3785,245851,183.585,19770,MBC,3011,IT,OC
3786,234792,183.585,19771,MBCV,2345,CS,OC
3787,349738,183.585,19773,BC,4960,BM,OC
3788,270330,183.585,19774,OC,1309,EC,OC
3789,211333,183.585,19775,MBCV,2739,IT,MBCV
3790,283076,183.585,19776,BC,3011,PH,OC
3791,219981,183.585,19777,BC,3819,CS,BC
3792,284933,183.585,19778,MBCDNC,4931,CS,OC
3793,296045,183.58,19780,BC,1216,CS,BC
3794,295720,183.58,19781,BC,3819,CS,BC
3795,274037,183.58,19784,BC,2734,CS,OC
3796,246387,183.58,19785,BC,1309,EC,OC
3797,209255,183.58,19786,BC,2722,EC,BC
3798,236788,183.58,19788,BC,2706,IT,OC
3799,306848,183.58,19789,BC,1,XM,BC
3800,276030,183.58,19791,BC,3011,PH,OC
3801,316850,183.58,19792,BC,1122,CS,OC
3802,216028,183.58,19794,MBCV,2007,MF,MBCV
3803,229840,183.58,19795,BC,2702,AE,OC
3804,248493,183.58,19796,BC,2718,ME,OC
3805,321654,183.58,19798,BC,2739,AD,BC
3806,205919,183.58,19799,BC,2739,EC,OC
3807,232171,183.58,19800,BCM,1432,CS,BCM
3808,357185,183.58,19801,BCM,2709,IT,BCM
3809,235236,183.58,19802,BC,1399,ME,BC
3810,306284,183.58,19803,MBCV,2719,CS,MBCV
3811,338140,183.58,19804,MBCDNC,2709,EC,MBCDNC
3812,258999,183.575,19805,MBCV,2006,AS,MBCV
3813,242217,183.57,19807,BC,1118,AD,OC
3814,289738,183.57,19808,MBCDNC,4960,AD,MBCDNC
3815,242680,183.57,19809,MBC,1211,EE,MBC
3816,332468,183.57,19810,BC,4962,EC,OC
3817,254305,183.57,19811,BC,2739,EC,OC
3818,283364,183.57,19812,MBCV,1210,CS,MBCV
3819,200871,183.57,19814,BC,1120,CS,BC
3820,253392,183.57,19815,BC,2608,CS,BC
3821,226509,183.57,19817,BC,1122,IT,OC
3822,353298,183.57,19819,BC,3465,EC,BC
3823,299278,183.57,19821,MBCDNC,1424,AD,OC
3824,225203,183.57,19822,MBCDNC,2736,BM,OC
3825,299790,183.57,19823,BC,2615,ME,OC
3826,262592,183.57,19824,BC,1210,EC,OC
3827,220425,183.57,19826,SC,2006,BY,SC
3828,254583,183.57,19827,BC,2706,CS,BC
3829,219092,183.57,19828,MBCV,1419,CB,MBCV
3830,262713,183.57,19829,BC,2725,CS,OC
3831,227550,183.57,19830,OC,1419,EE,OC
3832,223742,183.57,19832,BC,2710,IT,OC
3833,278353,183.56,19833,BC,5,EC,OC
3834,304548,183.56,19836,BC,1321,PA,BC
3835,206121,183.56,19837,BCM,1324,EC,OC
3836,248833,183.56,19838,BC,4962,CS,BC
3837,225202,183.56,19840,MBCV,1321,PA,MBCV
3838,293499,183.56,19841,BC,2702,ME,OC
3839,346668,183.56,19842,BC,2719,EC,BC
3840,338823,183.56,19845,BC,2710,CS,OC
3841,204542,183.56,19846,MBC,1026,CS,MBC
3842,300898,183.55,19847,BC,1211,AE,BC
3843,271055,183.55,19849,BC,4974,ME,OC
3844,232136,183.55,19850,BC,2702,EE,BC
3845,223825,183.55,19851,MBCDNC,2718,EE,MBCDNC
3846,203386,183.55,19852,BC,3011,CS,BC
3847,217838,183.55,19854,BC,5904,IT,OC
3848,254047,183.545,19855,BC,2739,EC,OC
3849,245027,183.545,19856,BC,1118,IT,OC
3850,225934,183.545,19857,SC,5008,CE,SC
3851,349396,183.545,19858,BC,1432,EC,OC
3852,274553,183.545,19859,BCM,4971,CS,BCM
3853,212329,183.545,19860,MBC,1216,BM,MBC
3854,240758,183.54,19861,MBCDNC,4974,EC,MBCDNC
3855,351586,183.54,19862,BC,3803,CS,OC
3856,322987,183.54,19863,MBC,2007,CN,MBC
3857,206593,183.54,19864,MBC,1432,CS,MBC
3858,244454,183.54,19866,MBCV,1304,EC,MBCV
3859,224906,183.54,19867,BC,1120,CS,BC
3860,211464,183.54,19868,BC,2618,CS,BC
3861,281246,183.54,19869,MBCDNC,3465,EC,MBCDNC
3862,242526,183.54,19870,BC,1309,AD,OC
3863,227296,183.535,19873,BC,1324,EC,OC
3864,346988,183.535,19874,BC,2615,CE,OC
3865,213776,183.535,19876,BC,1324,AD,OC
3866,298921,183.535,19877,MBCV,2603,EC,MBCV
3867,251028,183.535,19878,MBCV,1,XM,MBCV
3868,259253,183.535,19880,MBCDNC,2710,IT,OC
3869,242443,183.535,19883,MBCDNC,5022,CS,OC
3870,346989,183.535,19884,MBCV,2,LE,MBCV
3871,307689,183.53,19886,MBCDNC,2704,IT,OC
3872,275937,183.53,19888,MBCDNC,1211,CB,MBCDNC
3873,219430,183.53,19891,BC,4959,CS,OC
3874,280624,183.53,19892,BC,2711,EE,OC
3875,297200,183.53,19893,BC,2739,AD,BC
3876,217025,183.53,19895,MBCV,1324,AD,OC
3877,245954,183.525,19897,MBCV,1211,EE,MBCV
3878,326785,183.525,19898,MBCV,1241,CS,OC
3879,251556,183.525,19900,MBCV,1219,ME,OC
3880,289907,183.525,19901,BC,2709,EE,OC
3881,227618,183.525,19902,BC,2739,AD,BC
3882,324412,183.525,19903,MBC,5530,EC,OC
3883,323547,183.525,19904,BC,2618,IT,OC
3884,243502,183.525,19905,BC,2739,CB,OC
3885,301032,183.525,19906,BC,2,LE,BC
3886,337103,183.525,19907,BC,2719,EI,OC
3887,250730,183.525,19908,BC,2718,ME,OC
3888,231919,183.525,19909,BC,2618,CS,BC
3889,297010,183.525,19910,BC,1126,BM,OC
3890,241307,183.525,19911,MBC,1317,EE,OC
3891,369015,183.525,19912,MBCDNC,4023,CS,OC
3892,208719,183.525,19914,BC,2764,CS,BC
3893,267635,183.525,19915,BC,1210,IT,BC
3894,255832,183.525,19916,BC,4992,EC,OC
3895,240415,183.525,19917,BC,1303,BT,OC
3896,279981,183.525,19920,MBCV,2708,AG,OC
3897,284437,183.52,19921,BC,1516,EC,OC
3898,287372,183.52,19922,BC,2710,CS,BC
3899,323210,183.515,19924,BC,1324,IT,BC
3900,256394,183.515,19926,BC,2722,EC,BC
3901,229758,183.515,19927,MBCDNC,2718,CJ,MBCDNC
3902,262674,183.515,19929,SC,1113,CS,SC
3903,234817,183.515,19931,BC,1516,EC,OC
3904,244203,183.505,19934,BC,2727,CS,OC
3905,334488,183.505,19935,MBCDNC,2005,IB,MBCDNC
3906,262342,183.505,19936,BC,2719,EE,OC
3907,251834,183.505,19937,BC,2718,MZ,OC
3908,293478,183.505,19938,BC,2739,EC,OC
3909,359733,183.505,19939,BC,1432,CB,BC
3910,202774,183.505,19941,BC,2615,ME,OC
3911,245173,183.5,19943,BC,1112,EC,OC
3912,271304,183.5,19945,MBC,3011,EC,OC
3913,270824,183.5,19947,BC,1324,AD,BC
3914,284371,183.5,19949,SC,2005,CE,SC
3915,212195,183.5,19950,MBCV,1309,CS,MBCV
3916,339972,183.5,19951,BC,2711,EE,OC
3917,200162,183.5,19953,BCM,2711,CS,BCM
3918,280680,183.5,19957,BC,2025,EE,BC
3919,225562,183.5,19957A,BC,1113,ME,OC
3920,313564,183.5,19959,BC,5,AM,OC
3921,278137,183.5,19962,OC,2751,CS,OC
3922,257336,183.5,19963,BC,2722,EC,BC
3923,335958,183.5,19967,BC,2712,CE,BC
3924,284991,183.5,19968,BC,2704,CS,OC
3925,213947,183.5,19972,BC,5986,EC,BC
3926,285385,183.5,19974,BC,2739,CO,OC
3927,300189,183.5,19975,MBCV,1120,CS,MBCV
3928,277855,183.5,19977,OC,1422,EC,OC
3929,290236,183.5,19978,BC,2025,EE,BC
3930,301848,183.5,19981,BC,1,XM,BC
3931,351549,183.5,19986,BC,3819,CS,BC
3932,214358,183.5,19988,OC,1304,EE,OC
3933,306460,183.5,19990,BC,5,CS,BC
3934,293067,183.5,19992,BCM,2,CR,BCM
3935,365615,183.5,19994,SC,2006,MT,SC
3936,264807,183.5,19997,BC,1399,ME,BC
3937,333538,183.5,19998,BC,4954,CS,OC
3938,257252,183.5,20000,BC,2722,EC,BC
3939,317974,183.5,20003A,MBCDNC,1399,CB,MBCDNC
3940,295116,183.5,20005,BC,2006,TT,OC
3941,357218,183.5,20006,BC,2739,CB,OC
3942,292082,183.5,20011,BC,2710,CS,BC
3943,327017,183.5,20012,SC,2007,EY,SC
3944,332486,183.5,20013,BC,2722,EC,BC
3945,279339,183.5,20015,BC,5901,CE,OC
3946,251512,183.5,20016,BC,1120,CS,BC
3947,290968,183.5,20019,BC,1128,EC,OC
3948,290055,183.5,20020,MBCDNC,1450,EC,MBCDNC
3949,308610,183.5,20021,BC,1210,AD,BC
3950,335955,183.5,20023,MBC,1317,AL,MBC
3951,215495,183.5,20029,BC,5986,EC,BC
3952,281119,183.5,20031,BC,3819,CS,BC
3953,256639,183.5,20034,BC,2739,CB,BC
3954,323399,183.5,20036,BC,2,LE,BC
3955,271911,183.5,20039,BC,1219,CH,BC
3956,269788,183.5,20042,MBCV,2006,MY,MBCV
3957,276918,183.5,20044,OC,1324,EC,OC
3958,357270,183.5,20046,BC,2739,AD,BC
3959,312338,183.5,20047,BC,2711,CD,BC
3960,204069,183.5,20049,MBCV,1211,AL,MBCV
3961,245081,183.5,20051,MBCV,1399,ME,MBCV
3962,328581,183.5,20053,BC,2622,IT,OC
3963,278000,183.5,20054,BC,2702,EE,BC
3964,219023,183.5,20056,BC,2710,CS,BC
3965,310890,183.5,20057,MBCDNC,1309,IT,MBCDNC
3966,354027,183.5,20058,BC,2764,CS,BC
3967,263703,183.5,20064,BCM,5,CS,BCM
3968,355395,183.5,20071,MBCV,2007,CL,MBCV
3969,234499,183.5,20072,BC,2718,ME,OC
3970,367707,183.5,20073,MBCV,2750,BT,OC
3971,299819,183.5,20078,BC,1321,MN,BC
3972,257686,183.5,20081,BC,1321,PA,BC
3973,204510,183.5,20082,BC,2712,CE,BC
3974,280347,183.5,20083,MBCDNC,2722,CS,MBCDNC
3975,327478,183.5,20088,MBCV,1422,CS,MBCV
3976,359911,183.5,20089,OC,2764,EC,OC
3977,349844,183.5,20090,MBCDNC,2603,EC,MBCDNC
3978,282003,183.5,20093,SC,1315,CE,SC
3979,201269,183.5,20094,MBCDNC,1309,CS,MBCDNC
3980,315359,183.5,20097,BC,1211,BT,BC
3981,290294,183.5,20098,OC,1324,CO,OC
3982,323176,183.5,20102,SC,5008,ME,SC
3983,313234,183.5,20104,BC,1219,ME,OC
3984,329170,183.5,20107,BC,1120,CS,BC
3985,206099,183.5,20110,BC,1231,CS,OC
3986,276886,183.5,20113,BC,2608,CS,BC
3987,333655,183.5,20115,BC,1128,CS,BC
3988,291595,183.5,20116,BC,2710,CS,BC
3989,354940,183.5,20120,BC,1112,EC,OC
3990,299084,183.5,20124,MBCDNC,2702,IT,MBCDNC
3991,328924,183.5,20127,MBC,1432,CO,MBC
3992,242053,183.5,20133,BC,2712,FT,OC
3993,290383,183.5,20138,OC,1231,CS,OC
3994,313075,183.5,20140,MBCV,1219,ME,OC
3995,277975,183.5,20141,BC,2718,ME,OC
3996,300587,183.5,20143,OC,1306,BT,OC
3997,360848,183.5,20145,MBCV,2702,CS,MBCV
3998,311437,183.495,20146,BC,2615,CE,OC
3999,290438,183.495,20147,MBCV,1399,MZ,MBCV
4000,350061,183.495,20149,BC,3456,CS,OC
4001,248407,183.495,20151,MBCV,1408,CS,OC
4002,223648,183.495,20152,BC,1120,CS,BC
4003,342942,183.495,20153,BC,3011,PH,OC
4004,346435,183.495,20157,ST,4,EI,ST
4005,225638,183.495,20158,BC,2702,BM,BC
4006,249101,183.495,20159,MBCV,2723,BM,OC
4007,300794,183.495,20161,MBC,2712,CE,MBC
4008,247518,183.495,20162,BC,1210,CO,OC
4009,285721,183.495,20163,SC,1317,CS,SC
4010,327739,183.495,20164,MBCV,2025,EE,MBCV
4011,262955,183.49,20169,BC,4993,BM,OC
4012,212577,183.49,20170,BC,4678,CS,BC
4013,221924,183.49,20171,MBC,1324,IT,MBC
4014,259959,183.485,20172,BC,1311,AO,OC
4015,277535,183.485,20173,BC,4960,EE,OC
4016,341544,183.485,20174,BC,2656,ME,OC
4017,292436,183.485,20176,BC,1128,AD,OC
4018,253316,183.475,20177,SC,1118,EC,OC
4019,214516,183.475,20178,MBCV,1112,IT,MBCV
4020,237055,183.475,20179,BC,2719,EE,OC
4021,234762,183.47,20182,MBC,5910,IT,OC
4022,361592,183.47,20183,MBCV,2,TX,MBCV
4023,211316,183.47,20184,OC,2723,IT,OC
4024,209328,183.47,20185,BC,1317,BT,BC
4025,208859,183.47,20186,BC,1120,CS,BC
4026,317258,183.47,20188,SC,1216,AL,OC
4027,283094,183.47,20189,BC,4020,GI,OC
4028,243544,183.47,20190,BC,2711,EI,OC
4029,247001,183.47,20191,BC,2727,CS,OC
4030,352789,183.47,20192,BC,1419,EE,OC
4031,249108,183.47,20193,BC,1219,ME,BC
4032,270251,183.47,20194,BC,5986,EC,BC
4033,270180,183.47,20195,SC,2007,CE,SC
4034,214184,183.47,20198,MBC,2711,EE,OC
4035,212884,183.465,20199,BCM,1419,AD,BCM
4036,229783,183.465,20200,BC,4974,EE,BC
4037,334711,183.46,20201,MBCV,2618,EC,OC
4038,293434,183.46,20202,BCM,2702,CS,BCM
4039,247281,183.46,20203,MBCDNC,1211,CD,MBCDNC
4040,314546,183.46,20204,BC,2722,EC,BC
4041,250407,183.46,20205,BC,3819,EC,OC
4042,203956,183.46,20206,BC,1321,PA,BC
4043,225363,183.46,20209,MBCV,1324,IT,MBCV
4044,260154,183.46,20212,BC,5910,EC,OC
4045,218887,183.46,20214,MBCDNC,1419,IT,MBCDNC
4046,205146,183.45,20215,BC,1026,CS,BC
4047,232503,183.45,20217,MBCV,1422,CS,MBCV
4048,225660,183.45,20219,BC,2006,TT,BC
4049,206570,183.45,20220,BC,2711,MZ,OC
4050,216668,183.45,20222,MBCV,2615,ME,OC
4051,219086,183.45,20223,BC,5910,CS,OC
4052,246131,183.45,20224,MBCV,1516,EE,OC
4053,333311,183.44,20225,BC,2607,EE,OC
4054,271429,183.44,20226,BC,4960,BM,OC
4055,279718,183.44,20227,BC,1324,EC,OC
4056,240893,183.44,20228,BC,2622,CS,OC
4057,299805,183.44,20229,BCM,2025,CS,BCM
4058,205750,183.44,20230,BC,2725,IT,OC
4059,257934,183.44,20233,BC,1231,CS,OC
4060,217347,183.44,20234,BC,3795,EC,OC
4061,220920,183.44,20235,BC,1306,EC,OC
4062,353199,183.44,20236,BC,2610,AD,OC
4063,251823,183.44,20237,BC,2608,AD,OC
4064,206462,183.44,20238,OC,1231,IT,OC
4065,299345,183.44,20239,BC,1432,AD,OC
4066,247055,183.44,20241,BC,2608,CS,BC
4067,208705,183.44,20242,BC,1211,BT,BC
4068,302310,183.44,20243,BC,3819,AD,OC
4069,341946,183.44,20244,OC,4023,CS,OC
4070,210612,183.44,20245,BC,1216,IT,OC
4071,225569,183.44,20246,BC,2615,CE,OC
4072,373572,183.44,20249,MBCDNC,3830,CS,MBCDNC
4073,219332,183.44,20252,BC,4960,BT,OC
4074,286373,183.44,20253,BC,1149,IT,OC
4075,254847,183.44,20254,MBCV,1113,EC,MBCV
4076,311291,183.44,20255,BC,2718,MZ,OC
4077,248392,183.44,20256,MBCV,2603,EC,MBCV
4078,219060,183.435,20259,BC,2719,EE,OC
4079,291614,183.435,20260,BC,1112,EC,OC
4080,341991,183.435,20261,MBCV,2643,EC,OC
4081,291493,183.435,20263,BC,1118,BM,OC
4082,319028,183.435,20264,BC,2610,CS,OC
4083,277112,183.435,20265,BCM,2719,CS,BCM
4084,271337,183.435,20266,BC,2603,EC,BC
4085,351345,183.43,20267,MBCV,2007,CL,MBCV
4086,310558,183.43,20268,MBCV,3425,CS,OC
4087,336784,183.43,20271,MBCV,1113,EC,MBCV
4088,320420,183.43,20272,BC,2613,IT,OC
4089,373947,183.43,20273,MBC,2314,CS,OC
4090,316269,183.43,20276,BC,2628,AU,OC
4091,225713,183.43,20277,BC,1516,EC,OC
4092,299811,183.43,20278,MBCDNC,1412,IT,OC
4093,327190,183.43,20279,BC,2739,AD,BC
4094,237573,183.43,20280,MBCV,3806,IT,OC
4095,281475,183.425,20281,MBCV,1422,CS,MBCV
4096,230480,183.425,20282,BC,1118,CS,OC
4097,344471,183.425,20283,BC,1120,CS,BC
4098,317295,183.425,20284,BC,2749,AG,OC
4099,339931,183.425,20285,OC,5,IT,OC
4100,279974,183.425,20287,MBC,2739,IT,MBC
4101,262887,183.425,20288,BC,3011,CS,BC
4102,232749,183.425,20289,BC,2618,EC,OC
4103,245869,183.42,20290,MBCDNC,2702,AD,MBCDNC
4104,279915,183.42,20293,BC,2764,CS,BC
4105,337183,183.42,20295,MBC,1516,EC,OC
4106,234903,183.415,20297,BC,2702,EE,BC
4107,311809,183.415,20299,BC,2702,EE,BC
4108,247976,183.415,20300,BC,4962,CS,BC
4109,367658,183.415,20301,MBCV,2609,AG,OC
4110,246940,183.415,20302,BC,2764,CS,BC
4111,252914,183.415,20303,BC,2723,IT,OC
4112,327585,183.415,20304,MBCDNC,1304,CS,MBCDNC
4113,212602,183.415,20306,BC,1321,MN,BC
4114,277082,183.415,20307,BC,1309,IT,BC
4115,357278,183.415,20308,BC,1237,IT,OC
4116,226387,183.415,20309,BC,1026,CS,BC
4117,258896,183.415,20310,BC,2618,IT,OC
4118,217935,183.415,20311,BC,2712,FT,OC
4119,247435,183.415,20313,BC,5910,CS,OC
4120,272820,183.415,20314,BC,3011,CS,BC
4121,307464,183.415,20315,BC,3810,AD,OC
4122,222219,183.41,20316,BC,4962,CS,BC
4123,269235,183.405,20317,BC,2615,ME,OC
4124,226877,183.405,20319,BC,2736,IT,OC
4125,325323,183.405,20320,BCM,2702,CS,BCM
4126,294719,183.405,20321,BC,2764,EE,OC
4127,249612,183.405,20322,BC,2706,IT,OC
4128,339299,183.405,20323,BC,2369,CS,BC
4129,340148,183.405,20324,MBC,2706,AD,OC
4130,359907,183.405,20328,BC,3011,IT,BC
4131,311525,183.405,20329,BC,2718,ME,OC
4132,216763,183.405,20331,BC,2615,MT,BC
4133,229939,183.4,20332,BC,2615,MT,BC
4134,209475,183.4,20333,MBCV,2369,CS,MBCV
4135,210155,183.395,20335,MBCDNC,2005,PR,MBCDNC
4136,200154,183.395,20336,BC,2725,IT,OC
4137,315576,183.395,20337,SC,2007,ME,SC
4138,235366,183.395,20338,BC,1304,RM,OC
4139,249174,183.395,20339,MBC,2603,EE,OC
4140,234867,183.395,20340,BC,1513,IT,OC
4141,273510,183.395,20341,BC,1304,EI,OC
4142,244012,183.395,20342,SC,4960,CS,SC
4143,295413,183.395,20343,BC,2722,EC,BC
4144,260092,183.395,20346,BC,5986,EC,BC
4145,220560,183.395,20347,BC,2706,IT,OC
4146,339403,183.395,20348,MBCV,2653,CS,OC
4147,213643,183.395,20349,BC,1219,ME,BC
4148,201834,183.395,20350,BC,1210,EC,OC
4149,229340,183.395,20351,BC,1026,CS,BC
4150,348429,183.395,20352,BC,1120,CS,BC
4151,327306,183.395,20353,SC,2,PP,SC
4152,211728,183.395,20354,MBC,2702,SE,MBC
4153,215957,183.395,20356,BC,2718,ME,OC
4154,245966,183.395,20357,BC,4678,CS,BC
4155,273023,183.39,20358,MBC,2764,BM,OC
4156,325533,183.385,20359,BC,2764,EC,OC
4157,223752,183.385,20360,BC,2726,CS,OC
4158,269197,183.385,20361,BC,4960,EE,OC
4159,226146,183.385,20362,SC,2,PM,SC
4160,341028,183.385,20363,BC,2721,CS,OC
4161,205220,183.385,20365,BCM,1114,CS,OC
4162,273217,183.385,20367,BC,1321,MN,BC
4163,219836,183.385,20369,MBCDNC,1450,EC,MBCDNC
4164,269284,183.385,20370,BC,2706,IT,OC
4165,319328,183.385,20372,BC,4960,EE,OC
4166,263910,183.385,20378,MBCV,2718,CB,MBCV
4167,264056,183.385,20379,SC,1013,EC,OC
4168,341102,183.385,20380,BC,2653,CS,OC
4169,208381,183.385,20381,BC,2762,AD,OC
4170,235092,183.385,20382,BC,2722,EC,BC
4171,272998,183.385,20383,BC,1432,EC,OC
4172,307114,183.385,20385,MBCV,2739,IT,MBCV
4173,242843,183.385,20386,MBCV,1317,BT,MBCV
4174,271853,183.38,20388,BC,4962,CS,BC
4175,239305,183.38,20389,BC,1112,AL,BC
4176,238688,183.38,20390,BC,1210,AD,BC
4177,210585,183.38,20391,SC,4974,EC,SC
4178,341321,183.38,20392,BC,2656,AD,OC
4179,338251,183.38,20394,BC,2736,CS,OC
4180,270438,183.375,20398,BC,2711,FD,BC
4181,216289,183.37,20400,SC,1317,CS,SC
4182,238787,183.37,20401,BC,2739,CO,OC
4183,311682,183.37,20402,MBCV,2615,CE,OC
4184,214459,183.37,20403,SC,2712,EC,SC
4185,357794,183.365,20407,BC,1306,IT,OC
4186,353270,183.36,20409,BC,3760,AD,OC
4187,218320,183.36,20410,SC,1,PT,SC
4188,287743,183.36,20411,SC,2615,EC,SC
4189,229540,183.36,20412,BC,3795,CS,OC
4190,347356,183.36,20413,BC,4676,EC,OC
4191,235553,183.36,20414,BC,4020,CS,BC
4192,230539,183.36,20415,MBC,2006,PS,MBC
4193,304269,183.36,20416,BC,3011,CS,BC
4194,318073,183.36,20417,BC,1210,CE,OC
4195,251351,183.36,20418,BC,2739,CB,BC
4196,205255,183.36,20419,BC,1324,IT,BC
4197,271111,183.355,20421,MBCDNC,1219,EE,MBCDNC
4198,295617,183.355,20422,BC,2618,AD,OC
4199,371687,183.35,20423,SC,2006,PR,SC
4200,209061,183.35,20425,BC,1149,IT,OC
4201,231562,183.35,20426,BC,1399,ME,BC
4202,260478,183.35,20427,BC,2739,EC,BC
4203,279992,183.35,20428,MBCDNC,3011,CS,MBCDNC
4204,312357,183.35,20429,SC,2005,CE,SC
4205,315677,183.35,20430,BC,2764,EC,OC
4206,208595,183.35,20431,MBC,2006,AS,MBC
4207,300349,183.35,20433,MBCDNC,1309,IT,MBCDNC
4208,252391,183.35,20434,BC,3830,IT,OC
4209,256172,183.35,20437,BC,3465,EC,BC
4210,261444,183.35,20438,BC,4962,IT,OC
4211,373737,183.35,20440,MBCDNC,1321,MN,MBCDNC
4212,247343,183.35,20441,BC,3011,CS,BC
4213,219108,183.35,20442,BC,1120,CS,BC
4214,253793,183.35,20443,BC,2702,BT,BC
4215,226594,183.35,20444,BC,5986,EC,BC
4216,290522,183.34,20445,MBCV,3011,IT,MBCV
4217,259171,183.34,20447,BC,1324,AD,BC
4218,306365,183.34,20448,BC,2622,BM,OC
4219,339157,183.34,20450,BC,4023,EC,OC
4220,332695,183.34,20451,MBCV,1128,CS,MBCV
4221,231419,183.34,20453,BC,2739,EC,BC
4222,302066,183.33333,20457,BC,1112,EC,OC
4223,290130,183.33333,20458,MBC,1112,EC,OC
4224,229483,183.33,20459,MBCV,1419,AD,MBCV
4225,299440,183.33,20460,OC,1324,CO,OC
4226,228957,183.33,20462,BC,5986,EC,BC
4227,215542,183.33,20463,MBCV,1112,IT,MBCV
4228,239514,183.33,20466,BC,1128,CS,BC
4229,267067,183.33,20467,BC,2723,CS,OC
4230,208707,183.33,20468,BC,2718,ME,OC
4231,200580,183.33,20469,BC,1422,IT,BC
4232,292127,183.33,20470,BC,2764,CS,BC
4233,297743,183.33,20471,MBC,5,CS,MBC
4234,254456,183.33,20473,BC,2613,IT,OC
4235,370084,183.33,20474,OC,2719,CJ,OC
4236,246933,183.33,20475,BC,4957,EC,OC
4237,220172,183.33,20476,MBCDNC,2006,TX,MBCDNC
4238,235657,183.33,20477,MBC,1413,AD,OC
4239,246744,183.325,20482,BC,1210,AD,BC
4240,302028,183.325,20483,BC,5986,EC,BC
4241,224896,183.325,20484,BC,2702,EE,BC
4242,335819,183.325,20485,OC,2369,EE,OC
4243,273411,183.325,20489,BC,2764,CS,BC
4244,268066,183.32,20490,MBCDNC,1219,EE,MBCDNC
4245,264967,183.32,20493,MBCDNC,5901,CE,OC
4246,263449,183.32,20494,BC,2615,MT,BC
4247,232769,183.32,20495,MBCV,2,LE,MBCV
4248,255100,183.32,20496,SC,1219,CS,SC
4249,245041,183.32,20497,BC,2711,EI,OC
4250,231090,183.32,20498,SCA,2007,CH,SCA
4251,210238,183.32,20499,BC,2722,EC,BC
4252,355246,183.32,20500,BC,2622,BT,OC
4253,234417,183.32,20501,MBCV,2615,ME,OC
4254,357923,183.315,20502,SC,2736,IT,OC
4255,305220,183.315,20503,BC,1216,BM,BC
4256,209181,183.315,20504,BC,4023,CS,OC
4257,290778,183.315,20506,MBC,4974,EC,MBC
4258,328032,183.315,20507,MBC,1419,EC,MBC
4259,307471,183.315,20508,BC,2723,CS,OC
4260,246632,183.315,20511,OC,2719,EE,OC
4261,203846,183.315,20513,BC,1211,ME,OC
4262,302677,183.315,20514,OC,2751,IT,OC
4263,273416,183.315,20515,BC,2718,MZ,OC
4264,296528,183.315,20516,SC,2005,ME,SC
4265,306494,183.315,20517,MBCDNC,2712,CE,MBCDNC
4266,265845,183.31,20518,BC,2764,EE,OC
4267,247540,183.31,20519,BC,5010,CS,BC
4268,223386,183.31,20520,BC,3830,CS,BC
4269,244571,183.31,20521,BC,2627,BT,OC
4270,347258,183.31,20522,BC,1516,EC,OC
4271,304321,183.305,20524,SC,1219,CS,SC
4272,338467,183.305,20525,BC,2761,AD,OC
4273,351695,183.305,20526,BC,2711,EE,OC
4274,321514,183.305,20527,MBC,1422,EC,OC
4275,337270,183.305,20529,MBCDNC,4680,EC,OC
4276,266493,183.3,20532,SC,2709,CS,SC
4277,262588,183.3,20533,MBC,1149,CS,MBC
4278,252797,183.3,20534,BC,2704,IT,OC
4279,273349,183.295,20536,MBC,2749,IT,OC
4280,265336,183.295,20537,MBC,2723,IT,OC
4281,295396,183.295,20538,SCA,2007,EE,SCA
4282,229794,183.295,20539,BC,2718,ME,OC
4283,299402,183.295,20540,BC,2653,CS,OC
4284,355498,183.295,20542,BC,2706,AD,OC
4285,208484,183.295,20544,BC,2706,IT,OC
4286,239114,183.295,20545,BC,3011,IT,BC
4287,245821,183.295,20546,BC,1520,CS,OC
4288,373811,183.285,20547,MBCDNC,5703,CS,OC
4289,268612,183.285,20548,MBCV,1408,CS,OC
4290,290295,183.285,20549,SC,1216,EC,OC
4291,297954,183.285,20550,BC,2006,TT,BC
4292,215600,183.285,20551,SC,1219,AD,SC
4293,322248,183.285,20552,BC,2614,CS,OC
4294,251309,183.285,20553,MBC,2377,CE,MBC
4295,213731,183.285,20554,MBCDNC,2719,BM,OC
4296,300297,183.285,20555,MBCV,5901,EE,MBCV
4297,349789,183.285,20556,SC,2006,RA,SC
4298,202792,183.285,20557,BC,2615,MT,BC
4299,260047,183.28,20561,BC,2739,EC,BC
4300,203432,183.275,20563,BC,1317,EE,OC
4301,343294,183.275,20564,MBCDNC,2702,IT,MBCDNC
4302,248323,183.275,20565,MBCDNC,4974,ME,OC
4303,244046,183.275,20567,BC,1216,AD,OC
4304,248680,183.275,20567A,BC,1422,IT,BC
4305,234096,183.275,20568,BC,3011,IT,BC
4306,341257,183.275,20569,BCM,1409,BT,OC
4307,319166,183.275,20572,MBCDNC,4960,EC,MBCDNC
4308,301406,183.275,20573,MBCDNC,2711,IT,MBCDNC
4309,278182,183.275,20574,BCM,2,TX,BCM
4310,294892,183.275,20576,SC,1211,CS,SC
4311,273516,183.275,20577,MBCV,2711,AD,MBCV
4312,234216,183.275,20578,MBCV,2328,BM,OC
4313,289977,183.275,20579,BC,2615,MT,BC
4314,210322,183.275,20581,BC,1324,IT,BC
4315,229019,183.275,20583,MBCDNC,2722,IT,MBCDNC
4316,204804,183.275,20584,MBC,2,CR,MBC
4317,200034,183.275,20585,BCM,2702,AD,BCM
4318,213090,183.275,20587,SC,2007,EY,SC
4319,207872,183.27,20588,SC,1219,CS,SC
4320,263610,183.27,20592,SCA,2007,CM,SCA
4321,260642,183.27,20593,BC,1210,IT,BC
4322,218411,183.265,20595,OC,1419,EE,OC
4323,341066,183.265,20598,BC,2722,EC,BC
4324,353861,183.265,20599,BC,2723,CS,OC
4325,221393,183.26,20602,SCA,2006,IM,SCA
4326,262006,183.26,20603,MBCDNC,2722,IT,MBCDNC
4327,234818,183.26,20604,BC,2712,TX,OC
4328,318477,183.26,20605,BC,5009,CS,OC
4329,315817,183.26,20607,MBCDNC,5910,IT,OC
4330,361821,183.26,20608,SCA,2643,EC,OC
4331,299649,183.26,20609,BC,2710,CS,BC
4332,205222,183.26,20610,MBCDNC,4974,EE,MBCDNC
4333,230565,183.26,20612,MBCDNC,1216,AG,OC
4334,200393,183.255,20614,MBCDNC,1113,EC,MBCDNC
4335,219614,183.255,20618,BC,2,LE,BC
4336,332244,183.255,20619,BCM,5921,EC,OC
4337,246599,183.255,20620,BC,1,XM,BC
4338,202165,183.25,20624,MBC,2702,EI,OC
4339,265130,183.25,20625,MBCV,1013,CS,OC
4340,225873,183.25,20626,BC,2718,ME,OC
4341,320044,183.25,20627,MBC,2706,CS,MBC
4342,294401,183.25,20628,BC,4955,IT,OC
4343,281155,183.25,20629,BC,4962,CS,BC
4344,341307,183.25,20631,MBCDNC,2,CR,MBCDNC
4345,233719,183.25,20632,BC,4974,CE,OC
4346,220517,183.25,20633,OC,1210,CB,OC
4347,250315,183.245,20635,BC,2764,CS,BC
4348,260715,183.245,20636,BC,1516,EC,OC
4349,315939,183.24,20639,MBCDNC,2709,CE,OC
4350,202257,183.24,20640,SC,2729,CS,OC
4351,292203,183.24,20641,BC,1324,IT,BC
4352,267526,183.24,20642,BC,2608,EC,OC
4353,282461,183.24,20643,BC,2718,MZ,OC
4354,268583,183.24,20644,BC,2615,ME,OC
4355,218173,183.24,20646,MBCDNC,1419,IT,MBCDNC
4356,268494,183.24,20647,BC,1422,IT,BC
4357,244060,183.24,20648,SC,2718,CS,SC
4358,334277,183.24,20650,BC,1412,EE,OC
4359,218757,183.24,20651,BC,2726,CS,OC
4360,242157,183.24,20652,BC,1419,CJ,OC
4361,307046,183.24,20653,OC,1120,IT,OC
4362,262796,183.24,20654,MBCV,1422,CS,MBCV
4363,258749,183.24,20655,SCA,5008,EC,SCA
4364,303270,183.24,20657,SC,5008,CE,SC
4365,225129,183.24,20659,BC,1210,AD,BC
4366,286590,183.24,20660,BC,2739,EC,BC
4367,280687,183.24,20661,BC,1149,IT,OC
4368,233558,183.24,20662,BC,5901,ME,OC
4369,343362,183.24,20665,BC,2653,CS,OC
4370,286178,183.24,20666,BC,5910,CS,OC
4371,253105,183.24,20667,BC,2739,EC,BC
4372,210443,183.24,20669,SC,2615,ME,OC
4373,319467,183.23,20670,MBCDNC,2706,CE,OC
4374,289275,183.23,20673,OC,1118,IT,OC
4375,288512,183.23,20674,BC,2615,ME,OC
4376,328642,183.23,20675,BC,5901,CE,OC
4377,231925,183.23,20677,BC,2608,CS,BC
4378,292117,183.22,20680,BC,1211,EE,BC
4379,253898,183.22,20682,OC,1122,BT,OC
4380,283702,183.22,20683,MBCV,1309,IT,MBCV
4381,298055,183.22,20684,MBCV,1419,AD,MBCV
4382,263195,183.22,20685,BC,5865,CS,OC
4383,264774,183.22,20687,SCA,2006,EM,SCA
4384,241663,183.22,20688,MBCDNC,2005,PR,MBCDNC
4385,271542,183.22,20689,BC,1231,CS,OC
4386,298853,183.22,20692,BC,1450,EE,BC
4387,210900,183.22,20696,MBCV,1317,AD,MBCV
4388,372034,183.22,20697,SC,2607,EC,OC
4389,306518,183.22,20698,BC,4670,CS,OC
4390,235336,183.22,20699,BC,1026,CS,BC
4391,297840,183.215,20700,MBCV,2723,BM,OC
4392,257585,183.215,20701,MBCV,2,TX,MBCV
4393,312438,183.21,20702,BC,2702,BT,BC
4394,293820,183.21,20704,BC,2715,AG,OC
4395,279639,183.21,20705,BC,2702,EE,BC
4396,278507,183.21,20706,BC,2711,FD,BC
4397,272388,183.21,20708,MBCV,2369,CS,MBCV
4398,343298,183.21,20709,BC,3011,BT,BC
4399,268272,183.21,20710,BC,3830,CS,BC
4400,250977,183.21,20711,MBCV,2618,CS,MBCV
4401,225945,183.21,20713,BC,2739,CO,OC
4402,307169,183.21,20715,MBCV,2711,EC,MBCV
4403,229390,183.21,20716,OC,2706,EI,OC
4404,314002,183.205,20717,BC,1219,ME,BC
4405,217244,183.205,20718,BC,1120,EC,OC
4406,264268,183.205,20719,BC,1306,AD,OC
4407,236981,183.205,20721,BC,2718,MZ,OC
4408,329755,183.205,20722,BC,3841,CS,OC
4409,258405,183.205,20723,BCM,4960,EC,BCM
4410,245300,183.205,20724,MBCV,1419,EC,MBCV
4411,287992,183.205,20725,BC,1210,EC,OC
4412,216209,183.205,20728,BC,2608,CS,BC
4413,266865,183.2,20729,OC,2712,AU,OC
4414,205062,183.2,20731,BC,1210,AD,BC
4415,317968,183.2,20732,BC,1432,AD,OC
4416,259825,183.2,20733,BCM,4020,CS,BCM
4417,246365,183.2,20734,BC,1210,AD,BC
4418,268730,183.2,20735,MBCDNC,4974,EE,MBCDNC
4419,255708,183.2,20736,MBCDNC,2005,CE,MBCDNC
4420,256318,183.195,20737,BC,2706,IT,OC
4421,258460,183.195,20738,BC,2726,CS,OC
4422,218898,183.195,20739,BC,1324,IT,BC
4423,213823,183.195,20740,MBCDNC,4974,EE,MBCDNC
4424,363122,183.195,20742,BC,1216,CS,BC
4425,309847,183.19,20743,MBCV,2615,CE,OC
4426,284547,183.19,20744,BC,2718,ME,OC
4427,227273,183.19,20745,BC,1210,CO,OC
4428,285556,183.19,20747,MBCDNC,4962,EC,OC
4429,260496,183.185,20748,BC,2712,TX,OC
4430,285416,183.185,20750,BC,2764,CS,BC
4431,361133,183.185,20754,BC,1311,CS,OC
4432,335742,183.185,20755,BC,2653,EC,OC
4433,258445,183.185,20756,BC,4974,EE,BC
4434,298185,183.185,20759,BC,4962,CS,BC
4435,314205,183.185,20761,OC,2751,CS,OC
4436,269002,183.185,20765,MBCV,1324,CS,MBCV
4437,205834,183.185,20766,BC,4962,IT,OC
4438,275060,183.185,20768,BC,4960,EE,OC
4439,339587,183.185,20769,BC,2739,CB,BC
4440,285762,183.185,20770,BC,3826,EC,OC
4441,237709,183.185,20771,MBCV,3806,EE,OC
4442,278521,183.185,20772,BCM,3805,BM,OC
4443,260742,183.185,20773,BC,1516,EC,BC
4444,248305,183.185,20774,BC,5901,ME,OC
4445,252934,183.185,20775,BC,2603,EC,BC
4446,252375,183.18,20777,BC,1311,EC,OC
4447,294548,183.18,20778,BC,4962,EC,OC
4448,272671,183.18,20779,BC,2706,IT,OC
4449,222171,183.175,20780,BC,5986,EC,BC
4450,276174,183.175,20782,BC,2718,ME,OC
4451,207557,183.175,20784,MBCV,2025,EE,MBCV
4452,266448,183.175,20785,BCM,3410,EC,OC
4453,320587,183.175,20786,BC,5901,CE,BC
4454,258860,183.175,20787,MBC,3701,AD,OC
4455,327074,183.175,20789,BC,2357,AG,OC
4456,204207,183.175,20790,MBCV,2025,EE,MBCV
4457,208217,183.175,20791,BC,2727,CS,OC
4458,367563,183.175,20792,BC,2601,BT,OC
4459,244868,183.175,20793,MBCV,1516,EC,MBCV
4460,206286,183.175,20794,BC,2718,MZ,OC
4461,254126,183.175,20795,BC,5986,EC,BC
4462,282902,183.165,20796,SC,3011,IT,SC
4463,218579,183.165,20797,BC,1231,CS,OC
4464,343487,183.165,20798,BC,2739,CB,BC
4465,200283,183.165,20799,MBCDNC,2764,CS,MBCDNC
4466,347162,183.16,20802,BC,4962,IT,OC
4467,352818,183.155,20804,MBCV,5,EE,OC
4468,248256,183.155,20805,MBCDNC,1118,EC,OC
4469,241651,183.155,20806,BC,5010,CS,BC
4470,251712,183.155,20807,BC,1241,CS,OC
4471,204653,183.155,20808,MBCV,1317,EC,MBCV
4472,248653,183.155,20809,MBCV,2712,EI,MBCV
4473,245446,183.155,20811,BC,5901,CE,BC
4474,304580,183.155,20812,SC,5901,CS,SC
4475,263766,183.155,20813,BC,1014,IT,OC
4476,299240,183.155,20814,BC,2718,MZ,OC
4477,251035,183.155,20815,BC,3011,IT,BC
4478,212786,183.155,20816,BC,3011,EE,OC
4479,227312,183.155,20817,BC,5901,CE,BC
4480,345579,183.155,20822,BC,1210,IT,BC
4481,272716,183.155,20826,MBC,2739,CO,OC
4482,301782,183.15,20828,BC,2702,EE,BC
4483,325583,183.15,20830,BC,2764,BM,OC
4484,203189,183.15,20832,BC,1211,ME,OC
4485,241342,183.15,20833,BC,5010,CS,BC
4486,220835,183.145,20835,BC,2723,CS,OC
4487,225595,183.145,20839,BC,2702,EI,OC
4488,255406,183.145,20842,MBCV,2,LE,MBCV
4489,287624,183.14,20845,BC,1422,CY,OC
4490,356980,183.14,20846,BC,2006,TT,BC
4491,353854,183.14,20847,MBCDNC,2735,CS,OC
4492,215794,183.14,20848,BC,2615,CE,OC
4493,224557,183.14,20849,BC,1219,ME,BC
4494,343527,183.14,20850,BCM,5986,EC,BCM
4495,279928,183.14,20851,BC,1216,CS,BC
4496,269656,183.14,20852,SC,2,PP,SC
4497,223809,183.135,20854,MBCV,1113,AD,MBCV
4498,338551,183.135,20857,MBCV,2610,BT,OC
4499,246340,183.13,20859,BC,2764,CS,BC
4500,270513,183.13,20860,BC,4960,EE,OC
4501,214263,183.13,20861,BC,4962,EC,OC
4502,210477,183.13,20862,SCA,1315,IT,SCA
4503,216877,183.13,20864,BC,5010,CS,BC
4504,229851,183.13,20866,BC,4974,EE,BC
4505,258084,183.13,20867,BC,3011,BT,BC
4506,280799,183.12,20869,MBC,4960,EC,MBC
4507,339840,183.12,20870,ST,2743,BM,OC
4508,344109,183.12,20871,SC,2006,IY,SC
4509,238342,183.12,20872,MBCV,1013,CS,OC
4510,359159,183.12,20873,BC,2,AP,BC
4511,258917,183.12,20875,BC,1112,CB,BC
4512,335795,183.12,20876,MBCV,1411,CS,OC
4513,284863,183.12,20877,BC,1210,IT,BC
4514,205585,183.12,20878,SC,2006,MF,SC
4515,337814,183.12,20879,BC,2764,CS,BC
4516,352802,183.12,20880,BC,1211,BT,BC
4517,262365,183.12,20882,MBCDNC,2702,IT,MBCDNC
4518,312070,183.11,20883,BC,2607,EC,OC
4519,364174,183.11,20884,BC,2711,EE,OC
4520,302649,183.11,20886,BC,2719,CJ,OC
4521,204208,183.11,20887,BC,1149,AD,OC
4522,294291,183.11,20888,BC,2710,CS,BC
4523,263984,183.11,20890,BC,2710,EC,OC
4524,293466,183.11,20891,BC,3826,CS,OC
4525,306343,183.11,20892,BC,2711,EI,OC
4526,286183,183.11,20893,BC,1219,CH,BC
4527,246645,183.11,20894,MBC,2708,AE,OC
4528,293984,183.11,20895,OC,2618,IT,OC
4529,201761,183.105,20896,MBCV,2006,MT,MBCV
4530,302540,183.105,20898,BC,4959,IT,OC
4531,333038,183.105,20899,BC,1306,AD,OC
4532,232651,183.1,20901,BC,1325,CS,OC
4533,346676,183.1,20902,OC,2764,ME,OC
4534,309342,183.1,20903,BC,2706,IT,OC
4535,202235,183.1,20904,BC,5009,CS,OC
4536,365078,183.1,20905,SC,1411,BT,OC
4537,207221,183.1,20907,SC,5008,EY,SC
4538,242124,183.1,20908,BC,1324,IT,BC
4539,289823,183.1,20909,BC,1432,EC,OC
4540,245558,183.1,20912,OC,1120,AD,OC
4541,272993,183.1,20913,MBCV,2005,IB,MBCV
4542,232081,183.095,20917,MBCV,2712,AE,MBCV
4543,220291,183.095,20918,BC,2719,BM,OC
4544,240150,183.095,20919,BC,2739,EC,BC
4545,241638,183.095,20920,BC,1414,EC,OC
4546,226011,183.095,20921,OC,1306,CS,OC
4547,272838,183.095,20922,BCM,2702,IT,BCM
4548,223063,183.09,20925,OC,2736,BM,OC
4549,238756,183.09,20926,OC,1304,RM,OC
4550,318847,183.09,20927,BC,2357,EC,OC
4551,366720,183.085,20928,BC,2764,CS,BC
4552,254028,183.085,20929,BC,1324,IT,BC
4553,215053,183.085,20930,BC,2711,EE,OC
4554,294958,183.085,20931,MBCDNC,1216,EI,OC
4555,200687,183.085,20935,BC,4678,AD,OC
4556,249897,183.08,20936,BC,2608,EC,OC
4557,207845,183.08,20937,OC,1324,EC,OC
4558,257804,183.08,20938,BC,1419,EE,OC
4559,323384,183.08,20939,BCM,4962,CS,BCM
4560,254173,183.075,20942,MBCDNC,2702,IT,MBCDNC
4561,202332,183.075,20943,BC,3803,CS,OC
4562,301363,183.075,20944,BC,2711,EE,BC
4563,302498,183.075,20945,BC,2718,MZ,OC
4564,203642,183.075,20946,BC,1113,EE,BC
4565,246977,183.075,20947,BC,2719,EE,OC
4566,215310,183.075,20948,BC,1026,ME,OC
4567,305472,183.075,20949,BC,2718,MZ,OC
4568,276028,183.075,20951,MBCV,2611,AE,OC
4569,213690,183.075,20952,BC,2702,EE,BC
4570,225486,183.075,20953,BC,2615,CE,OC
4571,213419,183.075,20955,MBCDNC,4024,EE,OC
4572,273604,183.075,20958,MBCDNC,2718,ME,OC
4573,373175,183.07,20963,MBCDNC,2702,IT,MBCDNC
4574,246597,183.065,20966,BC,1306,CS,OC
4575,223916,183.065,20967,BC,1014,CS,OC
4576,302285,183.065,20969,BC,2622,EC,OC
4577,285627,183.065,20970,BC,2618,IT,OC
4578,344245,183.065,20972,BC,1422,IT,BC
4579,278867,183.065,20975,MBCV,3843,EC,OC
4580,253004,183.065,20977,BC,1210,AD,BC
4581,230117,183.065,20978,BC,3011,IT,BC
4582,295247,183.065,20979,MBCV,3011,IT,MBCV
4583,345462,183.065,20984,MBC,2653,CS,OC
4584,356309,183.065,20985,MBCV,2314,AG,OC
4585,246465,183.065,20986,BC,1211,EE,BC
4586,233314,183.065,20987,MBCV,1112,EC,OC
4587,226333,183.065,20988,MBCDNC,2736,CS,OC
4588,333720,183.065,20989,MBCV,3843,EE,OC
4589,208088,183.065,20992,BC,1450,EE,BC
4590,271036,183.065,20993,OC,1120,IT,OC
4591,237533,183.06,20994,BC,4020,EC,OC
4592,204857,183.055,20998,MBCV,3011,IT,MBCV
4593,351612,183.055,20999,BC,5,EC,OC
4594,231913,183.045,21001,BC,1120,CS,BC
4595,263695,183.045,21002,BC,2739,EC,BC
4596,290457,183.045,21003,MBCDNC,2702,IT,MBCDNC
4597,255817,183.045,21004,SC,3465,EC,SC
4598,261573,183.045,21005,BC,1128,AD,OC
4599,314182,183.045,21006,BC,2607,AD,OC
4600,232059,183.045,21007,BC,2702,MC,OC
4601,209730,183.045,21008,OC,2601,CS,OC
4602,310292,183.045,21009,BC,3425,CS,OC
4603,225860,183.045,21010,BC,2722,EE,OC
4604,356323,183.045,21011,BC,1118,AD,OC
4605,203592,183.045,21012,BC,5901,ME,OC
4606,318990,183.045,21013,MBC,1303,BT,OC
4607,319160,183.045,21014,BC,3465,EC,BC
4608,256038,183.045,21015,SC,2005,EI,SC
4609,246939,183.045,21018,MBCV,2764,CS,MBCV
4610,230598,183.045,21020,BC,2708,IT,OC
4611,288045,183.045,21023,BC,5901,ME,OC
4612,203030,183.045,21024,BC,1149,EC,OC
4613,252024,183.04,21025,MBCV,2025,EE,MBCV
4614,310705,183.04,21026,BC,2607,AD,OC
4615,344107,183.04,21027,BCM,2652,CS,OC
4616,350742,183.04,21028,BC,3454,BM,OC
4617,276602,183.04,21029,BC,2736,CS,OC
4618,255788,183.04,21030,BC,1026,CS,BC
4619,276956,183.04,21031,MBCDNC,2718,CJ,MBCDNC
4620,246271,183.04,21032,BC,2,LE,BC
4621,278676,183.04,21033,BC,2706,AD,OC
4622,340172,183.04,21035,BC,1149,CS,BC
4623,209708,183.04,21036,SC,1419,AD,SC
4624,340937,183.04,21037,MBCV,1516,EC,MBCV
4625,306261,183.04,21038,MBCV,3011,IT,MBCV
4626,296095,183.04,21039,BC,1432,AD,OC
4627,276129,183.035,21040,BC,5910,IT,OC
4628,310334,183.035,21042,BC,2715,IT,OC
4629,283764,183.035,21042A,BC,4962,EC,OC
4630,307995,183.035,21043,BC,2618,CS,BC
4631,269189,183.035,21044,BC,2653,CB,OC
4632,273981,183.035,21047,BC,5,IT,OC
4633,347469,183.035,21048,SC,2708,AG,OC
4634,306021,183.035,21049,MBC,2618,CS,MBC
4635,293776,183.035,21050,BC,5910,EC,OC
4636,203194,183.03,21052,OC,2727,BM,OC
4637,222865,183.03,21053,OC,2706,IT,OC
4638,225246,183.03,21054,BC,1317,EE,OC
4639,302830,183.03,21055,MBCDNC,4678,EC,OC
4640,253628,183.03,21058,SC,5901,CS,SC
4641,374669,183.03,21059,SC,5901,EE,SC
4642,334765,183.03,21060,BC,2656,CS,OC
4643,351998,183.03,21062,BC,2710,TS,OC
4644,301856,183.025,21063,BC,5530,EC,OC
4645,275022,183.025,21064,MBCDNC,1126,AG,OC
4646,217004,183.025,21065,BC,2622,EC,OC
4647,259090,183.02,21068,MBCV,1304,EC,MBCV
4648,302119,183.02,21069,BC,3011,IT,BC
4649,275733,183.02,21070,BC,3819,CS,BC
4650,210285,183.02,21072,BC,2702,EE,BC
4651,217012,183.02,21073,BCM,2025,CS,BCM
4652,334434,183.02,21074,MBCDNC,2722,EC,MBCDNC
4653,315521,183.02,21075,BC,5010,CS,BC
4654,206559,183.015,21076,BC,1112,EC,BC
4655,363889,183.015,21077,MBCV,1321,PA,MBCV
4656,213501,183.01,21078,BC,2357,ME,OC
4657,261766,183.01,21079,BC,2711,EE,BC
4658,311887,183.01,21081,MBCDNC,2025,EC,MBCDNC
4659,248893,183.01,21082,BC,1432,AD,OC
4660,247184,183.01,21084,MBCV,1210,IT,MBCV
4661,306107,183.01,21087,MBCV,2006,PS,MBCV
4662,211153,183.01,21088,MBC,4974,CE,OC
4663,366257,183.01,21090,ST,2377,EC,ST
4664,292099,183.01,21092,BCM,2712,CE,BCM
4665,348215,183.01,21094,MBC,4955,IT,OC
4666,330101,183.01,21098,MBC,2702,BT,MBC
4667,202432,183.01,21100,BC,5910,CS,OC
4668,325614,183.01,21101,BC,2618,BM,OC
4669,323382,183.01,21102,SC,5901,EC,SC
4670,329746,183.01,21103,BC,4971,EC,OC
4671,342210,183.01,21104,MBCV,2711,CS,MBCV
4672,263916,183.01,21105,BC,2710,CS,BC
4673,278292,183.01,21106,MBCV,5008,CE,MBCV
4674,283474,183,21107,BC,2,AP,BC
4675,227609,183,21110,BC,2702,EE,BC
4676,362206,183,21111,SC,1317,CS,SC
4677,354658,183,21112,BC,1112,EC,BC
4678,323602,183,21114,OC,1324,CO,OC
4679,277232,183,21120,BC,1112,EC,BC
4680,317442,183,21121,MBCDNC,2603,EC,MBCDNC
4681,318305,183,21123,SC,1450,EC,SC
4682,200169,183,21127,BCM,2005,ME,BCM
4683,270529,183,21128,BC,1419,EE,OC
4684,304976,183,21131,BC,1211,EE,BC
4685,229363,183,21134,OC,1149,IT,OC
4686,292171,183,21135,BC,1112,EC,BC
4687,280398,183,21137,BC,1304,EE,OC
4688,339722,183,21138,BC,2704,EC,OC
4689,296740,183,21139,BC,1149,CS,BC
4690,301089,183,21141,BC,1211,CH,OC
4691,285935,183,21142,BC,1432,EC,OC
4692,258916,183,21146,MBCV,2718,CJ,MBCV
4693,289581,183,21148,OC,2706,IT,OC
4694,201984,183,21149,BC,1216,AD,OC
4695,333147,183,21153,MBC,2718,MZ,OC
4696,360369,183,21156,SC,1315,CE,SC
4697,293160,183,21158,BC,1211,RM,BC
4698,347458,183,21159,MBCDNC,2025,EE,MBCDNC
4699,353099,183,21160,BC,4955,CS,OC
4700,347476,183,21162,MBCV,2611,AG,OC
4701,312774,183,21163,MBCDNC,1219,CE,OC
4702,205515,183,21164,BC,1324,EC,OC
4703,235604,183,21171,MBCV,1304,EC,MBCV
4704,219127,183,21172,MBC,2736,EC,OC
4705,340345,183,21174,MBCV,1309,EC,OC
4706,333382,183,21184,BC,1211,EE,BC
4707,302404,183,21186,BC,1304,RM,OC
4708,227251,183,21190A,BC,1116,CS,OC
4709,305090,183,21191,BC,1324,EC,OC
4710,305789,183,21194,BC,1120,CS,BC
4711,223110,183,21196,BC,2622,IT,OC
4712,267475,183,21197,BC,2702,MC,OC
4713,273575,183,21205,SC,1315,CH,SC
4714,246023,183,21212,BC,1321,MN,BC
4715,339426,183,21214,MBC,1120,CS,MBC
4716,268447,183,21216,MBCDNC,1211,BT,MBCDNC
4717,232710,183,21218,OC,1317,CH,OC
4718,337358,183,21221,BC,2764,CS,BC
4719,281745,183,21225,SC,2005,EI,SC
4720,351661,183,21227,OC,3011,EC,OC
4721,332096,183,21228,BC,1324,IT,BC
4722,208426,183,21230,MBCV,2007,MF,MBCV
4723,318703,183,21231,BC,1219,ME,BC
4724,246285,183,21232,BC,1149,EC,OC
4725,301973,183,21233,MBCDNC,1419,EC,MBCDNC
4726,261325,183,21237,MBCV,2007,MF,MBCV
4727,238391,183,21238,BC,2727,CS,OC
4728,203651,183,21240,MBCDNC,5901,ME,OC
4729,318925,183,21241,SC,2634,AD,OC
4730,306658,183,21242,BC,2618,IT,OC
4731,345173,183,21244,MBCDNC,3826,AD,OC
4732,326637,183,21245,BC,1219,ME,BC
4733,285289,183,21246,BC,2712,CE,BC
4734,359930,183,21248,BC,1419,CJ,OC
4735,307057,183,21249,OC,2719,BM,OC
4736,264299,183,21251,BC,1120,CS,BC
4737,362188,183,21254,BC,1216,BM,BC
4738,298557,183,21255,MBC,1516,EE,OC
4739,312253,183,21256,BC,5986,EE,OC
4740,293435,183,21257,BC,2712,AU,OC
4741,292871,183,21258,MBCDNC,1317,BT,MBCDNC
4742,282006,183,21260,OC,1128,AD,OC
4743,252440,183,21261,SC,2005,IB,SC
4744,352999,183,21262,BC,1219,ME,BC
4745,285458,183,21265,BC,1422,IT,BC
4746,305595,183,21272,BC,1149,IT,OC
4747,288501,183,21275,BC,1120,CS,BC
4748,256961,183,21276,MBC,1211,AE,MBC
4749,298944,183,21277,BC,2,CR,BC
4750,295231,183,21279,MBC,2601,BM,OC
4751,278085,183,21280,BC,2718,ME,OC
4752,312829,183,21281,OC,1432,AD,OC
4753,322953,183,21282,BC,1419,EE,OC
4754,263534,183,21284,BC,2704,IT,OC
4755,339659,183,21285,BC,1128,CS,BC
4756,280573,183,21286,MBCDNC,2,AP,MBCDNC
4757,309849,183,21287,BC,2739,CB,BC
4758,302395,183,21288,BC,4960,BT,OC
4759,282573,183,21290,BC,1026,CS,BC
4760,298615,183,21292,BC,2702,BM,BC
4761,278641,183,21293,MBCV,2369,CS,MBCV
4762,307592,183,21294,BC,1210,EC,OC
4763,306776,183,21295,MBCV,2718,CJ,MBCV
4764,229965,183,21297,BC,1210,AD,BC
4765,290229,183,21300,BCM,1210,CS,BCM
4766,238595,183,21301,MBC,5,CH,OC
4767,261431,183,21304,BC,1231,CS,OC
4768,278835,183,21307,BC,1321,MN,BC
4769,281672,183,21316,BC,2764,CS,BC
4770,234263,183,21317,BCM,3011,BT,BCM
4771,216225,183,21318,MBCV,1317,EC,MBCV
4772,317409,183,21321,BC,1211,RM,BC
4773,310140,183,21323,OC,1128,AD,OC
4774,261103,183,21327,BC,1149,IT,OC
4775,327607,183,21328,ST,2006,EE,ST
4776,293041,183,21329,SC,1315,ME,SC
4777,292169,183,21330,BC,1309,AD,BC
4778,214868,182.995,21333,BC,3830,CS,BC
4779,349328,182.99,21334,BC,2610,AD,OC
4780,226279,182.99,21335,MBCV,1112,CS,MBCV
4781,206106,182.99,21336,BC,2723,CS,OC
4782,295934,182.99,21337,BC,1112,EC,BC
4783,248556,182.99,21338,MBCV,2712,MZ,MBCV
4784,292060,182.99,21340,BC,5986,EC,BC
4785,279389,182.99,21341,OC,5910,AD,OC
4786,253335,182.99,21342,MBCDNC,3810,AG,OC
4787,366660,182.99,21344,BC,5988,CS,OC
4788,311213,182.99,21345,MBCV,2722,IT,MBCV
4789,250555,182.985,21348,MBCV,2618,IT,OC
4790,255044,182.985,21354,BC,4020,EC,OC
4791,270896,182.98,21357,BC,2618,CS,BC
4792,320211,182.98,21361,BC,2618,CS,BC
4793,205571,182.98,21362,BC,1309,EC,OC
4794,241161,182.98,21364,MBCV,1309,AD,MBCV
4795,211208,182.98,21365,BCM,4974,EE,BCM
4796,357819,182.98,21367,BC,2314,CS,OC
4797,315340,182.975,21368,BC,2702,EE,BC
4798,269925,182.975,21369,BC,2025,EE,BC
4799,222366,182.975,21370,MBCV,1516,EE,OC
4800,212093,182.975,21371,BC,2764,CS,BC
4801,279937,182.975,21373,MBCDNC,2722,EC,MBCDNC
4802,292240,182.975,21374,BC,1149,IT,OC
4803,309661,182.975,21376,MBCDNC,3826,CS,OC
4804,220177,182.975,21377,BC,4023,CS,OC
4805,222117,182.975,21379,BC,1120,IT,OC
4806,311240,182.97,21380,BCM,2712,ME,BCM
4807,345128,182.97,21383,BC,2702,AG,OC
4808,311467,182.97,21384,MBCV,2710,SC,OC
4809,277206,182.97,21385,BC,1516,EC,BC
4810,286147,182.965,21386,MBC,2712,ME,MBC
4811,324924,182.965,21387,BC,1216,CS,BC
4812,214269,182.965,21387A,BC,1015,CS,OC
4813,344007,182.965,21388,BC,2723,CS,OC
4814,306662,182.965,21389,BC,2634,BM,OC
4815,315168,182.965,21390,BC,1233,AD,OC
4816,235157,182.965,21391,BC,2751,CS,OC
4817,258922,182.965,21392,OC,1306,CS,OC
4818,343169,182.965,21393,BC,1112,EC,BC
4819,319632,182.965,21395,MBCV,1237,IT,OC
4820,230036,182.965,21396,OC,1207,EC,OC
4821,258410,182.965,21398,MBCV,4024,GI,OC
4822,292894,182.965,21399,SC,1026,CS,SC
4823,255324,182.955,21406,MBCV,1128,CS,MBCV
4824,270918,182.955,21408,MBC,1399,ME,MBC
4825,213239,182.955,21409,BC,4962,IT,OC
4826,274291,182.955,21410,MBCV,2608,EE,OC
4827,339306,182.955,21411,BC,2725,EC,OC
4828,230990,182.955,21412,BC,2025,EE,BC
4829,298747,182.955,21415,BC,5,CF,OC
4830,279993,182.955,21416,BC,2,LE,BC
4831,239115,182.955,21417,BC,1324,EC,OC
4832,307165,182.955,21418,BC,4023,IT,OC
4833,267719,182.955,21422,BC,5904,EC,OC
4834,223147,182.955,21423,BC,1306,EC,OC
4835,244031,182.955,21424,BC,1324,AD,BC
4836,292778,182.955,21425,MBC,3011,IT,MBC
4837,347790,182.955,21426,MBCDNC,2624,IT,OC
4838,257106,182.955,21427,BC,4971,CS,BC
4839,296515,182.955,21428,BC,5901,CE,BC
4840,231879,182.955,21429,MBCDNC,1317,EC,MBCDNC
4841,214524,182.955,21430,BC,2708,CS,OC
4842,215969,182.945,21432,BC,1405,CS,OC
4843,263893,182.945,21433,BC,1324,IT,BC
4844,224754,182.945,21434,BC,2719,CJ,BC
4845,363340,182.945,21435,BC,1414,EC,OC
4846,301528,182.945,21436,BC,3011,IT,BC
4847,321792,182.945,21437,BC,2715,EE,OC
4848,256765,182.945,21438,BC,1321,MN,BC
4849,307437,182.94,21439,BC,4944,CS,OC
4850,224591,182.94,21440,BC,2706,IT,OC
4851,305131,182.935,21441,BC,1231,CS,OC
4852,260887,182.935,21443,SC,2005,IB,SC
4853,323421,182.935,21445,SC,1315,ME,SC
4854,290547,182.935,21446,MBCDNC,4960,EC,MBCDNC
4855,216002,182.935,21447,MBCDNC,1219,EE,MBCDNC
4856,204504,182.935,21448,BC,1149,CS,BC
4857,242429,182.935,21449,BC,4962,IT,BC
4858,206096,182.935,21450,OC,2751,CS,OC
4859,264995,182.935,21451,BC,2706,EC,OC
4860,298288,182.935,21452,BC,5986,EC,BC
4861,320230,182.93,21455,MBCV,2369,CS,MBCV
4862,202881,182.93,21457,BC,2727,CS,OC
4863,329612,182.93,21458,MBCV,1516,EC,MBCV
4864,271224,182.93,21459,BC,1432,AD,BC
4865,281563,182.93,21460,BC,1110,BT,OC
4866,242238,182.93,21461,BC,2706,AD,OC
4867,226831,182.925,21462,BC,2764,CS,BC
4868,335018,182.925,21463,BC,2719,EE,OC
4869,332550,182.925,21464,BC,2708,CS,OC
4870,303449,182.925,21465,BC,1324,IT,BC
4871,296648,182.925,21466,MBCDNC,1113,EC,MBCDNC
4872,266880,182.925,21467,MBCDNC,1241,EC,OC
4873,209235,182.925,21469,MBC,1422,AD,MBC
4874,264422,182.925,21470,BC,2706,EC,OC
4875,207126,182.925,21471,BCM,5986,IT,BCM
4876,229997,182.92,21472,BC,5,AM,OC
4877,250410,182.92,21474,MBCV,1211,EE,MBCV
4878,227809,182.92,21475,BC,1211,RM,BC
4879,306755,182.92,21476,BC,5942,EC,OC
4880,211376,182.92,21477,BC,2735,AD,OC
4881,269920,182.92,21478,BC,2710,CS,BC
4882,224528,182.92,21479,BC,1211,EE,BC
4883,268371,182.92,21481,BC,1210,AD,BC
4884,291272,182.92,21482,BC,2711,EI,OC
4885,287688,182.92,21485,BC,2369,CS,BC
4886,284075,182.92,21486,MBCV,2618,CS,MBCV
4887,246263,182.915,21487,BC,1211,RM,BC
4888,292075,182.915,21489,BC,2709,AU,OC
4889,254746,182.91,21490,BC,2719,EE,OC
4890,200387,182.91,21491,BC,5910,CS,OC
4891,239696,182.91,21494,BC,2607,IT,OC
4892,221501,182.91,21495,BC,1419,EE,OC
4893,217147,182.91,21496,BC,2764,CS,BC
4894,302396,182.91,21497,BC,4023,CS,OC
4895,318823,182.9,21500,BC,4959,CS,OC
4896,236524,182.9,21502,BC,5904,CS,OC
4897,238514,182.9,21503,MBCV,1399,ME,MBCV
4898,246768,182.9,21505,BC,1149,CS,BC
4899,249170,182.9,21506,BC,2704,CS,OC
4900,245424,182.9,21507,BC,1118,CS,OC
4901,322838,182.9,21508,MBCV,2719,CS,MBCV
4902,317834,182.9,21511,BC,1422,EC,OC
4903,281259,182.9,21512,BC,1210,EC,OC
4904,223332,182.9,21513,MBCV,2722,CS,MBCV
4905,332332,182.9,21514,MBC,2718,MZ,OC
4906,239671,182.9,21515,BC,3011,IT,BC
4907,312378,182.9,21516,BC,3011,IT,BC
4908,299843,182.9,21517,MBCV,1211,ME,OC
4909,327675,182.9,21520,BC,1149,CS,BC
4910,271206,182.9,21521,SC,2712,CS,SC
4911,285465,182.9,21522,BC,3819,IT,OC
4912,297665,182.9,21523,BC,2711,EE,BC
4913,261330,182.9,21524,MBCV,1317,BT,MBCV
4914,225716,182.9,21527,BC,4960,BT,OC
4915,221847,182.9,21528,MBCV,1516,EC,MBCV
4916,287267,182.89,21531,OC,2710,SC,OC
4917,272841,182.89,21534,BC,4955,EC,OC
4918,205996,182.89,21535,MBCV,1210,IT,MBCV
4919,321536,182.89,21536,BC,2661,CS,OC
4920,251901,182.89,21538,BCM,3804,CS,OC
4921,257615,182.89,21539,BC,2618,CS,BC
4922,263976,182.885,21544,BC,2608,CS,BC
4923,286371,182.885,21545,BC,2608,EC,OC
4924,249418,182.885,21546,MBC,4960,EE,OC
4925,344366,182.885,21548,BC,2702,AG,OC
4926,241109,182.88,21552,BC,2710,AD,OC
4927,264697,182.88,21553,MBCDNC,5910,CS,OC
4928,314239,182.88,21554,BC,4864,CS,OC
4929,264925,182.88,21555,BC,5904,AD,OC
4930,359011,182.88,21557,BC,2620,CS,OC
4931,351476,182.875,21558,MBCV,2369,EC,OC
4932,213330,182.875,21559,MBCDNC,5986,CS,MBCDNC
4933,357931,182.87,21560,MBCV,1420,EC,OC
4934,205561,182.87,21561,BC,1120,IT,OC
4935,204258,182.87,21562,BC,1219,CE,OC
4936,271965,182.87,21563,BC,4962,EC,OC
4937,308203,182.87,21564,BC,2715,CS,OC
4938,325179,182.87,21565,BC,2718,ME,OC
4939,271297,182.87,21569,BC,2764,AD,OC
4940,217221,182.87,21570,OC,1304,EE,OC
4941,210799,182.87,21571,BCM,3801,IT,OC
4942,225140,182.87,21572,SC,2006,MS,SC
4943,206782,182.87,21573,BC,2711,EE,BC
4944,202645,182.865,21574,BC,5986,EC,BC
4945,227642,182.865,21575,BCM,2712,EI,BCM
4946,269402,182.865,21576,BC,4962,IT,BC
4947,275121,182.865,21578,BC,2709,EE,BC
4948,273502,182.865,21579,BC,4023,CS,OC
4949,215096,182.865,21580,BC,2357,AD,OC
4950,313801,182.865,21582,BC,1207,BM,OC
4951,349269,182.865,21584,BCM,1101,CS,OC
4952,372620,182.865,21585,BC,1211,RM,BC
4953,208946,182.865,21586,BC,1317,EE,OC
4954,270143,182.865,21587,BC,1210,EC,OC
4955,210942,182.865,21588,BC,5901,CE,BC
4956,254780,182.865,21594,BC,2702,EE,BC
4957,319664,182.86,21595,BC,2702,EE,BC
4958,250839,182.86,21596,BC,3830,CS,BC
4959,253944,182.86,21598,BC,1128,CS,BC
4960,247640,182.86,21599,OC,1311,CS,OC
4961,206998,182.86,21600,MBCDNC,1419,CS,MBCDNC
4962,319188,182.86,21602,BC,2709,EE,BC
4963,231228,182.86,21603,MBCV,1317,EC,MBCV
4964,249118,182.86,21604,BC,2603,EE,OC
4965,257935,182.86,21605,OC,4678,AD,OC
4966,227239,182.86,21606,BC,1120,IT,OC
4967,203471,182.86,21607,BC,2706,IT,OC
4968,248011,182.855,21609,BC,2764,CS,BC
4969,247039,182.855,21611,BC,2764,CS,BC
4970,261186,182.855,21612,BC,2,CR,BC
4971,229981,182.855,21613,BC,3011,IT,BC
4972,328629,182.855,21614,MBCV,3011,IT,MBCV
4973,320869,182.855,21615,SC,2025,EC,SC
4974,216625,182.855,21616,BC,1,XM,BC
4975,218283,182.855,21617,MBC,2610,CS,OC
4976,281165,182.855,21618,MBC,2369,CS,MBC
4977,262098,182.855,21619,MBCV,2005,CE,MBCV
4978,278075,182.855,21620,BC,2628,AD,OC
4979,271748,182.855,21621,MBCV,1026,EC,OC
4980,348331,182.855,21622,MBC,2610,BT,OC
4981,205820,182.855,21623,BC,4959,AD,OC
4982,321613,182.855,21624,BC,2618,CS,BC
4983,333336,182.855,21625,MBCDNC,3011,CS,MBCDNC
4984,267159,182.855,21627,OC,1310,AD,OC
4985,204500,182.855,21628,OC,1211,CH,OC
4986,243526,182.855,21629,BC,2764,AD,OC
4987,201555,182.85,21632,BC,2711,EE,BC
4988,331176,182.85,21633,BC,1216,IT,OC
4989,207269,182.85,21634,BC,2709,EE,BC
4990,205444,182.845,21635,BC,1419,EE,OC
4991,275895,182.845,21636,BC,1120,IT,OC
4992,332122,182.845,21638,BC,4962,EC,OC
4993,260069,182.845,21641,BC,1210,EC,OC
4994,244351,182.845,21642,MBCV,2007,MF,MBCV
4995,245960,182.845,21643,MBCV,2711,IT,MBCV
4996,250667,182.845,21644,BC,2764,AD,OC
4997,346403,182.845,21645,BC,2615,CE,OC
4998,272123,182.845,21646,SC,2615,EE,SC
4999,340177,182.845,21647,BC,1432,AD,BC
5000,280880,182.845,21649,BC,2764,EE,OC
5001,237255,182.835,21653,BC,4020,CS,BC
5002,258991,182.835,21654,BC,2618,CS,BC
5003,204459,182.835,21655,BC,2725,CS,OC
5004,329940,182.835,21656,MBCDNC,4680,EC,OC
5005,266806,182.835,21660,BC,2722,EE,OC
5006,228767,182.835,21661,BC,1210,AD,BC
5007,212153,182.835,21662,BC,1112,AL,BC
5008,243611,182.835,21663,BCM,2719,CS,BCM
5009,293113,182.835,21664,BC,2712,CE,BC
5010,263436,182.835,21665,BC,2618,IT,OC
5011,294002,182.825,21669,BC,2618,EC,OC
5012,242752,182.825,21670,MBCDNC,4955,CS,OC
5013,261457,182.825,21672,BC,1112,CB,BC
5014,362305,182.825,21675,MBCV,3805,AG,OC
5015,272673,182.825,21676,OC,2618,IT,OC
5016,309099,182.82,21679,BC,3826,CS,OC
5017,267865,182.82,21681,SC,1516,CS,SC
5018,290638,182.82,21682,BC,2345,CS,OC
5019,208419,182.82,21683,BC,1211,AE,BC
5020,267305,182.82,21685,BC,1307,BM,OC
5021,264306,182.815,21686,BC,2764,AD,OC
5022,333383,182.815,21686A,MBCV,5010,CS,MBCV
5023,255431,182.815,21687,SC,5502,CS,OC
5024,213954,182.815,21688,BC,2739,EC,BC
5025,236065,182.815,21691,BC,3464,CS,BC
5026,355706,182.815,21692,BC,5,IT,OC
5027,256796,182.815,21693,BC,5910,CB,OC
5028,211858,182.815,21694,OC,1210,CB,OC
5029,313691,182.81,21699,BC,2615,MT,BC
5030,220608,182.81,21701,MBCV,3410,CS,OC
5031,271956,182.81,21702,BC,2764,AD,OC
5032,230948,182.81,21705,BC,2727,BT,OC
5033,200558,182.81,21706,BC,2764,EC,OC
5034,295769,182.81,21707,BC,2706,IT,OC
5035,210224,182.81,21709,BC,2369,CS,BC
5036,271122,182.81,21710,BC,2615,ME,OC
5037,289198,182.81,21711,MBCV,1408,IT,OC
5038,212187,182.81,21714,BC,1306,CS,OC
5039,247674,182.81,21716,MBC,2712,CE,MBC
5040,372267,182.81,21718,BC,1231,CS,OC
5041,234286,182.81,21719,BC,1321,MN,BC
5042,238944,182.81,21722,BC,1210,CB,OC
5043,362276,182.81,21723,BCM,2005,ME,BCM
5044,260112,182.81,21724,BC,4960,EE,OC
5045,346606,182.81,21725,BC,3464,CS,BC
5046,329129,182.805,21726,BC,2025,EE,BC
5047,274668,182.805,21728,SC,2603,CS,SC
5048,255112,182.805,21729,MBCDNC,2764,AD,MBCDNC
5049,274518,182.8,21730,BC,2706,IT,OC
5050,314943,182.8,21731,BC,2762,CS,OC
5051,295785,182.8,21734,BC,4971,EC,OC
5052,277840,182.795,21735,MBCV,2006,MT,MBCV
5053,224297,182.795,21736,BC,1307,IT,OC
5054,277336,182.795,21737,BC,3011,IT,BC
5055,303289,182.795,21738,MBCDNC,4020,CS,MBCDNC
5056,303262,182.79,21741,MBCV,2727,AD,OC
5057,257155,182.79,21742,BC,1112,EC,BC
5058,275368,182.79,21743,SCA,3011,CS,SCA
5059,321210,182.79,21746,BC,2615,ME,OC
5060,208641,182.79,21747,MBCV,1113,CD,MBCV
5061,208224,182.79,21749,OC,4020,EC,OC
5062,211777,182.79,21749A,BC,1216,AD,OC
5063,220320,182.79,21750,MBCDNC,2722,IT,MBCDNC
5064,207820,182.79,21751,OC,2725,CS,OC
5065,298216,182.78,21752,BC,2739,EC,BC
5066,226976,182.78,21753,BC,2618,AD,OC
5067,323622,182.78,21754,BC,2711,EE,BC
5068,241564,182.78,21756,BC,2628,AD,OC
5069,305232,182.78,21757,BC,1211,EE,BC
5070,350548,182.78,21758,BC,1412,CS,OC
5071,358309,182.78,21759,BC,1307,CS,OC
5072,302732,182.78,21760,BC,2736,CS,OC
5073,321126,182.78,21762,SC,3011,CS,SC
5074,281807,182.78,21763,MBCV,1324,CS,MBCV
5075,347488,182.78,21765,BC,4974,EE,BC
5076,279648,182.78,21766,BC,1149,CS,BC
5077,211981,182.78,21767,MBC,1210,IT,MBC
5078,363680,182.78,21768,BC,2739,EC,BC
5079,331163,182.78,21769,BC,2723,MD,OC
5080,314379,182.78,21770,BC,1412,IT,OC
5081,287769,182.78,21773,SC,5901,EC,SC
5082,206180,182.78,21774,BC,2710,EC,OC
5083,201548,182.78,21775,SC,2025,EC,SC
5084,299956,182.78,21776,BC,2369,CS,BC
5085,348804,182.78,21778,BC,2764,EC,OC
5086,219697,182.78,21779,MBCV,1419,EC,MBCV
5087,215182,182.78,21780,BC,2622,IT,OC
5088,205177,182.775,21783,BC,5910,CS,OC
5089,308884,182.775,21784,BC,3011,IT,BC
5090,217043,182.775,21785,MBCV,2369,CS,MBCV
5091,223314,182.77,21787,BC,2719,RM,OC
5092,312532,182.77,21789,MBC,2618,CS,MBC
5093,313992,182.765,21791,BC,2751,CS,OC
5094,222421,182.765,21792,MBC,2726,CS,OC
5095,245174,182.765,21793,MBCDNC,4020,EC,OC
5096,269946,182.765,21795,BC,2708,CS,OC
5097,231816,182.76,21796,BC,3464,CS,BC
5098,231166,182.76,21797,SC,2005,EI,SC
5099,273817,182.76,21799,BC,2608,IT,OC
5100,305758,182.76,21800,BC,1112,CB,BC
5101,321025,182.76,21801,MBCDNC,2006,MY,MBCDNC
5102,200556,182.76,21803,BC,1211,EE,BC
5103,263523,182.755,21805,BC,2718,ME,OC
5104,343156,182.755,21806,MBCV,1120,AD,OC
5105,212923,182.755,21807,BC,2622,BT,OC
5106,259327,182.755,21808,BC,2722,EE,OC
5107,302926,182.755,21809,SC,1399,AD,SC
5108,260420,182.755,21810,BC,1149,CS,BC
5109,299049,182.755,21812,BC,1317,EE,OC
5110,291517,182.755,21813,BC,1419,EE,OC
5111,322549,182.755,21814,MBC,1304,EC,MBC
5112,284426,182.755,21815,MBC,4960,EC,MBC
5113,258619,182.755,21816,MBC,2727,CS,OC
5114,352012,182.755,21817,MBC,1311,EC,OC
5115,216780,182.755,21819,MBCV,2722,AD,MBCV
5116,211751,182.755,21820,MBCV,2712,ME,MBCV
5117,299651,182.755,21821,MBCDNC,4678,EC,OC
5118,263154,182.755,21824,MBCDNC,4974,CE,OC
5119,252426,182.75,21825,BC,4678,CS,BC
5120,262976,182.75,21826,OC,1120,AD,OC
5121,229223,182.75,21827,BC,2739,EC,BC
5122,324773,182.75,21829,SC,2718,CS,SC
5123,206662,182.75,21831,MBCDNC,1432,CS,MBCDNC
5124,349581,182.745,21832,BC,1516,ME,OC
5125,291364,182.745,21833,SCA,2005,CE,SCA
5126,247294,182.745,21834,BC,2764,AD,BC
5127,214801,182.745,21835,BC,2706,IT,BC
5128,277260,182.745,21836,BC,1216,CS,BC
5129,254571,182.745,21837,OC,1118,AD,OC
5130,288185,182.745,21838,MBCV,1419,EC,MBCV
5131,309010,182.745,21840,MBCDNC,1219,ME,MBCDNC
5132,256702,182.745,21842,BC,2739,CO,OC
5133,276391,182.745,21843,BC,3465,EC,BC
5134,295863,182.745,21845,BC,2719,EE,OC
5135,296861,182.745,21846,SC,2710,CS,SC
5136,374155,182.735,21847,BC,2718,ME,BC
5137,202550,182.735,21848,BC,2369,CS,BC
5138,273958,182.735,21850,SC,3819,AD,OC
5139,250212,182.735,21851,MBCDNC,2719,CS,MBCDNC
5140,295326,182.735,21852,MBCDNC,3782,CS,OC
5141,325944,182.73,21853,MBC,2702,BT,MBC
5142,298100,182.725,21856,BC,4962,IT,BC
5143,331470,182.725,21857,BCM,1317,AL,BCM
5144,360682,182.725,21858,BC,2706,AD,BC
5145,304089,182.725,21859,BCM,1419,IT,BCM
5146,296869,182.725,21860,BC,5986,EE,OC
5147,314068,182.725,21861,MBCV,2719,CS,MBCV
5148,250023,182.725,21862,MBCV,2618,CS,MBCV
5149,253227,182.725,21863,MBCV,3011,XC,OC
5150,223624,182.725,21865,BC,1013,CS,OC
5151,252683,182.725,21866,BC,2615,ME,OC
5152,231887,182.725,21867,BCM,2729,MZ,OC
5153,301085,182.725,21868,BC,2750,CB,OC
5154,271025,182.725,21869,BC,2709,AU,OC
5155,221194,182.725,21870,MBCV,1432,CS,MBCV
5156,243851,182.725,21871,BC,4960,EE,OC
5157,284370,182.725,21873,BC,2712,CE,BC
5158,204380,182.725,21874,MBCDNC,2702,EC,MBCDNC
5159,297230,182.725,21875,BC,2739,CO,BC
5160,256347,182.725,21876,BC,2706,EC,OC
5161,207859,182.725,21877,BC,4974,ME,OC
5162,233941,182.725,21878,MBCV,1432,CS,MBCV
5163,213478,182.725,21879,MBC,3819,CS,MBC
5164,320025,182.725,21880,MBC,2704,IT,OC
5165,304572,182.725,21881,BC,4678,EC,OC
5166,235203,182.725,21882,BC,2025,ME,OC
5167,250845,182.725,21885,BCM,1219,CH,BCM
5168,240982,182.725,21886,BC,2764,EC,OC
5169,204728,182.725,21887,BC,4023,CS,OC
5170,315417,182.725,21889,BC,3011,IT,BC
5171,247546,182.725,21891,BCM,2603,EC,BCM
5172,329812,182.72,21892,BC,4970,CS,OC
5173,229198,182.72,21893,BC,2709,EE,BC
5174,279802,182.72,21894,BC,1432,CB,BC
5175,279606,182.72,21895,MBC,1120,EC,OC
5176,308629,182.72,21896,MBCV,1026,CS,MBCV
5177,236907,182.72,21897,MBCV,2702,AD,MBCV
5178,317165,182.72,21898,BC,1422,IT,BC
5179,296209,182.72,21899,BC,2739,EC,BC
5180,229883,182.715,21901,BC,1112,AL,BC
5181,232707,182.715,21902,MBC,2764,EC,OC
5182,225458,182.715,21903,BC,5017,CS,OC
5183,243072,182.715,21904,BC,1112,AL,BC
5184,247878,182.715,21905,BC,1120,AD,OC
5185,333328,182.715,21906,MBCV,1014,CE,OC
5186,292089,182.71,21907,BC,1211,AU,OC
5187,266436,182.71,21910,MBCDNC,1419,IT,MBCDNC
5188,249009,182.71,21911,MBCV,1211,AE,MBCV
5189,250001,182.71,21912,MBCV,2711,EC,MBCV
5190,218663,182.71,21913,BC,1210,AD,BC
5191,277051,182.705,21915,BCM,2005,ME,BCM
5192,231014,182.705,21916,BC,2613,EC,OC
5193,221812,182.705,21917,MBC,2622,IT,OC
5194,257974,182.705,21918,BCM,1210,CS,BCM
5195,299416,182.705,21919,BC,1026,EC,OC
5196,286293,182.7,21922,BC,1,XC,BC
5197,290103,182.7,21924,BC,2702,FT,OC
5198,285250,182.7,21925,BC,1216,EC,OC
5199,249339,182.7,21926,BCM,1219,CH,BCM
5200,317659,182.695,21927,MBCV,3011,IT,MBCV
5201,212246,182.695,21929,MBCDNC,3464,CS,MBCDNC
5202,302680,182.695,21930,MBCDNC,1317,EC,MBCDNC
5203,237311,182.695,21931,BC,2706,IT,BC
5204,222121,182.695,21932,BC,2707,IT,OC
5205,306671,182.695,21933,BC,3830,CS,BC
5206,212835,182.695,21934,BC,5986,EE,OC
5207,293743,182.69,21935,OC,3819,EE,OC
5208,367455,182.69,21937,BC,1013,CS,OC
5209,223254,182.69,21940,BCM,5986,CE,OC
5210,271367,182.69,21941,BC,4962,IT,BC
5211,214444,182.69,21942,OC,1231,IT,OC
5212,326033,182.69,21943,BCM,1424,CS,OC
5213,335873,182.685,21945,MBC,2739,EC,MBC
5214,289107,182.685,21947,MBCDNC,4020,EC,OC
5215,242856,182.68,21948,MBCV,2615,CE,OC
5216,230089,182.68,21950,MBCV,1228,CS,OC
5217,310214,182.68,21951,BC,4944,EC,OC
5218,335680,182.68,21953,BC,2723,EE,OC
5219,238315,182.68,21954,BCM,1216,CS,BCM
5220,244363,182.68,21955,BCM,1219,EE,BCM
5221,353060,182.68,21958,BC,4944,EC,OC
5222,317844,182.68,21959,BC,2711,EE,BC
5223,342280,182.68,21962,BC,2656,ME,OC
5224,276023,182.68,21963,BC,1399,ME,BC
5225,203509,182.68,21964,BC,1122,IT,OC
5226,260427,182.68,21967,BC,1304,EE,OC
5227,302602,182.67,21968,BC,2741,CS,OC
5228,236566,182.67,21969,BC,2628,AD,OC
5229,255971,182.67,21970,MBCV,2719,EC,MBCV
5230,344115,182.67,21971,MBC,2725,CS,OC
5231,230878,182.67,21972,BC,2718,MZ,OC
5232,258684,182.67,21975,BC,5904,AD,OC
5233,237768,182.67,21976,BC,1118,AD,OC
5234,350558,182.67,21977,OC,1211,CH,OC
5235,209801,182.67,21978,OC,1210,CB,OC
5236,267544,182.67,21979,BC,4954,IT,OC
5237,243093,182.67,21980,SC,2712,IT,SC
5238,286941,182.67,21983,BC,1013,CS,OC
5239,231868,182.67,21985,BCM,5986,IT,BCM
5240,268204,182.67,21986,MBCV,1113,EE,MBCV
5241,218868,182.67,21987,MBCV,2005,CE,MBCV
5242,276110,182.67,21990,OC,2719,RM,OC
5243,327147,182.67,21991,BC,1113,EE,BC
5244,236044,182.67,21992,BCM,1149,CS,BCM
5245,361991,182.67,21993,BC,2704,IT,OC
5246,302143,182.67,21996,MBCV,1118,EC,OC
5247,238992,182.67,21997,BC,1237,CS,OC
5248,244065,182.665,22001,BC,2,LE,BC
5249,234029,182.665,22002,BC,2711,EE,BC
5250,287991,182.66,22004,MBCV,1120,CS,MBCV
5251,253983,182.66,22006,BC,1149,CS,BC
5252,209408,182.66,22007,BC,2710,IT,OC
5253,269157,182.655,22009,MBCDNC,1419,IT,MBCDNC
5254,254862,182.655,22010,MBCDNC,1219,CH,MBCDNC
5255,205278,182.65,22012,BC,2710,IT,OC
5256,343819,182.65,22013,BC,1237,CS,OC
5257,231877,182.65,22015,BC,4971,EC,OC
5258,259469,182.65,22017,BCM,5901,EE,BCM
5259,209648,182.65,22018,BC,2615,ME,OC
5260,352061,182.65,22019,BC,2601,BT,OC
5261,302695,182.645,22020,BC,2739,EC,BC
5262,252318,182.645,22022,BC,4969,CS,OC
5263,204135,182.645,22023,BC,2764,AD,BC
5264,205441,182.645,22025,BC,1422,IT,BC
5265,307087,182.645,22026,BC,2601,CS,OC
5266,206032,182.645,22027,BC,3926,CS,OC
5267,207350,182.64,22031,MBCDNC,4974,CE,OC
5268,346652,182.64,22033,BC,1399,ME,BC
5269,244087,182.64,22034,OC,1324,EC,OC
5270,210181,182.64,22036,OC,1324,EC,OC
5271,281638,182.64,22037,BC,1113,EI,OC
5272,258023,182.64,22038,MBCV,1419,EC,MBCV
5273,297579,182.635,22039,MBCV,2653,CS,OC
5274,249849,182.635,22040,BC,5010,CS,BC
5275,238940,182.635,22042,BC,3829,EC,OC
5276,364331,182.635,22044,MBCV,3011,IT,MBCV
5277,253820,182.635,22045,BC,1432,CB,BC
5278,203356,182.635,22046,BC,2722,IC,OC
5279,238147,182.635,22047,BC,1231,CS,OC
5280,307436,182.635,22048,BC,5902,IT,OC
5281,210113,182.635,22050,BC,2615,ME,OC
5282,307666,182.635,22051,BC,1450,ME,OC
5283,287733,182.635,22053,MBCV,2710,SC,OC
5284,304726,182.635,22054,BC,3701,AD,OC
5285,294458,182.635,22055,BC,2710,CS,BC
5286,227516,182.635,22056,MBCDNC,3819,CE,OC
5287,211188,182.635,22057,BC,1419,EI,OC
5288,310832,182.635,22058,BC,1219,CH,BC
5289,326670,182.635,22059,BC,2739,EC,BC
5290,203414,182.635,22060,MBCV,1026,CS,MBCV
5291,281072,182.63,22062,MBCDNC,1422,CS,MBCDNC
5292,258219,182.63,22063,MBCV,5901,ME,OC
5293,215359,182.625,22064,MBCDNC,2719,IT,MBCDNC
5294,279078,182.625,22066,MBC,2608,CS,MBC
5295,357925,182.625,22067,MBCV,1219,MR,OC
5296,210256,182.625,22069,BC,2708,CS,OC
5297,307468,182.625,22070,BCM,2708,IT,OC
5298,298700,182.625,22071,BCM,4020,CS,BCM
5299,276500,182.62,22073,MBCDNC,2731,EC,OC
5300,253542,182.62,22074,BC,2739,EC,BC
5301,284468,182.615,22076,MBC,1324,IT,MBC
5302,260842,182.615,22079,MBCDNC,1211,AL,MBCDNC
5303,329948,182.615,22080,MBCV,1513,IT,OC
5304,279276,182.615,22081,BC,1149,IT,OC
5305,354184,182.615,22083,BC,2751,IT,OC
5306,352963,182.615,22084,MBCV,1211,EE,MBCV
5307,365156,182.615,22085,MBCV,5008,CE,MBCV
5308,308304,182.615,22086,BC,3826,IT,OC
5309,278856,182.615,22087,MBCV,1317,AD,MBCV
5310,255239,182.615,22088,BC,5910,BM,OC
5311,232247,182.615,22089,MBCDNC,5901,CE,MBCDNC
5312,356498,182.615,22090,MBCV,2610,BM,OC
5313,327713,182.615,22093,BC,4670,CE,OC
5314,254129,182.615,22094,BC,2741,CS,OC
5315,253687,182.615,22096,BC,3826,CS,OC
5316,292491,182.615,22097,BC,1324,EC,OC
5317,341142,182.615,22098,BC,5,CS,BC
5318,278386,182.615,22099,MBCV,1516,EC,MBCV
5319,204955,182.61,22101,BC,2764,EC,OC
5320,360800,182.61,22104,BC,2,CR,BC
5321,221285,182.605,22105,BC,2718,ME,BC
5322,262968,182.605,22106,BC,2718,MZ,OC
5323,221523,182.605,22107,BC,1304,ME,OC
5324,270425,182.605,22108,SC,1324,CS,SC
5325,288219,182.605,22109,BC,4962,IT,BC
5326,234614,182.605,22114,MBCV,1399,EE,MBCV
5327,322530,182.605,22115,BC,2609,CY,OC
5328,270821,182.605,22118,BC,3011,PH,OC
5329,243274,182.6,22119,BC,2711,EE,BC
5330,293271,182.595,22122,BC,3465,EC,BC
5331,355057,182.595,22123,BC,2611,FD,OC
5332,320234,182.595,22125,BC,3811,CS,OC
5333,274355,182.59,22126,BC,2328,IT,OC
5334,244578,182.59,22128,MBCV,1422,IT,MBCV
5335,226871,182.59,22129,BC,2357,AD,OC
5336,249469,182.585,22131,BCM,1210,AD,BCM
5337,305233,182.585,22132,SC,4960,EC,SC
5338,218910,182.585,22133,BC,2764,AD,BC
5339,269631,182.585,22134,OC,1149,IT,OC
5340,245538,182.585,22135,BC,2736,CS,OC
5341,276026,182.585,22136,MBCV,1432,CS,MBCV
5342,313346,182.585,22137,BC,2711,EE,BC
5343,232481,182.585,22138,MBCV,1211,EE,MBCV
5344,206461,182.585,22139,MBCV,2718,CJ,MBCV
5345,205826,182.585,22140,BC,2706,IT,BC
5346,298822,182.58,22142,BC,4959,AD,OC
5347,254747,182.58,22143,SC,4,RP,SC
5348,202247,182.58,22146,SC,2712,IT,SC
5349,214425,182.58,22147,BC,1233,EC,OC
5350,247038,182.58,22148,BC,1112,CB,BC
5351,210475,182.58,22149,BC,2712,AU,OC
5352,204818,182.58,22150,BC,2719,EE,OC
5353,231610,182.58,22151,BC,2622,CS,OC
5354,317260,182.58,22152,MBCV,2005,CE,MBCV
5355,218940,182.58,22153,MBC,1210,EC,OC
5356,232041,182.58,22154,MBCDNC,2722,IT,MBCDNC
5357,245613,182.58,22155,MBCV,1026,EC,OC
5358,215015,182.58,22160,MBCDNC,5910,IT,OC
5359,217773,182.58,22162,BC,2603,EE,OC
5360,307072,182.575,22163,MBCV,1211,AE,MBCV
5361,320599,182.575,22164,BC,2711,EE,BC
5362,243086,182.57,22165,BC,2711,EE,BC
5363,273183,182.57,22166,MBCV,1516,EC,MBCV
5364,274257,182.57,22167,BC,5919,EC,OC
5365,264135,182.57,22168,MBCV,2369,EC,OC
5366,271233,182.57,22169,MBCV,1324,CS,MBCV
5367,211572,182.57,22170,BC,1211,FD,BC
5368,257056,182.57,22172,BC,1120,IT,BC
5369,257652,182.57,22173,MBC,2603,EC,MBC
5370,335054,182.57,22174,SC,1304,AD,SC
5371,244150,182.56,22179,MBCV,2704,CS,OC
5372,211652,182.56,22180,OC,1324,CO,OC
5373,284167,182.56,22183,BC,2712,AU,BC
5374,334791,182.56,22184,BC,3464,CS,BC
5375,261559,182.56,22187,BC,1219,ME,BC
5376,269755,182.56,22188,MBC,2369,EC,OC
5377,210071,182.56,22189,SC,3465,EC,SC
5378,339338,182.56,22190,MBCV,1430,CE,OC
5379,213008,182.56,22191,SC,1211,AL,SC
5380,277384,182.56,22192,BC,2725,CS,OC
5381,267659,182.56,22193,BC,1516,EC,BC
5382,250873,182.56,22194,MBCV,1304,EC,MBCV
5383,362002,182.55,22196,MBCDNC,2615,MT,MBCDNC
5384,330166,182.55,22197,BC,2764,BM,OC
5385,321802,182.55,22198,BC,1216,CS,BC
5386,213332,182.55,22199,BC,1026,ME,OC
5387,263745,182.55,22200,BC,1219,ME,BC
5388,241288,182.55,22201,OC,5009,CS,OC
5389,273302,182.55,22202,BC,2719,RM,OC
5390,260190,182.545,22204,BC,2,LE,BC
5391,219773,182.545,22205,BC,2702,EI,OC
5392,268532,182.545,22206,BC,2739,EC,BC
5393,307584,182.545,22207,BC,1216,CS,BC
5394,319624,182.545,22208,BC,2764,BM,BC
5395,222566,182.54,22210,BC,5904,CS,OC
5396,219516,182.54,22211,BC,2723,BM,OC
5397,354406,182.54,22214,BC,2711,EE,BC
5398,241670,182.535,22217,MBCV,2615,ME,OC
5399,294657,182.535,22219,MBCDNC,2718,EE,MBCDNC
5400,244907,182.535,22221,SC,2005,EI,SC
5401,211028,182.535,22222,BC,2615,CE,OC
5402,213186,182.535,22223,SC,2007,EY,SC
5403,287443,182.535,22224,BC,2750,CB,OC
5404,221064,182.535,22225,BC,1304,ME,OC
5405,284659,182.535,22226,MBCDNC,2722,IT,MBCDNC
5406,262880,182.535,22227,BC,4678,AD,OC
5407,282510,182.53,22229,MBCV,2005,IB,MBCV
5408,292488,182.53,22233,BC,2618,IT,OC
5409,304198,182.53,22234,BC,2706,IT,BC
5410,263143,182.53,22236,BC,1309,EC,OC
5411,281770,182.53,22237,BC,2706,IT,BC
5412,232539,182.53,22238,BC,2711,EI,OC
5413,266923,182.53,22239,BC,2615,ME,OC
5414,233095,182.53,22240,MBCDNC,1306,CS,OC
5415,325779,182.525,22242,OC,2621,CS,OC
5416,363750,182.525,22244,BC,2628,CS,OC
5417,333752,182.525,22245,BC,2764,EC,OC
5418,304449,182.525,22246,BC,1324,AD,BC
5419,268958,182.525,22248,MBCV,1520,IT,OC
5420,373332,182.525,22249,SCA,3830,EC,OC
5421,302248,182.525,22250,BC,2719,EE,OC
5422,216160,182.525,22251,MBCV,5008,MF,MBCV
5423,212504,182.525,22252,BC,1304,EE,OC
5424,219498,182.525,22253,BC,3905,CS,OC
5425,328007,182.525,22254,BC,2726,EC,OC
5426,251105,182.525,22255,MBCDNC,1419,EE,OC
5427,314034,182.525,22256,MBCV,3464,CS,MBCV
5428,208717,182.525,22257,BC,2608,CS,BC
5429,250570,182.525,22258,BC,2006,TT,BC
5430,368900,182.525,22260,MBCDNC,3465,EC,MBCDNC
5431,266194,182.525,22261,BC,2712,CE,BC
5432,253204,182.525,22262,MBCDNC,1399,EE,MBCDNC
5433,339712,182.525,22263,BC,4020,CS,BC
5434,292358,182.525,22265,BC,1304,RM,OC
5435,244818,182.525,22266,BC,1216,CS,BC
5436,216324,182.525,22268,BC,1120,AD,OC
5437,318956,182.515,22272,MBCV,1014,IT,OC
5438,291492,182.515,22273,SC,5008,CW,SC
5439,283855,182.515,22274,MBCV,2601,BT,OC
5440,268104,182.515,22275,BC,2608,CS,BC
5441,239892,182.505,22277,BCM,2603,EC,BCM
5442,208890,182.505,22279,BC,1231,CS,OC
5443,208695,182.505,22280,BCM,1120,CS,BCM
5444,273682,182.505,22281,BC,4974,EE,BC
5445,229342,182.505,22282,BC,2006,TT,BC
5446,371294,182.505,22284,MBCDNC,4955,EE,OC
5447,242154,182.505,22285,BC,2711,EI,OC
5448,207805,182.505,22286,MBCV,1399,ME,MBCV
5449,237410,182.505,22287,BC,2710,CS,BC
5450,265194,182.505,22289,MBCV,1432,CS,MBCV
5451,336308,182.505,22291,SC,2712,EC,SC
5452,226507,182.505,22293,BC,2739,EC,BC
5453,261933,182.5,22294,BC,1216,CS,BC
5454,346650,182.5,22295,BC,1306,CS,OC
5455,293192,182.5,22297,BC,1311,CS,OC
5456,271483,182.5,22298,MBCDNC,2719,CS,MBCDNC
5457,329061,182.5,22299,OC,1231,CS,OC
5458,244535,182.5,22300,BC,1211,MZ,OC
5459,293168,182.5,22301,MBCDNC,1211,BM,MBCDNC
5460,212512,182.5,22302,MBCV,1450,EC,MBCV
5461,326603,182.5,22306,BC,2615,CE,OC
5462,282691,182.5,22309,MBC,2710,CS,MBC
5463,294752,182.5,22310,BC,2734,SB,OC
5464,223310,182.5,22311,OC,1324,CO,OC
5465,204294,182.5,22312,BCM,2712,MZ,BCM
5466,347139,182.5,22313,BC,1112,EC,BC
5467,354452,182.5,22315,BC,1419,IC,OC
5468,338377,182.5,22318,MBCV,1,XM,MBCV
5469,299976,182.5,22322,BC,1,XM,BC
5470,327069,182.5,22324,BC,1309,EC,OC
5471,357309,182.5,22328,SC,2712,BT,SC
5472,307875,182.5,22330,MBCV,1149,CS,MBCV
5473,310448,182.5,22334,BC,2,AP,BC
5474,300584,182.5,22337,SC,1315,ME,SC
5475,349247,182.5,22340,BC,1309,AD,BC
5476,315745,182.5,22342,BC,1112,EC,BC
5477,304611,182.5,22344,BC,3011,IT,BC
5478,302786,182.5,22352,BC,1149,IT,OC
5479,304889,182.5,22353,BC,1309,EC,OC
5480,262530,182.5,22358,BCM,5010,CS,BCM
5481,333000,182.5,22361,SC,3011,PH,OC
5482,289826,182.5,22362,BC,1311,IT,OC
5483,257845,169.5,22362A,OC,5009,CS,OC
5484,289127,182.5,22363,BC,1219,ME,BC
5485,326885,182.5,22368,MBCDNC,2722,AD,MBCDNC
5486,295265,182.5,22369,BC,2736,IT,OC
5487,228505,182.5,22371,OC,1128,AD,OC
5488,315464,182.5,22373,OC,2621,CS,OC
5489,206773,182.5,22374,BC,1231,AD,OC
5490,272040,182.5,22376,BC,1321,PA,BC
5491,283872,182.5,22378,SC,2006,IY,SC
5492,314681,182.5,22379,OC,4020,EC,OC
5493,313058,182.5,22381,BC,4960,BT,OC
5494,360522,182.5,22384,MBCDNC,1149,CS,MBCDNC
5495,223843,182.5,22386,BCM,2005,CE,BCM
5496,236227,182.5,22389,BC,4020,CS,BC
5497,279059,182.5,22390,BC,2712,FT,OC
5498,232084,182.5,22391,MBCV,1419,CB,MBCV
5499,339594,182.5,22394,OC,1422,ME,OC
5500,276292,182.5,22396,BC,5910,CS,OC
5501,286336,182.5,22397,BC,2712,CE,BC
5502,322958,182.5,22402,BCM,2719,CS,BCM
5503,282960,182.5,22403,OC,1309,EC,OC
5504,291524,182.5,22409,BC,1211,FD,BC
5505,366640,182.5,22410,BC,1122,CS,OC
5506,296423,182.5,22411,OC,1324,EC,OC
5507,328907,182.5,22413,SC,1211,BM,SC
5508,324268,182.5,22417,BC,1306,BT,OC
5509,200816,182.5,22420,OC,2618,IT,OC
5510,357059,182.5,22421,BC,3830,EC,OC
5511,281856,182.5,22422,OC,1210,EC,OC
5512,276712,182.5,22424,MBCV,1216,AG,OC
5513,252437,182.5,22427,BC,1120,IT,BC
5514,336286,182.5,22428,OC,1120,AD,OC
5515,283564,182.5,22429,BC,2601,IT,OC
5516,361499,182.5,22430,BC,3011,IT,BC
5517,283816,182.5,22431,MBCDNC,2702,EC,MBCDNC
5518,257406,182.5,22434,BC,1231,IT,OC
5519,327001,182.5,22435,BCM,2006,MY,BCM
5520,336006,182.5,22438,MBC,1112,CB,MBC
5521,277682,182.5,22439,OC,1211,MZ,OC
5522,289095,182.5,22440,SC,1399,EE,SC
5523,335482,182.5,22441,MBC,1211,BT,MBC
5524,278935,182.5,22442,BC,2,LE,BC
5525,201265,182.5,22443,BCM,1309,AD,BCM
5526,369533,182.5,22444,MBCDNC,1219,CH,MBCDNC
5527,359736,182.5,22446,BC,1419,EE,OC
5528,274064,182.5,22447,BC,1216,EC,OC
5529,277407,182.5,22449,OC,1231,CS,OC
5530,289265,182.5,22451,BC,1120,AD,BC
5531,283165,182.5,22455,BC,2736,CS,OC
5532,305175,182.5,22457,MBCDNC,1211,EE,MBCDNC
5533,280410,182.5,22461,BC,1419,EE,OC
5534,221174,182.5,22463,SCA,1,BY,SCA
5535,259974,182.5,22467,BC,2709,EE,BC
5536,212449,182.495,22469,MBCV,1432,CS,MBCV
5537,206175,182.495,22470,BC,1419,CJ,BC
5538,276664,182.495,22471,BC,1210,EC,OC
5539,294130,182.495,22472,BC,3011,EE,OC
5540,328402,182.495,22473,BCM,3841,CS,OC
5541,311146,182.495,22474,BC,2657,EC,OC
5542,310818,182.495,22475,MBCV,2618,EE,OC
5543,221349,182.495,22476,BC,1210,AD,BC
5544,271634,182.495,22477,BC,1015,EC,OC
5545,323331,182.495,22478,BC,1122,AD,OC
5546,313882,182.495,22479,OC,2601,EC,OC
5547,357902,182.495,22480,BC,1112,AL,BC
5548,335491,182.495,22481,SC,4,RP,SC
5549,337684,182.495,22482,MBC,5530,EC,OC
5550,217298,182.495,22483,BC,5,CS,BC
5551,304069,182.495,22484,MBCDNC,2369,CS,MBCDNC
5552,259044,182.495,22486,BC,2711,EE,BC
5553,208187,182.495,22487,SC,3465,CS,SC
5554,238857,182.495,22490,BC,1149,CS,BC
5555,228466,182.49,22493,BC,5910,EC,OC
5556,219050,182.49,22494,BC,1399,CE,OC
5557,299032,182.49,22495,BC,4995,CS,OC
5558,222062,182.49,22496,BC,5910,CS,BC
5559,233439,182.49,22497,BC,1317,EE,OC
5560,344970,182.49,22498,MBC,2709,EE,MBC
5561,245955,182.49,22499,BC,1026,CS,BC
5562,258618,182.485,22501,MBCV,1311,IT,OC
5563,202375,182.485,22504,MBCV,1216,CS,MBCV
5564,353264,182.485,22506,MBCV,5009,CS,OC
5565,225422,182.48,22508,BC,4023,CS,OC
5566,263896,182.475,22509,SC,1399,CS,SC
5567,361169,182.475,22510,BC,2712,AU,BC
5568,292620,182.475,22511,BC,2718,ME,BC
5569,292409,182.475,22513,BC,2710,CS,BC
5570,361773,182.475,22514,BC,2764,AD,BC
5571,250572,182.475,22515,BCM,4917,EC,OC
5572,260035,182.475,22518,BC,4960,EE,OC
5573,302124,182.475,22519,BC,2719,EE,OC
5574,246056,182.475,22520,OC,1324,EC,OC
5575,276559,182.47,22521,BC,1210,EC,OC
5576,210814,182.47,22522,BC,2764,AD,BC
5577,292776,182.47,22523,MBCDNC,1211,BT,MBCDNC
5578,222317,182.47,22525,BC,2615,ME,BC
5579,331713,182.47,22526,BC,2661,CS,OC
5580,281285,182.47,22527,BC,1219,CH,BC
5581,224048,182.47,22528,MBCDNC,4960,EE,OC
5582,238585,182.47,22529,BC,4023,CS,OC
5583,229605,182.47,22530,MBCV,2615,CE,OC
5584,259207,182.47,22531,MBCV,3830,CS,MBCV
5585,263706,182.47,22532,MBCV,1216,IT,OC
5586,213983,182.47,22533,BC,1216,AD,OC
5587,357006,182.47,22534,BC,2711,EE,BC
5588,259149,182.47,22536,BC,1419,EE,BC
5589,226548,182.47,22537,BC,1324,AD,BC
5590,305612,182.47,22538,BC,1324,EC,OC
5591,324113,182.47,22540,MBCV,3465,EC,MBCV
5592,281004,182.47,22541,BC,1422,IT,BC
5593,236551,182.47,22542,BC,4928,CS,OC
5594,221540,182.47,22543,BC,2706,IT,BC
5595,213277,182.47,22544,BC,4971,CS,BC
5596,310925,182.47,22545,MBCV,3464,CS,MBCV
5597,205421,182.465,22546,MBCV,2704,CS,OC
5598,318846,182.465,22549,MBCDNC,2702,IT,MBCDNC
5599,237490,182.46,22550,BC,2727,CS,OC
5600,200568,182.46,22551,MBCV,1505,IT,OC
5601,230993,182.46,22552,BC,1231,CS,OC
5602,242686,182.46,22553,MBCV,1210,IT,MBCV
5603,314347,182.46,22554,BC,2718,ME,BC
5604,236928,182.46,22555,MBC,2608,IT,OC
5605,255701,182.46,22556,BC,2764,AD,BC
5606,277901,182.46,22558,MBCV,5,AM,OC
5607,217983,182.46,22559,BC,2636,CS,OC
5608,250723,182.46,22560,BC,4962,IT,BC
5609,264213,182.46,22561,BC,3795,CS,OC
5610,348375,182.46,22562,BC,2711,EE,BC
5611,250026,182.46,22563,BC,1210,CB,OC
5612,235551,182.46,22564,BCM,2740,AD,OC
5613,308762,182.46,22565,BC,4993,BM,OC
5614,204329,182.46,22566,BC,1304,EE,BC
5615,235897,182.46,22567,BC,5910,CB,OC
5616,315328,182.46,22568,BC,4974,CE,OC
5617,206581,182.45,22569,MBC,1309,EC,OC
5618,202745,182.45,22570,BC,2725,EC,OC
5619,261641,182.45,22571,BC,2615,ME,BC
5620,285749,182.45,22572,BC,2715,IT,OC
5621,332367,182.45,22573,SC,2007,CE,SC
5622,308157,182.45,22574,BC,2620,IT,OC
5623,311338,182.45,22575,BC,2718,MZ,OC
5624,304197,182.44,22579,BC,1128,AD,OC
5625,215818,182.44,22580,BC,1422,EC,OC
5626,231574,182.44,22581,BC,1419,EE,BC
5627,299306,182.44,22586,BC,2706,AD,BC
5628,237100,182.44,22588,BC,1013,CS,OC
5629,342230,182.44,22589,BC,2656,CE,OC
5630,246961,182.44,22590,BC,2734,CS,OC
5631,255268,182.44,22592,BC,2603,EE,OC
5632,255463,182.44,22593,MBCDNC,5865,CE,OC
5633,262527,182.44,22594,MBCV,5008,MF,MBCV
5634,213746,182.44,22595,BC,1120,AD,BC
5635,213603,182.44,22596,OC,3011,EC,OC
5636,258854,182.435,22598,BC,2739,CO,BC
5637,341073,182.435,22599,BC,2643,CS,OC
5638,276230,182.435,22600,BC,2618,IT,OC
5639,239187,182.435,22601,SC,1422,IT,SC
5640,305505,182.435,22602,BC,1304,RM,BC
5641,290256,182.435,22603,MBCDNC,2719,CS,MBCDNC
5642,229913,182.435,22605,BC,3011,IT,BC
5643,222619,182.43,22606,BC,2706,IT,BC
5644,216389,182.43,22608,BC,5986,EE,OC
5645,303135,182.43,22609,BC,2710,CS,BC
5646,281570,182.43,22610,BC,1128,AD,OC
5647,224917,182.43,22611,BC,2711,EI,OC
5648,248996,182.43,22612,MBCDNC,1304,IT,MBCDNC
5649,220534,182.43,22613,BC,2706,IT,BC
5650,281696,182.43,22614,SC,4960,CS,SC
5651,327746,182.425,22615,BC,5,CS,BC
5652,307493,182.425,22616,BC,1324,EC,OC
5653,206505,182.425,22619,BC,1216,CS,BC
5654,257026,182.425,22620,SC,1315,CH,SC
5655,336717,182.42,22621,MBCV,2702,IT,MBCV
5656,228829,182.42,22622,MBCV,3464,CS,MBCV
5657,310420,182.42,22624,BC,1422,EC,OC
5658,248184,182.42,22625,BC,2739,CB,BC
5659,301776,182.415,22627,MBC,2726,EE,OC
5660,233621,182.415,22628,BC,2025,ME,OC
5661,262610,182.415,22629,SCA,2005,ME,SCA
5662,334186,182.415,22630,BC,2656,CS,OC
5663,204935,182.415,22632,BC,1432,CB,BC
5664,249179,182.415,22633,MBCDNC,2369,CS,MBCDNC
5665,278805,182.415,22634,BC,1210,AD,BC
5666,356420,182.415,22635,BC,1233,CS,OC
5667,256664,182.415,22636,MBC,2711,EI,OC
5668,334386,182.415,22637,BC,2723,MD,OC
5669,231802,182.415,22640,MBCDNC,5901,CE,MBCDNC
5670,221720,182.41,22641,BC,1120,IT,BC
5671,240650,182.405,22642,BC,1321,MN,BC
5672,234378,182.405,22643,BC,1219,ME,BC
5673,259978,182.405,22644,BC,2710,IT,OC
5674,215652,182.405,22645,SCA,2718,CS,SCA
5675,210222,182.405,22646,BC,3795,EC,OC
5676,212064,182.405,22648,MBCV,2661,IT,OC
5677,341821,182.405,22650,BC,1432,CO,BC
5678,302237,182.405,22651,MBCV,1026,EE,OC
5679,229127,182.405,22652,SC,2,TX,SC
5680,214550,182.405,22653,BC,1210,AD,BC
5681,274909,182.405,22655,SC,2005,EI,SC
5682,207746,182.405,22656,BC,2618,IT,OC
5683,338899,182.405,22659,BC,2653,EC,OC
5684,313827,182.405,22660,MBCDNC,1211,ME,OC
5685,329132,182.405,22662,BC,5910,CS,BC
5686,301707,182.405,22663,MBCV,1419,AD,MBCV
5687,214736,182.4,22664,BCM,2722,EC,BCM
5688,225220,182.395,22665,BC,3019,EC,OC
5689,286157,182.395,22667,BC,2722,EE,OC
5690,272982,182.395,22669,BC,2706,IT,BC
5691,360061,182.395,22671,BC,2718,ME,BC
5692,221106,182.395,22672,BC,5010,CS,BC
5693,230785,182.395,22673,BC,5910,CS,BC
5694,273747,182.395,22674,BC,2618,IT,OC
5695,201000,182.395,22677,MBCDNC,2702,SE,MBCDNC
5696,316393,182.395,22678,OC,1520,IT,OC
5697,266173,182.395,22679,MBCDNC,2764,BM,MBCDNC
5698,215798,182.395,22680,BC,4955,CS,OC
5699,241854,182.395,22681,BC,1210,EC,OC
5700,230673,182.395,22682,BC,4020,CS,BC
5701,362882,182.395,22683,MBCV,2718,CJ,MBCV
5702,281239,182.395,22684,BC,2712,CE,BC
5703,300729,182.395,22686,BC,2719,CJ,BC
5704,243997,182.39,22688,BC,2702,EI,OC
5705,252317,182.39,22690,MBCDNC,5901,ME,OC
5706,272665,182.39,22691,MBC,1120,IT,MBC
5707,322756,182.385,22692,BC,2723,CS,OC
5708,240773,182.385,22695,BC,1324,AD,BC
5709,209614,182.385,22696,BC,5910,CS,BC
5710,266093,182.385,22697,BC,1516,EC,BC
5711,342268,182.385,22698,BC,5865,EE,OC
5712,275853,182.385,22699,MBCV,2718,EE,MBCV
5713,211683,182.385,22703,BCM,4955,EC,OC
5714,249606,182.385,22704,BC,1324,EC,OC
5715,354090,182.385,22706,BC,1519,EC,OC
5716,202809,182.385,22707,MBC,1419,EC,MBC
5717,241677,182.385,22709,BCM,1,XM,BCM
5718,273535,182.385,22710,BC,2712,AU,BC
5719,224247,182.385,22712,BC,1321,MN,BC
5720,259174,182.385,22713,BC,2608,CS,BC
5721,347583,182.385,22715,SC,3811,EE,OC
5722,329765,182.385,22716,BC,2618,IT,OC
5723,238174,182.385,22717,BC,2725,IT,OC
5724,290323,182.38,22720,BCM,2710,AD,OC
5725,210844,182.38,22721,BC,2719,EI,OC
5726,257545,182.38,22722,BC,2719,BM,BC
5727,368609,182.38,22723,MBC,5910,CS,MBC
5728,308539,182.38,22724,BC,1306,AD,OC
5729,280602,182.38,22725,BC,2729,AD,OC
5730,243018,182.38,22726,BC,2706,EC,OC
5731,307331,182.375,22727,BC,2607,EE,OC
5732,228879,182.375,22729,BCM,3011,EC,OC
5733,205194,182.375,22731,BC,1422,IT,BC
5734,366363,182.375,22732,BCM,1301,EC,OC
5735,320733,182.375,22733,MBCV,2302,AG,OC
5736,247449,182.375,22735,BC,4965,CS,OC
5737,320278,182.37,22738,BC,2618,BM,OC
5738,322623,182.37,22739,BC,2722,EE,OC
5739,362077,182.37,22740,BC,2739,EC,BC
5740,214746,182.37,22741,MBC,1422,IT,MBC
5741,274870,182.365,22742,MBC,2706,IT,MBC
5742,225411,182.365,22743,BC,1210,EC,OC
5743,308196,182.365,22746,BC,3830,EE,OC
5744,208713,182.365,22747,MBCV,3011,IT,MBCV
5745,245246,182.36,22754,SCA,2007,CM,SCA
5746,261392,182.36,22755,BC,2739,CB,BC
5747,245365,182.36,22756,OC,1211,CE,OC
5748,363330,182.36,22758,MBC,2653,AD,OC
5749,347340,182.36,22760,MBCV,1516,EC,MBCV
5750,240092,182.36,22763,BC,2718,ME,BC
5751,304061,182.355,22764,BC,2752,EC,OC
5752,339241,182.355,22766,BC,2711,EE,BC
5753,298550,182.355,22767,BC,1118,BM,OC
5754,221686,182.355,22768,BC,3011,IT,BC
5755,212453,182.355,22769,BC,4960,BM,OC
5756,372590,182.355,22770,MBCDNC,2718,MZ,OC
5757,336591,182.355,22771,BC,1120,IT,BC
5758,215325,182.35,22775,BC,2710,CS,BC
5759,211778,182.35,22776,BC,1149,EC,OC
5760,329804,182.35,22777,SC,1113,EC,SC
5761,283742,182.35,22778,MBCDNC,1317,AD,MBCDNC
5762,205858,182.35,22779,BC,2702,BM,BC
5763,304117,182.35,22780,BC,1231,CS,OC
5764,299909,182.35,22781,BC,2710,CS,BC
5765,275812,182.35,22782,BC,3819,CS,BC
5766,271968,182.35,22783,BC,5901,CE,BC
5767,211741,182.35,22784,BC,3011,IT,BC
5768,259108,182.35,22785,BC,2739,EC,BC
5769,322477,182.35,22786,MBCV,2618,CS,MBCV
5770,372554,182.35,22787,OC,2615,CE,OC
5771,317575,182.35,22788,OC,2369,EC,OC
5772,201678,182.35,22789,BC,2764,EC,OC
5773,226793,182.35,22792,BC,1120,IT,BC
5774,289884,182.35,22793,BC,2711,FD,BC
5775,235058,182.35,22794,MBCV,1237,EE,OC
5776,296593,182.35,22796,MBCDNC,2709,CE,OC
5777,337699,182.35,22797,BC,2719,EE,OC
5778,218330,182.35,22798,BC,2725,CS,OC
5779,271887,182.35,22799,BC,1432,AD,BC
5780,253745,182.34,22801,BC,4917,BM,OC
5781,326361,182.34,22802,MBCV,1432,AD,MBCV
5782,237281,182.34,22803,BC,1210,EC,OC
5783,286757,182.34,22805,BC,1,XC,BC
5784,313326,182.34,22806,BC,2707,AD,OC
5785,356742,182.34,22807,OC,2603,EE,OC
5786,268071,182.34,22808,BC,2620,IT,OC
5787,258569,182.34,22810,BC,2661,CS,OC
5788,209594,182.34,22811,BC,2710,CS,BC
5789,208999,182.33333,22814,SC,5901,EC,SC
5790,345248,182.33333,22815,BC,1211,ME,OC
5791,236376,182.33,22816,MBC,1128,AD,MBC
5792,270042,182.33,22818,BCM,5910,CB,OC
5793,227484,182.33,22819,BC,3795,CS,OC
5794,301650,182.33,22820,MBC,2718,ME,MBC
5795,240869,182.33,22821,BC,1432,AD,BC
5796,315200,182.33,22823,BC,3826,EC,OC
5797,284360,182.33,22824,BC,2712,CE,BC
5798,225649,182.33,22825,BC,3011,IT,BC
5799,215656,182.33,22827,OC,2764,EC,OC
5800,285922,182.33,22828,MBCDNC,4678,EE,OC
5801,306163,182.33,22829,BC,2608,CS,BC
5802,261301,182.33,22830,BC,1219,CH,BC
5803,211701,182.33,22831,BC,4020,CS,BC
5804,242753,182.33,22834,BC,2615,ME,BC
5805,264666,182.33,22835,MBC,2661,CS,OC
5806,216291,182.33,22836,BCM,4960,EC,BCM
5807,337610,182.33,22837,BC,4944,CS,OC
5808,307788,182.33,22838,BC,2739,EC,BC
5809,372048,182.33,22839,MBCV,1304,BM,MBCV
5810,281947,182.33,22840,SC,2005,ME,SC
5811,238741,182.33,22842,BC,1422,EC,OC
5812,337627,182.325,22843,BC,2643,CS,OC
5813,249773,182.325,22844,BC,1113,EI,OC
5814,248134,182.325,22846,MBC,5901,EE,MBC
5815,344686,182.325,22847,BC,2764,AD,BC
5816,271223,182.325,22848,BC,2702,EI,OC
5817,205053,182.32,22850,BC,1211,ME,OC
5818,245736,182.32,22851,BC,1118,CS,OC
5819,204477,182.32,22853,OC,1013,CS,OC
5820,265500,182.32,22854,BC,1219,CE,OC
5821,241327,182.32,22855,SC,2735,IT,OC
5822,214750,182.32,22856,BC,1216,AD,OC
5823,325011,182.32,22857,BC,1120,IT,BC
5824,214666,182.315,22858,BC,2622,CS,OC
5825,224029,182.315,22860,BC,2618,EC,OC
5826,310069,182.315,22862,BC,1516,EE,OC
5827,263755,182.315,22863,BCM,1112,CS,BCM
5828,233617,182.315,22864,MBCV,1321,PA,MBCV
5829,252853,182.315,22865,BC,2618,IT,BC
5830,285558,182.315,22866,MBCDNC,1422,CS,MBCDNC
5831,297160,182.315,22868,BC,4962,EC,OC
5832,240757,182.315,22869,BC,1306,CS,OC
5833,268855,182.315,22870,BC,4993,AG,OC
5834,266112,182.315,22871,BC,1149,EC,OC
5835,220950,182.31,22872,BC,1216,CS,BC
5836,247697,182.31,22873,BC,2710,AD,OC
5837,353227,182.31,22874,SC,2007,AT,SC
5838,333421,182.31,22877,BC,3464,CS,BC
5839,288667,182.305,22878,MBCV,2702,IT,MBCV
5840,322281,182.305,22879,MBC,1,XC,MBC
5841,246198,182.305,22880,BC,2719,CJ,BC
5842,369452,182.3,22881,BC,2,LE,BC
5843,274801,182.3,22883,BC,2608,EC,OC
5844,217989,182.3,22884,BC,5009,EC,OC
5845,356593,182.295,22885,BC,2643,EC,OC
5846,269081,182.295,22886,BC,2710,CS,BC
5847,255584,182.295,22887,BCM,3806,IT,OC
5848,308437,182.295,22889,BC,2764,EC,OC
5849,227766,182.295,22890,BC,3819,CS,BC
5850,244326,182.295,22891,SC,1399,EE,SC
5851,235010,182.295,22894,BC,3819,CS,BC
5852,213957,182.295,22895,BC,1216,BM,BC
5853,207335,182.295,22897,BC,3465,EC,BC
5854,274472,182.295,22898,BC,3011,IT,BC
5855,292395,182.295,22899,MBCV,1114,EC,OC
5856,207544,182.295,22900,BC,2751,CS,OC
5857,251756,182.295,22901,BC,5010,EC,OC
5858,355200,182.295,22902,SCA,1,GI,SCA
5859,308092,182.295,22903,BC,2722,EE,OC
5860,216063,182.295,22904,BC,2710,CS,BC
5861,241534,182.295,22905,BC,2739,EC,BC
5862,366558,182.295,22906,SCA,4,EI,SCA
5863,313836,182.295,22907,BCM,3810,AD,OC
5864,336752,182.295,22908,MBCDNC,5901,ME,OC
5865,257473,182.295,22910,MBC,1432,EC,OC
5866,245402,182.295,22911,BC,2712,TX,OC
5867,328522,182.29,22913,BC,1128,EC,OC
5868,276325,182.285,22915,BC,2750,EC,OC
5869,230232,182.285,22917,BC,4960,CE,OC
5870,307990,182.285,22918,BC,1211,AE,BC
5871,248180,182.285,22919,BC,4960,EE,OC
5872,302867,182.285,22920,BCM,2711,IT,BCM
5873,239771,182.285,22922,OC,5010,EC,OC
5874,221866,182.285,22923,BC,2618,IT,BC
5875,228975,182.285,22924,MBCV,2704,MZ,OC
5876,343836,182.285,22925,BC,2711,EI,OC
5877,208314,182.285,22926,OC,4962,EC,OC
5878,208980,182.285,22927,BC,1324,EC,OC
5879,365316,182.285,22928,MBCV,2611,MC,OC
5880,248475,182.285,22929,BC,2709,CE,OC
5881,255589,182.285,22931,OC,1231,IT,OC
5882,238116,182.285,22932,BCM,5910,CS,BCM
5883,282074,182.275,22935,MBC,2702,AE,OC
5884,225106,182.275,22936,MBCV,1112,AL,MBCV
5885,322073,182.275,22937,MBCV,1210,CS,MBCV
5886,330562,182.275,22938,MBCV,2735,EC,OC
5887,213474,182.275,22939,MBCDNC,2719,IT,MBCDNC
5888,296211,182.275,22942,MBCV,1216,CS,MBCV
5889,327580,182.275,22943,BC,2618,AD,OC
5890,303557,182.275,22944,BC,4971,IT,OC
5891,261476,182.275,22945,BC,1113,EI,BC
5892,330107,182.275,22946,OC,1106,CS,OC
5893,244006,182.27,22947,BC,2656,EE,OC
5894,335467,182.27,22949,MBCV,1430,CE,OC
5895,284417,182.27,22950,BC,1122,IT,OC
5896,214824,182.27,22951,BC,4020,CS,BC
5897,264317,182.27,22952,MBC,2725,IT,OC
5898,213532,182.265,22953,BC,3464,CS,BC
5899,270393,182.265,22954,BC,2739,EC,BC
5900,267138,182.265,22956,MBCV,1450,EE,MBCV
5901,219628,182.265,22957,MBCDNC,1419,IT,MBCDNC
5902,225832,182.265,22958,OC,2711,ME,OC
5903,327919,182.265,22959,SC,2615,EE,SC
5904,206447,182.265,22961,BC,2618,IT,BC
5905,361301,182.265,22962,BC,3456,EE,OC
5906,273794,182.265,22963,BC,1120,IT,BC
5907,207463,182.26,22965,BC,1120,IT,BC
5908,256902,182.26,22966,MBC,3806,CB,OC
5909,232689,182.26,22967,BC,2725,CS,OC
5910,267114,182.26,22968,BCM,2711,IT,BCM
5911,301971,182.26,22969,BC,1516,EC,BC
5912,230755,182.26,22970,BC,2727,CS,OC
5913,312459,182.26,22971,SC,2615,CE,OC
5914,315977,182.255,22974,MBCV,1419,CJ,MBCV
5915,232528,182.255,22975,BC,1219,ME,BC
5916,279487,182.255,22976,SCA,2007,IM,SCA
5917,215125,182.255,22977,BC,1324,EC,BC
5918,336693,182.255,22978,BC,4960,CE,OC
5919,256009,182.255,22979,BC,4981,EC,OC
5920,207996,182.25,22982,BC,2719,RM,OC
5921,231328,182.25,22984,MBCV,1450,EC,MBCV
5922,216458,182.25,22985,BCM,2,TX,BCM
5923,225570,182.25,22986,BC,2615,ME,BC
5924,340294,182.25,22988,BC,4959,EE,OC
5925,251981,182.25,22989,MBCV,2,AP,MBCV
5926,207275,182.25,22990,MBCV,1,XM,MBCV
5927,260795,182.25,22992,BC,2702,EI,OC
5928,226517,182.25,22993,OC,1231,IT,OC
5929,286582,182.25,22994,BC,1026,EC,OC
5930,286545,182.25,22996,BC,1120,IT,BC
5931,270298,182.25,22999,SC,2005,CE,SC
5932,240651,182.25,23000,BC,2739,EC,BC
5933,369993,182.245,23001,BC,2603,EE,OC
5934,209990,182.245,23005,OC,1120,EI,OC
5935,335927,182.245,23006,BC,2722,EE,OC
5936,312640,182.245,23007,MBCDNC,2709,EE,MBCDNC
5937,287954,182.24,23008,BC,3805,IT,OC
5938,218761,182.24,23009,BC,3464,CS,BC
5939,283757,182.24,23011,BCM,4944,EC,OC
5940,228123,182.24,23012,BCM,4974,CE,OC
5941,239775,182.24,23014,BC,1149,CS,BC
5942,305159,182.24,23015,BC,2618,IT,BC
5943,216032,182.24,23016,MBCV,2615,CE,OC
5944,223485,182.24,23017,MBCDNC,3825,CS,OC
5945,278258,182.24,23018,BC,2726,CS,OC
5946,226029,182.24,23019,BC,2710,EC,OC
5947,203433,182.24,23021,BC,5901,ME,OC
5948,217710,182.24,23022,BCM,2711,EC,BCM
5949,263289,182.24,23023,MBCV,1113,EE,MBCV
5950,246088,182.24,23024,BC,2706,IT,BC
5951,294499,182.24,23025,BC,2345,AG,OC
5952,372504,182.24,23027,BC,3819,IT,OC
5953,271056,182.24,23029,BC,2706,IT,BC
5954,250810,182.24,23031,SC,2615,EE,SC
5955,298623,182.24,23032,BC,2609,AG,OC
5956,244201,182.24,23033,SC,1321,MN,SC
5957,327939,182.24,23036,SC,2,PP,SC
5958,272492,182.24,23037,BC,2719,CJ,BC
5959,256350,182.23,23039,BC,2608,AD,OC
5960,339795,182.23,23041,BCM,5901,EE,BCM
5961,253154,182.23,23042,BC,5986,EE,OC
5962,303332,182.23,23043,BC,1210,EC,OC
5963,302808,182.23,23044,BC,2712,CE,BC
5964,307285,182.23,23045,BC,2615,ME,BC
5965,209986,182.22,23046,BC,1419,CJ,BC
5966,242139,182.22,23047,MBC,2710,CS,MBC
5967,254149,182.22,23048,BC,1237,CS,OC
5968,241687,182.22,23049,BC,3464,CS,BC
5969,259792,182.22,23050,OC,2711,MZ,OC
5970,223903,182.22,23051,BC,2719,BM,BC
5971,212704,182.22,23052,MBCV,1317,AL,MBCV
5972,246748,182.22,23053,BC,3011,IT,BC
5973,309499,182.22,23054,MBCV,2702,AD,MBCV
5974,242130,182.22,23055,BC,2722,EE,OC
5975,288141,182.22,23057,BCM,1112,CS,BCM
5976,303288,182.22,23059,BC,2718,ME,BC
5977,299501,182.22,23061,BC,2739,CB,BC
5978,258342,182.215,23063,BC,3011,IT,BC
5979,259918,182.215,23064,BC,1432,EC,BC
5980,221313,182.21,23065,BC,1210,CB,OC
5981,264336,182.21,23066,BC,1149,IT,BC
5982,302567,182.21,23067,BC,4944,EC,OC
5983,268952,182.21,23068,MBCV,1422,AG,OC
5984,221527,182.21,23069,MBCDNC,2706,CS,MBCDNC
5985,265923,182.21,23071,MBCV,2722,CS,MBCV
5986,243863,182.21,23072,SC,4974,EC,SC
5987,255824,182.21,23073,BC,5010,EC,OC
5988,337811,182.21,23074,BC,2710,IT,OC
5989,348324,182.21,23075,MBCV,1226,CS,OC
5990,252243,182.21,23076,BC,1149,IT,BC
5991,256501,182.21,23077,BC,2718,MZ,OC
5992,206353,182.205,23078,BC,2718,ME,BC
5993,315140,182.205,23079,BC,2707,CD,OC
5994,270375,182.205,23080,BC,2711,EE,BC
5995,213699,182.205,23081,BC,1450,ME,OC
5996,222788,182.205,23082,MBC,2702,AG,OC
5997,324898,182.205,23083,BC,2620,BT,OC
5998,271287,182.205,23085,BC,1216,CS,BC
5999,222602,182.205,23088,BC,2764,AD,BC
6000,368300,182.205,23089,BC,2610,CY,OC
6001,298818,182.205,23090,BC,1014,IT,OC
6002,233161,182.205,23091,BC,2727,CS,OC
6003,360954,182.205,23092,BC,1118,CS,OC
6004,280200,182.2,23093,BC,2704,CS,OC
6005,255336,182.2,23094,SC,1219,AD,SC
6006,217001,182.2,23095,BC,2708,CS,OC
6007,232617,182.2,23096,BC,5010,EC,OC
6008,304864,182.2,23097,BC,1210,EC,OC
6009,219160,182.195,23098,BC,1450,ME,OC
6010,207841,182.195,23099,SC,1419,CS,SC
6011,255828,182.195,23100,BC,1149,IT,BC
6012,254740,182.195,23101,BC,3011,IT,BC
6013,341176,182.195,23102,BC,1112,EC,BC
6014,332137,182.195,23103,BC,5910,CS,BC
6015,218659,182.195,23104,BC,2706,IT,BC
6016,201454,182.195,23105,BC,5910,CS,BC
6017,290042,182.195,23106,OC,1026,EC,OC
6018,290341,182.19,23107,BC,2618,IT,BC
6019,277554,182.19,23108,MBCDNC,1112,CS,MBCDNC
6020,202762,182.19,23110,BC,1307,CS,OC
6021,265057,182.19,23111,BC,2761,AD,OC
6022,325332,182.19,23113,BC,3817,CS,OC
6023,346818,182.19,23114,BC,2739,EC,BC
6024,288995,182.19,23115,BC,2704,IT,OC
6025,291323,182.19,23116,BC,1432,EC,BC
6026,243826,182.185,23117,MBC,1026,CS,MBC
6027,284538,182.185,23118,BC,4955,CS,OC
6028,254636,182.185,23119,BC,2764,EC,OC
6029,237473,182.185,23120,BC,3826,IT,OC
6030,256945,182.185,23121,MBCDNC,2,AP,MBCDNC
6031,307698,182.185,23122,MBC,2763,EC,OC
6032,355410,182.185,23125,BC,2740,IT,OC
6033,237672,182.185,23127,OC,4971,IT,OC
6034,346370,182.185,23128,BC,1516,EC,BC
6035,258192,182.185,23129,BC,2712,CE,BC
6036,214255,182.185,23130,BCM,5910,CS,BCM
6037,271469,182.185,23131,BC,2739,EC,BC
6038,311742,182.185,23132,MBCDNC,3826,ME,OC
6039,362564,182.185,23133,BC,2726,AG,OC
6040,374396,182.185,23137,BC,3011,PH,OC
6041,248881,182.185,23140,SC,2377,EE,SC
6042,313839,182.18,23141,MBCDNC,1210,CS,MBCDNC
6043,253260,182.175,23144,MBCV,3807,CS,OC
6044,289556,182.175,23145,BC,1211,AE,BC
6045,280055,182.175,23146,OC,5910,CB,OC
6046,228102,182.175,23149,SC,1399,CS,SC
6047,302458,182.175,23150,BC,4678,CS,BC
6048,233451,182.175,23151,MBCV,2615,CE,MBCV
6049,273202,182.175,23151A,BC,3011,IT,BC
6050,200856,182.165,23153,MBCDNC,2712,CE,MBCDNC
6051,215482,182.165,23154,MBCV,1128,CS,MBCV
6052,351823,182.165,23155,BCM,5907,IT,OC
6053,225835,182.165,23156,BC,1216,CS,BC
6054,262576,182.165,23157,MBCDNC,2,TX,MBCDNC
6055,208046,182.165,23158,BC,2618,IT,BC
6056,256475,182.165,23159,SC,2006,MF,SC
6057,290602,182.165,23161,MBCV,1419,EC,MBCV
6058,223759,182.165,23162,MBCDNC,1450,EE,MBCDNC
6059,242805,182.165,23163,BCM,1210,IT,BCM
6060,288056,182.165,23165,BC,4960,EE,OC
6061,233913,182.165,23167,BC,4020,CS,BC
6062,263136,182.165,23169,MBC,2369,EC,OC
6063,311952,182.165,23170,BC,1317,BT,BC
6064,233640,182.16,23171,BC,2706,IT,BC
6065,231051,182.16,23172,BCM,4917,CS,OC
6066,301700,182.16,23173,BC,5010,EC,OC
6067,251543,182.155,23174,BC,1216,CS,BC
6068,268746,182.155,23175,BC,2608,CB,OC
6069,249228,182.155,23177,MBCV,5901,EE,MBCV
6070,328519,182.155,23180,MBCV,1419,EC,MBCV
6071,296471,182.155,23181,SCA,2007,CE,SCA
6072,310489,182.155,23182,SC,1013,IT,OC
6073,309461,182.155,23183,BC,2642,CS,OC
6074,230835,182.155,23185,SC,3011,IT,SC
6075,333698,182.155,23186,BC,2707,AD,OC
6076,323181,182.155,23188,BC,1516,EE,OC
6077,228929,182.155,23190,MBC,2702,EI,OC
6078,361304,182.155,23192,SC,1405,CS,OC
6079,252988,182.155,23193,SC,1211,CS,SC
6080,268762,182.155,23195,BC,2711,EE,BC
6081,221913,182.155,23196,MBC,5986,CE,OC
6082,320029,182.15,23200,SCA,2615,CS,SCA
6083,320410,182.15,23201,BC,1419,EE,BC
6084,310524,182.15,23204,BC,1324,AD,BC
6085,345191,182.15,23205,BC,2357,ME,OC
6086,251548,182.15,23206,BC,3464,CS,BC
6087,362117,182.15,23207,BC,2718,MZ,OC
6088,283990,182.15,23208,OC,2621,IT,OC
6089,357032,182.145,23210,BC,2750,EC,OC
6090,218904,182.145,23212,BC,2708,IT,OC
6091,366861,182.145,23213,MBCV,1324,CS,MBCV
6092,250935,182.145,23215,MBCDNC,2603,EE,OC
6093,277412,182.14,23217,BC,4023,IT,OC
6094,208337,182.14,23218,BC,2712,AU,BC
6095,269146,182.14,23219,BC,1026,CS,BC
6096,223629,182.14,23220,SC,2377,EE,SC
6097,286951,182.14,23222,BC,2711,EE,BC
6098,248883,182.14,23224,BC,2618,IT,BC
6099,241985,182.14,23225,BC,1321,MN,BC
6100,332791,182.135,23227,BC,1432,AD,BC
6101,323589,182.135,23229,BCM,3829,IT,OC
6102,254201,182.135,23230,BCM,1422,CS,BCM
6103,358775,182.135,23231,BC,2739,CO,BC
6104,209937,182.13,23232,BC,1210,CB,OC
6105,295639,182.13,23233,BC,4959,AD,OC
6106,276428,182.13,23234,BC,3819,CS,BC
6107,249879,182.13,23236,BC,2711,EE,BC
6108,215811,182.13,23238,MBCDNC,2006,PS,MBCDNC
6109,325570,182.13,23239,SC,5009,EE,OC
6110,354352,182.13,23240,BC,2727,EC,OC
6111,210852,182.13,23241,BC,1113,EI,BC
6112,254420,182.13,23242,BC,5910,CS,BC
6113,340199,182.13,23243,BC,5910,CB,OC
6114,294795,182.13,23245,BC,2702,EI,OC
6115,305598,182.12,23249,MBCV,1432,AD,MBCV
6116,240908,182.12,23251,SCA,2357,AD,OC
6117,204538,182.12,23254,OC,1422,CY,OC
6118,331801,182.12,23256,MBCDNC,2752,IT,OC
6119,227529,182.12,23257,SC,1317,EC,SC
6120,245257,182.12,23259,MBC,2722,EE,OC
6121,230322,182.12,23260,MBCDNC,5010,CS,MBCDNC
6122,252529,182.12,23261,BCM,3803,CH,OC
6123,227114,182.12,23263,BC,1422,EC,OC
6124,315987,182.12,23265,BC,2618,AD,OC
6125,347177,182.11,23267,MBC,2710,AD,OC
6126,242575,182.11,23269,MBCV,1324,CS,MBCV
6127,245490,182.11,23270,SC,4,RP,SC
6128,299655,182.11,23271,BC,1118,CS,OC
6129,214645,182.11,23272,BC,2725,CS,OC
6130,326081,182.11,23273,BC,4020,EC,OC
6131,293715,182.11,23275,BC,2739,CB,BC
6132,313191,182.11,23276,BC,2615,ME,BC
6133,244064,182.11,23278,BC,2723,CS,OC
6134,311388,182.11,23279,MBC,5,CH,OC
6135,345449,182.11,23280,MBC,2628,AD,OC
6136,233167,182.11,23283,BC,5022,EC,OC
6137,205268,182.11,23285,BC,4974,ME,OC
6138,250207,182.11,23286,MBC,1432,AD,MBC
6139,225232,182.105,23289,MBCDNC,2711,EC,MBCDNC
6140,346067,182.105,23291,BC,4955,IT,OC
6141,286350,182.105,23292,BC,2608,EC,OC
6142,266730,182.1,23294,BC,1324,EC,BC
6143,337946,182.1,23295,BC,1207,EC,OC
6144,229452,182.1,23296,BC,1324,EC,BC
6145,251034,182.1,23298,BC,2710,CS,BC
6146,248244,182.1,23300,BC,1516,EE,OC
6147,248504,182.1,23301,BC,5536,EC,OC
6148,293798,182.1,23303,BC,5010,EC,OC
6149,263987,182.1,23304,MBCV,2702,IT,MBCV
6150,223269,182.1,23305,BC,1432,AD,BC
6151,323312,182.1,23306,BC,4024,ME,OC
6152,277078,182.1,23307,OC,1231,IT,OC
6153,264803,182.1,23308,BC,4020,CS,BC
6154,373978,182.1,23309,MBCV,3801,CS,OC
6155,298159,182.1,23310,BC,1504,EE,OC
6156,216648,182.1,23313,BC,1422,EC,OC
6157,212809,182.1,23315,BC,2718,MZ,OC
6158,261776,182.095,23317,BC,1140,CS,OC
6159,303621,182.095,23318,BC,5,CS,BC
6160,301486,182.095,23319,MBCDNC,2702,AD,MBCDNC
6161,330649,182.095,23320,BC,2710,CS,BC
6162,266852,182.095,23322,BC,1118,IT,OC
6163,217341,182.095,23323,SCA,2005,EE,SCA
6164,212273,182.095,23324,BC,2615,CE,BC
6165,264973,182.095,23325,BC,1202,CS,OC
6166,273861,182.095,23326,OC,2739,ME,OC
6167,206341,182.095,23327,BC,5901,CE,BC
6168,290254,182.095,23328,BCM,1399,ME,BCM
6169,332218,182.095,23329,SC,5009,CS,OC
6170,249477,182.09,23330,MBC,2719,CJ,MBC
6171,276298,182.09,23331,BC,2710,CS,BC
6172,261447,182.09,23332,BC,3819,CS,BC
6173,214140,182.085,23334,BC,1324,EC,BC
6174,222845,182.085,23335,BC,2615,CE,BC
6175,347212,182.085,23336,BC,5010,CE,OC
6176,258199,182.085,23338,BC,5901,CE,BC
6177,296672,182.085,23340,BCM,2739,CS,BCM
6178,303274,182.08,23341,BC,1309,EC,OC
6179,228058,182.08,23342,MBC,2702,MC,OC
6180,250563,182.08,23343,SCA,2007,EM,SCA
6181,293198,182.08,23345,BCM,2722,EC,BCM
6182,211035,182.08,23346,MBC,1216,CS,MBC
6183,343783,182.08,23347,BC,2622,CS,OC
6184,271121,182.075,23349,MBCDNC,4023,CS,OC
6185,284591,182.075,23351,MBCV,2603,EE,OC
6186,344368,182.075,23353,BC,2739,EC,BC
6187,274974,182.075,23354,MBCV,1126,AG,OC
6188,277072,182.075,23357,BC,2716,EC,OC
6189,224073,182.075,23358,BC,2706,EC,OC
6190,315754,182.075,23359,BC,2711,EE,BC
6191,274262,182.07,23360,SC,2005,EI,SC
6192,318960,182.07,23361,BC,2711,EI,OC
6193,273242,182.065,23363,MBCV,1321,MN,MBCV
6194,292951,182.065,23364,MBCV,1306,EC,OC
6195,209205,182.065,23365,BC,2710,CS,BC
6196,309113,182.065,23366,MBCV,2710,SC,OC
6197,233216,182.065,23367,MBCV,2603,ME,OC
6198,306323,182.065,23368,BC,4680,CS,OC
6199,301365,182.065,23369,BC,5009,EC,OC
6200,302284,182.065,23370,BC,1309,AD,BC
6201,265954,182.065,23371,MBCV,1211,EE,MBCV
6202,272236,182.065,23372,BC,1149,IT,BC
6203,292684,182.065,23373,MBCV,1422,EC,OC
6204,250544,182.065,23374,SC,2,PP,SC
6205,201695,182.065,23375,MBC,1210,AD,MBC
6206,270003,182.065,23376,BCM,3011,IT,BCM
6207,262648,182.065,23377,BC,1211,FD,BC
6208,351268,182.065,23378,BC,2750,BM,OC
6209,273485,182.065,23380,BC,2719,BM,BC
6210,206370,182.065,23382,OC,2708,CS,OC
6211,252383,182.065,23384,BC,2739,EC,BC
6212,221968,182.065,23385,MBCV,1422,CS,MBCV
6213,241116,182.06,23386,SC,1106,EC,OC
6214,360243,182.06,23387,BC,4970,CS,OC
6215,328078,182.06,23388,BC,2615,ME,BC
6216,212787,182.06,23389,BC,5010,EC,OC
6217,334106,182.055,23390,SCA,2007,EE,SCA
6218,327734,182.055,23391,BC,1112,EC,BC
6219,216933,182.055,23392,BC,2736,CS,OC
6220,203972,182.055,23394,BC,2656,CE,OC
6221,286387,182.055,23395,OC,2722,EE,OC
6222,323300,182.055,23396,BC,1231,CS,OC
6223,208936,182.045,23399,BC,2739,CO,BC
6224,249744,182.045,23400,MBCV,2618,IT,MBCV
6225,255561,182.045,23402,BC,1309,EC,OC
6226,283648,182.045,23403,BC,2739,CO,BC
6227,208112,182.045,23404,BC,2718,MZ,OC
6228,271823,182.045,23405,BC,2739,CO,BC
6229,244037,182.045,23407,BC,1216,BM,BC
6230,348103,182.045,23408,BC,2608,EE,OC
6231,304393,182.045,23409,BC,3795,CS,OC
6232,207401,182.045,23412,SC,1315,ME,SC
6233,291095,182.045,23413,MBC,1120,CS,MBC
6234,339093,182.045,23414,MBCDNC,2005,PR,MBCDNC
6235,239530,182.045,23415,BC,1432,AD,BC
6236,276143,182.045,23416,SC,1211,FD,SC
6237,305579,182.045,23417,BC,2711,EI,OC
6238,321195,182.045,23419,SC,2006,PR,SC
6239,286713,182.045,23420,BCM,5910,CS,BCM
6240,238156,182.045,23421,BC,2622,EC,OC
6241,217518,182.04,23422,BC,2764,AD,BC
6242,253836,182.04,23423,BC,2726,AL,OC
6243,336148,182.04,23426,BC,2702,AE,OC
6244,302959,182.04,23427,BC,2719,EE,OC
6245,225772,182.04,23428,BC,5910,CS,BC
6246,235654,182.035,23433,BC,2618,ME,OC
6247,303432,182.035,23434,SC,2006,PR,SC
6248,239950,182.035,23435,BC,1422,CY,OC
6249,348982,182.035,23437,MBCV,2723,CS,OC
6250,272017,182.035,23438,BC,2719,EI,OC
6251,263593,182.035,23439,MBCV,1419,EC,MBCV
6252,339140,182.035,23440,BC,2620,CS,OC
6253,312775,182.035,23441,BC,4023,CS,OC
6254,280264,182.035,23442,MBCDNC,4960,EC,MBCDNC
6255,257881,182.035,23444,BC,4960,BT,BC
6256,244466,182.035,23447,SC,1211,CS,SC
6257,364607,182.03,23448,BC,2702,EI,BC
6258,278775,182.03,23451,BC,4020,CS,BC
6259,299228,182.03,23452,BC,2710,IT,OC
6260,225916,182.03,23453,OC,1128,EC,OC
6261,362045,182.02,23456,BC,2710,IT,OC
6262,321710,182.02,23457,BC,2615,MT,BC
6263,275857,182.02,23458,BC,5901,ME,OC
6264,237398,182.02,23459,MBCV,1015,CS,OC
6265,292133,182.02,23460,BC,1309,EC,OC
6266,247334,182.02,23461,BC,2302,AD,OC
6267,355693,182.02,23462,BC,2302,CS,OC
6268,291311,182.02,23463,SC,2704,IT,SC
6269,310677,182.015,23464,MBCDNC,1112,CS,MBCDNC
6270,204290,182.015,23465,BC,2615,MT,BC
6271,354237,182.01,23467,OC,2347,CS,OC
6272,348218,182.01,23468,SC,1450,IT,SC
6273,273554,182.01,23469,BCM,4962,CS,BCM
6274,332302,182.01,23471,BC,2630,EC,OC
6275,234699,182.01,23472,MBC,5,CF,OC
6276,202120,182.01,23473,BC,1219,ME,BC
6277,282007,182.01,23476,SC,5901,EC,SC
6278,329178,182.01,23477,BC,2709,EE,BC
6279,211269,182.01,23478,MBCV,2615,CE,MBCV
6280,226860,182.01,23480,BC,1118,AD,OC
6281,220087,182.01,23483,MBCV,2712,EI,MBCV
6282,215580,182.01,23484,BC,2653,CS,OC
6283,305030,182.01,23485,BC,2711,FD,BC
6284,287843,182.01,23486,BC,1432,AD,BC
6285,221724,182.01,23487,BC,2369,EC,OC
6286,224981,182.01,23488,BC,2357,CS,OC
6287,306280,182.01,23489,BC,2025,EE,BC
6288,240661,182.01,23490,BCM,2702,MC,OC
6289,350630,182.01,23491,BC,2710,TS,OC
6290,310299,182.01,23492,MBCV,3465,EC,MBCV
6291,263280,182,23494,SC,4,RP,SC
6292,343235,182,23497,BC,1419,CJ,BC
6293,232043,182,23498,SC,1304,CS,SC
6294,229181,182,23504,SC,1315,CH,SC
6295,284227,182,23505,BCM,1419,AD,BCM
6296,345783,182,23506,BCM,2725,EC,OC
6297,323864,182,23508,MBCV,2,TX,MBCV
6298,256922,182,23511,BC,1304,EE,BC
6299,327516,182,23517,BC,4960,EE,OC
6300,317920,182,23518,MBCDNC,3701,CE,OC
6301,337505,182,23519,BC,4965,BT,OC
6302,341646,182,23521,BC,2739,CO,BC
6303,337530,182,23522,BC,5901,ME,OC
6304,243904,182,23524,BC,2719,BM,BC
6305,312358,182,23525,MBCDNC,5010,ME,OC
6306,239071,182,23527,BC,1413,CS,OC
6307,284346,182,23528,MBC,4960,AD,MBC
6308,328479,182,23534,BC,4962,IT,BC
6309,233955,182,23540,OC,1210,EC,OC
6310,313183,182,23541,SCA,1,CE,SCA
6311,328323,182,23547,BC,1118,CS,OC
6312,285706,182,23548,OC,2618,FT,OC
6313,325431,182,23549,BC,1210,CB,OC
6314,370617,182,23551,BC,1128,AD,BC
6315,287839,163,23552A,MBCV,1120,ME,OC
6316,287695,182,23555,BC,1113,EI,BC
6317,283726,182,23556,MBCV,2711,EC,MBCV
6318,373890,182,23558,BC,2618,IT,BC
6319,216593,182,23560,BC,2719,RM,OC
6320,268207,182,23561,BC,1210,CB,OC
6321,214274,182,23563,MBCDNC,1216,IT,MBCDNC
6322,280199,182,23567,SC,1211,CS,SC
6323,298188,182,23567A,BC,2710,IT,OC
6324,350177,182,23570,BC,1149,IT,BC
6325,305426,182,23572,SC,4,RP,SC
6326,309002,182,23577,OC,1118,EE,OC
6327,301860,182,23580,MBC,1211,BT,MBC
6328,300182,182,23583,BC,1516,EC,BC
6329,279906,182,23584,BC,1450,EE,BC
6330,349109,182,23585,BCM,1112,EC,BCM
6331,229242,182,23586,SCA,1307,CS,OC
6332,213548,182,23588,BC,1422,ME,OC
6333,307840,182,23589,BC,1306,CS,OC
6334,320860,182,23590,BC,2711,FD,BC
6335,374490,182,23591,MBCV,2712,ME,MBCV
6336,357300,182,23592,MBC,1450,EC,MBC
6337,283555,182,23593,BC,1419,EE,BC
6338,311735,182,23594,BC,1304,EE,BC
6339,279852,182,23595,BC,1210,AD,BC
6340,258258,182,23598,SC,1450,IT,SC
6341,260620,182,23600,BC,1419,EI,OC
6342,328181,182,23612,SC,4020,GI,OC
6343,342355,182,23613,BC,5010,CS,BC
6344,322565,182,23615,MBCV,1516,ME,OC
6345,245603,182,23619,BC,1216,CS,BC
6346,310732,182,23621,BC,1210,EC,OC
6347,285497,182,23624,BC,1013,IT,OC
6348,272047,182,23626,BC,2764,EE,OC
6349,225250,182,23628,BC,1419,EE,BC
6350,263230,182,23629,BCM,2,LE,BCM
6351,344758,182,23630,BC,1210,EC,OC
6352,364913,182,23632,BC,1419,EE,BC
6353,277354,182,23633,BC,1219,CH,BC
6354,298420,182,23635,MBC,1321,MN,MBC
6355,282523,182,23638,OC,1317,EE,OC
6356,208564,182,23639,BC,2618,EC,OC
6357,209239,182,23641,MBCDNC,2711,IT,MBCDNC
6358,329041,182,23646,MBCV,1321,MN,MBCV
6359,205862,182,23649,ST,2007,EC,ST
6360,277982,182,23651,BC,5986,EE,OC
6361,226047,182,23652,BC,3465,EE,OC
6362,209657,182,23653,BC,3852,CS,OC
6363,369229,182,23654,MBCDNC,2709,EE,MBCDNC
6364,371212,182,23656,MBCDNC,4960,IT,MBCDNC
6365,332565,182,23657,BC,4962,EC,OC
6366,289668,182,23658,SC,1315,CH,SC
6367,305377,182,23661,BC,1128,EC,OC
6368,310804,182,23663,BC,2710,CS,BC
6369,299398,182,23664,MBCDNC,1304,EC,MBCDNC
6370,291761,182,23666,BC,1309,AD,BC
6371,300370,182,23667,BC,1219,ME,BC
6372,305800,182,23670,BC,1419,EI,OC
6373,298020,182,23671,BC,1211,ME,OC
6374,239877,182,23676,BC,1231,CS,OC
6375,309897,182,23679,BC,2706,AD,BC
6376,292924,182,23688,BC,1120,AD,BC
6377,212805,182,23689,OC,1026,EC,OC
6378,266270,181.995,23692,BC,3830,EE,OC
6379,355588,181.995,23693,BC,2643,CS,OC
6380,230690,181.995,23694,BC,5010,CS,BC
6381,267534,181.99,23696,MBCV,2615,MT,MBCV
6382,206988,181.99,23697,BCM,3011,EC,OC
6383,281032,181.99,23698,MBCV,2369,EC,OC
6384,201335,181.99,23699,BC,5010,EC,OC
6385,309299,181.99,23702,BC,5901,CE,BC
6386,315729,181.985,23703,MBCV,2710,CE,OC
6387,297076,181.985,23704,BC,4955,CS,OC
6388,339676,181.985,23707,SC,1013,EC,OC
6389,256115,181.985,23708,BC,2719,EE,OC
6390,271068,181.985,23709,OC,3011,EC,OC
6391,287918,181.985,23710,BC,2702,BM,BC
6392,256852,181.985,23711,BC,1432,AD,BC
6393,258468,181.985,23712,SC,2005,IB,SC
6394,237367,181.985,23713,BC,4917,CS,OC
6395,272522,181.985,23714,OC,2722,EE,OC
6396,256579,181.985,23715,MBCDNC,1211,AL,MBCDNC
6397,250214,181.985,23716,MBCV,1409,BT,OC
6398,248328,181.985,23718,MBCDNC,3801,IT,OC
6399,286797,181.985,23719,MBCV,2718,EE,MBCV
6400,276915,181.985,23720,SC,2007,ME,SC
6401,321349,181.98,23722,MBCV,5901,EE,MBCV
6402,214725,181.98,23723,MBCV,1304,RM,MBCV
6403,248122,181.98,23725,BC,2739,EC,BC
6404,288932,181.98,23726,MBCDNC,3805,IT,OC
6405,212584,181.98,23727,MBCV,2727,BT,OC
6406,233429,181.98,23729,BC,4023,CS,OC
6407,311226,181.975,23730,BC,3830,CS,BC
6408,273140,181.975,23731,MBC,3011,BT,MBC
6409,223066,181.975,23734,BC,1112,EC,BC
6410,310138,181.975,23739,SC,4,RP,SC
6411,270313,181.975,23740,BCM,1216,IT,BCM
6412,217908,181.975,23742,OC,2726,AO,OC
6413,227421,181.975,23743,BC,3833,CS,OC
6414,291692,181.97,23744,BC,1210,EC,OC
6415,313849,181.97,23745,SC,2,LE,SC
6416,271920,181.97,23746,SC,1211,CS,SC
6417,256431,181.97,23747,BC,2706,AD,BC
6418,209008,181.97,23749,SCA,2712,AE,SCA
6419,341552,181.97,23750,BC,2621,CS,OC
6420,230446,181.965,23751,SC,1422,CS,SC
6421,214183,181.965,23752,BC,5901,ME,OC
6422,283211,181.965,23753,BC,2615,CE,BC
6423,249325,181.965,23754,BC,1419,EE,BC
6424,296961,181.965,23755,BC,1211,ME,OC
6425,304874,181.965,23756,MBCDNC,3465,EC,MBCDNC
6426,208204,181.965,23757,MBCDNC,1412,ME,OC
6427,240633,181.965,23758,OC,2719,AE,OC
6428,251822,181.965,23759,BC,4670,CS,OC
6429,220420,181.965,23761,BC,5010,CS,BC
6430,373198,181.965,23762,MBCV,4020,GI,OC
6431,211323,181.965,23763,MBCV,2718,MZ,OC
6432,244740,181.96,23764,MBCV,2711,EC,MBCV
6433,200867,181.955,23765,BC,1210,AD,BC
6434,208147,181.955,23766,BC,2708,CS,OC
6435,225841,181.955,23767,BC,2712,FT,OC
6436,222170,181.955,23769,BC,5910,IT,OC
6437,224005,181.955,23770,BC,3805,IT,OC
6438,336611,181.955,23772,BC,2618,IT,BC
6439,346628,181.955,23776,BC,1321,MN,BC
6440,269947,181.955,23778,MBC,1112,EC,MBC
6441,269316,181.955,23779,BC,2601,CS,OC
6442,353771,181.955,23780,MBCV,5901,ME,OC
6443,216840,181.955,23781,BC,2618,EC,OC
6444,313369,181.955,23782,BC,1210,EC,BC
6445,294772,181.955,23783,BC,5921,EC,OC
6446,308448,181.955,23785,BC,2764,EC,OC
6447,227929,181.955,23786,BC,4959,AD,OC
6448,209636,181.955,23787,MBCV,1324,CS,MBCV
6449,282964,181.955,23788,BC,2661,CS,OC
6450,307500,181.95,23789,MBCDNC,3011,EC,OC
6451,285119,181.945,23790,BC,3011,EC,OC
6452,260483,181.945,23791,MBCV,1408,CS,OC
6453,223023,181.945,23793,BC,1219,ME,BC
6454,221407,181.945,23794,MBCV,2711,EE,MBCV
6455,343546,181.945,23795,MBCV,1422,EC,OC
6456,225353,181.945,23796,MBCDNC,5986,CS,MBCDNC
6457,209212,181.945,23797,MBCV,2710,SC,OC
6458,270078,181.945,23798,BC,5910,CS,BC
6459,304212,181.94,23799,MBCV,1311,EC,OC
6460,230768,181.94,23801,BC,1516,EC,BC
6461,247195,181.935,23805,BC,1419,IC,OC
6462,242451,181.935,23807,BC,5904,CS,OC
6463,260465,181.935,23809,BC,2706,IT,BC
6464,352645,181.935,23810,BC,5901,CE,BC
6465,222631,181.935,23811,BC,2736,CS,OC
6466,301987,181.935,23812,BC,2722,EE,OC
6467,212004,181.935,23813,SCA,2,FS,SCA
6468,207436,181.935,23816,MBCV,2618,EC,OC
6469,291662,181.935,23817,BC,2706,IT,BC
6470,301271,181.93,23818,MBCDNC,4960,EE,OC
6471,291780,181.93,23819,BCM,2609,IT,OC
6472,276745,181.93,23820,BC,2706,EC,OC
6473,319123,181.925,23821,BC,4670,ME,OC
6474,262931,181.925,23822,BC,1210,EC,BC
6475,242897,181.925,23824,BC,1304,EE,BC
6476,203233,181.925,23825,BCM,4962,CS,BCM
6477,208766,181.925,23826,MBC,2,CR,MBC
6478,228754,181.925,23827,BC,2608,CS,BC
6479,205215,181.925,23828,BC,2750,CS,OC
6480,313439,181.925,23829,BC,2712,FT,OC
6481,202714,181.925,23830,SC,2005,ME,SC
6482,211577,181.925,23831,BCM,3801,IT,OC
6483,281260,181.925,23832,BC,5910,CS,BC
6484,252302,181.925,23833,MBCV,2722,CS,MBCV
6485,264735,181.925,23834,BC,2710,CS,BC
6486,207807,181.925,23835,BC,4962,IT,BC
6487,249259,181.925,23837,BC,3011,BT,BC
6488,218695,181.925,23838,BC,1509,CS,OC
6489,367908,181.925,23839,SC,4974,CS,SC
6490,307352,181.92,23840,BC,2608,EC,OC
6491,213014,181.92,23843,BC,2607,AD,OC
6492,273121,181.92,23846,BC,2608,IT,OC
6493,336964,181.92,23849,MBCV,1120,CS,MBCV
6494,307248,181.92,23850,BC,2610,CS,OC
6495,232737,181.92,23852,BC,2025,ME,OC
6496,205230,181.92,23853,BC,1306,CS,OC
6497,253767,181.92,23854,BC,2710,CS,BC
6498,266701,181.92,23855,MBCDNC,2,CR,MBCDNC
6499,235942,181.92,23856,MBC,3803,CS,OC
6500,312548,181.92,23859,BC,1149,AD,OC
6501,371929,181.92,23860,SC,1315,ME,SC
6502,263704,181.915,23861,BC,1317,EE,OC
6503,257463,181.915,23863,MBCV,3011,BT,MBCV
6504,344707,181.91,23865,BC,2610,CS,OC
6505,344478,181.91,23866,BC,4960,EE,BC
6506,362372,181.91,23867,SC,2718,EC,SC
6507,364310,181.91,23868,MBC,2621,EC,OC
6508,247819,181.91,23869,MBCV,1219,CE,MBCV
6509,280890,181.91,23871,BC,1516,EC,BC
6510,223079,181.9,23873,BC,1310,CS,OC
6511,259552,181.9,23874,MBCDNC,1422,EC,OC
6512,229737,181.9,23875,OC,1118,CS,OC
6513,341107,181.9,23876,BC,1231,AD,OC
6514,305554,181.9,23877,BCM,5901,CE,BCM
6515,270464,181.9,23878,BC,1013,CS,BC
6516,222642,181.9,23879,BC,2357,ME,OC
6517,202856,181.9,23881,BC,2726,CS,OC
6518,290899,181.9,23882,BC,1112,EC,BC
6519,241241,181.9,23884,BC,1210,EC,BC
6520,259680,181.9,23888,BC,1210,EC,BC
6521,236435,181.9,23890,BC,2719,EE,OC
6522,236867,181.9,23891,BC,1112,EC,BC
6523,277754,181.9,23892,BC,3830,EE,OC
6524,240417,181.9,23893,MBCV,1317,ME,OC
6525,257562,181.9,23895,BC,1210,CB,OC
6526,245499,181.9,23896,MBCV,2726,CS,OC
6527,300041,181.9,23897,MBCDNC,1516,CS,MBCDNC
6528,254462,181.9,23898,BC,2653,EC,OC
6529,241444,181.9,23900,BC,5901,ME,OC
6530,214553,181.9,23903,BC,2025,ME,OC
6531,205656,181.9,23905,BC,4962,EC,OC
6532,294724,181.89,23907,SC,1419,CS,SC
6533,225187,181.89,23908,BC,2711,EI,OC
6534,250101,181.89,23909,BC,1316,BM,OC
6535,363051,181.89,23910,MBCDNC,2607,CS,OC
6536,218490,181.89,23910A,BCM,4955,CS,OC
6537,265630,181.89,23913,BC,3011,IT,BC
6538,222445,181.89,23916,BC,1211,ME,OC
6539,369149,181.89,23917,BC,1112,EC,BC
6540,223519,181.89,23918,MBCV,1419,EI,OC
6541,316029,181.89,23919,MBCV,2719,CS,MBCV
6542,278260,181.89,23921,BC,2741,CS,OC
6543,336033,181.89,23922,BC,1317,BT,BC
6544,288780,181.89,23924,BC,3830,CS,BC
6545,212335,181.89,23925,BC,1210,AD,BC
6546,211585,181.89,23926,BC,4955,CB,OC
6547,296685,181.89,23927,MBCV,1118,IT,OC
6548,259593,181.89,23928,BCM,2,LE,BCM
6549,333910,181.89,23929,OC,1306,AD,OC
6550,257124,181.89,23930,SC,2702,EC,SC
6551,252807,181.885,23932,MBCV,1210,IT,MBCV
6552,342038,181.885,23933,BC,1419,EI,OC
6553,343355,181.885,23934,BC,2342,CS,OC
6554,225615,181.885,23935,MBC,5901,CE,MBC
6555,272272,181.885,23936,BC,2706,IT,BC
6556,204041,181.88,23937,BC,1306,IT,OC
6557,349249,181.88,23939,MBCV,5901,ME,OC
6558,250868,181.88,23940,BC,3011,IT,BC
6559,318152,181.88,23941,BC,4994,CS,OC
6560,202035,181.88,23942,BC,5986,EE,OC
6561,249700,181.88,23945,MBCV,1309,IT,MBCV
6562,269190,181.88,23946,BC,2708,CS,OC
6563,286895,181.875,23948,BC,2710,CS,BC
6564,298887,181.875,23949,BC,3011,BT,BC
6565,327987,181.875,23950,SC,2735,IT,OC
6566,355383,181.87,23951,MBCV,1216,CE,OC
6567,270378,181.87,23952,MBCV,2702,IT,MBCV
6568,312349,181.87,23953,MBCV,2710,AD,MBCV
6569,233821,181.87,23954,BC,1237,CS,OC
6570,255398,181.87,23955,BC,1219,ME,BC
6571,274370,181.87,23957,BC,2723,CS,OC
6572,221162,181.87,23959,BC,5904,CS,OC
6573,292397,181.87,23962,BC,1210,CB,BC
6574,299260,181.87,23964,BC,1432,EC,BC
6575,267372,181.87,23964A,SC,2611,EE,OC
6576,276101,181.87,23965,MBCDNC,2369,CS,MBCDNC
6577,206280,181.87,23966,BC,5832,CS,OC
6578,217480,181.87,23967,BC,2729,AE,OC
6579,253564,181.87,23968,BC,1210,EC,BC
6580,330359,181.865,23969,MBCV,2661,EE,OC
6581,273681,181.865,23970,BC,2764,EC,OC
6582,219485,181.865,23971,MBCDNC,1211,FD,MBCDNC
6583,260136,181.865,23973,OC,1412,EC,OC
6584,220217,181.865,23974,MBC,5910,CS,MBC
6585,257510,181.865,23977,BC,2719,CJ,BC
6586,297520,181.865,23979,BC,1317,EE,OC
6587,205564,181.865,23980,BC,5986,EE,OC
6588,282954,181.865,23981,BC,2719,EI,OC
6589,258579,181.865,23983,SC,1219,IT,SC
6590,354651,181.86,23984,MBCV,1516,EC,MBCV
6591,278145,181.86,23987,OC,1324,EE,OC
6592,368496,181.86,23988,BC,3011,EC,OC
6593,287892,181.86,23989,BC,1118,CS,OC
6594,227108,181.86,23990,SC,5008,CE,SC
6595,319349,181.86,23991,BC,1432,EC,BC
6596,331650,181.86,23992,BC,5010,CS,BC
6597,215392,181.86,23993,SC,2377,EE,SC
6598,274499,181.86,23994,BC,3465,EC,BC
6599,203065,181.86,23995,BC,2608,AL,OC
6600,213497,181.86,23996,BC,5910,CS,BC
6601,270640,181.86,23997,BC,1112,EC,BC
6602,200005,181.855,23999,BC,1128,AD,BC
6603,208288,181.855,24000,ST,2005,IT,ST
6604,303981,181.855,24001,BC,2710,IT,OC
6605,353800,181.855,24002,BC,2735,CS,OC
6606,256076,181.855,24003,MBCDNC,2719,IT,MBCDNC
6607,217484,181.855,24005,BC,2718,MZ,BC
6608,293046,181.855,24008,OC,1419,IC,OC
6609,340983,181.855,24009,BC,2750,BT,OC
6610,219978,181.855,24010,SCA,2007,EY,SCA
6611,318811,181.855,24011,BC,1432,AD,BC
6612,241135,181.855,24014,BC,1432,AD,BC
6613,324666,181.855,24015,BC,1211,ME,OC
6614,278211,181.855,24018,MBCDNC,3830,CS,MBCDNC
6615,336119,181.85,24019,SC,2005,ME,SC
6616,239370,181.85,24020,BC,4981,CS,OC
6617,257268,181.85,24021,SC,4960,CS,SC
6618,205610,181.85,24022,MBCV,2722,IT,MBCV
6619,200037,181.85,24023,BC,1306,CS,BC
6620,249115,181.85,24024,MBCV,2702,AD,MBCV
6621,374056,181.85,24025,BCM,4962,EC,OC
6622,324281,181.845,24027,BC,1210,AD,BC
6623,240637,181.845,24028,MBCV,2723,EC,OC
6624,282409,181.845,24029,BC,1516,EC,BC
6625,200697,181.845,24030,BC,2727,CS,OC
6626,309858,181.845,24032,MBCV,2718,EE,MBCV
6627,262491,181.845,24033,BC,2719,EE,OC
6628,324788,181.845,24034,MBCDNC,3464,CS,MBCDNC
6629,336846,181.845,24035,BC,2718,MZ,BC
6630,322680,181.845,24038,BC,2739,CO,BC
6631,283893,181.845,24040,OC,1118,IT,OC
6632,232891,181.845,24042,MBC,2722,EE,OC
6633,338962,181.845,24043,BC,2752,CS,OC
6634,268405,181.845,24045,OC,4928,CS,OC
6635,339295,181.845,24047,MBCDNC,2622,CS,MBCDNC
6636,245274,181.845,24048,BCM,2006,TX,BCM
6637,236663,181.835,24049,MBCV,1419,EC,MBCV
6638,309822,181.835,24050,BC,2718,MZ,BC
6639,354273,181.835,24051,BC,2712,CE,BC
6640,295389,181.835,24054,MBCV,3011,BT,MBCV
6641,200709,181.835,24055,SC,2712,EC,SC
6642,258010,181.835,24057,MBCV,2615,MT,MBCV
6643,257730,181.835,24057A,BC,4971,CS,BC
6644,239446,181.835,24058,OC,1317,EE,OC
6645,257946,181.835,24059,MBCDNC,2710,AD,MBCDNC
6646,220958,181.835,24060,BC,2739,CO,BC
6647,208825,181.835,24061,BC,1321,MN,BC
6648,207246,181.835,24062,BC,3819,EC,OC
6649,282284,181.825,24064,SC,1516,EE,OC
6650,280888,181.825,24066,MBCDNC,2722,AD,MBCDNC
6651,294137,181.825,24069,MBCDNC,1210,CS,MBCDNC
6652,231319,181.825,24070,OC,1419,IC,OC
6653,263391,181.825,24071,BC,4962,EC,OC
6654,277862,181.825,24072,BCM,2739,AD,BCM
6655,280250,181.825,24073,BC,2706,EC,OC
6656,219155,181.825,24075,BC,1211,CE,OC
6657,274508,181.825,24076,MBCV,2735,IT,OC
6658,317561,181.825,24077,MBCDNC,1211,AL,MBCDNC
6659,221846,181.825,24078,MBC,3819,CS,MBC
6660,209572,181.825,24080,BC,2718,MZ,BC
6661,222493,181.82,24081,MBCV,1231,CS,MBCV
6662,233131,181.82,24082,BC,1149,IT,BC
6663,275213,181.82,24083,MBCDNC,2718,EE,MBCDNC
6664,208335,181.82,24084,BC,1231,AD,OC
6665,215121,181.815,24086,MBCDNC,1120,CS,MBCDNC
6666,357099,181.815,24088,MBCDNC,2702,AG,MBCDNC
6667,219388,181.815,24089,BC,1219,CH,BC
6668,295067,181.815,24097,BC,1112,EC,BC
6669,233400,181.815,24098,SC,1219,IT,SC
6670,336176,181.81,24099,BC,2710,CS,BC
6671,225558,181.81,24100,MBCV,1304,EC,MBCV
6672,252025,181.81,24101,MBCDNC,2722,EC,MBCDNC
6673,275731,181.81,24102,SC,2712,EC,SC
6674,347929,181.81,24103,BCM,1118,CB,OC
6675,233200,181.81,24104,BC,2615,CE,BC
6676,261304,181.81,24106,BC,2618,IT,BC
6677,215907,181.81,24107,BC,2618,IT,BC
6678,304752,181.81,24109,MBCDNC,4962,IT,MBCDNC
6679,258077,181.81,24110,BC,3011,IT,BC
6680,229094,181.81,24111,BC,5901,CE,BC
6681,201281,181.81,24112,MBCDNC,2719,IT,MBCDNC
6682,258981,181.81,24114,BC,2343,HT,OC
6683,249472,181.805,24115,BC,1306,CS,BC
6684,210068,181.8,24116,OC,5910,CB,OC
6685,216865,181.8,24118,BC,4023,IT,OC
6686,231961,181.8,24119,OC,2727,CS,OC
6687,211355,181.8,24120,BC,2702,CE,OC
6688,224523,181.795,24122,SC,1422,CS,SC
6689,281912,181.795,24123,BCM,3011,CS,BCM
6690,307249,181.795,24124,MBCDNC,3806,IT,OC
6691,292743,181.79,24126,BC,2722,EE,OC
6692,268430,181.79,24127,MBC,1149,CS,MBC
6693,365025,181.79,24128,BC,1219,ME,BC
6694,274210,181.79,24129,MBCDNC,4962,EC,OC
6695,200814,181.79,24130,BC,4020,CS,BC
6696,319953,181.79,24131,BC,2723,CS,OC
6697,248508,181.79,24132,BC,1210,EC,BC
6698,295066,181.79,24133,BC,3819,EC,OC
6699,226122,181.79,24134,BC,1317,ME,OC
6700,290597,181.79,24135,SC,1225,EE,OC
6701,241458,181.79,24137,SC,2718,CS,SC
6702,323688,181.79,24138,MBCV,2722,CS,MBCV
6703,291933,181.79,24140,BC,2603,EE,OC
6704,318215,181.79,24142,MBC,1419,EC,MBC
6705,272997,181.79,24143,MBCV,5901,ME,OC
6706,316978,181.79,24144,BC,2622,BT,OC
6707,228979,181.79,24145,SCA,5008,IM,SCA
6708,350223,181.79,24146,BC,1237,EC,OC
6709,209052,181.78,24147,OC,1149,EC,OC
6710,275792,181.78,24148,MBCDNC,2719,AD,MBCDNC
6711,307635,181.78,24149,BC,2735,EC,OC
6712,234642,181.78,24150,MBCV,1409,BM,OC
6713,332631,181.78,24151,BC,2722,EE,OC
6714,272066,181.78,24153,BC,3465,EE,OC
6715,310469,181.78,24155,SC,1452,CS,OC
6716,269612,181.78,24156,BC,1419,CJ,BC
6717,211244,181.78,24157,BC,2718,MZ,BC
6718,301881,181.78,24158,BC,2719,CJ,BC
6719,368764,181.78,24159,MBCV,1211,BT,MBCV
6720,368208,181.78,24160,BC,2610,EC,OC
6721,238354,181.78,24161,BC,2704,EC,OC
6722,240409,181.78,24164,BC,2653,CS,OC
6723,247690,181.78,24165,BC,2739,CO,BC
6724,329942,181.78,24166,MBC,2615,ME,MBC
6725,315584,181.775,24167,MBC,2719,EE,MBC
6726,202492,181.775,24168,BC,2702,BM,BC
6727,321483,181.775,24169,MBCDNC,4944,CS,OC
6728,257311,181.775,24170,SC,3011,BT,SC
6729,211089,181.77,24174,OC,2722,EE,OC
6730,270532,181.77,24175,BC,1,XC,BC
6731,256257,181.77,24177,BC,2706,IT,BC
6732,242272,181.77,24178,SC,1211,CS,SC
6733,206489,181.77,24179,MBC,4962,ME,OC
6734,319744,181.77,24181,BC,2710,IT,OC
6735,258398,181.765,24184,BC,2653,CS,OC
6736,240810,181.765,24185,ST,3011,EC,OC
6737,329792,181.76,24186,BC,2723,BM,OC
6738,254822,181.76,24188,MBCV,1210,EC,MBCV
6739,273143,181.76,24189,BC,4931,EC,OC
6740,335099,181.76,24190,SC,5,CS,SC
6741,315815,181.76,24191,BC,2636,AD,OC
6742,243327,181.76,24192,BC,1210,EE,OC
6743,240550,181.76,24193,BC,1149,EC,OC
6744,210171,181.76,24197,BC,1309,EC,OC
6745,207692,181.76,24198,BC,1231,CS,BC
6746,221629,181.76,24199,BC,2706,IT,BC
6747,210208,181.755,24201,BC,1306,IT,OC
6748,368462,181.755,24202,BC,1216,CS,BC
6749,347781,181.755,24204,BC,4670,CS,OC
6750,276302,181.755,24205,BC,3806,IT,OC
6751,365740,181.755,24207,BC,2615,ME,BC
6752,219974,181.755,24208,SC,1013,EC,OC
6753,270620,181.755,24209,MBCV,3011,BT,MBCV
6754,209815,181.755,24210,BC,5910,EC,OC
6755,211718,181.755,24211,BCM,2718,ME,BCM
6756,217155,181.755,24213,BC,2719,RM,OC
6757,220070,181.755,24214,BC,4917,CH,OC
6758,334533,181.755,24216,BC,2709,EE,BC
6759,226850,181.75,24217,BC,1231,CS,BC
6760,369367,181.75,24218,BC,2603,EE,OC
6761,329116,181.75,24220,BC,1419,CJ,BC
6762,231717,181.75,24221,BC,2710,AD,BC
6763,239546,181.75,24223,BC,1516,EC,BC
6764,204218,181.745,24224,BC,1219,CH,BC
6765,220531,181.745,24225,MBCV,1304,BM,MBCV
6766,247032,181.745,24227,OC,4023,EC,OC
6767,321766,181.745,24228,OC,1422,EC,OC
6768,263272,181.745,24230,BC,3803,EC,OC
6769,266388,181.745,24231,OC,1013,IT,OC
6770,295824,181.745,24234,BC,5530,CS,OC
6771,260474,181.735,24235,BC,1210,EC,BC
6772,227739,181.735,24236,OC,2702,ME,OC
6773,206015,181.73,24237,BCM,1422,CS,BCM
6774,210277,181.725,24238,BC,1309,AD,BC
6775,351795,181.725,24239,MBC,2710,TS,OC
6776,249841,181.725,24240,MBCDNC,2615,ME,MBCDNC
6777,324288,181.725,24241,BC,1309,EC,OC
6778,204030,181.725,24242,BC,1432,AD,BC
6779,203946,181.725,24243,MBCV,2621,IT,OC
6780,260942,181.725,24244,BC,2727,AD,OC
6781,236932,181.725,24245,BC,1306,EC,OC
6782,304313,181.725,24246,BC,5910,CS,BC
6783,207059,181.725,24247,OC,1118,IT,OC
6784,306300,181.725,24248,BC,1210,EC,BC
6785,208270,181.725,24249,SCA,2007,ME,SCA
6786,317234,181.725,24250,SC,2712,AD,SC
6787,265153,181.725,24252,BC,2718,ME,BC
6788,277781,181.725,24253,MBCDNC,1,XM,MBCDNC
6789,241568,181.725,24254,BC,1013,CS,BC
6790,274811,181.725,24255,BC,1216,CS,BC
6791,214156,181.725,24256,BC,2719,EE,BC
6792,257458,181.725,24258,OC,1118,IT,OC
6793,300255,181.725,24259,BCM,1317,EC,BCM
6794,202776,181.725,24260,BC,1210,CB,BC
6795,280093,181.725,24262,BC,2710,EC,OC
6796,313899,181.725,24263,BC,1231,CS,BC
6797,278937,181.725,24264,BC,1422,CY,BC
6798,264099,181.725,24265,BC,2725,IT,OC
6799,250707,181.725,24266,BC,2764,EC,OC
6800,241822,181.725,24267,BC,1216,IT,BC
6801,358215,181.725,24268,MBCV,2704,CS,OC
6802,328653,181.72,24270,MBCV,1311,AO,OC
6803,214036,181.715,24271,BC,1309,AD,BC
6804,224569,181.715,24273,BC,1216,IT,BC
6805,207988,181.715,24274,BC,1210,EC,BC
6806,228940,181.715,24275,MBCDNC,1321,MN,MBCDNC
6807,206147,181.715,24276,BC,1422,EC,OC
6808,259288,181.715,24279,BC,2722,EE,OC
6809,238190,181.715,24280,BC,1516,EC,BC
6810,334344,181.715,24281,BC,2764,EC,OC
6811,290458,181.715,24282,MBCV,2711,IT,MBCV
6812,221195,181.715,24283,MBCV,2726,EC,OC
6813,326295,181.715,24284,OC,2618,EC,OC
6814,286035,181.71,24285,BC,5,CS,BC
6815,315659,181.71,24286,MBCV,1422,CS,MBCV
6816,254954,181.705,24289,OC,1311,AD,OC
6817,221628,181.705,24290,BC,2736,IT,OC
6818,313051,181.705,24294,BC,2706,AD,BC
6819,285405,181.705,24295,OC,2735,AD,OC
6820,317794,181.705,24297,MBCDNC,2702,FD,OC
6821,332662,181.705,24299,MBCV,5,IT,OC
6822,220672,181.7,24301,BC,1216,CS,BC
6823,223312,181.7,24302,BC,2608,CS,BC
6824,244244,181.7,24304,BC,5910,CS,BC
6825,208791,181.7,24305,BC,1324,AD,BC
6826,210915,181.7,24306,BC,1210,EC,BC
6827,320838,181.7,24308,SCA,2615,CS,SCA
6828,361177,181.7,24309,BC,2656,CE,OC
6829,330931,181.695,24310,BC,3464,CS,BC
6830,253777,181.695,24311,BC,1216,CS,BC
6831,279329,181.69,24317,BC,1219,ME,BC
6832,297836,181.69,24318,MBCV,2711,IT,MBCV
6833,308641,181.69,24319,BC,2608,AD,OC
6834,367860,181.69,24321,MBCV,2653,IT,OC
6835,246021,181.69,24323,SC,4,RP,SC
6836,219088,181.69,24324,MBCV,2702,FT,OC
6837,229512,181.69,24325,MBC,3830,EC,OC
6838,299364,181.69,24326,BC,1309,EC,OC
6839,246079,181.69,24328,BC,3826,CS,OC
6840,259335,181.69,24329,BC,5910,CS,BC
6841,252292,181.69,24330,BC,2608,EE,OC
6842,246117,181.69,24331,MBCV,2721,EE,OC
6843,233915,181.69,24332,BCM,2005,CE,BCM
6844,226109,181.69,24333,BC,4960,EE,BC
6845,243015,181.69,24334,BC,4974,ME,OC
6846,250081,181.685,24336,BC,1118,CS,BC
6847,365704,181.68,24337,MBCV,1432,EC,MBCV
6848,268386,181.68,24338,BC,2764,EC,OC
6849,233602,181.68,24339,MBCDNC,1013,CS,MBCDNC
6850,226329,181.68,24340,SC,2005,CE,SC
6851,222106,181.68,24341,BC,5910,CS,BC
6852,225970,181.68,24342,BC,2656,AD,BC
6853,229394,181.68,24343,MBCDNC,5009,CS,OC
6854,270354,181.68,24345,BC,1210,EC,BC
6855,232759,181.68,24346,BC,1216,IT,BC
6856,308329,181.68,24347,BC,3805,BM,OC
6857,327352,181.68,24349,BC,1516,EE,OC
6858,340655,181.68,24350,BC,2739,EE,OC
6859,275909,181.68,24351,MBCV,3464,CS,MBCV
6860,208478,181.68,24352,SCA,5008,EC,SCA
6861,200577,181.67,24353,OC,1399,CE,OC
6862,273298,181.67,24354,MBCV,1311,CS,OC
6863,320202,181.67,24357,BC,1128,AD,BC
6864,235787,181.67,24358,MBCDNC,4678,AD,OC
6865,207010,181.67,24360,BC,1432,EC,BC
6866,323701,181.67,24362,BC,1112,EC,BC
6867,322318,181.67,24365,BC,1113,CE,OC
6868,335912,181.67,24367,BC,3464,CS,BC
6869,216408,181.67,24368,BC,1210,CB,BC
6870,310239,181.67,24369,BC,4949,CS,OC
6871,271386,181.67,24370,BC,5986,EE,OC
6872,321726,181.67,24371,BC,1399,CE,OC
6873,268142,181.67,24372,BC,4678,CS,BC
6874,331021,181.67,24373,BC,4917,BM,OC
6875,268456,181.67,24374,BC,1231,CS,BC
6876,278287,181.67,24375,BCM,4020,EC,OC
6877,314914,181.67,24377,BC,4944,CS,OC
6878,207355,181.67,24378,BC,2620,IT,OC
6879,207419,181.67,24379,MBCV,1432,CB,MBCV
6880,255865,181.67,24380,BC,2739,EE,OC
6881,219911,181.67,24381,BCM,2005,PR,BCM
6882,203789,181.67,24382,MBCV,2,LE,MBCV
6883,269661,181.67,24384,BC,5910,CS,BC
6884,288764,181.67,24385,MBCDNC,1317,AL,MBCDNC
6885,220761,181.67,24386,BCM,1309,IT,BCM
6886,283898,181.665,24388,SC,1304,CS,SC
6887,231119,181.665,24389,BC,2764,BM,BC
6888,297040,181.66,24390,BC,1422,EC,OC
6889,318883,181.66,24391,BC,1128,EC,OC
6890,281869,181.66,24392,BC,2615,ME,BC
6891,251771,181.655,24393,OC,5009,CS,OC
6892,262977,181.65,24394,BC,2618,AD,OC
6893,275603,181.65,24395,SCA,1315,ME,SCA
6894,297084,181.65,24396,BC,1211,FD,BC
6895,202772,181.65,24397,BC,1317,EE,OC
6896,270941,181.65,24398,BC,5986,EE,OC
6897,254934,181.65,24399,SC,5008,EY,SC
6898,355058,181.65,24402,MBCDNC,2620,EC,OC
6899,221238,181.65,24403,BC,1516,EC,BC
6900,234049,181.65,24404,MBCV,2615,ME,MBCV
6901,206391,181.65,24406,BC,2727,EC,OC
6902,292681,181.65,24407,BC,5,IT,OC
6903,205447,181.65,24409,BC,1216,AD,OC
6904,260085,181.65,24410,BC,2608,CS,BC
6905,240147,181.65,24411,MBC,3795,EC,OC
6906,231242,181.645,24412,OC,4931,CS,OC
6907,327990,181.645,24413,BC,2710,AD,BC
6908,312763,181.645,24414,OC,1419,EI,OC
6909,340905,181.64,24416,BC,2702,MC,OC
6910,347955,181.64,24419,MBCV,2709,EE,MBCV
6911,208646,181.64,24420,SC,4974,CE,SC
6912,270560,181.64,24421,MBC,2715,CS,OC
6913,363806,181.64,24422,BC,2712,CE,BC
6914,297978,181.635,24425,MBCV,3464,CS,MBCV
6915,302583,181.635,24426,BC,2719,RM,OC
6916,259769,181.635,24428,MBC,2736,EE,OC
6917,244000,181.635,24430,BC,1149,IT,BC
6918,204350,181.635,24433,BC,2710,IT,OC
6919,213949,181.635,24434,BC,1324,EC,BC
6920,321063,181.635,24436,BC,2603,EE,OC
6921,222891,181.635,24438,BC,2727,CS,OC
6922,269990,181.635,24440,BC,3819,AD,OC
6923,241295,181.635,24441,BC,2752,CS,OC
6924,327392,181.635,24442,BC,2369,EC,OC
6925,322321,181.635,24444,SC,2750,AE,OC
6926,206130,181.635,24445,MBCV,2722,CS,MBCV
6927,250499,181.635,24446,BC,1422,CY,BC
6928,274389,181.635,24447,MBCDNC,1120,CS,MBCDNC
6929,223819,181.635,24448,BC,2736,EC,OC
6930,278916,181.635,24449,BC,1309,EC,OC
6931,237099,181.635,24450,SC,2712,AD,SC
6932,226940,181.63,24453,BC,2707,EC,OC
6933,272746,181.625,24454,MBCV,1112,CB,MBCV
6934,210972,181.625,24455,BC,2712,AU,BC
6935,204499,181.625,24456,MBCDNC,2718,EE,MBCDNC
6936,368681,181.625,24457,BC,2731,CS,OC
6937,368313,181.625,24459,BC,2750,CS,OC
6938,243503,181.625,24461,BC,1422,EC,OC
6939,240911,181.625,24462,BC,2719,EE,BC
6940,285440,181.625,24463,BC,3464,CS,BC
6941,261502,181.625,24464,SC,1399,CS,SC
6942,326450,181.625,24465,BC,2710,AD,BC
6943,252189,181.625,24466,SC,2712,EC,SC
6944,318303,181.625,24468,MBC,2369,EC,OC
6945,233477,181.625,24470,BCM,2622,EC,OC
6946,214608,181.62,24473,MBCDNC,2711,EC,MBCDNC
6947,201389,181.615,24477,MBCV,1317,EC,MBCV
6948,203621,181.615,24478,BC,1432,EC,BC
6949,324943,181.615,24481,BC,3803,CS,OC
6950,309673,181.615,24482,SCA,2711,CS,SCA
6951,217229,181.615,24483,BC,1210,EC,BC
6952,239719,181.615,24484,BC,2718,MZ,BC
6953,289989,181.615,24486,MBC,2750,EC,OC
6954,273106,181.615,24488,MBC,2739,AD,MBC
6955,317576,181.615,24489,MBCDNC,3819,CS,MBCDNC
6956,202358,181.615,24491,BC,1317,EE,OC
6957,238252,181.615,24492,BC,1321,MN,BC
6958,275143,181.615,24494,BC,1324,EC,BC
6959,255401,181.615,24495,BC,1216,IT,BC
6960,214078,181.61,24497,BC,2736,CS,OC
6961,266648,181.61,24498,BC,2653,IT,OC
6962,270191,181.605,24500,BC,5910,EE,OC
6963,220513,181.605,24501,BC,1432,EC,BC
6964,341555,181.605,24502,BC,5532,CS,OC
6965,271836,181.605,24504,BC,4670,CS,OC
6966,224442,181.605,24506,BC,2723,IT,OC
6967,248746,181.605,24507,OC,1120,EC,OC
6968,237673,181.605,24512,BC,2618,AD,OC
6969,310615,181.605,24513,BCM,2025,EC,BCM
6970,219979,181.605,24514,BC,4024,ME,OC
6971,229367,181.605,24516,MBCDNC,4023,IT,OC
6972,266176,181.605,24517,SC,2006,IY,SC
6973,268921,181.605,24518,BC,2618,IT,BC
6974,251872,181.605,24520,BC,2741,CE,OC
6975,311969,181.605,24521,BC,1112,EC,BC
6976,203017,181.6,24522,BC,1231,CS,BC
6977,216208,181.6,24523,SC,1450,IT,SC
6978,310844,181.6,24526,BC,1513,IT,OC
6979,208591,181.6,24527,BC,1231,CS,BC
6980,266141,181.6,24528,MBCV,5901,CE,MBCV
6981,282849,181.595,24529,BC,3830,EC,OC
6982,248459,181.595,24530,BC,4023,CS,BC
6983,218981,181.595,24531,SC,2005,CE,SC
6984,233796,181.595,24532,MBCV,1321,MN,MBCV
6985,344095,181.59,24532A,MBCV,1026,CS,MBCV
6986,311555,181.59,24533,BC,4020,CS,BC
6987,256153,181.59,24534,MBC,2711,EE,MBC
6988,287759,181.59,24535,BC,2622,CS,BC
6989,227645,181.59,24536,MBCV,3011,IT,MBCV
6990,230526,181.585,24537,OC,1110,CS,OC
6991,204907,181.585,24540,MBCDNC,2702,AL,MBCDNC
6992,299490,181.585,24541,BC,2706,EC,OC
6993,259753,181.585,24542,MBCDNC,4960,EC,MBCDNC
6994,281156,181.585,24545,BC,1324,EC,BC
6995,294054,181.585,24546,SC,2006,IY,SC
6996,337616,181.585,24548,MBCV,3011,EC,OC
6997,261788,181.585,24549,SC,5901,EC,SC
6998,339354,181.585,24550,BC,5532,EC,OC
6999,256899,181.585,24553,SC,2719,BM,SC
7000,208593,181.58,24554,BC,1419,ME,OC
7001,214840,181.58,24555,BC,1216,CH,OC
7002,239259,181.58,24556,BC,2711,MZ,OC
7003,354662,181.58,24559,BC,2622,ME,OC
7004,363649,181.58,24560,BC,1509,CS,OC
7005,362546,181.58,24561,BCM,2601,IT,OC
7006,221935,181.58,24562,BC,2727,BT,OC
7007,254849,181.58,24563,BC,2719,CJ,BC
7008,212664,181.58,24564,BC,2710,CS,BC
7009,354596,181.58,24565,BC,1432,AD,BC
7010,209824,181.58,24566,BC,3803,CS,OC
7011,229943,181.58,24567,BC,2702,AE,OC
7012,304311,181.58,24569,BC,1120,CE,OC
7013,359862,181.58,24570,OC,2726,BM,OC
7014,319700,181.58,24572,MBCDNC,4944,CS,OC
7015,326852,181.575,24574,SC,2005,IB,SC
7016,227236,181.57,24576,MBCV,1120,IT,MBCV
7017,284718,181.57,24577,MBCV,2712,ME,MBCV
7018,304843,181.57,24578,BC,2704,IT,BC
7019,216553,181.57,24579,MBCV,1321,MN,MBCV
7020,207484,181.57,24580,MBCV,2718,EE,MBCV
7021,204024,181.57,24581,BC,2719,CJ,BC
7022,341754,181.57,24582,SC,5008,EY,SC
7023,281833,181.57,24583,BC,2357,EC,OC
7024,308378,181.57,24584,BC,2719,BM,BC
7025,200479,181.57,24586,MBCDNC,5986,CS,MBCDNC
7026,267504,181.57,24587,BC,2601,CS,OC
7027,254090,181.57,24588,BC,2751,IT,OC
7028,249635,181.57,24589,BC,1120,AD,BC
7029,350142,181.57,24590,BC,2025,EE,BC
7030,296044,181.57,24591,BC,2609,EE,OC
7031,367797,181.57,24592,MBCV,2722,IT,MBCV
7032,334176,181.57,24593,SC,3465,CS,SC
7033,249659,181.56,24594,BC,2629,MD,OC
7034,310898,181.56,24595,OC,1118,EC,OC
7035,227334,181.56,24596,BC,3795,CS,OC
7036,306443,181.56,24598,BC,1317,EE,OC
7037,262665,181.56,24599,BC,2711,FD,BC
7038,265053,181.56,24600,MBCDNC,2706,AD,MBCDNC
7039,270504,181.56,24602,BC,2723,CS,BC
7040,298481,181.56,24604,BC,1216,CS,BC
7041,322344,181.56,24606,BC,1216,EC,OC
7042,300959,181.56,24608,MBCV,2603,EE,MBCV
7043,265312,181.56,24609,BC,1419,EE,BC
7044,269022,181.56,24610,MBC,2718,MZ,MBC
7045,225842,181.56,24612,BC,1112,EC,BC
7046,244631,181.56,24613,SC,1419,CS,SC
7047,258497,181.55,24615,BC,4959,CS,OC
7048,224598,181.55,24618,BC,3011,EC,OC
7049,303294,181.55,24619,BC,2727,CS,OC
7050,221878,181.55,24620,BC,2710,IT,OC
7051,329455,181.55,24621,MBCV,1211,EE,MBCV
7052,214819,181.55,24622,MBCDNC,2702,EC,MBCDNC
7053,214803,181.55,24623,MBCDNC,1399,EE,MBCDNC
7054,280603,181.55,24624,BC,1120,EC,OC
7055,245002,181.55,24625,BC,4960,EE,BC
7056,340776,181.55,24626,OC,4966,CS,OC
7057,352782,181.55,24628,BC,3456,CS,OC
7058,260266,181.55,24629,MBC,2719,BM,MBC
7059,231143,181.55,24630,BC,1516,EC,BC
7060,338470,181.55,24632,BC,1516,EC,BC
7061,341660,181.55,24633,BC,2656,CE,OC
7062,323597,181.55,24635,BC,1324,CO,OC
7063,250629,181.55,24636,BC,5910,CB,OC
7064,232270,181.545,24637,BC,5910,CS,BC
7065,226272,181.545,24640,BC,2706,AD,BC
7066,305725,181.545,24641,MBCV,2702,IT,MBCV
7067,209114,181.54,24645,BC,1216,CS,BC
7068,252023,181.54,24646,BC,2741,EC,OC
7069,228523,181.54,24649,BC,1304,RM,BC
7070,274186,181.54,24650,MBCV,2710,IT,OC
7071,258789,181.54,24651,BCM,2739,CS,BCM
7072,313891,181.54,24652,MBC,2718,MZ,MBC
7073,250105,181.54,24653,BC,4962,EC,BC
7074,223335,181.54,24654,BC,1306,CS,BC
7075,244142,181.54,24655,BC,4974,ME,OC
7076,239252,181.54,24656,BC,2622,CS,BC
7077,218405,181.54,24657,BC,1317,EI,OC
7078,282511,181.54,24659,BC,2709,EE,BC
7079,248552,181.54,24661,BC,1504,BT,OC
7080,326856,181.54,24662,MBCDNC,1317,AL,MBCDNC
7081,315310,181.535,24663,BC,1324,EC,BC
7082,281215,181.535,24664,BC,4955,CS,OC
7083,219808,181.535,24665,BC,1216,CS,BC
7084,322690,181.535,24669,MBCV,1128,AD,MBCV
7085,330388,181.535,24671,BC,4020,EC,OC
7086,213465,181.53,24672,SCA,5008,EM,SCA
7087,262345,181.53,24673,MBC,1219,ME,MBC
7088,214175,181.53,24674,BC,2710,AD,BC
7089,297419,181.53,24675,BC,1118,CS,BC
7090,351114,181.53,24678,MBCV,1519,CS,OC
7091,264702,181.53,24679,BC,3805,ME,OC
7092,308305,181.525,24682,MBC,2710,CS,MBC
7093,313728,181.525,24683,BC,3465,EE,OC
7094,349147,181.525,24685,BC,2710,TS,OC
7095,208142,181.525,24686,MBCV,2702,IT,MBCV
7096,215022,181.525,24687,BCM,5022,EE,OC
7097,201310,181.525,24688,BC,1432,EC,BC
7098,332399,181.525,24690,BC,5901,CE,BC
7099,343486,181.525,24691,BC,3803,CS,OC
7100,218730,181.525,24692,BC,2727,CS,BC
7101,252874,181.525,24694,MBC,2025,EE,MBC
7102,314599,181.525,24695,SC,1317,EC,SC
7103,266998,181.525,24696,BC,1231,CS,BC
7104,268798,181.525,24697,BC,2764,EC,OC
7105,246000,181.525,24698,MBC,1216,IT,MBC
7106,372219,181.525,24699,BC,1310,EC,OC
7107,286253,181.525,24700,MBCV,1317,EE,OC
7108,290139,181.525,24701,BC,3826,CS,BC
7109,281185,181.525,24703,MBC,2718,MZ,MBC
7110,260333,181.525,24704,BC,2719,BM,BC
7111,333649,181.52,24706,BC,2719,CJ,BC
7112,270222,181.515,24707,BC,1210,EC,BC
7113,344728,181.515,24708,BC,5910,CS,BC
7114,255714,181.515,24709,BC,2615,CE,BC
7115,272855,181.515,24710,MBCV,2621,EC,OC
7116,257583,181.515,24712,BC,1210,CB,BC
7117,214047,181.515,24713,BC,1216,AG,OC
7118,333854,181.51,24715,MBCDNC,3464,EC,OC
7119,344002,181.51,24716,OC,1317,EE,OC
7120,227710,181.505,24718,BC,2706,EC,OC
7121,235926,181.505,24721,MBC,1309,IT,MBC
7122,312521,181.505,24723,BC,2706,EC,OC
7123,344808,181.505,24724,MBCDNC,2620,EC,OC
7124,262615,181.505,24725,BC,5904,IT,OC
7125,322048,181.505,24726,BC,1128,AD,BC
7126,223999,181.505,24727,BC,1317,EE,OC
7127,208813,181.505,24728,BC,1304,EE,BC
7128,217588,181.505,24729,BC,2706,EC,OC
7129,326386,181.5,24732,BC,2025,ME,OC
7130,210423,181.5,24735,BC,2710,TS,OC
7131,320897,181.5,24736,BC,2609,EC,OC
7132,288592,181.5,24738,MBC,1317,BT,MBC
7133,313988,181.5,24741,BC,2615,CE,BC
7134,286168,181.5,24742,MBCDNC,1219,EE,MBCDNC
7135,295778,181.5,24743,MBCV,1216,EC,OC
7136,223184,181.5,24747,BC,4020,EC,OC
7137,293009,181.5,24748,BC,2603,EE,BC
7138,280271,181.5,24749,SC,3011,CS,SC
7139,317371,181.5,24752,BC,1408,CS,OC
7140,305762,181.5,24753,BC,1419,EE,BC
7141,220700,181.5,24755,BC,2618,AD,BC
7142,352296,181.5,24761,BC,2710,AD,BC
7143,352263,181.5,24763,SC,2007,ME,SC
7144,238520,181.5,24764,BC,1317,EE,OC
7145,292186,181.5,24765,BC,4020,CS,BC
7146,229608,181.5,24769,MBCV,2753,BM,OC
7147,281462,181.5,24770,BC,2736,CS,OC
7148,284541,181.5,24772,BC,1309,EC,BC
7149,213805,181.5,24774,BC,5904,CS,OC
7150,279652,181.5,24775,BC,2727,FD,OC
7151,340046,181.5,24777,SC,1219,IT,SC
7152,229467,181.5,24778,BC,1210,EC,BC
7153,286076,181.5,24779,BC,1219,AU,OC
7154,334189,181.5,24781,BC,4971,EC,OC
7155,364159,181.5,24783,BC,1113,EI,BC
7156,256346,181.5,24785,BC,1113,ME,OC
7157,318319,181.5,24790,BC,1210,CO,BC
7158,291624,181.5,24791,BC,5986,ME,OC
7159,263030,181.5,24795,OC,1324,CO,OC
7160,300764,181.5,24797,BC,2722,EE,OC
7161,314657,181.5,24800,BC,2711,EI,OC
7162,297458,181.5,24801,BC,2712,FT,OC
7163,343266,181.5,24802,BC,5910,AD,OC
7164,203285,181.5,24804,BC,4960,BT,BC
7165,355237,181.5,24805,BC,3830,CS,BC
7166,367618,181.5,24808,MBCV,1128,CS,MBCV
7167,356209,181.5,24809,BC,2723,IT,OC
7168,223387,181.5,24810,BC,1324,AD,BC
7169,336770,181.5,24811,BC,1128,AD,BC
7170,297915,181.5,24813,BC,2741,EC,OC
7171,301367,181.5,24814,BC,4672,CS,OC
7172,204666,181.5,24815,OC,1419,IC,OC
7173,317867,181.5,24818,BC,1219,ME,BC
7174,306766,181.5,24819,BC,1419,EE,BC
7175,298949,181.5,24820,BC,1210,EC,BC
7176,301590,181.5,24823,BC,1149,EC,OC
7177,364744,181.5,24825,OC,5910,IT,OC
7178,289024,181.5,24826,BC,1128,AD,BC
7179,343366,181.5,24829,BC,1419,CJ,BC
7180,300450,181.5,24832,BC,4962,EC,BC
7181,343491,181.5,24833,BC,1432,AD,BC
7182,323865,181.5,24837,BC,1211,CH,BC
7183,289245,181.5,24839,OC,1231,AD,OC
7184,327183,181.5,24842,MBCV,1324,CS,MBCV
7185,343793,181.5,24843,BC,5,AM,BC
7186,212880,181.5,24844,OC,1310,CS,OC
7187,329214,181.5,24849,BC,1216,CS,BC
7188,280334,181.5,24850,OC,2722,EE,OC
7189,220147,181.5,24851,BC,1149,IT,BC
7190,279159,181.5,24852,BC,1120,AD,BC
7191,304657,181.5,24854,MBCV,2710,CS,MBCV
7192,304410,181.5,24855,BC,2710,EC,OC
7193,311003,181.5,24856,MBCV,2712,CE,MBCV
7194,280743,181.5,24858,OC,2710,CD,OC
7195,201246,181.5,24859,SC,2,TX,SC
7196,286298,181.5,24860,BC,1419,EE,BC
7197,312642,181.5,24863,BC,1026,EC,OC
7198,318648,181.5,24864,BC,1211,MZ,OC
7199,290466,181.5,24865,MBCV,1304,EC,MBCV
7200,292742,181.5,24867,BC,1216,BM,BC
7201,282181,181.5,24869,BC,1304,EE,BC
7202,315753,181.5,24870,MBC,3011,IT,MBC
7203,281158,181.5,24871,OC,3011,EE,OC
7204,237983,181.5,24872,BC,2718,MZ,BC
7205,289903,181.5,24873,MBCDNC,1219,CH,MBCDNC
7206,282847,181.5,24874,BC,2704,IT,BC
7207,283166,181.5,24879,OC,1419,EI,OC
7208,373307,181.5,24880,MBCV,1112,EC,MBCV
7209,284201,181.5,24882,BC,1231,CS,BC
7210,313645,181.5,24885,BC,1231,CS,BC
7211,282066,181.5,24886,MBCDNC,1216,CS,MBCDNC
7212,328415,181.5,24890,MBCV,1128,CS,MBCV
7213,344145,181.5,24893,BC,2710,IT,BC
7214,305648,181.5,24895,BC,1219,ME,BC
7215,267873,181.5,24898,BC,1114,CS,OC
7216,302368,181.5,24901,BC,1149,AD,BC
7217,331653,181.5,24903,BC,1122,CS,OC
7218,297603,181.5,24904,SC,1304,CS,SC
7219,278410,181.5,24911,MBC,3011,PH,OC
7220,281703,181.5,24913,BC,1304,ME,OC
7221,271953,181.5,24915,BC,1422,CY,BC
7222,338305,181.495,24916,MBCV,2702,AD,MBCV
7223,273564,181.495,24918,BC,2607,AD,OC
7224,349335,181.495,24919,BC,1231,CS,BC
7225,201452,181.495,24921,BC,1422,CY,BC
7226,228990,181.495,24923,BC,2726,AO,OC
7227,238290,181.495,24925,BC,2702,EI,BC
7228,206807,181.495,24927,MBC,1120,CS,MBC
7229,307767,181.495,24928,BC,1516,ME,OC
7230,219241,181.495,24929,BC,2718,MZ,BC
7231,362826,181.495,24930,BC,2734,EC,OC
7232,371537,181.495,24932,BC,2712,CE,BC
7233,309354,181.495,24933,BC,2741,CS,OC
7234,273317,181.495,24934,BC,2608,CS,BC
7235,237403,181.495,24935,MBCV,3011,IT,MBCV
7236,236603,181.495,24938,BC,1324,EC,BC
7237,363781,181.49,24941,MBCV,2711,EC,MBCV
7238,281371,181.49,24942,BC,2613,IT,OC
7239,220591,181.49,24943,MBCV,1231,CS,MBCV
7240,217768,181.49,24946,BC,5010,EC,OC
7241,229588,181.49,24947,BCM,5901,EE,BCM
7242,224299,181.485,24949,BC,2618,IT,BC
7243,340991,181.485,24951,MBCV,1311,CS,OC
7244,321734,181.485,24953,BC,1316,CH,OC
7245,302357,181.48,24954,BC,2741,CS,OC
7246,340134,181.48,24955,BC,3830,EC,OC
7247,216888,181.48,24956,BC,4960,EE,BC
7248,261924,181.475,24958,MBCDNC,5986,CS,MBCDNC
7249,211914,181.475,24959,BC,2764,EC,OC
7250,287407,181.475,24960,MBC,3465,EC,MBC
7251,251927,181.475,24961,BC,1128,AD,BC
7252,298746,181.475,24962,BC,1118,CS,BC
7253,224250,181.475,24964,BCM,1026,CS,BCM
7254,352252,181.475,24965,BC,1114,CS,OC
7255,231578,181.47,24966,BC,2719,EE,BC
7256,340271,181.47,24968,MBCDNC,1322,AG,OC
7257,297082,181.47,24969,BCM,4955,CS,OC
7258,354841,181.47,24970,BC,4962,IT,BC
7259,260955,181.47,24972,BC,1419,CJ,BC
7260,358062,181.47,24973,BC,5865,CE,OC
7261,257645,181.47,24974,BC,4962,EC,BC
7262,220762,181.47,24975,BC,2718,MZ,BC
7263,238553,181.47,24976,BC,3465,ME,OC
7264,317082,181.47,24977,MBCV,1432,EC,MBCV
7265,242373,181.47,24978,BC,4974,ME,OC
7266,317269,181.47,24980,BC,1122,BT,OC
7267,312051,181.47,24981,MBCV,4960,IT,MBCV
7268,228399,181.46,24982,MBCV,1317,AL,MBCV
7269,272571,181.46,24984,BC,2702,EI,BC
7270,302222,181.46,24985,MBCV,5008,CN,MBCV
7271,216883,181.46,24987,BC,2764,EC,OC
7272,261646,181.46,24988,BC,2725,CS,OC
7273,232942,181.46,24989,BC,2706,AD,BC
7274,208110,181.46,24990,BC,5910,EC,OC
7275,281747,181.46,24991,MBCDNC,1422,IT,MBCDNC
7276,254277,181.46,24992,BC,4678,ME,OC
7277,260086,181.46,24995,BC,1422,EC,OC
7278,215365,181.46,25000,BC,4023,CS,BC
7279,314359,181.46,25001,BC,3701,ME,OC
7280,269845,181.46,25002,MBCV,5008,CN,MBCV
7281,367555,181.46,25004,BC,3011,IT,BC
7282,324097,181.46,25005,BC,1210,CB,BC
7283,225237,181.45,25006,MBCDNC,2764,CS,MBCDNC
7284,265871,181.45,25009,BC,2711,EI,OC
7285,311752,181.45,25010,BC,5022,CS,OC
7286,245744,181.45,25011,BC,2620,IT,OC
7287,225836,181.45,25012,BC,1128,EC,OC
7288,221848,181.45,25013,BC,2736,BM,OC
7289,236155,181.45,25014,BC,2706,EC,OC
7290,221262,181.45,25015,BC,2711,CH,OC
7291,235063,181.45,25016,BC,2608,IT,OC
7292,225548,181.45,25017,OC,4959,CS,OC
7293,224319,181.45,25018,MBCV,5008,MF,MBCV
7294,201804,181.44,25019,SC,3826,BM,OC
7295,288007,181.44,25020,BC,4960,ME,OC
7296,202054,181.44,25021,BC,2711,EI,OC
7297,255246,181.44,25022,BC,4993,AG,OC
7298,208764,181.44,25025,BC,2726,CS,OC
7299,335657,181.44,25027,BC,4974,ME,OC
7300,246160,181.44,25028,BC,2723,CS,BC
7301,220493,181.44,25029,BC,2722,EE,OC
7302,220349,181.44,25030,BC,1210,EC,BC
7303,224911,181.44,25032,BC,5010,EC,OC
7304,302085,181.44,25033,OC,4955,EC,OC
7305,370046,181.44,25034,BC,2706,EC,OC
7306,267508,181.44,25035,BC,1516,EC,BC
7307,327308,181.44,25036,BC,4960,BT,BC
7308,202709,181.44,25037,BC,3011,AU,OC
7309,363317,181.44,25041,MBCV,2708,CH,OC
7310,313805,181.44,25044,BC,2750,AG,OC
7311,226649,181.44,25045,BC,5910,CS,BC
7312,374261,181.44,25047,MBCV,1112,CB,MBCV
7313,206112,181.435,25048,MBCDNC,4955,CS,OC
7314,220996,181.435,25049,BC,4974,ME,OC
7315,335718,181.435,25051,BC,2726,CS,OC
7316,281046,181.435,25052,BC,4670,CS,OC
7317,367278,181.435,25053,BC,4962,EC,BC
7318,260869,181.43,25056,BC,4960,EE,BC
7319,324375,181.43,25057,BC,5,AM,BC
7320,312261,181.43,25058,BC,2702,EI,BC
7321,246191,181.43,25059,BC,1149,EC,OC
7322,319787,181.425,25060,BC,2328,EC,OC
7323,247065,181.425,25062,MBCV,2722,IT,MBCV
7324,333866,181.425,25063,MBCDNC,2620,EC,OC
7325,217445,181.425,25064,MBCV,2,LE,MBCV
7326,302840,181.425,25065,MBCV,2615,ME,MBCV
7327,273685,181.425,25066,BCM,4966,CS,OC
7328,258016,181.42,25069,BC,2727,IT,OC
7329,317632,181.42,25070,BC,2610,CS,OC
7330,214201,181.42,25071,BC,5901,ME,OC
7331,344026,181.42,25072,BC,2706,AD,BC
7332,226473,181.42,25073,BC,5,CZ,OC
7333,212488,181.42,25074,BC,4917,IT,OC
7334,327323,181.42,25078,SC,2712,EC,SC
7335,373799,181.42,25079,BC,2661,CS,OC
7336,270547,181.415,25081,MBCDNC,2,LE,MBCDNC
7337,299542,181.415,25082,BC,5910,CS,BC
7338,208038,181.415,25083,BC,1450,ME,OC
7339,348005,181.415,25084,BC,1306,CS,BC
7340,332052,181.415,25085,BC,1210,EC,BC
7341,230303,181.415,25086,BC,2345,CS,OC
7342,307715,181.415,25088,BC,2710,IT,BC
7343,279410,181.415,25089,BC,1122,AD,OC
7344,289194,181.415,25090,SC,4974,EE,SC
7345,237235,181.415,25091,BC,1419,EE,BC
7346,253833,181.415,25092,BC,2764,EC,OC
7347,228943,181.415,25093,SC,1317,CH,OC
7348,372520,181.415,25094,BC,2718,ME,BC
7349,217713,181.415,25096,BC,2702,MC,OC
7350,245564,181.415,25097,BC,5009,CS,OC
7351,267987,181.41,25098,BC,1149,EC,OC
7352,262758,181.41,25099,BC,2618,IT,BC
7353,283093,181.41,25100,BC,2702,BM,BC
7354,291401,181.405,25101,MBCV,2718,EE,MBCV
7355,296222,181.405,25102,BC,2741,EC,OC
7356,268938,181.405,25103,BC,1118,CS,BC
7357,257591,181.405,25104,BC,1303,AD,OC
7358,208060,181.405,25105,MBCV,2712,EI,MBCV
7359,333183,181.405,25106,BCM,2661,CS,OC
7360,216320,181.405,25107,BC,3819,AD,OC
7361,265898,181.405,25108,BC,2710,AD,BC
7362,265062,181.405,25110,BC,2707,AD,OC
7363,300974,181.405,25114,BC,3011,EC,OC
7364,258662,181.405,25116,BC,1216,AD,OC
7365,282558,181.405,25117,BC,3465,EC,BC
7366,290194,181.405,25118,SC,2005,ME,SC
7367,292656,181.405,25121,BC,2710,IT,BC
7368,275588,181.405,25122,MBC,1149,IT,MBC
7369,340935,181.405,25123,BCM,2719,CS,BCM
7370,248314,181.4,25126,BC,2603,EE,BC
7371,308434,181.4,25127,SC,1122,EC,OC
7372,281917,181.395,25128,BC,5,CF,OC
7373,253410,181.395,25129,SC,5008,EY,SC
7374,228303,181.395,25132,SC,5008,CW,SC
7375,236256,181.395,25133,MBCDNC,2711,EC,MBCDNC
7376,350834,181.395,25135,BC,2710,IT,BC
7377,239891,181.395,25136,MBC,2722,EE,OC
7378,208429,181.395,25138,OC,1231,CB,OC
7379,263126,181.395,25139,OC,1128,EC,OC
7380,202885,181.395,25140,BC,2702,EI,BC
7381,368737,181.395,25141,MBCV,2709,EE,MBCV
7382,201338,181.395,25142,BC,2750,EC,OC
7383,219233,181.395,25143,BC,2618,FT,OC
7384,277775,181.395,25144,BC,5986,EE,BC
7385,247015,181.395,25145,MBC,1210,CB,MBC
7386,292578,181.395,25146,BCM,2722,EC,BCM
7387,251737,181.395,25147,MBCDNC,2615,ME,MBCDNC
7388,346154,181.395,25148,BCM,5910,CS,BCM
7389,211644,181.395,25149,MBC,2735,IT,OC
7390,344111,181.395,25151,BC,4933,EC,OC
7391,294400,181.39,25152,SC,4993,BM,OC
7392,226556,181.39,25153,BC,2718,CE,OC
7393,212674,181.385,25154,BC,2369,CS,BC
7394,218212,181.385,25155,BC,1306,CS,BC
7395,233021,181.385,25156,BC,2706,EC,OC
7396,295790,181.385,25157,MBCV,1026,EC,OC
7397,270240,181.385,25158,MBCDNC,1304,EC,MBCDNC
7398,238480,181.385,25160,MBCDNC,2,CR,MBCDNC
7399,239468,181.385,25162,MBCDNC,1210,CS,MBCDNC
7400,225059,181.385,25164,BC,5,IT,OC
7401,340297,181.385,25165,BC,2722,EE,OC
7402,243448,181.385,25166,SC,3817,EE,OC
7403,318560,181.385,25171,SC,2377,EE,SC
7404,245166,181.38,25172,BCM,2329,BM,OC
7405,298602,181.38,25174,MBC,5,CS,MBC
7406,264535,181.38,25176,BC,1231,IT,OC
7407,249968,181.38,25178,BC,4960,ME,OC
7408,228537,181.38,25179,BC,1216,EC,OC
7409,219796,181.38,25180,BC,2025,ME,OC
7410,347447,181.375,25181,MBCV,2708,CS,OC
7411,328282,181.375,25184,SC,2628,CS,OC
7412,205601,181.37,25185,BC,4974,CE,BC
7413,206576,181.37,25186,BC,1116,ME,OC
7414,247742,181.365,25187,BC,2726,CS,OC
7415,333165,181.365,25189,MBCDNC,2628,AD,OC
7416,273132,181.365,25190,MBCV,2615,ME,MBCV
7417,248026,181.365,25191,ST,2006,IM,ST
7418,211467,181.365,25197,BC,2764,CH,OC
7419,251293,181.36,25198,BC,5901,ME,OC
7420,262224,181.36,25200,BC,2608,CS,BC
7421,238350,181.36,25201,BC,2718,MZ,BC
7422,246333,181.36,25202,BC,1324,CO,OC
7423,213538,181.36,25203,SC,2367,CS,OC
7424,271566,181.36,25204,BC,4020,CS,BC
7425,247238,181.36,25205,BC,2750,AD,OC
7426,258441,181.36,25206,BC,1324,EC,BC
7427,225785,181.36,25207,BC,2706,EC,OC
7428,336055,181.36,25208,BC,2610,CS,OC
7429,357916,181.355,25209,BC,5910,EC,OC
7430,206534,181.355,25210,BCM,1211,EE,BCM
7431,252777,181.355,25211,OC,2750,AD,OC
7432,314427,181.355,25212,BC,2722,EE,OC
7433,221917,181.355,25213,BC,3464,CS,BC
7434,269931,181.35,25215,BC,2726,CS,OC
7435,306954,181.35,25216,SC,2006,FY,SC
7436,205060,181.35,25217,BC,2710,IT,BC
7437,200213,181.35,25219,BC,1149,EC,OC
7438,272094,181.35,25220,BC,4960,BM,BC
7439,209919,181.35,25221,MBCDNC,2722,EC,MBCDNC
7440,215812,181.35,25222,BC,2725,CS,OC
7441,310102,181.35,25223,MBC,2752,CS,OC
7442,249276,181.35,25224,BC,2710,IT,BC
7443,245923,181.35,25225,SC,2615,EE,SC
7444,305865,181.35,25226,BC,5904,CS,OC
7445,247753,181.35,25228,BC,1216,IT,BC
7446,327142,181.35,25230,MBCDNC,2704,IT,MBCDNC
7447,300634,181.35,25231,BCM,2702,IT,BCM
7448,213477,181.35,25232,BC,2718,CE,OC
7449,238916,181.35,25233,SC,5,EE,OC
7450,216159,181.35,25234,BCM,1112,AL,BCM
7451,300080,181.35,25236,MBC,2,LE,MBC
7452,280526,181.35,25237,MBCDNC,2718,EE,MBCDNC
7453,249562,181.35,25238,BCM,1419,AD,BCM
7454,209418,181.34,25240,MBCV,1210,EC,MBCV
7455,256042,181.34,25242,BCM,2329,CS,OC
7456,200389,181.34,25243,BC,5,AM,BC
7457,209976,181.34,25244,BC,1210,EC,BC
7458,291175,181.34,25245,BC,1309,EC,BC
7459,238896,181.34,25246,BC,1013,ME,OC
7460,289569,181.34,25247,BC,1149,EC,OC
7461,324262,181.34,25248,MBCV,1405,CS,OC
7462,247979,181.34,25249,MBCDNC,2719,IT,MBCDNC
7463,246668,181.34,25250,BC,1309,AD,BC
7464,299886,181.34,25252,BC,1419,CJ,BC
7465,278013,181.34,25253,MBCDNC,2608,EE,OC
7466,364772,181.34,25254,OC,3464,EC,OC
7467,245372,181.33333,25258,OC,1520,CS,OC
7468,294579,181.33,25259,BC,2608,IT,OC
7469,254856,181.33,25260,BC,2711,EI,OC
7470,306864,181.33,25261,BC,1211,MZ,OC
7471,300488,181.33,25262,BC,2369,EC,OC
7472,213308,181.33,25263,MBCV,1211,EE,MBCV
7473,349239,181.33,25265,BC,2725,IT,BC
7474,290854,181.33,25267,MBCV,2639,CS,OC
7475,284282,181.33,25268,SC,5,IT,OC
7476,222474,181.33,25269,MBC,2725,CS,OC
7477,256088,181.33,25270,MBCDNC,1316,CS,OC
7478,274645,181.33,25273,OC,4971,IT,OC
7479,258158,181.33,25274,BC,1149,IT,BC
7480,254057,181.33,25275,BC,2735,CS,OC
7481,346926,181.33,25277,BC,1210,EC,BC
7482,318680,181.33,25278,OC,1231,IT,OC
7483,266804,181.33,25279,MBC,1309,EC,MBC
7484,318144,181.33,25281,MBCV,2005,PR,MBCV
7485,226086,181.33,25284,MBCV,2005,IB,MBCV
7486,309771,181.33,25286,OC,2607,CS,OC
7487,301120,181.325,25289,SC,1419,EC,SC
7488,214831,181.325,25290,MBCV,1216,CS,MBCV
7489,276530,181.325,25291,BC,3805,IT,OC
7490,323147,181.325,25292,BC,3464,EC,OC
7491,248535,181.325,25293,BC,4023,CS,BC
7492,229173,181.32,25295,BC,1210,AD,BC
7493,324022,181.32,25296,BC,2723,BM,OC
7494,310051,181.32,25297,MBCV,1219,CH,MBCV
7495,338404,181.32,25298,BC,2721,CS,OC
7496,245578,181.32,25300,BC,2709,ME,OC
7497,357447,181.32,25301,BC,5,EE,OC
7498,228956,181.32,25303,MBCDNC,5910,CS,MBCDNC
7499,256010,181.315,25305,BCM,1516,EC,BCM
7500,304488,181.315,25306,BC,5009,CS,BC
7501,348857,181.315,25308,BC,1015,CS,OC
7502,213697,181.315,25309,BC,4678,CS,BC
7503,203754,181.315,25311,BC,2618,IT,BC
7504,271964,181.315,25312,OC,1419,ME,OC
7505,200729,181.31,25315,BC,2025,ME,OC
7506,304459,181.31,25316,BC,3806,CS,OC
7507,361798,181.31,25317,MBCDNC,1113,EC,MBCDNC
7508,270163,181.31,25319,SC,1219,IT,SC
7509,248205,181.31,25320,BC,2764,EC,OC
7510,367800,181.305,25323,BC,1408,CS,OC
7511,279376,181.305,25324,SC,5901,EC,SC
7512,290659,181.3,25326,MBCDNC,2710,CE,OC
7513,281774,181.3,25327,SC,1113,CS,SC
7514,219940,181.3,25328,MBC,1419,EE,MBC
7515,284161,181.3,25329,MBCV,1424,CS,OC
7516,293814,181.3,25330,MBCV,3805,PH,OC
7517,293199,181.3,25331,BC,1120,EC,OC
7518,217056,181.295,25333,BC,2603,EE,BC
7519,310696,181.295,25334,BC,1422,EC,OC
7520,241367,181.295,25335,BC,1414,CS,OC
7521,263080,181.295,25336,BC,2603,EE,BC
7522,202737,181.295,25338,BC,1210,EC,BC
7523,200844,181.295,25339,BC,2712,CE,BC
7524,224462,181.295,25341,SC,2712,BT,SC
7525,233165,181.295,25342,BC,2751,AD,OC
7526,228015,181.295,25345,BC,1128,EC,OC
7527,236425,181.295,25346,BC,3908,CS,OC
7528,255412,181.295,25347,MBCV,2722,IT,MBCV
7529,217606,181.295,25348,MBC,1309,AD,MBC
7530,275750,181.295,25349,BC,2653,AD,OC
7531,300503,181.295,25351,BC,1303,CS,OC
7532,244960,181.295,25352,BCM,1419,EE,BCM
7533,209666,181.295,25353,BC,3011,EC,OC
7534,371626,181.295,25355,MBCV,1316,CS,OC
7535,353886,181.295,25356,BC,2607,CS,OC
7536,321617,181.295,25357,MBC,2651,CS,OC
7537,243470,181.295,25358,BC,5986,EE,BC
7538,346545,181.285,25359,BC,4960,BT,BC
7539,216121,181.285,25361,BC,1122,CS,OC
7540,234249,181.285,25364,MBC,2702,FD,MBC
7541,223621,181.285,25365,BC,1149,IT,BC
7542,226680,181.285,25366,BC,2702,BM,BC
7543,350274,181.285,25367,MBCDNC,2628,CS,OC
7544,223769,181.285,25368,BC,2618,IT,BC
7545,217998,181.285,25369,BC,5009,EC,OC
7546,204743,181.285,25370,MBC,1321,PA,MBC
7547,207328,181.285,25371,BC,5910,AD,OC
7548,246825,181.285,25373,BC,2718,ME,BC
7549,264961,181.28,25375,BC,2607,CS,OC
7550,245984,181.275,25376,BC,1419,EE,BC
7551,245476,181.275,25377,BC,4960,CE,OC
7552,276781,181.275,25378,BC,2328,CS,OC
7553,312527,181.275,25379,MBCV,2702,IT,MBCV
7554,255992,181.275,25380,MBCDNC,2710,CE,OC
7555,295869,181.275,25381,BC,2328,IT,OC
7556,312929,181.275,25382,MBCV,1211,BM,MBCV
7557,211441,181.275,25383,MBCV,1026,EC,OC
7558,325441,181.275,25384,BC,1422,CY,BC
7559,263115,181.275,25385,MBCV,5,CF,OC
7560,287014,181.27,25387,BC,1225,CS,OC
7561,288393,181.27,25388,MBCDNC,5986,IT,MBCDNC
7562,294243,181.27,25389,BC,2764,EC,OC
7563,218488,181.27,25390,BC,2706,EC,OC
7564,225245,181.27,25391,OC,1026,EC,OC
7565,227721,181.265,25393,BC,1210,EC,BC
7566,314666,181.265,25394,BC,2750,CB,OC
7567,201187,181.265,25396,SC,1219,EC,SC
7568,242128,181.265,25399,MBCV,2710,CS,MBCV
7569,340237,181.265,25403,BC,1324,CO,OC
7570,238823,181.265,25405,MBCV,2708,BM,OC
7571,341930,181.26,25408,BC,2607,CB,OC
7572,365247,181.26,25409,BC,1432,AD,BC
7573,225190,181.26,25411,BC,3830,AL,OC
7574,328112,181.26,25413,BC,1219,CE,BC
7575,361998,181.26,25414,BC,5,CS,BC
7576,213781,181.26,25415,BC,3830,CS,BC
7577,306580,181.26,25416,BC,3011,EC,OC
7578,249268,181.26,25417,OC,5901,ME,OC
7579,253961,181.26,25419,BC,4023,CS,BC
7580,251773,181.26,25420,BC,4962,EC,BC
7581,318912,181.255,25422,BC,1311,CS,OC
7582,348045,181.255,25423,BC,2620,TS,OC
7583,257536,181.255,25424,MBCDNC,2615,ME,MBCDNC
7584,313362,181.255,25426,MBCDNC,5010,CS,MBCDNC
7585,327991,181.255,25427,MBCV,5009,CS,MBCV
7586,270309,181.255,25428,BC,1516,EC,BC
7587,347275,181.255,25429,MBCV,2718,EE,MBCV
7588,200886,181.25,25430,MBCDNC,2702,AD,MBCDNC
7589,233408,181.25,25432,BC,1324,CO,OC
7590,352014,181.25,25433,MBCV,2709,EE,MBCV
7591,240875,181.25,25434,MBCDNC,2702,EC,MBCDNC
7592,257183,181.25,25435,BC,5901,ME,OC
7593,319061,181.25,25436,BC,2615,CE,BC
7594,246029,181.25,25437,MBCDNC,2706,AD,MBCDNC
7595,249671,181.25,25438,MBCDNC,2727,CS,MBCDNC
7596,291758,181.25,25439,OC,1231,IT,OC
7597,306824,181.25,25440,MBCV,2744,IT,OC
7598,254199,181.25,25441,MBCV,2711,EE,MBCV
7599,302249,181.245,25442,BC,1324,EC,BC
7600,247428,181.245,25443,MBC,2764,EC,OC
7601,239876,181.245,25445,BC,2706,EC,OC
7602,206901,181.245,25446,BC,1216,IT,BC
7603,223786,181.245,25448,SC,1317,CS,SC
7604,207973,181.245,25449,BC,3803,CS,OC
7605,205236,181.24,25450,BCM,1118,CS,BCM
7606,272271,181.24,25452,MBCV,3011,EC,OC
7607,244411,181.24,25453,BC,4960,EE,BC
7608,320352,181.24,25454,BC,2651,CS,OC
7609,248241,181.24,25456,BC,2618,IT,BC
7610,261940,181.24,25457,MBCDNC,2005,PR,MBCDNC
7611,319751,181.24,25458,SC,4680,ME,OC
7612,234583,181.24,25461,MBC,3011,EC,OC
7613,270125,181.24,25462,BC,1128,EC,OC
7614,327662,181.24,25463,BC,2702,EI,BC
7615,236370,181.24,25464,MBCV,2006,MY,MBCV
7616,246294,181.24,25465,BC,2710,IT,BC
7617,275631,181.24,25466,MBCV,1120,CS,MBCV
7618,250744,181.24,25468,BC,2711,EI,OC
7619,369001,181.24,25469,BC,3465,EC,BC
7620,264700,181.24,25471,SC,1516,EC,SC
7621,308861,181.24,25473,BCM,5010,EC,BCM
7622,280303,181.24,25475,MBCV,2702,AD,MBCV
7623,263653,181.24,25476,MBCDNC,2025,EE,MBCDNC
7624,240768,181.24,25477,BC,2751,CS,OC
7625,240729,181.24,25478,BC,3464,EC,OC
7626,269913,181.24,25479,SC,5008,CN,SC
7627,246630,181.24,25480,OC,2711,EI,OC
7628,249892,181.24,25481,MBC,2618,IT,MBC
7629,202094,181.24,25482,OC,2751,EC,OC
7630,287846,181.24,25485,BC,2609,IT,OC
7631,253905,181.24,25486,BC,2618,IT,BC
7632,263049,181.24,25487,MBCDNC,5910,CS,MBCDNC
7633,247702,181.24,25488,MBCV,5008,CN,MBCV
7634,311749,181.24,25489,MBCDNC,2702,CB,MBCDNC
7635,314175,181.23,25490,BC,2603,EE,BC
7636,246589,181.23,25491,BC,1149,IT,BC
7637,295752,181.23,25492,MBC,2618,EC,OC
7638,260244,181.23,25494,SC,1321,MN,SC
7639,266094,181.23,25495,BC,2618,EC,OC
7640,215075,181.23,25496,BCM,2615,ME,BCM
7641,357052,181.23,25498,BC,2710,EC,OC
7642,264890,181.23,25500,MBCDNC,1317,EC,MBCDNC
7643,254837,181.22,25501,MBCV,1432,AD,MBCV
7644,204000,181.22,25502,BCM,1120,CS,BCM
7645,251738,181.22,25503,BC,1216,AD,OC
7646,311688,181.22,25504,BC,1317,EE,OC
7647,285212,181.22,25505,BC,4023,IT,OC
7648,246727,181.22,25508,BC,2710,IT,BC
7649,322992,181.22,25509,BC,2718,MZ,BC
7650,289710,181.22,25510,MBCV,2615,CE,MBCV
7651,252927,181.22,25511,BC,2722,EE,OC
7652,343854,181.22,25512,MBCDNC,2603,EE,MBCDNC
7653,302924,181.22,25513,BC,5986,EE,BC
7654,208294,181.22,25514,OC,1149,EC,OC
7655,300015,181.22,25515,BC,1324,CO,BC
7656,200512,181.215,25517,MBCV,2615,CE,MBCV
7657,273343,181.215,25518,BC,2722,EE,OC
7658,314100,181.21,25519,MBC,2750,AD,OC
7659,201043,181.21,25521,MBC,2739,CB,MBC
7660,281722,181.21,25522,BC,3011,PH,OC
7661,352359,181.21,25523,BC,1123,IT,OC
7662,249587,181.21,25524,MBC,2752,EC,OC
7663,268906,181.21,25525,MBCDNC,1112,CS,MBCDNC
7664,271592,181.21,25526,BCM,1509,IT,OC
7665,257589,181.21,25527,BC,2727,CS,BC
7666,215383,181.21,25528,MBC,1307,BM,OC
7667,237989,181.21,25530,BCM,1128,CS,BCM
7668,238852,181.21,25531,BC,2622,CS,BC
7669,217742,181.21,25532,BC,2719,RM,OC
7670,266235,181.21,25534,SC,5901,EE,SC
7671,309325,181.205,25537,BC,2608,CS,BC
7672,337873,181.205,25538,BC,2764,EC,OC
7673,251437,181.205,25539,MBCV,1013,IT,OC
7674,302656,181.205,25540,MBCDNC,2708,IT,OC
7675,248815,181.205,25541,SCA,5904,ME,OC
7676,287599,181.205,25547,BC,2615,MT,BC
7677,214019,181.205,25548,MBCV,2710,AD,MBCV
7678,373351,181.205,25549,BC,4989,CS,OC
7679,242865,181.205,25550,OC,1216,EC,OC
7680,304268,181.205,25552,BC,2725,IT,BC
7681,282098,181.2,25553,MBC,2719,RM,OC
7682,264824,181.2,25556,MBCDNC,2006,TX,MBCDNC
7683,244355,181.2,25557,BC,1128,AD,BC
7684,266405,181.195,25558,MBCV,1112,EC,MBCV
7685,313664,181.195,25560,BC,2615,MT,BC
7686,337749,181.195,25562,BC,2661,IT,OC
7687,304282,181.195,25563,BC,2718,ME,BC
7688,246671,181.195,25564,SC,3465,EC,SC
7689,280207,181.19,25567,BC,2702,EI,BC
7690,258274,181.19,25568,BC,3805,IT,OC
7691,262279,181.19,25569,BC,2702,ME,OC
7692,278436,181.19,25571,MBC,2752,IT,OC
7693,234763,181.185,25573,MBCV,2618,CS,MBCV
7694,232905,181.185,25574,BCM,5,CS,BCM
7695,273342,181.185,25575,MBC,2739,CO,MBC
7696,206999,181.185,25576,MBCV,2710,EC,OC
7697,361120,181.185,25577,SCA,2702,IT,SCA
7698,213159,181.185,25578,BC,2615,CE,BC
7699,259323,181.185,25581,BC,1216,IT,BC
7700,253188,181.185,25582,BC,2725,CS,OC
7701,269950,181.185,25583,BC,2712,CE,BC
7702,312592,181.185,25584,MBCDNC,1210,CS,MBCDNC
7703,290277,181.185,25585,BC,2723,EC,OC
7704,330815,181.185,25588,BC,4944,CS,OC
7705,219860,181.185,25589,BC,2719,RM,OC
7706,322788,181.185,25590,MBC,2723,BM,OC
7707,205791,181.185,25591,BC,1216,AL,OC
7708,229322,181.185,25593,BC,5986,EE,BC
7709,243378,181.185,25595,BC,1128,EC,OC
7710,238154,181.18,25597,BC,2622,EE,OC
7711,219571,181.175,25599,BC,2718,MZ,BC
7712,315449,181.175,25600,BC,4994,CS,OC
7713,304357,181.175,25601,OC,4962,EE,OC
7714,245053,181.175,25602,SC,2006,FY,SC
7715,230496,181.175,25603,BC,2673,CS,OC
7716,243333,181.175,25604,OC,2725,CS,OC
7717,214090,181.175,25605,BC,5910,CS,BC
7718,231270,181.175,25606,MBCDNC,2712,AE,MBCDNC
7719,260109,181.175,25608,BC,1309,AD,BC
7720,267170,181.175,25610,BC,1013,CS,BC
7721,319120,181.175,25611,BC,2723,CS,BC
7722,293432,181.175,25612,OC,2025,ME,OC
7723,236887,181.175,25613,BC,5530,CS,OC
7724,338313,181.175,25614,BC,2725,CS,OC
7725,270617,181.175,25615,BCM,5009,CS,BCM
7726,233835,181.165,25618,BC,2739,EE,OC
7727,247799,181.165,25619,MBCV,1026,EC,OC
7728,200581,181.165,25620,MBCV,2708,CH,OC
7729,373794,181.165,25621,BC,3826,CS,BC
7730,247004,181.165,25622,BCM,2719,BM,BCM
7731,209216,181.165,25623,BC,1442,AD,OC
7732,219273,181.165,25624,BC,1149,IT,BC
7733,233010,181.165,25625,OC,4962,EE,OC
7734,294210,181.165,25626,MBCV,2710,AD,MBCV
7735,299378,181.165,25627,BC,2750,AD,OC
7736,342835,181.165,25629,BC,5901,CE,BC
7737,308656,181.155,25631,BC,2727,IT,OC
7738,356864,181.155,25632,BC,1322,BM,OC
7739,327300,181.155,25633,MBCV,1219,ME,MBCV
7740,318644,181.155,25634,BC,2603,EE,BC
7741,346022,181.155,25635,BC,2708,EC,OC
7742,242348,181.155,25636,BC,1317,CH,OC
7743,217933,181.155,25637,BCM,2712,AU,BCM
7744,369373,181.155,25638,OC,1122,CS,OC
7745,275861,181.155,25639,BC,2706,EC,OC
7746,236589,181.155,25641,BC,2712,CE,BC
7747,203535,181.155,25642,BC,2702,AE,BC
7748,295618,181.155,25643,OC,2751,CS,OC
7749,246791,181.155,25644,BC,1432,EC,BC
7750,290263,181.155,25645,BC,4962,EC,BC
7751,257560,181.155,25646,BC,1128,EC,OC
7752,209123,181.155,25647,BC,2608,CS,BC
7753,211720,181.155,25648,BC,1120,EC,OC
7754,244392,181.155,25649,BC,1432,AD,BC
7755,230997,181.155,25650,BC,2707,CH,OC
7756,212355,181.155,25651,MBCV,1324,IT,MBCV
7757,312451,181.155,25652,BC,2706,EC,OC
7758,344845,181.155,25653,BC,1219,CH,BC
7759,264733,181.15,25656,BC,1516,EE,OC
7760,330949,181.15,25657,BC,2764,EE,OC
7761,204324,181.15,25660,BC,1432,EC,BC
7762,209597,181.15,25661,SC,1450,EC,SC
7763,232809,181.145,25662,BC,2357,CS,OC
7764,278668,181.145,25663,MBCV,1128,CS,MBCV
7765,204968,181.145,25666,MBCDNC,1210,IT,MBCDNC
7766,215136,181.145,25669,BC,2711,CH,OC
7767,253378,181.145,25670,BC,2710,IT,BC
7768,262290,181.145,25670A,BCM,1424,CS,OC
7769,217866,181.145,25671,BCM,2615,ME,BCM
7770,360397,181.145,25672,MBCV,2723,EC,OC
7771,266727,181.145,25673,BC,2636,EE,OC
7772,312155,181.145,25674,SC,1450,EC,SC
7773,277345,181.14,25675,MBCV,1324,AD,MBCV
7774,253276,181.14,25676,BC,1216,BM,BC
7775,210392,181.14,25677,BC,1118,CS,BC
7776,282083,181.14,25678,BC,2718,CE,OC
7777,310342,181.14,25679,BC,2723,IT,OC
7778,355807,181.14,25680,BC,4953,CS,OC
7779,213634,181.14,25682,BC,1516,EC,BC
7780,245638,181.14,25683,BC,1211,MZ,OC
7781,247660,181.14,25684,BC,2751,CS,OC
7782,331458,181.14,25688,BC,5901,CE,BC
7783,249015,181.135,25690,MBCV,2718,EE,MBCV
7784,341981,181.135,25694,MBCV,2661,IT,OC
7785,250275,181.13,25695,MBCV,1309,IT,MBCV
7786,208009,181.13,25696,BC,3011,EC,OC
7787,207057,181.13,25700,MBCDNC,2719,AD,MBCDNC
7788,278308,181.13,25701,BCM,1112,IT,BCM
7789,222606,181.13,25702,OC,1216,AD,OC
7790,267501,181.13,25703,BC,2741,CS,OC
7791,248376,181.13,25704,BC,2722,EE,OC
7792,243966,181.13,25708,BC,1309,EC,BC
7793,274008,181.13,25710,BC,2620,CS,OC
7794,216020,181.12,25713,BC,5904,CS,OC
7795,273113,181.12,25714,MBCDNC,3826,CS,MBCDNC
7796,270418,181.12,25715,BCM,1321,MN,BCM
7797,216826,181.12,25716,BC,1211,FD,BC
7798,307961,181.12,25717,MBCV,2618,EE,OC
7799,243403,181.12,25718,BC,2710,IT,BC
7800,224407,181.12,25719,BC,5910,CS,BC
7801,358157,181.12,25720,BC,1231,CS,BC
7802,300325,181.12,25721,BC,2750,EC,OC
7803,292444,181.12,25723,SC,5022,CS,OC
7804,327883,181.12,25724,MBCV,1128,CS,MBCV
7805,259376,181.12,25725,BC,1211,ME,OC
7806,233159,181.12,25727,BC,1324,CO,BC
7807,374698,181.12,25728,SC,2006,PR,SC
7808,222300,181.12,25730,BC,1325,CS,OC
7809,285337,181.12,25732,BC,1306,IT,OC
7810,275334,181.12,25732A,MBCV,2721,EC,OC
7811,225101,181.12,25735,BC,1432,EC,BC
7812,209573,181.12,25736,BC,1216,AD,OC
7813,206997,181.12,25737,BC,5904,EC,OC
7814,297955,181.12,25738,BC,2704,CS,OC
7815,257144,181.11,25740,BC,2608,AD,OC
7816,249735,181.11,25741,BC,1210,EC,BC
7817,314649,181.11,25742,BC,2613,CS,OC
7818,272041,181.11,25744,MBCDNC,1422,CS,MBCDNC
7819,248920,181.11,25745,MBCV,1013,CS,MBCV
7820,264935,181.11,25746,MBCV,1422,IT,MBCV
7821,250006,181.11,25747,SC,5901,EC,SC
7822,201988,181.11,25750,MBCV,1216,CS,MBCV
7823,293741,181.11,25751,MBCV,1231,CS,MBCV
7824,229755,181.11,25752,BC,1210,CO,BC
7825,262520,181.11,25753,MBCV,1324,IT,MBCV
7826,261448,181.11,25754,BC,1324,CO,BC
7827,207467,181.105,25756,BC,4864,CS,OC
7828,201087,181.105,25757,BC,3011,EC,OC
7829,217627,181.105,25759,BC,3826,EE,OC
7830,320836,181.1,25760,SC,2711,CS,SC
7831,265344,181.1,25761,BCM,1424,AD,OC
7832,310162,181.1,25762,BC,2727,BT,OC
7833,263958,181.1,25763,BC,4678,CS,BC
7834,327961,181.1,25764,MBCDNC,1304,IT,MBCDNC
7835,290485,181.1,25767,SC,2712,EC,SC
7836,315770,181.1,25768,BC,2653,EC,OC
7837,262645,181.1,25769,MBCDNC,2707,BM,OC
7838,263365,181.1,25770,SC,3465,CS,SC
7839,246609,181.1,25771,MBCDNC,4974,ME,OC
7840,228569,181.1,25772,BC,1422,EC,OC
7841,246765,181.1,25773,MBC,2615,CE,MBC
7842,240959,181.1,25775,MBCDNC,2725,EC,OC
7843,202142,181.1,25777,BC,4917,CS,OC
7844,352114,181.1,25779,BCM,1219,ME,BCM
7845,356051,181.1,25781,BC,2719,EI,OC
7846,228332,181.095,25783,ST,1211,CS,ST
7847,237808,181.095,25784,BC,2710,SC,OC
7848,268819,181.095,25785,MBCV,1216,CS,MBCV
7849,328052,181.095,25791,MBC,1113,AD,MBC
7850,333779,181.095,25792,BC,3011,PC,OC
7851,312351,181.095,25796,BC,2722,EE,OC
7852,355528,181.09,25797,MBCV,1516,EC,MBCV
7853,213221,181.09,25798,BC,1149,AD,BC
7854,253122,181.09,25800,MBCDNC,4960,AD,MBCDNC
7855,262311,181.09,25801,BC,4965,CS,OC
7856,337006,181.085,25804,BC,3803,CE,OC
7857,206613,181.085,25805,BC,1210,EC,BC
7858,339574,181.085,25806,MBCV,5,EE,OC
7859,254947,181.085,25807,BC,1225,EC,OC
7860,207111,181.085,25808,SC,2735,IT,OC
7861,270524,181.085,25809,BC,5910,CB,OC
7862,297974,181.08,25810,MBCDNC,4974,CE,MBCDNC
7863,207689,181.08,25812,BC,1309,AD,BC
7864,244374,181.08,25813,BC,1432,AD,BC
7865,251607,181.08,25814,BC,2710,IT,BC
7866,270123,181.08,25815,BC,2715,IT,OC
7867,260889,181.08,25816,BC,2615,CE,BC
7868,307567,181.08,25817,BC,4954,IT,OC
7869,351456,181.075,25818,BC,1216,AD,OC
7870,207187,181.075,25820,BC,1306,CS,BC
7871,245950,181.075,25822,MBCDNC,1304,EC,MBCDNC
7872,298644,181.075,25823,BCM,2702,EC,BCM
7873,248574,181.075,25825,SC,1112,IT,SC
7874,272958,181.075,25826,BC,4864,CS,OC
7875,286556,181.075,25828,BC,3464,EC,OC
7876,294317,181.075,25830,BC,1516,EC,BC
7877,243022,181.075,25831,SC,5010,EC,SC
7878,205729,181.075,25832,BC,1309,AD,BC
7879,268024,181.075,25834,MBC,1419,CJ,MBC
7880,219653,181.075,25835,BCM,4959,IT,OC
7881,206243,181.075,25836,BC,1026,EC,OC
7882,246474,181.07,25837,SCA,1315,EC,SCA
7883,218627,181.07,25838,OC,4962,EE,OC
7884,261100,181.07,25840,BC,2764,EC,BC
7885,297332,181.065,25841,MBCDNC,2629,IT,OC
7886,224069,181.065,25842,BC,1216,BM,BC
7887,217250,181.065,25843,BC,2702,EI,BC
7888,264116,181.065,25844,BC,1412,IT,OC
7889,334571,181.065,25846,BCM,2603,EE,BCM
7890,258126,181.065,25848,BC,1432,ME,OC
7891,234668,181.065,25849,BC,3803,CS,OC
7892,271020,181.065,25850,BC,2706,EC,BC
7893,259733,181.065,25851,BC,2726,AG,OC
7894,346514,181.065,25852,SC,3465,CS,SC
7895,316972,181.065,25853,ST,1,ME,ST
7896,252676,181.065,25854,BC,2751,CS,OC
7897,342512,181.065,25855,BCM,3806,BM,OC
7898,306336,181.065,25856,BC,4960,CE,OC
7899,288004,181.065,25858,BC,5910,CS,BC
7900,288255,181.065,25859,BC,4960,CE,OC
7901,324960,181.065,25862,BC,1516,EC,BC
7902,297219,181.065,25863,BC,5910,CS,BC
7903,225504,181.055,25864,BC,1311,EC,OC
7904,327679,181.055,25866,BC,2622,BT,OC
7905,276831,181.055,25869,BC,2615,CE,BC
7906,307975,181.05,25870,BC,2706,ME,OC
7907,318850,181.05,25871,MBCDNC,2702,EC,MBCDNC
7908,212228,181.045,25875,SC,1211,CS,SC
7909,304390,181.045,25877,BC,2710,IT,BC
7910,294788,181.045,25878,MBC,3782,CS,OC
7911,218685,181.045,25879,BC,1231,CS,BC
7912,217131,181.045,25880,BC,1311,CS,OC
7913,261943,181.045,25881,BC,1311,IT,OC
7914,244584,181.045,25882,BC,1127,BT,OC
7915,305707,181.045,25883,BC,3812,IT,OC
7916,273737,181.045,25884,MBCV,2005,PR,MBCV
7917,261956,181.045,25886,BC,2712,FT,BC
7918,241228,181.045,25887,BC,2618,AD,BC
7919,261895,181.045,25888,OC,2710,EC,OC
7920,214548,181.045,25889,OC,2725,CS,OC
7921,225790,181.045,25891,BC,4960,ME,OC
7922,286821,181.045,25892,MBCV,3801,EC,OC
7923,296448,181.045,25896,BC,2721,CS,OC
7924,292606,181.045,25897,BC,1516,EC,BC
7925,292454,181.045,25898,MBCDNC,1113,EC,MBCDNC
7926,220643,181.045,25900,BC,1422,EC,OC
7927,358361,181.04,25902,SCA,2607,EC,OC
7928,256917,181.04,25903,OC,2618,EC,OC
7929,228170,181.04,25905,MBCV,2712,ME,MBCV
7930,279811,181.04,25906,MBCDNC,2743,FD,OC
7931,344197,181.04,25907,OC,1118,CB,OC
7932,344933,181.04,25909,BC,2711,CE,OC
7933,269362,181.04,25910,MBCDNC,2006,TT,MBCDNC
7934,259991,181.04,25911,SC,1219,IT,SC
7935,372593,181.04,25913,MBC,1523,CS,OC
7936,291243,181.035,25914,BC,3011,PH,BC
7937,247369,181.035,25915,MBCDNC,4974,CE,MBCDNC
7938,217264,181.035,25916,SC,5,CH,OC
7939,328962,181.035,25917,BC,2710,EC,OC
7940,203775,181.035,25918,OC,1306,IT,OC
7941,313830,181.035,25919,MBCDNC,5009,CS,MBCDNC
7942,246104,181.03,25920,BC,2764,EC,BC
7943,213461,181.03,25921,MBC,1211,RM,MBC
7944,226219,181.03,25923,BC,1210,EC,BC
7945,210607,181.03,25924,MBC,5,EC,OC
7946,307511,181.03,25928,BC,2706,EC,BC
7947,204920,181.03,25929,BC,1149,EC,OC
7948,259674,181.03,25930,MBCV,1324,CS,MBCV
7949,220076,181.025,25931,BC,1304,EI,OC
7950,334012,181.025,25932,MBC,2711,EI,OC
7951,286441,181.025,25933,BC,2764,EC,BC
7952,224051,181.02,25934,BC,1304,ME,OC
7953,293698,181.02,25936,BC,2636,AD,OC
7954,306440,181.02,25937,BC,2727,CS,BC
7955,206743,181.02,25939,SC,2005,ME,SC
7956,323840,181.015,25940,MBCV,3011,IT,MBCV
7957,216972,181.015,25941,SC,2718,EC,SC
7958,230582,181.015,25942,OC,2750,CS,OC
7959,272110,181.01,25943,MBCV,2710,EC,OC
7960,293302,181.01,25945,BC,2739,EE,OC
7961,322639,181.01,25946,OC,1128,EC,OC
7962,229523,181.01,25949,BC,1419,EE,BC
7963,269838,181.01,25950,BC,1120,EC,OC
7964,232679,181.01,25951,MBCDNC,2722,EC,MBCDNC
7965,359068,181.01,25952,MBCDNC,4960,EE,MBCDNC
7966,290871,181.01,25953,MBCV,1304,EC,MBCV
7967,227927,181.01,25954,BCM,1422,IT,BCM
7968,310114,181.01,25957,MBCV,2634,AG,OC
7969,207207,181.01,25958,BC,1211,ME,OC
7970,261618,181.01,25959,OC,1419,EI,OC
7971,373386,181.01,25960,BC,1123,AE,OC
7972,247062,181.01,25961,BC,2615,CE,BC
7973,273192,181.01,25962,BC,2608,EE,OC
7974,222247,181.01,25964,BC,2718,MZ,BC
7975,338792,181.01,25965,MBCDNC,2739,CS,MBCDNC
7976,301641,181.01,25969,SC,2,LE,SC
7977,268510,181.01,25970,BC,1324,EC,BC
7978,317009,181.01,25971,MBCDNC,3011,CS,MBCDNC
7979,263084,181.01,25972,BC,4678,EC,OC
7980,240252,181.01,25973,BC,3465,EC,BC
7981,293638,181.01,25974,MBCDNC,2752,IT,OC
7982,224417,181.01,25975,BC,3464,CS,BC
7983,264426,181.01,25976,BC,2764,EC,BC
7984,265247,181.01,25978,BC,4981,CS,OC
7985,348773,181.01,25979,SCA,2749,AG,OC
7986,301483,181,25980,MBCDNC,2718,ME,MBCDNC
7987,239162,181,25981,MBCV,2704,CS,OC
7988,292378,181,25982,OC,1026,EC,OC
7989,308757,181,25986,MBC,1324,EC,MBC
7990,203799,181,25988,BCM,3795,CS,BCM
7991,322831,181,25990,BC,2712,CE,BC
7992,361694,181,25992A,OC,1231,AD,OC
7993,278054,181,25995,SC,2718,CS,SC
7994,254097,181,25996,BC,1307,CS,OC
7995,336706,181,25997,BC,2710,IT,BC
7996,327499,181,25998,OC,1128,EC,OC
7997,290979,181,26002,OC,1311,AO,OC
7998,278355,181,26003,BC,4974,CE,BC
7999,343254,181,26005,BC,2718,MZ,BC
8000,317744,181,26007,SC,4974,EE,SC
8001,315774,181,26010,BC,4917,AG,OC
8002,280095,181,26014,BC,3819,AD,OC
8003,292689,181,26015,MBCV,1211,BT,MBCV
8004,204828,181,26016,BC,2622,CS,BC
8005,211695,181,26017,BC,1216,BM,BC
8006,340299,181,26018,MBCV,2711,CD,MBCV
8007,325644,181,26019,BC,2704,IT,BC
8008,305199,181,26023,BC,2719,BM,BC
8009,318254,181,26024,BC,4960,BT,BC
8010,239625,181,26025,SC,4960,CS,SC
8011,279073,181,26033,MBCV,2718,ME,MBCV
8012,231174,181,26034,BC,1304,EE,BC
8013,323998,181,26035,SC,2005,ME,SC
8014,282879,181,26036,BCM,5986,EC,BCM
8015,316818,181,26037,SC,2006,ES,SC
8016,340319,181,26038,MBCV,1309,AD,MBCV
8017,337287,181,26039,MBCV,3819,CS,MBCV
8018,299508,181,26040,SC,4,RP,SC
8019,329268,181,26044,OC,1122,CS,OC
8020,280214,181,26045,BC,2618,EC,OC
8021,289421,181,26046,SC,2712,EC,SC
8022,306240,181,26049,SC,5008,EY,SC
8023,277318,181,26054,BC,1128,EC,OC
8024,300567,181,26057,BC,1219,MR,OC
8025,215692,181,26059,MBCV,2718,EE,MBCV
8026,296249,181,26061,BC,4931,CS,OC
8027,201391,181,26062,BC,2710,IT,BC
8028,221709,181,26063,BC,1432,AD,BC
8029,287894,181,26064,SC,5008,ME,SC
8030,295057,181,26065,BC,2615,ME,BC
8031,227230,181,26066,BC,1128,AD,BC
8032,293010,181,26067,BC,1324,EC,BC
8033,293391,181,26069,BC,3011,EC,OC
8034,304718,181,26072,MBCV,1309,AD,MBCV
8035,212895,181,26073,OC,1219,AU,OC
8036,329458,181,26074,MBCDNC,1219,CH,MBCDNC
8037,229196,181,26075,BC,1419,EI,OC
8038,278480,181,26076,BCM,1211,EE,BCM
8039,295627,181,26077,OC,5910,IT,OC
8040,327729,181,26078,BCM,2712,CE,BCM
8041,247788,181,26080,OC,2727,EC,OC
8042,210908,181,26082,BC,1211,ME,OC
8043,314494,181,26083,MBCV,1422,CS,MBCV
8044,349408,181,26084,OC,1211,MZ,OC
8045,219167,181,26085,MBC,2706,AD,MBC
8046,205449,181,26090,BC,2711,EI,OC
8047,263919,181,26091,MBC,5901,ME,OC
8048,335238,181,26092,BC,1409,BT,OC
8049,256218,181,26093,BC,2739,EE,OC
8050,201828,181,26095,BC,2704,CS,OC
8051,309717,181,26105,MBCDNC,1304,EE,MBCDNC
8052,249169,181,26106,BC,2712,TX,OC
8053,369828,181,26109,OC,1149,EC,OC
8054,294214,181,26111,BC,1419,EE,BC
8055,200391,181,26112,BC,1122,BT,OC
8056,287710,181,26117,MBCV,2739,CS,MBCV
8057,332852,181,26118,MBCDNC,1216,AD,OC
8058,306024,181,26119,MBCDNC,2615,ME,MBCDNC
8059,228290,181,26125,MBCV,1324,CS,MBCV
8060,234280,181,26128,BCM,1211,FD,BCM
8061,281693,181,26129,MBCDNC,1304,IT,MBCDNC
8062,319636,181,26130,SC,5008,ME,SC
8063,286850,181,26132,BC,1432,EC,BC
8064,307524,181,26133,BC,1324,EC,BC
8065,316805,181,26134,MBCV,2618,CS,MBCV
8066,307157,181,26136,MBC,2025,ME,OC
8067,282775,181,26137,MBCV,5008,CN,MBCV
8068,338870,181,26138,MBCDNC,3464,EC,OC
8069,311288,181,26139,BC,1419,CJ,BC
8070,316578,181,26140,BC,2620,IT,OC
8071,223562,181,26141,BC,2603,EE,BC
8072,209811,181,26144,BC,2739,EE,OC
8073,279543,181,26145,MBC,1210,AD,MBC
8074,275392,181,26146,BC,1149,IT,BC
8075,294448,181,26147,ST,1,BY,ST
8076,280432,181,26148,MBC,1120,EC,OC
8077,286405,181,26153,MBCV,2005,CE,MBCV
8078,312283,181,26155,BC,1231,EC,OC
8079,266584,181,26159,BC,1419,EE,BC
8080,357760,181,26160,BC,1432,AD,BC
8081,308729,181,26161,OC,2711,MZ,OC
8082,329471,181,26164,OC,1304,EI,OC
8083,299423,181,26165,SC,2005,ME,SC
8084,312955,181,26171,SC,2007,ME,SC
8085,210752,181,26172,OC,1128,EC,OC
8086,228140,181,26173,MBCDNC,1419,EC,MBCDNC
8087,277969,181,26174,BC,5009,CS,BC
8088,218087,181,26175,OC,1127,CH,OC
8089,294023,180.995,26179,BC,2607,CS,OC
8090,320136,180.995,26179A,BC,2615,ME,BC
8091,311863,180.99,26180,MBCV,2722,IT,MBCV
8092,234952,180.99,26181,BC,2608,CS,BC
8093,308230,180.99,26183,BC,3841,CS,OC
8094,208430,180.99,26184,BCM,3819,EE,OC
8095,244437,180.99,26185,BC,2764,EC,BC
8096,266604,180.99,26186,BC,2702,AG,BC
8097,329695,180.99,26187,BC,2726,AO,BC
8098,330298,180.99,26188,BC,1231,CS,BC
8099,248073,180.99,26190,SCA,2712,AE,SC
8100,354391,180.99,26192,BC,2706,EC,BC
8101,301886,180.99,26193,BC,5910,CS,BC
8102,252435,180.985,26194,BC,4023,IT,OC
8103,228794,180.98,26197,BC,1118,BM,OC
8104,216304,180.98,26198,OC,1225,EC,OC
8105,304746,180.98,26200,SC,3011,BT,SC
8106,291299,180.98,26201,BC,2711,EI,OC
8107,230269,180.98,26202,BC,3011,PH,BC
8108,301623,180.98,26203,MBCV,1422,IT,MBCV
8109,215566,180.975,26210,BC,2750,CS,OC
8110,264147,180.975,26212,BC,5530,CS,OC
8111,319450,180.975,26214,BC,2725,IT,BC
8112,310611,180.975,26215,BC,2764,EC,BC
8113,245135,180.975,26217,MBCDNC,1211,AL,MBCDNC
8114,336610,180.97,26219,BC,2718,MZ,BC
8115,304627,180.97,26220,BC,5910,CS,BC
8116,200373,180.97,26221,BC,1113,ME,OC
8117,247555,180.97,26222,BC,4954,IT,OC
8118,273927,180.97,26223,BC,3011,EC,OC
8119,301574,180.97,26224,MBCDNC,2702,AL,MBCDNC
8120,207414,180.97,26225,BC,2719,EE,BC
8121,238632,180.965,26227,BC,1122,BT,OC
8122,281234,180.965,26228,BC,2707,BM,OC
8123,292087,180.965,26230,BC,3465,EE,OC
8124,339629,180.965,26231,BC,2615,ME,BC
8125,259538,180.965,26232,BC,2718,MZ,BC
8126,306661,180.965,26233,BC,2653,EC,OC
8127,287131,180.965,26235,MBCV,2718,EE,MBCV
8128,355264,180.965,26236,MBCDNC,2661,IT,OC
8129,289382,180.965,26237,BC,1216,IT,BC
8130,281248,180.965,26238,BC,2618,EC,OC
8131,257171,180.965,26239,SC,2007,CH,SC
8132,318607,180.965,26240,BC,2718,MZ,BC
8133,242055,180.96,26242,BCM,4020,EC,OC
8134,264187,180.96,26243,BC,2709,AU,OC
8135,247019,180.96,26244,BC,2764,EC,BC
8136,286593,180.96,26245,BC,2751,CS,OC
8137,346741,180.96,26246,BC,2615,ME,BC
8138,351903,180.955,26248,BC,5,IT,OC
8139,279213,180.955,26249,BC,3830,CS,BC
8140,327874,180.955,26250,MBCV,2711,CH,OC
8141,269958,180.955,26251,BCM,2702,IT,BCM
8142,278927,180.955,26252,BC,5,EE,OC
8143,284431,180.955,26254,BC,4678,EC,OC
8144,268259,180.955,26255,MBC,2708,BM,OC
8145,269853,180.955,26256,BC,5901,CE,BC
8146,209879,180.955,26257,BC,1118,CS,BC
8147,361615,180.955,26258,BC,5,CS,BC
8148,233414,180.955,26259,SC,5008,ME,SC
8149,252227,180.955,26260,BC,2653,CS,OC
8150,317470,180.955,26263,SC,2005,ME,SC
8151,324593,180.955,26264,MBCV,1211,BT,MBCV
8152,355979,180.955,26265,BC,2628,AD,OC
8153,307856,180.955,26266,MBCV,2615,CE,MBCV
8154,254346,180.955,26267,SC,2709,IT,SC
8155,290395,180.955,26268,BC,1432,EC,BC
8156,304981,180.955,26270,BC,2764,EC,BC
8157,244863,180.955,26271,BC,2622,BT,OC
8158,218819,180.95,26273,BC,1014,CS,OC
8159,265283,180.95,26274,BC,2715,CS,OC
8160,202962,180.945,26277,OC,2708,BM,OC
8161,255056,180.945,26280,OC,3701,CS,OC
8162,207886,180.945,26281,BC,1422,CY,BC
8163,286910,180.945,26282,BC,1210,EE,OC
8164,224393,180.945,26283,BC,2727,CS,BC
8165,238578,180.945,26284,MBCV,2709,EE,MBCV
8166,341165,180.945,26285,BC,2706,EC,BC
8167,272115,180.945,26287,BC,2722,EE,OC
8168,269717,180.945,26288,MBCV,5901,ME,OC
8169,213406,180.945,26289,MBCDNC,1210,IT,MBCDNC
8170,289224,180.935,26292,OC,1307,BM,OC
8171,235682,180.935,26293,BC,4960,EE,BC
8172,243213,180.935,26294,BC,1306,CS,BC
8173,287890,180.935,26295,MBCDNC,1516,EC,MBCDNC
8174,238458,180.935,26298,MBC,2706,EC,MBC
8175,287025,180.935,26301,OC,1211,ME,OC
8176,303486,180.935,26302,MBCDNC,2712,CE,MBCDNC
8177,280227,180.935,26303,BC,1317,EE,OC
8178,285342,180.935,26305,BC,3819,EC,OC
8179,247584,180.935,26306,MBCV,1149,CS,MBCV
8180,353172,180.93,26307,BCM,1424,EC,OC
8181,242225,180.93,26308,MBCV,2719,CS,MBCV
8182,364645,180.93,26309,BC,2718,MZ,BC
8183,211329,180.93,26310,BC,1210,EC,BC
8184,257773,180.93,26312,MBCV,1231,CS,MBCV
8185,212220,180.925,26313,SC,1450,IT,SC
8186,228577,180.925,26314,SCA,1399,EC,SCA
8187,246538,180.925,26315,BC,1128,AD,BC
8188,255357,180.925,26316,MBCV,1113,CD,MBCV
8189,275294,180.925,26317,BC,2611,IT,OC
8190,216232,180.925,26318,BC,1237,IT,OC
8191,206555,180.925,26319,MBCV,1211,BM,MBCV
8192,262923,180.925,26322,BCM,2718,ME,BCM
8193,360944,180.925,26324,BC,2347,EC,OC
8194,243903,180.925,26325,BC,1233,CS,OC
8195,226300,180.925,26328,BC,2719,BM,BC
8196,235030,180.92,26330,BC,4974,CE,BC
8197,219494,180.92,26331,BC,2708,AE,OC
8198,248263,180.92,26334,BC,1149,IT,BC
8199,252707,180.92,26335,MBCV,1026,EE,OC
8200,324161,180.92,26336,MBCV,1210,AD,MBCV
8201,293769,180.92,26338,BC,2707,CJ,OC
8202,287970,180.92,26339,BC,2711,EI,OC
8203,209299,180.92,26340,BC,1306,IT,OC
8204,355205,180.92,26341,BC,1210,EC,BC
8205,202661,180.92,26344,MBCV,2607,IT,OC
8206,339565,180.92,26345,BC,2719,EE,BC
8207,300946,180.92,26346,BCM,4023,CS,BCM
8208,272787,180.915,26349,BC,3011,EC,OC
8209,279010,180.915,26350,BC,1419,EE,BC
8210,206124,180.915,26351,BC,1422,EC,OC
8211,257862,180.915,26352,BC,4981,CS,OC
8212,237296,180.91,26353,BC,5986,EE,BC
8213,350122,180.91,26354,BCM,2342,CS,OC
8214,232721,180.91,26355,MBCDNC,3819,CS,MBCDNC
8215,261819,180.91,26357,BC,3011,PH,BC
8216,225466,180.91,26358,MBCV,1432,AD,MBCV
8217,210459,180.91,26359,SC,1399,AD,SC
8218,278559,180.91,26360,BC,2740,EC,OC
8219,204080,180.91,26361,BC,2369,CS,BC
8220,246363,180.905,26365,BC,3795,CS,BC
8221,230827,180.9,26368,BC,1309,EC,BC
8222,253617,180.9,26369,BC,2622,CS,BC
8223,241341,180.9,26370,MBCDNC,1211,CD,MBCDNC
8224,222964,180.9,26371,BC,1120,EC,OC
8225,363118,180.9,26372,MBCV,2747,EE,OC
8226,296992,180.9,26374,MBCDNC,2702,EC,MBCDNC
8227,208774,180.9,26375,BC,2722,EE,OC
8228,368317,180.9,26376,MBCDNC,2,TX,MBCDNC
8229,299096,180.9,26377,MBCV,5,IT,OC
8230,288380,180.9,26378,BC,2615,ME,BC
8231,247628,180.9,26379,MBCV,1422,IT,MBCV
8232,298866,180.9,26380,MBCV,3810,IT,OC
8233,333971,180.9,26381,BC,1422,EC,OC
8234,255063,180.9,26382,BC,5901,ME,OC
8235,331284,180.9,26387,BC,2357,IT,OC
8236,223516,180.9,26389,SC,1431,ME,OC
8237,354942,180.9,26390,MBCDNC,1432,CB,MBCDNC
8238,259279,180.9,26392,MBCV,3464,CS,MBCV
8239,212726,180.9,26394,BC,2719,EE,BC
8240,358423,180.9,26396,MBCDNC,5,CS,MBCDNC
8241,285459,180.9,26396A,MBC,1231,CS,MBC
8242,284768,180.89,26398,BC,2651,CS,OC
8243,243537,180.89,26399,SC,1219,EC,SC
8244,232952,180.89,26400,BC,1120,AD,BC
8245,257456,180.89,26401,OC,1317,EE,OC
8246,342385,180.89,26402,BC,2656,AD,BC
8247,205184,180.89,26404,BC,2710,IT,BC
8248,309791,180.89,26408,MBCV,1128,CS,MBCV
8249,287638,180.89,26409,MBCV,2610,IT,OC
8250,220067,180.89,26410,BC,2615,ME,BC
8251,203817,180.89,26411,BC,1306,CS,BC
8252,329778,180.89,26412,BC,2764,EC,BC
8253,348673,180.89,26413,BCM,5907,CS,OC
8254,264916,180.89,26414,BC,2729,AD,OC
8255,368632,180.89,26415,BC,2731,CS,OC
8256,223897,180.89,26419,BC,2734,AD,OC
8257,260723,180.885,26422,BC,5910,CS,BC
8258,344451,180.885,26423,BC,3465,EE,OC
8259,242000,180.88,26426,BC,1317,EE,OC
8260,236346,180.88,26427,MBCDNC,1432,CO,MBCDNC
8261,285672,180.88,26428,MBCV,2722,IT,MBCV
8262,371312,180.88,26429,SC,2006,MT,SC
8263,260948,180.88,26430,BCM,3011,CS,BCM
8264,289486,180.88,26432,MBC,1516,EC,MBC
8265,326980,180.88,26433,BC,2726,EC,OC
8266,332823,180.88,26434,SC,2,TX,SC
8267,292771,180.875,26436,BC,2764,EC,BC
8268,235761,180.875,26437,BC,1237,CS,OC
8269,238366,180.87,26438,MBCV,1233,CS,OC
8270,348943,180.87,26439,MBCV,4960,BT,MBCV
8271,322820,180.87,26439A,BC,2710,TS,OC
8272,222289,180.87,26440,BC,2712,AU,BC
8273,354305,180.87,26441,SC,2764,ME,OC
8274,326176,180.87,26442,BC,2726,CS,OC
8275,330536,180.87,26443,BC,2652,CS,OC
8276,238689,180.87,26445,MBCV,2712,MZ,MBCV
8277,257724,180.87,26446,SC,1211,CS,SC
8278,237035,180.87,26448,BC,1516,EC,BC
8279,223204,180.87,26449,BC,1304,EI,OC
8280,361197,180.87,26450,BC,3803,EC,OC
8281,247340,180.87,26451,BC,2729,AE,OC
8282,260722,180.87,26452,BC,4864,CS,OC
8283,352804,180.87,26454,MBCDNC,5910,BM,OC
8284,294047,180.87,26455,BC,2702,FD,BC
8285,304247,180.87,26456,BC,5910,CS,BC
8286,261991,180.87,26457,SC,1303,CS,OC
8287,355051,180.87,26458,BC,2603,EE,BC
8288,231895,180.87,26459,BC,2608,IT,OC
8289,301470,180.865,26461,MBCV,1216,AG,OC
8290,334403,180.865,26462,BC,1128,EC,OC
8291,371873,180.865,26466,BC,1118,CS,BC
8292,253363,180.865,26467,BC,5009,CS,BC
8293,232536,180.865,26469,MBCDNC,2702,CT,MBCDNC
8294,201992,180.865,26470,OC,4024,EC,OC
8295,218043,180.865,26471,MBC,3018,CE,OC
8296,237454,180.865,26472,BC,2622,ME,OC
8297,374177,180.865,26474,BC,3465,EC,BC
8298,340318,180.86,26475,BC,2708,EC,OC
8299,282749,180.855,26478,BC,1210,CO,BC
8300,367245,180.855,26479,BC,2630,EC,OC
8301,236209,180.855,26480,BC,4960,EE,BC
8302,314525,180.855,26481,BC,2343,HT,OC
8303,287013,180.855,26482,SC,2025,EC,SC
8304,265206,180.855,26483,BCM,1118,BM,OC
8305,225412,180.855,26485,MBC,2727,CS,MBC
8306,242090,180.855,26487,MBC,2608,IT,OC
8307,211551,180.855,26488,BC,1309,EC,BC
8308,201491,180.855,26492,BC,2722,EE,OC
8309,253483,180.855,26493,BC,2727,FD,OC
8310,225921,180.855,26495,BC,4023,CS,BC
8311,371550,180.855,26495A,MBCDNC,1013,IT,OC
8312,205488,180.855,26496,BC,2601,CS,OC
8313,353212,180.845,26499,BC,2723,CS,BC
8314,313499,180.845,26500,BC,1309,CE,OC
8315,294715,180.845,26502,BC,1422,EC,OC
8316,212580,180.845,26504,BC,2711,CH,OC
8317,230572,180.845,26505,MBCV,2711,IT,MBCV
8318,267581,180.845,26507,BC,2723,EC,OC
8319,230735,180.845,26508,BC,2718,CE,OC
8320,365634,180.845,26509,BC,2610,BT,OC
8321,317065,180.845,26511,BC,2711,EI,OC
8322,254561,180.845,26514,OC,4972,CS,OC
8323,292917,180.845,26515,BC,1516,EC,BC
8324,227561,180.845,26516,MBCV,1231,CS,MBCV
8325,368955,180.845,26517,BC,3464,EC,OC
8326,269470,180.835,26518,MBCDNC,2025,EE,MBCDNC
8327,343241,180.835,26519,BC,1516,EE,OC
8328,211682,180.835,26520,BC,1422,EC,OC
8329,207580,180.835,26521,BC,2706,EC,BC
8330,310203,180.835,26522,BC,2740,CS,OC
8331,297883,180.835,26523,BC,5009,CS,BC
8332,273886,180.835,26524,MBCV,5,CS,MBCV
8333,281024,180.835,26525,BC,3701,CS,OC
8334,332646,180.835,26530,BCM,5907,CH,OC
8335,261588,180.835,26531,BCM,2727,IT,OC
8336,252038,180.835,26532,BC,1432,CO,BC
8337,268316,180.835,26533,BC,1211,MZ,BC
8338,275261,180.835,26537,BC,5910,EC,OC
8339,339912,180.83,26538,BC,2718,ME,BC
8340,313035,180.83,26539,MBCV,2702,AD,MBCV
8341,270357,180.83,26540,BC,2726,CS,OC
8342,248617,180.825,26541,MBCDNC,4678,EE,OC
8343,261712,180.825,26542,BC,2710,IT,BC
8344,239860,180.825,26543,BC,4020,EC,OC
8345,255333,180.825,26544,BC,3011,EC,OC
8346,238671,180.825,26545,OC,1120,EC,OC
8347,225511,180.825,26546,OC,1120,EC,OC
8348,218254,180.825,26547,BC,2736,BM,OC
8349,257971,180.825,26548,MBCV,2734,AD,OC
8350,262681,180.825,26550,BC,2708,CS,OC
8351,265178,180.825,26551,MBCDNC,2711,IT,MBCDNC
8352,302212,180.825,26552,BC,2718,MZ,BC
8353,293626,180.825,26553,MBCDNC,2653,CS,OC
8354,253347,180.825,26554,BCM,2622,EE,OC
8355,336545,180.82,26558,BC,2764,EC,BC
8356,307290,180.82,26559,BC,1231,IT,OC
8357,337265,180.82,26562,BCM,1101,CS,OC
8358,313263,180.82,26564,MBC,1309,EC,MBC
8359,310806,180.82,26567,MBCV,1419,CJ,MBCV
8360,257290,180.82,26568,BC,2611,CS,OC
8361,363194,180.815,26569,MBCV,2708,EE,OC
8362,217141,180.815,26570,BC,2722,EE,BC
8363,287084,180.815,26571,MBC,4678,CS,MBC
8364,264456,180.815,26573,SC,2712,BT,SC
8365,256822,180.815,26574,BC,5009,CS,BC
8366,204288,180.815,26575,BC,2708,AL,OC
8367,325159,180.815,26577,BC,2718,CE,OC
8368,216097,180.815,26579,BC,2601,BM,OC
8369,300973,180.815,26580,MBCV,1113,CD,MBCV
8370,306967,180.815,26581,MBCV,2710,CS,MBCV
8371,207415,180.815,26583,SC,2741,CS,OC
8372,237893,180.815,26585,BC,2702,EI,BC
8373,373850,180.815,26586,BC,2609,AG,OC
8374,272362,180.81,26588,MBCV,2618,CS,MBCV
8375,200509,180.81,26590,BC,1311,AD,OC
8376,265442,180.81,26591,SCA,2607,CS,OC
8377,234031,180.81,26592,MBCDNC,2711,IT,MBCDNC
8378,225073,180.81,26593,SC,3011,EC,OC
8379,229057,180.81,26594,MBC,1210,EC,MBC
8380,314956,180.81,26595,BC,2618,AD,BC
8381,287916,180.81,26597,BC,1211,FD,BC
8382,367967,180.81,26601,BC,2369,EC,OC
8383,225859,180.8,26603,SC,2712,EC,SC
8384,303904,180.8,26604,BC,1432,CO,BC
8385,282188,180.8,26605,BC,1231,IT,OC
8386,258095,180.8,26607,BC,5904,CS,OC
8387,305422,180.795,26609,BC,2764,EC,BC
8388,262424,180.795,26610,OC,1128,EC,OC
8389,272951,180.79,26611,MBC,2764,CS,MBC
8390,249316,180.79,26612,BC,2764,EC,BC
8391,245711,180.79,26614,BC,2719,EE,BC
8392,281499,180.79,26615,BCM,2702,EC,BCM
8393,257654,180.79,26617,MBCV,1516,EC,MBCV
8394,293538,180.79,26619,BC,2723,BM,OC
8395,345880,180.79,26620,MBCV,2656,CS,OC
8396,357887,180.79,26621,BC,1516,EC,BC
8397,269397,180.79,26622,BC,1210,CO,BC
8398,290982,180.79,26623,MBCV,2657,BT,OC
8399,267189,180.78,26624,MBCDNC,2723,BM,OC
8400,208623,180.78,26625,BC,1014,IT,OC
8401,284268,180.78,26627,BC,4864,EC,OC
8402,203765,180.78,26628,MBCDNC,2719,AD,MBCDNC
8403,231273,180.78,26630,BC,5910,CS,BC
8404,366119,180.78,26632,MBCV,1026,EC,OC
8405,270980,180.78,26635,BC,2764,EC,BC
8406,242670,180.78,26635A,BC,2608,EC,OC
8407,274514,180.78,26636,BC,4945,CS,OC
8408,241582,180.78,26637,MBCV,2704,IT,MBCV
8409,258271,180.78,26638,MBCDNC,4962,EE,OC
8410,314429,180.78,26639,BC,5901,ME,OC
8411,201113,180.78,26640,SC,2,TX,SC
8412,252756,180.78,26642,SC,2007,CH,SC
8413,257696,180.78,26644,BC,2726,IT,OC
8414,320727,180.78,26645,BC,2706,EC,BC
8415,369162,180.78,26646,BC,5,CS,BC
8416,223788,180.78,26649,MBC,1216,CS,MBC
8417,305529,180.78,26650,SC,1210,IT,SC
8418,325084,180.78,26651,BC,2343,HT,OC
8419,340089,180.78,26652,BC,2706,EC,BC
8420,318033,180.78,26653,BC,2735,EC,OC
8421,328149,180.78,26654,MBCDNC,2712,TX,OC
8422,281515,180.78,26657,BC,2713,CS,OC
8423,317714,180.775,26658,BC,1231,EC,OC
8424,301411,180.775,26659,MBCV,2710,ME,OC
8425,299017,180.775,26660,MBCV,1210,EC,MBCV
8426,296342,180.775,26661,SC,1399,IT,SC
8427,311864,180.77,26662,SC,5010,CS,SC
8428,269203,180.77,26664,BC,1231,IT,OC
8429,240909,180.77,26665,BC,5904,CS,OC
8430,206507,180.77,26666,BC,1231,AD,OC
8431,249549,180.77,26667,BC,2710,AD,BC
8432,272204,180.77,26668,BC,1504,IT,OC
8433,266505,180.77,26669,BC,3819,CS,BC
8434,214275,180.77,26670,MBCV,2712,ME,MBCV
8435,248723,180.77,26670A,BC,2736,CS,OC
8436,255964,180.765,26672,BC,1419,ME,OC
8437,243266,180.765,26674,MBCV,2727,AL,OC
8438,205380,180.76,26676,BC,2729,CS,OC
8439,346770,180.76,26677,BC,3466,EC,OC
8440,315021,180.76,26678,BC,3464,EC,OC
8441,306551,180.76,26679,BC,1013,CS,BC
8442,247683,180.76,26680,BC,2622,IT,OC
8443,258013,180.76,26681,OC,5910,IT,OC
8444,322672,180.76,26683,BC,1231,AD,OC
8445,254063,180.76,26684,OC,2608,AD,OC
8446,252474,180.76,26685,BC,2750,AD,OC
8447,284949,180.76,26686,BC,2723,EC,OC
8448,270244,180.76,26687,BC,3819,AD,OC
8449,295346,180.76,26688,BCM,2709,IT,BCM
8450,223774,180.76,26689,MBC,4020,EC,OC
8451,307291,180.76,26690,BC,2653,CS,OC
8452,235694,180.76,26692,BC,2653,AD,OC
8453,204562,180.755,26694,BC,1231,IT,OC
8454,274613,180.755,26695,BC,3795,CS,BC
8455,299182,180.755,26696,BCM,1311,CS,OC
8456,245691,180.755,26698,BC,1432,AD,BC
8457,315675,180.755,26699,BC,2723,EE,OC
8458,268886,180.755,26700,BC,1516,EE,OC
8459,306985,180.755,26701,BC,2715,CS,OC
8460,277448,180.755,26702,MBCV,1013,IT,OC
8461,295616,180.755,26703,SC,1118,BM,SC
8462,226178,180.755,26704,MBC,2710,SC,OC
8463,220696,180.755,26705,MBC,2615,CE,MBC
8464,233794,180.755,26706,BC,1419,EI,OC
8465,208375,180.755,26707,BC,2706,EC,BC
8466,350967,180.755,26708,OC,1237,EC,OC
8467,344915,180.755,26710,BC,2735,IT,OC
8468,366769,180.755,26711,MBCDNC,3011,CE,OC
8469,282148,180.755,26713,OC,1311,CS,OC
8470,294346,180.755,26714,BC,1317,CH,OC
8471,289297,180.755,26715,MBCDNC,2722,EC,MBCDNC
8472,202328,180.75,26719,MBC,2710,IT,MBC
8473,220593,180.75,26722,BC,4974,CE,BC
8474,303093,180.75,26723,BC,2722,EE,BC
8475,255855,180.75,26724,BC,2710,IT,BC
8476,207952,180.75,26725,SC,2006,IY,SC
8477,327777,180.745,26726,MBCV,1118,CB,OC
8478,288665,180.745,26727,BC,2625,IT,OC
8479,266973,180.745,26728,SC,2615,EE,SC
8480,215927,180.745,26730,BC,2702,AE,BC
8481,336707,180.745,26731,MBCV,1216,EE,OC
8482,345671,180.745,26732,SC,1118,CS,SC
8483,299058,180.745,26733,MBCV,1419,CJ,MBCV
8484,245626,180.745,26734,SC,4972,CS,OC
8485,310938,180.745,26735,BC,3801,CS,OC
8486,210558,180.745,26737,BC,5,IT,OC
8487,214983,180.745,26738,MBCDNC,2711,AD,MBCDNC
8488,276551,180.745,26739,BC,2615,ME,BC
8489,283735,180.745,26740,BC,4864,EE,OC
8490,307641,180.745,26741,BC,1306,IT,OC
8491,205895,180.735,26743,BC,1306,IT,OC
8492,242505,180.735,26744,BC,5009,CS,BC
8493,324601,180.735,26746,BC,2610,EC,OC
8494,341901,180.735,26747,BC,1311,CS,OC
8495,216167,180.735,26748,BC,2727,AL,OC
8496,268147,180.735,26749,BC,2710,AD,BC
8497,359353,180.735,26751,BC,2704,CS,BC
8498,268816,180.735,26752,BC,2608,EC,OC
8499,311857,180.735,26753,BC,1432,AD,BC
8500,263905,180.73,26754,MBC,1210,EC,MBC
8501,223925,180.725,26755,MBC,1422,CY,MBC
8502,271832,180.725,26756,BC,4974,CE,BC
8503,261342,180.725,26757,MBCV,2615,MT,MBCV
8504,345149,180.725,26758,BC,4959,CS,OC
8505,313895,180.725,26759,SC,1322,AG,OC
8506,262920,180.725,26761,OC,1216,EC,OC
8507,232402,180.725,26762,MBCV,2704,CS,MBCV
8508,275226,180.725,26763,MBCV,2369,EC,MBCV
8509,276998,180.725,26764,BC,4960,EE,BC
8510,290711,180.725,26765,BC,4974,CE,BC
8511,323364,180.725,26767,BC,1422,EC,OC
8512,208007,180.725,26769,OC,4962,EE,OC
8513,210989,180.725,26770,BC,2704,CE,OC
8514,271416,180.725,26772,SC,1,XM,SC
8515,266928,180.725,26773,BC,5910,CS,BC
8516,316379,180.725,26774,SCA,5901,CS,SCA
8517,288452,180.725,26775,BC,1419,EI,OC
8518,264921,180.725,26778,MBCV,2618,AD,MBCV
8519,362230,180.725,26780,MBCDNC,1605,EC,OC
8520,235015,180.725,26781,MBCV,2709,ME,OC
8521,226498,180.725,26782,BC,2726,CS,OC
8522,280275,180.725,26783,MBCDNC,2749,AG,OC
8523,322331,180.725,26785,MBCV,2620,CS,OC
8524,372711,180.725,26786,SC,1399,CS,SC
8525,226890,180.72,26788,MBC,1231,IT,OC
8526,216174,180.72,26789,OC,2329,CS,OC
8527,349124,180.72,26791,BC,2025,ME,OC
8528,249688,180.715,26792,BC,4670,AG,OC
8529,209473,180.715,26793,MBCV,1120,CS,MBCV
8530,249388,180.715,26794,BC,2608,IT,OC
8531,254209,180.715,26795,SC,5008,EY,SC
8532,266521,180.715,26796,MBC,2727,CS,MBC
8533,234490,180.715,26797,BC,2727,FD,OC
8534,259064,180.715,26799,SC,3464,CS,SC
8535,212891,180.715,26800,BC,2702,BM,BC
8536,201114,180.715,26802,MBC,1219,CH,MBC
8537,340152,180.715,26803,MBCV,2007,CN,MBCV
8538,291449,180.715,26804,BC,4960,EE,BC
8539,364618,180.71,26806,SC,3011,IT,SC
8540,230821,180.71,26810,SC,3465,CS,SC
8541,310799,180.71,26811,SC,2007,ME,SC
8542,291718,180.71,26813,MBCV,1210,CB,MBCV
8543,306882,180.705,26814,BC,2727,CS,BC
8544,270168,180.705,26815,MBCV,3806,CS,OC
8545,321095,180.705,26817,BC,1311,EC,OC
8546,306898,180.705,26818,BC,2710,IT,BC
8547,217923,180.705,26821,BC,2710,SC,OC
8548,213333,180.705,26822,SC,2006,CN,SC
8549,312764,180.705,26823,BC,2718,CE,OC
8550,229107,180.705,26824,BC,2719,EE,BC
8551,221331,180.7,26825,MBC,2750,BT,OC
8552,222659,180.7,26826,BC,2727,CS,BC
8553,302651,180.7,26827,BC,4944,EC,OC
8554,347134,180.7,26828,SC,2025,EC,SC
8555,335529,180.7,26830,BC,5010,EC,BC
8556,218632,180.7,26831,BC,1128,EC,OC
8557,214690,180.7,26832,SC,4974,CS,SC
8558,207526,180.7,26833,BC,2722,EE,BC
8559,201631,180.695,26835,MBCV,3011,PH,MBCV
8560,306935,180.695,26836,SC,1316,IT,OC
8561,361154,180.695,26837,BC,2706,EC,BC
8562,264354,180.695,26838,BC,2736,CS,OC
8563,229917,180.695,26839,OC,3819,IT,OC
8564,257544,180.69,26841,MBCV,1216,AL,OC
8565,204841,180.69,26843,BC,3830,CS,BC
8566,242351,180.69,26844,SC,1516,EC,SC
8567,247775,180.69,26846,OC,2708,CH,OC
8568,284712,180.69,26847,BC,2710,TS,OC
8569,227713,180.69,26848,BC,2343,HT,OC
8570,223706,180.69,26850,BC,5009,CS,BC
8571,303844,180.685,26852,BC,1140,CS,OC
8572,353070,180.685,26853,BC,1231,CS,BC
8573,312927,180.685,26855,MBCDNC,1219,ME,MBCDNC
8574,241785,180.68,26857,BC,1120,AD,BC
8575,256653,180.68,26858,BCM,1419,EC,BCM
8576,243624,180.68,26859,BC,1231,EC,OC
8577,262159,180.68,26860,BC,4917,AD,OC
8578,354941,180.67,26863,MBCV,2610,CS,OC
8579,357035,180.67,26865,MBCV,1231,IT,OC
8580,216677,180.67,26867,BC,3805,IT,OC
8581,373973,180.67,26868,BC,1210,ME,OC
8582,258477,180.67,26869,BC,2718,ME,BC
8583,336011,180.67,26872,BCM,5901,ME,BCM
8584,297367,180.67,26873,BC,1306,CS,BC
8585,221448,180.67,26875,BC,1432,EC,BC
8586,338292,180.67,26876,BC,2723,EC,OC
8587,328900,180.67,26877,BC,1311,CS,BC
8588,301642,180.67,26879,BC,2741,CS,OC
8589,206561,180.67,26880,BC,1149,AD,BC
8590,248979,180.67,26881,BC,2719,EE,BC
8591,333097,180.67,26882,BC,1422,EC,OC
8592,352910,180.67,26883,SC,2734,EC,OC
8593,301906,180.67,26884,MBCDNC,2722,EC,MBCDNC
8594,296317,180.67,26885,MBC,2725,EC,OC
8595,332503,180.67,26886,BC,2634,IT,OC
8596,240833,180.67,26887,OC,4678,EC,OC
8597,318875,180.67,26889,BC,1128,AD,BC
8598,322686,180.67,26892,BC,3011,EC,BC
8599,246578,180.67,26895,BC,1211,MZ,BC
8600,325574,180.67,26896,MBCV,1450,EE,MBCV
8601,247947,180.67,26897,BC,1210,EC,BC
8602,251330,180.67,26899,MBCV,3011,BT,MBCV
8603,287946,180.67,26900,BC,2718,CE,OC
8604,353708,180.67,26901,BC,2734,CS,OC
8605,273070,180.67,26903,MBCV,1516,EC,MBCV
8606,267754,180.67,26904,MBCDNC,2712,AE,MBCDNC
8607,243460,180.66667,26905,BC,1306,AD,OC
8608,324733,180.665,26906,SC,1409,BT,OC
8609,250188,180.665,26907,BC,2764,EC,BC
8610,211791,180.665,26908,BC,2727,CS,BC
8611,248080,180.665,26909,BC,2618,EC,OC
8612,361647,180.665,26910,MBCDNC,2302,AG,OC
8613,242333,180.665,26911,MBCV,1324,IT,MBCV
8614,265609,180.665,26912,BC,2607,MZ,OC
8615,212804,180.66,26913,BC,2723,CS,BC
8616,285645,180.66,26916,BC,2718,MZ,BC
8617,354802,180.66,26919,BC,2704,EC,OC
8618,272563,180.66,26920,OC,2710,EC,OC
8619,263351,180.66,26921,BC,3011,EC,BC
8620,323102,180.65,26922,SCA,2712,EC,SCA
8621,231510,180.65,26923,BC,1231,CS,BC
8622,210395,180.65,26924,OC,1114,CS,OC
8623,251706,180.65,26925,BC,2634,IT,OC
8624,294087,180.65,26926,MBCV,1317,AL,MBCV
8625,232873,180.65,26931,BCM,2711,EC,BCM
8626,351741,180.65,26932,MBCV,1501,EC,OC
8627,259042,180.65,26933,BC,1432,EC,BC
8628,276805,180.65,26934,BC,4971,CS,BC
8629,363061,180.65,26935,BC,2624,AD,OC
8630,203238,180.645,26938,BCM,1306,BT,OC
8631,250916,180.645,26940,BC,2764,EC,BC
8632,358693,180.645,26941,BC,2764,EC,BC
8633,261861,180.645,26942,BC,2712,FT,BC
8634,331164,180.645,26944,BCM,4944,CS,OC
8635,338777,180.645,26945,BC,2702,BM,BC
8636,274781,180.645,26946,BC,2707,IT,OC
8637,289378,180.645,26947,BC,2704,IT,BC
8638,289143,180.645,26948,MBCDNC,2,LE,MBCDNC
8639,232751,180.645,26949,BC,1211,FD,BC
8640,258136,180.645,26950,BC,1216,IT,BC
8641,281674,180.64,26951,OC,1231,IT,OC
8642,258063,180.64,26952,BC,1516,EC,BC
8643,336520,180.64,26953,BC,2615,ME,BC
8644,288503,180.64,26954,OC,3905,EC,OC
8645,281616,180.64,26956,BC,1516,CE,OC
8646,235848,180.64,26957,BC,2727,CS,BC
8647,243169,180.64,26958,BC,1237,IT,OC
8648,214569,180.635,26959,BC,4962,EC,BC
8649,239573,180.635,26961,BC,2622,EC,OC
8650,242656,180.635,26963,SC,2005,ME,SC
8651,248670,180.635,26966,BC,4962,EC,BC
8652,345981,180.635,26968,MBCDNC,3819,EC,OC
8653,259070,180.635,26969,MBCV,3011,EC,MBCV
8654,278810,180.635,26970,MBCDNC,4960,EE,MBCDNC
8655,200208,180.635,26971,BC,1324,EC,BC
8656,247227,180.635,26972,BC,2651,CS,OC
8657,200475,180.635,26975,BCM,4020,EC,OC
8658,336675,180.635,26977,SCA,5008,CM,SCA
8659,241646,180.635,26981,SC,5986,CS,SC
8660,207368,180.635,26982,MBCDNC,2618,CS,MBCDNC
8661,305475,180.635,26983,BC,4962,EC,BC
8662,212374,180.635,26984,BC,1419,EE,BC
8663,350166,180.635,26986,BC,5910,CS,BC
8664,249994,180.635,26987,BC,2727,CS,BC
8665,215590,180.635,26988,SC,1219,BT,SC
8666,246086,180.635,26989,SC,2712,EC,SC
8667,210637,180.635,26990,BC,1422,EC,OC
8668,206812,180.625,26991,BC,5,IT,OC
8669,246439,180.625,26992,BC,2706,EC,BC
8670,244095,180.625,26996,MBC,4917,CS,OC
8671,338713,180.62,26998,OC,1237,CS,OC
8672,333697,180.615,26999,BC,2653,EC,OC
8673,341615,180.615,27000,BC,1114,CS,OC
8674,327406,180.615,27001,SC,2718,CS,SC
8675,228222,180.615,27003,OC,1316,AD,OC
8676,238685,180.615,27004,BC,2706,EC,BC
8677,206969,180.615,27005,BC,2719,ME,OC
8678,372962,180.615,27006,MBCV,2341,CS,OC
8679,338107,180.615,27008,BC,2369,CS,BC
8680,337463,180.615,27010,SC,3826,EC,OC
8681,321624,180.615,27011,MBC,2764,EC,MBC
8682,340503,180.615,27013,BC,2615,CE,BC
8683,234369,180.615,27014,OC,3464,EC,OC
8684,298183,180.615,27015,BC,2618,AD,BC
8685,211783,180.615,27017,BC,4965,CS,OC
8686,258658,180.615,27019,BCM,5910,CB,BCM
8687,280781,180.615,27021,BCM,3011,IT,BCM
8688,324340,180.615,27022,BC,4023,CS,BC
8689,267696,180.615,27023,MBCV,1210,IT,MBCV
8690,259681,180.615,27024,BC,2739,EE,OC
8691,253550,180.615,27026,BC,1231,AD,OC
8692,308892,180.615,27027,BC,2704,CS,BC
8693,364842,180.615,27028,MBCDNC,1304,BM,MBCDNC
8694,338905,180.615,27029,OC,1216,EC,OC
8695,296297,180.61,27030,BC,2718,ME,BC
8696,231289,180.605,27032,SC,1211,CS,SC
8697,267106,180.605,27034,BC,2653,ME,OC
8698,207388,180.605,27035,BC,5009,CS,BC
8699,228237,180.605,27036,SC,1419,CS,SC
8700,209607,180.605,27037,BC,4959,IT,OC
8701,245463,180.605,27038,BCM,1324,CS,BCM
8702,257067,180.605,27039,MBCV,1210,EC,MBCV
8703,273446,180.605,27040,BC,2764,EC,BC
8704,357316,180.605,27042,BC,2704,IT,BC
8705,248694,180.605,27043,MBC,2357,CE,OC
8706,347183,180.605,27044,MBCDNC,5904,CS,OC
8707,211992,180.605,27046,BC,2706,EC,BC
8708,231778,180.605,27048,BC,1149,EC,OC
8709,254813,180.6,27049,BC,5910,AD,OC
8710,270339,180.6,27050,BC,2718,ME,BC
8711,225751,180.6,27051,SC,2005,ME,SC
8712,280366,180.6,27052,MBCV,3806,CS,OC
8713,284304,180.595,27053,BC,1231,CS,BC
8714,298173,180.595,27054,BC,3905,EC,OC
8715,206496,180.595,27055,BC,2710,AD,BC
8716,277525,180.595,27057,BC,2719,BM,BC
8717,304273,180.595,27058,BC,1422,EC,OC
8718,229648,180.595,27059,MBC,2702,EI,MBC
8719,307479,180.59,27061,BC,2736,CS,OC
8720,358559,180.59,27062,BC,3464,EC,OC
8721,307054,180.59,27064,BC,1231,IT,OC
8722,246426,180.585,27065,BC,1432,EC,BC
8723,266508,180.585,27066,MBCDNC,4020,ME,OC
8724,243194,180.585,27068,BCM,1422,AD,BCM
8725,328851,180.585,27069,BC,2712,TX,OC
8726,230637,180.585,27073,BC,1419,ME,OC
8727,307590,180.585,27074,BC,1120,EC,OC
8728,345054,180.585,27075,BC,2025,ME,OC
8729,306740,180.58,27076,BC,1419,EI,OC
8730,278162,180.58,27077,OC,5910,IT,OC
8731,226864,180.58,27078,BC,2711,FD,BC
8732,250416,180.58,27081,MBC,2710,IT,MBC
8733,278958,180.58,27082,MBCDNC,4959,CS,OC
8734,229243,180.58,27083,BC,2369,CS,BC
8735,240205,180.58,27084,MBCV,2711,AD,MBCV
8736,337795,180.58,27085,BC,2656,CS,OC
8737,361584,180.58,27086,BC,2706,EC,BC
8738,243082,180.58,27089,SC,5008,ME,SC
8739,265895,180.58,27090,MBCDNC,2739,CS,MBCDNC
8740,224532,180.58,27091,BC,1231,IT,OC
8741,333224,180.58,27092,BC,2710,EC,OC
8742,213544,180.58,27093,BC,2702,AG,BC
8743,249709,180.58,27094,MBCDNC,2702,BM,MBCDNC
8744,221721,180.58,27095,MBCV,1231,IT,OC
8745,211098,180.58,27096,SC,2712,EE,SC
8746,258237,180.58,27097,MBCV,1324,IT,MBCV
8747,342062,180.58,27098,BC,3011,CE,OC
8748,342437,180.58,27099,BC,3011,BT,BC
8749,368321,180.58,27100,SC,2005,ME,SC
8750,362404,180.58,27101,BC,2736,IT,OC
8751,337303,180.58,27102,BC,1424,AD,OC
8752,320516,180.58,27103,BC,5530,EC,OC
8753,263513,180.575,27105,BC,2722,EE,BC
8754,205101,180.575,27106,MBCDNC,4917,CS,OC
8755,301829,180.575,27107,SC,2005,CE,SC
8756,247704,180.575,27108,SC,5010,EC,SC
8757,275140,180.575,27109,BC,3464,EC,OC
8758,327992,180.57,27110,BC,1210,EE,OC
8759,253776,180.57,27111,MBCDNC,2711,EC,MBCDNC
8760,281609,180.57,27112,BC,1237,CS,OC
8761,266401,180.57,27113,BC,2727,CS,BC
8762,294822,180.57,27114,BC,1422,EC,OC
8763,251184,180.57,27115,BC,1216,AD,OC
8764,206520,180.57,27117,BCM,4962,IT,BCM
8765,268518,180.57,27118,BC,2608,EC,OC
8766,283051,180.57,27120,BC,3803,CS,BC
8767,288515,180.57,27121,BC,1306,IT,OC
8768,337081,180.57,27124,BC,2702,AE,BC
8769,353178,180.57,27126,OC,2722,IC,OC
8770,207019,180.57,27129,BC,1324,EC,BC
8771,226119,180.57,27130,BC,4023,CS,BC
8772,317452,180.57,27131,MBC,1516,EC,MBC
8773,321632,180.56,27133,OC,1110,BT,OC
8774,290718,180.56,27134,OC,1210,EE,OC
8775,292007,180.56,27135,BC,2615,CE,BC
8776,268792,180.56,27136,BC,2764,EC,BC
8777,303133,180.56,27137,MBCDNC,2702,EC,MBCDNC
8778,202219,180.56,27138,BC,5910,CS,BC
8779,200079,180.56,27139,BC,2764,EE,OC
8780,268572,180.56,27140,BC,4955,CS,OC
8781,310554,180.56,27141,MBCV,2620,BM,OC
8782,211101,180.56,27142,MBCDNC,2721,EC,OC
8783,212974,180.56,27143,BC,2722,EE,BC
8784,245333,180.55,27146,BC,2651,CS,OC
8785,352871,180.55,27147,MBCV,2620,EC,OC
8786,258681,180.55,27149,BC,2726,CS,OC
8787,207572,180.55,27150,BC,2719,EI,OC
8788,242312,180.55,27151,MBCDNC,2712,CE,MBCDNC
8789,290478,180.55,27153,BC,5910,CS,BC
8790,223003,180.55,27154,MBCV,1231,IT,OC
8791,215224,180.55,27155,BC,4020,EC,OC
8792,286370,180.55,27157,BC,3830,EE,OC
8793,225194,180.55,27158,BC,4678,CS,BC
8794,315993,180.55,27160,SC,1321,MN,SC
8795,201549,180.545,27163,BC,1324,EC,BC
8796,280493,180.545,27164,OC,2725,CS,OC
8797,243909,180.545,27166,BCM,4954,CS,OC
8798,316959,180.54,27168,BC,5010,EC,BC
8799,230765,180.54,27169,BC,1210,EE,OC
8800,299353,180.54,27171,BC,1306,CS,BC
8801,208004,180.54,27172,BC,2712,AU,BC
8802,209446,180.54,27173,MBCDNC,2764,CS,MBCDNC
8803,267314,180.54,27175,BC,2723,CS,BC
8804,210907,180.54,27176,BC,2369,CS,BC
8805,261158,180.54,27178,BC,1216,AD,OC
8806,353647,180.54,27179,BC,2349,AD,OC
8807,268211,180.54,27180,BC,1432,CO,BC
8808,272995,180.54,27181,BC,4670,EC,OC
8809,312707,180.54,27183,BC,4959,CS,OC
8810,272730,180.54,27185,BC,4960,EE,BC
8811,208961,180.54,27186,BCM,5910,IT,OC
8812,208234,180.535,27187,BC,1128,EC,OC
8813,249822,180.535,27190,MBC,5010,EC,MBC
8814,359490,180.535,27191,MBCDNC,3908,CS,OC
8815,250751,180.535,27192,BC,2608,IT,OC
8816,255801,180.535,27193,MBCDNC,4974,CE,MBCDNC
8817,221493,180.535,27194,BC,2622,ME,OC
8818,219724,180.535,27196,BC,2618,AD,BC
8819,338353,180.535,27197,BC,1013,EC,OC
8820,251997,180.535,27199,BC,3819,IT,OC
8821,287276,180.535,27200,BC,5865,CS,OC
8822,268574,180.535,27201,OC,2735,EC,OC
8823,280220,180.53,27202,SC,2659,EC,OC
8824,310067,180.53,27203,BC,3011,EC,BC
8825,275825,180.53,27205,BC,2608,AD,OC
8826,224627,180.53,27206,MBCDNC,1324,IT,MBCDNC
8827,341796,180.53,27207,BC,5,EC,OC
8828,276262,180.53,27208,MBCDNC,2711,AD,MBCDNC
8829,244956,180.53,27209,SC,2005,IB,SC
8830,262922,180.525,27210,BC,1309,EC,BC
8831,256577,180.525,27212,MBC,2719,CE,OC
8832,260689,180.525,27214,MBCV,2739,CS,MBCV
8833,322969,180.525,27216,BC,2615,ME,BC
8834,220801,180.525,27218,BC,2736,CS,OC
8835,285728,180.525,27219,MBCDNC,4020,CS,MBCDNC
8836,359968,180.525,27220,BC,2762,EC,OC
8837,321560,180.525,27222,MBCDNC,2607,CS,OC
8838,369395,180.525,27223,MBCV,5010,CS,MBCV
8839,281494,180.525,27224,BC,2369,EC,BC
8840,255873,180.525,27225,BC,2710,EC,OC
8841,248941,180.525,27228,BC,2615,CE,BC
8842,258500,180.52,27229,BC,2618,EC,OC
8843,275273,180.515,27233,SC,2005,CE,SC
8844,274867,180.515,27234,BC,2710,EC,OC
8845,218249,180.515,27235,MBC,1118,CS,MBC
8846,257395,180.515,27236,SC,2603,CS,SC
8847,222730,180.515,27237,BC,3819,IT,OC
8848,302403,180.515,27238,MBCV,1309,IT,MBCV
8849,278831,180.515,27239,BC,2622,CS,BC
8850,312483,180.515,27240,SC,1211,IT,SC
8851,278111,180.515,27241,MBCV,2369,EC,MBCV
8852,302229,180.515,27242,BC,2739,EE,OC
8853,304329,180.51,27243,BC,5901,ME,BC
8854,246821,180.51,27244,BC,1231,CS,BC
8855,319037,180.51,27245,BC,5901,ME,BC
8856,225145,180.505,27246,MBCDNC,1210,EC,MBCDNC
8857,244926,180.505,27248,BC,3819,IT,OC
8858,288088,180.505,27249,SC,2712,EC,SC
8859,217402,180.505,27250,BC,1210,EC,BC
8860,257713,180.505,27252,BC,1128,EC,OC
8861,274967,180.505,27253,BC,1219,AU,OC
8862,265204,180.505,27255,BC,2710,AD,BC
8863,254991,180.505,27256,SC,1211,CB,SC
8864,366153,180.505,27257,BC,3826,CS,BC
8865,279701,180.505,27258,BC,1237,CS,OC
8866,339755,180.505,27259,MBCV,2615,ME,MBCV
8867,306907,180.505,27260,BC,4917,CS,OC
8868,256898,180.505,27262,MBCDNC,5901,ME,MBCDNC
8869,267214,180.505,27264,OC,2741,CS,OC
8870,334762,180.505,27266,MBCV,5901,EE,MBCV
8871,327082,185.5,27266A,MBCV,1216,CS,MBCV
8872,339994,180.5,27267,MBCDNC,1113,EE,MBCDNC
8873,306657,180.5,27268,BCM,4962,EC,BCM
8874,210082,180.5,27271,BC,2025,ME,OC
8875,286374,180.5,27272,SC,4974,EC,SC
8876,281409,180.5,27275,OC,1450,ME,OC
8877,293565,180.5,27276,BC,2764,EC,BC
8878,370530,180.5,27279,MBC,3011,PH,MBC
8879,240557,180.5,27281,BC,2718,MZ,BC
8880,346342,180.5,27284,BC,1210,EC,BC
8881,331634,180.5,27285,BC,4917,CS,OC
8882,254881,180.5,27289,BC,1118,IT,OC
8883,300642,180.5,27291,BCM,1149,IT,BCM
8884,340097,180.5,27293,BC,4959,BT,OC
8885,312226,180.5,27297,BC,2762,AD,OC
8886,322951,180.5,27307,SC,1321,MN,SC
8887,306019,180.5,27308,MBCV,2702,EC,MBCV
8888,346183,180.5,27309,MBCV,2369,EC,MBCV
8889,226978,180.5,27310,BC,2712,TX,OC
8890,316981,180.5,27314,BC,2712,TX,BC
8891,281733,180.5,27315,BC,1509,CS,OC
8892,315169,180.5,27318,MBCV,1112,EC,MBCV
8893,207916,180.5,27319,BC,1304,EI,OC
8894,217639,180.5,27321,BC,2620,BT,OC
8895,318676,180.5,27322,BC,1231,CS,BC
8896,277532,180.5,27323,BCM,1399,ME,BCM
8897,325111,180.5,27324,MBC,2706,EC,MBC
8898,298809,180.5,27325,OC,2711,EI,OC
8899,282792,180.5,27329,BC,2712,AU,BC
8900,277882,180.5,27339,BC,1422,CY,BC
8901,270311,180.5,27345,BC,2719,EI,OC
8902,250129,180.5,27348,MBCDNC,1321,MN,MBCDNC
8903,299175,180.5,27351,OC,1231,CB,OC
8904,356252,180.5,27354,MBCV,1216,BM,MBCV
8905,254227,180.5,27361,BC,4959,BT,OC
8906,337478,180.5,27368,BC,2764,EC,BC
8907,270231,180.5,27371,BC,2712,TX,BC
8908,299998,180.5,27375,SC,1317,BT,SC
8909,297398,180.5,27384,OC,2719,EI,OC
8910,348726,180.5,27385,MBCV,2377,CE,MBCV
8911,294308,180.5,27387,SC,2006,AS,SC
8912,337031,180.5,27388,BC,1216,AD,OC
8913,203287,180.5,27391,BC,1149,AD,BC
8914,295578,180.5,27392,BC,2725,EC,OC
8915,296682,180.5,27394,SC,1321,MN,SC
8916,213784,180.5,27395,MBCV,1226,CS,OC
8917,288862,180.5,27396,OC,1231,IT,OC
8918,285135,180.5,27398,BC,1231,EC,OC
8919,317954,180.5,27399,BC,2712,FT,BC
8920,328460,180.5,27400,OC,1231,EC,OC
8921,260255,180.5,27401,MBCV,1112,CB,MBCV
8922,357412,180.5,27406,BC,1122,CS,OC
8923,343721,180.5,27408,OC,5,CF,OC
8924,251978,180.5,27409,BC,1231,IT,OC
8925,201989,180.5,27410,OC,1310,CS,OC
8926,204471,180.5,27411,BC,1216,AL,OC
8927,305428,180.5,27413,BC,1432,EC,BC
8928,363368,180.5,27415,MBCDNC,2702,AE,MBCDNC
8929,277635,180.5,27416,BC,1216,AL,OC
8930,230925,180.495,27418,MBC,2727,EC,OC
8931,207498,180.495,27419,BC,2608,IT,OC
8932,235723,180.495,27421,OC,2706,EE,OC
8933,269305,180.495,27423,BC,2712,AU,BC
8934,294008,180.495,27424,BC,4934,EE,OC
8935,216571,180.495,27425,MBC,5904,CS,OC
8936,297259,180.495,27426,BC,2745,CS,OC
8937,250565,180.495,27427,BC,2711,EI,OC
8938,202071,180.495,27428,BC,2739,EE,BC
8939,313796,180.495,27432,MBCV,4960,AD,MBCV
8940,307178,180.495,27433,BC,1317,EE,OC
8941,280997,180.495,27435,BC,5910,CB,BC
8942,316416,180.495,27436,BC,2661,CS,OC
8943,262832,180.495,27438,MBCV,2607,EC,OC
8944,208652,180.495,27439,SC,2006,FY,SC
8945,262818,180.495,27440,BC,1219,CH,BC
8946,259547,180.495,27441,MBCV,2615,ME,MBCV
8947,312652,180.495,27442,BC,4678,EE,OC
8948,320676,180.495,27443,BC,2606,CS,OC
8949,354570,180.495,27445,MBCDNC,1450,ME,OC
8950,240207,180.495,27446,MBCDNC,2702,EC,MBCDNC
8951,259937,180.495,27447,MBCV,2711,EC,MBCV
8952,242173,180.495,27449,BC,1149,EC,OC
8953,279573,180.495,27451,BC,1149,EC,OC
8954,212830,180.495,27452,SC,1122,EC,OC
8955,346870,180.495,27453,MBCV,2702,IT,MBCV
8956,313987,180.495,27454,SC,2611,CY,OC
8957,266003,180.495,27455,MBC,3465,EC,MBC
8958,365558,180.495,27456,SC,2712,EC,SC
8959,320770,180.495,27457,BC,2764,EC,BC
8960,327042,180.49,27458,BC,2710,EC,OC
8961,318204,180.49,27459,MBCV,2719,CS,MBCV
8962,358152,180.49,27460,BC,3464,EC,OC
8963,224771,180.49,27461,MBCV,1122,CS,OC
8964,266832,180.49,27462,SC,5008,MG,SC
8965,295306,180.49,27463,BC,4928,EC,OC
8966,344488,180.49,27464,BCM,1216,CH,OC
8967,347917,180.485,27465,BC,2706,EE,OC
8968,223556,180.485,27466,BC,2727,CS,BC
8969,235351,180.485,27468,MBC,2751,CS,OC
8970,358714,180.485,27469,SC,2620,BM,OC
8971,204598,180.48,27470,BC,1210,EC,BC
8972,365468,180.48,27471,MBCV,2615,CE,MBCV
8973,351117,180.48,27474,BC,1317,EE,OC
8974,258191,180.48,27475,BC,2706,EC,BC
8975,200696,180.48,27476,BC,2722,EE,BC
8976,267723,180.475,27478,BC,1309,EC,BC
8977,311806,180.475,27479,MBCV,2735,AD,OC
8978,254390,180.475,27480,BC,1231,IT,OC
8979,211846,180.475,27481,BC,1122,AD,OC
8980,263777,180.475,27482,SC,1317,AD,SC
8981,216373,180.475,27483,BC,5910,IT,OC
8982,296201,180.475,27484,BC,5865,CS,OC
8983,270544,180.475,27485,BC,1317,EE,OC
8984,328791,180.475,27486,BC,1120,EC,OC
8985,368718,180.475,27487,MBCV,2632,IT,OC
8986,225512,180.475,27489,SC,2743,BM,OC
8987,297186,180.475,27490,BC,4962,EC,BC
8988,224545,180.475,27491,SC,1399,CS,SC
8989,302648,180.475,27492,BC,4023,CS,BC
8990,254531,180.47,27493,BC,3826,IT,OC
8991,216750,180.47,27494,MBCV,5,CS,MBCV
8992,340586,180.47,27495,SC,4959,CS,OC
8993,235538,180.47,27497,MBCDNC,1304,EC,MBCDNC
8994,233900,180.47,27499,MBCV,2719,CS,MBCV
8995,339362,180.47,27501,MBC,2620,CS,OC
8996,282353,180.47,27502,BC,1304,EI,OC
8997,262075,180.47,27503,BC,5910,AD,OC
8998,233699,180.47,27505,OC,1122,BT,OC
8999,232658,180.47,27506,BC,3465,EE,OC
9000,202262,180.47,27507,BC,2723,CS,BC
9001,221015,180.47,27509,BC,2622,BT,OC
9002,281591,180.47,27511,SC,2618,CS,SC
9003,341151,180.47,27512,MBCV,1424,AD,OC
9004,329951,180.465,27514,BC,4672,CS,OC
9005,263664,180.46,27515,BCM,4974,ME,OC
9006,264860,180.46,27516,BC,1231,IT,OC
9007,359696,180.46,27517,BC,1231,AD,OC
9008,279390,180.46,27518,MBCV,3019,CS,OC
9009,262208,180.46,27519,SCA,2615,EC,SCA
9010,329085,180.46,27520,BC,3819,IT,BC
9011,220603,180.46,27522,SC,1202,EC,OC
9012,258853,180.46,27523,SC,1202,IT,OC
9013,255968,180.46,27525,OC,2708,MZ,OC
9014,255386,180.46,27527,BC,1309,EC,BC
9015,251884,180.46,27529,MBCDNC,4669,EC,OC
9016,218042,180.46,27530,BC,4023,CS,BC
9017,209512,180.45,27531,MBCV,1321,MN,MBCV
9018,318793,180.45,27532,MBCV,5901,CE,MBCV
9019,212551,180.45,27533,SC,1317,CS,SC
9020,326108,180.45,27534,MBCDNC,4678,AD,OC
9021,265623,180.45,27535,MBCV,5009,CS,MBCV
9022,330223,180.45,27536,MBCV,3011,PC,OC
9023,272738,180.45,27537,BC,1324,CO,BC
9024,288316,180.45,27538,BCM,4955,CS,OC
9025,205576,180.45,27539,BCM,1304,EC,BCM
9026,312346,180.45,27540,BC,1118,CS,BC
9027,211126,180.45,27541,BC,3819,CS,BC
9028,295880,180.45,27542,BC,2741,CS,OC
9029,256731,180.44,27543,SC,1219,IT,SC
9030,296406,180.44,27544,BC,1149,AD,BC
9031,305237,180.44,27546,BC,2710,SC,BC
9032,295497,180.44,27547,BC,2715,EC,OC
9033,212055,180.44,27548,BC,2718,CE,OC
9034,304896,180.44,27549,MBCV,2711,AL,MBCV
9035,271800,180.44,27550,SCA,2702,AG,SCA
9036,257833,180.44,27551,BC,4944,EC,OC
9037,222648,180.44,27552,BC,2736,CS,BC
9038,254379,180.44,27553,BC,1015,CS,OC
9039,309575,180.44,27554,BC,1231,IT,BC
9040,205374,180.44,27557,OC,1216,EC,OC
9041,348233,180.44,27558,BC,2718,CE,OC
9042,330414,180.44,27559,BC,2620,EC,OC
9043,268604,180.44,27560,SC,4954,IT,OC
9044,283738,180.44,27561,OC,1149,EC,OC
9045,209269,180.44,27563,BC,1317,EE,OC
9046,336746,180.44,27566,MBCV,2603,EE,MBCV
9047,330480,180.44,27567,SC,3819,IT,SC
9048,241689,180.44,27568,BC,1118,CS,BC
9049,256628,180.44,27569,BC,2736,CS,BC
9050,363513,180.44,27570,MBC,2708,BM,OC
9051,255084,180.44,27571,BCM,4955,CS,OC
9052,296199,180.44,27573,MBCDNC,2719,CJ,MBCDNC
9053,200740,180.44,27574,MBCDNC,1216,CS,MBCDNC
9054,249238,180.44,27576,BC,1432,EC,BC
9055,340288,180.435,27577,SC,1120,IT,SC
9056,207871,180.435,27578,BC,3018,CS,OC
9057,346318,180.435,27579,BC,3011,EC,BC
9058,324809,180.435,27580,BC,2723,CS,BC
9059,295726,180.435,27581,BCM,2752,CS,OC
9060,337416,180.435,27582,BC,2653,ME,OC
9061,237263,180.43,27583,MBC,1413,CS,OC
9062,273500,180.43,27584,BC,4672,CS,OC
9063,301818,180.43,27586,BC,2601,CS,OC
9064,232600,180.43,27587,BC,1210,EC,BC
9065,250671,180.43,27588,BC,5010,EC,BC
9066,301191,180.43,27589,BC,4960,ME,OC
9067,203115,180.43,27592,BC,2608,IT,OC
9068,257379,180.43,27593,BC,4955,CS,BC
9069,262709,180.425,27595,BC,2706,EC,BC
9070,294444,180.425,27596,SC,4931,CS,OC
9071,302698,180.425,27597,BC,2722,EE,BC
9072,282298,180.425,27598,BC,2710,EC,OC
9073,371857,180.425,27599,MBCV,2610,IT,OC
9074,357312,180.425,27600,BC,5910,CS,BC
9075,238145,180.42,27601,MBCV,2643,CS,OC
9076,361959,180.42,27602,BCM,1306,IT,OC
9077,302869,180.42,27603,MBCV,1422,EC,OC
9078,258951,180.42,27604,BC,1233,CS,OC
9079,359754,180.42,27605,BC,3803,CS,BC
9080,238436,180.42,27606,MBC,2622,BT,OC
9081,211779,180.42,27609,BC,2735,EC,OC
9082,213841,180.42,27610,BC,1231,IT,BC
9083,244272,180.42,27611,BCM,2736,CS,BCM
9084,345682,180.415,27612,BC,1149,AD,BC
9085,206985,180.415,27613,MBCV,1309,EC,MBCV
9086,224142,180.415,27614,BCM,4917,CS,OC
9087,202820,180.415,27615,BCM,2739,CS,BCM
9088,240069,180.415,27617,BC,2719,BM,BC
9089,293553,180.415,27618,BC,4931,EC,OC
9090,226356,180.415,27619,BC,2618,EC,OC
9091,251356,180.415,27622,MBCDNC,3011,PH,MBCDNC
9092,238710,180.415,27623,BC,5910,EC,OC
9093,361487,180.415,27624,SCA,2,CH,SCA
9094,206339,180.415,27626,SC,5901,EE,SC
9095,210054,180.415,27627,BC,5009,CS,BC
9096,210739,180.415,27629,BC,2711,AU,OC
9097,260090,180.41,27631,MBC,2653,EC,OC
9098,359466,180.41,27632,BC,1015,EC,OC
9099,215640,180.41,27633,BC,2718,ME,BC
9100,271839,180.41,27634,BC,1120,EC,OC
9101,273966,180.405,27637,BC,2750,AD,OC
9102,339557,180.405,27638,BC,2610,EC,OC
9103,356712,180.405,27639,BC,1309,EC,BC
9104,255958,180.405,27640,SC,2025,EC,SC
9105,330796,180.405,27643,BC,5009,CS,BC
9106,235887,180.405,27644,BC,2702,AG,BC
9107,225313,180.405,27645,BC,2710,AD,BC
9108,268193,180.405,27646,MBCV,3011,EC,MBCV
9109,291969,180.405,27650,BC,2762,AD,OC
9110,363529,180.405,27652,BC,2620,CS,OC
9111,238535,180.405,27654,BCM,2723,BM,OC
9112,307903,180.405,27655,BC,2707,AD,OC
9113,248924,180.405,27656,BC,2708,CS,OC
9114,200874,180.405,27657,BC,3011,BT,BC
9115,219377,180.4,27659,MBCV,2702,AL,MBCV
9116,273225,180.395,27660,BC,1216,AD,OC
9117,215148,180.395,27661,MBCDNC,4960,AD,MBCDNC
9118,245982,180.395,27663,SC,2005,CE,SC
9119,332769,180.395,27668,MBC,1422,EC,OC
9120,298659,180.395,27669,MBCDNC,2726,CS,OC
9121,275617,180.395,27670,BC,2722,IC,OC
9122,260101,180.395,27673,BC,1128,EC,OC
9123,356915,180.395,27674,MBCV,1452,EC,OC
9124,334752,180.395,27675,BC,3011,EC,BC
9125,262186,180.39,27676,MBCDNC,5901,ME,MBCDNC
9126,310444,180.39,27677,BC,2735,CS,OC
9127,209934,180.385,27678,MBCV,1324,IT,MBCV
9128,326802,180.385,27680,BC,2718,ME,BC
9129,205113,180.385,27681,BC,5986,EE,BC
9130,275332,180.385,27682,BC,2618,EC,OC
9131,222375,180.385,27683,OC,2735,IT,OC
9132,248198,180.385,27684,BC,1122,AD,OC
9133,237325,180.385,27685,SC,3011,IT,SC
9134,299457,180.385,27686,MBCV,2622,IT,OC
9135,248210,180.385,27688,BC,1324,CO,BC
9136,264068,180.385,27689,BC,1210,EC,BC
9137,244436,180.385,27691,BCM,1216,AD,BCM
9138,255238,180.385,27692,BC,3826,ME,OC
9139,311094,180.385,27693,BC,1324,CO,BC
9140,274019,180.385,27694,BC,2702,AE,BC
9141,314421,180.385,27695,BC,2636,EE,OC
9142,243897,180.385,27696,BC,1210,EC,BC
9143,307815,180.385,27697,BC,1237,IT,OC
9144,207627,180.385,27698,BCM,4974,ME,OC
9145,246407,180.385,27699,MBCV,2618,CS,MBCV
9146,353765,180.385,27700,BC,2314,AD,OC
9147,267348,180.38,27703,MBC,3011,EC,MBC
9148,326140,180.38,27704,BC,2661,CS,OC
9149,251395,180.38,27705,BC,3819,CS,BC
9150,237499,180.375,27707,BC,1237,CS,OC
9151,233162,180.375,27708,BC,1237,CS,OC
9152,286233,180.375,27710,BC,4981,CS,OC
9153,258458,180.375,27711,BC,2706,EC,BC
9154,367124,180.37,27712,MBCDNC,2607,IT,OC
9155,361640,180.37,27713,MBCV,2722,AD,MBCV
9156,334734,180.37,27714,BC,2609,FD,OC
9157,280045,180.365,27716,BC,2764,EC,BC
9158,235011,180.365,27717,BC,2618,AD,BC
9159,309529,180.365,27718,MBCV,2711,EC,MBCV
9160,240187,180.365,27719,BC,4023,EC,OC
9161,232086,180.365,27720,MBC,1422,EC,OC
9162,244931,180.36,27721,MBCDNC,1419,CB,MBCDNC
9163,229734,180.36,27722,MBCV,1324,IT,MBCV
9164,310456,180.36,27723,BC,1432,EC,BC
9165,290790,180.36,27724,BC,1216,AD,BC
9166,238594,180.36,27726,BC,2725,EC,OC
9167,237014,180.36,27728,BC,2615,CE,BC
9168,230684,180.36,27729,BC,5901,ME,BC
9169,222158,180.36,27730,BC,4954,CS,OC
9170,216165,180.36,27731,MBCDNC,5910,CS,MBCDNC
9171,242494,180.36,27733,MBCDNC,2718,MZ,MBCDNC
9172,229087,180.36,27734,BC,1317,EE,OC
9173,263181,180.36,27736,SC,2006,ES,SC
9174,245888,180.355,27737,BC,1210,CB,BC
9175,252253,180.355,27738,MBC,3011,EE,OC
9176,308251,180.355,27739,MBCV,2719,CS,MBCV
9177,336696,180.355,27741,MBCDNC,2702,CT,MBCDNC
9178,234727,180.355,27743,BC,2735,IT,BC
9179,312350,180.355,27744,BC,5530,CS,OC
9180,221107,180.35,27744A,BC,2708,BM,OC
9181,204045,180.35,27746,MBCV,2710,CS,MBCV
9182,322850,180.35,27747,BC,2615,CE,BC
9183,214547,180.35,27748,BC,2727,EC,OC
9184,261550,180.35,27749,BC,2712,AU,BC
9185,273100,180.35,27750,BC,3803,CS,BC
9186,275091,180.35,27751,BC,2711,EI,OC
9187,287027,180.35,27752,SC,5907,CS,OC
9188,282331,180.35,27754,BC,2706,EC,BC
9189,337615,180.35,27755,BC,5901,ME,BC
9190,243177,180.35,27756,SC,4974,EC,SC
9191,330943,180.35,27758,MBCV,3019,ME,OC
9192,350045,180.35,27759,BC,3807,EC,OC
9193,307841,180.35,27760,MBCDNC,2764,CS,MBCDNC
9194,261433,180.35,27761,MBC,2710,EE,OC
9195,202327,180.35,27764,BC,2615,ME,BC
9196,299196,180.35,27765,BCM,3918,CS,OC
9197,263112,180.35,27766,BC,2727,CS,BC
9198,206631,180.35,27767,MBCDNC,2,LE,MBCDNC
9199,221813,180.35,27768,MBCDNC,1412,CS,OC
9200,242365,180.35,27769,BC,2719,EE,BC
9201,230868,180.35,27771,BC,2719,BM,BC
9202,284832,180.34,27772,OC,1211,ME,OC
9203,201957,180.34,27773,BC,1231,CS,BC
9204,271143,180.34,27774,OC,1509,CS,OC
9205,202073,180.34,27775,BC,2706,EC,BC
9206,305025,180.34,27776,MBCDNC,4678,EC,OC
9207,301510,180.34,27777,MBCDNC,5009,EC,OC
9208,235488,180.34,27778,SC,4678,EC,OC
9209,334810,180.33,27783,MBCDNC,5901,ME,MBCDNC
9210,210164,180.33,27784,BC,2727,AD,OC
9211,236711,180.33,27786,MBCDNC,2711,EC,MBCDNC
9212,346263,180.33,27787,BC,2722,EE,BC
9213,260947,180.33,27788,MBCDNC,5910,CS,MBCDNC
9214,253403,180.33,27789,BC,2369,CS,BC
9215,311841,180.33,27792,BC,1419,EI,OC
9216,353315,180.33,27793,BC,2620,BM,OC
9217,236024,180.33,27795,MBCV,1120,IT,MBCV
9218,211972,180.33,27797,MBC,2729,AE,OC
9219,238422,180.33,27799,SC,5008,CN,SC
9220,333459,180.33,27800,BC,1219,AU,OC
9221,244813,180.33,27802,MBCV,2764,CS,MBCV
9222,250130,180.33,27803,BC,5910,CS,BC
9223,248093,180.33,27804,MBCV,1430,EE,OC
9224,292010,180.33,27805,OC,1231,EC,OC
9225,214543,180.33,27806,BC,4955,IT,OC
9226,317430,180.33,27807,MBC,2722,EE,MBC
9227,207523,180.33,27808,BC,1140,CS,OC
9228,216753,180.33,27809,BC,4959,CS,OC
9229,316244,180.33,27810,BC,1140,CS,OC
9230,254996,180.33,27811,SC,2,LE,SC
9231,208182,180.33,27812,BC,2702,MC,OC
9232,242813,180.33,27813,MBCDNC,2739,AD,MBCDNC
9233,233663,180.33,27814,BC,2709,AU,OC
9234,247572,180.325,27815,BC,2708,CE,OC
9235,229111,180.325,27816,BC,1118,AD,OC
9236,207343,180.325,27818,BC,4960,ME,OC
9237,285870,180.325,27819,SCA,2005,ME,SCA
9238,263849,180.325,27820,BC,2615,ME,BC
9239,269975,180.32,27821,BC,4955,CS,BC
9240,228280,180.32,27823,BC,5910,EC,OC
9241,237145,180.32,27824,BC,2722,EE,BC
9242,298435,180.32,27826,BC,2723,EC,OC
9243,245561,180.32,27827,MBC,5,AM,MBC
9244,342860,180.32,27830,BC,2620,BM,OC
9245,229564,180.32,27831,BC,4960,BM,BC
9246,222874,180.32,27832,BC,2702,FD,BC
9247,270601,180.32,27833,BC,3011,PH,BC
9248,284071,180.315,27837,BC,4962,EC,BC
9249,250582,180.315,27839,BC,2741,EC,OC
9250,342554,180.315,27840,BC,2713,CS,OC
9251,205615,180.31,27841,BC,2740,AD,OC
9252,254655,180.31,27842,BC,1231,CS,BC
9253,344021,180.31,27843,BC,1504,EE,OC
9254,223020,180.31,27844,BC,1409,CS,OC
9255,209170,180.31,27845,BC,2723,CS,BC
9256,316914,180.31,27846,MBCDNC,2711,EC,MBCDNC
9257,252568,180.305,27847,BC,1211,MZ,BC
9258,357660,180.305,27848,MBCV,2739,CS,MBCV
9259,348478,180.305,27850,SC,1422,AD,SC
9260,316877,180.305,27851,MBCDNC,5009,CS,MBCDNC
9261,279447,180.305,27852,OC,2727,IT,OC
9262,356180,180.3,27853,BCM,1309,EC,BCM
9263,272043,180.3,27855,MBCV,3819,IT,MBCV
9264,222568,180.3,27857,BC,4917,CS,OC
9265,204431,180.3,27858,BC,4993,IT,OC
9266,315877,180.3,27860,OC,1211,ME,OC
9267,202690,180.295,27861,BC,1306,AD,OC
9268,255490,180.295,27862,OC,2719,RM,OC
9269,263991,180.295,27863,BC,4955,CS,BC
9270,245893,180.295,27865,BC,1120,EC,OC
9271,332899,180.295,27866,MBC,1013,CS,MBC
9272,241563,180.295,27867,BC,4678,EC,OC
9273,274558,180.295,27868,BC,1207,IT,OC
9274,208749,180.295,27869,BC,2708,FD,OC
9275,241408,180.295,27871,OC,1110,CS,OC
9276,207638,180.295,27872,BC,1120,EC,OC
9277,302578,180.295,27873,BC,2722,EE,BC
9278,312675,180.295,27874,MBCV,1122,AD,OC
9279,233315,180.29,27877,SC,2006,ES,SC
9280,225588,180.29,27878,BC,2618,EC,OC
9281,257987,180.285,27879,SC,1399,AD,SC
9282,302889,180.285,27880,MBCDNC,4678,EC,OC
9283,207327,180.285,27881,MBCDNC,1399,MZ,MBCDNC
9284,243421,180.285,27882,OC,1149,EC,OC
9285,295694,180.285,27883,MBCDNC,2750,EC,OC
9286,210189,180.285,27884,SC,1013,IT,OC
9287,266066,180.285,27885,BC,1419,IC,BC
9288,245704,180.285,27887,BC,3830,CS,BC
9289,261225,180.285,27888,BC,1210,EC,BC
9290,254292,180.285,27889,OC,1324,EE,OC
9291,224326,180.285,27891,BC,2722,EE,BC
9292,334339,180.285,27893,BC,4944,EC,OC
9293,258275,180.285,27894,BC,1120,EC,OC
9294,275038,180.285,27896,MBCDNC,3011,CS,MBCDNC
9295,214591,180.285,27897,MBCDNC,1211,RM,MBCDNC
9296,309712,180.285,27898,BC,1210,CB,BC
9297,301853,180.285,27899,SC,2,LE,SC
9298,263191,180.285,27901,SC,2615,EE,SC
9299,204492,180.285,27902,SC,2712,EC,SC
9300,246298,180.28,27903,SC,1516,CE,OC
9301,294574,180.275,27904,BC,4965,BM,OC
9302,251720,180.275,27905,BC,2735,EC,OC
9303,281915,180.275,27906,BC,4962,EC,BC
9304,332869,180.275,27907,MBCDNC,1026,EC,MBCDNC
9305,217407,180.275,27908,BC,4917,CD,OC
9306,225347,180.275,27909,SC,5010,CS,SC
9307,210471,180.275,27911,BC,1219,CH,BC
9308,201066,180.275,27912,BC,1306,CS,BC
9309,211940,180.275,27914,BC,1324,ME,OC
9310,323135,180.275,27915,OC,2710,EC,OC
9311,225828,180.275,27919,BC,2615,ME,BC
9312,356151,180.275,27922,SCA,2314,CS,OC
9313,253389,180.265,27924,MBCV,3760,AD,OC
9314,301706,180.265,27925,BC,4672,CS,OC
9315,281023,180.265,27926,MBCV,1419,EE,MBCV
9316,319668,180.265,27929,BC,2719,EE,BC
9317,236692,180.265,27930,BC,4960,BM,BC
9318,258722,180.265,27931,SC,2718,CS,SC
9319,259830,180.265,27932,OC,5904,CS,OC
9320,200355,180.265,27934,MBCV,1324,AD,MBCV
9321,243306,180.26,27935,MBCDNC,1,XM,MBCDNC
9322,267415,180.26,27936,BC,4981,CS,OC
9323,284397,180.26,27939,OC,2719,EI,OC
9324,317601,180.26,27940,BC,2702,MC,OC
9325,291258,180.26,27941,BC,1118,AD,OC
9326,251754,180.26,27942,MBCDNC,2613,IT,OC
9327,287822,180.26,27944,BC,2601,CS,OC
9328,320873,180.26,27947,OC,2702,FT,OC
9329,317455,180.26,27948,BC,5901,ME,BC
9330,207714,180.255,27950,MBCDNC,2718,MZ,MBCDNC
9331,315826,180.255,27952,BC,4933,EC,OC
9332,208818,180.255,27955,BC,1509,IT,OC
9333,229252,180.255,27956,BC,2656,EC,OC
9334,344244,180.255,27957,MBCV,1210,IT,MBCV
9335,321551,180.255,27959,SCA,2603,CS,SCA
9336,223005,180.255,27960,BC,4962,EC,BC
9337,341834,180.25,27962,BC,1516,EC,BC
9338,282833,180.25,27963,BC,1013,CS,BC
9339,274671,180.25,27964,BC,2710,EC,OC
9340,257193,180.25,27966,OC,2722,IC,OC
9341,234086,180.245,27971,MBCV,2611,AG,OC
9342,312827,180.245,27972,SC,2005,IB,SC
9343,257764,180.24,27974,BC,3011,XC,OC
9344,216901,180.24,27975,BC,2706,EI,OC
9345,295095,180.24,27976,OC,5530,CS,OC
9346,237955,180.24,27977,BC,2622,EC,OC
9347,235870,180.24,27978,BC,3011,EC,BC
9348,231333,180.24,27979,BC,2710,AD,BC
9349,240837,180.24,27980,SC,2735,IT,SC
9350,266620,180.24,27981,BC,2725,CS,OC
9351,302884,180.24,27982,BC,2750,AG,OC
9352,212321,180.24,27984,MBCDNC,2706,IT,MBCDNC
9353,242691,180.24,27986,MBCDNC,1219,CH,MBCDNC
9354,350152,180.24,27987,MBC,2610,AD,OC
9355,261267,180.24,27988,BC,1317,EE,OC
9356,271498,180.24,27989,BC,2620,BT,OC
9357,248867,180.24,27990,MBC,2725,EC,OC
9358,232709,180.24,27992,BC,1207,AD,OC
9359,276769,180.24,27993,BCM,2741,CS,OC
9360,331678,180.24,27994,BC,4944,CS,OC
9361,270606,180.24,27996,MBCV,1324,AD,MBCV
9362,274219,180.24,27998,BC,1412,CS,OC
9363,366438,180.24,28000,BC,3826,AD,OC
9364,203856,180.23,28001,BC,5904,CS,OC
9365,274152,180.23,28005,MBCV,2615,MT,MBCV
9366,245082,180.23,28006,MBCDNC,3819,CS,MBCDNC
9367,309688,180.23,28007,OC,2618,BM,OC
9368,320314,180.23,28008,BC,4670,AG,OC
9369,356291,180.22,28011,BC,1231,CS,BC
9370,257239,180.22,28012,MBCV,1026,EC,MBCV
9371,220565,180.22,28013,BC,1114,CS,OC
9372,202239,180.22,28014,BC,5910,CS,BC
9373,240786,180.22,28015,SC,2005,ME,SC
9374,253587,180.22,28016,MBCV,2712,AU,MBCV
9375,268092,180.22,28017,SC,2702,AD,SC
9376,304664,180.22,28018,BC,1516,EE,OC
9377,271795,180.22,28019,BC,3011,EC,BC
9378,208557,180.22,28020,MBCDNC,1422,IT,MBCDNC
9379,270153,180.22,28022,BC,1211,ME,OC
9380,319187,180.22,28024,BC,1210,EC,BC
9381,325451,180.22,28025,BC,2369,EC,BC
9382,332456,180.22,28026,BC,2719,ME,OC
9383,268067,180.22,28027,BC,1422,EC,OC
9384,294112,180.22,28029,BC,3803,CS,BC
9385,333820,180.22,28031,MBCV,3826,AD,OC
9386,312828,180.22,28032,BC,2722,EE,BC
9387,287032,180.215,28033,SC,4960,CS,SC
9388,311562,180.215,28034,MBCV,1432,EC,MBCV
9389,234328,180.215,28035,BC,2601,CS,OC
9390,346268,180.21,28039,MBCV,1422,EC,MBCV
9391,338550,180.21,28040,BC,4962,EC,BC
9392,277746,180.21,28041,BC,4965,CS,OC
9393,307170,180.21,28042,BC,5910,IT,OC
9394,294870,180.21,28044,MBCDNC,4933,CS,OC
9395,204486,180.21,28046,BCM,2653,CS,OC
9396,262438,180.21,28047,BC,3011,CE,OC
9397,216863,180.21,28048,MBCDNC,2702,AL,MBCDNC
9398,301809,180.21,28049,OC,4971,IT,OC
9399,213961,180.21,28050,BC,2736,EC,OC
9400,226531,180.21,28052,MBCV,1422,EC,MBCV
9401,258836,180.21,28053,BC,2725,CS,OC
9402,256598,180.21,28055,BC,1219,CH,BC
9403,347984,180.205,28058A,BC,2725,IT,BC
9404,205019,180.205,28059,MBCV,1014,CS,OC
9405,242416,180.205,28061,BC,1324,EC,BC
9406,216139,180.205,28062,BC,2622,CS,BC
9407,243534,180.205,28063,BC,1231,IT,BC
9408,322030,180.205,28065,BC,2620,TS,OC
9409,344768,180.205,28067,BC,1317,EE,OC
9410,225942,180.205,28068,BC,2704,CS,BC
9411,251651,180.205,28072,BC,4678,EC,OC
9412,310415,180.205,28074,MBCV,2603,EE,MBCV
9413,265678,180.205,28075,SC,1304,IT,SC
9414,233099,180.205,28076,BC,4981,IT,OC
9415,267844,180.2,28078,BCM,1114,EC,OC
9416,323906,180.2,28080,BCM,3011,IT,BCM
9417,265436,180.2,28081,BC,4975,CS,OC
9418,322535,180.2,28082,BC,3018,CS,OC
9419,333406,180.2,28083,MBCDNC,2610,ME,OC
9420,244748,180.195,28086,SC,1219,IT,SC
9421,284049,180.195,28088,BCM,1210,AD,BCM
9422,321918,180.195,28089,SC,2710,IT,SC
9423,339689,180.195,28091,MBCDNC,2704,EC,OC
9424,324004,180.19,28093,BC,2611,AG,OC
9425,209997,180.19,28094,OC,1399,CE,OC
9426,336850,180.19,28096,BC,4023,IT,OC
9427,302015,180.19,28097,MBCV,2702,IT,MBCV
9428,265506,180.19,28098,BC,2741,CS,OC
9429,241762,180.19,28099,SC,2718,CS,SC
9430,215427,180.185,28101,SC,4678,EE,OC
9431,298613,180.185,28102,BC,2727,CS,BC
9432,345459,180.185,28103,BC,2639,CS,OC
9433,235790,180.185,28104,BC,5910,IT,OC
9434,209688,180.185,28105,MBCV,2618,CS,MBCV
9435,241660,180.185,28106,MBCDNC,2618,CS,MBCDNC
9436,341632,180.185,28107,BCM,1101,CE,OC
9437,361019,180.185,28108,SCA,2007,AT,SCA
9438,222315,180.185,28109,BCM,1422,CS,BCM
9439,285763,180.185,28110,MBCDNC,5986,IT,MBCDNC
9440,225730,180.185,28112,BC,5986,EE,BC
9441,279209,180.185,28115,BC,2620,BT,OC
9442,201650,180.185,28116,BC,1216,AD,BC
9443,234996,180.185,28117,MBC,4023,ME,OC
9444,227347,180.185,28118,OC,2709,CE,OC
9445,234765,180.185,28122,BC,2608,IT,OC
9446,273421,180.185,28126,BC,2653,CS,OC
9447,205017,180.18,28127,BC,1422,EC,BC
9448,309628,180.18,28129,BC,2710,AD,BC
9449,235991,180.175,28130,BCM,1120,CS,BCM
9450,235992,180.175,28131,BC,2718,ME,BC
9451,226723,180.175,28132,BC,5910,IT,OC
9452,303230,180.175,28135,MBCDNC,4678,AD,MBCDNC
9453,347125,180.175,28136,BC,2725,CS,OC
9454,216938,180.175,28137,BC,2736,CS,BC
9455,256919,180.175,28138,OC,2718,CE,OC
9456,264556,180.165,28140,BC,2608,EE,OC
9457,317842,180.165,28141,OC,2727,BM,OC
9458,244169,180.165,28144,BC,3011,EC,BC
9459,224667,180.165,28145,BC,5,IT,OC
9460,269680,180.165,28147,BC,3795,CS,BC
9461,252394,180.165,28150,BC,2615,CE,BC
9462,228014,180.16,28152,BC,2601,BM,OC
9463,217532,180.16,28153,MBCV,1516,CE,OC
9464,271188,180.155,28154,BC,2601,CS,OC
9465,216109,180.155,28156,MBCDNC,2750,BT,OC
9466,205705,180.155,28157,BC,1324,CO,BC
9467,207380,180.155,28158,BC,2719,EE,BC
9468,213582,180.155,28159,MBCV,1210,AD,MBCV
9469,244108,180.155,28160,OC,4981,CS,OC
9470,234288,180.155,28161,BC,1216,AD,BC
9471,230865,180.155,28164,OC,2603,ME,OC
9472,269976,180.155,28166,MBCV,3465,EE,OC
9473,296042,180.155,28168,BC,1309,EC,BC
9474,311020,180.155,28169,MBCV,1516,CE,OC
9475,256836,180.155,28170,BC,2711,EI,BC
9476,212475,180.155,28171,BC,2622,CS,BC
9477,349123,180.155,28172,BC,2718,ME,BC
9478,265083,180.155,28175,BC,2727,CS,BC
9479,265027,180.155,28176,MBC,3701,AL,OC
9480,250351,180.155,28179,BC,5,EC,OC
9481,205175,180.15,28180,OC,4023,EC,OC
9482,240804,180.15,28182,BC,2622,IT,OC
9483,320721,180.15,28183,MBCV,2702,AD,MBCV
9484,214712,180.15,28185,BC,4917,CS,OC
9485,339697,180.15,28186,BC,4960,EE,BC
9486,263213,180.15,28187,MBCV,3011,EC,MBCV
9487,353504,180.15,28188,BC,2721,EC,OC
9488,241996,180.15,28189,BC,2622,ME,OC
9489,272400,180.15,28190,MBC,2711,EI,MBC
9490,206016,180.15,28191,BC,2764,BM,BC
9491,218520,180.15,28195,OC,5865,CS,OC
9492,272828,180.15,28197,BC,2741,EC,OC
9493,368042,180.15,28198,MBCV,2702,BM,MBCV
9494,272803,180.145,28199,BC,1013,CS,BC
9495,215557,180.145,28200,BC,3011,EC,BC
9496,332227,180.145,28201,SC,1216,AG,OC
9497,227641,180.145,28202,BC,2025,ME,BC
9498,283539,180.14,28204,MBC,2618,IT,MBC
9499,303947,180.14,28205,MBCDNC,2719,BM,MBCDNC
9500,209906,180.14,28206,BCM,1128,CS,BCM
9501,280355,180.14,28208,BC,4023,CS,BC
9502,368172,180.14,28209,MBC,2620,EE,OC
9503,300907,180.14,28210,BC,2712,FT,BC
9504,306398,180.14,28211,SC,2007,CE,SC
9505,284750,180.14,28212,SC,1211,CS,SC
9506,329090,180.14,28213,BC,1309,EC,BC
9507,345952,180.14,28217,BC,2702,ME,OC
9508,254722,180.14,28218,BC,2618,AD,BC
9509,236414,180.14,28219,BC,2603,EE,BC
9510,348880,180.14,28220,BC,2607,FD,OC
9511,242867,180.14,28221,BCM,2702,AD,BCM
9512,295286,180.135,28224,OC,2727,EC,OC
9513,243882,180.135,28225,BC,2025,ME,BC
9514,237104,180.135,28227,OC,1419,MU,OC
9515,269648,180.135,28228,BC,4974,CE,BC
9516,286519,180.135,28229,MBCDNC,3805,CS,OC
9517,253969,180.13,28231,BC,2734,IT,OC
9518,275713,180.13,28232,MBC,1219,MR,OC
9519,201219,180.13,28233,BC,2725,CS,OC
9520,318666,180.13,28234,BC,1118,AD,BC
9521,291271,180.13,28235,BC,2750,EC,OC
9522,233086,180.13,28238,BCM,2719,IT,BCM
9523,369544,180.13,28239,BC,2661,IT,OC
9524,213137,180.13,28241,BC,2025,ME,BC
9525,259572,180.13,28244,BC,1231,AD,OC
9526,206845,180.13,28246,BC,5009,CS,BC
9527,208109,180.13,28248,BC,2718,ME,BC
9528,338858,180.12,28249,BC,2342,EC,OC
9529,318903,180.12,28250,BC,4678,EC,OC
9530,349992,180.12,28251,BC,4969,EC,OC
9531,246910,180.12,28253,BC,1122,CS,OC
9532,333232,180.12,28254,MBCDNC,2723,CS,MBCDNC
9533,225816,180.12,28255,BC,5904,CS,OC
9534,342680,180.12,28256,OC,2648,EE,OC
9535,249021,180.12,28258,MBCDNC,1211,EE,MBCDNC
9536,345421,180.12,28259,MBCDNC,2741,CE,OC
9537,251615,180.12,28260,BC,2603,EE,BC
9538,271886,180.12,28262,MBCDNC,3011,BT,MBCDNC
9539,335587,180.12,28263,BC,1304,RM,BC
9540,251922,180.12,28264,BC,1317,EE,OC
9541,210775,180.12,28265,MBC,2719,RM,OC
9542,360196,180.12,28267,BC,2725,CS,OC
9543,315052,180.12,28268,SC,1319,CS,OC
9544,355098,180.11,28270,SCA,2005,ME,SCA
9545,245151,180.11,28272,SCA,2702,EC,SCA
9546,304964,180.11,28273,SC,2711,FD,SC
9547,296651,180.11,28274,BC,2620,CS,OC
9548,214226,180.11,28275,BC,4959,CS,OC
9549,239930,180.11,28276,BC,2608,IT,OC
9550,206075,180.11,28280,SCA,1315,EC,SCA
9551,349620,180.11,28282,SC,2,LE,SC
9552,295767,180.11,28284,BC,2634,AE,OC
9553,239084,180.105,28286,BC,2708,AE,OC
9554,205280,180.105,28287,MBCV,1231,IT,MBCV
9555,261446,180.105,28288,BC,5910,IT,OC
9556,202032,180.1,28289,BC,2722,EE,BC
9557,232078,180.1,28290,BC,1317,ME,OC
9558,203777,180.1,28291,MBCV,1450,ME,OC
9559,205927,180.1,28292,MBCDNC,1211,FD,MBCDNC
9560,246899,180.1,28293,BC,4962,EC,BC
9561,232002,180.1,28294,BC,1324,EC,BC
9562,250229,180.1,28295,BC,1122,IT,OC
9563,300815,180.1,28298,BC,2615,ME,BC
9564,338544,180.1,28299,MBCV,2710,IT,MBCV
9565,224789,180.1,28300,BC,2736,IT,OC
9566,230715,180.1,28301,BC,1120,EC,OC
9567,240497,180.1,28302,BCM,2722,IC,OC
9568,230891,180.1,28303,SC,2709,CS,SC
9569,262245,180.1,28304,BC,4959,CS,OC
9570,299778,180.1,28305,MBCV,2615,ME,MBCV
9571,256210,180.1,28307,BC,2723,CS,BC
9572,202205,180.1,28308,BC,3701,CS,OC
9573,226678,180.1,28309,OC,2735,EC,OC
9574,218719,180.1,28311,BC,1149,AD,BC
9575,338727,180.095,28312,MBCV,3021,CS,OC
9576,210869,180.095,28314,OC,4981,CS,OC
9577,245914,180.095,28315,BC,1207,CS,OC
9578,268214,180.095,28316A,MBCV,2603,ME,OC
9579,311034,180.095,28317,BC,1317,EE,OC
9580,252824,180.095,28318,MBCV,2708,AL,OC
9581,212700,180.095,28320,BC,4971,IT,OC
9582,274382,180.095,28321,BC,3464,EC,OC
9583,367382,180.095,28323,MBCV,2712,ME,MBCV
9584,354058,180.09,28326,MBCDNC,1325,ME,OC
9585,264699,180.09,28328,BC,2718,MZ,BC
9586,211183,180.09,28330,BC,1306,CS,BC
9587,361935,180.09,28331,SC,2709,CS,SC
9588,317727,180.09,28332,BCM,1301,IT,OC
9589,226708,180.09,28333,BC,2618,AD,BC
9590,295424,180.085,28334,SC,3011,IT,SC
9591,241200,180.085,28335,MBCDNC,1432,CS,MBCDNC
9592,287767,180.085,28336,BC,4864,EC,OC
9593,308752,180.085,28337,BC,4971,EC,OC
9594,339797,180.085,28337A,BC,1225,IT,OC
9595,286447,180.085,28338,BC,1422,EC,BC
9596,261383,180.08,28339,BC,2723,CS,BC
9597,209627,180.08,28340,MBC,1316,EC,OC
9598,307790,180.08,28341,BC,2723,EC,OC
9599,257481,180.08,28342,BC,1311,IT,OC
9600,331911,180.075,28344,MBCDNC,2656,CE,OC
9601,221782,180.075,28345,BC,5910,IT,OC
9602,210890,180.075,28348,BC,5986,CE,OC
9603,317109,180.075,28350,BC,1118,CS,BC
9604,307780,180.075,28351,BC,1210,EE,OC
9605,240871,180.075,28352,BC,1306,CS,BC
9606,215698,180.075,28355,SC,2329,BT,OC
9607,282686,180.075,28356,BC,1231,CS,BC
9608,228711,180.075,28357,MBCV,1216,CS,MBCV
9609,267746,180.075,28358,BC,3011,EC,BC
9610,276819,180.075,28359,BC,2719,EE,BC
9611,220627,180.07,28360,BC,3465,EE,OC
9612,312632,180.07,28361,BC,1419,IC,BC
9613,348051,180.065,28364,BC,4669,EC,OC
9614,221011,180.065,28366,BC,4678,EC,OC
9615,293457,180.065,28367,BC,2729,CS,OC
9616,308820,180.065,28368,BC,2329,BT,OC
9617,334091,180.065,28369,MBCDNC,1112,EC,MBCDNC
9618,355732,180.065,28370,BC,5910,IT,OC
9619,346462,180.065,28372,BC,2725,CS,OC
9620,366736,180.065,28373,BC,5904,CS,OC
9621,267685,180.065,28374,MBCDNC,2702,CT,MBCDNC
9622,224400,180.065,28375,BC,5009,CS,BC
9623,216579,180.065,28376,MBCV,1216,IT,MBCV
9624,235935,180.065,28378,BC,2702,FT,OC
9625,254175,180.065,28380,BC,4928,CS,OC
9626,236565,180.065,28381,BC,1303,IT,OC
9627,308665,180.065,28382,BC,5910,EC,OC
9628,208352,180.065,28384,BC,2710,EC,OC
9629,269916,180.065,28387,MBCDNC,1211,MZ,MBCDNC
9630,269156,180.065,28388,MBC,2751,EC,OC
9631,291036,180.065,28390,BC,4023,CS,BC
9632,265391,180.065,28392,BC,2615,ME,BC
9633,353151,180.065,28393,BC,3803,IT,OC
9634,291127,180.065,28395,MBCV,2609,CY,OC
9635,331503,180.06,28396,BC,4680,CE,OC
9636,247486,180.055,28399,MBCDNC,1324,CS,MBCDNC
9637,354053,180.055,28400,BC,3805,BM,OC
9638,270154,180.05,28403,BC,4955,CS,BC
9639,296062,180.045,28404,BC,5017,CS,OC
9640,280574,180.045,28405,BC,4962,EE,OC
9641,245243,180.045,28407,MBCV,3019,XC,OC
9642,271870,180.045,28408,BC,3011,BT,BC
9643,353827,180.045,28410,MBCDNC,2709,ME,OC
9644,227850,180.045,28411,MBC,4974,ME,OC
9645,235167,180.045,28414,BC,1211,ME,OC
9646,297467,180.045,28415,BCM,4971,EC,OC
9647,254127,180.045,28416,BC,2618,EC,OC
9648,214937,180.045,28417,BC,3701,AD,OC
9649,259924,180.045,28419,MBCDNC,3011,IT,MBCDNC
9650,337427,180.045,28420,BC,1106,IT,OC
9651,278730,180.045,28421,BC,1210,EE,OC
9652,371043,180.045,28422,BC,5022,CS,OC
9653,350154,180.045,28423,MBCV,1120,CS,MBCV
9654,251669,180.045,28427,BC,5901,ME,BC
9655,340274,180.04,28428,BC,1309,EC,BC
9656,237461,180.04,28429,BC,1306,BT,BC
9657,202789,180.04,28430,SC,2377,CE,SC
9658,278625,180.04,28432,BC,2725,CS,OC
9659,257027,180.04,28434,MBCV,1219,MR,OC
9660,273642,180.04,28435,BC,2741,CS,OC
9661,279945,180.04,28436,BC,3819,CS,BC
9662,224750,180.04,28437,OC,2618,EC,OC
9663,329183,180.04,28438,SC,2709,CS,SC
9664,304509,180.04,28441,BC,2725,CS,OC
9665,257748,180.04,28442,BC,4962,EC,BC
9666,329466,180.035,28445,MBCDNC,1450,ME,OC
9667,234345,180.035,28447,BC,2710,TS,OC
9668,208559,180.035,28449,BC,4023,CS,BC
9669,366520,180.035,28451,BC,2618,BM,OC
9670,210076,180.035,28452,BC,4960,BM,BC
9671,303739,180.035,28453,BC,2608,IT,OC
9672,296016,180.035,28454,SC,1412,EC,OC
9673,340960,180.035,28455,OC,1419,ME,OC
9674,278382,180.03,28456,BC,1432,EC,BC
9675,206044,180.03,28457,BC,3011,EC,BC
9676,207939,180.03,28458,BC,2603,ME,OC
9677,318285,180.03,28459,SC,2,CR,SC
9678,298726,180.03,28460,SC,1114,EC,OC
9679,261471,180.03,28461,SC,1211,CS,SC
9680,206986,180.03,28462,BC,2718,ME,BC
9681,319208,180.03,28463,BC,2710,EC,OC
9682,213747,180.03,28464,BC,5910,IT,OC
9683,205286,180.025,28465,BC,1118,AD,BC
9684,324384,180.02,28468,MBC,2710,EC,OC
9685,340883,180.02,28469,MBCDNC,3465,EE,OC
9686,349080,180.02,28471,BC,1516,EE,BC
9687,326783,180.02,28472,BC,1501,EC,OC
9688,262557,180.02,28473,BC,1228,BM,OC
9689,229864,180.02,28476,MBC,2710,EC,OC
9690,359869,180.02,28477,MBCV,5,CF,OC
9691,212798,180.02,28479,MBCV,5010,EC,MBCV
9692,271768,180.015,28481,MBCDNC,1112,EC,MBCDNC
9693,360935,180.015,28482,BC,2734,EE,OC
9694,344544,180.015,28483,MBC,2610,IT,OC
9695,333672,180.01,28485,BC,4966,CS,OC
9696,345717,180.01,28486,BC,2609,IT,OC
9697,236949,180.01,28488,BC,2712,TX,BC
9698,302354,180.01,28489,MBCV,1516,EC,MBCV
9699,333495,180.01,28491,BC,1419,EI,OC
9700,324702,180.01,28493,SC,2718,CS,SC
9701,358533,180.01,28496,MBCV,1026,EC,MBCV
9702,303060,180.01,28499,BC,2719,EI,OC
9703,229386,180.01,28500,BCM,3830,CS,BCM
9704,303634,180.01,28501,OC,2357,IT,OC
9705,217268,180.01,28502,BC,4023,CS,BC
9706,241242,180.01,28503,BCM,1306,CS,BCM
9707,353203,180.01,28504,BC,2725,IT,BC
9708,247036,180.01,28505,MBC,3819,IT,MBC
9709,207114,180.01,28507,SC,2718,CS,SC
9710,261982,180.01,28508,BC,1118,CS,BC
9711,330971,180.01,28509,BC,2710,SC,BC
9712,251273,180.01,28510,MBC,2710,AD,MBC
9713,260923,180.01,28511,BC,5910,IT,OC
9714,333341,180.01,28512,BC,2718,CE,OC
9715,243066,180.01,28514,SCA,1202,IT,OC
9716,226972,180.01,28515,BC,2719,EE,BC
9717,264143,180.01,28518,BC,5009,CS,BC
9718,256854,180.01,28519,MBCDNC,1324,CS,MBCDNC
9719,316473,180.01,28521,MBCDNC,2751,CB,OC
9720,261597,180.01,28522,SC,2615,EE,SC
9721,223234,180.01,28524,BC,2618,EC,OC
9722,279761,180.01,28525,MBCDNC,2618,IT,MBCDNC
9723,329168,180,28529,BC,1306,IT,OC
9724,277751,180,28530,OC,1304,EI,OC
9725,241719,180,28532,OC,1140,CS,OC
9726,319167,180,28533,OC,1419,ME,OC
9727,310518,180,28536,OC,1311,IT,OC
9728,357031,180,28537,MBCV,1226,EC,OC
9729,305013,180,28539,BC,1231,AD,OC
9730,225905,180,28541,BC,5910,IT,OC
9731,313170,180,28545,SC,1317,CS,SC
9732,327605,180,28546,BC,1216,AL,OC
9733,348499,180,28547,BC,1120,AD,BC
9734,229677,180,28548,BC,1516,EC,BC
9735,324324,180,28549,MBCDNC,1122,AD,OC
9736,315836,180,28551,BC,2621,CS,OC
9737,368152,180,28553,BC,1210,CO,BC
9738,278718,180,28557,SC,2377,ME,SC
9739,240683,180,28565,OC,1211,CE,OC
9740,252881,180,28567,BC,2702,CE,OC
9741,325584,180,28568,BC,2740,AE,OC
9742,237142,180,28569,SC,2712,AD,SC
9743,318536,180,28571,BC,2618,EC,OC
9744,214798,180,28572,SC,2007,CH,SC
9745,300391,180,28574,MBCDNC,1422,CY,MBCDNC
9746,340716,180,28575,SC,1307,BM,OC
9747,286806,180,28579,BC,2618,EC,BC
9748,244556,180,28585,BC,1210,CO,BC
9749,286719,180,28587,BCM,3011,IT,BCM
9750,300537,180,28588,BC,1211,MZ,BC
9751,254100,180,28590,BC,2634,FD,OC
9752,340622,180,28591,MBCV,5901,ME,MBCV
9753,356524,180,28593A,BC,1211,CE,OC
9754,307081,180,28600,OC,1116,CS,OC
9755,271628,180,28601,SC,1317,CS,SC
9756,358979,180,28603,OC,2601,BT,OC
9757,211514,180,28604,MBC,2726,CS,OC
9758,234460,180,28606,MBCV,1013,CS,MBCV
9759,291293,180,28607,BC,1317,EE,OC
9760,340070,180,28608,BC,1210,CB,BC
9761,237997,180,28609,BC,3464,EC,OC
9762,351340,180,28611,BCM,2719,IT,BCM
9763,279781,180,28612,SC,2718,CS,SC
9764,335720,180,28614,MBCV,1432,AD,MBCV
9765,307931,180,28617,BC,1216,EC,OC
9766,298403,180,28618,SC,2712,AD,SC
9767,292953,180,28619,SC,1399,CS,SC
9768,234040,180,28623,BC,1447,IT,OC
9769,313321,180,28626,BC,4960,EE,BC
9770,346685,180,28627,BC,1210,CO,BC
9771,312092,180,28628,BC,3819,AD,OC
9772,345226,180,28630,BC,2653,CS,OC
9773,282458,180,28637,MBCV,1116,CS,OC
9774,356297,180,28638,BC,2624,IT,OC
9775,213434,180,28639,BC,1122,IT,OC
9776,305021,180,28640,BC,2727,BM,OC
9777,317628,180,28641,BC,1122,BT,OC
9778,332529,180,28642,BC,5986,CE,OC
9779,316887,180,28646,OC,1149,EC,OC
9780,277606,180,28648,OC,2727,IT,OC
9781,315621,180,28658,BC,4023,CS,BC
9782,326950,180,28659,BC,5904,CS,BC
9783,272491,180,28660,BC,1422,EC,BC
9784,208348,180,28665,BC,4959,CS,OC
9785,290332,180,28667,SC,1309,EC,SC
9786,204987,180,28668,BC,1216,AD,BC
9787,338487,180,28669,BC,1399,CE,BC
9788,291120,180,28673,SC,2025,EE,SC
9789,202853,180,28674,BC,1140,CS,OC
9790,345897,180,28676,MBCV,2618,IT,MBCV
9791,354775,180,28677,BC,4678,AD,BC
9792,212567,180,28678,MBCDNC,2615,ME,MBCDNC
9793,280579,180,28679,MBCV,1112,EC,MBCV
9794,255003,180,28683,BC,2622,CS,BC
9795,210624,180,28684,BC,2610,EC,OC
9796,302588,180,28687,MBC,2708,CH,OC
9797,351232,180,28690,OC,1013,EC,OC
9798,307146,180,28696A,OC,1419,CE,OC
9799,339856,180,28697,MBCDNC,1149,CS,MBCDNC
9800,289328,180,28698,BC,2710,SC,BC
9801,224334,180,28700,BC,1026,EC,BC
9802,308280,180,28704,BC,1149,EE,OC
9803,282985,180,28705,MBCDNC,1324,CS,MBCDNC
9804,226938,180,28707,MBCV,1210,AD,MBCV
9805,291609,180,28708,BCM,1324,CS,BCM
9806,354866,180,28710,BC,2723,CS,BC
9807,293763,180,28713,BC,1317,EE,OC
9808,280953,180,28716,MBCV,2722,EC,MBCV
9809,238266,180,28717,BC,1120,AD,BC
9810,246745,180,28720,MBCV,1211,BT,MBCV
9811,313874,180,28726,MBCV,1112,AL,MBCV
9812,277249,180,28727,MBCV,2719,IT,MBCV
9813,305346,180,28731A,BC,1122,CS,OC
9814,263086,180,28732,MBCV,1419,EE,MBCV
9815,349266,180,28734,MBCV,2719,CS,MBCV
9816,262720,179.995,28738,BC,4024,EC,OC
9817,203842,179.995,28739,BC,2711,CE,OC
9818,241732,179.99,28742,BC,1419,EE,BC
9819,238837,179.99,28743,BC,5009,CS,BC
9820,219217,179.99,28746,BC,2656,EC,OC
9821,318411,179.99,28749,MBCV,5901,ME,MBCV
9822,273385,179.99,28750,MBC,2711,ME,OC
9823,234595,179.99,28751,BC,4962,EC,BC
9824,358999,179.99,28753,BCM,2712,FT,BCM
9825,329966,179.985,28755,MBCV,1605,CS,OC
9826,268861,179.985,28756,BC,3454,BM,OC
9827,278960,179.985,28757,BC,2725,CS,OC
9828,220532,179.98,28760,MBCV,1216,CS,MBCV
9829,209763,179.98,28762,BC,1304,RM,BC
9830,302556,179.98,28763,MBC,2722,EE,MBC
9831,300782,179.98,28765,BC,2711,MZ,OC
9832,212471,179.98,28766,MBC,1211,FD,MBC
9833,272852,179.975,28768,BC,2752,CS,OC
9834,200455,179.975,28769,BC,2710,AD,BC
9835,267519,179.975,28770,BC,5010,EC,BC
9836,216805,179.975,28771,BC,2618,AD,BC
9837,322854,179.975,28772,BC,2722,EE,BC
9838,236775,179.975,28773,BC,2708,CS,OC
9839,203296,179.975,28774,BC,5,CS,BC
9840,269902,179.975,28776A,BC,2704,EC,OC
9841,270920,179.975,28778,BC,2722,EE,BC
9842,259281,179.975,28780,MBCDNC,1309,AD,MBCDNC
9843,258247,179.975,28781,BC,1399,CE,BC
9844,215271,179.975,28782,BC,2718,MZ,BC
9845,350192,179.975,28783,OC,4955,CB,OC
9846,256777,179.975,28784,BC,1306,IT,OC
9847,271363,179.97,28786,BC,1122,CS,OC
9848,205279,179.965,28788,MBC,1218,CS,OC
9849,272246,179.965,28789,BC,3011,EC,BC
9850,309589,179.965,28791,BC,1420,CS,OC
9851,237650,179.965,28792,OC,1324,EE,OC
9852,247124,179.965,28794,BC,4023,EE,OC
9853,204107,179.965,28796,BC,2722,EE,BC
9854,230263,179.965,28797,BC,1118,IT,OC
9855,253020,179.965,28798,MBCV,5010,CS,MBCV
9856,365175,179.965,28799,BC,5010,EC,BC
9857,279422,179.955,28802,MBCV,1128,AD,MBCV
9858,275508,179.955,28804,MBCDNC,3425,ME,OC
9859,221094,179.955,28808,MBCV,2615,CE,MBCV
9860,265800,179.955,28809,MBCV,1412,CS,OC
9861,257150,179.955,28811,MBCV,1211,BM,MBCV
9862,261700,179.955,28812,MBCDNC,2706,IT,MBCDNC
9863,251168,179.955,28813,MBC,1118,IT,OC
9864,209620,179.955,28815,BC,2369,EC,BC
9865,316749,179.955,28816,MBCV,2347,CS,OC
9866,206771,179.955,28818,BC,2725,CS,OC
9867,293152,179.955,28819,BCM,4971,EC,OC
9868,318876,179.955,28820,BC,1210,EE,OC
9869,367323,179.955,28821,MBCDNC,5536,EE,OC
9870,314249,179.955,28822,BC,1216,AD,BC
9871,369283,179.955,28823,BC,3021,CS,OC
9872,268101,179.955,28824,BC,2750,AG,OC
9873,204948,179.95,28825,MBCV,1,XM,MBCV
9874,297188,179.95,28826,BCM,1210,AD,BCM
9875,317574,179.945,28827,BC,2710,SC,BC
9876,208507,179.945,28828,BC,1311,IT,OC
9877,275771,179.945,28829,MBCV,1228,ME,OC
9878,224867,179.945,28831,BC,2704,CS,BC
9879,260141,179.945,28833,BC,1118,EC,OC
9880,258035,179.945,28834,BC,2618,EC,BC
9881,218038,179.945,28835,BC,1452,CS,OC
9882,208005,179.945,28836,MBCV,2607,EC,OC
9883,225758,179.945,28837,BC,3826,CS,BC
9884,344305,179.945,28838,SCA,3011,CS,SCA
9885,304011,179.94,28840,BC,1122,AD,OC
9886,317298,179.94,28842,BCM,1424,AD,OC
9887,340794,179.935,28843,BC,1219,CH,BC
9888,312199,179.935,28845,BCM,2618,CS,BCM
9889,337060,179.935,28846,MBCV,1013,EC,OC
9890,250522,179.935,28848,MBCV,1210,EE,OC
9891,216244,179.935,28849,MBCV,2719,CS,MBCV
9892,220881,179.935,28851,BC,1026,EC,BC
9893,252732,179.935,28852,MBCDNC,2709,EE,MBCDNC
9894,217309,179.935,28854,BC,2601,CS,OC
9895,251999,179.935,28857,BC,2622,CS,BC
9896,284716,179.935,28858,MBCV,2636,EE,OC
9897,242502,179.935,28859,BC,5910,CB,BC
9898,317186,179.935,28860,BC,2702,FD,BC
9899,272968,179.93,28860A,MBCDNC,3464,CS,MBCDNC
9900,249938,179.93,28861,BC,1422,EC,BC
9901,253989,179.93,28862,BC,2727,CS,BC
9902,304424,179.93,28863,BC,1317,EE,OC
9903,342396,179.93,28864,BC,3454,CS,OC
9904,262772,179.925,28867,BC,2735,AD,OC
9905,257358,179.925,28869,MBCDNC,1110,BT,OC
9906,217313,179.925,28870,SC,5008,MG,SC
9907,336575,179.925,28872,BC,1212,PE,OC
9908,214207,179.925,28873,BC,2345,CS,OC
9909,203192,179.925,28875,BC,2750,EC,OC
9910,288622,179.925,28876,BCM,1211,EE,BCM
9911,280247,179.925,28877,MBCDNC,3011,IT,MBCDNC
9912,201366,179.925,28878,BC,1122,CS,BC
9913,258920,179.925,28879,BC,2611,CY,OC
9914,313470,179.925,28880,BC,1309,EC,BC
9915,290436,179.925,28882,BCM,2708,AL,OC
9916,241556,179.925,28883,BC,4971,CS,BC
9917,354906,179.925,28884,BC,2615,CE,BC
9918,275490,179.925,28885,OC,1307,EC,OC
9919,229308,179.92,28887,BC,4959,EC,OC
9920,216346,179.92,28888,SC,2603,CS,SC
9921,240775,179.92,28889,MBCV,1149,CS,MBCV
9922,322441,179.92,28890,BC,2369,CE,OC
9923,205183,179.92,28892,MBC,2329,BT,OC
9924,330571,179.92,28893,SCA,3465,CS,SCA
9925,206340,179.92,28894,BC,2622,EC,OC
9926,233302,179.92,28895,BC,1231,IT,BC
9927,313115,179.92,28896,SC,3464,CS,SC
9928,274794,179.915,28898,BC,2719,ME,OC
9929,340077,179.915,28899,BC,1408,CS,OC
9930,264737,179.91,28900,BC,2607,EC,OC
9931,262269,179.91,28901,BC,2722,EE,BC
9932,238899,179.91,28903,MBCV,4974,EC,MBCV
9933,354644,179.91,28904,BC,2622,CS,BC
9934,302542,179.91,28905,BC,1216,AD,BC
9935,218551,179.91,28906,BC,3806,CS,OC
9936,221188,179.91,28908,SC,5901,CE,SC
9937,246880,179.91,28909,BC,4023,EC,OC
9938,204305,179.905,28911,BC,1149,EC,OC
9939,296332,179.905,28912,BC,2722,EE,BC
9940,202443,179.905,28913,BC,2727,CS,BC
9941,286291,179.905,28914,MBCDNC,4954,CS,OC
9942,251379,179.9,28916,BC,2741,EC,OC
9943,255754,179.9,28917,BC,1516,EC,BC
9944,312204,179.9,28918,SC,1317,CS,SC
9945,215206,179.9,28920,OC,2727,EC,OC
9946,361890,179.9,28921,BCM,2025,ME,BCM
9947,278731,179.9,28922,MBCV,2615,CE,MBCV
9948,335286,179.9,28923,SCA,2620,BM,OC
9949,213064,179.9,28924,BC,2721,IC,OC
9950,362770,179.9,28925,MBC,1114,EC,OC
9951,217285,179.9,28926,BC,2711,EI,BC
9952,229219,179.9,28927,BC,4962,EC,BC
9953,245520,179.9,28928,BC,1311,CS,BC
9954,322400,179.9,28929,BC,2610,EC,OC
9955,248094,179.9,28933,BC,1306,IT,OC
9956,262347,179.9,28934,BC,5910,IT,OC
9957,310346,179.9,28936,BC,2607,CS,OC
9958,205949,179.9,28938,MBCDNC,2722,EC,MBCDNC
9959,211837,179.9,28939,MBCDNC,1120,CS,MBCDNC
9960,250165,179.9,28940,BC,2764,EC,BC
9961,291725,179.9,28941,MBCDNC,2719,EC,MBCDNC
9962,340054,179.89,28942,BC,2725,CS,OC
9963,201220,179.89,28943,MBCV,1422,IT,MBCV
9964,257107,179.89,28945,MBCV,1112,EC,MBCV
9965,356913,179.89,28946,MBCDNC,3011,IT,MBCDNC
9966,349570,179.89,28947,BC,2736,CS,BC
9967,207217,179.89,28948,BC,3819,IT,BC
9968,312321,179.89,28950,BC,4974,ME,OC
9969,259511,179.89,28952,BC,1306,IT,OC
9970,263620,179.89,28953,BC,3806,IT,OC
9971,270377,179.89,28955,SC,1113,CS,SC
9972,247961,179.89,28956,MBCV,2710,CS,MBCV
9973,212358,179.89,28957,SC,5901,EE,SC
9974,290958,179.89,28959,OC,4971,IT,OC
9975,353088,179.89,28960,MBCV,2345,EC,OC
9976,256058,179.89,28961,BC,1325,EC,OC
9977,317113,179.89,28964,BC,1015,CS,OC
9978,257516,179.89,28965,MBCV,1516,CE,OC
9979,347734,179.885,28970,BC,1149,EC,OC
9980,231600,179.885,28971,BC,1128,EC,OC
9981,264225,179.885,28972,BC,4960,EE,BC
9982,245104,179.88,28973,BC,4962,EE,OC
9983,217359,179.88,28974,SC,1309,CS,SC
9984,246483,179.88,28976,BC,2726,CS,OC
9985,270229,179.88,28978,SC,2005,IB,SC
9986,264045,179.88,28979,BC,3465,EE,OC
9987,336309,179.88,28980,OC,2726,CS,OC
9988,289079,179.88,28981,BC,2343,HT,OC
9989,310577,179.88,28982,BC,2369,EE,OC
9990,257784,179.88,28983,BC,1014,IT,OC
9991,273914,179.88,28984,BC,2704,EC,OC
9992,221681,179.875,28988,BC,1149,EC,OC
9993,350705,179.875,28989,OC,5,CF,OC
9994,238296,179.875,28990,SC,4962,EC,SC
9995,249410,179.875,28991,BC,2725,EC,OC
9996,341113,179.87,28992,BC,2764,BM,BC
9997,270286,179.87,28993,BC,2708,CS,OC
9998,235212,179.87,28994,MBCV,1112,EC,MBCV
9999,276259,179.87,28996,MBC,2608,EE,OC
10000,277497,179.87,28998,BC,2722,EE,BC
10001,214829,179.87,28999,BC,2723,EC,OC
10002,215733,179.87,29000,BC,2601,IT,OC
10003,258142,179.87,29001,BC,4974,CE,BC
10004,308875,179.87,29002A,SC,1,XC,SC
10005,238567,179.87,29003,SC,2702,CS,SC
10006,258710,179.87,29004,SC,1422,EC,SC
10007,363107,179.87,29005,OC,1412,IT,OC
10008,346277,179.87,29006,BC,2710,EC,OC
10009,268954,179.87,29007,BC,2618,EC,BC
10010,362569,179.87,29008,BC,1311,EC,OC
10011,240944,179.87,29012,OC,1122,IT,OC
10012,332186,179.87,29012A,MBCV,1231,IT,MBCV
10013,332383,179.87,29013,MBCV,1412,CS,OC
10014,309723,179.865,29015,BC,2709,AU,OC
10015,270027,179.865,29016,MBCV,1304,EE,MBCV
10016,204413,179.865,29017,BCM,2615,ME,BCM
10017,250511,179.865,29018,BC,2739,EE,BC
10018,215843,179.865,29019,BC,2718,MZ,BC
10019,248249,179.865,29020,MBC,1013,IT,OC
10020,247875,179.865,29023,BC,1216,AD,BC
10021,246978,179.865,29024,BCM,2702,EC,BCM
10022,206244,179.865,29025,OC,4023,IT,OC
10023,214693,179.865,29026,BC,4928,EC,OC
10024,281270,179.865,29029,BC,2710,EC,OC
10025,202345,179.865,29030,BCM,4023,CS,BCM
10026,232846,179.865,29032,MBC,3011,EE,OC
10027,365441,179.86,29034,BC,2709,CE,OC
10028,224551,179.86,29038,BC,4959,CS,OC
10029,243241,179.86,29039,BC,2702,FD,BC
10030,205755,179.86,29040,BC,1317,EE,OC
10031,298208,179.86,29041,BC,3826,EC,OC
10032,262580,179.86,29043,BC,2702,AG,BC
10033,316069,179.855,29045,BC,2711,EI,BC
10034,208918,179.855,29048,MBC,1211,ME,OC
10035,340105,179.855,29049,BC,1026,EC,BC
10036,278635,179.855,29050,BC,2711,EI,BC
10037,215505,179.855,29051,MBCV,1422,IT,MBCV
10038,293275,179.855,29054,MBCV,1216,EC,OC
10039,356870,179.855,29055,BC,1516,EE,BC
10040,335809,179.855,29056,SC,2708,AL,OC
10041,321791,179.855,29057,BC,3464,EC,OC
10042,324063,179.855,29058,BC,2739,EE,BC
10043,250776,179.855,29059,OC,1306,IT,OC
10044,209611,179.855,29060,BC,2615,CE,BC
10045,291413,179.855,29061,BCM,4981,CS,OC
10046,346636,179.855,29062,SC,5010,CS,SC
10047,200631,179.855,29063,SC,2712,AD,SC
10048,257797,179.85,29065,BC,5910,CB,BC
10049,271582,179.85,29066,BC,4675,EC,OC
10050,350151,179.85,29067,BC,2343,HT,BC
10051,259595,179.845,29070,MBC,2710,EC,OC
10052,268239,179.845,29071,MBCV,1401,EE,OC
10053,214333,179.845,29073,SC,2,CR,SC
10054,282053,179.845,29074,BC,2618,EC,BC
10055,269465,179.845,29075,MBCDNC,1026,CS,MBCDNC
10056,280996,179.845,29077,BCM,3801,CS,OC
10057,211639,179.845,29078,SC,2712,AD,SC
10058,233509,179.845,29079,BC,1210,CB,BC
10059,335884,179.845,29081,MBCDNC,1419,EC,MBCDNC
10060,371519,179.845,29082,MBCV,1419,EE,MBCV
10061,266968,179.845,29083,BC,3826,CS,BC
10062,240009,179.845,29084,BC,2727,AD,OC
10063,257225,179.845,29085,MBCV,2722,AD,MBCV
10064,211452,179.845,29087,SC,4974,EC,SC
10065,256382,179.845,29089,BC,4993,IT,OC
10066,353651,179.845,29090,BC,4960,BT,BC
10067,354665,179.845,29091,MBCV,1306,IT,OC
10068,278587,179.835,29093,BC,2702,CE,OC
10069,345027,179.835,29095,BC,2620,TS,OC
10070,312386,179.835,29096,BC,1216,CH,OC
10071,311681,179.835,29097,BC,1116,CS,OC
10072,347109,179.835,29098,MBC,2704,IT,MBC
10073,265738,179.835,29099,SC,1422,IT,SC
10074,245432,179.835,29101,BC,2704,CS,BC
10075,274141,179.835,29103,MBC,3908,EC,OC
10076,233155,179.835,29105,MBCDNC,2706,EE,OC
10077,303882,179.835,29106,BC,2608,IT,OC
10078,304814,179.835,29109,MBCV,5910,CS,MBCV
10079,333624,179.835,29110,MBC,2750,BT,OC
10080,284505,179.835,29112,BC,1516,ME,OC
10081,218709,179.835,29113,BC,5910,IT,BC
10082,210552,179.835,29114,MBCDNC,4962,IT,MBCDNC
10083,260434,179.835,29115,BC,2712,FT,BC
10084,229345,179.83,29116,SC,2718,CS,SC
10085,348772,179.83,29117,BC,3819,CS,BC
10086,237030,179.825,29119,BC,1306,IT,OC
10087,324889,179.825,29120,MBCDNC,2704,CS,MBCDNC
10088,260538,179.825,29121,BC,2710,AD,BC
10089,233766,179.825,29124,SC,4954,EC,OC
10090,336127,179.825,29125,MBCV,4960,CS,MBCV
10091,284009,179.825,29126,BC,2702,ME,OC
10092,272031,179.825,29129,BC,5901,ME,BC
10093,342023,179.825,29130,BCM,3805,FD,OC
10094,307442,179.825,29131,SC,1399,CS,SC
10095,224735,179.825,29133,MBC,1321,PA,MBC
10096,325274,179.825,29134,BC,1412,CS,OC
10097,312432,179.825,29135,SC,3465,EE,OC
10098,215382,179.82,29136,OC,1118,IT,OC
10099,273488,179.82,29137,SC,5919,CH,OC
10100,206768,179.82,29138,SC,2007,ME,SC
10101,214162,179.82,29139,BC,1237,CS,OC
10102,316287,179.82,29140,BC,2702,AG,BC
10103,281062,179.82,29141,MBC,1419,EC,MBC
10104,321293,179.815,29142,BC,2723,EE,OC
10105,210078,179.815,29143,BC,2727,IT,OC
10106,215184,179.815,29144,MBCV,1408,CS,OC
10107,219019,179.815,29146,OC,4972,EC,OC
10108,262132,179.815,29148,BC,2710,EC,OC
10109,329248,179.815,29149,BCM,1516,EC,BCM
10110,273662,179.815,29151,SCA,1,IE,SCA
10111,213896,179.815,29152,MBCDNC,5986,CE,OC
10112,270056,179.815,29153,MBC,2764,AD,MBC
10113,292547,179.815,29154,BCM,2709,CS,BCM
10114,257815,179.815,29156,BC,5017,CS,OC
10115,266974,179.81,29157,BC,2764,EC,BC
10116,349877,179.81,29158,BC,2706,EE,OC
10117,246044,179.81,29159,BC,2736,IT,OC
10118,296107,179.81,29160,OC,2723,EC,OC
10119,271513,179.81,29162,BC,1231,IT,BC
10120,207163,179.81,29163,BCM,2615,ME,BCM
10121,341716,179.81,29164,MBCDNC,2620,BT,OC
10122,350894,179.81,29165,SCA,2709,IT,SCA
10123,227878,179.81,29166,MBCDNC,1419,EC,MBCDNC
10124,233084,179.81,29167,BC,1120,EC,OC
10125,253234,179.81,29168,BC,2764,CE,OC
10126,297099,179.81,29171,MBCDNC,1309,AD,MBCDNC
10127,248461,179.81,29173,MBCDNC,4965,CS,OC
10128,293758,179.81,29174,SC,3801,CS,SC
10129,242032,179.81,29177,MBCV,2719,IT,MBCV
10130,349000,179.81,29178,BC,3021,CS,OC
10131,234290,179.81,29179,BC,2709,ME,OC
10132,312685,179.805,29181,MBCV,2712,CE,MBCV
10133,266949,179.805,29182,SC,1399,CS,SC
10134,340918,179.8,29184,MBCV,2609,IT,OC
10135,350477,179.8,29185,BC,2608,EC,OC
10136,333039,179.8,29186,MBCV,3810,EC,OC
10137,297238,179.8,29187,BCM,2710,SC,BCM
10138,210262,179.795,29190,SC,1419,CS,SC
10139,205159,179.79,29191,MBCDNC,5901,CE,MBCDNC
10140,265619,179.79,29192,MBCV,1118,CS,MBCV
10141,301400,179.79,29193,BC,1324,CO,BC
10142,207724,179.79,29195,BC,1324,CO,BC
10143,226806,179.79,29196,BC,2718,ME,BC
10144,352635,179.79,29198,MBCV,5,CE,OC
10145,322766,179.79,29199,MBCV,1210,CB,MBCV
10146,329134,179.79,29200,BC,5904,CS,BC
10147,290413,179.79,29204,OC,3011,AU,OC
10148,264954,179.79,29205,MBCDNC,2607,BT,OC
10149,294350,179.79,29206,BC,3011,EC,BC
10150,354393,179.79,29207A,BC,2726,EC,OC
10151,326334,179.79,29208,BC,1210,CB,BC
10152,248940,179.79,29209,MBC,2719,EE,MBC
10153,279982,179.79,29210,BC,2702,ME,OC
10154,262375,179.79,29211,BCM,4995,CS,OC
10155,230718,179.78,29212,OC,2719,AE,OC
10156,206777,179.78,29213,BC,2702,MC,OC
10157,279541,179.78,29214,SC,2,TX,SC
10158,292915,179.78,29215,BC,1211,ME,OC
10159,302460,179.78,29217,BC,1419,EE,BC
10160,244165,179.78,29218,BC,1304,EI,BC
10161,338629,179.78,29220,SCA,2302,CS,OC
10162,245293,179.78,29221,MBCV,1210,EC,MBCV
10163,324914,179.78,29225,MBCDNC,4020,EC,MBCDNC
10164,365152,179.78,29226,MBC,2622,BM,OC
10165,270094,179.78,29228,MBCDNC,2006,MT,MBCDNC
10166,200068,179.78,29229,BCM,1419,EC,BCM
10167,313377,179.78,29230,BC,2615,ME,BC
10168,290140,179.78,29232,BC,3805,AD,OC
10169,348135,179.78,29233,BC,2715,CS,OC
10170,345257,179.78,29234,MBCV,2656,EE,OC
10171,229083,179.78,29235,BC,1120,EC,OC
10172,331972,179.78,29236,BC,1118,CS,BC
10173,255180,179.78,29238,MBCV,2608,CS,MBCV
10174,271125,179.78,29239,MBCDNC,1128,CS,MBCDNC
10175,315471,179.78,29240,BC,2732,IT,OC
10176,299926,179.78,29241,BCM,5986,EC,BCM
10177,333928,179.78,29243,BC,2711,MZ,OC
10178,334204,179.78,29244,MBCV,2734,IT,OC
10179,310375,179.78,29245,MBC,1316,CS,OC
10180,294467,179.78,29246,BC,2711,CH,OC
10181,263570,179.78,29248,BC,2734,SB,OC
10182,206045,179.78,29249,OC,4962,EE,OC
10183,317279,179.78,29250,BC,2719,EE,BC
10184,271120,179.78,29251,MBCV,1306,IT,OC
10185,301137,179.78,29253,SC,5010,CS,SC
10186,335229,179.78,29254,BC,2764,EC,BC
10187,332210,179.78,29255,BC,3011,EC,BC
10188,201045,179.78,29256,MBCDNC,3011,CS,MBCDNC
10189,253783,179.78,29257,BC,3830,CS,BC
10190,331115,179.78,29258,BCM,2735,IT,BCM
10191,221500,179.78,29259,MBCV,2710,AD,MBCV
10192,269598,179.78,29261,BC,5,CS,BC
10193,211458,179.78,29265,MBCDNC,2723,CS,MBCDNC
10194,308117,179.775,29267,MBCV,2603,EE,MBCV
10195,331414,179.77,29268,BC,4979,CS,OC
10196,322129,179.77,29269,MBCDNC,2706,IT,MBCDNC
10197,361047,179.77,29271,SC,1303,BT,OC
10198,257928,179.77,29273,BC,1231,AD,OC
10199,346470,179.765,29275,MBCDNC,4670,AG,OC
10200,218593,179.765,29277,MBCV,3011,EC,MBCV
10201,243892,179.76,29278,BC,1306,IT,OC
10202,304829,179.76,29279,OC,2618,FT,OC
10203,290476,179.76,29281,BC,1211,ME,OC
10204,349610,179.76,29283,BCM,4974,CE,BCM
10205,335450,179.76,29284,SC,4974,CE,SC
10206,234038,179.76,29285,BC,2711,EI,BC
10207,341221,179.76,29286,MBCDNC,2712,AU,MBCDNC
10208,234887,179.76,29287,BC,1304,EI,BC
10209,217579,179.76,29288,MBCDNC,4678,EC,OC
10210,226448,179.76,29292,BC,5910,AD,BC
10211,353184,179.76,29294,BC,1419,ME,OC
10212,208916,179.76,29295,SC,2,TX,SC
10213,370041,179.76,29296,BC,1014,CS,OC
10214,279586,179.76,29297,BC,5910,IT,BC
10215,240237,179.76,29299,BC,4020,EC,BC
10216,224111,179.76,29301,BC,5910,IT,BC
10217,232857,179.76,29302,BCM,3805,AD,OC
10218,261077,179.76,29303,BC,2603,EE,BC
10219,307865,179.76,29304,BC,2722,IC,OC
10220,224709,179.76,29305,BC,2764,EC,BC
10221,303722,179.755,29306,SC,4974,EC,SC
10222,308059,179.755,29307,MBCDNC,2718,MZ,MBCDNC
10223,262236,179.755,29308,BC,2723,BM,OC
10224,229569,179.755,29309,BC,3011,EC,BC
10225,216563,179.755,29310,BCM,5910,IT,BCM
10226,255089,179.755,29311,BC,2622,EC,OC
10227,303745,179.755,29313,BC,4999,AD,OC
10228,246711,179.755,29314,BC,1210,CB,BC
10229,266363,179.755,29316,BC,1317,EI,OC
10230,213920,179.755,29319,BCM,5,CF,OC
10231,322471,179.755,29320,OC,2708,CS,OC
10232,365035,179.755,29321,BC,3819,IT,BC
10233,352187,179.75,29325,BC,2611,IT,OC
10234,223595,179.75,29327,BC,2718,MZ,BC
10235,242029,179.75,29328,BC,1414,CS,OC
10236,210776,179.75,29329,BC,1311,CS,BC
10237,238361,179.75,29330,MBCV,5,IT,MBCV
10238,217060,179.75,29331,BC,2718,CE,OC
10239,335214,179.75,29332,MBCV,1441,CS,OC
10240,314019,179.75,29334,BC,1233,EC,OC
10241,264460,179.75,29335,OC,1149,EC,OC
10242,203104,179.75,29336,BC,1231,IT,BC
10243,292787,179.745,29338,MBCV,2661,EC,OC
10244,235945,179.745,29339,MBC,2723,BM,OC
10245,307228,179.745,29340,BC,1231,IT,BC
10246,273204,179.745,29341,BC,5910,AD,BC
10247,205238,179.745,29342,BC,2722,EE,BC
10248,220449,179.745,29344,BC,2710,AD,BC
10249,281918,179.745,29345,BC,1311,CS,BC
10250,253426,179.745,29346,BC,2615,CE,BC
10251,254068,179.745,29347,MBCDNC,2718,MZ,MBCDNC
10252,368298,179.745,29348,SC,2650,ME,OC
10253,333678,179.745,29352,BC,4955,CS,BC
10254,219681,179.745,29354,MBCV,2702,EC,MBCV
10255,262395,179.735,29355,MBCDNC,4974,CE,MBCDNC
10256,303320,179.735,29356,MBCV,1516,EE,MBCV
10257,306366,179.735,29359,MBCDNC,2718,ME,MBCDNC
10258,225283,179.735,29360,BC,2710,AD,BC
10259,361260,179.735,29361,BC,2634,AD,OC
10260,328214,179.735,29362,BC,2328,EE,OC
10261,299386,179.735,29363,MBCV,2711,AD,MBCV
10262,222791,179.735,29365,MBCV,2615,ME,MBCV
10263,203664,179.735,29367,BC,2618,EC,BC
10264,318404,179.735,29368,MBCV,2702,EC,MBCV
10265,313670,179.735,29370,BC,1116,CS,OC
10266,209641,179.735,29371,OC,2710,TS,OC
10267,207495,179.73,29372,BC,2718,ME,BC
10268,280121,179.73,29373,BC,3826,CS,BC
10269,248822,179.725,29374,BC,1317,EE,OC
10270,205495,179.725,29375,BC,2735,CS,OC
10271,279503,179.725,29376,BC,2707,AD,OC
10272,253060,179.725,29378,BC,1324,EE,OC
10273,241111,179.725,29379,BC,2615,ME,BC
10274,227127,179.725,29382,MBCV,1149,AD,MBCV
10275,248042,179.725,29383,BC,2722,EE,BC
10276,256416,179.725,29384,MBCDNC,1112,IT,MBCDNC
10277,235781,179.725,29386,MBCV,1026,ME,OC
10278,276927,179.725,29387,BC,2608,EC,OC
10279,267469,179.725,29388,MBC,1114,CS,OC
10280,274225,179.725,29391,BC,3819,EC,OC
10281,283057,179.725,29392,MBCV,1317,EE,OC
10282,314534,179.725,29393,MBCDNC,3826,BM,OC
10283,295582,179.725,29394,BC,2607,AD,OC
10284,368811,179.725,29395,MBC,5,CS,MBC
10285,208296,179.725,29396,BC,5910,CB,BC
10286,308577,179.72,29398,BC,4917,IT,OC
10287,247686,179.715,29403,BC,3812,IT,OC
10288,301429,179.715,29404,BC,4959,CS,OC
10289,223878,179.715,29405,BC,1231,CB,OC
10290,318013,179.715,29406,BC,1211,ME,OC
10291,247384,179.715,29407,MBCDNC,1399,CE,MBCDNC
10292,358732,179.715,29409,BC,4978,BM,OC
10293,265131,179.715,29411,SC,2006,CN,SC
10294,269799,179.715,29412,BC,5910,AD,BC
10295,256123,179.715,29414,BC,2750,CS,OC
10296,327216,179.715,29415,BC,2751,CB,OC
10297,255674,179.715,29416,MBCV,1399,MZ,MBCV
10298,303094,179.715,29417,BCM,2764,CE,OC
10299,313430,179.715,29418,BC,1120,EC,OC
10300,295418,179.715,29419,BC,1237,CS,OC
10301,221690,179.715,29420,BCM,1301,EE,OC
10302,296072,179.715,29421,BC,2610,CS,OC
10303,260067,179.715,29422,MBCDNC,5010,CS,MBCDNC
10304,220336,179.71,29423,MBCDNC,2712,CE,MBCDNC
10305,240895,179.71,29424,BC,2711,CE,OC
10306,322884,179.71,29425,BC,2723,CS,BC
10307,205048,179.705,29427,OC,4670,CS,OC
10308,240326,179.705,29428,MBCV,2618,IT,MBCV
10309,217275,179.705,29429,BC,5901,ME,BC
10310,260506,179.705,29431,BC,1306,AD,OC
10311,253753,179.705,29432,MBCV,2006,PS,MBCV
10312,205614,179.705,29433,BC,1432,ME,OC
10313,372440,179.705,29434,SC,2007,CH,SC
10314,263533,179.705,29435,MBCDNC,2711,EE,MBCDNC
10315,249535,179.7,29437,MBCDNC,2710,IT,MBCDNC
10316,262007,179.7,29439,OC,2741,CS,OC
10317,201102,179.7,29440,BC,1140,CS,OC
10318,270839,179.7,29441,BC,5910,IT,BC
10319,292460,179.7,29444,BCM,1211,CH,BCM
10320,232416,179.695,29445,BC,2709,CE,OC
10321,276470,179.695,29446,BC,2608,IT,OC
10322,225267,179.695,29447,BC,5010,EC,BC
10323,308614,179.695,29449,BC,4917,CS,OC
10324,359648,179.695,29450,MBCDNC,5009,CS,MBCDNC
10325,273587,179.69,29451,SC,2755,AE,OC
10326,256600,179.69,29454,BC,4959,CS,OC
10327,305148,179.69,29455,BCM,1432,CS,BCM
10328,298316,179.69,29456,BC,1216,AD,BC
10329,287289,179.69,29457,BC,1231,IT,BC
10330,271447,179.69,29459,BC,5910,IT,BC
10331,212742,179.69,29460,BC,5010,EC,BC
10332,214670,179.69,29461,SC,4974,CS,SC
10333,225174,179.685,29462,BC,1210,EE,OC
10334,265986,179.68,29465,BC,2707,BM,OC
10335,306066,179.68,29466,BC,1233,CS,OC
10336,253884,179.68,29468,BC,2723,IT,OC
10337,214332,179.68,29470,MBC,2727,AD,OC
10338,353071,179.68,29471,BC,4999,AD,OC
10339,341687,179.68,29472,MBCV,3465,EE,OC
10340,226742,179.68,29473,BC,2719,EI,OC
10341,271158,179.68,29474,OC,2727,IT,OC
10342,247897,179.68,29475,BC,2708,CS,OC
10343,279737,179.68,29477,MBCV,2710,CS,MBCV
10344,371489,179.68,29478,BC,2618,EC,BC
10345,268347,179.68,29479,BC,1120,EC,OC
10346,242063,179.68,29482,BC,2727,IT,OC
10347,296392,179.68,29484,SC,4974,ME,OC
10348,302152,179.68,29485,SC,5008,CN,SC
10349,279230,179.68,29487,MBCDNC,2718,ME,MBCDNC
10350,288200,179.68,29488,MBC,5009,EC,OC
10351,287384,179.68,29489,BC,2708,CS,OC
10352,319860,179.68,29490,SC,1399,EC,SC
10353,210604,179.67,29491,BC,1237,AD,OC
10354,289066,179.67,29492,MBC,5986,EE,MBC
10355,223460,179.67,29494,BC,2710,EC,OC
10356,221056,179.67,29495,BC,2726,CS,OC
10357,252356,179.67,29496,BC,4680,CS,OC
10358,241354,179.67,29498,MBCDNC,4960,ME,OC
10359,268793,179.67,29500,BC,1231,IT,BC
10360,266568,179.67,29501,BC,2601,CS,OC
10361,257824,179.67,29504,BC,1231,IT,BC
10362,220157,179.67,29505,BC,1149,EC,OC
10363,343984,179.67,29507,MBCV,2615,ME,MBCV
10364,242946,179.67,29510,BC,1128,EC,OC
10365,322540,179.67,29511,BC,2608,IT,OC
10366,264802,179.67,29512,BC,1014,IT,OC
10367,270894,179.67,29513,BC,1114,CS,OC
10368,212257,179.67,29514,BC,2708,IT,OC
10369,256604,179.67,29515,MBCDNC,1211,EE,MBCDNC
10370,307323,179.67,29516,SC,2709,CS,SC
10371,355129,179.66667,29517,BC,1122,CS,BC
10372,305420,179.665,29518,BC,2736,CS,BC
10373,291202,179.665,29521,BC,1122,BT,OC
10374,284482,179.66,29523,MBC,2608,EC,OC
10375,320476,179.66,29524,MBCV,4974,EC,MBCV
10376,283404,179.66,29528,BC,4962,EE,OC
10377,238281,179.655,29531,MBC,2622,CE,OC
10378,270124,179.655,29532,MBCV,2603,EE,MBCV
10379,312423,179.65,29534,OC,1115,CS,OC
10380,331050,179.65,29536,BC,2607,EC,OC
10381,300707,179.65,29537,BC,2618,EC,BC
10382,214174,179.65,29538,MBC,2702,CT,MBC
10383,282654,179.65,29539,BC,1422,EC,BC
10384,224651,179.65,29540,BC,1216,AL,OC
10385,252476,179.65,29541,MBCDNC,4971,EC,OC
10386,342094,179.65,29543,BC,2723,BM,OC
10387,305914,179.65,29544,BCM,2328,IT,OC
10388,238533,179.65,29545,SC,1516,EE,SC
10389,319815,179.65,29547,SC,2005,CE,SC
10390,215997,179.645,29548,MBCV,2702,EC,MBCV
10391,325844,179.645,29549,BC,1317,EE,OC
10392,236606,179.645,29550,BC,4678,EC,OC
10393,226670,179.645,29552,BCM,1112,EC,BCM
10394,223323,179.645,29553,MBCDNC,2722,EC,MBCDNC
10395,240245,179.645,29554,BC,2615,CE,BC
10396,233833,179.645,29556,BC,2615,CE,BC
10397,220741,179.645,29558,BC,1317,EE,OC
10398,248303,179.645,29559,BC,1317,EE,OC
10399,206546,179.64,29563,BC,4023,CS,BC
10400,263797,179.64,29565,MBC,1149,AD,MBC
10401,256150,179.64,29566,BC,1231,IT,BC
10402,201551,179.64,29567,SC,1419,CS,SC
10403,348953,179.64,29569,MBCV,2622,EC,OC
10404,327885,179.64,29570,SC,4680,EE,OC
10405,367217,179.64,29571,BC,4978,CS,OC
10406,272702,179.64,29572,MBC,5,CE,OC
10407,247834,179.635,29573,MBC,3830,CS,MBC
10408,242663,179.635,29574,OC,2734,IT,OC
10409,255136,179.635,29575,BC,2764,EC,BC
10410,322356,179.635,29576,SC,2702,AD,SC
10411,337134,179.635,29577,MBCV,1118,CS,MBCV
10412,287740,179.635,29578,MBCV,1120,CS,MBCV
10413,264215,179.635,29579,MBC,2735,IT,MBC
10414,206920,179.635,29581,BC,3801,CS,BC
10415,333553,179.635,29582,BC,2656,AD,BC
10416,283851,179.635,29583,BC,1211,MZ,BC
10417,327936,179.635,29585,BC,1231,IT,BC
10418,291164,179.635,29586,MBCDNC,4676,EC,OC
10419,217877,179.635,29587,BC,2710,EC,OC
10420,265192,179.635,29588,BC,2710,TS,BC
10421,319837,179.635,29589,BC,2762,EC,OC
10422,224713,179.635,29590,BC,2711,EI,BC
10423,255713,179.635,29591,SC,2710,AD,SC
10424,270955,179.635,29595,MBC,2704,CS,MBC
10425,224669,179.635,29596,BC,4974,ME,OC
10426,271518,179.635,29597,BC,2648,CS,OC
10427,222649,179.635,29598,BC,2622,EC,OC
10428,257122,179.63,29600,BC,3830,CS,BC
10429,355001,179.63,29601,MBCV,1408,CS,OC
10430,312075,179.63,29602,MBC,2726,IT,OC
10431,319100,179.63,29603,MBCV,4960,CS,MBCV
10432,293981,179.625,29604,MBCV,2006,TX,MBCV
10433,251485,179.625,29605,BC,2608,ME,OC
10434,296458,179.625,29606,BCM,5901,ME,BCM
10435,232470,179.625,29607,OC,1306,IT,OC
10436,248648,179.625,29608,BC,5986,EE,BC
10437,233987,179.625,29609,BC,2727,IT,OC
10438,241106,179.625,29610,BC,1149,EC,OC
10439,261593,179.625,29611,BC,2722,EE,BC
10440,278295,179.625,29612,BC,2607,EC,OC
10441,346041,179.625,29613,SC,2006,PN,SC
10442,224214,179.625,29615,BC,5910,EC,OC
10443,241620,179.615,29618,MBCV,1432,AD,MBCV
10444,235640,179.615,29619,BC,1122,CS,BC
10445,318412,179.615,29620,BC,2711,FD,BC
10446,209598,179.615,29622,MBCDNC,2,LE,MBCDNC
10447,243220,179.615,29623,MBC,2739,EC,MBC
10448,336949,179.615,29625,MBC,4960,ME,OC
10449,219602,179.615,29627,MBCV,2710,CS,MBCV
10450,345346,179.615,29628,OC,2650,ME,OC
10451,222410,179.615,29629,MBCV,4974,EC,MBCV
10452,251749,179.615,29630,OC,2357,AD,OC
10453,287454,179.615,29631,BC,2725,CS,OC
10454,227048,179.615,29633,BC,3841,AD,OC
10455,279309,179.615,29635,BC,1231,EC,OC
10456,210684,179.615,29636,MBC,2751,AD,OC
10457,289259,179.615,29637,BC,3803,CS,BC
10458,356405,179.615,29638,MBCDNC,3811,CS,OC
10459,294148,179.615,29639,MBCDNC,4959,IT,OC
10460,229558,179.615,29642,BC,1122,IT,OC
10461,254331,179.61,29643,MBCV,1231,CS,MBCV
10462,260868,179.61,29644,BC,3803,IT,OC
10463,215837,179.61,29645,BC,2618,EC,BC
10464,328067,179.61,29646,SC,1304,IT,SC
10465,261282,179.61,29647,BC,5910,IT,BC
10466,239549,179.605,29648,BC,1140,AD,OC
10467,200394,179.605,29649,OC,4023,CE,OC
10468,277904,179.605,29650,BC,1231,IT,BC
10469,238933,179.605,29651,OC,1118,IT,OC
10470,319964,179.605,29652,BC,2710,EC,OC
10471,205962,179.605,29653,BC,2739,EE,BC
10472,322295,179.605,29654,MBCV,1210,IT,MBCV
10473,246484,179.605,29655,BC,2622,BT,OC
10474,207098,179.605,29656,BC,2725,IT,BC
10475,251725,179.605,29657,OC,2608,AD,OC
10476,320249,179.605,29658,MBCV,2702,EC,MBCV
10477,218046,179.605,29659,OC,1210,EE,OC
10478,332974,179.605,29661,BC,1399,CE,BC
10479,256031,179.605,29662,MBCDNC,3464,CS,MBCDNC
10480,206861,179.605,29663,BC,2622,IT,OC
10481,323492,179.605,29666,BC,1303,CS,OC
10482,248377,179.605,29667,BC,2608,EC,OC
10483,271095,179.6,29668,BC,1120,EC,OC
10484,276757,179.6,29669,OC,1216,EC,OC
10485,308151,179.6,29670,BC,3021,CS,OC
10486,247727,179.6,29671,BC,3819,AD,OC
10487,253419,179.6,29672,BC,1419,IC,BC
10488,287275,179.6,29676,BCM,5865,CE,OC
10489,248406,179.6,29677,MBCV,1317,EE,OC
10490,211312,179.6,29678,SC,4974,EC,SC
10491,274388,179.595,29680,BC,2741,CS,OC
10492,338804,179.595,29681,BC,2761,AD,OC
10493,339353,179.59,29682,MBCV,2711,AL,MBCV
10494,230352,179.59,29684,SC,5,IT,SC
10495,268582,179.59,29685,BC,4023,IT,OC
10496,371487,179.59,29686,MBCDNC,2751,CS,OC
10497,328443,179.585,29687,SC,2006,PN,SC
10498,319620,179.585,29689,BC,2752,CS,OC
10499,246435,179.585,29690,OC,2710,CD,OC
10500,247329,179.585,29691,BC,1238,CS,OC
10501,246289,179.585,29692,BC,4678,EC,OC
10502,258698,179.585,29693,BC,4954,CS,OC
10503,225088,179.585,29694,BCM,2718,EE,BCM
10504,313164,179.585,29697,BC,1140,CS,BC
10505,360068,179.585,29700,BC,1605,IT,OC
10506,298943,179.585,29701,BC,4960,EE,BC
10507,276921,179.58,29702,BC,2739,EE,BC
10508,262663,179.58,29703,MBCV,1211,ME,MBCV
10509,218616,179.58,29704,SC,1219,EC,SC
10510,243606,179.58,29705,MBCV,2719,IT,MBCV
10511,330049,179.58,29706,BC,2643,CS,OC
10512,273220,179.58,29707,OC,2708,CS,OC
10513,240145,179.58,29708,MBCDNC,1216,AD,MBCDNC
10514,223493,179.58,29709,BC,1120,EC,OC
10515,310110,179.58,29710,BC,2603,EE,BC
10516,200403,179.58,29711,MBCDNC,5009,EC,OC
10517,346138,179.58,29712,MBC,2623,EC,OC
10518,260178,179.58,29713,BC,5010,EC,BC
10519,272469,179.58,29714,MBCV,1306,CS,MBCV
10520,300801,179.58,29715,BC,5901,ME,BC
10521,236404,179.58,29717,MBCV,2615,CE,MBCV
10522,230334,179.58,29718,BC,2710,CD,OC
10523,208148,179.58,29719,BC,2723,EC,OC
10524,274592,179.58,29721,MBCV,2741,CS,OC
10525,219637,179.58,29722,SC,5901,CE,SC
10526,356580,179.58,29723,BC,2629,MD,OC
10527,315040,179.58,29724,SC,2377,CE,SC
10528,260070,179.58,29725,MBCV,1422,CY,MBCV
10529,202656,179.58,29726,BC,1516,EE,BC
10530,236049,179.58,29727,MBCDNC,2613,EC,OC
10531,248980,179.58,29728,BC,5009,EE,OC
10532,200153,179.58,29729,MBCV,3011,BT,MBCV
10533,296378,179.58,29730,BC,1237,CS,OC
10534,294058,179.58,29731,BC,1324,EE,OC
10535,256167,179.58,29732,BC,1026,EC,BC
10536,266593,179.58,29735,MBCDNC,2601,CS,OC
10537,222378,179.575,29738,BC,5910,BM,OC
10538,347283,179.575,29739,MBCV,2646,EC,OC
10539,264041,179.575,29740,BC,4864,CS,OC
10540,260172,179.575,29742,BC,1216,AL,OC
10541,200572,179.57,29743,BC,1237,EC,OC
10542,256320,179.57,29744,MBC,4962,CS,MBC
10543,303711,179.57,29745,BC,2710,EC,OC
10544,235375,179.57,29746,MBCV,2702,EC,MBCV
10545,355304,179.57,29748,MBCDNC,2723,EC,OC
10546,211510,179.57,29749,MBCV,2603,EE,MBCV
10547,204065,179.57,29750,BC,1118,CB,OC
10548,292377,179.57,29751,SC,1309,AD,SC
10549,360919,179.57,29752,BC,1317,EE,OC
10550,207878,179.57,29754,BC,1118,AD,BC
10551,255318,179.57,29755,BC,3016,CS,OC
10552,285338,179.57,29756,BC,2739,EE,BC
10553,228915,179.57,29757,MBCDNC,5910,CS,MBCDNC
10554,340932,179.57,29758,BC,2725,CS,OC
10555,349636,179.57,29759,BC,1210,CB,BC
10556,226441,179.57,29760,BC,1422,EC,BC
10557,320914,179.57,29761,SC,2718,CS,SC
10558,300125,179.57,29762,OC,1237,CS,OC
10559,336790,179.57,29764,BC,1114,CS,OC
10560,294021,179.57,29765,BC,1309,EC,BC
10561,295608,179.56,29766,BC,3826,CS,BC
10562,305885,179.56,29768,BC,1015,EC,OC
10563,335714,179.56,29769,SC,4974,CS,SC
10564,227066,179.56,29770,BC,3011,EC,BC
10565,317701,179.56,29771,MBC,1237,CS,OC
10566,292335,179.56,29772,BC,2722,EE,BC
10567,237640,179.56,29773,MBCDNC,1317,EE,OC
10568,225329,179.56,29774,MBCDNC,2006,FY,MBCDNC
10569,267854,179.56,29776,BC,2727,IT,OC
10570,254850,179.56,29777,MBCV,2607,EC,OC
10571,337154,179.56,29778,BC,1128,EC,OC
10572,285120,179.56,29780,BC,2702,MC,BC
10573,242168,179.56,29782,BC,1306,IT,BC
10574,276623,179.56,29783,MBCDNC,3826,IT,OC
10575,320286,179.56,29784,BC,2722,ME,OC
10576,270935,179.56,29785,MBCDNC,2712,AU,MBCDNC
10577,284986,179.56,29786,MBCDNC,3011,IT,MBCDNC
10578,265584,179.56,29787,MBCV,2719,EC,MBCV
10579,255025,179.55,29789,BC,5536,EE,OC
10580,296022,179.55,29792,BC,1317,EE,OC
10581,215165,179.55,29793,BC,1216,EC,OC
10582,232999,179.55,29794,BC,3011,EC,BC
10583,258385,179.55,29795,MBCV,1304,EC,MBCV
10584,290394,179.55,29796,BC,1216,AD,BC
10585,227012,179.55,29797,BC,2702,AG,BC
10586,302873,179.55,29798,BC,2702,MC,BC
10587,274888,179.545,29800,SC,1399,AD,SC
10588,232761,179.545,29801,MBCV,5,IT,MBCV
10589,280794,179.545,29803,SC,1304,BM,SC
10590,292920,179.545,29804,BC,3011,EC,BC
10591,231361,179.545,29805,MBCDNC,1210,IT,MBCDNC
10592,311909,179.545,29806,BC,2712,TX,BC
10593,228598,179.545,29807,BC,2369,EC,BC
10594,308940,179.54,29808,BC,2745,CS,OC
10595,282025,179.54,29809,MBCDNC,1422,IT,MBCDNC
10596,322787,179.54,29810,BC,5010,EC,BC
10597,311720,179.54,29811,MBCV,1412,IT,OC
10598,290777,179.54,29812,BCM,1210,IT,BCM
10599,204180,179.54,29813,MBCV,1120,CS,MBCV
10600,249186,179.54,29814,BC,2723,CS,BC
10601,313990,179.54,29815,BC,1325,IT,OC
10602,264754,179.54,29818,MBCV,2615,ME,MBCV
10603,239393,179.54,29819,SC,5901,EE,SC
10604,227399,179.54,29821,BC,2735,AD,OC
10605,277890,179.54,29822,BCM,1409,CS,OC
10606,214237,179.54,29823,BC,4955,CS,BC
10607,218679,179.54,29825,MBC,1309,EE,OC
10608,319783,179.54,29828,BC,2741,EC,OC
10609,339966,179.54,29829,BC,2608,IT,BC
10610,243261,179.54,29830,BCM,2006,FY,BCM
10611,288353,179.54,29831,SCA,2377,EE,SCA
10612,320412,179.54,29832,BCM,2750,ME,OC
10613,259384,179.535,29833,BC,3011,PH,BC
10614,307739,179.535,29834,BC,2734,AD,OC
10615,258139,179.535,29835,SC,2007,CE,SC
10616,316035,179.535,29836,BC,2734,CS,OC
10617,313186,179.535,29837,BC,2736,CS,BC
10618,209911,179.535,29838,BC,2736,EC,OC
10619,210355,179.535,29839,BC,1149,EC,OC
10620,269611,179.535,29842,SC,5010,CS,SC
10621,240808,179.535,29844,BCM,1114,CS,OC
10622,212237,179.535,29845,BC,2719,RM,OC
10623,224636,179.535,29847,MBCV,2710,CS,MBCV
10624,292731,179.53,29848,MBCV,2618,EC,MBCV
10625,295615,179.53,29849,BC,2610,BT,OC
10626,317664,179.53,29851,BC,1216,CH,OC
10627,257134,179.53,29852,BC,4959,AD,OC
10628,228010,179.53,29853,SC,3011,BT,SC
10629,342615,179.53,29854,BC,1140,CS,BC
10630,201888,179.53,29856,MBCDNC,5910,CS,MBCDNC
10631,274722,179.53,29857,OC,2618,EE,OC
10632,320821,179.53,29859,BC,2618,EC,BC
10633,266750,179.53,29860,BC,4670,EC,OC
10634,258318,179.525,29862,BC,2618,EC,BC
10635,339985,179.525,29863,BC,5,CS,BC
10636,231054,179.525,29867,MBCV,1118,CS,MBCV
10637,320139,179.525,29868,BC,2369,EC,BC
10638,251198,179.525,29869,MBC,5010,EC,MBC
10639,283583,179.525,29870,BC,2708,AG,OC
10640,276341,179.525,29871,MBCV,2722,EC,MBCV
10641,264174,179.525,29872,MBCV,2702,EC,MBCV
10642,250669,179.525,29873,BCM,5904,CS,BCM
10643,266347,179.525,29874,MBCV,2710,CS,MBCV
10644,301149,179.525,29875,MBC,4960,EE,MBC
10645,345405,179.52,29876,MBCDNC,2719,EC,MBCDNC
10646,310296,179.52,29877,BC,2741,EC,OC
10647,212116,179.515,29878,BC,2734,CS,OC
10648,211026,179.515,29879,BC,2727,IT,OC
10649,267368,179.515,29881,MBCDNC,5988,CS,OC
10650,236699,179.515,29882,BC,3464,EC,OC
10651,317825,179.505,29884,BC,2722,CE,OC
10652,260593,179.505,29885,BC,2726,EC,OC
10653,259779,179.505,29888,BC,4960,EE,BC
10654,232094,179.505,29891,BC,1419,EI,OC
10655,359219,179.505,29895,MBCV,2615,CE,MBCV
10656,268534,179.505,29896,BC,1516,EE,BC
10657,297268,179.505,29900,BCM,4978,BT,OC
10658,207136,179.505,29901,BC,1237,IT,OC
10659,216326,179.505,29903,MBCDNC,4962,EC,MBCDNC
10660,309824,179.5,29905,BC,2601,CS,OC
10661,247503,179.5,29908,BC,1306,IT,BC
10662,212941,179.5,29910,BC,1237,CS,OC
10663,286166,179.5,29911,BC,4957,IT,OC
10664,317729,179.5,29916,BC,1309,EC,BC
10665,305643,179.5,29920,BC,1231,IT,BC
10666,281015,179.5,29922,MBCV,1210,CB,MBCV
10667,369224,179.5,29924,MBCV,2711,IT,MBCV
10668,257331,179.5,29927,BC,4020,EC,BC
10669,324029,179.5,29929,OC,2723,IT,OC
10670,218714,179.5,29939,OC,2725,CS,OC
10671,367937,179.5,29942,MBCV,2377,CE,MBCV
10672,239186,179.5,29945,BC,1231,AD,OC
10673,301869,179.5,29946,SC,2007,ME,SC
10674,301370,179.5,29947,BC,1399,CE,BC
10675,299529,179.5,29948,MBC,2704,EC,OC
10676,239524,179.5,29955,BC,1113,ME,OC
10677,319469,179.5,29960,BC,2723,CS,BC
10678,290820,179.5,29961,BC,1317,EE,OC
10679,365546,179.5,29963,BC,1231,AD,OC
10680,325915,179.5,29965,SC,2711,CS,SC
10681,289136,179.5,29967,SC,2739,IT,SC
10682,208541,179.5,29971,OC,2725,CS,OC
10683,301034,179.5,29972,BC,1304,RM,BC
10684,282624,179.5,29976,BC,2719,AE,OC
10685,365482,179.5,29977,BC,2764,EE,OC
10686,283679,179.5,29978,BC,1311,CS,BC
10687,221858,179.5,29983,MBCDNC,2702,BT,MBCDNC
10688,211103,179.5,29986,BC,2712,FT,BC
10689,203478,179.5,29988,BC,1118,CS,BC
10690,258833,179.5,29990,BC,2613,IT,OC
10691,245946,179.5,29992,BC,2711,MZ,OC
10692,279581,179.5,29994,BC,2712,TX,BC
10693,259690,179.5,29996,MBCV,1324,AD,MBCV
10694,345048,179.5,29997,OC,1231,EC,OC
10695,305699,179.5,29999,MBC,1211,CH,MBC
10696,242525,179.5,30000,BC,2710,EC,OC
10697,285918,179.5,30001,BC,1311,CS,BC
10698,323708,179.5,30005,BC,1149,EC,OC
10699,282068,179.5,30006,BC,1110,CS,OC
10700,218029,179.5,30007,BC,1216,AD,BC
10701,357226,179.5,30008,BCM,2006,TT,BCM
10702,326803,179.5,30009,BC,1217,FD,OC
10703,339464,179.5,30010,BC,2736,CS,BC
10704,205317,179.5,30014,BC,1210,CB,BC
10705,216340,179.5,30016,BC,2702,CE,OC
10706,329403,179.5,30021,MBCV,1324,EC,MBCV
10707,283175,179.5,30025,BC,4023,EC,OC
10708,318131,179.5,30027,BC,1324,EE,OC
10709,298628,179.5,30028,MBCDNC,1210,IT,MBCDNC
10710,283109,179.5,30031,BC,1149,EC,OC
10711,337378,179.5,30032,BC,1210,CB,BC
10712,287332,179.5,30035,MBCDNC,2615,CE,MBCDNC
10713,279607,179.5,30036,BCM,2710,AD,BCM
10714,327491,179.5,30037,BC,3011,EC,BC
10715,300315,179.5,30038,OC,1419,ME,OC
10716,316834,179.5,30039,BC,1304,RM,BC
10717,279000,179.5,30040,BC,1127,CS,OC
10718,361271,179.5,30041,BC,2719,EE,BC
10719,281028,179.5,30042,OC,1316,BM,OC
10720,312976,179.5,30045,BC,1120,EC,OC
10721,295889,179.5,30050,BCM,2708,MZ,OC
10722,364788,179.5,30053,BC,1211,CH,BC
10723,293816,179.5,30054,MBC,2601,CS,OC
10724,260542,179.5,30055,BCM,1211,BT,BCM
10725,333886,179.5,30056,BC,2608,AL,OC
10726,283178,179.5,30057,BC,1304,RM,BC
10727,355257,179.5,30060,BC,1322,CS,OC
10728,343421,179.5,30061,BC,2706,EE,OC
10729,288835,179.5,30062,BC,1306,IT,BC
10730,306270,179.5,30064,OC,2708,BM,OC
10731,313498,179.5,30065,BC,1324,EE,OC
10732,208056,179.5,30071,BC,2722,EE,BC
10733,262589,179.495,30079,BC,1450,ME,OC
10734,248553,179.495,30080,MBCV,1324,EC,MBCV
10735,321301,179.495,30081,BC,2610,BT,OC
10736,355162,179.495,30082,BC,2739,EE,BC
10737,260334,179.495,30083,MBCV,1120,AD,MBCV
10738,238438,179.495,30084,BC,2725,CS,BC
10739,259172,179.495,30085,MBCDNC,1,XC,MBCDNC
10740,263329,179.495,30086,BC,2710,AD,BC
10741,209504,179.495,30087,BC,2710,SC,BC
10742,265814,179.495,30088,BC,2621,EC,OC
10743,372298,179.495,30089,MBCV,2618,CE,OC
10744,264161,179.495,30090,BC,1122,EC,OC
10745,263025,179.495,30092,BC,2741,CS,BC
10746,274320,179.495,30093,BC,2608,IT,BC
10747,270389,179.49,30096,SC,2007,CH,SC
10748,273472,179.49,30097,BC,4967,EC,OC
10749,293081,179.49,30099,BC,4020,EC,BC
10750,251321,179.49,30100,MBCDNC,4960,ME,OC
10751,284682,179.485,30103,MBCV,1432,EC,MBCV
10752,345976,179.485,30104,BC,2710,EC,OC
10753,264472,179.485,30105,MBCDNC,2739,IT,MBCDNC
10754,230877,179.485,30106,BC,4023,EC,OC
10755,206540,179.48,30107,BC,1304,RM,BC
10756,287854,179.48,30109,BC,5910,EC,OC
10757,227277,179.475,30111,OC,1122,BT,OC
10758,317884,179.475,30114,MBCDNC,2739,CS,MBCDNC
10759,306681,179.475,30115,BC,3806,IT,OC
10760,201123,179.475,30116,BC,1013,EC,OC
10761,306943,179.475,30117,SC,4678,ME,OC
10762,228169,179.475,30118,MBCV,1210,EC,MBCV
10763,330751,179.475,30119,BC,2723,IT,OC
10764,343096,179.475,30122,BCM,2711,AD,BCM
10765,262628,179.475,30123,BC,1211,ME,BC
10766,214721,179.475,30125,BC,1401,CS,OC
10767,338120,179.475,30128,BC,1211,ME,BC
10768,212463,179.47,30129,BC,2608,IT,BC
10769,343150,179.47,30130,MBCV,1311,CS,MBCV
10770,208545,179.47,30131,BC,2727,CS,BC
10771,285383,179.47,30133,BC,4962,EE,OC
10772,229992,179.47,30135,BC,4944,EC,OC
10773,214348,179.47,30142,SC,1014,CE,OC
10774,263970,179.47,30143,SCA,2661,EC,OC
10775,303417,179.47,30144,SC,4974,EC,SC
10776,324882,179.47,30145,MBCV,1432,CB,MBCV
10777,254840,179.47,30146,BC,2710,EC,OC
10778,265943,179.47,30147,MBCDNC,5832,EC,OC
10779,224428,179.47,30149,BC,2621,EC,OC
10780,328187,179.47,30150,BC,1118,AD,BC
10781,274842,179.47,30151,BC,1122,AD,OC
10782,303175,179.47,30152,BC,2725,CS,BC
10783,266070,179.47,30153,SCA,5008,CM,SCA
10784,205883,179.47,30155,MBC,2734,CS,OC
10785,299198,179.47,30156,BC,1311,CS,BC
10786,278307,179.47,30158,OC,1452,EC,OC
10787,359520,179.47,30159,BC,4917,AD,OC
10788,273755,179.465,30163,BC,3011,CE,OC
10789,345210,179.465,30164,BC,2610,IT,OC
10790,207175,179.465,30167,OC,2726,EC,OC
10791,214212,179.46,30168,BC,5910,IT,BC
10792,236737,179.46,30169,BC,1237,CS,BC
10793,275596,179.46,30170,BC,2745,CS,OC
10794,207011,179.46,30171,MBCDNC,1306,CS,MBCDNC
10795,314618,179.46,30172,MBCV,3805,EC,OC
10796,248978,179.46,30173,BC,1026,EC,BC
10797,287863,179.46,30175,BC,3803,CS,BC
10798,280440,179.46,30176,BC,1128,EC,OC
10799,318623,179.46,30177,BC,5009,EC,OC
10800,200270,179.46,30178,MBCDNC,1118,CS,MBCDNC
10801,266092,179.46,30179,BC,2607,IT,OC
10802,346393,179.46,30180,BC,2764,EE,OC
10803,212833,179.46,30181,MBCV,1120,IT,MBCV
10804,224183,179.46,30182,SC,4962,EC,SC
10805,313798,179.46,30183,BC,5910,IT,BC
10806,259708,179.46,30184,SC,1126,CS,OC
10807,348178,179.46,30191,MBC,1210,CB,MBC
10808,240746,179.46,30192,BC,5910,AD,BC
10809,303445,179.45,30194,MBCDNC,4965,CS,OC
10810,290455,179.45,30195,MBCDNC,5986,IT,MBCDNC
10811,308488,179.45,30196,BC,4971,CS,BC
10812,240170,179.45,30197,SC,3011,CS,SC
10813,251955,179.45,30198,BCM,4974,CE,BCM
10814,266566,179.45,30200,BC,4023,CS,BC
10815,333865,179.45,30201,BC,2634,AE,OC
10816,213022,179.45,30203,BC,2707,AD,OC
10817,254092,179.45,30204,MBC,2622,CH,OC
10818,276060,179.45,30205,BC,2608,IT,BC
10819,332308,179.44,30206,BC,2622,EC,OC
10820,298477,179.44,30208,BC,1014,CS,OC
10821,251073,179.44,30209,BC,1013,CS,BC
10822,233716,179.44,30211,BC,2704,IT,BC
10823,331213,179.44,30213,BC,2715,CS,OC
10824,372426,179.44,30214,BC,1306,IT,BC
10825,248965,179.44,30216,MBCDNC,2711,FD,MBCDNC
10826,348700,179.44,30218,BC,2722,EE,BC
10827,274142,179.44,30219,BC,5910,IT,BC
10828,293200,179.44,30220,MBCV,3464,EC,OC
10829,356329,179.44,30223,BC,2711,CH,OC
10830,331577,179.44,30224,MBCV,1118,CS,MBCV
10831,264974,179.44,30225,BC,5009,EC,OC
10832,231971,179.44,30226,BC,1505,CS,OC
10833,336556,179.44,30227,SC,1399,IT,SC
10834,227987,179.44,30228,MBCV,2706,IT,MBCV
10835,237302,179.44,30229,BC,2710,SC,BC
10836,252303,179.44,30230,MBCDNC,1211,BT,MBCDNC
10837,284995,179.44,30231,BC,1026,EC,BC
10838,232576,179.44,30233,MBCV,1216,CS,MBCV
10839,268233,179.44,30234,BC,2710,EC,OC
10840,309153,179.44,30235,MBCDNC,2751,IT,OC
10841,250906,179.44,30236,MBCV,2711,CD,MBCV
10842,351049,179.44,30240,BC,2610,EE,OC
10843,203875,179.435,30242,MBCV,1324,EC,MBCV
10844,255419,179.435,30243,BC,1317,EE,BC
10845,303441,179.435,30244,MBCV,3019,CS,OC
10846,274248,179.435,30245,BC,2735,IT,BC
10847,306941,179.43,30247,BC,1216,EC,OC
10848,210816,179.43,30248,MBCV,1210,AD,MBCV
10849,266686,179.43,30249,MBCV,2377,CE,MBCV
10850,317736,179.43,30250,BC,2741,CS,BC
10851,297719,179.43,30251,BC,1216,EC,OC
10852,238613,179.43,30253,BC,1216,EC,OC
10853,314340,179.43,30254,BCM,1207,EC,OC
10854,299262,179.43,30255,BC,4023,IT,OC
10855,200084,179.43,30256,BC,4960,ME,OC
10856,278184,179.425,30257,BC,3805,BM,OC
10857,238237,179.425,30258,BC,1225,CS,OC
10858,229476,179.425,30259,BC,2702,FD,BC
10859,256895,179.425,30260,MBCDNC,4020,CS,MBCDNC
10860,340221,179.425,30261,MBCV,2710,IT,MBCV
10861,260053,179.425,30263,SC,3465,CS,SC
10862,306503,179.425,30264,BC,3425,CS,OC
10863,228495,179.42,30267,SC,2007,ME,SC
10864,254094,179.42,30268,BC,2735,CS,BC
10865,276363,179.42,30269,BC,2622,CS,BC
10866,358590,179.42,30273,MBCV,2611,CS,OC
10867,345924,179.42,30276,MBCDNC,1516,EC,MBCDNC
10868,234023,179.415,30277,BC,2608,CB,OC
10869,319051,179.415,30278,BC,5901,ME,BC
10870,299959,179.415,30279,BC,2622,EC,OC
10871,258733,179.415,30280,BC,2615,CE,BC
10872,275296,179.415,30283,MBC,1216,AD,MBC
10873,202851,179.415,30285,BC,1122,AD,BC
10874,242318,179.415,30286,MBCV,1311,AO,MBCV
10875,203136,179.415,30288,BC,1419,EI,OC
10876,207341,179.415,30290,BC,1120,EC,OC
10877,315799,179.415,30291,BC,2615,CE,BC
10878,352882,179.41,30292,MBCV,2751,CS,OC
10879,286328,179.41,30293,MBCV,2710,CS,MBCV
10880,310277,179.41,30294,MBCV,2345,EE,OC
10881,220709,179.41,30296,MBCDNC,3011,IT,MBCDNC
10882,217987,179.41,30297,MBCDNC,5009,EE,OC
10883,368891,179.405,30298,SCA,2707,CJ,OC
10884,357088,179.405,30300,BC,2726,AG,OC
10885,288094,179.405,30302,MBCV,1219,CH,MBCV
10886,217673,179.405,30304,SCA,2369,CS,SCA
10887,250352,179.405,30305,MBCDNC,2369,CS,MBCDNC
10888,296034,179.405,30306,BC,5910,IT,BC
10889,205647,179.405,30310,BC,1420,IT,OC
10890,305940,179.405,30311,MBCDNC,1120,CS,MBCDNC
10891,220832,179.405,30315,MBCV,2719,EE,MBCV
10892,342300,179.405,30316,MBCDNC,1149,CS,MBCDNC
10893,254933,179.405,30318,BC,2343,HT,BC
10894,226659,179.405,30319,BC,2710,EC,OC
10895,261721,179.405,30320,BC,1306,IT,BC
10896,293660,179.405,30321,SC,4023,EC,SC
10897,312316,179.405,30322,BC,1014,CS,OC
10898,250274,179.405,30325,BC,3464,EC,BC
10899,276142,179.405,30327,OC,2740,IT,OC
10900,326877,179.405,30328,MBC,3819,EC,OC
10901,206285,179.395,30330,BC,2615,ME,BC
10902,216813,179.395,30331,BCM,1118,IT,OC
10903,273758,179.395,30332,BC,1504,CS,OC
10904,256791,179.395,30333,MBC,3011,EC,MBC
10905,339458,179.395,30334,MBCV,3804,BM,OC
10906,204449,179.395,30336,BC,2702,FT,BC
10907,233368,179.395,30337,BC,5910,IT,BC
10908,268177,179.395,30338,MBCDNC,1516,EC,MBCDNC
10909,283405,179.395,30339,BC,1120,EC,OC
10910,273660,179.395,30340,BC,3803,EC,OC
10911,302061,179.395,30344,MBCV,3810,AG,OC
10912,303846,179.395,30345,BC,1149,EC,OC
10913,257765,179.395,30346,BC,2369,EC,BC
10914,301813,179.395,30347,BC,2736,CS,BC
10915,309881,179.385,30349,MBCV,2615,ME,MBCV
10916,284814,179.385,30350,MBCDNC,4944,EC,OC
10917,274957,179.385,30353,BC,1120,EC,OC
10918,340824,179.385,30354,BC,1317,CH,OC
10919,315023,179.385,30355,MBCV,5009,CS,MBCV
10920,231638,179.385,30356,BC,5904,CS,BC
10921,249501,179.385,30358,BC,1211,ME,BC
10922,217634,179.385,30359,BC,1216,EC,OC
10923,219613,179.385,30360,SC,1211,CS,SC
10924,324346,179.385,30361,BC,1413,CS,OC
10925,286712,179.385,30363,SC,1211,IT,SC
10926,207712,179.385,30367,BC,2706,EE,OC
10927,290012,179.385,30368,BC,4965,CS,OC
10928,344526,179.385,30372,BC,2643,CS,OC
10929,352927,179.385,30374,MBCDNC,5902,IT,OC
10930,335770,179.385,30375,MBCV,1216,IT,MBCV
10931,262664,179.385,30377,BC,2608,AL,OC
10932,330417,179.385,30378,MBC,2715,CS,OC
10933,277102,179.385,30379,BC,2710,TS,BC
10934,202043,179.385,30381,MBC,2706,IT,MBC
10935,334914,179.385,30382,BC,1013,IT,OC
10936,321271,179.38,30383,BC,2608,CB,OC
10937,216087,179.38,30385,SC,5008,CN,SC
10938,240056,179.38,30386,BCM,2764,CS,BCM
10939,213939,179.38,30387,BC,2739,EE,BC
10940,260318,179.375,30389,MBCDNC,2704,EC,OC
10941,348463,179.375,30390,BC,2723,CS,BC
10942,355134,179.375,30391,SC,1219,AD,SC
10943,204496,179.375,30393,BC,2719,ME,OC
10944,292170,179.375,30395,MBCV,1324,EC,MBCV
10945,319919,179.375,30396,MBCV,1504,IT,OC
10946,246270,179.37,30401,MBCDNC,2702,BT,MBCDNC
10947,228062,179.37,30402,BC,2607,CS,OC
10948,212037,179.37,30405,BC,5,CE,OC
10949,320923,179.37,30406,MBC,2710,AD,MBC
10950,345821,179.37,30407,BC,1307,EC,OC
10951,230568,179.365,30409,SC,1304,CS,SC
10952,267253,179.365,30410,BCM,2661,CS,OC
10953,260895,179.365,30411,BC,1605,CS,OC
10954,244543,179.365,30413,MBCV,1419,EE,MBCV
10955,201309,179.365,30417,BC,4962,EE,OC
10956,255844,179.365,30418,BCM,1013,CS,BCM
10957,212973,179.365,30419,BC,2618,EC,BC
10958,368174,179.365,30421,BC,1409,AD,OC
10959,337471,179.365,30422,BC,2708,AL,OC
10960,294651,179.365,30423,MBCV,2709,CE,OC
10961,201436,179.36,30425,BC,2726,AG,OC
10962,348195,179.36,30426,BC,4669,EC,OC
10963,350774,179.36,30427,MBCV,1026,EC,MBCV
10964,214431,179.36,30428,BC,2719,EI,OC
10965,318775,179.36,30432,SC,5,IT,SC
10966,249516,179.36,30433,MBCDNC,2719,EC,MBCDNC
10967,218722,179.36,30434,BCM,2709,EC,BCM
10968,266971,179.36,30435,BC,5910,EC,OC
10969,237584,179.355,30437,BC,2369,EC,BC
10970,325461,179.355,30438,BC,2764,BM,BC
10971,304883,179.355,30440,BC,2702,FD,BC
10972,222820,179.35,30442,BC,1149,EC,OC
10973,249997,179.35,30443,BC,1216,EC,OC
10974,368341,179.35,30444,BC,4971,EC,OC
10975,218448,179.35,30445,MBC,2734,CS,OC
10976,255060,179.35,30446,BC,1317,EI,OC
10977,275099,179.35,30447,MBCV,2711,EC,MBCV
10978,244592,179.35,30448,OC,3011,ME,OC
10979,258898,179.35,30449,OC,1325,CS,OC
10980,257383,179.35,30451,BC,1118,IT,OC
10981,307959,179.35,30452,MBCDNC,1216,CS,MBCDNC
10982,268823,179.35,30453,SC,2005,CE,SC
10983,294373,179.35,30454,MBC,4955,IT,OC
10984,278036,179.35,30456,MBCV,2719,EC,MBCV
10985,207412,179.35,30457,BC,1317,EE,BC
10986,372209,179.35,30458,BC,1118,IT,OC
10987,301242,179.35,30459,BC,1211,ME,BC
10988,318665,179.35,30460,BC,2615,CE,BC
10989,252991,179.35,30462,BC,1237,CS,BC
10990,291567,179.34,30465,MBC,2739,EE,MBC
10991,206669,179.34,30466,BC,2727,IT,OC
10992,243949,179.34,30467,BC,2702,ME,OC
10993,265286,179.34,30473,BC,4954,CS,OC
10994,226511,179.34,30474,BC,2710,EC,OC
10995,208096,179.34,30475,SC,2702,AD,SC
10996,265574,179.34,30476,MBCDNC,5901,ME,MBCDNC
10997,349091,179.34,30477,MBCDNC,2718,ME,MBCDNC
10998,220555,179.33,30479,BC,1149,EC,OC
10999,368705,179.33,30480,BCM,1424,CS,OC
11000,252451,179.33,30481,OC,1311,IT,OC
11001,245707,179.33,30483,BC,2722,ME,OC
11002,234410,179.33,30484,BC,5,CS,BC
11003,208826,179.33,30486,MBCV,1014,CS,OC
11004,208491,179.33,30487,OC,2706,EE,OC
11005,369297,179.33,30488,BC,3829,EC,OC
11006,348020,179.33,30489,BC,2625,AG,OC
11007,245628,179.33,30490,MBCDNC,2702,EE,MBCDNC
11008,208914,179.33,30495,BC,1311,IT,OC
11009,216650,179.33,30496,BC,2711,EI,BC
11010,246595,179.33,30497,MBCV,1013,IT,OC
11011,219020,179.33,30498,MBCV,3801,IT,OC
11012,326741,179.33,30499,BCM,3011,BT,BCM
11013,201169,179.33,30500,BC,1202,CS,OC
11014,294416,179.33,30501A,BC,2618,EE,OC
11015,263029,179.33,30502,BC,3795,CS,BC
11016,335051,179.33,30503,MBCV,2722,EC,MBCV
11017,267896,179.325,30504,BC,2736,CS,BC
11018,335854,179.325,30505,MBCV,5,CS,MBCV
11019,259699,179.325,30507,BC,1128,EC,BC
11020,265608,179.325,30508,BC,2715,AD,OC
11021,276714,179.325,30509,MBC,2727,IT,OC
11022,252826,179.325,30510,BC,2621,IT,OC
11023,351091,179.32,30513,BC,1238,EC,OC
11024,299373,179.32,30514,BC,1014,IT,OC
11025,273857,179.32,30515,BC,2711,EI,BC
11026,253567,179.32,30516,MBCV,1118,EC,OC
11027,307127,179.32,30518,BC,1317,ME,OC
11028,270366,179.32,30521,MBCV,2735,IT,MBCV
11029,234453,179.32,30522,BC,2718,CE,OC
11030,217320,179.315,30524,MBCDNC,4962,EE,MBCDNC
11031,367700,179.315,30526,MBCV,4974,EC,MBCV
11032,292586,179.315,30527,MBC,5010,CS,MBC
11033,204634,179.315,30528,BC,2708,AL,OC
11034,215384,179.315,30529,BC,2329,CS,OC
11035,246754,179.315,30531,BC,4944,CE,OC
11036,264897,179.315,30532,OC,1216,EC,OC
11037,285516,179.315,30536,BC,1026,EC,BC
11038,212979,179.315,30537,BCM,2,AP,BCM
11039,330358,179.315,30539,BC,4980,EC,OC
11040,266183,179.31,30540,MBCV,2653,IT,OC
11041,206723,179.31,30541,BC,1116,CS,OC
11042,252428,179.305,30543,BC,2711,ME,OC
11043,315241,179.305,30545,MBCV,3011,EC,MBCV
11044,201628,179.305,30546,MBC,3011,EC,MBC
11045,312245,179.305,30547,BC,2708,CS,OC
11046,283027,179.3,30548,BC,2601,CS,OC
11047,225732,179.3,30549,BCM,2711,IT,BCM
11048,242845,179.3,30550,BC,2709,CE,OC
11049,275065,179.3,30551,BC,2736,CS,BC
11050,235111,179.3,30554,BC,4960,EE,BC
11051,266135,179.3,30555,SC,1317,CS,SC
11052,292874,179.3,30556,BC,2618,EC,BC
11053,226002,179.3,30557,MBCDNC,1317,EC,MBCDNC
11054,263536,179.295,30559,BC,4959,CS,OC
11055,296001,179.295,30561,MBCDNC,4672,CS,OC
11056,302712,179.295,30564,BC,3011,EC,BC
11057,247387,179.295,30565,BC,5910,IT,BC
11058,287392,179.295,30566,BC,5910,IT,BC
11059,208777,179.295,30567,BC,1118,CS,BC
11060,233629,179.295,30568,BC,3803,IT,OC
11061,206083,179.295,30569,MBCV,5010,CS,MBCV
11062,292676,179.295,30570,SC,1317,EC,SC
11063,262513,179.295,30571,BC,2710,EC,OC
11064,219820,179.295,30572,BCM,1013,CS,BCM
11065,309942,179.295,30574,SC,5010,CE,OC
11066,284138,179.295,30575,MBCDNC,2615,MT,MBCDNC
11067,242206,179.295,30576,MBCV,1231,IT,MBCV
11068,323551,179.295,30577,BC,2612,EC,OC
11069,200491,179.295,30578,OC,1317,ME,OC
11070,220293,179.295,30579,BC,3011,EC,BC
11071,209585,179.29,30580,MBC,2719,EI,OC
11072,271773,179.29,30581,BC,5022,CS,OC
11073,209459,179.285,30582,BCM,1408,CS,OC
11074,282084,179.285,30583,BC,1210,EE,OC
11075,220785,179.285,30585,BC,1120,EC,OC
11076,246147,179.285,30586,OC,3819,EC,OC
11077,235328,179.285,30587,BC,3812,EC,OC
11078,278809,179.285,30588,MBCV,1304,EI,MBCV
11079,245214,179.285,30589,MBC,4917,BM,OC
11080,282087,179.285,30590,SC,1211,AL,SC
11081,273952,179.285,30591,BC,1317,EE,BC
11082,355830,179.285,30592,BC,3760,AG,OC
11083,256248,179.285,30594,BC,5901,ME,BC
11084,307704,179.285,30596,MBC,2739,EC,MBC
11085,323257,179.285,30597,BC,1216,EC,OC
11086,256235,179.285,30599,BCM,1309,EC,BCM
11087,201039,179.285,30600,MBC,2719,RM,MBC
11088,248307,179.285,30601,BC,5910,IT,BC
11089,251369,179.285,30602,BC,1217,CS,OC
11090,322868,179.275,30603,OC,1309,EE,OC
11091,203271,179.275,30604,BC,1422,EC,BC
11092,236096,179.275,30605,BC,2712,TX,BC
11093,331855,179.275,30606,MBC,2715,AG,OC
11094,224568,179.275,30607,BC,2622,BT,OC
11095,286396,179.275,30608,BC,2608,EC,OC
11096,257533,179.275,30609,BC,2726,CS,OC
11097,263606,179.275,30613,BC,1317,EE,BC
11098,304078,179.275,30615,BC,2725,CS,BC
11099,216891,179.275,30616,MBCDNC,1210,IT,MBCDNC
11100,276405,179.275,30617,BC,2750,EC,OC
11101,211946,179.275,30618,BC,1306,IT,BC
11102,338038,179.27,30620,BC,3011,AU,OC
11103,363706,179.265,30624,SC,1399,CS,SC
11104,260131,179.265,30625,MBC,2727,AD,OC
11105,258359,179.265,30626,BC,1118,CB,OC
11106,257440,179.265,30630,BC,3803,CS,BC
11107,263128,179.265,30634,BC,3011,EC,BC
11108,232155,179.26,30636,BC,3829,EC,OC
11109,205839,179.26,30637,BC,5910,IT,BC
11110,256968,179.26,30638,SC,3811,CS,OC
11111,250608,179.26,30639,MBCDNC,3819,CS,MBCDNC
11112,367611,179.26,30640,SC,2642,IT,OC
11113,295528,179.26,30641,MBCV,2609,CH,OC
11114,201559,179.26,30643,MBCDNC,3011,EC,MBCDNC
11115,333977,179.26,30644,BC,4917,IT,OC
11116,216790,179.255,30650,MBCDNC,2025,EE,MBCDNC
11117,222942,179.255,30651,BC,2719,ME,OC
11118,211417,179.255,30652,BC,5904,CS,BC
11119,333684,179.255,30654,BC,2369,EE,OC
11120,270316,179.255,30656,BC,5910,AD,BC
11121,349135,179.25,30657,SCA,2005,CE,SCA
11122,229027,179.25,30658,BC,2603,EE,BC
11123,265992,179.25,30659,BC,2617,EE,OC
11124,218044,179.25,30660,BC,1317,EI,OC
11125,284889,179.25,30662,BC,3819,EC,OC
11126,339104,179.25,30663,BC,2702,AU,OC
11127,257909,179.245,30665,BC,1310,CS,OC
11128,320048,179.245,30666,BC,2751,AD,OC
11129,284856,179.245,30667,BC,2710,SC,BC
11130,323733,179.245,30668,BC,2723,CS,BC
11131,299682,179.245,30669,MBCV,1128,AD,MBCV
11132,213586,179.245,30670,BC,1128,EC,BC
11133,225078,179.245,30672,MBCV,2710,TS,MBCV
11134,321329,179.245,30675,MBCV,1452,CS,OC
11135,305937,179.24,30676,BCM,3841,AD,OC
11136,243309,179.24,30677,BC,5986,EE,BC
11137,271645,179.24,30678,MBCV,1122,CS,MBCV
11138,210498,179.24,30681,BC,1317,EE,BC
11139,206107,179.24,30684,SC,5008,CN,SC
11140,246257,179.24,30685,BC,1317,EE,BC
11141,322352,179.24,30688,BC,3011,EE,OC
11142,363335,179.24,30689,SC,2729,AE,OC
11143,268992,179.24,30690,BC,2725,CS,BC
11144,346635,179.24,30691,BC,1118,IT,BC
11145,287142,179.24,30692,MBCDNC,3011,BT,MBCDNC
11146,202237,179.24,30693,OC,2734,CS,OC
11147,290989,179.24,30694,BC,2727,AD,OC
11148,243698,179.24,30695,BC,2719,RM,BC
11149,334708,179.24,30696,MBCDNC,2721,CS,OC
11150,261886,179.23,30700,MBCV,3465,EE,OC
11151,313538,179.23,30703,BC,2706,EE,OC
11152,260009,179.23,30704,BC,2706,EE,OC
11153,306696,179.23,30705,BC,2710,EC,BC
11154,319355,179.22,30707,BC,5536,EC,OC
11155,229834,179.22,30708,BC,5910,IT,BC
11156,204262,179.22,30710,BC,1122,CS,BC
11157,345931,179.22,30711,BC,2345,CS,OC
11158,248207,179.22,30712,MBC,1422,EC,MBC
11159,264695,179.22,30715,MBCDNC,2607,CS,OC
11160,248836,179.22,30717,BC,2653,EE,OC
11161,247407,179.22,30719,BCM,1101,CS,OC
11162,201987,179.22,30720,SC,1113,CS,SC
11163,243189,179.22,30721,MBCDNC,5901,ME,MBCDNC
11164,215025,179.215,30723,OC,1237,IT,OC
11165,202137,179.215,30724,BC,2710,EC,BC
11166,257288,179.215,30725,MBCV,3011,CE,OC
11167,311064,179.21,30728,BC,5901,ME,BC
11168,220367,179.21,30729,BC,2710,EC,BC
11169,279248,179.21,30730,BC,5921,CS,OC
11170,305205,179.21,30731,BC,1237,AD,OC
11171,301306,179.21,30732,BC,4944,EC,OC
11172,239384,179.21,30733,OC,1118,CB,OC
11173,212898,179.21,30734,BC,2608,IT,BC
11174,224838,179.21,30736,MBCV,2722,EE,MBCV
11175,272890,179.21,30737,BC,2725,CS,BC
11176,281552,179.21,30738,BC,4020,EC,BC
11177,244222,179.21,30739,BC,1120,EC,BC
11178,308699,179.21,30740,BC,1120,EC,BC
11179,206589,179.21,30743,BC,5901,ME,BC
11180,222573,179.21,30744,BC,2764,BM,BC
11181,214093,179.21,30745,BC,1219,CE,BC
11182,273743,179.205,30746,MBCDNC,4962,EC,MBCDNC
11183,216281,179.205,30748,BC,2712,TX,BC
11184,322444,179.205,30750,MBCDNC,5009,EC,OC
11185,237524,179.2,30752,BC,1237,CS,BC
11186,254266,179.2,30753,BC,3795,CS,BC
11187,203617,179.2,30754,OC,2736,IT,OC
11188,272317,179.2,30756,BC,2726,CS,OC
11189,321819,179.195,30757,BC,2610,BM,OC
11190,215514,179.195,30758,MBCV,1216,EE,OC
11191,238883,179.195,30759,SC,2377,ME,SC
11192,248398,179.195,30760,MBCV,5009,CS,MBCV
11193,298030,179.19,30761,BC,2618,EC,BC
11194,331267,179.19,30762,BC,1412,CS,OC
11195,339250,179.19,30763,BC,1114,IT,OC
11196,204140,179.19,30764,MBCDNC,2657,RM,OC
11197,292823,179.19,30765,BC,1414,IT,OC
11198,247297,179.19,30766,BC,4670,CS,OC
11199,245794,179.19,30767,BC,1114,CS,OC
11200,288119,179.185,30768,BC,1120,EC,BC
11201,212215,179.185,30769,MBCV,1309,EC,MBCV
11202,351642,179.185,30770,BCM,1516,EC,BCM
11203,219909,179.185,30771,BCM,2719,IT,BCM
11204,210005,179.185,30772,BC,2739,EE,BC
11205,254373,179.185,30773,BC,5009,EC,OC
11206,323595,179.185,30774,BC,2618,EE,OC
11207,220772,179.185,30776,BC,1118,IT,BC
11208,238650,179.185,30777,BC,2727,CS,BC
11209,238280,179.185,30778,MBCDNC,2704,IT,MBCDNC
11210,360780,179.185,30780,MBCV,1210,EC,MBCV
11211,283517,179.185,30781,BC,1306,AD,OC
11212,341779,179.185,30782,MBC,2723,CE,OC
11213,287995,179.185,30783,BC,2608,CE,OC
11214,246677,179.185,30784,MBCV,1149,IT,MBCV
11215,235108,179.185,30785,BC,2369,EC,BC
11216,218082,179.185,30786,MBCV,1013,IT,OC
11217,245562,179.185,30787,BC,4959,CS,OC
11218,354054,179.185,30788,BC,5022,CS,OC
11219,298299,179.185,30789,BC,2722,EE,BC
11220,319538,179.185,30790,BC,2629,MD,OC
11221,269855,179.175,30791,SCA,2709,CS,SCA
11222,212083,179.175,30793,BC,5904,CS,BC
11223,216864,179.175,30794,MBC,1516,EE,MBC
11224,331244,179.175,30795,BC,5,CS,BC
11225,297205,179.175,30796,BC,2725,CS,BC
11226,335628,179.175,30798,BC,3795,CS,BC
11227,247159,179.175,30800,BC,1311,IT,BC
11228,359666,179.175,30801,BC,3817,CE,OC
11229,275911,179.175,30802,BC,1210,EE,OC
11230,254992,179.175,30803,MBCV,1149,CS,MBCV
11231,222307,179.175,30804,BC,2736,BM,OC
11232,215250,179.175,30805,BC,1219,MR,OC
11233,263842,179.175,30806,MBCV,2706,CS,MBCV
11234,248454,179.175,30807,MBCDNC,2608,IT,MBCDNC
11235,327179,179.175,30808,BC,2369,EC,BC
11236,309385,179.175,30811,BC,2722,EE,BC
11237,290460,179.175,30812,MBCDNC,3011,IT,MBCDNC
11238,320696,179.165,30813,SC,2702,AD,SC
11239,201108,179.165,30814,BC,2727,CS,BC
11240,256960,179.165,30815,MBC,4959,CS,OC
11241,308806,179.165,30816,BC,3826,ME,OC
11242,214544,179.165,30818,MBCDNC,2618,EC,MBCDNC
11243,322593,179.165,30819,BCM,2349,BM,OC
11244,308176,179.16,30820,MBCV,1426,IT,OC
11245,269062,179.155,30823,OC,1324,EE,OC
11246,309953,179.155,30824,BC,2750,ME,OC
11247,234033,179.155,30826,BC,1401,CS,OC
11248,218332,179.155,30827,BC,1211,MZ,BC
11249,240185,179.155,30828,BC,2750,CS,OC
11250,240873,179.155,30829,SCA,1315,EC,SCA
11251,279340,179.155,30830,MBC,4960,EE,MBC
11252,223145,179.155,30831,OC,5910,EC,OC
11253,263335,179.155,30832,MBCV,1149,CS,MBCV
11254,322497,179.155,30833,BC,1231,IT,BC
11255,207097,179.155,30834,SC,1219,IT,SC
11256,364328,179.155,30837,MBCDNC,1216,IT,MBCDNC
11257,297159,179.15,30839,SC,5919,BT,OC
11258,270553,179.15,30840,BC,2702,AE,BC
11259,246843,179.15,30841,OC,3826,CE,OC
11260,304697,179.15,30842,BC,2711,CH,OC
11261,348325,179.15,30843,MBCDNC,3920,CS,OC
11262,251558,179.15,30845,MBC,1113,EE,MBC
11263,360644,179.15,30847,OC,1414,CS,OC
11264,243201,179.15,30849,MBCDNC,2718,CE,OC
11265,251941,179.15,30850,BC,4676,CS,OC
11266,300164,179.145,30852,MBCV,2706,EC,MBCV
11267,236511,179.145,30855,MBCV,2618,EC,MBCV
11268,232821,179.145,30856,MBCV,1516,EE,MBCV
11269,218040,179.145,30857,MBCDNC,1211,CH,MBCDNC
11270,212244,179.145,30859,BCM,4020,EC,BCM
11271,262755,179.145,30860,MBCV,2710,CS,MBCV
11272,227840,179.145,30861,MBC,5901,ME,MBC
11273,328251,179.145,30862,MBCDNC,1432,CS,MBCDNC
11274,243781,179.145,30863,BCM,3011,EE,OC
11275,206700,179.145,30865,BC,4960,ME,OC
11276,210044,179.14,30867,SCA,2006,BS,SCA
11277,244170,179.14,30868,SC,1211,CS,SC
11278,324000,179.14,30870,MBCV,2622,CS,MBCV
11279,241290,179.14,30871,MBC,3011,IT,MBC
11280,273972,179.14,30874,BC,2722,EE,BC
11281,361480,179.14,30875,SC,1516,CS,SC
11282,214856,179.135,30876,BC,4959,CS,BC
11283,308936,179.135,30878,OC,3465,EE,OC
11284,233815,179.135,30879,BCM,3021,CE,OC
11285,227756,179.135,30881,BC,5536,EC,OC
11286,235281,179.13,30882,BC,2710,TS,BC
11287,232983,179.13,30884,BC,3830,CS,BC
11288,213468,179.13,30885,BC,2736,CS,BC
11289,246833,179.13,30886,BC,5910,IT,BC
11290,282059,179.13,30887,BC,2725,CS,BC
11291,327199,179.13,30888,BC,2710,EC,BC
11292,332293,179.13,30889,MBCV,2718,ME,MBCV
11293,338683,179.13,30891,SC,3826,AG,OC
11294,255292,179.13,30892,BC,2722,EE,BC
11295,268820,179.13,30893,MBCV,2615,ME,MBCV
11296,207855,179.13,30894,BCM,1324,CS,BCM
11297,257780,179.13,30895,BC,2608,IT,BC
11298,255456,179.13,30896,OC,1122,IT,OC
11299,362207,179.13,30898,MBCV,1401,CS,OC
11300,300773,179.12,30899,BC,4960,ME,OC
11301,363687,179.12,30900,MBCV,2006,PS,MBCV
11302,270583,179.12,30902,BC,4023,CS,BC
11303,315215,179.12,30903,BC,2748,CS,OC
11304,258232,179.12,30904,BC,2736,CS,BC
11305,236224,179.12,30906,BC,5,CH,OC
11306,246090,179.12,30907,MBCV,1317,EE,MBCV
11307,320779,179.12,30908,MBC,2719,EI,MBC
11308,264689,179.12,30910,MBCV,2719,IT,MBCV
11309,337599,179.12,30911,MBCDNC,2719,EC,MBCDNC
11310,257138,179.12,30914,BC,1128,EC,BC
11311,339609,179.12,30915,BC,4678,AD,BC
11312,233117,179.12,30918,BC,2768,AO,OC
11313,344788,179.12,30919,BC,1014,CS,OC
11314,320384,179.12,30920,BC,2608,IT,BC
11315,357037,179.12,30921,BC,2603,ME,OC
11316,220680,179.12,30922,BC,2725,CS,BC
11317,348436,179.12,30923,BC,3805,EC,OC
11318,296865,179.12,30924,MBCV,2621,EC,OC
11319,299105,179.12,30925,BC,3830,CS,BC
11320,262515,179.11,30926,SC,2709,IT,SC
11321,342215,179.11,30927,MBCV,2708,BM,OC
11322,202839,179.11,30928,BC,1306,BT,BC
11323,215712,179.11,30932,MBC,2710,EC,MBC
11324,319481,179.11,30933,BC,5022,EE,OC
11325,219357,179.11,30935,BC,3815,IT,OC
11326,243910,179.11,30936,BC,2711,ME,OC
11327,287920,179.11,30937,BCM,5910,EC,OC
11328,254254,179.11,30938A,BC,2715,IT,OC
11329,245006,179.11,30939,BC,1231,AD,OC
11330,269941,179.11,30940,MBCV,1231,CS,MBCV
11331,287359,179.11,30941,MBCV,2708,CS,OC
11332,200609,179.105,30942,MBCV,1112,EC,MBCV
11333,247867,179.105,30943,MBCV,1413,CS,OC
11334,251990,179.1,30945,BC,1307,CS,OC
11335,200800,179.1,30948,BC,2750,CS,BC
11336,257546,179.1,30949,OC,5,EE,OC
11337,293451,179.1,30951,BC,1422,EC,BC
11338,332333,179.1,30953,BC,1237,EC,OC
11339,327988,179.1,30954,SC,3701,CS,OC
11340,222101,179.1,30955,BC,4981,CS,OC
11341,227060,179.1,30956,BC,1120,EC,BC
11342,232021,179.1,30957,BC,2708,EC,OC
11343,277281,179.1,30958,MBCV,1306,CS,MBCV
11344,304463,179.1,30961,BC,2750,CS,BC
11345,228542,179.095,30962,MBCV,5010,EC,MBCV
11346,211046,179.095,30963,SC,2607,CS,OC
11347,354587,179.095,30964,MBCV,1516,EE,MBCV
11348,326448,179.095,30966,SC,5901,EE,SC
11349,299891,179.095,30967,MBCV,1432,AD,MBCV
11350,327953,179.095,30969,MBCV,2710,AD,MBCV
11351,209623,179.095,30972,BC,1231,CB,OC
11352,219151,179.09,30973,BC,5904,CS,BC
11353,302347,179.09,30974,MBC,3843,CS,OC
11354,270105,179.09,30975,SC,2,LE,SC
11355,312856,179.09,30976,BC,2608,IT,BC
11356,261682,179.09,30977,BC,2357,CS,OC
11357,300867,179.09,30978,BC,4974,CE,BC
11358,262735,179.085,30980,OC,5,EC,OC
11359,309084,179.085,30981,MBCV,1321,PA,MBCV
11360,303912,179.085,30982,BC,2740,CS,OC
11361,255502,179.085,30984,MBCV,1210,EC,MBCV
11362,329203,179.085,30985,BC,1118,IT,BC
11363,259380,179.085,30986,BC,2712,FT,BC
11364,331397,179.085,30987,BC,2302,BM,OC
11365,230412,179.085,30988,BCM,2719,CJ,BCM
11366,320890,179.085,30989,BC,2726,CS,OC
11367,229909,179.08,30990,BC,2719,EI,BC
11368,335765,179.08,30991,BCM,1120,IT,BCM
11369,351999,179.08,30994,BC,1432,ME,OC
11370,314868,179.08,30997,MBCV,2618,AD,MBCV
11371,310741,179.08,30998,MBCV,2704,IT,MBCV
11372,258371,179.075,30999,MBC,1219,ME,MBC
11373,312160,179.075,31000,BC,1231,AD,OC
11374,215696,179.075,31001,BC,4962,EE,BC
11375,246665,179.075,31002,MBCV,5009,CS,MBCV
11376,307302,179.075,31003,MBCV,3011,PH,MBCV
11377,216879,179.075,31005,MBCDNC,4974,ME,OC
11378,299572,179.075,31006,BC,5910,CB,BC
11379,219006,179.075,31007,BC,1128,EC,BC
11380,255376,179.07,31010,BC,1311,AO,BC
11381,241800,179.065,31011,SC,4974,EE,SC
11382,368426,179.065,31012,SCA,2656,CS,OC
11383,206959,179.065,31013,BC,5910,IT,BC
11384,327712,179.065,31017,BC,1311,CS,BC
11385,252286,179.065,31018,BC,3830,CS,BC
11386,239883,179.065,31019,BC,1450,ME,BC
11387,343197,179.065,31020,BC,1202,CS,OC
11388,218779,179.065,31021,MBCDNC,3011,IT,MBCDNC
11389,317960,179.065,31023,SC,2,AP,SC
11390,248885,179.065,31024,BCM,3841,CS,OC
11391,214933,179.065,31025,MBCV,1306,BT,MBCV
11392,287055,179.065,31027,BC,2651,AD,OC
11393,345749,179.065,31028,BC,2623,CS,OC
11394,239249,179.065,31030,BCM,3464,CS,BCM
11395,306601,179.065,31033,BC,3464,EC,BC
11396,257431,179.065,31034,BC,1013,IT,OC
11397,278248,179.065,31036,MBCDNC,5986,IT,MBCDNC
11398,255768,179.065,31037,BC,1516,EE,BC
11399,263798,179.06,31040,BC,2710,EC,BC
11400,312471,179.055,31042,BC,1211,ME,BC
11401,206948,179.055,31043,SC,1216,AD,SC
11402,327251,179.055,31044,BC,2610,BM,OC
11403,369821,179.055,31045,MBCDNC,2718,ME,MBCDNC
11404,213755,179.055,31046,BC,4955,CS,BC
11405,282620,179.05,31047,BC,4959,CS,BC
11406,261887,179.05,31049,MBC,4959,AD,OC
11407,369324,179.05,31051,ST,2659,BM,OC
11408,224420,179.045,31055,MBCV,1424,AD,OC
11409,266504,179.045,31057,BC,5910,EC,OC
11410,236612,179.045,31059,MBCDNC,5910,CS,MBCDNC
11411,262636,179.045,31060,MBCV,2608,EC,OC
11412,344170,179.045,31061,BC,2656,CS,OC
11413,219666,179.045,31062,BC,2710,SC,BC
11414,275622,179.045,31064,BC,2745,CS,OC
11415,298692,179.045,31065,BC,1140,IT,OC
11416,215122,179.045,31066,MBC,2615,CE,MBC
11417,317627,179.045,31067,BC,1422,EC,BC
11418,342959,179.045,31069,BC,3803,CS,BC
11419,208236,179.045,31070,BC,1311,CS,BC
11420,216513,179.045,31071,BC,1422,EC,BC
11421,219432,179.045,31075,MBC,5910,CS,MBC
11422,209003,179.045,31076,BC,1516,EE,BC
11423,273549,179.045,31077,BC,3021,CS,OC
11424,309606,179.045,31079,MBC,3811,CS,OC
11425,241469,179.04,31080,SC,3011,PH,SC
11426,253656,179.04,31081,BC,1120,EC,BC
11427,312492,179.04,31082,SC,2712,EE,SC
11428,357964,179.04,31083,BC,2751,EC,OC
11429,250176,179.04,31084,MBCDNC,1324,IT,MBCDNC
11430,286146,179.04,31085,BC,2736,AD,OC
11431,261881,179.04,31087,BC,5904,CS,BC
11432,311717,179.04,31088,BC,5921,CS,OC
11433,307350,179.04,31089,BC,1409,BT,OC
11434,325843,179.04,31091,BC,2608,CB,OC
11435,259224,179.035,31094,BC,2736,BM,OC
11436,257390,179.035,31095,SCA,5901,EC,SCA
11437,218281,179.035,31096,MBCV,2618,IT,MBCV
11438,290595,179.035,31097,SC,1225,EE,OC
11439,268391,179.035,31098,BC,1422,EC,BC
11440,243465,179.03,31100,BC,1120,EC,BC
11441,211911,179.03,31101,MBC,2722,CE,OC
11442,311702,179.03,31103,BC,2369,EC,BC
11443,297687,179.03,31104,BC,1307,CS,OC
11444,257143,179.03,31105,SCA,2006,MF,SCA
11445,241786,179.03,31108,BCM,4955,CS,BCM
11446,228022,179.03,31109,BC,1122,BT,OC
11447,300641,179.03,31110,BC,4974,CE,BC
11448,261725,179.025,31111,BC,1128,EC,BC
11449,312473,179.025,31112,BCM,1118,ME,OC
11450,318895,179.025,31114,BC,2702,ME,OC
11451,220487,179.02,31115,BC,1237,CS,BC
11452,232278,179.02,31116,SC,2615,CE,SC
11453,223675,179.02,31117,MBCV,2628,CS,OC
11454,207036,179.02,31119,MBCV,2702,CB,MBCV
11455,254830,179.02,31120,BC,3826,IT,OC
11456,235139,179.015,31123,BC,5904,CS,BC
11457,266213,179.015,31124,BC,3795,EC,OC
11458,342012,179.015,31125,SC,2007,ME,SC
11459,206762,179.01,31128,BC,1211,CH,BC
11460,310204,179.01,31130,MBCV,1110,CS,OC
11461,201758,179.01,31132,BC,2343,HT,BC
11462,271602,179.01,31133,BC,1450,ME,BC
11463,321473,179.01,31134,MBCV,1516,EE,MBCV
11464,246767,179.01,31135,BC,1309,EC,BC
11465,239285,179.01,31136,SC,2702,CS,SC
11466,248149,179.01,31139,BCM,1324,CS,BCM
11467,259052,179.01,31140,MBCV,2709,AU,OC
11468,222146,179.01,31142,BC,3819,IT,BC
11469,357377,179.01,31143,BC,1311,AO,BC
11470,214767,179.01,31144,BCM,1509,CS,OC
11471,310113,179.01,31145,MBCV,1211,RM,MBCV
11472,227651,179.01,31147,MBC,2725,CS,MBC
11473,218609,179.01,31148,BC,4954,CS,OC
11474,346888,179.01,31149,SC,2611,CY,OC
11475,351481,179.01,31150,MBCDNC,2661,EC,OC
11476,216609,179.01,31151,BC,1114,CS,OC
11477,229093,179.01,31152,MBC,2726,IT,OC
11478,207374,179.01,31153,MBC,5910,IT,MBC
11479,227488,179.01,31155,BC,2708,IT,OC
11480,266262,179.01,31156,BC,1216,AD,BC
11481,214195,179.01,31157,MBCDNC,1113,CD,MBCDNC
11482,254048,179.01,31159,BC,5910,IT,BC
11483,258514,179.01,31161,MBCV,2603,ME,OC
11484,320858,179.01,31165,BC,2726,AL,OC
11485,228345,179.01,31166,BC,2702,ME,OC
11486,229976,179.01,31167,OC,1216,EC,OC
11487,326654,179.01,31168,SC,2702,CS,SC
11488,211725,179.01,31170,BCM,1149,EC,OC
11489,260879,179.01,31171,SC,2712,EC,SC
11490,242108,179,31173,BC,3819,AD,BC
11491,368744,179,31177,BC,2615,ME,BC
11492,274344,179,31179,BCM,1211,ME,BCM
11493,311125,179,31181,MBC,5904,CS,MBC
11494,264440,179,31186,BC,1211,MZ,BC
11495,339218,179,31190,MBCDNC,1120,CS,MBCDNC
11496,325611,179,31193,OC,2723,IT,OC
11497,220520,179,31194,BC,1231,IT,BC
11498,301461,179,31195,BC,4971,CS,BC
11499,283519,179,31196,BC,2727,IT,BC
11500,291232,179,31203,MBCDNC,5986,EC,MBCDNC
11501,223117,179,31206,BC,2710,SC,BC
11502,241869,179,31207,BC,1149,EC,OC
11503,339858,179,31211,MBCDNC,1304,EE,MBCDNC
11504,310910,179,31212,BC,2729,AD,OC
11505,281437,179,31213,MBCV,4960,CS,MBCV
11506,328989,179,31214,BC,2719,RM,BC
11507,277912,179,31215,BCM,3819,CS,BCM
11508,348602,179,31216,BC,1306,IT,BC
11509,305321,179,31217,MBCDNC,2706,IT,MBCDNC
11510,313161,179,31219,BC,1317,EE,BC
11511,242382,179,31220,BC,4974,ME,OC
11512,281951,179,31221,SC,4974,EE,SC
11513,247278,179,31222,SC,1321,PA,SC
11514,318356,179,31224,MBCV,1307,CS,OC
11515,300439,179,31234,MBCDNC,1120,CS,MBCDNC
11516,320515,179,31237,BC,2610,EC,OC
11517,274238,179,31238,BC,2608,IT,BC
11518,261586,179,31239,BC,1516,CE,OC
11519,219973,179,31239A,MBCV,2740,IT,OC
11520,231347,179,31240,BC,2725,IT,BC
11521,277350,179,31241,BC,1311,CS,BC
11522,271444,179,31242,MBCV,5,CF,OC
11523,299109,179,31243,BC,1306,BT,BC
11524,350987,179,31244,SC,1211,CS,SC
11525,295882,179,31247,BC,1307,BM,OC
11526,328393,179,31248,MBC,1311,AD,OC
11527,346059,179,31254,BC,1128,EC,BC
11528,202752,179,31257,OC,1216,EC,OC
11529,351732,179,31258,BC,4960,BM,BC
11530,204204,179,31259,BC,2712,TX,BC
11531,284944,179,31259A,MBC,1304,EI,MBC
11532,356490,179,31263,BC,1149,EC,OC
11533,203228,179,31265,BC,1309,EC,BC
11534,306304,179,31268,BC,2329,AD,OC
11535,349275,179,31273,BC,1211,ME,BC
11536,308958,179,31277,MBCDNC,1211,CH,MBCDNC
11537,288497,179,31279,SC,2712,EE,SC
11538,286515,179,31281,BC,1413,AD,OC
11539,273732,179,31282,BC,1231,IT,BC
11540,299935,179,31283,BC,1116,EC,OC
11541,225292,179,31284,OC,1309,ME,OC
11542,283563,179,31288,MBCDNC,2615,ME,MBCDNC
11543,310767,179,31292,BC,2764,BM,BC
11544,362254,179,31293A,BC,2711,ME,OC
11545,278062,179,31293,BC,1322,CS,OC
11546,232187,179,31297,BC,5010,EC,BC
11547,346221,179,31301,BCM,2739,IT,BCM
11548,328468,179,31302,BC,2725,CS,BC
11549,323498,179,31303,BCM,2719,EC,BCM
11550,266739,179,31305,MBCV,1231,CS,MBCV
11551,335814,179,31308,BC,5,CS,BC
11552,232306,179,31309,OC,2357,IT,OC
11553,323261,179,31315,MBCV,2712,ME,MBCV
11554,313546,179,31316,BC,2608,IT,BC
11555,278701,179,31319,BC,1311,CS,BC
11556,209164,179,31321,MBC,1219,MR,MBC
11557,280140,179,31325,BC,1231,AD,OC
11558,305109,179,31327,MBCV,1399,MZ,MBCV
11559,271470,179,31328,SC,1317,EC,SC
11560,314134,179,31330,MBCV,5010,CS,MBCV
11561,235930,179,31331,BC,1309,EC,BC
11562,309290,179,31337,OC,3464,ME,OC
11563,322814,179,31339,BC,2719,RM,BC
11564,298833,179,31340,BC,1140,CS,BC
11565,205185,179,31341,BC,4960,BT,BC
11566,310033,178.995,31342,BC,2734,CS,OC
11567,273415,178.995,31344,BC,1233,CS,OC
11568,351754,178.995,31345,BCM,5832,EC,OC
11569,214445,178.99,31348,BC,2736,CS,BC
11570,202945,178.99,31351,BC,2607,EC,OC
11571,240778,178.99,31352,BC,3701,CS,OC
11572,243300,178.99,31353,BCM,2710,CS,BCM
11573,372705,178.99,31354,BC,2622,EE,OC
11574,229869,178.99,31355,BC,1422,EC,BC
11575,223071,178.985,31356,BC,5,CF,OC
11576,234747,178.985,31357,BC,2607,BT,OC
11577,304961,178.985,31358,SC,3465,EC,SC
11578,302973,178.985,31360,BC,2719,EI,BC
11579,209319,178.98,31361,BC,1422,EC,BC
11580,258902,178.98,31362,SC,5008,MG,SC
11581,212853,178.98,31363,BC,2710,TS,BC
11582,233595,178.98,31365,MBC,1432,EC,MBC
11583,264465,178.98,31366,BC,4959,CS,BC
11584,238370,178.98,31367,BC,1210,EE,OC
11585,224324,178.98,31368,MBCV,2710,IT,MBCV
11586,347049,178.975,31371,BCM,2722,EC,BCM
11587,268000,178.975,31373,BC,2618,EC,BC
11588,361315,178.975,31374,SC,2347,ME,OC
11589,214515,178.975,31375,BC,1317,EI,OC
11590,242477,178.975,31376,MBCDNC,1113,CB,MBCDNC
11591,205178,178.975,31380,MBCV,5901,ME,MBCV
11592,363605,178.975,31382,MBCV,2345,CS,OC
11593,312019,178.975,31384,MBCV,5,EC,OC
11594,246322,178.975,31386,BC,2710,TS,BC
11595,209956,178.97,31390,BC,5,CS,BC
11596,277614,178.97,31391,BC,2608,EC,OC
11597,345011,178.965,31393,MBCDNC,2624,AD,OC
11598,219062,178.965,31394,BC,1231,IT,BC
11599,352302,178.965,31397,BC,2618,EC,BC
11600,293708,178.965,31398,BC,2706,EE,OC
11601,337426,178.965,31399,MBCV,1516,EE,MBCV
11602,254196,178.965,31400,MBCV,1324,EC,MBCV
11603,245782,178.965,31401,SC,5,AM,SC
11604,360073,178.965,31402,OC,1149,EC,OC
11605,259366,178.965,31403,BC,1211,ME,BC
11606,229812,178.965,31404,MBCV,2702,ME,OC
11607,235816,178.965,31405,MBC,5915,CS,OC
11608,209579,178.965,31406,BC,5910,AD,BC
11609,334004,178.965,31408,BC,3425,CS,OC
11610,260785,178.965,31409,MBCDNC,5986,EC,MBCDNC
11611,210226,178.965,31410,MBC,3019,EC,OC
11612,266110,178.965,31411,MBCV,5901,CE,MBCV
11613,302019,178.965,31412,BC,2727,AD,OC
11614,207869,178.96,31413,BC,1128,EC,BC
11615,367629,178.96,31415,BC,5901,ME,BC
11616,237441,178.955,31417,MBCV,1118,EE,OC
11617,304537,178.955,31418,MBCDNC,1324,CS,MBCDNC
11618,231173,178.955,31419,BC,2727,EC,OC
11619,219230,178.955,31420,BC,4959,CS,BC
11620,281673,178.955,31421,SC,1399,IT,SC
11621,274872,178.955,31422,OC,1307,CS,OC
11622,206827,178.955,31423,BC,1419,EI,BC
11623,344271,178.955,31425,BC,2709,ME,OC
11624,253689,178.955,31428,MBC,1112,AL,MBC
11625,299952,178.955,31429,BC,2726,CS,OC
11626,247701,178.955,31431,MBCDNC,1112,CS,MBCDNC
11627,204541,178.955,31432,BC,3819,EC,OC
11628,280822,178.955,31434,BC,1207,EC,OC
11629,296207,178.955,31436,SC,3830,IT,OC
11630,297132,178.955,31437,BC,1317,CH,OC
11631,340631,178.955,31438,BC,2615,ME,BC
11632,266913,178.955,31439,BC,3908,CS,OC
11633,286390,178.955,31440,BC,1231,CB,OC
11634,321257,178.955,31441,MBCDNC,2620,EE,OC
11635,275453,178.95,31442,MBCDNC,2739,CS,MBCDNC
11636,350519,178.945,31443,MBCV,2328,BM,OC
11637,222771,178.945,31444,BC,1231,EC,OC
11638,366091,178.945,31446,MBCV,2704,IT,MBCV
11639,208510,178.945,31447,BC,5904,CS,BC
11640,246787,178.945,31448,MBCV,1231,IT,MBCV
11641,245942,178.945,31449,BC,1422,EC,BC
11642,267201,178.945,31451,MBCV,3801,CS,MBCV
11643,215024,178.94,31452,MBCV,2710,IT,MBCV
11644,318086,178.935,31453,SCA,5012,CC,SCA
11645,200205,178.935,31455,SC,2709,EC,SC
11646,303879,178.935,31456,MBCDNC,2711,AL,MBCDNC
11647,263521,178.935,31457,BC,5910,EC,OC
11648,265458,178.935,31459,BCM,4965,CS,OC
11649,320526,178.935,31461,BC,2620,TS,OC
11650,210040,178.935,31463,BC,2711,ME,OC
11651,311846,178.935,31464,BC,1216,EC,OC
11652,218641,178.935,31465,BC,2710,EC,BC
11653,264249,178.935,31467,BC,4672,CS,OC
11654,273880,178.935,31468,BC,2615,ME,BC
11655,354166,178.93,31471,BC,2725,EC,OC
11656,343949,178.93,31472,BC,1120,EC,BC
11657,237282,178.925,31475,MBCDNC,2711,CE,OC
11658,322053,178.925,31476,BC,5901,ME,BC
11659,262329,178.925,31477,BC,2369,EE,OC
11660,203792,178.925,31479,BC,1210,EE,OC
11661,313098,178.925,31480,BC,4023,CS,BC
11662,251469,178.925,31481,BC,2711,EI,BC
11663,260765,178.925,31484,BC,1231,IT,BC
11664,280102,178.925,31485,BC,2719,RM,BC
11665,249604,178.925,31486,MBCV,2704,CS,MBCV
11666,230109,178.925,31487,MBCV,1422,EC,MBCV
11667,329141,178.925,31488,BC,2709,ME,OC
11668,232027,178.925,31489,SC,2712,SE,SC
11669,203948,178.925,31490,BCM,1324,IT,BCM
11670,221550,178.925,31491,BC,2709,CE,OC
11671,369794,178.925,31492,BC,2734,CS,OC
11672,288324,178.925,31493,BC,1317,EE,BC
11673,326945,178.925,31494,BC,3819,AD,BC
11674,281806,178.925,31495,BC,2711,EI,BC
11675,245689,178.925,31496,BC,2704,CE,OC
11676,266964,178.925,31497,BC,2608,EC,OC
11677,371305,178.92,31498,BC,4993,CS,OC
11678,201086,178.92,31500,BC,1114,CS,OC
11679,240640,178.92,31501,BC,2708,CS,OC
11680,329853,178.92,31504,MBCDNC,2615,CE,MBCDNC
11681,238544,178.92,31505,MBCV,1304,RM,MBCV
11682,291898,178.92,31506,MBCV,1211,BT,MBCV
11683,275173,178.92,31508,BC,2709,ME,OC
11684,277952,178.92,31509,BC,1114,CS,OC
11685,362291,178.92,31510,SC,5,EE,OC
11686,304582,178.92,31511,MBC,1450,ME,MBC
11687,286840,178.91,31516,MBCDNC,3465,EE,OC
11688,283692,178.91,31517,BC,4954,CS,OC
11689,225488,178.91,31518,BC,1419,EI,BC
11690,257123,178.905,31520,BC,1422,EC,BC
11691,221143,178.905,31521,MBC,1509,CS,OC
11692,260171,178.9,31525,BC,4023,CS,BC
11693,227138,178.9,31526,BC,2608,CB,OC
11694,246350,178.9,31528,OC,1210,EE,OC
11695,250913,178.9,31529,BC,2369,EC,BC
11696,327858,178.9,31530,BC,1211,MZ,BC
11697,252646,178.9,31531,BC,2736,EC,OC
11698,249218,178.9,31534,BC,4955,CS,BC
11699,269751,178.9,31535,BC,4960,BT,BC
11700,252795,178.9,31537,BC,5009,EC,OC
11701,221890,178.9,31539,BC,1216,AL,BC
11702,252921,178.9,31540,MBCV,2607,CS,OC
11703,257547,178.9,31541,MBC,2727,IT,MBC
11704,289201,178.9,31542,BC,2726,CS,OC
11705,245582,178.9,31543,BC,1419,IC,BC
11706,223025,178.9,31544,BC,1113,ME,OC
11707,244797,178.9,31545,BC,1210,EE,OC
11708,329680,178.9,31546,BC,2764,BM,BC
11709,262717,178.9,31547,SC,1122,BT,OC
11710,303067,178.9,31549,BC,2725,IT,BC
11711,217109,178.9,31550,BCM,1118,EC,OC
11712,225146,178.9,31552,BC,4023,CS,BC
11713,234619,178.89,31555,MBCV,1210,EC,MBCV
11714,291471,178.89,31556,BC,5,CH,OC
11715,304122,178.89,31559,MBCDNC,1233,CS,OC
11716,236573,178.89,31560,MBCDNC,3011,BT,MBCDNC
11717,256251,178.89,31561,BC,2707,CS,OC
11718,264823,178.89,31562,MBCV,5,CS,MBCV
11719,211672,178.89,31563,BC,4959,CS,BC
11720,354251,178.89,31564,BC,4960,BT,BC
11721,234403,178.89,31565,SC,2702,CS,SC
11722,237700,178.89,31566,BC,3826,CS,BC
11723,253654,178.89,31567,BC,2651,EC,OC
11724,315911,178.89,31569,BC,2735,CS,BC
11725,311042,178.89,31570,MBCV,2620,EC,OC
11726,271028,178.89,31571,MBCV,2739,AD,MBCV
11727,211553,178.89,31573,BC,2735,CS,BC
11728,250841,178.89,31574,BC,2725,IT,BC
11729,260532,178.89,31577,BC,4954,CS,OC
11730,216327,178.89,31578,BC,1122,AD,BC
11731,316170,178.89,31579,MBCDNC,2741,CS,MBCDNC
11732,348026,178.89,31580,BC,2369,EC,BC
11733,202301,178.89,31581,MBC,1505,CS,OC
11734,284778,178.89,31582,MBCDNC,2739,CB,MBCDNC
11735,212021,178.885,31584,BC,2723,CS,BC
11736,238492,178.885,31586,BC,4944,EC,OC
11737,281938,178.885,31587,SC,2007,MF,SC
11738,260839,178.88,31588,BC,1317,EE,BC
11739,310853,178.88,31589,BCM,1432,EC,BCM
11740,259034,178.88,31590,BCM,3465,EC,BCM
11741,216054,178.88,31593,BC,2608,EC,OC
11742,286205,178.88,31594,MBCDNC,2702,BT,MBCDNC
11743,293341,178.875,31596,BC,1316,AD,OC
11744,298503,178.875,31598,BC,1311,CS,BC
11745,344322,178.875,31599,BC,3018,CS,OC
11746,351570,178.875,31600,MBCV,2006,TX,MBCV
11747,356631,178.87,31604,SC,1123,IT,OC
11748,270645,178.87,31605,MBCV,2709,ME,OC
11749,248898,178.87,31606,BC,3819,IT,BC
11750,260356,178.87,31607,BC,1516,ME,OC
11751,259716,178.87,31608,SC,1219,EE,SC
11752,215293,178.87,31610,SC,1317,CS,SC
11753,263455,178.87,31611,BC,1118,IT,BC
11754,249788,178.87,31613,BC,1216,AL,BC
11755,302784,178.87,31614,BC,2618,CE,OC
11756,263185,178.87,31617,MBCV,1233,EC,OC
11757,278954,178.87,31619,MBCV,2718,MZ,MBCV
11758,281641,178.87,31620,BC,5,IT,BC
11759,339260,178.87,31621,MBCDNC,2710,IT,MBCDNC
11760,307580,178.865,31626,BC,2725,CS,BC
11761,205672,178.865,31628,BC,3011,PH,BC
11762,217434,178.865,31630,OC,4678,EC,OC
11763,298456,178.865,31631,BC,2709,ME,OC
11764,207307,178.865,31632,BC,1422,EC,BC
11765,237985,178.865,31633,MBCDNC,2711,FD,MBCDNC
11766,274292,178.865,31634,BC,2608,AL,OC
11767,252431,178.865,31636,BC,5865,CS,OC
11768,266355,178.865,31640,BC,4955,CS,BC
11769,290576,178.86,31642,MBCV,2653,IT,OC
11770,242811,178.86,31643,BC,4965,CS,OC
11771,354235,178.86,31644,BC,2601,BT,OC
11772,276124,178.86,31645,BC,2302,CS,OC
11773,212478,178.86,31646,OC,1304,AU,OC
11774,211210,178.86,31647,OC,3819,CB,OC
11775,280834,178.86,31648,MBC,2618,AD,MBC
11776,216851,178.86,31649,BC,1120,EC,BC
11777,307839,178.86,31650,BCM,3011,EC,BCM
11778,237002,178.86,31651,BC,2710,EC,BC
11779,354040,178.855,31653,SCA,4,AU,SCA
11780,356347,178.855,31655,BC,1309,EC,BC
11781,207070,178.855,31656,BC,2726,AL,OC
11782,362015,178.855,31657,BC,2751,AD,OC
11783,204549,178.855,31658,BC,2726,AL,OC
11784,224132,178.855,31659,BC,1516,EE,BC
11785,259636,178.855,31660,MBCV,3019,CS,OC
11786,247782,178.855,31661,MBCV,3803,CS,MBCV
11787,285286,178.855,31665,SC,4960,BM,SC
11788,273032,178.855,31666,SC,1321,PA,SC
11789,220689,178.85,31668,MBCDNC,2702,MC,MBCDNC
11790,221631,178.85,31670,OC,2736,BM,OC
11791,292999,178.85,31671,BC,2615,CE,BC
11792,217924,178.845,31672,MBCDNC,2750,AD,OC
11793,331818,178.845,31673,MBC,2736,CS,MBC
11794,354695,178.845,31674,SC,2615,ME,SC
11795,269808,178.845,31675,BCM,2704,CS,BCM
11796,319222,178.845,31676,MBC,1231,IT,MBC
11797,299427,178.845,31678,BC,1413,AD,OC
11798,309910,178.845,31683,BC,1225,CS,OC
11799,213624,178.845,31685,BC,5904,CS,BC
11800,364904,178.845,31687,BC,4955,IT,OC
11801,341426,178.845,31690,BC,2656,EC,OC
11802,246797,178.845,31692,BC,2710,CD,OC
11803,293080,178.835,31694,BC,4678,CE,OC
11804,207969,178.835,31695,SC,2,AP,SC
11805,324696,178.835,31697,BC,2369,EE,OC
11806,228560,178.835,31698,BC,1120,EC,BC
11807,301794,178.835,31699,OC,1419,ME,OC
11808,298556,178.835,31700,BC,1513,IT,OC
11809,231529,178.835,31701,OC,1311,EC,OC
11810,324700,178.835,31704,BC,2712,FT,BC
11811,264590,178.835,31705,MBCV,5901,ME,MBCV
11812,321788,178.835,31706,MBC,2608,AL,OC
11813,273345,178.835,31707,BC,1015,CS,OC
11814,308905,178.835,31709,BC,1026,EC,BC
11815,355724,178.83,31711,SC,2723,CS,SC
11816,239784,178.83,31712,BC,5536,EE,OC
11817,290939,178.825,31714,BC,2702,AU,OC
11818,359448,178.825,31715,BC,5,CS,BC
11819,238821,178.825,31716,MBC,2723,BM,OC
11820,233411,178.825,31717,BC,2711,MZ,OC
11821,319042,178.825,31718,BC,2634,CS,OC
11822,248930,178.825,31719,MBCV,2615,CE,MBCV
11823,365597,178.825,31720,SC,1219,MR,SC
11824,259005,178.825,31721,MBC,2704,CS,MBC
11825,254842,178.825,31722,BC,1311,CS,BC
11826,240340,178.825,31723,BC,2622,CE,OC
11827,203618,178.825,31724,BC,3833,CS,OC
11828,280081,178.825,31725,BC,2702,CE,OC
11829,247439,178.825,31726,MBCV,1516,ME,OC
11830,217085,178.825,31728,BC,5910,IT,BC
11831,299370,178.825,31730A,BC,2718,CE,OC
11832,304389,178.825,31731,BC,4023,CS,BC
11833,252144,178.825,31732,MBCV,5901,CE,MBCV
11834,229204,178.825,31733,MBCV,2006,TX,MBCV
11835,326757,178.82,31734,MBCV,3410,CS,OC
11836,372926,178.82,31735,MBCV,2708,IT,OC
11837,249831,178.82,31736,BC,2727,BT,OC
11838,219643,178.82,31737,BC,2722,IC,OC
11839,258331,178.82,31738,SC,2702,CS,SC
11840,323922,178.82,31739,BC,1306,IT,BC
11841,314241,178.815,31740,BC,1216,EC,OC
11842,278089,178.815,31744,SC,1304,CS,SC
11843,273373,178.815,31745,SCA,2764,CH,OC
11844,229952,178.815,31746,SC,2718,IT,SC
11845,315687,178.815,31747,BC,2653,CS,BC
11846,285313,178.815,31749,SC,1149,EC,OC
11847,361706,178.815,31750,BC,2710,EC,BC
11848,260551,178.815,31751,SCA,5008,IM,SCA
11849,254231,178.815,31755,MBCDNC,1149,AD,MBCDNC
11850,207834,178.815,31756,MBC,1324,EC,MBC
11851,366848,178.815,31757,SCA,4,PR,SCA
11852,323074,178.815,31758,BC,1413,AD,OC
11853,239725,178.815,31759,BC,3920,CS,OC
11854,253828,178.815,31760,BC,2727,CS,BC
11855,238369,178.815,31761,MBCV,5,AM,MBCV
11856,320875,178.815,31762,BC,2622,CS,BC
11857,203552,178.81,31763,BC,2718,CE,OC
11858,230205,178.81,31765,BC,2725,EC,OC
11859,286458,178.81,31766,BC,3465,EE,OC
11860,323128,178.81,31767,BC,3011,ME,OC
11861,231371,178.81,31768,SCA,1013,IT,SCA
11862,256017,178.81,31769,MBCDNC,4020,EC,MBCDNC
11863,209971,178.81,31771,BC,1422,EC,BC
11864,309603,178.81,31772,MBC,3826,CS,MBC
11865,269724,178.81,31773,BC,3908,CS,OC
11866,203980,178.81,31774,SC,1321,PA,SC
11867,281354,178.81,31775,OC,2727,AD,OC
11868,233556,178.81,31776,BC,2726,CS,OC
11869,239999,178.805,31777,ST,2007,CS,ST
11870,244852,178.8,31779,SC,2006,CN,SC
11871,248131,178.8,31780,BC,5009,EC,OC
11872,269367,178.8,31782,BC,2709,CE,OC
11873,336780,178.8,31783,BC,1211,ME,BC
11874,210161,178.8,31785,BC,1122,AD,BC
11875,250271,178.8,31786,BC,1231,AD,OC
11876,225434,178.8,31789,BC,3464,EC,BC
11877,339314,178.8,31790,MBCDNC,3018,CS,OC
11878,373903,178.8,31791,MBCV,1231,AD,OC
11879,241742,178.795,31792,MBCV,2719,IT,MBCV
11880,222400,178.79,31798,MBC,2725,CS,MBC
11881,201837,178.79,31799,BC,2719,RM,BC
11882,203111,178.79,31803,BC,1317,EE,BC
11883,267264,178.79,31804,BC,2608,IT,BC
11884,230437,178.79,31805,SC,1419,IT,SC
11885,223800,178.79,31806,BC,4023,CS,BC
11886,228271,178.79,31808,BC,1520,IT,OC
11887,328230,178.79,31809,MBCV,1014,IT,OC
11888,208243,178.78,31811,BCM,2615,MT,BCM
11889,353079,178.78,31814,BC,2659,EC,OC
11890,264878,178.78,31817,BC,3425,EC,OC
11891,281694,178.78,31818,BC,2710,EC,BC
11892,279703,178.78,31825,SC,2618,EC,SC
11893,221420,178.78,31826,MBCV,1126,RM,OC
11894,270228,178.78,31827,BCM,5,CS,BCM
11895,203171,178.78,31828,MBCV,2702,CT,MBCV
11896,276344,178.78,31830,BC,5910,BM,OC
11897,248859,178.78,31832,MBC,2727,AL,OC
11898,205370,178.78,31833,BC,4024,EC,OC
11899,258339,178.78,31834,BC,4981,CS,OC
11900,348237,178.78,31835,BC,2357,AG,OC
11901,335032,178.78,31838,BC,2725,CS,BC
11902,206627,178.78,31839,BC,2618,EC,BC
11903,303808,178.78,31841,BC,3819,AD,BC
11904,341370,178.78,31842,SC,4974,CS,SC
11905,226865,178.78,31843,MBCV,2719,AD,MBCV
11906,300351,178.78,31844,BC,1306,IT,BC
11907,200561,178.78,31845,MBCV,2702,AG,MBCV
11908,251940,178.78,31846,MBCV,1432,EC,MBCV
11909,272494,178.78,31847,BC,2719,RM,BC
11910,360570,178.78,31850,SC,3807,CS,OC
11911,203572,178.78,31851,BC,1311,AE,OC
11912,269832,178.78,31852,BC,2708,IT,OC
11913,279212,178.775,31855,BC,1516,EE,BC
11914,208286,178.775,31856,BC,1225,CS,OC
11915,251215,178.775,31857,BC,2608,EC,OC
11916,335166,178.775,31858,BC,1441,EE,OC
11917,257659,178.775,31859,BC,1231,AD,OC
11918,243131,178.77,31860,MBCV,3011,ME,OC
11919,301489,178.77,31862,BC,2710,EC,BC
11920,332269,178.77,31863,MBCDNC,2609,CS,OC
11921,273288,178.77,31864,BC,2651,EE,OC
11922,221377,178.77,31865,MBCV,1450,EE,MBCV
11923,276206,178.77,31866,BC,2722,ME,OC
11924,288334,178.77,31867,MBCDNC,3465,EE,OC
11925,238291,178.77,31868,MBCV,2718,MZ,MBCV
11926,243709,178.77,31869,BC,1128,EC,BC
11927,284972,178.765,31873,MBCDNC,1225,IT,OC
11928,240472,178.765,31875,BC,3464,EC,BC
11929,212839,178.76,31876,BC,1311,MZ,OC
11930,341652,178.76,31877,BC,1237,AD,OC
11931,303656,178.76,31879,BC,4971,CE,OC
11932,234924,178.76,31880,OC,2710,CD,OC
11933,240235,178.76,31881,BC,4960,BM,BC
11934,354068,178.76,31884,BC,1217,FD,OC
11935,255369,178.76,31885,BC,1114,CS,OC
11936,209335,178.76,31888,BCM,3807,EC,OC
11937,200708,178.76,31889,BC,1118,IT,BC
11938,224740,178.76,31890,BC,5022,CS,OC
11939,275620,178.76,31891,BC,2726,CS,OC
11940,211680,178.76,31892,BC,2659,CS,OC
11941,237789,178.76,31893,BC,2727,EC,OC
11942,264137,178.76,31894,BC,3464,EC,BC
11943,243518,178.76,31896,MBCDNC,1317,BT,MBCDNC
11944,257191,178.76,31897,BC,3011,EC,BC
11945,257250,178.76,31898,MBCV,2702,EE,MBCV
11946,247265,178.755,31899,BC,2653,CS,BC
11947,221663,178.755,31901,BC,4960,ME,OC
11948,201669,178.755,31902,MBC,3920,AD,OC
11949,315301,178.755,31904,BC,2607,BT,OC
11950,234930,178.755,31905,BC,2708,CS,OC
11951,366964,178.755,31906,BC,2601,CS,OC
11952,320987,178.755,31907,MBCDNC,2751,CS,MBCDNC
11953,241316,178.755,31908,MBCDNC,4962,EC,MBCDNC
11954,337906,178.755,31909,MBCV,1412,CS,OC
11955,279575,178.755,31910,BC,5,IT,BC
11956,354584,178.755,31913,SC,1231,CS,SC
11957,208120,178.755,31914,BC,2727,BT,OC
11958,348960,178.75,31915,MBCV,2369,EC,MBCV
11959,207106,178.75,31916,BC,5904,CS,BC
11960,211567,178.75,31918,BC,3021,CS,OC
11961,274179,178.75,31919,MBCDNC,4020,GI,OC
11962,256811,178.75,31920,BC,2613,IT,OC
11963,328423,178.75,31923,BC,2725,CS,BC
11964,217969,178.75,31924,BC,1309,EC,BC
11965,278100,178.75,31925,BC,2750,CS,BC
11966,265953,178.75,31926,BC,5530,CS,OC
11967,236165,178.745,31929,BC,5910,IT,BC
11968,261626,178.745,31930,SC,3011,CS,SC
11969,327473,178.745,31932,BC,1216,AD,BC
11970,258113,178.745,31933,SC,2007,MF,SC
11971,328546,178.745,31934,MBC,1422,EC,MBC
11972,220713,178.745,31935,MBCV,1112,AL,MBCV
11973,299037,178.745,31938,MBCDNC,1216,AD,MBCDNC
11974,370784,178.745,31939,BC,5910,IT,BC
11975,233121,178.745,31941,BC,2707,IT,OC
11976,246284,178.745,31942,BC,1210,EE,OC
11977,291636,178.735,31944,BC,2653,CS,BC
11978,231541,178.735,31945,BC,1216,EC,OC
11979,366561,178.735,31946,MBCDNC,2620,BT,OC
11980,294331,178.735,31950,BC,2608,EE,OC
11981,330197,178.735,31951,MBCV,2369,EE,OC
11982,344593,178.735,31952,SC,2,TX,SC
11983,324103,178.73,31953,ST,5008,CS,ST
11984,269259,178.725,31954,MBCDNC,2702,EE,MBCDNC
11985,322675,178.725,31955,BC,1309,EC,BC
11986,327921,178.725,31956,MBCV,2711,EE,MBCV
11987,235153,178.725,31957,BC,4965,CS,OC
11988,236396,178.725,31958,BC,2622,AD,OC
11989,224759,178.725,31959,MBCV,1419,CE,OC
11990,241372,178.725,31960,BC,2718,CE,BC
11991,250309,178.725,31961,BC,2702,AG,BC
11992,305515,178.725,31962,SC,1113,EC,SC
11993,204153,178.725,31963,BC,1304,ME,OC
11994,258813,178.725,31965,BC,2718,CE,BC
11995,301826,178.725,31968,BC,4959,CS,BC
11996,340955,178.725,31971,MBCV,3465,CE,OC
11997,306373,178.725,31978,SC,4974,CS,SC
11998,210562,178.725,31980,BC,2702,MC,BC
11999,263093,178.725,31981,BC,1422,EC,BC
12000,293231,178.725,31982,BC,2708,CS,OC
12001,257188,178.725,31985,BC,1211,ME,BC
12002,271691,178.72,31987,MBCDNC,2702,FD,MBCDNC
12003,262985,178.715,31990,MBCV,1237,CS,MBCV
12004,234404,178.715,31991,OC,1114,CS,OC
12005,275586,178.715,31994,BCM,2643,EC,OC
12006,318143,178.715,31995,BC,2725,CS,BC
12007,203512,178.715,31996,MBCV,1432,CB,MBCV
12008,202003,178.715,31997,BC,1216,AD,BC
12009,218383,178.715,31998,BC,2723,IT,OC
12010,244307,178.715,31999,MBCV,2719,AD,MBCV
12011,248265,178.715,32000,BC,1414,CS,OC
12012,277405,178.715,32002,BC,4678,AD,BC
12013,337338,178.71,32004,BC,2710,EC,BC
12014,331744,178.71,32005,MBCDNC,3464,EC,MBCDNC
12015,223207,178.71,32006,MBCV,5,EC,OC
12016,212963,178.71,32007,BC,5910,IT,BC
12017,315456,178.71,32010,SC,2713,CS,OC
12018,297623,178.71,32012,BC,2651,EE,OC
12019,240506,178.705,32013,MBCDNC,2718,ME,MBCDNC
12020,293028,178.705,32018,BCM,1304,EC,BCM
12021,286490,178.705,32019,MBC,2709,CE,OC
12022,220495,178.705,32020,BC,5910,CB,BC
12023,244082,178.705,32021,MBCV,2711,EC,MBCV
12024,207725,178.7,32024,BC,5,CS,BC
12025,250041,178.7,32025,BCM,2328,EE,OC
12026,269378,178.7,32026,BC,2740,AE,OC
12027,265378,178.7,32028,MBC,2653,CS,MBC
12028,240299,178.7,32029,OC,2723,IT,OC
12029,212095,178.7,32030,BC,1237,IT,OC
12030,268824,178.695,32032,BCM,1013,IT,BCM
12031,231043,178.695,32034,BC,1422,EC,BC
12032,224040,178.695,32035,SC,5901,EE,SC
12033,201207,178.69,32039,BC,1317,EE,BC
12034,225124,178.69,32040,BC,3465,EE,BC
12035,320934,178.69,32042,MBCV,2727,CS,MBCV
12036,250739,178.69,32043,BC,2719,EI,BC
12037,204524,178.69,32044,MBCDNC,1399,ME,MBCDNC
12038,277050,178.69,32046,BC,2725,CS,BC
12039,251572,178.69,32049,BC,3464,EE,OC
12040,242440,178.69,32050,BC,4974,CE,BC
12041,265163,178.69,32051,BC,2711,EI,BC
12042,204109,178.685,32052,BC,1422,EC,BC
12043,245373,178.685,32053,SC,2718,AD,SC
12044,207537,178.68,32055,BC,1114,CS,OC
12045,203158,178.68,32056,MBCDNC,1450,ME,MBCDNC
12046,371207,178.68,32057,MBCDNC,2608,ME,OC
12047,253812,178.68,32058,BC,5904,AD,OC
12048,300475,178.68,32059,BC,1309,EC,BC
12049,279357,178.68,32060,MBC,2735,CS,MBC
12050,214899,178.68,32061,BC,2764,EE,OC
12051,309576,178.68,32062,BC,2329,AD,OC
12052,350467,178.68,32063,MBC,2369,EC,MBC
12053,277296,178.68,32064,BC,2707,CS,OC
12054,278118,178.68,32066,BC,1306,IT,BC
12055,260924,178.68,32067,BC,1237,CS,BC
12056,208379,178.68,32069,MBCDNC,2624,AD,OC
12057,277352,178.68,32070,OC,2710,EE,OC
12058,359468,178.68,32071,BC,3830,CB,OC
12059,208492,178.67,32072,BC,1110,IT,OC
12060,268847,178.67,32073,SC,5901,ME,SC
12061,322936,178.67,32074,BCM,1216,BM,BCM
12062,283570,178.67,32075,BC,2369,EE,OC
12063,303926,178.67,32076,BCM,3011,PH,BCM
12064,234330,178.67,32077,BC,2615,CE,BC
12065,320392,178.67,32077A,SC,1026,CS,SC
12066,348313,178.67,32079,BC,5532,CS,OC
12067,339734,178.67,32080,OC,1452,EC,OC
12068,234731,178.67,32082,SC,5,CS,SC
12069,344697,178.67,32084,BC,1231,IT,BC
12070,290189,178.67,32086,BC,2715,CS,OC
12071,265761,178.67,32087,MBCV,2718,MZ,MBCV
12072,262626,178.67,32088,BC,2608,EC,OC
12073,256813,178.67,32089,BC,1118,IT,BC
12074,204905,178.67,32091,MBC,2618,EC,MBC
12075,217777,178.67,32092,BC,5910,BM,OC
12076,215496,178.67,32093,SC,1516,EC,SC
12077,263728,178.67,32094,BC,2611,AG,OC
12078,334834,178.67,32095,MBCV,2607,IT,OC
12079,235340,178.67,32096,BC,2648,CS,OC
12080,245496,178.665,32098,BC,2740,AD,OC
12081,209402,178.665,32099,MBCV,3011,EC,MBCV
12082,209701,178.665,32100,BC,2702,FD,BC
12083,240562,178.665,32102,MBCDNC,2751,CS,MBCDNC
12084,274007,178.665,32103,BC,2735,IT,BC
12085,268384,178.665,32104,BC,1516,EE,BC
12086,294636,178.66,32105,MBCV,2722,EC,MBCV
12087,243432,178.66,32106,BCM,2603,EE,BCM
12088,230522,178.66,32107,BC,2750,CS,BC
12089,295027,178.66,32108,BC,1422,EC,BC
12090,304023,178.66,32109,BC,3795,CS,BC
12091,318004,178.66,32110,BCM,2702,CB,BCM
12092,311304,178.66,32113,BCM,3804,CS,OC
12093,235254,178.66,32115,BC,1311,IT,BC
12094,229395,178.66,32116,MBCV,1216,BM,MBCV
12095,200549,178.66,32117,BC,4020,EC,BC
12096,244223,178.655,32118,MBCV,1118,CS,MBCV
12097,223613,178.655,32119,BC,2736,CS,BC
12098,239127,178.655,32120,BC,5910,IT,BC
12099,291316,178.65,32121,SC,1309,EE,OC
12100,219496,178.65,32124,BC,1231,CB,OC
12101,234302,178.65,32125,BC,2711,EI,BC
12102,322107,178.65,32127,SC,2005,PR,SC
12103,221582,178.65,32128,BC,1304,EI,BC
12104,210179,178.65,32129,MBCDNC,5986,EC,MBCDNC
12105,349838,178.65,32132,MBCV,2718,CJ,MBCV
12106,234232,178.645,32135,BC,2622,CH,OC
12107,318447,178.645,32138,OC,2740,CS,OC
12108,369245,178.645,32139,BC,1217,EC,OC
12109,284826,178.645,32141,SC,2625,BM,OC
12110,299145,178.645,32142,BC,2727,BT,OC
12111,211764,178.64,32143,BC,1216,EE,OC
12112,266788,178.64,32144,SC,3829,ME,OC
12113,328895,178.64,32145,BC,2345,EC,OC
12114,262487,178.64,32146,BC,3806,IT,OC
12115,283114,178.64,32148,MBCV,1210,AD,MBCV
12116,232696,178.635,32150,MBCV,4974,EE,MBCV
12117,333915,178.635,32151,MBCDNC,2702,EC,MBCDNC
12118,217573,178.635,32152,BC,2710,EC,BC
12119,246953,178.635,32153,BC,5910,EC,OC
12120,300967,178.635,32155,BC,3465,EE,BC
12121,270289,178.635,32157,BC,2653,EC,OC
12122,308649,178.635,32158,MBCDNC,2710,ME,OC
12123,212641,178.635,32159,BC,2618,EC,BC
12124,211711,178.635,32160,MBCDNC,1399,ME,MBCDNC
12125,320329,178.635,32161,BC,2751,EC,OC
12126,245103,178.635,32163,MBCDNC,5901,ME,MBCDNC
12127,260008,178.635,32165,BC,2736,AD,OC
12128,201345,178.635,32167,BC,1140,EC,OC
12129,321388,178.635,32168,MBCDNC,3465,ME,OC
12130,315075,178.635,32169,MBCV,2726,BM,OC
12131,255139,178.635,32172,BC,1324,EE,OC
12132,347980,178.63,32176,BC,1122,AD,BC
12133,287908,178.625,32179,BC,4974,ME,OC
12134,205266,178.625,32180,BC,3011,EE,OC
12135,357750,178.625,32181,MBCDNC,3801,EC,OC
12136,285331,178.625,32182,MBCV,5010,CS,MBCV
12137,295724,178.625,32184,BC,2707,AG,OC
12138,295713,178.625,32185,BCM,4962,EE,BCM
12139,245421,178.625,32186,BC,1422,EC,BC
12140,268001,178.62,32188,BC,4954,IT,OC
12141,209304,178.62,32189,MBC,2740,IT,OC
12142,263363,178.615,32192,BC,4959,ME,OC
12143,255990,178.615,32193,BC,2722,IC,OC
12144,356904,178.615,32194,MBCV,3849,IT,OC
12145,283271,178.615,32196,BC,2727,IT,BC
12146,290535,178.615,32198,BC,4974,ME,OC
12147,311375,178.615,32199,SC,4931,ME,OC
12148,340591,178.615,32200,BC,3011,XC,OC
12149,275113,178.615,32201,MBC,1118,IT,MBC
12150,202049,178.615,32203,BC,1219,CE,BC
12151,264970,178.615,32204,BC,2025,ME,BC
12152,271401,178.615,32207,MBCDNC,2706,EC,MBCDNC
12153,322619,178.615,32208,BC,1237,CS,BC
12154,232365,178.615,32209,SC,3465,CS,SC
12155,307660,178.615,32211,BC,2739,ME,OC
12156,209917,178.615,32212,BCM,2025,EE,BCM
12157,260568,178.615,32214,BC,5017,CS,OC
12158,356198,178.615,32217,SC,1431,EC,OC
12159,341196,178.615,32219,MBCDNC,5901,ME,MBCDNC
12160,202602,178.615,32220,MBCV,2722,EC,MBCV
12161,278726,178.61,32224,BC,2727,AD,OC
12162,261810,178.61,32225,BC,4023,CS,BC
12163,285364,178.61,32226,BC,2620,CS,OC
12164,269240,178.61,32227,OC,1317,EI,OC
12165,235127,178.61,32228,BC,1219,MR,BC
12166,266199,178.605,32229,BC,2725,CS,BC
12167,262994,178.605,32230,BC,2751,AD,OC
12168,207955,178.605,32232,BC,2615,CE,BC
12169,216890,178.605,32234,SC,1324,CS,SC
12170,269102,178.605,32235,BC,1216,AD,BC
12171,315961,178.605,32237,BC,2707,EC,OC
12172,228919,178.605,32241,BC,2615,CE,BC
12173,308995,178.605,32244,MBCV,1122,BT,OC
12174,249903,178.605,32245,MBC,5022,EC,OC
12175,328947,178.605,32246,MBC,2735,AD,OC
12176,315673,178.6,32247,BCM,3806,CS,OC
12177,369305,178.6,32248,BC,1504,CS,OC
12178,239261,178.6,32249,MBC,4023,CS,MBC
12179,267963,178.6,32250,BC,2025,ME,BC
12180,264410,178.6,32251,SC,2005,IB,SC
12181,324472,178.6,32252,MBCV,2706,CS,MBCV
12182,247543,178.6,32253,MBCDNC,2710,AD,MBCDNC
12183,286191,178.595,32254,BC,1210,EE,OC
12184,257818,178.595,32255,MBC,5986,EC,MBC
12185,201014,178.595,32256,BC,5,IT,BC
12186,246103,178.595,32257,MBC,1231,IT,MBC
12187,255067,178.595,32259,BC,1122,AD,BC
12188,355115,178.595,32260,MBC,1202,CS,OC
12189,209358,178.595,32261,MBCV,2702,EC,MBCV
12190,294926,178.595,32265,BC,3803,CS,BC
12191,206347,178.59,32266,BC,2719,AE,OC
12192,353530,178.59,32267,MBCV,2715,EE,OC
12193,233245,178.59,32268,BCM,5010,EC,BCM
12194,230595,178.585,32274,MBCV,1128,EC,MBCV
12195,292137,178.585,32275,BC,1304,EI,BC
12196,331707,178.585,32276,BC,2620,CS,OC
12197,320915,178.585,32277,BC,2702,CE,OC
12198,313991,178.585,32278,SC,2005,IB,SC
12199,272641,178.585,32279,BC,4974,CE,BC
12200,343834,178.585,32280,MBCV,1422,CY,MBCV
12201,361413,178.585,32281,BC,2369,CE,OC
12202,232445,178.585,32283,MBCV,1422,EE,OC
12203,234881,178.585,32284,BC,5,CE,OC
12204,348155,178.585,32285,BC,1211,ME,BC
12205,290459,178.58,32286,BC,2618,EC,BC
12206,257742,178.58,32287,MBCV,2710,IT,MBCV
12207,240261,178.58,32288,BC,4971,IT,BC
12208,244764,178.58,32292,MBCDNC,2722,EC,MBCDNC
12209,266740,178.58,32293,MBCV,4960,CS,MBCV
12210,317622,178.58,32294,BC,1419,EI,BC
12211,315785,178.58,32295,BC,2727,AG,OC
12212,243400,178.58,32296,BC,1118,EC,OC
12213,319658,178.58,32297,BC,2710,EC,BC
12214,223435,178.58,32299,BC,2736,EC,OC
12215,303511,178.58,32303,MBCDNC,4971,IT,MBCDNC
12216,368850,178.58,32304,BC,2601,IT,OC
12217,250753,178.58,32305,BC,5009,EC,OC
12218,339977,178.58,32306,BC,4023,CS,BC
12219,299985,178.58,32307,BC,1516,EE,BC
12220,203350,178.58,32308,BC,1149,EC,OC
12221,325479,178.58,32309,BC,2646,EC,OC
12222,226141,178.58,32310,SC,1113,IT,SC
12223,243888,178.575,32311,BC,2702,CE,OC
12224,227268,178.575,32312,BC,1306,IT,BC
12225,230606,178.57,32314,MBCV,5008,CN,MBCV
12226,247072,178.57,32315,BC,1118,IT,BC
12227,278910,178.57,32316,BC,5,IT,BC
12228,270614,178.57,32317,MBCV,2719,AD,MBCV
12229,292404,178.57,32318,BC,4971,CS,BC
12230,310817,178.57,32319,OC,2764,EE,OC
12231,232447,178.57,32321,MBC,1322,CS,OC
12232,339684,178.57,32322,BC,2718,CE,BC
12233,330822,178.57,32324,BC,1317,EE,BC
12234,336243,178.57,32325,MBCV,1211,CH,MBCV
12235,302706,178.57,32326,BC,4864,EC,OC
12236,308611,178.57,32327,BC,1311,AO,BC
12237,363019,178.57,32329,BC,3465,EE,BC
12238,232996,178.57,32331,BC,4917,AD,OC
12239,257285,178.57,32333,SC,1317,CS,SC
12240,242324,178.57,32334,BC,2702,ME,OC
12241,251282,178.56,32335,MBCV,2706,CS,MBCV
12242,249894,178.56,32336,BC,3464,EC,BC
12243,331272,178.56,32338,BC,4954,CS,OC
12244,289317,178.56,32339,BC,4960,CE,OC
12245,246735,178.56,32340,MBCV,1309,EC,MBCV
12246,270315,178.56,32342,BC,1149,EC,OC
12247,350212,178.56,32344,SC,3464,CE,OC
12248,356895,178.56,32345,BC,4670,CS,OC
12249,283633,178.56,32346,SC,1317,IT,SC
12250,265039,178.56,32347,BC,1211,ME,BC
12251,283884,178.56,32348,MBCDNC,4965,CS,OC
12252,233517,178.56,32349,BC,5914,CS,OC
12253,272264,178.56,32350,BC,2723,EE,OC
12254,337611,178.56,32351,OC,1218,AD,OC
12255,201517,178.56,32352,MBCDNC,1516,EC,MBCDNC
12256,233118,178.56,32354,SCA,2329,AG,OC
12257,255147,178.56,32355,BC,2608,IT,BC
12258,247990,178.56,32357,BC,1504,CS,OC
12259,308027,178.56,32359,BC,1237,CS,BC
12260,346871,178.56,32360,BCM,1231,AD,OC
12261,337170,178.56,32363,BC,4960,BT,BC
12262,274146,178.56,32365,BC,5901,ME,BC
12263,222407,178.55,32366,BC,1149,EC,OC
12264,202906,178.55,32367,BC,2727,EC,OC
12265,231955,178.55,32368,SC,2718,IT,SC
12266,263714,178.55,32369,BC,1219,CH,BC
12267,300792,178.55,32370,BC,1140,CS,BC
12268,237921,178.55,32371,MBCDNC,3011,EC,MBCDNC
12269,313672,178.55,32373,SC,5901,ME,SC
12270,267071,178.55,32374,BC,3021,CS,OC
12271,231593,178.55,32375,BC,1304,ME,OC
12272,277783,178.55,32376,MBCV,2702,EC,MBCV
12273,270165,178.55,32378,BC,4944,EE,OC
12274,265148,178.545,32379,BC,3819,AD,BC
12275,342843,178.545,32381,BC,2725,CS,BC
12276,277196,178.545,32382,BC,1216,EC,OC
12277,267436,178.545,32383,BC,2727,IT,BC
12278,273677,178.545,32385,MBCV,2608,EC,OC
12279,256889,178.545,32386,BC,1210,EE,OC
12280,345037,178.545,32387,BC,3454,AG,OC
12281,333032,178.545,32389,BC,2357,AD,OC
12282,264111,178.545,32390,BC,2710,EC,BC
12283,224322,178.54,32391,BC,2618,EC,BC
12284,202734,178.54,32392,BC,1422,EE,OC
12285,301723,178.54,32394,BC,4959,CS,BC
12286,272778,178.54,32395,MBCV,1421,CS,OC
12287,274843,178.54,32396,MBC,2608,IT,MBC
12288,365510,178.54,32398,SC,5901,EE,SC
12289,315821,178.54,32400,BC,2711,MZ,OC
12290,356465,178.54,32401,BCM,2710,CS,BCM
12291,248333,178.535,32403,SC,1113,CS,SC
12292,293331,178.535,32404,BC,1422,EC,BC
12293,293092,178.535,32406,MBC,4669,CS,OC
12294,218946,178.535,32407,BC,1231,CB,OC
12295,241436,178.535,32408,SC,1120,CS,SC
12296,264394,178.535,32409,MBCV,2369,EE,OC
12297,312949,178.535,32411,MBCDNC,3830,EC,OC
12298,221478,178.535,32412,SCA,5008,EE,SCA
12299,330227,178.535,32413,BC,3805,AD,OC
12300,330287,178.535,32414,BC,1516,EE,BC
12301,325442,178.53,32415,SCA,1304,EC,SCA
12302,255359,178.53,32416,BC,2750,EC,OC
12303,213177,178.53,32417,MBCV,3819,EC,OC
12304,218767,178.53,32418,BC,2719,EI,BC
12305,331243,178.53,32422,SC,5901,EE,SC
12306,290517,178.525,32425,BC,3011,EC,BC
12307,325148,178.525,32426,BC,5910,CB,BC
12308,302138,178.525,32427,SC,5008,MF,SC
12309,347786,178.525,32428,BC,4960,BM,BC
12310,330530,178.525,32429,MBCDNC,5919,EC,OC
12311,247404,178.525,32430,BC,2736,IT,OC
12312,228515,178.525,32432,SC,1013,CS,SC
12313,223926,178.525,32433,BC,4023,EE,OC
12314,228517,178.525,32434,BC,1216,AD,BC
12315,244204,178.525,32436,BCM,2615,CE,BCM
12316,287503,178.525,32438,BC,1140,IT,OC
12317,228174,178.515,32442,BCM,1324,IT,BCM
12318,247434,178.515,32443,OC,1114,IT,OC
12319,246120,178.515,32444,MBC,2710,EC,MBC
12320,306337,178.515,32445,SCA,2006,CE,SCA
12321,249637,178.515,32446,MBCDNC,2736,IT,OC
12322,227428,178.515,32448,MBCDNC,1211,BT,MBCDNC
12323,348231,178.515,32449,BC,4965,EC,OC
12324,331025,178.515,32450,MBCV,2702,EC,MBCV
12325,238063,178.515,32451,BC,2750,AD,OC
12326,223291,178.51,32452,MBCDNC,2736,IT,MBCDNC
12327,268429,178.505,32453,BC,1317,EE,BC
12328,263238,178.505,32454,MBC,2702,AG,MBC
12329,222086,178.505,32455,BC,2719,ME,OC
12330,293666,178.505,32456,BC,1304,ME,OC
12331,239659,178.505,32457,BC,5010,EC,BC
12332,201867,178.505,32458,SC,2005,PR,SC
12333,209470,178.505,32459,BC,1149,EC,OC
12334,348735,178.505,32461,MBC,1306,AD,OC
12335,294310,178.505,32462,BC,4981,CS,OC
12336,346441,178.505,32464,BC,5910,CB,BC
12337,207550,178.505,32466,BC,1113,CE,OC
12338,206850,178.505,32470,BC,1231,EC,OC
12339,328339,178.505,32471,BC,2727,EC,OC
12340,367704,178.505,32472,SC,5901,EE,SC
12341,262888,178.505,32473,BC,2608,IT,BC
12342,254339,178.5,32474,BC,2734,SB,OC
12343,204639,178.5,32477,BCM,1304,EC,BCM
12344,315713,178.5,32479,OC,1118,EC,OC
12345,298042,178.5,32480,BC,5009,EC,OC
12346,229347,178.5,32481,SC,2718,IT,SC
12347,305538,178.5,32482,SC,1422,CS,SC
12348,236140,178.5,32483,BC,4980,EC,OC
12349,327108,178.5,32488,SC,3830,ME,OC
12350,329728,178.5,32489,BC,2726,CS,BC
12351,290655,178.5,32493,BC,1422,MD,OC
12352,364295,178.5,32494,MBC,1210,CO,MBC
12353,299715,178.5,32497,BC,5,CS,BC
12354,302716,178.5,32498,BC,1450,ME,BC
12355,304742,178.5,32500,MBCDNC,5910,IT,MBCDNC
12356,200188,178.5,32504,BC,1231,EC,OC
12357,277077,178.5,32505,OC,1317,EI,OC
12358,306957,178.5,32507,MBCV,2726,BM,OC
12359,287713,178.5,32508,BC,1149,EC,OC
12360,239267,178.5,32509,BC,4960,BM,BC
12361,281444,178.5,32512,BC,1219,CH,BC
12362,317865,178.5,32513,MBCV,1116,CS,OC
12363,324996,178.5,32515,BC,2607,BT,OC
12364,355436,178.5,32516,SC,1211,CB,SC
12365,339669,178.5,32518,BC,2618,EC,BC
12366,240260,178.5,32519,BC,2607,CS,OC
12367,275997,178.5,32521,MBC,1216,AL,MBC
12368,343219,178.5,32524,BC,1026,EC,BC
12369,354442,178.5,32528,BCM,1422,IT,BCM
12370,348581,178.5,32530,OC,1432,ME,OC
12371,203604,178.5,32533,BC,3801,CS,BC
12372,355541,178.5,32535,BC,1118,CB,OC
12373,214535,178.5,32537,BC,5910,EC,OC
12374,317050,178.5,32539,MBCV,1216,AD,MBCV
12375,286384,178.5,32543,BC,1216,AD,BC
12376,243849,175.5,32546A,BC,1311,CS,BC
12377,321211,178.5,32547,BC,2727,AD,BC
12378,303248,178.5,32553,BC,1306,IT,BC
12379,348681,178.5,32556,SC,2718,AD,SC
12380,287719,178.5,32558,MBCV,1149,CS,MBCV
12381,302376,178.5,32562,SC,2377,CE,SC
12382,289068,178.5,32565,BC,1317,EE,BC
12383,208047,178.5,32567,BC,1317,EE,BC
12384,305275,178.5,32571,BC,5986,ME,OC
12385,278934,178.5,32572,MBCDNC,1419,EC,MBCDNC
12386,237379,178.5,32580,OC,1317,EI,OC
12387,216738,178.5,32581,MBCV,1505,CS,OC
12388,286854,178.5,32585,BC,1306,AD,OC
12389,336041,178.5,32587,BC,1237,EC,OC
12390,283641,178.5,32588,BC,1419,ME,OC
12391,340914,178.5,32592,BC,2750,AE,OC
12392,320649,178.5,32594,MBC,1306,CS,MBC
12393,200933,178.5,32595,MBCV,1113,ME,MBCV
12394,285067,178.5,32596,BC,2609,AD,OC
12395,302564,178.5,32597,BC,1317,EE,BC
12396,202606,178.5,32601,BC,1317,EE,BC
12397,328249,178.5,32607,MBCV,3011,EC,MBCV
12398,280583,178.5,32610,BC,2653,CS,BC
12399,323766,178.5,32612,BC,1324,EE,OC
12400,280072,178.5,32613,BC,1306,AD,BC
12401,343795,178.5,32614,BC,1409,BT,OC
12402,281954,178.5,32615,MBC,1231,CB,OC
12403,318992,178.5,32617,OC,1310,AD,OC
12404,303857,178.5,32618,BC,4971,CS,BC
12405,311527,178.5,32620,MBC,3819,AD,MBC
12406,279608,178.495,32624,BC,2734,EC,OC
12407,303548,178.495,32625,MBCDNC,1219,ME,MBCDNC
12408,342608,178.495,32626,SC,2764,BM,SC
12409,304728,178.495,32627,BC,1149,EC,OC
12410,349271,178.495,32628,BC,5921,EC,OC
12411,303905,178.495,32630,BCM,1432,AD,BCM
12412,278803,178.495,32632,BCM,2722,EC,BCM
12413,301325,178.495,32633,MBC,4962,EC,MBC
12414,359894,178.495,32634,BC,2719,RM,BC
12415,254098,178.495,32637,BC,2727,IT,BC
12416,346257,178.495,32638,SC,1210,CS,SC
12417,350101,178.495,32639,BC,1216,AD,BC
12418,289761,178.495,32640,BC,2719,CE,OC
12419,363446,178.495,32642,SC,2624,BM,OC
12420,225586,178.495,32644,BC,2710,EC,BC
12421,216299,178.495,32645,MBC,2751,CS,MBC
12422,222202,178.495,32646,MBCV,1149,AD,MBCV
12423,201623,178.49,32648,BC,1216,AD,BC
12424,352554,178.49,32651,SC,1399,EC,SC
12425,286506,178.49,32652,BC,2607,IT,OC
12426,234238,178.485,32655,BC,5910,EC,OC
12427,213860,178.485,32657,BC,2710,EC,BC
12428,357899,178.485,32658,MBCDNC,2610,CS,OC
12429,297896,178.48,32659,MBCV,3011,PH,MBCV
12430,215300,178.48,32660,BC,5910,IT,BC
12431,213276,178.48,32662,BC,3819,IT,BC
12432,274340,178.475,32665,MBCV,4960,CS,MBCV
12433,206338,178.475,32666,BC,3819,EC,OC
12434,350719,178.475,32667,BC,3701,CS,OC
12435,337166,178.475,32668,BC,1122,IT,OC
12436,211211,178.475,32669,BC,5910,IT,BC
12437,303934,178.475,32671,BC,3805,IT,OC
12438,364926,178.475,32672,BC,1237,EC,OC
12439,230709,178.475,32673,BC,2618,EC,BC
12440,214051,178.475,32674,MBCV,1306,CS,MBCV
12441,221095,178.475,32676,BC,5865,EC,OC
12442,331448,178.475,32677,BCM,3852,CS,OC
12443,365261,178.475,32678,BC,2715,BM,OC
12444,229696,178.47,32681,MBCV,1149,IT,MBCV
12445,244122,178.47,32683,BC,1520,EC,OC
12446,330168,178.47,32685,SC,2007,CH,SC
12447,204364,178.47,32686,BC,1317,EE,BC
12448,282258,178.47,32687,BC,5010,EC,BC
12449,232310,178.47,32688,MBC,2329,XS,OC
12450,352734,178.47,32689,BC,4933,EC,OC
12451,210821,178.47,32690,BC,5022,EC,OC
12452,355677,178.47,32691,BC,2726,IT,OC
12453,235059,178.47,32692,SC,4960,CS,SC
12454,204681,178.465,32693,BC,2653,CS,BC
12455,307319,178.465,32694,BC,5910,EC,OC
12456,298102,178.46,32697,BC,2702,FD,BC
12457,267570,178.46,32699,MBCDNC,5986,EC,MBCDNC
12458,212622,178.46,32700,BC,2706,EE,OC
12459,230443,178.46,32701,BC,1324,EE,OC
12460,323272,178.46,32703,BC,4955,AD,OC
12461,212758,178.46,32704,BC,2620,CS,OC
12462,219814,178.46,32705,BC,4974,ME,OC
12463,322577,178.46,32706,SC,2005,PR,SC
12464,302847,178.46,32707,BC,4955,IT,OC
12465,318236,178.46,32708,MBCV,1306,BT,MBCV
12466,208927,178.46,32709,OC,2708,CS,OC
12467,247659,178.46,32710,SC,2704,IT,SC
12468,285912,178.46,32712,BC,1317,EE,BC
12469,297526,178.46,32713,BC,2622,EC,BC
12470,257443,178.46,32714,MBCDNC,2628,CS,OC
12471,214537,178.46,32715,MBCV,1432,AD,MBCV
12472,287476,178.45,32718,BC,1118,BM,BC
12473,311438,178.45,32723,BC,1128,EC,BC
12474,252725,178.45,32724,BC,2611,AG,OC
12475,223045,178.45,32726,BC,1149,EC,BC
12476,228729,178.45,32727,BC,5017,EC,OC
12477,234055,178.45,32728,MBC,2726,BM,OC
12478,363966,178.45,32730,MBCV,2369,EE,OC
12479,275274,178.45,32731,BC,4981,IT,OC
12480,275569,178.45,32734,MBCV,2719,EE,MBCV
12481,265418,178.44,32735,OC,2702,ME,OC
12482,223568,178.44,32737,MBCV,2702,EC,MBCV
12483,259847,178.44,32739,SC,1210,AD,SC
12484,370999,178.44,32740,BCM,1113,EE,BCM
12485,250801,178.44,32741,MBCDNC,1324,CS,MBCDNC
12486,264067,178.44,32742,BC,5901,ME,BC
12487,269171,178.44,32744,MBCDNC,4678,EE,OC
12488,286209,178.44,32746,BC,1311,AE,OC
12489,289852,178.44,32747,MBCV,1419,CJ,MBCV
12490,291514,178.44,32749,BC,2651,EC,OC
12491,362655,178.44,32750,OC,2329,IT,OC
12492,231543,178.44,32751,BC,1216,AG,OC
12493,275687,178.44,32753,MBCV,2708,CS,OC
12494,249444,178.44,32755,BCM,2706,CS,BCM
12495,262431,178.44,32757,MBCDNC,2615,CE,MBCDNC
12496,209530,178.44,32758,MBCDNC,5986,EE,MBCDNC
12497,225875,178.44,32759,BC,2608,IT,BC
12498,291332,178.44,32760,BC,4020,EC,BC
12499,285999,178.435,32763,BC,4670,EC,OC
12500,239920,178.435,32764,BC,2357,AG,OC
12501,315051,178.435,32765,BC,4946,CS,OC
12502,289083,178.435,32766,MBC,5904,IT,OC
12503,326482,178.435,32767,BC,1207,BM,OC
12504,262140,178.435,32768,BC,2734,CS,BC
12505,235369,178.43,32769,BC,2722,IC,OC
12506,292362,178.43,32772,MBC,2740,CS,OC
12507,281161,178.43,32774,BC,1231,EC,OC
12508,224262,178.43,32777,BC,2369,EC,BC
12509,201769,178.43,32779,SC,2702,CS,SC
12510,270319,178.43,32782,BC,2725,CS,BC
12511,273096,178.43,32783,MBCV,2711,EC,MBCV
12512,235259,178.43,32784,SC,3465,CE,OC
12513,224739,178.425,32786,BC,2710,TS,BC
12514,371856,178.425,32788,BC,2723,EC,OC
12515,265047,178.425,32790,BC,2702,MC,BC
12516,233006,178.425,32791,BCM,5910,IT,BCM
12517,238457,178.42,32794,BC,2727,IT,BC
12518,239044,178.42,32795,MBCV,2722,EE,MBCV
12519,223684,178.42,32796,BC,2711,ME,OC
12520,339469,178.42,32797,MBCV,1504,CS,OC
12521,312672,178.415,32798,BC,2711,ME,OC
12522,246358,178.415,32799,MBCDNC,1414,IT,OC
12523,251635,178.415,32800,MBCV,5,EC,OC
12524,322092,178.415,32802,BC,2727,FD,OC
12525,294993,178.415,32803,BC,5009,EC,OC
12526,214812,178.415,32804,BC,5009,EE,OC
12527,238902,178.415,32805,BC,4020,EC,BC
12528,219971,178.415,32806,OC,2610,BT,OC
12529,310931,178.405,32808,BC,1307,BM,OC
12530,348529,178.405,32809,MBCDNC,4953,CS,OC
12531,341594,178.405,32814,MBCV,2618,AD,MBCV
12532,255224,178.405,32817,BCM,1210,EC,BCM
12533,235951,178.405,32818,BC,5901,ME,BC
12534,224331,178.405,32820,SCA,4974,CS,SCA
12535,214027,178.4,32823,BC,2727,IT,BC
12536,216535,178.395,32824,BC,4974,CE,BC
12537,286015,178.395,32825,BC,1118,EC,OC
12538,240202,178.395,32826,BC,2727,IT,BC
12539,334081,178.395,32827,MBCDNC,2611,IT,OC
12540,224154,178.395,32828,BC,2622,IT,OC
12541,250233,178.395,32829,BC,4965,CS,OC
12542,327047,178.395,32830,SC,2005,PR,SC
12543,296383,178.395,32831,BC,1450,ME,BC
12544,298860,178.395,32832,BC,2708,CS,OC
12545,255759,178.395,32834,BC,2704,CS,BC
12546,217486,178.395,32835,MBCV,2618,IT,MBCV
12547,321206,178.385,32838,MBCV,2709,ME,OC
12548,366210,178.385,32839,MBCV,1216,AL,MBCV
12549,245241,178.385,32841,MBCDNC,1419,AD,MBCDNC
12550,203508,178.385,32842,MBC,1432,AD,MBC
12551,270075,178.385,32843,BC,1309,EC,BC
12552,271460,178.385,32845,BC,2710,EC,BC
12553,209442,178.385,32846,BC,1309,EC,BC
12554,320064,178.385,32847,BC,2729,AE,OC
12555,203997,178.385,32848,BC,3819,IT,BC
12556,242349,178.385,32849,BC,1216,AL,BC
12557,207510,178.385,32850,MBCV,1112,EC,MBCV
12558,200726,178.385,32851,BC,1306,IT,BC
12559,227198,178.385,32852,BC,1216,AL,BC
12560,357734,178.385,32853,MBCV,1419,EI,MBCV
12561,216980,178.385,32854,BC,2739,ME,OC
12562,268613,178.385,32855,BC,3826,CS,BC
12563,299750,178.385,32856,MBCV,1219,ME,MBCV
12564,302323,178.385,32857,MBCDNC,5910,CS,MBCDNC
12565,202296,178.385,32859,BC,1317,EI,OC
12566,355506,178.385,32860,MBCDNC,2610,BM,OC
12567,220176,178.385,32861,MBC,2702,BM,MBC
12568,256686,178.385,32863,BC,1211,ME,BC
12569,308749,178.385,32864,MBCV,2706,CS,MBCV
12570,274017,178.385,32865,BC,5530,EC,OC
12571,238157,178.385,32866,BC,1422,EC,BC
12572,371946,178.385,32867,SC,2,LE,SC
12573,242659,178.385,32868,BC,1149,EC,BC
12574,275650,178.385,32869,OC,2745,CS,OC
12575,252716,178.38,32870,BC,1120,EC,BC
12576,219071,178.38,32871,MBCDNC,2710,AD,MBCDNC
12577,265355,178.38,32872,BC,5919,CH,OC
12578,204545,178.38,32874,BC,2727,IT,BC
12579,262826,178.38,32875,BC,1026,EC,BC
12580,341618,178.38,32877,MBCDNC,2607,CS,OC
12581,311389,178.38,32878,BC,1113,ME,BC
12582,203715,178.38,32879,SC,2712,EE,SC
12583,210874,178.38,32880,BC,2711,EI,BC
12584,281211,178.38,32881,BC,4955,IT,OC
12585,312317,178.38,32882,MBCDNC,5901,CE,MBCDNC
12586,201331,178.38,32883,BC,2726,AG,OC
12587,245100,178.375,32885,BC,1120,EC,BC
12588,215011,178.375,32887,BC,2653,CS,BC
12589,332394,178.375,32888,BC,2357,AG,OC
12590,239752,178.375,32890,MBCV,2739,CS,MBCV
12591,333274,178.37,32891,SC,2651,CS,OC
12592,203850,178.37,32893,BCM,4955,CS,BCM
12593,249385,178.37,32894,MBCV,1149,AD,MBCV
12594,303207,178.37,32895,BC,2711,MZ,OC
12595,309441,178.37,32896,MBCV,3011,EC,MBCV
12596,246142,178.37,32897,MBC,1306,IT,MBC
12597,278066,178.365,32898,MBC,2764,CE,OC
12598,347359,178.365,32899,MBCV,2345,AD,OC
12599,225209,178.365,32901,BC,1422,EE,OC
12600,236671,178.365,32903,MBCV,2722,EC,MBCV
12601,246753,178.365,32904,BC,1307,CS,OC
12602,226055,178.365,32905A,BC,3011,PH,BC
12603,367514,178.365,32906,BC,2727,EC,OC
12604,237951,178.36,32909,OC,2702,ME,OC
12605,204965,178.36,32910,SCA,1113,CS,SCA
12606,223452,178.36,32911,BC,1409,CS,OC
12607,213265,178.36,32913,BC,1118,EC,OC
12608,335339,178.36,32914,BC,2734,CS,BC
12609,290168,178.36,32916,MBCV,5,CS,MBCV
12610,238966,178.36,32917,MBCDNC,5010,EC,MBCDNC
12611,267427,178.36,32920,BC,2735,AD,BC
12612,264747,178.36,32921,MBCDNC,2725,CS,MBCDNC
12613,257115,178.36,32922,BC,1306,IT,BC
12614,234801,178.36,32923,MBCV,3021,CS,OC
12615,210652,178.36,32924,BC,2653,CS,BC
12616,298332,178.36,32925,OC,1419,CE,OC
12617,330734,178.36,32926,BC,4944,CS,OC
12618,219923,178.36,32928,MBCDNC,1210,CS,MBCDNC
12619,242222,178.36,32929,SC,1419,CS,SC
12620,273822,178.36,32930,MBCDNC,2601,EC,OC
12621,215276,178.36,32931,SC,2618,AD,SC
12622,267620,178.36,32932,BC,3018,CS,OC
12623,258984,178.36,32934,BC,2642,CS,OC
12624,201243,178.36,32935,BC,2711,ME,OC
12625,274481,178.355,32937,BC,1211,ME,BC
12626,257030,178.355,32938,BC,1140,IT,OC
12627,232090,178.355,32939,BC,4974,CE,BC
12628,234289,178.355,32941,BC,1317,EE,BC
12629,256616,178.355,32942,MBCV,2618,IT,MBCV
12630,271381,178.355,32943,BC,1422,EC,BC
12631,216856,178.355,32944,SC,2,CR,SC
12632,306262,178.355,32945,BC,4962,EE,BC
12633,256274,178.35,32946,BC,2706,EI,OC
12634,250626,178.35,32948,BC,2727,EC,OC
12635,329877,178.35,32949,BC,4680,EC,OC
12636,245623,178.35,32950,BC,2607,CS,OC
12637,268914,178.35,32951,BC,1137,CS,OC
12638,267698,178.35,32952,SC,1,XC,SC
12639,300812,178.35,32954,MBC,2726,CS,MBC
12640,264928,178.35,32955,SC,5008,CN,SC
12641,202902,178.35,32956,MBCDNC,1432,CS,MBCDNC
12642,334188,178.35,32957,MBC,2723,EC,OC
12643,303085,178.35,32958,SC,2704,IT,SC
12644,238947,178.35,32959,MBC,2622,IT,OC
12645,262730,178.35,32960,BC,3701,CS,OC
12646,245592,178.35,32962,BC,2608,IT,BC
12647,202531,178.35,32963,BC,2704,CS,BC
12648,249175,178.35,32964,BC,2710,EC,BC
12649,261747,178.35,32966,BC,1307,CS,OC
12650,341601,178.35,32967,BC,2702,AG,BC
12651,324913,178.35,32968,MBCDNC,2369,EC,MBCDNC
12652,231078,178.35,32969,MBCV,3011,EC,MBCV
12653,273316,178.35,32972,BC,2653,EC,OC
12654,340023,178.35,32973,BC,5907,CS,OC
12655,370515,178.35,32974,BC,1513,CS,OC
12656,206146,178.35,32975,MBCV,2369,EE,OC
12657,230698,178.35,32976,MBCDNC,1210,CS,MBCDNC
12658,273308,178.35,32977,MBCV,2345,AG,OC
12659,270827,178.34,32978,MBCV,2711,EE,MBCV
12660,214987,178.34,32979,BC,1120,EC,BC
12661,266829,178.34,32980,MBCDNC,2711,EC,MBCDNC
12662,240575,178.34,32983,BC,2735,AD,BC
12663,314967,178.34,32985,BC,4960,ME,OC
12664,348484,178.34,32986,BC,2711,ME,OC
12665,343146,178.34,32987,BC,1216,ME,OC
12666,234025,178.34,32988,OC,1231,AD,OC
12667,263982,178.33,32989,OC,2722,IC,OC
12668,249398,178.33,32990,MBCDNC,5910,CS,MBCDNC
12669,203673,178.33,32991,BC,1405,EC,OC
12670,354673,178.33,32992,BC,3011,PH,BC
12671,235224,178.33,32994,SC,2712,BT,SC
12672,318938,178.33,32995,BC,1231,AD,OC
12673,236122,178.33,32997,BCM,5910,IT,BCM
12674,260286,178.33,32998,BC,1149,EC,BC
12675,203819,178.33,33000,BC,2711,MZ,OC
12676,303202,178.33,33001,SC,3465,CS,SC
12677,370871,178.33,33003,BC,2718,CE,BC
12678,315922,178.33,33004,BC,1422,EC,BC
12679,249320,178.33,33013,BC,3805,FD,OC
12680,206900,178.33,33014,BC,5009,EC,BC
12681,232180,178.325,33016,BC,2620,CS,OC
12682,301199,178.325,33017,MBCV,1216,EC,OC
12683,263350,178.325,33018,BC,2709,ME,OC
12684,281117,178.325,33019,MBCV,2735,IT,MBCV
12685,227280,178.325,33021,BC,1306,AD,BC
12686,289831,178.325,33022,BC,2607,AD,OC
12687,327244,178.32,33023,BC,5904,CS,BC
12688,235923,178.32,33024,BC,1311,AO,BC
12689,244512,178.32,33026,BC,4965,CS,OC
12690,243304,178.32,33029,BC,1422,EC,BC
12691,356149,178.32,33030,SC,1116,EC,OC
12692,237542,178.32,33035,BC,2369,EC,BC
12693,270564,178.32,33037,BC,5009,EC,BC
12694,277259,178.32,33039,BC,4971,CS,BC
12695,250453,178.315,33040,MBCV,2708,IT,OC
12696,248076,178.315,33041,BC,2608,IT,BC
12697,279233,178.315,33042,BC,2727,IT,BC
12698,334020,178.315,33043,MBCDNC,4678,EC,OC
12699,223836,178.315,33044,BC,1217,EC,OC
12700,298662,178.315,33045,BC,3908,CS,OC
12701,221779,178.315,33046,OC,2708,EC,OC
12702,276828,178.315,33047,BC,1128,ME,OC
12703,350583,178.315,33048,BC,1122,BT,BC
12704,260208,178.31,33050,BC,2610,AD,OC
12705,265246,178.31,33051,MBC,3908,CS,OC
12706,224729,178.31,33052,BC,5910,EC,OC
12707,226770,178.305,33053,ST,1211,EC,ST
12708,263166,178.305,33054,BC,2736,IT,BC
12709,201004,178.305,33055,MBCDNC,2709,ME,OC
12710,242942,178.305,33056,MBC,2751,CS,MBC
12711,293817,178.3,33058,BC,1014,CS,OC
12712,206002,178.3,33061,BC,2710,TS,BC
12713,326015,178.3,33062,MBCV,1233,AD,OC
12714,224016,178.3,33064,BC,1432,ME,OC
12715,323600,178.295,33066,MBCDNC,4933,CS,OC
12716,266535,178.295,33069,MBCV,2711,EC,MBCV
12717,244887,178.295,33070,BC,1216,EC,OC
12718,354143,178.295,33072,BC,3465,EE,BC
12719,226991,178.295,33073,BC,1237,AD,OC
12720,309172,178.295,33076,SC,3011,EC,SC
12721,210845,178.295,33077,SC,2005,PR,SC
12722,232361,178.295,33078,MBCDNC,1210,AD,MBCDNC
12723,348739,178.295,33080,BC,1211,ME,BC
12724,329105,178.295,33082,BC,3803,IT,OC
12725,321091,178.295,33083,MBCV,1402,CS,OC
12726,340718,178.295,33085,BC,2726,CS,BC
12727,263440,178.295,33087,BC,4933,EC,OC
12728,213312,178.295,33088,BC,1304,EI,BC
12729,209843,178.295,33089,MBCDNC,2719,EC,MBCDNC
12730,253657,178.295,33090,BC,2734,EC,OC
12731,264643,178.295,33091,BC,2764,ME,OC
12732,344657,178.29,33092,BC,2608,AL,OC
12733,212326,178.285,33094,MBCV,2702,CT,MBCV
12734,307836,178.285,33096,MBCDNC,2704,CE,OC
12735,257954,178.285,33097,SC,2712,EE,SC
12736,299399,178.285,33098,MBCDNC,2711,AL,MBCDNC
12737,318167,178.285,33099,BC,1231,EC,OC
12738,244162,178.285,33100,BC,1128,EC,BC
12739,257152,178.285,33101,BC,3803,IT,OC
12740,316093,178.285,33102,BC,1317,EE,BC
12741,245466,178.285,33104,BC,2711,ME,OC
12742,233198,178.285,33105,BC,2702,AG,BC
12743,259234,178.285,33106,BC,1210,EE,OC
12744,255288,178.28,33108,BC,1211,ME,BC
12745,263056,178.275,33109,OC,2608,CB,OC
12746,207696,178.275,33111,BCM,1101,IT,OC
12747,334577,178.275,33112,MBCDNC,1516,EC,MBCDNC
12748,228735,178.275,33113,BC,4917,CS,OC
12749,276389,178.275,33114,MBC,5910,IT,MBC
12750,274590,178.275,33115,BC,2661,EC,OC
12751,291217,178.275,33116,BC,4974,CE,BC
12752,302130,178.275,33117,BC,4944,CS,OC
12753,232726,178.275,33123,BC,1316,CS,OC
12754,298985,178.275,33124,MBCV,1015,CS,OC
12755,277618,178.275,33129,BC,1504,EC,OC
12756,356448,178.27,33131,MBCDNC,2764,EC,MBCDNC
12757,234601,178.27,33132,MBCV,2369,CE,OC
12758,223586,178.265,33133,BC,2651,FT,OC
12759,332001,178.265,33135,BC,2726,CS,BC
12760,346013,178.265,33136,BC,1307,CS,OC
12761,297535,178.265,33137,SC,4949,CS,OC
12762,316155,178.265,33139,BC,5022,EE,OC
12763,266065,178.265,33140,BC,1216,EC,OC
12764,226079,178.265,33142,BC,1216,EC,OC
12765,200888,178.265,33143,MBCV,2618,EC,MBCV
12766,210979,178.265,33144,BC,2704,CS,BC
12767,216152,178.26,33146,BC,2723,CS,BC
12768,245196,178.26,33147,MBCV,1306,CS,MBCV
12769,235789,178.26,33148,BC,2656,CS,OC
12770,229637,178.26,33150,BC,1231,AD,OC
12771,241807,178.26,33151,BC,2702,AU,OC
12772,241873,178.26,33153,BC,2025,ME,BC
12773,268937,178.26,33154,BC,2727,EC,OC
12774,262376,178.26,33155,MBCDNC,4864,CS,OC
12775,269230,178.26,33158,MBCV,2314,CS,OC
12776,282611,178.26,33159,MBCDNC,2739,IT,MBCDNC
12777,257151,178.255,33161,BC,3021,EE,OC
12778,263416,178.255,33162,BC,1128,EC,BC
12779,320265,178.255,33164,BC,2608,IT,BC
12780,303852,178.255,33166,MBCV,2632,CS,OC
12781,244038,178.255,33167,BC,1225,CS,OC
12782,285185,178.255,33168,BC,1422,EC,BC
12783,261458,178.25,33169,BC,2726,IT,OC
12784,312026,178.25,33170,SC,5901,EE,SC
12785,200343,178.25,33173,SC,5010,CS,SC
12786,233457,178.25,33174,OC,1140,IT,OC
12787,203049,178.25,33175,BC,5022,CS,OC
12788,296129,178.25,33176,BC,5910,IT,BC
12789,270627,178.25,33177,BCM,1324,IT,BCM
12790,270048,178.25,33179,BC,2622,AD,OC
12791,305376,178.25,33180,MBCV,1210,CB,MBCV
12792,218687,178.25,33181,BCM,2702,EC,BCM
12793,326105,178.245,33183,BC,2702,ME,OC
12794,262394,178.245,33184,BC,2710,EC,BC
12795,255297,178.245,33185,BC,2608,EC,OC
12796,281241,178.24,33188,BC,1413,AD,OC
12797,211287,178.24,33189,BC,1149,EC,BC
12798,298788,178.24,33190,BC,2734,CS,BC
12799,214395,178.24,33191,BCM,1216,CS,BCM
12800,290039,178.24,33192,BC,2726,CS,BC
12801,253774,178.24,33194,BC,2646,CS,OC
12802,272680,178.24,33195,BCM,2718,MZ,BCM
12803,329341,178.24,33196,MBCV,5009,CS,MBCV
12804,304947,178.24,33198,BC,2711,ME,OC
12805,240634,178.24,33201,BC,2708,CS,OC
12806,228308,178.24,33202,BC,1306,AD,BC
12807,249188,178.24,33205,BC,2734,AD,OC
12808,373223,178.24,33206,BC,3803,IT,OC
12809,339862,178.24,33208,BC,1324,EE,OC
12810,297639,178.24,33209,BC,1419,EI,BC
12811,237943,178.24,33211,BC,1605,CS,OC
12812,224736,178.24,33212,MBCDNC,1306,CS,MBCDNC
12813,299712,178.24,33213,BC,4020,EC,BC
12814,334476,178.24,33214,SC,2607,FD,OC
12815,313956,178.24,33216,MBCV,3454,BM,OC
12816,361796,178.24,33217,BC,1122,IT,BC
12817,212322,178.24,33220,BC,4917,CS,OC
12818,231760,178.23,33221,MBCV,1120,CS,MBCV
12819,333551,178.23,33222,BC,1311,EC,OC
12820,258127,178.23,33223,MBCV,1211,FD,MBCV
12821,221984,178.23,33224,BC,4917,CS,OC
12822,333237,178.23,33225,BC,4023,ME,OC
12823,274989,178.23,33227,BC,2719,EI,BC
12824,233164,178.23,33228,BC,1231,CB,BC
12825,280312,178.23,33229,OC,2711,ME,OC
12826,290509,178.23,33230,BC,2653,EC,OC
12827,317822,178.23,33231,BC,1113,ME,BC
12828,284409,178.23,33233,OC,2710,EE,OC
12829,268507,178.22,33234,BC,2718,CE,BC
12830,250282,178.22,33236,BC,1216,EC,OC
12831,223565,178.22,33237,BC,1231,AD,BC
12832,205346,178.22,33238,MBCV,1216,CS,MBCV
12833,275708,178.22,33239,BC,2736,BM,OC
12834,290667,178.22,33243,MBC,3011,EE,OC
12835,211104,178.22,33244,MBCV,1307,BM,OC
12836,253850,178.22,33248,BC,4023,CS,BC
12837,323456,178.22,33249,BC,4954,EC,OC
12838,254471,178.22,33250,BC,3011,PH,BC
12839,333580,178.22,33251,BC,3815,IT,OC
12840,219944,178.22,33253,BCM,2719,BM,BCM
12841,270342,178.22,33254,SC,2007,CN,SC
12842,247504,178.215,33256,MBCV,3465,EC,MBCV
12843,246647,178.215,33257,SC,2025,ME,SC
12844,232164,178.21,33258,BC,3701,CS,OC
12845,367511,178.21,33260,MBCDNC,2727,CS,MBCDNC
12846,257844,178.21,33261,MBCDNC,1113,CB,MBCDNC
12847,280402,178.21,33262,MBCV,1324,EC,MBCV
12848,214113,178.21,33266,MBCV,2702,EC,MBCV
12849,346984,178.21,33267,MBCV,2603,ME,OC
12850,249390,178.21,33269,BC,4974,ME,OC
12851,238456,178.21,33270,BCM,5910,IT,BCM
12852,254405,178.21,33271,BC,1504,IT,OC
12853,224865,178.21,33272,MBCV,2740,IT,OC
12854,291790,178.21,33273,BC,2607,BT,BC
12855,291153,178.21,33274,BC,1120,EI,OC
12856,321451,178.21,33275,BC,2723,IT,OC
12857,331080,178.21,33276,MBCV,3465,EC,MBCV
12858,315186,178.21,33277,SC,1211,CD,SC
12859,250905,178.21,33278,BC,5904,IT,OC
12860,233536,178.21,33279,MBCDNC,1324,CS,MBCDNC
12861,290960,178.21,33280,MBCDNC,2718,CE,MBCDNC
12862,222966,178.21,33281,BC,2711,EI,BC
12863,207913,178.21,33282,MBCV,1310,CS,OC
12864,237207,178.205,33283,MBCV,1210,AD,MBCV
12865,275318,178.205,33285,MBCDNC,2710,CS,MBCDNC
12866,263891,178.205,33286,MBCDNC,1317,EC,MBCDNC
12867,222824,178.205,33287,BC,1128,EC,BC
12868,217416,178.205,33289,MBC,1231,EC,OC
12869,258325,178.205,33291,MBCDNC,1301,CS,OC
12870,261183,178.205,33292,BC,1122,IT,BC
12871,307412,178.205,33293,MBC,1419,EE,MBC
12872,350562,178.205,33293A,BC,3701,CS,OC
12873,241793,178.205,33294,BC,5910,EC,OC
12874,261224,178.195,33299,BC,2711,CE,OC
12875,230434,178.195,33300,BC,3011,EE,OC
12876,330320,178.195,33302,BC,3701,CS,OC
12877,341765,178.195,33303,SCA,2715,ME,OC
12878,311376,178.195,33305,BC,3464,EC,BC
12879,287565,178.195,33306,SC,2707,EC,OC
12880,337831,178.19,33307,MBCV,2719,EC,MBCV
12881,212959,178.19,33308,BC,1026,EC,BC
12882,200990,178.19,33311,BC,2725,EE,OC
12883,287851,178.185,33313,BC,1401,CS,OC
12884,205108,178.185,33315,MBCV,1231,AD,MBCV
12885,265493,178.185,33317,BC,2735,CS,BC
12886,308169,178.185,33319,MBCV,1420,EC,OC
12887,302145,178.185,33322,OC,2603,ME,OC
12888,373255,178.185,33323,SC,4993,CS,OC
12889,257043,178.185,33327,BC,4960,BM,BC
12890,348021,178.185,33328,MBCV,2006,PS,MBCV
12891,303814,178.185,33329,BC,3830,AL,OC
12892,279336,178.185,33331,BC,3830,IT,OC
12893,267307,178.185,33333,SCA,4974,ME,OC
12894,245687,178.185,33335,SC,1219,EC,SC
12895,349296,178.185,33336,SC,3805,PH,OC
12896,209344,178.185,33338,BC,1231,EC,OC
12897,248718,178.185,33339,MBC,1216,EC,OC
12898,211704,178.185,33340,MBCV,1413,CS,OC
12899,366922,178.18,33343,SC,1219,EE,SC
12900,344034,178.175,33344,MBCV,3011,EC,MBCV
12901,250451,178.175,33346,BC,3425,CS,OC
12902,271617,178.175,33349,BC,1219,CH,BC
12903,362487,178.175,33350,SC,2656,CS,OC
12904,258711,178.175,33351,MBCV,2006,PS,MBCV
12905,265470,178.175,33352,BC,4957,IT,OC
12906,317788,178.175,33354,BC,2741,CS,BC
12907,202174,178.175,33355,MBCV,1509,CS,OC
12908,272405,178.175,33356,MBCV,1120,EC,MBCV
12909,330454,178.175,33358,BC,3841,EC,OC
12910,200515,178.175,33359,BC,2710,EC,BC
12911,364851,178.175,33362,MBCV,5,EC,OC
12912,344906,178.175,33363,SC,3820,CE,OC
12913,369837,178.17,33366,SC,2708,AG,OC
12914,329394,178.165,33367,MBCDNC,1414,CS,OC
12915,247930,178.165,33368,BC,3843,EE,OC
12916,226278,178.165,33369,BC,1306,AD,BC
12917,212429,178.165,33370,BC,2710,EE,OC
12918,329689,178.165,33371,BC,2769,BC,OC
12919,321917,178.165,33372,OC,1504,CS,OC
12920,312011,178.165,33373,MBCV,2618,EC,MBCV
12921,330863,178.165,33374,BCM,4967,EE,OC
12922,330265,178.165,33375,BC,4023,CS,BC
12923,201019,178.165,33376,BC,2712,TX,BC
12924,219507,178.165,33379,BCM,1101,CS,OC
12925,261627,178.165,33380,MBCV,2711,EC,MBCV
12926,304255,178.165,33382,BC,2711,FD,BC
12927,217408,178.165,33383,BC,2753,AG,OC
12928,234104,178.165,33384,BCM,5910,EC,OC
12929,200174,178.16,33386,BC,2709,ME,BC
12930,346461,178.16,33389,BCM,5986,EE,BCM
12931,269811,178.155,33391,MBC,2740,CS,OC
12932,344711,178.155,33392,MBCV,2369,ME,OC
12933,292526,178.155,33393,BCM,2739,CB,BCM
12934,283461,178.155,33395,BC,4020,EC,BC
12935,209359,178.155,33396,SCA,1315,ME,SCA
12936,230196,178.155,33397,BC,2715,AD,OC
12937,205874,178.155,33398,MBCV,1509,CS,OC
12938,212872,178.155,33399,BCM,1128,AD,BCM
12939,234866,178.155,33400,MBCV,1422,EC,MBCV
12940,303870,178.155,33401,OC,2360,CS,OC
12941,242093,178.155,33403,BC,2736,AD,OC
12942,350457,178.155,33405,BCM,2723,CE,OC
12943,240155,178.155,33406,BC,1306,AD,BC
12944,211835,178.155,33407,MBCDNC,1419,AD,MBCDNC
12945,214251,178.155,33408,BC,4960,ME,OC
12946,280795,178.155,33409,BC,2719,EI,BC
12947,256955,178.155,33410,MBCDNC,4974,ME,OC
12948,327528,178.155,33412,BCM,2711,EC,BCM
12949,324850,178.155,33415,BC,4944,CS,OC
12950,213872,178.155,33416,MBCV,3801,EC,OC
12951,233000,178.155,33417,BCM,3021,CE,OC
12952,211931,178.155,33419,BC,2704,MZ,OC
12953,207744,178.155,33420,BC,2727,AD,BC
12954,343614,178.15,33424,MBCV,1309,EC,MBCV
12955,219872,178.15,33425,BC,1401,CS,OC
12956,272606,178.15,33426,BC,3011,EE,OC
12957,236924,178.15,33428,BC,2711,MZ,OC
12958,242742,178.15,33429,MBC,1128,CS,MBC
12959,353514,178.15,33431,MBCDNC,3826,CS,MBCDNC
12960,247932,178.15,33432,BC,2608,IT,BC
12961,280041,178.15,33433,BC,5010,EC,BC
12962,325711,178.15,33434,BC,2723,BM,OC
12963,232510,178.145,33435,BC,2711,ME,OC
12964,325155,178.145,33436,BC,2723,EC,OC
12965,219787,178.145,33438,MBCV,3805,IT,OC
12966,265572,178.145,33439,BCM,2615,CE,BCM
12967,230361,178.145,33441,BC,3795,CS,BC
12968,300893,178.145,33442,BC,2622,CS,BC
12969,329702,178.14,33445,BC,1307,IT,OC
12970,259722,178.14,33446,MBCDNC,2613,IT,OC
12971,350145,178.14,33447,BC,2620,BT,OC
12972,308265,178.14,33448,BC,1110,CS,OC
12973,273137,178.14,33449,BC,2727,EC,OC
12974,243014,178.14,33450,BC,1114,IT,OC
12975,304983,178.14,33451,BC,5,AM,BC
12976,270543,178.14,33452,BC,5,CS,BC
12977,230395,178.14,33454,BC,2712,FT,BC
12978,264182,178.14,33455,BC,1324,EE,BC
12979,285414,178.14,33456,BC,2622,BM,OC
12980,274128,178.14,33459,BC,2608,CB,OC
12981,373949,178.135,33460,BC,2718,CE,BC
12982,247110,178.135,33461,BC,1409,BT,OC
12983,310864,178.135,33462,BC,5942,CS,OC
12984,320906,178.135,33463,MBCV,3018,CS,OC
12985,279293,178.135,33464,BC,5986,CE,OC
12986,339019,178.135,33465,MBCDNC,4678,EC,OC
12987,211202,178.135,33467,BC,5910,AD,BC
12988,351410,178.135,33468,BC,3830,IT,OC
12989,203144,178.135,33470,SC,1219,EC,SC
12990,203020,178.13,33471,BC,3803,CS,BC
12991,303310,178.13,33472,BC,2718,CE,BC
12992,242105,178.13,33473,BC,3018,CS,OC
12993,298372,178.13,33474,BC,1237,AD,OC
12994,273620,178.13,33475,BC,5901,ME,BC
12995,344198,178.13,33476,BC,3803,CS,BC
12996,316010,178.13,33477,BC,3806,IT,OC
12997,286860,178.13,33478,BC,2741,EC,OC
12998,257142,178.13,33479,SC,3465,EE,SC
12999,230428,178.13,33480,BC,2710,EC,BC
13000,257476,178.13,33481,BCM,2702,BT,BCM
13001,271620,178.13,33482,BC,2727,IT,BC
13002,326014,178.13,33485,BC,2708,FD,OC
13003,259638,178.12,33490,MBCV,1216,IT,MBCV
13004,267303,178.12,33491,MBCDNC,2725,CS,MBCDNC
13005,254750,178.12,33492,BC,2608,IT,BC
13006,334905,178.12,33494,MBCV,5022,ME,OC
13007,270930,178.12,33495,BC,2736,BM,OC
13008,209256,178.12,33496,MBCDNC,3011,CE,OC
13009,217156,178.12,33497,BC,1140,CS,BC
13010,320895,178.12,33498,BC,2736,IT,BC
13011,230097,178.12,33500,BC,1422,EC,BC
13012,336651,178.12,33503,BC,2722,ME,OC
13013,226846,178.12,33504,BC,2710,CD,OC
13014,200958,178.12,33505,MBCDNC,2711,CD,MBCDNC
13015,206536,178.12,33506,BC,1306,AD,BC
13016,236349,178.12,33509,MBCV,3464,EC,MBCV
13017,291166,178.12,33510,SCA,2615,EC,SCA
13018,272134,178.12,33511,BC,2726,MZ,OC
13019,238512,178.12,33512,BC,2764,EE,OC
13020,243610,178.12,33513,MBCV,1304,EE,MBCV
13021,228449,178.11,33516,BC,2343,HT,BC
13022,266618,178.11,33518,SC,1211,IT,SC
13023,229212,178.11,33520,BC,1231,AD,BC
13024,277552,178.11,33521,MBCV,2608,IT,MBCV
13025,242764,178.11,33522,OC,2601,BT,OC
13026,218584,178.11,33523,BC,5022,CS,OC
13027,353772,178.11,33527,BC,2725,CS,BC
13028,234585,178.11,33528,BC,4678,AD,BC
13029,200231,178.11,33529,BC,1413,CS,OC
13030,295966,178.11,33531,OC,4972,CS,OC
13031,232685,178.11,33533,MBCDNC,4960,BM,MBCDNC
13032,211677,178.11,33534,BCM,1432,AD,BCM
13033,207032,178.105,33535,SC,5008,MG,SC
13034,214825,178.105,33536,BC,1317,EE,BC
13035,342083,178.105,33537,BCM,5901,ME,BCM
13036,258875,178.1,33538,BC,1140,AD,OC
13037,271562,178.1,33539,MBCDNC,2369,EC,MBCDNC
13038,327400,178.1,33541,BC,1430,ME,OC
13039,215381,178.1,33543,BC,2711,EI,BC
13040,349006,178.1,33544,BC,2702,MC,BC
13041,272389,178.1,33545,BC,3011,EC,BC
13042,366315,178.1,33546,MBCDNC,1216,BM,MBCDNC
13043,340569,178.1,33548,BC,1419,ME,OC
13044,264168,178.1,33550,MBC,3819,EE,OC
13045,281108,178.1,33551,BC,4678,AD,BC
13046,331933,178.1,33552,BC,2708,CS,BC
13047,253662,178.1,33553,OC,5904,EC,OC
13048,249478,178.1,33555,BC,2607,AD,OC
13049,252907,178.1,33557,BC,1013,IT,BC
13050,267926,178.1,33558,BC,2620,CS,OC
13051,265476,178.1,33559,BCM,2328,EC,OC
13052,209961,178.095,33564,BC,4020,EC,BC
13053,312401,178.095,33565,MBCDNC,2639,EC,OC
13054,226440,178.095,33566,BC,2727,AD,BC
13055,218726,178.095,33569,BC,1231,CB,BC
13056,238341,178.095,33571,MBCV,2711,EE,MBCV
13057,269949,178.095,33572,BC,3830,IT,OC
13058,268213,178.095,33574,MBCV,2710,SC,MBCV
13059,245339,178.095,33575,MBCDNC,2751,CS,MBCDNC
13060,360155,178.09,33577,MBCV,2709,CE,MBCV
13061,234911,178.09,33578,MBCV,1014,CS,OC
13062,216760,178.09,33579,MBCV,2719,AD,MBCV
13063,341906,178.09,33580,BC,2723,IT,BC
13064,268126,178.09,33582,BC,2708,IT,OC
13065,278129,178.09,33583,BC,2618,EC,BC
13066,288105,178.085,33584,BC,5502,CS,OC
13067,338099,178.085,33587,MBC,1140,EC,OC
13068,368579,178.085,33588,BC,2302,AG,OC
13069,259816,178.085,33590,BC,5910,EC,OC
13070,212896,178.085,33592,BC,2718,CE,BC
13071,345190,178.085,33593,BC,2745,CS,OC
13072,313855,178.08,33594,BC,1231,EC,OC
13073,261769,178.08,33598,MBCDNC,3701,AD,OC
13074,255125,178.08,33599,MBCV,1219,CH,MBCV
13075,243531,178.08,33601,MBCV,2618,IT,MBCV
13076,339444,178.08,33602,BC,2711,MZ,OC
13077,223428,178.075,33603,BC,1310,CS,OC
13078,255793,178.075,33604,OC,1118,CB,OC
13079,319901,178.075,33606,BC,2715,AG,OC
13080,260111,178.075,33607,BCM,1317,EE,BCM
13081,236069,178.075,33610,SC,2712,AE,SC
13082,314978,178.075,33611,BC,1118,IT,BC
13083,343699,178.075,33612,BCM,4974,ME,OC
13084,227233,178.07,33613,BC,4962,EE,BC
13085,300176,178.07,33614,BC,1216,AL,BC
13086,243493,178.07,33615,BC,1237,CS,BC
13087,265097,178.065,33619,BC,2653,CS,BC
13088,219654,178.065,33620,BC,2736,IT,BC
13089,304445,178.065,33621,MBCV,2710,IT,MBCV
13090,267533,178.065,33622,BC,1419,EI,BC
13091,270459,178.065,33624,BC,4974,ME,OC
13092,255593,178.065,33625,MBCDNC,2651,EE,OC
13093,259750,178.065,33628,BC,3819,EC,OC
13094,212609,178.065,33630,BCM,1113,ME,BCM
13095,345609,178.065,33631,MBCDNC,2702,ME,OC
13096,281929,178.065,33633,BC,2706,EE,OC
13097,208939,178.065,33634,MBCDNC,4023,CS,MBCDNC
13098,320187,178.065,33635,SC,1210,CS,SC
13099,339454,178.065,33636,SC,4965,CS,OC
13100,233293,178.065,33637,MBCV,2702,AL,MBCV
13101,306346,178.065,33639,MBCV,1216,AD,MBCV
13102,257177,178.065,33642,BC,5901,ME,BC
13103,240148,178.065,33643,SC,2735,IT,SC
13104,232418,178.065,33644,BC,4917,BM,OC
13105,262255,178.065,33646,BC,1211,ME,BC
13106,333430,178.065,33647,BC,2656,AD,BC
13107,204082,178.065,33648,BC,4959,CS,BC
13108,334207,178.065,33649,BC,2710,EC,BC
13109,256135,178.065,33650,BC,2608,EC,OC
13110,294799,178.065,33652,BCM,1210,EE,OC
13111,255836,178.065,33654,BCM,2369,CS,BCM
13112,230935,178.055,33658,SC,5901,EE,SC
13113,359319,178.055,33659,BC,2751,AD,OC
13114,298157,178.055,33660,MBCDNC,2634,FD,OC
13115,311932,178.055,33661,SC,2007,CL,SC
13116,210575,178.055,33662,BCM,2708,CS,BCM
13117,324963,178.055,33664,BC,2653,IT,OC
13118,218195,178.055,33665,MBC,5022,CS,OC
13119,263668,178.055,33666,MBCV,2751,CS,MBCV
13120,225440,178.055,33670,MBC,5910,BM,OC
13121,220446,178.055,33672,MBC,2601,CS,OC
13122,229246,178.055,33673,BC,2601,EC,OC
13123,233958,178.05,33674,BC,1231,EC,OC
13124,263327,178.05,33675,BCM,2347,EE,OC
13125,355419,178.045,33676,BC,3760,AD,OC
13126,244160,178.045,33677,BC,2711,MZ,OC
13127,251629,178.045,33678,SC,5901,CE,SC
13128,368986,178.045,33679,SC,2615,ME,SC
13129,201560,178.045,33684,BC,3011,EE,OC
13130,355555,178.045,33686,BC,3815,BT,OC
13131,279972,178.045,33687,BCM,1101,IT,OC
13132,216007,178.045,33688,BC,2725,EC,OC
13133,237354,178.045,33689,BC,2622,BT,OC
13134,333021,178.045,33690,BC,2722,IC,OC
13135,221430,178.045,33691,MBCDNC,1311,CS,MBCDNC
13136,373166,178.045,33692,BC,3819,IT,BC
13137,259038,178.045,33693,BC,1219,CH,BC
13138,329734,178.045,33694,BC,2734,AD,OC
13139,257568,178.045,33695,BC,3701,CS,OC
13140,281481,178.04,33697,BC,1231,CB,BC
13141,303837,178.04,33698,BC,2603,ME,OC
13142,253626,178.04,33699,BC,2734,CS,BC
13143,279304,178.04,33700,BC,2711,EI,BC
13144,245952,178.04,33701,MBCV,2715,CS,OC
13145,326952,178.04,33704,BC,3011,EE,OC
13146,227100,178.04,33705,MBC,1118,CB,MBC
13147,238218,178.04,33706,BC,4024,EC,OC
13148,328904,178.04,33708,BC,2603,ME,OC
13149,248306,178.04,33709,BC,2710,TS,BC
13150,288825,178.04,33710,MBCV,5,EC,OC
13151,322677,178.035,33711,MBC,1219,CH,MBC
13152,265309,178.035,33712,MBCDNC,2712,FT,MBCDNC
13153,219544,178.035,33714,BC,2723,EC,OC
13154,272316,178.035,33715,BC,2719,ME,OC
13155,245139,178.035,33716,BC,1216,AL,BC
13156,231000,178.035,33717,SC,5901,EE,SC
13157,323445,178.035,33719,SC,1,XC,SC
13158,210418,178.03,33723,BC,1231,AD,BC
13159,332071,178.03,33724,SC,5901,CE,SC
13160,215453,178.03,33726,BC,3465,EE,BC
13161,262892,178.03,33728,BC,2735,CS,BC
13162,370756,178.03,33729,BC,2740,EC,OC
13163,246415,178.03,33730,BC,2603,ME,OC
13164,307847,178.03,33731,BC,3801,IT,OC
13165,204385,178.03,33732,BC,2722,ME,OC
13166,317868,178.03,33733,BC,2369,EE,OC
13167,215338,178.03,33734,BC,4023,EC,BC
13168,275637,178.03,33736,MBCDNC,2611,CS,OC
13169,301285,178.03,33737,SC,3011,EC,SC
13170,298598,178.03,33738,BC,2751,AD,OC
13171,212590,178.025,33740,BC,2727,AD,BC
13172,294376,178.025,33741,BC,4971,EE,OC
13173,364352,178.02,33744,BC,5910,AD,BC
13174,312295,178.02,33745,BC,1237,CS,BC
13175,259317,178.02,33749,BC,3819,AD,BC
13176,365306,178.02,33750,BC,2707,CH,OC
13177,236841,178.02,33751,SC,2750,AG,OC
13178,283722,178.02,33752,BC,1120,EC,BC
13179,214436,178.02,33753,BC,2723,EC,OC
13180,315823,178.02,33754,BC,2643,CS,OC
13181,283225,178.015,33756,BC,4974,ME,OC
13182,352863,178.01,33757,SC,2722,CS,SC
13183,276073,178.01,33758,MBCV,2709,ME,MBCV
13184,316709,178.01,33759,BC,4959,IT,OC
13185,357245,178.01,33761,MBCDNC,1419,AD,MBCDNC
13186,316827,178.01,33762,SC,2707,IT,OC
13187,296523,178.01,33763,BC,1231,AD,BC
13188,226046,178.01,33765,MBCV,1120,AD,MBCV
13189,267505,178.01,33766,BC,2727,EC,OC
13190,249811,178.01,33767,MBCDNC,1013,CS,MBCDNC
13191,294180,178.01,33769,BC,2726,CS,BC
13192,228281,178.01,33770,BC,1237,CS,BC
13193,310707,178.01,33771,SCA,2661,CS,OC
13194,243736,178.01,33772,MBCDNC,1210,CO,MBCDNC
13195,305147,178.01,33774,BC,4955,CS,BC
13196,215989,178.01,33775,BC,2704,CS,BC
13197,268926,178.01,33776,BC,2025,ME,BC
13198,328351,178.01,33777,BC,2710,EE,OC
13199,357569,178.01,33779,BC,3454,BM,OC
13200,323314,178.01,33781,BC,4023,IT,BC
13201,200571,178.01,33784,MBCV,2611,CY,OC
13202,333596,178.01,33786,OC,2726,EC,OC
13203,218580,178,33792,BCM,1149,IT,BCM
13204,349145,178,33794,SCA,2718,EC,SCA
13205,221806,178,33802,BCM,3465,EC,BCM
13206,327938,178,33803,BC,1317,EE,BC
13207,311109,178,33804,MBC,1149,IT,MBC
13208,327951,178,33805,OC,2601,BM,OC
13209,317841,178,33810,MBCDNC,2711,EC,MBCDNC
13210,220638,178,33811,MBCDNC,1219,CE,MBCDNC
13211,320301,178,33815,BC,2727,BT,OC
13212,362109,178,33817,BC,1317,EE,BC
13213,313307,178,33819,BC,1419,EI,BC
13214,357799,178,33820,BC,2704,CS,BC
13215,268754,178,33822,BC,1120,EC,BC
13216,204534,178,33823,BC,5901,ME,BC
13217,288738,178,33825,BC,5910,EC,OC
13218,343647,178,33826,BC,1422,EC,BC
13219,354127,178,33827,MBCV,2750,BT,MBCV
13220,374735,178,33828,MBCV,2712,CE,MBCV
13221,224148,178,33829,BC,1306,EC,OC
13222,203253,178,33831,MBC,2726,MZ,OC
13223,329459,178,33832,BC,2712,FT,BC
13224,305142,178,33844,MBCDNC,1509,IT,OC
13225,318646,178,33847,BC,1317,EE,BC
13226,278536,178,33848,BC,2702,AU,OC
13227,263814,178,33850,MBC,2750,CS,MBC
13228,346706,178,33851,MBC,1122,BT,MBC
13229,327867,178,33853,OC,1325,IT,OC
13230,356216,178,33858,MBCV,3810,CE,OC
13231,212750,178,33859,MBCDNC,4917,CS,OC
13232,320646,178,33860,BC,2726,CS,BC
13233,318663,178,33861,BC,1210,EE,OC
13234,345548,178,33866,BC,4980,EC,OC
13235,278158,178,33867,MBCDNC,1113,ME,MBCDNC
13236,227918,178,33868,BC,1317,EE,BC
13237,205492,178,33869,BC,2719,RM,BC
13238,351078,178,33871,MBCV,1432,CO,MBCV
13239,247465,178,33873A,BC,2751,IT,OC
13240,318095,178,33874,BC,5009,EC,BC
13241,200178,178,33875,OC,2734,IT,OC
13242,222769,178,33877,BC,2711,EI,BC
13243,360029,178,33878,BC,3819,CB,OC
13244,230228,178,33887,SC,2005,PR,SC
13245,355241,178,33889,MBCV,1122,BT,MBCV
13246,239635,178,33890,BCM,1216,AL,BCM
13247,346600,178,33892,MBCDNC,1026,CS,MBCDNC
13248,277915,178,33893,BC,2702,MC,BC
13249,364822,178,33897,MBCV,3819,CS,MBCV
13250,306297,178,33898,OC,2764,EE,OC
13251,316822,178,33899,BCM,2718,CE,BCM
13252,283172,178,33901,BC,1304,EI,BC
13253,296516,178,33903,BC,1211,ME,BC
13254,319181,178,33909,OC,1422,ME,OC
13255,252693,178,33910,BC,2719,ME,OC
13256,215918,178,33911,MBCDNC,2329,IT,OC
13257,282246,178,33913,MBC,1309,EE,OC
13258,283696,178,33919,BC,1149,EC,BC
13259,303074,178,33922,BC,2025,ME,BC
13260,271929,178,33927,BC,2722,ME,OC
13261,312612,178,33929,BC,3011,CE,OC
13262,220124,178,33930,BC,1431,EC,OC
13263,226828,178,33932,BC,2727,AL,OC
13264,281325,178,33935,MBCDNC,1211,EE,MBCDNC
13265,296197,178,33938,BC,5,CS,BC
13266,309645,178,33939,BC,1216,AL,BC
13267,299082,178,33948,SC,1419,CS,SC
13268,300482,177.995,33951,MBC,2726,CS,MBC
13269,230276,177.995,33952,BC,1237,CS,BC
13270,252010,177.99,33954,BC,3830,IT,OC
13271,316854,177.99,33957,BC,2718,CE,BC
13272,327133,177.99,33959,MBCV,1324,CO,MBCV
13273,356521,177.99,33960,MBCV,2345,CS,OC
13274,301780,177.99,33962,BC,2722,IC,OC
13275,273454,177.99,33963,BC,2608,EC,OC
13276,263087,177.99,33964,BC,2314,CS,OC
13277,247275,177.99,33965,MBCDNC,2719,EC,MBCDNC
13278,363697,177.99,33966,MBCV,1504,CS,OC
13279,206148,177.985,33967,BC,1324,EE,BC
13280,246581,177.985,33968,BC,5910,EC,OC
13281,207749,177.985,33969,BC,2343,HT,BC
13282,336075,177.985,33974,BC,3011,EE,OC
13283,276672,177.985,33975,BC,5,CS,BC
13284,253274,177.98,33976,SC,2007,CN,SC
13285,244601,177.98,33977,BCM,1101,IT,OC
13286,200025,177.98,33983,MBCDNC,1419,AD,MBCDNC
13287,285247,177.98,33984,BCM,4960,EE,BCM
13288,255630,177.98,33985,BC,3011,EC,BC
13289,292185,177.975,33987,MBCV,1110,BT,OC
13290,321079,177.975,33988,MBCDNC,2006,PS,MBCDNC
13291,233097,177.975,33989,BC,5901,ME,BC
13292,243489,177.975,33990,MBCV,3019,EE,OC
13293,358376,177.975,33991,BC,4957,CS,OC
13294,294665,177.975,33995,BC,5,CS,BC
13295,334238,177.975,33996,OC,4980,EC,OC
13296,234281,177.975,33998,BC,2745,CS,OC
13297,201262,177.975,33999,BCM,1324,EC,BCM
13298,370720,177.975,34000,BC,2745,CS,OC
13299,236986,177.975,34001,BC,2704,IT,BC
13300,209925,177.97,34004,BC,2734,CS,BC
13301,221441,177.97,34005,BC,1231,AD,BC
13302,209081,177.97,34006,BC,2711,EI,BC
13303,307713,177.97,34009,BC,1516,ME,OC
13304,204570,177.97,34010,BC,1211,ME,BC
13305,223096,177.965,34011,BC,4023,CS,BC
13306,281110,177.965,34012,BC,2711,EI,BC
13307,240247,177.965,34013,BC,1216,EC,OC
13308,269890,177.965,34015,BC,1317,CE,OC
13309,218177,177.965,34016,BC,3019,EC,OC
13310,221465,177.965,34017,BCM,1432,CB,BCM
13311,208196,177.965,34018,BC,1149,EC,BC
13312,240862,177.965,34020,BC,2607,EC,OC
13313,303187,177.965,34021,BC,1306,EC,OC
13314,232221,177.965,34022,MBCV,1412,CS,OC
13315,341226,177.965,34024,BC,1505,CS,OC
13316,317211,177.965,34025,MBCDNC,1419,EC,MBCDNC
13317,298296,177.96,34026,BC,5,IT,BC
13318,238606,177.955,34028,MBC,4678,EC,MBC
13319,337955,177.955,34030,BCM,5530,CS,OC
13320,201520,177.955,34031,BC,4960,CE,OC
13321,329740,177.955,34032,BC,1304,CE,OC
13322,219454,177.955,34033,MBCDNC,1120,CS,MBCDNC
13323,327871,177.955,34034,MBCV,2704,EC,OC
13324,308868,177.955,34035,BC,2603,ME,OC
13325,217604,177.955,34036,BC,5,IT,BC
13326,232083,177.955,34037,BC,4965,CS,OC
13327,251218,177.955,34039,MBC,2750,BT,MBC
13328,246778,177.955,34040,BC,2704,IT,BC
13329,297825,177.955,34043,BC,3803,CS,BC
13330,361145,177.955,34044,BC,2735,AD,BC
13331,233282,177.955,34045,BC,2739,ME,OC
13332,217174,177.955,34046,OC,1419,ME,OC
13333,287972,177.955,34048,BC,1303,BT,OC
13334,242561,177.955,34051,BC,1303,IT,OC
13335,220396,177.955,34052,BC,1118,IT,BC
13336,227054,177.955,34053,MBCDNC,4023,EC,MBCDNC
13337,326902,177.955,34054,BC,2704,IT,BC
13338,275234,177.955,34056,MBCV,1504,CS,OC
13339,263770,177.955,34057,MBCV,2702,EE,MBCV
13340,256830,177.955,34059,BC,1216,EC,OC
13341,327055,177.95,34060,MBCDNC,2711,CH,OC
13342,339319,177.95,34061,MBCV,1113,EI,MBCV
13343,290416,177.945,34062,BC,4917,AD,OC
13344,316584,177.945,34063,BC,2744,EC,OC
13345,250830,177.945,34064,BCM,2725,CS,BCM
13346,256963,177.945,34065,BC,2736,CS,BC
13347,205954,177.945,34067,BC,1118,AD,BC
13348,270136,177.945,34068,MBCDNC,2615,ME,MBCDNC
13349,212831,177.945,34069,BC,1231,AD,BC
13350,258840,177.945,34070,BC,4955,CS,BC
13351,238951,177.94,34072,BC,2734,IT,OC
13352,246577,177.94,34073,MBCDNC,1324,CS,MBCDNC
13353,246238,177.935,34074,BC,1216,AL,BC
13354,354396,177.935,34076,MBCV,2369,EE,OC
13355,315344,177.935,34077,BCM,5536,CS,OC
13356,251745,177.935,34078,MBCV,2611,EC,OC
13357,252018,177.935,34079,BC,2711,ME,OC
13358,255527,177.935,34080,SC,2718,AD,SC
13359,304343,177.935,34081,BCM,1311,CS,BCM
13360,294913,177.935,34082,SC,2025,EC,SC
13361,347286,177.935,34083,BC,3011,EC,BC
13362,249725,177.935,34084,BC,2710,EC,BC
13363,215743,177.935,34085,MBCV,3011,EC,MBCV
13364,210730,177.935,34086,BC,1237,CS,BC
13365,330348,177.935,34087,BC,1412,EE,OC
13366,257126,177.935,34088,BC,2721,CS,OC
13367,322465,177.935,34089,BC,4960,BM,BC
13368,357086,177.935,34090,MBCDNC,1116,CS,MBCDNC
13369,255849,177.935,34091,BC,4981,EC,OC
13370,293335,177.935,34092,SC,2743,AD,OC
13371,247721,177.93,34093,BC,5,CF,OC
13372,258279,177.93,34095,MBCV,1432,EC,MBCV
13373,205843,177.93,34096,BC,1216,EC,OC
13374,327579,177.93,34097,MBCV,2702,EE,MBCV
13375,226309,177.93,34098,BC,2722,ME,OC
13376,357564,177.93,34099,OC,2620,CS,OC
13377,229010,177.93,34100,BC,5,CE,OC
13378,250394,177.93,34101,MBCDNC,2718,CE,MBCDNC
13379,225239,177.93,34103,BC,1316,CS,OC
13380,281778,177.925,34104,BC,2343,HT,BC
13381,233686,177.925,34105,OC,1149,EE,OC
13382,211036,177.925,34108,BC,1231,EC,OC
13383,300538,177.925,34109,BC,1122,BT,BC
13384,323803,177.925,34111,BC,5,EC,OC
13385,312100,177.925,34112,BC,2608,EC,OC
13386,256132,177.925,34113,BC,1218,PH,OC
13387,248686,177.925,34114,OC,3830,AD,OC
13388,222908,177.925,34118,BC,1120,EC,BC
13389,231227,177.925,34120,MBCV,1419,EI,MBCV
13390,250545,177.92,34122,BC,2707,IT,OC
13391,232703,177.92,34123,MBCV,1237,IT,OC
13392,222553,177.92,34124,SC,2006,AS,SC
13393,216581,177.92,34125,MBCDNC,4962,EC,MBCDNC
13394,274507,177.92,34126,BC,2727,AD,BC
13395,290214,177.92,34127,BC,1210,EE,OC
13396,275772,177.92,34129,MBCDNC,2702,EE,MBCDNC
13397,234922,177.92,34131,MBCV,1216,IT,MBCV
13398,272079,177.92,34132,MBCV,1149,IT,MBCV
13399,361873,177.92,34134,BC,2719,ME,OC
13400,224088,177.92,34135,BCM,5901,CE,BCM
13401,269417,177.92,34136,MBCDNC,4020,CS,MBCDNC
13402,368633,177.92,34137,BC,2702,ME,OC
13403,246034,177.92,34138,BC,2726,MZ,OC
13404,245958,177.92,34140,MBCV,2711,AL,MBCV
13405,355499,177.92,34141,MBC,2606,CS,OC
13406,328419,177.92,34143,SC,2603,CS,SC
13407,296919,177.92,34144,BC,2702,MC,BC
13408,224830,177.92,34146,BC,1324,EE,BC
13409,264110,177.92,34147,BC,2302,AG,OC
13410,365236,177.915,34148,BC,2704,CS,BC
13411,301261,177.915,34149,SC,4974,CS,SC
13412,212882,177.915,34150,BC,1231,AD,BC
13413,208022,177.91,34153,OC,2708,AL,OC
13414,244936,177.91,34155,BC,2328,IT,OC
13415,293214,177.91,34156,MBCV,5901,ME,MBCV
13416,249759,177.91,34158,BC,2601,CS,OC
13417,214788,177.91,34159,SC,4974,EC,SC
13418,282884,177.91,34161,SC,2718,CB,SC
13419,214594,177.91,34162,BC,2618,EE,OC
13420,255846,177.905,34163,BC,2750,CB,OC
13421,233273,177.905,34164,BC,1237,EC,OC
13422,224465,177.9,34166,BC,1128,EC,BC
13423,208758,177.9,34168,BC,2607,CS,BC
13424,334856,177.9,34169,BC,2656,CS,BC
13425,228211,177.9,34170,BC,4020,EC,BC
13426,334909,177.9,34171,BC,5988,CS,OC
13427,371288,177.9,34172,MBCDNC,1432,EC,MBCDNC
13428,230200,177.9,34173,OC,4955,IT,OC
13429,242619,177.9,34174,BCM,1414,EC,OC
13430,203001,177.9,34175,BC,1122,IT,BC
13431,226668,177.9,34177,BC,2711,MZ,OC
13432,271933,177.9,34178,BC,1231,AD,BC
13433,368958,177.9,34179,SCA,1304,IT,SCA
13434,305258,177.9,34180,BC,4678,EC,BC
13435,295781,177.9,34182,BC,1216,EC,OC
13436,335072,177.9,34183,MBCV,4974,EC,MBCV
13437,314533,177.9,34184,MBCV,1501,EC,OC
13438,283574,177.9,34186,BC,1140,IT,OC
13439,319912,177.9,34187,BC,2762,EC,OC
13440,331614,177.9,34188,MBCV,2739,CS,MBCV
13441,360515,177.9,34190,BC,1118,IT,BC
13442,329592,177.9,34192,SC,2006,AS,SC
13443,357615,177.89,34194,BC,2726,CS,BC
13444,298587,177.89,34196,MBCV,1014,CS,OC
13445,212572,177.89,34197,BC,3011,EE,OC
13446,241998,177.89,34198,BC,2727,AD,BC
13447,208119,177.89,34202,SC,1210,AD,SC
13448,344217,177.89,34203,BCM,2656,CS,BCM
13449,336659,177.89,34204,BC,4980,CS,OC
13450,308493,177.89,34207,MBCDNC,2715,EC,OC
13451,206738,177.89,34208,MBCV,2712,CE,MBCV
13452,254823,177.89,34211,MBCDNC,1422,AD,MBCDNC
13453,294406,177.89,34213,BC,2708,CS,BC
13454,346233,177.89,34215,BC,2704,IT,BC
13455,202611,177.89,34217,BC,5910,CE,OC
13456,246688,177.89,34218,MBCDNC,2615,CE,MBCDNC
13457,351197,177.885,34219,BC,4953,CS,OC
13458,265040,177.885,34220,OC,2706,EE,OC
13459,268157,177.885,34221,BC,2603,ME,OC
13460,243420,177.885,34223,MBC,1149,EC,MBC
13461,230288,177.885,34224,MBC,4959,IT,OC
13462,200534,177.88,34225,BC,1231,CB,BC
13463,323959,177.88,34228,BC,5910,EC,OC
13464,215248,177.88,34232,BC,2704,CS,BC
13465,225150,177.875,34233,BC,2725,EC,OC
13466,204316,177.875,34234,MBCDNC,1216,EC,OC
13467,305364,177.875,34235,BC,2711,EI,BC
13468,291155,177.87,34236,BC,2725,CS,BC
13469,296349,177.87,34238,MBCDNC,2608,EE,OC
13470,368228,177.87,34240,BC,2734,EE,OC
13471,290592,177.87,34241,BC,1216,EE,OC
13472,232134,177.87,34242,MBCDNC,2769,FD,OC
13473,305308,177.87,34244,BC,5910,EC,OC
13474,334983,177.87,34246,BC,2764,EE,OC
13475,208930,177.87,34247,BC,2719,EI,BC
13476,343534,177.865,34249,BC,1413,CS,OC
13477,311760,177.865,34250,BC,1110,CS,OC
13478,265109,177.865,34251,MBCDNC,2718,ME,MBCDNC
13479,251909,177.865,34252,BC,2708,AL,OC
13480,272417,177.865,34255,BC,1210,EE,OC
13481,224753,177.865,34256,MBC,3819,EC,MBC
13482,267515,177.865,34257,BC,1122,AD,BC
13483,200859,177.865,34258,MBCDNC,2718,MZ,MBCDNC
13484,201894,177.865,34259,BC,2709,ME,BC
13485,312239,177.865,34261,MBCV,2727,BT,OC
13486,373006,177.865,34263,MBCV,1013,IT,MBCV
13487,294152,177.865,34264,BC,2608,AD,OC
13488,214658,177.865,34265,BC,4955,CS,BC
13489,339296,177.865,34267,MBCV,2702,AL,MBCV
13490,245754,177.865,34268,BC,2719,ME,OC
13491,205169,177.865,34269,BC,2710,EC,BC
13492,286025,177.865,34270,BC,5532,ME,OC
13493,306631,177.865,34271,BC,4962,EE,BC
13494,210733,177.865,34272,BC,1237,AD,OC
13495,231318,177.86,34273,BCM,1211,MZ,BCM
13496,223687,177.86,34274,MBC,2601,CS,OC
13497,261308,177.86,34275,BC,3464,EC,BC
13498,311828,177.86,34278,BC,2718,CE,BC
13499,283661,177.86,34279,MBCV,2709,CE,MBCV
13500,363702,177.86,34280,BC,2741,CS,BC
13501,245804,177.86,34282,BC,5910,CB,BC
13502,306057,177.86,34283,BC,2740,CS,OC
13503,342663,177.855,34285,BC,2656,ME,OC
13504,225410,177.855,34288,MBCDNC,3819,IT,MBCDNC
13505,290297,177.855,34289,BC,4962,EE,BC
13506,265620,177.855,34290,MBCV,1216,AD,MBCV
13507,270198,177.855,34291,BC,2722,IC,OC
13508,216237,177.855,34292,BC,2762,AD,OC
13509,324552,177.855,34294,MBCV,2607,CS,MBCV
13510,212405,177.855,34298,BC,1516,EE,BC
13511,243034,177.855,34300,BC,1306,AD,BC
13512,210308,177.85,34301,BC,3826,IT,OC
13513,207383,177.85,34302,BC,5009,EC,BC
13514,268145,177.85,34303,BC,4670,AG,OC
13515,274564,177.845,34305,SCA,2636,CS,OC
13516,297693,177.845,34306,BC,3011,CE,OC
13517,231160,177.845,34307,MBCDNC,5986,EC,MBCDNC
13518,225545,177.845,34308,BCM,1,XC,BCM
13519,337281,177.845,34309,BC,2708,AL,OC
13520,210325,177.845,34311,BC,2732,CS,OC
13521,339497,177.845,34316,BC,2762,EC,OC
13522,244258,177.845,34319,BC,2711,MZ,OC
13523,313514,177.845,34322,BC,5010,CE,OC
13524,284534,177.845,34323,BC,2611,EC,OC
13525,336594,177.845,34324,BC,1026,EC,BC
13526,238619,177.835,34328,BC,2622,CH,OC
13527,221110,177.835,34331,MBCV,3425,EC,OC
13528,298904,177.835,34335,BC,2710,CD,OC
13529,275487,177.835,34336,BC,2711,ME,OC
13530,293676,177.835,34337,SC,1211,IT,SC
13531,242823,177.835,34338,BC,2702,FD,BC
13532,291512,177.835,34339,SC,1211,IT,SC
13533,210496,177.835,34340,MBCDNC,2711,AL,MBCDNC
13534,262323,177.835,34341,BC,5910,AD,BC
13535,227384,177.83,34342,BC,1237,AD,OC
13536,368213,177.83,34344,SC,5,CF,OC
13537,261203,177.825,34345,OC,1422,ME,OC
13538,223669,177.825,34346,MBC,2622,EC,MBC
13539,362326,177.825,34347,BC,2735,IT,BC
13540,235004,177.825,34349,BC,2622,CH,OC
13541,242949,177.825,34351,SC,2718,IT,SC
13542,325104,177.825,34352,BC,4864,EC,OC
13543,251454,177.825,34353,BC,3701,CS,OC
13544,262238,177.825,34354,SCA,2006,MT,SCA
13545,301573,177.825,34355,BC,2725,EC,BC
13546,269404,177.825,34356,BC,3011,XC,OC
13547,272133,177.825,34357,MBCDNC,1324,AD,MBCDNC
13548,298566,177.825,34358,MBCDNC,3826,IT,OC
13549,205388,177.825,34359,BC,2734,CS,BC
13550,257758,177.825,34360,BC,1216,EC,OC
13551,261877,177.825,34361,BC,2750,CS,BC
13552,352158,177.825,34362,BC,4864,EC,OC
13553,293349,177.825,34363,OC,2329,IT,OC
13554,204232,177.82,34367,BC,1303,AD,OC
13555,274305,177.82,34368,MBC,1026,EE,OC
13556,267683,177.82,34369,BC,1207,BM,OC
13557,313833,177.82,34370,BC,2707,CS,OC
13558,270491,177.82,34372,BCM,2702,SE,BCM
13559,292562,177.82,34373,BC,1013,IT,BC
13560,211156,177.82,34374,SC,2718,IT,SC
13561,250308,177.82,34376,BC,2710,EC,BC
13562,247821,177.815,34378,BC,2707,AD,OC
13563,276390,177.815,34379,MBCV,2739,CS,MBCV
13564,201544,177.815,34381,BC,2343,HT,BC
13565,298935,177.815,34383,SC,1516,EC,SC
13566,238895,177.815,34385,MBC,2729,AE,OC
13567,207935,177.815,34387,MBCV,1216,AD,MBCV
13568,304333,177.815,34388,MBCDNC,2718,CE,MBCDNC
13569,210440,177.815,34389,BC,5904,IT,OC
13570,275395,177.815,34391,BC,2736,CS,BC
13571,345799,177.815,34393,BC,2610,BM,OC
13572,287026,177.815,34394,MBCDNC,2764,EC,MBCDNC
13573,313399,177.815,34395,BC,3805,BM,OC
13574,340721,177.81,34396,BC,2656,CS,BC
13575,235934,177.81,34399,BC,2752,CS,OC
13576,219059,177.81,34400,BC,5919,CH,OC
13577,251054,177.81,34401,SC,1216,BM,SC
13578,202570,177.81,34402,BC,1311,AD,OC
13579,335415,177.81,34403,BC,5904,EC,OC
13580,342370,177.81,34404,MBCV,1216,EE,OC
13581,346747,177.81,34405,BC,2710,TS,BC
13582,228416,177.81,34407,BC,5901,ME,BC
13583,321226,177.81,34408,MBCV,2620,CS,OC
13584,268380,177.81,34412,MBCDNC,2608,EC,OC
13585,331436,177.805,34417,SC,2749,PE,OC
13586,209769,177.805,34419,BC,2702,CE,OC
13587,231272,177.8,34421,BC,2613,CS,OC
13588,203247,177.8,34423,OC,1231,EC,OC
13589,229033,177.8,34425,BC,2727,AG,OC
13590,203977,177.8,34427,SC,5008,MG,SC
13591,273146,177.8,34428,MBCV,2722,EC,MBCV
13592,362858,177.795,34429,MBC,5502,CS,OC
13593,255809,177.795,34430,SCA,5008,ME,SCA
13594,299995,177.795,34431,MBCV,2710,IT,MBCV
13595,214345,177.79,34434,MBCV,2653,CS,MBCV
13596,267565,177.79,34435,MBCV,1442,CS,OC
13597,242744,177.79,34436,MBCDNC,1501,CS,OC
13598,287071,177.79,34437,BC,2729,CS,OC
13599,259623,177.79,34438,BC,1127,CS,OC
13600,260637,177.79,34440,SC,5008,MF,SC
13601,281493,177.79,34442,MBCV,5901,CE,MBCV
13602,246720,177.79,34443,MBCV,2369,EE,OC
13603,285040,177.79,34444,BC,1013,EC,OC
13604,290220,177.79,34445,BC,1317,EE,BC
13605,294024,177.79,34446,BC,2734,IT,OC
13606,325178,177.79,34449,BC,1317,EE,BC
13607,273068,177.79,34450,BC,2751,IT,OC
13608,259285,177.79,34451,OC,4955,EC,OC
13609,284918,177.79,34452,BC,4995,EC,OC
13610,311830,177.78,34454,BC,2710,EC,BC
13611,273829,177.78,34455,BCM,2718,MZ,BCM
13612,259286,177.78,34458,ST,5008,IM,ST
13613,201303,177.78,34460,BC,1225,IT,OC
13614,371048,177.78,34462,BC,4864,EC,OC
13615,346915,177.78,34463,BC,3820,CS,OC
13616,301942,177.78,34464,MBCDNC,2710,CS,MBCDNC
13617,231065,177.78,34465,MBCV,2610,IT,OC
13618,246327,177.78,34466,BC,2736,IT,BC
13619,216231,177.78,34467,SC,4680,CE,OC
13620,247960,177.78,34468,SC,3011,CS,SC
13621,339619,177.78,34469,BC,5910,EC,OC
13622,256933,177.78,34470,BCM,2711,EC,BCM
13623,227480,177.78,34471,BC,2601,CS,OC
13624,348336,177.78,34472,BC,3466,EC,OC
13625,264159,177.78,34473,BC,2618,EC,BC
13626,287786,177.78,34474,BC,2719,EI,BC
13627,346929,177.78,34477,BC,1401,CS,OC
13628,280218,177.78,34478,MBCV,2702,CB,MBCV
13629,249038,177.78,34480,MBC,2719,ME,OC
13630,284886,177.78,34481,BC,4965,BM,OC
13631,271117,177.78,34483,SC,2712,AE,SC
13632,335088,177.78,34484,MBCDNC,2639,CS,OC
13633,356771,177.78,34485,MBCV,1026,EC,MBCV
13634,254031,177.78,34486,BCM,2726,AL,OC
13635,256436,177.78,34487,BC,2727,EC,OC
13636,221976,177.77,34490,BC,2709,ME,BC
13637,215486,177.77,34492,OC,2653,CB,OC
13638,235980,177.77,34493,BC,1217,AD,OC
13639,262206,177.77,34494,BC,1216,EC,OC
13640,334053,177.77,34495,BC,2328,EC,OC
13641,248615,177.77,34497,BC,4974,ME,OC
13642,259284,177.77,34498,MBCV,1324,CO,MBCV
13643,201044,177.77,34499,BC,2710,EC,BC
13644,261976,177.77,34500,BC,2706,EE,OC
13645,218263,177.77,34501,BC,4965,CS,OC
13646,364909,177.77,34502,MBCDNC,2743,FD,OC
13647,251240,177.765,34505,BCM,1211,BT,BCM
13648,218210,177.76,34507,MBCDNC,1419,CJ,MBCDNC
13649,227070,177.76,34513,BC,4024,EC,OC
13650,281154,177.76,34517,BC,1231,CB,BC
13651,248676,177.76,34519,BC,4966,CS,OC
13652,220035,177.755,34525,BC,1216,EC,OC
13653,269789,177.755,34527,BC,1231,AD,BC
13654,200520,177.755,34528,SC,1419,CS,SC
13655,214452,177.755,34530,BCM,2710,AD,BCM
13656,209850,177.755,34533,BC,1231,AD,BC
13657,272338,177.755,34535,MBC,2734,CS,MBC
13658,218682,177.755,34536,BC,2734,IT,OC
13659,275613,177.755,34537,MBC,3803,CS,MBC
13660,349696,177.755,34538,MBCV,3011,AU,OC
13661,341206,177.75,34539,BC,3826,IT,BC
13662,275186,177.75,34541,MBCV,1306,CS,MBCV
13663,308854,177.75,34542,SC,2764,BM,SC
13664,273093,177.75,34543,BC,3701,EC,OC
13665,294235,177.75,34545,BC,4964,EE,OC
13666,354323,177.75,34546,BC,2634,EC,OC
13667,216251,177.745,34547,BC,1149,EC,BC
13668,355475,177.745,34548,BCM,2711,CD,BCM
13669,348330,177.745,34549,BC,5532,CE,OC
13670,224410,177.745,34551,BC,1149,EC,BC
13671,265576,177.745,34552,BC,1211,ME,BC
13672,337694,177.745,34554,BC,2608,EC,BC
13673,327164,177.745,34555,BC,3819,EC,BC
13674,228617,177.745,34556,BC,5904,IT,OC
13675,216772,177.745,34557,SC,3011,CS,SC
13676,218911,177.745,34559,BC,3701,CS,OC
13677,200274,177.745,34560,MBCV,1210,CO,MBCV
13678,268061,177.745,34561,BC,2611,CY,OC
13679,286726,177.745,34562,MBCDNC,1399,ME,MBCDNC
13680,214498,177.745,34563,BC,2723,IT,BC
13681,305254,177.745,34564,MBCDNC,4954,IT,OC
13682,236001,177.745,34566,SC,1118,BM,SC
13683,232373,177.74,34568,SC,5008,CN,SC
13684,354725,177.74,34569,BC,2622,ME,OC
13685,302618,177.735,34573,BC,2727,AD,BC
13686,336830,177.735,34574,BC,2725,CS,BC
13687,368428,177.735,34575,BC,2608,EC,BC
13688,214419,177.735,34577,BC,4960,CE,OC
13689,210704,177.735,34578,SC,3464,CS,SC
13690,226192,177.735,34579,MBCV,1210,ME,OC
13691,265276,177.73,34580,BC,2314,EE,OC
13692,302427,177.73,34581,MBCV,3425,EE,OC
13693,345925,177.725,34582,BC,2653,CS,BC
13694,303070,177.725,34583,SCA,2712,CS,SCA
13695,312436,177.725,34584,MBCV,1408,IT,OC
13696,345369,177.725,34585,BC,1216,EC,OC
13697,314781,177.725,34586,MBCDNC,1149,AD,MBCDNC
13698,306274,177.725,34587,BC,1231,EC,OC
13699,342531,177.725,34588,MBC,2610,IT,OC
13700,271050,177.725,34591,BC,1149,EC,BC
13701,225206,177.725,34593,MBC,2710,EC,MBC
13702,309423,177.725,34594,BC,5009,EC,BC
13703,241599,177.725,34597,MBCDNC,1231,AD,MBCDNC
13704,269319,177.725,34598,BC,2702,MC,BC
13705,227813,177.725,34599,BC,1419,EI,BC
13706,306879,177.725,34600,BC,4680,CE,OC
13707,372989,177.725,34601,BC,2718,CE,BC
13708,265858,177.725,34602,BC,3826,AD,OC
13709,252229,177.725,34605,BC,5910,EC,OC
13710,204187,177.725,34606,BC,2727,FD,OC
13711,276181,177.725,34607,SC,2025,EC,SC
13712,370750,177.725,34609,SC,5010,CS,SC
13713,211232,177.725,34610,MBCV,3830,CS,MBCV
13714,247067,177.725,34611,OC,4971,EC,OC
13715,262078,177.72,34612,BC,4678,EC,BC
13716,236750,177.715,34614,MBCV,1149,CS,MBCV
13717,311152,177.715,34616,BC,1504,BT,OC
13718,208978,177.715,34617,MBCDNC,3701,CS,OC
13719,256378,177.715,34618,BC,4023,ME,OC
13720,310967,177.715,34620,MBCV,3843,CE,OC
13721,223416,177.715,34621,BC,2726,AL,OC
13722,273767,177.715,34624,BC,4959,IT,OC
13723,308774,177.715,34625,BC,1516,EE,BC
13724,260200,177.715,34628,BC,1317,EE,BC
13725,324816,177.715,34629,BC,3011,EC,BC
13726,367936,177.715,34630,MBCDNC,2704,IT,MBCDNC
13727,214656,177.715,34631,BC,1106,CS,OC
13728,276236,177.715,34632,SC,1419,CS,SC
13729,271279,177.71,34633,MBCDNC,1432,CS,MBCDNC
13730,237809,177.71,34635,BC,3803,CH,OC
13731,245983,177.71,34636,BC,1422,EC,BC
13732,335737,177.71,34637,BC,2025,ME,BC
13733,302080,177.705,34640,MBCDNC,2725,CS,MBCDNC
13734,316829,177.705,34642,BC,3812,CS,OC
13735,297013,177.705,34644,BC,2710,CD,OC
13736,360724,177.705,34645,BC,1202,CS,OC
13737,372981,177.705,34646,OC,1301,IT,OC
13738,330167,177.705,34647,BC,3807,IT,OC
13739,239382,177.705,34649,BC,2725,CS,BC
13740,345231,177.705,34650,BC,5907,MR,OC
13741,326879,177.705,34651,BC,1149,EC,BC
13742,253818,177.705,34653,BC,1216,AL,BC
13743,200493,177.7,34654,SC,2615,ME,SC
13744,297411,177.7,34655,BC,2711,EI,BC
13745,217241,177.7,34656,MBCV,1216,EE,OC
13746,338066,177.7,34657,MBCDNC,2723,EC,OC
13747,270087,177.7,34658,BC,1231,EC,OC
13748,288903,177.7,34660,OC,2727,EC,OC
13749,354216,177.7,34661,BC,3464,EC,BC
13750,353904,177.7,34664,MBC,3801,IT,OC
13751,276097,177.7,34666,MBCDNC,2764,CS,MBCDNC
13752,205007,177.695,34667,BC,1419,EI,BC
13753,243477,177.695,34668,MBCV,2709,CE,MBCV
13754,367097,177.695,34670,BC,2734,IT,OC
13755,208404,177.695,34671,BC,2718,CE,BC
13756,312870,177.695,34672,BC,2709,AU,OC
13757,242336,177.695,34674,BCM,1310,EC,OC
13758,326414,177.695,34675,BC,1420,CS,OC
13759,297363,177.695,34677,SC,2718,IT,SC
13760,214118,177.695,34678,BC,1237,CS,BC
13761,242306,177.69,34680,MBCDNC,2711,EE,MBCDNC
13762,355857,177.69,34682,BC,4953,CS,OC
13763,241790,177.69,34686,SC,2005,IB,SC
13764,326026,177.69,34688,SCA,2,IS,SCA
13765,219263,177.69,34691,BC,1118,BM,BC
13766,252070,177.69,34692,SC,5009,CS,SC
13767,317525,177.685,34695,BC,2609,AD,OC
13768,371131,177.685,34696,SCA,2652,EE,OC
13769,226475,177.685,34698,OC,1216,EC,OC
13770,352151,177.685,34699,BC,3701,AD,OC
13771,371728,177.68,34703,MBCV,2611,CY,OC
13772,290792,177.68,34704,BC,2711,MZ,OC
13773,265649,177.68,34705,BC,2734,IT,OC
13774,224546,177.68,34706,BC,1210,CE,OC
13775,288977,177.68,34707,BC,5901,ME,BC
13776,204264,177.68,34708,BC,1237,IT,OC
13777,212610,177.68,34710,BC,2634,BM,OC
13778,214588,177.68,34711,BC,1310,CS,OC
13779,295397,177.68,34712,BC,1216,EC,OC
13780,236895,177.68,34713,BC,1231,AD,BC
13781,212389,177.68,34716,BC,3826,IT,BC
13782,311066,177.68,34717,BC,2726,CS,BC
13783,316955,177.68,34718,MBC,2620,BT,OC
13784,210281,177.68,34720,BC,4955,CS,BC
13785,295614,177.68,34722,BC,5,AM,BC
13786,358333,177.68,34723,BC,2609,IT,OC
13787,319601,177.68,34724,BC,2711,EI,BC
13788,306478,177.68,34727,BC,3826,EC,OC
13789,341486,177.67,34731,MBCV,5,CS,MBCV
13790,309373,177.67,34732,MBCDNC,2723,BM,OC
13791,203587,177.67,34733,BC,2601,CS,OC
13792,202260,177.67,34734,SC,1113,AD,SC
13793,216064,177.67,34735,BCM,1211,ME,BCM
13794,200750,177.67,34736,BC,2722,ME,OC
13795,287690,177.67,34738,MBCV,3425,EC,OC
13796,263778,177.67,34739,MBCDNC,2710,CS,MBCDNC
13797,354585,177.67,34741,SC,1211,IT,SC
13798,232432,177.67,34744,MBCV,1013,CS,MBCV
13799,208423,177.67,34745,BC,2725,CS,BC
13800,209116,177.67,34747,BC,1231,AD,BC
13801,218328,177.67,34748,SC,1219,EC,SC
13802,350962,177.67,34749,MBCV,2609,PU,OC
13803,223814,177.67,34754,BC,3464,ME,OC
13804,341220,177.67,34755,BC,2709,ME,BC
13805,248211,177.67,34756,OC,2726,BM,OC
13806,307384,177.67,34757,BC,5901,ME,BC
13807,272769,177.67,34759,BC,2702,CE,OC
13808,242727,177.67,34761,MBCDNC,1422,AD,MBCDNC
13809,308101,177.665,34764,MBCV,1015,CS,OC
13810,245452,177.66,34766,BC,1303,CS,OC
13811,305150,177.66,34767,BCM,2719,EC,BCM
13812,243051,177.66,34768,BC,5910,EC,OC
13813,270100,177.66,34769,MBCV,1211,RM,MBCV
13814,287849,177.66,34771,BC,2648,EE,OC
13815,339472,177.66,34773,BC,2727,AD,BC
13816,258931,177.66,34774,MBC,1210,EE,OC
13817,241321,177.66,34775,BC,3830,IT,OC
13818,249668,177.66,34776,MBCV,4020,CS,MBCV
13819,279545,177.655,34777,BCM,1311,AO,BCM
13820,217289,177.655,34778,MBCV,2719,AE,OC
13821,295259,177.655,34779,BC,5022,CS,OC
13822,203787,177.65,34780,BC,1231,AD,BC
13823,318650,177.65,34781,BC,1311,AD,OC
13824,293721,177.65,34782,BC,3819,AD,BC
13825,265063,177.65,34783,MBCV,1013,IT,MBCV
13826,259495,177.65,34784,BC,2601,CS,OC
13827,232640,177.65,34785,BCM,1317,EE,BCM
13828,226874,177.65,34786,BC,2710,CD,OC
13829,325444,177.65,34787,BCM,3810,AD,OC
13830,210784,177.65,34788,SC,2712,AE,SC
13831,252221,177.65,34790,BC,2710,EC,BC
13832,311986,177.65,34792,BC,4954,CS,OC
13833,231459,177.65,34793,MBCV,1432,CO,MBCV
13834,231594,177.645,34795,BC,1306,EC,OC
13835,216916,177.645,34796,BC,4959,IT,OC
13836,280030,177.645,34797,MBCDNC,1432,AD,MBCDNC
13837,258740,177.645,34799,MBCV,1419,EE,MBCV
13838,204219,177.645,34800,BC,5910,AD,BC
13839,319090,177.64,34805,OC,1237,IT,OC
13840,273849,177.64,34807,BC,5901,ME,BC
13841,353102,177.64,34809,SCA,2025,EC,SCA
13842,282326,177.64,34810,BC,3016,CS,OC
13843,210024,177.64,34812,BC,4965,BT,OC
13844,252411,177.64,34813,SC,1,XM,SC
13845,211025,177.64,34814,BC,5986,ME,OC
13846,258040,177.635,34815,BC,2620,CS,OC
13847,252739,177.635,34816,MBCV,1210,CB,MBCV
13848,260491,177.635,34818,BC,1231,CB,BC
13849,224992,177.635,34820,BC,4023,CS,BC
13850,272858,177.635,34821,SC,2615,ME,SC
13851,227660,177.635,34822,BC,1306,AD,BC
13852,212104,177.635,34824,MBCV,1311,CS,MBCV
13853,285703,177.635,34825,BC,2621,EE,OC
13854,210588,177.635,34829,MBCV,2343,HT,MBCV
13855,349018,177.635,34830,BC,3760,AG,OC
13856,313252,177.635,34831,BC,1317,EE,BC
13857,290569,177.635,34832,BC,3795,CS,BC
13858,294846,177.635,34834,ST,3011,XC,OC
13859,218806,177.635,34835,BCM,1216,CS,BCM
13860,275218,177.635,34837,OC,1114,IT,OC
13861,317923,177.635,34838,MBCV,1216,BM,MBCV
13862,296553,177.635,34841,MBC,2653,ME,OC
13863,346085,177.63,34842,BC,2711,MZ,OC
13864,232965,177.63,34843,MBCDNC,1419,EC,MBCDNC
13865,282214,177.625,34847,BCM,2736,CS,BCM
13866,249558,177.625,34848,BC,5,IT,BC
13867,304345,177.625,34850,BC,2708,AG,OC
13868,217232,177.62,34852,BC,2722,ME,OC
13869,290750,177.615,34854,MBCDNC,2709,ME,MBCDNC
13870,209581,177.615,34855,MBC,1210,EC,MBC
13871,215375,177.615,34856,BC,1309,EE,OC
13872,304989,177.615,34857,BCM,1026,EC,BCM
13873,342046,177.615,34858,BC,5532,EC,OC
13874,322451,177.615,34861,MBCV,2711,EC,MBCV
13875,307811,177.615,34862,MBCV,2702,AL,MBCV
13876,323997,177.615,34865,MBCDNC,2725,IT,MBCDNC
13877,349096,177.615,34866,BC,2609,EC,OC
13878,317389,177.615,34869,MBCDNC,2702,EE,MBCDNC
13879,205418,177.615,34870,BC,2708,CS,BC
13880,210069,177.615,34871,BC,2719,AE,BC
13881,324759,177.615,34872,BC,3810,AD,OC
13882,236064,177.615,34873,BC,2734,IT,OC
13883,276305,177.615,34874,BC,3021,CS,OC
13884,277424,177.615,34875,SC,2702,EC,SC
13885,237536,177.615,34876,BC,1118,BM,BC
13886,269068,177.615,34877,MBCV,2710,AD,MBCV
13887,226454,177.615,34878,MBCDNC,2608,EC,MBCDNC
13888,266322,177.615,34880,BC,2719,EI,BC
13889,287412,177.615,34881,MBCV,4974,EC,MBCV
13890,204231,177.615,34882,BC,3011,EC,BC
13891,299637,177.61,34884,BC,1211,ME,BC
13892,273015,177.61,34885,BC,4680,CE,OC
13893,278623,177.61,34886,MBC,2630,CS,OC
13894,272014,177.605,34888,BC,4960,ME,OC
13895,224189,177.605,34889,MBCDNC,3011,IT,MBCDNC
13896,271347,177.605,34890,MBCV,1211,FD,MBCV
13897,321146,177.605,34891,BC,3826,IT,BC
13898,228404,177.605,34892,MBCV,2656,EC,OC
13899,209890,177.605,34893,BC,2659,BM,OC
13900,211603,177.605,34895,BC,2736,AD,OC
13901,200957,177.605,34896,MBCV,1210,AD,MBCV
13902,296803,177.605,34898,BC,2611,MC,OC
13903,319617,177.605,34899,BC,2711,AU,OC
13904,205651,177.605,34900,BC,2723,EC,OC
13905,262288,177.605,34901,OC,1413,CS,OC
13906,244810,177.6,34905,BC,2711,ME,OC
13907,232420,177.6,34906,BC,1306,IT,BC
13908,352587,177.595,34909,BC,2622,CH,OC
13909,250932,177.595,34910,BC,2711,MZ,OC
13910,309714,177.595,34911,MBCV,2328,CS,OC
13911,261815,177.595,34912,BC,1311,EC,OC
13912,295859,177.585,34918,MBCV,1013,CS,MBCV
13913,312670,177.585,34919,SC,2007,MF,SC
13914,211313,177.585,34920,BC,1120,EC,BC
13915,243049,177.585,34922,BC,1317,EE,BC
13916,274551,177.585,34923,BCM,3804,CS,OC
13917,205586,177.585,34924,BC,2727,AD,BC
13918,233952,177.585,34925,BC,2735,IT,BC
13919,329846,177.585,34926,BCM,2711,EC,BCM
13920,230251,177.585,34927,MBCV,1120,EC,MBCV
13921,261169,177.585,34929,BC,2735,AD,BC
13922,235770,177.585,34930,BCM,4962,EC,BCM
13923,240897,177.58,34931,BC,4960,ME,OC
13924,344509,177.58,34934,BC,1122,BT,BC
13925,251896,177.58,34936,BC,2610,EE,OC
13926,274182,177.58,34937,BC,2722,CE,OC
13927,374572,177.58,34938,MBCV,1128,AD,MBCV
13928,239340,177.58,34940,BC,2727,AD,BC
13929,265017,177.58,34941,MBCDNC,3019,EC,OC
13930,266257,177.58,34942,MBC,1120,AD,MBC
13931,324614,177.58,34943,MBCV,2632,IT,OC
13932,344334,177.58,34945,MBCDNC,2608,CS,MBCDNC
13933,225706,177.58,34946,SCA,2005,CE,SCA
13934,224517,177.58,34947,BC,2710,EC,BC
13935,244805,177.58,34948,BC,5,EC,OC
13936,293079,177.58,34949,MBCDNC,1122,CS,MBCDNC
13937,223205,177.58,34951,BC,5913,CS,OC
13938,354270,177.575,34953,BC,2735,CS,BC
13939,302822,177.575,34955,BC,1311,AD,OC
13940,320120,177.57,34957,BC,2608,AD,OC
13941,295076,177.57,34958,MBCV,1210,EC,MBCV
13942,264597,177.57,34959,MBCDNC,3018,CS,OC
13943,338536,177.57,34962,BC,2653,CS,BC
13944,247744,177.57,34964,BC,2708,CS,BC
13945,292473,177.57,34967,BC,1422,EI,OC
13946,226730,177.57,34969,BC,1413,CS,OC
13947,287614,177.57,34970,BC,2762,CS,OC
13948,326532,177.57,34972,ST,2005,EI,ST
13949,318759,177.57,34973,BC,2702,CE,OC
13950,349130,177.57,34974,MBCDNC,2718,MZ,MBCDNC
13951,352514,177.57,34976,OC,1401,IT,OC
13952,225361,177.57,34977,BC,2369,EE,OC
13953,335008,177.57,34978,BC,4678,EC,BC
13954,260758,177.57,34979,BC,1309,EE,OC
13955,209282,177.57,34980,BC,2706,EE,OC
13956,251642,177.56,34983,BCM,2707,CS,OC
13957,264491,177.56,34985,BCM,4965,EE,OC
13958,216801,177.56,34988,MBCV,1317,CH,OC
13959,273566,177.56,34992,MBCDNC,2739,CB,MBCDNC
13960,290713,177.56,34994,SC,2712,EE,SC
13961,236680,177.56,34996,BC,4981,CS,OC
13962,333540,177.56,34997,BC,2661,CS,OC
13963,273227,177.56,35000,BC,2727,EC,OC
13964,336766,177.56,35002,BC,5010,EC,BC
13965,205107,177.56,35004,BC,2710,EC,BC
13966,222926,177.56,35006,BC,2709,ME,BC
13967,307719,177.56,35007,BC,2711,MZ,OC
13968,215189,177.56,35008,SC,4960,CS,SC
13969,260214,177.56,35009,BC,2726,IT,OC
13970,227425,177.56,35010,BC,2357,CS,OC
13971,201325,177.56,35013,BC,2711,MZ,OC
13972,256760,177.56,35014,SC,3011,EE,OC
13973,269796,177.55,35015,BC,3011,EC,BC
13974,339427,177.55,35016,SC,2653,ME,OC
13975,309211,177.55,35017,BC,2734,IT,BC
13976,273567,177.55,35018,BC,2725,EC,BC
13977,255716,177.55,35024,BCM,1149,CS,BCM
13978,264686,177.55,35025,SC,1399,EC,SC
13979,236331,177.55,35026,SC,1399,IT,SC
13980,274945,177.55,35027,BC,2702,ME,OC
13981,239664,177.55,35028,BC,2736,BM,OC
13982,296928,177.55,35029,MBC,2618,EE,OC
13983,277712,177.55,35031,MBCDNC,2621,EC,OC
13984,218303,177.545,35032,SC,2712,SE,SC
13985,368533,177.545,35033,BC,3011,ME,OC
13986,259801,177.545,35034,MBCV,2641,EC,OC
13987,364289,177.54,35036,BC,2711,MZ,BC
13988,260522,177.54,35037,BC,1210,EE,OC
13989,269768,177.54,35039,BC,5904,CS,BC
13990,274245,177.54,35040,BC,1413,CS,OC
13991,281788,177.54,35041,BC,5010,EC,BC
13992,294903,177.54,35043,BCM,4962,EC,BCM
13993,258166,177.54,35045,BC,1422,EC,BC
13994,212188,177.54,35048,BC,2719,EI,BC
13995,299645,177.535,35051,BC,1450,ME,BC
13996,216773,177.535,35052,BC,2751,IT,OC
13997,318246,177.535,35055,BC,5010,ME,OC
13998,331842,177.535,35056,BCM,2708,CS,BCM
13999,296589,177.535,35057,BC,2329,BT,OC
14000,248773,177.53,35058,BC,2622,EC,BC
14001,204720,177.53,35059,BC,5910,EC,OC
14002,291052,177.53,35061,BC,1225,IT,OC
14003,210183,177.53,35063,MBCV,1317,EE,MBCV
14004,297851,177.53,35064,BC,4023,IT,BC
14005,347588,177.53,35065,SC,2625,CS,OC
14006,226603,177.53,35066,MBCV,3464,EC,MBCV
14007,210320,177.525,35067,BC,1118,IT,BC
14008,357779,177.525,35069,BC,2764,CH,OC
14009,264368,177.525,35071,BC,2711,ME,OC
14010,338560,177.525,35072,MBC,1013,IT,MBC
14011,268343,177.525,35073,MBCV,1324,EC,MBCV
14012,326226,177.525,35074,BC,3819,AD,BC
14013,279644,177.525,35075,MBCDNC,1324,IT,MBCDNC
14014,212212,177.525,35076,OC,2329,CS,OC
14015,296057,177.525,35077,SC,1516,CS,SC
14016,225673,177.525,35078,MBCV,2736,IT,MBCV
14017,266246,177.525,35083,BC,1516,EE,BC
14018,318435,177.525,35084,BC,4020,EC,BC
14019,274817,177.525,35085,MBCV,2725,CS,MBCV
14020,312194,177.525,35087,SC,1399,CB,SC
14021,305218,177.525,35088,MBCV,1026,EC,MBCV
14022,251557,177.525,35089,SC,1026,CS,SC
14023,267747,177.525,35091,MBC,1304,BM,MBC
14024,341429,177.525,35092,MBC,2610,EC,OC
14025,268783,177.52,35093,MBCV,3805,EE,OC
14026,308395,177.52,35094,MBCV,2735,CS,MBCV
14027,243390,177.515,35096,BCM,3811,CS,OC
14028,200807,177.515,35097,BC,1422,EC,BC
14029,233703,177.515,35099,MBCDNC,2702,EE,MBCDNC
14030,303923,177.515,35100,BC,5022,CS,OC
14031,262869,177.515,35101,BC,1422,ME,OC
14032,268590,177.515,35103,MBCDNC,1516,EE,MBCDNC
14033,281088,177.515,35104,MBC,2739,ME,OC
14034,249052,177.515,35105,MBCV,1233,CS,OC
14035,237212,177.515,35107,MBCV,1211,MZ,MBCV
14036,202680,177.515,35108,MBC,5986,EC,MBC
14037,241845,177.51,35109,MBC,1118,AD,MBC
14038,274181,177.505,35112,BC,1306,BT,BC
14039,251350,177.505,35113,BC,2622,CS,BC
14040,311301,177.505,35114,MBCV,1013,CS,MBCV
14041,308514,177.505,35115,BC,2741,CS,BC
14042,253139,177.505,35116,MBCDNC,4965,CS,OC
14043,239215,177.505,35117,MBCV,3011,EE,OC
14044,239328,177.505,35118,BC,2727,AD,BC
14045,244173,177.505,35119,BC,2727,AL,OC
14046,213261,177.505,35120,BC,1118,AD,BC
14047,207581,177.505,35121,OC,4024,EC,OC
14048,365059,177.505,35123,BC,3011,EE,OC
14049,239594,177.505,35125,SC,3465,EC,SC
14050,260515,177.505,35126,MBCV,1231,AD,MBCV
14051,311278,177.505,35127,BC,2751,EC,OC
14052,274578,177.505,35129,BC,1422,EC,BC
14053,241349,177.505,35131,BC,2704,CS,BC
14054,222700,177.505,35133,BC,3701,AD,OC
14055,227956,177.505,35134,BC,2719,ME,OC
14056,236824,177.5,35135,SC,2712,ME,SC
14057,214880,177.5,35140,MBCV,1324,CO,MBCV
14058,334278,177.5,35141,MBCV,2712,TX,MBCV
14059,273264,177.5,35142,BC,2726,EE,OC
14060,312265,177.5,35149,MBCDNC,2711,CH,OC
14061,283102,177.5,35153,BC,2727,EC,OC
14062,322852,177.5,35158,BC,2727,BT,OC
14063,345082,177.5,35159,BC,1422,AG,OC
14064,287237,177.5,35163,OC,2708,AL,OC
14065,246936,177.5,35164,MBCDNC,3011,EC,MBCDNC
14066,278447,177.5,35165,BCM,1324,AD,BCM
14067,280621,177.5,35168,MBCDNC,3830,CS,MBCDNC
14068,232635,177.5,35172,BC,2706,ME,OC
14069,354424,177.5,35174,SC,2005,PR,SC
14070,307992,177.5,35175,OC,1419,ME,OC
14071,343720,177.5,35176,BC,1118,BM,BC
14072,328016,177.5,35177,BC,1306,IT,BC
14073,282810,177.5,35178,BC,4020,GI,OC
14074,270684,177.5,35179,BC,2708,CS,BC
14075,309219,177.5,35180,MBCDNC,2719,EC,MBCDNC
14076,227901,177.5,35182,BC,1231,AD,BC
14077,349442,177.5,35183,MBCV,2711,EC,MBCV
14078,217259,177.5,35184,BC,1419,EI,BC
14079,301311,177.5,35185,MBCDNC,2739,AD,MBCDNC
14080,304705,177.5,35187,SC,2006,PN,SC
14081,280368,177.5,35192,BC,2704,EC,BC
14082,313045,177.5,35194,BC,1311,AO,BC
14083,225577,177.5,35195,MBC,2621,EC,OC
14084,297965,177.5,35199,MBCDNC,2734,CS,MBCDNC
14085,336524,177.5,35203,OC,1216,EC,OC
14086,326908,177.5,35204,BC,2711,CE,OC
14087,307024,177.5,35207,BC,1013,CS,BC
14088,278674,177.5,35208,SC,2712,SE,SC
14089,312328,177.5,35209,MBCDNC,1149,CS,MBCDNC
14090,292529,177.5,35214,BC,1526,CS,OC
14091,281219,177.5,35215,BC,1122,BT,BC
14092,313287,177.5,35216,OC,1216,EC,OC
14093,222229,177.5,35221,MBCV,3011,EC,MBCV
14094,297777,177.5,35229,MBCDNC,4944,AD,OC
14095,369075,177.5,35232,BC,2764,ME,OC
14096,259804,177.5,35236,BC,1231,AD,BC
14097,211019,177.5,35241,MBCV,5008,CN,MBCV
14098,356025,177.5,35247,BC,1149,EC,BC
14099,282315,177.5,35248,SC,1210,CS,SC
14100,292026,177.5,35249,BC,2725,CS,BC
14101,283445,177.5,35250,BC,5910,EC,OC
14102,363420,177.5,35251,BC,2706,EI,OC
14103,323966,177.5,35252,BC,2704,CS,BC
14104,368959,177.5,35253,MBCV,1211,BM,MBCV
14105,336537,177.5,35256,MBCV,2711,EC,MBCV
14106,228538,177.5,35257,ST,1140,ME,OC
14107,322734,177.5,35260,BC,2725,CS,BC
14108,317845,177.5,35262,MBCDNC,1219,ME,MBCDNC
14109,326244,177.5,35264,BCM,2725,CS,BCM
14110,325703,177.5,35268,BC,1219,AU,BC
14111,227906,177.5,35269,SC,1399,EE,SC
14112,346516,177.5,35270,BC,3011,PH,BC
14113,298609,177.5,35271,BC,2750,EC,OC
14114,317813,177.5,35273,BC,2708,IT,OC
14115,349680,177.5,35274,MBCV,2636,AD,OC
14116,205030,177.5,35275,BC,1211,CH,BC
14117,289171,177.5,35279,BC,1122,CS,BC
14118,312282,177.5,35280,MBCV,1118,BM,MBCV
14119,344680,177.495,35283,BC,1202,EC,OC
14120,201474,177.495,35284,BC,5022,CS,OC
14121,209195,177.495,35285,MBC,1014,CS,MBC
14122,260679,177.495,35287,SC,1026,CS,SC
14123,354678,177.495,35288,OC,2621,CS,OC
14124,359093,177.495,35289,BCM,4669,CS,OC
14125,363263,177.495,35290,BC,5832,EC,OC
14126,209923,177.495,35291,SC,4020,CS,SC
14127,260103,177.495,35292,MBC,5,IT,MBC
14128,271076,177.495,35293,BC,2719,EI,BC
14129,247816,177.495,35294,MBCV,2653,CS,MBCV
14130,352581,177.495,35295,BC,2716,AE,OC
14131,322736,177.495,35297,MBCV,1324,CO,MBCV
14132,302834,177.495,35298,BC,4944,CS,OC
14133,273901,177.495,35299,SC,2603,CS,SC
14134,214074,177.495,35300,BCM,3425,EC,OC
14135,330400,177.495,35301,MBCDNC,1219,MR,MBCDNC
14136,297656,177.495,35302,BC,1149,EC,BC
14137,252366,177.495,35303,SC,2718,IT,SC
14138,281748,177.495,35304,BC,2723,BM,OC
14139,275045,177.495,35305,BC,1013,IT,BC
14140,242016,177.495,35306,BC,2704,CS,BC
14141,264096,177.49,35309,BC,4023,CS,BC
14142,213750,177.49,35310,BC,2708,CS,BC
14143,216895,177.49,35311,SC,1219,EC,SC
14144,227201,177.49,35312,BC,5904,CS,BC
14145,213080,177.49,35313,BC,2732,IT,OC
14146,305140,177.49,35315,BC,3011,PH,BC
14147,279838,177.485,35318,SCA,5008,CE,SCA
14148,337970,177.48,35320,BC,1431,CS,OC
14149,370115,177.48,35321,SC,2338,CS,OC
14150,247228,177.48,35322,BC,1128,EC,BC
14151,231200,177.48,35323,BC,2735,CS,BC
14152,235376,177.48,35324,BC,2622,ME,OC
14153,202635,177.48,35325,SCA,2615,EE,SCA
14154,272347,177.475,35327,BC,5901,ME,BC
14155,201222,177.475,35328,SCA,1211,EC,SCA
14156,371121,177.475,35329,OC,2707,CS,OC
14157,332584,177.475,35330,BC,5017,CS,OC
14158,311323,177.475,35331,BC,2727,EC,OC
14159,326776,177.475,35332,BC,2723,MD,OC
14160,289789,177.475,35333,BCM,4024,EC,OC
14161,211174,177.475,35334,BCM,2711,AL,BCM
14162,268996,177.475,35336,BCM,2702,SE,BCM
14163,292365,177.475,35337,SC,3011,IT,SC
14164,229077,177.475,35339,BC,2734,CS,BC
14165,229364,177.475,35340,OC,2727,BT,OC
14166,253915,177.47,35341,MBCDNC,1233,ME,OC
14167,253160,177.47,35343,BC,3830,EC,OC
14168,214517,177.47,35344,BC,4917,BT,OC
14169,232974,177.47,35345,OC,1225,IT,OC
14170,298443,177.47,35347,MBCV,2739,CS,MBCV
14171,252808,177.47,35349,BC,4955,AD,OC
14172,225180,177.47,35350,MBC,1324,CO,MBC
14173,272652,177.47,35351,SC,2709,IT,SC
14174,316555,177.47,35353,BC,2729,CS,OC
14175,258443,177.47,35354,SC,2718,IT,SC
14176,326292,177.47,35355,MBCV,3807,CS,OC
14177,273624,177.47,35356,SC,5008,MF,SC
14178,238305,177.47,35357,SC,4960,CS,SC
14179,300692,177.47,35358,OC,1231,EC,OC
14180,365043,177.46,35360,OC,1306,EC,OC
14181,222381,177.46,35361,BC,1422,AG,OC
14182,214105,177.46,35362,SC,2702,CS,SC
14183,349814,177.46,35363,MBCV,1210,EC,MBCV
14184,213708,177.46,35366,MBC,5910,CB,MBC
14185,256880,177.46,35367,BC,3464,EC,BC
14186,282613,177.46,35368,MBCDNC,1120,IT,MBCDNC
14187,267055,177.46,35369,BC,2608,EC,BC
14188,351297,177.46,35372,SC,2603,EC,SC
14189,297311,177.46,35374,BC,2607,CS,BC
14190,221105,177.46,35375,BC,2726,CS,BC
14191,280485,177.46,35377,SC,1216,CS,SC
14192,237874,177.46,35378,MBCV,2706,IT,MBCV
14193,356213,177.45,35380,MBCV,2764,EE,OC
14194,288812,177.45,35381,BC,1219,MR,BC
14195,296288,177.45,35382,BC,2735,AD,BC
14196,223567,177.45,35384,MBC,2764,EC,MBC
14197,255848,177.45,35386,BC,4954,CS,BC
14198,214706,177.45,35388,SC,2,CR,SC
14199,222242,177.45,35389,BC,2357,AD,OC
14200,302383,177.45,35391,BC,2328,EE,OC
14201,373367,177.45,35392,BC,2741,EE,OC
14202,292184,177.45,35393,MBCV,2734,SB,OC
14203,348190,177.44,35394,SC,2731,CS,OC
14204,260139,177.44,35395,BC,1216,EC,OC
14205,228436,177.44,35396,BC,1210,EE,OC
14206,217318,177.44,35397,MBCDNC,2718,CE,MBCDNC
14207,333316,177.44,35398,BC,3011,EE,OC
14208,348310,177.44,35400,MBCV,2611,AG,OC
14209,263343,177.44,35401,MBCV,2702,EC,MBCV
14210,226313,177.44,35403,BC,1122,CS,BC
14211,250444,177.44,35404,BC,4680,CS,OC
14212,344051,177.44,35405,BC,2723,IT,BC
14213,316921,177.44,35406,BC,2741,CS,BC
14214,256222,177.44,35408,BC,1211,CE,OC
14215,308168,177.44,35409,BC,1309,EE,OC
14216,233285,177.44,35411,BC,1118,AD,BC
14217,293587,177.44,35413,BC,5,CH,OC
14218,325571,177.44,35414,BC,4669,CS,OC
14219,299143,177.44,35415,MBCV,2719,CJ,MBCV
14220,267871,177.44,35416,BC,4020,EC,BC
14221,316475,177.44,35417,BCM,2711,EC,BCM
14222,328162,177.435,35424,MBCDNC,1013,IT,MBCDNC
14223,302534,177.435,35425,BC,5022,CS,OC
14224,307371,177.435,35426,BC,2725,CS,BC
14225,316517,177.435,35427,MBCV,2752,CS,OC
14226,327182,177.435,35430,BC,2653,EC,OC
14227,329622,177.43,35431,BC,2736,CS,BC
14228,250310,177.43,35432,BC,2607,CS,BC
14229,209030,177.43,35433,BC,1324,EE,BC
14230,270082,177.43,35435,BCM,1120,AD,BCM
14231,240160,177.43,35437,SC,1309,CS,SC
14232,200159,177.43,35438,BCM,1432,EC,BCM
14233,256049,177.43,35439,BC,4931,CS,OC
14234,289985,177.43,35441,MBC,4960,CE,OC
14235,265674,177.43,35442,BC,2708,IT,OC
14236,232170,177.43,35446,BC,5,IT,BC
14237,253700,177.43,35447,MBCV,1118,BM,MBCV
14238,362041,177.43,35448,MBCV,1411,BT,OC
14239,281714,177.43,35449,BC,1422,EC,BC
14240,239526,177.43,35450,BC,2607,CS,BC
14241,223847,177.425,35451,BC,4023,EC,BC
14242,271898,177.425,35452,BC,2704,CS,BC
14243,345620,177.425,35453,BC,1504,CS,OC
14244,233433,177.425,35454,BC,2722,IC,OC
14245,210917,177.425,35455,BC,2620,BT,OC
14246,272114,177.425,35456,MBCV,1306,IT,MBCV
14247,208706,177.425,35457,BC,1128,EC,BC
14248,251061,177.425,35458,BC,2726,CS,BC
14249,369819,177.425,35461,SC,5022,CS,OC
14250,240013,177.425,35462,MBCV,1113,EI,MBCV
14251,244227,177.42,35465,BC,2702,FT,BC
14252,246265,177.42,35466,MBCV,1013,CS,MBCV
14253,275541,177.42,35468,BC,2328,EC,OC
14254,359216,177.42,35469,BC,1450,ME,BC
14255,327455,177.42,35470,MBCV,1306,EC,OC
14256,230359,177.42,35471,MBCDNC,2739,CO,MBCDNC
14257,235636,177.42,35473,MBCV,2726,CS,MBCV
14258,293190,177.42,35479,BC,2739,ME,OC
14259,318949,177.42,35480,MBCDNC,2709,ME,MBCDNC
14260,206604,177.42,35481,SC,2718,EE,SC
14261,258936,177.415,35484,BC,1422,EC,BC
14262,238387,177.415,35485,BC,3465,CE,OC
14263,336660,177.415,35487,BC,2607,AD,BC
14264,284085,177.415,35490,BC,4995,CS,OC
14265,345862,177.415,35492,BCM,2706,CS,BCM
14266,253581,177.415,35494,BC,1317,EI,OC
14267,337148,177.41,35495,BC,1504,IT,OC
14268,312710,177.41,35496,BC,2639,CS,OC
14269,276550,177.41,35499,MBCV,5009,EC,MBCV
14270,211424,177.41,35502,MBC,5910,EE,OC
14271,355573,177.405,35504,BC,1202,IT,OC
14272,265302,177.405,35505,SC,3819,CS,SC
14273,305369,177.405,35506,MBC,4962,IT,MBC
14274,301161,177.405,35507,BC,2710,EC,BC
14275,292333,177.405,35508,BC,1233,AD,OC
14276,319104,177.405,35509,SC,2615,ME,SC
14277,360242,177.405,35510,BC,2708,IT,OC
14278,257810,177.405,35512,BC,2734,CS,BC
14279,279611,177.405,35513,BC,1122,CS,BC
14280,307769,177.405,35514,MBCDNC,2710,SC,MBCDNC
14281,357302,177.405,35516,BC,4669,EE,OC
14282,250021,177.405,35518,BC,4020,EC,BC
14283,353506,177.405,35519,MBCDNC,2711,EE,MBCDNC
14284,276969,177.395,35520,BC,2734,SB,OC
14285,366709,177.395,35521,MBCV,1225,IT,OC
14286,319903,177.395,35523,MBCV,2624,CS,OC
14287,262988,177.395,35526,BC,4959,AD,OC
14288,249032,177.395,35527,BC,2710,CD,OC
14289,248720,177.395,35528,BC,2608,EC,BC
14290,311023,177.395,35529,BCM,1419,CJ,BCM
14291,217249,177.395,35530,SCA,2712,EC,SCA
14292,311546,177.395,35531,BC,1422,EC,BC
14293,226745,177.395,35532,BC,1015,CS,OC
14294,335891,177.395,35534,MBCDNC,2711,MZ,MBCDNC
14295,222344,177.395,35535,BC,1116,CS,BC
14296,328319,177.395,35536,BC,2609,CS,OC
14297,244103,177.395,35537,BC,5009,EC,BC
14298,220357,177.395,35538,BC,1306,IT,BC
14299,202411,177.395,35539,MBCDNC,1324,IT,MBCDNC
14300,264524,177.395,35541,OC,2740,CS,OC
14301,304416,177.395,35542,BC,1317,EE,BC
14302,204236,177.395,35543,MBCDNC,3819,CS,MBCDNC
14303,294273,177.395,35545,BC,2607,IT,OC
14304,343707,177.395,35546,MBCDNC,3830,CS,MBCDNC
14305,249288,177.39,35547,OC,2726,IT,OC
14306,227224,177.39,35548,OC,2610,EE,OC
14307,269924,177.385,35549,MBCDNC,1211,ME,MBCDNC
14308,216494,177.385,35550,BCM,1231,CS,BCM
14309,244163,177.385,35551,MBCV,1210,EC,MBCV
14310,226880,177.385,35552,BC,5901,ME,BC
14311,360107,177.385,35553,OC,1304,ME,OC
14312,365767,177.385,35554,MBCV,1216,AG,OC
14313,203989,177.385,35556,SC,2718,IT,SC
14314,272759,177.385,35560,BC,2708,IT,OC
14315,225870,177.385,35561,OC,1120,EE,OC
14316,295164,177.385,35568,BC,1452,EC,OC
14317,338547,177.385,35572,BC,2653,IT,BC
14318,252887,177.385,35574,BC,2727,AD,BC
14319,364005,177.385,35575,BC,5010,CE,OC
14320,258872,177.385,35576,OC,1233,EC,OC
14321,316792,177.385,35577,BC,2634,BM,OC
14322,203046,177.385,35578,BC,1118,IT,BC
14323,263679,177.385,35580,MBC,2727,EC,OC
14324,364587,177.385,35582,BC,5910,EC,OC
14325,288807,177.385,35583,BC,4954,CS,BC
14326,202831,177.385,35584,MBC,2613,CS,OC
14327,324860,177.385,35586,MBCV,5,CS,MBCV
14328,350735,177.385,35587,BC,2642,IT,OC
14329,267743,177.38,35589,BC,2707,CS,OC
14330,206832,177.38,35590,BC,2725,CS,BC
14331,232601,177.38,35591,BC,1505,CS,OC
14332,330187,177.38,35592,BC,1013,IT,BC
14333,259948,177.38,35593,MBC,1216,AG,OC
14334,219943,177.375,35594,BC,2719,EI,BC
14335,202601,177.375,35595,BC,2603,ME,OC
14336,273812,177.375,35598,BC,1237,CS,BC
14337,277771,177.37,35601,BC,2726,FD,OC
14338,222450,177.37,35602,BC,1210,EE,OC
14339,214715,177.37,35605,OC,2708,EC,OC
14340,217653,177.365,35607,MBCDNC,3805,EE,OC
14341,261558,177.365,35608,BC,2702,ME,OC
14342,372191,177.365,35609,BCM,2712,CE,BCM
14343,233446,177.365,35611,BC,2710,EE,OC
14344,214647,177.365,35612,BC,4023,EC,BC
14345,222030,177.365,35615,BCM,2726,CE,OC
14346,287641,177.365,35616,BC,2607,CS,BC
14347,231243,177.365,35617,BC,1118,IT,BC
14348,342841,177.365,35618,BC,1122,EC,OC
14349,254220,177.365,35621,MBCV,3801,IT,OC
14350,251418,177.36,35624,MBCV,1120,IT,MBCV
14351,250058,177.36,35625,BC,2708,IT,OC
14352,344800,177.36,35627,BC,2764,CH,OC
14353,330576,177.36,35628,BC,2704,EE,OC
14354,234425,177.36,35629,SC,3425,CS,OC
14355,284493,177.36,35631,BC,3464,EC,BC
14356,228858,177.36,35632,BCM,1101,CS,OC
14357,221653,177.36,35635,BC,5010,ME,OC
14358,326655,177.36,35636,BC,2725,EC,BC
14359,371680,177.36,35637,MBCV,2634,AG,OC
14360,353995,177.355,35638,BC,3843,CS,OC
14361,257584,177.355,35639,BCM,1309,EC,BCM
14362,301318,177.355,35640,SC,4993,AG,OC
14363,263819,177.355,35641,BC,2734,CS,BC
14364,352411,177.355,35642,BC,3011,PH,BC
14365,296810,177.35,35643,BC,2611,FD,OC
14366,275191,177.35,35644,BC,2727,AL,OC
14367,263388,177.35,35645,MBCDNC,4962,EC,MBCDNC
14368,222249,177.35,35646,BC,1309,EE,OC
14369,233858,177.35,35648,OC,1014,IT,OC
14370,280521,177.35,35649,BC,2734,AD,OC
14371,229191,177.35,35650,SC,2718,EC,SC
14372,221294,177.35,35651,MBCDNC,2709,CE,MBCDNC
14373,245791,177.35,35655,MBCV,2739,CS,MBCV
14374,348168,177.35,35656,BC,2628,AD,OC
14375,206617,177.35,35657,BCM,3905,CS,OC
14376,220278,177.35,35658,BC,2750,CS,BC
14377,240924,177.35,35659,BC,5910,EC,OC
14378,235233,177.35,35660,BC,1128,EC,BC
14379,338366,177.35,35661,BC,2715,AG,OC
14380,255154,177.35,35663,BC,2726,CS,BC
14381,362092,177.35,35664,MBCV,5901,ME,MBCV
14382,223459,177.35,35665,BC,2736,BM,OC
14383,352929,177.35,35666,OC,1310,CS,OC
14384,302896,177.35,35667,BC,2601,EC,OC
14385,257399,177.35,35668,BC,5910,EC,OC
14386,224347,177.35,35669,BC,1231,AD,BC
14387,285995,177.35,35670,BC,1013,CS,BC
14388,231869,177.35,35672,MBCDNC,2726,CS,MBCDNC
14389,288322,177.35,35674,BC,2618,MZ,OC
14390,329555,177.35,35676,MBCDNC,2715,CS,OC
14391,226390,177.35,35677,OC,1216,EC,OC
14392,294877,177.35,35678,BC,4954,CS,BC
14393,283644,177.35,35679,BC,2634,EC,OC
14394,236071,177.34,35681,BC,5915,CS,OC
14395,207836,177.34,35682,BC,3819,IT,BC
14396,273777,177.34,35684,BC,2740,AE,OC
14397,333821,177.34,35685,BC,2723,EC,OC
14398,287615,177.34,35687,BC,1516,CE,OC
14399,340676,177.34,35689,BC,1311,EC,OC
14400,202197,177.34,35690,BC,2726,EC,OC
14401,220993,177.34,35691,BC,2709,AU,OC
14402,268573,177.34,35692,SC,2710,SC,SC
14403,360199,177.33333,35696,BC,2764,EE,OC
14404,252013,177.33,35697,BC,1140,IT,OC
14405,251428,177.33,35698,BC,4959,CS,BC
14406,259846,177.33,35699,BC,2704,CS,BC
14407,243442,177.33,35702,BC,2750,AG,OC
14408,269541,177.33,35703,SC,4974,EC,SC
14409,357577,177.33,35704,BC,1516,EE,BC
14410,277374,177.33,35705,BC,1216,EC,BC
14411,223939,177.33,35707,MBCV,1233,EC,OC
14412,337761,177.33,35710,BC,2710,EC,BC
14413,332917,177.33,35711,MBCV,5009,CS,MBCV
14414,367456,177.33,35713,MBCV,5,CS,MBCV
14415,317625,177.33,35714,BC,2702,MC,BC
14416,310253,177.33,35717,BC,2736,AD,OC
14417,350323,177.33,35719,BC,1225,IT,OC
14418,307843,177.33,35721,OC,1114,IT,OC
14419,341349,177.33,35722,BC,2328,CS,OC
14420,245870,177.33,35723,BC,3830,IT,OC
14421,249852,177.33,35725,BC,4678,EE,OC
14422,280494,177.33,35728,BCM,1128,CS,BCM
14423,285189,177.33,35729,MBCV,2608,EC,MBCV
14424,306175,177.33,35730,BC,1216,EC,BC
14425,248849,177.33,35731,BC,2710,EC,BC
14426,251801,177.33,35732,BC,2608,EC,BC
14427,209926,177.33,35733,BC,3826,IT,BC
14428,345769,177.325,35734,BC,3011,PH,BC
14429,246660,177.325,35735,BC,5910,EC,OC
14430,258088,177.325,35736,SC,2025,EC,SC
14431,218004,177.325,35737,BC,2719,CE,OC
14432,226664,177.325,35739,BCM,1311,EC,OC
14433,235695,177.325,35740,BCM,3804,CS,OC
14434,242747,177.325,35741,MBC,4972,EE,OC
14435,204424,177.325,35742,BC,2710,EC,BC
14436,258686,177.32,35743,BC,3464,EC,BC
14437,255538,177.32,35745,BC,2706,EE,OC
14438,221682,177.32,35747,MBCDNC,4960,CE,OC
14439,237039,177.32,35748,MBCDNC,2710,CS,MBCDNC
14440,335136,177.32,35749,BC,4971,EC,OC
14441,274769,177.32,35750,MBCV,2343,HT,MBCV
14442,226305,177.32,35751,SC,2718,IT,SC
14443,221755,177.32,35752,BC,1520,IT,OC
14444,253522,177.32,35753,BC,2601,CS,OC
14445,300369,177.32,35754,BC,4974,ME,OC
14446,289379,177.32,35755,OC,5910,EC,OC
14447,233635,177.32,35756,MBCV,1231,IT,MBCV
14448,215929,177.32,35757,MBCDNC,1516,EC,MBCDNC
14449,276825,177.32,35758,BC,2648,CS,OC
14450,314174,177.32,35759,OC,2629,MD,OC
14451,314032,177.32,35760,BC,2607,CS,BC
14452,225289,177.315,35762,MBCV,1422,EC,MBCV
14453,334534,177.315,35763,BC,1231,CB,BC
14454,201906,177.315,35764,BC,2722,IC,OC
14455,215672,177.315,35765,BC,1413,CS,OC
14456,321306,177.315,35766,BCM,4669,EC,OC
14457,335690,177.315,35769,MBCV,2369,EE,OC
14458,221423,177.31,35770,MBCV,1207,IT,OC
14459,263077,177.31,35771,BC,2603,ME,OC
14460,322830,177.31,35772,BC,3465,EE,BC
14461,240807,177.31,35773,BC,3464,EC,BC
14462,248311,177.31,35774,MBCV,1122,CS,MBCV
14463,341823,177.31,35775,OC,2711,ME,OC
14464,204072,177.305,35777,MBCV,1014,IT,OC
14465,339822,177.305,35778,BC,1149,EC,BC
14466,371171,177.305,35779,MBC,1123,EC,OC
14467,271688,177.305,35780,BC,4965,BM,OC
14468,294794,177.305,35781,MBCDNC,4971,EC,OC
14469,200640,177.305,35783,BC,2719,RM,BC
14470,279267,177.305,35784,BC,4023,EC,BC
14471,241298,177.305,35785,BC,2711,EI,BC
14472,203511,177.305,35786,BC,2719,AE,BC
14473,258525,177.305,35787,BCM,1216,AD,BCM
14474,288680,177.3,35788,MBCV,1118,AD,MBCV
14475,268626,177.3,35791,MBCV,5,EC,OC
14476,230494,177.295,35792,MBCV,1311,CS,MBCV
14477,227067,177.295,35793,SC,5008,MF,SC
14478,203629,177.295,35794,BC,2719,ME,OC
14479,222391,177.295,35796,BC,1149,EC,BC
14480,236977,177.295,35797,MBCV,4020,CS,MBCV
14481,271311,177.295,35798,SC,5910,BM,OC
14482,263726,177.295,35799,BC,1311,EC,OC
14483,304366,177.295,35801,BCM,2726,AO,BCM
14484,341313,177.295,35802,MBCV,1149,EC,MBCV
14485,218712,177.295,35803,MBCDNC,3465,EE,MBCDNC
14486,271057,177.295,35804,BC,2719,CE,OC
14487,284420,177.295,35805,BC,4954,CS,BC
14488,350305,177.295,35806,BC,2302,AD,OC
14489,274079,177.295,35807,BC,1231,AD,BC
14490,259709,177.295,35808,MBCV,1309,EE,OC
14491,360247,177.295,35810,BC,1110,CS,OC
14492,220650,177.295,35813,BC,1149,EC,BC
14493,255875,177.295,35815,BC,1013,IT,BC
14494,257968,177.295,35816,MBCV,2712,CE,MBCV
14495,322427,177.295,35817,MBCV,2702,EC,MBCV
14496,320719,177.295,35818,MBCV,4974,EC,MBCV
14497,249580,177.295,35820,MBCDNC,4965,CS,OC
14498,266813,177.29,35821,BC,2715,EE,OC
14499,226685,177.285,35822,BC,2723,EC,OC
14500,288711,177.285,35824,BC,4023,IT,BC
14501,262997,177.285,35825,BC,1216,EC,BC
14502,266479,177.285,35826,SC,4974,EE,SC
14503,270008,177.285,35828,BC,2722,CE,OC
14504,211628,177.285,35829,MBCV,1219,ME,MBCV
14505,337250,177.285,35831,BC,4944,CS,OC
14506,210055,177.285,35832,BC,2735,CS,BC
14507,200855,177.285,35834,BC,2725,CS,BC
14508,301786,177.285,35836,OC,1505,CS,OC
14509,373574,177.285,35837,SC,2007,CL,SC
14510,295972,177.285,35838,BC,2711,AU,OC
14511,340673,177.285,35839,BCM,1207,EC,OC
14512,263303,177.28,35840,MBCV,3830,CS,MBCV
14513,364622,177.28,35841,BC,4954,CS,BC
14514,304203,177.28,35842,BC,2722,CE,OC
14515,279698,177.275,35843,BC,2734,IT,BC
14516,244242,177.275,35845,MBCDNC,4974,ME,OC
14517,326412,177.275,35846,BC,4680,CS,OC
14518,318501,177.275,35848,SC,1516,CS,SC
14519,271139,177.275,35849,BC,1237,IT,BC
14520,212574,177.275,35852,MBCDNC,4974,ME,OC
14521,324403,177.275,35853,BC,1412,IT,OC
14522,303848,177.275,35854,MBCV,2702,AG,MBCV
14523,239668,177.275,35855,BC,2702,MC,BC
14524,261802,177.275,35856,BC,1509,CS,OC
14525,309265,177.275,35857,BC,2727,AL,OC
14526,254963,177.275,35858,SC,3908,CS,OC
14527,294074,177.275,35859,BC,1231,EC,OC
14528,246890,177.275,35860,BC,3464,EC,BC
14529,202916,177.275,35862,OC,2722,CE,OC
14530,263783,177.275,35863,MBCDNC,2329,CS,OC
14531,212070,177.275,35864,BC,2719,CE,OC
14532,332784,177.275,35865,BC,2613,IT,OC
14533,326639,177.27,35868,BC,4933,CS,OC
14534,272188,177.27,35870,BC,1113,CE,OC
14535,300862,177.27,35871,BC,2706,ME,OC
14536,247210,177.265,35873,BCM,1306,CS,BCM
14537,225055,177.265,35875,OC,1238,CS,OC
14538,310170,177.265,35876,BC,2734,EC,OC
14539,266898,177.265,35877,BC,2302,CS,OC
14540,259661,177.265,35878,MBC,2603,EE,MBC
14541,212547,177.265,35879,BC,2653,IT,BC
14542,224398,177.265,35880,BC,2622,EE,OC
14543,223794,177.265,35881,BC,2740,CS,OC
14544,288939,177.265,35883,MBCDNC,4955,CS,MBCDNC
14545,356066,177.265,35885,BC,3812,EC,OC
14546,209542,177.26,35888,MBC,2736,CS,MBC
14547,278572,177.26,35889,SC,1207,CS,OC
14548,289149,177.26,35890,BC,3465,EE,BC
14549,219731,177.26,35891,BC,2329,BM,OC
14550,264245,177.26,35893,BC,4974,ME,OC
14551,235113,177.255,35894,BC,2706,EI,OC
14552,205092,177.255,35895,BC,2725,EC,BC
14553,231756,177.255,35897,BC,1231,EC,OC
14554,204667,177.255,35898,MBCV,2739,IT,MBCV
14555,320323,177.255,35899,BC,5910,EE,OC
14556,240903,177.255,35900,BC,1419,EI,BC
14557,251516,177.255,35902,BC,4680,CE,OC
14558,280623,177.25,35904,BC,1231,AD,BC
14559,320156,177.25,35905,BC,4957,EC,OC
14560,281067,177.25,35906,BC,3465,EE,BC
14561,276381,177.25,35907,BC,4960,CE,OC
14562,301358,177.25,35908,OC,1140,AD,OC
14563,270422,177.25,35909,SC,1118,EC,OC
14564,302907,177.25,35910,BC,1322,AG,OC
14565,334264,177.25,35912,BC,4981,EE,OC
14566,340408,177.25,35913,BC,2725,CS,BC
14567,296296,177.25,35915,BC,2734,AD,OC
14568,326793,177.25,35916,BC,2601,CS,OC
14569,245400,177.245,35917,BC,2642,CS,OC
14570,318749,177.245,35919,MBCV,1414,EC,OC
14571,282102,177.245,35920,MBCDNC,1432,CS,MBCDNC
14572,223174,177.245,35921,MBCV,2736,EC,OC
14573,209392,177.24,35923,BCM,2702,BT,BCM
14574,335564,177.24,35924,MBCV,4020,CS,MBCV
14575,367023,177.24,35925,SCA,2661,CS,OC
14576,296408,177.24,35926,BC,1237,CS,BC
14577,228561,177.24,35927,BC,1231,AD,BC
14578,247841,177.24,35929,SCA,2712,CE,SCA
14579,361840,177.24,35932,BC,2702,ME,OC
14580,266790,177.24,35933,SC,1516,CS,SC
14581,241313,177.24,35934,SC,2704,CS,SC
14582,272868,177.24,35935,BC,2708,IT,OC
14583,263520,177.24,35936,MBCV,2764,CS,MBCV
14584,205969,177.24,35938,BC,2722,CE,OC
14585,211511,177.24,35939,BC,5865,CS,OC
14586,339996,177.24,35940,BC,2750,AD,OC
14587,317218,177.24,35941,BCM,2741,EC,OC
14588,320342,177.24,35942,BCM,3841,AD,OC
14589,265808,177.24,35944,MBCV,1311,FT,OC
14590,203429,177.24,35945,BC,1140,IT,OC
14591,279873,177.24,35946,BC,1219,AU,BC
14592,247317,177.24,35947,BC,4965,EC,OC
14593,284259,177.24,35949,BC,4974,ME,OC
14594,239914,177.24,35950,SC,4960,CS,SC
14595,236570,177.24,35951,BC,2710,CD,BC
14596,323157,177.24,35952,BC,4962,EE,BC
14597,306934,177.24,35953,BC,2727,EC,OC
14598,337573,177.24,35957,MBC,2656,CS,MBC
14599,351121,177.24,35958,BC,2618,EE,OC
14600,205607,177.24,35959,SC,2750,BM,OC
14601,331925,177.23,35961,BC,1431,EC,OC
14602,231998,177.23,35962,SC,2719,CS,SC
14603,297906,177.23,35964,MBC,4678,EC,MBC
14604,336150,177.23,35965,MBCV,2729,AE,OC
14605,243341,177.23,35966,SC,1211,IT,SC
14606,223046,177.23,35968,BC,1317,EI,OC
14607,221654,177.23,35970,MBCV,3806,BM,OC
14608,203211,177.23,35971,BC,2736,CS,BC
14609,279773,177.23,35972,MBCDNC,1306,CS,MBCDNC
14610,352480,177.23,35973,OC,2721,CS,OC
14611,345269,177.23,35974,MBCV,1510,ME,OC
14612,242408,177.23,35976,BC,5022,CS,BC
14613,322920,177.23,35977,BC,2726,IT,OC
14614,220405,177.22,35978,MBCDNC,2711,MZ,MBCDNC
14615,252892,177.22,35979,BC,1210,EE,OC
14616,272318,177.22,35980,BC,2709,ME,BC
14617,269093,177.22,35983,BCM,2702,AL,BCM
14618,335875,177.22,35985,BC,5910,EC,OC
14619,291399,177.22,35986,BC,2711,ME,OC
14620,260054,177.22,35987,MBCDNC,5010,EC,MBCDNC
14621,304567,177.22,35988,MBCDNC,2706,IT,MBCDNC
14622,285100,177.22,35991,BC,2622,AD,OC
14623,227670,177.22,35992,MBCV,3019,CS,OC
14624,297997,177.22,35993,BC,1216,EC,BC
14625,327722,177.22,35996,BC,2636,EC,OC
14626,227083,177.22,35998,SC,3011,CS,SC
14627,241079,177.22,35999A,MBC,3803,CS,MBC
14628,309414,177.22,36000,MBCV,2712,CE,MBCV
14629,243735,177.22,36001,BC,2726,CS,BC
14630,247604,177.22,36003,MBCDNC,2712,AU,MBCDNC
14631,255104,177.22,36005,BC,2726,CS,BC
14632,264657,177.22,36007,MBCV,1408,IT,OC
14633,312303,177.22,36008,BC,1231,AD,BC
14634,286018,177.22,36009,BC,3021,CS,OC
14635,214055,177.215,36010,BC,1216,EE,OC
14636,267225,177.215,36013,MBCDNC,2603,ME,OC
14637,214915,177.21,36015,BC,2710,EE,OC
14638,280186,177.21,36016,MBC,1422,EC,MBC
14639,297180,177.21,36017,BC,2653,CS,BC
14640,269061,177.21,36018,SC,2006,MT,SC
14641,206557,177.21,36020,MBCV,1014,CS,MBCV
14642,250304,177.21,36021,BC,1422,EC,BC
14643,263486,177.21,36023,BC,2726,CS,BC
14644,301433,177.21,36024,BC,1123,CS,OC
14645,327699,177.21,36025,MBCV,3465,ME,OC
14646,243416,177.21,36026,BCM,4917,CS,OC
14647,209020,177.21,36027,BC,2608,EC,BC
14648,297360,177.21,36030,BC,2708,IT,OC
14649,221529,177.21,36031,BC,1128,EC,BC
14650,342246,177.21,36032,BCM,2618,IT,BCM
14651,257391,177.21,36034,BC,1317,CH,OC
14652,266700,177.21,36035,MBCDNC,2707,BM,OC
14653,265173,177.21,36037,BC,2608,EE,OC
14654,235164,177.205,36042,BC,2741,EC,OC
14655,244384,177.205,36044,MBCV,4974,EE,MBCV
14656,343821,177.205,36048,BC,2740,CS,OC
14657,285117,177.205,36050,BC,2609,PU,OC
14658,328394,177.205,36051,MBCV,1120,EC,MBCV
14659,219635,177.205,36052,OC,2710,EE,OC
14660,286909,177.205,36054,BC,5,IT,BC
14661,350005,177.205,36055,MBCDNC,2661,IT,OC
14662,283540,177.2,36057,BC,2740,AD,OC
14663,326215,177.2,36059,MBCV,2609,CE,OC
14664,238083,177.2,36060,BC,1149,EC,BC
14665,318888,177.2,36061,SC,2377,ME,SC
14666,288120,177.195,36062,BC,2620,BT,OC
14667,290157,177.195,36063,BC,2726,CS,BC
14668,323608,177.195,36064,BC,2618,EE,OC
14669,362633,177.195,36065,BC,2726,CS,BC
14670,356743,177.195,36066,BC,2741,EC,OC
14671,247346,177.19,36072,BC,3803,CS,BC
14672,246336,177.19,36073,MBCV,1419,IC,MBCV
14673,329566,177.19,36074,SCA,1,PT,SCA
14674,371259,177.19,36075,BC,3465,CE,OC
14675,370676,177.19,36076,MBCV,1014,CS,MBCV
14676,218805,177.19,36077,MBCV,5,IT,MBCV
14677,308642,177.19,36079,BC,2702,FT,BC
14678,218171,177.185,36082,MBCDNC,1317,BT,MBCDNC
14679,213384,177.185,36084,SCA,2025,EC,SC
14680,212249,177.185,36085,BC,5910,BM,OC
14681,285366,177.185,36087,MBCDNC,1128,CS,MBCDNC
14682,266239,177.185,36088,MBCV,1306,AD,MBCV
14683,210485,177.185,36090,BC,3830,EC,OC
14684,234983,177.185,36091,BC,2725,CS,BC
14685,310392,177.185,36098,SC,2661,CS,OC
14686,263549,177.185,36099,BC,4928,CS,OC
14687,246976,177.185,36100,BC,1306,AD,BC
14688,270216,177.185,36102,OC,2329,IT,OC
14689,242305,177.185,36103,BC,2726,EC,OC
14690,242863,177.185,36104,BC,1118,AD,BC
14691,241603,177.185,36105,MBCV,1128,EC,MBCV
14692,240675,177.185,36106,BCM,1219,CE,BCM
14693,290248,177.185,36110,BC,5,CS,BC
14694,246531,177.185,36111,SC,4974,CE,SC
14695,341664,177.185,36112,BC,2711,CE,OC
14696,324989,177.175,36114,MBCV,3464,EC,MBCV
14697,214449,177.175,36116,BC,1311,AO,BC
14698,265176,177.175,36117,BC,1419,CE,OC
14699,229581,177.175,36118,BC,5,IT,BC
14700,247359,177.175,36121,BC,3908,CS,OC
14701,233137,177.175,36124A,MBCDNC,2727,CS,MBCDNC
14702,365275,177.175,36125,BC,2716,EC,OC
14703,344084,177.175,36127,BC,2741,EC,OC
14704,217620,177.17,36130,BC,3465,EE,BC
14705,238200,177.17,36131,BC,2736,IT,BC
14706,240607,177.165,36133,BC,2722,IC,OC
14707,340395,177.165,36134,BC,2727,AL,OC
14708,217596,177.165,36137,BC,1149,EC,BC
14709,314911,177.16,36142,BC,3908,CE,OC
14710,266762,177.155,36143,MBCV,1219,MR,MBCV
14711,308658,177.155,36144,BC,2608,EC,BC
14712,261793,177.155,36145,BC,1118,EC,OC
14713,248484,177.155,36147,BC,2723,BM,BC
14714,227283,177.155,36148,BC,1202,EC,OC
14715,207237,177.155,36149,BC,1311,AD,BC
14716,257454,177.155,36150,MBCV,2711,EC,MBCV
14717,269460,177.155,36151,SC,3011,CS,SC
14718,269846,177.155,36152,BC,2755,AG,OC
14719,331253,177.155,36154,BC,4944,CS,OC
14720,322560,177.155,36155,SC,2628,AD,OC
14721,361841,177.155,36156,MBCDNC,1120,EC,MBCDNC
14722,299627,177.15,36160,MBCV,1118,BM,MBCV
14723,219327,177.15,36162,MBC,2615,ME,MBC
14724,334270,177.15,36164,BC,2620,EC,OC
14725,341078,177.15,36167,BC,2706,EE,OC
14726,207884,177.15,36168,BC,2704,CS,BC
14727,255329,177.15,36169,BC,2622,CS,BC
14728,283808,177.15,36170,BC,5865,ME,OC
14729,221883,177.15,36171,BC,2751,CS,BC
14730,233733,177.15,36172,MBCDNC,1432,EC,MBCDNC
14731,216818,177.15,36173,MBCV,5010,CE,OC
14732,239177,177.15,36175,MBCV,1321,PA,MBCV
14733,317929,177.15,36176,BC,2704,EC,BC
14734,264913,177.145,36178,BC,4672,EC,OC
14735,353195,177.145,36179,SC,5017,CE,OC
14736,232954,177.145,36180,BC,2735,EC,OC
14737,277262,177.145,36181,SC,3819,CS,SC
14738,274162,177.145,36182,BC,1149,EC,BC
14739,260373,177.145,36183,BC,1422,EC,BC
14740,310371,177.145,36184,BC,2740,CS,OC
14741,348461,177.145,36185,BC,1149,EC,BC
14742,331514,177.145,36186,MBC,2764,CH,OC
14743,302422,177.145,36187,BC,4955,CS,BC
14744,264600,177.145,36191,BC,2653,IT,BC
14745,236959,177.145,36192,BC,2653,CS,BC
14746,326865,177.145,36194,MBCDNC,1210,AD,MBCDNC
14747,217590,177.145,36195,BC,3021,CS,OC
14748,319130,177.145,36196,BC,2706,CE,OC
14749,254810,177.14,36197,SC,1219,EC,SC
14750,245417,177.14,36198,MBCDNC,1211,MZ,MBCDNC
14751,292563,177.14,36199,BC,2709,ME,BC
14752,307212,177.14,36200,MBCV,1399,ME,MBCV
14753,222903,177.14,36202,MBCDNC,1419,EC,MBCDNC
14754,279068,177.14,36203,BC,2707,CS,OC
14755,363179,177.14,36204,BCM,2702,FD,BCM
14756,358267,177.14,36205,MBCDNC,2706,EC,MBCDNC
14757,271102,177.14,36206,SC,2718,IT,SC
14758,271291,177.135,36208,BC,2726,CS,BC
14759,250523,177.135,36209,BC,5865,CS,OC
14760,294699,177.135,36210,BC,1516,CE,OC
14761,261676,177.135,36211,MBCDNC,1211,ME,MBCDNC
14762,256773,177.13,36214,BC,4974,ME,BC
14763,259262,177.13,36215,MBCV,1120,AD,MBCV
14764,245723,177.13,36216,BC,2727,EC,OC
14765,241883,177.13,36217,BC,2735,IT,BC
14766,269580,177.13,36218,BCM,1422,CY,BCM
14767,253056,177.13,36219,SC,1322,IT,OC
14768,211401,177.13,36220,MBC,2710,SC,MBC
14769,234645,177.13,36221,BC,2710,EE,OC
14770,213098,177.13,36222,BC,2710,EE,OC
14771,245925,177.13,36223,BC,1420,IT,OC
14772,234553,177.13,36225,BC,1231,EC,OC
14773,293016,177.13,36226,BC,1526,EE,OC
14774,344708,177.12,36229,BC,2715,CS,OC
14775,276620,177.12,36232,BC,1237,IT,BC
14776,320882,177.12,36233,BC,3701,EC,OC
14777,215071,177.12,36234,BC,1231,AD,BC
14778,247563,177.12,36235,MBCDNC,1112,IT,MBCDNC
14779,213834,177.12,36237,BC,2704,CS,BC
14780,236338,177.12,36238,BC,2622,EC,BC
14781,291954,177.12,36239,SC,4974,EE,SC
14782,208449,177.12,36242,BCM,4960,EE,BCM
14783,243047,177.12,36243,BC,2750,CS,BC
14784,251319,177.12,36244,BC,2642,CS,OC
14785,210213,177.12,36245,MBCV,1128,AD,MBCV
14786,373939,177.12,36246,MBCDNC,4944,CS,OC
14787,266374,177.12,36249,MBCDNC,1210,AD,MBCDNC
14788,296798,177.11,36252,MBCV,2711,EC,MBCV
14789,333597,177.11,36253,MBCV,2369,EE,MBCV
14790,265036,177.11,36254,BC,1149,EC,BC
14791,237481,177.11,36255,BC,1128,EC,BC
14792,236220,177.11,36256,BC,2735,IT,BC
14793,202098,177.11,36258,BC,2764,EE,OC
14794,235483,177.11,36259,BC,1122,CS,BC
14795,262680,177.11,36260,BC,2711,CH,OC
14796,286740,177.11,36263,OC,2621,CS,OC
14797,232301,177.11,36264,SC,1,XM,SC
14798,239995,177.11,36265,BC,2613,EC,OC
14799,253614,177.11,36266,BCM,2718,ME,BCM
14800,325578,177.11,36267,SC,2712,MZ,SC
14801,329917,177.11,36268,BC,3701,CS,OC
14802,311350,177.11,36269,SC,5901,EE,SC
14803,251993,177.105,36270,BC,2653,AD,OC
14804,360840,177.1,36271,BC,1311,AD,BC
14805,247759,177.1,36272,BC,4928,EC,OC
14806,336178,177.1,36273,BC,1013,ME,OC
14807,314109,177.1,36274,BC,1114,EC,OC
14808,202356,177.1,36275,BC,2706,EI,OC
14809,313983,177.1,36277,MBCV,2610,BM,OC
14810,250668,177.1,36279,BC,2607,EC,OC
14811,330836,177.1,36280,BC,4959,CS,BC
14812,311000,177.1,36281,BC,2608,CB,BC
14813,213804,177.1,36282,SC,1014,CS,SC
14814,205307,177.1,36284,BC,1128,EC,BC
14815,223001,177.1,36285,BC,5910,EC,OC
14816,269613,177.1,36286,OC,1303,EC,OC
14817,348044,177.1,36289,MBCDNC,2620,TS,OC
14818,209209,177.1,36290,BC,1301,CS,OC
14819,210062,177.1,36291,SC,1118,CS,SC
14820,266011,177.1,36292,BC,1128,EC,BC
14821,224256,177.1,36293,BC,2736,EE,OC
14822,209834,177.095,36296,BC,1306,EC,OC
14823,227422,177.095,36297,MBCV,5,ME,OC
14824,336997,177.095,36299,MBCDNC,3011,EC,MBCDNC
14825,251874,177.095,36300,SC,1211,RM,SC
14826,296286,177.095,36301,BC,2725,CS,BC
14827,314767,177.095,36303,BC,1419,MU,OC
14828,267099,177.095,36306,MBCV,5,CS,MBCV
14829,249559,177.095,36307,MBCV,1140,CS,MBCV
14830,258075,177.095,36309,ST,2006,BY,ST
14831,224292,177.095,36310,BC,2726,CS,BC
14832,233776,177.095,36312,OC,1014,IT,OC
14833,289576,177.095,36313,BC,1450,ME,BC
14834,298273,177.095,36314,SC,2704,CS,SC
14835,259311,177.095,36315,BC,2620,EC,OC
14836,263438,177.09,36316,BC,3831,CS,OC
14837,278379,177.09,36317,BC,1306,AD,BC
14838,246876,177.09,36318,BC,1420,CS,OC
14839,258353,177.09,36319,BC,1419,ME,OC
14840,246985,177.09,36320,MBCV,1516,ME,OC
14841,206326,177.09,36321,BC,2744,IT,OC
14842,311048,177.09,36322,SC,5009,CS,SC
14843,307392,177.09,36324,BC,1307,CS,OC
14844,283490,177.085,36326,BC,2710,EE,OC
14845,258156,177.085,36328,BC,2618,EE,OC
14846,318544,177.08,36329,BC,3465,CE,OC
14847,265743,177.08,36330,BC,1127,BT,OC
14848,245655,177.08,36332,MBCDNC,5910,CS,MBCDNC
14849,356407,177.08,36333,BC,4959,CS,BC
14850,202068,177.08,36336,BC,5904,IT,OC
14851,209461,177.08,36337,MBCV,1516,CE,OC
14852,254408,177.08,36338,BC,2740,CS,OC
14853,209483,177.08,36339,BC,3011,PC,OC
14854,254751,177.075,36342,BC,5910,EC,OC
14855,239134,177.075,36344,SC,2740,CS,OC
14856,212581,177.075,36345,BC,1216,EC,BC
14857,295776,177.075,36347,BC,1231,EC,OC
14858,290410,177.075,36348,BC,1237,IT,BC
14859,214447,177.075,36350,MBCV,1026,EC,MBCV
14860,309789,177.075,36351,SC,2709,IT,SC
14861,338450,177.075,36354,BC,2723,IT,BC
14862,369310,177.075,36358,SC,1026,CS,SC
14863,226173,177.065,36362,BCM,1216,EC,BCM
14864,332671,177.065,36363,BC,1431,CS,OC
14865,325621,177.065,36366,BC,2752,CS,OC
14866,230468,177.065,36367,BC,2722,ME,OC
14867,305430,177.065,36368,BC,1317,EE,BC
14868,201280,177.065,36369,BC,5022,CS,BC
14869,266639,177.065,36370,BC,2723,MD,OC
14870,344866,177.065,36372,MBCDNC,5009,CS,MBCDNC
14871,324955,177.065,36373,MBCDNC,2659,BM,OC
14872,287566,177.065,36376,MBCV,2711,AL,MBCV
14873,354071,177.065,36377,MBCV,2621,EC,OC
14874,314243,177.065,36379,MBCV,2702,CB,MBCV
14875,314849,177.065,36380,BC,2751,IT,BC
14876,260185,177.065,36381,BCM,1301,CS,OC
14877,232755,177.065,36382,BC,1210,EE,OC
14878,251888,177.065,36383,BC,5910,EE,OC
14879,305599,177.065,36385,BC,1210,EE,OC
14880,275154,177.065,36386,BC,4678,EC,BC
14881,296276,177.065,36387,SC,2007,MF,SC
14882,301542,177.065,36388,SC,2709,IT,SC
14883,274473,177.065,36389,BC,3018,EC,OC
14884,301147,177.065,36390,BC,4971,IT,BC
14885,214487,177.065,36391,SC,2025,ME,SC
14886,273534,177.065,36392,BCM,4962,ME,OC
14887,233066,177.06,36397,MBC,4962,EC,MBC
14888,312869,177.06,36398,BC,2710,CD,BC
14889,211571,177.06,36399,BC,1211,CE,OC
14890,286251,177.06,36400,BC,2357,IT,OC
14891,209967,177.055,36401,BC,1101,CS,OC
14892,215364,177.055,36402,MBC,2329,AG,OC
14893,246969,177.055,36403,BC,2725,CS,BC
14894,220343,177.055,36404,BC,1303,IT,OC
14895,230769,177.055,36405,BC,5009,EC,BC
14896,212660,177.055,36407,MBCDNC,2711,CE,OC
14897,248715,177.055,36408,BC,1317,ME,OC
14898,346806,177.05,36410,MBCV,3466,EC,OC
14899,349901,177.05,36411,BC,4974,ME,BC
14900,372136,177.045,36412,BC,2734,IT,BC
14901,288538,177.045,36413,BC,5,AM,BC
14902,215578,177.045,36414,BCM,2025,EE,BCM
14903,325826,177.045,36417,MBCV,2609,AD,OC
14904,345161,177.045,36419,MBCDNC,1317,EI,OC
14905,201967,177.045,36420,BC,2726,IT,OC
14906,231131,177.045,36421,BC,3826,IT,BC
14907,329517,177.045,36422,BC,2702,FT,BC
14908,291234,177.045,36423,BC,5010,ME,OC
14909,309021,177.045,36424,MBC,3805,AD,OC
14910,269574,177.045,36425,MBC,2726,CS,MBC
14911,282595,177.045,36426,BC,2764,EE,OC
14912,351662,177.045,36428,BC,2608,ME,OC
14913,246888,177.045,36430,BC,2707,AD,OC
14914,284529,177.045,36431,MBCV,1210,AD,MBCV
14915,203252,177.045,36434,BC,1450,ME,BC
14916,277761,177.045,36435,MBCDNC,2752,EC,OC
14917,202713,177.045,36437,MBCDNC,4971,IT,MBCDNC
14918,360257,177.045,36438,BC,3821,EC,OC
14919,275066,177.045,36439,MBCV,1216,AD,MBCV
14920,312073,177.045,36440,BC,2750,CB,OC
14921,319829,177.04,36441,BC,2706,ME,OC
14922,206167,177.04,36443,MBCV,1509,IT,OC
14923,322618,177.04,36444,BCM,1444,EC,OC
14924,236037,177.04,36446,MBCDNC,4974,ME,MBCDNC
14925,263123,177.04,36447,BC,1207,IT,OC
14926,273031,177.04,36448,BC,2609,IT,OC
14927,247641,177.04,36449,BCM,5009,CS,BCM
14928,312223,177.04,36450,MBCV,1324,EE,MBCV
14929,291960,177.04,36451,BC,1211,CE,OC
14930,317812,177.035,36452,MBC,3830,IT,OC
14931,310083,177.035,36453,MBCV,1149,EC,MBCV
14932,237708,177.035,36454,BCM,1304,EE,BCM
14933,316735,177.035,36456,SC,2643,EC,OC
14934,267439,177.035,36457,MBCDNC,3908,EC,OC
14935,246629,177.035,36459,BC,1122,CS,BC
14936,328570,177.035,36460,MBCDNC,4959,CS,MBCDNC
14937,251367,177.035,36462,BC,5910,EC,OC
14938,262929,177.035,36463,MBCDNC,3782,CS,OC
14939,239669,177.03,36464,BC,4917,CS,OC
14940,220860,177.03,36465,BC,1306,EC,OC
14941,351765,177.03,36467,BC,1504,EE,OC
14942,348302,177.03,36469,BC,2710,EE,OC
14943,259654,177.03,36473,BC,4917,CS,OC
14944,240459,177.03,36474,SC,2603,CS,SC
14945,371240,177.03,36475,MBC,3908,EE,OC
14946,278069,177.03,36476,BC,2736,EC,OC
14947,241466,177.025,36477,BC,1128,EC,BC
14948,215111,177.025,36478,BC,2719,RM,BC
14949,205756,177.025,36480,BC,1216,EC,BC
14950,213007,177.02,36482,BC,5,CS,BC
14951,306724,177.02,36484,MBCV,5010,EC,MBCV
14952,266716,177.02,36485,BC,1149,EC,BC
14953,246593,177.02,36486,BC,2711,MZ,BC
14954,307036,177.02,36488,BC,1013,CS,BC
14955,356840,177.02,36490,BC,1015,CS,OC
14956,297445,177.02,36491,MBC,2603,EE,MBC
14957,229174,177.02,36492,BC,3803,IT,OC
14958,255979,177.02,36493,MBC,2722,EE,MBC
14959,240537,177.02,36494,BC,4678,AD,BC
14960,232204,177.015,36495,SC,4944,EC,OC
14961,241604,177.015,36496,MBCDNC,2711,CD,MBCDNC
14962,248005,177.01,36497,ST,2710,EC,ST
14963,290303,177.01,36498,BC,2723,IT,BC
14964,301787,177.01,36499,BC,2709,AU,BC
14965,285938,177.01,36500,SC,4020,CS,SC
14966,297022,177.01,36501,MBC,3011,EE,OC
14967,305838,177.01,36502,SCA,2,LE,SCA
14968,219063,177.01,36504,SC,5901,ME,SC
14969,209167,177.01,36505,BC,1231,EC,OC
14970,217991,177.01,36506,MBCDNC,3464,EC,MBCDNC
14971,338519,177.01,36508,MBC,2731,PD,OC
14972,265274,177.01,36509,MBCDNC,2710,IT,MBCDNC
14973,261070,177.01,36510,MBCV,2618,EC,MBCV
14974,296549,177.01,36511,MBCDNC,2618,IT,MBCDNC
14975,304922,177.01,36512,BC,5910,EC,OC
14976,223053,177.01,36514,BC,4962,EE,BC
14977,251023,177.01,36515,SC,2025,ME,SC
14978,305412,177.01,36517,SC,4959,BT,OC
14979,214886,177.01,36518,SC,1419,CS,SC
14980,216355,177.01,36519,MBCDNC,2739,EC,MBCDNC
14981,216724,177.01,36520,BC,2734,SB,OC
14982,273674,177.01,36521,BC,2673,EC,OC
14983,303302,177.01,36522,BC,4949,CS,OC
14984,329624,177.01,36523,BC,1317,EE,BC
14985,223857,177.01,36524,BC,1309,EE,OC
14986,335327,177.01,36525,BC,2609,CH,OC
14987,249145,177.01,36526,MBCV,1419,EE,MBCV
14988,340426,177.01,36529,BC,1026,EC,BC
14989,206312,177,36531,BC,1210,EE,BC
14990,259795,177,36532,BC,2025,ME,BC
14991,370022,177,36533,MBCV,1322,CS,OC
14992,348688,177,36536,MBCV,2603,ME,MBCV
14993,269097,177,36537,MBCV,1211,BM,MBCV
14994,360101,177,36539,BC,1310,CS,BC
14995,369798,177,36540,OC,4024,EC,OC
14996,294648,177,36552,MBCDNC,4955,CS,MBCDNC
14997,341389,177,36558,BC,1210,EE,BC
14998,234284,177,36561,BC,2735,IT,BC
14999,313576,177,36563,BC,2751,AD,OC
15000,303813,177,36564,BC,2750,CS,BC
15001,360475,177,36565,MBCDNC,2725,CS,MBCDNC
15002,327493,177,36567,BC,1422,EE,OC
15003,360831,177,36571,MBCV,1399,ME,MBCV
15004,305225,177,36577,BC,1118,CB,BC
15005,299728,177,36581,OC,1140,AD,OC
15006,307926,177,36583,OC,2750,EC,OC
15007,339799,177,36584,BC,1013,CS,BC
15008,231075,177,36585,SC,1317,BT,SC
15009,266567,177,36586,MBCDNC,5010,EC,MBCDNC
15010,302560,177,36590,BC,1149,EC,BC
15011,227707,177,36594,BC,4955,CS,BC
15012,280107,177,36595,BC,4023,EC,BC
15013,290362,177,36599,BC,2723,IT,BC
15014,370248,177,36600,MBC,2727,FD,OC
15015,313696,177,36603,BC,1120,EC,BC
15016,225453,177,36604,BCM,2740,EC,OC
15017,326305,177,36607,SC,1217,BT,OC
15018,311780,177,36610,BC,2719,RM,BC
15019,313071,177,36611,BC,1013,EC,OC
15020,249888,177,36613,MBCV,2739,EC,MBCV
15021,229571,177,36614,BC,1309,EE,OC
15022,252108,177,36616,MBCV,1013,EC,OC
15023,244100,177,36618,OC,5,CF,OC
15024,285834,177,36619,BC,1413,AD,OC
15025,307176,177,36620,BC,1118,BM,BC
15026,336008,177,36621,BC,1317,EE,BC
15027,337439,177,36622,MBC,2622,CS,MBC
15028,310713,177,36625,MBCV,1015,EC,OC
15029,312090,177,36626,MBCV,1309,EC,MBCV
15030,314227,177,36627,BC,2725,CS,BC
15031,221543,177,36628,BC,5910,EC,OC
15032,283460,177,36630,OC,4960,ME,OC
15033,307737,177,36635,BC,1122,BT,BC
15034,231956,177,36636,MBCDNC,5910,IT,MBCDNC
15035,238725,177,36637,BC,5919,CS,OC
15036,286979,177,36638,BC,2610,CS,OC
15037,220027,177,36641,BCM,1516,EE,BCM
15038,307935,177,36644,SC,1113,CS,SC
15039,305355,177,36645,MBCDNC,1324,EC,MBCDNC
15040,359477,177,36648,BC,2736,AD,OC
15041,272021,177,36650,BC,3830,AL,OC
15042,346382,177,36652,BC,2608,EC,BC
15043,343654,177,36653,BC,2702,AU,OC
15044,360485,177,36657,MBCDNC,1317,EE,MBCDNC
15045,227977,177,36659,MBCDNC,1324,AD,MBCDNC
15046,344086,177,36661,OC,4020,GI,OC
15047,259400,177,36662,SC,4960,CS,SC
15048,247924,177,36666,BCM,1311,CS,BCM
15049,325601,177,36670,BCM,2704,ME,OC
15050,291335,177,36671,OC,1116,EC,OC
15051,329969,177,36678A,OC,1317,ME,OC
15052,352262,177,36681,OC,1311,EC,OC
15053,300573,177,36685,MBCDNC,1219,ME,MBCDNC
15054,290788,177,36687,BC,1211,CH,BC
15055,361915,177,36688,BC,2601,CS,BC
15056,370029,177,36690,MBCV,2702,BT,MBCV
15057,279517,177,36691,BC,2725,CS,BC
15058,340068,177,36692,BC,5,CS,BC
15059,305562,177,36694,BC,1120,EC,BC
15060,289917,177,36695,BC,1310,AD,BC
15061,280460,177,36697,MBC,1317,CE,OC
15062,280035,177,36698,OC,1217,BT,OC
15063,251050,177,36699,SC,1219,BT,SC
15064,357482,177,36704,BCM,1116,EC,OC
15065,283246,177,36708,BC,2706,CE,OC
15066,305309,177,36713,BC,1118,CB,BC
15067,285653,177,36714,SC,1304,IT,SC
15068,203246,177,36715,BC,1219,AU,BC
15069,296136,177,36721,BC,1122,IT,BC
15070,292678,177,36722,MBCV,2722,EC,MBCV
15071,258638,176.995,36723,BC,5,CF,OC
15072,242061,176.99,36724,BC,1311,IT,BC
15073,218839,176.99,36725,BC,2611,CS,OC
15074,327034,176.99,36726,MBCDNC,4669,CS,OC
15075,207018,176.99,36727,MBCDNC,1324,IT,MBCDNC
15076,208530,176.99,36729,OC,2710,CE,OC
15077,218514,176.99,36731,BC,4678,CE,OC
15078,297926,176.985,36733,BC,2630,EC,OC
15079,368779,176.985,36734,MBCV,2636,EC,OC
15080,207800,176.985,36735,BC,4962,EE,BC
15081,244900,176.985,36736,BC,2722,ME,OC
15082,217970,176.98,36739,BC,1216,AG,OC
15083,223689,176.98,36740,MBCV,5901,ME,MBCV
15084,227034,176.98,36741,MBCDNC,4959,AD,OC
15085,212044,176.98,36743,MBC,4917,CB,OC
15086,237753,176.98,36744,BC,1026,EC,BC
15087,265587,176.98,36746,BC,1231,EC,OC
15088,347012,176.98,36747,BC,2750,AG,OC
15089,302030,176.98,36748,BC,4971,IT,BC
15090,267992,176.98,36749,BC,2653,CS,BC
15091,272650,176.98,36750,BC,2726,CS,BC
15092,288379,176.975,36752,BC,5921,CE,OC
15093,260912,176.975,36754,BC,1116,CS,BC
15094,344336,176.975,36755,BC,2719,RM,BC
15095,331132,176.975,36756,BC,1317,EE,BC
15096,340840,176.975,36757,SCA,2624,FD,OC
15097,202778,176.975,36758,BCM,2750,BT,BCM
15098,234527,176.975,36761,BC,4678,CE,OC
15099,256990,176.975,36762,BC,2710,CD,BC
15100,301000,176.975,36763,BC,2607,CS,BC
15101,295998,176.975,36765,BC,2653,CS,BC
15102,265381,176.975,36766,BC,2707,AG,OC
15103,294755,176.97,36767,MBCV,3011,EE,OC
15104,248770,176.97,36769,MBCDNC,2608,IT,MBCDNC
15105,294904,176.97,36770,BC,2653,IT,BC
15106,278982,176.97,36772,MBCDNC,4981,EC,OC
15107,335839,176.965,36774,MBCV,2723,BM,MBCV
15108,235646,176.965,36777,MBCV,2710,EC,MBCV
15109,301472,176.965,36778,BC,1237,IT,BC
15110,287022,176.965,36780,MBC,5530,CS,OC
15111,329253,176.965,36782,MBCDNC,2702,AE,MBCDNC
15112,222991,176.965,36783,MBCV,2369,EE,MBCV
15113,298626,176.965,36784,MBCV,4020,CS,MBCV
15114,321608,176.965,36785,MBCDNC,2715,IT,OC
15115,200263,176.965,36786,MBCDNC,1140,CS,MBCDNC
15116,201384,176.965,36788,BC,1210,EE,BC
15117,227831,176.965,36790,BC,5910,BM,OC
15118,292601,176.965,36792,BC,2764,BM,BC
15119,242014,176.965,36794,BCM,5022,EC,OC
15120,241806,176.96,36796,MBCDNC,2710,IT,MBCDNC
15121,297627,176.96,36797,MBCV,2710,TS,MBCV
15122,204670,176.96,36799,MBCDNC,1211,RM,MBCDNC
15123,204055,176.96,36800,OC,1231,EC,OC
15124,352767,176.955,36801,BC,3456,CS,OC
15125,239001,176.955,36802,BC,2607,CS,BC
15126,307201,176.955,36803,MBCV,2718,CJ,MBCV
15127,313367,176.955,36804,BC,3830,IT,BC
15128,207745,176.955,36805,BC,2618,BM,OC
15129,247097,176.955,36806,OC,1149,EE,OC
15130,312159,176.955,36807,BCM,4020,EC,BCM
15131,218843,176.955,36808,BC,1216,EC,BC
15132,221754,176.955,36811,MBCDNC,2702,MC,MBCDNC
15133,276930,176.955,36812,BC,5,CF,OC
15134,303996,176.955,36813,BC,1424,AD,OC
15135,245447,176.955,36814,BC,1122,CS,BC
15136,213229,176.955,36817,BC,1317,ME,OC
15137,298172,176.955,36818,BC,1237,AD,OC
15138,229563,176.955,36821,BC,2608,AD,OC
15139,366372,176.955,36822,MBCDNC,2726,IT,OC
15140,221043,176.955,36823,BCM,4960,BM,BCM
15141,368518,176.955,36824,MBCDNC,4020,EC,MBCDNC
15142,291774,176.955,36826,BC,5910,EC,OC
15143,257768,176.955,36827,BC,3801,IT,OC
15144,267062,176.955,36828,BC,1216,AG,BC
15145,268189,176.955,36829,MBCDNC,4994,CS,OC
15146,203235,176.955,36830,MBCV,1015,CS,OC
15147,249965,176.955,36832,MBCV,1013,EC,OC
15148,298478,176.955,36835,BC,3701,CS,OC
15149,258380,176.955,36836,MBCV,4974,EC,MBCV
15150,253882,176.955,36837,BC,2618,EE,OC
15151,218114,176.945,36838,SC,2005,IB,SC
15152,218204,176.945,36840,MBCV,2704,CS,MBCV
15153,320272,176.945,36841,BC,4971,IT,BC
15154,318719,176.945,36842,BC,2611,CY,OC
15155,225782,176.945,36843,BC,1120,EC,BC
15156,276515,176.945,36844,BC,1317,EE,BC
15157,241191,176.945,36845,MBCV,1309,EC,MBCV
15158,202090,176.945,36846,BC,3701,AD,OC
15159,250538,176.945,36848,BC,2618,EE,OC
15160,346032,176.945,36849,SC,1014,CS,SC
15161,312787,176.945,36851,MBCV,2706,IT,MBCV
15162,325287,176.945,36852,SC,5022,CS,SC
15163,216272,176.94,36853,BC,2740,AD,OC
15164,255308,176.935,36854,BC,2708,CS,BC
15165,294883,176.935,36855,BC,2741,CS,BC
15166,202074,176.935,36856,MBCDNC,1211,EE,MBCDNC
15167,369488,176.935,36857,BC,2610,RM,OC
15168,234524,176.935,36858,BC,2723,IT,BC
15169,275074,176.935,36861,MBCV,4974,EE,MBCV
15170,252895,176.935,36862,BCM,2706,EC,BCM
15171,335344,176.935,36863,BC,3805,BM,OC
15172,309668,176.935,36864,BC,2710,CD,BC
15173,288632,176.935,36866,MBCV,5910,CS,MBCV
15174,212280,176.935,36867,BC,1013,IT,BC
15175,320430,176.935,36869,BC,2711,ME,OC
15176,240335,176.935,36870,MBCDNC,1216,CS,MBCDNC
15177,234961,176.93,36872,BC,4929,CS,OC
15178,265193,176.93,36873,BCM,2719,EC,BCM
15179,232424,176.93,36876,MBCV,2702,CT,MBCV
15180,270751,176.925,36878,BC,1114,CS,BC
15181,225272,176.925,36880,BC,1317,EE,BC
15182,206113,176.925,36882,MBCV,1210,EC,MBCV
15183,209275,176.925,36883,BC,1311,IT,BC
15184,232468,176.925,36884,BC,2750,CS,BC
15185,311769,176.925,36885,BC,1210,EE,BC
15186,258550,176.925,36886,BC,3465,EE,BC
15187,230528,176.925,36888,MBC,2711,MZ,MBC
15188,218700,176.925,36889,OC,4917,AD,OC
15189,365294,176.925,36891,MBCV,4960,CS,MBCV
15190,339591,176.925,36892,MBCV,2706,CS,MBCV
15191,245138,176.925,36893,SC,1211,IT,SC
15192,246364,176.925,36897,BC,3830,EC,OC
15193,282980,176.92,36898,BC,1114,IT,OC
15194,275128,176.92,36900,BC,4971,EC,BC
15195,283961,176.92,36901,OC,1120,EE,OC
15196,245044,176.92,36902,SC,3011,BT,SC
15197,293545,176.92,36903,BC,1408,IT,OC
15198,290827,176.92,36904,MBCDNC,2725,IT,MBCDNC
15199,237682,176.92,36907,MBCV,2653,CS,MBCV
15200,281192,176.92,36908,BC,2711,CH,OC
15201,283337,176.92,36909,BC,2708,IT,OC
15202,298310,176.92,36911,BC,1120,EC,BC
15203,222390,176.92,36912,BC,1211,CH,BC
15204,201475,176.915,36915,BC,3018,EC,OC
15205,261180,176.915,36916,BC,1307,CS,OC
15206,246466,176.915,36917,BC,2711,ME,OC
15207,246189,176.91,36920,MBCDNC,2615,MT,MBCDNC
15208,202242,176.91,36921,MBCV,3464,EC,MBCV
15209,222875,176.91,36923,BC,4980,EC,OC
15210,267098,176.91,36924,BCM,4974,ME,BCM
15211,304893,176.91,36925,MBCDNC,1149,IT,MBCDNC
15212,206033,176.905,36928,BC,1211,ME,BC
15213,218567,176.905,36929,BC,2702,ME,OC
15214,295613,176.905,36931,BC,1118,EC,BC
15215,252855,176.905,36933,BC,1149,EC,BC
15216,222100,176.905,36934,MBCDNC,4959,ME,OC
15217,364246,176.9,36935,BC,2734,AD,OC
15218,322423,176.9,36936,BC,2357,AG,BC
15219,250402,176.9,36938,MBCV,2702,AG,MBCV
15220,327116,176.9,36939,BC,4999,CS,OC
15221,236309,176.9,36940,BC,1116,CS,BC
15222,235304,176.9,36941,BC,2709,CE,BC
15223,273558,176.9,36945,BC,2764,EE,OC
15224,246931,176.9,36946,BC,2735,IT,BC
15225,238801,176.9,36947,BCM,2755,AG,OC
15226,359871,176.9,36948,BC,1013,IT,BC
15227,356336,176.9,36950,MBC,2620,TS,OC
15228,246857,176.9,36952,BC,5913,TX,OC
15229,233037,176.9,36954,OC,1114,IT,OC
15230,292794,176.9,36956,BC,2708,BM,OC
15231,221926,176.9,36958,MBCV,5,CS,MBCV
15232,258151,176.9,36960,MBC,2708,CS,MBC
15233,211060,176.9,36961,BC,4023,EC,BC
15234,373415,176.9,36962,BC,2601,BT,OC
15235,212869,176.9,36963,SC,3465,EE,SC
15236,319857,176.9,36964,SC,2006,AS,SC
15237,262653,176.9,36966,BC,4928,EC,OC
15238,293436,176.9,36967,SC,1219,EC,SC
15239,215194,176.9,36968,SC,1,XC,SC
15240,225495,176.9,36969,BC,2622,CS,BC
15241,281698,176.895,36971,BC,2725,EC,BC
15242,219176,176.89,36972,BCM,2764,EC,BCM
15243,326435,176.89,36973,SC,1,XC,SC
15244,255280,176.89,36974,MBCDNC,2706,EC,MBCDNC
15245,307461,176.89,36978,BC,2715,IT,OC
15246,273076,176.89,36981,MBCDNC,4678,EC,MBCDNC
15247,264150,176.89,36983,BC,2607,CS,BC
15248,336890,176.89,36986,BC,1210,EE,BC
15249,220183,176.89,36987,BC,4960,CE,OC
15250,211521,176.89,36988,BC,1419,CE,OC
15251,270162,176.89,36990,SC,5910,EC,OC
15252,203050,176.89,36991,SC,5009,CS,SC
15253,264291,176.89,36992,MBCDNC,1317,EE,MBCDNC
15254,281738,176.89,36993,BC,5009,EE,OC
15255,289375,176.89,36996,BC,2727,EC,OC
15256,281440,176.89,36997,BC,1317,EI,OC
15257,226432,176.89,36998,BC,1306,EC,OC
15258,355233,176.89,37000,BC,1118,CB,BC
15259,214975,176.885,37002,BC,1216,EC,BC
15260,234750,176.885,37003,BC,1014,IT,OC
15261,291122,176.88,37004,MBC,1210,ME,OC
15262,271573,176.88,37007,SC,1399,EC,SC
15263,259518,176.88,37010,MBCV,1237,CS,MBCV
15264,270802,176.88,37011,MBCDNC,2708,CS,MBCDNC
15265,209354,176.88,37012,BC,2329,CS,OC
15266,302993,176.88,37013,MBCV,1015,CS,OC
15267,265205,176.88,37014,BC,5910,EC,OC
15268,248189,176.88,37016,MBCV,5010,EC,MBCV
15269,275921,176.87,37017,MBCV,2711,EE,MBCV
15270,248802,176.87,37018,MBCV,2609,EC,OC
15271,226951,176.87,37019,SC,2005,IB,SC
15272,287043,176.87,37021,BC,1414,IT,OC
15273,215143,176.87,37022,BC,1216,EC,BC
15274,219118,176.87,37025,BC,4955,IT,BC
15275,268713,176.87,37026,MBCDNC,1231,CS,MBCDNC
15276,244340,176.87,37027,BC,2608,AL,BC
15277,270591,176.87,37028,BC,1216,EC,BC
15278,338917,176.87,37029,BC,2620,BT,OC
15279,242959,176.87,37031,BC,3830,EC,OC
15280,331160,176.87,37033,MBCV,1413,CS,MBCV
15281,328005,176.87,37037,MBCV,4020,CS,MBCV
15282,329784,176.87,37038,MBCV,1399,ME,MBCV
15283,214833,176.87,37039,MBCDNC,1304,ME,OC
15284,321440,176.87,37040,BC,2736,IT,BC
15285,308277,176.87,37041,BC,2708,CS,BC
15286,353218,176.87,37042,BC,3830,IT,BC
15287,272847,176.87,37043,MBCV,3011,PH,MBCV
15288,284930,176.865,37046,MBCDNC,1128,CS,MBCDNC
15289,254964,176.865,37049,BC,1237,CS,BC
15290,290306,176.865,37051,MBCDNC,2755,CS,OC
15291,284608,176.865,37055,BC,2715,EC,OC
15292,256315,176.865,37057,BC,1120,EC,BC
15293,315129,176.865,37058,MBCV,2709,CE,MBCV
15294,271129,176.865,37059,BC,2711,MZ,BC
15295,363041,176.865,37060,SC,2006,MT,SC
15296,372424,176.865,37061,SC,2615,MT,SC
15297,260653,176.865,37062,BC,1120,EC,BC
15298,251659,176.865,37063,MBCV,3760,CS,OC
15299,332146,176.865,37064,BC,4983,CS,OC
15300,295749,176.865,37065,MBCV,1231,EC,OC
15301,239917,176.865,37066,BC,4023,EE,OC
15302,207642,176.86,37067,BC,1307,BM,OC
15303,295192,176.86,37068,MBCV,1210,EE,MBCV
15304,280499,176.86,37069,BC,1237,CS,BC
15305,281069,176.855,37072,MBCV,2726,CS,MBCV
15306,254182,176.855,37074,BC,2764,EE,OC
15307,320368,176.855,37075,MBCDNC,3805,CS,OC
15308,319742,176.855,37077,BC,2618,EE,OC
15309,362472,176.855,37080,BC,4969,EC,OC
15310,371061,176.855,37081,SC,2607,BT,SC
15311,315312,176.855,37082,BC,2653,CS,BC
15312,343977,176.855,37083,BC,2656,CS,BC
15313,251140,176.855,37084,BC,3841,EC,OC
15314,335886,176.855,37085,BC,5703,EC,OC
15315,267195,176.845,37088,OC,1306,EC,OC
15316,274729,176.845,37089,BC,3464,EE,OC
15317,262846,176.845,37090,BC,5022,EE,OC
15318,277366,176.845,37094,MBCV,2711,EE,MBCV
15319,356418,176.845,37095,BC,5532,EE,OC
15320,273193,176.845,37096,BC,1311,EC,OC
15321,277550,176.845,37097,BC,3829,IT,OC
15322,286188,176.845,37098,BC,5017,CS,OC
15323,324056,176.845,37099,BC,4023,IT,BC
15324,328740,176.845,37100,BC,3011,ME,OC
15325,228215,176.845,37102,MBCDNC,1432,AD,MBCDNC
15326,315118,176.845,37105,BC,4957,IT,OC
15327,310674,176.845,37106,SC,4974,CE,SC
15328,240541,176.835,37110,BC,2630,EC,OC
15329,205472,176.835,37111,OC,2727,AL,OC
15330,369384,176.835,37112,BC,1110,EC,OC
15331,233430,176.835,37113,MBC,2736,AD,OC
15332,301562,176.835,37114,BC,4670,AG,OC
15333,211320,176.835,37115,BC,1306,EC,OC
15334,303827,176.835,37118,OC,4917,IT,OC
15335,345787,176.835,37119,BC,4946,CS,OC
15336,253014,176.835,37120,SC,1113,CS,SC
15337,200728,176.835,37121,BCM,5904,CS,BCM
15338,372645,176.835,37122,BC,2729,AD,OC
15339,228194,176.835,37123,BC,1013,CS,BC
15340,336927,176.835,37124,MBC,2726,IT,MBC
15341,363294,176.835,37127,BC,4933,CS,OC
15342,291955,176.835,37128,BCM,3410,CS,OC
15343,337169,176.835,37129,BC,2734,AD,OC
15344,338352,176.835,37131,BC,2613,CS,OC
15345,251411,176.835,37132,MBCV,2739,AD,MBCV
15346,264670,176.825,37136,MBCV,2734,CS,MBCV
15347,297923,176.825,37140,MBCDNC,3464,EC,MBCDNC
15348,370307,176.825,37141,SC,1325,EC,OC
15349,253015,176.825,37142,BC,1015,CS,OC
15350,270817,176.825,37143,BCM,2025,ME,BCM
15351,372282,176.825,37144,SC,1219,EC,SC
15352,284731,176.825,37146,BC,5009,EC,BC
15353,257848,176.825,37147,BC,1311,EC,OC
15354,242728,176.825,37150,SC,4974,EC,SC
15355,267546,176.825,37152,SC,2712,SE,SC
15356,326867,176.82,37154,BC,2735,AD,BC
15357,260906,176.82,37155,MBC,1149,EC,MBC
15358,340813,176.82,37157,BCM,2618,CS,BCM
15359,294073,176.82,37158,BC,5009,EC,BC
15360,276011,176.82,37159,BC,2607,CS,BC
15361,370644,176.815,37162,MBCDNC,4971,CS,MBCDNC
15362,230001,176.815,37163,SC,2006,AS,SC
15363,238867,176.815,37164,MBCDNC,1317,EE,MBCDNC
15364,222560,176.815,37165,MBCV,2711,FD,MBCV
15365,243498,176.815,37166,MBCV,1216,AD,MBCV
15366,247293,176.815,37167,SC,4974,EC,SC
15367,243395,176.815,37169,MBCDNC,1216,CS,MBCDNC
15368,231743,176.815,37170,BC,2025,ME,BC
15369,291450,176.815,37171,BCM,2706,IT,BCM
15370,265209,176.815,37172,MBCV,2618,EE,OC
15371,205181,176.815,37173,SC,2718,EC,SC
15372,345113,176.815,37174,SC,1317,IT,SC
15373,242075,176.815,37175,MBCV,1149,IT,MBCV
15374,260105,176.815,37177,BC,3021,CS,OC
15375,240798,176.815,37178,MBC,3464,EC,MBC
15376,274393,176.81,37180,BC,2369,EE,BC
15377,347304,176.81,37182,SC,2615,CE,SC
15378,239273,176.81,37184,MBCDNC,2735,CS,MBCDNC
15379,263852,176.81,37185,BC,4023,IT,BC
15380,350442,176.81,37188,BC,4023,IT,BC
15381,294065,176.81,37189,MBCV,1317,EE,MBCV
15382,322031,176.81,37190,BC,2715,ME,OC
15383,241839,176.81,37191,SC,4023,CS,SC
15384,353453,176.81,37192,MBCDNC,2357,AG,MBCDNC
15385,279093,176.81,37193,BC,2609,IT,OC
15386,347351,176.81,37194,BC,2708,IT,OC
15387,207851,176.81,37195,BC,2734,SB,OC
15388,311083,176.8,37198,MBCV,1516,CE,OC
15389,338920,176.8,37199,BC,5532,CS,OC
15390,330688,176.8,37202,MBC,2704,EC,MBC
15391,213610,176.8,37203,SC,1307,BM,SC
15392,201912,176.8,37206,BC,2729,CS,OC
15393,213962,176.8,37207,BC,2729,AE,OC
15394,241456,176.8,37208,BC,2722,IC,OC
15395,238602,176.8,37209,MBCV,3019,CS,OC
15396,239009,176.8,37210,SC,3011,IT,SC
15397,285773,176.8,37211,MBCDNC,1516,ME,OC
15398,254690,176.795,37212,MBCV,2723,EE,OC
15399,212269,176.795,37213,MBCDNC,3464,EC,MBCDNC
15400,350381,176.795,37214,BC,3465,EE,BC
15401,263596,176.79,37216,BC,2622,CS,BC
15402,224621,176.79,37217,BC,2622,CS,BC
15403,262532,176.79,37222,MBC,1122,CS,MBC
15404,267032,176.79,37224,MBCDNC,2726,CS,MBCDNC
15405,284974,176.79,37225,MBCV,2727,IT,MBCV
15406,335474,176.79,37227,BC,2706,EE,OC
15407,296134,176.79,37228,OC,4944,EC,OC
15408,328057,176.79,37229,SC,1311,AD,SC
15409,251078,176.79,37231,SCA,1422,AD,SCA
15410,259087,176.79,37232,BC,4023,IT,BC
15411,208512,176.79,37233,BC,3905,EC,OC
15412,207247,176.79,37234,OC,1114,IT,OC
15413,222361,176.78,37235,BC,1026,EE,OC
15414,285159,176.78,37239,BC,2741,CS,BC
15415,220644,176.78,37241,BC,2751,IT,BC
15416,272674,176.78,37243,MBCDNC,2740,EC,OC
15417,262889,176.78,37244,BC,2751,CS,BC
15418,246687,176.78,37245,BC,2719,AE,BC
15419,201931,176.78,37246,SC,2722,CS,SC
15420,212428,176.78,37248,BC,2704,EC,BC
15421,216732,176.78,37250,BC,2751,CS,BC
15422,268714,176.78,37251,BC,1140,IT,OC
15423,336994,176.78,37252,BC,2607,CS,BC
15424,263008,176.78,37253,MBC,2608,IT,MBC
15425,234480,176.78,37254,BCM,1321,PA,BCM
15426,257361,176.78,37255,BC,2726,FD,OC
15427,306786,176.78,37257,BC,3819,AD,BC
15428,319007,176.78,37258,MBCV,2704,CS,MBCV
15429,237815,176.78,37261,BC,3021,CS,OC
15430,287186,176.78,37263,BC,1114,IT,BC
15431,261300,176.78,37264,BC,5986,CE,OC
15432,204793,176.78,37265,BC,2726,CS,BC
15433,355416,176.78,37267,BC,1512,CS,OC
15434,222134,176.78,37268,BC,2727,EC,BC
15435,309841,176.78,37269,MBCDNC,2603,EE,MBCDNC
15436,276081,176.78,37270,BC,2706,EE,OC
15437,317924,176.78,37271,BC,2653,ME,OC
15438,220198,176.78,37272,MBCV,4974,EC,MBCV
15439,279587,176.78,37273,BC,2653,CS,BC
15440,293223,176.78,37274,BC,1149,EC,BC
15441,275532,176.78,37278,BC,1207,AD,OC
15442,233088,176.78,37279,BC,1013,IT,BC
15443,256238,176.78,37280,MBCDNC,2769,FD,OC
15444,216347,176.78,37281,BC,2708,CS,BC
15445,240065,176.78,37282,MBCDNC,2622,CH,OC
15446,314146,176.78,37284,BC,2710,EE,OC
15447,321163,176.775,37285,MBCDNC,2608,IT,MBCDNC
15448,308555,176.77,37288,BC,1207,BM,OC
15449,200342,176.77,37292,BC,2702,AU,OC
15450,232680,176.77,37293,BC,1216,EC,BC
15451,247459,176.77,37294,SCA,2025,EE,SCA
15452,315960,176.77,37295,MBC,2653,IT,MBC
15453,237013,176.77,37297,BCM,1118,BM,BCM
15454,297388,176.765,37298,BCM,4678,CE,OC
15455,278758,176.765,37299,MBCV,3804,CS,OC
15456,287622,176.765,37300,MBC,2712,FT,MBC
15457,249871,176.765,37301,BC,1231,EC,OC
15458,245375,176.76,37302,SC,1106,CS,OC
15459,306514,176.76,37303,BC,3826,EC,OC
15460,216338,176.76,37304,BC,1216,EC,BC
15461,256924,176.76,37306,BC,2708,AE,OC
15462,265091,176.76,37307,BC,1120,EE,OC
15463,206039,176.76,37308,BC,4931,CS,OC
15464,263202,176.76,37309,MBCDNC,2710,IT,MBCDNC
15465,355123,176.76,37310,BC,2722,CE,OC
15466,245883,176.76,37311,BC,2706,AU,OC
15467,224376,176.76,37313,BC,2622,ME,OC
15468,201109,176.76,37315,BC,2607,CS,BC
15469,267149,176.76,37317,MBCDNC,2710,CS,MBCDNC
15470,235801,176.76,37318,BC,2709,CE,BC
15471,286869,176.76,37319,BC,4959,IT,OC
15472,324455,176.76,37321,BC,2708,CS,BC
15473,206745,176.76,37322,BC,2726,CS,BC
15474,278416,176.755,37325,SC,3011,BT,SC
15475,262015,176.755,37326,BC,1231,EC,OC
15476,248450,176.755,37327,BC,4960,ME,OC
15477,271435,176.755,37329,BCM,3819,EE,OC
15478,234632,176.755,37330,BCM,4023,CS,BCM
15479,211578,176.755,37331,BC,1325,CS,OC
15480,264519,176.755,37332,MBCV,1322,IT,OC
15481,263254,176.755,37333,MBCV,1306,IT,MBCV
15482,251263,176.755,37335,SC,1304,BM,SC
15483,244339,176.755,37336,BCM,1424,EC,OC
15484,239056,176.755,37337,BC,2354,CS,OC
15485,322408,176.755,37338,MBCDNC,2706,EC,MBCDNC
15486,343725,176.75,37339,MBCDNC,2603,EE,MBCDNC
15487,278160,176.75,37340,BCM,3810,IT,OC
15488,308205,176.75,37342,BC,4993,BM,OC
15489,357671,176.75,37343,BC,3019,CS,OC
15490,258519,176.75,37344,BC,3819,AD,BC
15491,358227,176.75,37346,BC,2752,CS,OC
15492,228637,176.75,37347,MBC,1013,EC,OC
15493,205570,176.75,37348,SC,2718,IT,SC
15494,342582,176.745,37349,BCM,1321,MN,BCM
15495,371187,176.745,37350,BCM,1118,CB,BCM
15496,338934,176.745,37351,MBC,3464,EC,MBC
15497,264672,176.745,37352,BC,5904,AD,OC
15498,349437,176.745,37353,BC,1207,IT,OC
15499,246730,176.745,37354,BC,1231,EC,BC
15500,302549,176.745,37355,BC,2607,CS,BC
15501,223893,176.745,37356,BC,2719,ME,OC
15502,227300,176.745,37359,MBCV,1237,CS,MBCV
15503,257465,176.745,37360,MBCDNC,1309,AD,MBCDNC
15504,320614,176.745,37361,SCA,2611,BM,OC
15505,216665,176.745,37362,BC,5,AM,BC
15506,264745,176.745,37363,MBCV,1118,IT,MBCV
15507,322222,176.745,37364,MBCV,2642,CS,OC
15508,249085,176.735,37366,MBCDNC,3011,EC,MBCDNC
15509,337076,176.735,37367,BC,3016,CS,OC
15510,281601,176.735,37369,MBCDNC,4959,CS,MBCDNC
15511,211170,176.735,37372,MBCDNC,2710,AD,MBCDNC
15512,325812,176.735,37373,MBCDNC,2630,EC,OC
15513,288423,176.735,37375,BC,2734,AD,OC
15514,230448,176.735,37376,BC,2734,IT,BC
15515,211004,176.735,37378,MBC,1231,AD,MBC
15516,336514,176.73,37381,BC,1149,EC,BC
15517,248944,176.725,37383,BC,2711,MZ,BC
15518,263085,176.725,37384,BC,4960,CE,OC
15519,251233,176.725,37385,BC,2601,EC,OC
15520,265067,176.725,37388,BCM,5530,CS,OC
15521,221444,176.725,37389,BC,1311,IT,BC
15522,276924,176.725,37390,BC,5910,EC,OC
15523,303016,176.725,37391,BC,1303,AG,OC
15524,221390,176.725,37394,MBCDNC,5,IT,MBCDNC
15525,354477,176.725,37395,BC,1516,ME,OC
15526,333773,176.725,37396,BC,4944,CS,OC
15527,366415,176.725,37397,MBCV,2618,MZ,OC
15528,232273,176.725,37398,MBCV,1324,EE,MBCV
15529,213030,176.725,37399,MBCV,2025,ME,MBCV
15530,280810,176.725,37400,BC,4024,EC,OC
15531,222765,176.725,37402,MBCV,1516,CE,OC
15532,259347,176.725,37403,MBCV,1304,EI,MBCV
15533,368498,176.725,37407,BC,2709,CE,BC
15534,239176,176.725,37408,BC,2751,CS,BC
15535,218853,176.72,37413,BC,1120,EC,BC
15536,274100,176.72,37415,MBCV,5901,CE,MBCV
15537,213442,176.72,37417,MBCDNC,2618,CS,MBCDNC
15538,215610,176.72,37418,MBC,2722,IC,MBC
15539,214580,176.715,37419,MBCV,1114,CS,MBCV
15540,317537,176.715,37422,BC,2025,ME,BC
15541,276776,176.715,37424,BC,2727,EC,BC
15542,288921,176.715,37425,BCM,3829,CE,OC
15543,251149,176.715,37427,BC,2741,EC,OC
15544,307937,176.715,37428,MBCV,1408,CS,OC
15545,335410,176.715,37429,MBC,2735,EC,OC
15546,231503,176.715,37434,OC,1311,EE,OC
15547,334759,176.715,37435,BC,2711,CE,OC
15548,271716,176.71,37436,MBCV,3011,ME,OC
15549,288915,176.71,37439,BC,2727,AL,OC
15550,355946,176.71,37440,BC,2620,EC,OC
15551,269530,176.71,37441,MBCV,2608,AL,MBCV
15552,257687,176.71,37444,BCM,2739,EC,BCM
15553,319477,176.705,37446,BC,2610,IT,OC
15554,329704,176.705,37448,BC,1419,MU,OC
15555,241262,176.705,37449,MBCV,2709,ME,MBCV
15556,262458,176.705,37450,MBCV,1408,CS,OC
15557,316064,176.705,37452,MBCV,2736,IT,MBCV
15558,246785,176.705,37457,BC,4965,EC,OC
15559,250150,176.705,37458,BC,3830,IT,BC
15560,248498,176.705,37459,BC,3011,PC,OC
15561,355496,176.705,37460,SCA,2634,AG,OC
15562,219588,176.705,37461,BC,1122,CS,BC
15563,267584,176.705,37462,MBCV,2722,EC,MBCV
15564,357704,176.705,37463,MBCV,2636,CS,OC
15565,306637,176.705,37465,SC,3826,BM,OC
15566,209514,176.705,37466,SC,2708,CS,SC
15567,310805,176.705,37467,MBCV,2711,EE,MBCV
15568,297854,176.705,37469,BC,4941,CS,OC
15569,285179,176.7,37470,BC,2709,CE,BC
15570,255085,176.7,37471,MBCV,2369,EE,MBCV
15571,286508,176.7,37473,MBCV,2603,ME,MBCV
15572,244416,176.7,37475,MBCDNC,2764,CS,MBCDNC
15573,239251,176.7,37476,SC,1210,AD,SC
15574,244207,176.7,37477,MBC,2601,CH,OC
15575,343192,176.7,37479,BC,1516,ME,OC
15576,224231,176.7,37480,SC,1419,CS,SC
15577,247733,176.7,37481,MBCDNC,5910,EC,OC
15578,257036,176.695,37483,SC,5,CS,SC
15579,253622,176.695,37484,BC,1216,EC,BC
15580,322108,176.695,37486,MBCV,2609,CY,OC
15581,303118,176.695,37487,BC,2369,ME,OC
15582,222279,176.69,37488,BC,2702,FT,BC
15583,210881,176.69,37491,BC,1118,CB,BC
15584,253281,176.69,37492,MBCV,1306,IT,MBCV
15585,244036,176.69,37493,SC,3464,CS,SC
15586,215399,176.69,37494,MBCDNC,4974,ME,MBCDNC
15587,206437,176.69,37495,MBCDNC,3465,ME,OC
15588,254359,176.69,37496,BC,1216,EC,BC
15589,347914,176.69,37497,MBCDNC,3465,EE,MBCDNC
15590,305508,176.69,37498,BC,2608,AD,BC
15591,205643,176.69,37500,BC,4974,ME,BC
15592,282149,176.69,37503,MBCDNC,2643,CS,OC
15593,285480,176.69,37504,MBCV,2608,EC,MBCV
15594,208037,176.69,37507,BC,1216,EC,BC
15595,237494,176.69,37508,BC,2727,FD,OC
15596,354437,176.69,37509,MBCV,3830,CS,MBCV
15597,234591,176.685,37510,BC,3701,AD,OC
15598,337262,176.685,37511,BC,1504,EE,OC
15599,307020,176.685,37513,BC,2369,EE,BC
15600,201599,176.68,37515,BC,1118,CB,BC
15601,280708,176.68,37516,BC,2723,EC,OC
15602,205831,176.68,37517,BC,1120,EC,BC
15603,236076,176.68,37520,BC,1306,EC,OC
15604,363536,176.68,37521,MBC,3812,CS,OC
15605,326814,176.68,37525,BC,4955,AD,OC
15606,250072,176.68,37526,OC,4944,CS,OC
15607,212050,176.68,37527,BC,5910,EE,OC
15608,236324,176.68,37528,BC,4928,CS,OC
15609,243240,176.68,37529,SC,2006,TX,SC
15610,213145,176.68,37535,MBCDNC,1210,EC,MBCDNC
15611,340977,176.67,37536,BC,4959,CS,BC
15612,275145,176.67,37537,MBC,2661,CS,OC
15613,233789,176.67,37538,BC,5,CS,BC
15614,280980,176.67,37539,MBC,1231,EC,MBC
15615,355190,176.67,37540,BC,2764,ME,OC
15616,257822,176.67,37541,BCM,2722,EE,BCM
15617,233777,176.67,37542,MBCV,5910,AD,MBCV
15618,229380,176.67,37546,MBCDNC,2611,CS,OC
15619,294322,176.67,37547,SCA,2,TX,SCA
15620,257460,176.67,37548,MBCV,2706,IT,MBCV
15621,276016,176.67,37549,MBCDNC,4971,CS,MBCDNC
15622,202976,176.67,37550,BC,2734,IT,BC
15623,219977,176.67,37552,MBCDNC,2711,MZ,MBCDNC
15624,321459,176.67,37553,BC,2740,AD,OC
15625,263417,176.67,37554,BC,5530,CS,OC
15626,333300,176.67,37555,MBCV,2607,MZ,OC
15627,236136,176.67,37557,MBC,3819,EC,MBC
15628,294103,176.67,37558,BC,2734,IT,BC
15629,259436,176.67,37559,BC,2702,ME,OC
15630,201448,176.67,37560,BC,2603,ME,BC
15631,329653,176.67,37561,SC,2651,AD,OC
15632,221113,176.67,37563,MBCV,3701,AD,OC
15633,314893,176.67,37565,MBCV,2712,CE,MBCV
15634,288347,176.67,37567,BC,5022,EE,OC
15635,236593,176.67,37569,BC,2702,TX,OC
15636,320648,176.67,37571,BC,1419,IC,BC
15637,290626,176.665,37572,BC,3826,AD,OC
15638,261331,176.665,37573,SC,5008,MF,SC
15639,283368,176.665,37574,BCM,1120,EC,BCM
15640,238515,176.665,37575,MBCDNC,2706,EC,MBCDNC
15641,204927,176.66,37576,MBCV,1231,AD,MBCV
15642,250661,176.66,37578,SC,3464,CS,SC
15643,223667,176.66,37580,BC,2740,CS,OC
15644,200135,176.66,37581,BC,1140,IT,BC
15645,226474,176.66,37582,SC,5,IT,SC
15646,331789,176.66,37584,BC,2661,EC,OC
15647,264239,176.66,37585,BCM,5,EC,BCM
15648,228113,176.655,37588,BCM,1149,CS,BCM
15649,259967,176.65,37589,BCM,1231,CS,BCM
15650,250133,176.65,37590,MBCV,1226,EE,OC
15651,354445,176.65,37591,BCM,1101,IT,OC
15652,298869,176.65,37592,BC,1118,EC,BC
15653,290408,176.65,37593,MBC,1128,EC,MBC
15654,280759,176.65,37596,MBC,3830,CS,MBC
15655,273783,176.65,37597,BCM,1112,EC,BCM
15656,218499,176.65,37598,SC,3011,EC,SC
15657,329851,176.65,37599,BC,4680,EC,OC
15658,262147,176.65,37600,SC,2712,SE,SC
15659,257574,176.65,37601,MBC,5910,EC,OC
15660,272837,176.65,37602,BC,2722,IC,BC
15661,222401,176.65,37603,MBCDNC,1216,CS,MBCDNC
15662,295409,176.65,37604,SC,1219,EC,SC
15663,327192,176.65,37605,MBCV,3019,CE,OC
15664,257350,176.65,37606,BC,3803,CS,BC
15665,279880,176.65,37607,BC,5910,EC,OC
15666,342681,176.65,37608,MBCV,2642,IT,OC
15667,245601,176.65,37610,SC,2712,EE,SC
15668,314835,176.65,37613,BC,3841,AD,OC
15669,281394,176.65,37614,MBCV,1310,CS,MBCV
15670,303906,176.645,37615,MBCV,1501,EC,OC
15671,222689,176.645,37616,SC,2357,CE,OC
15672,265606,176.645,37617,MBCDNC,2608,IT,MBCDNC
15673,253027,176.645,37618,BC,2608,EC,BC
15674,357501,176.645,37619,BC,2727,EC,BC
15675,359751,176.645,37621,BC,1413,CS,BC
15676,306147,176.645,37622,BC,2601,BM,OC
15677,263106,176.645,37624,BC,2653,CS,BC
15678,333711,176.64,37625,BC,2711,AU,OC
15679,306680,176.64,37628,BC,2607,CS,BC
15680,239650,176.64,37629,SC,2622,BT,SC
15681,267506,176.64,37630,MBC,2608,EE,OC
15682,206316,176.64,37631,BC,1210,EE,BC
15683,246404,176.64,37633,BC,2726,CS,BC
15684,320877,176.64,37634,BC,2643,CS,OC
15685,308983,176.64,37636,BC,1504,IT,OC
15686,291443,176.635,37639,BC,3786,AE,OC
15687,321559,176.635,37640,SC,2302,AG,OC
15688,298431,176.635,37641,BC,1317,ME,OC
15689,225708,176.635,37642,MBCDNC,2705,IT,OC
15690,368517,176.635,37644,BC,5536,EE,OC
15691,364640,176.635,37645,BC,2357,AG,BC
15692,264276,176.635,37646,BC,3011,CE,OC
15693,333518,176.635,37647,BC,2734,IT,BC
15694,248100,176.635,37648,BC,2622,CS,BC
15695,265513,176.635,37649,BC,2745,CS,OC
15696,333760,176.635,37650,BC,2719,ME,OC
15697,263793,176.635,37651,BC,3830,AD,OC
15698,236880,176.635,37652,BC,1216,EC,BC
15699,306402,176.635,37655,MBCV,5901,ME,MBCV
15700,303650,176.635,37657,MBCV,1419,EI,MBCV
15701,322783,176.635,37658,MBCV,2369,EE,MBCV
15702,272915,176.635,37661,MBCV,4020,CS,MBCV
15703,236329,176.635,37662,MBCDNC,2618,CS,MBCDNC
15704,203279,176.635,37664,BC,2727,AL,OC
15705,251645,176.625,37668,MBCV,4960,AD,MBCV
15706,265548,176.625,37671,BC,2708,AL,BC
15707,241319,176.625,37672,BC,2727,EC,BC
15708,336861,176.625,37674,MBCV,2006,TT,MBCV
15709,320750,176.625,37676,MBCV,2347,EC,OC
15710,227538,176.625,37677,MBCDNC,2739,CB,MBCDNC
15711,249201,176.625,37678,BC,5910,EC,OC
15712,228091,176.625,37679,BC,5009,EC,BC
15713,347922,176.625,37680,BC,1122,IT,BC
15714,260812,176.625,37682,BC,1015,CS,OC
15715,244987,176.62,37683,BC,1140,AD,OC
15716,343601,176.62,37686,BC,5532,EC,OC
15717,298801,176.615,37687,BC,1225,IT,OC
15718,273828,176.615,37689,BC,2751,IT,BC
15719,334927,176.615,37690,MBCV,2661,IT,OC
15720,320484,176.615,37693,BC,2622,EC,BC
15721,228694,176.615,37694,MBC,2734,AD,OC
15722,227211,176.615,37698,BC,2722,IC,BC
15723,244728,176.615,37699,BC,5986,ME,OC
15724,372816,176.615,37700,BC,1149,EC,BC
15725,223876,176.615,37701,BC,2607,CS,BC
15726,373486,176.615,37703,BC,2709,AU,BC
15727,229359,176.615,37704,MBCDNC,4960,ME,OC
15728,224030,176.615,37705,SC,1304,IT,SC
15729,321869,176.615,37707,BC,2740,CS,OC
15730,203118,176.615,37708,BC,4954,CS,BC
15731,257256,176.615,37709,BC,5010,ME,OC
15732,217472,176.615,37713,BC,3701,CS,OC
15733,221080,176.615,37714,MBCV,1422,EC,MBCV
15734,268113,176.615,37715,BC,2622,EE,OC
15735,257839,176.615,37716,BC,1306,EC,OC
15736,284408,176.61,37717,SC,3465,EE,SC
15737,319069,176.61,37718,MBCV,2723,EE,OC
15738,356851,176.61,37719,BC,1504,IT,OC
15739,307852,176.605,37720,BC,2607,IT,OC
15740,261791,176.605,37721,BC,1207,ME,OC
15741,271327,176.605,37722,MBCDNC,2719,RM,MBCDNC
15742,250166,176.605,37725,BC,1118,BM,BC
15743,204437,176.605,37727,MBCV,1311,CS,MBCV
15744,200762,176.605,37728,BC,2369,EE,BC
15745,316724,176.605,37729,BC,2710,CD,BC
15746,311891,176.605,37730,MBCV,1306,IT,MBCV
15747,207688,176.605,37733,BC,2025,ME,BC
15748,255030,176.6,37734,MBCV,1211,AE,MBCV
15749,281595,176.6,37735,BC,2622,BM,OC
15750,363718,176.6,37737,BC,5910,BM,OC
15751,282052,176.6,37738,BC,1122,CS,BC
15752,294333,176.6,37739,MBCDNC,2621,CS,OC
15753,312136,176.595,37740,OC,2618,EE,OC
15754,228018,176.595,37742,BC,2639,CS,OC
15755,234259,176.595,37743,MBCV,2735,AD,MBCV
15756,259079,176.595,37744,MBCDNC,1026,CS,MBCDNC
15757,224780,176.595,37745,BC,1432,ME,OC
15758,261068,176.59,37746,MBC,1210,EE,MBC
15759,330006,176.59,37748,BC,4676,CS,OC
15760,251212,176.59,37749,BC,1207,CS,OC
15761,255891,176.59,37750,MBCV,2611,CY,OC
15762,211684,176.585,37753,MBCDNC,2740,CS,OC
15763,302775,176.585,37755,BC,1523,CS,OC
15764,312225,176.585,37757,MBCV,3805,EC,OC
15765,238588,176.585,37758,BC,2727,EC,BC
15766,243838,176.585,37759,SCA,2712,IT,SCA
15767,226626,176.585,37761,BC,2702,TX,OC
15768,268059,176.585,37764,BC,2621,EC,OC
15769,259668,176.585,37766,BC,3464,EE,OC
15770,223863,176.585,37767,SC,2711,CS,SC
15771,250154,176.585,37768,MBCDNC,2727,CS,MBCDNC
15772,270365,176.58,37770,MBCV,2735,CS,MBCV
15773,228104,176.58,37772,BC,2743,CS,OC
15774,264952,176.58,37773,MBCV,2711,EI,MBCV
15775,237971,176.58,37775,MBCDNC,2726,BM,OC
15776,229410,176.58,37776,SC,3819,AD,SC
15777,217595,176.58,37778,BC,2653,CS,BC
15778,217321,176.58,37780,MBC,2727,EC,MBC
15779,256016,176.58,37781,BC,1322,IT,OC
15780,294227,176.58,37783,ST,2006,ME,ST
15781,364553,176.58,37786,BC,2622,BM,OC
15782,240627,176.58,37788,BC,2723,BM,BC
15783,204766,176.575,37790,BC,2711,ME,OC
15784,294884,176.575,37791,MBCDNC,5010,EC,MBCDNC
15785,286332,176.575,37793,BC,2764,ME,OC
15786,260224,176.575,37794,MBCV,1317,EI,OC
15787,240696,176.575,37795,BC,1450,ME,BC
15788,235774,176.575,37796,SC,5901,EE,SC
15789,361718,176.575,37797,BC,1013,IT,BC
15790,284070,176.57,37798,BC,2610,EC,OC
15791,215904,176.57,37800,BC,1231,EC,BC
15792,309737,176.57,37801,MBCV,2715,AG,OC
15793,288309,176.57,37802,BC,2607,CS,BC
15794,257811,176.57,37803,BC,1325,IT,OC
15795,303896,176.57,37805,BC,2708,CS,BC
15796,334220,176.57,37806,SC,1219,EC,SC
15797,235464,176.57,37807,SC,3464,CS,SC
15798,243805,176.57,37809,BC,2727,EC,BC
15799,281329,176.57,37810,BC,1118,EC,BC
15800,345250,176.57,37812,BC,2603,ME,BC
15801,319311,176.57,37813,BC,1120,EC,BC
15802,277860,176.56,37816,BC,1407,MR,OC
15803,237079,176.56,37819,BC,2369,EE,BC
15804,371846,176.56,37820,BC,2764,BM,BC
15805,299816,176.56,37821,BC,5,CF,BC
15806,253570,176.56,37822,OC,3021,CS,OC
15807,281508,176.56,37824,MBC,1114,IT,MBC
15808,304217,176.56,37825,SC,4964,CS,OC
15809,333388,176.56,37827,BCM,2618,IT,BCM
15810,294562,176.56,37828,SCA,2715,AG,OC
15811,368772,176.56,37829,BC,2621,EC,OC
15812,293943,176.56,37833,MBCV,2601,CS,MBCV
15813,297088,176.56,37834,BC,1316,CS,OC
15814,258131,176.56,37836,BC,2702,ME,OC
15815,354121,176.56,37837,OC,4944,AD,OC
15816,319781,176.56,37838,BC,2607,IT,OC
15817,370390,176.56,37839,BC,4960,ME,OC
15818,292292,176.55,37841,MBCDNC,1216,CS,MBCDNC
15819,217698,176.55,37843,MBCV,3819,CS,MBCV
15820,349358,176.55,37844,BC,1110,CS,OC
15821,225306,176.55,37845,BC,4981,CS,OC
15822,242616,176.55,37846,MBCDNC,4680,CS,OC
15823,203858,176.55,37848,BCM,2739,EC,BCM
15824,290524,176.55,37849,BC,3701,CS,OC
15825,254651,176.55,37850,SC,2611,FD,OC
15826,257136,176.55,37851,BC,2709,ME,BC
15827,359948,176.55,37852,MBCV,2711,FD,MBCV
15828,338645,176.55,37853,BC,5910,EC,OC
15829,319541,176.55,37854,BC,2725,EC,BC
15830,327140,176.55,37855,SC,2603,EE,SC
15831,201446,176.545,37856,SC,1118,EC,SC
15832,289913,176.545,37859,MBCV,3011,PH,MBCV
15833,222009,176.545,37860,BC,5,CF,BC
15834,217714,176.545,37862,BC,3830,EC,OC
15835,322430,176.54,37863,BC,2726,IT,BC
15836,220226,176.54,37864,BC,4959,CS,BC
15837,288107,176.54,37865,BC,1013,CS,BC
15838,279108,176.54,37867,BCM,1324,EC,BCM
15839,372842,176.54,37869,BCM,2622,CS,BCM
15840,210741,176.54,37870,BC,1122,BT,BC
15841,351146,176.54,37871,BC,2624,AG,OC
15842,243696,176.54,37872,MBCV,1306,CS,MBCV
15843,235097,176.54,37873,BC,2723,IT,BC
15844,278973,176.535,37875,BC,2726,IT,BC
15845,249459,176.535,37876,BC,4974,ME,BC
15846,296040,176.535,37877,BC,2607,BT,BC
15847,217093,176.535,37879,MBCV,1516,ME,OC
15848,360142,176.535,37881,MBCDNC,2607,FD,OC
15849,334991,176.535,37882,BC,3465,EE,BC
15850,221145,176.535,37883,MBCV,1118,IT,MBCV
15851,273427,176.53,37887,BC,3803,EE,OC
15852,202390,176.53,37888,BC,2723,IT,BC
15853,252910,176.53,37890,MBCV,3019,CS,OC
15854,230856,176.53,37891,BC,2025,ME,BC
15855,338768,176.53,37892,BC,2711,ME,OC
15856,304170,176.53,37893,MBCV,1122,BT,MBCV
15857,245382,176.53,37894,BC,2302,AD,OC
15858,274751,176.53,37895,BC,1122,CS,BC
15859,322825,176.53,37896,MBCDNC,1233,CS,OC
15860,269318,176.525,37899,BC,5009,EC,BC
15861,370574,176.525,37901,SC,2608,CS,SC
15862,250815,176.525,37903,BC,4917,CS,OC
15863,302240,176.525,37904,BC,1422,EE,OC
15864,207315,176.525,37906,MBCV,1137,CS,OC
15865,263701,176.525,37907,BC,4957,CS,OC
15866,269810,176.525,37908,MBCV,2725,CS,MBCV
15867,209570,176.525,37909,BCM,2718,MZ,BCM
15868,247863,176.525,37910,BC,2736,IT,BC
15869,224879,176.525,37911,BC,1237,CS,BC
15870,269992,176.525,37912,MBCV,2718,CE,MBCV
15871,303043,176.525,37914,BCM,1306,IT,BCM
15872,216349,176.525,37915,BCM,4960,EE,BCM
15873,343919,176.525,37917,BC,1311,IT,BC
15874,240097,176.525,37918,OC,4972,EC,OC
15875,266722,176.525,37920,BC,2739,ME,OC
15876,277891,176.525,37921,MBCDNC,2615,CE,MBCDNC
15877,262956,176.525,37922,BC,2601,CS,BC
15878,262598,176.525,37923,SC,2615,CE,SC
15879,223473,176.525,37924,BCM,3011,EE,OC
15880,246515,176.525,37925,SC,2615,ME,SC
15881,336094,176.525,37926,MBCDNC,5910,EC,OC
15882,204591,176.52,37927,MBCDNC,2710,EC,MBCDNC
15883,252127,176.52,37928,MBC,2764,EC,MBC
15884,270183,176.52,37929,BCM,2726,CS,BCM
15885,306045,176.52,37930,BC,2618,CE,OC
15886,227074,176.515,37931,BC,1128,ME,OC
15887,318656,176.515,37933,BC,3819,EC,BC
15888,230663,176.515,37935,BC,1015,CS,BC
15889,237540,176.515,37936,MBCDNC,2719,EE,MBCDNC
15890,247813,176.515,37938,BC,1413,CS,BC
15891,247103,176.515,37939,BC,2764,EE,BC
15892,292210,176.515,37941,BC,4669,EC,OC
15893,208630,176.51,37944,BC,2764,EE,BC
15894,222019,176.51,37946,BC,2726,CS,BC
15895,238836,176.505,37950,BC,2622,EE,OC
15896,345574,176.505,37951,MBCDNC,2656,CS,MBCDNC
15897,261953,176.505,37952,BC,1149,EC,BC
15898,289817,176.505,37954,SC,2702,CS,SC
15899,306165,176.505,37955,BC,5009,EC,BC
15900,342833,176.505,37956,MBCV,3819,CS,MBCV
15901,374019,176.505,37957,SC,1325,EC,OC
15902,237040,176.505,37958,SC,2610,CE,OC
15903,264628,176.505,37963,OC,1317,EI,OC
15904,218345,176.505,37964,BC,1122,IT,BC
15905,210524,176.505,37968,BC,1309,EE,OC
15906,254647,176.505,37969,BC,4023,XC,OC
15907,338951,176.505,37971,BC,5009,EE,OC
15908,291103,176.505,37972,BC,2751,CS,BC
15909,269883,176.5,37976,BC,2727,AL,BC
15910,304034,176.5,37980,BC,4955,IT,BC
15911,365992,176.5,37983,OC,2622,AD,OC
15912,284087,176.5,37985,BC,1120,EC,BC
15913,357015,176.5,37987,SC,5010,CE,OC
15914,285106,176.5,37989,BC,4023,EC,BC
15915,317567,176.5,37991,BC,1120,EC,BC
15916,348946,176.5,37992,BC,2607,CS,BC
15917,281332,176.5,37994,MBCDNC,1118,EC,MBCDNC
15918,291551,176.5,37995,MBCV,1128,EC,MBCV
15919,364978,176.5,37996,BC,1413,AD,OC
15920,360094,176.5,37997,BC,2618,BM,OC
15921,241063,176.5,37999,SC,1211,EC,SC
15922,293623,176.5,38000,MBCV,2719,IT,MBCV
15923,277221,176.5,38002A,BC,3830,IT,BC
15924,339537,176.5,38003,SC,2709,EC,SC
15925,362008,176.5,38004,OC,3819,CB,OC
15926,309005,176.5,38007,BC,2751,CS,BC
15927,214848,176.5,38008,BC,2702,CE,OC
15928,356985,176.5,38010,BC,2726,IT,BC
15929,295318,176.5,38011,BC,1217,AD,OC
15930,353906,176.5,38012,BC,1231,EC,BC
15931,207396,176.5,38014,BC,1414,CS,OC
15932,271957,176.5,38015,BC,1211,CH,BC
15933,290008,176.5,38018,MBCV,1140,CS,MBCV
15934,336624,176.5,38019,BC,3795,EC,OC
15935,202669,176.5,38022,MBC,1210,EE,MBC
15936,220907,176.5,38025,MBCDNC,2615,MT,MBCDNC
15937,334961,176.5,38027,BC,1216,EC,BC
15938,293243,176.5,38028,BC,2702,ME,BC
15939,205464,176.5,38030,OC,1419,MU,OC
15940,287232,176.5,38031,SC,3011,CS,SC
15941,230625,176.5,38032,MBCV,2025,ME,MBCV
15942,282548,176.5,38034,MBCDNC,1149,ME,OC
15943,292036,176.5,38036,SC,3819,EC,SC
15944,305826,176.5,38037,BC,1110,CS,OC
15945,260740,176.5,38038,BC,4974,ME,BC
15946,308648,176.5,38039,BC,2727,AL,BC
15947,279933,176.5,38045,OC,1422,EI,OC
15948,324496,176.5,38047,BCM,2710,CS,BCM
15949,215279,176.5,38052,SC,1419,CS,SC
15950,205698,176.5,38053,BC,3819,EC,BC
15951,276992,176.5,38055,BC,1317,EI,BC
15952,291914,176.5,38057,SCA,1219,CS,SCA
15953,358436,176.5,38060,OC,2611,CS,OC
15954,317932,176.5,38061,SCA,4,AU,SCA
15955,367530,176.5,38066,SC,2718,IT,SC
15956,258568,176.5,38068,OC,1217,CS,OC
15957,312169,176.5,38069,SC,1219,EC,SC
15958,243153,176.5,38071,MBCDNC,1419,EC,MBCDNC
15959,287433,176.5,38076,MBCV,5,CS,MBCV
15960,238151,176.5,38082,BC,1306,EC,OC
15961,289958,176.5,38084,BC,1311,AD,BC
15962,300876,176.5,38085,BC,1113,CE,BC
15963,339621,176.5,38091,BC,1110,CS,OC
15964,242380,176.5,38092,BC,1140,AD,OC
15965,278866,176.5,38097,BC,1118,CB,BC
15966,289873,176.5,38098,BC,1149,EC,BC
15967,281546,176.5,38104,BC,1122,AD,BC
15968,207772,176.5,38105,BC,1405,CS,OC
15969,271647,176.5,38108,MBCDNC,2369,EC,MBCDNC
15970,312465,176.5,38114,BC,1237,EC,OC
15971,288461,176.5,38115,BC,1317,EE,BC
15972,293442,176.5,38116,SC,2006,ES,SC
15973,336661,176.5,38117,BC,1219,AU,BC
15974,295865,176.5,38120,MBCDNC,1112,CB,MBCDNC
15975,284688,176.5,38121,BC,1218,BM,OC
15976,327840,176.5,38125,SC,1211,EC,SC
15977,279896,176.5,38127,BCM,1118,AD,BCM
15978,211394,176.495,38133,BC,1106,CS,OC
15979,228265,176.495,38134,BC,1303,IT,OC
15980,322211,176.495,38135,MBC,2628,AD,OC
15981,261339,176.495,38139,BC,2726,AO,BC
15982,223891,176.495,38141,BC,1317,EE,BC
15983,261320,176.495,38142,MBCV,2711,CH,OC
15984,227803,176.495,38145,MBCDNC,1216,AL,MBCDNC
15985,344181,176.495,38149,MBC,2735,AD,MBC
15986,220463,176.495,38151,BC,2601,CS,BC
15987,205545,176.495,38152,SC,1311,IT,SC
15988,295167,176.495,38153,BC,5009,EE,OC
15989,322235,176.495,38155,BC,4864,EC,OC
15990,225467,176.495,38156,BC,4023,IT,BC
15991,329406,176.495,38157,BC,1211,ME,BC
15992,211115,176.49,38161,BC,1516,ME,OC
15993,202061,176.49,38162,BC,2702,TX,OC
15994,205805,176.49,38163,BCM,3819,CB,OC
15995,230386,176.49,38164,MBCDNC,2712,FT,MBCDNC
15996,274413,176.485,38165,MBCV,1233,CS,OC
15997,244782,176.485,38168,MBCV,4960,CS,MBCV
15998,244098,176.485,38169,BC,1231,EC,BC
15999,306808,176.48,38170,BC,2723,EC,OC
16000,305063,176.48,38172,BC,3464,EE,OC
16001,355076,176.475,38173,MBCDNC,2704,EE,OC
16002,278011,176.475,38174,BC,2708,CS,BC
16003,224024,176.475,38175,BC,2736,EC,OC
16004,271863,176.475,38176,MBCV,2706,CS,MBCV
16005,256596,176.475,38177,MBCDNC,4971,CS,MBCDNC
16006,334942,176.475,38178,BC,2723,IT,BC
16007,259669,176.475,38179,BC,2653,CS,BC
16008,207874,176.475,38181,BC,2710,CD,BC
16009,241968,176.475,38182,BC,1509,CS,OC
16010,237155,176.475,38183,BC,5,CF,BC
16011,227560,176.47,38184,BC,1217,CE,OC
16012,266769,176.47,38185,SC,1324,CS,SC
16013,264349,176.47,38187,SC,2603,CS,SC
16014,270831,176.47,38188,BC,3465,EE,BC
16015,262200,176.47,38189,BC,4864,EE,OC
16016,255994,176.47,38191,BC,2653,AD,OC
16017,244823,176.47,38192,BC,1210,EE,BC
16018,213348,176.47,38193,BC,3701,CS,OC
16019,256561,176.47,38194,SC,1516,ME,OC
16020,258103,176.47,38195,MBC,2764,BM,MBC
16021,221311,176.47,38196,BCM,1216,AD,BCM
16022,213822,176.47,38197,MBCV,1422,CY,MBCV
16023,270755,176.47,38198,BC,4959,IT,OC
16024,227450,176.47,38199,BCM,3425,EC,OC
16025,350419,176.465,38201,BCM,1231,AD,BCM
16026,314993,176.465,38202,BC,2741,CS,BC
16027,233888,176.465,38204,BC,2369,EE,BC
16028,228105,176.46,38207,BC,1219,AU,BC
16029,261986,176.46,38211,SC,1219,EE,SC
16030,226495,176.46,38214,BC,2711,CE,OC
16031,252397,176.46,38215,BC,2751,IT,BC
16032,336889,176.46,38218,BC,1149,EC,BC
16033,359013,176.46,38219,MBCDNC,3465,EE,MBCDNC
16034,329597,176.46,38222,MBCDNC,5022,CE,OC
16035,259965,176.46,38223,BC,2735,AD,BC
16036,218271,176.46,38224,BC,2708,CS,BC
16037,221000,176.46,38225,SC,2710,AD,SC
16038,204787,176.46,38227,BC,2736,AD,OC
16039,309916,176.46,38229,MBCDNC,5910,EC,MBCDNC
16040,313823,176.45,38231,MBCV,3011,PC,OC
16041,260313,176.45,38232,BC,3819,CB,OC
16042,217228,176.45,38233,MBC,5901,ME,MBC
16043,252986,176.45,38235,BC,2719,ME,OC
16044,249761,176.44,38238,BCM,3843,CS,OC
16045,302311,176.44,38239,MBCDNC,1026,EE,OC
16046,298092,176.44,38240,BC,4949,EC,OC
16047,351947,176.44,38241,BC,2328,EE,OC
16048,336911,176.44,38242,BC,1026,EC,BC
16049,334295,176.44,38244,SCA,1225,IT,OC
16050,204355,176.44,38245,BC,1140,AD,BC
16051,252421,176.44,38248,BC,2727,EC,BC
16052,200614,176.44,38249,BC,4974,ME,BC
16053,247560,176.44,38252,MBCDNC,1231,CS,MBCDNC
16054,266507,176.44,38254,BC,5914,CS,OC
16055,246326,176.44,38257,BC,3830,IT,BC
16056,310049,176.44,38259,BC,2623,BM,OC
16057,218414,176.44,38260,MBCV,1432,EC,MBCV
16058,263470,176.44,38261,MBCV,3795,EC,OC
16059,355082,176.44,38263,BC,4974,ME,BC
16060,248839,176.44,38264,MBCV,2708,AG,OC
16061,253518,176.44,38266,BC,5022,CS,BC
16062,308968,176.44,38267,BC,1218,CS,OC
16063,246769,176.435,38268,BC,2723,EC,OC
16064,262158,176.435,38270,BC,1237,CS,BC
16065,317641,176.435,38272,BCM,5910,CB,BCM
16066,299765,176.435,38273,BCM,3801,CS,BCM
16067,203039,176.435,38274,BC,1505,CS,OC
16068,266172,176.43,38276,MBCDNC,2702,CE,MBCDNC
16069,286588,176.43,38279,MBCDNC,2618,CS,MBCDNC
16070,223418,176.43,38280,BC,2734,TS,OC
16071,226646,176.43,38283,BC,1140,IT,BC
16072,247549,176.43,38284,BC,2727,BT,BC
16073,239402,176.425,38287,BC,2622,EE,OC
16074,210063,176.425,38288,SC,2718,EC,SC
16075,234397,176.425,38289,BC,2711,AU,OC
16076,252086,176.425,38291,MBCV,2751,IT,MBCV
16077,234256,176.425,38292,MBCV,2750,CS,MBCV
16078,281874,176.42,38295,MBCV,2719,IT,MBCV
16079,293421,176.42,38297,BC,1014,CS,BC
16080,332195,176.42,38298,BC,2328,CS,OC
16081,289848,176.42,38299,BC,1216,CE,OC
16082,260358,176.42,38300,BC,2653,CS,BC
16083,364287,176.42,38301,MBCDNC,2648,CS,OC
16084,243821,176.42,38302,BC,1140,IT,BC
16085,306775,176.42,38303,SC,2,AP,SC
16086,282872,176.42,38304,BC,2725,EC,BC
16087,354234,176.415,38305,MBCDNC,2726,CS,MBCDNC
16088,223727,176.415,38307,BC,2736,EC,OC
16089,260264,176.415,38308,BC,2709,CE,BC
16090,347107,176.415,38311,SC,1432,EC,SC
16091,254159,176.415,38313,BC,2607,CS,BC
16092,205579,176.415,38315,MBCDNC,2764,CE,OC
16093,258261,176.415,38316,BC,2726,AO,BC
16094,270850,176.41,38317,MBCV,2704,CS,MBCV
16095,215539,176.405,38321,BC,2622,ME,OC
16096,209632,176.405,38322,MBC,3830,IT,MBC
16097,221251,176.405,38324,BC,2751,CS,BC
16098,326204,176.405,38326,SC,2702,BM,SC
16099,268652,176.405,38327,SC,3011,EC,SC
16100,233369,176.405,38329,BC,2702,ME,BC
16101,284121,176.405,38330,BC,4965,EC,OC
16102,214760,176.405,38331,SC,1219,CH,SC
16103,284271,176.405,38334,MBC,4670,ME,OC
16104,294377,176.405,38335,BC,2723,IT,BC
16105,281648,176.405,38336,SC,2,CR,SC
16106,325740,176.405,38337,BC,2646,CS,OC
16107,338765,176.405,38338,BC,3815,CS,OC
16108,323422,176.405,38341,BC,2709,CE,BC
16109,241823,176.405,38342,BC,3021,CS,OC
16110,269945,176.405,38343,SC,3011,CS,SC
16111,219364,176.405,38345,OC,1306,EC,OC
16112,361337,176.405,38346,MBCV,1120,EC,MBCV
16113,220561,176.405,38347,BC,2727,EC,BC
16114,309213,176.405,38348,BC,2726,AL,OC
16115,228286,176.4,38349,MBC,2725,CS,MBC
16116,288388,176.4,38351,MBCDNC,2708,AE,OC
16117,311495,176.395,38353,MBC,2711,EI,MBC
16118,258655,176.395,38355,SC,2025,ME,SC
16119,290874,176.395,38362,MBCV,1216,AD,MBCV
16120,261920,176.395,38365,MBCDNC,2715,CH,OC
16121,217546,176.395,38367,BC,2708,IT,BC
16122,294039,176.395,38368,BCM,3806,BM,OC
16123,217509,176.395,38369,BC,1015,CS,BC
16124,304706,176.395,38370,MBCV,4974,EC,MBCV
16125,263311,176.395,38371,BC,4994,CS,OC
16126,298630,176.395,38372,BCM,1316,AO,OC
16127,261609,176.395,38373,BC,2710,ET,OC
16128,353160,176.395,38375,MBCDNC,3817,CH,OC
16129,254908,176.39,38376,BC,3830,EC,OC
16130,247358,176.39,38377,BC,2622,EC,BC
16131,261344,176.39,38378,BC,1401,EE,OC
16132,229860,176.39,38379,BC,5009,EC,BC
16133,307763,176.39,38380,BC,2736,IT,BC
16134,340321,176.385,38381,SC,2615,MT,SC
16135,276229,176.385,38382,MBCV,5,IT,MBCV
16136,363742,176.385,38383,MBCV,2610,CS,OC
16137,251970,176.385,38385,SC,2006,MS,SC
16138,231045,176.385,38386,BC,3804,CS,OC
16139,250809,176.385,38387,BC,1507,IT,OC
16140,203072,176.385,38388,BC,1116,CS,BC
16141,246004,176.385,38390,BC,2607,AD,BC
16142,365377,176.385,38391,BC,2729,AE,OC
16143,347067,176.385,38395,BC,4944,CS,OC
16144,271586,176.385,38396,MBCV,2725,CS,MBCV
16145,319957,176.385,38397,MBCDNC,1419,IC,MBCDNC
16146,242509,176.385,38401,BC,1216,EC,BC
16147,261109,176.385,38402,BC,1211,CE,OC
16148,311268,176.385,38404,SC,3805,BM,OC
16149,255385,176.385,38405,SC,1516,EC,SC
16150,261930,176.38,38409,MBCV,2618,EC,MBCV
16151,213995,176.38,38410,MBCDNC,2725,CS,MBCDNC
16152,221774,176.38,38411,BC,2622,CE,OC
16153,234082,176.375,38412,MBCDNC,1516,EE,MBCDNC
16154,276787,176.375,38413,BC,2702,ME,BC
16155,231444,176.375,38414,BC,2736,AD,BC
16156,341784,176.375,38415,BC,2764,ME,OC
16157,219715,176.375,38417,OC,5910,EE,OC
16158,257790,176.375,38419,BC,2723,IT,BC
16159,297833,176.375,38420,SC,5907,CH,OC
16160,339604,176.375,38423,MBCV,2345,EE,OC
16161,272399,176.375,38424,MBCDNC,2702,EI,MBCDNC
16162,312339,176.37,38425,BC,2613,EC,OC
16163,362704,176.37,38426,BC,2750,CB,OC
16164,217197,176.37,38428,MBCDNC,1210,EC,MBCDNC
16165,211994,176.37,38431,SC,3011,CS,SC
16166,225383,176.365,38433,MBCV,5,IT,MBCV
16167,247493,176.365,38434,BC,2764,EE,BC
16168,202534,176.365,38435,BC,4960,CE,OC
16169,269592,176.365,38436,MBCDNC,3826,CS,MBCDNC
16170,339423,176.365,38437,BC,2727,EC,BC
16171,273551,176.365,38440,BC,1014,IT,OC
16172,246697,176.365,38441,MBCV,2708,CS,MBCV
16173,206499,176.36,38443,MBC,5,CF,MBC
16174,220919,176.36,38444,BC,2653,IT,BC
16175,228998,176.36,38450,SC,4024,EE,OC
16176,284038,176.36,38452,BCM,4944,EC,OC
16177,252153,176.36,38454,MBCV,3830,CS,MBCV
16178,206080,176.36,38457,BC,1237,AD,OC
16179,345663,176.36,38459,MBCV,1210,EC,MBCV
16180,308532,176.36,38460,BC,2708,CS,BC
16181,282478,176.36,38462,BC,2025,ME,BC
16182,241799,176.36,38464,BC,5910,EC,BC
16183,231979,176.355,38465,BC,4955,IT,BC
16184,346809,176.355,38466,BC,2369,EE,BC
16185,310894,176.355,38467,MBCDNC,2752,EC,OC
16186,291011,176.355,38469,BC,2609,AO,OC
16187,252740,176.355,38470,BC,2723,BM,BC
16188,257621,176.355,38471,BC,1211,ME,BC
16189,297421,176.355,38472,BC,4971,EC,BC
16190,206573,176.35,38473,BC,2726,CS,BC
16191,212997,176.35,38474,BC,1317,EE,BC
16192,216334,176.35,38475,BC,1311,EC,BC
16193,247512,176.35,38477,BC,2651,AD,OC
16194,202719,176.35,38478,BC,2702,ME,BC
16195,335883,176.35,38480,BC,3812,EC,OC
16196,214624,176.35,38481,BC,1225,EC,OC
16197,318100,176.35,38483,SC,1399,EC,SC
16198,222857,176.35,38484,MBCV,2702,FD,MBCV
16199,204052,176.35,38486,BC,5910,EC,BC
16200,344156,176.35,38487,BC,2708,IT,BC
16201,271273,176.35,38488,MBCV,3464,EC,MBCV
16202,217032,176.35,38489,BCM,2708,IT,BCM
16203,229469,176.35,38490,MBCDNC,2727,CS,MBCDNC
16204,259806,176.35,38492,SC,1399,BM,SC
16205,276397,176.35,38493,BC,4960,CE,OC
16206,356240,176.35,38495,SC,1434,CS,OC
16207,218294,176.35,38496,BC,1422,EE,OC
16208,286548,176.35,38498,MBCDNC,2661,EC,OC
16209,229474,176.35,38499,SC,1219,EE,SC
16210,359679,176.35,38500,MBCDNC,3810,EE,OC
16211,205691,176.34,38501,BC,1219,MR,BC
16212,206957,176.34,38502,BC,1120,EE,OC
16213,254195,176.34,38503,MBCV,1408,CS,OC
16214,279265,176.34,38505,BC,1149,EC,BC
16215,298872,176.34,38506,SC,4024,EE,OC
16216,216512,176.34,38508,BC,4020,GI,OC
16217,231804,176.34,38509,MBCDNC,4962,CE,OC
16218,324715,176.33,38513,BC,2706,EE,OC
16219,321296,176.33,38514,SC,1211,CB,SC
16220,241110,176.33,38515,BC,4952,CS,OC
16221,273667,176.33,38516,BC,2741,EC,OC
16222,200064,176.33,38517,BC,2736,AD,BC
16223,213343,176.33,38518,SC,1422,IT,SC
16224,356057,176.33,38520,BC,1225,EC,OC
16225,299613,176.33,38524,OC,1309,EE,OC
16226,267137,176.33,38525,MBCV,2735,EC,OC
16227,272360,176.33,38526,MBCV,1013,IT,MBCV
16228,308341,176.33,38527,BC,2706,EE,BC
16229,207454,176.33,38528,MBCDNC,1309,EC,MBCDNC
16230,270697,176.33,38529,BC,1211,ME,BC
16231,354739,176.33,38532,BCM,2729,CS,OC
16232,353516,176.33,38533,OC,2751,AD,OC
16233,368276,176.33,38536,MBC,2772,CS,OC
16234,284912,176.33,38538,BC,1309,EE,OC
16235,258314,176.33,38539,BC,5832,EC,OC
16236,307244,176.33,38543,MBCV,2369,EE,MBCV
16237,317930,176.33,38545,MBCV,3011,EE,OC
16238,237276,176.33,38546,MBCDNC,2618,CS,MBCDNC
16239,273254,176.33,38547,BC,2735,AD,BC
16240,361348,176.33,38549,MBCDNC,2708,AL,MBCDNC
16241,295421,176.325,38551,SC,4955,CS,SC
16242,299625,176.325,38552,MBC,2727,EC,MBC
16243,235872,176.325,38554,BC,1311,IT,BC
16244,329886,176.325,38556,BC,1241,CS,OC
16245,233664,176.325,38557,MBCV,2739,EC,MBCV
16246,336634,176.325,38559,MBCDNC,5910,CB,MBCDNC
16247,337539,176.32,38560,MBCV,1120,EC,MBCV
16248,307049,176.32,38561,MBCV,1013,EC,OC
16249,367178,176.32,38563,BCM,4994,CS,OC
16250,300888,176.32,38565,BC,3011,EE,OC
16251,226117,176.32,38566,BC,1013,IT,BC
16252,315196,176.32,38568,MBCDNC,1210,CO,MBCDNC
16253,203117,176.32,38570,BC,2727,EE,OC
16254,274476,176.32,38571,MBC,5910,EC,MBC
16255,205743,176.315,38572,MBCDNC,2711,EE,MBCDNC
16256,263993,176.315,38573,MBCDNC,2618,IT,MBCDNC
16257,200333,176.315,38575,BC,2711,MZ,BC
16258,211824,176.315,38576,MBCV,5,IT,MBCV
16259,285259,176.315,38577,BC,1237,IT,BC
16260,325733,176.315,38580,BC,3918,CS,OC
16261,293868,176.31,38582,MBCDNC,1523,CS,OC
16262,200742,176.31,38583,MBCDNC,4917,CS,OC
16263,299388,176.31,38584,BCM,1013,EC,OC
16264,202552,176.31,38585,BC,5904,AD,BC
16265,253845,176.31,38586,MBCDNC,5910,IT,MBCDNC
16266,212927,176.31,38587,MBCV,1014,IT,OC
16267,366842,176.305,38588,SCA,2620,EC,OC
16268,299057,176.305,38591,BCM,2762,AD,OC
16269,271803,176.305,38592,OC,2726,MZ,OC
16270,257614,176.305,38593,SC,3465,EC,SC
16271,366471,176.305,38594,MBC,2751,EC,OC
16272,219075,176.305,38595,BC,5910,CE,OC
16273,288705,176.3,38596,BC,2610,RM,OC
16274,316237,176.3,38597,MBC,2601,CS,MBC
16275,351623,176.3,38598,BC,2659,BM,OC
16276,203004,176.3,38600,BC,5910,EC,BC
16277,323034,176.3,38603,SC,1317,EC,SC
16278,294203,176.3,38604,MBC,3701,CS,OC
16279,258511,176.3,38605,BC,2727,AL,BC
16280,268354,176.295,38607,MBCV,1311,CS,MBCV
16281,214421,176.295,38608,BC,2710,CD,BC
16282,260078,176.295,38611,MBCV,2618,EC,MBCV
16283,211476,176.295,38613,MBCV,2343,HT,MBCV
16284,211997,176.295,38614,SC,1422,CY,SC
16285,317775,176.295,38617,BC,4678,EC,BC
16286,347077,176.295,38618,BCM,1301,CS,OC
16287,209049,176.295,38620,BC,3464,EE,OC
16288,260274,176.295,38621,MBCV,1321,PA,MBCV
16289,366912,176.295,38622,BC,2735,AD,BC
16290,261145,176.295,38623,BC,2707,ME,OC
16291,221810,176.295,38624,BC,2610,CS,OC
16292,283395,176.295,38625,BC,2727,AL,BC
16293,294457,176.295,38626,BC,4971,EE,OC
16294,221449,176.295,38627,BC,2736,AD,BC
16295,233731,176.295,38628,ST,2702,AD,ST
16296,302470,176.295,38629,SC,5009,CS,SC
16297,252501,176.295,38630,SCA,2618,CS,SCA
16298,299701,176.295,38631,BC,3807,CS,OC
16299,222889,176.295,38632,BC,2722,IC,BC
16300,325260,176.295,38634,MBCV,1140,IT,MBCV
16301,258129,176.295,38635,BC,2357,CS,OC
16302,212953,176.295,38636,BC,1210,EE,BC
16303,201058,176.29,38637,BC,1217,BM,OC
16304,210261,176.29,38639,BC,4023,CS,BC
16305,208922,176.285,38640,BC,2653,CS,BC
16306,218471,176.285,38641,BC,2727,EC,BC
16307,276447,176.285,38642,MBC,4974,ME,MBC
16308,214539,176.285,38644,SC,1304,IT,SC
16309,274227,176.285,38645,MBCDNC,1211,AE,MBCDNC
16310,347143,176.285,38646,MBCDNC,2739,EC,MBCDNC
16311,328447,176.285,38649,BC,1216,EC,BC
16312,240294,176.285,38650,BC,2727,AL,BC
16313,300648,176.285,38651,BC,3801,CS,BC
16314,265102,176.285,38652,MBCDNC,4955,CB,OC
16315,243946,176.285,38654,MBC,3795,CS,MBC
16316,342530,176.285,38656,BC,3465,ME,OC
16317,289908,176.285,38657,MBCV,2643,CS,OC
16318,292835,176.285,38658,MBC,5901,ME,MBC
16319,367631,176.285,38661,BC,2708,IT,BC
16320,273228,176.275,38662,BC,4965,EC,OC
16321,213206,176.275,38663,MBC,3016,CS,OC
16322,237933,176.275,38664,BC,2618,EE,OC
16323,252860,176.275,38667,BC,1231,EC,BC
16324,225705,176.275,38668,MBCV,1233,CS,MBCV
16325,224836,176.275,38669,MBC,2727,BT,MBC
16326,294924,176.275,38670,BC,2702,ME,BC
16327,238483,176.275,38672,BC,2708,CS,BC
16328,322631,176.275,38673,BC,2726,CS,BC
16329,281065,176.275,38674,BC,2722,IC,BC
16330,301297,176.275,38675,MBCDNC,5910,IT,MBCDNC
16331,282193,176.275,38677,SC,1399,EC,SC
16332,297043,176.275,38679,MBCV,2709,ME,MBCV
16333,205124,176.275,38681,BC,2704,EC,BC
16334,211290,176.265,38684,BC,2711,MZ,BC
16335,272141,176.265,38685,BC,1140,EC,OC
16336,230807,176.265,38686,BC,2723,IT,BC
16337,356489,176.265,38687,SC,1113,CB,SC
16338,247282,176.265,38688,BC,4675,EC,OC
16339,254121,176.265,38690,BC,2653,CB,OC
16340,299618,176.265,38691,BC,2723,EC,OC
16341,362422,176.265,38692,BC,2632,BM,OC
16342,239750,176.265,38695,MBCV,3011,AU,OC
16343,342185,176.26,38696,BC,2610,CY,OC
16344,349990,176.26,38697,MBCV,3804,AU,OC
16345,289007,176.26,38698,BC,1306,BT,BC
16346,270808,176.26,38699,MBCDNC,5009,EE,OC
16347,274366,176.26,38701,SC,5901,EE,SC
16348,287612,176.26,38702,BC,1450,ME,BC
16349,219114,176.26,38703,BC,2734,IT,BC
16350,352454,176.26,38704,MBCV,2641,CS,OC
16351,215894,176.26,38705,BC,4960,CE,OC
16352,212596,176.26,38707,BCM,1432,CO,BCM
16353,282904,176.255,38708,BC,1110,CS,OC
16354,320688,176.255,38709,MBC,1216,AD,MBC
16355,229320,176.255,38712,BC,4023,EC,BC
16356,288549,176.255,38713,MBC,1505,CS,OC
16357,275364,176.255,38715,MBCV,2603,ME,MBCV
16358,312759,176.255,38716,SC,5,CH,OC
16359,220079,176.25,38720,BC,1014,IT,BC
16360,309457,176.25,38721,MBCV,1412,CS,OC
16361,367598,176.25,38722,BC,2610,IT,OC
16362,268164,176.25,38724,OC,1122,EC,OC
16363,292648,176.25,38726,BC,1113,CE,BC
16364,373841,176.245,38728,MBCDNC,1211,BM,MBCDNC
16365,224333,176.245,38729,BC,2710,EE,OC
16366,238592,176.245,38730,BC,2708,AL,BC
16367,305381,176.245,38731,MBC,5910,EC,MBC
16368,227073,176.245,38733,BC,4959,IT,BC
16369,335403,176.245,38735,BC,2727,AL,BC
16370,242707,176.24,38738,BC,1122,IT,BC
16371,255776,176.24,38739,BC,2722,IC,BC
16372,250754,176.24,38740,MBCDNC,1422,EC,MBCDNC
16373,313659,176.24,38741,SC,1399,EC,SC
16374,208583,176.24,38742,BC,1217,CS,OC
16375,242051,176.24,38744,OC,3819,CB,OC
16376,298514,176.24,38748,BC,5910,EC,BC
16377,219953,176.24,38750,MBCDNC,2357,EE,OC
16378,302257,176.24,38751,MBCDNC,2764,CE,OC
16379,208888,176.24,38752,BC,1228,CS,OC
16380,259627,176.24,38758,BC,1207,RM,OC
16381,353385,176.24,38760,BC,2620,EC,OC
16382,246396,176.24,38762,BC,5910,EC,BC
16383,235391,176.24,38763,BC,4981,CS,OC
16384,328276,176.24,38767,BC,2608,EC,BC
16385,295499,176.24,38768,BC,2725,EC,BC
16386,223433,176.24,38769,MBCV,2704,EC,MBCV
16387,242662,176.24,38771,MBCV,5009,EC,MBCV
16388,232276,176.23,38772,BC,2721,CS,OC
16389,286231,176.23,38773,BC,2736,IT,BC
16390,241180,176.23,38774,BC,2607,CS,BC
16391,262106,176.23,38776,BC,2719,ME,OC
16392,222460,176.22,38777,BC,1115,CS,OC
16393,207107,176.22,38778,BC,4678,EC,BC
16394,255687,176.22,38780,BC,5910,EC,BC
16395,342958,176.22,38781,BC,1316,IT,OC
16396,275693,176.22,38783,MBCDNC,2615,ME,MBCDNC
16397,296275,176.22,38784,BC,2750,EC,OC
16398,328988,176.22,38786,MBCDNC,1128,CS,MBCDNC
16399,201930,176.22,38787,BC,2711,MZ,BC
16400,281565,176.22,38788,MBCDNC,2719,BM,MBCDNC
16401,234383,176.22,38790,OC,2704,EE,OC
16402,273512,176.22,38795,SC,2718,IT,SC
16403,226084,176.22,38797,SC,2622,AD,OC
16404,295356,176.22,38798,BCM,2369,EC,BCM
16405,371135,176.22,38799,MBCV,2636,CS,OC
16406,227975,176.22,38800,BC,2706,EE,BC
16407,274535,176.22,38801,BC,2611,CS,OC
16408,244280,176.21,38807,BC,4962,ME,OC
16409,200879,176.21,38811,MBCV,1231,EC,MBCV
16410,358375,176.21,38813,BC,1118,EC,BC
16411,298564,176.21,38815,MBCDNC,1112,AL,MBCDNC
16412,255284,176.21,38816,BC,2727,BT,BC
16413,237615,176.21,38817,MBC,1149,EC,MBC
16414,318247,176.21,38819,BC,1014,CS,BC
16415,363876,176.21,38819A,MBCV,1226,CS,OC
16416,329302,176.21,38820,MBCDNC,1324,CO,MBCDNC
16417,276154,176.21,38822,MBCV,2725,CS,MBCV
16418,297286,176.21,38823,MBC,5904,EC,OC
16419,202140,176.205,38825,BC,2708,CS,BC
16420,267872,176.205,38826,SC,2611,CH,OC
16421,235333,176.205,38828,BC,2708,AG,OC
16422,264330,176.205,38830,BC,4953,CS,OC
16423,244593,176.205,38831,BC,1226,CS,OC
16424,201455,176.205,38832,BC,1216,EC,BC
16425,279154,176.205,38834,MBC,1414,IT,OC
16426,309035,176.205,38835,BC,2715,CS,OC
16427,234312,176.205,38836,BC,4954,CS,BC
16428,239111,176.205,38839,SC,2712,BT,SC
16429,334572,176.205,38840,BC,2620,EC,OC
16430,314177,176.205,38841,MBC,3465,EE,MBC
16431,285089,176.205,38842,MBC,3805,EE,OC
16432,329607,176.205,38843,MBC,2661,CS,OC
16433,288534,176.2,38844,BC,1306,AE,OC
16434,295117,176.195,38849,MBCDNC,2726,BM,OC
16435,346642,176.195,38850,BC,1450,ME,BC
16436,292608,176.195,38851,MBCDNC,1516,EE,MBCDNC
16437,246674,176.19,38855,BC,1309,EE,BC
16438,235249,176.19,38856,BC,2369,EE,BC
16439,234140,176.19,38858,OC,1210,ME,OC
16440,219394,176.19,38859,BC,1219,MR,BC
16441,233615,176.19,38861,BC,5910,EC,BC
16442,202859,176.185,38863,MBCV,1122,IT,MBCV
16443,230809,176.185,38864,BC,2711,MZ,BC
16444,322520,176.185,38866,BC,2656,CS,BC
16445,207974,176.185,38868,MBC,1118,BM,MBC
16446,223672,176.185,38876,MBCV,1110,IT,OC
16447,257377,176.185,38877,BC,2709,CE,BC
16448,233959,176.185,38878,BC,2702,ME,BC
16449,328361,176.185,38879,OC,1120,EE,OC
16450,274555,176.185,38880,MBCV,1120,EC,MBCV
16451,340378,176.185,38882,BC,2708,AE,OC
16452,351082,176.185,38883,BC,4928,EC,OC
16453,228846,176.185,38884,SC,2735,AD,SC
16454,272704,176.185,38885,MBCV,1219,ME,MBCV
16455,305896,176.185,38887,BC,2726,CS,BC
16456,271564,176.185,38888,BCM,1210,CB,BCM
16457,296124,176.185,38889,BC,2723,EC,OC
16458,287874,176.185,38890,BC,1419,ME,OC
16459,321663,176.185,38891,MBCV,1233,CS,MBCV
16460,277420,176.185,38893,SC,2708,BM,SC
16461,269336,176.185,38895,BC,2710,ET,OC
16462,334813,176.18,38896,BC,2726,IT,BC
16463,248649,176.175,38900,BC,3465,CE,OC
16464,227990,176.175,38903,MBCDNC,1120,EC,MBCDNC
16465,210936,176.175,38906,MBCDNC,2719,CE,OC
16466,342618,176.175,38909,SC,2620,BT,OC
16467,286151,176.175,38911,BC,2725,EC,BC
16468,225885,176.175,38912,BC,2357,CS,OC
16469,290936,176.175,38913,BC,2618,EE,OC
16470,269643,176.175,38915,BC,1231,EC,BC
16471,317349,176.175,38916,SC,2615,CE,SC
16472,221830,176.175,38917,BC,2751,CS,BC
16473,249437,176.175,38918,BC,1422,EE,OC
16474,357783,176.175,38919,MBCV,2607,TX,OC
16475,234694,176.175,38920,BCM,2710,IT,BCM
16476,274608,176.175,38922,MBCDNC,2719,EE,MBCDNC
16477,326367,176.175,38923,BC,2354,CS,OC
16478,243160,176.175,38924,MBCV,2656,EC,OC
16479,345381,176.175,38925,MBCDNC,2369,ME,OC
16480,297064,176.175,38926,BC,4933,EC,OC
16481,305751,176.175,38928,SC,1211,AL,SC
16482,221809,176.175,38929,BC,2740,IT,OC
16483,234558,176.175,38930,MBCV,1216,AL,MBCV
16484,231125,176.175,38933,BC,1513,CS,OC
16485,355736,176.17,38935,SC,3805,FD,OC
16486,308533,176.165,38937,BC,2627,BT,OC
16487,201154,176.165,38938,MBCV,1231,EC,MBCV
16488,301354,176.165,38939,BC,2706,EI,OC
16489,362145,176.165,38940,BC,2762,EC,OC
16490,266038,176.165,38941,MBCDNC,2722,IC,MBCDNC
16491,351610,176.165,38943,BC,1408,IT,OC
16492,256821,176.165,38946,BC,3815,CS,OC
16493,277529,176.165,38947,BC,4964,MR,OC
16494,220726,176.165,38948,SC,3807,EC,OC
16495,325006,176.155,38950,BC,1113,ME,BC
16496,346322,176.155,38951,BC,2710,CD,BC
16497,253143,176.155,38952,BC,5009,EC,BC
16498,249158,176.155,38954,OC,3464,EE,OC
16499,224205,176.155,38957,BC,4959,EC,OC
16500,204819,176.155,38958,MBCDNC,3905,CS,OC
16501,220393,176.155,38959,MBCV,1306,AD,MBCV
16502,227832,176.155,38960,BC,5904,IT,OC
16503,336561,176.155,38961,BC,2723,EC,OC
16504,238706,176.155,38962,MBCDNC,3464,ME,OC
16505,367355,176.155,38963,BC,2734,IT,BC
16506,328974,176.155,38964,SC,3011,CS,SC
16507,208083,176.155,38965,MBC,1509,CS,OC
16508,343613,176.155,38967,BC,1307,CS,OC
16509,308431,176.155,38968,SC,2367,AD,OC
16510,222542,176.155,38970,MBCV,3801,IT,OC
16511,294413,176.155,38971,SC,5,EE,OC
16512,205694,176.15,38972,SC,1219,EE,SC
16513,221234,176.15,38976,MBCV,5,IT,MBCV
16514,284968,176.15,38977,BC,4965,CS,OC
16515,220353,176.15,38978,MBCV,2710,TS,MBCV
16516,233836,176.15,38979,MBCV,2704,CS,MBCV
16517,248786,176.15,38980,BCM,2736,AD,BCM
16518,234287,176.15,38981,BCM,1211,AU,OC
16519,232429,176.15,38982,SC,2718,IT,SC
16520,202629,176.145,38983,BC,1211,AU,OC
16521,214292,176.145,38989,MBCV,1110,CS,OC
16522,240614,176.145,38990,MBCDNC,3011,EE,OC
16523,268134,176.145,38991,SC,4974,EE,SC
16524,299319,176.145,38992,MBCDNC,5986,EE,MBCDNC
16525,204295,176.145,38993,BC,1442,CS,OC
16526,222997,176.145,38995,BC,2751,CS,BC
16527,201877,176.14,38996,BC,1231,EC,BC
16528,365360,176.14,38997,BC,1411,EC,OC
16529,224555,176.14,38998,SC,1414,IT,OC
16530,227336,176.14,38999,BC,4962,EE,BC
16531,209111,176.14,39000,BC,1231,EC,BC
16532,243255,176.14,39002,BC,2726,MZ,OC
16533,218742,176.14,39003,SC,2712,CE,SC
16534,202467,176.14,39004,SCA,2025,CS,SCA
16535,244317,176.135,39009,BC,1013,EC,OC
16536,267780,176.135,39010,BC,4023,EC,BC
16537,338443,176.135,39011,BC,1422,EE,OC
16538,206251,176.135,39013,MBCV,1114,CS,MBCV
16539,313267,176.135,39014,SC,4964,CS,OC
16540,219894,176.13,39016,BC,2726,AL,OC
16541,302734,176.13,39017,BCM,1219,AU,BCM
16542,350778,176.13,39018,BC,2650,ME,OC
16543,316761,176.13,39021,BC,4981,CS,OC
16544,226408,176.13,39025,BC,2609,EC,OC
16545,294852,176.13,39026,BC,4971,EE,OC
16546,248901,176.13,39028,BC,2723,IT,BC
16547,236400,176.13,39029,MBCDNC,2622,AD,OC
16548,228874,176.13,39030,BC,1450,ME,BC
16549,230971,176.13,39031,BC,2736,AD,BC
16550,222962,176.13,39032,BC,2702,CE,BC
16551,294202,176.13,39033,BC,2736,IT,BC
16552,295806,176.13,39036,MBCV,2729,EE,OC
16553,325518,176.12,39038,MBCDNC,1452,CS,OC
16554,247306,176.12,39043,BC,1110,CS,BC
16555,213290,176.12,39045,MBCDNC,2615,CE,MBCDNC
16556,264313,176.12,39047,BC,4959,EC,OC
16557,284913,176.12,39048,SC,5901,ME,SC
16558,204263,176.12,39050,MBCV,1311,IT,MBCV
16559,350464,176.12,39051,OC,1307,IT,OC
16560,240528,176.12,39052,SC,1211,AL,SC
16561,315656,176.12,39054,BC,4966,CS,OC
16562,207690,176.12,39055,BC,4959,AD,OC
16563,348149,176.12,39058,BC,4965,EC,OC
16564,215795,176.12,39059,BC,2706,EE,BC
16565,200950,176.12,39060,BC,2705,CS,OC
16566,278350,176.12,39061,MBCDNC,1118,IT,MBCDNC
16567,218968,176.12,39064,MBCV,3465,EE,MBCV
16568,265885,176.11,39066,MBC,5,IT,MBC
16569,270655,176.11,39067,BC,5,CS,BC
16570,243278,176.11,39069,MBCV,2653,CS,MBCV
16571,259169,176.11,39070,MBCDNC,5910,IT,MBCDNC
16572,345875,176.11,39071,MBCV,1416,BM,OC
16573,255938,176.11,39073,BC,5010,ME,OC
16574,240063,176.11,39074,BC,2776,AG,OC
16575,266206,176.11,39075,BC,1325,CS,OC
16576,226041,176.11,39076,SC,1211,AL,SC
16577,252816,176.11,39077,BC,2651,CS,OC
16578,218056,176.11,39079,MBCV,4960,AD,MBCV
16579,363008,176.11,39080,MBC,2706,EE,MBC
16580,333365,176.11,39084,BC,5910,EC,BC
16581,308047,176.11,39086,SC,2718,EC,SC
16582,309339,176.11,39088,MBCDNC,1225,IT,OC
16583,286892,176.11,39089,MBC,2755,FD,OC
16584,233564,176.1,39090,BC,1237,AD,BC
16585,224770,176.1,39093,BC,1307,IT,OC
16586,307718,176.1,39094,BC,3817,CS,OC
16587,262949,176.1,39096,SC,1026,CS,SC
16588,250937,176.1,39097,MBCDNC,1324,AD,MBCDNC
16589,258736,176.1,39099,MBCDNC,1112,EC,MBCDNC
16590,348794,176.1,39100,MBCV,4960,AD,MBCV
16591,301752,176.1,39101,BC,1231,EC,BC
16592,226006,176.1,39102,MBCDNC,2343,HT,MBCDNC
16593,352824,176.1,39103,BC,5902,IT,OC
16594,297606,176.1,39105,MBCV,1306,AD,MBCV
16595,349658,176.1,39106,BC,1207,AD,OC
16596,208655,176.1,39107,BC,2601,CS,BC
16597,316007,176.1,39108,BC,2708,CS,BC
16598,202360,176.095,39110,BC,1432,ME,OC
16599,353039,176.095,39112,OC,1304,ME,OC
16600,249434,176.095,39113,MBCV,1317,ME,OC
16601,273623,176.095,39115,BCM,4944,AD,OC
16602,228656,176.095,39117,SC,2750,BT,SC
16603,276083,176.095,39118,BC,2611,IT,OC
16604,258702,176.095,39123,BC,1419,ME,OC
16605,228708,176.095,39124,MBCV,1211,FD,MBCV
16606,330709,176.095,39125,OC,2708,EC,OC
16607,308971,176.095,39126,BC,2710,CD,BC
16608,225327,176.095,39127,BC,1127,CS,OC
16609,262165,176.095,39128,BC,4678,CE,OC
16610,326502,176.095,39129,SC,1211,EC,SC
16611,203692,176.095,39130,BC,1335,EC,OC
16612,331040,176.095,39131,SCA,2715,AG,OC
16613,284474,176.095,39132,BC,2706,EI,OC
16614,257248,176.095,39133,BC,4954,IT,OC
16615,271742,176.09,39134,BC,1217,CS,OC
16616,233170,176.09,39135,BC,2622,CS,BC
16617,245742,176.09,39136,BC,1325,CS,OC
16618,210905,176.09,39138,MBC,5,IT,MBC
16619,299794,176.09,39139,BC,1122,IT,BC
16620,272929,176.09,39141,SC,1422,EE,OC
16621,212277,176.09,39142,BC,2608,EC,BC
16622,203576,176.09,39143,BC,5,IT,BC
16623,293873,176.085,39146,BC,3826,EC,OC
16624,261928,176.085,39147,BC,1317,EE,BC
16625,221656,176.085,39148,MBCV,1216,EC,MBCV
16626,251789,176.085,39149,MBCDNC,5910,IT,MBCDNC
16627,280859,176.085,39152,MBCDNC,5,CS,MBCDNC
16628,346097,176.085,39153,SC,1516,EE,SC
16629,281441,176.085,39154,BC,1014,CS,BC
16630,252803,176.085,39156,MBCV,1128,EC,MBCV
16631,367044,176.085,39157,BC,3454,CS,OC
16632,339823,176.08333,39157A,SC,1419,CS,SC
16633,292749,176.08,39159,BC,2702,ME,BC
16634,266761,176.08,39160,MBCDNC,4024,EC,OC
16635,265972,176.08,39162,MBCDNC,2369,EC,MBCDNC
16636,256553,176.08,39163,BC,3819,CB,OC
16637,203661,176.075,39165,BC,2727,BT,BC
16638,274846,176.075,39171,BC,3465,EE,BC
16639,246689,176.075,39173,BC,2727,EC,BC
16640,298621,176.075,39176,BC,2711,ME,OC
16641,208390,176.075,39179,BC,1307,CS,BC
16642,319642,176.075,39181,OC,4981,ME,OC
16643,238301,176.065,39188,BC,4965,CS,OC
16644,201368,176.065,39190,OC,5904,EC,OC
16645,362026,176.065,39193,BC,2764,ME,OC
16646,231864,176.065,39194,MBC,1114,CS,MBC
16647,284935,176.065,39195,BC,2715,CS,OC
16648,239263,176.065,39196,MBCDNC,4020,GI,OC
16649,288583,176.065,39197,MBCDNC,4960,EE,MBCDNC
16650,373683,176.065,39199,SC,1316,CH,OC
16651,261936,176.065,39200,SC,2707,CD,OC
16652,244463,176.065,39201,BCM,2725,CS,BCM
16653,234677,176.065,39204,BC,1419,EI,BC
16654,308830,176.065,39205,BC,4931,EE,OC
16655,205391,176.065,39207,MBCV,2710,EC,MBCV
16656,274655,176.065,39208,MBCDNC,2741,CS,MBCDNC
16657,258293,176.065,39209,BC,2739,ME,OC
16658,268836,176.065,39210,BC,2711,MZ,BC
16659,285052,176.065,39212,MBCDNC,2719,CE,OC
16660,298574,176.065,39213,BC,1013,CS,BC
16661,227610,176.065,39214,BC,5910,EC,BC
16662,234960,176.065,39216,BC,2607,IT,OC
16663,258725,176.065,39217,BCM,2711,EE,BCM
16664,293891,176.065,39218,BC,3830,IT,BC
16665,270001,176.065,39220,MBCDNC,1122,CS,MBCDNC
16666,233653,176.065,39224,BC,3011,EE,BC
16667,262723,176.065,39225,SC,1211,EC,SC
16668,221594,176.065,39226,SC,2603,EC,SC
16669,302078,176.06,39228,BC,1114,CS,BC
16670,259528,176.06,39229,MBC,2708,CS,MBC
16671,337105,176.06,39230,BC,2706,EE,BC
16672,265762,176.055,39232,BC,2723,ME,OC
16673,269591,176.055,39233,BCM,2706,IT,BCM
16674,306565,176.055,39234,MBCV,3810,IT,OC
16675,275517,176.055,39235,BC,2702,CE,BC
16676,204872,176.055,39236,BC,1317,CH,OC
16677,216051,176.05,39237,BC,1237,AD,BC
16678,261635,176.05,39238,BC,1211,CE,BC
16679,267154,176.045,39239,BC,2711,ME,OC
16680,287825,176.045,39240,BC,2725,EC,BC
16681,227558,176.045,39242,BC,1231,EC,BC
16682,344074,176.045,39244,BCM,1120,EC,BCM
16683,274044,176.045,39245,BC,2726,AG,OC
16684,366110,176.045,39246,BC,5,AM,BC
16685,220071,176.045,39247,SCA,1315,EE,SCA
16686,371557,176.045,39248,BC,1013,IT,BC
16687,323197,176.045,39251,SC,4023,XC,OC
16688,214218,176.045,39252,BC,5022,CS,BC
16689,280625,176.045,39254,BC,4678,EC,BC
16690,218550,176.045,39255,BC,4024,CE,OC
16691,276663,176.045,39256,MBCV,1432,EC,MBCV
16692,210519,176.045,39257,BC,4962,ME,OC
16693,352669,176.045,39258,BC,2643,EC,OC
16694,334307,176.045,39259,BC,4999,CS,OC
16695,339496,176.045,39260,MBCV,1412,EC,OC
16696,345998,176.045,39261,MBCV,2345,CE,OC
16697,208638,176.045,39262,BC,1149,EC,BC
16698,223012,176.045,39263,SC,1419,IT,SC
16699,267722,176.045,39264,BC,2741,CS,BC
16700,205363,176.045,39266,SC,2768,AO,OC
16701,231265,176.045,39267,OC,1101,CS,OC
16702,372247,176.045,39268,SC,2739,EC,SC
16703,297355,176.045,39270,MBCDNC,2740,AD,OC
16704,341480,176.045,39271,MBCDNC,1401,IT,OC
16705,263490,176.04,39276,SC,2630,CS,OC
16706,353655,176.04,39277,BCM,2743,EE,OC
16707,215246,176.04,39278,BC,1311,EC,BC
16708,232035,176.04,39283,OC,2750,EC,OC
16709,348174,176.035,39285,BC,2727,EC,BC
16710,293522,176.035,39287,BC,2710,EE,OC
16711,247933,176.035,39288,BC,1317,CH,OC
16712,216791,176.035,39290,BC,1422,EE,OC
16713,259446,176.035,39292,MBC,2708,EE,OC
16714,319803,176.035,39293,SCA,2707,CJ,OC
16715,265257,176.035,39297,BC,4971,EC,BC
16716,359252,176.03,39299,BC,2715,IT,OC
16717,306575,176.03,39301,BC,5904,EC,OC
16718,262895,176.03,39302,BC,2715,AG,OC
16719,231981,176.03,39303,BC,4955,IT,BC
16720,218421,176.03,39304,BC,2722,IC,BC
16721,238463,176.03,39306,BC,2622,CS,BC
16722,272363,176.03,39308,MBCDNC,5009,EC,MBCDNC
16723,204610,176.03,39310,SC,1432,CS,SC
16724,315290,176.03,39311,BC,2349,CS,OC
16725,252581,176.03,39312,BC,5910,EC,BC
16726,360946,176.03,39313,OC,1120,EE,OC
16727,274643,176.025,39314,MBC,1401,ME,OC
16728,248734,176.025,39315,BC,2708,CS,BC
16729,236774,176.02,39317,BC,3826,AG,OC
16730,240671,176.02,39318,MBC,1112,EC,MBC
16731,299285,176.02,39319,MBCV,1322,CS,OC
16732,253479,176.02,39321,SC,5,CE,OC
16733,284709,176.02,39324,BC,4974,ME,BC
16734,259691,176.015,39325,MBCV,1014,IT,MBCV
16735,290755,176.015,39326,BC,5904,IT,OC
16736,272640,176.015,39327,SC,5901,CE,SC
16737,235196,176.01,39328,BC,1210,EE,BC
16738,249795,176.01,39329,BC,1219,MR,BC
16739,207705,176.01,39330,BC,1307,IT,OC
16740,262387,176.01,39332,BC,2725,EC,BC
16741,260613,176.01,39333,MBCDNC,1210,EC,MBCDNC
16742,369516,176.01,39337,BC,5530,CS,OC
16743,277461,176.01,39339,MBCV,1231,AD,MBCV
16744,285800,176.01,39342,BC,1306,EC,OC
16745,310791,176.01,39343,BC,2719,AE,BC
16746,231518,176.01,39344,MBCDNC,5,CS,MBCDNC
16747,212756,176.01,39346,BC,1307,CS,BC
16748,258776,176.01,39348,BC,2709,ME,BC
16749,200229,176.01,39349,SC,2718,IT,SC
16750,330902,176.01,39350,BCM,2620,BM,OC
16751,212455,176.01,39351,BC,1442,AD,OC
16752,316523,176.01,39353,BC,2607,AD,BC
16753,322268,176.01,39354,BC,1026,EE,OC
16754,276475,176.01,39360,BC,2707,EC,OC
16755,260651,176.01,39361,BC,2702,ME,BC
16756,220057,176.01,39362,BC,1120,EI,OC
16757,307868,176.01,39366,BC,4670,CS,OC
16758,237283,176,39369,MBCDNC,3011,EC,MBCDNC
16759,298955,176,39370,BC,2744,CS,OC
16760,269025,176,39371,MBCDNC,1516,EC,MBCDNC
16761,339434,176,39372,SC,2,CR,SC
16762,206646,176,39373,BC,2708,CS,BC
16763,364516,176,39374,MBCDNC,1306,CS,MBCDNC
16764,223482,176,39375,MBCV,1113,CE,MBCV
16765,361965,176,39376,MBCDNC,2722,CE,OC
16766,300693,176,39380,MBCV,2702,CB,MBCV
16767,267999,176,39382,BC,2702,ME,BC
16768,305577,176,39383,BC,1450,ME,BC
16769,202119,176,39385,BC,1216,EE,OC
16770,332615,176,39387,MBC,1419,MU,OC
16771,222411,176,39388,BC,2702,ME,BC
16772,271115,176,39389,BC,5904,IT,OC
16773,215023,176,39394,OC,5022,EC,OC
16774,229543,176,39397,MBCDNC,3011,EC,MBCDNC
16775,282257,176,39401,BC,4917,CS,OC
16776,255512,176,39403,BC,2723,EC,OC
16777,303200,176,39407,OC,2734,AD,OC
16778,334348,176,39413,MBCV,1149,IT,MBCV
16779,299461,176,39415,BC,2719,CE,OC
16780,201606,176,39416,MBCV,1120,AD,MBCV
16781,294398,176,39417,BC,4965,CS,BC
16782,259212,176,39420,BCM,2710,IT,BCM
16783,304601,176,39422,BC,1026,EE,OC
16784,336523,176,39423,BC,2601,CS,BC
16785,321058,176,39426,SC,2369,CS,SC
16786,318023,176,39427,BC,3830,EC,OC
16787,336542,176,39428,BC,4959,CS,BC
16788,278804,176,39429,BC,1140,AD,BC
16789,313454,176,39432,BC,2711,ME,BC
16790,204125,176,39436,BC,2707,CS,OC
16791,322668,176,39444,MBCV,2725,CS,MBCV
16792,337756,176,39445,BC,2608,EC,BC
16793,282572,176,39452,MBCDNC,1211,BT,MBCDNC
16794,231114,176,39454,BC,2751,IT,BC
16795,344737,176,39460,BC,2608,CB,BC
16796,230460,176,39461,BC,2369,EE,BC
16797,202365,176,39462,MBC,2623,CS,OC
16798,281534,176,39464,MBCV,1399,CE,MBCV
16799,271379,176,39466,BC,1210,EE,BC
16800,306919,176,39468,BC,1408,CS,OC
16801,244427,176,39473,OC,1218,CS,OC
16802,299368,176,39475,BC,1317,CH,OC
16803,334259,176,39476,BC,2723,EC,OC
16804,202786,176,39477,BC,1149,EC,BC
16805,231382,176,39481,MBCV,1219,ME,MBCV
16806,327479,176,39483,SC,2006,FY,SC
16807,300803,176,39486,BC,1419,ME,OC
16808,284374,176,39489,ST,1315,IT,ST
16809,318905,176,39493,MBC,1237,CS,MBC
16810,278102,176,39494,BC,5910,EC,BC
16811,362942,176,39495,BC,1233,AD,OC
16812,286432,176,39498,OC,1509,CS,OC
16813,207077,176,39504,MBCDNC,1026,EC,MBCDNC
16814,328762,176,39509,BC,1419,EI,BC
16815,245129,176,39510,SC,2709,EC,SC
16816,313582,176,39518,MBCDNC,1149,EC,MBCDNC
16817,283154,176,39520,BCM,3819,CS,BCM
16818,365192,176,39523,BC,1317,EE,BC
16819,301288,176,39525,OC,2719,CE,OC
16820,297463,176,39530,MBCDNC,4020,GI,OC
16821,279714,176,39531,BC,1237,IT,BC
16822,362166,176,39532,SC,2,CR,SC
16823,357483,176,39533,BC,3830,IT,BC
16824,331506,176,39534,BC,1149,EC,BC
16825,282969,176,39535,BC,1303,CS,OC
16826,277574,176,39537,SC,2702,CS,SC
16827,365337,176,39539,MBCDNC,1210,AD,MBCDNC
16828,311640,176,39542,BC,1231,EC,BC
16829,304374,176,39544,SC,1211,EC,SC
16830,300927,176,39547,BC,1218,CS,OC
16831,270043,176,39548,BC,1114,CS,BC
16832,281786,176,39558,MBCDNC,1149,EC,MBCDNC
16833,266036,176,39562,MBCDNC,1211,BT,MBCDNC
16834,231581,175.995,39563,BC,1419,CE,OC
16835,249621,175.995,39564,MBCDNC,5910,CB,MBCDNC
16836,307003,175.995,39566,BC,2740,CS,OC
16837,204228,175.995,39567,BC,2653,CS,BC
16838,228289,175.995,39568,BC,1216,CE,OC
16839,309503,175.995,39569,MBCDNC,2708,MZ,OC
16840,327429,175.99,39571,BC,1118,EC,BC
16841,265318,175.99,39572,BC,2607,EE,OC
16842,287170,175.99,39573,MBCV,2609,IT,OC
16843,248171,175.99,39574,BC,4023,IT,BC
16844,339714,175.99,39575,BC,2734,EC,OC
16845,274028,175.99,39576,OC,2618,EE,OC
16846,202865,175.99,39578,BC,2761,AD,OC
16847,234445,175.99,39579,BC,3830,AD,OC
16848,337110,175.99,39580,SC,2708,BM,SC
16849,330280,175.99,39581,MBC,4955,IT,MBC
16850,264192,175.99,39582,MBCV,2369,ME,OC
16851,366777,175.99,39584,BC,4960,CE,OC
16852,328941,175.99,39585,BC,1013,EC,OC
16853,222980,175.99,39586,MBC,2025,ME,MBC
16854,241253,175.985,39587,MBCDNC,2329,AD,OC
16855,232836,175.98,39589,BC,1419,CE,OC
16856,216685,175.98,39590,BC,1452,CS,OC
16857,258664,175.98,39592,MBCDNC,2369,EE,MBCDNC
16858,366262,175.98,39593,BC,4975,EC,OC
16859,285880,175.975,39595,BC,2651,CS,OC
16860,228885,175.975,39596,MBC,2722,ME,OC
16861,334093,175.975,39597,BC,1237,AD,BC
16862,344112,175.975,39598,MBCV,2743,EC,OC
16863,301753,175.975,39599,BC,2750,BT,BC
16864,231561,175.975,39600,MBCV,1210,CO,MBCV
16865,205977,175.975,39601,BC,2702,ME,BC
16866,329873,175.975,39602,SC,3805,IT,OC
16867,320436,175.975,39603,SCA,2718,CS,SCA
16868,227375,175.975,39604,BC,3807,CS,OC
16869,214838,175.975,39607,OC,2620,IT,OC
16870,326394,175.97,39609,MBC,1441,CS,OC
16871,300825,175.97,39610,SC,1026,CS,SC
16872,248933,175.97,39611,MBCDNC,4680,CS,OC
16873,254946,175.97,39613,BC,4959,IT,BC
16874,224692,175.97,39614,BC,2736,AD,BC
16875,273655,175.97,39615,MBCDNC,1450,ME,MBCDNC
16876,242131,175.97,39616,BC,5907,CS,OC
16877,220506,175.97,39617,MBCV,3465,EE,MBCV
16878,274170,175.965,39618,ST,1126,AD,OC
16879,211102,175.965,39619,BC,3701,CS,BC
16880,216704,175.965,39622,BC,4959,CS,BC
16881,323368,175.965,39623,BC,1317,EI,BC
16882,210215,175.965,39624,MBC,1304,EE,MBC
16883,350844,175.965,39625,BC,2745,EC,OC
16884,322642,175.965,39626,BC,2369,EE,BC
16885,278462,175.965,39628,BC,3830,IT,BC
16886,239951,175.965,39630,BC,2736,BM,OC
16887,301916,175.965,39631,BC,4972,CS,OC
16888,219956,175.955,39632,BC,5910,EC,BC
16889,238109,175.955,39633,BC,1210,EE,BC
16890,309502,175.955,39635,BC,2751,CS,BC
16891,259731,175.955,39636,BC,3018,CS,OC
16892,298846,175.955,39638,BC,4917,EC,OC
16893,361389,175.955,39639,BC,2601,BM,OC
16894,213576,175.955,39640,BC,3819,CB,OC
16895,335205,175.955,39641,SC,5502,CS,OC
16896,272587,175.955,39643,BC,2741,EC,OC
16897,235759,175.955,39644,BC,4678,AD,BC
16898,215869,175.955,39645,BC,2721,CS,OC
16899,331148,175.955,39646,BC,4676,EC,OC
16900,257876,175.955,39647,BC,5022,CS,BC
16901,355530,175.955,39652,BC,2610,CS,OC
16902,303670,175.955,39653,MBC,2609,AG,OC
16903,361023,175.955,39654,BC,2721,CS,OC
16904,232901,175.955,39655,BC,1317,ME,OC
16905,213724,175.955,39656,BC,3011,PC,OC
16906,344417,175.955,39659,BC,2715,EC,OC
16907,252264,175.95,39662,BC,1013,EC,OC
16908,233519,175.95,39663,MBCDNC,1237,AD,MBCDNC
16909,260916,175.945,39664,BCM,5904,IT,OC
16910,220568,175.945,39665,BC,1128,ME,OC
16911,292746,175.945,39666,BC,3830,AD,OC
16912,260745,175.945,39667,SC,1113,CS,SC
16913,251710,175.945,39668,BC,4678,EC,BC
16914,247796,175.945,39669,BC,2357,CS,OC
16915,260182,175.945,39670,BC,3011,CE,OC
16916,297420,175.945,39673,BC,1015,CS,BC
16917,224208,175.94,39676,SC,1419,IC,SC
16918,319306,175.935,39677,MBCDNC,4955,EE,OC
16919,360892,175.935,39678,MBCV,1231,IT,MBCV
16920,224851,175.935,39679,BC,1414,CS,OC
16921,239938,175.935,39681,BC,5904,IT,OC
16922,225023,175.935,39682,BC,1218,PH,OC
16923,297797,175.935,39683,SC,2620,EC,OC
16924,351169,175.935,39684,BC,2743,EC,OC
16925,223790,175.935,39685,MBC,2708,IT,MBC
16926,221577,175.935,39686,BC,1149,EC,BC
16927,290825,175.935,39687,SC,3465,CE,OC
16928,296778,175.935,39688,BC,2727,EC,BC
16929,280062,175.935,39689,SC,2369,CS,SC
16930,352228,175.935,39690,BC,5017,CS,OC
16931,237463,175.935,39691,MBCDNC,2734,CS,MBCDNC
16932,215562,175.93,39693,MBCV,1325,CS,OC
16933,372013,175.93,39697,MBCV,2618,EC,MBCV
16934,296218,175.925,39700,BC,2723,BM,BC
16935,345566,175.925,39701,BC,4957,CS,OC
16936,313928,175.925,39702,BC,2764,ME,OC
16937,318530,175.925,39703,MBCDNC,2628,AD,OC
16938,367971,175.925,39705,BC,3410,CS,OC
16939,309197,175.925,39706,MBC,2735,EC,OC
16940,245820,175.925,39707,BC,1110,CS,BC
16941,209674,175.925,39708,ST,4,AU,ST
16942,308992,175.925,39711,MBCV,2708,IT,MBCV
16943,225563,175.925,39712,BC,1317,CH,OC
16944,247877,175.925,39714,BC,2618,EE,OC
16945,307513,175.925,39716,BC,2608,AD,BC
16946,243198,175.925,39717,BC,1422,EI,OC
16947,308330,175.92,39720,BC,2702,TX,OC
16948,252336,175.92,39721,BC,4955,IT,BC
16949,244451,175.92,39722,BC,1014,CS,BC
16950,203413,175.92,39723,BCM,4023,ME,OC
16951,242140,175.92,39724,SC,4974,CE,SC
16952,227595,175.92,39725,BC,5986,CE,OC
16953,311324,175.92,39726,MBC,5904,EC,OC
16954,251984,175.92,39727,BC,4960,ME,BC
16955,367484,175.92,39730,MBCDNC,2656,CE,OC
16956,289187,175.92,39732,BCM,2702,BM,BCM
16957,227325,175.92,39733,BC,2643,CS,OC
16958,211235,175.92,39734,MBCDNC,5910,AD,MBCDNC
16959,350425,175.92,39736,SC,1210,AD,SC
16960,261319,175.915,39741,SC,2603,EC,SC
16961,234293,175.915,39742,BC,1304,ME,OC
16962,265223,175.91,39743,BCM,2643,EC,OC
16963,294675,175.91,39744,BC,1210,EE,BC
16964,211856,175.91,39745,MBC,1414,CS,OC
16965,227706,175.91,39746,MBCV,2704,CS,MBCV
16966,360759,175.9,39749,SC,1116,EC,OC
16967,261692,175.9,39751,SCA,2712,CS,SCA
16968,315071,175.9,39752,BC,3807,IT,OC
16969,224822,175.9,39753,BC,2708,IT,BC
16970,320269,175.9,39755,BC,2751,CS,BC
16971,278756,175.9,39758,MBCDNC,1324,CO,MBCDNC
16972,255290,175.9,39761,MBCDNC,5,CS,MBCDNC
16973,292038,175.9,39762,BC,4974,ME,BC
16974,258829,175.9,39763,BC,2722,IC,BC
16975,352085,175.9,39764,SC,1229,EE,OC
16976,241126,175.9,39766,BC,1149,EC,BC
16977,343404,175.9,39769,SC,2329,AD,OC
16978,344276,175.9,39770,BC,3819,EC,BC
16979,310486,175.9,39773,MBCDNC,1505,CS,OC
16980,305497,175.9,39775,BC,4024,EC,OC
16981,262232,175.9,39776,BC,4678,EC,BC
16982,348373,175.9,39779,OC,5,CE,OC
16983,293567,175.9,39782,BC,1216,EC,BC
16984,231727,175.89,39783,MBCV,1149,IT,MBCV
16985,219500,175.89,39785,BC,4971,IT,BC
16986,235315,175.89,39786,BC,2328,BM,OC
16987,322704,175.89,39787,BC,5022,CS,BC
16988,285729,175.89,39788,BC,1126,RM,OC
16989,326471,175.89,39789,MBCDNC,2719,EE,MBCDNC
16990,259233,175.89,39790,MBCV,3011,EE,MBCV
16991,298948,175.89,39791,BC,1231,EC,BC
16992,207002,175.89,39793,BC,4959,CS,BC
16993,300330,175.89,39794,BC,3819,EC,BC
16994,217757,175.89,39795,BC,1026,EE,OC
16995,312657,175.89,39796,BC,2607,IT,OC
16996,329084,175.89,39797,MBC,1317,EE,MBC
16997,307343,175.89,39798,BC,3011,EE,BC
16998,337956,175.89,39800,ST,2347,EC,OC
16999,319460,175.89,39801,BC,2727,EC,BC
17000,349894,175.89,39802,MBCV,2706,IT,MBCV
17001,234732,175.89,39803,BC,5904,EC,OC
17002,221564,175.89,39805,BC,2709,ME,BC
17003,233149,175.885,39806,MBCV,1325,CS,OC
17004,298733,175.885,39807,BC,1413,AD,OC
17005,232453,175.885,39808,OC,2740,AD,OC
17006,348760,175.885,39810,BC,1409,BT,OC
17007,252219,175.885,39812,MBCV,2719,EC,MBCV
17008,259409,175.875,39816,BC,2719,CE,OC
17009,315780,175.87,39822,BC,2752,CS,OC
17010,346865,175.87,39823,BC,1013,EC,BC
17011,373097,175.87,39824,OC,4959,EC,OC
17012,342053,175.87,39825,MBCV,5,AM,MBCV
17013,209112,175.87,39826,BC,1317,ME,OC
17014,241973,175.87,39828,MBCV,1231,CB,MBCV
17015,200485,175.87,39829,BC,5022,CS,BC
17016,205932,175.87,39830,SC,1419,CJ,SC
17017,298222,175.87,39831,BC,2609,EC,OC
17018,266811,175.87,39832,BC,1207,CS,OC
17019,254498,175.87,39833,BC,2764,EE,BC
17020,213176,175.87,39834,BC,1317,CH,OC
17021,217459,175.87,39836,BC,1422,AG,OC
17022,232451,175.87,39837,BC,3701,CE,OC
17023,275255,175.87,39838,BC,2761,CS,OC
17024,300759,175.87,39839,BC,4678,AD,BC
17025,271884,175.87,39844,BC,5910,EC,BC
17026,243320,175.87,39845,BCM,2711,MZ,BCM
17027,309583,175.865,39849,MBC,2710,CD,MBC
17028,224869,175.865,39850,MBCDNC,2618,BM,OC
17029,250869,175.865,39852,MBCDNC,5,CS,MBCDNC
17030,361282,175.865,39853,MBCDNC,1414,CS,MBCDNC
17031,228741,175.865,39855,BC,5910,EC,BC
17032,261926,175.865,39857,BC,2707,IT,OC
17033,205762,175.865,39858,BC,2734,EC,OC
17034,265746,175.865,39859,BC,4023,IT,BC
17035,263659,175.865,39860,MBCDNC,3830,IT,MBCDNC
17036,272183,175.865,39861,BC,2711,MZ,BC
17037,204128,175.865,39862,SC,1317,EC,SC
17038,342920,175.865,39864,MBC,2725,EE,OC
17039,358652,175.865,39865,MBCV,2748,CS,OC
17040,298114,175.865,39867,BC,3833,CS,OC
17041,223620,175.86,39868,BC,2613,IT,OC
17042,220912,175.86,39869,BC,4675,EC,OC
17043,236626,175.86,39870,BC,1211,CH,BC
17044,229220,175.86,39871,BC,2708,FD,OC
17045,214148,175.86,39872,BC,4960,CE,OC
17046,339374,175.86,39873,BC,2614,CS,OC
17047,334404,175.86,39874,BC,2751,AD,OC
17048,228619,175.855,39875,BC,4864,CS,OC
17049,234037,175.855,39877,BC,2711,MZ,BC
17050,226544,175.855,39878,BC,1324,EE,BC
17051,211163,175.855,39879,BC,2711,MZ,BC
17052,275499,175.855,39880,BC,2715,BM,OC
17053,237144,175.855,39885,MBCV,1306,IT,MBCV
17054,234045,175.855,39887,BC,1211,CE,BC
17055,238269,175.855,39890,MBC,2622,CS,MBC
17056,335758,175.855,39892,BC,5,AM,BC
17057,208614,175.855,39894,BC,2607,CS,BC
17058,215688,175.855,39895,BC,5910,EC,BC
17059,249483,175.855,39896,BC,1140,IT,BC
17060,317386,175.85,39899,BC,1237,EC,OC
17061,265307,175.845,39901,OC,2715,EC,OC
17062,248868,175.845,39902,OC,2708,FD,OC
17063,309595,175.845,39903,MBCDNC,2745,AD,OC
17064,208794,175.845,39904,BC,2601,IT,OC
17065,241496,175.845,39905,BC,3825,EC,OC
17066,216285,175.845,39906,BC,3830,IT,BC
17067,276231,175.845,39910,BC,2328,EC,OC
17068,289605,175.845,39911,SC,2006,MS,SC
17069,248976,175.845,39912,BC,2651,EC,OC
17070,298705,175.845,39914,OC,1322,CS,OC
17071,238062,175.845,39915,OC,5910,BM,OC
17072,281463,175.845,39917,MBCDNC,1128,AD,MBCDNC
17073,341948,175.845,39918,MBCV,1013,IT,MBCV
17074,258298,175.845,39919,BC,1013,CS,BC
17075,297782,175.835,39920,BC,2608,EC,BC
17076,257953,175.835,39921,BC,4954,EC,OC
17077,274894,175.835,39922,SC,1211,AL,SC
17078,241101,175.835,39923,BC,5912,CS,OC
17079,299168,175.835,39924,BC,2608,EC,BC
17080,297474,175.835,39926,BC,5902,CE,OC
17081,278434,175.835,39928,BC,4023,EC,BC
17082,307598,175.835,39929,MBCV,3021,CS,OC
17083,274293,175.835,39932,BC,3830,EC,OC
17084,333288,175.835,39933,BC,2715,EC,OC
17085,217617,175.835,39934,BC,2607,FD,OC
17086,201033,175.835,39935,BC,1118,CB,BC
17087,253280,175.835,39938,BC,1419,ME,OC
17088,294860,175.835,39939,BC,2610,CS,OC
17089,251195,175.835,39940,MBC,3465,CE,OC
17090,304052,175.835,39941,BC,4959,CS,BC
17091,316681,175.835,39942,MBCV,1126,BM,OC
17092,216634,175.835,39943,BC,4960,ME,BC
17093,237984,175.83,39945,BC,5530,CS,OC
17094,226840,175.83,39946,MBCDNC,2314,EE,OC
17095,204837,175.825,39949,SC,2377,CE,SC
17096,252589,175.825,39950,BC,1225,CS,OC
17097,245344,175.825,39953,BC,1311,AD,BC
17098,200633,175.825,39954,BC,2708,CS,BC
17099,221843,175.825,39955,BC,4917,BM,OC
17100,323045,175.825,39957,SC,2718,EC,SC
17101,277964,175.825,39958,BC,4960,ME,BC
17102,246212,175.825,39959,MBCV,1114,CS,MBCV
17103,363651,175.825,39962,SC,2627,BT,OC
17104,211806,175.825,39963,BC,5022,CS,BC
17105,284860,175.825,39964,BC,1120,EI,OC
17106,241683,175.825,39965,BC,3011,CE,OC
17107,242611,175.825,39966,BC,1149,EC,BC
17108,237098,175.825,39968,MBC,1413,CS,MBC
17109,256858,175.82,39969,MBC,2618,EE,OC
17110,351839,175.82,39970,BC,2329,AD,OC
17111,316197,175.82,39972,MBCDNC,2618,EC,MBCDNC
17112,251672,175.815,39978,MBCV,2718,CE,MBCV
17113,201849,175.815,39979,MBC,2734,AD,OC
17114,212310,175.815,39980,SC,1321,PA,SC
17115,299887,175.815,39981,BC,3819,EC,BC
17116,256250,175.815,39983,MBCV,1128,EC,MBCV
17117,223274,175.815,39985,SC,1210,AD,SC
17118,217803,175.815,39986,OC,1106,CS,OC
17119,212017,175.815,39987,MBCV,2719,CJ,MBCV
17120,209148,175.815,39988,BC,2711,MZ,BC
17121,325118,175.815,39990,BCM,1424,AD,OC
17122,346056,175.815,39991,BC,1013,IT,BC
17123,203758,175.815,39996,OC,2740,CS,OC
17124,340007,175.815,39997,BC,3795,EC,OC
17125,354124,175.815,39998,MBCDNC,3813,IT,OC
17126,240822,175.81,39999,MBCV,2345,CS,OC
17127,285489,175.81,40000,BCM,2711,ME,BCM
17128,359491,175.81,40001,MBC,2708,AE,OC
17129,333686,175.81,40002,SCA,2661,CS,OC
17130,225352,175.81,40003,BC,2736,EC,OC
17131,351671,175.81,40005,BCM,3849,IT,OC
17132,333150,175.81,40006,BC,4944,CS,OC
17133,295554,175.81,40009,BC,2750,BT,BC
17134,329073,175.81,40010,BC,1118,EC,BC
17135,261671,175.81,40012,SC,2711,IT,SC
17136,223048,175.81,40013,MBC,1311,IT,MBC
17137,339569,175.81,40014,MBC,1413,EC,OC
17138,222232,175.81,40015,MBCV,1014,CS,MBCV
17139,258056,175.81,40016,BC,1317,ME,OC
17140,332319,175.81,40019,BCM,1306,IT,BCM
17141,287172,175.81,40021,BC,3701,AD,OC
17142,264382,175.805,40023,BC,1110,CS,BC
17143,219950,175.805,40024,MBCV,2618,BM,OC
17144,260917,175.805,40025,MBCDNC,2615,CE,MBCDNC
17145,352751,175.805,40026,BC,4978,BM,OC
17146,329914,175.805,40027,BC,2641,EC,OC
17147,213595,175.8,40028,MBC,4962,CS,MBC
17148,278092,175.8,40029,BC,2302,BM,OC
17149,215607,175.8,40031,BC,1149,EC,BC
17150,352332,175.8,40032,BC,2725,EC,BC
17151,270144,175.8,40033,SC,1520,CS,OC
17152,309885,175.8,40034,MBCV,2719,EC,MBCV
17153,288066,175.8,40036,BC,2653,IT,BC
17154,288708,175.795,40037,MBCDNC,2764,EC,MBCDNC
17155,304992,175.795,40038,MBCDNC,5910,IT,MBCDNC
17156,211525,175.795,40039,BCM,2642,IT,OC
17157,347828,175.795,40041,BC,1413,ME,OC
17158,218019,175.79,40042,BC,1306,EC,OC
17159,281216,175.79,40044,BCM,3830,CS,BCM
17160,307014,175.79,40045,MBCV,1013,EC,MBCV
17161,228130,175.79,40046,BC,2723,EC,OC
17162,212600,175.79,40048,BC,2751,CS,BC
17163,352931,175.79,40051,MBCV,2618,EE,MBCV
17164,298124,175.79,40053,BC,4974,ME,BC
17165,272658,175.79,40056,BC,1118,EC,BC
17166,285403,175.79,40058,BC,2610,CS,OC
17167,218280,175.79,40059,MBCDNC,2618,EE,MBCDNC
17168,345340,175.79,40061,MBCV,1412,EC,OC
17169,222356,175.78,40062,MBCV,1424,AD,OC
17170,339711,175.78,40063,BC,2609,CS,OC
17171,321414,175.78,40064,BC,3464,EE,OC
17172,246323,175.78,40065,BC,2726,IT,BC
17173,246806,175.78,40066,MBC,4965,BM,OC
17174,252746,175.78,40067,BC,2608,EC,BC
17175,270304,175.78,40068,BC,1324,EE,BC
17176,218503,175.78,40070,BC,5865,CS,OC
17177,282607,175.78,40071,MBCV,1422,EC,MBCV
17178,258457,175.78,40072,MBCDNC,2739,EC,MBCDNC
17179,209039,175.78,40074,BC,2708,IT,BC
17180,285418,175.78,40077,MBCV,1219,CH,MBCV
17181,276296,175.78,40078,SC,1113,CS,SC
17182,299878,175.78,40080,BC,3819,EC,BC
17183,249448,175.78,40081,MBCV,2618,EC,MBCV
17184,341688,175.78,40084,BC,5532,EE,OC
17185,302563,175.78,40085,BCM,3803,CS,BCM
17186,266310,175.78,40086,BCM,1311,AD,BCM
17187,312973,175.78,40087,MBCV,2739,EC,MBCV
17188,261929,175.78,40088,BC,1432,ME,OC
17189,355999,175.78,40089,MBCV,2641,EE,OC
17190,233715,175.78,40090,SC,1422,AD,SC
17191,215906,175.78,40091,BC,5022,CS,BC
17192,308728,175.775,40092,BC,2711,ME,BC
17193,324133,175.775,40093,BC,3461,CS,OC
17194,207310,175.775,40094,MBCDNC,2727,CS,MBCDNC
17195,295288,175.775,40095,BC,2607,IT,OC
17196,314560,175.77,40096,OC,4024,EC,OC
17197,330350,175.77,40097,BC,2745,CS,OC
17198,373565,175.77,40099,BC,2750,AD,BC
17199,254422,175.77,40101,MBCDNC,5910,AD,MBCDNC
17200,257092,175.765,40103,BC,1509,CS,OC
17201,316084,175.765,40104,MBCV,1414,CE,OC
17202,231423,175.76,40107,BC,2750,CB,OC
17203,285777,175.76,40108,MBCDNC,1419,EE,MBCDNC
17204,350804,175.76,40109,MBCV,4962,CS,MBCV
17205,254551,175.76,40110,SC,3464,CS,SC
17206,241275,175.76,40111,MBC,3826,BM,OC
17207,229764,175.76,40112,MBCV,1211,CE,MBCV
17208,329705,175.76,40113,MBCDNC,1307,CS,MBCDNC
17209,224857,175.76,40114,MBCV,1210,CO,MBCV
17210,256831,175.76,40115,BC,1013,EC,BC
17211,253494,175.76,40116,MBCDNC,2710,TS,MBCDNC
17212,296311,175.76,40117,BC,4959,CS,BC
17213,343888,175.76,40118,SC,2338,BM,OC
17214,243196,175.76,40121,MBCDNC,2727,AL,MBCDNC
17215,227160,175.76,40122,BC,2639,CS,OC
17216,292923,175.76,40124,BC,4960,ME,BC
17217,321082,175.76,40125,MBCDNC,2710,CS,MBCDNC
17218,270867,175.76,40128,BC,2711,CH,OC
17219,297101,175.76,40130,BC,1015,CS,BC
17220,272857,175.755,40131,MBC,2610,IT,OC
17221,239477,175.755,40132,BCM,5907,CS,OC
17222,206825,175.755,40133,BC,5910,EC,BC
17223,281590,175.755,40135,MBCDNC,5009,EC,MBCDNC
17224,228064,175.755,40136,MBCV,2722,ME,OC
17225,256818,175.755,40137,MBCV,1120,EC,MBCV
17226,372759,175.755,40138,SC,1513,CE,OC
17227,317582,175.755,40141,BC,5,IT,BC
17228,256646,175.755,40142,BC,5910,EC,BC
17229,253679,175.755,40144,BC,3795,EC,OC
17230,290203,175.755,40146,MBC,2025,ME,MBC
17231,236510,175.755,40148,SC,1419,IT,SC
17232,369180,175.755,40150,SCA,2712,AD,SCA
17233,262190,175.755,40151,BC,3011,CE,OC
17234,338522,175.755,40153,MBCV,1231,IT,MBCV
17235,241808,175.75,40156,BC,1311,EC,BC
17236,234532,175.75,40157,BCM,2711,FD,BCM
17237,292567,175.75,40158,MBC,1419,CE,OC
17238,345153,175.75,40159,BC,1311,AD,BC
17239,273761,175.745,40163,BC,5921,AD,OC
17240,338579,175.745,40164,BC,2740,EC,OC
17241,215574,175.745,40165,MBC,1231,CS,MBC
17242,204683,175.745,40166,BC,2708,FD,OC
17243,266170,175.745,40168,MBCV,1114,EC,OC
17244,315627,175.745,40171,BC,5,EC,BC
17245,221511,175.745,40172,BCM,1306,IT,BCM
17246,246850,175.745,40173,BC,1504,CS,OC
17247,299716,175.745,40176,BC,2751,CS,BC
17248,266300,175.74,40177,BC,2755,FD,OC
17249,243996,175.735,40178,SC,2722,CS,SC
17250,284708,175.735,40179,BC,1237,IT,BC
17251,348892,175.735,40180,SC,1399,BM,SC
17252,211939,175.735,40181,BCM,2706,AD,BCM
17253,210792,175.735,40183,BC,2702,ME,BC
17254,302206,175.73,40185,SC,2622,EC,SC
17255,284451,175.73,40186,BCM,1306,AD,BCM
17256,325102,175.725,40188,BCM,3810,CS,OC
17257,219934,175.725,40189,MBCV,2708,IT,MBCV
17258,340184,175.725,40190,BC,5910,EE,OC
17259,200038,175.725,40194,BC,1118,CB,BC
17260,264260,175.725,40195,MBCDNC,2709,CE,MBCDNC
17261,217568,175.725,40196,BC,5022,CS,BC
17262,320988,175.725,40200,BC,1408,CS,OC
17263,253404,175.725,40201,BC,5910,EC,BC
17264,337835,175.725,40203,MBCV,2723,EC,MBCV
17265,284818,175.725,40204,BC,3011,EE,BC
17266,271740,175.725,40205,BC,1414,CS,BC
17267,218614,175.725,40207,BC,4959,IT,BC
17268,327950,175.725,40208,BC,2740,CS,OC
17269,249140,175.725,40209,SCA,2615,EE,SCA
17270,304654,175.725,40210,OC,1026,EE,OC
17271,238256,175.725,40211,BC,1225,CS,OC
17272,327932,175.725,40212,MBCV,3830,CS,MBCV
17273,223139,175.725,40214,BC,2722,ME,OC
17274,311420,175.725,40215,SC,4960,IT,SC
17275,325047,175.725,40216,MBCV,2750,BT,MBCV
17276,241249,175.725,40219,BC,4974,ME,BC
17277,248518,175.72,40222,BC,1317,EI,BC
17278,215153,175.72,40223,MBCDNC,2702,ME,MBCDNC
17279,324837,175.72,40224,SC,2709,EC,SC
17280,365785,175.715,40226,BC,4023,IT,BC
17281,291022,175.715,40227,BC,1238,EC,OC
17282,283182,175.715,40228,BC,5904,IT,OC
17283,209199,175.715,40229,BC,2614,CS,OC
17284,243339,175.715,40230,MBC,4955,EC,OC
17285,258220,175.715,40231,SC,2718,EC,SC
17286,221569,175.715,40232,MBCDNC,2711,CD,MBCDNC
17287,227033,175.715,40233,BC,4024,EC,OC
17288,213941,175.715,40235,MBC,5910,EE,OC
17289,272506,175.715,40237,SC,1321,MN,SC
17290,202785,175.715,40238,MBCDNC,2704,EC,MBCDNC
17291,287034,175.715,40239,BC,4917,CS,OC
17292,228225,175.715,40240,MBCDNC,1118,CS,MBCDNC
17293,339274,175.71,40242,SC,3805,CS,OC
17294,270661,175.71,40243,BC,3011,PC,OC
17295,225593,175.71,40244,SC,1509,CS,OC
17296,366729,175.71,40246,OC,3803,IT,OC
17297,301516,175.71,40247,MBC,5,EE,OC
17298,287264,175.71,40248,SC,4020,ME,OC
17299,206150,175.705,40250,BC,2611,CS,OC
17300,225690,175.705,40251,BC,1216,EC,BC
17301,327709,175.705,40252,BC,1216,CH,OC
17302,319134,175.705,40253,MBCV,1118,ME,OC
17303,208389,175.705,40254,SC,2722,CS,SC
17304,207639,175.705,40256,MBCDNC,2719,ME,OC
17305,281507,175.705,40262,SC,1399,CB,SC
17306,252620,175.705,40263,BC,1307,CS,BC
17307,209927,175.7,40265,MBCV,5,ME,OC
17308,211715,175.7,40266,BC,1413,CS,BC
17309,233022,175.7,40267,MBC,2708,IT,MBC
17310,251429,175.7,40268,BC,2601,EC,OC
17311,266294,175.7,40269,BC,3819,EC,BC
17312,350757,175.7,40271,MBCDNC,3786,CS,OC
17313,315809,175.7,40273,BC,2608,EC,BC
17314,321281,175.7,40274,BC,3819,CB,OC
17315,342856,175.7,40275,BC,4978,BT,OC
17316,302342,175.7,40276,BC,4944,EC,OC
17317,339902,175.695,40280,MBCV,2709,AU,MBCV
17318,236098,175.695,40281,SC,3011,CS,SC
17319,256412,175.695,40283,BC,2608,CB,BC
17320,349746,175.695,40286,BC,1122,EC,OC
17321,275638,175.695,40287,MBCV,2702,EE,MBCV
17322,339895,175.695,40288,MBCDNC,2702,ME,MBCDNC
17323,302669,175.69,40289,BC,4917,CS,OC
17324,271142,175.69,40291,BC,2708,CS,BC
17325,357904,175.69,40292,BC,2715,EC,OC
17326,269195,175.69,40293,BC,2706,EE,BC
17327,295629,175.69,40294,BC,2329,AD,OC
17328,336776,175.69,40295,BC,2608,AD,BC
17329,288595,175.69,40296,MBCDNC,4980,EC,OC
17330,240046,175.69,40297,BC,3825,CS,OC
17331,265927,175.69,40298,MBCDNC,1231,IT,MBCDNC
17332,341560,175.69,40300,MBCV,5009,EC,MBCV
17333,277105,175.69,40301,BC,1306,EC,OC
17334,241645,175.69,40302,BC,3701,CS,BC
17335,287726,175.69,40307,BC,4960,ME,BC
17336,371528,175.69,40308,BC,3805,AG,OC
17337,337264,175.69,40309,MBCV,1307,BM,MBCV
17338,269372,175.685,40312,SC,1211,CD,SC
17339,219472,175.685,40314,MBCV,2025,ME,MBCV
17340,321230,175.685,40315,SC,1412,CS,OC
17341,248138,175.685,40316,BC,4023,EC,BC
17342,309525,175.685,40318,MBC,2711,EI,MBC
17343,338010,175.68,40319,BC,4974,ME,BC
17344,233661,175.68,40320,SC,3011,EC,SC
17345,227537,175.68,40321,BC,2739,ME,BC
17346,245385,175.68,40323,BC,1211,CE,BC
17347,282088,175.68,40324,BC,1409,CS,OC
17348,210851,175.68,40325,BC,2735,AD,BC
17349,261385,175.68,40326,BC,2734,AD,OC
17350,344717,175.68,40327,BC,2764,CE,OC
17351,209082,175.68,40329,BC,2656,EC,OC
17352,310620,175.68,40330,BC,2603,ME,BC
17353,299003,175.68,40333,MBCV,2722,EC,MBCV
17354,330647,175.68,40334,BC,4980,CS,OC
17355,291198,175.68,40335,ST,2005,CE,ST
17356,243672,175.68,40337,SC,2712,EE,SC
17357,352625,175.68,40338,BC,2643,CS,OC
17358,357591,175.68,40340,OC,2329,BM,OC
17359,339391,175.67,40342,BC,4917,CS,OC
17360,256482,175.67,40343,BC,2302,AG,OC
17361,230734,175.67,40344,MBCV,1014,EC,OC
17362,351826,175.67,40345,MBC,2621,EE,OC
17363,233996,175.67,40346,MBCV,1422,EC,MBCV
17364,264941,175.67,40347,BC,4993,BM,OC
17365,336390,175.67,40350,BC,1306,EC,OC
17366,308522,175.67,40351,BC,3782,CS,OC
17367,309013,175.67,40353,SCA,2609,EC,OC
17368,230079,175.67,40354,SCA,1211,CS,SCA
17369,359989,175.67,40355,BC,1450,ME,BC
17370,337641,175.67,40357,BC,2620,EC,OC
17371,257587,175.67,40358,SC,3011,IT,SC
17372,290957,175.67,40361,MBCV,5010,EC,MBCV
17373,251287,175.67,40362,MBCV,2025,ME,MBCV
17374,291638,175.67,40364,SC,1113,EC,SC
17375,344360,175.67,40366,BCM,4864,CS,OC
17376,328231,175.66667,40368,BC,2608,EE,OC
17377,310808,175.665,40369,MBCDNC,2704,CS,MBCDNC
17378,296980,175.665,40370,SC,3011,EC,SC
17379,211797,175.665,40371,BC,5910,EC,BC
17380,266222,175.66,40372,BC,2661,IT,OC
17381,272285,175.66,40375,SC,1113,CS,SC
17382,240442,175.66,40379,BC,4678,EC,BC
17383,359400,175.655,40385,BC,2722,ME,OC
17384,249060,175.65,40388,MBCV,3801,CS,MBCV
17385,244024,175.65,40389,BC,5904,IT,OC
17386,284963,175.65,40390,SC,3011,BT,SC
17387,229850,175.65,40392,BC,1325,IT,OC
17388,338046,175.65,40393,BC,2636,CS,OC
17389,255696,175.65,40394,MBCDNC,5910,CB,MBCDNC
17390,267727,175.65,40395,MBCV,2711,FD,MBCV
17391,237742,175.65,40399,MBCV,4020,EC,MBCV
17392,318049,175.65,40401,SC,1233,CE,OC
17393,314608,175.645,40405,MBC,3011,CE,OC
17394,335283,175.645,40406,BC,1316,CH,OC
17395,206297,175.645,40407,BC,1311,AD,BC
17396,211599,175.645,40409,BC,1216,EC,BC
17397,246255,175.645,40410,BC,1014,IT,BC
17398,308038,175.645,40411,BC,1419,ME,OC
17399,235480,175.64,40413,MBCV,1422,EC,MBCV
17400,208497,175.64,40415,SC,2750,AE,OC
17401,309947,175.64,40417,BC,2702,CE,BC
17402,371793,175.64,40419,BC,2734,TS,OC
17403,293263,175.64,40421,MBC,2601,CS,MBC
17404,370760,175.64,40422,BC,4669,EC,OC
17405,269483,175.64,40423,BC,2708,FD,OC
17406,370905,175.64,40424,BC,5842,CS,OC
17407,264209,175.64,40425,BC,3830,AD,OC
17408,273850,175.64,40426,SC,2708,EC,OC
17409,259501,175.64,40428,SC,2709,EC,SC
17410,326366,175.635,40429,BC,2653,AD,OC
17411,201971,175.635,40430,BC,2722,IC,BC
17412,260342,175.635,40431,BC,2653,EC,OC
17413,275752,175.635,40434,BC,2601,CS,BC
17414,330677,175.635,40435,MBCV,1409,CS,OC
17415,295096,175.635,40436,OC,2726,EC,OC
17416,323367,175.635,40437,BC,1317,ME,OC
17417,348464,175.635,40438,MBCV,2708,CS,MBCV
17418,344880,175.635,40439,BC,1309,EE,BC
17419,266127,175.635,40441,SC,2007,MF,SC
17420,316222,175.635,40444,SC,4933,EE,OC
17421,209841,175.635,40446,BC,1225,CS,OC
17422,288788,175.635,40448,BC,4023,EC,BC
17423,215327,175.635,40449,BC,3819,CB,OC
17424,224763,175.625,40452,MBCDNC,2615,MT,MBCDNC
17425,218122,175.625,40453,BC,2751,CS,BC
17426,222165,175.625,40454,BC,1419,ME,OC
17427,255669,175.625,40456,BC,5,CH,OC
17428,275300,175.625,40458,MBC,5910,AD,MBC
17429,357347,175.625,40460,BC,2622,EC,BC
17430,293845,175.625,40461,BC,1422,ME,OC
17431,211362,175.62,40465,BC,1419,EI,BC
17432,246781,175.62,40466,MBCV,1422,AG,OC
17433,230604,175.62,40467,BC,2736,EC,OC
17434,318771,175.615,40470,MBCDNC,2653,CS,MBCDNC
17435,242582,175.615,40471,OC,1122,EC,OC
17436,250240,175.615,40474,BC,2708,EC,OC
17437,259348,175.615,40475,MBCDNC,1112,EC,MBCDNC
17438,257414,175.615,40476,SC,1211,FD,SC
17439,204425,175.615,40477,BC,2723,IT,BC
17440,261801,175.615,40478,MBCV,1120,EC,MBCV
17441,281895,175.615,40479,BC,5,IT,BC
17442,237972,175.615,40481,MBC,3464,EE,OC
17443,314552,175.615,40482,BC,4975,EE,OC
17444,338955,175.615,40485,MBCV,1122,BT,MBCV
17445,208910,175.615,40486,BCM,2718,MZ,BCM
17446,308547,175.615,40487,BCM,2710,EC,BCM
17447,276607,175.615,40488,BC,2608,AD,BC
17448,259869,175.615,40492,BC,1231,EC,BC
17449,290146,175.615,40494,BC,2749,IT,OC
17450,224185,175.615,40495,BC,1504,CS,OC
17451,327529,175.615,40497,BC,1452,CS,OC
17452,234690,175.615,40498,MBCDNC,2622,IT,OC
17453,331001,175.615,40499,MBCDNC,2739,EC,MBCDNC
17454,364737,175.615,40500,BC,2715,BM,OC
17455,254130,175.615,40501,BC,2710,EE,OC
17456,355825,175.61,40503,BC,3701,ME,OC
17457,244591,175.61,40504,BC,4023,ME,OC
17458,206111,175.61,40505,BC,1516,ME,OC
17459,311577,175.61,40506,BC,2630,CS,OC
17460,237170,175.605,40509,BCM,1313,BM,OC
17461,231967,175.605,40511,BC,2715,CS,OC
17462,215609,175.605,40512,BC,2369,EE,BC
17463,263397,175.605,40515,BC,2764,CE,OC
17464,306837,175.605,40517,MBCDNC,2739,EC,MBCDNC
17465,214368,175.605,40518,MBC,5865,CS,OC
17466,267101,175.605,40519,SC,1311,AO,SC
17467,290124,175.605,40521,BC,2620,EC,OC
17468,228661,175.605,40522,BC,2608,AD,BC
17469,365118,175.605,40524,BCM,2328,BM,OC
17470,274166,175.605,40526,BC,5904,AD,BC
17471,216401,175.605,40527,BC,2726,EC,OC
17472,284574,175.605,40528,BC,1014,CS,BC
17473,219168,175.605,40529,BC,2704,EC,BC
17474,204842,175.605,40530,BC,1118,EE,OC
17475,221907,175.605,40531,BC,1149,EE,OC
17476,322983,175.6,40532,SC,2702,CS,SC
17477,289342,175.6,40533,BC,2750,AD,BC
17478,296254,175.6,40534,BC,4864,EC,OC
17479,292241,175.6,40535,BC,1216,EC,BC
17480,222718,175.6,40539,MBCDNC,4974,ME,MBCDNC
17481,322005,175.6,40540,BC,2618,BM,OC
17482,324574,175.6,40542,MBCV,1317,EE,MBCV
17483,251492,175.6,40543,BC,2607,CE,OC
17484,246054,175.595,40546,BC,5,AM,BC
17485,205609,175.595,40547,MBCV,1413,CS,MBCV
17486,219669,175.595,40548,BC,2329,IT,OC
17487,364169,175.595,40550,BC,3021,CS,BC
17488,276524,175.595,40551,MBCV,2369,CE,OC
17489,353101,175.595,40552,BC,2656,EC,OC
17490,328859,175.595,40553,BC,2727,EC,BC
17491,217740,175.59,40555,BC,2634,BM,OC
17492,287738,175.59,40558,BC,1113,ME,BC
17493,257985,175.59,40559,BC,2622,CS,BC
17494,271260,175.585,40561,MBCDNC,1324,ME,OC
17495,275724,175.585,40564,SCA,1,XM,SCA
17496,259340,175.585,40565,MBCV,1309,EC,MBCV
17497,216070,175.585,40567,BCM,1432,EC,BCM
17498,294566,175.585,40568,BC,2711,MZ,BC
17499,244467,175.585,40570,MBCV,1114,CS,MBCV
17500,261335,175.585,40573,SC,1026,CS,SC
17501,217746,175.58,40577,BC,5904,IT,OC
17502,315060,175.58,40578,MBC,2735,EC,OC
17503,219847,175.58,40579,SC,3819,CS,SC
17504,324399,175.58,40580,MBCV,3019,CS,OC
17505,264098,175.58,40581,MBCDNC,2636,AD,OC
17506,371274,175.58,40583,BC,4952,IT,OC
17507,238378,175.58,40584,SC,5022,CS,SC
17508,251009,175.58,40585,BC,2608,EC,BC
17509,268031,175.58,40588,SC,1409,BT,OC
17510,310740,175.58,40589,SC,3820,ME,OC
17511,335095,175.58,40591,SCA,2741,EC,OC
17512,305061,175.58,40592,BC,1015,EC,OC
17513,297730,175.58,40593,BC,1307,EC,OC
17514,266519,175.58,40595,BC,1210,EE,BC
17515,334036,175.58,40596,SCA,2007,ME,SCA
17516,220828,175.58,40597,SC,4974,EE,SC
17517,236374,175.58,40598,BC,2711,MZ,BC
17518,280584,175.58,40599,BC,1149,EC,BC
17519,355704,175.575,40600,MBCDNC,1422,CE,OC
17520,288749,175.575,40604,MBC,2727,AD,MBC
17521,244838,175.57,40605,BC,2726,IT,BC
17522,201227,175.57,40607,MBC,2736,AD,MBC
17523,290152,175.57,40609,SC,5986,EC,SC
17524,268727,175.57,40611,BC,2328,EC,OC
17525,280456,175.57,40612,MBCDNC,1516,EE,MBCDNC
17526,338128,175.57,40613,MBC,5904,IT,OC
17527,264360,175.57,40616,BCM,5910,EC,BCM
17528,220110,175.57,40618,BC,5017,CS,OC
17529,288030,175.57,40619,BC,5910,EC,BC
17530,358602,175.57,40620,BC,1149,EC,BC
17531,220223,175.57,40622,BC,2622,EE,OC
17532,202230,175.57,40623,BC,2611,CS,OC
17533,258972,175.57,40626,MBCV,2711,CD,MBCV
17534,262789,175.57,40629,BC,1113,ME,BC
17535,251508,175.57,40630,SC,2025,EE,SC
17536,203844,175.57,40631,BC,1317,CH,BC
17537,256812,175.57,40632,BC,1322,IT,OC
17538,254913,175.57,40633,BC,1110,CS,BC
17539,228725,175.56,40635,BC,1216,EC,BC
17540,219517,175.56,40638,BC,5009,EE,OC
17541,252508,175.56,40641,BC,5910,EC,BC
17542,214246,175.56,40642,BC,2726,AL,OC
17543,206269,175.56,40643,BC,4960,ME,BC
17544,257850,175.56,40645,MBCDNC,1432,EC,MBCDNC
17545,239272,175.56,40648,BC,4959,IT,BC
17546,244851,175.56,40649,MBCV,2739,EC,MBCV
17547,270473,175.56,40650,BC,1237,EC,OC
17548,251862,175.56,40651,BC,1317,CH,BC
17549,207457,175.56,40653,OC,1310,IT,OC
17550,304028,175.56,40654,BC,4023,IT,BC
17551,235651,175.56,40656,BC,5910,EC,BC
17552,251571,175.56,40657,BC,5,EE,OC
17553,348202,175.56,40661,BC,2723,EE,OC
17554,234072,175.56,40663,SC,1419,EC,SC
17555,235838,175.56,40665,BC,1210,EE,BC
17556,333142,175.56,40666,BC,1014,CS,BC
17557,310686,175.56,40667,OC,4670,EC,OC
17558,226066,175.56,40669,MBCDNC,5904,CS,MBCDNC
17559,259648,175.56,40670,BCM,1311,IT,BCM
17560,326096,175.56,40671,MBCV,1015,CS,MBCV
17561,229622,175.56,40672,BC,5022,CS,BC
17562,216096,175.55,40674,BC,3011,EE,BC
17563,235729,175.55,40675,BC,1216,EC,BC
17564,243581,175.55,40680,BC,1101,CS,OC
17565,225413,175.55,40681,MBCV,1013,IT,MBCV
17566,217511,175.55,40682,MBCDNC,3830,EC,OC
17567,349174,175.55,40683,BC,2653,CB,OC
17568,228324,175.55,40686,BC,1317,CH,BC
17569,237019,175.545,40693,SCA,1325,IT,OC
17570,206325,175.545,40695,ST,4,MF,ST
17571,322681,175.545,40696,BC,2708,CS,BC
17572,338138,175.545,40697,BC,2620,BM,OC
17573,210417,175.545,40698,BC,2722,ME,OC
17574,244828,175.545,40699,MBCDNC,4023,CS,MBCDNC
17575,337317,175.545,40701,BC,1324,EE,BC
17576,221636,175.545,40702,OC,1233,EC,OC
17577,346787,175.54,40703,BC,2751,IT,BC
17578,253621,175.54,40704,MBC,1216,CH,OC
17579,338480,175.54,40705,BC,2740,AD,BC
17580,302451,175.54,40707,BC,2726,IT,BC
17581,217860,175.54,40708,BC,1120,EE,OC
17582,222898,175.54,40709,BC,4955,EC,OC
17583,315776,175.54,40710,BC,4969,CS,OC
17584,361372,175.535,40711,MBCV,2025,ME,MBCV
17585,327611,175.535,40714,OC,2740,CS,OC
17586,210924,175.535,40715,BC,3826,IT,BC
17587,266304,175.535,40716,MBCV,5901,ME,MBCV
17588,341841,175.535,40717,MBCV,1401,CS,OC
17589,200660,175.535,40722,BC,2764,EE,BC
17590,237390,175.53,40724,MBCV,1013,IT,MBCV
17591,352489,175.53,40725,BC,2762,EC,OC
17592,262637,175.53,40727,BC,1210,EE,BC
17593,248803,175.53,40728,BC,2707,AG,OC
17594,244794,175.53,40730,BC,2726,IT,BC
17595,206202,175.53,40731,BC,2608,AL,BC
17596,295262,175.53,40732,BC,2726,EC,OC
17597,277181,175.53,40734,BC,2702,ME,BC
17598,230977,175.53,40735,BC,2609,CY,OC
17599,250912,175.525,40739,SC,5008,MF,SC
17600,305328,175.525,40741,BC,2734,EC,OC
17601,220988,175.525,40742,MBCV,1216,AL,MBCV
17602,224605,175.525,40743,BC,2743,EC,OC
17603,234810,175.525,40744,MBCV,1219,MR,MBCV
17604,277293,175.525,40745,SC,2705,CS,OC
17605,243971,175.525,40746,MBCV,1013,EC,MBCV
17606,244487,175.525,40748,SC,1237,AD,SC
17607,240740,175.525,40750,BC,3021,CS,BC
17608,238876,175.525,40751,MBCV,3464,EC,MBCV
17609,224274,175.525,40753,MBCDNC,3819,EC,MBCDNC
17610,220635,175.525,40754,MBCDNC,2357,EE,OC
17611,365974,175.525,40755,BC,2611,FD,OC
17612,277394,175.525,40756,BC,3701,CS,BC
17613,315306,175.525,40757,MBCDNC,2749,AD,OC
17614,275768,175.525,40758,MBCDNC,2743,AD,OC
17615,215746,175.525,40761,MBCDNC,1112,CB,MBCDNC
17616,244620,175.525,40762,BC,4965,CS,BC
17617,239744,175.525,40764,MBCDNC,5,EC,MBCDNC
17618,274006,175.525,40765,BC,4864,CS,OC
17619,258194,175.525,40766,BC,2734,AD,OC
17620,311924,175.525,40767,BC,1110,CS,BC
17621,281434,175.525,40769,MBC,2722,ME,OC
17622,217869,175.52,40770,SC,1419,EC,SC
17623,270260,175.52,40771,BC,2708,AL,BC
17624,300235,175.52,40772,BC,1317,EI,BC
17625,332154,175.515,40773,BC,1013,IT,BC
17626,314994,175.515,40774,OC,2710,EE,OC
17627,310911,175.515,40776,MBC,2630,EC,OC
17628,331234,175.515,40777,SC,2718,CB,SC
17629,292551,175.515,40778,BC,3819,CB,OC
17630,254921,175.515,40779,BC,5,IT,BC
17631,201235,175.515,40780,BC,3021,CS,BC
17632,302976,175.515,40781,MBCV,1140,IT,MBCV
17633,217007,175.505,40783,MBCDNC,2710,AD,MBCDNC
17634,250325,175.505,40785,MBC,4959,CS,MBC
17635,284478,175.505,40786,BC,2711,CH,OC
17636,219486,175.505,40787,BC,3011,EE,BC
17637,274051,175.505,40788,BC,4955,AD,OC
17638,220298,175.505,40790,SC,4960,CS,SC
17639,270790,175.505,40792,BC,2702,CE,BC
17640,303609,175.505,40794,MBCDNC,5,CS,MBCDNC
17641,249253,175.505,40795,BC,4974,ME,BC
17642,202126,175.505,40797,MBCDNC,3830,CS,MBCDNC
17643,281351,175.505,40799,BC,4953,CS,OC
17644,329974,175.505,40800,BC,2706,EE,BC
17645,255659,175.505,40801,BC,1509,CS,OC
17646,246986,175.505,40802,BC,4971,EE,OC
17647,276270,175.505,40803,BC,5904,IT,BC
17648,326461,175.505,40807,BC,2727,AG,OC
17649,221298,175.505,40808,BC,5904,AD,BC
17650,241858,175.505,40809,MBCV,2706,IT,MBCV
17651,359016,175.505,40811,MBCV,1408,IT,OC
17652,293352,175.505,40812,SC,3011,IT,SC
17653,257366,175.5,40815,BC,1218,CS,OC
17654,372030,175.5,40818,BC,3826,IT,BC
17655,282338,175.5,40819,BCM,1422,EC,BCM
17656,235173,175.5,40821,MBCV,1216,AL,MBCV
17657,298363,175.5,40824,SC,2,CR,SC
17658,281935,175.5,40827,BC,1225,IT,OC
17659,372768,175.5,40829,BC,1237,EC,OC
17660,277686,175.5,40831,SC,4960,EC,SC
17661,316152,175.5,40832,BC,1311,EC,BC
17662,299550,175.5,40836,MBC,2706,EE,MBC
17663,202019,175.5,40838,MBCV,1118,IT,MBCV
17664,356762,175.5,40840,BC,3011,PC,OC
17665,282803,175.5,40841,MBCV,5986,CS,MBCV
17666,281909,175.5,40843,MBCDNC,2618,CS,MBCDNC
17667,350568,175.5,40845,MBCDNC,1432,CB,MBCDNC
17668,285636,175.5,40847,BC,1419,EI,BC
17669,221946,175.5,40849A,OC,1311,EE,OC
17670,363298,175.5,40854,BC,1306,EC,OC
17671,277643,175.5,40855,BC,1306,EC,BC
17672,267030,175.5,40861,MBCDNC,1231,EC,MBCDNC
17673,340385,175.5,40863,MBCDNC,1026,CS,MBCDNC
17674,218990,175.5,40865,SCA,2006,AS,SCA
17675,300525,175.5,40866,MBCV,1311,AD,MBCV
17676,336058,175.5,40867,BC,5,EC,BC
17677,326474,175.5,40868,OC,4670,CS,OC
17678,284772,175.5,40869,BC,1225,IT,OC
17679,301476,175.5,40870,MBCV,4020,GI,OC
17680,212068,175.5,40871,BC,4024,EC,OC
17681,280578,175.5,40873,BC,1217,BT,OC
17682,221114,175.5,40874,SC,3011,EC,SC
17683,308231,175.5,40875,BC,2727,EC,BC
17684,279280,175.5,40877,BC,1113,ME,BC
17685,265383,175.5,40880,BC,1216,EC,BC
17686,294028,175.5,40882,BCM,1211,BT,BCM
17687,287174,175.5,40888,BC,1526,CS,OC
17688,309973,175.5,40891,BC,1311,AD,BC
17689,343691,175.5,40892,BCM,1211,ME,BCM
17690,214557,175.5,40894,MBCV,2725,CS,MBCV
17691,220106,175.5,40895,OC,2601,IT,OC
17692,286180,175.5,40897,OC,1311,AE,OC
17693,311433,175.5,40902,BC,1140,IT,BC
17694,316516,175.5,40903,BC,1122,EC,OC
17695,291351,175.5,40904,BC,1509,CS,OC
17696,358317,175.5,40905,BC,2706,EE,BC
17697,278868,175.5,40909,OC,2722,ME,OC
17698,310132,175.5,40912,BC,4917,CS,OC
17699,309151,175.5,40914,BC,1216,EC,BC
17700,283047,175.5,40915,BC,2601,CS,BC
17701,203135,175.5,40917,BC,2607,IT,OC
17702,231780,175.5,40918,BC,1115,CS,OC
17703,228443,175.5,40922,MBCV,1118,CB,MBCV
17704,330818,175.5,40924,BC,1216,EC,BC
17705,356868,175.5,40925,BC,1424,PE,OC
17706,219489,175.5,40926,MBCV,1317,CH,MBCV
17707,319463,175.5,40932,BC,1311,EC,BC
17708,279794,175.5,40934,BCM,1140,CS,BCM
17709,307633,175.5,40939,BCM,3819,CS,BCM
17710,321996,175.5,40942,BC,2719,AE,BC
17711,217076,175.495,40951,MBCV,2702,BT,MBCV
17712,355270,175.495,40954,MBCDNC,5,CS,MBCDNC
17713,332477,175.495,40956,BC,2706,EE,BC
17714,299852,175.495,40957,BC,2727,BM,OC
17715,210701,175.495,40960,BCM,1509,CS,BCM
17716,308133,175.495,40962,MBCDNC,1120,IT,MBCDNC
17717,308650,175.495,40963,BC,5904,EC,OC
17718,232718,175.495,40964,MBCV,2622,EE,OC
17719,298759,175.495,40966,SC,2,AP,SC
17720,321511,175.495,40967,BC,2634,IT,OC
17721,268301,175.495,40968,BC,2740,AD,BC
17722,214110,175.495,40970,BC,2329,AD,OC
17723,280961,175.495,40971,SC,2712,CE,SC
17724,229103,175.495,40972,SC,1309,AD,SC
17725,221960,175.495,40973,MBC,2726,BM,OC
17726,316479,175.495,40974,BC,2622,CS,BC
17727,325069,175.495,40975,BC,1307,IT,OC
17728,203761,175.495,40977,OC,1237,EC,OC
17729,300618,175.495,40978,BC,3826,AD,OC
17730,213213,175.495,40979,MBC,2708,AL,MBC
17731,234618,175.495,40980,BC,3795,EC,OC
17732,354210,175.495,40981,MBC,2609,EC,OC
17733,218603,175.495,40982,BC,4928,CS,OC
17734,207469,175.495,40983,MBCV,2702,FD,MBCV
17735,342742,175.495,40984,BC,2727,EC,BC
17736,301890,175.495,40985,BC,5915,CS,OC
17737,272235,175.495,40986,BC,3819,EE,OC
17738,230166,175.495,40987,SC,2369,EE,SC
17739,243579,175.495,40988,BC,5910,BM,BC
17740,331186,175.495,40989,MBCV,2710,EC,MBCV
17741,218099,175.49,40990,BC,1509,CS,BC
17742,279563,175.49,40991,BC,1413,CS,BC
17743,252542,175.49,40992,BC,2741,EC,BC
17744,203441,175.49,40994,BC,1516,ME,OC
17745,371810,175.49,40995,BC,2656,EC,OC
17746,270693,175.49,41001,BC,2734,AD,OC
17747,240296,175.49,41002,OC,1110,IT,OC
17748,263270,175.485,41005,MBCV,3819,EC,MBCV
17749,337068,175.48,41006,BC,2656,CS,BC
17750,295956,175.475,41010,BC,2745,AD,OC
17751,255133,175.475,41011,SC,1309,IT,SC
17752,217685,175.475,41012,SC,1210,CS,SC
17753,238848,175.475,41013,BC,2708,FD,OC
17754,230374,175.475,41014,BC,2608,CB,BC
17755,230398,175.475,41015,OC,2734,SB,OC
17756,212661,175.475,41016,BC,1014,CS,BC
17757,315470,175.475,41017,MBCDNC,2606,EE,OC
17758,226051,175.47,41020,MBCV,1230,CS,OC
17759,345358,175.47,41021,BC,1216,EC,BC
17760,251639,175.47,41022,SC,2764,CS,SC
17761,297946,175.47,41023,BC,4965,CS,BC
17762,278312,175.47,41025,BC,4669,CS,OC
17763,210598,175.47,41026,SC,3465,EC,SC
17764,281284,175.47,41027,BC,2608,EC,BC
17765,212836,175.47,41029,OC,2726,AL,OC
17766,217199,175.47,41031,MBCV,1219,CH,MBCV
17767,249731,175.47,41033,MBCV,1413,CS,MBCV
17768,248478,175.47,41034,MBCDNC,2653,CS,MBCDNC
17769,251667,175.47,41039,BC,4917,AD,OC
17770,269584,175.47,41040,BC,2729,CS,OC
17771,321452,175.47,41041,MBC,2647,IT,OC
17772,296243,175.47,41042,MBCV,3011,EE,MBCV
17773,349348,175.465,41044,OC,2719,CE,OC
17774,221739,175.465,41045,BC,4959,IT,BC
17775,335580,175.465,41046,BC,3803,CH,OC
17776,208526,175.465,41047,SC,2615,CE,SC
17777,226984,175.465,41048,BC,1504,ME,OC
17778,267310,175.46,41050,BC,2608,EC,BC
17779,211386,175.46,41051,MBCV,2750,EE,OC
17780,251698,175.46,41053,SC,2603,EC,SC
17781,211554,175.46,41056,BC,2639,CS,OC
17782,300032,175.46,41057,BC,2735,EC,OC
17783,213870,175.46,41058,SC,1422,AD,SC
17784,358243,175.46,41059,BC,3817,BT,OC
17785,328201,175.46,41060,MBC,2601,CS,MBC
17786,228869,175.46,41061,SC,1113,CB,SC
17787,219154,175.46,41062,BC,5,EC,BC
17788,210401,175.46,41063,BC,1216,EC,BC
17789,312926,175.46,41064,SC,4962,EC,SC
17790,245679,175.46,41065,MBCDNC,1128,CS,MBCDNC
17791,342273,175.45,41066,SC,1210,AD,SC
17792,259499,175.45,41067,MBCDNC,1149,IT,MBCDNC
17793,214573,175.45,41070,BC,1014,CS,BC
17794,350385,175.45,41071,BCM,2659,EC,OC
17795,204388,175.45,41072,BC,2723,EC,BC
17796,203874,175.45,41074,BC,5910,EC,BC
17797,200713,175.45,41075,BC,2704,EC,BC
17798,308619,175.45,41076,BC,3804,AU,OC
17799,332483,175.45,41077,BC,3829,IT,OC
17800,280968,175.45,41078,MBC,4974,ME,MBC
17801,312919,175.44,41079,BC,1304,ME,OC
17802,318753,175.44,41081,BC,1216,EC,BC
17803,280582,175.44,41082,BC,2736,BM,OC
17804,248327,175.44,41083,BC,2740,CS,OC
17805,200597,175.44,41084,SC,2718,EC,SC
17806,233046,175.44,41087,BC,4965,EC,OC
17807,267003,175.44,41088,SC,5009,EC,SC
17808,241738,175.44,41090,BC,2750,CB,OC
17809,213744,175.44,41092,SC,4678,EC,SC
17810,227644,175.44,41093,BC,1413,CS,BC
17811,273583,175.44,41094,MBCDNC,2707,IT,OC
17812,301763,175.44,41097,BC,2708,CS,BC
17813,308166,175.44,41098,BC,2607,IT,OC
17814,289969,175.44,41099,BC,1149,EC,BC
17815,231041,175.44,41100,MBCDNC,1120,IT,MBCDNC
17816,273912,175.44,41101,MBCV,1128,EC,MBCV
17817,326560,175.44,41102,BC,1237,AD,BC
17818,267053,175.44,41104,BC,2710,EE,OC
17819,264300,175.435,41105,BC,2731,CS,OC
17820,253087,175.435,41106,BC,1303,IT,OC
17821,366560,175.435,41107,MBCDNC,4965,CS,MBCDNC
17822,324218,175.435,41108,OC,4023,EE,OC
17823,250783,175.435,41109,BC,4917,CS,OC
17824,316419,175.435,41110,MBCDNC,4965,ME,OC
17825,272542,175.435,41112,BC,3819,CB,BC
17826,360925,175.435,41114,BC,2751,AD,OC
17827,307923,175.435,41115,MBC,3803,IT,OC
17828,251748,175.43,41118,SC,5,CE,OC
17829,344505,175.43,41120,BC,2607,CB,OC
17830,242132,175.43,41121,BC,1231,EC,BC
17831,285186,175.43,41124,BC,2608,EC,BC
17832,227816,175.43,41125,MBCV,1219,AU,MBCV
17833,366931,175.43,41127,MBCDNC,4960,ME,MBCDNC
17834,212732,175.43,41128,BC,1520,IT,OC
17835,324256,175.43,41130,MBC,3810,AD,OC
17836,366974,175.43,41134,BC,3795,EC,OC
17837,200041,175.425,41136,OC,1216,EE,OC
17838,326534,175.425,41137,BC,5,EE,OC
17839,282797,175.425,41138,BCM,1122,IT,BCM
17840,255017,175.425,41139,MBCDNC,2750,EC,OC
17841,291501,175.425,41140,BC,1301,CS,OC
17842,207172,175.42,41142,OC,5009,ME,OC
17843,201674,175.42,41143,SC,2377,ME,SC
17844,221399,175.42,41144,BC,2722,IC,BC
17845,201216,175.42,41146,MBCDNC,5986,ME,OC
17846,320328,175.42,41147,SCA,2620,IT,OC
17847,211182,175.42,41148,SC,2615,CE,SC
17848,240321,175.415,41149,BCM,1307,CS,BCM
17849,242563,175.415,41150,MBCV,2764,CS,MBCV
17850,264898,175.415,41151,MBC,2736,EC,OC
17851,264292,175.415,41153,BC,4928,EC,OC
17852,338689,175.415,41154,BC,2740,EC,OC
17853,233745,175.415,41155,BC,1013,XM,OC
17854,374922,175.415,41157,MBCDNC,4993,AG,OC
17855,237625,175.415,41160,BC,1114,CS,BC
17856,358073,175.415,41161,MBC,1210,EE,MBC
17857,329623,175.415,41164,MBCV,2369,CE,OC
17858,211240,175.415,41165,BC,1216,EC,BC
17859,337444,175.41,41166,BC,2723,ME,OC
17860,261919,175.41,41167,SC,3805,CS,OC
17861,360808,175.41,41168,MBCV,1205,CE,OC
17862,347028,175.41,41169,MBCV,1519,IT,OC
17863,262999,175.41,41170,BC,4984,CS,OC
17864,278420,175.41,41171,MBCV,2718,MZ,MBCV
17865,233705,175.405,41173,BC,2708,CS,BC
17866,258723,175.405,41174,MBCDNC,1231,CS,MBCDNC
17867,261075,175.405,41176,MBCV,2719,EC,MBCV
17868,316776,175.405,41178,MBC,2651,CS,OC
17869,295234,175.405,41179,BC,3826,EC,OC
17870,320628,175.405,41181,MBC,5530,EC,OC
17871,312186,175.405,41182,SCA,2006,BY,SCA
17872,325548,175.405,41183,BC,4972,CS,OC
17873,312315,175.405,41184,SC,1450,EE,SC
17874,283774,175.405,41186,BC,1419,EI,BC
17875,224690,175.405,41188,BC,2726,IT,BC
17876,226048,175.405,41190,BC,2607,IT,OC
17877,255975,175.405,41192,BC,4955,IT,BC
17878,327037,175.405,41193,BC,1113,CE,BC
17879,222467,175.405,41195,BC,2643,EC,OC
17880,203133,175.395,41196,BCM,4969,CS,OC
17881,250725,175.395,41198,OC,4969,CS,OC
17882,206925,175.395,41200,BC,1324,EE,BC
17883,328358,175.395,41201,BC,2708,EI,OC
17884,264534,175.395,41202,BC,4992,CE,OC
17885,269428,175.395,41204,BC,2702,TX,OC
17886,261549,175.395,41205,BC,2735,EC,OC
17887,357844,175.395,41207,BC,4943,CS,OC
17888,217395,175.395,41208,BCM,3011,EC,BCM
17889,253635,175.395,41209,BC,5910,EC,BC
17890,261273,175.395,41210,BC,2708,AE,OC
17891,316650,175.395,41211,BC,1310,EC,OC
17892,261321,175.395,41212,SC,1419,CS,SC
17893,273112,175.385,41214,BC,2710,EE,OC
17894,313859,175.385,41217,BC,2750,CB,OC
17895,205254,175.385,41218,BC,2715,CS,OC
17896,274545,175.385,41219,BC,4959,AD,OC
17897,286399,175.385,41220,BC,1120,EE,OC
17898,304163,175.385,41223,BC,1122,EC,OC
17899,274966,175.385,41224,BCM,4678,EC,BCM
17900,264523,175.385,41225,BC,5910,EC,BC
17901,203625,175.385,41226,MBCV,1237,CS,MBCV
17902,228327,175.385,41227,SC,3011,EE,SC
17903,263542,175.385,41228,MBCDNC,3830,IT,MBCDNC
17904,294936,175.385,41229,SC,2707,EI,OC
17905,298694,175.385,41234,BC,1233,CS,BC
17906,270710,175.385,41235,BC,2727,EC,BC
17907,222745,175.38,41237,BC,2706,EE,BC
17908,326128,175.38,41238,BC,1430,CS,OC
17909,290201,175.38,41239,BCM,1231,IT,BCM
17910,251324,175.38,41241,BCM,2608,CS,BCM
17911,210304,175.38,41242,BC,1216,EC,BC
17912,250999,175.38,41243,SC,1452,EC,OC
17913,298829,175.38,41244,BC,4965,CS,BC
17914,306735,175.38,41245,OC,4944,AD,OC
17915,254412,175.38,41246,BC,2721,CS,OC
17916,310404,175.375,41249,MBCV,2710,EE,OC
17917,268382,175.375,41251,BCM,2642,CS,OC
17918,328839,175.37,41252,MBCV,4960,EC,MBCV
17919,264821,175.37,41254,BC,5986,ME,OC
17920,294969,175.365,41255,MBCDNC,1202,IT,OC
17921,296933,175.365,41259,MBC,2711,MZ,MBC
17922,207391,175.365,41260,BC,1140,IT,BC
17923,258835,175.365,41263,BC,1237,IT,BC
17924,256497,175.365,41264,MBCV,1306,IT,MBCV
17925,359502,175.365,41265,MBCV,3011,EE,MBCV
17926,357507,175.36,41266,BC,1516,ME,OC
17927,243630,175.36,41267,MBCV,1414,IT,OC
17928,310986,175.36,41268,MBCDNC,1207,AD,OC
17929,253330,175.36,41270,BC,2736,EC,OC
17930,334084,175.36,41272,SC,2615,CE,SC
17931,327923,175.36,41275,BC,5904,EC,OC
17932,277041,175.36,41276,MBC,2740,PH,OC
17933,310550,175.36,41277,BC,2741,CS,BC
17934,276040,175.36,41278,BC,1317,CH,BC
17935,255732,175.36,41280,SC,2711,CS,SC
17936,371343,175.36,41282,BC,1419,MU,OC
17937,343357,175.36,41283,MBCV,5,EE,OC
17938,238700,175.36,41286,MBC,2710,ME,OC
17939,207943,175.36,41287,BC,3843,EC,OC
17940,201554,175.36,41288,BC,1303,EC,OC
17941,341961,175.355,41289,MBCV,3801,CS,MBCV
17942,265068,175.355,41291,MBCDNC,2739,EC,MBCDNC
17943,232464,175.355,41291A,SC,1211,CH,SC
17944,370121,175.355,41292,MBCDNC,1408,CS,OC
17945,290040,175.355,41293,MBCV,1014,IT,MBCV
17946,270975,175.355,41296,MBCV,2620,CS,OC
17947,249249,175.35,41299,BC,3819,EC,BC
17948,200894,175.35,41300,BC,5910,EC,BC
17949,215663,175.35,41301,BCM,1127,AE,OC
17950,226817,175.35,41302,BC,2357,CS,OC
17951,302107,175.35,41303,BC,2741,CS,BC
17952,294166,175.35,41304,BCM,1401,CS,OC
17953,228717,175.35,41306,BC,3819,EC,BC
17954,220039,175.35,41307,BC,2709,AU,BC
17955,297747,175.35,41308,SC,2377,CE,SC
17956,253477,175.35,41309,BC,2622,EC,BC
17957,262990,175.35,41311,MBCV,1307,CS,MBCV
17958,268046,175.35,41312,BC,1237,AD,BC
17959,346913,175.35,41313,MBC,2607,CS,MBC
17960,334896,175.35,41314,BC,2613,AU,OC
17961,260209,175.35,41315,BC,1216,EC,BC
17962,362505,175.35,41316,BC,3805,CS,OC
17963,285198,175.35,41317,MBCV,3830,IT,MBCV
17964,287821,175.35,41318,BC,1520,IT,OC
17965,303444,175.35,41319,BC,2708,CS,BC
17966,261024,175.35,41320,BC,1237,AD,BC
17967,274852,175.35,41321,BC,4917,CS,OC
17968,268085,175.35,41322,BC,2711,ME,BC
17969,292044,175.35,41324,BC,2721,CS,OC
17970,252118,175.35,41325,MBCDNC,3701,CS,MBCDNC
17971,328091,175.35,41326,MBCV,2625,BM,OC
17972,249614,175.34,41328,BC,1310,CS,BC
17973,206871,175.34,41329,BC,2622,IT,OC
17974,304315,175.34,41330,BC,2708,CS,BC
17975,219391,175.34,41331,MBCDNC,4965,EC,OC
17976,223011,175.34,41332,BC,1116,CS,BC
17977,336331,175.34,41333,SC,2702,AG,SC
17978,342297,175.34,41334,BCM,2656,EC,BCM
17979,323216,175.34,41339,BC,1149,EC,BC
17980,253709,175.34,41340,BC,1216,EC,BC
17981,203107,175.33,41345,BC,1414,CS,BC
17982,238325,175.33,41346,BC,2653,EC,OC
17983,230396,175.33,41347,BC,2745,CS,OC
17984,235094,175.33,41348,BC,1237,IT,BC
17985,241904,175.33,41349,BC,3819,CB,BC
17986,257231,175.33,41350,BC,1237,EC,OC
17987,341371,175.33,41351,MBCV,1233,EC,OC
17988,301637,175.33,41354,MBC,2620,IT,OC
17989,354029,175.33,41355,SC,2625,CS,OC
17990,200265,175.33,41356,MBCDNC,5017,CS,OC
17991,277179,175.33,41357,BC,2329,IT,OC
17992,245674,175.33,41358,MBCDNC,4960,CE,OC
17993,209555,175.33,41359,BC,1225,CS,OC
17994,348555,175.33,41360,BC,2659,EC,OC
17995,223249,175.33,41361,BC,2723,IT,BC
17996,216954,175.33,41362,BC,4678,EC,BC
17997,265127,175.33,41364,BCM,2618,EC,BCM
17998,285182,175.33,41365,BC,2653,ME,OC
17999,269521,175.33,41366,MBC,2740,AD,MBC
18000,227192,175.33,41367,OC,2726,EC,OC
18001,273167,175.33,41370,MBCV,1210,EE,MBCV
18002,289126,175.33,41371,BC,5009,EE,OC
18003,223464,175.33,41372,MBCDNC,1231,IT,MBCDNC
18004,301091,175.33,41375,MBCV,2601,IT,OC
18005,258609,175.33,41376,BC,2708,CS,BC
18006,209968,175.33,41377,MBCV,2750,BT,MBCV
18007,239504,175.33,41378,SC,3819,EC,SC
18008,233331,175.33,41381,SC,4020,CS,SC
18009,296499,175.33,41382,MBCV,1118,AD,MBCV
18010,361028,175.325,41383,MBCV,2611,IT,OC
18011,236168,175.325,41384,BC,5910,EC,BC
18012,303148,175.325,41386,BC,5532,EC,OC
18013,248892,175.32,41387,MBCDNC,1210,EC,MBCDNC
18014,278435,175.32,41388,BC,2328,BM,OC
18015,223777,175.32,41389,MBCV,2708,IT,MBCV
18016,309812,175.32,41390,MBCV,1317,EE,MBCV
18017,206290,175.32,41391,BC,1216,EC,BC
18018,300718,175.32,41393,SC,1510,CS,OC
18019,278677,175.32,41394,SC,2741,CS,SC
18020,220139,175.32,41396,MBCV,1501,IT,OC
18021,224248,175.32,41397,BC,4023,IT,BC
18022,239159,175.32,41400,MBCDNC,5910,EE,OC
18023,340658,175.32,41401,MBCV,4974,EE,MBCV
18024,211542,175.32,41402,BCM,1516,EC,BCM
18025,219917,175.315,41403,BC,2764,EE,BC
18026,236968,175.315,41404,BC,2736,EC,OC
18027,225222,175.315,41407,MBCV,1226,CS,OC
18028,241768,175.315,41408,BC,1306,EC,BC
18029,247811,175.315,41409,MBCDNC,5910,EC,MBCDNC
18030,315816,175.315,41410,MBCV,2609,CS,OC
18031,314060,175.31,41412,BC,2608,AD,BC
18032,304160,175.305,41415,MBCV,1237,AD,MBCV
18033,263094,175.305,41416,MBCV,2711,ME,MBCV
18034,225661,175.305,41417,SC,1321,MN,SC
18035,234164,175.305,41418,BC,2764,CH,OC
18036,220945,175.3,41420,BC,1306,EC,BC
18037,323155,175.3,41422,BC,4678,AD,BC
18038,324823,175.3,41423,MBCDNC,4670,ME,OC
18039,254482,175.3,41424,BC,1149,EC,BC
18040,359478,175.3,41425,BCM,5536,EC,OC
18041,313065,175.295,41429,SC,2710,CS,SC
18042,349440,175.295,41431,SC,1026,CS,SC
18043,265771,175.295,41432,SC,2653,CB,OC
18044,213132,175.295,41434,MBCV,2734,CS,MBCV
18045,239309,175.295,41436,BC,2329,IT,OC
18046,355614,175.295,41437,MBCDNC,2342,EC,OC
18047,358796,175.295,41438,MBC,2609,CY,OC
18048,241028,175.295,41439,MBCV,1211,ME,MBCV
18049,237123,175.295,41440,BC,2607,IT,OC
18050,228090,175.295,41442,BC,2710,EE,OC
18051,314349,175.295,41443,MBCV,2618,EC,MBCV
18052,334218,175.295,41444,BC,2656,CS,BC
18053,204169,175.295,41445,MBCV,1110,BT,OC
18054,307279,175.295,41447,BC,2347,EC,OC
18055,310994,175.295,41451,MBCV,1217,CS,OC
18056,271737,175.295,41452,BC,3801,CS,BC
18057,302272,175.295,41457,BCM,3852,CS,OC
18058,204279,175.295,41458,BC,1311,EC,BC
18059,314601,175.29,41459,SCA,2025,EE,SCA
18060,266019,175.285,41460,BC,2719,AE,BC
18061,304475,175.285,41461,BC,2723,EC,BC
18062,285118,175.285,41462,BC,4944,EC,OC
18063,269915,175.285,41464,OC,2737,CS,OC
18064,261633,175.285,41469,MBCDNC,2622,CH,OC
18065,223661,175.285,41471,OC,1110,IT,OC
18066,257612,175.285,41472,BC,4678,AD,BC
18067,265768,175.28,41474,BCM,4959,CS,BCM
18068,281466,175.275,41476,MBCV,2706,CS,MBCV
18069,208858,175.275,41478,BC,1216,EC,BC
18070,319821,175.275,41479,BC,2608,EC,BC
18071,226630,175.275,41480,BCM,1424,CS,OC
18072,229816,175.275,41483,BC,1216,EC,BC
18073,214991,175.275,41485,BC,1306,EC,BC
18074,200928,175.275,41486,BC,2750,AD,BC
18075,305765,175.275,41487,SC,1211,EC,SC
18076,272866,175.275,41488,BC,3021,CS,BC
18077,361118,175.275,41489,MBCDNC,2610,EC,OC
18078,337025,175.275,41490,BC,2636,CS,OC
18079,202115,175.27,41494,MBCV,2634,EC,OC
18080,219072,175.27,41495,BC,2735,EE,OC
18081,206172,175.27,41498,BC,1140,AD,BC
18082,277505,175.27,41499,MBCV,1122,IT,MBCV
18083,328916,175.265,41500,SC,2718,EC,SC
18084,295723,175.265,41501,BC,2610,BT,OC
18085,250171,175.265,41502,BC,1149,EC,BC
18086,227767,175.265,41503,BC,1307,BM,BC
18087,200171,175.265,41505,BC,2607,AD,BC
18088,248703,175.265,41506,SCA,2708,EE,OC
18089,346860,175.265,41508,SC,1516,EE,SC
18090,290832,175.265,41509,MBCV,1231,AD,MBCV
18091,335210,175.265,41510,BC,1207,BM,OC
18092,312697,175.265,41511,BC,2601,BM,OC
18093,238579,175.26,41514,BC,2736,AD,BC
18094,318490,175.26,41517,MBCDNC,1414,CS,MBCDNC
18095,351445,175.26,41518,SC,4974,EC,SC
18096,309105,175.26,41519,SCA,2709,EE,SC
18097,292581,175.255,41523,BC,2722,IC,BC
18098,266214,175.255,41524,BC,3805,BM,OC
18099,322404,175.255,41526,BC,1303,IT,OC
18100,204356,175.255,41527,MBCDNC,5010,CE,OC
18101,231836,175.255,41529,BC,2751,AD,OC
18102,372330,175.255,41531,MBC,2711,ME,MBC
18103,335651,175.255,41532,BC,1237,AD,BC
18104,358717,175.255,41533,SCA,1401,CS,OC
18105,280725,175.255,41534,BC,3021,CS,BC
18106,287497,175.255,41536,BC,2731,CS,OC
18107,323788,175.25,41538,BC,5921,CB,OC
18108,248374,175.25,41539,MBC,4020,CS,MBC
18109,286634,175.25,41540,MBCV,4974,EE,MBCV
18110,321309,175.25,41541,MBC,4959,CS,MBC
18111,236260,175.25,41542,MBC,1450,EE,MBC
18112,246944,175.25,41543,BC,1324,EE,BC
18113,297028,175.25,41544,BC,1116,CS,BC
18114,338448,175.25,41545,BC,4971,ME,OC
18115,338988,175.25,41546,BCM,4944,CS,OC
18116,245619,175.25,41549,BC,5910,CE,OC
18117,288009,175.25,41552,BC,2711,MZ,BC
18118,200438,175.25,41554,MBC,2702,AU,MBC
18119,204918,175.245,41558,BC,1307,CS,BC
18120,271006,175.245,41560,MBCDNC,1211,ME,MBCDNC
18121,303266,175.245,41561,SC,2025,ME,SC
18122,371865,175.245,41562,BCM,4955,CE,OC
18123,257307,175.24,41565,SC,1324,IT,SC
18124,260016,175.24,41566,SC,4960,CS,SC
18125,321667,175.24,41570,BC,2708,EC,OC
18126,317492,175.24,41571,BC,4023,IT,BC
18127,203338,175.24,41572,MBCDNC,3830,AD,OC
18128,218664,175.24,41573,SC,1422,CS,SC
18129,252660,175.24,41574,MBCV,2653,CS,MBCV
18130,227548,175.24,41575,BC,4959,BT,OC
18131,258976,175.24,41576,BC,2707,CS,OC
18132,296524,175.24,41577,BC,2741,EE,OC
18133,257644,175.24,41579,MBC,4960,CE,OC
18134,312131,175.24,41581,MBCV,3465,EE,MBCV
18135,293947,175.24,41582,BC,3464,EE,OC
18136,274601,175.24,41583,MBCV,2755,AG,OC
18137,236456,175.24,41584,BC,2726,AL,OC
18138,312776,175.24,41585,BC,1316,CH,OC
18139,337533,175.24,41586,MBCV,1325,IT,OC
18140,318965,175.24,41589,BC,4960,ME,BC
18141,313958,175.24,41590,BC,2711,CE,OC
18142,316303,175.24,41595,BCM,5532,CS,OC
18143,238687,175.24,41596,BC,1216,EC,BC
18144,322875,175.24,41601,MBCV,2618,EE,MBCV
18145,318469,175.24,41602,BC,2734,AD,OC
18146,276095,175.24,41603,BC,1432,ME,OC
18147,214478,175.23,41607,SC,1211,EC,SC
18148,229416,175.23,41609,MBC,1317,CH,MBC
18149,201822,175.23,41612,BC,2707,AD,OC
18150,346656,175.22,41613,BC,2727,AL,BC
18151,208988,175.22,41614,BC,1316,CS,OC
18152,248742,175.22,41616,MBCDNC,3841,AD,OC
18153,328176,175.22,41618,BC,1317,CH,BC
18154,289842,175.22,41619,MBC,2369,EE,MBC
18155,369962,175.22,41620,BCM,1118,CS,BCM
18156,257709,175.22,41621,BC,5910,EC,BC
18157,240320,175.22,41623,BC,4678,EC,BC
18158,230674,175.22,41624,BCM,2725,IT,BCM
18159,245824,175.22,41627,MBCV,2704,EC,MBCV
18160,250532,175.22,41628,BC,4981,CS,OC
18161,339044,175.215,41629,SC,5,IT,SC
18162,244701,175.215,41630,BC,1114,IT,BC
18163,270338,175.215,41631,MBCDNC,1112,EC,MBCDNC
18164,294940,175.21,41633,BC,2708,CS,BC
18165,272394,175.21,41634,MBCDNC,3465,EE,MBCDNC
18166,273659,175.21,41636,SC,5502,CS,OC
18167,231305,175.21,41637,OC,1122,EC,OC
18168,316983,175.21,41638,BC,1013,EC,BC
18169,356322,175.21,41639,MBCDNC,5921,CE,OC
18170,245868,175.21,41641,BC,5986,CE,OC
18171,263511,175.21,41643,BC,2608,EC,BC
18172,251290,175.21,41645,BC,2706,EI,OC
18173,254177,175.21,41646,SC,1026,EC,SC
18174,302414,175.21,41648,BC,3908,CS,OC
18175,213144,175.21,41650,BC,2607,MZ,OC
18176,310560,175.21,41651,BC,5022,CS,BC
18177,310999,175.21,41652,BC,2750,CB,OC
18178,367821,175.21,41654,BC,2709,AU,BC
18179,259434,175.21,41655,BC,1310,EC,OC
18180,226754,175.21,41656,MBCV,1211,CE,MBCV
18181,270467,175.21,41657,BCM,2702,EE,BCM
18182,302220,175.21,41658,BC,2608,EC,BC
18183,225381,175.205,41659,BCM,1509,IT,OC
18184,224564,175.205,41660,OC,2734,AD,OC
18185,251171,175.205,41661,MBCDNC,3830,CB,OC
18186,333447,175.205,41664,BC,1504,CS,OC
18187,331997,175.205,41665,SC,2603,EC,SC
18188,238784,175.205,41667,BC,2622,AD,OC
18189,210758,175.205,41668,BC,1140,AD,BC
18190,257698,175.2,41670,BC,2711,CE,OC
18191,207169,175.2,41671,BC,1324,EE,BC
18192,261818,175.2,41672,BC,3701,CS,BC
18193,358444,175.2,41673,BC,4955,EC,OC
18194,311696,175.2,41674,SC,2702,CS,SC
18195,339539,175.2,41675,BC,2622,CS,BC
18196,309093,175.2,41676,MBCDNC,2725,IT,MBCDNC
18197,254974,175.195,41677,MBCV,2722,EC,MBCV
18198,269495,175.195,41678,BC,1216,EC,BC
18199,253910,175.195,41679,BC,2608,EC,BC
18200,332667,175.195,41685,BC,1149,EC,BC
18201,203839,175.195,41686,BC,4965,BT,OC
18202,269819,175.19,41687,BC,1307,EC,OC
18203,339740,175.19,41690,BC,1140,AD,BC
18204,328710,175.19,41691,BC,1303,BT,OC
18205,315008,175.19,41693,SCA,2750,BM,OC
18206,247635,175.19,41694,SC,1126,CS,OC
18207,306438,175.185,41695,OC,4023,EE,OC
18208,228440,175.185,41697,BCM,3819,IT,BCM
18209,293719,175.185,41698,MBCDNC,2603,ME,MBCDNC
18210,250257,175.185,41699,BC,4954,CS,BC
18211,342844,175.185,41701,BC,2723,EC,BC
18212,278377,175.185,41702,BC,1114,EC,OC
18213,345612,175.185,41703,SC,1409,BT,OC
18214,308791,175.185,41705,BC,2345,CS,OC
18215,256714,175.185,41706,MBCV,1219,ME,MBCV
18216,319929,175.185,41707,BC,4960,CE,OC
18217,258337,175.185,41708,BC,5904,IT,BC
18218,249373,175.185,41710,BC,2708,IT,BC
18219,363146,175.185,41713,MBCDNC,2704,CS,MBCDNC
18220,333592,175.185,41714,SC,3465,EE,SC
18221,371711,175.185,41715,SC,3011,IT,SC
18222,280662,175.185,41716,BC,1216,EC,BC
18223,209457,175.185,41718,BC,1419,ME,OC
18224,215110,175.185,41719,BC,5910,EC,BC
18225,354588,175.185,41720,BCM,4967,EC,OC
18226,227367,175.185,41722,BC,4954,CS,BC
18227,312703,175.185,41725,BC,5,IT,BC
18228,225707,175.185,41726,MBCDNC,4023,EE,OC
18229,200273,175.18,41728,BC,2607,IT,OC
18230,249226,175.175,41729,BC,1231,EC,BC
18231,334172,175.175,41730,BC,2642,IT,OC
18232,320118,175.175,41732,BC,2653,IT,BC
18233,319287,175.175,41733,MBCV,3465,ME,OC
18234,284571,175.175,41734,BC,5009,EE,OC
18235,314754,175.175,41735,ST,2743,AD,OC
18236,232166,175.175,41737,BC,1317,EI,BC
18237,319201,175.175,41740,MBCV,2722,EC,MBCV
18238,326722,175.175,41741,BCM,3011,EC,BCM
18239,226064,175.175,41742,SC,2740,IT,OC
18240,207427,175.175,41743,MBCV,2734,IT,MBCV
18241,206632,175.175,41744,BC,1413,CS,BC
18242,235181,175.175,41745,BC,1401,CS,OC
18243,280512,175.175,41746,BC,1114,EC,OC
18244,207843,175.175,41747,BC,1231,EC,BC
18245,257345,175.175,41754,MBCV,1516,CE,OC
18246,300998,175.17,41755,MBCDNC,4960,EE,MBCDNC
18247,206315,175.17,41756,MBCDNC,5009,EC,MBCDNC
18248,222952,175.165,41757,BC,1307,CS,BC
18249,275673,175.165,41758,MBCV,2729,AD,OC
18250,322149,175.165,41762,BC,1309,EE,BC
18251,273841,175.165,41763,BC,3803,EC,OC
18252,203131,175.16,41765,MBCV,1231,EC,MBCV
18253,336163,175.155,41767,BC,1133,CS,OC
18254,281045,175.155,41768,BCM,2719,EC,BCM
18255,200562,175.155,41770,BC,2727,EC,BC
18256,358357,175.155,41771,BCM,2652,CS,OC
18257,262866,175.155,41773,MBCDNC,1311,AD,MBCDNC
18258,260038,175.155,41774,BC,1325,CS,OC
18259,273602,175.155,41778,MBCDNC,2607,CS,MBCDNC
18260,300624,175.155,41781,BC,5022,CS,BC
18261,205253,175.155,41783,OC,1225,CS,OC
18262,303967,175.155,41784,OC,4954,EC,OC
18263,201292,175.155,41785,MBCV,5,CF,MBCV
18264,212148,175.155,41788,MBC,2704,EC,MBC
18265,304202,175.155,41789,MBC,2708,EC,OC
18266,238348,175.155,41790,MBCDNC,2622,EC,MBCDNC
18267,327541,175.155,41792,BC,3701,EE,OC
18268,265949,175.155,41793,BC,1014,CS,BC
18269,219609,175.155,41795,BC,3830,EC,OC
18270,370806,175.155,41796,BC,4992,ME,OC
18271,335220,175.155,41797,BC,2722,CE,OC
18272,266697,175.155,41798,MBCV,1420,IT,OC
18273,328308,175.155,41799,MBCV,1231,IT,MBCV
18274,226170,175.15,41800,BC,2618,BM,OC
18275,227265,175.15,41801,MBCV,1114,CS,MBCV
18276,325314,175.15,41802,OC,4955,EC,OC
18277,234339,175.15,41804,BC,1311,EC,BC
18278,309648,175.15,41805,BC,2736,BM,OC
18279,302586,175.15,41807,MBC,5910,EE,OC
18280,214955,175.15,41808,BC,2726,AL,BC
18281,306749,175.15,41809,BC,1501,CS,OC
18282,201527,175.15,41810,BC,2601,IT,OC
18283,308141,175.145,41811,BC,2707,RM,OC
18284,372752,175.145,41812,SC,3815,CS,OC
18285,313085,175.145,41814,MBCV,4960,CS,MBCV
18286,203360,175.145,41815,BC,1122,BT,BC
18287,265540,175.145,41816,BC,1310,CS,BC
18288,363849,175.145,41817,MBCDNC,2735,CS,MBCDNC
18289,296058,175.145,41818,MBCDNC,1118,CS,MBCDNC
18290,341459,175.145,41821,SCA,2006,RA,SCA
18291,304437,175.145,41822,SC,1113,CB,SC
18292,208316,175.145,41823,SC,2729,AE,OC
18293,318231,175.145,41824,BC,2708,EC,OC
18294,222924,175.14,41828,SCA,1419,CS,SCA
18295,314131,175.14,41829,BC,2710,EE,OC
18296,209228,175.14,41832,BC,1210,EE,BC
18297,234984,175.14,41833,BC,1419,ME,BC
18298,369671,175.14,41834,SC,1419,EC,SC
18299,228600,175.14,41835,BC,2608,AD,BC
18300,203583,175.14,41836,BC,2601,CS,BC
18301,313985,175.14,41837,BC,2750,AD,BC
18302,275494,175.14,41838,MBCV,2610,BM,OC
18303,200262,175.14,41840,BC,5910,EC,BC
18304,266895,175.14,41841,BC,4967,CS,OC
18305,217078,175.135,41846,MBCV,2719,CJ,MBCV
18306,263394,175.135,41847,BC,4959,EC,OC
18307,369923,175.135,41848,MBCV,1412,IT,OC
18308,290407,175.13,41851,BC,2727,AL,BC
18309,254461,175.13,41852,BC,3011,EE,BC
18310,296958,175.13,41853,MBCV,5901,ME,MBCV
18311,341635,175.13,41854,MBCV,1412,CS,OC
18312,245995,175.13,41856,BC,2702,AU,BC
18313,203702,175.13,41857,MBC,1114,CS,MBC
18314,330763,175.13,41858,BC,2620,EC,OC
18315,345088,175.13,41860,BC,2723,BM,BC
18316,234172,175.13,41861,SC,3810,CE,OC
18317,259470,175.13,41864,BC,4959,BT,OC
18318,338640,175.12,41866,MBCV,2603,ME,MBCV
18319,235701,175.12,41867,SCA,2,PM,SCA
18320,351766,175.12,41869,BC,2723,IT,BC
18321,368842,175.12,41872,MBCDNC,2354,EC,OC
18322,367310,175.12,41873,BC,1216,EC,BC
18323,250569,175.12,41875,BC,2740,CS,BC
18324,292048,175.12,41876,BCM,5010,ME,OC
18325,358219,175.12,41877,BC,4670,CS,BC
18326,300891,175.12,41878,SC,2702,BT,SC
18327,229297,175.12,41879,MBCDNC,4960,ME,MBCDNC
18328,222676,175.12,41880,BC,2727,EC,BC
18329,212707,175.12,41881,BC,2711,ME,BC
18330,341171,175.12,41882,BC,4917,IT,OC
18331,278326,175.12,41885,BC,1122,EC,OC
18332,274906,175.12,41889,BC,2740,CS,BC
18333,261172,175.12,41890,BC,5910,EC,BC
18334,278196,175.12,41891,BCM,1419,ME,BCM
18335,222071,175.12,41892,MBC,1317,EE,MBC
18336,242353,175.11,41893,BC,2711,ME,BC
18337,351188,175.11,41894,BC,4678,CE,OC
18338,229405,175.11,41895,BC,4917,IT,OC
18339,295449,175.11,41896,BC,2704,ME,OC
18340,275304,175.11,41898,BC,2613,CE,OC
18341,247156,175.11,41899,BC,3908,CS,OC
18342,354433,175.11,41901,BC,1122,BT,BC
18343,209472,175.11,41902,BC,1210,EE,BC
18344,294261,175.11,41903,MBCV,2656,CS,MBCV
18345,314810,175.11,41904,BCM,1207,EC,OC
18346,308921,175.11,41908,MBCV,2608,IT,MBCV
18347,365382,175.11,41909,SC,1211,EC,SC
18348,361112,175.11,41911,SC,2377,ME,SC
18349,263319,175.11,41915,BC,4974,ME,BC
18350,232321,175.105,41916,BC,2608,AL,BC
18351,277980,175.105,41917,MBCDNC,1432,AD,MBCDNC
18352,275132,175.105,41919,BC,2711,ME,BC
18353,221651,175.105,41920,MBCV,2736,CS,MBCV
18354,220566,175.105,41921,BC,3465,ME,OC
18355,318708,175.105,41922,BC,4020,GI,OC
18356,276123,175.1,41925,BC,5530,EC,OC
18357,316641,175.1,41926,SCA,5008,EE,SCA
18358,243009,175.1,41929,BC,2727,EC,BC
18359,210536,175.1,41930,BC,1211,CE,BC
18360,302550,175.1,41931,SCA,2715,CS,OC
18361,286131,175.1,41935,MBCV,2627,BT,OC
18362,267805,175.1,41936,BCM,2702,EE,BCM
18363,302367,175.1,41937,BC,2764,EE,BC
18364,269044,175.1,41941,MBCV,1217,BM,OC
18365,332629,175.1,41942,BCM,2710,IT,BCM
18366,244050,175.1,41943,BC,1140,IT,BC
18367,201359,175.095,41944,OC,2736,BM,OC
18368,222985,175.095,41947,BC,2736,EC,OC
18369,228151,175.095,41948,BC,2722,IC,BC
18370,267756,175.095,41950,MBCDNC,4944,CS,OC
18371,324763,175.095,41951,BCM,1424,CS,OC
18372,250112,175.095,41953,BC,4974,ME,BC
18373,281427,175.09,41955,BCM,3803,CS,BCM
18374,284115,175.085,41962,BC,2751,CS,BC
18375,277500,175.085,41964,BC,2751,CS,BC
18376,231354,175.085,41965,SC,1112,CS,SC
18377,234816,175.085,41966,BC,5919,BT,OC
18378,215070,175.085,41968,BC,2722,IC,BC
18379,203955,175.085,41969,BC,2715,CS,OC
18380,280204,175.085,41970,BC,1316,IT,OC
18381,210457,175.08,41971,SC,1304,IT,SC
18382,207455,175.08,41973,BC,5910,EC,BC
18383,286683,175.08,41974,BC,2750,AG,OC
18384,259555,175.08,41975,MBCDNC,1211,ME,MBCDNC
18385,246539,175.08,41976,MBCDNC,2725,CS,MBCDNC
18386,262876,175.08,41979,MBCV,3019,CS,OC
18387,241224,175.075,41982,BC,3801,CS,BC
18388,272878,175.075,41983,BC,2750,AD,BC
18389,262267,175.075,41985,BC,4965,CE,OC
18390,244760,175.075,41987,OC,2751,AD,OC
18391,303066,175.075,41988,BC,5904,IT,BC
18392,208422,175.075,41989,BC,5910,EC,BC
18393,306754,175.075,41990,BC,2726,AL,BC
18394,207604,175.075,41992,SC,5986,CS,SC
18395,356435,175.075,41993,BC,1311,AE,OC
18396,236087,175.075,41994,BC,2719,ME,BC
18397,287591,175.075,41996,BCM,2764,CS,BCM
18398,297079,175.075,41998,MBCDNC,4917,AD,OC
18399,349103,175.075,41999,BC,1504,CS,OC
18400,280354,175.075,42000,BC,1140,EC,OC
18401,302487,175.075,42001,BC,3803,EC,OC
18402,258044,175.07,42004,BC,2611,FD,OC
18403,221932,175.07,42005,MBC,2723,CS,MBC
18404,292593,175.07,42006,MBC,5022,CS,MBC
18405,257189,175.07,42008,BC,2740,CS,BC
18406,262013,175.07,42009,BCM,4670,ME,OC
18407,307574,175.07,42011,MBCV,2621,EC,OC
18408,316956,175.065,42012,BC,1311,EC,BC
18409,322841,175.065,42013,BC,5,EC,BC
18410,240666,175.065,42015,BC,2719,AE,BC
18411,302611,175.065,42017,MBCDNC,2608,CS,MBCDNC
18412,294456,175.065,42018,BC,5,EE,OC
18413,202704,175.065,42019,MBCDNC,1026,EC,MBCDNC
18414,252641,175.065,42020,BC,1309,EE,BC
18415,295187,175.065,42021,SC,2329,AG,OC
18416,251296,175.065,42022,BC,3830,EC,OC
18417,326152,175.065,42023,BC,2726,EC,OC
18418,277061,175.065,42024,MBCV,1237,CS,MBCV
18419,268744,175.065,42026,MBC,2734,IT,MBC
18420,346136,175.065,42028,BC,2776,MZ,OC
18421,222324,175.065,42029,BC,4954,CS,BC
18422,230265,175.065,42030,BC,1419,EI,BC
18423,212724,175.065,42031,BCM,2704,CS,BCM
18424,284596,175.065,42032,MBCDNC,2735,AD,MBCDNC
18425,320849,175.065,42034,BC,2609,CS,OC
18426,238201,175.065,42035,BC,2702,ME,BC
18427,316894,175.065,42038,MBC,4959,EC,OC
18428,249712,175.065,42041,BC,2329,IT,OC
18429,303718,175.065,42043,BC,2708,IT,BC
18430,225168,175.065,42044,SC,2640,CS,OC
18431,268857,175.065,42045,BCM,5904,IT,BCM
18432,269540,175.065,42046,MBCV,1401,CS,OC
18433,308597,175.065,42049,BC,2608,AL,BC
18434,252938,175.06,42051,BC,4917,EC,OC
18435,230576,175.055,42053,MBCDNC,1419,CJ,MBCDNC
18436,267387,175.055,42054,BC,1414,CS,BC
18437,232256,175.055,42055,BC,2711,ME,BC
18438,265028,175.055,42057,MBC,2618,EE,MBC
18439,293562,175.055,42058,BC,5915,CS,OC
18440,209825,175.055,42063,BC,5910,EC,BC
18441,276547,175.055,42064,SC,1321,PA,SC
18442,286813,175.05,42065,SC,1120,CS,SC
18443,361385,175.05,42066,MBCV,2729,AD,OC
18444,372874,175.05,42067,BC,2755,FD,OC
18445,288156,175.045,42068,MBCDNC,5022,CS,MBCDNC
18446,368662,175.045,42070,MBCV,2725,IT,MBCV
18447,292524,175.045,42071,BC,4969,EC,OC
18448,353055,175.045,42072,BC,1504,EE,OC
18449,233742,175.045,42074,BC,2622,ME,OC
18450,237823,175.045,42075,SC,3805,AG,OC
18451,273209,175.045,42076,MBCV,2613,CS,OC
18452,360658,175.045,42077,BC,1110,BT,OC
18453,313080,175.045,42078,SC,1112,CS,SC
18454,205397,175.045,42079,BC,4959,IT,BC
18455,242978,175.045,42081,BCM,5904,IT,BCM
18456,355153,175.045,42082,MBCV,1510,CS,OC
18457,207478,175.045,42083,BC,2734,AD,OC
18458,248434,175.045,42084,BC,2740,CS,BC
18459,268149,175.045,42085,BC,4024,EC,BC
18460,276614,175.045,42088,BC,1207,EC,OC
18461,215490,175.045,42089,MBCDNC,4955,IT,MBCDNC
18462,285360,175.045,42090,BC,5010,CE,OC
18463,279003,175.045,42092,BC,5,CH,OC
18464,294133,175.045,42093,MBCDNC,2751,EC,OC
18465,354927,175.045,42095,BC,2704,EC,BC
18466,288231,175.045,42097,BC,4676,CS,OC
18467,316102,175.045,42098,BC,2708,EC,OC
18468,293892,175.04,42100,BC,2608,CB,BC
18469,211030,175.04,42101,SC,2702,CS,SC
18470,253425,175.04,42102,BC,1116,CS,BC
18471,236743,175.04,42103,BC,4955,EC,OC
18472,358351,175.04,42105,MBCDNC,2708,CS,MBCDNC
18473,240301,175.04,42108,OC,4981,IT,OC
18474,319232,175.04,42111,MBCV,2702,EE,MBCV
18475,229566,175.04,42112,BC,5,EC,BC
18476,322386,175.04,42113,MBCDNC,4974,ME,MBCDNC
18477,276068,175.04,42114,MBCV,1304,RM,MBCV
18478,238722,175.04,42116,BC,2702,TX,OC
18479,245494,175.04,42117,BC,1218,CS,OC
18480,329730,175.04,42118,MBCV,1505,EC,OC
18481,321688,175.035,42119,BC,2653,AD,OC
18482,280609,175.035,42120,BC,2634,CS,OC
18483,260435,175.035,42121,MBCV,1015,CS,MBCV
18484,362650,175.035,42123,MBCV,1505,IT,OC
18485,320601,175.035,42125,MBCV,5,EC,MBCV
18486,346456,175.03,42126,MBCV,2623,CS,OC
18487,315295,175.03,42129,BC,2741,EC,BC
18488,202821,175.03,42130,BC,4917,CS,OC
18489,264555,175.03,42134,BC,3760,CS,OC
18490,252600,175.03,42135,MBCV,2613,IT,OC
18491,244153,175.03,42136,BC,5,IT,BC
18492,310873,175.02,42139,BC,5910,EC,BC
18493,282299,175.02,42140,MBCDNC,2711,EI,MBCDNC
18494,254399,175.02,42141,BC,2740,EC,OC
18495,202701,175.02,42143,BC,2369,EE,BC
18496,209089,175.015,42144,BCM,5910,EE,OC
18497,316621,175.015,42146,BC,2727,AL,BC
18498,321985,175.01,42147,MBCDNC,2708,CS,MBCDNC
18499,313500,175.01,42149,SC,2615,MT,SC
18500,217044,175.01,42151,BCM,3011,PC,OC
18501,337803,175.01,42152,MBCV,3830,CS,MBCV
18502,235114,175.01,42154,SC,2711,FD,SC
18503,256841,175.01,42157,SC,3011,EC,SC
18504,285615,175.01,42160,BC,4955,AD,BC
18505,226872,175.01,42163,BC,2750,EC,OC
18506,273792,175.01,42164,MBCV,2611,BM,OC
18507,300820,175.01,42167,MBC,2727,AG,OC
18508,321354,175.01,42168,MBCDNC,2725,CS,MBCDNC
18509,371379,175.01,42169,MBCDNC,3425,ME,OC
18510,224876,175.01,42170,BC,2726,AL,BC
18511,294302,175.01,42171,OC,4944,EC,OC
18512,204188,175.01,42172,BC,1412,CS,OC
18513,246549,175.01,42174,BC,2328,CS,OC
18514,319089,175.01,42175,BC,2653,CS,BC
18515,315032,175.01,42177,BC,2751,EC,OC
18516,302036,175.01,42178,SC,4020,CS,SC
18517,297128,175.01,42182,BCM,2622,IT,OC
18518,200142,175,42184,SC,1317,AD,SC
18519,202364,175,42185,MBCDNC,1149,IT,MBCDNC
18520,308613,175,42186,OC,3830,AL,OC
18521,355937,144,118643,SC,4023,CS,SC
18522,218102,175,42192,BC,1210,ME,OC
18523,370368,175,42195,MBCV,1409,BT,MBCV
18524,227910,175,42196,BC,1237,AD,BC
18525,303402,175,42201,OC,2729,AD,OC
18526,318858,175,42204,MBCV,1324,EE,MBCV
18527,256749,175,42207,BC,1210,EE,BC
18528,354033,175,42208,SC,1014,CS,SC
18529,310723,175,42209,BC,2739,ME,BC
18530,205936,175,42210,MBCV,2739,EC,MBCV
18531,346132,175,42211,SC,5,IT,SC
18532,267352,175,42212,BC,2608,CE,OC
18533,284250,175,42216,BC,1210,EE,BC
18534,241113,175,42218,BC,4024,EE,OC
18535,361000,175,42220,MBCV,2643,CS,OC
18536,242101,175,42223,SC,4962,IT,SC
18537,338653,175,42224,BC,1419,ME,BC
18538,284188,175,42225,BC,2618,EE,BC
18539,295194,175,42227,MBCV,1209,EE,OC
18540,326360,175,42228,MBCV,1216,AG,MBCV
18541,326332,175,42229,SC,2006,AS,SC
18542,355627,175,42230,SCA,2302,BM,OC
18543,239554,175,42231,BCM,2702,EI,BCM
18544,286238,175,42232,BC,2702,CE,BC
18545,322180,175,42238,MBC,1419,EI,MBC
18546,281222,175,42239,BC,4960,ME,BC
18547,264415,175,42243,MBCDNC,2711,EI,MBCDNC
18548,286461,175,42244,BC,1217,EC,OC
18549,297908,175,42246,BC,2722,ME,OC
18550,328169,175,42247,BC,1014,CS,BC
18551,266889,175,42249,BC,3803,IT,OC
18552,241122,175,42250,BC,1413,AD,OC
18553,261619,175,42251,MBCDNC,3826,EE,OC
18554,301874,175,42254,MBCV,2607,IT,OC
18555,280160,175,42257,MBCV,1325,CS,OC
18556,263381,175,42264,BCM,3011,EE,BCM
18557,334200,175,42265,BC,1116,CS,BC
18558,349243,175,42266,SC,3011,CE,OC
18559,244890,175,42267,BC,1217,CS,OC
18560,254529,175,42270,MBCDNC,2607,CS,MBCDNC
18561,213869,175,42271,BC,2623,IT,OC
18562,364267,175,42274,BC,1422,AG,OC
18563,200766,175,42276,BC,2706,EE,BC
18564,283191,175,42281,SC,1113,CE,SC
18565,306124,175,42282,SC,2615,CE,SC
18566,299357,175,42284,BC,2735,EC,OC
18567,296052,175,42285,BC,2711,MZ,BC
18568,336887,175,42286,SC,1216,CS,SC
18569,306558,175,42288,MBCV,1422,EC,MBCV
18570,280120,175,42289,BC,4959,IT,BC
18571,305971,175,42290,BC,1113,ME,BC
18572,206191,175,42294,MBCV,1304,CE,OC
18573,370993,175,42295,BC,1225,CS,OC
18574,284715,175,42297,BC,5,EE,OC
18575,241036,175,42300,BC,2601,CS,BC
18576,322006,175,42301,MBCV,4960,CS,MBCV
18577,336747,175,42302,OC,1228,CS,OC
18578,315396,175,42305,SC,1113,CD,SC
18579,348467,175,42306,BC,2727,BT,BC
18580,280407,175,42307,SCA,2006,CN,SCA
18581,200324,175,42314,MBCDNC,1211,ME,MBCDNC
18582,254324,175,42316,OC,2726,EC,OC
18583,313256,175,42319,MBCV,2702,SE,MBCV
18584,336149,175,42320,BCM,1210,CB,BCM
18585,313967,175,42321,BC,5,IT,BC
18586,318729,175,42323,BC,2711,MZ,BC
18587,343655,175,42325,MBCV,1120,EC,MBCV
18588,279371,175,42327,BC,1231,EC,BC
18589,287515,175,42329,BCM,2702,EE,BCM
18590,369891,175,42330,MBCV,1237,IT,MBCV
18591,355243,175,42331,MBCV,1413,AD,OC
18592,246464,175,42334,BC,1110,CS,BC
18593,358890,175,42336,MBCV,4960,BT,MBCV
18594,234525,175,42338,BC,1210,EE,BC
18595,336910,175,42340,MBCV,2721,CS,MBCV
18596,291536,175,42341,BC,1120,EE,OC
18597,354843,175,42343,MBCV,1237,CS,MBCV
18598,332484,175,42344,BC,2740,CS,BC
18599,328963,175,42350,BC,1307,CS,BC
18600,288541,175,42354,MBCV,2739,CB,MBCV
18601,228362,175,42356,OC,1422,EE,OC
18602,336679,175,42357,OC,1419,MU,OC
18603,291203,175,42361,BC,2704,EC,BC
18604,233026,174.99,42364,BCM,1210,CO,BCM
18605,291787,174.99,42366,BC,2740,AD,BC
18606,293449,174.99,42367,MBCV,1014,EC,OC
18607,324600,174.99,42372,SC,1225,CS,OC
18608,245798,174.99,42373,MBCV,1516,ME,OC
18609,311906,174.99,42375,BC,2726,EC,OC
18610,221031,174.99,42376,BC,1014,CS,BC
18611,258246,174.985,42378,BC,1422,EE,OC
18612,341347,174.985,42382,BC,2613,CS,OC
18613,205603,174.985,42384,BC,1216,EC,BC
18614,280973,174.985,42387,BC,1432,ME,BC
18615,334048,174.98,42389,BC,5,EC,BC
18616,293725,174.98,42390,BC,2764,EE,BC
18617,214200,174.98,42391,BC,3830,AD,OC
18618,358830,174.98,42392,MBCDNC,2661,EC,OC
18619,285310,174.98,42394,BCM,1013,EC,BCM
18620,230770,174.98,42395,BC,1216,EC,BC
18621,267044,174.98,42396,MBCDNC,1419,MU,OC
18622,328879,174.98,42398,BC,2345,CS,OC
18623,313667,174.975,42399,MBCV,3464,EE,OC
18624,325840,174.975,42400,BC,5,IT,BC
18625,250985,174.975,42401,BC,1140,EC,OC
18626,249779,174.975,42402,MBCV,1233,CS,MBCV
18627,298227,174.975,42403,SCA,2,PM,SCA
18628,316302,174.975,42404,MBCV,3860,ME,OC
18629,214197,174.975,42405,BC,2750,AD,BC
18630,263781,174.975,42406,MBCV,2601,CS,MBCV
18631,355632,174.975,42410,MBCV,1233,AD,OC
18632,271484,174.975,42411,BC,1324,EE,BC
18633,211364,174.975,42412,MBCDNC,2727,AG,OC
18634,270058,174.97,42413,BC,1303,CS,OC
18635,224588,174.97,42415,BC,2740,CS,BC
18636,322873,174.97,42417,OC,2621,CS,OC
18637,318880,174.97,42418,MBCDNC,1516,CE,OC
18638,300721,174.97,42419,BC,1317,ME,OC
18639,247670,174.97,42420,BCM,3829,CS,OC
18640,344652,174.965,42422,BC,5,IT,BC
18641,256599,174.965,42423,SC,1113,CS,SC
18642,202845,174.965,42425,BC,2607,AD,BC
18643,371232,174.965,42426,MBCV,3817,CS,OC
18644,319231,174.965,42428,BC,2708,BM,BC
18645,317312,174.965,42429,MBCV,2739,EC,MBCV
18646,246241,174.965,42430,BCM,2739,EC,BCM
18647,275915,174.965,42431,MBCV,2369,ME,OC
18648,319428,174.965,42433,BC,3810,CS,OC
18649,351697,174.96,42434,MBCDNC,2611,CS,OC
18650,325476,174.96,42435,MBCV,3804,EC,OC
18651,255119,174.96,42436,MBCV,1118,CB,MBCV
18652,210246,174.955,42437,BC,2740,CS,BC
18653,247955,174.955,42438,BCM,2711,ME,BCM
18654,244413,174.955,42439,BC,2708,AL,BC
18655,239824,174.955,42443,MBCV,1207,EC,OC
18656,243991,174.955,42444,MBCV,3803,IT,OC
18657,246996,174.955,42449,MBCV,3803,CS,MBCV
18658,267444,174.955,42451,BC,2752,IT,OC
18659,240365,174.955,42454,MBCV,2722,EC,MBCV
18660,214485,174.955,42456,MBCV,1504,EC,OC
18661,355430,174.955,42458,BC,2369,EE,BC
18662,215806,174.955,42459,BC,1217,CS,OC
18663,254392,174.955,42460,BC,1311,AU,OC
18664,255264,174.955,42461,MBCDNC,1231,CS,MBCDNC
18665,258391,174.955,42463,MBCDNC,2622,EE,MBCDNC
18666,213608,174.955,42466,BC,1013,IT,BC
18667,249318,174.955,42467,MBCV,2739,AD,MBCV
18668,351519,174.955,42469,BC,2620,IT,OC
18669,223873,174.955,42470,BC,2751,AD,OC
18670,273694,174.95,42474,MBCDNC,1230,CS,OC
18671,256713,174.95,42475,SC,2719,CS,SC
18672,236255,174.95,42476,BC,3805,CS,OC
18673,238616,174.95,42477,BC,3830,ME,OC
18674,321393,174.945,42478,MBCV,1122,BT,MBCV
18675,310354,174.945,42479,BC,1304,ME,OC
18676,345687,174.945,42481,BC,3701,EC,OC
18677,295984,174.945,42482,BC,4955,EC,OC
18678,218110,174.945,42483,BC,1304,ME,OC
18679,210356,174.945,42484,MBCDNC,5910,EC,MBCDNC
18680,314924,174.945,42485,SCA,2723,EE,OC
18681,267759,174.945,42486,OC,2726,MZ,OC
18682,319539,174.945,42490,BC,2345,CS,OC
18683,297275,174.935,42493,MBCV,2345,CS,OC
18684,297319,174.935,42494,SC,4993,ME,OC
18685,250184,174.935,42495,BC,1120,EE,OC
18686,270985,174.935,42497,MBCV,2719,CJ,MBCV
18687,231682,174.935,42498,MBC,4960,ME,MBC
18688,225079,174.935,42499,BCM,1413,AD,OC
18689,301651,174.935,42502,BC,1216,EE,OC
18690,212795,174.935,42504,BC,4023,EC,BC
18691,364588,174.935,42505,SC,2343,HT,SC
18692,250475,174.935,42508,MBC,2734,AD,OC
18693,270738,174.935,42509,OC,3801,IT,OC
18694,298065,174.935,42510,BC,1306,EC,BC
18695,203622,174.935,42511,BC,5,IT,BC
18696,243815,174.935,42512,MBCV,2601,CS,MBCV
18697,205856,174.935,42513,MBCDNC,2764,AD,MBCDNC
18698,241608,174.935,42514,BC,2659,CS,OC
18699,297910,174.935,42515,BC,1013,IT,BC
18700,225428,174.935,42516,MBC,2734,AD,MBC
18701,218598,174.935,42517,BC,2601,EC,OC
18702,308104,174.935,42518,BCM,1231,IT,BCM
18703,278123,174.93,42519,MBCDNC,2723,CS,MBCDNC
18704,251671,174.93,42520,BC,2608,EE,OC
18705,249678,174.93,42521,MBCV,1422,EE,MBCV
18706,295750,174.93,42522,BC,4944,EC,OC
18707,326679,174.925,42527,SC,2709,EC,SC
18708,273138,174.925,42529,MBCDNC,2608,AD,MBCDNC
18709,340783,174.925,42530,BC,4978,BM,OC
18710,212799,174.925,42532,BC,2755,CS,OC
18711,261406,174.925,42533,BC,5,IT,BC
18712,280962,174.925,42534,SCA,1113,CS,SCA
18713,212675,174.925,42537,MBCDNC,4955,CS,MBCDNC
18714,235513,174.925,42539,BC,2707,CS,OC
18715,262426,174.925,42540,BC,5907,CS,OC
18716,214691,174.92,42543,MBCDNC,2736,CS,MBCDNC
18717,255121,174.92,42544,BC,2622,EC,BC
18718,213215,174.92,42545,SC,1026,EC,SC
18719,319146,174.92,42547,BC,4944,CS,OC
18720,219172,174.92,42548,BC,1422,EE,BC
18721,366191,174.92,42550,BCM,2652,EC,OC
18722,263062,174.92,42551,BC,1211,AU,OC
18723,350920,174.92,42552,BC,4955,EC,OC
18724,322545,174.92,42553,OC,1218,CS,OC
18725,336535,174.92,42556,BC,2611,IT,OC
18726,275412,174.92,42557,BC,1304,CE,OC
18727,286429,174.92,42558,MBCV,1114,CS,MBCV
18728,218863,174.92,42559,BC,2673,CS,OC
18729,352138,174.92,42560,BC,3701,CS,BC
18730,337861,174.92,42562,MBC,2715,CS,OC
18731,345585,174.92,42563,BC,4949,CS,OC
18732,234603,174.92,42564,SC,2622,EC,SC
18733,271611,174.92,42565,SC,1113,IT,SC
18734,335118,174.91,42569,MBC,2656,EC,MBC
18735,249929,174.91,42570,BC,2729,CS,OC
18736,326962,174.91,42574,MBC,2723,IT,MBC
18737,247046,174.905,42575,MBCV,2639,CS,OC
18738,337583,174.905,42576,BC,1414,CS,BC
18739,214470,174.9,42578,MBCDNC,2711,EE,MBCDNC
18740,239897,174.9,42580,BC,2329,CS,OC
18741,265745,174.9,42581,BC,4678,EC,BC
18742,247945,174.9,42583,BC,4959,IT,BC
18743,248008,174.9,42584,BC,1118,EC,BC
18744,242754,174.9,42585,BC,2740,CS,BC
18745,336555,174.9,42586,SC,2615,ME,SC
18746,211066,174.9,42587,BC,1116,CS,BC
18747,342372,174.9,42588,MBCDNC,2751,IT,MBCDNC
18748,233490,174.9,42589,OC,1110,BT,OC
18749,326766,174.9,42590,BC,1015,CS,BC
18750,218199,174.9,42591,BC,1225,CS,OC
18751,270904,174.9,42593,SC,2704,IT,SC
18752,212010,174.9,42594,MBCDNC,4960,CE,OC
18753,297813,174.9,42595,BC,5532,EC,OC
18754,235279,174.9,42596,SCA,1516,CS,SCA
18755,245658,174.9,42597,OC,3826,AD,OC
18756,307218,174.9,42599,BC,5,CF,BC
18757,336744,174.9,42601,BC,2711,ME,BC
18758,217799,174.9,42603,SC,4974,EE,SC
18759,205336,174.9,42604,BC,1118,ME,OC
18760,202116,174.9,42605,MBC,2764,CH,OC
18761,229186,174.9,42606,BC,4974,ME,BC
18762,201417,174.9,42607,MBCDNC,2615,CE,MBCDNC
18763,246500,174.9,42608,MBCDNC,1014,CS,MBCDNC
18764,231576,174.9,42609,MBCV,2719,EC,MBCV
18765,357936,174.9,42612,BC,2607,EC,OC
18766,205333,174.9,42613,BC,5986,ME,OC
18767,215896,174.9,42614,SC,5910,BM,SC
18768,302520,174.9,42615,MBCDNC,4931,EE,OC
18769,200215,174.9,42616,BC,2723,IT,BC
18770,261896,174.9,42617,BC,2739,ME,BC
18771,327787,174.89,42620,OC,2764,ME,OC
18772,274116,174.89,42621,BC,1216,EC,BC
18773,225092,174.89,42623,BC,2622,CS,BC
18774,245951,174.89,42624,BC,1304,ME,OC
18775,227380,174.89,42625,BC,2603,ME,BC
18776,370536,174.89,42626,SC,3826,BM,OC
18777,211194,174.89,42627,BC,2727,EC,BC
18778,308387,174.89,42629,SC,1503,CS,OC
18779,324703,174.89,42630,BC,4955,EC,OC
18780,249020,174.89,42634,SC,3011,CS,SC
18781,285044,174.89,42635,BC,2722,ME,OC
18782,259952,174.89,42636,SC,1304,IT,SC
18783,225438,174.89,42639,BC,3454,CS,OC
18784,306203,174.89,42640,MBCV,2653,EC,OC
18785,216104,174.89,42641,BC,4966,CS,OC
18786,303979,174.885,42643,SC,2360,CS,OC
18787,240543,174.885,42644,SC,3465,EE,SC
18788,203290,174.88,42646,BC,3464,EE,OC
18789,301943,174.88,42649,BC,2751,CS,BC
18790,234028,174.88,42650,BC,1516,ME,OC
18791,341627,174.875,42651,BC,1401,CS,OC
18792,255016,174.875,42652,BCM,1408,EC,OC
18793,269217,174.87,42654,BC,2608,EC,BC
18794,306233,174.87,42655,BCM,1237,CS,BCM
18795,266745,174.87,42656,BC,2751,AD,OC
18796,300433,174.87,42657,SCA,2005,PR,SCA
18797,353318,174.87,42658,SCA,2634,IT,OC
18798,210493,174.87,42659,SC,1112,IT,SC
18799,241595,174.87,42660,BC,2357,CS,OC
18800,328192,174.87,42662,MBCDNC,3465,CE,OC
18801,299327,174.87,42663,SC,2702,CS,SC
18802,216018,174.87,42664,BC,2727,BT,BC
18803,351155,174.87,42666,BC,2618,EE,BC
18804,312924,174.87,42668,BCM,2708,CS,BCM
18805,271326,174.87,42670,BC,1422,AG,OC
18806,300952,174.865,42672,BC,1120,EI,OC
18807,284616,174.865,42674,BC,4944,EC,OC
18808,242640,174.865,42675,BC,1237,AD,BC
18809,214762,174.865,42678,BC,3908,EC,OC
18810,350023,174.865,42679,BCM,1307,EC,OC
18811,278549,174.865,42681,MBCV,2621,EC,OC
18812,253908,174.865,42682,BC,4678,EC,BC
18813,312629,174.865,42684,BC,3819,EC,BC
18814,371291,174.865,42685,BC,2725,ME,OC
18815,299807,174.865,42686,BC,1231,EC,BC
18816,249424,174.865,42687,BC,2711,CH,OC
18817,237167,174.865,42688,BC,2751,AD,OC
18818,220066,174.865,42689,BC,5910,EC,BC
18819,317152,174.865,42690,MBCV,2636,CS,OC
18820,202903,174.86,42691,BC,2734,AD,BC
18821,206279,174.86,42692,MBC,3465,CE,OC
18822,367513,174.86,42693,MBCV,1013,IT,MBCV
18823,243398,174.86,42696,MBCDNC,3011,PH,MBCDNC
18824,348709,174.86,42697,BC,4953,CS,OC
18825,314858,174.86,42698,BCM,1231,CS,BCM
18826,314921,174.86,42699,BC,2651,CS,OC
18827,253978,174.855,42700,SC,2718,EC,SC
18828,334924,174.855,42702,SC,4949,MZ,OC
18829,237724,174.855,42703,MBCDNC,1306,IT,MBCDNC
18830,211176,174.855,42705,BC,5904,IT,BC
18831,295161,174.855,42706,BC,5,IT,BC
18832,203431,174.855,42708,BC,4917,CS,OC
18833,218998,174.855,42710,SC,3803,CE,OC
18834,327972,174.855,42711,BC,1015,CS,BC
18835,320010,174.855,42712,BC,3810,IT,OC
18836,237873,174.855,42713,MBCDNC,1231,IT,MBCDNC
18837,351717,174.855,42714,BC,2622,CS,BC
18838,306831,174.855,42715,BC,2618,EE,BC
18839,348383,174.855,42716,BC,3464,EE,OC
18840,285420,174.855,42719,BCM,1504,CS,OC
18841,213980,174.855,42720,BC,1216,EE,OC
18842,346344,174.855,42721,BCM,2739,EC,BCM
18843,344712,174.85,42723,BC,2607,IT,OC
18844,363358,174.845,42725,BC,2723,IT,BC
18845,214476,174.845,42726,BC,1520,CS,OC
18846,269279,174.845,42727,BC,2608,EC,BC
18847,249474,174.845,42728,BC,5832,CS,OC
18848,271753,174.845,42729,BCM,2722,EE,BCM
18849,340851,174.845,42730,BC,2715,EE,OC
18850,370803,174.845,42733,SC,1399,CB,SC
18851,206803,174.845,42734,MBCDNC,2736,IT,MBCDNC
18852,226349,174.845,42735,BC,2329,CS,OC
18853,201619,174.835,42738,BC,2735,EC,OC
18854,241739,174.835,42741,BCM,5986,ME,OC
18855,209658,174.835,42742,BC,4020,GI,OC
18856,320571,174.835,42743,MBCV,1124,MR,OC
18857,224153,174.835,42744,BC,2601,AE,OC
18858,355634,174.835,42746,MBC,2715,EC,OC
18859,366508,174.835,42747,MBC,4024,EC,MBC
18860,259001,174.835,42748,BC,2608,EC,BC
18861,278613,174.835,42749,SC,2601,AE,OC
18862,271175,174.835,42750,BC,1231,EC,BC
18863,220008,174.835,42751,BC,2740,AD,BC
18864,274853,174.835,42752,BC,4917,CS,OC
18865,301388,174.83,42756,BC,4960,ME,BC
18866,253507,174.825,42758,BC,2608,EC,BC
18867,240769,174.825,42759,MBCV,2708,FD,OC
18868,256946,174.825,42760,MBCV,2709,AU,MBCV
18869,200862,174.825,42762,BC,2745,CS,OC
18870,217821,174.825,42763,OC,3830,CB,OC
18871,260311,174.825,42764,BC,3803,IT,OC
18872,258870,174.825,42766,BC,2709,AU,BC
18873,233398,174.825,42767,BC,1222,IT,OC
18874,314989,174.825,42768,BC,2607,BT,BC
18875,248037,174.825,42769,BC,2715,CS,OC
18876,223146,174.825,42772,BCM,4971,EE,OC
18877,317695,174.82,42774,MBCV,1116,CS,MBCV
18878,365879,174.82,42777,MBCV,1118,IT,MBCV
18879,268432,174.82,42778,BC,1231,EC,BC
18880,232613,174.815,42780,BC,3701,CS,BC
18881,212771,174.815,42781,SC,1419,IT,SC
18882,205859,174.815,42783,BCM,1128,EC,BCM
18883,204057,174.815,42785,SC,1110,CS,SC
18884,249196,174.815,42786,SCA,2006,ES,SCA
18885,276865,174.815,42787,BC,3826,AG,OC
18886,245929,174.815,42788,BC,1505,CS,OC
18887,337132,174.815,42789,BC,1431,CS,OC
18888,234826,174.815,42791,BC,3454,CS,OC
18889,238119,174.815,42792,MBCV,3833,CS,OC
18890,342974,174.815,42793,BC,1231,EC,BC
18891,228687,174.815,42794,MBCV,1210,EE,MBCV
18892,243207,174.815,42795,BC,2740,CS,BC
18893,255998,174.815,42796,BC,3825,CS,OC
18894,316521,174.815,42797,MBCV,1116,CS,MBCV
18895,253393,174.815,42798,BC,1014,IT,BC
18896,263423,174.815,42799,BC,2726,AO,BC
18897,343741,174.815,42800,MBCDNC,2607,CS,MBCDNC
18898,304049,174.81,42801,BC,1412,CS,OC
18899,286385,174.81,42802,BC,3803,IT,OC
18900,255390,174.81,42804,BC,2702,ME,BC
18901,350283,174.81,42806,MBCV,1509,EC,OC
18902,320708,174.81,42808,MBCDNC,2302,BM,OC
18903,342198,174.81,42810,MBCV,3425,EE,OC
18904,221060,174.81,42811,MBCDNC,3021,CS,MBCDNC
18905,363419,174.81,42812,BC,2622,BM,BC
18906,239483,174.81,42814,BC,1118,EC,BC
18907,332999,174.81,42815,MBC,2603,ME,MBC
18908,316556,174.81,42818,BC,2661,CS,OC
18909,291966,174.81,42820,BCM,2722,EE,BCM
18910,203713,174.81,42822,BC,1317,CH,BC
18911,202437,174.81,42823,BC,4678,EE,OC
18912,291809,174.81,42825,SC,4023,CS,SC
18913,222353,174.81,42826,BC,1114,CS,BC
18914,318212,174.805,42829,MBC,2620,EC,OC
18915,217656,174.805,42830,BC,5,IT,BC
18916,283703,174.8,42832,BC,2750,BM,OC
18917,301502,174.8,42834,SC,3786,AE,OC
18918,213042,174.8,42835,BC,1303,AD,OC
18919,246873,174.8,42836,BC,1412,CS,OC
18920,216359,174.8,42838,MBCDNC,1120,AD,MBCDNC
18921,266819,174.8,42839,BC,2729,AD,OC
18922,296897,174.8,42840,MBCDNC,2601,CS,MBCDNC
18923,306164,174.795,42842,BC,2726,FD,OC
18924,204557,174.795,42845,BC,2708,EC,OC
18925,200254,174.79,42846,BCM,1210,EE,BCM
18926,349892,174.79,42848,MBCV,1450,ME,MBCV
18927,284660,174.79,42850,BCM,2723,CS,BCM
18928,338464,174.79,42851,BC,1307,CS,BC
18929,216037,174.79,42852,SC,1419,IT,SC
18930,356228,174.79,42853,BCM,1123,AE,OC
18931,290543,174.79,42857,BC,3701,CS,BC
18932,269911,174.79,42858,BCM,5907,MR,OC
18933,249755,174.79,42860,BC,3019,CS,OC
18934,230209,174.79,42861,BC,2734,TS,OC
18935,204848,174.79,42862,MBCDNC,2719,EI,MBCDNC
18936,241413,174.79,42863,OC,1233,EC,OC
18937,212408,174.79,42866,BCM,3849,EC,OC
18938,255823,174.79,42867,BC,5910,EC,BC
18939,349925,174.79,42869,OC,4972,CS,OC
18940,304693,174.79,42870,MBCDNC,2736,CS,MBCDNC
18941,308654,174.79,42871,BC,2601,AE,OC
18942,336488,174.79,42872,BC,2750,CB,BC
18943,253985,174.79,42873,BC,2708,IT,BC
18944,284525,174.78,42876,BC,3464,EE,OC
18945,229497,174.78,42877,BC,1118,EC,BC
18946,371796,174.78,42878,SC,2776,AG,OC
18947,287508,174.78,42879,BC,1303,IT,OC
18948,267794,174.78,42881,BC,4954,CS,BC
18949,205038,174.78,42883,BC,1304,ME,OC
18950,336630,174.78,42884,BC,3016,CS,OC
18951,214639,174.78,42886,OC,2755,CS,OC
18952,236568,174.78,42887,BC,1116,CS,BC
18953,279475,174.78,42888,BC,3425,EC,OC
18954,244741,174.78,42890,MBCDNC,4955,AD,MBCDNC
18955,269954,174.78,42892,BC,2764,EE,BC
18956,254766,174.78,42893,SC,2711,EE,SC
18957,211504,174.78,42894,MBCDNC,5022,CS,MBCDNC
18958,275039,174.78,42897,MBCDNC,2741,CS,MBCDNC
18959,330602,174.78,42898,BC,1419,CE,OC
18960,232918,174.78,42899,BC,1317,CH,BC
18961,213585,174.78,42901,BC,2608,CB,BC
18962,314769,174.78,42902,MBCV,2611,IT,OC
18963,225094,174.78,42903,MBC,4917,CS,MBC
18964,268087,174.78,42904,BC,4971,EC,BC
18965,343203,174.78,42905,BC,5,EI,OC
18966,266329,174.78,42906,OC,2761,AD,OC
18967,238846,174.78,42907,MBCDNC,2731,CS,OC
18968,341780,174.775,42908,BC,2653,IT,BC
18969,242115,174.775,42909,MBCV,1120,EC,MBCV
18970,339939,174.775,42910,BC,2601,CS,BC
18971,255498,174.77,42911,OC,1304,CE,OC
18972,257851,174.77,42913,MBCDNC,2722,EE,MBCDNC
18973,272373,174.77,42914,BC,3011,AU,OC
18974,219431,174.76,42917,BC,5910,EC,BC
18975,302057,174.76,42918,BC,1413,EC,OC
18976,310909,174.76,42921,MBC,2708,EC,OC
18977,260543,174.76,42923,MBCV,1322,CS,OC
18978,223784,174.76,42924,BC,3464,EE,OC
18979,298946,174.76,42926,OC,2734,SB,OC
18980,254267,174.76,42927,MBC,2608,EC,MBC
18981,305559,174.76,42928,MBCDNC,1309,EC,MBCDNC
18982,237064,174.76,42929,BC,2711,CE,OC
18983,311016,174.76,42931,BC,2752,EC,OC
18984,268250,174.76,42932,BCM,1149,AD,BCM
18985,311308,174.76,42933,SC,2328,EC,OC
18986,237018,174.76,42934,BC,1110,CS,BC
18987,203710,174.76,42935,SC,1399,EE,SC
18988,362315,174.76,42936,ST,1432,EC,ST
18989,242767,174.76,42937,BC,5865,CS,OC
18990,210067,174.76,42938,BC,5009,CE,OC
18991,223564,174.76,42939,BC,3011,EE,BC
18992,231006,174.76,42940,BC,1216,CH,OC
18993,249350,174.76,42943,BC,2726,AL,BC
18994,349542,174.76,42944,BCM,2722,IC,BCM
18995,290681,174.755,42945,BC,4960,ME,BC
18996,302526,174.755,42946,MBC,2704,ME,OC
18997,301902,174.755,42947,SC,3454,BM,OC
18998,224634,174.755,42948,SC,1120,EC,SC
18999,255467,174.755,42952,BC,2608,CB,BC
19000,203593,174.755,42954,MBCV,1306,IT,MBCV
19001,354976,174.755,42956,MBC,2608,EC,MBC
19002,265285,174.755,42957,MBCDNC,2710,EE,OC
19003,280974,174.755,42959,BC,2749,CS,OC
19004,240566,174.755,42960,BC,4974,ME,BC
19005,233014,174.755,42962,BC,2736,BM,OC
19006,250852,174.755,42965,BC,4678,ME,OC
19007,320204,174.755,42966,MBCV,1225,CS,MBCV
19008,279869,174.75,42969,BC,2653,CS,BC
19009,270468,174.75,42971,MBCV,2734,AD,MBCV
19010,372549,174.75,42972,MBCV,2723,CS,MBCV
19011,248388,174.75,42974,SC,1118,IT,SC
19012,301390,174.75,42978,BCM,1026,EC,BCM
19013,206177,174.75,42981,BC,2630,CS,OC
19014,227792,174.75,42982,BC,3011,EE,BC
19015,219920,174.745,42983,MBCV,2653,CS,MBCV
19016,360253,174.745,42985,BC,2620,BT,BC
19017,204008,174.745,42987,BC,1225,CS,BC
19018,276765,174.745,42988,BC,1225,CS,BC
19019,259874,174.745,42992,BC,2727,EC,BC
19020,369108,174.745,42994,MBCV,5,CF,MBCV
19021,364237,174.745,42995,BC,2622,BM,BC
19022,339558,174.745,42996,BC,3803,EE,OC
19023,211395,174.745,42998,BC,2740,AD,BC
19024,326518,174.74,42999,BC,1317,CE,OC
19025,314463,174.74,43000,BC,2741,EC,BC
19026,200325,174.735,43001,BC,2711,MZ,BC
19027,314881,174.735,43002,BC,2715,ME,OC
19028,302384,174.735,43004,BC,1149,EE,OC
19029,309736,174.735,43006,SCA,2743,AG,OC
19030,356039,174.735,43008,BC,2656,ME,OC
19031,285254,174.735,43009,BC,2740,IT,OC
19032,233456,174.735,43010,BC,4971,IT,BC
19033,321294,174.735,43012,BC,1014,IT,BC
19034,211645,174.725,43014,BC,1113,ME,BC
19035,242480,174.725,43015,BCM,5910,EC,BCM
19036,298298,174.725,43017,BCM,5907,IT,OC
19037,244665,174.725,43018,MBCDNC,1317,EE,MBCDNC
19038,261141,174.725,43019,BC,4917,CS,BC
19039,273058,174.725,43021,BC,2653,CS,BC
19040,265408,174.725,43022,BC,2651,CS,OC
19041,228632,174.725,43024,MBCV,2706,EC,MBCV
19042,270490,174.725,43025,MBCV,2620,IT,OC
19043,270847,174.725,43026,BC,2722,IC,BC
19044,232181,174.725,43027,MBC,1216,EC,MBC
19045,281397,174.725,43028,BC,3701,CS,BC
19046,259745,174.725,43029,MBCV,2608,AD,MBCV
19047,290797,174.725,43030,BC,2653,CS,BC
19048,261434,174.725,43033,BC,1412,CS,OC
19049,360772,174.725,43034,MBCDNC,3465,ME,OC
19050,275821,174.725,43035,BC,1225,CS,BC
19051,220434,174.725,43036,BC,2736,AD,BC
19052,291069,174.725,43037,BC,2764,EE,BC
19053,317573,174.725,43038,SC,1419,IT,SC
19054,257404,174.725,43039,SC,2702,AG,SC
19055,273479,174.725,43040,BC,2750,AG,OC
19056,245384,174.725,43041,BC,1015,CS,BC
19057,228961,174.725,43042,BC,3464,EE,OC
19058,348495,174.725,43043,SC,3011,EE,SC
19059,313653,174.725,43044,BC,1231,EC,BC
19060,225385,174.725,43046,BC,1422,EE,BC
19061,334154,174.725,43047,SC,4024,XC,OC
19062,308286,174.72,43048,BC,4023,IT,BC
19063,247557,174.72,43049,BCM,2622,BT,BCM
19064,225946,174.72,43050,SC,5910,CS,SC
19065,275642,174.72,43051,BC,2608,AD,BC
19066,258761,174.72,43052,OC,1316,CS,OC
19067,241949,174.72,43053,BC,2763,CS,OC
19068,274533,174.72,43054,BC,1304,ME,OC
19069,319402,174.72,43055,BC,1504,IT,OC
19070,296411,174.72,43057,BC,4981,IT,OC
19071,203325,174.715,43059,OC,1110,AD,OC
19072,298782,174.715,43060,BC,3819,CB,BC
19073,347248,174.715,43062,SC,2,AP,SC
19074,213248,174.715,43063,SC,2712,EE,SC
19075,290937,174.715,43064,BC,1307,CS,BC
19076,238931,174.715,43065,BC,2735,EC,OC
19077,306676,174.715,43067,MBCDNC,1324,EC,MBCDNC
19078,242445,174.715,43068,MBCDNC,2025,ME,MBCDNC
19079,370058,174.715,43071,BC,4960,ME,BC
19080,341528,174.715,43075,BC,2752,IT,OC
19081,267704,174.715,43077,BC,2329,IT,OC
19082,270986,174.715,43079,MBCV,5,CF,MBCV
19083,263954,174.715,43080,BC,2357,AD,OC
19084,349201,174.715,43081,BC,2659,CS,OC
19085,259768,174.71,43082,BC,2727,EC,BC
19086,264148,174.71,43084,BC,2706,EE,BC
19087,201370,174.71,43085,SC,3803,IT,OC
19088,237060,174.705,43087,MBCDNC,5907,MR,OC
19089,322777,174.705,43089,BC,1118,EC,BC
19090,256263,174.705,43090,BC,1414,CS,BC
19091,301268,174.705,43093,BC,2764,EE,BC
19092,257099,174.705,43094,MBCV,1422,EC,MBCV
19093,272742,174.705,43097,MBCDNC,2764,EC,MBCDNC
19094,312513,174.705,43098,MBCV,5901,ME,MBCV
19095,282005,174.705,43099,BC,2702,ME,BC
19096,288214,174.705,43100,BC,3805,PH,OC
19097,281666,174.705,43102,MBC,2735,EC,OC
19098,263879,174.7,43104,BC,4024,EC,BC
19099,260770,174.7,43105,BC,2767,BM,OC
19100,331042,174.7,43106,MBCV,3425,EE,OC
19101,248775,174.7,43107,BC,3830,CB,OC
19102,211817,174.7,43110,MBCV,2702,FD,MBCV
19103,210654,174.7,43111,SC,3819,EC,SC
19104,300163,174.7,43112,BC,2709,CE,BC
19105,207564,174.7,43114,MBCDNC,1422,AG,OC
19106,225166,174.695,43116,BC,2735,EC,OC
19107,225521,174.695,43117,BC,2601,IT,BC
19108,220410,174.695,43119,MBCV,1225,EC,OC
19109,258929,174.695,43120,MBCV,1014,IT,MBCV
19110,339148,174.69,43121,BCM,3849,CS,OC
19111,317553,174.69,43122,BC,2702,ME,BC
19112,220257,174.69,43123,MBCV,2634,IT,OC
19113,278083,174.69,43124,MBCDNC,4917,CS,MBCDNC
19114,217916,174.69,43125,BC,1110,CS,BC
19115,234575,174.69,43129,MBCV,1014,IT,MBCV
19116,313177,174.69,43130,SC,2709,EE,SC
19117,351279,174.69,43131,BC,2661,EE,OC
19118,205613,174.69,43133,BC,1225,IT,OC
19119,317942,174.69,43134,MBC,1304,ME,OC
19120,336668,174.69,43136,BC,4944,EE,OC
19121,295525,174.69,43138,BC,2723,BM,BC
19122,232172,174.69,43139,BCM,1424,CS,OC
19123,298737,174.69,43140,BC,1231,EC,BC
19124,237816,174.69,43141,MBC,2722,ME,OC
19125,363526,174.69,43143,SC,2006,MS,SC
19126,262834,174.685,43144,SC,2739,CS,SC
19127,312643,174.685,43145,BC,1516,ME,OC
19128,302623,174.68,43149,BC,1309,EE,BC
19129,269801,174.68,43150,MBCV,5,ME,OC
19130,357562,174.68,43153,SC,1128,CS,SC
19131,331047,174.68,43154,MBCDNC,1118,ME,OC
19132,254939,174.68,43155,BC,1317,ME,OC
19133,219683,174.68,43156,MBCDNC,2736,CS,MBCDNC
19134,259014,174.68,43157,BC,4917,CS,BC
19135,238812,174.68,43158,BC,2653,AD,BC
19136,252387,174.68,43159,MBCV,2735,CS,MBCV
19137,219350,174.68,43162,MBCV,2725,CS,MBCV
19138,317752,174.68,43163,BC,3021,CS,BC
19139,229995,174.68,43165,BC,5910,EC,BC
19140,371840,174.68,43166,BC,2710,EE,OC
19141,265659,174.68,43167,BC,2726,AG,OC
19142,319286,174.68,43168,BC,4959,EC,OC
19143,346645,174.68,43170,BC,5910,EC,BC
19144,259815,174.68,43171,MBCV,1116,CS,MBCV
19145,342870,174.68,43174,BC,2750,AG,BC
19146,285393,174.68,43175,BC,3011,EE,BC
19147,264926,174.68,43177,SC,1225,CS,SC
19148,269487,174.68,43178,BC,1231,EC,BC
19149,229377,174.68,43179,BC,5904,AD,BC
19150,336818,174.67,43183,SC,5901,CE,SC
19151,333815,174.67,43184,BC,2607,AD,BC
19152,201648,174.67,43186,MBC,1013,EC,MBC
19153,201177,174.67,43187,MBCV,1231,EC,MBCV
19154,351710,174.67,43188,BC,2628,AD,OC
19155,341080,174.67,43189,MBCV,3805,EE,OC
19156,234522,174.67,43190,BC,1128,ME,OC
19157,230423,174.67,43191,BCM,2653,IT,BCM
19158,247175,174.67,43192,SCA,3465,EC,SCA
19159,334794,174.67,43193,BC,4917,IT,OC
19160,242772,174.67,43194,MBCV,1118,IT,MBCV
19161,358186,174.67,43195,BC,1442,AD,OC
19162,256947,174.67,43199,MBC,1237,AD,MBC
19163,349775,174.67,43200,MBCDNC,4962,EE,MBCDNC
19164,301988,174.67,43203,BC,4672,CS,OC
19165,251210,174.67,43204,MBCV,1317,CH,MBCV
19166,302120,174.67,43206,BC,4972,CS,OC
19167,231040,174.67,43208,BC,2708,AL,BC
19168,356095,174.67,43209,BC,2329,IT,OC
19169,223479,174.67,43212,BC,1110,CS,BC
19170,215475,174.67,43213,BC,1013,EC,BC
19171,246398,174.67,43214,MBCV,2702,BT,MBCV
19172,275570,174.665,43217,MBCDNC,4917,IT,OC
19173,316400,174.66,43220,BCM,2723,IT,BCM
19174,265926,174.66,43222,MBCV,2702,BT,MBCV
19175,339509,174.66,43223,BC,2708,AL,BC
19176,325158,174.66,43225,BC,2706,EE,BC
19177,294329,174.66,43226,BC,5907,CH,OC
19178,257892,174.66,43227,SC,1419,IT,SC
19179,215573,174.655,43228,BC,5921,EC,OC
19180,234721,174.655,43229,MBCDNC,4959,IT,MBCDNC
19181,230605,174.655,43230,BC,2727,AL,BC
19182,330278,174.65,43232,MBCV,2653,EE,OC
19183,276789,174.65,43234,BC,5921,CS,OC
19184,246902,174.65,43235,MBCV,1122,AD,MBCV
19185,350022,174.65,43236,MBCV,2610,CS,OC
19186,269448,174.65,43237,MBC,2709,CE,MBC
19187,284203,174.65,43238,BC,2653,AD,BC
19188,326909,174.65,43240,BC,1306,EC,BC
19189,220001,174.65,43241,MBCDNC,3021,CS,MBCDNC
19190,286962,174.65,43244,BC,1509,CS,BC
19191,257167,174.65,43245,MBCDNC,2608,CS,MBCDNC
19192,214043,174.65,43246,BC,1306,EC,BC
19193,341191,174.645,43249,BC,3815,CS,OC
19194,352461,174.645,43250,MBCDNC,2661,IT,OC
19195,247197,174.645,43251,BC,2622,CS,BC
19196,294175,174.645,43252,BCM,4917,CS,BCM
19197,296836,174.645,43253,SC,1432,EC,SC
19198,216804,174.645,43254,MBCV,2025,ME,MBCV
19199,310549,174.645,43255,MBCDNC,1432,AD,MBCDNC
19200,252346,174.645,43256,MBCDNC,1112,EC,MBCDNC
19201,205945,174.645,43257,MBC,5910,EC,MBC
19202,284904,174.645,43258,MBCDNC,4917,EC,OC
19203,306929,174.645,43259,BC,5703,EC,OC
19204,213800,174.645,43260,BC,2622,EC,BC
19205,299485,174.645,43261,BC,1140,AD,BC
19206,236348,174.645,43263,MBCDNC,4974,ME,MBCDNC
19207,300960,174.645,43265,BC,2739,ME,BC
19208,288356,174.64,43267,SC,2603,EC,SC
19209,271719,174.64,43268,BC,1419,CE,OC
19210,224198,174.64,43271,SC,1211,EC,SC
19211,263353,174.64,43272,MBC,1306,BT,MBC
19212,205077,174.64,43273,BCM,1422,EC,BCM
19213,325282,174.64,43274,BC,1412,CS,OC
19214,205223,174.64,43275,BC,2734,AD,BC
19215,268985,174.64,43276,MBCDNC,5022,CS,MBCDNC
19216,248235,174.64,43277,MBC,2711,ME,MBC
19217,205233,174.64,43278,MBCDNC,1210,EE,MBCDNC
19218,290783,174.64,43279,BC,2734,EC,OC
19219,286659,174.64,43280,BC,2734,SB,OC
19220,216009,174.635,43282,BC,2750,CB,BC
19221,241614,174.635,43283,BC,2708,IT,BC
19222,216396,174.635,43284,MBC,2729,CS,OC
19223,249457,174.635,43287,BCM,2725,CS,BCM
19224,353862,174.635,43288,MBCV,2734,CS,MBCV
19225,297774,174.635,43289,BC,1122,EC,OC
19226,280253,174.635,43290,MBCV,1114,CS,MBCV
19227,266569,174.635,43292,MBCDNC,3830,CB,OC
19228,359156,174.635,43294,BC,4957,CS,OC
19229,268881,174.635,43295,ST,1,CE,ST
19230,368235,174.635,43296,SC,2743,EC,OC
19231,224197,174.635,43298,BC,1306,EC,BC
19232,259548,174.635,43300,BC,4678,EE,OC
19233,269767,174.635,43303,BC,1401,CS,OC
19234,254896,174.635,43304,BC,5910,EC,BC
19235,254464,174.635,43307,SC,4955,CS,SC
19236,314592,174.635,43308,BC,4974,ME,BC
19237,349398,174.635,43309,BC,1505,CS,OC
19238,319753,174.635,43310,MBC,5530,EC,OC
19239,326674,174.63,43311,BCM,1324,EC,BCM
19240,330762,174.625,43312,MBCDNC,1432,EC,MBCDNC
19241,241416,174.615,43314,MBCV,2636,AD,OC
19242,356358,174.615,43315,BC,2651,CS,OC
19243,276666,174.615,43316,BC,1237,EC,OC
19244,246713,174.615,43317,BC,5,IT,BC
19245,265625,174.615,43318,SC,2718,EC,SC
19246,304725,174.615,43319,BC,5,IT,BC
19247,254470,174.615,43320,BC,2726,FD,OC
19248,268965,174.615,43321,OC,4971,ME,OC
19249,266129,174.615,43322,OC,4962,ME,OC
19250,276516,174.615,43323,MBCV,1211,CH,MBCV
19251,200022,174.615,43324,MBCDNC,1210,AD,MBCDNC
19252,281018,174.615,43325,MBCV,5986,CS,MBCV
19253,335400,174.615,43326,BC,2723,EC,BC
19254,254299,174.615,43327,MBCV,1140,AD,MBCV
19255,236517,174.615,43328,BC,5532,CS,OC
19256,338092,174.615,43329,OC,2620,CS,OC
19257,337735,174.615,43330,MBCDNC,3810,AG,OC
19258,328121,174.615,43333,BC,2704,EC,BC
19259,266457,174.615,43335,BC,4974,ME,BC
19260,307300,174.615,43336,SC,2718,CJ,SC
19261,218541,174.615,43337,BC,2357,EC,OC
19262,361236,174.615,43338,SC,1399,MZ,SC
19263,217831,174.615,43339,BC,2702,CE,BC
19264,272466,174.615,43340,BC,1014,IT,BC
19265,304035,174.615,43341,BC,4944,CS,OC
19266,204561,174.615,43342,BC,3465,ME,OC
19267,314337,174.615,43343,BC,4669,ME,OC
19268,279555,174.615,43344,BC,2673,CS,OC
19269,224263,174.615,43345,OC,4981,ME,OC
19270,336300,174.615,43347,MBCV,2620,BM,OC
19271,243428,174.615,43348,MBCDNC,2618,IT,MBCDNC
19272,202938,174.61,43352,BC,2618,EE,BC
19273,262783,174.605,43354,BC,1225,CS,BC
19274,201206,174.605,43355,BC,1413,CS,BC
19275,318980,174.605,43356,MBCV,1516,CE,OC
19276,242888,174.605,43357,BC,2710,EE,OC
19277,336856,174.605,43358,BC,1306,EC,BC
19278,348230,174.605,43360,MBCV,3456,CS,OC
19279,291027,174.605,43361,BC,4964,CS,OC
19280,347321,174.605,43363,MBCV,2611,CS,OC
19281,294930,174.605,43365,MBCDNC,2710,EC,MBCDNC
19282,209975,174.605,43367,BC,4954,IT,BC
19283,301864,174.605,43368,BC,5904,IT,BC
19284,259522,174.605,43370,OC,3826,AD,OC
19285,231244,174.605,43371,BC,3701,CS,BC
19286,359126,174.605,43372,MBCDNC,2656,EE,OC
19287,253710,174.605,43373,MBCV,1231,AD,MBCV
19288,205016,174.605,43375,SC,1120,CS,SC
19289,217763,174.605,43377,MBCV,1207,IT,OC
19290,224008,174.6,43379,BC,2727,EE,OC
19291,371468,174.6,43381,BC,1123,EC,OC
19292,254452,174.6,43382,BC,1140,IT,BC
19293,276178,174.6,43383,BC,2608,AL,BC
19294,342388,174.6,43384,BC,2750,EC,OC
19295,206879,174.6,43385,BC,1324,EE,BC
19296,221931,174.6,43388,MBCV,3016,EE,OC
19297,306493,174.595,43389,BC,1231,EC,BC
19298,246962,174.595,43391,OC,5904,EC,OC
19299,205050,174.595,43392,BC,1311,EC,BC
19300,235855,174.595,43393,BC,1307,CS,BC
19301,230219,174.59,43394,BC,1427,CS,OC
19302,286521,174.59,43395,BC,1116,CS,BC
19303,358360,174.59,43398,BCM,3801,IT,BCM
19304,229423,174.59,43399,MBC,1505,CS,OC
19305,210971,174.585,43400,BC,4680,CS,OC
19306,309089,174.585,43401,BC,3826,EC,OC
19307,337201,174.585,43402,BC,2727,ME,OC
19308,253625,174.585,43403,MBCDNC,1118,IT,MBCDNC
19309,274524,174.585,43404,MBCDNC,4965,BT,OC
19310,373394,174.585,43405,BC,2622,BM,BC
19311,351205,174.585,43406,BC,2636,EC,OC
19312,228469,174.585,43407,BC,1306,EC,BC
19313,216003,174.585,43408,BC,1516,ME,OC
19314,256804,174.585,43409,BC,2726,EC,OC
19315,223439,174.585,43410,BC,1225,EC,OC
19316,253998,174.585,43412,BCM,4967,EC,OC
19317,212186,174.585,43414,BC,1211,CE,BC
19318,252559,174.585,43414A,MBCV,2710,TS,MBCV
19319,276360,174.585,43415,SC,1114,IT,SC
19320,214341,174.585,43416,BC,5919,CS,OC
19321,274149,174.585,43417,SC,4969,ME,OC
19322,341986,174.585,43418,BCM,3021,EC,OC
19323,243808,174.585,43419,BCM,1325,CS,OC
19324,202796,174.585,43422,BC,5910,EC,BC
19325,368417,174.585,43423,BC,4994,CS,OC
19326,291822,174.585,43424,BC,2708,EC,OC
19327,310795,174.58,43425,BC,3701,CS,BC
19328,352663,174.58,43426,MBCV,4974,EE,MBCV
19329,238718,174.58,43427,MBCV,2711,FD,MBCV
19330,298272,174.58,43428,BC,2736,AD,BC
19331,332698,174.58,43430,MBCDNC,2750,BM,OC
19332,229918,174.58,43431,BC,4678,EE,OC
19333,268694,174.58,43432,MBCDNC,2618,IT,MBCDNC
19334,229268,174.58,43435,BC,1422,EE,BC
19335,200167,174.58,43436,MBCDNC,2329,IT,MBCDNC
19336,250681,174.58,43437,BC,1317,EI,BC
19337,343279,174.58,43439,OC,2708,AG,OC
19338,244382,174.58,43441,SC,2750,AE,OC
19339,230351,174.58,43442,BC,4960,ME,BC
19340,211415,174.58,43443,MBCDNC,4955,CS,MBCDNC
19341,209899,174.58,43445,BC,3465,ME,OC
19342,275406,174.575,43448,MBCV,4962,CS,MBCV
19343,263638,174.575,43449,BC,3464,EE,OC
19344,231835,174.575,43450,BC,1414,IT,OC
19345,279065,174.57,43453,BC,4024,EC,BC
19346,257213,174.57,43453A,MBCV,1237,CS,MBCV
19347,275206,174.57,43454,MBCDNC,2725,CS,MBCDNC
19348,217358,174.57,43458,BC,2721,CS,BC
19349,221616,174.57,43460,BC,2736,EC,OC
19350,276804,174.57,43461,BC,3826,IT,BC
19351,221157,174.57,43462,MBCV,2636,EC,OC
19352,353919,174.57,43464,MBCV,2643,CS,OC
19353,227555,174.57,43466,MBCDNC,1210,EC,MBCDNC
19354,252452,174.57,43468,SC,2709,EE,SC
19355,258050,174.57,43469,SC,4974,EC,SC
19356,298161,174.56,43472,MBCV,2725,IT,MBCV
19357,204956,174.56,43475,BCM,3819,AD,BCM
19358,214261,174.56,43476,BC,2708,EC,OC
19359,211769,174.56,43477,MBCDNC,2603,ME,MBCDNC
19360,261556,174.56,43478,BC,1014,CS,BC
19361,270588,174.56,43481,BC,1217,CS,OC
19362,306708,174.56,43482,MBCV,2613,CS,OC
19363,216589,174.56,43483,BC,2708,IT,BC
19364,303874,174.56,43485,BC,4971,CE,OC
19365,269587,174.56,43486,MBCDNC,5022,CS,MBCDNC
19366,267974,174.56,43487,BC,2608,AD,BC
19367,233612,174.56,43489,BC,4965,CS,BC
19368,315284,174.56,43492,BC,2707,EC,OC
19369,351341,174.56,43494,BC,4980,CS,OC
19370,344615,174.56,43495,SC,2711,FD,SC
19371,300683,174.56,43497,SC,1304,ME,OC
19372,210892,174.56,43498,BC,2706,ME,OC
19373,364473,174.56,43499,SC,4974,CE,SC
19374,273391,174.55,43503,BC,4944,AD,OC
19375,366866,174.55,43505,BC,2608,ME,OC
19376,337099,174.55,43507,BC,3011,EE,BC
19377,316866,174.55,43511,MBCV,2618,BM,OC
19378,247310,174.55,43512,BC,2706,EE,BC
19379,364893,174.55,43514,SC,5533,CE,OC
19380,287375,174.55,43515,BC,1442,AD,OC
19381,217157,174.55,43517,BC,5910,EC,BC
19382,316883,174.55,43518,BC,2708,IT,BC
19383,253428,174.55,43520,MBCDNC,5910,EC,MBCDNC
19384,235335,174.55,43521,SCA,1452,EC,OC
19385,286406,174.55,43522,MBCDNC,1516,CE,OC
19386,295184,174.55,43523,BC,4980,CS,OC
19387,317153,174.55,43524,OC,4669,CS,OC
19388,321136,174.55,43526,BC,2608,EC,BC
19389,353629,174.545,43527,BC,2723,BM,BC
19390,206058,174.545,43528,MBCDNC,3410,EC,OC
19391,302020,174.545,43533,BC,2764,ME,OC
19392,211642,174.54,43536,MBCDNC,3815,CS,OC
19393,257980,174.54,43537,BC,3018,CE,OC
19394,245894,174.54,43538,BC,2729,AD,OC
19395,256869,174.54,43539,BC,2736,EC,OC
19396,282410,174.54,43540,OC,4020,ME,OC
19397,210997,174.54,43543,BC,5022,EC,OC
19398,323117,174.54,43544,BC,5986,ME,OC
19399,250644,174.54,43545,SC,1211,EC,SC
19400,278926,174.54,43546,BC,5022,CS,BC
19401,294036,174.54,43547,BC,3011,EE,BC
19402,250920,174.535,43548,BC,5910,EC,BC
19403,304194,174.535,43549,BC,2727,AL,BC
19404,248778,174.535,43550,OC,2751,CB,OC
19405,271553,174.535,43551,BC,1140,EC,OC
19406,246181,174.535,43553,BC,5,AM,BC
19407,213037,174.535,43558,BC,3011,EE,BC
19408,304533,174.53,43560,BCM,1112,CB,BCM
19409,290627,174.53,43564,BC,5904,EC,OC
19410,235944,174.53,43566,BC,1013,EC,BC
19411,371710,174.53,43567,BC,2729,AD,BC
19412,245078,174.53,43568,MBCV,5,EE,OC
19413,314795,174.53,43569,SC,2705,IT,OC
19414,326613,174.53,43571,MBCV,2725,IT,MBCV
19415,311578,174.53,43572,BC,2354,CS,OC
19416,231665,174.53,43574,BC,3803,IT,OC
19417,254852,174.53,43575,SC,5901,ME,SC
19418,213202,174.525,43577,MBCDNC,1432,AD,MBCDNC
19419,298383,174.525,43578,BCM,4959,CS,BCM
19420,269892,174.525,43580,SC,3701,CS,SC
19421,281419,174.525,43581,BC,2603,ME,BC
19422,241761,174.525,43582,MBCV,2369,CE,OC
19423,269600,174.525,43583,BC,1013,EC,BC
19424,269339,174.525,43585,MBCV,4960,CS,MBCV
19425,255878,174.525,43588,BC,1014,IT,BC
19426,324039,174.525,43590,BC,2651,CS,OC
19427,222265,174.525,43591,MBCDNC,2711,MZ,MBCDNC
19428,236717,174.525,43594,BC,2608,CB,BC
19429,337723,174.525,43596,BC,3464,EE,BC
19430,216729,174.525,43597,BC,5904,IT,BC
19431,327760,174.525,43598,MBCV,2764,CS,MBCV
19432,324555,174.525,43599,BC,2723,EC,BC
19433,277357,174.525,43600,BC,1014,CS,BC
19434,323389,174.52,43603,SC,1120,EC,SC
19435,288475,174.52,43604,BC,3701,EC,OC
19436,342060,174.515,43605,BC,3806,CS,OC
19437,294714,174.515,43606,BC,1123,CS,OC
19438,258076,174.515,43607,SC,2702,CS,SC
19439,338215,174.515,43610,BC,2715,EC,OC
19440,359128,174.515,43611,BC,5532,EC,OC
19441,249957,174.515,43612,BC,1504,EE,OC
19442,366099,174.515,43613,BC,5988,CS,OC
19443,293874,174.515,43614,BC,2751,AD,OC
19444,244588,174.51,43615,OC,4955,EC,OC
19445,206485,174.51,43616,MBCV,1120,EC,MBCV
19446,302419,174.505,43618,BC,3805,FD,OC
19447,309353,174.505,43621,BC,1207,BM,OC
19448,219058,174.505,43622,BC,2722,ME,OC
19449,231669,174.505,43624,BC,4971,EC,BC
19450,372470,174.505,43625,SC,1321,PA,SC
19451,281118,174.505,43626,MBCV,2727,CS,MBCV
19452,332645,174.505,43627,BCM,2722,EE,BCM
19453,347749,174.505,43628,SC,2718,EC,SC
19454,202223,174.505,43629,BC,4917,CS,BC
19455,224565,174.505,43629A,SCA,2005,IB,SCA
19456,245802,174.505,43632,SCA,2739,EC,SCA
19457,260443,174.505,43633,BC,5010,ME,OC
19458,237575,174.5,43635,BC,4023,EC,BC
19459,291479,174.5,43638,MBC,2608,AL,MBC
19460,282234,174.5,43639,SC,1026,EC,SC
19461,328748,174.5,43645,BCM,3011,EE,BCM
19462,327815,174.5,43648,BC,5,IT,BC
19463,216122,174.5,43652,SC,1317,IT,SC
19464,211693,174.5,43654,BC,2762,AD,OC
19465,327925,174.5,43656,BC,2726,EC,OC
19466,327550,174.5,43659,BC,3830,CB,OC
19467,232244,174.5,43663,SC,4960,EC,SC
19468,246487,174.5,43664,MBCV,1317,CE,OC
19469,241997,174.5,43668,BC,5910,EC,BC
19470,308814,174.5,43671,BC,1140,EC,OC
19471,293924,174.5,43672,BC,5010,CE,OC
19472,336564,174.5,43674,MBCV,1310,CS,MBCV
19473,312391,174.5,43676,SC,4974,EC,SC
19474,304408,174.5,43677,BCM,5,CH,OC
19475,209855,174.5,43680,BC,2601,CS,BC
19476,328856,174.5,43685,BC,1306,EC,BC
19477,335042,174.5,43687,MBCDNC,1432,AD,MBCDNC
19478,211986,174.5,43689,BC,3011,EE,BC
19479,332932,174.5,43693,BC,1304,ME,OC
19480,295796,174.5,43696,OC,1447,IT,OC
19481,241574,174.5,43696A,MBCV,2722,EE,MBCV
19482,221788,174.5,43697,BC,1127,BT,OC
19483,289119,174.5,43698,OC,3795,EC,OC
19484,373616,174.5,43704,MBCV,1309,EC,MBCV
19485,332476,174.5,43709,BC,1231,EC,BC
19486,334408,174.5,43710,SC,1210,CS,SC
19487,327420,174.5,43716,BC,1014,EC,OC
19488,361422,174.5,43720,OC,4971,EE,OC
19489,244051,174.5,43724,MBCV,3819,CS,MBCV
19490,208747,174.5,43730,BC,3018,CS,OC
19491,311155,174.5,43733,BC,4972,CS,OC
19492,204960,174.5,43738,BC,1419,MU,OC
19493,283951,174.5,43740,SC,1422,AD,SC
19494,243529,174.5,43743,BC,4981,CS,BC
19495,311819,174.5,43745,BC,3011,EE,BC
19496,357120,174.5,43749,SC,1149,EC,SC
19497,288113,174.5,43752,BCM,1317,CH,BCM
19498,305516,174.5,43757,OC,5910,ME,OC
19499,303759,174.5,43758,BCM,1450,ME,BCM
19500,282779,174.5,43763,MBCV,1219,CH,MBCV
19501,314708,174.5,43768,BC,1231,EC,BC
19502,333366,174.5,43775,MBCV,3701,CS,MBCV
19503,289315,174.5,43777,BCM,1231,IT,BCM
19504,283026,174.5,43778,MBCDNC,1210,AD,MBCDNC
19505,283556,174.5,43780,BC,1419,ME,BC
19506,287917,174.5,43781,BC,4678,EC,BC
19507,281180,174.5,43782,BC,1118,EC,BC
19508,369873,174.5,43784,SC,4020,EC,SC
19509,295888,174.5,43789,BCM,1149,EC,BCM
19510,278099,174.5,43791,SC,2006,MY,SC
19511,339805,174.5,43792,BC,2722,CE,OC
19512,328918,174.5,43793,SC,2709,EE,SC
19513,318997,174.495,43796,BC,2727,BT,BC
19514,350625,174.495,43798,BC,2723,BM,BC
19515,312417,174.495,43800,MBCV,2702,SE,MBCV
19516,258567,174.495,43801,BC,1207,AD,OC
19517,252535,174.495,43802,MBC,3016,EC,OC
19518,210107,174.495,43803,MBC,1013,CS,MBC
19519,245508,174.495,43805,BC,1233,CS,BC
19520,371930,174.495,43808,MBCDNC,2656,EC,MBCDNC
19521,263424,174.495,43809,BC,3018,EC,OC
19522,273335,174.495,43810,SC,2369,CS,SC
19523,210631,174.495,43811,BCM,4955,EC,OC
19524,337840,174.495,43812,BC,2729,CS,OC
19525,281691,174.495,43813,MBCDNC,2727,IT,MBCDNC
19526,346261,174.495,43814,BC,5910,EC,BC
19527,357511,174.495,43816,MBCDNC,2726,CS,MBCDNC
19528,280323,174.495,43819,MBCDNC,4020,EC,MBCDNC
19529,314637,174.495,43823,BC,1422,AG,OC
19530,218216,174.49,43826,BC,1306,EC,BC
19531,288132,174.49,43827,BC,1325,EC,OC
19532,308248,174.49,43828,MBCV,2610,EC,OC
19533,259002,174.49,43829,SC,2702,BT,SC
19534,261031,174.49,43830,MBCDNC,4917,AD,OC
19535,288014,174.49,43835,MBC,1216,EE,MBC
19536,234217,174.49,43836,MBCDNC,2726,CS,MBCDNC
19537,349607,174.485,43838,MBCV,2622,BT,MBCV
19538,345386,174.485,43841,MBCDNC,2723,CE,OC
19539,253517,174.485,43844,MBCDNC,2736,CS,MBCDNC
19540,208587,174.485,43845,BC,2607,IT,OC
19541,362577,174.48,43850,MBCV,4023,IT,MBCV
19542,243941,174.48,43851,BC,1505,CS,OC
19543,353853,174.475,43855,BC,1110,CS,BC
19544,285866,174.475,43856,BC,3011,PC,OC
19545,308889,174.475,43858A,MBCDNC,3701,CS,MBCDNC
19546,258995,174.475,43859,BC,1317,CE,OC
19547,211315,174.475,43861,MBCDNC,3011,CE,OC
19548,223955,174.475,43862,BC,1307,IT,OC
19549,341223,174.475,43863,BC,2622,EC,BC
19550,239551,174.47,43864,BCM,2618,EE,BCM
19551,233980,174.47,43865,BC,2329,CS,OC
19552,268530,174.47,43866,BC,2608,EC,BC
19553,254886,174.47,43867,MBCV,1516,CE,OC
19554,245763,174.47,43869,BC,5,CF,BC
19555,215481,174.47,43870,MBCDNC,1324,EC,MBCDNC
19556,248769,174.47,43871,BC,4678,EE,OC
19557,304293,174.47,43872,BC,4959,IT,BC
19558,269959,174.47,43874,MBCV,1605,CS,OC
19559,274409,174.47,43875,BC,4981,IT,OC
19560,207348,174.47,43876,MBCDNC,1422,EC,MBCDNC
19561,367591,174.47,43877,BC,5942,IT,OC
19562,237449,174.47,43879,BC,2751,IT,BC
19563,206132,174.465,43881,BC,2607,IT,OC
19564,314526,174.465,43882,BC,3803,IT,BC
19565,206894,174.465,43883,BC,1516,CE,BC
19566,271765,174.465,43886,BC,2750,AG,BC
19567,304103,174.465,43889,MBCDNC,1014,CS,MBCDNC
19568,285892,174.46,43891,MBCDNC,1233,AD,OC
19569,240899,174.46,43892,OC,4917,CB,OC
19570,260181,174.46,43893,BC,2722,ME,OC
19571,275279,174.46,43894,MBC,1306,IT,MBC
19572,267665,174.46,43897,SC,3016,ME,OC
19573,208506,174.46,43899,BC,2618,EE,BC
19574,250051,174.46,43902,BC,2721,CS,BC
19575,229329,174.46,43903,MBCV,3011,ME,OC
19576,239766,174.46,43904,SC,3819,AD,SC
19577,329035,174.46,43905,BC,1128,ME,BC
19578,254281,174.46,43906,BC,2717,CS,OC
19579,320775,174.46,43907,BC,1122,EC,OC
19580,260635,174.46,43908,MBCV,4974,CE,MBCV
19581,268385,174.45,43911,MBCDNC,2711,EE,MBCDNC
19582,274949,174.45,43912,OC,4981,IT,OC
19583,322277,174.45,43913,BC,1317,ME,OC
19584,274934,174.45,43915,BC,2734,SB,BC
19585,266128,174.45,43916,BCM,2769,FD,OC
19586,262422,174.45,43917,MBCV,2709,AU,MBCV
19587,242990,174.45,43918,BC,3016,CS,OC
19588,274290,174.45,43920,BCM,2615,MT,BCM
19589,210998,174.45,43921,BC,1405,AD,OC
19590,251752,174.44,43924,BC,4864,CS,OC
19591,331802,174.44,43927,MBCDNC,2715,CH,OC
19592,264681,174.44,43928,BC,1452,CS,OC
19593,318923,174.44,43930,MBCDNC,1211,BM,MBCDNC
19594,306853,174.44,43931,BC,4944,EC,OC
19595,239013,174.44,43934,BC,5910,BM,BC
19596,231754,174.44,43935,BC,1231,EC,BC
19597,355396,174.44,43937,MBCDNC,4933,EC,OC
19598,326034,174.44,43940,BC,2611,CS,OC
19599,263419,174.44,43941,BCM,2357,AG,BCM
19600,310012,174.44,43942,BCM,1307,EC,OC
19601,282449,174.44,43943,BC,1504,CS,OC
19602,271622,174.44,43945,BC,3819,IC,OC
19603,234980,174.44,43947,BC,2603,ME,BC
19604,368973,174.44,43950,MBCDNC,1504,BT,OC
19605,204669,174.435,43953,MBCDNC,5904,CS,MBCDNC
19606,305116,174.435,43955,BC,2762,CS,OC
19607,326512,174.435,43956,BC,1013,EC,BC
19608,372490,174.435,43957,BC,2643,CS,OC
19609,235041,174.435,43958,BC,5530,EC,OC
19610,314122,174.43,43959,BC,1310,EC,OC
19611,276558,174.43,43961,BC,1114,CS,BC
19612,217586,174.43,43964,BC,1307,IT,OC
19613,309392,174.43,43965,MBCV,3805,EC,OC
19614,350210,174.43,43966,MBCV,1422,EC,MBCV
19615,247495,174.43,43967,MBCV,1015,EC,OC
19616,307792,174.43,43969,MBCV,3843,ME,OC
19617,226768,174.43,43970,MBCDNC,1432,EC,MBCDNC
19618,366254,174.43,43971,BC,1509,CS,BC
19619,249083,174.43,43974,BCM,3805,AD,OC
19620,313678,174.43,43975,BC,2734,AD,BC
19621,333967,174.43,43976,MBCV,1217,BM,OC
19622,222881,174.43,43977,BC,1325,CS,OC
19623,279011,174.43,43978,BC,1309,EE,BC
19624,235482,174.43,43979A,SC,5901,CE,SC
19625,243817,174.43,43980,BC,1405,AD,OC
19626,256925,174.43,43982,MBCDNC,1306,IT,MBCDNC
19627,203397,174.43,43983,BC,2735,EC,OC
19628,206877,174.43,43985,BC,2736,EC,OC
19629,299187,174.43,43988,MBCDNC,5832,CS,OC
19630,269301,174.43,43989,BC,1014,CS,BC
19631,209502,174.43,43990,BC,4917,IT,OC
19632,227154,174.43,43992,BC,1509,IT,OC
19633,243228,174.425,43995,BC,4974,ME,BC
19634,340687,174.425,43996,BC,2621,CS,OC
19635,276257,174.425,43999,SC,5901,CE,SC
19636,362329,174.425,44000,SC,2707,AG,OC
19637,242755,174.425,44001,BC,1114,EC,OC
19638,218673,174.425,44002,OC,2706,EI,OC
19639,255031,174.425,44003,MBCV,2702,SE,MBCV
19640,238782,174.42,44008,BC,5910,EC,BC
19641,262682,174.42,44010,MBCV,2719,EC,MBCV
19642,206608,174.42,44011,MBCV,1306,EC,MBCV
19643,295284,174.42,44013,ST,2741,EE,OC
19644,321637,174.42,44016,SC,2620,CS,OC
19645,264914,174.415,44017,SCA,2715,CS,SCA
19646,264999,174.415,44018,BC,2357,AG,BC
19647,256768,174.415,44019,BC,4971,EC,BC
19648,275159,174.415,44020,BC,2723,EC,BC
19649,247700,174.415,44022,MBCV,1414,IT,OC
19650,228682,174.415,44023,MBCV,1110,IT,OC
19651,276210,174.415,44025,SCA,2723,BM,SCA
19652,201314,174.415,44026,MBC,1211,ME,MBC
19653,300158,174.415,44027,BC,1114,EC,OC
19654,334545,174.415,44028,BC,2710,EE,BC
19655,210083,174.415,44029,BC,2727,BM,OC
19656,307727,174.415,44030,MBCV,2711,CE,OC
19657,293476,174.415,44031,BCM,2618,AD,BCM
19658,209227,174.415,44033,BC,5904,EC,OC
19659,344342,174.415,44034,MBCV,1409,BM,OC
19660,215415,174.415,44035,MBC,1122,AD,MBC
19661,227505,174.415,44036,SC,3464,ME,OC
19662,356188,174.41,44038,MBC,2741,EC,MBC
19663,205021,174.41,44039,MBC,2711,MZ,MBC
19664,347264,174.41,44040,BC,1432,ME,BC
19665,352444,174.405,44041,BCM,4917,IT,BCM
19666,205231,174.405,44043,BC,1309,EE,BC
19667,209424,174.405,44044,SC,2702,CS,SC
19668,250694,174.405,44045,BC,5921,CB,OC
19669,261862,174.405,44046,MBC,2710,EE,MBC
19670,251717,174.405,44047,BC,1212,PE,OC
19671,314486,174.405,44048,BCM,1216,EC,BCM
19672,310245,174.405,44049,BC,4974,ME,BC
19673,247006,174.405,44050,BC,1237,EC,OC
19674,346759,174.405,44051,BC,2608,EC,BC
19675,231515,174.405,44053,MBCV,3465,CE,OC
19676,205264,174.405,44055,MBCDNC,3011,PH,MBCDNC
19677,239075,174.405,44058,BC,1311,EC,BC
19678,340911,174.405,44061,BC,2656,CS,BC
19679,293794,174.405,44062,BC,4971,EC,BC
19680,246287,174.405,44063,BC,2708,IT,BC
19681,370979,174.405,44066,MBCDNC,1120,AD,MBCDNC
19682,233041,174.405,44067,MBCDNC,5910,EC,MBCDNC
19683,344371,174.405,44068,MBCDNC,2711,CE,OC
19684,214853,174.405,44070,BC,5910,EC,BC
19685,246059,174.4,44073,BC,1317,ME,OC
19686,209180,174.395,44076,BC,1304,ME,OC
19687,215612,174.395,44079,BC,1509,CS,BC
19688,241681,174.395,44081,BC,4974,ME,BC
19689,211422,174.395,44082,BC,5904,EC,OC
19690,203871,174.395,44083,BC,2751,CS,BC
19691,258315,174.395,44086,BC,4959,AD,BC
19692,285775,174.395,44088,BCM,3819,EC,BCM
19693,276055,174.385,44089,BC,1015,CS,BC
19694,217017,174.385,44090,SC,4980,CS,OC
19695,208203,174.385,44091,BC,3019,CS,OC
19696,331067,174.385,44092,MBC,2620,CS,OC
19697,200551,174.385,44094,MBCV,2618,EE,MBCV
19698,292720,174.385,44096,BC,2624,EE,OC
19699,241013,174.385,44098,MBCDNC,2727,IT,MBCDNC
19700,273941,174.385,44101,BC,2719,ME,BC
19701,238788,174.385,44102,BC,2740,IT,BC
19702,332980,174.385,44103,MBCV,2607,IT,OC
19703,316924,174.385,44104,BC,1014,IT,BC
19704,269335,174.385,44106,BC,1306,EC,BC
19705,219009,174.385,44107,BC,1452,CS,OC
19706,216440,174.385,44109,BC,3803,EC,OC
19707,319331,174.385,44111,SCA,2634,AG,OC
19708,226085,174.385,44112,BC,1210,EE,BC
19709,312745,174.385,44113,MBCV,1014,CS,MBCV
19710,260986,174.385,44115,BCM,2719,EE,BCM
19711,284559,174.385,44116,MBCDNC,2618,ME,OC
19712,281712,174.38,44119,SC,2712,SE,SC
19713,266360,174.38,44120,BC,2607,IT,BC
19714,264022,174.38,44122,BC,2702,AU,BC
19715,314712,174.38,44124,SC,2769,AD,OC
19716,298729,174.38,44125,MBCV,3021,CS,MBCV
19717,204147,174.375,44127,BC,2764,CH,BC
19718,310121,174.375,44128,MBC,2725,EE,OC
19719,336789,174.375,44129,BC,2702,ME,BC
19720,240825,174.375,44130,MBCDNC,2726,AL,MBCDNC
19721,291560,174.375,44131,MBCV,1303,BT,OC
19722,301697,174.375,44133,BC,1216,EE,BC
19723,320431,174.37,44137,BC,1110,BT,OC
19724,341987,174.37,44138,BC,1207,BM,OC
19725,322504,174.37,44140,BC,2620,CS,BC
19726,239458,174.37,44141,SC,2329,BT,SC
19727,207570,174.37,44144,BC,5910,EC,BC
19728,294134,174.365,44147,SC,2607,EE,OC
19729,265547,174.365,44148,BCM,2761,AD,OC
19730,215420,174.365,44151,BC,2736,EC,OC
19731,260931,174.365,44152,BC,2711,CH,OC
19732,252498,174.365,44153,BC,2608,EC,BC
19733,327879,174.365,44157,MBCV,1419,EE,MBCV
19734,322568,174.365,44158,BC,2610,IT,OC
19735,346388,174.365,44159,BC,1014,EC,OC
19736,239981,174.36,44160,BC,2611,IT,OC
19737,215422,174.36,44162,BC,4023,EC,BC
19738,266352,174.36,44164,SC,2615,ME,SC
19739,211589,174.36,44165,MBCV,1120,EE,MBCV
19740,324341,174.36,44166,BC,1237,EC,OC
19741,320848,174.36,44171,MBCDNC,3826,AD,OC
19742,288671,174.36,44172,MBCV,1013,EC,MBCV
19743,262865,174.36,44177,BC,2711,CH,OC
19744,205316,174.36,44178,MBCDNC,2764,EC,MBCDNC
19745,256074,174.355,44181,MBCV,2601,CS,MBCV
19746,336769,174.355,44182,BC,4944,CS,OC
19747,255703,174.355,44183,MBCDNC,1231,CS,MBCDNC
19748,233721,174.35,44185,BC,3826,IT,BC
19749,312622,174.35,44187,SC,4020,EC,SC
19750,207630,174.35,44188,BC,2721,CS,BC
19751,318434,174.35,44189,MBCV,1306,EC,MBCV
19752,321402,174.35,44192,MBCV,3016,CS,OC
19753,280932,174.35,44197,BC,1210,EE,BC
19754,248664,174.35,44198,BC,2736,BM,OC
19755,310490,174.35,44199,MBC,2710,EE,MBC
19756,207223,174.35,44202,BC,5530,CS,BC
19757,318290,174.35,44205,BC,3011,EE,BC
19758,268009,174.35,44206,BCM,2711,MZ,BCM
19759,226579,174.35,44207,BC,2745,AD,OC
19760,346681,174.35,44212,SC,1422,CS,SC
19761,215597,174.35,44213,SC,4974,CE,SC
19762,248471,174.35,44214,BC,2704,EC,BC
19763,284110,174.34,44216,MBC,2709,ME,MBC
19764,242602,174.34,44217,SC,1419,EC,SC
19765,227358,174.34,44220,BC,1014,EC,OC
19766,268761,174.34,44222,SC,1399,CE,SC
19767,301867,174.34,44223,BC,4672,CS,OC
19768,201886,174.34,44225,BC,4020,ME,OC
19769,221275,174.34,44226,BC,4917,CS,BC
19770,341021,174.33,44228,OC,4966,CS,OC
19771,315420,174.33,44229,BC,4981,CS,BC
19772,303379,174.33,44230,BC,5009,EE,OC
19773,229419,174.33,44232,BC,3805,BM,OC
19774,224663,174.33,44234,BC,4678,EE,BC
19775,328398,174.33,44235,SC,2603,EE,SC
19776,257041,174.33,44236,BC,5022,EC,OC
19777,243992,174.33,44237,BC,2653,IT,BC
19778,303001,174.33,44238,MBCDNC,5910,EE,OC
19779,286518,174.33,44239,BCM,1115,AD,OC
19780,352242,174.33,44240,BC,2610,CS,OC
19781,337528,174.33,44242,SC,1321,PA,SC
19782,249092,174.33,44243,SC,1211,EC,SC
19783,228701,174.33,44245,MBCV,1231,CB,MBCV
19784,272521,174.33,44246,MBCV,1419,ME,MBCV
19785,240803,174.33,44247,BC,1317,CH,BC
19786,296886,174.33,44249,BC,2729,AD,BC
19787,327369,174.33,44250,BC,2608,AL,BC
19788,261773,174.33,44253,MBCDNC,5910,EC,MBCDNC
19789,213225,174.33,44254,BC,1225,CS,BC
19790,290852,174.33,44257,BC,2708,FD,BC
19791,286402,174.33,44258,BC,1317,ME,OC
19792,235131,174.33,44259,MBCV,1122,AD,MBCV
19793,349365,174.325,44260,SC,2764,CS,SC
19794,266088,174.325,44261,BC,4023,EE,OC
19795,225325,174.325,44262,BC,4954,EC,OC
19796,288206,174.325,44263,SCA,1315,EE,SCA
19797,208881,174.325,44265,SC,1304,EC,SC
19798,205944,174.325,44266,BC,2726,EC,OC
19799,249313,174.325,44267,MBCV,4960,EC,MBCV
19800,310141,174.325,44268,BC,2708,EE,OC
19801,241209,174.325,44269,BC,1225,IT,OC
19802,269223,174.325,44272,BCM,1101,EC,OC
19803,250781,174.32,44276,BC,3011,CE,OC
19804,250732,174.32,44278,SC,1303,BT,OC
19805,217375,174.32,44281,BC,1409,AD,OC
19806,217460,174.32,44283,BC,2755,CS,OC
19807,278127,174.32,44285,BC,4670,EC,OC
19808,241773,174.32,44286,MBCDNC,1014,CS,MBCDNC
19809,220303,174.32,44287,BC,2723,EC,BC
19810,342790,174.315,44290,OC,2708,EE,OC
19811,311227,174.315,44291,BC,2613,CS,OC
19812,358051,174.315,44293,MBCV,2624,CS,OC
19813,275538,174.315,44295,BC,2610,CS,OC
19814,249998,174.315,44297,MBCV,2719,EE,MBCV
19815,213853,174.315,44301,BC,3819,IC,OC
19816,247114,174.315,44302,BCM,4965,EC,OC
19817,332011,174.315,44303,MBC,2620,BM,MBC
19818,309047,174.31,44304,BC,2711,ME,BC
19819,309793,174.31,44305,BC,5910,EC,BC
19820,255758,174.31,44306,BC,2735,EC,OC
19821,218501,174.305,44307,OC,1317,ME,OC
19822,314614,174.305,44308,MBCV,2347,EC,OC
19823,244804,174.305,44309,BC,1325,IT,OC
19824,329795,174.305,44310,MBCV,2764,AD,MBCV
19825,320794,174.305,44313,MBCV,2704,CS,MBCV
19826,233532,174.305,44314,BC,3011,EE,BC
19827,268502,174.3,44317,MBCV,1309,CE,OC
19828,357624,174.3,44318,MBC,2620,EC,OC
19829,247045,174.3,44319,BC,1116,CS,BC
19830,225028,174.3,44320,BC,3826,EC,OC
19831,275188,174.3,44322,BC,2369,EE,BC
19832,281368,174.295,44325,BCM,2726,CS,BCM
19833,355183,174.295,44326,MBC,2715,AD,OC
19834,232835,174.295,44327,SC,1118,AD,SC
19835,244889,174.295,44329,BC,2751,AD,OC
19836,211839,174.295,44331,BCM,3011,EC,BCM
19837,336708,174.295,44332,BC,1207,BM,OC
19838,263670,174.295,44334,BC,2734,AD,BC
19839,220114,174.295,44335,MBCV,1408,CS,OC
19840,240422,174.295,44336,SC,2736,BM,OC
19841,218360,174.295,44338,MBCV,2710,EC,MBCV
19842,202139,174.295,44339,MBCV,3801,IT,MBCV
19843,211926,174.295,44340,SC,2712,AE,SC
19844,278704,174.295,44342,MBCDNC,4971,EC,MBCDNC
19845,335681,174.295,44343,BC,3803,IT,BC
19846,266062,174.295,44344,BC,2618,EE,BC
19847,289755,174.295,44347,BC,2706,EE,BC
19848,230549,174.295,44348,BC,5,ME,OC
19849,229450,174.295,44349,BCM,4678,EC,BCM
19850,236067,174.295,44352,BC,4981,CS,BC
19851,359914,174.295,44353,OC,4675,EC,OC
19852,266278,174.295,44354,BC,2653,CS,BC
19853,280883,174.295,44355,MBCV,1122,CS,MBCV
19854,245776,174.295,44356,MBCV,5,CF,MBCV
19855,276771,174.29,44357,OC,1605,CS,OC
19856,264061,174.285,44358,BC,4955,IT,BC
19857,285184,174.285,44360,BCM,1122,CS,BCM
19858,211754,174.285,44361,BC,5910,EC,BC
19859,252502,174.285,44362,SC,2369,EC,SC
19860,204089,174.285,44363,BC,3826,AD,BC
19861,239979,174.285,44365,BC,3701,CS,BC
19862,324961,174.285,44366,MBCV,2726,BM,MBCV
19863,255925,174.285,44367,BC,1317,EI,BC
19864,206374,174.285,44369,MBC,2725,EC,MBC
19865,320972,174.285,44372,SC,2729,CS,SC
19866,276462,174.285,44373,MBCDNC,2715,EE,OC
19867,318973,174.285,44374,BC,1401,CH,OC
19868,301604,174.285,44375,MBCDNC,4971,EC,MBCDNC
19869,272626,174.285,44377,MBC,2608,AD,MBC
19870,242458,174.28,44378,BC,5910,EE,OC
19871,217191,174.28,44379,BC,5022,CS,BC
19872,217339,174.28,44380,BC,2740,AD,BC
19873,304686,174.275,44383,MBCV,1419,EE,MBCV
19874,238798,174.275,44385,BC,2740,CS,BC
19875,258756,174.275,44386,BC,2740,CS,BC
19876,233172,174.275,44388,BC,2722,IC,BC
19877,311056,174.275,44390,BC,4981,EE,OC
19878,241099,174.275,44393,BC,2751,AD,BC
19879,218634,174.275,44396,MBCDNC,4023,IT,MBCDNC
19880,322131,174.275,44397,MBCDNC,2704,CS,MBCDNC
19881,373375,174.275,44398,SC,1126,AD,OC
19882,292686,174.275,44402,BC,1217,CS,OC
19883,230466,174.275,44404,BC,2764,ME,OC
19884,284513,174.275,44405,SC,1219,CH,SC
19885,312077,174.275,44407,BC,2736,AD,BC
19886,326151,174.27,44408,BC,2608,EC,BC
19887,292047,174.265,44408A,MBCDNC,1015,CS,MBCDNC
19888,332037,174.265,44409,BC,1225,IT,BC
19889,286358,174.265,44410,MBCV,2653,ME,OC
19890,270901,174.265,44411,BC,3826,EC,OC
19891,319594,174.265,44412,BC,2706,EI,OC
19892,317005,174.265,44413,MBCV,2734,CS,MBCV
19893,276978,174.265,44415,BC,5912,CS,OC
19894,318322,174.265,44416,BC,5910,EC,BC
19895,344671,174.265,44417,BC,2656,CS,BC
19896,230849,174.26,44419,MBCDNC,2722,IC,MBCDNC
19897,332951,174.26,44420,BCM,1101,EC,OC
19898,232681,174.26,44421,MBCDNC,2345,CS,OC
19899,231735,174.26,44422,BC,2329,AD,OC
19900,316080,174.26,44423,SC,5,CS,SC
19901,279618,174.26,44424,BC,4023,EE,OC
19902,264324,174.26,44425,MBCDNC,4678,EC,MBCDNC
19903,341159,174.26,44427,BC,2620,EE,OC
19904,248283,174.26,44428,BC,4959,EC,OC
19905,361561,174.26,44429,BC,2702,TX,OC
19906,373029,174.26,44430,MBCDNC,3805,CS,OC
19907,303013,174.255,44431,OC,1505,CS,OC
19908,238565,174.255,44432,SC,1399,MZ,SC
19909,255663,174.255,44434,MBCDNC,2712,TX,MBCDNC
19910,295466,174.255,44436,BC,2621,CS,OC
19911,237298,174.255,44438,BC,3464,EE,BC
19912,267784,174.25,44440,BC,3465,CE,OC
19913,306877,174.25,44441,SC,4020,EC,SC
19914,286857,174.25,44442,MBCV,3465,ME,OC
19915,229084,174.25,44443,BC,2622,IT,OC
19916,216469,174.25,44446,MBCDNC,2704,CS,MBCDNC
19917,270510,174.25,44448,SC,1311,EC,SC
19918,370775,174.25,44449,MBC,1015,CS,MBC
19919,247738,174.25,44451,BC,5921,EC,OC
19920,311914,174.25,44452,SC,5901,ME,SC
19921,220229,174.25,44453,MBCV,2634,CS,OC
19922,225017,174.25,44454,BC,2736,BM,OC
19923,213055,174.25,44458,MBCV,1317,ME,OC
19924,298865,174.25,44459,BC,2708,AL,BC
19925,304309,174.245,44460,BC,2726,AL,BC
19926,369158,174.245,44461,BC,3021,EC,OC
19927,305476,174.245,44463,MBC,2731,CS,OC
19928,241377,174.245,44464,BC,2708,EC,OC
19929,341399,174.245,44465,BC,2656,EC,BC
19930,249278,174.24,44469,BC,1218,CS,OC
19931,305439,174.24,44470,MBCV,1516,CE,MBCV
19932,326663,174.24,44471,BC,3011,EE,BC
19933,229316,174.24,44472,BC,2711,MZ,BC
19934,209668,174.24,44473,SC,2711,CS,SC
19935,277689,174.24,44474,MBCDNC,2620,CS,MBCDNC
19936,204630,174.24,44476,BC,4954,CS,BC
19937,359888,174.24,44477,BC,2762,EC,OC
19938,265181,174.24,44478,BC,1306,EC,BC
19939,276812,174.24,44480,OC,1419,MU,OC
19940,223951,174.24,44481,BC,2653,AD,BC
19941,346109,174.24,44484,MBCV,5009,EC,MBCV
19942,303249,174.24,44485,MBCV,1231,AD,MBCV
19943,294197,174.24,44486,BC,3830,AD,BC
19944,356207,174.24,44487,BC,5912,CS,OC
19945,308331,174.24,44488,BC,2634,FD,OC
19946,351829,174.24,44489,OC,1442,AD,OC
19947,212045,174.24,44491,SC,1419,AD,SC
19948,226367,174.24,44492,MBCV,1311,EC,MBCV
19949,309659,174.24,44494,MBCDNC,3011,EE,MBCDNC
19950,319184,174.24,44495,OC,4981,EC,OC
19951,275185,174.24,44499,SC,1420,CS,OC
19952,340390,174.24,44500,BC,2357,IT,OC
19953,258848,174.23,44501,SC,2006,PS,SC
19954,201453,174.23,44502,BCM,1422,EC,BCM
19955,220802,174.23,44503,MBCDNC,2608,EC,MBCDNC
19956,251129,174.23,44505,OC,2711,CH,OC
19957,311794,174.23,44506,BC,1202,IT,OC
19958,301982,174.23,44507,BC,4959,EC,OC
19959,212769,174.23,44508,MBCV,2639,CS,OC
19960,216633,174.22,44510,BC,1211,AU,BC
19961,229381,174.22,44511,MBCDNC,1516,CE,MBCDNC
19962,265603,174.22,44512,BC,1114,IT,BC
19963,242254,174.22,44513,BCM,2343,HT,BCM
19964,292738,174.22,44514,SC,2704,EC,SC
19965,307624,174.22,44515,BC,1026,EE,OC
19966,275618,174.22,44516,BC,1118,EC,BC
19967,224660,174.22,44517,BC,2708,AL,BC
19968,270040,174.22,44523,SC,1112,CS,SC
19969,289103,174.22,44524,BC,1140,EC,OC
19970,237838,174.22,44525,BC,2708,IT,BC
19971,243302,174.22,44527,OC,3795,EC,OC
19972,344795,174.22,44528,BC,5921,ME,OC
19973,269602,174.22,44531,BC,1307,CS,BC
19974,341749,174.22,44532,MBC,2715,EE,OC
19975,252764,174.22,44533,MBC,2726,EC,OC
19976,282100,174.215,44534,BC,2607,EC,OC
19977,262163,174.215,44535,BC,1317,ME,OC
19978,341793,174.215,44536,MBCDNC,1216,ME,OC
19979,271090,174.21,44537,BC,2722,IC,BC
19980,299361,174.21,44538,BCM,2719,EI,BCM
19981,234736,174.21,44540,BC,1122,EC,OC
19982,264480,174.21,44543,BC,2651,EC,OC
19983,266664,174.21,44544,BC,2608,AD,BC
19984,224781,174.21,44547,BC,2601,CS,BC
19985,296302,174.21,44548,BCM,2726,CS,BCM
19986,204543,174.21,44549,BC,4955,AD,BC
19987,299236,174.21,44551,OC,1513,IT,OC
19988,363315,174.21,44553,BC,1237,EC,OC
19989,289255,174.21,44555,BCM,1412,CS,OC
19990,249499,174.21,44556,BC,4971,IT,BC
19991,351122,174.21,44558,BC,2711,CE,OC
19992,255202,174.21,44559,MBCV,3843,CS,OC
19993,272711,174.21,44560,BC,3830,EC,OC
19994,362401,174.21,44562,MBCV,2625,BM,OC
19995,269888,174.205,44563,BC,2702,ME,BC
19996,342152,174.205,44564,BC,3795,EC,OC
19997,223574,174.205,44565,MBCDNC,2710,SC,MBCDNC
19998,308520,174.205,44566,BC,2704,EC,BC
19999,236502,174.205,44567,MBCDNC,4965,ME,OC
20000,337414,174.205,44568,BC,2705,CS,OC
20001,358653,174.205,44569,BC,3011,EE,BC
20002,223289,174.205,44571,BC,2736,ME,OC
20003,251155,174.205,44575,BCM,2764,CS,BCM
20004,203280,174.205,44576,BC,2329,AD,OC
20005,200962,174.205,44577,BC,2751,EC,OC
20006,296903,174.2,44580,BC,2750,CB,BC
20007,210949,174.2,44582,BC,1306,EC,BC
20008,361767,174.2,44583,BC,1430,EE,OC
20009,252743,174.195,44585,MBCV,3021,CS,MBCV
20010,215117,174.195,44586,BC,1309,EE,BC
20011,270735,174.195,44588,MBCV,2653,CS,MBCV
20012,249595,174.195,44589,BC,3830,EC,OC
20013,274844,174.19,44595,MBCV,1307,CS,MBCV
20014,203639,174.19,44596,MBCDNC,2608,CS,MBCDNC
20015,247116,174.185,44597,BC,1114,CS,BC
20016,295946,174.185,44600,SC,2620,IT,OC
20017,272263,174.185,44602,BC,1015,EC,OC
20018,249949,174.185,44603,MBC,2610,EE,OC
20019,254957,174.185,44604,BC,4917,AD,OC
20020,287189,174.185,44606,MBC,1311,CS,MBC
20021,273161,174.185,44607,MBCV,2719,AE,MBCV
20022,215675,174.185,44608,BCM,5907,CH,OC
20023,338358,174.185,44609,MBCV,2710,EC,MBCV
20024,274503,174.185,44611,BC,2610,BT,OC
20025,303894,174.185,44612,BC,1202,IT,OC
20026,214587,174.185,44614,BC,2764,CE,OC
20027,242898,174.185,44616,OC,2764,CE,OC
20028,333014,174.185,44622,SCA,2702,CS,SCA
20029,340285,174.185,44624,SC,3011,EC,SC
20030,208384,174.175,44627,BCM,1210,EC,BCM
20031,300075,174.175,44629,BC,1509,IT,OC
20032,299293,174.175,44630,SCA,1219,IT,SCA
20033,355840,174.175,44631,MBCV,1231,AD,MBCV
20034,296733,174.175,44632,MBCDNC,2710,CD,MBCDNC
20035,226513,174.175,44634,BC,2708,IT,BC
20036,247349,174.175,44635,MBCV,1408,CS,OC
20037,265973,174.175,44636,MBCV,2607,AD,MBCV
20038,306874,174.175,44637,BCM,3805,AD,OC
20039,293642,174.175,44639,OC,4670,EC,OC
20040,241189,174.175,44641,SC,1516,EE,SC
20041,278116,174.175,44642,BC,2735,EC,OC
20042,343369,174.175,44643,BC,1015,EC,OC
20043,286867,174.175,44646,MBCV,2601,IT,MBCV
20044,294304,174.17,44648,MBC,4917,IT,MBC
20045,370529,174.17,44649,MBCV,3465,EE,MBCV
20046,360700,174.165,44650,MBCV,2608,CS,MBCV
20047,214314,174.165,44651,MBCV,2611,BM,OC
20048,227181,174.165,44653,BC,4678,EC,BC
20049,254869,174.165,44655,BC,2357,AD,BC
20050,252630,174.165,44656,BC,2709,CE,BC
20051,226672,174.165,44657,MBCV,2734,AD,MBCV
20052,337245,174.165,44658,BC,2601,EC,OC
20053,294093,174.155,44662,BC,2608,EC,BC
20054,261738,174.155,44665,BC,3826,BM,OC
20055,290730,174.155,44666,SC,1122,EC,OC
20056,306278,174.155,44668,MBCDNC,1317,EE,MBCDNC
20057,348350,174.155,44669,MBCDNC,2609,AG,OC
20058,226857,174.155,44670,MBCV,4960,IT,MBCV
20059,276324,174.155,44673,ST,1126,BM,OC
20060,360506,174.155,44676,BC,2622,CH,BC
20061,351210,174.155,44677,BC,4954,CS,BC
20062,306980,174.155,44678,BC,1013,ME,OC
20063,205225,174.155,44681,MBCV,1210,EE,MBCV
20064,233125,174.155,44682,BC,1422,EI,OC
20065,275376,174.155,44683,SC,2661,EE,OC
20066,326759,174.155,44684,MBCV,2734,SB,MBCV
20067,321694,174.15,44687,BC,2726,AL,BC
20068,271718,174.15,44688,SCA,1219,CS,SCA
20069,278392,174.15,44689,BCM,2708,IT,BCM
20070,261238,174.15,44691,BC,3701,CS,BC
20071,233053,174.15,44693,BC,1407,CS,OC
20072,211131,174.15,44694,SCA,2025,EE,SC
20073,340985,174.15,44696,OC,2354,CS,OC
20074,205096,174.145,44698,BCM,4959,AD,BCM
20075,219878,174.145,44699,BC,4959,AD,BC
20076,234415,174.145,44700,BC,2661,CS,OC
20077,249984,174.145,44701,MBCV,1238,BM,OC
20078,343708,174.145,44702,MBCDNC,2729,AE,OC
20079,295155,174.145,44704,MBC,2710,ME,OC
20080,222075,174.145,44705,SC,3011,IT,SC
20081,294307,174.145,44707,BC,4959,IT,BC
20082,201567,174.145,44709,OC,1127,CS,OC
20083,327380,174.145,44710,BC,1322,CS,OC
20084,225534,174.145,44711,MBCDNC,2727,IT,MBCDNC
20085,266851,174.145,44712,SC,4974,ME,SC
20086,264988,174.145,44714,BC,5530,CS,BC
20087,359035,174.145,44715,MBCV,2665,CS,OC
20088,309794,174.14,44716,MBCDNC,2025,ME,MBCDNC
20089,260418,174.14,44717,BC,1114,EC,OC
20090,290010,174.14,44721,BC,1504,IT,BC
20091,362290,174.14,44723,BC,4023,EE,OC
20092,275320,174.14,44724,BC,4969,CS,OC
20093,330044,174.14,44727,BC,2711,CH,OC
20094,252121,174.14,44728,MBCV,4960,IT,MBCV
20095,223655,174.14,44729,SC,1210,CS,SC
20096,215161,174.14,44730,BC,3820,CS,OC
20097,225845,174.14,44732,SCA,2704,CS,SCA
20098,265964,174.14,44733,SC,5010,EC,SC
20099,297215,174.135,44734,BC,4971,EC,BC
20100,313364,174.135,44735,MBCV,2608,EE,OC
20101,209101,174.135,44738,MBC,1207,EC,OC
20102,336440,174.13,44739,SC,1212,PE,OC
20103,239025,174.13,44740,BC,2603,ME,BC
20104,342674,174.13,44741,BC,2723,EC,BC
20105,315883,174.13,44743,BC,3019,CS,OC
20106,292941,174.13,44744,MBCV,1219,AU,MBCV
20107,272984,174.13,44745,SC,2618,CS,SC
20108,215618,174.13,44747,MBCDNC,2722,ME,OC
20109,346601,174.13,44748,MBCV,1226,ME,OC
20110,255093,174.13,44749,BC,2711,MZ,BC
20111,303281,174.13,44751,BC,4680,EE,OC
20112,237216,174.13,44754,BC,2608,AL,BC
20113,319850,174.13,44755,MBC,1605,CS,OC
20114,248765,174.12,44757,SC,1419,EE,SC
20115,259422,174.12,44759,MBCDNC,1304,RM,MBCDNC
20116,203145,174.12,44760,BC,2706,ME,OC
20117,263050,174.12,44761,BC,2608,EC,BC
20118,285976,174.12,44762,MBCV,1149,EC,MBCV
20119,266385,174.12,44763,BC,2702,TX,OC
20120,361097,174.12,44766,MBCDNC,1422,EC,MBCDNC
20121,296375,174.12,44769,MBC,5915,CS,OC
20122,319440,174.12,44770,BC,2611,EE,OC
20123,223517,174.12,44771,SC,2615,CE,SC
20124,248950,174.12,44772,BC,4672,CS,OC
20125,345344,174.12,44773,BC,4917,BT,OC
20126,250686,174.12,44774,SCA,1,MI,SCA
20127,263445,174.12,44775,MBCV,2718,MZ,MBCV
20128,274005,174.12,44778,BC,2710,EE,BC
20129,235348,174.12,44780,SCA,3805,PH,OC
20130,301420,174.12,44781,MBCV,2634,AD,OC
20131,227214,174.12,44783,BC,5,EC,BC
20132,219148,174.12,44784,BC,2725,EE,OC
20133,217489,174.12,44785,BC,4917,CS,BC
20134,256842,174.12,44787,BC,5010,CE,OC
20135,308399,174.11,44788,BC,2726,AL,BC
20136,308625,174.11,44793,BC,2628,AD,OC
20137,222793,174.11,44795,BC,4023,EE,OC
20138,320472,174.11,44796,SC,1113,IT,SC
20139,308963,174.11,44797,BC,2715,AG,OC
20140,285345,174.11,44798,BC,2661,CE,OC
20141,342624,174.11,44802,BC,2634,IT,OC
20142,338990,174.11,44804,SC,2620,BM,SC
20143,232797,174.11,44805,SC,2718,CB,SC
20144,285764,174.11,44807,MBCV,1402,CS,OC
20145,347106,174.105,44808,MBCV,3805,AD,OC
20146,206764,174.105,44809,BCM,1128,EC,BCM
20147,256423,174.105,44811,BC,5009,EE,OC
20148,261237,174.1,44813,MBCDNC,1014,IT,MBCDNC
20149,221097,174.1,44814,BC,1237,EC,OC
20150,266408,174.1,44817,SC,4960,EC,SC
20151,234535,174.1,44818,SC,5901,ME,SC
20152,246145,174.1,44819,BC,5904,IT,BC
20153,203753,174.1,44821,MBCV,1122,CS,MBCV
20154,206245,174.1,44823,SC,1211,EC,SC
20155,254001,174.1,44824,BC,1409,RM,OC
20156,205001,174.1,44825,BC,5009,ME,OC
20157,204797,174.1,44826,OC,1419,CE,OC
20158,247797,174.1,44827,SCA,2603,EE,SCA
20159,322900,174.1,44828,MBCV,1216,EC,MBCV
20160,302643,174.1,44829,BC,2347,AG,OC
20161,261894,174.1,44831,SC,1304,IT,SC
20162,330135,174.1,44833,MBC,4959,EC,OC
20163,286600,174.1,44834,MBCDNC,2727,EC,MBCDNC
20164,300106,174.1,44835,BC,2762,CS,OC
20165,274322,174.095,44839,BC,2750,EC,BC
20166,206103,174.095,44842,SC,1316,CS,OC
20167,241536,174.095,44843,BCM,4020,ME,OC
20168,272860,174.095,44844,BC,1216,EE,BC
20169,363105,174.095,44845,BC,5,EE,OC
20170,264944,174.095,44847,BC,2734,TS,OC
20171,301710,174.095,44848,BCM,2723,CS,BCM
20172,216703,174.09,44850,BCM,2722,IC,BCM
20173,311515,174.085,44852,MBCV,2369,ME,OC
20174,342016,174.085,44854,BCM,3806,CS,OC
20175,304472,174.08,44857,BC,1114,CS,BC
20176,204657,174.08,44858,SC,4960,AD,SC
20177,224318,174.08,44859,MBCV,1450,ME,MBCV
20178,207798,174.08,44860,BC,1317,ME,OC
20179,227708,174.08,44862,SC,1210,IT,SC
20180,259220,174.08,44863,BC,3826,BM,OC
20181,334357,174.08,44864,SCA,2661,CS,OC
20182,259180,174.08,44865,BC,4960,ME,BC
20183,208582,174.08,44866,SC,1216,IT,SC
20184,222376,174.08,44867,BC,1114,CS,BC
20185,374815,174.075,44870,SC,2729,AE,OC
20186,249013,174.075,44872,BC,5904,EC,OC
20187,249664,174.075,44873,SC,1211,EC,SC
20188,246755,174.075,44874,SC,2357,CS,OC
20189,334472,174.075,44875,SC,1118,CS,SC
20190,326579,174.075,44877,BC,1210,EE,BC
20191,298744,174.075,44881,BC,4955,AD,BC
20192,298364,174.075,44882,BC,3011,PC,OC
20193,213297,174.07,44883,SC,2615,MT,SC
20194,307818,174.07,44884,MBC,4023,CS,MBC
20195,208998,174.065,44885,BCM,1231,AD,BCM
20196,251966,174.065,44886A,BC,2751,CS,BC
20197,204785,174.065,44887,MBCV,1116,CS,MBCV
20198,241332,174.065,44888,SC,1309,CS,SC
20199,319937,174.065,44889,BC,4981,CS,BC
20200,246543,174.065,44890,MBC,4020,EC,MBC
20201,219795,174.065,44891,BC,1422,ME,OC
20202,287626,174.065,44892,MBCV,2610,CS,OC
20203,314865,174.065,44893,BC,5009,CE,OC
20204,269860,174.065,44894,MBCDNC,5986,CE,MBCDNC
20205,226862,174.065,44896,SC,1450,EE,SC
20206,202451,174.065,44899,BC,1015,CS,BC
20207,211935,174.065,44900,MBCDNC,2739,EC,MBCDNC
20208,234620,174.065,44901,MBCV,3465,EE,MBCV
20209,204518,174.065,44902,BC,2726,EC,OC
20210,215418,174.065,44904,MBCDNC,1210,CB,MBCDNC
20211,213153,174.065,44905,MBCV,1307,IT,OC
20212,233901,174.065,44908,BC,1233,CS,BC
20213,236656,174.065,44909,BC,3803,IT,BC
20214,234638,174.065,44910,BC,4980,CS,OC
20215,350148,174.065,44911,BC,5536,AG,OC
20216,366734,174.065,44912,MBCDNC,1424,AD,MBCDNC
20217,229910,174.065,44915,MBCV,1419,ME,MBCV
20218,222696,174.06,44918,BC,2734,EC,OC
20219,312984,174.055,44922,BCM,5,IT,BCM
20220,248740,174.055,44924,BC,1114,IT,BC
20221,272576,174.055,44925,BC,2618,BM,OC
20222,284141,174.055,44926,BC,4959,EC,OC
20223,373156,174.055,44930,MBCV,2610,BM,OC
20224,324188,174.055,44931,SC,5,CS,SC
20225,270575,174.055,44932,BC,2741,CS,BC
20226,359282,174.055,44933,BC,4954,IT,BC
20227,296247,174.05,44935,BC,2752,IT,OC
20228,348201,174.045,44943,MBCDNC,1014,IT,MBCDNC
20229,364196,174.045,44945,OC,1304,CE,OC
20230,340573,174.045,44946,BC,1013,EC,BC
20231,302018,174.045,44947,SC,2739,CS,SC
20232,268777,174.045,44948,BC,2357,AG,BC
20233,249435,174.045,44949A,BC,2369,EE,BC
20234,271198,174.045,44950,OC,4020,GI,OC
20235,303171,174.045,44951,BC,2744,IT,OC
20236,345003,174.045,44954,BC,2656,CS,BC
20237,268442,174.045,44955,BC,4954,CS,BC
20238,353390,174.045,44956,MBCDNC,2723,CS,MBCDNC
20239,263038,174.045,44957,BC,3805,AG,OC
20240,245087,174.045,44958,BC,2764,EE,BC
20241,278286,174.045,44959,BC,2302,CS,OC
20242,352145,174.045,44961,SC,3464,EE,SC
20243,325649,174.045,44963,MBCV,2624,AG,OC
20244,252257,174.045,44965,BC,4944,CS,OC
20245,300151,174.04,44967,BC,2706,CE,OC
20246,250793,174.04,44968,OC,3830,CB,OC
20247,237863,174.04,44969,MBC,3807,CS,OC
20248,259471,174.04,44970,SC,1149,IT,SC
20249,282217,174.04,44973,BC,5530,EC,OC
20250,341558,174.04,44974,BC,2609,CS,OC
20251,211301,174.04,44975,BC,2622,BT,BC
20252,316307,174.04,44976,MBCDNC,4672,EC,OC
20253,330626,174.04,44977,MBCV,1412,EC,OC
20254,320218,174.04,44978,MBCDNC,2608,EC,MBCDNC
20255,244830,174.04,44979,SC,3011,CS,SC
20256,316454,174.04,44981,MBC,1317,ME,OC
20257,319124,174.04,44982,BC,2622,EC,BC
20258,217527,174.035,44983,BC,2628,AD,OC
20259,206846,174.035,44984,BC,2721,CS,BC
20260,248027,174.035,44986,MBC,2735,EC,OC
20261,236449,174.035,44988,BC,1211,CE,BC
20262,287437,174.035,44990,SCA,2735,EE,OC
20263,250400,174.035,44991,BC,2618,EE,BC
20264,240077,174.035,44993,OC,5910,EE,OC
20265,333666,174.035,44995,BC,2727,AG,OC
20266,219585,174.03,44997,MBCV,3465,CE,OC
20267,303584,174.03,44998,BC,2608,AL,BC
20268,224556,174.03,44999,MBCV,1311,EC,MBCV
20269,319409,174.03,45001,MBCV,2725,CS,MBCV
20270,265616,174.03,45004,BC,2740,CS,BC
20271,302389,174.03,45005,BC,4680,EC,OC
20272,241234,174.03,45007,SC,2734,AD,SC
20273,285163,174.025,45008,MBCV,2006,FY,MBCV
20274,229114,174.025,45010,BC,2704,EC,BC
20275,205191,174.025,45011,SC,2603,EE,SC
20276,284388,174.02,45013,BC,2710,EE,BC
20277,265323,174.02,45015,SC,3795,CS,SC
20278,267471,174.015,45016,OC,1413,AD,OC
20279,264636,174.015,45017,MBCDNC,3011,EE,MBCDNC
20280,272955,174.01,45020,SC,2006,MS,SC
20281,271157,174.01,45021,MBCDNC,2722,ME,OC
20282,212676,174.01,45022,BC,1303,CS,OC
20283,288248,174.01,45023,BC,1317,EI,BC
20284,261614,174.01,45026,BC,2328,CS,OC
20285,207529,174.01,45029,MBCDNC,2611,PU,OC
20286,238434,174.01,45031,MBCDNC,3810,CS,OC
20287,223867,174.01,45035,MBCV,3464,EE,MBCV
20288,238971,174.01,45036,BCM,2618,CS,BCM
20289,224585,174.01,45037,BC,2618,EE,BC
20290,229530,174.01,45041,SC,2704,IT,SC
20291,211482,174.01,45042,BC,2719,CE,OC
20292,348973,174.01,45043,BC,1014,CS,BC
20293,319127,174,45046,SC,1309,IT,SC
20294,284103,174,45051,SC,2712,EE,SC
20295,284689,174,45052,BCM,1419,EE,BCM
20296,345991,174,45053,BC,2736,BM,OC
20297,339906,174,45060,BC,1106,CS,OC
20298,301302,174,45063,BC,1026,EE,OC
20299,305572,174,45067,OC,5904,EC,OC
20300,288530,174,45070,MBCV,1523,CS,OC
20301,322694,174,45071,MBCV,2711,CE,OC
20302,360728,174,45074,BC,2719,ME,BC
20303,308627,174,45075,BC,1149,EE,OC
20304,332944,174,45079,BC,2723,EC,BC
20305,317335,174,45084,MBCV,1219,ME,MBCV
20306,325547,174,45087,BC,2608,EC,BC
20307,240211,174,45088,SC,1317,IT,SC
20308,331292,174,45091,MBCDNC,1419,ME,MBCDNC
20309,267939,174,45100,BC,2711,CH,OC
20310,364292,174,45101,BC,1310,IT,OC
20311,305041,174,45102,BC,2622,IT,OC
20312,294178,174,45103,BC,2715,CS,BC
20313,268607,174,45104,MBC,2740,CS,MBC
20314,289349,174,45107,BC,1306,EC,BC
20315,293045,174,45108,BC,2702,CE,BC
20316,294241,174,45109,OC,3819,EE,OC
20317,288048,174,45111,BC,2622,IT,BC
20318,290622,174,45115,SC,2702,CS,SC
20319,206515,174,45117,BC,2715,CS,BC
20320,231922,174,45118,BC,2735,EC,OC
20321,302848,174,45120,BC,1520,EC,OC
20322,218116,174,45123,BC,2708,IT,BC
20323,326911,174,45124,BC,1014,EC,OC
20324,336453,174,45125,SCA,1211,CS,SCA
20325,332546,174,45126,BC,2734,TS,OC
20326,307799,174,45128,BC,2750,AG,BC
20327,322899,174,45129,MBC,2607,EE,OC
20328,320099,174,45133,BC,2735,EC,OC
20329,343994,174,45137,SC,2769,CS,OC
20330,202308,174,45139,BC,3701,CS,BC
20331,342513,174,45140,MBC,2636,CS,OC
20332,314035,174,45145,BC,3701,EC,OC
20333,283019,174,45147,BC,1149,EE,OC
20334,290878,174,45148,SC,1309,EC,SC
20335,287810,174,45149,MBC,1231,AD,MBC
20336,254763,174,45154,BC,2702,TX,OC
20337,331873,174,45156,BC,4678,EC,BC
20338,265093,174,45157,MBC,3701,AL,OC
20339,366916,174,45159,MBC,2734,SB,MBC
20340,248418,174,45160,BC,3016,CS,OC
20341,296994,174,45161,BC,2314,AG,OC
20342,249300,174,45168,BC,2727,BT,BC
20343,298907,174,45171,BC,3701,CS,BC
20344,278125,174,45173,BC,2740,CS,BC
20345,349727,174,45175,MBCV,1216,EC,MBCV
20346,366970,174,45177,OC,1504,BT,OC
20347,266512,174,45179,BC,2702,AU,BC
20348,328043,174,45180,SC,1419,EC,SC
20349,363211,174,45186,MBCV,1128,EC,MBCV
20350,224666,174,45188,MBCV,1128,EC,MBCV
20351,288733,174,45189,BC,1306,EC,BC
20352,292927,174,45190,BCM,1324,CO,BCM
20353,269961,174,45192,SC,2702,BT,SC
20354,305793,174,45193,BC,2704,EE,OC
20355,349664,174,45197,BC,1316,BM,OC
20356,283131,174,45198,BC,1237,EC,OC
20357,225590,174,45202,BCM,2702,BT,BCM
20358,368712,174,45203,BC,2722,ME,OC
20359,327054,174,45208,BC,1211,CE,BC
20360,317885,174,45212,BC,2708,IT,BC
20361,281407,174,45214,BCM,1413,AD,OC
20362,342195,174,45222,BC,4959,AD,BC
20363,272732,174,45224,MBCV,1231,EC,MBCV
