S NO,AGGREGATE MARK,GENERAL RANK,COLLEGE CODE,BRANCH CODE,ALLOTTED COMMUNITY
1,199.5,15,1149,AD,OC
2,197.0,436,2,CL,SC
3,195.5,1013,1324,CS,OC
4,195.4,1087,3011,IT,OC
5,195.2,1150,1026,CS,OC
6,194.5,1601,2,PP,BC
7,194.0,1965,2704,CS,OC
8,194.0,1988,1210,CS,BC
9,194.0,2002,1211,AE,OC
10,194.0,2028,1113,CD,OC
11,193.8,2176,2715,EC,OC
12,193.6,2280,2702,AD,BC
13,193.5,2336,2,CR,OC
14,193.4,2469,1,PT,MBC
15,193.2,2591,1118,EC,OC
16,193.2,2592,2718,EE,BCM
17,193.1,2663,2025,CS,MBC
18,193.1,2696,2710,CS,OC
19,193.1,2698,1112,CS,BC
20,193.0,2744,2603,CS,MBC
21,193.0,2836,1210,CS,MBC
22,193.0,2853,1321,MN,OC
23,193.0,2869,5010,CS,OC
24,193.0,2942,1419,EC,BC
25,193.0,2977,2712,BT,SC
26,192.9,3074,1014,CS,OC
27,192.7,3182,2025,CS,MBC
28,192.6,3255,1211,EE,OC
29,192.5,3410,1321,MN,OC
30,192.5,3539,2711,EC,BC
31,192.3,3670,5986,IT,OC
32,192.2,3714,2653,CS,OC
33,192.2,3756,1219,ME,OC
34,192.2,3783,1118,ME,OC
35,192.1,3822,2711,AD,BC
36,192.0,3882,3465,CS,BC
37,192.0,4033,1216,CS,OC
38,192.0,4045,1231,CS,OC
39,191.9,4387,1216,BM,OC
40,191.9,4415,2704,EC,OC
41,191.8,4461,2006,MY,BC
42,191.8,4462,1309,IT,OC
43,191.8,4465,2709,IT,BC
44,191.8,4468,5901,EE,MBC
45,191.8,4481,2006,TX,BC
46,191.8,4509,1432,AD,OC
47,191.7,4566,3011,CS,MBC
48,191.6,4625,2706,EC,OC
49,191.5,4709,2712,BT,MBC
50,191.5,4764,1149,EC,OC
51,191.5,4778,3819,CS,OC
52,191.5,4886,2025,CS,SC
53,191.5,4925,2615,ME,OC
54,191.5,4967,2702,EC,BC
55,191.4,5044,4960,EC,OC
56,191.4,5069,2,PP,BC
57,191.4,5071,4960,EC,OC
58,191.3,5132,3465,CS,BC
59,191.2,5173,4974,EE,OC
60,191.2,5203,1419,AD,BC
61,191.2,5275,2005,CE,BC
62,191.1,5328,1113,EI,OC
63,191.1,5337,2711,EC,BC
64,191.1,5355,2702,FD,OC
65,191.0,5399,1216,EC,OC
66,191.0,5509,1,XM,OC
67,191.0,5588,1315,CE,MBC
68,191.0,5652,1304,EC,BC
69,158.0,5671,2006,PR,MBC
70,191.0,5672,2005,EE,SC
71,191.0,5694,2620,CS,OC
72,191.0,5705,1014,IT,OC
73,190.9,5761,2719,IT,BC
74,190.8,5823,2,PM,MBC
75,190.8,5890,3011,CS,BC
76,190.7,5967,2711,EC,BC
77,190.6,6016,5,CS,OC
78,190.6,6069,3795,CS,OC
79,190.6,6095,2025,CS,SC
80,190.5,6133,1317,EC,BC
81,190.5,6156,2702,AD,BC
82,190.5,6254,2722,IT,BC
83,190.5,6260,1450,CS,SC
84,190.5,6266,2709,IT,BC
85,190.5,6307,2006,AS,BC
86,190.5,6324,2005,CE,BC
87,190.5,6329,1324,CS,OC
88,190.5,6403,1210,EC,OC
89,190.5,6426,2005,ME,MBC
90,190.4,6496,1211,EC,MBC
91,190.4,6507,2,PP,MBC
92,190.3,6538,2007,EE,SC
93,190.3,6567,4962,EC,OC
94,190.3,6608,2711,EC,MBC
95,190.3,6617,2706,CS,OC
96,190.2,6720,3425,CS,OC
97,190.2,6737,2,PM,MBC
98,190.2,6742,2006,ES,MBC
99,190.1,6785,4,RP,BCM
100,190.1,6787,2006,FY,BC
101,190.1,6795,2719,IT,BC
102,190.1,6798,2711,EE,OC
103,190.1,6821,1,XM,OC
104,190.0,6911,2005,PR,OC
105,190.0,6960,1309,CS,MBC
106,190.0,6973,2608,EC,OC
107,190.0,6995,2006,MY,BC
108,190.0,7008,5904,EC,OC
109,190.0,7042,5986,EC,OC
110,190.0,7055,2702,CT,OC
111,190.0,7078,1210,CO,OC
112,190.0,7096,5010,CS,OC
113,190.0,7104,1516,CS,MBC
114,190.0,7136,1317,BT,BCM
115,190.0,7199,2702,EC,BC
116,190.0,7211,1317,AL,BC
117,190.0,7216,5910,AD,OC
118,190.0,7251,2711,AD,BC
119,190.0,7273,1304,EC,BC
120,190.0,7293,2712,ME,OC
121,190.0,7345,4,AU,SC
122,190.0,7362,1422,CS,OC
123,190.0,7421,5910,CB,OC
124,190.0,7429,2702,BM,OC
125,190.0,7445,1211,EE,OC
126,190.0,7450,1315,CE,MBC
127,190.0,7452,3819,CS,OC
128,190.0,7462,1112,CS,BC
129,190.0,7470,2,AP,BC
130,190.0,7484,3011,BT,OC
131,190.0,7489,1450,ME,OC
132,190.0,7518,2,PP,SC
133,190.0,7549,2603,CS,MBC
134,190.0,7555,1118,CS,OC
135,189.9,7597,4678,CS,OC
136,189.8,7688,2,LE,OC
137,189.8,7714,2,PP,MBC
138,189.8,7732,2706,AD,OC
139,189.8,7739,1317,EC,BC
140,189.8,7740,1304,EC,BC
141,189.8,7756,1026,CS,OC
142,189.7,7802,1211,BM,BC
143,189.7,7814,3830,CS,OC
144,189.7,7838,2764,CS,OC
145,189.7,7854,4962,CS,BC
146,189.7,7877,2005,PR,OC
147,189.6,7906,2005,EE,SC
148,189.6,7912,1113,IT,MBC
149,189.6,7930,2711,EC,BC
150,189.6,7939,2711,CS,MBC
151,189.6,7951,1317,EC,BC
152,189.5,8021,2615,MT,OC
153,189.5,8029,2025,EC,BC
154,189.5,8068,1399,EC,BCM
155,189.5,8099,1516,CS,BC
156,189.5,8118,4,RP,BC
157,189.5,8176,1211,EC,MBC
158,189.5,8200,2,CR,OC
159,189.5,8232,3805,CS,OC
160,189.5,8350,1516,CS,BCM
161,189.5,8378,2709,IT,MBC
162,189.4,8474,2711,EC,BC
163,189.4,8487,3011,IT,OC
164,189.3,8513,2711,EC,BC
165,189.3,8521,2608,EC,OC
166,189.3,8569,2702,EC,BC
167,189.3,8623,1516,EC,OC
168,189.2,8682,4960,CS,BCM
169,189.2,8689,2005,CE,MBC
170,189.2,8692,2601,EC,OC
171,189.2,8727,3011,IT,OC
172,189.2,8728,2,CL,SC
173,189.2,8739,2711,EC,MBC
174,189.1,8781,2702,EC,BC
175,189.1,8825,2615,EC,SC
176,189.1,8827,2711,EC,BC
177,189.1,8853,3011,BT,BC
178,189.0,8879,2702,AL,OC
179,189.0,8883,2722,IT,BC
180,189.0,8891,2,PP,BC
181,189.0,8915,5986,IT,OC
182,189.0,8920,4678,CS,OC
183,189.0,8928,5901,CE,OC
184,189.0,9035,1317,BT,BC
185,189.0,9058,2,PP,BC
186,189.0,9086,2722,AD,BC
187,189.0,9087,1317,BT,BC
188,189.0,9170,1113,CB,MBC
189,189.0,9173,2764,CS,OC
190,189.0,9211,1422,EE,OC
191,189.0,9280,1516,EC,OC
192,188.9,9309,2719,IT,BC
193,188.8,9405,2702,AL,OC
194,188.8,9409,5008,MF,MBC
195,188.8,9516,1219,EE,MBC
196,188.8,9517,3465,EC,OC
197,188.7,9539,2005,CE,BCM
198,188.7,9547,2729,AE,OC
199,188.7,9554,1422,IT,OC
200,188.7,9558,2006,PR,MBC
201,188.7,9611,1149,CS,OC
202,188.7,9612,2603,CS,MBC
203,188.7,9621,2739,CS,BC
204,188.6,9701,3465,CS,BC
205,188.6,9775,1516,CS,BC
206,188.5,9798,1113,EE,OC
207,188.5,9856,1304,BM,BC
208,188.5,9961,1112,CS,BC
209,188.5,9980,2708,EE,OC
210,188.5,9994,1211,CH,OC
211,188.5,10079,4960,BT,OC
212,188.4,10133,1216,BM,OC
213,188.4,10186,2702,EC,BC
214,188.4,10199,2711,EC,BC
215,188.4,10206,2702,AD,BC
216,188.4,10239,2702,EC,BC
217,188.4,10241,2006,MS,MBC
218,188.4,10260,2377,CE,BC
219,188.4,10269,2704,IT,OC
220,188.4,10273,2,PP,MBC
221,188.3,10286,2711,EC,BC
222,188.3,10312,1304,IT,MBC
223,188.3,10331,1516,CS,BC
224,188.3,10334,2716,AE,OC
225,188.3,10335,1450,EE,OC
226,188.3,10337,2007,IM,SC
227,188.3,10345,1321,MN,OC
228,188.3,10346,3011,CS,MBC
229,188.2,10404,2702,EC,BC
230,188.2,10423,4960,EC,OC
231,188.2,10437,3465,CS,MBC
232,188.2,10461,1304,EC,BC
233,188.2,10473,1317,EC,BC
234,188.2,10496,2702,BT,BC
235,188.2,10519,2702,EC,BC
236,188.1,10545,2006,TX,BC
237,188.1,10562,4974,EC,MBC
238,188.1,10600,1516,CS,MBC
239,188.1,10612,5986,IT,OC
240,188.1,10628,2006,PS,OC
241,188.0,10658,4974,EE,OC
242,188.0,10684,1128,CS,OC
243,188.0,10718,4023,EC,OC
244,188.0,10777,2702,AD,MBC
245,188.0,10799,2,PP,BC
246,188.0,10859,1419,AD,MBC
247,188.0,10869,5,AM,OC
248,188.0,10895,2722,AD,BC
249,188.0,10943,5986,IT,OC
250,188.0,10947,2005,CE,BC
251,188.0,10957,1120,CS,OC
252,188.0,10976,1422,EC,OC
253,188.0,10991,2,CH,ST
254,188.0,11064,2005,CE,BC
255,187.9,11085,2722,EC,OC
256,187.9,11087,1304,EC,BC
257,187.9,11095,2,AP,BC
258,187.9,11146,1211,EC,BCM
259,187.9,11164,4023,EC,OC
260,187.9,11166,2702,CS,MBC
261,187.9,11189,1317,IT,MBC
262,187.9,11197,2709,IT,BC
263,187.8,11236,5910,IT,OC
264,187.8,11243,2711,EC,BC
265,187.8,11247,2702,EC,MBC
266,187.8,11279,1211,EC,MBC
267,187.8,11323,5008,CE,SC
268,187.8,11347,2722,IT,BC
269,187.7,11357,2377,EC,SC
270,187.7,11369,2702,CB,BC
271,187.7,11424,1304,EC,BC
272,187.7,11431,1015,EC,OC
273,187.7,11435,5901,EE,BC
274,187.7,11459,2,PP,MBC
275,187.6,11504,2710,IT,OC
276,187.6,11536,2377,ME,BCM
277,187.6,11602,1432,CS,BC
278,187.6,11616,2711,EC,MBC
279,187.5,11630,1516,CS,BC
280,187.5,11636,2764,BM,OC
281,187.5,11703,1422,CS,OC
282,187.5,11747,5986,EC,OC
283,187.5,11770,2006,PS,OC
284,187.5,11776,1113,CD,OC
285,187.5,11779,2007,CN,BC
286,187.5,11798,2704,CS,OC
287,187.5,11880,5910,EC,OC
288,187.5,11958,1304,EC,MBC
289,187.5,11968,1516,EC,OC
290,187.5,11972,3819,EC,OC
291,187.5,11974,1321,PA,OC
292,187.5,11976,2718,EE,MBC
293,187.4,11999,1112,IT,OC
294,187.4,12006,1149,IT,OC
295,187.4,12047,2005,ME,MBC
296,187.4,12064,4960,EC,OC
297,187.4,12065,5008,EM,SC
298,187.4,12068,1210,IT,OC
299,187.4,12100,1304,EC,BC
300,187.4,12107,5008,CN,BC
301,187.4,12119,1211,CS,SC
302,187.4,12124,1419,EC,BC
303,187.3,12174,2005,ME,SC
304,187.3,12181,1210,EC,OC
305,187.3,12202,3464,CS,OC
306,187.3,12204,1317,EC,BC
307,187.3,12227,1211,BM,SC
308,187.3,12253,2005,EE,SC
309,187.2,12304,3465,CS,BC
310,187.2,12313,2702,CS,MBC
311,187.2,12343,2603,EC,OC
312,187.2,12350,4962,CS,BC
313,187.2,12352,5901,CE,OC
314,187.2,12365,1419,IT,MBC
315,187.2,12370,2007,EM,SC
316,187.2,12388,2718,EC,MBC
317,187.2,12404,2722,EC,OC
318,187.2,12411,1219,CH,OC
319,187.2,12412,4960,IT,BCM
320,187.2,12419,1,PT,MBC
321,187.1,12458,2618,AD,OC
322,187.1,12463,2610,BM,OC
323,187.1,12486,3011,CS,BC
324,187.1,12494,5008,CM,SC
325,187.1,12498,5901,EE,BC
326,187.0,12585,2025,EE,OC
327,187.0,12595,3011,CE,OC
328,187.0,12600,5008,CN,MBC
329,187.0,12617,3819,CS,OC
330,187.0,12621,2739,CS,BC
331,187.0,12681,1321,MN,OC
332,187.0,12728,1113,ME,OC
333,187.0,12751,2,TX,OC
334,187.0,12770,1432,CS,BC
335,187.0,12772,2618,CS,OC
336,187.0,12783,2377,EC,SC
337,187.0,12793,1,XM,OC
338,187.0,12811,1419,CJ,OC
339,187.0,12862,1211,BM,BC
340,187.0,12879,5008,CE,SC
341,187.0,12904,1128,AD,OC
342,187.0,12934,2603,EC,OC
343,187.0,12936,2702,BT,BC
344,187.0,12940,2708,CS,OC
345,186.9,12952,2723,IT,OC
346,186.9,12964,1211,BT,BC
347,186.9,12978,3803,CS,OC
348,186.9,13030,5901,EE,BC
349,186.9,13064,2747,EC,OC
350,186.9,13080,3843,EC,OC
351,186.8,13107,4994,CS,OC
352,186.8,13118,3011,BT,MBC
353,186.8,13133,2025,EC,BC
354,186.8,13139,1309,EC,OC
355,186.8,13149,2735,EC,OC
356,186.8,13157,1516,CS,BCM
357,186.8,13181,5008,EE,SC
358,186.8,13187,2719,IT,BC
359,186.8,13215,5901,EE,MBC
360,186.8,13222,2608,CS,OC
361,186.8,13234,2610,CY,OC
362,186.7,13276,1306,AD,OC
363,186.7,13298,2,PP,MBC
364,186.7,13318,1516,CS,MBC
365,186.7,13329,1112,IT,OC
366,186.7,13350,1112,EC,OC
367,186.7,13354,2719,EC,OC
368,186.7,13359,3011,CS,BC
369,186.6,13428,1516,EE,OC
370,186.6,13483,5901,EE,MBC
371,186.6,13488,2025,EC,MBC
372,186.6,13491,1211,EE,OC
373,186.6,13498,2702,EC,BC
374,186.6,13527,3819,ME,OC
375,186.6,13531,4960,BT,OC
376,186.5,13598,1324,CS,BC
377,186.5,13630,2005,PR,OC
378,186.5,13659,5008,EE,SC
379,186.5,13675,2006,MY,BC
380,186.5,13707,2722,IT,BCM
381,186.5,13745,4974,EE,OC
382,186.5,13748,2005,PR,OC
383,186.5,13779,2718,CJ,BC
384,186.5,13790,1450,EE,OC
385,186.5,13804,1419,AD,BC
386,186.5,13813,5,EC,OC
387,186.5,13820,4962,CS,BC
388,186.5,13824,3465,CS,MBC
389,186.5,13839,2702,EC,BC
390,186.4,13891,2005,PR,OC
391,186.4,13901,5901,EE,BC
392,186.4,13909,2712,ME,BC
393,186.4,13924,1324,CS,BC
394,186.4,13937,1211,EE,OC
395,186.4,13948,2369,CS,OC
396,186.4,13972,1317,IT,MBC
397,186.4,13974,2007,EM,SC
398,186.4,13985,1317,EC,BCM
399,186.4,14004,1216,IT,OC
400,186.4,14008,5901,CS,SC
401,186.4,14022,2709,EE,OC
402,186.4,14027,2702,AL,OC
403,186.4,14034,1321,MN,OC
404,186.4,14041,2005,CE,MBC
405,186.3,14057,3830,CS,OC
406,186.3,14128,3011,CS,MBC
407,186.3,14161,2719,AD,OC
408,186.3,14176,1128,CS,OC
409,186.3,14179,1422,AD,BC
410,186.2,14190,2709,EC,OC
411,186.2,14200,4960,AD,BC
412,186.2,14225,2722,IT,BC
413,186.2,14256,2719,CS,MBC
414,186.2,14260,1317,EC,BC
415,186.2,14289,2739,IT,OC
416,186.2,14313,2025,EC,MBC
417,186.1,14351,3908,CS,OC
418,186.1,14386,2603,CS,MBC
419,186.1,14400,5910,IT,OC
420,186.0,14496,4,MF,SCA
421,186.0,14505,2726,AG,OC
422,186.0,14533,4678,CS,OC
423,186.0,14567,3018,EE,OC
424,186.0,14577,1422,CS,OC
425,186.0,14603,1210,CO,OC
426,186.0,14607,2722,AD,BC
427,186.0,14631,1324,CS,BC
428,186.0,14640,1419,EC,BC
429,186.0,14667,2712,EC,SC
430,186.0,14668,2025,ME,OC
431,186.0,14693,2719,IT,BC
432,186.0,14710,1419,EC,BC
433,186.0,14714,2750,BT,OC
434,186.0,14722,2,CL,SC
435,186.0,14731,4,RP,MBC
436,186.0,14734,1211,EE,OC
437,186.0,14744,2,CR,OC
438,186.0,14746,1422,IT,OC
439,186.0,14759,1317,EC,BC
440,186.0,14760,5,CS,OC
441,186.0,14789,1317,EC,BC
442,186.0,14790,2653,CS,OC
443,186.0,14792,2715,AD,OC
444,186.0,14793,2706,CS,OC
445,186.0,14794,2702,EE,OC
446,186.0,14795,1422,CS,OC
447,186.0,14796,1324,CS,MBC
448,186.0,14797,2723,CS,OC
449,186.0,14798,5008,CN,BC
450,186.0,14800,4974,EE,OC
451,186.0,14801,3011,IT,OC
452,186.0,14803,2718,EC,MBC
453,186.0,14805,5008,CN,BC
454,186.0,14806,1516,EC,OC
455,186.0,14807,1317,EC,BC
456,186.0,14808,1112,AL,OC
457,186.0,14809,2702,EC,BC
458,186.0,14814,1216,CS,OC
459,186.0,14816,3830,CS,OC
460,186.0,14817,2712,SE,MBC
461,186.0,14818,2750,AD,OC
462,186.0,14822,2006,PS,OC
463,186.0,14824,3465,CS,BC
464,186.0,14825,1324,CS,BC
465,186.0,14826,2006,TX,BC
466,186.0,14827,1,PT,SC
467,186.0,14828,2006,IY,MBC
468,186.0,14830,2709,EC,OC
469,186.0,14831,2702,EC,BC
470,186.0,14834,4962,CS,BC
471,186.0,14836,2007,MF,MBC
472,186.0,14837,3807,CS,OC
473,186.0,14838,2005,IB,MBC
474,186.0,14840,2702,EC,BC
475,186.0,14843,2377,EC,SCA
476,186.0,14845,2702,EC,BC
477,186.0,14847,3801,CS,OC
478,186.0,14848,2702,EC,BC
479,186.0,14850,1210,AD,OC
480,186.0,14852,2603,EC,OC
481,186.0,14853,2702,FD,OC
482,186.0,14854,2712,ME,BC
483,186.0,14855,2712,CS,SC
484,186.0,14856,2,TX,OC
485,186.0,14857,1317,IT,MBC
486,186.0,14858,1149,CS,OC
487,186.0,14860,2603,CS,MBC
488,186.0,14861,2007,CE,MBC
489,186.0,14862,1516,CS,MBC
490,186.0,14863,1211,EC,BCM
491,186.0,14864,3464,CS,OC
492,186.0,14865,1303,AD,OC
493,186.0,14866,4954,CS,OC
494,186.0,14867,4960,EC,BC
495,186.0,14868,1304,BM,BCM
496,186.0,14869,3464,CS,OC
497,186.0,14870,2005,CE,BC
498,186.0,14871,2007,ME,MBC
499,186.0,14872,4962,IT,OC
500,186.0,14873,4024,EC,OC
501,186.0,14874,4960,EC,BC
502,186.0,14875,2718,EC,MBC
503,186.0,14876,2702,SE,OC
504,186.0,14877,2702,EC,BC
505,186.0,14878,2711,EC,BC
506,186.0,14879,2711,AD,BC
507,186.0,14880,2722,IT,BC
508,186.0,14882,2702,EC,BC
509,186.0,14883,2608,CS,OC
510,186.0,14884,3011,BT,BC
511,186.0,14885,2715,BM,OC
512,186.0,14886,2722,IT,BC
513,185.9,14888,1114,CS,OC
514,185.9,14889,1120,CS,OC
515,185.9,14890,5901,EE,BC
516,185.9,14893,2620,BM,OC
517,185.9,14894,2006,PR,MBC
518,185.9,14895,2711,CD,OC
519,185.9,14896,3760,AG,OC
520,185.9,14897,2702,EC,BC
521,185.9,14898,1304,CS,MBC
522,185.9,14899,2615,MT,OC
523,185.9,14900,2711,MZ,OC
524,185.9,14901,2702,EC,BC
525,185.9,14902,1211,BT,BC
526,185.9,14903,4974,CE,OC
527,185.9,14904,2710,IT,OC
528,185.9,14906,1211,BT,BC
529,185.9,14910,1211,EE,OC
530,185.9,14911,2712,MZ,BC
531,185.9,14912,2712,ME,BC
532,185.9,14913,3826,CS,OC
533,185.9,14915,1422,CY,OC
534,185.9,14917,2707,IT,OC
535,185.9,14918,2751,CS,OC
536,185.9,14920,2661,IT,OC
537,185.9,14921,1321,PA,OC
538,185.9,14922,2603,EC,OC
539,185.9,14923,2712,ME,BC
540,185.9,14925,2734,CS,OC
541,185.9,14926,2,FS,SC
542,185.9,14927,4960,EC,BC
543,185.9,14929,3011,IT,OC
544,185.9,14930,1516,CS,SC
545,185.9,14931,2615,CE,OC
546,185.9,14932,1120,CS,OC
547,185.9,14933,2006,FY,BC
548,185.9,14935,2702,EE,OC
549,185.9,14938,2025,EC,MBC
550,185.9,14939,2702,EC,BC
551,185.9,14941,2722,AD,BC
552,185.9,14942,2764,CS,OC
553,185.9,14943,2709,EC,OC
554,185.9,14944,2711,EC,BC
555,185.9,14945,1412,CS,OC
556,185.9,14946,1408,CS,OC
557,185.9,14949,1419,AD,BC
558,185.9,14951,2005,CE,BC
559,185.9,14952,1412,IT,OC
560,185.9,14954,2727,AG,OC
561,185.9,14955,3011,IT,OC
562,185.9,14956,2615,CE,OC
563,185.9,14957,1113,EE,OC
564,185.9,14958,5901,EE,BC
565,185.9,14959,2,PM,MBC
566,185.9,14960,4960,EC,BC
567,185.9,14961,1419,AD,BC
568,185.9,14962,1216,CS,OC
569,185.9,14964,2006,PN,MBC
570,185.9,14966,1304,EC,BC
571,185.9,14967,5532,CS,OC
572,185.9,14968,4980,CS,OC
573,185.9,14969,2,CR,OC
574,185.9,14973,5986,CS,BCM
575,185.9,14974,2006,CE,SC
576,185.9,14976,2739,CS,BC
577,185.9,14977,2,TX,BC
578,185.9,14979,3826,CS,OC
579,185.9,14980,1419,EC,BC
580,185.9,14981,2702,EC,BC
581,185.9,14982,2615,MT,OC
582,185.9,14983,2618,EC,OC
583,185.9,14984,2709,IT,MBC
584,185.9,14985,2618,CS,OC
585,185.9,14986,4974,EE,OC
586,185.9,14987,2622,EC,OC
587,185.9,14992,2711,EC,BC
588,185.9,14994,5986,IT,OC
589,185.9,14995,2739,CS,BC
590,185.9,14997,2722,IT,BC
591,185.9,14998,2719,BM,OC
592,185.9,14999,1149,CS,OC
593,185.9,15000,3830,CS,OC
594,185.9,15001,2702,CS,MBC
595,185.9,15003,2718,CJ,BC
596,185.9,15005,2722,IT,BC
597,185.9,15007,2711,EC,BC
598,185.9,15008,4965,EC,OC
599,185.9,15009,2622,ME,OC
600,185.9,15010,1505,CS,OC
601,185.9,15011,2702,SE,OC
602,185.9,15012,2702,AL,OC
603,185.9,15013,1219,ME,OC
604,185.9,15015,5901,ME,OC
605,185.9,15016,1,PT,MBC
606,185.9,15017,1321,PA,OC
607,185.9,15018,2622,IT,OC
608,185.9,15019,1211,EE,OC
609,185.9,15022,1112,IT,OC
610,185.9,15023,2718,AD,MBC
611,185.9,15025,1516,EC,OC
612,185.9,15026,1324,CS,BC
613,185.9,15027,2702,BT,BC
614,185.9,15028,1399,ME,OC
615,185.9,15029,2007,CE,MBC
616,185.9,15030,1219,CH,OC
617,185.9,15031,5901,CE,OC
618,185.8,15034,1422,AD,BC
619,185.8,15035,1307,EC,OC
620,185.8,15036,2610,CS,OC
621,185.8,15037,5901,EE,MBC
622,185.8,15039,2719,EE,OC
623,185.8,15040,2622,EE,OC
624,185.8,15041,2005,CE,MBC
625,185.8,15042,4934,CS,OC
626,185.8,15043,2708,FD,OC
627,185.8,15045,2618,CS,OC
628,185.8,15046,1317,IT,MBC
629,185.8,15048,2,PM,MBC
630,185.8,15049,1211,FD,OC
631,185.8,15050,1210,IT,OC
632,185.8,15051,2718,EC,MBC
633,185.8,15054,4960,AD,BC
634,185.8,15055,1317,IT,MBC
635,185.8,15056,1210,IT,OC
636,185.8,15057,2622,EC,OC
637,185.8,15059,2718,CJ,BC
638,185.8,15060,2711,CH,OC
639,185.8,15062,2702,CB,BC
640,185.8,15064,2722,EC,OC
641,185.8,15065,1,XC,MBC
642,185.8,15066,5901,EE,BC
643,185.8,15067,1432,AD,OC
644,185.8,15069,1516,EC,OC
645,185.8,15070,1523,IT,OC
646,185.8,15071,3826,IT,OC
647,185.8,15072,2711,AD,BC
648,185.8,15076,1210,EC,OC
649,185.8,15078,3465,CS,BC
650,185.8,15079,2712,MZ,BC
651,185.8,15083,2006,MF,SC
652,185.8,15085,2607,AD,OC
653,185.8,15086,3819,CS,OC
654,185.8,15087,1419,EE,OC
655,185.8,15088,5901,EE,BC
656,185.8,15089,5901,CE,OC
657,185.8,15090,1128,CS,OC
658,185.8,15091,2739,CS,BC
659,185.8,15092,2702,EC,BC
660,185.8,15093,1324,CS,MBC
661,185.8,15094,2005,ME,MBC
662,185.8,15095,2607,AD,OC
663,185.8,15096,3819,CS,OC
664,185.8,15098,1422,CS,OC
665,185.8,15099,2727,CS,OC
666,185.8,15101,1419,EC,BC
667,185.8,15103,1419,EC,MBC
668,185.8,15104,4023,IT,OC
669,185.8,15105,2719,IT,BC
670,185.8,15107,5901,CS,SC
671,185.8,15108,1210,IT,OC
672,185.8,15110,2006,MF,SC
673,185.8,15113,5530,EC,OC
674,185.8,15114,5910,EE,OC
675,185.8,15115,1304,CS,SC
676,185.8,15116,4962,CS,BC
677,185.8,15117,1113,CB,BC
678,185.8,15119,2702,EC,BC
679,185.8,15120,5986,IT,OC
680,185.8,15121,4020,EC,OC
681,185.8,15123,4960,EC,BC
682,185.8,15124,2702,EC,BC
683,185.8,15125,3465,CS,BC
684,185.8,15126,1219,BT,MBC
685,185.8,15127,1324,AD,OC
686,185.8,15128,4,RP,MBC
687,185.8,15129,2739,CS,BC
688,185.8,15130,2702,BT,BC
689,185.8,15131,1,MN,SC
690,185.8,15132,2006,IY,SC
691,185.8,15133,5910,CS,OC
692,185.8,15136,2722,AD,BC
693,185.8,15137,3011,PH,OC
694,185.8,15138,2702,BM,OC
695,185.8,15140,1211,AL,MBC
696,185.8,15142,2610,CS,OC
697,185.8,15145,1113,EE,BC
698,185.8,15146,2735,CS,OC
699,185.8,15147,4999,AD,OC
700,185.8,15148,2610,EC,OC
701,185.8,15149,2615,EC,SC
702,185.8,15152,3819,IT,OC
703,185.8,15155,1149,CS,OC
704,185.8,15156,2739,CS,MBC
705,185.8,15158,2719,EC,OC
706,185.8,15161,2702,CT,OC
707,185.8,15162,2739,CS,BC
708,185.8,15163,2615,CS,SC
709,185.8,15164,2709,IT,MBC
710,185.8,15165,1304,AD,MBC
711,185.8,15166,5901,EE,BC
712,185.8,15167,1450,EC,MBC
713,185.8,15169,5986,IT,OC
714,185.8,15170,2702,AG,OC
715,185.8,15171,2005,CE,BC
716,185.8,15172,5901,EE,BC
717,185.8,15173,1216,EC,OC
718,185.8,15174,1113,CD,OC
719,185.8,15175,2749,AG,OC
720,185.8,15176,5008,EM,SC
721,185.8,15180,1026,CS,OC
722,185.8,15182,2615,EC,SC
723,185.8,15183,3465,CS,BC
724,185.8,15184,2005,CE,BC
725,185.8,15186,2702,EC,BC
726,185.8,15188,1140,CS,OC
727,185.8,15189,3011,EE,OC
728,185.8,15190,2722,IT,BC
729,185.7,15192,1304,EC,BC
730,185.7,15195,2603,CS,MBC
731,185.7,15196,2702,CS,MBC
732,185.7,15197,2369,CS,OC
733,185.7,15199,1202,CS,OC
734,185.7,15200,1211,FD,OC
735,185.7,15202,2005,EE,SC
736,185.7,15204,1128,CS,OC
737,185.7,15205,1450,EE,OC
738,185.7,15206,4971,CS,OC
739,185.7,15207,1210,IT,OC
740,185.7,15208,2711,EC,BC
741,185.7,15210,2007,CM,SC
742,185.7,15211,1211,EE,OC
743,185.7,15213,2709,EC,BC
744,185.7,15216,2739,AD,OC
745,185.7,15217,4960,AD,BC
746,185.7,15218,2711,EC,BC
747,185.7,15219,1113,CB,BC
748,185.7,15221,1307,CS,OC
749,185.7,15222,2369,CS,OC
750,185.7,15223,1128,CS,OC
751,185.7,15224,4960,EC,BC
752,185.7,15225,2,CR,OC
753,185.7,15226,2,AP,MBC
754,185.7,15227,2622,AD,OC
755,185.7,15228,2722,IT,BC
756,185.7,15229,5986,IT,OC
757,185.7,15230,4,PR,SC
758,185.7,15231,2739,IT,OC
759,185.7,15232,3011,CS,BC
760,185.7,15234,2712,EE,MBC
761,185.7,15235,1516,EC,OC
762,185.7,15236,1419,CS,MBC
763,185.7,15237,2005,IB,MBC
764,185.7,15238,2718,CB,MBC
765,185.7,15239,1237,EC,OC
766,185.7,15241,1211,AL,MBC
767,185.7,15242,2710,AD,OC
768,185.7,15243,2377,CE,MBC
769,185.7,15244,2025,EC,BC
770,185.7,15245,1432,CS,BC
771,185.7,15246,4023,CS,OC
772,185.7,15247,2005,CE,MBC
773,185.7,15248,5986,CS,BCM
774,185.7,15249,5901,CS,SC
775,185.7,15250,5,IT,OC
776,185.7,15251,2006,TX,BC
777,185.7,15252,1432,CS,BC
778,185.7,15253,1516,EC,OC
779,185.7,15254,2719,AE,OC
780,185.7,15255,2702,EC,BC
781,185.7,15256,5008,EE,SC
782,185.7,15258,2,LE,OC
783,185.7,15260,2608,EC,OC
784,185.7,15262,2739,IT,OC
785,185.7,15265,2707,CS,OC
786,185.7,15266,2706,IT,OC
787,185.7,15267,2719,EC,OC
788,185.7,15268,4974,EE,OC
789,185.7,15269,2702,SE,OC
790,185.7,15270,1304,EC,BC
791,185.7,15271,4981,CS,OC
792,185.7,15272,2618,CS,OC
793,185.7,15273,1317,IT,MBC
794,185.7,15274,2653,EC,OC
795,185.7,15275,2711,AD,BC
796,185.7,15276,5986,IT,OC
797,185.7,15277,1112,IT,BC
798,185.7,15278,2345,CS,OC
799,185.7,15280,4960,AD,BC
800,185.7,15281,2709,EE,OC
801,185.7,15282,1413,EC,OC
802,185.7,15284,2005,CE,BC
803,185.7,15285,2712,CS,SC
804,185.7,15286,4864,EC,OC
805,185.7,15287,3464,EC,OC
806,185.7,15288,4023,CS,OC
807,185.7,15289,1414,CS,OC
808,185.7,15290,2711,CD,OC
809,185.7,15291,2377,CE,BC
810,185.7,15293,1399,ME,OC
811,185.7,15295,2618,CS,OC
812,185.7,15296,1113,EC,MBC
813,185.7,15297,2,CR,OC
814,185.7,15299,2622,BM,OC
815,185.7,15300,4864,EC,OC
816,185.7,15301,1422,CS,OC
817,185.7,15302,1317,EC,BC
818,185.7,15303,2702,EC,BC
819,185.7,15304,5901,CE,OC
820,185.7,15305,1419,CS,MBC
821,185.7,15307,2739,IT,OC
822,185.7,15309,1210,CS,BCM
823,185.7,15310,2,TX,BC
824,185.7,15311,2005,PR,BC
825,185.7,15312,5010,CS,OC
826,185.7,15314,2618,CS,OC
827,185.7,15315,1128,CS,OC
828,185.7,15316,2005,EE,SC
829,185.7,15317,2739,IT,OC
830,185.7,15319,2702,CS,MBC
831,185.7,15320,2719,AD,OC
832,185.7,15322,1304,EC,BC
833,185.7,15323,2377,CE,MBC
834,185.7,15324,2702,BT,MBC
835,185.7,15325,4962,CS,BC
836,185.7,15326,3465,CS,MBC
837,185.7,15328,1399,EC,MBC
838,185.7,15329,2726,IT,OC
839,185.7,15330,1419,CB,MBC
840,185.7,15332,2718,ME,OC
841,185.7,15333,1211,EE,OC
842,185.7,15334,2739,AD,OC
843,185.7,15335,1026,CS,BC
844,185.7,15336,2711,EC,BC
845,185.7,15337,4023,EC,OC
846,185.7,15338,1211,CD,MBC
847,185.6,15340,2702,CS,MBC
848,185.6,15341,1112,IT,BC
849,185.6,15342,1516,EE,OC
850,185.6,15343,1432,CS,BC
851,185.6,15344,1324,CS,BC
852,185.6,15345,5988,EC,OC
853,185.6,15346,2025,EC,BC
854,185.6,15348,3464,CS,OC
855,185.6,15350,2764,CS,OC
856,185.6,15352,2005,CE,BC
857,185.6,15353,1,MN,SC
858,185.6,15354,5901,CE,OC
859,185.6,15355,4023,EC,OC
860,185.6,15356,2603,CS,MBC
861,185.6,15358,2741,EC,OC
862,185.6,15359,5901,ME,OC
863,185.6,15360,2,LE,OC
864,185.6,15361,2711,AD,MBC
865,185.6,15362,4960,BM,OC
866,185.6,15364,1317,IT,MBC
867,185.6,15366,2603,EC,OC
868,185.6,15367,5901,EE,BC
869,185.6,15368,1311,CS,OC
870,185.6,15369,2613,CS,OC
871,185.6,15372,2709,EC,MBC
872,185.6,15373,4971,EC,OC
873,185.6,15375,2715,EC,OC
874,185.6,15376,2711,CS,MBC
875,185.6,15377,1210,IT,OC
876,185.6,15378,2618,CS,OC
877,185.6,15380,1149,CS,OC
878,185.6,15381,2736,CS,OC
879,185.6,15382,1432,CS,BC
880,185.6,15383,1504,IT,OC
881,185.6,15385,1113,CD,OC
882,185.6,15386,5008,IM,SC
883,185.6,15388,2711,AL,OC
884,185.6,15390,2702,CB,BC
885,185.6,15391,2620,CS,OC
886,185.6,15392,2357,CE,OC
887,185.6,15394,1112,EC,OC
888,185.6,15395,2,CR,OC
889,185.6,15396,2603,EC,OC
890,185.6,15397,2653,CS,OC
891,185.6,15400,2702,EC,BC
892,185.6,15402,5008,CN,MBC
893,185.6,15403,1516,EC,OC
894,185.6,15404,1317,EC,BC
895,185.6,15405,2710,ME,OC
896,185.6,15406,1211,EE,OC
897,185.6,15407,2712,ME,BC
898,185.6,15408,3464,CS,OC
899,185.6,15410,1026,CS,BC
900,185.6,15413,2711,CH,OC
901,185.6,15419,2739,CS,BCM
902,185.6,15420,2711,EC,BC
903,185.6,15423,2741,EC,OC
904,185.6,15424,4023,ME,OC
905,185.6,15426,1419,IT,SC
906,185.6,15427,2702,AG,OC
907,185.6,15429,2620,BM,OC
908,185.6,15430,1304,CS,MBC
909,185.6,15431,2722,IT,BC
910,185.6,15434,1419,CB,BC
911,185.6,15436,1120,CS,OC
912,185.6,15438,2719,AD,OC
913,185.6,15439,1112,IT,BC
914,185.6,15441,1112,CB,OC
915,185.6,15442,1114,EC,OC
916,185.6,15444,1307,EE,OC
917,185.6,15445,1419,CB,BC
918,185.6,15446,2,CR,OC
919,185.6,15447,2723,IT,OC
920,185.6,15448,1149,CS,OC
921,185.6,15451,2712,EE,MBC
922,185.6,15452,3465,CS,BC
923,185.6,15453,1321,PA,OC
924,185.6,15456,2712,ME,BC
925,185.6,15457,2006,PR,MBC
926,185.6,15459,2025,EE,OC
927,185.6,15460,2007,CE,MBC
928,185.6,15461,2702,EC,BC
929,185.6,15462,1219,CS,SC
930,185.6,15463,1219,CH,OC
931,185.6,15464,2357,AG,OC
932,185.6,15465,3011,CS,BC
933,185.6,15467,1211,EC,MBC
934,185.6,15469,1304,CE,OC
935,185.6,15470,1210,EC,OC
936,185.6,15474,2722,AD,BC
937,185.6,15475,2711,EC,BC
938,185.6,15477,2,LE,OC
939,185.6,15478,2709,EC,BC
940,185.6,15479,1026,CS,BC
941,185.6,15480,1219,AD,SC
942,185.6,15481,2656,EC,OC
943,185.6,15482,1112,EC,OC
944,185.6,15483,2634,EC,OC
945,185.6,15484,2710,CS,OC
946,185.6,15488,2615,MT,OC
947,185.6,15489,5865,CS,OC
948,185.6,15490,4960,CE,OC
949,185.6,15491,2618,CS,OC
950,185.6,15492,2,LE,OC
951,185.6,15493,2,CR,BC
952,185.6,15494,2722,EC,OC
953,185.6,15496,4962,CE,OC
954,185.6,15498,2005,PR,MBC
955,185.6,15499,1399,ME,OC
956,185.6,15500,1219,EE,MBC
957,185.6,15502,1324,CS,BC
958,185.6,15505,2610,CS,OC
959,185.6,15506,2006,PS,OC
960,185.6,15507,1120,CS,OC
961,185.6,15508,2005,PR,BC
962,185.6,15509,1112,EC,OC
963,185.5,15510,2710,CS,OC
964,185.5,15512,2711,EC,BC
965,185.5,15513,2702,CS,MBC
966,185.5,15515,2712,SE,MBC
967,185.5,15516,2702,AL,BC
968,185.5,15517,2764,EC,OC
969,185.5,15518,2712,ME,BC
970,185.5,15521,2007,EE,SC
971,185.5,15522,1317,EI,OC
972,185.5,15523,2,LE,OC
973,185.5,15525,2005,IB,MBC
974,185.5,15526,3465,EC,OC
975,185.5,15527,1113,CB,BC
976,185.5,15528,2328,IT,OC
977,185.5,15531,4974,EE,OC
978,185.5,15533,1211,EE,OC
979,185.5,15536,1122,CH,OC
980,185.5,15537,1210,AD,OC
981,185.5,15541,2718,CB,MBC
982,185.5,15542,2711,AL,OC
983,185.5,15543,1321,PA,BC
984,185.5,15544,4974,EE,OC
985,185.5,15545,5008,CN,MBC
986,185.5,15546,2741,EC,OC
987,185.5,15547,2719,AD,OC
988,185.5,15550,4020,CS,OC
989,185.5,15551,2707,IT,OC
990,185.5,15552,1422,CS,OC
991,185.5,15554,2007,CH,MBC
992,185.5,15555,2005,CE,BC
993,185.5,15558,5986,IT,OC
994,185.5,15561,1210,CS,MBC
995,185.5,15562,3011,ME,OC
996,185.5,15563,2,CR,MBC
997,185.5,15564,2702,BT,BC
998,185.5,15565,1321,MN,OC
999,185.5,15566,2719,EC,OC
1000,185.5,15567,1015,CS,OC
1001,185.5,15568,2615,CE,OC
1002,185.5,15569,2739,EC,OC
1003,185.5,15570,2712,BT,MBC
1004,185.5,15572,2712,CS,SC
1005,185.5,15573,3011,CS,BC
1006,185.5,15574,2706,AD,OC
1007,185.5,15576,4944,EC,OC
1008,185.5,15577,4960,EC,BC
1009,185.5,15578,4971,EC,OC
1010,185.5,15582,2719,IT,BC
1011,185.5,15585,1419,MU,OC
1012,185.5,15586,2007,EM,SC
1013,185.5,15589,2377,CE,BCM
1014,185.5,15591,1128,CS,OC
1015,185.5,15593,4960,AD,BC
1016,185.5,15594,1315,ME,SC
1017,185.5,15595,1309,IT,OC
1018,185.5,15599,2007,AT,SC
1019,185.5,15601,1422,CS,BC
1020,185.5,15602,1309,CS,MBC
1021,185.5,15603,1149,IT,OC
1022,185.5,15607,1216,AG,OC
1023,185.5,15610,5901,ME,OC
1024,185.5,15611,5008,EM,SC
1025,185.5,15612,2712,CE,OC
1026,185.5,15614,2719,IT,BC
1027,185.5,15615,1211,AE,SC
1028,185.5,15617,2006,MS,MBC
1029,185.5,15618,1315,BM,SC
1030,185.5,15623,2702,AD,MBC
1031,185.5,15624,1399,BM,MBC
1032,185.5,15626,1219,EE,MBC
1033,185.5,15627,1399,ME,OC
1034,185.5,15628,2,LE,OC
1035,185.5,15629,1399,EC,BCM
1036,185.5,15633,2709,EE,OC
1037,185.5,15638,1317,EC,MBC
1038,185.5,15640,1304,EE,OC
1039,185.5,15641,1128,CS,OC
1040,185.5,15646,2702,BM,OC
1041,185.5,15647,1422,IT,OC
1042,185.5,15649,1216,CH,OC
1043,185.5,15650,2,AP,BC
1044,185.5,15654,1419,CB,BC
1045,185.5,15656,2711,AL,OC
1046,185.5,15657,2006,PS,OC
1047,185.5,15661,2719,EC,OC
1048,185.5,15662,1432,CS,BC
1049,185.5,15667,2615,CE,OC
1050,185.5,15668,2706,CS,OC
1051,185.5,15674,1399,AD,MBC
1052,185.5,15676,1128,CS,OC
1053,185.5,15677,1112,AL,OC
1054,185.5,15680,2006,TX,BC
1055,185.5,15683,2608,AL,OC
1056,185.5,15684,1219,AU,OC
1057,185.5,15687,1211,EE,OC
1058,185.5,15688,4,PR,SC
1059,185.5,15689,2712,MZ,BC
1060,185.5,15693,2702,AL,BC
1061,185.5,15695,2764,CH,OC
1062,185.5,15696,1211,BT,SC
1063,185.5,15698,2718,CJ,BC
1064,185.5,15699,2719,EC,OC
1065,185.5,15702,1419,CS,SC
1066,185.5,15705,1324,EC,OC
1067,185.5,15706,1211,RM,OC
1068,185.5,15707,2006,BS,SC
1069,185.5,15712,3830,CS,OC
1070,185.5,15718,2702,CS,MBC
1071,185.5,15720,1149,IT,OC
1072,185.5,15721,2718,CJ,MBC
1073,185.5,15723,2,TX,BC
1074,185.5,15724,2006,TX,BC
1075,185.5,15725,2,TX,BC
1076,185.5,15729,2618,CS,OC
1077,185.5,15731,1321,PA,BC
1078,185.5,15733,1432,CS,BC
1079,185.5,15735,1419,CS,MBC
1080,185.5,15737,2618,CS,OC
1081,185.5,15739,1309,AD,OC
1082,185.5,15742,1450,EE,OC
1083,185.5,15743,1219,CH,OC
1084,185.5,15745,5008,CE,MBC
1085,185.5,15747,2,PM,SC
1086,185.5,15749,1315,CE,MBC
1087,185.5,15750,1315,CS,SCA
1088,185.5,15752,1211,BM,BC
1089,185.5,15755,2005,IB,MBC
1090,185.5,15756,4960,AD,BC
1091,185.5,15758,1317,IT,MBC
1092,185.5,15761,1128,CS,OC
1093,185.5,15762,2722,AD,MBC
1094,185.5,15763,1210,IT,OC
1095,185.5,15764,1219,EE,MBC
1096,185.5,15765,4960,AD,BC
1097,185.5,15767,3011,EE,OC
1098,185.5,15769,1219,ME,OC
1099,185.5,15773,2719,EC,OC
1100,185.5,15774,1114,CS,OC
1101,185.5,15776,1432,CS,BC
1102,185.5,15777,1419,EC,BC
1103,185.5,15779,1399,ME,OC
1104,185.5,15782,1321,MN,OC
1105,185.5,15783,1450,EE,MBC
1106,185.5,15785,2005,CE,MBC
1107,185.5,15786,2711,EC,BC
1108,185.5,15787,2712,ME,BC
1109,185.5,15788,2005,ME,MBC
1110,185.5,15790,1211,AE,BC
1111,185.5,15791,2643,CS,OC
1112,185.5,15792,2702,AL,BC
1113,185.5,15792,1237,AD,OC
1114,185.5,15793,2708,CS,OC
1115,185.5,15794,5008,CN,BCM
1116,185.5,15796,1149,CS,OC
1117,185.5,15797,2007,MF,MBC
1118,185.5,15798,2005,ME,SC
1119,185.5,15799,4965,BT,OC
1120,185.5,15800,2718,MZ,OC
1121,185.5,15801,2711,AL,OC
1122,185.5,15805,2618,CS,OC
1123,185.5,15807,2,PP,MBC
1124,185.5,15808,2005,CE,MBC
1125,185.5,15809,2607,BT,OC
1126,185.5,15810,4023,IT,OC
1127,185.5,15811,1210,CS,MBC
1128,185.5,15813,1112,EC,OC
1129,185.5,15814,5010,CS,OC
1130,185.5,15815,2622,CS,OC
1131,185.5,15816,4974,EE,OC
1132,185.5,15819,2006,BY,SC
1133,185.5,15820,2709,EC,BC
1134,185.5,15823,1317,IT,MBC
1135,185.5,15824,1422,AD,BC
1136,185.5,15825,1112,IT,MBC
1137,185.5,15827,2711,CS,MBC
1138,185.5,15828,5017,EC,OC
1139,185.5,15829,1216,CS,OC
1140,185.5,15831,1304,EC,BC
1141,185.5,15832,5901,EE,BC
1142,185.5,15834,2702,CS,MBC
1143,185.5,15836,2610,CS,OC
1144,185.5,15837,2722,CS,MBC
1145,185.5,15838,2706,CS,OC
1146,185.5,15839,2702,CT,OC
1147,185.5,15840,2711,EC,BC
1148,185.5,15841,2718,MZ,OC
1149,185.5,15842,2741,EC,OC
1150,185.5,15843,5532,CS,OC
1151,185.5,15845,2639,EC,OC
1152,185.5,15846,5901,EE,MBC
1153,185.5,15847,2007,IM,SC
1154,185.5,15848,1501,IT,OC
1155,185.5,15849,2601,IT,OC
1156,185.5,15851,1422,CS,BC
1157,185.5,15852,2718,EC,MBC
1158,185.5,15854,2615,ME,OC
1159,185.5,15856,2712,EE,MBC
1160,185.5,15857,2302,CS,OC
1161,185.5,15858,2615,EC,SC
1162,185.5,15859,2710,IT,OC
1163,185.5,15860,2722,AD,BC
1164,185.5,15861,2618,CS,OC
1165,185.5,15862,2608,CS,OC
1166,185.5,15863,2741,CS,OC
1167,185.5,15865,1113,CD,OC
1168,185.5,15866,5910,IT,OC
1169,185.5,15867,2722,EC,OC
1170,185.4,15870,1149,CS,OC
1171,185.4,15871,2718,CJ,BC
1172,185.4,15872,1149,AD,OC
1173,185.4,15873,2711,AL,OC
1174,185.4,15877,1113,CS,SC
1175,185.4,15878,3011,IT,OC
1176,185.4,15879,2005,PR,BC
1177,185.4,15880,2734,AD,OC
1178,185.4,15881,4960,EC,BC
1179,185.4,15882,2706,IT,OC
1180,185.4,15883,2722,EC,OC
1181,185.4,15886,3011,BT,BC
1182,185.4,15887,2702,CB,BC
1183,185.4,15888,2718,CJ,BC
1184,185.4,15890,2710,TS,OC
1185,185.4,15894,2712,ME,BCM
1186,185.4,15895,1419,EC,BC
1187,185.4,15896,5901,EE,MBC
1188,185.4,15897,1432,AD,OC
1189,185.4,15898,1014,IT,OC
1190,185.4,15900,2615,MT,OC
1191,185.4,15901,2739,CB,OC
1192,185.4,15902,2739,EC,OC
1193,185.4,15904,5986,IT,BC
1194,185.4,15906,2608,EE,OC
1195,185.4,15907,2751,CB,OC
1196,185.4,15908,2603,EC,OC
1197,185.4,15909,2643,CS,OC
1198,185.4,15910,4971,CS,OC
1199,185.4,15911,2618,CS,OC
1200,185.4,15912,1304,CS,MBC
1201,185.4,15913,1112,CS,MBC
1202,185.4,15914,3830,CS,OC
1203,185.4,15915,2718,CJ,BC
1204,185.4,15916,1219,EC,SC
1205,185.4,15918,4974,EE,OC
1206,185.4,15920,3857,CS,OC
1207,185.4,15921,1516,EC,OC
1208,185.4,15922,2,LE,OC
1209,185.4,15923,2622,CS,OC
1210,185.4,15924,1422,CS,MBC
1211,185.4,15926,1309,CS,MBC
1212,185.4,15927,5010,EC,OC
1213,185.4,15932,3021,CS,OC
1214,185.4,15934,2702,AD,MBC
1215,185.4,15935,1432,CS,BC
1216,185.4,15937,1211,CD,BCM
1217,185.4,15938,1211,EE,OC
1218,185.4,15939,2603,EC,OC
1219,185.4,15940,1430,EE,OC
1220,185.4,15941,2702,CS,MBC
1221,185.4,15942,2025,EC,MBC
1222,185.4,15945,1412,CS,OC
1223,185.4,15946,1432,CS,BC
1224,185.4,15947,2719,EC,OC
1225,185.4,15948,2622,EC,OC
1226,185.4,15951,2702,AL,BC
1227,185.4,15952,3819,AD,OC
1228,185.4,15953,2739,EC,OC
1229,185.4,15954,5904,CS,OC
1230,185.4,15955,1014,EC,OC
1231,185.4,15956,2603,EC,OC
1232,185.4,15959,1210,EC,OC
1233,185.4,15963,2609,EE,OC
1234,185.4,15964,1432,CS,BC
1235,185.4,15966,2764,BM,OC
1236,185.4,15967,3807,IT,OC
1237,185.4,15968,2608,AD,OC
1238,185.4,15969,1419,EC,BC
1239,185.4,15971,2711,FD,OC
1240,185.4,15972,1219,EE,MBC
1241,185.4,15973,2641,CS,OC
1242,185.4,15975,1317,AD,MBC
1243,185.4,15976,3465,EC,OC
1244,185.4,15977,2719,IT,BC
1245,185.4,15979,1432,CS,BC
1246,185.4,15980,2702,AL,BC
1247,185.4,15981,5986,CS,MBC
1248,185.4,15982,1309,CS,MBC
1249,185.4,15984,3803,CS,OC
1250,185.4,15986,2711,CS,MBC
1251,185.4,15988,2622,CS,OC
1252,185.4,15989,2722,EC,OC
1253,185.4,15991,3011,CS,BC
1254,185.4,15993,2764,CS,OC
1255,185.4,15995,2761,AD,OC
1256,185.4,15996,2712,CS,SC
1257,185.4,15997,2719,EC,OC
1258,185.4,15998,1216,CH,OC
1259,185.4,15999,2615,CS,SC
1260,185.4,16000,1324,CS,BC
1261,185.4,16002,2722,EC,OC
1262,185.4,16003,1210,IT,OC
1263,185.4,16005,2711,CD,OC
1264,185.4,16006,1306,CS,OC
1265,185.4,16007,1210,CB,OC
1266,185.4,16008,4960,EC,BC
1267,185.4,16009,1317,IT,BCM
1268,185.4,16010,1304,EC,BC
1269,185.4,16011,2006,PS,BC
1270,185.4,16014,2722,EC,OC
1271,185.4,16015,1210,EC,OC
1272,185.4,16016,4974,EE,OC
1273,185.4,16017,2711,EC,BC
1274,185.4,16019,2712,TX,OC
1275,185.4,16020,2006,PS,BC
1276,185.4,16021,5910,CS,OC
1277,185.4,16022,3011,CS,MBC
1278,185.4,16024,3826,EC,OC
1279,185.4,16025,1419,CB,BC
1280,185.4,16026,2608,EC,OC
1281,185.4,16027,2702,SE,OC
1282,185.4,16028,2702,CB,BC
1283,185.4,16029,1210,IT,OC
1284,185.4,16030,2702,CS,MBC
1285,185.4,16031,2750,CS,OC
1286,185.4,16034,4960,EC,BC
1287,185.4,16037,1317,AL,SC
1288,185.4,16038,2615,ME,OC
1289,185.4,16039,1304,EC,BC
1290,185.4,16040,4960,EC,BC
1291,185.4,16041,3011,ME,OC
1292,185.4,16042,1516,CS,MBC
1293,185.4,16044,1112,CS,MBC
1294,185.4,16046,5901,EE,BC
1295,185.4,16047,3011,EC,OC
1296,185.4,16048,2719,AD,OC
1297,185.4,16049,1120,CS,OC
1298,185.4,16051,5910,EC,OC
1299,185.4,16052,2739,EE,OC
1300,185.4,16053,2739,AD,OC
1301,185.4,16054,1304,BM,BC
1302,185.4,16056,1311,CS,OC
1303,185.4,16057,1219,CE,OC
1304,185.4,16059,1422,EC,OC
1305,185.4,16060,4670,CS,OC
1306,185.4,16061,2719,AD,OC
1307,185.4,16066,2601,BM,OC
1308,185.4,16068,1399,ME,OC
1309,185.4,16070,2005,PR,BC
1310,185.4,16071,5008,CW,SC
1311,185.3,16073,1317,BT,BC
1312,185.3,16074,2005,CE,BC
1313,185.3,16075,2006,TT,OC
1314,185.3,16077,2702,CS,MBC
1315,185.3,16078,1211,BT,BC
1316,185.3,16079,2736,BM,OC
1317,185.3,16080,2007,EE,SC
1318,185.3,16081,1216,CS,OC
1319,185.3,16082,1112,AL,OC
1320,185.3,16084,1419,CB,MBC
1321,185.3,16085,2357,ME,OC
1322,185.3,16090,1026,EE,OC
1323,185.3,16091,2722,EC,OC
1324,185.3,16092,2615,EC,SC
1325,185.3,16093,2005,IB,MBC
1326,185.3,16094,1112,IT,BC
1327,185.3,16095,1432,CS,MBC
1328,185.3,16096,1516,EC,OC
1329,185.3,16097,2702,CT,OC
1330,185.3,16098,2005,CE,BC
1331,185.3,16099,2005,CE,MBC
1332,185.3,16100,2615,MT,OC
1333,185.3,16101,1399,ME,OC
1334,185.3,16102,1149,CS,OC
1335,185.3,16103,2709,EC,BC
1336,185.3,16104,2025,ME,OC
1337,185.3,16105,1210,IT,OC
1338,185.3,16106,2712,ME,BC
1339,185.3,16107,1210,IT,OC
1340,185.3,16108,2706,CS,BC
1341,185.3,16110,2712,CE,OC
1342,185.3,16111,2615,CS,SC
1343,185.3,16112,4974,CS,MBC
1344,185.3,16113,2711,EC,BC
1345,185.3,16116,4954,CS,OC
1346,185.3,16117,2007,MF,MBC
1347,185.3,16118,2615,ME,OC
1348,185.3,16119,1,PT,BCM
1349,185.3,16120,5901,EE,BC
1350,185.3,16121,1399,ME,OC
1351,185.3,16124,1422,CS,BC
1352,185.3,16125,1306,CS,OC
1353,185.3,16126,1113,CD,OC
1354,185.3,16127,1216,CS,OC
1355,185.3,16128,3465,CS,MBC
1356,185.3,16129,2711,EC,BC
1357,185.3,16130,2702,AL,BC
1358,185.3,16131,2702,CB,BC
1359,185.3,16132,3806,EC,OC
1360,185.3,16133,3011,CS,BC
1361,185.3,16134,2615,CE,OC
1362,185.3,16135,3830,CS,OC
1363,185.3,16137,5009,EC,OC
1364,185.3,16139,2704,IT,OC
1365,185.3,16140,4944,EC,OC
1366,185.3,16143,2729,AE,OC
1367,185.3,16144,1304,EC,BC
1368,185.3,16145,1112,CB,OC
1369,185.3,16146,4960,EC,BC
1370,185.3,16147,2723,CS,OC
1371,185.3,16148,2006,TT,OC
1372,185.3,16149,2621,CS,OC
1373,185.3,16153,2006,PN,MBC
1374,185.3,16154,1216,CS,OC
1375,185.3,16155,2711,CS,MBC
1376,185.3,16156,2709,IT,MBC
1377,185.3,16157,2025,EE,OC
1378,185.3,16158,1216,IT,OC
1379,185.3,16159,1317,IT,MBC
1380,185.3,16160,2711,EC,BC
1381,185.3,16161,2739,CB,OC
1382,185.3,16162,2608,IT,OC
1383,185.3,16164,2618,IT,OC
1384,185.3,16165,5901,CE,OC
1385,185.3,16168,4969,EC,OC
1386,185.3,16170,2710,CS,OC
1387,185.3,16173,1210,IT,BC
1388,185.3,16174,1399,BM,MBC
1389,185.3,16175,5865,EE,OC
1390,185.3,16176,1321,PA,BC
1391,185.3,16178,2702,SE,OC
1392,185.3,16179,1399,EE,MBC
1393,185.3,16180,4,MF,SCA
1394,185.3,16181,1516,EC,OC
1395,185.3,16182,5986,EC,OC
1396,185.3,16185,2735,CS,OC
1397,185.3,16186,2719,CJ,OC
1398,185.3,16190,2377,CE,BC
1399,185.3,16191,1210,CS,MBC
1400,185.3,16195,2653,AD,OC
1401,185.3,16196,2711,CD,OC
1402,185.3,16197,1210,IT,BC
1403,185.3,16199,4864,EC,OC
1404,185.3,16200,4960,EC,BC
1405,185.3,16202,1211,BT,BC
1406,185.3,16203,3011,PH,OC
1407,185.3,16204,3011,EE,OC
1408,185.3,16205,2615,CE,OC
1409,185.3,16207,4960,CS,MBC
1410,185.3,16209,4974,CE,OC
1411,185.3,16210,4960,EC,BC
1412,185.3,16212,2618,CS,OC
1413,185.3,16213,2006,MS,BCM
1414,185.3,16214,1422,EC,OC
1415,185.3,16215,2712,ME,BC
1416,185.3,16216,2007,EE,SC
1417,185.3,16219,5901,CS,SC
1418,185.3,16220,3011,EC,OC
1419,185.3,16222,2005,CE,BC
1420,185.3,16223,2702,EE,OC
1421,185.3,16224,4,EM,ST
1422,185.3,16225,1210,IT,BC
1423,185.3,16226,2603,EC,BC
1424,185.2,16227,2603,EC,BC
1425,185.2,16228,2711,FD,BC
1426,185.2,16229,5,IT,OC
1427,185.2,16230,1026,ME,OC
1428,185.2,16232,2719,AD,BC
1429,185.2,16233,1,XC,MBC
1430,185.2,16234,3011,EC,OC
1431,185.2,16235,2719,IT,MBC
1432,185.2,16237,2718,EC,MBC
1433,185.2,16238,1432,CS,BC
1434,185.2,16239,1112,IT,BC
1435,185.2,16240,5986,EC,OC
1436,185.2,16241,2711,EC,BC
1437,185.2,16243,1422,CS,BC
1438,185.2,16244,2710,CS,OC
1439,185.2,16245,2719,EC,OC
1440,185.2,16246,2005,EI,SC
1441,185.2,16249,2007,EE,SC
1442,185.2,16253,1216,CS,OC
1443,185.2,16254,2005,PR,BC
1444,185.2,16255,2369,EC,OC
1445,185.2,16256,2006,TT,OC
1446,185.2,16257,2620,CS,OC
1447,185.2,16258,2608,CS,OC
1448,185.2,16260,1450,EE,BC
1449,185.2,16262,2723,BM,OC
1450,185.2,16263,4974,CS,MBC
1451,185.2,16264,3011,IT,OC
1452,185.2,16265,2622,CS,OC
1453,185.2,16266,2739,EC,OC
1454,185.2,16269,5901,EE,BC
1455,185.2,16271,2722,EC,OC
1456,185.2,16272,2702,CT,OC
1457,185.2,16273,2712,AU,OC
1458,185.2,16274,2710,AD,OC
1459,185.2,16275,1304,BM,BC
1460,185.2,16279,2710,IT,OC
1461,185.2,16281,5901,ME,OC
1462,185.2,16282,2712,ME,BC
1463,185.2,16283,2711,IT,MBC
1464,185.2,16284,3011,PC,OC
1465,185.2,16285,2006,MS,MBC
1466,185.2,16286,2739,IT,BC
1467,185.2,16287,2719,AD,BC
1468,185.2,16290,2006,PS,BC
1469,185.2,16291,2712,EE,MBC
1470,185.2,16294,1113,CB,MBC
1471,185.2,16295,1422,CS,MBC
1472,185.2,16296,1419,AD,MBC
1473,185.2,16297,2722,EC,OC
1474,185.2,16298,2712,AE,MBC
1475,185.2,16299,1306,EC,OC
1476,185.2,16300,5010,CS,OC
1477,185.2,16301,2709,EC,MBC
1478,185.2,16302,1120,CS,OC
1479,185.2,16303,2722,EC,OC
1480,185.2,16304,1324,IT,OC
1481,185.2,16305,3465,CS,MBC
1482,185.2,16306,1120,CS,OC
1483,185.2,16309,2739,CS,MBC
1484,185.2,16312,1304,EC,BC
1485,185.2,16313,1216,BM,OC
1486,185.2,16314,1,XC,BC
1487,185.2,16316,1216,CS,OC
1488,185.2,16317,1216,CS,OC
1489,185.2,16318,1128,CS,OC
1490,185.2,16319,4955,CS,OC
1491,185.2,16320,2719,AD,BC
1492,185.2,16321,1112,AL,OC
1493,185.2,16322,5,CS,OC
1494,185.2,16323,2712,CE,OC
1495,185.2,16324,2,CR,MBC
1496,185.2,16329,1422,CS,BC
1497,185.2,16331,1128,CS,OC
1498,185.2,16332,2723,CS,OC
1499,185.2,16333,1422,ME,OC
1500,185.2,16334,2711,EC,BC
1501,185.2,16335,2653,CS,OC
1502,185.2,16336,4960,EC,BC
1503,185.2,16337,2377,CE,BC
1504,185.2,16338,1317,IT,MBC
1505,185.2,16339,5910,EC,OC
1506,185.2,16341,2025,EE,OC
1507,185.2,16342,1113,EI,OC
1508,185.2,16343,2607,EC,OC
1509,185.2,16344,2025,EE,OC
1510,185.2,16345,5008,CW,SC
1511,185.2,16346,5008,ME,MBC
1512,185.2,16347,5910,CB,OC
1513,185.2,16348,1219,BT,MBC
1514,185.2,16349,2706,CS,BC
1515,185.2,16350,2722,IT,MBC
1516,185.2,16351,1210,CS,MBC
1517,185.2,16352,1450,EE,BC
1518,185.2,16353,2611,CY,OC
1519,185.2,16355,1414,EC,OC
1520,185.2,16356,2711,EC,BC
1521,185.2,16357,2711,EC,BC
1522,185.2,16358,2007,EE,SC
1523,185.2,16359,2735,IT,OC
1524,185.2,16360,2711,AL,OC
1525,185.2,16361,2712,BT,MBC
1526,185.2,16362,2764,CH,OC
1527,185.2,16363,2603,EC,MBC
1528,185.2,16365,2025,EE,OC
1529,185.2,16366,1324,CS,BC
1530,185.2,16367,2,TX,BC
1531,185.2,16368,2369,CS,OC
1532,185.2,16369,2025,CS,MBC
1533,185.2,16370,1419,IT,MBC
1534,185.2,16372,2735,IT,OC
1535,185.2,16373,2025,ME,OC
1536,185.2,16374,1317,BT,BC
1537,185.2,16377,4962,CS,BC
1538,185.2,16378,2719,EC,OC
1539,185.2,16380,1112,IT,BC
1540,185.2,16382,2,LE,OC
1541,185.2,16383,2007,EE,SC
1542,185.2,16386,2651,CS,OC
1543,185.2,16387,1399,CS,SC
1544,185.2,16388,1432,AD,OC
1545,185.2,16389,2723,EE,OC
1546,185.2,16390,2615,CE,OC
1547,185.2,16394,2706,CS,BC
1548,185.2,16395,1112,EC,OC
1549,185.2,16396,1306,CS,OC
1550,185.2,16397,1216,CS,OC
1551,185.2,16398,4974,CS,MBC
1552,185.1,16402,3011,IT,OC
1553,185.1,16403,2005,CE,MBC
1554,185.1,16405,2615,ME,OC
1555,185.1,16406,2377,EC,SC
1556,185.1,16408,3830,CS,OC
1557,185.1,16409,2711,CS,MBC
1558,185.1,16410,1432,AD,OC
1559,185.1,16411,4962,EC,OC
1560,185.1,16412,2,CL,SC
1561,185.1,16413,1112,CB,OC
1562,185.1,16415,2617,CS,OC
1563,185.1,16417,1216,BM,OC
1564,185.1,16419,2712,CE,OC
1565,185.1,16420,1321,PA,SC
1566,185.1,16422,1112,AL,OC
1567,185.1,16423,1304,AD,SC
1568,185.1,16424,2719,EC,OC
1569,185.1,16425,1211,EE,OC
1570,185.1,16426,1211,BT,BC
1571,185.1,16428,2005,IB,BCM
1572,185.1,16429,2,CR,BC
1573,185.1,16430,1210,IT,BC
1574,185.1,16431,2712,IT,SC
1575,185.1,16432,3803,EC,OC
1576,185.1,16433,1211,BT,BC
1577,185.1,16436,2005,PR,MBC
1578,185.1,16438,1422,IT,OC
1579,185.1,16439,2005,CE,MBC
1580,185.1,16440,1304,CS,MBC
1581,185.1,16441,2006,EE,SCA
1582,185.1,16443,3819,EC,OC
1583,185.1,16444,1120,EC,OC
1584,185.1,16445,1122,BT,OC
1585,185.1,16446,4960,EC,BC
1586,185.1,16447,2,CL,SC
1587,185.1,16448,2750,EC,OC
1588,185.1,16450,1419,EC,MBC
1589,185.1,16451,2723,ME,OC
1590,185.1,16453,2005,ME,SC
1591,185.1,16454,2702,CS,MBC
1592,185.1,16455,2712,ME,MBC
1593,185.1,16456,2643,CS,OC
1594,185.1,16457,2764,CS,BC
1595,185.1,16458,2710,EE,OC
1596,185.1,16460,1422,CS,BC
1597,185.1,16461,2702,EE,OC
1598,185.1,16462,1432,CB,BC
1599,185.1,16464,2006,PS,BC
1600,185.1,16465,3826,EE,OC
1601,185.1,16466,2712,EI,MBC
1602,185.1,16467,1211,FD,OC
1603,185.1,16471,2603,CS,MBC
1604,185.1,16472,2,CL,SC
1605,185.1,16476,2702,SE,OC
1606,185.1,16479,2712,AU,OC
1607,185.1,16482,2710,CS,OC
1608,185.1,16483,1120,AD,OC
1609,185.1,16484,1432,EC,OC
1610,185.1,16485,2722,CS,MBC
1611,185.1,16486,1309,IT,OC
1612,185.1,16487,1118,CS,OC
1613,185.1,16488,2719,EC,OC
1614,185.1,16489,2767,BM,OC
1615,185.1,16490,2711,CS,MBC
1616,185.1,16491,4020,CS,OC
1617,185.1,16492,5910,CS,OC
1618,185.1,16493,5986,IT,BC
1619,185.1,16494,3011,BT,BC
1620,185.1,16499,2719,EC,OC
1621,185.1,16500,2712,ME,BC
1622,185.1,16503,3011,BT,BC
1623,185.1,16505,1419,EE,OC
1624,185.1,16507,1120,CS,BC
1625,185.1,16508,5,IT,OC
1626,185.1,16510,1149,CS,OC
1627,185.1,16510,1120,CS,BC
1628,185.1,16511,2718,EC,MBC
1629,185.1,16512,2005,CE,BC
1630,185.1,16514,2377,CE,MBC
1631,185.1,16515,1,MI,SC
1632,185.1,16516,5010,CS,OC
1633,185.1,16517,2706,CS,BC
1634,185.1,16518,2712,AU,OC
1635,185.1,16520,1026,CS,BC
1636,185.1,16521,1309,IT,OC
1637,185.1,16524,1304,IT,MBC
1638,185.1,16526,2,CR,MBC
1639,185.1,16527,4960,EC,BC
1640,185.1,16530,1324,CS,BC
1641,185.1,16531,2722,EC,OC
1642,185.1,16532,2723,CS,OC
1643,185.1,16533,1324,IT,OC
1644,185.1,16534,2739,IT,BC
1645,185.1,16535,2722,CS,MBC
1646,185.1,16536,2653,EC,OC
1647,185.1,16537,5901,EE,MBC
1648,185.1,16539,2709,EC,BC
1649,185.1,16540,3011,CS,BC
1650,185.0,16541,1422,CS,BC
1651,185.0,16542,1324,CS,BC
1652,185.0,16544,2739,IT,BC
1653,185.0,16545,1304,EC,BC
1654,185.0,16546,2712,EE,MBC
1655,185.0,16547,1324,CS,BC
1656,185.0,16548,1216,IT,OC
1657,185.0,16549,1231,CS,OC
1658,185.0,16550,1149,CS,OC
1659,185.0,16551,2702,AL,BC
1660,185.0,16552,1419,EC,BC
1661,185.0,16554,2711,EC,BC
1662,185.0,16555,1216,CS,OC
1663,185.0,16557,4,PR,SC
1664,185.0,16558,2711,EE,OC
1665,185.0,16559,2702,CT,OC
1666,185.0,16560,3011,PH,OC
1667,185.0,16562,2005,ME,MBC
1668,185.0,16565,1316,CS,OC
1669,185.0,16567,2006,TT,OC
1670,185.0,16568,2,CR,BC
1671,185.0,16571,1219,ME,OC
1672,185.0,16573,3011,CS,MBC
1673,185.0,16574,2006,FY,MBC
1674,185.0,16575,5901,EE,BC
1675,185.0,16576,1399,MZ,SC
1676,185.0,16577,2711,EE,OC
1677,185.0,16578,2025,EC,MBC
1678,185.0,16579,2603,EE,OC
1679,185.0,16580,2711,EC,BC
1680,185.0,16581,2006,AS,MBC
1681,185.0,16582,1412,CS,OC
1682,185.0,16584,2603,CS,MBC
1683,185.0,16586,2622,EC,OC
1684,185.0,16587,2706,CS,MBC
1685,185.0,16588,2723,BM,OC
1686,185.0,16589,5986,IT,BC
1687,185.0,16590,3011,CS,BC
1688,185.0,16591,1317,ME,OC
1689,185.0,16592,2704,EC,OC
1690,185.0,16593,1114,CS,OC
1691,185.0,16595,1149,EC,OC
1692,185.0,16596,2006,FY,MBC
1693,185.0,16597,2739,IT,BC
1694,185.0,16599,2722,EC,OC
1695,185.0,16600,1419,EC,BCM
1696,185.0,16602,5910,CS,OC
1697,185.0,16603,2618,CS,OC
1698,185.0,16604,2722,EC,OC
1699,185.0,16605,2711,AL,OC
1700,185.0,16606,2718,EE,BCM
1701,185.0,16607,4960,AD,BCM
1702,185.0,16609,1419,EC,BC
1703,185.0,16610,2709,EC,BC
1704,185.0,16611,2722,AD,BCM
1705,185.0,16613,1432,CS,BC
1706,185.0,16614,4955,CS,OC
1707,185.0,16615,4678,CS,BC
1708,185.0,16616,4960,EC,BC
1709,185.0,16619,5901,EE,BC
1710,185.0,16620,2615,MT,OC
1711,185.0,16622,2712,FT,OC
1712,185.0,16625,1112,AL,OC
1713,185.0,16626,1216,BM,OC
1714,185.0,16628,4959,CS,OC
1715,185.0,16629,5910,CS,OC
1716,185.0,16633,1309,CS,BCM
1717,185.0,16634,2006,AS,MBC
1718,185.0,16635,3465,EC,OC
1719,185.0,16638,2702,AL,BC
1720,185.0,16639,1317,BT,MBC
1721,185.0,16641,5008,IM,SC
1722,185.0,16645,1219,CH,OC
1723,185.0,16648,2,CL,SC
1724,185.0,16649,1399,ME,OC
1725,185.0,16650,2005,CE,BC
1726,185.0,16651,2704,CS,OC
1727,185.0,16652,5,CS,OC
1728,185.0,16654,2719,EC,OC
1729,185.0,16656,2615,CS,SC
1730,185.0,16658,2006,PS,BC
1731,185.0,16659,1324,CS,BC
1732,185.0,16665,1216,CS,OC
1733,185.0,16666,4,RP,MBC
1734,185.0,16668,2712,ME,BC
1735,185.0,16669,2711,CD,OC
1736,185.0,16670,2702,BM,OC
1737,185.0,16671,2719,AD,BC
1738,185.0,16673,2711,CS,MBC
1739,185.0,16680,1210,EC,OC
1740,185.0,16681,2722,EC,OC
1741,185.0,16684,1324,IT,OC
1742,185.0,16685,1112,AL,OC
1743,185.0,16686,2709,EC,BC
1744,185.0,16687,2740,AD,OC
1745,185.0,16693,2702,BT,BC
1746,185.0,16698,4,PR,SC
1747,185.0,16700,1128,CS,OC
1748,185.0,16701,2618,BM,OC
1749,185.0,16704,2722,CS,MBC
1750,185.0,16706,4960,EC,BC
1751,185.0,16709,2007,CE,MBC
1752,185.0,16710,2711,EE,OC
1753,185.0,16712,1211,EE,BC
1754,185.0,16714,2722,EC,OC
1755,185.0,16715,1419,EC,BC
1756,185.0,16716,1419,IT,MBC
1757,185.0,16717,2712,ME,BC
1758,185.0,16719,3806,BM,OC
1759,185.0,16720,1317,EC,MBC
1760,185.0,16722,2718,EC,MBC
1761,185.0,16723,2005,PR,BC
1762,185.0,16724,2702,CT,OC
1763,185.0,16727,2711,EC,MBC
1764,185.0,16731,1304,BM,MBC
1765,185.0,16732,1216,CS,OC
1766,185.0,16735,1219,CS,SC
1767,185.0,16738,1112,EC,OC
1768,185.0,16742,2704,CS,OC
1769,185.0,16743,4960,BT,OC
1770,185.0,16746,2,TX,BC
1771,185.0,16747,1128,CS,OC
1772,185.0,16748,3830,CS,OC
1773,185.0,16749,1432,AD,OC
1774,185.0,16751,1210,IT,MBC
1775,185.0,16752,2005,CE,BC
1776,185.0,16753,2718,CS,SC
1777,185.0,16754,4023,EC,OC
1778,185.0,16755,2006,EC,ST
1779,185.0,16757,4960,EC,BC
1780,185.0,16759,2711,EE,OC
1781,185.0,16763,2722,AD,MBC
1782,185.0,16764,4960,EC,BCM
1783,185.0,16765,1317,IT,MBC
1784,185.0,16768,1315,CS,ST
1785,185.0,16770,4955,AD,OC
1786,185.0,16771,1432,AD,OC
1787,185.0,16776,1304,EC,BC
1788,185.0,16778,3011,CS,BC
1789,185.0,16784,2006,PS,BC
1790,185.0,16786,1120,IT,OC
1791,185.0,16787,2722,EC,OC
1792,185.0,16789,2702,FD,OC
1793,185.0,16790,1128,CS,OC
1794,185.0,16791,1211,EE,BC
1795,185.0,16792,1211,BT,MBC
1796,185.0,16793,2006,PS,BC
1797,185.0,16794,1120,AD,OC
1798,185.0,16795,1112,CS,MBC
1799,185.0,16803,1399,EE,BCM
1800,185.0,16806,2711,CS,MBC
1801,185.0,16809,2618,CS,OC
1802,185.0,16814,1419,EC,BC
1803,185.0,16814,4023,CS,OC
1804,185.0,16815,1210,AD,OC
1805,185.0,16816,2006,PS,BC
1806,185.0,16817,1,PT,BCM
1807,185.0,16821,2711,CD,OC
1808,185.0,16827,1450,ME,OC
1809,185.0,16832,1450,ME,OC
1810,185.0,16833,1113,CB,MBC
1811,185.0,16834,2719,AD,BC
1812,185.0,16835,1210,IT,BC
1813,185.0,16840,2,PM,SC
1814,185.0,16841,2006,FY,BC
1815,185.0,16842,4974,CS,MBC
1816,185.0,16843,2005,CE,MBC
1817,185.0,16844,2615,MT,OC
1818,185.0,16845,1216,EC,OC
1819,185.0,16846,2709,IT,MBC
1820,185.0,16847,4974,EE,OC
1821,185.0,16848,2712,ME,MBC
1822,185.0,16849,2711,EE,OC
1823,185.0,16850,1317,CS,SC
1824,185.0,16851,1120,CS,BC
1825,185.0,16852,1450,EE,BCM
1826,185.0,16853,2711,CS,MBC
1827,185.0,16854,1306,EC,OC
1828,185.0,16855,4020,CS,OC
1829,185.0,16856,3819,EC,OC
1830,185.0,16857,2005,CE,BC
1831,185.0,16860,1210,CS,MBC
1832,185.0,16861,1321,MN,OC
1833,185.0,16862,2706,CS,BC
1834,185.0,16863,2751,CS,OC
1835,185.0,16864,1210,IT,BC
1836,185.0,16865,1309,IT,BC
1837,185.0,16866,1419,IT,MBC
1838,185.0,16867,1309,IT,BC
1839,185.0,16869,5986,IT,BC
1840,185.0,16871,5986,IT,BC
1841,185.0,16872,3465,EC,OC
1842,185.0,16873,2005,ME,MBC
1843,185.0,16874,2618,CS,OC
1844,185.0,16875,5901,EE,BC
1845,185.0,16876,2005,CE,MBC
1846,185.0,16877,2735,AD,OC
1847,185.0,16878,2603,EC,MBC
1848,185.0,16880,2377,ME,MBC
1849,185.0,16883,1210,CE,OC
1850,185.0,16885,2722,EC,OC
1851,185.0,16886,2,TX,BC
1852,185.0,16887,2711,AL,BC
1853,185.0,16888,1432,CS,BC
1854,185.0,16889,4962,CS,BC
1855,185.0,16890,2608,AL,OC
1856,185.0,16891,4023,EC,OC
1857,185.0,16892,1317,EC,MBC
1858,185.0,16894,1216,CS,OC
1859,185.0,16896,1210,IT,BC
1860,185.0,16899,4,RP,MBC
1861,185.0,16902,2005,CE,SC
1862,185.0,16903,2006,TT,OC
1863,185.0,16904,1315,BM,SC
1864,185.0,16906,2007,EM,SC
1865,185.0,16908,2710,AD,OC
1866,185.0,16909,5,CS,OC
1867,185.0,16910,2722,AD,MBC
1868,185.0,16913,2712,EC,SC
1869,185.0,16914,1309,IT,BC
1870,185.0,16915,1304,IT,MBC
1871,185.0,16916,2620,BM,OC
1872,185.0,16917,2,CR,BCM
1873,185.0,16918,2377,CE,MBC
1874,184.9,16920,1026,CS,BC
1875,184.9,16923,2618,CS,BC
1876,184.9,16924,1149,AD,OC
1877,184.9,16926,1422,IT,OC
1878,184.9,16927,2608,CS,OC
1879,184.9,16928,1113,IT,BCM
1880,184.9,16929,2719,AD,BC
1881,184.9,16931,1419,EC,BC
1882,184.9,16932,1,MA,SC
1883,184.9,16933,2702,CT,BC
1884,184.9,16935,1149,CS,OC
1885,184.9,16937,2710,EC,OC
1886,184.9,16938,1210,AD,OC
1887,184.9,16939,1149,EC,OC
1888,184.9,16940,1306,CS,OC
1889,184.9,16941,1317,EE,OC
1890,184.9,16942,2005,PR,BC
1891,184.9,16947,2005,IB,MBC
1892,184.9,16948,2712,MZ,MBC
1893,184.9,16950,2656,ME,OC
1894,184.9,16952,2,PM,SC
1895,184.9,16953,4,RP,MBC
1896,184.9,16954,5910,CS,OC
1897,184.9,16955,2005,IB,MBC
1898,184.9,16957,1210,AD,OC
1899,184.9,16959,2622,EC,OC
1900,184.9,16962,2621,IT,OC
1901,184.9,16963,2702,EE,OC
1902,184.9,16964,4960,ME,OC
1903,184.9,16965,1,MA,SC
1904,184.9,16967,2702,SE,OC
1905,184.9,16968,2751,IT,OC
1906,184.9,16969,3011,CS,BC
1907,184.9,16970,2722,EC,OC
1908,184.9,16971,2608,CS,OC
1909,184.9,16972,2006,RA,SC
1910,184.9,16974,2719,EC,OC
1911,184.9,16976,1309,AD,OC
1912,184.9,16977,2005,CE,BC
1913,184.9,16980,2719,EC,OC
1914,184.9,16981,1504,CS,OC
1915,184.9,16982,5910,CS,OC
1916,184.9,16983,1211,CD,MBC
1917,184.9,16984,2636,CS,OC
1918,184.9,16985,4,RP,MBC
1919,184.9,16986,4,PR,SC
1920,184.9,16987,5,CF,OC
1921,184.9,16988,2702,AL,MBC
1922,184.9,16989,1219,ME,OC
1923,184.9,16990,2708,EC,OC
1924,184.9,16991,1120,CS,BC
1925,184.9,16993,5986,IT,BC
1926,184.9,16994,2722,CS,MBC
1927,184.9,16995,4678,EE,OC
1928,184.9,16996,2661,CS,OC
1929,184.9,16997,1210,AD,OC
1930,184.9,16998,2718,CJ,MBC
1931,184.9,16999,2750,CS,OC
1932,184.9,17000,5910,CS,OC
1933,184.9,17001,2764,CS,BC
1934,184.9,17002,1118,CS,OC
1935,184.9,17003,1324,IT,OC
1936,184.9,17005,1432,EC,OC
1937,184.9,17006,2722,EC,OC
1938,184.9,17007,1399,MZ,MBC
1939,184.9,17009,2722,EC,OC
1940,184.9,17011,1231,CS,OC
1941,184.9,17012,3011,IT,OC
1942,184.9,17013,2711,IT,MBC
1943,184.9,17014,3830,EC,OC
1944,184.9,17015,4,PR,SC
1945,184.9,17016,1112,EC,OC
1946,184.9,17017,2722,EC,OC
1947,184.9,17018,2,CR,BC
1948,184.9,17019,1026,EE,OC
1949,184.9,17020,4959,EE,OC
1950,184.9,17021,1120,CS,BC
1951,184.9,17023,2005,PR,BC
1952,184.9,17024,2603,EC,BC
1953,184.9,17025,2719,AD,BC
1954,184.9,17026,2006,TT,OC
1955,184.9,17029,1128,CS,OC
1956,184.9,17031,2719,EC,OC
1957,184.9,17032,2025,EC,MBC
1958,184.9,17033,4020,CS,OC
1959,184.9,17034,2702,EE,OC
1960,184.9,17035,4965,BM,OC
1961,184.9,17036,4974,EC,BCM
1962,184.9,17038,2005,CE,MBC
1963,184.9,17039,2601,CS,OC
1964,184.9,17040,1424,CS,OC
1965,184.9,17041,5010,CS,OC
1966,184.9,17044,1219,EE,MBC
1967,184.9,17045,2,PP,SC
1968,184.9,17047,5901,CS,SC
1969,184.9,17048,3011,CS,MBC
1970,184.9,17049,1211,BT,BC
1971,184.9,17050,4,PR,SC
1972,184.9,17052,2702,BT,BC
1973,184.9,17053,2712,MZ,MBC
1974,184.9,17054,2005,CE,BC
1975,184.9,17056,2618,CS,BC
1976,184.9,17057,1216,CS,OC
1977,184.9,17058,4962,EC,OC
1978,184.9,17059,3786,CS,OC
1979,184.9,17063,1237,EC,OC
1980,184.9,17064,2,PM,SC
1981,184.9,17065,1317,EE,OC
1982,184.9,17066,2005,IB,MBC
1983,184.9,17067,1432,EC,OC
1984,184.9,17068,2006,PS,BC
1985,184.9,17071,5910,IT,OC
1986,184.9,17072,2712,AU,OC
1987,184.9,17073,2702,CB,BC
1988,184.9,17076,2709,EC,BC
1989,184.9,17077,2025,EE,OC
1990,184.9,17079,5008,MF,MBC
1991,184.9,17081,1113,EC,MBC
1992,184.9,17085,1112,AL,OC
1993,184.9,17086,2007,CH,MBC
1994,184.8,17088,4993,AG,OC
1995,184.8,17090,2005,CE,SC
1996,184.8,17091,1324,CS,BC
1997,184.8,17094,2607,EE,OC
1998,184.8,17095,4023,CS,OC
1999,184.8,17097,4933,ME,OC
2000,184.8,17099,2736,AD,OC
2001,184.8,17100,1113,CD,BC
2002,184.8,17101,2005,CE,BC
2003,184.8,17102,2702,CT,BC
2004,184.8,17103,1432,EC,OC
2005,184.8,17104,2621,CS,OC
2006,184.8,17105,2615,MT,BC
2007,184.8,17108,3795,ME,OC
2008,184.8,17109,4960,EC,BC
2009,184.8,17110,2615,ME,OC
2010,184.8,17111,1211,EE,BC
2011,184.8,17112,5530,CS,OC
2012,184.8,17113,1210,CO,OC
2013,184.8,17114,4974,EE,BC
2014,184.8,17117,1309,EC,OC
2015,184.8,17118,4023,CS,OC
2016,184.8,17121,1317,AD,MBC
2017,184.8,17122,4994,EE,OC
2018,184.8,17125,4971,CS,OC
2019,184.8,17126,4965,BT,OC
2020,184.8,17127,1321,MN,OC
2021,184.8,17129,2622,BM,OC
2022,184.8,17130,2622,EC,OC
2023,184.8,17132,1432,AD,OC
2024,184.8,17133,4957,EC,OC
2025,184.8,17134,1321,MN,OC
2026,184.8,17135,1216,CS,OC
2027,184.8,17136,3803,EC,OC
2028,184.8,17137,4971,CS,OC
2029,184.8,17138,2357,AG,OC
2030,184.8,17140,2719,AD,BC
2031,184.8,17141,1128,CS,OC
2032,184.8,17142,1516,EC,OC
2033,184.8,17143,1210,EC,OC
2034,184.8,17144,1432,CS,BC
2035,184.8,17145,2006,PS,BC
2036,184.8,17146,2702,EE,OC
2037,184.8,17149,2005,CE,BC
2038,184.8,17150,2711,AD,MBC
2039,184.8,17151,1112,CS,MBC
2040,184.8,17152,3011,CS,MBC
2041,184.8,17153,2007,AT,ST
2042,184.8,17154,2712,MZ,BC
2043,184.8,17155,4974,CE,OC
2044,184.8,17156,2006,PS,BCM
2045,184.8,17157,1219,ME,OC
2046,184.8,17158,2615,EC,SC
2047,184.8,17162,1419,EC,BC
2048,184.8,17165,2722,EC,OC
2049,184.8,17170,2603,EC,BC
2050,184.8,17173,2702,AL,BC
2051,184.8,17174,2719,EC,OC
2052,184.8,17175,2706,CS,MBC
2053,184.8,17178,1315,IT,SCA
2054,184.8,17180,2314,AD,OC
2055,184.8,17181,2618,CS,BC
2056,184.8,17183,3410,CS,OC
2057,184.8,17184,4954,IT,OC
2058,184.8,17186,2610,CE,OC
2059,184.8,17187,1324,CS,BC
2060,184.8,17188,2719,EC,MBC
2061,184.8,17189,2,TX,BC
2062,184.8,17190,2739,IT,BC
2063,184.8,17192,1113,IT,MBC
2064,184.8,17194,2709,AU,OC
2065,184.8,17195,2656,EE,OC
2066,184.8,17197,2622,CS,OC
2067,184.8,17198,2005,PR,BC
2068,184.8,17199,2615,ME,OC
2069,184.8,17200,2618,IT,OC
2070,184.8,17201,1,MN,SCA
2071,184.8,17202,2719,BM,OC
2072,184.8,17204,4020,CS,OC
2073,184.8,17210,2711,MZ,OC
2074,184.8,17211,1306,BT,OC
2075,184.8,17214,2708,AE,OC
2076,184.8,17215,1128,CS,BC
2077,184.8,17216,1419,IT,MBC
2078,184.8,17217,1114,CS,OC
2079,184.8,17220,2025,EE,OC
2080,184.8,17222,1216,AD,OC
2081,184.8,17223,1419,EC,BC
2082,184.8,17224,1432,EC,OC
2083,184.8,17225,2719,EC,BC
2084,184.8,17226,1210,IT,BC
2085,184.8,17227,2718,CJ,BCM
2086,184.8,17228,2601,CS,OC
2087,184.8,17229,2709,EC,BC
2088,184.8,17232,2711,AL,BC
2089,184.8,17233,2712,MZ,MBC
2090,184.8,17234,1324,AD,OC
2091,184.8,17237,5010,CE,OC
2092,184.8,17238,2,TX,MBC
2093,184.8,17240,2723,EC,OC
2094,184.8,17243,4960,EC,BC
2095,184.8,17245,2608,CS,OC
2096,184.8,17246,2702,EC,MBC
2097,184.8,17247,5901,CS,SC
2098,184.8,17248,5986,IT,BC
2099,184.8,17249,4023,EC,OC
2100,184.8,17250,2603,EC,BC
2101,184.8,17251,1216,CS,OC
2102,184.8,17253,2722,EC,OC
2103,184.8,17254,3803,CS,OC
2104,184.8,17257,2621,IT,OC
2105,184.8,17258,2615,CE,OC
2106,184.8,17260,2736,CS,OC
2107,184.8,17261,1309,IT,BC
2108,184.8,17263,1219,ME,OC
2109,184.8,17264,1113,IT,MBC
2110,184.8,17265,1422,AD,BC
2111,184.8,17266,1120,IT,OC
2112,184.8,17267,2712,TX,OC
2113,184.8,17269,1422,CS,BC
2114,184.8,17271,4917,BM,OC
2115,184.8,17272,2739,IT,BC
2116,184.8,17273,2611,EC,OC
2117,184.8,17274,2750,CS,OC
2118,184.8,17275,1422,EC,OC
2119,184.8,17276,2702,ME,OC
2120,184.7,17279,2620,EE,OC
2121,184.7,17281,1324,IT,OC
2122,184.7,17282,1422,IT,OC
2123,184.7,17283,2723,EC,OC
2124,184.7,17285,1307,CS,OC
2125,184.7,17286,5901,EE,BC
2126,184.7,17289,2702,EC,MBC
2127,184.7,17290,2731,EE,OC
2128,184.7,17291,3011,IT,OC
2129,184.7,17293,5910,IT,OC
2130,184.7,17295,1422,CS,BC
2131,184.7,17297,2719,EC,MBC
2132,184.7,17298,5,IT,OC
2133,184.7,17299,1311,CS,OC
2134,184.7,17300,1422,CS,BC
2135,184.7,17302,1422,CY,OC
2136,184.7,17304,3465,CS,MBC
2137,184.7,17305,2702,EE,OC
2138,184.7,17307,1309,EC,OC
2139,184.7,17308,4960,EC,MBC
2140,184.7,17309,2618,CS,BC
2141,184.7,17310,2653,AD,OC
2142,184.7,17311,2722,CS,MBC
2143,184.7,17312,1210,CO,OC
2144,184.7,17313,2005,PR,BC
2145,184.7,17315,2005,ME,MBC
2146,184.7,17317,1321,PA,BC
2147,184.7,17318,2718,MZ,OC
2148,184.7,17319,1419,EC,BC
2149,184.7,17320,2006,MF,SC
2150,184.7,17321,2615,MT,MBC
2151,184.7,17322,4,RP,MBC
2152,184.7,17324,2706,AD,OC
2153,184.7,17325,2,AP,MBC
2154,184.7,17326,2618,EC,OC
2155,184.7,17327,1128,AD,OC
2156,184.7,17330,2618,CS,BC
2157,184.7,17333,2369,CS,OC
2158,184.7,17334,2,CL,SC
2159,184.7,17336,2702,SE,BC
2160,184.7,17337,2722,CS,MBC
2161,184.7,17338,4965,EC,OC
2162,184.7,17339,2764,CS,BC
2163,184.7,17340,2712,CS,SC
2164,184.7,17341,2702,CS,SC
2165,184.7,17342,3830,CS,OC
2166,184.7,17343,2710,CS,OC
2167,184.7,17344,2706,CS,BC
2168,184.7,17348,1419,EC,BC
2169,184.7,17350,1304,CS,MBC
2170,184.7,17351,1419,EC,BC
2171,184.7,17352,5008,IM,SC
2172,184.7,17353,4980,CS,OC
2173,184.7,17355,1520,CS,OC
2174,184.7,17356,2718,EE,MBC
2175,184.7,17357,1113,AD,MBC
2176,184.7,17358,1304,EC,BC
2177,184.7,17359,2764,ME,OC
2178,184.7,17360,1412,IT,OC
2179,184.7,17364,1216,CS,OC
2180,184.7,17365,2702,EE,OC
2181,184.7,17367,1321,PA,BC
2182,184.7,17368,2702,SE,BC
2183,184.7,17369,1,MI,SC
2184,184.7,17370,2618,CS,BC
2185,184.7,17371,2711,AL,MBC
2186,184.7,17373,1211,EE,BC
2187,184.7,17374,2618,CS,MBC
2188,184.7,17378,2710,CS,OC
2189,184.7,17379,2706,CS,BC
2190,184.7,17380,1210,CS,BCM
2191,184.7,17381,2007,EM,SC
2192,184.7,17382,2711,AL,BC
2193,184.7,17384,5910,CS,OC
2194,184.7,17385,1113,CD,BC
2195,184.7,17387,3011,BT,BC
2196,184.7,17388,1118,BM,OC
2197,184.7,17389,2702,BT,BC
2198,184.7,17390,1419,EC,BC
2199,184.7,17392,2,FS,SC
2200,184.7,17393,1309,AD,OC
2201,184.7,17395,2615,CS,SC
2202,184.7,17397,1149,IT,OC
2203,184.7,17398,2653,CS,OC
2204,184.7,17400,1309,AD,OC
2205,184.7,17402,1112,EC,OC
2206,184.7,17403,2709,EE,OC
2207,184.7,17404,1419,CJ,OC
2208,184.7,17405,4024,GI,OC
2209,184.7,17406,2711,CD,OC
2210,184.7,17407,2709,EC,MBC
2211,184.7,17409,2622,EC,OC
2212,184.7,17410,2712,MZ,BC
2213,184.7,17412,2006,PN,MBC
2214,184.7,17413,2,TX,BC
2215,184.7,17414,2005,IB,SC
2216,184.7,17415,2718,CJ,BCM
2217,184.7,17416,4917,CS,OC
2218,184.7,17418,1317,EC,MBC
2219,184.7,17419,5,CS,OC
2220,184.7,17420,1304,IT,MBC
2221,184.7,17421,1317,EC,MBC
2222,184.7,17422,1324,CS,BC
2223,184.7,17423,1324,CS,BC
2224,184.7,17424,1422,CS,BC
2225,184.7,17425,2007,CE,MBC
2226,184.7,17426,3011,BT,BC
2227,184.7,17428,1120,IT,OC
2228,184.7,17429,1128,CS,BC
2229,184.7,17430,2608,CB,OC
2230,184.7,17431,2608,CS,OC
2231,184.7,17432,3011,IT,OC
2232,184.7,17433,4023,CS,OC
2233,184.7,17434,5910,CS,OC
2234,184.7,17435,1324,IT,OC
2235,184.7,17436,2719,AD,BC
2236,184.7,17439,2710,CS,OC
2237,184.7,17440,2702,EE,OC
2238,184.7,17441,4960,EC,BC
2239,184.7,17443,3011,CS,SC
2240,184.7,17444,1112,CS,MBC
2241,184.7,17446,4971,IT,OC
2242,184.6,17449,2369,EC,OC
2243,184.6,17450,1422,AD,MBC
2244,184.6,17451,2607,EC,OC
2245,184.6,17452,1128,CS,BC
2246,184.6,17453,4993,CS,OC
2247,184.6,17454,1112,CB,OC
2248,184.6,17455,2702,EE,OC
2249,184.6,17456,1304,IT,MBC
2250,184.6,17458,2005,PR,BC
2251,184.6,17459,2603,EC,BC
2252,184.6,17460,1409,CS,OC
2253,184.6,17462,2702,EE,OC
2254,184.6,17463,2715,CH,OC
2255,184.6,17464,2661,EC,OC
2256,184.6,17465,2,AP,MBC
2257,184.6,17466,2653,IT,OC
2258,184.6,17467,2628,AD,OC
2259,184.6,17468,2709,AU,OC
2260,184.6,17469,3011,CS,BC
2261,184.6,17470,2702,EE,OC
2262,184.6,17471,3801,CS,OC
2263,184.6,17473,5910,CS,OC
2264,184.6,17476,2722,EC,OC
2265,184.6,17478,2702,CB,BC
2266,184.6,17479,2610,EC,OC
2267,184.6,17480,1211,CH,OC
2268,184.6,17481,4960,CS,BCM
2269,184.6,17483,3465,CS,MBC
2270,184.6,17485,1516,EC,OC
2271,184.6,17486,1516,EC,OC
2272,184.6,17487,2,TX,BC
2273,184.6,17489,5008,IM,SC
2274,184.6,17491,1120,EE,OC
2275,184.6,17492,2620,TS,OC
2276,184.6,17493,1211,BT,MBC
2277,184.6,17495,2702,FD,OC
2278,184.6,17496,3926,CS,OC
2279,184.6,17497,2709,EE,OC
2280,184.6,17498,1432,CS,MBC
2281,184.6,17499,2718,EE,MBC
2282,184.6,17501,2007,EE,SC
2283,184.6,17502,1405,AD,OC
2284,184.6,17503,2007,CE,MBC
2285,184.6,17504,1113,EE,BC
2286,184.6,17505,5910,AD,OC
2287,184.6,17506,2005,CE,SC
2288,184.6,17507,1128,CS,BC
2289,184.6,17508,2,TX,BC
2290,184.6,17509,2622,CS,OC
2291,184.6,17510,1210,IT,BC
2292,184.6,17512,2722,EC,OC
2293,184.6,17513,2719,IT,MBC
2294,184.6,17514,5,IT,OC
2295,184.6,17515,5986,EC,OC
2296,184.6,17518,2369,CS,OC
2297,184.6,17519,1419,IT,BCM
2298,184.6,17521,1304,AD,BCM
2299,184.6,17522,1112,CB,OC
2300,184.6,17524,2719,CJ,OC
2301,184.6,17526,1113,ME,OC
2302,184.6,17527,1324,AD,OC
2303,184.6,17528,5901,ME,OC
2304,184.6,17529,2620,BT,OC
2305,184.6,17530,2712,ME,BC
2306,184.6,17531,1399,ME,BC
2307,184.6,17532,2710,AD,OC
2308,184.6,17533,4974,EE,BC
2309,184.6,17535,2739,IT,BC
2310,184.6,17537,3011,CS,MBC
2311,184.6,17538,3465,EC,OC
2312,184.6,17539,4959,IT,OC
2313,184.6,17540,1324,CS,BC
2314,184.6,17541,1120,CS,BC
2315,184.6,17542,1120,CS,BC
2316,184.6,17543,3826,AD,OC
2317,184.6,17548,1013,EC,OC
2318,184.6,17549,2712,AE,MBC
2319,184.6,17550,2025,EE,OC
2320,184.6,17551,1419,CJ,OC
2321,184.6,17552,1422,IT,OC
2322,184.6,17553,2620,EC,OC
2323,184.6,17555,4974,EE,BC
2324,184.6,17556,1516,EC,OC
2325,184.6,17558,2611,EC,OC
2326,184.6,17561,5010,EC,OC
2327,184.6,17563,4974,EC,BCM
2328,184.6,17564,1216,CS,OC
2329,184.6,17565,3819,CS,OC
2330,184.6,17566,2715,EC,OC
2331,184.6,17568,2615,CE,OC
2332,184.6,17569,2711,EC,MBC
2333,184.6,17571,2643,CS,OC
2334,184.6,17572,3465,CS,MBC
2335,184.6,17574,4974,CS,SC
2336,184.6,17575,2,PM,SC
2337,184.6,17576,5,CH,OC
2338,184.6,17577,2007,EC,SCA
2339,184.6,17578,1149,AD,OC
2340,184.6,17579,1516,CE,OC
2341,184.6,17580,3011,AU,OC
2342,184.6,17581,2710,AD,OC
2343,184.6,17582,2719,BM,OC
2344,184.6,17583,4960,EC,BC
2345,184.6,17584,2739,IT,BC
2346,184.6,17586,2602,MD,OC
2347,184.6,17588,2719,EC,MBC
2348,184.6,17589,2722,IT,MBC
2349,184.6,17590,1422,CS,MBC
2350,184.6,17591,2377,EE,SC
2351,184.6,17592,4960,EE,OC
2352,184.6,17593,5,CS,OC
2353,184.6,17594,4953,CS,OC
2354,184.6,17596,2,CR,BC
2355,184.6,17597,2618,CS,BC
2356,184.6,17598,2706,CS,MBC
2357,184.6,17599,3011,CS,MBC
2358,184.6,17601,2702,AG,OC
2359,184.6,17603,3819,CS,OC
2360,184.6,17604,1219,ME,OC
2361,184.6,17605,1516,EC,OC
2362,184.6,17606,1113,EE,BC
2363,184.6,17608,4,PR,SC
2364,184.6,17610,5,CH,OC
2365,184.6,17611,2711,EC,MBC
2366,184.6,17612,1149,CS,BC
2367,184.6,17613,2706,CS,BC
2368,184.6,17614,5901,EE,MBC
2369,184.6,17615,2711,EE,OC
2370,184.6,17618,2706,CS,BC
2371,184.6,17619,1419,EE,OC
2372,184.6,17620,1422,EC,OC
2373,184.6,17621,2702,SE,BC
2374,184.6,17622,4962,EC,OC
2375,184.6,17624,1210,AD,OC
2376,184.6,17625,2712,CE,OC
2377,184.6,17626,1128,CS,BC
2378,184.6,17627,2661,CS,OC
2379,184.6,17628,2,TX,BC
2380,184.6,17629,1113,ME,OC
2381,184.6,17631,1116,CS,OC
2382,184.6,17632,2710,IT,OC
2383,184.6,17634,2006,FY,BC
2384,184.6,17637,2702,EE,OC
2385,184.6,17638,2615,CS,SC
2386,184.6,17639,5901,EC,SC
2387,184.6,17642,1211,CH,OC
2388,184.5,17644,2702,EE,OC
2389,184.5,17645,2369,CS,OC
2390,184.5,17646,5986,IT,BC
2391,184.5,17647,1324,CS,BC
2392,184.5,17649,2722,EC,OC
2393,184.5,17652,2620,BM,OC
2394,184.5,17653,2706,CS,BC
2395,184.5,17655,2603,EC,MBC
2396,184.5,17658,2607,AD,OC
2397,184.5,17660,2702,CT,BC
2398,184.5,17661,5910,CS,OC
2399,184.5,17662,2329,AD,OC
2400,184.5,17663,1399,EE,MBC
2401,184.5,17664,2005,IB,MBC
2402,184.5,17665,4974,EC,BCM
2403,184.5,17667,1210,CS,BCM
2404,184.5,17668,2603,EC,BC
2405,184.5,17671,2739,IT,BC
2406,184.5,17673,5986,IT,BC
2407,184.5,17676,1112,EC,OC
2408,184.5,17677,1210,AD,OC
2409,184.5,17678,1419,IT,MBC
2410,184.5,17679,2722,EC,OC
2411,184.5,17680,1113,EC,MBC
2412,184.5,17681,2723,BM,OC
2413,184.5,17682,2603,CS,SC
2414,184.5,17685,2702,CT,BC
2415,184.5,17687,5865,CS,OC
2416,184.5,17688,1315,ME,SC
2417,184.5,17689,1432,EC,OC
2418,184.5,17690,1304,CS,MBC
2419,184.5,17691,1516,EE,OC
2420,184.5,17692,1210,CS,SC
2421,184.5,17693,2007,CL,BCM
2422,184.5,17695,2615,MT,BC
2423,184.5,17696,2620,EC,OC
2424,184.5,17697,4944,EC,OC
2425,184.5,17699,1309,EC,OC
2426,184.5,17702,1321,MN,OC
2427,184.5,17703,3830,EE,OC
2428,184.5,17704,1210,IT,BC
2429,184.5,17705,2005,CE,SC
2430,184.5,17706,2622,IT,OC
2431,184.5,17707,1304,AD,MBC
2432,184.5,17709,2722,IT,BCM
2433,184.5,17711,1211,RM,OC
2434,184.5,17712,2722,EC,OC
2435,184.5,17713,2,CR,BC
2436,184.5,17714,2005,ME,MBC
2437,184.5,17715,4960,CS,MBC
2438,184.5,17716,2722,EE,OC
2439,184.5,17717,3011,CS,BC
2440,184.5,17718,2702,EI,OC
2441,184.5,17723,1211,BT,BC
2442,184.5,17727,2712,ME,MBC
2443,184.5,17728,2739,CB,OC
2444,184.5,17729,2718,ME,OC
2445,184.5,17731,2,CR,BC
2446,184.5,17732,2,CR,BC
2447,184.5,17736,1324,CS,BC
2448,184.5,17737,2718,ME,OC
2449,184.5,17739,2711,CH,OC
2450,184.5,17740,1211,CH,OC
2451,184.5,17748,2739,EC,OC
2452,184.5,17750,1324,CS,BC
2453,184.5,17751,1112,IT,BC
2454,184.5,17755,1114,CS,OC
2455,184.5,17756,1211,EE,BC
2456,184.5,17758,1216,CS,BC
2457,184.5,17761,2025,EE,BC
2458,184.5,17765,1309,AD,OC
2459,184.5,17768,1210,CS,MBC
2460,184.5,17775,2607,CS,OC
2461,184.5,17779,2722,EC,BC
2462,184.5,17780,1118,BM,OC
2463,184.5,17782,2,CR,BC
2464,184.5,17783,1210,AD,OC
2465,184.5,17786,2712,MZ,MBC
2466,184.5,17789,4960,CE,OC
2467,184.5,17793,4960,EE,OC
2468,184.5,17796,1422,CS,MBC
2469,184.5,17798,1149,CS,BC
2470,184.5,17799,1219,CH,OC
2471,184.5,17800,1120,EC,OC
2472,184.5,17801,1419,EC,BC
2473,184.5,17803,1419,IT,MBC
2474,184.5,17804,2702,EE,OC
2475,184.5,17806,2711,CD,OC
2476,184.5,17809,1216,CS,MBC
2477,184.5,17815,1324,CS,BC
2478,184.5,17818,2722,EC,BC
2479,184.5,17819,2615,ME,OC
2480,184.5,17824,2007,CS,SCA
2481,184.5,17828,2718,CS,SC
2482,184.5,17830,4960,EC,BC
2483,184.5,17832,2006,PS,MBC
2484,184.5,17833,1211,RM,OC
2485,184.5,17835,2702,EE,OC
2486,184.5,17841,2712,CE,OC
2487,184.5,17844,2005,PR,BCM
2488,184.5,17845,1219,CH,OC
2489,184.5,17848,1422,CS,BC
2490,184.5,17851,1210,IT,BC
2491,184.5,17852,2722,EE,OC
2492,184.5,17853,1211,BT,BC
2493,184.5,17855,1211,BT,BC
2494,184.5,17859,5008,IM,SC
2495,184.5,17860,1149,CS,BC
2496,184.5,17862,2,TX,MBC
2497,184.5,17867,2735,CS,OC
2498,184.5,17871,1149,CS,BC
2499,184.5,17873,5986,IT,BC
2500,184.5,17877,2722,EC,BC
2501,184.5,17878,1324,IT,OC
2502,184.5,17882,1211,RM,OC
2503,184.5,17883,1210,IT,BC
2504,184.5,17887,2,PP,MBC
2505,184.5,17888,3011,CS,BC
2506,184.5,17891,1210,EC,OC
2507,184.5,17896,2711,CD,BC
2508,184.5,17901,2,LE,BC
2509,184.5,17902,1211,BM,BC
2510,184.5,17905,2712,ME,BC
2511,184.5,17907,2722,IT,BCM
2512,184.5,17908,1399,ME,BC
2513,184.5,17909,1219,CS,SC
2514,184.5,17911,1419,EC,BC
2515,184.5,17914,2702,BT,BC
2516,184.5,17915,1211,BT,BC
2517,184.5,17918,5008,MF,MBC
2518,184.5,17925,4960,EC,BC
2519,184.5,17927,3464,CS,OC
2520,184.5,17928,1113,CD,BCM
2521,184.5,17929,2718,EE,MBC
2522,184.5,17930,2706,CS,BCM
2523,184.5,17934,2618,CS,BC
2524,184.5,17937,4962,CS,BC
2525,184.5,17938,1304,IT,BCM
2526,184.5,17939,4974,EC,BCM
2527,184.5,17942,2739,CS,MBC
2528,184.5,17943,2704,EC,OC
2529,184.5,17944,1422,CS,BC
2530,184.5,17945,2702,CT,BC
2531,184.5,17946,4917,AD,OC
2532,184.5,17947,2708,EC,OC
2533,184.5,17948,3701,EE,OC
2534,184.5,17952,1210,IT,BC
2535,184.5,17953,1304,AD,SCA
2536,184.5,17954,1321,MN,OC
2537,184.5,17955,3819,CS,OC
2538,184.5,17956,2712,ME,MBC
2539,184.5,17957,2615,CS,SC
2540,184.5,17958,4023,CS,OC
2541,184.5,17959,2369,CS,OC
2542,184.5,17961,1419,IT,MBC
2543,184.5,17962,2725,CS,OC
2544,184.5,17964,2764,EC,OC
2545,184.5,17966,4965,CS,OC
2546,184.5,17968,2006,RA,SC
2547,184.5,17970,1211,EE,BC
2548,184.5,17971,2711,AL,BC
2549,184.5,17972,2726,CS,OC
2550,184.5,17974,1315,ME,SC
2551,184.5,17975,2005,IT,SCA
2552,184.5,17976,1128,CS,BC
2553,184.5,17978,2706,CS,BC
2554,184.5,17979,1026,CS,MBC
2555,184.5,17980,2005,EI,SC
2556,184.5,17981,1399,ME,BC
2557,184.5,17983,5986,EC,OC
2558,184.5,17984,2603,EC,BC
2559,184.5,17985,1149,CS,BC
2560,184.5,17988,2723,EC,OC
2561,184.5,17991,2711,AL,BC
2562,184.5,17993,4960,BT,OC
2563,184.5,17994,2712,ME,BCM
2564,184.5,17995,1113,CD,BC
2565,184.5,17999,2751,CS,OC
2566,184.5,18000,2710,EE,OC
2567,184.5,18001,1113,CD,BC
2568,184.5,18002,5901,ME,OC
2569,184.5,18003,4971,CS,OC
2570,184.5,18004,2739,CS,MBC
2571,184.5,18005,2741,CS,OC
2572,184.5,18007,3819,CS,OC
2573,184.5,18008,2711,CD,BC
2574,184.5,18009,1399,EC,MBC
2575,184.5,18010,2702,EE,OC
2576,184.5,18011,2622,IT,OC
2577,184.5,18012,2005,CE,MBC
2578,184.5,18013,1118,CS,OC
2579,184.5,18016,1321,MN,BC
2580,184.4,18017,2723,BM,OC
2581,184.4,18018,2709,EC,MBC
2582,184.4,18019,2343,HT,OC
2583,184.4,18020,3464,CS,OC
2584,184.4,18021,1309,CS,SC
2585,184.4,18022,1216,BM,OC
2586,184.4,18023,2719,EC,BC
2587,184.4,18024,1122,CS,OC
2588,184.4,18025,1432,EC,OC
2589,184.4,18026,3810,EI,OC
2590,184.4,18028,2005,CE,BC
2591,184.4,18029,2,CR,BC
2592,184.4,18030,2603,EE,OC
2593,184.4,18032,2603,EC,BC
2594,184.4,18033,1149,CS,BC
2595,184.4,18034,3011,CS,MBC
2596,184.4,18036,1231,AD,OC
2597,184.4,18039,1115,AD,OC
2598,184.4,18041,4024,CE,OC
2599,184.4,18042,1211,EE,BC
2600,184.4,18044,2025,EE,BC
2601,184.4,18045,1,XM,OC
2602,184.4,18046,5901,EE,MBC
2603,184.4,18049,4020,GI,OC
2604,184.4,18050,1211,AE,BC
2605,184.4,18051,4972,CS,OC
2606,184.4,18052,5,CS,OC
2607,184.4,18055,2347,AG,OC
2608,184.4,18056,2704,IT,OC
2609,184.4,18057,1419,IT,MBC
2610,184.4,18058,5009,CS,OC
2611,184.4,18059,4971,CS,BC
2612,184.4,18060,2739,EC,OC
2613,184.4,18063,2712,CE,OC
2614,184.4,18064,2711,CS,MBC
2615,184.4,18065,4960,EC,BC
2616,184.4,18066,2618,CS,BC
2617,184.4,18067,1419,IT,MBC
2618,184.4,18068,1516,CS,MBC
2619,184.4,18069,2712,ME,BC
2620,184.4,18070,2718,ME,OC
2621,184.4,18071,2,LE,BC
2622,184.4,18072,2710,CS,OC
2623,184.4,18073,1210,AD,OC
2624,184.4,18074,4960,EC,BC
2625,184.4,18076,2702,CS,BCM
2626,184.4,18079,2005,PR,BC
2627,184.4,18080,1324,IT,OC
2628,184.4,18081,1324,CS,BC
2629,184.4,18082,2006,MS,MBC
2630,184.4,18084,2615,ME,OC
2631,184.4,18085,2007,AT,SC
2632,184.4,18086,2711,AL,BC
2633,184.4,18087,2711,MZ,OC
2634,184.4,18088,4020,CS,OC
2635,184.4,18091,1118,CS,OC
2636,184.4,18092,2712,AU,OC
2637,184.4,18094,2722,EC,BC
2638,184.4,18095,1422,CS,BC
2639,184.4,18099,3011,EC,OC
2640,184.4,18101,2711,EE,OC
2641,184.4,18102,1432,CS,BCM
2642,184.4,18104,2739,CO,OC
2643,184.4,18106,2719,CJ,OC
2644,184.4,18107,2711,CD,BC
2645,184.4,18110,5008,CN,BCM
2646,184.4,18111,1149,AD,OC
2647,184.4,18112,1128,CS,BC
2648,184.4,18114,2005,CE,MBC
2649,184.4,18115,2706,CS,BC
2650,184.4,18116,2607,BT,OC
2651,184.4,18117,2369,CS,OC
2652,184.4,18119,2719,EC,BC
2653,184.4,18120,2711,CS,MBC
2654,184.4,18122,2719,BM,OC
2655,184.4,18124,1324,IT,OC
2656,184.4,18125,1112,EC,OC
2657,184.4,18128,3819,CS,OC
2658,184.4,18129,2739,CO,OC
2659,184.4,18130,2719,AD,MBC
2660,184.4,18131,1317,EE,OC
2661,184.4,18132,2723,BM,OC
2662,184.4,18133,1237,CS,OC
2663,184.4,18134,2739,AD,BC
2664,184.4,18136,1113,EC,BCM
2665,184.4,18137,2712,FT,OC
2666,184.4,18138,2702,SE,BC
2667,184.4,18140,2702,CT,BC
2668,184.4,18141,1504,IT,OC
2669,184.4,18142,1210,AD,OC
2670,184.4,18144,1324,CS,BC
2671,184.4,18146,4957,IT,OC
2672,184.4,18147,2608,CS,OC
2673,184.4,18148,2764,CH,OC
2674,184.4,18149,3425,CS,OC
2675,184.4,18150,5910,CS,OC
2676,184.4,18152,2739,EC,OC
2677,184.4,18153,2618,CS,BC
2678,184.4,18154,4024,EC,OC
2679,184.4,18155,4962,CS,BC
2680,184.4,18156,2712,ME,MBC
2681,184.4,18157,2708,CS,OC
2682,184.4,18158,2007,AT,SC
2683,184.4,18159,2739,EC,OC
2684,184.4,18160,1324,CS,BC
2685,184.4,18162,1210,AD,OC
2686,184.4,18163,2722,EC,BC
2687,184.4,18165,1128,CS,BC
2688,184.4,18167,1419,EE,OC
2689,184.4,18168,1399,MZ,BCM
2690,184.4,18169,1309,AD,OC
2691,184.4,18170,1210,IT,BC
2692,184.4,18171,1216,IT,OC
2693,184.4,18172,1303,AD,OC
2694,184.4,18173,2706,CS,MBC
2695,184.4,18179,1211,AL,MBC
2696,184.4,18181,2651,EC,OC
2697,184.4,18182,1207,CS,OC
2698,184.4,18183,2653,IT,OC
2699,184.4,18184,1317,EE,OC
2700,184.4,18185,1231,CS,OC
2701,184.4,18187,1304,CE,OC
2702,184.4,18190,2,TX,BC
2703,184.4,18191,5865,CE,OC
2704,184.4,18192,3011,PH,OC
2705,184.4,18193,2764,CS,BC
2706,184.4,18194,5008,IM,SC
2707,184.4,18197,3849,EC,OC
2708,184.4,18199,2719,EC,BC
2709,184.4,18200,1450,EE,BC
2710,184.4,18201,1516,EC,OC
2711,184.4,18203,2708,IT,OC
2712,184.3,18205,2722,EC,BC
2713,184.3,18206,5986,EC,OC
2714,184.3,18207,1304,EI,OC
2715,184.3,18208,1422,CS,BC
2716,184.3,18209,1026,CS,BC
2717,184.3,18210,1211,BT,BC
2718,184.3,18211,1113,EC,MBC
2719,184.3,18212,1419,IT,MBC
2720,184.3,18213,1324,IT,OC
2721,184.3,18214,2722,CS,MBC
2722,184.3,18216,1324,AD,OC
2723,184.3,18217,1304,BM,BC
2724,184.3,18218,2712,AU,OC
2725,184.3,18219,1321,PA,BC
2726,184.3,18221,2706,CS,BC
2727,184.3,18222,2719,EC,BC
2728,184.3,18223,2711,CD,BC
2729,184.3,18224,1230,CS,OC
2730,184.3,18225,1,XC,MBC
2731,184.3,18229,1516,CS,MBC
2732,184.3,18230,1210,CB,OC
2733,184.3,18231,1210,IT,BC
2734,184.3,18232,1120,CS,BC
2735,184.3,18233,2718,MZ,OC
2736,184.3,18234,2710,IT,OC
2737,184.3,18235,1321,MN,SC
2738,184.3,18236,1419,EC,BC
2739,184.3,18237,1128,CS,BC
2740,184.3,18238,2722,EC,BC
2741,184.3,18240,5008,IM,SC
2742,184.3,18241,4965,BM,OC
2743,184.3,18243,5910,CS,OC
2744,184.3,18244,5986,EC,OC
2745,184.3,18245,3011,IT,OC
2746,184.3,18246,2719,EC,BC
2747,184.3,18247,1419,IT,BCM
2748,184.3,18250,3803,CS,OC
2749,184.3,18251,2618,AD,OC
2750,184.3,18252,1128,CS,BC
2751,184.3,18254,1399,ME,BC
2752,184.3,18255,1120,CS,BC
2753,184.3,18256,2764,CS,BC
2754,184.3,18257,4962,IT,OC
2755,184.3,18258,2711,CD,BC
2756,184.3,18259,2,AP,BC
2757,184.3,18262,2706,EE,OC
2758,184.3,18263,1112,CB,OC
2759,184.3,18264,2615,EC,SC
2760,184.3,18265,2343,HT,OC
2761,184.3,18267,2615,CE,OC
2762,184.3,18268,2750,AG,OC
2763,184.3,18270,2709,EE,OC
2764,184.3,18271,5910,CS,OC
2765,184.3,18272,1112,EC,OC
2766,184.3,18276,2702,EE,OC
2767,184.3,18277,3021,CS,OC
2768,184.3,18278,2006,PR,SC
2769,184.3,18279,2,TX,MBC
2770,184.3,18280,4960,EC,BCM
2771,184.3,18285,3011,IT,OC
2772,184.3,18286,1128,CS,BC
2773,184.3,18287,2651,EC,OC
2774,184.3,18289,4,RP,MBC
2775,184.3,18290,2357,CS,OC
2776,184.3,18292,3795,CS,OC
2777,184.3,18293,2731,EC,OC
2778,184.3,18297,2722,EC,BC
2779,184.3,18300,1120,CS,BC
2780,184.3,18301,2722,EC,BC
2781,184.3,18302,1413,CS,OC
2782,184.3,18303,2615,CE,OC
2783,184.3,18304,2719,EC,BC
2784,184.3,18305,1304,EC,MBC
2785,184.3,18306,1414,CS,OC
2786,184.3,18308,1317,EC,MBC
2787,184.3,18309,1432,CB,BC
2788,184.3,18310,1321,PA,MBC
2789,184.3,18311,2608,EC,OC
2790,184.3,18313,2719,EC,BC
2791,184.3,18314,2607,CS,OC
2792,184.3,18315,1399,MZ,MBC
2793,184.3,18316,2005,CE,MBC
2794,184.3,18317,2719,EC,BC
2795,184.3,18318,2711,CS,MBC
2796,184.3,18323,3795,CS,OC
2797,184.3,18324,2622,ME,OC
2798,184.3,18326,1210,AD,OC
2799,184.3,18329,2620,EC,OC
2800,184.3,18330,2005,ME,MBC
2801,184.3,18331,1317,CH,OC
2802,184.3,18332,2005,CE,SC
2803,184.3,18333,1112,CB,OC
2804,184.3,18335,1422,CS,MBC
2805,184.3,18336,2712,EI,MBC
2806,184.3,18337,3011,CS,BCM
2807,184.3,18338,3011,PH,OC
2808,184.3,18340,1211,MZ,OC
2809,184.3,18341,4962,CS,MBC
2810,184.3,18342,1317,EC,MBC
2811,184.3,18343,2751,CS,OC
2812,184.3,18344,2719,EC,BC
2813,184.3,18345,1210,IT,BC
2814,184.3,18346,2750,BM,OC
2815,184.3,18348,2722,EC,BC
2816,184.3,18350,1211,EE,BC
2817,184.3,18351,1306,AE,OC
2818,184.3,18352,3011,CS,BC
2819,184.3,18353,1419,AD,MBC
2820,184.3,18354,2709,IT,SC
2821,184.3,18356,1210,CB,OC
2822,184.3,18357,1422,CS,BC
2823,184.3,18359,2739,CB,OC
2824,184.3,18360,2610,CS,OC
2825,184.3,18361,2719,CJ,OC
2826,184.3,18362,2642,EC,OC
2827,184.3,18364,2702,BM,OC
2828,184.3,18365,1304,AD,MBC
2829,184.3,18366,5901,EE,MBC
2830,184.3,18367,2615,MT,BC
2831,184.3,18368,1149,EC,OC
2832,184.2,18369,2739,EC,OC
2833,184.2,18372,1112,CS,MBC
2834,184.2,18373,5910,CS,OC
2835,184.2,18374,2739,CS,MBC
2836,184.2,18375,2608,EC,OC
2837,184.2,18376,1316,ME,OC
2838,184.2,18377,2656,EC,OC
2839,184.2,18378,2711,EI,OC
2840,184.2,18379,1399,ME,BC
2841,184.2,18381,1216,EC,OC
2842,184.2,18382,4020,EC,OC
2843,184.2,18383,1219,EE,BCM
2844,184.2,18384,5901,EE,MBC
2845,184.2,18385,1324,AD,OC
2846,184.2,18386,2025,EE,MBC
2847,184.2,18387,2702,CT,BC
2848,184.2,18388,2608,EC,OC
2849,184.2,18389,1149,CS,MBC
2850,184.2,18391,1149,CS,BC
2851,184.2,18392,2722,EC,BC
2852,184.2,18394,2764,CS,MBC
2853,184.2,18396,5986,EC,BC
2854,184.2,18397,1422,CS,BC
2855,184.2,18398,1120,CS,MBC
2856,184.2,18403,2708,BM,OC
2857,184.2,18404,2369,CS,OC
2858,184.2,18405,1211,CB,MBC
2859,184.2,18406,2618,CS,BC
2860,184.2,18408,2005,PR,MBC
2861,184.2,18409,1317,CE,OC
2862,184.2,18410,1211,CS,SC
2863,184.2,18411,1432,CO,BC
2864,184.2,18413,2718,ME,OC
2865,184.2,18414,2611,FD,OC
2866,184.2,18415,2710,CS,OC
2867,184.2,18416,3819,CS,BC
2868,184.2,18417,5,IT,OC
2869,184.2,18418,4974,EC,SC
2870,184.2,18420,1112,CB,OC
2871,184.2,18421,1432,AD,OC
2872,184.2,18423,1140,AD,OC
2873,184.2,18424,2607,CS,OC
2874,184.2,18425,2719,EC,BC
2875,184.2,18426,1324,AD,OC
2876,184.2,18428,2006,MT,BCM
2877,184.2,18429,2745,CS,OC
2878,184.2,18430,1112,CB,BC
2879,184.2,18436,2369,CS,OC
2880,184.2,18439,2721,CS,OC
2881,184.2,18443,1210,IT,MBC
2882,184.2,18444,2710,CS,OC
2883,184.2,18445,1422,CS,BC
2884,184.2,18446,2711,AL,BC
2885,184.2,18450,5910,EC,OC
2886,184.2,18451,2727,BT,OC
2887,184.2,18455,2739,ME,OC
2888,184.2,18457,1304,BM,BC
2889,184.2,18459,2723,CS,OC
2890,184.2,18460,2711,EE,OC
2891,184.2,18461,1113,EE,MBC
2892,184.2,18462,4960,CS,SC
2893,184.2,18463,2702,EE,BC
2894,184.2,18465,4678,ME,OC
2895,184.2,18466,5986,IT,BC
2896,184.2,18467,2369,CS,OC
2897,184.2,18468,2706,CS,BC
2898,184.2,18469,1,PT,SC
2899,184.2,18470,2709,EC,MBC
2900,184.2,18473,1211,RM,BCM
2901,184.2,18474,2618,IT,OC
2902,184.2,18476,2607,AD,OC
2903,184.2,18477,3465,EC,BC
2904,184.2,18479,4944,EC,OC
2905,184.2,18480,1113,EC,MBC
2906,184.2,18483,2739,CO,OC
2907,184.2,18485,2025,EE,BC
2908,184.2,18486,2702,CS,MBC
2909,184.2,18487,2622,CS,OC
2910,184.2,18488,2751,IT,OC
2911,184.2,18489,2706,CS,BC
2912,184.2,18490,4974,CE,OC
2913,184.2,18493,2719,EC,BC
2914,184.2,18495,1324,CS,BC
2915,184.2,18497,2615,ME,OC
2916,184.2,18498,3819,IT,OC
2917,184.2,18499,2007,EE,SC
2918,184.2,18500,2725,CS,OC
2919,184.2,18501,1432,EC,OC
2920,184.2,18502,2369,CS,BC
2921,184.2,18503,4929,CS,OC
2922,184.2,18504,2709,EC,MBC
2923,184.2,18505,1128,CS,BC
2924,184.2,18506,2725,CS,OC
2925,184.2,18507,5,CS,OC
2926,184.2,18508,4960,EE,OC
2927,184.2,18509,4971,CS,BC
2928,184.2,18510,2719,EC,BC
2929,184.2,18512,5910,CS,OC
2930,184.2,18514,2718,MZ,OC
2931,184.2,18516,2659,EC,OC
2932,184.2,18517,2702,CT,BC
2933,184.2,18518,2608,EC,OC
2934,184.2,18521,2702,CB,MBC
2935,184.2,18522,3011,IT,OC
2936,184.2,18524,2702,CT,BC
2937,184.2,18525,1450,EE,BC
2938,184.2,18526,2,TX,BC
2939,184.2,18527,2618,CS,BC
2940,184.2,18530,1211,BT,BC
2941,184.2,18531,2718,ME,OC
2942,184.2,18532,3011,EC,OC
2943,184.2,18536,2005,CE,BC
2944,184.2,18538,1321,PA,MBC
2945,184.2,18540,1211,EE,BC
2946,184.2,18541,2,CR,BC
2947,184.2,18543,1231,CS,OC
2948,184.2,18544,1304,EE,OC
2949,184.2,18545,1,PT,SC
2950,184.2,18546,2623,EC,OC
2951,184.2,18547,5008,ME,SC
2952,184.2,18548,1216,CS,BC
2953,184.2,18549,2711,IT,MBC
2954,184.2,18550,2702,CS,MBC
2955,184.2,18551,1216,BM,OC
2956,184.2,18552,2005,PR,BC
2957,184.2,18553,2711,EE,OC
2958,184.2,18554,1309,IT,BC
2959,184.2,18556,2711,CD,BC
2960,184.2,18557,1233,CS,OC
2961,184.2,18558,5901,EE,MBC
2962,184.2,18559,2006,BY,SC
2963,184.2,18560,4971,EC,OC
2964,184.2,18561,5,AM,OC
2965,184.2,18563,2722,EC,BC
2966,184.2,18564,2007,EY,SC
2967,184.2,18566,2702,EE,BC
2968,184.2,18567,2702,BT,BC
2969,184.2,18568,4967,EC,OC
2970,184.2,18569,2302,IT,OC
2971,184.2,18570,2621,MZ,OC
2972,184.2,18571,4965,CS,OC
2973,184.2,18573,2006,PN,MBC
2974,184.1,18574,1210,IT,BC
2975,184.1,18575,1316,MZ,OC
2976,184.1,18577,1432,AD,OC
2977,184.1,18578,1422,IT,OC
2978,184.1,18579,1419,EC,BC
2979,184.1,18580,2,LE,MBC
2980,184.1,18582,3819,CS,BC
2981,184.1,18583,2005,ME,MBC
2982,184.1,18584,2608,EC,OC
2983,184.1,18585,2726,AO,OC
2984,184.1,18586,1419,EC,BC
2985,184.1,18588,1219,CH,OC
2986,184.1,18591,1120,CS,BC
2987,184.1,18592,2715,BM,OC
2988,184.1,18594,2702,MC,OC
2989,184.1,18597,4965,EC,OC
2990,184.1,18599,3830,AD,OC
2991,184.1,18601,1316,IT,OC
2992,184.1,18602,5986,IT,BC
2993,184.1,18604,2719,EC,BC
2994,184.1,18606,4678,CS,BC
2995,184.1,18608,1317,EE,OC
2996,184.1,18609,1309,IT,SCA
2997,184.1,18610,1149,CS,BC
2998,184.1,18611,1399,ME,BC
2999,184.1,18612,1432,EC,OC
3000,184.1,18613,4974,CE,OC
3001,184.1,18614,1219,EE,MBC
3002,184.1,18615,1422,CS,BC
3003,184.1,18616,2025,EE,MBC
3004,184.1,18617,4965,EC,OC
3005,184.1,18618,1216,AD,OC
3006,184.1,18621,2719,EC,MBC
3007,184.1,18623,2764,EC,OC
3008,184.1,18624,4917,IT,OC
3009,184.1,18625,2623,CS,OC
3010,184.1,18627,1321,MN,BC
3011,184.1,18628,1316,EC,OC
3012,184.1,18629,1237,CS,OC
3013,184.1,18632,1399,AD,MBC
3014,184.1,18633,2718,ME,OC
3015,184.1,18634,5986,IT,BC
3016,184.1,18635,1216,EI,OC
3017,184.1,18637,3011,CS,MBC
3018,184.1,18638,1419,CJ,OC
3019,184.1,18639,1325,CS,OC
3020,184.1,18640,2005,PR,MBC
3021,184.1,18641,1210,IT,MBC
3022,184.1,18643,2726,BM,OC
3023,184.1,18645,4,RP,BCM
3024,184.1,18647,2722,EC,BC
3025,184.1,18648,4944,EE,OC
3026,184.1,18649,1324,IT,OC
3027,184.1,18651,1026,CS,MBC
3028,184.1,18653,2719,EC,BC
3029,184.1,18654,4023,CS,OC
3030,184.1,18655,2712,CE,OC
3031,184.1,18656,2735,AD,OC
3032,184.1,18657,2711,CS,MBC
3033,184.1,18660,5010,CS,OC
3034,184.1,18661,5901,CE,OC
3035,184.1,18662,2723,MD,OC
3036,184.1,18664,2607,CS,OC
3037,184.1,18666,1210,AD,BC
3038,184.1,18668,1211,AE,BCM
3039,184.1,18671,2702,EE,BC
3040,184.1,18673,2712,CE,OC
3041,184.1,18674,3819,CS,BC
3042,184.1,18675,1516,EC,OC
3043,184.1,18676,2739,EC,OC
3044,184.1,18677,2739,CB,OC
3045,184.1,18680,2719,CJ,OC
3046,184.1,18681,1419,CB,BCM
3047,184.1,18682,1112,CB,BC
3048,184.1,18683,5010,EC,OC
3049,184.1,18684,2727,CS,OC
3050,184.1,18686,4974,EE,BC
3051,184.1,18688,2618,CS,BC
3052,184.1,18690,2,CR,MBC
3053,184.1,18691,2708,FD,OC
3054,184.1,18693,2707,AD,OC
3055,184.1,18695,4971,CS,BC
3056,184.1,18697,1419,EC,BCM
3057,184.1,18699,3760,AD,OC
3058,184.1,18700,3803,IT,OC
3059,184.1,18701,1432,AD,OC
3060,184.1,18703,2741,CS,OC
3061,184.1,18704,3819,IT,OC
3062,184.1,18705,4959,BT,OC
3063,184.1,18708,2618,CS,BC
3064,184.1,18709,5910,CS,OC
3065,184.1,18711,4680,CS,OC
3066,184.1,18712,1219,CH,OC
3067,184.1,18713,4974,CE,OC
3068,184.1,18715,1324,IT,OC
3069,184.1,18716,1399,BM,MBC
3070,184.1,18717,1211,ME,OC
3071,184.1,18718,2719,CS,MBC
3072,184.1,18719,2719,BM,OC
3073,184.1,18720,2621,CS,OC
3074,184.1,18721,2706,IT,OC
3075,184.1,18722,4974,EE,BC
3076,184.1,18726,2711,IT,MBC
3077,184.1,18728,1419,EC,BCM
3078,184.1,18729,2735,AD,OC
3079,184.1,18730,2711,AL,BC
3080,184.1,18731,1211,EE,BC
3081,184.1,18735,3011,CS,BC
3082,184.1,18737,4971,EC,OC
3083,184.1,18739,2735,AD,OC
3084,184.1,18741,2735,IT,OC
3085,184.1,18742,2005,CE,BC
3086,184.1,18743,1,PT,SC
3087,184.1,18744,1122,CS,OC
3088,184.1,18745,4962,EC,OC
3089,184.1,18746,2618,EC,OC
3090,184.1,18747,1504,IT,OC
3091,184.1,18748,1504,BT,OC
3092,184.1,18750,4965,EC,OC
3093,184.1,18754,2709,EE,OC
3094,184.1,18756,1210,EC,OC
3095,184.1,18757,2704,CS,OC
3096,184.1,18758,2711,AL,BC
3097,184.1,18759,5986,EE,OC
3098,184.1,18760,2722,EC,MBC
3099,184.1,18761,1120,CS,BC
3100,184.0,18764,1219,CH,OC
3101,184.0,18766,1,XM,BC
3102,184.0,18768,4678,CS,MBC
3103,184.0,18769,1432,CB,BC
3104,184.0,18771,1422,CS,BC
3105,184.0,18775,2620,TS,OC
3106,184.0,18776,2722,EC,BC
3107,184.0,18778,1225,CS,OC
3108,184.0,18783,3011,CS,MBC
3109,184.0,18784,2739,EC,OC
3110,184.0,18785,2357,AG,OC
3111,184.0,18787,2711,EE,OC
3112,184.0,18789,5862,BM,OC
3113,184.0,18790,2615,EE,SC
3114,184.0,18792,3011,EE,OC
3115,184.0,18793,2603,EC,BC
3116,184.0,18794,4992,CS,OC
3117,184.0,18795,2722,EE,OC
3118,184.0,18796,2702,SE,BC
3119,184.0,18797,2,IB,SCA
3120,184.0,18798,1432,EC,OC
3121,184.0,18799,2710,TS,OC
3122,184.0,18801,3805,AD,OC
3123,184.0,18802,1324,IT,OC
3124,184.0,18805,1120,AD,OC
3125,184.0,18806,1211,ME,OC
3126,184.0,18809,3795,CS,OC
3127,184.0,18811,2609,AD,OC
3128,184.0,18812,2025,EE,BC
3129,184.0,18815,2709,EE,OC
3130,184.0,18817,3011,EC,OC
3131,184.0,18818,2610,EC,OC
3132,184.0,18820,2618,IT,OC
3133,184.0,18822,2608,IT,OC
3134,184.0,18823,2722,CS,MBC
3135,184.0,18824,4023,CS,OC
3136,184.0,18826,2603,EC,BC
3137,184.0,18827,5010,CS,OC
3138,184.0,18828,1219,CH,OC
3139,184.0,18829,2615,MT,BC
3140,184.0,18830,2719,EC,BC
3141,184.0,18831,1026,CS,MBC
3142,184.0,18833,2719,EC,BC
3143,184.0,18834,2764,CS,BC
3144,184.0,18835,1399,CS,SC
3145,184.0,18836,5901,EE,MBC
3146,184.0,18837,3011,CS,MBC
3147,184.0,18840,1216,IT,OC
3148,184.0,18841,2722,EC,BC
3149,184.0,18842,3465,EC,BC
3150,184.0,18843,4024,EE,OC
3151,184.0,18844,1112,EC,OC
3152,184.0,18844,2739,ME,OC
3153,184.0,18846,1399,EC,MBC
3154,184.0,18847,1013,IT,OC
3155,184.0,18848,2739,CB,OC
3156,184.0,18849,5008,EY,SC
3157,184.0,18850,5530,CS,OC
3158,184.0,18851,5910,CS,OC
3159,184.0,18852,4974,EE,BC
3160,184.0,18853,1,XM,BC
3161,184.0,18854,2722,EC,MBC
3162,184.0,18855,2722,EC,BC
3163,184.0,18856,2,LE,BC
3164,184.0,18857,2702,CS,BCM
3165,184.0,18858,2005,PR,BC
3166,178.0,18859,1112,AL,BC
3167,184.0,18860,1324,IT,OC
3168,184.0,18862,1311,AD,OC
3169,184.0,18865,2702,CT,BC
3170,184.0,18869,1113,CD,BC
3171,184.0,18870,4974,EC,MBC
3172,184.0,18871,2,TX,BC
3173,184.0,18872,2712,FT,OC
3174,184.0,18873,1324,AD,OC
3175,184.0,18874,2719,EC,BC
3176,184.0,18875,1324,IT,OC
3177,184.0,18876,1211,FD,BC
3178,184.0,18880,1315,BM,SC
3179,184.0,18883,2712,CE,OC
3180,184.0,18885,2704,IT,OC
3181,184.0,18888,1149,CS,BC
3182,184.0,18893,2702,BT,BC
3183,184.0,18895,3011,CS,BC
3184,184.0,18897,2719,EC,BC
3185,184.0,18898,1210,CS,MBC
3186,184.0,18900,5986,IT,BC
3187,184.0,18904,1304,EE,OC
3188,184.0,18905,2764,CS,BC
3189,184.0,18906,1219,EE,MBC
3190,184.0,18907,1304,EC,MBC
3191,184.0,18908,1116,CS,OC
3192,184.0,18909,2615,CE,OC
3193,184.0,18910,2,PP,SC
3194,184.0,18913,5008,IM,SC
3195,184.0,18916,2702,BM,OC
3196,184.0,18917,5008,IM,SC
3197,184.0,18918,1422,CS,SC
3198,184.0,18919,3805,AG,OC
3199,184.0,18922,1324,IT,OC
3200,184.0,18924,1118,CS,OC
3201,184.0,18927,1216,AL,OC
3202,184.0,18928,3830,AD,OC
3203,184.0,18929,1112,CS,MBC
3204,184.0,18933,2718,AD,SC
3205,184.0,18936,1432,AD,OC
3206,184.0,18937,2712,IT,SC
3207,184.0,18938,2704,CS,OC
3208,184.0,18939,1422,EC,OC
3209,184.0,18940,1112,CB,BC
3210,184.0,18943,1219,ME,OC
3211,184.0,18945,2710,CS,OC
3212,184.0,18947,2706,AD,OC
3213,184.0,18949,1422,IT,OC
3214,184.0,18950,5010,EC,OC
3215,184.0,18953,2006,BS,SC
3216,184.0,18955,2719,EC,BC
3217,184.0,18956,2005,IB,BCM
3218,184.0,18957,1321,PA,BC
3219,184.0,18960,2702,BT,MBC
3220,184.0,18962,1321,PA,BC
3221,184.0,18967,2622,CH,OC
3222,184.0,18968,1422,CS,BC
3223,184.0,18969,1210,CB,OC
3224,184.0,18970,1304,BM,MBC
3225,184.0,18971,2,TX,MBC
3226,184.0,18972,1113,EE,BC
3227,184.0,18973,2006,BS,SC
3228,184.0,18980,2702,SE,BC
3229,184.0,18985,4960,EC,MBC
3230,184.0,18987,2723,MD,OC
3231,184.0,18988,1211,BT,BC
3232,184.0,18991,1324,CS,BC
3233,184.0,18993,4020,GI,OC
3234,184.0,18995,1211,ME,OC
3235,184.0,18999,3701,AL,OC
3236,184.0,19002,1211,BT,BC
3237,184.0,19003,1115,CS,OC
3238,184.0,19004,2718,ME,OC
3239,184.0,19005,2719,AD,BCM
3240,184.0,19006,2706,AD,OC
3241,184.0,19007,1210,CS,MBC
3242,184.0,19011,1113,CD,BC
3243,184.0,19012,1210,CB,OC
3244,184.0,19013,2005,IB,MBC
3245,184.0,19015,1304,RM,OC
3246,184.0,19016,1450,ME,OC
3247,184.0,19018,1309,IT,BC
3248,184.0,19020,5910,CS,OC
3249,184.0,19025,3465,CS,SC
3250,184.0,19027,2618,IT,OC
3251,184.0,19028,2369,CS,BC
3252,184.0,19030,1118,CS,OC
3253,184.0,19031,2722,EC,BC
3254,184.0,19032,2706,IT,OC
3255,184.0,19033,1399,ME,BC
3256,184.0,19034,3803,CS,OC
3257,184.0,19037,2702,FD,OC
3258,184.0,19049,2618,CS,BC
3259,184.0,19050,1304,BM,BC
3260,184.0,19051,4974,CS,MBC
3261,184.0,19053,1432,EC,OC
3262,184.0,19055,2005,PR,SC
3263,184.0,19057,1324,CS,MBC
3264,184.0,19058,2006,BS,SC
3265,184.0,19059,1128,CS,BC
3266,184.0,19060,1419,EC,MBC
3267,184.0,19061,1113,CD,BC
3268,184.0,19062,1219,ME,OC
3269,184.0,19063,2719,ME,OC
3270,184.0,19069,1321,PA,BC
3271,184.0,19070,2025,ME,OC
3272,184.0,19071,1304,CS,SC
3273,184.0,19072,1304,CE,OC
3274,184.0,19073,1219,EE,BCM
3275,184.0,19074,1317,AD,BCM
3276,184.0,19075,1112,EC,OC
3277,184.0,19078,2764,EC,OC
3278,184.0,19084,2710,CS,OC
3279,184.0,19085,2719,EC,BC
3280,184.0,19086,2711,CS,MBC
3281,184.0,19087,2603,EC,BC
3282,184.0,19088,2722,EC,BC
3283,184.0,19089,2702,SE,BC
3284,184.0,19090,1516,EC,OC
3285,184.0,19091,1,XC,BC
3286,184.0,19092,1324,IT,BC
3287,184.0,19093,1432,AD,OC
3288,184.0,19094,5910,CS,OC
3289,184.0,19096,5910,IT,OC
3290,184.0,19097,1412,EC,OC
3291,184.0,19098,5910,CS,OC
3292,184.0,19099,4974,EC,MBC
3293,184.0,19101,2653,IT,OC
3294,184.0,19103,2610,ME,OC
3295,184.0,19104,2615,CE,OC
3296,184.0,19105,5915,CS,OC
3297,184.0,19106,1321,PA,BC
3298,184.0,19107,2722,EC,BC
3299,184.0,19108,1219,CH,OC
3300,184.0,19110,2712,AU,OC
3301,184.0,19113,5008,IM,SC
3302,184.0,19114,5010,CS,BC
3303,184.0,19115,5910,CS,OC
3304,184.0,19116,2603,EE,OC
3305,184.0,19117,4974,CE,OC
3306,184.0,19118,1231,CS,OC
3307,184.0,19119,2603,EC,MBC
3308,184.0,19121,2711,EE,OC
3309,184.0,19122,1113,CD,MBC
3310,184.0,19124,1324,IT,BC
3311,184.0,19125,2725,CS,OC
3312,184.0,19126,1211,AE,BC
3313,184.0,19128,3011,CS,BC
3314,184.0,19133,2712,CE,OC
3315,184.0,19134,1013,IT,OC
3316,184.0,19138,1128,CS,BC
3317,184.0,19142,2718,ME,OC
3318,184.0,19143,2608,CB,OC
3319,184.0,19146,4962,CS,MBC
3320,184.0,19147,1516,EC,OC
3321,184.0,19148,4962,CS,MBC
3322,184.0,19150,1311,AO,OC
3323,184.0,19151,3465,ME,OC
3324,184.0,19153,3011,EC,OC
3325,184.0,19154,1210,EC,OC
3326,184.0,19156,5910,CS,OC
3327,184.0,19158,2620,CS,OC
3328,184.0,19160,4974,EE,BC
3329,184.0,19161,4020,CS,OC
3330,184.0,19162,1211,RM,MBC
3331,184.0,19163,2608,CS,OC
3332,184.0,19166,1128,CS,BC
3333,184.0,19167,1324,IT,BC
3334,184.0,19168,2706,IT,OC
3335,184.0,19170,2610,CS,OC
3336,184.0,19171,1316,EE,OC
3337,184.0,19172,1419,CB,MBC
3338,184.0,19173,4971,CS,MBC
3339,184.0,19174,2725,IT,OC
3340,184.0,19175,1422,CY,OC
3341,184.0,19177,4974,EC,MBC
3342,184.0,19178,2622,IT,OC
3343,184.0,19180,1399,ME,BC
3344,184.0,19181,3819,CS,BC
3345,184.0,19183,1419,EE,OC
3346,184.0,19184,1216,CS,BC
3347,184.0,19186,5901,EE,SC
3348,184.0,19187,2005,PR,MBC
3349,184.0,19188,2739,AD,BC
3350,184.0,19189,4971,CS,BC
3351,184.0,19190,1324,AD,OC
3352,184.0,19191,1216,IT,OC
3353,184.0,19192,2750,BT,OC
3354,184.0,19193,1211,RM,BC
3355,183.9,19196,1112,EC,OC
3356,183.9,19197,2006,ME,SCA
3357,183.9,19198,1233,AD,OC
3358,183.9,19199,2710,CS,OC
3359,183.9,19200,1304,IT,MBC
3360,183.9,19203,1422,IT,OC
3361,183.9,19204,1112,AL,BC
3362,183.9,19205,1306,CS,OC
3363,183.9,19206,2653,CS,OC
3364,183.9,19208,2719,EC,BC
3365,183.9,19209,1211,EC,SC
3366,183.9,19213,2007,EY,SC
3367,183.9,19214,1120,CS,BC
3368,183.9,19215,1216,CS,BC
3369,183.9,19216,2618,EE,OC
3370,183.9,19217,2618,AD,OC
3371,183.9,19219,2369,CS,BC
3372,183.9,19222,2025,EE,SC
3373,183.9,19223,3011,CS,SC
3374,183.9,19224,1113,AD,MBC
3375,183.9,19225,2740,CS,OC
3376,183.9,19226,2739,EC,OC
3377,183.9,19227,1113,EC,BCM
3378,183.9,19229,1211,EE,MBC
3379,183.9,19230,1450,IT,SC
3380,183.9,19231,1321,PA,BCM
3381,183.9,19232,2722,EC,BC
3382,183.9,19233,1424,AD,OC
3383,183.9,19234,2740,IT,OC
3384,183.9,19235,1128,CS,BC
3385,183.9,19238,1210,AD,BC
3386,183.9,19239,4680,EE,OC
3387,183.9,19241,1422,CY,OC
3388,183.9,19242,2702,EE,MBC
3389,183.9,19244,2005,IB,MBC
3390,183.9,19245,2622,CS,OC
3391,183.9,19246,1210,IT,BCM
3392,183.9,19247,2329,IT,OC
3393,183.9,19248,5008,CW,SC
3394,183.9,19249,1309,IT,BC
3395,183.9,19250,4962,CS,BC
3396,183.9,19251,2745,AD,OC
3397,183.9,19252,2736,CS,OC
3398,183.9,19255,1219,CS,SC
3399,183.9,19256,1399,BM,BCM
3400,183.9,19258,2608,EC,OC
3401,183.9,19259,1311,CS,OC
3402,183.9,19260,5901,CE,OC
3403,183.9,19263,2702,BM,OC
3404,183.9,19264,3464,CS,OC
3405,183.9,19265,2735,IT,OC
3406,183.9,19266,1112,EC,OC
3407,183.9,19268,2711,EE,OC
3408,183.9,19269,4974,EE,BC
3409,183.9,19270,3011,IT,OC
3410,183.9,19271,2764,EE,OC
3411,183.9,19273,1149,CS,MBC
3412,183.9,19274,2615,CE,OC
3413,183.9,19276,2349,CS,OC
3414,183.9,19277,1233,CS,OC
3415,183.9,19278,1149,EC,OC
3416,183.9,19280,1516,EC,OC
3417,183.9,19281,1324,IT,BC
3418,183.9,19282,2641,EC,OC
3419,183.9,19283,1399,AD,MBC
3420,183.9,19286,2725,IT,OC
3421,183.9,19289,2723,IT,OC
3422,183.9,19290,2702,SE,BC
3423,183.9,19293,2710,CS,OC
3424,183.9,19294,2653,EC,OC
3425,183.9,19295,1412,CS,OC
3426,183.9,19296,2722,EC,BC
3427,183.9,19297,2711,EI,OC
3428,183.9,19298,2,LE,BC
3429,183.9,19299,2369,EE,OC
3430,183.9,19300,2710,CS,OC
3431,183.9,19301,2719,RM,OC
3432,183.9,19302,2739,AD,BC
3433,183.9,19303,2006,AS,MBC
3434,183.9,19304,2719,CJ,OC
3435,183.9,19308,1015,CS,OC
3436,183.9,19311,3011,CS,BC
3437,183.9,19312,3826,EC,OC
3438,183.9,19313,5010,CS,BC
3439,183.9,19315,3843,EC,OC
3440,183.9,19316,2722,EC,BC
3441,183.9,19317,2708,AL,OC
3442,183.9,19318,5986,EC,BC
3443,183.9,19319,1120,CS,BC
3444,183.9,19321,2719,EC,BC
3445,183.9,19322,2707,AD,OC
3446,183.9,19323,4974,EE,BC
3447,183.9,19325,2719,EC,BC
3448,183.9,19326,1211,CH,OC
3449,183.9,19327,1149,CS,BC
3450,183.9,19329,2007,CE,SC
3451,183.9,19330,2718,MZ,OC
3452,183.9,19332,2711,MZ,OC
3453,183.9,19333,2601,CS,OC
3454,183.9,19334,2710,CS,OC
3455,183.9,19335,1422,IT,OC
3456,183.9,19336,1128,CS,BC
3457,183.9,19337,2739,CS,MBC
3458,183.9,19339,2603,EC,MBC
3459,183.9,19340,2702,AD,BCM
3460,183.9,19341,2006,MF,SC
3461,183.9,19342,2357,EE,OC
3462,183.9,19343,1211,CS,SC
3463,183.9,19344,2025,EE,BC
3464,183.9,19345,2764,CS,BC
3465,183.9,19347,2603,EC,MBC
3466,183.9,19348,1231,IT,OC
3467,183.9,19349,2710,CS,OC
3468,183.9,19350,2622,CS,OC
3469,183.9,19351,2005,CE,SC
3470,183.9,19352,1149,CS,BC
3471,183.9,19354,2751,CS,OC
3472,183.9,19356,2710,CS,OC
3473,183.8,19357,2719,BM,OC
3474,183.8,19358,1321,PA,MBC
3475,183.8,19359,4023,IT,OC
3476,183.8,19360,4024,EC,OC
3477,183.8,19361,3011,CS,MBC
3478,183.8,19362,4960,EE,OC
3479,183.8,19363,2739,EC,OC
3480,183.8,19364,1321,PA,BC
3481,183.8,19365,1113,AD,MBC
3482,183.8,19366,4960,BM,OC
3483,183.8,19367,1216,IT,OC
3484,183.8,19368,2328,EC,OC
3485,183.8,19370,1450,ME,OC
3486,183.8,19371,2712,CS,SC
3487,183.8,19372,5910,IT,OC
3488,183.8,19373,4974,EE,MBC
3489,183.8,19374,4960,BM,OC
3490,183.8,19377,1419,CJ,OC
3491,183.8,19378,2719,EC,BC
3492,183.8,19379,2710,SC,OC
3493,183.8,19380,2711,CD,BC
3494,183.8,19381,2,CR,MBC
3495,183.8,19382,2718,MZ,OC
3496,183.8,19383,2357,AG,OC
3497,183.8,19385,2725,CS,OC
3498,183.8,19387,2601,CS,OC
3499,183.8,19388,2722,EC,BC
3500,183.8,19389,2639,CS,OC
3501,183.8,19390,2719,CJ,OC
3502,183.8,19392,5008,IM,SC
3503,183.8,19394,4960,EE,OC
3504,183.8,19395,2,CR,MBC
3505,183.8,19396,5010,EC,OC
3506,183.8,19398,2739,EC,OC
3507,183.8,19399,5009,CS,OC
3508,183.8,19400,2025,EE,BC
3509,183.8,19404,2712,FT,OC
3510,183.8,19406,1210,CS,MBC
3511,183.8,19409,1422,CS,MBC
3512,183.8,19410,1112,CS,MBC
3513,183.8,19414,1516,CS,MBC
3514,183.8,19416,3011,CS,BC
3515,183.8,19418,2025,EC,MBC
3516,183.8,19419,1432,CO,BC
3517,183.8,19420,2702,FT,OC
3518,183.8,19421,1419,EE,OC
3519,183.8,19422,3803,CH,OC
3520,183.8,19423,2653,CS,OC
3521,183.8,19425,5010,CS,BC
3522,183.8,19426,1112,EC,OC
3523,183.8,19427,1432,AD,OC
3524,183.8,19428,5865,ME,OC
3525,183.8,19429,2712,TX,OC
3526,183.8,19430,1219,CS,SC
3527,183.8,19431,2005,EI,SC
3528,183.8,19432,5008,ME,SC
3529,183.8,19433,5910,CS,OC
3530,183.8,19434,1122,EC,OC
3531,183.8,19436,4959,CS,OC
3532,183.8,19437,2723,IT,OC
3533,183.8,19438,5532,CS,OC
3534,183.8,19439,2764,AD,OC
3535,183.8,19440,2005,EE,SCA
3536,183.8,19441,5901,CS,SC
3537,183.8,19442,2706,IT,OC
3538,183.8,19443,3465,EC,MBC
3539,183.8,19444,2764,CS,BC
3540,183.8,19445,3830,CS,OC
3541,183.8,19447,2615,MT,MBC
3542,183.8,19448,2718,ME,OC
3543,183.8,19449,2722,EC,BC
3544,183.8,19450,1399,ME,BC
3545,183.8,19451,2715,IT,OC
3546,183.8,19452,4917,EC,OC
3547,183.8,19453,1432,CO,MBC
3548,183.8,19455,1307,BM,OC
3549,183.8,19457,2603,EE,OC
3550,183.8,19459,1422,IT,BC
3551,183.8,19460,1419,AD,MBC
3552,183.8,19461,2640,AD,OC
3553,183.8,19462,4023,CS,OC
3554,183.8,19463,1321,MN,MBC
3555,183.8,19466,1149,EC,OC
3556,183.8,19467,4023,CS,OC
3557,183.8,19468,5910,CS,OC
3558,183.8,19473,1422,IT,BC
3559,183.8,19475,1432,CS,MBC
3560,183.8,19476,1210,CO,OC
3561,183.8,19477,2764,CS,BC
3562,183.8,19478,2006,IM,SCA
3563,183.8,19479,3011,CS,BC
3564,183.8,19480,2702,EE,MBC
3565,183.8,19481,2615,ME,OC
3566,183.8,19482,1419,CJ,OC
3567,183.8,19486,1309,EC,OC
3568,183.8,19487,2006,MS,MBC
3569,183.8,19488,5703,IT,OC
3570,183.8,19489,5,AM,OC
3571,183.8,19490,4959,CS,OC
3572,183.8,19492,2005,CE,BCM
3573,183.8,19496,2740,AD,OC
3574,183.8,19497,2643,CS,OC
3575,183.8,19498,5901,EE,BCM
3576,183.8,19499,1516,EC,OC
3577,183.8,19500,3011,CS,MBC
3578,183.8,19501,1304,RM,OC
3579,183.8,19502,2764,EC,OC
3580,183.8,19504,1210,CS,MBC
3581,183.8,19505,5010,CS,BC
3582,183.8,19507,2739,CB,OC
3583,183.8,19508,4678,EE,OC
3584,183.8,19509,2750,BT,OC
3585,183.8,19510,2711,EE,OC
3586,183.8,19511,1113,EC,MBC
3587,183.8,19512,1304,CS,SC
3588,183.8,19514,2005,ME,BCM
3589,183.8,19517,2702,BT,BC
3590,183.7,19518,4959,MZ,OC
3591,183.7,19520,2719,CJ,OC
3592,183.7,19521,1140,CS,OC
3593,183.7,19522,4678,ME,OC
3594,183.7,19523,1450,ME,OC
3595,183.7,19525,2702,IT,MBC
3596,183.7,19526,2710,IT,OC
3597,183.7,19527,2005,IB,SC
3598,183.7,19528,2,LE,BC
3599,183.7,19529,1422,AD,MBC
3600,183.7,19530,1113,EC,MBC
3601,183.7,19531,1419,EC,MBC
3602,183.7,19533,2621,IT,OC
3603,183.7,19534,3011,BT,BC
3604,183.7,19535,2006,MT,MBC
3605,183.7,19536,2764,AD,OC
3606,183.7,19537,2702,SE,BC
3607,183.7,19538,2005,IB,BCM
3608,183.7,19539,2710,AD,OC
3609,183.7,19540,2608,EC,OC
3610,183.7,19541,2719,EE,OC
3611,183.7,19542,2603,EC,BC
3612,183.7,19543,1128,AD,OC
3613,183.7,19545,2702,CS,SC
3614,183.7,19546,4678,CS,MBC
3615,183.7,19547,2025,EE,BC
3616,183.7,19548,5009,CS,OC
3617,183.7,19551,4949,IN,OC
3618,183.7,19552,1210,EC,OC
3619,183.7,19553,1422,EC,OC
3620,183.7,19554,2006,ME,SCA
3621,183.7,19555,5901,CE,OC
3622,183.7,19556,1422,IT,BC
3623,183.7,19557,4020,CS,OC
3624,183.7,19558,3011,IT,OC
3625,183.7,19560,2727,FD,OC
3626,183.7,19561,2613,IT,OC
3627,183.7,19562,5009,CS,OC
3628,183.7,19565,2722,CS,MBC
3629,183.7,19566,3011,IT,OC
3630,183.7,19567,1324,IT,BC
3631,183.7,19570,2718,ME,OC
3632,183.7,19571,2702,EE,BC
3633,183.7,19572,2005,CE,MBC
3634,183.7,19573,2369,CS,MBC
3635,183.7,19575,4974,CE,OC
3636,183.7,19576,2711,CD,MBC
3637,183.7,19577,2643,CS,OC
3638,183.7,19578,1422,IT,BC
3639,183.7,19579,2702,FD,OC
3640,183.7,19582,1325,IT,OC
3641,183.7,19583,5986,EC,BC
3642,183.7,19584,2712,CE,OC
3643,183.7,19585,2615,ME,OC
3644,183.7,19586,1233,AD,OC
3645,183.7,19587,5986,CS,MBC
3646,183.7,19588,2751,CB,OC
3647,183.7,19590,2702,EC,MBC
3648,183.7,19591,2706,CS,MBC
3649,183.7,19592,5986,IT,MBC
3650,183.7,19593,2712,ME,MBC
3651,183.7,19596,4680,CS,OC
3652,183.7,19597,2,TX,MBC
3653,183.7,19599,2711,EE,OC
3654,183.7,19600,2622,CH,OC
3655,183.7,19603,1118,IT,OC
3656,183.7,19605,5010,CS,MBC
3657,183.7,19607,4023,CS,OC
3658,183.7,19608,4023,EC,OC
3659,183.7,19611,2702,EI,OC
3660,183.7,19613,5910,IT,OC
3661,183.7,19614,1304,AD,MBC
3662,183.7,19615,3464,CS,OC
3663,183.7,19617,2005,IB,SC
3664,183.7,19618,1026,CS,BC
3665,183.7,19619,1309,CS,SC
3666,183.7,19621,1324,IT,BC
3667,183.7,19622,2711,CD,BC
3668,183.7,19623,2702,SE,BC
3669,183.7,19624,1431,CS,OC
3670,183.7,19625,2702,BT,BC
3671,183.7,19626,2719,EC,BC
3672,183.7,19627,3011,IT,OC
3673,183.7,19631,3011,CS,BCM
3674,183.7,19634,4962,IT,OC
3675,183.7,19635,4944,CE,OC
3676,183.7,19636,4974,EC,MBC
3677,183.7,19637,4960,IT,MBC
3678,183.7,19638,2722,EC,BC
3679,183.7,19639,1116,CS,OC
3680,183.7,19641,2622,CH,OC
3681,183.7,19642,2712,CE,OC
3682,183.7,19643,2651,EE,OC
3683,183.7,19645,1210,EC,OC
3684,183.7,19646,2622,IT,OC
3685,183.7,19647,3826,CE,OC
3686,183.7,19648,2702,EE,BC
3687,183.7,19651,2615,CE,OC
3688,183.7,19652,1422,CY,OC
3689,183.7,19653,1399,AD,SC
3690,183.7,19654,2615,ME,OC
3691,183.7,19655,5986,EC,BC
3692,183.7,19656,3465,EC,BC
3693,183.7,19658,4974,CE,OC
3694,183.7,19659,2739,AD,BC
3695,183.7,19660,1516,ME,OC
3696,183.7,19661,2,CR,BC
3697,183.7,19665,1324,IT,BC
3698,183.7,19666,2735,AD,OC
3699,183.7,19667,1419,ME,OC
3700,183.7,19668,1,MI,SC
3701,183.7,19669,1432,EC,OC
3702,183.6,19670,2618,CS,BC
3703,183.6,19671,1211,AE,MBC
3704,183.6,19672,1304,BM,BC
3705,183.6,19673,1211,RM,BC
3706,183.6,19674,2025,EE,BC
3707,183.6,19675,2,TX,MBC
3708,183.6,19676,2712,CE,OC
3709,183.6,19677,1412,EE,OC
3710,183.6,19680,1399,ME,BC
3711,183.6,19681,1211,AE,BC
3712,183.6,19682,1309,IT,BC
3713,183.6,19683,2006,AS,MBC
3714,183.6,19684,5986,EC,BC
3715,183.6,19685,3454,AG,OC
3716,183.6,19686,2702,IT,MBC
3717,183.6,19688,2618,CS,BC
3718,183.6,19689,2725,CS,OC
3719,183.6,19690,3464,CS,OC
3720,183.6,19691,1210,CB,OC
3721,183.6,19693,1219,CH,OC
3722,183.6,19695,2615,ME,OC
3723,183.6,19696,2656,CS,OC
3724,183.6,19697,1422,EC,OC
3725,183.6,19699,2712,CE,OC
3726,183.6,19700,2715,EC,OC
3727,183.6,19701,1219,ME,OC
3728,183.6,19702,2722,IC,OC
3729,183.6,19703,2710,EC,OC
3730,183.6,19704,3011,IT,OC
3731,183.6,19705,1419,CJ,OC
3732,183.6,19706,2618,CS,BC
3733,183.6,19707,2710,AD,OC
3734,183.6,19708,1120,CS,BC
3735,183.6,19709,1216,CS,BC
3736,183.6,19710,2711,EE,OC
3737,183.6,19711,1216,BM,BC
3738,183.6,19712,1211,RM,BC
3739,183.6,19713,4962,IT,OC
3740,183.6,19714,1211,ME,OC
3741,183.6,19717,3464,CS,OC
3742,183.6,19718,2642,IT,OC
3743,183.6,19719,2706,CS,BC
3744,183.6,19720,1118,CS,OC
3745,183.6,19721,1210,IT,BC
3746,183.6,19723,2712,TX,OC
3747,183.6,19725,2618,CS,BC
3748,183.6,19726,1014,CS,OC
3749,183.6,19727,2007,CE,SC
3750,183.6,19728,1324,IT,BC
3751,183.6,19729,3019,CS,OC
3752,183.6,19730,4020,CS,OC
3753,183.6,19731,1211,EE,BC
3754,183.6,19732,2719,EC,BC
3755,183.6,19733,1324,EC,OC
3756,183.6,19735,2702,BT,BC
3757,183.6,19736,2735,CS,OC
3758,183.6,19739,5986,EC,BC
3759,183.6,19740,4917,IT,OC
3760,183.6,19741,2603,EE,OC
3761,183.6,19743,5,IT,OC
3762,183.6,19744,2357,AD,OC
3763,183.6,19745,4670,AG,OC
3764,183.6,19746,2740,AD,OC
3765,183.6,19747,2618,CS,MBC
3766,183.6,19748,2347,AG,OC
3767,183.6,19749,2726,AO,OC
3768,183.6,19750,2702,BT,MBC
3769,183.6,19751,1432,CB,BC
3770,183.6,19752,2712,CE,OC
3771,183.6,19753,1216,AD,OC
3772,183.6,19755,4917,BM,OC
3773,183.6,19756,1422,EC,OC
3774,183.6,19757,1,XM,BC
3775,183.6,19760,2702,EE,BC
3776,183.6,19761,2709,EE,OC
3777,183.6,19762,1422,IT,BC
3778,183.6,19763,5901,ME,OC
3779,183.6,19764,4960,EC,MBC
3780,183.6,19765,1210,CS,MBC
3781,183.6,19766,1210,EC,OC
3782,183.6,19767,2618,CS,BC
3783,183.6,19768,3465,EC,BC
3784,183.6,19769,1210,AD,BC
3785,183.6,19770,3011,IT,OC
3786,183.6,19771,2345,CS,OC
3787,183.6,19773,4960,BM,OC
3788,183.6,19774,1309,EC,OC
3789,183.6,19775,2739,IT,MBC
3790,183.6,19776,3011,PH,OC
3791,183.6,19777,3819,CS,BC
3792,183.6,19778,4931,CS,OC
3793,183.6,19780,1216,CS,BC
3794,183.6,19781,3819,CS,BC
3795,183.6,19784,2734,CS,OC
3796,183.6,19785,1309,EC,OC
3797,183.6,19786,2722,EC,BC
3798,183.6,19788,2706,IT,OC
3799,183.6,19789,1,XM,BC
3800,183.6,19791,3011,PH,OC
3801,183.6,19792,1122,CS,OC
3802,183.6,19794,2007,MF,MBC
3803,183.6,19795,2702,AE,OC
3804,183.6,19796,2718,ME,OC
3805,183.6,19798,2739,AD,BC
3806,183.6,19799,2739,EC,OC
3807,183.6,19800,1432,CS,BCM
3808,183.6,19801,2709,IT,BCM
3809,183.6,19802,1399,ME,BC
3810,183.6,19803,2719,CS,MBC
3811,183.6,19804,2709,EC,MBC
3812,183.6,19805,2006,AS,MBC
3813,183.6,19807,1118,AD,OC
3814,183.6,19808,4960,AD,MBC
3815,183.6,19809,1211,EE,MBC
3816,183.6,19810,4962,EC,OC
3817,183.6,19811,2739,EC,OC
3818,183.6,19812,1210,CS,MBC
3819,183.6,19814,1120,CS,BC
3820,183.6,19815,2608,CS,BC
3821,183.6,19817,1122,IT,OC
3822,183.6,19819,3465,EC,BC
3823,183.6,19821,1424,AD,OC
3824,183.6,19822,2736,BM,OC
3825,183.6,19823,2615,ME,OC
3826,183.6,19824,1210,EC,OC
3827,183.6,19826,2006,BY,SC
3828,183.6,19827,2706,CS,BC
3829,183.6,19828,1419,CB,MBC
3830,183.6,19829,2725,CS,OC
3831,183.6,19830,1419,EE,OC
3832,183.6,19832,2710,IT,OC
3833,183.6,19833,5,EC,OC
3834,183.6,19836,1321,PA,BC
3835,183.6,19837,1324,EC,OC
3836,183.6,19838,4962,CS,BC
3837,183.6,19840,1321,PA,MBC
3838,183.6,19841,2702,ME,OC
3839,183.6,19842,2719,EC,BC
3840,183.6,19845,2710,CS,OC
3841,183.6,19846,1026,CS,MBC
3842,183.6,19847,1211,AE,BC
3843,183.6,19849,4974,ME,OC
3844,183.6,19850,2702,EE,BC
3845,183.6,19851,2718,EE,MBC
3846,183.6,19852,3011,CS,BC
3847,183.6,19854,5904,IT,OC
3848,183.5,19855,2739,EC,OC
3849,183.5,19856,1118,IT,OC
3850,183.5,19857,5008,CE,SC
3851,183.5,19858,1432,EC,OC
3852,183.5,19859,4971,CS,BCM
3853,183.5,19860,1216,BM,MBC
3854,183.5,19861,4974,EC,MBC
3855,183.5,19862,3803,CS,OC
3856,183.5,19863,2007,CN,MBC
3857,183.5,19864,1432,CS,MBC
3858,183.5,19866,1304,EC,MBC
3859,183.5,19867,1120,CS,BC
3860,183.5,19868,2618,CS,BC
3861,183.5,19869,3465,EC,MBC
3862,183.5,19870,1309,AD,OC
3863,183.5,19873,1324,EC,OC
3864,183.5,19874,2615,CE,OC
3865,183.5,19876,1324,AD,OC
3866,183.5,19877,2603,EC,MBC
3867,183.5,19878,1,XM,MBC
3868,183.5,19880,2710,IT,OC
3869,183.5,19883,5022,CS,OC
3870,183.5,19884,2,LE,MBC
3871,183.5,19886,2704,IT,OC
3872,183.5,19888,1211,CB,MBC
3873,183.5,19891,4959,CS,OC
3874,183.5,19892,2711,EE,OC
3875,183.5,19893,2739,AD,BC
3876,183.5,19895,1324,AD,OC
3877,183.5,19897,1211,EE,MBC
3878,183.5,19898,1241,CS,OC
3879,183.5,19900,1219,ME,OC
3880,183.5,19901,2709,EE,OC
3881,183.5,19902,2739,AD,BC
3882,183.5,19903,5530,EC,OC
3883,183.5,19904,2618,IT,OC
3884,183.5,19905,2739,CB,OC
3885,183.5,19906,2,LE,BC
3886,183.5,19907,2719,EI,OC
3887,183.5,19908,2718,ME,OC
3888,183.5,19909,2618,CS,BC
3889,183.5,19910,1126,BM,OC
3890,183.5,19911,1317,EE,OC
3891,183.5,19912,4023,CS,OC
3892,183.5,19914,2764,CS,BC
3893,183.5,19915,1210,IT,BC
3894,183.5,19916,4992,EC,OC
3895,183.5,19917,1303,BT,OC
3896,183.5,19920,2708,AG,OC
3897,183.5,19921,1516,EC,OC
3898,183.5,19922,2710,CS,BC
3899,183.5,19924,1324,IT,BC
3900,183.5,19926,2722,EC,BC
3901,183.5,19927,2718,CJ,MBC
3902,183.5,19929,1113,CS,SC
3903,183.5,19931,1516,EC,OC
3904,183.5,19934,2727,CS,OC
3905,183.5,19935,2005,IB,MBC
3906,183.5,19936,2719,EE,OC
3907,183.5,19937,2718,MZ,OC
3908,183.5,19938,2739,EC,OC
3909,183.5,19939,1432,CB,BC
3910,183.5,19941,2615,ME,OC
3911,183.5,19943,1112,EC,OC
3912,183.5,19945,3011,EC,OC
3913,183.5,19947,1324,AD,BC
3914,183.5,19949,2005,CE,SC
3915,183.5,19950,1309,CS,MBC
3916,183.5,19951,2711,EE,OC
3917,183.5,19953,2711,CS,BCM
3918,183.5,19957,2025,EE,BC
3919,183.5,19957,1113,ME,OC
3920,183.5,19959,5,AM,OC
3921,183.5,19962,2751,CS,OC
3922,183.5,19963,2722,EC,BC
3923,183.5,19967,2712,CE,BC
3924,183.5,19968,2704,CS,OC
3925,183.5,19972,5986,EC,BC
3926,183.5,19974,2739,CO,OC
3927,183.5,19975,1120,CS,MBC
3928,183.5,19977,1422,EC,OC
3929,183.5,19978,2025,EE,BC
3930,183.5,19981,1,XM,BC
3931,183.5,19986,3819,CS,BC
3932,183.5,19988,1304,EE,OC
3933,183.5,19990,5,CS,BC
3934,183.5,19992,2,CR,BCM
3935,183.5,19994,2006,MT,SC
3936,183.5,19997,1399,ME,BC
3937,183.5,19998,4954,CS,OC
3938,183.5,20000,2722,EC,BC
3939,183.5,20003,1399,CB,MBC
3940,183.5,20005,2006,TT,OC
3941,183.5,20006,2739,CB,OC
3942,183.5,20011,2710,CS,BC
3943,183.5,20012,2007,EY,SC
3944,183.5,20013,2722,EC,BC
3945,183.5,20015,5901,CE,OC
3946,183.5,20016,1120,CS,BC
3947,183.5,20019,1128,EC,OC
3948,183.5,20020,1450,EC,MBC
3949,183.5,20021,1210,AD,BC
3950,183.5,20023,1317,AL,MBC
3951,183.5,20029,5986,EC,BC
3952,183.5,20031,3819,CS,BC
3953,183.5,20034,2739,CB,BC
3954,183.5,20036,2,LE,BC
3955,183.5,20039,1219,CH,BC
3956,183.5,20042,2006,MY,MBC
3957,183.5,20044,1324,EC,OC
3958,183.5,20046,2739,AD,BC
3959,183.5,20047,2711,CD,BC
3960,183.5,20049,1211,AL,MBC
3961,183.5,20051,1399,ME,MBC
3962,183.5,20053,2622,IT,OC
3963,183.5,20054,2702,EE,BC
3964,183.5,20056,2710,CS,BC
3965,183.5,20057,1309,IT,MBC
3966,183.5,20058,2764,CS,BC
3967,183.5,20064,5,CS,BCM
3968,183.5,20071,2007,CL,MBC
3969,183.5,20072,2718,ME,OC
3970,183.5,20073,2750,BT,OC
3971,183.5,20078,1321,MN,BC
3972,183.5,20081,1321,PA,BC
3973,183.5,20082,2712,CE,BC
3974,183.5,20083,2722,CS,MBC
3975,183.5,20088,1422,CS,MBC
3976,183.5,20089,2764,EC,OC
3977,183.5,20090,2603,EC,MBC
3978,183.5,20093,1315,CE,SC
3979,183.5,20094,1309,CS,MBC
3980,183.5,20097,1211,BT,BC
3981,183.5,20098,1324,CO,OC
3982,183.5,20102,5008,ME,SC
3983,183.5,20104,1219,ME,OC
3984,183.5,20107,1120,CS,BC
3985,183.5,20110,1231,CS,OC
3986,183.5,20113,2608,CS,BC
3987,183.5,20115,1128,CS,BC
3988,183.5,20116,2710,CS,BC
3989,183.5,20120,1112,EC,OC
3990,183.5,20124,2702,IT,MBC
3991,183.5,20127,1432,CO,MBC
3992,183.5,20133,2712,FT,OC
3993,183.5,20138,1231,CS,OC
3994,183.5,20140,1219,ME,OC
3995,183.5,20141,2718,ME,OC
3996,183.5,20143,1306,BT,OC
3997,183.5,20145,2702,CS,MBC
3998,183.5,20146,2615,CE,OC
3999,183.5,20147,1399,MZ,MBC
4000,183.5,20149,3456,CS,OC
4001,183.5,20151,1408,CS,OC
4002,183.5,20152,1120,CS,BC
4003,183.5,20153,3011,PH,OC
4004,183.5,20157,4,EI,ST
4005,183.5,20158,2702,BM,BC
4006,183.5,20159,2723,BM,OC
4007,183.5,20161,2712,CE,MBC
4008,183.5,20162,1210,CO,OC
4009,183.5,20163,1317,CS,SC
4010,183.5,20164,2025,EE,MBC
4011,183.5,20169,4993,BM,OC
4012,183.5,20170,4678,CS,BC
4013,183.5,20171,1324,IT,MBC
4014,183.5,20172,1311,AO,OC
4015,183.5,20173,4960,EE,OC
4016,183.5,20174,2656,ME,OC
4017,183.5,20176,1128,AD,OC
4018,183.5,20177,1118,EC,OC
4019,183.5,20178,1112,IT,MBC
4020,183.5,20179,2719,EE,OC
4021,183.5,20182,5910,IT,OC
4022,183.5,20183,2,TX,MBC
4023,183.5,20184,2723,IT,OC
4024,183.5,20185,1317,BT,BC
4025,183.5,20186,1120,CS,BC
4026,183.5,20188,1216,AL,OC
4027,183.5,20189,4020,GI,OC
4028,183.5,20190,2711,EI,OC
4029,183.5,20191,2727,CS,OC
4030,183.5,20192,1419,EE,OC
4031,183.5,20193,1219,ME,BC
4032,183.5,20194,5986,EC,BC
4033,183.5,20195,2007,CE,SC
4034,183.5,20198,2711,EE,OC
4035,183.5,20199,1419,AD,BCM
4036,183.5,20200,4974,EE,BC
4037,183.5,20201,2618,EC,OC
4038,183.5,20202,2702,CS,BCM
4039,183.5,20203,1211,CD,MBC
4040,183.5,20204,2722,EC,BC
4041,183.5,20205,3819,EC,OC
4042,183.5,20206,1321,PA,BC
4043,183.5,20209,1324,IT,MBC
4044,183.5,20212,5910,EC,OC
4045,183.5,20214,1419,IT,MBC
4046,183.4,20215,1026,CS,BC
4047,183.4,20217,1422,CS,MBC
4048,183.4,20219,2006,TT,BC
4049,183.4,20220,2711,MZ,OC
4050,183.4,20222,2615,ME,OC
4051,183.4,20223,5910,CS,OC
4052,183.4,20224,1516,EE,OC
4053,183.4,20225,2607,EE,OC
4054,183.4,20226,4960,BM,OC
4055,183.4,20227,1324,EC,OC
4056,183.4,20228,2622,CS,OC
4057,183.4,20229,2025,CS,BCM
4058,183.4,20230,2725,IT,OC
4059,183.4,20233,1231,CS,OC
4060,183.4,20234,3795,EC,OC
4061,183.4,20235,1306,EC,OC
4062,183.4,20236,2610,AD,OC
4063,183.4,20237,2608,AD,OC
4064,183.4,20238,1231,IT,OC
4065,183.4,20239,1432,AD,OC
4066,183.4,20241,2608,CS,BC
4067,183.4,20242,1211,BT,BC
4068,183.4,20243,3819,AD,OC
4069,183.4,20244,4023,CS,OC
4070,183.4,20245,1216,IT,OC
4071,183.4,20246,2615,CE,OC
4072,183.4,20249,3830,CS,MBC
4073,183.4,20252,4960,BT,OC
4074,183.4,20253,1149,IT,OC
4075,183.4,20254,1113,EC,MBC
4076,183.4,20255,2718,MZ,OC
4077,183.4,20256,2603,EC,MBC
4078,183.4,20259,2719,EE,OC
4079,183.4,20260,1112,EC,OC
4080,183.4,20261,2643,EC,OC
4081,183.4,20263,1118,BM,OC
4082,183.4,20264,2610,CS,OC
4083,183.4,20265,2719,CS,BCM
4084,183.4,20266,2603,EC,BC
4085,183.4,20267,2007,CL,MBC
4086,183.4,20268,3425,CS,OC
4087,183.4,20271,1113,EC,MBC
4088,183.4,20272,2613,IT,OC
4089,183.4,20273,2314,CS,OC
4090,183.4,20276,2628,AU,OC
4091,183.4,20277,1516,EC,OC
4092,183.4,20278,1412,IT,OC
4093,183.4,20279,2739,AD,BC
4094,183.4,20280,3806,IT,OC
4095,183.4,20281,1422,CS,MBC
4096,183.4,20282,1118,CS,OC
4097,183.4,20283,1120,CS,BC
4098,183.4,20284,2749,AG,OC
4099,183.4,20285,5,IT,OC
4100,183.4,20287,2739,IT,MBC
4101,183.4,20288,3011,CS,BC
4102,183.4,20289,2618,EC,OC
4103,183.4,20290,2702,AD,MBC
4104,183.4,20293,2764,CS,BC
4105,183.4,20295,1516,EC,OC
4106,183.4,20297,2702,EE,BC
4107,183.4,20299,2702,EE,BC
4108,183.4,20300,4962,CS,BC
4109,183.4,20301,2609,AG,OC
4110,183.4,20302,2764,CS,BC
4111,183.4,20303,2723,IT,OC
4112,183.4,20304,1304,CS,MBC
4113,183.4,20306,1321,MN,BC
4114,183.4,20307,1309,IT,BC
4115,183.4,20308,1237,IT,OC
4116,183.4,20309,1026,CS,BC
4117,183.4,20310,2618,IT,OC
4118,183.4,20311,2712,FT,OC
4119,183.4,20313,5910,CS,OC
4120,183.4,20314,3011,CS,BC
4121,183.4,20315,3810,AD,OC
4122,183.4,20316,4962,CS,BC
4123,183.4,20317,2615,ME,OC
4124,183.4,20319,2736,IT,OC
4125,183.4,20320,2702,CS,BCM
4126,183.4,20321,2764,EE,OC
4127,183.4,20322,2706,IT,OC
4128,183.4,20323,2369,CS,BC
4129,183.4,20324,2706,AD,OC
4130,183.4,20328,3011,IT,BC
4131,183.4,20329,2718,ME,OC
4132,183.4,20331,2615,MT,BC
4133,183.4,20332,2615,MT,BC
4134,183.4,20333,2369,CS,MBC
4135,183.4,20335,2005,PR,MBC
4136,183.4,20336,2725,IT,OC
4137,183.4,20337,2007,ME,SC
4138,183.4,20338,1304,RM,OC
4139,183.4,20339,2603,EE,OC
4140,183.4,20340,1513,IT,OC
4141,183.4,20341,1304,EI,OC
4142,183.4,20342,4960,CS,SC
4143,183.4,20343,2722,EC,BC
4144,183.4,20346,5986,EC,BC
4145,183.4,20347,2706,IT,OC
4146,183.4,20348,2653,CS,OC
4147,183.4,20349,1219,ME,BC
4148,183.4,20350,1210,EC,OC
4149,183.4,20351,1026,CS,BC
4150,183.4,20352,1120,CS,BC
4151,183.4,20353,2,PP,SC
4152,183.4,20354,2702,SE,MBC
4153,183.4,20356,2718,ME,OC
4154,183.4,20357,4678,CS,BC
4155,183.4,20358,2764,BM,OC
4156,183.4,20359,2764,EC,OC
4157,183.4,20360,2726,CS,OC
4158,183.4,20361,4960,EE,OC
4159,183.4,20362,2,PM,SC
4160,183.4,20363,2721,CS,OC
4161,183.4,20365,1114,CS,OC
4162,183.4,20367,1321,MN,BC
4163,183.4,20369,1450,EC,MBC
4164,183.4,20370,2706,IT,OC
4165,183.4,20372,4960,EE,OC
4166,183.4,20378,2718,CB,MBC
4167,183.4,20379,1013,EC,OC
4168,183.4,20380,2653,CS,OC
4169,183.4,20381,2762,AD,OC
4170,183.4,20382,2722,EC,BC
4171,183.4,20383,1432,EC,OC
4172,183.4,20385,2739,IT,MBC
4173,183.4,20386,1317,BT,MBC
4174,183.4,20388,4962,CS,BC
4175,183.4,20389,1112,AL,BC
4176,183.4,20390,1210,AD,BC
4177,183.4,20391,4974,EC,SC
4178,183.4,20392,2656,AD,OC
4179,183.4,20394,2736,CS,OC
4180,183.4,20398,2711,FD,BC
4181,183.4,20400,1317,CS,SC
4182,183.4,20401,2739,CO,OC
4183,183.4,20402,2615,CE,OC
4184,183.4,20403,2712,EC,SC
4185,183.4,20407,1306,IT,OC
4186,183.4,20409,3760,AD,OC
4187,183.4,20410,1,PT,SC
4188,183.4,20411,2615,EC,SC
4189,183.4,20412,3795,CS,OC
4190,183.4,20413,4676,EC,OC
4191,183.4,20414,4020,CS,BC
4192,183.4,20415,2006,PS,MBC
4193,183.4,20416,3011,CS,BC
4194,183.4,20417,1210,CE,OC
4195,183.4,20418,2739,CB,BC
4196,183.4,20419,1324,IT,BC
4197,183.4,20421,1219,EE,MBC
4198,183.4,20422,2618,AD,OC
4199,183.4,20423,2006,PR,SC
4200,183.4,20425,1149,IT,OC
4201,183.4,20426,1399,ME,BC
4202,183.4,20427,2739,EC,BC
4203,183.4,20428,3011,CS,MBC
4204,183.4,20429,2005,CE,SC
4205,183.4,20430,2764,EC,OC
4206,183.4,20431,2006,AS,MBC
4207,183.4,20433,1309,IT,MBC
4208,183.4,20434,3830,IT,OC
4209,183.4,20437,3465,EC,BC
4210,183.4,20438,4962,IT,OC
4211,183.4,20440,1321,MN,MBC
4212,183.4,20441,3011,CS,BC
4213,183.4,20442,1120,CS,BC
4214,183.4,20443,2702,BT,BC
4215,183.4,20444,5986,EC,BC
4216,183.3,20445,3011,IT,MBC
4217,183.3,20447,1324,AD,BC
4218,183.3,20448,2622,BM,OC
4219,183.3,20450,4023,EC,OC
4220,183.3,20451,1128,CS,MBC
4221,183.3,20453,2739,EC,BC
4222,183.3,20457,1112,EC,OC
4223,183.3,20458,1112,EC,OC
4224,183.3,20459,1419,AD,MBC
4225,183.3,20460,1324,CO,OC
4226,183.3,20462,5986,EC,BC
4227,183.3,20463,1112,IT,MBC
4228,183.3,20466,1128,CS,BC
4229,183.3,20467,2723,CS,OC
4230,183.3,20468,2718,ME,OC
4231,183.3,20469,1422,IT,BC
4232,183.3,20470,2764,CS,BC
4233,183.3,20471,5,CS,MBC
4234,183.3,20473,2613,IT,OC
4235,183.3,20474,2719,CJ,OC
4236,183.3,20475,4957,EC,OC
4237,183.3,20476,2006,TX,MBC
4238,183.3,20477,1413,AD,OC
4239,183.3,20482,1210,AD,BC
4240,183.3,20483,5986,EC,BC
4241,183.3,20484,2702,EE,BC
4242,183.3,20485,2369,EE,OC
4243,183.3,20489,2764,CS,BC
4244,183.3,20490,1219,EE,MBC
4245,183.3,20493,5901,CE,OC
4246,183.3,20494,2615,MT,BC
4247,183.3,20495,2,LE,MBC
4248,183.3,20496,1219,CS,SC
4249,183.3,20497,2711,EI,OC
4250,183.3,20498,2007,CH,SCA
4251,183.3,20499,2722,EC,BC
4252,183.3,20500,2622,BT,OC
4253,183.3,20501,2615,ME,OC
4254,183.3,20502,2736,IT,OC
4255,183.3,20503,1216,BM,BC
4256,183.3,20504,4023,CS,OC
4257,183.3,20506,4974,EC,MBC
4258,183.3,20507,1419,EC,MBC
4259,183.3,20508,2723,CS,OC
4260,183.3,20511,2719,EE,OC
4261,183.3,20513,1211,ME,OC
4262,183.3,20514,2751,IT,OC
4263,183.3,20515,2718,MZ,OC
4264,183.3,20516,2005,ME,SC
4265,183.3,20517,2712,CE,MBC
4266,183.3,20518,2764,EE,OC
4267,183.3,20519,5010,CS,BC
4268,183.3,20520,3830,CS,BC
4269,183.3,20521,2627,BT,OC
4270,183.3,20522,1516,EC,OC
4271,183.3,20524,1219,CS,SC
4272,183.3,20525,2761,AD,OC
4273,183.3,20526,2711,EE,OC
4274,183.3,20527,1422,EC,OC
4275,183.3,20529,4680,EC,OC
4276,183.3,20532,2709,CS,SC
4277,183.3,20533,1149,CS,MBC
4278,183.3,20534,2704,IT,OC
4279,183.3,20536,2749,IT,OC
4280,183.3,20537,2723,IT,OC
4281,183.3,20538,2007,EE,SCA
4282,183.3,20539,2718,ME,OC
4283,183.3,20540,2653,CS,OC
4284,183.3,20542,2706,AD,OC
4285,183.3,20544,2706,IT,OC
4286,183.3,20545,3011,IT,BC
4287,183.3,20546,1520,CS,OC
4288,183.3,20547,5703,CS,OC
4289,183.3,20548,1408,CS,OC
4290,183.3,20549,1216,EC,OC
4291,183.3,20550,2006,TT,BC
4292,183.3,20551,1219,AD,SC
4293,183.3,20552,2614,CS,OC
4294,183.3,20553,2377,CE,MBC
4295,183.3,20554,2719,BM,OC
4296,183.3,20555,5901,EE,MBC
4297,183.3,20556,2006,RA,SC
4298,183.3,20557,2615,MT,BC
4299,183.3,20561,2739,EC,BC
4300,183.3,20563,1317,EE,OC
4301,183.3,20564,2702,IT,MBC
4302,183.3,20565,4974,ME,OC
4303,183.3,20567,1216,AD,OC
4304,183.3,20567,1422,IT,BC
4305,183.3,20568,3011,IT,BC
4306,183.3,20569,1409,BT,OC
4307,183.3,20572,4960,EC,MBC
4308,183.3,20573,2711,IT,MBC
4309,183.3,20574,2,TX,BCM
4310,183.3,20576,1211,CS,SC
4311,183.3,20577,2711,AD,MBC
4312,183.3,20578,2328,BM,OC
4313,183.3,20579,2615,MT,BC
4314,183.3,20581,1324,IT,BC
4315,183.3,20583,2722,IT,MBC
4316,183.3,20584,2,CR,MBC
4317,183.3,20585,2702,AD,BCM
4318,183.3,20587,2007,EY,SC
4319,183.3,20588,1219,CS,SC
4320,183.3,20592,2007,CM,SCA
4321,183.3,20593,1210,IT,BC
4322,183.3,20595,1419,EE,OC
4323,183.3,20598,2722,EC,BC
4324,183.3,20599,2723,CS,OC
4325,183.3,20602,2006,IM,SCA
4326,183.3,20603,2722,IT,MBC
4327,183.3,20604,2712,TX,OC
4328,183.3,20605,5009,CS,OC
4329,183.3,20607,5910,IT,OC
4330,183.3,20608,2643,EC,OC
4331,183.3,20609,2710,CS,BC
4332,183.3,20610,4974,EE,MBC
4333,183.3,20612,1216,AG,OC
4334,183.3,20614,1113,EC,MBC
4335,183.3,20618,2,LE,BC
4336,183.3,20619,5921,EC,OC
4337,183.3,20620,1,XM,BC
4338,183.2,20624,2702,EI,OC
4339,183.2,20625,1013,CS,OC
4340,183.2,20626,2718,ME,OC
4341,183.2,20627,2706,CS,MBC
4342,183.2,20628,4955,IT,OC
4343,183.2,20629,4962,CS,BC
4344,183.2,20631,2,CR,MBC
4345,183.2,20632,4974,CE,OC
4346,183.2,20633,1210,CB,OC
4347,183.2,20635,2764,CS,BC
4348,183.2,20636,1516,EC,OC
4349,183.2,20639,2709,CE,OC
4350,183.2,20640,2729,CS,OC
4351,183.2,20641,1324,IT,BC
4352,183.2,20642,2608,EC,OC
4353,183.2,20643,2718,MZ,OC
4354,183.2,20644,2615,ME,OC
4355,183.2,20646,1419,IT,MBC
4356,183.2,20647,1422,IT,BC
4357,183.2,20648,2718,CS,SC
4358,183.2,20650,1412,EE,OC
4359,183.2,20651,2726,CS,OC
4360,183.2,20652,1419,CJ,OC
4361,183.2,20653,1120,IT,OC
4362,183.2,20654,1422,CS,MBC
4363,183.2,20655,5008,EC,SCA
4364,183.2,20657,5008,CE,SC
4365,183.2,20659,1210,AD,BC
4366,183.2,20660,2739,EC,BC
4367,183.2,20661,1149,IT,OC
4368,183.2,20662,5901,ME,OC
4369,183.2,20665,2653,CS,OC
4370,183.2,20666,5910,CS,OC
4371,183.2,20667,2739,EC,BC
4372,183.2,20669,2615,ME,OC
4373,183.2,20670,2706,CE,OC
4374,183.2,20673,1118,IT,OC
4375,183.2,20674,2615,ME,OC
4376,183.2,20675,5901,CE,OC
4377,183.2,20677,2608,CS,BC
4378,183.2,20680,1211,EE,BC
4379,183.2,20682,1122,BT,OC
4380,183.2,20683,1309,IT,MBC
4381,183.2,20684,1419,AD,MBC
4382,183.2,20685,5865,CS,OC
4383,183.2,20687,2006,EM,SCA
4384,183.2,20688,2005,PR,MBC
4385,183.2,20689,1231,CS,OC
4386,183.2,20692,1450,EE,BC
4387,183.2,20696,1317,AD,MBC
4388,183.2,20697,2607,EC,OC
4389,183.2,20698,4670,CS,OC
4390,183.2,20699,1026,CS,BC
4391,183.2,20700,2723,BM,OC
4392,183.2,20701,2,TX,MBC
4393,183.2,20702,2702,BT,BC
4394,183.2,20704,2715,AG,OC
4395,183.2,20705,2702,EE,BC
4396,183.2,20706,2711,FD,BC
4397,183.2,20708,2369,CS,MBC
4398,183.2,20709,3011,BT,BC
4399,183.2,20710,3830,CS,BC
4400,183.2,20711,2618,CS,MBC
4401,183.2,20713,2739,CO,OC
4402,183.2,20715,2711,EC,MBC
4403,183.2,20716,2706,EI,OC
4404,183.2,20717,1219,ME,BC
4405,183.2,20718,1120,EC,OC
4406,183.2,20719,1306,AD,OC
4407,183.2,20721,2718,MZ,OC
4408,183.2,20722,3841,CS,OC
4409,183.2,20723,4960,EC,BCM
4410,183.2,20724,1419,EC,MBC
4411,183.2,20725,1210,EC,OC
4412,183.2,20728,2608,CS,BC
4413,183.2,20729,2712,AU,OC
4414,183.2,20731,1210,AD,BC
4415,183.2,20732,1432,AD,OC
4416,183.2,20733,4020,CS,BCM
4417,183.2,20734,1210,AD,BC
4418,183.2,20735,4974,EE,MBC
4419,183.2,20736,2005,CE,MBC
4420,183.2,20737,2706,IT,OC
4421,183.2,20738,2726,CS,OC
4422,183.2,20739,1324,IT,BC
4423,183.2,20740,4974,EE,MBC
4424,183.2,20742,1216,CS,BC
4425,183.2,20743,2615,CE,OC
4426,183.2,20744,2718,ME,OC
4427,183.2,20745,1210,CO,OC
4428,183.2,20747,4962,EC,OC
4429,183.2,20748,2712,TX,OC
4430,183.2,20750,2764,CS,BC
4431,183.2,20754,1311,CS,OC
4432,183.2,20755,2653,EC,OC
4433,183.2,20756,4974,EE,BC
4434,183.2,20759,4962,CS,BC
4435,183.2,20761,2751,CS,OC
4436,183.2,20765,1324,CS,MBC
4437,183.2,20766,4962,IT,OC
4438,183.2,20768,4960,EE,OC
4439,183.2,20769,2739,CB,BC
4440,183.2,20770,3826,EC,OC
4441,183.2,20771,3806,EE,OC
4442,183.2,20772,3805,BM,OC
4443,183.2,20773,1516,EC,BC
4444,183.2,20774,5901,ME,OC
4445,183.2,20775,2603,EC,BC
4446,183.2,20777,1311,EC,OC
4447,183.2,20778,4962,EC,OC
4448,183.2,20779,2706,IT,OC
4449,183.2,20780,5986,EC,BC
4450,183.2,20782,2718,ME,OC
4451,183.2,20784,2025,EE,MBC
4452,183.2,20785,3410,EC,OC
4453,183.2,20786,5901,CE,BC
4454,183.2,20787,3701,AD,OC
4455,183.2,20789,2357,AG,OC
4456,183.2,20790,2025,EE,MBC
4457,183.2,20791,2727,CS,OC
4458,183.2,20792,2601,BT,OC
4459,183.2,20793,1516,EC,MBC
4460,183.2,20794,2718,MZ,OC
4461,183.2,20795,5986,EC,BC
4462,183.2,20796,3011,IT,SC
4463,183.2,20797,1231,CS,OC
4464,183.2,20798,2739,CB,BC
4465,183.2,20799,2764,CS,MBC
4466,183.2,20802,4962,IT,OC
4467,183.2,20804,5,EE,OC
4468,183.2,20805,1118,EC,OC
4469,183.2,20806,5010,CS,BC
4470,183.2,20807,1241,CS,OC
4471,183.2,20808,1317,EC,MBC
4472,183.2,20809,2712,EI,MBC
4473,183.2,20811,5901,CE,BC
4474,183.2,20812,5901,CS,SC
4475,183.2,20813,1014,IT,OC
4476,183.2,20814,2718,MZ,OC
4477,183.2,20815,3011,IT,BC
4478,183.2,20816,3011,EE,OC
4479,183.2,20817,5901,CE,BC
4480,183.2,20822,1210,IT,BC
4481,183.2,20826,2739,CO,OC
4482,183.2,20828,2702,EE,BC
4483,183.2,20830,2764,BM,OC
4484,183.2,20832,1211,ME,OC
4485,183.2,20833,5010,CS,BC
4486,183.1,20835,2723,CS,OC
4487,183.1,20839,2702,EI,OC
4488,183.1,20842,2,LE,MBC
4489,183.1,20845,1422,CY,OC
4490,183.1,20846,2006,TT,BC
4491,183.1,20847,2735,CS,OC
4492,183.1,20848,2615,CE,OC
4493,183.1,20849,1219,ME,BC
4494,183.1,20850,5986,EC,BCM
4495,183.1,20851,1216,CS,BC
4496,183.1,20852,2,PP,SC
4497,183.1,20854,1113,AD,MBC
4498,183.1,20857,2610,BT,OC
4499,183.1,20859,2764,CS,BC
4500,183.1,20860,4960,EE,OC
4501,183.1,20861,4962,EC,OC
4502,183.1,20862,1315,IT,SCA
4503,183.1,20864,5010,CS,BC
4504,183.1,20866,4974,EE,BC
4505,183.1,20867,3011,BT,BC
4506,183.1,20869,4960,EC,MBC
4507,183.1,20870,2743,BM,OC
4508,183.1,20871,2006,IY,SC
4509,183.1,20872,1013,CS,OC
4510,183.1,20873,2,AP,BC
4511,183.1,20875,1112,CB,BC
4512,183.1,20876,1411,CS,OC
4513,183.1,20877,1210,IT,BC
4514,183.1,20878,2006,MF,SC
4515,183.1,20879,2764,CS,BC
4516,183.1,20880,1211,BT,BC
4517,183.1,20882,2702,IT,MBC
4518,183.1,20883,2607,EC,OC
4519,183.1,20884,2711,EE,OC
4520,183.1,20886,2719,CJ,OC
4521,183.1,20887,1149,AD,OC
4522,183.1,20888,2710,CS,BC
4523,183.1,20890,2710,EC,OC
4524,183.1,20891,3826,CS,OC
4525,183.1,20892,2711,EI,OC
4526,183.1,20893,1219,CH,BC
4527,183.1,20894,2708,AE,OC
4528,183.1,20895,2618,IT,OC
4529,183.1,20896,2006,MT,MBC
4530,183.1,20898,4959,IT,OC
4531,183.1,20899,1306,AD,OC
4532,183.1,20901,1325,CS,OC
4533,183.1,20902,2764,ME,OC
4534,183.1,20903,2706,IT,OC
4535,183.1,20904,5009,CS,OC
4536,183.1,20905,1411,BT,OC
4537,183.1,20907,5008,EY,SC
4538,183.1,20908,1324,IT,BC
4539,183.1,20909,1432,EC,OC
4540,183.1,20912,1120,AD,OC
4541,183.1,20913,2005,IB,MBC
4542,183.1,20917,2712,AE,MBC
4543,183.1,20918,2719,BM,OC
4544,183.1,20919,2739,EC,BC
4545,183.1,20920,1414,EC,OC
4546,183.1,20921,1306,CS,OC
4547,183.1,20922,2702,IT,BCM
4548,183.1,20925,2736,BM,OC
4549,183.1,20926,1304,RM,OC
4550,183.1,20927,2357,EC,OC
4551,183.1,20928,2764,CS,BC
4552,183.1,20929,1324,IT,BC
4553,183.1,20930,2711,EE,OC
4554,183.1,20931,1216,EI,OC
4555,183.1,20935,4678,AD,OC
4556,183.1,20936,2608,EC,OC
4557,183.1,20937,1324,EC,OC
4558,183.1,20938,1419,EE,OC
4559,183.1,20939,4962,CS,BCM
4560,183.1,20942,2702,IT,MBC
4561,183.1,20943,3803,CS,OC
4562,183.1,20944,2711,EE,BC
4563,183.1,20945,2718,MZ,OC
4564,183.1,20946,1113,EE,BC
4565,183.1,20947,2719,EE,OC
4566,183.1,20948,1026,ME,OC
4567,183.1,20949,2718,MZ,OC
4568,183.1,20951,2611,AE,OC
4569,183.1,20952,2702,EE,BC
4570,183.1,20953,2615,CE,OC
4571,183.1,20955,4024,EE,OC
4572,183.1,20958,2718,ME,OC
4573,183.1,20963,2702,IT,MBC
4574,183.1,20966,1306,CS,OC
4575,183.1,20967,1014,CS,OC
4576,183.1,20969,2622,EC,OC
4577,183.1,20970,2618,IT,OC
4578,183.1,20972,1422,IT,BC
4579,183.1,20975,3843,EC,OC
4580,183.1,20977,1210,AD,BC
4581,183.1,20978,3011,IT,BC
4582,183.1,20979,3011,IT,MBC
4583,183.1,20984,2653,CS,OC
4584,183.1,20985,2314,AG,OC
4585,183.1,20986,1211,EE,BC
4586,183.1,20987,1112,EC,OC
4587,183.1,20988,2736,CS,OC
4588,183.1,20989,3843,EE,OC
4589,183.1,20992,1450,EE,BC
4590,183.1,20993,1120,IT,OC
4591,183.1,20994,4020,EC,OC
4592,183.1,20998,3011,IT,MBC
4593,183.1,20999,5,EC,OC
4594,183.0,21001,1120,CS,BC
4595,183.0,21002,2739,EC,BC
4596,183.0,21003,2702,IT,MBC
4597,183.0,21004,3465,EC,SC
4598,183.0,21005,1128,AD,OC
4599,183.0,21006,2607,AD,OC
4600,183.0,21007,2702,MC,OC
4601,183.0,21008,2601,CS,OC
4602,183.0,21009,3425,CS,OC
4603,183.0,21010,2722,EE,OC
4604,183.0,21011,1118,AD,OC
4605,183.0,21012,5901,ME,OC
4606,183.0,21013,1303,BT,OC
4607,183.0,21014,3465,EC,BC
4608,183.0,21015,2005,EI,SC
4609,183.0,21018,2764,CS,MBC
4610,183.0,21020,2708,IT,OC
4611,183.0,21023,5901,ME,OC
4612,183.0,21024,1149,EC,OC
4613,183.0,21025,2025,EE,MBC
4614,183.0,21026,2607,AD,OC
4615,183.0,21027,2652,CS,OC
4616,183.0,21028,3454,BM,OC
4617,183.0,21029,2736,CS,OC
4618,183.0,21030,1026,CS,BC
4619,183.0,21031,2718,CJ,MBC
4620,183.0,21032,2,LE,BC
4621,183.0,21033,2706,AD,OC
4622,183.0,21035,1149,CS,BC
4623,183.0,21036,1419,AD,SC
4624,183.0,21037,1516,EC,MBC
4625,183.0,21038,3011,IT,MBC
4626,183.0,21039,1432,AD,OC
4627,183.0,21040,5910,IT,OC
4628,183.0,21042,2715,IT,OC
4629,183.0,21042,4962,EC,OC
4630,183.0,21043,2618,CS,BC
4631,183.0,21044,2653,CB,OC
4632,183.0,21047,5,IT,OC
4633,183.0,21048,2708,AG,OC
4634,183.0,21049,2618,CS,MBC
4635,183.0,21050,5910,EC,OC
4636,183.0,21052,2727,BM,OC
4637,183.0,21053,2706,IT,OC
4638,183.0,21054,1317,EE,OC
4639,183.0,21055,4678,EC,OC
4640,183.0,21058,5901,CS,SC
4641,183.0,21059,5901,EE,SC
4642,183.0,21060,2656,CS,OC
4643,183.0,21062,2710,TS,OC
4644,183.0,21063,5530,EC,OC
4645,183.0,21064,1126,AG,OC
4646,183.0,21065,2622,EC,OC
4647,183.0,21068,1304,EC,MBC
4648,183.0,21069,3011,IT,BC
4649,183.0,21070,3819,CS,BC
4650,183.0,21072,2702,EE,BC
4651,183.0,21073,2025,CS,BCM
4652,183.0,21074,2722,EC,MBC
4653,183.0,21075,5010,CS,BC
4654,183.0,21076,1112,EC,BC
4655,183.0,21077,1321,PA,MBC
4656,183.0,21078,2357,ME,OC
4657,183.0,21079,2711,EE,BC
4658,183.0,21081,2025,EC,MBC
4659,183.0,21082,1432,AD,OC
4660,183.0,21084,1210,IT,MBC
4661,183.0,21087,2006,PS,MBC
4662,183.0,21088,4974,CE,OC
4663,183.0,21090,2377,EC,ST
4664,183.0,21092,2712,CE,BCM
4665,183.0,21094,4955,IT,OC
4666,183.0,21098,2702,BT,MBC
4667,183.0,21100,5910,CS,OC
4668,183.0,21101,2618,BM,OC
4669,183.0,21102,5901,EC,SC
4670,183.0,21103,4971,EC,OC
4671,183.0,21104,2711,CS,MBC
4672,183.0,21105,2710,CS,BC
4673,183.0,21106,5008,CE,MBC
4674,183.0,21107,2,AP,BC
4675,183.0,21110,2702,EE,BC
4676,183.0,21111,1317,CS,SC
4677,183.0,21112,1112,EC,BC
4678,183.0,21114,1324,CO,OC
4679,183.0,21120,1112,EC,BC
4680,183.0,21121,2603,EC,MBC
4681,183.0,21123,1450,EC,SC
4682,183.0,21127,2005,ME,BCM
4683,183.0,21128,1419,EE,OC
4684,183.0,21131,1211,EE,BC
4685,183.0,21134,1149,IT,OC
4686,183.0,21135,1112,EC,BC
4687,183.0,21137,1304,EE,OC
4688,183.0,21138,2704,EC,OC
4689,183.0,21139,1149,CS,BC
4690,183.0,21141,1211,CH,OC
4691,183.0,21142,1432,EC,OC
4692,183.0,21146,2718,CJ,MBC
4693,183.0,21148,2706,IT,OC
4694,183.0,21149,1216,AD,OC
4695,183.0,21153,2718,MZ,OC
4696,183.0,21156,1315,CE,SC
4697,183.0,21158,1211,RM,BC
4698,183.0,21159,2025,EE,MBC
4699,183.0,21160,4955,CS,OC
4700,183.0,21162,2611,AG,OC
4701,183.0,21163,1219,CE,OC
4702,183.0,21164,1324,EC,OC
4703,183.0,21171,1304,EC,MBC
4704,183.0,21172,2736,EC,OC
4705,183.0,21174,1309,EC,OC
4706,183.0,21184,1211,EE,BC
4707,183.0,21186,1304,RM,OC
4708,183.0,21190,1116,CS,OC
4709,183.0,21191,1324,EC,OC
4710,183.0,21194,1120,CS,BC
4711,183.0,21196,2622,IT,OC
4712,183.0,21197,2702,MC,OC
4713,183.0,21205,1315,CH,SC
4714,183.0,21212,1321,MN,BC
4715,183.0,21214,1120,CS,MBC
4716,183.0,21216,1211,BT,MBC
4717,183.0,21218,1317,CH,OC
4718,183.0,21221,2764,CS,BC
4719,183.0,21225,2005,EI,SC
4720,183.0,21227,3011,EC,OC
4721,183.0,21228,1324,IT,BC
4722,183.0,21230,2007,MF,MBC
4723,183.0,21231,1219,ME,BC
4724,183.0,21232,1149,EC,OC
4725,183.0,21233,1419,EC,MBC
4726,183.0,21237,2007,MF,MBC
4727,183.0,21238,2727,CS,OC
4728,183.0,21240,5901,ME,OC
4729,183.0,21241,2634,AD,OC
4730,183.0,21242,2618,IT,OC
4731,183.0,21244,3826,AD,OC
4732,183.0,21245,1219,ME,BC
4733,183.0,21246,2712,CE,BC
4734,183.0,21248,1419,CJ,OC
4735,183.0,21249,2719,BM,OC
4736,183.0,21251,1120,CS,BC
4737,183.0,21254,1216,BM,BC
4738,183.0,21255,1516,EE,OC
4739,183.0,21256,5986,EE,OC
4740,183.0,21257,2712,AU,OC
4741,183.0,21258,1317,BT,MBC
4742,183.0,21260,1128,AD,OC
4743,183.0,21261,2005,IB,SC
4744,183.0,21262,1219,ME,BC
4745,183.0,21265,1422,IT,BC
4746,183.0,21272,1149,IT,OC
4747,183.0,21275,1120,CS,BC
4748,183.0,21276,1211,AE,MBC
4749,183.0,21277,2,CR,BC
4750,183.0,21279,2601,BM,OC
4751,183.0,21280,2718,ME,OC
4752,183.0,21281,1432,AD,OC
4753,183.0,21282,1419,EE,OC
4754,183.0,21284,2704,IT,OC
4755,183.0,21285,1128,CS,BC
4756,183.0,21286,2,AP,MBC
4757,183.0,21287,2739,CB,BC
4758,183.0,21288,4960,BT,OC
4759,183.0,21290,1026,CS,BC
4760,183.0,21292,2702,BM,BC
4761,183.0,21293,2369,CS,MBC
4762,183.0,21294,1210,EC,OC
4763,183.0,21295,2718,CJ,MBC
4764,183.0,21297,1210,AD,BC
4765,183.0,21300,1210,CS,BCM
4766,183.0,21301,5,CH,OC
4767,183.0,21304,1231,CS,OC
4768,183.0,21307,1321,MN,BC
4769,183.0,21316,2764,CS,BC
4770,183.0,21317,3011,BT,BCM
4771,183.0,21318,1317,EC,MBC
4772,183.0,21321,1211,RM,BC
4773,183.0,21323,1128,AD,OC
4774,183.0,21327,1149,IT,OC
4775,183.0,21328,2006,EE,ST
4776,183.0,21329,1315,ME,SC
4777,183.0,21330,1309,AD,BC
4778,183.0,21333,3830,CS,BC
4779,183.0,21334,2610,AD,OC
4780,183.0,21335,1112,CS,MBC
4781,183.0,21336,2723,CS,OC
4782,183.0,21337,1112,EC,BC
4783,183.0,21338,2712,MZ,MBC
4784,183.0,21340,5986,EC,BC
4785,183.0,21341,5910,AD,OC
4786,183.0,21342,3810,AG,OC
4787,183.0,21344,5988,CS,OC
4788,183.0,21345,2722,IT,MBC
4789,183.0,21348,2618,IT,OC
4790,183.0,21354,4020,EC,OC
4791,183.0,21357,2618,CS,BC
4792,183.0,21361,2618,CS,BC
4793,183.0,21362,1309,EC,OC
4794,183.0,21364,1309,AD,MBC
4795,183.0,21365,4974,EE,BCM
4796,183.0,21367,2314,CS,OC
4797,183.0,21368,2702,EE,BC
4798,183.0,21369,2025,EE,BC
4799,183.0,21370,1516,EE,OC
4800,183.0,21371,2764,CS,BC
4801,183.0,21373,2722,EC,MBC
4802,183.0,21374,1149,IT,OC
4803,183.0,21376,3826,CS,OC
4804,183.0,21377,4023,CS,OC
4805,183.0,21379,1120,IT,OC
4806,183.0,21380,2712,ME,BCM
4807,183.0,21383,2702,AG,OC
4808,183.0,21384,2710,SC,OC
4809,183.0,21385,1516,EC,BC
4810,183.0,21386,2712,ME,MBC
4811,183.0,21387,1216,CS,BC
4812,183.0,21387,1015,CS,OC
4813,183.0,21388,2723,CS,OC
4814,183.0,21389,2634,BM,OC
4815,183.0,21390,1233,AD,OC
4816,183.0,21391,2751,CS,OC
4817,183.0,21392,1306,CS,OC
4818,183.0,21393,1112,EC,BC
4819,183.0,21395,1237,IT,OC
4820,183.0,21396,1207,EC,OC
4821,183.0,21398,4024,GI,OC
4822,183.0,21399,1026,CS,SC
4823,183.0,21406,1128,CS,MBC
4824,183.0,21408,1399,ME,MBC
4825,183.0,21409,4962,IT,OC
4826,183.0,21410,2608,EE,OC
4827,183.0,21411,2725,EC,OC
4828,183.0,21412,2025,EE,BC
4829,183.0,21415,5,CF,OC
4830,183.0,21416,2,LE,BC
4831,183.0,21417,1324,EC,OC
4832,183.0,21418,4023,IT,OC
4833,183.0,21422,5904,EC,OC
4834,183.0,21423,1306,EC,OC
4835,183.0,21424,1324,AD,BC
4836,183.0,21425,3011,IT,MBC
4837,183.0,21426,2624,IT,OC
4838,183.0,21427,4971,CS,BC
4839,183.0,21428,5901,CE,BC
4840,183.0,21429,1317,EC,MBC
4841,183.0,21430,2708,CS,OC
4842,182.9,21432,1405,CS,OC
4843,182.9,21433,1324,IT,BC
4844,182.9,21434,2719,CJ,BC
4845,182.9,21435,1414,EC,OC
4846,182.9,21436,3011,IT,BC
4847,182.9,21437,2715,EE,OC
4848,182.9,21438,1321,MN,BC
4849,182.9,21439,4944,CS,OC
4850,182.9,21440,2706,IT,OC
4851,182.9,21441,1231,CS,OC
4852,182.9,21443,2005,IB,SC
4853,182.9,21445,1315,ME,SC
4854,182.9,21446,4960,EC,MBC
4855,182.9,21447,1219,EE,MBC
4856,182.9,21448,1149,CS,BC
4857,182.9,21449,4962,IT,BC
4858,182.9,21450,2751,CS,OC
4859,182.9,21451,2706,EC,OC
4860,182.9,21452,5986,EC,BC
4861,182.9,21455,2369,CS,MBC
4862,182.9,21457,2727,CS,OC
4863,182.9,21458,1516,EC,MBC
4864,182.9,21459,1432,AD,BC
4865,182.9,21460,1110,BT,OC
4866,182.9,21461,2706,AD,OC
4867,182.9,21462,2764,CS,BC
4868,182.9,21463,2719,EE,OC
4869,182.9,21464,2708,CS,OC
4870,182.9,21465,1324,IT,BC
4871,182.9,21466,1113,EC,MBC
4872,182.9,21467,1241,EC,OC
4873,182.9,21469,1422,AD,MBC
4874,182.9,21470,2706,EC,OC
4875,182.9,21471,5986,IT,BCM
4876,182.9,21472,5,AM,OC
4877,182.9,21474,1211,EE,MBC
4878,182.9,21475,1211,RM,BC
4879,182.9,21476,5942,EC,OC
4880,182.9,21477,2735,AD,OC
4881,182.9,21478,2710,CS,BC
4882,182.9,21479,1211,EE,BC
4883,182.9,21481,1210,AD,BC
4884,182.9,21482,2711,EI,OC
4885,182.9,21485,2369,CS,BC
4886,182.9,21486,2618,CS,MBC
4887,182.9,21487,1211,RM,BC
4888,182.9,21489,2709,AU,OC
4889,182.9,21490,2719,EE,OC
4890,182.9,21491,5910,CS,OC
4891,182.9,21494,2607,IT,OC
4892,182.9,21495,1419,EE,OC
4893,182.9,21496,2764,CS,BC
4894,182.9,21497,4023,CS,OC
4895,182.9,21500,4959,CS,OC
4896,182.9,21502,5904,CS,OC
4897,182.9,21503,1399,ME,MBC
4898,182.9,21505,1149,CS,BC
4899,182.9,21506,2704,CS,OC
4900,182.9,21507,1118,CS,OC
4901,182.9,21508,2719,CS,MBC
4902,182.9,21511,1422,EC,OC
4903,182.9,21512,1210,EC,OC
4904,182.9,21513,2722,CS,MBC
4905,182.9,21514,2718,MZ,OC
4906,182.9,21515,3011,IT,BC
4907,182.9,21516,3011,IT,BC
4908,182.9,21517,1211,ME,OC
4909,182.9,21520,1149,CS,BC
4910,182.9,21521,2712,CS,SC
4911,182.9,21522,3819,IT,OC
4912,182.9,21523,2711,EE,BC
4913,182.9,21524,1317,BT,MBC
4914,182.9,21527,4960,BT,OC
4915,182.9,21528,1516,EC,MBC
4916,182.9,21531,2710,SC,OC
4917,182.9,21534,4955,EC,OC
4918,182.9,21535,1210,IT,MBC
4919,182.9,21536,2661,CS,OC
4920,182.9,21538,3804,CS,OC
4921,182.9,21539,2618,CS,BC
4922,182.9,21544,2608,CS,BC
4923,182.9,21545,2608,EC,OC
4924,182.9,21546,4960,EE,OC
4925,182.9,21548,2702,AG,OC
4926,182.9,21552,2710,AD,OC
4927,182.9,21553,5910,CS,OC
4928,182.9,21554,4864,CS,OC
4929,182.9,21555,5904,AD,OC
4930,182.9,21557,2620,CS,OC
4931,182.9,21558,2369,EC,OC
4932,182.9,21559,5986,CS,MBC
4933,182.9,21560,1420,EC,OC
4934,182.9,21561,1120,IT,OC
4935,182.9,21562,1219,CE,OC
4936,182.9,21563,4962,EC,OC
4937,182.9,21564,2715,CS,OC
4938,182.9,21565,2718,ME,OC
4939,182.9,21569,2764,AD,OC
4940,182.9,21570,1304,EE,OC
4941,182.9,21571,3801,IT,OC
4942,182.9,21572,2006,MS,SC
4943,182.9,21573,2711,EE,BC
4944,182.9,21574,5986,EC,BC
4945,182.9,21575,2712,EI,BCM
4946,182.9,21576,4962,IT,BC
4947,182.9,21578,2709,EE,BC
4948,182.9,21579,4023,CS,OC
4949,182.9,21580,2357,AD,OC
4950,182.9,21582,1207,BM,OC
4951,182.9,21584,1101,CS,OC
4952,182.9,21585,1211,RM,BC
4953,182.9,21586,1317,EE,OC
4954,182.9,21587,1210,EC,OC
4955,182.9,21588,5901,CE,BC
4956,182.9,21594,2702,EE,BC
4957,182.9,21595,2702,EE,BC
4958,182.9,21596,3830,CS,BC
4959,182.9,21598,1128,CS,BC
4960,182.9,21599,1311,CS,OC
4961,182.9,21600,1419,CS,MBC
4962,182.9,21602,2709,EE,BC
4963,182.9,21603,1317,EC,MBC
4964,182.9,21604,2603,EE,OC
4965,182.9,21605,4678,AD,OC
4966,182.9,21606,1120,IT,OC
4967,182.9,21607,2706,IT,OC
4968,182.9,21609,2764,CS,BC
4969,182.9,21611,2764,CS,BC
4970,182.9,21612,2,CR,BC
4971,182.9,21613,3011,IT,BC
4972,182.9,21614,3011,IT,MBC
4973,182.9,21615,2025,EC,SC
4974,182.9,21616,1,XM,BC
4975,182.9,21617,2610,CS,OC
4976,182.9,21618,2369,CS,MBC
4977,182.9,21619,2005,CE,MBC
4978,182.9,21620,2628,AD,OC
4979,182.9,21621,1026,EC,OC
4980,182.9,21622,2610,BT,OC
4981,182.9,21623,4959,AD,OC
4982,182.9,21624,2618,CS,BC
4983,182.9,21625,3011,CS,MBC
4984,182.9,21627,1310,AD,OC
4985,182.9,21628,1211,CH,OC
4986,182.9,21629,2764,AD,OC
4987,182.8,21632,2711,EE,BC
4988,182.8,21633,1216,IT,OC
4989,182.8,21634,2709,EE,BC
4990,182.8,21635,1419,EE,OC
4991,182.8,21636,1120,IT,OC
4992,182.8,21638,4962,EC,OC
4993,182.8,21641,1210,EC,OC
4994,182.8,21642,2007,MF,MBC
4995,182.8,21643,2711,IT,MBC
4996,182.8,21644,2764,AD,OC
4997,182.8,21645,2615,CE,OC
4998,182.8,21646,2615,EE,SC
4999,182.8,21647,1432,AD,BC
5000,182.8,21649,2764,EE,OC
5001,182.8,21653,4020,CS,BC
5002,182.8,21654,2618,CS,BC
5003,182.8,21655,2725,CS,OC
5004,182.8,21656,4680,EC,OC
5005,182.8,21660,2722,EE,OC
5006,182.8,21661,1210,AD,BC
5007,182.8,21662,1112,AL,BC
5008,182.8,21663,2719,CS,BCM
5009,182.8,21664,2712,CE,BC
5010,182.8,21665,2618,IT,OC
5011,182.8,21669,2618,EC,OC
5012,182.8,21670,4955,CS,OC
5013,182.8,21672,1112,CB,BC
5014,182.8,21675,3805,AG,OC
5015,182.8,21676,2618,IT,OC
5016,182.8,21679,3826,CS,OC
5017,182.8,21681,1516,CS,SC
5018,182.8,21682,2345,CS,OC
5019,182.8,21683,1211,AE,BC
5020,182.8,21685,1307,BM,OC
5021,182.8,21686,2764,AD,OC
5022,182.8,21686,5010,CS,MBC
5023,182.8,21687,5502,CS,OC
5024,182.8,21688,2739,EC,BC
5025,182.8,21691,3464,CS,BC
5026,182.8,21692,5,IT,OC
5027,182.8,21693,5910,CB,OC
5028,182.8,21694,1210,CB,OC
5029,182.8,21699,2615,MT,BC
5030,182.8,21701,3410,CS,OC
5031,182.8,21702,2764,AD,OC
5032,182.8,21705,2727,BT,OC
5033,182.8,21706,2764,EC,OC
5034,182.8,21707,2706,IT,OC
5035,182.8,21709,2369,CS,BC
5036,182.8,21710,2615,ME,OC
5037,182.8,21711,1408,IT,OC
5038,182.8,21714,1306,CS,OC
5039,182.8,21716,2712,CE,MBC
5040,182.8,21718,1231,CS,OC
5041,182.8,21719,1321,MN,BC
5042,182.8,21722,1210,CB,OC
5043,182.8,21723,2005,ME,BCM
5044,182.8,21724,4960,EE,OC
5045,182.8,21725,3464,CS,BC
5046,182.8,21726,2025,EE,BC
5047,182.8,21728,2603,CS,SC
5048,182.8,21729,2764,AD,MBC
5049,182.8,21730,2706,IT,OC
5050,182.8,21731,2762,CS,OC
5051,182.8,21734,4971,EC,OC
5052,182.8,21735,2006,MT,MBC
5053,182.8,21736,1307,IT,OC
5054,182.8,21737,3011,IT,BC
5055,182.8,21738,4020,CS,MBC
5056,182.8,21741,2727,AD,OC
5057,182.8,21742,1112,EC,BC
5058,182.8,21743,3011,CS,SCA
5059,182.8,21746,2615,ME,OC
5060,182.8,21747,1113,CD,MBC
5061,182.8,21749,4020,EC,OC
5062,182.8,21749,1216,AD,OC
5063,182.8,21750,2722,IT,MBC
5064,182.8,21751,2725,CS,OC
5065,182.8,21752,2739,EC,BC
5066,182.8,21753,2618,AD,OC
5067,182.8,21754,2711,EE,BC
5068,182.8,21756,2628,AD,OC
5069,182.8,21757,1211,EE,BC
5070,182.8,21758,1412,CS,OC
5071,182.8,21759,1307,CS,OC
5072,182.8,21760,2736,CS,OC
5073,182.8,21762,3011,CS,SC
5074,182.8,21763,1324,CS,MBC
5075,182.8,21765,4974,EE,BC
5076,182.8,21766,1149,CS,BC
5077,182.8,21767,1210,IT,MBC
5078,182.8,21768,2739,EC,BC
5079,182.8,21769,2723,MD,OC
5080,182.8,21770,1412,IT,OC
5081,182.8,21773,5901,EC,SC
5082,182.8,21774,2710,EC,OC
5083,182.8,21775,2025,EC,SC
5084,182.8,21776,2369,CS,BC
5085,182.8,21778,2764,EC,OC
5086,182.8,21779,1419,EC,MBC
5087,182.8,21780,2622,IT,OC
5088,182.8,21783,5910,CS,OC
5089,182.8,21784,3011,IT,BC
5090,182.8,21785,2369,CS,MBC
5091,182.8,21787,2719,RM,OC
5092,182.8,21789,2618,CS,MBC
5093,182.8,21791,2751,CS,OC
5094,182.8,21792,2726,CS,OC
5095,182.8,21793,4020,EC,OC
5096,182.8,21795,2708,CS,OC
5097,182.8,21796,3464,CS,BC
5098,182.8,21797,2005,EI,SC
5099,182.8,21799,2608,IT,OC
5100,182.8,21800,1112,CB,BC
5101,182.8,21801,2006,MY,MBC
5102,182.8,21803,1211,EE,BC
5103,182.8,21805,2718,ME,OC
5104,182.8,21806,1120,AD,OC
5105,182.8,21807,2622,BT,OC
5106,182.8,21808,2722,EE,OC
5107,182.8,21809,1399,AD,SC
5108,182.8,21810,1149,CS,BC
5109,182.8,21812,1317,EE,OC
5110,182.8,21813,1419,EE,OC
5111,182.8,21814,1304,EC,MBC
5112,182.8,21815,4960,EC,MBC
5113,182.8,21816,2727,CS,OC
5114,182.8,21817,1311,EC,OC
5115,182.8,21819,2722,AD,MBC
5116,182.8,21820,2712,ME,MBC
5117,182.8,21821,4678,EC,OC
5118,182.8,21824,4974,CE,OC
5119,182.8,21825,4678,CS,BC
5120,182.8,21826,1120,AD,OC
5121,182.8,21827,2739,EC,BC
5122,182.8,21829,2718,CS,SC
5123,182.8,21831,1432,CS,MBC
5124,182.7,21832,1516,ME,OC
5125,182.7,21833,2005,CE,SCA
5126,182.7,21834,2764,AD,BC
5127,182.7,21835,2706,IT,BC
5128,182.7,21836,1216,CS,BC
5129,182.7,21837,1118,AD,OC
5130,182.7,21838,1419,EC,MBC
5131,182.7,21840,1219,ME,MBC
5132,182.7,21842,2739,CO,OC
5133,182.7,21843,3465,EC,BC
5134,182.7,21845,2719,EE,OC
5135,182.7,21846,2710,CS,SC
5136,182.7,21847,2718,ME,BC
5137,182.7,21848,2369,CS,BC
5138,182.7,21850,3819,AD,OC
5139,182.7,21851,2719,CS,MBC
5140,182.7,21852,3782,CS,OC
5141,182.7,21853,2702,BT,MBC
5142,182.7,21856,4962,IT,BC
5143,182.7,21857,1317,AL,BCM
5144,182.7,21858,2706,AD,BC
5145,182.7,21859,1419,IT,BCM
5146,182.7,21860,5986,EE,OC
5147,182.7,21861,2719,CS,MBC
5148,182.7,21862,2618,CS,MBC
5149,182.7,21863,3011,XC,OC
5150,182.7,21865,1013,CS,OC
5151,182.7,21866,2615,ME,OC
5152,182.7,21867,2729,MZ,OC
5153,182.7,21868,2750,CB,OC
5154,182.7,21869,2709,AU,OC
5155,182.7,21870,1432,CS,MBC
5156,182.7,21871,4960,EE,OC
5157,182.7,21873,2712,CE,BC
5158,182.7,21874,2702,EC,MBC
5159,182.7,21875,2739,CO,BC
5160,182.7,21876,2706,EC,OC
5161,182.7,21877,4974,ME,OC
5162,182.7,21878,1432,CS,MBC
5163,182.7,21879,3819,CS,MBC
5164,182.7,21880,2704,IT,OC
5165,182.7,21881,4678,EC,OC
5166,182.7,21882,2025,ME,OC
5167,182.7,21885,1219,CH,BCM
5168,182.7,21886,2764,EC,OC
5169,182.7,21887,4023,CS,OC
5170,182.7,21889,3011,IT,BC
5171,182.7,21891,2603,EC,BCM
5172,182.7,21892,4970,CS,OC
5173,182.7,21893,2709,EE,BC
5174,182.7,21894,1432,CB,BC
5175,182.7,21895,1120,EC,OC
5176,182.7,21896,1026,CS,MBC
5177,182.7,21897,2702,AD,MBC
5178,182.7,21898,1422,IT,BC
5179,182.7,21899,2739,EC,BC
5180,182.7,21901,1112,AL,BC
5181,182.7,21902,2764,EC,OC
5182,182.7,21903,5017,CS,OC
5183,182.7,21904,1112,AL,BC
5184,182.7,21905,1120,AD,OC
5185,182.7,21906,1014,CE,OC
5186,182.7,21907,1211,AU,OC
5187,182.7,21910,1419,IT,MBC
5188,182.7,21911,1211,AE,MBC
5189,182.7,21912,2711,EC,MBC
5190,182.7,21913,1210,AD,BC
5191,182.7,21915,2005,ME,BCM
5192,182.7,21916,2613,EC,OC
5193,182.7,21917,2622,IT,OC
5194,182.7,21918,1210,CS,BCM
5195,182.7,21919,1026,EC,OC
5196,182.7,21922,1,XC,BC
5197,182.7,21924,2702,FT,OC
5198,182.7,21925,1216,EC,OC
5199,182.7,21926,1219,CH,BCM
5200,182.7,21927,3011,IT,MBC
5201,182.7,21929,3464,CS,MBC
5202,182.7,21930,1317,EC,MBC
5203,182.7,21931,2706,IT,BC
5204,182.7,21932,2707,IT,OC
5205,182.7,21933,3830,CS,BC
5206,182.7,21934,5986,EE,OC
5207,182.7,21935,3819,EE,OC
5208,182.7,21937,1013,CS,OC
5209,182.7,21940,5986,CE,OC
5210,182.7,21941,4962,IT,BC
5211,182.7,21942,1231,IT,OC
5212,182.7,21943,1424,CS,OC
5213,182.7,21945,2739,EC,MBC
5214,182.7,21947,4020,EC,OC
5215,182.7,21948,2615,CE,OC
5216,182.7,21950,1228,CS,OC
5217,182.7,21951,4944,EC,OC
5218,182.7,21953,2723,EE,OC
5219,182.7,21954,1216,CS,BCM
5220,182.7,21955,1219,EE,BCM
5221,182.7,21958,4944,EC,OC
5222,182.7,21959,2711,EE,BC
5223,182.7,21962,2656,ME,OC
5224,182.7,21963,1399,ME,BC
5225,182.7,21964,1122,IT,OC
5226,182.7,21967,1304,EE,OC
5227,182.7,21968,2741,CS,OC
5228,182.7,21969,2628,AD,OC
5229,182.7,21970,2719,EC,MBC
5230,182.7,21971,2725,CS,OC
5231,182.7,21972,2718,MZ,OC
5232,182.7,21975,5904,AD,OC
5233,182.7,21976,1118,AD,OC
5234,182.7,21977,1211,CH,OC
5235,182.7,21978,1210,CB,OC
5236,182.7,21979,4954,IT,OC
5237,182.7,21980,2712,IT,SC
5238,182.7,21983,1013,CS,OC
5239,182.7,21985,5986,IT,BCM
5240,182.7,21986,1113,EE,MBC
5241,182.7,21987,2005,CE,MBC
5242,182.7,21990,2719,RM,OC
5243,182.7,21991,1113,EE,BC
5244,182.7,21992,1149,CS,BCM
5245,182.7,21993,2704,IT,OC
5246,182.7,21996,1118,EC,OC
5247,182.7,21997,1237,CS,OC
5248,182.7,22001,2,LE,BC
5249,182.7,22002,2711,EE,BC
5250,182.7,22004,1120,CS,MBC
5251,182.7,22006,1149,CS,BC
5252,182.7,22007,2710,IT,OC
5253,182.7,22009,1419,IT,MBC
5254,182.7,22010,1219,CH,MBC
5255,182.6,22012,2710,IT,OC
5256,182.6,22013,1237,CS,OC
5257,182.6,22015,4971,EC,OC
5258,182.6,22017,5901,EE,BCM
5259,182.6,22018,2615,ME,OC
5260,182.6,22019,2601,BT,OC
5261,182.6,22020,2739,EC,BC
5262,182.6,22022,4969,CS,OC
5263,182.6,22023,2764,AD,BC
5264,182.6,22025,1422,IT,BC
5265,182.6,22026,2601,CS,OC
5266,182.6,22027,3926,CS,OC
5267,182.6,22031,4974,CE,OC
5268,182.6,22033,1399,ME,BC
5269,182.6,22034,1324,EC,OC
5270,182.6,22036,1324,EC,OC
5271,182.6,22037,1113,EI,OC
5272,182.6,22038,1419,EC,MBC
5273,182.6,22039,2653,CS,OC
5274,182.6,22040,5010,CS,BC
5275,182.6,22042,3829,EC,OC
5276,182.6,22044,3011,IT,MBC
5277,182.6,22045,1432,CB,BC
5278,182.6,22046,2722,IC,OC
5279,182.6,22047,1231,CS,OC
5280,182.6,22048,5902,IT,OC
5281,182.6,22050,2615,ME,OC
5282,182.6,22051,1450,ME,OC
5283,182.6,22053,2710,SC,OC
5284,182.6,22054,3701,AD,OC
5285,182.6,22055,2710,CS,BC
5286,182.6,22056,3819,CE,OC
5287,182.6,22057,1419,EI,OC
5288,182.6,22058,1219,CH,BC
5289,182.6,22059,2739,EC,BC
5290,182.6,22060,1026,CS,MBC
5291,182.6,22062,1422,CS,MBC
5292,182.6,22063,5901,ME,OC
5293,182.6,22064,2719,IT,MBC
5294,182.6,22066,2608,CS,MBC
5295,182.6,22067,1219,MR,OC
5296,182.6,22069,2708,CS,OC
5297,182.6,22070,2708,IT,OC
5298,182.6,22071,4020,CS,BCM
5299,182.6,22073,2731,EC,OC
5300,182.6,22074,2739,EC,BC
5301,182.6,22076,1324,IT,MBC
5302,182.6,22079,1211,AL,MBC
5303,182.6,22080,1513,IT,OC
5304,182.6,22081,1149,IT,OC
5305,182.6,22083,2751,IT,OC
5306,182.6,22084,1211,EE,MBC
5307,182.6,22085,5008,CE,MBC
5308,182.6,22086,3826,IT,OC
5309,182.6,22087,1317,AD,MBC
5310,182.6,22088,5910,BM,OC
5311,182.6,22089,5901,CE,MBC
5312,182.6,22090,2610,BM,OC
5313,182.6,22093,4670,CE,OC
5314,182.6,22094,2741,CS,OC
5315,182.6,22096,3826,CS,OC
5316,182.6,22097,1324,EC,OC
5317,182.6,22098,5,CS,BC
5318,182.6,22099,1516,EC,MBC
5319,182.6,22101,2764,EC,OC
5320,182.6,22104,2,CR,BC
5321,182.6,22105,2718,ME,BC
5322,182.6,22106,2718,MZ,OC
5323,182.6,22107,1304,ME,OC
5324,182.6,22108,1324,CS,SC
5325,182.6,22109,4962,IT,BC
5326,182.6,22114,1399,EE,MBC
5327,182.6,22115,2609,CY,OC
5328,182.6,22118,3011,PH,OC
5329,182.6,22119,2711,EE,BC
5330,182.6,22122,3465,EC,BC
5331,182.6,22123,2611,FD,OC
5332,182.6,22125,3811,CS,OC
5333,182.6,22126,2328,IT,OC
5334,182.6,22128,1422,IT,MBC
5335,182.6,22129,2357,AD,OC
5336,182.6,22131,1210,AD,BCM
5337,182.6,22132,4960,EC,SC
5338,182.6,22133,2764,AD,BC
5339,182.6,22134,1149,IT,OC
5340,182.6,22135,2736,CS,OC
5341,182.6,22136,1432,CS,MBC
5342,182.6,22137,2711,EE,BC
5343,182.6,22138,1211,EE,MBC
5344,182.6,22139,2718,CJ,MBC
5345,182.6,22140,2706,IT,BC
5346,182.6,22142,4959,AD,OC
5347,182.6,22143,4,RP,SC
5348,182.6,22146,2712,IT,SC
5349,182.6,22147,1233,EC,OC
5350,182.6,22148,1112,CB,BC
5351,182.6,22149,2712,AU,OC
5352,182.6,22150,2719,EE,OC
5353,182.6,22151,2622,CS,OC
5354,182.6,22152,2005,CE,MBC
5355,182.6,22153,1210,EC,OC
5356,182.6,22154,2722,IT,MBC
5357,182.6,22155,1026,EC,OC
5358,182.6,22160,5910,IT,OC
5359,182.6,22162,2603,EE,OC
5360,182.6,22163,1211,AE,MBC
5361,182.6,22164,2711,EE,BC
5362,182.6,22165,2711,EE,BC
5363,182.6,22166,1516,EC,MBC
5364,182.6,22167,5919,EC,OC
5365,182.6,22168,2369,EC,OC
5366,182.6,22169,1324,CS,MBC
5367,182.6,22170,1211,FD,BC
5368,182.6,22172,1120,IT,BC
5369,182.6,22173,2603,EC,MBC
5370,182.6,22174,1304,AD,SC
5371,182.6,22179,2704,CS,OC
5372,182.6,22180,1324,CO,OC
5373,182.6,22183,2712,AU,BC
5374,182.6,22184,3464,CS,BC
5375,182.6,22187,1219,ME,BC
5376,182.6,22188,2369,EC,OC
5377,182.6,22189,3465,EC,SC
5378,182.6,22190,1430,CE,OC
5379,182.6,22191,1211,AL,SC
5380,182.6,22192,2725,CS,OC
5381,182.6,22193,1516,EC,BC
5382,182.6,22194,1304,EC,MBC
5383,182.6,22196,2615,MT,MBC
5384,182.6,22197,2764,BM,OC
5385,182.6,22198,1216,CS,BC
5386,182.6,22199,1026,ME,OC
5387,182.6,22200,1219,ME,BC
5388,182.6,22201,5009,CS,OC
5389,182.6,22202,2719,RM,OC
5390,182.5,22204,2,LE,BC
5391,182.5,22205,2702,EI,OC
5392,182.5,22206,2739,EC,BC
5393,182.5,22207,1216,CS,BC
5394,182.5,22208,2764,BM,BC
5395,182.5,22210,5904,CS,OC
5396,182.5,22211,2723,BM,OC
5397,182.5,22214,2711,EE,BC
5398,182.5,22217,2615,ME,OC
5399,182.5,22219,2718,EE,MBC
5400,182.5,22221,2005,EI,SC
5401,182.5,22222,2615,CE,OC
5402,182.5,22223,2007,EY,SC
5403,182.5,22224,2750,CB,OC
5404,182.5,22225,1304,ME,OC
5405,182.5,22226,2722,IT,MBC
5406,182.5,22227,4678,AD,OC
5407,182.5,22229,2005,IB,MBC
5408,182.5,22233,2618,IT,OC
5409,182.5,22234,2706,IT,BC
5410,182.5,22236,1309,EC,OC
5411,182.5,22237,2706,IT,BC
5412,182.5,22238,2711,EI,OC
5413,182.5,22239,2615,ME,OC
5414,182.5,22240,1306,CS,OC
5415,182.5,22242,2621,CS,OC
5416,182.5,22244,2628,CS,OC
5417,182.5,22245,2764,EC,OC
5418,182.5,22246,1324,AD,BC
5419,182.5,22248,1520,IT,OC
5420,182.5,22249,3830,EC,OC
5421,182.5,22250,2719,EE,OC
5422,182.5,22251,5008,MF,MBC
5423,182.5,22252,1304,EE,OC
5424,182.5,22253,3905,CS,OC
5425,182.5,22254,2726,EC,OC
5426,182.5,22255,1419,EE,OC
5427,182.5,22256,3464,CS,MBC
5428,182.5,22257,2608,CS,BC
5429,182.5,22258,2006,TT,BC
5430,182.5,22260,3465,EC,MBC
5431,182.5,22261,2712,CE,BC
5432,182.5,22262,1399,EE,MBC
5433,182.5,22263,4020,CS,BC
5434,182.5,22265,1304,RM,OC
5435,182.5,22266,1216,CS,BC
5436,182.5,22268,1120,AD,OC
5437,182.5,22272,1014,IT,OC
5438,182.5,22273,5008,CW,SC
5439,182.5,22274,2601,BT,OC
5440,182.5,22275,2608,CS,BC
5441,182.5,22277,2603,EC,BCM
5442,182.5,22279,1231,CS,OC
5443,182.5,22280,1120,CS,BCM
5444,182.5,22281,4974,EE,BC
5445,182.5,22282,2006,TT,BC
5446,182.5,22284,4955,EE,OC
5447,182.5,22285,2711,EI,OC
5448,182.5,22286,1399,ME,MBC
5449,182.5,22287,2710,CS,BC
5450,182.5,22289,1432,CS,MBC
5451,182.5,22291,2712,EC,SC
5452,182.5,22293,2739,EC,BC
5453,182.5,22294,1216,CS,BC
5454,182.5,22295,1306,CS,OC
5455,182.5,22297,1311,CS,OC
5456,182.5,22298,2719,CS,MBC
5457,182.5,22299,1231,CS,OC
5458,182.5,22300,1211,MZ,OC
5459,182.5,22301,1211,BM,MBC
5460,182.5,22302,1450,EC,MBC
5461,182.5,22306,2615,CE,OC
5462,182.5,22309,2710,CS,MBC
5463,182.5,22310,2734,SB,OC
5464,182.5,22311,1324,CO,OC
5465,182.5,22312,2712,MZ,BCM
5466,182.5,22313,1112,EC,BC
5467,182.5,22315,1419,IC,OC
5468,182.5,22318,1,XM,MBC
5469,182.5,22322,1,XM,BC
5470,182.5,22324,1309,EC,OC
5471,182.5,22328,2712,BT,SC
5472,182.5,22330,1149,CS,MBC
5473,182.5,22334,2,AP,BC
5474,182.5,22337,1315,ME,SC
5475,182.5,22340,1309,AD,BC
5476,182.5,22342,1112,EC,BC
5477,182.5,22344,3011,IT,BC
5478,182.5,22352,1149,IT,OC
5479,182.5,22353,1309,EC,OC
5480,182.5,22358,5010,CS,BCM
5481,182.5,22361,3011,PH,OC
5482,182.5,22362,1311,IT,OC
5483,169.5,22362,5009,CS,OC
5484,182.5,22363,1219,ME,BC
5485,182.5,22368,2722,AD,MBC
5486,182.5,22369,2736,IT,OC
5487,182.5,22371,1128,AD,OC
5488,182.5,22373,2621,CS,OC
5489,182.5,22374,1231,AD,OC
5490,182.5,22376,1321,PA,BC
5491,182.5,22378,2006,IY,SC
5492,182.5,22379,4020,EC,OC
5493,182.5,22381,4960,BT,OC
5494,182.5,22384,1149,CS,MBC
5495,182.5,22386,2005,CE,BCM
5496,182.5,22389,4020,CS,BC
5497,182.5,22390,2712,FT,OC
5498,182.5,22391,1419,CB,MBC
5499,182.5,22394,1422,ME,OC
5500,182.5,22396,5910,CS,OC
5501,182.5,22397,2712,CE,BC
5502,182.5,22402,2719,CS,BCM
5503,182.5,22403,1309,EC,OC
5504,182.5,22409,1211,FD,BC
5505,182.5,22410,1122,CS,OC
5506,182.5,22411,1324,EC,OC
5507,182.5,22413,1211,BM,SC
5508,182.5,22417,1306,BT,OC
5509,182.5,22420,2618,IT,OC
5510,182.5,22421,3830,EC,OC
5511,182.5,22422,1210,EC,OC
5512,182.5,22424,1216,AG,OC
5513,182.5,22427,1120,IT,BC
5514,182.5,22428,1120,AD,OC
5515,182.5,22429,2601,IT,OC
5516,182.5,22430,3011,IT,BC
5517,182.5,22431,2702,EC,MBC
5518,182.5,22434,1231,IT,OC
5519,182.5,22435,2006,MY,BCM
5520,182.5,22438,1112,CB,MBC
5521,182.5,22439,1211,MZ,OC
5522,182.5,22440,1399,EE,SC
5523,182.5,22441,1211,BT,MBC
5524,182.5,22442,2,LE,BC
5525,182.5,22443,1309,AD,BCM
5526,182.5,22444,1219,CH,MBC
5527,182.5,22446,1419,EE,OC
5528,182.5,22447,1216,EC,OC
5529,182.5,22449,1231,CS,OC
5530,182.5,22451,1120,AD,BC
5531,182.5,22455,2736,CS,OC
5532,182.5,22457,1211,EE,MBC
5533,182.5,22461,1419,EE,OC
5534,182.5,22463,1,BY,SCA
5535,182.5,22467,2709,EE,BC
5536,182.5,22469,1432,CS,MBC
5537,182.5,22470,1419,CJ,BC
5538,182.5,22471,1210,EC,OC
5539,182.5,22472,3011,EE,OC
5540,182.5,22473,3841,CS,OC
5541,182.5,22474,2657,EC,OC
5542,182.5,22475,2618,EE,OC
5543,182.5,22476,1210,AD,BC
5544,182.5,22477,1015,EC,OC
5545,182.5,22478,1122,AD,OC
5546,182.5,22479,2601,EC,OC
5547,182.5,22480,1112,AL,BC
5548,182.5,22481,4,RP,SC
5549,182.5,22482,5530,EC,OC
5550,182.5,22483,5,CS,BC
5551,182.5,22484,2369,CS,MBC
5552,182.5,22486,2711,EE,BC
5553,182.5,22487,3465,CS,SC
5554,182.5,22490,1149,CS,BC
5555,182.5,22493,5910,EC,OC
5556,182.5,22494,1399,CE,OC
5557,182.5,22495,4995,CS,OC
5558,182.5,22496,5910,CS,BC
5559,182.5,22497,1317,EE,OC
5560,182.5,22498,2709,EE,MBC
5561,182.5,22499,1026,CS,BC
5562,182.5,22501,1311,IT,OC
5563,182.5,22504,1216,CS,MBC
5564,182.5,22506,5009,CS,OC
5565,182.5,22508,4023,CS,OC
5566,182.5,22509,1399,CS,SC
5567,182.5,22510,2712,AU,BC
5568,182.5,22511,2718,ME,BC
5569,182.5,22513,2710,CS,BC
5570,182.5,22514,2764,AD,BC
5571,182.5,22515,4917,EC,OC
5572,182.5,22518,4960,EE,OC
5573,182.5,22519,2719,EE,OC
5574,182.5,22520,1324,EC,OC
5575,182.5,22521,1210,EC,OC
5576,182.5,22522,2764,AD,BC
5577,182.5,22523,1211,BT,MBC
5578,182.5,22525,2615,ME,BC
5579,182.5,22526,2661,CS,OC
5580,182.5,22527,1219,CH,BC
5581,182.5,22528,4960,EE,OC
5582,182.5,22529,4023,CS,OC
5583,182.5,22530,2615,CE,OC
5584,182.5,22531,3830,CS,MBC
5585,182.5,22532,1216,IT,OC
5586,182.5,22533,1216,AD,OC
5587,182.5,22534,2711,EE,BC
5588,182.5,22536,1419,EE,BC
5589,182.5,22537,1324,AD,BC
5590,182.5,22538,1324,EC,OC
5591,182.5,22540,3465,EC,MBC
5592,182.5,22541,1422,IT,BC
5593,182.5,22542,4928,CS,OC
5594,182.5,22543,2706,IT,BC
5595,182.5,22544,4971,CS,BC
5596,182.5,22545,3464,CS,MBC
5597,182.5,22546,2704,CS,OC
5598,182.5,22549,2702,IT,MBC
5599,182.5,22550,2727,CS,OC
5600,182.5,22551,1505,IT,OC
5601,182.5,22552,1231,CS,OC
5602,182.5,22553,1210,IT,MBC
5603,182.5,22554,2718,ME,BC
5604,182.5,22555,2608,IT,OC
5605,182.5,22556,2764,AD,BC
5606,182.5,22558,5,AM,OC
5607,182.5,22559,2636,CS,OC
5608,182.5,22560,4962,IT,BC
5609,182.5,22561,3795,CS,OC
5610,182.5,22562,2711,EE,BC
5611,182.5,22563,1210,CB,OC
5612,182.5,22564,2740,AD,OC
5613,182.5,22565,4993,BM,OC
5614,182.5,22566,1304,EE,BC
5615,182.5,22567,5910,CB,OC
5616,182.5,22568,4974,CE,OC
5617,182.4,22569,1309,EC,OC
5618,182.4,22570,2725,EC,OC
5619,182.4,22571,2615,ME,BC
5620,182.4,22572,2715,IT,OC
5621,182.4,22573,2007,CE,SC
5622,182.4,22574,2620,IT,OC
5623,182.4,22575,2718,MZ,OC
5624,182.4,22579,1128,AD,OC
5625,182.4,22580,1422,EC,OC
5626,182.4,22581,1419,EE,BC
5627,182.4,22586,2706,AD,BC
5628,182.4,22588,1013,CS,OC
5629,182.4,22589,2656,CE,OC
5630,182.4,22590,2734,CS,OC
5631,182.4,22592,2603,EE,OC
5632,182.4,22593,5865,CE,OC
5633,182.4,22594,5008,MF,MBC
5634,182.4,22595,1120,AD,BC
5635,182.4,22596,3011,EC,OC
5636,182.4,22598,2739,CO,BC
5637,182.4,22599,2643,CS,OC
5638,182.4,22600,2618,IT,OC
5639,182.4,22601,1422,IT,SC
5640,182.4,22602,1304,RM,BC
5641,182.4,22603,2719,CS,MBC
5642,182.4,22605,3011,IT,BC
5643,182.4,22606,2706,IT,BC
5644,182.4,22608,5986,EE,OC
5645,182.4,22609,2710,CS,BC
5646,182.4,22610,1128,AD,OC
5647,182.4,22611,2711,EI,OC
5648,182.4,22612,1304,IT,MBC
5649,182.4,22613,2706,IT,BC
5650,182.4,22614,4960,CS,SC
5651,182.4,22615,5,CS,BC
5652,182.4,22616,1324,EC,OC
5653,182.4,22619,1216,CS,BC
5654,182.4,22620,1315,CH,SC
5655,182.4,22621,2702,IT,MBC
5656,182.4,22622,3464,CS,MBC
5657,182.4,22624,1422,EC,OC
5658,182.4,22625,2739,CB,BC
5659,182.4,22627,2726,EE,OC
5660,182.4,22628,2025,ME,OC
5661,182.4,22629,2005,ME,SCA
5662,182.4,22630,2656,CS,OC
5663,182.4,22632,1432,CB,BC
5664,182.4,22633,2369,CS,MBC
5665,182.4,22634,1210,AD,BC
5666,182.4,22635,1233,CS,OC
5667,182.4,22636,2711,EI,OC
5668,182.4,22637,2723,MD,OC
5669,182.4,22640,5901,CE,MBC
5670,182.4,22641,1120,IT,BC
5671,182.4,22642,1321,MN,BC
5672,182.4,22643,1219,ME,BC
5673,182.4,22644,2710,IT,OC
5674,182.4,22645,2718,CS,SCA
5675,182.4,22646,3795,EC,OC
5676,182.4,22648,2661,IT,OC
5677,182.4,22650,1432,CO,BC
5678,182.4,22651,1026,EE,OC
5679,182.4,22652,2,TX,SC
5680,182.4,22653,1210,AD,BC
5681,182.4,22655,2005,EI,SC
5682,182.4,22656,2618,IT,OC
5683,182.4,22659,2653,EC,OC
5684,182.4,22660,1211,ME,OC
5685,182.4,22662,5910,CS,BC
5686,182.4,22663,1419,AD,MBC
5687,182.4,22664,2722,EC,BCM
5688,182.4,22665,3019,EC,OC
5689,182.4,22667,2722,EE,OC
5690,182.4,22669,2706,IT,BC
5691,182.4,22671,2718,ME,BC
5692,182.4,22672,5010,CS,BC
5693,182.4,22673,5910,CS,BC
5694,182.4,22674,2618,IT,OC
5695,182.4,22677,2702,SE,MBC
5696,182.4,22678,1520,IT,OC
5697,182.4,22679,2764,BM,MBC
5698,182.4,22680,4955,CS,OC
5699,182.4,22681,1210,EC,OC
5700,182.4,22682,4020,CS,BC
5701,182.4,22683,2718,CJ,MBC
5702,182.4,22684,2712,CE,BC
5703,182.4,22686,2719,CJ,BC
5704,182.4,22688,2702,EI,OC
5705,182.4,22690,5901,ME,OC
5706,182.4,22691,1120,IT,MBC
5707,182.4,22692,2723,CS,OC
5708,182.4,22695,1324,AD,BC
5709,182.4,22696,5910,CS,BC
5710,182.4,22697,1516,EC,BC
5711,182.4,22698,5865,EE,OC
5712,182.4,22699,2718,EE,MBC
5713,182.4,22703,4955,EC,OC
5714,182.4,22704,1324,EC,OC
5715,182.4,22706,1519,EC,OC
5716,182.4,22707,1419,EC,MBC
5717,182.4,22709,1,XM,BCM
5718,182.4,22710,2712,AU,BC
5719,182.4,22712,1321,MN,BC
5720,182.4,22713,2608,CS,BC
5721,182.4,22715,3811,EE,OC
5722,182.4,22716,2618,IT,OC
5723,182.4,22717,2725,IT,OC
5724,182.4,22720,2710,AD,OC
5725,182.4,22721,2719,EI,OC
5726,182.4,22722,2719,BM,BC
5727,182.4,22723,5910,CS,MBC
5728,182.4,22724,1306,AD,OC
5729,182.4,22725,2729,AD,OC
5730,182.4,22726,2706,EC,OC
5731,182.4,22727,2607,EE,OC
5732,182.4,22729,3011,EC,OC
5733,182.4,22731,1422,IT,BC
5734,182.4,22732,1301,EC,OC
5735,182.4,22733,2302,AG,OC
5736,182.4,22735,4965,CS,OC
5737,182.4,22738,2618,BM,OC
5738,182.4,22739,2722,EE,OC
5739,182.4,22740,2739,EC,BC
5740,182.4,22741,1422,IT,MBC
5741,182.4,22742,2706,IT,MBC
5742,182.4,22743,1210,EC,OC
5743,182.4,22746,3830,EE,OC
5744,182.4,22747,3011,IT,MBC
5745,182.4,22754,2007,CM,SCA
5746,182.4,22755,2739,CB,BC
5747,182.4,22756,1211,CE,OC
5748,182.4,22758,2653,AD,OC
5749,182.4,22760,1516,EC,MBC
5750,182.4,22763,2718,ME,BC
5751,182.4,22764,2752,EC,OC
5752,182.4,22766,2711,EE,BC
5753,182.4,22767,1118,BM,OC
5754,182.4,22768,3011,IT,BC
5755,182.4,22769,4960,BM,OC
5756,182.4,22770,2718,MZ,OC
5757,182.4,22771,1120,IT,BC
5758,182.4,22775,2710,CS,BC
5759,182.4,22776,1149,EC,OC
5760,182.4,22777,1113,EC,SC
5761,182.4,22778,1317,AD,MBC
5762,182.4,22779,2702,BM,BC
5763,182.4,22780,1231,CS,OC
5764,182.4,22781,2710,CS,BC
5765,182.4,22782,3819,CS,BC
5766,182.4,22783,5901,CE,BC
5767,182.4,22784,3011,IT,BC
5768,182.4,22785,2739,EC,BC
5769,182.4,22786,2618,CS,MBC
5770,182.4,22787,2615,CE,OC
5771,182.4,22788,2369,EC,OC
5772,182.4,22789,2764,EC,OC
5773,182.4,22792,1120,IT,BC
5774,182.4,22793,2711,FD,BC
5775,182.4,22794,1237,EE,OC
5776,182.4,22796,2709,CE,OC
5777,182.4,22797,2719,EE,OC
5778,182.4,22798,2725,CS,OC
5779,182.4,22799,1432,AD,BC
5780,182.3,22801,4917,BM,OC
5781,182.3,22802,1432,AD,MBC
5782,182.3,22803,1210,EC,OC
5783,182.3,22805,1,XC,BC
5784,182.3,22806,2707,AD,OC
5785,182.3,22807,2603,EE,OC
5786,182.3,22808,2620,IT,OC
5787,182.3,22810,2661,CS,OC
5788,182.3,22811,2710,CS,BC
5789,182.3,22814,5901,EC,SC
5790,182.3,22815,1211,ME,OC
5791,182.3,22816,1128,AD,MBC
5792,182.3,22818,5910,CB,OC
5793,182.3,22819,3795,CS,OC
5794,182.3,22820,2718,ME,MBC
5795,182.3,22821,1432,AD,BC
5796,182.3,22823,3826,EC,OC
5797,182.3,22824,2712,CE,BC
5798,182.3,22825,3011,IT,BC
5799,182.3,22827,2764,EC,OC
5800,182.3,22828,4678,EE,OC
5801,182.3,22829,2608,CS,BC
5802,182.3,22830,1219,CH,BC
5803,182.3,22831,4020,CS,BC
5804,182.3,22834,2615,ME,BC
5805,182.3,22835,2661,CS,OC
5806,182.3,22836,4960,EC,BCM
5807,182.3,22837,4944,CS,OC
5808,182.3,22838,2739,EC,BC
5809,182.3,22839,1304,BM,MBC
5810,182.3,22840,2005,ME,SC
5811,182.3,22842,1422,EC,OC
5812,182.3,22843,2643,CS,OC
5813,182.3,22844,1113,EI,OC
5814,182.3,22846,5901,EE,MBC
5815,182.3,22847,2764,AD,BC
5816,182.3,22848,2702,EI,OC
5817,182.3,22850,1211,ME,OC
5818,182.3,22851,1118,CS,OC
5819,182.3,22853,1013,CS,OC
5820,182.3,22854,1219,CE,OC
5821,182.3,22855,2735,IT,OC
5822,182.3,22856,1216,AD,OC
5823,182.3,22857,1120,IT,BC
5824,182.3,22858,2622,CS,OC
5825,182.3,22860,2618,EC,OC
5826,182.3,22862,1516,EE,OC
5827,182.3,22863,1112,CS,BCM
5828,182.3,22864,1321,PA,MBC
5829,182.3,22865,2618,IT,BC
5830,182.3,22866,1422,CS,MBC
5831,182.3,22868,4962,EC,OC
5832,182.3,22869,1306,CS,OC
5833,182.3,22870,4993,AG,OC
5834,182.3,22871,1149,EC,OC
5835,182.3,22872,1216,CS,BC
5836,182.3,22873,2710,AD,OC
5837,182.3,22874,2007,AT,SC
5838,182.3,22877,3464,CS,BC
5839,182.3,22878,2702,IT,MBC
5840,182.3,22879,1,XC,MBC
5841,182.3,22880,2719,CJ,BC
5842,182.3,22881,2,LE,BC
5843,182.3,22883,2608,EC,OC
5844,182.3,22884,5009,EC,OC
5845,182.3,22885,2643,EC,OC
5846,182.3,22886,2710,CS,BC
5847,182.3,22887,3806,IT,OC
5848,182.3,22889,2764,EC,OC
5849,182.3,22890,3819,CS,BC
5850,182.3,22891,1399,EE,SC
5851,182.3,22894,3819,CS,BC
5852,182.3,22895,1216,BM,BC
5853,182.3,22897,3465,EC,BC
5854,182.3,22898,3011,IT,BC
5855,182.3,22899,1114,EC,OC
5856,182.3,22900,2751,CS,OC
5857,182.3,22901,5010,EC,OC
5858,182.3,22902,1,GI,SCA
5859,182.3,22903,2722,EE,OC
5860,182.3,22904,2710,CS,BC
5861,182.3,22905,2739,EC,BC
5862,182.3,22906,4,EI,SCA
5863,182.3,22907,3810,AD,OC
5864,182.3,22908,5901,ME,OC
5865,182.3,22910,1432,EC,OC
5866,182.3,22911,2712,TX,OC
5867,182.3,22913,1128,EC,OC
5868,182.3,22915,2750,EC,OC
5869,182.3,22917,4960,CE,OC
5870,182.3,22918,1211,AE,BC
5871,182.3,22919,4960,EE,OC
5872,182.3,22920,2711,IT,BCM
5873,182.3,22922,5010,EC,OC
5874,182.3,22923,2618,IT,BC
5875,182.3,22924,2704,MZ,OC
5876,182.3,22925,2711,EI,OC
5877,182.3,22926,4962,EC,OC
5878,182.3,22927,1324,EC,OC
5879,182.3,22928,2611,MC,OC
5880,182.3,22929,2709,CE,OC
5881,182.3,22931,1231,IT,OC
5882,182.3,22932,5910,CS,BCM
5883,182.3,22935,2702,AE,OC
5884,182.3,22936,1112,AL,MBC
5885,182.3,22937,1210,CS,MBC
5886,182.3,22938,2735,EC,OC
5887,182.3,22939,2719,IT,MBC
5888,182.3,22942,1216,CS,MBC
5889,182.3,22943,2618,AD,OC
5890,182.3,22944,4971,IT,OC
5891,182.3,22945,1113,EI,BC
5892,182.3,22946,1106,CS,OC
5893,182.3,22947,2656,EE,OC
5894,182.3,22949,1430,CE,OC
5895,182.3,22950,1122,IT,OC
5896,182.3,22951,4020,CS,BC
5897,182.3,22952,2725,IT,OC
5898,182.3,22953,3464,CS,BC
5899,182.3,22954,2739,EC,BC
5900,182.3,22956,1450,EE,MBC
5901,182.3,22957,1419,IT,MBC
5902,182.3,22958,2711,ME,OC
5903,182.3,22959,2615,EE,SC
5904,182.3,22961,2618,IT,BC
5905,182.3,22962,3456,EE,OC
5906,182.3,22963,1120,IT,BC
5907,182.3,22965,1120,IT,BC
5908,182.3,22966,3806,CB,OC
5909,182.3,22967,2725,CS,OC
5910,182.3,22968,2711,IT,BCM
5911,182.3,22969,1516,EC,BC
5912,182.3,22970,2727,CS,OC
5913,182.3,22971,2615,CE,OC
5914,182.3,22974,1419,CJ,MBC
5915,182.3,22975,1219,ME,BC
5916,182.3,22976,2007,IM,SCA
5917,182.3,22977,1324,EC,BC
5918,182.3,22978,4960,CE,OC
5919,182.3,22979,4981,EC,OC
5920,182.2,22982,2719,RM,OC
5921,182.2,22984,1450,EC,MBC
5922,182.2,22985,2,TX,BCM
5923,182.2,22986,2615,ME,BC
5924,182.2,22988,4959,EE,OC
5925,182.2,22989,2,AP,MBC
5926,182.2,22990,1,XM,MBC
5927,182.2,22992,2702,EI,OC
5928,182.2,22993,1231,IT,OC
5929,182.2,22994,1026,EC,OC
5930,182.2,22996,1120,IT,BC
5931,182.2,22999,2005,CE,SC
5932,182.2,23000,2739,EC,BC
5933,182.2,23001,2603,EE,OC
5934,182.2,23005,1120,EI,OC
5935,182.2,23006,2722,EE,OC
5936,182.2,23007,2709,EE,MBC
5937,182.2,23008,3805,IT,OC
5938,182.2,23009,3464,CS,BC
5939,182.2,23011,4944,EC,OC
5940,182.2,23012,4974,CE,OC
5941,182.2,23014,1149,CS,BC
5942,182.2,23015,2618,IT,BC
5943,182.2,23016,2615,CE,OC
5944,182.2,23017,3825,CS,OC
5945,182.2,23018,2726,CS,OC
5946,182.2,23019,2710,EC,OC
5947,182.2,23021,5901,ME,OC
5948,182.2,23022,2711,EC,BCM
5949,182.2,23023,1113,EE,MBC
5950,182.2,23024,2706,IT,BC
5951,182.2,23025,2345,AG,OC
5952,182.2,23027,3819,IT,OC
5953,182.2,23029,2706,IT,BC
5954,182.2,23031,2615,EE,SC
5955,182.2,23032,2609,AG,OC
5956,182.2,23033,1321,MN,SC
5957,182.2,23036,2,PP,SC
5958,182.2,23037,2719,CJ,BC
5959,182.2,23039,2608,AD,OC
5960,182.2,23041,5901,EE,BCM
5961,182.2,23042,5986,EE,OC
5962,182.2,23043,1210,EC,OC
5963,182.2,23044,2712,CE,BC
5964,182.2,23045,2615,ME,BC
5965,182.2,23046,1419,CJ,BC
5966,182.2,23047,2710,CS,MBC
5967,182.2,23048,1237,CS,OC
5968,182.2,23049,3464,CS,BC
5969,182.2,23050,2711,MZ,OC
5970,182.2,23051,2719,BM,BC
5971,182.2,23052,1317,AL,MBC
5972,182.2,23053,3011,IT,BC
5973,182.2,23054,2702,AD,MBC
5974,182.2,23055,2722,EE,OC
5975,182.2,23057,1112,CS,BCM
5976,182.2,23059,2718,ME,BC
5977,182.2,23061,2739,CB,BC
5978,182.2,23063,3011,IT,BC
5979,182.2,23064,1432,EC,BC
5980,182.2,23065,1210,CB,OC
5981,182.2,23066,1149,IT,BC
5982,182.2,23067,4944,EC,OC
5983,182.2,23068,1422,AG,OC
5984,182.2,23069,2706,CS,MBC
5985,182.2,23071,2722,CS,MBC
5986,182.2,23072,4974,EC,SC
5987,182.2,23073,5010,EC,OC
5988,182.2,23074,2710,IT,OC
5989,182.2,23075,1226,CS,OC
5990,182.2,23076,1149,IT,BC
5991,182.2,23077,2718,MZ,OC
5992,182.2,23078,2718,ME,BC
5993,182.2,23079,2707,CD,OC
5994,182.2,23080,2711,EE,BC
5995,182.2,23081,1450,ME,OC
5996,182.2,23082,2702,AG,OC
5997,182.2,23083,2620,BT,OC
5998,182.2,23085,1216,CS,BC
5999,182.2,23088,2764,AD,BC
6000,182.2,23089,2610,CY,OC
6001,182.2,23090,1014,IT,OC
6002,182.2,23091,2727,CS,OC
6003,182.2,23092,1118,CS,OC
6004,182.2,23093,2704,CS,OC
6005,182.2,23094,1219,AD,SC
6006,182.2,23095,2708,CS,OC
6007,182.2,23096,5010,EC,OC
6008,182.2,23097,1210,EC,OC
6009,182.2,23098,1450,ME,OC
6010,182.2,23099,1419,CS,SC
6011,182.2,23100,1149,IT,BC
6012,182.2,23101,3011,IT,BC
6013,182.2,23102,1112,EC,BC
6014,182.2,23103,5910,CS,BC
6015,182.2,23104,2706,IT,BC
6016,182.2,23105,5910,CS,BC
6017,182.2,23106,1026,EC,OC
6018,182.2,23107,2618,IT,BC
6019,182.2,23108,1112,CS,MBC
6020,182.2,23110,1307,CS,OC
6021,182.2,23111,2761,AD,OC
6022,182.2,23113,3817,CS,OC
6023,182.2,23114,2739,EC,BC
6024,182.2,23115,2704,IT,OC
6025,182.2,23116,1432,EC,BC
6026,182.2,23117,1026,CS,MBC
6027,182.2,23118,4955,CS,OC
6028,182.2,23119,2764,EC,OC
6029,182.2,23120,3826,IT,OC
6030,182.2,23121,2,AP,MBC
6031,182.2,23122,2763,EC,OC
6032,182.2,23125,2740,IT,OC
6033,182.2,23127,4971,IT,OC
6034,182.2,23128,1516,EC,BC
6035,182.2,23129,2712,CE,BC
6036,182.2,23130,5910,CS,BCM
6037,182.2,23131,2739,EC,BC
6038,182.2,23132,3826,ME,OC
6039,182.2,23133,2726,AG,OC
6040,182.2,23137,3011,PH,OC
6041,182.2,23140,2377,EE,SC
6042,182.2,23141,1210,CS,MBC
6043,182.2,23144,3807,CS,OC
6044,182.2,23145,1211,AE,BC
6045,182.2,23146,5910,CB,OC
6046,182.2,23149,1399,CS,SC
6047,182.2,23150,4678,CS,BC
6048,182.2,23151,2615,CE,MBC
6049,182.2,23151,3011,IT,BC
6050,182.2,23153,2712,CE,MBC
6051,182.2,23154,1128,CS,MBC
6052,182.2,23155,5907,IT,OC
6053,182.2,23156,1216,CS,BC
6054,182.2,23157,2,TX,MBC
6055,182.2,23158,2618,IT,BC
6056,182.2,23159,2006,MF,SC
6057,182.2,23161,1419,EC,MBC
6058,182.2,23162,1450,EE,MBC
6059,182.2,23163,1210,IT,BCM
6060,182.2,23165,4960,EE,OC
6061,182.2,23167,4020,CS,BC
6062,182.2,23169,2369,EC,OC
6063,182.2,23170,1317,BT,BC
6064,182.2,23171,2706,IT,BC
6065,182.2,23172,4917,CS,OC
6066,182.2,23173,5010,EC,OC
6067,182.2,23174,1216,CS,BC
6068,182.2,23175,2608,CB,OC
6069,182.2,23177,5901,EE,MBC
6070,182.2,23180,1419,EC,MBC
6071,182.2,23181,2007,CE,SCA
6072,182.2,23182,1013,IT,OC
6073,182.2,23183,2642,CS,OC
6074,182.2,23185,3011,IT,SC
6075,182.2,23186,2707,AD,OC
6076,182.2,23188,1516,EE,OC
6077,182.2,23190,2702,EI,OC
6078,182.2,23192,1405,CS,OC
6079,182.2,23193,1211,CS,SC
6080,182.2,23195,2711,EE,BC
6081,182.2,23196,5986,CE,OC
6082,182.2,23200,2615,CS,SCA
6083,182.2,23201,1419,EE,BC
6084,182.2,23204,1324,AD,BC
6085,182.2,23205,2357,ME,OC
6086,182.2,23206,3464,CS,BC
6087,182.2,23207,2718,MZ,OC
6088,182.2,23208,2621,IT,OC
6089,182.1,23210,2750,EC,OC
6090,182.1,23212,2708,IT,OC
6091,182.1,23213,1324,CS,MBC
6092,182.1,23215,2603,EE,OC
6093,182.1,23217,4023,IT,OC
6094,182.1,23218,2712,AU,BC
6095,182.1,23219,1026,CS,BC
6096,182.1,23220,2377,EE,SC
6097,182.1,23222,2711,EE,BC
6098,182.1,23224,2618,IT,BC
6099,182.1,23225,1321,MN,BC
6100,182.1,23227,1432,AD,BC
6101,182.1,23229,3829,IT,OC
6102,182.1,23230,1422,CS,BCM
6103,182.1,23231,2739,CO,BC
6104,182.1,23232,1210,CB,OC
6105,182.1,23233,4959,AD,OC
6106,182.1,23234,3819,CS,BC
6107,182.1,23236,2711,EE,BC
6108,182.1,23238,2006,PS,MBC
6109,182.1,23239,5009,EE,OC
6110,182.1,23240,2727,EC,OC
6111,182.1,23241,1113,EI,BC
6112,182.1,23242,5910,CS,BC
6113,182.1,23243,5910,CB,OC
6114,182.1,23245,2702,EI,OC
6115,182.1,23249,1432,AD,MBC
6116,182.1,23251,2357,AD,OC
6117,182.1,23254,1422,CY,OC
6118,182.1,23256,2752,IT,OC
6119,182.1,23257,1317,EC,SC
6120,182.1,23259,2722,EE,OC
6121,182.1,23260,5010,CS,MBC
6122,182.1,23261,3803,CH,OC
6123,182.1,23263,1422,EC,OC
6124,182.1,23265,2618,AD,OC
6125,182.1,23267,2710,AD,OC
6126,182.1,23269,1324,CS,MBC
6127,182.1,23270,4,RP,SC
6128,182.1,23271,1118,CS,OC
6129,182.1,23272,2725,CS,OC
6130,182.1,23273,4020,EC,OC
6131,182.1,23275,2739,CB,BC
6132,182.1,23276,2615,ME,BC
6133,182.1,23278,2723,CS,OC
6134,182.1,23279,5,CH,OC
6135,182.1,23280,2628,AD,OC
6136,182.1,23283,5022,EC,OC
6137,182.1,23285,4974,ME,OC
6138,182.1,23286,1432,AD,MBC
6139,182.1,23289,2711,EC,MBC
6140,182.1,23291,4955,IT,OC
6141,182.1,23292,2608,EC,OC
6142,182.1,23294,1324,EC,BC
6143,182.1,23295,1207,EC,OC
6144,182.1,23296,1324,EC,BC
6145,182.1,23298,2710,CS,BC
6146,182.1,23300,1516,EE,OC
6147,182.1,23301,5536,EC,OC
6148,182.1,23303,5010,EC,OC
6149,182.1,23304,2702,IT,MBC
6150,182.1,23305,1432,AD,BC
6151,182.1,23306,4024,ME,OC
6152,182.1,23307,1231,IT,OC
6153,182.1,23308,4020,CS,BC
6154,182.1,23309,3801,CS,OC
6155,182.1,23310,1504,EE,OC
6156,182.1,23313,1422,EC,OC
6157,182.1,23315,2718,MZ,OC
6158,182.1,23317,1140,CS,OC
6159,182.1,23318,5,CS,BC
6160,182.1,23319,2702,AD,MBC
6161,182.1,23320,2710,CS,BC
6162,182.1,23322,1118,IT,OC
6163,182.1,23323,2005,EE,SCA
6164,182.1,23324,2615,CE,BC
6165,182.1,23325,1202,CS,OC
6166,182.1,23326,2739,ME,OC
6167,182.1,23327,5901,CE,BC
6168,182.1,23328,1399,ME,BCM
6169,182.1,23329,5009,CS,OC
6170,182.1,23330,2719,CJ,MBC
6171,182.1,23331,2710,CS,BC
6172,182.1,23332,3819,CS,BC
6173,182.1,23334,1324,EC,BC
6174,182.1,23335,2615,CE,BC
6175,182.1,23336,5010,CE,OC
6176,182.1,23338,5901,CE,BC
6177,182.1,23340,2739,CS,BCM
6178,182.1,23341,1309,EC,OC
6179,182.1,23342,2702,MC,OC
6180,182.1,23343,2007,EM,SCA
6181,182.1,23345,2722,EC,BCM
6182,182.1,23346,1216,CS,MBC
6183,182.1,23347,2622,CS,OC
6184,182.1,23349,4023,CS,OC
6185,182.1,23351,2603,EE,OC
6186,182.1,23353,2739,EC,BC
6187,182.1,23354,1126,AG,OC
6188,182.1,23357,2716,EC,OC
6189,182.1,23358,2706,EC,OC
6190,182.1,23359,2711,EE,BC
6191,182.1,23360,2005,EI,SC
6192,182.1,23361,2711,EI,OC
6193,182.1,23363,1321,MN,MBC
6194,182.1,23364,1306,EC,OC
6195,182.1,23365,2710,CS,BC
6196,182.1,23366,2710,SC,OC
6197,182.1,23367,2603,ME,OC
6198,182.1,23368,4680,CS,OC
6199,182.1,23369,5009,EC,OC
6200,182.1,23370,1309,AD,BC
6201,182.1,23371,1211,EE,MBC
6202,182.1,23372,1149,IT,BC
6203,182.1,23373,1422,EC,OC
6204,182.1,23374,2,PP,SC
6205,182.1,23375,1210,AD,MBC
6206,182.1,23376,3011,IT,BCM
6207,182.1,23377,1211,FD,BC
6208,182.1,23378,2750,BM,OC
6209,182.1,23380,2719,BM,BC
6210,182.1,23382,2708,CS,OC
6211,182.1,23384,2739,EC,BC
6212,182.1,23385,1422,CS,MBC
6213,182.1,23386,1106,EC,OC
6214,182.1,23387,4970,CS,OC
6215,182.1,23388,2615,ME,BC
6216,182.1,23389,5010,EC,OC
6217,182.1,23390,2007,EE,SCA
6218,182.1,23391,1112,EC,BC
6219,182.1,23392,2736,CS,OC
6220,182.1,23394,2656,CE,OC
6221,182.1,23395,2722,EE,OC
6222,182.1,23396,1231,CS,OC
6223,182.0,23399,2739,CO,BC
6224,182.0,23400,2618,IT,MBC
6225,182.0,23402,1309,EC,OC
6226,182.0,23403,2739,CO,BC
6227,182.0,23404,2718,MZ,OC
6228,182.0,23405,2739,CO,BC
6229,182.0,23407,1216,BM,BC
6230,182.0,23408,2608,EE,OC
6231,182.0,23409,3795,CS,OC
6232,182.0,23412,1315,ME,SC
6233,182.0,23413,1120,CS,MBC
6234,182.0,23414,2005,PR,MBC
6235,182.0,23415,1432,AD,BC
6236,182.0,23416,1211,FD,SC
6237,182.0,23417,2711,EI,OC
6238,182.0,23419,2006,PR,SC
6239,182.0,23420,5910,CS,BCM
6240,182.0,23421,2622,EC,OC
6241,182.0,23422,2764,AD,BC
6242,182.0,23423,2726,AL,OC
6243,182.0,23426,2702,AE,OC
6244,182.0,23427,2719,EE,OC
6245,182.0,23428,5910,CS,BC
6246,182.0,23433,2618,ME,OC
6247,182.0,23434,2006,PR,SC
6248,182.0,23435,1422,CY,OC
6249,182.0,23437,2723,CS,OC
6250,182.0,23438,2719,EI,OC
6251,182.0,23439,1419,EC,MBC
6252,182.0,23440,2620,CS,OC
6253,182.0,23441,4023,CS,OC
6254,182.0,23442,4960,EC,MBC
6255,182.0,23444,4960,BT,BC
6256,182.0,23447,1211,CS,SC
6257,182.0,23448,2702,EI,BC
6258,182.0,23451,4020,CS,BC
6259,182.0,23452,2710,IT,OC
6260,182.0,23453,1128,EC,OC
6261,182.0,23456,2710,IT,OC
6262,182.0,23457,2615,MT,BC
6263,182.0,23458,5901,ME,OC
6264,182.0,23459,1015,CS,OC
6265,182.0,23460,1309,EC,OC
6266,182.0,23461,2302,AD,OC
6267,182.0,23462,2302,CS,OC
6268,182.0,23463,2704,IT,SC
6269,182.0,23464,1112,CS,MBC
6270,182.0,23465,2615,MT,BC
6271,182.0,23467,2347,CS,OC
6272,182.0,23468,1450,IT,SC
6273,182.0,23469,4962,CS,BCM
6274,182.0,23471,2630,EC,OC
6275,182.0,23472,5,CF,OC
6276,182.0,23473,1219,ME,BC
6277,182.0,23476,5901,EC,SC
6278,182.0,23477,2709,EE,BC
6279,182.0,23478,2615,CE,MBC
6280,182.0,23480,1118,AD,OC
6281,182.0,23483,2712,EI,MBC
6282,182.0,23484,2653,CS,OC
6283,182.0,23485,2711,FD,BC
6284,182.0,23486,1432,AD,BC
6285,182.0,23487,2369,EC,OC
6286,182.0,23488,2357,CS,OC
6287,182.0,23489,2025,EE,BC
6288,182.0,23490,2702,MC,OC
6289,182.0,23491,2710,TS,OC
6290,182.0,23492,3465,EC,MBC
6291,182.0,23494,4,RP,SC
6292,182.0,23497,1419,CJ,BC
6293,182.0,23498,1304,CS,SC
6294,182.0,23504,1315,CH,SC
6295,182.0,23505,1419,AD,BCM
6296,182.0,23506,2725,EC,OC
6297,182.0,23508,2,TX,MBC
6298,182.0,23511,1304,EE,BC
6299,182.0,23517,4960,EE,OC
6300,182.0,23518,3701,CE,OC
6301,182.0,23519,4965,BT,OC
6302,182.0,23521,2739,CO,BC
6303,182.0,23522,5901,ME,OC
6304,182.0,23524,2719,BM,BC
6305,182.0,23525,5010,ME,OC
6306,182.0,23527,1413,CS,OC
6307,182.0,23528,4960,AD,MBC
6308,182.0,23534,4962,IT,BC
6309,182.0,23540,1210,EC,OC
6310,182.0,23541,1,CE,SCA
6311,182.0,23547,1118,CS,OC
6312,182.0,23548,2618,FT,OC
6313,182.0,23549,1210,CB,OC
6314,182.0,23551,1128,AD,BC
6315,163.0,23552,1120,ME,OC
6316,182.0,23555,1113,EI,BC
6317,182.0,23556,2711,EC,MBC
6318,182.0,23558,2618,IT,BC
6319,182.0,23560,2719,RM,OC
6320,182.0,23561,1210,CB,OC
6321,182.0,23563,1216,IT,MBC
6322,182.0,23567,1211,CS,SC
6323,182.0,23567,2710,IT,OC
6324,182.0,23570,1149,IT,BC
6325,182.0,23572,4,RP,SC
6326,182.0,23577,1118,EE,OC
6327,182.0,23580,1211,BT,MBC
6328,182.0,23583,1516,EC,BC
6329,182.0,23584,1450,EE,BC
6330,182.0,23585,1112,EC,BCM
6331,182.0,23586,1307,CS,OC
6332,182.0,23588,1422,ME,OC
6333,182.0,23589,1306,CS,OC
6334,182.0,23590,2711,FD,BC
6335,182.0,23591,2712,ME,MBC
6336,182.0,23592,1450,EC,MBC
6337,182.0,23593,1419,EE,BC
6338,182.0,23594,1304,EE,BC
6339,182.0,23595,1210,AD,BC
6340,182.0,23598,1450,IT,SC
6341,182.0,23600,1419,EI,OC
6342,182.0,23612,4020,GI,OC
6343,182.0,23613,5010,CS,BC
6344,182.0,23615,1516,ME,OC
6345,182.0,23619,1216,CS,BC
6346,182.0,23621,1210,EC,OC
6347,182.0,23624,1013,IT,OC
6348,182.0,23626,2764,EE,OC
6349,182.0,23628,1419,EE,BC
6350,182.0,23629,2,LE,BCM
6351,182.0,23630,1210,EC,OC
6352,182.0,23632,1419,EE,BC
6353,182.0,23633,1219,CH,BC
6354,182.0,23635,1321,MN,MBC
6355,182.0,23638,1317,EE,OC
6356,182.0,23639,2618,EC,OC
6357,182.0,23641,2711,IT,MBC
6358,182.0,23646,1321,MN,MBC
6359,182.0,23649,2007,EC,ST
6360,182.0,23651,5986,EE,OC
6361,182.0,23652,3465,EE,OC
6362,182.0,23653,3852,CS,OC
6363,182.0,23654,2709,EE,MBC
6364,182.0,23656,4960,IT,MBC
6365,182.0,23657,4962,EC,OC
6366,182.0,23658,1315,CH,SC
6367,182.0,23661,1128,EC,OC
6368,182.0,23663,2710,CS,BC
6369,182.0,23664,1304,EC,MBC
6370,182.0,23666,1309,AD,BC
6371,182.0,23667,1219,ME,BC
6372,182.0,23670,1419,EI,OC
6373,182.0,23671,1211,ME,OC
6374,182.0,23676,1231,CS,OC
6375,182.0,23679,2706,AD,BC
6376,182.0,23688,1120,AD,BC
6377,182.0,23689,1026,EC,OC
6378,182.0,23692,3830,EE,OC
6379,182.0,23693,2643,CS,OC
6380,182.0,23694,5010,CS,BC
6381,182.0,23696,2615,MT,MBC
6382,182.0,23697,3011,EC,OC
6383,182.0,23698,2369,EC,OC
6384,182.0,23699,5010,EC,OC
6385,182.0,23702,5901,CE,BC
6386,182.0,23703,2710,CE,OC
6387,182.0,23704,4955,CS,OC
6388,182.0,23707,1013,EC,OC
6389,182.0,23708,2719,EE,OC
6390,182.0,23709,3011,EC,OC
6391,182.0,23710,2702,BM,BC
6392,182.0,23711,1432,AD,BC
6393,182.0,23712,2005,IB,SC
6394,182.0,23713,4917,CS,OC
6395,182.0,23714,2722,EE,OC
6396,182.0,23715,1211,AL,MBC
6397,182.0,23716,1409,BT,OC
6398,182.0,23718,3801,IT,OC
6399,182.0,23719,2718,EE,MBC
6400,182.0,23720,2007,ME,SC
6401,182.0,23722,5901,EE,MBC
6402,182.0,23723,1304,RM,MBC
6403,182.0,23725,2739,EC,BC
6404,182.0,23726,3805,IT,OC
6405,182.0,23727,2727,BT,OC
6406,182.0,23729,4023,CS,OC
6407,182.0,23730,3830,CS,BC
6408,182.0,23731,3011,BT,MBC
6409,182.0,23734,1112,EC,BC
6410,182.0,23739,4,RP,SC
6411,182.0,23740,1216,IT,BCM
6412,182.0,23742,2726,AO,OC
6413,182.0,23743,3833,CS,OC
6414,182.0,23744,1210,EC,OC
6415,182.0,23745,2,LE,SC
6416,182.0,23746,1211,CS,SC
6417,182.0,23747,2706,AD,BC
6418,182.0,23749,2712,AE,SCA
6419,182.0,23750,2621,CS,OC
6420,182.0,23751,1422,CS,SC
6421,182.0,23752,5901,ME,OC
6422,182.0,23753,2615,CE,BC
6423,182.0,23754,1419,EE,BC
6424,182.0,23755,1211,ME,OC
6425,182.0,23756,3465,EC,MBC
6426,182.0,23757,1412,ME,OC
6427,182.0,23758,2719,AE,OC
6428,182.0,23759,4670,CS,OC
6429,182.0,23761,5010,CS,BC
6430,182.0,23762,4020,GI,OC
6431,182.0,23763,2718,MZ,OC
6432,182.0,23764,2711,EC,MBC
6433,182.0,23765,1210,AD,BC
6434,182.0,23766,2708,CS,OC
6435,182.0,23767,2712,FT,OC
6436,182.0,23769,5910,IT,OC
6437,182.0,23770,3805,IT,OC
6438,182.0,23772,2618,IT,BC
6439,182.0,23776,1321,MN,BC
6440,182.0,23778,1112,EC,MBC
6441,182.0,23779,2601,CS,OC
6442,182.0,23780,5901,ME,OC
6443,182.0,23781,2618,EC,OC
6444,182.0,23782,1210,EC,BC
6445,182.0,23783,5921,EC,OC
6446,182.0,23785,2764,EC,OC
6447,182.0,23786,4959,AD,OC
6448,182.0,23787,1324,CS,MBC
6449,182.0,23788,2661,CS,OC
6450,182.0,23789,3011,EC,OC
6451,181.9,23790,3011,EC,OC
6452,181.9,23791,1408,CS,OC
6453,181.9,23793,1219,ME,BC
6454,181.9,23794,2711,EE,MBC
6455,181.9,23795,1422,EC,OC
6456,181.9,23796,5986,CS,MBC
6457,181.9,23797,2710,SC,OC
6458,181.9,23798,5910,CS,BC
6459,181.9,23799,1311,EC,OC
6460,181.9,23801,1516,EC,BC
6461,181.9,23805,1419,IC,OC
6462,181.9,23807,5904,CS,OC
6463,181.9,23809,2706,IT,BC
6464,181.9,23810,5901,CE,BC
6465,181.9,23811,2736,CS,OC
6466,181.9,23812,2722,EE,OC
6467,181.9,23813,2,FS,SCA
6468,181.9,23816,2618,EC,OC
6469,181.9,23817,2706,IT,BC
6470,181.9,23818,4960,EE,OC
6471,181.9,23819,2609,IT,OC
6472,181.9,23820,2706,EC,OC
6473,181.9,23821,4670,ME,OC
6474,181.9,23822,1210,EC,BC
6475,181.9,23824,1304,EE,BC
6476,181.9,23825,4962,CS,BCM
6477,181.9,23826,2,CR,MBC
6478,181.9,23827,2608,CS,BC
6479,181.9,23828,2750,CS,OC
6480,181.9,23829,2712,FT,OC
6481,181.9,23830,2005,ME,SC
6482,181.9,23831,3801,IT,OC
6483,181.9,23832,5910,CS,BC
6484,181.9,23833,2722,CS,MBC
6485,181.9,23834,2710,CS,BC
6486,181.9,23835,4962,IT,BC
6487,181.9,23837,3011,BT,BC
6488,181.9,23838,1509,CS,OC
6489,181.9,23839,4974,CS,SC
6490,181.9,23840,2608,EC,OC
6491,181.9,23843,2607,AD,OC
6492,181.9,23846,2608,IT,OC
6493,181.9,23849,1120,CS,MBC
6494,181.9,23850,2610,CS,OC
6495,181.9,23852,2025,ME,OC
6496,181.9,23853,1306,CS,OC
6497,181.9,23854,2710,CS,BC
6498,181.9,23855,2,CR,MBC
6499,181.9,23856,3803,CS,OC
6500,181.9,23859,1149,AD,OC
6501,181.9,23860,1315,ME,SC
6502,181.9,23861,1317,EE,OC
6503,181.9,23863,3011,BT,MBC
6504,181.9,23865,2610,CS,OC
6505,181.9,23866,4960,EE,BC
6506,181.9,23867,2718,EC,SC
6507,181.9,23868,2621,EC,OC
6508,181.9,23869,1219,CE,MBC
6509,181.9,23871,1516,EC,BC
6510,181.9,23873,1310,CS,OC
6511,181.9,23874,1422,EC,OC
6512,181.9,23875,1118,CS,OC
6513,181.9,23876,1231,AD,OC
6514,181.9,23877,5901,CE,BCM
6515,181.9,23878,1013,CS,BC
6516,181.9,23879,2357,ME,OC
6517,181.9,23881,2726,CS,OC
6518,181.9,23882,1112,EC,BC
6519,181.9,23884,1210,EC,BC
6520,181.9,23888,1210,EC,BC
6521,181.9,23890,2719,EE,OC
6522,181.9,23891,1112,EC,BC
6523,181.9,23892,3830,EE,OC
6524,181.9,23893,1317,ME,OC
6525,181.9,23895,1210,CB,OC
6526,181.9,23896,2726,CS,OC
6527,181.9,23897,1516,CS,MBC
6528,181.9,23898,2653,EC,OC
6529,181.9,23900,5901,ME,OC
6530,181.9,23903,2025,ME,OC
6531,181.9,23905,4962,EC,OC
6532,181.9,23907,1419,CS,SC
6533,181.9,23908,2711,EI,OC
6534,181.9,23909,1316,BM,OC
6535,181.9,23910,2607,CS,OC
6536,181.9,23910,4955,CS,OC
6537,181.9,23913,3011,IT,BC
6538,181.9,23916,1211,ME,OC
6539,181.9,23917,1112,EC,BC
6540,181.9,23918,1419,EI,OC
6541,181.9,23919,2719,CS,MBC
6542,181.9,23921,2741,CS,OC
6543,181.9,23922,1317,BT,BC
6544,181.9,23924,3830,CS,BC
6545,181.9,23925,1210,AD,BC
6546,181.9,23926,4955,CB,OC
6547,181.9,23927,1118,IT,OC
6548,181.9,23928,2,LE,BCM
6549,181.9,23929,1306,AD,OC
6550,181.9,23930,2702,EC,SC
6551,181.9,23932,1210,IT,MBC
6552,181.9,23933,1419,EI,OC
6553,181.9,23934,2342,CS,OC
6554,181.9,23935,5901,CE,MBC
6555,181.9,23936,2706,IT,BC
6556,181.9,23937,1306,IT,OC
6557,181.9,23939,5901,ME,OC
6558,181.9,23940,3011,IT,BC
6559,181.9,23941,4994,CS,OC
6560,181.9,23942,5986,EE,OC
6561,181.9,23945,1309,IT,MBC
6562,181.9,23946,2708,CS,OC
6563,181.9,23948,2710,CS,BC
6564,181.9,23949,3011,BT,BC
6565,181.9,23950,2735,IT,OC
6566,181.9,23951,1216,CE,OC
6567,181.9,23952,2702,IT,MBC
6568,181.9,23953,2710,AD,MBC
6569,181.9,23954,1237,CS,OC
6570,181.9,23955,1219,ME,BC
6571,181.9,23957,2723,CS,OC
6572,181.9,23959,5904,CS,OC
6573,181.9,23962,1210,CB,BC
6574,181.9,23964,1432,EC,BC
6575,181.9,23964,2611,EE,OC
6576,181.9,23965,2369,CS,MBC
6577,181.9,23966,5832,CS,OC
6578,181.9,23967,2729,AE,OC
6579,181.9,23968,1210,EC,BC
6580,181.9,23969,2661,EE,OC
6581,181.9,23970,2764,EC,OC
6582,181.9,23971,1211,FD,MBC
6583,181.9,23973,1412,EC,OC
6584,181.9,23974,5910,CS,MBC
6585,181.9,23977,2719,CJ,BC
6586,181.9,23979,1317,EE,OC
6587,181.9,23980,5986,EE,OC
6588,181.9,23981,2719,EI,OC
6589,181.9,23983,1219,IT,SC
6590,181.9,23984,1516,EC,MBC
6591,181.9,23987,1324,EE,OC
6592,181.9,23988,3011,EC,OC
6593,181.9,23989,1118,CS,OC
6594,181.9,23990,5008,CE,SC
6595,181.9,23991,1432,EC,BC
6596,181.9,23992,5010,CS,BC
6597,181.9,23993,2377,EE,SC
6598,181.9,23994,3465,EC,BC
6599,181.9,23995,2608,AL,OC
6600,181.9,23996,5910,CS,BC
6601,181.9,23997,1112,EC,BC
6602,181.9,23999,1128,AD,BC
6603,181.9,24000,2005,IT,ST
6604,181.9,24001,2710,IT,OC
6605,181.9,24002,2735,CS,OC
6606,181.9,24003,2719,IT,MBC
6607,181.9,24005,2718,MZ,BC
6608,181.9,24008,1419,IC,OC
6609,181.9,24009,2750,BT,OC
6610,181.9,24010,2007,EY,SCA
6611,181.9,24011,1432,AD,BC
6612,181.9,24014,1432,AD,BC
6613,181.9,24015,1211,ME,OC
6614,181.9,24018,3830,CS,MBC
6615,181.8,24019,2005,ME,SC
6616,181.8,24020,4981,CS,OC
6617,181.8,24021,4960,CS,SC
6618,181.8,24022,2722,IT,MBC
6619,181.8,24023,1306,CS,BC
6620,181.8,24024,2702,AD,MBC
6621,181.8,24025,4962,EC,OC
6622,181.8,24027,1210,AD,BC
6623,181.8,24028,2723,EC,OC
6624,181.8,24029,1516,EC,BC
6625,181.8,24030,2727,CS,OC
6626,181.8,24032,2718,EE,MBC
6627,181.8,24033,2719,EE,OC
6628,181.8,24034,3464,CS,MBC
6629,181.8,24035,2718,MZ,BC
6630,181.8,24038,2739,CO,BC
6631,181.8,24040,1118,IT,OC
6632,181.8,24042,2722,EE,OC
6633,181.8,24043,2752,CS,OC
6634,181.8,24045,4928,CS,OC
6635,181.8,24047,2622,CS,MBC
6636,181.8,24048,2006,TX,BCM
6637,181.8,24049,1419,EC,MBC
6638,181.8,24050,2718,MZ,BC
6639,181.8,24051,2712,CE,BC
6640,181.8,24054,3011,BT,MBC
6641,181.8,24055,2712,EC,SC
6642,181.8,24057,2615,MT,MBC
6643,181.8,24057,4971,CS,BC
6644,181.8,24058,1317,EE,OC
6645,181.8,24059,2710,AD,MBC
6646,181.8,24060,2739,CO,BC
6647,181.8,24061,1321,MN,BC
6648,181.8,24062,3819,EC,OC
6649,181.8,24064,1516,EE,OC
6650,181.8,24066,2722,AD,MBC
6651,181.8,24069,1210,CS,MBC
6652,181.8,24070,1419,IC,OC
6653,181.8,24071,4962,EC,OC
6654,181.8,24072,2739,AD,BCM
6655,181.8,24073,2706,EC,OC
6656,181.8,24075,1211,CE,OC
6657,181.8,24076,2735,IT,OC
6658,181.8,24077,1211,AL,MBC
6659,181.8,24078,3819,CS,MBC
6660,181.8,24080,2718,MZ,BC
6661,181.8,24081,1231,CS,MBC
6662,181.8,24082,1149,IT,BC
6663,181.8,24083,2718,EE,MBC
6664,181.8,24084,1231,AD,OC
6665,181.8,24086,1120,CS,MBC
6666,181.8,24088,2702,AG,MBC
6667,181.8,24089,1219,CH,BC
6668,181.8,24097,1112,EC,BC
6669,181.8,24098,1219,IT,SC
6670,181.8,24099,2710,CS,BC
6671,181.8,24100,1304,EC,MBC
6672,181.8,24101,2722,EC,MBC
6673,181.8,24102,2712,EC,SC
6674,181.8,24103,1118,CB,OC
6675,181.8,24104,2615,CE,BC
6676,181.8,24106,2618,IT,BC
6677,181.8,24107,2618,IT,BC
6678,181.8,24109,4962,IT,MBC
6679,181.8,24110,3011,IT,BC
6680,181.8,24111,5901,CE,BC
6681,181.8,24112,2719,IT,MBC
6682,181.8,24114,2343,HT,OC
6683,181.8,24115,1306,CS,BC
6684,181.8,24116,5910,CB,OC
6685,181.8,24118,4023,IT,OC
6686,181.8,24119,2727,CS,OC
6687,181.8,24120,2702,CE,OC
6688,181.8,24122,1422,CS,SC
6689,181.8,24123,3011,CS,BCM
6690,181.8,24124,3806,IT,OC
6691,181.8,24126,2722,EE,OC
6692,181.8,24127,1149,CS,MBC
6693,181.8,24128,1219,ME,BC
6694,181.8,24129,4962,EC,OC
6695,181.8,24130,4020,CS,BC
6696,181.8,24131,2723,CS,OC
6697,181.8,24132,1210,EC,BC
6698,181.8,24133,3819,EC,OC
6699,181.8,24134,1317,ME,OC
6700,181.8,24135,1225,EE,OC
6701,181.8,24137,2718,CS,SC
6702,181.8,24138,2722,CS,MBC
6703,181.8,24140,2603,EE,OC
6704,181.8,24142,1419,EC,MBC
6705,181.8,24143,5901,ME,OC
6706,181.8,24144,2622,BT,OC
6707,181.8,24145,5008,IM,SCA
6708,181.8,24146,1237,EC,OC
6709,181.8,24147,1149,EC,OC
6710,181.8,24148,2719,AD,MBC
6711,181.8,24149,2735,EC,OC
6712,181.8,24150,1409,BM,OC
6713,181.8,24151,2722,EE,OC
6714,181.8,24153,3465,EE,OC
6715,181.8,24155,1452,CS,OC
6716,181.8,24156,1419,CJ,BC
6717,181.8,24157,2718,MZ,BC
6718,181.8,24158,2719,CJ,BC
6719,181.8,24159,1211,BT,MBC
6720,181.8,24160,2610,EC,OC
6721,181.8,24161,2704,EC,OC
6722,181.8,24164,2653,CS,OC
6723,181.8,24165,2739,CO,BC
6724,181.8,24166,2615,ME,MBC
6725,181.8,24167,2719,EE,MBC
6726,181.8,24168,2702,BM,BC
6727,181.8,24169,4944,CS,OC
6728,181.8,24170,3011,BT,SC
6729,181.8,24174,2722,EE,OC
6730,181.8,24175,1,XC,BC
6731,181.8,24177,2706,IT,BC
6732,181.8,24178,1211,CS,SC
6733,181.8,24179,4962,ME,OC
6734,181.8,24181,2710,IT,OC
6735,181.8,24184,2653,CS,OC
6736,181.8,24185,3011,EC,OC
6737,181.8,24186,2723,BM,OC
6738,181.8,24188,1210,EC,MBC
6739,181.8,24189,4931,EC,OC
6740,181.8,24190,5,CS,SC
6741,181.8,24191,2636,AD,OC
6742,181.8,24192,1210,EE,OC
6743,181.8,24193,1149,EC,OC
6744,181.8,24197,1309,EC,OC
6745,181.8,24198,1231,CS,BC
6746,181.8,24199,2706,IT,BC
6747,181.8,24201,1306,IT,OC
6748,181.8,24202,1216,CS,BC
6749,181.8,24204,4670,CS,OC
6750,181.8,24205,3806,IT,OC
6751,181.8,24207,2615,ME,BC
6752,181.8,24208,1013,EC,OC
6753,181.8,24209,3011,BT,MBC
6754,181.8,24210,5910,EC,OC
6755,181.8,24211,2718,ME,BCM
6756,181.8,24213,2719,RM,OC
6757,181.8,24214,4917,CH,OC
6758,181.8,24216,2709,EE,BC
6759,181.8,24217,1231,CS,BC
6760,181.8,24218,2603,EE,OC
6761,181.8,24220,1419,CJ,BC
6762,181.8,24221,2710,AD,BC
6763,181.8,24223,1516,EC,BC
6764,181.7,24224,1219,CH,BC
6765,181.7,24225,1304,BM,MBC
6766,181.7,24227,4023,EC,OC
6767,181.7,24228,1422,EC,OC
6768,181.7,24230,3803,EC,OC
6769,181.7,24231,1013,IT,OC
6770,181.7,24234,5530,CS,OC
6771,181.7,24235,1210,EC,BC
6772,181.7,24236,2702,ME,OC
6773,181.7,24237,1422,CS,BCM
6774,181.7,24238,1309,AD,BC
6775,181.7,24239,2710,TS,OC
6776,181.7,24240,2615,ME,MBC
6777,181.7,24241,1309,EC,OC
6778,181.7,24242,1432,AD,BC
6779,181.7,24243,2621,IT,OC
6780,181.7,24244,2727,AD,OC
6781,181.7,24245,1306,EC,OC
6782,181.7,24246,5910,CS,BC
6783,181.7,24247,1118,IT,OC
6784,181.7,24248,1210,EC,BC
6785,181.7,24249,2007,ME,SCA
6786,181.7,24250,2712,AD,SC
6787,181.7,24252,2718,ME,BC
6788,181.7,24253,1,XM,MBC
6789,181.7,24254,1013,CS,BC
6790,181.7,24255,1216,CS,BC
6791,181.7,24256,2719,EE,BC
6792,181.7,24258,1118,IT,OC
6793,181.7,24259,1317,EC,BCM
6794,181.7,24260,1210,CB,BC
6795,181.7,24262,2710,EC,OC
6796,181.7,24263,1231,CS,BC
6797,181.7,24264,1422,CY,BC
6798,181.7,24265,2725,IT,OC
6799,181.7,24266,2764,EC,OC
6800,181.7,24267,1216,IT,BC
6801,181.7,24268,2704,CS,OC
6802,181.7,24270,1311,AO,OC
6803,181.7,24271,1309,AD,BC
6804,181.7,24273,1216,IT,BC
6805,181.7,24274,1210,EC,BC
6806,181.7,24275,1321,MN,MBC
6807,181.7,24276,1422,EC,OC
6808,181.7,24279,2722,EE,OC
6809,181.7,24280,1516,EC,BC
6810,181.7,24281,2764,EC,OC
6811,181.7,24282,2711,IT,MBC
6812,181.7,24283,2726,EC,OC
6813,181.7,24284,2618,EC,OC
6814,181.7,24285,5,CS,BC
6815,181.7,24286,1422,CS,MBC
6816,181.7,24289,1311,AD,OC
6817,181.7,24290,2736,IT,OC
6818,181.7,24294,2706,AD,BC
6819,181.7,24295,2735,AD,OC
6820,181.7,24297,2702,FD,OC
6821,181.7,24299,5,IT,OC
6822,181.7,24301,1216,CS,BC
6823,181.7,24302,2608,CS,BC
6824,181.7,24304,5910,CS,BC
6825,181.7,24305,1324,AD,BC
6826,181.7,24306,1210,EC,BC
6827,181.7,24308,2615,CS,SCA
6828,181.7,24309,2656,CE,OC
6829,181.7,24310,3464,CS,BC
6830,181.7,24311,1216,CS,BC
6831,181.7,24317,1219,ME,BC
6832,181.7,24318,2711,IT,MBC
6833,181.7,24319,2608,AD,OC
6834,181.7,24321,2653,IT,OC
6835,181.7,24323,4,RP,SC
6836,181.7,24324,2702,FT,OC
6837,181.7,24325,3830,EC,OC
6838,181.7,24326,1309,EC,OC
6839,181.7,24328,3826,CS,OC
6840,181.7,24329,5910,CS,BC
6841,181.7,24330,2608,EE,OC
6842,181.7,24331,2721,EE,OC
6843,181.7,24332,2005,CE,BCM
6844,181.7,24333,4960,EE,BC
6845,181.7,24334,4974,ME,OC
6846,181.7,24336,1118,CS,BC
6847,181.7,24337,1432,EC,MBC
6848,181.7,24338,2764,EC,OC
6849,181.7,24339,1013,CS,MBC
6850,181.7,24340,2005,CE,SC
6851,181.7,24341,5910,CS,BC
6852,181.7,24342,2656,AD,BC
6853,181.7,24343,5009,CS,OC
6854,181.7,24345,1210,EC,BC
6855,181.7,24346,1216,IT,BC
6856,181.7,24347,3805,BM,OC
6857,181.7,24349,1516,EE,OC
6858,181.7,24350,2739,EE,OC
6859,181.7,24351,3464,CS,MBC
6860,181.7,24352,5008,EC,SCA
6861,181.7,24353,1399,CE,OC
6862,181.7,24354,1311,CS,OC
6863,181.7,24357,1128,AD,BC
6864,181.7,24358,4678,AD,OC
6865,181.7,24360,1432,EC,BC
6866,181.7,24362,1112,EC,BC
6867,181.7,24365,1113,CE,OC
6868,181.7,24367,3464,CS,BC
6869,181.7,24368,1210,CB,BC
6870,181.7,24369,4949,CS,OC
6871,181.7,24370,5986,EE,OC
6872,181.7,24371,1399,CE,OC
6873,181.7,24372,4678,CS,BC
6874,181.7,24373,4917,BM,OC
6875,181.7,24374,1231,CS,BC
6876,181.7,24375,4020,EC,OC
6877,181.7,24377,4944,CS,OC
6878,181.7,24378,2620,IT,OC
6879,181.7,24379,1432,CB,MBC
6880,181.7,24380,2739,EE,OC
6881,181.7,24381,2005,PR,BCM
6882,181.7,24382,2,LE,MBC
6883,181.7,24384,5910,CS,BC
6884,181.7,24385,1317,AL,MBC
6885,181.7,24386,1309,IT,BCM
6886,181.7,24388,1304,CS,SC
6887,181.7,24389,2764,BM,BC
6888,181.7,24390,1422,EC,OC
6889,181.7,24391,1128,EC,OC
6890,181.7,24392,2615,ME,BC
6891,181.7,24393,5009,CS,OC
6892,181.6,24394,2618,AD,OC
6893,181.6,24395,1315,ME,SCA
6894,181.6,24396,1211,FD,BC
6895,181.6,24397,1317,EE,OC
6896,181.6,24398,5986,EE,OC
6897,181.6,24399,5008,EY,SC
6898,181.6,24402,2620,EC,OC
6899,181.6,24403,1516,EC,BC
6900,181.6,24404,2615,ME,MBC
6901,181.6,24406,2727,EC,OC
6902,181.6,24407,5,IT,OC
6903,181.6,24409,1216,AD,OC
6904,181.6,24410,2608,CS,BC
6905,181.6,24411,3795,EC,OC
6906,181.6,24412,4931,CS,OC
6907,181.6,24413,2710,AD,BC
6908,181.6,24414,1419,EI,OC
6909,181.6,24416,2702,MC,OC
6910,181.6,24419,2709,EE,MBC
6911,181.6,24420,4974,CE,SC
6912,181.6,24421,2715,CS,OC
6913,181.6,24422,2712,CE,BC
6914,181.6,24425,3464,CS,MBC
6915,181.6,24426,2719,RM,OC
6916,181.6,24428,2736,EE,OC
6917,181.6,24430,1149,IT,BC
6918,181.6,24433,2710,IT,OC
6919,181.6,24434,1324,EC,BC
6920,181.6,24436,2603,EE,OC
6921,181.6,24438,2727,CS,OC
6922,181.6,24440,3819,AD,OC
6923,181.6,24441,2752,CS,OC
6924,181.6,24442,2369,EC,OC
6925,181.6,24444,2750,AE,OC
6926,181.6,24445,2722,CS,MBC
6927,181.6,24446,1422,CY,BC
6928,181.6,24447,1120,CS,MBC
6929,181.6,24448,2736,EC,OC
6930,181.6,24449,1309,EC,OC
6931,181.6,24450,2712,AD,SC
6932,181.6,24453,2707,EC,OC
6933,181.6,24454,1112,CB,MBC
6934,181.6,24455,2712,AU,BC
6935,181.6,24456,2718,EE,MBC
6936,181.6,24457,2731,CS,OC
6937,181.6,24459,2750,CS,OC
6938,181.6,24461,1422,EC,OC
6939,181.6,24462,2719,EE,BC
6940,181.6,24463,3464,CS,BC
6941,181.6,24464,1399,CS,SC
6942,181.6,24465,2710,AD,BC
6943,181.6,24466,2712,EC,SC
6944,181.6,24468,2369,EC,OC
6945,181.6,24470,2622,EC,OC
6946,181.6,24473,2711,EC,MBC
6947,181.6,24477,1317,EC,MBC
6948,181.6,24478,1432,EC,BC
6949,181.6,24481,3803,CS,OC
6950,181.6,24482,2711,CS,SCA
6951,181.6,24483,1210,EC,BC
6952,181.6,24484,2718,MZ,BC
6953,181.6,24486,2750,EC,OC
6954,181.6,24488,2739,AD,MBC
6955,181.6,24489,3819,CS,MBC
6956,181.6,24491,1317,EE,OC
6957,181.6,24492,1321,MN,BC
6958,181.6,24494,1324,EC,BC
6959,181.6,24495,1216,IT,BC
6960,181.6,24497,2736,CS,OC
6961,181.6,24498,2653,IT,OC
6962,181.6,24500,5910,EE,OC
6963,181.6,24501,1432,EC,BC
6964,181.6,24502,5532,CS,OC
6965,181.6,24504,4670,CS,OC
6966,181.6,24506,2723,IT,OC
6967,181.6,24507,1120,EC,OC
6968,181.6,24512,2618,AD,OC
6969,181.6,24513,2025,EC,BCM
6970,181.6,24514,4024,ME,OC
6971,181.6,24516,4023,IT,OC
6972,181.6,24517,2006,IY,SC
6973,181.6,24518,2618,IT,BC
6974,181.6,24520,2741,CE,OC
6975,181.6,24521,1112,EC,BC
6976,181.6,24522,1231,CS,BC
6977,181.6,24523,1450,IT,SC
6978,181.6,24526,1513,IT,OC
6979,181.6,24527,1231,CS,BC
6980,181.6,24528,5901,CE,MBC
6981,181.6,24529,3830,EC,OC
6982,181.6,24530,4023,CS,BC
6983,181.6,24531,2005,CE,SC
6984,181.6,24532,1321,MN,MBC
6985,181.6,24532,1026,CS,MBC
6986,181.6,24533,4020,CS,BC
6987,181.6,24534,2711,EE,MBC
6988,181.6,24535,2622,CS,BC
6989,181.6,24536,3011,IT,MBC
6990,181.6,24537,1110,CS,OC
6991,181.6,24540,2702,AL,MBC
6992,181.6,24541,2706,EC,OC
6993,181.6,24542,4960,EC,MBC
6994,181.6,24545,1324,EC,BC
6995,181.6,24546,2006,IY,SC
6996,181.6,24548,3011,EC,OC
6997,181.6,24549,5901,EC,SC
6998,181.6,24550,5532,EC,OC
6999,181.6,24553,2719,BM,SC
7000,181.6,24554,1419,ME,OC
7001,181.6,24555,1216,CH,OC
7002,181.6,24556,2711,MZ,OC
7003,181.6,24559,2622,ME,OC
7004,181.6,24560,1509,CS,OC
7005,181.6,24561,2601,IT,OC
7006,181.6,24562,2727,BT,OC
7007,181.6,24563,2719,CJ,BC
7008,181.6,24564,2710,CS,BC
7009,181.6,24565,1432,AD,BC
7010,181.6,24566,3803,CS,OC
7011,181.6,24567,2702,AE,OC
7012,181.6,24569,1120,CE,OC
7013,181.6,24570,2726,BM,OC
7014,181.6,24572,4944,CS,OC
7015,181.6,24574,2005,IB,SC
7016,181.6,24576,1120,IT,MBC
7017,181.6,24577,2712,ME,MBC
7018,181.6,24578,2704,IT,BC
7019,181.6,24579,1321,MN,MBC
7020,181.6,24580,2718,EE,MBC
7021,181.6,24581,2719,CJ,BC
7022,181.6,24582,5008,EY,SC
7023,181.6,24583,2357,EC,OC
7024,181.6,24584,2719,BM,BC
7025,181.6,24586,5986,CS,MBC
7026,181.6,24587,2601,CS,OC
7027,181.6,24588,2751,IT,OC
7028,181.6,24589,1120,AD,BC
7029,181.6,24590,2025,EE,BC
7030,181.6,24591,2609,EE,OC
7031,181.6,24592,2722,IT,MBC
7032,181.6,24593,3465,CS,SC
7033,181.6,24594,2629,MD,OC
7034,181.6,24595,1118,EC,OC
7035,181.6,24596,3795,CS,OC
7036,181.6,24598,1317,EE,OC
7037,181.6,24599,2711,FD,BC
7038,181.6,24600,2706,AD,MBC
7039,181.6,24602,2723,CS,BC
7040,181.6,24604,1216,CS,BC
7041,181.6,24606,1216,EC,OC
7042,181.6,24608,2603,EE,MBC
7043,181.6,24609,1419,EE,BC
7044,181.6,24610,2718,MZ,MBC
7045,181.6,24612,1112,EC,BC
7046,181.6,24613,1419,CS,SC
7047,181.6,24615,4959,CS,OC
7048,181.6,24618,3011,EC,OC
7049,181.6,24619,2727,CS,OC
7050,181.6,24620,2710,IT,OC
7051,181.6,24621,1211,EE,MBC
7052,181.6,24622,2702,EC,MBC
7053,181.6,24623,1399,EE,MBC
7054,181.6,24624,1120,EC,OC
7055,181.6,24625,4960,EE,BC
7056,181.6,24626,4966,CS,OC
7057,181.6,24628,3456,CS,OC
7058,181.6,24629,2719,BM,MBC
7059,181.6,24630,1516,EC,BC
7060,181.6,24632,1516,EC,BC
7061,181.6,24633,2656,CE,OC
7062,181.6,24635,1324,CO,OC
7063,181.6,24636,5910,CB,OC
7064,181.5,24637,5910,CS,BC
7065,181.5,24640,2706,AD,BC
7066,181.5,24641,2702,IT,MBC
7067,181.5,24645,1216,CS,BC
7068,181.5,24646,2741,EC,OC
7069,181.5,24649,1304,RM,BC
7070,181.5,24650,2710,IT,OC
7071,181.5,24651,2739,CS,BCM
7072,181.5,24652,2718,MZ,MBC
7073,181.5,24653,4962,EC,BC
7074,181.5,24654,1306,CS,BC
7075,181.5,24655,4974,ME,OC
7076,181.5,24656,2622,CS,BC
7077,181.5,24657,1317,EI,OC
7078,181.5,24659,2709,EE,BC
7079,181.5,24661,1504,BT,OC
7080,181.5,24662,1317,AL,MBC
7081,181.5,24663,1324,EC,BC
7082,181.5,24664,4955,CS,OC
7083,181.5,24665,1216,CS,BC
7084,181.5,24669,1128,AD,MBC
7085,181.5,24671,4020,EC,OC
7086,181.5,24672,5008,EM,SCA
7087,181.5,24673,1219,ME,MBC
7088,181.5,24674,2710,AD,BC
7089,181.5,24675,1118,CS,BC
7090,181.5,24678,1519,CS,OC
7091,181.5,24679,3805,ME,OC
7092,181.5,24682,2710,CS,MBC
7093,181.5,24683,3465,EE,OC
7094,181.5,24685,2710,TS,OC
7095,181.5,24686,2702,IT,MBC
7096,181.5,24687,5022,EE,OC
7097,181.5,24688,1432,EC,BC
7098,181.5,24690,5901,CE,BC
7099,181.5,24691,3803,CS,OC
7100,181.5,24692,2727,CS,BC
7101,181.5,24694,2025,EE,MBC
7102,181.5,24695,1317,EC,SC
7103,181.5,24696,1231,CS,BC
7104,181.5,24697,2764,EC,OC
7105,181.5,24698,1216,IT,MBC
7106,181.5,24699,1310,EC,OC
7107,181.5,24700,1317,EE,OC
7108,181.5,24701,3826,CS,BC
7109,181.5,24703,2718,MZ,MBC
7110,181.5,24704,2719,BM,BC
7111,181.5,24706,2719,CJ,BC
7112,181.5,24707,1210,EC,BC
7113,181.5,24708,5910,CS,BC
7114,181.5,24709,2615,CE,BC
7115,181.5,24710,2621,EC,OC
7116,181.5,24712,1210,CB,BC
7117,181.5,24713,1216,AG,OC
7118,181.5,24715,3464,EC,OC
7119,181.5,24716,1317,EE,OC
7120,181.5,24718,2706,EC,OC
7121,181.5,24721,1309,IT,MBC
7122,181.5,24723,2706,EC,OC
7123,181.5,24724,2620,EC,OC
7124,181.5,24725,5904,IT,OC
7125,181.5,24726,1128,AD,BC
7126,181.5,24727,1317,EE,OC
7127,181.5,24728,1304,EE,BC
7128,181.5,24729,2706,EC,OC
7129,181.5,24732,2025,ME,OC
7130,181.5,24735,2710,TS,OC
7131,181.5,24736,2609,EC,OC
7132,181.5,24738,1317,BT,MBC
7133,181.5,24741,2615,CE,BC
7134,181.5,24742,1219,EE,MBC
7135,181.5,24743,1216,EC,OC
7136,181.5,24747,4020,EC,OC
7137,181.5,24748,2603,EE,BC
7138,181.5,24749,3011,CS,SC
7139,181.5,24752,1408,CS,OC
7140,181.5,24753,1419,EE,BC
7141,181.5,24755,2618,AD,BC
7142,181.5,24761,2710,AD,BC
7143,181.5,24763,2007,ME,SC
7144,181.5,24764,1317,EE,OC
7145,181.5,24765,4020,CS,BC
7146,181.5,24769,2753,BM,OC
7147,181.5,24770,2736,CS,OC
7148,181.5,24772,1309,EC,BC
7149,181.5,24774,5904,CS,OC
7150,181.5,24775,2727,FD,OC
7151,181.5,24777,1219,IT,SC
7152,181.5,24778,1210,EC,BC
7153,181.5,24779,1219,AU,OC
7154,181.5,24781,4971,EC,OC
7155,181.5,24783,1113,EI,BC
7156,181.5,24785,1113,ME,OC
7157,181.5,24790,1210,CO,BC
7158,181.5,24791,5986,ME,OC
7159,181.5,24795,1324,CO,OC
7160,181.5,24797,2722,EE,OC
7161,181.5,24800,2711,EI,OC
7162,181.5,24801,2712,FT,OC
7163,181.5,24802,5910,AD,OC
7164,181.5,24804,4960,BT,BC
7165,181.5,24805,3830,CS,BC
7166,181.5,24808,1128,CS,MBC
7167,181.5,24809,2723,IT,OC
7168,181.5,24810,1324,AD,BC
7169,181.5,24811,1128,AD,BC
7170,181.5,24813,2741,EC,OC
7171,181.5,24814,4672,CS,OC
7172,181.5,24815,1419,IC,OC
7173,181.5,24818,1219,ME,BC
7174,181.5,24819,1419,EE,BC
7175,181.5,24820,1210,EC,BC
7176,181.5,24823,1149,EC,OC
7177,181.5,24825,5910,IT,OC
7178,181.5,24826,1128,AD,BC
7179,181.5,24829,1419,CJ,BC
7180,181.5,24832,4962,EC,BC
7181,181.5,24833,1432,AD,BC
7182,181.5,24837,1211,CH,BC
7183,181.5,24839,1231,AD,OC
7184,181.5,24842,1324,CS,MBC
7185,181.5,24843,5,AM,BC
7186,181.5,24844,1310,CS,OC
7187,181.5,24849,1216,CS,BC
7188,181.5,24850,2722,EE,OC
7189,181.5,24851,1149,IT,BC
7190,181.5,24852,1120,AD,BC
7191,181.5,24854,2710,CS,MBC
7192,181.5,24855,2710,EC,OC
7193,181.5,24856,2712,CE,MBC
7194,181.5,24858,2710,CD,OC
7195,181.5,24859,2,TX,SC
7196,181.5,24860,1419,EE,BC
7197,181.5,24863,1026,EC,OC
7198,181.5,24864,1211,MZ,OC
7199,181.5,24865,1304,EC,MBC
7200,181.5,24867,1216,BM,BC
7201,181.5,24869,1304,EE,BC
7202,181.5,24870,3011,IT,MBC
7203,181.5,24871,3011,EE,OC
7204,181.5,24872,2718,MZ,BC
7205,181.5,24873,1219,CH,MBC
7206,181.5,24874,2704,IT,BC
7207,181.5,24879,1419,EI,OC
7208,181.5,24880,1112,EC,MBC
7209,181.5,24882,1231,CS,BC
7210,181.5,24885,1231,CS,BC
7211,181.5,24886,1216,CS,MBC
7212,181.5,24890,1128,CS,MBC
7213,181.5,24893,2710,IT,BC
7214,181.5,24895,1219,ME,BC
7215,181.5,24898,1114,CS,OC
7216,181.5,24901,1149,AD,BC
7217,181.5,24903,1122,CS,OC
7218,181.5,24904,1304,CS,SC
7219,181.5,24911,3011,PH,OC
7220,181.5,24913,1304,ME,OC
7221,181.5,24915,1422,CY,BC
7222,181.5,24916,2702,AD,MBC
7223,181.5,24918,2607,AD,OC
7224,181.5,24919,1231,CS,BC
7225,181.5,24921,1422,CY,BC
7226,181.5,24923,2726,AO,OC
7227,181.5,24925,2702,EI,BC
7228,181.5,24927,1120,CS,MBC
7229,181.5,24928,1516,ME,OC
7230,181.5,24929,2718,MZ,BC
7231,181.5,24930,2734,EC,OC
7232,181.5,24932,2712,CE,BC
7233,181.5,24933,2741,CS,OC
7234,181.5,24934,2608,CS,BC
7235,181.5,24935,3011,IT,MBC
7236,181.5,24938,1324,EC,BC
7237,181.5,24941,2711,EC,MBC
7238,181.5,24942,2613,IT,OC
7239,181.5,24943,1231,CS,MBC
7240,181.5,24946,5010,EC,OC
7241,181.5,24947,5901,EE,BCM
7242,181.5,24949,2618,IT,BC
7243,181.5,24951,1311,CS,OC
7244,181.5,24953,1316,CH,OC
7245,181.5,24954,2741,CS,OC
7246,181.5,24955,3830,EC,OC
7247,181.5,24956,4960,EE,BC
7248,181.5,24958,5986,CS,MBC
7249,181.5,24959,2764,EC,OC
7250,181.5,24960,3465,EC,MBC
7251,181.5,24961,1128,AD,BC
7252,181.5,24962,1118,CS,BC
7253,181.5,24964,1026,CS,BCM
7254,181.5,24965,1114,CS,OC
7255,181.5,24966,2719,EE,BC
7256,181.5,24968,1322,AG,OC
7257,181.5,24969,4955,CS,OC
7258,181.5,24970,4962,IT,BC
7259,181.5,24972,1419,CJ,BC
7260,181.5,24973,5865,CE,OC
7261,181.5,24974,4962,EC,BC
7262,181.5,24975,2718,MZ,BC
7263,181.5,24976,3465,ME,OC
7264,181.5,24977,1432,EC,MBC
7265,181.5,24978,4974,ME,OC
7266,181.5,24980,1122,BT,OC
7267,181.5,24981,4960,IT,MBC
7268,181.5,24982,1317,AL,MBC
7269,181.5,24984,2702,EI,BC
7270,181.5,24985,5008,CN,MBC
7271,181.5,24987,2764,EC,OC
7272,181.5,24988,2725,CS,OC
7273,181.5,24989,2706,AD,BC
7274,181.5,24990,5910,EC,OC
7275,181.5,24991,1422,IT,MBC
7276,181.5,24992,4678,ME,OC
7277,181.5,24995,1422,EC,OC
7278,181.5,25000,4023,CS,BC
7279,181.5,25001,3701,ME,OC
7280,181.5,25002,5008,CN,MBC
7281,181.5,25004,3011,IT,BC
7282,181.5,25005,1210,CB,BC
7283,181.4,25006,2764,CS,MBC
7284,181.4,25009,2711,EI,OC
7285,181.4,25010,5022,CS,OC
7286,181.4,25011,2620,IT,OC
7287,181.4,25012,1128,EC,OC
7288,181.4,25013,2736,BM,OC
7289,181.4,25014,2706,EC,OC
7290,181.4,25015,2711,CH,OC
7291,181.4,25016,2608,IT,OC
7292,181.4,25017,4959,CS,OC
7293,181.4,25018,5008,MF,MBC
7294,181.4,25019,3826,BM,OC
7295,181.4,25020,4960,ME,OC
7296,181.4,25021,2711,EI,OC
7297,181.4,25022,4993,AG,OC
7298,181.4,25025,2726,CS,OC
7299,181.4,25027,4974,ME,OC
7300,181.4,25028,2723,CS,BC
7301,181.4,25029,2722,EE,OC
7302,181.4,25030,1210,EC,BC
7303,181.4,25032,5010,EC,OC
7304,181.4,25033,4955,EC,OC
7305,181.4,25034,2706,EC,OC
7306,181.4,25035,1516,EC,BC
7307,181.4,25036,4960,BT,BC
7308,181.4,25037,3011,AU,OC
7309,181.4,25041,2708,CH,OC
7310,181.4,25044,2750,AG,OC
7311,181.4,25045,5910,CS,BC
7312,181.4,25047,1112,CB,MBC
7313,181.4,25048,4955,CS,OC
7314,181.4,25049,4974,ME,OC
7315,181.4,25051,2726,CS,OC
7316,181.4,25052,4670,CS,OC
7317,181.4,25053,4962,EC,BC
7318,181.4,25056,4960,EE,BC
7319,181.4,25057,5,AM,BC
7320,181.4,25058,2702,EI,BC
7321,181.4,25059,1149,EC,OC
7322,181.4,25060,2328,EC,OC
7323,181.4,25062,2722,IT,MBC
7324,181.4,25063,2620,EC,OC
7325,181.4,25064,2,LE,MBC
7326,181.4,25065,2615,ME,MBC
7327,181.4,25066,4966,CS,OC
7328,181.4,25069,2727,IT,OC
7329,181.4,25070,2610,CS,OC
7330,181.4,25071,5901,ME,OC
7331,181.4,25072,2706,AD,BC
7332,181.4,25073,5,CZ,OC
7333,181.4,25074,4917,IT,OC
7334,181.4,25078,2712,EC,SC
7335,181.4,25079,2661,CS,OC
7336,181.4,25081,2,LE,MBC
7337,181.4,25082,5910,CS,BC
7338,181.4,25083,1450,ME,OC
7339,181.4,25084,1306,CS,BC
7340,181.4,25085,1210,EC,BC
7341,181.4,25086,2345,CS,OC
7342,181.4,25088,2710,IT,BC
7343,181.4,25089,1122,AD,OC
7344,181.4,25090,4974,EE,SC
7345,181.4,25091,1419,EE,BC
7346,181.4,25092,2764,EC,OC
7347,181.4,25093,1317,CH,OC
7348,181.4,25094,2718,ME,BC
7349,181.4,25096,2702,MC,OC
7350,181.4,25097,5009,CS,OC
7351,181.4,25098,1149,EC,OC
7352,181.4,25099,2618,IT,BC
7353,181.4,25100,2702,BM,BC
7354,181.4,25101,2718,EE,MBC
7355,181.4,25102,2741,EC,OC
7356,181.4,25103,1118,CS,BC
7357,181.4,25104,1303,AD,OC
7358,181.4,25105,2712,EI,MBC
7359,181.4,25106,2661,CS,OC
7360,181.4,25107,3819,AD,OC
7361,181.4,25108,2710,AD,BC
7362,181.4,25110,2707,AD,OC
7363,181.4,25114,3011,EC,OC
7364,181.4,25116,1216,AD,OC
7365,181.4,25117,3465,EC,BC
7366,181.4,25118,2005,ME,SC
7367,181.4,25121,2710,IT,BC
7368,181.4,25122,1149,IT,MBC
7369,181.4,25123,2719,CS,BCM
7370,181.4,25126,2603,EE,BC
7371,181.4,25127,1122,EC,OC
7372,181.4,25128,5,CF,OC
7373,181.4,25129,5008,EY,SC
7374,181.4,25132,5008,CW,SC
7375,181.4,25133,2711,EC,MBC
7376,181.4,25135,2710,IT,BC
7377,181.4,25136,2722,EE,OC
7378,181.4,25138,1231,CB,OC
7379,181.4,25139,1128,EC,OC
7380,181.4,25140,2702,EI,BC
7381,181.4,25141,2709,EE,MBC
7382,181.4,25142,2750,EC,OC
7383,181.4,25143,2618,FT,OC
7384,181.4,25144,5986,EE,BC
7385,181.4,25145,1210,CB,MBC
7386,181.4,25146,2722,EC,BCM
7387,181.4,25147,2615,ME,MBC
7388,181.4,25148,5910,CS,BCM
7389,181.4,25149,2735,IT,OC
7390,181.4,25151,4933,EC,OC
7391,181.4,25152,4993,BM,OC
7392,181.4,25153,2718,CE,OC
7393,181.4,25154,2369,CS,BC
7394,181.4,25155,1306,CS,BC
7395,181.4,25156,2706,EC,OC
7396,181.4,25157,1026,EC,OC
7397,181.4,25158,1304,EC,MBC
7398,181.4,25160,2,CR,MBC
7399,181.4,25162,1210,CS,MBC
7400,181.4,25164,5,IT,OC
7401,181.4,25165,2722,EE,OC
7402,181.4,25166,3817,EE,OC
7403,181.4,25171,2377,EE,SC
7404,181.4,25172,2329,BM,OC
7405,181.4,25174,5,CS,MBC
7406,181.4,25176,1231,IT,OC
7407,181.4,25178,4960,ME,OC
7408,181.4,25179,1216,EC,OC
7409,181.4,25180,2025,ME,OC
7410,181.4,25181,2708,CS,OC
7411,181.4,25184,2628,CS,OC
7412,181.4,25185,4974,CE,BC
7413,181.4,25186,1116,ME,OC
7414,181.4,25187,2726,CS,OC
7415,181.4,25189,2628,AD,OC
7416,181.4,25190,2615,ME,MBC
7417,181.4,25191,2006,IM,ST
7418,181.4,25197,2764,CH,OC
7419,181.4,25198,5901,ME,OC
7420,181.4,25200,2608,CS,BC
7421,181.4,25201,2718,MZ,BC
7422,181.4,25202,1324,CO,OC
7423,181.4,25203,2367,CS,OC
7424,181.4,25204,4020,CS,BC
7425,181.4,25205,2750,AD,OC
7426,181.4,25206,1324,EC,BC
7427,181.4,25207,2706,EC,OC
7428,181.4,25208,2610,CS,OC
7429,181.4,25209,5910,EC,OC
7430,181.4,25210,1211,EE,BCM
7431,181.4,25211,2750,AD,OC
7432,181.4,25212,2722,EE,OC
7433,181.4,25213,3464,CS,BC
7434,181.4,25215,2726,CS,OC
7435,181.4,25216,2006,FY,SC
7436,181.4,25217,2710,IT,BC
7437,181.4,25219,1149,EC,OC
7438,181.4,25220,4960,BM,BC
7439,181.4,25221,2722,EC,MBC
7440,181.4,25222,2725,CS,OC
7441,181.4,25223,2752,CS,OC
7442,181.4,25224,2710,IT,BC
7443,181.4,25225,2615,EE,SC
7444,181.4,25226,5904,CS,OC
7445,181.4,25228,1216,IT,BC
7446,181.4,25230,2704,IT,MBC
7447,181.4,25231,2702,IT,BCM
7448,181.4,25232,2718,CE,OC
7449,181.4,25233,5,EE,OC
7450,181.4,25234,1112,AL,BCM
7451,181.4,25236,2,LE,MBC
7452,181.4,25237,2718,EE,MBC
7453,181.4,25238,1419,AD,BCM
7454,181.3,25240,1210,EC,MBC
7455,181.3,25242,2329,CS,OC
7456,181.3,25243,5,AM,BC
7457,181.3,25244,1210,EC,BC
7458,181.3,25245,1309,EC,BC
7459,181.3,25246,1013,ME,OC
7460,181.3,25247,1149,EC,OC
7461,181.3,25248,1405,CS,OC
7462,181.3,25249,2719,IT,MBC
7463,181.3,25250,1309,AD,BC
7464,181.3,25252,1419,CJ,BC
7465,181.3,25253,2608,EE,OC
7466,181.3,25254,3464,EC,OC
7467,181.3,25258,1520,CS,OC
7468,181.3,25259,2608,IT,OC
7469,181.3,25260,2711,EI,OC
7470,181.3,25261,1211,MZ,OC
7471,181.3,25262,2369,EC,OC
7472,181.3,25263,1211,EE,MBC
7473,181.3,25265,2725,IT,BC
7474,181.3,25267,2639,CS,OC
7475,181.3,25268,5,IT,OC
7476,181.3,25269,2725,CS,OC
7477,181.3,25270,1316,CS,OC
7478,181.3,25273,4971,IT,OC
7479,181.3,25274,1149,IT,BC
7480,181.3,25275,2735,CS,OC
7481,181.3,25277,1210,EC,BC
7482,181.3,25278,1231,IT,OC
7483,181.3,25279,1309,EC,MBC
7484,181.3,25281,2005,PR,MBC
7485,181.3,25284,2005,IB,MBC
7486,181.3,25286,2607,CS,OC
7487,181.3,25289,1419,EC,SC
7488,181.3,25290,1216,CS,MBC
7489,181.3,25291,3805,IT,OC
7490,181.3,25292,3464,EC,OC
7491,181.3,25293,4023,CS,BC
7492,181.3,25295,1210,AD,BC
7493,181.3,25296,2723,BM,OC
7494,181.3,25297,1219,CH,MBC
7495,181.3,25298,2721,CS,OC
7496,181.3,25300,2709,ME,OC
7497,181.3,25301,5,EE,OC
7498,181.3,25303,5910,CS,MBC
7499,181.3,25305,1516,EC,BCM
7500,181.3,25306,5009,CS,BC
7501,181.3,25308,1015,CS,OC
7502,181.3,25309,4678,CS,BC
7503,181.3,25311,2618,IT,BC
7504,181.3,25312,1419,ME,OC
7505,181.3,25315,2025,ME,OC
7506,181.3,25316,3806,CS,OC
7507,181.3,25317,1113,EC,MBC
7508,181.3,25319,1219,IT,SC
7509,181.3,25320,2764,EC,OC
7510,181.3,25323,1408,CS,OC
7511,181.3,25324,5901,EC,SC
7512,181.3,25326,2710,CE,OC
7513,181.3,25327,1113,CS,SC
7514,181.3,25328,1419,EE,MBC
7515,181.3,25329,1424,CS,OC
7516,181.3,25330,3805,PH,OC
7517,181.3,25331,1120,EC,OC
7518,181.3,25333,2603,EE,BC
7519,181.3,25334,1422,EC,OC
7520,181.3,25335,1414,CS,OC
7521,181.3,25336,2603,EE,BC
7522,181.3,25338,1210,EC,BC
7523,181.3,25339,2712,CE,BC
7524,181.3,25341,2712,BT,SC
7525,181.3,25342,2751,AD,OC
7526,181.3,25345,1128,EC,OC
7527,181.3,25346,3908,CS,OC
7528,181.3,25347,2722,IT,MBC
7529,181.3,25348,1309,AD,MBC
7530,181.3,25349,2653,AD,OC
7531,181.3,25351,1303,CS,OC
7532,181.3,25352,1419,EE,BCM
7533,181.3,25353,3011,EC,OC
7534,181.3,25355,1316,CS,OC
7535,181.3,25356,2607,CS,OC
7536,181.3,25357,2651,CS,OC
7537,181.3,25358,5986,EE,BC
7538,181.3,25359,4960,BT,BC
7539,181.3,25361,1122,CS,OC
7540,181.3,25364,2702,FD,MBC
7541,181.3,25365,1149,IT,BC
7542,181.3,25366,2702,BM,BC
7543,181.3,25367,2628,CS,OC
7544,181.3,25368,2618,IT,BC
7545,181.3,25369,5009,EC,OC
7546,181.3,25370,1321,PA,MBC
7547,181.3,25371,5910,AD,OC
7548,181.3,25373,2718,ME,BC
7549,181.3,25375,2607,CS,OC
7550,181.3,25376,1419,EE,BC
7551,181.3,25377,4960,CE,OC
7552,181.3,25378,2328,CS,OC
7553,181.3,25379,2702,IT,MBC
7554,181.3,25380,2710,CE,OC
7555,181.3,25381,2328,IT,OC
7556,181.3,25382,1211,BM,MBC
7557,181.3,25383,1026,EC,OC
7558,181.3,25384,1422,CY,BC
7559,181.3,25385,5,CF,OC
7560,181.3,25387,1225,CS,OC
7561,181.3,25388,5986,IT,MBC
7562,181.3,25389,2764,EC,OC
7563,181.3,25390,2706,EC,OC
7564,181.3,25391,1026,EC,OC
7565,181.3,25393,1210,EC,BC
7566,181.3,25394,2750,CB,OC
7567,181.3,25396,1219,EC,SC
7568,181.3,25399,2710,CS,MBC
7569,181.3,25403,1324,CO,OC
7570,181.3,25405,2708,BM,OC
7571,181.3,25408,2607,CB,OC
7572,181.3,25409,1432,AD,BC
7573,181.3,25411,3830,AL,OC
7574,181.3,25413,1219,CE,BC
7575,181.3,25414,5,CS,BC
7576,181.3,25415,3830,CS,BC
7577,181.3,25416,3011,EC,OC
7578,181.3,25417,5901,ME,OC
7579,181.3,25419,4023,CS,BC
7580,181.3,25420,4962,EC,BC
7581,181.3,25422,1311,CS,OC
7582,181.3,25423,2620,TS,OC
7583,181.3,25424,2615,ME,MBC
7584,181.3,25426,5010,CS,MBC
7585,181.3,25427,5009,CS,MBC
7586,181.3,25428,1516,EC,BC
7587,181.3,25429,2718,EE,MBC
7588,181.2,25430,2702,AD,MBC
7589,181.2,25432,1324,CO,OC
7590,181.2,25433,2709,EE,MBC
7591,181.2,25434,2702,EC,MBC
7592,181.2,25435,5901,ME,OC
7593,181.2,25436,2615,CE,BC
7594,181.2,25437,2706,AD,MBC
7595,181.2,25438,2727,CS,MBC
7596,181.2,25439,1231,IT,OC
7597,181.2,25440,2744,IT,OC
7598,181.2,25441,2711,EE,MBC
7599,181.2,25442,1324,EC,BC
7600,181.2,25443,2764,EC,OC
7601,181.2,25445,2706,EC,OC
7602,181.2,25446,1216,IT,BC
7603,181.2,25448,1317,CS,SC
7604,181.2,25449,3803,CS,OC
7605,181.2,25450,1118,CS,BCM
7606,181.2,25452,3011,EC,OC
7607,181.2,25453,4960,EE,BC
7608,181.2,25454,2651,CS,OC
7609,181.2,25456,2618,IT,BC
7610,181.2,25457,2005,PR,MBC
7611,181.2,25458,4680,ME,OC
7612,181.2,25461,3011,EC,OC
7613,181.2,25462,1128,EC,OC
7614,181.2,25463,2702,EI,BC
7615,181.2,25464,2006,MY,MBC
7616,181.2,25465,2710,IT,BC
7617,181.2,25466,1120,CS,MBC
7618,181.2,25468,2711,EI,OC
7619,181.2,25469,3465,EC,BC
7620,181.2,25471,1516,EC,SC
7621,181.2,25473,5010,EC,BCM
7622,181.2,25475,2702,AD,MBC
7623,181.2,25476,2025,EE,MBC
7624,181.2,25477,2751,CS,OC
7625,181.2,25478,3464,EC,OC
7626,181.2,25479,5008,CN,SC
7627,181.2,25480,2711,EI,OC
7628,181.2,25481,2618,IT,MBC
7629,181.2,25482,2751,EC,OC
7630,181.2,25485,2609,IT,OC
7631,181.2,25486,2618,IT,BC
7632,181.2,25487,5910,CS,MBC
7633,181.2,25488,5008,CN,MBC
7634,181.2,25489,2702,CB,MBC
7635,181.2,25490,2603,EE,BC
7636,181.2,25491,1149,IT,BC
7637,181.2,25492,2618,EC,OC
7638,181.2,25494,1321,MN,SC
7639,181.2,25495,2618,EC,OC
7640,181.2,25496,2615,ME,BCM
7641,181.2,25498,2710,EC,OC
7642,181.2,25500,1317,EC,MBC
7643,181.2,25501,1432,AD,MBC
7644,181.2,25502,1120,CS,BCM
7645,181.2,25503,1216,AD,OC
7646,181.2,25504,1317,EE,OC
7647,181.2,25505,4023,IT,OC
7648,181.2,25508,2710,IT,BC
7649,181.2,25509,2718,MZ,BC
7650,181.2,25510,2615,CE,MBC
7651,181.2,25511,2722,EE,OC
7652,181.2,25512,2603,EE,MBC
7653,181.2,25513,5986,EE,BC
7654,181.2,25514,1149,EC,OC
7655,181.2,25515,1324,CO,BC
7656,181.2,25517,2615,CE,MBC
7657,181.2,25518,2722,EE,OC
7658,181.2,25519,2750,AD,OC
7659,181.2,25521,2739,CB,MBC
7660,181.2,25522,3011,PH,OC
7661,181.2,25523,1123,IT,OC
7662,181.2,25524,2752,EC,OC
7663,181.2,25525,1112,CS,MBC
7664,181.2,25526,1509,IT,OC
7665,181.2,25527,2727,CS,BC
7666,181.2,25528,1307,BM,OC
7667,181.2,25530,1128,CS,BCM
7668,181.2,25531,2622,CS,BC
7669,181.2,25532,2719,RM,OC
7670,181.2,25534,5901,EE,SC
7671,181.2,25537,2608,CS,BC
7672,181.2,25538,2764,EC,OC
7673,181.2,25539,1013,IT,OC
7674,181.2,25540,2708,IT,OC
7675,181.2,25541,5904,ME,OC
7676,181.2,25547,2615,MT,BC
7677,181.2,25548,2710,AD,MBC
7678,181.2,25549,4989,CS,OC
7679,181.2,25550,1216,EC,OC
7680,181.2,25552,2725,IT,BC
7681,181.2,25553,2719,RM,OC
7682,181.2,25556,2006,TX,MBC
7683,181.2,25557,1128,AD,BC
7684,181.2,25558,1112,EC,MBC
7685,181.2,25560,2615,MT,BC
7686,181.2,25562,2661,IT,OC
7687,181.2,25563,2718,ME,BC
7688,181.2,25564,3465,EC,SC
7689,181.2,25567,2702,EI,BC
7690,181.2,25568,3805,IT,OC
7691,181.2,25569,2702,ME,OC
7692,181.2,25571,2752,IT,OC
7693,181.2,25573,2618,CS,MBC
7694,181.2,25574,5,CS,BCM
7695,181.2,25575,2739,CO,MBC
7696,181.2,25576,2710,EC,OC
7697,181.2,25577,2702,IT,SCA
7698,181.2,25578,2615,CE,BC
7699,181.2,25581,1216,IT,BC
7700,181.2,25582,2725,CS,OC
7701,181.2,25583,2712,CE,BC
7702,181.2,25584,1210,CS,MBC
7703,181.2,25585,2723,EC,OC
7704,181.2,25588,4944,CS,OC
7705,181.2,25589,2719,RM,OC
7706,181.2,25590,2723,BM,OC
7707,181.2,25591,1216,AL,OC
7708,181.2,25593,5986,EE,BC
7709,181.2,25595,1128,EC,OC
7710,181.2,25597,2622,EE,OC
7711,181.2,25599,2718,MZ,BC
7712,181.2,25600,4994,CS,OC
7713,181.2,25601,4962,EE,OC
7714,181.2,25602,2006,FY,SC
7715,181.2,25603,2673,CS,OC
7716,181.2,25604,2725,CS,OC
7717,181.2,25605,5910,CS,BC
7718,181.2,25606,2712,AE,MBC
7719,181.2,25608,1309,AD,BC
7720,181.2,25610,1013,CS,BC
7721,181.2,25611,2723,CS,BC
7722,181.2,25612,2025,ME,OC
7723,181.2,25613,5530,CS,OC
7724,181.2,25614,2725,CS,OC
7725,181.2,25615,5009,CS,BCM
7726,181.2,25618,2739,EE,OC
7727,181.2,25619,1026,EC,OC
7728,181.2,25620,2708,CH,OC
7729,181.2,25621,3826,CS,BC
7730,181.2,25622,2719,BM,BCM
7731,181.2,25623,1442,AD,OC
7732,181.2,25624,1149,IT,BC
7733,181.2,25625,4962,EE,OC
7734,181.2,25626,2710,AD,MBC
7735,181.2,25627,2750,AD,OC
7736,181.2,25629,5901,CE,BC
7737,181.2,25631,2727,IT,OC
7738,181.2,25632,1322,BM,OC
7739,181.2,25633,1219,ME,MBC
7740,181.2,25634,2603,EE,BC
7741,181.2,25635,2708,EC,OC
7742,181.2,25636,1317,CH,OC
7743,181.2,25637,2712,AU,BCM
7744,181.2,25638,1122,CS,OC
7745,181.2,25639,2706,EC,OC
7746,181.2,25641,2712,CE,BC
7747,181.2,25642,2702,AE,BC
7748,181.2,25643,2751,CS,OC
7749,181.2,25644,1432,EC,BC
7750,181.2,25645,4962,EC,BC
7751,181.2,25646,1128,EC,OC
7752,181.2,25647,2608,CS,BC
7753,181.2,25648,1120,EC,OC
7754,181.2,25649,1432,AD,BC
7755,181.2,25650,2707,CH,OC
7756,181.2,25651,1324,IT,MBC
7757,181.2,25652,2706,EC,OC
7758,181.2,25653,1219,CH,BC
7759,181.2,25656,1516,EE,OC
7760,181.2,25657,2764,EE,OC
7761,181.2,25660,1432,EC,BC
7762,181.2,25661,1450,EC,SC
7763,181.1,25662,2357,CS,OC
7764,181.1,25663,1128,CS,MBC
7765,181.1,25666,1210,IT,MBC
7766,181.1,25669,2711,CH,OC
7767,181.1,25670,2710,IT,BC
7768,181.1,25670,1424,CS,OC
7769,181.1,25671,2615,ME,BCM
7770,181.1,25672,2723,EC,OC
7771,181.1,25673,2636,EE,OC
7772,181.1,25674,1450,EC,SC
7773,181.1,25675,1324,AD,MBC
7774,181.1,25676,1216,BM,BC
7775,181.1,25677,1118,CS,BC
7776,181.1,25678,2718,CE,OC
7777,181.1,25679,2723,IT,OC
7778,181.1,25680,4953,CS,OC
7779,181.1,25682,1516,EC,BC
7780,181.1,25683,1211,MZ,OC
7781,181.1,25684,2751,CS,OC
7782,181.1,25688,5901,CE,BC
7783,181.1,25690,2718,EE,MBC
7784,181.1,25694,2661,IT,OC
7785,181.1,25695,1309,IT,MBC
7786,181.1,25696,3011,EC,OC
7787,181.1,25700,2719,AD,MBC
7788,181.1,25701,1112,IT,BCM
7789,181.1,25702,1216,AD,OC
7790,181.1,25703,2741,CS,OC
7791,181.1,25704,2722,EE,OC
7792,181.1,25708,1309,EC,BC
7793,181.1,25710,2620,CS,OC
7794,181.1,25713,5904,CS,OC
7795,181.1,25714,3826,CS,MBC
7796,181.1,25715,1321,MN,BCM
7797,181.1,25716,1211,FD,BC
7798,181.1,25717,2618,EE,OC
7799,181.1,25718,2710,IT,BC
7800,181.1,25719,5910,CS,BC
7801,181.1,25720,1231,CS,BC
7802,181.1,25721,2750,EC,OC
7803,181.1,25723,5022,CS,OC
7804,181.1,25724,1128,CS,MBC
7805,181.1,25725,1211,ME,OC
7806,181.1,25727,1324,CO,BC
7807,181.1,25728,2006,PR,SC
7808,181.1,25730,1325,CS,OC
7809,181.1,25732,1306,IT,OC
7810,181.1,25732,2721,EC,OC
7811,181.1,25735,1432,EC,BC
7812,181.1,25736,1216,AD,OC
7813,181.1,25737,5904,EC,OC
7814,181.1,25738,2704,CS,OC
7815,181.1,25740,2608,AD,OC
7816,181.1,25741,1210,EC,BC
7817,181.1,25742,2613,CS,OC
7818,181.1,25744,1422,CS,MBC
7819,181.1,25745,1013,CS,MBC
7820,181.1,25746,1422,IT,MBC
7821,181.1,25747,5901,EC,SC
7822,181.1,25750,1216,CS,MBC
7823,181.1,25751,1231,CS,MBC
7824,181.1,25752,1210,CO,BC
7825,181.1,25753,1324,IT,MBC
7826,181.1,25754,1324,CO,BC
7827,181.1,25756,4864,CS,OC
7828,181.1,25757,3011,EC,OC
7829,181.1,25759,3826,EE,OC
7830,181.1,25760,2711,CS,SC
7831,181.1,25761,1424,AD,OC
7832,181.1,25762,2727,BT,OC
7833,181.1,25763,4678,CS,BC
7834,181.1,25764,1304,IT,MBC
7835,181.1,25767,2712,EC,SC
7836,181.1,25768,2653,EC,OC
7837,181.1,25769,2707,BM,OC
7838,181.1,25770,3465,CS,SC
7839,181.1,25771,4974,ME,OC
7840,181.1,25772,1422,EC,OC
7841,181.1,25773,2615,CE,MBC
7842,181.1,25775,2725,EC,OC
7843,181.1,25777,4917,CS,OC
7844,181.1,25779,1219,ME,BCM
7845,181.1,25781,2719,EI,OC
7846,181.1,25783,1211,CS,ST
7847,181.1,25784,2710,SC,OC
7848,181.1,25785,1216,CS,MBC
7849,181.1,25791,1113,AD,MBC
7850,181.1,25792,3011,PC,OC
7851,181.1,25796,2722,EE,OC
7852,181.1,25797,1516,EC,MBC
7853,181.1,25798,1149,AD,BC
7854,181.1,25800,4960,AD,MBC
7855,181.1,25801,4965,CS,OC
7856,181.1,25804,3803,CE,OC
7857,181.1,25805,1210,EC,BC
7858,181.1,25806,5,EE,OC
7859,181.1,25807,1225,EC,OC
7860,181.1,25808,2735,IT,OC
7861,181.1,25809,5910,CB,OC
7862,181.1,25810,4974,CE,MBC
7863,181.1,25812,1309,AD,BC
7864,181.1,25813,1432,AD,BC
7865,181.1,25814,2710,IT,BC
7866,181.1,25815,2715,IT,OC
7867,181.1,25816,2615,CE,BC
7868,181.1,25817,4954,IT,OC
7869,181.1,25818,1216,AD,OC
7870,181.1,25820,1306,CS,BC
7871,181.1,25822,1304,EC,MBC
7872,181.1,25823,2702,EC,BCM
7873,181.1,25825,1112,IT,SC
7874,181.1,25826,4864,CS,OC
7875,181.1,25828,3464,EC,OC
7876,181.1,25830,1516,EC,BC
7877,181.1,25831,5010,EC,SC
7878,181.1,25832,1309,AD,BC
7879,181.1,25834,1419,CJ,MBC
7880,181.1,25835,4959,IT,OC
7881,181.1,25836,1026,EC,OC
7882,181.1,25837,1315,EC,SCA
7883,181.1,25838,4962,EE,OC
7884,181.1,25840,2764,EC,BC
7885,181.1,25841,2629,IT,OC
7886,181.1,25842,1216,BM,BC
7887,181.1,25843,2702,EI,BC
7888,181.1,25844,1412,IT,OC
7889,181.1,25846,2603,EE,BCM
7890,181.1,25848,1432,ME,OC
7891,181.1,25849,3803,CS,OC
7892,181.1,25850,2706,EC,BC
7893,181.1,25851,2726,AG,OC
7894,181.1,25852,3465,CS,SC
7895,181.1,25853,1,ME,ST
7896,181.1,25854,2751,CS,OC
7897,181.1,25855,3806,BM,OC
7898,181.1,25856,4960,CE,OC
7899,181.1,25858,5910,CS,BC
7900,181.1,25859,4960,CE,OC
7901,181.1,25862,1516,EC,BC
7902,181.1,25863,5910,CS,BC
7903,181.1,25864,1311,EC,OC
7904,181.1,25866,2622,BT,OC
7905,181.1,25869,2615,CE,BC
7906,181.0,25870,2706,ME,OC
7907,181.0,25871,2702,EC,MBC
7908,181.0,25875,1211,CS,SC
7909,181.0,25877,2710,IT,BC
7910,181.0,25878,3782,CS,OC
7911,181.0,25879,1231,CS,BC
7912,181.0,25880,1311,CS,OC
7913,181.0,25881,1311,IT,OC
7914,181.0,25882,1127,BT,OC
7915,181.0,25883,3812,IT,OC
7916,181.0,25884,2005,PR,MBC
7917,181.0,25886,2712,FT,BC
7918,181.0,25887,2618,AD,BC
7919,181.0,25888,2710,EC,OC
7920,181.0,25889,2725,CS,OC
7921,181.0,25891,4960,ME,OC
7922,181.0,25892,3801,EC,OC
7923,181.0,25896,2721,CS,OC
7924,181.0,25897,1516,EC,BC
7925,181.0,25898,1113,EC,MBC
7926,181.0,25900,1422,EC,OC
7927,181.0,25902,2607,EC,OC
7928,181.0,25903,2618,EC,OC
7929,181.0,25905,2712,ME,MBC
7930,181.0,25906,2743,FD,OC
7931,181.0,25907,1118,CB,OC
7932,181.0,25909,2711,CE,OC
7933,181.0,25910,2006,TT,MBC
7934,181.0,25911,1219,IT,SC
7935,181.0,25913,1523,CS,OC
7936,181.0,25914,3011,PH,BC
7937,181.0,25915,4974,CE,MBC
7938,181.0,25916,5,CH,OC
7939,181.0,25917,2710,EC,OC
7940,181.0,25918,1306,IT,OC
7941,181.0,25919,5009,CS,MBC
7942,181.0,25920,2764,EC,BC
7943,181.0,25921,1211,RM,MBC
7944,181.0,25923,1210,EC,BC
7945,181.0,25924,5,EC,OC
7946,181.0,25928,2706,EC,BC
7947,181.0,25929,1149,EC,OC
7948,181.0,25930,1324,CS,MBC
7949,181.0,25931,1304,EI,OC
7950,181.0,25932,2711,EI,OC
7951,181.0,25933,2764,EC,BC
7952,181.0,25934,1304,ME,OC
7953,181.0,25936,2636,AD,OC
7954,181.0,25937,2727,CS,BC
7955,181.0,25939,2005,ME,SC
7956,181.0,25940,3011,IT,MBC
7957,181.0,25941,2718,EC,SC
7958,181.0,25942,2750,CS,OC
7959,181.0,25943,2710,EC,OC
7960,181.0,25945,2739,EE,OC
7961,181.0,25946,1128,EC,OC
7962,181.0,25949,1419,EE,BC
7963,181.0,25950,1120,EC,OC
7964,181.0,25951,2722,EC,MBC
7965,181.0,25952,4960,EE,MBC
7966,181.0,25953,1304,EC,MBC
7967,181.0,25954,1422,IT,BCM
7968,181.0,25957,2634,AG,OC
7969,181.0,25958,1211,ME,OC
7970,181.0,25959,1419,EI,OC
7971,181.0,25960,1123,AE,OC
7972,181.0,25961,2615,CE,BC
7973,181.0,25962,2608,EE,OC
7974,181.0,25964,2718,MZ,BC
7975,181.0,25965,2739,CS,MBC
7976,181.0,25969,2,LE,SC
7977,181.0,25970,1324,EC,BC
7978,181.0,25971,3011,CS,MBC
7979,181.0,25972,4678,EC,OC
7980,181.0,25973,3465,EC,BC
7981,181.0,25974,2752,IT,OC
7982,181.0,25975,3464,CS,BC
7983,181.0,25976,2764,EC,BC
7984,181.0,25978,4981,CS,OC
7985,181.0,25979,2749,AG,OC
7986,181.0,25980,2718,ME,MBC
7987,181.0,25981,2704,CS,OC
7988,181.0,25982,1026,EC,OC
7989,181.0,25986,1324,EC,MBC
7990,181.0,25988,3795,CS,BCM
7991,181.0,25990,2712,CE,BC
7992,181.0,25992,1231,AD,OC
7993,181.0,25995,2718,CS,SC
7994,181.0,25996,1307,CS,OC
7995,181.0,25997,2710,IT,BC
7996,181.0,25998,1128,EC,OC
7997,181.0,26002,1311,AO,OC
7998,181.0,26003,4974,CE,BC
7999,181.0,26005,2718,MZ,BC
8000,181.0,26007,4974,EE,SC
8001,181.0,26010,4917,AG,OC
8002,181.0,26014,3819,AD,OC
8003,181.0,26015,1211,BT,MBC
8004,181.0,26016,2622,CS,BC
8005,181.0,26017,1216,BM,BC
8006,181.0,26018,2711,CD,MBC
8007,181.0,26019,2704,IT,BC
8008,181.0,26023,2719,BM,BC
8009,181.0,26024,4960,BT,BC
8010,181.0,26025,4960,CS,SC
8011,181.0,26033,2718,ME,MBC
8012,181.0,26034,1304,EE,BC
8013,181.0,26035,2005,ME,SC
8014,181.0,26036,5986,EC,BCM
8015,181.0,26037,2006,ES,SC
8016,181.0,26038,1309,AD,MBC
8017,181.0,26039,3819,CS,MBC
8018,181.0,26040,4,RP,SC
8019,181.0,26044,1122,CS,OC
8020,181.0,26045,2618,EC,OC
8021,181.0,26046,2712,EC,SC
8022,181.0,26049,5008,EY,SC
8023,181.0,26054,1128,EC,OC
8024,181.0,26057,1219,MR,OC
8025,181.0,26059,2718,EE,MBC
8026,181.0,26061,4931,CS,OC
8027,181.0,26062,2710,IT,BC
8028,181.0,26063,1432,AD,BC
8029,181.0,26064,5008,ME,SC
8030,181.0,26065,2615,ME,BC
8031,181.0,26066,1128,AD,BC
8032,181.0,26067,1324,EC,BC
8033,181.0,26069,3011,EC,OC
8034,181.0,26072,1309,AD,MBC
8035,181.0,26073,1219,AU,OC
8036,181.0,26074,1219,CH,MBC
8037,181.0,26075,1419,EI,OC
8038,181.0,26076,1211,EE,BCM
8039,181.0,26077,5910,IT,OC
8040,181.0,26078,2712,CE,BCM
8041,181.0,26080,2727,EC,OC
8042,181.0,26082,1211,ME,OC
8043,181.0,26083,1422,CS,MBC
8044,181.0,26084,1211,MZ,OC
8045,181.0,26085,2706,AD,MBC
8046,181.0,26090,2711,EI,OC
8047,181.0,26091,5901,ME,OC
8048,181.0,26092,1409,BT,OC
8049,181.0,26093,2739,EE,OC
8050,181.0,26095,2704,CS,OC
8051,181.0,26105,1304,EE,MBC
8052,181.0,26106,2712,TX,OC
8053,181.0,26109,1149,EC,OC
8054,181.0,26111,1419,EE,BC
8055,181.0,26112,1122,BT,OC
8056,181.0,26117,2739,CS,MBC
8057,181.0,26118,1216,AD,OC
8058,181.0,26119,2615,ME,MBC
8059,181.0,26125,1324,CS,MBC
8060,181.0,26128,1211,FD,BCM
8061,181.0,26129,1304,IT,MBC
8062,181.0,26130,5008,ME,SC
8063,181.0,26132,1432,EC,BC
8064,181.0,26133,1324,EC,BC
8065,181.0,26134,2618,CS,MBC
8066,181.0,26136,2025,ME,OC
8067,181.0,26137,5008,CN,MBC
8068,181.0,26138,3464,EC,OC
8069,181.0,26139,1419,CJ,BC
8070,181.0,26140,2620,IT,OC
8071,181.0,26141,2603,EE,BC
8072,181.0,26144,2739,EE,OC
8073,181.0,26145,1210,AD,MBC
8074,181.0,26146,1149,IT,BC
8075,181.0,26147,1,BY,ST
8076,181.0,26148,1120,EC,OC
8077,181.0,26153,2005,CE,MBC
8078,181.0,26155,1231,EC,OC
8079,181.0,26159,1419,EE,BC
8080,181.0,26160,1432,AD,BC
8081,181.0,26161,2711,MZ,OC
8082,181.0,26164,1304,EI,OC
8083,181.0,26165,2005,ME,SC
8084,181.0,26171,2007,ME,SC
8085,181.0,26172,1128,EC,OC
8086,181.0,26173,1419,EC,MBC
8087,181.0,26174,5009,CS,BC
8088,181.0,26175,1127,CH,OC
8089,181.0,26179,2607,CS,OC
8090,181.0,26179,2615,ME,BC
8091,181.0,26180,2722,IT,MBC
8092,181.0,26181,2608,CS,BC
8093,181.0,26183,3841,CS,OC
8094,181.0,26184,3819,EE,OC
8095,181.0,26185,2764,EC,BC
8096,181.0,26186,2702,AG,BC
8097,181.0,26187,2726,AO,BC
8098,181.0,26188,1231,CS,BC
8099,181.0,26190,2712,AE,SC
8100,181.0,26192,2706,EC,BC
8101,181.0,26193,5910,CS,BC
8102,181.0,26194,4023,IT,OC
8103,181.0,26197,1118,BM,OC
8104,181.0,26198,1225,EC,OC
8105,181.0,26200,3011,BT,SC
8106,181.0,26201,2711,EI,OC
8107,181.0,26202,3011,PH,BC
8108,181.0,26203,1422,IT,MBC
8109,181.0,26210,2750,CS,OC
8110,181.0,26212,5530,CS,OC
8111,181.0,26214,2725,IT,BC
8112,181.0,26215,2764,EC,BC
8113,181.0,26217,1211,AL,MBC
8114,181.0,26219,2718,MZ,BC
8115,181.0,26220,5910,CS,BC
8116,181.0,26221,1113,ME,OC
8117,181.0,26222,4954,IT,OC
8118,181.0,26223,3011,EC,OC
8119,181.0,26224,2702,AL,MBC
8120,181.0,26225,2719,EE,BC
8121,181.0,26227,1122,BT,OC
8122,181.0,26228,2707,BM,OC
8123,181.0,26230,3465,EE,OC
8124,181.0,26231,2615,ME,BC
8125,181.0,26232,2718,MZ,BC
8126,181.0,26233,2653,EC,OC
8127,181.0,26235,2718,EE,MBC
8128,181.0,26236,2661,IT,OC
8129,181.0,26237,1216,IT,BC
8130,181.0,26238,2618,EC,OC
8131,181.0,26239,2007,CH,SC
8132,181.0,26240,2718,MZ,BC
8133,181.0,26242,4020,EC,OC
8134,181.0,26243,2709,AU,OC
8135,181.0,26244,2764,EC,BC
8136,181.0,26245,2751,CS,OC
8137,181.0,26246,2615,ME,BC
8138,181.0,26248,5,IT,OC
8139,181.0,26249,3830,CS,BC
8140,181.0,26250,2711,CH,OC
8141,181.0,26251,2702,IT,BCM
8142,181.0,26252,5,EE,OC
8143,181.0,26254,4678,EC,OC
8144,181.0,26255,2708,BM,OC
8145,181.0,26256,5901,CE,BC
8146,181.0,26257,1118,CS,BC
8147,181.0,26258,5,CS,BC
8148,181.0,26259,5008,ME,SC
8149,181.0,26260,2653,CS,OC
8150,181.0,26263,2005,ME,SC
8151,181.0,26264,1211,BT,MBC
8152,181.0,26265,2628,AD,OC
8153,181.0,26266,2615,CE,MBC
8154,181.0,26267,2709,IT,SC
8155,181.0,26268,1432,EC,BC
8156,181.0,26270,2764,EC,BC
8157,181.0,26271,2622,BT,OC
8158,181.0,26273,1014,CS,OC
8159,181.0,26274,2715,CS,OC
8160,180.9,26277,2708,BM,OC
8161,180.9,26280,3701,CS,OC
8162,180.9,26281,1422,CY,BC
8163,180.9,26282,1210,EE,OC
8164,180.9,26283,2727,CS,BC
8165,180.9,26284,2709,EE,MBC
8166,180.9,26285,2706,EC,BC
8167,180.9,26287,2722,EE,OC
8168,180.9,26288,5901,ME,OC
8169,180.9,26289,1210,IT,MBC
8170,180.9,26292,1307,BM,OC
8171,180.9,26293,4960,EE,BC
8172,180.9,26294,1306,CS,BC
8173,180.9,26295,1516,EC,MBC
8174,180.9,26298,2706,EC,MBC
8175,180.9,26301,1211,ME,OC
8176,180.9,26302,2712,CE,MBC
8177,180.9,26303,1317,EE,OC
8178,180.9,26305,3819,EC,OC
8179,180.9,26306,1149,CS,MBC
8180,180.9,26307,1424,EC,OC
8181,180.9,26308,2719,CS,MBC
8182,180.9,26309,2718,MZ,BC
8183,180.9,26310,1210,EC,BC
8184,180.9,26312,1231,CS,MBC
8185,180.9,26313,1450,IT,SC
8186,180.9,26314,1399,EC,SCA
8187,180.9,26315,1128,AD,BC
8188,180.9,26316,1113,CD,MBC
8189,180.9,26317,2611,IT,OC
8190,180.9,26318,1237,IT,OC
8191,180.9,26319,1211,BM,MBC
8192,180.9,26322,2718,ME,BCM
8193,180.9,26324,2347,EC,OC
8194,180.9,26325,1233,CS,OC
8195,180.9,26328,2719,BM,BC
8196,180.9,26330,4974,CE,BC
8197,180.9,26331,2708,AE,OC
8198,180.9,26334,1149,IT,BC
8199,180.9,26335,1026,EE,OC
8200,180.9,26336,1210,AD,MBC
8201,180.9,26338,2707,CJ,OC
8202,180.9,26339,2711,EI,OC
8203,180.9,26340,1306,IT,OC
8204,180.9,26341,1210,EC,BC
8205,180.9,26344,2607,IT,OC
8206,180.9,26345,2719,EE,BC
8207,180.9,26346,4023,CS,BCM
8208,180.9,26349,3011,EC,OC
8209,180.9,26350,1419,EE,BC
8210,180.9,26351,1422,EC,OC
8211,180.9,26352,4981,CS,OC
8212,180.9,26353,5986,EE,BC
8213,180.9,26354,2342,CS,OC
8214,180.9,26355,3819,CS,MBC
8215,180.9,26357,3011,PH,BC
8216,180.9,26358,1432,AD,MBC
8217,180.9,26359,1399,AD,SC
8218,180.9,26360,2740,EC,OC
8219,180.9,26361,2369,CS,BC
8220,180.9,26365,3795,CS,BC
8221,180.9,26368,1309,EC,BC
8222,180.9,26369,2622,CS,BC
8223,180.9,26370,1211,CD,MBC
8224,180.9,26371,1120,EC,OC
8225,180.9,26372,2747,EE,OC
8226,180.9,26374,2702,EC,MBC
8227,180.9,26375,2722,EE,OC
8228,180.9,26376,2,TX,MBC
8229,180.9,26377,5,IT,OC
8230,180.9,26378,2615,ME,BC
8231,180.9,26379,1422,IT,MBC
8232,180.9,26380,3810,IT,OC
8233,180.9,26381,1422,EC,OC
8234,180.9,26382,5901,ME,OC
8235,180.9,26387,2357,IT,OC
8236,180.9,26389,1431,ME,OC
8237,180.9,26390,1432,CB,MBC
8238,180.9,26392,3464,CS,MBC
8239,180.9,26394,2719,EE,BC
8240,180.9,26396,5,CS,MBC
8241,180.9,26396,1231,CS,MBC
8242,180.9,26398,2651,CS,OC
8243,180.9,26399,1219,EC,SC
8244,180.9,26400,1120,AD,BC
8245,180.9,26401,1317,EE,OC
8246,180.9,26402,2656,AD,BC
8247,180.9,26404,2710,IT,BC
8248,180.9,26408,1128,CS,MBC
8249,180.9,26409,2610,IT,OC
8250,180.9,26410,2615,ME,BC
8251,180.9,26411,1306,CS,BC
8252,180.9,26412,2764,EC,BC
8253,180.9,26413,5907,CS,OC
8254,180.9,26414,2729,AD,OC
8255,180.9,26415,2731,CS,OC
8256,180.9,26419,2734,AD,OC
8257,180.9,26422,5910,CS,BC
8258,180.9,26423,3465,EE,OC
8259,180.9,26426,1317,EE,OC
8260,180.9,26427,1432,CO,MBC
8261,180.9,26428,2722,IT,MBC
8262,180.9,26429,2006,MT,SC
8263,180.9,26430,3011,CS,BCM
8264,180.9,26432,1516,EC,MBC
8265,180.9,26433,2726,EC,OC
8266,180.9,26434,2,TX,SC
8267,180.9,26436,2764,EC,BC
8268,180.9,26437,1237,CS,OC
8269,180.9,26438,1233,CS,OC
8270,180.9,26439,4960,BT,MBC
8271,180.9,26439,2710,TS,OC
8272,180.9,26440,2712,AU,BC
8273,180.9,26441,2764,ME,OC
8274,180.9,26442,2726,CS,OC
8275,180.9,26443,2652,CS,OC
8276,180.9,26445,2712,MZ,MBC
8277,180.9,26446,1211,CS,SC
8278,180.9,26448,1516,EC,BC
8279,180.9,26449,1304,EI,OC
8280,180.9,26450,3803,EC,OC
8281,180.9,26451,2729,AE,OC
8282,180.9,26452,4864,CS,OC
8283,180.9,26454,5910,BM,OC
8284,180.9,26455,2702,FD,BC
8285,180.9,26456,5910,CS,BC
8286,180.9,26457,1303,CS,OC
8287,180.9,26458,2603,EE,BC
8288,180.9,26459,2608,IT,OC
8289,180.9,26461,1216,AG,OC
8290,180.9,26462,1128,EC,OC
8291,180.9,26466,1118,CS,BC
8292,180.9,26467,5009,CS,BC
8293,180.9,26469,2702,CT,MBC
8294,180.9,26470,4024,EC,OC
8295,180.9,26471,3018,CE,OC
8296,180.9,26472,2622,ME,OC
8297,180.9,26474,3465,EC,BC
8298,180.9,26475,2708,EC,OC
8299,180.9,26478,1210,CO,BC
8300,180.9,26479,2630,EC,OC
8301,180.9,26480,4960,EE,BC
8302,180.9,26481,2343,HT,OC
8303,180.9,26482,2025,EC,SC
8304,180.9,26483,1118,BM,OC
8305,180.9,26485,2727,CS,MBC
8306,180.9,26487,2608,IT,OC
8307,180.9,26488,1309,EC,BC
8308,180.9,26492,2722,EE,OC
8309,180.9,26493,2727,FD,OC
8310,180.9,26495,4023,CS,BC
8311,180.9,26495,1013,IT,OC
8312,180.9,26496,2601,CS,OC
8313,180.8,26499,2723,CS,BC
8314,180.8,26500,1309,CE,OC
8315,180.8,26502,1422,EC,OC
8316,180.8,26504,2711,CH,OC
8317,180.8,26505,2711,IT,MBC
8318,180.8,26507,2723,EC,OC
8319,180.8,26508,2718,CE,OC
8320,180.8,26509,2610,BT,OC
8321,180.8,26511,2711,EI,OC
8322,180.8,26514,4972,CS,OC
8323,180.8,26515,1516,EC,BC
8324,180.8,26516,1231,CS,MBC
8325,180.8,26517,3464,EC,OC
8326,180.8,26518,2025,EE,MBC
8327,180.8,26519,1516,EE,OC
8328,180.8,26520,1422,EC,OC
8329,180.8,26521,2706,EC,BC
8330,180.8,26522,2740,CS,OC
8331,180.8,26523,5009,CS,BC
8332,180.8,26524,5,CS,MBC
8333,180.8,26525,3701,CS,OC
8334,180.8,26530,5907,CH,OC
8335,180.8,26531,2727,IT,OC
8336,180.8,26532,1432,CO,BC
8337,180.8,26533,1211,MZ,BC
8338,180.8,26537,5910,EC,OC
8339,180.8,26538,2718,ME,BC
8340,180.8,26539,2702,AD,MBC
8341,180.8,26540,2726,CS,OC
8342,180.8,26541,4678,EE,OC
8343,180.8,26542,2710,IT,BC
8344,180.8,26543,4020,EC,OC
8345,180.8,26544,3011,EC,OC
8346,180.8,26545,1120,EC,OC
8347,180.8,26546,1120,EC,OC
8348,180.8,26547,2736,BM,OC
8349,180.8,26548,2734,AD,OC
8350,180.8,26550,2708,CS,OC
8351,180.8,26551,2711,IT,MBC
8352,180.8,26552,2718,MZ,BC
8353,180.8,26553,2653,CS,OC
8354,180.8,26554,2622,EE,OC
8355,180.8,26558,2764,EC,BC
8356,180.8,26559,1231,IT,OC
8357,180.8,26562,1101,CS,OC
8358,180.8,26564,1309,EC,MBC
8359,180.8,26567,1419,CJ,MBC
8360,180.8,26568,2611,CS,OC
8361,180.8,26569,2708,EE,OC
8362,180.8,26570,2722,EE,BC
8363,180.8,26571,4678,CS,MBC
8364,180.8,26573,2712,BT,SC
8365,180.8,26574,5009,CS,BC
8366,180.8,26575,2708,AL,OC
8367,180.8,26577,2718,CE,OC
8368,180.8,26579,2601,BM,OC
8369,180.8,26580,1113,CD,MBC
8370,180.8,26581,2710,CS,MBC
8371,180.8,26583,2741,CS,OC
8372,180.8,26585,2702,EI,BC
8373,180.8,26586,2609,AG,OC
8374,180.8,26588,2618,CS,MBC
8375,180.8,26590,1311,AD,OC
8376,180.8,26591,2607,CS,OC
8377,180.8,26592,2711,IT,MBC
8378,180.8,26593,3011,EC,OC
8379,180.8,26594,1210,EC,MBC
8380,180.8,26595,2618,AD,BC
8381,180.8,26597,1211,FD,BC
8382,180.8,26601,2369,EC,OC
8383,180.8,26603,2712,EC,SC
8384,180.8,26604,1432,CO,BC
8385,180.8,26605,1231,IT,OC
8386,180.8,26607,5904,CS,OC
8387,180.8,26609,2764,EC,BC
8388,180.8,26610,1128,EC,OC
8389,180.8,26611,2764,CS,MBC
8390,180.8,26612,2764,EC,BC
8391,180.8,26614,2719,EE,BC
8392,180.8,26615,2702,EC,BCM
8393,180.8,26617,1516,EC,MBC
8394,180.8,26619,2723,BM,OC
8395,180.8,26620,2656,CS,OC
8396,180.8,26621,1516,EC,BC
8397,180.8,26622,1210,CO,BC
8398,180.8,26623,2657,BT,OC
8399,180.8,26624,2723,BM,OC
8400,180.8,26625,1014,IT,OC
8401,180.8,26627,4864,EC,OC
8402,180.8,26628,2719,AD,MBC
8403,180.8,26630,5910,CS,BC
8404,180.8,26632,1026,EC,OC
8405,180.8,26635,2764,EC,BC
8406,180.8,26635,2608,EC,OC
8407,180.8,26636,4945,CS,OC
8408,180.8,26637,2704,IT,MBC
8409,180.8,26638,4962,EE,OC
8410,180.8,26639,5901,ME,OC
8411,180.8,26640,2,TX,SC
8412,180.8,26642,2007,CH,SC
8413,180.8,26644,2726,IT,OC
8414,180.8,26645,2706,EC,BC
8415,180.8,26646,5,CS,BC
8416,180.8,26649,1216,CS,MBC
8417,180.8,26650,1210,IT,SC
8418,180.8,26651,2343,HT,OC
8419,180.8,26652,2706,EC,BC
8420,180.8,26653,2735,EC,OC
8421,180.8,26654,2712,TX,OC
8422,180.8,26657,2713,CS,OC
8423,180.8,26658,1231,EC,OC
8424,180.8,26659,2710,ME,OC
8425,180.8,26660,1210,EC,MBC
8426,180.8,26661,1399,IT,SC
8427,180.8,26662,5010,CS,SC
8428,180.8,26664,1231,IT,OC
8429,180.8,26665,5904,CS,OC
8430,180.8,26666,1231,AD,OC
8431,180.8,26667,2710,AD,BC
8432,180.8,26668,1504,IT,OC
8433,180.8,26669,3819,CS,BC
8434,180.8,26670,2712,ME,MBC
8435,180.8,26670,2736,CS,OC
8436,180.8,26672,1419,ME,OC
8437,180.8,26674,2727,AL,OC
8438,180.8,26676,2729,CS,OC
8439,180.8,26677,3466,EC,OC
8440,180.8,26678,3464,EC,OC
8441,180.8,26679,1013,CS,BC
8442,180.8,26680,2622,IT,OC
8443,180.8,26681,5910,IT,OC
8444,180.8,26683,1231,AD,OC
8445,180.8,26684,2608,AD,OC
8446,180.8,26685,2750,AD,OC
8447,180.8,26686,2723,EC,OC
8448,180.8,26687,3819,AD,OC
8449,180.8,26688,2709,IT,BCM
8450,180.8,26689,4020,EC,OC
8451,180.8,26690,2653,CS,OC
8452,180.8,26692,2653,AD,OC
8453,180.8,26694,1231,IT,OC
8454,180.8,26695,3795,CS,BC
8455,180.8,26696,1311,CS,OC
8456,180.8,26698,1432,AD,BC
8457,180.8,26699,2723,EE,OC
8458,180.8,26700,1516,EE,OC
8459,180.8,26701,2715,CS,OC
8460,180.8,26702,1013,IT,OC
8461,180.8,26703,1118,BM,SC
8462,180.8,26704,2710,SC,OC
8463,180.8,26705,2615,CE,MBC
8464,180.8,26706,1419,EI,OC
8465,180.8,26707,2706,EC,BC
8466,180.8,26708,1237,EC,OC
8467,180.8,26710,2735,IT,OC
8468,180.8,26711,3011,CE,OC
8469,180.8,26713,1311,CS,OC
8470,180.8,26714,1317,CH,OC
8471,180.8,26715,2722,EC,MBC
8472,180.8,26719,2710,IT,MBC
8473,180.8,26722,4974,CE,BC
8474,180.8,26723,2722,EE,BC
8475,180.8,26724,2710,IT,BC
8476,180.8,26725,2006,IY,SC
8477,180.7,26726,1118,CB,OC
8478,180.7,26727,2625,IT,OC
8479,180.7,26728,2615,EE,SC
8480,180.7,26730,2702,AE,BC
8481,180.7,26731,1216,EE,OC
8482,180.7,26732,1118,CS,SC
8483,180.7,26733,1419,CJ,MBC
8484,180.7,26734,4972,CS,OC
8485,180.7,26735,3801,CS,OC
8486,180.7,26737,5,IT,OC
8487,180.7,26738,2711,AD,MBC
8488,180.7,26739,2615,ME,BC
8489,180.7,26740,4864,EE,OC
8490,180.7,26741,1306,IT,OC
8491,180.7,26743,1306,IT,OC
8492,180.7,26744,5009,CS,BC
8493,180.7,26746,2610,EC,OC
8494,180.7,26747,1311,CS,OC
8495,180.7,26748,2727,AL,OC
8496,180.7,26749,2710,AD,BC
8497,180.7,26751,2704,CS,BC
8498,180.7,26752,2608,EC,OC
8499,180.7,26753,1432,AD,BC
8500,180.7,26754,1210,EC,MBC
8501,180.7,26755,1422,CY,MBC
8502,180.7,26756,4974,CE,BC
8503,180.7,26757,2615,MT,MBC
8504,180.7,26758,4959,CS,OC
8505,180.7,26759,1322,AG,OC
8506,180.7,26761,1216,EC,OC
8507,180.7,26762,2704,CS,MBC
8508,180.7,26763,2369,EC,MBC
8509,180.7,26764,4960,EE,BC
8510,180.7,26765,4974,CE,BC
8511,180.7,26767,1422,EC,OC
8512,180.7,26769,4962,EE,OC
8513,180.7,26770,2704,CE,OC
8514,180.7,26772,1,XM,SC
8515,180.7,26773,5910,CS,BC
8516,180.7,26774,5901,CS,SCA
8517,180.7,26775,1419,EI,OC
8518,180.7,26778,2618,AD,MBC
8519,180.7,26780,1605,EC,OC
8520,180.7,26781,2709,ME,OC
8521,180.7,26782,2726,CS,OC
8522,180.7,26783,2749,AG,OC
8523,180.7,26785,2620,CS,OC
8524,180.7,26786,1399,CS,SC
8525,180.7,26788,1231,IT,OC
8526,180.7,26789,2329,CS,OC
8527,180.7,26791,2025,ME,OC
8528,180.7,26792,4670,AG,OC
8529,180.7,26793,1120,CS,MBC
8530,180.7,26794,2608,IT,OC
8531,180.7,26795,5008,EY,SC
8532,180.7,26796,2727,CS,MBC
8533,180.7,26797,2727,FD,OC
8534,180.7,26799,3464,CS,SC
8535,180.7,26800,2702,BM,BC
8536,180.7,26802,1219,CH,MBC
8537,180.7,26803,2007,CN,MBC
8538,180.7,26804,4960,EE,BC
8539,180.7,26806,3011,IT,SC
8540,180.7,26810,3465,CS,SC
8541,180.7,26811,2007,ME,SC
8542,180.7,26813,1210,CB,MBC
8543,180.7,26814,2727,CS,BC
8544,180.7,26815,3806,CS,OC
8545,180.7,26817,1311,EC,OC
8546,180.7,26818,2710,IT,BC
8547,180.7,26821,2710,SC,OC
8548,180.7,26822,2006,CN,SC
8549,180.7,26823,2718,CE,OC
8550,180.7,26824,2719,EE,BC
8551,180.7,26825,2750,BT,OC
8552,180.7,26826,2727,CS,BC
8553,180.7,26827,4944,EC,OC
8554,180.7,26828,2025,EC,SC
8555,180.7,26830,5010,EC,BC
8556,180.7,26831,1128,EC,OC
8557,180.7,26832,4974,CS,SC
8558,180.7,26833,2722,EE,BC
8559,180.7,26835,3011,PH,MBC
8560,180.7,26836,1316,IT,OC
8561,180.7,26837,2706,EC,BC
8562,180.7,26838,2736,CS,OC
8563,180.7,26839,3819,IT,OC
8564,180.7,26841,1216,AL,OC
8565,180.7,26843,3830,CS,BC
8566,180.7,26844,1516,EC,SC
8567,180.7,26846,2708,CH,OC
8568,180.7,26847,2710,TS,OC
8569,180.7,26848,2343,HT,OC
8570,180.7,26850,5009,CS,BC
8571,180.7,26852,1140,CS,OC
8572,180.7,26853,1231,CS,BC
8573,180.7,26855,1219,ME,MBC
8574,180.7,26857,1120,AD,BC
8575,180.7,26858,1419,EC,BCM
8576,180.7,26859,1231,EC,OC
8577,180.7,26860,4917,AD,OC
8578,180.7,26863,2610,CS,OC
8579,180.7,26865,1231,IT,OC
8580,180.7,26867,3805,IT,OC
8581,180.7,26868,1210,ME,OC
8582,180.7,26869,2718,ME,BC
8583,180.7,26872,5901,ME,BCM
8584,180.7,26873,1306,CS,BC
8585,180.7,26875,1432,EC,BC
8586,180.7,26876,2723,EC,OC
8587,180.7,26877,1311,CS,BC
8588,180.7,26879,2741,CS,OC
8589,180.7,26880,1149,AD,BC
8590,180.7,26881,2719,EE,BC
8591,180.7,26882,1422,EC,OC
8592,180.7,26883,2734,EC,OC
8593,180.7,26884,2722,EC,MBC
8594,180.7,26885,2725,EC,OC
8595,180.7,26886,2634,IT,OC
8596,180.7,26887,4678,EC,OC
8597,180.7,26889,1128,AD,BC
8598,180.7,26892,3011,EC,BC
8599,180.7,26895,1211,MZ,BC
8600,180.7,26896,1450,EE,MBC
8601,180.7,26897,1210,EC,BC
8602,180.7,26899,3011,BT,MBC
8603,180.7,26900,2718,CE,OC
8604,180.7,26901,2734,CS,OC
8605,180.7,26903,1516,EC,MBC
8606,180.7,26904,2712,AE,MBC
8607,180.7,26905,1306,AD,OC
8608,180.7,26906,1409,BT,OC
8609,180.7,26907,2764,EC,BC
8610,180.7,26908,2727,CS,BC
8611,180.7,26909,2618,EC,OC
8612,180.7,26910,2302,AG,OC
8613,180.7,26911,1324,IT,MBC
8614,180.7,26912,2607,MZ,OC
8615,180.7,26913,2723,CS,BC
8616,180.7,26916,2718,MZ,BC
8617,180.7,26919,2704,EC,OC
8618,180.7,26920,2710,EC,OC
8619,180.7,26921,3011,EC,BC
8620,180.6,26922,2712,EC,SCA
8621,180.6,26923,1231,CS,BC
8622,180.6,26924,1114,CS,OC
8623,180.6,26925,2634,IT,OC
8624,180.6,26926,1317,AL,MBC
8625,180.6,26931,2711,EC,BCM
8626,180.6,26932,1501,EC,OC
8627,180.6,26933,1432,EC,BC
8628,180.6,26934,4971,CS,BC
8629,180.6,26935,2624,AD,OC
8630,180.6,26938,1306,BT,OC
8631,180.6,26940,2764,EC,BC
8632,180.6,26941,2764,EC,BC
8633,180.6,26942,2712,FT,BC
8634,180.6,26944,4944,CS,OC
8635,180.6,26945,2702,BM,BC
8636,180.6,26946,2707,IT,OC
8637,180.6,26947,2704,IT,BC
8638,180.6,26948,2,LE,MBC
8639,180.6,26949,1211,FD,BC
8640,180.6,26950,1216,IT,BC
8641,180.6,26951,1231,IT,OC
8642,180.6,26952,1516,EC,BC
8643,180.6,26953,2615,ME,BC
8644,180.6,26954,3905,EC,OC
8645,180.6,26956,1516,CE,OC
8646,180.6,26957,2727,CS,BC
8647,180.6,26958,1237,IT,OC
8648,180.6,26959,4962,EC,BC
8649,180.6,26961,2622,EC,OC
8650,180.6,26963,2005,ME,SC
8651,180.6,26966,4962,EC,BC
8652,180.6,26968,3819,EC,OC
8653,180.6,26969,3011,EC,MBC
8654,180.6,26970,4960,EE,MBC
8655,180.6,26971,1324,EC,BC
8656,180.6,26972,2651,CS,OC
8657,180.6,26975,4020,EC,OC
8658,180.6,26977,5008,CM,SCA
8659,180.6,26981,5986,CS,SC
8660,180.6,26982,2618,CS,MBC
8661,180.6,26983,4962,EC,BC
8662,180.6,26984,1419,EE,BC
8663,180.6,26986,5910,CS,BC
8664,180.6,26987,2727,CS,BC
8665,180.6,26988,1219,BT,SC
8666,180.6,26989,2712,EC,SC
8667,180.6,26990,1422,EC,OC
8668,180.6,26991,5,IT,OC
8669,180.6,26992,2706,EC,BC
8670,180.6,26996,4917,CS,OC
8671,180.6,26998,1237,CS,OC
8672,180.6,26999,2653,EC,OC
8673,180.6,27000,1114,CS,OC
8674,180.6,27001,2718,CS,SC
8675,180.6,27003,1316,AD,OC
8676,180.6,27004,2706,EC,BC
8677,180.6,27005,2719,ME,OC
8678,180.6,27006,2341,CS,OC
8679,180.6,27008,2369,CS,BC
8680,180.6,27010,3826,EC,OC
8681,180.6,27011,2764,EC,MBC
8682,180.6,27013,2615,CE,BC
8683,180.6,27014,3464,EC,OC
8684,180.6,27015,2618,AD,BC
8685,180.6,27017,4965,CS,OC
8686,180.6,27019,5910,CB,BCM
8687,180.6,27021,3011,IT,BCM
8688,180.6,27022,4023,CS,BC
8689,180.6,27023,1210,IT,MBC
8690,180.6,27024,2739,EE,OC
8691,180.6,27026,1231,AD,OC
8692,180.6,27027,2704,CS,BC
8693,180.6,27028,1304,BM,MBC
8694,180.6,27029,1216,EC,OC
8695,180.6,27030,2718,ME,BC
8696,180.6,27032,1211,CS,SC
8697,180.6,27034,2653,ME,OC
8698,180.6,27035,5009,CS,BC
8699,180.6,27036,1419,CS,SC
8700,180.6,27037,4959,IT,OC
8701,180.6,27038,1324,CS,BCM
8702,180.6,27039,1210,EC,MBC
8703,180.6,27040,2764,EC,BC
8704,180.6,27042,2704,IT,BC
8705,180.6,27043,2357,CE,OC
8706,180.6,27044,5904,CS,OC
8707,180.6,27046,2706,EC,BC
8708,180.6,27048,1149,EC,OC
8709,180.6,27049,5910,AD,OC
8710,180.6,27050,2718,ME,BC
8711,180.6,27051,2005,ME,SC
8712,180.6,27052,3806,CS,OC
8713,180.6,27053,1231,CS,BC
8714,180.6,27054,3905,EC,OC
8715,180.6,27055,2710,AD,BC
8716,180.6,27057,2719,BM,BC
8717,180.6,27058,1422,EC,OC
8718,180.6,27059,2702,EI,MBC
8719,180.6,27061,2736,CS,OC
8720,180.6,27062,3464,EC,OC
8721,180.6,27064,1231,IT,OC
8722,180.6,27065,1432,EC,BC
8723,180.6,27066,4020,ME,OC
8724,180.6,27068,1422,AD,BCM
8725,180.6,27069,2712,TX,OC
8726,180.6,27073,1419,ME,OC
8727,180.6,27074,1120,EC,OC
8728,180.6,27075,2025,ME,OC
8729,180.6,27076,1419,EI,OC
8730,180.6,27077,5910,IT,OC
8731,180.6,27078,2711,FD,BC
8732,180.6,27081,2710,IT,MBC
8733,180.6,27082,4959,CS,OC
8734,180.6,27083,2369,CS,BC
8735,180.6,27084,2711,AD,MBC
8736,180.6,27085,2656,CS,OC
8737,180.6,27086,2706,EC,BC
8738,180.6,27089,5008,ME,SC
8739,180.6,27090,2739,CS,MBC
8740,180.6,27091,1231,IT,OC
8741,180.6,27092,2710,EC,OC
8742,180.6,27093,2702,AG,BC
8743,180.6,27094,2702,BM,MBC
8744,180.6,27095,1231,IT,OC
8745,180.6,27096,2712,EE,SC
8746,180.6,27097,1324,IT,MBC
8747,180.6,27098,3011,CE,OC
8748,180.6,27099,3011,BT,BC
8749,180.6,27100,2005,ME,SC
8750,180.6,27101,2736,IT,OC
8751,180.6,27102,1424,AD,OC
8752,180.6,27103,5530,EC,OC
8753,180.6,27105,2722,EE,BC
8754,180.6,27106,4917,CS,OC
8755,180.6,27107,2005,CE,SC
8756,180.6,27108,5010,EC,SC
8757,180.6,27109,3464,EC,OC
8758,180.6,27110,1210,EE,OC
8759,180.6,27111,2711,EC,MBC
8760,180.6,27112,1237,CS,OC
8761,180.6,27113,2727,CS,BC
8762,180.6,27114,1422,EC,OC
8763,180.6,27115,1216,AD,OC
8764,180.6,27117,4962,IT,BCM
8765,180.6,27118,2608,EC,OC
8766,180.6,27120,3803,CS,BC
8767,180.6,27121,1306,IT,OC
8768,180.6,27124,2702,AE,BC
8769,180.6,27126,2722,IC,OC
8770,180.6,27129,1324,EC,BC
8771,180.6,27130,4023,CS,BC
8772,180.6,27131,1516,EC,MBC
8773,180.6,27133,1110,BT,OC
8774,180.6,27134,1210,EE,OC
8775,180.6,27135,2615,CE,BC
8776,180.6,27136,2764,EC,BC
8777,180.6,27137,2702,EC,MBC
8778,180.6,27138,5910,CS,BC
8779,180.6,27139,2764,EE,OC
8780,180.6,27140,4955,CS,OC
8781,180.6,27141,2620,BM,OC
8782,180.6,27142,2721,EC,OC
8783,180.6,27143,2722,EE,BC
8784,180.6,27146,2651,CS,OC
8785,180.6,27147,2620,EC,OC
8786,180.6,27149,2726,CS,OC
8787,180.6,27150,2719,EI,OC
8788,180.6,27151,2712,CE,MBC
8789,180.6,27153,5910,CS,BC
8790,180.6,27154,1231,IT,OC
8791,180.6,27155,4020,EC,OC
8792,180.6,27157,3830,EE,OC
8793,180.6,27158,4678,CS,BC
8794,180.6,27160,1321,MN,SC
8795,180.5,27163,1324,EC,BC
8796,180.5,27164,2725,CS,OC
8797,180.5,27166,4954,CS,OC
8798,180.5,27168,5010,EC,BC
8799,180.5,27169,1210,EE,OC
8800,180.5,27171,1306,CS,BC
8801,180.5,27172,2712,AU,BC
8802,180.5,27173,2764,CS,MBC
8803,180.5,27175,2723,CS,BC
8804,180.5,27176,2369,CS,BC
8805,180.5,27178,1216,AD,OC
8806,180.5,27179,2349,AD,OC
8807,180.5,27180,1432,CO,BC
8808,180.5,27181,4670,EC,OC
8809,180.5,27183,4959,CS,OC
8810,180.5,27185,4960,EE,BC
8811,180.5,27186,5910,IT,OC
8812,180.5,27187,1128,EC,OC
8813,180.5,27190,5010,EC,MBC
8814,180.5,27191,3908,CS,OC
8815,180.5,27192,2608,IT,OC
8816,180.5,27193,4974,CE,MBC
8817,180.5,27194,2622,ME,OC
8818,180.5,27196,2618,AD,BC
8819,180.5,27197,1013,EC,OC
8820,180.5,27199,3819,IT,OC
8821,180.5,27200,5865,CS,OC
8822,180.5,27201,2735,EC,OC
8823,180.5,27202,2659,EC,OC
8824,180.5,27203,3011,EC,BC
8825,180.5,27205,2608,AD,OC
8826,180.5,27206,1324,IT,MBC
8827,180.5,27207,5,EC,OC
8828,180.5,27208,2711,AD,MBC
8829,180.5,27209,2005,IB,SC
8830,180.5,27210,1309,EC,BC
8831,180.5,27212,2719,CE,OC
8832,180.5,27214,2739,CS,MBC
8833,180.5,27216,2615,ME,BC
8834,180.5,27218,2736,CS,OC
8835,180.5,27219,4020,CS,MBC
8836,180.5,27220,2762,EC,OC
8837,180.5,27222,2607,CS,OC
8838,180.5,27223,5010,CS,MBC
8839,180.5,27224,2369,EC,BC
8840,180.5,27225,2710,EC,OC
8841,180.5,27228,2615,CE,BC
8842,180.5,27229,2618,EC,OC
8843,180.5,27233,2005,CE,SC
8844,180.5,27234,2710,EC,OC
8845,180.5,27235,1118,CS,MBC
8846,180.5,27236,2603,CS,SC
8847,180.5,27237,3819,IT,OC
8848,180.5,27238,1309,IT,MBC
8849,180.5,27239,2622,CS,BC
8850,180.5,27240,1211,IT,SC
8851,180.5,27241,2369,EC,MBC
8852,180.5,27242,2739,EE,OC
8853,180.5,27243,5901,ME,BC
8854,180.5,27244,1231,CS,BC
8855,180.5,27245,5901,ME,BC
8856,180.5,27246,1210,EC,MBC
8857,180.5,27248,3819,IT,OC
8858,180.5,27249,2712,EC,SC
8859,180.5,27250,1210,EC,BC
8860,180.5,27252,1128,EC,OC
8861,180.5,27253,1219,AU,OC
8862,180.5,27255,2710,AD,BC
8863,180.5,27256,1211,CB,SC
8864,180.5,27257,3826,CS,BC
8865,180.5,27258,1237,CS,OC
8866,180.5,27259,2615,ME,MBC
8867,180.5,27260,4917,CS,OC
8868,180.5,27262,5901,ME,MBC
8869,180.5,27264,2741,CS,OC
8870,180.5,27266,5901,EE,MBC
8871,185.5,27266,1216,CS,MBC
8872,180.5,27267,1113,EE,MBC
8873,180.5,27268,4962,EC,BCM
8874,180.5,27271,2025,ME,OC
8875,180.5,27272,4974,EC,SC
8876,180.5,27275,1450,ME,OC
8877,180.5,27276,2764,EC,BC
8878,180.5,27279,3011,PH,MBC
8879,180.5,27281,2718,MZ,BC
8880,180.5,27284,1210,EC,BC
8881,180.5,27285,4917,CS,OC
8882,180.5,27289,1118,IT,OC
8883,180.5,27291,1149,IT,BCM
8884,180.5,27293,4959,BT,OC
8885,180.5,27297,2762,AD,OC
8886,180.5,27307,1321,MN,SC
8887,180.5,27308,2702,EC,MBC
8888,180.5,27309,2369,EC,MBC
8889,180.5,27310,2712,TX,OC
8890,180.5,27314,2712,TX,BC
8891,180.5,27315,1509,CS,OC
8892,180.5,27318,1112,EC,MBC
8893,180.5,27319,1304,EI,OC
8894,180.5,27321,2620,BT,OC
8895,180.5,27322,1231,CS,BC
8896,180.5,27323,1399,ME,BCM
8897,180.5,27324,2706,EC,MBC
8898,180.5,27325,2711,EI,OC
8899,180.5,27329,2712,AU,BC
8900,180.5,27339,1422,CY,BC
8901,180.5,27345,2719,EI,OC
8902,180.5,27348,1321,MN,MBC
8903,180.5,27351,1231,CB,OC
8904,180.5,27354,1216,BM,MBC
8905,180.5,27361,4959,BT,OC
8906,180.5,27368,2764,EC,BC
8907,180.5,27371,2712,TX,BC
8908,180.5,27375,1317,BT,SC
8909,180.5,27384,2719,EI,OC
8910,180.5,27385,2377,CE,MBC
8911,180.5,27387,2006,AS,SC
8912,180.5,27388,1216,AD,OC
8913,180.5,27391,1149,AD,BC
8914,180.5,27392,2725,EC,OC
8915,180.5,27394,1321,MN,SC
8916,180.5,27395,1226,CS,OC
8917,180.5,27396,1231,IT,OC
8918,180.5,27398,1231,EC,OC
8919,180.5,27399,2712,FT,BC
8920,180.5,27400,1231,EC,OC
8921,180.5,27401,1112,CB,MBC
8922,180.5,27406,1122,CS,OC
8923,180.5,27408,5,CF,OC
8924,180.5,27409,1231,IT,OC
8925,180.5,27410,1310,CS,OC
8926,180.5,27411,1216,AL,OC
8927,180.5,27413,1432,EC,BC
8928,180.5,27415,2702,AE,MBC
8929,180.5,27416,1216,AL,OC
8930,180.5,27418,2727,EC,OC
8931,180.5,27419,2608,IT,OC
8932,180.5,27421,2706,EE,OC
8933,180.5,27423,2712,AU,BC
8934,180.5,27424,4934,EE,OC
8935,180.5,27425,5904,CS,OC
8936,180.5,27426,2745,CS,OC
8937,180.5,27427,2711,EI,OC
8938,180.5,27428,2739,EE,BC
8939,180.5,27432,4960,AD,MBC
8940,180.5,27433,1317,EE,OC
8941,180.5,27435,5910,CB,BC
8942,180.5,27436,2661,CS,OC
8943,180.5,27438,2607,EC,OC
8944,180.5,27439,2006,FY,SC
8945,180.5,27440,1219,CH,BC
8946,180.5,27441,2615,ME,MBC
8947,180.5,27442,4678,EE,OC
8948,180.5,27443,2606,CS,OC
8949,180.5,27445,1450,ME,OC
8950,180.5,27446,2702,EC,MBC
8951,180.5,27447,2711,EC,MBC
8952,180.5,27449,1149,EC,OC
8953,180.5,27451,1149,EC,OC
8954,180.5,27452,1122,EC,OC
8955,180.5,27453,2702,IT,MBC
8956,180.5,27454,2611,CY,OC
8957,180.5,27455,3465,EC,MBC
8958,180.5,27456,2712,EC,SC
8959,180.5,27457,2764,EC,BC
8960,180.5,27458,2710,EC,OC
8961,180.5,27459,2719,CS,MBC
8962,180.5,27460,3464,EC,OC
8963,180.5,27461,1122,CS,OC
8964,180.5,27462,5008,MG,SC
8965,180.5,27463,4928,EC,OC
8966,180.5,27464,1216,CH,OC
8967,180.5,27465,2706,EE,OC
8968,180.5,27466,2727,CS,BC
8969,180.5,27468,2751,CS,OC
8970,180.5,27469,2620,BM,OC
8971,180.5,27470,1210,EC,BC
8972,180.5,27471,2615,CE,MBC
8973,180.5,27474,1317,EE,OC
8974,180.5,27475,2706,EC,BC
8975,180.5,27476,2722,EE,BC
8976,180.5,27478,1309,EC,BC
8977,180.5,27479,2735,AD,OC
8978,180.5,27480,1231,IT,OC
8979,180.5,27481,1122,AD,OC
8980,180.5,27482,1317,AD,SC
8981,180.5,27483,5910,IT,OC
8982,180.5,27484,5865,CS,OC
8983,180.5,27485,1317,EE,OC
8984,180.5,27486,1120,EC,OC
8985,180.5,27487,2632,IT,OC
8986,180.5,27489,2743,BM,OC
8987,180.5,27490,4962,EC,BC
8988,180.5,27491,1399,CS,SC
8989,180.5,27492,4023,CS,BC
8990,180.5,27493,3826,IT,OC
8991,180.5,27494,5,CS,MBC
8992,180.5,27495,4959,CS,OC
8993,180.5,27497,1304,EC,MBC
8994,180.5,27499,2719,CS,MBC
8995,180.5,27501,2620,CS,OC
8996,180.5,27502,1304,EI,OC
8997,180.5,27503,5910,AD,OC
8998,180.5,27505,1122,BT,OC
8999,180.5,27506,3465,EE,OC
9000,180.5,27507,2723,CS,BC
9001,180.5,27509,2622,BT,OC
9002,180.5,27511,2618,CS,SC
9003,180.5,27512,1424,AD,OC
9004,180.5,27514,4672,CS,OC
9005,180.5,27515,4974,ME,OC
9006,180.5,27516,1231,IT,OC
9007,180.5,27517,1231,AD,OC
9008,180.5,27518,3019,CS,OC
9009,180.5,27519,2615,EC,SCA
9010,180.5,27520,3819,IT,BC
9011,180.5,27522,1202,EC,OC
9012,180.5,27523,1202,IT,OC
9013,180.5,27525,2708,MZ,OC
9014,180.5,27527,1309,EC,BC
9015,180.5,27529,4669,EC,OC
9016,180.5,27530,4023,CS,BC
9017,180.4,27531,1321,MN,MBC
9018,180.4,27532,5901,CE,MBC
9019,180.4,27533,1317,CS,SC
9020,180.4,27534,4678,AD,OC
9021,180.4,27535,5009,CS,MBC
9022,180.4,27536,3011,PC,OC
9023,180.4,27537,1324,CO,BC
9024,180.4,27538,4955,CS,OC
9025,180.4,27539,1304,EC,BCM
9026,180.4,27540,1118,CS,BC
9027,180.4,27541,3819,CS,BC
9028,180.4,27542,2741,CS,OC
9029,180.4,27543,1219,IT,SC
9030,180.4,27544,1149,AD,BC
9031,180.4,27546,2710,SC,BC
9032,180.4,27547,2715,EC,OC
9033,180.4,27548,2718,CE,OC
9034,180.4,27549,2711,AL,MBC
9035,180.4,27550,2702,AG,SCA
9036,180.4,27551,4944,EC,OC
9037,180.4,27552,2736,CS,BC
9038,180.4,27553,1015,CS,OC
9039,180.4,27554,1231,IT,BC
9040,180.4,27557,1216,EC,OC
9041,180.4,27558,2718,CE,OC
9042,180.4,27559,2620,EC,OC
9043,180.4,27560,4954,IT,OC
9044,180.4,27561,1149,EC,OC
9045,180.4,27563,1317,EE,OC
9046,180.4,27566,2603,EE,MBC
9047,180.4,27567,3819,IT,SC
9048,180.4,27568,1118,CS,BC
9049,180.4,27569,2736,CS,BC
9050,180.4,27570,2708,BM,OC
9051,180.4,27571,4955,CS,OC
9052,180.4,27573,2719,CJ,MBC
9053,180.4,27574,1216,CS,MBC
9054,180.4,27576,1432,EC,BC
9055,180.4,27577,1120,IT,SC
9056,180.4,27578,3018,CS,OC
9057,180.4,27579,3011,EC,BC
9058,180.4,27580,2723,CS,BC
9059,180.4,27581,2752,CS,OC
9060,180.4,27582,2653,ME,OC
9061,180.4,27583,1413,CS,OC
9062,180.4,27584,4672,CS,OC
9063,180.4,27586,2601,CS,OC
9064,180.4,27587,1210,EC,BC
9065,180.4,27588,5010,EC,BC
9066,180.4,27589,4960,ME,OC
9067,180.4,27592,2608,IT,OC
9068,180.4,27593,4955,CS,BC
9069,180.4,27595,2706,EC,BC
9070,180.4,27596,4931,CS,OC
9071,180.4,27597,2722,EE,BC
9072,180.4,27598,2710,EC,OC
9073,180.4,27599,2610,IT,OC
9074,180.4,27600,5910,CS,BC
9075,180.4,27601,2643,CS,OC
9076,180.4,27602,1306,IT,OC
9077,180.4,27603,1422,EC,OC
9078,180.4,27604,1233,CS,OC
9079,180.4,27605,3803,CS,BC
9080,180.4,27606,2622,BT,OC
9081,180.4,27609,2735,EC,OC
9082,180.4,27610,1231,IT,BC
9083,180.4,27611,2736,CS,BCM
9084,180.4,27612,1149,AD,BC
9085,180.4,27613,1309,EC,MBC
9086,180.4,27614,4917,CS,OC
9087,180.4,27615,2739,CS,BCM
9088,180.4,27617,2719,BM,BC
9089,180.4,27618,4931,EC,OC
9090,180.4,27619,2618,EC,OC
9091,180.4,27622,3011,PH,MBC
9092,180.4,27623,5910,EC,OC
9093,180.4,27624,2,CH,SCA
9094,180.4,27626,5901,EE,SC
9095,180.4,27627,5009,CS,BC
9096,180.4,27629,2711,AU,OC
9097,180.4,27631,2653,EC,OC
9098,180.4,27632,1015,EC,OC
9099,180.4,27633,2718,ME,BC
9100,180.4,27634,1120,EC,OC
9101,180.4,27637,2750,AD,OC
9102,180.4,27638,2610,EC,OC
9103,180.4,27639,1309,EC,BC
9104,180.4,27640,2025,EC,SC
9105,180.4,27643,5009,CS,BC
9106,180.4,27644,2702,AG,BC
9107,180.4,27645,2710,AD,BC
9108,180.4,27646,3011,EC,MBC
9109,180.4,27650,2762,AD,OC
9110,180.4,27652,2620,CS,OC
9111,180.4,27654,2723,BM,OC
9112,180.4,27655,2707,AD,OC
9113,180.4,27656,2708,CS,OC
9114,180.4,27657,3011,BT,BC
9115,180.4,27659,2702,AL,MBC
9116,180.4,27660,1216,AD,OC
9117,180.4,27661,4960,AD,MBC
9118,180.4,27663,2005,CE,SC
9119,180.4,27668,1422,EC,OC
9120,180.4,27669,2726,CS,OC
9121,180.4,27670,2722,IC,OC
9122,180.4,27673,1128,EC,OC
9123,180.4,27674,1452,EC,OC
9124,180.4,27675,3011,EC,BC
9125,180.4,27676,5901,ME,MBC
9126,180.4,27677,2735,CS,OC
9127,180.4,27678,1324,IT,MBC
9128,180.4,27680,2718,ME,BC
9129,180.4,27681,5986,EE,BC
9130,180.4,27682,2618,EC,OC
9131,180.4,27683,2735,IT,OC
9132,180.4,27684,1122,AD,OC
9133,180.4,27685,3011,IT,SC
9134,180.4,27686,2622,IT,OC
9135,180.4,27688,1324,CO,BC
9136,180.4,27689,1210,EC,BC
9137,180.4,27691,1216,AD,BCM
9138,180.4,27692,3826,ME,OC
9139,180.4,27693,1324,CO,BC
9140,180.4,27694,2702,AE,BC
9141,180.4,27695,2636,EE,OC
9142,180.4,27696,1210,EC,BC
9143,180.4,27697,1237,IT,OC
9144,180.4,27698,4974,ME,OC
9145,180.4,27699,2618,CS,MBC
9146,180.4,27700,2314,AD,OC
9147,180.4,27703,3011,EC,MBC
9148,180.4,27704,2661,CS,OC
9149,180.4,27705,3819,CS,BC
9150,180.4,27707,1237,CS,OC
9151,180.4,27708,1237,CS,OC
9152,180.4,27710,4981,CS,OC
9153,180.4,27711,2706,EC,BC
9154,180.4,27712,2607,IT,OC
9155,180.4,27713,2722,AD,MBC
9156,180.4,27714,2609,FD,OC
9157,180.4,27716,2764,EC,BC
9158,180.4,27717,2618,AD,BC
9159,180.4,27718,2711,EC,MBC
9160,180.4,27719,4023,EC,OC
9161,180.4,27720,1422,EC,OC
9162,180.4,27721,1419,CB,MBC
9163,180.4,27722,1324,IT,MBC
9164,180.4,27723,1432,EC,BC
9165,180.4,27724,1216,AD,BC
9166,180.4,27726,2725,EC,OC
9167,180.4,27728,2615,CE,BC
9168,180.4,27729,5901,ME,BC
9169,180.4,27730,4954,CS,OC
9170,180.4,27731,5910,CS,MBC
9171,180.4,27733,2718,MZ,MBC
9172,180.4,27734,1317,EE,OC
9173,180.4,27736,2006,ES,SC
9174,180.4,27737,1210,CB,BC
9175,180.4,27738,3011,EE,OC
9176,180.4,27739,2719,CS,MBC
9177,180.4,27741,2702,CT,MBC
9178,180.4,27743,2735,IT,BC
9179,180.4,27744,5530,CS,OC
9180,180.4,27744,2708,BM,OC
9181,180.4,27746,2710,CS,MBC
9182,180.4,27747,2615,CE,BC
9183,180.4,27748,2727,EC,OC
9184,180.4,27749,2712,AU,BC
9185,180.4,27750,3803,CS,BC
9186,180.4,27751,2711,EI,OC
9187,180.4,27752,5907,CS,OC
9188,180.4,27754,2706,EC,BC
9189,180.4,27755,5901,ME,BC
9190,180.4,27756,4974,EC,SC
9191,180.4,27758,3019,ME,OC
9192,180.4,27759,3807,EC,OC
9193,180.4,27760,2764,CS,MBC
9194,180.4,27761,2710,EE,OC
9195,180.4,27764,2615,ME,BC
9196,180.4,27765,3918,CS,OC
9197,180.4,27766,2727,CS,BC
9198,180.4,27767,2,LE,MBC
9199,180.4,27768,1412,CS,OC
9200,180.4,27769,2719,EE,BC
9201,180.4,27771,2719,BM,BC
9202,180.3,27772,1211,ME,OC
9203,180.3,27773,1231,CS,BC
9204,180.3,27774,1509,CS,OC
9205,180.3,27775,2706,EC,BC
9206,180.3,27776,4678,EC,OC
9207,180.3,27777,5009,EC,OC
9208,180.3,27778,4678,EC,OC
9209,180.3,27783,5901,ME,MBC
9210,180.3,27784,2727,AD,OC
9211,180.3,27786,2711,EC,MBC
9212,180.3,27787,2722,EE,BC
9213,180.3,27788,5910,CS,MBC
9214,180.3,27789,2369,CS,BC
9215,180.3,27792,1419,EI,OC
9216,180.3,27793,2620,BM,OC
9217,180.3,27795,1120,IT,MBC
9218,180.3,27797,2729,AE,OC
9219,180.3,27799,5008,CN,SC
9220,180.3,27800,1219,AU,OC
9221,180.3,27802,2764,CS,MBC
9222,180.3,27803,5910,CS,BC
9223,180.3,27804,1430,EE,OC
9224,180.3,27805,1231,EC,OC
9225,180.3,27806,4955,IT,OC
9226,180.3,27807,2722,EE,MBC
9227,180.3,27808,1140,CS,OC
9228,180.3,27809,4959,CS,OC
9229,180.3,27810,1140,CS,OC
9230,180.3,27811,2,LE,SC
9231,180.3,27812,2702,MC,OC
9232,180.3,27813,2739,AD,MBC
9233,180.3,27814,2709,AU,OC
9234,180.3,27815,2708,CE,OC
9235,180.3,27816,1118,AD,OC
9236,180.3,27818,4960,ME,OC
9237,180.3,27819,2005,ME,SCA
9238,180.3,27820,2615,ME,BC
9239,180.3,27821,4955,CS,BC
9240,180.3,27823,5910,EC,OC
9241,180.3,27824,2722,EE,BC
9242,180.3,27826,2723,EC,OC
9243,180.3,27827,5,AM,MBC
9244,180.3,27830,2620,BM,OC
9245,180.3,27831,4960,BM,BC
9246,180.3,27832,2702,FD,BC
9247,180.3,27833,3011,PH,BC
9248,180.3,27837,4962,EC,BC
9249,180.3,27839,2741,EC,OC
9250,180.3,27840,2713,CS,OC
9251,180.3,27841,2740,AD,OC
9252,180.3,27842,1231,CS,BC
9253,180.3,27843,1504,EE,OC
9254,180.3,27844,1409,CS,OC
9255,180.3,27845,2723,CS,BC
9256,180.3,27846,2711,EC,MBC
9257,180.3,27847,1211,MZ,BC
9258,180.3,27848,2739,CS,MBC
9259,180.3,27850,1422,AD,SC
9260,180.3,27851,5009,CS,MBC
9261,180.3,27852,2727,IT,OC
9262,180.3,27853,1309,EC,BCM
9263,180.3,27855,3819,IT,MBC
9264,180.3,27857,4917,CS,OC
9265,180.3,27858,4993,IT,OC
9266,180.3,27860,1211,ME,OC
9267,180.3,27861,1306,AD,OC
9268,180.3,27862,2719,RM,OC
9269,180.3,27863,4955,CS,BC
9270,180.3,27865,1120,EC,OC
9271,180.3,27866,1013,CS,MBC
9272,180.3,27867,4678,EC,OC
9273,180.3,27868,1207,IT,OC
9274,180.3,27869,2708,FD,OC
9275,180.3,27871,1110,CS,OC
9276,180.3,27872,1120,EC,OC
9277,180.3,27873,2722,EE,BC
9278,180.3,27874,1122,AD,OC
9279,180.3,27877,2006,ES,SC
9280,180.3,27878,2618,EC,OC
9281,180.3,27879,1399,AD,SC
9282,180.3,27880,4678,EC,OC
9283,180.3,27881,1399,MZ,MBC
9284,180.3,27882,1149,EC,OC
9285,180.3,27883,2750,EC,OC
9286,180.3,27884,1013,IT,OC
9287,180.3,27885,1419,IC,BC
9288,180.3,27887,3830,CS,BC
9289,180.3,27888,1210,EC,BC
9290,180.3,27889,1324,EE,OC
9291,180.3,27891,2722,EE,BC
9292,180.3,27893,4944,EC,OC
9293,180.3,27894,1120,EC,OC
9294,180.3,27896,3011,CS,MBC
9295,180.3,27897,1211,RM,MBC
9296,180.3,27898,1210,CB,BC
9297,180.3,27899,2,LE,SC
9298,180.3,27901,2615,EE,SC
9299,180.3,27902,2712,EC,SC
9300,180.3,27903,1516,CE,OC
9301,180.3,27904,4965,BM,OC
9302,180.3,27905,2735,EC,OC
9303,180.3,27906,4962,EC,BC
9304,180.3,27907,1026,EC,MBC
9305,180.3,27908,4917,CD,OC
9306,180.3,27909,5010,CS,SC
9307,180.3,27911,1219,CH,BC
9308,180.3,27912,1306,CS,BC
9309,180.3,27914,1324,ME,OC
9310,180.3,27915,2710,EC,OC
9311,180.3,27919,2615,ME,BC
9312,180.3,27922,2314,CS,OC
9313,180.3,27924,3760,AD,OC
9314,180.3,27925,4672,CS,OC
9315,180.3,27926,1419,EE,MBC
9316,180.3,27929,2719,EE,BC
9317,180.3,27930,4960,BM,BC
9318,180.3,27931,2718,CS,SC
9319,180.3,27932,5904,CS,OC
9320,180.3,27934,1324,AD,MBC
9321,180.3,27935,1,XM,MBC
9322,180.3,27936,4981,CS,OC
9323,180.3,27939,2719,EI,OC
9324,180.3,27940,2702,MC,OC
9325,180.3,27941,1118,AD,OC
9326,180.3,27942,2613,IT,OC
9327,180.3,27944,2601,CS,OC
9328,180.3,27947,2702,FT,OC
9329,180.3,27948,5901,ME,BC
9330,180.3,27950,2718,MZ,MBC
9331,180.3,27952,4933,EC,OC
9332,180.3,27955,1509,IT,OC
9333,180.3,27956,2656,EC,OC
9334,180.3,27957,1210,IT,MBC
9335,180.3,27959,2603,CS,SCA
9336,180.3,27960,4962,EC,BC
9337,180.2,27962,1516,EC,BC
9338,180.2,27963,1013,CS,BC
9339,180.2,27964,2710,EC,OC
9340,180.2,27966,2722,IC,OC
9341,180.2,27971,2611,AG,OC
9342,180.2,27972,2005,IB,SC
9343,180.2,27974,3011,XC,OC
9344,180.2,27975,2706,EI,OC
9345,180.2,27976,5530,CS,OC
9346,180.2,27977,2622,EC,OC
9347,180.2,27978,3011,EC,BC
9348,180.2,27979,2710,AD,BC
9349,180.2,27980,2735,IT,SC
9350,180.2,27981,2725,CS,OC
9351,180.2,27982,2750,AG,OC
9352,180.2,27984,2706,IT,MBC
9353,180.2,27986,1219,CH,MBC
9354,180.2,27987,2610,AD,OC
9355,180.2,27988,1317,EE,OC
9356,180.2,27989,2620,BT,OC
9357,180.2,27990,2725,EC,OC
9358,180.2,27992,1207,AD,OC
9359,180.2,27993,2741,CS,OC
9360,180.2,27994,4944,CS,OC
9361,180.2,27996,1324,AD,MBC
9362,180.2,27998,1412,CS,OC
9363,180.2,28000,3826,AD,OC
9364,180.2,28001,5904,CS,OC
9365,180.2,28005,2615,MT,MBC
9366,180.2,28006,3819,CS,MBC
9367,180.2,28007,2618,BM,OC
9368,180.2,28008,4670,AG,OC
9369,180.2,28011,1231,CS,BC
9370,180.2,28012,1026,EC,MBC
9371,180.2,28013,1114,CS,OC
9372,180.2,28014,5910,CS,BC
9373,180.2,28015,2005,ME,SC
9374,180.2,28016,2712,AU,MBC
9375,180.2,28017,2702,AD,SC
9376,180.2,28018,1516,EE,OC
9377,180.2,28019,3011,EC,BC
9378,180.2,28020,1422,IT,MBC
9379,180.2,28022,1211,ME,OC
9380,180.2,28024,1210,EC,BC
9381,180.2,28025,2369,EC,BC
9382,180.2,28026,2719,ME,OC
9383,180.2,28027,1422,EC,OC
9384,180.2,28029,3803,CS,BC
9385,180.2,28031,3826,AD,OC
9386,180.2,28032,2722,EE,BC
9387,180.2,28033,4960,CS,SC
9388,180.2,28034,1432,EC,MBC
9389,180.2,28035,2601,CS,OC
9390,180.2,28039,1422,EC,MBC
9391,180.2,28040,4962,EC,BC
9392,180.2,28041,4965,CS,OC
9393,180.2,28042,5910,IT,OC
9394,180.2,28044,4933,CS,OC
9395,180.2,28046,2653,CS,OC
9396,180.2,28047,3011,CE,OC
9397,180.2,28048,2702,AL,MBC
9398,180.2,28049,4971,IT,OC
9399,180.2,28050,2736,EC,OC
9400,180.2,28052,1422,EC,MBC
9401,180.2,28053,2725,CS,OC
9402,180.2,28055,1219,CH,BC
9403,180.2,28058,2725,IT,BC
9404,180.2,28059,1014,CS,OC
9405,180.2,28061,1324,EC,BC
9406,180.2,28062,2622,CS,BC
9407,180.2,28063,1231,IT,BC
9408,180.2,28065,2620,TS,OC
9409,180.2,28067,1317,EE,OC
9410,180.2,28068,2704,CS,BC
9411,180.2,28072,4678,EC,OC
9412,180.2,28074,2603,EE,MBC
9413,180.2,28075,1304,IT,SC
9414,180.2,28076,4981,IT,OC
9415,180.2,28078,1114,EC,OC
9416,180.2,28080,3011,IT,BCM
9417,180.2,28081,4975,CS,OC
9418,180.2,28082,3018,CS,OC
9419,180.2,28083,2610,ME,OC
9420,180.2,28086,1219,IT,SC
9421,180.2,28088,1210,AD,BCM
9422,180.2,28089,2710,IT,SC
9423,180.2,28091,2704,EC,OC
9424,180.2,28093,2611,AG,OC
9425,180.2,28094,1399,CE,OC
9426,180.2,28096,4023,IT,OC
9427,180.2,28097,2702,IT,MBC
9428,180.2,28098,2741,CS,OC
9429,180.2,28099,2718,CS,SC
9430,180.2,28101,4678,EE,OC
9431,180.2,28102,2727,CS,BC
9432,180.2,28103,2639,CS,OC
9433,180.2,28104,5910,IT,OC
9434,180.2,28105,2618,CS,MBC
9435,180.2,28106,2618,CS,MBC
9436,180.2,28107,1101,CE,OC
9437,180.2,28108,2007,AT,SCA
9438,180.2,28109,1422,CS,BCM
9439,180.2,28110,5986,IT,MBC
9440,180.2,28112,5986,EE,BC
9441,180.2,28115,2620,BT,OC
9442,180.2,28116,1216,AD,BC
9443,180.2,28117,4023,ME,OC
9444,180.2,28118,2709,CE,OC
9445,180.2,28122,2608,IT,OC
9446,180.2,28126,2653,CS,OC
9447,180.2,28127,1422,EC,BC
9448,180.2,28129,2710,AD,BC
9449,180.2,28130,1120,CS,BCM
9450,180.2,28131,2718,ME,BC
9451,180.2,28132,5910,IT,OC
9452,180.2,28135,4678,AD,MBC
9453,180.2,28136,2725,CS,OC
9454,180.2,28137,2736,CS,BC
9455,180.2,28138,2718,CE,OC
9456,180.2,28140,2608,EE,OC
9457,180.2,28141,2727,BM,OC
9458,180.2,28144,3011,EC,BC
9459,180.2,28145,5,IT,OC
9460,180.2,28147,3795,CS,BC
9461,180.2,28150,2615,CE,BC
9462,180.2,28152,2601,BM,OC
9463,180.2,28153,1516,CE,OC
9464,180.2,28154,2601,CS,OC
9465,180.2,28156,2750,BT,OC
9466,180.2,28157,1324,CO,BC
9467,180.2,28158,2719,EE,BC
9468,180.2,28159,1210,AD,MBC
9469,180.2,28160,4981,CS,OC
9470,180.2,28161,1216,AD,BC
9471,180.2,28164,2603,ME,OC
9472,180.2,28166,3465,EE,OC
9473,180.2,28168,1309,EC,BC
9474,180.2,28169,1516,CE,OC
9475,180.2,28170,2711,EI,BC
9476,180.2,28171,2622,CS,BC
9477,180.2,28172,2718,ME,BC
9478,180.2,28175,2727,CS,BC
9479,180.2,28176,3701,AL,OC
9480,180.2,28179,5,EC,OC
9481,180.2,28180,4023,EC,OC
9482,180.2,28182,2622,IT,OC
9483,180.2,28183,2702,AD,MBC
9484,180.2,28185,4917,CS,OC
9485,180.2,28186,4960,EE,BC
9486,180.2,28187,3011,EC,MBC
9487,180.2,28188,2721,EC,OC
9488,180.2,28189,2622,ME,OC
9489,180.2,28190,2711,EI,MBC
9490,180.2,28191,2764,BM,BC
9491,180.2,28195,5865,CS,OC
9492,180.2,28197,2741,EC,OC
9493,180.2,28198,2702,BM,MBC
9494,180.1,28199,1013,CS,BC
9495,180.1,28200,3011,EC,BC
9496,180.1,28201,1216,AG,OC
9497,180.1,28202,2025,ME,BC
9498,180.1,28204,2618,IT,MBC
9499,180.1,28205,2719,BM,MBC
9500,180.1,28206,1128,CS,BCM
9501,180.1,28208,4023,CS,BC
9502,180.1,28209,2620,EE,OC
9503,180.1,28210,2712,FT,BC
9504,180.1,28211,2007,CE,SC
9505,180.1,28212,1211,CS,SC
9506,180.1,28213,1309,EC,BC
9507,180.1,28217,2702,ME,OC
9508,180.1,28218,2618,AD,BC
9509,180.1,28219,2603,EE,BC
9510,180.1,28220,2607,FD,OC
9511,180.1,28221,2702,AD,BCM
9512,180.1,28224,2727,EC,OC
9513,180.1,28225,2025,ME,BC
9514,180.1,28227,1419,MU,OC
9515,180.1,28228,4974,CE,BC
9516,180.1,28229,3805,CS,OC
9517,180.1,28231,2734,IT,OC
9518,180.1,28232,1219,MR,OC
9519,180.1,28233,2725,CS,OC
9520,180.1,28234,1118,AD,BC
9521,180.1,28235,2750,EC,OC
9522,180.1,28238,2719,IT,BCM
9523,180.1,28239,2661,IT,OC
9524,180.1,28241,2025,ME,BC
9525,180.1,28244,1231,AD,OC
9526,180.1,28246,5009,CS,BC
9527,180.1,28248,2718,ME,BC
9528,180.1,28249,2342,EC,OC
9529,180.1,28250,4678,EC,OC
9530,180.1,28251,4969,EC,OC
9531,180.1,28253,1122,CS,OC
9532,180.1,28254,2723,CS,MBC
9533,180.1,28255,5904,CS,OC
9534,180.1,28256,2648,EE,OC
9535,180.1,28258,1211,EE,MBC
9536,180.1,28259,2741,CE,OC
9537,180.1,28260,2603,EE,BC
9538,180.1,28262,3011,BT,MBC
9539,180.1,28263,1304,RM,BC
9540,180.1,28264,1317,EE,OC
9541,180.1,28265,2719,RM,OC
9542,180.1,28267,2725,CS,OC
9543,180.1,28268,1319,CS,OC
9544,180.1,28270,2005,ME,SCA
9545,180.1,28272,2702,EC,SCA
9546,180.1,28273,2711,FD,SC
9547,180.1,28274,2620,CS,OC
9548,180.1,28275,4959,CS,OC
9549,180.1,28276,2608,IT,OC
9550,180.1,28280,1315,EC,SCA
9551,180.1,28282,2,LE,SC
9552,180.1,28284,2634,AE,OC
9553,180.1,28286,2708,AE,OC
9554,180.1,28287,1231,IT,MBC
9555,180.1,28288,5910,IT,OC
9556,180.1,28289,2722,EE,BC
9557,180.1,28290,1317,ME,OC
9558,180.1,28291,1450,ME,OC
9559,180.1,28292,1211,FD,MBC
9560,180.1,28293,4962,EC,BC
9561,180.1,28294,1324,EC,BC
9562,180.1,28295,1122,IT,OC
9563,180.1,28298,2615,ME,BC
9564,180.1,28299,2710,IT,MBC
9565,180.1,28300,2736,IT,OC
9566,180.1,28301,1120,EC,OC
9567,180.1,28302,2722,IC,OC
9568,180.1,28303,2709,CS,SC
9569,180.1,28304,4959,CS,OC
9570,180.1,28305,2615,ME,MBC
9571,180.1,28307,2723,CS,BC
9572,180.1,28308,3701,CS,OC
9573,180.1,28309,2735,EC,OC
9574,180.1,28311,1149,AD,BC
9575,180.1,28312,3021,CS,OC
9576,180.1,28314,4981,CS,OC
9577,180.1,28315,1207,CS,OC
9578,180.1,28316,2603,ME,OC
9579,180.1,28317,1317,EE,OC
9580,180.1,28318,2708,AL,OC
9581,180.1,28320,4971,IT,OC
9582,180.1,28321,3464,EC,OC
9583,180.1,28323,2712,ME,MBC
9584,180.1,28326,1325,ME,OC
9585,180.1,28328,2718,MZ,BC
9586,180.1,28330,1306,CS,BC
9587,180.1,28331,2709,CS,SC
9588,180.1,28332,1301,IT,OC
9589,180.1,28333,2618,AD,BC
9590,180.1,28334,3011,IT,SC
9591,180.1,28335,1432,CS,MBC
9592,180.1,28336,4864,EC,OC
9593,180.1,28337,4971,EC,OC
9594,180.1,28337,1225,IT,OC
9595,180.1,28338,1422,EC,BC
9596,180.1,28339,2723,CS,BC
9597,180.1,28340,1316,EC,OC
9598,180.1,28341,2723,EC,OC
9599,180.1,28342,1311,IT,OC
9600,180.1,28344,2656,CE,OC
9601,180.1,28345,5910,IT,OC
9602,180.1,28348,5986,CE,OC
9603,180.1,28350,1118,CS,BC
9604,180.1,28351,1210,EE,OC
9605,180.1,28352,1306,CS,BC
9606,180.1,28355,2329,BT,OC
9607,180.1,28356,1231,CS,BC
9608,180.1,28357,1216,CS,MBC
9609,180.1,28358,3011,EC,BC
9610,180.1,28359,2719,EE,BC
9611,180.1,28360,3465,EE,OC
9612,180.1,28361,1419,IC,BC
9613,180.1,28364,4669,EC,OC
9614,180.1,28366,4678,EC,OC
9615,180.1,28367,2729,CS,OC
9616,180.1,28368,2329,BT,OC
9617,180.1,28369,1112,EC,MBC
9618,180.1,28370,5910,IT,OC
9619,180.1,28372,2725,CS,OC
9620,180.1,28373,5904,CS,OC
9621,180.1,28374,2702,CT,MBC
9622,180.1,28375,5009,CS,BC
9623,180.1,28376,1216,IT,MBC
9624,180.1,28378,2702,FT,OC
9625,180.1,28380,4928,CS,OC
9626,180.1,28381,1303,IT,OC
9627,180.1,28382,5910,EC,OC
9628,180.1,28384,2710,EC,OC
9629,180.1,28387,1211,MZ,MBC
9630,180.1,28388,2751,EC,OC
9631,180.1,28390,4023,CS,BC
9632,180.1,28392,2615,ME,BC
9633,180.1,28393,3803,IT,OC
9634,180.1,28395,2609,CY,OC
9635,180.1,28396,4680,CE,OC
9636,180.1,28399,1324,CS,MBC
9637,180.1,28400,3805,BM,OC
9638,180.0,28403,4955,CS,BC
9639,180.0,28404,5017,CS,OC
9640,180.0,28405,4962,EE,OC
9641,180.0,28407,3019,XC,OC
9642,180.0,28408,3011,BT,BC
9643,180.0,28410,2709,ME,OC
9644,180.0,28411,4974,ME,OC
9645,180.0,28414,1211,ME,OC
9646,180.0,28415,4971,EC,OC
9647,180.0,28416,2618,EC,OC
9648,180.0,28417,3701,AD,OC
9649,180.0,28419,3011,IT,MBC
9650,180.0,28420,1106,IT,OC
9651,180.0,28421,1210,EE,OC
9652,180.0,28422,5022,CS,OC
9653,180.0,28423,1120,CS,MBC
9654,180.0,28427,5901,ME,BC
9655,180.0,28428,1309,EC,BC
9656,180.0,28429,1306,BT,BC
9657,180.0,28430,2377,CE,SC
9658,180.0,28432,2725,CS,OC
9659,180.0,28434,1219,MR,OC
9660,180.0,28435,2741,CS,OC
9661,180.0,28436,3819,CS,BC
9662,180.0,28437,2618,EC,OC
9663,180.0,28438,2709,CS,SC
9664,180.0,28441,2725,CS,OC
9665,180.0,28442,4962,EC,BC
9666,180.0,28445,1450,ME,OC
9667,180.0,28447,2710,TS,OC
9668,180.0,28449,4023,CS,BC
9669,180.0,28451,2618,BM,OC
9670,180.0,28452,4960,BM,BC
9671,180.0,28453,2608,IT,OC
9672,180.0,28454,1412,EC,OC
9673,180.0,28455,1419,ME,OC
9674,180.0,28456,1432,EC,BC
9675,180.0,28457,3011,EC,BC
9676,180.0,28458,2603,ME,OC
9677,180.0,28459,2,CR,SC
9678,180.0,28460,1114,EC,OC
9679,180.0,28461,1211,CS,SC
9680,180.0,28462,2718,ME,BC
9681,180.0,28463,2710,EC,OC
9682,180.0,28464,5910,IT,OC
9683,180.0,28465,1118,AD,BC
9684,180.0,28468,2710,EC,OC
9685,180.0,28469,3465,EE,OC
9686,180.0,28471,1516,EE,BC
9687,180.0,28472,1501,EC,OC
9688,180.0,28473,1228,BM,OC
9689,180.0,28476,2710,EC,OC
9690,180.0,28477,5,CF,OC
9691,180.0,28479,5010,EC,MBC
9692,180.0,28481,1112,EC,MBC
9693,180.0,28482,2734,EE,OC
9694,180.0,28483,2610,IT,OC
9695,180.0,28485,4966,CS,OC
9696,180.0,28486,2609,IT,OC
9697,180.0,28488,2712,TX,BC
9698,180.0,28489,1516,EC,MBC
9699,180.0,28491,1419,EI,OC
9700,180.0,28493,2718,CS,SC
9701,180.0,28496,1026,EC,MBC
9702,180.0,28499,2719,EI,OC
9703,180.0,28500,3830,CS,BCM
9704,180.0,28501,2357,IT,OC
9705,180.0,28502,4023,CS,BC
9706,180.0,28503,1306,CS,BCM
9707,180.0,28504,2725,IT,BC
9708,180.0,28505,3819,IT,MBC
9709,180.0,28507,2718,CS,SC
9710,180.0,28508,1118,CS,BC
9711,180.0,28509,2710,SC,BC
9712,180.0,28510,2710,AD,MBC
9713,180.0,28511,5910,IT,OC
9714,180.0,28512,2718,CE,OC
9715,180.0,28514,1202,IT,OC
9716,180.0,28515,2719,EE,BC
9717,180.0,28518,5009,CS,BC
9718,180.0,28519,1324,CS,MBC
9719,180.0,28521,2751,CB,OC
9720,180.0,28522,2615,EE,SC
9721,180.0,28524,2618,EC,OC
9722,180.0,28525,2618,IT,MBC
9723,180.0,28529,1306,IT,OC
9724,180.0,28530,1304,EI,OC
9725,180.0,28532,1140,CS,OC
9726,180.0,28533,1419,ME,OC
9727,180.0,28536,1311,IT,OC
9728,180.0,28537,1226,EC,OC
9729,180.0,28539,1231,AD,OC
9730,180.0,28541,5910,IT,OC
9731,180.0,28545,1317,CS,SC
9732,180.0,28546,1216,AL,OC
9733,180.0,28547,1120,AD,BC
9734,180.0,28548,1516,EC,BC
9735,180.0,28549,1122,AD,OC
9736,180.0,28551,2621,CS,OC
9737,180.0,28553,1210,CO,BC
9738,180.0,28557,2377,ME,SC
9739,180.0,28565,1211,CE,OC
9740,180.0,28567,2702,CE,OC
9741,180.0,28568,2740,AE,OC
9742,180.0,28569,2712,AD,SC
9743,180.0,28571,2618,EC,OC
9744,180.0,28572,2007,CH,SC
9745,180.0,28574,1422,CY,MBC
9746,180.0,28575,1307,BM,OC
9747,180.0,28579,2618,EC,BC
9748,180.0,28585,1210,CO,BC
9749,180.0,28587,3011,IT,BCM
9750,180.0,28588,1211,MZ,BC
9751,180.0,28590,2634,FD,OC
9752,180.0,28591,5901,ME,MBC
9753,180.0,28593,1211,CE,OC
9754,180.0,28600,1116,CS,OC
9755,180.0,28601,1317,CS,SC
9756,180.0,28603,2601,BT,OC
9757,180.0,28604,2726,CS,OC
9758,180.0,28606,1013,CS,MBC
9759,180.0,28607,1317,EE,OC
9760,180.0,28608,1210,CB,BC
9761,180.0,28609,3464,EC,OC
9762,180.0,28611,2719,IT,BCM
9763,180.0,28612,2718,CS,SC
9764,180.0,28614,1432,AD,MBC
9765,180.0,28617,1216,EC,OC
9766,180.0,28618,2712,AD,SC
9767,180.0,28619,1399,CS,SC
9768,180.0,28623,1447,IT,OC
9769,180.0,28626,4960,EE,BC
9770,180.0,28627,1210,CO,BC
9771,180.0,28628,3819,AD,OC
9772,180.0,28630,2653,CS,OC
9773,180.0,28637,1116,CS,OC
9774,180.0,28638,2624,IT,OC
9775,180.0,28639,1122,IT,OC
9776,180.0,28640,2727,BM,OC
9777,180.0,28641,1122,BT,OC
9778,180.0,28642,5986,CE,OC
9779,180.0,28646,1149,EC,OC
9780,180.0,28648,2727,IT,OC
9781,180.0,28658,4023,CS,BC
9782,180.0,28659,5904,CS,BC
9783,180.0,28660,1422,EC,BC
9784,180.0,28665,4959,CS,OC
9785,180.0,28667,1309,EC,SC
9786,180.0,28668,1216,AD,BC
9787,180.0,28669,1399,CE,BC
9788,180.0,28673,2025,EE,SC
9789,180.0,28674,1140,CS,OC
9790,180.0,28676,2618,IT,MBC
9791,180.0,28677,4678,AD,BC
9792,180.0,28678,2615,ME,MBC
9793,180.0,28679,1112,EC,MBC
9794,180.0,28683,2622,CS,BC
9795,180.0,28684,2610,EC,OC
9796,180.0,28687,2708,CH,OC
9797,180.0,28690,1013,EC,OC
9798,180.0,28696,1419,CE,OC
9799,180.0,28697,1149,CS,MBC
9800,180.0,28698,2710,SC,BC
9801,180.0,28700,1026,EC,BC
9802,180.0,28704,1149,EE,OC
9803,180.0,28705,1324,CS,MBC
9804,180.0,28707,1210,AD,MBC
9805,180.0,28708,1324,CS,BCM
9806,180.0,28710,2723,CS,BC
9807,180.0,28713,1317,EE,OC
9808,180.0,28716,2722,EC,MBC
9809,180.0,28717,1120,AD,BC
9810,180.0,28720,1211,BT,MBC
9811,180.0,28726,1112,AL,MBC
9812,180.0,28727,2719,IT,MBC
9813,180.0,28731,1122,CS,OC
9814,180.0,28732,1419,EE,MBC
9815,180.0,28734,2719,CS,MBC
9816,180.0,28738,4024,EC,OC
9817,180.0,28739,2711,CE,OC
9818,180.0,28742,1419,EE,BC
9819,180.0,28743,5009,CS,BC
9820,180.0,28746,2656,EC,OC
9821,180.0,28749,5901,ME,MBC
9822,180.0,28750,2711,ME,OC
9823,180.0,28751,4962,EC,BC
9824,180.0,28753,2712,FT,BCM
9825,180.0,28755,1605,CS,OC
9826,180.0,28756,3454,BM,OC
9827,180.0,28757,2725,CS,OC
9828,180.0,28760,1216,CS,MBC
9829,180.0,28762,1304,RM,BC
9830,180.0,28763,2722,EE,MBC
9831,180.0,28765,2711,MZ,OC
9832,180.0,28766,1211,FD,MBC
9833,180.0,28768,2752,CS,OC
9834,180.0,28769,2710,AD,BC
9835,180.0,28770,5010,EC,BC
9836,180.0,28771,2618,AD,BC
9837,180.0,28772,2722,EE,BC
9838,180.0,28773,2708,CS,OC
9839,180.0,28774,5,CS,BC
9840,180.0,28776,2704,EC,OC
9841,180.0,28778,2722,EE,BC
9842,180.0,28780,1309,AD,MBC
9843,180.0,28781,1399,CE,BC
9844,180.0,28782,2718,MZ,BC
9845,180.0,28783,4955,CB,OC
9846,180.0,28784,1306,IT,OC
9847,180.0,28786,1122,CS,OC
9848,180.0,28788,1218,CS,OC
9849,180.0,28789,3011,EC,BC
9850,180.0,28791,1420,CS,OC
9851,180.0,28792,1324,EE,OC
9852,180.0,28794,4023,EE,OC
9853,180.0,28796,2722,EE,BC
9854,180.0,28797,1118,IT,OC
9855,180.0,28798,5010,CS,MBC
9856,180.0,28799,5010,EC,BC
9857,180.0,28802,1128,AD,MBC
9858,180.0,28804,3425,ME,OC
9859,180.0,28808,2615,CE,MBC
9860,180.0,28809,1412,CS,OC
9861,180.0,28811,1211,BM,MBC
9862,180.0,28812,2706,IT,MBC
9863,180.0,28813,1118,IT,OC
9864,180.0,28815,2369,EC,BC
9865,180.0,28816,2347,CS,OC
9866,180.0,28818,2725,CS,OC
9867,180.0,28819,4971,EC,OC
9868,180.0,28820,1210,EE,OC
9869,180.0,28821,5536,EE,OC
9870,180.0,28822,1216,AD,BC
9871,180.0,28823,3021,CS,OC
9872,180.0,28824,2750,AG,OC
9873,180.0,28825,1,XM,MBC
9874,180.0,28826,1210,AD,BCM
9875,179.9,28827,2710,SC,BC
9876,179.9,28828,1311,IT,OC
9877,179.9,28829,1228,ME,OC
9878,179.9,28831,2704,CS,BC
9879,179.9,28833,1118,EC,OC
9880,179.9,28834,2618,EC,BC
9881,179.9,28835,1452,CS,OC
9882,179.9,28836,2607,EC,OC
9883,179.9,28837,3826,CS,BC
9884,179.9,28838,3011,CS,SCA
9885,179.9,28840,1122,AD,OC
9886,179.9,28842,1424,AD,OC
9887,179.9,28843,1219,CH,BC
9888,179.9,28845,2618,CS,BCM
9889,179.9,28846,1013,EC,OC
9890,179.9,28848,1210,EE,OC
9891,179.9,28849,2719,CS,MBC
9892,179.9,28851,1026,EC,BC
9893,179.9,28852,2709,EE,MBC
9894,179.9,28854,2601,CS,OC
9895,179.9,28857,2622,CS,BC
9896,179.9,28858,2636,EE,OC
9897,179.9,28859,5910,CB,BC
9898,179.9,28860,2702,FD,BC
9899,179.9,28860,3464,CS,MBC
9900,179.9,28861,1422,EC,BC
9901,179.9,28862,2727,CS,BC
9902,179.9,28863,1317,EE,OC
9903,179.9,28864,3454,CS,OC
9904,179.9,28867,2735,AD,OC
9905,179.9,28869,1110,BT,OC
9906,179.9,28870,5008,MG,SC
9907,179.9,28872,1212,PE,OC
9908,179.9,28873,2345,CS,OC
9909,179.9,28875,2750,EC,OC
9910,179.9,28876,1211,EE,BCM
9911,179.9,28877,3011,IT,MBC
9912,179.9,28878,1122,CS,BC
9913,179.9,28879,2611,CY,OC
9914,179.9,28880,1309,EC,BC
9915,179.9,28882,2708,AL,OC
9916,179.9,28883,4971,CS,BC
9917,179.9,28884,2615,CE,BC
9918,179.9,28885,1307,EC,OC
9919,179.9,28887,4959,EC,OC
9920,179.9,28888,2603,CS,SC
9921,179.9,28889,1149,CS,MBC
9922,179.9,28890,2369,CE,OC
9923,179.9,28892,2329,BT,OC
9924,179.9,28893,3465,CS,SCA
9925,179.9,28894,2622,EC,OC
9926,179.9,28895,1231,IT,BC
9927,179.9,28896,3464,CS,SC
9928,179.9,28898,2719,ME,OC
9929,179.9,28899,1408,CS,OC
9930,179.9,28900,2607,EC,OC
9931,179.9,28901,2722,EE,BC
9932,179.9,28903,4974,EC,MBC
9933,179.9,28904,2622,CS,BC
9934,179.9,28905,1216,AD,BC
9935,179.9,28906,3806,CS,OC
9936,179.9,28908,5901,CE,SC
9937,179.9,28909,4023,EC,OC
9938,179.9,28911,1149,EC,OC
9939,179.9,28912,2722,EE,BC
9940,179.9,28913,2727,CS,BC
9941,179.9,28914,4954,CS,OC
9942,179.9,28916,2741,EC,OC
9943,179.9,28917,1516,EC,BC
9944,179.9,28918,1317,CS,SC
9945,179.9,28920,2727,EC,OC
9946,179.9,28921,2025,ME,BCM
9947,179.9,28922,2615,CE,MBC
9948,179.9,28923,2620,BM,OC
9949,179.9,28924,2721,IC,OC
9950,179.9,28925,1114,EC,OC
9951,179.9,28926,2711,EI,BC
9952,179.9,28927,4962,EC,BC
9953,179.9,28928,1311,CS,BC
9954,179.9,28929,2610,EC,OC
9955,179.9,28933,1306,IT,OC
9956,179.9,28934,5910,IT,OC
9957,179.9,28936,2607,CS,OC
9958,179.9,28938,2722,EC,MBC
9959,179.9,28939,1120,CS,MBC
9960,179.9,28940,2764,EC,BC
9961,179.9,28941,2719,EC,MBC
9962,179.9,28942,2725,CS,OC
9963,179.9,28943,1422,IT,MBC
9964,179.9,28945,1112,EC,MBC
9965,179.9,28946,3011,IT,MBC
9966,179.9,28947,2736,CS,BC
9967,179.9,28948,3819,IT,BC
9968,179.9,28950,4974,ME,OC
9969,179.9,28952,1306,IT,OC
9970,179.9,28953,3806,IT,OC
9971,179.9,28955,1113,CS,SC
9972,179.9,28956,2710,CS,MBC
9973,179.9,28957,5901,EE,SC
9974,179.9,28959,4971,IT,OC
9975,179.9,28960,2345,EC,OC
9976,179.9,28961,1325,EC,OC
9977,179.9,28964,1015,CS,OC
9978,179.9,28965,1516,CE,OC
9979,179.9,28970,1149,EC,OC
9980,179.9,28971,1128,EC,OC
9981,179.9,28972,4960,EE,BC
9982,179.9,28973,4962,EE,OC
9983,179.9,28974,1309,CS,SC
9984,179.9,28976,2726,CS,OC
9985,179.9,28978,2005,IB,SC
9986,179.9,28979,3465,EE,OC
9987,179.9,28980,2726,CS,OC
9988,179.9,28981,2343,HT,OC
9989,179.9,28982,2369,EE,OC
9990,179.9,28983,1014,IT,OC
9991,179.9,28984,2704,EC,OC
9992,179.9,28988,1149,EC,OC
9993,179.9,28989,5,CF,OC
9994,179.9,28990,4962,EC,SC
9995,179.9,28991,2725,EC,OC
9996,179.9,28992,2764,BM,BC
9997,179.9,28993,2708,CS,OC
9998,179.9,28994,1112,EC,MBC
9999,179.9,28996,2608,EE,OC
10000,179.9,28998,2722,EE,BC
10001,179.9,28999,2723,EC,OC
10002,179.9,29000,2601,IT,OC
10003,179.9,29001,4974,CE,BC
10004,179.9,29002,1,XC,SC
10005,179.9,29003,2702,CS,SC
10006,179.9,29004,1422,EC,SC
10007,179.9,29005,1412,IT,OC
10008,179.9,29006,2710,EC,OC
10009,179.9,29007,2618,EC,BC
10010,179.9,29008,1311,EC,OC
10011,179.9,29012,1122,IT,OC
10012,179.9,29012,1231,IT,MBC
10013,179.9,29013,1412,CS,OC
10014,179.9,29015,2709,AU,OC
10015,179.9,29016,1304,EE,MBC
10016,179.9,29017,2615,ME,BCM
10017,179.9,29018,2739,EE,BC
10018,179.9,29019,2718,MZ,BC
10019,179.9,29020,1013,IT,OC
10020,179.9,29023,1216,AD,BC
10021,179.9,29024,2702,EC,BCM
10022,179.9,29025,4023,IT,OC
10023,179.9,29026,4928,EC,OC
10024,179.9,29029,2710,EC,OC
10025,179.9,29030,4023,CS,BCM
10026,179.9,29032,3011,EE,OC
10027,179.9,29034,2709,CE,OC
10028,179.9,29038,4959,CS,OC
10029,179.9,29039,2702,FD,BC
10030,179.9,29040,1317,EE,OC
10031,179.9,29041,3826,EC,OC
10032,179.9,29043,2702,AG,BC
10033,179.9,29045,2711,EI,BC
10034,179.9,29048,1211,ME,OC
10035,179.9,29049,1026,EC,BC
10036,179.9,29050,2711,EI,BC
10037,179.9,29051,1422,IT,MBC
10038,179.9,29054,1216,EC,OC
10039,179.9,29055,1516,EE,BC
10040,179.9,29056,2708,AL,OC
10041,179.9,29057,3464,EC,OC
10042,179.9,29058,2739,EE,BC
10043,179.9,29059,1306,IT,OC
10044,179.9,29060,2615,CE,BC
10045,179.9,29061,4981,CS,OC
10046,179.9,29062,5010,CS,SC
10047,179.9,29063,2712,AD,SC
10048,179.8,29065,5910,CB,BC
10049,179.8,29066,4675,EC,OC
10050,179.8,29067,2343,HT,BC
10051,179.8,29070,2710,EC,OC
10052,179.8,29071,1401,EE,OC
10053,179.8,29073,2,CR,SC
10054,179.8,29074,2618,EC,BC
10055,179.8,29075,1026,CS,MBC
10056,179.8,29077,3801,CS,OC
10057,179.8,29078,2712,AD,SC
10058,179.8,29079,1210,CB,BC
10059,179.8,29081,1419,EC,MBC
10060,179.8,29082,1419,EE,MBC
10061,179.8,29083,3826,CS,BC
10062,179.8,29084,2727,AD,OC
10063,179.8,29085,2722,AD,MBC
10064,179.8,29087,4974,EC,SC
10065,179.8,29089,4993,IT,OC
10066,179.8,29090,4960,BT,BC
10067,179.8,29091,1306,IT,OC
10068,179.8,29093,2702,CE,OC
10069,179.8,29095,2620,TS,OC
10070,179.8,29096,1216,CH,OC
10071,179.8,29097,1116,CS,OC
10072,179.8,29098,2704,IT,MBC
10073,179.8,29099,1422,IT,SC
10074,179.8,29101,2704,CS,BC
10075,179.8,29103,3908,EC,OC
10076,179.8,29105,2706,EE,OC
10077,179.8,29106,2608,IT,OC
10078,179.8,29109,5910,CS,MBC
10079,179.8,29110,2750,BT,OC
10080,179.8,29112,1516,ME,OC
10081,179.8,29113,5910,IT,BC
10082,179.8,29114,4962,IT,MBC
10083,179.8,29115,2712,FT,BC
10084,179.8,29116,2718,CS,SC
10085,179.8,29117,3819,CS,BC
10086,179.8,29119,1306,IT,OC
10087,179.8,29120,2704,CS,MBC
10088,179.8,29121,2710,AD,BC
10089,179.8,29124,4954,EC,OC
10090,179.8,29125,4960,CS,MBC
10091,179.8,29126,2702,ME,OC
10092,179.8,29129,5901,ME,BC
10093,179.8,29130,3805,FD,OC
10094,179.8,29131,1399,CS,SC
10095,179.8,29133,1321,PA,MBC
10096,179.8,29134,1412,CS,OC
10097,179.8,29135,3465,EE,OC
10098,179.8,29136,1118,IT,OC
10099,179.8,29137,5919,CH,OC
10100,179.8,29138,2007,ME,SC
10101,179.8,29139,1237,CS,OC
10102,179.8,29140,2702,AG,BC
10103,179.8,29141,1419,EC,MBC
10104,179.8,29142,2723,EE,OC
10105,179.8,29143,2727,IT,OC
10106,179.8,29144,1408,CS,OC
10107,179.8,29146,4972,EC,OC
10108,179.8,29148,2710,EC,OC
10109,179.8,29149,1516,EC,BCM
10110,179.8,29151,1,IE,SCA
10111,179.8,29152,5986,CE,OC
10112,179.8,29153,2764,AD,MBC
10113,179.8,29154,2709,CS,BCM
10114,179.8,29156,5017,CS,OC
10115,179.8,29157,2764,EC,BC
10116,179.8,29158,2706,EE,OC
10117,179.8,29159,2736,IT,OC
10118,179.8,29160,2723,EC,OC
10119,179.8,29162,1231,IT,BC
10120,179.8,29163,2615,ME,BCM
10121,179.8,29164,2620,BT,OC
10122,179.8,29165,2709,IT,SCA
10123,179.8,29166,1419,EC,MBC
10124,179.8,29167,1120,EC,OC
10125,179.8,29168,2764,CE,OC
10126,179.8,29171,1309,AD,MBC
10127,179.8,29173,4965,CS,OC
10128,179.8,29174,3801,CS,SC
10129,179.8,29177,2719,IT,MBC
10130,179.8,29178,3021,CS,OC
10131,179.8,29179,2709,ME,OC
10132,179.8,29181,2712,CE,MBC
10133,179.8,29182,1399,CS,SC
10134,179.8,29184,2609,IT,OC
10135,179.8,29185,2608,EC,OC
10136,179.8,29186,3810,EC,OC
10137,179.8,29187,2710,SC,BCM
10138,179.8,29190,1419,CS,SC
10139,179.8,29191,5901,CE,MBC
10140,179.8,29192,1118,CS,MBC
10141,179.8,29193,1324,CO,BC
10142,179.8,29195,1324,CO,BC
10143,179.8,29196,2718,ME,BC
10144,179.8,29198,5,CE,OC
10145,179.8,29199,1210,CB,MBC
10146,179.8,29200,5904,CS,BC
10147,179.8,29204,3011,AU,OC
10148,179.8,29205,2607,BT,OC
10149,179.8,29206,3011,EC,BC
10150,179.8,29207,2726,EC,OC
10151,179.8,29208,1210,CB,BC
10152,179.8,29209,2719,EE,MBC
10153,179.8,29210,2702,ME,OC
10154,179.8,29211,4995,CS,OC
10155,179.8,29212,2719,AE,OC
10156,179.8,29213,2702,MC,OC
10157,179.8,29214,2,TX,SC
10158,179.8,29215,1211,ME,OC
10159,179.8,29217,1419,EE,BC
10160,179.8,29218,1304,EI,BC
10161,179.8,29220,2302,CS,OC
10162,179.8,29221,1210,EC,MBC
10163,179.8,29225,4020,EC,MBC
10164,179.8,29226,2622,BM,OC
10165,179.8,29228,2006,MT,MBC
10166,179.8,29229,1419,EC,BCM
10167,179.8,29230,2615,ME,BC
10168,179.8,29232,3805,AD,OC
10169,179.8,29233,2715,CS,OC
10170,179.8,29234,2656,EE,OC
10171,179.8,29235,1120,EC,OC
10172,179.8,29236,1118,CS,BC
10173,179.8,29238,2608,CS,MBC
10174,179.8,29239,1128,CS,MBC
10175,179.8,29240,2732,IT,OC
10176,179.8,29241,5986,EC,BCM
10177,179.8,29243,2711,MZ,OC
10178,179.8,29244,2734,IT,OC
10179,179.8,29245,1316,CS,OC
10180,179.8,29246,2711,CH,OC
10181,179.8,29248,2734,SB,OC
10182,179.8,29249,4962,EE,OC
10183,179.8,29250,2719,EE,BC
10184,179.8,29251,1306,IT,OC
10185,179.8,29253,5010,CS,SC
10186,179.8,29254,2764,EC,BC
10187,179.8,29255,3011,EC,BC
10188,179.8,29256,3011,CS,MBC
10189,179.8,29257,3830,CS,BC
10190,179.8,29258,2735,IT,BCM
10191,179.8,29259,2710,AD,MBC
10192,179.8,29261,5,CS,BC
10193,179.8,29265,2723,CS,MBC
10194,179.8,29267,2603,EE,MBC
10195,179.8,29268,4979,CS,OC
10196,179.8,29269,2706,IT,MBC
10197,179.8,29271,1303,BT,OC
10198,179.8,29273,1231,AD,OC
10199,179.8,29275,4670,AG,OC
10200,179.8,29277,3011,EC,MBC
10201,179.8,29278,1306,IT,OC
10202,179.8,29279,2618,FT,OC
10203,179.8,29281,1211,ME,OC
10204,179.8,29283,4974,CE,BCM
10205,179.8,29284,4974,CE,SC
10206,179.8,29285,2711,EI,BC
10207,179.8,29286,2712,AU,MBC
10208,179.8,29287,1304,EI,BC
10209,179.8,29288,4678,EC,OC
10210,179.8,29292,5910,AD,BC
10211,179.8,29294,1419,ME,OC
10212,179.8,29295,2,TX,SC
10213,179.8,29296,1014,CS,OC
10214,179.8,29297,5910,IT,BC
10215,179.8,29299,4020,EC,BC
10216,179.8,29301,5910,IT,BC
10217,179.8,29302,3805,AD,OC
10218,179.8,29303,2603,EE,BC
10219,179.8,29304,2722,IC,OC
10220,179.8,29305,2764,EC,BC
10221,179.8,29306,4974,EC,SC
10222,179.8,29307,2718,MZ,MBC
10223,179.8,29308,2723,BM,OC
10224,179.8,29309,3011,EC,BC
10225,179.8,29310,5910,IT,BCM
10226,179.8,29311,2622,EC,OC
10227,179.8,29313,4999,AD,OC
10228,179.8,29314,1210,CB,BC
10229,179.8,29316,1317,EI,OC
10230,179.8,29319,5,CF,OC
10231,179.8,29320,2708,CS,OC
10232,179.8,29321,3819,IT,BC
10233,179.8,29325,2611,IT,OC
10234,179.8,29327,2718,MZ,BC
10235,179.8,29328,1414,CS,OC
10236,179.8,29329,1311,CS,BC
10237,179.8,29330,5,IT,MBC
10238,179.8,29331,2718,CE,OC
10239,179.8,29332,1441,CS,OC
10240,179.8,29334,1233,EC,OC
10241,179.8,29335,1149,EC,OC
10242,179.8,29336,1231,IT,BC
10243,179.7,29338,2661,EC,OC
10244,179.7,29339,2723,BM,OC
10245,179.7,29340,1231,IT,BC
10246,179.7,29341,5910,AD,BC
10247,179.7,29342,2722,EE,BC
10248,179.7,29344,2710,AD,BC
10249,179.7,29345,1311,CS,BC
10250,179.7,29346,2615,CE,BC
10251,179.7,29347,2718,MZ,MBC
10252,179.7,29348,2650,ME,OC
10253,179.7,29352,4955,CS,BC
10254,179.7,29354,2702,EC,MBC
10255,179.7,29355,4974,CE,MBC
10256,179.7,29356,1516,EE,MBC
10257,179.7,29359,2718,ME,MBC
10258,179.7,29360,2710,AD,BC
10259,179.7,29361,2634,AD,OC
10260,179.7,29362,2328,EE,OC
10261,179.7,29363,2711,AD,MBC
10262,179.7,29365,2615,ME,MBC
10263,179.7,29367,2618,EC,BC
10264,179.7,29368,2702,EC,MBC
10265,179.7,29370,1116,CS,OC
10266,179.7,29371,2710,TS,OC
10267,179.7,29372,2718,ME,BC
10268,179.7,29373,3826,CS,BC
10269,179.7,29374,1317,EE,OC
10270,179.7,29375,2735,CS,OC
10271,179.7,29376,2707,AD,OC
10272,179.7,29378,1324,EE,OC
10273,179.7,29379,2615,ME,BC
10274,179.7,29382,1149,AD,MBC
10275,179.7,29383,2722,EE,BC
10276,179.7,29384,1112,IT,MBC
10277,179.7,29386,1026,ME,OC
10278,179.7,29387,2608,EC,OC
10279,179.7,29388,1114,CS,OC
10280,179.7,29391,3819,EC,OC
10281,179.7,29392,1317,EE,OC
10282,179.7,29393,3826,BM,OC
10283,179.7,29394,2607,AD,OC
10284,179.7,29395,5,CS,MBC
10285,179.7,29396,5910,CB,BC
10286,179.7,29398,4917,IT,OC
10287,179.7,29403,3812,IT,OC
10288,179.7,29404,4959,CS,OC
10289,179.7,29405,1231,CB,OC
10290,179.7,29406,1211,ME,OC
10291,179.7,29407,1399,CE,MBC
10292,179.7,29409,4978,BM,OC
10293,179.7,29411,2006,CN,SC
10294,179.7,29412,5910,AD,BC
10295,179.7,29414,2750,CS,OC
10296,179.7,29415,2751,CB,OC
10297,179.7,29416,1399,MZ,MBC
10298,179.7,29417,2764,CE,OC
10299,179.7,29418,1120,EC,OC
10300,179.7,29419,1237,CS,OC
10301,179.7,29420,1301,EE,OC
10302,179.7,29421,2610,CS,OC
10303,179.7,29422,5010,CS,MBC
10304,179.7,29423,2712,CE,MBC
10305,179.7,29424,2711,CE,OC
10306,179.7,29425,2723,CS,BC
10307,179.7,29427,4670,CS,OC
10308,179.7,29428,2618,IT,MBC
10309,179.7,29429,5901,ME,BC
10310,179.7,29431,1306,AD,OC
10311,179.7,29432,2006,PS,MBC
10312,179.7,29433,1432,ME,OC
10313,179.7,29434,2007,CH,SC
10314,179.7,29435,2711,EE,MBC
10315,179.7,29437,2710,IT,MBC
10316,179.7,29439,2741,CS,OC
10317,179.7,29440,1140,CS,OC
10318,179.7,29441,5910,IT,BC
10319,179.7,29444,1211,CH,BCM
10320,179.7,29445,2709,CE,OC
10321,179.7,29446,2608,IT,OC
10322,179.7,29447,5010,EC,BC
10323,179.7,29449,4917,CS,OC
10324,179.7,29450,5009,CS,MBC
10325,179.7,29451,2755,AE,OC
10326,179.7,29454,4959,CS,OC
10327,179.7,29455,1432,CS,BCM
10328,179.7,29456,1216,AD,BC
10329,179.7,29457,1231,IT,BC
10330,179.7,29459,5910,IT,BC
10331,179.7,29460,5010,EC,BC
10332,179.7,29461,4974,CS,SC
10333,179.7,29462,1210,EE,OC
10334,179.7,29465,2707,BM,OC
10335,179.7,29466,1233,CS,OC
10336,179.7,29468,2723,IT,OC
10337,179.7,29470,2727,AD,OC
10338,179.7,29471,4999,AD,OC
10339,179.7,29472,3465,EE,OC
10340,179.7,29473,2719,EI,OC
10341,179.7,29474,2727,IT,OC
10342,179.7,29475,2708,CS,OC
10343,179.7,29477,2710,CS,MBC
10344,179.7,29478,2618,EC,BC
10345,179.7,29479,1120,EC,OC
10346,179.7,29482,2727,IT,OC
10347,179.7,29484,4974,ME,OC
10348,179.7,29485,5008,CN,SC
10349,179.7,29487,2718,ME,MBC
10350,179.7,29488,5009,EC,OC
10351,179.7,29489,2708,CS,OC
10352,179.7,29490,1399,EC,SC
10353,179.7,29491,1237,AD,OC
10354,179.7,29492,5986,EE,MBC
10355,179.7,29494,2710,EC,OC
10356,179.7,29495,2726,CS,OC
10357,179.7,29496,4680,CS,OC
10358,179.7,29498,4960,ME,OC
10359,179.7,29500,1231,IT,BC
10360,179.7,29501,2601,CS,OC
10361,179.7,29504,1231,IT,BC
10362,179.7,29505,1149,EC,OC
10363,179.7,29507,2615,ME,MBC
10364,179.7,29510,1128,EC,OC
10365,179.7,29511,2608,IT,OC
10366,179.7,29512,1014,IT,OC
10367,179.7,29513,1114,CS,OC
10368,179.7,29514,2708,IT,OC
10369,179.7,29515,1211,EE,MBC
10370,179.7,29516,2709,CS,SC
10371,179.7,29517,1122,CS,BC
10372,179.7,29518,2736,CS,BC
10373,179.7,29521,1122,BT,OC
10374,179.7,29523,2608,EC,OC
10375,179.7,29524,4974,EC,MBC
10376,179.7,29528,4962,EE,OC
10377,179.7,29531,2622,CE,OC
10378,179.7,29532,2603,EE,MBC
10379,179.6,29534,1115,CS,OC
10380,179.6,29536,2607,EC,OC
10381,179.6,29537,2618,EC,BC
10382,179.6,29538,2702,CT,MBC
10383,179.6,29539,1422,EC,BC
10384,179.6,29540,1216,AL,OC
10385,179.6,29541,4971,EC,OC
10386,179.6,29543,2723,BM,OC
10387,179.6,29544,2328,IT,OC
10388,179.6,29545,1516,EE,SC
10389,179.6,29547,2005,CE,SC
10390,179.6,29548,2702,EC,MBC
10391,179.6,29549,1317,EE,OC
10392,179.6,29550,4678,EC,OC
10393,179.6,29552,1112,EC,BCM
10394,179.6,29553,2722,EC,MBC
10395,179.6,29554,2615,CE,BC
10396,179.6,29556,2615,CE,BC
10397,179.6,29558,1317,EE,OC
10398,179.6,29559,1317,EE,OC
10399,179.6,29563,4023,CS,BC
10400,179.6,29565,1149,AD,MBC
10401,179.6,29566,1231,IT,BC
10402,179.6,29567,1419,CS,SC
10403,179.6,29569,2622,EC,OC
10404,179.6,29570,4680,EE,OC
10405,179.6,29571,4978,CS,OC
10406,179.6,29572,5,CE,OC
10407,179.6,29573,3830,CS,MBC
10408,179.6,29574,2734,IT,OC
10409,179.6,29575,2764,EC,BC
10410,179.6,29576,2702,AD,SC
10411,179.6,29577,1118,CS,MBC
10412,179.6,29578,1120,CS,MBC
10413,179.6,29579,2735,IT,MBC
10414,179.6,29581,3801,CS,BC
10415,179.6,29582,2656,AD,BC
10416,179.6,29583,1211,MZ,BC
10417,179.6,29585,1231,IT,BC
10418,179.6,29586,4676,EC,OC
10419,179.6,29587,2710,EC,OC
10420,179.6,29588,2710,TS,BC
10421,179.6,29589,2762,EC,OC
10422,179.6,29590,2711,EI,BC
10423,179.6,29591,2710,AD,SC
10424,179.6,29595,2704,CS,MBC
10425,179.6,29596,4974,ME,OC
10426,179.6,29597,2648,CS,OC
10427,179.6,29598,2622,EC,OC
10428,179.6,29600,3830,CS,BC
10429,179.6,29601,1408,CS,OC
10430,179.6,29602,2726,IT,OC
10431,179.6,29603,4960,CS,MBC
10432,179.6,29604,2006,TX,MBC
10433,179.6,29605,2608,ME,OC
10434,179.6,29606,5901,ME,BCM
10435,179.6,29607,1306,IT,OC
10436,179.6,29608,5986,EE,BC
10437,179.6,29609,2727,IT,OC
10438,179.6,29610,1149,EC,OC
10439,179.6,29611,2722,EE,BC
10440,179.6,29612,2607,EC,OC
10441,179.6,29613,2006,PN,SC
10442,179.6,29615,5910,EC,OC
10443,179.6,29618,1432,AD,MBC
10444,179.6,29619,1122,CS,BC
10445,179.6,29620,2711,FD,BC
10446,179.6,29622,2,LE,MBC
10447,179.6,29623,2739,EC,MBC
10448,179.6,29625,4960,ME,OC
10449,179.6,29627,2710,CS,MBC
10450,179.6,29628,2650,ME,OC
10451,179.6,29629,4974,EC,MBC
10452,179.6,29630,2357,AD,OC
10453,179.6,29631,2725,CS,OC
10454,179.6,29633,3841,AD,OC
10455,179.6,29635,1231,EC,OC
10456,179.6,29636,2751,AD,OC
10457,179.6,29637,3803,CS,BC
10458,179.6,29638,3811,CS,OC
10459,179.6,29639,4959,IT,OC
10460,179.6,29642,1122,IT,OC
10461,179.6,29643,1231,CS,MBC
10462,179.6,29644,3803,IT,OC
10463,179.6,29645,2618,EC,BC
10464,179.6,29646,1304,IT,SC
10465,179.6,29647,5910,IT,BC
10466,179.6,29648,1140,AD,OC
10467,179.6,29649,4023,CE,OC
10468,179.6,29650,1231,IT,BC
10469,179.6,29651,1118,IT,OC
10470,179.6,29652,2710,EC,OC
10471,179.6,29653,2739,EE,BC
10472,179.6,29654,1210,IT,MBC
10473,179.6,29655,2622,BT,OC
10474,179.6,29656,2725,IT,BC
10475,179.6,29657,2608,AD,OC
10476,179.6,29658,2702,EC,MBC
10477,179.6,29659,1210,EE,OC
10478,179.6,29661,1399,CE,BC
10479,179.6,29662,3464,CS,MBC
10480,179.6,29663,2622,IT,OC
10481,179.6,29666,1303,CS,OC
10482,179.6,29667,2608,EC,OC
10483,179.6,29668,1120,EC,OC
10484,179.6,29669,1216,EC,OC
10485,179.6,29670,3021,CS,OC
10486,179.6,29671,3819,AD,OC
10487,179.6,29672,1419,IC,BC
10488,179.6,29676,5865,CE,OC
10489,179.6,29677,1317,EE,OC
10490,179.6,29678,4974,EC,SC
10491,179.6,29680,2741,CS,OC
10492,179.6,29681,2761,AD,OC
10493,179.6,29682,2711,AL,MBC
10494,179.6,29684,5,IT,SC
10495,179.6,29685,4023,IT,OC
10496,179.6,29686,2751,CS,OC
10497,179.6,29687,2006,PN,SC
10498,179.6,29689,2752,CS,OC
10499,179.6,29690,2710,CD,OC
10500,179.6,29691,1238,CS,OC
10501,179.6,29692,4678,EC,OC
10502,179.6,29693,4954,CS,OC
10503,179.6,29694,2718,EE,BCM
10504,179.6,29697,1140,CS,BC
10505,179.6,29700,1605,IT,OC
10506,179.6,29701,4960,EE,BC
10507,179.6,29702,2739,EE,BC
10508,179.6,29703,1211,ME,MBC
10509,179.6,29704,1219,EC,SC
10510,179.6,29705,2719,IT,MBC
10511,179.6,29706,2643,CS,OC
10512,179.6,29707,2708,CS,OC
10513,179.6,29708,1216,AD,MBC
10514,179.6,29709,1120,EC,OC
10515,179.6,29710,2603,EE,BC
10516,179.6,29711,5009,EC,OC
10517,179.6,29712,2623,EC,OC
10518,179.6,29713,5010,EC,BC
10519,179.6,29714,1306,CS,MBC
10520,179.6,29715,5901,ME,BC
10521,179.6,29717,2615,CE,MBC
10522,179.6,29718,2710,CD,OC
10523,179.6,29719,2723,EC,OC
10524,179.6,29721,2741,CS,OC
10525,179.6,29722,5901,CE,SC
10526,179.6,29723,2629,MD,OC
10527,179.6,29724,2377,CE,SC
10528,179.6,29725,1422,CY,MBC
10529,179.6,29726,1516,EE,BC
10530,179.6,29727,2613,EC,OC
10531,179.6,29728,5009,EE,OC
10532,179.6,29729,3011,BT,MBC
10533,179.6,29730,1237,CS,OC
10534,179.6,29731,1324,EE,OC
10535,179.6,29732,1026,EC,BC
10536,179.6,29735,2601,CS,OC
10537,179.6,29738,5910,BM,OC
10538,179.6,29739,2646,EC,OC
10539,179.6,29740,4864,CS,OC
10540,179.6,29742,1216,AL,OC
10541,179.6,29743,1237,EC,OC
10542,179.6,29744,4962,CS,MBC
10543,179.6,29745,2710,EC,OC
10544,179.6,29746,2702,EC,MBC
10545,179.6,29748,2723,EC,OC
10546,179.6,29749,2603,EE,MBC
10547,179.6,29750,1118,CB,OC
10548,179.6,29751,1309,AD,SC
10549,179.6,29752,1317,EE,OC
10550,179.6,29754,1118,AD,BC
10551,179.6,29755,3016,CS,OC
10552,179.6,29756,2739,EE,BC
10553,179.6,29757,5910,CS,MBC
10554,179.6,29758,2725,CS,OC
10555,179.6,29759,1210,CB,BC
10556,179.6,29760,1422,EC,BC
10557,179.6,29761,2718,CS,SC
10558,179.6,29762,1237,CS,OC
10559,179.6,29764,1114,CS,OC
10560,179.6,29765,1309,EC,BC
10561,179.6,29766,3826,CS,BC
10562,179.6,29768,1015,EC,OC
10563,179.6,29769,4974,CS,SC
10564,179.6,29770,3011,EC,BC
10565,179.6,29771,1237,CS,OC
10566,179.6,29772,2722,EE,BC
10567,179.6,29773,1317,EE,OC
10568,179.6,29774,2006,FY,MBC
10569,179.6,29776,2727,IT,OC
10570,179.6,29777,2607,EC,OC
10571,179.6,29778,1128,EC,OC
10572,179.6,29780,2702,MC,BC
10573,179.6,29782,1306,IT,BC
10574,179.6,29783,3826,IT,OC
10575,179.6,29784,2722,ME,OC
10576,179.6,29785,2712,AU,MBC
10577,179.6,29786,3011,IT,MBC
10578,179.6,29787,2719,EC,MBC
10579,179.6,29789,5536,EE,OC
10580,179.6,29792,1317,EE,OC
10581,179.6,29793,1216,EC,OC
10582,179.6,29794,3011,EC,BC
10583,179.6,29795,1304,EC,MBC
10584,179.6,29796,1216,AD,BC
10585,179.6,29797,2702,AG,BC
10586,179.6,29798,2702,MC,BC
10587,179.5,29800,1399,AD,SC
10588,179.5,29801,5,IT,MBC
10589,179.5,29803,1304,BM,SC
10590,179.5,29804,3011,EC,BC
10591,179.5,29805,1210,IT,MBC
10592,179.5,29806,2712,TX,BC
10593,179.5,29807,2369,EC,BC
10594,179.5,29808,2745,CS,OC
10595,179.5,29809,1422,IT,MBC
10596,179.5,29810,5010,EC,BC
10597,179.5,29811,1412,IT,OC
10598,179.5,29812,1210,IT,BCM
10599,179.5,29813,1120,CS,MBC
10600,179.5,29814,2723,CS,BC
10601,179.5,29815,1325,IT,OC
10602,179.5,29818,2615,ME,MBC
10603,179.5,29819,5901,EE,SC
10604,179.5,29821,2735,AD,OC
10605,179.5,29822,1409,CS,OC
10606,179.5,29823,4955,CS,BC
10607,179.5,29825,1309,EE,OC
10608,179.5,29828,2741,EC,OC
10609,179.5,29829,2608,IT,BC
10610,179.5,29830,2006,FY,BCM
10611,179.5,29831,2377,EE,SCA
10612,179.5,29832,2750,ME,OC
10613,179.5,29833,3011,PH,BC
10614,179.5,29834,2734,AD,OC
10615,179.5,29835,2007,CE,SC
10616,179.5,29836,2734,CS,OC
10617,179.5,29837,2736,CS,BC
10618,179.5,29838,2736,EC,OC
10619,179.5,29839,1149,EC,OC
10620,179.5,29842,5010,CS,SC
10621,179.5,29844,1114,CS,OC
10622,179.5,29845,2719,RM,OC
10623,179.5,29847,2710,CS,MBC
10624,179.5,29848,2618,EC,MBC
10625,179.5,29849,2610,BT,OC
10626,179.5,29851,1216,CH,OC
10627,179.5,29852,4959,AD,OC
10628,179.5,29853,3011,BT,SC
10629,179.5,29854,1140,CS,BC
10630,179.5,29856,5910,CS,MBC
10631,179.5,29857,2618,EE,OC
10632,179.5,29859,2618,EC,BC
10633,179.5,29860,4670,EC,OC
10634,179.5,29862,2618,EC,BC
10635,179.5,29863,5,CS,BC
10636,179.5,29867,1118,CS,MBC
10637,179.5,29868,2369,EC,BC
10638,179.5,29869,5010,EC,MBC
10639,179.5,29870,2708,AG,OC
10640,179.5,29871,2722,EC,MBC
10641,179.5,29872,2702,EC,MBC
10642,179.5,29873,5904,CS,BCM
10643,179.5,29874,2710,CS,MBC
10644,179.5,29875,4960,EE,MBC
10645,179.5,29876,2719,EC,MBC
10646,179.5,29877,2741,EC,OC
10647,179.5,29878,2734,CS,OC
10648,179.5,29879,2727,IT,OC
10649,179.5,29881,5988,CS,OC
10650,179.5,29882,3464,EC,OC
10651,179.5,29884,2722,CE,OC
10652,179.5,29885,2726,EC,OC
10653,179.5,29888,4960,EE,BC
10654,179.5,29891,1419,EI,OC
10655,179.5,29895,2615,CE,MBC
10656,179.5,29896,1516,EE,BC
10657,179.5,29900,4978,BT,OC
10658,179.5,29901,1237,IT,OC
10659,179.5,29903,4962,EC,MBC
10660,179.5,29905,2601,CS,OC
10661,179.5,29908,1306,IT,BC
10662,179.5,29910,1237,CS,OC
10663,179.5,29911,4957,IT,OC
10664,179.5,29916,1309,EC,BC
10665,179.5,29920,1231,IT,BC
10666,179.5,29922,1210,CB,MBC
10667,179.5,29924,2711,IT,MBC
10668,179.5,29927,4020,EC,BC
10669,179.5,29929,2723,IT,OC
10670,179.5,29939,2725,CS,OC
10671,179.5,29942,2377,CE,MBC
10672,179.5,29945,1231,AD,OC
10673,179.5,29946,2007,ME,SC
10674,179.5,29947,1399,CE,BC
10675,179.5,29948,2704,EC,OC
10676,179.5,29955,1113,ME,OC
10677,179.5,29960,2723,CS,BC
10678,179.5,29961,1317,EE,OC
10679,179.5,29963,1231,AD,OC
10680,179.5,29965,2711,CS,SC
10681,179.5,29967,2739,IT,SC
10682,179.5,29971,2725,CS,OC
10683,179.5,29972,1304,RM,BC
10684,179.5,29976,2719,AE,OC
10685,179.5,29977,2764,EE,OC
10686,179.5,29978,1311,CS,BC
10687,179.5,29983,2702,BT,MBC
10688,179.5,29986,2712,FT,BC
10689,179.5,29988,1118,CS,BC
10690,179.5,29990,2613,IT,OC
10691,179.5,29992,2711,MZ,OC
10692,179.5,29994,2712,TX,BC
10693,179.5,29996,1324,AD,MBC
10694,179.5,29997,1231,EC,OC
10695,179.5,29999,1211,CH,MBC
10696,179.5,30000,2710,EC,OC
10697,179.5,30001,1311,CS,BC
10698,179.5,30005,1149,EC,OC
10699,179.5,30006,1110,CS,OC
10700,179.5,30007,1216,AD,BC
10701,179.5,30008,2006,TT,BCM
10702,179.5,30009,1217,FD,OC
10703,179.5,30010,2736,CS,BC
10704,179.5,30014,1210,CB,BC
10705,179.5,30016,2702,CE,OC
10706,179.5,30021,1324,EC,MBC
10707,179.5,30025,4023,EC,OC
10708,179.5,30027,1324,EE,OC
10709,179.5,30028,1210,IT,MBC
10710,179.5,30031,1149,EC,OC
10711,179.5,30032,1210,CB,BC
10712,179.5,30035,2615,CE,MBC
10713,179.5,30036,2710,AD,BCM
10714,179.5,30037,3011,EC,BC
10715,179.5,30038,1419,ME,OC
10716,179.5,30039,1304,RM,BC
10717,179.5,30040,1127,CS,OC
10718,179.5,30041,2719,EE,BC
10719,179.5,30042,1316,BM,OC
10720,179.5,30045,1120,EC,OC
10721,179.5,30050,2708,MZ,OC
10722,179.5,30053,1211,CH,BC
10723,179.5,30054,2601,CS,OC
10724,179.5,30055,1211,BT,BCM
10725,179.5,30056,2608,AL,OC
10726,179.5,30057,1304,RM,BC
10727,179.5,30060,1322,CS,OC
10728,179.5,30061,2706,EE,OC
10729,179.5,30062,1306,IT,BC
10730,179.5,30064,2708,BM,OC
10731,179.5,30065,1324,EE,OC
10732,179.5,30071,2722,EE,BC
10733,179.5,30079,1450,ME,OC
10734,179.5,30080,1324,EC,MBC
10735,179.5,30081,2610,BT,OC
10736,179.5,30082,2739,EE,BC
10737,179.5,30083,1120,AD,MBC
10738,179.5,30084,2725,CS,BC
10739,179.5,30085,1,XC,MBC
10740,179.5,30086,2710,AD,BC
10741,179.5,30087,2710,SC,BC
10742,179.5,30088,2621,EC,OC
10743,179.5,30089,2618,CE,OC
10744,179.5,30090,1122,EC,OC
10745,179.5,30092,2741,CS,BC
10746,179.5,30093,2608,IT,BC
10747,179.5,30096,2007,CH,SC
10748,179.5,30097,4967,EC,OC
10749,179.5,30099,4020,EC,BC
10750,179.5,30100,4960,ME,OC
10751,179.5,30103,1432,EC,MBC
10752,179.5,30104,2710,EC,OC
10753,179.5,30105,2739,IT,MBC
10754,179.5,30106,4023,EC,OC
10755,179.5,30107,1304,RM,BC
10756,179.5,30109,5910,EC,OC
10757,179.5,30111,1122,BT,OC
10758,179.5,30114,2739,CS,MBC
10759,179.5,30115,3806,IT,OC
10760,179.5,30116,1013,EC,OC
10761,179.5,30117,4678,ME,OC
10762,179.5,30118,1210,EC,MBC
10763,179.5,30119,2723,IT,OC
10764,179.5,30122,2711,AD,BCM
10765,179.5,30123,1211,ME,BC
10766,179.5,30125,1401,CS,OC
10767,179.5,30128,1211,ME,BC
10768,179.5,30129,2608,IT,BC
10769,179.5,30130,1311,CS,MBC
10770,179.5,30131,2727,CS,BC
10771,179.5,30133,4962,EE,OC
10772,179.5,30135,4944,EC,OC
10773,179.5,30142,1014,CE,OC
10774,179.5,30143,2661,EC,OC
10775,179.5,30144,4974,EC,SC
10776,179.5,30145,1432,CB,MBC
10777,179.5,30146,2710,EC,OC
10778,179.5,30147,5832,EC,OC
10779,179.5,30149,2621,EC,OC
10780,179.5,30150,1118,AD,BC
10781,179.5,30151,1122,AD,OC
10782,179.5,30152,2725,CS,BC
10783,179.5,30153,5008,CM,SCA
10784,179.5,30155,2734,CS,OC
10785,179.5,30156,1311,CS,BC
10786,179.5,30158,1452,EC,OC
10787,179.5,30159,4917,AD,OC
10788,179.5,30163,3011,CE,OC
10789,179.5,30164,2610,IT,OC
10790,179.5,30167,2726,EC,OC
10791,179.5,30168,5910,IT,BC
10792,179.5,30169,1237,CS,BC
10793,179.5,30170,2745,CS,OC
10794,179.5,30171,1306,CS,MBC
10795,179.5,30172,3805,EC,OC
10796,179.5,30173,1026,EC,BC
10797,179.5,30175,3803,CS,BC
10798,179.5,30176,1128,EC,OC
10799,179.5,30177,5009,EC,OC
10800,179.5,30178,1118,CS,MBC
10801,179.5,30179,2607,IT,OC
10802,179.5,30180,2764,EE,OC
10803,179.5,30181,1120,IT,MBC
10804,179.5,30182,4962,EC,SC
10805,179.5,30183,5910,IT,BC
10806,179.5,30184,1126,CS,OC
10807,179.5,30191,1210,CB,MBC
10808,179.5,30192,5910,AD,BC
10809,179.4,30194,4965,CS,OC
10810,179.4,30195,5986,IT,MBC
10811,179.4,30196,4971,CS,BC
10812,179.4,30197,3011,CS,SC
10813,179.4,30198,4974,CE,BCM
10814,179.4,30200,4023,CS,BC
10815,179.4,30201,2634,AE,OC
10816,179.4,30203,2707,AD,OC
10817,179.4,30204,2622,CH,OC
10818,179.4,30205,2608,IT,BC
10819,179.4,30206,2622,EC,OC
10820,179.4,30208,1014,CS,OC
10821,179.4,30209,1013,CS,BC
10822,179.4,30211,2704,IT,BC
10823,179.4,30213,2715,CS,OC
10824,179.4,30214,1306,IT,BC
10825,179.4,30216,2711,FD,MBC
10826,179.4,30218,2722,EE,BC
10827,179.4,30219,5910,IT,BC
10828,179.4,30220,3464,EC,OC
10829,179.4,30223,2711,CH,OC
10830,179.4,30224,1118,CS,MBC
10831,179.4,30225,5009,EC,OC
10832,179.4,30226,1505,CS,OC
10833,179.4,30227,1399,IT,SC
10834,179.4,30228,2706,IT,MBC
10835,179.4,30229,2710,SC,BC
10836,179.4,30230,1211,BT,MBC
10837,179.4,30231,1026,EC,BC
10838,179.4,30233,1216,CS,MBC
10839,179.4,30234,2710,EC,OC
10840,179.4,30235,2751,IT,OC
10841,179.4,30236,2711,CD,MBC
10842,179.4,30240,2610,EE,OC
10843,179.4,30242,1324,EC,MBC
10844,179.4,30243,1317,EE,BC
10845,179.4,30244,3019,CS,OC
10846,179.4,30245,2735,IT,BC
10847,179.4,30247,1216,EC,OC
10848,179.4,30248,1210,AD,MBC
10849,179.4,30249,2377,CE,MBC
10850,179.4,30250,2741,CS,BC
10851,179.4,30251,1216,EC,OC
10852,179.4,30253,1216,EC,OC
10853,179.4,30254,1207,EC,OC
10854,179.4,30255,4023,IT,OC
10855,179.4,30256,4960,ME,OC
10856,179.4,30257,3805,BM,OC
10857,179.4,30258,1225,CS,OC
10858,179.4,30259,2702,FD,BC
10859,179.4,30260,4020,CS,MBC
10860,179.4,30261,2710,IT,MBC
10861,179.4,30263,3465,CS,SC
10862,179.4,30264,3425,CS,OC
10863,179.4,30267,2007,ME,SC
10864,179.4,30268,2735,CS,BC
10865,179.4,30269,2622,CS,BC
10866,179.4,30273,2611,CS,OC
10867,179.4,30276,1516,EC,MBC
10868,179.4,30277,2608,CB,OC
10869,179.4,30278,5901,ME,BC
10870,179.4,30279,2622,EC,OC
10871,179.4,30280,2615,CE,BC
10872,179.4,30283,1216,AD,MBC
10873,179.4,30285,1122,AD,BC
10874,179.4,30286,1311,AO,MBC
10875,179.4,30288,1419,EI,OC
10876,179.4,30290,1120,EC,OC
10877,179.4,30291,2615,CE,BC
10878,179.4,30292,2751,CS,OC
10879,179.4,30293,2710,CS,MBC
10880,179.4,30294,2345,EE,OC
10881,179.4,30296,3011,IT,MBC
10882,179.4,30297,5009,EE,OC
10883,179.4,30298,2707,CJ,OC
10884,179.4,30300,2726,AG,OC
10885,179.4,30302,1219,CH,MBC
10886,179.4,30304,2369,CS,SCA
10887,179.4,30305,2369,CS,MBC
10888,179.4,30306,5910,IT,BC
10889,179.4,30310,1420,IT,OC
10890,179.4,30311,1120,CS,MBC
10891,179.4,30315,2719,EE,MBC
10892,179.4,30316,1149,CS,MBC
10893,179.4,30318,2343,HT,BC
10894,179.4,30319,2710,EC,OC
10895,179.4,30320,1306,IT,BC
10896,179.4,30321,4023,EC,SC
10897,179.4,30322,1014,CS,OC
10898,179.4,30325,3464,EC,BC
10899,179.4,30327,2740,IT,OC
10900,179.4,30328,3819,EC,OC
10901,179.4,30330,2615,ME,BC
10902,179.4,30331,1118,IT,OC
10903,179.4,30332,1504,CS,OC
10904,179.4,30333,3011,EC,MBC
10905,179.4,30334,3804,BM,OC
10906,179.4,30336,2702,FT,BC
10907,179.4,30337,5910,IT,BC
10908,179.4,30338,1516,EC,MBC
10909,179.4,30339,1120,EC,OC
10910,179.4,30340,3803,EC,OC
10911,179.4,30344,3810,AG,OC
10912,179.4,30345,1149,EC,OC
10913,179.4,30346,2369,EC,BC
10914,179.4,30347,2736,CS,BC
10915,179.4,30349,2615,ME,MBC
10916,179.4,30350,4944,EC,OC
10917,179.4,30353,1120,EC,OC
10918,179.4,30354,1317,CH,OC
10919,179.4,30355,5009,CS,MBC
10920,179.4,30356,5904,CS,BC
10921,179.4,30358,1211,ME,BC
10922,179.4,30359,1216,EC,OC
10923,179.4,30360,1211,CS,SC
10924,179.4,30361,1413,CS,OC
10925,179.4,30363,1211,IT,SC
10926,179.4,30367,2706,EE,OC
10927,179.4,30368,4965,CS,OC
10928,179.4,30372,2643,CS,OC
10929,179.4,30374,5902,IT,OC
10930,179.4,30375,1216,IT,MBC
10931,179.4,30377,2608,AL,OC
10932,179.4,30378,2715,CS,OC
10933,179.4,30379,2710,TS,BC
10934,179.4,30381,2706,IT,MBC
10935,179.4,30382,1013,IT,OC
10936,179.4,30383,2608,CB,OC
10937,179.4,30385,5008,CN,SC
10938,179.4,30386,2764,CS,BCM
10939,179.4,30387,2739,EE,BC
10940,179.4,30389,2704,EC,OC
10941,179.4,30390,2723,CS,BC
10942,179.4,30391,1219,AD,SC
10943,179.4,30393,2719,ME,OC
10944,179.4,30395,1324,EC,MBC
10945,179.4,30396,1504,IT,OC
10946,179.4,30401,2702,BT,MBC
10947,179.4,30402,2607,CS,OC
10948,179.4,30405,5,CE,OC
10949,179.4,30406,2710,AD,MBC
10950,179.4,30407,1307,EC,OC
10951,179.4,30409,1304,CS,SC
10952,179.4,30410,2661,CS,OC
10953,179.4,30411,1605,CS,OC
10954,179.4,30413,1419,EE,MBC
10955,179.4,30417,4962,EE,OC
10956,179.4,30418,1013,CS,BCM
10957,179.4,30419,2618,EC,BC
10958,179.4,30421,1409,AD,OC
10959,179.4,30422,2708,AL,OC
10960,179.4,30423,2709,CE,OC
10961,179.4,30425,2726,AG,OC
10962,179.4,30426,4669,EC,OC
10963,179.4,30427,1026,EC,MBC
10964,179.4,30428,2719,EI,OC
10965,179.4,30432,5,IT,SC
10966,179.4,30433,2719,EC,MBC
10967,179.4,30434,2709,EC,BCM
10968,179.4,30435,5910,EC,OC
10969,179.4,30437,2369,EC,BC
10970,179.4,30438,2764,BM,BC
10971,179.4,30440,2702,FD,BC
10972,179.4,30442,1149,EC,OC
10973,179.4,30443,1216,EC,OC
10974,179.4,30444,4971,EC,OC
10975,179.4,30445,2734,CS,OC
10976,179.4,30446,1317,EI,OC
10977,179.4,30447,2711,EC,MBC
10978,179.4,30448,3011,ME,OC
10979,179.4,30449,1325,CS,OC
10980,179.4,30451,1118,IT,OC
10981,179.4,30452,1216,CS,MBC
10982,179.4,30453,2005,CE,SC
10983,179.4,30454,4955,IT,OC
10984,179.4,30456,2719,EC,MBC
10985,179.4,30457,1317,EE,BC
10986,179.4,30458,1118,IT,OC
10987,179.4,30459,1211,ME,BC
10988,179.4,30460,2615,CE,BC
10989,179.4,30462,1237,CS,BC
10990,179.3,30465,2739,EE,MBC
10991,179.3,30466,2727,IT,OC
10992,179.3,30467,2702,ME,OC
10993,179.3,30473,4954,CS,OC
10994,179.3,30474,2710,EC,OC
10995,179.3,30475,2702,AD,SC
10996,179.3,30476,5901,ME,MBC
10997,179.3,30477,2718,ME,MBC
10998,179.3,30479,1149,EC,OC
10999,179.3,30480,1424,CS,OC
11000,179.3,30481,1311,IT,OC
11001,179.3,30483,2722,ME,OC
11002,179.3,30484,5,CS,BC
11003,179.3,30486,1014,CS,OC
11004,179.3,30487,2706,EE,OC
11005,179.3,30488,3829,EC,OC
11006,179.3,30489,2625,AG,OC
11007,179.3,30490,2702,EE,MBC
11008,179.3,30495,1311,IT,OC
11009,179.3,30496,2711,EI,BC
11010,179.3,30497,1013,IT,OC
11011,179.3,30498,3801,IT,OC
11012,179.3,30499,3011,BT,BCM
11013,179.3,30500,1202,CS,OC
11014,179.3,30501,2618,EE,OC
11015,179.3,30502,3795,CS,BC
11016,179.3,30503,2722,EC,MBC
11017,179.3,30504,2736,CS,BC
11018,179.3,30505,5,CS,MBC
11019,179.3,30507,1128,EC,BC
11020,179.3,30508,2715,AD,OC
11021,179.3,30509,2727,IT,OC
11022,179.3,30510,2621,IT,OC
11023,179.3,30513,1238,EC,OC
11024,179.3,30514,1014,IT,OC
11025,179.3,30515,2711,EI,BC
11026,179.3,30516,1118,EC,OC
11027,179.3,30518,1317,ME,OC
11028,179.3,30521,2735,IT,MBC
11029,179.3,30522,2718,CE,OC
11030,179.3,30524,4962,EE,MBC
11031,179.3,30526,4974,EC,MBC
11032,179.3,30527,5010,CS,MBC
11033,179.3,30528,2708,AL,OC
11034,179.3,30529,2329,CS,OC
11035,179.3,30531,4944,CE,OC
11036,179.3,30532,1216,EC,OC
11037,179.3,30536,1026,EC,BC
11038,179.3,30537,2,AP,BCM
11039,179.3,30539,4980,EC,OC
11040,179.3,30540,2653,IT,OC
11041,179.3,30541,1116,CS,OC
11042,179.3,30543,2711,ME,OC
11043,179.3,30545,3011,EC,MBC
11044,179.3,30546,3011,EC,MBC
11045,179.3,30547,2708,CS,OC
11046,179.3,30548,2601,CS,OC
11047,179.3,30549,2711,IT,BCM
11048,179.3,30550,2709,CE,OC
11049,179.3,30551,2736,CS,BC
11050,179.3,30554,4960,EE,BC
11051,179.3,30555,1317,CS,SC
11052,179.3,30556,2618,EC,BC
11053,179.3,30557,1317,EC,MBC
11054,179.3,30559,4959,CS,OC
11055,179.3,30561,4672,CS,OC
11056,179.3,30564,3011,EC,BC
11057,179.3,30565,5910,IT,BC
11058,179.3,30566,5910,IT,BC
11059,179.3,30567,1118,CS,BC
11060,179.3,30568,3803,IT,OC
11061,179.3,30569,5010,CS,MBC
11062,179.3,30570,1317,EC,SC
11063,179.3,30571,2710,EC,OC
11064,179.3,30572,1013,CS,BCM
11065,179.3,30574,5010,CE,OC
11066,179.3,30575,2615,MT,MBC
11067,179.3,30576,1231,IT,MBC
11068,179.3,30577,2612,EC,OC
11069,179.3,30578,1317,ME,OC
11070,179.3,30579,3011,EC,BC
11071,179.3,30580,2719,EI,OC
11072,179.3,30581,5022,CS,OC
11073,179.3,30582,1408,CS,OC
11074,179.3,30583,1210,EE,OC
11075,179.3,30585,1120,EC,OC
11076,179.3,30586,3819,EC,OC
11077,179.3,30587,3812,EC,OC
11078,179.3,30588,1304,EI,MBC
11079,179.3,30589,4917,BM,OC
11080,179.3,30590,1211,AL,SC
11081,179.3,30591,1317,EE,BC
11082,179.3,30592,3760,AG,OC
11083,179.3,30594,5901,ME,BC
11084,179.3,30596,2739,EC,MBC
11085,179.3,30597,1216,EC,OC
11086,179.3,30599,1309,EC,BCM
11087,179.3,30600,2719,RM,MBC
11088,179.3,30601,5910,IT,BC
11089,179.3,30602,1217,CS,OC
11090,179.3,30603,1309,EE,OC
11091,179.3,30604,1422,EC,BC
11092,179.3,30605,2712,TX,BC
11093,179.3,30606,2715,AG,OC
11094,179.3,30607,2622,BT,OC
11095,179.3,30608,2608,EC,OC
11096,179.3,30609,2726,CS,OC
11097,179.3,30613,1317,EE,BC
11098,179.3,30615,2725,CS,BC
11099,179.3,30616,1210,IT,MBC
11100,179.3,30617,2750,EC,OC
11101,179.3,30618,1306,IT,BC
11102,179.3,30620,3011,AU,OC
11103,179.3,30624,1399,CS,SC
11104,179.3,30625,2727,AD,OC
11105,179.3,30626,1118,CB,OC
11106,179.3,30630,3803,CS,BC
11107,179.3,30634,3011,EC,BC
11108,179.3,30636,3829,EC,OC
11109,179.3,30637,5910,IT,BC
11110,179.3,30638,3811,CS,OC
11111,179.3,30639,3819,CS,MBC
11112,179.3,30640,2642,IT,OC
11113,179.3,30641,2609,CH,OC
11114,179.3,30643,3011,EC,MBC
11115,179.3,30644,4917,IT,OC
11116,179.3,30650,2025,EE,MBC
11117,179.3,30651,2719,ME,OC
11118,179.3,30652,5904,CS,BC
11119,179.3,30654,2369,EE,OC
11120,179.3,30656,5910,AD,BC
11121,179.2,30657,2005,CE,SCA
11122,179.2,30658,2603,EE,BC
11123,179.2,30659,2617,EE,OC
11124,179.2,30660,1317,EI,OC
11125,179.2,30662,3819,EC,OC
11126,179.2,30663,2702,AU,OC
11127,179.2,30665,1310,CS,OC
11128,179.2,30666,2751,AD,OC
11129,179.2,30667,2710,SC,BC
11130,179.2,30668,2723,CS,BC
11131,179.2,30669,1128,AD,MBC
11132,179.2,30670,1128,EC,BC
11133,179.2,30672,2710,TS,MBC
11134,179.2,30675,1452,CS,OC
11135,179.2,30676,3841,AD,OC
11136,179.2,30677,5986,EE,BC
11137,179.2,30678,1122,CS,MBC
11138,179.2,30681,1317,EE,BC
11139,179.2,30684,5008,CN,SC
11140,179.2,30685,1317,EE,BC
11141,179.2,30688,3011,EE,OC
11142,179.2,30689,2729,AE,OC
11143,179.2,30690,2725,CS,BC
11144,179.2,30691,1118,IT,BC
11145,179.2,30692,3011,BT,MBC
11146,179.2,30693,2734,CS,OC
11147,179.2,30694,2727,AD,OC
11148,179.2,30695,2719,RM,BC
11149,179.2,30696,2721,CS,OC
11150,179.2,30700,3465,EE,OC
11151,179.2,30703,2706,EE,OC
11152,179.2,30704,2706,EE,OC
11153,179.2,30705,2710,EC,BC
11154,179.2,30707,5536,EC,OC
11155,179.2,30708,5910,IT,BC
11156,179.2,30710,1122,CS,BC
11157,179.2,30711,2345,CS,OC
11158,179.2,30712,1422,EC,MBC
11159,179.2,30715,2607,CS,OC
11160,179.2,30717,2653,EE,OC
11161,179.2,30719,1101,CS,OC
11162,179.2,30720,1113,CS,SC
11163,179.2,30721,5901,ME,MBC
11164,179.2,30723,1237,IT,OC
11165,179.2,30724,2710,EC,BC
11166,179.2,30725,3011,CE,OC
11167,179.2,30728,5901,ME,BC
11168,179.2,30729,2710,EC,BC
11169,179.2,30730,5921,CS,OC
11170,179.2,30731,1237,AD,OC
11171,179.2,30732,4944,EC,OC
11172,179.2,30733,1118,CB,OC
11173,179.2,30734,2608,IT,BC
11174,179.2,30736,2722,EE,MBC
11175,179.2,30737,2725,CS,BC
11176,179.2,30738,4020,EC,BC
11177,179.2,30739,1120,EC,BC
11178,179.2,30740,1120,EC,BC
11179,179.2,30743,5901,ME,BC
11180,179.2,30744,2764,BM,BC
11181,179.2,30745,1219,CE,BC
11182,179.2,30746,4962,EC,MBC
11183,179.2,30748,2712,TX,BC
11184,179.2,30750,5009,EC,OC
11185,179.2,30752,1237,CS,BC
11186,179.2,30753,3795,CS,BC
11187,179.2,30754,2736,IT,OC
11188,179.2,30756,2726,CS,OC
11189,179.2,30757,2610,BM,OC
11190,179.2,30758,1216,EE,OC
11191,179.2,30759,2377,ME,SC
11192,179.2,30760,5009,CS,MBC
11193,179.2,30761,2618,EC,BC
11194,179.2,30762,1412,CS,OC
11195,179.2,30763,1114,IT,OC
11196,179.2,30764,2657,RM,OC
11197,179.2,30765,1414,IT,OC
11198,179.2,30766,4670,CS,OC
11199,179.2,30767,1114,CS,OC
11200,179.2,30768,1120,EC,BC
11201,179.2,30769,1309,EC,MBC
11202,179.2,30770,1516,EC,BCM
11203,179.2,30771,2719,IT,BCM
11204,179.2,30772,2739,EE,BC
11205,179.2,30773,5009,EC,OC
11206,179.2,30774,2618,EE,OC
11207,179.2,30776,1118,IT,BC
11208,179.2,30777,2727,CS,BC
11209,179.2,30778,2704,IT,MBC
11210,179.2,30780,1210,EC,MBC
11211,179.2,30781,1306,AD,OC
11212,179.2,30782,2723,CE,OC
11213,179.2,30783,2608,CE,OC
11214,179.2,30784,1149,IT,MBC
11215,179.2,30785,2369,EC,BC
11216,179.2,30786,1013,IT,OC
11217,179.2,30787,4959,CS,OC
11218,179.2,30788,5022,CS,OC
11219,179.2,30789,2722,EE,BC
11220,179.2,30790,2629,MD,OC
11221,179.2,30791,2709,CS,SCA
11222,179.2,30793,5904,CS,BC
11223,179.2,30794,1516,EE,MBC
11224,179.2,30795,5,CS,BC
11225,179.2,30796,2725,CS,BC
11226,179.2,30798,3795,CS,BC
11227,179.2,30800,1311,IT,BC
11228,179.2,30801,3817,CE,OC
11229,179.2,30802,1210,EE,OC
11230,179.2,30803,1149,CS,MBC
11231,179.2,30804,2736,BM,OC
11232,179.2,30805,1219,MR,OC
11233,179.2,30806,2706,CS,MBC
11234,179.2,30807,2608,IT,MBC
11235,179.2,30808,2369,EC,BC
11236,179.2,30811,2722,EE,BC
11237,179.2,30812,3011,IT,MBC
11238,179.2,30813,2702,AD,SC
11239,179.2,30814,2727,CS,BC
11240,179.2,30815,4959,CS,OC
11241,179.2,30816,3826,ME,OC
11242,179.2,30818,2618,EC,MBC
11243,179.2,30819,2349,BM,OC
11244,179.2,30820,1426,IT,OC
11245,179.2,30823,1324,EE,OC
11246,179.2,30824,2750,ME,OC
11247,179.2,30826,1401,CS,OC
11248,179.2,30827,1211,MZ,BC
11249,179.2,30828,2750,CS,OC
11250,179.2,30829,1315,EC,SCA
11251,179.2,30830,4960,EE,MBC
11252,179.2,30831,5910,EC,OC
11253,179.2,30832,1149,CS,MBC
11254,179.2,30833,1231,IT,BC
11255,179.2,30834,1219,IT,SC
11256,179.2,30837,1216,IT,MBC
11257,179.2,30839,5919,BT,OC
11258,179.2,30840,2702,AE,BC
11259,179.2,30841,3826,CE,OC
11260,179.2,30842,2711,CH,OC
11261,179.2,30843,3920,CS,OC
11262,179.2,30845,1113,EE,MBC
11263,179.2,30847,1414,CS,OC
11264,179.2,30849,2718,CE,OC
11265,179.2,30850,4676,CS,OC
11266,179.1,30852,2706,EC,MBC
11267,179.1,30855,2618,EC,MBC
11268,179.1,30856,1516,EE,MBC
11269,179.1,30857,1211,CH,MBC
11270,179.1,30859,4020,EC,BCM
11271,179.1,30860,2710,CS,MBC
11272,179.1,30861,5901,ME,MBC
11273,179.1,30862,1432,CS,MBC
11274,179.1,30863,3011,EE,OC
11275,179.1,30865,4960,ME,OC
11276,179.1,30867,2006,BS,SCA
11277,179.1,30868,1211,CS,SC
11278,179.1,30870,2622,CS,MBC
11279,179.1,30871,3011,IT,MBC
11280,179.1,30874,2722,EE,BC
11281,179.1,30875,1516,CS,SC
11282,179.1,30876,4959,CS,BC
11283,179.1,30878,3465,EE,OC
11284,179.1,30879,3021,CE,OC
11285,179.1,30881,5536,EC,OC
11286,179.1,30882,2710,TS,BC
11287,179.1,30884,3830,CS,BC
11288,179.1,30885,2736,CS,BC
11289,179.1,30886,5910,IT,BC
11290,179.1,30887,2725,CS,BC
11291,179.1,30888,2710,EC,BC
11292,179.1,30889,2718,ME,MBC
11293,179.1,30891,3826,AG,OC
11294,179.1,30892,2722,EE,BC
11295,179.1,30893,2615,ME,MBC
11296,179.1,30894,1324,CS,BCM
11297,179.1,30895,2608,IT,BC
11298,179.1,30896,1122,IT,OC
11299,179.1,30898,1401,CS,OC
11300,179.1,30899,4960,ME,OC
11301,179.1,30900,2006,PS,MBC
11302,179.1,30902,4023,CS,BC
11303,179.1,30903,2748,CS,OC
11304,179.1,30904,2736,CS,BC
11305,179.1,30906,5,CH,OC
11306,179.1,30907,1317,EE,MBC
11307,179.1,30908,2719,EI,MBC
11308,179.1,30910,2719,IT,MBC
11309,179.1,30911,2719,EC,MBC
11310,179.1,30914,1128,EC,BC
11311,179.1,30915,4678,AD,BC
11312,179.1,30918,2768,AO,OC
11313,179.1,30919,1014,CS,OC
11314,179.1,30920,2608,IT,BC
11315,179.1,30921,2603,ME,OC
11316,179.1,30922,2725,CS,BC
11317,179.1,30923,3805,EC,OC
11318,179.1,30924,2621,EC,OC
11319,179.1,30925,3830,CS,BC
11320,179.1,30926,2709,IT,SC
11321,179.1,30927,2708,BM,OC
11322,179.1,30928,1306,BT,BC
11323,179.1,30932,2710,EC,MBC
11324,179.1,30933,5022,EE,OC
11325,179.1,30935,3815,IT,OC
11326,179.1,30936,2711,ME,OC
11327,179.1,30937,5910,EC,OC
11328,179.1,30938,2715,IT,OC
11329,179.1,30939,1231,AD,OC
11330,179.1,30940,1231,CS,MBC
11331,179.1,30941,2708,CS,OC
11332,179.1,30942,1112,EC,MBC
11333,179.1,30943,1413,CS,OC
11334,179.1,30945,1307,CS,OC
11335,179.1,30948,2750,CS,BC
11336,179.1,30949,5,EE,OC
11337,179.1,30951,1422,EC,BC
11338,179.1,30953,1237,EC,OC
11339,179.1,30954,3701,CS,OC
11340,179.1,30955,4981,CS,OC
11341,179.1,30956,1120,EC,BC
11342,179.1,30957,2708,EC,OC
11343,179.1,30958,1306,CS,MBC
11344,179.1,30961,2750,CS,BC
11345,179.1,30962,5010,EC,MBC
11346,179.1,30963,2607,CS,OC
11347,179.1,30964,1516,EE,MBC
11348,179.1,30966,5901,EE,SC
11349,179.1,30967,1432,AD,MBC
11350,179.1,30969,2710,AD,MBC
11351,179.1,30972,1231,CB,OC
11352,179.1,30973,5904,CS,BC
11353,179.1,30974,3843,CS,OC
11354,179.1,30975,2,LE,SC
11355,179.1,30976,2608,IT,BC
11356,179.1,30977,2357,CS,OC
11357,179.1,30978,4974,CE,BC
11358,179.1,30980,5,EC,OC
11359,179.1,30981,1321,PA,MBC
11360,179.1,30982,2740,CS,OC
11361,179.1,30984,1210,EC,MBC
11362,179.1,30985,1118,IT,BC
11363,179.1,30986,2712,FT,BC
11364,179.1,30987,2302,BM,OC
11365,179.1,30988,2719,CJ,BCM
11366,179.1,30989,2726,CS,OC
11367,179.1,30990,2719,EI,BC
11368,179.1,30991,1120,IT,BCM
11369,179.1,30994,1432,ME,OC
11370,179.1,30997,2618,AD,MBC
11371,179.1,30998,2704,IT,MBC
11372,179.1,30999,1219,ME,MBC
11373,179.1,31000,1231,AD,OC
11374,179.1,31001,4962,EE,BC
11375,179.1,31002,5009,CS,MBC
11376,179.1,31003,3011,PH,MBC
11377,179.1,31005,4974,ME,OC
11378,179.1,31006,5910,CB,BC
11379,179.1,31007,1128,EC,BC
11380,179.1,31010,1311,AO,BC
11381,179.1,31011,4974,EE,SC
11382,179.1,31012,2656,CS,OC
11383,179.1,31013,5910,IT,BC
11384,179.1,31017,1311,CS,BC
11385,179.1,31018,3830,CS,BC
11386,179.1,31019,1450,ME,BC
11387,179.1,31020,1202,CS,OC
11388,179.1,31021,3011,IT,MBC
11389,179.1,31023,2,AP,SC
11390,179.1,31024,3841,CS,OC
11391,179.1,31025,1306,BT,MBC
11392,179.1,31027,2651,AD,OC
11393,179.1,31028,2623,CS,OC
11394,179.1,31030,3464,CS,BCM
11395,179.1,31033,3464,EC,BC
11396,179.1,31034,1013,IT,OC
11397,179.1,31036,5986,IT,MBC
11398,179.1,31037,1516,EE,BC
11399,179.1,31040,2710,EC,BC
11400,179.1,31042,1211,ME,BC
11401,179.1,31043,1216,AD,SC
11402,179.1,31044,2610,BM,OC
11403,179.1,31045,2718,ME,MBC
11404,179.1,31046,4955,CS,BC
11405,179.0,31047,4959,CS,BC
11406,179.0,31049,4959,AD,OC
11407,179.0,31051,2659,BM,OC
11408,179.0,31055,1424,AD,OC
11409,179.0,31057,5910,EC,OC
11410,179.0,31059,5910,CS,MBC
11411,179.0,31060,2608,EC,OC
11412,179.0,31061,2656,CS,OC
11413,179.0,31062,2710,SC,BC
11414,179.0,31064,2745,CS,OC
11415,179.0,31065,1140,IT,OC
11416,179.0,31066,2615,CE,MBC
11417,179.0,31067,1422,EC,BC
11418,179.0,31069,3803,CS,BC
11419,179.0,31070,1311,CS,BC
11420,179.0,31071,1422,EC,BC
11421,179.0,31075,5910,CS,MBC
11422,179.0,31076,1516,EE,BC
11423,179.0,31077,3021,CS,OC
11424,179.0,31079,3811,CS,OC
11425,179.0,31080,3011,PH,SC
11426,179.0,31081,1120,EC,BC
11427,179.0,31082,2712,EE,SC
11428,179.0,31083,2751,EC,OC
11429,179.0,31084,1324,IT,MBC
11430,179.0,31085,2736,AD,OC
11431,179.0,31087,5904,CS,BC
11432,179.0,31088,5921,CS,OC
11433,179.0,31089,1409,BT,OC
11434,179.0,31091,2608,CB,OC
11435,179.0,31094,2736,BM,OC
11436,179.0,31095,5901,EC,SCA
11437,179.0,31096,2618,IT,MBC
11438,179.0,31097,1225,EE,OC
11439,179.0,31098,1422,EC,BC
11440,179.0,31100,1120,EC,BC
11441,179.0,31101,2722,CE,OC
11442,179.0,31103,2369,EC,BC
11443,179.0,31104,1307,CS,OC
11444,179.0,31105,2006,MF,SCA
11445,179.0,31108,4955,CS,BCM
11446,179.0,31109,1122,BT,OC
11447,179.0,31110,4974,CE,BC
11448,179.0,31111,1128,EC,BC
11449,179.0,31112,1118,ME,OC
11450,179.0,31114,2702,ME,OC
11451,179.0,31115,1237,CS,BC
11452,179.0,31116,2615,CE,SC
11453,179.0,31117,2628,CS,OC
11454,179.0,31119,2702,CB,MBC
11455,179.0,31120,3826,IT,OC
11456,179.0,31123,5904,CS,BC
11457,179.0,31124,3795,EC,OC
11458,179.0,31125,2007,ME,SC
11459,179.0,31128,1211,CH,BC
11460,179.0,31130,1110,CS,OC
11461,179.0,31132,2343,HT,BC
11462,179.0,31133,1450,ME,BC
11463,179.0,31134,1516,EE,MBC
11464,179.0,31135,1309,EC,BC
11465,179.0,31136,2702,CS,SC
11466,179.0,31139,1324,CS,BCM
11467,179.0,31140,2709,AU,OC
11468,179.0,31142,3819,IT,BC
11469,179.0,31143,1311,AO,BC
11470,179.0,31144,1509,CS,OC
11471,179.0,31145,1211,RM,MBC
11472,179.0,31147,2725,CS,MBC
11473,179.0,31148,4954,CS,OC
11474,179.0,31149,2611,CY,OC
11475,179.0,31150,2661,EC,OC
11476,179.0,31151,1114,CS,OC
11477,179.0,31152,2726,IT,OC
11478,179.0,31153,5910,IT,MBC
11479,179.0,31155,2708,IT,OC
11480,179.0,31156,1216,AD,BC
11481,179.0,31157,1113,CD,MBC
11482,179.0,31159,5910,IT,BC
11483,179.0,31161,2603,ME,OC
11484,179.0,31165,2726,AL,OC
11485,179.0,31166,2702,ME,OC
11486,179.0,31167,1216,EC,OC
11487,179.0,31168,2702,CS,SC
11488,179.0,31170,1149,EC,OC
11489,179.0,31171,2712,EC,SC
11490,179.0,31173,3819,AD,BC
11491,179.0,31177,2615,ME,BC
11492,179.0,31179,1211,ME,BCM
11493,179.0,31181,5904,CS,MBC
11494,179.0,31186,1211,MZ,BC
11495,179.0,31190,1120,CS,MBC
11496,179.0,31193,2723,IT,OC
11497,179.0,31194,1231,IT,BC
11498,179.0,31195,4971,CS,BC
11499,179.0,31196,2727,IT,BC
11500,179.0,31203,5986,EC,MBC
11501,179.0,31206,2710,SC,BC
11502,179.0,31207,1149,EC,OC
11503,179.0,31211,1304,EE,MBC
11504,179.0,31212,2729,AD,OC
11505,179.0,31213,4960,CS,MBC
11506,179.0,31214,2719,RM,BC
11507,179.0,31215,3819,CS,BCM
11508,179.0,31216,1306,IT,BC
11509,179.0,31217,2706,IT,MBC
11510,179.0,31219,1317,EE,BC
11511,179.0,31220,4974,ME,OC
11512,179.0,31221,4974,EE,SC
11513,179.0,31222,1321,PA,SC
11514,179.0,31224,1307,CS,OC
11515,179.0,31234,1120,CS,MBC
11516,179.0,31237,2610,EC,OC
11517,179.0,31238,2608,IT,BC
11518,179.0,31239,1516,CE,OC
11519,179.0,31239,2740,IT,OC
11520,179.0,31240,2725,IT,BC
11521,179.0,31241,1311,CS,BC
11522,179.0,31242,5,CF,OC
11523,179.0,31243,1306,BT,BC
11524,179.0,31244,1211,CS,SC
11525,179.0,31247,1307,BM,OC
11526,179.0,31248,1311,AD,OC
11527,179.0,31254,1128,EC,BC
11528,179.0,31257,1216,EC,OC
11529,179.0,31258,4960,BM,BC
11530,179.0,31259,2712,TX,BC
11531,179.0,31259,1304,EI,MBC
11532,179.0,31263,1149,EC,OC
11533,179.0,31265,1309,EC,BC
11534,179.0,31268,2329,AD,OC
11535,179.0,31273,1211,ME,BC
11536,179.0,31277,1211,CH,MBC
11537,179.0,31279,2712,EE,SC
11538,179.0,31281,1413,AD,OC
11539,179.0,31282,1231,IT,BC
11540,179.0,31283,1116,EC,OC
11541,179.0,31284,1309,ME,OC
11542,179.0,31288,2615,ME,MBC
11543,179.0,31292,2764,BM,BC
11544,179.0,31293,2711,ME,OC
11545,179.0,31293,1322,CS,OC
11546,179.0,31297,5010,EC,BC
11547,179.0,31301,2739,IT,BCM
11548,179.0,31302,2725,CS,BC
11549,179.0,31303,2719,EC,BCM
11550,179.0,31305,1231,CS,MBC
11551,179.0,31308,5,CS,BC
11552,179.0,31309,2357,IT,OC
11553,179.0,31315,2712,ME,MBC
11554,179.0,31316,2608,IT,BC
11555,179.0,31319,1311,CS,BC
11556,179.0,31321,1219,MR,MBC
11557,179.0,31325,1231,AD,OC
11558,179.0,31327,1399,MZ,MBC
11559,179.0,31328,1317,EC,SC
11560,179.0,31330,5010,CS,MBC
11561,179.0,31331,1309,EC,BC
11562,179.0,31337,3464,ME,OC
11563,179.0,31339,2719,RM,BC
11564,179.0,31340,1140,CS,BC
11565,179.0,31341,4960,BT,BC
11566,179.0,31342,2734,CS,OC
11567,179.0,31344,1233,CS,OC
11568,179.0,31345,5832,EC,OC
11569,179.0,31348,2736,CS,BC
11570,179.0,31351,2607,EC,OC
11571,179.0,31352,3701,CS,OC
11572,179.0,31353,2710,CS,BCM
11573,179.0,31354,2622,EE,OC
11574,179.0,31355,1422,EC,BC
11575,179.0,31356,5,CF,OC
11576,179.0,31357,2607,BT,OC
11577,179.0,31358,3465,EC,SC
11578,179.0,31360,2719,EI,BC
11579,179.0,31361,1422,EC,BC
11580,179.0,31362,5008,MG,SC
11581,179.0,31363,2710,TS,BC
11582,179.0,31365,1432,EC,MBC
11583,179.0,31366,4959,CS,BC
11584,179.0,31367,1210,EE,OC
11585,179.0,31368,2710,IT,MBC
11586,179.0,31371,2722,EC,BCM
11587,179.0,31373,2618,EC,BC
11588,179.0,31374,2347,ME,OC
11589,179.0,31375,1317,EI,OC
11590,179.0,31376,1113,CB,MBC
11591,179.0,31380,5901,ME,MBC
11592,179.0,31382,2345,CS,OC
11593,179.0,31384,5,EC,OC
11594,179.0,31386,2710,TS,BC
11595,179.0,31390,5,CS,BC
11596,179.0,31391,2608,EC,OC
11597,179.0,31393,2624,AD,OC
11598,179.0,31394,1231,IT,BC
11599,179.0,31397,2618,EC,BC
11600,179.0,31398,2706,EE,OC
11601,179.0,31399,1516,EE,MBC
11602,179.0,31400,1324,EC,MBC
11603,179.0,31401,5,AM,SC
11604,179.0,31402,1149,EC,OC
11605,179.0,31403,1211,ME,BC
11606,179.0,31404,2702,ME,OC
11607,179.0,31405,5915,CS,OC
11608,179.0,31406,5910,AD,BC
11609,179.0,31408,3425,CS,OC
11610,179.0,31409,5986,EC,MBC
11611,179.0,31410,3019,EC,OC
11612,179.0,31411,5901,CE,MBC
11613,179.0,31412,2727,AD,OC
11614,179.0,31413,1128,EC,BC
11615,179.0,31415,5901,ME,BC
11616,179.0,31417,1118,EE,OC
11617,179.0,31418,1324,CS,MBC
11618,179.0,31419,2727,EC,OC
11619,179.0,31420,4959,CS,BC
11620,179.0,31421,1399,IT,SC
11621,179.0,31422,1307,CS,OC
11622,179.0,31423,1419,EI,BC
11623,179.0,31425,2709,ME,OC
11624,179.0,31428,1112,AL,MBC
11625,179.0,31429,2726,CS,OC
11626,179.0,31431,1112,CS,MBC
11627,179.0,31432,3819,EC,OC
11628,179.0,31434,1207,EC,OC
11629,179.0,31436,3830,IT,OC
11630,179.0,31437,1317,CH,OC
11631,179.0,31438,2615,ME,BC
11632,179.0,31439,3908,CS,OC
11633,179.0,31440,1231,CB,OC
11634,179.0,31441,2620,EE,OC
11635,179.0,31442,2739,CS,MBC
11636,178.9,31443,2328,BM,OC
11637,178.9,31444,1231,EC,OC
11638,178.9,31446,2704,IT,MBC
11639,178.9,31447,5904,CS,BC
11640,178.9,31448,1231,IT,MBC
11641,178.9,31449,1422,EC,BC
11642,178.9,31451,3801,CS,MBC
11643,178.9,31452,2710,IT,MBC
11644,178.9,31453,5012,CC,SCA
11645,178.9,31455,2709,EC,SC
11646,178.9,31456,2711,AL,MBC
11647,178.9,31457,5910,EC,OC
11648,178.9,31459,4965,CS,OC
11649,178.9,31461,2620,TS,OC
11650,178.9,31463,2711,ME,OC
11651,178.9,31464,1216,EC,OC
11652,178.9,31465,2710,EC,BC
11653,178.9,31467,4672,CS,OC
11654,178.9,31468,2615,ME,BC
11655,178.9,31471,2725,EC,OC
11656,178.9,31472,1120,EC,BC
11657,178.9,31475,2711,CE,OC
11658,178.9,31476,5901,ME,BC
11659,178.9,31477,2369,EE,OC
11660,178.9,31479,1210,EE,OC
11661,178.9,31480,4023,CS,BC
11662,178.9,31481,2711,EI,BC
11663,178.9,31484,1231,IT,BC
11664,178.9,31485,2719,RM,BC
11665,178.9,31486,2704,CS,MBC
11666,178.9,31487,1422,EC,MBC
11667,178.9,31488,2709,ME,OC
11668,178.9,31489,2712,SE,SC
11669,178.9,31490,1324,IT,BCM
11670,178.9,31491,2709,CE,OC
11671,178.9,31492,2734,CS,OC
11672,178.9,31493,1317,EE,BC
11673,178.9,31494,3819,AD,BC
11674,178.9,31495,2711,EI,BC
11675,178.9,31496,2704,CE,OC
11676,178.9,31497,2608,EC,OC
11677,178.9,31498,4993,CS,OC
11678,178.9,31500,1114,CS,OC
11679,178.9,31501,2708,CS,OC
11680,178.9,31504,2615,CE,MBC
11681,178.9,31505,1304,RM,MBC
11682,178.9,31506,1211,BT,MBC
11683,178.9,31508,2709,ME,OC
11684,178.9,31509,1114,CS,OC
11685,178.9,31510,5,EE,OC
11686,178.9,31511,1450,ME,MBC
11687,178.9,31516,3465,EE,OC
11688,178.9,31517,4954,CS,OC
11689,178.9,31518,1419,EI,BC
11690,178.9,31520,1422,EC,BC
11691,178.9,31521,1509,CS,OC
11692,178.9,31525,4023,CS,BC
11693,178.9,31526,2608,CB,OC
11694,178.9,31528,1210,EE,OC
11695,178.9,31529,2369,EC,BC
11696,178.9,31530,1211,MZ,BC
11697,178.9,31531,2736,EC,OC
11698,178.9,31534,4955,CS,BC
11699,178.9,31535,4960,BT,BC
11700,178.9,31537,5009,EC,OC
11701,178.9,31539,1216,AL,BC
11702,178.9,31540,2607,CS,OC
11703,178.9,31541,2727,IT,MBC
11704,178.9,31542,2726,CS,OC
11705,178.9,31543,1419,IC,BC
11706,178.9,31544,1113,ME,OC
11707,178.9,31545,1210,EE,OC
11708,178.9,31546,2764,BM,BC
11709,178.9,31547,1122,BT,OC
11710,178.9,31549,2725,IT,BC
11711,178.9,31550,1118,EC,OC
11712,178.9,31552,4023,CS,BC
11713,178.9,31555,1210,EC,MBC
11714,178.9,31556,5,CH,OC
11715,178.9,31559,1233,CS,OC
11716,178.9,31560,3011,BT,MBC
11717,178.9,31561,2707,CS,OC
11718,178.9,31562,5,CS,MBC
11719,178.9,31563,4959,CS,BC
11720,178.9,31564,4960,BT,BC
11721,178.9,31565,2702,CS,SC
11722,178.9,31566,3826,CS,BC
11723,178.9,31567,2651,EC,OC
11724,178.9,31569,2735,CS,BC
11725,178.9,31570,2620,EC,OC
11726,178.9,31571,2739,AD,MBC
11727,178.9,31573,2735,CS,BC
11728,178.9,31574,2725,IT,BC
11729,178.9,31577,4954,CS,OC
11730,178.9,31578,1122,AD,BC
11731,178.9,31579,2741,CS,MBC
11732,178.9,31580,2369,EC,BC
11733,178.9,31581,1505,CS,OC
11734,178.9,31582,2739,CB,MBC
11735,178.9,31584,2723,CS,BC
11736,178.9,31586,4944,EC,OC
11737,178.9,31587,2007,MF,SC
11738,178.9,31588,1317,EE,BC
11739,178.9,31589,1432,EC,BCM
11740,178.9,31590,3465,EC,BCM
11741,178.9,31593,2608,EC,OC
11742,178.9,31594,2702,BT,MBC
11743,178.9,31596,1316,AD,OC
11744,178.9,31598,1311,CS,BC
11745,178.9,31599,3018,CS,OC
11746,178.9,31600,2006,TX,MBC
11747,178.9,31604,1123,IT,OC
11748,178.9,31605,2709,ME,OC
11749,178.9,31606,3819,IT,BC
11750,178.9,31607,1516,ME,OC
11751,178.9,31608,1219,EE,SC
11752,178.9,31610,1317,CS,SC
11753,178.9,31611,1118,IT,BC
11754,178.9,31613,1216,AL,BC
11755,178.9,31614,2618,CE,OC
11756,178.9,31617,1233,EC,OC
11757,178.9,31619,2718,MZ,MBC
11758,178.9,31620,5,IT,BC
11759,178.9,31621,2710,IT,MBC
11760,178.9,31626,2725,CS,BC
11761,178.9,31628,3011,PH,BC
11762,178.9,31630,4678,EC,OC
11763,178.9,31631,2709,ME,OC
11764,178.9,31632,1422,EC,BC
11765,178.9,31633,2711,FD,MBC
11766,178.9,31634,2608,AL,OC
11767,178.9,31636,5865,CS,OC
11768,178.9,31640,4955,CS,BC
11769,178.9,31642,2653,IT,OC
11770,178.9,31643,4965,CS,OC
11771,178.9,31644,2601,BT,OC
11772,178.9,31645,2302,CS,OC
11773,178.9,31646,1304,AU,OC
11774,178.9,31647,3819,CB,OC
11775,178.9,31648,2618,AD,MBC
11776,178.9,31649,1120,EC,BC
11777,178.9,31650,3011,EC,BCM
11778,178.9,31651,2710,EC,BC
11779,178.9,31653,4,AU,SCA
11780,178.9,31655,1309,EC,BC
11781,178.9,31656,2726,AL,OC
11782,178.9,31657,2751,AD,OC
11783,178.9,31658,2726,AL,OC
11784,178.9,31659,1516,EE,BC
11785,178.9,31660,3019,CS,OC
11786,178.9,31661,3803,CS,MBC
11787,178.9,31665,4960,BM,SC
11788,178.9,31666,1321,PA,SC
11789,178.8,31668,2702,MC,MBC
11790,178.8,31670,2736,BM,OC
11791,178.8,31671,2615,CE,BC
11792,178.8,31672,2750,AD,OC
11793,178.8,31673,2736,CS,MBC
11794,178.8,31674,2615,ME,SC
11795,178.8,31675,2704,CS,BCM
11796,178.8,31676,1231,IT,MBC
11797,178.8,31678,1413,AD,OC
11798,178.8,31683,1225,CS,OC
11799,178.8,31685,5904,CS,BC
11800,178.8,31687,4955,IT,OC
11801,178.8,31690,2656,EC,OC
11802,178.8,31692,2710,CD,OC
11803,178.8,31694,4678,CE,OC
11804,178.8,31695,2,AP,SC
11805,178.8,31697,2369,EE,OC
11806,178.8,31698,1120,EC,BC
11807,178.8,31699,1419,ME,OC
11808,178.8,31700,1513,IT,OC
11809,178.8,31701,1311,EC,OC
11810,178.8,31704,2712,FT,BC
11811,178.8,31705,5901,ME,MBC
11812,178.8,31706,2608,AL,OC
11813,178.8,31707,1015,CS,OC
11814,178.8,31709,1026,EC,BC
11815,178.8,31711,2723,CS,SC
11816,178.8,31712,5536,EE,OC
11817,178.8,31714,2702,AU,OC
11818,178.8,31715,5,CS,BC
11819,178.8,31716,2723,BM,OC
11820,178.8,31717,2711,MZ,OC
11821,178.8,31718,2634,CS,OC
11822,178.8,31719,2615,CE,MBC
11823,178.8,31720,1219,MR,SC
11824,178.8,31721,2704,CS,MBC
11825,178.8,31722,1311,CS,BC
11826,178.8,31723,2622,CE,OC
11827,178.8,31724,3833,CS,OC
11828,178.8,31725,2702,CE,OC
11829,178.8,31726,1516,ME,OC
11830,178.8,31728,5910,IT,BC
11831,178.8,31730,2718,CE,OC
11832,178.8,31731,4023,CS,BC
11833,178.8,31732,5901,CE,MBC
11834,178.8,31733,2006,TX,MBC
11835,178.8,31734,3410,CS,OC
11836,178.8,31735,2708,IT,OC
11837,178.8,31736,2727,BT,OC
11838,178.8,31737,2722,IC,OC
11839,178.8,31738,2702,CS,SC
11840,178.8,31739,1306,IT,BC
11841,178.8,31740,1216,EC,OC
11842,178.8,31744,1304,CS,SC
11843,178.8,31745,2764,CH,OC
11844,178.8,31746,2718,IT,SC
11845,178.8,31747,2653,CS,BC
11846,178.8,31749,1149,EC,OC
11847,178.8,31750,2710,EC,BC
11848,178.8,31751,5008,IM,SCA
11849,178.8,31755,1149,AD,MBC
11850,178.8,31756,1324,EC,MBC
11851,178.8,31757,4,PR,SCA
11852,178.8,31758,1413,AD,OC
11853,178.8,31759,3920,CS,OC
11854,178.8,31760,2727,CS,BC
11855,178.8,31761,5,AM,MBC
11856,178.8,31762,2622,CS,BC
11857,178.8,31763,2718,CE,OC
11858,178.8,31765,2725,EC,OC
11859,178.8,31766,3465,EE,OC
11860,178.8,31767,3011,ME,OC
11861,178.8,31768,1013,IT,SCA
11862,178.8,31769,4020,EC,MBC
11863,178.8,31771,1422,EC,BC
11864,178.8,31772,3826,CS,MBC
11865,178.8,31773,3908,CS,OC
11866,178.8,31774,1321,PA,SC
11867,178.8,31775,2727,AD,OC
11868,178.8,31776,2726,CS,OC
11869,178.8,31777,2007,CS,ST
11870,178.8,31779,2006,CN,SC
11871,178.8,31780,5009,EC,OC
11872,178.8,31782,2709,CE,OC
11873,178.8,31783,1211,ME,BC
11874,178.8,31785,1122,AD,BC
11875,178.8,31786,1231,AD,OC
11876,178.8,31789,3464,EC,BC
11877,178.8,31790,3018,CS,OC
11878,178.8,31791,1231,AD,OC
11879,178.8,31792,2719,IT,MBC
11880,178.8,31798,2725,CS,MBC
11881,178.8,31799,2719,RM,BC
11882,178.8,31803,1317,EE,BC
11883,178.8,31804,2608,IT,BC
11884,178.8,31805,1419,IT,SC
11885,178.8,31806,4023,CS,BC
11886,178.8,31808,1520,IT,OC
11887,178.8,31809,1014,IT,OC
11888,178.8,31811,2615,MT,BCM
11889,178.8,31814,2659,EC,OC
11890,178.8,31817,3425,EC,OC
11891,178.8,31818,2710,EC,BC
11892,178.8,31825,2618,EC,SC
11893,178.8,31826,1126,RM,OC
11894,178.8,31827,5,CS,BCM
11895,178.8,31828,2702,CT,MBC
11896,178.8,31830,5910,BM,OC
11897,178.8,31832,2727,AL,OC
11898,178.8,31833,4024,EC,OC
11899,178.8,31834,4981,CS,OC
11900,178.8,31835,2357,AG,OC
11901,178.8,31838,2725,CS,BC
11902,178.8,31839,2618,EC,BC
11903,178.8,31841,3819,AD,BC
11904,178.8,31842,4974,CS,SC
11905,178.8,31843,2719,AD,MBC
11906,178.8,31844,1306,IT,BC
11907,178.8,31845,2702,AG,MBC
11908,178.8,31846,1432,EC,MBC
11909,178.8,31847,2719,RM,BC
11910,178.8,31850,3807,CS,OC
11911,178.8,31851,1311,AE,OC
11912,178.8,31852,2708,IT,OC
11913,178.8,31855,1516,EE,BC
11914,178.8,31856,1225,CS,OC
11915,178.8,31857,2608,EC,OC
11916,178.8,31858,1441,EE,OC
11917,178.8,31859,1231,AD,OC
11918,178.8,31860,3011,ME,OC
11919,178.8,31862,2710,EC,BC
11920,178.8,31863,2609,CS,OC
11921,178.8,31864,2651,EE,OC
11922,178.8,31865,1450,EE,MBC
11923,178.8,31866,2722,ME,OC
11924,178.8,31867,3465,EE,OC
11925,178.8,31868,2718,MZ,MBC
11926,178.8,31869,1128,EC,BC
11927,178.8,31873,1225,IT,OC
11928,178.8,31875,3464,EC,BC
11929,178.8,31876,1311,MZ,OC
11930,178.8,31877,1237,AD,OC
11931,178.8,31879,4971,CE,OC
11932,178.8,31880,2710,CD,OC
11933,178.8,31881,4960,BM,BC
11934,178.8,31884,1217,FD,OC
11935,178.8,31885,1114,CS,OC
11936,178.8,31888,3807,EC,OC
11937,178.8,31889,1118,IT,BC
11938,178.8,31890,5022,CS,OC
11939,178.8,31891,2726,CS,OC
11940,178.8,31892,2659,CS,OC
11941,178.8,31893,2727,EC,OC
11942,178.8,31894,3464,EC,BC
11943,178.8,31896,1317,BT,MBC
11944,178.8,31897,3011,EC,BC
11945,178.8,31898,2702,EE,MBC
11946,178.8,31899,2653,CS,BC
11947,178.8,31901,4960,ME,OC
11948,178.8,31902,3920,AD,OC
11949,178.8,31904,2607,BT,OC
11950,178.8,31905,2708,CS,OC
11951,178.8,31906,2601,CS,OC
11952,178.8,31907,2751,CS,MBC
11953,178.8,31908,4962,EC,MBC
11954,178.8,31909,1412,CS,OC
11955,178.8,31910,5,IT,BC
11956,178.8,31913,1231,CS,SC
11957,178.8,31914,2727,BT,OC
11958,178.8,31915,2369,EC,MBC
11959,178.8,31916,5904,CS,BC
11960,178.8,31918,3021,CS,OC
11961,178.8,31919,4020,GI,OC
11962,178.8,31920,2613,IT,OC
11963,178.8,31923,2725,CS,BC
11964,178.8,31924,1309,EC,BC
11965,178.8,31925,2750,CS,BC
11966,178.8,31926,5530,CS,OC
11967,178.7,31929,5910,IT,BC
11968,178.7,31930,3011,CS,SC
11969,178.7,31932,1216,AD,BC
11970,178.7,31933,2007,MF,SC
11971,178.7,31934,1422,EC,MBC
11972,178.7,31935,1112,AL,MBC
11973,178.7,31938,1216,AD,MBC
11974,178.7,31939,5910,IT,BC
11975,178.7,31941,2707,IT,OC
11976,178.7,31942,1210,EE,OC
11977,178.7,31944,2653,CS,BC
11978,178.7,31945,1216,EC,OC
11979,178.7,31946,2620,BT,OC
11980,178.7,31950,2608,EE,OC
11981,178.7,31951,2369,EE,OC
11982,178.7,31952,2,TX,SC
11983,178.7,31953,5008,CS,ST
11984,178.7,31954,2702,EE,MBC
11985,178.7,31955,1309,EC,BC
11986,178.7,31956,2711,EE,MBC
11987,178.7,31957,4965,CS,OC
11988,178.7,31958,2622,AD,OC
11989,178.7,31959,1419,CE,OC
11990,178.7,31960,2718,CE,BC
11991,178.7,31961,2702,AG,BC
11992,178.7,31962,1113,EC,SC
11993,178.7,31963,1304,ME,OC
11994,178.7,31965,2718,CE,BC
11995,178.7,31968,4959,CS,BC
11996,178.7,31971,3465,CE,OC
11997,178.7,31978,4974,CS,SC
11998,178.7,31980,2702,MC,BC
11999,178.7,31981,1422,EC,BC
12000,178.7,31982,2708,CS,OC
12001,178.7,31985,1211,ME,BC
12002,178.7,31987,2702,FD,MBC
12003,178.7,31990,1237,CS,MBC
12004,178.7,31991,1114,CS,OC
12005,178.7,31994,2643,EC,OC
12006,178.7,31995,2725,CS,BC
12007,178.7,31996,1432,CB,MBC
12008,178.7,31997,1216,AD,BC
12009,178.7,31998,2723,IT,OC
12010,178.7,31999,2719,AD,MBC
12011,178.7,32000,1414,CS,OC
12012,178.7,32002,4678,AD,BC
12013,178.7,32004,2710,EC,BC
12014,178.7,32005,3464,EC,MBC
12015,178.7,32006,5,EC,OC
12016,178.7,32007,5910,IT,BC
12017,178.7,32010,2713,CS,OC
12018,178.7,32012,2651,EE,OC
12019,178.7,32013,2718,ME,MBC
12020,178.7,32018,1304,EC,BCM
12021,178.7,32019,2709,CE,OC
12022,178.7,32020,5910,CB,BC
12023,178.7,32021,2711,EC,MBC
12024,178.7,32024,5,CS,BC
12025,178.7,32025,2328,EE,OC
12026,178.7,32026,2740,AE,OC
12027,178.7,32028,2653,CS,MBC
12028,178.7,32029,2723,IT,OC
12029,178.7,32030,1237,IT,OC
12030,178.7,32032,1013,IT,BCM
12031,178.7,32034,1422,EC,BC
12032,178.7,32035,5901,EE,SC
12033,178.7,32039,1317,EE,BC
12034,178.7,32040,3465,EE,BC
12035,178.7,32042,2727,CS,MBC
12036,178.7,32043,2719,EI,BC
12037,178.7,32044,1399,ME,MBC
12038,178.7,32046,2725,CS,BC
12039,178.7,32049,3464,EE,OC
12040,178.7,32050,4974,CE,BC
12041,178.7,32051,2711,EI,BC
12042,178.7,32052,1422,EC,BC
12043,178.7,32053,2718,AD,SC
12044,178.7,32055,1114,CS,OC
12045,178.7,32056,1450,ME,MBC
12046,178.7,32057,2608,ME,OC
12047,178.7,32058,5904,AD,OC
12048,178.7,32059,1309,EC,BC
12049,178.7,32060,2735,CS,MBC
12050,178.7,32061,2764,EE,OC
12051,178.7,32062,2329,AD,OC
12052,178.7,32063,2369,EC,MBC
12053,178.7,32064,2707,CS,OC
12054,178.7,32066,1306,IT,BC
12055,178.7,32067,1237,CS,BC
12056,178.7,32069,2624,AD,OC
12057,178.7,32070,2710,EE,OC
12058,178.7,32071,3830,CB,OC
12059,178.7,32072,1110,IT,OC
12060,178.7,32073,5901,ME,SC
12061,178.7,32074,1216,BM,BCM
12062,178.7,32075,2369,EE,OC
12063,178.7,32076,3011,PH,BCM
12064,178.7,32077,2615,CE,BC
12065,178.7,32077,1026,CS,SC
12066,178.7,32079,5532,CS,OC
12067,178.7,32080,1452,EC,OC
12068,178.7,32082,5,CS,SC
12069,178.7,32084,1231,IT,BC
12070,178.7,32086,2715,CS,OC
12071,178.7,32087,2718,MZ,MBC
12072,178.7,32088,2608,EC,OC
12073,178.7,32089,1118,IT,BC
12074,178.7,32091,2618,EC,MBC
12075,178.7,32092,5910,BM,OC
12076,178.7,32093,1516,EC,SC
12077,178.7,32094,2611,AG,OC
12078,178.7,32095,2607,IT,OC
12079,178.7,32096,2648,CS,OC
12080,178.7,32098,2740,AD,OC
12081,178.7,32099,3011,EC,MBC
12082,178.7,32100,2702,FD,BC
12083,178.7,32102,2751,CS,MBC
12084,178.7,32103,2735,IT,BC
12085,178.7,32104,1516,EE,BC
12086,178.7,32105,2722,EC,MBC
12087,178.7,32106,2603,EE,BCM
12088,178.7,32107,2750,CS,BC
12089,178.7,32108,1422,EC,BC
12090,178.7,32109,3795,CS,BC
12091,178.7,32110,2702,CB,BCM
12092,178.7,32113,3804,CS,OC
12093,178.7,32115,1311,IT,BC
12094,178.7,32116,1216,BM,MBC
12095,178.7,32117,4020,EC,BC
12096,178.7,32118,1118,CS,MBC
12097,178.7,32119,2736,CS,BC
12098,178.7,32120,5910,IT,BC
12099,178.6,32121,1309,EE,OC
12100,178.6,32124,1231,CB,OC
12101,178.6,32125,2711,EI,BC
12102,178.6,32127,2005,PR,SC
12103,178.6,32128,1304,EI,BC
12104,178.6,32129,5986,EC,MBC
12105,178.6,32132,2718,CJ,MBC
12106,178.6,32135,2622,CH,OC
12107,178.6,32138,2740,CS,OC
12108,178.6,32139,1217,EC,OC
12109,178.6,32141,2625,BM,OC
12110,178.6,32142,2727,BT,OC
12111,178.6,32143,1216,EE,OC
12112,178.6,32144,3829,ME,OC
12113,178.6,32145,2345,EC,OC
12114,178.6,32146,3806,IT,OC
12115,178.6,32148,1210,AD,MBC
12116,178.6,32150,4974,EE,MBC
12117,178.6,32151,2702,EC,MBC
12118,178.6,32152,2710,EC,BC
12119,178.6,32153,5910,EC,OC
12120,178.6,32155,3465,EE,BC
12121,178.6,32157,2653,EC,OC
12122,178.6,32158,2710,ME,OC
12123,178.6,32159,2618,EC,BC
12124,178.6,32160,1399,ME,MBC
12125,178.6,32161,2751,EC,OC
12126,178.6,32163,5901,ME,MBC
12127,178.6,32165,2736,AD,OC
12128,178.6,32167,1140,EC,OC
12129,178.6,32168,3465,ME,OC
12130,178.6,32169,2726,BM,OC
12131,178.6,32172,1324,EE,OC
12132,178.6,32176,1122,AD,BC
12133,178.6,32179,4974,ME,OC
12134,178.6,32180,3011,EE,OC
12135,178.6,32181,3801,EC,OC
12136,178.6,32182,5010,CS,MBC
12137,178.6,32184,2707,AG,OC
12138,178.6,32185,4962,EE,BCM
12139,178.6,32186,1422,EC,BC
12140,178.6,32188,4954,IT,OC
12141,178.6,32189,2740,IT,OC
12142,178.6,32192,4959,ME,OC
12143,178.6,32193,2722,IC,OC
12144,178.6,32194,3849,IT,OC
12145,178.6,32196,2727,IT,BC
12146,178.6,32198,4974,ME,OC
12147,178.6,32199,4931,ME,OC
12148,178.6,32200,3011,XC,OC
12149,178.6,32201,1118,IT,MBC
12150,178.6,32203,1219,CE,BC
12151,178.6,32204,2025,ME,BC
12152,178.6,32207,2706,EC,MBC
12153,178.6,32208,1237,CS,BC
12154,178.6,32209,3465,CS,SC
12155,178.6,32211,2739,ME,OC
12156,178.6,32212,2025,EE,BCM
12157,178.6,32214,5017,CS,OC
12158,178.6,32217,1431,EC,OC
12159,178.6,32219,5901,ME,MBC
12160,178.6,32220,2722,EC,MBC
12161,178.6,32224,2727,AD,OC
12162,178.6,32225,4023,CS,BC
12163,178.6,32226,2620,CS,OC
12164,178.6,32227,1317,EI,OC
12165,178.6,32228,1219,MR,BC
12166,178.6,32229,2725,CS,BC
12167,178.6,32230,2751,AD,OC
12168,178.6,32232,2615,CE,BC
12169,178.6,32234,1324,CS,SC
12170,178.6,32235,1216,AD,BC
12171,178.6,32237,2707,EC,OC
12172,178.6,32241,2615,CE,BC
12173,178.6,32244,1122,BT,OC
12174,178.6,32245,5022,EC,OC
12175,178.6,32246,2735,AD,OC
12176,178.6,32247,3806,CS,OC
12177,178.6,32248,1504,CS,OC
12178,178.6,32249,4023,CS,MBC
12179,178.6,32250,2025,ME,BC
12180,178.6,32251,2005,IB,SC
12181,178.6,32252,2706,CS,MBC
12182,178.6,32253,2710,AD,MBC
12183,178.6,32254,1210,EE,OC
12184,178.6,32255,5986,EC,MBC
12185,178.6,32256,5,IT,BC
12186,178.6,32257,1231,IT,MBC
12187,178.6,32259,1122,AD,BC
12188,178.6,32260,1202,CS,OC
12189,178.6,32261,2702,EC,MBC
12190,178.6,32265,3803,CS,BC
12191,178.6,32266,2719,AE,OC
12192,178.6,32267,2715,EE,OC
12193,178.6,32268,5010,EC,BCM
12194,178.6,32274,1128,EC,MBC
12195,178.6,32275,1304,EI,BC
12196,178.6,32276,2620,CS,OC
12197,178.6,32277,2702,CE,OC
12198,178.6,32278,2005,IB,SC
12199,178.6,32279,4974,CE,BC
12200,178.6,32280,1422,CY,MBC
12201,178.6,32281,2369,CE,OC
12202,178.6,32283,1422,EE,OC
12203,178.6,32284,5,CE,OC
12204,178.6,32285,1211,ME,BC
12205,178.6,32286,2618,EC,BC
12206,178.6,32287,2710,IT,MBC
12207,178.6,32288,4971,IT,BC
12208,178.6,32292,2722,EC,MBC
12209,178.6,32293,4960,CS,MBC
12210,178.6,32294,1419,EI,BC
12211,178.6,32295,2727,AG,OC
12212,178.6,32296,1118,EC,OC
12213,178.6,32297,2710,EC,BC
12214,178.6,32299,2736,EC,OC
12215,178.6,32303,4971,IT,MBC
12216,178.6,32304,2601,IT,OC
12217,178.6,32305,5009,EC,OC
12218,178.6,32306,4023,CS,BC
12219,178.6,32307,1516,EE,BC
12220,178.6,32308,1149,EC,OC
12221,178.6,32309,2646,EC,OC
12222,178.6,32310,1113,IT,SC
12223,178.6,32311,2702,CE,OC
12224,178.6,32312,1306,IT,BC
12225,178.6,32314,5008,CN,MBC
12226,178.6,32315,1118,IT,BC
12227,178.6,32316,5,IT,BC
12228,178.6,32317,2719,AD,MBC
12229,178.6,32318,4971,CS,BC
12230,178.6,32319,2764,EE,OC
12231,178.6,32321,1322,CS,OC
12232,178.6,32322,2718,CE,BC
12233,178.6,32324,1317,EE,BC
12234,178.6,32325,1211,CH,MBC
12235,178.6,32326,4864,EC,OC
12236,178.6,32327,1311,AO,BC
12237,178.6,32329,3465,EE,BC
12238,178.6,32331,4917,AD,OC
12239,178.6,32333,1317,CS,SC
12240,178.6,32334,2702,ME,OC
12241,178.6,32335,2706,CS,MBC
12242,178.6,32336,3464,EC,BC
12243,178.6,32338,4954,CS,OC
12244,178.6,32339,4960,CE,OC
12245,178.6,32340,1309,EC,MBC
12246,178.6,32342,1149,EC,OC
12247,178.6,32344,3464,CE,OC
12248,178.6,32345,4670,CS,OC
12249,178.6,32346,1317,IT,SC
12250,178.6,32347,1211,ME,BC
12251,178.6,32348,4965,CS,OC
12252,178.6,32349,5914,CS,OC
12253,178.6,32350,2723,EE,OC
12254,178.6,32351,1218,AD,OC
12255,178.6,32352,1516,EC,MBC
12256,178.6,32354,2329,AG,OC
12257,178.6,32355,2608,IT,BC
12258,178.6,32357,1504,CS,OC
12259,178.6,32359,1237,CS,BC
12260,178.6,32360,1231,AD,OC
12261,178.6,32363,4960,BT,BC
12262,178.6,32365,5901,ME,BC
12263,178.6,32366,1149,EC,OC
12264,178.6,32367,2727,EC,OC
12265,178.6,32368,2718,IT,SC
12266,178.6,32369,1219,CH,BC
12267,178.6,32370,1140,CS,BC
12268,178.6,32371,3011,EC,MBC
12269,178.6,32373,5901,ME,SC
12270,178.6,32374,3021,CS,OC
12271,178.6,32375,1304,ME,OC
12272,178.6,32376,2702,EC,MBC
12273,178.6,32378,4944,EE,OC
12274,178.5,32379,3819,AD,BC
12275,178.5,32381,2725,CS,BC
12276,178.5,32382,1216,EC,OC
12277,178.5,32383,2727,IT,BC
12278,178.5,32385,2608,EC,OC
12279,178.5,32386,1210,EE,OC
12280,178.5,32387,3454,AG,OC
12281,178.5,32389,2357,AD,OC
12282,178.5,32390,2710,EC,BC
12283,178.5,32391,2618,EC,BC
12284,178.5,32392,1422,EE,OC
12285,178.5,32394,4959,CS,BC
12286,178.5,32395,1421,CS,OC
12287,178.5,32396,2608,IT,MBC
12288,178.5,32398,5901,EE,SC
12289,178.5,32400,2711,MZ,OC
12290,178.5,32401,2710,CS,BCM
12291,178.5,32403,1113,CS,SC
12292,178.5,32404,1422,EC,BC
12293,178.5,32406,4669,CS,OC
12294,178.5,32407,1231,CB,OC
12295,178.5,32408,1120,CS,SC
12296,178.5,32409,2369,EE,OC
12297,178.5,32411,3830,EC,OC
12298,178.5,32412,5008,EE,SCA
12299,178.5,32413,3805,AD,OC
12300,178.5,32414,1516,EE,BC
12301,178.5,32415,1304,EC,SCA
12302,178.5,32416,2750,EC,OC
12303,178.5,32417,3819,EC,OC
12304,178.5,32418,2719,EI,BC
12305,178.5,32422,5901,EE,SC
12306,178.5,32425,3011,EC,BC
12307,178.5,32426,5910,CB,BC
12308,178.5,32427,5008,MF,SC
12309,178.5,32428,4960,BM,BC
12310,178.5,32429,5919,EC,OC
12311,178.5,32430,2736,IT,OC
12312,178.5,32432,1013,CS,SC
12313,178.5,32433,4023,EE,OC
12314,178.5,32434,1216,AD,BC
12315,178.5,32436,2615,CE,BCM
12316,178.5,32438,1140,IT,OC
12317,178.5,32442,1324,IT,BCM
12318,178.5,32443,1114,IT,OC
12319,178.5,32444,2710,EC,MBC
12320,178.5,32445,2006,CE,SCA
12321,178.5,32446,2736,IT,OC
12322,178.5,32448,1211,BT,MBC
12323,178.5,32449,4965,EC,OC
12324,178.5,32450,2702,EC,MBC
12325,178.5,32451,2750,AD,OC
12326,178.5,32452,2736,IT,MBC
12327,178.5,32453,1317,EE,BC
12328,178.5,32454,2702,AG,MBC
12329,178.5,32455,2719,ME,OC
12330,178.5,32456,1304,ME,OC
12331,178.5,32457,5010,EC,BC
12332,178.5,32458,2005,PR,SC
12333,178.5,32459,1149,EC,OC
12334,178.5,32461,1306,AD,OC
12335,178.5,32462,4981,CS,OC
12336,178.5,32464,5910,CB,BC
12337,178.5,32466,1113,CE,OC
12338,178.5,32470,1231,EC,OC
12339,178.5,32471,2727,EC,OC
12340,178.5,32472,5901,EE,SC
12341,178.5,32473,2608,IT,BC
12342,178.5,32474,2734,SB,OC
12343,178.5,32477,1304,EC,BCM
12344,178.5,32479,1118,EC,OC
12345,178.5,32480,5009,EC,OC
12346,178.5,32481,2718,IT,SC
12347,178.5,32482,1422,CS,SC
12348,178.5,32483,4980,EC,OC
12349,178.5,32488,3830,ME,OC
12350,178.5,32489,2726,CS,BC
12351,178.5,32493,1422,MD,OC
12352,178.5,32494,1210,CO,MBC
12353,178.5,32497,5,CS,BC
12354,178.5,32498,1450,ME,BC
12355,178.5,32500,5910,IT,MBC
12356,178.5,32504,1231,EC,OC
12357,178.5,32505,1317,EI,OC
12358,178.5,32507,2726,BM,OC
12359,178.5,32508,1149,EC,OC
12360,178.5,32509,4960,BM,BC
12361,178.5,32512,1219,CH,BC
12362,178.5,32513,1116,CS,OC
12363,178.5,32515,2607,BT,OC
12364,178.5,32516,1211,CB,SC
12365,178.5,32518,2618,EC,BC
12366,178.5,32519,2607,CS,OC
12367,178.5,32521,1216,AL,MBC
12368,178.5,32524,1026,EC,BC
12369,178.5,32528,1422,IT,BCM
12370,178.5,32530,1432,ME,OC
12371,178.5,32533,3801,CS,BC
12372,178.5,32535,1118,CB,OC
12373,178.5,32537,5910,EC,OC
12374,178.5,32539,1216,AD,MBC
12375,178.5,32543,1216,AD,BC
12376,175.5,32546,1311,CS,BC
12377,178.5,32547,2727,AD,BC
12378,178.5,32553,1306,IT,BC
12379,178.5,32556,2718,AD,SC
12380,178.5,32558,1149,CS,MBC
12381,178.5,32562,2377,CE,SC
12382,178.5,32565,1317,EE,BC
12383,178.5,32567,1317,EE,BC
12384,178.5,32571,5986,ME,OC
12385,178.5,32572,1419,EC,MBC
12386,178.5,32580,1317,EI,OC
12387,178.5,32581,1505,CS,OC
12388,178.5,32585,1306,AD,OC
12389,178.5,32587,1237,EC,OC
12390,178.5,32588,1419,ME,OC
12391,178.5,32592,2750,AE,OC
12392,178.5,32594,1306,CS,MBC
12393,178.5,32595,1113,ME,MBC
12394,178.5,32596,2609,AD,OC
12395,178.5,32597,1317,EE,BC
12396,178.5,32601,1317,EE,BC
12397,178.5,32607,3011,EC,MBC
12398,178.5,32610,2653,CS,BC
12399,178.5,32612,1324,EE,OC
12400,178.5,32613,1306,AD,BC
12401,178.5,32614,1409,BT,OC
12402,178.5,32615,1231,CB,OC
12403,178.5,32617,1310,AD,OC
12404,178.5,32618,4971,CS,BC
12405,178.5,32620,3819,AD,MBC
12406,178.5,32624,2734,EC,OC
12407,178.5,32625,1219,ME,MBC
12408,178.5,32626,2764,BM,SC
12409,178.5,32627,1149,EC,OC
12410,178.5,32628,5921,EC,OC
12411,178.5,32630,1432,AD,BCM
12412,178.5,32632,2722,EC,BCM
12413,178.5,32633,4962,EC,MBC
12414,178.5,32634,2719,RM,BC
12415,178.5,32637,2727,IT,BC
12416,178.5,32638,1210,CS,SC
12417,178.5,32639,1216,AD,BC
12418,178.5,32640,2719,CE,OC
12419,178.5,32642,2624,BM,OC
12420,178.5,32644,2710,EC,BC
12421,178.5,32645,2751,CS,MBC
12422,178.5,32646,1149,AD,MBC
12423,178.5,32648,1216,AD,BC
12424,178.5,32651,1399,EC,SC
12425,178.5,32652,2607,IT,OC
12426,178.5,32655,5910,EC,OC
12427,178.5,32657,2710,EC,BC
12428,178.5,32658,2610,CS,OC
12429,178.5,32659,3011,PH,MBC
12430,178.5,32660,5910,IT,BC
12431,178.5,32662,3819,IT,BC
12432,178.5,32665,4960,CS,MBC
12433,178.5,32666,3819,EC,OC
12434,178.5,32667,3701,CS,OC
12435,178.5,32668,1122,IT,OC
12436,178.5,32669,5910,IT,BC
12437,178.5,32671,3805,IT,OC
12438,178.5,32672,1237,EC,OC
12439,178.5,32673,2618,EC,BC
12440,178.5,32674,1306,CS,MBC
12441,178.5,32676,5865,EC,OC
12442,178.5,32677,3852,CS,OC
12443,178.5,32678,2715,BM,OC
12444,178.5,32681,1149,IT,MBC
12445,178.5,32683,1520,EC,OC
12446,178.5,32685,2007,CH,SC
12447,178.5,32686,1317,EE,BC
12448,178.5,32687,5010,EC,BC
12449,178.5,32688,2329,XS,OC
12450,178.5,32689,4933,EC,OC
12451,178.5,32690,5022,EC,OC
12452,178.5,32691,2726,IT,OC
12453,178.5,32692,4960,CS,SC
12454,178.5,32693,2653,CS,BC
12455,178.5,32694,5910,EC,OC
12456,178.5,32697,2702,FD,BC
12457,178.5,32699,5986,EC,MBC
12458,178.5,32700,2706,EE,OC
12459,178.5,32701,1324,EE,OC
12460,178.5,32703,4955,AD,OC
12461,178.5,32704,2620,CS,OC
12462,178.5,32705,4974,ME,OC
12463,178.5,32706,2005,PR,SC
12464,178.5,32707,4955,IT,OC
12465,178.5,32708,1306,BT,MBC
12466,178.5,32709,2708,CS,OC
12467,178.5,32710,2704,IT,SC
12468,178.5,32712,1317,EE,BC
12469,178.5,32713,2622,EC,BC
12470,178.5,32714,2628,CS,OC
12471,178.5,32715,1432,AD,MBC
12472,178.4,32718,1118,BM,BC
12473,178.4,32723,1128,EC,BC
12474,178.4,32724,2611,AG,OC
12475,178.4,32726,1149,EC,BC
12476,178.4,32727,5017,EC,OC
12477,178.4,32728,2726,BM,OC
12478,178.4,32730,2369,EE,OC
12479,178.4,32731,4981,IT,OC
12480,178.4,32734,2719,EE,MBC
12481,178.4,32735,2702,ME,OC
12482,178.4,32737,2702,EC,MBC
12483,178.4,32739,1210,AD,SC
12484,178.4,32740,1113,EE,BCM
12485,178.4,32741,1324,CS,MBC
12486,178.4,32742,5901,ME,BC
12487,178.4,32744,4678,EE,OC
12488,178.4,32746,1311,AE,OC
12489,178.4,32747,1419,CJ,MBC
12490,178.4,32749,2651,EC,OC
12491,178.4,32750,2329,IT,OC
12492,178.4,32751,1216,AG,OC
12493,178.4,32753,2708,CS,OC
12494,178.4,32755,2706,CS,BCM
12495,178.4,32757,2615,CE,MBC
12496,178.4,32758,5986,EE,MBC
12497,178.4,32759,2608,IT,BC
12498,178.4,32760,4020,EC,BC
12499,178.4,32763,4670,EC,OC
12500,178.4,32764,2357,AG,OC
12501,178.4,32765,4946,CS,OC
12502,178.4,32766,5904,IT,OC
12503,178.4,32767,1207,BM,OC
12504,178.4,32768,2734,CS,BC
12505,178.4,32769,2722,IC,OC
12506,178.4,32772,2740,CS,OC
12507,178.4,32774,1231,EC,OC
12508,178.4,32777,2369,EC,BC
12509,178.4,32779,2702,CS,SC
12510,178.4,32782,2725,CS,BC
12511,178.4,32783,2711,EC,MBC
12512,178.4,32784,3465,CE,OC
12513,178.4,32786,2710,TS,BC
12514,178.4,32788,2723,EC,OC
12515,178.4,32790,2702,MC,BC
12516,178.4,32791,5910,IT,BCM
12517,178.4,32794,2727,IT,BC
12518,178.4,32795,2722,EE,MBC
12519,178.4,32796,2711,ME,OC
12520,178.4,32797,1504,CS,OC
12521,178.4,32798,2711,ME,OC
12522,178.4,32799,1414,IT,OC
12523,178.4,32800,5,EC,OC
12524,178.4,32802,2727,FD,OC
12525,178.4,32803,5009,EC,OC
12526,178.4,32804,5009,EE,OC
12527,178.4,32805,4020,EC,BC
12528,178.4,32806,2610,BT,OC
12529,178.4,32808,1307,BM,OC
12530,178.4,32809,4953,CS,OC
12531,178.4,32814,2618,AD,MBC
12532,178.4,32817,1210,EC,BCM
12533,178.4,32818,5901,ME,BC
12534,178.4,32820,4974,CS,SCA
12535,178.4,32823,2727,IT,BC
12536,178.4,32824,4974,CE,BC
12537,178.4,32825,1118,EC,OC
12538,178.4,32826,2727,IT,BC
12539,178.4,32827,2611,IT,OC
12540,178.4,32828,2622,IT,OC
12541,178.4,32829,4965,CS,OC
12542,178.4,32830,2005,PR,SC
12543,178.4,32831,1450,ME,BC
12544,178.4,32832,2708,CS,OC
12545,178.4,32834,2704,CS,BC
12546,178.4,32835,2618,IT,MBC
12547,178.4,32838,2709,ME,OC
12548,178.4,32839,1216,AL,MBC
12549,178.4,32841,1419,AD,MBC
12550,178.4,32842,1432,AD,MBC
12551,178.4,32843,1309,EC,BC
12552,178.4,32845,2710,EC,BC
12553,178.4,32846,1309,EC,BC
12554,178.4,32847,2729,AE,OC
12555,178.4,32848,3819,IT,BC
12556,178.4,32849,1216,AL,BC
12557,178.4,32850,1112,EC,MBC
12558,178.4,32851,1306,IT,BC
12559,178.4,32852,1216,AL,BC
12560,178.4,32853,1419,EI,MBC
12561,178.4,32854,2739,ME,OC
12562,178.4,32855,3826,CS,BC
12563,178.4,32856,1219,ME,MBC
12564,178.4,32857,5910,CS,MBC
12565,178.4,32859,1317,EI,OC
12566,178.4,32860,2610,BM,OC
12567,178.4,32861,2702,BM,MBC
12568,178.4,32863,1211,ME,BC
12569,178.4,32864,2706,CS,MBC
12570,178.4,32865,5530,EC,OC
12571,178.4,32866,1422,EC,BC
12572,178.4,32867,2,LE,SC
12573,178.4,32868,1149,EC,BC
12574,178.4,32869,2745,CS,OC
12575,178.4,32870,1120,EC,BC
12576,178.4,32871,2710,AD,MBC
12577,178.4,32872,5919,CH,OC
12578,178.4,32874,2727,IT,BC
12579,178.4,32875,1026,EC,BC
12580,178.4,32877,2607,CS,OC
12581,178.4,32878,1113,ME,BC
12582,178.4,32879,2712,EE,SC
12583,178.4,32880,2711,EI,BC
12584,178.4,32881,4955,IT,OC
12585,178.4,32882,5901,CE,MBC
12586,178.4,32883,2726,AG,OC
12587,178.4,32885,1120,EC,BC
12588,178.4,32887,2653,CS,BC
12589,178.4,32888,2357,AG,OC
12590,178.4,32890,2739,CS,MBC
12591,178.4,32891,2651,CS,OC
12592,178.4,32893,4955,CS,BCM
12593,178.4,32894,1149,AD,MBC
12594,178.4,32895,2711,MZ,OC
12595,178.4,32896,3011,EC,MBC
12596,178.4,32897,1306,IT,MBC
12597,178.4,32898,2764,CE,OC
12598,178.4,32899,2345,AD,OC
12599,178.4,32901,1422,EE,OC
12600,178.4,32903,2722,EC,MBC
12601,178.4,32904,1307,CS,OC
12602,178.4,32905,3011,PH,BC
12603,178.4,32906,2727,EC,OC
12604,178.4,32909,2702,ME,OC
12605,178.4,32910,1113,CS,SCA
12606,178.4,32911,1409,CS,OC
12607,178.4,32913,1118,EC,OC
12608,178.4,32914,2734,CS,BC
12609,178.4,32916,5,CS,MBC
12610,178.4,32917,5010,EC,MBC
12611,178.4,32920,2735,AD,BC
12612,178.4,32921,2725,CS,MBC
12613,178.4,32922,1306,IT,BC
12614,178.4,32923,3021,CS,OC
12615,178.4,32924,2653,CS,BC
12616,178.4,32925,1419,CE,OC
12617,178.4,32926,4944,CS,OC
12618,178.4,32928,1210,CS,MBC
12619,178.4,32929,1419,CS,SC
12620,178.4,32930,2601,EC,OC
12621,178.4,32931,2618,AD,SC
12622,178.4,32932,3018,CS,OC
12623,178.4,32934,2642,CS,OC
12624,178.4,32935,2711,ME,OC
12625,178.4,32937,1211,ME,BC
12626,178.4,32938,1140,IT,OC
12627,178.4,32939,4974,CE,BC
12628,178.4,32941,1317,EE,BC
12629,178.4,32942,2618,IT,MBC
12630,178.4,32943,1422,EC,BC
12631,178.4,32944,2,CR,SC
12632,178.4,32945,4962,EE,BC
12633,178.4,32946,2706,EI,OC
12634,178.4,32948,2727,EC,OC
12635,178.4,32949,4680,EC,OC
12636,178.4,32950,2607,CS,OC
12637,178.4,32951,1137,CS,OC
12638,178.4,32952,1,XC,SC
12639,178.4,32954,2726,CS,MBC
12640,178.4,32955,5008,CN,SC
12641,178.4,32956,1432,CS,MBC
12642,178.4,32957,2723,EC,OC
12643,178.4,32958,2704,IT,SC
12644,178.4,32959,2622,IT,OC
12645,178.4,32960,3701,CS,OC
12646,178.4,32962,2608,IT,BC
12647,178.4,32963,2704,CS,BC
12648,178.4,32964,2710,EC,BC
12649,178.4,32966,1307,CS,OC
12650,178.4,32967,2702,AG,BC
12651,178.4,32968,2369,EC,MBC
12652,178.4,32969,3011,EC,MBC
12653,178.4,32972,2653,EC,OC
12654,178.4,32973,5907,CS,OC
12655,178.4,32974,1513,CS,OC
12656,178.4,32975,2369,EE,OC
12657,178.4,32976,1210,CS,MBC
12658,178.4,32977,2345,AG,OC
12659,178.3,32978,2711,EE,MBC
12660,178.3,32979,1120,EC,BC
12661,178.3,32980,2711,EC,MBC
12662,178.3,32983,2735,AD,BC
12663,178.3,32985,4960,ME,OC
12664,178.3,32986,2711,ME,OC
12665,178.3,32987,1216,ME,OC
12666,178.3,32988,1231,AD,OC
12667,178.3,32989,2722,IC,OC
12668,178.3,32990,5910,CS,MBC
12669,178.3,32991,1405,EC,OC
12670,178.3,32992,3011,PH,BC
12671,178.3,32994,2712,BT,SC
12672,178.3,32995,1231,AD,OC
12673,178.3,32997,5910,IT,BCM
12674,178.3,32998,1149,EC,BC
12675,178.3,33000,2711,MZ,OC
12676,178.3,33001,3465,CS,SC
12677,178.3,33003,2718,CE,BC
12678,178.3,33004,1422,EC,BC
12679,178.3,33013,3805,FD,OC
12680,178.3,33014,5009,EC,BC
12681,178.3,33016,2620,CS,OC
12682,178.3,33017,1216,EC,OC
12683,178.3,33018,2709,ME,OC
12684,178.3,33019,2735,IT,MBC
12685,178.3,33021,1306,AD,BC
12686,178.3,33022,2607,AD,OC
12687,178.3,33023,5904,CS,BC
12688,178.3,33024,1311,AO,BC
12689,178.3,33026,4965,CS,OC
12690,178.3,33029,1422,EC,BC
12691,178.3,33030,1116,EC,OC
12692,178.3,33035,2369,EC,BC
12693,178.3,33037,5009,EC,BC
12694,178.3,33039,4971,CS,BC
12695,178.3,33040,2708,IT,OC
12696,178.3,33041,2608,IT,BC
12697,178.3,33042,2727,IT,BC
12698,178.3,33043,4678,EC,OC
12699,178.3,33044,1217,EC,OC
12700,178.3,33045,3908,CS,OC
12701,178.3,33046,2708,EC,OC
12702,178.3,33047,1128,ME,OC
12703,178.3,33048,1122,BT,BC
12704,178.3,33050,2610,AD,OC
12705,178.3,33051,3908,CS,OC
12706,178.3,33052,5910,EC,OC
12707,178.3,33053,1211,EC,ST
12708,178.3,33054,2736,IT,BC
12709,178.3,33055,2709,ME,OC
12710,178.3,33056,2751,CS,MBC
12711,178.3,33058,1014,CS,OC
12712,178.3,33061,2710,TS,BC
12713,178.3,33062,1233,AD,OC
12714,178.3,33064,1432,ME,OC
12715,178.3,33066,4933,CS,OC
12716,178.3,33069,2711,EC,MBC
12717,178.3,33070,1216,EC,OC
12718,178.3,33072,3465,EE,BC
12719,178.3,33073,1237,AD,OC
12720,178.3,33076,3011,EC,SC
12721,178.3,33077,2005,PR,SC
12722,178.3,33078,1210,AD,MBC
12723,178.3,33080,1211,ME,BC
12724,178.3,33082,3803,IT,OC
12725,178.3,33083,1402,CS,OC
12726,178.3,33085,2726,CS,BC
12727,178.3,33087,4933,EC,OC
12728,178.3,33088,1304,EI,BC
12729,178.3,33089,2719,EC,MBC
12730,178.3,33090,2734,EC,OC
12731,178.3,33091,2764,ME,OC
12732,178.3,33092,2608,AL,OC
12733,178.3,33094,2702,CT,MBC
12734,178.3,33096,2704,CE,OC
12735,178.3,33097,2712,EE,SC
12736,178.3,33098,2711,AL,MBC
12737,178.3,33099,1231,EC,OC
12738,178.3,33100,1128,EC,BC
12739,178.3,33101,3803,IT,OC
12740,178.3,33102,1317,EE,BC
12741,178.3,33104,2711,ME,OC
12742,178.3,33105,2702,AG,BC
12743,178.3,33106,1210,EE,OC
12744,178.3,33108,1211,ME,BC
12745,178.3,33109,2608,CB,OC
12746,178.3,33111,1101,IT,OC
12747,178.3,33112,1516,EC,MBC
12748,178.3,33113,4917,CS,OC
12749,178.3,33114,5910,IT,MBC
12750,178.3,33115,2661,EC,OC
12751,178.3,33116,4974,CE,BC
12752,178.3,33117,4944,CS,OC
12753,178.3,33123,1316,CS,OC
12754,178.3,33124,1015,CS,OC
12755,178.3,33129,1504,EC,OC
12756,178.3,33131,2764,EC,MBC
12757,178.3,33132,2369,CE,OC
12758,178.3,33133,2651,FT,OC
12759,178.3,33135,2726,CS,BC
12760,178.3,33136,1307,CS,OC
12761,178.3,33137,4949,CS,OC
12762,178.3,33139,5022,EE,OC
12763,178.3,33140,1216,EC,OC
12764,178.3,33142,1216,EC,OC
12765,178.3,33143,2618,EC,MBC
12766,178.3,33144,2704,CS,BC
12767,178.3,33146,2723,CS,BC
12768,178.3,33147,1306,CS,MBC
12769,178.3,33148,2656,CS,OC
12770,178.3,33150,1231,AD,OC
12771,178.3,33151,2702,AU,OC
12772,178.3,33153,2025,ME,BC
12773,178.3,33154,2727,EC,OC
12774,178.3,33155,4864,CS,OC
12775,178.3,33158,2314,CS,OC
12776,178.3,33159,2739,IT,MBC
12777,178.3,33161,3021,EE,OC
12778,178.3,33162,1128,EC,BC
12779,178.3,33164,2608,IT,BC
12780,178.3,33166,2632,CS,OC
12781,178.3,33167,1225,CS,OC
12782,178.3,33168,1422,EC,BC
12783,178.2,33169,2726,IT,OC
12784,178.2,33170,5901,EE,SC
12785,178.2,33173,5010,CS,SC
12786,178.2,33174,1140,IT,OC
12787,178.2,33175,5022,CS,OC
12788,178.2,33176,5910,IT,BC
12789,178.2,33177,1324,IT,BCM
12790,178.2,33179,2622,AD,OC
12791,178.2,33180,1210,CB,MBC
12792,178.2,33181,2702,EC,BCM
12793,178.2,33183,2702,ME,OC
12794,178.2,33184,2710,EC,BC
12795,178.2,33185,2608,EC,OC
12796,178.2,33188,1413,AD,OC
12797,178.2,33189,1149,EC,BC
12798,178.2,33190,2734,CS,BC
12799,178.2,33191,1216,CS,BCM
12800,178.2,33192,2726,CS,BC
12801,178.2,33194,2646,CS,OC
12802,178.2,33195,2718,MZ,BCM
12803,178.2,33196,5009,CS,MBC
12804,178.2,33198,2711,ME,OC
12805,178.2,33201,2708,CS,OC
12806,178.2,33202,1306,AD,BC
12807,178.2,33205,2734,AD,OC
12808,178.2,33206,3803,IT,OC
12809,178.2,33208,1324,EE,OC
12810,178.2,33209,1419,EI,BC
12811,178.2,33211,1605,CS,OC
12812,178.2,33212,1306,CS,MBC
12813,178.2,33213,4020,EC,BC
12814,178.2,33214,2607,FD,OC
12815,178.2,33216,3454,BM,OC
12816,178.2,33217,1122,IT,BC
12817,178.2,33220,4917,CS,OC
12818,178.2,33221,1120,CS,MBC
12819,178.2,33222,1311,EC,OC
12820,178.2,33223,1211,FD,MBC
12821,178.2,33224,4917,CS,OC
12822,178.2,33225,4023,ME,OC
12823,178.2,33227,2719,EI,BC
12824,178.2,33228,1231,CB,BC
12825,178.2,33229,2711,ME,OC
12826,178.2,33230,2653,EC,OC
12827,178.2,33231,1113,ME,BC
12828,178.2,33233,2710,EE,OC
12829,178.2,33234,2718,CE,BC
12830,178.2,33236,1216,EC,OC
12831,178.2,33237,1231,AD,BC
12832,178.2,33238,1216,CS,MBC
12833,178.2,33239,2736,BM,OC
12834,178.2,33243,3011,EE,OC
12835,178.2,33244,1307,BM,OC
12836,178.2,33248,4023,CS,BC
12837,178.2,33249,4954,EC,OC
12838,178.2,33250,3011,PH,BC
12839,178.2,33251,3815,IT,OC
12840,178.2,33253,2719,BM,BCM
12841,178.2,33254,2007,CN,SC
12842,178.2,33256,3465,EC,MBC
12843,178.2,33257,2025,ME,SC
12844,178.2,33258,3701,CS,OC
12845,178.2,33260,2727,CS,MBC
12846,178.2,33261,1113,CB,MBC
12847,178.2,33262,1324,EC,MBC
12848,178.2,33266,2702,EC,MBC
12849,178.2,33267,2603,ME,OC
12850,178.2,33269,4974,ME,OC
12851,178.2,33270,5910,IT,BCM
12852,178.2,33271,1504,IT,OC
12853,178.2,33272,2740,IT,OC
12854,178.2,33273,2607,BT,BC
12855,178.2,33274,1120,EI,OC
12856,178.2,33275,2723,IT,OC
12857,178.2,33276,3465,EC,MBC
12858,178.2,33277,1211,CD,SC
12859,178.2,33278,5904,IT,OC
12860,178.2,33279,1324,CS,MBC
12861,178.2,33280,2718,CE,MBC
12862,178.2,33281,2711,EI,BC
12863,178.2,33282,1310,CS,OC
12864,178.2,33283,1210,AD,MBC
12865,178.2,33285,2710,CS,MBC
12866,178.2,33286,1317,EC,MBC
12867,178.2,33287,1128,EC,BC
12868,178.2,33289,1231,EC,OC
12869,178.2,33291,1301,CS,OC
12870,178.2,33292,1122,IT,BC
12871,178.2,33293,1419,EE,MBC
12872,178.2,33293,3701,CS,OC
12873,178.2,33294,5910,EC,OC
12874,178.2,33299,2711,CE,OC
12875,178.2,33300,3011,EE,OC
12876,178.2,33302,3701,CS,OC
12877,178.2,33303,2715,ME,OC
12878,178.2,33305,3464,EC,BC
12879,178.2,33306,2707,EC,OC
12880,178.2,33307,2719,EC,MBC
12881,178.2,33308,1026,EC,BC
12882,178.2,33311,2725,EE,OC
12883,178.2,33313,1401,CS,OC
12884,178.2,33315,1231,AD,MBC
12885,178.2,33317,2735,CS,BC
12886,178.2,33319,1420,EC,OC
12887,178.2,33322,2603,ME,OC
12888,178.2,33323,4993,CS,OC
12889,178.2,33327,4960,BM,BC
12890,178.2,33328,2006,PS,MBC
12891,178.2,33329,3830,AL,OC
12892,178.2,33331,3830,IT,OC
12893,178.2,33333,4974,ME,OC
12894,178.2,33335,1219,EC,SC
12895,178.2,33336,3805,PH,OC
12896,178.2,33338,1231,EC,OC
12897,178.2,33339,1216,EC,OC
12898,178.2,33340,1413,CS,OC
12899,178.2,33343,1219,EE,SC
12900,178.2,33344,3011,EC,MBC
12901,178.2,33346,3425,CS,OC
12902,178.2,33349,1219,CH,BC
12903,178.2,33350,2656,CS,OC
12904,178.2,33351,2006,PS,MBC
12905,178.2,33352,4957,IT,OC
12906,178.2,33354,2741,CS,BC
12907,178.2,33355,1509,CS,OC
12908,178.2,33356,1120,EC,MBC
12909,178.2,33358,3841,EC,OC
12910,178.2,33359,2710,EC,BC
12911,178.2,33362,5,EC,OC
12912,178.2,33363,3820,CE,OC
12913,178.2,33366,2708,AG,OC
12914,178.2,33367,1414,CS,OC
12915,178.2,33368,3843,EE,OC
12916,178.2,33369,1306,AD,BC
12917,178.2,33370,2710,EE,OC
12918,178.2,33371,2769,BC,OC
12919,178.2,33372,1504,CS,OC
12920,178.2,33373,2618,EC,MBC
12921,178.2,33374,4967,EE,OC
12922,178.2,33375,4023,CS,BC
12923,178.2,33376,2712,TX,BC
12924,178.2,33379,1101,CS,OC
12925,178.2,33380,2711,EC,MBC
12926,178.2,33382,2711,FD,BC
12927,178.2,33383,2753,AG,OC
12928,178.2,33384,5910,EC,OC
12929,178.2,33386,2709,ME,BC
12930,178.2,33389,5986,EE,BCM
12931,178.2,33391,2740,CS,OC
12932,178.2,33392,2369,ME,OC
12933,178.2,33393,2739,CB,BCM
12934,178.2,33395,4020,EC,BC
12935,178.2,33396,1315,ME,SCA
12936,178.2,33397,2715,AD,OC
12937,178.2,33398,1509,CS,OC
12938,178.2,33399,1128,AD,BCM
12939,178.2,33400,1422,EC,MBC
12940,178.2,33401,2360,CS,OC
12941,178.2,33403,2736,AD,OC
12942,178.2,33405,2723,CE,OC
12943,178.2,33406,1306,AD,BC
12944,178.2,33407,1419,AD,MBC
12945,178.2,33408,4960,ME,OC
12946,178.2,33409,2719,EI,BC
12947,178.2,33410,4974,ME,OC
12948,178.2,33412,2711,EC,BCM
12949,178.2,33415,4944,CS,OC
12950,178.2,33416,3801,EC,OC
12951,178.2,33417,3021,CE,OC
12952,178.2,33419,2704,MZ,OC
12953,178.2,33420,2727,AD,BC
12954,178.2,33424,1309,EC,MBC
12955,178.2,33425,1401,CS,OC
12956,178.2,33426,3011,EE,OC
12957,178.2,33428,2711,MZ,OC
12958,178.2,33429,1128,CS,MBC
12959,178.2,33431,3826,CS,MBC
12960,178.2,33432,2608,IT,BC
12961,178.2,33433,5010,EC,BC
12962,178.2,33434,2723,BM,OC
12963,178.1,33435,2711,ME,OC
12964,178.1,33436,2723,EC,OC
12965,178.1,33438,3805,IT,OC
12966,178.1,33439,2615,CE,BCM
12967,178.1,33441,3795,CS,BC
12968,178.1,33442,2622,CS,BC
12969,178.1,33445,1307,IT,OC
12970,178.1,33446,2613,IT,OC
12971,178.1,33447,2620,BT,OC
12972,178.1,33448,1110,CS,OC
12973,178.1,33449,2727,EC,OC
12974,178.1,33450,1114,IT,OC
12975,178.1,33451,5,AM,BC
12976,178.1,33452,5,CS,BC
12977,178.1,33454,2712,FT,BC
12978,178.1,33455,1324,EE,BC
12979,178.1,33456,2622,BM,OC
12980,178.1,33459,2608,CB,OC
12981,178.1,33460,2718,CE,BC
12982,178.1,33461,1409,BT,OC
12983,178.1,33462,5942,CS,OC
12984,178.1,33463,3018,CS,OC
12985,178.1,33464,5986,CE,OC
12986,178.1,33465,4678,EC,OC
12987,178.1,33467,5910,AD,BC
12988,178.1,33468,3830,IT,OC
12989,178.1,33470,1219,EC,SC
12990,178.1,33471,3803,CS,BC
12991,178.1,33472,2718,CE,BC
12992,178.1,33473,3018,CS,OC
12993,178.1,33474,1237,AD,OC
12994,178.1,33475,5901,ME,BC
12995,178.1,33476,3803,CS,BC
12996,178.1,33477,3806,IT,OC
12997,178.1,33478,2741,EC,OC
12998,178.1,33479,3465,EE,SC
12999,178.1,33480,2710,EC,BC
13000,178.1,33481,2702,BT,BCM
13001,178.1,33482,2727,IT,BC
13002,178.1,33485,2708,FD,OC
13003,178.1,33490,1216,IT,MBC
13004,178.1,33491,2725,CS,MBC
13005,178.1,33492,2608,IT,BC
13006,178.1,33494,5022,ME,OC
13007,178.1,33495,2736,BM,OC
13008,178.1,33496,3011,CE,OC
13009,178.1,33497,1140,CS,BC
13010,178.1,33498,2736,IT,BC
13011,178.1,33500,1422,EC,BC
13012,178.1,33503,2722,ME,OC
13013,178.1,33504,2710,CD,OC
13014,178.1,33505,2711,CD,MBC
13015,178.1,33506,1306,AD,BC
13016,178.1,33509,3464,EC,MBC
13017,178.1,33510,2615,EC,SCA
13018,178.1,33511,2726,MZ,OC
13019,178.1,33512,2764,EE,OC
13020,178.1,33513,1304,EE,MBC
13021,178.1,33516,2343,HT,BC
13022,178.1,33518,1211,IT,SC
13023,178.1,33520,1231,AD,BC
13024,178.1,33521,2608,IT,MBC
13025,178.1,33522,2601,BT,OC
13026,178.1,33523,5022,CS,OC
13027,178.1,33527,2725,CS,BC
13028,178.1,33528,4678,AD,BC
13029,178.1,33529,1413,CS,OC
13030,178.1,33531,4972,CS,OC
13031,178.1,33533,4960,BM,MBC
13032,178.1,33534,1432,AD,BCM
13033,178.1,33535,5008,MG,SC
13034,178.1,33536,1317,EE,BC
13035,178.1,33537,5901,ME,BCM
13036,178.1,33538,1140,AD,OC
13037,178.1,33539,2369,EC,MBC
13038,178.1,33541,1430,ME,OC
13039,178.1,33543,2711,EI,BC
13040,178.1,33544,2702,MC,BC
13041,178.1,33545,3011,EC,BC
13042,178.1,33546,1216,BM,MBC
13043,178.1,33548,1419,ME,OC
13044,178.1,33550,3819,EE,OC
13045,178.1,33551,4678,AD,BC
13046,178.1,33552,2708,CS,BC
13047,178.1,33553,5904,EC,OC
13048,178.1,33555,2607,AD,OC
13049,178.1,33557,1013,IT,BC
13050,178.1,33558,2620,CS,OC
13051,178.1,33559,2328,EC,OC
13052,178.1,33564,4020,EC,BC
13053,178.1,33565,2639,EC,OC
13054,178.1,33566,2727,AD,BC
13055,178.1,33569,1231,CB,BC
13056,178.1,33571,2711,EE,MBC
13057,178.1,33572,3830,IT,OC
13058,178.1,33574,2710,SC,MBC
13059,178.1,33575,2751,CS,MBC
13060,178.1,33577,2709,CE,MBC
13061,178.1,33578,1014,CS,OC
13062,178.1,33579,2719,AD,MBC
13063,178.1,33580,2723,IT,BC
13064,178.1,33582,2708,IT,OC
13065,178.1,33583,2618,EC,BC
13066,178.1,33584,5502,CS,OC
13067,178.1,33587,1140,EC,OC
13068,178.1,33588,2302,AG,OC
13069,178.1,33590,5910,EC,OC
13070,178.1,33592,2718,CE,BC
13071,178.1,33593,2745,CS,OC
13072,178.1,33594,1231,EC,OC
13073,178.1,33598,3701,AD,OC
13074,178.1,33599,1219,CH,MBC
13075,178.1,33601,2618,IT,MBC
13076,178.1,33602,2711,MZ,OC
13077,178.1,33603,1310,CS,OC
13078,178.1,33604,1118,CB,OC
13079,178.1,33606,2715,AG,OC
13080,178.1,33607,1317,EE,BCM
13081,178.1,33610,2712,AE,SC
13082,178.1,33611,1118,IT,BC
13083,178.1,33612,4974,ME,OC
13084,178.1,33613,4962,EE,BC
13085,178.1,33614,1216,AL,BC
13086,178.1,33615,1237,CS,BC
13087,178.1,33619,2653,CS,BC
13088,178.1,33620,2736,IT,BC
13089,178.1,33621,2710,IT,MBC
13090,178.1,33622,1419,EI,BC
13091,178.1,33624,4974,ME,OC
13092,178.1,33625,2651,EE,OC
13093,178.1,33628,3819,EC,OC
13094,178.1,33630,1113,ME,BCM
13095,178.1,33631,2702,ME,OC
13096,178.1,33633,2706,EE,OC
13097,178.1,33634,4023,CS,MBC
13098,178.1,33635,1210,CS,SC
13099,178.1,33636,4965,CS,OC
13100,178.1,33637,2702,AL,MBC
13101,178.1,33639,1216,AD,MBC
13102,178.1,33642,5901,ME,BC
13103,178.1,33643,2735,IT,SC
13104,178.1,33644,4917,BM,OC
13105,178.1,33646,1211,ME,BC
13106,178.1,33647,2656,AD,BC
13107,178.1,33648,4959,CS,BC
13108,178.1,33649,2710,EC,BC
13109,178.1,33650,2608,EC,OC
13110,178.1,33652,1210,EE,OC
13111,178.1,33654,2369,CS,BCM
13112,178.1,33658,5901,EE,SC
13113,178.1,33659,2751,AD,OC
13114,178.1,33660,2634,FD,OC
13115,178.1,33661,2007,CL,SC
13116,178.1,33662,2708,CS,BCM
13117,178.1,33664,2653,IT,OC
13118,178.1,33665,5022,CS,OC
13119,178.1,33666,2751,CS,MBC
13120,178.1,33670,5910,BM,OC
13121,178.1,33672,2601,CS,OC
13122,178.1,33673,2601,EC,OC
13123,178.0,33674,1231,EC,OC
13124,178.0,33675,2347,EE,OC
13125,178.0,33676,3760,AD,OC
13126,178.0,33677,2711,MZ,OC
13127,178.0,33678,5901,CE,SC
13128,178.0,33679,2615,ME,SC
13129,178.0,33684,3011,EE,OC
13130,178.0,33686,3815,BT,OC
13131,178.0,33687,1101,IT,OC
13132,178.0,33688,2725,EC,OC
13133,178.0,33689,2622,BT,OC
13134,178.0,33690,2722,IC,OC
13135,178.0,33691,1311,CS,MBC
13136,178.0,33692,3819,IT,BC
13137,178.0,33693,1219,CH,BC
13138,178.0,33694,2734,AD,OC
13139,178.0,33695,3701,CS,OC
13140,178.0,33697,1231,CB,BC
13141,178.0,33698,2603,ME,OC
13142,178.0,33699,2734,CS,BC
13143,178.0,33700,2711,EI,BC
13144,178.0,33701,2715,CS,OC
13145,178.0,33704,3011,EE,OC
13146,178.0,33705,1118,CB,MBC
13147,178.0,33706,4024,EC,OC
13148,178.0,33708,2603,ME,OC
13149,178.0,33709,2710,TS,BC
13150,178.0,33710,5,EC,OC
13151,178.0,33711,1219,CH,MBC
13152,178.0,33712,2712,FT,MBC
13153,178.0,33714,2723,EC,OC
13154,178.0,33715,2719,ME,OC
13155,178.0,33716,1216,AL,BC
13156,178.0,33717,5901,EE,SC
13157,178.0,33719,1,XC,SC
13158,178.0,33723,1231,AD,BC
13159,178.0,33724,5901,CE,SC
13160,178.0,33726,3465,EE,BC
13161,178.0,33728,2735,CS,BC
13162,178.0,33729,2740,EC,OC
13163,178.0,33730,2603,ME,OC
13164,178.0,33731,3801,IT,OC
13165,178.0,33732,2722,ME,OC
13166,178.0,33733,2369,EE,OC
13167,178.0,33734,4023,EC,BC
13168,178.0,33736,2611,CS,OC
13169,178.0,33737,3011,EC,SC
13170,178.0,33738,2751,AD,OC
13171,178.0,33740,2727,AD,BC
13172,178.0,33741,4971,EE,OC
13173,178.0,33744,5910,AD,BC
13174,178.0,33745,1237,CS,BC
13175,178.0,33749,3819,AD,BC
13176,178.0,33750,2707,CH,OC
13177,178.0,33751,2750,AG,OC
13178,178.0,33752,1120,EC,BC
13179,178.0,33753,2723,EC,OC
13180,178.0,33754,2643,CS,OC
13181,178.0,33756,4974,ME,OC
13182,178.0,33757,2722,CS,SC
13183,178.0,33758,2709,ME,MBC
13184,178.0,33759,4959,IT,OC
13185,178.0,33761,1419,AD,MBC
13186,178.0,33762,2707,IT,OC
13187,178.0,33763,1231,AD,BC
13188,178.0,33765,1120,AD,MBC
13189,178.0,33766,2727,EC,OC
13190,178.0,33767,1013,CS,MBC
13191,178.0,33769,2726,CS,BC
13192,178.0,33770,1237,CS,BC
13193,178.0,33771,2661,CS,OC
13194,178.0,33772,1210,CO,MBC
13195,178.0,33774,4955,CS,BC
13196,178.0,33775,2704,CS,BC
13197,178.0,33776,2025,ME,BC
13198,178.0,33777,2710,EE,OC
13199,178.0,33779,3454,BM,OC
13200,178.0,33781,4023,IT,BC
13201,178.0,33784,2611,CY,OC
13202,178.0,33786,2726,EC,OC
13203,178.0,33792,1149,IT,BCM
13204,178.0,33794,2718,EC,SCA
13205,178.0,33802,3465,EC,BCM
13206,178.0,33803,1317,EE,BC
13207,178.0,33804,1149,IT,MBC
13208,178.0,33805,2601,BM,OC
13209,178.0,33810,2711,EC,MBC
13210,178.0,33811,1219,CE,MBC
13211,178.0,33815,2727,BT,OC
13212,178.0,33817,1317,EE,BC
13213,178.0,33819,1419,EI,BC
13214,178.0,33820,2704,CS,BC
13215,178.0,33822,1120,EC,BC
13216,178.0,33823,5901,ME,BC
13217,178.0,33825,5910,EC,OC
13218,178.0,33826,1422,EC,BC
13219,178.0,33827,2750,BT,MBC
13220,178.0,33828,2712,CE,MBC
13221,178.0,33829,1306,EC,OC
13222,178.0,33831,2726,MZ,OC
13223,178.0,33832,2712,FT,BC
13224,178.0,33844,1509,IT,OC
13225,178.0,33847,1317,EE,BC
13226,178.0,33848,2702,AU,OC
13227,178.0,33850,2750,CS,MBC
13228,178.0,33851,1122,BT,MBC
13229,178.0,33853,1325,IT,OC
13230,178.0,33858,3810,CE,OC
13231,178.0,33859,4917,CS,OC
13232,178.0,33860,2726,CS,BC
13233,178.0,33861,1210,EE,OC
13234,178.0,33866,4980,EC,OC
13235,178.0,33867,1113,ME,MBC
13236,178.0,33868,1317,EE,BC
13237,178.0,33869,2719,RM,BC
13238,178.0,33871,1432,CO,MBC
13239,178.0,33873,2751,IT,OC
13240,178.0,33874,5009,EC,BC
13241,178.0,33875,2734,IT,OC
13242,178.0,33877,2711,EI,BC
13243,178.0,33878,3819,CB,OC
13244,178.0,33887,2005,PR,SC
13245,178.0,33889,1122,BT,MBC
13246,178.0,33890,1216,AL,BCM
13247,178.0,33892,1026,CS,MBC
13248,178.0,33893,2702,MC,BC
13249,178.0,33897,3819,CS,MBC
13250,178.0,33898,2764,EE,OC
13251,178.0,33899,2718,CE,BCM
13252,178.0,33901,1304,EI,BC
13253,178.0,33903,1211,ME,BC
13254,178.0,33909,1422,ME,OC
13255,178.0,33910,2719,ME,OC
13256,178.0,33911,2329,IT,OC
13257,178.0,33913,1309,EE,OC
13258,178.0,33919,1149,EC,BC
13259,178.0,33922,2025,ME,BC
13260,178.0,33927,2722,ME,OC
13261,178.0,33929,3011,CE,OC
13262,178.0,33930,1431,EC,OC
13263,178.0,33932,2727,AL,OC
13264,178.0,33935,1211,EE,MBC
13265,178.0,33938,5,CS,BC
13266,178.0,33939,1216,AL,BC
13267,178.0,33948,1419,CS,SC
13268,178.0,33951,2726,CS,MBC
13269,178.0,33952,1237,CS,BC
13270,178.0,33954,3830,IT,OC
13271,178.0,33957,2718,CE,BC
13272,178.0,33959,1324,CO,MBC
13273,178.0,33960,2345,CS,OC
13274,178.0,33962,2722,IC,OC
13275,178.0,33963,2608,EC,OC
13276,178.0,33964,2314,CS,OC
13277,178.0,33965,2719,EC,MBC
13278,178.0,33966,1504,CS,OC
13279,178.0,33967,1324,EE,BC
13280,178.0,33968,5910,EC,OC
13281,178.0,33969,2343,HT,BC
13282,178.0,33974,3011,EE,OC
13283,178.0,33975,5,CS,BC
13284,178.0,33976,2007,CN,SC
13285,178.0,33977,1101,IT,OC
13286,178.0,33983,1419,AD,MBC
13287,178.0,33984,4960,EE,BCM
13288,178.0,33985,3011,EC,BC
13289,178.0,33987,1110,BT,OC
13290,178.0,33988,2006,PS,MBC
13291,178.0,33989,5901,ME,BC
13292,178.0,33990,3019,EE,OC
13293,178.0,33991,4957,CS,OC
13294,178.0,33995,5,CS,BC
13295,178.0,33996,4980,EC,OC
13296,178.0,33998,2745,CS,OC
13297,178.0,33999,1324,EC,BCM
13298,178.0,34000,2745,CS,OC
13299,178.0,34001,2704,IT,BC
13300,178.0,34004,2734,CS,BC
13301,178.0,34005,1231,AD,BC
13302,178.0,34006,2711,EI,BC
13303,178.0,34009,1516,ME,OC
13304,178.0,34010,1211,ME,BC
13305,178.0,34011,4023,CS,BC
13306,178.0,34012,2711,EI,BC
13307,178.0,34013,1216,EC,OC
13308,178.0,34015,1317,CE,OC
13309,178.0,34016,3019,EC,OC
13310,178.0,34017,1432,CB,BCM
13311,178.0,34018,1149,EC,BC
13312,178.0,34020,2607,EC,OC
13313,178.0,34021,1306,EC,OC
13314,178.0,34022,1412,CS,OC
13315,178.0,34024,1505,CS,OC
13316,178.0,34025,1419,EC,MBC
13317,178.0,34026,5,IT,BC
13318,178.0,34028,4678,EC,MBC
13319,178.0,34030,5530,CS,OC
13320,178.0,34031,4960,CE,OC
13321,178.0,34032,1304,CE,OC
13322,178.0,34033,1120,CS,MBC
13323,178.0,34034,2704,EC,OC
13324,178.0,34035,2603,ME,OC
13325,178.0,34036,5,IT,BC
13326,178.0,34037,4965,CS,OC
13327,178.0,34039,2750,BT,MBC
13328,178.0,34040,2704,IT,BC
13329,178.0,34043,3803,CS,BC
13330,178.0,34044,2735,AD,BC
13331,178.0,34045,2739,ME,OC
13332,178.0,34046,1419,ME,OC
13333,178.0,34048,1303,BT,OC
13334,178.0,34051,1303,IT,OC
13335,178.0,34052,1118,IT,BC
13336,178.0,34053,4023,EC,MBC
13337,178.0,34054,2704,IT,BC
13338,178.0,34056,1504,CS,OC
13339,178.0,34057,2702,EE,MBC
13340,178.0,34059,1216,EC,OC
13341,178.0,34060,2711,CH,OC
13342,178.0,34061,1113,EI,MBC
13343,177.9,34062,4917,AD,OC
13344,177.9,34063,2744,EC,OC
13345,177.9,34064,2725,CS,BCM
13346,177.9,34065,2736,CS,BC
13347,177.9,34067,1118,AD,BC
13348,177.9,34068,2615,ME,MBC
13349,177.9,34069,1231,AD,BC
13350,177.9,34070,4955,CS,BC
13351,177.9,34072,2734,IT,OC
13352,177.9,34073,1324,CS,MBC
13353,177.9,34074,1216,AL,BC
13354,177.9,34076,2369,EE,OC
13355,177.9,34077,5536,CS,OC
13356,177.9,34078,2611,EC,OC
13357,177.9,34079,2711,ME,OC
13358,177.9,34080,2718,AD,SC
13359,177.9,34081,1311,CS,BCM
13360,177.9,34082,2025,EC,SC
13361,177.9,34083,3011,EC,BC
13362,177.9,34084,2710,EC,BC
13363,177.9,34085,3011,EC,MBC
13364,177.9,34086,1237,CS,BC
13365,177.9,34087,1412,EE,OC
13366,177.9,34088,2721,CS,OC
13367,177.9,34089,4960,BM,BC
13368,177.9,34090,1116,CS,MBC
13369,177.9,34091,4981,EC,OC
13370,177.9,34092,2743,AD,OC
13371,177.9,34093,5,CF,OC
13372,177.9,34095,1432,EC,MBC
13373,177.9,34096,1216,EC,OC
13374,177.9,34097,2702,EE,MBC
13375,177.9,34098,2722,ME,OC
13376,177.9,34099,2620,CS,OC
13377,177.9,34100,5,CE,OC
13378,177.9,34101,2718,CE,MBC
13379,177.9,34103,1316,CS,OC
13380,177.9,34104,2343,HT,BC
13381,177.9,34105,1149,EE,OC
13382,177.9,34108,1231,EC,OC
13383,177.9,34109,1122,BT,BC
13384,177.9,34111,5,EC,OC
13385,177.9,34112,2608,EC,OC
13386,177.9,34113,1218,PH,OC
13387,177.9,34114,3830,AD,OC
13388,177.9,34118,1120,EC,BC
13389,177.9,34120,1419,EI,MBC
13390,177.9,34122,2707,IT,OC
13391,177.9,34123,1237,IT,OC
13392,177.9,34124,2006,AS,SC
13393,177.9,34125,4962,EC,MBC
13394,177.9,34126,2727,AD,BC
13395,177.9,34127,1210,EE,OC
13396,177.9,34129,2702,EE,MBC
13397,177.9,34131,1216,IT,MBC
13398,177.9,34132,1149,IT,MBC
13399,177.9,34134,2719,ME,OC
13400,177.9,34135,5901,CE,BCM
13401,177.9,34136,4020,CS,MBC
13402,177.9,34137,2702,ME,OC
13403,177.9,34138,2726,MZ,OC
13404,177.9,34140,2711,AL,MBC
13405,177.9,34141,2606,CS,OC
13406,177.9,34143,2603,CS,SC
13407,177.9,34144,2702,MC,BC
13408,177.9,34146,1324,EE,BC
13409,177.9,34147,2302,AG,OC
13410,177.9,34148,2704,CS,BC
13411,177.9,34149,4974,CS,SC
13412,177.9,34150,1231,AD,BC
13413,177.9,34153,2708,AL,OC
13414,177.9,34155,2328,IT,OC
13415,177.9,34156,5901,ME,MBC
13416,177.9,34158,2601,CS,OC
13417,177.9,34159,4974,EC,SC
13418,177.9,34161,2718,CB,SC
13419,177.9,34162,2618,EE,OC
13420,177.9,34163,2750,CB,OC
13421,177.9,34164,1237,EC,OC
13422,177.9,34166,1128,EC,BC
13423,177.9,34168,2607,CS,BC
13424,177.9,34169,2656,CS,BC
13425,177.9,34170,4020,EC,BC
13426,177.9,34171,5988,CS,OC
13427,177.9,34172,1432,EC,MBC
13428,177.9,34173,4955,IT,OC
13429,177.9,34174,1414,EC,OC
13430,177.9,34175,1122,IT,BC
13431,177.9,34177,2711,MZ,OC
13432,177.9,34178,1231,AD,BC
13433,177.9,34179,1304,IT,SCA
13434,177.9,34180,4678,EC,BC
13435,177.9,34182,1216,EC,OC
13436,177.9,34183,4974,EC,MBC
13437,177.9,34184,1501,EC,OC
13438,177.9,34186,1140,IT,OC
13439,177.9,34187,2762,EC,OC
13440,177.9,34188,2739,CS,MBC
13441,177.9,34190,1118,IT,BC
13442,177.9,34192,2006,AS,SC
13443,177.9,34194,2726,CS,BC
13444,177.9,34196,1014,CS,OC
13445,177.9,34197,3011,EE,OC
13446,177.9,34198,2727,AD,BC
13447,177.9,34202,1210,AD,SC
13448,177.9,34203,2656,CS,BCM
13449,177.9,34204,4980,CS,OC
13450,177.9,34207,2715,EC,OC
13451,177.9,34208,2712,CE,MBC
13452,177.9,34211,1422,AD,MBC
13453,177.9,34213,2708,CS,BC
13454,177.9,34215,2704,IT,BC
13455,177.9,34217,5910,CE,OC
13456,177.9,34218,2615,CE,MBC
13457,177.9,34219,4953,CS,OC
13458,177.9,34220,2706,EE,OC
13459,177.9,34221,2603,ME,OC
13460,177.9,34223,1149,EC,MBC
13461,177.9,34224,4959,IT,OC
13462,177.9,34225,1231,CB,BC
13463,177.9,34228,5910,EC,OC
13464,177.9,34232,2704,CS,BC
13465,177.9,34233,2725,EC,OC
13466,177.9,34234,1216,EC,OC
13467,177.9,34235,2711,EI,BC
13468,177.9,34236,2725,CS,BC
13469,177.9,34238,2608,EE,OC
13470,177.9,34240,2734,EE,OC
13471,177.9,34241,1216,EE,OC
13472,177.9,34242,2769,FD,OC
13473,177.9,34244,5910,EC,OC
13474,177.9,34246,2764,EE,OC
13475,177.9,34247,2719,EI,BC
13476,177.9,34249,1413,CS,OC
13477,177.9,34250,1110,CS,OC
13478,177.9,34251,2718,ME,MBC
13479,177.9,34252,2708,AL,OC
13480,177.9,34255,1210,EE,OC
13481,177.9,34256,3819,EC,MBC
13482,177.9,34257,1122,AD,BC
13483,177.9,34258,2718,MZ,MBC
13484,177.9,34259,2709,ME,BC
13485,177.9,34261,2727,BT,OC
13486,177.9,34263,1013,IT,MBC
13487,177.9,34264,2608,AD,OC
13488,177.9,34265,4955,CS,BC
13489,177.9,34267,2702,AL,MBC
13490,177.9,34268,2719,ME,OC
13491,177.9,34269,2710,EC,BC
13492,177.9,34270,5532,ME,OC
13493,177.9,34271,4962,EE,BC
13494,177.9,34272,1237,AD,OC
13495,177.9,34273,1211,MZ,BCM
13496,177.9,34274,2601,CS,OC
13497,177.9,34275,3464,EC,BC
13498,177.9,34278,2718,CE,BC
13499,177.9,34279,2709,CE,MBC
13500,177.9,34280,2741,CS,BC
13501,177.9,34282,5910,CB,BC
13502,177.9,34283,2740,CS,OC
13503,177.9,34285,2656,ME,OC
13504,177.9,34288,3819,IT,MBC
13505,177.9,34289,4962,EE,BC
13506,177.9,34290,1216,AD,MBC
13507,177.9,34291,2722,IC,OC
13508,177.9,34292,2762,AD,OC
13509,177.9,34294,2607,CS,MBC
13510,177.9,34298,1516,EE,BC
13511,177.9,34300,1306,AD,BC
13512,177.8,34301,3826,IT,OC
13513,177.8,34302,5009,EC,BC
13514,177.8,34303,4670,AG,OC
13515,177.8,34305,2636,CS,OC
13516,177.8,34306,3011,CE,OC
13517,177.8,34307,5986,EC,MBC
13518,177.8,34308,1,XC,BCM
13519,177.8,34309,2708,AL,OC
13520,177.8,34311,2732,CS,OC
13521,177.8,34316,2762,EC,OC
13522,177.8,34319,2711,MZ,OC
13523,177.8,34322,5010,CE,OC
13524,177.8,34323,2611,EC,OC
13525,177.8,34324,1026,EC,BC
13526,177.8,34328,2622,CH,OC
13527,177.8,34331,3425,EC,OC
13528,177.8,34335,2710,CD,OC
13529,177.8,34336,2711,ME,OC
13530,177.8,34337,1211,IT,SC
13531,177.8,34338,2702,FD,BC
13532,177.8,34339,1211,IT,SC
13533,177.8,34340,2711,AL,MBC
13534,177.8,34341,5910,AD,BC
13535,177.8,34342,1237,AD,OC
13536,177.8,34344,5,CF,OC
13537,177.8,34345,1422,ME,OC
13538,177.8,34346,2622,EC,MBC
13539,177.8,34347,2735,IT,BC
13540,177.8,34349,2622,CH,OC
13541,177.8,34351,2718,IT,SC
13542,177.8,34352,4864,EC,OC
13543,177.8,34353,3701,CS,OC
13544,177.8,34354,2006,MT,SCA
13545,177.8,34355,2725,EC,BC
13546,177.8,34356,3011,XC,OC
13547,177.8,34357,1324,AD,MBC
13548,177.8,34358,3826,IT,OC
13549,177.8,34359,2734,CS,BC
13550,177.8,34360,1216,EC,OC
13551,177.8,34361,2750,CS,BC
13552,177.8,34362,4864,EC,OC
13553,177.8,34363,2329,IT,OC
13554,177.8,34367,1303,AD,OC
13555,177.8,34368,1026,EE,OC
13556,177.8,34369,1207,BM,OC
13557,177.8,34370,2707,CS,OC
13558,177.8,34372,2702,SE,BCM
13559,177.8,34373,1013,IT,BC
13560,177.8,34374,2718,IT,SC
13561,177.8,34376,2710,EC,BC
13562,177.8,34378,2707,AD,OC
13563,177.8,34379,2739,CS,MBC
13564,177.8,34381,2343,HT,BC
13565,177.8,34383,1516,EC,SC
13566,177.8,34385,2729,AE,OC
13567,177.8,34387,1216,AD,MBC
13568,177.8,34388,2718,CE,MBC
13569,177.8,34389,5904,IT,OC
13570,177.8,34391,2736,CS,BC
13571,177.8,34393,2610,BM,OC
13572,177.8,34394,2764,EC,MBC
13573,177.8,34395,3805,BM,OC
13574,177.8,34396,2656,CS,BC
13575,177.8,34399,2752,CS,OC
13576,177.8,34400,5919,CH,OC
13577,177.8,34401,1216,BM,SC
13578,177.8,34402,1311,AD,OC
13579,177.8,34403,5904,EC,OC
13580,177.8,34404,1216,EE,OC
13581,177.8,34405,2710,TS,BC
13582,177.8,34407,5901,ME,BC
13583,177.8,34408,2620,CS,OC
13584,177.8,34412,2608,EC,OC
13585,177.8,34417,2749,PE,OC
13586,177.8,34419,2702,CE,OC
13587,177.8,34421,2613,CS,OC
13588,177.8,34423,1231,EC,OC
13589,177.8,34425,2727,AG,OC
13590,177.8,34427,5008,MG,SC
13591,177.8,34428,2722,EC,MBC
13592,177.8,34429,5502,CS,OC
13593,177.8,34430,5008,ME,SCA
13594,177.8,34431,2710,IT,MBC
13595,177.8,34434,2653,CS,MBC
13596,177.8,34435,1442,CS,OC
13597,177.8,34436,1501,CS,OC
13598,177.8,34437,2729,CS,OC
13599,177.8,34438,1127,CS,OC
13600,177.8,34440,5008,MF,SC
13601,177.8,34442,5901,CE,MBC
13602,177.8,34443,2369,EE,OC
13603,177.8,34444,1013,EC,OC
13604,177.8,34445,1317,EE,BC
13605,177.8,34446,2734,IT,OC
13606,177.8,34449,1317,EE,BC
13607,177.8,34450,2751,IT,OC
13608,177.8,34451,4955,EC,OC
13609,177.8,34452,4995,EC,OC
13610,177.8,34454,2710,EC,BC
13611,177.8,34455,2718,MZ,BCM
13612,177.8,34458,5008,IM,ST
13613,177.8,34460,1225,IT,OC
13614,177.8,34462,4864,EC,OC
13615,177.8,34463,3820,CS,OC
13616,177.8,34464,2710,CS,MBC
13617,177.8,34465,2610,IT,OC
13618,177.8,34466,2736,IT,BC
13619,177.8,34467,4680,CE,OC
13620,177.8,34468,3011,CS,SC
13621,177.8,34469,5910,EC,OC
13622,177.8,34470,2711,EC,BCM
13623,177.8,34471,2601,CS,OC
13624,177.8,34472,3466,EC,OC
13625,177.8,34473,2618,EC,BC
13626,177.8,34474,2719,EI,BC
13627,177.8,34477,1401,CS,OC
13628,177.8,34478,2702,CB,MBC
13629,177.8,34480,2719,ME,OC
13630,177.8,34481,4965,BM,OC
13631,177.8,34483,2712,AE,SC
13632,177.8,34484,2639,CS,OC
13633,177.8,34485,1026,EC,MBC
13634,177.8,34486,2726,AL,OC
13635,177.8,34487,2727,EC,OC
13636,177.8,34490,2709,ME,BC
13637,177.8,34492,2653,CB,OC
13638,177.8,34493,1217,AD,OC
13639,177.8,34494,1216,EC,OC
13640,177.8,34495,2328,EC,OC
13641,177.8,34497,4974,ME,OC
13642,177.8,34498,1324,CO,MBC
13643,177.8,34499,2710,EC,BC
13644,177.8,34500,2706,EE,OC
13645,177.8,34501,4965,CS,OC
13646,177.8,34502,2743,FD,OC
13647,177.8,34505,1211,BT,BCM
13648,177.8,34507,1419,CJ,MBC
13649,177.8,34513,4024,EC,OC
13650,177.8,34517,1231,CB,BC
13651,177.8,34519,4966,CS,OC
13652,177.8,34525,1216,EC,OC
13653,177.8,34527,1231,AD,BC
13654,177.8,34528,1419,CS,SC
13655,177.8,34530,2710,AD,BCM
13656,177.8,34533,1231,AD,BC
13657,177.8,34535,2734,CS,MBC
13658,177.8,34536,2734,IT,OC
13659,177.8,34537,3803,CS,MBC
13660,177.8,34538,3011,AU,OC
13661,177.8,34539,3826,IT,BC
13662,177.8,34541,1306,CS,MBC
13663,177.8,34542,2764,BM,SC
13664,177.8,34543,3701,EC,OC
13665,177.8,34545,4964,EE,OC
13666,177.8,34546,2634,EC,OC
13667,177.7,34547,1149,EC,BC
13668,177.7,34548,2711,CD,BCM
13669,177.7,34549,5532,CE,OC
13670,177.7,34551,1149,EC,BC
13671,177.7,34552,1211,ME,BC
13672,177.7,34554,2608,EC,BC
13673,177.7,34555,3819,EC,BC
13674,177.7,34556,5904,IT,OC
13675,177.7,34557,3011,CS,SC
13676,177.7,34559,3701,CS,OC
13677,177.7,34560,1210,CO,MBC
13678,177.7,34561,2611,CY,OC
13679,177.7,34562,1399,ME,MBC
13680,177.7,34563,2723,IT,BC
13681,177.7,34564,4954,IT,OC
13682,177.7,34566,1118,BM,SC
13683,177.7,34568,5008,CN,SC
13684,177.7,34569,2622,ME,OC
13685,177.7,34573,2727,AD,BC
13686,177.7,34574,2725,CS,BC
13687,177.7,34575,2608,EC,BC
13688,177.7,34577,4960,CE,OC
13689,177.7,34578,3464,CS,SC
13690,177.7,34579,1210,ME,OC
13691,177.7,34580,2314,EE,OC
13692,177.7,34581,3425,EE,OC
13693,177.7,34582,2653,CS,BC
13694,177.7,34583,2712,CS,SCA
13695,177.7,34584,1408,IT,OC
13696,177.7,34585,1216,EC,OC
13697,177.7,34586,1149,AD,MBC
13698,177.7,34587,1231,EC,OC
13699,177.7,34588,2610,IT,OC
13700,177.7,34591,1149,EC,BC
13701,177.7,34593,2710,EC,MBC
13702,177.7,34594,5009,EC,BC
13703,177.7,34597,1231,AD,MBC
13704,177.7,34598,2702,MC,BC
13705,177.7,34599,1419,EI,BC
13706,177.7,34600,4680,CE,OC
13707,177.7,34601,2718,CE,BC
13708,177.7,34602,3826,AD,OC
13709,177.7,34605,5910,EC,OC
13710,177.7,34606,2727,FD,OC
13711,177.7,34607,2025,EC,SC
13712,177.7,34609,5010,CS,SC
13713,177.7,34610,3830,CS,MBC
13714,177.7,34611,4971,EC,OC
13715,177.7,34612,4678,EC,BC
13716,177.7,34614,1149,CS,MBC
13717,177.7,34616,1504,BT,OC
13718,177.7,34617,3701,CS,OC
13719,177.7,34618,4023,ME,OC
13720,177.7,34620,3843,CE,OC
13721,177.7,34621,2726,AL,OC
13722,177.7,34624,4959,IT,OC
13723,177.7,34625,1516,EE,BC
13724,177.7,34628,1317,EE,BC
13725,177.7,34629,3011,EC,BC
13726,177.7,34630,2704,IT,MBC
13727,177.7,34631,1106,CS,OC
13728,177.7,34632,1419,CS,SC
13729,177.7,34633,1432,CS,MBC
13730,177.7,34635,3803,CH,OC
13731,177.7,34636,1422,EC,BC
13732,177.7,34637,2025,ME,BC
13733,177.7,34640,2725,CS,MBC
13734,177.7,34642,3812,CS,OC
13735,177.7,34644,2710,CD,OC
13736,177.7,34645,1202,CS,OC
13737,177.7,34646,1301,IT,OC
13738,177.7,34647,3807,IT,OC
13739,177.7,34649,2725,CS,BC
13740,177.7,34650,5907,MR,OC
13741,177.7,34651,1149,EC,BC
13742,177.7,34653,1216,AL,BC
13743,177.7,34654,2615,ME,SC
13744,177.7,34655,2711,EI,BC
13745,177.7,34656,1216,EE,OC
13746,177.7,34657,2723,EC,OC
13747,177.7,34658,1231,EC,OC
13748,177.7,34660,2727,EC,OC
13749,177.7,34661,3464,EC,BC
13750,177.7,34664,3801,IT,OC
13751,177.7,34666,2764,CS,MBC
13752,177.7,34667,1419,EI,BC
13753,177.7,34668,2709,CE,MBC
13754,177.7,34670,2734,IT,OC
13755,177.7,34671,2718,CE,BC
13756,177.7,34672,2709,AU,OC
13757,177.7,34674,1310,EC,OC
13758,177.7,34675,1420,CS,OC
13759,177.7,34677,2718,IT,SC
13760,177.7,34678,1237,CS,BC
13761,177.7,34680,2711,EE,MBC
13762,177.7,34682,4953,CS,OC
13763,177.7,34686,2005,IB,SC
13764,177.7,34688,2,IS,SCA
13765,177.7,34691,1118,BM,BC
13766,177.7,34692,5009,CS,SC
13767,177.7,34695,2609,AD,OC
13768,177.7,34696,2652,EE,OC
13769,177.7,34698,1216,EC,OC
13770,177.7,34699,3701,AD,OC
13771,177.7,34703,2611,CY,OC
13772,177.7,34704,2711,MZ,OC
13773,177.7,34705,2734,IT,OC
13774,177.7,34706,1210,CE,OC
13775,177.7,34707,5901,ME,BC
13776,177.7,34708,1237,IT,OC
13777,177.7,34710,2634,BM,OC
13778,177.7,34711,1310,CS,OC
13779,177.7,34712,1216,EC,OC
13780,177.7,34713,1231,AD,BC
13781,177.7,34716,3826,IT,BC
13782,177.7,34717,2726,CS,BC
13783,177.7,34718,2620,BT,OC
13784,177.7,34720,4955,CS,BC
13785,177.7,34722,5,AM,BC
13786,177.7,34723,2609,IT,OC
13787,177.7,34724,2711,EI,BC
13788,177.7,34727,3826,EC,OC
13789,177.7,34731,5,CS,MBC
13790,177.7,34732,2723,BM,OC
13791,177.7,34733,2601,CS,OC
13792,177.7,34734,1113,AD,SC
13793,177.7,34735,1211,ME,BCM
13794,177.7,34736,2722,ME,OC
13795,177.7,34738,3425,EC,OC
13796,177.7,34739,2710,CS,MBC
13797,177.7,34741,1211,IT,SC
13798,177.7,34744,1013,CS,MBC
13799,177.7,34745,2725,CS,BC
13800,177.7,34747,1231,AD,BC
13801,177.7,34748,1219,EC,SC
13802,177.7,34749,2609,PU,OC
13803,177.7,34754,3464,ME,OC
13804,177.7,34755,2709,ME,BC
13805,177.7,34756,2726,BM,OC
13806,177.7,34757,5901,ME,BC
13807,177.7,34759,2702,CE,OC
13808,177.7,34761,1422,AD,MBC
13809,177.7,34764,1015,CS,OC
13810,177.7,34766,1303,CS,OC
13811,177.7,34767,2719,EC,BCM
13812,177.7,34768,5910,EC,OC
13813,177.7,34769,1211,RM,MBC
13814,177.7,34771,2648,EE,OC
13815,177.7,34773,2727,AD,BC
13816,177.7,34774,1210,EE,OC
13817,177.7,34775,3830,IT,OC
13818,177.7,34776,4020,CS,MBC
13819,177.7,34777,1311,AO,BCM
13820,177.7,34778,2719,AE,OC
13821,177.7,34779,5022,CS,OC
13822,177.6,34780,1231,AD,BC
13823,177.6,34781,1311,AD,OC
13824,177.6,34782,3819,AD,BC
13825,177.6,34783,1013,IT,MBC
13826,177.6,34784,2601,CS,OC
13827,177.6,34785,1317,EE,BCM
13828,177.6,34786,2710,CD,OC
13829,177.6,34787,3810,AD,OC
13830,177.6,34788,2712,AE,SC
13831,177.6,34790,2710,EC,BC
13832,177.6,34792,4954,CS,OC
13833,177.6,34793,1432,CO,MBC
13834,177.6,34795,1306,EC,OC
13835,177.6,34796,4959,IT,OC
13836,177.6,34797,1432,AD,MBC
13837,177.6,34799,1419,EE,MBC
13838,177.6,34800,5910,AD,BC
13839,177.6,34805,1237,IT,OC
13840,177.6,34807,5901,ME,BC
13841,177.6,34809,2025,EC,SCA
13842,177.6,34810,3016,CS,OC
13843,177.6,34812,4965,BT,OC
13844,177.6,34813,1,XM,SC
13845,177.6,34814,5986,ME,OC
13846,177.6,34815,2620,CS,OC
13847,177.6,34816,1210,CB,MBC
13848,177.6,34818,1231,CB,BC
13849,177.6,34820,4023,CS,BC
13850,177.6,34821,2615,ME,SC
13851,177.6,34822,1306,AD,BC
13852,177.6,34824,1311,CS,MBC
13853,177.6,34825,2621,EE,OC
13854,177.6,34829,2343,HT,MBC
13855,177.6,34830,3760,AG,OC
13856,177.6,34831,1317,EE,BC
13857,177.6,34832,3795,CS,BC
13858,177.6,34834,3011,XC,OC
13859,177.6,34835,1216,CS,BCM
13860,177.6,34837,1114,IT,OC
13861,177.6,34838,1216,BM,MBC
13862,177.6,34841,2653,ME,OC
13863,177.6,34842,2711,MZ,OC
13864,177.6,34843,1419,EC,MBC
13865,177.6,34847,2736,CS,BCM
13866,177.6,34848,5,IT,BC
13867,177.6,34850,2708,AG,OC
13868,177.6,34852,2722,ME,OC
13869,177.6,34854,2709,ME,MBC
13870,177.6,34855,1210,EC,MBC
13871,177.6,34856,1309,EE,OC
13872,177.6,34857,1026,EC,BCM
13873,177.6,34858,5532,EC,OC
13874,177.6,34861,2711,EC,MBC
13875,177.6,34862,2702,AL,MBC
13876,177.6,34865,2725,IT,MBC
13877,177.6,34866,2609,EC,OC
13878,177.6,34869,2702,EE,MBC
13879,177.6,34870,2708,CS,BC
13880,177.6,34871,2719,AE,BC
13881,177.6,34872,3810,AD,OC
13882,177.6,34873,2734,IT,OC
13883,177.6,34874,3021,CS,OC
13884,177.6,34875,2702,EC,SC
13885,177.6,34876,1118,BM,BC
13886,177.6,34877,2710,AD,MBC
13887,177.6,34878,2608,EC,MBC
13888,177.6,34880,2719,EI,BC
13889,177.6,34881,4974,EC,MBC
13890,177.6,34882,3011,EC,BC
13891,177.6,34884,1211,ME,BC
13892,177.6,34885,4680,CE,OC
13893,177.6,34886,2630,CS,OC
13894,177.6,34888,4960,ME,OC
13895,177.6,34889,3011,IT,MBC
13896,177.6,34890,1211,FD,MBC
13897,177.6,34891,3826,IT,BC
13898,177.6,34892,2656,EC,OC
13899,177.6,34893,2659,BM,OC
13900,177.6,34895,2736,AD,OC
13901,177.6,34896,1210,AD,MBC
13902,177.6,34898,2611,MC,OC
13903,177.6,34899,2711,AU,OC
13904,177.6,34900,2723,EC,OC
13905,177.6,34901,1413,CS,OC
13906,177.6,34905,2711,ME,OC
13907,177.6,34906,1306,IT,BC
13908,177.6,34909,2622,CH,OC
13909,177.6,34910,2711,MZ,OC
13910,177.6,34911,2328,CS,OC
13911,177.6,34912,1311,EC,OC
13912,177.6,34918,1013,CS,MBC
13913,177.6,34919,2007,MF,SC
13914,177.6,34920,1120,EC,BC
13915,177.6,34922,1317,EE,BC
13916,177.6,34923,3804,CS,OC
13917,177.6,34924,2727,AD,BC
13918,177.6,34925,2735,IT,BC
13919,177.6,34926,2711,EC,BCM
13920,177.6,34927,1120,EC,MBC
13921,177.6,34929,2735,AD,BC
13922,177.6,34930,4962,EC,BCM
13923,177.6,34931,4960,ME,OC
13924,177.6,34934,1122,BT,BC
13925,177.6,34936,2610,EE,OC
13926,177.6,34937,2722,CE,OC
13927,177.6,34938,1128,AD,MBC
13928,177.6,34940,2727,AD,BC
13929,177.6,34941,3019,EC,OC
13930,177.6,34942,1120,AD,MBC
13931,177.6,34943,2632,IT,OC
13932,177.6,34945,2608,CS,MBC
13933,177.6,34946,2005,CE,SCA
13934,177.6,34947,2710,EC,BC
13935,177.6,34948,5,EC,OC
13936,177.6,34949,1122,CS,MBC
13937,177.6,34951,5913,CS,OC
13938,177.6,34953,2735,CS,BC
13939,177.6,34955,1311,AD,OC
13940,177.6,34957,2608,AD,OC
13941,177.6,34958,1210,EC,MBC
13942,177.6,34959,3018,CS,OC
13943,177.6,34962,2653,CS,BC
13944,177.6,34964,2708,CS,BC
13945,177.6,34967,1422,EI,OC
13946,177.6,34969,1413,CS,OC
13947,177.6,34970,2762,CS,OC
13948,177.6,34972,2005,EI,ST
13949,177.6,34973,2702,CE,OC
13950,177.6,34974,2718,MZ,MBC
13951,177.6,34976,1401,IT,OC
13952,177.6,34977,2369,EE,OC
13953,177.6,34978,4678,EC,BC
13954,177.6,34979,1309,EE,OC
13955,177.6,34980,2706,EE,OC
13956,177.6,34983,2707,CS,OC
13957,177.6,34985,4965,EE,OC
13958,177.6,34988,1317,CH,OC
13959,177.6,34992,2739,CB,MBC
13960,177.6,34994,2712,EE,SC
13961,177.6,34996,4981,CS,OC
13962,177.6,34997,2661,CS,OC
13963,177.6,35000,2727,EC,OC
13964,177.6,35002,5010,EC,BC
13965,177.6,35004,2710,EC,BC
13966,177.6,35006,2709,ME,BC
13967,177.6,35007,2711,MZ,OC
13968,177.6,35008,4960,CS,SC
13969,177.6,35009,2726,IT,OC
13970,177.6,35010,2357,CS,OC
13971,177.6,35013,2711,MZ,OC
13972,177.6,35014,3011,EE,OC
13973,177.6,35015,3011,EC,BC
13974,177.6,35016,2653,ME,OC
13975,177.6,35017,2734,IT,BC
13976,177.6,35018,2725,EC,BC
13977,177.6,35024,1149,CS,BCM
13978,177.6,35025,1399,EC,SC
13979,177.6,35026,1399,IT,SC
13980,177.6,35027,2702,ME,OC
13981,177.6,35028,2736,BM,OC
13982,177.6,35029,2618,EE,OC
13983,177.6,35031,2621,EC,OC
13984,177.5,35032,2712,SE,SC
13985,177.5,35033,3011,ME,OC
13986,177.5,35034,2641,EC,OC
13987,177.5,35036,2711,MZ,BC
13988,177.5,35037,1210,EE,OC
13989,177.5,35039,5904,CS,BC
13990,177.5,35040,1413,CS,OC
13991,177.5,35041,5010,EC,BC
13992,177.5,35043,4962,EC,BCM
13993,177.5,35045,1422,EC,BC
13994,177.5,35048,2719,EI,BC
13995,177.5,35051,1450,ME,BC
13996,177.5,35052,2751,IT,OC
13997,177.5,35055,5010,ME,OC
13998,177.5,35056,2708,CS,BCM
13999,177.5,35057,2329,BT,OC
14000,177.5,35058,2622,EC,BC
14001,177.5,35059,5910,EC,OC
14002,177.5,35061,1225,IT,OC
14003,177.5,35063,1317,EE,MBC
14004,177.5,35064,4023,IT,BC
14005,177.5,35065,2625,CS,OC
14006,177.5,35066,3464,EC,MBC
14007,177.5,35067,1118,IT,BC
14008,177.5,35069,2764,CH,OC
14009,177.5,35071,2711,ME,OC
14010,177.5,35072,1013,IT,MBC
14011,177.5,35073,1324,EC,MBC
14012,177.5,35074,3819,AD,BC
14013,177.5,35075,1324,IT,MBC
14014,177.5,35076,2329,CS,OC
14015,177.5,35077,1516,CS,SC
14016,177.5,35078,2736,IT,MBC
14017,177.5,35083,1516,EE,BC
14018,177.5,35084,4020,EC,BC
14019,177.5,35085,2725,CS,MBC
14020,177.5,35087,1399,CB,SC
14021,177.5,35088,1026,EC,MBC
14022,177.5,35089,1026,CS,SC
14023,177.5,35091,1304,BM,MBC
14024,177.5,35092,2610,EC,OC
14025,177.5,35093,3805,EE,OC
14026,177.5,35094,2735,CS,MBC
14027,177.5,35096,3811,CS,OC
14028,177.5,35097,1422,EC,BC
14029,177.5,35099,2702,EE,MBC
14030,177.5,35100,5022,CS,OC
14031,177.5,35101,1422,ME,OC
14032,177.5,35103,1516,EE,MBC
14033,177.5,35104,2739,ME,OC
14034,177.5,35105,1233,CS,OC
14035,177.5,35107,1211,MZ,MBC
14036,177.5,35108,5986,EC,MBC
14037,177.5,35109,1118,AD,MBC
14038,177.5,35112,1306,BT,BC
14039,177.5,35113,2622,CS,BC
14040,177.5,35114,1013,CS,MBC
14041,177.5,35115,2741,CS,BC
14042,177.5,35116,4965,CS,OC
14043,177.5,35117,3011,EE,OC
14044,177.5,35118,2727,AD,BC
14045,177.5,35119,2727,AL,OC
14046,177.5,35120,1118,AD,BC
14047,177.5,35121,4024,EC,OC
14048,177.5,35123,3011,EE,OC
14049,177.5,35125,3465,EC,SC
14050,177.5,35126,1231,AD,MBC
14051,177.5,35127,2751,EC,OC
14052,177.5,35129,1422,EC,BC
14053,177.5,35131,2704,CS,BC
14054,177.5,35133,3701,AD,OC
14055,177.5,35134,2719,ME,OC
14056,177.5,35135,2712,ME,SC
14057,177.5,35140,1324,CO,MBC
14058,177.5,35141,2712,TX,MBC
14059,177.5,35142,2726,EE,OC
14060,177.5,35149,2711,CH,OC
14061,177.5,35153,2727,EC,OC
14062,177.5,35158,2727,BT,OC
14063,177.5,35159,1422,AG,OC
14064,177.5,35163,2708,AL,OC
14065,177.5,35164,3011,EC,MBC
14066,177.5,35165,1324,AD,BCM
14067,177.5,35168,3830,CS,MBC
14068,177.5,35172,2706,ME,OC
14069,177.5,35174,2005,PR,SC
14070,177.5,35175,1419,ME,OC
14071,177.5,35176,1118,BM,BC
14072,177.5,35177,1306,IT,BC
14073,177.5,35178,4020,GI,OC
14074,177.5,35179,2708,CS,BC
14075,177.5,35180,2719,EC,MBC
14076,177.5,35182,1231,AD,BC
14077,177.5,35183,2711,EC,MBC
14078,177.5,35184,1419,EI,BC
14079,177.5,35185,2739,AD,MBC
14080,177.5,35187,2006,PN,SC
14081,177.5,35192,2704,EC,BC
14082,177.5,35194,1311,AO,BC
14083,177.5,35195,2621,EC,OC
14084,177.5,35199,2734,CS,MBC
14085,177.5,35203,1216,EC,OC
14086,177.5,35204,2711,CE,OC
14087,177.5,35207,1013,CS,BC
14088,177.5,35208,2712,SE,SC
14089,177.5,35209,1149,CS,MBC
14090,177.5,35214,1526,CS,OC
14091,177.5,35215,1122,BT,BC
14092,177.5,35216,1216,EC,OC
14093,177.5,35221,3011,EC,MBC
14094,177.5,35229,4944,AD,OC
14095,177.5,35232,2764,ME,OC
14096,177.5,35236,1231,AD,BC
14097,177.5,35241,5008,CN,MBC
14098,177.5,35247,1149,EC,BC
14099,177.5,35248,1210,CS,SC
14100,177.5,35249,2725,CS,BC
14101,177.5,35250,5910,EC,OC
14102,177.5,35251,2706,EI,OC
14103,177.5,35252,2704,CS,BC
14104,177.5,35253,1211,BM,MBC
14105,177.5,35256,2711,EC,MBC
14106,177.5,35257,1140,ME,OC
14107,177.5,35260,2725,CS,BC
14108,177.5,35262,1219,ME,MBC
14109,177.5,35264,2725,CS,BCM
14110,177.5,35268,1219,AU,BC
14111,177.5,35269,1399,EE,SC
14112,177.5,35270,3011,PH,BC
14113,177.5,35271,2750,EC,OC
14114,177.5,35273,2708,IT,OC
14115,177.5,35274,2636,AD,OC
14116,177.5,35275,1211,CH,BC
14117,177.5,35279,1122,CS,BC
14118,177.5,35280,1118,BM,MBC
14119,177.5,35283,1202,EC,OC
14120,177.5,35284,5022,CS,OC
14121,177.5,35285,1014,CS,MBC
14122,177.5,35287,1026,CS,SC
14123,177.5,35288,2621,CS,OC
14124,177.5,35289,4669,CS,OC
14125,177.5,35290,5832,EC,OC
14126,177.5,35291,4020,CS,SC
14127,177.5,35292,5,IT,MBC
14128,177.5,35293,2719,EI,BC
14129,177.5,35294,2653,CS,MBC
14130,177.5,35295,2716,AE,OC
14131,177.5,35297,1324,CO,MBC
14132,177.5,35298,4944,CS,OC
14133,177.5,35299,2603,CS,SC
14134,177.5,35300,3425,EC,OC
14135,177.5,35301,1219,MR,MBC
14136,177.5,35302,1149,EC,BC
14137,177.5,35303,2718,IT,SC
14138,177.5,35304,2723,BM,OC
14139,177.5,35305,1013,IT,BC
14140,177.5,35306,2704,CS,BC
14141,177.5,35309,4023,CS,BC
14142,177.5,35310,2708,CS,BC
14143,177.5,35311,1219,EC,SC
14144,177.5,35312,5904,CS,BC
14145,177.5,35313,2732,IT,OC
14146,177.5,35315,3011,PH,BC
14147,177.5,35318,5008,CE,SCA
14148,177.5,35320,1431,CS,OC
14149,177.5,35321,2338,CS,OC
14150,177.5,35322,1128,EC,BC
14151,177.5,35323,2735,CS,BC
14152,177.5,35324,2622,ME,OC
14153,177.5,35325,2615,EE,SCA
14154,177.5,35327,5901,ME,BC
14155,177.5,35328,1211,EC,SCA
14156,177.5,35329,2707,CS,OC
14157,177.5,35330,5017,CS,OC
14158,177.5,35331,2727,EC,OC
14159,177.5,35332,2723,MD,OC
14160,177.5,35333,4024,EC,OC
14161,177.5,35334,2711,AL,BCM
14162,177.5,35336,2702,SE,BCM
14163,177.5,35337,3011,IT,SC
14164,177.5,35339,2734,CS,BC
14165,177.5,35340,2727,BT,OC
14166,177.5,35341,1233,ME,OC
14167,177.5,35343,3830,EC,OC
14168,177.5,35344,4917,BT,OC
14169,177.5,35345,1225,IT,OC
14170,177.5,35347,2739,CS,MBC
14171,177.5,35349,4955,AD,OC
14172,177.5,35350,1324,CO,MBC
14173,177.5,35351,2709,IT,SC
14174,177.5,35353,2729,CS,OC
14175,177.5,35354,2718,IT,SC
14176,177.5,35355,3807,CS,OC
14177,177.5,35356,5008,MF,SC
14178,177.5,35357,4960,CS,SC
14179,177.5,35358,1231,EC,OC
14180,177.5,35360,1306,EC,OC
14181,177.5,35361,1422,AG,OC
14182,177.5,35362,2702,CS,SC
14183,177.5,35363,1210,EC,MBC
14184,177.5,35366,5910,CB,MBC
14185,177.5,35367,3464,EC,BC
14186,177.5,35368,1120,IT,MBC
14187,177.5,35369,2608,EC,BC
14188,177.5,35372,2603,EC,SC
14189,177.5,35374,2607,CS,BC
14190,177.5,35375,2726,CS,BC
14191,177.5,35377,1216,CS,SC
14192,177.5,35378,2706,IT,MBC
14193,177.4,35380,2764,EE,OC
14194,177.4,35381,1219,MR,BC
14195,177.4,35382,2735,AD,BC
14196,177.4,35384,2764,EC,MBC
14197,177.4,35386,4954,CS,BC
14198,177.4,35388,2,CR,SC
14199,177.4,35389,2357,AD,OC
14200,177.4,35391,2328,EE,OC
14201,177.4,35392,2741,EE,OC
14202,177.4,35393,2734,SB,OC
14203,177.4,35394,2731,CS,OC
14204,177.4,35395,1216,EC,OC
14205,177.4,35396,1210,EE,OC
14206,177.4,35397,2718,CE,MBC
14207,177.4,35398,3011,EE,OC
14208,177.4,35400,2611,AG,OC
14209,177.4,35401,2702,EC,MBC
14210,177.4,35403,1122,CS,BC
14211,177.4,35404,4680,CS,OC
14212,177.4,35405,2723,IT,BC
14213,177.4,35406,2741,CS,BC
14214,177.4,35408,1211,CE,OC
14215,177.4,35409,1309,EE,OC
14216,177.4,35411,1118,AD,BC
14217,177.4,35413,5,CH,OC
14218,177.4,35414,4669,CS,OC
14219,177.4,35415,2719,CJ,MBC
14220,177.4,35416,4020,EC,BC
14221,177.4,35417,2711,EC,BCM
14222,177.4,35424,1013,IT,MBC
14223,177.4,35425,5022,CS,OC
14224,177.4,35426,2725,CS,BC
14225,177.4,35427,2752,CS,OC
14226,177.4,35430,2653,EC,OC
14227,177.4,35431,2736,CS,BC
14228,177.4,35432,2607,CS,BC
14229,177.4,35433,1324,EE,BC
14230,177.4,35435,1120,AD,BCM
14231,177.4,35437,1309,CS,SC
14232,177.4,35438,1432,EC,BCM
14233,177.4,35439,4931,CS,OC
14234,177.4,35441,4960,CE,OC
14235,177.4,35442,2708,IT,OC
14236,177.4,35446,5,IT,BC
14237,177.4,35447,1118,BM,MBC
14238,177.4,35448,1411,BT,OC
14239,177.4,35449,1422,EC,BC
14240,177.4,35450,2607,CS,BC
14241,177.4,35451,4023,EC,BC
14242,177.4,35452,2704,CS,BC
14243,177.4,35453,1504,CS,OC
14244,177.4,35454,2722,IC,OC
14245,177.4,35455,2620,BT,OC
14246,177.4,35456,1306,IT,MBC
14247,177.4,35457,1128,EC,BC
14248,177.4,35458,2726,CS,BC
14249,177.4,35461,5022,CS,OC
14250,177.4,35462,1113,EI,MBC
14251,177.4,35465,2702,FT,BC
14252,177.4,35466,1013,CS,MBC
14253,177.4,35468,2328,EC,OC
14254,177.4,35469,1450,ME,BC
14255,177.4,35470,1306,EC,OC
14256,177.4,35471,2739,CO,MBC
14257,177.4,35473,2726,CS,MBC
14258,177.4,35479,2739,ME,OC
14259,177.4,35480,2709,ME,MBC
14260,177.4,35481,2718,EE,SC
14261,177.4,35484,1422,EC,BC
14262,177.4,35485,3465,CE,OC
14263,177.4,35487,2607,AD,BC
14264,177.4,35490,4995,CS,OC
14265,177.4,35492,2706,CS,BCM
14266,177.4,35494,1317,EI,OC
14267,177.4,35495,1504,IT,OC
14268,177.4,35496,2639,CS,OC
14269,177.4,35499,5009,EC,MBC
14270,177.4,35502,5910,EE,OC
14271,177.4,35504,1202,IT,OC
14272,177.4,35505,3819,CS,SC
14273,177.4,35506,4962,IT,MBC
14274,177.4,35507,2710,EC,BC
14275,177.4,35508,1233,AD,OC
14276,177.4,35509,2615,ME,SC
14277,177.4,35510,2708,IT,OC
14278,177.4,35512,2734,CS,BC
14279,177.4,35513,1122,CS,BC
14280,177.4,35514,2710,SC,MBC
14281,177.4,35516,4669,EE,OC
14282,177.4,35518,4020,EC,BC
14283,177.4,35519,2711,EE,MBC
14284,177.4,35520,2734,SB,OC
14285,177.4,35521,1225,IT,OC
14286,177.4,35523,2624,CS,OC
14287,177.4,35526,4959,AD,OC
14288,177.4,35527,2710,CD,OC
14289,177.4,35528,2608,EC,BC
14290,177.4,35529,1419,CJ,BCM
14291,177.4,35530,2712,EC,SCA
14292,177.4,35531,1422,EC,BC
14293,177.4,35532,1015,CS,OC
14294,177.4,35534,2711,MZ,MBC
14295,177.4,35535,1116,CS,BC
14296,177.4,35536,2609,CS,OC
14297,177.4,35537,5009,EC,BC
14298,177.4,35538,1306,IT,BC
14299,177.4,35539,1324,IT,MBC
14300,177.4,35541,2740,CS,OC
14301,177.4,35542,1317,EE,BC
14302,177.4,35543,3819,CS,MBC
14303,177.4,35545,2607,IT,OC
14304,177.4,35546,3830,CS,MBC
14305,177.4,35547,2726,IT,OC
14306,177.4,35548,2610,EE,OC
14307,177.4,35549,1211,ME,MBC
14308,177.4,35550,1231,CS,BCM
14309,177.4,35551,1210,EC,MBC
14310,177.4,35552,5901,ME,BC
14311,177.4,35553,1304,ME,OC
14312,177.4,35554,1216,AG,OC
14313,177.4,35556,2718,IT,SC
14314,177.4,35560,2708,IT,OC
14315,177.4,35561,1120,EE,OC
14316,177.4,35568,1452,EC,OC
14317,177.4,35572,2653,IT,BC
14318,177.4,35574,2727,AD,BC
14319,177.4,35575,5010,CE,OC
14320,177.4,35576,1233,EC,OC
14321,177.4,35577,2634,BM,OC
14322,177.4,35578,1118,IT,BC
14323,177.4,35580,2727,EC,OC
14324,177.4,35582,5910,EC,OC
14325,177.4,35583,4954,CS,BC
14326,177.4,35584,2613,CS,OC
14327,177.4,35586,5,CS,MBC
14328,177.4,35587,2642,IT,OC
14329,177.4,35589,2707,CS,OC
14330,177.4,35590,2725,CS,BC
14331,177.4,35591,1505,CS,OC
14332,177.4,35592,1013,IT,BC
14333,177.4,35593,1216,AG,OC
14334,177.4,35594,2719,EI,BC
14335,177.4,35595,2603,ME,OC
14336,177.4,35598,1237,CS,BC
14337,177.4,35601,2726,FD,OC
14338,177.4,35602,1210,EE,OC
14339,177.4,35605,2708,EC,OC
14340,177.4,35607,3805,EE,OC
14341,177.4,35608,2702,ME,OC
14342,177.4,35609,2712,CE,BCM
14343,177.4,35611,2710,EE,OC
14344,177.4,35612,4023,EC,BC
14345,177.4,35615,2726,CE,OC
14346,177.4,35616,2607,CS,BC
14347,177.4,35617,1118,IT,BC
14348,177.4,35618,1122,EC,OC
14349,177.4,35621,3801,IT,OC
14350,177.4,35624,1120,IT,MBC
14351,177.4,35625,2708,IT,OC
14352,177.4,35627,2764,CH,OC
14353,177.4,35628,2704,EE,OC
14354,177.4,35629,3425,CS,OC
14355,177.4,35631,3464,EC,BC
14356,177.4,35632,1101,CS,OC
14357,177.4,35635,5010,ME,OC
14358,177.4,35636,2725,EC,BC
14359,177.4,35637,2634,AG,OC
14360,177.4,35638,3843,CS,OC
14361,177.4,35639,1309,EC,BCM
14362,177.4,35640,4993,AG,OC
14363,177.4,35641,2734,CS,BC
14364,177.4,35642,3011,PH,BC
14365,177.4,35643,2611,FD,OC
14366,177.4,35644,2727,AL,OC
14367,177.4,35645,4962,EC,MBC
14368,177.4,35646,1309,EE,OC
14369,177.4,35648,1014,IT,OC
14370,177.4,35649,2734,AD,OC
14371,177.4,35650,2718,EC,SC
14372,177.4,35651,2709,CE,MBC
14373,177.4,35655,2739,CS,MBC
14374,177.4,35656,2628,AD,OC
14375,177.4,35657,3905,CS,OC
14376,177.4,35658,2750,CS,BC
14377,177.4,35659,5910,EC,OC
14378,177.4,35660,1128,EC,BC
14379,177.4,35661,2715,AG,OC
14380,177.4,35663,2726,CS,BC
14381,177.4,35664,5901,ME,MBC
14382,177.4,35665,2736,BM,OC
14383,177.4,35666,1310,CS,OC
14384,177.4,35667,2601,EC,OC
14385,177.4,35668,5910,EC,OC
14386,177.4,35669,1231,AD,BC
14387,177.4,35670,1013,CS,BC
14388,177.4,35672,2726,CS,MBC
14389,177.4,35674,2618,MZ,OC
14390,177.4,35676,2715,CS,OC
14391,177.4,35677,1216,EC,OC
14392,177.4,35678,4954,CS,BC
14393,177.4,35679,2634,EC,OC
14394,177.3,35681,5915,CS,OC
14395,177.3,35682,3819,IT,BC
14396,177.3,35684,2740,AE,OC
14397,177.3,35685,2723,EC,OC
14398,177.3,35687,1516,CE,OC
14399,177.3,35689,1311,EC,OC
14400,177.3,35690,2726,EC,OC
14401,177.3,35691,2709,AU,OC
14402,177.3,35692,2710,SC,SC
14403,177.3,35696,2764,EE,OC
14404,177.3,35697,1140,IT,OC
14405,177.3,35698,4959,CS,BC
14406,177.3,35699,2704,CS,BC
14407,177.3,35702,2750,AG,OC
14408,177.3,35703,4974,EC,SC
14409,177.3,35704,1516,EE,BC
14410,177.3,35705,1216,EC,BC
14411,177.3,35707,1233,EC,OC
14412,177.3,35710,2710,EC,BC
14413,177.3,35711,5009,CS,MBC
14414,177.3,35713,5,CS,MBC
14415,177.3,35714,2702,MC,BC
14416,177.3,35717,2736,AD,OC
14417,177.3,35719,1225,IT,OC
14418,177.3,35721,1114,IT,OC
14419,177.3,35722,2328,CS,OC
14420,177.3,35723,3830,IT,OC
14421,177.3,35725,4678,EE,OC
14422,177.3,35728,1128,CS,BCM
14423,177.3,35729,2608,EC,MBC
14424,177.3,35730,1216,EC,BC
14425,177.3,35731,2710,EC,BC
14426,177.3,35732,2608,EC,BC
14427,177.3,35733,3826,IT,BC
14428,177.3,35734,3011,PH,BC
14429,177.3,35735,5910,EC,OC
14430,177.3,35736,2025,EC,SC
14431,177.3,35737,2719,CE,OC
14432,177.3,35739,1311,EC,OC
14433,177.3,35740,3804,CS,OC
14434,177.3,35741,4972,EE,OC
14435,177.3,35742,2710,EC,BC
14436,177.3,35743,3464,EC,BC
14437,177.3,35745,2706,EE,OC
14438,177.3,35747,4960,CE,OC
14439,177.3,35748,2710,CS,MBC
14440,177.3,35749,4971,EC,OC
14441,177.3,35750,2343,HT,MBC
14442,177.3,35751,2718,IT,SC
14443,177.3,35752,1520,IT,OC
14444,177.3,35753,2601,CS,OC
14445,177.3,35754,4974,ME,OC
14446,177.3,35755,5910,EC,OC
14447,177.3,35756,1231,IT,MBC
14448,177.3,35757,1516,EC,MBC
14449,177.3,35758,2648,CS,OC
14450,177.3,35759,2629,MD,OC
14451,177.3,35760,2607,CS,BC
14452,177.3,35762,1422,EC,MBC
14453,177.3,35763,1231,CB,BC
14454,177.3,35764,2722,IC,OC
14455,177.3,35765,1413,CS,OC
14456,177.3,35766,4669,EC,OC
14457,177.3,35769,2369,EE,OC
14458,177.3,35770,1207,IT,OC
14459,177.3,35771,2603,ME,OC
14460,177.3,35772,3465,EE,BC
14461,177.3,35773,3464,EC,BC
14462,177.3,35774,1122,CS,MBC
14463,177.3,35775,2711,ME,OC
14464,177.3,35777,1014,IT,OC
14465,177.3,35778,1149,EC,BC
14466,177.3,35779,1123,EC,OC
14467,177.3,35780,4965,BM,OC
14468,177.3,35781,4971,EC,OC
14469,177.3,35783,2719,RM,BC
14470,177.3,35784,4023,EC,BC
14471,177.3,35785,2711,EI,BC
14472,177.3,35786,2719,AE,BC
14473,177.3,35787,1216,AD,BCM
14474,177.3,35788,1118,AD,MBC
14475,177.3,35791,5,EC,OC
14476,177.3,35792,1311,CS,MBC
14477,177.3,35793,5008,MF,SC
14478,177.3,35794,2719,ME,OC
14479,177.3,35796,1149,EC,BC
14480,177.3,35797,4020,CS,MBC
14481,177.3,35798,5910,BM,OC
14482,177.3,35799,1311,EC,OC
14483,177.3,35801,2726,AO,BCM
14484,177.3,35802,1149,EC,MBC
14485,177.3,35803,3465,EE,MBC
14486,177.3,35804,2719,CE,OC
14487,177.3,35805,4954,CS,BC
14488,177.3,35806,2302,AD,OC
14489,177.3,35807,1231,AD,BC
14490,177.3,35808,1309,EE,OC
14491,177.3,35810,1110,CS,OC
14492,177.3,35813,1149,EC,BC
14493,177.3,35815,1013,IT,BC
14494,177.3,35816,2712,CE,MBC
14495,177.3,35817,2702,EC,MBC
14496,177.3,35818,4974,EC,MBC
14497,177.3,35820,4965,CS,OC
14498,177.3,35821,2715,EE,OC
14499,177.3,35822,2723,EC,OC
14500,177.3,35824,4023,IT,BC
14501,177.3,35825,1216,EC,BC
14502,177.3,35826,4974,EE,SC
14503,177.3,35828,2722,CE,OC
14504,177.3,35829,1219,ME,MBC
14505,177.3,35831,4944,CS,OC
14506,177.3,35832,2735,CS,BC
14507,177.3,35834,2725,CS,BC
14508,177.3,35836,1505,CS,OC
14509,177.3,35837,2007,CL,SC
14510,177.3,35838,2711,AU,OC
14511,177.3,35839,1207,EC,OC
14512,177.3,35840,3830,CS,MBC
14513,177.3,35841,4954,CS,BC
14514,177.3,35842,2722,CE,OC
14515,177.3,35843,2734,IT,BC
14516,177.3,35845,4974,ME,OC
14517,177.3,35846,4680,CS,OC
14518,177.3,35848,1516,CS,SC
14519,177.3,35849,1237,IT,BC
14520,177.3,35852,4974,ME,OC
14521,177.3,35853,1412,IT,OC
14522,177.3,35854,2702,AG,MBC
14523,177.3,35855,2702,MC,BC
14524,177.3,35856,1509,CS,OC
14525,177.3,35857,2727,AL,OC
14526,177.3,35858,3908,CS,OC
14527,177.3,35859,1231,EC,OC
14528,177.3,35860,3464,EC,BC
14529,177.3,35862,2722,CE,OC
14530,177.3,35863,2329,CS,OC
14531,177.3,35864,2719,CE,OC
14532,177.3,35865,2613,IT,OC
14533,177.3,35868,4933,CS,OC
14534,177.3,35870,1113,CE,OC
14535,177.3,35871,2706,ME,OC
14536,177.3,35873,1306,CS,BCM
14537,177.3,35875,1238,CS,OC
14538,177.3,35876,2734,EC,OC
14539,177.3,35877,2302,CS,OC
14540,177.3,35878,2603,EE,MBC
14541,177.3,35879,2653,IT,BC
14542,177.3,35880,2622,EE,OC
14543,177.3,35881,2740,CS,OC
14544,177.3,35883,4955,CS,MBC
14545,177.3,35885,3812,EC,OC
14546,177.3,35888,2736,CS,MBC
14547,177.3,35889,1207,CS,OC
14548,177.3,35890,3465,EE,BC
14549,177.3,35891,2329,BM,OC
14550,177.3,35893,4974,ME,OC
14551,177.3,35894,2706,EI,OC
14552,177.3,35895,2725,EC,BC
14553,177.3,35897,1231,EC,OC
14554,177.3,35898,2739,IT,MBC
14555,177.3,35899,5910,EE,OC
14556,177.3,35900,1419,EI,BC
14557,177.3,35902,4680,CE,OC
14558,177.2,35904,1231,AD,BC
14559,177.2,35905,4957,EC,OC
14560,177.2,35906,3465,EE,BC
14561,177.2,35907,4960,CE,OC
14562,177.2,35908,1140,AD,OC
14563,177.2,35909,1118,EC,OC
14564,177.2,35910,1322,AG,OC
14565,177.2,35912,4981,EE,OC
14566,177.2,35913,2725,CS,BC
14567,177.2,35915,2734,AD,OC
14568,177.2,35916,2601,CS,OC
14569,177.2,35917,2642,CS,OC
14570,177.2,35919,1414,EC,OC
14571,177.2,35920,1432,CS,MBC
14572,177.2,35921,2736,EC,OC
14573,177.2,35923,2702,BT,BCM
14574,177.2,35924,4020,CS,MBC
14575,177.2,35925,2661,CS,OC
14576,177.2,35926,1237,CS,BC
14577,177.2,35927,1231,AD,BC
14578,177.2,35929,2712,CE,SCA
14579,177.2,35932,2702,ME,OC
14580,177.2,35933,1516,CS,SC
14581,177.2,35934,2704,CS,SC
14582,177.2,35935,2708,IT,OC
14583,177.2,35936,2764,CS,MBC
14584,177.2,35938,2722,CE,OC
14585,177.2,35939,5865,CS,OC
14586,177.2,35940,2750,AD,OC
14587,177.2,35941,2741,EC,OC
14588,177.2,35942,3841,AD,OC
14589,177.2,35944,1311,FT,OC
14590,177.2,35945,1140,IT,OC
14591,177.2,35946,1219,AU,BC
14592,177.2,35947,4965,EC,OC
14593,177.2,35949,4974,ME,OC
14594,177.2,35950,4960,CS,SC
14595,177.2,35951,2710,CD,BC
14596,177.2,35952,4962,EE,BC
14597,177.2,35953,2727,EC,OC
14598,177.2,35957,2656,CS,MBC
14599,177.2,35958,2618,EE,OC
14600,177.2,35959,2750,BM,OC
14601,177.2,35961,1431,EC,OC
14602,177.2,35962,2719,CS,SC
14603,177.2,35964,4678,EC,MBC
14604,177.2,35965,2729,AE,OC
14605,177.2,35966,1211,IT,SC
14606,177.2,35968,1317,EI,OC
14607,177.2,35970,3806,BM,OC
14608,177.2,35971,2736,CS,BC
14609,177.2,35972,1306,CS,MBC
14610,177.2,35973,2721,CS,OC
14611,177.2,35974,1510,ME,OC
14612,177.2,35976,5022,CS,BC
14613,177.2,35977,2726,IT,OC
14614,177.2,35978,2711,MZ,MBC
14615,177.2,35979,1210,EE,OC
14616,177.2,35980,2709,ME,BC
14617,177.2,35983,2702,AL,BCM
14618,177.2,35985,5910,EC,OC
14619,177.2,35986,2711,ME,OC
14620,177.2,35987,5010,EC,MBC
14621,177.2,35988,2706,IT,MBC
14622,177.2,35991,2622,AD,OC
14623,177.2,35992,3019,CS,OC
14624,177.2,35993,1216,EC,BC
14625,177.2,35996,2636,EC,OC
14626,177.2,35998,3011,CS,SC
14627,177.2,35999,3803,CS,MBC
14628,177.2,36000,2712,CE,MBC
14629,177.2,36001,2726,CS,BC
14630,177.2,36003,2712,AU,MBC
14631,177.2,36005,2726,CS,BC
14632,177.2,36007,1408,IT,OC
14633,177.2,36008,1231,AD,BC
14634,177.2,36009,3021,CS,OC
14635,177.2,36010,1216,EE,OC
14636,177.2,36013,2603,ME,OC
14637,177.2,36015,2710,EE,OC
14638,177.2,36016,1422,EC,MBC
14639,177.2,36017,2653,CS,BC
14640,177.2,36018,2006,MT,SC
14641,177.2,36020,1014,CS,MBC
14642,177.2,36021,1422,EC,BC
14643,177.2,36023,2726,CS,BC
14644,177.2,36024,1123,CS,OC
14645,177.2,36025,3465,ME,OC
14646,177.2,36026,4917,CS,OC
14647,177.2,36027,2608,EC,BC
14648,177.2,36030,2708,IT,OC
14649,177.2,36031,1128,EC,BC
14650,177.2,36032,2618,IT,BCM
14651,177.2,36034,1317,CH,OC
14652,177.2,36035,2707,BM,OC
14653,177.2,36037,2608,EE,OC
14654,177.2,36042,2741,EC,OC
14655,177.2,36044,4974,EE,MBC
14656,177.2,36048,2740,CS,OC
14657,177.2,36050,2609,PU,OC
14658,177.2,36051,1120,EC,MBC
14659,177.2,36052,2710,EE,OC
14660,177.2,36054,5,IT,BC
14661,177.2,36055,2661,IT,OC
14662,177.2,36057,2740,AD,OC
14663,177.2,36059,2609,CE,OC
14664,177.2,36060,1149,EC,BC
14665,177.2,36061,2377,ME,SC
14666,177.2,36062,2620,BT,OC
14667,177.2,36063,2726,CS,BC
14668,177.2,36064,2618,EE,OC
14669,177.2,36065,2726,CS,BC
14670,177.2,36066,2741,EC,OC
14671,177.2,36072,3803,CS,BC
14672,177.2,36073,1419,IC,MBC
14673,177.2,36074,1,PT,SCA
14674,177.2,36075,3465,CE,OC
14675,177.2,36076,1014,CS,MBC
14676,177.2,36077,5,IT,MBC
14677,177.2,36079,2702,FT,BC
14678,177.2,36082,1317,BT,MBC
14679,177.2,36084,2025,EC,SC
14680,177.2,36085,5910,BM,OC
14681,177.2,36087,1128,CS,MBC
14682,177.2,36088,1306,AD,MBC
14683,177.2,36090,3830,EC,OC
14684,177.2,36091,2725,CS,BC
14685,177.2,36098,2661,CS,OC
14686,177.2,36099,4928,CS,OC
14687,177.2,36100,1306,AD,BC
14688,177.2,36102,2329,IT,OC
14689,177.2,36103,2726,EC,OC
14690,177.2,36104,1118,AD,BC
14691,177.2,36105,1128,EC,MBC
14692,177.2,36106,1219,CE,BCM
14693,177.2,36110,5,CS,BC
14694,177.2,36111,4974,CE,SC
14695,177.2,36112,2711,CE,OC
14696,177.2,36114,3464,EC,MBC
14697,177.2,36116,1311,AO,BC
14698,177.2,36117,1419,CE,OC
14699,177.2,36118,5,IT,BC
14700,177.2,36121,3908,CS,OC
14701,177.2,36124,2727,CS,MBC
14702,177.2,36125,2716,EC,OC
14703,177.2,36127,2741,EC,OC
14704,177.2,36130,3465,EE,BC
14705,177.2,36131,2736,IT,BC
14706,177.2,36133,2722,IC,OC
14707,177.2,36134,2727,AL,OC
14708,177.2,36137,1149,EC,BC
14709,177.2,36142,3908,CE,OC
14710,177.2,36143,1219,MR,MBC
14711,177.2,36144,2608,EC,BC
14712,177.2,36145,1118,EC,OC
14713,177.2,36147,2723,BM,BC
14714,177.2,36148,1202,EC,OC
14715,177.2,36149,1311,AD,BC
14716,177.2,36150,2711,EC,MBC
14717,177.2,36151,3011,CS,SC
14718,177.2,36152,2755,AG,OC
14719,177.2,36154,4944,CS,OC
14720,177.2,36155,2628,AD,OC
14721,177.2,36156,1120,EC,MBC
14722,177.2,36160,1118,BM,MBC
14723,177.2,36162,2615,ME,MBC
14724,177.2,36164,2620,EC,OC
14725,177.2,36167,2706,EE,OC
14726,177.2,36168,2704,CS,BC
14727,177.2,36169,2622,CS,BC
14728,177.2,36170,5865,ME,OC
14729,177.2,36171,2751,CS,BC
14730,177.2,36172,1432,EC,MBC
14731,177.2,36173,5010,CE,OC
14732,177.2,36175,1321,PA,MBC
14733,177.2,36176,2704,EC,BC
14734,177.1,36178,4672,EC,OC
14735,177.1,36179,5017,CE,OC
14736,177.1,36180,2735,EC,OC
14737,177.1,36181,3819,CS,SC
14738,177.1,36182,1149,EC,BC
14739,177.1,36183,1422,EC,BC
14740,177.1,36184,2740,CS,OC
14741,177.1,36185,1149,EC,BC
14742,177.1,36186,2764,CH,OC
14743,177.1,36187,4955,CS,BC
14744,177.1,36191,2653,IT,BC
14745,177.1,36192,2653,CS,BC
14746,177.1,36194,1210,AD,MBC
14747,177.1,36195,3021,CS,OC
14748,177.1,36196,2706,CE,OC
14749,177.1,36197,1219,EC,SC
14750,177.1,36198,1211,MZ,MBC
14751,177.1,36199,2709,ME,BC
14752,177.1,36200,1399,ME,MBC
14753,177.1,36202,1419,EC,MBC
14754,177.1,36203,2707,CS,OC
14755,177.1,36204,2702,FD,BCM
14756,177.1,36205,2706,EC,MBC
14757,177.1,36206,2718,IT,SC
14758,177.1,36208,2726,CS,BC
14759,177.1,36209,5865,CS,OC
14760,177.1,36210,1516,CE,OC
14761,177.1,36211,1211,ME,MBC
14762,177.1,36214,4974,ME,BC
14763,177.1,36215,1120,AD,MBC
14764,177.1,36216,2727,EC,OC
14765,177.1,36217,2735,IT,BC
14766,177.1,36218,1422,CY,BCM
14767,177.1,36219,1322,IT,OC
14768,177.1,36220,2710,SC,MBC
14769,177.1,36221,2710,EE,OC
14770,177.1,36222,2710,EE,OC
14771,177.1,36223,1420,IT,OC
14772,177.1,36225,1231,EC,OC
14773,177.1,36226,1526,EE,OC
14774,177.1,36229,2715,CS,OC
14775,177.1,36232,1237,IT,BC
14776,177.1,36233,3701,EC,OC
14777,177.1,36234,1231,AD,BC
14778,177.1,36235,1112,IT,MBC
14779,177.1,36237,2704,CS,BC
14780,177.1,36238,2622,EC,BC
14781,177.1,36239,4974,EE,SC
14782,177.1,36242,4960,EE,BCM
14783,177.1,36243,2750,CS,BC
14784,177.1,36244,2642,CS,OC
14785,177.1,36245,1128,AD,MBC
14786,177.1,36246,4944,CS,OC
14787,177.1,36249,1210,AD,MBC
14788,177.1,36252,2711,EC,MBC
14789,177.1,36253,2369,EE,MBC
14790,177.1,36254,1149,EC,BC
14791,177.1,36255,1128,EC,BC
14792,177.1,36256,2735,IT,BC
14793,177.1,36258,2764,EE,OC
14794,177.1,36259,1122,CS,BC
14795,177.1,36260,2711,CH,OC
14796,177.1,36263,2621,CS,OC
14797,177.1,36264,1,XM,SC
14798,177.1,36265,2613,EC,OC
14799,177.1,36266,2718,ME,BCM
14800,177.1,36267,2712,MZ,SC
14801,177.1,36268,3701,CS,OC
14802,177.1,36269,5901,EE,SC
14803,177.1,36270,2653,AD,OC
14804,177.1,36271,1311,AD,BC
14805,177.1,36272,4928,EC,OC
14806,177.1,36273,1013,ME,OC
14807,177.1,36274,1114,EC,OC
14808,177.1,36275,2706,EI,OC
14809,177.1,36277,2610,BM,OC
14810,177.1,36279,2607,EC,OC
14811,177.1,36280,4959,CS,BC
14812,177.1,36281,2608,CB,BC
14813,177.1,36282,1014,CS,SC
14814,177.1,36284,1128,EC,BC
14815,177.1,36285,5910,EC,OC
14816,177.1,36286,1303,EC,OC
14817,177.1,36289,2620,TS,OC
14818,177.1,36290,1301,CS,OC
14819,177.1,36291,1118,CS,SC
14820,177.1,36292,1128,EC,BC
14821,177.1,36293,2736,EE,OC
14822,177.1,36296,1306,EC,OC
14823,177.1,36297,5,ME,OC
14824,177.1,36299,3011,EC,MBC
14825,177.1,36300,1211,RM,SC
14826,177.1,36301,2725,CS,BC
14827,177.1,36303,1419,MU,OC
14828,177.1,36306,5,CS,MBC
14829,177.1,36307,1140,CS,MBC
14830,177.1,36309,2006,BY,ST
14831,177.1,36310,2726,CS,BC
14832,177.1,36312,1014,IT,OC
14833,177.1,36313,1450,ME,BC
14834,177.1,36314,2704,CS,SC
14835,177.1,36315,2620,EC,OC
14836,177.1,36316,3831,CS,OC
14837,177.1,36317,1306,AD,BC
14838,177.1,36318,1420,CS,OC
14839,177.1,36319,1419,ME,OC
14840,177.1,36320,1516,ME,OC
14841,177.1,36321,2744,IT,OC
14842,177.1,36322,5009,CS,SC
14843,177.1,36324,1307,CS,OC
14844,177.1,36326,2710,EE,OC
14845,177.1,36328,2618,EE,OC
14846,177.1,36329,3465,CE,OC
14847,177.1,36330,1127,BT,OC
14848,177.1,36332,5910,CS,MBC
14849,177.1,36333,4959,CS,BC
14850,177.1,36336,5904,IT,OC
14851,177.1,36337,1516,CE,OC
14852,177.1,36338,2740,CS,OC
14853,177.1,36339,3011,PC,OC
14854,177.1,36342,5910,EC,OC
14855,177.1,36344,2740,CS,OC
14856,177.1,36345,1216,EC,BC
14857,177.1,36347,1231,EC,OC
14858,177.1,36348,1237,IT,BC
14859,177.1,36350,1026,EC,MBC
14860,177.1,36351,2709,IT,SC
14861,177.1,36354,2723,IT,BC
14862,177.1,36358,1026,CS,SC
14863,177.1,36362,1216,EC,BCM
14864,177.1,36363,1431,CS,OC
14865,177.1,36366,2752,CS,OC
14866,177.1,36367,2722,ME,OC
14867,177.1,36368,1317,EE,BC
14868,177.1,36369,5022,CS,BC
14869,177.1,36370,2723,MD,OC
14870,177.1,36372,5009,CS,MBC
14871,177.1,36373,2659,BM,OC
14872,177.1,36376,2711,AL,MBC
14873,177.1,36377,2621,EC,OC
14874,177.1,36379,2702,CB,MBC
14875,177.1,36380,2751,IT,BC
14876,177.1,36381,1301,CS,OC
14877,177.1,36382,1210,EE,OC
14878,177.1,36383,5910,EE,OC
14879,177.1,36385,1210,EE,OC
14880,177.1,36386,4678,EC,BC
14881,177.1,36387,2007,MF,SC
14882,177.1,36388,2709,IT,SC
14883,177.1,36389,3018,EC,OC
14884,177.1,36390,4971,IT,BC
14885,177.1,36391,2025,ME,SC
14886,177.1,36392,4962,ME,OC
14887,177.1,36397,4962,EC,MBC
14888,177.1,36398,2710,CD,BC
14889,177.1,36399,1211,CE,OC
14890,177.1,36400,2357,IT,OC
14891,177.1,36401,1101,CS,OC
14892,177.1,36402,2329,AG,OC
14893,177.1,36403,2725,CS,BC
14894,177.1,36404,1303,IT,OC
14895,177.1,36405,5009,EC,BC
14896,177.1,36407,2711,CE,OC
14897,177.1,36408,1317,ME,OC
14898,177.0,36410,3466,EC,OC
14899,177.0,36411,4974,ME,BC
14900,177.0,36412,2734,IT,BC
14901,177.0,36413,5,AM,BC
14902,177.0,36414,2025,EE,BCM
14903,177.0,36417,2609,AD,OC
14904,177.0,36419,1317,EI,OC
14905,177.0,36420,2726,IT,OC
14906,177.0,36421,3826,IT,BC
14907,177.0,36422,2702,FT,BC
14908,177.0,36423,5010,ME,OC
14909,177.0,36424,3805,AD,OC
14910,177.0,36425,2726,CS,MBC
14911,177.0,36426,2764,EE,OC
14912,177.0,36428,2608,ME,OC
14913,177.0,36430,2707,AD,OC
14914,177.0,36431,1210,AD,MBC
14915,177.0,36434,1450,ME,BC
14916,177.0,36435,2752,EC,OC
14917,177.0,36437,4971,IT,MBC
14918,177.0,36438,3821,EC,OC
14919,177.0,36439,1216,AD,MBC
14920,177.0,36440,2750,CB,OC
14921,177.0,36441,2706,ME,OC
14922,177.0,36443,1509,IT,OC
14923,177.0,36444,1444,EC,OC
14924,177.0,36446,4974,ME,MBC
14925,177.0,36447,1207,IT,OC
14926,177.0,36448,2609,IT,OC
14927,177.0,36449,5009,CS,BCM
14928,177.0,36450,1324,EE,MBC
14929,177.0,36451,1211,CE,OC
14930,177.0,36452,3830,IT,OC
14931,177.0,36453,1149,EC,MBC
14932,177.0,36454,1304,EE,BCM
14933,177.0,36456,2643,EC,OC
14934,177.0,36457,3908,EC,OC
14935,177.0,36459,1122,CS,BC
14936,177.0,36460,4959,CS,MBC
14937,177.0,36462,5910,EC,OC
14938,177.0,36463,3782,CS,OC
14939,177.0,36464,4917,CS,OC
14940,177.0,36465,1306,EC,OC
14941,177.0,36467,1504,EE,OC
14942,177.0,36469,2710,EE,OC
14943,177.0,36473,4917,CS,OC
14944,177.0,36474,2603,CS,SC
14945,177.0,36475,3908,EE,OC
14946,177.0,36476,2736,EC,OC
14947,177.0,36477,1128,EC,BC
14948,177.0,36478,2719,RM,BC
14949,177.0,36480,1216,EC,BC
14950,177.0,36482,5,CS,BC
14951,177.0,36484,5010,EC,MBC
14952,177.0,36485,1149,EC,BC
14953,177.0,36486,2711,MZ,BC
14954,177.0,36488,1013,CS,BC
14955,177.0,36490,1015,CS,OC
14956,177.0,36491,2603,EE,MBC
14957,177.0,36492,3803,IT,OC
14958,177.0,36493,2722,EE,MBC
14959,177.0,36494,4678,AD,BC
14960,177.0,36495,4944,EC,OC
14961,177.0,36496,2711,CD,MBC
14962,177.0,36497,2710,EC,ST
14963,177.0,36498,2723,IT,BC
14964,177.0,36499,2709,AU,BC
14965,177.0,36500,4020,CS,SC
14966,177.0,36501,3011,EE,OC
14967,177.0,36502,2,LE,SCA
14968,177.0,36504,5901,ME,SC
14969,177.0,36505,1231,EC,OC
14970,177.0,36506,3464,EC,MBC
14971,177.0,36508,2731,PD,OC
14972,177.0,36509,2710,IT,MBC
14973,177.0,36510,2618,EC,MBC
14974,177.0,36511,2618,IT,MBC
14975,177.0,36512,5910,EC,OC
14976,177.0,36514,4962,EE,BC
14977,177.0,36515,2025,ME,SC
14978,177.0,36517,4959,BT,OC
14979,177.0,36518,1419,CS,SC
14980,177.0,36519,2739,EC,MBC
14981,177.0,36520,2734,SB,OC
14982,177.0,36521,2673,EC,OC
14983,177.0,36522,4949,CS,OC
14984,177.0,36523,1317,EE,BC
14985,177.0,36524,1309,EE,OC
14986,177.0,36525,2609,CH,OC
14987,177.0,36526,1419,EE,MBC
14988,177.0,36529,1026,EC,BC
14989,177.0,36531,1210,EE,BC
14990,177.0,36532,2025,ME,BC
14991,177.0,36533,1322,CS,OC
14992,177.0,36536,2603,ME,MBC
14993,177.0,36537,1211,BM,MBC
14994,177.0,36539,1310,CS,BC
14995,177.0,36540,4024,EC,OC
14996,177.0,36552,4955,CS,MBC
14997,177.0,36558,1210,EE,BC
14998,177.0,36561,2735,IT,BC
14999,177.0,36563,2751,AD,OC
15000,177.0,36564,2750,CS,BC
15001,177.0,36565,2725,CS,MBC
15002,177.0,36567,1422,EE,OC
15003,177.0,36571,1399,ME,MBC
15004,177.0,36577,1118,CB,BC
15005,177.0,36581,1140,AD,OC
15006,177.0,36583,2750,EC,OC
15007,177.0,36584,1013,CS,BC
15008,177.0,36585,1317,BT,SC
15009,177.0,36586,5010,EC,MBC
15010,177.0,36590,1149,EC,BC
15011,177.0,36594,4955,CS,BC
15012,177.0,36595,4023,EC,BC
15013,177.0,36599,2723,IT,BC
15014,177.0,36600,2727,FD,OC
15015,177.0,36603,1120,EC,BC
15016,177.0,36604,2740,EC,OC
15017,177.0,36607,1217,BT,OC
15018,177.0,36610,2719,RM,BC
15019,177.0,36611,1013,EC,OC
15020,177.0,36613,2739,EC,MBC
15021,177.0,36614,1309,EE,OC
15022,177.0,36616,1013,EC,OC
15023,177.0,36618,5,CF,OC
15024,177.0,36619,1413,AD,OC
15025,177.0,36620,1118,BM,BC
15026,177.0,36621,1317,EE,BC
15027,177.0,36622,2622,CS,MBC
15028,177.0,36625,1015,EC,OC
15029,177.0,36626,1309,EC,MBC
15030,177.0,36627,2725,CS,BC
15031,177.0,36628,5910,EC,OC
15032,177.0,36630,4960,ME,OC
15033,177.0,36635,1122,BT,BC
15034,177.0,36636,5910,IT,MBC
15035,177.0,36637,5919,CS,OC
15036,177.0,36638,2610,CS,OC
15037,177.0,36641,1516,EE,BCM
15038,177.0,36644,1113,CS,SC
15039,177.0,36645,1324,EC,MBC
15040,177.0,36648,2736,AD,OC
15041,177.0,36650,3830,AL,OC
15042,177.0,36652,2608,EC,BC
15043,177.0,36653,2702,AU,OC
15044,177.0,36657,1317,EE,MBC
15045,177.0,36659,1324,AD,MBC
15046,177.0,36661,4020,GI,OC
15047,177.0,36662,4960,CS,SC
15048,177.0,36666,1311,CS,BCM
15049,177.0,36670,2704,ME,OC
15050,177.0,36671,1116,EC,OC
15051,177.0,36678,1317,ME,OC
15052,177.0,36681,1311,EC,OC
15053,177.0,36685,1219,ME,MBC
15054,177.0,36687,1211,CH,BC
15055,177.0,36688,2601,CS,BC
15056,177.0,36690,2702,BT,MBC
15057,177.0,36691,2725,CS,BC
15058,177.0,36692,5,CS,BC
15059,177.0,36694,1120,EC,BC
15060,177.0,36695,1310,AD,BC
15061,177.0,36697,1317,CE,OC
15062,177.0,36698,1217,BT,OC
15063,177.0,36699,1219,BT,SC
15064,177.0,36704,1116,EC,OC
15065,177.0,36708,2706,CE,OC
15066,177.0,36713,1118,CB,BC
15067,177.0,36714,1304,IT,SC
15068,177.0,36715,1219,AU,BC
15069,177.0,36721,1122,IT,BC
15070,177.0,36722,2722,EC,MBC
15071,177.0,36723,5,CF,OC
15072,177.0,36724,1311,IT,BC
15073,177.0,36725,2611,CS,OC
15074,177.0,36726,4669,CS,OC
15075,177.0,36727,1324,IT,MBC
15076,177.0,36729,2710,CE,OC
15077,177.0,36731,4678,CE,OC
15078,177.0,36733,2630,EC,OC
15079,177.0,36734,2636,EC,OC
15080,177.0,36735,4962,EE,BC
15081,177.0,36736,2722,ME,OC
15082,177.0,36739,1216,AG,OC
15083,177.0,36740,5901,ME,MBC
15084,177.0,36741,4959,AD,OC
15085,177.0,36743,4917,CB,OC
15086,177.0,36744,1026,EC,BC
15087,177.0,36746,1231,EC,OC
15088,177.0,36747,2750,AG,OC
15089,177.0,36748,4971,IT,BC
15090,177.0,36749,2653,CS,BC
15091,177.0,36750,2726,CS,BC
15092,177.0,36752,5921,CE,OC
15093,177.0,36754,1116,CS,BC
15094,177.0,36755,2719,RM,BC
15095,177.0,36756,1317,EE,BC
15096,177.0,36757,2624,FD,OC
15097,177.0,36758,2750,BT,BCM
15098,177.0,36761,4678,CE,OC
15099,177.0,36762,2710,CD,BC
15100,177.0,36763,2607,CS,BC
15101,177.0,36765,2653,CS,BC
15102,177.0,36766,2707,AG,OC
15103,177.0,36767,3011,EE,OC
15104,177.0,36769,2608,IT,MBC
15105,177.0,36770,2653,IT,BC
15106,177.0,36772,4981,EC,OC
15107,177.0,36774,2723,BM,MBC
15108,177.0,36777,2710,EC,MBC
15109,177.0,36778,1237,IT,BC
15110,177.0,36780,5530,CS,OC
15111,177.0,36782,2702,AE,MBC
15112,177.0,36783,2369,EE,MBC
15113,177.0,36784,4020,CS,MBC
15114,177.0,36785,2715,IT,OC
15115,177.0,36786,1140,CS,MBC
15116,177.0,36788,1210,EE,BC
15117,177.0,36790,5910,BM,OC
15118,177.0,36792,2764,BM,BC
15119,177.0,36794,5022,EC,OC
15120,177.0,36796,2710,IT,MBC
15121,177.0,36797,2710,TS,MBC
15122,177.0,36799,1211,RM,MBC
15123,177.0,36800,1231,EC,OC
15124,177.0,36801,3456,CS,OC
15125,177.0,36802,2607,CS,BC
15126,177.0,36803,2718,CJ,MBC
15127,177.0,36804,3830,IT,BC
15128,177.0,36805,2618,BM,OC
15129,177.0,36806,1149,EE,OC
15130,177.0,36807,4020,EC,BCM
15131,177.0,36808,1216,EC,BC
15132,177.0,36811,2702,MC,MBC
15133,177.0,36812,5,CF,OC
15134,177.0,36813,1424,AD,OC
15135,177.0,36814,1122,CS,BC
15136,177.0,36817,1317,ME,OC
15137,177.0,36818,1237,AD,OC
15138,177.0,36821,2608,AD,OC
15139,177.0,36822,2726,IT,OC
15140,177.0,36823,4960,BM,BCM
15141,177.0,36824,4020,EC,MBC
15142,177.0,36826,5910,EC,OC
15143,177.0,36827,3801,IT,OC
15144,177.0,36828,1216,AG,BC
15145,177.0,36829,4994,CS,OC
15146,177.0,36830,1015,CS,OC
15147,177.0,36832,1013,EC,OC
15148,177.0,36835,3701,CS,OC
15149,177.0,36836,4974,EC,MBC
15150,177.0,36837,2618,EE,OC
15151,176.9,36838,2005,IB,SC
15152,176.9,36840,2704,CS,MBC
15153,176.9,36841,4971,IT,BC
15154,176.9,36842,2611,CY,OC
15155,176.9,36843,1120,EC,BC
15156,176.9,36844,1317,EE,BC
15157,176.9,36845,1309,EC,MBC
15158,176.9,36846,3701,AD,OC
15159,176.9,36848,2618,EE,OC
15160,176.9,36849,1014,CS,SC
15161,176.9,36851,2706,IT,MBC
15162,176.9,36852,5022,CS,SC
15163,176.9,36853,2740,AD,OC
15164,176.9,36854,2708,CS,BC
15165,176.9,36855,2741,CS,BC
15166,176.9,36856,1211,EE,MBC
15167,176.9,36857,2610,RM,OC
15168,176.9,36858,2723,IT,BC
15169,176.9,36861,4974,EE,MBC
15170,176.9,36862,2706,EC,BCM
15171,176.9,36863,3805,BM,OC
15172,176.9,36864,2710,CD,BC
15173,176.9,36866,5910,CS,MBC
15174,176.9,36867,1013,IT,BC
15175,176.9,36869,2711,ME,OC
15176,176.9,36870,1216,CS,MBC
15177,176.9,36872,4929,CS,OC
15178,176.9,36873,2719,EC,BCM
15179,176.9,36876,2702,CT,MBC
15180,176.9,36878,1114,CS,BC
15181,176.9,36880,1317,EE,BC
15182,176.9,36882,1210,EC,MBC
15183,176.9,36883,1311,IT,BC
15184,176.9,36884,2750,CS,BC
15185,176.9,36885,1210,EE,BC
15186,176.9,36886,3465,EE,BC
15187,176.9,36888,2711,MZ,MBC
15188,176.9,36889,4917,AD,OC
15189,176.9,36891,4960,CS,MBC
15190,176.9,36892,2706,CS,MBC
15191,176.9,36893,1211,IT,SC
15192,176.9,36897,3830,EC,OC
15193,176.9,36898,1114,IT,OC
15194,176.9,36900,4971,EC,BC
15195,176.9,36901,1120,EE,OC
15196,176.9,36902,3011,BT,SC
15197,176.9,36903,1408,IT,OC
15198,176.9,36904,2725,IT,MBC
15199,176.9,36907,2653,CS,MBC
15200,176.9,36908,2711,CH,OC
15201,176.9,36909,2708,IT,OC
15202,176.9,36911,1120,EC,BC
15203,176.9,36912,1211,CH,BC
15204,176.9,36915,3018,EC,OC
15205,176.9,36916,1307,CS,OC
15206,176.9,36917,2711,ME,OC
15207,176.9,36920,2615,MT,MBC
15208,176.9,36921,3464,EC,MBC
15209,176.9,36923,4980,EC,OC
15210,176.9,36924,4974,ME,BCM
15211,176.9,36925,1149,IT,MBC
15212,176.9,36928,1211,ME,BC
15213,176.9,36929,2702,ME,OC
15214,176.9,36931,1118,EC,BC
15215,176.9,36933,1149,EC,BC
15216,176.9,36934,4959,ME,OC
15217,176.9,36935,2734,AD,OC
15218,176.9,36936,2357,AG,BC
15219,176.9,36938,2702,AG,MBC
15220,176.9,36939,4999,CS,OC
15221,176.9,36940,1116,CS,BC
15222,176.9,36941,2709,CE,BC
15223,176.9,36945,2764,EE,OC
15224,176.9,36946,2735,IT,BC
15225,176.9,36947,2755,AG,OC
15226,176.9,36948,1013,IT,BC
15227,176.9,36950,2620,TS,OC
15228,176.9,36952,5913,TX,OC
15229,176.9,36954,1114,IT,OC
15230,176.9,36956,2708,BM,OC
15231,176.9,36958,5,CS,MBC
15232,176.9,36960,2708,CS,MBC
15233,176.9,36961,4023,EC,BC
15234,176.9,36962,2601,BT,OC
15235,176.9,36963,3465,EE,SC
15236,176.9,36964,2006,AS,SC
15237,176.9,36966,4928,EC,OC
15238,176.9,36967,1219,EC,SC
15239,176.9,36968,1,XC,SC
15240,176.9,36969,2622,CS,BC
15241,176.9,36971,2725,EC,BC
15242,176.9,36972,2764,EC,BCM
15243,176.9,36973,1,XC,SC
15244,176.9,36974,2706,EC,MBC
15245,176.9,36978,2715,IT,OC
15246,176.9,36981,4678,EC,MBC
15247,176.9,36983,2607,CS,BC
15248,176.9,36986,1210,EE,BC
15249,176.9,36987,4960,CE,OC
15250,176.9,36988,1419,CE,OC
15251,176.9,36990,5910,EC,OC
15252,176.9,36991,5009,CS,SC
15253,176.9,36992,1317,EE,MBC
15254,176.9,36993,5009,EE,OC
15255,176.9,36996,2727,EC,OC
15256,176.9,36997,1317,EI,OC
15257,176.9,36998,1306,EC,OC
15258,176.9,37000,1118,CB,BC
15259,176.9,37002,1216,EC,BC
15260,176.9,37003,1014,IT,OC
15261,176.9,37004,1210,ME,OC
15262,176.9,37007,1399,EC,SC
15263,176.9,37010,1237,CS,MBC
15264,176.9,37011,2708,CS,MBC
15265,176.9,37012,2329,CS,OC
15266,176.9,37013,1015,CS,OC
15267,176.9,37014,5910,EC,OC
15268,176.9,37016,5010,EC,MBC
15269,176.9,37017,2711,EE,MBC
15270,176.9,37018,2609,EC,OC
15271,176.9,37019,2005,IB,SC
15272,176.9,37021,1414,IT,OC
15273,176.9,37022,1216,EC,BC
15274,176.9,37025,4955,IT,BC
15275,176.9,37026,1231,CS,MBC
15276,176.9,37027,2608,AL,BC
15277,176.9,37028,1216,EC,BC
15278,176.9,37029,2620,BT,OC
15279,176.9,37031,3830,EC,OC
15280,176.9,37033,1413,CS,MBC
15281,176.9,37037,4020,CS,MBC
15282,176.9,37038,1399,ME,MBC
15283,176.9,37039,1304,ME,OC
15284,176.9,37040,2736,IT,BC
15285,176.9,37041,2708,CS,BC
15286,176.9,37042,3830,IT,BC
15287,176.9,37043,3011,PH,MBC
15288,176.9,37046,1128,CS,MBC
15289,176.9,37049,1237,CS,BC
15290,176.9,37051,2755,CS,OC
15291,176.9,37055,2715,EC,OC
15292,176.9,37057,1120,EC,BC
15293,176.9,37058,2709,CE,MBC
15294,176.9,37059,2711,MZ,BC
15295,176.9,37060,2006,MT,SC
15296,176.9,37061,2615,MT,SC
15297,176.9,37062,1120,EC,BC
15298,176.9,37063,3760,CS,OC
15299,176.9,37064,4983,CS,OC
15300,176.9,37065,1231,EC,OC
15301,176.9,37066,4023,EE,OC
15302,176.9,37067,1307,BM,OC
15303,176.9,37068,1210,EE,MBC
15304,176.9,37069,1237,CS,BC
15305,176.9,37072,2726,CS,MBC
15306,176.9,37074,2764,EE,OC
15307,176.9,37075,3805,CS,OC
15308,176.9,37077,2618,EE,OC
15309,176.9,37080,4969,EC,OC
15310,176.9,37081,2607,BT,SC
15311,176.9,37082,2653,CS,BC
15312,176.9,37083,2656,CS,BC
15313,176.9,37084,3841,EC,OC
15314,176.9,37085,5703,EC,OC
15315,176.8,37088,1306,EC,OC
15316,176.8,37089,3464,EE,OC
15317,176.8,37090,5022,EE,OC
15318,176.8,37094,2711,EE,MBC
15319,176.8,37095,5532,EE,OC
15320,176.8,37096,1311,EC,OC
15321,176.8,37097,3829,IT,OC
15322,176.8,37098,5017,CS,OC
15323,176.8,37099,4023,IT,BC
15324,176.8,37100,3011,ME,OC
15325,176.8,37102,1432,AD,MBC
15326,176.8,37105,4957,IT,OC
15327,176.8,37106,4974,CE,SC
15328,176.8,37110,2630,EC,OC
15329,176.8,37111,2727,AL,OC
15330,176.8,37112,1110,EC,OC
15331,176.8,37113,2736,AD,OC
15332,176.8,37114,4670,AG,OC
15333,176.8,37115,1306,EC,OC
15334,176.8,37118,4917,IT,OC
15335,176.8,37119,4946,CS,OC
15336,176.8,37120,1113,CS,SC
15337,176.8,37121,5904,CS,BCM
15338,176.8,37122,2729,AD,OC
15339,176.8,37123,1013,CS,BC
15340,176.8,37124,2726,IT,MBC
15341,176.8,37127,4933,CS,OC
15342,176.8,37128,3410,CS,OC
15343,176.8,37129,2734,AD,OC
15344,176.8,37131,2613,CS,OC
15345,176.8,37132,2739,AD,MBC
15346,176.8,37136,2734,CS,MBC
15347,176.8,37140,3464,EC,MBC
15348,176.8,37141,1325,EC,OC
15349,176.8,37142,1015,CS,OC
15350,176.8,37143,2025,ME,BCM
15351,176.8,37144,1219,EC,SC
15352,176.8,37146,5009,EC,BC
15353,176.8,37147,1311,EC,OC
15354,176.8,37150,4974,EC,SC
15355,176.8,37152,2712,SE,SC
15356,176.8,37154,2735,AD,BC
15357,176.8,37155,1149,EC,MBC
15358,176.8,37157,2618,CS,BCM
15359,176.8,37158,5009,EC,BC
15360,176.8,37159,2607,CS,BC
15361,176.8,37162,4971,CS,MBC
15362,176.8,37163,2006,AS,SC
15363,176.8,37164,1317,EE,MBC
15364,176.8,37165,2711,FD,MBC
15365,176.8,37166,1216,AD,MBC
15366,176.8,37167,4974,EC,SC
15367,176.8,37169,1216,CS,MBC
15368,176.8,37170,2025,ME,BC
15369,176.8,37171,2706,IT,BCM
15370,176.8,37172,2618,EE,OC
15371,176.8,37173,2718,EC,SC
15372,176.8,37174,1317,IT,SC
15373,176.8,37175,1149,IT,MBC
15374,176.8,37177,3021,CS,OC
15375,176.8,37178,3464,EC,MBC
15376,176.8,37180,2369,EE,BC
15377,176.8,37182,2615,CE,SC
15378,176.8,37184,2735,CS,MBC
15379,176.8,37185,4023,IT,BC
15380,176.8,37188,4023,IT,BC
15381,176.8,37189,1317,EE,MBC
15382,176.8,37190,2715,ME,OC
15383,176.8,37191,4023,CS,SC
15384,176.8,37192,2357,AG,MBC
15385,176.8,37193,2609,IT,OC
15386,176.8,37194,2708,IT,OC
15387,176.8,37195,2734,SB,OC
15388,176.8,37198,1516,CE,OC
15389,176.8,37199,5532,CS,OC
15390,176.8,37202,2704,EC,MBC
15391,176.8,37203,1307,BM,SC
15392,176.8,37206,2729,CS,OC
15393,176.8,37207,2729,AE,OC
15394,176.8,37208,2722,IC,OC
15395,176.8,37209,3019,CS,OC
15396,176.8,37210,3011,IT,SC
15397,176.8,37211,1516,ME,OC
15398,176.8,37212,2723,EE,OC
15399,176.8,37213,3464,EC,MBC
15400,176.8,37214,3465,EE,BC
15401,176.8,37216,2622,CS,BC
15402,176.8,37217,2622,CS,BC
15403,176.8,37222,1122,CS,MBC
15404,176.8,37224,2726,CS,MBC
15405,176.8,37225,2727,IT,MBC
15406,176.8,37227,2706,EE,OC
15407,176.8,37228,4944,EC,OC
15408,176.8,37229,1311,AD,SC
15409,176.8,37231,1422,AD,SCA
15410,176.8,37232,4023,IT,BC
15411,176.8,37233,3905,EC,OC
15412,176.8,37234,1114,IT,OC
15413,176.8,37235,1026,EE,OC
15414,176.8,37239,2741,CS,BC
15415,176.8,37241,2751,IT,BC
15416,176.8,37243,2740,EC,OC
15417,176.8,37244,2751,CS,BC
15418,176.8,37245,2719,AE,BC
15419,176.8,37246,2722,CS,SC
15420,176.8,37248,2704,EC,BC
15421,176.8,37250,2751,CS,BC
15422,176.8,37251,1140,IT,OC
15423,176.8,37252,2607,CS,BC
15424,176.8,37253,2608,IT,MBC
15425,176.8,37254,1321,PA,BCM
15426,176.8,37255,2726,FD,OC
15427,176.8,37257,3819,AD,BC
15428,176.8,37258,2704,CS,MBC
15429,176.8,37261,3021,CS,OC
15430,176.8,37263,1114,IT,BC
15431,176.8,37264,5986,CE,OC
15432,176.8,37265,2726,CS,BC
15433,176.8,37267,1512,CS,OC
15434,176.8,37268,2727,EC,BC
15435,176.8,37269,2603,EE,MBC
15436,176.8,37270,2706,EE,OC
15437,176.8,37271,2653,ME,OC
15438,176.8,37272,4974,EC,MBC
15439,176.8,37273,2653,CS,BC
15440,176.8,37274,1149,EC,BC
15441,176.8,37278,1207,AD,OC
15442,176.8,37279,1013,IT,BC
15443,176.8,37280,2769,FD,OC
15444,176.8,37281,2708,CS,BC
15445,176.8,37282,2622,CH,OC
15446,176.8,37284,2710,EE,OC
15447,176.8,37285,2608,IT,MBC
15448,176.8,37288,1207,BM,OC
15449,176.8,37292,2702,AU,OC
15450,176.8,37293,1216,EC,BC
15451,176.8,37294,2025,EE,SCA
15452,176.8,37295,2653,IT,MBC
15453,176.8,37297,1118,BM,BCM
15454,176.8,37298,4678,CE,OC
15455,176.8,37299,3804,CS,OC
15456,176.8,37300,2712,FT,MBC
15457,176.8,37301,1231,EC,OC
15458,176.8,37302,1106,CS,OC
15459,176.8,37303,3826,EC,OC
15460,176.8,37304,1216,EC,BC
15461,176.8,37306,2708,AE,OC
15462,176.8,37307,1120,EE,OC
15463,176.8,37308,4931,CS,OC
15464,176.8,37309,2710,IT,MBC
15465,176.8,37310,2722,CE,OC
15466,176.8,37311,2706,AU,OC
15467,176.8,37313,2622,ME,OC
15468,176.8,37315,2607,CS,BC
15469,176.8,37317,2710,CS,MBC
15470,176.8,37318,2709,CE,BC
15471,176.8,37319,4959,IT,OC
15472,176.8,37321,2708,CS,BC
15473,176.8,37322,2726,CS,BC
15474,176.8,37325,3011,BT,SC
15475,176.8,37326,1231,EC,OC
15476,176.8,37327,4960,ME,OC
15477,176.8,37329,3819,EE,OC
15478,176.8,37330,4023,CS,BCM
15479,176.8,37331,1325,CS,OC
15480,176.8,37332,1322,IT,OC
15481,176.8,37333,1306,IT,MBC
15482,176.8,37335,1304,BM,SC
15483,176.8,37336,1424,EC,OC
15484,176.8,37337,2354,CS,OC
15485,176.8,37338,2706,EC,MBC
15486,176.8,37339,2603,EE,MBC
15487,176.8,37340,3810,IT,OC
15488,176.8,37342,4993,BM,OC
15489,176.8,37343,3019,CS,OC
15490,176.8,37344,3819,AD,BC
15491,176.8,37346,2752,CS,OC
15492,176.8,37347,1013,EC,OC
15493,176.8,37348,2718,IT,SC
15494,176.7,37349,1321,MN,BCM
15495,176.7,37350,1118,CB,BCM
15496,176.7,37351,3464,EC,MBC
15497,176.7,37352,5904,AD,OC
15498,176.7,37353,1207,IT,OC
15499,176.7,37354,1231,EC,BC
15500,176.7,37355,2607,CS,BC
15501,176.7,37356,2719,ME,OC
15502,176.7,37359,1237,CS,MBC
15503,176.7,37360,1309,AD,MBC
15504,176.7,37361,2611,BM,OC
15505,176.7,37362,5,AM,BC
15506,176.7,37363,1118,IT,MBC
15507,176.7,37364,2642,CS,OC
15508,176.7,37366,3011,EC,MBC
15509,176.7,37367,3016,CS,OC
15510,176.7,37369,4959,CS,MBC
15511,176.7,37372,2710,AD,MBC
15512,176.7,37373,2630,EC,OC
15513,176.7,37375,2734,AD,OC
15514,176.7,37376,2734,IT,BC
15515,176.7,37378,1231,AD,MBC
15516,176.7,37381,1149,EC,BC
15517,176.7,37383,2711,MZ,BC
15518,176.7,37384,4960,CE,OC
15519,176.7,37385,2601,EC,OC
15520,176.7,37388,5530,CS,OC
15521,176.7,37389,1311,IT,BC
15522,176.7,37390,5910,EC,OC
15523,176.7,37391,1303,AG,OC
15524,176.7,37394,5,IT,MBC
15525,176.7,37395,1516,ME,OC
15526,176.7,37396,4944,CS,OC
15527,176.7,37397,2618,MZ,OC
15528,176.7,37398,1324,EE,MBC
15529,176.7,37399,2025,ME,MBC
15530,176.7,37400,4024,EC,OC
15531,176.7,37402,1516,CE,OC
15532,176.7,37403,1304,EI,MBC
15533,176.7,37407,2709,CE,BC
15534,176.7,37408,2751,CS,BC
15535,176.7,37413,1120,EC,BC
15536,176.7,37415,5901,CE,MBC
15537,176.7,37417,2618,CS,MBC
15538,176.7,37418,2722,IC,MBC
15539,176.7,37419,1114,CS,MBC
15540,176.7,37422,2025,ME,BC
15541,176.7,37424,2727,EC,BC
15542,176.7,37425,3829,CE,OC
15543,176.7,37427,2741,EC,OC
15544,176.7,37428,1408,CS,OC
15545,176.7,37429,2735,EC,OC
15546,176.7,37434,1311,EE,OC
15547,176.7,37435,2711,CE,OC
15548,176.7,37436,3011,ME,OC
15549,176.7,37439,2727,AL,OC
15550,176.7,37440,2620,EC,OC
15551,176.7,37441,2608,AL,MBC
15552,176.7,37444,2739,EC,BCM
15553,176.7,37446,2610,IT,OC
15554,176.7,37448,1419,MU,OC
15555,176.7,37449,2709,ME,MBC
15556,176.7,37450,1408,CS,OC
15557,176.7,37452,2736,IT,MBC
15558,176.7,37457,4965,EC,OC
15559,176.7,37458,3830,IT,BC
15560,176.7,37459,3011,PC,OC
15561,176.7,37460,2634,AG,OC
15562,176.7,37461,1122,CS,BC
15563,176.7,37462,2722,EC,MBC
15564,176.7,37463,2636,CS,OC
15565,176.7,37465,3826,BM,OC
15566,176.7,37466,2708,CS,SC
15567,176.7,37467,2711,EE,MBC
15568,176.7,37469,4941,CS,OC
15569,176.7,37470,2709,CE,BC
15570,176.7,37471,2369,EE,MBC
15571,176.7,37473,2603,ME,MBC
15572,176.7,37475,2764,CS,MBC
15573,176.7,37476,1210,AD,SC
15574,176.7,37477,2601,CH,OC
15575,176.7,37479,1516,ME,OC
15576,176.7,37480,1419,CS,SC
15577,176.7,37481,5910,EC,OC
15578,176.7,37483,5,CS,SC
15579,176.7,37484,1216,EC,BC
15580,176.7,37486,2609,CY,OC
15581,176.7,37487,2369,ME,OC
15582,176.7,37488,2702,FT,BC
15583,176.7,37491,1118,CB,BC
15584,176.7,37492,1306,IT,MBC
15585,176.7,37493,3464,CS,SC
15586,176.7,37494,4974,ME,MBC
15587,176.7,37495,3465,ME,OC
15588,176.7,37496,1216,EC,BC
15589,176.7,37497,3465,EE,MBC
15590,176.7,37498,2608,AD,BC
15591,176.7,37500,4974,ME,BC
15592,176.7,37503,2643,CS,OC
15593,176.7,37504,2608,EC,MBC
15594,176.7,37507,1216,EC,BC
15595,176.7,37508,2727,FD,OC
15596,176.7,37509,3830,CS,MBC
15597,176.7,37510,3701,AD,OC
15598,176.7,37511,1504,EE,OC
15599,176.7,37513,2369,EE,BC
15600,176.7,37515,1118,CB,BC
15601,176.7,37516,2723,EC,OC
15602,176.7,37517,1120,EC,BC
15603,176.7,37520,1306,EC,OC
15604,176.7,37521,3812,CS,OC
15605,176.7,37525,4955,AD,OC
15606,176.7,37526,4944,CS,OC
15607,176.7,37527,5910,EE,OC
15608,176.7,37528,4928,CS,OC
15609,176.7,37529,2006,TX,SC
15610,176.7,37535,1210,EC,MBC
15611,176.7,37536,4959,CS,BC
15612,176.7,37537,2661,CS,OC
15613,176.7,37538,5,CS,BC
15614,176.7,37539,1231,EC,MBC
15615,176.7,37540,2764,ME,OC
15616,176.7,37541,2722,EE,BCM
15617,176.7,37542,5910,AD,MBC
15618,176.7,37546,2611,CS,OC
15619,176.7,37547,2,TX,SCA
15620,176.7,37548,2706,IT,MBC
15621,176.7,37549,4971,CS,MBC
15622,176.7,37550,2734,IT,BC
15623,176.7,37552,2711,MZ,MBC
15624,176.7,37553,2740,AD,OC
15625,176.7,37554,5530,CS,OC
15626,176.7,37555,2607,MZ,OC
15627,176.7,37557,3819,EC,MBC
15628,176.7,37558,2734,IT,BC
15629,176.7,37559,2702,ME,OC
15630,176.7,37560,2603,ME,BC
15631,176.7,37561,2651,AD,OC
15632,176.7,37563,3701,AD,OC
15633,176.7,37565,2712,CE,MBC
15634,176.7,37567,5022,EE,OC
15635,176.7,37569,2702,TX,OC
15636,176.7,37571,1419,IC,BC
15637,176.7,37572,3826,AD,OC
15638,176.7,37573,5008,MF,SC
15639,176.7,37574,1120,EC,BCM
15640,176.7,37575,2706,EC,MBC
15641,176.7,37576,1231,AD,MBC
15642,176.7,37578,3464,CS,SC
15643,176.7,37580,2740,CS,OC
15644,176.7,37581,1140,IT,BC
15645,176.7,37582,5,IT,SC
15646,176.7,37584,2661,EC,OC
15647,176.7,37585,5,EC,BCM
15648,176.7,37588,1149,CS,BCM
15649,176.6,37589,1231,CS,BCM
15650,176.6,37590,1226,EE,OC
15651,176.6,37591,1101,IT,OC
15652,176.6,37592,1118,EC,BC
15653,176.6,37593,1128,EC,MBC
15654,176.6,37596,3830,CS,MBC
15655,176.6,37597,1112,EC,BCM
15656,176.6,37598,3011,EC,SC
15657,176.6,37599,4680,EC,OC
15658,176.6,37600,2712,SE,SC
15659,176.6,37601,5910,EC,OC
15660,176.6,37602,2722,IC,BC
15661,176.6,37603,1216,CS,MBC
15662,176.6,37604,1219,EC,SC
15663,176.6,37605,3019,CE,OC
15664,176.6,37606,3803,CS,BC
15665,176.6,37607,5910,EC,OC
15666,176.6,37608,2642,IT,OC
15667,176.6,37610,2712,EE,SC
15668,176.6,37613,3841,AD,OC
15669,176.6,37614,1310,CS,MBC
15670,176.6,37615,1501,EC,OC
15671,176.6,37616,2357,CE,OC
15672,176.6,37617,2608,IT,MBC
15673,176.6,37618,2608,EC,BC
15674,176.6,37619,2727,EC,BC
15675,176.6,37621,1413,CS,BC
15676,176.6,37622,2601,BM,OC
15677,176.6,37624,2653,CS,BC
15678,176.6,37625,2711,AU,OC
15679,176.6,37628,2607,CS,BC
15680,176.6,37629,2622,BT,SC
15681,176.6,37630,2608,EE,OC
15682,176.6,37631,1210,EE,BC
15683,176.6,37633,2726,CS,BC
15684,176.6,37634,2643,CS,OC
15685,176.6,37636,1504,IT,OC
15686,176.6,37639,3786,AE,OC
15687,176.6,37640,2302,AG,OC
15688,176.6,37641,1317,ME,OC
15689,176.6,37642,2705,IT,OC
15690,176.6,37644,5536,EE,OC
15691,176.6,37645,2357,AG,BC
15692,176.6,37646,3011,CE,OC
15693,176.6,37647,2734,IT,BC
15694,176.6,37648,2622,CS,BC
15695,176.6,37649,2745,CS,OC
15696,176.6,37650,2719,ME,OC
15697,176.6,37651,3830,AD,OC
15698,176.6,37652,1216,EC,BC
15699,176.6,37655,5901,ME,MBC
15700,176.6,37657,1419,EI,MBC
15701,176.6,37658,2369,EE,MBC
15702,176.6,37661,4020,CS,MBC
15703,176.6,37662,2618,CS,MBC
15704,176.6,37664,2727,AL,OC
15705,176.6,37668,4960,AD,MBC
15706,176.6,37671,2708,AL,BC
15707,176.6,37672,2727,EC,BC
15708,176.6,37674,2006,TT,MBC
15709,176.6,37676,2347,EC,OC
15710,176.6,37677,2739,CB,MBC
15711,176.6,37678,5910,EC,OC
15712,176.6,37679,5009,EC,BC
15713,176.6,37680,1122,IT,BC
15714,176.6,37682,1015,CS,OC
15715,176.6,37683,1140,AD,OC
15716,176.6,37686,5532,EC,OC
15717,176.6,37687,1225,IT,OC
15718,176.6,37689,2751,IT,BC
15719,176.6,37690,2661,IT,OC
15720,176.6,37693,2622,EC,BC
15721,176.6,37694,2734,AD,OC
15722,176.6,37698,2722,IC,BC
15723,176.6,37699,5986,ME,OC
15724,176.6,37700,1149,EC,BC
15725,176.6,37701,2607,CS,BC
15726,176.6,37703,2709,AU,BC
15727,176.6,37704,4960,ME,OC
15728,176.6,37705,1304,IT,SC
15729,176.6,37707,2740,CS,OC
15730,176.6,37708,4954,CS,BC
15731,176.6,37709,5010,ME,OC
15732,176.6,37713,3701,CS,OC
15733,176.6,37714,1422,EC,MBC
15734,176.6,37715,2622,EE,OC
15735,176.6,37716,1306,EC,OC
15736,176.6,37717,3465,EE,SC
15737,176.6,37718,2723,EE,OC
15738,176.6,37719,1504,IT,OC
15739,176.6,37720,2607,IT,OC
15740,176.6,37721,1207,ME,OC
15741,176.6,37722,2719,RM,MBC
15742,176.6,37725,1118,BM,BC
15743,176.6,37727,1311,CS,MBC
15744,176.6,37728,2369,EE,BC
15745,176.6,37729,2710,CD,BC
15746,176.6,37730,1306,IT,MBC
15747,176.6,37733,2025,ME,BC
15748,176.6,37734,1211,AE,MBC
15749,176.6,37735,2622,BM,OC
15750,176.6,37737,5910,BM,OC
15751,176.6,37738,1122,CS,BC
15752,176.6,37739,2621,CS,OC
15753,176.6,37740,2618,EE,OC
15754,176.6,37742,2639,CS,OC
15755,176.6,37743,2735,AD,MBC
15756,176.6,37744,1026,CS,MBC
15757,176.6,37745,1432,ME,OC
15758,176.6,37746,1210,EE,MBC
15759,176.6,37748,4676,CS,OC
15760,176.6,37749,1207,CS,OC
15761,176.6,37750,2611,CY,OC
15762,176.6,37753,2740,CS,OC
15763,176.6,37755,1523,CS,OC
15764,176.6,37757,3805,EC,OC
15765,176.6,37758,2727,EC,BC
15766,176.6,37759,2712,IT,SCA
15767,176.6,37761,2702,TX,OC
15768,176.6,37764,2621,EC,OC
15769,176.6,37766,3464,EE,OC
15770,176.6,37767,2711,CS,SC
15771,176.6,37768,2727,CS,MBC
15772,176.6,37770,2735,CS,MBC
15773,176.6,37772,2743,CS,OC
15774,176.6,37773,2711,EI,MBC
15775,176.6,37775,2726,BM,OC
15776,176.6,37776,3819,AD,SC
15777,176.6,37778,2653,CS,BC
15778,176.6,37780,2727,EC,MBC
15779,176.6,37781,1322,IT,OC
15780,176.6,37783,2006,ME,ST
15781,176.6,37786,2622,BM,OC
15782,176.6,37788,2723,BM,BC
15783,176.6,37790,2711,ME,OC
15784,176.6,37791,5010,EC,MBC
15785,176.6,37793,2764,ME,OC
15786,176.6,37794,1317,EI,OC
15787,176.6,37795,1450,ME,BC
15788,176.6,37796,5901,EE,SC
15789,176.6,37797,1013,IT,BC
15790,176.6,37798,2610,EC,OC
15791,176.6,37800,1231,EC,BC
15792,176.6,37801,2715,AG,OC
15793,176.6,37802,2607,CS,BC
15794,176.6,37803,1325,IT,OC
15795,176.6,37805,2708,CS,BC
15796,176.6,37806,1219,EC,SC
15797,176.6,37807,3464,CS,SC
15798,176.6,37809,2727,EC,BC
15799,176.6,37810,1118,EC,BC
15800,176.6,37812,2603,ME,BC
15801,176.6,37813,1120,EC,BC
15802,176.6,37816,1407,MR,OC
15803,176.6,37819,2369,EE,BC
15804,176.6,37820,2764,BM,BC
15805,176.6,37821,5,CF,BC
15806,176.6,37822,3021,CS,OC
15807,176.6,37824,1114,IT,MBC
15808,176.6,37825,4964,CS,OC
15809,176.6,37827,2618,IT,BCM
15810,176.6,37828,2715,AG,OC
15811,176.6,37829,2621,EC,OC
15812,176.6,37833,2601,CS,MBC
15813,176.6,37834,1316,CS,OC
15814,176.6,37836,2702,ME,OC
15815,176.6,37837,4944,AD,OC
15816,176.6,37838,2607,IT,OC
15817,176.6,37839,4960,ME,OC
15818,176.6,37841,1216,CS,MBC
15819,176.6,37843,3819,CS,MBC
15820,176.6,37844,1110,CS,OC
15821,176.6,37845,4981,CS,OC
15822,176.6,37846,4680,CS,OC
15823,176.6,37848,2739,EC,BCM
15824,176.6,37849,3701,CS,OC
15825,176.6,37850,2611,FD,OC
15826,176.6,37851,2709,ME,BC
15827,176.6,37852,2711,FD,MBC
15828,176.6,37853,5910,EC,OC
15829,176.6,37854,2725,EC,BC
15830,176.6,37855,2603,EE,SC
15831,176.5,37856,1118,EC,SC
15832,176.5,37859,3011,PH,MBC
15833,176.5,37860,5,CF,BC
15834,176.5,37862,3830,EC,OC
15835,176.5,37863,2726,IT,BC
15836,176.5,37864,4959,CS,BC
15837,176.5,37865,1013,CS,BC
15838,176.5,37867,1324,EC,BCM
15839,176.5,37869,2622,CS,BCM
15840,176.5,37870,1122,BT,BC
15841,176.5,37871,2624,AG,OC
15842,176.5,37872,1306,CS,MBC
15843,176.5,37873,2723,IT,BC
15844,176.5,37875,2726,IT,BC
15845,176.5,37876,4974,ME,BC
15846,176.5,37877,2607,BT,BC
15847,176.5,37879,1516,ME,OC
15848,176.5,37881,2607,FD,OC
15849,176.5,37882,3465,EE,BC
15850,176.5,37883,1118,IT,MBC
15851,176.5,37887,3803,EE,OC
15852,176.5,37888,2723,IT,BC
15853,176.5,37890,3019,CS,OC
15854,176.5,37891,2025,ME,BC
15855,176.5,37892,2711,ME,OC
15856,176.5,37893,1122,BT,MBC
15857,176.5,37894,2302,AD,OC
15858,176.5,37895,1122,CS,BC
15859,176.5,37896,1233,CS,OC
15860,176.5,37899,5009,EC,BC
15861,176.5,37901,2608,CS,SC
15862,176.5,37903,4917,CS,OC
15863,176.5,37904,1422,EE,OC
15864,176.5,37906,1137,CS,OC
15865,176.5,37907,4957,CS,OC
15866,176.5,37908,2725,CS,MBC
15867,176.5,37909,2718,MZ,BCM
15868,176.5,37910,2736,IT,BC
15869,176.5,37911,1237,CS,BC
15870,176.5,37912,2718,CE,MBC
15871,176.5,37914,1306,IT,BCM
15872,176.5,37915,4960,EE,BCM
15873,176.5,37917,1311,IT,BC
15874,176.5,37918,4972,EC,OC
15875,176.5,37920,2739,ME,OC
15876,176.5,37921,2615,CE,MBC
15877,176.5,37922,2601,CS,BC
15878,176.5,37923,2615,CE,SC
15879,176.5,37924,3011,EE,OC
15880,176.5,37925,2615,ME,SC
15881,176.5,37926,5910,EC,OC
15882,176.5,37927,2710,EC,MBC
15883,176.5,37928,2764,EC,MBC
15884,176.5,37929,2726,CS,BCM
15885,176.5,37930,2618,CE,OC
15886,176.5,37931,1128,ME,OC
15887,176.5,37933,3819,EC,BC
15888,176.5,37935,1015,CS,BC
15889,176.5,37936,2719,EE,MBC
15890,176.5,37938,1413,CS,BC
15891,176.5,37939,2764,EE,BC
15892,176.5,37941,4669,EC,OC
15893,176.5,37944,2764,EE,BC
15894,176.5,37946,2726,CS,BC
15895,176.5,37950,2622,EE,OC
15896,176.5,37951,2656,CS,MBC
15897,176.5,37952,1149,EC,BC
15898,176.5,37954,2702,CS,SC
15899,176.5,37955,5009,EC,BC
15900,176.5,37956,3819,CS,MBC
15901,176.5,37957,1325,EC,OC
15902,176.5,37958,2610,CE,OC
15903,176.5,37963,1317,EI,OC
15904,176.5,37964,1122,IT,BC
15905,176.5,37968,1309,EE,OC
15906,176.5,37969,4023,XC,OC
15907,176.5,37971,5009,EE,OC
15908,176.5,37972,2751,CS,BC
15909,176.5,37976,2727,AL,BC
15910,176.5,37980,4955,IT,BC
15911,176.5,37983,2622,AD,OC
15912,176.5,37985,1120,EC,BC
15913,176.5,37987,5010,CE,OC
15914,176.5,37989,4023,EC,BC
15915,176.5,37991,1120,EC,BC
15916,176.5,37992,2607,CS,BC
15917,176.5,37994,1118,EC,MBC
15918,176.5,37995,1128,EC,MBC
15919,176.5,37996,1413,AD,OC
15920,176.5,37997,2618,BM,OC
15921,176.5,37999,1211,EC,SC
15922,176.5,38000,2719,IT,MBC
15923,176.5,38002,3830,IT,BC
15924,176.5,38003,2709,EC,SC
15925,176.5,38004,3819,CB,OC
15926,176.5,38007,2751,CS,BC
15927,176.5,38008,2702,CE,OC
15928,176.5,38010,2726,IT,BC
15929,176.5,38011,1217,AD,OC
15930,176.5,38012,1231,EC,BC
15931,176.5,38014,1414,CS,OC
15932,176.5,38015,1211,CH,BC
15933,176.5,38018,1140,CS,MBC
15934,176.5,38019,3795,EC,OC
15935,176.5,38022,1210,EE,MBC
15936,176.5,38025,2615,MT,MBC
15937,176.5,38027,1216,EC,BC
15938,176.5,38028,2702,ME,BC
15939,176.5,38030,1419,MU,OC
15940,176.5,38031,3011,CS,SC
15941,176.5,38032,2025,ME,MBC
15942,176.5,38034,1149,ME,OC
15943,176.5,38036,3819,EC,SC
15944,176.5,38037,1110,CS,OC
15945,176.5,38038,4974,ME,BC
15946,176.5,38039,2727,AL,BC
15947,176.5,38045,1422,EI,OC
15948,176.5,38047,2710,CS,BCM
15949,176.5,38052,1419,CS,SC
15950,176.5,38053,3819,EC,BC
15951,176.5,38055,1317,EI,BC
15952,176.5,38057,1219,CS,SCA
15953,176.5,38060,2611,CS,OC
15954,176.5,38061,4,AU,SCA
15955,176.5,38066,2718,IT,SC
15956,176.5,38068,1217,CS,OC
15957,176.5,38069,1219,EC,SC
15958,176.5,38071,1419,EC,MBC
15959,176.5,38076,5,CS,MBC
15960,176.5,38082,1306,EC,OC
15961,176.5,38084,1311,AD,BC
15962,176.5,38085,1113,CE,BC
15963,176.5,38091,1110,CS,OC
15964,176.5,38092,1140,AD,OC
15965,176.5,38097,1118,CB,BC
15966,176.5,38098,1149,EC,BC
15967,176.5,38104,1122,AD,BC
15968,176.5,38105,1405,CS,OC
15969,176.5,38108,2369,EC,MBC
15970,176.5,38114,1237,EC,OC
15971,176.5,38115,1317,EE,BC
15972,176.5,38116,2006,ES,SC
15973,176.5,38117,1219,AU,BC
15974,176.5,38120,1112,CB,MBC
15975,176.5,38121,1218,BM,OC
15976,176.5,38125,1211,EC,SC
15977,176.5,38127,1118,AD,BCM
15978,176.5,38133,1106,CS,OC
15979,176.5,38134,1303,IT,OC
15980,176.5,38135,2628,AD,OC
15981,176.5,38139,2726,AO,BC
15982,176.5,38141,1317,EE,BC
15983,176.5,38142,2711,CH,OC
15984,176.5,38145,1216,AL,MBC
15985,176.5,38149,2735,AD,MBC
15986,176.5,38151,2601,CS,BC
15987,176.5,38152,1311,IT,SC
15988,176.5,38153,5009,EE,OC
15989,176.5,38155,4864,EC,OC
15990,176.5,38156,4023,IT,BC
15991,176.5,38157,1211,ME,BC
15992,176.5,38161,1516,ME,OC
15993,176.5,38162,2702,TX,OC
15994,176.5,38163,3819,CB,OC
15995,176.5,38164,2712,FT,MBC
15996,176.5,38165,1233,CS,OC
15997,176.5,38168,4960,CS,MBC
15998,176.5,38169,1231,EC,BC
15999,176.5,38170,2723,EC,OC
16000,176.5,38172,3464,EE,OC
16001,176.5,38173,2704,EE,OC
16002,176.5,38174,2708,CS,BC
16003,176.5,38175,2736,EC,OC
16004,176.5,38176,2706,CS,MBC
16005,176.5,38177,4971,CS,MBC
16006,176.5,38178,2723,IT,BC
16007,176.5,38179,2653,CS,BC
16008,176.5,38181,2710,CD,BC
16009,176.5,38182,1509,CS,OC
16010,176.5,38183,5,CF,BC
16011,176.5,38184,1217,CE,OC
16012,176.5,38185,1324,CS,SC
16013,176.5,38187,2603,CS,SC
16014,176.5,38188,3465,EE,BC
16015,176.5,38189,4864,EE,OC
16016,176.5,38191,2653,AD,OC
16017,176.5,38192,1210,EE,BC
16018,176.5,38193,3701,CS,OC
16019,176.5,38194,1516,ME,OC
16020,176.5,38195,2764,BM,MBC
16021,176.5,38196,1216,AD,BCM
16022,176.5,38197,1422,CY,MBC
16023,176.5,38198,4959,IT,OC
16024,176.5,38199,3425,EC,OC
16025,176.5,38201,1231,AD,BCM
16026,176.5,38202,2741,CS,BC
16027,176.5,38204,2369,EE,BC
16028,176.5,38207,1219,AU,BC
16029,176.5,38211,1219,EE,SC
16030,176.5,38214,2711,CE,OC
16031,176.5,38215,2751,IT,BC
16032,176.5,38218,1149,EC,BC
16033,176.5,38219,3465,EE,MBC
16034,176.5,38222,5022,CE,OC
16035,176.5,38223,2735,AD,BC
16036,176.5,38224,2708,CS,BC
16037,176.5,38225,2710,AD,SC
16038,176.5,38227,2736,AD,OC
16039,176.5,38229,5910,EC,MBC
16040,176.4,38231,3011,PC,OC
16041,176.4,38232,3819,CB,OC
16042,176.4,38233,5901,ME,MBC
16043,176.4,38235,2719,ME,OC
16044,176.4,38238,3843,CS,OC
16045,176.4,38239,1026,EE,OC
16046,176.4,38240,4949,EC,OC
16047,176.4,38241,2328,EE,OC
16048,176.4,38242,1026,EC,BC
16049,176.4,38244,1225,IT,OC
16050,176.4,38245,1140,AD,BC
16051,176.4,38248,2727,EC,BC
16052,176.4,38249,4974,ME,BC
16053,176.4,38252,1231,CS,MBC
16054,176.4,38254,5914,CS,OC
16055,176.4,38257,3830,IT,BC
16056,176.4,38259,2623,BM,OC
16057,176.4,38260,1432,EC,MBC
16058,176.4,38261,3795,EC,OC
16059,176.4,38263,4974,ME,BC
16060,176.4,38264,2708,AG,OC
16061,176.4,38266,5022,CS,BC
16062,176.4,38267,1218,CS,OC
16063,176.4,38268,2723,EC,OC
16064,176.4,38270,1237,CS,BC
16065,176.4,38272,5910,CB,BCM
16066,176.4,38273,3801,CS,BCM
16067,176.4,38274,1505,CS,OC
16068,176.4,38276,2702,CE,MBC
16069,176.4,38279,2618,CS,MBC
16070,176.4,38280,2734,TS,OC
16071,176.4,38283,1140,IT,BC
16072,176.4,38284,2727,BT,BC
16073,176.4,38287,2622,EE,OC
16074,176.4,38288,2718,EC,SC
16075,176.4,38289,2711,AU,OC
16076,176.4,38291,2751,IT,MBC
16077,176.4,38292,2750,CS,MBC
16078,176.4,38295,2719,IT,MBC
16079,176.4,38297,1014,CS,BC
16080,176.4,38298,2328,CS,OC
16081,176.4,38299,1216,CE,OC
16082,176.4,38300,2653,CS,BC
16083,176.4,38301,2648,CS,OC
16084,176.4,38302,1140,IT,BC
16085,176.4,38303,2,AP,SC
16086,176.4,38304,2725,EC,BC
16087,176.4,38305,2726,CS,MBC
16088,176.4,38307,2736,EC,OC
16089,176.4,38308,2709,CE,BC
16090,176.4,38311,1432,EC,SC
16091,176.4,38313,2607,CS,BC
16092,176.4,38315,2764,CE,OC
16093,176.4,38316,2726,AO,BC
16094,176.4,38317,2704,CS,MBC
16095,176.4,38321,2622,ME,OC
16096,176.4,38322,3830,IT,MBC
16097,176.4,38324,2751,CS,BC
16098,176.4,38326,2702,BM,SC
16099,176.4,38327,3011,EC,SC
16100,176.4,38329,2702,ME,BC
16101,176.4,38330,4965,EC,OC
16102,176.4,38331,1219,CH,SC
16103,176.4,38334,4670,ME,OC
16104,176.4,38335,2723,IT,BC
16105,176.4,38336,2,CR,SC
16106,176.4,38337,2646,CS,OC
16107,176.4,38338,3815,CS,OC
16108,176.4,38341,2709,CE,BC
16109,176.4,38342,3021,CS,OC
16110,176.4,38343,3011,CS,SC
16111,176.4,38345,1306,EC,OC
16112,176.4,38346,1120,EC,MBC
16113,176.4,38347,2727,EC,BC
16114,176.4,38348,2726,AL,OC
16115,176.4,38349,2725,CS,MBC
16116,176.4,38351,2708,AE,OC
16117,176.4,38353,2711,EI,MBC
16118,176.4,38355,2025,ME,SC
16119,176.4,38362,1216,AD,MBC
16120,176.4,38365,2715,CH,OC
16121,176.4,38367,2708,IT,BC
16122,176.4,38368,3806,BM,OC
16123,176.4,38369,1015,CS,BC
16124,176.4,38370,4974,EC,MBC
16125,176.4,38371,4994,CS,OC
16126,176.4,38372,1316,AO,OC
16127,176.4,38373,2710,ET,OC
16128,176.4,38375,3817,CH,OC
16129,176.4,38376,3830,EC,OC
16130,176.4,38377,2622,EC,BC
16131,176.4,38378,1401,EE,OC
16132,176.4,38379,5009,EC,BC
16133,176.4,38380,2736,IT,BC
16134,176.4,38381,2615,MT,SC
16135,176.4,38382,5,IT,MBC
16136,176.4,38383,2610,CS,OC
16137,176.4,38385,2006,MS,SC
16138,176.4,38386,3804,CS,OC
16139,176.4,38387,1507,IT,OC
16140,176.4,38388,1116,CS,BC
16141,176.4,38390,2607,AD,BC
16142,176.4,38391,2729,AE,OC
16143,176.4,38395,4944,CS,OC
16144,176.4,38396,2725,CS,MBC
16145,176.4,38397,1419,IC,MBC
16146,176.4,38401,1216,EC,BC
16147,176.4,38402,1211,CE,OC
16148,176.4,38404,3805,BM,OC
16149,176.4,38405,1516,EC,SC
16150,176.4,38409,2618,EC,MBC
16151,176.4,38410,2725,CS,MBC
16152,176.4,38411,2622,CE,OC
16153,176.4,38412,1516,EE,MBC
16154,176.4,38413,2702,ME,BC
16155,176.4,38414,2736,AD,BC
16156,176.4,38415,2764,ME,OC
16157,176.4,38417,5910,EE,OC
16158,176.4,38419,2723,IT,BC
16159,176.4,38420,5907,CH,OC
16160,176.4,38423,2345,EE,OC
16161,176.4,38424,2702,EI,MBC
16162,176.4,38425,2613,EC,OC
16163,176.4,38426,2750,CB,OC
16164,176.4,38428,1210,EC,MBC
16165,176.4,38431,3011,CS,SC
16166,176.4,38433,5,IT,MBC
16167,176.4,38434,2764,EE,BC
16168,176.4,38435,4960,CE,OC
16169,176.4,38436,3826,CS,MBC
16170,176.4,38437,2727,EC,BC
16171,176.4,38440,1014,IT,OC
16172,176.4,38441,2708,CS,MBC
16173,176.4,38443,5,CF,MBC
16174,176.4,38444,2653,IT,BC
16175,176.4,38450,4024,EE,OC
16176,176.4,38452,4944,EC,OC
16177,176.4,38454,3830,CS,MBC
16178,176.4,38457,1237,AD,OC
16179,176.4,38459,1210,EC,MBC
16180,176.4,38460,2708,CS,BC
16181,176.4,38462,2025,ME,BC
16182,176.4,38464,5910,EC,BC
16183,176.4,38465,4955,IT,BC
16184,176.4,38466,2369,EE,BC
16185,176.4,38467,2752,EC,OC
16186,176.4,38469,2609,AO,OC
16187,176.4,38470,2723,BM,BC
16188,176.4,38471,1211,ME,BC
16189,176.4,38472,4971,EC,BC
16190,176.4,38473,2726,CS,BC
16191,176.4,38474,1317,EE,BC
16192,176.4,38475,1311,EC,BC
16193,176.4,38477,2651,AD,OC
16194,176.4,38478,2702,ME,BC
16195,176.4,38480,3812,EC,OC
16196,176.4,38481,1225,EC,OC
16197,176.4,38483,1399,EC,SC
16198,176.4,38484,2702,FD,MBC
16199,176.4,38486,5910,EC,BC
16200,176.4,38487,2708,IT,BC
16201,176.4,38488,3464,EC,MBC
16202,176.4,38489,2708,IT,BCM
16203,176.4,38490,2727,CS,MBC
16204,176.4,38492,1399,BM,SC
16205,176.4,38493,4960,CE,OC
16206,176.4,38495,1434,CS,OC
16207,176.4,38496,1422,EE,OC
16208,176.4,38498,2661,EC,OC
16209,176.4,38499,1219,EE,SC
16210,176.4,38500,3810,EE,OC
16211,176.3,38501,1219,MR,BC
16212,176.3,38502,1120,EE,OC
16213,176.3,38503,1408,CS,OC
16214,176.3,38505,1149,EC,BC
16215,176.3,38506,4024,EE,OC
16216,176.3,38508,4020,GI,OC
16217,176.3,38509,4962,CE,OC
16218,176.3,38513,2706,EE,OC
16219,176.3,38514,1211,CB,SC
16220,176.3,38515,4952,CS,OC
16221,176.3,38516,2741,EC,OC
16222,176.3,38517,2736,AD,BC
16223,176.3,38518,1422,IT,SC
16224,176.3,38520,1225,EC,OC
16225,176.3,38524,1309,EE,OC
16226,176.3,38525,2735,EC,OC
16227,176.3,38526,1013,IT,MBC
16228,176.3,38527,2706,EE,BC
16229,176.3,38528,1309,EC,MBC
16230,176.3,38529,1211,ME,BC
16231,176.3,38532,2729,CS,OC
16232,176.3,38533,2751,AD,OC
16233,176.3,38536,2772,CS,OC
16234,176.3,38538,1309,EE,OC
16235,176.3,38539,5832,EC,OC
16236,176.3,38543,2369,EE,MBC
16237,176.3,38545,3011,EE,OC
16238,176.3,38546,2618,CS,MBC
16239,176.3,38547,2735,AD,BC
16240,176.3,38549,2708,AL,MBC
16241,176.3,38551,4955,CS,SC
16242,176.3,38552,2727,EC,MBC
16243,176.3,38554,1311,IT,BC
16244,176.3,38556,1241,CS,OC
16245,176.3,38557,2739,EC,MBC
16246,176.3,38559,5910,CB,MBC
16247,176.3,38560,1120,EC,MBC
16248,176.3,38561,1013,EC,OC
16249,176.3,38563,4994,CS,OC
16250,176.3,38565,3011,EE,OC
16251,176.3,38566,1013,IT,BC
16252,176.3,38568,1210,CO,MBC
16253,176.3,38570,2727,EE,OC
16254,176.3,38571,5910,EC,MBC
16255,176.3,38572,2711,EE,MBC
16256,176.3,38573,2618,IT,MBC
16257,176.3,38575,2711,MZ,BC
16258,176.3,38576,5,IT,MBC
16259,176.3,38577,1237,IT,BC
16260,176.3,38580,3918,CS,OC
16261,176.3,38582,1523,CS,OC
16262,176.3,38583,4917,CS,OC
16263,176.3,38584,1013,EC,OC
16264,176.3,38585,5904,AD,BC
16265,176.3,38586,5910,IT,MBC
16266,176.3,38587,1014,IT,OC
16267,176.3,38588,2620,EC,OC
16268,176.3,38591,2762,AD,OC
16269,176.3,38592,2726,MZ,OC
16270,176.3,38593,3465,EC,SC
16271,176.3,38594,2751,EC,OC
16272,176.3,38595,5910,CE,OC
16273,176.3,38596,2610,RM,OC
16274,176.3,38597,2601,CS,MBC
16275,176.3,38598,2659,BM,OC
16276,176.3,38600,5910,EC,BC
16277,176.3,38603,1317,EC,SC
16278,176.3,38604,3701,CS,OC
16279,176.3,38605,2727,AL,BC
16280,176.3,38607,1311,CS,MBC
16281,176.3,38608,2710,CD,BC
16282,176.3,38611,2618,EC,MBC
16283,176.3,38613,2343,HT,MBC
16284,176.3,38614,1422,CY,SC
16285,176.3,38617,4678,EC,BC
16286,176.3,38618,1301,CS,OC
16287,176.3,38620,3464,EE,OC
16288,176.3,38621,1321,PA,MBC
16289,176.3,38622,2735,AD,BC
16290,176.3,38623,2707,ME,OC
16291,176.3,38624,2610,CS,OC
16292,176.3,38625,2727,AL,BC
16293,176.3,38626,4971,EE,OC
16294,176.3,38627,2736,AD,BC
16295,176.3,38628,2702,AD,ST
16296,176.3,38629,5009,CS,SC
16297,176.3,38630,2618,CS,SCA
16298,176.3,38631,3807,CS,OC
16299,176.3,38632,2722,IC,BC
16300,176.3,38634,1140,IT,MBC
16301,176.3,38635,2357,CS,OC
16302,176.3,38636,1210,EE,BC
16303,176.3,38637,1217,BM,OC
16304,176.3,38639,4023,CS,BC
16305,176.3,38640,2653,CS,BC
16306,176.3,38641,2727,EC,BC
16307,176.3,38642,4974,ME,MBC
16308,176.3,38644,1304,IT,SC
16309,176.3,38645,1211,AE,MBC
16310,176.3,38646,2739,EC,MBC
16311,176.3,38649,1216,EC,BC
16312,176.3,38650,2727,AL,BC
16313,176.3,38651,3801,CS,BC
16314,176.3,38652,4955,CB,OC
16315,176.3,38654,3795,CS,MBC
16316,176.3,38656,3465,ME,OC
16317,176.3,38657,2643,CS,OC
16318,176.3,38658,5901,ME,MBC
16319,176.3,38661,2708,IT,BC
16320,176.3,38662,4965,EC,OC
16321,176.3,38663,3016,CS,OC
16322,176.3,38664,2618,EE,OC
16323,176.3,38667,1231,EC,BC
16324,176.3,38668,1233,CS,MBC
16325,176.3,38669,2727,BT,MBC
16326,176.3,38670,2702,ME,BC
16327,176.3,38672,2708,CS,BC
16328,176.3,38673,2726,CS,BC
16329,176.3,38674,2722,IC,BC
16330,176.3,38675,5910,IT,MBC
16331,176.3,38677,1399,EC,SC
16332,176.3,38679,2709,ME,MBC
16333,176.3,38681,2704,EC,BC
16334,176.3,38684,2711,MZ,BC
16335,176.3,38685,1140,EC,OC
16336,176.3,38686,2723,IT,BC
16337,176.3,38687,1113,CB,SC
16338,176.3,38688,4675,EC,OC
16339,176.3,38690,2653,CB,OC
16340,176.3,38691,2723,EC,OC
16341,176.3,38692,2632,BM,OC
16342,176.3,38695,3011,AU,OC
16343,176.3,38696,2610,CY,OC
16344,176.3,38697,3804,AU,OC
16345,176.3,38698,1306,BT,BC
16346,176.3,38699,5009,EE,OC
16347,176.3,38701,5901,EE,SC
16348,176.3,38702,1450,ME,BC
16349,176.3,38703,2734,IT,BC
16350,176.3,38704,2641,CS,OC
16351,176.3,38705,4960,CE,OC
16352,176.3,38707,1432,CO,BCM
16353,176.3,38708,1110,CS,OC
16354,176.3,38709,1216,AD,MBC
16355,176.3,38712,4023,EC,BC
16356,176.3,38713,1505,CS,OC
16357,176.3,38715,2603,ME,MBC
16358,176.3,38716,5,CH,OC
16359,176.2,38720,1014,IT,BC
16360,176.2,38721,1412,CS,OC
16361,176.2,38722,2610,IT,OC
16362,176.2,38724,1122,EC,OC
16363,176.2,38726,1113,CE,BC
16364,176.2,38728,1211,BM,MBC
16365,176.2,38729,2710,EE,OC
16366,176.2,38730,2708,AL,BC
16367,176.2,38731,5910,EC,MBC
16368,176.2,38733,4959,IT,BC
16369,176.2,38735,2727,AL,BC
16370,176.2,38738,1122,IT,BC
16371,176.2,38739,2722,IC,BC
16372,176.2,38740,1422,EC,MBC
16373,176.2,38741,1399,EC,SC
16374,176.2,38742,1217,CS,OC
16375,176.2,38744,3819,CB,OC
16376,176.2,38748,5910,EC,BC
16377,176.2,38750,2357,EE,OC
16378,176.2,38751,2764,CE,OC
16379,176.2,38752,1228,CS,OC
16380,176.2,38758,1207,RM,OC
16381,176.2,38760,2620,EC,OC
16382,176.2,38762,5910,EC,BC
16383,176.2,38763,4981,CS,OC
16384,176.2,38767,2608,EC,BC
16385,176.2,38768,2725,EC,BC
16386,176.2,38769,2704,EC,MBC
16387,176.2,38771,5009,EC,MBC
16388,176.2,38772,2721,CS,OC
16389,176.2,38773,2736,IT,BC
16390,176.2,38774,2607,CS,BC
16391,176.2,38776,2719,ME,OC
16392,176.2,38777,1115,CS,OC
16393,176.2,38778,4678,EC,BC
16394,176.2,38780,5910,EC,BC
16395,176.2,38781,1316,IT,OC
16396,176.2,38783,2615,ME,MBC
16397,176.2,38784,2750,EC,OC
16398,176.2,38786,1128,CS,MBC
16399,176.2,38787,2711,MZ,BC
16400,176.2,38788,2719,BM,MBC
16401,176.2,38790,2704,EE,OC
16402,176.2,38795,2718,IT,SC
16403,176.2,38797,2622,AD,OC
16404,176.2,38798,2369,EC,BCM
16405,176.2,38799,2636,CS,OC
16406,176.2,38800,2706,EE,BC
16407,176.2,38801,2611,CS,OC
16408,176.2,38807,4962,ME,OC
16409,176.2,38811,1231,EC,MBC
16410,176.2,38813,1118,EC,BC
16411,176.2,38815,1112,AL,MBC
16412,176.2,38816,2727,BT,BC
16413,176.2,38817,1149,EC,MBC
16414,176.2,38819,1014,CS,BC
16415,176.2,38819,1226,CS,OC
16416,176.2,38820,1324,CO,MBC
16417,176.2,38822,2725,CS,MBC
16418,176.2,38823,5904,EC,OC
16419,176.2,38825,2708,CS,BC
16420,176.2,38826,2611,CH,OC
16421,176.2,38828,2708,AG,OC
16422,176.2,38830,4953,CS,OC
16423,176.2,38831,1226,CS,OC
16424,176.2,38832,1216,EC,BC
16425,176.2,38834,1414,IT,OC
16426,176.2,38835,2715,CS,OC
16427,176.2,38836,4954,CS,BC
16428,176.2,38839,2712,BT,SC
16429,176.2,38840,2620,EC,OC
16430,176.2,38841,3465,EE,MBC
16431,176.2,38842,3805,EE,OC
16432,176.2,38843,2661,CS,OC
16433,176.2,38844,1306,AE,OC
16434,176.2,38849,2726,BM,OC
16435,176.2,38850,1450,ME,BC
16436,176.2,38851,1516,EE,MBC
16437,176.2,38855,1309,EE,BC
16438,176.2,38856,2369,EE,BC
16439,176.2,38858,1210,ME,OC
16440,176.2,38859,1219,MR,BC
16441,176.2,38861,5910,EC,BC
16442,176.2,38863,1122,IT,MBC
16443,176.2,38864,2711,MZ,BC
16444,176.2,38866,2656,CS,BC
16445,176.2,38868,1118,BM,MBC
16446,176.2,38876,1110,IT,OC
16447,176.2,38877,2709,CE,BC
16448,176.2,38878,2702,ME,BC
16449,176.2,38879,1120,EE,OC
16450,176.2,38880,1120,EC,MBC
16451,176.2,38882,2708,AE,OC
16452,176.2,38883,4928,EC,OC
16453,176.2,38884,2735,AD,SC
16454,176.2,38885,1219,ME,MBC
16455,176.2,38887,2726,CS,BC
16456,176.2,38888,1210,CB,BCM
16457,176.2,38889,2723,EC,OC
16458,176.2,38890,1419,ME,OC
16459,176.2,38891,1233,CS,MBC
16460,176.2,38893,2708,BM,SC
16461,176.2,38895,2710,ET,OC
16462,176.2,38896,2726,IT,BC
16463,176.2,38900,3465,CE,OC
16464,176.2,38903,1120,EC,MBC
16465,176.2,38906,2719,CE,OC
16466,176.2,38909,2620,BT,OC
16467,176.2,38911,2725,EC,BC
16468,176.2,38912,2357,CS,OC
16469,176.2,38913,2618,EE,OC
16470,176.2,38915,1231,EC,BC
16471,176.2,38916,2615,CE,SC
16472,176.2,38917,2751,CS,BC
16473,176.2,38918,1422,EE,OC
16474,176.2,38919,2607,TX,OC
16475,176.2,38920,2710,IT,BCM
16476,176.2,38922,2719,EE,MBC
16477,176.2,38923,2354,CS,OC
16478,176.2,38924,2656,EC,OC
16479,176.2,38925,2369,ME,OC
16480,176.2,38926,4933,EC,OC
16481,176.2,38928,1211,AL,SC
16482,176.2,38929,2740,IT,OC
16483,176.2,38930,1216,AL,MBC
16484,176.2,38933,1513,CS,OC
16485,176.2,38935,3805,FD,OC
16486,176.2,38937,2627,BT,OC
16487,176.2,38938,1231,EC,MBC
16488,176.2,38939,2706,EI,OC
16489,176.2,38940,2762,EC,OC
16490,176.2,38941,2722,IC,MBC
16491,176.2,38943,1408,IT,OC
16492,176.2,38946,3815,CS,OC
16493,176.2,38947,4964,MR,OC
16494,176.2,38948,3807,EC,OC
16495,176.2,38950,1113,ME,BC
16496,176.2,38951,2710,CD,BC
16497,176.2,38952,5009,EC,BC
16498,176.2,38954,3464,EE,OC
16499,176.2,38957,4959,EC,OC
16500,176.2,38958,3905,CS,OC
16501,176.2,38959,1306,AD,MBC
16502,176.2,38960,5904,IT,OC
16503,176.2,38961,2723,EC,OC
16504,176.2,38962,3464,ME,OC
16505,176.2,38963,2734,IT,BC
16506,176.2,38964,3011,CS,SC
16507,176.2,38965,1509,CS,OC
16508,176.2,38967,1307,CS,OC
16509,176.2,38968,2367,AD,OC
16510,176.2,38970,3801,IT,OC
16511,176.2,38971,5,EE,OC
16512,176.2,38972,1219,EE,SC
16513,176.2,38976,5,IT,MBC
16514,176.2,38977,4965,CS,OC
16515,176.2,38978,2710,TS,MBC
16516,176.2,38979,2704,CS,MBC
16517,176.2,38980,2736,AD,BCM
16518,176.2,38981,1211,AU,OC
16519,176.2,38982,2718,IT,SC
16520,176.1,38983,1211,AU,OC
16521,176.1,38989,1110,CS,OC
16522,176.1,38990,3011,EE,OC
16523,176.1,38991,4974,EE,SC
16524,176.1,38992,5986,EE,MBC
16525,176.1,38993,1442,CS,OC
16526,176.1,38995,2751,CS,BC
16527,176.1,38996,1231,EC,BC
16528,176.1,38997,1411,EC,OC
16529,176.1,38998,1414,IT,OC
16530,176.1,38999,4962,EE,BC
16531,176.1,39000,1231,EC,BC
16532,176.1,39002,2726,MZ,OC
16533,176.1,39003,2712,CE,SC
16534,176.1,39004,2025,CS,SCA
16535,176.1,39009,1013,EC,OC
16536,176.1,39010,4023,EC,BC
16537,176.1,39011,1422,EE,OC
16538,176.1,39013,1114,CS,MBC
16539,176.1,39014,4964,CS,OC
16540,176.1,39016,2726,AL,OC
16541,176.1,39017,1219,AU,BCM
16542,176.1,39018,2650,ME,OC
16543,176.1,39021,4981,CS,OC
16544,176.1,39025,2609,EC,OC
16545,176.1,39026,4971,EE,OC
16546,176.1,39028,2723,IT,BC
16547,176.1,39029,2622,AD,OC
16548,176.1,39030,1450,ME,BC
16549,176.1,39031,2736,AD,BC
16550,176.1,39032,2702,CE,BC
16551,176.1,39033,2736,IT,BC
16552,176.1,39036,2729,EE,OC
16553,176.1,39038,1452,CS,OC
16554,176.1,39043,1110,CS,BC
16555,176.1,39045,2615,CE,MBC
16556,176.1,39047,4959,EC,OC
16557,176.1,39048,5901,ME,SC
16558,176.1,39050,1311,IT,MBC
16559,176.1,39051,1307,IT,OC
16560,176.1,39052,1211,AL,SC
16561,176.1,39054,4966,CS,OC
16562,176.1,39055,4959,AD,OC
16563,176.1,39058,4965,EC,OC
16564,176.1,39059,2706,EE,BC
16565,176.1,39060,2705,CS,OC
16566,176.1,39061,1118,IT,MBC
16567,176.1,39064,3465,EE,MBC
16568,176.1,39066,5,IT,MBC
16569,176.1,39067,5,CS,BC
16570,176.1,39069,2653,CS,MBC
16571,176.1,39070,5910,IT,MBC
16572,176.1,39071,1416,BM,OC
16573,176.1,39073,5010,ME,OC
16574,176.1,39074,2776,AG,OC
16575,176.1,39075,1325,CS,OC
16576,176.1,39076,1211,AL,SC
16577,176.1,39077,2651,CS,OC
16578,176.1,39079,4960,AD,MBC
16579,176.1,39080,2706,EE,MBC
16580,176.1,39084,5910,EC,BC
16581,176.1,39086,2718,EC,SC
16582,176.1,39088,1225,IT,OC
16583,176.1,39089,2755,FD,OC
16584,176.1,39090,1237,AD,BC
16585,176.1,39093,1307,IT,OC
16586,176.1,39094,3817,CS,OC
16587,176.1,39096,1026,CS,SC
16588,176.1,39097,1324,AD,MBC
16589,176.1,39099,1112,EC,MBC
16590,176.1,39100,4960,AD,MBC
16591,176.1,39101,1231,EC,BC
16592,176.1,39102,2343,HT,MBC
16593,176.1,39103,5902,IT,OC
16594,176.1,39105,1306,AD,MBC
16595,176.1,39106,1207,AD,OC
16596,176.1,39107,2601,CS,BC
16597,176.1,39108,2708,CS,BC
16598,176.1,39110,1432,ME,OC
16599,176.1,39112,1304,ME,OC
16600,176.1,39113,1317,ME,OC
16601,176.1,39115,4944,AD,OC
16602,176.1,39117,2750,BT,SC
16603,176.1,39118,2611,IT,OC
16604,176.1,39123,1419,ME,OC
16605,176.1,39124,1211,FD,MBC
16606,176.1,39125,2708,EC,OC
16607,176.1,39126,2710,CD,BC
16608,176.1,39127,1127,CS,OC
16609,176.1,39128,4678,CE,OC
16610,176.1,39129,1211,EC,SC
16611,176.1,39130,1335,EC,OC
16612,176.1,39131,2715,AG,OC
16613,176.1,39132,2706,EI,OC
16614,176.1,39133,4954,IT,OC
16615,176.1,39134,1217,CS,OC
16616,176.1,39135,2622,CS,BC
16617,176.1,39136,1325,CS,OC
16618,176.1,39138,5,IT,MBC
16619,176.1,39139,1122,IT,BC
16620,176.1,39141,1422,EE,OC
16621,176.1,39142,2608,EC,BC
16622,176.1,39143,5,IT,BC
16623,176.1,39146,3826,EC,OC
16624,176.1,39147,1317,EE,BC
16625,176.1,39148,1216,EC,MBC
16626,176.1,39149,5910,IT,MBC
16627,176.1,39152,5,CS,MBC
16628,176.1,39153,1516,EE,SC
16629,176.1,39154,1014,CS,BC
16630,176.1,39156,1128,EC,MBC
16631,176.1,39157,3454,CS,OC
16632,176.1,39157,1419,CS,SC
16633,176.1,39159,2702,ME,BC
16634,176.1,39160,4024,EC,OC
16635,176.1,39162,2369,EC,MBC
16636,176.1,39163,3819,CB,OC
16637,176.1,39165,2727,BT,BC
16638,176.1,39171,3465,EE,BC
16639,176.1,39173,2727,EC,BC
16640,176.1,39176,2711,ME,OC
16641,176.1,39179,1307,CS,BC
16642,176.1,39181,4981,ME,OC
16643,176.1,39188,4965,CS,OC
16644,176.1,39190,5904,EC,OC
16645,176.1,39193,2764,ME,OC
16646,176.1,39194,1114,CS,MBC
16647,176.1,39195,2715,CS,OC
16648,176.1,39196,4020,GI,OC
16649,176.1,39197,4960,EE,MBC
16650,176.1,39199,1316,CH,OC
16651,176.1,39200,2707,CD,OC
16652,176.1,39201,2725,CS,BCM
16653,176.1,39204,1419,EI,BC
16654,176.1,39205,4931,EE,OC
16655,176.1,39207,2710,EC,MBC
16656,176.1,39208,2741,CS,MBC
16657,176.1,39209,2739,ME,OC
16658,176.1,39210,2711,MZ,BC
16659,176.1,39212,2719,CE,OC
16660,176.1,39213,1013,CS,BC
16661,176.1,39214,5910,EC,BC
16662,176.1,39216,2607,IT,OC
16663,176.1,39217,2711,EE,BCM
16664,176.1,39218,3830,IT,BC
16665,176.1,39220,1122,CS,MBC
16666,176.1,39224,3011,EE,BC
16667,176.1,39225,1211,EC,SC
16668,176.1,39226,2603,EC,SC
16669,176.1,39228,1114,CS,BC
16670,176.1,39229,2708,CS,MBC
16671,176.1,39230,2706,EE,BC
16672,176.1,39232,2723,ME,OC
16673,176.1,39233,2706,IT,BCM
16674,176.1,39234,3810,IT,OC
16675,176.1,39235,2702,CE,BC
16676,176.1,39236,1317,CH,OC
16677,176.0,39237,1237,AD,BC
16678,176.0,39238,1211,CE,BC
16679,176.0,39239,2711,ME,OC
16680,176.0,39240,2725,EC,BC
16681,176.0,39242,1231,EC,BC
16682,176.0,39244,1120,EC,BCM
16683,176.0,39245,2726,AG,OC
16684,176.0,39246,5,AM,BC
16685,176.0,39247,1315,EE,SCA
16686,176.0,39248,1013,IT,BC
16687,176.0,39251,4023,XC,OC
16688,176.0,39252,5022,CS,BC
16689,176.0,39254,4678,EC,BC
16690,176.0,39255,4024,CE,OC
16691,176.0,39256,1432,EC,MBC
16692,176.0,39257,4962,ME,OC
16693,176.0,39258,2643,EC,OC
16694,176.0,39259,4999,CS,OC
16695,176.0,39260,1412,EC,OC
16696,176.0,39261,2345,CE,OC
16697,176.0,39262,1149,EC,BC
16698,176.0,39263,1419,IT,SC
16699,176.0,39264,2741,CS,BC
16700,176.0,39266,2768,AO,OC
16701,176.0,39267,1101,CS,OC
16702,176.0,39268,2739,EC,SC
16703,176.0,39270,2740,AD,OC
16704,176.0,39271,1401,IT,OC
16705,176.0,39276,2630,CS,OC
16706,176.0,39277,2743,EE,OC
16707,176.0,39278,1311,EC,BC
16708,176.0,39283,2750,EC,OC
16709,176.0,39285,2727,EC,BC
16710,176.0,39287,2710,EE,OC
16711,176.0,39288,1317,CH,OC
16712,176.0,39290,1422,EE,OC
16713,176.0,39292,2708,EE,OC
16714,176.0,39293,2707,CJ,OC
16715,176.0,39297,4971,EC,BC
16716,176.0,39299,2715,IT,OC
16717,176.0,39301,5904,EC,OC
16718,176.0,39302,2715,AG,OC
16719,176.0,39303,4955,IT,BC
16720,176.0,39304,2722,IC,BC
16721,176.0,39306,2622,CS,BC
16722,176.0,39308,5009,EC,MBC
16723,176.0,39310,1432,CS,SC
16724,176.0,39311,2349,CS,OC
16725,176.0,39312,5910,EC,BC
16726,176.0,39313,1120,EE,OC
16727,176.0,39314,1401,ME,OC
16728,176.0,39315,2708,CS,BC
16729,176.0,39317,3826,AG,OC
16730,176.0,39318,1112,EC,MBC
16731,176.0,39319,1322,CS,OC
16732,176.0,39321,5,CE,OC
16733,176.0,39324,4974,ME,BC
16734,176.0,39325,1014,IT,MBC
16735,176.0,39326,5904,IT,OC
16736,176.0,39327,5901,CE,SC
16737,176.0,39328,1210,EE,BC
16738,176.0,39329,1219,MR,BC
16739,176.0,39330,1307,IT,OC
16740,176.0,39332,2725,EC,BC
16741,176.0,39333,1210,EC,MBC
16742,176.0,39337,5530,CS,OC
16743,176.0,39339,1231,AD,MBC
16744,176.0,39342,1306,EC,OC
16745,176.0,39343,2719,AE,BC
16746,176.0,39344,5,CS,MBC
16747,176.0,39346,1307,CS,BC
16748,176.0,39348,2709,ME,BC
16749,176.0,39349,2718,IT,SC
16750,176.0,39350,2620,BM,OC
16751,176.0,39351,1442,AD,OC
16752,176.0,39353,2607,AD,BC
16753,176.0,39354,1026,EE,OC
16754,176.0,39360,2707,EC,OC
16755,176.0,39361,2702,ME,BC
16756,176.0,39362,1120,EI,OC
16757,176.0,39366,4670,CS,OC
16758,176.0,39369,3011,EC,MBC
16759,176.0,39370,2744,CS,OC
16760,176.0,39371,1516,EC,MBC
16761,176.0,39372,2,CR,SC
16762,176.0,39373,2708,CS,BC
16763,176.0,39374,1306,CS,MBC
16764,176.0,39375,1113,CE,MBC
16765,176.0,39376,2722,CE,OC
16766,176.0,39380,2702,CB,MBC
16767,176.0,39382,2702,ME,BC
16768,176.0,39383,1450,ME,BC
16769,176.0,39385,1216,EE,OC
16770,176.0,39387,1419,MU,OC
16771,176.0,39388,2702,ME,BC
16772,176.0,39389,5904,IT,OC
16773,176.0,39394,5022,EC,OC
16774,176.0,39397,3011,EC,MBC
16775,176.0,39401,4917,CS,OC
16776,176.0,39403,2723,EC,OC
16777,176.0,39407,2734,AD,OC
16778,176.0,39413,1149,IT,MBC
16779,176.0,39415,2719,CE,OC
16780,176.0,39416,1120,AD,MBC
16781,176.0,39417,4965,CS,BC
16782,176.0,39420,2710,IT,BCM
16783,176.0,39422,1026,EE,OC
16784,176.0,39423,2601,CS,BC
16785,176.0,39426,2369,CS,SC
16786,176.0,39427,3830,EC,OC
16787,176.0,39428,4959,CS,BC
16788,176.0,39429,1140,AD,BC
16789,176.0,39432,2711,ME,BC
16790,176.0,39436,2707,CS,OC
16791,176.0,39444,2725,CS,MBC
16792,176.0,39445,2608,EC,BC
16793,176.0,39452,1211,BT,MBC
16794,176.0,39454,2751,IT,BC
16795,176.0,39460,2608,CB,BC
16796,176.0,39461,2369,EE,BC
16797,176.0,39462,2623,CS,OC
16798,176.0,39464,1399,CE,MBC
16799,176.0,39466,1210,EE,BC
16800,176.0,39468,1408,CS,OC
16801,176.0,39473,1218,CS,OC
16802,176.0,39475,1317,CH,OC
16803,176.0,39476,2723,EC,OC
16804,176.0,39477,1149,EC,BC
16805,176.0,39481,1219,ME,MBC
16806,176.0,39483,2006,FY,SC
16807,176.0,39486,1419,ME,OC
16808,176.0,39489,1315,IT,ST
16809,176.0,39493,1237,CS,MBC
16810,176.0,39494,5910,EC,BC
16811,176.0,39495,1233,AD,OC
16812,176.0,39498,1509,CS,OC
16813,176.0,39504,1026,EC,MBC
16814,176.0,39509,1419,EI,BC
16815,176.0,39510,2709,EC,SC
16816,176.0,39518,1149,EC,MBC
16817,176.0,39520,3819,CS,BCM
16818,176.0,39523,1317,EE,BC
16819,176.0,39525,2719,CE,OC
16820,176.0,39530,4020,GI,OC
16821,176.0,39531,1237,IT,BC
16822,176.0,39532,2,CR,SC
16823,176.0,39533,3830,IT,BC
16824,176.0,39534,1149,EC,BC
16825,176.0,39535,1303,CS,OC
16826,176.0,39537,2702,CS,SC
16827,176.0,39539,1210,AD,MBC
16828,176.0,39542,1231,EC,BC
16829,176.0,39544,1211,EC,SC
16830,176.0,39547,1218,CS,OC
16831,176.0,39548,1114,CS,BC
16832,176.0,39558,1149,EC,MBC
16833,176.0,39562,1211,BT,MBC
16834,176.0,39563,1419,CE,OC
16835,176.0,39564,5910,CB,MBC
16836,176.0,39566,2740,CS,OC
16837,176.0,39567,2653,CS,BC
16838,176.0,39568,1216,CE,OC
16839,176.0,39569,2708,MZ,OC
16840,176.0,39571,1118,EC,BC
16841,176.0,39572,2607,EE,OC
16842,176.0,39573,2609,IT,OC
16843,176.0,39574,4023,IT,BC
16844,176.0,39575,2734,EC,OC
16845,176.0,39576,2618,EE,OC
16846,176.0,39578,2761,AD,OC
16847,176.0,39579,3830,AD,OC
16848,176.0,39580,2708,BM,SC
16849,176.0,39581,4955,IT,MBC
16850,176.0,39582,2369,ME,OC
16851,176.0,39584,4960,CE,OC
16852,176.0,39585,1013,EC,OC
16853,176.0,39586,2025,ME,MBC
16854,176.0,39587,2329,AD,OC
16855,176.0,39589,1419,CE,OC
16856,176.0,39590,1452,CS,OC
16857,176.0,39592,2369,EE,MBC
16858,176.0,39593,4975,EC,OC
16859,176.0,39595,2651,CS,OC
16860,176.0,39596,2722,ME,OC
16861,176.0,39597,1237,AD,BC
16862,176.0,39598,2743,EC,OC
16863,176.0,39599,2750,BT,BC
16864,176.0,39600,1210,CO,MBC
16865,176.0,39601,2702,ME,BC
16866,176.0,39602,3805,IT,OC
16867,176.0,39603,2718,CS,SCA
16868,176.0,39604,3807,CS,OC
16869,176.0,39607,2620,IT,OC
16870,176.0,39609,1441,CS,OC
16871,176.0,39610,1026,CS,SC
16872,176.0,39611,4680,CS,OC
16873,176.0,39613,4959,IT,BC
16874,176.0,39614,2736,AD,BC
16875,176.0,39615,1450,ME,MBC
16876,176.0,39616,5907,CS,OC
16877,176.0,39617,3465,EE,MBC
16878,176.0,39618,1126,AD,OC
16879,176.0,39619,3701,CS,BC
16880,176.0,39622,4959,CS,BC
16881,176.0,39623,1317,EI,BC
16882,176.0,39624,1304,EE,MBC
16883,176.0,39625,2745,EC,OC
16884,176.0,39626,2369,EE,BC
16885,176.0,39628,3830,IT,BC
16886,176.0,39630,2736,BM,OC
16887,176.0,39631,4972,CS,OC
16888,176.0,39632,5910,EC,BC
16889,176.0,39633,1210,EE,BC
16890,176.0,39635,2751,CS,BC
16891,176.0,39636,3018,CS,OC
16892,176.0,39638,4917,EC,OC
16893,176.0,39639,2601,BM,OC
16894,176.0,39640,3819,CB,OC
16895,176.0,39641,5502,CS,OC
16896,176.0,39643,2741,EC,OC
16897,176.0,39644,4678,AD,BC
16898,176.0,39645,2721,CS,OC
16899,176.0,39646,4676,EC,OC
16900,176.0,39647,5022,CS,BC
16901,176.0,39652,2610,CS,OC
16902,176.0,39653,2609,AG,OC
16903,176.0,39654,2721,CS,OC
16904,176.0,39655,1317,ME,OC
16905,176.0,39656,3011,PC,OC
16906,176.0,39659,2715,EC,OC
16907,176.0,39662,1013,EC,OC
16908,176.0,39663,1237,AD,MBC
16909,175.9,39664,5904,IT,OC
16910,175.9,39665,1128,ME,OC
16911,175.9,39666,3830,AD,OC
16912,175.9,39667,1113,CS,SC
16913,175.9,39668,4678,EC,BC
16914,175.9,39669,2357,CS,OC
16915,175.9,39670,3011,CE,OC
16916,175.9,39673,1015,CS,BC
16917,175.9,39676,1419,IC,SC
16918,175.9,39677,4955,EE,OC
16919,175.9,39678,1231,IT,MBC
16920,175.9,39679,1414,CS,OC
16921,175.9,39681,5904,IT,OC
16922,175.9,39682,1218,PH,OC
16923,175.9,39683,2620,EC,OC
16924,175.9,39684,2743,EC,OC
16925,175.9,39685,2708,IT,MBC
16926,175.9,39686,1149,EC,BC
16927,175.9,39687,3465,CE,OC
16928,175.9,39688,2727,EC,BC
16929,175.9,39689,2369,CS,SC
16930,175.9,39690,5017,CS,OC
16931,175.9,39691,2734,CS,MBC
16932,175.9,39693,1325,CS,OC
16933,175.9,39697,2618,EC,MBC
16934,175.9,39700,2723,BM,BC
16935,175.9,39701,4957,CS,OC
16936,175.9,39702,2764,ME,OC
16937,175.9,39703,2628,AD,OC
16938,175.9,39705,3410,CS,OC
16939,175.9,39706,2735,EC,OC
16940,175.9,39707,1110,CS,BC
16941,175.9,39708,4,AU,ST
16942,175.9,39711,2708,IT,MBC
16943,175.9,39712,1317,CH,OC
16944,175.9,39714,2618,EE,OC
16945,175.9,39716,2608,AD,BC
16946,175.9,39717,1422,EI,OC
16947,175.9,39720,2702,TX,OC
16948,175.9,39721,4955,IT,BC
16949,175.9,39722,1014,CS,BC
16950,175.9,39723,4023,ME,OC
16951,175.9,39724,4974,CE,SC
16952,175.9,39725,5986,CE,OC
16953,175.9,39726,5904,EC,OC
16954,175.9,39727,4960,ME,BC
16955,175.9,39730,2656,CE,OC
16956,175.9,39732,2702,BM,BCM
16957,175.9,39733,2643,CS,OC
16958,175.9,39734,5910,AD,MBC
16959,175.9,39736,1210,AD,SC
16960,175.9,39741,2603,EC,SC
16961,175.9,39742,1304,ME,OC
16962,175.9,39743,2643,EC,OC
16963,175.9,39744,1210,EE,BC
16964,175.9,39745,1414,CS,OC
16965,175.9,39746,2704,CS,MBC
16966,175.9,39749,1116,EC,OC
16967,175.9,39751,2712,CS,SCA
16968,175.9,39752,3807,IT,OC
16969,175.9,39753,2708,IT,BC
16970,175.9,39755,2751,CS,BC
16971,175.9,39758,1324,CO,MBC
16972,175.9,39761,5,CS,MBC
16973,175.9,39762,4974,ME,BC
16974,175.9,39763,2722,IC,BC
16975,175.9,39764,1229,EE,OC
16976,175.9,39766,1149,EC,BC
16977,175.9,39769,2329,AD,OC
16978,175.9,39770,3819,EC,BC
16979,175.9,39773,1505,CS,OC
16980,175.9,39775,4024,EC,OC
16981,175.9,39776,4678,EC,BC
16982,175.9,39779,5,CE,OC
16983,175.9,39782,1216,EC,BC
16984,175.9,39783,1149,IT,MBC
16985,175.9,39785,4971,IT,BC
16986,175.9,39786,2328,BM,OC
16987,175.9,39787,5022,CS,BC
16988,175.9,39788,1126,RM,OC
16989,175.9,39789,2719,EE,MBC
16990,175.9,39790,3011,EE,MBC
16991,175.9,39791,1231,EC,BC
16992,175.9,39793,4959,CS,BC
16993,175.9,39794,3819,EC,BC
16994,175.9,39795,1026,EE,OC
16995,175.9,39796,2607,IT,OC
16996,175.9,39797,1317,EE,MBC
16997,175.9,39798,3011,EE,BC
16998,175.9,39800,2347,EC,OC
16999,175.9,39801,2727,EC,BC
17000,175.9,39802,2706,IT,MBC
17001,175.9,39803,5904,EC,OC
17002,175.9,39805,2709,ME,BC
17003,175.9,39806,1325,CS,OC
17004,175.9,39807,1413,AD,OC
17005,175.9,39808,2740,AD,OC
17006,175.9,39810,1409,BT,OC
17007,175.9,39812,2719,EC,MBC
17008,175.9,39816,2719,CE,OC
17009,175.9,39822,2752,CS,OC
17010,175.9,39823,1013,EC,BC
17011,175.9,39824,4959,EC,OC
17012,175.9,39825,5,AM,MBC
17013,175.9,39826,1317,ME,OC
17014,175.9,39828,1231,CB,MBC
17015,175.9,39829,5022,CS,BC
17016,175.9,39830,1419,CJ,SC
17017,175.9,39831,2609,EC,OC
17018,175.9,39832,1207,CS,OC
17019,175.9,39833,2764,EE,BC
17020,175.9,39834,1317,CH,OC
17021,175.9,39836,1422,AG,OC
17022,175.9,39837,3701,CE,OC
17023,175.9,39838,2761,CS,OC
17024,175.9,39839,4678,AD,BC
17025,175.9,39844,5910,EC,BC
17026,175.9,39845,2711,MZ,BCM
17027,175.9,39849,2710,CD,MBC
17028,175.9,39850,2618,BM,OC
17029,175.9,39852,5,CS,MBC
17030,175.9,39853,1414,CS,MBC
17031,175.9,39855,5910,EC,BC
17032,175.9,39857,2707,IT,OC
17033,175.9,39858,2734,EC,OC
17034,175.9,39859,4023,IT,BC
17035,175.9,39860,3830,IT,MBC
17036,175.9,39861,2711,MZ,BC
17037,175.9,39862,1317,EC,SC
17038,175.9,39864,2725,EE,OC
17039,175.9,39865,2748,CS,OC
17040,175.9,39867,3833,CS,OC
17041,175.9,39868,2613,IT,OC
17042,175.9,39869,4675,EC,OC
17043,175.9,39870,1211,CH,BC
17044,175.9,39871,2708,FD,OC
17045,175.9,39872,4960,CE,OC
17046,175.9,39873,2614,CS,OC
17047,175.9,39874,2751,AD,OC
17048,175.9,39875,4864,CS,OC
17049,175.9,39877,2711,MZ,BC
17050,175.9,39878,1324,EE,BC
17051,175.9,39879,2711,MZ,BC
17052,175.9,39880,2715,BM,OC
17053,175.9,39885,1306,IT,MBC
17054,175.9,39887,1211,CE,BC
17055,175.9,39890,2622,CS,MBC
17056,175.9,39892,5,AM,BC
17057,175.9,39894,2607,CS,BC
17058,175.9,39895,5910,EC,BC
17059,175.9,39896,1140,IT,BC
17060,175.8,39899,1237,EC,OC
17061,175.8,39901,2715,EC,OC
17062,175.8,39902,2708,FD,OC
17063,175.8,39903,2745,AD,OC
17064,175.8,39904,2601,IT,OC
17065,175.8,39905,3825,EC,OC
17066,175.8,39906,3830,IT,BC
17067,175.8,39910,2328,EC,OC
17068,175.8,39911,2006,MS,SC
17069,175.8,39912,2651,EC,OC
17070,175.8,39914,1322,CS,OC
17071,175.8,39915,5910,BM,OC
17072,175.8,39917,1128,AD,MBC
17073,175.8,39918,1013,IT,MBC
17074,175.8,39919,1013,CS,BC
17075,175.8,39920,2608,EC,BC
17076,175.8,39921,4954,EC,OC
17077,175.8,39922,1211,AL,SC
17078,175.8,39923,5912,CS,OC
17079,175.8,39924,2608,EC,BC
17080,175.8,39926,5902,CE,OC
17081,175.8,39928,4023,EC,BC
17082,175.8,39929,3021,CS,OC
17083,175.8,39932,3830,EC,OC
17084,175.8,39933,2715,EC,OC
17085,175.8,39934,2607,FD,OC
17086,175.8,39935,1118,CB,BC
17087,175.8,39938,1419,ME,OC
17088,175.8,39939,2610,CS,OC
17089,175.8,39940,3465,CE,OC
17090,175.8,39941,4959,CS,BC
17091,175.8,39942,1126,BM,OC
17092,175.8,39943,4960,ME,BC
17093,175.8,39945,5530,CS,OC
17094,175.8,39946,2314,EE,OC
17095,175.8,39949,2377,CE,SC
17096,175.8,39950,1225,CS,OC
17097,175.8,39953,1311,AD,BC
17098,175.8,39954,2708,CS,BC
17099,175.8,39955,4917,BM,OC
17100,175.8,39957,2718,EC,SC
17101,175.8,39958,4960,ME,BC
17102,175.8,39959,1114,CS,MBC
17103,175.8,39962,2627,BT,OC
17104,175.8,39963,5022,CS,BC
17105,175.8,39964,1120,EI,OC
17106,175.8,39965,3011,CE,OC
17107,175.8,39966,1149,EC,BC
17108,175.8,39968,1413,CS,MBC
17109,175.8,39969,2618,EE,OC
17110,175.8,39970,2329,AD,OC
17111,175.8,39972,2618,EC,MBC
17112,175.8,39978,2718,CE,MBC
17113,175.8,39979,2734,AD,OC
17114,175.8,39980,1321,PA,SC
17115,175.8,39981,3819,EC,BC
17116,175.8,39983,1128,EC,MBC
17117,175.8,39985,1210,AD,SC
17118,175.8,39986,1106,CS,OC
17119,175.8,39987,2719,CJ,MBC
17120,175.8,39988,2711,MZ,BC
17121,175.8,39990,1424,AD,OC
17122,175.8,39991,1013,IT,BC
17123,175.8,39996,2740,CS,OC
17124,175.8,39997,3795,EC,OC
17125,175.8,39998,3813,IT,OC
17126,175.8,39999,2345,CS,OC
17127,175.8,40000,2711,ME,BCM
17128,175.8,40001,2708,AE,OC
17129,175.8,40002,2661,CS,OC
17130,175.8,40003,2736,EC,OC
17131,175.8,40005,3849,IT,OC
17132,175.8,40006,4944,CS,OC
17133,175.8,40009,2750,BT,BC
17134,175.8,40010,1118,EC,BC
17135,175.8,40012,2711,IT,SC
17136,175.8,40013,1311,IT,MBC
17137,175.8,40014,1413,EC,OC
17138,175.8,40015,1014,CS,MBC
17139,175.8,40016,1317,ME,OC
17140,175.8,40019,1306,IT,BCM
17141,175.8,40021,3701,AD,OC
17142,175.8,40023,1110,CS,BC
17143,175.8,40024,2618,BM,OC
17144,175.8,40025,2615,CE,MBC
17145,175.8,40026,4978,BM,OC
17146,175.8,40027,2641,EC,OC
17147,175.8,40028,4962,CS,MBC
17148,175.8,40029,2302,BM,OC
17149,175.8,40031,1149,EC,BC
17150,175.8,40032,2725,EC,BC
17151,175.8,40033,1520,CS,OC
17152,175.8,40034,2719,EC,MBC
17153,175.8,40036,2653,IT,BC
17154,175.8,40037,2764,EC,MBC
17155,175.8,40038,5910,IT,MBC
17156,175.8,40039,2642,IT,OC
17157,175.8,40041,1413,ME,OC
17158,175.8,40042,1306,EC,OC
17159,175.8,40044,3830,CS,BCM
17160,175.8,40045,1013,EC,MBC
17161,175.8,40046,2723,EC,OC
17162,175.8,40048,2751,CS,BC
17163,175.8,40051,2618,EE,MBC
17164,175.8,40053,4974,ME,BC
17165,175.8,40056,1118,EC,BC
17166,175.8,40058,2610,CS,OC
17167,175.8,40059,2618,EE,MBC
17168,175.8,40061,1412,EC,OC
17169,175.8,40062,1424,AD,OC
17170,175.8,40063,2609,CS,OC
17171,175.8,40064,3464,EE,OC
17172,175.8,40065,2726,IT,BC
17173,175.8,40066,4965,BM,OC
17174,175.8,40067,2608,EC,BC
17175,175.8,40068,1324,EE,BC
17176,175.8,40070,5865,CS,OC
17177,175.8,40071,1422,EC,MBC
17178,175.8,40072,2739,EC,MBC
17179,175.8,40074,2708,IT,BC
17180,175.8,40077,1219,CH,MBC
17181,175.8,40078,1113,CS,SC
17182,175.8,40080,3819,EC,BC
17183,175.8,40081,2618,EC,MBC
17184,175.8,40084,5532,EE,OC
17185,175.8,40085,3803,CS,BCM
17186,175.8,40086,1311,AD,BCM
17187,175.8,40087,2739,EC,MBC
17188,175.8,40088,1432,ME,OC
17189,175.8,40089,2641,EE,OC
17190,175.8,40090,1422,AD,SC
17191,175.8,40091,5022,CS,BC
17192,175.8,40092,2711,ME,BC
17193,175.8,40093,3461,CS,OC
17194,175.8,40094,2727,CS,MBC
17195,175.8,40095,2607,IT,OC
17196,175.8,40096,4024,EC,OC
17197,175.8,40097,2745,CS,OC
17198,175.8,40099,2750,AD,BC
17199,175.8,40101,5910,AD,MBC
17200,175.8,40103,1509,CS,OC
17201,175.8,40104,1414,CE,OC
17202,175.8,40107,2750,CB,OC
17203,175.8,40108,1419,EE,MBC
17204,175.8,40109,4962,CS,MBC
17205,175.8,40110,3464,CS,SC
17206,175.8,40111,3826,BM,OC
17207,175.8,40112,1211,CE,MBC
17208,175.8,40113,1307,CS,MBC
17209,175.8,40114,1210,CO,MBC
17210,175.8,40115,1013,EC,BC
17211,175.8,40116,2710,TS,MBC
17212,175.8,40117,4959,CS,BC
17213,175.8,40118,2338,BM,OC
17214,175.8,40121,2727,AL,MBC
17215,175.8,40122,2639,CS,OC
17216,175.8,40124,4960,ME,BC
17217,175.8,40125,2710,CS,MBC
17218,175.8,40128,2711,CH,OC
17219,175.8,40130,1015,CS,BC
17220,175.8,40131,2610,IT,OC
17221,175.8,40132,5907,CS,OC
17222,175.8,40133,5910,EC,BC
17223,175.8,40135,5009,EC,MBC
17224,175.8,40136,2722,ME,OC
17225,175.8,40137,1120,EC,MBC
17226,175.8,40138,1513,CE,OC
17227,175.8,40141,5,IT,BC
17228,175.8,40142,5910,EC,BC
17229,175.8,40144,3795,EC,OC
17230,175.8,40146,2025,ME,MBC
17231,175.8,40148,1419,IT,SC
17232,175.8,40150,2712,AD,SCA
17233,175.8,40151,3011,CE,OC
17234,175.8,40153,1231,IT,MBC
17235,175.8,40156,1311,EC,BC
17236,175.8,40157,2711,FD,BCM
17237,175.8,40158,1419,CE,OC
17238,175.8,40159,1311,AD,BC
17239,175.7,40163,5921,AD,OC
17240,175.7,40164,2740,EC,OC
17241,175.7,40165,1231,CS,MBC
17242,175.7,40166,2708,FD,OC
17243,175.7,40168,1114,EC,OC
17244,175.7,40171,5,EC,BC
17245,175.7,40172,1306,IT,BCM
17246,175.7,40173,1504,CS,OC
17247,175.7,40176,2751,CS,BC
17248,175.7,40177,2755,FD,OC
17249,175.7,40178,2722,CS,SC
17250,175.7,40179,1237,IT,BC
17251,175.7,40180,1399,BM,SC
17252,175.7,40181,2706,AD,BCM
17253,175.7,40183,2702,ME,BC
17254,175.7,40185,2622,EC,SC
17255,175.7,40186,1306,AD,BCM
17256,175.7,40188,3810,CS,OC
17257,175.7,40189,2708,IT,MBC
17258,175.7,40190,5910,EE,OC
17259,175.7,40194,1118,CB,BC
17260,175.7,40195,2709,CE,MBC
17261,175.7,40196,5022,CS,BC
17262,175.7,40200,1408,CS,OC
17263,175.7,40201,5910,EC,BC
17264,175.7,40203,2723,EC,MBC
17265,175.7,40204,3011,EE,BC
17266,175.7,40205,1414,CS,BC
17267,175.7,40207,4959,IT,BC
17268,175.7,40208,2740,CS,OC
17269,175.7,40209,2615,EE,SCA
17270,175.7,40210,1026,EE,OC
17271,175.7,40211,1225,CS,OC
17272,175.7,40212,3830,CS,MBC
17273,175.7,40214,2722,ME,OC
17274,175.7,40215,4960,IT,SC
17275,175.7,40216,2750,BT,MBC
17276,175.7,40219,4974,ME,BC
17277,175.7,40222,1317,EI,BC
17278,175.7,40223,2702,ME,MBC
17279,175.7,40224,2709,EC,SC
17280,175.7,40226,4023,IT,BC
17281,175.7,40227,1238,EC,OC
17282,175.7,40228,5904,IT,OC
17283,175.7,40229,2614,CS,OC
17284,175.7,40230,4955,EC,OC
17285,175.7,40231,2718,EC,SC
17286,175.7,40232,2711,CD,MBC
17287,175.7,40233,4024,EC,OC
17288,175.7,40235,5910,EE,OC
17289,175.7,40237,1321,MN,SC
17290,175.7,40238,2704,EC,MBC
17291,175.7,40239,4917,CS,OC
17292,175.7,40240,1118,CS,MBC
17293,175.7,40242,3805,CS,OC
17294,175.7,40243,3011,PC,OC
17295,175.7,40244,1509,CS,OC
17296,175.7,40246,3803,IT,OC
17297,175.7,40247,5,EE,OC
17298,175.7,40248,4020,ME,OC
17299,175.7,40250,2611,CS,OC
17300,175.7,40251,1216,EC,BC
17301,175.7,40252,1216,CH,OC
17302,175.7,40253,1118,ME,OC
17303,175.7,40254,2722,CS,SC
17304,175.7,40256,2719,ME,OC
17305,175.7,40262,1399,CB,SC
17306,175.7,40263,1307,CS,BC
17307,175.7,40265,5,ME,OC
17308,175.7,40266,1413,CS,BC
17309,175.7,40267,2708,IT,MBC
17310,175.7,40268,2601,EC,OC
17311,175.7,40269,3819,EC,BC
17312,175.7,40271,3786,CS,OC
17313,175.7,40273,2608,EC,BC
17314,175.7,40274,3819,CB,OC
17315,175.7,40275,4978,BT,OC
17316,175.7,40276,4944,EC,OC
17317,175.7,40280,2709,AU,MBC
17318,175.7,40281,3011,CS,SC
17319,175.7,40283,2608,CB,BC
17320,175.7,40286,1122,EC,OC
17321,175.7,40287,2702,EE,MBC
17322,175.7,40288,2702,ME,MBC
17323,175.7,40289,4917,CS,OC
17324,175.7,40291,2708,CS,BC
17325,175.7,40292,2715,EC,OC
17326,175.7,40293,2706,EE,BC
17327,175.7,40294,2329,AD,OC
17328,175.7,40295,2608,AD,BC
17329,175.7,40296,4980,EC,OC
17330,175.7,40297,3825,CS,OC
17331,175.7,40298,1231,IT,MBC
17332,175.7,40300,5009,EC,MBC
17333,175.7,40301,1306,EC,OC
17334,175.7,40302,3701,CS,BC
17335,175.7,40307,4960,ME,BC
17336,175.7,40308,3805,AG,OC
17337,175.7,40309,1307,BM,MBC
17338,175.7,40312,1211,CD,SC
17339,175.7,40314,2025,ME,MBC
17340,175.7,40315,1412,CS,OC
17341,175.7,40316,4023,EC,BC
17342,175.7,40318,2711,EI,MBC
17343,175.7,40319,4974,ME,BC
17344,175.7,40320,3011,EC,SC
17345,175.7,40321,2739,ME,BC
17346,175.7,40323,1211,CE,BC
17347,175.7,40324,1409,CS,OC
17348,175.7,40325,2735,AD,BC
17349,175.7,40326,2734,AD,OC
17350,175.7,40327,2764,CE,OC
17351,175.7,40329,2656,EC,OC
17352,175.7,40330,2603,ME,BC
17353,175.7,40333,2722,EC,MBC
17354,175.7,40334,4980,CS,OC
17355,175.7,40335,2005,CE,ST
17356,175.7,40337,2712,EE,SC
17357,175.7,40338,2643,CS,OC
17358,175.7,40340,2329,BM,OC
17359,175.7,40342,4917,CS,OC
17360,175.7,40343,2302,AG,OC
17361,175.7,40344,1014,EC,OC
17362,175.7,40345,2621,EE,OC
17363,175.7,40346,1422,EC,MBC
17364,175.7,40347,4993,BM,OC
17365,175.7,40350,1306,EC,OC
17366,175.7,40351,3782,CS,OC
17367,175.7,40353,2609,EC,OC
17368,175.7,40354,1211,CS,SCA
17369,175.7,40355,1450,ME,BC
17370,175.7,40357,2620,EC,OC
17371,175.7,40358,3011,IT,SC
17372,175.7,40361,5010,EC,MBC
17373,175.7,40362,2025,ME,MBC
17374,175.7,40364,1113,EC,SC
17375,175.7,40366,4864,CS,OC
17376,175.7,40368,2608,EE,OC
17377,175.7,40369,2704,CS,MBC
17378,175.7,40370,3011,EC,SC
17379,175.7,40371,5910,EC,BC
17380,175.7,40372,2661,IT,OC
17381,175.7,40375,1113,CS,SC
17382,175.7,40379,4678,EC,BC
17383,175.7,40385,2722,ME,OC
17384,175.6,40388,3801,CS,MBC
17385,175.6,40389,5904,IT,OC
17386,175.6,40390,3011,BT,SC
17387,175.6,40392,1325,IT,OC
17388,175.6,40393,2636,CS,OC
17389,175.6,40394,5910,CB,MBC
17390,175.6,40395,2711,FD,MBC
17391,175.6,40399,4020,EC,MBC
17392,175.6,40401,1233,CE,OC
17393,175.6,40405,3011,CE,OC
17394,175.6,40406,1316,CH,OC
17395,175.6,40407,1311,AD,BC
17396,175.6,40409,1216,EC,BC
17397,175.6,40410,1014,IT,BC
17398,175.6,40411,1419,ME,OC
17399,175.6,40413,1422,EC,MBC
17400,175.6,40415,2750,AE,OC
17401,175.6,40417,2702,CE,BC
17402,175.6,40419,2734,TS,OC
17403,175.6,40421,2601,CS,MBC
17404,175.6,40422,4669,EC,OC
17405,175.6,40423,2708,FD,OC
17406,175.6,40424,5842,CS,OC
17407,175.6,40425,3830,AD,OC
17408,175.6,40426,2708,EC,OC
17409,175.6,40428,2709,EC,SC
17410,175.6,40429,2653,AD,OC
17411,175.6,40430,2722,IC,BC
17412,175.6,40431,2653,EC,OC
17413,175.6,40434,2601,CS,BC
17414,175.6,40435,1409,CS,OC
17415,175.6,40436,2726,EC,OC
17416,175.6,40437,1317,ME,OC
17417,175.6,40438,2708,CS,MBC
17418,175.6,40439,1309,EE,BC
17419,175.6,40441,2007,MF,SC
17420,175.6,40444,4933,EE,OC
17421,175.6,40446,1225,CS,OC
17422,175.6,40448,4023,EC,BC
17423,175.6,40449,3819,CB,OC
17424,175.6,40452,2615,MT,MBC
17425,175.6,40453,2751,CS,BC
17426,175.6,40454,1419,ME,OC
17427,175.6,40456,5,CH,OC
17428,175.6,40458,5910,AD,MBC
17429,175.6,40460,2622,EC,BC
17430,175.6,40461,1422,ME,OC
17431,175.6,40465,1419,EI,BC
17432,175.6,40466,1422,AG,OC
17433,175.6,40467,2736,EC,OC
17434,175.6,40470,2653,CS,MBC
17435,175.6,40471,1122,EC,OC
17436,175.6,40474,2708,EC,OC
17437,175.6,40475,1112,EC,MBC
17438,175.6,40476,1211,FD,SC
17439,175.6,40477,2723,IT,BC
17440,175.6,40478,1120,EC,MBC
17441,175.6,40479,5,IT,BC
17442,175.6,40481,3464,EE,OC
17443,175.6,40482,4975,EE,OC
17444,175.6,40485,1122,BT,MBC
17445,175.6,40486,2718,MZ,BCM
17446,175.6,40487,2710,EC,BCM
17447,175.6,40488,2608,AD,BC
17448,175.6,40492,1231,EC,BC
17449,175.6,40494,2749,IT,OC
17450,175.6,40495,1504,CS,OC
17451,175.6,40497,1452,CS,OC
17452,175.6,40498,2622,IT,OC
17453,175.6,40499,2739,EC,MBC
17454,175.6,40500,2715,BM,OC
17455,175.6,40501,2710,EE,OC
17456,175.6,40503,3701,ME,OC
17457,175.6,40504,4023,ME,OC
17458,175.6,40505,1516,ME,OC
17459,175.6,40506,2630,CS,OC
17460,175.6,40509,1313,BM,OC
17461,175.6,40511,2715,CS,OC
17462,175.6,40512,2369,EE,BC
17463,175.6,40515,2764,CE,OC
17464,175.6,40517,2739,EC,MBC
17465,175.6,40518,5865,CS,OC
17466,175.6,40519,1311,AO,SC
17467,175.6,40521,2620,EC,OC
17468,175.6,40522,2608,AD,BC
17469,175.6,40524,2328,BM,OC
17470,175.6,40526,5904,AD,BC
17471,175.6,40527,2726,EC,OC
17472,175.6,40528,1014,CS,BC
17473,175.6,40529,2704,EC,BC
17474,175.6,40530,1118,EE,OC
17475,175.6,40531,1149,EE,OC
17476,175.6,40532,2702,CS,SC
17477,175.6,40533,2750,AD,BC
17478,175.6,40534,4864,EC,OC
17479,175.6,40535,1216,EC,BC
17480,175.6,40539,4974,ME,MBC
17481,175.6,40540,2618,BM,OC
17482,175.6,40542,1317,EE,MBC
17483,175.6,40543,2607,CE,OC
17484,175.6,40546,5,AM,BC
17485,175.6,40547,1413,CS,MBC
17486,175.6,40548,2329,IT,OC
17487,175.6,40550,3021,CS,BC
17488,175.6,40551,2369,CE,OC
17489,175.6,40552,2656,EC,OC
17490,175.6,40553,2727,EC,BC
17491,175.6,40555,2634,BM,OC
17492,175.6,40558,1113,ME,BC
17493,175.6,40559,2622,CS,BC
17494,175.6,40561,1324,ME,OC
17495,175.6,40564,1,XM,SCA
17496,175.6,40565,1309,EC,MBC
17497,175.6,40567,1432,EC,BCM
17498,175.6,40568,2711,MZ,BC
17499,175.6,40570,1114,CS,MBC
17500,175.6,40573,1026,CS,SC
17501,175.6,40577,5904,IT,OC
17502,175.6,40578,2735,EC,OC
17503,175.6,40579,3819,CS,SC
17504,175.6,40580,3019,CS,OC
17505,175.6,40581,2636,AD,OC
17506,175.6,40583,4952,IT,OC
17507,175.6,40584,5022,CS,SC
17508,175.6,40585,2608,EC,BC
17509,175.6,40588,1409,BT,OC
17510,175.6,40589,3820,ME,OC
17511,175.6,40591,2741,EC,OC
17512,175.6,40592,1015,EC,OC
17513,175.6,40593,1307,EC,OC
17514,175.6,40595,1210,EE,BC
17515,175.6,40596,2007,ME,SCA
17516,175.6,40597,4974,EE,SC
17517,175.6,40598,2711,MZ,BC
17518,175.6,40599,1149,EC,BC
17519,175.6,40600,1422,CE,OC
17520,175.6,40604,2727,AD,MBC
17521,175.6,40605,2726,IT,BC
17522,175.6,40607,2736,AD,MBC
17523,175.6,40609,5986,EC,SC
17524,175.6,40611,2328,EC,OC
17525,175.6,40612,1516,EE,MBC
17526,175.6,40613,5904,IT,OC
17527,175.6,40616,5910,EC,BCM
17528,175.6,40618,5017,CS,OC
17529,175.6,40619,5910,EC,BC
17530,175.6,40620,1149,EC,BC
17531,175.6,40622,2622,EE,OC
17532,175.6,40623,2611,CS,OC
17533,175.6,40626,2711,CD,MBC
17534,175.6,40629,1113,ME,BC
17535,175.6,40630,2025,EE,SC
17536,175.6,40631,1317,CH,BC
17537,175.6,40632,1322,IT,OC
17538,175.6,40633,1110,CS,BC
17539,175.6,40635,1216,EC,BC
17540,175.6,40638,5009,EE,OC
17541,175.6,40641,5910,EC,BC
17542,175.6,40642,2726,AL,OC
17543,175.6,40643,4960,ME,BC
17544,175.6,40645,1432,EC,MBC
17545,175.6,40648,4959,IT,BC
17546,175.6,40649,2739,EC,MBC
17547,175.6,40650,1237,EC,OC
17548,175.6,40651,1317,CH,BC
17549,175.6,40653,1310,IT,OC
17550,175.6,40654,4023,IT,BC
17551,175.6,40656,5910,EC,BC
17552,175.6,40657,5,EE,OC
17553,175.6,40661,2723,EE,OC
17554,175.6,40663,1419,EC,SC
17555,175.6,40665,1210,EE,BC
17556,175.6,40666,1014,CS,BC
17557,175.6,40667,4670,EC,OC
17558,175.6,40669,5904,CS,MBC
17559,175.6,40670,1311,IT,BCM
17560,175.6,40671,1015,CS,MBC
17561,175.6,40672,5022,CS,BC
17562,175.6,40674,3011,EE,BC
17563,175.6,40675,1216,EC,BC
17564,175.6,40680,1101,CS,OC
17565,175.6,40681,1013,IT,MBC
17566,175.6,40682,3830,EC,OC
17567,175.6,40683,2653,CB,OC
17568,175.6,40686,1317,CH,BC
17569,175.5,40693,1325,IT,OC
17570,175.5,40695,4,MF,ST
17571,175.5,40696,2708,CS,BC
17572,175.5,40697,2620,BM,OC
17573,175.5,40698,2722,ME,OC
17574,175.5,40699,4023,CS,MBC
17575,175.5,40701,1324,EE,BC
17576,175.5,40702,1233,EC,OC
17577,175.5,40703,2751,IT,BC
17578,175.5,40704,1216,CH,OC
17579,175.5,40705,2740,AD,BC
17580,175.5,40707,2726,IT,BC
17581,175.5,40708,1120,EE,OC
17582,175.5,40709,4955,EC,OC
17583,175.5,40710,4969,CS,OC
17584,175.5,40711,2025,ME,MBC
17585,175.5,40714,2740,CS,OC
17586,175.5,40715,3826,IT,BC
17587,175.5,40716,5901,ME,MBC
17588,175.5,40717,1401,CS,OC
17589,175.5,40722,2764,EE,BC
17590,175.5,40724,1013,IT,MBC
17591,175.5,40725,2762,EC,OC
17592,175.5,40727,1210,EE,BC
17593,175.5,40728,2707,AG,OC
17594,175.5,40730,2726,IT,BC
17595,175.5,40731,2608,AL,BC
17596,175.5,40732,2726,EC,OC
17597,175.5,40734,2702,ME,BC
17598,175.5,40735,2609,CY,OC
17599,175.5,40739,5008,MF,SC
17600,175.5,40741,2734,EC,OC
17601,175.5,40742,1216,AL,MBC
17602,175.5,40743,2743,EC,OC
17603,175.5,40744,1219,MR,MBC
17604,175.5,40745,2705,CS,OC
17605,175.5,40746,1013,EC,MBC
17606,175.5,40748,1237,AD,SC
17607,175.5,40750,3021,CS,BC
17608,175.5,40751,3464,EC,MBC
17609,175.5,40753,3819,EC,MBC
17610,175.5,40754,2357,EE,OC
17611,175.5,40755,2611,FD,OC
17612,175.5,40756,3701,CS,BC
17613,175.5,40757,2749,AD,OC
17614,175.5,40758,2743,AD,OC
17615,175.5,40761,1112,CB,MBC
17616,175.5,40762,4965,CS,BC
17617,175.5,40764,5,EC,MBC
17618,175.5,40765,4864,CS,OC
17619,175.5,40766,2734,AD,OC
17620,175.5,40767,1110,CS,BC
17621,175.5,40769,2722,ME,OC
17622,175.5,40770,1419,EC,SC
17623,175.5,40771,2708,AL,BC
17624,175.5,40772,1317,EI,BC
17625,175.5,40773,1013,IT,BC
17626,175.5,40774,2710,EE,OC
17627,175.5,40776,2630,EC,OC
17628,175.5,40777,2718,CB,SC
17629,175.5,40778,3819,CB,OC
17630,175.5,40779,5,IT,BC
17631,175.5,40780,3021,CS,BC
17632,175.5,40781,1140,IT,MBC
17633,175.5,40783,2710,AD,MBC
17634,175.5,40785,4959,CS,MBC
17635,175.5,40786,2711,CH,OC
17636,175.5,40787,3011,EE,BC
17637,175.5,40788,4955,AD,OC
17638,175.5,40790,4960,CS,SC
17639,175.5,40792,2702,CE,BC
17640,175.5,40794,5,CS,MBC
17641,175.5,40795,4974,ME,BC
17642,175.5,40797,3830,CS,MBC
17643,175.5,40799,4953,CS,OC
17644,175.5,40800,2706,EE,BC
17645,175.5,40801,1509,CS,OC
17646,175.5,40802,4971,EE,OC
17647,175.5,40803,5904,IT,BC
17648,175.5,40807,2727,AG,OC
17649,175.5,40808,5904,AD,BC
17650,175.5,40809,2706,IT,MBC
17651,175.5,40811,1408,IT,OC
17652,175.5,40812,3011,IT,SC
17653,175.5,40815,1218,CS,OC
17654,175.5,40818,3826,IT,BC
17655,175.5,40819,1422,EC,BCM
17656,175.5,40821,1216,AL,MBC
17657,175.5,40824,2,CR,SC
17658,175.5,40827,1225,IT,OC
17659,175.5,40829,1237,EC,OC
17660,175.5,40831,4960,EC,SC
17661,175.5,40832,1311,EC,BC
17662,175.5,40836,2706,EE,MBC
17663,175.5,40838,1118,IT,MBC
17664,175.5,40840,3011,PC,OC
17665,175.5,40841,5986,CS,MBC
17666,175.5,40843,2618,CS,MBC
17667,175.5,40845,1432,CB,MBC
17668,175.5,40847,1419,EI,BC
17669,175.5,40849,1311,EE,OC
17670,175.5,40854,1306,EC,OC
17671,175.5,40855,1306,EC,BC
17672,175.5,40861,1231,EC,MBC
17673,175.5,40863,1026,CS,MBC
17674,175.5,40865,2006,AS,SCA
17675,175.5,40866,1311,AD,MBC
17676,175.5,40867,5,EC,BC
17677,175.5,40868,4670,CS,OC
17678,175.5,40869,1225,IT,OC
17679,175.5,40870,4020,GI,OC
17680,175.5,40871,4024,EC,OC
17681,175.5,40873,1217,BT,OC
17682,175.5,40874,3011,EC,SC
17683,175.5,40875,2727,EC,BC
17684,175.5,40877,1113,ME,BC
17685,175.5,40880,1216,EC,BC
17686,175.5,40882,1211,BT,BCM
17687,175.5,40888,1526,CS,OC
17688,175.5,40891,1311,AD,BC
17689,175.5,40892,1211,ME,BCM
17690,175.5,40894,2725,CS,MBC
17691,175.5,40895,2601,IT,OC
17692,175.5,40897,1311,AE,OC
17693,175.5,40902,1140,IT,BC
17694,175.5,40903,1122,EC,OC
17695,175.5,40904,1509,CS,OC
17696,175.5,40905,2706,EE,BC
17697,175.5,40909,2722,ME,OC
17698,175.5,40912,4917,CS,OC
17699,175.5,40914,1216,EC,BC
17700,175.5,40915,2601,CS,BC
17701,175.5,40917,2607,IT,OC
17702,175.5,40918,1115,CS,OC
17703,175.5,40922,1118,CB,MBC
17704,175.5,40924,1216,EC,BC
17705,175.5,40925,1424,PE,OC
17706,175.5,40926,1317,CH,MBC
17707,175.5,40932,1311,EC,BC
17708,175.5,40934,1140,CS,BCM
17709,175.5,40939,3819,CS,BCM
17710,175.5,40942,2719,AE,BC
17711,175.5,40951,2702,BT,MBC
17712,175.5,40954,5,CS,MBC
17713,175.5,40956,2706,EE,BC
17714,175.5,40957,2727,BM,OC
17715,175.5,40960,1509,CS,BCM
17716,175.5,40962,1120,IT,MBC
17717,175.5,40963,5904,EC,OC
17718,175.5,40964,2622,EE,OC
17719,175.5,40966,2,AP,SC
17720,175.5,40967,2634,IT,OC
17721,175.5,40968,2740,AD,BC
17722,175.5,40970,2329,AD,OC
17723,175.5,40971,2712,CE,SC
17724,175.5,40972,1309,AD,SC
17725,175.5,40973,2726,BM,OC
17726,175.5,40974,2622,CS,BC
17727,175.5,40975,1307,IT,OC
17728,175.5,40977,1237,EC,OC
17729,175.5,40978,3826,AD,OC
17730,175.5,40979,2708,AL,MBC
17731,175.5,40980,3795,EC,OC
17732,175.5,40981,2609,EC,OC
17733,175.5,40982,4928,CS,OC
17734,175.5,40983,2702,FD,MBC
17735,175.5,40984,2727,EC,BC
17736,175.5,40985,5915,CS,OC
17737,175.5,40986,3819,EE,OC
17738,175.5,40987,2369,EE,SC
17739,175.5,40988,5910,BM,BC
17740,175.5,40989,2710,EC,MBC
17741,175.5,40990,1509,CS,BC
17742,175.5,40991,1413,CS,BC
17743,175.5,40992,2741,EC,BC
17744,175.5,40994,1516,ME,OC
17745,175.5,40995,2656,EC,OC
17746,175.5,41001,2734,AD,OC
17747,175.5,41002,1110,IT,OC
17748,175.5,41005,3819,EC,MBC
17749,175.5,41006,2656,CS,BC
17750,175.5,41010,2745,AD,OC
17751,175.5,41011,1309,IT,SC
17752,175.5,41012,1210,CS,SC
17753,175.5,41013,2708,FD,OC
17754,175.5,41014,2608,CB,BC
17755,175.5,41015,2734,SB,OC
17756,175.5,41016,1014,CS,BC
17757,175.5,41017,2606,EE,OC
17758,175.5,41020,1230,CS,OC
17759,175.5,41021,1216,EC,BC
17760,175.5,41022,2764,CS,SC
17761,175.5,41023,4965,CS,BC
17762,175.5,41025,4669,CS,OC
17763,175.5,41026,3465,EC,SC
17764,175.5,41027,2608,EC,BC
17765,175.5,41029,2726,AL,OC
17766,175.5,41031,1219,CH,MBC
17767,175.5,41033,1413,CS,MBC
17768,175.5,41034,2653,CS,MBC
17769,175.5,41039,4917,AD,OC
17770,175.5,41040,2729,CS,OC
17771,175.5,41041,2647,IT,OC
17772,175.5,41042,3011,EE,MBC
17773,175.5,41044,2719,CE,OC
17774,175.5,41045,4959,IT,BC
17775,175.5,41046,3803,CH,OC
17776,175.5,41047,2615,CE,SC
17777,175.5,41048,1504,ME,OC
17778,175.5,41050,2608,EC,BC
17779,175.5,41051,2750,EE,OC
17780,175.5,41053,2603,EC,SC
17781,175.5,41056,2639,CS,OC
17782,175.5,41057,2735,EC,OC
17783,175.5,41058,1422,AD,SC
17784,175.5,41059,3817,BT,OC
17785,175.5,41060,2601,CS,MBC
17786,175.5,41061,1113,CB,SC
17787,175.5,41062,5,EC,BC
17788,175.5,41063,1216,EC,BC
17789,175.5,41064,4962,EC,SC
17790,175.5,41065,1128,CS,MBC
17791,175.4,41066,1210,AD,SC
17792,175.4,41067,1149,IT,MBC
17793,175.4,41070,1014,CS,BC
17794,175.4,41071,2659,EC,OC
17795,175.4,41072,2723,EC,BC
17796,175.4,41074,5910,EC,BC
17797,175.4,41075,2704,EC,BC
17798,175.4,41076,3804,AU,OC
17799,175.4,41077,3829,IT,OC
17800,175.4,41078,4974,ME,MBC
17801,175.4,41079,1304,ME,OC
17802,175.4,41081,1216,EC,BC
17803,175.4,41082,2736,BM,OC
17804,175.4,41083,2740,CS,OC
17805,175.4,41084,2718,EC,SC
17806,175.4,41087,4965,EC,OC
17807,175.4,41088,5009,EC,SC
17808,175.4,41090,2750,CB,OC
17809,175.4,41092,4678,EC,SC
17810,175.4,41093,1413,CS,BC
17811,175.4,41094,2707,IT,OC
17812,175.4,41097,2708,CS,BC
17813,175.4,41098,2607,IT,OC
17814,175.4,41099,1149,EC,BC
17815,175.4,41100,1120,IT,MBC
17816,175.4,41101,1128,EC,MBC
17817,175.4,41102,1237,AD,BC
17818,175.4,41104,2710,EE,OC
17819,175.4,41105,2731,CS,OC
17820,175.4,41106,1303,IT,OC
17821,175.4,41107,4965,CS,MBC
17822,175.4,41108,4023,EE,OC
17823,175.4,41109,4917,CS,OC
17824,175.4,41110,4965,ME,OC
17825,175.4,41112,3819,CB,BC
17826,175.4,41114,2751,AD,OC
17827,175.4,41115,3803,IT,OC
17828,175.4,41118,5,CE,OC
17829,175.4,41120,2607,CB,OC
17830,175.4,41121,1231,EC,BC
17831,175.4,41124,2608,EC,BC
17832,175.4,41125,1219,AU,MBC
17833,175.4,41127,4960,ME,MBC
17834,175.4,41128,1520,IT,OC
17835,175.4,41130,3810,AD,OC
17836,175.4,41134,3795,EC,OC
17837,175.4,41136,1216,EE,OC
17838,175.4,41137,5,EE,OC
17839,175.4,41138,1122,IT,BCM
17840,175.4,41139,2750,EC,OC
17841,175.4,41140,1301,CS,OC
17842,175.4,41142,5009,ME,OC
17843,175.4,41143,2377,ME,SC
17844,175.4,41144,2722,IC,BC
17845,175.4,41146,5986,ME,OC
17846,175.4,41147,2620,IT,OC
17847,175.4,41148,2615,CE,SC
17848,175.4,41149,1307,CS,BCM
17849,175.4,41150,2764,CS,MBC
17850,175.4,41151,2736,EC,OC
17851,175.4,41153,4928,EC,OC
17852,175.4,41154,2740,EC,OC
17853,175.4,41155,1013,XM,OC
17854,175.4,41157,4993,AG,OC
17855,175.4,41160,1114,CS,BC
17856,175.4,41161,1210,EE,MBC
17857,175.4,41164,2369,CE,OC
17858,175.4,41165,1216,EC,BC
17859,175.4,41166,2723,ME,OC
17860,175.4,41167,3805,CS,OC
17861,175.4,41168,1205,CE,OC
17862,175.4,41169,1519,IT,OC
17863,175.4,41170,4984,CS,OC
17864,175.4,41171,2718,MZ,MBC
17865,175.4,41173,2708,CS,BC
17866,175.4,41174,1231,CS,MBC
17867,175.4,41176,2719,EC,MBC
17868,175.4,41178,2651,CS,OC
17869,175.4,41179,3826,EC,OC
17870,175.4,41181,5530,EC,OC
17871,175.4,41182,2006,BY,SCA
17872,175.4,41183,4972,CS,OC
17873,175.4,41184,1450,EE,SC
17874,175.4,41186,1419,EI,BC
17875,175.4,41188,2726,IT,BC
17876,175.4,41190,2607,IT,OC
17877,175.4,41192,4955,IT,BC
17878,175.4,41193,1113,CE,BC
17879,175.4,41195,2643,EC,OC
17880,175.4,41196,4969,CS,OC
17881,175.4,41198,4969,CS,OC
17882,175.4,41200,1324,EE,BC
17883,175.4,41201,2708,EI,OC
17884,175.4,41202,4992,CE,OC
17885,175.4,41204,2702,TX,OC
17886,175.4,41205,2735,EC,OC
17887,175.4,41207,4943,CS,OC
17888,175.4,41208,3011,EC,BCM
17889,175.4,41209,5910,EC,BC
17890,175.4,41210,2708,AE,OC
17891,175.4,41211,1310,EC,OC
17892,175.4,41212,1419,CS,SC
17893,175.4,41214,2710,EE,OC
17894,175.4,41217,2750,CB,OC
17895,175.4,41218,2715,CS,OC
17896,175.4,41219,4959,AD,OC
17897,175.4,41220,1120,EE,OC
17898,175.4,41223,1122,EC,OC
17899,175.4,41224,4678,EC,BCM
17900,175.4,41225,5910,EC,BC
17901,175.4,41226,1237,CS,MBC
17902,175.4,41227,3011,EE,SC
17903,175.4,41228,3830,IT,MBC
17904,175.4,41229,2707,EI,OC
17905,175.4,41234,1233,CS,BC
17906,175.4,41235,2727,EC,BC
17907,175.4,41237,2706,EE,BC
17908,175.4,41238,1430,CS,OC
17909,175.4,41239,1231,IT,BCM
17910,175.4,41241,2608,CS,BCM
17911,175.4,41242,1216,EC,BC
17912,175.4,41243,1452,EC,OC
17913,175.4,41244,4965,CS,BC
17914,175.4,41245,4944,AD,OC
17915,175.4,41246,2721,CS,OC
17916,175.4,41249,2710,EE,OC
17917,175.4,41251,2642,CS,OC
17918,175.4,41252,4960,EC,MBC
17919,175.4,41254,5986,ME,OC
17920,175.4,41255,1202,IT,OC
17921,175.4,41259,2711,MZ,MBC
17922,175.4,41260,1140,IT,BC
17923,175.4,41263,1237,IT,BC
17924,175.4,41264,1306,IT,MBC
17925,175.4,41265,3011,EE,MBC
17926,175.4,41266,1516,ME,OC
17927,175.4,41267,1414,IT,OC
17928,175.4,41268,1207,AD,OC
17929,175.4,41270,2736,EC,OC
17930,175.4,41272,2615,CE,SC
17931,175.4,41275,5904,EC,OC
17932,175.4,41276,2740,PH,OC
17933,175.4,41277,2741,CS,BC
17934,175.4,41278,1317,CH,BC
17935,175.4,41280,2711,CS,SC
17936,175.4,41282,1419,MU,OC
17937,175.4,41283,5,EE,OC
17938,175.4,41286,2710,ME,OC
17939,175.4,41287,3843,EC,OC
17940,175.4,41288,1303,EC,OC
17941,175.4,41289,3801,CS,MBC
17942,175.4,41291,2739,EC,MBC
17943,175.4,41291,1211,CH,SC
17944,175.4,41292,1408,CS,OC
17945,175.4,41293,1014,IT,MBC
17946,175.4,41296,2620,CS,OC
17947,175.4,41299,3819,EC,BC
17948,175.4,41300,5910,EC,BC
17949,175.4,41301,1127,AE,OC
17950,175.4,41302,2357,CS,OC
17951,175.4,41303,2741,CS,BC
17952,175.4,41304,1401,CS,OC
17953,175.4,41306,3819,EC,BC
17954,175.4,41307,2709,AU,BC
17955,175.4,41308,2377,CE,SC
17956,175.4,41309,2622,EC,BC
17957,175.4,41311,1307,CS,MBC
17958,175.4,41312,1237,AD,BC
17959,175.4,41313,2607,CS,MBC
17960,175.4,41314,2613,AU,OC
17961,175.4,41315,1216,EC,BC
17962,175.4,41316,3805,CS,OC
17963,175.4,41317,3830,IT,MBC
17964,175.4,41318,1520,IT,OC
17965,175.4,41319,2708,CS,BC
17966,175.4,41320,1237,AD,BC
17967,175.4,41321,4917,CS,OC
17968,175.4,41322,2711,ME,BC
17969,175.4,41324,2721,CS,OC
17970,175.4,41325,3701,CS,MBC
17971,175.4,41326,2625,BM,OC
17972,175.3,41328,1310,CS,BC
17973,175.3,41329,2622,IT,OC
17974,175.3,41330,2708,CS,BC
17975,175.3,41331,4965,EC,OC
17976,175.3,41332,1116,CS,BC
17977,175.3,41333,2702,AG,SC
17978,175.3,41334,2656,EC,BCM
17979,175.3,41339,1149,EC,BC
17980,175.3,41340,1216,EC,BC
17981,175.3,41345,1414,CS,BC
17982,175.3,41346,2653,EC,OC
17983,175.3,41347,2745,CS,OC
17984,175.3,41348,1237,IT,BC
17985,175.3,41349,3819,CB,BC
17986,175.3,41350,1237,EC,OC
17987,175.3,41351,1233,EC,OC
17988,175.3,41354,2620,IT,OC
17989,175.3,41355,2625,CS,OC
17990,175.3,41356,5017,CS,OC
17991,175.3,41357,2329,IT,OC
17992,175.3,41358,4960,CE,OC
17993,175.3,41359,1225,CS,OC
17994,175.3,41360,2659,EC,OC
17995,175.3,41361,2723,IT,BC
17996,175.3,41362,4678,EC,BC
17997,175.3,41364,2618,EC,BCM
17998,175.3,41365,2653,ME,OC
17999,175.3,41366,2740,AD,MBC
18000,175.3,41367,2726,EC,OC
18001,175.3,41370,1210,EE,MBC
18002,175.3,41371,5009,EE,OC
18003,175.3,41372,1231,IT,MBC
18004,175.3,41375,2601,IT,OC
18005,175.3,41376,2708,CS,BC
18006,175.3,41377,2750,BT,MBC
18007,175.3,41378,3819,EC,SC
18008,175.3,41381,4020,CS,SC
18009,175.3,41382,1118,AD,MBC
18010,175.3,41383,2611,IT,OC
18011,175.3,41384,5910,EC,BC
18012,175.3,41386,5532,EC,OC
18013,175.3,41387,1210,EC,MBC
18014,175.3,41388,2328,BM,OC
18015,175.3,41389,2708,IT,MBC
18016,175.3,41390,1317,EE,MBC
18017,175.3,41391,1216,EC,BC
18018,175.3,41393,1510,CS,OC
18019,175.3,41394,2741,CS,SC
18020,175.3,41396,1501,IT,OC
18021,175.3,41397,4023,IT,BC
18022,175.3,41400,5910,EE,OC
18023,175.3,41401,4974,EE,MBC
18024,175.3,41402,1516,EC,BCM
18025,175.3,41403,2764,EE,BC
18026,175.3,41404,2736,EC,OC
18027,175.3,41407,1226,CS,OC
18028,175.3,41408,1306,EC,BC
18029,175.3,41409,5910,EC,MBC
18030,175.3,41410,2609,CS,OC
18031,175.3,41412,2608,AD,BC
18032,175.3,41415,1237,AD,MBC
18033,175.3,41416,2711,ME,MBC
18034,175.3,41417,1321,MN,SC
18035,175.3,41418,2764,CH,OC
18036,175.3,41420,1306,EC,BC
18037,175.3,41422,4678,AD,BC
18038,175.3,41423,4670,ME,OC
18039,175.3,41424,1149,EC,BC
18040,175.3,41425,5536,EC,OC
18041,175.3,41429,2710,CS,SC
18042,175.3,41431,1026,CS,SC
18043,175.3,41432,2653,CB,OC
18044,175.3,41434,2734,CS,MBC
18045,175.3,41436,2329,IT,OC
18046,175.3,41437,2342,EC,OC
18047,175.3,41438,2609,CY,OC
18048,175.3,41439,1211,ME,MBC
18049,175.3,41440,2607,IT,OC
18050,175.3,41442,2710,EE,OC
18051,175.3,41443,2618,EC,MBC
18052,175.3,41444,2656,CS,BC
18053,175.3,41445,1110,BT,OC
18054,175.3,41447,2347,EC,OC
18055,175.3,41451,1217,CS,OC
18056,175.3,41452,3801,CS,BC
18057,175.3,41457,3852,CS,OC
18058,175.3,41458,1311,EC,BC
18059,175.3,41459,2025,EE,SCA
18060,175.3,41460,2719,AE,BC
18061,175.3,41461,2723,EC,BC
18062,175.3,41462,4944,EC,OC
18063,175.3,41464,2737,CS,OC
18064,175.3,41469,2622,CH,OC
18065,175.3,41471,1110,IT,OC
18066,175.3,41472,4678,AD,BC
18067,175.3,41474,4959,CS,BCM
18068,175.3,41476,2706,CS,MBC
18069,175.3,41478,1216,EC,BC
18070,175.3,41479,2608,EC,BC
18071,175.3,41480,1424,CS,OC
18072,175.3,41483,1216,EC,BC
18073,175.3,41485,1306,EC,BC
18074,175.3,41486,2750,AD,BC
18075,175.3,41487,1211,EC,SC
18076,175.3,41488,3021,CS,BC
18077,175.3,41489,2610,EC,OC
18078,175.3,41490,2636,CS,OC
18079,175.3,41494,2634,EC,OC
18080,175.3,41495,2735,EE,OC
18081,175.3,41498,1140,AD,BC
18082,175.3,41499,1122,IT,MBC
18083,175.3,41500,2718,EC,SC
18084,175.3,41501,2610,BT,OC
18085,175.3,41502,1149,EC,BC
18086,175.3,41503,1307,BM,BC
18087,175.3,41505,2607,AD,BC
18088,175.3,41506,2708,EE,OC
18089,175.3,41508,1516,EE,SC
18090,175.3,41509,1231,AD,MBC
18091,175.3,41510,1207,BM,OC
18092,175.3,41511,2601,BM,OC
18093,175.3,41514,2736,AD,BC
18094,175.3,41517,1414,CS,MBC
18095,175.3,41518,4974,EC,SC
18096,175.3,41519,2709,EE,SC
18097,175.3,41523,2722,IC,BC
18098,175.3,41524,3805,BM,OC
18099,175.3,41526,1303,IT,OC
18100,175.3,41527,5010,CE,OC
18101,175.3,41529,2751,AD,OC
18102,175.3,41531,2711,ME,MBC
18103,175.3,41532,1237,AD,BC
18104,175.3,41533,1401,CS,OC
18105,175.3,41534,3021,CS,BC
18106,175.3,41536,2731,CS,OC
18107,175.2,41538,5921,CB,OC
18108,175.2,41539,4020,CS,MBC
18109,175.2,41540,4974,EE,MBC
18110,175.2,41541,4959,CS,MBC
18111,175.2,41542,1450,EE,MBC
18112,175.2,41543,1324,EE,BC
18113,175.2,41544,1116,CS,BC
18114,175.2,41545,4971,ME,OC
18115,175.2,41546,4944,CS,OC
18116,175.2,41549,5910,CE,OC
18117,175.2,41552,2711,MZ,BC
18118,175.2,41554,2702,AU,MBC
18119,175.2,41558,1307,CS,BC
18120,175.2,41560,1211,ME,MBC
18121,175.2,41561,2025,ME,SC
18122,175.2,41562,4955,CE,OC
18123,175.2,41565,1324,IT,SC
18124,175.2,41566,4960,CS,SC
18125,175.2,41570,2708,EC,OC
18126,175.2,41571,4023,IT,BC
18127,175.2,41572,3830,AD,OC
18128,175.2,41573,1422,CS,SC
18129,175.2,41574,2653,CS,MBC
18130,175.2,41575,4959,BT,OC
18131,175.2,41576,2707,CS,OC
18132,175.2,41577,2741,EE,OC
18133,175.2,41579,4960,CE,OC
18134,175.2,41581,3465,EE,MBC
18135,175.2,41582,3464,EE,OC
18136,175.2,41583,2755,AG,OC
18137,175.2,41584,2726,AL,OC
18138,175.2,41585,1316,CH,OC
18139,175.2,41586,1325,IT,OC
18140,175.2,41589,4960,ME,BC
18141,175.2,41590,2711,CE,OC
18142,175.2,41595,5532,CS,OC
18143,175.2,41596,1216,EC,BC
18144,175.2,41601,2618,EE,MBC
18145,175.2,41602,2734,AD,OC
18146,175.2,41603,1432,ME,OC
18147,175.2,41607,1211,EC,SC
18148,175.2,41609,1317,CH,MBC
18149,175.2,41612,2707,AD,OC
18150,175.2,41613,2727,AL,BC
18151,175.2,41614,1316,CS,OC
18152,175.2,41616,3841,AD,OC
18153,175.2,41618,1317,CH,BC
18154,175.2,41619,2369,EE,MBC
18155,175.2,41620,1118,CS,BCM
18156,175.2,41621,5910,EC,BC
18157,175.2,41623,4678,EC,BC
18158,175.2,41624,2725,IT,BCM
18159,175.2,41627,2704,EC,MBC
18160,175.2,41628,4981,CS,OC
18161,175.2,41629,5,IT,SC
18162,175.2,41630,1114,IT,BC
18163,175.2,41631,1112,EC,MBC
18164,175.2,41633,2708,CS,BC
18165,175.2,41634,3465,EE,MBC
18166,175.2,41636,5502,CS,OC
18167,175.2,41637,1122,EC,OC
18168,175.2,41638,1013,EC,BC
18169,175.2,41639,5921,CE,OC
18170,175.2,41641,5986,CE,OC
18171,175.2,41643,2608,EC,BC
18172,175.2,41645,2706,EI,OC
18173,175.2,41646,1026,EC,SC
18174,175.2,41648,3908,CS,OC
18175,175.2,41650,2607,MZ,OC
18176,175.2,41651,5022,CS,BC
18177,175.2,41652,2750,CB,OC
18178,175.2,41654,2709,AU,BC
18179,175.2,41655,1310,EC,OC
18180,175.2,41656,1211,CE,MBC
18181,175.2,41657,2702,EE,BCM
18182,175.2,41658,2608,EC,BC
18183,175.2,41659,1509,IT,OC
18184,175.2,41660,2734,AD,OC
18185,175.2,41661,3830,CB,OC
18186,175.2,41664,1504,CS,OC
18187,175.2,41665,2603,EC,SC
18188,175.2,41667,2622,AD,OC
18189,175.2,41668,1140,AD,BC
18190,175.2,41670,2711,CE,OC
18191,175.2,41671,1324,EE,BC
18192,175.2,41672,3701,CS,BC
18193,175.2,41673,4955,EC,OC
18194,175.2,41674,2702,CS,SC
18195,175.2,41675,2622,CS,BC
18196,175.2,41676,2725,IT,MBC
18197,175.2,41677,2722,EC,MBC
18198,175.2,41678,1216,EC,BC
18199,175.2,41679,2608,EC,BC
18200,175.2,41685,1149,EC,BC
18201,175.2,41686,4965,BT,OC
18202,175.2,41687,1307,EC,OC
18203,175.2,41690,1140,AD,BC
18204,175.2,41691,1303,BT,OC
18205,175.2,41693,2750,BM,OC
18206,175.2,41694,1126,CS,OC
18207,175.2,41695,4023,EE,OC
18208,175.2,41697,3819,IT,BCM
18209,175.2,41698,2603,ME,MBC
18210,175.2,41699,4954,CS,BC
18211,175.2,41701,2723,EC,BC
18212,175.2,41702,1114,EC,OC
18213,175.2,41703,1409,BT,OC
18214,175.2,41705,2345,CS,OC
18215,175.2,41706,1219,ME,MBC
18216,175.2,41707,4960,CE,OC
18217,175.2,41708,5904,IT,BC
18218,175.2,41710,2708,IT,BC
18219,175.2,41713,2704,CS,MBC
18220,175.2,41714,3465,EE,SC
18221,175.2,41715,3011,IT,SC
18222,175.2,41716,1216,EC,BC
18223,175.2,41718,1419,ME,OC
18224,175.2,41719,5910,EC,BC
18225,175.2,41720,4967,EC,OC
18226,175.2,41722,4954,CS,BC
18227,175.2,41725,5,IT,BC
18228,175.2,41726,4023,EE,OC
18229,175.2,41728,2607,IT,OC
18230,175.2,41729,1231,EC,BC
18231,175.2,41730,2642,IT,OC
18232,175.2,41732,2653,IT,BC
18233,175.2,41733,3465,ME,OC
18234,175.2,41734,5009,EE,OC
18235,175.2,41735,2743,AD,OC
18236,175.2,41737,1317,EI,BC
18237,175.2,41740,2722,EC,MBC
18238,175.2,41741,3011,EC,BCM
18239,175.2,41742,2740,IT,OC
18240,175.2,41743,2734,IT,MBC
18241,175.2,41744,1413,CS,BC
18242,175.2,41745,1401,CS,OC
18243,175.2,41746,1114,EC,OC
18244,175.2,41747,1231,EC,BC
18245,175.2,41754,1516,CE,OC
18246,175.2,41755,4960,EE,MBC
18247,175.2,41756,5009,EC,MBC
18248,175.2,41757,1307,CS,BC
18249,175.2,41758,2729,AD,OC
18250,175.2,41762,1309,EE,BC
18251,175.2,41763,3803,EC,OC
18252,175.2,41765,1231,EC,MBC
18253,175.2,41767,1133,CS,OC
18254,175.2,41768,2719,EC,BCM
18255,175.2,41770,2727,EC,BC
18256,175.2,41771,2652,CS,OC
18257,175.2,41773,1311,AD,MBC
18258,175.2,41774,1325,CS,OC
18259,175.2,41778,2607,CS,MBC
18260,175.2,41781,5022,CS,BC
18261,175.2,41783,1225,CS,OC
18262,175.2,41784,4954,EC,OC
18263,175.2,41785,5,CF,MBC
18264,175.2,41788,2704,EC,MBC
18265,175.2,41789,2708,EC,OC
18266,175.2,41790,2622,EC,MBC
18267,175.2,41792,3701,EE,OC
18268,175.2,41793,1014,CS,BC
18269,175.2,41795,3830,EC,OC
18270,175.2,41796,4992,ME,OC
18271,175.2,41797,2722,CE,OC
18272,175.2,41798,1420,IT,OC
18273,175.2,41799,1231,IT,MBC
18274,175.2,41800,2618,BM,OC
18275,175.2,41801,1114,CS,MBC
18276,175.2,41802,4955,EC,OC
18277,175.2,41804,1311,EC,BC
18278,175.2,41805,2736,BM,OC
18279,175.2,41807,5910,EE,OC
18280,175.2,41808,2726,AL,BC
18281,175.2,41809,1501,CS,OC
18282,175.2,41810,2601,IT,OC
18283,175.1,41811,2707,RM,OC
18284,175.1,41812,3815,CS,OC
18285,175.1,41814,4960,CS,MBC
18286,175.1,41815,1122,BT,BC
18287,175.1,41816,1310,CS,BC
18288,175.1,41817,2735,CS,MBC
18289,175.1,41818,1118,CS,MBC
18290,175.1,41821,2006,RA,SCA
18291,175.1,41822,1113,CB,SC
18292,175.1,41823,2729,AE,OC
18293,175.1,41824,2708,EC,OC
18294,175.1,41828,1419,CS,SCA
18295,175.1,41829,2710,EE,OC
18296,175.1,41832,1210,EE,BC
18297,175.1,41833,1419,ME,BC
18298,175.1,41834,1419,EC,SC
18299,175.1,41835,2608,AD,BC
18300,175.1,41836,2601,CS,BC
18301,175.1,41837,2750,AD,BC
18302,175.1,41838,2610,BM,OC
18303,175.1,41840,5910,EC,BC
18304,175.1,41841,4967,CS,OC
18305,175.1,41846,2719,CJ,MBC
18306,175.1,41847,4959,EC,OC
18307,175.1,41848,1412,IT,OC
18308,175.1,41851,2727,AL,BC
18309,175.1,41852,3011,EE,BC
18310,175.1,41853,5901,ME,MBC
18311,175.1,41854,1412,CS,OC
18312,175.1,41856,2702,AU,BC
18313,175.1,41857,1114,CS,MBC
18314,175.1,41858,2620,EC,OC
18315,175.1,41860,2723,BM,BC
18316,175.1,41861,3810,CE,OC
18317,175.1,41864,4959,BT,OC
18318,175.1,41866,2603,ME,MBC
18319,175.1,41867,2,PM,SCA
18320,175.1,41869,2723,IT,BC
18321,175.1,41872,2354,EC,OC
18322,175.1,41873,1216,EC,BC
18323,175.1,41875,2740,CS,BC
18324,175.1,41876,5010,ME,OC
18325,175.1,41877,4670,CS,BC
18326,175.1,41878,2702,BT,SC
18327,175.1,41879,4960,ME,MBC
18328,175.1,41880,2727,EC,BC
18329,175.1,41881,2711,ME,BC
18330,175.1,41882,4917,IT,OC
18331,175.1,41885,1122,EC,OC
18332,175.1,41889,2740,CS,BC
18333,175.1,41890,5910,EC,BC
18334,175.1,41891,1419,ME,BCM
18335,175.1,41892,1317,EE,MBC
18336,175.1,41893,2711,ME,BC
18337,175.1,41894,4678,CE,OC
18338,175.1,41895,4917,IT,OC
18339,175.1,41896,2704,ME,OC
18340,175.1,41898,2613,CE,OC
18341,175.1,41899,3908,CS,OC
18342,175.1,41901,1122,BT,BC
18343,175.1,41902,1210,EE,BC
18344,175.1,41903,2656,CS,MBC
18345,175.1,41904,1207,EC,OC
18346,175.1,41908,2608,IT,MBC
18347,175.1,41909,1211,EC,SC
18348,175.1,41911,2377,ME,SC
18349,175.1,41915,4974,ME,BC
18350,175.1,41916,2608,AL,BC
18351,175.1,41917,1432,AD,MBC
18352,175.1,41919,2711,ME,BC
18353,175.1,41920,2736,CS,MBC
18354,175.1,41921,3465,ME,OC
18355,175.1,41922,4020,GI,OC
18356,175.1,41925,5530,EC,OC
18357,175.1,41926,5008,EE,SCA
18358,175.1,41929,2727,EC,BC
18359,175.1,41930,1211,CE,BC
18360,175.1,41931,2715,CS,OC
18361,175.1,41935,2627,BT,OC
18362,175.1,41936,2702,EE,BCM
18363,175.1,41937,2764,EE,BC
18364,175.1,41941,1217,BM,OC
18365,175.1,41942,2710,IT,BCM
18366,175.1,41943,1140,IT,BC
18367,175.1,41944,2736,BM,OC
18368,175.1,41947,2736,EC,OC
18369,175.1,41948,2722,IC,BC
18370,175.1,41950,4944,CS,OC
18371,175.1,41951,1424,CS,OC
18372,175.1,41953,4974,ME,BC
18373,175.1,41955,3803,CS,BCM
18374,175.1,41962,2751,CS,BC
18375,175.1,41964,2751,CS,BC
18376,175.1,41965,1112,CS,SC
18377,175.1,41966,5919,BT,OC
18378,175.1,41968,2722,IC,BC
18379,175.1,41969,2715,CS,OC
18380,175.1,41970,1316,IT,OC
18381,175.1,41971,1304,IT,SC
18382,175.1,41973,5910,EC,BC
18383,175.1,41974,2750,AG,OC
18384,175.1,41975,1211,ME,MBC
18385,175.1,41976,2725,CS,MBC
18386,175.1,41979,3019,CS,OC
18387,175.1,41982,3801,CS,BC
18388,175.1,41983,2750,AD,BC
18389,175.1,41985,4965,CE,OC
18390,175.1,41987,2751,AD,OC
18391,175.1,41988,5904,IT,BC
18392,175.1,41989,5910,EC,BC
18393,175.1,41990,2726,AL,BC
18394,175.1,41992,5986,CS,SC
18395,175.1,41993,1311,AE,OC
18396,175.1,41994,2719,ME,BC
18397,175.1,41996,2764,CS,BCM
18398,175.1,41998,4917,AD,OC
18399,175.1,41999,1504,CS,OC
18400,175.1,42000,1140,EC,OC
18401,175.1,42001,3803,EC,OC
18402,175.1,42004,2611,FD,OC
18403,175.1,42005,2723,CS,MBC
18404,175.1,42006,5022,CS,MBC
18405,175.1,42008,2740,CS,BC
18406,175.1,42009,4670,ME,OC
18407,175.1,42011,2621,EC,OC
18408,175.1,42012,1311,EC,BC
18409,175.1,42013,5,EC,BC
18410,175.1,42015,2719,AE,BC
18411,175.1,42017,2608,CS,MBC
18412,175.1,42018,5,EE,OC
18413,175.1,42019,1026,EC,MBC
18414,175.1,42020,1309,EE,BC
18415,175.1,42021,2329,AG,OC
18416,175.1,42022,3830,EC,OC
18417,175.1,42023,2726,EC,OC
18418,175.1,42024,1237,CS,MBC
18419,175.1,42026,2734,IT,MBC
18420,175.1,42028,2776,MZ,OC
18421,175.1,42029,4954,CS,BC
18422,175.1,42030,1419,EI,BC
18423,175.1,42031,2704,CS,BCM
18424,175.1,42032,2735,AD,MBC
18425,175.1,42034,2609,CS,OC
18426,175.1,42035,2702,ME,BC
18427,175.1,42038,4959,EC,OC
18428,175.1,42041,2329,IT,OC
18429,175.1,42043,2708,IT,BC
18430,175.1,42044,2640,CS,OC
18431,175.1,42045,5904,IT,BCM
18432,175.1,42046,1401,CS,OC
18433,175.1,42049,2608,AL,BC
18434,175.1,42051,4917,EC,OC
18435,175.1,42053,1419,CJ,MBC
18436,175.1,42054,1414,CS,BC
18437,175.1,42055,2711,ME,BC
18438,175.1,42057,2618,EE,MBC
18439,175.1,42058,5915,CS,OC
18440,175.1,42063,5910,EC,BC
18441,175.1,42064,1321,PA,SC
18442,175.0,42065,1120,CS,SC
18443,175.0,42066,2729,AD,OC
18444,175.0,42067,2755,FD,OC
18445,175.0,42068,5022,CS,MBC
18446,175.0,42070,2725,IT,MBC
18447,175.0,42071,4969,EC,OC
18448,175.0,42072,1504,EE,OC
18449,175.0,42074,2622,ME,OC
18450,175.0,42075,3805,AG,OC
18451,175.0,42076,2613,CS,OC
18452,175.0,42077,1110,BT,OC
18453,175.0,42078,1112,CS,SC
18454,175.0,42079,4959,IT,BC
18455,175.0,42081,5904,IT,BCM
18456,175.0,42082,1510,CS,OC
18457,175.0,42083,2734,AD,OC
18458,175.0,42084,2740,CS,BC
18459,175.0,42085,4024,EC,BC
18460,175.0,42088,1207,EC,OC
18461,175.0,42089,4955,IT,MBC
18462,175.0,42090,5010,CE,OC
18463,175.0,42092,5,CH,OC
18464,175.0,42093,2751,EC,OC
18465,175.0,42095,2704,EC,BC
18466,175.0,42097,4676,CS,OC
18467,175.0,42098,2708,EC,OC
18468,175.0,42100,2608,CB,BC
18469,175.0,42101,2702,CS,SC
18470,175.0,42102,1116,CS,BC
18471,175.0,42103,4955,EC,OC
18472,175.0,42105,2708,CS,MBC
18473,175.0,42108,4981,IT,OC
18474,175.0,42111,2702,EE,MBC
18475,175.0,42112,5,EC,BC
18476,175.0,42113,4974,ME,MBC
18477,175.0,42114,1304,RM,MBC
18478,175.0,42116,2702,TX,OC
18479,175.0,42117,1218,CS,OC
18480,175.0,42118,1505,EC,OC
18481,175.0,42119,2653,AD,OC
18482,175.0,42120,2634,CS,OC
18483,175.0,42121,1015,CS,MBC
18484,175.0,42123,1505,IT,OC
18485,175.0,42125,5,EC,MBC
18486,175.0,42126,2623,CS,OC
18487,175.0,42129,2741,EC,BC
18488,175.0,42130,4917,CS,OC
18489,175.0,42134,3760,CS,OC
18490,175.0,42135,2613,IT,OC
18491,175.0,42136,5,IT,BC
18492,175.0,42139,5910,EC,BC
18493,175.0,42140,2711,EI,MBC
18494,175.0,42141,2740,EC,OC
18495,175.0,42143,2369,EE,BC
18496,175.0,42144,5910,EE,OC
18497,175.0,42146,2727,AL,BC
18498,175.0,42147,2708,CS,MBC
18499,175.0,42149,2615,MT,SC
18500,175.0,42151,3011,PC,OC
18501,175.0,42152,3830,CS,MBC
18502,175.0,42154,2711,FD,SC
18503,175.0,42157,3011,EC,SC
18504,175.0,42160,4955,AD,BC
18505,175.0,42163,2750,EC,OC
18506,175.0,42164,2611,BM,OC
18507,175.0,42167,2727,AG,OC
18508,175.0,42168,2725,CS,MBC
18509,175.0,42169,3425,ME,OC
18510,175.0,42170,2726,AL,BC
18511,175.0,42171,4944,EC,OC
18512,175.0,42172,1412,CS,OC
18513,175.0,42174,2328,CS,OC
18514,175.0,42175,2653,CS,BC
18515,175.0,42177,2751,EC,OC
18516,175.0,42178,4020,CS,SC
18517,175.0,42182,2622,IT,OC
18518,175.0,42184,1317,AD,SC
18519,175.0,42185,1149,IT,MBC
18520,175.0,42186,3830,AL,OC
18521,144.0,118643,4023,CS,SC
18522,175.0,42192,1210,ME,OC
18523,175.0,42195,1409,BT,MBC
18524,175.0,42196,1237,AD,BC
18525,175.0,42201,2729,AD,OC
18526,175.0,42204,1324,EE,MBC
18527,175.0,42207,1210,EE,BC
18528,175.0,42208,1014,CS,SC
18529,175.0,42209,2739,ME,BC
18530,175.0,42210,2739,EC,MBC
18531,175.0,42211,5,IT,SC
18532,175.0,42212,2608,CE,OC
18533,175.0,42216,1210,EE,BC
18534,175.0,42218,4024,EE,OC
18535,175.0,42220,2643,CS,OC
18536,175.0,42223,4962,IT,SC
18537,175.0,42224,1419,ME,BC
18538,175.0,42225,2618,EE,BC
18539,175.0,42227,1209,EE,OC
18540,175.0,42228,1216,AG,MBC
18541,175.0,42229,2006,AS,SC
18542,175.0,42230,2302,BM,OC
18543,175.0,42231,2702,EI,BCM
18544,175.0,42232,2702,CE,BC
18545,175.0,42238,1419,EI,MBC
18546,175.0,42239,4960,ME,BC
18547,175.0,42243,2711,EI,MBC
18548,175.0,42244,1217,EC,OC
18549,175.0,42246,2722,ME,OC
18550,175.0,42247,1014,CS,BC
18551,175.0,42249,3803,IT,OC
18552,175.0,42250,1413,AD,OC
18553,175.0,42251,3826,EE,OC
18554,175.0,42254,2607,IT,OC
18555,175.0,42257,1325,CS,OC
18556,175.0,42264,3011,EE,BCM
18557,175.0,42265,1116,CS,BC
18558,175.0,42266,3011,CE,OC
18559,175.0,42267,1217,CS,OC
18560,175.0,42270,2607,CS,MBC
18561,175.0,42271,2623,IT,OC
18562,175.0,42274,1422,AG,OC
18563,175.0,42276,2706,EE,BC
18564,175.0,42281,1113,CE,SC
18565,175.0,42282,2615,CE,SC
18566,175.0,42284,2735,EC,OC
18567,175.0,42285,2711,MZ,BC
18568,175.0,42286,1216,CS,SC
18569,175.0,42288,1422,EC,MBC
18570,175.0,42289,4959,IT,BC
18571,175.0,42290,1113,ME,BC
18572,175.0,42294,1304,CE,OC
18573,175.0,42295,1225,CS,OC
18574,175.0,42297,5,EE,OC
18575,175.0,42300,2601,CS,BC
18576,175.0,42301,4960,CS,MBC
18577,175.0,42302,1228,CS,OC
18578,175.0,42305,1113,CD,SC
18579,175.0,42306,2727,BT,BC
18580,175.0,42307,2006,CN,SCA
18581,175.0,42314,1211,ME,MBC
18582,175.0,42316,2726,EC,OC
18583,175.0,42319,2702,SE,MBC
18584,175.0,42320,1210,CB,BCM
18585,175.0,42321,5,IT,BC
18586,175.0,42323,2711,MZ,BC
18587,175.0,42325,1120,EC,MBC
18588,175.0,42327,1231,EC,BC
18589,175.0,42329,2702,EE,BCM
18590,175.0,42330,1237,IT,MBC
18591,175.0,42331,1413,AD,OC
18592,175.0,42334,1110,CS,BC
18593,175.0,42336,4960,BT,MBC
18594,175.0,42338,1210,EE,BC
18595,175.0,42340,2721,CS,MBC
18596,175.0,42341,1120,EE,OC
18597,175.0,42343,1237,CS,MBC
18598,175.0,42344,2740,CS,BC
18599,175.0,42350,1307,CS,BC
18600,175.0,42354,2739,CB,MBC
18601,175.0,42356,1422,EE,OC
18602,175.0,42357,1419,MU,OC
18603,175.0,42361,2704,EC,BC
18604,175.0,42364,1210,CO,BCM
18605,175.0,42366,2740,AD,BC
18606,175.0,42367,1014,EC,OC
18607,175.0,42372,1225,CS,OC
18608,175.0,42373,1516,ME,OC
18609,175.0,42375,2726,EC,OC
18610,175.0,42376,1014,CS,BC
18611,175.0,42378,1422,EE,OC
18612,175.0,42382,2613,CS,OC
18613,175.0,42384,1216,EC,BC
18614,175.0,42387,1432,ME,BC
18615,175.0,42389,5,EC,BC
18616,175.0,42390,2764,EE,BC
18617,175.0,42391,3830,AD,OC
18618,175.0,42392,2661,EC,OC
18619,175.0,42394,1013,EC,BCM
18620,175.0,42395,1216,EC,BC
18621,175.0,42396,1419,MU,OC
18622,175.0,42398,2345,CS,OC
18623,175.0,42399,3464,EE,OC
18624,175.0,42400,5,IT,BC
18625,175.0,42401,1140,EC,OC
18626,175.0,42402,1233,CS,MBC
18627,175.0,42403,2,PM,SCA
18628,175.0,42404,3860,ME,OC
18629,175.0,42405,2750,AD,BC
18630,175.0,42406,2601,CS,MBC
18631,175.0,42410,1233,AD,OC
18632,175.0,42411,1324,EE,BC
18633,175.0,42412,2727,AG,OC
18634,175.0,42413,1303,CS,OC
18635,175.0,42415,2740,CS,BC
18636,175.0,42417,2621,CS,OC
18637,175.0,42418,1516,CE,OC
18638,175.0,42419,1317,ME,OC
18639,175.0,42420,3829,CS,OC
18640,175.0,42422,5,IT,BC
18641,175.0,42423,1113,CS,SC
18642,175.0,42425,2607,AD,BC
18643,175.0,42426,3817,CS,OC
18644,175.0,42428,2708,BM,BC
18645,175.0,42429,2739,EC,MBC
18646,175.0,42430,2739,EC,BCM
18647,175.0,42431,2369,ME,OC
18648,175.0,42433,3810,CS,OC
18649,175.0,42434,2611,CS,OC
18650,175.0,42435,3804,EC,OC
18651,175.0,42436,1118,CB,MBC
18652,175.0,42437,2740,CS,BC
18653,175.0,42438,2711,ME,BCM
18654,175.0,42439,2708,AL,BC
18655,175.0,42443,1207,EC,OC
18656,175.0,42444,3803,IT,OC
18657,175.0,42449,3803,CS,MBC
18658,175.0,42451,2752,IT,OC
18659,175.0,42454,2722,EC,MBC
18660,175.0,42456,1504,EC,OC
18661,175.0,42458,2369,EE,BC
18662,175.0,42459,1217,CS,OC
18663,175.0,42460,1311,AU,OC
18664,175.0,42461,1231,CS,MBC
18665,175.0,42463,2622,EE,MBC
18666,175.0,42466,1013,IT,BC
18667,175.0,42467,2739,AD,MBC
18668,175.0,42469,2620,IT,OC
18669,175.0,42470,2751,AD,OC
18670,175.0,42474,1230,CS,OC
18671,175.0,42475,2719,CS,SC
18672,175.0,42476,3805,CS,OC
18673,175.0,42477,3830,ME,OC
18674,174.9,42478,1122,BT,MBC
18675,174.9,42479,1304,ME,OC
18676,174.9,42481,3701,EC,OC
18677,174.9,42482,4955,EC,OC
18678,174.9,42483,1304,ME,OC
18679,174.9,42484,5910,EC,MBC
18680,174.9,42485,2723,EE,OC
18681,174.9,42486,2726,MZ,OC
18682,174.9,42490,2345,CS,OC
18683,174.9,42493,2345,CS,OC
18684,174.9,42494,4993,ME,OC
18685,174.9,42495,1120,EE,OC
18686,174.9,42497,2719,CJ,MBC
18687,174.9,42498,4960,ME,MBC
18688,174.9,42499,1413,AD,OC
18689,174.9,42502,1216,EE,OC
18690,174.9,42504,4023,EC,BC
18691,174.9,42505,2343,HT,SC
18692,174.9,42508,2734,AD,OC
18693,174.9,42509,3801,IT,OC
18694,174.9,42510,1306,EC,BC
18695,174.9,42511,5,IT,BC
18696,174.9,42512,2601,CS,MBC
18697,174.9,42513,2764,AD,MBC
18698,174.9,42514,2659,CS,OC
18699,174.9,42515,1013,IT,BC
18700,174.9,42516,2734,AD,MBC
18701,174.9,42517,2601,EC,OC
18702,174.9,42518,1231,IT,BCM
18703,174.9,42519,2723,CS,MBC
18704,174.9,42520,2608,EE,OC
18705,174.9,42521,1422,EE,MBC
18706,174.9,42522,4944,EC,OC
18707,174.9,42527,2709,EC,SC
18708,174.9,42529,2608,AD,MBC
18709,174.9,42530,4978,BM,OC
18710,174.9,42532,2755,CS,OC
18711,174.9,42533,5,IT,BC
18712,174.9,42534,1113,CS,SCA
18713,174.9,42537,4955,CS,MBC
18714,174.9,42539,2707,CS,OC
18715,174.9,42540,5907,CS,OC
18716,174.9,42543,2736,CS,MBC
18717,174.9,42544,2622,EC,BC
18718,174.9,42545,1026,EC,SC
18719,174.9,42547,4944,CS,OC
18720,174.9,42548,1422,EE,BC
18721,174.9,42550,2652,EC,OC
18722,174.9,42551,1211,AU,OC
18723,174.9,42552,4955,EC,OC
18724,174.9,42553,1218,CS,OC
18725,174.9,42556,2611,IT,OC
18726,174.9,42557,1304,CE,OC
18727,174.9,42558,1114,CS,MBC
18728,174.9,42559,2673,CS,OC
18729,174.9,42560,3701,CS,BC
18730,174.9,42562,2715,CS,OC
18731,174.9,42563,4949,CS,OC
18732,174.9,42564,2622,EC,SC
18733,174.9,42565,1113,IT,SC
18734,174.9,42569,2656,EC,MBC
18735,174.9,42570,2729,CS,OC
18736,174.9,42574,2723,IT,MBC
18737,174.9,42575,2639,CS,OC
18738,174.9,42576,1414,CS,BC
18739,174.9,42578,2711,EE,MBC
18740,174.9,42580,2329,CS,OC
18741,174.9,42581,4678,EC,BC
18742,174.9,42583,4959,IT,BC
18743,174.9,42584,1118,EC,BC
18744,174.9,42585,2740,CS,BC
18745,174.9,42586,2615,ME,SC
18746,174.9,42587,1116,CS,BC
18747,174.9,42588,2751,IT,MBC
18748,174.9,42589,1110,BT,OC
18749,174.9,42590,1015,CS,BC
18750,174.9,42591,1225,CS,OC
18751,174.9,42593,2704,IT,SC
18752,174.9,42594,4960,CE,OC
18753,174.9,42595,5532,EC,OC
18754,174.9,42596,1516,CS,SCA
18755,174.9,42597,3826,AD,OC
18756,174.9,42599,5,CF,BC
18757,174.9,42601,2711,ME,BC
18758,174.9,42603,4974,EE,SC
18759,174.9,42604,1118,ME,OC
18760,174.9,42605,2764,CH,OC
18761,174.9,42606,4974,ME,BC
18762,174.9,42607,2615,CE,MBC
18763,174.9,42608,1014,CS,MBC
18764,174.9,42609,2719,EC,MBC
18765,174.9,42612,2607,EC,OC
18766,174.9,42613,5986,ME,OC
18767,174.9,42614,5910,BM,SC
18768,174.9,42615,4931,EE,OC
18769,174.9,42616,2723,IT,BC
18770,174.9,42617,2739,ME,BC
18771,174.9,42620,2764,ME,OC
18772,174.9,42621,1216,EC,BC
18773,174.9,42623,2622,CS,BC
18774,174.9,42624,1304,ME,OC
18775,174.9,42625,2603,ME,BC
18776,174.9,42626,3826,BM,OC
18777,174.9,42627,2727,EC,BC
18778,174.9,42629,1503,CS,OC
18779,174.9,42630,4955,EC,OC
18780,174.9,42634,3011,CS,SC
18781,174.9,42635,2722,ME,OC
18782,174.9,42636,1304,IT,SC
18783,174.9,42639,3454,CS,OC
18784,174.9,42640,2653,EC,OC
18785,174.9,42641,4966,CS,OC
18786,174.9,42643,2360,CS,OC
18787,174.9,42644,3465,EE,SC
18788,174.9,42646,3464,EE,OC
18789,174.9,42649,2751,CS,BC
18790,174.9,42650,1516,ME,OC
18791,174.9,42651,1401,CS,OC
18792,174.9,42652,1408,EC,OC
18793,174.9,42654,2608,EC,BC
18794,174.9,42655,1237,CS,BCM
18795,174.9,42656,2751,AD,OC
18796,174.9,42657,2005,PR,SCA
18797,174.9,42658,2634,IT,OC
18798,174.9,42659,1112,IT,SC
18799,174.9,42660,2357,CS,OC
18800,174.9,42662,3465,CE,OC
18801,174.9,42663,2702,CS,SC
18802,174.9,42664,2727,BT,BC
18803,174.9,42666,2618,EE,BC
18804,174.9,42668,2708,CS,BCM
18805,174.9,42670,1422,AG,OC
18806,174.9,42672,1120,EI,OC
18807,174.9,42674,4944,EC,OC
18808,174.9,42675,1237,AD,BC
18809,174.9,42678,3908,EC,OC
18810,174.9,42679,1307,EC,OC
18811,174.9,42681,2621,EC,OC
18812,174.9,42682,4678,EC,BC
18813,174.9,42684,3819,EC,BC
18814,174.9,42685,2725,ME,OC
18815,174.9,42686,1231,EC,BC
18816,174.9,42687,2711,CH,OC
18817,174.9,42688,2751,AD,OC
18818,174.9,42689,5910,EC,BC
18819,174.9,42690,2636,CS,OC
18820,174.9,42691,2734,AD,BC
18821,174.9,42692,3465,CE,OC
18822,174.9,42693,1013,IT,MBC
18823,174.9,42696,3011,PH,MBC
18824,174.9,42697,4953,CS,OC
18825,174.9,42698,1231,CS,BCM
18826,174.9,42699,2651,CS,OC
18827,174.9,42700,2718,EC,SC
18828,174.9,42702,4949,MZ,OC
18829,174.9,42703,1306,IT,MBC
18830,174.9,42705,5904,IT,BC
18831,174.9,42706,5,IT,BC
18832,174.9,42708,4917,CS,OC
18833,174.9,42710,3803,CE,OC
18834,174.9,42711,1015,CS,BC
18835,174.9,42712,3810,IT,OC
18836,174.9,42713,1231,IT,MBC
18837,174.9,42714,2622,CS,BC
18838,174.9,42715,2618,EE,BC
18839,174.9,42716,3464,EE,OC
18840,174.9,42719,1504,CS,OC
18841,174.9,42720,1216,EE,OC
18842,174.9,42721,2739,EC,BCM
18843,174.8,42723,2607,IT,OC
18844,174.8,42725,2723,IT,BC
18845,174.8,42726,1520,CS,OC
18846,174.8,42727,2608,EC,BC
18847,174.8,42728,5832,CS,OC
18848,174.8,42729,2722,EE,BCM
18849,174.8,42730,2715,EE,OC
18850,174.8,42733,1399,CB,SC
18851,174.8,42734,2736,IT,MBC
18852,174.8,42735,2329,CS,OC
18853,174.8,42738,2735,EC,OC
18854,174.8,42741,5986,ME,OC
18855,174.8,42742,4020,GI,OC
18856,174.8,42743,1124,MR,OC
18857,174.8,42744,2601,AE,OC
18858,174.8,42746,2715,EC,OC
18859,174.8,42747,4024,EC,MBC
18860,174.8,42748,2608,EC,BC
18861,174.8,42749,2601,AE,OC
18862,174.8,42750,1231,EC,BC
18863,174.8,42751,2740,AD,BC
18864,174.8,42752,4917,CS,OC
18865,174.8,42756,4960,ME,BC
18866,174.8,42758,2608,EC,BC
18867,174.8,42759,2708,FD,OC
18868,174.8,42760,2709,AU,MBC
18869,174.8,42762,2745,CS,OC
18870,174.8,42763,3830,CB,OC
18871,174.8,42764,3803,IT,OC
18872,174.8,42766,2709,AU,BC
18873,174.8,42767,1222,IT,OC
18874,174.8,42768,2607,BT,BC
18875,174.8,42769,2715,CS,OC
18876,174.8,42772,4971,EE,OC
18877,174.8,42774,1116,CS,MBC
18878,174.8,42777,1118,IT,MBC
18879,174.8,42778,1231,EC,BC
18880,174.8,42780,3701,CS,BC
18881,174.8,42781,1419,IT,SC
18882,174.8,42783,1128,EC,BCM
18883,174.8,42785,1110,CS,SC
18884,174.8,42786,2006,ES,SCA
18885,174.8,42787,3826,AG,OC
18886,174.8,42788,1505,CS,OC
18887,174.8,42789,1431,CS,OC
18888,174.8,42791,3454,CS,OC
18889,174.8,42792,3833,CS,OC
18890,174.8,42793,1231,EC,BC
18891,174.8,42794,1210,EE,MBC
18892,174.8,42795,2740,CS,BC
18893,174.8,42796,3825,CS,OC
18894,174.8,42797,1116,CS,MBC
18895,174.8,42798,1014,IT,BC
18896,174.8,42799,2726,AO,BC
18897,174.8,42800,2607,CS,MBC
18898,174.8,42801,1412,CS,OC
18899,174.8,42802,3803,IT,OC
18900,174.8,42804,2702,ME,BC
18901,174.8,42806,1509,EC,OC
18902,174.8,42808,2302,BM,OC
18903,174.8,42810,3425,EE,OC
18904,174.8,42811,3021,CS,MBC
18905,174.8,42812,2622,BM,BC
18906,174.8,42814,1118,EC,BC
18907,174.8,42815,2603,ME,MBC
18908,174.8,42818,2661,CS,OC
18909,174.8,42820,2722,EE,BCM
18910,174.8,42822,1317,CH,BC
18911,174.8,42823,4678,EE,OC
18912,174.8,42825,4023,CS,SC
18913,174.8,42826,1114,CS,BC
18914,174.8,42829,2620,EC,OC
18915,174.8,42830,5,IT,BC
18916,174.8,42832,2750,BM,OC
18917,174.8,42834,3786,AE,OC
18918,174.8,42835,1303,AD,OC
18919,174.8,42836,1412,CS,OC
18920,174.8,42838,1120,AD,MBC
18921,174.8,42839,2729,AD,OC
18922,174.8,42840,2601,CS,MBC
18923,174.8,42842,2726,FD,OC
18924,174.8,42845,2708,EC,OC
18925,174.8,42846,1210,EE,BCM
18926,174.8,42848,1450,ME,MBC
18927,174.8,42850,2723,CS,BCM
18928,174.8,42851,1307,CS,BC
18929,174.8,42852,1419,IT,SC
18930,174.8,42853,1123,AE,OC
18931,174.8,42857,3701,CS,BC
18932,174.8,42858,5907,MR,OC
18933,174.8,42860,3019,CS,OC
18934,174.8,42861,2734,TS,OC
18935,174.8,42862,2719,EI,MBC
18936,174.8,42863,1233,EC,OC
18937,174.8,42866,3849,EC,OC
18938,174.8,42867,5910,EC,BC
18939,174.8,42869,4972,CS,OC
18940,174.8,42870,2736,CS,MBC
18941,174.8,42871,2601,AE,OC
18942,174.8,42872,2750,CB,BC
18943,174.8,42873,2708,IT,BC
18944,174.8,42876,3464,EE,OC
18945,174.8,42877,1118,EC,BC
18946,174.8,42878,2776,AG,OC
18947,174.8,42879,1303,IT,OC
18948,174.8,42881,4954,CS,BC
18949,174.8,42883,1304,ME,OC
18950,174.8,42884,3016,CS,OC
18951,174.8,42886,2755,CS,OC
18952,174.8,42887,1116,CS,BC
18953,174.8,42888,3425,EC,OC
18954,174.8,42890,4955,AD,MBC
18955,174.8,42892,2764,EE,BC
18956,174.8,42893,2711,EE,SC
18957,174.8,42894,5022,CS,MBC
18958,174.8,42897,2741,CS,MBC
18959,174.8,42898,1419,CE,OC
18960,174.8,42899,1317,CH,BC
18961,174.8,42901,2608,CB,BC
18962,174.8,42902,2611,IT,OC
18963,174.8,42903,4917,CS,MBC
18964,174.8,42904,4971,EC,BC
18965,174.8,42905,5,EI,OC
18966,174.8,42906,2761,AD,OC
18967,174.8,42907,2731,CS,OC
18968,174.8,42908,2653,IT,BC
18969,174.8,42909,1120,EC,MBC
18970,174.8,42910,2601,CS,BC
18971,174.8,42911,1304,CE,OC
18972,174.8,42913,2722,EE,MBC
18973,174.8,42914,3011,AU,OC
18974,174.8,42917,5910,EC,BC
18975,174.8,42918,1413,EC,OC
18976,174.8,42921,2708,EC,OC
18977,174.8,42923,1322,CS,OC
18978,174.8,42924,3464,EE,OC
18979,174.8,42926,2734,SB,OC
18980,174.8,42927,2608,EC,MBC
18981,174.8,42928,1309,EC,MBC
18982,174.8,42929,2711,CE,OC
18983,174.8,42931,2752,EC,OC
18984,174.8,42932,1149,AD,BCM
18985,174.8,42933,2328,EC,OC
18986,174.8,42934,1110,CS,BC
18987,174.8,42935,1399,EE,SC
18988,174.8,42936,1432,EC,ST
18989,174.8,42937,5865,CS,OC
18990,174.8,42938,5009,CE,OC
18991,174.8,42939,3011,EE,BC
18992,174.8,42940,1216,CH,OC
18993,174.8,42943,2726,AL,BC
18994,174.8,42944,2722,IC,BCM
18995,174.8,42945,4960,ME,BC
18996,174.8,42946,2704,ME,OC
18997,174.8,42947,3454,BM,OC
18998,174.8,42948,1120,EC,SC
18999,174.8,42952,2608,CB,BC
19000,174.8,42954,1306,IT,MBC
19001,174.8,42956,2608,EC,MBC
19002,174.8,42957,2710,EE,OC
19003,174.8,42959,2749,CS,OC
19004,174.8,42960,4974,ME,BC
19005,174.8,42962,2736,BM,OC
19006,174.8,42965,4678,ME,OC
19007,174.8,42966,1225,CS,MBC
19008,174.8,42969,2653,CS,BC
19009,174.8,42971,2734,AD,MBC
19010,174.8,42972,2723,CS,MBC
19011,174.8,42974,1118,IT,SC
19012,174.8,42978,1026,EC,BCM
19013,174.8,42981,2630,CS,OC
19014,174.8,42982,3011,EE,BC
19015,174.7,42983,2653,CS,MBC
19016,174.7,42985,2620,BT,BC
19017,174.7,42987,1225,CS,BC
19018,174.7,42988,1225,CS,BC
19019,174.7,42992,2727,EC,BC
19020,174.7,42994,5,CF,MBC
19021,174.7,42995,2622,BM,BC
19022,174.7,42996,3803,EE,OC
19023,174.7,42998,2740,AD,BC
19024,174.7,42999,1317,CE,OC
19025,174.7,43000,2741,EC,BC
19026,174.7,43001,2711,MZ,BC
19027,174.7,43002,2715,ME,OC
19028,174.7,43004,1149,EE,OC
19029,174.7,43006,2743,AG,OC
19030,174.7,43008,2656,ME,OC
19031,174.7,43009,2740,IT,OC
19032,174.7,43010,4971,IT,BC
19033,174.7,43012,1014,IT,BC
19034,174.7,43014,1113,ME,BC
19035,174.7,43015,5910,EC,BCM
19036,174.7,43017,5907,IT,OC
19037,174.7,43018,1317,EE,MBC
19038,174.7,43019,4917,CS,BC
19039,174.7,43021,2653,CS,BC
19040,174.7,43022,2651,CS,OC
19041,174.7,43024,2706,EC,MBC
19042,174.7,43025,2620,IT,OC
19043,174.7,43026,2722,IC,BC
19044,174.7,43027,1216,EC,MBC
19045,174.7,43028,3701,CS,BC
19046,174.7,43029,2608,AD,MBC
19047,174.7,43030,2653,CS,BC
19048,174.7,43033,1412,CS,OC
19049,174.7,43034,3465,ME,OC
19050,174.7,43035,1225,CS,BC
19051,174.7,43036,2736,AD,BC
19052,174.7,43037,2764,EE,BC
19053,174.7,43038,1419,IT,SC
19054,174.7,43039,2702,AG,SC
19055,174.7,43040,2750,AG,OC
19056,174.7,43041,1015,CS,BC
19057,174.7,43042,3464,EE,OC
19058,174.7,43043,3011,EE,SC
19059,174.7,43044,1231,EC,BC
19060,174.7,43046,1422,EE,BC
19061,174.7,43047,4024,XC,OC
19062,174.7,43048,4023,IT,BC
19063,174.7,43049,2622,BT,BCM
19064,174.7,43050,5910,CS,SC
19065,174.7,43051,2608,AD,BC
19066,174.7,43052,1316,CS,OC
19067,174.7,43053,2763,CS,OC
19068,174.7,43054,1304,ME,OC
19069,174.7,43055,1504,IT,OC
19070,174.7,43057,4981,IT,OC
19071,174.7,43059,1110,AD,OC
19072,174.7,43060,3819,CB,BC
19073,174.7,43062,2,AP,SC
19074,174.7,43063,2712,EE,SC
19075,174.7,43064,1307,CS,BC
19076,174.7,43065,2735,EC,OC
19077,174.7,43067,1324,EC,MBC
19078,174.7,43068,2025,ME,MBC
19079,174.7,43071,4960,ME,BC
19080,174.7,43075,2752,IT,OC
19081,174.7,43077,2329,IT,OC
19082,174.7,43079,5,CF,MBC
19083,174.7,43080,2357,AD,OC
19084,174.7,43081,2659,CS,OC
19085,174.7,43082,2727,EC,BC
19086,174.7,43084,2706,EE,BC
19087,174.7,43085,3803,IT,OC
19088,174.7,43087,5907,MR,OC
19089,174.7,43089,1118,EC,BC
19090,174.7,43090,1414,CS,BC
19091,174.7,43093,2764,EE,BC
19092,174.7,43094,1422,EC,MBC
19093,174.7,43097,2764,EC,MBC
19094,174.7,43098,5901,ME,MBC
19095,174.7,43099,2702,ME,BC
19096,174.7,43100,3805,PH,OC
19097,174.7,43102,2735,EC,OC
19098,174.7,43104,4024,EC,BC
19099,174.7,43105,2767,BM,OC
19100,174.7,43106,3425,EE,OC
19101,174.7,43107,3830,CB,OC
19102,174.7,43110,2702,FD,MBC
19103,174.7,43111,3819,EC,SC
19104,174.7,43112,2709,CE,BC
19105,174.7,43114,1422,AG,OC
19106,174.7,43116,2735,EC,OC
19107,174.7,43117,2601,IT,BC
19108,174.7,43119,1225,EC,OC
19109,174.7,43120,1014,IT,MBC
19110,174.7,43121,3849,CS,OC
19111,174.7,43122,2702,ME,BC
19112,174.7,43123,2634,IT,OC
19113,174.7,43124,4917,CS,MBC
19114,174.7,43125,1110,CS,BC
19115,174.7,43129,1014,IT,MBC
19116,174.7,43130,2709,EE,SC
19117,174.7,43131,2661,EE,OC
19118,174.7,43133,1225,IT,OC
19119,174.7,43134,1304,ME,OC
19120,174.7,43136,4944,EE,OC
19121,174.7,43138,2723,BM,BC
19122,174.7,43139,1424,CS,OC
19123,174.7,43140,1231,EC,BC
19124,174.7,43141,2722,ME,OC
19125,174.7,43143,2006,MS,SC
19126,174.7,43144,2739,CS,SC
19127,174.7,43145,1516,ME,OC
19128,174.7,43149,1309,EE,BC
19129,174.7,43150,5,ME,OC
19130,174.7,43153,1128,CS,SC
19131,174.7,43154,1118,ME,OC
19132,174.7,43155,1317,ME,OC
19133,174.7,43156,2736,CS,MBC
19134,174.7,43157,4917,CS,BC
19135,174.7,43158,2653,AD,BC
19136,174.7,43159,2735,CS,MBC
19137,174.7,43162,2725,CS,MBC
19138,174.7,43163,3021,CS,BC
19139,174.7,43165,5910,EC,BC
19140,174.7,43166,2710,EE,OC
19141,174.7,43167,2726,AG,OC
19142,174.7,43168,4959,EC,OC
19143,174.7,43170,5910,EC,BC
19144,174.7,43171,1116,CS,MBC
19145,174.7,43174,2750,AG,BC
19146,174.7,43175,3011,EE,BC
19147,174.7,43177,1225,CS,SC
19148,174.7,43178,1231,EC,BC
19149,174.7,43179,5904,AD,BC
19150,174.7,43183,5901,CE,SC
19151,174.7,43184,2607,AD,BC
19152,174.7,43186,1013,EC,MBC
19153,174.7,43187,1231,EC,MBC
19154,174.7,43188,2628,AD,OC
19155,174.7,43189,3805,EE,OC
19156,174.7,43190,1128,ME,OC
19157,174.7,43191,2653,IT,BCM
19158,174.7,43192,3465,EC,SCA
19159,174.7,43193,4917,IT,OC
19160,174.7,43194,1118,IT,MBC
19161,174.7,43195,1442,AD,OC
19162,174.7,43199,1237,AD,MBC
19163,174.7,43200,4962,EE,MBC
19164,174.7,43203,4672,CS,OC
19165,174.7,43204,1317,CH,MBC
19166,174.7,43206,4972,CS,OC
19167,174.7,43208,2708,AL,BC
19168,174.7,43209,2329,IT,OC
19169,174.7,43212,1110,CS,BC
19170,174.7,43213,1013,EC,BC
19171,174.7,43214,2702,BT,MBC
19172,174.7,43217,4917,IT,OC
19173,174.7,43220,2723,IT,BCM
19174,174.7,43222,2702,BT,MBC
19175,174.7,43223,2708,AL,BC
19176,174.7,43225,2706,EE,BC
19177,174.7,43226,5907,CH,OC
19178,174.7,43227,1419,IT,SC
19179,174.7,43228,5921,EC,OC
19180,174.7,43229,4959,IT,MBC
19181,174.7,43230,2727,AL,BC
19182,174.6,43232,2653,EE,OC
19183,174.6,43234,5921,CS,OC
19184,174.6,43235,1122,AD,MBC
19185,174.6,43236,2610,CS,OC
19186,174.6,43237,2709,CE,MBC
19187,174.6,43238,2653,AD,BC
19188,174.6,43240,1306,EC,BC
19189,174.6,43241,3021,CS,MBC
19190,174.6,43244,1509,CS,BC
19191,174.6,43245,2608,CS,MBC
19192,174.6,43246,1306,EC,BC
19193,174.6,43249,3815,CS,OC
19194,174.6,43250,2661,IT,OC
19195,174.6,43251,2622,CS,BC
19196,174.6,43252,4917,CS,BCM
19197,174.6,43253,1432,EC,SC
19198,174.6,43254,2025,ME,MBC
19199,174.6,43255,1432,AD,MBC
19200,174.6,43256,1112,EC,MBC
19201,174.6,43257,5910,EC,MBC
19202,174.6,43258,4917,EC,OC
19203,174.6,43259,5703,EC,OC
19204,174.6,43260,2622,EC,BC
19205,174.6,43261,1140,AD,BC
19206,174.6,43263,4974,ME,MBC
19207,174.6,43265,2739,ME,BC
19208,174.6,43267,2603,EC,SC
19209,174.6,43268,1419,CE,OC
19210,174.6,43271,1211,EC,SC
19211,174.6,43272,1306,BT,MBC
19212,174.6,43273,1422,EC,BCM
19213,174.6,43274,1412,CS,OC
19214,174.6,43275,2734,AD,BC
19215,174.6,43276,5022,CS,MBC
19216,174.6,43277,2711,ME,MBC
19217,174.6,43278,1210,EE,MBC
19218,174.6,43279,2734,EC,OC
19219,174.6,43280,2734,SB,OC
19220,174.6,43282,2750,CB,BC
19221,174.6,43283,2708,IT,BC
19222,174.6,43284,2729,CS,OC
19223,174.6,43287,2725,CS,BCM
19224,174.6,43288,2734,CS,MBC
19225,174.6,43289,1122,EC,OC
19226,174.6,43290,1114,CS,MBC
19227,174.6,43292,3830,CB,OC
19228,174.6,43294,4957,CS,OC
19229,174.6,43295,1,CE,ST
19230,174.6,43296,2743,EC,OC
19231,174.6,43298,1306,EC,BC
19232,174.6,43300,4678,EE,OC
19233,174.6,43303,1401,CS,OC
19234,174.6,43304,5910,EC,BC
19235,174.6,43307,4955,CS,SC
19236,174.6,43308,4974,ME,BC
19237,174.6,43309,1505,CS,OC
19238,174.6,43310,5530,EC,OC
19239,174.6,43311,1324,EC,BCM
19240,174.6,43312,1432,EC,MBC
19241,174.6,43314,2636,AD,OC
19242,174.6,43315,2651,CS,OC
19243,174.6,43316,1237,EC,OC
19244,174.6,43317,5,IT,BC
19245,174.6,43318,2718,EC,SC
19246,174.6,43319,5,IT,BC
19247,174.6,43320,2726,FD,OC
19248,174.6,43321,4971,ME,OC
19249,174.6,43322,4962,ME,OC
19250,174.6,43323,1211,CH,MBC
19251,174.6,43324,1210,AD,MBC
19252,174.6,43325,5986,CS,MBC
19253,174.6,43326,2723,EC,BC
19254,174.6,43327,1140,AD,MBC
19255,174.6,43328,5532,CS,OC
19256,174.6,43329,2620,CS,OC
19257,174.6,43330,3810,AG,OC
19258,174.6,43333,2704,EC,BC
19259,174.6,43335,4974,ME,BC
19260,174.6,43336,2718,CJ,SC
19261,174.6,43337,2357,EC,OC
19262,174.6,43338,1399,MZ,SC
19263,174.6,43339,2702,CE,BC
19264,174.6,43340,1014,IT,BC
19265,174.6,43341,4944,CS,OC
19266,174.6,43342,3465,ME,OC
19267,174.6,43343,4669,ME,OC
19268,174.6,43344,2673,CS,OC
19269,174.6,43345,4981,ME,OC
19270,174.6,43347,2620,BM,OC
19271,174.6,43348,2618,IT,MBC
19272,174.6,43352,2618,EE,BC
19273,174.6,43354,1225,CS,BC
19274,174.6,43355,1413,CS,BC
19275,174.6,43356,1516,CE,OC
19276,174.6,43357,2710,EE,OC
19277,174.6,43358,1306,EC,BC
19278,174.6,43360,3456,CS,OC
19279,174.6,43361,4964,CS,OC
19280,174.6,43363,2611,CS,OC
19281,174.6,43365,2710,EC,MBC
19282,174.6,43367,4954,IT,BC
19283,174.6,43368,5904,IT,BC
19284,174.6,43370,3826,AD,OC
19285,174.6,43371,3701,CS,BC
19286,174.6,43372,2656,EE,OC
19287,174.6,43373,1231,AD,MBC
19288,174.6,43375,1120,CS,SC
19289,174.6,43377,1207,IT,OC
19290,174.6,43379,2727,EE,OC
19291,174.6,43381,1123,EC,OC
19292,174.6,43382,1140,IT,BC
19293,174.6,43383,2608,AL,BC
19294,174.6,43384,2750,EC,OC
19295,174.6,43385,1324,EE,BC
19296,174.6,43388,3016,EE,OC
19297,174.6,43389,1231,EC,BC
19298,174.6,43391,5904,EC,OC
19299,174.6,43392,1311,EC,BC
19300,174.6,43393,1307,CS,BC
19301,174.6,43394,1427,CS,OC
19302,174.6,43395,1116,CS,BC
19303,174.6,43398,3801,IT,BCM
19304,174.6,43399,1505,CS,OC
19305,174.6,43400,4680,CS,OC
19306,174.6,43401,3826,EC,OC
19307,174.6,43402,2727,ME,OC
19308,174.6,43403,1118,IT,MBC
19309,174.6,43404,4965,BT,OC
19310,174.6,43405,2622,BM,BC
19311,174.6,43406,2636,EC,OC
19312,174.6,43407,1306,EC,BC
19313,174.6,43408,1516,ME,OC
19314,174.6,43409,2726,EC,OC
19315,174.6,43410,1225,EC,OC
19316,174.6,43412,4967,EC,OC
19317,174.6,43414,1211,CE,BC
19318,174.6,43414,2710,TS,MBC
19319,174.6,43415,1114,IT,SC
19320,174.6,43416,5919,CS,OC
19321,174.6,43417,4969,ME,OC
19322,174.6,43418,3021,EC,OC
19323,174.6,43419,1325,CS,OC
19324,174.6,43422,5910,EC,BC
19325,174.6,43423,4994,CS,OC
19326,174.6,43424,2708,EC,OC
19327,174.6,43425,3701,CS,BC
19328,174.6,43426,4974,EE,MBC
19329,174.6,43427,2711,FD,MBC
19330,174.6,43428,2736,AD,BC
19331,174.6,43430,2750,BM,OC
19332,174.6,43431,4678,EE,OC
19333,174.6,43432,2618,IT,MBC
19334,174.6,43435,1422,EE,BC
19335,174.6,43436,2329,IT,MBC
19336,174.6,43437,1317,EI,BC
19337,174.6,43439,2708,AG,OC
19338,174.6,43441,2750,AE,OC
19339,174.6,43442,4960,ME,BC
19340,174.6,43443,4955,CS,MBC
19341,174.6,43445,3465,ME,OC
19342,174.6,43448,4962,CS,MBC
19343,174.6,43449,3464,EE,OC
19344,174.6,43450,1414,IT,OC
19345,174.6,43453,4024,EC,BC
19346,174.6,43453,1237,CS,MBC
19347,174.6,43454,2725,CS,MBC
19348,174.6,43458,2721,CS,BC
19349,174.6,43460,2736,EC,OC
19350,174.6,43461,3826,IT,BC
19351,174.6,43462,2636,EC,OC
19352,174.6,43464,2643,CS,OC
19353,174.6,43466,1210,EC,MBC
19354,174.6,43468,2709,EE,SC
19355,174.6,43469,4974,EC,SC
19356,174.6,43472,2725,IT,MBC
19357,174.6,43475,3819,AD,BCM
19358,174.6,43476,2708,EC,OC
19359,174.6,43477,2603,ME,MBC
19360,174.6,43478,1014,CS,BC
19361,174.6,43481,1217,CS,OC
19362,174.6,43482,2613,CS,OC
19363,174.6,43483,2708,IT,BC
19364,174.6,43485,4971,CE,OC
19365,174.6,43486,5022,CS,MBC
19366,174.6,43487,2608,AD,BC
19367,174.6,43489,4965,CS,BC
19368,174.6,43492,2707,EC,OC
19369,174.6,43494,4980,CS,OC
19370,174.6,43495,2711,FD,SC
19371,174.6,43497,1304,ME,OC
19372,174.6,43498,2706,ME,OC
19373,174.6,43499,4974,CE,SC
19374,174.6,43503,4944,AD,OC
19375,174.6,43505,2608,ME,OC
19376,174.6,43507,3011,EE,BC
19377,174.6,43511,2618,BM,OC
19378,174.6,43512,2706,EE,BC
19379,174.6,43514,5533,CE,OC
19380,174.6,43515,1442,AD,OC
19381,174.6,43517,5910,EC,BC
19382,174.6,43518,2708,IT,BC
19383,174.6,43520,5910,EC,MBC
19384,174.6,43521,1452,EC,OC
19385,174.6,43522,1516,CE,OC
19386,174.6,43523,4980,CS,OC
19387,174.6,43524,4669,CS,OC
19388,174.6,43526,2608,EC,BC
19389,174.5,43527,2723,BM,BC
19390,174.5,43528,3410,EC,OC
19391,174.5,43533,2764,ME,OC
19392,174.5,43536,3815,CS,OC
19393,174.5,43537,3018,CE,OC
19394,174.5,43538,2729,AD,OC
19395,174.5,43539,2736,EC,OC
19396,174.5,43540,4020,ME,OC
19397,174.5,43543,5022,EC,OC
19398,174.5,43544,5986,ME,OC
19399,174.5,43545,1211,EC,SC
19400,174.5,43546,5022,CS,BC
19401,174.5,43547,3011,EE,BC
19402,174.5,43548,5910,EC,BC
19403,174.5,43549,2727,AL,BC
19404,174.5,43550,2751,CB,OC
19405,174.5,43551,1140,EC,OC
19406,174.5,43553,5,AM,BC
19407,174.5,43558,3011,EE,BC
19408,174.5,43560,1112,CB,BCM
19409,174.5,43564,5904,EC,OC
19410,174.5,43566,1013,EC,BC
19411,174.5,43567,2729,AD,BC
19412,174.5,43568,5,EE,OC
19413,174.5,43569,2705,IT,OC
19414,174.5,43571,2725,IT,MBC
19415,174.5,43572,2354,CS,OC
19416,174.5,43574,3803,IT,OC
19417,174.5,43575,5901,ME,SC
19418,174.5,43577,1432,AD,MBC
19419,174.5,43578,4959,CS,BCM
19420,174.5,43580,3701,CS,SC
19421,174.5,43581,2603,ME,BC
19422,174.5,43582,2369,CE,OC
19423,174.5,43583,1013,EC,BC
19424,174.5,43585,4960,CS,MBC
19425,174.5,43588,1014,IT,BC
19426,174.5,43590,2651,CS,OC
19427,174.5,43591,2711,MZ,MBC
19428,174.5,43594,2608,CB,BC
19429,174.5,43596,3464,EE,BC
19430,174.5,43597,5904,IT,BC
19431,174.5,43598,2764,CS,MBC
19432,174.5,43599,2723,EC,BC
19433,174.5,43600,1014,CS,BC
19434,174.5,43603,1120,EC,SC
19435,174.5,43604,3701,EC,OC
19436,174.5,43605,3806,CS,OC
19437,174.5,43606,1123,CS,OC
19438,174.5,43607,2702,CS,SC
19439,174.5,43610,2715,EC,OC
19440,174.5,43611,5532,EC,OC
19441,174.5,43612,1504,EE,OC
19442,174.5,43613,5988,CS,OC
19443,174.5,43614,2751,AD,OC
19444,174.5,43615,4955,EC,OC
19445,174.5,43616,1120,EC,MBC
19446,174.5,43618,3805,FD,OC
19447,174.5,43621,1207,BM,OC
19448,174.5,43622,2722,ME,OC
19449,174.5,43624,4971,EC,BC
19450,174.5,43625,1321,PA,SC
19451,174.5,43626,2727,CS,MBC
19452,174.5,43627,2722,EE,BCM
19453,174.5,43628,2718,EC,SC
19454,174.5,43629,4917,CS,BC
19455,174.5,43629,2005,IB,SCA
19456,174.5,43632,2739,EC,SCA
19457,174.5,43633,5010,ME,OC
19458,174.5,43635,4023,EC,BC
19459,174.5,43638,2608,AL,MBC
19460,174.5,43639,1026,EC,SC
19461,174.5,43645,3011,EE,BCM
19462,174.5,43648,5,IT,BC
19463,174.5,43652,1317,IT,SC
19464,174.5,43654,2762,AD,OC
19465,174.5,43656,2726,EC,OC
19466,174.5,43659,3830,CB,OC
19467,174.5,43663,4960,EC,SC
19468,174.5,43664,1317,CE,OC
19469,174.5,43668,5910,EC,BC
19470,174.5,43671,1140,EC,OC
19471,174.5,43672,5010,CE,OC
19472,174.5,43674,1310,CS,MBC
19473,174.5,43676,4974,EC,SC
19474,174.5,43677,5,CH,OC
19475,174.5,43680,2601,CS,BC
19476,174.5,43685,1306,EC,BC
19477,174.5,43687,1432,AD,MBC
19478,174.5,43689,3011,EE,BC
19479,174.5,43693,1304,ME,OC
19480,174.5,43696,1447,IT,OC
19481,174.5,43696,2722,EE,MBC
19482,174.5,43697,1127,BT,OC
19483,174.5,43698,3795,EC,OC
19484,174.5,43704,1309,EC,MBC
19485,174.5,43709,1231,EC,BC
19486,174.5,43710,1210,CS,SC
19487,174.5,43716,1014,EC,OC
19488,174.5,43720,4971,EE,OC
19489,174.5,43724,3819,CS,MBC
19490,174.5,43730,3018,CS,OC
19491,174.5,43733,4972,CS,OC
19492,174.5,43738,1419,MU,OC
19493,174.5,43740,1422,AD,SC
19494,174.5,43743,4981,CS,BC
19495,174.5,43745,3011,EE,BC
19496,174.5,43749,1149,EC,SC
19497,174.5,43752,1317,CH,BCM
19498,174.5,43757,5910,ME,OC
19499,174.5,43758,1450,ME,BCM
19500,174.5,43763,1219,CH,MBC
19501,174.5,43768,1231,EC,BC
19502,174.5,43775,3701,CS,MBC
19503,174.5,43777,1231,IT,BCM
19504,174.5,43778,1210,AD,MBC
19505,174.5,43780,1419,ME,BC
19506,174.5,43781,4678,EC,BC
19507,174.5,43782,1118,EC,BC
19508,174.5,43784,4020,EC,SC
19509,174.5,43789,1149,EC,BCM
19510,174.5,43791,2006,MY,SC
19511,174.5,43792,2722,CE,OC
19512,174.5,43793,2709,EE,SC
19513,174.5,43796,2727,BT,BC
19514,174.5,43798,2723,BM,BC
19515,174.5,43800,2702,SE,MBC
19516,174.5,43801,1207,AD,OC
19517,174.5,43802,3016,EC,OC
19518,174.5,43803,1013,CS,MBC
19519,174.5,43805,1233,CS,BC
19520,174.5,43808,2656,EC,MBC
19521,174.5,43809,3018,EC,OC
19522,174.5,43810,2369,CS,SC
19523,174.5,43811,4955,EC,OC
19524,174.5,43812,2729,CS,OC
19525,174.5,43813,2727,IT,MBC
19526,174.5,43814,5910,EC,BC
19527,174.5,43816,2726,CS,MBC
19528,174.5,43819,4020,EC,MBC
19529,174.5,43823,1422,AG,OC
19530,174.5,43826,1306,EC,BC
19531,174.5,43827,1325,EC,OC
19532,174.5,43828,2610,EC,OC
19533,174.5,43829,2702,BT,SC
19534,174.5,43830,4917,AD,OC
19535,174.5,43835,1216,EE,MBC
19536,174.5,43836,2726,CS,MBC
19537,174.5,43838,2622,BT,MBC
19538,174.5,43841,2723,CE,OC
19539,174.5,43844,2736,CS,MBC
19540,174.5,43845,2607,IT,OC
19541,174.5,43850,4023,IT,MBC
19542,174.5,43851,1505,CS,OC
19543,174.5,43855,1110,CS,BC
19544,174.5,43856,3011,PC,OC
19545,174.5,43858,3701,CS,MBC
19546,174.5,43859,1317,CE,OC
19547,174.5,43861,3011,CE,OC
19548,174.5,43862,1307,IT,OC
19549,174.5,43863,2622,EC,BC
19550,174.5,43864,2618,EE,BCM
19551,174.5,43865,2329,CS,OC
19552,174.5,43866,2608,EC,BC
19553,174.5,43867,1516,CE,OC
19554,174.5,43869,5,CF,BC
19555,174.5,43870,1324,EC,MBC
19556,174.5,43871,4678,EE,OC
19557,174.5,43872,4959,IT,BC
19558,174.5,43874,1605,CS,OC
19559,174.5,43875,4981,IT,OC
19560,174.5,43876,1422,EC,MBC
19561,174.5,43877,5942,IT,OC
19562,174.5,43879,2751,IT,BC
19563,174.5,43881,2607,IT,OC
19564,174.5,43882,3803,IT,BC
19565,174.5,43883,1516,CE,BC
19566,174.5,43886,2750,AG,BC
19567,174.5,43889,1014,CS,MBC
19568,174.5,43891,1233,AD,OC
19569,174.5,43892,4917,CB,OC
19570,174.5,43893,2722,ME,OC
19571,174.5,43894,1306,IT,MBC
19572,174.5,43897,3016,ME,OC
19573,174.5,43899,2618,EE,BC
19574,174.5,43902,2721,CS,BC
19575,174.5,43903,3011,ME,OC
19576,174.5,43904,3819,AD,SC
19577,174.5,43905,1128,ME,BC
19578,174.5,43906,2717,CS,OC
19579,174.5,43907,1122,EC,OC
19580,174.5,43908,4974,CE,MBC
19581,174.4,43911,2711,EE,MBC
19582,174.4,43912,4981,IT,OC
19583,174.4,43913,1317,ME,OC
19584,174.4,43915,2734,SB,BC
19585,174.4,43916,2769,FD,OC
19586,174.4,43917,2709,AU,MBC
19587,174.4,43918,3016,CS,OC
19588,174.4,43920,2615,MT,BCM
19589,174.4,43921,1405,AD,OC
19590,174.4,43924,4864,CS,OC
19591,174.4,43927,2715,CH,OC
19592,174.4,43928,1452,CS,OC
19593,174.4,43930,1211,BM,MBC
19594,174.4,43931,4944,EC,OC
19595,174.4,43934,5910,BM,BC
19596,174.4,43935,1231,EC,BC
19597,174.4,43937,4933,EC,OC
19598,174.4,43940,2611,CS,OC
19599,174.4,43941,2357,AG,BCM
19600,174.4,43942,1307,EC,OC
19601,174.4,43943,1504,CS,OC
19602,174.4,43945,3819,IC,OC
19603,174.4,43947,2603,ME,BC
19604,174.4,43950,1504,BT,OC
19605,174.4,43953,5904,CS,MBC
19606,174.4,43955,2762,CS,OC
19607,174.4,43956,1013,EC,BC
19608,174.4,43957,2643,CS,OC
19609,174.4,43958,5530,EC,OC
19610,174.4,43959,1310,EC,OC
19611,174.4,43961,1114,CS,BC
19612,174.4,43964,1307,IT,OC
19613,174.4,43965,3805,EC,OC
19614,174.4,43966,1422,EC,MBC
19615,174.4,43967,1015,EC,OC
19616,174.4,43969,3843,ME,OC
19617,174.4,43970,1432,EC,MBC
19618,174.4,43971,1509,CS,BC
19619,174.4,43974,3805,AD,OC
19620,174.4,43975,2734,AD,BC
19621,174.4,43976,1217,BM,OC
19622,174.4,43977,1325,CS,OC
19623,174.4,43978,1309,EE,BC
19624,174.4,43979,5901,CE,SC
19625,174.4,43980,1405,AD,OC
19626,174.4,43982,1306,IT,MBC
19627,174.4,43983,2735,EC,OC
19628,174.4,43985,2736,EC,OC
19629,174.4,43988,5832,CS,OC
19630,174.4,43989,1014,CS,BC
19631,174.4,43990,4917,IT,OC
19632,174.4,43992,1509,IT,OC
19633,174.4,43995,4974,ME,BC
19634,174.4,43996,2621,CS,OC
19635,174.4,43999,5901,CE,SC
19636,174.4,44000,2707,AG,OC
19637,174.4,44001,1114,EC,OC
19638,174.4,44002,2706,EI,OC
19639,174.4,44003,2702,SE,MBC
19640,174.4,44008,5910,EC,BC
19641,174.4,44010,2719,EC,MBC
19642,174.4,44011,1306,EC,MBC
19643,174.4,44013,2741,EE,OC
19644,174.4,44016,2620,CS,OC
19645,174.4,44017,2715,CS,SCA
19646,174.4,44018,2357,AG,BC
19647,174.4,44019,4971,EC,BC
19648,174.4,44020,2723,EC,BC
19649,174.4,44022,1414,IT,OC
19650,174.4,44023,1110,IT,OC
19651,174.4,44025,2723,BM,SCA
19652,174.4,44026,1211,ME,MBC
19653,174.4,44027,1114,EC,OC
19654,174.4,44028,2710,EE,BC
19655,174.4,44029,2727,BM,OC
19656,174.4,44030,2711,CE,OC
19657,174.4,44031,2618,AD,BCM
19658,174.4,44033,5904,EC,OC
19659,174.4,44034,1409,BM,OC
19660,174.4,44035,1122,AD,MBC
19661,174.4,44036,3464,ME,OC
19662,174.4,44038,2741,EC,MBC
19663,174.4,44039,2711,MZ,MBC
19664,174.4,44040,1432,ME,BC
19665,174.4,44041,4917,IT,BCM
19666,174.4,44043,1309,EE,BC
19667,174.4,44044,2702,CS,SC
19668,174.4,44045,5921,CB,OC
19669,174.4,44046,2710,EE,MBC
19670,174.4,44047,1212,PE,OC
19671,174.4,44048,1216,EC,BCM
19672,174.4,44049,4974,ME,BC
19673,174.4,44050,1237,EC,OC
19674,174.4,44051,2608,EC,BC
19675,174.4,44053,3465,CE,OC
19676,174.4,44055,3011,PH,MBC
19677,174.4,44058,1311,EC,BC
19678,174.4,44061,2656,CS,BC
19679,174.4,44062,4971,EC,BC
19680,174.4,44063,2708,IT,BC
19681,174.4,44066,1120,AD,MBC
19682,174.4,44067,5910,EC,MBC
19683,174.4,44068,2711,CE,OC
19684,174.4,44070,5910,EC,BC
19685,174.4,44073,1317,ME,OC
19686,174.4,44076,1304,ME,OC
19687,174.4,44079,1509,CS,BC
19688,174.4,44081,4974,ME,BC
19689,174.4,44082,5904,EC,OC
19690,174.4,44083,2751,CS,BC
19691,174.4,44086,4959,AD,BC
19692,174.4,44088,3819,EC,BCM
19693,174.4,44089,1015,CS,BC
19694,174.4,44090,4980,CS,OC
19695,174.4,44091,3019,CS,OC
19696,174.4,44092,2620,CS,OC
19697,174.4,44094,2618,EE,MBC
19698,174.4,44096,2624,EE,OC
19699,174.4,44098,2727,IT,MBC
19700,174.4,44101,2719,ME,BC
19701,174.4,44102,2740,IT,BC
19702,174.4,44103,2607,IT,OC
19703,174.4,44104,1014,IT,BC
19704,174.4,44106,1306,EC,BC
19705,174.4,44107,1452,CS,OC
19706,174.4,44109,3803,EC,OC
19707,174.4,44111,2634,AG,OC
19708,174.4,44112,1210,EE,BC
19709,174.4,44113,1014,CS,MBC
19710,174.4,44115,2719,EE,BCM
19711,174.4,44116,2618,ME,OC
19712,174.4,44119,2712,SE,SC
19713,174.4,44120,2607,IT,BC
19714,174.4,44122,2702,AU,BC
19715,174.4,44124,2769,AD,OC
19716,174.4,44125,3021,CS,MBC
19717,174.4,44127,2764,CH,BC
19718,174.4,44128,2725,EE,OC
19719,174.4,44129,2702,ME,BC
19720,174.4,44130,2726,AL,MBC
19721,174.4,44131,1303,BT,OC
19722,174.4,44133,1216,EE,BC
19723,174.4,44137,1110,BT,OC
19724,174.4,44138,1207,BM,OC
19725,174.4,44140,2620,CS,BC
19726,174.4,44141,2329,BT,SC
19727,174.4,44144,5910,EC,BC
19728,174.4,44147,2607,EE,OC
19729,174.4,44148,2761,AD,OC
19730,174.4,44151,2736,EC,OC
19731,174.4,44152,2711,CH,OC
19732,174.4,44153,2608,EC,BC
19733,174.4,44157,1419,EE,MBC
19734,174.4,44158,2610,IT,OC
19735,174.4,44159,1014,EC,OC
19736,174.4,44160,2611,IT,OC
19737,174.4,44162,4023,EC,BC
19738,174.4,44164,2615,ME,SC
19739,174.4,44165,1120,EE,MBC
19740,174.4,44166,1237,EC,OC
19741,174.4,44171,3826,AD,OC
19742,174.4,44172,1013,EC,MBC
19743,174.4,44177,2711,CH,OC
19744,174.4,44178,2764,EC,MBC
19745,174.4,44181,2601,CS,MBC
19746,174.4,44182,4944,CS,OC
19747,174.4,44183,1231,CS,MBC
19748,174.4,44185,3826,IT,BC
19749,174.4,44187,4020,EC,SC
19750,174.4,44188,2721,CS,BC
19751,174.4,44189,1306,EC,MBC
19752,174.4,44192,3016,CS,OC
19753,174.4,44197,1210,EE,BC
19754,174.4,44198,2736,BM,OC
19755,174.4,44199,2710,EE,MBC
19756,174.4,44202,5530,CS,BC
19757,174.4,44205,3011,EE,BC
19758,174.4,44206,2711,MZ,BCM
19759,174.4,44207,2745,AD,OC
19760,174.4,44212,1422,CS,SC
19761,174.4,44213,4974,CE,SC
19762,174.4,44214,2704,EC,BC
19763,174.3,44216,2709,ME,MBC
19764,174.3,44217,1419,EC,SC
19765,174.3,44220,1014,EC,OC
19766,174.3,44222,1399,CE,SC
19767,174.3,44223,4672,CS,OC
19768,174.3,44225,4020,ME,OC
19769,174.3,44226,4917,CS,BC
19770,174.3,44228,4966,CS,OC
19771,174.3,44229,4981,CS,BC
19772,174.3,44230,5009,EE,OC
19773,174.3,44232,3805,BM,OC
19774,174.3,44234,4678,EE,BC
19775,174.3,44235,2603,EE,SC
19776,174.3,44236,5022,EC,OC
19777,174.3,44237,2653,IT,BC
19778,174.3,44238,5910,EE,OC
19779,174.3,44239,1115,AD,OC
19780,174.3,44240,2610,CS,OC
19781,174.3,44242,1321,PA,SC
19782,174.3,44243,1211,EC,SC
19783,174.3,44245,1231,CB,MBC
19784,174.3,44246,1419,ME,MBC
19785,174.3,44247,1317,CH,BC
19786,174.3,44249,2729,AD,BC
19787,174.3,44250,2608,AL,BC
19788,174.3,44253,5910,EC,MBC
19789,174.3,44254,1225,CS,BC
19790,174.3,44257,2708,FD,BC
19791,174.3,44258,1317,ME,OC
19792,174.3,44259,1122,AD,MBC
19793,174.3,44260,2764,CS,SC
19794,174.3,44261,4023,EE,OC
19795,174.3,44262,4954,EC,OC
19796,174.3,44263,1315,EE,SCA
19797,174.3,44265,1304,EC,SC
19798,174.3,44266,2726,EC,OC
19799,174.3,44267,4960,EC,MBC
19800,174.3,44268,2708,EE,OC
19801,174.3,44269,1225,IT,OC
19802,174.3,44272,1101,EC,OC
19803,174.3,44276,3011,CE,OC
19804,174.3,44278,1303,BT,OC
19805,174.3,44281,1409,AD,OC
19806,174.3,44283,2755,CS,OC
19807,174.3,44285,4670,EC,OC
19808,174.3,44286,1014,CS,MBC
19809,174.3,44287,2723,EC,BC
19810,174.3,44290,2708,EE,OC
19811,174.3,44291,2613,CS,OC
19812,174.3,44293,2624,CS,OC
19813,174.3,44295,2610,CS,OC
19814,174.3,44297,2719,EE,MBC
19815,174.3,44301,3819,IC,OC
19816,174.3,44302,4965,EC,OC
19817,174.3,44303,2620,BM,MBC
19818,174.3,44304,2711,ME,BC
19819,174.3,44305,5910,EC,BC
19820,174.3,44306,2735,EC,OC
19821,174.3,44307,1317,ME,OC
19822,174.3,44308,2347,EC,OC
19823,174.3,44309,1325,IT,OC
19824,174.3,44310,2764,AD,MBC
19825,174.3,44313,2704,CS,MBC
19826,174.3,44314,3011,EE,BC
19827,174.3,44317,1309,CE,OC
19828,174.3,44318,2620,EC,OC
19829,174.3,44319,1116,CS,BC
19830,174.3,44320,3826,EC,OC
19831,174.3,44322,2369,EE,BC
19832,174.3,44325,2726,CS,BCM
19833,174.3,44326,2715,AD,OC
19834,174.3,44327,1118,AD,SC
19835,174.3,44329,2751,AD,OC
19836,174.3,44331,3011,EC,BCM
19837,174.3,44332,1207,BM,OC
19838,174.3,44334,2734,AD,BC
19839,174.3,44335,1408,CS,OC
19840,174.3,44336,2736,BM,OC
19841,174.3,44338,2710,EC,MBC
19842,174.3,44339,3801,IT,MBC
19843,174.3,44340,2712,AE,SC
19844,174.3,44342,4971,EC,MBC
19845,174.3,44343,3803,IT,BC
19846,174.3,44344,2618,EE,BC
19847,174.3,44347,2706,EE,BC
19848,174.3,44348,5,ME,OC
19849,174.3,44349,4678,EC,BCM
19850,174.3,44352,4981,CS,BC
19851,174.3,44353,4675,EC,OC
19852,174.3,44354,2653,CS,BC
19853,174.3,44355,1122,CS,MBC
19854,174.3,44356,5,CF,MBC
19855,174.3,44357,1605,CS,OC
19856,174.3,44358,4955,IT,BC
19857,174.3,44360,1122,CS,BCM
19858,174.3,44361,5910,EC,BC
19859,174.3,44362,2369,EC,SC
19860,174.3,44363,3826,AD,BC
19861,174.3,44365,3701,CS,BC
19862,174.3,44366,2726,BM,MBC
19863,174.3,44367,1317,EI,BC
19864,174.3,44369,2725,EC,MBC
19865,174.3,44372,2729,CS,SC
19866,174.3,44373,2715,EE,OC
19867,174.3,44374,1401,CH,OC
19868,174.3,44375,4971,EC,MBC
19869,174.3,44377,2608,AD,MBC
19870,174.3,44378,5910,EE,OC
19871,174.3,44379,5022,CS,BC
19872,174.3,44380,2740,AD,BC
19873,174.3,44383,1419,EE,MBC
19874,174.3,44385,2740,CS,BC
19875,174.3,44386,2740,CS,BC
19876,174.3,44388,2722,IC,BC
19877,174.3,44390,4981,EE,OC
19878,174.3,44393,2751,AD,BC
19879,174.3,44396,4023,IT,MBC
19880,174.3,44397,2704,CS,MBC
19881,174.3,44398,1126,AD,OC
19882,174.3,44402,1217,CS,OC
19883,174.3,44404,2764,ME,OC
19884,174.3,44405,1219,CH,SC
19885,174.3,44407,2736,AD,BC
19886,174.3,44408,2608,EC,BC
19887,174.3,44408,1015,CS,MBC
19888,174.3,44409,1225,IT,BC
19889,174.3,44410,2653,ME,OC
19890,174.3,44411,3826,EC,OC
19891,174.3,44412,2706,EI,OC
19892,174.3,44413,2734,CS,MBC
19893,174.3,44415,5912,CS,OC
19894,174.3,44416,5910,EC,BC
19895,174.3,44417,2656,CS,BC
19896,174.3,44419,2722,IC,MBC
19897,174.3,44420,1101,EC,OC
19898,174.3,44421,2345,CS,OC
19899,174.3,44422,2329,AD,OC
19900,174.3,44423,5,CS,SC
19901,174.3,44424,4023,EE,OC
19902,174.3,44425,4678,EC,MBC
19903,174.3,44427,2620,EE,OC
19904,174.3,44428,4959,EC,OC
19905,174.3,44429,2702,TX,OC
19906,174.3,44430,3805,CS,OC
19907,174.3,44431,1505,CS,OC
19908,174.3,44432,1399,MZ,SC
19909,174.3,44434,2712,TX,MBC
19910,174.3,44436,2621,CS,OC
19911,174.3,44438,3464,EE,BC
19912,174.2,44440,3465,CE,OC
19913,174.2,44441,4020,EC,SC
19914,174.2,44442,3465,ME,OC
19915,174.2,44443,2622,IT,OC
19916,174.2,44446,2704,CS,MBC
19917,174.2,44448,1311,EC,SC
19918,174.2,44449,1015,CS,MBC
19919,174.2,44451,5921,EC,OC
19920,174.2,44452,5901,ME,SC
19921,174.2,44453,2634,CS,OC
19922,174.2,44454,2736,BM,OC
19923,174.2,44458,1317,ME,OC
19924,174.2,44459,2708,AL,BC
19925,174.2,44460,2726,AL,BC
19926,174.2,44461,3021,EC,OC
19927,174.2,44463,2731,CS,OC
19928,174.2,44464,2708,EC,OC
19929,174.2,44465,2656,EC,BC
19930,174.2,44469,1218,CS,OC
19931,174.2,44470,1516,CE,MBC
19932,174.2,44471,3011,EE,BC
19933,174.2,44472,2711,MZ,BC
19934,174.2,44473,2711,CS,SC
19935,174.2,44474,2620,CS,MBC
19936,174.2,44476,4954,CS,BC
19937,174.2,44477,2762,EC,OC
19938,174.2,44478,1306,EC,BC
19939,174.2,44480,1419,MU,OC
19940,174.2,44481,2653,AD,BC
19941,174.2,44484,5009,EC,MBC
19942,174.2,44485,1231,AD,MBC
19943,174.2,44486,3830,AD,BC
19944,174.2,44487,5912,CS,OC
19945,174.2,44488,2634,FD,OC
19946,174.2,44489,1442,AD,OC
19947,174.2,44491,1419,AD,SC
19948,174.2,44492,1311,EC,MBC
19949,174.2,44494,3011,EE,MBC
19950,174.2,44495,4981,EC,OC
19951,174.2,44499,1420,CS,OC
19952,174.2,44500,2357,IT,OC
19953,174.2,44501,2006,PS,SC
19954,174.2,44502,1422,EC,BCM
19955,174.2,44503,2608,EC,MBC
19956,174.2,44505,2711,CH,OC
19957,174.2,44506,1202,IT,OC
19958,174.2,44507,4959,EC,OC
19959,174.2,44508,2639,CS,OC
19960,174.2,44510,1211,AU,BC
19961,174.2,44511,1516,CE,MBC
19962,174.2,44512,1114,IT,BC
19963,174.2,44513,2343,HT,BCM
19964,174.2,44514,2704,EC,SC
19965,174.2,44515,1026,EE,OC
19966,174.2,44516,1118,EC,BC
19967,174.2,44517,2708,AL,BC
19968,174.2,44523,1112,CS,SC
19969,174.2,44524,1140,EC,OC
19970,174.2,44525,2708,IT,BC
19971,174.2,44527,3795,EC,OC
19972,174.2,44528,5921,ME,OC
19973,174.2,44531,1307,CS,BC
19974,174.2,44532,2715,EE,OC
19975,174.2,44533,2726,EC,OC
19976,174.2,44534,2607,EC,OC
19977,174.2,44535,1317,ME,OC
19978,174.2,44536,1216,ME,OC
19979,174.2,44537,2722,IC,BC
19980,174.2,44538,2719,EI,BCM
19981,174.2,44540,1122,EC,OC
19982,174.2,44543,2651,EC,OC
19983,174.2,44544,2608,AD,BC
19984,174.2,44547,2601,CS,BC
19985,174.2,44548,2726,CS,BCM
19986,174.2,44549,4955,AD,BC
19987,174.2,44551,1513,IT,OC
19988,174.2,44553,1237,EC,OC
19989,174.2,44555,1412,CS,OC
19990,174.2,44556,4971,IT,BC
19991,174.2,44558,2711,CE,OC
19992,174.2,44559,3843,CS,OC
19993,174.2,44560,3830,EC,OC
19994,174.2,44562,2625,BM,OC
19995,174.2,44563,2702,ME,BC
19996,174.2,44564,3795,EC,OC
19997,174.2,44565,2710,SC,MBC
19998,174.2,44566,2704,EC,BC
19999,174.2,44567,4965,ME,OC
20000,174.2,44568,2705,CS,OC
20001,174.2,44569,3011,EE,BC
20002,174.2,44571,2736,ME,OC
20003,174.2,44575,2764,CS,BCM
20004,174.2,44576,2329,AD,OC
20005,174.2,44577,2751,EC,OC
20006,174.2,44580,2750,CB,BC
20007,174.2,44582,1306,EC,BC
20008,174.2,44583,1430,EE,OC
20009,174.2,44585,3021,CS,MBC
20010,174.2,44586,1309,EE,BC
20011,174.2,44588,2653,CS,MBC
20012,174.2,44589,3830,EC,OC
20013,174.2,44595,1307,CS,MBC
20014,174.2,44596,2608,CS,MBC
20015,174.2,44597,1114,CS,BC
20016,174.2,44600,2620,IT,OC
20017,174.2,44602,1015,EC,OC
20018,174.2,44603,2610,EE,OC
20019,174.2,44604,4917,AD,OC
20020,174.2,44606,1311,CS,MBC
20021,174.2,44607,2719,AE,MBC
20022,174.2,44608,5907,CH,OC
20023,174.2,44609,2710,EC,MBC
20024,174.2,44611,2610,BT,OC
20025,174.2,44612,1202,IT,OC
20026,174.2,44614,2764,CE,OC
20027,174.2,44616,2764,CE,OC
20028,174.2,44622,2702,CS,SCA
20029,174.2,44624,3011,EC,SC
20030,174.2,44627,1210,EC,BCM
20031,174.2,44629,1509,IT,OC
20032,174.2,44630,1219,IT,SCA
20033,174.2,44631,1231,AD,MBC
20034,174.2,44632,2710,CD,MBC
20035,174.2,44634,2708,IT,BC
20036,174.2,44635,1408,CS,OC
20037,174.2,44636,2607,AD,MBC
20038,174.2,44637,3805,AD,OC
20039,174.2,44639,4670,EC,OC
20040,174.2,44641,1516,EE,SC
20041,174.2,44642,2735,EC,OC
20042,174.2,44643,1015,EC,OC
20043,174.2,44646,2601,IT,MBC
20044,174.2,44648,4917,IT,MBC
20045,174.2,44649,3465,EE,MBC
20046,174.2,44650,2608,CS,MBC
20047,174.2,44651,2611,BM,OC
20048,174.2,44653,4678,EC,BC
20049,174.2,44655,2357,AD,BC
20050,174.2,44656,2709,CE,BC
20051,174.2,44657,2734,AD,MBC
20052,174.2,44658,2601,EC,OC
20053,174.2,44662,2608,EC,BC
20054,174.2,44665,3826,BM,OC
20055,174.2,44666,1122,EC,OC
20056,174.2,44668,1317,EE,MBC
20057,174.2,44669,2609,AG,OC
20058,174.2,44670,4960,IT,MBC
20059,174.2,44673,1126,BM,OC
20060,174.2,44676,2622,CH,BC
20061,174.2,44677,4954,CS,BC
20062,174.2,44678,1013,ME,OC
20063,174.2,44681,1210,EE,MBC
20064,174.2,44682,1422,EI,OC
20065,174.2,44683,2661,EE,OC
20066,174.2,44684,2734,SB,MBC
20067,174.2,44687,2726,AL,BC
20068,174.2,44688,1219,CS,SCA
20069,174.2,44689,2708,IT,BCM
20070,174.2,44691,3701,CS,BC
20071,174.2,44693,1407,CS,OC
20072,174.2,44694,2025,EE,SC
20073,174.2,44696,2354,CS,OC
20074,174.1,44698,4959,AD,BCM
20075,174.1,44699,4959,AD,BC
20076,174.1,44700,2661,CS,OC
20077,174.1,44701,1238,BM,OC
20078,174.1,44702,2729,AE,OC
20079,174.1,44704,2710,ME,OC
20080,174.1,44705,3011,IT,SC
20081,174.1,44707,4959,IT,BC
20082,174.1,44709,1127,CS,OC
20083,174.1,44710,1322,CS,OC
20084,174.1,44711,2727,IT,MBC
20085,174.1,44712,4974,ME,SC
20086,174.1,44714,5530,CS,BC
20087,174.1,44715,2665,CS,OC
20088,174.1,44716,2025,ME,MBC
20089,174.1,44717,1114,EC,OC
20090,174.1,44721,1504,IT,BC
20091,174.1,44723,4023,EE,OC
20092,174.1,44724,4969,CS,OC
20093,174.1,44727,2711,CH,OC
20094,174.1,44728,4960,IT,MBC
20095,174.1,44729,1210,CS,SC
20096,174.1,44730,3820,CS,OC
20097,174.1,44732,2704,CS,SCA
20098,174.1,44733,5010,EC,SC
20099,174.1,44734,4971,EC,BC
20100,174.1,44735,2608,EE,OC
20101,174.1,44738,1207,EC,OC
20102,174.1,44739,1212,PE,OC
20103,174.1,44740,2603,ME,BC
20104,174.1,44741,2723,EC,BC
20105,174.1,44743,3019,CS,OC
20106,174.1,44744,1219,AU,MBC
20107,174.1,44745,2618,CS,SC
20108,174.1,44747,2722,ME,OC
20109,174.1,44748,1226,ME,OC
20110,174.1,44749,2711,MZ,BC
20111,174.1,44751,4680,EE,OC
20112,174.1,44754,2608,AL,BC
20113,174.1,44755,1605,CS,OC
20114,174.1,44757,1419,EE,SC
20115,174.1,44759,1304,RM,MBC
20116,174.1,44760,2706,ME,OC
20117,174.1,44761,2608,EC,BC
20118,174.1,44762,1149,EC,MBC
20119,174.1,44763,2702,TX,OC
20120,174.1,44766,1422,EC,MBC
20121,174.1,44769,5915,CS,OC
20122,174.1,44770,2611,EE,OC
20123,174.1,44771,2615,CE,SC
20124,174.1,44772,4672,CS,OC
20125,174.1,44773,4917,BT,OC
20126,174.1,44774,1,MI,SCA
20127,174.1,44775,2718,MZ,MBC
20128,174.1,44778,2710,EE,BC
20129,174.1,44780,3805,PH,OC
20130,174.1,44781,2634,AD,OC
20131,174.1,44783,5,EC,BC
20132,174.1,44784,2725,EE,OC
20133,174.1,44785,4917,CS,BC
20134,174.1,44787,5010,CE,OC
20135,174.1,44788,2726,AL,BC
20136,174.1,44793,2628,AD,OC
20137,174.1,44795,4023,EE,OC
20138,174.1,44796,1113,IT,SC
20139,174.1,44797,2715,AG,OC
20140,174.1,44798,2661,CE,OC
20141,174.1,44802,2634,IT,OC
20142,174.1,44804,2620,BM,SC
20143,174.1,44805,2718,CB,SC
20144,174.1,44807,1402,CS,OC
20145,174.1,44808,3805,AD,OC
20146,174.1,44809,1128,EC,BCM
20147,174.1,44811,5009,EE,OC
20148,174.1,44813,1014,IT,MBC
20149,174.1,44814,1237,EC,OC
20150,174.1,44817,4960,EC,SC
20151,174.1,44818,5901,ME,SC
20152,174.1,44819,5904,IT,BC
20153,174.1,44821,1122,CS,MBC
20154,174.1,44823,1211,EC,SC
20155,174.1,44824,1409,RM,OC
20156,174.1,44825,5009,ME,OC
20157,174.1,44826,1419,CE,OC
20158,174.1,44827,2603,EE,SCA
20159,174.1,44828,1216,EC,MBC
20160,174.1,44829,2347,AG,OC
20161,174.1,44831,1304,IT,SC
20162,174.1,44833,4959,EC,OC
20163,174.1,44834,2727,EC,MBC
20164,174.1,44835,2762,CS,OC
20165,174.1,44839,2750,EC,BC
20166,174.1,44842,1316,CS,OC
20167,174.1,44843,4020,ME,OC
20168,174.1,44844,1216,EE,BC
20169,174.1,44845,5,EE,OC
20170,174.1,44847,2734,TS,OC
20171,174.1,44848,2723,CS,BCM
20172,174.1,44850,2722,IC,BCM
20173,174.1,44852,2369,ME,OC
20174,174.1,44854,3806,CS,OC
20175,174.1,44857,1114,CS,BC
20176,174.1,44858,4960,AD,SC
20177,174.1,44859,1450,ME,MBC
20178,174.1,44860,1317,ME,OC
20179,174.1,44862,1210,IT,SC
20180,174.1,44863,3826,BM,OC
20181,174.1,44864,2661,CS,OC
20182,174.1,44865,4960,ME,BC
20183,174.1,44866,1216,IT,SC
20184,174.1,44867,1114,CS,BC
20185,174.1,44870,2729,AE,OC
20186,174.1,44872,5904,EC,OC
20187,174.1,44873,1211,EC,SC
20188,174.1,44874,2357,CS,OC
20189,174.1,44875,1118,CS,SC
20190,174.1,44877,1210,EE,BC
20191,174.1,44881,4955,AD,BC
20192,174.1,44882,3011,PC,OC
20193,174.1,44883,2615,MT,SC
20194,174.1,44884,4023,CS,MBC
20195,174.1,44885,1231,AD,BCM
20196,174.1,44886,2751,CS,BC
20197,174.1,44887,1116,CS,MBC
20198,174.1,44888,1309,CS,SC
20199,174.1,44889,4981,CS,BC
20200,174.1,44890,4020,EC,MBC
20201,174.1,44891,1422,ME,OC
20202,174.1,44892,2610,CS,OC
20203,174.1,44893,5009,CE,OC
20204,174.1,44894,5986,CE,MBC
20205,174.1,44896,1450,EE,SC
20206,174.1,44899,1015,CS,BC
20207,174.1,44900,2739,EC,MBC
20208,174.1,44901,3465,EE,MBC
20209,174.1,44902,2726,EC,OC
20210,174.1,44904,1210,CB,MBC
20211,174.1,44905,1307,IT,OC
20212,174.1,44908,1233,CS,BC
20213,174.1,44909,3803,IT,BC
20214,174.1,44910,4980,CS,OC
20215,174.1,44911,5536,AG,OC
20216,174.1,44912,1424,AD,MBC
20217,174.1,44915,1419,ME,MBC
20218,174.1,44918,2734,EC,OC
20219,174.1,44922,5,IT,BCM
20220,174.1,44924,1114,IT,BC
20221,174.1,44925,2618,BM,OC
20222,174.1,44926,4959,EC,OC
20223,174.1,44930,2610,BM,OC
20224,174.1,44931,5,CS,SC
20225,174.1,44932,2741,CS,BC
20226,174.1,44933,4954,IT,BC
20227,174.0,44935,2752,IT,OC
20228,174.0,44943,1014,IT,MBC
20229,174.0,44945,1304,CE,OC
20230,174.0,44946,1013,EC,BC
20231,174.0,44947,2739,CS,SC
20232,174.0,44948,2357,AG,BC
20233,174.0,44949,2369,EE,BC
20234,174.0,44950,4020,GI,OC
20235,174.0,44951,2744,IT,OC
20236,174.0,44954,2656,CS,BC
20237,174.0,44955,4954,CS,BC
20238,174.0,44956,2723,CS,MBC
20239,174.0,44957,3805,AG,OC
20240,174.0,44958,2764,EE,BC
20241,174.0,44959,2302,CS,OC
20242,174.0,44961,3464,EE,SC
20243,174.0,44963,2624,AG,OC
20244,174.0,44965,4944,CS,OC
20245,174.0,44967,2706,CE,OC
20246,174.0,44968,3830,CB,OC
20247,174.0,44969,3807,CS,OC
20248,174.0,44970,1149,IT,SC
20249,174.0,44973,5530,EC,OC
20250,174.0,44974,2609,CS,OC
20251,174.0,44975,2622,BT,BC
20252,174.0,44976,4672,EC,OC
20253,174.0,44977,1412,EC,OC
20254,174.0,44978,2608,EC,MBC
20255,174.0,44979,3011,CS,SC
20256,174.0,44981,1317,ME,OC
20257,174.0,44982,2622,EC,BC
20258,174.0,44983,2628,AD,OC
20259,174.0,44984,2721,CS,BC
20260,174.0,44986,2735,EC,OC
20261,174.0,44988,1211,CE,BC
20262,174.0,44990,2735,EE,OC
20263,174.0,44991,2618,EE,BC
20264,174.0,44993,5910,EE,OC
20265,174.0,44995,2727,AG,OC
20266,174.0,44997,3465,CE,OC
20267,174.0,44998,2608,AL,BC
20268,174.0,44999,1311,EC,MBC
20269,174.0,45001,2725,CS,MBC
20270,174.0,45004,2740,CS,BC
20271,174.0,45005,4680,EC,OC
20272,174.0,45007,2734,AD,SC
20273,174.0,45008,2006,FY,MBC
20274,174.0,45010,2704,EC,BC
20275,174.0,45011,2603,EE,SC
20276,174.0,45013,2710,EE,BC
20277,174.0,45015,3795,CS,SC
20278,174.0,45016,1413,AD,OC
20279,174.0,45017,3011,EE,MBC
20280,174.0,45020,2006,MS,SC
20281,174.0,45021,2722,ME,OC
20282,174.0,45022,1303,CS,OC
20283,174.0,45023,1317,EI,BC
20284,174.0,45026,2328,CS,OC
20285,174.0,45029,2611,PU,OC
20286,174.0,45031,3810,CS,OC
20287,174.0,45035,3464,EE,MBC
20288,174.0,45036,2618,CS,BCM
20289,174.0,45037,2618,EE,BC
20290,174.0,45041,2704,IT,SC
20291,174.0,45042,2719,CE,OC
20292,174.0,45043,1014,CS,BC
20293,174.0,45046,1309,IT,SC
20294,174.0,45051,2712,EE,SC
20295,174.0,45052,1419,EE,BCM
20296,174.0,45053,2736,BM,OC
20297,174.0,45060,1106,CS,OC
20298,174.0,45063,1026,EE,OC
20299,174.0,45067,5904,EC,OC
20300,174.0,45070,1523,CS,OC
20301,174.0,45071,2711,CE,OC
20302,174.0,45074,2719,ME,BC
20303,174.0,45075,1149,EE,OC
20304,174.0,45079,2723,EC,BC
20305,174.0,45084,1219,ME,MBC
20306,174.0,45087,2608,EC,BC
20307,174.0,45088,1317,IT,SC
20308,174.0,45091,1419,ME,MBC
20309,174.0,45100,2711,CH,OC
20310,174.0,45101,1310,IT,OC
20311,174.0,45102,2622,IT,OC
20312,174.0,45103,2715,CS,BC
20313,174.0,45104,2740,CS,MBC
20314,174.0,45107,1306,EC,BC
20315,174.0,45108,2702,CE,BC
20316,174.0,45109,3819,EE,OC
20317,174.0,45111,2622,IT,BC
20318,174.0,45115,2702,CS,SC
20319,174.0,45117,2715,CS,BC
20320,174.0,45118,2735,EC,OC
20321,174.0,45120,1520,EC,OC
20322,174.0,45123,2708,IT,BC
20323,174.0,45124,1014,EC,OC
20324,174.0,45125,1211,CS,SCA
20325,174.0,45126,2734,TS,OC
20326,174.0,45128,2750,AG,BC
20327,174.0,45129,2607,EE,OC
20328,174.0,45133,2735,EC,OC
20329,174.0,45137,2769,CS,OC
20330,174.0,45139,3701,CS,BC
20331,174.0,45140,2636,CS,OC
20332,174.0,45145,3701,EC,OC
20333,174.0,45147,1149,EE,OC
20334,174.0,45148,1309,EC,SC
20335,174.0,45149,1231,AD,MBC
20336,174.0,45154,2702,TX,OC
20337,174.0,45156,4678,EC,BC
20338,174.0,45157,3701,AL,OC
20339,174.0,45159,2734,SB,MBC
20340,174.0,45160,3016,CS,OC
20341,174.0,45161,2314,AG,OC
20342,174.0,45168,2727,BT,BC
20343,174.0,45171,3701,CS,BC
20344,174.0,45173,2740,CS,BC
20345,174.0,45175,1216,EC,MBC
20346,174.0,45177,1504,BT,OC
20347,174.0,45179,2702,AU,BC
20348,174.0,45180,1419,EC,SC
20349,174.0,45186,1128,EC,MBC
20350,174.0,45188,1128,EC,MBC
20351,174.0,45189,1306,EC,BC
20352,174.0,45190,1324,CO,BCM
20353,174.0,45192,2702,BT,SC
20354,174.0,45193,2704,EE,OC
20355,174.0,45197,1316,BM,OC
20356,174.0,45198,1237,EC,OC
20357,174.0,45202,2702,BT,BCM
20358,174.0,45203,2722,ME,OC
20359,174.0,45208,1211,CE,BC
20360,174.0,45212,2708,IT,BC
20361,174.0,45214,1413,AD,OC
20362,174.0,45222,4959,AD,BC
20363,174.0,45224,1231,EC,MBC
