S NO,AGGREGATE MARK,GENERAL RANK,COLLEGE CODE,BRANCH CODE,ALLOTTED COMMUNITY
1,188.9,9322,1520,CS,MBC
2,188.5,10002,1140,CS,SC
3,186.5,13624,1427,EC,OC
4,185.5,15679,1325,ME,OC
5,185.3,16123,1412,CS,MBC
6,184.7,17301,4680,ME,OC
7,184.2,18454,2622,EC,MBC
8,184.1,18636,1424,CS,MBC
9,183.2,20671,5532,CS,MBC
10,183.0,21021,1407,BM,OC
11,183.0,21356,5532,EC,MBC
12,183.0,21358,2636,EC,BC
13,182.8,21804,3466,EC,OC
14,182.7,21982,1210,ME,BC
15,182.0,23732,2636,EC,BC
16,181.9,23864,2611,CH,OC
17,181.8,24068,4980,ME,OC
18,181.7,24364,4957,CS,MBC
19,181.6,24509,1401,EC,OC
20,181.6,24573,1238,EC,MBC
21,181.3,25392,3795,EC,MBC
22,181.0,26121,1509,EI,OC
23,180.6,26929,2642,CS,MBC
24,180.5,27402,1127,BT,OC
25,180.4,27572,1501,EC,OC
26,180.4,27608,2642,CS,MBC
27,180.3,27954,5532,CS,MBC
28,180.2,28125,1505,CS,BC
29,179.6,29741,3464,ME,SC
30,179.5,30161,2732,CS,OC
31,179.4,30287,2630,CS,BCM
32,179.3,30470,3918,CS,OC
33,179.2,30792,2643,CS,BCM
34,178.9,31615,2636,CS,MBC
35,178.7,31984,4944,CS,SC
36,178.5,32467,2611,CS,BC
37,178.3,33032,4944,CE,OC
38,178.2,33337,5,CH,BC
39,178.1,33617,4972,EC,OC
40,178.0,33764,2610,IT,MBC
41,178.0,33919,1324,CO,SC
42,178.0,33923,1509,EC,BC
43,177.9,34094,4680,EC,MBC
44,177.9,34296,2740,CS,SC
45,177.8,34334,3826,BM,BCM
46,177.6,34811,1424,PE,OC
47,177.6,34887,1512,IT,OC
48,177.5,35111,2622,IT,SC
49,177.5,35257,1218,AD,MBC
50,177.1,36193,1317,ME,MBC
51,177.0,36601,1405,EC,OC
52,177.0,36700,1304,AU,MBC
53,176.8,37197,1026,ME,SC
54,176.8,37262,2643,CS,MBC
55,176.8,37305,2636,EC,SCA
56,176.8,37341,4955,EE,BC
57,176.6,37665,2622,CE,BCM
58,176.5,38203,2716,IT,BC
59,176.5,38226,4993,AG,OC
60,176.3,38694,1225,ME,OC
61,176.1,39039,1431,CS,BC
62,176.1,39168,1408,CS,BCM
63,176.1,39178,1233,EC,SC
64,176.0,39470,1122,CS,SC
65,176.0,39507,1128,EC,SC
66,175.9,39715,2661,CS,BC
67,175.9,39881,1230,AE,OC
68,175.8,39951,2610,CE,OC
69,175.8,40126,2601,BT,SC
70,175.7,40191,2357,AD,MBC
71,175.7,40277,4999,CS,OC
72,175.7,40373,3810,IT,BC
73,175.4,41230,2750,AG,SC
74,175.3,41525,2762,EC,BC
75,175.1,41886,2636,CS,BC
76,175.0,42181,5,CE,SC
77,174.9,42501,1518,IT,OC
78,174.8,42813,2624,BT,SC
79,174.7,43045,2314,AD,OC
80,174.5,43608,4964,EE,OC
81,174.5,43642,1422,CE,BC
82,174.5,43691,5,EE,SC
83,174.5,43783,2636,CS,MBC
84,174.5,43890,5988,CS,BC
85,174.4,43914,3807,CS,MBC
86,174.4,44042,4917,AG,BC
87,174.4,44057,4944,AD,SC
88,174.3,44324,3019,EE,MBC
89,174.2,44483,1421,ME,OC
90,174.2,44521,2610,CE,OC
91,174.2,44605,1426,CS,OC
92,174.2,44623,2727,FD,BC
93,174.1,44746,4680,EC,SC
94,174.1,44810,1517,ME,OC
95,174.0,45006,2636,EC,BC
96,174.0,45049,1419,EE,SC
97,174.0,45323,2744,EC,OC
98,173.9,45420,1432,EC,SC
99,173.9,45445,2643,CS,MBC
100,173.9,45477,1116,EC,OC
101,173.9,45517,2345,EE,OC
102,173.8,45595,1013,ME,BCM
103,173.8,45610,5907,EC,OC
104,173.8,45617,2314,CS,BC
105,173.8,45623,2610,CY,MBC
106,173.8,45626,2314,CS,MBC
107,173.8,45665,1412,CS,MBC
108,173.8,45670,3021,EE,BC
109,173.8,45701,2618,CE,BC
110,173.8,45707,1101,CS,MBC
111,173.7,45854,1322,EC,OC
112,173.7,45938,1322,AG,OC
113,173.7,45978,3820,CS,OC
114,173.7,46051,2745,CS,BC
115,173.7,46068,2755,FD,OC
116,173.6,46121,2643,CS,BC
117,173.6,46133,1122,CH,MBC
118,173.6,46314,2707,AD,BC
119,173.5,46414,2642,ME,OC
120,173.5,46481,2736,BM,BC
121,173.5,46499,1322,EC,OC
122,173.5,46562,1422,CE,BC
123,173.5,46712,3920,AD,OC
124,173.5,46714,1509,IT,MBC
125,173.5,46732,2623,CS,OC
126,173.5,46757,1217,EC,BC
127,173.5,46758,1408,EC,OC
128,173.5,46773,3011,ME,SC
129,173.4,46866,3813,IT,OC
130,173.4,46884,1422,EC,SC
131,173.4,46998,2711,IT,SC
132,173.4,47052,2606,CS,OC
133,173.3,47100,3801,ME,OC
134,173.3,47110,2613,CE,OC
135,173.3,47131,2634,AD,BC
136,173.3,47198,5904,CS,SC
137,173.3,47279,2613,EC,MBC
138,173.3,47282,2732,IT,MBC
139,173.2,47323,1409,BM,MBC
140,173.2,47331,3805,CS,BC
141,173.2,47362,3805,IT,BC
142,173.2,47414,2618,MZ,MBC
143,173.2,47436,3826,AG,BC
144,173.2,47440,1202,IT,BC
145,173.2,47448,4946,CS,BC
146,173.2,47458,1216,ME,BC
147,173.2,47477,2628,CS,OC
148,173.2,47530,4944,AD,BC
149,173.2,47543,2707,AG,MBC
150,173.1,47670,1218,AD,BC
151,173.1,47705,2630,CS,BC
152,173.1,47715,4981,ME,BC
153,173.1,47731,2776,AG,BC
154,173.1,47758,2737,IT,OC
155,173.1,47772,3833,CS,SC
156,173.1,47787,2622,CE,BC
157,173.1,47828,1501,CS,MBC
158,173.0,47915,2726,CE,OC
159,173.0,48024,2643,CS,MBC
160,173.0,48062,2736,AD,MBC
161,173.0,48194,2617,CS,OC
162,173.0,48227,2342,CS,BC
163,172.9,48306,1217,FD,OC
164,172.9,48365,3813,IT,OC
165,172.9,48369,1225,EE,SC
166,172.9,48382,1226,CS,MBC
167,172.9,48464,1520,CS,BC
168,172.9,48476,4989,IT,OC
169,172.9,48491,1106,CS,MBC
170,172.8,48566,4917,ME,OC
171,172.8,48572,1507,IT,BC
172,172.8,48577,2752,CS,BC
173,172.8,48584,4917,AG,MBC
174,172.8,48618,1422,AG,MBC
175,172.8,48662,2740,EC,MBC
176,172.7,48783,4960,EE,SC
177,172.7,48912,2609,AD,BC
178,172.7,48931,3021,EE,BC
179,172.7,48963,1412,EC,OC
180,172.6,49036,2618,AD,SC
181,172.6,49072,5017,EE,OC
182,172.6,49079,1409,AD,BC
183,172.6,49081,3016,EC,BCM
184,172.6,49087,2657,CS,SC
185,172.6,49093,3011,ME,MBC
186,172.6,49114,1452,EC,BC
187,172.6,49129,3464,CE,SC
188,172.6,49181,1303,CS,BCM
189,172.6,49185,2643,CS,MBC
190,172.6,49214,3811,CS,BC
191,172.6,49315,1013,EC,SC
192,172.5,49342,1310,CE,OC
193,172.5,49343,3820,CS,OC
194,172.5,49375,3464,CE,SC
195,172.5,49568,1120,AD,SC
196,172.5,49590,1123,IT,OC
197,172.5,49683,2608,CS,SC
198,172.5,49700,1504,EE,SC
199,172.4,49759,3852,CS,OC
200,172.4,49768,1210,CB,SC
201,172.4,49838,3804,CS,MBC
202,172.4,49847,1202,CS,SC
203,172.4,49851,3019,CE,OC
204,172.4,49906,1207,IT,OC
205,172.4,49988,4023,IT,SC
206,172.4,50002,4975,CS,OC
207,172.3,50087,4944,EC,BC
208,172.3,50088,2727,ME,MBC
209,172.3,50129,1311,IT,SC
210,172.3,50218,2630,CS,MBC
211,172.2,50334,4999,CS,OC
212,172.2,50427,5009,CE,SC
213,172.2,50435,4670,ME,OC
214,172.1,50690,1101,EC,OC
215,172.1,50698,3830,CS,SC
216,172.0,50841,3860,EC,OC
217,172.0,50849,2620,EE,OC
218,172.0,50855,2622,CE,MBC
219,172.0,50923,2636,EC,BC
220,172.0,50931,2729,AD,BCM
221,172.0,50936,2764,ME,BCM
222,172.0,50988,1233,AD,BC
223,172.0,51022,1202,CS,BC
224,172.0,51099,5832,EE,OC
225,172.0,51147,5010,CE,BC
226,172.0,51182,2607,FD,BC
227,171.9,51228,2628,AD,BC
228,171.9,51324,1127,BT,MBC
229,171.9,51376,5010,CE,BC
230,171.9,51459,1504,BT,MBC
231,171.9,51479,3833,CS,BC
232,171.8,51525,4864,CS,MBC
233,171.8,51608,3812,IT,BC
234,171.8,51641,1309,ME,MBC
235,171.8,51643,4917,ME,OC
236,171.8,51648,3830,IT,SC
237,171.8,51652,3011,ME,MBC
238,171.8,51713,3454,BM,MBC
239,171.8,51714,2704,CE,MBC
240,171.7,51796,2357,CS,MBC
241,171.7,51837,4024,ME,BC
242,171.7,51840,2314,EC,OC
243,171.7,51877,2707,AD,BC
244,171.7,51885,4995,EC,OC
245,171.7,51927,2606,CS,OC
246,171.7,51944,2620,IT,MBC
247,171.7,51951,2727,AG,BC
248,171.7,51993,5022,EC,MBC
249,171.6,52031,2609,AD,BC
250,171.6,52044,1520,EE,OC
251,171.6,52059,2609,CS,MBC
252,171.6,52070,2357,EE,SC
253,171.6,52102,5010,ME,SC
254,171.6,52123,3817,CH,OC
255,171.6,52131,2719,IT,SCA
256,171.6,52137,1409,CS,MBC
257,171.6,52180,1120,AU,BC
258,171.6,52202,1120,ME,MBC
259,171.5,52304,1512,IT,OC
260,171.5,52358,2723,EE,SC
261,171.5,52362,2743,EC,OC
262,171.5,52418,1237,MZ,OC
263,171.5,52425,1422,EC,SC
264,171.5,52455,2705,CS,BCM
265,171.5,52457,1212,BM,OC
266,171.5,52468,2657,CS,BC
267,171.5,52662,1026,ME,MBC
268,171.4,52722,2639,EC,OC
269,171.4,52745,2749,IT,BC
270,171.4,52835,3849,IT,OC
271,171.4,52930,5,CH,BC
272,171.4,52943,2753,CS,BC
273,171.4,52969,2718,EE,SCA
274,171.3,52991,2608,CE,OC
275,171.3,53051,1504,ME,OC
276,171.3,53100,1306,AD,SC
277,171.3,53153,5532,EC,SC
278,171.3,53165,1405,CS,BC
279,171.2,53198,2618,FT,BC
280,171.2,53235,1216,CH,MBC
281,171.2,53260,1322,CS,MBC
282,171.2,53272,1431,IT,BC
283,171.2,53348,2727,FD,BC
284,171.2,53403,4975,CS,OC
285,171.2,53503,5904,EE,BC
286,171.1,53537,4971,ME,BC
287,171.1,53581,2750,EE,SC
288,171.1,53585,2357,EE,SCA
289,171.1,53614,2613,EE,BC
290,171.1,53619,2609,EC,OC
291,171.1,53658,1420,AE,OC
292,171.1,53739,3803,EE,OC
293,171.1,53765,5532,EC,SC
294,171.0,53792,2622,IT,MBC
295,171.0,53849,1311,IT,SC
296,171.0,53898,3805,FD,MBC
297,171.0,53932,1414,IT,SC
298,171.0,53942,1202,CS,BC
299,171.0,54116,2628,AD,BC
300,171.0,54151,4962,EE,SC
301,170.9,54209,2706,CE,SC
302,170.9,54219,2734,ME,OC
303,170.9,54241,3805,CS,MBC
304,170.9,54262,4960,BM,MBC
305,170.9,54310,3830,IT,SC
306,170.9,54390,4992,CS,BC
307,170.8,54431,1101,EC,OC
308,170.8,54479,2622,CH,MBC
309,170.8,54494,2606,CS,OC
310,170.8,54568,4975,CS,OC
311,170.8,54587,2618,IT,SC
312,170.8,54638,2601,EE,BC
313,170.8,54643,5990,CS,OC
314,170.8,54697,1422,EC,SC
315,170.7,54717,2623,CS,OC
316,170.7,54738,2601,EC,MBC
317,170.7,54783,2722,ME,SC
318,170.7,54830,2643,CS,BC
319,170.7,54858,2708,ME,MBC
320,170.7,54880,5536,CS,BC
321,170.7,54898,2734,MO,OC
322,170.7,54925,2628,AD,BC
323,170.7,54942,2617,ME,OC
324,170.6,54965,2708,ME,SC
325,170.6,54994,3825,CS,MBC
326,170.6,55097,1219,MR,SC
327,170.6,55166,3826,EE,BC
328,170.5,55256,2629,IT,OC
329,170.5,55282,3831,IT,OC
330,170.5,55305,1127,EC,OC
331,170.5,55319,2609,IT,BC
332,170.5,55338,1420,IT,BCM
333,170.5,55341,2763,CS,BC
334,170.5,55521,3829,EC,OC
335,170.5,55522,3812,CS,MBC
336,170.5,55564,2357,AD,MBC
337,170.5,55607,2743,AD,BC
338,170.4,55733,4979,EC,OC
339,170.4,55756,1422,MD,MBC
340,170.4,55770,2628,CS,OC
341,170.4,55792,1431,IT,MBC
342,170.4,55807,2620,IT,SC
343,170.4,55818,1217,FD,OC
344,170.3,55930,1452,EC,BC
345,170.3,55973,3826,EE,BC
346,170.3,55980,2610,EC,BC
347,170.3,56085,4023,CE,BC
348,170.3,56134,4970,EC,OC
349,170.2,56202,5921,CE,OC
350,170.2,56216,2639,CS,BCM
351,170.2,56229,2648,EC,OC
352,170.2,56242,1202,CS,MBC
353,170.2,56264,3805,EC,OC
354,170.2,56269,2734,EE,BC
355,170.2,56336,1322,AG,OC
356,170.2,56348,4669,EC,BC
357,170.2,56379,1401,CS,BC
358,170.2,56408,3807,CS,BC
359,170.2,56433,2624,BM,OC
360,170.1,56519,1422,CE,BC
361,170.1,56542,2609,CS,BC
362,170.1,56595,1401,CS,BC
363,170.1,56611,4995,CS,OC
364,170.1,56629,2601,EC,BCM
365,170.1,56640,2609,IT,BC
366,170.1,56644,1115,AD,MBC
367,170.1,56650,3821,ME,OC
368,170.1,56706,1420,IT,SC
369,170.0,56716,2342,EC,OC
370,170.0,56734,3918,CS,OC
371,170.0,56817,1243,IT,OC
372,170.0,56827,1118,BM,SC
373,170.0,56828,2702,EE,SC
374,170.0,56910,2726,AG,MBC
375,170.0,56970,2725,CS,SC
376,170.0,56988,2740,PH,OC
377,170.0,57103,1517,ME,OC
378,170.0,57129,2723,EC,MBC
379,170.0,57136,4670,ME,OC
380,170.0,57139,2706,ME,MBC
381,170.0,57142,4669,CS,OC
382,169.9,57161,2602,MD,OC
383,169.9,57175,1412,ME,OC
384,169.9,57234,2623,EC,OC
385,169.9,57276,1014,EC,MBC
386,169.9,57281,2636,AD,OC
387,169.9,57286,2722,EC,SC
388,169.9,57287,1424,EC,OC
389,169.8,57423,2628,CS,OC
390,169.8,57425,2625,EC,OC
391,169.8,57432,2643,CS,BC
392,169.8,57470,3466,CS,OC
393,169.8,57473,2729,AE,SC
394,169.8,57485,1101,ME,OC
395,169.8,57540,1509,EC,BC
396,169.8,57582,2602,MD,OC
397,169.8,57611,1505,CS,BC
398,169.8,57627,2643,CS,BC
399,169.8,57632,2708,MZ,MBC
400,169.8,57654,2755,CS,MBC
401,169.7,57677,1422,CE,BC
402,169.7,57683,1106,IT,MBC
403,169.7,57704,2640,CS,OC
404,169.7,57721,2646,CS,OC
405,169.7,57742,1432,CO,SC
406,169.7,57749,4943,CS,OC
407,169.7,57801,5530,ME,OC
408,169.7,57804,2611,MD,OC
409,169.7,57805,1520,CS,BC
410,169.7,57847,2642,EC,OC
411,169.7,57848,3819,ME,MBC
412,169.7,57878,2636,CS,BC
413,169.6,57980,2613,SF,OC
414,169.6,58067,1431,IT,BC
415,169.6,58086,2643,CS,BC
416,169.6,58133,2708,ME,BC
417,169.5,58162,2622,ME,MBC
418,169.5,58192,3815,EC,OC
419,169.5,58215,3805,EE,OC
420,169.5,58271,5910,CE,BC
421,169.5,58390,2653,ME,BC
422,169.5,58425,1408,CS,BC
423,169.5,58449,2727,AG,BC
424,169.5,58450,3826,BM,BC
425,169.5,58454,4946,CS,BC
426,169.5,58466,4980,CS,MBC
427,169.5,58471,1210,ME,BC
428,169.5,58488,2661,IT,BC
429,169.5,58509,4024,GI,BC
430,169.5,58553,2710,ET,MBC
431,169.5,58556,2711,AU,MBC
432,169.4,58583,1216,EE,SC
433,169.4,58604,1216,EE,SC
434,169.4,58660,2609,CY,BC
435,169.4,58673,4984,IT,OC
436,169.4,58705,5017,EC,BC
437,169.4,58709,3801,EC,SC
438,169.4,58712,1101,EC,OC
439,169.4,58739,1303,EC,BC
440,169.4,58807,2369,ME,SC
441,169.4,58825,1316,AO,BC
442,169.3,58939,4678,CE,BC
443,169.3,58991,2751,IT,MBC
444,169.3,58992,4928,CS,BC
445,169.3,59062,2624,AD,OC
446,169.3,59089,2314,EC,OC
447,169.2,59225,2722,EC,SC
448,169.2,59253,2636,CS,BC
449,169.2,59310,1015,EC,SC
450,169.2,59331,2683,CS,OC
451,169.2,59409,1507,CS,OC
452,169.1,59422,1118,EE,MBC
453,169.1,59462,2634,CS,MBC
454,169.1,59465,2723,MD,SC
455,169.1,59479,1304,ME,MBC
456,169.1,59491,1409,EC,OC
457,169.1,59565,1322,IT,MBC
458,169.1,59577,3810,EC,BC
459,169.1,59594,3829,IT,BC
460,169.1,59608,2726,MZ,BC
461,169.1,59611,5842,IT,OC
462,169.1,59621,1509,EC,BC
463,169.0,59667,4023,CE,BC
464,169.0,59703,1114,CS,SC
465,169.0,59709,2761,CS,BC
466,169.0,59770,2743,AD,BC
467,169.0,59773,2369,EC,ST
468,169.0,59780,2607,CS,SCA
469,169.0,59802,4944,AD,BC
470,169.0,59870,1014,XC,OC
471,169.0,59973,1218,BM,OC
472,169.0,59994,2707,CJ,BC
473,169.0,60031,5907,CS,BC
474,169.0,60057,2764,CS,SC
475,169.0,60085,2606,CS,BC
476,168.9,60126,2707,IT,MBC
477,168.9,60147,2737,IT,OC
478,168.9,60151,5919,CS,OC
479,168.9,60159,5935,CS,OC
480,168.9,60182,2610,EC,BC
481,168.9,60261,1431,CS,BC
482,168.9,60273,1317,CE,SC
483,168.9,60278,1128,EC,SC
484,168.9,60301,2646,CS,MBC
485,168.8,60347,2715,ME,OC
486,168.8,60522,2744,CS,BC
487,168.8,60536,2729,EC,MBC
488,168.8,60558,1520,CS,BC
489,168.8,60564,4928,CE,OC
490,168.8,60566,5910,ME,BC
491,168.8,60567,2752,IT,BC
492,168.8,60577,1405,CS,BC
493,168.7,60632,1106,CS,BC
494,168.7,60666,4994,EC,OC
495,168.7,60673,5832,EC,OC
496,168.7,60681,2749,IT,BC
497,168.7,60685,2610,CS,MBC
498,168.7,60766,1216,AD,SC
499,168.7,60815,2763,CS,BC
500,168.6,60854,3805,CS,BC
501,168.6,60857,2609,CY,BC
502,168.6,60864,1303,EC,BC
503,168.6,60869,2752,IT,BC
504,168.6,60890,1322,BM,OC
505,168.6,60947,2718,ME,SCA
506,168.6,60969,2620,EC,BC
507,168.6,61045,1309,CE,BC
508,168.6,61069,4965,ME,OC
509,168.6,61079,2739,ME,MBC
510,168.6,61099,3805,CH,OC
511,168.6,61109,3806,CS,MBC
512,168.6,61113,2636,EE,OC
513,168.6,61117,4024,GI,MBC
514,168.6,61136,1518,EC,OC
515,168.5,61161,3795,CS,SC
516,168.5,61180,2608,ME,BC
517,168.5,61220,2630,CS,BC
518,168.5,61234,3804,CS,MBC
519,168.5,61243,5942,EC,OC
520,168.5,61249,2643,CS,BC
521,168.5,61282,2744,CS,BC
522,168.5,61287,1110,BT,BC
523,168.5,61377,1420,EC,BC
524,168.5,61487,4023,CE,BC
525,168.5,61490,2602,MD,OC
526,168.5,61499,3819,EE,MBC
527,168.4,61546,1114,EE,MBC
528,168.4,61549,1505,EC,OC
529,168.4,61645,1431,CS,MBC
530,168.4,61656,4970,CS,BC
531,168.4,61694,2342,CS,BC
532,168.4,61736,5017,EC,MBC
533,168.4,61803,2602,MD,OC
534,168.3,61892,4969,CS,MBC
535,168.3,61946,2622,ME,MBC
536,168.3,61958,2708,MZ,BC
537,168.3,61978,1210,ME,MBC
538,168.3,62051,1517,IT,OC
539,168.3,62075,3795,EC,MBC
540,168.3,62077,1405,CS,BC
541,168.3,62087,5009,CE,SC
542,168.2,62123,1431,ME,OC
543,168.2,62133,2607,EC,MBC
544,168.2,62200,1216,CH,SC
545,168.2,62229,3019,EC,MBC
546,168.2,62275,2611,CS,BC
547,168.2,62287,1409,AD,BC
548,168.2,62336,4678,ME,BC
549,168.2,62366,2630,EC,BC
550,168.2,62367,1218,AD,BC
551,168.2,62391,5022,EE,MBC
552,168.1,62474,2618,FT,BC
553,168.1,62483,1422,EC,SC
554,168.1,62577,2764,ME,MBC
555,168.1,62627,2702,FD,SC
556,168.1,62629,1409,AD,BC
557,168.0,62691,3807,IT,MBC
558,168.0,62701,2715,EC,BC
559,168.0,62711,5910,CE,MBC
560,168.0,62747,1233,AD,BC
561,168.0,62751,2621,CS,BC
562,168.0,62752,2653,CE,OC
563,168.0,62810,2705,CS,SC
564,168.0,62854,4670,ME,OC
565,168.0,62880,4959,MZ,BC
566,168.0,62962,2628,CS,OC
567,168.0,62967,2705,CS,BC
568,168.0,62974,1210,CO,SC
569,168.0,63003,2769,PD,OC
570,168.0,63012,2620,TS,BC
571,168.0,63060,2634,IT,BC
572,168.0,63074,1413,ME,MBC
573,167.9,63091,2707,AD,MBC
574,167.9,63117,1512,CS,OC
575,167.9,63141,1219,EE,SCA
576,167.9,63150,1301,CE,OC
577,167.9,63191,2732,CS,OC
578,167.9,63197,2609,CS,BC
579,167.9,63220,5017,EC,SC
580,167.9,63252,2342,CS,MBC
581,167.9,63276,1319,IT,OC
582,167.9,63328,2345,EE,OC
583,167.9,63347,3908,EC,BC
584,167.8,63366,2723,MD,MBC
585,167.8,63387,2646,CS,BC
586,167.8,63419,1405,CS,BC
587,167.8,63466,2643,CS,BC
588,167.8,63487,2345,EC,OC
589,167.8,63492,2622,ME,MBC
590,167.8,63520,2643,CS,MBC
591,167.8,63531,2708,CS,SC
592,167.8,63542,1405,CS,BC
593,167.8,63562,2627,BT,SC
594,167.8,63568,1149,ME,BC
595,167.8,63592,3805,EC,OC
596,167.8,63596,3011,PC,MBC
597,167.8,63621,1216,CH,SC
598,167.7,63666,2715,EC,BC
599,167.7,63685,2732,CS,OC
600,167.7,63686,4980,EE,OC
601,167.7,63695,5910,CS,SC
602,167.7,63708,2636,CS,BC
603,167.7,63723,1301,EC,SC
604,167.7,63785,2705,CS,BC
605,167.7,63787,2729,AE,BC
606,167.7,63811,1306,AD,SC
607,167.7,63812,1306,ME,OC
608,167.7,63817,2732,EC,OC
609,167.7,63844,4965,EC,MBC
610,167.7,63846,1125,CS,OC
611,167.6,63892,4978,CS,OC
612,167.6,63911,2648,ME,OC
613,167.6,63929,4672,ME,OC
614,167.6,64000,2648,CS,BC
615,167.6,64028,3829,IT,BC
616,167.6,64030,2769,CS,OC
617,167.6,64039,2752,CS,BC
618,167.6,64136,1414,EC,BC
619,167.6,64154,2611,ME,OC
620,167.5,64237,5,EI,MBC
621,167.5,64326,2711,EC,SC
622,167.5,64332,3908,CE,OC
623,167.5,64352,1219,EE,SCA
624,167.5,64398,2601,EE,MBC
625,167.5,64417,1309,CE,SC
626,167.5,64432,2653,CE,OC
627,167.5,64433,2715,EC,BC
628,167.5,64446,2617,CS,OC
629,167.5,64460,2729,AE,BC
630,167.5,64482,4944,CS,SC
631,167.5,64520,2329,XS,OC
632,167.4,64535,1313,CS,OC
633,167.4,64576,2726,ME,OC
634,167.4,64578,2734,MO,OC
635,167.4,64582,5532,CS,BCM
636,167.4,64590,5536,EC,OC
637,167.4,64596,2732,CS,OC
638,167.4,64692,3804,CS,BC
639,167.4,64701,2627,CS,OC
640,167.4,64755,2723,ME,BC
641,167.4,64766,2716,AG,OC
642,167.4,64783,3905,CS,BC
643,167.4,64785,1231,IT,SC
644,167.4,64823,2707,CD,OC
645,167.4,64825,2750,AG,SC
646,167.3,64863,3813,EC,OC
647,167.3,64870,2716,IT,BC
648,167.3,64927,3841,CS,BC
649,167.3,64991,3016,EE,OC
650,167.3,65016,3701,CE,OC
651,167.3,65029,2734,ME,OC
652,167.3,65053,1311,AD,SC
653,167.2,65077,4680,EC,BC
654,167.2,65083,2764,CS,SC
655,167.2,65091,3805,EC,OC
656,167.2,65248,1233,EE,OC
657,167.2,65297,2643,CS,BC
658,167.2,65303,2707,CD,OC
659,167.2,65348,2621,IT,MBC
660,167.1,65360,3830,EC,SC
661,167.1,65363,2354,EE,OC
662,167.1,65465,2708,ME,BC
663,167.1,65499,2618,CS,SC
664,167.1,65502,1421,EC,OC
665,167.1,65521,3807,CS,BC
666,167.1,65527,1106,CS,BC
667,167.1,65536,4965,EE,OC
668,167.1,65547,2715,CS,MBC
669,167.1,65563,2610,BM,SC
670,167.1,65570,4980,CS,SC
671,167.1,65598,3908,EC,BC
672,167.1,65602,2628,CS,OC
673,167.1,65605,4023,IT,SC
674,167.0,65630,2609,IT,BC
675,167.0,65633,1408,CS,BC
676,167.0,65650,1405,CS,BC
677,167.0,65667,2657,EC,OC
678,167.0,65672,1127,BT,BC
679,167.0,65678,2743,AD,BC
680,167.0,65723,2636,CS,BC
681,167.0,65790,1311,MZ,SC
682,167.0,65794,4995,CS,OC
683,167.0,65963,5910,IT,SCA
684,167.0,65964,2707,AD,BC
685,167.0,65974,4993,EC,OC
686,167.0,65986,4972,CS,BC
687,167.0,66057,3806,CS,BC
688,167.0,66062,2762,EC,BC
689,167.0,66073,2636,CS,BC
690,167.0,66084,3841,CS,MBC
691,167.0,66088,2749,IT,BC
692,167.0,66091,3011,CE,SC
693,167.0,66094,2710,EC,SCA
694,166.9,66150,1501,CS,SC
695,166.9,66163,2630,CS,SC
696,166.9,66182,4672,ME,OC
697,166.9,66209,1303,AD,BC
698,166.9,66237,2345,AD,OC
699,166.9,66274,4670,EC,BC
700,166.9,66278,1405,CS,BC
701,166.9,66307,3019,EE,MBC
702,166.9,66345,3011,PC,SC
703,166.9,66348,2622,AD,SC
704,166.8,66371,2329,XS,OC
705,166.8,66402,2611,EC,OC
706,166.8,66410,1231,AD,SC
707,166.8,66449,2762,AD,MBC
708,166.8,66452,3806,CS,BC
709,166.8,66529,1317,ME,BCM
710,166.8,66552,2743,EC,OC
711,166.8,66555,2643,CS,BCM
712,166.8,66584,4980,CS,MBC
713,166.8,66608,2357,EE,SC
714,166.8,66615,2617,CS,OC
715,166.7,66667,1505,CS,BC
716,166.7,66696,1512,CS,OC
717,166.7,66715,2642,EC,OC
718,166.7,66756,2622,BT,MBC
719,166.7,66765,2329,BM,BC
720,166.7,66791,3018,EE,OC
721,166.7,66798,3811,CS,MBC
722,166.7,66799,2732,IT,BC
723,166.7,66829,2729,CS,SC
724,166.7,66855,1210,ME,MBC
725,166.6,66878,2715,EC,BC
726,166.6,66908,2763,EC,OC
727,166.6,66923,5,CH,SC
728,166.6,66941,2726,ME,OC
729,166.6,66947,1306,ME,BC
730,166.6,67044,2735,ME,BC
731,166.6,67049,2609,CS,BC
732,166.6,67075,2740,PH,OC
733,166.6,67076,4678,EE,SC
734,166.6,67095,1202,IT,SC
735,166.6,67100,1509,IT,MBC
736,166.6,67150,2624,IT,OC
737,166.6,67151,5,CH,SCA
738,166.5,67172,4917,CE,OC
739,166.5,67235,2634,AG,BC
740,166.5,67254,3801,EC,BC
741,166.5,67269,1120,ME,MBC
742,166.5,67392,1123,CS,OC
743,166.5,67479,3841,AD,BC
744,166.5,67513,1408,CS,MBC
745,166.5,67540,2609,EE,OC
746,166.5,67544,2657,EC,OC
747,166.5,67551,5910,ME,BC
748,166.5,67554,4670,EC,BC
749,166.4,67588,2707,CD,OC
750,166.4,67592,3016,EC,BC
751,166.4,67653,2609,CS,BC
752,166.4,67673,2620,EE,MBC
753,166.4,67674,5865,EE,OC
754,166.4,67734,2630,CS,BC
755,166.4,67853,2740,PH,OC
756,166.3,67893,5990,EC,OC
757,166.3,67894,2648,CS,MBC
758,166.3,67911,2329,BM,MBC
759,166.3,67939,2329,BM,BCM
760,166.3,67943,1431,EC,OC
761,166.3,67989,2628,AD,MBC
762,166.3,68018,3019,XC,OC
763,166.3,68053,2726,AG,BC
764,166.3,68063,2653,CS,MBC
765,166.3,68065,5,EI,BC
766,166.3,68069,2764,CE,MBC
767,166.3,68070,1306,ME,BC
768,166.3,68110,3425,CS,BC
769,166.2,68143,2329,XS,OC
770,166.2,68152,3920,EC,OC
771,166.2,68175,1504,ME,OC
772,166.2,68195,2611,EC,OC
773,166.2,68273,1301,EC,MBC
774,166.2,68320,2329,XS,OC
775,166.1,68480,1408,IT,MBC
776,166.1,68553,1504,CS,SC
777,166.1,68579,2731,EC,MBC
778,166.1,68580,1520,EC,OC
779,166.1,68611,2707,AG,MBC
780,166.1,68634,4954,EE,BC
781,166.0,68694,2329,BM,MBC
782,166.0,68702,2611,CY,BC
783,166.0,68716,3810,CS,OC
784,166.0,68750,2723,BM,MBC
785,166.0,68768,2609,IT,MBC
786,166.0,68771,2745,EC,OC
787,166.0,68808,2764,BM,SC
788,166.0,68809,1120,EC,SC
789,166.0,68832,2630,CS,MBC
790,166.0,68833,1316,EC,BC
791,166.0,68913,1504,EC,BCM
792,166.0,69015,2607,TX,SCA
793,166.0,69018,3021,EE,BC
794,166.0,69040,4957,IT,OC
795,166.0,69042,2342,CS,BC
796,165.9,69138,3011,AU,SCA
797,165.9,69160,2707,AD,BC
798,165.9,69188,2661,IT,BC
799,165.9,69216,2735,ME,BC
800,165.9,69230,1218,IT,MBC
801,165.9,69238,4680,EE,BC
802,165.9,69302,2613,EE,BC
803,165.9,69344,5988,EC,OC
804,165.8,69392,2683,CS,OC
805,165.8,69477,4678,CE,BC
806,165.8,69484,1216,ME,MBC
807,165.8,69490,1218,CS,MBC
808,165.8,69545,3830,ME,BC
809,165.8,69549,5,CE,SC
810,165.8,69557,4676,EC,BC
811,165.8,69621,2755,AE,OC
812,165.7,69660,2749,CS,OC
813,165.7,69666,1408,IT,MBC
814,165.7,69699,1216,ME,BC
815,165.7,69705,1431,IT,BC
816,165.7,69724,1421,CS,OC
817,165.7,69725,5914,EC,OC
818,165.7,69733,5022,EC,BCM
819,165.7,69763,4993,RM,OC
820,165.7,69770,1307,EE,SC
821,165.7,69780,2643,CS,MBC
822,165.7,69799,4020,EC,SCA
823,165.7,69823,2332,CS,OC
824,165.7,69828,3817,CS,OC
825,165.7,69829,2732,IT,BC
826,165.7,69835,1319,CS,OC
827,165.7,69841,4960,CE,BCM
828,165.7,69868,4980,CS,BC
829,165.7,69892,4954,CS,SC
830,165.7,69916,2328,EC,BC
831,165.6,69959,1228,EC,OC
832,165.6,70015,3786,EC,OC
833,165.6,70059,1431,EC,OC
834,165.6,70114,2723,CE,MBC
835,165.6,70116,2618,BM,SCA
836,165.6,70123,1127,CH,OC
837,165.6,70136,2721,EC,BC
838,165.6,70160,2618,CS,SCA
839,165.6,70177,2609,EC,OC
840,165.5,70218,4678,CS,SC
841,165.5,70238,3019,ME,OC
842,165.5,70243,3815,CS,SC
843,165.5,70246,1316,MZ,OC
844,165.5,70261,1015,ME,OC
845,165.5,70358,1217,FD,SC
846,165.5,70359,2708,FD,MBC
847,165.5,70373,2726,FD,MBC
848,165.5,70391,2634,CS,MBC
849,165.5,70401,1231,AD,SC
850,165.5,70469,3803,EE,OC
851,165.5,70478,3813,CS,OC
852,165.5,70503,2723,ME,BC
853,165.5,70530,1322,AG,OC
854,165.5,70559,3920,EE,OC
855,165.5,70569,5910,CS,SC
856,165.4,70599,3760,CS,OC
857,165.4,70626,2734,TS,MBC
858,165.4,70656,1420,IT,MBC
859,165.4,70694,2755,AE,OC
860,165.4,70698,2627,CS,OC
861,165.4,70748,1202,CS,MBC
862,165.4,70825,3801,EC,BC
863,165.4,70829,2329,BM,BC
864,165.3,70871,3464,CE,SC
865,165.3,70942,4023,EC,MBC
866,165.3,70946,1015,ME,OC
867,165.3,70988,2740,PH,OC
868,165.3,71035,2609,CS,MBC
869,165.3,71038,3819,AD,SC
870,165.3,71057,4943,ME,OC
871,165.3,71066,1303,AD,BC
872,165.3,71069,3812,EC,OC
873,165.2,71133,2657,RM,OC
874,165.2,71196,2618,ME,MBC
875,165.2,71213,2630,ME,OC
876,165.2,71249,2611,CE,OC
877,165.2,71259,3841,CS,SC
878,165.2,71265,5935,EC,OC
879,165.2,71278,1426,EE,OC
880,165.2,71286,2715,EC,BC
881,165.2,71288,1423,CS,OC
882,165.2,71296,3812,EE,OC
883,165.2,71338,1228,EC,OC
884,165.2,71341,2345,EC,OC
885,165.1,71410,2607,MZ,MBC
886,165.1,71475,3462,CS,OC
887,165.1,71487,4928,CS,BC
888,165.1,71493,1605,EC,OC
889,165.1,71512,2736,EC,BCM
890,165.1,71515,3811,EC,OC
891,165.1,71518,2707,CJ,BC
892,165.1,71544,3905,ME,OC
893,165.1,71637,3826,EE,BC
894,165.1,71652,5009,CE,SC
895,165.0,71689,1202,IT,MBC
896,165.0,71754,1319,AD,OC
897,165.0,71760,2609,CS,BC
898,165.0,71824,3841,CS,BC
899,165.0,71850,1229,CS,OC
900,165.0,71870,2736,CE,OC
901,165.0,71875,5,EI,BC
902,165.0,71985,2736,EC,MBC
903,165.0,71992,1238,BM,OC
904,165.0,72000,4931,CS,BC
905,165.0,72022,2345,CS,SC
906,165.0,72079,2611,EE,OC
907,164.9,72126,5910,CE,BC
908,164.9,72148,2749,EC,OC
909,164.9,72204,2609,IT,BC
910,164.9,72297,3811,CS,MBC
911,164.8,72364,2639,EC,OC
912,164.8,72382,2776,CS,BC
913,164.8,72390,1408,EC,OC
914,164.8,72422,2653,CS,MBC
915,164.8,72431,5988,CS,BC
916,164.8,72459,2708,AU,OC
917,164.8,72472,2314,CS,BC
918,164.8,72537,1325,EE,OC
919,164.8,72608,4993,EE,OC
920,164.8,72620,2357,CS,MBC
921,164.7,72727,1309,CE,BCM
922,164.7,72731,1217,EC,BC
923,164.7,72745,2741,ME,OC
924,164.7,72755,2708,ME,BC
925,164.7,72799,2642,EC,OC
926,164.7,72823,2769,FD,OC
927,164.7,72832,4993,CS,OC
928,164.7,72849,2704,MZ,BC
929,164.6,72885,4980,EC,MBC
930,164.6,72923,5913,CS,BC
931,164.6,72936,1015,EE,BC
932,164.6,72942,2329,BT,MBC
933,164.6,72994,2706,IT,SC
934,164.6,73008,2601,EC,BC
935,164.6,73041,4917,EC,MBC
936,164.6,73057,4993,BM,OC
937,164.6,73059,2710,ME,MBC
938,164.6,73103,1216,CE,BC
939,164.6,73105,1106,CS,BC
940,164.5,73133,1411,BT,OC
941,164.5,73154,3829,IT,BC
942,164.5,73165,3016,EE,OC
943,164.5,73202,1316,EC,BC
944,164.5,73218,4670,EE,OC
945,164.5,73224,1512,EC,OC
946,164.5,73286,3701,CE,OC
947,164.5,73319,2618,ME,BC
948,164.5,73320,1218,EC,OC
949,164.5,73377,2727,AL,MBC
950,164.5,73409,2750,EE,MBC
951,164.5,73461,2611,ME,OC
952,164.4,73501,4993,CS,OC
953,164.4,73516,2706,CS,SC
954,164.4,73526,2609,CS,BC
955,164.4,73535,2740,ME,OC
956,164.4,73540,2611,EE,OC
957,164.4,73544,2643,CS,BC
958,164.4,73555,3843,CS,MBC
959,164.4,73561,2611,CY,MBC
960,164.4,73569,2721,EE,OC
961,164.4,73586,1218,IT,MBC
962,164.4,73588,3825,CS,BC
963,164.4,73589,2611,ME,OC
964,164.4,73636,2625,EC,OC
965,164.4,73650,3021,EE,MBC
966,164.4,73666,2636,CS,MBC
967,164.4,73667,1303,EC,SC
968,164.4,73668,1325,CS,SC
969,164.4,73677,3425,CS,BC
970,164.4,73682,2327,EE,OC
971,164.4,73703,1509,EC,BC
972,164.4,73723,2743,AD,BC
973,164.4,73764,3011,AU,MBC
974,164.4,73778,2755,AG,BC
975,164.4,73781,2328,CS,MBC
976,164.3,73802,5,EE,SC
977,164.3,73832,2643,CS,BC
978,164.3,73875,1316,AO,SC
979,164.3,73890,3016,EC,BC
980,164.3,73893,3016,EC,BC
981,164.3,73901,4957,CS,SC
982,164.3,73912,2764,CS,SC
983,164.3,73929,4024,GI,BC
984,164.2,74059,2743,EE,OC
985,164.2,74069,3812,EC,OC
986,164.2,74088,3833,ME,OC
987,164.2,74103,4971,ME,BC
988,164.2,74115,1228,CS,MBC
989,164.2,74122,2723,BM,MBC
990,164.2,74172,1405,CS,BC
991,164.2,74189,1509,EC,MBC
992,164.2,74228,1504,BT,BC
993,164.2,74229,2767,CS,OC
994,164.2,74244,4955,ME,OC
995,164.1,74267,3908,CS,BCM
996,164.1,74317,1014,CE,OC
997,164.1,74345,2710,EE,MBC
998,164.1,74366,3810,EC,BC
999,164.1,74399,3825,EC,OC
1000,164.1,74443,5,CZ,OC
1001,164.0,74510,2610,BT,OC
1002,164.0,74515,5832,CS,BCM
1003,164.0,74517,3860,ME,OC
1004,164.0,74523,3019,CE,OC
1005,164.0,74547,2729,AE,SC
1006,164.0,74548,1401,EC,OC
1007,164.0,74586,1217,FD,MBC
1008,164.0,74587,1216,EC,SC
1009,164.0,74592,1216,AD,SC
1010,164.0,74603,1101,EC,OC
1011,164.0,74623,2622,ME,SCA
1012,164.0,74639,2726,AG,BC
1013,164.0,74653,2715,EC,BC
1014,164.0,74779,3829,CS,OC
1015,164.0,74807,3811,CS,BC
1016,164.0,74837,2707,CS,MBC
1017,164.0,74859,2761,CS,MBC
1018,164.0,74904,1122,BT,SC
1019,164.0,74907,2345,EC,OC
1020,164.0,74913,2601,EC,BC
1021,163.9,74933,2725,IT,SC
1022,163.9,74951,3830,CB,MBC
1023,163.9,74967,3843,EC,OC
1024,163.9,74978,2607,TX,MBC
1025,163.9,74983,1316,MU,OC
1026,163.9,75009,2620,TS,BC
1027,163.9,75027,2606,CS,BC
1028,163.9,75034,2623,CS,OC
1029,163.9,75074,3810,CS,OC
1030,163.9,75079,4917,CD,MBC
1031,163.9,75100,1118,ME,MBC
1032,163.9,75105,4024,EE,MBC
1033,163.9,75121,4023,CE,BC
1034,163.8,75153,1101,EC,BCM
1035,163.8,75155,5,EE,BCM
1036,163.8,75186,5009,ME,SC
1037,163.8,75188,1316,EC,MBC
1038,163.8,75216,2708,CS,SC
1039,163.8,75217,1412,IT,MBC
1040,163.8,75262,1238,CS,BC
1041,163.8,75312,4980,CS,MBC
1042,163.8,75384,4952,CS,OC
1043,163.8,75404,2715,EC,BC
1044,163.8,75422,3021,EC,MBC
1045,163.7,75452,5915,CS,BC
1046,163.7,75456,3805,AG,MBC
1047,163.7,75457,1210,ME,SC
1048,163.7,75520,2711,CH,MBC
1049,163.7,75551,3819,AD,SC
1050,163.7,75580,1301,CS,MBC
1051,163.7,75599,2342,CS,BC
1052,163.7,75618,2763,CS,BC
1053,163.6,75670,1322,FD,BC
1054,163.6,75677,2314,EC,OC
1055,163.6,75707,1114,EE,MBC
1056,163.6,75709,1216,ME,BC
1057,163.6,75715,1015,EE,BC
1058,163.6,75746,2611,CS,SC
1059,163.6,75748,2769,AD,OC
1060,163.6,75753,2729,MZ,OC
1061,163.6,75758,2601,EC,MBC
1062,163.6,75785,3016,EC,BC
1063,163.6,75795,2715,EC,SC
1064,163.6,75801,1318,CS,OC
1065,163.6,75811,5,EE,SC
1066,163.6,75892,2723,EC,MBC
1067,163.5,75929,3016,XM,OC
1068,163.5,75944,3821,CS,OC
1069,163.5,75963,4957,CS,SC
1070,163.5,75986,2710,TS,SC
1071,163.5,76005,1210,ME,BC
1072,163.5,76021,2743,AD,BC
1073,163.5,76050,2721,CE,OC
1074,163.5,76078,1149,ME,BC
1075,163.5,76085,2620,BM,SC
1076,163.5,76098,2721,EC,BC
1077,163.5,76161,2707,CJ,BC
1078,163.5,76162,2731,EC,BC
1079,163.5,76163,4024,GI,BC
1080,163.5,76182,4959,ME,OC
1081,163.5,76193,2719,ME,MBC
1082,163.5,76206,4969,CS,SC
1083,163.5,76214,2705,CS,BC
1084,163.5,76222,2653,ME,BC
1085,163.5,76267,1318,CS,OC
1086,163.5,76286,2702,EC,SCA
1087,163.5,76302,2610,EC,MBC
1088,163.4,76325,2740,PH,OC
1089,163.4,76327,1421,CS,OC
1090,163.4,76371,2710,AD,SC
1091,163.4,76378,3812,IT,SC
1092,163.4,76400,3021,CE,OC
1093,163.4,76423,3011,AU,SC
1094,163.4,76458,3833,EC,OC
1095,163.4,76459,2734,CD,MBC
1096,163.4,76460,2329,XS,OC
1097,163.4,76472,2628,CS,OC
1098,163.4,76476,2650,CS,OC
1099,163.4,76487,5912,CE,OC
1100,163.4,76530,1412,CS,SC
1101,163.4,76540,1015,EC,SC
1102,163.3,76603,4917,BT,OC
1103,163.3,76615,4670,ME,OC
1104,163.3,76638,2328,EC,BC
1105,163.3,76650,1325,EC,SC
1106,163.3,76661,2630,CS,MBC
1107,163.3,76664,2618,ME,BC
1108,163.3,76712,3812,IT,BCM
1109,163.3,76782,4980,CS,MBC
1110,163.3,76793,1115,AD,SC
1111,163.2,76841,1202,CS,BCM
1112,163.2,76849,4678,CE,BC
1113,163.2,76850,2707,AD,BC
1114,163.2,76853,2634,EC,OC
1115,163.2,76888,2769,AD,OC
1116,163.2,76892,1218,EC,OC
1117,163.2,76899,1210,CE,SC
1118,163.2,76946,3815,EC,OC
1119,163.2,76961,1316,EC,MBC
1120,163.2,76968,2624,BT,MBC
1121,163.2,76970,4934,CS,OC
1122,163.2,76992,2624,BT,SCA
1123,163.2,77063,2621,CS,BC
1124,163.2,77075,2708,MZ,BC
1125,163.1,77109,4965,EE,OC
1126,163.1,77121,1233,ME,OC
1127,163.1,77122,1137,EC,OC
1128,163.1,77174,1414,EC,MBC
1129,163.1,77185,2708,CE,MBC
1130,163.1,77252,3810,IT,BCM
1131,163.1,77275,5935,EC,OC
1132,163.1,77281,3810,CS,OC
1133,163.1,77292,1233,EC,BC
1134,163.1,77306,2629,MD,OC
1135,163.1,77322,1407,CS,BC
1136,163.0,77421,1452,EC,BC
1137,163.0,77460,1014,EC,SC
1138,163.0,77516,2618,FT,MBC
1139,163.0,77598,2722,EC,SCA
1140,163.0,77606,2345,EC,OC
1141,163.0,77650,1122,CH,MBC
1142,163.0,77672,1115,AD,MBC
1143,163.0,77676,4967,CS,OC
1144,163.0,77686,1517,CS,OC
1145,163.0,77688,2621,EE,OC
1146,163.0,77710,1452,EE,OC
1147,163.0,77718,2610,EC,BC
1148,163.0,77745,4917,AG,BCM
1149,163.0,77746,5910,CS,SC
1150,163.0,77794,3016,EC,BC
1151,163.0,77798,4975,CS,OC
1152,163.0,77799,1229,CS,OC
1153,162.9,77809,2651,EC,BC
1154,162.9,77811,2620,EE,BC
1155,162.9,77827,4955,EE,BC
1156,162.9,77879,1431,CS,SC
1157,162.9,77884,2744,EE,OC
1158,162.9,77892,1501,CS,MBC
1159,162.9,77893,1311,EE,MBC
1160,162.9,77897,2622,ME,BC
1161,162.9,77971,1015,EE,BC
1162,162.9,78021,3019,EE,BC
1163,162.9,78030,1419,CE,SC
1164,162.8,78107,3019,CE,OC
1165,162.8,78108,1405,EC,OC
1166,162.8,78143,1106,IT,MBC
1167,162.8,78147,5832,EC,BC
1168,162.8,78165,2755,AE,BC
1169,162.8,78197,1217,AU,OC
1170,162.8,78217,1210,ME,MBC
1171,162.8,78240,5910,ME,BC
1172,162.8,78267,3410,CS,BCM
1173,162.8,78277,2740,AD,SC
1174,162.8,78298,5832,EC,BC
1175,162.8,78303,2707,EC,BC
1176,162.7,78332,3410,CS,SC
1177,162.7,78373,1509,EC,BCM
1178,162.7,78403,1412,IT,MBC
1179,162.7,78410,2708,AL,SC
1180,162.7,78428,1110,BT,BC
1181,162.7,78435,2753,CS,BC
1182,162.7,78437,3833,AE,OC
1183,162.7,78464,2732,IT,BC
1184,162.7,78509,3011,PC,SC
1185,162.7,78534,4024,EC,MBC
1186,162.7,78537,3425,ME,OC
1187,162.7,78545,4952,CS,OC
1188,162.7,78555,1233,AD,BC
1189,162.7,78580,2314,EC,OC
1190,162.6,78602,2601,EE,MBC
1191,162.6,78610,3815,EC,OC
1192,162.6,78645,5915,CS,BC
1193,162.6,78647,2741,EE,SC
1194,162.6,78648,2349,CS,OC
1195,162.6,78683,4672,CS,BCM
1196,162.6,78687,1303,EC,MBC
1197,162.6,78701,2329,XS,OC
1198,162.6,78717,2342,CS,SC
1199,162.6,78724,2715,EC,BC
1200,162.6,78725,4917,EE,OC
1201,162.6,78742,4024,EE,BC
1202,162.6,78771,5,CH,MBC
1203,162.6,78780,2727,FD,BC
1204,162.6,78814,1319,IT,OC
1205,162.6,78822,5910,CS,MBC
1206,162.6,78825,3760,AD,SC
1207,162.6,78828,3466,ME,OC
1208,162.6,78830,2601,AE,OC
1209,162.5,78871,2752,CS,BC
1210,162.5,78874,1452,EE,OC
1211,162.5,78926,5921,CS,BC
1212,162.5,78938,2719,EE,SC
1213,162.5,78950,2354,CS,BC
1214,162.5,78961,3831,CS,OC
1215,162.5,79007,2726,FD,BC
1216,162.5,79008,1216,ME,BC
1217,162.5,79016,2661,CS,MBC
1218,162.5,79059,4929,CE,OC
1219,162.5,79065,1509,EC,MBC
1220,162.5,79099,1127,CH,OC
1221,162.5,79118,4954,ME,OC
1222,162.5,79140,2719,EE,SC
1223,162.5,79153,2750,ME,BC
1224,162.5,79157,1228,BM,SC
1225,162.5,79162,5022,EC,SC
1226,162.5,79192,2622,ME,BC
1227,162.5,79194,2715,EC,BC
1228,162.5,79208,1114,EE,BC
1229,162.5,79235,2734,ME,OC
1230,162.4,79340,1238,ME,OC
1231,162.4,79349,2618,CE,BC
1232,162.4,79352,5010,ME,SC
1233,162.4,79387,2618,BM,SC
1234,162.4,79388,2661,CS,SC
1235,162.4,79440,2342,CS,SC
1236,162.4,79494,2729,MZ,OC
1237,162.4,79505,1106,IT,BC
1238,162.4,79517,4955,ME,OC
1239,162.4,79532,3812,CS,SC
1240,162.3,79568,1324,ME,SC
1241,162.3,79597,1301,IT,MBC
1242,162.3,79605,5832,EC,BC
1243,162.3,79611,1319,CS,OC
1244,162.3,79614,2732,CS,OC
1245,162.3,79617,2329,XS,OC
1246,162.3,79639,1216,EC,SC
1247,162.3,79644,2776,CS,BC
1248,162.3,79686,4959,MZ,MBC
1249,162.3,79691,1126,CS,BC
1250,162.3,79721,1238,BM,OC
1251,162.3,79735,2752,CS,BC
1252,162.3,79803,2618,CE,BC
1253,162.2,79823,1303,IT,MBC
1254,162.2,79867,2609,IT,MBC
1255,162.2,79878,2639,CS,MBC
1256,162.2,79879,1304,CS,SCA
1257,162.2,79895,2314,CS,MBC
1258,162.2,79951,2648,EC,OC
1259,162.2,80007,3806,IT,SC
1260,162.2,80041,3016,EC,BC
1261,162.1,80083,1202,CS,BC
1262,162.1,80092,5022,EE,BC
1263,162.1,80101,2314,AD,OC
1264,162.1,80110,2734,MO,OC
1265,162.1,80127,4680,EC,BC
1266,162.1,80166,2653,CS,SC
1267,162.1,80170,5910,IT,MBC
1268,162.1,80201,1309,ME,SC
1269,162.1,80218,2606,CS,BC
1270,162.1,80265,2357,EE,SC
1271,162.1,80279,2715,EC,BC
1272,162.1,80280,5832,EC,BC
1273,162.1,80290,2708,CS,SC
1274,162.1,80291,2357,EC,SC
1275,162.1,80294,3806,CS,BC
1276,162.1,80303,3016,EE,OC
1277,162.0,80336,1316,MZ,OC
1278,162.0,80341,2329,XS,OC
1279,162.0,80351,3817,CS,OC
1280,162.0,80352,3807,EC,OC
1281,162.0,80369,2613,EE,BC
1282,162.0,80370,3812,EE,OC
1283,162.0,80376,3811,CS,BCM
1284,162.0,80390,1325,EC,MBC
1285,162.0,80391,2608,ME,BC
1286,162.0,80428,2618,ME,BC
1287,162.0,80495,1106,CS,MBC
1288,162.0,80520,4954,EE,BC
1289,162.0,80529,1422,EI,SC
1290,162.0,80560,1317,CE,BC
1291,162.0,80583,1317,CE,BC
1292,162.0,80598,1520,CS,BC
1293,162.0,80642,5904,EE,BC
1294,162.0,80687,1219,EE,ST
1295,162.0,80732,1106,CS,BC
1296,162.0,80741,2752,IT,MBC
1297,161.9,80749,3807,IT,BC
1298,161.9,80789,1504,EE,MBC
1299,161.9,80794,1311,ME,BC
1300,161.9,80799,2628,CS,OC
1301,161.9,80852,1120,AU,BC
1302,161.9,80873,3826,EE,BC
1303,161.9,80883,2610,EC,BC
1304,161.9,80890,3016,EC,MBC
1305,161.9,80897,5533,CS,OC
1306,161.9,80942,2707,CD,OC
1307,161.8,80974,3920,EE,OC
1308,161.8,81006,3805,EC,OC
1309,161.8,81026,3011,CE,SC
1310,161.8,81039,4980,CS,BC
1311,161.8,81040,2606,EE,OC
1312,161.8,81099,2608,ME,BC
1313,161.8,81101,2729,CB,BCM
1314,161.8,81145,5915,CS,BCM
1315,161.8,81160,1301,CS,MBC
1316,161.8,81164,5930,EE,OC
1317,161.8,81212,1529,CS,OC
1318,161.8,81233,2716,GI,OC
1319,161.8,81244,1430,EC,OC
1320,161.8,81256,2329,AG,BC
1321,161.8,81272,3805,EC,OC
1322,161.7,81281,2707,IT,MBC
1323,161.7,81284,2710,ME,MBC
1324,161.7,81290,1202,IT,MBC
1325,161.7,81344,2740,EC,MBC
1326,161.7,81351,4960,CE,MBC
1327,161.7,81356,1303,EC,BC
1328,161.7,81372,2702,TX,SC
1329,161.7,81377,2328,EE,OC
1330,161.7,81380,2761,AD,BC
1331,161.7,81401,2607,MZ,BC
1332,161.7,81419,1116,CS,SC
1333,161.7,81427,5986,ME,SC
1334,161.7,81463,2618,ME,BC
1335,161.7,81469,4933,CS,OC
1336,161.6,81521,2607,CE,BC
1337,161.6,81564,2729,EE,OC
1338,161.6,81576,2610,EC,BC
1339,161.6,81587,2727,AL,SC
1340,161.6,81588,2755,AE,MBC
1341,161.6,81598,2721,EE,OC
1342,161.6,81607,4933,CS,OC
1343,161.6,81656,4917,AG,SCA
1344,161.6,81664,2640,CS,OC
1345,161.6,81679,2710,EE,MBC
1346,161.6,81689,4980,CS,BCM
1347,161.6,81710,1217,AD,MBC
1348,161.6,81733,2646,CS,BC
1349,161.6,81734,1127,BT,BC
1350,161.6,81738,1226,EC,OC
1351,161.6,81753,2726,BM,BCM
1352,161.5,81768,2653,CS,SC
1353,161.5,81782,2601,AE,OC
1354,161.5,81792,1303,AD,BC
1355,161.5,81854,1512,EE,OC
1356,161.5,81864,1313,CS,OC
1357,161.5,81866,1401,CS,BC
1358,161.5,81939,1216,ME,BC
1359,161.5,82000,2769,CS,MBC
1360,161.5,82058,5530,EE,OC
1361,161.5,82062,3021,CE,OC
1362,161.5,82063,4675,EC,OC
1363,161.5,82067,2342,EC,OC
1364,161.5,82097,1210,ME,BC
1365,161.5,82135,2717,ME,OC
1366,161.4,82145,3811,CS,BCM
1367,161.4,82158,3018,EC,BC
1368,161.4,82182,2609,CS,BC
1369,161.4,82192,1408,CS,SC
1370,161.4,82197,3019,EE,MBC
1371,161.4,82200,3804,CS,BC
1372,161.4,82215,1209,CS,OC
1373,161.4,82241,2357,EE,SC
1374,161.4,82249,1401,CS,BC
1375,161.4,82256,2608,ME,MBC
1376,161.4,82284,2767,CS,OC
1377,161.4,82290,2741,CE,OC
1378,161.4,82295,1233,CS,SC
1379,161.4,82299,2357,EC,SC
1380,161.4,82301,1202,EC,BC
1381,161.4,82312,1452,CS,BCM
1382,161.4,82334,5009,ME,SC
1383,161.4,82363,3786,CS,MBC
1384,161.4,82369,1226,EC,OC
1385,161.4,82377,5,CH,MBC
1386,161.4,82378,2715,AG,BCM
1387,161.4,82390,4949,CS,OC
1388,161.3,82421,2707,EC,BC
1389,161.3,82425,4969,CS,MBC
1390,161.3,82452,3016,CS,SC
1391,161.3,82469,2622,CE,MBC
1392,161.3,82488,1409,EC,OC
1393,161.3,82516,1210,CO,SC
1394,161.3,82523,2749,AD,OC
1395,161.3,82533,1202,CS,BC
1396,161.3,82597,3803,EC,MBC
1397,161.3,82600,2763,CS,MBC
1398,161.3,82621,1233,CE,OC
1399,161.3,82625,4670,EC,MBC
1400,161.2,82627,1407,BM,OC
1401,161.2,82629,4957,CS,BC
1402,161.2,82643,3011,AU,SC
1403,161.2,82660,4023,CE,BC
1404,161.2,82663,1501,EC,OC
1405,161.2,82669,1216,CE,BC
1406,161.2,82674,1303,CS,SC
1407,161.2,82681,2734,TS,BCM
1408,161.2,82684,2628,CS,OC
1409,161.2,82688,2715,EE,OC
1410,161.2,82689,3801,IC,OC
1411,161.2,82737,4980,EC,SC
1412,161.2,82766,3805,AG,MBC
1413,161.2,82779,1233,EC,BC
1414,161.2,82786,1303,BT,BC
1415,161.2,82798,3805,CS,MBC
1416,161.2,82804,1116,CS,SC
1417,161.2,82807,2740,EC,MBC
1418,161.2,82823,3806,CS,BCM
1419,161.2,82827,1233,EC,BC
1420,161.1,82831,3807,EC,OC
1421,161.1,82848,2618,IT,SC
1422,161.1,82869,2741,ME,OC
1423,161.1,82871,1413,AD,SC
1424,161.1,82880,2611,PU,OC
1425,161.1,82882,1426,CS,OC
1426,161.1,82885,2349,BM,OC
1427,161.1,82939,3016,CS,SC
1428,161.1,82947,4917,ME,OC
1429,161.1,82953,3826,EC,BCM
1430,161.1,82962,3830,ME,BC
1431,161.1,82977,1026,ME,BC
1432,161.1,83007,5,CH,SC
1433,161.0,83081,2624,BM,SC
1434,161.0,83122,2622,BT,MBC
1435,161.0,83162,1408,IT,BC
1436,161.0,83178,3464,EC,SCA
1437,161.0,83179,2743,EC,OC
1438,161.0,83211,1420,AE,OC
1439,161.0,83223,3807,IT,BC
1440,161.0,83224,2608,ME,BC
1441,161.0,83231,2718,ME,SC
1442,161.0,83232,5904,EE,BC
1443,161.0,83253,3701,CE,OC
1444,161.0,83282,2739,ME,SC
1445,161.0,83287,1523,CS,OC
1446,161.0,83300,2732,CS,OC
1447,161.0,83315,3019,EE,MBC
1448,161.0,83322,2710,CE,MBC
1449,161.0,83364,2610,EC,BC
1450,161.0,83368,2683,CS,OC
1451,161.0,83378,2357,CS,MBC
1452,161.0,83385,2710,CE,SC
1453,161.0,83396,4680,CE,OC
1454,161.0,83405,2602,MD,OC
1455,161.0,83416,4980,CS,SC
1456,161.0,83444,5022,EE,BC
1457,161.0,83461,2721,AU,OC
1458,160.9,83501,2643,CS,BC
1459,160.9,83528,1218,AD,BC
1460,160.9,83533,1526,CS,OC
1461,160.9,83575,2734,MO,OC
1462,160.9,83594,2611,CS,SC
1463,160.9,83595,1207,CS,BC
1464,160.9,83617,2646,EE,OC
1465,160.9,83654,2623,IT,OC
1466,160.9,83661,1202,CS,BC
1467,160.9,83671,2643,CS,MBC
1468,160.9,83690,4965,EE,OC
1469,160.9,83700,2708,MZ,MBC
1470,160.8,83713,5009,CE,MBC
1471,160.8,83725,1233,EC,BC
1472,160.8,83739,3815,EC,OC
1473,160.8,83740,2639,IT,OC
1474,160.8,83755,5921,AD,MBC
1475,160.8,83780,3860,ME,OC
1476,160.8,83785,1122,CH,BC
1477,160.8,83791,2623,CS,OC
1478,160.8,83795,3905,EC,OC
1479,160.8,83808,4993,BM,OC
1480,160.8,83809,3810,EE,OC
1481,160.8,83830,1513,CS,OC
1482,160.8,83849,3701,EE,BCM
1483,160.8,83860,2737,IT,OC
1484,160.8,83889,2719,EC,SC
1485,160.8,83898,2611,AG,OC
1486,160.8,83965,1408,CS,BC
1487,160.8,83967,4917,ME,OC
1488,160.7,84005,2707,EC,BC
1489,160.7,84009,3829,IT,MBC
1490,160.7,84012,3805,CS,MBC
1491,160.7,84049,2715,BM,OC
1492,160.7,84062,2767,BM,OC
1493,160.7,84082,5532,CS,BC
1494,160.7,84107,1424,EC,OC
1495,160.7,84114,2643,CS,BC
1496,160.7,84117,2643,CS,MBC
1497,160.7,84140,2743,EC,OC
1498,160.7,84150,2713,IT,OC
1499,160.7,84164,4980,CS,MBC
1500,160.6,84185,1303,IT,MBC
1501,160.6,84189,1217,EC,MBC
1502,160.6,84194,1238,CS,BC
1503,160.6,84202,1233,EC,BC
1504,160.6,84222,1509,IT,SC
1505,160.6,84235,3803,ME,OC
1506,160.6,84237,3810,AD,BC
1507,160.6,84260,4989,IT,OC
1508,160.6,84266,1424,PE,OC
1509,160.6,84287,2628,CS,OC
1510,160.6,84294,1231,IT,SC
1511,160.6,84305,3805,IT,SC
1512,160.6,84306,3019,EE,MBC
1513,160.6,84344,3795,ME,OC
1514,160.6,84345,1015,EE,MBC
1515,160.6,84354,2329,CS,SC
1516,160.6,84366,2634,EC,OC
1517,160.6,84367,5530,ME,OC
1518,160.6,84402,2640,EE,OC
1519,160.6,84408,4023,ME,SC
1520,160.6,84414,3810,CS,OC
1521,160.6,84418,1114,EE,BC
1522,160.6,84421,2723,IT,MBC
1523,160.5,84440,3805,EC,OC
1524,160.5,84449,1237,IT,SC
1525,160.5,84464,1316,CE,OC
1526,160.5,84489,3908,EC,BC
1527,160.5,84490,1408,IT,BC
1528,160.5,84513,2328,EC,MBC
1529,160.5,84532,3786,CS,MBC
1530,160.5,84546,3021,EE,BC
1531,160.5,84624,1216,AD,SC
1532,160.5,84665,2761,CS,BC
1533,160.5,84687,2762,EC,BC
1534,160.5,84717,2642,IT,BC
1535,160.5,84724,1226,EC,OC
1536,160.5,84736,1015,EE,BC
1537,160.5,84744,2727,FD,BC
1538,160.5,84745,3920,CS,OC
1539,160.5,84748,4944,EC,BC
1540,160.5,84801,2734,ME,BC
1541,160.5,84806,4917,CE,OC
1542,160.5,84810,2628,AD,BC
1543,160.4,84818,2769,ME,OC
1544,160.4,84819,2747,CS,OC
1545,160.4,84851,4928,ME,OC
1546,160.4,84852,1216,ME,MBC
1547,160.4,84883,2601,EE,BCM
1548,160.4,84891,1325,EC,MBC
1549,160.4,84934,3812,CS,SC
1550,160.4,84943,5988,EC,OC
1551,160.4,84959,2618,ME,MBC
1552,160.4,84967,5017,EC,BC
1553,160.4,84968,1441,ME,OC
1554,160.4,85008,1217,FD,SC
1555,160.4,85020,2707,AD,BC
1556,160.4,85087,3811,CS,BCM
1557,160.3,85089,2708,MZ,BC
1558,160.3,85098,1512,IT,OC
1559,160.3,85109,3920,AD,OC
1560,160.3,85138,3810,AD,BC
1561,160.3,85173,2707,XM,OC
1562,160.3,85201,3908,EE,OC
1563,160.3,85238,2639,CS,SC
1564,160.3,85254,2745,CS,MBC
1565,160.3,85283,5832,EC,BC
1566,160.2,85299,2622,ME,SCA
1567,160.2,85358,3821,CS,OC
1568,160.2,85385,2622,EC,MBC
1569,160.2,85419,1218,AD,MBC
1570,160.2,85421,1401,CS,BC
1571,160.2,85438,4965,EE,OC
1572,160.2,85442,1202,IT,MBC
1573,160.2,85461,2719,BM,SC
1574,160.2,85480,5930,ME,OC
1575,160.2,85486,1226,EE,OC
1576,160.2,85489,4917,BM,BC
1577,160.2,85522,2740,PH,MBC
1578,160.2,85523,2611,CE,OC
1579,160.2,85524,2327,EC,OC
1580,160.2,85540,1216,ME,MBC
1581,160.1,85563,2643,CS,BC
1582,160.1,85575,1225,EC,MBC
1583,160.1,85581,2707,AD,BC
1584,160.1,85604,2673,EC,OC
1585,160.1,85606,5,EI,BC
1586,160.1,85627,2715,EE,OC
1587,160.1,85636,1303,EC,BC
1588,160.1,85646,1311,FT,BC
1589,160.1,85653,5,CH,BC
1590,160.1,85679,1301,IT,SC
1591,160.1,85683,4996,ME,OC
1592,160.1,85697,2609,CS,BC
1593,160.1,85705,2657,EC,OC
1594,160.1,85719,1399,BM,SCA
1595,160.1,85744,4965,EE,OC
1596,160.1,85747,4678,CS,SC
1597,160.1,85760,2629,MD,OC
1598,160.1,85784,1228,BM,SC
1599,160.1,85796,2634,SF,OC
1600,160.0,85828,2630,CS,MBC
1601,160.0,85843,2741,ME,OC
1602,160.0,85849,1431,IT,MBC
1603,160.0,85857,1427,CS,BC
1604,160.0,85866,5,EI,BC
1605,160.0,85933,5907,IT,MBC
1606,160.0,85936,1149,ME,BC
1607,160.0,85957,2715,AD,MBC
1608,160.0,85984,3011,CE,MBC
1609,160.0,85999,1115,AD,BC
1610,160.0,86033,1015,EE,SC
1611,160.0,86039,2740,ME,OC
1612,160.0,86072,5530,EE,OC
1613,160.0,86082,5017,EE,OC
1614,160.0,86092,1210,ME,BCM
1615,160.0,86095,1303,EC,BC
1616,160.0,86121,2314,EC,OC
1617,160.0,86122,2618,CE,MBC
1618,160.0,86126,1207,EC,BC
1619,160.0,86127,2634,CS,BC
1620,160.0,86128,2726,ME,OC
1621,160.0,86130,1519,CS,OC
1622,160.0,86131,3019,EE,SC
1623,160.0,86133,3812,IT,SC
1624,160.0,86134,1525,CS,OC
1625,160.0,86135,2707,AD,BCM
1626,160.0,86136,2711,CH,BCM
1627,160.0,86139,1409,CS,SC
1628,160.0,86142,2704,EE,SC
1629,160.0,86143,2623,EC,OC
1630,160.0,86144,3820,CS,OC
1631,160.0,86145,1202,ME,OC
1632,160.0,86146,3425,EC,MBC
1633,160.0,86147,2354,ME,OC
1634,160.0,86150,2621,EC,BC
1635,160.0,86151,2713,EC,OC
1636,160.0,86152,1123,AE,OC
1637,160.0,86154,4978,BT,OC
1638,160.0,86155,2314,CS,BC
1639,160.0,86161,3810,AD,SC
1640,160.0,86163,3815,CS,MBC
1641,160.0,86164,2609,CS,MBC
1642,160.0,86165,2711,EC,SC
1643,160.0,86172,1316,IT,MBC
1644,160.0,86175,1243,IT,OC
1645,160.0,86176,2601,EC,BC
1646,160.0,86179,1316,CS,SC
1647,160.0,86180,2302,AD,OC
1648,160.0,86181,2609,IT,BC
1649,160.0,86182,1306,IT,SC
1650,160.0,86184,1013,ME,MBC
1651,160.0,86186,5912,EC,OC
1652,160.0,86187,3805,CS,BC
1653,160.0,86188,1504,EE,BC
1654,160.0,86191,1504,EE,BC
1655,160.0,86192,2302,CS,BC
1656,160.0,86193,1120,ME,BC
1657,160.0,86194,3701,CS,SC
1658,160.0,86195,1412,IT,MBC
1659,160.0,86196,3021,EC,SC
1660,160.0,86197,2620,TS,MBC
1661,160.0,86198,2751,EC,MBC
1662,160.0,86199,5832,EC,MBC
1663,160.0,86200,2349,AD,OC
1664,160.0,86201,4971,ME,BC
1665,160.0,86202,3908,EE,OC
1666,160.0,86204,2715,ME,OC
1667,160.0,86205,2710,EC,SCA
1668,160.0,86207,2610,EE,OC
1669,160.0,86208,3016,EE,OC
1670,160.0,86209,3454,CS,MBC
1671,160.0,86212,1412,IT,MBC
1672,160.0,86216,1303,EC,BC
1673,160.0,86221,2613,EE,BC
1674,160.0,86224,4994,EC,OC
1675,160.0,86225,3019,CE,OC
1676,160.0,86226,5530,EE,OC
1677,160.0,86228,4978,BM,OC
1678,160.0,86231,2734,MO,OC
1679,160.0,86232,4993,IT,OC
1680,160.0,86233,2622,IT,MBC
1681,160.0,86238,2726,ME,OC
1682,160.0,86240,1412,IT,MBC
1683,160.0,86241,2707,CD,OC
1684,160.0,86242,1401,EC,OC
1685,160.0,86243,2609,AD,BCM
1686,160.0,86244,1421,ME,OC
1687,160.0,86245,4678,CE,BC
1688,160.0,86246,1207,ME,OC
1689,160.0,86247,2708,AG,MBC
1690,160.0,86249,4975,CS,OC
1691,160.0,86250,4955,CB,SC
1692,159.9,86251,4964,MR,OC
1693,159.9,86254,4964,MR,OC
1694,159.9,86255,3782,EC,OC
1695,159.9,86256,2726,FD,BC
1696,159.9,86257,2706,CS,SC
1697,159.9,86259,3018,EC,BC
1698,159.9,86260,2611,CY,BC
1699,159.9,86262,5,EI,BC
1700,159.9,86264,1114,EC,MBC
1701,159.9,86267,2721,EC,BC
1702,159.9,86273,1114,ME,OC
1703,159.9,86276,1322,EC,OC
1704,159.9,86278,4955,ME,OC
1705,159.9,86280,1122,ME,BC
1706,159.9,86282,2620,BT,BCM
1707,159.9,86285,5904,EE,BC
1708,159.9,86291,2731,PD,OC
1709,159.9,86292,4917,CE,OC
1710,159.9,86294,1405,EC,OC
1711,159.9,86295,3805,CS,MBC
1712,159.9,86296,1322,CS,MBC
1713,159.9,86301,3803,ME,OC
1714,159.9,86302,2601,BT,MBC
1715,159.9,86303,5935,EC,OC
1716,159.9,86304,2618,ME,BCM
1717,159.9,86306,3841,ME,OC
1718,159.9,86307,1114,EE,MBC
1719,159.9,86310,2621,IT,BC
1720,159.9,86311,2618,FT,BC
1721,159.9,86312,3857,CS,OC
1722,159.9,86313,5910,ME,MBC
1723,159.9,86314,2715,AD,BCM
1724,159.9,86317,5,CH,MBC
1725,159.9,86319,2601,BT,MBC
1726,159.9,86320,1413,AD,SC
1727,159.9,86321,5919,BT,OC
1728,159.9,86322,2302,BM,OC
1729,159.9,86323,2609,CS,MBC
1730,159.9,86325,2716,IT,BC
1731,159.9,86330,2761,CS,BC
1732,159.9,86331,5,CH,SC
1733,159.9,86332,1407,EC,OC
1734,159.9,86333,2601,EC,MBC
1735,159.9,86334,2614,CS,OC
1736,159.9,86335,2711,IT,SC
1737,159.9,86338,2624,IT,OC
1738,159.9,86341,2661,CS,SC
1739,159.9,86343,2609,EC,OC
1740,159.9,86344,1430,EC,OC
1741,159.9,86348,5017,CE,OC
1742,159.9,86350,2646,ME,OC
1743,159.9,86351,5,EE,SC
1744,159.9,86356,1216,EE,MBC
1745,159.9,86357,1217,BT,MBC
1746,159.9,86358,2609,IT,BC
1747,159.9,86363,5,CZ,OC
1748,159.9,86364,2636,EC,SC
1749,159.9,86365,5017,EC,BCM
1750,159.9,86369,3803,EE,OC
1751,159.9,86370,1015,ME,OC
1752,159.9,86372,3805,AG,SC
1753,159.9,86373,5,CZ,OC
1754,159.9,86376,5910,CS,MBC
1755,159.9,86377,3825,EC,OC
1756,159.9,86378,4966,CS,BC
1757,159.9,86379,2639,CS,BC
1758,159.9,86381,1319,CS,OC
1759,159.9,86382,5904,EE,BC
1760,159.9,86383,3815,IT,MBC
1761,159.9,86385,2614,EE,OC
1762,159.9,86386,5865,EC,OC
1763,159.9,86388,2743,AD,BCM
1764,159.9,86392,2636,EC,MBC
1765,159.9,86394,5532,ME,OC
1766,159.9,86396,3806,CB,OC
1767,159.9,86397,1116,EC,OC
1768,159.9,86398,5,ME,SC
1769,159.9,86400,1520,CS,BC
1770,159.9,86401,1516,EC,ST
1771,159.9,86404,2627,EC,OC
1772,159.9,86407,2635,CS,OC
1773,159.9,86408,4957,ME,OC
1774,159.9,86413,1026,ME,SC
1775,159.9,86414,1207,EC,BC
1776,159.9,86415,3825,CS,BCM
1777,159.9,86417,2741,EE,MBC
1778,159.9,86418,2610,BT,OC
1779,159.9,86419,2753,BM,OC
1780,159.9,86420,2725,CS,SC
1781,159.9,86421,1405,CS,MBC
1782,159.9,86423,2740,PH,MBC
1783,159.9,86426,1452,CS,ST
1784,159.9,86427,4993,CS,BC
1785,159.9,86428,2609,IT,BC
1786,159.9,86432,1225,EE,BC
1787,159.9,86440,2618,ME,BC
1788,159.9,86441,5536,EE,OC
1789,159.9,86444,2743,EC,OC
1790,159.9,86446,3810,EE,OC
1791,159.9,86449,2740,ME,BC
1792,159.9,86452,5017,CS,SC
1793,159.9,86454,1510,CS,OC
1794,159.9,86455,2618,MZ,BCM
1795,159.9,86457,5,EE,MBC
1796,159.9,86458,2707,BM,OC
1797,159.9,86459,4676,EC,MBC
1798,159.8,86461,4964,CS,SCA
1799,159.8,86463,2752,EC,BC
1800,159.8,86464,4952,CE,OC
1801,159.8,86467,2715,BM,BC
1802,159.8,86469,4024,EE,BC
1803,159.8,86473,3760,CS,OC
1804,159.8,86475,2710,ME,MBC
1805,159.8,86476,4917,BT,OC
1806,159.8,86477,3817,BT,OC
1807,159.8,86479,4975,CS,OC
1808,159.8,86480,5703,ME,OC
1809,159.8,86482,3841,AD,BC
1810,159.8,86483,2715,CS,MBC
1811,159.8,86486,1014,CE,OC
1812,159.8,86487,4964,MR,SC
1813,159.8,86491,4023,CS,SC
1814,159.8,86495,4917,CE,OC
1815,159.8,86496,2732,CS,OC
1816,159.8,86499,2652,CS,OC
1817,159.8,86500,5907,EC,OC
1818,159.8,86501,4955,ME,OC
1819,159.8,86506,3806,EE,OC
1820,159.8,86507,2328,ME,OC
1821,159.8,86508,2639,CS,MBC
1822,159.8,86511,1226,EC,OC
1823,159.8,86512,4944,CE,OC
1824,159.8,86513,2767,CS,OC
1825,159.8,86515,5914,CS,BC
1826,159.8,86516,3811,ME,OC
1827,159.8,86521,1309,EE,SC
1828,159.8,86522,4971,ME,BC
1829,159.8,86523,2755,FD,OC
1830,159.8,86524,2628,CS,OC
1831,159.8,86528,3918,EC,OC
1832,159.8,86529,2620,IT,MBC
1833,159.8,86530,2347,CS,BC
1834,159.8,86532,2345,EC,OC
1835,159.8,86536,4670,CE,OC
1836,159.8,86537,1322,FD,MBC
1837,159.8,86538,5915,EC,OC
1838,159.8,86545,1424,AD,SC
1839,159.8,86548,4964,MR,SC
1840,159.8,86552,1216,ME,BC
1841,159.8,86554,1210,CB,SC
1842,159.8,86555,3860,EE,OC
1843,159.8,86557,1226,ME,OC
1844,159.8,86558,4672,EC,BC
1845,159.8,86559,4981,EC,BCM
1846,159.8,86560,4675,CS,OC
1847,159.8,86563,1106,IT,MBC
1848,159.8,86564,3701,EE,BCM
1849,159.8,86568,1306,ME,MBC
1850,159.8,86569,1408,EC,OC
1851,159.8,86571,2718,CE,SC
1852,159.8,86573,4972,ME,OC
1853,159.8,86574,2723,EC,MBC
1854,159.8,86575,1421,CE,OC
1855,159.8,86576,2632,EC,OC
1856,159.8,86578,1202,CS,MBC
1857,159.8,86582,3011,PC,SC
1858,159.8,86583,5907,IT,BC
1859,159.8,86584,1228,EC,MBC
1860,159.8,86585,4933,EC,OC
1861,159.8,86587,2609,AG,BC
1862,159.8,86593,1122,EC,SC
1863,159.8,86595,3018,EC,MBC
1864,159.8,86597,1230,EC,OC
1865,159.8,86598,2627,EC,OC
1866,159.8,86599,3806,CS,BC
1867,159.8,86601,4020,GI,MBC
1868,159.8,86603,5988,CS,MBC
1869,159.8,86604,4024,EE,BC
1870,159.8,86606,2707,EC,BC
1871,159.8,86607,3829,EC,OC
1872,159.8,86610,1120,ME,BC
1873,159.8,86611,5910,CE,BC
1874,159.8,86612,2749,CS,OC
1875,159.8,86614,2708,ME,BC
1876,159.8,86615,2624,CS,BC
1877,159.8,86618,1301,EC,MBC
1878,159.8,86621,1126,AD,BC
1879,159.8,86623,2607,MZ,MBC
1880,159.8,86626,1231,IT,SC
1881,159.8,86628,2725,IT,SC
1882,159.8,86635,2732,CS,OC
1883,159.8,86637,2727,AG,MBC
1884,159.8,86639,3805,CE,OC
1885,159.8,86641,3801,EE,OC
1886,159.8,86642,5988,EC,OC
1887,159.8,86644,1452,EC,BC
1888,159.8,86647,2706,AD,SC
1889,159.8,86649,2723,ME,BC
1890,159.8,86652,2618,CS,SC
1891,159.8,86655,2729,ME,OC
1892,159.8,86658,2628,CS,BC
1893,159.8,86659,2618,EC,SC
1894,159.8,86660,2716,IT,BC
1895,159.8,86661,1106,CS,BC
1896,159.8,86663,1238,ME,OC
1897,159.8,86664,2752,IT,BC
1898,159.8,86666,4980,CS,BC
1899,159.8,86669,2708,MZ,BC
1900,159.8,86670,3812,CE,OC
1901,159.8,86671,2736,EE,MBC
1902,159.8,86674,3920,CS,OC
1903,159.8,86675,3461,EC,OC
1904,159.8,86677,2648,CS,SCA
1905,159.8,86678,1519,IT,OC
1906,159.8,86680,2769,CS,MBC
1907,159.8,86681,2357,CS,MBC
1908,159.8,86682,2726,ME,OC
1909,159.8,86683,4931,EC,OC
1910,159.8,86684,5536,AG,OC
1911,159.8,86685,1233,CS,MBC
1912,159.8,86686,2620,EE,SCA
1913,159.8,86687,2743,AD,BC
1914,159.8,86695,1422,CE,MBC
1915,159.8,86696,4929,CS,OC
1916,159.8,86698,3410,CS,MBC
1917,159.8,86699,1207,EC,BC
1918,159.8,86700,2611,EC,OC
1919,159.8,86702,5,CE,SC
1920,159.8,86706,1509,CS,SC
1921,159.8,86707,2723,EC,MBC
1922,159.8,86708,2706,EE,MBC
1923,159.8,86709,1447,EC,OC
1924,159.8,86711,2607,ME,OC
1925,159.8,86713,1238,EC,MBC
1926,159.8,86714,2723,CE,BC
1927,159.8,86715,3016,ME,OC
1928,159.8,86716,4962,EC,SC
1929,159.8,86719,1207,EC,BC
1930,159.8,86721,2634,CS,BC
1931,159.7,86723,5919,CS,OC
1932,159.7,86724,2745,AD,BC
1933,159.7,86725,5022,EE,MBC
1934,159.7,86728,1233,EE,OC
1935,159.7,86730,2634,EC,OC
1936,159.7,86731,1233,ME,OC
1937,159.7,86733,1412,CS,BCM
1938,159.7,86735,1411,BT,OC
1939,159.7,86736,1411,IT,OC
1940,159.7,86741,2715,IT,MBC
1941,159.7,86744,4964,CS,SC
1942,159.7,86746,3801,EE,OC
1943,159.7,86747,2345,AD,OC
1944,159.7,86748,2618,ME,MBC
1945,159.7,86749,5904,EE,BC
1946,159.7,86756,4934,ME,OC
1947,159.7,86757,2740,EC,BCM
1948,159.7,86763,1309,ME,MBC
1949,159.7,86765,5536,CS,BC
1950,159.7,86767,2747,EC,OC
1951,159.7,86769,3701,CS,SC
1952,159.7,86771,2716,BM,OC
1953,159.7,86772,1026,ME,BC
1954,159.7,86773,4670,EC,BC
1955,159.7,86775,2347,AG,OC
1956,159.7,86776,1216,CE,BC
1957,159.7,86778,2634,AD,MBC
1958,159.7,86780,1325,CS,MBC
1959,159.7,86781,2636,EE,OC
1960,159.7,86782,4972,EC,OC
1961,159.7,86783,2721,EC,BC
1962,159.7,86784,3018,EC,MBC
1963,159.7,86785,2642,IT,BCM
1964,159.7,86786,1106,EC,OC
1965,159.7,86788,1325,EC,BC
1966,159.7,86790,2620,TS,BC
1967,159.7,86792,5,ME,BC
1968,159.7,86794,5910,CE,BC
1969,159.7,86795,4982,CS,OC
1970,159.7,86796,3805,CS,BC
1971,159.7,86798,2625,IT,OC
1972,159.7,86799,2623,EC,OC
1973,159.7,86800,2345,EE,MBC
1974,159.7,86802,3841,AD,MBC
1975,159.7,86805,4954,CE,OC
1976,159.7,86806,5530,ME,OC
1977,159.7,86807,2601,EC,BC
1978,159.7,86809,3011,CE,MBC
1979,159.7,86810,2731,CS,SC
1980,159.7,86811,1233,EE,OC
1981,159.7,86812,2617,CS,BC
1982,159.7,86813,1421,CS,SC
1983,159.7,86814,1120,ME,BC
1984,159.7,86816,1322,FD,MBC
1985,159.7,86819,2723,MD,MBC
1986,159.7,86821,2740,ME,BC
1987,159.7,86822,4023,EC,MBC
1988,159.7,86827,1322,AG,MBC
1989,159.7,86828,1322,EE,OC
1990,159.7,86829,2620,CS,SC
1991,159.7,86831,1401,EC,OC
1992,159.7,86832,2772,CS,OC
1993,159.7,86833,4949,EE,OC
1994,159.7,86836,5913,CS,BC
1995,159.7,86839,2702,FD,SC
1996,159.7,86840,2638,CS,OC
1997,159.7,86842,5022,ME,OC
1998,159.7,86843,4917,CE,OC
1999,159.7,86844,1114,CS,SC
2000,159.7,86845,3019,ME,OC
2001,159.7,86848,2618,FT,BC
2002,159.7,86849,2302,AD,OC
2003,159.7,86852,4680,ME,OC
2004,159.7,86855,3461,EC,OC
2005,159.7,86856,3019,EE,SC
2006,159.7,86857,5502,CS,BC
2007,159.7,86858,2620,EC,BC
2008,159.7,86864,1442,CS,MBC
2009,159.7,86866,2726,BM,SC
2010,159.7,86867,4993,CS,BC
2011,159.7,86868,2345,CS,MBC
2012,159.7,86869,3806,BM,SC
2013,159.7,86870,1507,IT,BC
2014,159.7,86872,1114,ME,OC
2015,159.7,86874,4670,EC,MBC
2016,159.7,86875,3786,EC,OC
2017,159.7,86877,4669,CS,OC
2018,159.7,86878,2624,BM,MBC
2019,159.7,86880,4917,IT,SC
2020,159.7,86881,1313,CS,OC
2021,159.7,86882,1202,CS,BC
2022,159.7,86884,1217,FD,MBC
2023,159.7,86885,4993,BM,SC
2024,159.7,86886,1424,EC,OC
2025,159.7,86893,1310,EE,BC
2026,159.7,86895,1015,EE,MBC
2027,159.7,86896,5862,CS,OC
2028,159.7,86897,2617,CS,BC
2029,159.7,86898,2634,IT,BC
2030,159.7,86905,2601,ME,OC
2031,159.7,86907,2727,CE,OC
2032,159.7,86908,3805,ME,OC
2033,159.7,86910,1226,EE,OC
2034,159.7,86913,1311,EC,SC
2035,159.7,86916,3801,EC,BC
2036,159.7,86919,4941,CS,OC
2037,159.7,86920,2349,AD,OC
2038,159.7,86923,2744,EC,OC
2039,159.7,86924,3456,CS,MBC
2040,159.7,86925,3806,CS,BC
2041,159.7,86927,2621,MZ,OC
2042,159.7,86928,2302,CS,MBC
2043,159.7,86930,4980,ME,OC
2044,159.7,86931,4965,BM,SC
2045,159.6,86932,3804,CS,MBC
2046,159.6,86934,2755,AE,SC
2047,159.6,86936,1125,CS,OC
2048,159.6,86937,2723,EE,MBC
2049,159.6,86938,1414,EC,SC
2050,159.6,86940,1229,CS,OC
2051,159.6,86941,3021,ME,OC
2052,159.6,86942,4962,EC,MBC
2053,159.6,86943,4959,MZ,SC
2054,159.6,86944,2609,AE,OC
2055,159.6,86946,2611,MC,OC
2056,159.6,86948,1207,IT,OC
2057,159.6,86953,4989,IT,OC
2058,159.6,86954,1408,CS,BC
2059,159.6,86955,1202,IT,BC
2060,159.6,86961,2659,BM,OC
2061,159.6,86962,1422,MD,SC
2062,159.6,86964,4980,CS,BC
2063,159.6,86968,2601,EC,BC
2064,159.6,86969,1120,ME,MBC
2065,159.6,86970,1231,IT,SC
2066,159.6,86972,1106,EC,OC
2067,159.6,86974,5921,CB,OC
2068,159.6,86979,2608,EC,MBC
2069,159.6,86983,2622,CS,MBC
2070,159.6,86985,2621,EC,BC
2071,159.6,86987,2615,MT,ST
2072,159.6,86988,2752,IT,BC
2073,159.6,86993,1405,CS,MBC
2074,159.6,86995,4978,BM,OC
2075,159.6,86998,2610,CY,MBC
2076,159.6,86999,1238,EC,SC
2077,159.6,87000,2608,CE,OC
2078,159.6,87002,2614,TX,OC
2079,159.6,87004,1419,ME,SC
2080,159.6,87005,1013,ME,MBC
2081,159.6,87006,3805,CS,MBC
2082,159.6,87007,2740,EC,MBC
2083,159.6,87010,5703,IT,ST
2084,159.6,87011,1013,ME,MBC
2085,159.6,87013,1405,EC,OC
2086,159.6,87014,2723,MD,MBC
2087,159.6,87015,1216,CE,BC
2088,159.6,87016,3805,ME,OC
2089,159.6,87019,2743,AD,MBC
2090,159.6,87020,2347,AG,MBC
2091,159.6,87021,3843,CS,BC
2092,159.6,87023,4931,EC,OC
2093,159.6,87024,1210,ME,MBC
2094,159.6,87029,1436,CE,OC
2095,159.6,87035,1120,ME,BC
2096,159.6,87036,5,EE,MBC
2097,159.6,87038,5921,CS,MBC
2098,159.6,87039,2641,CS,OC
2099,159.6,87041,3795,EC,SC
2100,159.6,87044,2608,CE,OC
2101,159.6,87047,2329,CS,SC
2102,159.6,87048,3825,EC,OC
2103,159.6,87049,1306,ME,BC
2104,159.6,87051,1419,CE,SC
2105,159.6,87052,1120,ME,BC
2106,159.6,87053,1422,EE,SC
2107,159.6,87055,1225,ME,OC
2108,159.6,87056,2624,AG,OC
2109,159.6,87057,2623,CS,OC
2110,159.6,87059,5,ME,SC
2111,159.6,87060,2613,EC,MBC
2112,159.6,87061,3811,EC,OC
2113,159.6,87063,3830,ME,BC
2114,159.6,87064,1106,CS,BC
2115,159.6,87065,2740,AE,MBC
2116,159.6,87066,3803,CH,OC
2117,159.6,87067,2747,ME,OC
2118,159.6,87068,1520,EC,OC
2119,159.6,87071,3908,CS,BC
2120,159.6,87073,2769,AD,OC
2121,159.6,87076,1503,CS,OC
2122,159.6,87079,1238,EC,BC
2123,159.6,87080,3807,CS,BCM
2124,159.6,87081,2750,EE,MBC
2125,159.6,87082,1303,ME,OC
2126,159.6,87083,3021,ME,OC
2127,159.6,87084,1225,ME,OC
2128,159.6,87087,2764,EC,SC
2129,159.6,87088,3786,EC,OC
2130,159.6,87089,2762,AD,MBC
2131,159.6,87091,1409,BT,MBC
2132,159.6,87092,3815,CS,MBC
2133,159.6,87093,3803,CS,SC
2134,159.6,87096,3016,EC,MBC
2135,159.6,87097,1322,EC,OC
2136,159.6,87099,3826,AG,MBC
2137,159.6,87103,2739,CS,SC
2138,159.6,87105,3011,CE,SC
2139,159.6,87106,2653,EC,MBC
2140,159.6,87107,2006,PS,SCA
2141,159.6,87108,3795,EE,BC
2142,159.6,87109,1309,CE,BC
2143,159.6,87110,2621,IT,BC
2144,159.6,87111,3805,PH,OC
2145,159.6,87115,2610,EE,OC
2146,159.6,87116,1304,ME,MBC
2147,159.6,87117,2611,IT,SC
2148,159.6,87118,2661,CS,BC
2149,159.6,87119,5,EI,BC
2150,159.6,87121,5912,EE,OC
2151,159.6,87122,5986,ME,SCA
2152,159.6,87124,2643,CS,MBC
2153,159.6,87125,3016,EE,OC
2154,159.6,87126,3016,EE,OC
2155,159.6,87127,2747,CS,OC
2156,159.6,87131,3843,ME,OC
2157,159.6,87132,1233,ME,OC
2158,159.6,87134,2657,RM,OC
2159,159.6,87135,2735,EC,SC
2160,159.6,87136,2656,CS,ST
2161,159.6,87138,1408,IT,BC
2162,159.6,87139,2721,EC,MBC
2163,159.6,87143,5832,EC,BCM
2164,159.6,87147,2749,IT,BC
2165,159.6,87151,2623,EC,OC
2166,159.6,87152,2609,CS,BC
2167,159.6,87156,2611,EC,MBC
2168,159.6,87159,4964,CS,BC
2169,159.5,87160,4024,ME,BC
2170,159.5,87161,2611,CY,SC
2171,159.5,87162,2620,BM,MBC
2172,159.5,87164,2764,EE,MBC
2173,159.5,87165,2661,IT,SCA
2174,159.5,87166,3810,AD,BC
2175,159.5,87167,3019,EE,BC
2176,159.5,87168,2302,AD,MBC
2177,159.5,87174,1026,ME,BC
2178,159.5,87175,3920,AD,OC
2179,159.5,87177,3760,AG,OC
2180,159.5,87179,2702,EC,SC
2181,159.5,87181,1408,EC,OC
2182,159.5,87183,2764,AD,SC
2183,159.5,87186,4980,CS,BC
2184,159.5,87187,4677,CS,OC
2185,159.5,87188,1441,CS,OC
2186,159.5,87189,3456,CS,BC
2187,159.5,87191,2727,EC,MBC
2188,159.5,87194,3810,AG,SC
2189,159.5,87195,3806,EC,OC
2190,159.5,87203,5912,EC,OC
2191,159.5,87204,2630,ME,OC
2192,159.5,87208,2717,CS,OC
2193,159.5,87209,1219,MR,BCM
2194,159.5,87210,4024,EE,BC
2195,159.5,87218,1013,ME,MBC
2196,159.5,87220,4023,CE,BC
2197,159.5,87221,2710,CE,BC
2198,159.5,87223,4970,CS,BC
2199,159.5,87224,3760,AG,OC
2200,159.5,87229,3016,EC,MBC
2201,159.5,87231,1507,IT,MBC
2202,159.5,87232,2721,IC,OC
2203,159.5,87234,2327,EE,OC
2204,159.5,87237,2721,EC,BC
2205,159.5,87238,2723,EC,MBC
2206,159.5,87239,1149,EC,SC
2207,159.5,87241,4961,EE,OC
2208,159.5,87242,2341,CS,OC
2209,159.5,87244,5930,CS,OC
2210,159.5,87246,1605,EC,OC
2211,159.5,87249,1414,EC,BC
2212,159.5,87250,2722,ME,MBC
2213,159.5,87251,5865,CE,OC
2214,159.5,87256,2708,EE,MBC
2215,159.5,87258,2722,EC,SC
2216,159.5,87260,2708,ME,MBC
2217,159.5,87262,1122,BT,SC
2218,159.5,87263,4024,EC,MBC
2219,159.5,87265,1118,EE,SC
2220,159.5,87266,2734,EE,MBC
2221,159.5,87268,5,CH,BC
2222,159.5,87273,5921,CB,BC
2223,159.5,87275,2704,EC,SCA
2224,159.5,87279,2735,ME,BC
2225,159.5,87284,3830,IT,SC
2226,159.5,87291,5,CZ,OC
2227,159.5,87292,3830,ME,SC
2228,159.5,87294,1316,IT,MBC
2229,159.5,87304,4952,IT,OC
2230,159.5,87305,4964,CS,BC
2231,159.5,87310,2764,ME,MBC
2232,159.5,87317,1304,ME,MBC
2233,159.5,87330,2710,TS,SC
2234,159.5,87334,2632,BM,OC
2235,159.5,87335,1520,CS,BC
2236,159.5,87355,2621,IT,BC
2237,159.5,87357,1432,EC,SC
2238,159.5,87367,1210,CO,SC
2239,159.5,87370,2727,FD,MBC
2240,159.5,87371,2601,CH,OC
2241,159.5,87374,1116,CS,BCM
2242,159.5,87375,1317,EI,SC
2243,159.5,87376,3831,EE,OC
2244,159.5,87384,1322,EC,OC
2245,159.5,87387,1304,ME,SC
2246,159.5,87388,5022,EE,MBC
2247,159.5,87391,4928,EC,OC
2248,159.5,87392,1231,CB,SC
2249,159.5,87399,1509,CS,SC
2250,159.5,87400,1122,CH,BC
2251,159.5,87401,2748,CS,OC
2252,159.5,87403,2752,CS,SC
2253,159.5,87404,3831,CS,OC
2254,159.5,87407,2752,CS,MBC
2255,159.5,87412,2723,MD,BC
2256,159.5,87414,2702,EE,SC
2257,159.5,87415,5907,IT,BC
2258,159.5,87416,4981,EC,MBC
2259,159.5,87417,3701,ME,BC
2260,159.5,87423,1210,AD,SCA
2261,159.5,87424,2722,EE,SC
2262,159.5,87425,3908,CS,BC
2263,159.5,87427,2624,BM,MBC
2264,159.5,87428,5022,ME,OC
2265,159.5,87430,1241,CS,OC
2266,159.5,87433,2749,CS,OC
2267,159.5,87435,3805,PH,OC
2268,159.5,87437,3821,CS,OC
2269,159.5,87438,1414,EC,BC
2270,159.5,87441,4675,EE,OC
2271,159.5,87442,1127,EC,OC
2272,159.5,87444,2706,IT,SC
2273,159.5,87445,1210,ME,MBC
2274,159.5,87448,2608,ME,MBC
2275,159.5,87452,4969,EC,OC
2276,159.5,87454,2601,EC,MBC
2277,159.5,87455,2609,IT,BC
2278,159.5,87456,2653,CB,MBC
2279,159.5,87457,4948,FT,OC
2280,159.5,87458,2710,AD,SC
2281,159.5,87461,4959,BT,MBC
2282,159.5,87462,4864,EC,BC
2283,159.5,87463,2328,ME,OC
2284,159.5,87465,1316,AO,BCM
2285,159.5,87466,1207,IT,OC
2286,159.5,87467,5530,EE,OC
2287,159.5,87468,2347,EE,OC
2288,159.5,87469,2659,BM,OC
2289,159.5,87471,4864,EC,BC
2290,159.5,87473,1015,EC,SC
2291,159.5,87474,1319,CS,OC
2292,159.5,87476,1416,CS,OC
2293,159.5,87479,4678,CE,BCM
2294,159.5,87481,2755,FD,BC
2295,159.5,87482,5988,EC,OC
2296,159.5,87486,3811,CS,SC
2297,159.5,87489,1210,EE,SC
2298,159.5,87494,2624,EC,OC
2299,159.5,87496,3805,EE,OC
2300,159.4,87497,1405,AD,BC
2301,159.4,87502,1412,CS,BC
2302,159.4,87504,2769,CS,MBC
2303,159.4,87506,2723,MD,BC
2304,159.4,87507,5,CH,MBC
2305,159.4,87508,3810,ME,OC
2306,159.4,87509,2708,EI,BCM
2307,159.4,87510,4917,EC,MBC
2308,159.4,87511,1202,CS,BC
2309,159.4,87512,4969,CS,SC
2310,159.4,87513,2628,CS,BC
2311,159.4,87514,2752,EC,BC
2312,159.4,87516,1412,IT,MBC
2313,159.4,87517,2723,EC,SCA
2314,159.4,87518,2601,BM,BC
2315,159.4,87519,4965,ME,OC
2316,159.4,87520,5904,ME,OC
2317,159.4,87521,3795,CE,OC
2318,159.4,87523,1106,EC,OC
2319,159.4,87524,1501,EC,MBC
2320,159.4,87525,1520,IT,BC
2321,159.4,87526,2705,EC,OC
2322,159.4,87527,4981,ME,BC
2323,159.4,87528,2606,ME,OC
2324,159.4,87529,5988,EC,OC
2325,159.4,87530,2750,ME,BC
2326,159.4,87532,5988,CS,BC
2327,159.4,87533,1113,ME,SC
2328,159.4,87534,2628,BM,OC
2329,159.4,87537,3016,EC,BC
2330,159.4,87538,4960,EE,SC
2331,159.4,87543,2628,CS,MBC
2332,159.4,87544,4971,ME,BCM
2333,159.4,87545,4676,CS,MBC
2334,159.4,87547,3849,ME,OC
2335,159.4,87550,1114,EC,MBC
2336,159.4,87552,1504,ME,OC
2337,159.4,87553,2651,AD,BC
2338,159.4,87555,2632,IT,OC
2339,159.4,87556,2636,CS,SC
2340,159.4,87558,3841,CS,SC
2341,159.4,87560,2623,IT,OC
2342,159.4,87561,4929,CS,OC
2343,159.4,87562,4949,CS,OC
2344,159.4,87564,2623,EC,OC
2345,159.4,87565,1217,EC,BC
2346,159.4,87566,2342,CS,BC
2347,159.4,87567,5913,ME,OC
2348,159.4,87570,3454,CS,SC
2349,159.4,87571,2707,CD,BC
2350,159.4,87573,5502,ME,OC
2351,159.4,87575,2314,AG,OC
2352,159.4,87576,2761,AD,BC
2353,159.4,87577,2609,FD,OC
2354,159.4,87577,2772,CS,OC
2355,159.4,87578,4965,ME,OC
2356,159.4,87579,1114,EE,BC
2357,159.4,87580,2708,AE,SC
2358,159.4,87581,2715,AG,BC
2359,159.4,87584,3833,EC,OC
2360,159.4,87587,2628,CS,BC
2361,159.4,87591,2758,CS,SC
2362,159.4,87595,2710,CE,BC
2363,159.4,87598,4953,CS,BCM
2364,159.4,87599,3807,EE,OC
2365,159.4,87600,2707,ME,OC
2366,159.4,87601,1149,EC,SC
2367,159.4,87603,5,CH,MBC
2368,159.4,87604,5532,CE,OC
2369,159.4,87606,1114,EE,BC
2370,159.4,87608,2743,CS,SC
2371,159.4,87613,5,ME,MBC
2372,159.4,87614,2634,FD,OC
2373,159.4,87616,3810,CS,OC
2374,159.4,87617,2636,AD,BCM
2375,159.4,87623,4945,CS,OC
2376,159.4,87625,3804,CE,OC
2377,159.4,87626,4964,MR,SC
2378,159.4,87628,2721,IC,OC
2379,159.4,87629,2729,AD,MBC
2380,159.4,87631,4944,EC,BC
2381,159.4,87633,1422,EI,SC
2382,159.4,87634,4981,EC,BCM
2383,159.4,87647,4964,CS,MBC
2384,159.4,87648,1523,ME,OC
2385,159.4,87650,3811,CS,MBC
2386,159.4,87651,3805,BM,MBC
2387,159.4,87653,2713,EC,OC
2388,159.4,87654,2634,BM,SCA
2389,159.4,87657,1431,EC,OC
2390,159.4,87661,2751,EC,MBC
2391,159.4,87662,1015,ME,OC
2392,159.4,87663,2707,CD,BC
2393,159.4,87665,2609,IT,MBC
2394,159.4,87666,1120,ME,BC
2395,159.4,87667,1412,EC,OC
2396,159.4,87668,2704,ME,BC
2397,159.4,87671,2618,ME,MBC
2398,159.4,87672,1118,ME,SC
2399,159.4,87674,2719,EC,SC
2400,159.4,87678,5,EI,BC
2401,159.4,87680,1414,EC,SC
2402,159.4,87681,2673,CS,BCM
2403,159.4,87682,4944,EC,BCM
2404,159.4,87683,1422,ME,BCM
2405,159.4,87684,4966,CS,BC
2406,159.4,87685,2629,MD,OC
2407,159.4,87687,2716,IT,MBC
2408,159.4,87688,2636,EC,BC
2409,159.4,87689,4672,EC,BC
2410,159.4,87693,2708,AG,SC
2411,159.4,87696,3801,EE,OC
2412,159.4,87698,1426,CS,OC
2413,159.4,87699,1399,AD,SCA
2414,159.4,87701,1301,EC,MBC
2415,159.4,87703,1210,ME,MBC
2416,159.4,87706,2347,EE,OC
2417,159.4,87707,2347,AG,ST
2418,159.4,87708,3018,EC,MBC
2419,159.4,87710,3806,CS,SC
2420,159.4,87712,2629,IT,OC
2421,159.4,87715,4941,EC,OC
2422,159.4,87716,2707,EC,BC
2423,159.4,87719,1226,EE,OC
2424,159.4,87721,3805,IT,BC
2425,159.4,87722,5921,CS,BC
2426,159.4,87723,3908,CS,MBC
2427,159.4,87727,2640,CS,OC
2428,159.4,87728,1303,AD,MBC
2429,159.4,87729,1407,CS,BC
2430,159.4,87730,4024,EE,BC
2431,159.4,87732,2609,EC,OC
2432,159.4,87736,5832,EC,MBC
2433,159.4,87739,2732,CS,OC
2434,159.4,87740,1405,AD,BC
2435,159.4,87741,3854,CS,OC
2436,159.3,87747,5022,ME,OC
2437,159.3,87748,1231,EC,SC
2438,159.3,87749,2717,CS,OC
2439,159.3,87750,2623,EC,OC
2440,159.3,87751,1114,CS,SC
2441,159.3,87753,4917,EE,OC
2442,159.3,87754,5904,ME,OC
2443,159.3,87757,2744,CS,BCM
2444,159.3,87759,1231,AD,SC
2445,159.3,87768,2624,BM,SC
2446,159.3,87769,1325,ME,OC
2447,159.3,87770,1431,EC,OC
2448,159.3,87771,4917,CS,SC
2449,159.3,87772,3760,ME,OC
2450,159.3,87774,2624,EC,OC
2451,159.3,87777,2347,EC,MBC
2452,159.3,87780,2327,CS,OC
2453,159.3,87781,2636,EE,MBC
2454,159.3,87784,3795,EC,MBC
2455,159.3,87785,1452,EC,MBC
2456,159.3,87788,3905,CE,OC
2457,159.3,87789,1420,CS,SC
2458,159.3,87790,2613,EE,BC
2459,159.3,87792,4969,CS,BCM
2460,159.3,87794,1114,CE,OC
2461,159.3,87795,5703,CS,OC
2462,159.3,87796,4944,EC,BC
2463,159.3,87797,1401,CS,MBC
2464,159.3,87798,5942,CS,OC
2465,159.3,87799,2623,EC,OC
2466,159.3,87800,4955,ME,OC
2467,159.3,87802,3905,ME,OC
2468,159.3,87803,4955,CB,SC
2469,159.3,87809,4953,CS,BC
2470,159.3,87810,5009,CE,SC
2471,159.3,87811,5009,CE,SC
2472,159.3,87814,3806,IT,BC
2473,159.3,87814,1430,CS,OC
2474,159.3,87815,1226,ME,OC
2475,159.3,87816,1014,CE,OC
2476,159.3,87817,4996,EE,OC
2477,159.3,87818,5530,EE,OC
2478,159.3,87819,5532,EC,SC
2479,159.3,87820,1137,CE,OC
2480,159.3,87822,3410,EC,MBC
2481,159.3,87823,1225,IT,SC
2482,159.3,87824,1237,IT,SC
2483,159.3,87826,3011,AU,MBC
2484,159.3,87828,4979,EC,OC
2485,159.3,87831,4993,CE,OC
2486,159.3,87832,4949,EC,OC
2487,159.3,87833,5930,CS,OC
2488,159.3,87835,1408,EC,OC
2489,159.3,87840,1233,EE,OC
2490,159.3,87842,4949,CS,OC
2491,159.3,87843,1241,CS,OC
2492,159.3,87847,2641,EE,OC
2493,159.3,87848,2607,ME,OC
2494,159.3,87849,1325,IT,MBC
2495,159.3,87852,5865,ME,OC
2496,159.3,87853,2683,AG,OC
2497,159.3,87854,4864,EE,OC
2498,159.3,87856,2617,CS,BC
2499,159.3,87857,2711,CE,MBC
2500,159.3,87858,2711,CD,SC
2501,159.3,87859,2636,EC,BC
2502,159.3,87860,2611,EC,BC
2503,159.3,87861,2611,CE,OC
2504,159.3,87862,1309,CE,MBC
2505,159.3,87865,4989,CS,BC
2506,159.3,87867,2329,CS,MBC
2507,159.3,87870,1412,EE,OC
2508,159.3,87872,4917,EE,OC
2509,159.3,87874,2651,EE,OC
2510,159.3,87875,2617,EC,OC
2511,159.3,87876,2341,CS,OC
2512,159.3,87877,1015,EE,BC
2513,159.3,87878,3843,ME,OC
2514,159.3,87880,2610,AD,MBC
2515,159.3,87881,1202,IT,MBC
2516,159.3,87883,5536,CS,SC
2517,159.3,87884,5911,CS,OC
2518,159.3,87885,4955,CB,SC
2519,159.3,87886,2610,EC,BC
2520,159.3,87887,2601,CH,OC
2521,159.3,87889,2652,IT,OC
2522,159.3,87891,5,CH,MBC
2523,159.3,87894,1322,BM,OC
2524,159.3,87895,5935,CS,OC
2525,159.3,87896,2712,AU,SC
2526,159.3,87900,2642,EC,OC
2527,159.3,87902,1211,CS,SCA
2528,159.3,87905,1444,EC,OC
2529,159.3,87910,4969,CS,BC
2530,159.3,87912,3016,EC,BC
2531,159.3,87920,2314,CS,BC
2532,159.3,87922,2341,BM,OC
2533,159.3,87923,3811,CS,MBC
2534,159.3,87924,1426,CS,OC
2535,159.3,87925,2707,AD,MBC
2536,159.3,87926,2752,EC,BC
2537,159.3,87927,5502,EC,OC
2538,159.3,87931,3425,EE,OC
2539,159.3,87933,4023,CS,SC
2540,159.3,87934,1304,ME,MBC
2541,159.3,87935,3011,XC,BC
2542,159.3,87936,2708,EI,MBC
2543,159.3,87942,2659,ME,OC
2544,159.3,87943,2607,TX,BC
2545,159.3,87945,2770,CS,OC
2546,159.3,87948,5930,EC,OC
2547,159.3,87949,2623,EC,OC
2548,159.3,87950,2707,EC,BC
2549,159.3,87951,2719,EI,MBC
2550,159.3,87952,2753,EC,OC
2551,159.3,87953,1101,EE,OC
2552,159.3,87955,2741,CE,OC
2553,159.3,87956,2769,FD,OC
2554,159.3,87958,1307,EC,SC
2555,159.3,87960,2722,EC,SC
2556,159.2,87962,2713,CS,OC
2557,159.2,87965,3011,AU,MBC
2558,159.2,87966,3807,IT,BC
2559,159.2,87969,2607,MZ,BC
2560,159.2,87970,2627,BT,SC
2561,159.2,87971,2608,EC,BCM
2562,159.2,87972,2636,AD,BC
2563,159.2,87977,4955,EE,BC
2564,159.2,87978,2776,AG,SC
2565,159.2,87979,4917,CD,MBC
2566,159.2,87981,2710,TS,SCA
2567,159.2,87986,2707,EI,OC
2568,159.2,87987,2776,AG,BC
2569,159.2,87989,2750,EE,MBC
2570,159.2,87990,2731,CS,MBC
2571,159.2,87991,2704,CS,SCA
2572,159.2,87992,1401,EC,OC
2573,159.2,87993,1101,CS,SC
2574,159.2,87994,4971,ME,BC
2575,159.2,87995,4024,EE,MBC
2576,159.2,87996,2624,CS,BC
2577,159.2,87998,3803,CE,OC
2578,159.2,88000,2345,CS,MBC
2579,159.2,88001,1158,MR,OC
2580,159.2,88004,2642,IT,MBC
2581,159.2,88006,2622,AD,SC
2582,159.2,88007,2707,EE,OC
2583,159.2,88009,2609,CS,MBC
2584,159.2,88011,1225,EC,SC
2585,159.2,88012,2329,XS,OC
2586,159.2,88014,2743,AG,OC
2587,159.2,88015,4917,EE,OC
2588,159.2,88016,3804,CS,MBC
2589,159.2,88017,3805,RM,OC
2590,159.2,88019,3805,EC,OC
2591,159.2,88020,5530,EE,OC
2592,159.2,88021,2611,EC,BC
2593,159.2,88022,2755,AE,BC
2594,159.2,88025,2743,AG,OC
2595,159.2,88026,5,ME,SC
2596,159.2,88027,3805,EC,OC
2597,159.2,88030,5530,EE,OC
2598,159.2,88031,3826,BM,BC
2599,159.2,88032,1322,FD,MBC
2600,159.2,88033,3805,EC,SC
2601,159.2,88034,5921,AD,SC
2602,159.2,88036,4969,CS,SC
2603,159.2,88038,5865,ME,OC
2604,159.2,88040,4957,ME,OC
2605,159.2,88042,2314,CS,BC
2606,159.2,88045,4955,EE,MBC
2607,159.2,88046,2729,AE,BCM
2608,159.2,88047,4944,AD,BC
2609,159.2,88048,4965,BM,BC
2610,159.2,88052,4917,EE,OC
2611,159.2,88053,2708,CE,BC
2612,159.2,88054,2621,IT,BC
2613,159.2,88056,2610,CY,MBC
2614,159.2,88057,2744,CS,MBC
2615,159.2,88059,1202,CS,BC
2616,159.2,88060,1207,AD,BC
2617,159.2,88063,2727,AG,SCA
2618,159.2,88064,1520,IT,BC
2619,159.2,88065,2737,IT,OC
2620,159.2,88066,3826,BM,SC
2621,159.2,88067,2729,AE,SC
2622,159.2,88068,3811,ME,OC
2623,159.2,88069,1316,ME,OC
2624,159.2,88073,3843,ME,OC
2625,159.2,88075,2642,ME,OC
2626,159.2,88076,4959,ME,OC
2627,159.2,88077,3830,EC,MBC
2628,159.2,88080,2611,CY,BC
2629,159.2,88082,2347,CS,SC
2630,159.2,88085,2639,EC,OC
2631,159.2,88086,5910,CE,BC
2632,159.2,88088,2761,AD,BC
2633,159.2,88092,1226,EC,OC
2634,159.2,88096,5530,EE,OC
2635,159.2,88099,3760,AD,MBC
2636,159.2,88102,5022,ME,OC
2637,159.2,88105,1325,EC,BC
2638,159.2,88106,1106,CS,BC
2639,159.2,88108,1238,EC,SC
2640,159.2,88109,1207,AD,BC
2641,159.2,88110,1311,ME,MBC
2642,159.2,88111,4970,ME,OC
2643,159.2,88112,1409,EE,OC
2644,159.2,88113,2643,EC,OC
2645,159.2,88114,1218,IT,BCM
2646,159.2,88116,2776,CS,BC
2647,159.2,88117,2623,EC,OC
2648,159.2,88118,1316,MZ,OC
2649,159.2,88119,2625,CS,OC
2650,159.2,88121,3786,CS,BC
2651,159.2,88130,2707,CD,BC
2652,159.2,88132,2636,CS,BC
2653,159.2,88133,1316,EC,MBC
2654,159.2,88134,1431,EC,OC
2655,159.2,88135,2705,EC,OC
2656,159.2,88136,1226,CS,BC
2657,159.2,88137,2618,ME,MBC
2658,159.2,88140,3805,CS,MBC
2659,159.2,88141,1101,CE,OC
2660,159.2,88142,4972,EC,OC
2661,159.2,88143,1140,CS,SC
2662,159.2,88145,2610,BM,MBC
2663,159.2,88146,3849,CS,OC
2664,159.2,88148,1231,AD,SC
2665,159.2,88149,5902,ME,OC
2666,159.2,88150,5865,EC,OC
2667,159.2,88151,3811,CS,BC
2668,159.2,88153,3810,AG,SC
2669,159.2,88154,4676,EC,BC
2670,159.2,88155,2314,AD,OC
2671,159.2,88156,2704,ME,BC
2672,159.2,88157,2609,CS,BC
2673,159.2,88158,3830,ME,BCM
2674,159.2,88159,5022,ME,OC
2675,159.2,88160,2618,CE,MBC
2676,159.2,88165,1303,BT,SC
2677,159.2,88167,1127,CS,SC
2678,159.2,88168,3782,ME,OC
2679,159.2,88172,1306,AD,SC
2680,159.2,88173,1424,EC,BCM
2681,159.2,88177,2711,AU,MBC
2682,159.2,88178,4917,ME,OC
2683,159.2,88179,2609,ME,OC
2684,159.2,88180,5832,EC,BC
2685,159.2,88181,3801,EE,BC
2686,159.2,88182,5017,EC,BC
2687,159.2,88185,5017,CS,SC
2688,159.2,88187,2769,AD,OC
2689,159.1,88190,2743,AD,BC
2690,159.1,88191,5907,ME,OC
2691,159.1,88192,1523,ME,OC
2692,159.1,88193,2601,EC,MBC
2693,159.1,88196,2613,CS,BCM
2694,159.1,88202,4670,EC,BC
2695,159.1,88204,1316,MZ,OC
2696,159.1,88206,1226,EC,OC
2697,159.1,88207,2727,EC,MBC
2698,159.1,88208,1322,CS,SC
2699,159.1,88211,4999,AD,MBC
2700,159.1,88212,1015,ME,OC
2701,159.1,88213,3801,EE,MBC
2702,159.1,88214,2748,CS,OC
2703,159.1,88215,2328,BM,BC
2704,159.1,88218,4980,CS,BC
2705,159.1,88221,2715,AD,SC
2706,159.1,88223,3462,CS,OC
2707,159.1,88224,1202,CS,MBC
2708,159.1,88226,2704,EE,MBC
2709,159.1,88227,4964,EC,OC
2710,159.1,88228,3810,ME,OC
2711,159.1,88229,2314,CS,SCA
2712,159.1,88230,1218,IT,MBC
2713,159.1,88232,3801,ME,OC
2714,159.1,88236,2621,IT,BC
2715,159.1,88239,3021,ME,OC
2716,159.1,88240,2743,FD,OC
2717,159.1,88241,2607,FD,BC
2718,159.1,88242,2641,EC,OC
2719,159.1,88244,1233,EE,OC
2720,159.1,88245,2723,MD,BC
2721,159.1,88246,2642,IT,MBC
2722,159.1,88247,3456,CS,BC
2723,159.1,88248,2750,ME,BC
2724,159.1,88250,4995,EC,OC
2725,159.1,88252,2707,BM,OC
2726,159.1,88255,3812,IT,SCA
2727,159.1,88257,2629,MD,OC
2728,159.1,88258,1412,CS,BC
2729,159.1,88260,4023,CS,SC
2730,159.1,88262,1419,EI,SC
2731,159.1,88263,3018,EC,BC
2732,159.1,88265,2721,ME,OC
2733,159.1,88266,2627,BT,SC
2734,159.1,88268,4917,AG,BC
2735,159.1,88270,4946,CS,BC
2736,159.1,88272,3760,EC,OC
2737,159.1,88274,2624,EC,OC
2738,159.1,88275,2634,ME,OC
2739,159.1,88277,2705,IT,BC
2740,159.1,88280,5017,EC,BC
2741,159.1,88281,1237,ME,BC
2742,159.1,88282,1412,CS,SC
2743,159.1,88284,5,CF,ST
2744,159.1,88287,2762,EC,MBC
2745,159.1,88288,2732,IT,MBC
2746,159.1,88290,2734,MO,OC
2747,159.1,88291,1504,EE,BC
2748,159.1,88292,2723,MD,BC
2749,159.1,88295,2601,EE,MBC
2750,159.1,88296,3701,CE,SC
2751,159.1,88297,3801,IT,SC
2752,159.1,88303,4999,AD,BC
2753,159.1,88304,2734,MO,OC
2754,159.1,88307,4023,CS,SC
2755,159.1,88308,2624,CH,OC
2756,159.1,88309,1137,CS,SC
2757,159.1,88310,1118,BM,SCA
2758,159.1,88312,4669,CS,OC
2759,159.1,88313,2329,XS,OC
2760,159.1,88314,2729,ME,OC
2761,159.1,88315,2609,CS,BC
2762,159.1,88316,2611,CY,BC
2763,159.1,88318,2638,CS,OC
2764,159.1,88319,2630,ME,OC
2765,159.1,88321,2729,AE,BC
2766,159.1,88324,1316,IT,MBC
2767,159.1,88325,1231,CB,SC
2768,159.1,88327,1449,CS,OC
2769,159.1,88329,5986,IT,SC
2770,159.1,88330,1422,ME,MBC
2771,159.1,88331,3016,ME,OC
2772,159.1,88333,5910,CE,BC
2773,159.1,88334,4955,CE,OC
2774,159.1,88336,4953,EE,OC
2775,159.1,88337,2767,CS,OC
2776,159.1,88339,2726,ME,OC
2777,159.1,88340,4953,CS,SC
2778,159.1,88342,3466,EC,OC
2779,159.1,88345,2608,EC,BCM
2780,159.1,88346,4917,CS,SC
2781,159.1,88350,1122,BT,SC
2782,159.1,88350,1210,ME,BC
2783,159.1,88351,2328,CS,SC
2784,159.1,88352,1316,BM,BC
2785,159.1,88353,4964,EC,OC
2786,159.1,88354,3805,CS,ST
2787,159.1,88355,5865,EE,OC
2788,159.1,88356,4955,CB,SC
2789,159.1,88357,5017,EE,OC
2790,159.1,88359,3786,MZ,OC
2791,159.1,88360,2611,BM,BC
2792,159.1,88361,4676,CS,SC
2793,159.1,88362,1317,CE,BC
2794,159.1,88363,2735,EE,SC
2795,159.1,88364,1408,CS,SC
2796,159.1,88365,1122,CH,BC
2797,159.1,88366,2634,FD,OC
2798,159.1,88367,1504,ME,OC
2799,159.1,88368,2702,TX,MBC
2800,159.1,88370,2723,MD,BC
2801,159.1,88373,3018,EC,BC
2802,159.1,88374,2328,BM,MBC
2803,159.1,88377,2704,CE,BC
2804,159.1,88378,2706,CE,MBC
2805,159.1,88379,3456,CS,BC
2806,159.1,88380,1225,ME,BC
2807,159.1,88381,5915,EC,OC
2808,159.1,88382,1401,CS,BC
2809,159.1,88383,2606,CS,BC
2810,159.1,88384,1405,CS,SC
2811,159.1,88385,2624,CS,MBC
2812,159.1,88387,4959,MZ,BC
2813,159.1,88388,2629,MD,OC
2814,159.1,88389,2764,EE,MBC
2815,159.1,88390,1243,IT,OC
2816,159.1,88391,5530,EE,OC
2817,159.1,88393,2743,CS,MBC
2818,159.1,88394,2628,CS,MBC
2819,159.0,88396,1106,CS,BC
2820,159.0,88398,4675,CS,BC
2821,159.0,88399,5530,EE,BC
2822,159.0,88401,5914,CS,BCM
2823,159.0,88402,1434,CS,OC
2824,159.0,88404,3905,ME,OC
2825,159.0,88405,1106,CS,MBC
2826,159.0,88407,4992,EC,OC
2827,159.0,88408,4978,CS,OC
2828,159.0,88409,1015,EE,BC
2829,159.0,88410,4996,CE,OC
2830,159.0,88412,3826,EE,BC
2831,159.0,88417,4964,MR,SC
2832,159.0,88420,2639,CS,BC
2833,159.0,88422,1218,EC,OC
2834,159.0,88427,2609,CS,BC
2835,159.0,88428,1408,EC,OC
2836,159.0,88433,2740,ME,BC
2837,159.0,88434,2751,AD,MBC
2838,159.0,88437,3803,EC,MBC
2839,159.0,88438,2329,BM,BC
2840,159.0,88440,4981,ME,BC
2841,159.0,88441,4670,EE,OC
2842,159.0,88442,3821,CS,OC
2843,159.0,88443,1509,EE,OC
2844,159.0,88444,2611,CS,SC
2845,159.0,88445,1412,EE,OC
2846,159.0,88446,3826,ME,OC
2847,159.0,88447,2776,CS,BC
2848,159.0,88449,2735,ME,BC
2849,159.0,88450,1210,EC,SCA
2850,159.0,88451,4954,EE,BC
2851,159.0,88452,1322,EC,OC
2852,159.0,88453,2618,IT,SC
2853,159.0,88454,1452,CE,OC
2854,159.0,88455,2650,CS,OC
2855,159.0,88456,2609,CS,BC
2856,159.0,88459,2707,EC,BC
2857,159.0,88460,1120,ME,BC
2858,159.0,88461,3018,ME,OC
2859,159.0,88462,2740,PH,BC
2860,159.0,88463,1424,CS,MBC
2861,159.0,88464,2609,CS,MBC
2862,159.0,88466,1123,CS,OC
2863,159.0,88467,4917,EE,OC
2864,159.0,88468,2736,CS,SC
2865,159.0,88470,1319,IT,OC
2866,159.0,88474,5915,CS,MBC
2867,159.0,88476,4949,CS,OC
2868,159.0,88478,3806,CS,MBC
2869,159.0,88479,2653,ME,MBC
2870,159.0,88481,1408,IT,BC
2871,159.0,88484,2607,TX,MBC
2872,159.0,88486,2718,ME,SC
2873,159.0,88487,3410,EC,MBC
2874,159.0,88493,2727,EC,MBC
2875,159.0,88495,1207,IT,OC
2876,159.0,88497,2629,IT,OC
2877,159.0,88498,2611,AG,OC
2878,159.0,88502,2608,CS,SC
2879,159.0,88505,1405,AD,MBC
2880,159.0,88506,2601,EE,BC
2881,159.0,88509,2727,AG,MBC
2882,159.0,88511,3701,CE,MBC
2883,159.0,88512,3807,IT,BC
2884,159.0,88513,1420,EC,MBC
2885,159.0,88517,3820,CS,OC
2886,159.0,88518,2727,AG,BC
2887,159.0,88519,2634,BM,SC
2888,159.0,88520,2716,AG,OC
2889,159.0,88524,1405,AD,BC
2890,159.0,88534,2747,EC,OC
2891,159.0,88536,1509,EC,BCM
2892,159.0,88537,4675,CS,SC
2893,159.0,88539,1420,CS,MBC
2894,159.0,88540,2734,MO,OC
2895,159.0,88541,1405,EC,OC
2896,159.0,88542,1325,CS,MBC
2897,159.0,88549,2636,CS,BC
2898,159.0,88558,5009,CE,SC
2899,159.0,88561,2729,AE,MBC
2900,159.0,88562,2731,EC,BC
2901,159.0,88566,1509,EC,MBC
2902,159.0,88569,3812,IT,BCM
2903,159.0,88570,3908,CS,BC
2904,159.0,88572,2647,IT,OC
2905,159.0,88575,1106,TX,OC
2906,159.0,88578,2704,CE,BC
2907,159.0,88582,1303,AG,OC
2908,159.0,88601,1120,EC,SC
2909,159.0,88601,3018,EC,BC
2910,159.0,88613,1241,CS,OC
2911,159.0,88616,1116,EC,OC
2912,159.0,88618,1122,BT,SC
2913,159.0,88621,1237,EE,MBC
2914,159.0,88623,1216,AL,SC
2915,159.0,88626,2719,EI,MBC
2916,159.0,88634,1317,CH,SC
2917,159.0,88635,1228,BM,BC
2918,159.0,88637,3805,FD,MBC
2919,159.0,88638,2710,CE,BC
2920,159.0,88641,1310,EE,MBC
2921,159.0,88642,2632,CS,OC
2922,159.0,88643,1419,CE,SC
2923,159.0,88644,1149,EC,SC
2924,159.0,88645,1110,BT,BC
2925,159.0,88646,1217,BT,BC
2926,159.0,88653,2651,EC,BC
2927,159.0,88654,2735,ME,SC
2928,159.0,88658,1230,EE,OC
2929,159.0,88661,4964,MR,SC
2930,159.0,88662,2707,CD,BC
2931,159.0,88663,2758,EE,OC
2932,159.0,88664,2634,EC,OC
2933,159.0,88665,1127,EC,OC
2934,159.0,88666,2328,ME,OC
2935,159.0,88668,4949,CS,OC
2936,159.0,88669,2726,CS,SC
2937,159.0,88671,4917,EC,MBC
2938,159.0,88674,5942,EC,OC
2939,159.0,88675,1026,EC,ST
2940,159.0,88677,2621,ME,OC
2941,159.0,88682,2651,AD,MBC
2942,159.0,88683,5533,CE,OC
2943,159.0,88685,3016,EC,SC
2944,159.0,88688,2729,EC,BCM
2945,159.0,88690,2708,CE,MBC
2946,159.0,88691,3829,CS,BC
2947,159.0,88692,1504,IT,SC
2948,159.0,88694,2620,EE,MBC
2949,159.0,88695,1325,EC,BC
2950,159.0,88697,2328,IT,MBC
2951,159.0,88698,1207,EC,MBC
2952,159.0,88700,4993,EC,OC
2953,159.0,88703,4670,EE,OC
2954,159.0,88704,3819,CS,ST
2955,159.0,88705,3843,EC,OC
2956,159.0,88706,2611,CY,BC
2957,159.0,88707,2722,EC,SC
2958,159.0,88712,5910,IT,MBC
2959,159.0,88714,2749,CS,OC
2960,159.0,88715,2707,CS,MBC
2961,159.0,88716,2610,CY,BC
2962,159.0,88717,5,MM,OC
2963,159.0,88718,1116,CS,SC
2964,159.0,88719,2639,CS,MBC
2965,159.0,88720,1013,ME,MBC
2966,159.0,88721,3811,CS,BC
2967,159.0,88723,2302,AD,BC
2968,159.0,88724,3461,EC,OC
2969,159.0,88725,5536,AG,BC
2970,159.0,88726,1325,ME,OC
2971,159.0,88727,1322,EC,OC
2972,159.0,88728,5915,EE,OC
2973,159.0,88729,3803,EE,BC
2974,159.0,88730,2708,ME,BC
2975,159.0,88731,2618,ME,BC
2976,159.0,88732,2764,ME,MBC
2977,159.0,88733,1504,CE,OC
2978,159.0,88734,1419,CE,MBC
2979,159.0,88737,2302,CS,BC
2980,159.0,88739,3852,CE,OC
2981,159.0,88741,2611,BM,MBC
2982,159.0,88742,1421,EE,OC
2983,159.0,88743,2752,IT,BC
2984,159.0,88744,2329,XS,OC
2985,159.0,88747,3786,EC,OC
2986,159.0,88748,4994,CS,BC
2987,159.0,88750,3806,IT,MBC
2988,159.0,88751,2732,IT,SC
2989,159.0,88752,2607,TX,MBC
2990,159.0,88755,3466,ME,OC
2991,159.0,88757,1306,ME,BC
2992,159.0,88758,3805,FD,BC
2993,159.0,88759,3825,CS,BC
2994,159.0,88763,2755,AG,BC
2995,159.0,88766,1421,EC,OC
2996,159.0,88767,3021,EE,BC
2997,158.9,88773,4999,AD,BC
2998,158.9,88774,1310,CS,SC
2999,158.9,88775,2636,EE,MBC
3000,158.9,88775,5910,IT,MBC
3001,158.9,88776,1210,ME,BC
3002,158.9,88777,5536,CS,BC
3003,158.9,88778,2327,ME,OC
3004,158.9,88779,5904,EE,BC
3005,158.9,88781,2624,CS,MBC
3006,158.9,88783,2629,MD,OC
3007,158.9,88787,1520,CS,SC
3008,158.9,88788,2723,BM,MBC
3009,158.9,88790,3786,EC,OC
3010,158.9,88791,5907,CS,MBC
3011,158.9,88795,5902,IT,OC
3012,158.9,88796,1015,ME,OC
3013,158.9,88800,4965,ME,OC
3014,158.9,88804,2707,CD,BC
3015,158.9,88807,2357,CE,OC
3016,158.9,88808,4971,ME,BC
3017,158.9,88810,1501,CS,BC
3018,158.9,88811,4957,IT,OC
3019,158.9,88820,2329,CS,MBC
3020,158.9,88821,4672,CE,OC
3021,158.9,88822,4975,CS,OC
3022,158.9,88824,1026,ME,MBC
3023,158.9,88829,2745,CS,MBC
3024,158.9,88830,2708,MZ,BC
3025,158.9,88831,1233,AD,BCM
3026,158.9,88833,2713,CS,OC
3027,158.9,88838,2614,CS,OC
3028,158.9,88839,2715,AG,SC
3029,158.9,88840,4928,ME,OC
3030,158.9,88842,3805,EC,BC
3031,158.9,88843,2718,ME,SC
3032,158.9,88844,1504,EC,MBC
3033,158.9,88845,3817,CS,OC
3034,158.9,88846,2640,AD,OC
3035,158.9,88848,1605,IT,OC
3036,158.9,88849,4678,CS,SC
3037,158.9,88850,1306,ME,BC
3038,158.9,88851,4023,CS,SC
3039,158.9,88852,2620,TS,BC
3040,158.9,88854,1317,CE,BC
3041,158.9,88856,5,EE,MBC
3042,158.9,88857,2314,EC,OC
3043,158.9,88858,1106,IT,BC
3044,158.9,88859,2329,CS,SCA
3045,158.9,88861,4944,AD,BC
3046,158.9,88863,3806,IT,BC
3047,158.9,88867,2634,EC,OC
3048,158.9,88868,1401,EC,OC
3049,158.9,88869,2723,EC,MBC
3050,158.9,88870,4949,EC,OC
3051,158.9,88871,2357,EC,MBC
3052,158.9,88872,4975,ME,OC
3053,158.9,88873,4669,EC,BC
3054,158.9,88874,2628,CS,MBC
3055,158.9,88877,1210,ME,BC
3056,158.9,88882,1207,IT,OC
3057,158.9,88883,4966,ME,OC
3058,158.9,88888,5832,EC,BC
3059,158.9,88889,5530,ME,OC
3060,158.9,88892,4999,CS,OC
3061,158.9,88894,4962,EE,SC
3062,158.9,88895,1412,CS,SC
3063,158.9,88896,2750,BM,MBC
3064,158.9,88899,3817,CS,OC
3065,158.9,88900,2713,IT,OC
3066,158.9,88903,3908,CS,MBC
3067,158.9,88906,2302,CS,BC
3068,158.9,88907,2726,CS,SC
3069,158.9,88908,1120,ME,MBC
3070,158.9,88909,3806,CS,BC
3071,158.9,88912,2661,CS,MBC
3072,158.9,88914,3829,EC,OC
3073,158.9,88915,2741,ME,BC
3074,158.9,88917,2609,CE,OC
3075,158.9,88920,2727,AG,BC
3076,158.9,88921,3829,ME,OC
3077,158.9,88922,2620,IT,MBC
3078,158.9,88926,4953,CS,BC
3079,158.9,88927,2776,CS,BC
3080,158.9,88928,1605,CS,MBC
3081,158.9,88929,2327,EE,OC
3082,158.9,88930,2625,IT,OC
3083,158.9,88931,2731,ME,OC
3084,158.9,88932,1207,CS,MBC
3085,158.9,88933,5022,EE,MBC
3086,158.9,88939,3016,EC,SC
3087,158.9,88940,4680,ME,OC
3088,158.9,88942,2625,CS,OC
3089,158.9,88944,1303,AD,BCM
3090,158.9,88946,1422,ME,MBC
3091,158.9,88947,3810,CS,OC
3092,158.9,88956,3807,IT,BC
3093,158.9,88957,1122,EC,SC
3094,158.9,88960,1122,CH,BC
3095,158.9,88961,1210,ME,BC
3096,158.9,88963,4024,EE,SC
3097,158.9,88965,2618,CS,SC
3098,158.9,88966,1412,IT,BC
3099,158.9,88967,3760,ME,OC
3100,158.9,88968,2610,ME,OC
3101,158.9,88969,2727,FD,MBC
3102,158.8,88970,5017,EE,OC
3103,158.8,88971,1226,ME,OC
3104,158.8,88972,3425,EE,BC
3105,158.8,88976,1137,CE,OC
3106,158.8,88977,1233,ME,OC
3107,158.8,88978,2726,AG,BC
3108,158.8,88979,1306,ME,BC
3109,158.8,88980,2607,TX,BC
3110,158.8,88982,2347,CS,BC
3111,158.8,88983,3805,CH,OC
3112,158.8,88984,1303,CS,SC
3113,158.8,88987,3826,ME,OC
3114,158.8,88988,1408,CS,BCM
3115,158.8,88989,2723,ME,SC
3116,158.8,88990,2611,EE,OC
3117,158.8,88992,4975,CS,OC
3118,158.8,88993,2338,BM,OC
3119,158.8,88996,2610,CS,MBC
3120,158.8,88998,4966,CS,SC
3121,158.8,89000,3831,CS,OC
3122,158.8,89003,2329,BT,BCM
3123,158.8,89004,2735,ME,MBC
3124,158.8,89005,5921,AD,BC
3125,158.8,89010,1127,CS,MBC
3126,158.8,89013,2753,CS,BC
3127,158.8,89014,2610,ME,OC
3128,158.8,89014,2755,FD,BCM
3129,158.8,89017,5703,ME,OC
3130,158.8,89019,4964,EE,OC
3131,158.8,89021,2743,EC,BC
3132,158.8,89024,1441,EC,OC
3133,158.8,89026,2707,CS,SC
3134,158.8,89027,4953,CS,BC
3135,158.8,89029,1505,CS,BC
3136,158.8,89030,1520,IT,BC
3137,158.8,89031,3830,EC,MBC
3138,158.8,89032,5919,CS,OC
3139,158.8,89033,3795,ME,OC
3140,158.8,89034,2618,ME,MBC
3141,158.8,89037,5862,CS,OC
3142,158.8,89039,2302,BM,OC
3143,158.8,89040,2764,ME,MBC
3144,158.8,89041,2749,IT,MBC
3145,158.8,89042,5910,CE,BC
3146,158.8,89043,4959,MZ,BCM
3147,158.8,89045,2611,AE,OC
3148,158.8,89047,4959,CE,OC
3149,158.8,89048,5910,CE,BC
3150,158.8,89049,2659,BM,OC
3151,158.8,89056,2609,CS,BC
3152,158.8,89058,1510,CS,OC
3153,158.8,89061,2753,CS,BC
3154,158.8,89063,3805,AE,OC
3155,158.8,89064,2302,AG,OC
3156,158.8,89065,2347,AG,BC
3157,158.8,89070,2707,ME,OC
3158,158.8,89071,2736,ME,OC
3159,158.8,89072,3701,EE,MBC
3160,158.8,89073,2726,MZ,MBC
3161,158.8,89075,1401,CS,SC
3162,158.8,89077,1210,CE,MBC
3163,158.8,89078,2624,AD,OC
3164,158.8,89079,1228,EC,BC
3165,158.8,89081,1137,CE,OC
3166,158.8,89082,1216,EC,SC
3167,158.8,89083,3826,EE,BC
3168,158.8,89085,2651,AD,MBC
3169,158.8,89086,3760,AG,OC
3170,158.8,89089,3806,ME,OC
3171,158.8,89090,2609,IT,BC
3172,158.8,89091,2740,ME,BC
3173,158.8,89092,3826,IT,MBC
3174,158.8,89094,2609,AG,SC
3175,158.8,89097,2753,CS,MBC
3176,158.8,89101,2707,EE,SC
3177,158.8,89102,1014,IT,SCA
3178,158.8,89103,2607,CS,SCA
3179,158.8,89105,2731,PD,OC
3180,158.8,89107,1101,CE,OC
3181,158.8,89110,3810,CS,OC
3182,158.8,89111,1412,CS,MBC
3183,158.8,89112,3843,EE,OC
3184,158.8,89113,1114,EE,SC
3185,158.8,89114,4993,EC,OC
3186,158.8,89116,3844,BM,OC
3187,158.8,89117,1507,IT,BC
3188,158.8,89119,3806,CS,BCM
3189,158.8,89120,1225,EC,SC
3190,158.8,89121,2752,IT,BC
3191,158.8,89122,1106,CS,BC
3192,158.8,89123,2734,ME,BC
3193,158.8,89124,1149,ME,MBC
3194,158.8,89126,1317,EC,SCA
3195,158.8,89127,2665,CS,OC
3196,158.8,89128,3817,EE,OC
3197,158.8,89131,2606,CS,MBC
3198,158.8,89133,5935,AU,OC
3199,158.8,89134,1137,CE,OC
3200,158.8,89136,2708,ME,BC
3201,158.8,89138,1517,CE,OC
3202,158.8,89139,4917,EC,SCA
3203,158.8,89140,3011,EE,SCA
3204,158.8,89142,1015,ME,OC
3205,158.8,89144,2611,EE,OC
3206,158.8,89147,2723,MD,BC
3207,158.8,89148,2634,CS,BC
3208,158.8,89149,2302,AG,MBC
3209,158.8,89152,1120,EC,SC
3210,158.8,89155,2707,EI,OC
3211,158.8,89156,2632,IT,OC
3212,158.8,89157,5832,EE,OC
3213,158.8,89158,1405,EC,OC
3214,158.8,89161,2648,EC,OC
3215,158.8,89164,1015,EE,SC
3216,158.8,89165,2623,EC,OC
3217,158.8,89167,5862,AG,OC
3218,158.8,89168,2726,ME,OC
3219,158.8,89169,2750,AD,SC
3220,158.8,89170,2360,MZ,OC
3221,158.8,89172,2752,EC,BC
3222,158.8,89177,2661,CE,OC
3223,158.8,89178,1149,ME,BC
3224,158.8,89179,2630,CS,SCA
3225,158.8,89181,1420,ME,OC
3226,158.8,89182,2752,EC,BC
3227,158.8,89183,2357,CS,MBC
3228,158.8,89185,2345,EE,MBC
3229,158.8,89188,2642,IT,BC
3230,158.8,89190,4993,CS,SC
3231,158.8,89191,1413,EC,SC
3232,158.8,89192,4994,ME,OC
3233,158.8,89196,2314,EE,OC
3234,158.8,89197,1122,IT,SC
3235,158.8,89202,3466,CS,OC
3236,158.8,89204,5904,ME,OC
3237,158.8,89205,3805,CE,OC
3238,158.8,89207,5017,EC,BC
3239,158.8,89208,2601,BM,BC
3240,158.8,89209,5904,EE,BC
3241,158.8,89210,3018,EC,BC
3242,158.8,89211,4965,BM,BCM
3243,158.8,89212,2620,TS,MBC
3244,158.8,89213,5536,ME,OC
3245,158.8,89215,1408,CS,BC
3246,158.8,89216,3805,CS,MBC
3247,158.8,89220,2314,AD,OC
3248,158.8,89221,1137,CS,BC
3249,158.8,89223,3826,BM,SC
3250,158.8,89225,1405,CS,MBC
3251,158.8,89226,3829,IT,BCM
3252,158.8,89230,1509,EE,OC
3253,158.7,89235,2634,AD,MBC
3254,158.7,89236,1416,CS,OC
3255,158.7,89237,2611,BM,MBC
3256,158.7,89239,1128,EC,SC
3257,158.7,89242,2642,CS,MBC
3258,158.7,89243,2763,EC,OC
3259,158.7,89244,2622,CE,BC
3260,158.7,89246,2776,CE,OC
3261,158.7,89247,2707,CD,BC
3262,158.7,89248,2726,ME,OC
3263,158.7,89249,2743,AG,OC
3264,158.7,89253,2611,EC,BC
3265,158.7,89254,2736,CE,MBC
3266,158.7,89255,1120,AU,BC
3267,158.7,89256,4953,EC,OC
3268,158.7,89258,5904,ME,OC
3269,158.7,89259,2609,CS,MBC
3270,158.7,89261,3804,CS,MBC
3271,158.7,89263,1424,AD,BC
3272,158.7,89264,2338,CS,OC
3273,158.7,89266,4975,EC,OC
3274,158.7,89267,5,EE,SC
3275,158.7,89268,4670,ME,OC
3276,158.7,89272,3018,EC,MBC
3277,158.7,89273,2609,FD,OC
3278,158.7,89274,2621,IT,BC
3279,158.7,89275,2634,AE,OC
3280,158.7,89276,3829,EC,OC
3281,158.7,89277,4670,ME,OC
3282,158.7,89278,2729,AE,SC
3283,158.7,89281,4934,CS,OC
3284,158.7,89282,3701,EE,MBC
3285,158.7,89283,2345,CS,MBC
3286,158.7,89286,2634,IT,SC
3287,158.7,89287,4955,ME,OC
3288,158.7,89288,3805,BM,BC
3289,158.7,89290,4669,EE,OC
3290,158.7,89294,5921,EC,BC
3291,158.7,89295,1414,EC,MBC
3292,158.7,89296,3021,EC,MBC
3293,158.7,89298,1420,EC,MBC
3294,158.7,89300,2731,CS,MBC
3295,158.7,89302,2634,AD,SC
3296,158.7,89303,2338,BM,OC
3297,158.7,89304,2651,AD,BC
3298,158.7,89305,4964,ME,OC
3299,158.7,89307,2723,ME,BC
3300,158.7,89309,2653,ME,BC
3301,158.7,89312,2347,AG,MBC
3302,158.7,89313,1408,EE,OC
3303,158.7,89314,3806,CS,MBC
3304,158.7,89315,1128,EC,SC
3305,158.7,89317,5530,EE,BC
3306,158.7,89318,3016,CS,SC
3307,158.7,89322,2617,CS,BC
3308,158.7,89325,4955,CE,OC
3309,158.7,89333,1014,CE,SC
3310,158.7,89344,1412,ME,OC
3311,158.7,89345,1509,EC,BC
3312,158.7,89347,2710,ME,SC
3313,158.7,89349,2602,MD,OC
3314,158.7,89350,3810,CS,OC
3315,158.7,89355,4993,EC,OC
3316,158.7,89357,2357,AD,SC
3317,158.7,89359,3806,EE,OC
3318,158.7,89361,2609,EE,OC
3319,158.7,89365,1316,EE,OC
3320,158.7,89368,1127,EC,OC
3321,158.7,89369,1414,CE,OC
3322,158.7,89370,2653,ME,BC
3323,158.7,89371,2636,CS,SC
3324,158.7,89372,2369,ME,SCA
3325,158.7,89375,2302,AG,BC
3326,158.7,89376,2621,IT,BC
3327,158.7,89377,5904,ME,OC
3328,158.7,89380,2614,TX,OC
3329,158.7,89382,1202,CS,BC
3330,158.7,89383,2328,EE,BC
3331,158.7,89384,1123,CS,OC
3332,158.7,89387,2755,FD,ST
3333,158.7,89388,2617,CS,MBC
3334,158.7,89389,3826,CE,OC
3335,158.7,89390,1408,IT,BCM
3336,158.7,89391,1424,RM,OC
3337,158.7,89393,2646,EE,OC
3338,158.7,89395,4964,EC,OC
3339,158.7,89396,3817,BT,OC
3340,158.7,89398,4917,EE,OC
3341,158.7,89401,5536,CS,SC
3342,158.7,89402,4672,CE,OC
3343,158.7,89404,2618,CS,SC
3344,158.7,89409,1313,CS,OC
3345,158.7,89410,1123,CS,OC
3346,158.7,89411,1207,IT,OC
3347,158.7,89412,4964,EC,OC
3348,158.7,89413,1405,CS,MBC
3349,158.7,89414,2636,EC,MBC
3350,158.7,89415,1115,AD,SC
3351,158.7,89417,3843,EC,OC
3352,158.7,89420,1421,CS,BC
3353,158.7,89421,5914,CE,OC
3354,158.7,89425,5022,EE,BC
3355,158.7,89426,1325,IT,SC
3356,158.7,89428,2621,IT,BC
3357,158.7,89430,2719,CJ,SCA
3358,158.7,89433,4917,BT,OC
3359,158.7,89434,3908,CS,BC
3360,158.7,89435,5913,CS,BC
3361,158.7,89436,1507,IT,BC
3362,158.7,89437,2661,IT,MBC
3363,158.6,89442,2715,EC,MBC
3364,158.6,89444,5,CH,MBC
3365,158.6,89447,3021,ME,OC
3366,158.6,89449,3810,AD,BC
3367,158.6,89451,5902,IT,OC
3368,158.6,89453,2707,CH,OC
3369,158.6,89458,2657,BT,OC
3370,158.6,89461,2721,EC,BCM
3371,158.6,89462,2620,EC,BC
3372,158.6,89463,3905,ME,OC
3373,158.6,89465,5904,ME,OC
3374,158.6,89467,2642,CS,MBC
3375,158.6,89469,3801,CS,MBC
3376,158.6,89472,1137,CS,BC
3377,158.6,89473,5502,CS,SC
3378,158.6,89474,1520,CS,SC
3379,158.6,89475,2634,FD,OC
3380,158.6,89476,1419,CE,MBC
3381,158.6,89477,2721,AU,OC
3382,158.6,89478,1319,CS,OC
3383,158.6,89480,2743,AD,MBC
3384,158.6,89481,2622,CE,MBC
3385,158.6,89484,1309,CE,BC
3386,158.6,89486,2750,BM,SCA
3387,158.6,89487,1126,AD,MBC
3388,158.6,89489,2736,AD,MBC
3389,158.6,89490,1303,AG,OC
3390,158.6,89491,1137,EE,OC
3391,158.6,89492,2622,ME,BC
3392,158.6,89493,1133,CS,OC
3393,158.6,89494,2608,ME,BC
3394,158.6,89496,2657,CS,SC
3395,158.6,89497,2747,EE,OC
3396,158.6,89499,4999,EC,OC
3397,158.6,89500,4024,EC,SC
3398,158.6,89501,3016,CS,SC
3399,158.6,89502,2601,IT,SC
3400,158.6,89504,1409,AD,BC
3401,158.6,89505,1216,EC,SC
3402,158.6,89506,2707,BM,OC
3403,158.6,89507,5,CH,MBC
3404,158.6,89508,1101,ME,OC
3405,158.6,89509,4949,CS,SC
3406,158.6,89512,2715,BM,BC
3407,158.6,89513,3819,CS,SCA
3408,158.6,89516,2744,EC,OC
3409,158.6,89517,2302,AD,MBC
3410,158.6,89518,1441,EC,OC
3411,158.6,89519,1426,CS,OC
3412,158.6,89520,1114,CS,SC
3413,158.6,89521,4917,EE,OC
3414,158.6,89522,3021,EE,MBC
3415,158.6,89523,5942,EC,OC
3416,158.6,89525,2707,CH,OC
3417,158.6,89526,2729,MZ,OC
3418,158.6,89527,2360,CS,BC
3419,158.6,89528,3803,ME,OC
3420,158.6,89532,2632,IT,OC
3421,158.6,89533,2636,EC,MBC
3422,158.6,89534,2719,EC,SC
3423,158.6,89535,1507,EC,OC
3424,158.6,89536,2329,BM,BC
3425,158.6,89537,1424,EE,OC
3426,158.6,89538,3806,CS,MBC
3427,158.6,89541,1207,AD,BC
3428,158.6,89543,5910,CE,MBC
3429,158.6,89544,3805,CE,OC
3430,158.6,89545,3905,ME,OC
3431,158.6,89546,2761,EC,OC
3432,158.6,89548,2743,EE,OC
3433,158.6,89549,2715,ME,OC
3434,158.6,89551,3812,CS,BC
3435,158.6,89554,2641,ME,OC
3436,158.6,89558,1520,CS,MBC
3437,158.6,89559,2606,CS,SC
3438,158.6,89561,3806,CB,MBC
3439,158.6,89563,4995,CS,OC
3440,158.6,89569,2736,CE,MBC
3441,158.6,89571,4999,AD,SC
3442,158.6,89572,2758,IT,OC
3443,158.6,89575,2628,CS,MBC
3444,158.6,89576,2610,EE,OC
3445,158.6,89578,2707,BM,OC
3446,158.6,89582,2328,BM,SC
3447,158.6,89583,2706,CE,SC
3448,158.6,89584,2743,AD,MBC
3449,158.6,89585,5930,ME,OC
3450,158.6,89587,5919,EC,OC
3451,158.6,89591,3810,AD,MBC
3452,158.6,89594,2621,EE,OC
3453,158.6,89600,3021,EC,SC
3454,158.6,89601,2729,EE,OC
3455,158.6,89602,5,CH,MBC
3456,158.6,89603,2750,CB,SC
3457,158.6,89606,2627,EC,OC
3458,158.6,89609,4960,CE,SC
3459,158.6,89612,5,CZ,OC
3460,158.6,89615,2341,EC,OC
3461,158.6,89616,2776,MZ,OC
3462,158.6,89620,2707,BM,OC
3463,158.6,89624,2624,FD,OC
3464,158.6,89625,5832,EC,MBC
3465,158.6,89629,2705,CS,BC
3466,158.6,89630,3806,CS,MBC
3467,158.6,89631,2367,CS,OC
3468,158.6,89635,2643,CS,ST
3469,158.6,89637,5,EI,MBC
3470,158.6,89639,4944,AD,BC
3471,158.6,89640,2650,ME,OC
3472,158.6,89641,4678,CE,BC
3473,158.6,89642,2302,AG,MBC
3474,158.6,89644,3018,EC,MBC
3475,158.6,89646,2328,IT,MBC
3476,158.6,89647,2611,EC,BC
3477,158.6,89648,2743,ME,OC
3478,158.6,89649,2707,EC,SCA
3479,158.6,89650,1233,EE,OC
3480,158.6,89654,1412,IT,MBC
3481,158.6,89655,1317,ME,BCM
3482,158.6,89657,3019,EE,BC
3483,158.6,89659,2628,CS,MBC
3484,158.6,89660,2624,PH,OC
3485,158.6,89662,2753,CS,SCA
3486,158.6,89665,2716,IT,BC
3487,158.6,89666,2768,CS,OC
3488,158.6,89668,2610,EC,BC
3489,158.6,89669,1128,EC,SC
3490,158.6,89670,1210,CE,MBC
3491,158.6,89671,1207,IT,OC
3492,158.6,89673,2710,EC,SCA
3493,158.6,89674,3801,CS,SC
3494,158.6,89675,2722,IC,MBC
3495,158.6,89678,2702,EC,SC
3496,158.6,89679,1409,EC,OC
3497,158.6,89680,2743,BM,OC
3498,158.6,89685,2715,EE,OC
3499,158.6,89686,2349,BM,OC
3500,158.6,89687,4933,CS,OC
3501,158.6,89693,4931,CS,BC
3502,158.6,89695,4941,CS,OC
3503,158.6,89696,5904,ME,OC
3504,158.6,89697,2601,ME,OC
3505,158.6,89701,1013,ME,SC
3506,158.6,89704,4966,EC,OC
3507,158.6,89705,1137,EC,OC
3508,158.6,89706,4928,ME,OC
3509,158.6,89708,1114,EE,BC
3510,158.6,89709,5904,ME,OC
3511,158.6,89710,2707,ME,SCA
3512,158.6,89715,2607,MZ,BC
3513,158.6,89718,3810,IT,BCM
3514,158.5,89719,2302,CS,MBC
3515,158.5,89720,2702,CB,SC
3516,158.5,89725,3806,CS,MBC
3517,158.5,89726,1219,MR,SC
3518,158.5,89731,1412,CS,BC
3519,158.5,89732,1325,CS,SC
3520,158.5,89735,2707,IT,MBC
3521,158.5,89737,1114,EE,BC
3522,158.5,89738,2710,CD,SC
3523,158.5,89741,3807,EC,OC
3524,158.5,89742,2622,EC,SC
3525,158.5,89743,2650,ME,OC
3526,158.5,89746,2354,CS,BC
3527,158.5,89747,1424,EC,BC
3528,158.5,89748,4964,AE,OC
3529,158.5,89750,1412,EC,OC
3530,158.5,89755,4965,ME,OC
3531,158.5,89756,1510,CS,OC
3532,158.5,89758,1311,FT,BC
3533,158.5,89763,2357,EC,SCA
3534,158.5,89765,3806,CS,MBC
3535,158.5,89766,3019,EC,SC
3536,158.5,89770,2749,AG,OC
3537,158.5,89772,4960,BT,SC
3538,158.5,89775,2751,CS,SC
3539,158.5,89776,4981,ME,BC
3540,158.5,89778,1218,AD,SC
3541,158.5,89779,4955,ME,OC
3542,158.5,89780,3805,ME,OC
3543,158.5,89781,2338,CS,OC
3544,158.5,89785,2715,BM,BC
3545,158.5,89786,1126,RM,OC
3546,158.5,89787,2354,EC,OC
3547,158.5,89788,2607,EE,MBC
3548,158.5,89790,5865,CE,OC
3549,158.5,89791,4023,CS,SC
3550,158.5,89792,3810,AD,SC
3551,158.5,89794,1509,EC,MBC
3552,158.5,89796,1322,CS,SC
3553,158.5,89798,2647,IT,OC
3554,158.5,89799,3807,CS,BC
3555,158.5,89801,2627,EC,OC
3556,158.5,89802,1509,CS,SC
3557,158.5,89804,3826,AD,MBC
3558,158.5,89806,1237,ME,BC
3559,158.5,89807,1230,CS,BC
3560,158.5,89808,1106,IT,MBC
3561,158.5,89809,4964,EC,OC
3562,158.5,89810,4929,EC,OC
3563,158.5,89811,1207,IT,SC
3564,158.5,89813,2628,CS,ST
3565,158.5,89815,4959,ME,OC
3566,158.5,89817,1424,EC,MBC
3567,158.5,89818,3803,EE,BCM
3568,158.5,89819,4955,CB,SC
3569,158.5,89821,2636,EC,ST
3570,158.5,89823,1237,MZ,MBC
3571,158.5,89824,5907,CS,BC
3572,158.5,89825,3826,ME,OC
3573,158.5,89826,1504,BT,MBC
3574,158.5,89827,3804,CE,OC
3575,158.5,89830,1504,BT,MBC
3576,158.5,89831,3021,EC,SC
3577,158.5,89832,2722,EC,SC
3578,158.5,89835,1301,CS,SC
3579,158.5,89835,1106,CS,BC
3580,158.5,89840,2632,ME,OC
3581,158.5,89842,3016,ME,OC
3582,158.5,89844,2628,CS,BC
3583,158.5,89845,2653,CE,OC
3584,158.5,89847,2634,EC,OC
3585,158.5,89848,1106,CS,MBC
3586,158.5,89852,2702,EC,SC
3587,158.5,89857,2744,CS,SC
3588,158.5,89859,1013,CS,SCA
3589,158.5,89873,1128,EC,SC
3590,158.5,89878,1231,CB,SC
3591,158.5,89882,1120,EC,SC
3592,158.5,89884,2710,CE,BC
3593,158.5,89887,1319,AD,OC
3594,158.5,89891,2702,BM,SC
3595,158.5,89893,5910,CE,BC
3596,158.5,89904,1126,CS,BC
3597,158.5,89911,1316,AD,MBC
3598,158.5,89913,2708,CS,SC
3599,158.5,89919,1218,AD,BC
3600,158.5,89921,1211,ME,SC
3601,158.5,89925,5536,AG,BC
3602,158.5,89938,1442,CS,SC
3603,158.5,89941,2702,FT,MBC
3604,158.5,89943,1122,ME,BC
3605,158.5,89944,2621,EC,BC
3606,158.5,89945,2740,PH,BCM
3607,158.5,89979,2622,BT,MBC
3608,158.5,89980,1140,ME,OC
3609,158.5,89983,2609,EC,OC
3610,158.5,89984,1128,EC,SC
3611,158.5,89985,3905,ME,OC
3612,158.5,89986,2646,CS,MBC
3613,158.5,89987,1319,CS,OC
3614,158.5,89989,2620,TS,BC
3615,158.5,89993,1150,AG,OC
3616,158.5,89994,2761,CS,BCM
3617,158.5,90001,2726,CS,SC
3618,158.5,90002,1412,EE,OC
3619,158.5,90005,4994,CS,BC
3620,158.5,90008,2726,ME,OC
3621,158.5,90010,1412,IT,MBC
3622,158.5,90011,2707,CD,BC
3623,158.5,90012,4964,CS,BC
3624,158.5,90013,2617,CS,MBC
3625,158.5,90015,4969,EE,OC
3626,158.5,90017,3019,CE,OC
3627,158.5,90018,2607,FD,MBC
3628,158.5,90020,1322,EC,OC
3629,158.5,90026,2302,CS,BC
3630,158.5,90027,3829,IT,MBC
3631,158.5,90030,2735,ME,BC
3632,158.5,90033,1231,AD,SC
3633,158.5,90035,2722,CE,SC
3634,158.5,90037,3805,IT,SC
3635,158.5,90039,5988,CS,MBC
3636,158.5,90040,1441,CS,OC
3637,158.5,90043,1322,EC,OC
3638,158.5,90045,4953,CS,BC
3639,158.5,90046,5904,EE,BC
3640,158.5,90047,3760,EC,OC
3641,158.5,90051,1219,EC,ST
3642,158.5,90052,1424,RM,OC
3643,158.5,90053,3811,EC,OC
3644,158.5,90054,1505,ME,OC
3645,158.5,90055,1229,CS,OC
3646,158.5,90056,1412,EE,OC
3647,158.5,90061,5990,CS,OC
3648,158.5,90070,2707,EC,BC
3649,158.5,90074,3805,EC,BC
3650,158.5,90077,2749,AG,OC
3651,158.5,90079,2342,CE,OC
3652,158.5,90080,1207,IT,BC
3653,158.5,90083,4969,EC,OC
3654,158.5,90088,2618,IT,SC
3655,158.5,90089,4969,ME,OC
3656,158.5,90091,1311,AU,OC
3657,158.5,90092,2740,CS,SCA
3658,158.5,90093,3806,CS,BC
3659,158.5,90095,4972,ME,OC
3660,158.5,90098,1431,EC,OC
3661,158.4,90103,1120,ME,BC
3662,158.4,90104,3833,EC,OC
3663,158.4,90105,3810,AD,BC
3664,158.4,90106,1509,EC,BC
3665,158.4,90108,1309,CE,MBC
3666,158.4,90109,2708,ME,MBC
3667,158.4,90111,2726,ME,BC
3668,158.4,90114,3833,EC,OC
3669,158.4,90118,3410,ME,OC
3670,158.4,90119,1503,CS,OC
3671,158.4,90120,3806,CB,MBC
3672,158.4,90121,1216,CE,BC
3673,158.4,90124,1408,CS,BC
3674,158.4,90125,1311,CE,BC
3675,158.4,90126,2707,EC,BC
3676,158.4,90127,2752,EC,BC
3677,158.4,90128,3803,ME,OC
3678,158.4,90129,1137,CS,BC
3679,158.4,90130,5914,CS,BC
3680,158.4,90132,4949,CS,BC
3681,158.4,90133,3806,CS,BC
3682,158.4,90134,2744,EC,OC
3683,158.4,90136,3908,CS,BC
3684,158.4,90137,3810,CS,BCM
3685,158.4,90142,2734,CS,SC
3686,158.4,90146,1405,EC,OC
3687,158.4,90147,4917,EE,OC
3688,158.4,90148,2620,TS,BC
3689,158.4,90149,5,CH,BC
3690,158.4,90152,2661,CS,BC
3691,158.4,90156,2713,IT,OC
3692,158.4,90157,2329,BM,BC
3693,158.4,90158,1523,IT,MBC
3694,158.4,90161,1316,AD,MBC
3695,158.4,90162,4955,EE,MBC
3696,158.4,90163,2702,SE,SC
3697,158.4,90168,4678,ME,MBC
3698,158.4,90169,5912,EC,OC
3699,158.4,90170,1202,IT,BC
3700,158.4,90172,3760,CS,OC
3701,158.4,90175,3461,EC,OC
3702,158.4,90176,3810,AG,BC
3703,158.4,90178,1207,EC,MBC
3704,158.4,90180,2776,CS,BC
3705,158.4,90184,2632,CS,OC
3706,158.4,90188,2636,EC,MBC
3707,158.4,90189,3805,EC,BC
3708,158.4,90193,2707,RM,SC
3709,158.4,90195,4992,CE,OC
3710,158.4,90197,3905,EC,OC
3711,158.4,90198,3466,EC,OC
3712,158.4,90199,1325,EC,SC
3713,158.4,90203,1431,CS,BC
3714,158.4,90205,1210,ME,MBC
3715,158.4,90208,1316,EE,BC
3716,158.4,90214,3829,IT,SC
3717,158.4,90215,2764,ME,BCM
3718,158.4,90218,2640,AD,OC
3719,158.4,90220,1408,CS,BC
3720,158.4,90221,2609,IT,MBC
3721,158.4,90222,2609,CS,BC
3722,158.4,90225,3833,ME,OC
3723,158.4,90226,4959,CE,OC
3724,158.4,90227,3833,EC,OC
3725,158.4,90230,3786,CS,SC
3726,158.4,90231,2769,CS,SCA
3727,158.4,90235,2741,CS,SC
3728,158.4,90238,2357,CS,SCA
3729,158.4,90239,4024,EC,MBC
3730,158.4,90242,2752,IT,SCA
3731,158.4,90243,2627,BT,SC
3732,158.4,90244,5865,CS,SC
3733,158.4,90247,4994,ME,OC
3734,158.4,90252,2632,CS,OC
3735,158.4,90255,1217,EC,MBC
3736,158.4,90258,5942,EC,OC
3737,158.4,90260,4023,CS,SC
3738,158.4,90263,2601,CS,SC
3739,158.4,90264,3843,ME,OC
3740,158.4,90266,2743,AD,BC
3741,158.4,90267,4672,CS,MBC
3742,158.4,90268,4023,EC,SC
3743,158.4,90269,3829,CS,MBC
3744,158.4,90270,4992,EC,OC
3745,158.4,90271,4944,EC,BC
3746,158.4,90273,1432,EC,SC
3747,158.4,90274,4680,CE,OC
3748,158.4,90276,2357,EC,MBC
3749,158.4,90279,1504,CE,OC
3750,158.4,90280,1422,MD,BCM
3751,158.4,90281,1202,CS,MBC
3752,158.4,90282,1237,AD,SC
3753,158.4,90283,4953,CS,BC
3754,158.4,90286,2607,CS,BCM
3755,158.4,90289,1225,EE,BCM
3756,158.4,90290,4670,AG,SC
3757,158.4,90293,2769,CS,BC
3758,158.4,90294,3410,CS,MBC
3759,158.4,90295,2345,AD,OC
3760,158.4,90296,2627,CS,OC
3761,158.4,90298,4675,CS,SC
3762,158.4,90299,4955,CE,OC
3763,158.4,90300,5832,EC,BC
3764,158.4,90303,2612,CS,OC
3765,158.4,90305,2721,CS,SC
3766,158.4,90308,2610,CY,BC
3767,158.4,90311,3018,EC,MBC
3768,158.4,90312,4989,IT,OC
3769,158.4,90314,1126,AD,MBC
3770,158.4,90315,4965,EE,OC
3771,158.4,90316,1420,IT,SC
3772,158.4,90317,5530,EE,BC
3773,158.4,90318,3425,CS,MBC
3774,158.4,90319,2625,ME,OC
3775,158.4,90324,2732,CS,OC
3776,158.4,90330,2636,EE,MBC
3777,158.4,90334,2713,EC,OC
3778,158.4,90336,2302,IT,BC
3779,158.4,90337,3833,CS,MBC
3780,158.4,90338,1106,IT,BCM
3781,158.4,90339,1408,CS,BC
3782,158.4,90341,2721,EC,SC
3783,158.4,90342,4934,EC,OC
3784,158.4,90344,2302,IT,BC
3785,158.4,90345,3806,CB,BCM
3786,158.4,90346,5907,EE,OC
3787,158.4,90347,1408,EC,MBC
3788,158.4,90348,1149,EC,SC
3789,158.3,90351,2707,AG,BC
3790,158.3,90353,3803,ME,OC
3791,158.3,90354,3918,CS,OC
3792,158.3,90357,3011,ME,SCA
3793,158.3,90358,2329,BM,SC
3794,158.3,90359,2623,EC,OC
3795,158.3,90362,2641,CS,OC
3796,158.3,90367,5022,ME,OC
3797,158.3,90368,1505,IT,BC
3798,158.3,90369,4670,EC,BC
3799,158.3,90370,4675,EC,OC
3800,158.3,90372,2749,CS,OC
3801,158.3,90375,4670,CE,OC
3802,158.3,90375,2704,MZ,BC
3803,158.3,90377,4967,CE,OC
3804,158.3,90379,1507,CS,SCA
3805,158.3,90381,2342,CS,BC
3806,158.3,90384,3410,CS,BC
3807,158.3,90386,1233,CE,OC
3808,158.3,90387,1202,IT,BC
3809,158.3,90389,3760,AD,BC
3810,158.3,90391,2618,AD,SCA
3811,158.3,90392,1233,AD,SC
3812,158.3,90396,1015,EE,MBC
3813,158.3,90397,1127,CS,SC
3814,158.3,90398,2739,CS,SC
3815,158.3,90402,2769,CS,BC
3816,158.3,90406,2751,ME,BC
3817,158.3,90407,2727,CE,OC
3818,158.3,90408,2618,EC,SC
3819,158.3,90410,2341,EC,OC
3820,158.3,90413,1420,AE,OC
3821,158.3,90414,2673,EC,OC
3822,158.3,90416,2643,CS,BC
3823,158.3,90417,4933,EC,OC
3824,158.3,90418,4983,ME,OC
3825,158.3,90419,3849,IT,OC
3826,158.3,90423,1014,EC,BCM
3827,158.3,90427,4957,ME,OC
3828,158.3,90432,5904,EE,BC
3829,158.3,90433,5862,CS,OC
3830,158.3,90434,2606,CS,MBC
3831,158.3,90435,2729,ME,OC
3832,158.3,90438,2647,EC,OC
3833,158.3,90439,2624,PH,OC
3834,158.3,90445,2743,AD,MBC
3835,158.3,90446,4670,EC,SC
3836,158.3,90447,2750,ME,BC
3837,158.3,90449,2639,IT,OC
3838,158.3,90451,2643,EC,OC
3839,158.3,90453,2613,ME,OC
3840,158.3,90455,1301,EC,MBC
3841,158.3,90456,3810,CS,BCM
3842,158.3,90458,2342,CE,OC
3843,158.3,90459,1434,CS,OC
3844,158.3,90460,1452,EC,BC
3845,158.3,90461,5919,CS,OC
3846,158.3,90462,2758,IT,OC
3847,158.3,90464,3425,EC,BC
3848,158.3,90465,5901,EE,SCA
3849,158.3,90468,4970,CS,BC
3850,158.3,90469,2606,CS,MBC
3851,158.3,90470,1306,ME,BC
3852,158.3,90472,2727,AG,BC
3853,158.3,90473,2614,CS,OC
3854,158.3,90475,2726,ME,BC
3855,158.3,90477,2702,MC,SC
3856,158.3,90481,4024,EC,SC
3857,158.3,90483,5,CH,BC
3858,158.3,90486,2617,CS,SC
3859,158.3,90487,2646,EE,OC
3860,158.3,90488,3810,CS,BCM
3861,158.3,90491,1319,IT,OC
3862,158.3,90492,3786,EC,OC
3863,158.3,90493,5990,CS,OC
3864,158.3,90494,2314,CS,MBC
3865,158.3,90495,1405,EE,OC
3866,158.3,90497,5990,ME,OC
3867,158.3,90498,4928,ME,OC
3868,158.3,90501,1210,CE,MBC
3869,158.3,90502,3786,CS,SC
3870,158.3,90505,3807,CS,BC
3871,158.3,90508,1114,IT,SC
3872,158.3,90510,4984,EC,OC
3873,158.3,90514,1216,AG,MBC
3874,158.3,90516,5911,CS,OC
3875,158.3,90519,5910,CE,BC
3876,158.3,90521,1408,IT,BCM
3877,158.3,90523,5988,ME,OC
3878,158.3,90525,3803,ME,OC
3879,158.3,90526,5942,CS,BC
3880,158.3,90528,2608,EE,MBC
3881,158.3,90529,2613,CS,SC
3882,158.2,90535,2755,AE,BC
3883,158.2,90537,3803,EE,BC
3884,158.2,90538,1207,EC,SC
3885,158.2,90540,4946,CS,MBC
3886,158.2,90543,2740,AE,BCM
3887,158.2,90545,2747,CS,OC
3888,158.2,90547,2329,BM,BC
3889,158.2,90548,1217,BT,SC
3890,158.2,90551,2710,ET,MBC
3891,158.2,90554,3817,EE,OC
3892,158.2,90555,2608,EE,SC
3893,158.2,90557,4981,ME,BC
3894,158.2,90560,1322,EC,OC
3895,158.2,90561,3786,EE,OC
3896,158.2,90564,1442,BM,BCM
3897,158.2,90565,3782,CS,OC
3898,158.2,90566,3830,ME,MBC
3899,158.2,90569,3456,CS,SC
3900,158.2,90570,4864,EE,OC
3901,158.2,90571,2607,AD,SCA
3902,158.2,90573,4994,EC,OC
3903,158.2,90574,4024,EE,SC
3904,158.2,90576,3805,CS,SC
3905,158.2,90577,2710,CE,MBC
3906,158.2,90580,3021,EE,BC
3907,158.2,90586,3795,CE,OC
3908,158.2,90587,2739,CS,SC
3909,158.2,90588,3018,EC,BC
3910,158.2,90590,4680,EC,MBC
3911,158.2,90592,2621,CS,BCM
3912,158.2,90593,1303,EC,BC
3913,158.2,90594,3908,CS,BC
3914,158.2,90596,1122,ME,BC
3915,158.2,90598,1509,EC,MBC
3916,158.2,90599,1412,CE,OC
3917,158.2,90601,2617,EC,OC
3918,158.2,90603,2636,CS,SC
3919,158.2,90604,4978,BM,OC
3920,158.2,90605,1120,ME,BC
3921,158.2,90607,1120,ME,BC
3922,158.2,90608,5904,ME,OC
3923,158.2,90613,2628,CS,BC
3924,158.2,90615,3857,CS,OC
3925,158.2,90616,1149,EC,SC
3926,158.2,90618,3811,CS,BC
3927,158.2,90620,1513,IT,BC
3928,158.2,90622,3801,IT,MBC
3929,158.2,90627,4964,MU,OC
3930,158.2,90629,3830,AL,MBC
3931,158.2,90632,1207,IT,BC
3932,158.2,90633,1303,CS,SC
3933,158.2,90634,1217,EC,BC
3934,158.2,90639,2632,CS,OC
3935,158.2,90642,1202,CS,BC
3936,158.2,90643,3810,AG,SC
3937,158.2,90646,2749,IT,BC
3938,158.2,90648,4980,CS,SCA
3939,158.2,90649,2601,EC,SC
3940,158.2,90652,2762,EC,BC
3941,158.2,90654,1231,CB,SC
3942,158.2,90655,2618,ME,MBC
3943,158.2,90656,2617,EC,OC
3944,158.2,90657,1412,IT,BC
3945,158.2,90658,5915,EC,OC
3946,158.2,90661,1519,CS,OC
3947,158.2,90662,2650,EC,OC
3948,158.2,90663,2624,BM,MBC
3949,158.2,90664,1233,EE,OC
3950,158.2,90665,2731,ME,OC
3951,158.2,90666,3760,AG,OC
3952,158.2,90667,3854,CS,OC
3953,158.2,90668,5862,CS,OC
3954,158.2,90670,3826,EC,SCA
3955,158.2,90671,3810,CS,MBC
3956,158.2,90674,3807,CS,BC
3957,158.2,90675,1106,CS,MBC
3958,158.2,90676,2747,ME,OC
3959,158.2,90679,2627,CS,OC
3960,158.2,90680,2707,CD,BC
3961,158.2,90681,1126,AG,OC
3962,158.2,90682,2609,EC,OC
3963,158.2,90686,1301,EE,MBC
3964,158.2,90690,2636,CS,BCM
3965,158.2,90694,4981,EE,OC
3966,158.2,90695,2741,EE,SCA
3967,158.2,90696,4981,EE,OC
3968,158.2,90697,1408,CS,BC
3969,158.2,90698,4957,IT,OC
3970,158.2,90699,3815,BT,BC
3971,158.2,90700,1412,IT,MBC
3972,158.2,90701,4670,EC,BC
3973,158.2,90703,2611,CH,OC
3974,158.2,90704,2610,BM,BC
3975,158.2,90705,3908,CS,BC
3976,158.2,90706,1202,CS,MBC
3977,158.2,90708,2636,EC,BC
3978,158.2,90710,4944,EE,OC
3979,158.2,90711,5022,ME,BC
3980,158.2,90712,2706,ME,BCM
3981,158.2,90713,3831,IT,OC
3982,158.2,90715,5530,EC,MBC
3983,158.2,90716,2357,CE,OC
3984,158.2,90717,1217,EC,MBC
3985,158.2,90722,5921,AD,MBC
3986,158.2,90723,4964,CS,MBC
3987,158.2,90724,2328,EE,BC
3988,158.2,90725,3806,BM,MBC
3989,158.2,90727,3804,CS,BC
3990,158.2,90728,2369,ME,SCA
3991,158.2,90729,3812,EC,OC
3992,158.2,90730,3803,ME,OC
3993,158.2,90735,4961,CS,OC
3994,158.2,90736,4670,CE,OC
3995,158.2,90738,3806,ME,OC
3996,158.2,90742,1210,ME,MBC
3997,158.2,90743,1207,AD,BCM
3998,158.2,90747,3410,EC,MBC
3999,158.2,90749,1126,AG,OC
4000,158.2,90752,4955,EE,BC
4001,158.2,90753,2636,AD,BC
4002,158.2,90756,2661,CS,BC
4003,158.2,90757,4933,CS,BC
4004,158.2,90758,2643,CS,MBC
4005,158.1,90760,5017,CS,SC
4006,158.1,90761,1114,EE,BC
4007,158.1,90763,1412,IT,MBC
4008,158.1,90766,2610,EC,SC
4009,158.1,90770,2609,CS,BC
4010,158.1,90773,2611,IT,SC
4011,158.1,90775,1421,ME,OC
4012,158.1,90776,2661,CS,BC
4013,158.1,90777,3829,IT,BCM
4014,158.1,90778,2711,AL,SC
4015,158.1,90779,2610,BT,BCM
4016,158.1,90780,4023,CE,BC
4017,158.1,90781,2704,CE,MBC
4018,158.1,90782,4978,BM,OC
4019,158.1,90785,3805,AG,BC
4020,158.1,90786,2731,EC,MBC
4021,158.1,90787,4864,EC,BC
4022,158.1,90788,2713,ME,OC
4023,158.1,90790,3454,BM,SC
4024,158.1,90791,1405,AD,MBC
4025,158.1,90794,1202,CS,SC
4026,158.1,90795,1106,IT,MBC
4027,158.1,90796,4965,CE,OC
4028,158.1,90798,1509,EC,MBC
4029,158.1,90799,2632,IT,OC
4030,158.1,90800,3830,ME,SC
4031,158.1,90802,2328,EE,BC
4032,158.1,90803,3803,ME,OC
4033,158.1,90805,1414,IT,SC
4034,158.1,90806,1317,EE,SC
4035,158.1,90808,1414,EC,BC
4036,158.1,90810,2715,AD,BCM
4037,158.1,90812,1512,ME,OC
4038,158.1,90813,5910,CE,MBC
4039,158.1,90819,2722,ME,MBC
4040,158.1,90820,4946,CS,BC
4041,158.1,90824,2611,AG,OC
4042,158.1,90826,4931,CS,BC
4043,158.1,90828,2713,EC,OC
4044,158.1,90831,1426,IT,OC
4045,158.1,90832,2719,EC,SCA
4046,158.1,90836,5911,CS,BC
4047,158.1,90839,2610,ME,OC
4048,158.1,90840,4969,CS,BC
4049,158.1,90841,1228,BM,MBC
4050,158.1,90842,2733,CS,OC
4051,158.1,90844,2752,EC,BC
4052,158.1,90845,2710,ET,MBC
4053,158.1,90847,3466,CS,OC
4054,158.1,90848,3826,EE,BC
4055,158.1,90850,3918,CS,OC
4056,158.1,90851,2727,AG,BC
4057,158.1,90853,5935,EC,OC
4058,158.1,90855,4672,CE,OC
4059,158.1,90869,2752,EC,MBC
4060,158.1,90871,2656,EC,SC
4061,158.1,90873,3795,ME,OC
4062,158.1,90874,2609,EC,OC
4063,158.1,90878,5915,CS,SC
4064,158.1,90880,1505,IT,BC
4065,158.1,90882,2613,IT,MBC
4066,158.1,90883,5862,CS,OC
4067,158.1,90886,1519,IT,OC
4068,158.1,90887,2732,CS,OC
4069,158.1,90888,2610,AD,MBC
4070,158.1,90889,2621,CS,MBC
4071,158.1,90897,2715,EE,BC
4072,158.1,90898,2620,BM,BC
4073,158.1,90902,3860,CS,OC
4074,158.1,90905,2702,ME,SC
4075,158.1,90908,4917,EE,OC
4076,158.1,90909,1325,CS,SC
4077,158.1,90911,2636,CE,OC
4078,158.1,90912,4980,CS,BC
4079,158.1,90917,4024,EE,SC
4080,158.1,90920,2734,ME,BC
4081,158.1,90921,2634,AE,OC
4082,158.1,90924,3825,CS,BC
4083,158.1,90925,3905,EC,OC
4084,158.1,90926,2329,XS,OC
4085,158.1,90929,1207,CS,MBC
4086,158.1,90930,2609,CS,BC
4087,158.1,90931,1216,MD,SC
4088,158.1,90932,4993,CS,BC
4089,158.1,90933,1149,EC,SC
4090,158.1,90934,1412,ME,OC
4091,158.1,90935,2711,ME,SC
4092,158.1,90936,1409,EC,MBC
4093,158.1,90937,2767,BM,OC
4094,158.1,90938,3805,CS,MBC
4095,158.1,90941,2711,EC,SC
4096,158.1,90943,3760,CS,OC
4097,158.1,90944,5022,EC,SC
4098,158.1,90946,1431,IT,BC
4099,158.1,90954,2769,FD,OC
4100,158.1,90955,3812,IT,BC
4101,158.1,90958,1523,CS,BC
4102,158.1,90961,2721,EE,OC
4103,158.1,90962,1137,CS,SC
4104,158.1,90963,5912,CS,OC
4105,158.1,90964,1411,CS,BC
4106,158.1,90965,2642,CS,MBC
4107,158.0,90967,5536,AG,BC
4108,158.0,90968,2708,ME,BC
4109,158.0,90969,2618,ME,MBC
4110,158.0,90973,1015,ME,OC
4111,158.0,90977,1216,EE,SC
4112,158.0,90978,2634,CS,MBC
4113,158.0,90980,1322,EC,OC
4114,158.0,90982,4992,CS,BC
4115,158.0,90984,3804,CS,BC
4116,158.0,90985,2718,MZ,SC
4117,158.0,90988,2763,EC,OC
4118,158.0,90989,3817,CS,MBC
4119,158.0,90990,1303,BT,SC
4120,158.0,90991,1231,EC,SC
4121,158.0,90994,2734,EE,SCA
4122,158.0,90995,3826,IT,MBC
4123,158.0,90997,2657,CS,MBC
4124,158.0,90998,1216,CH,MBC
4125,158.0,91002,4989,CS,SC
4126,158.0,91004,3021,EE,BCM
4127,158.0,91005,3920,AD,OC
4128,158.0,91007,2721,IC,BC
4129,158.0,91008,2621,IT,BC
4130,158.0,91010,2624,CS,MBC
4131,158.0,91011,1158,MR,OC
4132,158.0,91014,1412,CS,BC
4133,158.0,91015,1309,EE,SC
4134,158.0,91019,1230,EC,OC
4135,158.0,91022,4992,ME,OC
4136,158.0,91023,4969,ME,OC
4137,158.0,91024,2708,MZ,BCM
4138,158.0,91026,3760,AG,OC
4139,158.0,91027,3806,CB,BC
4140,158.0,91028,3018,EC,BC
4141,158.0,91029,2609,CY,MBC
4142,158.0,91030,5986,IT,SC
4143,158.0,91035,3826,CE,OC
4144,158.0,91038,2715,ME,OC
4145,158.0,91039,2708,MZ,MBC
4146,158.0,91040,1114,EE,MBC
4147,158.0,91042,2776,CS,BC
4148,158.0,91043,2628,CS,MBC
4149,158.0,91044,1301,CS,SC
4150,158.0,91045,3825,CS,BC
4151,158.0,91046,2707,BM,BC
4152,158.0,91047,2620,TS,SCA
4153,158.0,91048,1322,EC,OC
4154,158.0,91049,2609,FD,OC
4155,158.0,91050,5530,EE,BC
4156,158.0,91051,2658,CS,OC
4157,158.0,91052,2624,FD,OC
4158,158.0,91054,2622,CH,BC
4159,158.0,91055,3806,EC,OC
4160,158.0,91056,4917,EC,MBC
4161,158.0,91070,4993,BM,BC
4162,158.0,91073,1120,EC,SC
4163,158.0,91074,2632,ME,OC
4164,158.0,91079,1149,ME,BCM
4165,158.0,91082,1216,CE,BC
4166,158.0,91084,1306,ME,MBC
4167,158.0,91085,1217,BM,OC
4168,158.0,91088,2764,CE,MBC
4169,158.0,91091,2632,CS,OC
4170,158.0,91094,4917,CS,SC
4171,158.0,91098,2657,EC,OC
4172,158.0,91103,4993,CS,BC
4173,158.0,91105,2734,AD,SC
4174,158.0,91106,1106,CS,BC
4175,158.0,91107,2734,MO,OC
4176,158.0,91108,5930,ME,OC
4177,158.0,91109,2632,IT,OC
4178,158.0,91110,5904,EE,BC
4179,158.0,91111,1110,CS,SC
4180,158.0,91114,1118,CB,SC
4181,158.0,91120,1317,CH,SC
4182,158.0,91121,1317,ME,SC
4183,158.0,91122,2702,CE,SC
4184,158.0,91125,1311,FT,BC
4185,158.0,91126,1424,CS,BC
4186,158.0,91128,3841,EC,BC
4187,158.0,91131,2731,EC,BC
4188,158.0,91132,1412,CS,BC
4189,158.0,91136,1401,CH,OC
4190,158.0,91138,3016,EE,OC
4191,158.0,91141,2622,CS,MBC
4192,158.0,91144,1303,EC,SC
4193,158.0,91145,1304,AU,SC
4194,158.0,91149,1409,BT,BC
4195,158.0,91152,2329,BM,BC
4196,158.0,91155,1216,CE,BC
4197,158.0,91161,1216,EC,SC
4198,158.0,91165,1113,EC,SCA
4199,158.0,91167,3830,ME,MBC
4200,158.0,91176,1408,CS,BC
4201,158.0,91181,2708,AE,SC
4202,158.0,91186,4024,EE,SC
4203,158.0,91192,4972,EC,OC
4204,158.0,91194,2736,AD,MBC
4205,158.0,91207,2702,CB,SC
4206,158.0,91221,2608,ME,BC
4207,158.0,91222,1114,CS,SC
4208,158.0,91236,2634,CS,MBC
4209,158.0,91249,1122,EC,SC
4210,158.0,91254,2609,EE,OC
4211,158.0,91255,1325,EC,SC
4212,158.0,91256,4023,EE,MBC
4213,158.0,91257,2608,EC,SC
4214,158.0,91258,2642,CS,BC
4215,158.0,91259,3016,ME,OC
4216,158.0,91261,2726,ME,BC
4217,158.0,91262,1420,ME,OC
4218,158.0,91263,1421,CS,MBC
4219,158.0,91264,1520,CS,MBC
4220,158.0,91266,4959,BT,BCM
4221,158.0,91267,4680,EE,SC
4222,158.0,91268,2627,CS,OC
4223,158.0,91271,3011,ME,ST
4224,158.0,91273,2357,CS,SC
4225,158.0,91274,3806,EE,OC
4226,158.0,91275,4933,EE,OC
4227,158.0,91276,2769,CS,BC
4228,158.0,91279,1225,EE,MBC
4229,158.0,91280,2707,CD,BC
4230,158.0,91281,2302,EC,OC
4231,158.0,91282,2722,EC,SC
4232,158.0,91283,1225,ME,BC
4233,158.0,91284,3806,CS,BC
4234,158.0,91286,4993,BM,SC
4235,158.0,91288,1441,EC,OC
4236,158.0,91292,4969,ME,OC
4237,158.0,91293,2659,BM,OC
4238,158.0,91295,3810,IT,MBC
4239,158.0,91296,2624,PH,OC
4240,158.0,91298,2719,ME,SC
4241,158.0,91300,2750,ME,BC
4242,158.0,91302,2744,CE,OC
4243,158.0,91303,2704,ME,BC
4244,158.0,91304,5910,CE,MBC
4245,158.0,91307,1401,EC,OC
4246,158.0,91309,1127,AE,OC
4247,158.0,91314,2621,IT,BC
4248,158.0,91316,5536,CS,BC
4249,158.0,91318,2607,EE,MBC
4250,158.0,91319,2623,EC,OC
4251,158.0,91321,1413,CS,BCM
4252,158.0,91322,2665,CS,OC
4253,158.0,91324,1114,EE,BC
4254,158.0,91325,2707,AD,MBC
4255,158.0,91328,2338,CS,OC
4256,158.0,91329,2716,CS,MBC
4257,158.0,91330,2628,CS,MBC
4258,158.0,91331,5022,CE,OC
4259,158.0,91333,2715,EE,MBC
4260,158.0,91334,2610,EE,OC
4261,158.0,91336,2726,AU,OC
4262,158.0,91337,4957,ME,OC
4263,158.0,91343,3860,ME,OC
4264,158.0,91344,3782,CS,OC
4265,158.0,91350,2646,EC,OC
4266,158.0,91351,1241,CS,SC
4267,158.0,91353,5022,CE,OC
4268,158.0,91354,1426,IT,OC
4269,158.0,91355,3860,CS,OC
4270,158.0,91358,4961,EC,OC
4271,158.0,91361,4670,ME,OC
4272,158.0,91366,2632,CS,OC
4273,158.0,91368,5907,EC,OC
4274,158.0,91370,2653,EC,SC
4275,158.0,91371,5986,EE,SC
4276,158.0,91373,1140,AD,SC
4277,158.0,91377,2776,MZ,OC
4278,158.0,91379,2711,IT,SCA
4279,158.0,91379,2345,CS,BC
4280,158.0,91380,1523,CS,BC
4281,158.0,91383,1419,EE,SC
4282,158.0,91384,1303,EC,SCA
4283,158.0,91386,1505,IT,BC
4284,158.0,91387,5910,CE,MBC
4285,158.0,91389,2707,BM,BC
4286,158.0,91390,2776,CS,BC
4287,157.9,91391,2707,EC,BC
4288,157.9,91392,2729,EE,OC
4289,157.9,91393,2610,ME,OC
4290,157.9,91396,1414,EE,MBC
4291,157.9,91397,2630,ME,OC
4292,157.9,91401,2711,AL,SC
4293,157.9,91404,1219,MR,SC
4294,157.9,91405,4994,EE,OC
4295,157.9,91406,3805,AG,BC
4296,157.9,91407,2651,EC,MBC
4297,157.9,91411,2613,IT,MBC
4298,157.9,91415,1115,AD,BC
4299,157.9,91416,1122,EC,SC
4300,157.9,91419,3826,AG,SC
4301,157.9,91420,1124,MR,BC
4302,157.9,91422,5022,EC,SC
4303,157.9,91424,3782,CS,BC
4304,157.9,91426,1207,RM,OC
4305,157.9,91427,3806,CB,BC
4306,157.9,91429,3825,CS,BC
4307,157.9,91431,5,ME,BC
4308,157.9,91433,1408,CS,BC
4309,157.9,91434,2715,AD,SC
4310,157.9,91435,4975,CS,OC
4311,157.9,91436,2727,CS,SC
4312,157.9,91439,2758,CS,SC
4313,157.9,91440,4955,EE,MBC
4314,157.9,91441,2620,TS,BC
4315,157.9,91442,1207,EC,MBC
4316,157.9,91446,1149,EC,SC
4317,157.9,91447,5988,EC,OC
4318,157.9,91454,3805,CH,OC
4319,157.9,91455,1409,BM,SC
4320,157.9,91456,1452,CS,SC
4321,157.9,91456,2634,AD,BC
4322,157.9,91458,2617,CS,BC
4323,157.9,91460,2702,CE,SC
4324,157.9,91463,2609,IT,BC
4325,157.9,91464,1303,AD,SC
4326,157.9,91465,4953,IT,OC
4327,157.9,91469,3841,EC,BC
4328,157.9,91473,2747,CS,MBC
4329,157.9,91475,4993,EC,OC
4330,157.9,91477,3425,EC,SC
4331,157.9,91479,4670,EC,BC
4332,157.9,91480,4917,EE,OC
4333,157.9,91482,3461,CS,OC
4334,157.9,91483,3815,CS,BC
4335,157.9,91485,2719,ME,MBC
4336,157.9,91488,3805,IT,SC
4337,157.9,91489,2634,AD,MBC
4338,157.9,91490,1426,IT,OC
4339,157.9,91493,2776,CS,SC
4340,157.9,91494,4969,CS,BC
4341,157.9,91497,4944,CS,MBC
4342,157.9,91503,2729,CS,SC
4343,157.9,91504,2636,EC,BC
4344,157.9,91506,4676,EE,OC
4345,157.9,91508,5532,CS,SCA
4346,157.9,91510,5022,XC,OC
4347,157.9,91514,2609,CS,BC
4348,157.9,91515,2705,EC,OC
4349,157.9,91519,4678,CS,MBC
4350,157.9,91520,4974,EC,SCA
4351,157.9,91521,3806,CS,BC
4352,157.9,91522,1405,AD,MBC
4353,157.9,91523,2625,CS,OC
4354,157.9,91529,2608,EC,MBC
4355,157.9,91530,4917,EE,OC
4356,157.9,91531,1110,AD,MBC
4357,157.9,91536,1405,CS,MBC
4358,157.9,91537,1229,CS,OC
4359,157.9,91539,4931,EC,OC
4360,157.9,91540,2769,AD,BC
4361,157.9,91543,2750,AD,SCA
4362,157.9,91548,5022,EE,BC
4363,157.9,91549,1207,IT,BC
4364,157.9,91550,2625,ME,OC
4365,157.9,91552,3860,EC,OC
4366,157.9,91559,2350,CS,OC
4367,157.9,91562,1233,EE,OC
4368,157.9,91563,4957,CS,SC
4369,157.9,91565,3011,AU,MBC
4370,157.9,91566,2736,EC,MBC
4371,157.9,91567,2609,IT,BC
4372,157.9,91569,2651,AD,BC
4373,157.9,91570,1420,IT,SC
4374,157.9,91572,2726,ME,BC
4375,157.9,91574,2755,AG,SCA
4376,157.9,91576,4670,ME,OC
4377,157.9,91578,1237,IT,SC
4378,157.9,91579,4978,BM,OC
4379,157.9,91580,2622,CS,SC
4380,157.9,91581,1322,AE,OC
4381,157.9,91583,4984,EE,OC
4382,157.9,91584,2776,CS,SCA
4383,157.9,91588,2749,CS,OC
4384,157.9,91590,1316,BM,SC
4385,157.9,91596,5904,ME,OC
4386,157.8,91597,3830,EC,MBC
4387,157.8,91599,3830,EC,MBC
4388,157.8,91600,2634,EC,OC
4389,157.8,91604,1405,CS,MBC
4390,157.8,91606,4934,CS,BC
4391,157.8,91613,2653,CS,SC
4392,157.8,91614,4669,EC,BC
4393,157.8,91615,2342,ME,OC
4394,157.8,91618,2734,EC,SCA
4395,157.8,91621,2715,EE,BC
4396,157.8,91622,1412,CS,SC
4397,157.8,91624,2733,FT,OC
4398,157.8,91625,1123,IT,OC
4399,157.8,91626,2608,EC,SCA
4400,157.8,91627,2749,AD,OC
4401,157.8,91628,2747,CS,MBC
4402,157.8,91630,3016,ME,OC
4403,157.8,91631,2711,EC,SCA
4404,157.8,91632,4670,CE,BC
4405,157.8,91634,3805,EC,BC
4406,157.8,91635,2639,IT,OC
4407,157.8,91636,5703,CS,OC
4408,157.8,91637,4024,EC,MBC
4409,157.8,91638,3760,CS,OC
4410,157.8,91639,1401,CS,BC
4411,157.8,91641,2646,EC,OC
4412,157.8,91642,1414,ME,SC
4413,157.8,91644,2726,AU,OC
4414,157.8,91645,2634,AD,BC
4415,157.8,91647,2661,CS,BCM
4416,157.8,91650,4993,ME,OC
4417,157.8,91651,4953,ME,OC
4418,157.8,91653,2345,CE,OC
4419,157.8,91654,2731,PD,OC
4420,157.8,91656,1427,CS,BC
4421,157.8,91658,1412,EE,OC
4422,157.8,91659,1509,ME,OC
4423,157.8,91667,2651,EE,OC
4424,157.8,91668,2657,CS,BC
4425,157.8,91671,3425,EE,MBC
4426,157.8,91677,1122,ME,BC
4427,157.8,91678,2745,EC,OC
4428,157.8,91679,1319,IT,OC
4429,157.8,91680,1504,EE,BC
4430,157.8,91683,1322,AG,MBC
4431,157.8,91686,1120,AU,BC
4432,157.8,91688,2356,EE,OC
4433,157.8,91693,2739,AD,SC
4434,157.8,91695,3016,EC,MBC
4435,157.8,91696,3826,ME,OC
4436,157.8,91697,1120,CE,OC
4437,157.8,91700,4992,CS,BC
4438,157.8,91701,4024,GI,BC
4439,157.8,91703,3820,CS,OC
4440,157.8,91707,4953,ME,OC
4441,157.8,91709,2302,BM,OC
4442,157.8,91710,2632,CS,OC
4443,157.8,91712,3908,CS,MBC
4444,157.8,91716,2636,EC,MBC
4445,157.8,91718,2628,BM,OC
4446,157.8,91719,1113,CS,SCA
4447,157.8,91721,4955,ME,OC
4448,157.8,91724,1503,IT,OC
4449,157.8,91726,1303,EE,OC
4450,157.8,91731,2702,BM,SC
4451,157.8,91735,2618,ME,MBC
4452,157.8,91736,2607,EE,MBC
4453,157.8,91738,5862,CS,OC
4454,157.8,91739,1431,CS,SCA
4455,157.8,91740,2661,CE,OC
4456,157.8,91742,2347,EE,OC
4457,157.8,91743,1137,CS,MBC
4458,157.8,91746,2627,CS,OC
4459,157.8,91748,1408,EE,OC
4460,157.8,91751,3810,ME,OC
4461,157.8,91755,4928,EC,BC
4462,157.8,91756,4952,EE,OC
4463,157.8,91757,3786,MZ,OC
4464,157.8,91758,2623,EC,OC
4465,157.8,91759,4981,EE,OC
4466,157.8,91762,4944,CS,MBC
4467,157.8,91763,3466,EE,OC
4468,157.8,91764,3011,CE,SCA
4469,157.8,91766,5832,EC,MBC
4470,157.8,91767,4980,CS,MBC
4471,157.8,91768,3425,ME,OC
4472,157.8,91770,2610,EC,MBC
4473,157.8,91771,3782,CS,BC
4474,157.8,91774,4672,ME,OC
4475,157.8,91776,1217,FD,SC
4476,157.8,91777,5862,CS,OC
4477,157.8,91779,2707,AD,MBC
4478,157.8,91780,1225,EE,BC
4479,157.8,91785,2762,EC,MBC
4480,157.8,91786,2744,ME,OC
4481,157.8,91788,2607,EE,MBC
4482,157.8,91793,1431,EE,OC
4483,157.8,91795,1319,CS,OC
4484,157.8,91796,1238,EC,MBC
4485,157.8,91797,5,MM,OC
4486,157.8,91798,2613,EE,MBC
4487,157.8,91799,5530,EE,MBC
4488,157.8,91802,5912,EE,OC
4489,157.8,91803,2707,CH,OC
4490,157.8,91807,2707,EC,BC
4491,157.8,91812,2708,AE,SC
4492,157.8,91813,2752,EC,BC
4493,157.8,91816,1424,AD,BC
4494,157.8,91817,5930,CS,OC
4495,157.8,91819,5910,IT,MBC
4496,157.8,91820,4962,EC,SC
4497,157.8,91821,1304,AU,MBC
4498,157.8,91822,5904,ME,OC
4499,157.8,91823,4957,CS,BC
4500,157.8,91829,4945,CS,OC
4501,157.8,91830,1210,ME,MBC
4502,157.8,91831,1015,ME,OC
4503,157.8,91832,3817,BT,OC
4504,157.8,91833,1015,EE,BCM
4505,157.8,91834,4929,CS,OC
4506,157.8,91835,2729,EE,OC
4507,157.8,91836,2702,EC,SC
4508,157.8,91838,1510,EC,OC
4509,157.8,91839,2710,EC,SC
4510,157.8,91840,2613,ME,OC
4511,157.8,91841,2733,FT,OC
4512,157.8,91846,5,ME,SC
4513,157.8,91848,2621,CS,MBC
4514,157.7,91850,1311,ME,MBC
4515,157.7,91851,5,CH,SC
4516,157.7,91852,1523,EC,OC
4517,157.7,91854,3016,CE,OC
4518,157.7,91855,1424,RM,OC
4519,157.7,91856,2750,AE,BC
4520,157.7,91857,3803,IT,MBC
4521,157.7,91858,3841,ME,OC
4522,157.7,91861,1405,AD,BC
4523,157.7,91862,5862,CS,MBC
4524,157.7,91863,2609,ME,OC
4525,157.7,91864,2708,MZ,MBC
4526,157.7,91865,3806,EC,OC
4527,157.7,91866,5910,CE,BCM
4528,157.7,91868,1411,IT,OC
4529,157.7,91869,5536,CS,SC
4530,157.7,91872,3021,EE,BC
4531,157.7,91873,3410,EE,OC
4532,157.7,91874,2734,MO,OC
4533,157.7,91875,1441,EE,OC
4534,157.7,91878,4917,BT,OC
4535,157.7,91879,5832,EC,BC
4536,157.7,91880,4967,CS,OC
4537,157.7,91881,5862,CS,SC
4538,157.7,91882,3462,ME,OC
4539,157.7,91884,3829,IT,SC
4540,157.7,91888,5904,EE,BC
4541,157.7,91889,1420,ME,OC
4542,157.7,91890,4670,ME,OC
4543,157.7,91891,3843,CS,BC
4544,157.7,91893,5907,CS,BC
4545,157.7,91895,1122,ME,BC
4546,157.7,91898,4976,AE,OC
4547,157.7,91899,2611,MC,OC
4548,157.7,91903,3805,BM,MBC
4549,157.7,91906,1319,IT,OC
4550,157.7,91907,1419,EE,SC
4551,157.7,91908,2630,ME,OC
4552,157.7,91909,1414,EC,MBC
4553,157.7,91910,1013,ME,SC
4554,157.7,91911,2653,AD,MBC
4555,157.7,91912,4974,EC,SCA
4556,157.7,91913,3848,CS,OC
4557,157.7,91914,2721,ME,OC
4558,157.7,91916,2729,EC,MBC
4559,157.7,91919,2715,CH,OC
4560,157.7,91923,2623,EC,OC
4561,157.7,91924,4953,CS,BC
4562,157.7,91927,1322,EE,OC
4563,157.7,91929,1207,CS,SC
4564,157.7,91930,4676,EC,MBC
4565,157.7,91932,1509,IT,SC
4566,157.7,91936,1509,EC,SC
4567,157.7,91937,4992,CS,BC
4568,157.7,91939,3810,IT,SC
4569,157.7,91940,2776,CS,BCM
4570,157.7,91944,2634,CS,MBC
4571,157.7,91947,2642,EE,OC
4572,157.7,91950,4959,EC,SC
4573,157.7,91952,2329,BM,MBC
4574,157.7,91955,3825,CS,MBC
4575,157.7,91956,3806,EC,OC
4576,157.7,91960,2715,EE,BC
4577,157.7,91963,3920,CS,OC
4578,157.7,91966,2661,CS,BC
4579,157.7,91967,1427,CS,MBC
4580,157.7,91968,2636,AD,MBC
4581,157.7,91971,2343,HT,ST
4582,157.7,91972,5703,IT,MBC
4583,157.7,91974,2628,CS,BC
4584,157.7,91975,2314,AG,OC
4585,157.7,91977,1412,EC,OC
4586,157.7,91979,1114,EC,SC
4587,157.7,91981,1303,EC,MBC
4588,157.7,91987,2611,ME,OC
4589,157.7,91988,2747,CS,MBC
4590,157.7,91990,5912,EC,OC
4591,157.7,91991,5536,CS,BC
4592,157.7,91993,1110,EC,MBC
4593,157.7,91994,4943,CS,OC
4594,157.7,91996,2610,EC,BC
4595,157.7,91997,5910,CE,BC
4596,157.7,92003,2752,IT,MBC
4597,157.7,92007,1431,ME,OC
4598,157.7,92009,1408,EE,OC
4599,157.7,92011,1226,CS,MBC
4600,157.7,92012,2736,ME,OC
4601,157.7,92013,3795,EC,MBC
4602,157.7,92014,1013,ME,BC
4603,157.7,92017,2749,AD,OC
4604,157.7,92019,2327,CS,OC
4605,157.7,92025,2743,AD,BC
4606,157.7,92026,1412,EC,OC
4607,157.7,92028,1427,CS,BC
4608,157.7,92031,3815,EC,OC
4609,157.7,92032,4928,EE,OC
4610,157.7,92033,3843,EC,OC
4611,157.7,92035,5832,EC,BC
4612,157.7,92036,5915,CE,OC
4613,157.7,92040,4993,RM,OC
4614,157.7,92044,2729,EE,OC
4615,157.7,92048,1228,ME,OC
4616,157.7,92049,3803,EE,BC
4617,157.7,92050,2618,CE,BC
4618,157.6,92053,4670,ME,OC
4619,157.6,92055,3803,ME,OC
4620,157.6,92056,3806,CS,BC
4621,157.6,92057,3782,CS,MBC
4622,157.6,92059,1114,EE,MBC
4623,157.6,92060,5865,EC,OC
4624,157.6,92063,1123,IT,BC
4625,157.6,92064,4960,BM,SC
4626,157.6,92066,1233,EC,MBC
4627,157.6,92067,2609,CS,BC
4628,157.6,92068,2627,EC,OC
4629,157.6,92069,1225,EC,SC
4630,157.6,92070,1212,CS,BC
4631,157.6,92071,4954,EE,MBC
4632,157.6,92074,2770,EC,OC
4633,157.6,92075,2741,CE,OC
4634,157.6,92076,3804,CS,SC
4635,157.6,92077,2609,IT,MBC
4636,157.6,92079,2702,EC,SC
4637,157.6,92082,3803,EE,BC
4638,157.6,92083,2608,ME,BC
4639,157.6,92086,1014,CE,MBC
4640,157.6,92087,2712,FT,SCA
4641,157.6,92088,2751,IT,MBC
4642,157.6,92089,4994,EC,OC
4643,157.6,92093,2602,MD,OC
4644,157.6,92096,2610,EC,BC
4645,157.6,92097,2347,AG,SCA
4646,157.6,92098,3908,CS,MBC
4647,157.6,92099,4966,CS,BC
4648,157.6,92102,5,EI,MBC
4649,157.6,92103,2707,AD,SCA
4650,157.6,92106,2627,EC,OC
4651,157.6,92108,4023,ME,SC
4652,157.6,92109,5,MM,OC
4653,157.6,92110,2609,AO,OC
4654,157.6,92112,4680,EC,BC
4655,157.6,92114,1441,CS,OC
4656,157.6,92120,1123,EC,OC
4657,157.6,92123,3425,ME,OC
4658,157.6,92128,2622,EE,SC
4659,157.6,92131,2329,CS,MBC
4660,157.6,92132,2719,EC,ST
4661,157.6,92133,1407,CS,BC
4662,157.6,92134,1233,CE,OC
4663,157.6,92136,2646,EC,OC
4664,157.6,92137,2762,CS,BCM
4665,157.6,92138,5536,AG,BC
4666,157.6,92139,1202,CS,BC
4667,157.6,92140,3817,CS,SC
4668,157.6,92141,1218,CS,MBC
4669,157.6,92147,5017,EC,MBC
4670,157.6,92148,2752,CS,MBC
4671,157.6,92149,3016,ME,OC
4672,157.6,92151,5910,CB,MBC
4673,157.6,92153,1303,EC,BC
4674,157.6,92155,2347,ME,OC
4675,157.6,92157,5703,CS,BC
4676,157.6,92158,1409,EC,BC
4677,157.6,92163,3805,BM,MBC
4678,157.6,92164,1114,CS,SC
4679,157.6,92165,1452,EC,MBC
4680,157.6,92166,3826,AG,MBC
4681,157.6,92170,2741,CS,MBC
4682,157.6,92176,3456,BM,OC
4683,157.6,92179,1408,CS,BC
4684,157.6,92180,1412,EC,OC
4685,157.6,92181,5017,EC,BC
4686,157.6,92183,3830,CS,SCA
4687,157.6,92184,2715,BM,BC
4688,157.6,92185,2763,CS,MBC
4689,157.6,92186,1120,EC,SC
4690,157.6,92187,5530,EC,MBC
4691,157.6,92188,3410,CS,SC
4692,157.6,92189,2708,AU,OC
4693,157.6,92190,2607,EE,MBC
4694,157.6,92192,3810,IT,SC
4695,157.6,92196,3786,CS,SC
4696,157.6,92198,2622,AD,SC
4697,157.6,92199,2752,EE,OC
4698,157.6,92200,2621,EC,BC
4699,157.6,92201,2743,AG,SC
4700,157.6,92204,2636,EE,MBC
4701,157.6,92205,3811,EC,OC
4702,157.6,92207,1525,CS,OC
4703,157.6,92209,2620,CS,SC
4704,157.6,92213,2744,IT,MBC
4705,157.6,92214,3786,AE,OC
4706,157.6,92215,3807,IT,SC
4707,157.6,92216,1452,EC,MBC
4708,157.6,92217,1430,EC,OC
4709,157.6,92219,1106,CS,BC
4710,157.6,92220,1408,EC,MBC
4711,157.6,92221,3805,EC,BC
4712,157.6,92227,4023,EE,BCM
4713,157.6,92228,2734,CS,SC
4714,157.6,92232,2609,EE,OC
4715,157.6,92233,1501,CS,BC
4716,157.6,92234,3918,EE,OC
4717,157.6,92235,1307,EC,SC
4718,157.6,92242,2650,EC,OC
4719,157.6,92243,3817,BT,OC
4720,157.6,92246,2650,CS,OC
4721,157.6,92248,4993,AG,OC
4722,157.6,92252,2620,BM,BC
4723,157.6,92255,2651,EC,MBC
4724,157.6,92256,1304,ME,MBC
4725,157.6,92257,4965,EE,OC
4726,157.6,92258,4955,CE,SC
4727,157.6,92259,2721,CE,OC
4728,157.6,92260,1149,EC,SC
4729,157.6,92261,5832,EC,BC
4730,157.6,92262,2755,FD,MBC
4731,157.6,92264,3462,CS,OC
4732,157.6,92268,4917,EE,OC
4733,157.6,92268,2707,ME,BC
4734,157.6,92269,2729,MZ,BC
4735,157.6,92270,4980,EC,BC
4736,157.6,92273,1408,CS,BC
4737,157.6,92276,1013,ME,SC
4738,157.6,92280,1133,CS,OC
4739,157.6,92281,3815,CS,BC
4740,157.6,92282,1322,EC,OC
4741,157.6,92284,4944,AD,BC
4742,157.6,92287,1122,EC,SC
4743,157.6,92288,2719,ME,SC
4744,157.5,92293,1318,CS,OC
4745,157.5,92294,5017,EC,MBC
4746,157.5,92295,5865,CE,OC
4747,157.5,92296,2622,IT,SC
4748,157.5,92298,1126,AG,OC
4749,157.5,92300,2741,ME,BC
4750,157.5,92301,1122,ME,MBC
4751,157.5,92302,4959,BT,MBC
4752,157.5,92303,2607,MZ,MBC
4753,157.5,92304,3826,CE,OC
4754,157.5,92305,2729,AE,MBC
4755,157.5,92307,1408,IT,BC
4756,157.5,92308,2752,IT,SCA
4757,157.5,92309,3461,CS,OC
4758,157.5,92311,2621,EE,BC
4759,157.5,92312,2743,BM,OC
4760,157.5,92313,2314,CS,MBC
4761,157.5,92314,2627,CS,OC
4762,157.5,92316,5,CE,BC
4763,157.5,92317,5536,EC,BC
4764,157.5,92318,2657,CS,SCA
4765,157.5,92320,2653,EE,MBC
4766,157.5,92323,5530,EE,BC
4767,157.5,92324,2613,EC,MBC
4768,157.5,92326,5915,CS,SC
4769,157.5,92328,2347,EE,OC
4770,157.5,92329,1510,CS,OC
4771,157.5,92331,2653,EC,BCM
4772,157.5,92335,1216,EC,SC
4773,157.5,92339,1402,CS,OC
4774,157.5,92340,2630,CS,MBC
4775,157.5,92341,2707,EC,BC
4776,157.5,92342,3825,CS,BC
4777,157.5,92346,2624,AD,OC
4778,157.5,92348,4024,EE,MBC
4779,157.5,92350,5907,IT,BC
4780,157.5,92353,2601,CS,SC
4781,157.5,92354,1211,EC,SCA
4782,157.5,92356,5532,CS,SC
4783,157.5,92358,4957,EC,OC
4784,157.5,92360,1505,EC,OC
4785,157.5,92361,2715,EE,BC
4786,157.5,92367,3019,ME,OC
4787,157.5,92369,4975,CS,OC
4788,157.5,92372,3016,EE,OC
4789,157.5,92373,2338,BM,OC
4790,157.5,92374,3811,CS,BC
4791,157.5,92375,3826,EE,MBC
4792,157.5,92376,2329,BM,BC
4793,157.5,92380,3011,PC,SC
4794,157.5,92384,1401,EC,OC
4795,157.5,92385,3806,CS,BC
4796,157.5,92386,3825,CS,MBC
4797,157.5,92387,2715,BM,MBC
4798,157.5,92392,2726,AU,OC
4799,157.5,92397,2727,BM,MBC
4800,157.5,92401,4960,CE,SC
4801,157.5,92410,1316,MZ,OC
4802,157.5,92415,2354,EC,OC
4803,157.5,92420,3810,CS,BC
4804,157.5,92422,2632,ME,OC
4805,157.5,92423,2750,ME,BC
4806,157.5,92425,1319,CS,OC
4807,157.5,92431,3701,CE,MBC
4808,157.5,92435,1414,EE,BC
4809,157.5,92440,1306,ME,BC
4810,157.5,92444,1110,EC,MBC
4811,157.5,92448,1238,EC,MBC
4812,157.5,92450,2706,IT,SC
4813,157.5,92456,1405,EC,OC
4814,157.5,92457,1127,CS,MBC
4815,157.5,92460,1424,CS,MBC
4816,157.5,92461,1110,BT,MBC
4817,157.5,92472,1149,EC,SC
4818,157.5,92488,1419,EI,SC
4819,157.5,92489,2617,CS,BC
4820,157.5,92493,1106,CS,BC
4821,157.5,92494,1509,CS,SC
4822,157.5,92502,1207,CS,BC
4823,157.5,92503,1114,EC,MBC
4824,157.5,92517,1520,IT,BC
4825,157.5,92519,1126,BM,MBC
4826,157.5,92528,1149,EC,SC
4827,157.5,92531,2710,TS,SC
4828,157.5,92532,1419,EI,SC
4829,157.5,92534,2711,EC,SC
4830,157.5,92539,4971,CE,OC
4831,157.5,92542,2744,IT,SC
4832,157.5,92543,2643,EC,OC
4833,157.5,92548,3018,ME,OC
4834,157.5,92551,2601,BM,BC
4835,157.5,92552,5915,CS,BC
4836,157.5,92553,5017,EC,SC
4837,157.5,92554,2639,CS,MBC
4838,157.5,92555,3805,RM,OC
4839,157.5,92556,1313,CS,OC
4840,157.5,92559,1217,AD,SC
4841,157.5,92564,5502,CS,SC
4842,157.5,92565,5910,BM,SCA
4843,157.5,92566,1306,EC,SC
4844,157.5,92567,3819,CE,SC
4845,157.5,92569,4949,IN,OC
4846,157.5,92573,4917,EE,OC
4847,157.5,92574,2715,CH,OC
4848,157.5,92577,3810,IT,MBC
4849,157.5,92578,2731,EC,SC
4850,157.5,92587,2613,EC,SCA
4851,157.5,92593,1503,CS,OC
4852,157.5,92598,4972,EE,OC
4853,157.5,92603,2769,CS,MBC
4854,157.5,92605,1322,EC,OC
4855,157.5,92606,4953,IT,OC
4856,157.5,92608,5,MM,OC
4857,157.5,92610,2702,CB,SC
4858,157.5,92611,2723,EE,MBC
4859,157.5,92612,2341,BM,OC
4860,157.5,92615,2639,EE,OC
4861,157.5,92616,4980,CS,BC
4862,157.5,92617,1217,EC,MBC
4863,157.5,92618,3829,ME,OC
4864,157.5,92619,2345,AD,OC
4865,157.5,92620,2722,EE,SC
4866,157.5,92622,5832,EC,BCM
4867,157.5,92626,5017,EC,MBC
4868,157.5,92627,1408,CS,BC
4869,157.4,92628,2609,CS,MBC
4870,157.4,92629,5502,CS,BC
4871,157.4,92631,1420,AE,SC
4872,157.4,92633,2327,CS,OC
4873,157.4,92638,3454,CS,BC
4874,157.4,92642,4024,GI,SC
4875,157.4,92643,5921,CS,BC
4876,157.4,92644,1501,EC,MBC
4877,157.4,92645,1125,CS,OC
4878,157.4,92646,1014,CE,MBC
4879,157.4,92647,1202,IT,BC
4880,157.4,92649,2636,EE,SC
4881,157.4,92651,1518,CS,OC
4882,157.4,92652,1504,CH,OC
4883,157.4,92653,1238,CS,MBC
4884,157.4,92657,2620,IT,SCA
4885,157.4,92658,4928,ME,OC
4886,157.4,92659,1311,ME,BC
4887,157.4,92660,5536,EE,OC
4888,157.4,92664,2609,CS,SC
4889,157.4,92668,4959,CS,SC
4890,157.4,92670,4946,CS,BC
4891,157.4,92671,5904,ME,BC
4892,157.4,92672,2302,CS,BC
4893,157.4,92674,4964,EC,OC
4894,157.4,92675,3016,CE,OC
4895,157.4,92680,1218,ME,OC
4896,157.4,92681,4960,ME,MBC
4897,157.4,92683,3019,EE,BC
4898,157.4,92684,2632,IT,OC
4899,157.4,92686,5865,CE,OC
4900,157.4,92687,5022,CE,OC
4901,157.4,92688,4670,ME,OC
4902,157.4,92689,3760,AG,OC
4903,157.4,92691,3826,AG,MBC
4904,157.4,92697,2302,AG,BC
4905,157.4,92699,2750,AG,MBC
4906,157.4,92700,2740,AE,BCM
4907,157.4,92701,2329,XS,OC
4908,157.4,92703,1113,ME,SC
4909,157.4,92706,4993,AG,BC
4910,157.4,92708,1210,ME,MBC
4911,157.4,92709,2354,CS,BC
4912,157.4,92710,2734,IT,SC
4913,157.4,92711,4917,EE,OC
4914,157.4,92712,4917,CE,OC
4915,157.4,92713,3843,EC,OC
4916,157.4,92714,2713,CS,OC
4917,157.4,92715,2628,CS,SC
4918,157.4,92716,4917,EE,OC
4919,157.4,92717,1414,EC,BC
4920,157.4,92718,1233,EE,MBC
4921,157.4,92719,2609,CS,SC
4922,157.4,92720,4680,EE,BC
4923,157.4,92721,2769,CS,MBC
4924,157.4,92723,2345,CS,BC
4925,157.4,92725,1424,AD,BC
4926,157.4,92729,3016,EC,SC
4927,157.4,92731,5911,CS,BC
4928,157.4,92732,4917,EE,MBC
4929,157.4,92734,2624,CS,BC
4930,157.4,92735,2642,CS,BC
4931,157.4,92736,2632,CS,OC
4932,157.4,92737,3849,EC,OC
4933,157.4,92743,2731,EE,OC
4934,157.4,92744,2715,CE,OC
4935,157.4,92745,1114,EE,BC
4936,157.4,92746,3819,EE,SC
4937,157.4,92747,2661,CS,BC
4938,157.4,92748,2761,RM,OC
4939,157.4,92749,4917,CB,MBC
4940,157.4,92750,1303,IT,SC
4941,157.4,92753,1408,CS,BC
4942,157.4,92754,1225,ME,MBC
4943,157.4,92755,1218,AD,BC
4944,157.4,92757,5907,CS,BC
4945,157.4,92758,2614,PC,OC
4946,157.4,92759,2341,BM,OC
4947,157.4,92760,1114,EE,MBC
4948,157.4,92761,4989,CS,BC
4949,157.4,92762,3805,EE,OC
4950,157.4,92763,1015,ME,OC
4951,157.4,92765,3803,EC,MBC
4952,157.4,92767,1118,ME,SC
4953,157.4,92769,2347,CS,BC
4954,157.4,92771,2347,EE,OC
4955,157.4,92773,5910,IT,SC
4956,157.4,92775,1306,EC,SC
4957,157.4,92778,1316,MZ,OC
4958,157.4,92779,2749,CS,BC
4959,157.4,92790,4964,EE,OC
4960,157.4,92794,5536,CS,BC
4961,157.4,92795,1319,EC,OC
4962,157.4,92796,4934,CS,BC
4963,157.4,92798,2711,AL,SC
4964,157.4,92799,5942,EC,OC
4965,157.4,92800,4917,EE,BC
4966,157.4,92802,3782,CS,MBC
4967,157.4,92804,2634,CS,BC
4968,157.4,92806,1408,CS,BC
4969,157.4,92807,2726,CE,OC
4970,157.4,92808,1202,EC,BC
4971,157.4,92809,2715,AG,BC
4972,157.4,92811,1238,EC,BC
4973,157.4,92814,1207,IT,SC
4974,157.4,92815,1115,AD,BC
4975,157.4,92819,2734,ME,BC
4976,157.4,92820,5022,EC,SC
4977,157.4,92824,3829,CS,BCM
4978,157.4,92826,2643,CS,MBC
4979,157.4,92832,4981,ME,BC
4980,157.4,92834,1158,MR,OC
4981,157.4,92835,3461,EC,OC
4982,157.4,92840,3811,CS,SC
4983,157.4,92841,4995,CS,OC
4984,157.4,92844,1202,EC,BC
4985,157.4,92849,3016,EE,MBC
4986,157.3,92851,2610,CS,MBC
4987,157.3,92852,3831,EE,OC
4988,157.3,92861,2622,ME,MBC
4989,157.3,92862,1241,EC,OC
4990,157.3,92863,2611,EC,MBC
4991,157.3,92864,2657,EC,OC
4992,157.3,92865,2628,CS,BC
4993,157.3,92866,2729,MZ,MBC
4994,157.3,92867,2708,MZ,BCM
4995,157.3,92871,1233,EC,BCM
4996,157.3,92876,2610,EC,BC
4997,157.3,92878,1127,CS,MBC
4998,157.3,92879,1409,CS,SC
4999,157.3,92882,2611,CE,OC
5000,157.3,92883,3410,EE,OC
5001,157.3,92884,1518,IT,OC
5002,157.3,92885,1447,IT,MBC
5003,157.3,92887,2627,CS,BC
5004,157.3,92889,2704,MZ,BC
5005,157.3,92890,4672,EC,BC
5006,157.3,92891,4670,EC,BC
5007,157.3,92892,3841,EC,BC
5008,157.3,92893,1015,ME,OC
5009,157.3,92894,2745,EE,OC
5010,157.3,92896,2625,BM,OC
5011,157.3,92897,1230,EE,OC
5012,157.3,92900,5010,CE,SCA
5013,157.3,92901,2734,ME,BC
5014,157.3,92902,2613,CS,BCM
5015,157.3,92903,2707,XM,OC
5016,157.3,92909,2636,CS,BC
5017,157.3,92911,2767,BM,OC
5018,157.3,92913,2636,EC,BC
5019,157.3,92916,3805,EC,BC
5020,157.3,92917,2634,EC,OC
5021,157.3,92918,5907,MR,BC
5022,157.3,92919,1207,IT,BC
5023,157.3,92923,1114,EC,MBC
5024,157.3,92927,2632,BM,OC
5025,157.3,92930,2710,IT,SCA
5026,157.3,92931,3825,CS,BC
5027,157.3,92932,1317,CE,MBC
5028,157.3,92933,4931,CS,BC
5029,157.3,92934,2609,EC,OC
5030,157.3,92935,1452,CS,SC
5031,157.3,92936,1307,CE,OC
5032,157.3,92939,2628,CS,MBC
5033,157.3,92941,2707,IT,SC
5034,157.3,92942,1015,ME,OC
5035,157.3,92948,1303,EC,BC
5036,157.3,92949,3805,BM,SC
5037,157.3,92950,5988,ME,OC
5038,157.3,92951,2342,EC,OC
5039,157.3,92956,1412,EE,OC
5040,157.3,92957,5912,CS,OC
5041,157.3,92958,5536,EE,OC
5042,157.3,92959,2624,IT,OC
5043,157.3,92960,5910,IT,SC
5044,157.3,92963,1233,EE,BC
5045,157.3,92965,5990,EE,OC
5046,157.3,92968,2613,ME,OC
5047,157.3,92969,2345,AD,OC
5048,157.3,92970,2708,ME,BC
5049,157.3,92971,4672,EC,BCM
5050,157.3,92972,2755,AE,MBC
5051,157.3,92973,2661,IT,BC
5052,157.3,92974,3410,EC,MBC
5053,157.3,92976,4967,CS,OC
5054,157.3,92977,2329,BM,BC
5055,157.3,92978,2749,PE,OC
5056,157.3,92981,3805,AD,SC
5057,157.3,92982,5913,CS,BC
5058,157.3,92984,2610,BT,BC
5059,157.3,92985,1120,EC,SC
5060,157.3,92986,1412,CS,BC
5061,157.3,92988,1501,CS,BC
5062,157.3,92989,1212,BM,OC
5063,157.3,92990,2327,EC,OC
5064,157.3,92991,2729,AE,MBC
5065,157.3,92993,4864,EC,BC
5066,157.3,92995,1452,CS,MBC
5067,157.3,92997,1408,EC,MBC
5068,157.3,92999,3801,EC,BC
5069,157.3,93000,1436,EC,OC
5070,157.3,93002,1228,EC,BC
5071,157.3,93003,1122,CE,OC
5072,157.3,93004,2734,SB,SC
5073,157.3,93008,2636,EE,MBC
5074,157.3,93009,2740,AD,SC
5075,157.3,93013,2347,EE,OC
5076,157.3,93015,1519,IT,OC
5077,157.3,93016,2632,BM,OC
5078,157.3,93017,2621,IT,BC
5079,157.3,93018,1424,RM,OC
5080,157.3,93019,2639,EC,OC
5081,157.3,93020,1221,CS,OC
5082,157.3,93022,3852,CS,OC
5083,157.3,93023,2639,CS,BC
5084,157.3,93026,4955,EE,BC
5085,157.3,93027,1140,ME,OC
5086,157.3,93028,4672,EC,BC
5087,157.3,93029,2741,ME,SCA
5088,157.3,93030,3829,EE,OC
5089,157.3,93031,2708,ME,BC
5090,157.3,93032,3019,EE,MBC
5091,157.3,93033,2764,ME,MBC
5092,157.3,93036,1122,ME,BC
5093,157.3,93039,2732,CS,BC
5094,157.3,93041,2661,CS,MBC
5095,157.3,93044,2601,IT,SC
5096,157.3,93046,2634,CS,BC
5097,157.3,93047,4971,CE,BC
5098,157.3,93048,2716,BM,OC
5099,157.3,93051,2750,ME,BC
5100,157.3,93052,3804,CS,BC
5101,157.2,93057,3825,EC,MBC
5102,157.2,93058,2350,ME,OC
5103,157.2,93059,4957,CS,BC
5104,157.2,93060,1140,ME,OC
5105,157.2,93061,1519,CS,OC
5106,157.2,93064,2611,MC,OC
5107,157.2,93065,4672,EC,BC
5108,157.2,93066,1431,IT,BCM
5109,157.2,93071,5988,CS,BC
5110,157.2,93072,1420,IT,MBC
5111,157.2,93073,2750,ME,BC
5112,157.2,93075,2704,CE,BC
5113,157.2,93081,4971,CS,SC
5114,157.2,93082,3410,CS,SC
5115,157.2,93084,1013,CS,SCA
5116,157.2,93088,4969,CE,OC
5117,157.2,93089,1101,IT,BC
5118,157.2,93090,2749,CS,MBC
5119,157.2,93092,2613,CS,SCA
5120,157.2,93095,2643,CS,MBC
5121,157.2,93097,5536,CS,SC
5122,157.2,93098,2601,ME,OC
5123,157.2,93101,3466,EE,OC
5124,157.2,93103,1507,CS,MBC
5125,157.2,93104,1303,IT,SC
5126,157.2,93105,1512,CS,OC
5127,157.2,93106,4675,EC,OC
5128,157.2,93108,4864,CE,OC
5129,157.2,93110,1407,BM,OC
5130,157.2,93115,2643,CS,MBC
5131,157.2,93116,2750,EE,MBC
5132,157.2,93119,1409,EC,BC
5133,157.2,93120,1303,BT,MBC
5134,157.2,93124,5,EE,SC
5135,157.2,93125,2731,EC,BC
5136,157.2,93126,5942,CS,BC
5137,157.2,93129,4970,CS,BC
5138,157.2,93134,2302,CS,BC
5139,157.2,93135,2642,IT,MBC
5140,157.2,93136,4965,EE,OC
5141,157.2,93137,5913,TX,OC
5142,157.2,93138,2621,EC,BC
5143,157.2,93139,2639,CS,MBC
5144,157.2,93140,1211,AU,SC
5145,157.2,93141,1421,ME,OC
5146,157.2,93142,2751,AD,MBC
5147,157.2,93143,1128,EC,SC
5148,157.2,93146,2329,ME,OC
5149,157.2,93147,5,EI,BC
5150,157.2,93155,4670,EC,BC
5151,157.2,93158,2620,EC,MBC
5152,157.2,93160,5017,EC,BC
5153,157.2,93167,2706,CE,SC
5154,157.2,93169,2342,EE,OC
5155,157.2,93170,1436,CS,OC
5156,157.2,93172,3806,ME,OC
5157,157.2,93173,3805,CH,OC
5158,157.2,93174,2739,CB,SC
5159,157.2,93176,3826,AG,BC
5160,157.2,93177,2623,IT,OC
5161,157.2,93180,1237,ME,BC
5162,157.2,93181,1218,AD,MBC
5163,157.2,93182,2601,EE,MBC
5164,157.2,93185,4934,CS,BC
5165,157.2,93187,2702,FD,SC
5166,157.2,93191,2745,CS,MBC
5167,157.2,93193,3021,CE,OC
5168,157.2,93194,1101,EE,OC
5169,157.2,93195,5919,ME,OC
5170,157.2,93196,1325,IT,MBC
5171,157.2,93198,1405,EC,OC
5172,157.2,93199,3805,EE,OC
5173,157.2,93201,5988,CS,BC
5174,157.2,93204,2314,CS,MBC
5175,157.2,93205,4953,EC,OC
5176,157.2,93208,3826,AG,BC
5177,157.2,93210,2643,CS,BC
5178,157.2,93213,5865,ME,OC
5179,157.2,93217,2610,EC,BC
5180,157.2,93219,3782,EC,OC
5181,157.2,93224,4959,CE,OC
5182,157.2,93227,3805,IT,SC
5183,157.2,93228,1450,EC,SCA
5184,157.2,93229,2609,IT,MBC
5185,157.2,93231,3410,CS,MBC
5186,157.2,93232,3805,PH,OC
5187,157.2,93236,2726,CE,OC
5188,157.2,93237,5,CZ,OC
5189,157.2,93238,1307,EC,SC
5190,157.2,93239,3802,EC,OC
5191,157.2,93240,1408,EC,MBC
5192,157.2,93241,3810,AD,MBC
5193,157.2,93245,2741,CS,MBC
5194,157.2,93246,4023,EC,SC
5195,157.2,93247,2629,MD,OC
5196,157.2,93248,5862,BM,OC
5197,157.2,93250,2601,ME,OC
5198,157.2,93251,3810,AD,BC
5199,157.2,93252,3920,CS,BC
5200,157.2,93253,1127,ME,OC
5201,157.2,93255,2329,ME,OC
5202,157.2,93257,4024,CE,OC
5203,157.2,93260,2617,CS,BC
5204,157.2,93261,1221,CS,BC
5205,157.2,93262,2622,ME,BC
5206,157.2,93265,2744,IT,SC
5207,157.2,93266,1431,ME,OC
5208,157.2,93267,3830,EC,SC
5209,157.2,93268,2614,TX,OC
5210,157.2,93269,1233,EE,BC
5211,157.2,93270,2749,CS,MBC
5212,157.2,93271,1211,ME,SC
5213,157.2,93273,2636,AD,MBC
5214,157.2,93275,2683,CS,OC
5215,157.2,93276,2752,IT,BC
5216,157.2,93279,3826,EC,SC
5217,157.2,93281,2735,EC,SC
5218,157.2,93283,4024,CE,OC
5219,157.2,93285,5,EI,SC
5220,157.2,93287,1520,EE,OC
5221,157.2,93288,2357,CE,OC
5222,157.2,93289,5502,ME,OC
5223,157.2,93291,2739,AD,SC
5224,157.2,93293,5022,ME,BC
5225,157.2,93295,5862,AG,OC
5226,157.2,93296,2710,ME,MBC
5227,157.1,93299,4928,EC,BC
5228,157.1,93302,3803,EE,BC
5229,157.1,93304,2751,IT,MBC
5230,157.1,93308,2610,AD,MBC
5231,157.1,93309,2636,CS,BC
5232,157.1,93310,1218,AD,MBC
5233,157.1,93311,1408,CS,MBC
5234,157.1,93313,1238,BM,SC
5235,157.1,93314,2651,CS,BC
5236,157.1,93317,2659,BM,BC
5237,157.1,93321,1238,EC,BC
5238,157.1,93326,3805,EE,BC
5239,157.1,93328,1120,EC,SC
5240,157.1,93332,2740,EC,SC
5241,157.1,93333,3817,BT,OC
5242,157.1,93339,1140,ME,MBC
5243,157.1,93342,3804,EC,OC
5244,157.1,93343,5942,CS,BC
5245,157.1,93344,4670,ME,OC
5246,157.1,93345,3454,CS,SC
5247,157.1,93346,2634,AD,BC
5248,157.1,93348,2731,EC,BCM
5249,157.1,93353,1233,EC,SCA
5250,157.1,93354,2651,AD,BC
5251,157.1,93356,1120,ME,MBC
5252,157.1,93358,2349,RM,OC
5253,157.1,93361,2611,EC,BC
5254,157.1,93362,2755,FD,SC
5255,157.1,93363,2329,XS,BC
5256,157.1,93365,1408,EC,MBC
5257,157.1,93370,3860,EC,OC
5258,157.1,93371,3857,CS,OC
5259,157.1,93373,4955,ME,OC
5260,157.1,93374,2702,CT,SC
5261,157.1,93375,4864,EE,OC
5262,157.1,93377,5912,CS,OC
5263,157.1,93385,5910,CE,BC
5264,157.1,93387,2753,CS,MBC
5265,157.1,93388,2628,CS,BC
5266,157.1,93391,5904,ME,MBC
5267,157.1,93393,2729,AE,MBC
5268,157.1,93394,2715,EE,MBC
5269,157.1,93395,1452,EC,BCM
5270,157.1,93397,1202,IT,BC
5271,157.1,93398,2622,CE,SC
5272,157.1,93403,3811,CS,BC
5273,157.1,93404,3760,AD,BC
5274,157.1,93405,1412,CS,BC
5275,157.1,93406,2627,BT,BC
5276,157.1,93407,2620,EC,MBC
5277,157.1,93408,2736,EE,MBC
5278,157.1,93409,5703,IT,SC
5279,157.1,93413,2624,AD,OC
5280,157.1,93414,2601,CH,OC
5281,157.1,93416,1405,EC,OC
5282,157.1,93418,1408,CS,BC
5283,157.1,93419,4959,BT,BCM
5284,157.1,93425,2755,FD,SCA
5285,157.1,93428,3461,CS,OC
5286,157.1,93430,1322,AG,MBC
5287,157.1,93432,4959,ME,BC
5288,157.1,93434,2715,AD,MBC
5289,157.1,93435,2620,EE,MBC
5290,157.1,93440,2314,CS,BC
5291,157.1,93442,2743,AD,BCM
5292,157.1,93443,4972,EC,OC
5293,157.1,93444,1319,IT,OC
5294,157.1,93445,1316,EC,BC
5295,157.1,93446,2710,ME,BCM
5296,157.1,93447,1419,ME,SC
5297,157.1,93448,1123,CS,OC
5298,157.1,93449,4670,ME,OC
5299,157.1,93450,4968,CS,OC
5300,157.1,93452,4969,CS,BC
5301,157.1,93454,2651,FT,OC
5302,157.1,93455,2613,EC,MBC
5303,157.1,93459,2628,ME,OC
5304,157.1,93460,4969,EC,OC
5305,157.1,93464,1311,ME,BC
5306,157.1,93466,3814,CS,OC
5307,157.1,93467,2646,EE,OC
5308,157.1,93468,2704,EC,SC
5309,157.1,93472,1409,ME,OC
5310,157.1,93474,1432,AD,SCA
5311,157.1,93475,3760,ME,OC
5312,157.1,93477,1509,EC,MBC
5313,157.1,93478,2611,BM,BC
5314,157.1,93479,2749,AG,OC
5315,157.1,93483,5902,CS,OC
5316,157.1,93484,2722,ME,MBC
5317,157.1,93485,3905,EC,OC
5318,157.1,93486,3806,CB,BCM
5319,157.1,93487,4994,CS,BC
5320,157.0,93489,2611,EC,MBC
5321,157.0,93491,2708,ME,BC
5322,157.0,93492,3826,AG,MBC
5323,157.0,93494,1226,EC,OC
5324,157.0,93496,2715,ME,OC
5325,157.0,93497,2614,CS,OC
5326,157.0,93498,1237,MZ,BC
5327,157.0,93502,2636,EE,BC
5328,157.0,93504,3829,EC,OC
5329,157.0,93506,3760,EC,OC
5330,157.0,93507,1217,EC,MBC
5331,157.0,93509,4933,CS,MBC
5332,157.0,93513,2740,CS,SC
5333,157.0,93516,2715,EE,MBC
5334,157.0,93521,3805,ME,OC
5335,157.0,93525,1317,EE,SC
5336,157.0,93527,4943,AE,OC
5337,157.0,93528,2302,IT,BC
5338,157.0,93530,4917,CD,MBC
5339,157.0,93531,4980,EC,BC
5340,157.0,93532,2747,CS,MBC
5341,157.0,93533,2705,CS,BC
5342,157.0,93535,2347,EC,MBC
5343,157.0,93536,1303,IT,SC
5344,157.0,93538,2736,BM,SC
5345,157.0,93542,2729,AD,SC
5346,157.0,93543,3786,CS,BC
5347,157.0,93544,1510,CS,SC
5348,157.0,93546,2636,AD,SC
5349,157.0,93549,5910,CE,BC
5350,157.0,93550,3804,AG,OC
5351,157.0,93553,1409,CS,MBC
5352,157.0,93555,4981,CE,OC
5353,157.0,93558,4965,BM,BC
5354,157.0,93559,1432,AD,SCA
5355,157.0,93561,3826,EC,MBC
5356,157.0,93563,2744,EC,MBC
5357,157.0,93564,1507,CS,MBC
5358,157.0,93565,1401,EC,OC
5359,157.0,93566,3019,ME,OC
5360,157.0,93572,2611,CH,OC
5361,157.0,93573,1210,EE,SC
5362,157.0,93574,3701,ME,BC
5363,157.0,93575,5,CE,BC
5364,157.0,93581,1452,EC,SC
5365,157.0,93582,2611,AE,OC
5366,157.0,93583,2734,ME,BC
5367,157.0,93585,4999,AD,MBC
5368,157.0,93587,2613,ME,OC
5369,157.0,93599,2776,CS,BC
5370,157.0,93601,1306,CS,SCA
5371,157.0,93602,5,ME,SC
5372,157.0,93608,2610,EC,MBC
5373,157.0,93610,2708,AU,OC
5374,157.0,93615,2725,ME,MBC
5375,157.0,93617,1241,CS,BCM
5376,157.0,93619,5865,CE,MBC
5377,157.0,93620,2609,IT,MBC
5378,157.0,93624,1316,BM,SC
5379,157.0,93625,4972,CS,MBC
5380,157.0,93628,3805,CS,MBC
5381,157.0,93632,1311,CE,BC
5382,157.0,93639,1409,EC,MBC
5383,157.0,93641,2617,CS,BC
5384,157.0,93642,2613,ME,OC
5385,157.0,93647,1317,ME,SC
5386,157.0,93648,1122,ME,BC
5387,157.0,93649,2630,CS,BC
5388,157.0,93650,3019,CE,OC
5389,157.0,93651,4023,EC,SC
5390,157.0,93656,1120,ME,MBC
5391,157.0,93657,4944,AD,BC
5392,157.0,93666,2727,EC,MBC
5393,157.0,93667,1427,IT,OC
5394,157.0,93671,2776,CS,BC
5395,157.0,93675,2722,EE,SC
5396,157.0,93676,1306,ME,MBC
5397,157.0,93680,5017,EC,BC
5398,157.0,93684,2618,CE,BC
5399,157.0,93686,2611,FD,BC
5400,157.0,93687,3817,CS,BC
5401,157.0,93688,2755,FD,BC
5402,157.0,93698,2749,CS,MBC
5403,157.0,93704,2745,EC,OC
5404,157.0,93707,2347,CS,BC
5405,157.0,93723,2725,CS,SC
5406,157.0,93725,5530,ME,OC
5407,157.0,93736,2769,CS,BC
5408,157.0,93737,2753,AG,OC
5409,157.0,93739,1317,EI,SC
5410,157.0,93744,1115,AD,BC
5411,157.0,93745,2743,CS,MBC
5412,157.0,93746,2641,ME,OC
5413,157.0,93747,1116,EC,OC
5414,157.0,93753,1210,CE,MBC
5415,157.0,93764,1309,CE,BC
5416,157.0,93767,2749,AD,OC
5417,157.0,93768,3805,BM,MBC
5418,157.0,93769,3843,ME,OC
5419,157.0,93772,3806,CS,MBC
5420,157.0,93774,2718,MZ,SC
5421,157.0,93776,4972,EE,OC
5422,157.0,93777,3801,IT,SCA
5423,157.0,93778,3425,CS,SC
5424,157.0,93779,3795,ME,OC
5425,157.0,93780,1412,ME,OC
5426,157.0,93781,1424,EC,BC
5427,157.0,93784,4966,CS,BC
5428,157.0,93787,2710,CD,SC
5429,157.0,93788,4978,BM,SC
5430,157.0,93789,4670,ME,OC
5431,157.0,93790,2642,CS,MBC
5432,157.0,93794,3019,EC,SC
5433,157.0,93795,2726,AG,MBC
5434,157.0,93797,2621,EE,BC
5435,157.0,93798,5913,TX,OC
5436,157.0,93799,2609,EC,OC
5437,157.0,93800,2642,CS,MBC
5438,157.0,93803,2643,CS,SCA
5439,157.0,93806,2736,AD,MBC
5440,157.0,93807,3849,IT,OC
5441,157.0,93808,2661,CS,BC
5442,157.0,93809,1501,EC,MBC
5443,157.0,93811,5988,ME,OC
5444,157.0,93812,2632,CS,MBC
5445,157.0,93814,3826,BM,MBC
5446,157.0,93816,2608,ME,BC
5447,157.0,93817,2634,EC,OC
5448,157.0,93818,1122,ME,MBC
5449,157.0,93819,2772,CS,OC
5450,157.0,93821,2743,AG,SC
5451,157.0,93822,2659,EC,OC
5452,157.0,93825,1207,CS,SC
5453,157.0,93826,3807,IT,BC
5454,157.0,93827,1444,ME,OC
5455,157.0,93828,5532,EC,BC
5456,157.0,93829,1226,EE,OC
5457,157.0,93831,2601,BT,SC
5458,157.0,93833,1207,IT,BC
5459,157.0,93834,5,CE,BC
5460,157.0,93835,3843,EC,OC
5461,157.0,93836,5862,CS,BC
5462,157.0,93837,1523,ME,OC
5463,157.0,93838,2745,EC,OC
5464,157.0,93839,4670,EC,BC
5465,157.0,93842,2745,AD,MBC
5466,157.0,93843,1452,CS,SC
5467,157.0,93844,4680,CS,SC
5468,157.0,93845,3810,CS,BC
5469,157.0,93848,1412,EC,OC
5470,157.0,93849,1523,IT,BC
5471,157.0,93851,1424,EC,SC
5472,157.0,93852,2758,EC,OC
5473,157.0,93859,3831,CS,OC
5474,157.0,93860,2752,EC,MBC
5475,157.0,93863,5502,CS,SC
5476,157.0,93864,2622,BT,SC
5477,157.0,93867,1231,EC,SC
5478,157.0,93868,3805,FD,SC
5479,157.0,93870,3905,CS,SC
5480,157.0,93873,2624,PH,OC
5481,157.0,93877,4680,EE,SC
5482,157.0,93878,4999,ME,OC
5483,157.0,93880,1420,IT,SC
5484,157.0,93882,1501,EC,MBC
5485,157.0,93884,2636,ME,OC
5486,157.0,93888,2632,CS,BC
5487,157.0,93889,3021,EE,BC
5488,157.0,93890,4946,CS,SC
5489,157.0,93894,2627,BT,SCA
5490,157.0,93895,2707,BM,BC
5491,157.0,93896,2634,BM,SC
5492,157.0,93897,3011,XC,BC
5493,157.0,93898,1408,CS,BC
5494,157.0,93899,5910,CS,SC
5495,157.0,93900,2659,BM,SC
5496,157.0,93902,3021,ME,OC
5497,157.0,93903,2755,FD,SC
5498,156.9,93908,5865,ME,OC
5499,156.9,93911,5910,CS,SCA
5500,156.9,93912,1114,CS,SC
5501,156.9,93914,2609,CY,SC
5502,156.9,93915,1106,IT,MBC
5503,156.9,93916,2653,CE,OC
5504,156.9,93917,2718,MZ,SC
5505,156.9,93918,4670,EC,BC
5506,156.9,93922,2601,CH,OC
5507,156.9,93925,3810,CS,BCM
5508,156.9,93926,2723,ME,BC
5509,156.9,93927,1431,EC,BC
5510,156.9,93928,2734,CS,SC
5511,156.9,93929,2609,CS,SC
5512,156.9,93931,1505,CS,BC
5513,156.9,93933,2651,AD,BC
5514,156.9,93935,1401,ME,OC
5515,156.9,93936,3806,CB,MBC
5516,156.9,93937,2609,CS,SC
5517,156.9,93941,5942,CS,BCM
5518,156.9,93944,2711,EC,SC
5519,156.9,93945,4980,CS,BC
5520,156.9,93946,2750,BM,MBC
5521,156.9,93947,2601,AE,OC
5522,156.9,93948,3852,CS,BC
5523,156.9,93952,1523,IT,SC
5524,156.9,93955,1106,IT,BC
5525,156.9,93959,2747,EC,OC
5526,156.9,93960,2628,BM,OC
5527,156.9,93961,4934,CS,SC
5528,156.9,93962,2349,FD,OC
5529,156.9,93963,2628,CS,MBC
5530,156.9,93964,1202,CS,BC
5531,156.9,93966,1319,IT,OC
5532,156.9,93968,3806,ME,OC
5533,156.9,93969,3831,CS,OC
5534,156.9,93973,1233,EE,MBC
5535,156.9,93974,1126,BM,MBC
5536,156.9,93975,1322,BM,OC
5537,156.9,93977,2743,AD,SC
5538,156.9,93979,2342,CS,SCA
5539,156.9,93981,2749,ME,OC
5540,156.9,93983,3806,CB,SC
5541,156.9,93985,2732,CS,BC
5542,156.9,93988,1412,CS,BCM
5543,156.9,93989,2642,IT,MBC
5544,156.9,93990,2327,ME,OC
5545,156.9,93992,3811,ME,OC
5546,156.9,93999,4670,ME,OC
5547,156.9,94000,3801,EC,BC
5548,156.9,94001,2621,EC,SC
5549,156.9,94002,3833,CS,MBC
5550,156.9,94007,2657,CS,SC
5551,156.9,94009,5912,CS,SC
5552,156.9,94010,4964,EC,OC
5553,156.9,94011,5533,CS,OC
5554,156.9,94012,3805,IT,BCM
5555,156.9,94013,1441,EC,OC
5556,156.9,94014,3810,AG,BC
5557,156.9,94017,2302,BM,OC
5558,156.9,94020,3829,EE,OC
5559,156.9,94022,5988,CS,BC
5560,156.9,94025,4960,ME,MBC
5561,156.9,94027,3018,CS,SC
5562,156.9,94030,2758,IT,OC
5563,156.9,94031,1207,EC,SC
5564,156.9,94033,4669,EC,MBC
5565,156.9,94034,2642,CE,OC
5566,156.9,94037,2342,EE,OC
5567,156.9,94039,5536,AG,SC
5568,156.9,94040,1233,EE,MBC
5569,156.9,94044,3807,IT,SC
5570,156.9,94048,2653,ME,BC
5571,156.9,94050,3857,EC,OC
5572,156.9,94053,1420,CS,SC
5573,156.9,94054,4680,EE,MBC
5574,156.9,94055,3425,EC,BC
5575,156.9,94056,4989,EC,OC
5576,156.9,94061,3846,CS,OC
5577,156.9,94062,1115,AD,BC
5578,156.9,94063,2653,ME,BC
5579,156.9,94065,2656,EE,MBC
5580,156.9,94066,2633,CS,OC
5581,156.9,94068,2721,EE,OC
5582,156.9,94071,4953,ME,OC
5583,156.9,94073,1122,ME,BC
5584,156.9,94075,2708,AU,OC
5585,156.8,94077,3811,EC,OC
5586,156.8,94078,2657,BT,OC
5587,156.8,94079,2610,EC,SCA
5588,156.8,94080,1401,CS,SCA
5589,156.8,94081,2634,AG,SC
5590,156.8,94082,2621,EC,BC
5591,156.8,94085,1322,AG,SC
5592,156.8,94087,2707,EI,SCA
5593,156.8,94090,2610,EC,MBC
5594,156.8,94091,4670,EC,MBC
5595,156.8,94092,2705,CS,BC
5596,156.8,94094,5915,ME,OC
5597,156.8,94099,3810,IT,BC
5598,156.8,94100,1120,AD,SCA
5599,156.8,94106,4929,EE,OC
5600,156.8,94107,1447,IT,BC
5601,156.8,94108,2729,CS,SC
5602,156.8,94110,2620,EC,BC
5603,156.8,94112,2606,CS,SC
5604,156.8,94113,2620,CS,BCM
5605,156.8,94115,2719,EE,SC
5606,156.8,94120,3814,CS,OC
5607,156.8,94126,5986,CE,SC
5608,156.8,94127,2611,CS,BCM
5609,156.8,94129,3019,EE,MBC
5610,156.8,94130,5,CH,SC
5611,156.8,94132,2659,EC,OC
5612,156.8,94135,2618,IT,SC
5613,156.8,94137,1408,EC,MBC
5614,156.8,94139,2723,EC,MBC
5615,156.8,94145,1452,CS,MBC
5616,156.8,94146,1013,ME,BC
5617,156.8,94148,2314,EC,BC
5618,156.8,94150,5910,CS,SC
5619,156.8,94153,1233,EE,BC
5620,156.8,94157,3786,CS,BC
5621,156.8,94160,4980,CS,BC
5622,156.8,94161,2721,EC,MBC
5623,156.8,94163,4928,EE,OC
5624,156.8,94166,3011,AU,SC
5625,156.8,94167,2726,AU,OC
5626,156.8,94168,2610,BT,BC
5627,156.8,94169,1301,ME,OC
5628,156.8,94170,2624,EE,OC
5629,156.8,94172,1501,IT,BC
5630,156.8,94173,3786,EC,OC
5631,156.8,94174,1316,BM,BC
5632,156.8,94177,2651,EC,MBC
5633,156.8,94178,5913,EC,OC
5634,156.8,94180,2722,CE,SC
5635,156.8,94181,2652,CS,OC
5636,156.8,94182,1216,EE,MBC
5637,156.8,94183,4949,ME,OC
5638,156.8,94184,3848,CS,OC
5639,156.8,94185,2747,EC,OC
5640,156.8,94189,3462,CS,OC
5641,156.8,94190,1304,AU,MBC
5642,156.8,94191,3849,CS,OC
5643,156.8,94194,3803,EE,BC
5644,156.8,94195,3905,CS,SC
5645,156.8,94196,1202,CS,BC
5646,156.8,94199,2609,EC,BC
5647,156.8,94200,3425,ME,OC
5648,156.8,94202,3821,CS,OC
5649,156.8,94204,2711,CD,SC
5650,156.8,94208,2712,MZ,ST
5651,156.8,94210,1216,EC,SC
5652,156.8,94211,2643,CS,MBC
5653,156.8,94213,4972,EC,BC
5654,156.8,94214,3018,CS,SC
5655,156.8,94215,2708,ME,MBC
5656,156.8,94218,1149,ME,MBC
5657,156.8,94219,2745,AD,BCM
5658,156.8,94220,3806,BM,MBC
5659,156.8,94221,2715,EE,MBC
5660,156.8,94222,1424,EC,SC
5661,156.8,94223,4964,MR,MBC
5662,156.8,94225,3805,AD,BCM
5663,156.8,94226,3806,CB,BC
5664,156.8,94227,3701,ME,BCM
5665,156.8,94230,2708,ME,BC
5666,156.8,94231,3810,AD,BC
5667,156.8,94232,2651,CS,MBC
5668,156.8,94233,1207,CS,BC
5669,156.8,94236,1207,IT,MBC
5670,156.8,94238,3812,CS,BCM
5671,156.8,94240,1306,ME,MBC
5672,156.8,94241,2620,EC,MBC
5673,156.8,94242,4993,IT,OC
5674,156.8,94244,2661,IT,BC
5675,156.8,94246,1233,CE,OC
5676,156.8,94247,1505,IT,BC
5677,156.8,94248,3782,EC,OC
5678,156.8,94249,1510,CS,BC
5679,156.8,94250,1137,EE,OC
5680,156.8,94251,5914,EC,OC
5681,156.8,94253,3011,PC,MBC
5682,156.8,94254,1209,CS,OC
5683,156.8,94255,3860,CS,OC
5684,156.8,94258,5,MM,OC
5685,156.8,94259,4944,AD,BC
5686,156.8,94261,1505,IT,BC
5687,156.8,94262,2609,IT,BC
5688,156.8,94265,5865,EC,OC
5689,156.8,94267,4980,ME,OC
5690,156.8,94268,5502,CS,BC
5691,156.8,94269,3810,AD,BC
5692,156.8,94274,5,MM,OC
5693,156.8,94277,3812,CS,MBC
5694,156.8,94278,4980,CS,BC
5695,156.8,94279,2609,EC,MBC
5696,156.8,94280,5530,EE,BC
5697,156.8,94281,1217,EC,MBC
5698,156.8,94282,2302,AD,BC
5699,156.8,94283,2750,CS,SC
5700,156.8,94284,2622,ME,BC
5701,156.8,94285,1513,CS,OC
5702,156.8,94286,2653,ME,BC
5703,156.8,94290,5910,CS,SC
5704,156.8,94292,2708,MZ,SC
5705,156.8,94297,2749,IT,MBC
5706,156.8,94298,1303,EE,OC
5707,156.8,94299,4993,ME,OC
5708,156.8,94300,4960,BM,SC
5709,156.8,94301,2708,CE,BC
5710,156.8,94303,2710,ME,MBC
5711,156.8,94304,1409,EC,BC
5712,156.8,94305,1420,ME,OC
5713,156.8,94306,3825,EC,BC
5714,156.8,94307,4971,CE,BC
5715,156.8,94308,3810,IT,BC
5716,156.8,94309,5921,CS,BC
5717,156.8,94311,2751,EC,BCM
5718,156.8,94316,1402,EC,OC
5719,156.8,94317,2769,PE,OC
5720,156.8,94318,2776,CS,BC
5721,156.8,94318,4024,CE,OC
5722,156.7,94324,1421,CS,MBC
5723,156.7,94325,2752,EC,MBC
5724,156.7,94328,2611,MC,OC
5725,156.7,94330,4994,EC,OC
5726,156.7,94332,2622,ME,BC
5727,156.7,94334,1309,CE,BC
5728,156.7,94338,2634,CS,BC
5729,156.7,94339,4024,ME,BC
5730,156.7,94346,2610,EC,BC
5731,156.7,94347,1303,AD,SC
5732,156.7,94348,2622,AD,SC
5733,156.7,94349,5,CH,BC
5734,156.7,94351,1120,ME,MBC
5735,156.7,94352,2653,CS,SC
5736,156.7,94353,3805,EC,MBC
5737,156.7,94354,1217,AD,MBC
5738,156.7,94355,1405,EE,OC
5739,156.7,94356,2609,IT,BC
5740,156.7,94359,4984,EE,OC
5741,156.7,94361,4993,CS,BC
5742,156.7,94363,1114,EE,BC
5743,156.7,94364,1431,EC,BC
5744,156.7,94367,2707,EC,BC
5745,156.7,94368,5862,CS,SC
5746,156.7,94371,4975,CS,OC
5747,156.7,94374,5532,EC,BC
5748,156.7,94375,2743,BM,OC
5749,156.7,94377,2345,ME,OC
5750,156.7,94379,1509,ME,OC
5751,156.7,94381,2715,BM,BC
5752,156.7,94382,2627,CS,MBC
5753,156.7,94383,1015,ME,MBC
5754,156.7,94386,1401,IT,MBC
5755,156.7,94387,4917,AG,BC
5756,156.7,94388,2661,CS,BC
5757,156.7,94390,2628,CS,BC
5758,156.7,94394,3812,CS,BC
5759,156.7,94397,1207,IT,SC
5760,156.7,94398,5904,CS,SC
5761,156.7,94399,3806,CS,MBC
5762,156.7,94400,5904,EE,MBC
5763,156.7,94401,3806,EC,OC
5764,156.7,94402,4675,EC,OC
5765,156.7,94404,2651,EC,SCA
5766,156.7,94405,1421,EE,OC
5767,156.7,94406,1513,CE,OC
5768,156.7,94408,2732,CS,BC
5769,156.7,94412,5902,CE,OC
5770,156.7,94417,1014,CE,MBC
5771,156.7,94419,1124,MR,BC
5772,156.7,94421,2636,EC,BCM
5773,156.7,94422,2731,EC,BC
5774,156.7,94423,1523,EC,OC
5775,156.7,94424,2707,CD,BC
5776,156.7,94427,5986,EC,SC
5777,156.7,94428,5907,ME,OC
5778,156.7,94436,2625,CS,OC
5779,156.7,94440,4949,CS,SC
5780,156.7,94441,2345,CS,BC
5781,156.7,94448,3908,CS,BC
5782,156.7,94449,2752,IT,MBC
5783,156.7,94451,1303,CS,BCM
5784,156.7,94454,3021,CE,OC
5785,156.7,94457,2739,AD,SC
5786,156.7,94460,3848,CS,OC
5787,156.7,94461,1118,CB,SC
5788,156.7,94466,2614,TX,OC
5789,156.7,94467,4680,EE,MBC
5790,156.7,94468,2639,EC,OC
5791,156.7,94472,4953,CS,BC
5792,156.7,94474,2607,EC,SC
5793,156.7,94476,1303,BT,BC
5794,156.7,94477,3018,CS,SC
5795,156.7,94479,3806,BM,MBC
5796,156.7,94480,2636,EC,MBC
5797,156.7,94481,1316,MZ,OC
5798,156.7,94482,2642,ME,OC
5799,156.7,94483,2710,ET,SC
5800,156.7,94484,5862,CS,MBC
5801,156.7,94488,2752,CS,MBC
5802,156.7,94494,2736,EC,MBC
5803,156.7,94495,5919,BT,OC
5804,156.7,94497,4928,CE,OC
5805,156.7,94498,2601,CH,BCM
5806,156.7,94499,4993,CE,OC
5807,156.7,94501,3811,CS,BC
5808,156.7,94502,3821,CS,OC
5809,156.7,94503,2707,AD,MBC
5810,156.7,94504,2745,EC,OC
5811,156.7,94506,2749,CS,SC
5812,156.7,94507,1452,CS,SC
5813,156.7,94508,2708,ME,BC
5814,156.7,94509,2610,EC,BC
5815,156.7,94511,2609,IT,BC
5816,156.7,94515,5865,ME,OC
5817,156.7,94516,2743,EC,BC
5818,156.7,94517,1408,EC,MBC
5819,156.7,94521,4972,EC,BC
5820,156.7,94522,2608,CS,SC
5821,156.7,94523,3782,EC,OC
5822,156.7,94527,5910,AD,SC
5823,156.7,94528,2601,BM,BC
5824,156.6,94535,2726,ME,BC
5825,156.6,94538,1317,EE,SC
5826,156.6,94540,4969,CS,SC
5827,156.6,94548,5986,IT,SC
5828,156.6,94549,1243,CS,OC
5829,156.6,94550,2610,CY,MBC
5830,156.6,94552,5022,CE,OC
5831,156.6,94553,2636,CS,SC
5832,156.6,94556,2731,PD,OC
5833,156.6,94557,3810,CS,BC
5834,156.6,94559,4996,CS,OC
5835,156.6,94562,2342,ME,OC
5836,156.6,94565,1122,ME,BC
5837,156.6,94567,2707,IT,MBC
5838,156.6,94568,5902,CS,OC
5839,156.6,94571,1202,IT,BC
5840,156.6,94573,3841,AD,SC
5841,156.6,94576,3795,ME,OC
5842,156.6,94577,2707,EC,BC
5843,156.6,94578,4960,ME,MBC
5844,156.6,94582,2727,AG,MBC
5845,156.6,94584,4917,CE,OC
5846,156.6,94585,3801,EE,SC
5847,156.6,94586,2601,EE,BC
5848,156.6,94590,2606,EC,OC
5849,156.6,94591,2354,CS,MBC
5850,156.6,94595,2610,EE,OC
5851,156.6,94596,3805,CH,OC
5852,156.6,94598,1233,EE,MBC
5853,156.6,94600,1501,CS,BC
5854,156.6,94605,4969,CS,BC
5855,156.6,94606,2740,AD,SC
5856,156.6,94610,1504,CH,OC
5857,156.6,94612,1218,BM,OC
5858,156.6,94613,2338,BM,OC
5859,156.6,94615,4993,BM,BCM
5860,156.6,94621,3011,CE,MBC
5861,156.6,94622,2769,CB,OC
5862,156.6,94623,5921,CB,SC
5863,156.6,94624,2634,AD,BC
5864,156.6,94625,5919,EC,OC
5865,156.6,94626,2610,EC,ST
5866,156.6,94628,1238,EE,OC
5867,156.6,94632,1427,CS,BC
5868,156.6,94633,2609,EC,MBC
5869,156.6,94636,2329,ME,OC
5870,156.6,94638,2731,ME,OC
5871,156.6,94639,1322,AG,SC
5872,156.6,94642,2747,EC,OC
5873,156.6,94643,2609,AE,OC
5874,156.6,94644,2734,ME,BC
5875,156.6,94645,4670,CS,MBC
5876,156.6,94646,2750,AG,MBC
5877,156.6,94655,2719,EE,SC
5878,156.6,94656,2708,CE,MBC
5879,156.6,94657,2705,CS,SC
5880,156.6,94663,1431,EE,OC
5881,156.6,94664,3825,CS,SC
5882,156.6,94667,3011,XC,MBC
5883,156.6,94668,2634,ME,OC
5884,156.6,94669,1414,EC,MBC
5885,156.6,94673,3805,CH,OC
5886,156.6,94674,3826,ME,OC
5887,156.6,94675,1106,EC,OC
5888,156.6,94677,2357,EC,BCM
5889,156.6,94678,5,CH,SC
5890,156.6,94679,1122,ME,BC
5891,156.6,94681,1226,EE,OC
5892,156.6,94683,2628,AU,OC
5893,156.6,94685,2302,BM,MBC
5894,156.6,94686,3464,EE,BCM
5895,156.6,94688,4933,CS,MBC
5896,156.6,94691,2622,ME,MBC
5897,156.6,94692,1420,EC,SC
5898,156.6,94693,3456,EE,OC
5899,156.6,94695,1405,EC,OC
5900,156.6,94696,1426,CS,OC
5901,156.6,94698,1225,ME,BC
5902,156.6,94699,2656,CE,MBC
5903,156.6,94700,1126,AD,MBC
5904,156.6,94702,3805,BM,BC
5905,156.6,94706,5910,CE,BC
5906,156.6,94707,2651,EE,OC
5907,156.6,94708,4670,ME,OC
5908,156.6,94709,1412,EC,OC
5909,156.6,94711,1414,EC,SC
5910,156.6,94712,2736,CS,SC
5911,156.6,94713,2745,EC,OC
5912,156.6,94714,3830,CB,SC
5913,156.6,94715,2601,CH,BCM
5914,156.6,94716,4966,ME,OC
5915,156.6,94718,2707,EC,BC
5916,156.6,94719,1233,EE,MBC
5917,156.6,94720,3782,EE,OC
5918,156.6,94721,1237,ME,BC
5919,156.6,94726,4977,CS,OC
5920,156.6,94729,1207,BM,BCM
5921,156.6,94732,2611,EC,MBC
5922,156.6,94734,5,ME,BC
5923,156.6,94736,2751,AD,MBC
5924,156.6,94738,1518,EC,OC
5925,156.6,94740,1401,EE,OC
5926,156.6,94741,1122,EC,SC
5927,156.6,94742,1013,ME,BCM
5928,156.6,94743,3786,EE,OC
5929,156.6,94745,3766,CS,OC
5930,156.6,94746,2617,CS,BC
5931,156.6,94747,1106,IT,BC
5932,156.6,94749,5502,CS,MBC
5933,156.6,94752,5022,ME,BC
5934,156.6,94754,2661,CS,BC
5935,156.6,94755,1309,CE,SC
5936,156.6,94756,3829,IT,MBC
5937,156.5,94758,4680,EC,BC
5938,156.5,94759,5,EI,SC
5939,156.5,94760,3801,EE,BCM
5940,156.5,94761,2656,EE,MBC
5941,156.5,94762,2328,EE,BC
5942,156.5,94765,2632,CS,MBC
5943,156.5,94766,5832,EC,BC
5944,156.5,94768,5986,EC,SC
5945,156.5,94769,3805,ME,OC
5946,156.5,94770,2634,AD,MBC
5947,156.5,94772,5990,CS,OC
5948,156.5,94773,3760,AD,BC
5949,156.5,94780,2736,BM,SC
5950,156.5,94781,3021,CE,OC
5951,156.5,94783,2610,EC,BC
5952,156.5,94784,2345,CS,SC
5953,156.5,94785,1525,EC,OC
5954,156.5,94790,4957,EC,OC
5955,156.5,94797,5915,EC,OC
5956,156.5,94798,2624,FD,OC
5957,156.5,94801,2636,EC,BCM
5958,156.5,94802,3425,EC,SC
5959,156.5,94804,1207,IT,SC
5960,156.5,94807,2611,FD,BC
5961,156.5,94808,2729,CS,SC
5962,156.5,94810,4917,ME,OC
5963,156.5,94811,1238,EC,BC
5964,156.5,94813,2710,TS,SC
5965,156.5,94817,4672,EC,MBC
5966,156.5,94818,4964,CS,BC
5967,156.5,94820,1523,EC,OC
5968,156.5,94822,2726,ME,MBC
5969,156.5,94823,2329,CS,SC
5970,156.5,94825,2731,EE,OC
5971,156.5,94826,1237,ME,BC
5972,156.5,94829,1137,CS,MBC
5973,156.5,94832,1207,EC,SC
5974,156.5,94833,1233,ME,OC
5975,156.5,94834,2357,EE,BC
5976,156.5,94835,4949,MZ,OC
5977,156.5,94837,4678,EC,SC
5978,156.5,94838,1504,CS,SC
5979,156.5,94839,1444,ME,OC
5980,156.5,94841,2750,ME,BC
5981,156.5,94843,1112,CS,SCA
5982,156.5,94844,1325,EC,BC
5983,156.5,94845,3786,CS,BC
5984,156.5,94846,5532,EE,BC
5985,156.5,94847,5530,ME,OC
5986,156.5,94848,2726,MZ,MBC
5987,156.5,94850,3830,ME,BC
5988,156.5,94851,3905,EC,BCM
5989,156.5,94852,2715,AG,SC
5990,156.5,94853,2747,CS,BC
5991,156.5,94856,3701,CE,BC
5992,156.5,94857,1013,XM,OC
5993,156.5,94859,3456,CS,MBC
5994,156.5,94860,2743,AD,MBC
5995,156.5,94861,1422,MD,SC
5996,156.5,94862,2314,CS,BC
5997,156.5,94864,5022,CE,OC
5998,156.5,94865,3016,EE,MBC
5999,156.5,94866,5910,CE,BC
6000,156.5,94868,1110,BT,BC
6001,156.5,94882,1419,EI,SC
6002,156.5,94884,5,ME,BC
6003,156.5,94892,1309,CE,SC
6004,156.5,94899,1228,BM,BC
6005,156.5,94900,1501,CS,BC
6006,156.5,94902,1013,ME,BC
6007,156.5,94904,4962,ME,SC
6008,156.5,94909,3811,CS,MBC
6009,156.5,94911,3806,CS,MBC
6010,156.5,94912,4917,BT,OC
6011,156.5,94917,2726,ME,BC
6012,156.5,94919,2716,IT,BC
6013,156.5,94929,3701,ME,BC
6014,156.5,94932,2753,CS,BC
6015,156.5,94937,4024,GI,BC
6016,156.5,94938,1303,ME,OC
6017,156.5,94941,1118,CB,SC
6018,156.5,94943,1122,CE,OC
6019,156.5,94963,2726,ME,BC
6020,156.5,94968,4959,ME,BC
6021,156.5,94973,1217,BT,BC
6022,156.5,94974,3807,EC,OC
6023,156.5,94978,3805,PH,BC
6024,156.5,94979,3918,CE,OC
6025,156.5,94982,3016,EE,BC
6026,156.5,94983,3806,CS,BC
6027,156.5,94984,1405,CS,BCM
6028,156.5,94985,2743,AD,MBC
6029,156.5,94994,2718,MZ,SC
6030,156.5,95001,1101,EC,BC
6031,156.5,95002,3760,AD,MBC
6032,156.5,95004,2661,EE,OC
6033,156.5,95006,2721,EE,BC
6034,156.5,95008,1412,CS,SC
6035,156.5,95009,3810,EC,BC
6036,156.5,95011,1421,CS,MBC
6037,156.5,95012,4964,EC,OC
6038,156.5,95013,2349,RM,OC
6039,156.5,95014,1128,EC,SC
6040,156.5,95017,4864,EC,BC
6041,156.5,95020,4670,ME,OC
6042,156.5,95022,3701,AD,SC
6043,156.5,95024,4955,ME,BC
6044,156.5,95025,1414,ME,MBC
6045,156.5,95026,5530,EE,BC
6046,156.5,95028,2751,AD,MBC
6047,156.5,95031,2609,IT,MBC
6048,156.5,95032,1126,CS,BC
6049,156.5,95033,2610,CY,MBC
6050,156.5,95034,5502,EC,OC
6051,156.5,95035,3831,IT,OC
6052,156.5,95037,4670,EC,BC
6053,156.5,95038,1519,IT,OC
6054,156.5,95039,5536,EE,OC
6055,156.5,95040,2613,CS,SCA
6056,156.5,95041,1225,EE,MBC
6057,156.5,95043,1411,BT,OC
6058,156.5,95044,3011,XC,BC
6059,156.5,95045,3811,CS,BC
6060,156.5,95048,5915,CE,OC
6061,156.5,95050,2768,CS,OC
6062,156.5,95051,1217,EC,BC
6063,156.5,95054,2643,CS,SC
6064,156.5,95061,2620,BM,BC
6065,156.5,95062,4864,EE,OC
6066,156.5,95063,2347,EC,MBC
6067,156.5,95064,2657,EC,OC
6068,156.5,95066,1120,EC,SC
6069,156.5,95067,2716,AG,OC
6070,156.5,95068,4982,CS,OC
6071,156.5,95069,1501,IT,SC
6072,156.5,95073,3019,EC,SC
6073,156.5,95074,2707,CD,BC
6074,156.5,95076,2735,EC,SC
6075,156.5,95077,2749,EC,OC
6076,156.5,95078,3425,EE,MBC
6077,156.5,95081,2776,CS,MBC
6078,156.5,95084,2752,EC,MBC
6079,156.5,95085,3819,ME,SC
6080,156.5,95092,1303,CS,SC
6081,156.5,95094,2735,EE,MBC
6082,156.5,95095,1311,EC,SC
6083,156.5,95100,1523,ME,OC
6084,156.5,95101,1512,IT,OC
6085,156.5,95104,4969,CS,BC
6086,156.5,95105,2347,AG,MBC
6087,156.5,95107,4952,IT,OC
6088,156.4,95108,2620,IT,SC
6089,156.4,95110,2707,BM,BC
6090,156.4,95111,4917,EE,BC
6091,156.4,95117,2349,AD,OC
6092,156.4,95118,2707,ME,SC
6093,156.4,95120,4993,BM,BC
6094,156.4,95122,2636,CS,BC
6095,156.4,95123,2721,CE,BC
6096,156.4,95127,1216,EC,SC
6097,156.4,95129,3908,CS,BCM
6098,156.4,95131,2705,CS,SC
6099,156.4,95133,1409,AD,SC
6100,156.4,95139,2776,CE,OC
6101,156.4,95145,2715,ME,OC
6102,156.4,95146,2721,CE,BC
6103,156.4,95147,2613,ME,OC
6104,156.4,95149,4984,CS,OC
6105,156.4,95150,1316,EC,BC
6106,156.4,95152,1437,IT,OC
6107,156.4,95153,2643,EC,OC
6108,156.4,95154,1411,IT,OC
6109,156.4,95155,2642,EC,OC
6110,156.4,95156,5930,CS,OC
6111,156.4,95157,2638,CS,OC
6112,156.4,95158,3805,EC,BCM
6113,156.4,95159,2601,CS,SCA
6114,156.4,95160,3905,EC,BC
6115,156.4,95161,3905,EC,BC
6116,156.4,95162,4864,ME,OC
6117,156.4,95163,2610,EC,BC
6118,156.4,95164,1310,CS,SC
6119,156.4,95166,1233,EE,MBC
6120,156.4,95167,1014,CE,MBC
6121,156.4,95168,4972,EC,BC
6122,156.4,95173,5703,EC,OC
6123,156.4,95175,2741,EE,MBC
6124,156.4,95176,1507,CS,BC
6125,156.4,95177,2712,CS,ST
6126,156.4,95178,2314,EC,SC
6127,156.4,95181,3410,ME,OC
6128,156.4,95182,2620,EC,MBC
6129,156.4,95183,1238,BM,MBC
6130,156.4,95184,1241,CS,BC
6131,156.4,95185,5915,CS,BC
6132,156.4,95185,5017,EC,BC
6133,156.4,95186,1523,AU,OC
6134,156.4,95187,1519,IT,OC
6135,156.4,95188,4917,AG,MBC
6136,156.4,95191,2634,BM,BC
6137,156.4,95195,2665,CS,OC
6138,156.4,95196,3019,CE,OC
6139,156.4,95199,4928,ME,OC
6140,156.4,95200,2755,FD,MBC
6141,156.4,95201,2661,CS,BC
6142,156.4,95202,4676,EC,BC
6143,156.4,95203,4972,EC,BC
6144,156.4,95206,3805,EC,MBC
6145,156.4,95208,2705,CS,MBC
6146,156.4,95209,5,EI,MBC
6147,156.4,95210,2710,ME,MBC
6148,156.4,95211,2610,EE,OC
6149,156.4,95213,3806,CB,BC
6150,156.4,95214,4949,EC,OC
6151,156.4,95216,5,ME,SC
6152,156.4,95218,3021,EE,SC
6153,156.4,95219,2708,MZ,MBC
6154,156.4,95220,4670,EE,BC
6155,156.4,95221,1507,CS,BC
6156,156.4,95222,1216,EE,SC
6157,156.4,95223,1202,IT,SC
6158,156.4,95224,4970,EE,OC
6159,156.4,95225,2609,EC,BC
6160,156.4,95227,4864,EE,OC
6161,156.4,95228,1226,EC,MBC
6162,156.4,95230,1504,EE,BC
6163,156.4,95231,3806,IT,SC
6164,156.4,95232,2769,CS,BC
6165,156.4,95233,2314,CS,BC
6166,156.4,95234,2611,MD,OC
6167,156.4,95236,5910,CE,BC
6168,156.4,95239,1013,ME,BC
6169,156.4,95240,4949,CS,BC
6170,156.4,95241,2726,AG,BC
6171,156.4,95244,4964,EC,OC
6172,156.4,95245,5911,CS,BC
6173,156.4,95246,1408,EC,MBC
6174,156.4,95250,3760,AG,SC
6175,156.4,95252,1216,EC,SC
6176,156.4,95253,1149,EC,SC
6177,156.4,95254,2713,CS,OC
6178,156.4,95257,1237,ME,BC
6179,156.4,95258,4933,EC,OC
6180,156.4,95259,2776,CS,BCM
6181,156.4,95263,1452,EC,MBC
6182,156.4,95265,4952,IT,OC
6183,156.4,95267,1202,CS,BC
6184,156.4,95268,1015,EE,SC
6185,156.4,95269,4980,ME,OC
6186,156.4,95273,3908,EE,OC
6187,156.4,95274,3011,XM,OC
6188,156.4,95277,1120,EE,SC
6189,156.4,95279,2622,CS,MBC
6190,156.4,95281,3849,CS,OC
6191,156.4,95283,2722,CE,MBC
6192,156.4,95286,1106,IT,BC
6193,156.4,95287,2618,FT,BC
6194,156.4,95288,2768,CS,OC
6195,156.4,95292,1322,EC,OC
6196,156.4,95293,2743,AD,BC
6197,156.4,95294,4955,CE,BC
6198,156.4,95295,2628,CS,BC
6199,156.4,95297,3826,AG,BC
6200,156.4,95298,1231,EC,SC
6201,156.4,95299,2743,AG,BC
6202,156.4,95300,1430,CS,OC
6203,156.4,95303,3805,ME,OC
6204,156.4,95305,3801,CE,OC
6205,156.4,95306,4980,CS,BC
6206,156.4,95308,5022,ME,MBC
6207,156.4,95311,1207,IT,BC
6208,156.4,95313,2653,EC,BCM
6209,156.4,95314,2652,EE,OC
6210,156.4,95315,3701,EE,MBC
6211,156.4,95316,2716,IT,BC
6212,156.4,95318,2632,EC,OC
6213,156.4,95321,2302,BM,SCA
6214,156.4,95322,4928,ME,OC
6215,156.4,95323,5703,EC,OC
6216,156.4,95324,2647,EC,OC
6217,156.4,95325,2657,CS,MBC
6218,156.4,95329,2743,AG,MBC
6219,156.4,95331,3811,CS,BC
6220,156.4,95333,1407,CS,BC
6221,156.4,95334,4944,AD,BC
6222,156.4,95335,4970,EE,OC
6223,156.4,95336,3812,IT,MBC
6224,156.3,95338,4929,EE,OC
6225,156.3,95339,2661,CS,SC
6226,156.3,95345,2707,BM,BC
6227,156.3,95346,2347,ME,OC
6228,156.3,95347,3819,ME,MBC
6229,156.3,95351,2653,EC,BCM
6230,156.3,95354,2711,CD,SC
6231,156.3,95359,1211,ME,SC
6232,156.3,95364,2638,CS,OC
6233,156.3,95365,2636,EE,MBC
6234,156.3,95366,4964,CS,BC
6235,156.3,95367,2750,EE,SC
6236,156.3,95368,1126,AD,MBC
6237,156.3,95369,3805,EC,BC
6238,156.3,95374,3456,CS,BC
6239,156.3,95375,4957,CS,SC
6240,156.3,95376,4984,CS,OC
6241,156.3,95384,3806,CB,BC
6242,156.3,95385,4931,CS,BC
6243,156.3,95388,2627,BT,SCA
6244,156.3,95390,2613,EE,BC
6245,156.3,95391,3843,CS,MBC
6246,156.3,95398,2611,ME,OC
6247,156.3,95399,2716,IT,BC
6248,156.3,95401,2329,AG,BC
6249,156.3,95402,2636,CS,SCA
6250,156.3,95403,5915,CS,MBC
6251,156.3,95404,2329,EC,MBC
6252,156.3,95405,2357,CE,BC
6253,156.3,95407,3786,CS,BC
6254,156.3,95408,4961,ME,OC
6255,156.3,95409,2357,CS,SC
6256,156.3,95410,3855,CS,OC
6257,156.3,95411,4680,EC,SC
6258,156.3,95413,2624,CS,BC
6259,156.3,95415,1316,AO,SCA
6260,156.3,95417,2608,ME,BC
6261,156.3,95418,4952,IT,OC
6262,156.3,95420,1219,AU,SC
6263,156.3,95421,2606,CS,BC
6264,156.3,95423,1106,EI,OC
6265,156.3,95424,1317,EE,SC
6266,156.3,95426,1123,AE,OC
6267,156.3,95429,1106,CE,OC
6268,156.3,95432,2745,EC,BC
6269,156.3,95436,2329,AG,BC
6270,156.3,95437,2755,FD,MBC
6271,156.3,95439,2750,AD,SC
6272,156.3,95442,4971,CE,MBC
6273,156.3,95443,1422,ME,SC
6274,156.3,95444,3466,EE,OC
6275,156.3,95445,2609,EE,OC
6276,156.3,95446,5862,CS,BC
6277,156.3,95447,2727,AG,BC
6278,156.3,95448,2347,CS,BC
6279,156.3,95449,2602,MD,OC
6280,156.3,95450,2632,CS,MBC
6281,156.3,95451,5832,ME,OC
6282,156.3,95452,3826,AG,BC
6283,156.3,95455,1228,ME,OC
6284,156.3,95456,2327,CS,OC
6285,156.3,95459,2656,CS,SC
6286,156.3,95461,2727,BT,SCA
6287,156.3,95462,2762,EC,BC
6288,156.3,95464,1512,CS,OC
6289,156.3,95465,2342,EC,OC
6290,156.3,95471,4966,EC,OC
6291,156.3,95475,2651,AD,BC
6292,156.3,95476,1408,EC,MBC
6293,156.3,95477,2719,EE,SC
6294,156.3,95478,3812,IT,MBC
6295,156.3,95479,2740,CS,SC
6296,156.3,95481,1416,CS,OC
6297,156.3,95482,4982,CS,OC
6298,156.3,95484,1231,EC,SC
6299,156.3,95485,2707,EC,MBC
6300,156.3,95489,2607,ME,OC
6301,156.3,95490,3019,ME,OC
6302,156.3,95492,4999,CE,OC
6303,156.3,95494,3829,IT,SCA
6304,156.3,95495,2707,EC,MBC
6305,156.3,95496,2609,AD,MBC
6306,156.3,95498,2713,IT,OC
6307,156.3,95500,2747,CE,OC
6308,156.3,95501,2732,CS,BC
6309,156.3,95502,4969,CS,BC
6310,156.3,95503,5,CH,BC
6311,156.3,95504,2611,AE,OC
6312,156.3,95505,2347,AG,MBC
6313,156.3,95506,5832,EC,MBC
6314,156.3,95508,4928,ME,OC
6315,156.3,95511,4928,EC,BC
6316,156.3,95512,4964,AE,OC
6317,156.3,95514,2683,CS,OC
6318,156.3,95515,2704,ME,SC
6319,156.3,95518,4928,ME,OC
6320,156.3,95521,2338,CS,OC
6321,156.3,95523,4933,EC,MBC
6322,156.3,95535,1520,EC,OC
6323,156.3,95538,2627,CS,MBC
6324,156.3,95540,1412,CS,MBC
6325,156.3,95543,3806,CB,MBC
6326,156.3,95546,4023,XM,OC
6327,156.3,95549,5862,CS,BC
6328,156.3,95551,3821,CS,OC
6329,156.3,95552,2741,EE,SC
6330,156.3,95555,2611,AG,OC
6331,156.3,95555,3826,EC,SC
6332,156.3,95556,2632,CS,MBC
6333,156.3,95558,1517,CS,OC
6334,156.3,95559,1452,CS,MBC
6335,156.3,95561,2659,CS,OC
6336,156.3,95562,2314,CS,MBC
6337,156.2,95563,2751,ME,MBC
6338,156.2,95565,2737,CS,OC
6339,156.2,95566,1319,AD,OC
6340,156.2,95567,3782,ME,OC
6341,156.2,95569,4927,ME,OC
6342,156.2,95571,2611,BM,MBC
6343,156.2,95572,2736,ME,OC
6344,156.2,95573,1149,EC,SC
6345,156.2,95577,3805,EC,BC
6346,156.2,95584,2743,AD,BC
6347,156.2,95585,1307,EC,SC
6348,156.2,95587,2707,EE,BC
6349,156.2,95588,2302,EC,OC
6350,156.2,95589,2729,EE,BC
6351,156.2,95591,2609,IT,BC
6352,156.2,95594,3795,EC,SC
6353,156.2,95597,3810,IT,MBC
6354,156.2,95598,4966,CS,BC
6355,156.2,95599,2750,EC,SC
6356,156.2,95600,3918,CE,OC
6357,156.2,95602,2622,ME,BC
6358,156.2,95603,1217,BT,SC
6359,156.2,95604,3806,CB,BC
6360,156.2,95605,2651,AD,BC
6361,156.2,95607,2349,RM,OC
6362,156.2,95608,1317,EI,SC
6363,156.2,95610,2747,CS,SCA
6364,156.2,95611,4984,ME,OC
6365,156.2,95612,4992,IT,OC
6366,156.2,95613,2636,EE,SC
6367,156.2,95614,1426,CS,OC
6368,156.2,95617,2347,CS,BC
6369,156.2,95618,3817,CS,SC
6370,156.2,95619,2636,AD,MBC
6371,156.2,95620,2764,CS,SC
6372,156.2,95622,1210,ME,SC
6373,156.2,95623,1137,CS,MBC
6374,156.2,95625,2634,AD,MBC
6375,156.2,95626,5,EI,MBC
6376,156.2,95629,3829,IT,BC
6377,156.2,95632,2753,CS,MBC
6378,156.2,95633,3806,CS,MBC
6379,156.2,95635,2723,CE,MBC
6380,156.2,95637,2627,EC,OC
6381,156.2,95638,4975,ME,OC
6382,156.2,95639,2636,EC,SC
6383,156.2,95643,3826,ME,OC
6384,156.2,95644,2608,EC,BCM
6385,156.2,95646,2715,CH,OC
6386,156.2,95648,2761,CS,BC
6387,156.2,95650,4957,CS,SC
6388,156.2,95652,1309,CE,BC
6389,156.2,95655,2745,AD,BCM
6390,156.2,95656,5533,CE,OC
6391,156.2,95658,2622,CS,SC
6392,156.2,95660,2719,EE,SC
6393,156.2,95661,3462,ME,OC
6394,156.2,95662,5530,EE,MBC
6395,156.2,95663,1518,IT,OC
6396,156.2,95664,5502,EC,OC
6397,156.2,95665,5935,AU,OC
6398,156.2,95666,5919,BT,OC
6399,156.2,95667,4675,CS,BC
6400,156.2,95668,2341,EE,OC
6401,156.2,95671,2609,AD,MBC
6402,156.2,95674,3454,CS,SC
6403,156.2,95675,2651,AD,MBC
6404,156.2,95679,1014,CE,MBC
6405,156.2,95680,2623,BM,OC
6406,156.2,95682,3018,CS,BCM
6407,156.2,95683,2705,CS,BC
6408,156.2,95684,1015,EE,SC
6409,156.2,95685,4964,MR,SC
6410,156.2,95688,1412,IT,BC
6411,156.2,95689,2707,EC,BC
6412,156.2,95690,5,EI,SC
6413,156.2,95692,3019,ME,OC
6414,156.2,95693,1408,CS,SC
6415,156.2,95694,1507,CS,MBC
6416,156.2,95696,2345,CS,BC
6417,156.2,95697,3905,EC,BCM
6418,156.2,95699,3806,CB,BC
6419,156.2,95701,3804,CS,BC
6420,156.2,95702,2357,ME,OC
6421,156.2,95703,2611,FD,MBC
6422,156.2,95706,3806,EC,OC
6423,156.2,95708,3821,CS,OC
6424,156.2,95711,1407,BM,OC
6425,156.2,95713,1140,ME,BC
6426,156.2,95714,2747,CS,MBC
6427,156.2,95715,1408,EE,OC
6428,156.2,95716,1238,EC,BC
6429,156.2,95717,3804,EC,OC
6430,156.2,95719,1405,CS,MBC
6431,156.2,95721,1421,CS,BC
6432,156.2,95722,4972,ME,OC
6433,156.2,95725,4672,EC,SC
6434,156.2,95727,4992,EE,OC
6435,156.2,95728,2357,AD,SCA
6436,156.2,95729,1412,EC,OC
6437,156.2,95734,4955,ME,MBC
6438,156.2,95736,2360,MZ,OC
6439,156.2,95737,1126,BM,BC
6440,156.2,95738,4917,BM,BC
6441,156.2,95739,1442,BM,MBC
6442,156.2,95740,2769,AD,BC
6443,156.2,95741,5988,CS,BC
6444,156.2,95742,1501,EE,OC
6445,156.2,95743,1401,EC,BC
6446,156.2,95744,1014,CE,BC
6447,156.2,95745,4980,CS,BC
6448,156.2,95746,4957,CS,BC
6449,156.2,95747,5532,EE,SC
6450,156.2,95749,2752,IT,MBC
6451,156.2,95756,2653,ME,BC
6452,156.2,95758,4961,ME,OC
6453,156.2,95762,1520,IT,BC
6454,156.2,95764,2747,CS,BC
6455,156.2,95766,2328,EE,BC
6456,156.2,95767,2636,AD,MBC
6457,156.2,95770,2338,AG,OC
6458,156.2,95772,3019,EE,BC
6459,156.2,95775,1519,CS,OC
6460,156.2,95776,2342,EE,OC
6461,156.2,95779,5022,EE,MBC
6462,156.2,95780,1304,ME,SC
6463,156.2,95781,3801,ME,OC
6464,156.2,95782,4023,EE,SC
6465,156.2,95783,2707,IT,BCM
6466,156.2,95784,4669,CS,OC
6467,156.2,95785,2726,ME,BC
6468,156.2,95788,4944,EC,BC
6469,156.2,95789,3826,CE,OC
6470,156.2,95790,3011,CE,MBC
6471,156.2,95791,2647,CS,OC
6472,156.2,95795,1442,AD,MBC
6473,156.2,95796,3810,AD,SC
6474,156.2,95797,1210,ME,BCM
6475,156.2,95800,1409,EE,OC
6476,156.1,95801,1430,EC,OC
6477,156.1,95802,3801,ME,OC
6478,156.1,95803,3833,CS,BCM
6479,156.1,95804,1510,CS,SCA
6480,156.1,95805,2763,EC,OC
6481,156.1,95806,1127,CS,SC
6482,156.1,95807,3786,CS,BCM
6483,156.1,95808,3806,EC,OC
6484,156.1,95809,2755,FD,BC
6485,156.1,95810,1137,CE,OC
6486,156.1,95811,2328,EC,MBC
6487,156.1,95814,3810,CS,MBC
6488,156.1,95815,1219,IT,ST
6489,156.1,95818,1228,EC,BC
6490,156.1,95819,3016,EE,MBC
6491,156.1,95822,3831,ME,OC
6492,156.1,95823,3807,EC,OC
6493,156.1,95826,1405,AD,BCM
6494,156.1,95832,3803,CE,OC
6495,156.1,95836,1452,EC,BCM
6496,156.1,95839,3786,CS,BC
6497,156.1,95840,4917,EE,BC
6498,156.1,95846,2621,EC,MBC
6499,156.1,95848,2639,EC,BC
6500,156.1,95849,3410,EC,MBC
6501,156.1,95850,2338,BM,OC
6502,156.1,95851,3019,EE,BC
6503,156.1,95857,2711,AD,SCA
6504,156.1,95858,1110,BT,MBC
6505,156.1,95860,2744,EC,BC
6506,156.1,95861,2632,CS,MBC
6507,156.1,95862,2636,EC,BC
6508,156.1,95864,2630,EC,BC
6509,156.1,95865,4967,ME,OC
6510,156.1,95867,3831,IT,OC
6511,156.1,95869,2624,CS,BC
6512,156.1,95870,4965,EE,OC
6513,156.1,95872,1325,IT,SC
6514,156.1,95874,5935,EC,MBC
6515,156.1,95878,1123,AE,OC
6516,156.1,95881,2753,AG,OC
6517,156.1,95882,5913,EC,OC
6518,156.1,95883,2601,BT,MBC
6519,156.1,95884,1412,CS,BC
6520,156.1,95885,2718,MZ,SC
6521,156.1,95886,2716,EC,OC
6522,156.1,95888,4989,CS,BC
6523,156.1,95890,2673,EC,BC
6524,156.1,95891,3805,EE,BC
6525,156.1,95892,3810,AG,SC
6526,156.1,95893,4959,ME,BC
6527,156.1,95897,1523,EC,OC
6528,156.1,95898,2659,EE,OC
6529,156.1,95899,2611,EC,BC
6530,156.1,95900,4966,CS,BC
6531,156.1,95901,5910,CS,SC
6532,156.1,95905,2342,CE,OC
6533,156.1,95906,4994,EC,OC
6534,156.1,95910,5,ME,BC
6535,156.1,95912,5022,EE,BC
6536,156.1,95913,4972,CS,MBC
6537,156.1,95915,1217,EE,OC
6538,156.1,95916,2601,EC,MBC
6539,156.1,95919,2763,CS,MBC
6540,156.1,95922,1120,CE,OC
6541,156.1,95924,4675,EC,BC
6542,156.1,95925,2634,AD,SC
6543,156.1,95930,4954,ME,OC
6544,156.1,95932,4972,EC,BC
6545,156.1,95934,2629,MD,OC
6546,156.1,95935,4670,EC,SC
6547,156.1,95937,4964,CS,BCM
6548,156.1,95940,2707,CD,BC
6549,156.1,95943,1127,EC,OC
6550,156.1,95944,2657,RM,OC
6551,156.1,95948,3786,ME,OC
6552,156.1,95949,3826,ME,BC
6553,156.1,95950,3801,ME,OC
6554,156.1,95951,3810,CS,BC
6555,156.1,95953,5919,EE,OC
6556,156.1,95956,2338,AG,OC
6557,156.1,95961,1405,AD,BC
6558,156.1,95962,2659,ME,OC
6559,156.1,95963,2721,IC,MBC
6560,156.1,95964,2602,MD,MBC
6561,156.1,95965,2750,AD,SC
6562,156.1,95966,1424,PE,OC
6563,156.1,95967,1126,CS,BC
6564,156.1,95970,4999,CS,OC
6565,156.1,95971,2711,MZ,SC
6566,156.1,95972,3806,CS,BC
6567,156.1,95973,4967,EC,OC
6568,156.1,95976,4999,AD,BC
6569,156.1,95978,1426,CS,OC
6570,156.1,95980,3860,EC,OC
6571,156.1,95981,2707,AD,MBC
6572,156.1,95985,2609,EC,MBC
6573,156.1,95986,3786,EE,OC
6574,156.1,95987,1126,CS,BC
6575,156.1,95991,3806,CB,MBC
6576,156.1,95992,5532,CE,OC
6577,156.1,95994,4993,ME,OC
6578,156.1,95996,1411,CS,BC
6579,156.0,95999,2736,EC,MBC
6580,156.0,96001,4964,MR,MBC
6581,156.0,96002,2743,AD,SC
6582,156.0,96004,1207,AD,BC
6583,156.0,96006,4949,ME,OC
6584,156.0,96007,1014,CE,SC
6585,156.0,96008,2618,CE,BC
6586,156.0,96016,1408,EC,MBC
6587,156.0,96017,2643,EC,OC
6588,156.0,96021,2747,CS,MBC
6589,156.0,96022,2347,EE,OC
6590,156.0,96027,2342,EC,OC
6591,156.0,96028,4957,EC,OC
6592,156.0,96030,2739,EC,SCA
6593,156.0,96032,5530,CS,BCM
6594,156.0,96035,5,ME,MBC
6595,156.0,96041,4675,CS,BC
6596,156.0,96042,4969,EE,OC
6597,156.0,96043,2327,ME,OC
6598,156.0,96044,1013,XM,OC
6599,156.0,96045,3456,CS,SC
6600,156.0,96050,4670,EE,BC
6601,156.0,96051,3811,CS,BC
6602,156.0,96052,3454,BM,SC
6603,156.0,96053,1525,CS,OC
6604,156.0,96056,3011,XM,OC
6605,156.0,96058,4970,CS,SC
6606,156.0,96059,1424,PE,OC
6607,156.0,96060,1202,CS,MBC
6608,156.0,96063,2314,CS,BC
6609,156.0,96064,2758,CS,SC
6610,156.0,96066,5017,EC,MBC
6611,156.0,96068,2764,ME,SCA
6612,156.0,96069,1416,CS,MBC
6613,156.0,96070,2740,ME,BC
6614,156.0,96072,2749,AG,OC
6615,156.0,96074,2731,EC,SC
6616,156.0,96077,4982,CS,OC
6617,156.0,96078,2329,IT,SC
6618,156.0,96079,3805,EC,BC
6619,156.0,96080,2622,ME,SC
6620,156.0,96088,2707,EC,BC
6621,156.0,96089,2732,CS,BC
6622,156.0,96090,2610,BM,BC
6623,156.0,96093,5,ME,BC
6624,156.0,96095,4969,CS,BCM
6625,156.0,96097,1122,CE,OC
6626,156.0,96099,3011,AU,SC
6627,156.0,96104,1316,BM,BC
6628,156.0,96105,3786,CS,SC
6629,156.0,96113,1512,CS,OC
6630,156.0,96114,1126,AD,BC
6631,156.0,96116,2618,MZ,MBC
6632,156.0,96120,3019,CE,OC
6633,156.0,96121,2739,EC,SC
6634,156.0,96125,2743,EC,BC
6635,156.0,96126,2609,AD,BCM
6636,156.0,96127,1411,CS,BC
6637,156.0,96129,2704,MZ,BC
6638,156.0,96130,1412,EC,OC
6639,156.0,96131,2636,AD,MBC
6640,156.0,96132,1304,AU,MBC
6641,156.0,96133,3805,EC,BC
6642,156.0,96134,2769,EE,OC
6643,156.0,96136,3011,XM,OC
6644,156.0,96137,1123,CS,OC
6645,156.0,96138,3819,CB,SC
6646,156.0,96140,2705,CS,BC
6647,156.0,96143,2745,CS,BCM
6648,156.0,96146,2651,AD,SC
6649,156.0,96147,1013,XM,OC
6650,156.0,96148,3817,BT,OC
6651,156.0,96149,5862,CS,BC
6652,156.0,96152,2345,AD,BC
6653,156.0,96153,1217,CS,SC
6654,156.0,96156,4949,ME,OC
6655,156.0,96159,2624,CH,OC
6656,156.0,96160,2704,EC,SC
6657,156.0,96164,2711,ME,SC
6658,156.0,96166,4980,CS,MBC
6659,156.0,96174,2625,BM,OC
6660,156.0,96175,1237,ME,BC
6661,156.0,96176,3410,EE,OC
6662,156.0,96180,1202,CS,BC
6663,156.0,96180,1149,ME,MBC
6664,156.0,96186,2357,CS,SC
6665,156.0,96190,1301,CE,OC
6666,156.0,96193,1217,BT,MBC
6667,156.0,96203,2630,CS,BC
6668,156.0,96206,2772,CS,OC
6669,156.0,96207,2601,EE,BC
6670,156.0,96209,2702,CT,SC
6671,156.0,96211,1217,MH,OC
6672,156.0,96212,3786,CS,BC
6673,156.0,96215,1237,AD,SC
6674,156.0,96216,2704,MZ,MBC
6675,156.0,96218,1124,MR,BC
6676,156.0,96221,2708,ME,BCM
6677,156.0,96222,5,CH,BC
6678,156.0,96227,2657,CS,BC
6679,156.0,96231,3830,EE,MBC
6680,156.0,96247,2723,EE,MBC
6681,156.0,96252,1317,CE,BCM
6682,156.0,96253,1509,CS,SC
6683,156.0,96256,1317,EE,SC
6684,156.0,96261,2743,AD,BC
6685,156.0,96265,1317,CE,MBC
6686,156.0,96266,1412,EE,OC
6687,156.0,96267,4962,ME,SC
6688,156.0,96270,2613,IT,SC
6689,156.0,96271,2640,EE,OC
6690,156.0,96280,1013,ME,SC
6691,156.0,96281,2731,ME,OC
6692,156.0,96282,2341,BM,OC
6693,156.0,96283,1149,ME,BCM
6694,156.0,96284,3908,CS,BC
6695,156.0,96286,2705,ME,OC
6696,156.0,96289,5912,CS,MBC
6697,156.0,96290,3804,CS,SC
6698,156.0,96291,3821,CS,OC
6699,156.0,96292,1110,BT,MBC
6700,156.0,96294,1304,ME,SC
6701,156.0,96295,3016,EC,SC
6702,156.0,96296,2659,CS,MBC
6703,156.0,96300,2622,AD,SC
6704,156.0,96302,4969,CS,MBC
6705,156.0,96303,2628,CS,MBC
6706,156.0,96304,2609,CH,OC
6707,156.0,96305,2734,CD,MBC
6708,156.0,96307,3849,IT,OC
6709,156.0,96310,2651,CS,BC
6710,156.0,96312,4944,EC,BC
6711,156.0,96314,2609,IT,BC
6712,156.0,96315,2769,AD,BC
6713,156.0,96317,2620,TS,MBC
6714,156.0,96319,2630,CS,MBC
6715,156.0,96320,1408,EC,BC
6716,156.0,96322,2708,CS,SCA
6717,156.0,96323,1237,ME,BC
6718,156.0,96325,1149,EC,SC
6719,156.0,96327,5,EI,MBC
6720,156.0,96329,3410,CS,BC
6721,156.0,96331,2715,CH,OC
6722,156.0,96335,2751,ME,BC
6723,156.0,96337,2608,CB,MBC
6724,156.0,96340,1405,AD,MBC
6725,156.0,96342,4680,ME,OC
6726,156.0,96343,1319,IT,OC
6727,156.0,96347,4959,ME,BC
6728,156.0,96351,3021,CE,OC
6729,156.0,96352,3804,CS,BC
6730,156.0,96353,4996,EE,OC
6731,156.0,96355,1401,EC,MBC
6732,156.0,96356,4957,IT,OC
6733,156.0,96357,1322,IT,SC
6734,156.0,96360,5,CE,BC
6735,156.0,96362,4952,CS,OC
6736,156.0,96363,5,MM,OC
6737,156.0,96364,4670,CE,BC
6738,156.0,96365,4957,ME,OC
6739,156.0,96369,2614,EE,OC
6740,156.0,96370,3817,ME,OC
6741,156.0,96375,2744,EC,MBC
6742,156.0,96378,3760,AG,SC
6743,156.0,96380,2610,EE,OC
6744,156.0,96382,4966,CS,SC
6745,156.0,96383,2762,EC,BC
6746,156.0,96385,4024,EE,MBC
6747,156.0,96386,2620,IT,SC
6748,156.0,96387,2636,CS,SC
6749,156.0,96389,2357,EE,BC
6750,156.0,96390,4969,ME,OC
6751,156.0,96395,4953,CS,BC
6752,155.9,96399,2349,CS,BCM
6753,155.9,96400,4971,CE,BC
6754,155.9,96401,3805,PH,BC
6755,155.9,96404,2610,MZ,OC
6756,155.9,96405,1510,CS,BC
6757,155.9,96406,2632,CS,MBC
6758,155.9,96408,4999,AD,BC
6759,155.9,96409,2647,IT,OC
6760,155.9,96411,5910,CS,SC
6761,155.9,96412,2342,EC,OC
6762,155.9,96414,1122,EC,SC
6763,155.9,96417,4934,CS,SC
6764,155.9,96418,1452,EC,MBC
6765,155.9,96419,3805,FD,BC
6766,155.9,96421,5904,EE,BCM
6767,155.9,96422,1202,CS,SC
6768,155.9,96425,2734,ME,BC
6769,155.9,96426,3806,EC,OC
6770,155.9,96427,1316,ME,OC
6771,155.9,96428,4931,CS,BC
6772,155.9,96429,2638,CS,OC
6773,155.9,96431,2711,EC,SC
6774,155.9,96432,2729,ME,OC
6775,155.9,96433,3805,AO,OC
6776,155.9,96434,3826,CS,MBC
6777,155.9,96437,2752,EC,BC
6778,155.9,96439,2642,EE,OC
6779,155.9,96441,5910,EC,SC
6780,155.9,96442,2715,AD,MBC
6781,155.9,96443,2609,EC,BC
6782,155.9,96445,2653,EC,SC
6783,155.9,96449,4944,EE,OC
6784,155.9,96450,2347,EE,OC
6785,155.9,96451,1452,EE,OC
6786,155.9,96453,2716,EC,OC
6787,155.9,96454,4965,ME,OC
6788,155.9,96456,5536,AG,MBC
6789,155.9,96457,1207,CS,BC
6790,155.9,96460,1127,CH,OC
6791,155.9,96463,2601,ME,OC
6792,155.9,96467,4953,ME,OC
6793,155.9,96468,3018,EC,MBC
6794,155.9,96469,5530,CE,OC
6795,155.9,96470,2704,ME,MBC
6796,155.9,96474,2608,ME,MBC
6797,155.9,96477,2758,IT,OC
6798,155.9,96479,2755,AE,BC
6799,155.9,96480,4967,CS,BCM
6800,155.9,96482,2727,AG,BC
6801,155.9,96484,2731,EE,OC
6802,155.9,96487,4957,CS,BC
6803,155.9,96488,3805,RM,OC
6804,155.9,96490,1233,EE,BC
6805,155.9,96491,5930,EE,OC
6806,155.9,96492,2314,EC,SC
6807,155.9,96494,3805,EC,MBC
6808,155.9,96501,5862,CS,SC
6809,155.9,96502,2716,BM,OC
6810,155.9,96503,3804,CS,SCA
6811,155.9,96504,1137,ME,OC
6812,155.9,96505,2609,CS,MBC
6813,155.9,96506,2636,EC,BC
6814,155.9,96507,2704,MZ,BC
6815,155.9,96508,5,CH,MBC
6816,155.9,96509,3810,AG,BC
6817,155.9,96510,1322,EC,BC
6818,155.9,96511,5921,ME,OC
6819,155.9,96512,4999,CS,OC
6820,155.9,96513,2707,IT,MBC
6821,155.9,96516,2622,CS,SC
6822,155.9,96517,3819,CE,MBC
6823,155.9,96518,4968,EC,OC
6824,155.9,96520,4928,ME,OC
6825,155.9,96521,1325,EC,BC
6826,155.9,96522,1207,ME,OC
6827,155.9,96525,4949,CS,BC
6828,155.9,96527,2706,EE,MBC
6829,155.9,96534,1216,ME,MBC
6830,155.9,96536,3804,EE,OC
6831,155.9,96537,4980,EC,SC
6832,155.9,96542,5988,CS,BC
6833,155.9,96543,2729,CB,SC
6834,155.9,96544,2727,CE,OC
6835,155.9,96547,1325,EC,BC
6836,155.9,96548,2704,EE,MBC
6837,155.9,96550,2732,CS,MBC
6838,155.9,96551,5921,CS,BC
6839,155.9,96552,2708,IT,SCA
6840,155.9,96553,2634,AD,SC
6841,155.8,96554,2620,EC,BC
6842,155.8,96557,1207,AD,BCM
6843,155.8,96558,4680,ME,OC
6844,155.8,96559,2740,IT,SC
6845,155.8,96564,2731,PD,SC
6846,155.8,96566,5865,CE,BC
6847,155.8,96567,1137,CE,OC
6848,155.8,96570,4967,EC,OC
6849,155.8,96571,3826,ME,BC
6850,155.8,96572,3410,CS,MBC
6851,155.8,96573,1319,CS,OC
6852,155.8,96577,5022,EE,BC
6853,155.8,96578,2749,CS,BC
6854,155.8,96580,4933,CS,BC
6855,155.8,96583,2632,CS,BC
6856,155.8,96584,2722,EE,SC
6857,155.8,96585,2329,ME,BC
6858,155.8,96586,4964,CS,MBC
6859,155.8,96589,2630,CS,BC
6860,155.8,96590,1233,ME,SC
6861,155.8,96591,1149,EC,SC
6862,155.8,96595,1436,EE,OC
6863,155.8,96597,2710,CD,SC
6864,155.8,96598,5017,EE,OC
6865,155.8,96599,2722,CE,SC
6866,155.8,96600,4917,ME,OC
6867,155.8,96603,3805,EC,BC
6868,155.8,96604,2618,FT,MBC
6869,155.8,96605,1202,IT,MBC
6870,155.8,96608,1218,AD,MBC
6871,155.8,96609,1412,ME,OC
6872,155.8,96610,2725,CS,SC
6873,155.8,96611,2628,CS,MBC
6874,155.8,96612,1311,EC,SC
6875,155.8,96614,2758,CS,SCA
6876,155.8,96617,2617,CS,BC
6877,155.8,96618,3805,CS,SC
6878,155.8,96619,1325,EC,BC
6879,155.8,96620,2608,ME,BC
6880,155.8,96621,4917,EE,MBC
6881,155.8,96622,2610,CY,BC
6882,155.8,96623,2726,ME,MBC
6883,155.8,96625,3811,CS,BC
6884,155.8,96626,2661,IT,MBC
6885,155.8,96627,1207,BM,SC
6886,155.8,96628,5530,EE,MBC
6887,155.8,96629,1225,ME,MBC
6888,155.8,96631,4680,EC,BC
6889,155.8,96637,1014,CE,SC
6890,155.8,96638,2609,AE,OC
6891,155.8,96639,5703,IT,SC
6892,155.8,96642,5,CZ,BC
6893,155.8,96643,2609,EE,OC
6894,155.8,96644,1216,EC,SC
6895,155.8,96646,2715,EC,MBC
6896,155.8,96647,2625,AG,OC
6897,155.8,96650,1303,AG,OC
6898,155.8,96651,3464,EE,BCM
6899,155.8,96652,2609,AE,OC
6900,155.8,96655,4670,ME,OC
6901,155.8,96657,2646,EE,OC
6902,155.8,96658,2342,EE,OC
6903,155.8,96659,2723,EC,BCM
6904,155.8,96660,1409,AD,SC
6905,155.8,96662,3462,CS,OC
6906,155.8,96664,1421,CS,MBC
6907,155.8,96667,5862,AG,OC
6908,155.8,96669,4994,CS,BC
6909,155.8,96670,2624,AG,OC
6910,155.8,96671,5862,CS,SC
6911,155.8,96675,3804,AG,OC
6912,155.8,96677,4949,CS,BC
6913,155.8,96678,4969,CS,BCM
6914,155.8,96680,3454,CS,SC
6915,155.8,96681,4953,CS,BC
6916,155.8,96686,1309,CE,BC
6917,155.8,96690,2776,MZ,OC
6918,155.8,96693,3815,IT,BC
6919,155.8,96696,4955,EC,SC
6920,155.8,96698,2768,CS,OC
6921,155.8,96699,1207,AD,MBC
6922,155.8,96700,2653,ME,BC
6923,155.8,96702,3843,EC,OC
6924,155.8,96704,3805,CS,MBC
6925,155.8,96707,2638,IT,OC
6926,155.8,96708,2302,EC,OC
6927,155.8,96709,3806,CB,MBC
6928,155.8,96710,1405,CS,SC
6929,155.8,96712,1424,CS,BC
6930,155.8,96714,2721,EC,MBC
6931,155.8,96716,1412,IT,SC
6932,155.8,96723,2346,CS,OC
6933,155.8,96726,3843,CS,BC
6934,155.8,96728,1101,IT,MBC
6935,155.8,96729,2651,CE,OC
6936,155.8,96731,3795,ME,OC
6937,155.8,96732,3760,AD,BC
6938,155.8,96733,3829,ME,OC
6939,155.8,96736,4680,CE,BC
6940,155.8,96737,3021,EE,SC
6941,155.8,96738,5904,IT,SCA
6942,155.8,96739,4955,ME,BCM
6943,155.8,96741,1325,ME,OC
6944,155.8,96746,2630,ME,OC
6945,155.8,96749,3806,BM,SC
6946,155.8,96751,3805,CE,OC
6947,155.8,96752,1523,CS,MBC
6948,155.8,96753,2646,CE,OC
6949,155.8,96759,5919,CH,OC
6950,155.8,96761,5,CH,SC
6951,155.8,96763,4917,EE,BC
6952,155.8,96764,2750,AE,SC
6953,155.8,96766,3461,CS,OC
6954,155.8,96768,1430,EC,OC
6955,155.8,96769,2708,CH,SC
6956,155.8,96771,2632,CS,BC
6957,155.8,96774,2357,CS,ST
6958,155.8,96775,2342,EE,OC
6959,155.8,96776,1431,EC,BC
6960,155.8,96778,2639,EC,MBC
6961,155.8,96780,2740,PH,BC
6962,155.8,96781,2634,FD,OC
6963,155.8,96782,2768,CS,OC
6964,155.7,96783,1101,EE,OC
6965,155.7,96784,1207,ME,OC
6966,155.7,96786,2749,AD,BC
6967,155.7,96789,4980,CE,OC
6968,155.7,96790,1509,EC,BC
6969,155.7,96791,1115,AD,BC
6970,155.7,96792,2646,EC,OC
6971,155.7,96793,2302,EC,OC
6972,155.7,96795,5,ME,BCM
6973,155.7,96797,1207,IT,BC
6974,155.7,96798,2752,CS,SCA
6975,155.7,96801,3021,EC,SC
6976,155.7,96802,1523,CS,MBC
6977,155.7,96806,3805,EE,MBC
6978,155.7,96812,2659,BM,SC
6979,155.7,96813,2743,EC,MBC
6980,155.7,96815,2648,CS,BC
6981,155.7,96818,3021,EE,SC
6982,155.7,96821,5017,EE,OC
6983,155.7,96822,3806,BM,MBC
6984,155.7,96823,1230,EC,OC
6985,155.7,96825,1411,CS,BC
6986,155.7,96828,1408,CS,MBC
6987,155.7,96829,1137,CE,OC
6988,155.7,96830,2607,ME,OC
6989,155.7,96831,3810,CS,MBC
6990,155.7,96832,2762,EC,BC
6991,155.7,96839,2329,BM,SC
6992,155.7,96841,2740,AD,SC
6993,155.7,96842,2673,EC,BC
6994,155.7,96843,1149,ME,MBC
6995,155.7,96844,2641,EC,OC
6996,155.7,96845,4946,CS,MBC
6997,155.7,96848,4989,CS,SC
6998,155.7,96849,3905,EE,OC
6999,155.7,96850,3810,CS,SC
7000,155.7,96853,2630,CS,BC
7001,155.7,96854,2329,XS,BC
7002,155.7,96855,2769,PE,OC
7003,155.7,96858,3849,CS,OC
7004,155.7,96859,4953,EC,OC
7005,155.7,96860,4944,EC,BC
7006,155.7,96864,2609,CS,BC
7007,155.7,96865,2621,CS,BCM
7008,155.7,96867,4972,CE,OC
7009,155.7,96869,1013,ME,SC
7010,155.7,96870,4672,EC,SC
7011,155.7,96874,3805,ME,OC
7012,155.7,96875,1123,AE,OC
7013,155.7,96876,4966,CS,BC
7014,155.7,96877,1120,EC,SC
7015,155.7,96878,1420,EC,SC
7016,155.7,96879,5,CZ,MBC
7017,155.7,96883,1225,ME,MBC
7018,155.7,96886,3829,CS,BC
7019,155.7,96889,4957,IT,OC
7020,155.7,96893,1230,EC,OC
7021,155.7,96895,5910,IT,MBC
7022,155.7,96903,4928,ME,OC
7023,155.7,96905,2628,CS,BC
7024,155.7,96906,2609,EC,BC
7025,155.7,96909,2347,CS,SC
7026,155.7,96910,2731,PD,SC
7027,155.7,96911,1421,CS,MBC
7028,155.7,96912,2729,CB,SC
7029,155.7,96913,5915,CS,BC
7030,155.7,96916,3016,EE,MBC
7031,155.7,96917,2769,FD,BC
7032,155.7,96920,2607,TX,MBC
7033,155.7,96921,2634,CS,BC
7034,155.7,96922,5865,ME,OC
7035,155.7,96924,1202,CS,MBC
7036,155.7,96927,2735,EC,SC
7037,155.7,96928,2338,CS,OC
7038,155.7,96929,3456,ME,OC
7039,155.7,96930,2341,BM,OC
7040,155.7,96932,2776,CS,SC
7041,155.7,96933,2639,EC,MBC
7042,155.7,96935,2747,CS,SCA
7043,155.7,96939,2750,EC,MBC
7044,155.7,96941,3814,EC,OC
7045,155.7,96942,5533,CS,OC
7046,155.7,96945,2651,CS,BC
7047,155.7,96949,2659,EC,OC
7048,155.7,96952,4680,CE,BC
7049,155.7,96953,1310,CS,SC
7050,155.7,96954,4989,CS,SC
7051,155.6,96956,2347,EC,MBC
7052,155.6,96959,2752,EC,BC
7053,155.6,96960,1413,CS,SC
7054,155.6,96962,2642,EE,OC
7055,155.6,96965,1316,AO,MBC
7056,155.6,96966,3908,EE,OC
7057,155.6,96969,1106,IT,MBC
7058,155.6,96970,2611,CY,MBC
7059,155.6,96971,3829,CS,SC
7060,155.6,96972,2632,IT,BC
7061,155.6,96973,1149,EC,SC
7062,155.6,96974,3908,CS,BCM
7063,155.6,96975,5862,AG,OC
7064,155.6,96977,1605,CS,BCM
7065,155.6,96982,2741,EE,BCM
7066,155.6,96983,1207,EC,SCA
7067,155.6,96984,5010,CE,SCA
7068,155.6,96985,1424,EC,MBC
7069,155.6,96987,3701,ME,BC
7070,155.6,96988,1122,CE,OC
7071,155.6,96989,4944,CS,MBC
7072,155.6,96990,1218,CS,MBC
7073,155.6,96991,1317,CE,MBC
7074,155.6,96992,3806,ME,OC
7075,155.6,96994,4959,ME,BCM
7076,155.6,96995,5910,CE,BC
7077,155.6,96996,5914,CS,BC
7078,155.6,96997,4864,EE,OC
7079,155.6,96999,4670,ME,OC
7080,155.6,97002,3795,ME,OC
7081,155.6,97003,2752,EE,OC
7082,155.6,97004,1412,CS,BC
7083,155.6,97005,5907,EE,OC
7084,155.6,97006,2767,CS,OC
7085,155.6,97007,2611,BM,SC
7086,155.6,97009,3410,EC,MBC
7087,155.6,97012,3815,EC,OC
7088,155.6,97017,5913,EC,OC
7089,155.6,97019,5,CZ,MBC
7090,155.6,97020,2716,BM,OC
7091,155.6,97024,1431,EC,BC
7092,155.6,97025,2653,EE,MBC
7093,155.6,97026,3805,CH,OC
7094,155.6,97027,2610,CS,SC
7095,155.6,97028,2747,CS,BC
7096,155.6,97031,4994,EE,OC
7097,155.6,97034,4023,ME,BCM
7098,155.6,97036,1015,ME,BC
7099,155.6,97043,3806,EC,OC
7100,155.6,97044,2706,AU,BCM
7101,155.6,97045,5,ME,SC
7102,155.6,97047,4928,ME,OC
7103,155.6,97048,5986,EE,MBC
7104,155.6,97051,3018,EC,BC
7105,155.6,97053,5022,CE,OC
7106,155.6,97054,4955,CB,SC
7107,155.6,97055,1015,ME,MBC
7108,155.6,97056,3021,EE,BCM
7109,155.6,97057,2763,EC,OC
7110,155.6,97059,2734,EE,MBC
7111,155.6,97061,2713,EC,OC
7112,155.6,97064,1431,CS,SC
7113,155.6,97067,4023,EE,MBC
7114,155.6,97070,4993,CS,BC
7115,155.6,97071,2627,CS,BC
7116,155.6,97072,5921,CS,BC
7117,155.6,97073,2745,EC,BC
7118,155.6,97075,1202,EC,BC
7119,155.6,97076,2628,CS,BC
7120,155.6,97077,2610,BM,SC
7121,155.6,97079,2609,IT,MBC
7122,155.6,97080,2706,EI,MBC
7123,155.6,97081,2726,ME,BC
7124,155.6,97082,2614,TX,OC
7125,155.6,97083,2609,IT,MBC
7126,155.6,97084,3805,EC,MBC
7127,155.6,97085,5,CZ,MBC
7128,155.6,97086,5536,EC,BC
7129,155.6,97086,2708,EE,SC
7130,155.6,97088,2610,EC,BC
7131,155.6,97089,2683,ME,OC
7132,155.6,97092,2628,CS,MBC
7133,155.6,97096,4680,EC,BCM
7134,155.6,97097,2613,EE,BC
7135,155.6,97098,5942,IT,OC
7136,155.6,97099,2729,EE,BC
7137,155.6,97101,1317,EE,SC
7138,155.6,97105,2707,BM,SCA
7139,155.6,97106,2622,CS,MBC
7140,155.6,97107,3011,XM,OC
7141,155.6,97108,5,CH,BC
7142,155.6,97109,1452,EC,SC
7143,155.6,97110,2734,AD,SC
7144,155.6,97111,3019,ME,OC
7145,155.6,97112,2623,IT,OC
7146,155.6,97116,4953,CE,OC
7147,155.6,97118,2763,MZ,OC
7148,155.6,97121,4978,CS,OC
7149,155.6,97129,3803,ME,OC
7150,155.6,97131,2623,IT,MBC
7151,155.6,97132,5703,CS,BC
7152,155.6,97137,3011,XC,SC
7153,155.6,97138,1501,EC,BC
7154,155.6,97140,4672,CS,MBC
7155,155.6,97141,2729,EC,BCM
7156,155.6,97142,2622,CE,SC
7157,155.6,97143,5,ME,MBC
7158,155.6,97145,3804,CS,BC
7159,155.6,97146,2743,BM,BC
7160,155.6,97147,1137,CS,MBC
7161,155.6,97148,2721,ME,OC
7162,155.6,97150,3805,EC,BC
7163,155.6,97152,2610,EC,BC
7164,155.6,97153,2707,CJ,BC
7165,155.6,97160,2634,AE,OC
7166,155.6,97161,4993,CS,SC
7167,155.6,97163,4949,MZ,OC
7168,155.6,97164,3826,EC,SC
7169,155.6,97168,4931,CS,SC
7170,155.6,97169,3805,AE,OC
7171,155.6,97170,1217,EC,MBC
7172,155.6,97171,5022,EE,MBC
7173,155.6,97175,4961,CS,OC
7174,155.6,97180,5530,CE,OC
7175,155.6,97181,2618,FT,BC
7176,155.6,97185,5530,ME,OC
7177,155.6,97186,2621,IT,MBC
7178,155.6,97189,5832,EC,MBC
7179,155.6,97191,4953,CS,BC
7180,155.6,97192,2624,CH,OC
7181,155.6,97199,2328,IT,SC
7182,155.5,97203,2341,EE,OC
7183,155.5,97206,5,ME,SC
7184,155.5,97207,1309,CE,BC
7185,155.5,97208,3821,CS,OC
7186,155.5,97209,1133,CS,OC
7187,155.5,97212,2710,CE,MBC
7188,155.5,97213,2636,AD,MBC
7189,155.5,97215,3829,CS,BC
7190,155.5,97216,4928,EC,BC
7191,155.5,97217,2634,EC,MBC
7192,155.5,97219,1120,CE,OC
7193,155.5,97220,2627,CS,MBC
7194,155.5,97221,1416,CS,MBC
7195,155.5,97222,1026,EE,BCM
7196,155.5,97223,3825,CS,MBC
7197,155.5,97224,2716,EC,OC
7198,155.5,97225,1237,ME,MBC
7199,155.5,97228,1510,CS,BC
7200,155.5,97229,2651,CS,MBC
7201,155.5,97230,3812,IT,BC
7202,155.5,97234,1412,CS,MBC
7203,155.5,97237,1127,CS,SC
7204,155.5,97239,1202,IT,BC
7205,155.5,97240,1426,IT,OC
7206,155.5,97243,4934,CS,SC
7207,155.5,97246,3825,CS,SC
7208,155.5,97247,3016,EE,SC
7209,155.5,97250,2769,EC,OC
7210,155.5,97254,1414,IT,SC
7211,155.5,97256,1449,CS,OC
7212,155.5,97258,2735,ME,MBC
7213,155.5,97259,2707,CJ,BC
7214,155.5,97261,2769,EC,OC
7215,155.5,97263,1115,AD,SCA
7216,155.5,97265,3018,EE,OC
7217,155.5,97268,3760,AD,MBC
7218,155.5,97270,2740,PH,BC
7219,155.5,97271,2749,ME,OC
7220,155.5,97273,2342,ME,OC
7221,155.5,97274,2659,EE,OC
7222,155.5,97275,2628,CS,MBC
7223,155.5,97278,2624,IT,MBC
7224,155.5,97279,1233,ME,SC
7225,155.5,97280,5862,CS,BC
7226,155.5,97281,4864,EE,OC
7227,155.5,97284,4979,IT,OC
7228,155.5,97286,3805,EC,MBC
7229,155.5,97287,2611,EC,BC
7230,155.5,97289,1311,MZ,BC
7231,155.5,97291,2656,ME,BC
7232,155.5,97292,1317,EI,SC
7233,155.5,97293,1120,EC,SC
7234,155.5,97294,2659,CE,OC
7235,155.5,97296,5017,EC,BC
7236,155.5,97298,1311,FT,MBC
7237,155.5,97304,1509,EC,BC
7238,155.5,97306,2636,CS,MBC
7239,155.5,97307,1303,CS,MBC
7240,155.5,97308,2749,IT,BC
7241,155.5,97312,4976,CS,OC
7242,155.5,97314,2712,EC,ST
7243,155.5,97315,2721,IC,MBC
7244,155.5,97326,2634,AG,BC
7245,155.5,97331,4928,EC,BC
7246,155.5,97336,2717,CS,OC
7247,155.5,97343,3018,EC,MBC
7248,155.5,97346,2743,BM,BCM
7249,155.5,97349,2750,ME,BC
7250,155.5,97353,2716,IT,BC
7251,155.5,97356,1317,EI,SC
7252,155.5,97359,1127,ME,OC
7253,155.5,97362,1127,EC,OC
7254,155.5,97365,3803,EE,MBC
7255,155.5,97367,2342,EC,BCM
7256,155.5,97374,1114,EC,MBC
7257,155.5,97376,2702,EC,SC
7258,155.5,97379,1405,AD,BC
7259,155.5,97382,1216,CE,MBC
7260,155.5,97383,2721,EE,BC
7261,155.5,97386,1113,CB,SCA
7262,155.5,97389,1217,EE,OC
7263,155.5,97390,1303,CS,MBC
7264,155.5,97405,1311,AU,OC
7265,155.5,97411,5986,EE,SC
7266,155.5,97421,1106,TX,OC
7267,155.5,97427,2706,IT,SC
7268,155.5,97430,1316,CH,OC
7269,155.5,97438,1325,EC,BC
7270,155.5,97441,5986,IT,SC
7271,155.5,97445,1015,ME,MBC
7272,155.5,97446,4993,ME,OC
7273,155.5,97450,2750,EC,SCA
7274,155.5,97451,2347,EC,MBC
7275,155.5,97452,1226,EE,OC
7276,155.5,97454,5904,EE,BCM
7277,155.5,97455,3905,CE,OC
7278,155.5,97456,1408,CS,SC
7279,155.5,97459,5911,CS,SC
7280,155.5,97466,2751,EC,MBC
7281,155.5,97468,2704,MZ,MBC
7282,155.5,97469,1318,CS,OC
7283,155.5,97472,5862,AG,OC
7284,155.5,97473,1210,ME,MBC
7285,155.5,97474,3908,CS,BC
7286,155.5,97476,2726,CE,OC
7287,155.5,97478,1401,CE,OC
7288,155.5,97479,4672,ME,BCM
7289,155.5,97480,4969,EC,OC
7290,155.5,97484,2621,EC,BC
7291,155.5,97485,1303,EC,MBC
7292,155.5,97487,5022,CE,OC
7293,155.5,97490,2743,AG,SC
7294,155.5,97491,3819,CB,SC
7295,155.5,97492,3841,EC,MBC
7296,155.5,97494,3810,IT,BC
7297,155.5,97495,2743,AG,BC
7298,155.5,97496,4993,BM,BC
7299,155.5,97500,2715,EE,MBC
7300,155.5,97501,4023,EE,SC
7301,155.5,97503,2614,TX,OC
7302,155.5,97505,4933,EE,OC
7303,155.5,97506,3826,ME,SCA
7304,155.5,97508,2302,CS,SC
7305,155.5,97511,3805,BM,BC
7306,155.5,97512,2763,EC,OC
7307,155.5,97513,2613,IT,SC
7308,155.5,97515,2715,ME,OC
7309,155.5,97516,1325,ME,OC
7310,155.5,97518,3805,EC,BC
7311,155.5,97519,2727,AL,SC
7312,155.5,97522,4969,CS,MBC
7313,155.5,97523,5935,AU,OC
7314,155.5,97525,2715,EE,BC
7315,155.5,97526,2708,CE,BCM
7316,155.5,97528,2729,EE,SC
7317,155.5,97529,2702,EC,SC
7318,155.5,97530,3905,CE,OC
7319,155.5,97531,2707,BM,MBC
7320,155.5,97532,4975,CS,BC
7321,155.5,97533,3011,XC,SC
7322,155.5,97534,5921,CB,BCM
7323,155.4,97537,2632,IT,MBC
7324,155.4,97539,1510,CS,SC
7325,155.4,97540,3810,CS,BC
7326,155.4,97541,5910,CB,MBC
7327,155.4,97542,1413,CS,SC
7328,155.4,97546,1422,CE,MBC
7329,155.4,97547,3454,BM,BC
7330,155.4,97548,4676,CS,SC
7331,155.4,97550,2753,CS,BC
7332,155.4,97551,1431,IT,BC
7333,155.4,97552,3786,MZ,OC
7334,155.4,97553,4954,EE,BCM
7335,155.4,97554,2314,EE,OC
7336,155.4,97556,1113,ME,SC
7337,155.4,97558,1120,CE,OC
7338,155.4,97559,2715,EE,MBC
7339,155.4,97561,1122,ME,BC
7340,155.4,97562,4994,CS,BCM
7341,155.4,97563,5,ME,MBC
7342,155.4,97565,2752,EE,OC
7343,155.4,97566,4969,CS,BC
7344,155.4,97570,3826,EC,BCM
7345,155.4,97573,1414,EC,BC
7346,155.4,97575,2618,CE,BC
7347,155.4,97581,1509,IT,SC
7348,155.4,97582,1241,CS,BC
7349,155.4,97583,1230,EC,OC
7350,155.4,97584,2327,EC,OC
7351,155.4,97586,1401,EC,MBC
7352,155.4,97589,2743,FD,OC
7353,155.4,97591,5832,CS,SC
7354,155.4,97592,2726,ME,BC
7355,155.4,97593,1309,CE,BC
7356,155.4,97594,2610,EE,OC
7357,155.4,97596,2740,AE,SC
7358,155.4,97597,2614,IT,OC
7359,155.4,97599,2749,PE,OC
7360,155.4,97600,2607,ME,OC
7361,155.4,97602,4864,CE,OC
7362,155.4,97607,1434,CS,OC
7363,155.4,97610,4949,CS,MBC
7364,155.4,97613,3462,CS,OC
7365,155.4,97614,5910,CE,BC
7366,155.4,97615,2610,CY,BC
7367,155.4,97616,3810,IT,BC
7368,155.4,97618,3812,CE,OC
7369,155.4,97619,1225,EE,SC
7370,155.4,97621,3465,EE,SCA
7371,155.4,97624,1015,ME,MBC
7372,155.4,97625,1445,CS,OC
7373,155.4,97629,1317,CE,SC
7374,155.4,97631,4024,CE,OC
7375,155.4,97632,1414,EC,BC
7376,155.4,97634,5921,EC,SCA
7377,155.4,97636,2609,EC,BC
7378,155.4,97644,2647,CS,OC
7379,155.4,97645,1122,CH,SC
7380,155.4,97649,4969,EC,OC
7381,155.4,97652,3826,ME,BC
7382,155.4,97654,3760,CS,OC
7383,155.4,97655,1424,CS,BC
7384,155.4,97657,3811,ME,OC
7385,155.4,97658,1523,IT,MBC
7386,155.4,97661,3805,EC,MBC
7387,155.4,97662,2708,AL,SC
7388,155.4,97664,5910,CE,BC
7389,155.4,97665,1110,ME,OC
7390,155.4,97669,1412,EC,OC
7391,155.4,97670,1226,EE,OC
7392,155.4,97676,3786,EC,MBC
7393,155.4,97677,3805,EC,MBC
7394,155.4,97679,4024,ME,BC
7395,155.4,97681,1434,CS,OC
7396,155.4,97684,2712,TX,SC
7397,155.4,97689,3819,ME,SC
7398,155.4,97690,2630,EE,OC
7399,155.4,97691,2702,CT,SC
7400,155.4,97692,4946,ME,OC
7401,155.4,97693,5008,CW,ST
7402,155.4,97694,1106,CS,SC
7403,155.4,97695,5910,CE,BC
7404,155.4,97698,2651,EE,OC
7405,155.4,97699,3782,EE,OC
7406,155.4,97700,5532,EC,MBC
7407,155.4,97701,3466,EC,OC
7408,155.4,97702,2707,AG,SC
7409,155.4,97703,3810,AG,SC
7410,155.4,97704,5910,IT,SC
7411,155.4,97705,5862,BM,OC
7412,155.4,97709,2711,CE,SC
7413,155.4,97711,3826,ME,MBC
7414,155.4,97713,3926,EE,OC
7415,155.4,97715,1243,CS,OC
7416,155.4,97717,2610,IT,MBC
7417,155.4,97718,2747,CS,MBC
7418,155.4,97719,4955,CE,BC
7419,155.4,97722,3019,ME,OC
7420,155.4,97723,2769,CS,MBC
7421,155.4,97725,1026,EC,SCA
7422,155.4,97727,3019,ME,OC
7423,155.4,97729,2707,CJ,BC
7424,155.4,97730,2314,CS,SC
7425,155.4,97733,2707,BM,MBC
7426,155.4,97734,1207,CS,MBC
7427,155.4,97737,2636,CS,MBC
7428,155.4,97738,1122,CE,OC
7429,155.4,97739,5924,ME,OC
7430,155.4,97740,2722,ME,SC
7431,155.4,97741,2643,EC,OC
7432,155.4,97742,2722,ME,SC
7433,155.4,97746,3815,EC,OC
7434,155.4,97748,5910,CS,SC
7435,155.4,97749,3011,CE,MBC
7436,155.4,97751,1430,EC,OC
7437,155.4,97752,5921,AD,BC
7438,155.4,97753,3810,IT,BC
7439,155.3,97755,4972,ME,OC
7440,155.3,97756,4928,EC,BC
7441,155.3,97757,4670,ME,OC
7442,155.3,97758,4864,ME,OC
7443,155.3,97762,2646,CE,OC
7444,155.3,97763,2328,ME,OC
7445,155.3,97765,2609,AE,OC
7446,155.3,97768,3810,EC,BC
7447,155.3,97769,2327,CS,OC
7448,155.3,97770,3021,ME,OC
7449,155.3,97772,1412,EC,OC
7450,155.3,97773,4672,CS,SC
7451,155.3,97774,2768,CS,BC
7452,155.3,97776,2636,ME,OC
7453,155.3,97777,3812,EE,OC
7454,155.3,97779,4676,ME,OC
7455,155.3,97783,3825,ME,OC
7456,155.3,97788,3812,EE,OC
7457,155.3,97789,2346,CS,OC
7458,155.3,97790,5533,CE,OC
7459,155.3,97793,1519,CS,OC
7460,155.3,97794,1512,CS,OC
7461,155.3,97795,2327,CS,OC
7462,155.3,97796,2723,EE,MBC
7463,155.3,97797,2627,BT,SC
7464,155.3,97798,1507,CS,MBC
7465,155.3,97801,2727,AG,MBC
7466,155.3,97802,2650,EC,OC
7467,155.3,97803,4933,ME,OC
7468,155.3,97805,3811,EC,OC
7469,155.3,97806,1210,CE,MBC
7470,155.3,97810,3410,EC,MBC
7471,155.3,97812,3815,IT,BCM
7472,155.3,97814,3805,EE,MBC
7473,155.3,97815,1503,BT,OC
7474,155.3,97821,1401,EC,BC
7475,155.3,97823,3848,CS,OC
7476,155.3,97825,4964,MR,BC
7477,155.3,97826,3805,EE,MBC
7478,155.3,97827,4984,CS,OC
7479,155.3,97828,3806,ME,OC
7480,155.3,97829,4953,CS,BC
7481,155.3,97830,3829,EC,OC
7482,155.3,97832,1226,ME,OC
7483,155.3,97833,2314,CS,MBC
7484,155.3,97834,5907,MR,MBC
7485,155.3,97836,5910,ME,SC
7486,155.3,97838,2743,EC,BC
7487,155.3,97839,4989,IT,OC
7488,155.3,97842,2611,BM,BC
7489,155.3,97843,2642,CS,BC
7490,155.3,97844,2761,EC,OC
7491,155.3,97845,1207,CS,BC
7492,155.3,97846,1125,CS,OC
7493,155.3,97847,2661,CS,MBC
7494,155.3,97848,2624,EC,OC
7495,155.3,97850,5915,ME,OC
7496,155.3,97851,3805,EE,MBC
7497,155.3,97852,1237,EC,SC
7498,155.3,97855,4917,CE,BC
7499,155.3,97856,2613,ME,OC
7500,155.3,97859,1405,CS,MBC
7501,155.3,97861,4964,AE,OC
7502,155.3,97863,3021,EC,MBC
7503,155.3,97864,1322,CS,SC
7504,155.3,97865,4970,EE,OC
7505,155.3,97866,3811,EC,OC
7506,155.3,97869,1115,CS,MBC
7507,155.3,97870,1518,CS,OC
7508,155.3,97871,2657,CS,SC
7509,155.3,97872,3850,CS,OC
7510,155.3,97873,2659,CE,OC
7511,155.3,97875,2755,FD,BC
7512,155.3,97877,3766,ME,OC
7513,155.3,97878,5536,ME,OC
7514,155.3,97879,5915,CS,SC
7515,155.3,97884,2327,CS,OC
7516,155.3,97887,2683,AG,OC
7517,155.3,97891,3908,EE,OC
7518,155.3,97892,1501,CS,BC
7519,155.3,97893,3805,EC,MBC
7520,155.3,97894,4975,CS,BC
7521,155.3,97895,4670,EC,BC
7522,155.3,97897,3806,BM,BCM
7523,155.3,97898,5022,CE,OC
7524,155.3,97899,3849,IT,BC
7525,155.3,97900,4929,EC,OC
7526,155.3,97901,2729,EC,SC
7527,155.3,97902,1101,IT,MBC
7528,155.3,97904,3810,CS,MBC
7529,155.3,97906,2647,CS,OC
7530,155.3,97909,1431,IT,BC
7531,155.3,97910,1430,EC,OC
7532,155.3,97911,1325,ME,OC
7533,155.3,97912,4917,AG,BCM
7534,155.3,97914,1241,ME,OC
7535,155.3,97918,3801,EE,MBC
7536,155.3,97920,2736,CE,BC
7537,155.3,97921,3795,ME,OC
7538,155.3,97922,4957,CS,BC
7539,155.3,97924,4917,BT,OC
7540,155.3,97926,1212,BM,OC
7541,155.3,97927,2611,EC,BC
7542,155.2,97931,2651,AD,MBC
7543,155.2,97932,3016,EE,MBC
7544,155.2,97937,5502,CS,BC
7545,155.2,97940,3918,EC,BC
7546,155.2,97943,1501,EC,BC
7547,155.2,97946,1127,AE,OC
7548,155.2,97948,3826,ME,MBC
7549,155.2,97950,2630,EC,SC
7550,155.2,97951,3815,EE,OC
7551,155.2,97952,3843,CS,BC
7552,155.2,97953,3813,EC,OC
7553,155.2,97954,3905,ME,OC
7554,155.2,97956,3829,IT,MBC
7555,155.2,97957,2608,ME,BC
7556,155.2,97960,3817,EE,OC
7557,155.2,97965,1505,EE,OC
7558,155.2,97967,2751,CB,MBC
7559,155.2,97968,2620,CS,SC
7560,155.2,97969,2621,AE,OC
7561,155.2,97971,5017,EE,OC
7562,155.2,97973,1303,CS,SC
7563,155.2,97977,2624,BT,BC
7564,155.2,97980,1420,CS,MBC
7565,155.2,97981,2702,EC,SCA
7566,155.2,97990,4917,ME,OC
7567,155.2,97991,2636,EC,MBC
7568,155.2,97992,2753,BM,OC
7569,155.2,97993,5862,CS,BC
7570,155.2,97995,2707,ME,BC
7571,155.2,97996,4024,CE,OC
7572,155.2,97997,1310,ME,OC
7573,155.2,97997,1137,CS,BC
7574,155.2,97999,2614,IT,OC
7575,155.2,98000,2628,CS,MBC
7576,155.2,98003,2636,CS,BC
7577,155.2,98006,2624,FD,OC
7578,155.2,98010,2702,CE,SC
7579,155.2,98011,2610,EE,OC
7580,155.2,98016,4675,ME,OC
7581,155.2,98018,4023,EC,SC
7582,155.2,98020,5533,CS,OC
7583,155.2,98021,5862,CS,BC
7584,155.2,98022,1319,AD,OC
7585,155.2,98023,3016,EE,BC
7586,155.2,98027,2650,CS,OC
7587,155.2,98028,2634,AD,BC
7588,155.2,98029,1513,CS,OC
7589,155.2,98034,2617,CS,BC
7590,155.2,98035,3701,EC,MBC
7591,155.2,98037,2707,CH,OC
7592,155.2,98038,3820,CS,OC
7593,155.2,98041,5,CE,MBC
7594,155.2,98042,4994,EC,OC
7595,155.2,98043,1211,EC,SCA
7596,155.2,98044,2702,CT,SC
7597,155.2,98046,3782,EE,OC
7598,155.2,98048,2776,AG,MBC
7599,155.2,98050,2706,AD,SC
7600,155.2,98051,4993,CS,BC
7601,155.2,98055,5990,EC,OC
7602,155.2,98060,1407,CS,BC
7603,155.2,98061,3807,IT,BC
7604,155.2,98062,3806,CB,BC
7605,155.2,98063,1233,ME,BC
7606,155.2,98065,4928,EC,BC
7607,155.2,98070,2314,EC,SC
7608,155.2,98073,2625,EC,OC
7609,155.2,98076,5862,BM,OC
7610,155.2,98077,5017,EC,MBC
7611,155.2,98078,3760,ME,OC
7612,155.2,98079,1409,AD,MBC
7613,155.2,98080,2749,CS,BC
7614,155.2,98083,2741,CE,OC
7615,155.2,98084,2731,PD,SC
7616,155.2,98086,5942,ME,OC
7617,155.2,98087,2611,AE,OC
7618,155.2,98089,4964,CS,SC
7619,155.2,98091,1436,EC,OC
7620,155.2,98093,2349,FD,OC
7621,155.2,98097,3918,CS,OC
7622,155.2,98098,3813,CS,OC
7623,155.2,98102,1520,IT,BC
7624,155.2,98104,2737,IT,BC
7625,155.2,98105,5910,CS,SC
7626,155.2,98109,2727,CE,OC
7627,155.2,98110,5919,EC,OC
7628,155.2,98112,4917,ME,OC
7629,155.2,98113,3807,CS,SC
7630,155.2,98114,3812,ME,OC
7631,155.2,98117,2625,IT,OC
7632,155.2,98119,4969,EE,OC
7633,155.2,98121,2603,EC,ST
7634,155.2,98123,2609,CY,MBC
7635,155.2,98125,1414,EC,BC
7636,155.2,98129,1408,EE,OC
7637,155.2,98133,3011,XC,SC
7638,155.2,98134,2612,CS,OC
7639,155.2,98136,4946,CE,OC
7640,155.2,98137,1509,EC,BC
7641,155.2,98138,4917,EE,BCM
7642,155.2,98139,1101,CS,SC
7643,155.2,98143,2636,CS,BC
7644,155.2,98144,2620,IT,SC
7645,155.2,98145,2707,CD,BC
7646,155.2,98146,3701,ME,BC
7647,155.2,98147,5935,CS,OC
7648,155.2,98148,2617,EC,OC
7649,155.2,98150,2621,MZ,OC
7650,155.2,98151,2610,CS,SC
7651,155.2,98152,2611,AG,OC
7652,155.2,98153,1306,EC,SC
7653,155.2,98154,1501,CS,BC
7654,155.1,98159,2752,EE,OC
7655,155.1,98161,4672,CS,MBC
7656,155.1,98162,4917,EE,BC
7657,155.1,98164,3811,CS,MBC
7658,155.1,98166,1412,EC,OC
7659,155.1,98168,3795,CE,OC
7660,155.1,98169,2641,EC,OC
7661,155.1,98170,1412,CE,OC
7662,155.1,98171,2706,EC,SC
7663,155.1,98175,2601,ME,OC
7664,155.1,98176,2716,BM,OC
7665,155.1,98177,3811,EC,OC
7666,155.1,98179,2751,EC,SC
7667,155.1,98180,5022,CE,OC
7668,155.1,98183,4957,EC,OC
7669,155.1,98185,2302,AG,BC
7670,155.1,98186,4993,CS,BC
7671,155.1,98187,2705,IT,SC
7672,155.1,98188,3810,IT,SC
7673,155.1,98190,2632,CS,BC
7674,155.1,98194,4955,ME,BC
7675,155.1,98196,1513,CS,OC
7676,155.1,98197,3805,BM,MBC
7677,155.1,98199,1207,BM,BC
7678,155.1,98200,5017,EC,BC
7679,155.1,98202,2706,IT,SC
7680,155.1,98204,2617,CS,SCA
7681,155.1,98207,3920,AD,OC
7682,155.1,98209,1447,IT,BC
7683,155.1,98210,2731,EE,OC
7684,155.1,98211,3466,EE,OC
7685,155.1,98212,4680,EE,BC
7686,155.1,98214,2661,IT,BC
7687,155.1,98216,3819,ME,MBC
7688,155.1,98217,3843,CS,BC
7689,155.1,98219,5532,EC,BC
7690,155.1,98222,3830,CS,SCA
7691,155.1,98223,3920,CS,SC
7692,155.1,98224,1322,CS,SC
7693,155.1,98226,2613,SF,OC
7694,155.1,98227,2621,EE,BC
7695,155.1,98228,3817,CS,BC
7696,155.1,98229,1015,ME,MBC
7697,155.1,98230,2708,AG,MBC
7698,155.1,98232,1014,CE,MBC
7699,155.1,98233,2708,ME,MBC
7700,155.1,98234,1509,IT,SC
7701,155.1,98237,5536,EC,MBC
7702,155.1,98238,2347,EC,MBC
7703,155.1,98239,2721,EE,MBC
7704,155.1,98241,5902,CE,OC
7705,155.1,98242,1303,AD,MBC
7706,155.1,98243,1123,AE,BC
7707,155.1,98244,5022,EE,BCM
7708,155.1,98245,3011,XC,SC
7709,155.1,98246,5,CZ,SC
7710,155.1,98249,4670,ME,OC
7711,155.1,98251,2634,BM,SC
7712,155.1,98252,1303,BT,MBC
7713,155.1,98260,2725,CS,SC
7714,155.1,98261,3812,IT,BC
7715,155.1,98262,2707,IT,SC
7716,155.1,98265,2769,ME,OC
7717,155.1,98267,2651,EC,BC
7718,155.1,98268,2731,EE,OC
7719,155.1,98269,2610,BT,BCM
7720,155.1,98275,2718,MZ,SC
7721,155.1,98280,1140,AD,SC
7722,155.1,98281,2727,AG,BC
7723,155.1,98283,5865,EE,OC
7724,155.1,98285,2726,AU,OC
7725,155.1,98286,3806,EE,OC
7726,155.1,98289,4023,EC,SC
7727,155.1,98292,2763,EC,OC
7728,155.1,98296,1510,CS,MBC
7729,155.1,98297,1106,CS,BCM
7730,155.1,98300,3829,IT,SC
7731,155.1,98301,1219,AU,SC
7732,155.1,98302,3410,CS,MBC
7733,155.1,98303,2314,AD,OC
7734,155.1,98304,2622,BM,SC
7735,155.1,98306,2744,EC,BC
7736,155.1,98308,2338,BM,OC
7737,155.1,98309,2708,AU,OC
7738,155.1,98310,1303,EE,OC
7739,155.1,98316,3817,EE,OC
7740,155.1,98318,2614,IT,OC
7741,155.1,98319,3810,CS,MBC
7742,155.1,98328,2750,ME,MBC
7743,155.1,98329,2338,AG,OC
7744,155.1,98330,5915,EC,OC
7745,155.1,98333,4949,CS,BC
7746,155.1,98335,2338,BM,OC
7747,155.1,98336,4999,AD,BC
7748,155.1,98340,1207,CS,MBC
7749,155.1,98342,2329,EC,MBC
7750,155.1,98343,3826,CS,ST
7751,155.1,98344,2768,CS,BC
7752,155.1,98345,2610,BT,MBC
7753,155.1,98347,2715,ME,OC
7754,155.1,98348,2735,EC,SC
7755,155.1,98349,1411,CS,BC
7756,155.1,98350,5530,EE,BC
7757,155.1,98351,3806,CS,SC
7758,155.1,98352,2606,CS,MBC
7759,155.0,98354,3810,IT,BC
7760,155.0,98355,3810,IT,BC
7761,155.0,98359,1442,BM,SC
7762,155.0,98361,2611,AG,MBC
7763,155.0,98363,1118,EE,SC
7764,155.0,98365,4931,CS,SC
7765,155.0,98367,1222,CS,OC
7766,155.0,98368,2632,IT,MBC
7767,155.0,98369,2347,ME,OC
7768,155.0,98370,3814,CS,OC
7769,155.0,98377,1408,EC,BC
7770,155.0,98379,2610,AD,SC
7771,155.0,98380,2632,BM,SC
7772,155.0,98383,1413,CS,SC
7773,155.0,98384,4992,CS,BC
7774,155.0,98385,2601,AE,OC
7775,155.0,98386,2718,MZ,SC
7776,155.0,98387,2630,CS,BC
7777,155.0,98388,3918,CS,OC
7778,155.0,98389,4969,CS,BC
7779,155.0,98390,2628,CS,MBC
7780,155.0,98392,2342,CS,SCA
7781,155.0,98394,1520,CS,SC
7782,155.0,98395,1414,CE,SC
7783,155.0,98397,5,CH,SC
7784,155.0,98400,2624,ME,OC
7785,155.0,98401,3805,BM,BC
7786,155.0,98405,4953,ME,OC
7787,155.0,98407,4969,CS,SC
7788,155.0,98408,1503,CS,OC
7789,155.0,98409,5536,EC,SCA
7790,155.0,98413,2651,EC,BC
7791,155.0,98414,1437,EC,OC
7792,155.0,98419,5865,EC,OC
7793,155.0,98422,3857,EC,OC
7794,155.0,98424,4994,CS,BC
7795,155.0,98426,1431,EC,BC
7796,155.0,98427,2750,BM,SC
7797,155.0,98428,1233,CE,OC
7798,155.0,98429,1202,IT,BC
7799,155.0,98430,2657,EC,OC
7800,155.0,98431,2632,CS,MBC
7801,155.0,98432,1407,CS,MBC
7802,155.0,98433,5,CZ,SCA
7803,155.0,98434,3843,EC,OC
7804,155.0,98435,1212,CS,BC
7805,155.0,98436,2726,BM,SC
7806,155.0,98441,2705,CE,OC
7807,155.0,98443,1319,AD,BC
7808,155.0,98444,4964,CS,BC
7809,155.0,98446,5915,EC,OC
7810,155.0,98447,2776,AG,MBC
7811,155.0,98449,2367,AD,OC
7812,155.0,98453,3918,EC,BC
7813,155.0,98454,1408,CS,MBC
7814,155.0,98457,1106,EC,OC
7815,155.0,98460,5990,CS,OC
7816,155.0,98462,2702,ME,SC
7817,155.0,98463,2611,IT,BCM
7818,155.0,98465,5910,CE,BC
7819,155.0,98467,3825,CS,BC
7820,155.0,98468,2609,ME,OC
7821,155.0,98470,2706,IT,SC
7822,155.0,98471,2726,FD,MBC
7823,155.0,98478,1202,IT,MBC
7824,155.0,98490,4024,CE,OC
7825,155.0,98491,2613,EC,MBC
7826,155.0,98493,2609,IT,MBC
7827,155.0,98494,2646,ME,OC
7828,155.0,98497,2750,AE,BC
7829,155.0,98503,2345,AD,MBC
7830,155.0,98504,2345,CS,MBC
7831,155.0,98505,1217,EC,BC
7832,155.0,98506,2751,ME,BC
7833,155.0,98509,3425,CS,MBC
7834,155.0,98511,3829,CS,BC
7835,155.0,98516,1217,BT,MBC
7836,155.0,98518,3811,ME,OC
7837,155.0,98522,2618,ME,SC
7838,155.0,98523,2743,EC,BC
7839,155.0,98524,1221,CS,BC
7840,155.0,98525,1120,ME,BCM
7841,155.0,98527,1120,CE,OC
7842,155.0,98528,1237,ME,MBC
7843,155.0,98531,1127,EC,OC
7844,155.0,98533,5017,EC,BC
7845,155.0,98535,5,ME,SC
7846,155.0,98536,2743,EC,BC
7847,155.0,98540,5988,CS,BC
7848,155.0,98542,3811,CS,BC
7849,155.0,98544,1405,AD,BC
7850,155.0,98548,1225,ME,BC
7851,155.0,98550,2764,ME,MBC
7852,155.0,98552,3019,EE,BC
7853,155.0,98556,5911,CS,MBC
7854,155.0,98566,5910,BM,SC
7855,155.0,98567,1112,CS,SCA
7856,155.0,98574,2620,TS,BC
7857,155.0,98576,1311,CE,BC
7858,155.0,98582,5017,EE,OC
7859,155.0,98585,2726,ME,BC
7860,155.0,98589,2601,AE,OC
7861,155.0,98591,3815,IT,BC
7862,155.0,98593,4972,EC,BC
7863,155.0,98597,5910,EC,MBC
7864,155.0,98600,5703,EC,OC
7865,155.0,98604,3826,ME,BC
7866,155.0,98606,3855,EC,OC
7867,155.0,98607,3826,AG,BC
7868,155.0,98608,1408,IT,SC
7869,155.0,98611,3018,ME,OC
7870,155.0,98612,3806,CE,OC
7871,155.0,98614,2735,EC,SC
7872,155.0,98615,2772,EC,OC
7873,155.0,98616,2650,ME,OC
7874,155.0,98617,1212,BM,OC
7875,155.0,98619,2636,EE,BC
7876,155.0,98620,2610,ME,OC
7877,155.0,98621,2650,EC,OC
7878,155.0,98622,4957,ME,OC
7879,155.0,98625,2328,IT,MBC
7880,155.0,98627,1233,EE,BC
7881,155.0,98631,4960,EE,SC
7882,155.0,98632,3817,CS,MBC
7883,155.0,98633,5907,MR,BCM
7884,155.0,98635,1501,CS,BC
7885,155.0,98636,5911,CS,MBC
7886,155.0,98637,1408,EC,MBC
7887,155.0,98638,3018,EC,BC
7888,155.0,98639,2763,EC,OC
7889,155.0,98642,3844,CS,OC
7890,155.0,98645,4917,CE,BCM
7891,155.0,98646,2722,ME,MBC
7892,155.0,98650,1137,CE,OC
7893,155.0,98652,1408,EC,MBC
7894,155.0,98654,4864,CE,OC
7895,155.0,98655,2734,MO,BC
7896,155.0,98657,2643,CS,MBC
7897,155.0,98664,2622,ME,MBC
7898,155.0,98665,2740,IT,SC
7899,155.0,98666,5530,EE,BC
7900,155.0,98667,2643,CS,MBC
7901,155.0,98668,3817,ME,OC
7902,155.0,98669,1306,EC,SC
7903,155.0,98670,2611,FD,BC
7904,155.0,98671,4944,CS,MBC
7905,155.0,98672,4978,BT,OC
7906,155.0,98674,1126,AD,MBC
7907,155.0,98675,5921,EC,BCM
7908,155.0,98678,5912,CS,BC
7909,155.0,98680,3857,CS,OC
7910,155.0,98684,5988,EC,OC
7911,155.0,98691,2707,ME,BC
7912,155.0,98696,5910,CE,BC
7913,155.0,98699,2657,BT,OC
7914,155.0,98701,3920,CS,MBC
7915,155.0,98705,3018,EE,OC
7916,155.0,98706,3846,CS,OC
7917,155.0,98709,5,MM,OC
7918,155.0,98711,2743,ME,OC
7919,155.0,98712,1217,EC,MBC
7920,155.0,98713,2712,CE,SCA
7921,155.0,98714,5902,CS,OC
7922,155.0,98715,1217,EC,SC
7923,155.0,98716,1015,EE,SC
7924,155.0,98718,5009,EE,SCA
7925,155.0,98721,1424,AD,BC
7926,155.0,98725,1127,BT,BC
7927,155.0,98728,1504,ME,MBC
7928,155.0,98729,4982,CS,OC
7929,154.9,98731,5990,EE,OC
7930,154.9,98734,2611,FD,MBC
7931,154.9,98739,3795,ME,OC
7932,154.9,98744,3760,ME,OC
7933,154.9,98745,2713,EC,OC
7934,154.9,98748,5,CH,SC
7935,154.9,98749,1211,BT,SCA
7936,154.9,98750,3806,ME,OC
7937,154.9,98751,1101,EE,OC
7938,154.9,98752,1411,CS,MBC
7939,154.9,98754,1409,RM,OC
7940,154.9,98755,3019,CE,OC
7941,154.9,98756,2723,EC,MBC
7942,154.9,98758,2611,IT,SC
7943,154.9,98759,3812,CS,BCM
7944,154.9,98763,2739,EC,SC
7945,154.9,98764,1505,EC,MBC
7946,154.9,98766,1509,IT,SC
7947,154.9,98767,3805,ME,OC
7948,154.9,98768,3830,EC,MBC
7949,154.9,98769,3844,CS,OC
7950,154.9,98771,2623,CS,OC
7951,154.9,98773,2610,BM,SC
7952,154.9,98778,1124,MR,BC
7953,154.9,98780,3810,AD,BC
7954,154.9,98782,2776,CS,MBC
7955,154.9,98783,4917,CE,BC
7956,154.9,98784,1408,CE,OC
7957,154.9,98785,5022,ME,MBC
7958,154.9,98786,4957,CS,BC
7959,154.9,98787,1316,BM,BC
7960,154.9,98788,1217,EC,MBC
7961,154.9,98793,3806,BM,SC
7962,154.9,98794,3908,CS,BC
7963,154.9,98795,4670,EC,BCM
7964,154.9,98796,2634,EC,MBC
7965,154.9,98798,1217,BT,SC
7966,154.9,98799,1520,CS,SC
7967,154.9,98800,2611,PU,OC
7968,154.9,98801,1319,AD,BC
7969,154.9,98804,4965,ME,OC
7970,154.9,98806,2736,ME,OC
7971,154.9,98807,2642,IT,SC
7972,154.9,98808,3782,EC,OC
7973,154.9,98811,5935,CS,OC
7974,154.9,98813,2611,AG,BC
7975,154.9,98814,2618,MZ,BCM
7976,154.9,98816,1437,IT,OC
7977,154.9,98819,5865,ME,OC
7978,154.9,98821,2617,EC,OC
7979,154.9,98822,2617,EC,OC
7980,154.9,98824,2624,AD,OC
7981,154.9,98827,5832,ME,OC
7982,154.9,98829,2725,CS,SC
7983,154.9,98834,2314,AD,OC
7984,154.9,98835,4964,ME,OC
7985,154.9,98838,2739,CS,SCA
7986,154.9,98842,2606,CS,MBC
7987,154.9,98844,2611,AG,SC
7988,154.9,98845,5832,EE,OC
7989,154.9,98850,4023,ME,SC
7990,154.9,98852,2627,CS,SCA
7991,154.9,98853,5536,AG,BC
7992,154.9,98854,1325,CS,SC
7993,154.9,98856,2327,CS,OC
7994,154.9,98859,2349,BM,OC
7995,154.9,98860,2611,EC,BC
7996,154.9,98862,5832,EC,MBC
7997,154.9,98863,1303,BT,SC
7998,154.9,98867,1501,EC,MBC
7999,154.9,98870,2609,CS,BC
8000,154.9,98871,5865,ME,OC
8001,154.9,98872,1207,EC,SC
8002,154.9,98873,2302,CS,BC
8003,154.9,98874,2634,AG,SCA
8004,154.9,98876,2623,BM,OC
8005,154.9,98878,2617,EE,OC
8006,154.9,98879,5022,ME,BC
8007,154.9,98880,1216,EC,SC
8008,154.9,98881,3830,EE,SC
8009,154.9,98882,5907,CE,OC
8010,154.9,98884,2729,MZ,BC
8011,154.9,98886,2349,BM,SC
8012,154.9,98890,5017,EE,OC
8013,154.9,98893,1015,ME,MBC
8014,154.9,98894,3918,CE,OC
8015,154.9,98895,5536,CS,BC
8016,154.9,98897,2634,AD,BC
8017,154.9,98901,4953,CS,BC
8018,154.9,98903,2621,IT,MBC
8019,154.9,98906,3849,IT,BC
8020,154.9,98907,5862,CS,MBC
8021,154.9,98908,4928,EC,BC
8022,154.9,98909,2729,AE,MBC
8023,154.9,98912,2722,CE,MBC
8024,154.9,98915,2610,CY,BC
8025,154.9,98918,1207,IT,MBC
8026,154.8,98922,1402,CS,OC
8027,154.8,98923,4676,ME,OC
8028,154.8,98924,3760,CS,BC
8029,154.8,98925,4975,CS,BC
8030,154.8,98927,1150,AG,OC
8031,154.8,98928,2683,CS,OC
8032,154.8,98929,1207,BM,SC
8033,154.8,98932,2750,EC,ST
8034,154.8,98933,2640,CS,OC
8035,154.8,98935,2627,ME,OC
8036,154.8,98936,2314,CS,SCA
8037,154.8,98937,2628,CS,BC
8038,154.8,98938,5862,CS,SC
8039,154.8,98939,1412,CS,BCM
8040,154.8,98940,3760,AG,BC
8041,154.8,98941,2732,CS,BC
8042,154.8,98941,1434,CS,OC
8043,154.8,98942,2327,CS,OC
8044,154.8,98943,3812,CS,BC
8045,154.8,98944,5904,ME,BC
8046,154.8,98946,5,CE,BC
8047,154.8,98950,2713,CS,OC
8048,154.8,98951,2347,EC,MBC
8049,154.8,98953,1126,AD,BC
8050,154.8,98954,2650,EC,OC
8051,154.8,98955,3810,IT,BC
8052,154.8,98957,4955,ME,SC
8053,154.8,98960,4975,CE,OC
8054,154.8,98962,2736,ME,BC
8055,154.8,98963,4672,EC,BC
8056,154.8,98965,2758,CS,BCM
8057,154.8,98966,3812,IT,SC
8058,154.8,98967,1424,PE,OC
8059,154.8,98970,2328,IT,SC
8060,154.8,98975,2610,EC,BC
8061,154.8,98976,1434,EC,OC
8062,154.8,98977,2349,BM,SC
8063,154.8,98979,2747,CS,SC
8064,154.8,98981,4675,EC,BC
8065,154.8,98985,1202,CS,SC
8066,154.8,98986,3817,CS,BC
8067,154.8,98987,5530,EE,BC
8068,154.8,98989,2347,EC,BC
8069,154.8,98991,2610,EC,MBC
8070,154.8,98992,2732,EC,OC
8071,154.8,98993,1509,CE,OC
8072,154.8,98995,3425,EE,MBC
8073,154.8,98999,3803,ME,OC
8074,154.8,99003,3464,EE,SCA
8075,154.8,99004,4917,BT,OC
8076,154.8,99005,5919,EC,OC
8077,154.8,99006,5942,IT,OC
8078,154.8,99011,4672,ME,BC
8079,154.8,99014,4933,CS,BC
8080,154.8,99016,4992,EC,OC
8081,154.8,99016,2657,EC,OC
8082,154.8,99019,1217,EC,BC
8083,154.8,99020,2769,PD,OC
8084,154.8,99022,2734,EE,MBC
8085,154.8,99023,5533,CS,OC
8086,154.8,99024,4927,ME,OC
8087,154.8,99026,2731,PD,SC
8088,154.8,99028,3807,CS,SC
8089,154.8,99031,1026,ME,MBC
8090,154.8,99033,2610,CY,BC
8091,154.8,99038,2607,MZ,MBC
8092,154.8,99039,3466,ME,OC
8093,154.8,99041,5862,AG,SC
8094,154.8,99044,2736,CE,SCA
8095,154.8,99047,3021,CE,OC
8096,154.8,99048,1218,CS,MBC
8097,154.8,99050,4945,CS,OC
8098,154.8,99051,1311,AU,OC
8099,154.8,99052,2622,IT,MBC
8100,154.8,99054,3846,ME,OC
8101,154.8,99055,4972,EC,SC
8102,154.8,99058,4024,GI,SC
8103,154.8,99061,1207,EC,SC
8104,154.8,99064,3462,EC,OC
8105,154.8,99067,1114,ME,OC
8106,154.8,99071,3425,ME,OC
8107,154.8,99073,5,ME,SC
8108,154.8,99076,4955,ME,SC
8109,154.8,99078,4981,EE,OC
8110,154.8,99079,1217,EC,BC
8111,154.8,99080,2613,EE,BC
8112,154.8,99082,3461,EC,OC
8113,154.8,99083,2716,BM,OC
8114,154.8,99085,2636,CS,MBC
8115,154.8,99086,4670,ME,OC
8116,154.8,99087,1123,CS,OC
8117,154.8,99088,2611,ME,OC
8118,154.8,99089,2302,CS,BC
8119,154.8,99090,1303,AG,OC
8120,154.8,99093,5703,CS,BC
8121,154.8,99095,1226,EE,OC
8122,154.8,99096,4934,CS,MBC
8123,154.8,99097,2711,EC,SC
8124,154.8,99098,1605,CS,MBC
8125,154.8,99101,4974,CE,SCA
8126,154.8,99103,2611,ME,OC
8127,154.8,99104,2636,ME,OC
8128,154.8,99106,3807,ME,OC
8129,154.8,99108,2617,CS,SCA
8130,154.8,99110,1226,EC,MBC
8131,154.8,99111,2734,ME,MBC
8132,154.8,99112,4917,ME,OC
8133,154.8,99113,2623,IT,BC
8134,154.8,99115,2610,BM,MBC
8135,154.8,99116,4975,CS,MBC
8136,154.8,99118,2610,CS,SC
8137,154.8,99124,1126,CS,BC
8138,154.8,99125,2659,EC,OC
8139,154.8,99129,4989,CS,BC
8140,154.8,99130,5913,CS,SC
8141,154.8,99131,4957,IT,BC
8142,154.8,99132,3905,EE,OC
8143,154.8,99134,2349,BM,SCA
8144,154.8,99136,2761,RM,OC
8145,154.8,99138,1319,AD,SC
8146,154.8,99139,1207,EC,SC
8147,154.8,99140,3803,CH,OC
8148,154.8,99141,5017,EE,OC
8149,154.8,99144,2611,EC,MBC
8150,154.8,99148,2624,PH,SC
8151,154.8,99149,2713,EE,OC
8152,154.8,99150,1238,BM,BC
8153,154.8,99151,2744,EC,BCM
8154,154.8,99152,3843,ME,OC
8155,154.8,99154,1207,BM,SC
8156,154.8,99157,2723,ME,MBC
8157,154.8,99159,1120,EE,SC
8158,154.8,99160,3830,ME,SC
8159,154.8,99162,4676,EE,OC
8160,154.8,99163,4953,IT,OC
8161,154.8,99164,2651,AD,BC
8162,154.8,99165,4670,ME,BC
8163,154.8,99166,3829,CS,BCM
8164,154.7,99170,3019,CE,MBC
8165,154.7,99171,1202,EE,OC
8166,154.7,99172,1313,CS,OC
8167,154.7,99175,1408,EE,OC
8168,154.7,99176,3807,IT,MBC
8169,154.7,99177,1228,BM,BC
8170,154.7,99181,1207,CS,BC
8171,154.7,99182,3456,EE,OC
8172,154.7,99183,3905,ME,OC
8173,154.7,99186,3805,ME,OC
8174,154.7,99187,2302,AD,BC
8175,154.7,99189,2715,EE,BC
8176,154.7,99190,3810,CS,MBC
8177,154.7,99192,2627,EE,OC
8178,154.7,99193,1126,CS,MBC
8179,154.7,99194,2729,CB,MBC
8180,154.7,99195,2729,EE,BC
8181,154.7,99196,1431,EE,OC
8182,154.7,99197,1316,ME,OC
8183,154.7,99199,2713,IT,OC
8184,154.7,99200,4672,ME,BC
8185,154.7,99201,2357,ME,OC
8186,154.7,99203,2639,EE,OC
8187,154.7,99205,2628,CS,BC
8188,154.7,99206,4989,IT,OC
8189,154.7,99207,2707,CD,BC
8190,154.7,99212,1421,EC,OC
8191,154.7,99213,2715,EE,MBC
8192,154.7,99215,2622,ME,BC
8193,154.7,99216,1319,IT,BC
8194,154.7,99219,2613,CS,SCA
8195,154.7,99220,2657,CS,BC
8196,154.7,99221,5913,CS,SC
8197,154.7,99223,4949,MZ,OC
8198,154.7,99225,3812,EC,OC
8199,154.7,99227,2614,TX,OC
8200,154.7,99228,1013,ME,BC
8201,154.7,99229,2634,CS,BC
8202,154.7,99230,2610,EE,OC
8203,154.7,99231,2758,IT,BC
8204,154.7,99233,2628,CS,MBC
8205,154.7,99235,2601,EC,BCM
8206,154.7,99241,4994,EC,OC
8207,154.7,99245,4928,ME,OC
8208,154.7,99246,2726,IT,SC
8209,154.7,99247,2620,CS,SC
8210,154.7,99250,1412,EC,OC
8211,154.7,99254,2609,IT,BC
8212,154.7,99255,4953,CS,SC
8213,154.7,99260,5536,AG,BC
8214,154.7,99261,2620,EE,MBC
8215,154.7,99262,1412,CS,BCM
8216,154.7,99266,2721,EC,MBC
8217,154.7,99268,4965,ME,OC
8218,154.7,99269,4970,CS,SC
8219,154.7,99270,1322,BM,OC
8220,154.7,99272,3908,CS,SC
8221,154.7,99274,3810,IT,BC
8222,154.7,99275,1202,IT,BC
8223,154.7,99276,5865,ME,OC
8224,154.7,99278,2715,EE,BC
8225,154.7,99281,2659,EC,SCA
8226,154.7,99282,2737,IT,MBC
8227,154.7,99284,1519,EC,OC
8228,154.7,99287,2634,EC,MBC
8229,154.7,99289,1207,IT,BC
8230,154.7,99291,1407,MR,OC
8231,154.7,99293,2609,FD,OC
8232,154.7,99295,1401,EC,BC
8233,154.7,99296,2625,EE,OC
8234,154.7,99297,5530,EE,MBC
8235,154.7,99299,2735,EE,MBC
8236,154.7,99300,1510,ME,OC
8237,154.7,99303,5935,AU,OC
8238,154.7,99307,3461,CS,OC
8239,154.7,99308,2650,CS,OC
8240,154.7,99309,3805,FD,BC
8241,154.7,99310,2347,EE,OC
8242,154.7,99312,2621,EE,MBC
8243,154.7,99313,2752,CS,MBC
8244,154.7,99316,5,CZ,SC
8245,154.7,99317,1207,EC,BC
8246,154.7,99320,3807,ME,OC
8247,154.7,99322,2636,ME,OC
8248,154.7,99323,2704,EE,BCM
8249,154.7,99324,3016,EE,MBC
8250,154.7,99325,2707,IT,SC
8251,154.6,99328,4953,CS,BC
8252,154.6,99329,1412,ME,OC
8253,154.6,99331,2732,CS,MBC
8254,154.6,99337,2708,MZ,MBC
8255,154.6,99338,5,ME,SC
8256,154.6,99346,2768,CS,BC
8257,154.6,99347,1123,EC,OC
8258,154.6,99348,2618,IT,SC
8259,154.6,99351,2745,AD,MBC
8260,154.6,99355,2610,EE,OC
8261,154.6,99357,1408,EC,BCM
8262,154.6,99358,2758,IT,SC
8263,154.6,99361,2767,CS,OC
8264,154.6,99365,2632,IT,MBC
8265,154.6,99366,2731,EE,OC
8266,154.6,99367,1441,EE,OC
8267,154.6,99368,3019,EE,SC
8268,154.6,99368,1412,CS,SC
8269,154.6,99369,5913,CS,MBC
8270,154.6,99371,4996,CS,OC
8271,154.6,99372,3462,CS,OC
8272,154.6,99375,4968,CS,OC
8273,154.6,99381,2630,CS,BC
8274,154.6,99386,2621,EC,MBC
8275,154.6,99389,2345,EC,OC
8276,154.6,99394,3812,CS,BC
8277,154.6,99395,2661,CS,SC
8278,154.6,99396,2652,EE,OC
8279,154.6,99397,2727,EE,MBC
8280,154.6,99400,4953,EE,OC
8281,154.6,99402,5502,EC,OC
8282,154.6,99403,2711,EC,SC
8283,154.6,99404,2302,AG,SC
8284,154.6,99406,1150,AG,OC
8285,154.6,99407,4928,EC,BC
8286,154.6,99408,3410,EE,OC
8287,154.6,99410,1518,CS,OC
8288,154.6,99411,3807,EC,OC
8289,154.6,99412,5865,EC,OC
8290,154.6,99413,2708,AL,SC
8291,154.6,99415,2719,ME,MBC
8292,154.6,99417,1014,CE,BC
8293,154.6,99418,5915,CS,SC
8294,154.6,99419,1137,CE,OC
8295,154.6,99421,2624,AD,OC
8296,154.6,99422,1442,AD,MBC
8297,154.6,99423,1414,ME,MBC
8298,154.6,99425,2636,CS,SC
8299,154.6,99426,4946,CS,BC
8300,154.6,99428,2743,AD,MBC
8301,154.6,99429,1505,EE,OC
8302,154.6,99431,5910,CS,SC
8303,154.6,99432,1101,ME,OC
8304,154.6,99434,4944,EC,BC
8305,154.6,99435,3819,IT,SCA
8306,154.6,99438,2743,ME,OC
8307,154.6,99442,3018,EC,BC
8308,154.6,99446,4976,CS,OC
8309,154.6,99448,2620,CS,SC
8310,154.6,99453,1325,CS,SC
8311,154.6,99454,2716,IT,BC
8312,154.6,99455,1512,CS,OC
8313,154.6,99456,2658,CS,OC
8314,154.6,99458,2627,CS,BC
8315,154.6,99461,3786,EC,BC
8316,154.6,99462,5907,EE,OC
8317,154.6,99466,2707,EE,BC
8318,154.6,99470,4965,ME,OC
8319,154.6,99472,1133,CS,OC
8320,154.6,99481,1126,CS,BC
8321,154.6,99483,3801,ME,OC
8322,154.6,99484,1237,MZ,BC
8323,154.6,99485,3805,EC,BC
8324,154.6,99487,3016,EE,MBC
8325,154.6,99490,2707,AG,MBC
8326,154.6,99491,2611,MC,OC
8327,154.6,99492,1408,CS,SC
8328,154.6,99500,2611,EE,OC
8329,154.6,99501,2653,IT,SC
8330,154.6,99502,2758,CS,SC
8331,154.6,99503,2717,CS,OC
8332,154.6,99505,2659,BM,BC
8333,154.6,99506,4917,BT,OC
8334,154.6,99507,1140,ME,BC
8335,154.6,99508,2719,ME,MBC
8336,154.6,99509,5502,CS,BC
8337,154.6,99512,2328,ME,OC
8338,154.6,99513,2328,ME,OC
8339,154.6,99515,1202,CS,MBC
8340,154.6,99517,3806,CB,BC
8341,154.6,99518,3425,EE,MBC
8342,154.6,99519,3760,ME,OC
8343,154.6,99521,1207,RM,OC
8344,154.6,99523,3829,ME,OC
8345,154.6,99524,5865,ME,OC
8346,154.6,99527,3810,IT,MBC
8347,154.6,99529,2345,AD,MBC
8348,154.6,99530,2656,ME,MBC
8349,154.6,99534,1207,CS,MBC
8350,154.6,99535,4965,EE,MBC
8351,154.6,99536,5,CE,BC
8352,154.6,99537,2624,FD,OC
8353,154.6,99538,3908,CS,SC
8354,154.6,99539,1228,BM,BC
8355,154.6,99541,2744,EC,BC
8356,154.6,99544,1431,EC,BC
8357,154.6,99545,3805,EE,MBC
8358,154.6,99548,1202,EC,MBC
8359,154.6,99550,2729,EC,MBC
8360,154.6,99551,1149,ME,SC
8361,154.6,99552,4917,ME,OC
8362,154.6,99553,1303,EC,BCM
8363,154.6,99554,2653,ME,BC
8364,154.6,99555,1405,CS,SC
8365,154.6,99557,4994,CE,OC
8366,154.6,99558,2634,EC,BC
8367,154.6,99560,3803,EE,BC
8368,154.6,99561,2354,CS,MBC
8369,154.6,99563,3905,CS,SC
8370,154.6,99565,2634,AD,MBC
8371,154.6,99566,4864,CS,MBC
8372,154.5,99569,5017,EC,MBC
8373,154.5,99574,4954,EE,BC
8374,154.5,99576,1115,ME,OC
8375,154.5,99577,2776,AU,OC
8376,154.5,99578,1311,AE,MBC
8377,154.5,99585,4959,ME,BC
8378,154.5,99586,3905,EC,BC
8379,154.5,99589,1106,IT,BC
8380,154.5,99590,3833,EC,OC
8381,154.5,99591,2767,CS,OC
8382,154.5,99592,1127,ME,OC
8383,154.5,99593,5010,EC,SCA
8384,154.5,99594,4966,EC,OC
8385,154.5,99596,1233,CE,MBC
8386,154.5,99597,4917,CH,OC
8387,154.5,99604,5865,CE,MBC
8388,154.5,99605,4989,CS,SC
8389,154.5,99607,2609,AO,OC
8390,154.5,99608,1122,CH,SC
8391,154.5,99609,2620,TS,SCA
8392,154.5,99612,2661,EE,OC
8393,154.5,99615,1408,EC,BC
8394,154.5,99618,2338,AG,OC
8395,154.5,99619,2706,AD,SC
8396,154.5,99620,1210,CS,SCA
8397,154.5,99621,1325,EE,OC
8398,154.5,99623,5930,CS,OC
8399,154.5,99624,2715,ME,OC
8400,154.5,99626,2630,ME,OC
8401,154.5,99627,2630,ME,OC
8402,154.5,99628,2762,CS,SC
8403,154.5,99629,3810,ME,OC
8404,154.5,99632,2621,AE,OC
8405,154.5,99633,1123,AE,BCM
8406,154.5,99636,2634,CS,BC
8407,154.5,99640,2718,MZ,SC
8408,154.5,99641,1303,EE,OC
8409,154.5,99645,1316,MU,OC
8410,154.5,99646,3016,EC,SC
8411,154.5,99648,2639,EE,OC
8412,154.5,99650,4670,ME,BC
8413,154.5,99651,1310,ME,OC
8414,154.5,99652,2715,ME,OC
8415,154.5,99653,3817,CE,OC
8416,154.5,99654,3806,EC,OC
8417,154.5,99655,2627,CS,SC
8418,154.5,99657,2602,MD,MBC
8419,154.5,99658,4023,XM,OC
8420,154.5,99660,2327,ME,OC
8421,154.5,99661,3826,EC,MBC
8422,154.5,99665,2722,ME,SC
8423,154.5,99666,2745,AD,MBC
8424,154.5,99667,1520,EC,BC
8425,154.5,99677,1217,FD,BC
8426,154.5,99678,3811,CS,BC
8427,154.5,99688,5017,EE,OC
8428,154.5,99699,5022,EE,BC
8429,154.5,99701,1211,IT,ST
8430,154.5,99703,2764,CS,SC
8431,154.5,99704,2618,CE,MBC
8432,154.5,99705,1202,CS,BC
8433,154.5,99710,1212,BM,OC
8434,154.5,99732,2601,CH,MBC
8435,154.5,99734,2769,CS,BC
8436,154.5,99737,1125,CS,OC
8437,154.5,99744,1313,CS,OC
8438,154.5,99746,4024,GI,SC
8439,154.5,99747,1319,AD,BC
8440,154.5,99749,1101,IT,BC
8441,154.5,99751,2610,EE,OC
8442,154.5,99752,1115,AD,MBC
8443,154.5,99753,2628,CS,MBC
8444,154.5,99764,2607,TX,BC
8445,154.5,99765,1221,CS,BC
8446,154.5,99768,3810,CS,BCM
8447,154.5,99771,2711,CD,SC
8448,154.5,99772,2725,CS,SC
8449,154.5,99773,2634,EC,BC
8450,154.5,99774,5910,CS,SC
8451,154.5,99779,2618,IT,SC
8452,154.5,99781,5862,CS,BCM
8453,154.5,99782,2726,ME,BC
8454,154.5,99786,1520,EE,OC
8455,154.5,99797,2618,CE,MBC
8456,154.5,99798,1122,ME,MBC
8457,154.5,99799,3811,CS,BC
8458,154.5,99800,2622,IT,SC
8459,154.5,99802,2611,EE,OC
8460,154.5,99803,2705,CS,SC
8461,154.5,99804,3425,EC,MBC
8462,154.5,99805,2611,MC,OC
8463,154.5,99806,2618,ME,MBC
8464,154.5,99808,3908,CS,MBC
8465,154.5,99812,5,ME,SC
8466,154.5,99814,2706,IT,SC
8467,154.5,99816,5912,CS,BC
8468,154.5,99817,4959,ME,BC
8469,154.5,99820,1114,EE,MBC
8470,154.5,99821,4981,EE,OC
8471,154.5,99826,1411,IT,OC
8472,154.5,99827,2735,EE,SC
8473,154.5,99828,2707,BM,SCA
8474,154.5,99831,1226,EE,OC
8475,154.5,99832,3701,ME,BC
8476,154.5,99835,3843,CS,BC
8477,154.5,99837,1216,EC,SC
8478,154.5,99838,4971,CE,BC
8479,154.5,99839,2613,EE,MBC
8480,154.5,99840,2727,EE,MBC
8481,154.5,99841,5,EI,SC
8482,154.5,99842,2750,AE,BCM
8483,154.5,99843,2659,CS,BC
8484,154.5,99845,2753,AG,OC
8485,154.5,99847,2740,ME,BC
8486,154.5,99848,3456,BM,OC
8487,154.5,99849,3812,CS,BC
8488,154.5,99850,5,EI,SC
8489,154.5,99851,1307,CE,OC
8490,154.5,99852,3462,CS,OC
8491,154.5,99853,2327,EC,OC
8492,154.5,99856,1420,ME,OC
8493,154.5,99860,3826,ME,BC
8494,154.5,99861,2609,CS,SC
8495,154.5,99862,2652,EE,OC
8496,154.5,99864,2707,ME,MBC
8497,154.5,99865,3804,CE,OC
8498,154.5,99868,5910,CE,MBC
8499,154.5,99869,1412,EC,OC
8500,154.5,99870,4024,ME,BC
8501,154.5,99871,4959,ME,BC
8502,154.5,99872,1523,IT,MBC
8503,154.5,99873,3701,CE,BC
8504,154.5,99874,3803,EE,BC
8505,154.5,99875,4675,CS,BC
8506,154.5,99877,2624,EC,OC
8507,154.5,99878,2657,EC,OC
8508,154.5,99880,1217,EC,MBC
8509,154.5,99883,2630,CS,BC
8510,154.5,99885,5915,EC,OC
8511,154.5,99887,2749,AG,OC
8512,154.5,99888,1116,EC,BC
8513,154.5,99889,1241,EC,OC
8514,154.5,99892,2653,CS,SCA
8515,154.5,99893,2749,EC,OC
8516,154.5,99894,3908,CS,BCM
8517,154.5,99895,1128,ME,SC
8518,154.5,99897,1202,CS,BC
8519,154.5,99899,4981,CE,OC
8520,154.5,99901,2601,ME,OC
8521,154.5,99902,4917,BT,MBC
8522,154.5,99904,4952,CS,OC
8523,154.5,99905,3908,CS,BC
8524,154.5,99906,1221,CS,BC
8525,154.5,99907,1507,IT,BC
8526,154.5,99908,4964,CE,OC
8527,154.5,99914,5901,CE,ST
8528,154.5,99915,2618,IT,SC
8529,154.5,99916,2651,EC,BC
8530,154.4,99917,2634,EC,BC
8531,154.4,99919,3814,ME,OC
8532,154.4,99920,2354,EC,OC
8533,154.4,99922,2314,AG,OC
8534,154.4,99924,4675,EC,SC
8535,154.4,99927,2722,ME,SC
8536,154.4,99928,1401,EC,SC
8537,154.4,99930,5,ME,SC
8538,154.4,99931,2727,BM,MBC
8539,154.4,99932,2632,CS,BC
8540,154.4,99933,1317,CH,MBC
8541,154.4,99934,2314,AD,OC
8542,154.4,99935,1238,CS,SCA
8543,154.4,99936,1207,CS,SCA
8544,154.4,99937,2618,FT,BC
8545,154.4,99938,2617,CS,BCM
8546,154.4,99940,2620,TS,SC
8547,154.4,99942,3826,ME,BC
8548,154.4,99944,5832,CE,OC
8549,154.4,99945,2611,EE,BC
8550,154.4,99946,1306,EC,SC
8551,154.4,99947,5532,CE,OC
8552,154.4,99949,1405,CS,SC
8553,154.4,99951,1106,CS,MBC
8554,154.4,99954,2749,AD,MBC
8555,154.4,99956,2652,IT,OC
8556,154.4,99957,3018,EC,BC
8557,154.4,99958,2347,EE,OC
8558,154.4,99960,5988,ME,OC
8559,154.4,99961,2360,CS,BC
8560,154.4,99963,3810,AG,SCA
8561,154.4,99964,2621,ME,OC
8562,154.4,99966,3425,CS,BC
8563,154.4,99967,2624,AG,OC
8564,154.4,99969,2731,EE,OC
8565,154.4,99975,2349,BM,BCM
8566,154.4,99978,2625,ME,OC
8567,154.4,99979,2651,AD,MBC
8568,154.4,99980,1518,EC,OC
8569,154.4,99983,2750,AE,SC
8570,154.4,99984,2601,EC,BCM
8571,154.4,99986,1442,BM,MBC
8572,154.4,99987,2708,EE,MBC
8573,154.4,99988,3465,ME,ST
8574,154.4,99989,2734,ME,SCA
8575,154.4,99990,1303,ME,OC
8576,154.4,99991,4967,EE,OC
8577,154.4,99992,1207,CS,SC
8578,154.4,99994,3804,BM,OC
8579,154.4,99995,2769,BC,OC
8580,154.4,99996,2617,CS,BC
8581,154.4,99997,5862,CS,BC
8582,154.4,99999,4968,CS,OC
8583,154.4,100001,3826,ME,MBC
8584,154.4,100002,4964,EC,OC
8585,154.4,100007,1437,IT,OC
8586,154.4,100008,3803,CS,SC
8587,154.4,100010,2360,CS,BC
8588,154.4,100011,2711,EC,SC
8589,154.4,100013,2704,CE,BC
8590,154.4,100015,4670,ME,BC
8591,154.4,100019,2357,EE,BC
8592,154.4,100023,2722,ME,MBC
8593,154.4,100030,3016,EE,MBC
8594,154.4,100031,5904,EE,MBC
8595,154.4,100032,4965,EE,BC
8596,154.4,100033,2632,CS,MBC
8597,154.4,100034,2659,BM,SC
8598,154.4,100036,2767,CS,OC
8599,154.4,100037,2673,CS,SC
8600,154.4,100039,2734,MO,BC
8601,154.4,100040,1441,ME,OC
8602,154.4,100041,2683,CS,OC
8603,154.4,100042,4966,EE,OC
8604,154.4,100043,2609,AO,OC
8605,154.4,100045,4971,CE,BC
8606,154.4,100047,3760,AD,BC
8607,154.4,100050,2734,AD,SC
8608,154.4,100052,2610,CY,BC
8609,154.4,100054,3817,CS,SC
8610,154.4,100056,5915,ME,OC
8611,154.4,100062,3806,BM,MBC
8612,154.4,100063,5910,CE,MBC
8613,154.4,100065,2610,CY,SC
8614,154.4,100066,2608,CE,OC
8615,154.4,100067,2621,CE,OC
8616,154.4,100071,1307,EC,SC
8617,154.4,100072,2621,AE,OC
8618,154.4,100074,2634,AG,BC
8619,154.4,100075,2611,EC,BC
8620,154.4,100076,5915,EE,OC
8621,154.4,100077,4969,EC,OC
8622,154.4,100080,2715,EE,BC
8623,154.4,100083,4864,EE,OC
8624,154.4,100085,2758,ME,OC
8625,154.4,100087,2618,IT,SC
8626,154.4,100088,2607,MZ,BC
8627,154.4,100089,3920,CS,MBC
8628,154.4,100091,3016,EC,SC
8629,154.4,100092,3805,EC,BC
8630,154.4,100094,1303,ME,OC
8631,154.4,100095,3813,ME,OC
8632,154.4,100097,4954,ME,OC
8633,154.4,100098,5502,EC,OC
8634,154.4,100099,2623,CS,OC
8635,154.4,100100,1412,CS,BC
8636,154.4,100101,4917,EE,BC
8637,154.4,100102,4965,EE,BC
8638,154.4,100104,2708,FD,MBC
8639,154.4,100106,5902,CS,OC
8640,154.4,100107,5832,EE,OC
8641,154.4,100108,4669,CS,OC
8642,154.4,100110,5842,IT,OC
8643,154.4,100112,5,EI,SC
8644,154.4,100113,5904,IT,SC
8645,154.4,100118,4949,IN,OC
8646,154.4,100119,1217,EC,BC
8647,154.4,100120,4989,EC,OC
8648,154.4,100121,2710,ME,SC
8649,154.4,100122,2745,EC,MBC
8650,154.3,100125,1140,ME,BC
8651,154.3,100130,1422,EE,ST
8652,154.3,100131,4953,CS,BC
8653,154.3,100132,5935,CS,MBC
8654,154.3,100136,3813,IT,OC
8655,154.3,100138,2657,CS,MBC
8656,154.3,100139,2611,BM,BC
8657,154.3,100142,1237,MZ,BC
8658,154.3,100144,1605,CS,MBC
8659,154.3,100145,2716,MZ,OC
8660,154.3,100146,3825,CS,BC
8661,154.3,100147,1229,EE,OC
8662,154.3,100148,3806,BM,SC
8663,154.3,100152,5017,ME,OC
8664,154.3,100153,1413,CS,SC
8665,154.3,100154,3425,EC,MBC
8666,154.3,100155,2611,EC,BC
8667,154.3,100159,2639,IT,OC
8668,154.3,100160,3701,ME,MBC
8669,154.3,100164,3464,CE,BCM
8670,154.3,100165,2716,AG,OC
8671,154.3,100167,2769,ME,OC
8672,154.3,100168,4977,CS,OC
8673,154.3,100170,2628,CS,MBC
8674,154.3,100171,3812,CS,BC
8675,154.3,100172,3819,EE,SCA
8676,154.3,100173,1504,CH,OC
8677,154.3,100174,2758,EE,OC
8678,154.3,100175,4965,ME,OC
8679,154.3,100177,3016,CE,OC
8680,154.3,100181,2735,EE,BCM
8681,154.3,100182,4928,CE,OC
8682,154.3,100186,1317,EI,SC
8683,154.3,100187,3843,EC,OC
8684,154.3,100188,3841,CS,SC
8685,154.3,100192,2727,ME,SC
8686,154.3,100194,2661,IT,BC
8687,154.3,100196,2722,CS,ST
8688,154.3,100197,1101,CS,SC
8689,154.3,100200,2611,EE,MBC
8690,154.3,100202,3825,CS,BC
8691,154.3,100203,4024,CE,OC
8692,154.3,100204,2342,ME,OC
8693,154.3,100205,2628,CS,MBC
8694,154.3,100206,1309,CE,MBC
8695,154.3,100211,5536,EC,BC
8696,154.3,100212,2342,EC,BC
8697,154.3,100216,2758,CS,MBC
8698,154.3,100218,2610,BM,SCA
8699,154.3,100220,1311,EC,SC
8700,154.3,100225,1322,FD,SC
8701,154.3,100226,2611,BM,BC
8702,154.3,100227,4917,BM,BCM
8703,154.3,100228,2627,CS,SC
8704,154.3,100229,2630,CS,SC
8705,154.3,100230,4957,IT,BC
8706,154.3,100231,1110,ME,OC
8707,154.3,100232,5703,EC,OC
8708,154.3,100233,5915,EC,OC
8709,154.3,100234,1424,EE,OC
8710,154.3,100238,5910,CE,BC
8711,154.3,100239,2369,EE,SCA
8712,154.3,100242,1432,ME,SC
8713,154.3,100243,3805,EC,BC
8714,154.3,100245,5865,CS,SCA
8715,154.3,100246,4944,EC,SC
8716,154.3,100247,2611,IT,SC
8717,154.3,100249,1424,EC,BC
8718,154.3,100250,5502,EC,OC
8719,154.3,100251,2624,BT,SC
8720,154.3,100252,3810,CS,BC
8721,154.3,100254,3918,EE,OC
8722,154.3,100257,2611,CH,OC
8723,154.3,100260,2758,IT,MBC
8724,154.3,100265,1319,CS,BC
8725,154.3,100266,3905,CS,SC
8726,154.3,100268,2636,ME,OC
8727,154.3,100272,5921,CE,OC
8728,154.3,100276,5530,CE,OC
8729,154.3,100279,2706,IT,SC
8730,154.3,100281,3019,XC,OC
8731,154.3,100283,1524,CS,OC
8732,154.3,100284,2749,CS,BC
8733,154.3,100285,2716,IT,BC
8734,154.3,100286,1322,EC,MBC
8735,154.3,100287,2349,AD,OC
8736,154.3,100288,3019,EE,BC
8737,154.3,100289,2610,EC,MBC
8738,154.3,100292,1316,MU,OC
8739,154.3,100293,1316,CS,SC
8740,154.3,100298,2715,EE,BC
8741,154.3,100301,3841,EC,BC
8742,154.3,100304,2758,IT,SC
8743,154.3,100305,2702,TX,MBC
8744,154.3,100306,1405,EC,OC
8745,154.3,100308,1114,EE,BC
8746,154.3,100310,2302,CS,BC
8747,154.3,100312,1207,CS,BC
8748,154.2,100319,3805,IT,SC
8749,154.2,100322,1319,AD,BC
8750,154.2,100324,5919,BT,SC
8751,154.2,100328,2752,CS,BCM
8752,154.2,100330,2743,ME,OC
8753,154.2,100331,3804,CE,OC
8754,154.2,100332,5910,ME,MBC
8755,154.2,100333,1122,EC,SC
8756,154.2,100334,2611,EC,BC
8757,154.2,100337,2635,CS,OC
8758,154.2,100339,2629,MD,OC
8759,154.2,100341,4678,AD,MBC
8760,154.2,100347,3908,CS,BC
8761,154.2,100348,3829,EC,OC
8762,154.2,100350,2776,AG,BC
8763,154.2,100352,4933,EC,BC
8764,154.2,100354,5,ME,MBC
8765,154.2,100355,1238,BM,SCA
8766,154.2,100356,4944,EC,BC
8767,154.2,100358,5,MM,OC
8768,154.2,100359,2627,BT,SC
8769,154.2,100360,1422,AG,SC
8770,154.2,100361,3425,EE,MBC
8771,154.2,100362,4670,ME,BC
8772,154.2,100364,2609,PU,OC
8773,154.2,100366,5536,CS,BCM
8774,154.2,100369,5832,EC,BC
8775,154.2,100370,4669,EC,BC
8776,154.2,100371,4993,AG,BC
8777,154.2,100372,2620,TS,BCM
8778,154.2,100374,3019,CE,BCM
8779,154.2,100375,3829,CS,BC
8780,154.2,100376,2632,IT,MBC
8781,154.2,100378,4965,BM,SC
8782,154.2,100379,2716,AG,OC
8783,154.2,100385,5017,EC,MBC
8784,154.2,100387,2651,AD,BC
8785,154.2,100389,2601,AE,OC
8786,154.2,100390,2627,CS,BC
8787,154.2,100391,5,CH,BC
8788,154.2,100394,2747,ME,OC
8789,154.2,100395,1523,CS,BC
8790,154.2,100399,1317,EE,SC
8791,154.2,100400,5,MM,OC
8792,154.2,100402,5530,EE,BC
8793,154.2,100404,2610,IT,SC
8794,154.2,100406,2706,EC,SC
8795,154.2,100410,1507,IT,BC
8796,154.2,100412,2610,EE,OC
8797,154.2,100413,4971,CE,BC
8798,154.2,100415,3841,EC,BC
8799,154.2,100420,2612,CS,OC
8800,154.2,100422,2716,CS,MBC
8801,154.2,100424,1015,ME,BC
8802,154.2,100425,4024,CE,OC
8803,154.2,100427,1110,BT,BC
8804,154.2,100428,2708,AU,OC
8805,154.2,100429,2636,CS,BC
8806,154.2,100430,2769,PD,BC
8807,154.2,100432,3786,AE,OC
8808,154.2,100434,2345,CS,SC
8809,154.2,100437,1116,EC,MBC
8810,154.2,100438,1202,IT,BCM
8811,154.2,100441,2314,EE,OC
8812,154.2,100442,2747,EE,OC
8813,154.2,100444,1207,BM,SC
8814,154.2,100446,2743,FD,OC
8815,154.2,100448,2715,EE,BC
8816,154.2,100449,2715,EE,BC
8817,154.2,100450,1311,ME,MBC
8818,154.2,100451,2608,CE,OC
8819,154.2,100452,1513,CS,BC
8820,154.2,100453,2618,IT,SC
8821,154.2,100454,1106,IT,BC
8822,154.2,100456,2620,EE,MBC
8823,154.2,100458,1501,CS,BC
8824,154.2,100459,4964,CS,BC
8825,154.2,100462,1120,EC,SCA
8826,154.2,100463,4023,XM,OC
8827,154.2,100466,4994,CS,BC
8828,154.2,100469,2621,EC,MBC
8829,154.2,100470,2632,BM,SC
8830,154.2,100473,3806,CS,MBC
8831,154.2,100474,2609,PU,OC
8832,154.2,100475,1229,CS,OC
8833,154.2,100476,3795,CE,OC
8834,154.2,100480,2721,EE,BC
8835,154.2,100482,1217,CS,SC
8836,154.2,100483,1101,CS,MBC
8837,154.2,100485,4971,CS,SC
8838,154.2,100487,3019,EE,SC
8839,154.2,100488,4669,EC,BC
8840,154.2,100489,2710,EC,SC
8841,154.2,100490,3805,ME,OC
8842,154.2,100491,2347,EC,BC
8843,154.2,100494,4993,CS,BC
8844,154.2,100495,2622,EC,SC
8845,154.2,100496,5919,ME,OC
8846,154.2,100497,5862,AG,SC
8847,154.2,100498,4670,EC,BC
8848,154.2,100499,5910,ME,SC
8849,154.2,100500,2630,CS,SC
8850,154.2,100501,2752,ME,OC
8851,154.2,100503,4024,CE,BC
8852,154.2,100504,1409,EC,SC
8853,154.2,100505,4955,EE,MBC
8854,154.2,100506,3801,EE,MBC
8855,154.2,100507,2772,CS,OC
8856,154.2,100509,2639,CS,MBC
8857,154.2,100510,2610,EC,MBC
8858,154.1,100513,1207,CS,BC
8859,154.1,100516,4917,ME,OC
8860,154.1,100517,3805,EE,BC
8861,154.1,100518,5832,ME,OC
8862,154.1,100519,3860,ME,OC
8863,154.1,100520,5904,CS,SC
8864,154.1,100524,2628,CS,BCM
8865,154.1,100525,2639,EC,MBC
8866,154.1,100526,1412,EE,OC
8867,154.1,100527,2713,CS,OC
8868,154.1,100528,3805,AG,BC
8869,154.1,100530,1412,IT,SC
8870,154.1,100531,2659,CE,OC
8871,154.1,100532,2652,CS,OC
8872,154.1,100533,2734,MO,BC
8873,154.1,100534,4953,EC,OC
8874,154.1,100535,2657,CS,MBC
8875,154.1,100540,4670,ME,BC
8876,154.1,100541,2610,EC,BC
8877,154.1,100543,2636,CS,BCM
8878,154.1,100545,2622,ME,BC
8879,154.1,100546,2729,EE,BC
8880,154.1,100548,2302,IT,MBC
8881,154.1,100550,3801,EC,MBC
8882,154.1,100551,3831,CS,OC
8883,154.1,100553,2636,AD,SCA
8884,154.1,100554,4944,EC,BC
8885,154.1,100555,3811,EC,OC
8886,154.1,100557,2739,CS,SCA
8887,154.1,100559,2354,EC,OC
8888,154.1,100561,3804,EC,OC
8889,154.1,100562,2630,CS,BC
8890,154.1,100564,2713,EC,OC
8891,154.1,100567,2625,AG,OC
8892,154.1,100569,3831,CS,OC
8893,154.1,100570,2329,AG,MBC
8894,154.1,100571,2726,ME,BC
8895,154.1,100577,3926,ME,OC
8896,154.1,100578,1106,CS,MBC
8897,154.1,100581,2611,EC,MBC
8898,154.1,100582,2629,MD,OC
8899,154.1,100583,1421,CS,BCM
8900,154.1,100586,2763,CE,OC
8901,154.1,100587,2302,IT,MBC
8902,154.1,100588,2357,ME,BC
8903,154.1,100592,2716,AG,OC
8904,154.1,100595,3021,EC,SC
8905,154.1,100596,2747,ME,OC
8906,154.1,100598,5022,EC,SC
8907,154.1,100600,2349,BM,MBC
8908,154.1,100602,4978,BM,MBC
8909,154.1,100603,2734,EC,SC
8910,154.1,100604,1126,EC,OC
8911,154.1,100605,4993,CS,MBC
8912,154.1,100606,1233,ME,BC
8913,154.1,100607,2729,AE,BCM
8914,154.1,100609,1325,EC,MBC
8915,154.1,100610,1512,CS,OC
8916,154.1,100611,2736,ME,BC
8917,154.1,100614,1505,EE,BC
8918,154.1,100623,1231,EC,SC
8919,154.1,100624,2622,ME,SC
8920,154.1,100628,3425,EC,SC
8921,154.1,100630,4949,CS,MBC
8922,154.1,100636,1133,EC,OC
8923,154.1,100639,3011,AU,BCM
8924,154.1,100642,3806,EC,OC
8925,154.1,100644,4957,IT,BC
8926,154.1,100645,1217,AD,SC
8927,154.1,100646,3760,AD,SC
8928,154.1,100647,1325,EC,BC
8929,154.1,100648,2635,CS,OC
8930,154.1,100650,1442,BM,BC
8931,154.1,100651,1431,EC,BC
8932,154.1,100652,3817,CS,MBC
8933,154.1,100654,3803,EE,MBC
8934,154.1,100655,1127,CH,OC
8935,154.1,100656,2357,CS,SC
8936,154.1,100660,3814,EC,OC
8937,154.1,100664,2752,EE,OC
8938,154.1,100669,1520,CS,SC
8939,154.1,100670,4992,EC,OC
8940,154.1,100671,2606,EC,OC
8941,154.1,100672,1216,EC,SC
8942,154.1,100674,2610,EE,OC
8943,154.1,100675,3805,AE,OC
8944,154.1,100676,2726,ME,MBC
8945,154.1,100677,4917,AG,BC
8946,154.1,100678,2609,AE,OC
8947,154.1,100680,1225,EE,SC
8948,154.1,100681,2736,BM,MBC
8949,154.1,100683,3760,AG,SC
8950,154.1,100684,2659,CS,BC
8951,154.1,100685,3019,EC,BCM
8952,154.1,100687,3701,CE,BCM
8953,154.1,100689,2749,AD,BC
8954,154.1,100690,1216,CH,BCM
8955,154.1,100693,3812,EE,OC
8956,154.1,100694,2735,EE,MBC
8957,154.1,100695,1421,CS,MBC
8958,154.1,100700,2657,SF,OC
8959,154.1,100702,4933,EE,OC
8960,154.1,100704,1407,CS,MBC
8961,154.1,100706,3829,CS,MBC
8962,154.0,100711,3826,IT,SC
8963,154.0,100714,1140,ME,MBC
8964,154.0,100715,2634,CS,MBC
8965,154.0,100717,2673,CS,SCA
8966,154.0,100718,2634,CS,MBC
8967,154.0,100721,1319,CS,SC
8968,154.0,100724,4670,EE,BC
8969,154.0,100725,2602,MD,MBC
8970,154.0,100726,5915,EC,OC
8971,154.0,100727,1322,AG,SC
8972,154.0,100729,3815,ME,OC
8973,154.0,100730,1303,AD,SC
8974,154.0,100731,5536,CS,BC
8975,154.0,100732,5921,EC,MBC
8976,154.0,100733,3826,ME,BCM
8977,154.0,100734,2342,EC,BC
8978,154.0,100735,1122,ME,MBC
8979,154.0,100736,2628,CS,MBC
8980,154.0,100737,1226,EE,OC
8981,154.0,100741,2753,AG,OC
8982,154.0,100743,2611,AG,BC
8983,154.0,100744,2713,IT,OC
8984,154.0,100751,1241,CS,MBC
8985,154.0,100752,2624,BM,SC
8986,154.0,100753,2643,EC,OC
8987,154.0,100754,1424,EC,BC
8988,154.0,100758,2752,CS,MBC
8989,154.0,100761,1401,EC,BC
8990,154.0,100762,5910,IT,SC
8991,154.0,100763,1316,EE,MBC
8992,154.0,100764,1202,IT,SC
8993,154.0,100766,2768,CS,BC
8994,154.0,100769,4959,MZ,MBC
8995,154.0,100771,2611,FD,SC
8996,154.0,100777,2342,EC,BC
8997,154.0,100778,2723,BM,BCM
8998,154.0,100779,1501,EC,BC
8999,154.0,100783,3826,ME,MBC
9000,154.0,100785,5913,CS,SC
9001,154.0,100787,2683,BM,OC
9002,154.0,100789,4959,ME,BC
9003,154.0,100792,5,CH,BC
9004,154.0,100794,3805,RM,OC
9005,154.0,100796,1507,CS,SC
9006,154.0,100797,1127,EC,OC
9007,154.0,100799,1452,CS,MBC
9008,154.0,100800,5532,EE,BCM
9009,154.0,100802,1212,CS,BC
9010,154.0,100803,1307,EE,MBC
9011,154.0,100806,2716,IT,BC
9012,154.0,100814,1217,EC,BC
9013,154.0,100816,3908,CS,MBC
9014,154.0,100822,2641,EC,OC
9015,154.0,100825,1015,EE,SC
9016,154.0,100826,4931,CS,MBC
9017,154.0,100827,3812,CE,OC
9018,154.0,100829,2624,BM,SC
9019,154.0,100839,2749,CS,BCM
9020,154.0,100841,2743,ME,OC
9021,154.0,100844,2639,CS,BCM
9022,154.0,100846,1419,IT,SCA
9023,154.0,100853,1216,CE,MBC
9024,154.0,100855,5022,CE,OC
9025,154.0,100857,2732,CS,BC
9026,154.0,100858,2601,EE,BC
9027,154.0,100863,5,ME,BC
9028,154.0,100867,2610,EC,BC
9029,154.0,100876,1113,ME,SC
9030,154.0,100888,3831,EC,OC
9031,154.0,100889,2610,EE,OC
9032,154.0,100895,5,CH,SC
9033,154.0,100904,2718,MZ,SC
9034,154.0,100909,5,EI,BCM
9035,154.0,100914,1319,AD,BC
9036,154.0,100916,2342,EC,MBC
9037,154.0,100918,1324,EE,SC
9038,154.0,100919,2624,AD,OC
9039,154.0,100922,2769,PD,BC
9040,154.0,100923,1233,EE,BC
9041,154.0,100924,4962,ME,SC
9042,154.0,100925,1523,CS,MBC
9043,154.0,100927,4955,EE,MBC
9044,154.0,100928,4864,CE,OC
9045,154.0,100929,2721,ME,OC
9046,154.0,100930,3805,BM,BCM
9047,154.0,100932,2347,CS,SC
9048,154.0,100933,5,CZ,SC
9049,154.0,100936,2659,EC,MBC
9050,154.0,100937,3831,CS,BCM
9051,154.0,100940,1210,ME,MBC
9052,154.0,100942,3461,CS,OC
9053,154.0,100943,1401,EC,BC
9054,154.0,100944,2609,AE,OC
9055,154.0,100946,5022,EE,MBC
9056,154.0,100947,2610,EE,OC
9057,154.0,100948,4676,CS,BC
9058,154.0,100949,1106,AE,OC
9059,154.0,100951,2755,FD,BC
9060,154.0,100952,2345,CS,BCM
9061,154.0,100953,1202,CS,SC
9062,154.0,100961,1442,CS,BCM
9063,154.0,100962,1106,IT,BC
9064,154.0,100965,1106,CS,MBC
9065,154.0,100966,3795,ME,OC
9066,154.0,100970,1226,EE,OC
9067,154.0,100971,3826,ME,BC
9068,154.0,100972,2618,FT,BC
9069,154.0,100973,1128,ME,MBC
9070,154.0,100974,2608,ME,MBC
9071,154.0,100975,2601,EC,MBC
9072,154.0,100976,4993,IT,OC
9073,154.0,100978,2634,EC,MBC
9074,154.0,100979,3425,CS,BC
9075,154.0,100981,2610,CY,BC
9076,154.0,100982,2731,EE,OC
9077,154.0,100983,2630,CS,BC
9078,154.0,100984,4670,ME,BC
9079,154.0,100986,4670,EC,BC
9080,154.0,100988,1124,MR,MBC
9081,154.0,100990,2764,CS,SC
9082,154.0,100991,4970,CS,BC
9083,154.0,100994,5912,EE,OC
9084,154.0,100995,4992,IT,OC
9085,154.0,100996,1405,CS,BCM
9086,154.0,100997,2610,CY,MBC
9087,154.0,100998,3815,TX,OC
9088,154.0,100999,2620,CS,SC
9089,154.0,101002,4995,CS,OC
9090,154.0,101005,3908,CS,BC
9091,154.0,101006,3462,CS,OC
9092,154.0,101008,1122,ME,MBC
9093,154.0,101009,3826,AG,SC
9094,154.0,101010,1605,CS,BCM
9095,154.0,101012,2611,FD,BC
9096,154.0,101014,2735,EC,SC
9097,154.0,101015,2752,ME,OC
9098,154.0,101018,3786,CS,MBC
9099,154.0,101019,2747,EC,OC
9100,154.0,101023,2737,CS,OC
9101,154.0,101025,2659,BM,SCA
9102,154.0,101026,2716,AE,OC
9103,154.0,101027,2622,ME,BC
9104,154.0,101030,1322,AG,SC
9105,154.0,101031,2607,ME,OC
9106,153.9,101034,5990,CS,OC
9107,153.9,101035,3812,IT,BC
9108,153.9,101037,1207,EC,MBC
9109,153.9,101038,4024,CE,BC
9110,153.9,101039,2713,EC,OC
9111,153.9,101040,2638,CS,OC
9112,153.9,101041,4944,EC,BC
9113,153.9,101042,1238,ME,OC
9114,153.9,101043,2611,BM,BC
9115,153.9,101044,3850,CS,OC
9116,153.9,101045,2721,CE,SC
9117,153.9,101047,4954,EE,BC
9118,153.9,101048,1230,CS,SC
9119,153.9,101049,5010,CE,MBC
9120,153.9,101052,2743,FD,OC
9121,153.9,101054,1114,EE,MBC
9122,153.9,101056,2634,CS,MBC
9123,153.9,101057,4994,CS,SCA
9124,153.9,101060,1316,CS,SC
9125,153.9,101062,1309,ME,SC
9126,153.9,101065,2763,EC,OC
9127,153.9,101066,1441,CE,OC
9128,153.9,101067,4928,EE,OC
9129,153.9,101074,2722,CE,SCA
9130,153.9,101075,1222,CS,OC
9131,153.9,101076,2776,CS,MBC
9132,153.9,101079,1317,EE,SC
9133,153.9,101080,2610,EE,OC
9134,153.9,101082,2617,CS,MBC
9135,153.9,101086,2651,FT,OC
9136,153.9,101088,1226,EC,MBC
9137,153.9,101091,1519,IT,OC
9138,153.9,101092,3826,EC,SC
9139,153.9,101094,2624,EE,OC
9140,153.9,101096,3826,BM,SC
9141,153.9,101098,3803,ME,BCM
9142,153.9,101100,2634,CS,BC
9143,153.9,101101,4680,EE,MBC
9144,153.9,101103,2349,RM,OC
9145,153.9,101104,2713,IT,OC
9146,153.9,101105,2661,CS,SC
9147,153.9,101107,5912,CS,BC
9148,153.9,101108,3804,EE,OC
9149,153.9,101109,4972,CS,MBC
9150,153.9,101110,2705,EC,OC
9151,153.9,101111,1431,EC,BC
9152,153.9,101113,1207,EC,SC
9153,153.9,101117,1311,AU,BC
9154,153.9,101118,1202,IT,SC
9155,153.9,101119,3826,CE,BC
9156,153.9,101121,1123,IT,BC
9157,153.9,101123,4933,CS,SC
9158,153.9,101127,1140,ME,BC
9159,153.9,101128,2755,AE,BC
9160,153.9,101129,2769,CS,MBC
9161,153.9,101131,5913,EC,OC
9162,153.9,101132,2627,CS,BC
9163,153.9,101133,1431,IT,MBC
9164,153.9,101134,5919,EC,OC
9165,153.9,101140,4970,CS,SC
9166,153.9,101141,2652,EC,OC
9167,153.9,101142,3829,CS,MBC
9168,153.9,101148,2764,ME,MBC
9169,153.9,101149,1452,EE,OC
9170,153.9,101150,3019,ME,OC
9171,153.9,101154,2659,ME,OC
9172,153.9,101156,1226,CS,MBC
9173,153.9,101157,2642,CS,SC
9174,153.9,101159,4680,CE,MBC
9175,153.9,101160,3806,IT,SC
9176,153.9,101162,2652,IT,OC
9177,153.9,101163,3817,CS,SC
9178,153.9,101164,3831,IT,OC
9179,153.9,101167,4680,ME,OC
9180,153.9,101169,1421,ME,OC
9181,153.9,101170,1412,CS,BC
9182,153.9,101173,3810,CS,BC
9183,153.8,101178,2302,CS,SCA
9184,153.8,101180,4965,EE,BC
9185,153.8,101183,1228,EC,BC
9186,153.8,101184,2618,ME,SC
9187,153.8,101185,2752,EE,OC
9188,153.8,101186,2743,EC,MBC
9189,153.8,101187,2749,CS,BC
9190,153.8,101188,3805,EE,BC
9191,153.8,101191,5988,CS,MBC
9192,153.8,101192,4996,CS,OC
9193,153.8,101202,4931,EE,OC
9194,153.8,101203,2657,CS,MBC
9195,153.8,101204,2683,CS,OC
9196,153.8,101207,1233,ME,SC
9197,153.8,101210,2642,EC,OC
9198,153.8,101211,2628,CS,BC
9199,153.8,101213,4917,ME,OC
9200,153.8,101214,2327,CS,OC
9201,153.8,101215,2726,EC,SC
9202,153.8,101216,4944,EC,BC
9203,153.8,101217,2721,EE,MBC
9204,153.8,101220,1015,ME,MBC
9205,153.8,101222,1207,CS,BC
9206,153.8,101223,5530,ME,OC
9207,153.8,101226,1231,EC,SC
9208,153.8,101227,2656,EE,SCA
9209,153.8,101230,5990,EE,OC
9210,153.8,101231,1322,BM,OC
9211,153.8,101233,4993,IT,OC
9212,153.8,101234,2618,EC,SC
9213,153.8,101235,3825,CS,BC
9214,153.8,101238,3425,EC,SC
9215,153.8,101239,2743,ME,OC
9216,153.8,101240,3760,CS,BC
9217,153.8,101241,2611,AE,OC
9218,153.8,101243,2328,EE,BC
9219,153.8,101245,4964,ME,OC
9220,153.8,101247,4960,ME,SC
9221,153.8,101249,4961,CS,OC
9222,153.8,101250,2608,CE,OC
9223,153.8,101251,2628,CS,SC
9224,153.8,101253,3905,EC,MBC
9225,153.8,101254,4024,GI,BC
9226,153.8,101255,2707,CE,OC
9227,153.8,101256,1303,BT,BC
9228,153.8,101257,1127,EC,MBC
9229,153.8,101258,2710,CE,SC
9230,153.8,101260,4994,CS,SC
9231,153.8,101261,1122,CE,BC
9232,153.8,101262,1414,EE,BC
9233,153.8,101265,2683,AG,OC
9234,153.8,101267,3905,ME,OC
9235,153.8,101269,2743,EE,OC
9236,153.8,101272,2613,SF,OC
9237,153.8,101273,1226,CS,BC
9238,153.8,101275,2650,EC,OC
9239,153.8,101276,3817,CS,BC
9240,153.8,101277,4672,EE,OC
9241,153.8,101282,1325,ME,OC
9242,153.8,101285,4993,EC,OC
9243,153.8,101288,2723,ME,BC
9244,153.8,101290,1516,ME,SCA
9245,153.8,101291,5865,EC,OC
9246,153.8,101292,1202,CS,SC
9247,153.8,101294,2706,IT,SC
9248,153.8,101295,1226,CS,BC
9249,153.8,101297,2707,CS,MBC
9250,153.8,101299,2657,BT,OC
9251,153.8,101304,4964,CS,BC
9252,153.8,101305,2349,AD,OC
9253,153.8,101306,2646,CS,BC
9254,153.8,101307,3806,EC,OC
9255,153.8,101309,2609,EC,BC
9256,153.8,101310,1313,CS,OC
9257,153.8,101311,3795,EE,MBC
9258,153.8,101312,4917,CE,BC
9259,153.8,101315,2704,CE,SC
9260,153.8,101316,3908,ME,OC
9261,153.8,101321,1114,EC,SC
9262,153.8,101322,1504,CE,OC
9263,153.8,101328,2727,CE,OC
9264,153.8,101331,1127,BT,BCM
9265,153.8,101332,2611,ME,OC
9266,153.8,101333,1434,CS,OC
9267,153.8,101335,1226,EE,OC
9268,153.8,101337,2327,CS,SCA
9269,153.8,101338,1412,EC,OC
9270,153.8,101339,3918,CS,BC
9271,153.8,101342,5915,EC,OC
9272,153.8,101344,2737,EC,OC
9273,153.8,101345,5,ME,BC
9274,153.8,101346,4941,CS,OC
9275,153.8,101348,2726,MZ,MBC
9276,153.8,101351,1325,EC,MBC
9277,153.8,101353,2743,EC,BC
9278,153.8,101355,1322,EE,OC
9279,153.8,101357,1442,BM,MBC
9280,153.8,101359,2610,CE,OC
9281,153.8,101360,4945,CS,OC
9282,153.8,101361,1441,CS,OC
9283,153.8,101362,2745,AD,MBC
9284,153.8,101365,3466,EE,OC
9285,153.8,101366,2751,AD,SC
9286,153.8,101367,2715,EC,BCM
9287,153.8,101368,1513,EE,OC
9288,153.8,101369,4946,EC,OC
9289,153.8,101370,2745,EC,BC
9290,153.8,101372,2302,BM,MBC
9291,153.8,101373,2611,EC,MBC
9292,153.8,101374,2642,EE,OC
9293,153.8,101377,2611,MC,OC
9294,153.8,101378,1434,CS,OC
9295,153.8,101382,2610,BM,BC
9296,153.8,101384,1519,IT,OC
9297,153.8,101385,4955,CE,SC
9298,153.8,101386,2726,CS,SC
9299,153.8,101387,5536,CS,BC
9300,153.8,101388,1120,CE,BC
9301,153.7,101390,3846,CS,OC
9302,153.7,101392,1207,IT,SC
9303,153.7,101394,2744,EC,BC
9304,153.7,101397,1409,BM,SC
9305,153.7,101398,3805,CE,OC
9306,153.7,101399,2601,EE,BC
9307,153.7,101400,3806,EC,OC
9308,153.7,101402,3810,EC,MBC
9309,153.7,101404,2648,EC,OC
9310,153.7,101406,2329,BM,MBC
9311,153.7,101408,2342,EC,BC
9312,153.7,101411,3826,BM,MBC
9313,153.7,101412,3805,CS,SC
9314,153.7,101413,4023,CE,SC
9315,153.7,101415,4965,EE,BC
9316,153.7,101416,2729,AE,SC
9317,153.7,101417,2630,EC,MBC
9318,153.7,101421,2620,EE,SCA
9319,153.7,101425,1127,EC,BC
9320,153.7,101431,2610,IT,MBC
9321,153.7,101432,1318,IT,OC
9322,153.7,101433,5913,CS,SC
9323,153.7,101434,3826,EE,SC
9324,153.7,101435,5902,CS,OC
9325,153.7,101437,1426,IT,OC
9326,153.7,101439,5912,CS,MBC
9327,153.7,101440,2705,IT,BC
9328,153.7,101441,1122,EC,SC
9329,153.7,101442,2743,BM,SC
9330,153.7,101443,3826,CE,SC
9331,153.7,101444,2621,AE,OC
9332,153.7,101445,1303,IT,SC
9333,153.7,101446,5502,CS,MBC
9334,153.7,101449,2354,EC,OC
9335,153.7,101450,5022,EC,SC
9336,153.7,101451,2329,XS,MBC
9337,153.7,101452,2621,AE,OC
9338,153.7,101454,1207,IT,BC
9339,153.7,101455,5,CE,BC
9340,153.7,101456,3021,EE,SC
9341,153.7,101457,5017,EC,MBC
9342,153.7,101459,4023,EE,SC
9343,153.7,101461,4978,BM,BC
9344,153.7,101467,2650,EC,OC
9345,153.7,101469,4993,AG,MBC
9346,153.7,101473,4959,CE,BC
9347,153.7,101483,2327,CS,MBC
9348,153.7,101484,2627,EE,OC
9349,153.7,101486,3021,EC,BCM
9350,153.7,101488,2747,EC,OC
9351,153.7,101492,4984,CS,OC
9352,153.7,101493,2329,CS,SC
9353,153.7,101494,3918,CS,BCM
9354,153.7,101496,2729,AE,MBC
9355,153.7,101500,2629,MD,OC
9356,153.7,101503,1420,ME,OC
9357,153.7,101505,3805,FD,BC
9358,153.7,101508,4959,CS,SC
9359,153.7,101509,3918,EC,BC
9360,153.7,101510,2328,CS,SC
9361,153.7,101511,2755,AE,MBC
9362,153.7,101512,2713,IT,OC
9363,153.7,101513,3812,EE,OC
9364,153.7,101514,1207,CS,BC
9365,153.7,101516,1424,EC,BC
9366,153.7,101517,4945,CS,OC
9367,153.7,101518,4927,CE,OC
9368,153.7,101523,3021,CE,OC
9369,153.7,101525,3850,ME,OC
9370,153.7,101528,1303,CS,SC
9371,153.7,101529,2632,IT,BC
9372,153.7,101530,1504,ME,MBC
9373,153.7,101533,1512,EE,OC
9374,153.7,101534,4672,ME,SCA
9375,153.7,101535,2609,IT,SC
9376,153.7,101536,2753,CS,MBC
9377,153.7,101537,2627,EE,OC
9378,153.7,101540,5022,EE,BC
9379,153.7,101541,1424,EC,MBC
9380,153.7,101545,1307,EE,SC
9381,153.7,101547,2354,EC,OC
9382,153.7,101548,1238,BM,MBC
9383,153.7,101552,5703,IT,SC
9384,153.7,101553,2749,CS,SC
9385,153.7,101554,2634,EC,MBC
9386,153.7,101556,1216,CE,MBC
9387,153.7,101557,3815,IT,MBC
9388,153.7,101561,5530,CE,OC
9389,153.6,101563,1501,EE,OC
9390,153.6,101566,3825,CS,MBC
9391,153.6,101567,1202,CS,SC
9392,153.6,101571,3905,EC,MBC
9393,153.6,101572,5907,EE,OC
9394,153.6,101573,2706,EI,MBC
9395,153.6,101574,2713,EC,OC
9396,153.6,101576,2646,ME,OC
9397,153.6,101577,2611,AG,MBC
9398,153.6,101579,2620,EE,SC
9399,153.6,101580,2622,CE,MBC
9400,153.6,101581,2610,EC,MBC
9401,153.6,101585,3843,EC,OC
9402,153.6,101586,1013,ME,SC
9403,153.6,101588,2702,CT,SC
9404,153.6,101589,5,ME,SC
9405,153.6,101592,3795,ME,OC
9406,153.6,101593,2627,CS,BC
9407,153.6,101597,3425,EE,MBC
9408,153.6,101599,2713,EE,OC
9409,153.6,101601,1122,CH,BCM
9410,153.6,101602,2723,EC,SC
9411,153.6,101608,4917,EE,MBC
9412,153.6,101609,2601,CS,SC
9413,153.6,101613,1233,ME,BC
9414,153.6,101614,3806,ME,OC
9415,153.6,101616,2763,MZ,OC
9416,153.6,101617,3795,EE,MBC
9417,153.6,101618,2736,EE,MBC
9418,153.6,101620,1405,EC,OC
9419,153.6,101621,3456,EE,OC
9420,153.6,101622,1424,CS,BC
9421,153.6,101623,1414,EE,MBC
9422,153.6,101624,3806,BM,SC
9423,153.6,101627,1110,IT,SC
9424,153.6,101630,2741,CE,OC
9425,153.6,101631,3819,CB,SC
9426,153.6,101632,1217,FD,MBC
9427,153.6,101633,3825,CS,MBC
9428,153.6,101634,2609,EC,BC
9429,153.6,101635,2342,EC,SC
9430,153.6,101638,2623,EC,OC
9431,153.6,101639,2329,ME,BC
9432,153.6,101640,1519,IT,OC
9433,153.6,101641,3830,EC,SC
9434,153.6,101643,3807,AE,OC
9435,153.6,101644,2683,CS,OC
9436,153.6,101649,2643,EC,OC
9437,153.6,101650,2715,BM,BC
9438,153.6,101652,2636,EC,BC
9439,153.6,101655,2608,IT,SC
9440,153.6,101656,5,ME,BC
9441,153.6,101657,2769,AD,BC
9442,153.6,101661,4675,EC,SC
9443,153.6,101662,2624,BM,SC
9444,153.6,101663,3815,CE,OC
9445,153.6,101664,2744,EC,BC
9446,153.6,101667,2747,CS,SC
9447,153.6,101668,2729,AE,SC
9448,153.6,101669,2768,AO,OC
9449,153.6,101671,2624,AD,SC
9450,153.6,101672,1409,RM,OC
9451,153.6,101675,3810,CS,BC
9452,153.6,101676,1210,CB,ST
9453,153.6,101678,4670,EC,BC
9454,153.6,101679,1122,EC,SC
9455,153.6,101681,4970,ME,OC
9456,153.6,101682,3466,EE,OC
9457,153.6,101684,5022,EE,MBC
9458,153.6,101690,2726,AG,BCM
9459,153.6,101692,1207,CS,MBC
9460,153.6,101693,2632,CS,BC
9461,153.6,101696,4686,CS,OC
9462,153.6,101698,2611,EC,BC
9463,153.6,101701,3829,CS,BC
9464,153.6,101702,3786,CS,SC
9465,153.6,101703,3826,EC,SC
9466,153.6,101704,2704,CE,MBC
9467,153.6,101705,4980,EC,MBC
9468,153.6,101708,1303,CS,BCM
9469,153.6,101709,2624,AD,SC
9470,153.6,101710,2707,IT,MBC
9471,153.6,101712,1322,ME,OC
9472,153.6,101713,1605,CS,MBC
9473,153.6,101715,2643,EC,OC
9474,153.6,101718,2656,EE,SC
9475,153.6,101719,2743,EC,BCM
9476,153.6,101720,3016,ME,OC
9477,153.6,101722,4970,EE,OC
9478,153.6,101723,2636,EC,SC
9479,153.6,101725,2755,CS,MBC
9480,153.6,101726,1605,IT,OC
9481,153.6,101727,2632,BM,MBC
9482,153.6,101728,3016,ME,OC
9483,153.6,101732,2651,EE,OC
9484,153.6,101735,1216,EC,SC
9485,153.6,101737,1237,MZ,SC
9486,153.6,101739,3461,EE,OC
9487,153.6,101740,5530,ME,OC
9488,153.6,101741,5930,CS,OC
9489,153.6,101742,2744,EC,BC
9490,153.6,101745,2640,CS,OC
9491,153.6,101746,2620,TS,SC
9492,153.6,101748,3701,EC,SC
9493,153.6,101749,2639,CS,MBC
9494,153.6,101750,2722,CE,MBC
9495,153.6,101751,1207,IT,SC
9496,153.6,101754,1118,ME,SCA
9497,153.6,101757,2610,CS,SC
9498,153.6,101759,3826,AD,MBC
9499,153.6,101760,3926,CS,OC
9500,153.5,101761,2708,AL,SC
9501,153.5,101763,5,CH,MBC
9502,153.5,101766,2628,CS,BC
9503,153.5,101767,1509,EI,OC
9504,153.5,101768,4980,CS,BC
9505,153.5,101770,3410,CS,SC
9506,153.5,101771,2628,CS,SC
9507,153.5,101774,1401,CH,OC
9508,153.5,101775,1412,CS,BC
9509,153.5,101776,5502,EC,OC
9510,153.5,101782,2737,IT,BC
9511,153.5,101783,2625,IT,OC
9512,153.5,101785,5912,EE,OC
9513,153.5,101787,2601,ME,OC
9514,153.5,101788,3016,ME,OC
9515,153.5,101790,1437,EC,OC
9516,153.5,101791,1513,IT,BC
9517,153.5,101795,5865,CS,BCM
9518,153.5,101796,4917,ME,OC
9519,153.5,101797,4972,EC,BC
9520,153.5,101798,3920,EE,OC
9521,153.5,101804,2346,CS,OC
9522,153.5,101808,5907,CH,OC
9523,153.5,101809,2634,CS,BC
9524,153.5,101813,5910,EE,SC
9525,153.5,101818,1452,EC,BC
9526,153.5,101819,3805,AG,BC
9527,153.5,101820,1015,ME,BC
9528,153.5,101821,2302,AG,BC
9529,153.5,101822,1140,AD,SC
9530,153.5,101823,2713,CS,OC
9531,153.5,101826,5904,EE,MBC
9532,153.5,101829,4670,CE,BC
9533,153.5,101832,2628,CS,BC
9534,153.5,101833,3812,CS,BC
9535,153.5,101834,1304,AU,BCM
9536,153.5,101838,2727,AG,SC
9537,153.5,101847,2653,ME,MBC
9538,153.5,101851,2725,IT,SC
9539,153.5,101856,2744,IT,BCM
9540,153.5,101868,2745,CS,MBC
9541,153.5,101872,5935,CS,BCM
9542,153.5,101878,2734,MO,BC
9543,153.5,101879,3811,CS,MBC
9544,153.5,101880,2328,EE,BC
9545,153.5,101881,1413,CS,SC
9546,153.5,101886,4675,CS,SC
9547,153.5,101887,2736,BM,MBC
9548,153.5,101889,2710,ME,MBC
9549,153.5,101891,2722,IC,MBC
9550,153.5,101892,2708,MZ,BCM
9551,153.5,101894,2772,CS,OC
9552,153.5,101898,2702,SE,SC
9553,153.5,101900,3819,CB,SC
9554,153.5,101902,1421,CS,BC
9555,153.5,101904,1231,EC,SC
9556,153.5,101907,2608,CE,BCM
9557,153.5,101908,3815,CS,BC
9558,153.5,101913,2329,XS,BC
9559,153.5,101914,1420,AE,BC
9560,153.5,101916,2715,BM,BC
9561,153.5,101917,1120,CE,MBC
9562,153.5,101922,1127,BT,SC
9563,153.5,101936,3016,EE,BC
9564,153.5,101945,3830,AD,SC
9565,153.5,101948,5910,CB,SC
9566,153.5,101951,2618,EC,SC
9567,153.5,101953,2739,EC,SC
9568,153.5,101958,1306,AE,MBC
9569,153.5,101964,4960,CE,SC
9570,153.5,101966,2702,EC,SC
9571,153.5,101971,1422,EE,SC
9572,153.5,101972,4965,CS,SC
9573,153.5,101974,2747,EC,OC
9574,153.5,101975,3760,AG,SC
9575,153.5,101983,3760,CS,BC
9576,153.5,101984,2722,EE,SC
9577,153.5,101987,2716,IT,SCA
9578,153.5,101988,4672,ME,BC
9579,153.5,101989,5832,EC,BC
9580,153.5,101990,1303,IT,SC
9581,153.5,101991,3806,EE,OC
9582,153.5,101992,1229,CS,OC
9583,153.5,101993,2726,ME,BC
9584,153.5,101996,3829,EC,OC
9585,153.5,101997,1401,EC,MBC
9586,153.5,101999,3016,EE,MBC
9587,153.5,102000,4992,IT,BC
9588,153.5,102001,2732,CS,BC
9589,153.5,102002,1325,ME,OC
9590,153.5,102005,5911,CS,BC
9591,153.5,102006,3826,ME,BC
9592,153.5,102007,4938,CS,OC
9593,153.5,102009,5,MM,OC
9594,153.5,102011,4975,CS,BC
9595,153.5,102012,3826,ME,BC
9596,153.5,102014,2636,ME,OC
9597,153.5,102015,2636,CE,OC
9598,153.5,102016,1605,CS,BC
9599,153.5,102018,3016,EE,SC
9600,153.5,102021,3849,CS,OC
9601,153.5,102022,3812,CS,MBC
9602,153.5,102024,5915,CS,MBC
9603,153.5,102025,3849,EC,OC
9604,153.5,102026,4948,CS,OC
9605,153.5,102027,1230,EC,OC
9606,153.5,102028,3806,EC,OC
9607,153.5,102031,2314,AD,OC
9608,153.5,102037,1216,BM,SCA
9609,153.5,102039,5,MM,OC
9610,153.5,102040,4980,EC,SC
9611,153.5,102046,2636,ME,OC
9612,153.5,102049,1424,AD,BC
9613,153.5,102050,3857,EE,OC
9614,153.5,102052,1317,ME,SC
9615,153.5,102054,4989,CS,BC
9616,153.5,102055,3011,XC,SC
9617,153.5,102061,1015,EE,MBC
9618,153.5,102063,2354,EC,BC
9619,153.5,102064,1241,CS,BC
9620,153.5,102065,3846,ME,OC
9621,153.5,102066,2770,CS,OC
9622,153.5,102068,2606,ME,OC
9623,153.5,102069,4972,CS,SC
9624,153.5,102070,3806,EC,OC
9625,153.5,102072,5911,CS,BC
9626,153.5,102073,3786,ME,OC
9627,153.5,102074,3810,CS,BC
9628,153.4,102077,1115,AD,BC
9629,153.4,102078,2636,ME,OC
9630,153.4,102080,5,ME,SC
9631,153.4,102085,1510,CS,BC
9632,153.4,102088,2302,CS,SCA
9633,153.4,102089,2722,CE,SC
9634,153.4,102091,3806,EE,OC
9635,153.4,102092,2722,ME,MBC
9636,153.4,102093,2653,ME,MBC
9637,153.4,102094,3805,EC,BC
9638,153.4,102096,1319,CS,MBC
9639,153.4,102098,2711,EC,SC
9640,153.4,102100,3021,CE,OC
9641,153.4,102101,4967,EE,OC
9642,153.4,102102,4675,EC,BC
9643,153.4,102104,2747,EC,OC
9644,153.4,102105,1401,EC,MBC
9645,153.4,102107,3812,CE,OC
9646,153.4,102108,2707,AG,SC
9647,153.4,102109,2623,CS,OC
9648,153.4,102111,5,CH,MBC
9649,153.4,102112,5902,EC,OC
9650,153.4,102114,1202,EC,BC
9651,153.4,102115,1217,EE,OC
9652,153.4,102117,2749,AG,OC
9653,153.4,102118,2656,EE,MBC
9654,153.4,102120,2706,AD,SC
9655,153.4,102123,4953,EE,OC
9656,153.4,102124,4928,ME,OC
9657,153.4,102126,2636,ME,OC
9658,153.4,102129,5017,ME,OC
9659,153.4,102130,1306,EC,SC
9660,153.4,102131,1106,IT,BC
9661,153.4,102132,2761,RM,OC
9662,153.4,102133,2769,EC,OC
9663,153.4,102135,4989,CS,SC
9664,153.4,102137,2708,CH,MBC
9665,153.4,102139,4970,CS,BC
9666,153.4,102148,3805,EC,BC
9667,153.4,102149,4955,ME,BC
9668,153.4,102151,1304,CS,SCA
9669,153.4,102152,2740,ME,BC
9670,153.4,102154,2634,EC,MBC
9671,153.4,102155,5,CH,SC
9672,153.4,102159,3805,CS,SC
9673,153.4,102161,1509,EC,MBC
9674,153.4,102162,2652,ME,OC
9675,153.4,102163,5910,ME,MBC
9676,153.4,102165,4934,CS,BC
9677,153.4,102169,3829,EC,MBC
9678,153.4,102171,1241,CS,MBC
9679,153.4,102172,5017,EE,OC
9680,153.4,102174,2347,EE,MBC
9681,153.4,102175,2647,EE,OC
9682,153.4,102179,1207,CS,MBC
9683,153.4,102180,1407,EC,OC
9684,153.4,102183,2347,ME,OC
9685,153.4,102184,2349,AD,OC
9686,153.4,102185,3821,CS,OC
9687,153.4,102186,1605,CS,SC
9688,153.4,102187,2727,CS,SCA
9689,153.4,102195,2653,ME,MBC
9690,153.4,102197,5703,CS,SC
9691,153.4,102198,2636,AD,MBC
9692,153.4,102200,5902,CS,OC
9693,153.4,102203,2769,AD,BC
9694,153.4,102204,3811,CS,BC
9695,153.4,102205,3846,CS,OC
9696,153.4,102206,4994,EC,OC
9697,153.4,102208,1449,CS,OC
9698,153.4,102209,2601,EE,BC
9699,153.4,102210,5536,EC,BC
9700,153.4,102213,2636,ME,OC
9701,153.4,102215,2347,CS,BC
9702,153.4,102217,2750,EC,MBC
9703,153.4,102218,2751,IT,SC
9704,153.4,102222,2726,CS,SC
9705,153.4,102223,3812,CS,MBC
9706,153.4,102225,1101,EE,OC
9707,153.4,102227,3425,EC,MBC
9708,153.4,102229,4953,EC,OC
9709,153.4,102231,2618,EC,SC
9710,153.4,102236,5022,ME,BC
9711,153.4,102237,3920,AD,OC
9712,153.4,102238,2643,CS,BC
9713,153.4,102241,3829,EE,OC
9714,153.4,102245,3807,EC,OC
9715,153.4,102246,3016,EE,BC
9716,153.4,102247,4928,ME,OC
9717,153.4,102248,2610,BT,SCA
9718,153.4,102249,1316,CS,SC
9719,153.4,102251,2327,EE,OC
9720,153.4,102252,5536,AG,BCM
9721,153.4,102253,2727,CE,OC
9722,153.3,102254,3830,AD,SC
9723,153.3,102257,3815,IT,SC
9724,153.3,102258,2719,ME,MBC
9725,153.3,102260,2621,IT,MBC
9726,153.3,102263,1316,AO,SC
9727,153.3,102265,2712,FT,SC
9728,153.3,102266,2613,ME,OC
9729,153.3,102267,4983,RM,OC
9730,153.3,102268,3410,CS,SC
9731,153.3,102271,3803,EE,SC
9732,153.3,102273,2727,CE,OC
9733,153.3,102276,2646,EE,OC
9734,153.3,102282,3812,EE,OC
9735,153.3,102285,3826,IT,SCA
9736,153.3,102288,1303,EE,OC
9737,153.3,102291,2716,IT,MBC
9738,153.3,102292,1523,IT,MBC
9739,153.3,102293,1427,CS,BCM
9740,153.3,102294,2602,MD,SCA
9741,153.3,102295,4949,MU,OC
9742,153.3,102296,1325,ME,OC
9743,153.3,102297,5536,AG,BC
9744,153.3,102301,1520,EC,BC
9745,153.3,102302,1126,CS,BC
9746,153.3,102304,2607,ME,OC
9747,153.3,102305,2347,ME,OC
9748,153.3,102310,2727,BM,MBC
9749,153.3,102311,2707,RM,BC
9750,153.3,102313,2617,CS,MBC
9751,153.3,102319,2338,AG,OC
9752,153.3,102322,2708,CE,BC
9753,153.3,102323,4024,ME,BC
9754,153.3,102324,3918,CS,BC
9755,153.3,102330,1225,EC,MBC
9756,153.3,102332,2614,EC,OC
9757,153.3,102336,2302,IT,BC
9758,153.3,102337,2610,EC,MBC
9759,153.3,102338,2651,CE,OC
9760,153.3,102339,1518,IT,OC
9761,153.3,102342,2736,ME,SC
9762,153.3,102345,2622,CS,SC
9763,153.3,102346,4975,CS,BC
9764,153.3,102347,2707,EC,SC
9765,153.3,102348,2727,EE,MBC
9766,153.3,102350,3466,CS,OC
9767,153.3,102351,2731,EC,BC
9768,153.3,102355,2657,CS,BC
9769,153.3,102360,4955,ME,BCM
9770,153.3,102361,2632,CS,MBC
9771,153.3,102362,5988,CS,BC
9772,153.3,102363,2329,ME,MBC
9773,153.3,102366,1408,EC,BC
9774,153.3,102367,4953,EE,OC
9775,153.3,102368,2613,CS,SC
9776,153.3,102370,2651,ME,OC
9777,153.3,102372,1122,CE,BC
9778,153.3,102373,2302,BM,BC
9779,153.3,102375,2624,AG,OC
9780,153.3,102376,3821,CS,OC
9781,153.3,102377,1413,CS,SC
9782,153.3,102381,2755,FD,SC
9783,153.3,102387,3466,EC,OC
9784,153.3,102389,2749,IT,MBC
9785,153.3,102393,1519,IT,OC
9786,153.3,102394,4957,IT,BC
9787,153.3,102397,2750,ME,MBC
9788,153.3,102398,3807,EC,OC
9789,153.3,102400,5913,EC,OC
9790,153.3,102401,2617,CS,BC
9791,153.3,102402,2632,CS,BC
9792,153.3,102405,2762,EC,MBC
9793,153.3,102406,3782,EC,OC
9794,153.3,102408,2723,MD,BCM
9795,153.3,102410,1424,EC,BC
9796,153.3,102411,2704,ME,BC
9797,153.3,102413,2628,CS,BC
9798,153.3,102415,1222,CS,OC
9799,153.3,102418,2651,AD,MBC
9800,153.3,102418,2726,IT,SC
9801,153.3,102419,2345,AG,OC
9802,153.3,102420,2661,CS,SC
9803,153.3,102422,1421,ME,OC
9804,153.2,102423,4928,ME,OC
9805,153.2,102425,3905,CE,OC
9806,153.2,102426,4980,CS,BC
9807,153.2,102427,4969,CS,SC
9808,153.2,102428,2707,CH,SC
9809,153.2,102430,1015,EE,SC
9810,153.2,102432,3805,PH,BC
9811,153.2,102433,1233,ME,MBC
9812,153.2,102434,3701,EE,SC
9813,153.2,102438,2710,EC,SC
9814,153.2,102439,2702,FD,ST
9815,153.2,102440,2625,IT,OC
9816,153.2,102442,2630,CS,MBC
9817,153.2,102446,3812,IT,MBC
9818,153.2,102448,1238,EC,BC
9819,153.2,102449,1325,ME,OC
9820,153.2,102450,2747,EC,BC
9821,153.2,102451,1218,BM,OC
9822,153.2,102454,1207,BM,SC
9823,153.2,102455,2636,CE,OC
9824,153.2,102456,4943,AE,OC
9825,153.2,102457,2721,EC,MBC
9826,153.2,102459,2347,AG,MBC
9827,153.2,102460,2636,CS,SC
9828,153.2,102462,5022,EE,SC
9829,153.2,102463,4984,CS,OC
9830,153.2,102468,1414,EC,MBC
9831,153.2,102469,1114,EE,BC
9832,153.2,102472,3795,EC,SC
9833,153.2,102473,1123,CS,BC
9834,153.2,102474,1501,IT,MBC
9835,153.2,102475,2347,ME,OC
9836,153.2,102476,1421,EC,OC
9837,153.2,102477,2661,CS,MBC
9838,153.2,102478,1212,PE,OC
9839,153.2,102479,1507,CS,SC
9840,153.2,102482,1149,CS,SCA
9841,153.2,102483,4944,EC,BC
9842,153.2,102484,2741,CE,OC
9843,153.2,102487,2630,ME,OC
9844,153.2,102488,2708,CE,BC
9845,153.2,102489,2360,CS,MBC
9846,153.2,102492,2740,ME,MBC
9847,153.2,102494,1207,EC,BC
9848,153.2,102496,3462,CS,OC
9849,153.2,102498,4949,MU,OC
9850,153.2,102499,2717,CS,OC
9851,153.2,102500,2763,ME,OC
9852,153.2,102501,1420,EC,SC
9853,153.2,102503,1430,EC,OC
9854,153.2,102504,1319,AD,BC
9855,153.2,102505,1322,FD,BC
9856,153.2,102506,2632,BM,BC
9857,153.2,102507,2715,EE,MBC
9858,153.2,102509,3826,AG,BC
9859,153.2,102510,2708,AU,BC
9860,153.2,102512,5930,CS,SC
9861,153.2,102513,5,CZ,BC
9862,153.2,102514,2706,AD,SC
9863,153.2,102515,1510,CE,OC
9864,153.2,102516,2735,EC,SC
9865,153.2,102518,2763,CS,MBC
9866,153.2,102520,2357,EE,BC
9867,153.2,102521,1503,BT,OC
9868,153.2,102522,3905,EC,BC
9869,153.2,102525,1110,IT,SC
9870,153.2,102528,4953,ME,OC
9871,153.2,102529,3905,EC,BC
9872,153.2,102530,5017,EC,MBC
9873,153.2,102532,1233,AD,SC
9874,153.2,102534,4675,CS,BC
9875,153.2,102538,2723,EE,SCA
9876,153.2,102540,1229,CS,OC
9877,153.2,102541,2634,CS,MBC
9878,153.2,102543,2614,CS,OC
9879,153.2,102545,2611,EC,MBC
9880,153.2,102546,2624,AD,SC
9881,153.2,102548,2651,FT,OC
9882,153.2,102549,2755,AE,MBC
9883,153.2,102550,2608,CB,MBC
9884,153.2,102551,2729,ME,OC
9885,153.2,102554,1137,EC,OC
9886,153.2,102556,5536,EC,MBC
9887,153.2,102560,1216,EC,SC
9888,153.2,102561,2618,ME,MBC
9889,153.2,102562,2609,CS,SC
9890,153.2,102563,2729,AE,MBC
9891,153.2,102565,3805,ME,OC
9892,153.2,102566,2613,EE,BC
9893,153.2,102568,2656,ME,BC
9894,153.2,102570,2625,AG,OC
9895,153.2,102572,4933,EE,OC
9896,153.2,102574,2611,BM,BCM
9897,153.2,102575,1319,CS,MBC
9898,153.2,102579,4994,CS,BC
9899,153.2,102580,3782,CS,BC
9900,153.2,102581,2752,EE,OC
9901,153.2,102582,2705,CS,BCM
9902,153.2,102583,4954,EE,BC
9903,153.2,102589,2719,ME,SCA
9904,153.2,102592,1218,EC,OC
9905,153.2,102595,1421,EC,OC
9906,153.1,102598,1123,CS,MBC
9907,153.1,102601,2772,CS,BC
9908,153.1,102602,3811,CS,BC
9909,153.1,102603,3410,CS,SC
9910,153.1,102605,2734,ME,BC
9911,153.1,102606,3857,CS,OC
9912,153.1,102607,1523,EC,OC
9913,153.1,102613,2622,ME,BC
9914,153.1,102614,2731,EE,OC
9915,153.1,102615,4917,EE,MBC
9916,153.1,102616,4953,CS,BC
9917,153.1,102617,1322,EC,MBC
9918,153.1,102618,1422,EI,SC
9919,153.1,102619,2745,EE,OC
9920,153.1,102620,2634,ME,OC
9921,153.1,102622,2636,CS,MBC
9922,153.1,102623,1303,CS,MBC
9923,153.1,102624,1158,MR,OC
9924,153.1,102625,2657,EC,OC
9925,153.1,102626,3920,CE,OC
9926,153.1,102628,4959,ME,BC
9927,153.1,102629,4023,ME,MBC
9928,153.1,102631,1216,CE,MBC
9929,153.1,102632,2327,CS,BC
9930,153.1,102633,3805,BM,MBC
9931,153.1,102634,4686,CS,OC
9932,153.1,102635,2622,CE,BC
9933,153.1,102636,2707,EC,MBC
9934,153.1,102638,3806,CB,MBC
9935,153.1,102640,2716,AG,OC
9936,153.1,102641,2636,EC,BC
9937,153.1,102643,2665,CS,OC
9938,153.1,102645,3812,CS,BC
9939,153.1,102649,4969,EE,OC
9940,153.1,102651,2657,CS,MBC
9941,153.1,102652,4928,EC,BC
9942,153.1,102653,2749,EC,OC
9943,153.1,102654,1123,EC,OC
9944,153.1,102655,1436,CS,OC
9945,153.1,102658,2611,PU,OC
9946,153.1,102661,5930,EE,OC
9947,153.1,102665,1412,CS,BC
9948,153.1,102666,5912,ME,OC
9949,153.1,102669,5832,ME,OC
9950,153.1,102671,2638,CS,OC
9951,153.1,102672,2611,EE,MBC
9952,153.1,102673,1322,AG,SC
9953,153.1,102675,3829,ME,OC
9954,153.1,102677,1313,CS,OC
9955,153.1,102683,2642,EC,MBC
9956,153.1,102684,2702,CB,SCA
9957,153.1,102685,2721,ME,OC
9958,153.1,102687,2707,IT,MBC
9959,153.1,102691,3812,EI,OC
9960,153.1,102692,2601,IT,SC
9961,153.1,102694,2624,FD,OC
9962,153.1,102697,2625,CS,OC
9963,153.1,102699,4928,ME,OC
9964,153.1,102700,3701,AL,MBC
9965,153.1,102701,2623,IT,MBC
9966,153.1,102702,1322,EC,MBC
9967,153.1,102703,2763,MZ,OC
9968,153.1,102707,3826,ME,BC
9969,153.1,102709,5536,AG,BCM
9970,153.1,102715,2704,MZ,MBC
9971,153.1,102717,4965,ME,BC
9972,153.1,102718,3908,CS,SC
9973,153.1,102719,3425,EE,SC
9974,153.1,102720,2646,CE,OC
9975,153.1,102722,2715,CE,OC
9976,153.1,102723,3760,EC,OC
9977,153.1,102725,2715,BM,BC
9978,153.1,102728,2609,EC,MBC
9979,153.1,102731,2710,CS,ST
9980,153.1,102732,2607,CS,SC
9981,153.1,102733,2302,BM,BC
9982,153.1,102735,4964,MR,BC
9983,153.1,102737,2345,CS,BC
9984,153.1,102739,2611,ME,OC
9985,153.1,102740,2723,EC,MBC
9986,153.1,102742,1408,IT,MBC
9987,153.1,102747,2614,TX,OC
9988,153.1,102748,3018,ME,OC
9989,153.1,102750,2736,ME,BC
9990,153.1,102752,5536,EC,BC
9991,153.1,102753,1501,CS,BC
9992,153.1,102756,2623,EC,OC
9993,153.1,102762,2657,CS,MBC
9994,153.1,102763,2611,CY,MBC
9995,153.1,102765,2314,CS,SC
9996,153.1,102767,2651,EE,SC
9997,153.1,102768,3021,EC,BCM
9998,153.1,102770,4917,AG,BC
9999,153.1,102773,2650,CS,OC
10000,153.1,102775,2726,ME,BC
10001,153.1,102778,1412,IT,BC
10002,153.1,102779,5915,EC,OC
10003,153.1,102780,2656,ME,MBC
10004,153.1,102781,2744,EC,MBC
10005,153.1,102783,1106,IT,BC
10006,153.1,102785,4917,ME,OC
10007,153.1,102786,2636,CS,BC
10008,153.1,102789,2726,IT,SC
10009,153.1,102790,1316,CS,SC
10010,153.1,102791,1316,EE,BC
10011,153.0,102792,2721,IC,BC
10012,153.0,102794,2634,FD,OC
10013,153.0,102796,4968,CS,OC
10014,153.0,102797,2611,EE,SC
10015,153.0,102798,2711,CD,SC
10016,153.0,102799,3760,AD,BC
10017,153.0,102800,3826,EC,SC
10018,153.0,102802,4960,CE,SC
10019,153.0,102805,3817,EE,OC
10020,153.0,102806,1431,IT,MBC
10021,153.0,102808,3815,CS,SC
10022,153.0,102810,1207,BM,MBC
10023,153.0,102812,2747,CS,MBC
10024,153.0,102816,3803,CS,SC
10025,153.0,102817,1409,BM,BC
10026,153.0,102820,5862,CS,MBC
10027,153.0,102822,4953,EC,OC
10028,153.0,102823,2620,BM,MBC
10029,153.0,102824,3829,ME,OC
10030,153.0,102825,4965,EE,BC
10031,153.0,102827,2610,CY,SC
10032,153.0,102828,2610,CS,MBC
10033,153.0,102829,2639,EE,OC
10034,153.0,102831,3760,AG,MBC
10035,153.0,102832,3807,EC,OC
10036,153.0,102833,5536,EC,BCM
10037,153.0,102834,2749,AD,BC
10038,153.0,102840,3016,ME,OC
10039,153.0,102841,2621,EC,BC
10040,153.0,102842,2625,BM,OC
10041,153.0,102845,1427,CS,BC
10042,153.0,102847,2710,AD,SCA
10043,153.0,102848,5904,ME,BC
10044,153.0,102849,3018,EE,OC
10045,153.0,102850,2636,AD,BC
10046,153.0,102855,3760,AD,MBC
10047,153.0,102856,1408,CS,SC
10048,153.0,102857,2621,AE,OC
10049,153.0,102858,2606,EC,OC
10050,153.0,102860,2758,EE,OC
10051,153.0,102861,4966,EC,OC
10052,153.0,102862,4928,ME,OC
10053,153.0,102863,3826,ME,MBC
10054,153.0,102866,3804,CS,BC
10055,153.0,102869,1126,AD,SC
10056,153.0,102870,1231,EC,SC
10057,153.0,102872,2706,EE,SC
10058,153.0,102873,1014,CE,MBC
10059,153.0,102876,2629,MD,OC
10060,153.0,102877,5532,ME,OC
10061,153.0,102879,2704,ME,BC
10062,153.0,102880,5010,ME,MBC
10063,153.0,102881,2707,CD,MBC
10064,153.0,102884,2327,CS,BC
10065,153.0,102885,2657,BT,OC
10066,153.0,102886,1149,ME,MBC
10067,153.0,102887,2749,AD,BC
10068,153.0,102888,1207,CS,BCM
10069,153.0,102889,1210,ME,MBC
10070,153.0,102890,1419,ME,SC
10071,153.0,102893,3918,CS,SC
10072,153.0,102894,2617,CS,BC
10073,153.0,102896,1309,ME,SC
10074,153.0,102899,2610,EE,OC
10075,153.0,102900,1218,CS,SC
10076,153.0,102903,1419,EI,SC
10077,153.0,102904,1419,EI,SC
10078,153.0,102910,3811,ME,OC
10079,153.0,102911,3805,AE,OC
10080,153.0,102912,2657,BT,OC
10081,153.0,102913,2731,CS,MBC
10082,153.0,102915,4980,CS,MBC
10083,153.0,102917,2716,IT,BC
10084,153.0,102919,3826,BM,MBC
10085,153.0,102923,1504,CH,OC
10086,153.0,102935,2711,EC,SC
10087,153.0,102946,1420,AE,MBC
10088,153.0,102952,3812,EC,OC
10089,153.0,102954,3810,CS,BC
10090,153.0,102960,1217,BM,MBC
10091,153.0,102962,1149,ME,MBC
10092,153.0,102966,1207,AD,BC
10093,153.0,102977,1122,CH,SC
10094,153.0,102980,1140,AD,SC
10095,153.0,102983,2706,EC,SC
10096,153.0,102994,4023,EE,SC
10097,153.0,102996,1324,ME,SC
10098,153.0,103001,3460,CS,OC
10099,153.0,103003,2634,AG,BC
10100,153.0,103004,3805,EC,SC
10101,153.0,103008,2707,ME,MBC
10102,153.0,103010,4949,IN,OC
10103,153.0,103012,1309,ME,MBC
10104,153.0,103015,4992,IT,BC
10105,153.0,103016,4959,ME,BCM
10106,153.0,103018,5009,ME,BCM
10107,153.0,103019,5703,IT,BC
10108,153.0,103020,4964,MR,BC
10109,153.0,103021,5,MM,SC
10110,153.0,103022,2643,CS,SC
10111,153.0,103025,1309,CE,BC
10112,153.0,103026,1420,ME,OC
10113,153.0,103027,4978,CS,OC
10114,153.0,103028,1513,IT,MBC
10115,153.0,103031,2610,CS,SC
10116,153.0,103033,2609,CS,MBC
10117,153.0,103034,2735,EE,SC
10118,153.0,103037,3425,EC,BC
10119,153.0,103038,1303,CS,SC
10120,153.0,103040,1116,CS,SC
10121,153.0,103041,2732,CS,BC
10122,153.0,103042,2753,CS,MBC
10123,153.0,103043,2302,IT,MBC
10124,153.0,103044,2722,CE,SC
10125,153.0,103045,2611,EC,MBC
10126,153.0,103047,2625,IT,OC
10127,153.0,103050,1412,ME,OC
10128,153.0,103051,4982,EE,OC
10129,153.0,103055,3786,ME,OC
10130,153.0,103060,1310,EE,MBC
10131,153.0,103061,2656,CE,BC
10132,153.0,103062,4964,CS,BC
10133,153.0,103063,2636,EC,BC
10134,153.0,103065,2632,EC,OC
10135,153.0,103066,5921,ME,OC
10136,153.0,103068,1115,AD,BC
10137,153.0,103071,1507,CS,BC
10138,153.0,103075,1127,CE,OC
10139,153.0,103076,2731,EE,BC
10140,153.0,103078,3830,EC,MBC
10141,153.0,103079,5703,ME,OC
10142,153.0,103080,3805,ME,OC
10143,153.0,103081,2705,CS,MBC
10144,153.0,103086,2752,EE,OC
10145,153.0,103088,2707,EC,MBC
10146,153.0,103089,2702,CT,SC
10147,153.0,103090,4949,CS,BC
10148,153.0,103091,3813,CS,OC
10149,153.0,103092,1137,CE,MBC
10150,153.0,103095,2739,EC,SC
10151,153.0,103097,2328,CS,SC
10152,153.0,103098,3456,CS,BC
10153,153.0,103099,3806,CS,SC
10154,153.0,103100,4984,ME,OC
10155,153.0,103103,2639,CS,SC
10156,153.0,103104,2611,CY,MBC
10157,153.0,103106,1421,EC,OC
10158,153.0,103107,2621,EE,SC
10159,153.0,103108,3805,EE,SC
10160,153.0,103110,3786,AE,OC
10161,153.0,103113,4917,CS,SC
10162,153.0,103114,1207,IT,MBC
10163,153.0,103115,2750,BM,SC
10164,153.0,103116,1238,CS,SC
10165,153.0,103117,3786,AE,SC
10166,153.0,103120,1222,IT,OC
10167,153.0,103121,2656,ME,MBC
10168,152.9,103124,1137,CE,MBC
10169,152.9,103127,1412,CS,BCM
10170,152.9,103130,2708,AG,MBC
10171,152.9,103133,4989,CS,BC
10172,152.9,103136,3804,CS,BC
10173,152.9,103137,2610,CS,SC
10174,152.9,103138,2627,CS,SCA
10175,152.9,103139,4933,CS,BC
10176,152.9,103140,1424,CS,MBC
10177,152.9,103143,2623,CS,OC
10178,152.9,103146,3021,EE,MBC
10179,152.9,103147,2735,ME,SC
10180,152.9,103148,5915,ME,OC
10181,152.9,103149,5914,EC,OC
10182,152.9,103150,1014,IT,ST
10183,152.9,103151,2624,ME,OC
10184,152.9,103152,1210,ME,BCM
10185,152.9,103153,2704,ME,BC
10186,152.9,103154,3786,AE,MBC
10187,152.9,103155,3908,CS,BC
10188,152.9,103157,1216,MD,SC
10189,152.9,103158,4953,CS,BC
10190,152.9,103159,2653,CE,OC
10191,152.9,103162,2622,IT,SC
10192,152.9,103164,2673,CS,SC
10193,152.9,103165,1431,EC,MBC
10194,152.9,103167,1212,CS,BC
10195,152.9,103168,3829,IT,BC
10196,152.9,103169,2659,BM,MBC
10197,152.9,103172,4999,CS,OC
10198,152.9,103175,4944,EC,BC
10199,152.9,103176,1322,BM,OC
10200,152.9,103177,5990,CS,OC
10201,152.9,103178,2329,IT,SC
10202,152.9,103181,5530,CS,SC
10203,152.9,103184,2327,EE,OC
10204,152.9,103188,2707,CE,OC
10205,152.9,103192,2302,IT,BC
10206,152.9,103194,1605,CS,BC
10207,152.9,103195,4024,CE,MBC
10208,152.9,103196,1158,MR,OC
10209,152.9,103198,3786,CS,BC
10210,152.9,103199,2739,EC,SCA
10211,152.9,103202,3805,BM,BC
10212,152.9,103203,3456,BM,OC
10213,152.9,103205,2653,EE,SC
10214,152.9,103207,2661,IT,BC
10215,152.9,103208,1317,EE,SC
10216,152.9,103209,5532,CE,BC
10217,152.9,103211,3804,AG,OC
10218,152.9,103212,3016,EE,BC
10219,152.9,103213,4670,ME,BC
10220,152.9,103214,1420,IT,MBC
10221,152.9,103216,2609,EE,OC
10222,152.9,103217,3843,CS,BC
10223,152.9,103218,2729,AE,SC
10224,152.9,103219,2609,EC,BC
10225,152.9,103220,2722,EE,SC
10226,152.9,103222,2706,EE,SC
10227,152.9,103223,2732,IT,BC
10228,152.9,103224,2629,IT,OC
10229,152.9,103225,5862,AG,SC
10230,152.9,103226,4024,EE,MBC
10231,152.9,103227,3801,IT,SC
10232,152.9,103228,2601,EC,MBC
10233,152.9,103231,2625,CH,OC
10234,152.9,103232,1114,ME,OC
10235,152.9,103233,3854,CS,OC
10236,152.9,103234,5904,ME,MBC
10237,152.9,103236,2610,CY,BC
10238,152.9,103237,2768,CS,BC
10239,152.9,103238,4969,CS,BCM
10240,152.9,103239,1237,MZ,BC
10241,152.9,103240,3841,ME,OC
10242,152.9,103241,1512,CS,OC
10243,152.9,103243,2653,CE,BC
10244,152.9,103244,2609,CE,OC
10245,152.9,103246,3843,EC,OC
10246,152.9,103249,2629,IT,OC
10247,152.9,103250,5,ME,BC
10248,152.9,103251,1202,EC,BC
10249,152.9,103252,3806,EC,OC
10250,152.9,103256,2622,CH,BC
10251,152.9,103258,1140,ME,BC
10252,152.9,103259,4917,CE,BC
10253,152.9,103260,1207,IT,BC
10254,152.9,103261,2737,CS,OC
10255,152.9,103263,4933,CS,BC
10256,152.9,103264,1408,EC,BC
10257,152.9,103267,1442,BM,BC
10258,152.9,103268,2740,ME,BC
10259,152.8,103269,2328,ME,OC
10260,152.8,103272,4917,EE,MBC
10261,152.8,103274,1510,CE,OC
10262,152.8,103275,4957,IT,SC
10263,152.8,103276,1325,EC,BCM
10264,152.8,103279,3817,EE,OC
10265,152.8,103281,2736,CE,BC
10266,152.8,103284,1513,IT,BC
10267,152.8,103291,1106,CS,SC
10268,152.8,103292,2743,EE,OC
10269,152.8,103297,2610,EE,OC
10270,152.8,103298,2610,EE,BC
10271,152.8,103299,4928,ME,OC
10272,152.8,103302,2716,EC,OC
10273,152.8,103303,2338,AG,OC
10274,152.8,103304,2749,IT,SC
10275,152.8,103305,2341,BM,OC
10276,152.8,103307,2716,IT,BC
10277,152.8,103308,4993,AG,BC
10278,152.8,103310,2713,CS,BC
10279,152.8,103311,2726,CE,BC
10280,152.8,103312,3806,CB,MBC
10281,152.8,103313,1237,MZ,BC
10282,152.8,103314,2769,CS,BC
10283,152.8,103315,2622,CH,SC
10284,152.8,103317,1015,ME,BC
10285,152.8,103318,3760,AG,SC
10286,152.8,103319,3021,CE,MBC
10287,152.8,103324,2611,CS,SC
10288,152.8,103325,3825,CS,MBC
10289,152.8,103326,3805,BM,MBC
10290,152.8,103327,2736,EC,MBC
10291,152.8,103328,5919,BT,SC
10292,152.8,103330,4864,EE,OC
10293,152.8,103335,4994,EC,OC
10294,152.8,103336,2625,CS,OC
10295,152.8,103338,2342,CS,MBC
10296,152.8,103339,2623,CS,OC
10297,152.8,103340,4964,CS,MBC
10298,152.8,103344,2328,EE,MBC
10299,152.8,103345,4680,EE,MBC
10300,152.8,103346,5915,ME,OC
10301,152.8,103348,2740,CS,SC
10302,152.8,103350,2707,CS,MBC
10303,152.8,103353,2706,EI,MBC
10304,152.8,103355,2643,EE,OC
10305,152.8,103357,4981,EE,OC
10306,152.8,103359,1116,EC,BCM
10307,152.8,103360,5832,ME,OC
10308,152.8,103361,2632,CS,BC
10309,152.8,103363,4989,IT,OC
10310,152.8,103365,2722,ME,SC
10311,152.8,103367,5,EI,MBC
10312,152.8,103369,3019,ME,OC
10313,152.8,103374,3826,ME,MBC
10314,152.8,103375,1512,CS,OC
10315,152.8,103376,2708,CE,BC
10316,152.8,103378,2740,CS,SC
10317,152.8,103382,5907,EC,OC
10318,152.8,103383,2708,AU,MBC
10319,152.8,103384,2715,CH,OC
10320,152.8,103386,3456,BM,OC
10321,152.8,103387,1217,EC,SC
10322,152.8,103388,5942,IT,OC
10323,152.8,103390,1504,CH,OC
10324,152.8,103391,2641,CS,OC
10325,152.8,103392,2749,CS,MBC
10326,152.8,103393,3456,EE,OC
10327,152.8,103397,2758,IT,SC
10328,152.8,103398,2745,AD,SC
10329,152.8,103399,1431,ME,OC
10330,152.8,103400,3908,EC,SC
10331,152.8,103403,1422,EE,SC
10332,152.8,103405,1238,EC,BC
10333,152.8,103409,1212,CS,BC
10334,152.8,103410,1123,EC,OC
10335,152.8,103411,3810,AG,MBC
10336,152.8,103412,2722,ME,SC
10337,152.8,103414,2621,EC,BC
10338,152.8,103415,2747,EE,OC
10339,152.8,103416,2609,CS,SC
10340,152.8,103417,2623,CS,OC
10341,152.8,103418,3810,CS,SC
10342,152.8,103421,4978,CS,OC
10343,152.8,103428,3806,ME,OC
10344,152.8,103429,3806,CS,BC
10345,152.8,103430,3820,CS,OC
10346,152.8,103431,1202,IT,MBC
10347,152.8,103432,1230,EC,OC
10348,152.8,103435,3804,CS,MBC
10349,152.8,103436,1510,CS,BC
10350,152.8,103439,4975,EC,OC
10351,152.8,103440,3701,ME,BC
10352,152.8,103441,1128,CS,SCA
10353,152.8,103443,2745,CS,MBC
10354,152.8,103444,2772,EC,OC
10355,152.8,103445,2634,CS,BC
10356,152.8,103448,4969,CS,MBC
10357,152.8,103450,2629,IT,BC
10358,152.8,103451,2741,CS,MBC
10359,152.8,103452,1523,IT,MBC
10360,152.8,103453,4960,ME,MBC
10361,152.8,103455,2630,EC,SC
10362,152.8,103457,3786,AE,MBC
10363,152.8,103458,3843,CE,OC
10364,152.8,103460,1226,EC,MBC
10365,152.8,103461,4675,CS,BC
10366,152.8,103463,1504,ME,MBC
10367,152.8,103465,3018,EC,SC
10368,152.8,103468,4949,CS,BC
10369,152.7,103471,2636,CS,ST
10370,152.7,103472,4993,CS,BC
10371,152.7,103473,1414,ME,BC
10372,152.7,103474,1420,CS,MBC
10373,152.7,103475,1207,IT,SC
10374,152.7,103476,4971,EC,SC
10375,152.7,103477,2610,CS,MBC
10376,152.7,103481,1301,IT,SC
10377,152.7,103483,4680,ME,BC
10378,152.7,103484,1420,EC,SC
10379,152.7,103485,3805,EC,MBC
10380,152.7,103486,2347,ME,OC
10381,152.7,103487,1421,EC,OC
10382,152.7,103489,1238,EC,BC
10383,152.7,103492,5022,EE,SC
10384,152.7,103493,2683,CS,OC
10385,152.7,103495,2621,CS,MBC
10386,152.7,103496,3810,EC,MBC
10387,152.7,103501,5703,CS,BC
10388,152.7,103502,5,ME,MBC
10389,152.7,103506,1412,EC,OC
10390,152.7,103507,4953,ME,OC
10391,152.7,103508,2634,EC,MBC
10392,152.7,103509,2314,EE,OC
10393,152.7,103511,4966,EC,OC
10394,152.7,103512,2624,IT,BC
10395,152.7,103514,3826,ME,BC
10396,152.7,103515,1412,EE,OC
10397,152.7,103518,4961,CS,OC
10398,152.7,103519,5865,EC,OC
10399,152.7,103520,2620,TS,SC
10400,152.7,103523,1218,AD,MBC
10401,152.7,103528,1518,IT,OC
10402,152.7,103529,2710,ME,MBC
10403,152.7,103530,2768,CS,BC
10404,152.7,103532,3811,CS,BC
10405,152.7,103534,1225,EE,BC
10406,152.7,103536,1509,EC,BC
10407,152.7,103537,2623,BM,OC
10408,152.7,103538,2651,EC,BCM
10409,152.7,103540,1120,CE,BC
10410,152.7,103542,4981,EE,OC
10411,152.7,103544,3410,EE,OC
10412,152.7,103546,5914,EC,OC
10413,152.7,103548,3760,ME,OC
10414,152.7,103553,2302,IT,MBC
10415,152.7,103555,2342,EC,MBC
10416,152.7,103556,2659,BM,BC
10417,152.7,103559,2618,CE,MBC
10418,152.7,103560,1510,EC,OC
10419,152.7,103567,2624,CS,SCA
10420,152.7,103569,3905,CE,OC
10421,152.7,103570,1501,EE,OC
10422,152.7,103573,4980,CS,BC
10423,152.7,103576,1444,CS,OC
10424,152.7,103584,1316,CH,BC
10425,152.7,103585,2640,CS,OC
10426,152.7,103586,1405,CS,SC
10427,152.7,103587,3817,BT,OC
10428,152.7,103588,2659,EE,OC
10429,152.7,103590,1133,CS,OC
10430,152.7,103591,2627,ME,OC
10431,152.7,103595,1430,EE,OC
10432,152.7,103597,4670,CE,BC
10433,152.7,103598,3456,CS,BC
10434,152.7,103602,1407,EC,OC
10435,152.7,103603,2710,ET,SC
10436,152.7,103608,1313,CS,OC
10437,152.7,103610,3454,AG,OC
10438,152.7,103612,2613,EC,MBC
10439,152.7,103617,4933,CS,BC
10440,152.7,103618,2634,EC,SC
10441,152.7,103619,2357,EE,BC
10442,152.7,103624,1207,IT,SC
10443,152.7,103628,2360,CS,MBC
10444,152.7,103634,2347,CS,BC
10445,152.7,103637,3019,CE,MBC
10446,152.7,103638,4996,EE,OC
10447,152.7,103641,4972,EC,BC
10448,152.7,103642,2743,AG,BC
10449,152.7,103643,4949,CS,BC
10450,152.7,103645,4669,CE,OC
10451,152.7,103646,3804,CS,BC
10452,152.7,103648,2602,MD,MBC
10453,152.7,103649,1238,EC,BC
10454,152.7,103650,1212,BM,OC
10455,152.7,103651,1518,CS,OC
10456,152.7,103653,1509,EE,OC
10457,152.7,103654,2328,CS,SC
10458,152.7,103657,2752,CS,SC
10459,152.6,103659,2625,EE,OC
10460,152.6,103661,2769,ME,OC
10461,152.6,103662,4917,CE,MBC
10462,152.6,103663,5862,CS,BC
10463,152.6,103664,2715,EC,MBC
10464,152.6,103665,3908,EC,MBC
10465,152.6,103666,2702,EC,SC
10466,152.6,103672,2749,CS,SC
10467,152.6,103673,2638,CS,OC
10468,152.6,103674,2706,CE,MBC
10469,152.6,103679,3807,EE,OC
10470,152.6,103682,1120,CE,BC
10471,152.6,103685,2651,EC,BC
10472,152.6,103686,1114,ME,OC
10473,152.6,103688,2735,ME,SC
10474,152.6,103690,5532,ME,OC
10475,152.6,103691,2636,CE,OC
10476,152.6,103695,4994,CS,BC
10477,152.6,103697,4969,CE,OC
10478,152.6,103698,2632,BM,SC
10479,152.6,103699,1226,ME,OC
10480,152.6,103701,2601,AE,OC
10481,152.6,103702,4948,FT,OC
10482,152.6,103704,2636,ME,OC
10483,152.6,103705,5,ME,MBC
10484,152.6,103706,4917,BM,BC
10485,152.6,103708,1504,CH,OC
10486,152.6,103709,2622,CH,SC
10487,152.6,103710,1509,EC,BC
10488,152.6,103713,1412,EC,OC
10489,152.6,103719,2732,IT,BC
10490,152.6,103721,4927,CS,OC
10491,152.6,103722,1304,ME,SC
10492,152.6,103723,3425,ME,OC
10493,152.6,103727,2632,IT,BC
10494,152.6,103728,3849,EC,OC
10495,152.6,103730,1202,CS,SC
10496,152.6,103731,2632,IT,MBC
10497,152.6,103732,1202,EC,BC
10498,152.6,103734,5,ME,BC
10499,152.6,103735,1452,EE,SC
10500,152.6,103736,1441,EC,OC
10501,152.6,103738,2744,IT,MBC
10502,152.6,103739,1424,CS,MBC
10503,152.6,103743,4969,EE,OC
10504,152.6,103744,5010,CE,MBC
10505,152.6,103745,4917,EE,BC
10506,152.6,103747,3849,IT,SC
10507,152.6,103750,5902,EE,OC
10508,152.6,103751,4670,ME,BC
10509,152.6,103753,1322,AE,OC
10510,152.6,103757,2624,CS,SC
10511,152.6,103758,2611,EC,BC
10512,152.6,103759,1216,EC,ST
10513,152.6,103760,2743,EC,BC
10514,152.6,103761,2641,EC,OC
10515,152.6,103762,2621,EE,BC
10516,152.6,103766,1401,CS,SC
10517,152.6,103769,2601,EE,BC
10518,152.6,103770,4670,ME,BC
10519,152.6,103775,3808,CS,OC
10520,152.6,103777,2731,EE,SC
10521,152.6,103781,2639,CS,MBC
10522,152.6,103782,2609,CS,SC
10523,152.6,103785,2608,EC,MBC
10524,152.6,103786,5990,CS,OC
10525,152.6,103790,1513,CS,MBC
10526,152.6,103793,1207,EC,SC
10527,152.6,103795,1322,FD,BC
10528,152.6,103797,2349,CS,BC
10529,152.6,103799,3905,CS,SC
10530,152.6,103803,3801,ME,OC
10531,152.6,103806,2632,EC,OC
10532,152.6,103807,3806,EC,OC
10533,152.6,103809,1310,CS,SC
10534,152.6,103810,2707,AG,MBC
10535,152.6,103811,4023,CE,SC
10536,152.6,103815,2621,ME,OC
10537,152.6,103818,1414,ME,BC
10538,152.6,103819,4949,MZ,OC
10539,152.6,103820,3454,ME,OC
10540,152.6,103821,3833,ME,OC
10541,152.6,103822,5913,EC,OC
10542,152.6,103823,3860,EC,OC
10543,152.6,103825,4933,EE,OC
10544,152.6,103826,1416,CS,BC
10545,152.6,103827,3795,ME,OC
10546,152.6,103829,3822,CS,OC
10547,152.6,103830,2342,CE,OC
10548,152.6,103831,2721,EE,BC
10549,152.6,103833,2740,CS,SC
10550,152.6,103834,5988,CS,SC
10551,152.6,103837,2734,IT,SC
10552,152.6,103841,3810,CS,SCA
10553,152.6,103842,1140,ME,BC
10554,152.6,103843,2609,EC,MBC
10555,152.6,103846,2607,ME,OC
10556,152.6,103847,5,MM,MBC
10557,152.6,103850,2707,AD,MBC
10558,152.6,103852,4994,EC,BC
10559,152.6,103853,1424,CS,BC
10560,152.6,103854,5913,EC,OC
10561,152.5,103856,2328,BM,BC
10562,152.5,103857,2659,BM,BCM
10563,152.5,103860,1218,IT,MBC
10564,152.5,103862,2347,ME,OC
10565,152.5,103864,2661,EC,BC
10566,152.5,103870,2661,EC,MBC
10567,152.5,103877,1441,EE,OC
10568,152.5,103878,2346,EE,OC
10569,152.5,103880,2625,CS,OC
10570,152.5,103882,2611,EC,MBC
10571,152.5,103885,3807,ME,OC
10572,152.5,103886,2610,BM,MBC
10573,152.5,103887,1226,EC,MBC
10574,152.5,103889,2705,CS,BC
10575,152.5,103890,3019,CS,SCA
10576,152.5,103891,2610,CY,SC
10577,152.5,103894,1408,EC,BCM
10578,152.5,103897,2632,CS,BC
10579,152.5,103901,2641,CS,OC
10580,152.5,103902,2639,CS,BC
10581,152.5,103904,5913,EE,OC
10582,152.5,103905,5902,IT,BCM
10583,152.5,103906,1241,CS,MBC
10584,152.5,103908,4969,CS,MBC
10585,152.5,103909,5022,CE,OC
10586,152.5,103913,2639,ME,OC
10587,152.5,103915,2609,AG,MBC
10588,152.5,103919,4917,BM,BC
10589,152.5,103921,1507,CS,SC
10590,152.5,103923,4957,ME,OC
10591,152.5,103925,2712,AU,SCA
10592,152.5,103926,4970,CS,BC
10593,152.5,103927,2610,BM,MBC
10594,152.5,103928,1426,EC,OC
10595,152.5,103929,2624,BM,MBC
10596,152.5,103932,3425,EC,SC
10597,152.5,103934,2715,EC,MBC
10598,152.5,103936,2749,EC,OC
10599,152.5,103937,1110,BT,MBC
10600,152.5,103939,2342,EE,OC
10601,152.5,103954,3454,BM,BC
10602,152.5,103956,2702,BM,SCA
10603,152.5,103958,4953,CS,BC
10604,152.5,103961,4962,ME,SC
10605,152.5,103963,3795,EE,BCM
10606,152.5,103969,1116,EC,BC
10607,152.5,103973,1230,ME,OC
10608,152.5,103974,1325,EE,OC
10609,152.5,103976,2634,CS,BC
10610,152.5,103984,2628,EE,OC
10611,152.5,103985,1509,EE,OC
10612,152.5,103987,2768,AO,OC
10613,152.5,103994,2719,EI,SC
10614,152.5,103996,1114,EE,BC
10615,152.5,103999,1419,EI,SC
10616,152.5,104008,1432,CS,ST
10617,152.5,104016,1432,ME,SC
10618,152.5,104026,1202,EC,BC
10619,152.5,104030,1303,IT,SC
10620,152.5,104032,4917,CS,SC
10621,152.5,104037,1225,EE,MBC
10622,152.5,104038,4964,EC,OC
10623,152.5,104040,1306,EC,SC
10624,152.5,104041,1501,EE,OC
10625,152.5,104044,1313,CS,OC
10626,152.5,104046,5,ME,MBC
10627,152.5,104047,2713,EC,MBC
10628,152.5,104050,2743,BM,MBC
10629,152.5,104053,1401,CS,SC
10630,152.5,104056,3817,CS,SC
10631,152.5,104057,5,CE,BC
10632,152.5,104058,2657,BT,SC
10633,152.5,104059,1509,EE,OC
10634,152.5,104062,3461,EC,MBC
10635,152.5,104063,2611,MC,OC
10636,152.5,104064,4670,EC,MBC
10637,152.5,104065,2636,CE,OC
10638,152.5,104066,2734,EC,SC
10639,152.5,104068,5,CZ,SC
10640,152.5,104069,2611,CH,OC
10641,152.5,104070,4965,ME,BC
10642,152.5,104072,4964,CS,MBC
10643,152.5,104074,2633,CS,OC
10644,152.5,104075,5022,EE,SC
10645,152.5,104078,2357,EC,SC
10646,152.5,104079,2612,CS,OC
10647,152.5,104081,3806,EC,OC
10648,152.5,104085,2610,CY,BC
10649,152.5,104095,5935,CS,BC
10650,152.5,104099,2608,CE,BC
10651,152.5,104100,3760,AG,BC
10652,152.5,104101,2624,IT,MBC
10653,152.5,104102,4669,CS,BC
10654,152.5,104103,4993,BM,BC
10655,152.5,104104,3804,CS,BCM
10656,152.5,104106,1311,EE,SC
10657,152.5,104107,2611,EC,BC
10658,152.5,104108,1123,CS,BC
10659,152.5,104109,1424,PE,OC
10660,152.5,104111,4024,GI,BC
10661,152.5,104112,2734,IT,SC
10662,152.5,104114,4955,EE,MBC
10663,152.5,104115,1218,EE,OC
10664,152.5,104116,2632,IT,MBC
10665,152.5,104118,2642,EC,MBC
10666,152.5,104122,3807,ME,OC
10667,152.5,104123,5530,CS,MBC
10668,152.5,104124,3849,IT,SC
10669,152.4,104127,2314,EE,OC
10670,152.4,104128,1525,EE,OC
10671,152.4,104130,5,CZ,SC
10672,152.4,104131,2629,MD,OC
10673,152.4,104133,2345,CS,BC
10674,152.4,104134,4675,ME,OC
10675,152.4,104137,4955,EC,SC
10676,152.4,104138,3810,CS,BC
10677,152.4,104141,1501,CS,BC
10678,152.4,104143,2623,CS,OC
10679,152.4,104144,1120,CE,BC
10680,152.4,104152,2683,BM,OC
10681,152.4,104154,2607,BT,SCA
10682,152.4,104155,1301,EC,BC
10683,152.4,104156,2707,EE,BC
10684,152.4,104158,4980,CS,BC
10685,152.4,104160,4024,CE,SC
10686,152.4,104163,3801,IC,OC
10687,152.4,104166,2628,BM,OC
10688,152.4,104168,3410,CS,SC
10689,152.4,104174,4670,EE,BC
10690,152.4,104175,2735,EE,BCM
10691,152.4,104176,1207,EC,SC
10692,152.4,104177,2327,CS,BC
10693,152.4,104181,3812,EI,OC
10694,152.4,104182,3805,IT,SC
10695,152.4,104183,2741,CE,BC
10696,152.4,104187,5010,ME,MBC
10697,152.4,104189,1401,EC,MBC
10698,152.4,104190,2650,ME,OC
10699,152.4,104191,1519,EE,OC
10700,152.4,104192,4964,MR,SC
10701,152.4,104193,1207,CS,SCA
10702,152.4,104195,2314,AD,OC
10703,152.4,104197,1313,CS,OC
10704,152.4,104201,4960,EE,SC
10705,152.4,104202,2744,EC,BC
10706,152.4,104205,2731,EE,SC
10707,152.4,104207,2611,EC,BC
10708,152.4,104208,4965,CS,SC
10709,152.4,104209,4978,BT,OC
10710,152.4,104210,2627,EC,OC
10711,152.4,104214,2711,ME,SC
10712,152.4,104215,5988,CS,BC
10713,152.4,104217,2617,CS,SC
10714,152.4,104218,1405,CS,SC
10715,152.4,104219,5530,CS,MBC
10716,152.4,104220,1133,CS,OC
10717,152.4,104221,1325,EC,MBC
10718,152.4,104222,2750,AE,BC
10719,152.4,104225,4978,BT,OC
10720,152.4,104228,2302,BM,BC
10721,152.4,104230,1509,EE,OC
10722,152.4,104232,1221,CS,MBC
10723,152.4,104233,1210,EE,SC
10724,152.4,104234,5935,AU,OC
10725,152.4,104235,1216,EC,SC
10726,152.4,104238,3801,ME,OC
10727,152.4,104240,4931,CS,MBC
10728,152.4,104240,3830,AD,SC
10729,152.4,104244,2752,EE,OC
10730,152.4,104246,2632,BM,BC
10731,152.4,104247,3860,EE,OC
10732,152.4,104248,2729,MZ,BC
10733,152.4,104249,2607,ME,OC
10734,152.4,104250,4933,CS,BC
10735,152.4,104254,3817,CS,SC
10736,152.4,104255,1441,EE,OC
10737,152.4,104256,3843,EC,OC
10738,152.4,104259,2758,IT,SC
10739,152.4,104263,5914,CS,SC
10740,152.4,104265,2705,EC,OC
10741,152.4,104266,3701,EC,SC
10742,152.4,104269,3801,ME,MBC
10743,152.4,104270,2367,CS,OC
10744,152.4,104272,3852,CS,SC
10745,152.4,104274,2617,EC,OC
10746,152.4,104276,2338,ME,OC
10747,152.4,104278,2632,BM,MBC
10748,152.4,104281,1501,IT,SC
10749,152.4,104282,2609,EC,BC
10750,152.4,104283,1325,IT,SC
10751,152.4,104284,2347,EC,SC
10752,152.4,104285,2610,ME,OC
10753,152.4,104286,3905,EC,BC
10754,152.4,104287,1202,CS,SC
10755,152.4,104288,5010,CE,BCM
10756,152.4,104289,2609,IT,BCM
10757,152.4,104290,1405,EC,BC
10758,152.4,104291,5536,EC,BC
10759,152.4,104293,2732,CS,BC
10760,152.4,104294,2328,BM,MBC
10761,152.4,104295,3021,EE,MBC
10762,152.4,104296,3825,CS,BC
10763,152.4,104301,3760,AG,MBC
10764,152.4,104302,2621,EC,MBC
10765,152.4,104303,4962,ME,SC
10766,152.4,104304,2740,ME,SCA
10767,152.4,104306,5913,EC,OC
10768,152.4,104308,2650,EC,OC
10769,152.4,104310,2723,EC,MBC
10770,152.4,104311,2636,EE,SC
10771,152.4,104315,5913,CS,SCA
10772,152.4,104316,4957,IT,BC
10773,152.4,104317,5910,EC,SC
10774,152.4,104319,3016,EE,MBC
10775,152.4,104321,1101,EC,BC
10776,152.4,104322,5,CH,BC
10777,152.4,104323,3021,EE,MBC
10778,152.4,104327,1504,CS,MBC
10779,152.4,104328,2314,CS,BC
10780,152.4,104329,5022,CE,OC
10781,152.4,104330,2624,CS,BC
10782,152.4,104333,3849,EC,OC
10783,152.4,104334,1505,CE,OC
10784,152.4,104337,2750,EE,MBC
10785,152.4,104338,2610,EE,BC
10786,152.4,104340,4959,ME,BC
10787,152.4,104343,2632,IT,BC
10788,152.4,104345,2657,CS,BC
10789,152.4,104346,2747,ME,OC
10790,152.4,104348,2634,AG,SC
10791,152.4,104349,3825,CS,SC
10792,152.3,104350,5862,AG,SC
10793,152.3,104351,2636,EC,BC
10794,152.3,104354,1207,CS,BC
10795,152.3,104356,3819,EE,MBC
10796,152.3,104357,2707,EE,SC
10797,152.3,104358,5912,ME,OC
10798,152.3,104361,4917,EE,BC
10799,152.3,104363,4995,CS,OC
10800,152.3,104364,1452,ME,OC
10801,152.3,104365,2314,EE,OC
10802,152.3,104367,2725,CS,SC
10803,152.3,104370,2347,CS,SC
10804,152.3,104375,4954,ME,OC
10805,152.3,104376,2752,EC,MBC
10806,152.3,104378,2349,AD,OC
10807,152.3,104379,1307,BM,MBC
10808,152.3,104380,2636,CS,SC
10809,152.3,104381,3016,EC,SC
10810,152.3,104384,3810,AD,MBC
10811,152.3,104385,4981,ME,BC
10812,152.3,104386,1431,IT,MBC
10813,152.3,104387,4955,ME,BC
10814,152.3,104388,4678,ME,MBC
10815,152.3,104389,2729,MZ,MBC
10816,152.3,104390,1420,EC,SC
10817,152.3,104391,2769,CS,BC
10818,152.3,104393,2636,CS,SC
10819,152.3,104395,2727,BT,MBC
10820,152.3,104396,1126,CS,MBC
10821,152.3,104398,2736,CS,SC
10822,152.3,104400,1430,ME,OC
10823,152.3,104402,1407,BM,OC
10824,152.3,104403,2767,CS,OC
10825,152.3,104406,2610,BM,BC
10826,152.3,104411,2611,ME,OC
10827,152.3,104412,2755,AE,BCM
10828,152.3,104413,3908,ME,OC
10829,152.3,104419,1430,EC,OC
10830,152.3,104420,2752,CS,MBC
10831,152.3,104421,1207,AD,BC
10832,152.3,104422,1126,AD,SC
10833,152.3,104423,2621,EC,MBC
10834,152.3,104424,2727,AG,SC
10835,152.3,104425,4999,CE,OC
10836,152.3,104426,2609,CS,SC
10837,152.3,104432,2740,ME,BC
10838,152.3,104433,1231,EC,SC
10839,152.3,104434,3830,EC,MBC
10840,152.3,104435,2736,AD,SC
10841,152.3,104437,2705,IT,SC
10842,152.3,104438,1520,CS,MBC
10843,152.3,104440,2611,MC,OC
10844,152.3,104441,2609,CY,SC
10845,152.3,104442,2636,EC,SC
10846,152.3,104443,1441,EC,OC
10847,152.3,104444,2706,AD,SC
10848,152.3,104446,4680,EE,BC
10849,152.3,104449,1303,CS,SC
10850,152.3,104450,1501,CS,BC
10851,152.3,104452,2636,CS,BC
10852,152.3,104454,2617,EC,OC
10853,152.3,104455,4024,CE,SC
10854,152.3,104456,3806,ME,OC
10855,152.3,104458,3806,CB,MBC
10856,152.3,104459,1408,EE,MBC
10857,152.3,104460,3806,ME,OC
10858,152.3,104462,2632,ME,OC
10859,152.3,104463,2715,EE,BC
10860,152.3,104465,2743,AG,BC
10861,152.3,104466,4981,EE,BC
10862,152.3,104472,4980,EC,BC
10863,152.3,104474,2752,CS,MBC
10864,152.3,104475,2610,CS,SCA
10865,152.3,104477,1434,CS,OC
10866,152.3,104478,3805,CS,MBC
10867,152.3,104479,3812,EE,OC
10868,152.3,104482,3806,ME,OC
10869,152.3,104483,2651,ME,OC
10870,152.3,104485,1229,EE,OC
10871,152.3,104488,2622,ME,BC
10872,152.3,104491,2750,ME,SC
10873,152.3,104492,1319,CS,BCM
10874,152.3,104494,2345,EE,MBC
10875,152.3,104496,5902,EE,OC
10876,152.3,104497,2732,EC,OC
10877,152.3,104498,2357,ME,MBC
10878,152.3,104499,3905,EC,BC
10879,152.3,104500,2734,ME,SCA
10880,152.3,104504,2718,ME,SCA
10881,152.3,104507,5990,CS,OC
10882,152.3,104508,5907,EE,OC
10883,152.3,104510,5902,ME,OC
10884,152.3,104512,2647,EC,OC
10885,152.3,104515,1409,EE,OC
10886,152.3,104518,2329,AD,SC
10887,152.3,104519,3801,ME,BC
10888,152.3,104522,5902,CS,OC
10889,152.3,104524,4669,CE,OC
10890,152.3,104526,1243,CS,OC
10891,152.3,104531,2725,CS,SC
10892,152.3,104532,4978,BM,SC
10893,152.2,104533,2726,CE,BC
10894,152.2,104534,2613,EE,MBC
10895,152.2,104536,5,EI,SC
10896,152.2,104539,2705,IT,BC
10897,152.2,104540,2345,AG,OC
10898,152.2,104542,3806,EE,OC
10899,152.2,104543,3801,CE,OC
10900,152.2,104544,2327,CS,MBC
10901,152.2,104545,4928,EC,BC
10902,152.2,104546,1123,CS,BC
10903,152.2,104548,4024,EE,SC
10904,152.2,104549,3425,CE,OC
10905,152.2,104556,1230,EC,OC
10906,152.2,104558,1207,IT,BC
10907,152.2,104559,1442,BM,BC
10908,152.2,104562,1207,IT,BC
10909,152.2,104564,1426,IT,OC
10910,152.2,104565,1412,EC,OC
10911,152.2,104566,3830,ME,MBC
10912,152.2,104567,3454,BM,MBC
10913,152.2,104568,2650,EC,OC
10914,152.2,104569,2737,CS,OC
10915,152.2,104570,3829,EC,MBC
10916,152.2,104571,3018,EE,OC
10917,152.2,104572,2621,AE,OC
10918,152.2,104573,2607,ME,BC
10919,152.2,104574,1207,CS,BCM
10920,152.2,104576,2602,CS,OC
10921,152.2,104580,3817,CS,MBC
10922,152.2,104585,1430,CE,OC
10923,152.2,104586,2740,ME,MBC
10924,152.2,104588,2740,ME,MBC
10925,152.2,104591,2314,AG,OC
10926,152.2,104592,2624,AD,MBC
10927,152.2,104593,3831,CS,MBC
10928,152.2,104595,1421,EC,OC
10929,152.2,104596,1319,CS,BC
10930,152.2,104597,4994,CS,SC
10931,152.2,104598,3021,CE,BC
10932,152.2,104600,2610,CS,SC
10933,152.2,104602,2711,MZ,SC
10934,152.2,104603,3812,CS,BC
10935,152.2,104607,4672,ME,MBC
10936,152.2,104608,2755,AE,BC
10937,152.2,104609,2628,CS,BC
10938,152.2,104610,2727,EC,SC
10939,152.2,104611,5935,EC,BC
10940,152.2,104612,1432,ME,SC
10941,152.2,104613,2640,AD,OC
10942,152.2,104614,3018,EC,MBC
10943,152.2,104620,2741,ME,MBC
10944,152.2,104621,2621,IT,BCM
10945,152.2,104624,2715,EE,BC
10946,152.2,104625,2636,EC,BC
10947,152.2,104628,1133,CS,OC
10948,152.2,104629,4927,CS,OC
10949,152.2,104634,1123,CS,SC
10950,152.2,104635,1512,CS,OC
10951,152.2,104638,1408,EE,MBC
10952,152.2,104642,2650,CS,OC
10953,152.2,104643,2636,EE,BC
10954,152.2,104645,2710,CD,SC
10955,152.2,104646,2642,EC,BC
10956,152.2,104647,3805,EC,MBC
10957,152.2,104648,2621,MZ,MBC
10958,152.2,104650,3760,CS,SC
10959,152.2,104652,2630,ME,OC
10960,152.2,104653,2747,EC,MBC
10961,152.2,104654,2611,MC,MBC
10962,152.2,104657,2713,IT,OC
10963,152.2,104658,3908,CS,BC
10964,152.2,104663,1301,ME,OC
10965,152.2,104664,3905,EC,BC
10966,152.2,104670,1412,EC,OC
10967,152.2,104672,2620,EC,BC
10968,152.2,104674,3806,EC,OC
10969,152.2,104675,1401,EE,OC
10970,152.2,104676,3805,EC,BC
10971,152.2,104677,4934,CS,BC
10972,152.2,104678,2735,ME,SCA
10973,152.2,104679,3018,EC,SC
10974,152.2,104680,2632,CS,MBC
10975,152.2,104683,2707,CE,OC
10976,152.2,104685,1605,EC,OC
10977,152.2,104686,2736,ME,BC
10978,152.2,104690,1442,AD,BCM
10979,152.2,104691,4978,BT,OC
10980,152.2,104692,4672,EC,BC
10981,152.2,104693,1210,EE,SC
10982,152.2,104696,3810,CS,SC
10983,152.2,104697,1426,CS,OC
10984,152.2,104700,3016,ME,OC
10985,152.2,104703,3829,IT,BC
10986,152.1,104705,2347,AG,BC
10987,152.1,104706,1437,IT,OC
10988,152.1,104708,1202,IT,SC
10989,152.1,104712,4999,AD,BC
10990,152.1,104714,4680,EE,BC
10991,152.1,104716,3806,EE,OC
10992,152.1,104719,1426,IT,OC
10993,152.1,104720,2636,CS,MBC
10994,152.1,104721,2634,CS,MBC
10995,152.1,104723,5865,EE,OC
10996,152.1,104726,2726,ME,BC
10997,152.1,104727,2713,IT,OC
10998,152.1,104728,2707,CH,MBC
10999,152.1,104729,4970,ME,OC
11000,152.1,104731,1424,EC,BC
11001,152.1,104732,2648,CS,BC
11002,152.1,104735,2601,CS,SC
11003,152.1,104736,2328,BM,MBC
11004,152.1,104737,2769,EC,OC
11005,152.1,104738,1505,EE,BC
11006,152.1,104739,3807,CS,MBC
11007,152.1,104741,2704,CE,BC
11008,152.1,104745,2755,AG,SC
11009,152.1,104748,2611,CE,OC
11010,152.1,104749,2610,IT,BCM
11011,152.1,104751,3806,EC,OC
11012,152.1,104752,1013,ME,BC
11013,152.1,104753,2702,BT,SCA
11014,152.1,104754,2764,CE,MBC
11015,152.1,104756,4948,FT,OC
11016,152.1,104757,2347,AG,SC
11017,152.1,104758,1424,CS,BC
11018,152.1,104763,3817,CS,MBC
11019,152.1,104767,2628,CS,BC
11020,152.1,104768,4993,IT,OC
11021,152.1,104769,1426,CS,OC
11022,152.1,104771,4996,EC,OC
11023,152.1,104772,3831,CS,BC
11024,152.1,104774,1207,IT,BC
11025,152.1,104776,1014,XC,OC
11026,152.1,104779,5924,CS,OC
11027,152.1,104782,1114,EE,BC
11028,152.1,104785,2610,CS,MBC
11029,152.1,104787,2732,CS,MBC
11030,152.1,104788,3849,CS,OC
11031,152.1,104789,2611,EC,BC
11032,152.1,104790,3926,CS,OC
11033,152.1,104793,2620,EE,MBC
11034,152.1,104794,2661,IT,MBC
11035,152.1,104795,1421,CS,SC
11036,152.1,104799,1231,IT,SCA
11037,152.1,104800,3786,ME,OC
11038,152.1,104801,2609,CS,SC
11039,152.1,104802,1504,EE,BC
11040,152.1,104805,3803,EE,SC
11041,152.1,104807,2602,MD,SC
11042,152.1,104808,1133,ME,OC
11043,152.1,104809,2702,EC,SC
11044,152.1,104810,4023,EE,BCM
11045,152.1,104811,1441,CE,OC
11046,152.1,104813,2743,EC,SCA
11047,152.1,104814,4980,EC,BC
11048,152.1,104815,4864,EE,OC
11049,152.1,104817,4944,EC,BC
11050,152.1,104819,3905,CS,SC
11051,152.1,104825,1322,CS,MBC
11052,152.1,104826,1431,ME,OC
11053,152.1,104829,1412,CS,SC
11054,152.1,104830,2707,IT,MBC
11055,152.1,104831,2328,BM,SC
11056,152.1,104832,1512,IT,OC
11057,152.1,104834,2648,EC,OC
11058,152.1,104836,2769,CS,MBC
11059,152.1,104837,2609,AO,OC
11060,152.1,104842,1317,EE,SC
11061,152.1,104844,2302,CS,BC
11062,152.1,104846,1445,CS,OC
11063,152.1,104847,1424,AD,BC
11064,152.1,104849,2345,EC,OC
11065,152.1,104851,4672,EE,OC
11066,152.1,104852,4953,EC,OC
11067,152.1,104854,4970,CS,BC
11068,152.1,104855,3806,EE,BC
11069,152.1,104857,4968,EC,OC
11070,152.1,104858,1412,EE,OC
11071,152.1,104859,2716,MZ,OC
11072,152.1,104860,1316,CH,BC
11073,152.1,104862,2763,EC,BC
11074,152.1,104864,3805,BM,MBC
11075,152.1,104866,1424,CS,BC
11076,152.1,104867,5911,CS,BCM
11077,152.1,104869,2642,CS,MBC
11078,152.1,104870,1207,RM,OC
11079,152.1,104875,3410,CS,MBC
11080,152.1,104876,1207,AD,BC
11081,152.0,104877,3829,ME,OC
11082,152.0,104881,5919,EC,OC
11083,152.0,104883,4957,IT,BC
11084,152.0,104885,3843,CS,SC
11085,152.0,104889,2768,CS,BC
11086,152.0,104890,3760,AG,SC
11087,152.0,104891,2657,CS,SCA
11088,152.0,104892,3825,CS,BCM
11089,152.0,104894,1325,EC,BC
11090,152.0,104896,5,MM,SC
11091,152.0,104897,2327,CS,SCA
11092,152.0,104898,2625,CH,OC
11093,152.0,104899,1507,ME,OC
11094,152.0,104900,4989,CS,BC
11095,152.0,104901,3806,BM,BC
11096,152.0,104903,2609,CS,MBC
11097,152.0,104906,3857,ME,OC
11098,152.0,104908,1402,CS,OC
11099,152.0,104909,2683,BM,OC
11100,152.0,104913,1207,IT,SC
11101,152.0,104914,4933,ME,OC
11102,152.0,104916,4955,CE,SC
11103,152.0,104917,1322,AG,SC
11104,152.0,104922,3817,CS,SC
11105,152.0,104923,2652,ME,OC
11106,152.0,104924,2661,IT,BC
11107,152.0,104925,3805,EC,MBC
11108,152.0,104926,2607,TX,MBC
11109,152.0,104927,1421,ME,OC
11110,152.0,104931,2347,AG,BC
11111,152.0,104932,2634,FD,OC
11112,152.0,104933,4969,CS,SC
11113,152.0,104935,2702,EC,SC
11114,152.0,104936,3843,ME,OC
11115,152.0,104938,3843,CS,BC
11116,152.0,104939,2610,EE,MBC
11117,152.0,104941,2707,EE,BC
11118,152.0,104942,2646,EC,OC
11119,152.0,104943,3760,AG,MBC
11120,152.0,104945,4964,MR,BC
11121,152.0,104947,1307,CE,OC
11122,152.0,104948,1116,EC,MBC
11123,152.0,104949,1202,CS,MBC
11124,152.0,104950,2702,CS,ST
11125,152.0,104951,2650,CS,OC
11126,152.0,104952,5832,ME,OC
11127,152.0,104953,2621,EC,MBC
11128,152.0,104955,4964,CS,SC
11129,152.0,104956,2683,CS,OC
11130,152.0,104957,3810,AG,BC
11131,152.0,104958,1319,CS,MBC
11132,152.0,104959,1015,ME,BC
11133,152.0,104963,1504,CS,SC
11134,152.0,104966,2350,EC,OC
11135,152.0,104984,1226,ME,OC
11136,152.0,104985,1408,EE,MBC
11137,152.0,104992,3018,EC,SC
11138,152.0,104993,1120,CE,SC
11139,152.0,104994,3806,CB,BC
11140,152.0,104995,2314,CS,MBC
11141,152.0,104996,2707,AD,MBC
11142,152.0,105002,5912,CS,BCM
11143,152.0,105005,2601,BM,BC
11144,152.0,105007,3807,EE,OC
11145,152.0,105008,5904,ME,BC
11146,152.0,105019,1127,BT,MBC
11147,152.0,105020,5986,CE,SC
11148,152.0,105021,4980,CS,BC
11149,152.0,105022,5010,CE,MBC
11150,152.0,105024,2609,CY,MBC
11151,152.0,105026,2601,EC,MBC
11152,152.0,105027,1216,CE,SC
11153,152.0,105040,3019,EE,MBC
11154,152.0,105045,3826,BM,MBC
11155,152.0,105049,1116,EC,BCM
11156,152.0,105051,2349,AD,BCM
11157,152.0,105054,2632,IT,BC
11158,152.0,105056,3806,EC,OC
11159,152.0,105058,5921,CB,BC
11160,152.0,105069,1115,AD,BCM
11161,152.0,105073,3908,CS,BC
11162,152.0,105076,1140,ME,BCM
11163,152.0,105078,2702,SE,SC
11164,152.0,105085,2611,EC,BC
11165,152.0,105088,2731,ME,OC
11166,152.0,105096,2707,CD,SC
11167,152.0,105097,5536,CS,BC
11168,152.0,105104,2653,ME,MBC
11169,152.0,105106,3760,ME,OC
11170,152.0,105108,2747,EC,MBC
11171,152.0,105112,3810,CS,BC
11172,152.0,105113,1412,EC,OC
11173,152.0,105114,1303,IT,SC
11174,152.0,105115,2634,BM,SC
11175,152.0,105116,2639,ME,OC
11176,152.0,105118,2683,BM,OC
11177,152.0,105120,5913,TX,MBC
11178,152.0,105121,1228,CS,SC
11179,152.0,105122,3817,CS,SC
11180,152.0,105123,3843,EE,OC
11181,152.0,105124,2729,EC,MBC
11182,152.0,105126,4670,CE,BC
11183,152.0,105127,2620,TS,SC
11184,152.0,105131,4927,CS,OC
11185,152.0,105134,4964,CS,SC
11186,152.0,105137,3805,AG,MBC
11187,152.0,105141,2749,AG,OC
11188,152.0,105144,2715,EE,SC
11189,152.0,105145,3826,ME,BC
11190,152.0,105147,3805,BM,MBC
11191,152.0,105148,2621,EC,BC
11192,152.0,105149,2722,ME,MBC
11193,152.0,105150,2707,EI,BC
11194,152.0,105151,5915,ME,OC
11195,152.0,105152,2641,CS,OC
11196,152.0,105156,1313,CS,OC
11197,152.0,105157,2722,CE,SC
11198,152.0,105159,2357,IT,SC
11199,152.0,105163,2621,EC,BC
11200,152.0,105164,2327,CS,MBC
11201,152.0,105165,1238,BM,MBC
11202,152.0,105166,2708,BM,SC
11203,152.0,105167,2769,CS,BC
11204,152.0,105168,2345,AD,BC
11205,152.0,105169,1014,CE,BC
11206,152.0,105170,2726,ME,BC
11207,152.0,105171,1226,EE,OC
11208,152.0,105176,1219,ME,SCA
11209,152.0,105178,3810,CS,MBC
11210,152.0,105179,2314,EC,SCA
11211,152.0,105181,1216,EC,SC
11212,152.0,105182,2716,IT,MBC
11213,152.0,105183,3805,EC,MBC
11214,152.0,105184,1125,CS,OC
11215,152.0,105187,2647,EC,OC
11216,152.0,105190,5921,CE,OC
11217,152.0,105191,3466,EE,OC
11218,152.0,105194,2621,EC,BCM
11219,152.0,105198,4678,CS,SC
11220,152.0,105200,5022,ME,BC
11221,152.0,105206,4964,AE,OC
11222,152.0,105207,1015,ME,SC
11223,152.0,105209,4024,ME,MBC
11224,152.0,105211,2609,CE,OC
11225,152.0,105218,2657,EC,OC
11226,151.9,105220,2715,EE,MBC
11227,151.9,105226,1412,ME,OC
11228,151.9,105227,2731,EE,MBC
11229,151.9,105229,2611,AE,OC
11230,151.9,105234,3826,ME,BC
11231,151.9,105239,2624,AD,BC
11232,151.9,105240,1127,CS,SC
11233,151.9,105242,4672,ME,BC
11234,151.9,105246,3807,EC,BC
11235,151.9,105247,3825,EC,BC
11236,151.9,105249,5832,EC,BC
11237,151.9,105252,2611,EE,MBC
11238,151.9,105254,1118,ME,SC
11239,151.9,105259,2347,AG,SC
11240,151.9,105260,2747,CS,MBC
11241,151.9,105261,4680,ME,BC
11242,151.9,105263,2755,AG,BC
11243,151.9,105264,1241,CS,MBC
11244,151.9,105265,2634,CS,MBC
11245,151.9,105266,1444,CS,OC
11246,151.9,105268,1207,CS,BC
11247,151.9,105269,2627,CS,BC
11248,151.9,105272,1202,CS,BCM
11249,151.9,105275,2610,EC,MBC
11250,151.9,105280,4928,EC,BC
11251,151.9,105282,5,CZ,SC
11252,151.9,105283,4984,EC,OC
11253,151.9,105284,2741,CE,SCA
11254,151.9,105286,1114,ME,OC
11255,151.9,105288,2647,CS,OC
11256,151.9,105289,2713,EC,BC
11257,151.9,105295,1322,BM,OC
11258,151.9,105296,1316,CS,SC
11259,151.9,105304,1114,EE,MBC
11260,151.9,105304,5,MM,SC
11261,151.9,105305,1101,EC,BC
11262,151.9,105306,2621,EC,BC
11263,151.9,105308,5904,ME,BC
11264,151.9,105311,4024,ME,MBC
11265,151.9,105313,3805,EC,BC
11266,151.9,105314,1405,EC,MBC
11267,151.9,105319,4669,ME,OC
11268,151.9,105320,2602,MD,SC
11269,151.9,105321,2347,EE,ST
11270,151.9,105324,1517,IT,OC
11271,151.9,105325,2613,ME,OC
11272,151.9,105326,3817,CS,BC
11273,151.9,105327,4964,MU,OC
11274,151.9,105331,2723,EC,BCM
11275,151.9,105332,1015,ME,MBC
11276,151.9,105336,4680,ME,BC
11277,151.9,105337,2609,EE,OC
11278,151.9,105338,3806,EC,OC
11279,151.9,105340,2622,EC,SC
11280,151.9,105341,3805,AG,BC
11281,151.9,105342,5910,CS,SC
11282,151.9,105343,1319,CS,MBC
11283,151.9,105344,2752,EC,MBC
11284,151.9,105346,1408,EC,BC
11285,151.9,105347,2341,BM,OC
11286,151.9,105348,1150,AG,OC
11287,151.9,105349,2349,RM,OC
11288,151.9,105350,1335,EC,OC
11289,151.9,105352,1520,ME,OC
11290,151.9,105355,5010,CE,MBC
11291,151.8,105357,3760,AD,MBC
11292,151.8,105360,4965,EE,BC
11293,151.8,105361,3843,EC,OC
11294,151.8,105364,5,EI,MBC
11295,151.8,105365,1237,MZ,MBC
11296,151.8,105368,2729,MZ,BC
11297,151.8,105369,1158,MR,OC
11298,151.8,105370,5919,BT,SC
11299,151.8,105371,3812,CS,BC
11300,151.8,105373,3803,ME,BC
11301,151.8,105374,3829,ME,OC
11302,151.8,105377,1401,EC,BC
11303,151.8,105378,3829,EE,OC
11304,151.8,105382,1414,EC,SC
11305,151.8,105385,3454,AG,MBC
11306,151.8,105388,2702,BM,SC
11307,151.8,105390,1513,IT,BC
11308,151.8,105391,1325,ME,OC
11309,151.8,105392,1409,EC,BC
11310,151.8,105394,5536,EC,SCA
11311,151.8,105395,2607,ME,MBC
11312,151.8,105397,2704,MZ,MBC
11313,151.8,105398,1149,ME,MBC
11314,151.8,105399,5865,ME,OC
11315,151.8,105400,1303,AG,OC
11316,151.8,105403,2652,EE,OC
11317,151.8,105404,2624,BM,BC
11318,151.8,105405,2708,MZ,MBC
11319,151.8,105406,4964,CS,BC
11320,151.8,105407,3813,CS,OC
11321,151.8,105408,2708,CH,MBC
11322,151.8,105409,4670,ME,BC
11323,151.8,105411,2610,CY,BC
11324,151.8,105412,2624,BT,SC
11325,151.8,105414,3829,CS,MBC
11326,151.8,105415,3701,CE,BC
11327,151.8,105419,2611,FD,MBC
11328,151.8,105423,2705,EC,OC
11329,151.8,105424,1110,BT,MBC
11330,151.8,105425,3805,EC,MBC
11331,151.8,105427,4969,CE,OC
11332,151.8,105428,3806,EC,MBC
11333,151.8,105429,3019,EE,SC
11334,151.8,105433,5902,ME,OC
11335,151.8,105439,4934,CS,MBC
11336,151.8,105441,1110,CS,SC
11337,151.8,105442,2707,CS,SC
11338,151.8,105443,4670,EE,BC
11339,151.8,105445,3805,ME,OC
11340,151.8,105446,2632,EE,OC
11341,151.8,105449,2707,CS,SC
11342,151.8,105450,2636,EC,SC
11343,151.8,105451,1217,FD,BC
11344,151.8,105452,3786,EE,OC
11345,151.8,105454,5022,ME,BCM
11346,151.8,105465,2725,EE,SC
11347,151.8,105468,4955,EE,MBC
11348,151.8,105470,3016,ME,OC
11349,151.8,105471,2610,ME,OC
11350,151.8,105473,2750,ME,SC
11351,151.8,105482,2639,ME,OC
11352,151.8,105488,2651,AD,BC
11353,151.8,105489,5910,BM,SC
11354,151.8,105490,2726,ME,MBC
11355,151.8,105494,4964,AE,OC
11356,151.8,105497,2609,CH,OC
11357,151.8,105498,2630,ME,OC
11358,151.8,105500,3461,CS,OC
11359,151.8,105508,2347,EE,MBC
11360,151.8,105509,2625,EE,OC
11361,151.8,105511,2634,AG,BC
11362,151.8,105512,5832,EC,BC
11363,151.8,105513,1212,BM,OC
11364,151.8,105514,2609,CY,MBC
11365,151.8,105515,3806,EC,MBC
11366,151.8,105516,4996,CS,OC
11367,151.8,105518,3786,EE,OC
11368,151.8,105521,2776,CE,OC
11369,151.8,105522,4953,EC,OC
11370,151.8,105524,2705,CS,MBC
11371,151.8,105527,1509,ME,OC
11372,151.8,105530,4965,EE,BC
11373,151.8,105532,3806,ME,OC
11374,151.8,105538,2627,ME,OC
11375,151.8,105539,1140,ME,BC
11376,151.8,105540,1452,EC,SC
11377,151.8,105541,2328,ME,OC
11378,151.8,105542,5017,EE,OC
11379,151.8,105543,2776,CS,ST
11380,151.8,105545,4980,CS,BC
11381,151.8,105549,2750,EE,ST
11382,151.8,105554,2648,CS,BC
11383,151.8,105557,2328,ME,OC
11384,151.8,105560,1205,CS,OC
11385,151.8,105561,5935,EC,BC
11386,151.8,105562,3829,EC,BCM
11387,151.8,105563,2347,ME,OC
11388,151.8,105564,2715,CH,OC
11389,151.7,105572,2640,AD,OC
11390,151.7,105579,5532,CE,BC
11391,151.7,105580,2611,EC,BC
11392,151.7,105582,2723,ME,BC
11393,151.7,105584,1316,MZ,BC
11394,151.7,105585,1230,ME,OC
11395,151.7,105587,2632,CS,MBC
11396,151.7,105589,5832,ME,OC
11397,151.7,105592,1218,BM,OC
11398,151.7,105593,3701,ME,BC
11399,151.7,105595,2750,EC,MBC
11400,151.7,105597,2628,CS,BC
11401,151.7,105599,1126,AD,SC
11402,151.7,105600,2630,EC,SC
11403,151.7,105601,1115,AD,SC
11404,151.7,105603,4672,EE,OC
11405,151.7,105605,1504,CH,OC
11406,151.7,105606,5017,XC,OC
11407,151.7,105608,5904,ME,BC
11408,151.7,105609,4670,ME,MBC
11409,151.7,105610,1126,CS,MBC
11410,151.7,105611,4676,EC,BC
11411,151.7,105612,3905,EC,SC
11412,151.7,105619,1422,CE,SC
11413,151.7,105620,5902,ME,OC
11414,151.7,105621,2327,CS,MBC
11415,151.7,105622,4970,EC,OC
11416,151.7,105623,1405,ME,OC
11417,151.7,105624,1101,IT,BC
11418,151.7,105625,1319,IT,BC
11419,151.7,105626,4024,CE,BC
11420,151.7,105627,4981,ME,BC
11421,151.7,105628,1013,ME,BC
11422,151.7,105629,4976,AG,OC
11423,151.7,105632,3807,ME,OC
11424,151.7,105633,2606,EC,OC
11425,151.7,105634,2617,EC,OC
11426,151.7,105636,3826,AD,ST
11427,151.7,105637,1412,EC,OC
11428,151.7,105639,3918,CE,OC
11429,151.7,105640,1126,AD,SC
11430,151.7,105641,2642,EE,OC
11431,151.7,105642,4954,EC,SC
11432,151.7,105643,5022,ME,MBC
11433,151.7,105647,4670,EE,BC
11434,151.7,105648,4980,CE,OC
11435,151.7,105650,1324,ME,SC
11436,151.7,105651,3786,EE,OC
11437,151.7,105653,1127,CH,OC
11438,151.7,105655,1507,EC,OC
11439,151.7,105656,1014,CE,SC
11440,151.7,105657,1421,CS,SC
11441,151.7,105658,5902,CS,OC
11442,151.7,105660,2630,EC,BC
11443,151.7,105661,2706,AU,SC
11444,151.7,105662,2613,SF,OC
11445,151.7,105663,3805,CS,SC
11446,151.7,105665,2601,BM,MBC
11447,151.7,105666,2624,BM,BC
11448,151.7,105667,2640,AD,OC
11449,151.7,105669,3795,ME,BC
11450,151.7,105674,3018,EC,BCM
11451,151.7,105677,2705,IT,BC
11452,151.7,105680,1207,AD,MBC
11453,151.7,105681,2347,ME,OC
11454,151.7,105682,2610,IT,SCA
11455,151.7,105686,3829,EE,OC
11456,151.7,105688,4023,XM,OC
11457,151.7,105690,2345,CS,BC
11458,151.7,105693,1442,BM,BC
11459,151.7,105694,4968,CS,OC
11460,151.7,105698,2749,AD,BC
11461,151.7,105699,3021,ME,OC
11462,151.7,105700,2727,CS,SC
11463,151.7,105701,2609,IT,BCM
11464,151.7,105704,3786,AE,SC
11465,151.7,105706,1207,CS,BC
11466,151.7,105709,1501,EE,OC
11467,151.7,105710,4917,EE,MBC
11468,151.7,105711,3830,EC,SC
11469,151.7,105712,2643,CS,SC
11470,151.7,105713,2657,BT,BC
11471,151.6,105715,4993,BM,BC
11472,151.6,105716,2328,EE,BC
11473,151.6,105719,5902,IT,MBC
11474,151.6,105721,2705,EC,BC
11475,151.6,105724,2743,AG,SC
11476,151.6,105725,1127,EC,BC
11477,151.6,105726,3806,EC,BC
11478,151.6,105727,1420,AE,MBC
11479,151.6,105729,1116,CS,SC
11480,151.6,105730,2707,XM,OC
11481,151.6,105732,1412,EC,OC
11482,151.6,105734,2707,CH,BC
11483,151.6,105735,2602,MD,SC
11484,151.6,105736,2636,CS,SC
11485,151.6,105739,1414,ME,BC
11486,151.6,105742,1519,IT,BC
11487,151.6,105743,3803,IT,MBC
11488,151.6,105744,5904,EE,BCM
11489,151.6,105745,2610,EE,MBC
11490,151.6,105749,2627,CS,MBC
11491,151.6,105750,3410,ME,OC
11492,151.6,105752,5901,ME,SCA
11493,151.6,105753,2707,EI,SC
11494,151.6,105755,4944,CS,SC
11495,151.6,105757,1202,IT,SC
11496,151.6,105759,2747,EC,BC
11497,151.6,105760,1202,EE,OC
11498,151.6,105770,2657,SF,OC
11499,151.6,105771,3806,EC,BC
11500,151.6,105773,1221,CS,SC
11501,151.6,105774,2629,MD,OC
11502,151.6,105775,3462,CS,BC
11503,151.6,105776,2643,CS,SC
11504,151.6,105777,5530,CE,OC
11505,151.6,105778,4928,ME,OC
11506,151.6,105779,1231,EC,SC
11507,151.6,105781,2707,BM,SC
11508,151.6,105785,1304,ME,SC
11509,151.6,105786,3425,EC,BC
11510,151.6,105787,2611,CS,SCA
11511,151.6,105788,3819,EE,SC
11512,151.6,105791,4928,ME,OC
11513,151.6,105796,1310,ME,OC
11514,151.6,105797,5010,ME,MBC
11515,151.6,105798,1123,CS,BCM
11516,151.6,105799,4864,EE,OC
11517,151.6,105801,2642,CE,OC
11518,151.6,105807,2751,AD,MBC
11519,151.6,105808,2719,ME,SC
11520,151.6,105809,3804,CS,MBC
11521,151.6,105810,2739,CB,SC
11522,151.6,105811,1441,CS,OC
11523,151.6,105812,5,MM,MBC
11524,151.6,105814,2776,CE,OC
11525,151.6,105817,3825,CS,BC
11526,151.6,105819,3807,CS,MBC
11527,151.6,105820,3806,EE,MBC
11528,151.6,105821,3805,PH,BCM
11529,151.6,105823,4992,ME,OC
11530,151.6,105824,1319,EC,OC
11531,151.6,105825,3825,EC,BC
11532,151.6,105826,1118,EE,SC
11533,151.6,105829,2707,EE,MBC
11534,151.6,105831,1233,CE,MBC
11535,151.6,105832,5913,EC,OC
11536,151.6,105833,3826,CS,SCA
11537,151.6,105834,2633,CS,OC
11538,151.6,105835,2302,AG,MBC
11539,151.6,105837,2611,ME,OC
11540,151.6,105839,3817,CS,SC
11541,151.6,105840,1325,ME,OC
11542,151.6,105841,1101,IT,BC
11543,151.6,105843,1424,EC,BC
11544,151.6,105844,3841,ME,OC
11545,151.6,105846,2601,CE,OC
11546,151.6,105847,2609,CY,MBC
11547,151.6,105849,3805,ME,OC
11548,151.6,105851,4917,ME,OC
11549,151.6,105853,1316,MU,OC
11550,151.6,105855,2623,IT,BC
11551,151.6,105856,5919,CS,OC
11552,151.6,105858,1310,AD,SC
11553,151.6,105860,2707,EI,SC
11554,151.6,105861,4966,CS,MBC
11555,151.6,105863,5988,EC,BC
11556,151.6,105864,3905,EC,SC
11557,151.6,105866,2632,IT,BC
11558,151.6,105867,4969,CS,MBC
11559,151.6,105868,3829,IT,MBC
11560,151.6,105870,4672,CS,MBC
11561,151.6,105874,2636,CS,BC
11562,151.6,105875,1123,IT,BC
11563,151.6,105877,4953,CS,BC
11564,151.6,105878,1116,EC,MBC
11565,151.6,105881,1424,EC,BC
11566,151.6,105885,2751,EC,MBC
11567,151.6,105885,2764,CS,SCA
11568,151.6,105887,1322,AE,OC
11569,151.6,105888,1101,CS,MBC
11570,151.6,105895,3908,CS,SC
11571,151.6,105897,2683,AG,OC
11572,151.6,105899,4982,ME,OC
11573,151.6,105900,2739,EC,SC
11574,151.6,105902,2702,SE,SC
11575,151.6,105903,2708,AE,MBC
11576,151.6,105904,1436,CS,OC
11577,151.6,105905,5910,IT,SC
11578,151.6,105907,2609,EC,BC
11579,151.6,105908,2639,EC,BC
11580,151.6,105910,2611,CY,SC
11581,151.5,105915,1309,CE,BC
11582,151.5,105916,4024,ME,SC
11583,151.5,105917,1210,ME,SC
11584,151.5,105921,1441,ME,OC
11585,151.5,105922,5865,EC,BC
11586,151.5,105923,4933,CS,BC
11587,151.5,105925,2749,CS,BC
11588,151.5,105926,4024,ME,BC
11589,151.5,105928,1115,AD,BC
11590,151.5,105929,4917,EE,BC
11591,151.5,105930,1525,CS,OC
11592,151.5,105933,4967,ME,OC
11593,151.5,105936,3410,CS,SC
11594,151.5,105939,4949,MZ,OC
11595,151.5,105940,5904,ME,BC
11596,151.5,105945,2625,IT,OC
11597,151.5,105946,3918,CS,MBC
11598,151.5,105948,2648,EE,OC
11599,151.5,105949,1412,CE,OC
11600,151.5,105950,4971,CS,SC
11601,151.5,105951,1225,EE,BC
11602,151.5,105955,3410,EE,OC
11603,151.5,105956,5865,ME,OC
11604,151.5,105958,2744,ME,OC
11605,151.5,105959,2614,CS,OC
11606,151.5,105961,2602,MD,BC
11607,151.5,105962,2345,AD,BCM
11608,151.5,105967,2607,TX,BC
11609,151.5,105968,3817,CS,MBC
11610,151.5,105970,1118,EE,SC
11611,151.5,105972,1412,CS,BC
11612,151.5,105974,1216,EC,SC
11613,151.5,105977,1149,ME,MBC
11614,151.5,105978,2613,CE,OC
11615,151.5,105979,2708,AU,BC
11616,151.5,105980,2610,BM,SCA
11617,151.5,105984,2743,AD,MBC
11618,151.5,105985,5901,ME,SCA
11619,151.5,105986,4959,CE,MBC
11620,151.5,105987,2755,CE,OC
11621,151.5,105988,2611,EC,BC
11622,151.5,105992,5017,XC,OC
11623,151.5,105998,4944,EC,BC
11624,151.5,106002,2603,ME,SCA
11625,151.5,106003,5017,EE,OC
11626,151.5,106009,2704,MZ,MBC
11627,151.5,106011,3830,EC,MBC
11628,151.5,106021,2726,FD,MBC
11629,151.5,106024,2726,AL,SC
11630,151.5,106030,1317,ME,SC
11631,151.5,106034,1319,AD,BCM
11632,151.5,106037,1118,ME,MBC
11633,151.5,106041,3830,EC,SCA
11634,151.5,106042,3819,IC,MBC
11635,151.5,106043,4972,EC,BC
11636,151.5,106046,5986,EC,SC
11637,151.5,106053,1140,ME,BC
11638,151.5,106056,2706,IT,SCA
11639,151.5,106057,3908,CE,OC
11640,151.5,106072,4917,EE,BC
11641,151.5,106073,2716,GI,OC
11642,151.5,106076,2711,EC,SC
11643,151.5,106077,1523,CS,BC
11644,151.5,106078,1126,EC,OC
11645,151.5,106081,1127,CH,OC
11646,151.5,106082,1217,EC,BC
11647,151.5,106084,1422,EE,SC
11648,151.5,106085,2744,EC,BC
11649,151.5,106086,2659,BM,SC
11650,151.5,106089,2719,ME,SC
11651,151.5,106091,3011,XM,OC
11652,151.5,106092,1127,CS,SC
11653,151.5,106098,3701,ME,MBC
11654,151.5,106099,2611,EE,BC
11655,151.5,106100,1523,IT,SC
11656,151.5,106101,2641,CS,OC
11657,151.5,106105,3804,CS,BC
11658,151.5,106106,1309,ME,BCM
11659,151.5,106107,3760,EC,OC
11660,151.5,106108,2769,CS,MBC
11661,151.5,106109,2611,AG,MBC
11662,151.5,106110,1202,IT,SC
11663,151.5,106111,4669,EC,BCM
11664,151.5,106112,5022,ME,BC
11665,151.5,106113,2729,ME,OC
11666,151.5,106115,4929,EC,OC
11667,151.5,106116,3801,ME,BC
11668,151.5,106118,2750,EE,MBC
11669,151.5,106123,1409,EC,SC
11670,151.5,106124,2609,EC,MBC
11671,151.5,106125,1216,ME,BCM
11672,151.5,106126,5919,BT,BC
11673,151.5,106127,2707,CJ,SC
11674,151.5,106128,4953,EC,OC
11675,151.5,106131,2719,CE,SC
11676,151.5,106133,1401,EC,MBC
11677,151.5,106135,2329,ME,BC
11678,151.5,106138,2710,EC,SC
11679,151.5,106139,2628,CS,BC
11680,151.5,106140,3801,ME,MBC
11681,151.5,106141,5935,EE,OC
11682,151.5,106142,5921,CB,BC
11683,151.5,106143,2755,AE,BCM
11684,151.5,106145,2618,EE,SCA
11685,151.5,106146,4954,EC,SC
11686,151.5,106147,2342,ME,OC
11687,151.5,106148,3843,EC,OC
11688,151.5,106150,2749,CS,BC
11689,151.5,106151,2622,EC,SC
11690,151.5,106152,3806,EC,BC
11691,151.5,106154,5910,ME,SC
11692,151.5,106155,5935,EC,MBC
11693,151.5,106156,2770,CS,OC
11694,151.5,106159,5862,AG,BCM
11695,151.5,106160,5022,EE,SC
11696,151.5,106163,1216,EI,MBC
11697,151.5,106165,1401,IT,SC
11698,151.5,106167,5910,CE,SC
11699,151.5,106170,2657,EC,OC
11700,151.5,106171,4953,CS,BC
11701,151.5,106172,2743,AD,MBC
11702,151.5,106174,1408,ME,OC
11703,151.5,106176,2610,ME,OC
11704,151.5,106182,2357,ME,BC
11705,151.5,106183,5919,BT,SC
11706,151.5,106184,5910,IT,SC
11707,151.5,106188,2342,ME,OC
11708,151.4,106196,2659,CS,MBC
11709,151.4,106197,3466,EE,OC
11710,151.4,106198,2715,ME,OC
11711,151.4,106199,3908,CS,BC
11712,151.4,106200,3462,CS,MBC
11713,151.4,106203,3821,CS,OC
11714,151.4,106206,2354,CS,MBC
11715,151.4,106207,4024,CE,MBC
11716,151.4,106208,3817,BT,OC
11717,151.4,106209,3806,EC,MBC
11718,151.4,106211,2642,EE,OC
11719,151.4,106214,1421,EE,OC
11720,151.4,106215,1408,EC,BC
11721,151.4,106218,1207,BM,BC
11722,151.4,106219,3820,CS,OC
11723,151.4,106221,2627,CS,SC
11724,151.4,106224,2643,CS,MBC
11725,151.4,106226,2661,IT,SC
11726,151.4,106228,2347,CS,SC
11727,151.4,106229,3831,CS,MBC
11728,151.4,106230,1202,IT,SC
11729,151.4,106232,4969,CS,BC
11730,151.4,106234,2743,FD,OC
11731,151.4,106235,2743,AG,BC
11732,151.4,106236,4995,CS,OC
11733,151.4,106237,4024,ME,BC
11734,151.4,106238,4999,CS,BC
11735,151.4,106239,5022,CS,SCA
11736,151.4,106241,4933,CE,OC
11737,151.4,106242,1442,BM,MBC
11738,151.4,106244,4983,AE,OC
11739,151.4,106245,2609,EC,BC
11740,151.4,106247,5990,CS,SC
11741,151.4,106248,3806,BM,BC
11742,151.4,106250,2749,IT,BCM
11743,151.4,106251,4993,EC,OC
11744,151.4,106255,3018,EE,OC
11745,151.4,106257,2651,ME,OC
11746,151.4,106259,2610,EE,MBC
11747,151.4,106260,4953,CS,BC
11748,151.4,106263,4967,CS,MBC
11749,151.4,106266,5703,CS,MBC
11750,151.4,106267,5911,CS,BC
11751,151.4,106268,5915,EC,OC
11752,151.4,106271,2747,EC,BC
11753,151.4,106272,4965,EE,BC
11754,151.4,106276,3456,BM,OC
11755,151.4,106277,2345,AD,SC
11756,151.4,106278,1127,AE,OC
11757,151.4,106281,3016,ME,OC
11758,151.4,106283,2614,PC,OC
11759,151.4,106284,5904,ME,BC
11760,151.4,106285,2630,ME,MBC
11761,151.4,106286,1405,EC,MBC
11762,151.4,106288,2621,EC,BC
11763,151.4,106289,1217,EC,BC
11764,151.4,106290,2613,EE,MBC
11765,151.4,106291,2650,EC,OC
11766,151.4,106292,3782,EC,OC
11767,151.4,106294,2627,CS,MBC
11768,151.4,106295,3829,ME,OC
11769,151.4,106298,2726,CE,BC
11770,151.4,106300,1225,EE,SCA
11771,151.4,106301,1233,AD,SC
11772,151.4,106302,3786,ME,OC
11773,151.4,106303,4680,EE,BC
11774,151.4,106306,2327,CS,SC
11775,151.4,106309,5703,EC,OC
11776,151.4,106310,2613,CS,SC
11777,151.4,106313,1504,CE,OC
11778,151.4,106314,3829,IT,SC
11779,151.4,106315,5502,EC,OC
11780,151.4,106316,3410,EE,OC
11781,151.4,106317,2610,ME,OC
11782,151.4,106318,2748,CS,OC
11783,151.4,106319,4675,CS,BC
11784,151.4,106320,2707,RM,BC
11785,151.4,106321,3806,CS,SC
11786,151.4,106322,2711,EE,SC
11787,151.4,106323,2725,IT,SC
11788,151.4,106324,5919,BT,SC
11789,151.4,106327,1421,CS,BC
11790,151.4,106328,3011,AU,BCM
11791,151.4,106334,3760,ME,OC
11792,151.4,106335,1309,EE,SC
11793,151.4,106337,5862,CS,SC
11794,151.4,106339,2729,ME,BC
11795,151.4,106340,1325,IT,SC
11796,151.4,106345,1510,CS,BC
11797,151.4,106346,2651,CS,BC
11798,151.4,106347,2601,ME,OC
11799,151.4,106348,3811,CS,BC
11800,151.4,106349,1442,AD,SC
11801,151.4,106351,2719,BM,SC
11802,151.4,106352,1114,EE,BC
11803,151.4,106354,2755,AE,MBC
11804,151.4,106357,3826,EC,SCA
11805,151.3,106362,1241,CS,BC
11806,151.3,106367,2723,ME,BC
11807,151.3,106371,3819,IC,MBC
11808,151.3,106372,2601,EE,MBC
11809,151.3,106377,3701,ME,BC
11810,151.3,106382,2609,CS,SC
11811,151.3,106383,1605,IT,OC
11812,151.3,106384,2609,CS,SC
11813,151.3,106385,2643,EC,OC
11814,151.3,106386,4957,CS,MBC
11815,151.3,106387,2610,EC,MBC
11816,151.3,106395,1123,CS,BC
11817,151.3,106396,3805,EE,BC
11818,151.3,106399,4933,EC,BC
11819,151.3,106400,2711,CE,SC
11820,151.3,106401,5532,EE,BC
11821,151.3,106402,5907,IT,BC
11822,151.3,106403,2762,CS,MBC
11823,151.3,106405,2707,CE,OC
11824,151.3,106406,1207,IT,MBC
11825,151.3,106408,1523,IT,BCM
11826,151.3,106411,3018,EE,OC
11827,151.3,106412,1519,IT,BC
11828,151.3,106414,2653,ME,MBC
11829,151.3,106415,4992,CS,BC
11830,151.3,106418,1430,EC,OC
11831,151.3,106419,1218,MZ,OC
11832,151.3,106420,2342,EC,SC
11833,151.3,106422,2659,ME,OC
11834,151.3,106423,2639,EC,MBC
11835,151.3,106424,3801,ME,MBC
11836,151.3,106426,5536,EC,BC
11837,151.3,106430,3805,CS,SC
11838,151.3,106431,2743,AD,MBC
11839,151.3,106432,2601,EC,BCM
11840,151.3,106435,1401,CS,BCM
11841,151.3,106437,1301,CS,SC
11842,151.3,106439,1228,CS,SC
11843,151.3,106440,3813,CS,OC
11844,151.3,106442,4675,CS,BC
11845,151.3,106443,3019,CE,MBC
11846,151.3,106444,4917,AG,SC
11847,151.3,106446,2710,ME,MBC
11848,151.3,106447,4955,ME,BC
11849,151.3,106448,2613,ME,BC
11850,151.3,106449,1216,ME,SC
11851,151.3,106450,4946,CS,SC
11852,151.3,106451,1509,EI,OC
11853,151.3,106453,2614,EC,OC
11854,151.3,106458,1319,AD,BC
11855,151.3,106459,1133,CS,OC
11856,151.3,106460,2642,IT,SC
11857,151.3,106463,2721,ME,OC
11858,151.3,106466,2632,IT,BC
11859,151.3,106469,1523,IT,BC
11860,151.3,106470,1523,CS,BC
11861,151.3,106474,2763,EC,BC
11862,151.3,106477,5914,CS,MBC
11863,151.3,106478,3782,EE,OC
11864,151.3,106479,1414,EC,BCM
11865,151.3,106480,1226,EE,OC
11866,151.3,106483,2328,BM,SC
11867,151.3,106484,1217,BM,BC
11868,151.3,106485,2360,CS,BC
11869,151.3,106486,1013,ME,BC
11870,151.3,106489,1504,ME,MBC
11871,151.3,106490,2708,AU,BC
11872,151.3,106493,1405,EC,BC
11873,151.3,106494,2707,CH,SC
11874,151.3,106495,2734,AD,SC
11875,151.3,106496,3806,EC,MBC
11876,151.3,106498,2651,ME,OC
11877,151.3,106499,4967,CS,BC
11878,151.3,106500,1513,CS,BC
11879,151.3,106503,1126,CS,BC
11880,151.3,106504,1401,EC,BC
11881,151.3,106505,2345,CS,BC
11882,151.3,106506,2708,AL,SC
11883,151.3,106507,2707,EE,SC
11884,151.3,106510,2609,IT,ST
11885,151.3,106518,1411,IT,MBC
11886,151.2,106527,4672,EC,BC
11887,151.2,106528,4672,CE,OC
11888,151.2,106529,1133,CS,OC
11889,151.2,106531,2727,AG,MBC
11890,151.2,106533,4954,ME,OC
11891,151.2,106534,3825,EE,OC
11892,151.2,106536,2632,CS,BC
11893,151.2,106538,2639,CS,SC
11894,151.2,106539,5942,ME,OC
11895,151.2,106541,4969,EE,OC
11896,151.2,106542,3815,EC,MBC
11897,151.2,106543,1431,IT,SC
11898,151.2,106546,2749,AD,MBC
11899,151.2,106547,1408,CS,SC
11900,151.2,106549,5935,CE,OC
11901,151.2,106550,1430,CS,OC
11902,151.2,106551,2613,EE,BC
11903,151.2,106553,1430,CS,OC
11904,151.2,106555,3810,CS,SC
11905,151.2,106560,5865,EC,MBC
11906,151.2,106561,1207,CS,MBC
11907,151.2,106563,3461,CS,OC
11908,151.2,106564,1150,AG,OC
11909,151.2,106567,3019,EC,SC
11910,151.2,106568,2743,EE,OC
11911,151.2,106571,2606,EC,OC
11912,151.2,106573,2302,ME,OC
11913,151.2,106576,2716,CS,MBC
11914,151.2,106577,2621,AE,OC
11915,151.2,106579,3908,CS,MBC
11916,151.2,106583,5532,ME,OC
11917,151.2,106584,4917,ME,OC
11918,151.2,106585,2632,CS,MBC
11919,151.2,106586,3806,IT,SC
11920,151.2,106588,5502,ME,OC
11921,151.2,106589,1441,CS,OC
11922,151.2,106590,1322,EC,SC
11923,151.2,106592,3844,BM,OC
11924,151.2,106593,2624,AG,OC
11925,151.2,106598,1426,CS,OC
11926,151.2,106601,4928,EC,BC
11927,151.2,106602,1225,ME,MBC
11928,151.2,106603,1412,CS,SC
11929,151.2,106605,2611,PU,OC
11930,151.2,106606,2610,ME,OC
11931,151.2,106607,1241,CS,BC
11932,151.2,106610,2347,AG,BC
11933,151.2,106612,3760,EC,OC
11934,151.2,106615,1238,EE,OC
11935,151.2,106616,1207,CS,MBC
11936,151.2,106618,1504,IT,SC
11937,151.2,106619,3018,ME,OC
11938,151.2,106621,2758,IT,SCA
11939,151.2,106623,3825,EE,OC
11940,151.2,106625,4917,EE,BC
11941,151.2,106628,5530,ME,OC
11942,151.2,106630,2354,EC,BC
11943,151.2,106633,1207,BM,SCA
11944,151.2,106634,1402,ME,OC
11945,151.2,106635,1101,ME,OC
11946,151.2,106638,3456,BM,OC
11947,151.2,106639,1230,EC,OC
11948,151.2,106640,4984,EE,OC
11949,151.2,106641,2710,EC,SC
11950,151.2,106642,2609,ME,OC
11951,151.2,106643,3810,CS,MBC
11952,151.2,106644,2611,ME,OC
11953,151.2,106645,2347,EE,MBC
11954,151.2,106648,5913,PD,OC
11955,151.2,106649,3018,EC,SC
11956,151.2,106652,3920,AD,OC
11957,151.2,106653,1411,AE,OC
11958,151.2,106655,2630,ME,SCA
11959,151.2,106656,2338,AG,OC
11960,151.2,106664,2710,EC,SC
11961,151.2,106666,1507,EC,OC
11962,151.2,106667,1401,EE,OC
11963,151.2,106670,5919,CS,OC
11964,151.2,106672,3701,CE,BC
11965,151.2,106673,3803,CS,SC
11966,151.2,106674,3825,ME,OC
11967,151.2,106675,2636,ME,OC
11968,151.2,106678,2761,EC,OC
11969,151.2,106679,1303,IT,MBC
11970,151.2,106681,1202,EE,OC
11971,151.2,106684,1125,CS,OC
11972,151.2,106690,1325,ME,OC
11973,151.2,106694,2634,AG,MBC
11974,151.2,106697,2328,EE,BC
11975,151.2,106698,1014,CE,BC
11976,151.2,106700,2711,EC,SC
11977,151.2,106701,4024,ME,SC
11978,151.2,106702,2345,EE,MBC
11979,151.2,106703,3805,ME,OC
11980,151.1,106705,2347,ME,OC
11981,151.1,106706,1238,EC,SC
11982,151.1,106707,3805,ME,OC
11983,151.1,106709,2636,EE,SC
11984,151.1,106710,1226,ME,OC
11985,151.1,106711,3806,EC,SC
11986,151.1,106713,2609,EC,MBC
11987,151.1,106716,3829,CS,MBC
11988,151.1,106717,1416,BM,OC
11989,151.1,106719,1319,IT,BC
11990,151.1,106721,2743,FD,OC
11991,151.1,106723,4023,ME,SC
11992,151.1,106727,3760,EC,OC
11993,151.1,106729,2748,CS,OC
11994,151.1,106730,2665,CS,OC
11995,151.1,106732,3905,EC,SC
11996,151.1,106734,1507,IT,MBC
11997,151.1,106736,2731,EC,SC
11998,151.1,106737,3410,ME,OC
11999,151.1,106738,3807,ME,OC
12000,151.1,106740,1505,EC,BC
12001,151.1,106741,2715,AG,SC
12002,151.1,106742,3466,EC,OC
12003,151.1,106746,2710,EC,SC
12004,151.1,106750,2661,CS,SC
12005,151.1,106751,2632,IT,SC
12006,151.1,106752,4965,EE,BC
12007,151.1,106753,1013,ME,SC
12008,151.1,106756,1509,CS,SC
12009,151.1,106757,4954,CS,MBC
12010,151.1,106758,1207,CS,SC
12011,151.1,106759,3815,ME,OC
12012,151.1,106760,1519,CE,OC
12013,151.1,106761,2707,BM,MBC
12014,151.1,106762,1209,IT,OC
12015,151.1,106765,1412,IT,BC
12016,151.1,106771,1322,FD,BC
12017,151.1,106775,1222,EE,OC
12018,151.1,106777,1517,IT,OC
12019,151.1,106779,4980,CE,OC
12020,151.1,106781,2743,BM,BC
12021,151.1,106783,2627,EE,OC
12022,151.1,106785,2622,ME,BC
12023,151.1,106787,4965,ME,MBC
12024,151.1,106791,2611,EC,SC
12025,151.1,106793,1216,EC,SC
12026,151.1,106795,2750,AD,SC
12027,151.1,106798,2726,AU,OC
12028,151.1,106799,3920,EE,OC
12029,151.1,106800,2610,EC,MBC
12030,151.1,106808,1217,FD,SC
12031,151.1,106809,3803,CE,OC
12032,151.1,106810,2632,CS,BC
12033,151.1,106813,1106,CS,MBC
12034,151.1,106815,2624,IT,MBC
12035,151.1,106816,4917,EE,MBC
12036,151.1,106820,2602,EC,OC
12037,151.1,106821,4676,ME,OC
12038,151.1,106826,1523,CS,BC
12039,151.1,106827,5832,CE,OC
12040,151.1,106828,4944,EC,BC
12041,151.1,106830,1316,AO,SC
12042,151.1,106831,3825,CS,MBC
12043,151.1,106832,2707,ME,BC
12044,151.1,106834,4957,EC,OC
12045,151.1,106835,4992,CS,BC
12046,151.1,106838,2639,ME,OC
12047,151.1,106841,1217,EC,SC
12048,151.1,106842,1237,EC,SC
12049,151.1,106844,2768,CS,BC
12050,151.1,106845,1137,CS,BCM
12051,151.1,106847,1519,CS,OC
12052,151.1,106848,1421,CS,BC
12053,151.1,106849,4933,CS,BC
12054,151.1,106851,5022,CE,OC
12055,151.1,106853,1421,ME,OC
12056,151.1,106854,2636,AD,BC
12057,151.1,106855,2602,MD,MBC
12058,151.1,106856,2624,AG,OC
12059,151.1,106860,2659,EC,BC
12060,151.1,106863,4961,CS,OC
12061,151.1,106864,1207,IT,BC
12062,151.1,106865,1401,CS,SC
12063,151.1,106866,4993,AG,BC
12064,151.1,106869,4968,CS,OC
12065,151.1,106872,1237,MZ,BCM
12066,151.1,106873,4964,CS,BC
12067,151.1,106875,5930,EC,OC
12068,151.1,106876,3019,EC,SC
12069,151.1,106877,2717,AD,OC
12070,151.1,106880,1207,BM,MBC
12071,151.1,106883,2639,CS,MBC
12072,151.1,106884,2708,CE,BC
12073,151.1,106885,2727,FD,BCM
12074,151.1,106887,2729,EE,BC
12075,151.1,106888,4917,AG,BC
12076,151.1,106893,2624,EC,OC
12077,151.1,106894,3410,EC,BC
12078,151.1,106895,1231,EC,SC
12079,151.1,106896,1520,EC,BC
12080,151.1,106898,4928,ME,OC
12081,151.1,106900,4933,CS,SC
12082,151.1,106908,2611,EC,BC
12083,151.0,106910,3817,ME,OC
12084,151.0,106911,4996,CS,OC
12085,151.0,106912,2636,ME,OC
12086,151.0,106914,2652,EC,OC
12087,151.0,106916,4980,CE,OC
12088,151.0,106918,2601,CS,SC
12089,151.0,106919,2659,EC,MBC
12090,151.0,106920,3795,ME,BC
12091,151.0,106921,2647,IT,OC
12092,151.0,106922,3812,IT,SC
12093,151.0,106923,2608,EE,MBC
12094,151.0,106927,3425,EC,BC
12095,151.0,106933,2614,IT,OC
12096,151.0,106935,4976,AE,OC
12097,151.0,106938,3805,AG,MBC
12098,151.0,106939,3454,CS,BC
12099,151.0,106941,2707,CE,BC
12100,151.0,106943,1207,IT,SC
12101,151.0,106947,2632,CS,BC
12102,151.0,106949,5988,EC,BC
12103,151.0,106950,3805,EC,MBC
12104,151.0,106951,1216,EC,SC
12105,151.0,106952,5530,EC,SCA
12106,151.0,106955,1419,ME,SC
12107,151.0,106958,4953,ME,OC
12108,151.0,106959,3905,EC,SC
12109,151.0,106960,5865,EE,BC
12110,151.0,106961,2744,EE,OC
12111,151.0,106964,2743,EC,MBC
12112,151.0,106965,1512,CS,OC
12113,151.0,106966,2736,ME,BC
12114,151.0,106967,1228,EC,BC
12115,151.0,106968,3805,ME,OC
12116,151.0,106969,5913,EC,MBC
12117,151.0,106970,5017,EC,SC
12118,151.0,106972,4953,CS,BC
12119,151.0,106973,5703,CS,BC
12120,151.0,106975,2731,ME,OC
12121,151.0,106976,2607,CS,SC
12122,151.0,106979,3846,EC,OC
12123,151.0,106980,3833,CE,OC
12124,151.0,106981,2739,EC,SC
12125,151.0,106983,5910,CE,SC
12126,151.0,106985,3811,ME,OC
12127,151.0,106987,3454,AG,MBC
12128,151.0,106988,2328,CS,BCM
12129,151.0,106993,2611,EC,BC
12130,151.0,107006,2632,CS,BC
12131,151.0,107009,2776,CE,OC
12132,151.0,107010,4964,AE,OC
12133,151.0,107011,5530,EE,BC
12134,151.0,107013,1127,EC,SC
12135,151.0,107021,2727,AG,BCM
12136,151.0,107022,2710,CE,MBC
12137,151.0,107025,1325,EC,SC
12138,151.0,107037,1123,IT,BC
12139,151.0,107039,5703,EC,OC
12140,151.0,107040,3812,EC,OC
12141,151.0,107042,3810,IT,SC
12142,151.0,107044,5502,EC,OC
12143,151.0,107045,2621,ME,OC
12144,151.0,107046,1226,EE,OC
12145,151.0,107048,3019,EE,BC
12146,151.0,107049,4959,CS,SC
12147,151.0,107054,2734,MO,BC
12148,151.0,107059,2634,AD,BC
12149,151.0,107060,1127,EC,BC
12150,151.0,107068,3807,CS,SC
12151,151.0,107077,2345,CS,BC
12152,151.0,107081,1116,EC,BC
12153,151.0,107082,1221,CS,SC
12154,151.0,107088,1238,ME,OC
12155,151.0,107089,2620,EC,BC
12156,151.0,107092,1311,CE,MBC
12157,151.0,107093,3701,ME,BC
12158,151.0,107095,2601,CE,OC
12159,151.0,107096,2753,EC,OC
12160,151.0,107097,2708,BM,SC
12161,151.0,107100,2661,CS,MBC
12162,151.0,107101,2708,CH,MBC
12163,151.0,107103,1399,AD,ST
12164,151.0,107104,1210,EE,SC
12165,151.0,107105,1520,EE,OC
12166,151.0,107107,2345,AG,OC
12167,151.0,107111,2727,EE,MBC
12168,151.0,107112,1424,CS,MBC
12169,151.0,107113,3830,AL,MBC
12170,151.0,107114,2726,MZ,MBC
12171,151.0,107118,1306,EC,SC
12172,151.0,107123,2752,EE,OC
12173,151.0,107124,4968,CS,OC
12174,151.0,107127,3019,EC,SC
12175,151.0,107130,5022,ME,SC
12176,151.0,107131,2727,CE,OC
12177,151.0,107135,2736,ME,BC
12178,151.0,107137,1140,EC,SC
12179,151.0,107138,2614,CS,OC
12180,151.0,107139,1605,CS,SC
12181,151.0,107143,1401,EE,OC
12182,151.0,107144,2734,IT,SC
12183,151.0,107145,2732,CS,MBC
12184,151.0,107147,5919,EE,OC
12185,151.0,107148,3811,CS,MBC
12186,151.0,107149,1414,ME,MBC
12187,151.0,107150,5902,CE,OC
12188,151.0,107151,3821,CS,OC
12189,151.0,107153,1422,AG,SC
12190,151.0,107159,2632,CS,SC
12191,151.0,107162,2749,AG,OC
12192,151.0,107163,5913,TX,BC
12193,151.0,107164,2622,IT,SC
12194,151.0,107165,1217,BT,SC
12195,151.0,107167,2328,EE,BC
12196,151.0,107168,1233,ME,MBC
12197,151.0,107169,2609,EC,BC
12198,151.0,107171,2328,EE,BC
12199,151.0,107172,3826,EC,SC
12200,151.0,107174,5921,AD,BC
12201,151.0,107176,5536,ME,OC
12202,151.0,107181,2723,BM,SC
12203,151.0,107182,1309,CE,BC
12204,151.0,107185,1230,EC,OC
12205,151.0,107190,4984,ME,OC
12206,151.0,107194,1303,BT,SC
12207,151.0,107195,2314,AG,OC
12208,151.0,107198,2314,CS,MBC
12209,151.0,107199,1106,EI,OC
12210,151.0,107200,3805,EC,MBC
12211,151.0,107201,1127,CS,SC
12212,151.0,107203,3016,EE,BC
12213,151.0,107204,2314,EE,OC
12214,151.0,107205,4864,CE,OC
12215,151.0,107206,2747,EC,SCA
12216,151.0,107208,3462,CS,MBC
12217,151.0,107210,1319,CS,BC
12218,151.0,107212,3908,CS,BC
12219,151.0,107213,3825,CS,MBC
12220,151.0,107214,3821,ME,OC
12221,151.0,107215,2610,EE,BC
12222,150.9,107218,1231,EC,SC
12223,150.9,107220,3804,EC,OC
12224,150.9,107224,2613,CS,SC
12225,150.9,107226,3908,CS,BC
12226,150.9,107228,5907,CS,BC
12227,150.9,107229,2632,CS,BC
12228,150.9,107232,3805,ME,OC
12229,150.9,107233,2642,IT,BC
12230,150.9,107236,5990,CS,BCM
12231,150.9,107238,4969,EC,OC
12232,150.9,107239,3826,IT,SC
12233,150.9,107240,1114,EE,MBC
12234,150.9,107243,4980,EC,BC
12235,150.9,107244,3806,EC,BCM
12236,150.9,107245,2640,AD,OC
12237,150.9,107246,3805,ME,OC
12238,150.9,107247,2602,MD,MBC
12239,150.9,107250,3826,ME,BC
12240,150.9,107251,1127,EC,BC
12241,150.9,107252,2744,EC,BC
12242,150.9,107253,3805,ME,OC
12243,150.9,107256,5022,CE,OC
12244,150.9,107257,2712,TX,SC
12245,150.9,107260,3466,EE,OC
12246,150.9,107261,2715,AG,SC
12247,150.9,107262,2659,CS,BC
12248,150.9,107265,2639,IT,OC
12249,150.9,107266,1106,IT,BC
12250,150.9,107267,1114,CE,OC
12251,150.9,107268,2357,CS,SC
12252,150.9,107269,2683,BM,OC
12253,150.9,107270,2704,CE,BC
12254,150.9,107273,2342,EE,OC
12255,150.9,107276,1504,CH,OC
12256,150.9,107277,3806,EC,BC
12257,150.9,107278,1421,CS,SC
12258,150.9,107279,4676,EE,OC
12259,150.9,107280,4999,ME,OC
12260,150.9,107281,3803,EE,SC
12261,150.9,107286,2357,ME,BC
12262,150.9,107289,2769,CS,MBC
12263,150.9,107290,3806,BM,BC
12264,150.9,107292,4949,CE,OC
12265,150.9,107293,5536,EE,OC
12266,150.9,107294,4980,CS,BC
12267,150.9,107299,2734,EE,MBC
12268,150.9,107300,2327,EC,OC
12269,150.9,107301,2767,CS,OC
12270,150.9,107302,1217,FD,SC
12271,150.9,107303,3804,CS,BC
12272,150.9,107305,2328,ME,OC
12273,150.9,107306,4964,CE,OC
12274,150.9,107307,4965,CE,OC
12275,150.9,107308,3829,EE,OC
12276,150.9,107311,4928,ME,OC
12277,150.9,107314,1317,CE,SC
12278,150.9,107316,2610,EC,MBC
12279,150.9,107317,1127,EC,MBC
12280,150.9,107319,4964,CS,BC
12281,150.9,107320,1014,CE,MBC
12282,150.9,107321,3810,EE,OC
12283,150.9,107323,3804,CS,SC
12284,150.9,107325,2609,EE,OC
12285,150.9,107326,2632,EC,OC
12286,150.9,107327,1216,EE,SC
12287,150.9,107328,4964,AE,OC
12288,150.9,107329,4672,EE,OC
12289,150.9,107331,2753,BM,OC
12290,150.9,107333,2731,EE,SCA
12291,150.9,107334,3810,AD,SC
12292,150.9,107336,4996,CS,OC
12293,150.9,107338,2624,PH,SC
12294,150.9,107340,4995,CS,OC
12295,150.9,107341,4670,CS,SC
12296,150.9,107342,2763,CS,MBC
12297,150.8,107347,4949,CS,BCM
12298,150.8,107352,2624,EC,OC
12299,150.8,107354,4999,CE,OC
12300,150.8,107355,1523,CS,SC
12301,150.8,107360,2622,BT,MBC
12302,150.8,107362,3843,EC,BC
12303,150.8,107363,2329,ME,BC
12304,150.8,107364,2357,ME,MBC
12305,150.8,107367,3805,RM,OC
12306,150.8,107368,2327,EC,OC
12307,150.8,107370,1237,ME,MBC
12308,150.8,107372,2656,CE,MBC
12309,150.8,107373,3701,ME,MBC
12310,150.8,107375,1411,BT,OC
12311,150.8,107376,4933,EC,BC
12312,150.8,107377,3803,ME,BC
12313,150.8,107382,4994,EC,BC
12314,150.8,107386,3825,CS,SC
12315,150.8,107390,1106,EE,OC
12316,150.8,107391,2726,ME,BC
12317,150.8,107392,1421,CS,SC
12318,150.8,107393,1015,ME,BC
12319,150.8,107394,5703,CS,MBC
12320,150.8,107396,3018,ME,OC
12321,150.8,107397,2613,EE,MBC
12322,150.8,107398,1207,BM,MBC
12323,150.8,107401,2726,BM,MBC
12324,150.8,107404,4996,CS,OC
12325,150.8,107405,1207,IT,BC
12326,150.8,107407,1210,ME,MBC
12327,150.8,107410,3820,CS,OC
12328,150.8,107413,2651,FT,OC
12329,150.8,107422,3805,AE,OC
12330,150.8,107424,2729,EC,MBC
12331,150.8,107425,3843,EE,OC
12332,150.8,107429,2610,EE,BC
12333,150.8,107431,4024,GI,SC
12334,150.8,107432,2740,ME,MBC
12335,150.8,107433,4980,EC,SC
12336,150.8,107435,1114,ME,BC
12337,150.8,107438,4978,BT,OC
12338,150.8,107439,3806,CS,SC
12339,150.8,107442,4993,BM,SC
12340,150.8,107444,2630,CS,SC
12341,150.8,107446,3810,CS,BC
12342,150.8,107447,1421,EC,OC
12343,150.8,107449,1510,EE,OC
12344,150.8,107450,2624,AD,MBC
12345,150.8,107451,3830,AL,SC
12346,150.8,107452,1504,ME,BC
12347,150.8,107454,1123,IT,MBC
12348,150.8,107456,2704,IT,SCA
12349,150.8,107457,2622,ME,SCA
12350,150.8,107459,3826,CE,BC
12351,150.8,107461,2342,EC,MBC
12352,150.8,107462,2601,CS,SC
12353,150.8,107463,2743,AG,BC
12354,150.8,107464,2627,CS,SC
12355,150.8,107466,2741,CE,BC
12356,150.8,107468,1437,IT,OC
12357,150.8,107472,2743,AD,MBC
12358,150.8,107474,3803,CH,OC
12359,150.8,107476,2639,CS,MBC
12360,150.8,107479,2342,EC,MBC
12361,150.8,107484,1114,EE,BC
12362,150.8,107485,3810,AG,BC
12363,150.8,107486,4964,EC,OC
12364,150.8,107487,1116,EE,OC
12365,150.8,107488,2609,EC,MBC
12366,150.8,107489,3849,CS,OC
12367,150.8,107490,3786,AE,MBC
12368,150.8,107492,1238,BM,BC
12369,150.8,107494,3786,AE,MBC
12370,150.8,107495,2641,EE,OC
12371,150.8,107496,5502,EC,OC
12372,150.8,107499,5988,ME,OC
12373,150.8,107500,3810,EE,OC
12374,150.8,107503,1106,CS,SC
12375,150.8,107508,1442,BM,BC
12376,150.8,107509,4981,ME,BC
12377,150.8,107513,2614,ME,OC
12378,150.8,107514,2715,CH,MBC
12379,150.8,107516,2710,ME,MBC
12380,150.8,107517,5017,ME,OC
12381,150.8,107518,1207,IT,MBC
12382,150.8,107519,4670,ME,BC
12383,150.8,107520,5703,CS,MBC
12384,150.8,107521,4931,EC,OC
12385,150.8,107522,2705,CS,BC
12386,150.8,107523,2621,AE,MBC
12387,150.8,107524,1424,CS,BC
12388,150.8,107529,2601,BM,BC
12389,150.8,107530,1115,AD,BC
12390,150.8,107531,1421,CS,BC
12391,150.8,107533,1122,ME,MBC
12392,150.8,107534,2710,EC,SC
12393,150.8,107536,2741,ME,SC
12394,150.8,107537,2749,EC,OC
12395,150.8,107541,1126,CS,SC
12396,150.8,107542,1241,CS,BC
12397,150.8,107548,3826,EC,SC
12398,150.7,107550,1122,EC,SC
12399,150.7,107551,2651,EE,MBC
12400,150.7,107555,3019,EE,BC
12401,150.7,107558,2608,EC,MBC
12402,150.7,107559,2658,CS,OC
12403,150.7,107560,2347,ME,OC
12404,150.7,107562,3817,ME,OC
12405,150.7,107565,1122,CE,SC
12406,150.7,107566,1412,IT,SC
12407,150.7,107567,2610,EE,BC
12408,150.7,107568,3826,EE,SCA
12409,150.7,107569,2721,EC,BCM
12410,150.7,107570,1207,BM,BC
12411,150.7,107571,2768,CS,MBC
12412,150.7,107573,2609,CS,SCA
12413,150.7,107577,2661,IT,BC
12414,150.7,107578,1413,AD,SC
12415,150.7,107579,4970,CS,BC
12416,150.7,107581,2755,AG,BC
12417,150.7,107582,2750,CB,SC
12418,150.7,107583,5988,EC,BC
12419,150.7,107587,2716,EE,OC
12420,150.7,107590,1517,IT,OC
12421,150.7,107591,3701,ME,BCM
12422,150.7,107594,2329,EC,SC
12423,150.7,107595,3920,AD,OC
12424,150.7,107598,5536,CS,BC
12425,150.7,107599,3806,CS,SC
12426,150.7,107601,2620,CS,SC
12427,150.7,107602,2659,ME,OC
12428,150.7,107606,4931,CS,MBC
12429,150.7,107608,2601,CS,SC
12430,150.7,107610,3830,AL,MBC
12431,150.7,107611,2708,ME,MBC
12432,150.7,107613,1202,EE,OC
12433,150.7,107615,2610,EE,BC
12434,150.7,107616,3805,PH,MBC
12435,150.7,107619,3786,EE,OC
12436,150.7,107624,2342,EE,OC
12437,150.7,107625,4023,XM,OC
12438,150.7,107626,2623,IT,BC
12439,150.7,107627,4670,EE,BC
12440,150.7,107630,1412,CS,BC
12441,150.7,107633,3826,AG,ST
12442,150.7,107634,1127,CE,OC
12443,150.7,107638,2347,EE,MBC
12444,150.7,107639,1110,CS,SC
12445,150.7,107643,5,ME,BC
12446,150.7,107645,4962,CE,SC
12447,150.7,107646,1441,CS,OC
12448,150.7,107649,1110,CS,SC
12449,150.7,107653,2611,EC,BC
12450,150.7,107654,1230,EC,OC
12451,150.7,107655,2345,EC,OC
12452,150.7,107658,5703,EE,OC
12453,150.7,107661,4960,ME,SC
12454,150.7,107663,2367,AD,OC
12455,150.7,107664,1241,EC,OC
12456,150.7,107665,4978,EE,OC
12457,150.7,107666,4969,CS,BC
12458,150.7,107667,3812,CS,BC
12459,150.7,107669,5902,CS,OC
12460,150.7,107670,1311,EC,SC
12461,150.7,107671,1431,IT,SC
12462,150.7,107672,1207,EC,SC
12463,150.7,107674,5914,CS,BC
12464,150.7,107675,5532,ME,OC
12465,150.7,107676,5022,CE,MBC
12466,150.7,107680,5902,CS,OC
12467,150.7,107681,2338,BM,SC
12468,150.7,107685,2620,EE,SC
12469,150.7,107686,4944,EC,BC
12470,150.7,107687,2708,EE,SC
12471,150.7,107690,4955,EC,SC
12472,150.7,107691,3807,CS,SC
12473,150.7,107693,3908,ME,OC
12474,150.7,107694,3905,EC,SC
12475,150.7,107695,1133,CS,OC
12476,150.7,107696,3819,EE,SC
12477,150.7,107697,1209,EC,OC
12478,150.6,107700,5010,ME,MBC
12479,150.6,107705,4928,CE,OC
12480,150.6,107707,2727,BM,SCA
12481,150.6,107710,1407,ME,OC
12482,150.6,107711,3844,CS,OC
12483,150.6,107712,2629,MD,OC
12484,150.6,107714,2621,EC,BCM
12485,150.6,107716,2621,IT,MBC
12486,150.6,107719,2740,ME,SC
12487,150.6,107723,2607,BT,MBC
12488,150.6,107726,2609,EE,OC
12489,150.6,107727,2635,CS,OC
12490,150.6,107728,4959,EE,SC
12491,150.6,107731,2338,CS,OC
12492,150.6,107732,1413,AD,SC
12493,150.6,107733,2706,CE,MBC
12494,150.6,107735,3807,IT,MBC
12495,150.6,107738,1509,ME,OC
12496,150.6,107739,2636,EC,BC
12497,150.6,107740,2727,IT,SC
12498,150.6,107741,3701,CE,SC
12499,150.6,107742,2646,CS,BC
12500,150.6,107744,4994,CS,BC
12501,150.6,107745,5913,TX,BC
12502,150.6,107746,2636,ME,OC
12503,150.6,107749,2636,EE,BC
12504,150.6,107750,4670,AG,SC
12505,150.6,107751,3803,CS,SC
12506,150.6,107752,3806,EE,MBC
12507,150.6,107754,1519,IT,BC
12508,150.6,107755,2602,MD,SC
12509,150.6,107756,2707,BM,SC
12510,150.6,107758,2648,EC,OC
12511,150.6,107760,1226,ME,OC
12512,150.6,107763,4933,EC,BC
12513,150.6,107765,1217,EC,BC
12514,150.6,107766,1412,CS,MBC
12515,150.6,107768,3016,ME,SC
12516,150.6,107770,2650,CS,SC
12517,150.6,107773,1519,CS,OC
12518,150.6,107774,2609,CS,SC
12519,150.6,107778,3920,CS,MBC
12520,150.6,107779,2618,ME,MBC
12521,150.6,107780,3760,EC,OC
12522,150.6,107782,4961,ME,OC
12523,150.6,107783,2613,CE,OC
12524,150.6,107784,5930,EC,OC
12525,150.6,107785,2708,CE,MBC
12526,150.6,107786,4993,IT,OC
12527,150.6,107787,4953,CS,SC
12528,150.6,107789,3812,ME,OC
12529,150.6,107793,3804,CS,BC
12530,150.6,107794,2708,AU,MBC
12531,150.6,107795,5915,CS,BC
12532,150.6,107798,2610,RM,OC
12533,150.6,107799,1408,EC,BC
12534,150.6,107802,2704,EC,SC
12535,150.6,107805,5942,EC,OC
12536,150.6,107814,2726,CE,MBC
12537,150.6,107815,5703,CS,SC
12538,150.6,107816,2622,EC,SC
12539,150.6,107817,2624,AG,OC
12540,150.6,107821,1233,EE,BC
12541,150.6,107823,2747,CS,BC
12542,150.6,107825,1424,ME,OC
12543,150.6,107828,4957,CS,SC
12544,150.6,107829,2638,IT,MBC
12545,150.6,107830,2636,EE,SC
12546,150.6,107832,2338,BM,SC
12547,150.6,107833,2747,EE,OC
12548,150.6,107836,1431,ME,OC
12549,150.6,107837,1150,AG,OC
12550,150.6,107838,1237,MZ,BC
12551,150.6,107840,2745,EC,BC
12552,150.6,107842,3760,EC,OC
12553,150.6,107843,4978,ME,OC
12554,150.6,107845,2710,EC,SC
12555,150.6,107846,2740,AE,SC
12556,150.6,107847,1202,EC,BCM
12557,150.6,107848,2749,EC,OC
12558,150.6,107849,4964,CS,BC
12559,150.6,107851,3801,CS,SC
12560,150.6,107854,2727,FD,SCA
12561,150.6,107856,1504,ME,BCM
12562,150.6,107857,2636,ME,OC
12563,150.6,107859,4949,MU,OC
12564,150.6,107860,2609,ME,OC
12565,150.6,107865,1401,EC,BC
12566,150.6,107866,3829,EE,OC
12567,150.6,107868,1316,MU,OC
12568,150.5,107871,4962,CE,SC
12569,150.5,107872,3905,ME,OC
12570,150.5,107873,2636,EC,BC
12571,150.5,107874,1140,AD,SC
12572,150.5,107875,4957,CS,BC
12573,150.5,107876,1316,CH,BC
12574,150.5,107881,3908,ME,OC
12575,150.5,107882,3805,CE,OC
12576,150.5,107885,2621,EE,MBC
12577,150.5,107887,3805,EE,MBC
12578,150.5,107888,2707,IT,ST
12579,150.5,107889,2639,CS,SC
12580,150.5,107890,5924,EE,OC
12581,150.5,107891,3826,IT,SC
12582,150.5,107894,4928,ME,OC
12583,150.5,107895,5532,CE,BC
12584,150.5,107897,4023,CE,MBC
12585,150.5,107900,1505,CE,OC
12586,150.5,107901,2607,ME,BC
12587,150.5,107902,2623,CS,OC
12588,150.5,107905,2727,EE,MBC
12589,150.5,107906,1212,ME,OC
12590,150.5,107909,1015,ME,BC
12591,150.5,107911,1316,MU,OC
12592,150.5,107912,2749,AG,BC
12593,150.5,107914,3805,BM,MBC
12594,150.5,107919,1216,EC,SC
12595,150.5,107920,1510,CS,MBC
12596,150.5,107928,2651,AD,BC
12597,150.5,107930,1316,EE,SC
12598,150.5,107931,2609,EE,OC
12599,150.5,107933,1310,EE,BC
12600,150.5,107934,3829,CE,OC
12601,150.5,107937,4975,CS,BC
12602,150.5,107938,2723,BM,BCM
12603,150.5,107940,2624,CS,BC
12604,150.5,107942,3701,CE,BC
12605,150.5,107943,1422,CE,SC
12606,150.5,107944,2711,EC,SC
12607,150.5,107945,3466,CS,OC
12608,150.5,107950,2601,EE,BC
12609,150.5,107951,2710,EC,SC
12610,150.5,107954,5010,ME,MBC
12611,150.5,107962,2722,EE,SC
12612,150.5,107963,2608,EC,MBC
12613,150.5,107966,3920,AD,OC
12614,150.5,107967,3805,AO,OC
12615,150.5,107968,3795,EC,SC
12616,150.5,107984,3810,AD,MBC
12617,150.5,107992,3701,ME,BC
12618,150.5,107994,1317,EE,SC
12619,150.5,107996,3805,AE,BC
12620,150.5,108012,2702,EC,SC
12621,150.5,108016,2726,AU,OC
12622,150.5,108017,1120,CE,BCM
12623,150.5,108021,2628,CS,BC
12624,150.5,108022,1110,BT,BC
12625,150.5,108025,1126,AD,BC
12626,150.5,108027,2739,CO,SC
12627,150.5,108028,2712,FT,SC
12628,150.5,108029,1015,EE,MBC
12629,150.5,108031,5,EI,MBC
12630,150.5,108032,2628,CS,BC
12631,150.5,108034,1127,BT,BC
12632,150.5,108037,1140,ME,MBC
12633,150.5,108038,2641,EC,OC
12634,150.5,108039,2345,AD,MBC
12635,150.5,108040,4965,BM,SC
12636,150.5,108041,5986,IT,SCA
12637,150.5,108042,3848,CS,OC
12638,150.5,108044,5942,CS,SC
12639,150.5,108046,1401,CE,OC
12640,150.5,108048,2707,EC,SC
12641,150.5,108050,1307,BM,SCA
12642,150.5,108051,2707,CD,MBC
12643,150.5,108053,2329,XS,BC
12644,150.5,108055,2338,BM,MBC
12645,150.5,108056,3820,CS,BC
12646,150.5,108057,4023,EC,MBC
12647,150.5,108059,1421,EC,OC
12648,150.5,108062,1412,IT,BC
12649,150.5,108063,5530,EE,BC
12650,150.5,108066,5935,EC,BC
12651,150.5,108069,2328,EE,MBC
12652,150.5,108070,3905,ME,OC
12653,150.5,108071,3410,EE,OC
12654,150.5,108072,1605,EC,OC
12655,150.5,108073,2762,CE,OC
12656,150.5,108076,4972,CS,SCA
12657,150.5,108078,2611,EC,BC
12658,150.5,108079,2329,ME,BCM
12659,150.5,108081,4982,CS,OC
12660,150.5,108083,1233,EC,MBC
12661,150.5,108085,1207,BM,MBC
12662,150.5,108087,4686,ME,OC
12663,150.5,108088,2625,EE,OC
12664,150.5,108089,1605,CS,BC
12665,150.5,108091,1122,ME,MBC
12666,150.5,108092,2625,EE,OC
12667,150.5,108093,2752,CS,MBC
12668,150.5,108095,2643,CS,BC
12669,150.5,108096,2624,CS,MBC
12670,150.5,108099,4669,CS,MBC
12671,150.5,108100,1110,CS,SC
12672,150.5,108101,2629,MD,BC
12673,150.5,108102,4994,CS,BC
12674,150.5,108103,3782,EC,OC
12675,150.5,108104,2367,ME,OC
12676,150.5,108105,2769,PE,OC
12677,150.5,108107,5907,CS,BC
12678,150.5,108108,5703,CS,BC
12679,150.5,108109,2721,EE,MBC
12680,150.5,108110,4971,CS,SC
12681,150.5,108111,3805,ME,OC
12682,150.5,108112,1431,EC,BC
12683,150.5,108113,5832,EE,OC
12684,150.5,108116,1202,EC,MBC
12685,150.5,108119,3829,CS,BC
12686,150.4,108120,2713,ME,OC
12687,150.4,108121,2360,CS,SC
12688,150.4,108122,5865,ME,OC
12689,150.4,108123,3454,CS,BC
12690,150.4,108127,1229,CS,OC
12691,150.4,108128,5,CZ,SC
12692,150.4,108131,3810,CS,BC
12693,150.4,108132,1217,FD,MBC
12694,150.4,108137,2611,CS,SC
12695,150.4,108138,2755,AG,MBC
12696,150.4,108139,2613,ME,MBC
12697,150.4,108141,1114,CE,OC
12698,150.4,108149,1525,CS,OC
12699,150.4,108155,4946,ME,OC
12700,150.4,108156,2614,CS,OC
12701,150.4,108157,3854,CS,OC
12702,150.4,108159,3454,ME,OC
12703,150.4,108161,3812,CS,BC
12704,150.4,108162,4957,EC,OC
12705,150.4,108164,1233,ME,MBC
12706,150.4,108170,2610,EE,BC
12707,150.4,108171,2610,ME,OC
12708,150.4,108172,2608,ME,MBC
12709,150.4,108174,3410,ME,OC
12710,150.4,108175,3454,AG,MBC
12711,150.4,108176,1412,IT,BC
12712,150.4,108179,2327,CS,SC
12713,150.4,108181,3466,ME,OC
12714,150.4,108183,4944,EC,BC
12715,150.4,108184,3786,EE,OC
12716,150.4,108190,1243,CS,OC
12717,150.4,108191,1013,XM,OC
12718,150.4,108196,2609,EC,BC
12719,150.4,108197,3410,EE,OC
12720,150.4,108198,3829,CS,BC
12721,150.4,108200,2648,CS,SC
12722,150.4,108203,3466,ME,OC
12723,150.4,108208,4969,CS,BC
12724,150.4,108209,2624,BM,MBC
12725,150.4,108211,5912,ME,OC
12726,150.4,108213,4970,EC,OC
12727,150.4,108214,1441,EE,OC
12728,150.4,108215,4917,IT,SCA
12729,150.4,108216,1306,EC,SC
12730,150.4,108218,2634,CE,OC
12731,150.4,108221,4917,ME,OC
12732,150.4,108224,4949,CE,OC
12733,150.4,108225,2629,IT,BC
12734,150.4,108226,2704,MZ,MBC
12735,150.4,108228,3454,AG,BC
12736,150.4,108230,1452,ME,OC
12737,150.4,108231,4964,ME,OC
12738,150.4,108234,2702,EC,SC
12739,150.4,108235,1137,ME,OC
12740,150.4,108236,4978,BM,BC
12741,150.4,108237,5865,CE,MBC
12742,150.4,108238,1115,AD,MBC
12743,150.4,108240,2659,EC,BC
12744,150.4,108241,2661,EC,BC
12745,150.4,108244,2634,AD,SC
12746,150.4,108245,1523,CS,BC
12747,150.4,108251,2716,TX,OC
12748,150.4,108252,1137,CE,SC
12749,150.4,108253,3805,AE,BC
12750,150.4,108254,2683,CS,OC
12751,150.4,108256,3857,CS,OC
12752,150.4,108258,1510,CS,BCM
12753,150.4,108259,1412,CS,BC
12754,150.4,108261,4929,EC,OC
12755,150.4,108263,2707,CD,MBC
12756,150.4,108272,2762,EC,MBC
12757,150.4,108274,3825,EE,OC
12758,150.4,108275,3803,EC,SC
12759,150.4,108278,4984,CS,BC
12760,150.4,108281,1319,IT,MBC
12761,150.4,108283,1412,IT,BC
12762,150.4,108284,3806,EE,SC
12763,150.3,108286,3843,CE,OC
12764,150.3,108287,2636,EE,BC
12765,150.3,108288,2609,EE,OC
12766,150.3,108289,3849,IT,BCM
12767,150.3,108291,2683,EE,OC
12768,150.3,108292,1202,EC,MBC
12769,150.3,108294,2611,MC,SC
12770,150.3,108300,4959,ME,BC
12771,150.3,108301,2617,CS,MBC
12772,150.3,108303,2646,EE,OC
12773,150.3,108305,1426,IT,OC
12774,150.3,108306,2627,CS,MBC
12775,150.3,108307,4670,CE,BC
12776,150.3,108308,4994,ME,OC
12777,150.3,108310,1207,IT,BC
12778,150.3,108312,4989,IT,BC
12779,150.3,108315,1202,CS,SC
12780,150.3,108317,1233,ME,MBC
12781,150.3,108318,2711,CH,MBC
12782,150.3,108319,3018,EC,SC
12783,150.3,108320,5935,CS,BC
12784,150.3,108324,1412,EC,OC
12785,150.3,108326,2659,EE,OC
12786,150.3,108327,1202,EC,SC
12787,150.3,108328,3410,CS,BC
12788,150.3,108329,3811,CS,SC
12789,150.3,108330,4972,EC,BC
12790,150.3,108331,4955,CE,BC
12791,150.3,108332,4941,EE,OC
12792,150.3,108335,4944,EC,BC
12793,150.3,108336,5907,CS,MBC
12794,150.3,108339,5832,EC,BC
12795,150.3,108340,3918,CS,BCM
12796,150.3,108342,5862,BM,OC
12797,150.3,108343,2621,CE,OC
12798,150.3,108344,4964,CS,SC
12799,150.3,108345,4994,EE,OC
12800,150.3,108346,4978,BT,OC
12801,150.3,108347,3830,ME,SCA
12802,150.3,108348,2621,EC,BC
12803,150.3,108349,1513,IT,SC
12804,150.3,108351,2747,CS,BC
12805,150.3,108354,1504,CS,SC
12806,150.3,108356,4969,CS,SC
12807,150.3,108357,1412,EC,OC
12808,150.3,108358,1126,AD,BC
12809,150.3,108359,4980,CS,BC
12810,150.3,108360,1412,CS,SC
12811,150.3,108365,2613,EE,BC
12812,150.3,108368,3849,EC,OC
12813,150.3,108369,2745,EC,BC
12814,150.3,108371,1325,IT,SC
12815,150.3,108373,3831,ME,OC
12816,150.3,108375,4959,ME,BC
12817,150.3,108376,1504,CH,OC
12818,150.3,108377,1319,CS,MBC
12819,150.3,108378,1442,AD,SC
12820,150.3,108380,2750,AE,SC
12821,150.3,108384,4680,ME,BC
12822,150.3,108387,1126,AD,MBC
12823,150.3,108391,2602,EC,OC
12824,150.3,108392,2302,IT,SC
12825,150.3,108394,1311,EC,SC
12826,150.3,108403,1303,ME,OC
12827,150.3,108404,1233,ME,MBC
12828,150.3,108405,1207,RM,OC
12829,150.3,108408,2639,EC,SC
12830,150.3,108410,1322,EC,MBC
12831,150.3,108411,3425,CE,OC
12832,150.3,108414,1605,IT,OC
12833,150.3,108415,2607,IT,SC
12834,150.3,108418,2642,CS,BC
12835,150.3,108420,2314,EC,BC
12836,150.3,108421,2708,CE,BC
12837,150.3,108423,4999,AD,BC
12838,150.3,108425,4981,EE,MBC
12839,150.3,108426,3825,EC,MBC
12840,150.3,108429,2657,CS,SC
12841,150.3,108430,1413,ME,SC
12842,150.2,108438,4981,ME,BC
12843,150.2,108439,2360,CS,BC
12844,150.2,108441,4670,ME,BC
12845,150.2,108449,2632,CS,BC
12846,150.2,108451,1411,IT,MBC
12847,150.2,108452,4964,EC,OC
12848,150.2,108453,2624,FD,OC
12849,150.2,108455,1421,EC,OC
12850,150.2,108456,3846,CS,OC
12851,150.2,108457,3018,EE,OC
12852,150.2,108458,2630,ME,BC
12853,150.2,108461,3016,EE,BC
12854,150.2,108462,4983,CS,OC
12855,150.2,108463,2625,CS,OC
12856,150.2,108464,4953,CS,BC
12857,150.2,108469,2302,BM,MBC
12858,150.2,108470,2715,EE,ST
12859,150.2,108471,2659,ME,OC
12860,150.2,108473,3819,EE,MBC
12861,150.2,108474,5904,ME,BC
12862,150.2,108475,4980,CS,BC
12863,150.2,108478,2729,EE,BC
12864,150.2,108479,2347,EC,SC
12865,150.2,108482,4917,ME,OC
12866,150.2,108485,2620,EC,BC
12867,150.2,108492,2607,ME,BC
12868,150.2,108494,1412,EE,MBC
12869,150.2,108496,2632,CS,BC
12870,150.2,108497,3821,CS,OC
12871,150.2,108498,1324,EE,SC
12872,150.2,108500,2758,CS,SC
12873,150.2,108502,1401,EC,MBC
12874,150.2,108503,1441,ME,OC
12875,150.2,108505,2347,ME,OC
12876,150.2,108506,2636,CE,OC
12877,150.2,108507,2611,EC,SCA
12878,150.2,108508,2747,CS,BC
12879,150.2,108510,3425,CS,SCA
12880,150.2,108512,4978,BT,OC
12881,150.2,108513,1520,ME,OC
12882,150.2,108514,2772,CS,BCM
12883,150.2,108515,1520,IT,SC
12884,150.2,108518,2715,CH,MBC
12885,150.2,108522,3810,CS,MBC
12886,150.2,108524,2329,AD,SC
12887,150.2,108525,5910,IT,SC
12888,150.2,108526,5904,ME,BC
12889,150.2,108527,3811,CS,MBC
12890,150.2,108531,3806,EE,SC
12891,150.2,108532,2347,EE,SC
12892,150.2,108540,3016,CE,OC
12893,150.2,108541,2357,CE,BC
12894,150.2,108542,2610,EE,BC
12895,150.2,108543,2623,IT,BC
12896,150.2,108544,3826,AG,BC
12897,150.2,108546,1520,EC,BC
12898,150.2,108550,4670,ME,BC
12899,150.2,108552,1405,ME,OC
12900,150.2,108554,3018,EE,OC
12901,150.2,108556,1309,AD,SCA
12902,150.2,108557,2634,BM,SC
12903,150.2,108560,2653,ME,BC
12904,150.2,108561,5536,AG,BC
12905,150.2,108564,1114,ME,MBC
12906,150.2,108565,3807,EC,MBC
12907,150.2,108566,2628,CS,MBC
12908,150.2,108567,2611,EC,BC
12909,150.2,108568,4928,EE,OC
12910,150.2,108569,1507,IT,MBC
12911,150.2,108570,2602,EC,OC
12912,150.2,108571,2611,ME,OC
12913,150.2,108573,2618,IT,ST
12914,150.2,108574,3019,ME,OC
12915,150.2,108575,1426,CS,OC
12916,150.2,108576,2328,BM,BCM
12917,150.2,108578,4995,CS,OC
12918,150.2,108580,2657,EC,OC
12919,150.2,108583,2753,BM,OC
12920,150.2,108584,1431,EC,BC
12921,150.2,108585,2727,EE,MBC
12922,150.2,108586,3805,ME,OC
12923,150.2,108587,3760,AD,BC
12924,150.2,108588,2613,EE,MBC
12925,150.2,108589,4994,EC,BCM
12926,150.2,108590,5532,ME,OC
12927,150.2,108591,2609,EC,MBC
12928,150.2,108593,1137,EC,OC
12929,150.2,108594,1412,ME,OC
12930,150.2,108595,2740,EC,SC
12931,150.2,108596,1202,CS,SC
12932,150.2,108600,2025,EE,ST
12933,150.2,108602,2726,ME,BCM
12934,150.2,108604,2736,ME,BC
12935,150.2,108606,4965,ME,BC
12936,150.2,108607,3820,CS,BC
12937,150.2,108609,2661,CS,SC
12938,150.2,108610,5,IT,SCA
12939,150.2,108611,2647,IT,OC
12940,150.2,108612,2609,EE,OC
12941,150.2,108613,1237,MZ,BC
12942,150.2,108614,2753,BM,OC
12943,150.2,108617,3833,EC,BCM
12944,150.2,108619,2764,EC,SC
12945,150.2,108620,3812,CS,MBC
12946,150.2,108624,1101,ME,OC
12947,150.1,108631,1434,AE,OC
12948,150.1,108632,2628,CS,BC
12949,150.1,108634,3817,CS,BC
12950,150.1,108635,5904,ME,BC
12951,150.1,108639,2611,EC,BCM
12952,150.1,108643,2657,CS,MBC
12953,150.1,108644,1218,CS,SC
12954,150.1,108645,2659,BM,MBC
12955,150.1,108650,3016,ME,SC
12956,150.1,108652,4669,EC,BC
12957,150.1,108653,2726,AL,SC
12958,150.1,108654,2716,ME,OC
12959,150.1,108657,1212,PE,OC
12960,150.1,108659,2752,CS,SC
12961,150.1,108661,5865,ME,OC
12962,150.1,108662,4023,EC,MBC
12963,150.1,108664,5536,EE,OC
12964,150.1,108665,5919,CS,OC
12965,150.1,108670,5022,ME,BC
12966,150.1,108673,4931,EC,OC
12967,150.1,108674,2610,EE,MBC
12968,150.1,108676,3806,EC,BCM
12969,150.1,108677,1401,ME,OC
12970,150.1,108678,1207,EC,BC
12971,150.1,108683,3805,CH,OC
12972,150.1,108684,1407,EC,OC
12973,150.1,108687,4955,ME,BCM
12974,150.1,108693,1126,BM,BC
12975,150.1,108694,4680,CE,MBC
12976,150.1,108695,3760,EC,OC
12977,150.1,108696,2327,CS,BC
12978,150.1,108699,2630,EC,BC
12979,150.1,108701,2639,EC,MBC
12980,150.1,108702,1101,IT,SC
12981,150.1,108703,1405,CS,SC
12982,150.1,108704,2659,CS,BC
12983,150.1,108705,4969,CS,MBC
12984,150.1,108712,4933,ME,OC
12985,150.1,108713,2716,EC,BC
12986,150.1,108716,2704,CE,MBC
12987,150.1,108717,3805,ME,OC
12988,150.1,108718,2710,EE,SC
12989,150.1,108719,2723,MD,BC
12990,150.1,108720,1207,IT,MBC
12991,150.1,108721,1319,CS,BC
12992,150.1,108723,2705,CS,SC
12993,150.1,108724,2713,EC,BC
12994,150.1,108725,4965,EE,MBC
12995,150.1,108726,1126,EC,OC
12996,150.1,108730,1411,EC,OC
12997,150.1,108732,1122,CH,BCM
12998,150.1,108734,1301,ME,OC
12999,150.1,108736,4934,CS,MBC
13000,150.1,108739,3019,EC,SC
13001,150.1,108742,1525,CS,OC
13002,150.1,108743,1504,ME,SC
13003,150.1,108747,2711,EC,SC
13004,150.1,108748,1210,ME,SC
13005,150.1,108751,1501,EE,OC
13006,150.1,108752,2739,EC,SC
13007,150.1,108754,1137,CS,SC
13008,150.1,108755,2607,CE,MBC
13009,150.1,108756,2749,CS,BC
13010,150.1,108757,5,MM,BC
13011,150.1,108758,3806,CS,SC
13012,150.1,108760,2610,ME,OC
13013,150.1,108761,2610,BT,MBC
13014,150.1,108762,3760,AD,BC
13015,150.1,108763,3812,EC,OC
13016,150.1,108765,1503,ME,OC
13017,150.1,108766,4984,ME,OC
13018,150.1,108767,2357,IT,MBC
13019,150.1,108770,2708,CH,MBC
13020,150.1,108771,3805,CS,SC
13021,150.1,108772,1437,CS,OC
13022,150.0,108773,3829,IT,BC
13023,150.0,108774,4975,CS,MBC
13024,150.0,108775,4917,ME,OC
13025,150.0,108776,4675,CS,SC
13026,150.0,108777,3803,ME,BC
13027,150.0,108778,5910,CS,SCA
13028,150.0,108779,1421,ME,OC
13029,150.0,108781,2610,EC,MBC
13030,150.0,108783,4949,CS,MBC
13031,150.0,108784,2314,AG,OC
13032,150.0,108785,3814,CS,OC
13033,150.0,108786,2769,AD,MBC
13034,150.0,108787,2618,EC,SC
13035,150.0,108788,3786,AE,MBC
13036,150.0,108789,2601,ME,OC
13037,150.0,108791,5533,ME,OC
13038,150.0,108792,2665,CS,OC
13039,150.0,108793,1126,RM,OC
13040,150.0,108805,2614,EE,OC
13041,150.0,108806,2345,CS,BC
13042,150.0,108808,1301,CS,SC
13043,150.0,108809,1325,EC,BC
13044,150.0,108810,1218,MZ,OC
13045,150.0,108814,2610,EE,MBC
13046,150.0,108819,3810,AG,BC
13047,150.0,108821,2342,ME,OC
13048,150.0,108822,5912,ME,OC
13049,150.0,108825,3804,CS,BC
13050,150.0,108830,1303,CS,SC
13051,150.0,108832,2727,CS,SC
13052,150.0,108833,2607,FD,MBC
13053,150.0,108834,2726,EE,MBC
13054,150.0,108835,1303,EE,BC
13055,150.0,108836,2621,EC,BC
13056,150.0,108839,1319,CS,BC
13057,150.0,108846,1218,EC,OC
13058,150.0,108848,1217,CS,SC
13059,150.0,108849,1421,CS,SC
13060,150.0,108850,1014,CE,BC
13061,150.0,108853,2611,EE,BC
13062,150.0,108857,2743,AG,SC
13063,150.0,108859,3807,EC,MBC
13064,150.0,108860,3804,EC,OC
13065,150.0,108862,2636,EE,BC
13066,150.0,108864,4952,CS,OC
13067,150.0,108866,1526,CS,OC
13068,150.0,108867,2767,BM,OC
13069,150.0,108868,2611,EC,SC
13070,150.0,108869,2357,EE,MBC
13071,150.0,108871,3701,CE,BC
13072,150.0,108872,5,CH,BC
13073,150.0,108877,5,ME,BC
13074,150.0,108878,1409,EE,OC
13075,150.0,108880,2609,EC,MBC
13076,150.0,108883,5022,ME,BC
13077,150.0,108885,2764,BM,MBC
13078,150.0,108888,2643,CS,BC
13079,150.0,108889,5502,ME,OC
13080,150.0,108891,2620,CS,SC
13081,150.0,108899,4992,CS,BC
13082,150.0,108901,1405,AD,SC
13083,150.0,108920,1316,AD,SC
13084,150.0,108927,1325,ME,OC
13085,150.0,108955,1014,CE,SC
13086,150.0,108960,2739,CO,SC
13087,150.0,108962,2702,CE,SC
13088,150.0,108970,4969,CS,BC
13089,150.0,108971,2314,CS,SC
13090,150.0,108972,4931,CS,BC
13091,150.0,108973,1519,CS,OC
13092,150.0,108975,2721,IC,MBC
13093,150.0,108976,2610,BT,BC
13094,150.0,108977,2634,CS,BC
13095,150.0,108980,4959,CS,SC
13096,150.0,108981,2624,CS,BC
13097,150.0,108984,2710,EE,SCA
13098,150.0,108988,1128,CS,ST
13099,150.0,108994,3011,XC,BCM
13100,150.0,109000,1309,CE,BC
13101,150.0,109002,2702,EI,SC
13102,150.0,109010,1026,ME,ST
13103,150.0,109013,4965,EE,BC
13104,150.0,109015,2716,EC,BC
13105,150.0,109016,2659,BM,BC
13106,150.0,109020,3462,CS,SC
13107,150.0,109026,1237,ME,MBC
13108,150.0,109028,3844,BM,OC
13109,150.0,109029,1322,BM,OC
13110,150.0,109035,1306,EC,SC
13111,150.0,109036,5010,CE,BCM
13112,150.0,109039,3805,FD,BC
13113,150.0,109041,4960,BT,SC
13114,150.0,109042,4953,IT,OC
13115,150.0,109052,1409,RM,OC
13116,150.0,109056,4992,CE,OC
13117,150.0,109062,3786,EC,BC
13118,150.0,109063,4927,CS,OC
13119,150.0,109065,3786,AE,SC
13120,150.0,109066,4946,CE,OC
13121,150.0,109068,3806,ME,OC
13122,150.0,109070,2657,CS,SC
13123,150.0,109071,1414,CE,MBC
13124,150.0,109075,2734,AD,SC
13125,150.0,109080,4917,ME,OC
13126,150.0,109081,2620,EC,SC
13127,150.0,109082,3803,ME,MBC
13128,150.0,109087,4965,EE,BC
13129,150.0,109089,2704,CE,BC
13130,150.0,109092,1520,EC,MBC
13131,150.0,109094,2646,EC,OC
13132,150.0,109095,1013,ME,BC
13133,150.0,109098,2750,CS,SC
13134,150.0,109099,2772,CS,BC
13135,150.0,109100,3425,ME,OC
13136,150.0,109101,3454,CS,MBC
13137,150.0,109103,3760,ME,OC
13138,150.0,109104,1322,BM,MBC
13139,150.0,109106,2708,AU,SC
13140,150.0,109108,1319,CS,BC
13141,150.0,109111,1207,IT,BC
13142,150.0,109112,3831,ME,OC
13143,150.0,109114,2601,ME,OC
13144,150.0,109115,1423,CS,OC
13145,150.0,109116,1137,EC,OC
13146,150.0,109117,1241,EC,OC
13147,150.0,109119,2611,BM,BC
13148,150.0,109120,3905,EC,SC
13149,150.0,109123,5910,EC,SC
13150,150.0,109124,2729,EE,SC
13151,150.0,109129,2653,CS,SC
13152,150.0,109130,4024,GI,MBC
13153,149.9,109135,1133,CS,OC
13154,149.9,109138,2624,FD,MBC
13155,149.9,109143,5832,EC,BC
13156,149.9,109144,2659,EC,MBC
13157,149.9,109145,5,ME,MBC
13158,149.9,109146,4959,EE,BCM
13159,149.9,109147,2628,CS,BC
13160,149.9,109150,2607,EC,BCM
13161,149.9,109151,1408,CS,SC
13162,149.9,109152,2607,ME,MBC
13163,149.9,109153,2341,EE,OC
13164,149.9,109157,2708,AU,MBC
13165,149.9,109161,5915,CS,SC
13166,149.9,109165,5865,EE,SC
13167,149.9,109167,2769,PD,BC
13168,149.9,109168,2723,CE,BC
13169,149.9,109170,3760,CS,SC
13170,149.9,109171,4959,ME,BC
13171,149.9,109173,2636,CE,OC
13172,149.9,109174,2634,EC,MBC
13173,149.9,109175,2341,BM,OC
13174,149.9,109177,2328,CS,SC
13175,149.9,109182,5,ME,BC
13176,149.9,109184,2610,EC,MBC
13177,149.9,109185,3805,BM,SC
13178,149.9,109187,3830,ME,SC
13179,149.9,109189,4966,EC,OC
13180,149.9,109190,5919,CS,BC
13181,149.9,109195,4967,ME,OC
13182,149.9,109196,4964,EC,OC
13183,149.9,109197,1412,CS,BC
13184,149.9,109200,1241,CS,BC
13185,149.9,109201,3807,CS,SC
13186,149.9,109202,1414,EE,BC
13187,149.9,109204,5902,ME,OC
13188,149.9,109205,1207,RM,OC
13189,149.9,109206,2743,AG,SC
13190,149.9,109214,2609,CH,OC
13191,149.9,109215,1013,ME,SC
13192,149.9,109216,4670,CE,BC
13193,149.9,109218,1504,EC,MBC
13194,149.9,109219,5910,IT,SC
13195,149.9,109220,2347,ME,OC
13196,149.9,109222,4969,EC,OC
13197,149.9,109223,2610,EE,BC
13198,149.9,109227,2749,AG,SC
13199,149.9,109229,2624,BT,MBC
13200,149.9,109230,4967,CS,BC
13201,149.9,109231,1430,ME,OC
13202,149.9,109233,3782,CS,BC
13203,149.9,109234,2609,CH,BC
13204,149.9,109235,1310,ME,OC
13205,149.9,109236,1324,EE,SC
13206,149.9,109237,3786,EC,BC
13207,149.9,109238,2727,CE,BC
13208,149.9,109240,2628,CS,MBC
13209,149.9,109242,1414,IT,MBC
13210,149.9,109243,2743,AD,SCA
13211,149.9,109244,1408,EC,BC
13212,149.9,109247,2347,EE,MBC
13213,149.9,109251,1424,RM,OC
13214,149.9,109252,5832,EC,BC
13215,149.9,109253,2624,BT,SC
13216,149.9,109257,2602,MD,MBC
13217,149.9,109258,1207,IT,MBC
13218,149.9,109260,4975,EC,OC
13219,149.9,109261,2735,ME,MBC
13220,149.9,109262,2706,EI,MBC
13221,149.8,109264,2743,EC,BCM
13222,149.8,109265,2747,EC,MBC
13223,149.8,109267,2752,EE,OC
13224,149.8,109269,4670,ME,BC
13225,149.8,109270,4670,EE,BC
13226,149.8,109271,2624,AD,BC
13227,149.8,109273,2613,CE,OC
13228,149.8,109275,3805,PH,MBC
13229,149.8,109276,4966,EC,OC
13230,149.8,109278,2345,CS,SC
13231,149.8,109280,1026,ME,MBC
13232,149.8,109281,5532,ME,MBC
13233,149.8,109282,4917,BT,BCM
13234,149.8,109283,2302,EC,OC
13235,149.8,109284,3826,AG,BC
13236,149.8,109285,5990,CS,BC
13237,149.8,109286,5536,EE,OC
13238,149.8,109289,1303,ME,OC
13239,149.8,109290,1436,CE,OC
13240,149.8,109293,1014,CE,SC
13241,149.8,109295,2751,AD,SC
13242,149.8,109298,2743,EE,OC
13243,149.8,109299,1014,CS,SCA
13244,149.8,109300,2661,EC,SC
13245,149.8,109301,1442,AD,SCA
13246,149.8,109303,1137,CS,SC
13247,149.8,109306,5536,EC,BC
13248,149.8,109307,1421,EC,OC
13249,149.8,109309,2736,ME,BC
13250,149.8,109310,2749,CS,BC
13251,149.8,109312,1325,EC,BCM
13252,149.8,109313,2776,AG,BC
13253,149.8,109316,1526,CS,OC
13254,149.8,109317,4975,CS,BC
13255,149.8,109318,4955,CE,SC
13256,149.8,109319,2624,BM,BC
13257,149.8,109320,2611,EC,MBC
13258,149.8,109323,2342,EC,BC
13259,149.8,109324,2729,CB,MBC
13260,149.8,109325,1226,ME,OC
13261,149.8,109328,5912,CS,SC
13262,149.8,109332,2741,ME,BCM
13263,149.8,109333,2661,CS,SC
13264,149.8,109334,1421,EC,OC
13265,149.8,109337,5,MM,SC
13266,149.8,109338,2636,CE,BC
13267,149.8,109341,1210,ME,MBC
13268,149.8,109343,4969,CE,OC
13269,149.8,109344,2707,CH,SC
13270,149.8,109345,1202,EC,SC
13271,149.8,109347,1426,CS,OC
13272,149.8,109348,2707,EC,SC
13273,149.8,109349,1424,AD,MBC
13274,149.8,109351,3825,EC,BC
13275,149.8,109353,1407,CS,BC
13276,149.8,109354,2345,CS,SC
13277,149.8,109356,3011,CE,SCA
13278,149.8,109359,5862,AG,SCA
13279,149.8,109360,2622,BT,MBC
13280,149.8,109362,3811,EE,OC
13281,149.8,109364,3760,AG,SC
13282,149.8,109365,5532,ME,SC
13283,149.8,109366,2622,ME,MBC
13284,149.8,109367,1207,EC,SC
13285,149.8,109368,1401,EC,BC
13286,149.8,109369,2657,CS,BC
13287,149.8,109370,2710,ME,MBC
13288,149.8,109371,5930,ME,OC
13289,149.8,109374,2622,CS,SCA
13290,149.8,109375,2617,CS,MBC
13291,149.8,109377,3814,CS,OC
13292,149.8,109381,1230,EC,OC
13293,149.8,109382,2622,EC,SC
13294,149.8,109386,3806,ME,OC
13295,149.8,109387,2755,AE,SC
13296,149.8,109389,2761,AD,MBC
13297,149.8,109390,5502,CS,SC
13298,149.8,109391,2622,CE,SCA
13299,149.8,109392,3849,CS,OC
13300,149.8,109394,1015,XM,OC
13301,149.8,109395,5990,CE,OC
13302,149.8,109396,2713,CS,BC
13303,149.8,109399,5915,EC,OC
13304,149.8,109400,2741,CE,MBC
13305,149.8,109404,2716,GI,OC
13306,149.8,109407,1510,CS,SC
13307,149.8,109408,2741,ME,SC
13308,149.8,109411,1509,CE,OC
13309,149.8,109412,3826,AG,BC
13310,149.8,109413,4917,EE,BCM
13311,149.8,109415,2711,CE,BCM
13312,149.8,109420,3760,CS,MBC
13313,149.8,109422,1123,CS,SC
13314,149.8,109424,4933,CS,BC
13315,149.8,109425,2743,EC,MBC
13316,149.8,109426,2624,AD,SC
13317,149.8,109428,4975,CS,BC
13318,149.8,109432,2643,CS,BC
13319,149.8,109433,2707,EI,BC
13320,149.8,109434,1424,CS,BC
13321,149.8,109438,1216,ME,SC
13322,149.8,109439,4934,CS,MBC
13323,149.8,109440,1525,CS,OC
13324,149.8,109441,3805,CE,OC
13325,149.8,109442,4969,EE,OC
13326,149.8,109446,2769,BC,OC
13327,149.8,109447,2747,EC,SCA
13328,149.8,109451,4978,BT,OC
13329,149.7,109453,4672,CE,OC
13330,149.7,109455,4972,CS,MBC
13331,149.7,109457,1225,EE,BC
13332,149.7,109463,2624,AD,BC
13333,149.7,109465,1316,EE,SC
13334,149.7,109466,1411,AE,OC
13335,149.7,109468,2747,EC,SC
13336,149.7,109470,2622,CE,SC
13337,149.7,109471,2704,CE,BC
13338,149.7,109472,2751,AD,SCA
13339,149.7,109473,1408,EC,BC
13340,149.7,109477,2715,EC,SC
13341,149.7,109478,3829,CS,BC
13342,149.7,109479,3849,CE,OC
13343,149.7,109480,2602,MD,SC
13344,149.7,109484,2314,EC,MBC
13345,149.7,109485,2657,CS,BC
13346,149.7,109486,2625,CH,OC
13347,149.7,109489,3803,CH,BC
13348,149.7,109491,1110,MZ,OC
13349,149.7,109492,2622,ME,BC
13350,149.7,109495,2636,CS,SC
13351,149.7,109496,3466,EC,OC
13352,149.7,109499,1426,CS,OC
13353,149.7,109502,4965,EE,MBC
13354,149.7,109505,4999,CE,OC
13355,149.7,109506,2342,CS,SC
13356,149.7,109507,2726,AU,OC
13357,149.7,109509,3806,CS,SC
13358,149.7,109515,2602,MD,SC
13359,149.7,109518,2650,EC,OC
13360,149.7,109519,2614,IT,OC
13361,149.7,109520,4917,CE,MBC
13362,149.7,109522,5703,IT,BC
13363,149.7,109523,5,CH,BC
13364,149.7,109524,4993,CS,BC
13365,149.7,109525,2636,EC,BC
13366,149.7,109526,2624,CS,SCA
13367,149.7,109528,1517,IT,BC
13368,149.7,109529,2329,AG,MBC
13369,149.7,109530,2609,CH,SC
13370,149.7,109534,5988,EC,BC
13371,149.7,109535,2647,CS,OC
13372,149.7,109538,4864,ME,OC
13373,149.7,109541,1313,CS,OC
13374,149.7,109544,2630,EC,MBC
13375,149.7,109546,2643,CS,BC
13376,149.7,109547,3825,EE,OC
13377,149.7,109549,2610,BM,BC
13378,149.7,109552,1401,EC,BC
13379,149.7,109553,4931,EC,OC
13380,149.7,109554,4928,CE,OC
13381,149.7,109558,3021,ME,OC
13382,149.7,109560,5990,CS,BC
13383,149.7,109561,3462,CS,MBC
13384,149.7,109563,1101,ME,OC
13385,149.7,109568,2743,BM,SCA
13386,149.7,109569,2609,CS,BCM
13387,149.7,109573,2345,EC,OC
13388,149.7,109574,5988,EC,BC
13389,149.7,109575,3786,AE,ST
13390,149.7,109578,2606,CS,MBC
13391,149.7,109579,5921,CE,OC
13392,149.7,109588,4934,EE,OC
13393,149.7,109590,4672,ME,BCM
13394,149.7,109592,2622,EE,SC
13395,149.7,109593,2707,IT,MBC
13396,149.7,109594,3829,IT,MBC
13397,149.7,109595,2729,MZ,BC
13398,149.6,109598,1127,EE,OC
13399,149.6,109599,5,ME,MBC
13400,149.6,109602,2609,CY,SC
13401,149.6,109603,1431,EC,MBC
13402,149.6,109606,1207,BM,SCA
13403,149.6,109607,1452,EC,MBC
13404,149.6,109609,2632,CS,SC
13405,149.6,109612,2620,BT,MBC
13406,149.6,109613,1120,EI,SC
13407,149.6,109615,1303,ME,OC
13408,149.6,109617,2723,CE,BC
13409,149.6,109618,2620,EE,MBC
13410,149.6,109619,1408,EC,BCM
13411,149.6,109624,3804,AU,OC
13412,149.6,109626,1416,BM,OC
13413,149.6,109627,4675,CS,SC
13414,149.6,109630,1303,AD,MBC
13415,149.6,109631,3813,CS,OC
13416,149.6,109633,2752,EC,SC
13417,149.6,109634,2328,CS,SC
13418,149.6,109638,2633,CS,OC
13419,149.6,109639,5532,ME,MBC
13420,149.6,109640,2747,EE,OC
13421,149.6,109641,1434,CS,OC
13422,149.6,109642,4992,EC,OC
13423,149.6,109645,5910,IT,SC
13424,149.6,109647,1207,CS,SC
13425,149.6,109648,3461,CS,OC
13426,149.6,109650,3826,ME,BC
13427,149.6,109651,5930,CS,SCA
13428,149.6,109652,2653,ME,BC
13429,149.6,109654,2737,IT,MBC
13430,149.6,109656,2609,IT,MBC
13431,149.6,109660,2632,EC,OC
13432,149.6,109662,4989,CS,BC
13433,149.6,109663,3810,IT,MBC
13434,149.6,109665,3795,CE,OC
13435,149.6,109666,2623,CS,OC
13436,149.6,109667,1127,BT,SC
13437,149.6,109668,4670,CE,BC
13438,149.6,109671,3852,EC,OC
13439,149.6,109672,1106,EI,OC
13440,149.6,109673,5022,CE,MBC
13441,149.6,109675,4931,EC,BC
13442,149.6,109678,3021,EE,BC
13443,149.6,109679,4917,ME,OC
13444,149.6,109680,2624,AD,BC
13445,149.6,109681,2708,MZ,MBC
13446,149.6,109686,2613,EE,MBC
13447,149.6,109688,4989,IT,MBC
13448,149.6,109690,2716,ME,OC
13449,149.6,109691,1520,EC,BC
13450,149.6,109694,2749,CS,BC
13451,149.6,109695,1217,EC,BC
13452,149.6,109696,1419,ME,SC
13453,149.6,109697,2661,CS,MBC
13454,149.6,109699,1447,IT,BC
13455,149.6,109701,4955,EC,SC
13456,149.6,109702,3016,EE,SC
13457,149.6,109704,3806,CS,SC
13458,149.6,109707,2708,AU,MBC
13459,149.6,109708,1106,EC,OC
13460,149.6,109710,3806,ME,OC
13461,149.6,109711,4999,AD,SCA
13462,149.6,109712,1333,CS,OC
13463,149.6,109713,2744,ME,OC
13464,149.6,109714,1233,CE,MBC
13465,149.6,109716,1212,CS,MBC
13466,149.6,109717,3701,AD,SC
13467,149.6,109718,2610,ME,OC
13468,149.6,109719,2708,EE,SC
13469,149.6,109721,1422,CE,BCM
13470,149.6,109722,2613,EE,BC
13471,149.6,109724,1150,AG,OC
13472,149.6,109725,1424,AD,BC
13473,149.6,109726,3805,CE,OC
13474,149.6,109727,2611,BM,BC
13475,149.6,109728,1412,EC,OC
13476,149.6,109729,1133,CS,MBC
13477,149.6,109732,3760,AG,SC
13478,149.6,109733,3456,CS,SC
13479,149.6,109734,4994,EC,BC
13480,149.6,109735,5536,CS,BC
13481,149.6,109736,2731,ME,OC
13482,149.6,109737,2623,IT,BC
13483,149.6,109738,2713,ME,OC
13484,149.6,109740,2651,CE,OC
13485,149.6,109742,3829,EE,OC
13486,149.6,109744,1202,EC,SC
13487,149.6,109746,2327,CS,SC
13488,149.6,109748,5921,EC,BCM
13489,149.6,109749,2642,EC,SC
13490,149.6,109754,2329,XS,BC
13491,149.6,109755,3782,ME,OC
13492,149.6,109758,2349,AD,SC
13493,149.6,109760,5910,ME,SC
13494,149.6,109762,4669,EC,BC
13495,149.6,109764,3786,AE,SC
13496,149.6,109765,2776,MZ,OC
13497,149.6,109766,2713,IT,OC
13498,149.6,109769,4669,EE,OC
13499,149.6,109770,1523,EC,OC
13500,149.6,109771,2749,AG,SC
13501,149.6,109772,2743,AD,MBC
13502,149.5,109776,2641,EC,OC
13503,149.5,109777,1325,EC,MBC
13504,149.5,109779,4994,EC,BC
13505,149.5,109780,1434,CS,BC
13506,149.5,109782,3819,EE,SC
13507,149.5,109783,2722,EE,SC
13508,149.5,109785,2624,IT,SC
13509,149.5,109786,1419,CE,SC
13510,149.5,109790,2707,EC,MBC
13511,149.5,109791,2636,ME,OC
13512,149.5,109793,4965,CS,SC
13513,149.5,109795,3803,CH,MBC
13514,149.5,109798,2347,ME,OC
13515,149.5,109799,2624,BM,SCA
13516,149.5,109803,1325,ME,OC
13517,149.5,109805,3820,CS,BC
13518,149.5,109807,2609,CS,BCM
13519,149.5,109811,5990,EC,OC
13520,149.5,109812,3806,EC,MBC
13521,149.5,109813,3454,AG,MBC
13522,149.5,109814,2653,AD,SC
13523,149.5,109817,2341,CS,OC
13524,149.5,109820,2354,ME,OC
13525,149.5,109824,2602,MD,SC
13526,149.5,109825,1512,CS,OC
13527,149.5,109826,2683,CS,OC
13528,149.5,109827,4917,EE,BC
13529,149.5,109828,1441,CS,OC
13530,149.5,109833,3810,CS,MBC
13531,149.5,109834,2642,CS,BCM
13532,149.5,109835,3806,EE,MBC
13533,149.5,109836,1237,EC,SC
13534,149.5,109838,5832,EC,BC
13535,149.5,109840,2723,ME,BC
13536,149.5,109843,1401,EE,OC
13537,149.5,109844,2625,CS,OC
13538,149.5,109845,2659,CS,BC
13539,149.5,109859,1126,AG,OC
13540,149.5,109861,2673,EC,BC
13541,149.5,109866,2710,CE,SC
13542,149.5,109871,2617,EE,OC
13543,149.5,109876,1412,CS,BC
13544,149.5,109879,1218,EC,BC
13545,149.5,109882,4965,BT,BC
13546,149.5,109884,2768,CS,BC
13547,149.5,109885,1409,BM,BC
13548,149.5,109890,2747,CS,BC
13549,149.5,109891,1207,AD,BC
13550,149.5,109894,2704,CE,BC
13551,149.5,109897,5022,CE,BC
13552,149.5,109899,2755,CS,SC
13553,149.5,109905,1210,EE,SC
13554,149.5,109907,4931,EE,OC
13555,149.5,109916,3810,CS,BC
13556,149.5,109920,4960,EE,SC
13557,149.5,109923,2711,EC,SC
13558,149.5,109926,1303,BT,MBC
13559,149.5,109927,1317,EE,SC
13560,149.5,109932,1414,EE,BC
13561,149.5,109935,1313,CS,BC
13562,149.5,109937,2751,IT,SC
13563,149.5,109941,2609,CH,BC
13564,149.5,109942,1405,AD,SC
13565,149.5,109943,2673,EC,BC
13566,149.5,109944,5990,CS,BC
13567,149.5,109958,1317,CE,SC
13568,149.5,109960,1106,EC,OC
13569,149.5,109962,3819,EC,SCA
13570,149.5,109967,1237,MZ,MBC
13571,149.5,109971,1411,EC,OC
13572,149.5,109973,1411,CS,BC
13573,149.5,109974,1218,CS,SC
13574,149.5,109976,3849,EC,OC
13575,149.5,109977,3410,EC,SC
13576,149.5,109978,3021,CE,SC
13577,149.5,109979,2606,EC,OC
13578,149.5,109982,2639,CS,BC
13579,149.5,109983,2747,EE,OC
13580,149.5,109984,3908,ME,OC
13581,149.5,109986,2743,FD,SCA
13582,149.5,109987,3019,ME,OC
13583,149.5,109988,2758,EC,OC
13584,149.5,109991,5988,CE,OC
13585,149.5,109992,3841,CS,MBC
13586,149.5,109996,1207,AD,SC
13587,149.5,109999,2623,IT,BC
13588,149.5,110000,2617,EE,OC
13589,149.5,110005,2625,ME,OC
13590,149.5,110007,2776,AU,OC
13591,149.5,110008,1313,CS,BC
13592,149.5,110011,2707,EE,SCA
13593,149.5,110012,2618,MZ,SC
13594,149.5,110013,1424,RM,OC
13595,149.5,110014,1115,AD,SC
13596,149.5,110016,3462,ME,OC
13597,149.5,110017,1402,CS,OC
13598,149.5,110018,2725,CS,SC
13599,149.5,110019,1125,CS,OC
13600,149.5,110021,4949,CE,OC
13601,149.5,110023,2715,BM,BC
13602,149.5,110024,3701,EC,SC
13603,149.5,110026,2610,EC,SC
13604,149.5,110028,2683,AG,OC
13605,149.5,110029,2767,ME,OC
13606,149.5,110031,1412,IT,BC
13607,149.5,110033,2736,AD,SC
13608,149.5,110035,2624,AD,SC
13609,149.5,110037,1231,EC,SC
13610,149.5,110039,1408,ME,OC
13611,149.5,110041,3806,EE,BCM
13612,149.5,110044,3826,ME,BC
13613,149.5,110045,4917,ME,OC
13614,149.4,110054,4949,CE,OC
13615,149.4,110056,3806,EE,BC
13616,149.4,110058,2609,CS,SC
13617,149.4,110059,1233,ME,BC
13618,149.4,110060,2749,CS,BC
13619,149.4,110064,2622,CS,MBC
13620,149.4,110067,2748,CS,OC
13621,149.4,110070,1125,CS,OC
13622,149.4,110072,2329,BM,SCA
13623,149.4,110075,4933,ME,OC
13624,149.4,110079,3021,ME,OC
13625,149.4,110080,2749,CS,MBC
13626,149.4,110083,1309,EE,SC
13627,149.4,110085,1228,BM,SC
13628,149.4,110087,5942,EC,BC
13629,149.4,110089,3920,CS,BC
13630,149.4,110090,2314,EC,SC
13631,149.4,110091,4670,ME,BC
13632,149.4,110092,5921,CB,BC
13633,149.4,110093,4969,CS,BC
13634,149.4,110097,1127,EC,BC
13635,149.4,110098,4670,EE,BC
13636,149.4,110101,2624,FD,ST
13637,149.4,110104,1218,EC,BC
13638,149.4,110107,2707,BM,MBC
13639,149.4,110109,5017,CE,OC
13640,149.4,110110,1408,ME,OC
13641,149.4,110111,2614,IT,OC
13642,149.4,110114,4982,EC,OC
13643,149.4,110116,1434,CS,MBC
13644,149.4,110121,2610,EE,BC
13645,149.4,110123,5532,EE,MBC
13646,149.4,110124,5902,CS,OC
13647,149.4,110131,3812,CS,BC
13648,149.4,110132,2623,CS,OC
13649,149.4,110133,2634,CS,BC
13650,149.4,110135,3806,EC,BCM
13651,149.4,110136,1513,EC,OC
13652,149.4,110138,1421,CS,SC
13653,149.4,110142,2634,BM,MBC
13654,149.4,110143,2653,IT,SC
13655,149.4,110147,2752,EE,OC
13656,149.4,110149,2734,AD,SC
13657,149.4,110151,4968,EE,OC
13658,149.4,110152,2609,FD,BC
13659,149.4,110153,1523,CS,MBC
13660,149.4,110155,3807,EE,BC
13661,149.4,110156,2665,CS,OC
13662,149.4,110157,1226,EE,MBC
13663,149.4,110160,3760,CS,SC
13664,149.4,110161,1207,CS,SC
13665,149.4,110163,3466,EE,OC
13666,149.4,110164,2745,EC,BC
13667,149.4,110165,2749,EC,OC
13668,149.4,110167,2659,CS,BCM
13669,149.4,110168,2338,BM,SC
13670,149.4,110169,3454,AG,BC
13671,149.4,110170,2640,EE,OC
13672,149.4,110172,1319,CS,BCM
13673,149.4,110174,2705,CS,BC
13674,149.4,110178,2741,ME,BC
13675,149.4,110180,1513,IT,SC
13676,149.4,110181,1408,EC,BC
13677,149.4,110189,5910,CS,SCA
13678,149.4,110191,1319,AD,BC
13679,149.4,110192,1408,EE,MBC
13680,149.4,110193,2328,EE,BC
13681,149.4,110195,4928,ME,OC
13682,149.4,110196,4933,CS,BCM
13683,149.4,110197,3782,CS,MBC
13684,149.4,110202,2707,XM,OC
13685,149.4,110206,3805,CE,OC
13686,149.4,110207,4952,CS,OC
13687,149.3,110211,5921,CE,OC
13688,149.3,110214,2610,BM,SC
13689,149.3,110215,2707,AG,SC
13690,149.3,110217,1424,CS,MBC
13691,149.3,110218,3786,AE,SC
13692,149.3,110220,5,MM,BCM
13693,149.3,110221,4975,CS,BC
13694,149.3,110222,3410,EE,OC
13695,149.3,110226,1313,BM,OC
13696,149.3,110227,2629,MD,SCA
13697,149.3,110228,2639,CS,MBC
13698,149.3,110230,5533,CS,OC
13699,149.3,110231,2656,ME,BC
13700,149.3,110232,2617,EC,OC
13701,149.3,110233,2357,CE,BC
13702,149.3,110234,2643,EC,OC
13703,149.3,110235,2747,ME,OC
13704,149.3,110236,3843,EE,OC
13705,149.3,110237,2751,EC,MBC
13706,149.3,110240,4960,CE,MBC
13707,149.3,110241,3806,EC,SC
13708,149.3,110242,2625,CS,OC
13709,149.3,110243,2740,AE,SC
13710,149.3,110244,2743,FD,BC
13711,149.3,110245,1437,CS,OC
13712,149.3,110248,2707,EE,SC
13713,149.3,110250,2636,CS,MBC
13714,149.3,110251,1014,CE,SC
13715,149.3,110252,2606,EC,OC
13716,149.3,110253,2747,EC,BC
13717,149.3,110256,2632,CS,BC
13718,149.3,110257,3021,CE,SC
13719,149.3,110259,1444,CS,OC
13720,149.3,110263,4995,CS,OC
13721,149.3,110264,1125,CS,OC
13722,149.3,110266,3786,EE,OC
13723,149.3,110267,1505,IT,SC
13724,149.3,110268,3795,ME,MBC
13725,149.3,110271,3019,CE,MBC
13726,149.3,110272,2707,CE,BC
13727,149.3,110273,1421,EC,OC
13728,149.3,110275,2629,IT,BC
13729,149.3,110276,1424,PE,OC
13730,149.3,110277,2758,IT,SC
13731,149.3,110278,2314,AD,BC
13732,149.3,110279,2752,IT,MBC
13733,149.3,110281,2327,EC,OC
13734,149.3,110282,3803,CE,OC
13735,149.3,110284,4953,CS,BC
13736,149.3,110287,1137,ME,OC
13737,149.3,110289,2329,AD,SC
13738,149.3,110291,2611,AG,MBC
13739,149.3,110292,3826,ME,SC
13740,149.3,110295,2723,ME,BC
13741,149.3,110296,4989,IT,BCM
13742,149.3,110298,2750,EE,SC
13743,149.3,110299,3806,BM,BC
13744,149.3,110301,1231,EC,SC
13745,149.3,110302,2755,AE,BC
13746,149.3,110303,3920,CS,BC
13747,149.3,110304,1238,BM,BC
13748,149.3,110306,2753,BM,OC
13749,149.3,110307,3825,CS,ST
13750,149.3,110309,3811,CS,SC
13751,149.3,110310,2624,EC,OC
13752,149.3,110311,3831,CS,MBC
13753,149.3,110314,4982,CS,OC
13754,149.3,110316,5912,CS,BC
13755,149.3,110319,3806,EC,BC
13756,149.3,110320,4917,ME,OC
13757,149.3,110322,1510,EC,OC
13758,149.3,110324,2625,ME,OC
13759,149.3,110325,4980,EC,BC
13760,149.3,110326,2632,EC,OC
13761,149.3,110331,4972,CS,SC
13762,149.3,110332,2611,ME,OC
13763,149.3,110335,4957,IT,BC
13764,149.3,110336,3410,EE,OC
13765,149.3,110344,2610,EE,BC
13766,149.3,110350,4949,IN,OC
13767,149.3,110351,1421,CS,SC
13768,149.3,110353,1412,EC,OC
13769,149.2,110355,2737,IT,BCM
13770,149.2,110356,1401,EE,OC
13771,149.2,110358,1408,EC,BC
13772,149.2,110364,1207,AD,BC
13773,149.2,110366,2314,EC,MBC
13774,149.2,110368,3019,EC,SC
13775,149.2,110371,1222,CS,OC
13776,149.2,110372,3786,ME,OC
13777,149.2,110373,4680,EC,BCM
13778,149.2,110374,3817,EC,OC
13779,149.2,110375,2740,CS,SC
13780,149.2,110378,1123,AE,MBC
13781,149.2,110379,2723,ME,MBC
13782,149.2,110382,2618,EE,SC
13783,149.2,110385,2716,AG,MBC
13784,149.2,110386,2750,CB,SCA
13785,149.2,110389,1322,BM,MBC
13786,149.2,110390,2634,EC,BC
13787,149.2,110392,2734,MO,BC
13788,149.2,110393,2625,ME,OC
13789,149.2,110394,2710,AD,SCA
13790,149.2,110396,4917,EE,BC
13791,149.2,110397,1202,CS,SC
13792,149.2,110401,2610,EE,BC
13793,149.2,110404,1422,EI,SC
13794,149.2,110405,4948,FT,OC
13795,149.2,110410,2329,XS,BC
13796,149.2,110411,3826,AD,MBC
13797,149.2,110414,2628,CS,BC
13798,149.2,110415,2723,CE,BC
13799,149.2,110420,3814,CS,OC
13800,149.2,110422,2611,EC,BC
13801,149.2,110423,5865,EE,BC
13802,149.2,110425,4959,CS,SC
13803,149.2,110426,1412,EE,MBC
13804,149.2,110427,2753,BM,MBC
13805,149.2,110428,2611,EC,MBC
13806,149.2,110431,4969,ME,OC
13807,149.2,110432,2610,BT,BC
13808,149.2,110439,1316,EE,MBC
13809,149.2,110440,1424,EC,MBC
13810,149.2,110444,2772,CS,MBC
13811,149.2,110449,3795,EC,SC
13812,149.2,110452,1110,MZ,OC
13813,149.2,110453,4969,EE,OC
13814,149.2,110459,1226,ME,OC
13815,149.2,110463,2347,ME,OC
13816,149.2,110464,1412,CS,BC
13817,149.2,110469,2607,IT,SC
13818,149.2,110471,4981,ME,BCM
13819,149.2,110472,1114,ME,BC
13820,149.2,110473,4978,BT,OC
13821,149.2,110474,3454,CS,BC
13822,149.2,110477,4960,CE,SC
13823,149.2,110479,2711,EE,SC
13824,149.2,110480,1412,EC,OC
13825,149.2,110481,2611,MC,BCM
13826,149.2,110482,1230,EC,OC
13827,149.2,110483,2646,CS,MBC
13828,149.2,110484,1150,BM,OC
13829,149.2,110485,3805,CH,OC
13830,149.2,110486,2743,AD,SC
13831,149.2,110487,2622,IT,MBC
13832,149.2,110491,2723,CE,MBC
13833,149.2,110494,5913,EE,OC
13834,149.2,110496,1325,EC,SC
13835,149.2,110499,1014,CE,MBC
13836,149.2,110504,1322,EC,BC
13837,149.2,110505,5022,CE,BC
13838,149.1,110506,3760,EC,SC
13839,149.1,110507,1013,ME,BC
13840,149.1,110509,1523,IT,SC
13841,149.1,110512,2768,AO,OC
13842,149.1,110514,5910,EC,SC
13843,149.1,110517,4996,EC,OC
13844,149.1,110519,2621,CS,MBC
13845,149.1,110520,2634,EC,BC
13846,149.1,110521,3920,CS,BC
13847,149.1,110522,2659,BM,SC
13848,149.1,110523,3829,EC,BC
13849,149.1,110525,2711,CH,MBC
13850,149.1,110526,1434,AE,OC
13851,149.1,110531,1424,CS,BC
13852,149.1,110532,1452,CE,OC
13853,149.1,110535,4999,CS,MBC
13854,149.1,110536,2651,EC,BC
13855,149.1,110538,4982,CS,OC
13856,149.1,110539,2659,BM,MBC
13857,149.1,110540,2764,CH,MBC
13858,149.1,110542,2611,MC,BC
13859,149.1,110544,2758,CS,MBC
13860,149.1,110546,4023,XM,OC
13861,149.1,110547,3826,IT,SC
13862,149.1,110549,3795,EE,MBC
13863,149.1,110552,2758,CS,BC
13864,149.1,110553,5536,CS,BC
13865,149.1,110555,4964,EE,OC
13866,149.1,110556,4917,AG,BC
13867,149.1,110558,2661,CE,OC
13868,149.1,110561,1115,AD,BCM
13869,149.1,110568,3466,EE,OC
13870,149.1,110569,2625,CS,OC
13871,149.1,110570,1427,CS,MBC
13872,149.1,110571,2347,AG,MBC
13873,149.1,110572,2623,IT,MBC
13874,149.1,110574,1442,BM,BCM
13875,149.1,110575,1525,CS,OC
13876,149.1,110579,4972,EC,BC
13877,149.1,110580,3021,ME,OC
13878,149.1,110581,2634,SF,OC
13879,149.1,110584,1207,CS,BC
13880,149.1,110587,1431,EE,OC
13881,149.1,110588,1402,CS,OC
13882,149.1,110589,2628,BM,OC
13883,149.1,110591,1318,IT,OC
13884,149.1,110594,4972,ME,OC
13885,149.1,110595,2622,IT,SC
13886,149.1,110596,2636,CS,SC
13887,149.1,110597,2747,EE,OC
13888,149.1,110601,2707,ME,SC
13889,149.1,110606,3795,ME,MBC
13890,149.1,110607,1436,CS,OC
13891,149.1,110608,3795,ME,BC
13892,149.1,110609,2719,RM,SC
13893,149.1,110611,2727,FD,SC
13894,149.1,110613,1412,EE,MBC
13895,149.1,110614,2763,EC,BC
13896,149.1,110616,2762,CE,OC
13897,149.1,110617,1238,CS,SC
13898,149.1,110620,2651,EE,SCA
13899,149.1,110622,3462,EE,OC
13900,149.1,110623,2607,MZ,BC
13901,149.1,110624,1149,ME,MBC
13902,149.1,110629,2736,EC,SC
13903,149.1,110632,2769,CS,BC
13904,149.1,110634,3016,EE,BC
13905,149.1,110637,4672,EC,BC
13906,149.1,110638,2708,ME,BCM
13907,149.1,110640,1101,EE,OC
13908,149.1,110641,4964,CS,BC
13909,149.1,110642,4957,ME,OC
13910,149.1,110643,1452,EC,SC
13911,149.1,110644,2329,CS,SC
13912,149.1,110645,2601,BM,BC
13913,149.1,110647,3805,AG,BC
13914,149.1,110648,2711,EC,SC
13915,149.1,110650,1126,CS,SC
13916,149.1,110651,3849,CS,OC
13917,149.1,110653,1412,CS,BC
13918,149.1,110660,1523,CS,MBC
13919,149.0,110662,2609,EC,MBC
13920,149.0,110663,2750,EE,SC
13921,149.0,110664,4995,CS,OC
13922,149.0,110666,1322,BM,SCA
13923,149.0,110667,1322,FD,BCM
13924,149.0,110668,5017,EC,MBC
13925,149.0,110671,1421,CS,BC
13926,149.0,110673,1116,EC,BC
13927,149.0,110675,1115,CS,MBC
13928,149.0,110677,1426,IT,OC
13929,149.0,110678,2620,EE,SC
13930,149.0,110679,4670,ME,BC
13931,149.0,110682,3803,ME,BCM
13932,149.0,110686,2610,EC,SCA
13933,149.0,110689,2601,ME,OC
13934,149.0,110690,1452,EC,ST
13935,149.0,110692,2601,CH,MBC
13936,149.0,110693,3905,EC,BC
13937,149.0,110694,1420,AE,SC
13938,149.0,110695,2357,AG,SCA
13939,149.0,110696,1106,CS,SC
13940,149.0,110697,5935,EC,SC
13941,149.0,110702,5988,EC,BC
13942,149.0,110703,3806,EE,MBC
13943,149.0,110705,4952,IT,OC
13944,149.0,110707,2628,AD,SC
13945,149.0,110710,1452,ME,OC
13946,149.0,110712,2347,EC,BC
13947,149.0,110713,4965,EC,SC
13948,149.0,110715,2731,EE,BC
13949,149.0,110716,3803,IT,MBC
13950,149.0,110717,1212,EC,OC
13951,149.0,110720,2610,EE,BC
13952,149.0,110725,3829,CS,MBC
13953,149.0,110727,2636,EC,SCA
13954,149.0,110728,4978,CS,OC
13955,149.0,110729,1233,ME,MBC
13956,149.0,110730,1509,EC,SC
13957,149.0,110733,1401,ME,OC
13958,149.0,110736,3819,ME,SC
13959,149.0,110738,4023,EE,SC
13960,149.0,110740,2740,CS,SC
13961,149.0,110742,1014,CE,BCM
13962,149.0,110743,4965,EE,BC
13963,149.0,110747,3833,CE,OC
13964,149.0,110751,1225,EE,SC
13965,149.0,110752,3805,BM,BC
13966,149.0,110753,3701,EC,MBC
13967,149.0,110756,2630,EC,BC
13968,149.0,110758,1304,CE,SCA
13969,149.0,110759,1409,EC,MBC
13970,149.0,110764,2642,CS,BC
13971,149.0,110766,2614,TX,BC
13972,149.0,110774,4955,ME,BC
13973,149.0,110776,2755,AE,BC
13974,149.0,110780,1309,ME,SC
13975,149.0,110781,2636,EC,SC
13976,149.0,110785,2739,CO,SC
13977,149.0,110793,1120,CE,MBC
13978,149.0,110796,2345,AD,BC
13979,149.0,110798,1405,EE,OC
13980,149.0,110801,2650,CS,SCA
13981,149.0,110805,1212,CS,MBC
13982,149.0,110810,1231,EC,SC
13983,149.0,110812,2769,CS,BC
13984,149.0,110815,1115,ME,OC
13985,149.0,110816,2708,AG,SC
13986,149.0,110817,2736,CE,BC
13987,149.0,110819,1225,ME,BC
13988,149.0,110835,1126,CS,MBC
13989,149.0,110836,1510,CS,BC
13990,149.0,110839,3011,XM,OC
13991,149.0,110841,2702,AU,SC
13992,149.0,110843,3854,ME,OC
13993,149.0,110844,2743,AG,BC
13994,149.0,110847,1217,BM,BC
13995,149.0,110850,1126,CS,MBC
13996,149.0,110853,1127,BT,BC
13997,149.0,110858,2610,BT,MBC
13998,149.0,110864,5942,EE,OC
13999,149.0,110866,1115,AD,SC
14000,149.0,110868,1210,EE,SC
14001,149.0,110869,2347,ME,OC
14002,149.0,110870,2636,ME,OC
14003,149.0,110872,1217,BM,MBC
14004,149.0,110875,5919,CS,BC
14005,149.0,110876,2328,ME,BC
14006,149.0,110878,4675,EE,OC
14007,149.0,110879,2614,ME,OC
14008,149.0,110880,3811,CS,SCA
14009,149.0,110881,4994,EC,BC
14010,149.0,110882,2341,EC,OC
14011,149.0,110886,2341,CS,OC
14012,149.0,110887,1207,CS,BC
14013,149.0,110888,1424,PE,MBC
14014,149.0,110890,3905,ME,OC
14015,149.0,110891,1427,IT,OC
14016,149.0,110892,1106,IT,SC
14017,149.0,110893,3811,EC,OC
14018,149.0,110894,2726,ME,BC
14019,149.0,110895,2708,AG,SCA
14020,149.0,110896,2617,EC,OC
14021,149.0,110898,1504,BT,SC
14022,149.0,110899,3786,EC,BC
14023,149.0,110901,4933,EC,SC
14024,149.0,110902,3849,IT,SC
14025,149.0,110905,3817,CH,OC
14026,149.0,110908,2651,EE,BC
14027,149.0,110909,2726,EC,SC
14028,149.0,110911,2628,EE,OC
14029,149.0,110913,4994,EE,OC
14030,149.0,110915,1411,IT,MBC
14031,149.0,110917,3805,ME,OC
14032,149.0,110918,3825,EC,BC
14033,149.0,110919,3782,EE,OC
14034,149.0,110920,4670,CE,BC
14035,149.0,110921,1412,CS,BC
14036,149.0,110923,2622,CS,SC
14037,149.0,110926,2624,IT,MBC
14038,149.0,110927,1217,EC,BC
14039,149.0,110928,1419,CS,SCA
14040,149.0,110929,1513,IT,SC
14041,149.0,110931,1221,CS,MBC
14042,149.0,110936,2659,ME,OC
14043,149.0,110937,3830,EC,MBC
14044,149.0,110938,1501,CS,SC
14045,149.0,110942,3826,CS,SC
14046,149.0,110943,2750,CB,SC
14047,149.0,110945,2719,RM,SC
14048,149.0,110947,2634,FD,OC
14049,149.0,110950,1523,PE,OC
14050,149.0,110951,2636,CS,MBC
14051,149.0,110952,1241,CS,BC
14052,149.0,110954,2652,CS,OC
14053,149.0,110955,2715,AG,SC
14054,149.0,110958,5865,EC,BC
14055,149.0,110959,2708,AU,BC
14056,149.0,110960,1316,MU,OC
14057,149.0,110961,1408,CS,SC
14058,149.0,110963,2625,CS,OC
14059,149.0,110965,2657,EC,MBC
14060,149.0,110969,4917,ME,OC
14061,149.0,110971,3810,IT,SC
14062,149.0,110973,2673,CS,MBC
14063,149.0,110974,2749,AD,MBC
14064,149.0,110975,3829,EC,MBC
14065,149.0,110977,5914,CS,BC
14066,149.0,110978,2743,EC,BC
14067,148.9,110983,2739,ME,MBC
14068,148.9,110986,2764,ME,MBC
14069,148.9,110987,2367,CS,OC
14070,148.9,110988,2349,BM,SC
14071,148.9,110989,1519,CS,OC
14072,148.9,110990,2625,EE,OC
14073,148.9,110991,2707,AG,MBC
14074,148.9,110992,1316,CH,MBC
14075,148.9,110994,2624,BM,SC
14076,148.9,110997,4917,ME,OC
14077,148.9,110998,2641,CS,OC
14078,148.9,111000,2723,EC,MBC
14079,148.9,111007,1503,CS,OC
14080,148.9,111008,1412,EC,MBC
14081,148.9,111009,2314,AG,MBC
14082,148.9,111010,2628,CS,BC
14083,148.9,111012,2611,AG,SC
14084,148.9,111013,2328,EC,MBC
14085,148.9,111015,1207,IT,BC
14086,148.9,111016,4023,CE,SC
14087,148.9,111017,2620,EC,SC
14088,148.9,111018,2611,FD,MBC
14089,148.9,111020,3011,XC,SC
14090,148.9,111021,2716,EC,BC
14091,148.9,111024,4964,MR,BC
14092,148.9,111025,1402,EE,OC
14093,148.9,111026,2651,AD,BC
14094,148.9,111028,2625,CE,OC
14095,148.9,111029,2602,CS,OC
14096,148.9,111030,3466,ME,OC
14097,148.9,111032,2726,CS,SC
14098,148.9,111037,3918,CE,OC
14099,148.9,111037,1013,ME,BC
14100,148.9,111039,2744,CS,SC
14101,148.9,111040,2657,CS,BC
14102,148.9,111041,2629,MD,SC
14103,148.9,111043,2707,EE,SC
14104,148.9,111045,2707,EI,SC
14105,148.9,111047,2609,EE,OC
14106,148.9,111048,2710,CE,MBC
14107,148.9,111049,1137,CS,SC
14108,148.9,111051,3019,EC,BCM
14109,148.9,111052,2611,EE,SC
14110,148.9,111053,1317,EE,SC
14111,148.9,111054,3016,CE,OC
14112,148.9,111055,2634,AE,OC
14113,148.9,111058,2314,CS,ST
14114,148.9,111059,2723,EC,BCM
14115,148.9,111060,1414,CE,BC
14116,148.9,111061,1319,IT,BC
14117,148.9,111062,5,MM,BC
14118,148.9,111063,4978,BM,BC
14119,148.9,111064,2710,EC,SC
14120,148.9,111065,3825,CS,SC
14121,148.9,111066,4953,EC,OC
14122,148.9,111067,5865,EC,MBC
14123,148.9,111070,1449,EC,OC
14124,148.9,111071,2646,CE,OC
14125,148.9,111075,2347,ME,OC
14126,148.9,111078,2621,EC,MBC
14127,148.9,111081,2657,CS,MBC
14128,148.9,111086,1115,AD,MBC
14129,148.9,111088,3806,CE,OC
14130,148.9,111090,3461,CS,OC
14131,148.9,111091,2708,BM,SC
14132,148.9,111092,2657,CS,SC
14133,148.9,111093,1412,CS,BC
14134,148.8,111096,4983,RM,OC
14135,148.8,111098,1207,IT,MBC
14136,148.8,111101,2740,ME,MBC
14137,148.8,111103,3811,CS,MBC
14138,148.8,111104,3021,EE,BC
14139,148.8,111108,1322,FD,BCM
14140,148.8,111109,2763,MZ,OC
14141,148.8,111114,2624,PH,BC
14142,148.8,111115,3810,IT,BC
14143,148.8,111117,2630,ME,MBC
14144,148.8,111118,2341,EC,OC
14145,148.8,111119,4955,ME,MBC
14146,148.8,111120,3831,CS,MBC
14147,148.8,111121,2734,ME,BC
14148,148.8,111122,3830,ME,SC
14149,148.8,111124,2752,EC,MBC
14150,148.8,111127,1233,ME,MBC
14151,148.8,111128,2758,IT,BC
14152,148.8,111131,4975,EE,OC
14153,148.8,111132,1207,IT,BC
14154,148.8,111133,1325,EC,MBC
14155,148.8,111134,3905,EC,SC
14156,148.8,111142,1319,IT,BC
14157,148.8,111148,1137,CE,MBC
14158,148.8,111149,3805,AD,SC
14159,148.8,111151,3817,CS,SC
14160,148.8,111152,3701,ME,SC
14161,148.8,111153,1115,AD,MBC
14162,148.8,111154,2338,AG,OC
14163,148.8,111155,1411,IT,BC
14164,148.8,111156,2345,EE,MBC
14165,148.8,111158,2747,ME,OC
14166,148.8,111163,2750,EC,SC
14167,148.8,111165,3813,CS,OC
14168,148.8,111167,4965,ME,BC
14169,148.8,111168,3825,CS,BC
14170,148.8,111169,2632,EC,OC
14171,148.8,111172,3019,ME,MBC
14172,148.8,111173,1412,EC,MBC
14173,148.8,111175,1513,IT,SC
14174,148.8,111177,2602,MD,SC
14175,148.8,111179,2629,IT,BC
14176,148.8,111184,5832,ME,OC
14177,148.8,111185,3019,ME,MBC
14178,148.8,111187,3829,CS,BC
14179,148.8,111188,2620,EE,SC
14180,148.8,111190,2611,CS,SC
14181,148.8,111193,2707,IT,MBC
14182,148.8,111195,3461,ME,OC
14183,148.8,111196,4989,CS,MBC
14184,148.8,111197,5935,EC,BC
14185,148.8,111198,1306,ME,MBC
14186,148.8,111199,4955,CE,BC
14187,148.8,111202,1408,ME,OC
14188,148.8,111204,3810,CS,BC
14189,148.8,111206,5915,EE,OC
14190,148.8,111210,4989,EC,OC
14191,148.8,111211,1126,CS,MBC
14192,148.8,111213,3803,ME,SC
14193,148.8,111218,2327,CS,SC
14194,148.8,111219,3810,CS,MBC
14195,148.8,111222,4917,ME,OC
14196,148.8,111225,2302,ME,OC
14197,148.8,111226,4989,ME,OC
14198,148.8,111227,5935,ME,OC
14199,148.8,111228,5907,ME,OC
14200,148.8,111229,4978,BT,BC
14201,148.8,111234,2345,EC,OC
14202,148.8,111235,2622,ME,BC
14203,148.8,111236,1525,CS,OC
14204,148.8,111238,2729,AE,MBC
14205,148.8,111239,4970,CS,BCM
14206,148.8,111240,2651,EC,BC
14207,148.8,111241,1421,CS,SC
14208,148.8,111249,2639,CS,BC
14209,148.8,111250,1412,CS,MBC
14210,148.8,111251,2636,EC,SC
14211,148.8,111252,1510,EE,OC
14212,148.8,111253,1412,EC,MBC
14213,148.8,111259,3820,CS,MBC
14214,148.8,111261,2763,CS,SCA
14215,148.8,111263,2750,AE,BC
14216,148.8,111264,3011,CE,MBC
14217,148.7,111266,2622,CS,MBC
14218,148.7,111271,4669,EC,BC
14219,148.7,111274,4993,CS,SC
14220,148.7,111275,4680,ME,SC
14221,148.7,111276,4960,ME,SC
14222,148.7,111277,2601,ME,OC
14223,148.7,111279,1303,BT,MBC
14224,148.7,111280,2338,AG,OC
14225,148.7,111282,3841,EC,MBC
14226,148.7,111285,1434,CS,MBC
14227,148.7,111292,1133,CS,SC
14228,148.7,111293,3908,CS,BC
14229,148.7,111294,2601,BM,MBC
14230,148.7,111295,3811,EE,OC
14231,148.7,111297,1422,CE,SC
14232,148.7,111299,1114,ME,BC
14233,148.7,111300,5911,CS,BC
14234,148.7,111301,2713,ME,OC
14235,148.7,111304,4964,CS,SC
14236,148.7,111305,2708,CH,MBC
14237,148.7,111308,3804,CS,MBC
14238,148.7,111309,5536,ME,OC
14239,148.7,111312,1322,EC,MBC
14240,148.7,111314,3760,AD,BC
14241,148.7,111317,2665,CS,OC
14242,148.7,111318,4993,ME,OC
14243,148.7,111322,1106,EC,OC
14244,148.7,111323,2302,AD,BC
14245,148.7,111324,2608,EC,MBC
14246,148.7,111325,4955,CE,BC
14247,148.7,111326,2621,CE,OC
14248,148.7,111332,1510,ME,OC
14249,148.7,111333,2729,MZ,BC
14250,148.7,111336,3860,CS,OC
14251,148.7,111337,2625,CS,OC
14252,148.7,111338,1015,ME,SC
14253,148.7,111342,2747,EE,OC
14254,148.7,111344,2647,IT,OC
14255,148.7,111345,2620,EC,SC
14256,148.7,111346,1123,CS,BC
14257,148.7,111347,1441,CS,OC
14258,148.7,111348,2659,ME,OC
14259,148.7,111351,4957,CS,BC
14260,148.7,111352,2611,EC,BC
14261,148.7,111353,1316,IT,SC
14262,148.7,111354,2640,EC,OC
14263,148.7,111355,2624,BM,SCA
14264,148.7,111357,2744,CS,MBC
14265,148.7,111359,1412,IT,BC
14266,148.7,111362,2721,ME,OC
14267,148.7,111364,1501,CS,SC
14268,148.7,111369,3795,EE,BCM
14269,148.7,111370,2707,EE,SC
14270,148.7,111371,4917,ME,OC
14271,148.7,111374,2624,EC,OC
14272,148.7,111381,2707,CD,MBC
14273,148.7,111382,1217,FD,BC
14274,148.7,111383,2743,EE,OC
14275,148.7,111386,1452,EE,MBC
14276,148.7,111388,1430,CS,OC
14277,148.7,111390,2636,ME,OC
14278,148.7,111391,2611,ME,OC
14279,148.7,111392,4670,CE,BC
14280,148.7,111393,2347,CS,SC
14281,148.7,111399,3805,CS,SC
14282,148.7,111403,2611,EC,MBC
14283,148.7,111405,2770,CS,OC
14284,148.7,111406,4969,CS,MBC
14285,148.7,111407,2653,CS,SC
14286,148.6,111408,5921,ME,OC
14287,148.6,111409,3807,CE,OC
14288,148.6,111411,2601,ME,OC
14289,148.6,111412,1505,CE,OC
14290,148.6,111414,2734,ME,BC
14291,148.6,111415,2657,CS,SC
14292,148.6,111417,1512,CS,OC
14293,148.6,111419,1431,CS,MBC
14294,148.6,111422,2621,AE,MBC
14295,148.6,111424,3805,AE,SC
14296,148.6,111428,2763,ME,OC
14297,148.6,111432,1325,EC,BC
14298,148.6,111433,1319,IT,BC
14299,148.6,111437,3795,EC,SC
14300,148.6,111439,4928,ME,OC
14301,148.6,111440,5910,IT,MBC
14302,148.6,111444,1106,CS,BCM
14303,148.6,111446,2608,CE,MBC
14304,148.6,111447,1319,CS,MBC
14305,148.6,111450,2747,EC,SC
14306,148.6,111452,4672,CE,OC
14307,148.6,111453,3813,IT,OC
14308,148.6,111454,4917,CE,BC
14309,148.6,111455,3844,BM,OC
14310,148.6,111456,2607,ME,MBC
14311,148.6,111459,2750,BM,SC
14312,148.6,111462,2735,EE,SC
14313,148.6,111465,3807,ME,OC
14314,148.6,111466,2639,ME,OC
14315,148.6,111469,1441,ME,OC
14316,148.6,111471,2646,CS,MBC
14317,148.6,111474,1307,BM,MBC
14318,148.6,111477,2625,CE,OC
14319,148.6,111478,3803,ME,BC
14320,148.6,111481,1505,CS,SC
14321,148.6,111482,2625,EC,OC
14322,148.6,111495,4949,IN,OC
14323,148.6,111497,2653,ME,BC
14324,148.6,111499,2609,EC,MBC
14325,148.6,111500,3806,EC,MBC
14326,148.6,111501,2342,EC,BC
14327,148.6,111502,1306,ME,BCM
14328,148.6,111503,3018,ME,OC
14329,148.6,111504,1113,EC,SCA
14330,148.6,111505,1434,EC,OC
14331,148.6,111506,2776,MZ,OC
14332,148.6,111507,4971,CE,BC
14333,148.6,111509,4672,EC,MBC
14334,148.6,111510,2611,AG,SCA
14335,148.6,111512,2659,BM,SCA
14336,148.6,111514,2342,ME,OC
14337,148.6,111516,4955,ME,BC
14338,148.6,111517,5536,EC,BC
14339,148.6,111521,1407,BM,OC
14340,148.6,111522,2739,ME,MBC
14341,148.6,111523,4955,ME,SC
14342,148.6,111524,5912,EC,OC
14343,148.6,111527,3806,EC,SC
14344,148.6,111529,2608,EE,SC
14345,148.6,111531,1438,CS,OC
14346,148.6,111533,5912,EE,OC
14347,148.6,111536,3021,EE,SC
14348,148.6,111537,2329,EC,MBC
14349,148.6,111539,2302,BM,BC
14350,148.6,111540,1316,MZ,SC
14351,148.6,111541,2632,CS,BC
14352,148.6,111543,4964,EE,OC
14353,148.6,111544,2643,EC,OC
14354,148.6,111545,2743,BM,SC
14355,148.6,111547,3908,EC,BC
14356,148.6,111548,1202,EC,MBC
14357,148.6,111549,1401,EC,BC
14358,148.6,111550,2636,EC,BC
14359,148.6,111551,2740,CS,SC
14360,148.6,111555,3425,ME,OC
14361,148.6,111556,5,ME,MBC
14362,148.6,111557,2636,CE,MBC
14363,148.6,111562,4676,ME,OC
14364,148.6,111564,4933,ME,OC
14365,148.6,111565,1115,ME,OC
14366,148.6,111566,5902,CE,OC
14367,148.6,111567,1217,BM,SC
14368,148.6,111569,1405,ME,OC
14369,148.6,111570,2704,MZ,SC
14370,148.6,111573,2601,ME,OC
14371,148.6,111574,2618,BM,SC
14372,148.6,111576,1207,BM,BC
14373,148.6,111577,3843,ME,OC
14374,148.6,111578,2652,CS,OC
14375,148.6,111579,1106,IT,SC
14376,148.6,111581,5703,IT,BC
14377,148.6,111582,2607,CS,SC
14378,148.5,111588,3760,AD,BC
14379,148.5,111589,3849,IT,BC
14380,148.5,111590,4953,EE,OC
14381,148.5,111592,3841,EC,BC
14382,148.5,111594,4964,CS,BC
14383,148.5,111596,1322,EC,MBC
14384,148.5,111597,4993,CS,BC
14385,148.5,111598,2622,BM,SC
14386,148.5,111602,4967,CS,SC
14387,148.5,111603,5530,EE,BC
14388,148.5,111604,2776,MZ,OC
14389,148.5,111605,2632,EC,OC
14390,148.5,111606,3466,ME,OC
14391,148.5,111607,1233,EE,BC
14392,148.5,111608,1319,CS,MBC
14393,148.5,111609,4969,CS,BC
14394,148.5,111613,5915,ME,OC
14395,148.5,111614,1226,ME,MBC
14396,148.5,111615,2646,CS,BC
14397,148.5,111618,2772,CS,BC
14398,148.5,111619,1411,IT,BC
14399,148.5,111620,4946,CS,BC
14400,148.5,111621,2367,ME,OC
14401,148.5,111625,3021,CE,SC
14402,148.5,111626,2719,AE,SC
14403,148.5,111628,2762,AD,MBC
14404,148.5,111629,1120,CS,SCA
14405,148.5,111630,1120,ME,MBC
14406,148.5,111632,2357,CS,SC
14407,148.5,111634,3462,EE,OC
14408,148.5,111635,1510,CS,MBC
14409,148.5,111637,5017,ME,OC
14410,148.5,111638,3806,IT,SC
14411,148.5,111640,1408,ME,OC
14412,148.5,111645,4960,EE,SC
14413,148.5,111646,1322,EC,MBC
14414,148.5,111648,4962,EC,MBC
14415,148.5,111649,4023,EE,MBC
14416,148.5,111665,2665,CS,OC
14417,148.5,111672,2611,BM,MBC
14418,148.5,111676,2751,AD,MBC
14419,148.5,111677,1317,EE,SC
14420,148.5,111679,1125,CS,OC
14421,148.5,111683,4917,EE,BCM
14422,148.5,111684,2707,AD,SC
14423,148.5,111688,2611,AG,BC
14424,148.5,111689,2716,EC,BC
14425,148.5,111690,1412,ME,OC
14426,148.5,111692,2729,ME,BC
14427,148.5,111694,2722,EE,SC
14428,148.5,111697,2769,CS,MBC
14429,148.5,111700,3830,EC,SC
14430,148.5,111709,1114,EE,MBC
14431,148.5,111714,2314,AD,BC
14432,148.5,111715,2702,EE,SC
14433,148.5,111721,3805,EC,BC
14434,148.5,111725,1115,AD,SC
14435,148.5,111726,1306,EC,SC
14436,148.5,111727,3795,EC,SC
14437,148.5,111729,1301,IT,SC
14438,148.5,111732,1218,BM,OC
14439,148.5,111737,2726,AU,OC
14440,148.5,111738,2643,CS,BC
14441,148.5,111740,2314,AD,MBC
14442,148.5,111743,4993,CS,MBC
14443,148.5,111744,3021,CE,MBC
14444,148.5,111745,5914,CE,OC
14445,148.5,111746,1110,BT,BC
14446,148.5,111748,4965,CS,SC
14447,148.5,111749,2624,BM,BC
14448,148.5,111750,2618,EC,SC
14449,148.5,111754,2610,BM,SC
14450,148.5,111755,3011,XC,SC
14451,148.5,111758,1319,IT,BC
14452,148.5,111759,4980,CS,BC
14453,148.5,111762,2601,CS,SC
14454,148.5,111763,2314,EE,OC
14455,148.5,111764,4670,ME,BC
14456,148.5,111765,1319,ME,OC
14457,148.5,111766,3016,CE,OC
14458,148.5,111767,2727,EC,SC
14459,148.5,111769,4999,AD,BC
14460,148.5,111774,2751,ME,BC
14461,148.5,111775,2639,ME,OC
14462,148.5,111780,4957,IT,BC
14463,148.5,111783,4929,CS,OC
14464,148.5,111785,2347,EC,BC
14465,148.5,111789,4953,IT,OC
14466,148.5,111790,4964,MR,BC
14467,148.5,111792,1325,IT,SC
14468,148.5,111796,4675,EC,BC
14469,148.5,111797,4964,CS,BC
14470,148.5,111798,3812,CS,BC
14471,148.5,111799,3905,EC,BC
14472,148.5,111802,1520,CS,SC
14473,148.5,111804,2607,MZ,BC
14474,148.5,111806,1114,EE,SC
14475,148.5,111807,2744,EC,MBC
14476,148.5,111809,2665,CS,OC
14477,148.5,111811,3810,CS,BC
14478,148.5,111813,1309,ME,SC
14479,148.5,111814,3803,ME,BC
14480,148.5,111815,2650,ME,OC
14481,148.5,111817,4672,CE,OC
14482,148.5,111818,4929,EC,OC
14483,148.5,111822,3454,ME,OC
14484,148.5,111823,1013,XM,OC
14485,148.4,111825,1217,MU,OC
14486,148.4,111826,1212,BM,OC
14487,148.4,111827,2621,EC,BC
14488,148.4,111828,2618,EC,SC
14489,148.4,111829,3826,IT,SC
14490,148.4,111831,2623,IT,BC
14491,148.4,111832,2614,CS,OC
14492,148.4,111836,2755,AG,BC
14493,148.4,111838,2624,IT,SC
14494,148.4,111842,2346,CE,OC
14495,148.4,111843,2725,CS,SC
14496,148.4,111844,3810,CS,SC
14497,148.4,111846,1125,CS,OC
14498,148.4,111847,1015,ME,BC
14499,148.4,111850,2611,EC,BC
14500,148.4,111854,2659,ME,OC
14501,148.4,111856,2611,EC,SC
14502,148.4,111857,1525,EE,OC
14503,148.4,111861,2708,AU,BC
14504,148.4,111864,2634,SF,OC
14505,148.4,111865,2705,ME,OC
14506,148.4,111867,2634,ME,OC
14507,148.4,111869,2302,AD,BC
14508,148.4,111872,2657,CS,MBC
14509,148.4,111874,1510,CS,SCA
14510,148.4,111875,3826,CE,BC
14511,148.4,111881,2750,EC,MBC
14512,148.4,111883,3795,ME,BCM
14513,148.4,111884,3905,ME,OC
14514,148.4,111885,3016,EE,MBC
14515,148.4,111886,2607,IT,SC
14516,148.4,111887,3826,ME,MBC
14517,148.4,111889,2716,RM,OC
14518,148.4,111893,4954,CE,OC
14519,148.4,111894,2665,CS,OC
14520,148.4,111895,5865,CS,SC
14521,148.4,111899,1523,IT,BC
14522,148.4,111900,2628,AD,SC
14523,148.4,111902,2614,CS,OC
14524,148.4,111903,3830,EC,MBC
14525,148.4,111904,2610,EC,MBC
14526,148.4,111905,1015,ME,MBC
14527,148.4,111906,2642,EE,OC
14528,148.4,111908,4978,CS,OC
14529,148.4,111910,3843,EE,OC
14530,148.4,111911,1412,EC,MBC
14531,148.4,111912,2609,EC,MBC
14532,148.4,111914,4953,CS,BC
14533,148.4,111919,2749,AD,BC
14534,148.4,111921,3826,CE,MBC
14535,148.4,111924,5919,CS,BC
14536,148.4,111928,4980,EE,OC
14537,148.4,111930,1207,IT,BC
14538,148.4,111933,1519,CS,OC
14539,148.4,111936,2636,EC,BC
14540,148.4,111939,2345,CS,BCM
14541,148.4,111940,2641,EC,OC
14542,148.4,111941,2622,IT,SC
14543,148.4,111945,2749,EC,OC
14544,148.4,111948,2345,EE,BC
14545,148.4,111951,3466,CS,OC
14546,148.4,111954,4974,ME,SCA
14547,148.4,111955,1512,EC,OC
14548,148.4,111956,1322,EC,SC
14549,148.4,111959,4959,CE,BC
14550,148.4,111961,3810,CS,BC
14551,148.4,111962,1405,ME,OC
14552,148.4,111967,3810,IT,MBC
14553,148.4,111970,5915,EC,OC
14554,148.4,111971,2636,AD,SC
14555,148.4,111972,2611,CE,OC
14556,148.4,111976,3786,AE,SC
14557,148.4,111978,2610,BM,SC
14558,148.4,111979,2732,IT,SC
14559,148.4,111980,3454,CS,BCM
14560,148.4,111982,1207,IT,MBC
14561,148.4,111983,1513,IT,BC
14562,148.3,111985,1207,IT,MBC
14563,148.3,111986,1238,BM,BC
14564,148.3,111991,3810,CS,MBC
14565,148.3,111992,3701,CE,BC
14566,148.3,111993,4970,ME,OC
14567,148.3,111997,2725,CS,SC
14568,148.3,112003,3805,BM,BC
14569,148.3,112004,2367,CE,OC
14570,148.3,112007,3826,ME,BC
14571,148.3,112008,3701,AL,SC
14572,148.3,112011,3803,ME,MBC
14573,148.3,112016,2314,EC,SC
14574,148.3,112019,1243,CS,OC
14575,148.3,112021,2707,CE,BC
14576,148.3,112023,2729,MZ,MBC
14577,148.3,112024,1237,EC,SC
14578,148.3,112028,4957,IT,BC
14579,148.3,112030,1217,EE,OC
14580,148.3,112033,2770,CS,OC
14581,148.3,112036,2729,AE,BCM
14582,148.3,112038,2610,ME,OC
14583,148.3,112044,1501,ME,OC
14584,148.3,112047,4975,EC,OC
14585,148.3,112048,1408,CS,SC
14586,148.3,112049,2719,CE,MBC
14587,148.3,112050,3841,CE,OC
14588,148.3,112051,2345,CS,SC
14589,148.3,112053,4917,CS,SC
14590,148.3,112056,1322,ME,OC
14591,148.3,112057,4670,EE,BC
14592,148.3,112058,4864,CE,OC
14593,148.3,112063,4676,CS,BC
14594,148.3,112065,2747,EC,MBC
14595,148.3,112066,2740,AD,SCA
14596,148.3,112067,1501,EE,OC
14597,148.3,112071,1405,ME,OC
14598,148.3,112072,2610,CS,SCA
14599,148.3,112076,2610,RM,OC
14600,148.3,112077,1414,EC,SC
14601,148.3,112084,3462,CS,SC
14602,148.3,112085,2713,EE,OC
14603,148.3,112089,1401,EC,BC
14604,148.3,112091,1412,CS,SC
14605,148.3,112092,1311,EC,SC
14606,148.3,112094,4989,CS,MBC
14607,148.3,112095,3829,CS,BC
14608,148.3,112096,4965,BM,SC
14609,148.3,112098,4928,CE,OC
14610,148.3,112103,2646,EE,OC
14611,148.3,112104,2722,IC,MBC
14612,148.3,112106,2328,BM,BC
14613,148.3,112107,1333,CS,OC
14614,148.3,112108,3908,ME,OC
14615,148.3,112110,4945,CS,OC
14616,148.3,112111,2726,AG,SC
14617,148.3,112112,4024,CE,BC
14618,148.3,112113,2622,CH,BC
14619,148.3,112115,3011,XC,SCA
14620,148.3,112116,3807,EC,BC
14621,148.2,112122,3806,EC,BC
14622,148.2,112125,3829,EC,MBC
14623,148.2,112127,1122,CE,BC
14624,148.2,112128,4999,CS,BC
14625,148.2,112129,2327,CS,MBC
14626,148.2,112130,2624,CS,MBC
14627,148.2,112132,3811,CS,BC
14628,148.2,112133,3920,AD,SC
14629,148.2,112134,2651,CS,BC
14630,148.2,112135,2622,CE,MBC
14631,148.2,112138,2732,CS,BC
14632,148.2,112140,2610,ME,OC
14633,148.2,112144,1207,BM,MBC
14634,148.2,112146,4948,EE,OC
14635,148.2,112148,4967,CS,BC
14636,148.2,112150,3011,XC,SC
14637,148.2,112151,5935,CS,BC
14638,148.2,112153,2636,EE,SCA
14639,148.2,112155,2624,EC,OC
14640,148.2,112158,3812,EC,OC
14641,148.2,112159,4023,ME,SC
14642,148.2,112161,2708,IT,SCA
14643,148.2,112162,2349,AD,BCM
14644,148.2,112163,4980,EE,OC
14645,148.2,112165,2623,BM,OC
14646,148.2,112168,3786,AE,BCM
14647,148.2,112171,1445,CS,OC
14648,148.2,112172,5022,CE,SC
14649,148.2,112175,1301,EC,BC
14650,148.2,112177,4965,ME,BC
14651,148.2,112179,1137,EC,OC
14652,148.2,112180,2713,CS,SCA
14653,148.2,112182,5910,IT,MBC
14654,148.2,112185,1416,CS,MBC
14655,148.2,112188,1441,EE,OC
14656,148.2,112192,5990,CS,BC
14657,148.2,112193,3811,EE,OC
14658,148.2,112197,3801,IC,OC
14659,148.2,112198,2622,EC,MBC
14660,148.2,112199,3905,CE,OC
14661,148.2,112201,2704,CE,BCM
14662,148.2,112203,5915,EC,OC
14663,148.2,112204,3812,EE,OC
14664,148.2,112207,1402,EC,OC
14665,148.2,112212,3846,CS,OC
14666,148.2,112214,3461,CS,OC
14667,148.2,112215,1412,EC,MBC
14668,148.2,112216,2721,ME,OC
14669,148.2,112217,5942,CE,OC
14670,148.2,112218,5930,CE,OC
14671,148.2,112219,5914,CS,BC
14672,148.2,112220,1126,EC,OC
14673,148.2,112221,1434,CS,BC
14674,148.2,112222,2734,ME,BC
14675,148.2,112223,2726,ME,MBC
14676,148.2,112225,1322,BM,MBC
14677,148.2,112226,4933,CS,BC
14678,148.2,112227,2624,BM,BC
14679,148.2,112228,3425,CS,SC
14680,148.2,112229,2620,EE,MBC
14681,148.2,112230,1120,CE,BC
14682,148.2,112231,1303,AG,OC
14683,148.2,112233,1501,ME,OC
14684,148.2,112236,1207,CS,SC
14685,148.2,112237,2651,CS,SCA
14686,148.2,112239,4981,EE,BC
14687,148.2,112240,3815,IT,BC
14688,148.2,112241,3016,ME,MBC
14689,148.2,112242,2623,CS,OC
14690,148.2,112243,2606,EC,OC
14691,148.2,112244,3425,CS,SC
14692,148.2,112247,3701,AD,SC
14693,148.2,112248,5912,CS,BC
14694,148.2,112249,2613,ME,MBC
14695,148.2,112250,5,MM,SC
14696,148.2,112251,2611,CS,SC
14697,148.2,112252,1310,IT,SC
14698,148.2,112253,4953,CS,BC
14699,148.2,112254,4676,CS,BC
14700,148.2,112255,2710,EE,SC
14701,148.2,112256,2620,EC,SC
14702,148.2,112257,3806,EC,SC
14703,148.2,112258,2610,BM,MBC
14704,148.2,112263,2618,ME,BCM
14705,148.2,112265,4670,CE,MBC
14706,148.2,112271,1306,EC,SC
14707,148.2,112272,4968,CS,OC
14708,148.2,112273,1324,EE,SC
14709,148.1,112276,4670,ME,BC
14710,148.1,112277,3812,CS,SCA
14711,148.1,112278,2345,EE,BC
14712,148.1,112280,2329,BM,SC
14713,148.1,112282,1230,EC,OC
14714,148.1,112283,2617,CS,MBC
14715,148.1,112285,2683,EE,OC
14716,148.1,112287,2764,CE,BCM
14717,148.1,112290,4670,EE,BC
14718,148.1,112291,3805,AD,SC
14719,148.1,112292,3805,BM,BC
14720,148.1,112293,4944,AD,BC
14721,148.1,112294,2612,CS,OC
14722,148.1,112295,2739,CO,SC
14723,148.1,112297,4949,ME,OC
14724,148.1,112298,2657,CS,BC
14725,148.1,112300,4981,CE,OC
14726,148.1,112301,4965,ME,BCM
14727,148.1,112302,1416,CS,BC
14728,148.1,112306,1416,CS,ST
14729,148.1,112310,2650,EC,SC
14730,148.1,112311,1120,ME,BCM
14731,148.1,112312,3812,IT,SC
14732,148.1,112313,3425,ME,OC
14733,148.1,112314,2347,ME,OC
14734,148.1,112316,1325,IT,SC
14735,148.1,112317,2758,CS,BC
14736,148.1,112320,3825,ME,OC
14737,148.1,112321,4944,EC,BC
14738,148.1,112322,5832,EC,SCA
14739,148.1,112323,2744,EC,MBC
14740,148.1,112328,2657,CS,BC
14741,148.1,112330,1441,ME,OC
14742,148.1,112331,3806,EC,SC
14743,148.1,112337,2349,BM,BCM
14744,148.1,112338,1421,EC,MBC
14745,148.1,112340,1432,ME,SC
14746,148.1,112343,2610,EC,MBC
14747,148.1,112344,2763,MZ,OC
14748,148.1,112345,3804,CS,MBC
14749,148.1,112346,4992,CS,BC
14750,148.1,112348,5703,CS,SC
14751,148.1,112349,2752,EE,OC
14752,148.1,112350,2609,CS,SC
14753,148.1,112351,3760,EC,SC
14754,148.1,112354,2708,CE,SC
14755,148.1,112355,3817,CE,OC
14756,148.1,112356,2611,CE,OC
14757,148.1,112361,3782,EC,MBC
14758,148.1,112362,3811,EE,OC
14759,148.1,112363,1412,EE,MBC
14760,148.1,112366,3801,CE,OC
14761,148.1,112367,3810,CS,MBC
14762,148.1,112369,2656,ME,BC
14763,148.1,112370,4978,CS,OC
14764,148.1,112373,3822,CS,OC
14765,148.1,112374,2610,BT,MBC
14766,148.1,112377,2314,AD,BC
14767,148.1,112378,2632,CS,BC
14768,148.1,112379,3804,CS,MBC
14769,148.1,112381,4989,CS,BC
14770,148.1,112385,3018,ME,OC
14771,148.1,112386,3021,ME,MBC
14772,148.1,112389,2622,CS,SC
14773,148.1,112391,2617,EE,OC
14774,148.1,112392,2657,CS,BC
14775,148.1,112397,2753,AG,OC
14776,148.1,112401,4676,ME,OC
14777,148.1,112403,2367,AD,OC
14778,148.1,112404,2611,AG,MBC
14779,148.1,112405,2341,CS,OC
14780,148.1,112407,3810,IT,MBC
14781,148.1,112409,2661,CS,SC
14782,148.0,112413,1207,IT,BC
14783,148.0,112416,2618,CE,SC
14784,148.0,112418,3805,ME,OC
14785,148.0,112421,3811,ME,OC
14786,148.0,112423,2772,CS,BC
14787,148.0,112424,2634,FD,OC
14788,148.0,112425,2767,EE,OC
14789,148.0,112426,4970,EC,OC
14790,148.0,112427,4023,ME,MBC
14791,148.0,112429,1120,CE,MBC
14792,148.0,112430,2634,AE,OC
14793,148.0,112436,2769,AD,BC
14794,148.0,112438,3825,CS,SC
14795,148.0,112439,4917,ME,OC
14796,148.0,112440,2328,BM,BC
14797,148.0,112442,3811,ME,OC
14798,148.0,112445,1238,ME,OC
14799,148.0,112446,1401,CE,OC
14800,148.0,112447,2741,EC,SC
14801,148.0,112449,2609,CS,MBC
14802,148.0,112451,1307,CE,SC
14803,148.0,112452,3806,EE,MBC
14804,148.0,112453,2610,MZ,OC
14805,148.0,112457,2624,CH,OC
14806,148.0,112462,2776,AG,BC
14807,148.0,112463,4670,CE,BC
14808,148.0,112464,2661,CE,OC
14809,148.0,112467,4959,CE,MBC
14810,148.0,112468,3019,EC,SC
14811,148.0,112469,1525,EE,OC
14812,148.0,112471,2641,EE,OC
14813,148.0,112472,4955,ME,BC
14814,148.0,112475,5942,CS,BC
14815,148.0,112477,2734,AD,SC
14816,148.0,112482,2653,ME,BCM
14817,148.0,112483,1421,ME,OC
14818,148.0,112484,3829,IT,SC
14819,148.0,112485,1408,EE,BC
14820,148.0,112486,2609,CS,BCM
14821,148.0,112487,2708,AU,BC
14822,148.0,112488,3843,EE,OC
14823,148.0,112490,1207,CS,SC
14824,148.0,112491,2620,EE,BC
14825,148.0,112492,2624,FD,MBC
14826,148.0,112493,3826,EE,SC
14827,148.0,112494,2611,EE,MBC
14828,148.0,112495,2659,BM,SC
14829,148.0,112496,2651,ME,OC
14830,148.0,112497,3807,EC,MBC
14831,148.0,112500,2632,ME,OC
14832,148.0,112503,2611,EE,MBC
14833,148.0,112507,4960,CE,SC
14834,148.0,112510,1325,EC,BCM
14835,148.0,112515,2707,AG,BC
14836,148.0,112518,5,ME,BC
14837,148.0,112524,1158,MR,OC
14838,148.0,112535,2752,EE,BC
14839,148.0,112536,2650,CS,SC
14840,148.0,112537,2314,EC,SCA
14841,148.0,112544,5703,CE,OC
14842,148.0,112545,2661,CE,OC
14843,148.0,112553,2731,EE,BC
14844,148.0,112554,2708,AU,MBC
14845,148.0,112561,3454,CS,MBC
14846,148.0,112566,1127,EC,BC
14847,148.0,112567,1116,EC,BC
14848,148.0,112569,5,CZ,MBC
14849,148.0,112570,1416,CS,BC
14850,148.0,112573,2736,ME,BC
14851,148.0,112576,1424,CS,BC
14852,148.0,112577,5,CZ,BC
14853,148.0,112578,3801,IT,SC
14854,148.0,112582,5,CZ,MBC
14855,148.0,112586,1322,AE,OC
14856,148.0,112588,2607,BT,SC
14857,148.0,112595,5010,ME,MBC
14858,148.0,112598,2711,EC,SC
14859,148.0,112600,1416,CS,MBC
14860,148.0,112601,2740,PH,SC
14861,148.0,112603,2610,BM,MBC
14862,148.0,112608,2727,CS,SC
14863,148.0,112616,2726,CS,SC
14864,148.0,112621,2727,BT,SC
14865,148.0,112622,3805,CE,OC
14866,148.0,112624,1431,CS,SC
14867,148.0,112627,2657,EC,MBC
14868,148.0,112628,2625,BM,OC
14869,148.0,112633,5913,ME,OC
14870,148.0,112634,3806,CS,SC
14871,148.0,112636,2713,CS,BC
14872,148.0,112637,4952,CS,OC
14873,148.0,112641,1014,CE,SC
14874,148.0,112644,2650,CS,ST
14875,148.0,112647,3425,ME,OC
14876,148.0,112649,3806,EE,MBC
14877,148.0,112652,2704,CE,MBC
14878,148.0,112655,2713,CS,SC
14879,148.0,112658,2767,CS,OC
14880,148.0,112659,3849,CS,OC
14881,148.0,112661,4967,CS,BC
14882,148.0,112664,4670,ME,BC
14883,148.0,112666,2354,ME,OC
14884,148.0,112669,2624,AD,BCM
14885,148.0,112674,2641,EC,OC
14886,148.0,112675,1015,ME,SC
14887,148.0,112677,2314,AG,MBC
14888,148.0,112679,2769,PD,BC
14889,148.0,112680,2661,EC,BC
14890,148.0,112681,1217,BM,SC
14891,148.0,112683,4992,CE,OC
14892,148.0,112687,1505,IT,MBC
14893,148.0,112688,2659,CE,OC
14894,148.0,112692,3812,CS,BC
14895,148.0,112696,2632,IT,BC
14896,148.0,112697,1414,CE,BC
14897,148.0,112698,5912,EE,OC
14898,148.0,112700,2342,EE,OC
14899,148.0,112701,1207,IT,BC
14900,148.0,112702,2345,EE,BC
14901,148.0,112704,1123,EC,OC
14902,147.9,112707,1123,CS,SC
14903,147.9,112709,1411,BT,OC
14904,147.9,112712,1510,CS,MBC
14905,147.9,112713,3811,EE,OC
14906,147.9,112714,2646,EE,OC
14907,147.9,112716,2624,FD,SC
14908,147.9,112718,2639,CS,SC
14909,147.9,112720,4917,ME,OC
14910,147.9,112721,2758,IT,BC
14911,147.9,112723,2611,MC,MBC
14912,147.9,112727,3454,BM,MBC
14913,147.9,112728,1420,EC,BCM
14914,147.9,112729,2755,CS,SC
14915,147.9,112733,1519,CS,MBC
14916,147.9,112737,2745,CS,SCA
14917,147.9,112739,2752,IT,MBC
14918,147.9,112740,3805,ME,OC
14919,147.9,112741,3817,BT,SC
14920,147.9,112742,1411,CS,SC
14921,147.9,112745,4949,CS,SC
14922,147.9,112746,2612,CS,OC
14923,147.9,112747,1322,ME,OC
14924,147.9,112748,3829,CS,BC
14925,147.9,112749,4953,CS,BC
14926,147.9,112750,2610,IT,MBC
14927,147.9,112751,4928,EC,BC
14928,147.9,112754,3806,EC,MBC
14929,147.9,112755,2705,IT,SC
14930,147.9,112756,3908,EC,BC
14931,147.9,112758,2753,ME,OC
14932,147.9,112760,3826,EE,SC
14933,147.9,112761,2623,CS,OC
14934,147.9,112767,4964,CS,MBC
14935,147.9,112768,4928,CE,OC
14936,147.9,112769,1303,CS,SC
14937,147.9,112770,2707,AG,SCA
14938,147.9,112773,5935,CS,BC
14939,147.9,112774,3812,CS,SC
14940,147.9,112777,2749,CS,BC
14941,147.9,112778,3016,EE,BC
14942,147.9,112779,2338,CS,OC
14943,147.9,112780,1325,ME,OC
14944,147.9,112781,2328,BM,BC
14945,147.9,112782,3456,CS,BCM
14946,147.9,112784,2621,EC,MBC
14947,147.9,112785,2608,CE,BC
14948,147.9,112786,5919,EC,OC
14949,147.9,112787,2621,CE,OC
14950,147.9,112790,3817,CS,MBC
14951,147.9,112792,2704,EE,SC
14952,147.9,112793,3810,CS,BC
14953,147.9,112795,2609,CE,OC
14954,147.9,112797,3782,CS,BC
14955,147.9,112798,2630,EE,OC
14956,147.9,112799,2302,BM,SC
14957,147.9,112807,1127,EC,BC
14958,147.9,112809,2708,CE,MBC
14959,147.9,112811,1322,EC,SC
14960,147.9,112813,4928,CE,OC
14961,147.9,112814,2627,CS,SC
14962,147.9,112815,2608,CE,SC
14963,147.8,112816,5910,EC,SC
14964,147.8,112817,2702,EE,SCA
14965,147.8,112819,2624,FD,BCM
14966,147.8,112820,2608,EE,BCM
14967,147.8,112823,2606,AE,OC
14968,147.8,112826,1230,EC,OC
14969,147.8,112828,3812,ME,OC
14970,147.8,112830,2726,AU,MBC
14971,147.8,112831,2665,CS,OC
14972,147.8,112832,4933,CS,BC
14973,147.8,112834,5832,EC,BC
14974,147.8,112835,3805,EC,MBC
14975,147.8,112836,2627,BT,MBC
14976,147.8,112837,3807,CE,OC
14977,147.8,112838,2627,CS,SC
14978,147.8,112839,4670,EE,BC
14979,147.8,112840,2749,ME,OC
14980,147.8,112842,2346,CS,OC
14981,147.8,112843,3815,EC,MBC
14982,147.8,112844,3805,EC,BCM
14983,147.8,112847,5924,CS,OC
14984,147.8,112848,5703,ME,OC
14985,147.8,112850,2751,ME,MBC
14986,147.8,112852,5915,EC,BC
14987,147.8,112854,5530,CE,OC
14988,147.8,112859,4676,CS,SC
14989,147.8,112864,1210,CS,SCA
14990,147.8,112866,3854,CS,OC
14991,147.8,112867,2625,ME,OC
14992,147.8,112870,1309,CE,MBC
14993,147.8,112871,3829,ME,OC
14994,147.8,112873,2640,CS,OC
14995,147.8,112874,1505,CS,SC
14996,147.8,112876,3454,AG,SC
14997,147.8,112877,2650,CS,MBC
14998,147.8,112878,1421,ME,OC
14999,147.8,112881,4669,CS,MBC
15000,147.8,112882,2617,EC,OC
15001,147.8,112883,4969,CS,SC
15002,147.8,112884,2614,IT,OC
15003,147.8,112885,2608,ME,MBC
15004,147.8,112890,2629,IT,BC
15005,147.8,112892,1202,CS,SC
15006,147.8,112893,2610,EE,MBC
15007,147.8,112896,1210,ME,MBC
15008,147.8,112899,2610,ME,OC
15009,147.8,112903,3849,EC,OC
15010,147.8,112906,3760,ME,OC
15011,147.8,112909,1436,CS,OC
15012,147.8,112911,2629,MD,BC
15013,147.8,112913,2747,EC,MBC
15014,147.8,112916,2707,CH,SC
15015,147.8,112919,2601,EE,BC
15016,147.8,112920,5530,ME,BC
15017,147.8,112922,3806,ME,OC
15018,147.8,112925,2328,ME,BC
15019,147.8,112926,2722,CE,MBC
15020,147.8,112928,2608,CE,BC
15021,147.8,112929,2328,EC,MBC
15022,147.8,112930,5990,CS,BC
15023,147.8,112931,2776,AU,OC
15024,147.8,112933,1015,ME,BC
15025,147.8,112943,2357,CE,MBC
15026,147.8,112944,2357,EE,MBC
15027,147.8,112945,2342,CS,SC
15028,147.8,112947,2747,EC,SC
15029,147.8,112949,1523,CS,BC
15030,147.8,112950,3805,BM,BC
15031,147.8,112953,1126,CS,SC
15032,147.8,112956,2302,CS,BC
15033,147.8,112959,2749,CS,BC
15034,147.8,112960,2611,AG,BCM
15035,147.8,112961,2623,BM,OC
15036,147.8,112962,3018,EE,OC
15037,147.8,112963,1243,IT,OC
15038,147.8,112964,3918,CS,SC
15039,147.8,112967,4970,CS,SC
15040,147.8,112968,3826,EE,SC
15041,147.8,112970,1510,CE,OC
15042,147.8,112973,2741,EE,SC
15043,147.8,112974,3805,BM,SC
15044,147.8,112975,5907,EE,OC
15045,147.8,112976,2729,MZ,BC
15046,147.8,112977,2606,EC,OC
15047,147.8,112978,2634,FD,OC
15048,147.7,112983,1420,AE,SCA
15049,147.7,112985,3410,EE,OC
15050,147.7,112986,4949,CS,SC
15051,147.7,112987,1106,IT,BC
15052,147.7,112988,1225,ME,MBC
15053,147.7,112990,1013,XM,OC
15054,147.7,112991,4965,CE,OC
15055,147.7,112992,2632,CS,BC
15056,147.7,112993,2342,ME,OC
15057,147.7,112999,2625,EE,OC
15058,147.7,113000,2707,EE,BC
15059,147.7,113001,2360,ME,OC
15060,147.7,113003,1430,CS,OC
15061,147.7,113005,3803,IT,MBC
15062,147.7,113006,2614,TX,MBC
15063,147.7,113007,3908,CS,SC
15064,147.7,113008,2657,EC,MBC
15065,147.7,113009,1205,CS,OC
15066,147.7,113011,3011,ME,SCA
15067,147.7,113013,2734,MO,BC
15068,147.7,113014,1408,ME,OC
15069,147.7,113015,1523,CS,BC
15070,147.7,113016,1401,ME,OC
15071,147.7,113020,1519,CS,SC
15072,147.7,113021,4993,AG,SC
15073,147.7,113023,2725,CS,SC
15074,147.7,113024,2767,CS,OC
15075,147.7,113025,2657,EC,BC
15076,147.7,113026,3812,CS,MBC
15077,147.7,113027,1226,ME,MBC
15078,147.7,113028,2345,ME,OC
15079,147.7,113030,3786,AE,BC
15080,147.7,113032,2715,CH,MBC
15081,147.7,113035,1310,CE,OC
15082,147.7,113036,1519,ME,OC
15083,147.7,113040,5901,ME,SCA
15084,147.7,113041,1122,CE,MBC
15085,147.7,113042,2601,ME,OC
15086,147.7,113043,5912,CS,BC
15087,147.7,113044,2745,EE,OC
15088,147.7,113045,2735,EE,SC
15089,147.7,113048,3786,CS,SC
15090,147.7,113049,1316,CS,SC
15091,147.7,113051,1316,MU,OC
15092,147.7,113052,1504,CS,MBC
15093,147.7,113053,1430,CS,OC
15094,147.7,113054,4670,EC,BCM
15095,147.7,113055,3821,CS,OC
15096,147.7,113058,2741,ME,SC
15097,147.7,113062,3786,AE,BC
15098,147.7,113063,5904,ME,BC
15099,147.7,113064,1412,ME,OC
15100,147.7,113065,3826,EC,MBC
15101,147.7,113066,3806,EC,BC
15102,147.7,113067,2628,CS,SCA
15103,147.7,113070,2743,AG,BC
15104,147.7,113074,1507,EE,OC
15105,147.7,113075,1233,AD,SCA
15106,147.7,113076,5912,CS,BC
15107,147.7,113078,2624,IT,BC
15108,147.7,113080,2726,ME,MBC
15109,147.7,113082,2713,EC,MBC
15110,147.7,113083,4669,EE,OC
15111,147.7,113084,3810,CS,SCA
15112,147.7,113087,1217,AD,SC
15113,147.7,113088,2643,CS,SC
15114,147.7,113090,3812,ME,OC
15115,147.7,113092,1424,CS,BC
15116,147.7,113093,2639,ME,OC
15117,147.7,113094,1444,EC,OC
15118,147.7,113095,4672,CE,OC
15119,147.7,113097,3760,CS,BC
15120,147.7,113098,4969,EC,OC
15121,147.7,113099,2741,EC,SC
15122,147.7,113101,4944,AD,BC
15123,147.7,113102,2632,IT,BC
15124,147.7,113103,3905,EC,BC
15125,147.6,113104,2776,AU,OC
15126,147.6,113106,1123,IT,MBC
15127,147.6,113107,2613,AU,OC
15128,147.6,113109,2734,ME,SC
15129,147.6,113110,3410,CS,BC
15130,147.6,113116,3813,CS,OC
15131,147.6,113118,2329,AD,SC
15132,147.6,113119,3425,ME,OC
15133,147.6,113120,1211,CD,SCA
15134,147.6,113121,3805,EC,BC
15135,147.6,113122,3011,XM,OC
15136,147.6,113124,3803,ME,BC
15137,147.6,113125,1301,ME,OC
15138,147.6,113127,1207,RM,OC
15139,147.6,113130,2726,FD,SC
15140,147.6,113132,1207,CS,BC
15141,147.6,113136,2745,AD,SC
15142,147.6,113137,2745,AD,ST
15143,147.6,113141,4957,ME,BC
15144,147.6,113142,2630,EC,SCA
15145,147.6,113143,2622,AD,MBC
15146,147.6,113145,3843,EE,MBC
15147,147.6,113151,2347,EC,SC
15148,147.6,113152,2713,IT,OC
15149,147.6,113153,5536,CS,MBC
15150,147.6,113154,3825,CS,SC
15151,147.6,113156,2753,BM,MBC
15152,147.6,113157,2608,CB,MBC
15153,147.6,113160,1436,CS,MBC
15154,147.6,113161,2731,ME,SC
15155,147.6,113162,3806,ME,OC
15156,147.6,113163,3782,CS,SC
15157,147.6,113165,2632,IT,BC
15158,147.6,113166,1207,IT,SC
15159,147.6,113170,3826,ME,MBC
15160,147.6,113173,3811,ME,OC
15161,147.6,113175,1431,CS,SC
15162,147.6,113177,2630,EE,OC
15163,147.6,113178,4669,EE,OC
15164,147.6,113180,4953,CS,MBC
15165,147.6,113181,4944,AD,BC
15166,147.6,113183,2328,BM,BC
15167,147.6,113184,1402,CS,OC
15168,147.6,113185,1405,EC,BC
15169,147.6,113186,1401,ME,OC
15170,147.6,113187,4023,EE,SC
15171,147.6,113190,2624,IT,SCA
15172,147.6,113191,3811,EE,OC
15173,147.6,113192,1101,ME,OC
15174,147.6,113193,2737,CS,OC
15175,147.6,113195,2611,ME,OC
15176,147.6,113200,5,ME,BC
15177,147.6,113201,4980,ME,OC
15178,147.6,113202,1207,IT,MBC
15179,147.6,113203,5865,EC,BC
15180,147.6,113205,2609,CS,SCA
15181,147.6,113207,2609,AE,OC
15182,147.6,113208,2651,AD,BC
15183,147.6,113209,2606,CS,SC
15184,147.6,113211,1430,CE,OC
15185,147.6,113214,3782,CS,MBC
15186,147.6,113215,2729,EE,SC
15187,147.6,113217,1523,IT,BC
15188,147.6,113219,2338,CS,OC
15189,147.6,113221,2702,EE,SC
15190,147.6,113222,4955,ME,MBC
15191,147.6,113223,5022,CE,MBC
15192,147.6,113224,2618,ME,SC
15193,147.6,113228,3825,CS,SC
15194,147.6,113229,3846,CS,OC
15195,147.6,113230,4989,CS,BC
15196,147.6,113232,2341,EC,OC
15197,147.6,113233,3843,CS,SC
15198,147.6,113234,4993,EC,OC
15199,147.6,113236,5913,EC,SC
15200,147.6,113238,4965,ME,MBC
15201,147.6,113244,3425,CE,OC
15202,147.6,113246,3016,EE,SC
15203,147.6,113247,5930,CS,BC
15204,147.6,113248,1122,CH,MBC
15205,147.6,113249,3461,ME,OC
15206,147.6,113250,2715,ME,OC
15207,147.6,113251,4959,CE,BC
15208,147.6,113252,2749,CS,BC
15209,147.6,113254,2764,CS,SC
15210,147.6,113255,4971,CE,BCM
15211,147.6,113256,1605,IT,OC
15212,147.6,113257,3841,ME,OC
15213,147.6,113258,4964,MR,BC
15214,147.6,113259,1509,ME,OC
15215,147.6,113261,2657,EC,MBC
15216,147.6,113263,5536,ME,OC
15217,147.6,113264,2747,EC,MBC
15218,147.6,113265,3021,ME,BC
15219,147.5,113267,2643,CS,BC
15220,147.5,113268,2723,CS,SC
15221,147.5,113269,5915,EC,BC
15222,147.5,113273,4984,CS,BC
15223,147.5,113274,1436,ME,OC
15224,147.5,113275,2653,CE,MBC
15225,147.5,113276,1501,EC,BC
15226,147.5,113277,3920,CS,BC
15227,147.5,113281,1319,IT,BC
15228,147.5,113282,3425,ME,OC
15229,147.5,113284,2648,EC,OC
15230,147.5,113285,1313,CS,SC
15231,147.5,113289,3019,EE,MBC
15232,147.5,113290,5910,ME,SC
15233,147.5,113293,2620,TS,SC
15234,147.5,113294,2606,EC,OC
15235,147.5,113295,1303,CS,SC
15236,147.5,113296,5530,CE,MBC
15237,147.5,113300,2328,BM,BCM
15238,147.5,113305,1421,CS,BCM
15239,147.5,113313,3804,ME,OC
15240,147.5,113316,4676,EE,OC
15241,147.5,113317,1207,IT,BC
15242,147.5,113318,1128,EC,SCA
15243,147.5,113319,1316,MZ,MBC
15244,147.5,113320,1127,EC,BC
15245,147.5,113323,4969,CS,BC
15246,147.5,113326,1237,EC,SC
15247,147.5,113329,2624,IT,MBC
15248,147.5,113330,4955,CE,MBC
15249,147.5,113331,1110,BT,BC
15250,147.5,113334,4680,EE,BC
15251,147.5,113336,2704,ME,MBC
15252,147.5,113339,2723,EC,MBC
15253,147.5,113342,1504,EE,MBC
15254,147.5,113344,5832,CE,OC
15255,147.5,113346,2608,EC,BCM
15256,147.5,113354,4993,CS,SC
15257,147.5,113358,1140,EC,SC
15258,147.5,113364,2772,CS,MBC
15259,147.5,113375,5910,EC,MBC
15260,147.5,113378,3815,EC,BCM
15261,147.5,113396,1430,CS,OC
15262,147.5,113400,1509,EC,SC
15263,147.5,113401,1225,EE,MBC
15264,147.5,113403,2764,CE,BCM
15265,147.5,113404,5530,EE,BC
15266,147.5,113408,1228,CS,SC
15267,147.5,113410,2769,CS,MBC
15268,147.5,113419,2653,ME,BC
15269,147.5,113421,2719,ME,SC
15270,147.5,113422,4917,BT,BC
15271,147.5,113423,1238,BM,MBC
15272,147.5,113430,1120,EI,SC
15273,147.5,113433,4024,ME,MBC
15274,147.5,113434,1101,CS,SC
15275,147.5,113435,5865,ME,OC
15276,147.5,113437,2740,ME,MBC
15277,147.5,113439,1238,ME,OC
15278,147.5,113440,3701,EC,MBC
15279,147.5,113443,1405,CS,SC
15280,147.5,113444,1123,CS,SC
15281,147.5,113449,2636,ME,OC
15282,147.5,113453,2624,AG,OC
15283,147.5,113454,2752,EE,MBC
15284,147.5,113455,1426,CS,OC
15285,147.5,113456,1412,EC,BC
15286,147.5,113457,4917,EE,MBC
15287,147.5,113458,2647,IT,OC
15288,147.5,113464,1217,AD,SC
15289,147.5,113467,5536,EE,OC
15290,147.5,113468,2740,ME,MBC
15291,147.5,113469,1015,ME,BC
15292,147.5,113476,4917,ME,OC
15293,147.5,113477,5912,CS,BC
15294,147.5,113478,3806,EC,BC
15295,147.5,113480,2314,EC,SC
15296,147.5,113481,1106,CS,MBC
15297,147.5,113483,2772,CS,BC
15298,147.5,113484,2716,IT,MBC
15299,147.5,113486,3822,CS,OC
15300,147.5,113489,2624,EC,OC
15301,147.5,113490,1430,EE,OC
15302,147.4,113493,3786,EE,OC
15303,147.4,113495,3805,RM,OC
15304,147.4,113496,3806,EC,BC
15305,147.4,113497,3812,EC,OC
15306,147.4,113498,2609,AG,MBC
15307,147.4,113499,2722,CE,MBC
15308,147.4,113501,3425,ME,OC
15309,147.4,113502,1318,CS,OC
15310,147.4,113503,4999,AD,BC
15311,147.4,113507,3805,ME,OC
15312,147.4,113508,2643,EC,OC
15313,147.4,113509,4020,ME,MBC
15314,147.4,113510,4972,CE,OC
15315,147.4,113511,1412,CS,BC
15316,147.4,113512,2638,CS,OC
15317,147.4,113515,1303,ME,OC
15318,147.4,113517,2607,EC,SC
15319,147.4,113518,2622,CS,SC
15320,147.4,113524,2624,AD,MBC
15321,147.4,113525,1424,PE,MBC
15322,147.4,113527,1424,ME,OC
15323,147.4,113528,1127,BT,BC
15324,147.4,113529,2625,BM,OC
15325,147.4,113530,2601,CE,OC
15326,147.4,113532,1430,ME,OC
15327,147.4,113534,2609,CY,MBC
15328,147.4,113535,3760,AG,BC
15329,147.4,113537,5988,EC,BC
15330,147.4,113539,1316,IT,SC
15331,147.4,113541,1230,EC,OC
15332,147.4,113543,2710,ME,MBC
15333,147.4,113545,3826,ME,MBC
15334,147.4,113549,2347,ME,OC
15335,147.4,113551,3806,EC,BC
15336,147.4,113555,1412,EC,BC
15337,147.4,113556,4954,IT,SC
15338,147.4,113557,3806,EE,BC
15339,147.4,113558,2752,EE,BC
15340,147.4,113559,4955,EC,SC
15341,147.4,113560,2302,IT,MBC
15342,147.4,113561,4999,CS,BC
15343,147.4,113562,5910,IT,SC
15344,147.4,113563,1510,EE,OC
15345,147.4,113566,1419,CS,SCA
15346,147.4,113567,2639,EE,OC
15347,147.4,113568,2769,AD,BC
15348,147.4,113569,2739,CB,SC
15349,147.4,113570,1319,IT,MBC
15350,147.4,113572,3805,CS,SC
15351,147.4,113573,2342,EC,BC
15352,147.4,113574,3849,IT,SC
15353,147.4,113577,3021,ME,MBC
15354,147.4,113579,2639,CS,SC
15355,147.4,113581,5536,CS,SC
15356,147.4,113582,2657,EC,MBC
15357,147.4,113583,4959,ME,MBC
15358,147.4,113584,2683,ME,OC
15359,147.4,113585,3813,EC,OC
15360,147.4,113586,4676,EE,OC
15361,147.4,113587,1426,EC,OC
15362,147.4,113589,3820,CS,MBC
15363,147.4,113591,2762,CS,MBC
15364,147.4,113594,1504,EE,SC
15365,147.4,113595,2611,AG,BC
15366,147.4,113597,3843,EC,MBC
15367,147.4,113599,2642,EC,MBC
15368,147.4,113601,2625,BM,OC
15369,147.4,113603,2657,CS,BC
15370,147.4,113604,4999,CS,BC
15371,147.4,113605,2624,AD,MBC
15372,147.4,113607,3805,ME,MBC
15373,147.4,113611,4953,ME,OC
15374,147.4,113614,3462,ME,OC
15375,147.4,113615,4984,CS,BC
15376,147.4,113616,1424,CS,SC
15377,147.4,113617,1519,EE,OC
15378,147.4,113618,2706,ME,BCM
15379,147.4,113623,2656,EE,SC
15380,147.4,113624,5502,EC,OC
15381,147.4,113626,2707,ME,BC
15382,147.4,113627,4948,CS,OC
15383,147.4,113628,2726,IT,SC
15384,147.4,113629,2768,EC,OC
15385,147.4,113634,1210,EE,SC
15386,147.4,113635,5832,ME,OC
15387,147.4,113638,2749,IT,SC
15388,147.4,113639,1520,ME,OC
15389,147.3,113640,4999,CS,BC
15390,147.3,113641,1414,ME,BC
15391,147.3,113642,1519,CS,BC
15392,147.3,113643,2621,EE,BC
15393,147.3,113644,3805,RM,OC
15394,147.3,113645,3813,CS,MBC
15395,147.3,113648,1411,IT,MBC
15396,147.3,113651,5022,EE,SC
15397,147.3,113657,1126,CS,SC
15398,147.3,113658,2743,ME,OC
15399,147.3,113662,1414,EE,BC
15400,147.3,113664,2640,CE,OC
15401,147.3,113665,2642,EE,OC
15402,147.3,113666,3410,EE,OC
15403,147.3,113668,1226,EE,MBC
15404,147.3,113675,4999,ME,OC
15405,147.3,113676,4670,ME,BC
15406,147.3,113678,1325,ME,OC
15407,147.3,113679,3801,ME,BC
15408,147.3,113681,2611,BM,BC
15409,147.3,113682,2712,ME,ST
15410,147.3,113684,2643,CS,BC
15411,147.3,113686,5919,CS,MBC
15412,147.3,113688,2638,CS,OC
15413,147.3,113689,1207,BM,BC
15414,147.3,113690,2608,EC,MBC
15415,147.3,113691,2611,BM,BC
15416,147.3,113695,4943,CS,OC
15417,147.3,113697,2763,EC,BC
15418,147.3,113698,2608,EC,SC
15419,147.3,113699,1207,CS,BC
15420,147.3,113700,4993,IT,OC
15421,147.3,113702,4676,ME,OC
15422,147.3,113706,2634,ME,OC
15423,147.3,113709,2610,CS,SC
15424,147.3,113711,2624,CS,BC
15425,147.3,113713,2622,EE,SC
15426,147.3,113716,3806,EE,BC
15427,147.3,113718,3807,AE,OC
15428,147.3,113719,4949,MZ,OC
15429,147.3,113722,3760,AD,BC
15430,147.3,113723,1218,MZ,OC
15431,147.3,113725,5530,ME,MBC
15432,147.3,113728,1402,CS,OC
15433,147.3,113730,2705,EE,OC
15434,147.3,113732,2707,CS,ST
15435,147.3,113733,2731,ME,SC
15436,147.3,113734,1319,CS,SC
15437,147.3,113735,3786,ME,OC
15438,147.3,113736,4023,XM,OC
15439,147.3,113739,4944,EC,BC
15440,147.3,113743,1316,MU,OC
15441,147.3,113744,1405,CS,SC
15442,147.3,113746,1316,CS,SC
15443,147.3,113747,3811,CS,MBC
15444,147.3,113748,1106,CS,SC
15445,147.3,113749,4927,ME,OC
15446,147.3,113750,2715,EE,BC
15447,147.3,113753,3805,EC,BCM
15448,147.3,113756,2302,IT,BC
15449,147.3,113760,1441,CS,OC
15450,147.3,113761,4993,CS,SC
15451,147.3,113765,5017,CE,OC
15452,147.3,113767,3805,CH,OC
15453,147.3,113770,4675,CS,MBC
15454,147.3,113772,2653,IT,SC
15455,147.2,113777,3801,EC,SC
15456,147.2,113778,2327,CS,MBC
15457,147.2,113779,1317,EE,SC
15458,147.2,113780,1228,ME,OC
15459,147.2,113781,5904,ME,MBC
15460,147.2,113782,2608,AL,MBC
15461,147.2,113783,3810,CS,BC
15462,147.2,113784,4992,CS,SC
15463,147.2,113786,1427,CS,BC
15464,147.2,113787,2727,IT,SC
15465,147.2,113789,4928,ME,OC
15466,147.2,113790,3829,ME,OC
15467,147.2,113792,3782,CS,SC
15468,147.2,113802,4933,CS,BC
15469,147.2,113806,2623,IT,BC
15470,147.2,113807,4933,EE,OC
15471,147.2,113808,2614,IT,OC
15472,147.2,113809,4917,AG,SC
15473,147.2,113811,4993,EC,OC
15474,147.2,113814,2302,AG,SC
15475,147.2,113816,2727,IT,SC
15476,147.2,113817,3462,ME,OC
15477,147.2,113818,4961,EC,OC
15478,147.2,113821,1241,ME,OC
15479,147.2,113824,1126,CS,SC
15480,147.2,113826,4972,ME,OC
15481,147.2,113827,2610,AD,BCM
15482,147.2,113828,3786,EC,SC
15483,147.2,113829,1422,MD,SC
15484,147.2,113838,4982,ME,OC
15485,147.2,113839,3019,ME,SC
15486,147.2,113843,2634,AE,OC
15487,147.2,113845,1322,AG,MBC
15488,147.2,113848,1411,BT,OC
15489,147.2,113851,3810,CS,BC
15490,147.2,113852,3019,ME,SC
15491,147.2,113857,1424,RM,OC
15492,147.2,113859,1414,IT,MBC
15493,147.2,113860,1437,ME,OC
15494,147.2,113864,3806,EC,MBC
15495,147.2,113865,2627,EC,OC
15496,147.2,113866,1437,CS,OC
15497,147.2,113867,1430,EE,OC
15498,147.2,113868,2651,EE,BC
15499,147.2,113871,3806,CE,OC
15500,147.2,113872,2609,CS,BCM
15501,147.2,113873,2710,EC,SC
15502,147.2,113876,2732,CS,BC
15503,147.2,113877,5904,ME,BC
15504,147.2,113878,3810,AD,SC
15505,147.2,113880,2743,AD,SC
15506,147.2,113881,2732,CS,SC
15507,147.2,113882,1441,ME,OC
15508,147.2,113883,3843,ME,OC
15509,147.2,113885,4981,ME,BC
15510,147.2,113887,2652,EC,OC
15511,147.2,113888,5536,CS,SC
15512,147.2,113889,5532,ME,BC
15513,147.2,113893,1319,AD,BC
15514,147.2,113897,1221,EC,OC
15515,147.2,113898,2639,IT,OC
15516,147.2,113903,4675,EC,BC
15517,147.2,113904,3829,ME,OC
15518,147.2,113906,4965,EC,SC
15519,147.2,113908,3018,EC,SC
15520,147.2,113911,3805,EC,BC
15521,147.2,113913,2609,EC,BC
15522,147.1,113915,2743,EC,BC
15523,147.1,113917,2715,ME,OC
15524,147.1,113920,2611,EE,MBC
15525,147.1,113921,4959,CS,SC
15526,147.1,113925,3810,CS,MBC
15527,147.1,113927,2609,AE,OC
15528,147.1,113928,2741,ME,BC
15529,147.1,113929,4967,CS,BCM
15530,147.1,113931,1133,CS,MBC
15531,147.1,113933,1207,CS,BC
15532,147.1,113934,2611,AE,OC
15533,147.1,113936,5986,ME,SC
15534,147.1,113938,4675,ME,OC
15535,147.1,113939,2651,FT,OC
15536,147.1,113941,1207,CS,BC
15537,147.1,113942,1322,FD,MBC
15538,147.1,113945,3843,ME,OC
15539,147.1,113948,3831,EC,OC
15540,147.1,113949,2613,ME,MBC
15541,147.1,113950,2716,EC,MBC
15542,147.1,113955,2636,CE,ST
15543,147.1,113957,2643,EE,OC
15544,147.1,113958,2627,ME,OC
15545,147.1,113960,1405,EE,OC
15546,147.1,113961,3810,EC,BC
15547,147.1,113962,2725,CS,SC
15548,147.1,113963,2625,CS,OC
15549,147.1,113969,1518,IT,OC
15550,147.1,113977,3805,EC,BCM
15551,147.1,113979,1207,CS,MBC
15552,147.1,113980,3805,ME,SC
15553,147.1,113981,1512,CS,OC
15554,147.1,113982,3803,EC,MBC
15555,147.1,113985,5832,EC,BC
15556,147.1,113987,3905,EE,OC
15557,147.1,113988,5017,CE,OC
15558,147.1,113989,4928,ME,OC
15559,147.1,113990,2642,EC,MBC
15560,147.1,113992,3817,CS,SC
15561,147.1,113996,2636,EC,SC
15562,147.1,113998,5942,IT,MBC
15563,147.1,113999,3805,ME,SC
15564,147.1,114000,1137,EC,OC
15565,147.1,114002,3826,ME,BC
15566,147.1,114004,2769,PE,OC
15567,147.1,114005,1518,IT,OC
15568,147.1,114006,2734,TS,SC
15569,147.1,114007,2763,ME,OC
15570,147.1,114010,4955,AD,SCA
15571,147.1,114011,1322,AG,MBC
15572,147.1,114013,2749,AD,SC
15573,147.1,114016,2329,BM,MBC
15574,147.1,114017,4953,IT,OC
15575,147.1,114018,3410,EC,SC
15576,147.1,114019,5910,EC,SC
15577,147.1,114020,4959,CS,SC
15578,147.1,114024,2630,EE,OC
15579,147.1,114025,1309,ME,BCM
15580,147.1,114033,2347,ME,OC
15581,147.1,114035,4966,EC,BC
15582,147.1,114036,5865,EC,BCM
15583,147.1,114038,2753,CS,SC
15584,147.1,114039,5,ME,BC
15585,147.1,114040,1133,EC,OC
15586,147.1,114041,1412,EC,MBC
15587,147.1,114044,1207,IT,SC
15588,147.1,114045,5703,EE,OC
15589,147.1,114046,4999,ME,OC
15590,147.1,114047,5536,ME,OC
15591,147.1,114049,1316,MZ,BC
15592,147.1,114051,2727,ME,MBC
15593,147.1,114052,1430,CS,OC
15594,147.1,114053,5865,EE,BC
15595,147.1,114055,2752,EC,MBC
15596,147.0,114056,1218,EE,OC
15597,147.0,114057,1316,ME,OC
15598,147.0,114058,5703,CS,BC
15599,147.0,114059,5703,IT,MBC
15600,147.0,114065,2743,EE,SC
15601,147.0,114067,5502,EC,OC
15602,147.0,114068,2643,CS,BC
15603,147.0,114069,2636,ME,OC
15604,147.0,114073,2749,AD,SC
15605,147.0,114076,2749,ME,OC
15606,147.0,114078,2327,CS,SC
15607,147.0,114079,3801,EE,BC
15608,147.0,114081,3806,ME,OC
15609,147.0,114082,4969,EE,SC
15610,147.0,114083,2369,CE,SCA
15611,147.0,114084,1120,ME,MBC
15612,147.0,114085,2707,CJ,MBC
15613,147.0,114086,1322,EC,MBC
15614,147.0,114087,1140,ME,MBC
15615,147.0,114088,5,ME,MBC
15616,147.0,114089,1316,MU,BC
15617,147.0,114091,1230,EC,OC
15618,147.0,114095,2749,CS,MBC
15619,147.0,114096,4964,ME,OC
15620,147.0,114097,2624,BM,BC
15621,147.0,114099,2715,BM,SC
15622,147.0,114104,2617,CS,MBC
15623,147.0,114106,1523,CS,SC
15624,147.0,114108,1207,IT,SC
15625,147.0,114110,2707,EC,SC
15626,147.0,114113,1221,CS,MBC
15627,147.0,114114,2734,MO,BC
15628,147.0,114115,4994,ME,OC
15629,147.0,114116,1412,CS,SC
15630,147.0,114117,1523,IT,MBC
15631,147.0,114118,1427,IT,OC
15632,147.0,114122,1222,IT,OC
15633,147.0,114123,2613,IT,BCM
15634,147.0,114126,3820,CS,MBC
15635,147.0,114128,2726,ME,BC
15636,147.0,114130,2727,AG,MBC
15637,147.0,114131,1520,EC,BC
15638,147.0,114132,1114,ME,BC
15639,147.0,114133,2369,CE,BCM
15640,147.0,114134,1509,EE,OC
15641,147.0,114136,2622,IT,MBC
15642,147.0,114138,1110,BT,BC
15643,147.0,114147,1409,RM,OC
15644,147.0,114148,4966,EC,BC
15645,147.0,114152,2722,EE,SC
15646,147.0,114153,4952,CS,OC
15647,147.0,114156,3018,EC,SC
15648,147.0,114162,1123,EC,OC
15649,147.0,114164,2632,EE,OC
15650,147.0,114165,3806,CS,SC
15651,147.0,114166,2726,MZ,MBC
15652,147.0,114170,3811,EC,OC
15653,147.0,114171,2609,CS,MBC
15654,147.0,114183,1413,AD,SC
15655,147.0,114186,3016,ME,MBC
15656,147.0,114194,1419,ME,SC
15657,147.0,114202,1110,MZ,OC
15658,147.0,114206,4917,ME,OC
15659,147.0,114207,1316,EE,BC
15660,147.0,114209,1317,CH,SC
15661,147.0,114211,1304,ME,SC
15662,147.0,114212,4917,BT,BCM
15663,147.0,114220,2769,BC,OC
15664,147.0,114222,1106,IT,BC
15665,147.0,114223,1237,MZ,BC
15666,147.0,114225,1122,CE,BC
15667,147.0,114235,1322,EC,BC
15668,147.0,114245,4957,IT,BC
15669,147.0,114246,2636,EC,SC
15670,147.0,114247,2755,AG,SCA
15671,147.0,114249,3801,EE,BC
15672,147.0,114250,4670,ME,BC
15673,147.0,114251,2651,AD,BC
15674,147.0,114254,2643,CS,MBC
15675,147.0,114255,4981,CE,OC
15676,147.0,114257,3905,EE,OC
15677,147.0,114258,2611,BM,SC
15678,147.0,114259,1430,EC,OC
15679,147.0,114261,2745,EC,BC
15680,147.0,114262,2653,ME,BC
15681,147.0,114263,4969,CS,BC
15682,147.0,114264,5532,ME,BC
15683,147.0,114266,2342,ME,OC
15684,147.0,114267,1241,CS,SC
15685,147.0,114268,4933,ME,OC
15686,147.0,114269,1325,ME,OC
15687,147.0,114271,2618,EC,SC
15688,147.0,114284,1412,CS,BC
15689,147.0,114285,1233,EE,MBC
15690,147.0,114286,3806,EE,BCM
15691,147.0,114287,1401,IT,SC
15692,147.0,114288,3826,BM,SC
15693,147.0,114289,3805,CS,SC
15694,147.0,114291,1310,AD,SC
15695,147.0,114292,2704,ME,MBC
15696,147.0,114293,1015,ME,SC
15697,147.0,114294,1126,BM,BC
15698,147.0,114296,1412,EC,MBC
15699,147.0,114297,1401,EC,BC
15700,147.0,114298,3807,EC,BC
15701,147.0,114301,2661,EE,OC
15702,147.0,114304,2360,EC,OC
15703,147.0,114306,2602,MD,BC
15704,147.0,114309,2745,EC,MBC
15705,147.0,114313,5532,CE,SC
15706,147.0,114315,2608,CE,BC
15707,147.0,114316,1412,IT,BC
15708,147.0,114317,3805,PH,SC
15709,147.0,114319,2740,PH,MBC
15710,147.0,114322,1421,EC,MBC
15711,147.0,114324,1014,CE,BC
15712,147.0,114325,4965,CE,OC
15713,147.0,114326,2601,EE,BC
15714,147.0,114329,1309,CE,SC
15715,146.9,114333,2749,AD,BC
15716,146.9,114337,4955,ME,MBC
15717,146.9,114338,5703,ME,OC
15718,146.9,114340,2767,CS,OC
15719,146.9,114341,2610,EE,BC
15720,146.9,114342,1128,EC,SCA
15721,146.9,114343,2357,ME,BCM
15722,146.9,114345,1412,CE,OC
15723,146.9,114346,2329,BM,MBC
15724,146.9,114350,4993,BM,MBC
15725,146.9,114351,3908,CS,BC
15726,146.9,114353,2776,CE,OC
15727,146.9,114357,1207,IT,BC
15728,146.9,114359,3021,ME,MBC
15729,146.9,114360,4966,EC,BC
15730,146.9,114362,1401,CS,MBC
15731,146.9,114366,1408,ME,OC
15732,146.9,114371,4864,ME,OC
15733,146.9,114373,4961,EC,OC
15734,146.9,114374,5986,EE,SCA
15735,146.9,114375,3855,CS,OC
15736,146.9,114376,3805,PH,SC
15737,146.9,114380,3782,CS,BC
15738,146.9,114382,2702,EE,SC
15739,146.9,114383,4980,CE,OC
15740,146.9,114384,1316,BM,SC
15741,146.9,114385,3760,ME,OC
15742,146.9,114386,3810,CS,MBC
15743,146.9,114387,4670,ME,BC
15744,146.9,114388,1424,RM,OC
15745,146.9,114392,3817,CE,OC
15746,146.9,114393,2741,CS,SC
15747,146.9,114394,5832,EC,MBC
15748,146.9,114395,3805,PH,SC
15749,146.9,114399,4669,EC,BC
15750,146.9,114400,4999,CS,MBC
15751,146.9,114402,3806,EC,BC
15752,146.9,114406,2705,CS,MBC
15753,146.9,114407,4675,CS,SC
15754,146.9,114409,3826,ME,SCA
15755,146.9,114410,4946,CE,OC
15756,146.9,114412,4676,ME,OC
15757,146.9,114413,3786,EC,BC
15758,146.9,114414,1210,EE,SC
15759,146.9,114416,3826,ME,BC
15760,146.9,114418,2314,EC,BC
15761,146.9,114419,3019,ME,MBC
15762,146.9,114420,2611,ME,OC
15763,146.9,114421,2636,CE,SCA
15764,146.9,114422,2747,CS,MBC
15765,146.9,114423,3810,AD,MBC
15766,146.9,114428,4962,EC,SC
15767,146.9,114431,2747,CE,OC
15768,146.9,114435,2610,IT,MBC
15769,146.9,114437,3805,FD,BC
15770,146.9,114438,2755,FD,BC
15771,146.9,114439,3425,EC,SC
15772,146.9,114440,1237,EC,SC
15773,146.9,114441,2726,ME,MBC
15774,146.9,114443,5902,EC,OC
15775,146.9,114444,4944,AD,BC
15776,146.9,114446,2767,CS,OC
15777,146.9,114448,2723,EC,BCM
15778,146.9,114450,1226,ME,BC
15779,146.9,114452,1519,CS,SC
15780,146.9,114453,3811,EC,OC
15781,146.9,114454,2632,CS,ST
15782,146.9,114455,1510,EE,OC
15783,146.9,114456,1509,EI,OC
15784,146.9,114458,2708,ME,MBC
15785,146.9,114459,3908,EC,BC
15786,146.9,114461,2620,EC,MBC
15787,146.9,114463,4969,EC,OC
15788,146.8,114465,3760,ME,OC
15789,146.8,114466,3817,EE,OC
15790,146.8,114467,5703,IT,BC
15791,146.8,114469,2609,AE,BC
15792,146.8,114471,2625,CS,OC
15793,146.8,114472,4680,ME,BC
15794,146.8,114474,2713,IT,OC
15795,146.8,114476,2736,ME,MBC
15796,146.8,114477,2629,MD,SCA
15797,146.8,114480,1442,AD,SC
15798,146.8,114481,4994,CE,OC
15799,146.8,114482,4023,ME,BCM
15800,146.8,114483,2638,CS,OC
15801,146.8,114484,4983,CS,OC
15802,146.8,114488,3860,EE,OC
15803,146.8,114490,2753,AG,OC
15804,146.8,114491,2622,BM,SCA
15805,146.8,114496,1015,ME,SC
15806,146.8,114500,2726,CE,SC
15807,146.8,114501,3826,ME,BC
15808,146.8,114503,2625,CS,OC
15809,146.8,114505,3701,EC,SC
15810,146.8,114507,4928,ME,OC
15811,146.8,114508,4945,CS,OC
15812,146.8,114509,2639,CS,BC
15813,146.8,114510,2629,MD,BC
15814,146.8,114511,3920,EE,OC
15815,146.8,114512,4964,EC,OC
15816,146.8,114513,2665,CS,OC
15817,146.8,114514,2715,ME,OC
15818,146.8,114516,2621,EC,BCM
15819,146.8,114518,3460,CS,OC
15820,146.8,114519,2708,CE,SC
15821,146.8,114520,5930,ME,OC
15822,146.8,114521,2657,CS,BC
15823,146.8,114524,2646,EE,OC
15824,146.8,114527,5530,ME,BC
15825,146.8,114531,1519,CS,MBC
15826,146.8,114533,1510,CS,MBC
15827,146.8,114534,3461,CS,OC
15828,146.8,114535,1122,CE,BC
15829,146.8,114536,2723,BM,ST
15830,146.8,114537,2606,EC,OC
15831,146.8,114539,2741,CE,SC
15832,146.8,114540,4960,ME,SC
15833,146.8,114541,2609,IT,SC
15834,146.8,114543,2628,BM,OC
15835,146.8,114544,3926,CS,OC
15836,146.8,114546,3021,ME,SC
15837,146.8,114547,1512,EC,OC
15838,146.8,114549,1241,CS,SC
15839,146.8,114550,1241,EC,OC
15840,146.8,114553,3410,EE,BCM
15841,146.8,114555,2338,BM,SC
15842,146.8,114558,3805,AE,MBC
15843,146.8,114561,1120,CE,MBC
15844,146.8,114562,2349,AD,BC
15845,146.8,114563,2627,ME,OC
15846,146.8,114564,4957,IT,BC
15847,146.8,114567,2706,EC,SC
15848,146.8,114571,2357,CE,BC
15849,146.8,114574,2345,EC,OC
15850,146.8,114576,1421,ME,OC
15851,146.8,114578,3810,CS,SC
15852,146.8,114580,1202,ME,OC
15853,146.8,114581,4978,ME,OC
15854,146.8,114582,2706,EC,SCA
15855,146.8,114584,5,MM,MBC
15856,146.8,114586,2314,EE,OC
15857,146.8,114587,2713,IT,OC
15858,146.8,114588,5942,IT,BC
15859,146.8,114591,3811,CS,SC
15860,146.8,114592,1015,CS,ST
15861,146.8,114593,2302,EC,OC
15862,146.8,114595,3795,ME,BC
15863,146.8,114598,1408,EE,BC
15864,146.8,114602,5502,EC,BCM
15865,146.8,114603,3410,EC,BCM
15866,146.8,114604,4672,EE,SC
15867,146.8,114609,4970,CS,SC
15868,146.8,114610,4959,MZ,SC
15869,146.8,114611,2716,IT,BCM
15870,146.8,114612,3806,CB,SC
15871,146.8,114615,4994,EC,BC
15872,146.8,114616,1524,CS,OC
15873,146.8,114619,2611,ME,OC
15874,146.8,114620,2327,CS,BC
15875,146.8,114621,5902,CE,OC
15876,146.8,114622,1110,BT,BCM
15877,146.8,114624,3806,EC,BC
15878,146.8,114626,3810,IT,BC
15879,146.8,114629,4917,EE,BC
15880,146.7,114632,1303,EE,BCM
15881,146.7,114634,2708,EC,SC
15882,146.7,114635,3810,CS,BC
15883,146.7,114639,2612,CS,OC
15884,146.7,114640,4999,CE,OC
15885,146.7,114642,2743,BM,SC
15886,146.7,114644,3805,CS,SCA
15887,146.7,114645,1411,CS,MBC
15888,146.7,114646,2762,EC,MBC
15889,146.7,114647,3826,AG,BC
15890,146.7,114650,3829,EC,BC
15891,146.7,114652,4969,ME,OC
15892,146.7,114656,5,MM,SC
15893,146.7,114657,4978,BM,BC
15894,146.7,114658,1452,EC,SCA
15895,146.7,114661,1509,ME,OC
15896,146.7,114664,2710,CE,MBC
15897,146.7,114665,2639,CS,BC
15898,146.7,114666,4672,CE,BC
15899,146.7,114669,1421,ME,OC
15900,146.7,114671,2357,CE,BC
15901,146.7,114672,2610,BM,MBC
15902,146.7,114673,3843,EE,MBC
15903,146.7,114674,3811,ME,OC
15904,146.7,114675,2611,EE,BC
15905,146.7,114677,2342,EE,OC
15906,146.7,114678,3019,CE,SC
15907,146.7,114679,1241,ME,OC
15908,146.7,114682,4864,CE,OC
15909,146.7,114683,2750,AE,MBC
15910,146.7,114684,1137,ME,OC
15911,146.7,114685,2609,IT,SC
15912,146.7,114686,5530,CS,SC
15913,146.7,114687,4670,ME,BC
15914,146.7,114689,1237,EC,SC
15915,146.7,114691,2302,AD,BC
15916,146.7,114692,2641,CS,OC
15917,146.7,114697,5990,ME,OC
15918,146.7,114700,3852,CS,MBC
15919,146.7,114703,1114,EE,BCM
15920,146.7,114704,3805,CS,SCA
15921,146.7,114705,1207,CS,MBC
15922,146.7,114706,2715,CE,OC
15923,146.7,114707,1510,EC,OC
15924,146.7,114708,3806,CS,SC
15925,146.7,114712,4672,EE,MBC
15926,146.7,114713,4670,EC,MBC
15927,146.7,114714,2650,CE,OC
15928,146.7,114716,2747,EE,OC
15929,146.7,114722,1309,CE,MBC
15930,146.7,114725,1207,IT,MBC
15931,146.7,114726,4989,CS,BC
15932,146.7,114728,5862,AE,OC
15933,146.7,114729,2727,CS,SC
15934,146.7,114732,1313,CS,MBC
15935,146.7,114733,2625,BM,OC
15936,146.7,114734,1205,CS,OC
15937,146.7,114735,1110,CS,SC
15938,146.7,114738,2611,EE,BC
15939,146.7,114739,4933,ME,OC
15940,146.7,114740,2624,BM,SC
15941,146.7,114741,4955,CE,BC
15942,146.7,114744,2749,EC,OC
15943,146.7,114747,4944,EC,BC
15944,146.7,114748,1505,EC,MBC
15945,146.7,114749,5902,CS,MBC
15946,146.7,114751,1519,IT,SC
15947,146.7,114752,2741,CS,SC
15948,146.7,114753,1114,EC,SC
15949,146.7,114754,1411,AE,OC
15950,146.7,114755,1412,CS,MBC
15951,146.7,114756,3019,XM,OC
15952,146.7,114757,2347,AG,BC
15953,146.7,114758,2661,CS,MBC
15954,146.7,114759,1504,ME,SC
15955,146.6,114760,2636,EC,SC
15956,146.6,114761,5,MM,MBC
15957,146.6,114763,1413,EC,SC
15958,146.6,114766,4933,EC,MBC
15959,146.6,114767,4670,ME,BC
15960,146.6,114768,1228,ME,OC
15961,146.6,114770,3806,CB,SC
15962,146.6,114772,1430,EC,MBC
15963,146.6,114776,2618,FT,MBC
15964,146.6,114778,5532,ME,BC
15965,146.6,114779,4672,EC,BC
15966,146.6,114780,2705,ME,OC
15967,146.6,114781,3782,EC,MBC
15968,146.6,114782,2617,EE,OC
15969,146.6,114783,1412,CS,BC
15970,146.6,114785,4959,ME,MBC
15971,146.6,114786,5919,CS,BCM
15972,146.6,114790,3462,CS,SC
15973,146.6,114792,2328,BM,BC
15974,146.6,114793,3805,AE,MBC
15975,146.6,114796,2338,AG,OC
15976,146.6,114797,2634,CS,MBC
15977,146.6,114798,4969,ME,OC
15978,146.6,114800,3782,EC,MBC
15979,146.6,114802,2327,ME,OC
15980,146.6,114803,2657,EC,MBC
15981,146.6,114805,5930,CS,BC
15982,146.6,114806,2342,ME,OC
15983,146.6,114808,4931,CE,OC
15984,146.6,114812,3454,AG,SC
15985,146.6,114814,2762,AD,BCM
15986,146.6,114815,2345,CS,SC
15987,146.6,114816,1207,IT,MBC
15988,146.6,114817,2636,EC,SC
15989,146.6,114818,1322,EC,SC
15990,146.6,114824,2642,IT,BC
15991,146.6,114825,3466,ME,OC
15992,146.6,114828,4955,CE,BC
15993,146.6,114830,2758,CS,MBC
15994,146.6,114831,1512,CS,OC
15995,146.6,114832,2727,CE,BC
15996,146.6,114834,1441,CS,OC
15997,146.6,114836,1523,IT,BC
15998,146.6,114839,3795,ME,BC
15999,146.6,114842,3461,ME,OC
16000,146.6,114844,3820,CS,MBC
16001,146.6,114845,2743,FD,BC
16002,146.6,114849,2764,CE,BCM
16003,146.6,114850,3905,CE,OC
16004,146.6,114852,1120,CE,BC
16005,146.6,114853,5910,AD,SC
16006,146.6,114854,1226,ME,MBC
16007,146.6,114856,5902,ME,OC
16008,146.6,114857,2622,ME,BC
16009,146.6,114859,4949,MZ,OC
16010,146.6,114861,3905,EC,BC
16011,146.6,114862,3454,BM,BCM
16012,146.6,114865,2648,CS,MBC
16013,146.6,114866,2611,EC,SC
16014,146.6,114867,3817,EE,OC
16015,146.6,114868,1412,EC,MBC
16016,146.6,114871,2704,CE,BC
16017,146.6,114873,1322,EC,SC
16018,146.6,114876,3806,CE,OC
16019,146.6,114877,3849,IT,SC
16020,146.6,114878,2749,EC,OC
16021,146.6,114879,1411,BT,OC
16022,146.6,114880,2639,CS,SC
16023,146.6,114885,2625,EE,OC
16024,146.6,114886,1126,EC,OC
16025,146.6,114891,1106,IT,SC
16026,146.6,114892,4024,ME,MBC
16027,146.6,114895,2628,CS,SC
16028,146.6,114896,1114,EC,SC
16029,146.6,114900,2607,CS,SC
16030,146.6,114901,4944,EC,BC
16031,146.6,114902,1507,CS,BC
16032,146.6,114907,4670,ME,BC
16033,146.6,114909,1202,EE,OC
16034,146.6,114913,2341,EC,OC
16035,146.5,114914,1412,EC,MBC
16036,146.5,114916,3805,ME,MBC
16037,146.5,114918,1412,CS,SCA
16038,146.5,114922,2610,RM,MBC
16039,146.5,114924,3819,ME,MBC
16040,146.5,114927,1317,CH,SC
16041,146.5,114928,1126,RM,OC
16042,146.5,114931,1310,ME,SC
16043,146.5,114934,5862,BM,OC
16044,146.5,114935,2713,EE,OC
16045,146.5,114936,4949,CS,BC
16046,146.5,114937,2707,BM,MBC
16047,146.5,114939,4670,ME,BC
16048,146.5,114940,3806,EE,SC
16049,146.5,114942,3841,AD,SC
16050,146.5,114948,4952,CS,OC
16051,146.5,114949,2753,AG,SCA
16052,146.5,114952,1207,BM,MBC
16053,146.5,114953,2727,IT,SC
16054,146.5,114954,2609,EC,BC
16055,146.5,114957,5930,ME,OC
16056,146.5,114960,1126,EC,OC
16057,146.5,114963,2613,EE,MBC
16058,146.5,114964,1422,CE,SC
16059,146.5,114965,1014,XC,OC
16060,146.5,114972,1243,IT,OC
16061,146.5,114973,2601,BM,MBC
16062,146.5,114974,3018,EC,SC
16063,146.5,114977,1317,CH,SC
16064,146.5,114987,2740,IT,SC
16065,146.5,114987,3826,ME,BC
16066,146.5,115000,2704,CE,MBC
16067,146.5,115003,1430,ME,OC
16068,146.5,115005,1212,BM,OC
16069,146.5,115006,1106,EC,OC
16070,146.5,115011,4955,EC,SC
16071,146.5,115012,2661,EC,SC
16072,146.5,115013,1409,BM,BC
16073,146.5,115015,1424,CS,BC
16074,146.5,115021,2764,ME,MBC
16075,146.5,115022,4023,ME,SC
16076,146.5,115025,2743,EC,BC
16077,146.5,115028,1317,ME,SC
16078,146.5,115036,1122,CH,SC
16079,146.5,115039,1120,CE,BC
16080,146.5,115040,3826,AG,BC
16081,146.5,115041,5017,EE,OC
16082,146.5,115043,1319,IT,MBC
16083,146.5,115045,1120,CE,BC
16084,146.5,115048,1319,IT,MBC
16085,146.5,115050,2657,CS,BC
16086,146.5,115051,2609,PU,OC
16087,146.5,115054,2710,ME,MBC
16088,146.5,115057,2707,CH,SC
16089,146.5,115059,1408,ME,OC
16090,146.5,115060,4670,ME,BC
16091,146.5,115066,3908,EC,BC
16092,146.5,115068,2609,EE,OC
16093,146.5,115069,2702,EI,SCA
16094,146.5,115070,1126,CS,MBC
16095,146.5,115075,4933,ME,OC
16096,146.5,115077,3820,CS,BC
16097,146.5,115078,4981,ME,BC
16098,146.5,115079,2632,EE,OC
16099,146.5,115083,2338,ME,OC
16100,146.5,115086,2643,CS,BC
16101,146.5,115087,1207,CS,BC
16102,146.5,115093,2328,ME,SC
16103,146.5,115095,1207,CS,BC
16104,146.5,115096,2609,EC,BC
16105,146.5,115099,4953,ME,OC
16106,146.5,115103,3826,ME,BC
16107,146.5,115104,2342,EC,SC
16108,146.5,115105,5915,EE,OC
16109,146.5,115108,2601,ME,OC
16110,146.5,115110,2640,CS,OC
16111,146.5,115112,1115,CS,SC
16112,146.5,115114,3841,CS,SC
16113,146.5,115115,2621,EE,SC
16114,146.5,115116,2741,CS,SC
16115,146.5,115117,3805,ME,BC
16116,146.5,115119,1301,EE,MBC
16117,146.5,115120,2715,ME,OC
16118,146.5,115121,2653,CS,SC
16119,146.5,115122,5703,ME,OC
16120,146.4,115126,1322,ME,OC
16121,146.4,115130,4864,EE,BC
16122,146.4,115132,1207,CS,BC
16123,146.4,115134,2767,CS,ST
16124,146.4,115135,2632,EC,OC
16125,146.4,115136,5910,EC,MBC
16126,146.4,115138,2622,ME,BC
16127,146.4,115141,5703,CS,BC
16128,146.4,115146,3810,CS,SC
16129,146.4,115148,5915,EC,MBC
16130,146.4,115149,2342,ME,OC
16131,146.4,115150,4669,ME,OC
16132,146.4,115152,2659,CS,BC
16133,146.4,115153,2736,CS,SCA
16134,146.4,115157,2345,EC,BC
16135,146.4,115158,2610,MZ,OC
16136,146.4,115159,3846,EE,OC
16137,146.4,115160,2713,EE,OC
16138,146.4,115161,2740,CS,SC
16139,146.4,115163,4961,ME,OC
16140,146.4,115164,4981,ME,BC
16141,146.4,115169,3817,BT,SC
16142,146.4,115173,1218,CS,MBC
16143,146.4,115174,2715,CH,BC
16144,146.4,115175,2747,CS,BC
16145,146.4,115176,1106,IT,MBC
16146,146.4,115180,1431,EC,MBC
16147,146.4,115183,2632,EC,OC
16148,146.4,115184,4970,EE,OC
16149,146.4,115186,4999,AD,BC
16150,146.4,115188,2704,CE,SC
16151,146.4,115189,2634,CS,MBC
16152,146.4,115190,4965,CE,OC
16153,146.4,115192,2622,CH,BC
16154,146.4,115193,2722,EC,SCA
16155,146.4,115194,2624,BM,SC
16156,146.4,115195,2607,IT,SCA
16157,146.4,115196,1303,IT,MBC
16158,146.4,115197,4964,CS,BC
16159,146.4,115199,2729,ME,BC
16160,146.4,115202,4999,CS,BC
16161,146.4,115203,3826,EC,MBC
16162,146.4,115204,2659,EE,OC
16163,146.4,115205,1412,ME,OC
16164,146.4,115206,2636,EC,SC
16165,146.4,115208,3786,ME,OC
16166,146.4,115213,3803,CE,OC
16167,146.4,115215,2707,EC,MBC
16168,146.4,115217,3825,CS,BC
16169,146.4,115220,2623,BM,OC
16170,146.4,115222,1412,CS,BC
16171,146.4,115224,4957,EC,OC
16172,146.4,115225,4020,ME,MBC
16173,146.4,115227,2636,EC,MBC
16174,146.4,115229,4996,CS,OC
16175,146.4,115230,1106,IT,BC
16176,146.4,115231,1421,ME,OC
16177,146.4,115233,2715,BM,BCM
16178,146.4,115239,2651,CS,SC
16179,146.4,115242,1421,EC,MBC
16180,146.4,115243,2708,AU,BC
16181,146.4,115244,2758,EC,OC
16182,146.4,115247,2612,CS,OC
16183,146.4,115248,2657,EC,BC
16184,146.4,115249,1207,IT,BCM
16185,146.4,115251,5914,CS,SC
16186,146.3,115255,4952,CS,OC
16187,146.3,115260,2646,ME,OC
16188,146.3,115262,1421,EC,MBC
16189,146.3,115265,1424,CS,MBC
16190,146.3,115266,2369,CE,SCA
16191,146.3,115270,1402,CS,OC
16192,146.3,115273,3795,ME,BC
16193,146.3,115276,1431,EC,BC
16194,146.3,115277,4965,EE,BC
16195,146.3,115278,1207,IT,SCA
16196,146.3,115280,2767,CS,MBC
16197,146.3,115281,2302,AD,BC
16198,146.3,115282,2609,EE,SC
16199,146.3,115283,3019,ME,MBC
16200,146.3,115285,4999,CS,SC
16201,146.3,115286,2345,AD,MBC
16202,146.3,115288,1207,IT,BC
16203,146.3,115291,1114,ME,BC
16204,146.3,115297,2357,ME,BC
16205,146.3,115299,3019,CE,MBC
16206,146.3,115302,2736,BM,MBC
16207,146.3,115304,2707,CJ,MBC
16208,146.3,115306,2614,ME,OC
16209,146.3,115307,2302,CS,MBC
16210,146.3,115309,3908,EC,BC
16211,146.3,115310,1210,EE,SC
16212,146.3,115311,1127,CH,OC
16213,146.3,115312,1322,ME,OC
16214,146.3,115313,5530,EE,MBC
16215,146.3,115315,1218,EC,BC
16216,146.3,115316,2743,BM,SC
16217,146.3,115318,3843,EE,SC
16218,146.3,115319,1207,IT,SC
16219,146.3,115321,2632,EC,OC
16220,146.3,115322,1125,CS,OC
16221,146.3,115328,2708,ME,MBC
16222,146.3,115329,4024,ME,BC
16223,146.3,115330,2731,EC,SC
16224,146.3,115331,1014,CE,SC
16225,146.3,115332,2769,CS,BCM
16226,146.3,115333,1120,CE,MBC
16227,146.3,115334,1421,ME,OC
16228,146.3,115335,3849,IT,SC
16229,146.3,115337,4980,ME,OC
16230,146.3,115338,1207,IT,BCM
16231,146.3,115341,2610,ME,OC
16232,146.3,115342,3920,CS,MBC
16233,146.3,115343,1424,EC,BC
16234,146.3,115349,2613,CE,MBC
16235,146.3,115350,1411,AE,OC
16236,146.3,115354,4672,ME,BC
16237,146.3,115356,3016,CE,OC
16238,146.3,115359,3905,ME,OC
16239,146.3,115362,4964,EC,OC
16240,146.3,115365,2722,IC,SC
16241,146.3,115366,2342,EE,OC
16242,146.3,115367,1303,AD,SC
16243,146.3,115371,4949,ME,OC
16244,146.3,115373,3803,ME,BC
16245,146.3,115377,1238,BM,SC
16246,146.3,115379,1125,CS,BC
16247,146.3,115382,2642,EC,BCM
16248,146.3,115383,1447,IT,MBC
16249,146.2,115385,3849,ME,OC
16250,146.2,115386,1218,ME,OC
16251,146.2,115387,2610,EE,SC
16252,146.2,115390,2610,ME,OC
16253,146.2,115391,1230,EC,OC
16254,146.2,115392,5904,ME,BCM
16255,146.2,115395,3786,ME,OC
16256,146.2,115396,2629,IT,BC
16257,146.2,115397,2715,AG,MBC
16258,146.2,115401,2342,EE,OC
16259,146.2,115404,2719,CS,ST
16260,146.2,115405,1207,IT,MBC
16261,146.2,115406,2731,ME,SC
16262,146.2,115407,2731,ME,SC
16263,146.2,115408,3843,CE,OC
16264,146.2,115409,5022,EE,SC
16265,146.2,115410,2652,IT,BC
16266,146.2,115411,3807,EE,SC
16267,146.2,115412,2624,AG,OC
16268,146.2,115415,5017,CE,OC
16269,146.2,115416,2661,IT,MBC
16270,146.2,115417,3805,BM,SC
16271,146.2,115418,3782,EC,SCA
16272,146.2,115419,2643,EC,OC
16273,146.2,115422,3817,BT,SC
16274,146.2,115423,5832,EC,BC
16275,146.2,115427,2611,AG,MBC
16276,146.2,115428,2734,MO,MBC
16277,146.2,115429,2749,EC,MBC
16278,146.2,115432,3905,CE,OC
16279,146.2,115435,4989,CS,BC
16280,146.2,115436,1237,EC,SC
16281,146.2,115437,4955,ME,SC
16282,146.2,115438,1106,EC,OC
16283,146.2,115439,4955,ME,BC
16284,146.2,115440,4961,ME,OC
16285,146.2,115443,5904,CS,MBC
16286,146.2,115446,2611,EE,BC
16287,146.2,115447,5935,EC,SC
16288,146.2,115448,1322,AE,OC
16289,146.2,115449,2769,FD,BC
16290,146.2,115451,4670,CE,BC
16291,146.2,115452,1202,EE,OC
16292,146.2,115453,2647,ME,OC
16293,146.2,115455,1209,EE,OC
16294,146.2,115457,1411,AE,OC
16295,146.2,115459,3812,CS,BC
16296,146.2,115463,2609,AE,MBC
16297,146.2,115464,2716,CS,MBC
16298,146.2,115469,3425,ME,OC
16299,146.2,115470,3830,AL,SC
16300,146.2,115471,1421,CE,OC
16301,146.2,115472,5930,ME,OC
16302,146.2,115474,2609,EE,MBC
16303,146.2,115476,3905,EE,OC
16304,146.2,115477,3425,ME,OC
16305,146.2,115478,3805,EC,BC
16306,146.2,115479,2737,CS,OC
16307,146.2,115480,2713,IT,OC
16308,146.2,115482,1318,CS,OC
16309,146.2,115483,5935,CS,BC
16310,146.2,115485,2610,EE,MBC
16311,146.2,115490,2630,EC,BC
16312,146.2,115492,3803,ME,BC
16313,146.2,115495,2744,ME,OC
16314,146.2,115496,1112,CS,SCA
16315,146.2,115500,2650,CS,BC
16316,146.2,115502,4933,CS,BC
16317,146.2,115503,3826,ME,MBC
16318,146.2,115504,1120,AU,BCM
16319,146.2,115507,2707,AD,ST
16320,146.2,115508,1207,CS,BC
16321,146.2,115511,2776,ME,OC
16322,146.2,115512,4978,CS,MBC
16323,146.2,115513,2611,EE,MBC
16324,146.2,115514,2610,EE,MBC
16325,146.2,115515,4676,EC,BC
16326,146.1,115516,2653,CE,MBC
16327,146.1,115517,1015,ME,BC
16328,146.1,115522,3760,AD,BC
16329,146.1,115524,1416,CS,SC
16330,146.1,115526,2702,ME,SC
16331,146.1,115528,1127,EC,MBC
16332,146.1,115529,1523,AU,OC
16333,146.1,115530,5,MM,SC
16334,146.1,115532,2609,EC,MBC
16335,146.1,115533,3860,ME,OC
16336,146.1,115534,1509,CE,OC
16337,146.1,115535,1313,BM,OC
16338,146.1,115540,1438,CS,OC
16339,146.1,115541,2635,EE,OC
16340,146.1,115542,3786,MZ,OC
16341,146.1,115544,1318,CS,OC
16342,146.1,115547,2621,ME,OC
16343,146.1,115551,2704,CE,MBC
16344,146.1,115552,2607,ME,SC
16345,146.1,115560,4954,EE,MBC
16346,146.1,115563,5915,EC,MBC
16347,146.1,115564,3410,EE,MBC
16348,146.1,115566,3826,CE,MBC
16349,146.1,115567,1510,CS,SC
16350,146.1,115568,2610,BM,BC
16351,146.1,115569,5921,EE,OC
16352,146.1,115571,4933,EC,SC
16353,146.1,115574,1207,EC,BC
16354,146.1,115576,1207,IT,SC
16355,146.1,115577,2634,ME,OC
16356,146.1,115580,2607,ME,BC
16357,146.1,115582,2610,BT,SCA
16358,146.1,115583,2642,EC,MBC
16359,146.1,115584,2609,EC,MBC
16360,146.1,115585,1319,CS,MBC
16361,146.1,115586,1126,BM,SC
16362,146.1,115589,2624,FD,SC
16363,146.1,115591,1126,RM,SC
16364,146.1,115595,5536,AG,BC
16365,146.1,115599,2646,ME,OC
16366,146.1,115601,2302,IT,SCA
16367,146.1,115603,5910,CE,SC
16368,146.1,115608,2683,AG,OC
16369,146.1,115610,3806,EC,MBC
16370,146.1,115613,4917,CS,SC
16371,146.1,115615,2741,CS,SC
16372,146.1,115618,2610,EE,BC
16373,146.1,115620,1316,IT,SC
16374,146.1,115621,4953,ME,OC
16375,146.1,115625,5990,ME,OC
16376,146.1,115628,4970,CE,OC
16377,146.1,115632,3425,ME,OC
16378,146.1,115633,2636,AD,SC
16379,146.1,115634,1408,EC,BC
16380,146.1,115636,4949,CS,BC
16381,146.1,115645,4995,CS,OC
16382,146.1,115646,3860,CS,OC
16383,146.1,115647,2610,EE,MBC
16384,146.1,115648,3805,CE,OC
16385,146.1,115649,2611,CS,SC
16386,146.1,115650,2360,CS,MBC
16387,146.1,115651,2625,BM,OC
16388,146.1,115652,4944,EC,BC
16389,146.0,115654,2710,CE,SCA
16390,146.0,115655,2611,MC,MBC
16391,146.0,115656,1310,ME,BC
16392,146.0,115658,4929,EE,OC
16393,146.0,115660,1407,EC,OC
16394,146.0,115661,3811,CS,MBC
16395,146.0,115665,4023,CE,MBC
16396,146.0,115667,2611,PU,OC
16397,146.0,115668,2611,FD,SC
16398,146.0,115670,2328,IT,SC
16399,146.0,115681,5913,EC,BC
16400,146.0,115683,2661,CS,MBC
16401,146.0,115684,4672,ME,BC
16402,146.0,115685,1441,EE,OC
16403,146.0,115686,4928,CE,OC
16404,146.0,115687,4954,ME,OC
16405,146.0,115688,2750,CB,SC
16406,146.0,115690,4672,EC,MBC
16407,146.0,115692,2659,EC,SCA
16408,146.0,115693,2367,AD,OC
16409,146.0,115694,2634,EC,BC
16410,146.0,115697,2625,AG,OC
16411,146.0,115698,4969,CS,BC
16412,146.0,115702,2743,EC,SC
16413,146.0,115703,2657,BT,MBC
16414,146.0,115704,2750,EE,SCA
16415,146.0,115705,1101,ME,BCM
16416,146.0,115706,2314,EE,SC
16417,146.0,115707,2646,ME,OC
16418,146.0,115708,1202,CS,MBC
16419,146.0,115709,3908,ME,OC
16420,146.0,115710,2750,AE,MBC
16421,146.0,115711,1202,IT,SCA
16422,146.0,115718,1409,AD,SC
16423,146.0,115720,4020,ME,MBC
16424,146.0,115723,1419,IT,SCA
16425,146.0,115727,3018,EC,SC
16426,146.0,115729,4959,IT,SC
16427,146.0,115731,3016,ME,BC
16428,146.0,115733,4961,CS,OC
16429,146.0,115737,2737,CS,OC
16430,146.0,115739,5,CE,MBC
16431,146.0,115742,5942,IT,BC
16432,146.0,115744,2650,ME,OC
16433,146.0,115745,4954,IT,SC
16434,146.0,115746,2610,ME,OC
16435,146.0,115748,2749,AD,BC
16436,146.0,115753,3795,ME,BC
16437,146.0,115755,1322,ME,OC
16438,146.0,115757,3819,ME,SC
16439,146.0,115760,4928,ME,BC
16440,146.0,115762,2624,AD,BCM
16441,146.0,115763,1407,CS,MBC
16442,146.0,115767,1523,CS,BC
16443,146.0,115768,1432,ME,SC
16444,146.0,115774,2610,EE,MBC
16445,146.0,115778,2608,CS,SC
16446,146.0,115779,1422,EE,SC
16447,146.0,115785,1137,CE,BC
16448,146.0,115787,2769,AD,BC
16449,146.0,115790,1116,EC,BC
16450,146.0,115792,2716,EE,OC
16451,146.0,115795,2618,BM,SC
16452,146.0,115809,4960,CE,SC
16453,146.0,115811,1216,CS,SCA
16454,146.0,115817,1523,CS,MBC
16455,146.0,115819,1218,BM,OC
16456,146.0,115822,1431,EE,OC
16457,146.0,115823,1510,CS,BC
16458,146.0,115824,3829,CS,BC
16459,146.0,115826,3817,ME,OC
16460,146.0,115827,2716,EC,BC
16461,146.0,115828,2345,CS,BC
16462,146.0,115830,1421,EC,MBC
16463,146.0,115831,2769,CB,OC
16464,146.0,115835,2750,AD,SCA
16465,146.0,115836,1127,EC,MBC
16466,146.0,115837,4955,ME,MBC
16467,146.0,115838,4965,ME,BC
16468,146.0,115839,1101,CS,SC
16469,146.0,115840,3805,BM,MBC
16470,146.0,115844,3462,CS,MBC
16471,146.0,115846,4946,CS,BC
16472,146.0,115847,5986,EC,SC
16473,146.0,115849,2747,EC,BC
16474,146.0,115850,3803,CH,MBC
16475,146.0,115851,2718,IT,ST
16476,146.0,115852,3918,CS,BC
16477,146.0,115855,2707,AD,SC
16478,146.0,115858,5935,EC,SCA
16479,146.0,115859,2632,CS,SC
16480,146.0,115861,1414,CE,BC
16481,146.0,115862,3795,ME,BCM
16482,146.0,115870,1523,CS,BC
16483,146.0,115872,2652,IT,SC
16484,146.0,115873,4966,EC,BC
16485,146.0,115874,2647,CS,OC
16486,146.0,115875,1437,CS,OC
16487,146.0,115876,3810,EE,OC
16488,146.0,115878,2302,AG,SCA
16489,146.0,115880,5907,CS,SC
16490,146.0,115881,3812,EC,BCM
16491,146.0,115884,1316,MU,BCM
16492,146.0,115885,2726,BM,SC
16493,146.0,115888,3464,ME,SCA
16494,146.0,115890,2707,CD,MBC
16495,146.0,115892,3831,IT,OC
16496,146.0,115893,2772,CE,OC
16497,146.0,115894,1424,CS,MBC
16498,146.0,115895,1412,IT,SC
16499,145.9,115897,2661,CS,MBC
16500,145.9,115900,1106,CS,MBC
16501,145.9,115904,2618,CE,SC
16502,145.9,115906,1510,CS,BC
16503,145.9,115907,3456,CS,BC
16504,145.9,115908,2620,BM,BC
16505,145.9,115909,2713,IT,OC
16506,145.9,115913,2328,EC,MBC
16507,145.9,115914,2634,EC,MBC
16508,145.9,115916,4982,CS,OC
16509,145.9,115917,1501,CS,BCM
16510,145.9,115918,1101,CE,OC
16511,145.9,115919,1216,EI,SC
16512,145.9,115921,1319,CS,SC
16513,145.9,115922,2620,BM,BC
16514,145.9,115924,2652,IT,SC
16515,145.9,115925,4999,CE,OC
16516,145.9,115926,2314,EC,BC
16517,145.9,115930,5022,CE,BC
16518,145.9,115931,3760,CS,BC
16519,145.9,115934,1412,IT,SC
16520,145.9,115936,4931,CE,OC
16521,145.9,115937,1421,ME,OC
16522,145.9,115938,2329,ME,BC
16523,145.9,115940,1517,CS,OC
16524,145.9,115941,2338,CS,OC
16525,145.9,115944,2683,BM,OC
16526,145.9,115946,2601,EE,BCM
16527,145.9,115947,3805,CS,SC
16528,145.9,115949,2347,EC,BC
16529,145.9,115950,2624,AD,MBC
16530,145.9,115952,1524,EE,OC
16531,145.9,115953,2752,EE,MBC
16532,145.9,115958,4686,ME,OC
16533,145.9,115959,2729,MZ,BC
16534,145.9,115965,2611,FD,SC
16535,145.9,115966,1137,CE,BC
16536,145.9,115968,4949,CS,BC
16537,145.9,115970,1218,EE,OC
16538,145.9,115972,1523,IT,BC
16539,145.9,115973,2624,EC,OC
16540,145.9,115974,1301,EC,BC
16541,145.9,115975,2610,EE,BC
16542,145.9,115976,2748,EE,OC
16543,145.9,115977,2735,ME,MBC
16544,145.9,115979,4964,MR,MBC
16545,145.9,115985,2707,EC,SC
16546,145.9,115986,1412,IT,BC
16547,145.9,115987,2607,BT,SC
16548,145.9,115989,1430,ME,OC
16549,145.9,115990,5,EE,SCA
16550,145.9,115992,1101,EC,BC
16551,145.8,115993,3805,EE,BC
16552,145.8,115996,5990,CS,BC
16553,145.8,115997,1447,ME,OC
16554,145.8,115999,1316,ME,OC
16555,145.8,116000,3805,AE,SC
16556,145.8,116001,3908,EE,OC
16557,145.8,116002,5502,CE,OC
16558,145.8,116005,2314,EC,BC
16559,145.8,116006,1318,CS,OC
16560,145.8,116009,2743,EC,BC
16561,145.8,116012,2640,CS,OC
16562,145.8,116013,1430,EE,OC
16563,145.8,116016,2661,CE,OC
16564,145.8,116018,4980,ME,OC
16565,145.8,116020,5915,EE,OC
16566,145.8,116021,2762,CS,MBC
16567,145.8,116022,4675,CS,BC
16568,145.8,116023,2342,ME,OC
16569,145.8,116025,2636,AD,SC
16570,145.8,116026,5915,EC,MBC
16571,145.8,116027,2609,EC,MBC
16572,145.8,116035,2357,ME,BC
16573,145.8,116037,2636,EC,BC
16574,145.8,116038,1216,ME,SC
16575,145.8,116043,2601,BM,MBC
16576,145.8,116046,1122,ME,SC
16577,145.8,116047,3905,EC,MBC
16578,145.8,116049,4670,ME,BC
16579,145.8,116051,1401,CH,OC
16580,145.8,116052,4955,ME,BC
16581,145.8,116055,1303,ME,MBC
16582,145.8,116057,2611,BM,BC
16583,145.8,116060,5902,ME,OC
16584,145.8,116062,2357,CS,MBC
16585,145.8,116063,2713,IT,BC
16586,145.8,116064,2345,AD,MBC
16587,145.8,116066,4968,CS,OC
16588,145.8,116067,3807,EC,MBC
16589,145.8,116073,2338,AG,OC
16590,145.8,116074,4949,CS,BC
16591,145.8,116076,3826,ME,BC
16592,145.8,116077,2707,ME,MBC
16593,145.8,116078,2763,EC,BC
16594,145.8,116080,3905,ME,OC
16595,145.8,116081,2708,AU,BC
16596,145.8,116082,5902,EE,OC
16597,145.8,116084,1426,CS,OC
16598,145.8,116088,1313,BM,OC
16599,145.8,116089,5919,EE,OC
16600,145.8,116091,2614,IT,OC
16601,145.8,116092,1512,CS,OC
16602,145.8,116094,1322,BM,MBC
16603,145.8,116096,1325,EC,BC
16604,145.8,116098,3018,CE,OC
16605,145.8,116099,1452,ME,OC
16606,145.8,116103,1412,EC,MBC
16607,145.8,116106,5536,AG,SCA
16608,145.8,116110,2713,CS,BC
16609,145.8,116111,1216,EI,SC
16610,145.8,116116,1124,MR,BC
16611,145.8,116119,1015,ME,MBC
16612,145.8,116120,2627,CS,SC
16613,145.8,116121,2624,PH,MBC
16614,145.8,116122,3905,CE,OC
16615,145.8,116128,1101,EC,BC
16616,145.8,116132,2327,EE,OC
16617,145.8,116133,1523,IT,BC
16618,145.8,116135,4967,CS,SC
16619,145.8,116136,2745,ME,OC
16620,145.8,116137,3760,CS,SC
16621,145.8,116140,2661,EC,BC
16622,145.8,116141,1241,CS,SC
16623,145.8,116142,2345,EC,SC
16624,145.8,116144,1237,EC,SC
16625,145.8,116146,1430,CS,SC
16626,145.8,116147,2338,CS,OC
16627,145.8,116148,2347,EE,BC
16628,145.8,116149,1225,ME,SC
16629,145.8,116151,3806,EC,SC
16630,145.8,116153,4955,ME,MBC
16631,145.8,116154,1449,CS,OC
16632,145.8,116156,2755,AG,MBC
16633,145.8,116157,1507,IT,MBC
16634,145.8,116158,2725,ME,MBC
16635,145.8,116159,3803,EE,MBC
16636,145.8,116160,4975,CS,BC
16637,145.8,116162,1210,AD,SCA
16638,145.8,116163,4928,EE,OC
16639,145.8,116166,2606,EC,OC
16640,145.8,116169,5907,EE,OC
16641,145.8,116170,4024,EE,SC
16642,145.8,116171,1228,BM,SC
16643,145.8,116172,2354,ME,OC
16644,145.7,116175,3021,ME,BC
16645,145.7,116178,2725,EC,SC
16646,145.7,116180,3826,CE,BC
16647,145.7,116181,3830,CB,SC
16648,145.7,116182,3803,IT,MBC
16649,145.7,116183,4928,EE,OC
16650,145.7,116184,2747,CS,SC
16651,145.7,116186,2338,BM,BC
16652,145.7,116187,2609,PU,OC
16653,145.7,116188,3829,EC,BC
16654,145.7,116190,2653,ME,MBC
16655,145.7,116191,2621,CE,OC
16656,145.7,116196,4992,IT,BCM
16657,145.7,116197,2776,AG,BC
16658,145.7,116199,2613,ME,BC
16659,145.7,116200,1419,ME,SC
16660,145.7,116202,1414,CE,BCM
16661,145.7,116205,3018,EE,OC
16662,145.7,116207,4970,CS,BC
16663,145.7,116209,2625,EE,OC
16664,145.7,116211,1303,AD,SC
16665,145.7,116212,1207,EC,BC
16666,145.7,116214,4917,ME,OC
16667,145.7,116215,5703,CS,BC
16668,145.7,116216,2767,CS,MBC
16669,145.7,116217,2638,IT,BC
16670,145.7,116218,2643,EC,OC
16671,145.7,116220,1317,EE,SC
16672,145.7,116221,4946,EE,OC
16673,145.7,116222,4946,CS,BC
16674,145.7,116224,2642,EC,SCA
16675,145.7,116225,2715,EE,MBC
16676,145.7,116231,3826,ME,BC
16677,145.7,116233,2737,CS,OC
16678,145.7,116234,2704,CE,BC
16679,145.7,116236,4917,EE,MBC
16680,145.7,116239,3805,ME,SC
16681,145.7,116241,5536,EC,BCM
16682,145.7,116242,2727,AG,MBC
16683,145.7,116247,2707,CH,BC
16684,145.7,116248,2653,CE,BC
16685,145.7,116249,2749,ME,OC
16686,145.7,116251,1408,ME,OC
16687,145.7,116252,3786,AE,MBC
16688,145.7,116253,2715,EE,MBC
16689,145.7,116254,4675,ME,OC
16690,145.7,116256,3810,EI,OC
16691,145.7,116258,2622,CE,BC
16692,145.7,116259,1412,CS,SC
16693,145.7,116260,4980,EE,OC
16694,145.7,116261,2743,CE,OC
16695,145.7,116262,5921,EC,BC
16696,145.7,116263,3805,AE,BC
16697,145.7,116264,4964,AE,OC
16698,145.7,116270,2704,ME,SC
16699,145.7,116272,3849,IT,SC
16700,145.7,116275,2621,EE,MBC
16701,145.7,116276,4964,MR,BC
16702,145.7,116278,1207,CS,SC
16703,145.7,116279,1519,IT,SC
16704,145.7,116281,4670,ME,BC
16705,145.7,116282,1431,EC,MBC
16706,145.7,116283,2776,MZ,OC
16707,145.7,116284,2345,CS,SC
16708,145.7,116285,1408,CS,SC
16709,145.7,116287,3786,AE,SCA
16710,145.7,116288,4980,ME,OC
16711,145.7,116290,4023,XM,OC
16712,145.7,116293,2342,ME,BC
16713,145.7,116295,1413,AD,SC
16714,145.7,116296,2634,EC,BC
16715,145.7,116297,2661,CS,MBC
16716,145.7,116298,1230,EC,OC
16717,145.7,116300,3786,EE,OC
16718,145.7,116301,3456,BM,OC
16719,145.7,116302,2763,EC,MBC
16720,145.7,116304,4024,GI,MBC
16721,145.7,116305,2624,CS,MBC
16722,145.7,116306,5832,EC,SC
16723,145.7,116307,4975,CS,BC
16724,145.6,116309,2715,AG,MBC
16725,145.6,116310,2611,EC,SC
16726,145.6,116316,1412,EC,MBC
16727,145.6,116317,3806,EC,MBC
16728,145.6,116318,2632,EC,OC
16729,145.6,116322,2610,EE,MBC
16730,145.6,116323,1401,EC,BC
16731,145.6,116325,2710,CE,SC
16732,145.6,116328,2716,GI,OC
16733,145.6,116329,3810,CS,BC
16734,145.6,116330,1430,EC,SC
16735,145.6,116331,2314,AD,BC
16736,145.6,116333,2302,CS,MBC
16737,145.6,116335,2349,RM,OC
16738,145.6,116338,2610,EE,MBC
16739,145.6,116339,1412,EC,MBC
16740,145.6,116341,1509,EE,OC
16741,145.6,116344,2715,CH,BC
16742,145.6,116346,2610,EE,BC
16743,145.6,116349,2624,CS,MBC
16744,145.6,116350,2624,EE,OC
16745,145.6,116351,3016,ME,MBC
16746,145.6,116354,3462,ME,OC
16747,145.6,116355,4964,MR,MBC
16748,145.6,116357,2611,AG,BC
16749,145.6,116359,1202,ME,OC
16750,145.6,116360,2747,EC,MBC
16751,145.6,116363,1405,EC,BC
16752,145.6,116364,3701,EC,MBC
16753,145.6,116366,3016,EE,SC
16754,145.6,116367,4670,ME,BC
16755,145.6,116368,2648,AU,OC
16756,145.6,116371,1401,EE,MBC
16757,145.6,116372,1202,ME,OC
16758,145.6,116373,3821,CE,OC
16759,145.6,116374,1424,RM,OC
16760,145.6,116375,2753,ME,OC
16761,145.6,116381,1310,IT,SC
16762,145.6,116384,4981,ME,BC
16763,145.6,116385,2314,AG,ST
16764,145.6,116386,4965,ME,MBC
16765,145.6,116390,3810,EE,OC
16766,145.6,116392,1207,BM,SC
16767,145.6,116395,3908,ME,OC
16768,145.6,116397,3782,CS,BC
16769,145.6,116398,1416,CS,BC
16770,145.6,116399,3806,CE,OC
16771,145.6,116400,1101,CE,OC
16772,145.6,116402,1209,IT,OC
16773,145.6,116407,1126,EC,OC
16774,145.6,116408,3021,EE,BC
16775,145.6,116413,1424,RM,OC
16776,145.6,116415,4982,CS,OC
16777,145.6,116417,2611,EE,BC
16778,145.6,116418,1316,MU,BC
16779,145.6,116420,4946,CS,BC
16780,145.6,116423,3018,EE,OC
16781,145.6,116424,5536,AG,SC
16782,145.6,116425,1414,ME,BC
16783,145.6,116426,4941,EE,OC
16784,145.6,116427,2609,EC,MBC
16785,145.6,116429,5862,CE,OC
16786,145.6,116430,1137,EC,OC
16787,145.6,116431,4978,BT,SC
16788,145.6,116432,2653,CS,SC
16789,145.6,116437,5902,CS,MBC
16790,145.6,116439,5907,IT,MBC
16791,145.6,116440,3826,AG,SC
16792,145.6,116442,2610,EE,SC
16793,145.5,116444,4917,ME,OC
16794,145.5,116446,2716,GI,OC
16795,145.5,116447,1303,CS,SC
16796,145.5,116448,3810,AD,MBC
16797,145.5,116451,3803,CE,OC
16798,145.5,116454,2650,ME,OC
16799,145.5,116455,1207,CS,BC
16800,145.5,116456,1412,CS,BC
16801,145.5,116457,2732,EC,OC
16802,145.5,116458,4980,CS,SC
16803,145.5,116462,1127,EC,SC
16804,145.5,116463,2718,EE,SCA
16805,145.5,116465,3826,EC,MBC
16806,145.5,116467,2722,EE,SC
16807,145.5,116476,4989,ME,OC
16808,145.5,116477,1421,ME,OC
16809,145.5,116478,4024,GI,SC
16810,145.5,116479,1106,IT,BC
16811,145.5,116480,2732,CS,BC
16812,145.5,116484,4975,EC,OC
16813,145.5,116486,2731,EE,MBC
16814,145.5,116487,2617,EC,OC
16815,145.5,116489,2347,EC,BC
16816,145.5,116491,2776,MZ,OC
16817,145.5,116493,2734,MO,MBC
16818,145.5,116494,3843,EE,BC
16819,145.5,116500,2349,CS,BC
16820,145.5,116504,2704,ME,SC
16821,145.5,116506,1120,CE,MBC
16822,145.5,116509,2350,EE,OC
16823,145.5,116516,2721,CE,BC
16824,145.5,116517,5,MM,SC
16825,145.5,116521,1437,CS,OC
16826,145.5,116524,1317,EE,SC
16827,145.5,116525,2733,FT,OC
16828,145.5,116526,2726,EE,MBC
16829,145.5,116532,5,ME,BC
16830,145.5,116541,4969,EC,OC
16831,145.5,116543,4933,EC,BC
16832,145.5,116544,2702,IT,ST
16833,145.5,116547,1303,BT,MBC
16834,145.5,116549,2609,PU,OC
16835,145.5,116551,4960,CE,MBC
16836,145.5,116556,1322,BM,MBC
16837,145.5,116560,2707,ME,BC
16838,145.5,116563,1225,ME,BC
16839,145.5,116564,2726,CS,SC
16840,145.5,116570,1509,EE,OC
16841,145.5,116588,2634,EC,BC
16842,145.5,116593,1434,CS,BC
16843,145.5,116597,3841,CE,OC
16844,145.5,116598,1237,MZ,BC
16845,145.5,116599,3018,CE,OC
16846,145.5,116600,3803,EC,MBC
16847,145.5,116602,2614,CS,OC
16848,145.5,116606,2622,EE,SC
16849,145.5,116606,1507,EC,OC
16850,145.5,116607,1123,EC,OC
16851,145.5,116608,2611,AG,BC
16852,145.5,116611,1411,IT,BC
16853,145.5,116615,3829,EE,OC
16854,145.5,116616,1519,ME,OC
16855,145.5,116617,2622,ME,SC
16856,145.5,116618,4964,MR,SC
16857,145.5,116623,2651,FT,OC
16858,145.5,116624,2713,CS,BC
16859,145.5,116625,4954,CE,OC
16860,145.5,116627,1114,CE,OC
16861,145.5,116628,4955,ME,BC
16862,145.5,116629,5907,CE,OC
16863,145.5,116630,5919,CH,OC
16864,145.5,116633,3019,ME,BC
16865,145.5,116637,5017,EC,SC
16866,145.5,116641,5912,CS,MBC
16867,145.5,116642,2723,EC,MBC
16868,145.5,116643,4965,EE,BC
16869,145.5,116644,4976,AG,OC
16870,145.5,116645,3908,CE,OC
16871,145.5,116646,3815,BT,SCA
16872,145.5,116649,2708,CH,MBC
16873,145.5,116650,3833,CS,MBC
16874,145.5,116652,1436,CS,BC
16875,145.5,116653,1013,ME,BC
16876,145.4,116658,1414,ME,BC
16877,145.4,116661,3843,EC,BC
16878,145.4,116662,4992,AU,OC
16879,145.4,116666,3908,ME,OC
16880,145.4,116669,4972,EC,BC
16881,145.4,116672,4023,EE,MBC
16882,145.4,116673,1307,EE,SC
16883,145.4,116676,1401,CE,OC
16884,145.4,116678,3456,CS,MBC
16885,145.4,116680,2713,IT,SC
16886,145.4,116682,1126,RM,BC
16887,145.4,116683,1424,RM,OC
16888,145.4,116685,4993,ME,OC
16889,145.4,116686,2621,CE,OC
16890,145.4,116690,4949,CS,MBC
16891,145.4,116694,2643,CS,SC
16892,145.4,116695,3810,CS,SC
16893,145.4,116696,4994,EE,OC
16894,145.4,116697,2707,CD,MBC
16895,145.4,116698,1409,EE,MBC
16896,145.4,116699,1504,ME,BC
16897,145.4,116702,3021,ME,SC
16898,145.4,116710,3829,CS,SC
16899,145.4,116714,2737,CS,OC
16900,145.4,116715,3825,EE,OC
16901,145.4,116716,4024,ME,BC
16902,145.4,116718,4670,EE,BC
16903,145.4,116719,1106,IT,SC
16904,145.4,116722,4980,EE,OC
16905,145.4,116724,3908,CS,SC
16906,145.4,116726,2328,ME,MBC
16907,145.4,116731,1408,EC,BC
16908,145.4,116732,2622,ME,MBC
16909,145.4,116733,2342,EC,SC
16910,145.4,116734,1511,ME,OC
16911,145.4,116735,2611,EC,MBC
16912,145.4,116737,5536,ME,SC
16913,145.4,116738,1212,BM,SCA
16914,145.4,116739,4678,ME,SC
16915,145.4,116740,1226,ME,SC
16916,145.4,116741,4980,ME,OC
16917,145.4,116742,2602,CS,OC
16918,145.4,116745,4917,BM,BC
16919,145.4,116746,1441,ME,OC
16920,145.4,116748,2736,BM,MBC
16921,145.4,116750,4677,CS,OC
16922,145.4,116751,3829,EC,BC
16923,145.4,116754,3011,ME,SCA
16924,145.4,116755,4993,BM,BC
16925,145.4,116757,1015,XM,OC
16926,145.4,116758,1229,EC,OC
16927,145.4,116759,4972,EC,BC
16928,145.4,116760,2611,BM,SC
16929,145.4,116761,2653,EE,SC
16930,145.4,116763,4675,CS,BC
16931,145.4,116764,4993,IT,OC
16932,145.4,116770,3908,CS,MBC
16933,145.4,116771,3410,EE,MBC
16934,145.4,116775,2661,EC,SC
16935,145.4,116776,4993,CS,SC
16936,145.4,116780,3829,CS,SC
16937,145.3,116783,4994,ME,OC
16938,145.3,116785,2747,CS,SC
16939,145.3,116790,2314,AD,ST
16940,145.3,116791,2657,EC,BC
16941,145.3,116792,2608,CE,BC
16942,145.3,116793,2338,AG,OC
16943,145.3,116796,5935,EE,OC
16944,145.3,116797,1210,EE,SC
16945,145.3,116799,2661,CS,MBC
16946,145.3,116800,2609,PU,OC
16947,145.3,116801,2704,ME,MBC
16948,145.3,116802,1127,EC,BCM
16949,145.3,116804,4970,CS,MBC
16950,145.3,116806,5990,ME,OC
16951,145.3,116810,1226,ME,MBC
16952,145.3,116812,4971,IT,SC
16953,145.3,116814,2345,EC,MBC
16954,145.3,116816,3829,EE,OC
16955,145.3,116819,2638,CS,OC
16956,145.3,116821,2646,EC,OC
16957,145.3,116823,1303,ME,BCM
16958,145.3,116825,3806,CE,OC
16959,145.3,116827,3833,ME,OC
16960,145.3,116828,1409,BM,BC
16961,145.3,116829,5914,CE,OC
16962,145.3,116830,3810,CS,MBC
16963,145.3,116831,5530,ME,BC
16964,145.3,116833,3820,CS,SC
16965,145.3,116834,3805,BM,BC
16966,145.3,116835,3466,EE,OC
16967,145.3,116836,3701,AL,MBC
16968,145.3,116839,2708,EC,SC
16969,145.3,116840,3807,CS,MBC
16970,145.3,116842,3813,CS,MBC
16971,145.3,116845,4993,IT,BCM
16972,145.3,116846,3782,ME,OC
16973,145.3,116847,2764,AD,SC
16974,145.3,116850,3826,AD,MBC
16975,145.3,116851,2769,CS,BC
16976,145.3,116852,1325,EC,SCA
16977,145.3,116854,1414,IT,BCM
16978,145.3,116855,1217,FD,BC
16979,145.3,116857,1114,ME,BC
16980,145.3,116858,1412,EC,MBC
16981,145.3,116861,5532,EE,BC
16982,145.3,116863,4917,BM,BC
16983,145.3,116864,2726,AU,BC
16984,145.3,116865,2732,CS,BC
16985,145.3,116867,2762,ME,OC
16986,145.3,116868,3806,EC,SC
16987,145.3,116871,1504,IT,SC
16988,145.3,116872,2707,CH,MBC
16989,145.3,116877,2625,CE,OC
16990,145.3,116880,2769,AD,SC
16991,145.3,116881,3918,ME,OC
16992,145.3,116882,1407,EC,BCM
16993,145.3,116883,2750,AE,MBC
16994,145.3,116885,4686,CS,OC
16995,145.3,116886,3760,EC,MBC
16996,145.3,116887,2707,EC,SC
16997,145.3,116888,3806,CB,SC
16998,145.3,116889,2349,RM,OC
16999,145.3,116891,1518,CS,OC
17000,145.3,116892,2642,IT,BC
17001,145.3,116893,4999,CS,BC
17002,145.3,116895,2639,IT,OC
17003,145.3,116896,1015,ME,SC
17004,145.3,116897,5832,EC,BC
17005,145.3,116898,1523,ME,OC
17006,145.3,116900,5017,EE,MBC
17007,145.3,116901,1449,CS,OC
17008,145.3,116902,5988,EC,MBC
17009,145.3,116905,2734,EE,SC
17010,145.3,116906,3810,CS,BC
17011,145.3,116907,2735,ME,MBC
17012,145.3,116909,2661,IT,MBC
17013,145.3,116910,3018,EE,OC
17014,145.3,116911,2638,CS,OC
17015,145.3,116913,1501,EC,BC
17016,145.3,116914,1207,IT,BC
17017,145.3,116915,1513,ME,OC
17018,145.2,116916,2328,EE,MBC
17019,145.2,116919,3021,EE,BC
17020,145.2,116920,1216,EI,SC
17021,145.2,116923,2755,AE,MBC
17022,145.2,116924,2624,FD,BC
17023,145.2,116926,3843,EE,SC
17024,145.2,116927,2622,ME,BC
17025,145.2,116928,2357,IT,SC
17026,145.2,116929,2623,IT,BC
17027,145.2,116930,2731,ME,BC
17028,145.2,116934,2302,IT,BC
17029,145.2,116937,4995,CS,OC
17030,145.2,116939,5532,CS,SC
17031,145.2,116940,2727,CE,MBC
17032,145.2,116941,3820,EC,OC
17033,145.2,116943,2711,EE,SC
17034,145.2,116951,2623,CS,OC
17035,145.2,116953,3825,CS,SC
17036,145.2,116955,1205,CS,OC
17037,145.2,116960,3464,CE,BCM
17038,145.2,116962,4978,BM,BCM
17039,145.2,116963,1503,CS,OC
17040,145.2,116964,3806,EC,SC
17041,145.2,116965,2769,AD,BCM
17042,145.2,116966,1504,ME,BC
17043,145.2,116967,1411,CS,BC
17044,145.2,116968,5904,EC,SC
17045,145.2,116972,4928,ME,BC
17046,145.2,116974,1241,CS,SC
17047,145.2,116975,3826,EE,SC
17048,145.2,116977,1434,CS,BC
17049,145.2,116980,3811,CS,BC
17050,145.2,116982,5921,ME,OC
17051,145.2,116983,1013,ME,MBC
17052,145.2,116984,4955,CE,BC
17053,145.2,116985,1115,CS,SC
17054,145.2,116989,2341,CS,OC
17055,145.2,116992,1401,ME,OC
17056,145.2,116993,3021,ME,BC
17057,145.2,116997,2614,CS,MBC
17058,145.2,116999,1421,EC,SC
17059,145.2,117001,2357,ME,BC
17060,145.2,117002,4992,EC,OC
17061,145.2,117007,2646,CS,BC
17062,145.2,117008,2621,ME,OC
17063,145.2,117012,2614,CS,MBC
17064,145.2,117013,2345,EC,MBC
17065,145.2,117014,2624,EC,OC
17066,145.2,117015,2621,EC,SC
17067,145.2,117016,2642,EC,MBC
17068,145.2,117017,2652,IT,BC
17069,145.2,117018,2609,EC,MBC
17070,145.2,117021,2607,TX,BC
17071,145.2,117022,1311,AU,MBC
17072,145.2,117025,1510,EE,OC
17073,145.2,117027,3801,IT,SC
17074,145.2,117028,1230,EC,OC
17075,145.2,117029,3905,ME,OC
17076,145.2,117032,3805,ME,MBC
17077,145.2,117034,2636,AD,BC
17078,145.2,117035,4670,ME,BC
17079,145.2,117039,5902,EC,OC
17080,145.2,117040,2718,MZ,SCA
17081,145.1,117042,1408,CE,OC
17082,145.1,117043,2627,EC,OC
17083,145.1,117049,3021,CE,BC
17084,145.1,117051,1207,IT,SC
17085,145.1,117054,2601,CS,SC
17086,145.1,117055,3805,BM,SC
17087,145.1,117059,1441,EE,OC
17088,145.1,117061,2314,AD,BC
17089,145.1,117062,2736,BM,SC
17090,145.1,117063,4933,ME,OC
17091,145.1,117066,3804,CS,BC
17092,145.1,117067,2726,CS,SC
17093,145.1,117071,3806,CB,SC
17094,145.1,117073,3815,ME,OC
17095,145.1,117077,2314,CS,SC
17096,145.1,117078,2629,MD,SC
17097,145.1,117080,4917,CB,MBC
17098,145.1,117081,4982,ME,OC
17099,145.1,117082,1424,EE,OC
17100,145.1,117083,3786,EC,BC
17101,145.1,117084,2624,CS,SC
17102,145.1,117085,2625,EE,OC
17103,145.1,117088,2302,ME,OC
17104,145.1,117089,5865,ME,OC
17105,145.1,117090,2357,ME,MBC
17106,145.1,117092,3843,ME,OC
17107,145.1,117094,2632,EC,OC
17108,145.1,117096,1106,IT,BC
17109,145.1,117097,2611,AG,BC
17110,145.1,117098,1106,CS,SC
17111,145.1,117099,2329,ME,MBC
17112,145.1,117100,2632,EC,OC
17113,145.1,117101,2659,ME,OC
17114,145.1,117103,4978,BM,MBC
17115,145.1,117104,2755,AE,SC
17116,145.1,117106,4669,EE,OC
17117,145.1,117109,1110,CS,SC
17118,145.1,117110,5913,ME,OC
17119,145.1,117111,2659,EE,OC
17120,145.1,117112,4676,EE,OC
17121,145.1,117113,4949,ME,OC
17122,145.1,117114,3831,CS,BC
17123,145.1,117115,2753,BM,BC
17124,145.1,117116,1444,CS,OC
17125,145.1,117120,1233,CE,BC
17126,145.1,117127,1217,MU,OC
17127,145.1,117130,1137,EC,OC
17128,145.1,117131,4864,EE,BC
17129,145.1,117133,3462,CS,MBC
17130,145.1,117134,3701,AD,SC
17131,145.1,117136,3019,ME,MBC
17132,145.1,117138,2710,EC,SC
17133,145.1,117139,2707,XM,OC
17134,145.1,117140,1411,CS,MBC
17135,145.1,117142,3786,EE,OC
17136,145.1,117143,3805,PH,MBC
17137,145.1,117146,1519,EC,OC
17138,145.1,117149,4969,CS,BC
17139,145.1,117151,5988,EE,OC
17140,145.1,117155,5921,CB,BC
17141,145.1,117156,1424,PE,BCM
17142,145.1,117157,4670,ME,BC
17143,145.0,117161,2640,EE,OC
17144,145.0,117163,3021,ME,BCM
17145,145.0,117164,2360,CS,BC
17146,145.0,117165,1430,CS,SC
17147,145.0,117167,4954,EE,SC
17148,145.0,117169,2741,CE,SC
17149,145.0,117170,5910,EC,SC
17150,145.0,117171,2750,ME,SCA
17151,145.0,117172,4971,EE,MBC
17152,145.0,117173,2609,FD,SC
17153,145.0,117176,1407,EC,BC
17154,145.0,117177,3807,EC,MBC
17155,145.0,117179,2634,ME,OC
17156,145.0,117180,5924,ME,OC
17157,145.0,117181,1505,EC,BCM
17158,145.0,117182,4669,ME,OC
17159,145.0,117183,2665,CS,OC
17160,145.0,117187,2713,IT,SC
17161,145.0,117189,1309,CE,MBC
17162,145.0,117193,3019,EE,BC
17163,145.0,117200,1512,CS,OC
17164,145.0,117202,3801,IC,OC
17165,145.0,117204,2609,CY,ST
17166,145.0,117205,1116,EE,OC
17167,145.0,117207,2639,IT,OC
17168,145.0,117208,2725,ME,MBC
17169,145.0,117209,3814,CS,MBC
17170,145.0,117213,2727,AD,SC
17171,145.0,117216,2632,ME,OC
17172,145.0,117220,4023,XM,OC
17173,145.0,117223,5502,EC,MBC
17174,145.0,117226,3825,EC,SC
17175,145.0,117229,4982,CS,OC
17176,145.0,117236,1419,ME,SC
17177,145.0,117238,2609,FD,SCA
17178,145.0,117242,4934,CS,BC
17179,145.0,117245,4964,EC,OC
17180,145.0,117246,2708,ME,BCM
17181,145.0,117248,2625,BM,OC
17182,145.0,117250,3811,CS,SC
17183,145.0,117251,2739,CB,SC
17184,145.0,117252,1409,EC,BC
17185,145.0,117253,4995,CS,OC
17186,145.0,117254,3021,ME,SC
17187,145.0,117261,3843,CS,SC
17188,145.0,117262,2613,EC,BCM
17189,145.0,117283,1124,MR,MBC
17190,145.0,117286,2769,FD,MBC
17191,145.0,117287,2739,AD,SCA
17192,145.0,117288,2726,AL,SC
17193,145.0,117289,3701,ME,MBC
17194,145.0,117291,1217,EC,MBC
17195,145.0,117292,2711,CH,SC
17196,145.0,117296,1322,EC,BC
17197,145.0,117301,3804,BM,OC
17198,145.0,117302,2609,EC,BC
17199,145.0,117309,4960,BT,SC
17200,145.0,117311,4959,CE,BC
17201,145.0,117312,3844,CS,OC
17202,145.0,117318,4967,CS,BC
17203,145.0,117319,1412,ME,OC
17204,145.0,117320,2752,EE,MBC
17205,145.0,117324,1412,EC,BC
17206,145.0,117325,1519,IT,SC
17207,145.0,117326,2741,CS,ST
17208,145.0,117328,1449,AG,OC
17209,145.0,117330,4992,CS,BC
17210,145.0,117332,2707,BM,SC
17211,145.0,117338,4969,EE,BCM
17212,145.0,117339,1405,EC,MBC
17213,145.0,117343,4969,CS,BC
17214,145.0,117344,4020,ME,MBC
17215,145.0,117345,1510,CS,MBC
17216,145.0,117347,2341,BM,OC
17217,145.0,117349,1230,EC,MBC
17218,145.0,117350,2628,AU,OC
17219,145.0,117352,2661,IT,BCM
17220,145.0,117354,2630,ME,MBC
17221,145.0,117357,2618,ME,BCM
17222,145.0,117360,4949,EC,OC
17223,145.0,117362,1426,IT,OC
17224,145.0,117364,3843,CS,BC
17225,145.0,117367,2716,BM,BC
17226,145.0,117368,5502,CS,SC
17227,145.0,117369,2624,AD,ST
17228,145.0,117370,2609,AG,BC
17229,145.0,117371,1126,CS,BC
17230,145.0,117374,2607,FD,MBC
17231,145.0,117375,4970,EE,OC
17232,145.0,117376,3821,EE,OC
17233,145.0,117378,1120,CS,SCA
17234,145.0,117382,2609,CH,BC
17235,145.0,117383,2713,IT,SCA
17236,145.0,117384,2611,AG,BC
17237,145.0,117385,2743,AD,SCA
17238,145.0,117386,3806,ME,OC
17239,145.0,117388,3807,EC,BC
17240,145.0,117391,2609,CH,MBC
17241,144.9,117394,3016,EE,SC
17242,144.9,117395,2758,ME,OC
17243,144.9,117396,2624,PH,SCA
17244,144.9,117398,2611,ME,OC
17245,144.9,117401,2611,PU,OC
17246,144.9,117402,3461,EC,SC
17247,144.9,117404,5,CZ,MBC
17248,144.9,117406,2632,CS,MBC
17249,144.9,117407,4999,CS,BC
17250,144.9,117408,1510,CS,BC
17251,144.9,117410,1422,ME,SC
17252,144.9,117412,2747,CS,BC
17253,144.9,117414,2347,ME,OC
17254,144.9,117415,2767,CS,SC
17255,144.9,117417,2610,EE,BC
17256,144.9,117418,2608,ME,MBC
17257,144.9,117419,1202,EC,MBC
17258,144.9,117421,2710,EC,SC
17259,144.9,117422,5703,CS,BC
17260,144.9,117423,4917,ME,OC
17261,144.9,117424,1014,CE,BC
17262,144.9,117425,2715,EC,SC
17263,144.9,117427,2613,AU,OC
17264,144.9,117429,4970,EC,OC
17265,144.9,117430,2707,CH,SCA
17266,144.9,117432,2733,FT,OC
17267,144.9,117434,2627,CS,SC
17268,144.9,117435,1519,ME,OC
17269,144.9,117436,2624,IT,SC
17270,144.9,117438,5935,ME,OC
17271,144.9,117439,2622,IT,SCA
17272,144.9,117440,5022,CE,MBC
17273,144.9,117444,1431,EC,BC
17274,144.9,117446,4676,ME,MBC
17275,144.9,117447,2328,BM,MBC
17276,144.9,117448,3810,EE,OC
17277,144.9,117449,2610,RM,MBC
17278,144.9,117452,3760,CS,BC
17279,144.9,117453,4934,EE,OC
17280,144.9,117454,5990,ME,OC
17281,144.9,117455,1322,EC,SC
17282,144.9,117456,3805,BM,SC
17283,144.9,117457,5703,EE,OC
17284,144.9,117458,4953,IT,OC
17285,144.9,117460,4970,EC,OC
17286,144.9,117461,3811,CS,BC
17287,144.9,117466,1202,EE,OC
17288,144.9,117470,4957,EC,OC
17289,144.9,117472,1427,IT,OC
17290,144.9,117473,3810,CS,BC
17291,144.9,117474,1228,EC,BCM
17292,144.9,117475,5022,ME,SC
17293,144.9,117476,2611,EC,MBC
17294,144.9,117477,1241,CS,SC
17295,144.9,117478,4965,BM,BC
17296,144.9,117481,1401,ME,OC
17297,144.8,117482,1414,EC,SC
17298,144.8,117484,3820,CS,BC
17299,144.8,117485,3829,ME,OC
17300,144.8,117487,2614,TX,BC
17301,144.8,117491,1434,CS,MBC
17302,144.8,117492,4978,BM,SC
17303,144.8,117493,2657,EC,SC
17304,144.8,117495,2745,EC,BC
17305,144.8,117496,5919,CS,BC
17306,144.8,117498,3905,EE,OC
17307,144.8,117499,2622,IT,SC
17308,144.8,117501,4965,EE,MBC
17309,144.8,117509,4955,CE,SC
17310,144.8,117510,2727,AG,MBC
17311,144.8,117516,5919,CH,OC
17312,144.8,117517,2611,BM,MBC
17313,144.8,117518,1519,CS,BC
17314,144.8,117519,2347,ME,OC
17315,144.8,117521,2726,ME,BC
17316,144.8,117522,5502,EC,SC
17317,144.8,117524,2628,EE,OC
17318,144.8,117525,3841,ME,OC
17319,144.8,117527,2683,BM,OC
17320,144.8,117528,5914,CS,SC
17321,144.8,117529,2624,CS,BC
17322,144.8,117534,3462,CS,SC
17323,144.8,117536,4964,MR,MBC
17324,144.8,117538,2747,EE,OC
17325,144.8,117539,1217,EC,BC
17326,144.8,117540,3810,EE,BC
17327,144.8,117543,1225,ME,BC
17328,144.8,117545,4680,CE,BC
17329,144.8,117546,2606,EC,OC
17330,144.8,117549,1442,BM,SC
17331,144.8,117551,3801,CE,OC
17332,144.8,117552,1424,EC,BC
17333,144.8,117559,2609,ME,OC
17334,144.8,117560,2610,BM,BC
17335,144.8,117561,5914,CS,BC
17336,144.8,117562,2751,AD,SC
17337,144.8,117566,4959,AD,MBC
17338,144.8,117567,4928,EC,BC
17339,144.8,117568,4669,EE,OC
17340,144.8,117569,4680,EE,BC
17341,144.8,117570,5915,ME,OC
17342,144.8,117571,5912,ME,OC
17343,144.8,117572,2611,FD,MBC
17344,144.8,117574,2607,CS,SC
17345,144.8,117576,3425,CS,SC
17346,144.8,117578,3843,EC,MBC
17347,144.8,117579,1207,BM,BC
17348,144.8,117580,2707,CD,BCM
17349,144.8,117581,2737,CS,BC
17350,144.8,117582,3016,CS,SCA
17351,144.8,117584,1015,ME,BC
17352,144.8,117585,2345,EC,MBC
17353,144.8,117587,2609,IT,MBC
17354,144.8,117590,4993,ME,OC
17355,144.8,117591,4972,CS,SC
17356,144.8,117593,1510,EE,OC
17357,144.8,117595,4952,CS,OC
17358,144.8,117597,1430,CS,SC
17359,144.8,117598,3813,CS,MBC
17360,144.8,117599,3786,ME,OC
17361,144.8,117600,5865,CE,MBC
17362,144.8,117601,2609,ME,OC
17363,144.8,117602,2650,ME,OC
17364,144.8,117603,3829,ME,OC
17365,144.8,117604,2610,EE,MBC
17366,144.8,117606,2736,CS,SC
17367,144.8,117610,1137,CE,BC
17368,144.8,117612,3810,EE,MBC
17369,144.8,117614,4970,EE,OC
17370,144.8,117615,5915,CE,OC
17371,144.8,117616,2357,ME,BC
17372,144.8,117620,2636,EC,BC
17373,144.8,117622,4670,CS,MBC
17374,144.8,117626,4965,ME,MBC
17375,144.7,117627,2745,EC,BC
17376,144.7,117628,3456,BM,OC
17377,144.7,117631,4672,EE,BC
17378,144.7,117632,5930,CS,MBC
17379,144.7,117634,4953,IT,OC
17380,144.7,117635,2609,CE,OC
17381,144.7,117636,2302,ME,OC
17382,144.7,117637,2732,CS,MBC
17383,144.7,117639,2613,ME,BC
17384,144.7,117641,4966,EC,BC
17385,144.7,117644,5942,IT,BCM
17386,144.7,117645,3833,CE,OC
17387,144.7,117647,4023,CE,BCM
17388,144.7,117649,2713,CS,MBC
17389,144.7,117652,2354,ME,OC
17390,144.7,117656,2627,EC,OC
17391,144.7,117660,2601,ME,OC
17392,144.7,117662,1424,RM,OC
17393,144.7,117663,3760,AG,MBC
17394,144.7,117670,4934,CS,BC
17395,144.7,117671,2661,CS,SC
17396,144.7,117672,2622,ME,MBC
17397,144.7,117677,3810,CS,BC
17398,144.7,117678,1416,CS,BC
17399,144.7,117679,4994,ME,OC
17400,144.7,117682,3905,EC,BC
17401,144.7,117683,1202,CS,SC
17402,144.7,117686,2338,CS,OC
17403,144.7,117687,3846,EE,OC
17404,144.7,117688,4952,CS,MBC
17405,144.7,117691,2610,MZ,OC
17406,144.7,117693,4992,AU,OC
17407,144.7,117695,2750,AE,SC
17408,144.7,117696,5703,CS,BC
17409,144.7,117697,2719,RM,SC
17410,144.7,117698,1127,EE,OC
17411,144.7,117699,2755,CS,SCA
17412,144.7,117702,2770,CS,OC
17413,144.7,117703,2750,EC,SC
17414,144.7,117704,3019,EE,SC
17415,144.7,117710,1434,EC,OC
17416,144.7,117713,5865,EE,BC
17417,144.7,117714,3804,EE,OC
17418,144.7,117716,2651,ME,OC
17419,144.7,117719,2716,GI,BC
17420,144.7,117720,3860,CS,OC
17421,144.7,117721,4933,ME,OC
17422,144.7,117724,1414,EC,SC
17423,144.7,117725,1133,CS,BC
17424,144.7,117727,2734,MO,BC
17425,144.7,117729,2640,EC,OC
17426,144.7,117730,1426,CS,OC
17427,144.7,117736,2328,ME,SC
17428,144.7,117737,2611,AG,MBC
17429,144.7,117744,3829,EE,OC
17430,144.7,117745,4982,CS,OC
17431,144.7,117746,3905,EE,OC
17432,144.7,117747,5904,ME,BC
17433,144.6,117750,1424,AD,BC
17434,144.6,117751,1133,CS,BC
17435,144.6,117753,2723,EE,MBC
17436,144.6,117757,2622,CS,SC
17437,144.6,117760,2707,CH,MBC
17438,144.6,117761,2642,EE,OC
17439,144.6,117762,2302,CS,SC
17440,144.6,117764,1137,EC,OC
17441,144.6,117765,3806,EC,BC
17442,144.6,117768,3786,EC,BC
17443,144.6,117769,2762,CS,MBC
17444,144.6,117772,1101,EE,OC
17445,144.6,117775,2634,EC,MBC
17446,144.6,117776,2707,AD,SC
17447,144.6,117777,1412,IT,MBC
17448,144.6,117783,5532,EE,BC
17449,144.6,117784,1510,CS,SC
17450,144.6,117785,3021,CE,BC
17451,144.6,117786,5915,ME,OC
17452,144.6,117787,1207,IT,BC
17453,144.6,117788,4978,BM,SC
17454,144.6,117794,4928,ME,BC
17455,144.6,117795,3801,ME,MBC
17456,144.6,117797,1222,IT,OC
17457,144.6,117799,3806,EC,SC
17458,144.6,117800,2357,CS,SC
17459,144.6,117801,2772,ME,OC
17460,144.6,117804,2357,ME,BC
17461,144.6,117806,5990,CS,BC
17462,144.6,117807,3806,ME,OC
17463,144.6,117810,4670,CE,BC
17464,144.6,117811,5907,IT,SC
17465,144.6,117813,2659,CS,MBC
17466,144.6,117814,1503,IT,BC
17467,144.6,117815,3462,CS,BC
17468,144.6,117816,1319,CS,SC
17469,144.6,117818,2716,CS,MBC
17470,144.6,117821,1412,EC,MBC
17471,144.6,117823,4917,EE,MBC
17472,144.6,117826,5912,CS,BC
17473,144.6,117827,4994,EC,BC
17474,144.6,117828,4993,ME,OC
17475,144.6,117829,4917,CE,BC
17476,144.6,117830,2657,EC,MBC
17477,144.6,117831,1149,EE,SC
17478,144.6,117832,2734,MO,BC
17479,144.6,117834,1405,EC,BC
17480,144.6,117835,3846,CS,OC
17481,144.6,117836,2609,CY,BCM
17482,144.6,117838,2657,EC,BC
17483,144.6,117839,2715,ME,OC
17484,144.6,117844,2608,CE,SC
17485,144.6,117847,1503,ME,OC
17486,144.6,117849,2628,EE,OC
17487,144.6,117850,2639,CS,SC
17488,144.6,117851,3018,EE,OC
17489,144.6,117854,1202,EC,SC
17490,144.6,117855,1207,CS,SC
17491,144.6,117858,2650,CS,SC
17492,144.6,117860,2345,EC,MBC
17493,144.6,117862,3905,EE,OC
17494,144.6,117863,2643,EE,OC
17495,144.6,117864,2602,MD,BC
17496,144.6,117865,3822,CS,OC
17497,144.6,117866,3857,CS,OC
17498,144.6,117867,4989,ME,OC
17499,144.6,117868,2607,ME,MBC
17500,144.6,117870,4978,BM,SCA
17501,144.6,117874,1325,EC,MBC
17502,144.6,117876,5915,ME,OC
17503,144.6,117878,1405,CS,MBC
17504,144.6,117879,4978,BM,MBC
17505,144.6,117880,1407,CS,BC
17506,144.6,117881,5536,EC,BC
17507,144.5,117882,1209,IT,OC
17508,144.5,117892,3805,ME,MBC
17509,144.5,117896,3849,EE,OC
17510,144.5,117898,2302,AD,SCA
17511,144.5,117903,2650,CS,MBC
17512,144.5,117905,1207,EC,BC
17513,144.5,117906,1431,EE,OC
17514,144.5,117907,2659,CS,MBC
17515,144.5,117908,2733,CS,OC
17516,144.5,117909,3805,EE,SC
17517,144.5,117911,4864,EE,BC
17518,144.5,117914,1424,EE,OC
17519,144.5,117915,1106,EE,OC
17520,144.5,117916,5910,BM,SC
17521,144.5,117919,5904,ME,BC
17522,144.5,117922,1304,ME,SC
17523,144.5,117923,2653,CE,BC
17524,144.5,117926,4994,EC,SC
17525,144.5,117927,3841,CS,SC
17526,144.5,117929,2702,BM,SC
17527,144.5,117940,2716,BM,MBC
17528,144.5,117942,2725,EC,SC
17529,144.5,117952,2642,EC,BCM
17530,144.5,117954,1120,CE,SC
17531,144.5,117956,2635,CS,OC
17532,144.5,117959,2704,CE,BC
17533,144.5,117961,1411,CS,BC
17534,144.5,117964,2744,CS,SC
17535,144.5,117970,4969,CS,BC
17536,144.5,117975,2711,EI,SC
17537,144.5,117980,1122,CE,MBC
17538,144.5,117981,3817,BT,BC
17539,144.5,117984,1015,ME,SC
17540,144.5,117985,4944,AD,MBC
17541,144.5,117986,3018,CE,OC
17542,144.5,117991,1114,ME,BC
17543,144.5,117993,5,MM,BC
17544,144.5,117998,2611,FD,BC
17545,144.5,117999,1212,PE,OC
17546,144.5,118006,2665,CS,OC
17547,144.5,118007,1311,AE,MBC
17548,144.5,118009,1301,EC,MBC
17549,144.5,118014,1218,BM,MBC
17550,144.5,118015,1322,AE,OC
17551,144.5,118017,3830,CB,SC
17552,144.5,118023,2736,ME,MBC
17553,144.5,118026,3843,EE,MBC
17554,144.5,118028,4995,CS,OC
17555,144.5,118030,2314,EC,MBC
17556,144.5,118031,3829,IT,MBC
17557,144.5,118032,4955,AD,SC
17558,144.5,118035,4993,CS,BC
17559,144.5,118036,4670,AG,SC
17560,144.5,118038,2710,ME,SC
17561,144.5,118039,5536,EC,BC
17562,144.5,118040,3826,AG,SC
17563,144.5,118041,2620,CS,MBC
17564,144.5,118043,4968,CE,OC
17565,144.5,118045,1133,CS,SC
17566,144.5,118047,2776,MZ,SC
17567,144.5,118049,4954,ME,OC
17568,144.5,118050,1518,IT,OC
17569,144.5,118051,4993,IT,BC
17570,144.5,118052,1210,EE,SC
17571,144.5,118053,2622,IT,SC
17572,144.5,118054,1411,BT,OC
17573,144.5,118056,4954,EE,BC
17574,144.5,118057,2613,EC,SC
17575,144.5,118059,2302,EC,OC
17576,144.5,118063,2629,IT,MBC
17577,144.5,118065,4994,EC,BC
17578,144.5,118067,4953,EE,OC
17579,144.5,118069,3019,CE,MBC
17580,144.5,118070,5703,CS,BC
17581,144.5,118072,2347,EE,MBC
17582,144.5,118074,2608,EE,SC
17583,144.5,118075,3806,EC,MBC
17584,144.5,118077,4971,CS,SC
17585,144.4,118078,2743,AG,SCA
17586,144.4,118081,2708,ME,MBC
17587,144.4,118084,2653,CS,SC
17588,144.4,118085,1512,CS,OC
17589,144.4,118088,2610,EE,BC
17590,144.4,118089,2642,CE,OC
17591,144.4,118092,2661,IT,SC
17592,144.4,118094,5902,CS,MBC
17593,144.4,118095,2659,EC,SC
17594,144.4,118096,5915,CS,SC
17595,144.4,118098,3812,ME,OC
17596,144.4,118104,2347,EE,MBC
17597,144.4,118108,3425,EC,BC
17598,144.4,118110,1424,EE,OC
17599,144.4,118111,1101,ME,BC
17600,144.4,118113,5832,EE,OC
17601,144.4,118114,4978,BT,SC
17602,144.4,118115,1407,MR,OC
17603,144.4,118118,2614,IT,OC
17604,144.4,118119,3805,RM,OC
17605,144.4,118122,3454,CS,BC
17606,144.4,118123,2634,CS,BCM
17607,144.4,118127,1226,EC,MBC
17608,144.4,118128,2659,EE,OC
17609,144.4,118129,2636,CE,MBC
17610,144.4,118131,1322,EC,SC
17611,144.4,118132,2342,EC,BC
17612,144.4,118133,2646,ME,OC
17613,144.4,118134,2665,CS,OC
17614,144.4,118136,3811,EC,OC
17615,144.4,118137,1426,IT,OC
17616,144.4,118139,3410,ME,OC
17617,144.4,118140,3795,EE,MBC
17618,144.4,118149,3843,EC,MBC
17619,144.4,118151,2347,ME,OC
17620,144.4,118152,3849,IT,SC
17621,144.4,118153,3908,EE,BCM
17622,144.4,118154,2314,EC,MBC
17623,144.4,118155,2360,EC,OC
17624,144.4,118156,3804,CS,SC
17625,144.4,118157,1411,CS,BC
17626,144.4,118158,3855,EE,OC
17627,144.4,118159,2731,PD,BC
17628,144.4,118161,1421,EC,SC
17629,144.4,118162,2613,AU,OC
17630,144.4,118163,2646,EC,OC
17631,144.4,118166,5902,EC,OC
17632,144.4,118168,3805,RM,BC
17633,144.4,118169,1519,CS,SC
17634,144.4,118172,2610,EE,MBC
17635,144.4,118174,1114,EC,SCA
17636,144.4,118177,2707,RM,MBC
17637,144.4,118179,1412,ME,OC
17638,144.4,118181,2683,BM,OC
17639,144.4,118182,3817,ME,OC
17640,144.4,118183,1435,CS,OC
17641,144.4,118184,2610,CS,SCA
17642,144.4,118185,2610,EE,MBC
17643,144.4,118186,4675,CS,BC
17644,144.4,118189,4955,EC,SC
17645,144.4,118191,2749,AD,BC
17646,144.4,118192,4959,CE,MBC
17647,144.4,118194,4949,CS,BC
17648,144.4,118196,2632,IT,MBC
17649,144.3,118200,3807,AE,OC
17650,144.3,118204,4980,CS,MBC
17651,144.3,118205,2707,BM,BC
17652,144.3,118206,5017,CE,OC
17653,144.3,118207,2610,CE,OC
17654,144.3,118209,4670,ME,BC
17655,144.3,118210,3857,CE,OC
17656,144.3,118212,2776,ME,OC
17657,144.3,118213,2611,MC,MBC
17658,144.3,118216,1106,EC,OC
17659,144.3,118217,1316,MZ,BC
17660,144.3,118218,1517,EE,OC
17661,144.3,118219,2708,FD,SC
17662,144.3,118222,1137,EE,OC
17663,144.3,118223,2745,CS,SC
17664,144.3,118225,4964,CS,BC
17665,144.3,118226,4989,IT,BC
17666,144.3,118227,3831,EC,OC
17667,144.3,118228,2646,ME,OC
17668,144.3,118229,2611,CY,SC
17669,144.3,118230,5935,CS,BC
17670,144.3,118231,2721,EE,BC
17671,144.3,118233,1509,EE,OC
17672,144.3,118234,1106,ME,OC
17673,144.3,118236,3456,CS,SC
17674,144.3,118239,1217,EC,SC
17675,144.3,118240,2770,EC,OC
17676,144.3,118241,5988,EC,BC
17677,144.3,118243,3920,AD,BC
17678,144.3,118247,3905,ME,OC
17679,144.3,118251,4864,EE,BC
17680,144.3,118253,2609,EC,BC
17681,144.3,118254,2347,EC,BC
17682,144.3,118255,2726,EE,MBC
17683,144.3,118256,4953,CS,MBC
17684,144.3,118259,3829,EE,OC
17685,144.3,118260,2342,ME,MBC
17686,144.3,118261,2748,CS,OC
17687,144.3,118262,4933,EE,OC
17688,144.3,118264,2715,ME,OC
17689,144.3,118266,3854,ME,OC
17690,144.3,118268,4964,CS,SC
17691,144.3,118269,1310,ME,BC
17692,144.3,118271,1313,CS,BC
17693,144.3,118272,2347,EC,SC
17694,144.3,118273,3760,EC,SC
17695,144.3,118274,3849,EC,OC
17696,144.3,118279,2741,EC,SC
17697,144.3,118280,2621,ME,OC
17698,144.3,118281,4946,EC,OC
17699,144.3,118283,1226,ME,MBC
17700,144.3,118285,2650,ME,OC
17701,144.3,118286,2731,EE,BC
17702,144.3,118288,2646,CS,MBC
17703,144.3,118289,1202,ME,OC
17704,144.3,118290,2743,EC,MBC
17705,144.3,118293,1212,EC,OC
17706,144.3,118297,1416,CS,MBC
17707,144.3,118299,2733,FT,OC
17708,144.3,118300,2611,AG,MBC
17709,144.3,118301,3843,EC,MBC
17710,144.3,118305,2715,AG,BC
17711,144.3,118306,1519,EE,OC
17712,144.3,118307,2617,ME,OC
17713,144.2,118308,5910,CB,SC
17714,144.2,118310,4954,ME,OC
17715,144.2,118311,2641,CS,OC
17716,144.2,118312,1114,ME,SC
17717,144.2,118314,1426,CS,OC
17718,144.2,118321,3760,ME,SC
17719,144.2,118322,2338,AG,OC
17720,144.2,118324,3905,EE,OC
17721,144.2,118328,1510,CS,MBC
17722,144.2,118329,2630,EE,OC
17723,144.2,118330,5915,CE,OC
17724,144.2,118331,3820,CS,BC
17725,144.2,118333,2609,CS,SC
17726,144.2,118334,2346,CS,OC
17727,144.2,118337,2611,PU,OC
17728,144.2,118339,4864,EC,SC
17729,144.2,118342,4670,EC,BC
17730,144.2,118345,2610,ME,OC
17731,144.2,118347,2651,EC,BC
17732,144.2,118349,2622,EC,BCM
17733,144.2,118351,1422,EI,SC
17734,144.2,118352,1401,CS,MBC
17735,144.2,118353,1421,EE,OC
17736,144.2,118354,2611,CE,OC
17737,144.2,118356,4993,IT,BCM
17738,144.2,118357,2747,EC,SC
17739,144.2,118362,3843,CE,OC
17740,144.2,118366,1441,CS,OC
17741,144.2,118370,4672,EC,BC
17742,144.2,118373,3803,IT,SC
17743,144.2,118374,1510,EE,OC
17744,144.2,118377,1226,ME,MBC
17745,144.2,118378,2636,AD,SC
17746,144.2,118379,3806,BM,BC
17747,144.2,118380,2624,EC,OC
17748,144.2,118382,1503,CS,OC
17749,144.2,118386,3830,AL,SC
17750,144.2,118387,1426,IT,OC
17751,144.2,118389,5703,CE,OC
17752,144.2,118393,5865,ME,OC
17753,144.2,118394,2652,EE,OC
17754,144.2,118395,2650,CS,BC
17755,144.2,118396,2707,RM,BC
17756,144.2,118398,1106,CS,SC
17757,144.2,118400,3760,AG,SCA
17758,144.2,118402,3801,IT,SC
17759,144.2,118403,1412,EC,MBC
17760,144.2,118404,1133,CS,SC
17761,144.2,118406,1106,IT,SC
17762,144.1,118408,2624,CS,BC
17763,144.1,118411,4955,ME,SC
17764,144.1,118412,1126,CS,BC
17765,144.1,118413,1133,CS,MBC
17766,144.1,118421,2651,ME,OC
17767,144.1,118422,2710,ME,SC
17768,144.1,118423,4917,BT,MBC
17769,144.1,118425,3021,XC,OC
17770,144.1,118427,2625,ME,OC
17771,144.1,118430,2740,PH,MBC
17772,144.1,118432,2634,EC,BC
17773,144.1,118433,4975,EE,OC
17774,144.1,118435,2642,CS,SC
17775,144.1,118436,1401,EE,MBC
17776,144.1,118439,2707,CH,SCA
17777,144.1,118440,3018,EE,SC
17778,144.1,118441,2338,AG,SCA
17779,144.1,118442,3019,ME,BCM
17780,144.1,118444,4675,CS,BC
17781,144.1,118447,1605,IT,OC
17782,144.1,118448,1322,EE,OC
17783,144.1,118451,1315,CE,ST
17784,144.1,118452,4954,EE,BC
17785,144.1,118453,3829,EE,OC
17786,144.1,118456,1520,EC,BC
17787,144.1,118457,2607,TX,BC
17788,144.1,118458,2656,EC,SC
17789,144.1,118459,1413,ME,BCM
17790,144.1,118460,3918,ME,OC
17791,144.1,118463,3805,ME,BC
17792,144.1,118464,1218,ME,OC
17793,144.1,118465,2367,CS,OC
17794,144.1,118470,3908,CS,SC
17795,144.1,118471,3817,ME,OC
17796,144.1,118477,4972,EE,OC
17797,144.1,118478,2736,ME,BC
17798,144.1,118479,2707,EC,MBC
17799,144.1,118481,1441,EE,OC
17800,144.1,118483,3425,ME,OC
17801,144.1,118486,1431,CS,SC
17802,144.1,118488,3905,CS,MBC
17803,144.1,118489,2634,FD,OC
17804,144.1,118490,1301,EC,SC
17805,144.1,118492,3829,EC,BC
17806,144.1,118493,4982,CS,OC
17807,144.1,118494,1504,CH,MBC
17808,144.1,118495,3425,EE,BC
17809,144.1,118497,2683,BM,OC
17810,144.1,118498,5919,CS,BC
17811,144.1,118499,3805,PH,BC
17812,144.1,118500,2632,EC,OC
17813,144.1,118501,2609,IT,MBC
17814,144.1,118504,2613,ME,BC
17815,144.1,118505,2715,CS,BCM
17816,144.1,118510,1411,IT,BC
17817,144.1,118512,3801,IT,SC
17818,144.1,118514,2747,CS,SC
17819,144.1,118515,3811,ME,OC
17820,144.1,118517,2609,AO,OC
17821,144.1,118518,2659,BM,BC
17822,144.1,118519,1518,CS,OC
17823,144.0,118521,5502,ME,OC
17824,144.0,118522,1512,CS,OC
17825,144.0,118523,2624,AG,OC
17826,144.0,118524,2659,EC,BC
17827,144.0,118525,4670,ME,MBC
17828,144.0,118527,2629,MD,MBC
17829,144.0,118530,1503,CS,BC
17830,144.0,118531,5017,EE,BC
17831,144.0,118534,5017,ME,OC
17832,144.0,118538,1101,EC,MBC
17833,144.0,118539,2601,CE,OC
17834,144.0,118540,4929,CS,OC
17835,144.0,118541,2623,BM,OC
17836,144.0,118544,1426,CS,OC
17837,144.0,118546,1217,BM,SC
17838,144.0,118549,3814,CS,BC
17839,144.0,118556,3826,EE,SC
17840,144.0,118557,1505,ME,OC
17841,144.0,118559,2749,IT,MBC
17842,144.0,118561,1207,IT,BC
17843,144.0,118564,1212,EC,OC
17844,144.0,118567,1523,IT,BCM
17845,144.0,118571,2736,BM,MBC
17846,144.0,118572,5,CZ,BC
17847,144.0,118573,1225,ME,BC
17848,144.0,118579,1210,EE,SC
17849,144.0,118581,5,CZ,MBC
17850,144.0,118590,3021,EE,MBC
17851,144.0,118597,2704,EE,SC
17852,144.0,118601,1127,BT,BC
17853,144.0,118602,3018,EE,BC
17854,144.0,118603,2601,AE,OC
17855,144.0,118604,3795,CE,OC
17856,144.0,118609,1210,EE,SC
17857,144.0,118610,5017,EC,SC
17858,144.0,118613,2712,TX,SC
17859,144.0,118614,1116,EE,OC
17860,144.0,118616,1408,EC,BC
17861,144.0,118622,2727,CE,BC
17862,144.0,118626,4960,CE,SC
17863,144.0,118628,1520,CS,BCM
17864,144.0,118637,1316,ME,OC
17865,144.0,118640,5017,EC,BCM
17866,144.0,118641,5022,CE,SC
17867,144.0,118655,1110,AD,SC
17868,144.0,118656,5910,EC,SC
17869,144.0,118658,4999,CS,SC
17870,144.0,118662,2625,EC,OC
17871,144.0,118663,2707,BM,SC
17872,144.0,118665,1318,IT,OC
17873,144.0,118666,2711,EC,SC
17874,144.0,118668,5921,EC,BC
17875,144.0,118669,3466,EC,OC
17876,144.0,118670,2347,AG,BC
17877,144.0,118673,2347,CS,SC
17878,144.0,118675,4955,ME,SC
17879,144.0,118676,1226,EE,MBC
17880,144.0,118677,3760,CS,MBC
17881,144.0,118680,3825,CS,BC
17882,144.0,118681,2328,BM,SC
17883,144.0,118685,4931,CS,BC
17884,144.0,118687,1238,BM,SC
17885,144.0,118689,2659,EC,BC
17886,144.0,118690,3806,EC,MBC
17887,144.0,118691,1441,CS,OC
17888,144.0,118692,4993,BM,SC
17889,144.0,118693,2611,MC,MBC
17890,144.0,118694,1513,IT,SC
17891,144.0,118700,2611,EC,MBC
17892,144.0,118704,3811,CS,SC
17893,144.0,118706,5907,EC,OC
17894,144.0,118710,3829,EE,OC
17895,144.0,118711,2755,AE,SC
17896,144.0,118715,2713,IT,BC
17897,144.0,118716,2610,CS,SC
17898,144.0,118717,2729,EE,MBC
17899,144.0,118718,2646,CS,BC
17900,144.0,118719,4972,EE,OC
17901,144.0,118721,2636,EE,SCA
17902,144.0,118722,5990,EE,OC
17903,144.0,118723,2329,XS,BC
17904,144.0,118724,4964,EC,OC
17905,144.0,118728,2665,CS,MBC
17906,144.0,118729,2776,CE,OC
17907,144.0,118732,1304,AU,SC
17908,144.0,118734,2707,CJ,BCM
17909,144.0,118736,3806,ME,OC
17910,144.0,118737,5832,ME,OC
17911,144.0,118738,2606,EC,OC
17912,144.0,118740,3462,CS,BC
17913,144.0,118742,3018,ME,OC
17914,144.0,118743,3019,ME,SC
17915,144.0,118745,2602,IE,OC
17916,144.0,118746,1316,AD,SC
17917,143.9,118747,1202,EC,MBC
17918,143.9,118748,3809,ME,OC
17919,143.9,118749,2608,AD,SC
17920,143.9,118751,2302,BM,SCA
17921,143.9,118753,3804,EC,OC
17922,143.9,118755,2354,CS,MBC
17923,143.9,118757,4964,EC,OC
17924,143.9,118760,2624,CS,SC
17925,143.9,118761,4959,CE,BC
17926,143.9,118763,2625,CS,OC
17927,143.9,118764,2768,CS,MBC
17928,143.9,118766,2741,ME,BC
17929,143.9,118767,5913,EC,BC
17930,143.9,118768,2357,CS,MBC
17931,143.9,118770,1519,CS,MBC
17932,143.9,118778,3811,CS,BC
17933,143.9,118779,2747,CS,SC
17934,143.9,118780,2621,CS,MBC
17935,143.9,118782,4953,ME,OC
17936,143.9,118783,2617,CE,OC
17937,143.9,118784,4978,BM,BC
17938,143.9,118788,2749,EC,MBC
17939,143.9,118789,5914,CS,BC
17940,143.9,118790,1424,EE,OC
17941,143.9,118792,2651,EC,BC
17942,143.9,118793,2601,EE,MBC
17943,143.9,118794,1233,CE,SC
17944,143.9,118795,4980,ME,OC
17945,143.9,118797,2609,AG,MBC
17946,143.9,118798,2732,CS,BC
17947,143.9,118801,2613,SF,OC
17948,143.9,118802,4972,EC,BC
17949,143.9,118804,3810,CS,BC
17950,143.9,118805,4960,CE,SC
17951,143.9,118806,1441,EE,OC
17952,143.9,118809,5935,AU,OC
17953,143.9,118810,5,CZ,BCM
17954,143.9,118818,1436,EE,OC
17955,143.9,118819,3016,CE,OC
17956,143.9,118824,1412,CS,SC
17957,143.9,118827,2611,CE,OC
17958,143.9,118828,2726,CS,SC
17959,143.9,118831,2643,EC,OC
17960,143.9,118834,2611,CE,OC
17961,143.9,118835,3782,CS,MBC
17962,143.9,118837,1110,IT,SC
17963,143.9,118839,1408,ME,OC
17964,143.9,118840,1125,CS,MBC
17965,143.9,118844,1207,CS,SC
17966,143.8,118845,3829,EE,OC
17967,143.8,118848,2636,CE,SC
17968,143.8,118851,1408,EC,BC
17969,143.8,118852,4917,ME,OC
17970,143.8,118855,2707,IT,SC
17971,143.8,118856,3806,ME,OC
17972,143.8,118857,1207,AD,SC
17973,143.8,118859,1501,EC,BC
17974,143.8,118860,4680,CE,MBC
17975,143.8,118863,2609,EC,BC
17976,143.8,118864,2636,EC,SC
17977,143.8,118866,2632,EC,OC
17978,143.8,118867,2624,PH,SC
17979,143.8,118868,3829,IT,BC
17980,143.8,118869,1120,CE,ST
17981,143.8,118871,2650,CS,BC
17982,143.8,118872,3011,XM,OC
17983,143.8,118873,1114,CE,OC
17984,143.8,118877,1523,EC,OC
17985,143.8,118881,2734,ME,MBC
17986,143.8,118884,3806,ME,OC
17987,143.8,118885,2750,BT,MBC
17988,143.8,118886,2646,EC,OC
17989,143.8,118889,4969,EC,OC
17990,143.8,118890,3760,CS,BC
17991,143.8,118892,3807,IT,SC
17992,143.8,118893,2613,CS,ST
17993,143.8,118894,1442,BM,SC
17994,143.8,118895,2707,IT,SC
17995,143.8,118897,2314,EE,MBC
17996,143.8,118899,4999,AD,SC
17997,143.8,118902,4917,CE,BC
17998,143.8,118904,3830,EC,SCA
17999,143.8,118906,2639,CS,MBC
18000,143.8,118907,1243,EC,OC
18001,143.8,118908,2704,ME,MBC
18002,143.8,118909,1238,EE,OC
18003,143.8,118910,3857,CS,OC
18004,143.8,118915,5904,ME,BC
18005,143.8,118919,4980,EE,OC
18006,143.8,118920,2715,ME,OC
18007,143.8,118921,5022,CE,BCM
18008,143.8,118927,1441,EC,OC
18009,143.8,118928,1225,ME,BC
18010,143.8,118929,2345,CS,SC
18011,143.8,118933,3829,CS,BC
18012,143.8,118934,2740,IT,SC
18013,143.8,118935,2747,CS,SC
18014,143.8,118936,2651,EC,SC
18015,143.8,118937,1424,ME,OC
18016,143.8,118939,2630,ME,SC
18017,143.8,118940,2643,CS,SC
18018,143.8,118941,1430,EE,OC
18019,143.8,118942,2627,EC,OC
18020,143.8,118943,3805,EE,MBC
18021,143.8,118946,2729,ME,BC
18022,143.8,118950,1513,IT,MBC
18023,143.8,118954,2638,CS,OC
18024,143.8,118955,2360,ME,OC
18025,143.8,118956,2345,CS,BC
18026,143.8,118962,4975,CS,SC
18027,143.8,118964,2665,CS,BC
18028,143.8,118965,5930,ME,OC
18029,143.8,118966,4929,CS,OC
18030,143.8,118968,1202,EE,BC
18031,143.8,118969,3805,CS,SC
18032,143.8,118970,2621,EE,BC
18033,143.7,118972,2683,AG,OC
18034,143.7,118974,5,MM,MBC
18035,143.7,118975,3829,CS,BC
18036,143.7,118977,2747,EE,OC
18037,143.7,118978,2713,CS,MBC
18038,143.7,118980,1412,IT,BCM
18039,143.7,118983,2643,CS,BC
18040,143.7,118986,2707,AG,SC
18041,143.7,118987,2624,CS,MBC
18042,143.7,118988,2610,EC,MBC
18043,143.7,118991,3810,IT,SC
18044,143.7,118992,2624,BM,BC
18045,143.7,118994,2354,CS,MBC
18046,143.7,118995,5,ME,MBC
18047,143.7,118997,2623,EC,OC
18048,143.7,118998,1519,IT,SC
18049,143.7,119003,1512,IT,OC
18050,143.7,119004,2727,CS,SC
18051,143.7,119007,5022,XC,OC
18052,143.7,119008,4864,EE,BC
18053,143.7,119011,4929,EC,OC
18054,143.7,119013,2752,IT,BCM
18055,143.7,119014,2750,ME,SC
18056,143.7,119018,1014,CE,BC
18057,143.7,119019,5536,EC,BC
18058,143.7,119022,3786,ME,OC
18059,143.7,119023,3803,ME,MBC
18060,143.7,119024,2328,BM,MBC
18061,143.7,119026,1126,AG,OC
18062,143.7,119027,2607,IT,SC
18063,143.7,119028,1509,CE,OC
18064,143.7,119031,2764,CE,SC
18065,143.7,119032,2751,ME,BC
18066,143.7,119033,5912,CS,SC
18067,143.7,119034,4965,BM,SC
18068,143.7,119036,3021,ME,SC
18069,143.7,119037,2776,ME,OC
18070,143.7,119040,2342,EE,OC
18071,143.7,119042,4917,BM,BCM
18072,143.7,119043,3760,ME,SC
18073,143.7,119044,3843,EC,BC
18074,143.7,119045,4968,EE,OC
18075,143.7,119047,3806,EC,SC
18076,143.7,119050,1212,CS,SC
18077,143.7,119053,1412,EC,SC
18078,143.7,119054,2656,ME,MBC
18079,143.7,119056,3810,AG,BC
18080,143.7,119061,3805,RM,MBC
18081,143.7,119062,2347,ME,OC
18082,143.7,119063,2750,ME,SC
18083,143.7,119064,2341,BM,OC
18084,143.7,119065,1512,IT,OC
18085,143.7,119068,4982,CS,BC
18086,143.7,119071,1504,IT,SC
18087,143.6,119074,2736,ME,BC
18088,143.6,119076,4965,EC,BCM
18089,143.6,119077,3811,EC,OC
18090,143.6,119078,3806,EC,MBC
18091,143.6,119079,4989,IT,BC
18092,143.6,119082,1513,CS,SC
18093,143.6,119083,3860,EC,OC
18094,143.6,119084,2683,ME,OC
18095,143.6,119087,2357,CS,MBC
18096,143.6,119088,2609,FD,SC
18097,143.6,119089,2726,ME,MBC
18098,143.6,119091,2628,EE,OC
18099,143.6,119092,3846,EE,OC
18100,143.6,119093,3857,CS,OC
18101,143.6,119094,1421,ME,OC
18102,143.6,119095,1158,MR,OC
18103,143.6,119096,4023,XM,OC
18104,143.6,119101,1424,PE,BCM
18105,143.6,119104,1230,EC,BC
18106,143.6,119108,1501,EE,OC
18107,143.6,119110,2329,AD,SC
18108,143.6,119111,1303,AG,BC
18109,143.6,119112,1202,ME,OC
18110,143.6,119121,4024,EE,SC
18111,143.6,119122,2642,EC,SC
18112,143.6,119123,2769,AD,BC
18113,143.6,119124,3813,CS,BCM
18114,143.6,119125,2342,CE,OC
18115,143.6,119126,3011,XC,BC
18116,143.6,119128,2652,EC,OC
18117,143.6,119131,3813,IT,BC
18118,143.6,119133,4917,ME,OC
18119,143.6,119134,3809,CS,OC
18120,143.6,119135,2611,CS,SC
18121,143.6,119139,3817,EE,OC
18122,143.6,119140,2739,AD,SCA
18123,143.6,119144,3016,EC,BCM
18124,143.6,119145,2606,EE,OC
18125,143.6,119146,1325,ME,OC
18126,143.6,119147,2741,EE,MBC
18127,143.6,119150,5915,EC,BC
18128,143.6,119154,3021,CE,SC
18129,143.6,119160,4928,EE,OC
18130,143.6,119162,1510,EE,OC
18131,143.6,119164,2603,ME,ST
18132,143.6,119167,3810,CE,OC
18133,143.6,119169,3803,CE,OC
18134,143.6,119170,1419,ME,SC
18135,143.6,119172,2314,AD,MBC
18136,143.6,119174,3811,CE,OC
18137,143.6,119176,1218,CS,SC
18138,143.6,119177,2347,EC,BC
18139,143.6,119182,5990,CS,SC
18140,143.6,119183,1230,EC,SC
18141,143.6,119186,1233,EE,BC
18142,143.6,119187,1243,CS,OC
18143,143.6,119188,1241,ME,OC
18144,143.6,119189,1226,EE,MBC
18145,143.6,119191,2739,ME,SC
18146,143.6,119192,3830,AL,SC
18147,143.5,119195,1304,ME,SC
18148,143.5,119196,1228,BM,MBC
18149,143.5,119197,3462,ME,OC
18150,143.5,119198,4978,CS,SCA
18151,143.5,119199,3805,AO,OC
18152,143.5,119201,5532,ME,MBC
18153,143.5,119202,3815,EC,MBC
18154,143.5,119204,2648,EE,OC
18155,143.5,119207,3833,CS,SC
18156,143.5,119213,2636,EC,SC
18157,143.5,119217,5935,EC,SC
18158,143.5,119221,1431,EC,MBC
18159,143.5,119222,3806,EE,MBC
18160,143.5,119223,2611,EC,SC
18161,143.5,119224,2611,AG,BC
18162,143.5,119226,4023,CE,BCM
18163,143.5,119227,1518,EC,OC
18164,143.5,119228,5942,EC,MBC
18165,143.5,119232,4675,EC,BC
18166,143.5,119233,5842,CS,OC
18167,143.5,119234,1503,BT,OC
18168,143.5,119237,3806,EC,SC
18169,143.5,119239,3806,EC,SC
18170,143.5,119243,3825,ME,OC
18171,143.5,119247,2349,CS,SC
18172,143.5,119249,1309,CE,MBC
18173,143.5,119250,2726,IT,SC
18174,143.5,119252,3018,EE,BC
18175,143.5,119255,4995,CS,OC
18176,143.5,119256,3701,EC,SC
18177,143.5,119258,1123,CS,BC
18178,143.5,119259,2710,ME,SC
18179,143.5,119260,4938,CS,OC
18180,143.5,119261,2632,EC,OC
18181,143.5,119264,1505,CE,OC
18182,143.5,119274,4995,CS,OC
18183,143.5,119275,2349,AD,MBC
18184,143.5,119279,2314,EC,MBC
18185,143.5,119280,1304,CE,ST
18186,143.5,119282,2620,EC,MBC
18187,143.5,119284,3021,EE,SC
18188,143.5,119285,1310,IT,SC
18189,143.5,119289,1412,CS,BC
18190,143.5,119290,2314,EC,MBC
18191,143.5,119291,3019,CE,MBC
18192,143.5,119298,5,ME,BC
18193,143.5,119304,3018,CE,OC
18194,143.5,119305,1112,EC,SCA
18195,143.5,119306,1222,CS,OC
18196,143.5,119309,2721,EE,BC
18197,143.5,119310,1325,EE,OC
18198,143.5,119313,2718,CJ,ST
18199,143.5,119315,2729,EE,BC
18200,143.5,119318,5986,EC,MBC
18201,143.5,119324,1414,EC,SC
18202,143.5,119327,5,CE,MBC
18203,143.5,119328,1509,EI,OC
18204,143.5,119337,4980,ME,OC
18205,143.5,119339,4992,EE,OC
18206,143.5,119340,3018,EE,SC
18207,143.5,119341,1110,EC,SC
18208,143.5,119342,3826,CE,MBC
18209,143.5,119344,2624,IT,BC
18210,143.5,119345,4955,CE,BC
18211,143.5,119347,3843,EC,MBC
18212,143.5,119349,2621,EE,BC
18213,143.5,119350,1421,EC,BCM
18214,143.5,119353,3819,ME,SC
18215,143.5,119354,1123,CS,SC
18216,143.5,119356,1133,CS,SC
18217,143.5,119357,5536,EC,MBC
18218,143.5,119358,1411,CS,SCA
18219,143.5,119359,2314,AD,BC
18220,143.5,119361,3825,CS,SC
18221,143.5,119363,1504,CE,OC
18222,143.5,119364,1202,ME,OC
18223,143.5,119365,1442,BM,SC
18224,143.5,119368,2611,AG,MBC
18225,143.5,119369,4970,ME,OC
18226,143.5,119371,2713,ME,OC
18227,143.5,119374,4983,AE,OC
18228,143.4,119378,2630,EE,OC
18229,143.4,119380,4670,ME,BC
18230,143.4,119382,1219,EE,SCA
18231,143.4,119384,2732,CS,BC
18232,143.4,119388,1408,CE,OC
18233,143.4,119392,4992,ME,OC
18234,143.4,119393,1322,EC,SC
18235,143.4,119395,2607,MZ,MBC
18236,143.4,119399,2624,PH,SC
18237,143.4,119400,1426,IT,OC
18238,143.4,119401,3860,EC,OC
18239,143.4,119402,3806,ME,OC
18240,143.4,119403,4978,AE,OC
18241,143.4,119404,3021,ME,BC
18242,143.4,119406,4675,EE,OC
18243,143.4,119410,5914,CS,BC
18244,143.4,119411,2643,EE,OC
18245,143.4,119412,4999,CS,BC
18246,143.4,119414,2347,AG,SC
18247,143.4,119415,1424,RM,BC
18248,143.4,119419,2609,EE,SC
18249,143.4,119422,2618,EE,SC
18250,143.4,119425,2613,CE,MBC
18251,143.4,119426,3019,CE,SC
18252,143.4,119427,2749,EC,BC
18253,143.4,119428,1110,ME,OC
18254,143.4,119430,2328,EE,MBC
18255,143.4,119433,2683,AG,OC
18256,143.4,119437,4670,ME,BC
18257,143.4,119438,3425,CE,OC
18258,143.4,119440,2347,ME,OC
18259,143.4,119442,1416,BM,OC
18260,143.4,119443,2715,EC,MBC
18261,143.4,119447,4960,ME,SC
18262,143.4,119452,2302,AD,BC
18263,143.4,119455,2611,EE,BC
18264,143.4,119459,4929,CS,OC
18265,143.4,119460,3920,AD,BC
18266,143.4,119461,2683,CS,MBC
18267,143.4,119464,2653,CB,SCA
18268,143.4,119465,1510,EE,OC
18269,143.4,119468,2761,EC,OC
18270,143.4,119472,2651,FT,OC
18271,143.4,119473,2650,EE,OC
18272,143.4,119475,1304,AU,SC
18273,143.4,119480,1512,CS,OC
18274,143.4,119482,2622,CS,MBC
18275,143.4,119484,1106,CS,SC
18276,143.4,119488,1405,EE,BC
18277,143.4,119489,2349,AD,SC
18278,143.4,119493,2740,PH,BC
18279,143.4,119495,4927,CS,BC
18280,143.4,119497,2345,ME,OC
18281,143.4,119499,2618,FT,MBC
18282,143.4,119506,3811,CS,MBC
18283,143.4,119508,1229,CS,OC
18284,143.4,119510,3826,EE,SC
18285,143.3,119512,1207,EC,BC
18286,143.3,119513,2726,ME,BC
18287,143.3,119514,3805,BM,SC
18288,143.3,119516,3021,ME,MBC
18289,143.3,119517,2618,CS,SCA
18290,143.3,119518,2314,EE,SC
18291,143.3,119519,1015,ME,SC
18292,143.3,119523,1504,EC,SC
18293,143.3,119524,2630,ME,SC
18294,143.3,119525,2716,EC,BC
18295,143.3,119526,2659,ME,OC
18296,143.3,119532,3425,ME,OC
18297,143.3,119533,2731,ME,SCA
18298,143.3,119534,2726,FD,SC
18299,143.3,119535,4670,ME,MBC
18300,143.3,119536,2710,EC,SCA
18301,143.3,119537,4917,AG,SC
18302,143.3,119539,1430,EE,OC
18303,143.3,119543,1209,CS,OC
18304,143.3,119544,2763,CE,OC
18305,143.3,119550,3805,AO,OC
18306,143.3,119552,2651,FT,OC
18307,143.3,119553,4949,CS,SC
18308,143.3,119556,2716,IT,MBC
18309,143.3,119557,2776,AG,MBC
18310,143.3,119560,1517,IT,MBC
18311,143.3,119561,3410,EC,MBC
18312,143.3,119563,2611,BM,SC
18313,143.3,119564,3806,EC,MBC
18314,143.3,119566,2345,EC,BC
18315,143.3,119568,1318,IT,OC
18316,143.3,119569,1452,CE,OC
18317,143.3,119570,4955,CE,BCM
18318,143.3,119571,4672,ME,BC
18319,143.3,119573,1416,CS,MBC
18320,143.3,119575,2617,CS,SC
18321,143.3,119576,3846,CS,OC
18322,143.3,119588,2624,BM,MBC
18323,143.3,119589,2726,CS,SC
18324,143.3,119590,3905,EE,SC
18325,143.3,119591,3760,CS,SC
18326,143.3,119593,2743,FD,MBC
18327,143.3,119594,1412,CS,SC
18328,143.3,119596,1101,CS,MBC
18329,143.3,119597,3805,RM,BC
18330,143.3,119598,1452,ME,OC
18331,143.3,119601,2743,BM,BC
18332,143.3,119603,3807,ME,OC
18333,143.2,119606,5902,CE,OC
18334,143.2,119607,2749,AD,BC
18335,143.2,119608,2661,CS,MBC
18336,143.2,119609,2602,EC,OC
18337,143.2,119611,2658,CE,OC
18338,143.2,119612,1430,EC,MBC
18339,143.2,119613,1411,BT,OC
18340,143.2,119616,4929,CS,OC
18341,143.2,119618,3815,EC,MBC
18342,143.2,119619,2653,EC,SC
18343,143.2,119620,2347,ME,OC
18344,143.2,119623,4955,ME,SC
18345,143.2,119627,2643,EC,OC
18346,143.2,119635,2715,ME,OC
18347,143.2,119638,1523,EC,OC
18348,143.2,119639,2755,AG,BC
18349,143.2,119642,2607,ME,BC
18350,143.2,119646,4969,CE,OC
18351,143.2,119647,1217,EC,MBC
18352,143.2,119648,2611,CE,OC
18353,143.2,119652,2726,CS,SC
18354,143.2,119654,1226,EE,MBC
18355,143.2,119656,1303,AD,SC
18356,143.2,119658,4994,CS,MBC
18357,143.2,119659,3807,CS,SC
18358,143.2,119662,1202,EC,SC
18359,143.2,119663,2345,CE,OC
18360,143.2,119665,2651,ME,OC
18361,143.2,119667,5832,EC,BC
18362,143.2,119670,3410,ME,OC
18363,143.2,119673,3811,CS,SC
18364,143.2,119674,2726,IT,SCA
18365,143.2,119675,2715,ME,OC
18366,143.2,119678,2741,CS,SC
18367,143.2,119679,5832,EE,OC
18368,143.2,119681,2646,CE,OC
18369,143.2,119682,1408,CS,SC
18370,143.2,119683,2628,EE,OC
18371,143.2,119684,1412,EE,SC
18372,143.2,119686,3803,CE,BC
18373,143.2,119687,2611,CY,SC
18374,143.2,119691,2302,IT,MBC
18375,143.2,119692,4670,ME,BC
18376,143.2,119694,4954,ME,BCM
18377,143.2,119696,2638,IT,BC
18378,143.2,119698,2328,EE,MBC
18379,143.2,119700,4676,EC,BC
18380,143.2,119701,2345,EC,MBC
18381,143.2,119702,4962,EC,MBC
18382,143.2,119704,3905,ME,OC
18383,143.2,119709,1120,CE,BC
18384,143.2,119710,3806,EC,BC
18385,143.2,119712,1127,EC,SC
18386,143.2,119717,2611,MC,MBC
18387,143.2,119718,1422,EE,SC
18388,143.2,119719,2622,ME,BC
18389,143.2,119720,3804,CS,MBC
18390,143.1,119721,4994,EC,MBC
18391,143.1,119723,1303,BT,MBC
18392,143.1,119724,4672,CS,SC
18393,143.1,119726,2609,EC,BC
18394,143.1,119727,2354,EC,SCA
18395,143.1,119729,2621,AE,SC
18396,143.1,119730,3812,CS,SC
18397,143.1,119731,4964,CS,BC
18398,143.1,119734,2713,CS,BC
18399,143.1,119738,1202,EE,BC
18400,143.1,119741,2623,IT,MBC
18401,143.1,119742,3805,AG,BC
18402,143.1,119744,2707,EC,MBC
18403,143.1,119745,1126,RM,MBC
18404,143.1,119748,2673,CE,OC
18405,143.1,119749,3786,CS,SC
18406,143.1,119750,3804,CS,BC
18407,143.1,119751,3811,ME,OC
18408,143.1,119752,3829,IT,BC
18409,143.1,119753,4672,EC,BC
18410,143.1,119755,3843,ME,OC
18411,143.1,119767,1424,CS,MBC
18412,143.1,119768,5912,CS,BC
18413,143.1,119769,3805,BM,BC
18414,143.1,119773,2734,MO,BC
18415,143.1,119775,1125,CS,BC
18416,143.1,119777,4972,EC,MBC
18417,143.1,119779,2621,EC,MBC
18418,143.1,119780,5921,EC,BC
18419,143.1,119781,2659,EC,MBC
18420,143.1,119782,1122,ME,SC
18421,143.1,119786,3804,AG,OC
18422,143.1,119787,3466,ME,OC
18423,143.1,119789,2708,AU,BC
18424,143.1,119791,2609,EE,BC
18425,143.1,119793,4972,CS,MBC
18426,143.1,119794,2328,EC,SCA
18427,143.1,119798,5017,CS,SCA
18428,143.1,119799,2639,EE,OC
18429,143.1,119800,5935,EC,BC
18430,143.1,119801,2625,AG,OC
18431,143.1,119805,3016,EE,SC
18432,143.1,119806,3817,CE,OC
18433,143.1,119809,3018,EE,MBC
18434,143.1,119811,3831,IT,OC
18435,143.1,119815,3410,CS,BC
18436,143.1,119817,2629,MD,BC
18437,143.1,119818,1317,ME,SC
18438,143.1,119821,4984,CS,BC
18439,143.1,119823,2710,EC,SC
18440,143.1,119824,1209,IT,OC
18441,143.1,119825,2613,SF,BC
18442,143.1,119827,3820,CS,BC
18443,143.1,119828,3021,ME,BCM
18444,143.1,119829,1427,CS,MBC
18445,143.1,119830,4917,AG,MBC
18446,143.1,119832,4024,EE,MBC
18447,143.1,119835,3804,BM,OC
18448,143.0,119837,2613,CS,SC
18449,143.0,119838,2349,CS,BC
18450,143.0,119839,1233,ME,BC
18451,143.0,119840,2638,CS,SCA
18452,143.0,119841,2657,CS,ST
18453,143.0,119843,3860,CS,MBC
18454,143.0,119844,2751,AD,SC
18455,143.0,119846,2613,CE,BC
18456,143.0,119848,1512,CS,OC
18457,143.0,119849,2648,CS,BC
18458,143.0,119850,4996,EC,OC
18459,143.0,119851,2607,CS,SC
18460,143.0,119854,1233,EE,MBC
18461,143.0,119856,2607,TX,BC
18462,143.0,119857,2621,AE,MBC
18463,143.0,119859,4949,CE,OC
18464,143.0,119860,3825,EC,MBC
18465,143.0,119861,1434,CS,BC
18466,143.0,119862,3825,CS,SC
18467,143.0,119865,2357,CE,BC
18468,143.0,119866,4917,ME,OC
18469,143.0,119869,1137,ME,OC
18470,143.0,119871,1218,EE,OC
18471,143.0,119873,4944,EC,BC
18472,143.0,119874,2750,AE,MBC
18473,143.0,119876,2622,CH,SC
18474,143.0,119884,1122,CE,BC
18475,143.0,119888,1523,IT,BC
18476,143.0,119900,3805,PH,SC
18477,143.0,119903,1505,EC,BC
18478,143.0,119904,2634,BM,MBC
18479,143.0,119908,1212,CS,SC
18480,143.0,119915,4933,ME,OC
18481,143.0,119916,1126,BM,SC
18482,143.0,119917,1217,BM,MBC
18483,143.0,119922,2716,EC,MBC
18484,143.0,119925,1319,CS,BC
18485,143.0,119940,2702,EI,SC
18486,143.0,119943,1412,CS,BC
18487,143.0,119949,4960,CS,SCA
18488,143.0,119950,2609,FD,MBC
18489,143.0,119953,3817,CS,BC
18490,143.0,119956,1426,CS,OC
18491,143.0,119958,2620,EE,BC
18492,143.0,119965,1411,EC,OC
18493,143.0,119966,2702,EE,SC
18494,143.0,119969,1210,ME,SC
18495,143.0,119970,1311,AE,MBC
18496,143.0,119979,2629,MD,BC
18497,143.0,119983,2750,BM,SC
18498,143.0,119993,5502,CE,OC
18499,143.0,119994,2734,ME,SC
18500,143.0,119995,2367,CS,OC
18501,143.0,119996,2744,IT,SCA
18502,143.0,119998,1518,IT,OC
18503,143.0,119999,2627,EC,OC
18504,143.0,120000,2651,CE,OC
18505,143.0,120002,2636,ME,OC
18506,143.0,120003,4864,EE,BC
18507,143.0,120004,2721,EC,SC
18508,143.0,120005,2327,EC,OC
18509,143.0,120006,2734,MO,BC
18510,143.0,120010,2327,EC,OC
18511,143.0,120011,1301,ME,OC
18512,143.0,120013,5935,EC,BC
18513,143.0,120015,1233,CE,BC
18514,143.0,120016,2743,FD,BCM
18515,143.0,120018,5017,EC,SC
18516,143.0,120020,2713,IT,SC
18517,143.0,120021,4931,CS,BC
18518,143.0,120023,2752,EC,BCM
18519,143.0,120026,1229,CS,BC
18520,143.0,120027,2707,AD,MBC
18521,143.0,120028,5935,CS,SC
18522,143.0,120029,2611,CS,SC
18523,143.0,120033,1430,EC,SC
18524,143.0,120034,1421,EC,SC
18525,143.0,120035,2642,EE,SC
18526,143.0,120037,2357,CE,MBC
18527,143.0,120038,2632,EC,OC
18528,143.0,120039,3810,IT,SC
18529,143.0,120040,2609,IT,SCA
18530,143.0,120042,2623,CS,BC
18531,143.0,120043,4672,EC,MBC
18532,143.0,120045,2622,CH,SC
18533,143.0,120046,3806,ME,OC
18534,143.0,120047,1412,CS,BCM
18535,143.0,120048,1310,EE,MBC
18536,143.0,120049,5865,ME,OC
18537,143.0,120050,3011,XM,OC
18538,143.0,120052,3805,EC,SC
18539,143.0,120053,2613,CS,SC
18540,143.0,120055,4676,CS,SC
18541,143.0,120056,1505,EC,BC
18542,143.0,120057,2743,ME,OC
18543,143.0,120058,2636,AD,SC
18544,143.0,120059,2647,CS,OC
18545,143.0,120060,2329,XS,BC
18546,143.0,120061,1525,CS,OC
18547,143.0,120063,2327,CS,BC
18548,143.0,120064,4928,EE,OC
18549,143.0,120065,2610,IT,SC
18550,143.0,120066,2651,FT,OC
18551,143.0,120067,2721,ME,OC
18552,143.0,120069,2623,CS,MBC
18553,143.0,120070,2769,FD,BC
18554,143.0,120071,2302,BM,BC
18555,143.0,120072,4992,ME,OC
18556,142.9,120077,2744,CE,OC
18557,142.9,120078,3817,CS,BC
18558,142.9,120081,1407,CS,SC
18559,142.9,120082,1014,CE,MBC
18560,142.9,120083,1408,ME,OC
18561,142.9,120086,1414,ME,SC
18562,142.9,120087,2611,CE,OC
18563,142.9,120088,3826,CE,MBC
18564,142.9,120090,1209,CS,OC
18565,142.9,120092,1127,EC,SC
18566,142.9,120096,4672,CE,BC
18567,142.9,120098,4676,EC,BC
18568,142.9,120100,1510,CS,SC
18569,142.9,120101,2341,CS,OC
18570,142.9,120104,3825,EE,OC
18571,142.9,120105,2653,CE,BC
18572,142.9,120107,1207,EC,BC
18573,142.9,120108,3821,CS,OC
18574,142.9,120109,5915,EC,BC
18575,142.9,120111,2639,CS,ST
18576,142.9,120117,2643,EC,SCA
18577,142.9,120120,1452,CE,OC
18578,142.9,120122,1316,AD,SC
18579,142.9,120124,2606,EC,OC
18580,142.9,120127,2767,ME,OC
18581,142.9,120128,5865,EC,MBC
18582,142.9,120129,2327,CS,SC
18583,142.9,120130,1426,CS,OC
18584,142.9,120131,3786,ME,OC
18585,142.9,120132,1238,EE,OC
18586,142.9,120134,1319,CS,BC
18587,142.9,120135,3821,CS,OC
18588,142.9,120136,2736,IT,SC
18589,142.9,120139,2735,EE,SC
18590,142.9,120140,5022,ME,MBC
18591,142.9,120144,1430,CS,BC
18592,142.9,120145,3843,CE,OC
18593,142.9,120151,3905,EC,BC
18594,142.9,120154,2707,EC,MBC
18595,142.8,120156,2743,EC,BC
18596,142.8,120157,2630,EE,OC
18597,142.8,120159,1421,ME,OC
18598,142.8,120160,3846,CS,OC
18599,142.8,120162,2634,EC,MBC
18600,142.8,120163,2643,CS,SC
18601,142.8,120166,4864,EE,BC
18602,142.8,120167,4917,EE,BC
18603,142.8,120168,3810,AG,BC
18604,142.8,120169,1421,EE,OC
18605,142.8,120171,3843,EC,MBC
18606,142.8,120173,2625,EC,OC
18607,142.8,120175,2736,BM,SC
18608,142.8,120177,2651,EC,MBC
18609,142.8,120178,3817,CE,OC
18610,142.8,120179,3806,ME,OC
18611,142.8,120181,2659,ME,OC
18612,142.8,120182,1123,EC,OC
18613,142.8,120186,3822,CS,OC
18614,142.8,120190,1431,EE,BC
18615,142.8,120193,2609,IT,MBC
18616,142.8,120194,2620,CS,ST
18617,142.8,120196,2345,EC,MBC
18618,142.8,120197,4999,AD,BCM
18619,142.8,120200,2634,EC,BC
18620,142.8,120203,1317,ME,SC
18621,142.8,120204,5502,EC,MBC
18622,142.8,120205,3814,CS,SC
18623,142.8,120208,4993,AG,BC
18624,142.8,120209,1207,AD,SC
18625,142.8,120210,1414,EC,SC
18626,142.8,120211,1513,CE,OC
18627,142.8,120213,2641,EC,OC
18628,142.8,120216,3021,CE,MBC
18629,142.8,120218,1414,CE,BC
18630,142.8,120222,2314,AD,BC
18631,142.8,120224,2624,AG,OC
18632,142.8,120227,1408,CS,SC
18633,142.8,120228,2647,EC,OC
18634,142.8,120233,1421,EE,OC
18635,142.8,120235,2612,CS,OC
18636,142.8,120237,1409,RM,OC
18637,142.8,120238,4975,EC,OC
18638,142.8,120239,1325,EC,SC
18639,142.8,120240,1116,EC,SC
18640,142.8,120245,3410,EC,BCM
18641,142.8,120247,2609,EC,BCM
18642,142.8,120248,3811,CS,MBC
18643,142.8,120249,3810,CS,BC
18644,142.8,120250,1149,EE,SC
18645,142.8,120252,1408,EC,BCM
18646,142.8,120255,2632,CS,MBC
18647,142.8,120256,4996,CS,OC
18648,142.8,120260,2729,CB,SC
18649,142.8,120262,5,ME,BCM
18650,142.8,120265,1126,AG,OC
18651,142.8,120267,1126,RM,BC
18652,142.8,120268,3806,EC,SC
18653,142.8,120269,2758,EC,OC
18654,142.8,120270,1303,IT,MBC
18655,142.8,120271,3846,CS,OC
18656,142.8,120272,2767,CS,BC
18657,142.8,120274,3803,ME,BC
18658,142.8,120279,3795,EC,SCA
18659,142.8,120282,2743,CE,OC
18660,142.8,120283,3456,ME,OC
18661,142.8,120285,2632,CS,MBC
18662,142.8,120286,1434,CS,MBC
18663,142.8,120287,2715,CE,OC
18664,142.8,120290,3701,CE,BC
18665,142.8,120291,2609,IT,SC
18666,142.8,120292,5530,ME,MBC
18667,142.8,120294,2659,CS,MBC
18668,142.7,120296,1510,CS,SC
18669,142.7,120297,1207,IT,SCA
18670,142.7,120301,2752,EE,MBC
18671,142.7,120302,2657,EC,BC
18672,142.7,120303,2609,EC,BCM
18673,142.7,120310,1420,ME,BC
18674,142.7,120311,2610,EE,BC
18675,142.7,120313,1322,EE,OC
18676,142.7,120314,2347,EE,MBC
18677,142.7,120315,3810,AG,MBC
18678,142.7,120317,1411,CS,MBC
18679,142.7,120323,1216,ME,SC
18680,142.7,120325,2632,EC,OC
18681,142.7,120326,2611,MC,MBC
18682,142.7,120327,3410,ME,OC
18683,142.7,120330,1313,CS,MBC
18684,142.7,120334,3016,ME,BC
18685,142.7,120335,1221,CS,SC
18686,142.7,120337,2733,CS,OC
18687,142.7,120340,3803,IT,SC
18688,142.7,120342,2621,ME,OC
18689,142.7,120343,4917,BM,BC
18690,142.7,120346,3810,CS,BC
18691,142.7,120347,2729,CB,SC
18692,142.7,120348,2741,ME,SC
18693,142.7,120353,2648,CS,SC
18694,142.7,120354,2749,AG,SC
18695,142.7,120355,2710,EC,SC
18696,142.7,120358,5935,CS,BC
18697,142.7,120361,2752,CS,SC
18698,142.7,120363,1518,IT,OC
18699,142.7,120365,1519,IT,MBC
18700,142.7,120366,2609,ME,OC
18701,142.7,120369,3844,CS,OC
18702,142.7,120370,2646,ME,OC
18703,142.7,120372,3810,AG,BC
18704,142.7,120373,1126,CS,MBC
18705,142.7,120376,4964,CS,SC
18706,142.7,120377,3760,EC,MBC
18707,142.7,120379,3805,BM,BC
18708,142.7,120380,5,CZ,MBC
18709,142.7,120383,2608,EC,SC
18710,142.7,120388,2611,EE,BC
18711,142.7,120389,2609,IT,SC
18712,142.7,120390,2609,EC,BC
18713,142.7,120392,2764,CS,SCA
18714,142.7,120393,3461,ME,OC
18715,142.7,120394,2639,EE,OC
18716,142.7,120395,3810,CS,MBC
18717,142.7,120396,2763,EC,BC
18718,142.7,120397,1230,CS,MBC
18719,142.7,120399,1149,EE,SC
18720,142.7,120400,2683,EE,OC
18721,142.7,120403,2610,MZ,OC
18722,142.6,120410,3812,EE,BC
18723,142.6,120411,3830,EC,SC
18724,142.6,120412,1431,IT,SC
18725,142.6,120413,2610,RM,MBC
18726,142.6,120414,2611,CE,OC
18727,142.6,120419,2347,ME,OC
18728,142.6,120423,2772,CS,BC
18729,142.6,120424,5022,ME,MBC
18730,142.6,120426,2627,EC,OC
18731,142.6,120427,5904,ME,BC
18732,142.6,120429,5,MM,MBC
18733,142.6,120435,4944,EE,OC
18734,142.6,120436,2646,EC,OC
18735,142.6,120437,3849,IT,BC
18736,142.6,120438,3850,CS,OC
18737,142.6,120439,1517,IT,MBC
18738,142.6,120443,1420,ME,BCM
18739,142.6,120444,2625,ME,OC
18740,142.6,120453,1116,EC,MBC
18741,142.6,120455,2624,BM,MBC
18742,142.6,120456,2653,CS,SC
18743,142.6,120457,1412,CS,BC
18744,142.6,120459,3782,EC,SC
18745,142.6,120460,2715,ME,BC
18746,142.6,120461,4949,EC,OC
18747,142.6,120462,3920,CS,BC
18748,142.6,120463,1120,ME,SCA
18749,142.6,120465,1426,CS,OC
18750,142.6,120468,2610,BM,BC
18751,142.6,120469,3456,CS,MBC
18752,142.6,120471,2721,ME,OC
18753,142.6,120472,5921,ME,OC
18754,142.6,120473,2665,CS,MBC
18755,142.6,120474,5904,ME,BC
18756,142.6,120475,2747,CE,OC
18757,142.6,120476,1322,BM,BC
18758,142.6,120477,2767,CS,MBC
18759,142.6,120479,2634,AG,SC
18760,142.6,120480,2621,CE,OC
18761,142.6,120483,3806,EC,SC
18762,142.6,120484,2345,AG,OC
18763,142.6,120487,1207,CS,MBC
18764,142.6,120488,2621,EE,MBC
18765,142.6,120489,2327,CS,BC
18766,142.6,120491,3018,XM,OC
18767,142.6,120493,5017,EE,MBC
18768,142.6,120494,2740,ME,BCM
18769,142.6,120496,2642,EC,BC
18770,142.6,120497,5530,ME,BC
18771,142.6,120498,1122,CE,MBC
18772,142.6,120499,2611,ME,OC
18773,142.6,120500,2624,ME,OC
18774,142.6,120503,2342,ME,BC
18775,142.5,120507,2642,EE,MBC
18776,142.5,120509,1420,ME,SC
18777,142.5,120511,3018,EE,BC
18778,142.5,120512,3760,ME,MBC
18779,142.5,120515,3805,CE,OC
18780,142.5,120516,2734,MO,BC
18781,142.5,120522,3806,ME,OC
18782,142.5,120523,5914,EC,OC
18783,142.5,120525,2302,AD,BC
18784,142.5,120526,2705,EE,OC
18785,142.5,120528,1424,CS,BC
18786,142.5,120531,3848,ME,OC
18787,142.5,120532,1115,ME,OC
18788,142.5,120534,2726,ME,MBC
18789,142.5,120535,1225,ME,SC
18790,142.5,120536,3019,CE,SC
18791,142.5,120538,4020,GI,SCA
18792,142.5,120539,3760,CS,BC
18793,142.5,120540,4993,BM,SC
18794,142.5,120541,2341,ME,OC
18795,142.5,120543,2627,CS,BC
18796,142.5,120544,2611,EE,SCA
18797,142.5,120545,1513,IT,MBC
18798,142.5,120546,2706,ME,MBC
18799,142.5,120547,3803,ME,BC
18800,142.5,120548,4989,IT,BC
18801,142.5,120550,3905,EE,BC
18802,142.5,120551,2747,EE,OC
18803,142.5,120553,3825,CS,SC
18804,142.5,120555,2639,EE,SC
18805,142.5,120560,1101,EC,MBC
18806,142.5,120561,1217,EC,MBC
18807,142.5,120562,5022,CE,MBC
18808,142.5,120570,2726,CE,BC
18809,142.5,120575,2705,ME,OC
18810,142.5,120594,2350,CS,OC
18811,142.5,120595,1217,FD,BC
18812,142.5,120600,2726,ME,MBC
18813,142.5,120602,2740,EC,SC
18814,142.5,120608,1317,CH,SC
18815,142.5,120612,1309,CE,MBC
18816,142.5,120615,1207,AD,SC
18817,142.5,120622,1317,ME,SC
18818,142.5,120624,1317,ME,SC
18819,142.5,120625,2608,IT,SC
18820,142.5,120629,1237,EC,SC
18821,142.5,120635,2769,BC,OC
18822,142.5,120636,3760,ME,BC
18823,142.5,120640,2729,CB,SC
18824,142.5,120642,1225,ME,SC
18825,142.5,120643,4670,CE,BC
18826,142.5,120644,2661,IT,SC
18827,142.5,120646,1431,ME,OC
18828,142.5,120647,3462,CS,BC
18829,142.5,120653,1408,CS,SC
18830,142.5,120654,1426,IT,SC
18831,142.5,120658,2314,EC,MBC
18832,142.5,120659,2743,CE,OC
18833,142.5,120663,4953,EE,OC
18834,142.5,120665,5536,EE,BC
18835,142.5,120666,5017,EE,BC
18836,142.5,120667,5930,CS,BC
18837,142.5,120669,3807,CS,SC
18838,142.5,120670,2639,CS,SC
18839,142.5,120673,2609,EE,BC
18840,142.5,120674,4669,EE,OC
18841,142.5,120677,1519,CS,SC
18842,142.5,120680,2302,EC,OC
18843,142.5,120682,2611,EE,BC
18844,142.5,120684,5910,EC,SC
18845,142.5,120686,1519,CS,SC
18846,142.5,120687,4972,ME,OC
18847,142.5,120688,1207,IT,MBC
18848,142.5,120689,2609,EC,BC
18849,142.5,120690,5990,ME,OC
18850,142.5,120692,1523,IT,SC
18851,142.4,120693,2752,EE,BC
18852,142.4,120694,2622,CH,BCM
18853,142.4,120696,3805,EC,BC
18854,142.4,120697,2327,CS,BC
18855,142.4,120699,1218,PH,BC
18856,142.4,120703,4933,EC,BC
18857,142.4,120704,1424,EC,MBC
18858,142.4,120707,2707,AD,SC
18859,142.4,120709,1424,PE,BC
18860,142.4,120710,4954,ME,BC
18861,142.4,120711,1225,ME,ST
18862,142.4,120712,4964,MR,BCM
18863,142.4,120714,2707,EE,MBC
18864,142.4,120715,3782,CS,BC
18865,142.4,120716,5017,CE,OC
18866,142.4,120717,2329,XS,BC
18867,142.4,120721,4949,CS,SC
18868,142.4,120727,3410,CS,BC
18869,142.4,120728,3011,XC,BC
18870,142.4,120729,2608,CE,MBC
18871,142.4,120730,2611,EC,SC
18872,142.4,120732,2650,EC,SC
18873,142.4,120737,1523,EC,OC
18874,142.4,120739,1322,BM,BC
18875,142.4,120747,2347,CS,BCM
18876,142.4,120749,4961,CS,OC
18877,142.4,120750,2657,EC,MBC
18878,142.4,120751,3016,EE,SC
18879,142.4,120752,2625,ME,OC
18880,142.4,120756,2763,EC,BC
18881,142.4,120757,3825,CS,SC
18882,142.4,120758,3825,EE,BC
18883,142.4,120760,2643,CS,SCA
18884,142.4,120761,3462,EE,OC
18885,142.4,120762,2314,EC,MBC
18886,142.4,120763,4955,CE,BC
18887,142.4,120764,5536,ME,SC
18888,142.4,120765,3811,EC,OC
18889,142.4,120766,4966,EC,BC
18890,142.4,120767,2628,BM,OC
18891,142.4,120768,3825,EE,MBC
18892,142.4,120771,4957,IT,BC
18893,142.4,120772,2630,EC,MBC
18894,142.4,120773,4949,EC,OC
18895,142.4,120774,1212,BM,MBC
18896,142.4,120777,2639,CS,MBC
18897,142.4,120778,2621,EC,SC
18898,142.4,120780,3805,PH,BCM
18899,142.4,120781,3786,EE,MBC
18900,142.4,120782,2745,EE,OC
18901,142.4,120783,2611,AE,OC
18902,142.4,120784,4928,ME,BC
18903,142.4,120785,2642,ME,OC
18904,142.4,120786,5865,EE,SCA
18905,142.4,120788,1405,EC,BC
18906,142.4,120790,3806,EE,BC
18907,142.4,120791,4993,ME,BC
18908,142.4,120795,4961,CS,BC
18909,142.4,120797,2347,ME,OC
18910,142.4,120800,2740,AE,SC
18911,142.4,120801,3826,EC,MBC
18912,142.4,120802,3841,AD,SC
18913,142.3,120803,3829,EC,BC
18914,142.3,120804,2629,IT,MBC
18915,142.3,120812,1424,RM,MBC
18916,142.3,120813,4670,ME,BC
18917,142.3,120814,3760,AD,SCA
18918,142.3,120818,4964,MR,SC
18919,142.3,120819,3803,CE,BC
18920,142.3,120823,5017,EE,MBC
18921,142.3,120824,2636,AD,BC
18922,142.3,120825,2618,CE,SC
18923,142.3,120827,3905,ME,MBC
18924,142.3,120828,2611,CE,OC
18925,142.3,120835,3809,CS,OC
18926,142.3,120837,3815,IT,BC
18927,142.3,120838,4680,ME,BC
18928,142.3,120841,2329,XS,BC
18929,142.3,120842,1217,FD,BC
18930,142.3,120844,2338,CS,OC
18931,142.3,120845,4999,ME,OC
18932,142.3,120846,3760,AG,MBC
18933,142.3,120848,1503,IT,MBC
18934,142.3,120849,3829,ME,OC
18935,142.3,120851,2711,AU,SC
18936,142.3,120860,3905,CE,OC
18937,142.3,120862,1510,CE,OC
18938,142.3,120863,3805,ME,BC
18939,142.3,120864,5022,EE,MBC
18940,142.3,120868,3021,ME,SC
18941,142.3,120869,2708,CE,SC
18942,142.3,120870,5,ME,BCM
18943,142.3,120872,2769,CB,OC
18944,142.3,120873,4957,IT,BC
18945,142.3,120874,3466,EC,OC
18946,142.3,120875,4999,CE,OC
18947,142.3,120879,3795,CE,OC
18948,142.3,120881,2755,AG,BC
18949,142.3,120884,4670,CE,BC
18950,142.3,120885,1424,CS,MBC
18951,142.3,120887,2702,MC,SC
18952,142.3,120889,3782,EE,OC
18953,142.3,120890,2625,CS,OC
18954,142.3,120891,2609,ME,OC
18955,142.3,120894,3806,EC,SC
18956,142.3,120895,4999,ME,OC
18957,142.3,120896,3849,EE,OC
18958,142.2,120900,1434,EE,OC
18959,142.2,120902,4994,EE,OC
18960,142.2,120905,3810,CS,BC
18961,142.2,120906,4992,ME,OC
18962,142.2,120907,2743,BM,BC
18963,142.2,120909,2715,CH,BC
18964,142.2,120911,1237,ME,BCM
18965,142.2,120912,1512,IT,OC
18966,142.2,120913,1325,EE,MBC
18967,142.2,120916,1310,EC,SC
18968,142.2,120917,1414,CE,BC
18969,142.2,120919,5703,CS,MBC
18970,142.2,120920,1126,RM,BC
18971,142.2,120921,2609,FD,MBC
18972,142.2,120923,2620,EC,SC
18973,142.2,120925,1241,CS,SC
18974,142.2,120926,2610,MZ,OC
18975,142.2,120928,2747,EC,MBC
18976,142.2,120929,3805,EE,BC
18977,142.2,120930,1216,ME,MBC
18978,142.2,120931,1202,ME,OC
18979,142.2,120933,2314,EC,BC
18980,142.2,120934,1523,ME,OC
18981,142.2,120935,1217,AD,SC
18982,142.2,120936,4980,EC,BC
18983,142.2,120937,2610,IT,SC
18984,142.2,120939,2613,CE,SCA
18985,142.2,120941,1513,ME,OC
18986,142.2,120942,4961,EE,OC
18987,142.2,120943,1218,RM,OC
18988,142.2,120946,2652,EC,BCM
18989,142.2,120949,5865,EE,BC
18990,142.2,120951,4996,CS,OC
18991,142.2,120953,2610,IT,SC
18992,142.2,120954,3804,CS,BC
18993,142.2,120956,2636,ME,OC
18994,142.2,120957,3804,AG,OC
18995,142.2,120957,2624,BM,BC
18996,142.2,120961,1137,CE,SC
18997,142.2,120962,2609,IT,SCA
18998,142.2,120963,4999,ME,OC
18999,142.2,120964,2601,EC,BCM
19000,142.2,120966,3456,CS,BC
19001,142.2,120969,3825,EC,SC
19002,142.2,120971,1322,EC,SC
19003,142.2,120972,2726,CE,MBC
19004,142.2,120974,2328,IT,BCM
19005,142.2,120975,2621,ME,OC
19006,142.2,120976,2741,ME,BC
19007,142.2,120977,2608,CE,BC
19008,142.2,120978,2625,EE,OC
19009,142.2,120985,2606,EE,OC
19010,142.2,120987,1431,IT,MBC
19011,142.2,120990,3810,CS,MBC
19012,142.2,120991,2647,CS,OC
19013,142.2,120993,2611,CE,OC
19014,142.2,120995,2715,EC,MBC
19015,142.2,120997,2707,CH,BC
19016,142.2,121000,2726,ME,MBC
19017,142.2,121002,1441,ME,OC
19018,142.2,121003,5832,CS,SC
19019,142.2,121004,1441,EE,OC
19020,142.2,121007,2608,EC,SC
19021,142.2,121008,2651,EE,SC
19022,142.2,121009,2610,CY,MBC
19023,142.2,121011,3807,EC,BC
19024,142.1,121016,4669,EC,MBC
19025,142.1,121018,2611,EC,SC
19026,142.1,121019,3810,CS,SC
19027,142.1,121020,3812,IT,SC
19028,142.1,121023,3806,CE,OC
19029,142.1,121025,2625,CS,OC
19030,142.1,121026,2646,CS,BC
19031,142.1,121027,2327,EC,OC
19032,142.1,121028,2618,FT,MBC
19033,142.1,121033,5022,EE,MBC
19034,142.1,121034,2609,ME,OC
19035,142.1,121037,2764,CS,SC
19036,142.1,121040,2357,AD,SC
19037,142.1,121045,2683,CS,MBC
19038,142.1,121046,1513,CS,SCA
19039,142.1,121047,1207,BM,MBC
19040,142.1,121049,1303,ME,MBC
19041,142.1,121050,1505,EE,BC
19042,142.1,121052,2707,ME,BC
19043,142.1,121054,5913,EC,BC
19044,142.1,121056,3860,EE,OC
19045,142.1,121057,2342,EE,SC
19046,142.1,121068,4994,EE,OC
19047,142.1,121069,1412,CS,SC
19048,142.1,121071,3805,CE,OC
19049,142.1,121073,1319,CS,BC
19050,142.1,121076,5536,EE,BC
19051,142.1,121078,3021,ME,MBC
19052,142.1,121079,1518,EE,OC
19053,142.1,121081,1441,EC,OC
19054,142.1,121083,3920,AD,SC
19055,142.1,121087,2618,CS,SCA
19056,142.1,121091,2634,BM,BCM
19057,142.1,121092,1120,EC,SCA
19058,142.1,121097,4993,CS,BC
19059,142.1,121098,2327,CS,SC
19060,142.1,121099,2349,CS,SC
19061,142.1,121100,2624,CS,SC
19062,142.1,121102,2341,BM,OC
19063,142.1,121103,1322,EC,BC
19064,142.1,121104,1434,CS,MBC
19065,142.1,121106,2611,AE,OC
19066,142.1,121108,1412,EC,MBC
19067,142.1,121117,2736,IT,SC
19068,142.1,121118,3819,IC,MBC
19069,142.1,121121,3805,CH,OC
19070,142.1,121122,2302,AG,SC
19071,142.1,121125,2621,EE,BCM
19072,142.0,121126,2752,ME,OC
19073,142.0,121132,5017,EC,SC
19074,142.0,121134,2349,AD,MBC
19075,142.0,121135,4024,CE,MBC
19076,142.0,121136,2614,ME,OC
19077,142.0,121139,1216,ME,SC
19078,142.0,121141,4931,EC,BC
19079,142.0,121142,2632,EC,MBC
19080,142.0,121145,4957,EC,OC
19081,142.0,121146,4984,CS,MBC
19082,142.0,121147,4670,ME,BC
19083,142.0,121148,1120,CE,BC
19084,142.0,121150,1431,IT,SC
19085,142.0,121151,4670,EE,BC
19086,142.0,121152,2624,AG,MBC
19087,142.0,121153,3826,AG,SC
19088,142.0,121154,4928,ME,MBC
19089,142.0,121155,2611,ME,OC
19090,142.0,121157,3829,CS,SC
19091,142.0,121158,1233,CE,BC
19092,142.0,121159,2357,AD,SCA
19093,142.0,121162,3807,EE,MBC
19094,142.0,121163,5502,ME,OC
19095,142.0,121165,2683,BM,OC
19096,142.0,121166,2707,IT,SC
19097,142.0,121168,1405,AD,MBC
19098,142.0,121171,2360,CS,BC
19099,142.0,121172,1210,ME,SC
19100,142.0,121174,2718,ME,SCA
19101,142.0,121175,5022,CE,SC
19102,142.0,121176,2727,CS,SCA
19103,142.0,121177,2357,EC,BCM
19104,142.0,121179,1216,MD,SC
19105,142.0,121180,2710,ME,SC
19106,142.0,121183,1140,ME,MBC
19107,142.0,121185,3820,CS,BC
19108,142.0,121186,3833,EC,SC
19109,142.0,121188,2745,EC,BCM
19110,142.0,121189,2719,RM,SC
19111,142.0,121198,4993,CS,BCM
19112,142.0,121201,1309,EE,SC
19113,142.0,121210,2610,EE,BC
19114,142.0,121213,3830,EC,SC
19115,142.0,121215,1127,BT,MBC
19116,142.0,121225,5986,EC,SC
19117,142.0,121228,1221,EC,OC
19118,142.0,121230,1427,CS,BC
19119,142.0,121235,2629,MD,BC
19120,142.0,121237,3019,ME,SC
19121,142.0,121241,2342,CS,MBC
19122,142.0,121243,1127,BT,SC
19123,142.0,121247,1504,CH,BC
19124,142.0,121250,2302,AD,BC
19125,142.0,121254,1110,BT,SCA
19126,142.0,121256,1116,EC,MBC
19127,142.0,121269,1412,EE,MBC
19128,142.0,121270,1412,ME,OC
19129,142.0,121274,2707,BM,SC
19130,142.0,121275,1501,EE,OC
19131,142.0,121276,4992,CE,OC
19132,142.0,121277,3806,ME,OC
19133,142.0,121278,1421,EC,SC
19134,142.0,121279,3806,EE,BC
19135,142.0,121280,4964,CS,BC
19136,142.0,121281,1424,ME,OC
19137,142.0,121283,3801,ME,BC
19138,142.0,121284,2640,CS,OC
19139,142.0,121285,2683,BM,OC
19140,142.0,121287,4917,BT,BC
19141,142.0,121288,2642,IT,SC
19142,142.0,121292,1318,CS,OC
19143,142.0,121295,1015,XM,OC
19144,142.0,121296,4972,CS,SC
19145,142.0,121298,2711,EE,SCA
19146,142.0,121299,3815,TX,OC
19147,142.0,121300,3021,ME,BC
19148,142.0,121302,2729,EE,BC
19149,142.0,121303,2621,ME,OC
19150,142.0,121304,3846,CE,OC
19151,142.0,121306,3807,EE,MBC
19152,142.0,121308,2627,EC,OC
19153,142.0,121310,1504,ME,BC
19154,142.0,121311,2609,EC,BC
19155,142.0,121313,1422,ME,SC
19156,142.0,121314,3806,EC,SC
19157,142.0,121317,3812,ME,OC
19158,142.0,121318,2731,EE,BC
19159,142.0,121319,2707,CH,SC
19160,142.0,121321,1407,EE,OC
19161,142.0,121323,5536,EE,BC
19162,142.0,121324,1114,EC,SC
19163,141.9,121327,1316,EE,BC
19164,141.9,121332,5502,ME,OC
19165,141.9,121336,3018,EE,SC
19166,141.9,121340,5907,CE,OC
19167,141.9,121341,1523,IT,BC
19168,141.9,121343,2624,CS,SC
19169,141.9,121345,2624,AG,SCA
19170,141.9,121346,4989,IT,BC
19171,141.9,121347,4864,CE,OC
19172,141.9,121349,3908,CE,OC
19173,141.9,121350,2715,CE,OC
19174,141.9,121352,1317,ME,SC
19175,141.9,121353,2610,CS,BCM
19176,141.9,121355,1501,EE,OC
19177,141.9,121356,4953,IT,BC
19178,141.9,121357,3817,CS,BCM
19179,141.9,121359,2739,ME,SC
19180,141.9,121360,5532,ME,BC
19181,141.9,121361,3821,CS,OC
19182,141.9,121362,1401,EE,SC
19183,141.9,121363,3760,AG,BC
19184,141.9,121364,2648,EC,OC
19185,141.9,121365,3019,ME,MBC
19186,141.9,121369,2747,CS,BC
19187,141.9,121372,4933,EC,BC
19188,141.9,121374,3016,EE,BC
19189,141.9,121380,2710,CE,SC
19190,141.9,121381,2741,EE,SC
19191,141.9,121386,3826,ME,SC
19192,141.9,121387,2302,EC,OC
19193,141.9,121388,2610,CS,SC
19194,141.8,121390,1218,EC,BC
19195,141.8,121395,4981,CE,OC
19196,141.8,121396,3812,EC,BC
19197,141.8,121397,2651,ME,OC
19198,141.8,121398,3021,ME,MBC
19199,141.8,121401,2715,CE,OC
19200,141.8,121402,1316,MU,SC
19201,141.8,121404,1430,EC,SC
19202,141.8,121407,2629,MD,BCM
19203,141.8,121408,1519,IT,SC
19204,141.8,121409,1452,ME,OC
19205,141.8,121411,1402,EE,OC
19206,141.8,121412,2611,AE,MBC
19207,141.8,121414,2776,AG,BC
19208,141.8,121415,3804,CS,SC
19209,141.8,121417,3844,CS,BC
19210,141.8,121420,1140,EC,SC
19211,141.8,121422,5536,EE,BC
19212,141.8,121423,1409,AU,OC
19213,141.8,121424,3425,ME,SC
19214,141.8,121425,1238,EE,OC
19215,141.8,121428,2610,BM,MBC
19216,141.8,121429,3811,CS,SC
19217,141.8,121430,4680,ME,MBC
19218,141.8,121433,1509,EC,MBC
19219,141.8,121435,4957,ME,MBC
19220,141.8,121439,3829,IT,BC
19221,141.8,121440,2755,AG,BC
19222,141.8,121441,2710,CE,MBC
19223,141.8,121444,4994,CS,BC
19224,141.8,121445,3425,ME,MBC
19225,141.8,121449,3807,IT,SC
19226,141.8,121451,3826,ME,SC
19227,141.8,121453,2661,IT,MBC
19228,141.8,121459,4969,CS,BC
19229,141.8,121460,2611,ME,OC
19230,141.8,121462,3905,CE,OC
19231,141.8,121463,2776,CE,OC
19232,141.8,121465,2634,BM,MBC
19233,141.8,121466,5842,CS,OC
19234,141.8,121467,2646,ME,OC
19235,141.8,121469,2611,AG,MBC
19236,141.8,121470,2624,ME,OC
19237,141.8,121476,1421,EE,OC
19238,141.8,121478,2609,EE,MBC
19239,141.8,121480,5990,CS,BC
19240,141.8,121481,4969,EC,OC
19241,141.8,121485,3011,AU,SCA
19242,141.8,121487,5862,BM,OC
19243,141.8,121488,2719,ME,SC
19244,141.8,121489,2741,EC,SC
19245,141.8,121490,2611,AG,BC
19246,141.8,121491,5536,AG,BC
19247,141.8,121492,2625,EE,OC
19248,141.8,121493,1133,CS,BC
19249,141.8,121494,1504,CS,SC
19250,141.8,121496,4989,ME,OC
19251,141.8,121497,4929,EE,OC
19252,141.8,121499,2354,ME,OC
19253,141.8,121500,1414,EC,MBC
19254,141.8,121501,3810,CS,SC
19255,141.8,121502,4957,IT,SC
19256,141.7,121506,2634,FD,MBC
19257,141.7,121507,3805,EC,MBC
19258,141.7,121509,2747,EC,BC
19259,141.7,121513,2622,CH,SC
19260,141.7,121515,5536,AG,SC
19261,141.7,121517,5912,EC,OC
19262,141.7,121520,1126,RM,SC
19263,141.7,121521,2611,MC,BC
19264,141.7,121524,2713,EC,MBC
19265,141.7,121526,2622,ME,BC
19266,141.7,121528,4980,EE,OC
19267,141.7,121529,1207,RM,SC
19268,141.7,121531,4675,CS,BCM
19269,141.7,121533,4978,BM,SC
19270,141.7,121534,2611,AE,MBC
19271,141.7,121536,4946,EE,OC
19272,141.7,121540,1137,EC,OC
19273,141.7,121542,2713,CS,BC
19274,141.7,121544,2621,ME,OC
19275,141.7,121546,3908,CE,OC
19276,141.7,121549,2610,BT,BC
19277,141.7,121553,1512,CS,OC
19278,141.7,121558,4970,EC,OC
19279,141.7,121562,2657,EC,BC
19280,141.7,121565,3016,XC,OC
19281,141.7,121567,4955,CE,BC
19282,141.7,121568,1405,AD,SC
19283,141.7,121571,5530,ME,BCM
19284,141.7,121574,1106,IT,MBC
19285,141.7,121576,5904,ME,BC
19286,141.7,121578,3808,IT,OC
19287,141.7,121580,2338,CS,OC
19288,141.7,121583,4969,EE,BC
19289,141.7,121588,2611,AG,MBC
19290,141.6,121592,1226,EE,MBC
19291,141.6,121593,5865,EC,MBC
19292,141.6,121594,2704,CE,MBC
19293,141.6,121596,3454,ME,OC
19294,141.6,121597,1137,ME,OC
19295,141.6,121598,2338,CS,SC
19296,141.6,121602,2624,CH,OC
19297,141.6,121604,3813,IT,MBC
19298,141.6,121605,3849,EC,OC
19299,141.6,121606,1519,CS,MBC
19300,141.6,121609,2608,EE,MBC
19301,141.6,121610,2601,CH,BC
19302,141.6,121611,2607,ME,MBC
19303,141.6,121615,2661,EE,SC
19304,141.6,121616,3849,EC,OC
19305,141.6,121617,4994,CS,BC
19306,141.6,121618,2732,CS,BC
19307,141.6,121621,2338,CS,SC
19308,141.6,121623,2609,FD,MBC
19309,141.6,121627,4931,EC,BC
19310,141.6,121628,3760,EC,BC
19311,141.6,121631,3812,CS,SC
19312,141.6,121634,2622,ME,BC
19313,141.6,121635,4676,CS,SC
19314,141.6,121637,1218,IT,SC
19315,141.6,121638,1412,IT,MBC
19316,141.6,121639,4982,CS,BC
19317,141.6,121640,2636,EE,MBC
19318,141.6,121641,3019,ME,SC
19319,141.6,121642,1225,ME,MBC
19320,141.6,121644,2657,EC,BC
19321,141.6,121645,2708,ME,SC
19322,141.6,121646,1437,IT,OC
19323,141.6,121647,2609,FD,BC
19324,141.6,121648,2630,EC,BC
19325,141.6,121649,4672,EE,BC
19326,141.6,121650,1419,MU,SC
19327,141.6,121651,2749,IT,SCA
19328,141.6,121655,2646,CS,MBC
19329,141.6,121656,2610,EE,BC
19330,141.6,121659,1517,EE,OC
19331,141.6,121660,5,ME,BC
19332,141.6,121661,2609,CE,OC
19333,141.6,121663,1437,CS,OC
19334,141.6,121664,2642,IT,SC
19335,141.6,121665,4993,ME,BC
19336,141.6,121668,3807,EC,BC
19337,141.6,121670,5915,EE,OC
19338,141.6,121672,2611,AG,MBC
19339,141.6,121674,4969,CS,MBC
19340,141.6,121675,2659,ME,OC
19341,141.6,121680,2611,AG,BC
19342,141.6,121681,2601,CS,SC
19343,141.6,121683,3795,ME,BC
19344,141.6,121684,2611,FD,BC
19345,141.6,121685,2721,ME,OC
19346,141.6,121686,3805,EE,BC
19347,141.6,121689,3826,CE,BC
19348,141.5,121694,4996,CS,OC
19349,141.5,121695,2732,CS,SCA
19350,141.5,121696,2769,PD,BC
19351,141.5,121697,3926,CS,OC
19352,141.5,121698,1015,ME,SC
19353,141.5,121700,2342,ME,SC
19354,141.5,121702,2617,EC,OC
19355,141.5,121704,3456,BM,OC
19356,141.5,121706,1411,EE,OC
19357,141.5,121708,1441,CS,BC
19358,141.5,121710,2736,ME,BC
19359,141.5,121711,3808,CS,OC
19360,141.5,121712,3843,EE,MBC
19361,141.5,121713,2627,BT,MBC
19362,141.5,121716,2643,CS,MBC
19363,141.5,121719,3805,EE,BCM
19364,141.5,121720,2338,BM,BCM
19365,141.5,121721,4677,CS,OC
19366,141.5,121727,1212,PE,MBC
19367,141.5,121731,2739,CB,SC
19368,141.5,121732,1217,BT,SC
19369,141.5,121735,2755,AG,BC
19370,141.5,121739,2704,ME,MBC
19371,141.5,121741,3016,EE,BC
19372,141.5,121751,1114,CE,OC
19373,141.5,121753,5,ME,BC
19374,141.5,121758,5502,EC,SC
19375,141.5,121760,2768,CS,MBC
19376,141.5,121764,5,CZ,MBC
19377,141.5,121766,1424,RM,BCM
19378,141.5,121775,3805,AO,OC
19379,141.5,121782,1110,ME,OC
19380,141.5,121783,1106,CS,MBC
19381,141.5,121784,1322,EC,MBC
19382,141.5,121786,3826,EC,MBC
19383,141.5,121788,2762,ME,OC
19384,141.5,121789,3462,ME,OC
19385,141.5,121791,3804,AG,OC
19386,141.5,121795,2653,ME,MBC
19387,141.5,121798,3849,EC,OC
19388,141.5,121800,5990,ME,OC
19389,141.5,121807,2752,CS,SC
19390,141.5,121809,2648,EC,OC
19391,141.5,121810,2338,AG,MBC
19392,141.5,121811,1126,EC,MBC
19393,141.5,121812,2659,EC,BCM
19394,141.5,121816,2621,CE,BC
19395,141.5,121821,2620,BM,BC
19396,141.5,121822,2302,BM,MBC
19397,141.5,121824,4928,ME,BC
19398,141.5,121825,4960,CE,MBC
19399,141.5,121827,2349,CS,MBC
19400,141.5,121830,4957,IT,BC
19401,141.5,121831,3801,ME,SC
19402,141.5,121832,5902,CS,SC
19403,141.5,121833,2726,ME,BC
19404,141.5,121836,2741,ME,MBC
19405,141.5,121839,1523,CS,SC
19406,141.4,121841,1216,ME,SC
19407,141.4,121843,4954,CE,OC
19408,141.4,121844,1424,RM,MBC
19409,141.4,121847,4672,ME,BC
19410,141.4,121848,1505,EC,BC
19411,141.4,121849,2729,EE,MBC
19412,141.4,121850,1110,ME,BC
19413,141.4,121851,2705,CS,SC
19414,141.4,121852,4964,EC,OC
19415,141.4,121856,1207,CS,SCA
19416,141.4,121857,1207,BM,BC
19417,141.4,121858,1325,EC,BC
19418,141.4,121861,1229,CS,SC
19419,141.4,121862,2726,AU,MBC
19420,141.4,121863,3810,CS,BC
19421,141.4,121866,1414,ME,BC
19422,141.4,121867,1421,ME,OC
19423,141.4,121869,2611,ME,OC
19424,141.4,121872,4675,EE,OC
19425,141.4,121874,2727,ME,MBC
19426,141.4,121876,4969,EE,BCM
19427,141.4,121877,1523,IT,BC
19428,141.4,121878,2345,CS,BC
19429,141.4,121881,2661,IT,SC
19430,141.4,121882,4961,ME,OC
19431,141.4,121883,3810,AG,MBC
19432,141.4,121884,5912,EC,OC
19433,141.4,121885,3831,IT,OC
19434,141.4,121889,3860,CS,MBC
19435,141.4,121891,1216,EI,SC
19436,141.4,121897,2636,ME,OC
19437,141.4,121898,2609,EC,BC
19438,141.4,121900,3019,EE,BC
19439,141.4,121901,1421,ME,OC
19440,141.4,121903,4983,AE,OC
19441,141.4,121904,3018,EE,BC
19442,141.4,121905,1424,PE,BC
19443,141.4,121907,1414,ME,SC
19444,141.4,121909,1303,AD,SC
19445,141.4,121913,2634,EC,BC
19446,141.4,121914,1504,EE,SC
19447,141.4,121916,3454,BM,BC
19448,141.4,121921,1217,EE,OC
19449,141.4,121922,4957,EC,OC
19450,141.4,121925,2747,CS,BC
19451,141.4,121927,4972,EC,BC
19452,141.4,121929,3766,CS,OC
19453,141.4,121930,4945,EC,OC
19454,141.4,121933,5990,CS,BC
19455,141.4,121935,3918,EC,MBC
19456,141.3,121936,4024,XC,OC
19457,141.3,121939,1605,IT,OC
19458,141.3,121944,4676,EE,MBC
19459,141.3,121946,1317,ME,SC
19460,141.3,121948,3918,ME,OC
19461,141.3,121949,3833,EC,MBC
19462,141.3,121951,5990,CS,BC
19463,141.3,121956,2755,FD,BC
19464,141.3,121960,4975,CS,MBC
19465,141.3,121961,3826,BM,SC
19466,141.3,121962,1210,EE,SC
19467,141.3,121963,1407,MR,SC
19468,141.3,121965,2652,CS,OC
19469,141.3,121966,2751,ME,BC
19470,141.3,121968,5022,CE,BC
19471,141.3,121969,2329,XS,BC
19472,141.3,121972,1420,ME,BC
19473,141.3,121973,2611,EE,BC
19474,141.3,121974,2622,IT,SC
19475,141.3,121980,2723,EC,BCM
19476,141.3,121981,3021,ME,BC
19477,141.3,121982,1114,EC,SC
19478,141.3,121983,2646,ME,OC
19479,141.3,121984,1507,IT,SC
19480,141.3,121985,1106,CS,SC
19481,141.3,121986,4948,EC,OC
19482,141.3,121989,2620,EC,SC
19483,141.3,121991,2753,AG,SC
19484,141.3,121992,2609,FD,BC
19485,141.3,121993,2347,ME,OC
19486,141.3,121994,2639,CS,BC
19487,141.3,121997,4993,EC,OC
19488,141.3,121999,3817,CE,OC
19489,141.3,122000,4965,EC,SC
19490,141.3,122001,3461,CS,MBC
19491,141.3,122002,2625,CS,OC
19492,141.3,122003,2625,CS,OC
19493,141.3,122006,3831,ME,OC
19494,141.3,122007,2624,EC,OC
19495,141.3,122008,1519,EC,OC
19496,141.3,122009,1430,CS,SC
19497,141.3,122011,2750,CB,SC
19498,141.3,122012,3760,EC,MBC
19499,141.3,122013,4969,ME,OC
19500,141.3,122016,1303,EE,MBC
19501,141.3,122017,2609,CH,BC
19502,141.3,122018,2611,MC,BC
19503,141.3,122024,4957,EC,OC
19504,141.3,122025,2643,CS,BC
19505,141.3,122027,2609,CE,OC
19506,141.3,122029,1408,ME,OC
19507,141.3,122030,3019,CE,MBC
19508,141.3,122032,1518,IT,OC
19509,141.3,122035,3011,XC,BC
19510,141.3,122036,2643,EC,SC
19511,141.2,122039,2750,AG,MBC
19512,141.2,122040,2710,CE,MBC
19513,141.2,122041,4933,EC,BC
19514,141.2,122043,2740,AE,MBC
19515,141.2,122045,1421,EC,MBC
19516,141.2,122047,2707,CH,SC
19517,141.2,122048,1411,AE,SC
19518,141.2,122051,4999,CS,BC
19519,141.2,122052,3466,CS,OC
19520,141.2,122053,2743,AG,BC
19521,141.2,122057,1510,CS,BC
19522,141.2,122059,3806,ME,OC
19523,141.2,122064,2737,IT,SC
19524,141.2,122067,2723,IT,SC
19525,141.2,122068,2609,FD,SC
19526,141.2,122072,2648,EE,OC
19527,141.2,122073,2764,CS,SC
19528,141.2,122074,2606,CS,SC
19529,141.2,122076,4944,EE,BC
19530,141.2,122078,4957,EC,OC
19531,141.2,122083,1421,CS,SCA
19532,141.2,122088,2726,ME,BC
19533,141.2,122090,4969,EC,OC
19534,141.2,122091,3425,CE,OC
19535,141.2,122092,2618,ME,SC
19536,141.2,122094,2641,ME,OC
19537,141.2,122096,1408,EC,BC
19538,141.2,122097,1426,IT,BC
19539,141.2,122099,3807,ME,OC
19540,141.2,122100,1229,EC,OC
19541,141.2,122101,1412,CS,BC
19542,141.2,122102,5915,EC,SC
19543,141.2,122103,2758,IT,BC
19544,141.2,122104,2727,CS,ST
19545,141.2,122106,4933,CS,SCA
19546,141.2,122107,3786,CS,BC
19547,141.2,122108,2727,BM,SCA
19548,141.2,122109,2611,ME,OC
19549,141.2,122113,2625,CH,OC
19550,141.2,122114,4970,EE,OC
19551,141.2,122117,2611,ME,OC
19552,141.2,122120,3016,CE,OC
19553,141.2,122121,1126,CS,BCM
19554,141.2,122122,2610,RM,MBC
19555,141.2,122125,2625,BM,OC
19556,141.2,122126,2653,CE,BC
19557,141.2,122127,3826,ME,BC
19558,141.2,122128,1325,ME,OC
19559,141.2,122129,5910,EC,SC
19560,141.2,122130,1317,ME,SC
19561,141.2,122131,3410,ME,OC
19562,141.2,122132,1519,ME,OC
19563,141.2,122133,2769,CB,OC
19564,141.2,122134,2711,AU,BCM
19565,141.1,122135,1014,XC,OC
19566,141.1,122136,2745,CS,MBC
19567,141.1,122137,1126,CS,BCM
19568,141.1,122141,2707,CH,MBC
19569,141.1,122143,3825,EE,SC
19570,141.1,122144,5942,CS,MBC
19571,141.1,122145,2328,EE,MBC
19572,141.1,122148,1426,CS,OC
19573,141.1,122150,2769,EC,SCA
19574,141.1,122151,3810,EE,SC
19575,141.1,122152,2607,FD,SC
19576,141.1,122155,4975,CS,BC
19577,141.1,122156,1519,CE,OC
19578,141.1,122159,2642,CS,BCM
19579,141.1,122160,2726,CE,BC
19580,141.1,122162,3460,CS,OC
19581,141.1,122164,4946,ME,OC
19582,141.1,122166,2661,EC,SC
19583,141.1,122167,3806,EC,SC
19584,141.1,122168,1518,IT,OC
19585,141.1,122169,4949,CE,OC
19586,141.1,122171,1411,IT,SC
19587,141.1,122172,1319,IT,BC
19588,141.1,122178,2755,AE,SC
19589,141.1,122181,4978,EE,OC
19590,141.1,122183,2639,ME,OC
19591,141.1,122185,4917,ME,OC
19592,141.1,122186,2659,CS,MBC
19593,141.1,122187,1122,ME,MBC
19594,141.1,122190,1424,EE,MBC
19595,141.1,122192,2715,BM,BC
19596,141.1,122193,1424,RM,BCM
19597,141.1,122196,1412,EC,SC
19598,141.1,122197,1519,CS,SC
19599,141.1,122198,2607,MZ,MBC
19600,141.1,122202,2735,ME,MBC
19601,141.1,122203,1325,ME,BC
19602,141.1,122204,3701,CE,SC
19603,141.1,122205,3920,CS,SC
19604,141.1,122208,4675,EE,OC
19605,141.1,122209,2345,AG,MBC
19606,141.1,122210,1207,ME,OC
19607,141.1,122211,2715,EC,BCM
19608,141.1,122214,2314,EE,MBC
19609,141.1,122215,2683,AG,OC
19610,141.1,122218,2610,ME,OC
19611,141.0,122221,3760,CS,BC
19612,141.0,122223,1416,CS,BC
19613,141.0,122225,3462,EE,OC
19614,141.0,122226,3811,CS,BC
19615,141.0,122227,1523,ME,OC
19616,141.0,122228,3805,CH,OC
19617,141.0,122232,4670,ME,BC
19618,141.0,122233,1411,IT,BC
19619,141.0,122234,2610,MZ,OC
19620,141.0,122239,4669,EE,OC
19621,141.0,122240,2704,EC,SC
19622,141.0,122241,1216,CH,SC
19623,141.0,122243,2659,ME,OC
19624,141.0,122244,2731,ME,BC
19625,141.0,122245,3461,ME,OC
19626,141.0,122247,5988,CS,SC
19627,141.0,122248,4677,ME,OC
19628,141.0,122249,2661,EC,SC
19629,141.0,122251,3825,ME,OC
19630,141.0,122252,1420,ME,BC
19631,141.0,122253,2643,EC,ST
19632,141.0,122254,2610,EC,MBC
19633,141.0,122255,1512,IT,OC
19634,141.0,122256,2621,ME,OC
19635,141.0,122257,2611,PU,OC
19636,141.0,122258,2302,EC,OC
19637,141.0,122261,5536,EC,SC
19638,141.0,122263,3860,CS,MBC
19639,141.0,122266,1114,EC,SC
19640,141.0,122272,1419,MU,SC
19641,141.0,122273,5910,CS,SCA
19642,141.0,122274,5915,EC,MBC
19643,141.0,122281,2327,EC,OC
19644,141.0,122283,2683,CS,MBC
19645,141.0,122285,1431,ME,OC
19646,141.0,122286,1408,CE,OC
19647,141.0,122289,1116,EC,BC
19648,141.0,122295,1107,ME,OC
19649,141.0,122299,2727,AG,MBC
19650,141.0,122300,2609,EE,BC
19651,141.0,122303,2716,RM,OC
19652,141.0,122306,2357,IT,SC
19653,141.0,122307,5022,EE,SC
19654,141.0,122320,2722,IC,MBC
19655,141.0,122322,4959,CE,BC
19656,141.0,122323,1127,IT,MBC
19657,141.0,122324,3830,AL,SC
19658,141.0,122325,1419,AD,ST
19659,141.0,122326,1013,ME,MBC
19660,141.0,122327,1520,EC,BC
19661,141.0,122329,3811,CS,BC
19662,141.0,122333,1322,EE,OC
19663,141.0,122337,1222,CS,OC
19664,141.0,122338,2722,EE,SC
19665,141.0,122347,1116,EC,MBC
19666,141.0,122351,2608,EC,MBC
19667,141.0,122353,2710,CE,SC
19668,141.0,122356,4981,ME,BC
19669,141.0,122357,4917,ME,OC
19670,141.0,122358,2743,CE,OC
19671,141.0,122359,2745,EC,BC
19672,141.0,122361,3805,AG,MBC
19673,141.0,122366,1238,CS,BCM
19674,141.0,122367,2752,EE,BC
19675,141.0,122368,3018,ME,OC
19676,141.0,122369,5902,ME,OC
19677,141.0,122370,3805,ME,MBC
19678,141.0,122372,1431,IT,SCA
19679,141.0,122373,3786,MZ,OC
19680,141.0,122374,4669,EE,OC
19681,141.0,122376,2338,CS,SC
19682,141.0,122378,2613,EE,MBC
19683,141.0,122379,2753,BM,MBC
19684,141.0,122381,2737,IT,BC
19685,141.0,122382,1421,EC,SC
19686,141.0,122385,2641,ME,OC
19687,141.0,122386,3782,EE,OC
19688,141.0,122387,2630,EE,SC
19689,141.0,122388,4992,EE,OC
19690,141.0,122392,5990,CS,BC
19691,141.0,122393,1226,CS,BC
19692,141.0,122394,3425,EC,SC
19693,141.0,122395,3806,EC,MBC
19694,141.0,122396,4949,CE,OC
19695,141.0,122398,2314,EC,BC
19696,141.0,122399,3848,CS,OC
19697,141.0,122400,5017,EE,MBC
19698,141.0,122405,1015,ME,BC
19699,141.0,122406,1408,ME,OC
19700,141.0,122408,1218,IT,SC
19701,141.0,122409,1424,CS,SC
19702,141.0,122410,2762,CS,SC
19703,141.0,122411,2715,ME,MBC
19704,141.0,122417,4964,MU,OC
19705,141.0,122418,3806,BM,BC
19706,141.0,122419,3795,ME,BC
19707,141.0,122420,2620,EC,SC
19708,141.0,122421,4917,ME,BC
19709,141.0,122424,3908,CE,BC
19710,141.0,122425,1412,CS,MBC
19711,141.0,122427,1303,EE,BC
19712,140.9,122428,2609,EE,SCA
19713,140.9,122429,3806,EC,BC
19714,140.9,122430,2661,IT,MBC
19715,140.9,122433,5935,EE,OC
19716,140.9,122434,2632,EC,BC
19717,140.9,122435,2747,EC,BCM
19718,140.9,122436,5,MM,MBC
19719,140.9,122439,2651,EE,SC
19720,140.9,122443,4992,EC,BC
19721,140.9,122448,1431,EC,MBC
19722,140.9,122449,2747,EC,SC
19723,140.9,122451,1133,CS,SC
19724,140.9,122452,1430,CS,SC
19725,140.9,122453,3456,CS,SC
19726,140.9,122456,1414,CE,MBC
19727,140.9,122457,1430,ME,OC
19728,140.9,122458,1512,EC,OC
19729,140.9,122459,2302,BM,MBC
19730,140.9,122460,4672,CE,BC
19731,140.9,122462,4928,ME,BC
19732,140.9,122466,1229,EC,OC
19733,140.9,122468,2622,IT,SC
19734,140.9,122470,2643,EC,MBC
19735,140.9,122472,4975,ME,OC
19736,140.9,122477,4955,ME,BC
19737,140.9,122480,4980,CS,SC
19738,140.9,122481,2710,ET,SC
19739,140.9,122483,1207,AD,SCA
19740,140.9,122486,2601,CH,BC
19741,140.9,122488,4680,CE,SC
19742,140.9,122489,5,MM,MBC
19743,140.8,122496,1421,EE,OC
19744,140.8,122497,2347,ME,SC
19745,140.8,122498,2639,IT,OC
19746,140.8,122500,2752,EE,BC
19747,140.8,122501,4970,EE,OC
19748,140.8,122503,2750,ME,MBC
19749,140.8,122504,3456,ME,OC
19750,140.8,122505,1513,IT,MBC
19751,140.8,122506,5990,CS,BC
19752,140.8,122507,4933,EC,BC
19753,140.8,122513,5536,EC,BC
19754,140.8,122514,4917,AG,SC
19755,140.8,122518,2347,EC,SC
19756,140.8,122519,2648,EC,OC
19757,140.8,122520,2708,AU,BCM
19758,140.8,122521,2347,ME,MBC
19759,140.8,122523,3782,CS,BC
19760,140.8,122525,5,ME,BC
19761,140.8,122527,2338,CS,SC
19762,140.8,122528,3019,CE,MBC
19763,140.8,122529,1441,EC,OC
19764,140.8,122531,2683,AG,OC
19765,140.8,122533,3425,ME,SC
19766,140.8,122535,1114,ME,MBC
19767,140.8,122536,3810,CS,BC
19768,140.8,122537,5930,ME,OC
19769,140.8,122538,1510,CE,OC
19770,140.8,122539,1510,CS,SC
19771,140.8,122541,3905,EE,SC
19772,140.8,122542,5913,TX,MBC
19773,140.8,122543,2776,ME,OC
19774,140.8,122544,1015,ME,BC
19775,140.8,122545,2357,CS,MBC
19776,140.8,122546,2606,EC,OC
19777,140.8,122548,1434,EC,OC
19778,140.8,122549,4941,CS,OC
19779,140.8,122551,5842,EE,OC
19780,140.8,122552,2625,EE,OC
19781,140.8,122558,3918,CS,BC
19782,140.8,122559,2611,BM,MBC
19783,140.8,122560,2643,EC,MBC
19784,140.8,122564,2608,ME,MBC
19785,140.8,122565,1501,ME,OC
19786,140.8,122567,4993,ME,BC
19787,140.8,122568,3760,EC,SC
19788,140.8,122571,3807,AE,OC
19789,140.8,122573,2607,ME,MBC
19790,140.8,122575,2769,EC,BC
19791,140.8,122577,2723,CE,BC
19792,140.8,122581,5532,EE,BC
19793,140.8,122582,2620,EE,BC
19794,140.8,122583,3813,CS,BC
19795,140.8,122585,4670,ME,BC
19796,140.8,122586,2601,EE,MBC
19797,140.8,122591,2357,CE,SC
19798,140.8,122592,4672,ME,MBC
19799,140.8,122595,2601,AE,OC
19800,140.8,122596,5536,EC,SC
19801,140.8,122598,2659,BM,BCM
19802,140.8,122600,4993,ME,BC
19803,140.8,122601,3760,CS,SC
19804,140.8,122602,3805,EE,BC
19805,140.8,122603,2302,EC,OC
19806,140.8,122604,1210,ME,SC
19807,140.8,122605,1217,EC,BC
19808,140.7,122609,2646,ME,OC
19809,140.7,122610,5913,TX,SCA
19810,140.7,122611,3018,EE,SC
19811,140.7,122612,2721,AU,OC
19812,140.7,122616,2354,ME,OC
19813,140.7,122620,3466,ME,OC
19814,140.7,122621,2625,ME,OC
19815,140.7,122622,1412,EC,MBC
19816,140.7,122623,2618,FT,SC
19817,140.7,122624,1422,EE,SC
19818,140.7,122625,2744,CS,MBC
19819,140.7,122627,1518,IT,OC
19820,140.7,122628,2708,AG,SC
19821,140.7,122630,3829,ME,OC
19822,140.7,122631,2661,EC,BC
19823,140.7,122632,1518,ME,OC
19824,140.7,122633,2767,BM,OC
19825,140.7,122635,4957,EC,OC
19826,140.7,122637,1325,EC,MBC
19827,140.7,122640,4992,ME,OC
19828,140.7,122642,2683,AG,OC
19829,140.7,122645,2729,MZ,BC
19830,140.7,122646,3805,EE,BC
19831,140.7,122652,2608,CS,SC
19832,140.7,122654,4931,EE,OC
19833,140.7,122655,1318,CS,OC
19834,140.7,122656,2747,EC,SC
19835,140.7,122659,3807,ME,OC
19836,140.7,122664,1325,ME,BC
19837,140.7,122665,2349,RM,OC
19838,140.7,122666,1412,EE,SC
19839,140.7,122668,4978,BM,SC
19840,140.7,122672,3811,CS,BC
19841,140.7,122673,3701,CS,ST
19842,140.6,122674,2610,MZ,OC
19843,140.6,122675,2601,ME,OC
19844,140.6,122679,2622,ME,MBC
19845,140.6,122680,1408,ME,OC
19846,140.6,122686,3843,EC,MBC
19847,140.6,122687,2646,EE,OC
19848,140.6,122688,2609,FD,BC
19849,140.6,122695,3815,EC,BC
19850,140.6,122698,4993,IT,SC
19851,140.6,122699,2314,EC,MBC
19852,140.6,122702,2636,EC,SC
19853,140.6,122703,3814,CS,MBC
19854,140.6,122705,2643,EC,BC
19855,140.6,122711,2625,CE,OC
19856,140.6,122713,5915,EC,SC
19857,140.6,122714,1411,CS,BC
19858,140.6,122715,2628,BM,OC
19859,140.6,122716,1505,EC,MBC
19860,140.6,122717,4966,EC,BCM
19861,140.6,122718,5935,AU,MBC
19862,140.6,122720,2749,AD,SC
19863,140.6,122721,2611,CS,BCM
19864,140.6,122723,4960,ME,SC
19865,140.6,122724,2650,EE,OC
19866,140.6,122728,3801,EC,MBC
19867,140.6,122729,2659,BM,MBC
19868,140.6,122730,2641,CS,MBC
19869,140.6,122732,2651,FT,BC
19870,140.6,122733,2624,EC,OC
19871,140.6,122734,5919,ME,OC
19872,140.6,122735,5536,ME,SC
19873,140.6,122737,2367,CS,OC
19874,140.6,122742,3018,EE,BC
19875,140.6,122743,2719,CE,SC
19876,140.6,122744,2651,EC,BC
19877,140.6,122749,5,CH,BCM
19878,140.5,122754,1509,EE,OC
19879,140.5,122755,2769,EC,BC
19880,140.5,122761,1316,MU,BC
19881,140.5,122762,1101,CS,SC
19882,140.5,122763,2749,AG,MBC
19883,140.5,122765,1441,EC,OC
19884,140.5,122766,2632,EC,BC
19885,140.5,122768,2707,EE,BC
19886,140.5,122770,1401,EE,MBC
19887,140.5,122772,2641,ME,OC
19888,140.5,122776,4957,EC,OC
19889,140.5,122777,3806,EC,BC
19890,140.5,122778,3806,ME,SC
19891,140.5,122779,1409,ME,OC
19892,140.5,122781,2704,EC,SC
19893,140.5,122782,4864,ME,OC
19894,140.5,122784,1421,ME,OC
19895,140.5,122787,2314,EE,SC
19896,140.5,122791,4964,EE,OC
19897,140.5,122792,4957,EC,OC
19898,140.5,122794,3786,EE,BC
19899,140.5,122795,2611,MD,OC
19900,140.5,122798,5902,IT,SC
19901,140.5,122800,2741,CE,MBC
19902,140.5,122802,1421,EE,OC
19903,140.5,122815,2609,CS,MBC
19904,140.5,122816,1110,BT,BC
19905,140.5,122819,2657,RM,OC
19906,140.5,122823,4955,EE,SC
19907,140.5,122824,3817,CH,OC
19908,140.5,122826,2611,BM,MBC
19909,140.5,122832,1140,EC,SC
19910,140.5,122845,1452,EC,MBC
19911,140.5,122846,2665,CS,BC
19912,140.5,122849,3454,BM,BC
19913,140.5,122855,2357,ME,BC
19914,140.5,122858,1110,EC,MBC
19915,140.5,122863,2770,CS,OC
19916,140.5,122864,5832,EE,OC
19917,140.5,122868,2711,EE,SC
19918,140.5,122879,3920,AD,MBC
19919,140.5,122881,3819,CE,MBC
19920,140.5,122882,4955,ME,BC
19921,140.5,122887,3920,CS,BC
19922,140.5,122890,1519,EC,OC
19923,140.5,122891,3807,EC,BC
19924,140.5,122893,3849,EC,OC
19925,140.5,122899,1126,BM,BC
19926,140.5,122902,1207,CS,BCM
19927,140.5,122903,5915,EC,BC
19928,140.5,122906,3018,XM,OC
19929,140.5,122907,1116,ME,OC
19930,140.5,122909,2647,CS,OC
19931,140.5,122910,4955,ME,BC
19932,140.5,122911,2610,BM,SC
19933,140.5,122912,4670,ME,SC
19934,140.5,122913,1430,EE,OC
19935,140.5,122916,1216,ME,SC
19936,140.5,122917,2610,EE,SC
19937,140.5,122923,3857,CS,OC
19938,140.5,122924,5914,EC,OC
19939,140.5,122926,3805,AE,SC
19940,140.5,122930,2617,EC,OC
19941,140.5,122931,1126,AG,SC
19942,140.5,122932,2628,EE,OC
19943,140.5,122933,2636,EC,BC
19944,140.4,122934,2763,MZ,OC
19945,140.4,122939,2608,CE,BC
19946,140.4,122941,2611,EE,BC
19947,140.4,122942,2610,RM,BC
19948,140.4,122943,2722,ME,SC
19949,140.4,122944,3011,XC,BC
19950,140.4,122945,4917,ME,BC
19951,140.4,122948,5912,CE,OC
19952,140.4,122949,2661,IT,SC
19953,140.4,122950,5942,CS,BC
19954,140.4,122951,2713,IT,BC
19955,140.4,122954,2747,EC,MBC
19956,140.4,122956,3456,CS,SC
19957,140.4,122957,2683,AG,OC
19958,140.4,122958,1207,ME,OC
19959,140.4,122959,2643,EC,SC
19960,140.4,122960,2357,IT,SC
19961,140.4,122963,1437,CS,OC
19962,140.4,122964,3410,ME,OC
19963,140.4,122965,2707,CJ,SC
19964,140.4,122966,2769,EC,BC
19965,140.4,122968,2735,ME,MBC
19966,140.4,122970,4972,ME,BC
19967,140.4,122971,4981,ME,BCM
19968,140.4,122972,3016,CE,OC
19969,140.4,122973,3801,EC,MBC
19970,140.4,122974,3843,EC,MBC
19971,140.4,122975,1319,CS,BC
19972,140.4,122976,3810,CS,MBC
19973,140.4,122978,1127,EC,BC
19974,140.4,122979,2634,AG,BC
19975,140.4,122980,1505,CS,MBC
19976,140.4,122982,2620,EC,SC
19977,140.4,122983,1114,ME,BC
19978,140.4,122986,2715,BM,BC
19979,140.4,122987,3454,AG,MBC
19980,140.4,122988,1525,ME,OC
19981,140.4,122992,1412,ME,OC
19982,140.4,122993,1114,ME,MBC
19983,140.4,122995,4993,ME,BC
19984,140.4,122997,3425,EE,SC
19985,140.4,122998,3908,EE,SC
19986,140.4,123000,2327,EC,OC
19987,140.4,123001,1519,IT,MBC
19988,140.4,123002,3854,EE,OC
19989,140.4,123003,2640,EC,OC
19990,140.4,123004,3817,CS,BC
19991,140.4,123006,2646,EE,OC
19992,140.4,123007,2683,BM,OC
19993,140.4,123008,2641,EC,MBC
19994,140.4,123009,3461,ME,OC
19995,140.4,123011,1322,BM,MBC
19996,140.4,123012,2705,ME,OC
19997,140.4,123015,4676,EE,SC
19998,140.4,123016,3819,ME,MBC
19999,140.4,123017,2632,BM,SC
20000,140.4,123018,1133,CS,BC
20001,140.4,123022,2659,CS,SC
20002,140.4,123024,2761,EC,OC
20003,140.4,123025,1322,AG,SC
20004,140.4,123026,2651,ME,OC
20005,140.4,123028,1207,EC,BCM
20006,140.4,123035,2342,CS,SC
20007,140.3,123039,3018,EE,SC
20008,140.3,123040,1128,ME,SC
20009,140.3,123042,2727,BM,MBC
20010,140.3,123044,3830,AL,SC
20011,140.3,123047,2752,ME,OC
20012,140.3,123051,4931,CS,SC
20013,140.3,123052,4970,ME,OC
20014,140.3,123055,4670,ME,BC
20015,140.3,123056,1238,EE,OC
20016,140.3,123059,1449,CS,OC
20017,140.3,123062,1207,EC,BC
20018,140.3,123063,2648,CS,BC
20019,140.3,123066,3825,EC,BCM
20020,140.3,123069,4672,CE,BC
20021,140.3,123070,2632,EC,BC
20022,140.3,123071,1325,EC,MBC
20023,140.3,123073,2610,BM,BC
20024,140.3,123075,3760,ME,SC
20025,140.3,123081,5865,ME,BCM
20026,140.3,123082,2643,CS,BC
20027,140.3,123084,3920,AD,MBC
20028,140.3,123086,1421,EC,SC
20029,140.3,123087,2707,EE,MBC
20030,140.3,123088,1218,BM,BC
20031,140.3,123089,2621,AE,BC
20032,140.3,123091,3821,CS,OC
20033,140.3,123092,3807,EE,SC
20034,140.3,123094,1238,BM,SC
20035,140.3,123095,2763,CE,OC
20036,140.3,123096,1233,EC,SC
20037,140.3,123099,1518,IT,OC
20038,140.3,123101,2621,MZ,MBC
20039,140.3,123103,1510,CS,SC
20040,140.3,123104,1434,CS,MBC
20041,140.3,123107,1510,CE,OC
20042,140.3,123109,4670,ME,BC
20043,140.3,123111,2611,AG,ST
20044,140.3,123115,2610,CY,MBC
20045,140.2,123116,2729,ME,SC
20046,140.2,123117,1427,CS,BC
20047,140.2,123120,2749,AG,MBC
20048,140.2,123122,2708,AU,MBC
20049,140.2,123123,1401,EE,BC
20050,140.2,123124,5935,ME,OC
20051,140.2,123125,2707,EE,MBC
20052,140.2,123130,1449,CS,OC
20053,140.2,123137,1106,EC,MBC
20054,140.2,123139,5935,CS,MBC
20055,140.2,123140,3829,ME,OC
20056,140.2,123141,1436,CS,MBC
20057,140.2,123142,5942,EC,BCM
20058,140.2,123143,2642,CS,MBC
20059,140.2,123145,4946,EE,OC
20060,140.2,123146,3860,ME,OC
20061,140.2,123148,2607,ME,BC
20062,140.2,123150,4669,EC,BC
20063,140.2,123153,2727,BT,MBC
20064,140.2,123154,2622,BM,ST
20065,140.2,123158,3795,ME,SC
20066,140.2,123164,1133,CS,SC
20067,140.2,123167,5902,EE,OC
20068,140.2,123168,2338,CS,SC
20069,140.2,123172,1207,BM,BC
20070,140.2,123174,2726,AU,MBC
20071,140.2,123175,2651,EE,BC
20072,140.2,123177,2683,ME,OC
20073,140.2,123178,5536,EE,BCM
20074,140.2,123179,2349,AD,BC
20075,140.2,123180,1430,ME,OC
20076,140.2,123181,1430,EE,OC
20077,140.2,123183,1116,EC,BC
20078,140.2,123184,2764,EE,SC
20079,140.2,123187,4965,ME,BC
20080,140.2,123188,2610,BM,SC
20081,140.2,123189,2601,BT,MBC
20082,140.2,123191,5017,CE,OC
20083,140.2,123192,4949,EE,OC
20084,140.2,123193,2314,AG,SC
20085,140.2,123196,1525,CS,BC
20086,140.2,123199,1414,ME,BC
20087,140.2,123200,3805,CH,OC
20088,140.2,123201,1301,ME,OC
20089,140.2,123203,2647,CS,OC
20090,140.2,123204,3821,CS,SC
20091,140.2,123205,4917,ME,BCM
20092,140.2,123207,2610,ME,OC
20093,140.1,123212,3410,ME,OC
20094,140.1,123213,1316,EE,MBC
20095,140.1,123214,3425,ME,MBC
20096,140.1,123216,2732,ME,OC
20097,140.1,123219,3850,ME,OC
20098,140.1,123220,4984,CS,BC
20099,140.1,123221,4917,ME,BC
20100,140.1,123225,1228,CS,SC
20101,140.1,123227,5865,ME,SC
20102,140.1,123228,5904,ME,MBC
20103,140.1,123230,1434,EE,OC
20104,140.1,123231,4933,EE,OC
20105,140.1,123232,2610,IT,BCM
20106,140.1,123234,1114,EC,SC
20107,140.1,123235,2707,CH,BC
20108,140.1,123239,2659,EE,OC
20109,140.1,123240,1316,ME,BC
20110,140.1,123243,1222,CS,OC
20111,140.1,123244,3803,CE,MBC
20112,140.1,123247,2609,EC,BC
20113,140.1,123248,2634,AE,OC
20114,140.1,123249,2608,CE,BC
20115,140.1,123250,5919,EE,OC
20116,140.1,123252,2643,CS,SC
20117,140.1,123255,2646,CS,BC
20118,140.1,123257,4966,CE,OC
20119,140.1,123258,5921,CS,SC
20120,140.1,123262,1441,ME,OC
20121,140.1,123264,4984,EE,OC
20122,140.1,123265,5017,EE,SC
20123,140.1,123266,3801,ME,BC
20124,140.1,123267,2767,CS,MBC
20125,140.1,123270,3807,ME,OC
20126,140.1,123271,4669,EC,MBC
20127,140.1,123273,1452,ME,OC
20128,140.1,123274,2609,PU,SC
20129,140.1,123276,2726,AU,BC
20130,140.1,123278,1216,EI,SC
20131,140.1,123280,2634,EC,BC
20132,140.1,123281,4994,ME,OC
20133,140.1,123284,2606,EC,OC
20134,140.1,123286,2710,EE,SC
20135,140.1,123288,5530,ME,BC
20136,140.1,123289,1437,IT,OC
20137,140.1,123291,3817,CE,OC
20138,140.0,123298,2643,EE,OC
20139,140.0,123299,1412,ME,OC
20140,140.0,123301,2629,IT,BC
20141,140.0,123302,1447,EC,OC
20142,140.0,123303,2707,ME,BC
20143,140.0,123304,2743,EE,BC
20144,140.0,123306,3810,EC,BC
20145,140.0,123307,2763,EC,BC
20146,140.0,123308,1114,EC,SC
20147,140.0,123309,2657,EC,MBC
20148,140.0,123310,5862,AU,OC
20149,140.0,123312,5913,EC,SC
20150,140.0,123315,2338,AG,SC
20151,140.0,123319,2613,ME,MBC
20152,140.0,123320,3466,EE,OC
20153,140.0,123322,2609,AO,OC
20154,140.0,123324,4020,ME,MBC
20155,140.0,123334,2707,CJ,MBC
20156,140.0,123336,3905,EE,BCM
20157,140.0,123339,5902,CS,MBC
20158,140.0,123340,2747,EC,BC
20159,140.0,123341,1408,EC,SC
20160,140.0,123349,2345,EC,BC
20161,140.0,123350,2357,EE,BC
20162,140.0,123351,5862,BM,OC
20163,140.0,123353,3466,ME,OC
20164,140.0,123361,2764,AD,SC
20165,140.0,123364,1416,CS,BC
20166,140.0,123365,1114,EC,SC
20167,140.0,123366,5017,ME,OC
20168,140.0,123368,1014,XC,OC
20169,140.0,123379,1120,ME,SC
20170,140.0,123384,4934,CS,BCM
20171,140.0,123388,1313,CS,SC
20172,140.0,123391,2751,ME,BC
20173,140.0,123396,2609,PU,BC
20174,140.0,123398,2642,IT,SC
20175,140.0,123403,3829,EC,SC
20176,140.0,123405,3811,CS,SC
20177,140.0,123407,4678,EC,SC
20178,140.0,123409,5832,CE,OC
20179,140.0,123410,2621,ME,OC
20180,140.0,123415,2665,CS,BC
20181,140.0,123419,4989,IT,BC
20182,140.0,123420,2601,CH,BC
20183,140.0,123424,5910,CE,SC
20184,140.0,123426,3812,IT,SC
20185,140.0,123429,4992,IT,BC
20186,140.0,123430,2758,AU,OC
20187,140.0,123433,5921,EC,BC
20188,140.0,123435,3820,CS,BC
20189,140.0,123439,1126,EC,SC
20190,140.0,123440,3846,EE,OC
20191,140.0,123442,5942,CE,OC
20192,140.0,123446,2610,EE,BC
20193,140.0,123448,1412,ME,OC
20194,140.0,123449,3786,ME,OC
20195,140.0,123450,2673,EC,BC
20196,140.0,123451,2624,CH,OC
20197,140.0,123452,3846,CS,OC
20198,140.0,123453,3843,EE,MBC
20199,140.0,123454,3829,EE,OC
20200,140.0,123455,5913,TX,BC
20201,140.0,123457,1436,CE,OC
20202,140.0,123459,5536,EE,BC
20203,140.0,123460,3806,ME,BC
20204,140.0,123462,1424,RM,MBC
20205,140.0,123463,3801,EC,SC
20206,140.0,123466,3456,CS,BC
20207,140.0,123470,1303,BT,BC
20208,140.0,123471,3786,EC,MBC
20209,139.9,123472,4933,EC,BC
20210,139.9,123476,4024,CE,MBC
20211,139.9,123479,2725,EC,SC
20212,139.9,123480,2314,EC,BC
20213,139.9,123485,2609,AG,MBC
20214,139.9,123486,1106,EC,BC
20215,139.9,123487,1316,AD,SC
20216,139.9,123488,3760,ME,MBC
20217,139.9,123489,1509,EC,SC
20218,139.9,123490,2632,EC,MBC
20219,139.9,123491,1421,ME,OC
20220,139.9,123494,4993,BM,SC
20221,139.9,123496,3810,CS,SC
20222,139.9,123497,5921,CE,OC
20223,139.9,123500,1441,CS,MBC
20224,139.9,123501,4670,ME,BC
20225,139.9,123502,2683,ME,OC
20226,139.9,123503,3826,ME,SC
20227,139.9,123504,5862,AU,OC
20228,139.9,123505,2613,IT,BCM
20229,139.9,123506,1413,EC,SC
20230,139.9,123509,3814,ME,OC
20231,139.9,123510,5935,AU,SC
20232,139.9,123511,3805,EE,MBC
20233,139.9,123515,2611,AE,SC
20234,139.9,123516,2761,EC,OC
20235,139.9,123517,2763,EC,BC
20236,139.9,123519,5502,EC,BC
20237,139.9,123520,3814,CS,BC
20238,139.9,123522,3782,EC,BC
20239,139.9,123525,2740,ME,MBC
20240,139.9,123526,1505,EC,BC
20241,139.9,123528,1513,IT,BCM
20242,139.9,123532,3425,ME,MBC
20243,139.9,123535,5907,CE,OC
20244,139.8,123536,4969,EC,OC
20245,139.8,123537,4975,CS,BC
20246,139.8,123539,3849,EE,OC
20247,139.8,123540,2341,CS,OC
20248,139.8,123541,4953,IT,BC
20249,139.8,123543,4980,ME,BC
20250,139.8,123545,2716,BM,MBC
20251,139.8,123546,1243,IT,OC
20252,139.8,123547,1517,CS,OC
20253,139.8,123548,2750,CB,SC
20254,139.8,123550,1435,CS,OC
20255,139.8,123551,3410,EE,MBC
20256,139.8,123552,3805,CS,SC
20257,139.8,123553,4980,CE,BC
20258,139.8,123555,3920,CS,BC
20259,139.8,123556,2743,CE,OC
20260,139.8,123557,2636,AD,SC
20261,139.8,123558,3454,CS,MBC
20262,139.8,123559,3826,ME,BCM
20263,139.8,123560,2636,EE,BC
20264,139.8,123569,3810,CS,SC
20265,139.8,123571,5832,CS,SC
20266,139.8,123572,2761,AD,MBC
20267,139.8,123573,3810,IT,MBC
20268,139.8,123574,1120,ME,SC
20269,139.8,123576,4994,EC,MBC
20270,139.8,123578,1409,EE,SC
20271,139.8,123581,3016,ME,MBC
20272,139.8,123583,4955,EE,SC
20273,139.8,123585,4970,EE,OC
20274,139.8,123586,4980,EC,BC
20275,139.8,123587,3806,ME,MBC
20276,139.8,123588,2611,AE,SC
20277,139.8,123589,3805,CE,OC
20278,139.8,123591,5502,ME,OC
20279,139.8,123592,4949,EE,OC
20280,139.8,123594,3466,EE,OC
20281,139.8,123596,1409,BM,MBC
20282,139.8,123598,4964,AE,OC
20283,139.8,123599,1412,CS,BC
20284,139.8,123601,1434,CS,SC
20285,139.8,123604,2601,CE,OC
20286,139.8,123606,2734,MO,MBC
20287,139.8,123608,2723,CE,SC
20288,139.8,123610,2753,EC,OC
20289,139.8,123615,2610,BT,MBC
20290,139.8,123619,3811,EC,BCM
20291,139.8,123620,1523,EC,OC
20292,139.8,123622,3849,ME,OC
20293,139.8,123624,1125,ME,OC
20294,139.8,123625,2357,CS,SC
20295,139.8,123628,4978,BM,SC
20296,139.8,123630,4953,ME,OC
20297,139.8,123632,2628,EE,OC
20298,139.8,123633,5536,ME,SC
20299,139.8,123635,2707,CH,BC
20300,139.8,123642,2715,ME,MBC
20301,139.8,123643,2636,AD,BC
20302,139.8,123649,3456,EE,OC
20303,139.8,123651,1430,ME,OC
20304,139.8,123653,4955,CE,MBC
20305,139.8,123654,2624,CS,BC
20306,139.8,123657,4672,CE,MBC
20307,139.7,123659,3786,ME,OC
20308,139.7,123661,3817,BT,SC
20309,139.7,123662,1441,EC,OC
20310,139.7,123663,1210,ME,SC
20311,139.7,123666,2749,AD,BC
20312,139.7,123667,1322,FD,BC
20313,139.7,123668,2608,IT,SC
20314,139.7,123669,1238,EE,OC
20315,139.7,123671,3782,ME,OC
20316,139.7,123672,2609,ME,BC
20317,139.7,123674,5832,EC,MBC
20318,139.7,123675,1401,CS,MBC
20319,139.7,123676,3804,CS,BC
20320,139.7,123677,4957,EC,OC
20321,139.7,123678,2612,CS,OC
20322,139.7,123679,3806,ME,MBC
20323,139.7,123681,3016,EE,BCM
20324,139.7,123683,2744,IT,ST
20325,139.7,123687,2609,CH,BC
20326,139.7,123688,1127,BT,BC
20327,139.7,123692,5703,CS,MBC
20328,139.7,123693,1137,CE,BCM
20329,139.7,123694,2617,CS,MBC
20330,139.7,123696,2632,EC,BC
20331,139.7,123697,5915,ME,OC
20332,139.7,123700,4957,ME,BC
20333,139.7,123701,2357,CE,MBC
20334,139.7,123702,2764,CS,SC
20335,139.7,123703,2707,CD,MBC
20336,139.7,123704,2611,EE,BC
20337,139.7,123705,3806,ME,SC
20338,139.7,123708,1509,EC,SC
20339,139.7,123710,2609,IT,SC
20340,139.7,123711,3920,AD,MBC
20341,139.7,123719,2342,ME,SC
20342,139.7,123722,1452,ME,SC
20343,139.7,123723,3021,ME,SC
20344,139.7,123726,1441,CS,BC
20345,139.7,123729,3701,ME,SC
20346,139.7,123730,2609,AE,BC
20347,139.7,123733,4948,EE,OC
20348,139.7,123736,2601,ME,OC
20349,139.7,123740,4982,CS,BC
20350,139.7,123741,2345,EC,BC
20351,139.7,123742,2620,BM,MBC
20352,139.6,123745,2628,BM,OC
20353,139.6,123751,5912,CE,OC
20354,139.6,123753,1115,CS,SCA
20355,139.6,123755,1222,EC,OC
20356,139.6,123756,1408,ME,OC
20357,139.6,123759,2628,CS,SC
20358,139.6,123760,2713,EC,MBC
20359,139.6,123761,2624,CS,BC
20360,139.6,123763,4917,ME,BCM
20361,139.6,123766,1411,BT,SC
20362,139.6,123768,1015,EE,BCM
20363,139.6,123772,2624,EC,OC
20364,139.6,123773,2707,ME,SC
20365,139.6,123774,2639,IT,OC
20366,139.6,123776,2357,CS,SC
20367,139.6,123778,2749,PE,OC
20368,139.6,123779,2755,FD,BC
20369,139.6,123784,2639,CS,BC
20370,139.6,123785,2625,IT,MBC
20371,139.6,123787,4961,CS,BCM
20372,139.6,123790,3805,PH,MBC
20373,139.6,123791,1110,ME,BC
20374,139.6,123793,1106,IT,SC
20375,139.6,123794,1420,ME,BC
20376,139.6,123796,1122,CE,BC
20377,139.6,123798,3860,EE,OC
20378,139.6,123799,5,ME,MBC
20379,139.6,123801,4949,MZ,OC
20380,139.6,123805,2767,ME,OC
20381,139.6,123807,1114,ME,BC
20382,139.6,123808,2723,CE,MBC
20383,139.6,123810,5902,CS,MBC
20384,139.6,123812,2702,EE,SCA
20385,139.6,123813,1421,ME,OC
20386,139.6,123814,2750,EC,SC
20387,139.6,123816,2707,CJ,MBC
20388,139.6,123820,3782,CS,BC
20389,139.6,123821,3843,CE,OC
20390,139.6,123827,4980,CE,BC
20391,139.6,123829,2357,CE,BC
20392,139.6,123832,1421,EE,OC
20393,139.6,123836,1424,CS,SC
20394,139.6,123837,1424,ME,OC
20395,139.5,123845,1412,ME,OC
20396,139.5,123850,2636,ME,OC
20397,139.5,123855,3905,EE,BC
20398,139.5,123857,4933,EC,BC
20399,139.5,123858,4917,ME,BC
20400,139.5,123860,4952,CS,BCM
20401,139.5,123862,2623,CS,MBC
20402,139.5,123863,1319,AD,MBC
20403,139.5,123864,1114,EC,SC
20404,139.5,123866,2623,EC,OC
20405,139.5,123868,2711,IT,ST
20406,139.5,123869,1106,EC,BC
20407,139.5,123870,3021,CE,MBC
20408,139.5,123871,1510,EC,OC
20409,139.5,123872,4024,CE,MBC
20410,139.5,123873,2722,IC,SC
20411,139.5,123875,4864,EE,BC
20412,139.5,123879,5915,EC,BC
20413,139.5,123880,2627,EE,OC
20414,139.5,123881,2706,ME,MBC
20415,139.5,123882,2708,AU,MBC
20416,139.5,123884,1309,CS,SCA
20417,139.5,123889,1243,IT,OC
20418,139.5,123900,4955,EE,SC
20419,139.5,123902,2737,CS,MBC
20420,139.5,123904,4678,AD,SC
20421,139.5,123905,1427,IT,OC
20422,139.5,123908,2726,CS,SC
20423,139.5,123910,3807,EC,BC
20424,139.5,123915,1127,IT,MBC
20425,139.5,123919,2712,TX,SC
20426,139.5,123922,1509,EC,SC
20427,139.5,123937,5910,EC,SC
20428,139.5,123939,4024,ME,SC
20429,139.5,123942,2725,EC,SC
20430,139.5,123943,1110,BT,BC
20431,139.5,123947,5536,AG,BC
20432,139.5,123948,2719,ME,SC
20433,139.5,123959,2641,EC,MBC
20434,139.5,123961,3806,ME,MBC
20435,139.5,123963,2625,IT,MBC
20436,139.5,123967,4024,ME,BC
20437,139.5,123968,4964,AE,OC
20438,139.5,123970,1126,BM,SC
20439,139.5,123971,1133,CS,MBC
20440,139.5,123972,3018,EE,BC
20441,139.5,123973,3806,EC,BC
20442,139.5,123975,2639,ME,OC
20443,139.5,123976,2657,SF,OC
20444,139.5,123978,2609,EE,BC
20445,139.5,123980,2342,CS,SC
20446,139.5,123981,2628,EE,OC
20447,139.5,123982,1509,EE,OC
20448,139.5,123983,1442,BM,BC
20449,139.5,123984,4999,CE,OC
20450,139.5,123985,2683,CS,MBC
20451,139.5,123986,4928,ME,BC
20452,139.5,123987,2650,EC,MBC
20453,139.5,123988,2665,CS,BC
20454,139.5,123989,3021,CE,SC
20455,139.5,123990,1407,CS,BC
20456,139.5,123994,2302,AD,SC
20457,139.5,123996,1436,CS,MBC
20458,139.5,123997,3454,CS,BC
20459,139.5,123998,2610,ME,OC
20460,139.4,123999,1434,ME,OC
20461,139.4,124001,4024,ME,SC
20462,139.4,124002,1133,CS,BC
20463,139.4,124003,4933,EC,BC
20464,139.4,124004,3908,CE,SC
20465,139.4,124006,4955,CE,MBC
20466,139.4,124008,1401,ME,OC
20467,139.4,124009,3021,ME,BC
20468,139.4,124012,2627,BT,MBC
20469,139.4,124014,2607,ME,BC
20470,139.4,124015,4953,EC,OC
20471,139.4,124018,3456,ME,OC
20472,139.4,124020,4676,EC,BC
20473,139.4,124021,2763,EC,MBC
20474,139.4,124026,2642,EC,BC
20475,139.4,124030,2602,MD,BC
20476,139.4,124032,4933,CE,OC
20477,139.4,124033,4678,EC,SC
20478,139.4,124034,3801,CE,OC
20479,139.4,124035,4980,CE,BC
20480,139.4,124037,3806,CE,OC
20481,139.4,124040,3021,ME,BC
20482,139.4,124042,2613,CS,SC
20483,139.4,124044,2369,CE,BCM
20484,139.4,124045,4933,ME,OC
20485,139.4,124046,3918,EC,MBC
20486,139.4,124049,3817,BT,SC
20487,139.4,124051,2731,PD,BC
20488,139.4,124052,3825,ME,OC
20489,139.4,124054,1318,CS,OC
20490,139.4,124056,1101,CS,MBC
20491,139.4,124057,3829,CS,SC
20492,139.4,124058,3795,ME,BCM
20493,139.4,124059,1405,EC,MBC
20494,139.4,124060,2629,MD,BC
20495,139.4,124061,4949,EC,OC
20496,139.4,124062,2651,FT,BC
20497,139.4,124063,1127,EC,SC
20498,139.4,124064,2629,MD,BCM
20499,139.4,124065,2657,BT,ST
20500,139.4,124067,4965,CE,OC
20501,139.4,124070,5913,EE,OC
20502,139.4,124072,2609,EE,BC
20503,139.4,124074,2314,EE,MBC
20504,139.3,124076,4993,ME,BC
20505,139.3,124077,1517,CS,OC
20506,139.3,124078,5915,EC,BC
20507,139.3,124082,5913,PD,OC
20508,139.3,124083,3801,CE,OC
20509,139.3,124084,3806,ME,MBC
20510,139.3,124085,2642,EE,MBC
20511,139.3,124086,3011,XC,BC
20512,139.3,124087,1421,EC,SC
20513,139.3,124090,4928,ME,BC
20514,139.3,124091,2611,EE,MBC
20515,139.3,124098,3807,ME,OC
20516,139.3,124099,5915,EC,MBC
20517,139.3,124100,3843,ME,OC
20518,139.3,124101,3850,CS,OC
20519,139.3,124106,2357,CE,BC
20520,139.3,124108,2611,EC,MBC
20521,139.3,124111,1519,CS,BCM
20522,139.3,124118,3019,ME,BC
20523,139.3,124119,2634,BM,BC
20524,139.3,124121,3804,EC,OC
20525,139.3,124122,2345,AD,BC
20526,139.3,124125,3810,CS,BC
20527,139.3,124127,2657,RM,OC
20528,139.3,124129,1505,EE,SC
20529,139.3,124133,4955,CE,BCM
20530,139.3,124135,2718,MZ,SCA
20531,139.3,124137,4978,BM,SC
20532,139.2,124139,1512,IT,OC
20533,139.2,124140,2705,IT,MBC
20534,139.2,124142,4948,FT,OC
20535,139.2,124143,1436,CS,BC
20536,139.2,124145,2341,EE,OC
20537,139.2,124147,1414,ME,MBC
20538,139.2,124150,5022,ME,MBC
20539,139.2,124151,1226,ME,SC
20540,139.2,124154,1518,CS,OC
20541,139.2,124155,3825,CS,MBC
20542,139.2,124157,4676,ME,BC
20543,139.2,124158,3817,ME,OC
20544,139.2,124160,3820,CS,BC
20545,139.2,124161,2639,ME,OC
20546,139.2,124166,2611,ME,OC
20547,139.2,124172,2609,EE,ST
20548,139.2,124176,2627,EC,OC
20549,139.2,124181,2341,EC,OC
20550,139.2,124182,3805,EE,BCM
20551,139.2,124183,5536,EE,BC
20552,139.2,124187,1421,EE,OC
20553,139.2,124188,1421,ME,OC
20554,139.2,124190,2610,ME,OC
20555,139.2,124194,1605,IT,OC
20556,139.2,124195,2609,CS,SC
20557,139.2,124196,1319,CS,MBC
20558,139.2,124198,2721,IC,MBC
20559,139.2,124204,1230,ME,OC
20560,139.2,124209,2636,CE,SC
20561,139.2,124211,4971,EC,MBC
20562,139.2,124212,2629,IT,SC
20563,139.2,124213,1233,EE,BC
20564,139.2,124214,2609,ME,BC
20565,139.2,124215,2636,CE,SC
20566,139.1,124219,1202,ME,OC
20567,139.1,124222,1437,CS,OC
20568,139.1,124226,4964,MU,OC
20569,139.1,124227,3016,ME,MBC
20570,139.1,124229,2639,IT,OC
20571,139.1,124230,2643,EC,SC
20572,139.1,124231,3760,CS,SC
20573,139.1,124232,4982,CS,MBC
20574,139.1,124233,3425,EC,BC
20575,139.1,124236,1106,IT,SC
20576,139.1,124240,3805,EE,BC
20577,139.1,124241,2665,CS,MBC
20578,139.1,124243,2624,AD,MBC
20579,139.1,124244,5907,ME,OC
20580,139.1,124246,2713,CS,SC
20581,139.1,124248,2609,ME,MBC
20582,139.1,124249,3801,IC,OC
20583,139.1,124250,3425,ME,MBC
20584,139.1,124251,1405,EE,SC
20585,139.1,124252,2349,AD,BC
20586,139.1,124253,2707,ME,MBC
20587,139.1,124259,3701,CE,MBC
20588,139.1,124260,2755,FD,SC
20589,139.1,124262,2624,CS,MBC
20590,139.1,124265,1319,EE,OC
20591,139.1,124268,2642,IT,SC
20592,139.1,124270,1411,CS,MBC
20593,139.1,124271,3826,ME,SC
20594,139.1,124272,2611,FD,SC
20595,139.1,124274,2702,CE,SC
20596,139.1,124275,2755,CE,OC
20597,139.1,124276,5703,CS,BC
20598,139.1,124278,1237,ME,MBC
20599,139.1,124279,3011,XM,OC
20600,139.1,124280,2620,EE,BC
20601,139.1,124283,3918,CS,BC
20602,139.1,124286,2345,EC,MBC
20603,139.1,124287,3806,EE,BC
20604,139.1,124289,1126,CS,MBC
20605,139.1,124290,2715,ME,MBC
20606,139.1,124291,1114,EC,SC
20607,139.1,124292,3920,EE,OC
20608,139.1,124293,4993,EC,OC
20609,139.1,124294,2665,CS,BC
20610,139.0,124297,3425,ME,SC
20611,139.0,124298,2613,ME,BC
20612,139.0,124299,2715,ME,BC
20613,139.0,124300,2723,CE,BC
20614,139.0,124303,2640,CS,OC
20615,139.0,124305,1229,EE,OC
20616,139.0,124307,2735,ME,SC
20617,139.0,124308,1316,BM,SC
20618,139.0,124310,3410,EE,MBC
20619,139.0,124312,3806,ME,SC
20620,139.0,124314,3466,CS,OC
20621,139.0,124315,2750,ME,MBC
20622,139.0,124316,3841,ME,OC
20623,139.0,124319,2632,EC,BC
20624,139.0,124320,1226,CS,BC
20625,139.0,124321,1115,CS,SC
20626,139.0,124325,2629,IT,MBC
20627,139.0,124327,2622,ME,MBC
20628,139.0,124328,1123,IT,SC
20629,139.0,124329,3843,EE,MBC
20630,139.0,124334,1112,IT,SCA
20631,139.0,124336,1122,CE,BC
20632,139.0,124344,1230,EC,BC
20633,139.0,124355,2624,CH,OC
20634,139.0,124356,2607,EC,BCM
20635,139.0,124371,2762,EC,MBC
20636,139.0,124376,1413,EC,SC
20637,139.0,124381,1122,CE,SC
20638,139.0,124391,2618,FT,MBC
20639,139.0,124392,3810,AD,SC
20640,139.0,124393,5,CZ,MBC
20641,139.0,124394,2737,CS,MBC
20642,139.0,124397,3831,EC,OC
20643,139.0,124398,2768,EC,OC
20644,139.0,124401,3830,CB,SC
20645,139.0,124406,2711,AU,BCM
20646,139.0,124413,1421,ME,OC
20647,139.0,124414,3805,CH,OC
20648,139.0,124415,4675,EE,OC
20649,139.0,124416,1230,AE,OC
20650,139.0,124418,2628,CS,SC
20651,139.0,124420,2707,EC,SC
20652,139.0,124423,3826,ME,SC
20653,139.0,124424,3016,CE,OC
20654,139.0,124425,1229,EC,OC
20655,139.0,124426,2750,EC,SC
20656,139.0,124428,2745,EC,BC
20657,139.0,124431,2707,EE,BC
20658,139.0,124432,5990,CS,BC
20659,139.0,124433,2347,CS,SCA
20660,139.0,124434,3410,CE,OC
20661,139.0,124435,3804,BM,OC
20662,139.0,124439,4964,EE,OC
20663,139.0,124443,3817,EE,SC
20664,139.0,124445,2629,MD,SC
20665,139.0,124446,3905,ME,BC
20666,139.0,124447,1110,EC,SC
20667,139.0,124450,2618,BM,SCA
20668,139.0,124451,1412,ME,OC
20669,139.0,124453,2338,CS,SC
20670,139.0,124454,2753,ME,OC
20671,139.0,124455,3920,CS,BCM
20672,139.0,124457,4970,EC,OC
20673,139.0,124459,4962,CE,SC
20674,139.0,124460,2651,ME,SC
20675,139.0,124461,1431,CS,MBC
20676,139.0,124462,2741,ME,SC
20677,139.0,124467,2743,FD,SC
20678,139.0,124468,2715,ME,MBC
20679,139.0,124469,3806,EC,BC
20680,139.0,124475,1120,EC,SCA
20681,139.0,124477,2607,CE,BC
20682,138.9,124478,2752,IT,MBC
20683,138.9,124481,5530,CE,BC
20684,138.9,124483,2741,CE,BC
20685,138.9,124486,3018,EE,MBC
20686,138.9,124488,2360,CS,MBC
20687,138.9,124490,3805,CE,OC
20688,138.9,124492,2758,IT,MBC
20689,138.9,124493,2338,BM,SC
20690,138.9,124498,2629,IT,BC
20691,138.9,124500,4994,EE,OC
20692,138.9,124503,2707,IT,SC
20693,138.9,124504,3806,ME,BC
20694,138.9,124505,3786,EE,BC
20695,138.9,124506,2601,ME,OC
20696,138.9,124507,2628,CS,SC
20697,138.9,124508,2367,AD,OC
20698,138.9,124509,1202,EE,BC
20699,138.9,124510,3811,CS,BC
20700,138.9,124511,3805,ME,SC
20701,138.9,124512,2772,ME,OC
20702,138.9,124513,3461,CS,BC
20703,138.9,124517,3456,BM,OC
20704,138.9,124519,1230,EC,SC
20705,138.9,124520,1225,ME,SC
20706,138.9,124521,2621,MZ,SC
20707,138.9,124522,3804,CS,MBC
20708,138.9,124524,1442,BM,MBC
20709,138.9,124526,1605,CS,BC
20710,138.9,124527,3018,EE,MBC
20711,138.9,124529,1412,CS,BC
20712,138.9,124532,1101,CS,SC
20713,138.9,124534,1421,CE,OC
20714,138.9,124536,5536,EC,BC
20715,138.9,124539,3843,ME,OC
20716,138.9,124541,5536,AG,SC
20717,138.9,124544,4678,CE,BCM
20718,138.8,124546,2636,AD,BC
20719,138.8,124550,4994,CS,SC
20720,138.8,124551,3826,ME,SC
20721,138.8,124554,2611,FD,MBC
20722,138.8,124556,2683,AG,OC
20723,138.8,124559,1412,IT,BCM
20724,138.8,124561,4974,ME,SCA
20725,138.8,124569,2639,IT,MBC
20726,138.8,124570,3829,IT,MBC
20727,138.8,124571,4675,EC,SC
20728,138.8,124573,3810,CE,OC
20729,138.8,124575,5902,EE,OC
20730,138.8,124576,2349,AD,MBC
20731,138.8,124577,2643,EE,OC
20732,138.8,124583,5536,EE,BC
20733,138.8,124586,2659,ME,OC
20734,138.8,124589,1123,AE,MBC
20735,138.8,124590,1518,CS,OC
20736,138.8,124591,2716,IT,MBC
20737,138.8,124592,4961,EE,OC
20738,138.8,124593,3795,CE,BC
20739,138.8,124595,1414,ME,BCM
20740,138.8,124599,4670,ME,SC
20741,138.8,124603,4999,ME,OC
20742,138.8,124606,1216,CE,SC
20743,138.8,124611,3760,CS,BC
20744,138.8,124612,5912,ME,OC
20745,138.8,124614,3812,ME,OC
20746,138.8,124618,2632,BM,SC
20747,138.8,124619,2636,ME,OC
20748,138.8,124620,2707,CH,BC
20749,138.8,124622,2625,EE,OC
20750,138.8,124625,2726,CE,BC
20751,138.8,124626,4965,CE,OC
20752,138.8,124630,2658,CS,OC
20753,138.8,124632,1304,AU,SC
20754,138.8,124633,2611,FD,BC
20755,138.8,124634,3021,ME,BC
20756,138.8,124636,4981,CE,OC
20757,138.8,124638,4992,CS,SC
20758,138.8,124639,2601,AE,OC
20759,138.8,124640,3786,EE,BCM
20760,138.8,124641,2707,EE,BC
20761,138.8,124642,2643,EE,OC
20762,138.8,124644,3454,BM,BC
20763,138.7,124650,2747,EC,SC
20764,138.7,124651,4933,EC,SC
20765,138.7,124653,1207,ME,OC
20766,138.7,124654,1123,EC,OC
20767,138.7,124657,4929,CS,OC
20768,138.7,124659,1416,CS,BC
20769,138.7,124661,2750,ME,SC
20770,138.7,124662,3829,EE,BC
20771,138.7,124664,3908,CE,BC
20772,138.7,124665,2609,EE,BC
20773,138.7,124667,1430,CS,SC
20774,138.7,124670,1202,EE,MBC
20775,138.7,124671,1114,CE,OC
20776,138.7,124676,1322,EC,SC
20777,138.7,124679,2640,CS,OC
20778,138.7,124680,1412,ME,OC
20779,138.7,124681,2611,EE,SCA
20780,138.7,124682,1423,CS,OC
20781,138.7,124686,3811,ME,OC
20782,138.7,124687,3782,CS,BC
20783,138.7,124689,3454,CS,BC
20784,138.7,124694,2705,IT,SC
20785,138.7,124695,1605,IT,OC
20786,138.7,124697,1318,CS,OC
20787,138.7,124699,3807,ME,OC
20788,138.7,124700,1217,EC,BCM
20789,138.7,124701,2609,CH,BC
20790,138.7,124703,3908,EE,MBC
20791,138.7,124704,5935,EC,SC
20792,138.7,124708,4957,CS,SC
20793,138.7,124711,2620,EC,SC
20794,138.7,124712,1520,CS,SC
20795,138.7,124713,4982,ME,OC
20796,138.7,124714,2743,EC,SC
20797,138.7,124715,2622,BM,BCM
20798,138.7,124718,3807,ME,OC
20799,138.7,124720,3795,EC,SC
20800,138.6,124724,2683,ME,OC
20801,138.6,124725,2747,EC,BC
20802,138.6,124726,3815,TX,OC
20803,138.6,124727,3926,CS,OC
20804,138.6,124728,3805,CE,OC
20805,138.6,124730,3830,EC,SC
20806,138.6,124735,3461,ME,OC
20807,138.6,124736,5536,EE,BC
20808,138.6,124737,2768,EN,OC
20809,138.6,124739,2634,CE,OC
20810,138.6,124744,5921,EC,BC
20811,138.6,124745,2651,EE,SC
20812,138.6,124746,2357,AG,SC
20813,138.6,124747,2636,ME,OC
20814,138.6,124748,2621,AE,BC
20815,138.6,124752,2747,EE,SCA
20816,138.6,124754,3920,AD,BC
20817,138.6,124755,2639,EC,MBC
20818,138.6,124756,2743,EE,BCM
20819,138.6,124760,4928,ME,BC
20820,138.6,124761,2627,EC,OC
20821,138.6,124764,3805,EE,MBC
20822,138.6,124766,1519,CS,BC
20823,138.6,124767,1409,EE,MBC
20824,138.6,124768,3807,EC,BC
20825,138.6,124769,1325,ME,BC
20826,138.6,124771,2741,EE,ST
20827,138.6,124772,3812,EI,OC
20828,138.6,124773,4993,AG,SC
20829,138.6,124775,4957,EC,OC
20830,138.6,124777,1441,CS,MBC
20831,138.6,124780,1411,CS,SC
20832,138.6,124781,2758,EE,OC
20833,138.6,124782,2640,CS,OC
20834,138.6,124783,2716,IT,MBC
20835,138.6,124784,1325,ME,BC
20836,138.6,124787,3425,ME,SC
20837,138.6,124789,2665,CS,MBC
20838,138.6,124791,2752,CS,SC
20839,138.6,124792,2659,EC,SC
20840,138.6,124793,3456,EE,OC
20841,138.6,124794,2357,CE,SC
20842,138.6,124799,1525,CS,MBC
20843,138.6,124800,3760,AG,BC
20844,138.5,124805,1209,IT,OC
20845,138.5,124810,2737,IT,SC
20846,138.5,124811,3425,ME,SC
20847,138.5,124813,1115,AD,ST
20848,138.5,124815,2609,IT,SC
20849,138.5,124816,4943,AE,OC
20850,138.5,124817,4966,ME,OC
20851,138.5,124818,2683,BM,OC
20852,138.5,124819,3806,EE,SC
20853,138.5,124820,2620,EC,MBC
20854,138.5,124823,3021,CE,BC
20855,138.5,124824,2338,ME,OC
20856,138.5,124825,1408,EC,BC
20857,138.5,124828,2636,ME,MBC
20858,138.5,124829,5907,EE,OC
20859,138.5,124830,4967,ME,OC
20860,138.5,124831,2349,AD,MBC
20861,138.5,124834,1233,EE,BC
20862,138.5,124836,3786,EE,MBC
20863,138.5,124837,2630,CS,SC
20864,138.5,124841,3826,CE,SC
20865,138.5,124842,1507,CS,BC
20866,138.5,124844,4670,EE,BCM
20867,138.5,124847,1120,ME,MBC
20868,138.5,124849,2707,CE,BC
20869,138.5,124855,2607,BT,MBC
20870,138.5,124858,1505,EC,BC
20871,138.5,124859,2622,ME,MBC
20872,138.5,124859,1401,EE,MBC
20873,138.5,124860,1216,MD,SC
20874,138.5,124865,1411,CS,MBC
20875,138.5,124870,1318,CS,OC
20876,138.5,124875,4675,CS,SC
20877,138.5,124882,1447,EC,OC
20878,138.5,124885,1401,EE,BC
20879,138.5,124891,2769,BC,SC
20880,138.5,124893,3918,CS,BC
20881,138.5,124898,1225,EE,SC
20882,138.5,124902,1405,AD,SC
20883,138.5,124912,4954,CS,SC
20884,138.5,124917,3021,CE,SCA
20885,138.5,124919,1202,ME,SC
20886,138.5,124922,1510,CE,OC
20887,138.5,124925,2749,AD,BC
20888,138.5,124927,3826,ME,SC
20889,138.5,124928,2609,EE,MBC
20890,138.5,124929,1222,CS,OC
20891,138.5,124930,2745,CS,SC
20892,138.5,124932,2776,AU,OC
20893,138.5,124933,2750,ME,SCA
20894,138.5,124934,1414,EC,BCM
20895,138.5,124937,1430,CS,MBC
20896,138.5,124939,2712,FT,SC
20897,138.5,124940,3806,ME,MBC
20898,138.5,124942,2610,EE,BC
20899,138.5,124946,3843,ME,OC
20900,138.5,124949,1207,CS,SCA
20901,138.5,124951,3782,CS,MBC
20902,138.5,124952,1122,CH,SC
20903,138.5,124953,2653,AD,SC
20904,138.5,124954,2763,EC,MBC
20905,138.5,124955,2749,AD,SC
20906,138.5,124956,5009,ME,SCA
20907,138.5,124964,4928,ME,BC
20908,138.5,124965,1430,EC,BC
20909,138.5,124966,1411,BT,BCM
20910,138.4,124967,1437,IT,OC
20911,138.4,124968,2314,AG,BC
20912,138.4,124969,1424,CS,BC
20913,138.4,124971,4957,EC,OC
20914,138.4,124974,2608,CB,MBC
20915,138.4,124977,2609,ME,MBC
20916,138.4,124978,2349,RM,OC
20917,138.4,124980,3860,ME,OC
20918,138.4,124983,2621,CE,BC
20919,138.4,124986,4967,EE,OC
20920,138.4,124987,5912,CS,BC
20921,138.4,124989,2642,CS,SC
20922,138.4,124991,2729,CB,MBC
20923,138.4,124992,2609,AG,BC
20924,138.4,124998,4946,ME,OC
20925,138.4,125000,2735,ME,SC
20926,138.4,125001,1431,ME,OC
20927,138.4,125002,2622,ME,SC
20928,138.4,125003,5914,ME,OC
20929,138.4,125004,2710,CE,SC
20930,138.4,125007,5907,ME,OC
20931,138.4,125009,3829,CS,MBC
20932,138.4,125011,5915,EC,BC
20933,138.4,125012,1408,EC,BC
20934,138.4,125018,3905,ME,BC
20935,138.4,125019,2625,AG,OC
20936,138.4,125020,5990,CS,BCM
20937,138.4,125023,2341,EC,OC
20938,138.4,125026,3425,ME,SC
20939,138.4,125028,2617,ME,OC
20940,138.4,125029,2338,AG,SC
20941,138.4,125031,5935,CE,OC
20942,138.4,125032,2642,CS,BC
20943,138.4,125033,2628,BM,OC
20944,138.4,125034,2710,EE,SC
20945,138.4,125035,3918,EC,BC
20946,138.4,125039,3019,ME,SC
20947,138.4,125040,2608,CS,SC
20948,138.4,125041,2745,EC,BC
20949,138.4,125044,2767,CS,SC
20950,138.4,125045,2606,CE,OC
20951,138.4,125046,2722,ME,SCA
20952,138.4,125047,2710,EE,SC
20953,138.4,125050,4994,EC,BC
20954,138.3,125055,3826,EC,SCA
20955,138.3,125056,1412,ME,OC
20956,138.3,125058,2624,CS,SC
20957,138.3,125059,4970,EE,OC
20958,138.3,125062,3905,CE,OC
20959,138.3,125064,4993,CS,BC
20960,138.3,125067,2602,CS,OC
20961,138.3,125069,3926,EE,OC
20962,138.3,125070,4972,ME,BC
20963,138.3,125073,1431,EE,BC
20964,138.3,125074,5536,EE,BC
20965,138.3,125078,4964,EC,OC
20966,138.3,125079,1322,BM,SC
20967,138.3,125080,4993,CE,OC
20968,138.3,125081,4676,EC,SC
20969,138.3,125082,2627,EC,OC
20970,138.3,125084,3806,ME,MBC
20971,138.3,125085,2609,CE,OC
20972,138.3,125087,3821,CS,SC
20973,138.3,125088,1026,ME,BCM
20974,138.3,125090,1316,MU,MBC
20975,138.3,125091,3826,ME,SC
20976,138.3,125094,3807,EC,SC
20977,138.3,125095,1322,EC,BC
20978,138.3,125097,2726,CE,BC
20979,138.3,125099,1149,EE,SC
20980,138.3,125100,3805,ME,BCM
20981,138.3,125102,3804,EC,OC
20982,138.3,125103,2630,ME,BC
20983,138.3,125105,2646,CE,OC
20984,138.3,125106,4957,ME,BC
20985,138.3,125109,1416,BM,OC
20986,138.3,125110,2610,ME,BC
20987,138.3,125113,3807,AE,BC
20988,138.3,125118,1421,EE,OC
20989,138.3,125119,2623,CS,BC
20990,138.3,125121,2338,BM,BC
20991,138.3,125122,2314,EE,SC
20992,138.3,125123,4934,CS,BC
20993,138.3,125125,2611,MD,OC
20994,138.3,125128,3826,ME,BC
20995,138.3,125129,1421,ME,OC
20996,138.3,125131,5990,EC,OC
20997,138.2,125133,5,MM,BC
20998,138.2,125134,1505,CS,MBC
20999,138.2,125138,4023,CE,SC
21000,138.2,125140,4994,EC,BC
21001,138.2,125146,2683,BM,SC
21002,138.2,125148,3425,ME,SC
21003,138.2,125149,1421,CS,BC
21004,138.2,125150,2328,EC,SCA
21005,138.2,125152,2639,CS,BC
21006,138.2,125157,2610,BM,BCM
21007,138.2,125160,1519,CS,BC
21008,138.2,125162,3806,EC,BC
21009,138.2,125163,2611,AG,SC
21010,138.2,125168,5502,ME,MBC
21011,138.2,125169,2707,CS,SC
21012,138.2,125171,3782,EC,BC
21013,138.2,125172,2609,EC,BC
21014,138.2,125174,1322,BM,MBC
21015,138.2,125177,2618,EE,SC
21016,138.2,125179,4953,ME,OC
21017,138.2,125180,1101,IT,SC
21018,138.2,125181,4972,EE,OC
21019,138.2,125182,2659,ME,OC
21020,138.2,125183,3786,AE,MBC
21021,138.2,125186,2314,EC,BC
21022,138.2,125187,2624,EC,OC
21023,138.2,125189,5,MM,BC
21024,138.2,125190,2743,ME,OC
21025,138.2,125191,4954,CS,SC
21026,138.2,125193,2643,CS,SC
21027,138.2,125194,1207,EC,BC
21028,138.2,125197,2621,MZ,MBC
21029,138.2,125198,3782,CS,BC
21030,138.2,125199,2630,EC,SC
21031,138.2,125200,3019,ME,BC
21032,138.2,125202,1525,CS,SC
21033,138.2,125203,1518,ME,OC
21034,138.2,125204,1513,CS,MBC
21035,138.2,125205,3806,EC,MBC
21036,138.2,125208,2661,EE,SC
21037,138.2,125209,2716,EE,OC
21038,138.2,125210,1137,CS,MBC
21039,138.1,125215,4952,CS,BC
21040,138.1,125217,1436,CS,BC
21041,138.1,125220,2632,EC,MBC
21042,138.1,125222,3918,CS,MBC
21043,138.1,125223,3843,EC,BC
21044,138.1,125224,2639,ME,MBC
21045,138.1,125228,1421,EC,MBC
21046,138.1,125229,4964,EE,OC
21047,138.1,125230,2716,EC,BC
21048,138.1,125233,1422,ME,SC
21049,138.1,125236,2747,ME,OC
21050,138.1,125237,1424,PE,BC
21051,138.1,125238,2630,EC,BC
21052,138.1,125240,2640,ME,OC
21053,138.1,125242,2621,EE,SCA
21054,138.1,125249,1303,AG,SC
21055,138.1,125251,2624,EC,OC
21056,138.1,125252,3918,EE,OC
21057,138.1,125253,1436,EC,OC
21058,138.1,125254,2624,EC,OC
21059,138.1,125255,2651,AD,BC
21060,138.1,125259,5921,ME,OC
21061,138.1,125260,1504,ME,BC
21062,138.1,125262,3855,CE,OC
21063,138.1,125263,2342,EC,BC
21064,138.1,125266,2360,MZ,OC
21065,138.1,125271,2634,AG,SC
21066,138.1,125272,2659,EC,BC
21067,138.1,125274,2611,CS,SC
21068,138.1,125279,3908,EC,BC
21069,138.1,125280,1402,EC,OC
21070,138.1,125282,2710,EE,SC
21071,138.0,125283,1322,AE,OC
21072,138.0,125284,4949,CS,BC
21073,138.0,125288,1318,IT,OC
21074,138.0,125290,3410,ME,OC
21075,138.0,125291,2627,ME,OC
21076,138.0,125298,4917,ME,BC
21077,138.0,125304,1322,BM,SC
21078,138.0,125306,1316,ME,SC
21079,138.0,125307,4984,IT,OC
21080,138.0,125309,4917,CE,MBC
21081,138.0,125310,1322,EE,OC
21082,138.0,125311,2763,EC,BC
21083,138.0,125314,2741,EC,SC
21084,138.0,125315,2341,ME,OC
21085,138.0,125316,3016,ME,SC
21086,138.0,125317,1106,EC,SC
21087,138.0,125319,2643,CS,SC
21088,138.0,125327,4969,CS,BC
21089,138.0,125328,2764,CS,SC
21090,138.0,125329,5022,ME,BC
21091,138.0,125330,2623,CS,BC
21092,138.0,125332,3804,EC,BC
21093,138.0,125334,2609,EC,BC
21094,138.0,125336,1202,EE,MBC
21095,138.0,125342,2622,CH,BCM
21096,138.0,125343,1504,BT,SC
21097,138.0,125345,1212,BM,SC
21098,138.0,125347,2722,ME,SC
21099,138.0,125349,2661,CE,OC
21100,138.0,125352,2622,CS,MBC
21101,138.0,125354,4960,BT,SC
21102,138.0,125364,2752,EC,SC
21103,138.0,125367,3464,EE,SCA
21104,138.0,125375,5017,ME,OC
21105,138.0,125376,2729,ME,BC
21106,138.0,125379,2349,CS,BC
21107,138.0,125388,3830,EE,MBC
21108,138.0,125389,1409,AD,MBC
21109,138.0,125396,4024,GI,MBC
21110,138.0,125398,4024,CE,BC
21111,138.0,125402,2345,CE,OC
21112,138.0,125405,2632,CS,SC
21113,138.0,125406,2659,ME,OC
21114,138.0,125407,4669,ME,OC
21115,138.0,125408,4933,CS,SC
21116,138.0,125410,4928,ME,BC
21117,138.0,125413,2642,IT,SCA
21118,138.0,125414,3701,EE,SC
21119,138.0,125418,2632,EC,BC
21120,138.0,125419,1316,MU,MBC
21121,138.0,125421,2610,CE,OC
21122,138.0,125424,3805,BM,SC
21123,138.0,125426,2762,CS,MBC
21124,138.0,125427,3860,ME,OC
21125,138.0,125430,2610,ME,MBC
21126,138.0,125431,1525,CS,SC
21127,138.0,125432,1207,CS,SC
21128,138.0,125433,2624,AD,SC
21129,138.0,125434,2648,ME,OC
21130,138.0,125435,2611,ME,OC
21131,138.0,125439,1525,CE,OC
21132,138.0,125440,2612,CS,OC
21133,138.0,125441,1322,EC,MBC
21134,138.0,125444,1510,EC,OC
21135,138.0,125445,1210,AD,SCA
21136,138.0,125446,2704,ME,SC
21137,138.0,125448,2630,EC,BC
21138,138.0,125449,2749,PE,OC
21139,138.0,125450,2673,CE,OC
21140,138.0,125451,1412,IT,SC
21141,138.0,125453,1207,CS,MBC
21142,138.0,125454,4670,EC,SC
21143,138.0,125457,2776,ME,OC
21144,138.0,125458,4917,CE,BC
21145,138.0,125459,2627,EC,OC
21146,138.0,125461,1106,EC,SC
21147,138.0,125462,4978,ME,OC
21148,138.0,125464,4941,EE,OC
21149,137.9,125467,3701,ME,ST
21150,137.9,125471,3806,EC,MBC
21151,137.9,125473,4917,ME,BC
21152,137.9,125474,1436,EE,OC
21153,137.9,125475,2624,CS,SC
21154,137.9,125476,1149,ME,SC
21155,137.9,125479,3760,AD,BCM
21156,137.9,125480,3801,EE,BC
21157,137.9,125481,1452,ME,SC
21158,137.9,125483,1414,EE,SC
21159,137.9,125491,2610,BT,MBC
21160,137.9,125492,5913,EC,SC
21161,137.9,125494,2715,ME,SCA
21162,137.9,125497,2314,CS,SC
21163,137.9,125503,1125,AE,OC
21164,137.9,125505,1430,ME,OC
21165,137.9,125506,3803,EE,SC
21166,137.9,125509,2609,EE,MBC
21167,137.8,125514,3814,CS,BC
21168,137.8,125518,1512,EE,OC
21169,137.8,125521,1137,CE,SC
21170,137.8,125522,3464,CE,SCA
21171,137.8,125525,5832,EC,SC
21172,137.8,125528,2636,EE,BC
21173,137.8,125529,2609,PU,BCM
21174,137.8,125531,2716,CS,SC
21175,137.8,125534,2327,EC,OC
21176,137.8,125535,1150,AG,OC
21177,137.8,125539,5865,EC,BC
21178,137.8,125541,3817,ME,OC
21179,137.8,125542,4675,EE,OC
21180,137.8,125544,1430,ME,OC
21181,137.8,125546,2621,MZ,MBC
21182,137.8,125547,3410,ME,OC
21183,137.8,125550,3795,ME,MBC
21184,137.8,125551,2634,AE,OC
21185,137.8,125553,2705,EE,OC
21186,137.8,125554,5915,ME,OC
21187,137.8,125555,2769,CS,MBC
21188,137.8,125557,3812,EC,BCM
21189,137.8,125560,1504,BT,SC
21190,137.8,125561,2659,CS,BC
21191,137.8,125562,2357,CS,SC
21192,137.8,125563,1431,ME,OC
21193,137.8,125566,1401,CE,OC
21194,137.8,125567,2634,CS,SC
21195,137.8,125569,2716,AE,OC
21196,137.8,125570,4967,EE,OC
21197,137.8,125571,3806,EC,BC
21198,137.8,125572,5022,ME,MBC
21199,137.8,125574,2651,AD,SC
21200,137.8,125577,2613,CE,BC
21201,137.8,125580,2659,CE,OC
21202,137.8,125581,3016,EE,SC
21203,137.8,125582,2341,EC,OC
21204,137.8,125586,1322,FD,MBC
21205,137.8,125588,2641,CS,BC
21206,137.8,125589,5935,CE,OC
21207,137.8,125590,1207,RM,BC
21208,137.8,125591,5912,EC,OC
21209,137.8,125593,2643,CS,SC
21210,137.7,125595,4996,CE,OC
21211,137.7,125596,3021,ME,BC
21212,137.7,125597,5990,ME,OC
21213,137.7,125598,2741,CE,SC
21214,137.7,125600,3425,ME,SC
21215,137.7,125601,2345,EC,MBC
21216,137.7,125603,2621,MZ,MBC
21217,137.7,125606,2617,EC,OC
21218,137.7,125609,5502,ME,MBC
21219,137.7,125610,2641,CS,MBC
21220,137.7,125613,2743,EC,BC
21221,137.7,125614,2618,EE,SC
21222,137.7,125617,1229,CS,SC
21223,137.7,125618,2328,ME,BC
21224,137.7,125620,2646,CS,BC
21225,137.7,125623,3701,CE,SC
21226,137.7,125626,2621,CE,BCM
21227,137.7,125627,2607,AD,SC
21228,137.7,125631,2360,ME,OC
21229,137.7,125634,5022,ME,BC
21230,137.7,125635,1412,IT,BC
21231,137.7,125636,2763,EC,BC
21232,137.7,125637,2609,PU,BC
21233,137.7,125640,2651,AD,SC
21234,137.7,125642,1106,EC,BC
21235,137.7,125643,3805,CE,OC
21236,137.7,125644,3812,ME,OC
21237,137.7,125648,3849,ME,OC
21238,137.7,125651,2758,CS,MBC
21239,137.7,125656,1518,IT,OC
21240,137.7,125658,1510,CS,MBC
21241,137.7,125659,2611,AG,BC
21242,137.7,125660,2640,CS,OC
21243,137.7,125662,2707,EC,ST
21244,137.7,125664,2752,IT,BCM
21245,137.7,125668,2610,MZ,OC
21246,137.6,125669,3425,CE,OC
21247,137.6,125671,1442,BM,BC
21248,137.6,125673,2734,IT,SC
21249,137.6,125674,4933,ME,OC
21250,137.6,125675,2609,EE,BC
21251,137.6,125677,5530,ME,BC
21252,137.6,125679,4670,ME,BCM
21253,137.6,125681,3817,BT,SC
21254,137.6,125682,3786,EE,BCM
21255,137.6,125683,2342,ME,BC
21256,137.6,125684,3849,ME,OC
21257,137.6,125685,1523,EC,SCA
21258,137.6,125686,5902,CS,BCM
21259,137.6,125687,1434,ME,OC
21260,137.6,125688,3760,ME,SC
21261,137.6,125690,2758,ME,OC
21262,137.6,125692,2628,CS,SC
21263,137.6,125694,3760,ME,SC
21264,137.6,125695,4944,EC,MBC
21265,137.6,125696,1207,ME,OC
21266,137.6,125698,2607,CS,SC
21267,137.6,125699,2612,CS,OC
21268,137.6,125701,2707,CD,MBC
21269,137.6,125702,3807,ME,OC
21270,137.6,125703,2769,CB,OC
21271,137.6,125706,3021,CE,SC
21272,137.6,125707,1434,EE,OC
21273,137.6,125708,3805,ME,MBC
21274,137.6,125714,2629,IT,SCA
21275,137.6,125716,2621,AE,MBC
21276,137.6,125720,3849,ME,OC
21277,137.6,125721,3806,BM,SCA
21278,137.6,125722,3843,ME,OC
21279,137.6,125723,3849,EC,OC
21280,137.6,125724,3011,XM,OC
21281,137.6,125731,2338,AG,SC
21282,137.6,125733,2642,EE,BC
21283,137.6,125734,3795,ME,BC
21284,137.6,125736,2729,AE,SCA
21285,137.6,125737,1504,CS,SC
21286,137.5,125739,2629,IT,BC
21287,137.5,125741,2734,ME,MBC
21288,137.5,125742,2769,PE,OC
21289,137.5,125743,2747,EE,MBC
21290,137.5,125744,2360,CS,SCA
21291,137.5,125745,4672,EE,BC
21292,137.5,125746,3843,ME,OC
21293,137.5,125747,1303,ME,SC
21294,137.5,125748,2743,ME,OC
21295,137.5,125749,1101,CE,OC
21296,137.5,125750,3760,AD,SC
21297,137.5,125754,3462,EE,OC
21298,137.5,125755,1427,EC,OC
21299,137.5,125756,2622,ME,MBC
21300,137.5,125761,2665,CS,BC
21301,137.5,125762,1322,BM,SC
21302,137.5,125763,1426,IT,MBC
21303,137.5,125764,1421,CS,MBC
21304,137.5,125765,1322,EC,BC
21305,137.5,125767,3812,EE,BC
21306,137.5,125770,3820,CS,BC
21307,137.5,125776,2748,ME,OC
21308,137.5,125777,1217,BM,SC
21309,137.5,125779,2762,AD,MBC
21310,137.5,125780,1421,CS,BC
21311,137.5,125783,2719,EI,SC
21312,137.5,125785,5990,CS,MBC
21313,137.5,125786,1126,AG,SC
21314,137.5,125788,2347,CS,MBC
21315,137.5,125793,1218,IT,SC
21316,137.5,125798,2628,AD,SC
21317,137.5,125799,1026,ME,BCM
21318,137.5,125800,2768,AO,OC
21319,137.5,125802,1218,RM,OC
21320,137.5,125810,2601,CH,MBC
21321,137.5,125816,1125,CS,MBC
21322,137.5,125821,3806,EC,BC
21323,137.5,125827,3805,BM,SCA
21324,137.5,125835,3843,ME,OC
21325,137.5,125836,3019,CE,SC
21326,137.5,125838,1120,CE,MBC
21327,137.5,125839,4996,CS,OC
21328,137.5,125841,1137,CS,SCA
21329,137.5,125842,2610,EE,BC
21330,137.5,125846,3805,BM,MBC
21331,137.5,125848,2601,ME,OC
21332,137.5,125849,2329,XS,SCA
21333,137.5,125852,1436,EC,OC
21334,137.5,125853,4967,ME,OC
21335,137.5,125854,2755,AG,MBC
21336,137.5,125857,5915,ME,OC
21337,137.5,125858,2716,IT,MBC
21338,137.5,125861,2726,AU,BC
21339,137.5,125862,1525,CE,OC
21340,137.5,125864,2642,EE,BCM
21341,137.5,125866,4677,ME,OC
21342,137.5,125868,3821,CS,SC
21343,137.5,125873,1116,EC,BCM
21344,137.5,125875,5865,ME,BC
21345,137.5,125878,4965,ME,BC
21346,137.5,125879,4678,CE,SC
21347,137.5,125882,2610,MZ,OC
21348,137.5,125884,2762,CS,MBC
21349,137.4,125886,5910,IT,MBC
21350,137.4,125887,2610,CE,OC
21351,137.4,125888,2302,ME,OC
21352,137.4,125889,1407,CS,BC
21353,137.4,125891,1303,ME,MBC
21354,137.4,125892,2706,EC,SC
21355,137.4,125896,2609,ME,MBC
21356,137.4,125899,1510,CS,SC
21357,137.4,125902,2721,IC,BC
21358,137.4,125904,2623,CS,MBC
21359,137.4,125905,1449,AG,OC
21360,137.4,125908,1408,EC,BC
21361,137.4,125909,3786,ME,OC
21362,137.4,125910,2657,EC,SC
21363,137.4,125912,1123,CS,BCM
21364,137.4,125913,2651,CE,OC
21365,137.4,125914,1124,MR,SC
21366,137.4,125917,1140,ME,MBC
21367,137.4,125920,3462,CS,BC
21368,137.4,125921,2614,EE,OC
21369,137.4,125922,3826,EE,MBC
21370,137.4,125923,2711,ME,SC
21371,137.4,125925,2621,MZ,BC
21372,137.4,125927,3760,CS,SC
21373,137.4,125928,2661,CS,MBC
21374,137.4,125931,3021,ME,BC
21375,137.4,125932,3801,ME,MBC
21376,137.4,125935,3782,CS,SC
21377,137.4,125936,2609,CY,SC
21378,137.4,125938,3807,EC,BC
21379,137.4,125939,1207,CS,SC
21380,137.4,125940,1241,ME,OC
21381,137.4,125941,3815,EC,BC
21382,137.4,125943,2624,PH,BC
21383,137.4,125947,1441,CS,MBC
21384,137.4,125950,3806,ME,BC
21385,137.4,125951,5,CH,ST
21386,137.4,125952,3806,EC,MBC
21387,137.4,125953,1301,EE,BC
21388,137.4,125954,2729,EE,BCM
21389,137.4,125955,2707,XM,OC
21390,137.4,125956,2357,AD,SC
21391,137.4,125958,3410,EE,BC
21392,137.4,125959,4675,EC,BC
21393,137.4,125960,2610,RM,MBC
21394,137.3,125962,5913,EC,BC
21395,137.3,125963,1518,IT,OC
21396,137.3,125966,2610,EC,MBC
21397,137.3,125968,2713,IT,BCM
21398,137.3,125969,2341,EE,OC
21399,137.3,125971,3829,ME,OC
21400,137.3,125972,2609,FD,SC
21401,137.3,125973,1149,EE,SC
21402,137.3,125974,2314,EE,BC
21403,137.3,125976,4999,CE,OC
21404,137.3,125977,2683,BM,SC
21405,137.3,125978,2683,BM,SC
21406,137.3,125979,3826,ME,SC
21407,137.3,125981,2715,BM,BC
21408,137.3,125983,1238,EC,MBC
21409,137.3,125984,2630,EC,SC
21410,137.3,125985,2302,ME,OC
21411,137.3,125986,2611,BM,BC
21412,137.3,125990,2606,CS,SC
21413,137.3,125991,2641,CE,OC
21414,137.3,125992,2622,BT,ST
21415,137.3,125993,1503,CS,BC
21416,137.3,125995,4971,IT,SC
21417,137.3,125996,4957,ME,BCM
21418,137.3,125998,2710,EE,SC
21419,137.3,125999,4675,EC,BC
21420,137.3,126000,1317,ME,SC
21421,137.3,126001,2628,EE,OC
21422,137.3,126003,4989,CS,BC
21423,137.3,126005,2636,EE,SC
21424,137.3,126007,2732,EC,OC
21425,137.3,126009,1517,ME,OC
21426,137.3,126015,2715,EC,MBC
21427,137.3,126016,2747,EE,MBC
21428,137.3,126018,2643,CS,SC
21429,137.3,126019,2749,EC,BC
21430,137.3,126022,4676,EC,BC
21431,137.3,126026,2621,EE,BC
21432,137.3,126027,3462,CS,BC
21433,137.3,126029,4955,CE,SC
21434,137.3,126030,2652,EE,OC
21435,137.3,126032,2737,IT,BC
21436,137.3,126034,1411,EE,OC
21437,137.2,126035,4023,XM,OC
21438,137.2,126036,2609,PU,SC
21439,137.2,126038,5990,EC,OC
21440,137.2,126043,1207,ME,OC
21441,137.2,126046,2623,CS,BC
21442,137.2,126047,2776,MZ,SC
21443,137.2,126048,3811,EC,BCM
21444,137.2,126050,3908,ME,OC
21445,137.2,126051,3806,ME,SC
21446,137.2,126053,4980,ME,BC
21447,137.2,126058,4946,ME,OC
21448,137.2,126059,1230,EC,SC
21449,137.2,126060,5865,EE,BC
21450,137.2,126061,2726,CE,MBC
21451,137.2,126062,1441,EE,OC
21452,137.2,126063,1317,CE,SC
21453,137.2,126066,1431,IT,SC
21454,137.2,126069,2708,EC,SC
21455,137.2,126073,5990,ME,OC
21456,137.2,126074,2769,BC,BC
21457,137.2,126075,3805,CE,OC
21458,137.2,126077,2683,BM,MBC
21459,137.2,126078,2623,CS,MBC
21460,137.2,126080,2329,AD,SC
21461,137.2,126081,1518,CS,OC
21462,137.2,126085,1445,CS,OC
21463,137.2,126086,1229,EC,OC
21464,137.2,126090,2648,EC,OC
21465,137.2,126091,3462,CS,BC
21466,137.2,126093,1238,EE,OC
21467,137.1,126096,2646,CE,OC
21468,137.1,126098,2634,EC,SC
21469,137.1,126100,5902,ME,OC
21470,137.1,126101,4971,ME,SC
21471,137.1,126105,2643,EC,SC
21472,137.1,126106,3782,ME,OC
21473,137.1,126108,3817,ME,OC
21474,137.1,126109,2628,EE,OC
21475,137.1,126113,2632,CS,BCM
21476,137.1,126114,2630,CS,SC
21477,137.1,126118,3815,TX,OC
21478,137.1,126119,1133,CS,BC
21479,137.1,126120,5532,EE,BC
21480,137.1,126123,3456,CS,MBC
21481,137.1,126125,2624,AD,SC
21482,137.1,126126,3805,EE,MBC
21483,137.1,126127,2749,EC,BC
21484,137.1,126129,3019,EE,BC
21485,137.1,126132,2349,CS,BC
21486,137.1,126134,3815,ME,OC
21487,137.1,126136,3805,EC,MBC
21488,137.1,126137,1412,CS,SC
21489,137.1,126141,1412,EC,BC
21490,137.1,126142,2624,AD,MBC
21491,137.1,126144,4981,CE,OC
21492,137.1,126146,2659,CE,OC
21493,137.1,126149,2736,ME,BCM
21494,137.1,126150,2338,BM,SCA
21495,137.1,126151,2329,ME,MBC
21496,137.1,126154,2345,CS,BCM
21497,137.0,126155,2650,ME,OC
21498,137.0,126157,3456,CS,SC
21499,137.0,126158,1421,CS,BC
21500,137.0,126159,2610,EE,BC
21501,137.0,126160,1413,EC,SC
21502,137.0,126163,4969,EC,OC
21503,137.0,126164,4934,CS,BC
21504,137.0,126165,4675,EC,BC
21505,137.0,126166,1430,ME,OC
21506,137.0,126167,2613,CS,SC
21507,137.0,126168,4969,EC,OC
21508,137.0,126169,1316,CH,MBC
21509,137.0,126172,1106,EI,OC
21510,137.0,126173,2715,CH,MBC
21511,137.0,126175,4964,CS,SC
21512,137.0,126176,2707,AD,MBC
21513,137.0,126178,4680,ME,BC
21514,137.0,126179,2715,CE,OC
21515,137.0,126180,2612,EC,OC
21516,137.0,126181,2683,EE,OC
21517,137.0,126186,3831,IT,OC
21518,137.0,126187,1127,BT,BC
21519,137.0,126188,2716,GI,BC
21520,137.0,126191,2328,ME,SC
21521,137.0,126192,2721,ME,OC
21522,137.0,126193,5930,ME,OC
21523,137.0,126194,2721,IC,BC
21524,137.0,126196,3803,CH,BC
21525,137.0,126197,5904,ME,MBC
21526,137.0,126198,1519,IT,SC
21527,137.0,126200,1405,EC,BC
21528,137.0,126204,1101,EC,BC
21529,137.0,126206,2721,CE,MBC
21530,137.0,126207,2704,EE,SC
21531,137.0,126210,2611,EE,MBC
21532,137.0,126212,2750,AE,MBC
21533,137.0,126213,2740,PH,SC
21534,137.0,126214,2734,EC,SC
21535,137.0,126217,2736,IT,SC
21536,137.0,126219,1504,EE,MBC
21537,137.0,126228,1409,EC,BC
21538,137.0,126232,2611,ME,BC
21539,137.0,126235,3829,EC,BC
21540,137.0,126244,3795,ME,BC
21541,137.0,126245,1158,MR,OC
21542,137.0,126267,3857,CS,OC
21543,137.0,126268,2721,ME,MBC
21544,137.0,126269,4989,CS,MBC
21545,137.0,126271,2623,CS,MBC
21546,137.0,126274,5914,CS,MBC
21547,137.0,126275,1524,CS,OC
21548,137.0,126276,3462,ME,OC
21549,137.0,126280,2628,CS,SC
21550,137.0,126282,4954,ME,MBC
21551,137.0,126283,3825,EC,MBC
21552,137.0,126285,1123,EC,MBC
21553,137.0,126286,2611,MD,OC
21554,137.0,126288,2747,EC,MBC
21555,137.0,126293,1430,ME,OC
21556,137.0,126294,1123,AE,SC
21557,137.0,126296,3826,CE,BC
21558,137.0,126297,2611,CH,OC
21559,137.0,126303,2642,IT,BC
21560,137.0,126306,2639,IT,MBC
21561,137.0,126307,4024,ME,MBC
21562,137.0,126308,2609,CS,BCM
21563,137.0,126309,1322,BM,SC
21564,137.0,126310,2743,AG,MBC
21565,137.0,126313,3810,AG,BC
21566,137.0,126316,2609,EE,MBC
21567,137.0,126317,2609,EC,BC
21568,137.0,126318,2651,CS,BCM
21569,137.0,126319,2639,IT,BC
21570,136.9,126322,2734,CD,SC
21571,136.9,126328,2642,EE,MBC
21572,136.9,126329,2628,AU,OC
21573,136.9,126331,1512,CS,MBC
21574,136.9,126333,1441,EE,OC
21575,136.9,126336,2749,CS,SC
21576,136.9,126337,2611,CS,SC
21577,136.9,126338,1110,EE,SC
21578,136.9,126341,1316,CH,SC
21579,136.9,126342,2659,CE,OC
21580,136.9,126344,1434,ME,OC
21581,136.9,126346,3805,AE,MBC
21582,136.9,126348,2338,CS,SC
21583,136.9,126349,1126,EC,SC
21584,136.9,126350,5,ME,BC
21585,136.9,126352,2768,EC,OC
21586,136.9,126353,2715,AG,BC
21587,136.9,126354,2328,EC,SC
21588,136.9,126355,2606,CS,BC
21589,136.9,126357,2329,XS,SC
21590,136.9,126358,4933,EC,SC
21591,136.9,126359,5530,CS,SC
21592,136.9,126360,3843,ME,OC
21593,136.9,126362,3810,AD,MBC
21594,136.9,126363,2769,EE,OC
21595,136.9,126366,4917,ME,BCM
21596,136.9,126368,3920,ME,OC
21597,136.9,126373,1441,EE,OC
21598,136.9,126374,2741,EC,MBC
21599,136.9,126375,3830,AD,SCA
21600,136.9,126376,2717,CS,OC
21601,136.9,126377,1202,ME,SC
21602,136.9,126380,3843,ME,OC
21603,136.9,126381,1202,ME,BC
21604,136.9,126382,1430,CS,SC
21605,136.8,126386,1319,CS,BC
21606,136.8,126387,3461,CS,SC
21607,136.8,126390,3821,CS,MBC
21608,136.8,126391,5919,EE,OC
21609,136.8,126393,2634,IT,BCM
21610,136.8,126394,2707,IT,SC
21611,136.8,126396,1322,BM,SC
21612,136.8,126399,3849,CS,SC
21613,136.8,126401,4957,ME,BC
21614,136.8,126402,2652,CS,BCM
21615,136.8,126408,1517,IT,BC
21616,136.8,126409,2628,EE,OC
21617,136.8,126410,1424,CS,MBC
21618,136.8,126414,1409,CS,SC
21619,136.8,126415,1510,EE,OC
21620,136.8,126419,2646,EE,OC
21621,136.8,126420,3801,ME,SC
21622,136.8,126421,4960,ME,SC
21623,136.8,126422,2713,CS,SC
21624,136.8,126423,2623,CS,MBC
21625,136.8,126425,2729,MZ,MBC
21626,136.8,126428,2624,EC,OC
21627,136.8,126429,1424,PE,MBC
21628,136.8,126431,2683,ME,OC
21629,136.8,126433,2611,AE,MBC
21630,136.8,126434,3841,ME,OC
21631,136.8,126436,2634,ME,OC
21632,136.8,126441,3829,EC,SC
21633,136.8,126444,1424,PE,MBC
21634,136.8,126445,1441,EC,OC
21635,136.8,126447,1137,EC,OC
21636,136.8,126449,4970,ME,OC
21637,136.8,126452,3805,BM,SC
21638,136.8,126454,1237,ME,MBC
21639,136.8,126455,2659,CS,BC
21640,136.8,126456,2347,EC,BC
21641,136.8,126458,2611,ME,MBC
21642,136.8,126461,5832,ME,SC
21643,136.8,126463,1431,EC,BC
21644,136.8,126464,1426,CS,MBC
21645,136.8,126465,2611,CS,BCM
21646,136.8,126467,1408,EC,BC
21647,136.8,126468,4949,MZ,OC
21648,136.8,126471,2609,AD,SCA
21649,136.8,126472,1243,EC,OC
21650,136.8,126473,2748,CS,OC
21651,136.7,126476,1519,IT,MBC
21652,136.7,126477,2609,ME,BC
21653,136.7,126481,4969,CE,OC
21654,136.7,126482,2659,CS,BC
21655,136.7,126483,2749,EC,BC
21656,136.7,126484,3826,ME,MBC
21657,136.7,126485,1412,ME,OC
21658,136.7,126486,4981,EE,BC
21659,136.7,126487,1430,ME,OC
21660,136.7,126488,2632,EC,BC
21661,136.7,126491,1525,EE,OC
21662,136.7,126492,2609,EE,BC
21663,136.7,126493,3807,EC,BC
21664,136.7,126494,3833,ME,OC
21665,136.7,126495,4949,MZ,OC
21666,136.7,126496,2659,EE,OC
21667,136.7,126497,2747,EE,MBC
21668,136.7,126498,3849,EC,OC
21669,136.7,126499,1137,EE,OC
21670,136.7,126500,1319,CS,MBC
21671,136.7,126501,2624,IT,BC
21672,136.7,126503,2612,CS,OC
21673,136.7,126504,3016,EE,BC
21674,136.7,126505,2347,ME,MBC
21675,136.7,126506,3905,EE,SC
21676,136.7,126507,4675,CE,OC
21677,136.7,126508,1424,ME,OC
21678,136.7,126509,1408,IT,SC
21679,136.7,126513,2647,CS,OC
21680,136.7,126515,3905,ME,SC
21681,136.7,126516,4672,CE,BC
21682,136.7,126517,2624,AD,MBC
21683,136.7,126518,2606,EC,MBC
21684,136.7,126521,2707,EI,MBC
21685,136.7,126524,2740,ME,SC
21686,136.7,126525,1519,CS,BC
21687,136.7,126526,1519,CS,SCA
21688,136.7,126528,1405,ME,BC
21689,136.6,126529,2651,AD,SC
21690,136.6,126530,1408,ME,OC
21691,136.6,126531,4984,CS,BC
21692,136.6,126534,2632,BM,SCA
21693,136.6,126535,3456,CS,SC
21694,136.6,126536,3760,ME,SC
21695,136.6,126537,1101,EE,OC
21696,136.6,126538,1216,ME,SC
21697,136.6,126539,4975,CS,SC
21698,136.6,126540,3018,EE,MBC
21699,136.6,126543,2327,EC,OC
21700,136.6,126544,5914,CE,OC
21701,136.6,126545,1411,CS,SC
21702,136.6,126546,2642,EE,MBC
21703,136.6,126548,4676,EC,SC
21704,136.6,126549,1316,CH,SC
21705,136.6,126550,1519,CS,SC
21706,136.6,126551,3019,XM,OC
21707,136.6,126553,5832,EE,OC
21708,136.6,126554,1207,CS,SC
21709,136.6,126556,1013,ME,SCA
21710,136.6,126557,2708,ME,SC
21711,136.6,126558,2769,FD,BC
21712,136.6,126559,3018,ME,OC
21713,136.6,126561,3410,EE,SC
21714,136.6,126562,2713,IT,BC
21715,136.6,126564,4957,EC,OC
21716,136.6,126566,4957,EC,OC
21717,136.6,126567,2640,CS,OC
21718,136.6,126570,3908,EE,SC
21719,136.6,126573,4980,EE,OC
21720,136.6,126577,2764,AD,SC
21721,136.6,126578,4964,EC,BC
21722,136.6,126580,2770,CS,OC
21723,136.6,126581,3820,EE,OC
21724,136.6,126582,2609,CY,SC
21725,136.6,126584,1319,CS,BCM
21726,136.6,126586,2360,CS,SC
21727,136.6,126587,3852,EC,OC
21728,136.5,126590,1412,CS,SC
21729,136.5,126591,1222,IT,OC
21730,136.5,126593,2627,CS,BC
21731,136.5,126594,3833,ME,OC
21732,136.5,126596,3018,ME,MBC
21733,136.5,126599,2612,CS,OC
21734,136.5,126600,2642,EE,MBC
21735,136.5,126603,2643,EE,OC
21736,136.5,126605,4949,ME,OC
21737,136.5,126606,2650,CS,BCM
21738,136.5,126608,2632,EC,MBC
21739,136.5,126609,2707,BM,MBC
21740,136.5,126610,4975,EC,BC
21741,136.5,126611,3805,ME,MBC
21742,136.5,126617,4670,EC,BCM
21743,136.5,126618,3804,AG,OC
21744,136.5,126620,1408,CE,BC
21745,136.5,126622,1218,EE,OC
21746,136.5,126628,1106,CS,SC
21747,136.5,126629,2601,BM,MBC
21748,136.5,126635,2609,IT,SC
21749,136.5,126637,2721,IC,MBC
21750,136.5,126639,1513,IT,MBC
21751,136.5,126644,2613,AU,OC
21752,136.5,126650,5910,AD,SC
21753,136.5,126653,1120,CS,SCA
21754,136.5,126656,1110,BT,BCM
21755,136.5,126658,2601,CE,OC
21756,136.5,126659,3815,CS,BC
21757,136.5,126660,3021,CE,SC
21758,136.5,126661,1217,AD,SC
21759,136.5,126663,1422,EE,SC
21760,136.5,126673,2755,CS,SC
21761,136.5,126674,1303,ME,SC
21762,136.5,126675,2768,CS,MBC
21763,136.5,126676,2628,EE,OC
21764,136.5,126678,2624,IT,BC
21765,136.5,126680,2683,CS,MBC
21766,136.5,126681,2734,IT,SCA
21767,136.5,126683,3462,CS,MBC
21768,136.5,126684,1316,BM,SC
21769,136.5,126685,2346,CS,OC
21770,136.5,126686,2345,AD,BC
21771,136.5,126689,2661,EE,BC
21772,136.5,126690,1436,EE,OC
21773,136.5,126693,2632,EC,MBC
21774,136.5,126694,4675,EC,BC
21775,136.5,126695,5912,EE,OC
21776,136.5,126697,1509,ME,OC
21777,136.4,126699,3848,CE,OC
21778,136.4,126703,4994,EC,BC
21779,136.4,126704,5,ME,MBC
21780,136.4,126708,2609,IT,SC
21781,136.4,126710,5,ME,MBC
21782,136.4,126711,1414,ME,BC
21783,136.4,126712,1605,CS,BC
21784,136.4,126713,2621,ME,BCM
21785,136.4,126715,3805,BM,BC
21786,136.4,126717,3843,CS,BCM
21787,136.4,126721,4967,EC,OC
21788,136.4,126723,2611,ME,BC
21789,136.4,126724,2623,CS,MBC
21790,136.4,126725,2338,BM,SC
21791,136.4,126726,2743,EC,SC
21792,136.4,126729,4957,EC,OC
21793,136.4,126730,4917,BT,MBC
21794,136.4,126736,2640,AD,OC
21795,136.4,126737,3795,ME,BC
21796,136.4,126740,3410,EC,BC
21797,136.4,126742,4964,CS,SCA
21798,136.4,126744,2601,AE,OC
21799,136.4,126745,2702,EI,SC
21800,136.4,126747,1424,ME,OC
21801,136.4,126748,2659,CS,SCA
21802,136.4,126749,3410,ME,OC
21803,136.4,126751,3918,CS,BC
21804,136.4,126752,3811,ME,OC
21805,136.4,126754,2726,FD,MBC
21806,136.4,126755,3466,CS,OC
21807,136.4,126756,3701,CE,BC
21808,136.3,126757,3811,ME,OC
21809,136.3,126758,2609,CY,SC
21810,136.3,126759,5912,EE,OC
21811,136.3,126760,2609,FD,MBC
21812,136.3,126763,5913,ME,OC
21813,136.3,126764,1412,CS,SCA
21814,136.3,126772,5536,CS,SC
21815,136.3,126774,2745,AD,MBC
21816,136.3,126776,2743,AD,SC
21817,136.3,126779,3843,CS,SC
21818,136.3,126780,1238,EE,OC
21819,136.3,126781,2642,CE,OC
21820,136.3,126787,2613,SF,MBC
21821,136.3,126789,1437,CS,OC
21822,136.3,126790,5017,XM,OC
21823,136.3,126791,3805,ME,SC
21824,136.3,126793,3795,ME,SC
21825,136.3,126794,2657,EC,BC
21826,136.3,126795,3760,CS,BC
21827,136.3,126797,1525,ME,OC
21828,136.3,126798,1127,ME,OC
21829,136.3,126803,2731,PD,BCM
21830,136.3,126804,3829,EC,SC
21831,136.3,126809,3806,EC,BC
21832,136.3,126810,3812,EC,MBC
21833,136.3,126811,4927,CS,BC
21834,136.2,126814,2629,IT,MBC
21835,136.2,126816,3843,CS,SC
21836,136.2,126817,2617,EC,OC
21837,136.2,126819,5536,EE,MBC
21838,136.2,126820,2636,ME,ST
21839,136.2,126821,2338,AG,SC
21840,136.2,126822,2630,EE,SC
21841,136.2,126823,3810,ME,OC
21842,136.2,126824,2630,ME,MBC
21843,136.2,126825,5,ME,MBC
21844,136.2,126826,2609,FD,MBC
21845,136.2,126827,2705,ME,OC
21846,136.2,126829,2642,ME,OC
21847,136.2,126830,2641,ME,OC
21848,136.2,126831,2314,AG,MBC
21849,136.2,126834,2611,EC,BCM
21850,136.2,126835,2338,AG,SCA
21851,136.2,126839,3701,ME,SC
21852,136.2,126841,1316,MZ,MBC
21853,136.2,126842,5902,ME,OC
21854,136.2,126845,1122,CE,MBC
21855,136.2,126846,2717,CS,OC
21856,136.2,126847,3806,ME,SC
21857,136.2,126848,2737,IT,BC
21858,136.2,126850,1518,CS,OC
21859,136.2,126853,1317,CE,SC
21860,136.2,126854,2642,ME,OC
21861,136.2,126856,5530,ME,BC
21862,136.2,126857,1411,BT,BC
21863,136.2,126858,5,CZ,BC
21864,136.2,126859,1501,CS,SC
21865,136.2,126860,2617,EC,OC
21866,136.2,126861,2601,CH,MBC
21867,136.2,126862,2609,EE,BC
21868,136.2,126863,1216,IT,SCA
21869,136.2,126864,1412,ME,OC
21870,136.2,126868,1116,EE,OC
21871,136.1,126871,2643,EC,SC
21872,136.1,126872,2620,EE,SC
21873,136.1,126873,1333,ME,OC
21874,136.1,126874,3812,CS,SC
21875,136.1,126877,3826,CE,BC
21876,136.1,126878,2360,CS,MBC
21877,136.1,126879,2776,CE,OC
21878,136.1,126880,1504,CS,SC
21879,136.1,126881,1420,ME,BC
21880,136.1,126887,3860,EE,OC
21881,136.1,126889,1014,CE,MBC
21882,136.1,126890,5536,EC,SC
21883,136.1,126892,2659,CS,MBC
21884,136.1,126893,5910,CB,MBC
21885,136.1,126896,2610,MZ,OC
21886,136.1,126898,3786,AE,BC
21887,136.1,126899,2607,MZ,BC
21888,136.1,126903,3814,EC,OC
21889,136.1,126905,2749,ME,OC
21890,136.1,126912,2611,ME,MBC
21891,136.1,126915,2638,IT,SC
21892,136.1,126921,2707,BM,BC
21893,136.1,126922,3825,CS,MBC
21894,136.1,126923,3795,ME,SC
21895,136.1,126924,1301,EC,BC
21896,136.1,126925,1133,ME,OC
21897,136.0,126927,2610,MZ,OC
21898,136.0,126928,3802,CS,OC
21899,136.0,126929,2632,ME,OC
21900,136.0,126930,3920,EE,OC
21901,136.0,126934,3920,CE,OC
21902,136.0,126935,3760,ME,MBC
21903,136.0,126936,3801,IC,OC
21904,136.0,126937,2314,EE,MBC
21905,136.0,126938,1437,EC,OC
21906,136.0,126940,1325,ME,SC
21907,136.0,126941,1518,EE,OC
21908,136.0,126944,2707,AD,MBC
21909,136.0,126945,1402,EE,OC
21910,136.0,126946,4672,CE,SCA
21911,136.0,126948,1015,XM,OC
21912,136.0,126949,3810,CS,SC
21913,136.0,126950,1408,EC,BC
21914,136.0,126951,1421,EE,OC
21915,136.0,126961,1123,CS,MBC
21916,136.0,126962,2646,EE,OC
21917,136.0,126965,2748,EC,OC
21918,136.0,126966,4971,ME,MBC
21919,136.0,126968,1116,ME,OC
21920,136.0,126971,3810,EE,BCM
21921,136.0,126978,2632,BM,BC
21922,136.0,126982,3760,CS,BC
21923,136.0,126984,1137,EC,MBC
21924,136.0,126988,5902,EC,OC
21925,136.0,126989,2653,CS,SC
21926,136.0,126990,4864,CS,BCM
21927,136.0,126992,1408,IT,SC
21928,136.0,127002,1316,AD,SC
21929,136.0,127006,1509,ME,OC
21930,136.0,127020,2708,MZ,MBC
21931,136.0,127031,4961,EE,OC
21932,136.0,127039,1407,MR,MBC
21933,136.0,127040,3805,ME,BC
21934,136.0,127042,1207,BM,SC
21935,136.0,127045,2636,EE,BC
21936,136.0,127046,3760,ME,SC
21937,136.0,127047,2653,ME,MBC
21938,136.0,127048,1421,ME,OC
21939,136.0,127049,1405,EE,BC
21940,136.0,127050,1519,IT,MBC
21941,136.0,127055,2639,ME,MBC
21942,136.0,127059,3820,CS,SC
21943,136.0,127061,1412,CS,MBC
21944,136.0,127062,2357,CS,SC
21945,136.0,127064,4976,AE,OC
21946,136.0,127065,1307,CS,ST
21947,136.0,127068,1013,XM,OC
21948,136.0,127069,2609,CE,OC
21949,136.0,127071,2715,ME,MBC
21950,136.0,127073,3843,EC,MBC
21951,136.0,127075,1207,RM,MBC
21952,136.0,127077,2717,CS,OC
21953,136.0,127079,2652,CS,BCM
21954,136.0,127081,2745,EC,BC
21955,135.9,127084,3810,EC,SC
21956,135.9,127085,4917,CS,SC
21957,135.9,127087,1424,EE,MBC
21958,135.9,127088,2314,EE,BC
21959,135.9,127089,3410,ME,OC
21960,135.9,127090,1301,EC,BC
21961,135.9,127093,1441,CS,BC
21962,135.9,127095,2610,CS,ST
21963,135.9,127097,4917,ME,BCM
21964,135.9,127098,5703,CS,BC
21965,135.9,127099,4980,ME,BC
21966,135.9,127101,1301,CE,OC
21967,135.9,127103,1202,EE,MBC
21968,135.9,127106,2769,AD,MBC
21969,135.9,127107,2347,EE,SC
21970,135.9,127110,1319,CS,MBC
21971,135.9,127111,5915,EC,SC
21972,135.9,127114,1430,EC,SC
21973,135.8,127116,1212,CS,SC
21974,135.8,127117,1421,CS,BC
21975,135.8,127120,2659,CS,BC
21976,135.8,127121,1431,CS,MBC
21977,135.8,127123,3849,CS,SC
21978,135.8,127125,4953,ME,OC
21979,135.8,127127,1412,IT,SC
21980,135.8,127129,2715,ME,MBC
21981,135.8,127132,1444,CS,OC
21982,135.8,127133,1416,CS,SC
21983,135.8,127134,3760,ME,BC
21984,135.8,127135,1426,IT,MBC
21985,135.8,127136,2735,ME,MBC
21986,135.8,127137,2314,AG,SC
21987,135.8,127138,2769,EC,BC
21988,135.8,127139,3805,CE,BCM
21989,135.8,127140,2735,ME,BCM
21990,135.8,127143,1207,EC,MBC
21991,135.8,127148,2302,EC,OC
21992,135.8,127149,1503,CS,MBC
21993,135.8,127150,2357,CE,BC
21994,135.8,127153,3456,EE,OC
21995,135.8,127154,4965,ME,BC
21996,135.8,127155,5022,CE,BC
21997,135.8,127158,4981,EC,MBC
21998,135.8,127160,1412,CS,SC
21999,135.8,127161,3829,EC,BC
22000,135.8,127162,2623,CS,SC
22001,135.8,127163,1523,EE,OC
22002,135.8,127169,2611,CE,OC
22003,135.8,127170,4678,EC,MBC
22004,135.8,127175,4955,ME,SCA
22005,135.8,127176,4023,IT,SCA
22006,135.8,127177,2683,AG,OC
22007,135.8,127180,3829,IT,BC
22008,135.8,127181,2776,CE,OC
22009,135.8,127182,5502,EC,BC
22010,135.8,127185,4964,CS,SC
22011,135.8,127187,3820,CS,BC
22012,135.8,127189,1318,CS,OC
22013,135.8,127191,1115,AD,MBC
22014,135.8,127193,2636,ME,MBC
22015,135.8,127194,4929,CS,OC
22016,135.8,127202,4996,CS,BC
22017,135.8,127205,2764,CH,MBC
22018,135.8,127207,4917,ME,MBC
22019,135.8,127208,3817,EC,OC
22020,135.8,127210,1411,EC,OC
22021,135.8,127212,2659,ME,OC
22022,135.8,127213,1125,CS,BC
22023,135.7,127219,2623,CS,BC
22024,135.7,127221,3905,ME,MBC
22025,135.7,127224,2715,BM,BC
22026,135.7,127225,2643,EC,MBC
22027,135.7,127227,3805,BM,SC
22028,135.7,127228,2634,ME,OC
22029,135.7,127229,2639,EE,MBC
22030,135.7,127230,2606,AE,OC
22031,135.7,127231,4928,ME,BC
22032,135.7,127233,2729,ME,BCM
22033,135.7,127236,2611,ME,SC
22034,135.7,127237,1116,ME,OC
22035,135.7,127238,2732,ME,OC
22036,135.7,127240,5017,EE,MBC
22037,135.7,127242,2741,EC,SC
22038,135.7,127243,1512,IT,OC
22039,135.7,127244,1411,CS,BC
22040,135.7,127245,2726,ME,MBC
22041,135.7,127246,2327,ME,OC
22042,135.7,127248,1133,CS,BC
22043,135.7,127249,2632,EC,SC
22044,135.7,127251,2634,AG,MBC
22045,135.7,127252,1519,CS,SCA
22046,135.7,127254,3016,ME,MBC
22047,135.7,127256,3410,CS,BC
22048,135.7,127258,3843,EE,MBC
22049,135.7,127262,2731,PD,BC
22050,135.7,127263,1409,ME,OC
22051,135.7,127264,2621,EE,BC
22052,135.7,127265,1518,ME,OC
22053,135.7,127267,3806,ME,SC
22054,135.7,127270,2636,ME,BCM
22055,135.7,127271,2610,EE,MBC
22056,135.7,127273,3841,ME,OC
22057,135.7,127274,4946,EC,OC
22058,135.7,127275,1401,EC,SC
22059,135.6,127279,4933,ME,OC
22060,135.6,127280,2683,ME,OC
22061,135.6,127288,3849,IT,BC
22062,135.6,127292,2683,BM,SC
22063,135.6,127293,4928,EE,OC
22064,135.6,127294,2659,EE,MBC
22065,135.6,127295,2726,EE,MBC
22066,135.6,127296,2625,ME,OC
22067,135.6,127297,2647,CS,OC
22068,135.6,127298,4946,ME,OC
22069,135.6,127299,3820,CE,OC
22070,135.6,127300,2743,BM,MBC
22071,135.6,127305,2726,EE,SC
22072,135.6,127306,2607,IT,SC
22073,135.6,127307,2731,EE,SC
22074,135.6,127310,5904,ME,BCM
22075,135.6,127316,1303,ME,BC
22076,135.6,127317,2639,IT,MBC
22077,135.6,127319,1207,EC,MBC
22078,135.6,127320,2707,CE,SC
22079,135.6,127321,4953,CE,OC
22080,135.6,127322,2755,FD,MBC
22081,135.6,127327,1421,EE,OC
22082,135.6,127337,2719,ME,SC
22083,135.6,127340,4970,EE,OC
22084,135.6,127342,2328,EE,MBC
22085,135.6,127343,2611,ME,MBC
22086,135.5,127345,3807,AE,BC
22087,135.5,127347,2634,ME,OC
22088,135.5,127348,4975,EC,BC
22089,135.5,127350,2628,AU,OC
22090,135.5,127353,3821,CS,SC
22091,135.5,127355,2707,AD,MBC
22092,135.5,127357,2642,EC,SC
22093,135.5,127359,4960,CE,MBC
22094,135.5,127360,2713,CS,MBC
22095,135.5,127361,3466,ME,OC
22096,135.5,127365,2642,ME,OC
22097,135.5,127366,4024,EE,MBC
22098,135.5,127367,2726,CE,BC
22099,135.5,127370,1116,EC,SC
22100,135.5,127371,3016,CE,OC
22101,135.5,127372,1333,CS,OC
22102,135.5,127379,1322,EC,MBC
22103,135.5,127382,4944,EC,BC
22104,135.5,127385,4955,EE,SC
22105,135.5,127386,1322,EE,OC
22106,135.5,127390,2702,AU,SC
22107,135.5,127406,1127,BT,SC
22108,135.5,127414,3815,CS,BC
22109,135.5,127419,2718,CE,SCA
22110,135.5,127422,3830,CB,SC
22111,135.5,127424,3830,EC,SC
22112,135.5,127425,1218,EC,BC
22113,135.5,127431,2729,MZ,MBC
22114,135.5,127432,2611,AG,SC
22115,135.5,127435,3425,EE,SC
22116,135.5,127437,2624,AD,BC
22117,135.5,127438,2610,BT,SC
22118,135.5,127439,2758,ME,OC
22119,135.5,127440,2755,FD,SC
22120,135.5,127441,2731,ME,SC
22121,135.5,127442,3454,BM,SCA
22122,135.5,127450,1116,EC,MBC
22123,135.5,127454,2302,BM,SC
22124,135.5,127455,2614,EC,OC
22125,135.4,127456,2636,EC,SC
22126,135.4,127458,2715,ME,BC
22127,135.4,127459,2628,EE,OC
22128,135.4,127463,1412,CS,SC
22129,135.4,127466,3425,ME,MBC
22130,135.4,127467,1510,CS,BCM
22131,135.4,127468,3918,CS,BC
22132,135.4,127470,2618,EE,SC
22133,135.4,127472,3805,ME,MBC
22134,135.4,127473,2732,CS,SCA
22135,135.4,127476,2741,ME,MBC
22136,135.4,127477,1116,EC,BC
22137,135.4,127481,2341,EC,OC
22138,135.4,127482,1441,EE,BC
22139,135.4,127484,4953,CS,BC
22140,135.4,127486,1412,EC,BC
22141,135.4,127488,2749,EC,BC
22142,135.4,127489,2659,ME,OC
22143,135.4,127492,2721,CE,MBC
22144,135.4,127495,5017,EE,BC
22145,135.4,127498,2636,ME,SC
22146,135.4,127499,3410,EC,BC
22147,135.4,127501,3810,CS,SC
22148,135.4,127502,3826,CE,BC
22149,135.4,127503,3760,AD,BC
22150,135.4,127504,2640,CS,OC
22151,135.4,127507,3760,CS,BC
22152,135.4,127508,2614,ME,OC
22153,135.4,127509,5915,ME,OC
22154,135.4,127510,1432,CS,SCA
22155,135.4,127511,4965,ME,BC
22156,135.4,127512,3905,EE,SC
22157,135.4,127515,1322,EC,SC
22158,135.4,127516,2727,ME,SC
22159,135.4,127517,3810,EE,MBC
22160,135.4,127518,3905,CE,OC
22161,135.3,127519,1412,ME,OC
22162,135.3,127520,3833,EE,OC
22163,135.3,127521,3805,CH,MBC
22164,135.3,127522,1202,ME,BC
22165,135.3,127524,2741,EC,SC
22166,135.3,127525,1013,XM,OC
22167,135.3,127527,5914,EC,OC
22168,135.3,127528,2611,AG,BC
22169,135.3,127529,2737,CS,MBC
22170,135.3,127531,2659,EC,BC
22171,135.3,127534,4992,CS,SC
22172,135.3,127536,3817,CS,BC
22173,135.3,127537,5022,CS,SCA
22174,135.3,127538,4994,EC,BC
22175,135.3,127541,2613,CE,MBC
22176,135.3,127544,4993,IT,SC
22177,135.3,127545,1441,CS,MBC
22178,135.3,127549,1230,EC,BC
22179,135.3,127551,2711,EE,SC
22180,135.3,127552,2610,ME,BC
22181,135.3,127553,5914,CS,SC
22182,135.3,127556,3021,ME,SC
22183,135.3,127557,2609,IT,SCA
22184,135.3,127558,2346,CS,OC
22185,135.3,127560,3456,ME,OC
22186,135.3,127565,3410,EC,SC
22187,135.3,127567,1430,CS,SC
22188,135.2,127570,3461,ME,OC
22189,135.2,127571,1120,AU,SC
22190,135.2,127574,3461,EE,OC
22191,135.2,127577,2634,IT,SC
22192,135.2,127578,3807,ME,OC
22193,135.2,127579,3811,EC,SC
22194,135.2,127581,3813,CS,BC
22195,135.2,127582,1420,ME,SC
22196,135.2,127585,2623,EC,OC
22197,135.2,127586,3905,ME,MBC
22198,135.2,127589,1303,BT,BC
22199,135.2,127590,2342,EE,BC
22200,135.2,127592,2342,EC,SC
22201,135.2,127595,3807,ME,OC
22202,135.2,127596,1209,CS,OC
22203,135.2,127597,1436,EE,OC
22204,135.2,127599,3805,RM,BC
22205,135.2,127600,5912,CE,OC
22206,135.2,127601,2734,EE,BCM
22207,135.2,127602,3805,EE,SC
22208,135.2,127603,1412,EC,SC
22209,135.2,127605,5536,EE,MBC
22210,135.2,127609,2769,CS,SC
22211,135.2,127611,3018,EE,BC
22212,135.2,127612,2707,ME,SC
22213,135.2,127613,2639,EE,MBC
22214,135.2,127614,1452,ME,SC
22215,135.2,127616,1431,CE,OC
22216,135.2,127618,2707,BM,SC
22217,135.2,127619,3817,CS,BCM
22218,135.2,127621,5017,EE,BC
22219,135.2,127624,5912,CS,BC
22220,135.2,127626,5915,ME,OC
22221,135.2,127627,3805,EC,MBC
22222,135.2,127628,4966,EC,BCM
22223,135.2,127629,3456,BM,SC
22224,135.1,127632,3410,EE,MBC
22225,135.1,127634,2327,ME,OC
22226,135.1,127637,1412,CS,SC
22227,135.1,127639,1106,AE,OC
22228,135.1,127643,1513,CS,SC
22229,135.1,127644,2606,EE,OC
22230,135.1,127646,2611,BM,SC
22231,135.1,127649,2610,CE,OC
22232,135.1,127650,3829,EC,BC
22233,135.1,127652,1309,CE,SC
22234,135.1,127654,1431,CS,SC
22235,135.1,127657,2625,ME,OC
22236,135.1,127659,2617,CS,BCM
22237,135.1,127662,4964,EC,MBC
22238,135.1,127664,2621,ME,BC
22239,135.1,127667,2611,EC,ST
22240,135.1,127668,2702,CE,SC
22241,135.1,127669,2727,CE,BC
22242,135.1,127671,2610,ME,MBC
22243,135.1,127676,2653,EC,SC
22244,135.1,127677,2710,ET,SC
22245,135.1,127678,2329,BM,SC
22246,135.1,127681,4955,ME,BC
22247,135.1,127684,1512,IT,MBC
22248,135.1,127688,4675,ME,OC
22249,135.1,127691,2641,CS,MBC
22250,135.0,127694,2767,CS,MBC
22251,135.0,127695,1409,EC,SC
22252,135.0,127696,2617,CS,SC
22253,135.0,127699,5022,ME,BC
22254,135.0,127702,4917,CH,OC
22255,135.0,127703,2632,EC,MBC
22256,135.0,127706,2606,AE,OC
22257,135.0,127707,2707,EC,SC
22258,135.0,127711,1449,CS,OC
22259,135.0,127713,3820,CS,BC
22260,135.0,127714,3806,EC,BC
22261,135.0,127715,3826,CE,BC
22262,135.0,127717,4960,CS,SCA
22263,135.0,127719,1529,CE,OC
22264,135.0,127721,3807,CS,MBC
22265,135.0,127727,3701,CE,SC
22266,135.0,127729,1520,EC,BC
22267,135.0,127731,1501,EE,OC
22268,135.0,127732,4020,ME,MBC
22269,135.0,127737,4023,EE,MBC
22270,135.0,127739,1512,ME,OC
22271,135.0,127744,2601,BM,BC
22272,135.0,127745,2302,IT,BC
22273,135.0,127747,2716,ME,OC
22274,135.0,127748,1122,BT,SCA
22275,135.0,127751,5,ME,BC
22276,135.0,127753,3803,EC,SC
22277,135.0,127759,1238,BM,BC
22278,135.0,127768,1504,CH,BC
22279,135.0,127782,1422,CS,ST
22280,135.0,127786,3018,ME,SC
22281,135.0,127792,2751,CB,MBC
22282,135.0,127795,3795,EE,SC
22283,135.0,127804,1442,BM,SC
22284,135.0,127807,1504,ME,BC
22285,135.0,127812,1605,IT,OC
22286,135.0,127814,2357,CE,MBC
22287,135.0,127816,2721,EE,MBC
22288,135.0,127820,2708,ME,MBC
22289,135.0,127822,2628,CS,SC
22290,135.0,127823,4965,ME,BC
22291,135.0,127825,3795,ME,MBC
22292,135.0,127826,2611,AE,MBC
22293,135.0,127827,3786,MZ,OC
22294,135.0,127829,2646,EE,OC
22295,135.0,127830,2328,ME,BC
22296,135.0,127831,4954,ME,BC
22297,135.0,127832,5022,CE,SC
22298,135.0,127833,2357,AD,SC
22299,135.0,127834,4917,ME,BC
22300,135.0,127835,3786,MZ,OC
22301,135.0,127836,3843,CE,OC
22302,135.0,127838,1421,ME,OC
22303,134.9,127841,3782,EC,BC
22304,134.9,127842,2610,EC,MBC
22305,134.9,127844,3760,ME,MBC
22306,134.9,127847,1401,CE,OC
22307,134.9,127850,4993,EC,OC
22308,134.9,127851,2624,AD,BC
22309,134.9,127853,1207,EC,MBC
22310,134.9,127854,4992,ME,OC
22311,134.9,127855,1405,EC,MBC
22312,134.9,127857,4023,CE,SC
22313,134.9,127859,2349,BM,BC
22314,134.9,127860,4989,IT,MBC
22315,134.9,127861,1229,EE,OC
22316,134.9,127862,1209,IT,OC
22317,134.9,127863,5915,EC,BC
22318,134.9,127866,2722,ME,SC
22319,134.9,127868,3806,ME,BC
22320,134.9,127869,3826,CE,MBC
22321,134.9,127871,2634,AE,OC
22322,134.9,127874,2617,EC,OC
22323,134.9,127875,2732,CS,SC
22324,134.9,127878,3786,ME,OC
22325,134.8,127886,2711,CH,SC
22326,134.8,127891,4966,ME,OC
22327,134.8,127893,1412,IT,BCM
22328,134.8,127894,2736,BM,SC
22329,134.8,127895,1318,CS,OC
22330,134.8,127897,2328,EE,MBC
22331,134.8,127899,4672,EE,BC
22332,134.8,127902,5930,ME,OC
22333,134.8,127903,1402,EE,OC
22334,134.8,127907,2683,ME,OC
22335,134.8,127910,1101,EE,OC
22336,134.8,127912,5935,ME,OC
22337,134.8,127918,2609,PU,SC
22338,134.8,127919,2736,CS,SC
22339,134.8,127921,3806,CE,OC
22340,134.8,127922,2710,EE,SC
22341,134.8,127924,1325,EC,SCA
22342,134.8,127925,1407,CS,SC
22343,134.8,127929,5988,EE,OC
22344,134.8,127930,2710,EE,SC
22345,134.8,127932,1513,CS,BC
22346,134.8,127936,1243,IT,OC
22347,134.8,127939,1116,EE,OC
22348,134.8,127940,1313,EC,OC
22349,134.8,127941,2713,IT,BC
22350,134.8,127945,3825,ME,OC
22351,134.7,127954,2647,EC,OC
22352,134.7,127955,5986,ME,SC
22353,134.7,127956,2302,EC,MBC
22354,134.7,127957,3805,RM,BC
22355,134.7,127958,2607,CS,SC
22356,134.7,127959,1133,ME,OC
22357,134.7,127960,2610,EC,MBC
22358,134.7,127964,3806,ME,BCM
22359,134.7,127966,3829,EE,SC
22360,134.7,127967,3908,CE,SC
22361,134.7,127968,1116,EC,BC
22362,134.7,127969,2705,CS,SCA
22363,134.7,127970,2731,ME,BC
22364,134.7,127971,3817,CS,BC
22365,134.7,127972,3410,ME,MBC
22366,134.7,127974,3812,EC,BC
22367,134.7,127975,2741,CE,BC
22368,134.7,127977,1519,IT,SC
22369,134.7,127979,1226,CS,BC
22370,134.7,127980,2607,ME,MBC
22371,134.7,127981,2705,EC,BC
22372,134.7,127982,2659,BM,SC
22373,134.7,127983,2741,CE,BC
22374,134.7,127985,2634,EC,MBC
22375,134.7,127988,2764,CS,SC
22376,134.7,127989,1212,CS,BC
22377,134.7,127991,4953,ME,OC
22378,134.7,127992,1414,EC,SC
22379,134.7,127994,2327,CS,BC
22380,134.7,127996,4964,MR,BC
22381,134.7,127999,3782,EC,BC
22382,134.7,128000,5902,CS,BC
22383,134.7,128002,5502,CE,OC
22384,134.7,128003,3812,CE,OC
22385,134.7,128007,1412,ME,OC
22386,134.7,128009,2769,CB,OC
22387,134.7,128010,2648,CS,BC
22388,134.7,128011,5912,CS,SC
22389,134.7,128015,3811,ME,OC
22390,134.6,128016,3812,ME,OC
22391,134.6,128017,1015,CS,SCA
22392,134.6,128021,3852,CS,BCM
22393,134.6,128023,1524,CS,OC
22394,134.6,128024,1150,BM,OC
22395,134.6,128027,2642,CE,OC
22396,134.6,128031,3782,ME,OC
22397,134.6,128032,2716,AE,OC
22398,134.6,128033,4949,EE,OC
22399,134.6,128036,5935,ME,OC
22400,134.6,128041,4992,EC,BC
22401,134.6,128042,1438,CS,OC
22402,134.6,128044,2611,CH,SC
22403,134.6,128048,2648,EC,MBC
22404,134.6,128053,3805,CH,SC
22405,134.6,128054,1106,IT,SC
22406,134.6,128057,3849,EC,OC
22407,134.6,128058,2623,BM,OC
22408,134.6,128060,1241,CS,BC
22409,134.6,128064,3466,EC,MBC
22410,134.6,128065,4955,ME,BC
22411,134.6,128066,1228,EC,SC
22412,134.6,128067,3425,ME,MBC
22413,134.6,128068,2636,EE,BC
22414,134.6,128069,1401,EE,MBC
22415,134.6,128074,3804,ME,OC
22416,134.6,128075,1207,EC,BC
22417,134.6,128077,1519,IT,SC
22418,134.5,128079,2751,ME,BC
22419,134.5,128081,2601,CH,BC
22420,134.5,128086,3829,CS,SCA
22421,134.5,128087,2624,CH,OC
22422,134.5,128088,2707,EC,SC
22423,134.5,128090,1437,EC,OC
22424,134.5,128092,2610,CY,SCA
22425,134.5,128093,3826,EE,SCA
22426,134.5,128094,3461,CS,MBC
22427,134.5,128095,1101,EE,BCM
22428,134.5,128099,2328,IT,BCM
22429,134.5,128102,4960,ME,SC
22430,134.5,128104,3804,CS,SC
22431,134.5,128106,3016,EE,BC
22432,134.5,128107,3016,CE,OC
22433,134.5,128108,2611,MD,OC
22434,134.5,128110,3701,EE,MBC
22435,134.5,128111,1318,IT,OC
22436,134.5,128118,1311,AU,BC
22437,134.5,128121,1427,IT,OC
22438,134.5,128123,2710,ME,SC
22439,134.5,128127,4996,EE,OC
22440,134.5,128129,1408,ME,OC
22441,134.5,128140,1210,ME,SC
22442,134.5,128143,1311,AU,BC
22443,134.5,128146,1218,CS,SC
22444,134.5,128171,1205,CS,OC
22445,134.5,128172,1422,EE,SC
22446,134.5,128173,1322,AE,OC
22447,134.5,128174,2341,EE,OC
22448,134.5,128176,1412,IT,BC
22449,134.5,128178,3810,AG,MBC
22450,134.5,128179,2622,ME,SC
22451,134.5,128180,2327,ME,OC
22452,134.5,128182,1212,CS,SC
22453,134.5,128185,2707,EC,SC
22454,134.5,128187,2610,MZ,MBC
22455,134.5,128194,2639,ME,MBC
22456,134.5,128195,1205,CS,OC
22457,134.5,128196,1325,ME,BC
22458,134.4,128200,2327,CS,BC
22459,134.4,128201,4928,EE,OC
22460,134.4,128202,2647,CS,OC
22461,134.4,128205,2767,CS,SC
22462,134.4,128206,2617,CS,SC
22463,134.4,128207,3425,CE,OC
22464,134.4,128208,1207,EC,BC
22465,134.4,128209,1452,ME,MBC
22466,134.4,128211,1303,ME,MBC
22467,134.4,128213,1525,CS,SC
22468,134.4,128215,2772,CS,MBC
22469,134.4,128216,5832,EC,SC
22470,134.4,128218,4670,ME,SC
22471,134.4,128219,2623,CS,MBC
22472,134.4,128221,5912,CE,OC
22473,134.4,128222,2625,AG,OC
22474,134.4,128223,4949,EC,OC
22475,134.4,128225,3018,EE,MBC
22476,134.4,128226,2653,IT,SCA
22477,134.4,128229,5017,CS,SCA
22478,134.4,128230,2648,EE,OC
22479,134.4,128231,1512,IT,MBC
22480,134.4,128235,2636,ME,SC
22481,134.4,128238,3425,CE,OC
22482,134.4,128239,2749,AG,MBC
22483,134.4,128240,5914,EC,OC
22484,134.4,128241,3843,EE,BCM
22485,134.4,128244,2632,EC,SC
22486,134.4,128246,2614,ME,OC
22487,134.4,128249,3016,ME,SC
22488,134.4,128250,2357,EE,SC
22489,134.4,128251,1605,CS,BC
22490,134.4,128252,2347,AG,SC
22491,134.4,128253,3908,ME,BC
22492,134.4,128255,4996,CS,BC
22493,134.4,128256,2707,CD,MBC
22494,134.3,128261,2716,BM,SC
22495,134.3,128264,2634,CS,SC
22496,134.3,128270,1430,EC,BC
22497,134.3,128271,5022,ME,MBC
22498,134.3,128272,2632,EC,SC
22499,134.3,128273,1430,CS,BC
22500,134.3,128274,3795,CE,BC
22501,134.3,128275,2741,ME,BC
22502,134.3,128277,3806,EC,BCM
22503,134.3,128278,2345,AG,MBC
22504,134.3,128279,3016,ME,BC
22505,134.3,128283,1322,ME,OC
22506,134.3,128285,2647,CS,SC
22507,134.3,128288,2710,ME,SC
22508,134.3,128289,3810,CS,SC
22509,134.3,128291,1101,EE,BCM
22510,134.3,128292,2345,AD,MBC
22511,134.3,128294,2659,BM,BC
22512,134.3,128295,3849,ME,OC
22513,134.3,128297,4917,CE,SC
22514,134.3,128298,1519,CS,BC
22515,134.3,128300,2302,IT,BC
22516,134.3,128304,2609,CH,BC
22517,134.3,128305,3811,ME,OC
22518,134.3,128307,2744,EE,OC
22519,134.3,128308,3829,CE,OC
22520,134.3,128309,2628,EE,SC
22521,134.3,128311,2707,CS,SC
22522,134.3,128312,5832,CS,SCA
22523,134.3,128313,2609,FD,BC
22524,134.2,128315,2618,FT,MBC
22525,134.2,128316,5865,EC,MBC
22526,134.2,128317,1412,ME,OC
22527,134.2,128318,2617,CS,SC
22528,134.2,128319,4917,CE,SC
22529,134.2,128320,5942,IT,BC
22530,134.2,128322,1408,EC,BC
22531,134.2,128323,1412,ME,OC
22532,134.2,128325,2338,BM,SC
22533,134.2,128328,2764,EE,SC
22534,134.2,128329,2613,AU,OC
22535,134.2,128330,2625,EC,OC
22536,134.2,128333,2646,ME,OC
22537,134.2,128337,2659,EE,BC
22538,134.2,128342,3829,ME,OC
22539,134.2,128343,2327,EC,OC
22540,134.2,128344,2741,CE,SC
22541,134.2,128346,2710,EE,SC
22542,134.2,128347,2625,AG,MBC
22543,134.2,128348,1411,IT,SC
22544,134.2,128352,3905,EC,MBC
22545,134.2,128354,4994,EE,OC
22546,134.2,128355,2611,EC,SC
22547,134.2,128356,4953,ME,OC
22548,134.1,128360,1424,RM,BC
22549,134.1,128361,1505,EE,BCM
22550,134.1,128362,2624,EC,OC
22551,134.1,128363,3782,CS,BC
22552,134.1,128365,2725,CS,SCA
22553,134.1,128367,1509,EE,SC
22554,134.1,128369,1313,CS,BC
22555,134.1,128370,3782,EC,SCA
22556,134.1,128372,3425,ME,SC
22557,134.1,128373,1409,EC,BC
22558,134.1,128375,2632,EC,MBC
22559,134.1,128376,1420,ME,SC
22560,134.1,128377,2729,ME,MBC
22561,134.1,128378,3801,EE,SC
22562,134.1,128382,2623,CS,SC
22563,134.1,128383,1218,RM,OC
22564,134.1,128385,2713,ME,OC
22565,134.1,128387,5,ME,BC
22566,134.1,128388,2338,ME,OC
22567,134.1,128390,3760,AG,BC
22568,134.1,128391,5942,CE,OC
22569,134.1,128394,2632,EC,MBC
22570,134.1,128395,1316,AO,MBC
22571,134.1,128397,1408,ME,OC
22572,134.1,128398,3811,CS,SC
22573,134.0,128402,4964,MU,OC
22574,134.0,128403,5910,EC,SC
22575,134.0,128404,5907,IT,MBC
22576,134.0,128406,1408,ME,OC
22577,134.0,128407,2302,AD,BC
22578,134.0,128415,2640,CS,OC
22579,134.0,128416,2708,ME,MBC
22580,134.0,128419,4917,ME,MBC
22581,134.0,128421,3908,ME,MBC
22582,134.0,128423,2659,BM,BC
22583,134.0,128430,2723,CE,BC
22584,134.0,128433,3805,CH,BC
22585,134.0,128440,2665,CS,MBC
22586,134.0,128442,4864,CS,MBC
22587,134.0,128444,1513,CS,BC
22588,134.0,128448,1228,BM,BC
22589,134.0,128463,2711,EE,SC
22590,134.0,128465,1333,CS,OC
22591,134.0,128476,2726,AG,MBC
22592,134.0,128477,5,CZ,BC
22593,134.0,128485,1512,CS,BC
22594,134.0,128488,2725,EC,SC
22595,134.0,128493,2725,EC,SC
22596,134.0,128496,1233,EC,BCM
22597,134.0,128500,2739,EE,SC
22598,134.0,128502,2607,TX,MBC
22599,134.0,128504,2716,IT,MBC
22600,134.0,128505,1322,EC,BC
22601,134.0,128509,1313,CS,MBC
22602,134.0,128511,2347,EC,BC
22603,134.0,128512,2628,CS,SC
22604,134.0,128513,2646,CS,BC
22605,134.0,128515,1449,EC,OC
22606,134.0,128522,1510,CE,OC
22607,134.0,128523,1303,ME,SC
22608,134.0,128524,2741,EC,SC
22609,134.0,128525,3805,CE,MBC
22610,134.0,128527,2314,EE,SC
22611,134.0,128528,2625,EC,OC
22612,134.0,128530,5914,EC,OC
22613,134.0,128531,5907,CS,SC
22614,134.0,128533,2314,EE,MBC
22615,134.0,128534,5022,CE,BC
22616,134.0,128536,2762,CS,BCM
22617,134.0,128538,2683,AG,OC
22618,134.0,128540,2732,IT,MBC
22619,134.0,128542,5862,AE,OC
22620,134.0,128543,3018,EE,MBC
22621,134.0,128544,5913,EC,SCA
22622,134.0,128545,4953,EC,OC
22623,133.9,128549,2726,CE,BC
22624,133.9,128550,4959,AD,SC
22625,133.9,128551,4959,IT,SC
22626,133.9,128552,1437,CS,OC
22627,133.9,128554,2659,EE,SC
22628,133.9,128557,1426,IT,BC
22629,133.9,128558,1509,EE,BC
22630,133.9,128559,5935,ME,OC
22631,133.9,128561,2629,MD,SCA
22632,133.9,128563,2755,CS,SC
22633,133.9,128564,2630,EE,MBC
22634,133.9,128565,2314,EC,BC
22635,133.9,128567,2328,ME,BC
22636,133.9,128573,2743,ME,OC
22637,133.9,128574,3812,EC,BC
22638,133.9,128577,1441,ME,OC
22639,133.9,128580,1202,EE,MBC
22640,133.8,128585,3860,CS,MBC
22641,133.8,128587,3806,ME,SC
22642,133.8,128588,2657,EC,BC
22643,133.8,128589,4999,CS,BC
22644,133.8,128592,1310,EE,BC
22645,133.8,128593,4994,EE,BC
22646,133.8,128595,4970,EC,OC
22647,133.8,128597,5915,ME,OC
22648,133.8,128599,2639,ME,MBC
22649,133.8,128600,1412,CE,OC
22650,133.8,128601,2634,FD,MBC
22651,133.8,128604,1412,EE,SC
22652,133.8,128605,1202,ME,SC
22653,133.8,128606,4980,CS,BCM
22654,133.8,128607,3466,CS,OC
22655,133.8,128610,2769,CB,OC
22656,133.8,128611,3810,EC,BC
22657,133.8,128613,3829,EC,MBC
22658,133.8,128616,3812,ME,OC
22659,133.8,128617,2745,CS,SC
22660,133.8,128620,2613,ME,MBC
22661,133.8,128625,1015,XM,OC
22662,133.8,128629,4969,ME,OC
22663,133.8,128633,3804,CS,BC
22664,133.8,128634,3425,ME,BC
22665,133.8,128635,2611,CS,SC
22666,133.8,128636,4933,CS,SC
22667,133.8,128638,2650,ME,OC
22668,133.8,128640,2659,EE,BC
22669,133.8,128642,2652,CS,BC
22670,133.8,128643,1241,CS,BC
22671,133.8,128644,2740,PH,SC
22672,133.8,128645,2634,AE,OC
22673,133.8,128646,2623,BM,SC
22674,133.8,128647,5919,CS,BCM
22675,133.8,128648,3795,ME,BC
22676,133.8,128649,2611,FD,MBC
22677,133.7,128656,2624,EC,OC
22678,133.7,128657,3826,CE,SC
22679,133.7,128658,1202,ME,MBC
22680,133.7,128659,2636,CS,BCM
22681,133.7,128661,1317,ME,SC
22682,133.7,128664,5865,EE,MBC
22683,133.7,128666,2683,BM,SC
22684,133.7,128668,2302,AD,BC
22685,133.7,128670,5935,CS,BC
22686,133.7,128671,2622,CS,SCA
22687,133.7,128673,5910,EC,MBC
22688,133.7,128677,1421,CE,OC
22689,133.7,128679,2623,CS,MBC
22690,133.7,128681,2338,CS,SC
22691,133.7,128688,3805,RM,SC
22692,133.7,128690,2731,PD,SC
22693,133.7,128693,1424,ME,OC
22694,133.7,128695,2723,BM,MBC
22695,133.7,128697,1442,BM,MBC
22696,133.7,128698,1120,AU,SC
22697,133.7,128700,3805,AO,OC
22698,133.6,128707,3786,EC,BCM
22699,133.6,128712,1150,AG,OC
22700,133.6,128713,4992,EE,OC
22701,133.6,128714,3786,EC,BCM
22702,133.6,128716,1525,CS,MBC
22703,133.6,128717,1519,EC,OC
22704,133.6,128722,2328,ME,MBC
22705,133.6,128723,3812,CS,SC
22706,133.6,128724,3831,IT,OC
22707,133.6,128725,3843,ME,OC
22708,133.6,128726,3410,ME,SC
22709,133.6,128727,2652,IT,BC
22710,133.6,128728,1207,EC,MBC
22711,133.6,128729,3021,CS,SCA
22712,133.6,128730,3812,CS,MBC
22713,133.6,128731,2610,ME,MBC
22714,133.6,128733,2659,CS,BC
22715,133.6,128734,2621,MZ,BC
22716,133.6,128736,1325,EC,SC
22717,133.6,128737,4928,ME,BC
22718,133.6,128738,3810,EE,BCM
22719,133.6,128740,3805,ME,MBC
22720,133.6,128742,2731,ME,MBC
22721,133.6,128743,1202,ME,SC
22722,133.6,128748,2715,BM,ST
22723,133.6,128753,2611,CE,SC
22724,133.6,128754,2609,EE,BC
22725,133.6,128755,3760,CS,MBC
22726,133.5,128757,3920,EE,OC
22727,133.5,128762,5017,EE,MBC
22728,133.5,128768,2609,AO,OC
22729,133.5,128779,1405,ME,BC
22730,133.5,128780,5017,EE,SC
22731,133.5,128785,1149,EE,SC
22732,133.5,128793,1317,ME,SC
22733,133.5,128795,4959,AD,MBC
22734,133.5,128801,1408,EC,BC
22735,133.5,128805,4934,CS,BC
22736,133.5,128807,1231,AD,ST
22737,133.5,128810,3830,EC,SC
22738,133.5,128828,1212,BM,MBC
22739,133.5,128830,3701,CE,SC
22740,133.5,128832,3410,ME,MBC
22741,133.5,128834,2710,ET,SC
22742,133.5,128835,1519,ME,OC
22743,133.5,128837,4964,AE,OC
22744,133.5,128838,2713,IT,SCA
22745,133.5,128839,1421,EE,OC
22746,133.5,128840,2620,EC,SC
22747,133.5,128842,4675,EE,OC
22748,133.5,128843,4965,CS,SC
22749,133.5,128844,5,CZ,BC
22750,133.5,128845,3461,CS,BCM
22751,133.5,128846,4931,CS,BC
22752,133.4,128849,2704,MZ,BCM
22753,133.4,128850,1319,EC,OC
22754,133.4,128851,1158,MR,OC
22755,133.4,128854,2609,ME,BC
22756,133.4,128855,3849,ME,OC
22757,133.4,128856,5902,CS,BCM
22758,133.4,128858,2623,CS,BC
22759,133.4,128859,1513,CS,SC
22760,133.4,128860,1316,CS,SCA
22761,133.4,128861,5536,EE,BC
22762,133.4,128862,1510,EE,OC
22763,133.4,128864,3817,ME,OC
22764,133.4,128865,3810,EE,BC
22765,133.4,128867,2632,EC,SC
22766,133.4,128868,2752,EE,BC
22767,133.4,128869,1322,FD,SC
22768,133.4,128870,2609,CE,OC
22769,133.4,128875,3805,BM,BC
22770,133.4,128877,1316,EC,SC
22771,133.4,128879,2705,ME,OC
22772,133.4,128881,1322,BM,BC
22773,133.4,128884,1412,IT,SC
22774,133.4,128886,3016,CE,OC
22775,133.4,128888,3829,CE,OC
22776,133.4,128891,2338,AG,SC
22777,133.4,128894,2620,EE,SC
22778,133.4,128896,1447,IT,MBC
22779,133.4,128897,2707,XM,OC
22780,133.4,128898,4969,EE,SC
22781,133.4,128899,4929,CE,OC
22782,133.4,128901,1126,EC,SC
22783,133.4,128902,2632,EC,MBC
22784,133.4,128903,3019,ME,BC
22785,133.4,128905,5907,CS,SC
22786,133.4,128906,1207,ME,OC
22787,133.4,128908,1222,ME,OC
22788,133.4,128910,4989,EC,OC
22789,133.4,128911,4672,CE,MBC
22790,133.3,128914,4994,EC,BC
22791,133.3,128916,4967,ME,OC
22792,133.3,128917,2607,IT,SC
22793,133.3,128920,1202,ME,BC
22794,133.3,128922,4993,EC,OC
22795,133.3,128929,4999,AD,BC
22796,133.3,128931,5536,EE,MBC
22797,133.3,128933,1202,ME,BC
22798,133.3,128936,1421,ME,OC
22799,133.3,128937,3817,BT,BC
22800,133.3,128938,2683,EE,OC
22801,133.3,128939,3011,XM,OC
22802,133.3,128946,3843,EC,SC
22803,133.3,128947,5913,ME,OC
22804,133.3,128948,1452,ME,SC
22805,133.3,128949,2610,EC,SCA
22806,133.3,128951,1137,ME,OC
22807,133.3,128954,4675,EE,OC
22808,133.3,128955,2723,EC,SC
22809,133.3,128956,2622,CS,MBC
22810,133.3,128957,1519,EC,OC
22811,133.2,128962,5915,EC,BC
22812,133.2,128964,3410,ME,SC
22813,133.2,128965,3410,CE,OC
22814,133.2,128967,1150,AG,OC
22815,133.2,128970,3918,CS,BC
22816,133.2,128971,1401,ME,OC
22817,133.2,128972,2768,CS,MBC
22818,133.2,128973,2646,EE,MBC
22819,133.2,128975,1322,AE,OC
22820,133.2,128976,4993,IT,MBC
22821,133.2,128977,4955,EE,SC
22822,133.2,128978,3786,ME,OC
22823,133.2,128979,1202,ME,MBC
22824,133.2,128982,1325,ME,BC
22825,133.2,128984,3425,EC,BCM
22826,133.2,128987,3019,ME,BC
22827,133.2,128988,2650,ME,SC
22828,133.2,128989,5017,ME,OC
22829,133.2,128991,4680,CE,BC
22830,133.2,128992,3812,EC,BC
22831,133.2,128993,1228,ME,OC
22832,133.2,128995,1233,CE,MBC
22833,133.2,128998,1426,CS,MBC
22834,133.2,128999,2707,CH,BC
22835,133.1,129004,2651,CS,SC
22836,133.1,129005,5911,EC,OC
22837,133.1,129006,3829,EE,SCA
22838,133.1,129010,3843,ME,OC
22839,133.1,129012,1225,ME,SC
22840,133.1,129015,1316,CH,SC
22841,133.1,129016,2347,EE,BC
22842,133.1,129017,2743,ME,OC
22843,133.1,129018,2636,CE,MBC
22844,133.1,129019,4957,ME,BC
22845,133.1,129020,2611,EC,MBC
22846,133.1,129021,3805,ME,MBC
22847,133.1,129022,1412,ME,OC
22848,133.1,129025,5913,EE,OC
22849,133.1,129026,2349,RM,OC
22850,133.1,129027,5865,CE,BCM
22851,133.1,129028,1316,IT,SCA
22852,133.1,129029,4676,EE,SC
22853,133.1,129030,2744,ME,OC
22854,133.1,129031,1137,ME,OC
22855,133.1,129034,2715,CH,MBC
22856,133.1,129037,5530,EE,MBC
22857,133.1,129039,4949,EC,OC
22858,133.1,129041,1408,ME,MBC
22859,133.1,129042,4969,EC,OC
22860,133.1,129044,1123,CS,SC
22861,133.1,129045,2634,AE,OC
22862,133.1,129050,2741,ME,BC
22863,133.0,129053,2611,PU,OC
22864,133.0,129055,2650,CS,SC
22865,133.0,129057,3905,ME,BC
22866,133.0,129058,2345,EC,MBC
22867,133.0,129059,3843,ME,OC
22868,133.0,129062,1212,EC,OC
22869,133.0,129064,1434,ME,OC
22870,133.0,129065,2314,CS,SC
22871,133.0,129066,3018,ME,MBC
22872,133.0,129068,1437,ME,OC
22873,133.0,129071,1319,CS,SC
22874,133.0,129073,2740,CS,ST
22875,133.0,129074,4965,ME,BC
22876,133.0,129075,2636,EE,BC
22877,133.0,129078,1411,EC,OC
22878,133.0,129081,2314,EC,BC
22879,133.0,129084,1317,ME,SC
22880,133.0,129101,2722,EE,SC
22881,133.0,129106,2708,MZ,MBC
22882,133.0,129113,1405,EC,BC
22883,133.0,129116,1509,EI,OC
22884,133.0,129119,1523,EC,MBC
22885,133.0,129122,3811,EE,OC
22886,133.0,129126,2764,CS,SC
22887,133.0,129128,4678,AD,SC
22888,133.0,129131,2673,EC,BC
22889,133.0,129133,4672,CE,MBC
22890,133.0,129134,1202,ME,MBC
22891,133.0,129136,4999,ME,OC
22892,133.0,129143,1409,RM,OC
22893,133.0,129147,4972,EE,OC
22894,133.0,129149,4680,ME,BC
22895,133.0,129151,2683,AG,MBC
22896,133.0,129153,3466,ME,OC
22897,133.0,129154,2739,ME,SC
22898,133.0,129155,4953,ME,OC
22899,133.0,129158,1123,CS,SC
22900,133.0,129159,3801,CE,OC
22901,133.0,129161,4982,CS,MBC
22902,133.0,129162,2625,EE,OC
22903,133.0,129163,2314,CS,SC
22904,132.9,129164,3920,CS,SC
22905,132.9,129166,5703,ME,OC
22906,132.9,129168,2611,EC,MBC
22907,132.9,129169,2726,CS,SC
22908,132.9,129171,2636,EE,BC
22909,132.9,129172,2708,CS,SCA
22910,132.9,129175,3456,BM,MBC
22911,132.9,129176,4969,CS,BC
22912,132.9,129177,2643,EC,SC
22913,132.9,129179,1441,CS,BC
22914,132.9,129182,1421,CS,BC
22915,132.9,129184,1301,CE,OC
22916,132.9,129185,1421,EE,OC
22917,132.8,129189,2659,EC,MBC
22918,132.8,129191,3857,CE,OC
22919,132.8,129192,2636,AD,BC
22920,132.8,129193,1434,ME,OC
22921,132.8,129195,1212,EC,OC
22922,132.8,129196,3456,BM,SC
22923,132.8,129199,3019,CE,BC
22924,132.8,129200,2610,EE,MBC
22925,132.8,129201,4961,EE,OC
22926,132.8,129206,2624,AG,SCA
22927,132.8,129207,5703,EC,OC
22928,132.8,129211,4978,CS,SCA
22929,132.8,129212,1401,EC,SC
22930,132.8,129215,1106,ME,OC
22931,132.8,129218,4949,MZ,OC
22932,132.8,129219,3021,ME,BC
22933,132.8,129221,2648,EC,BCM
22934,132.8,129224,2621,ME,BC
22935,132.8,129225,2610,MZ,BC
22936,132.8,129226,2302,BM,SC
22937,132.8,129227,3425,ME,BCM
22938,132.8,129229,1402,CS,MBC
22939,132.8,129232,2624,EC,OC
22940,132.8,129234,2601,CH,MBC
22941,132.8,129235,2632,CS,BCM
22942,132.8,129237,5913,ME,OC
22943,132.8,129242,1504,CH,MBC
22944,132.8,129243,2767,CS,MBC
22945,132.8,129250,2634,FD,SC
22946,132.8,129252,2643,EC,SC
22947,132.8,129254,2347,ME,MBC
22948,132.8,129256,3806,EE,SC
22949,132.8,129257,2610,ME,MBC
22950,132.8,129261,2327,EC,OC
22951,132.8,129262,1412,CS,SC
22952,132.7,129267,4917,CS,SC
22953,132.7,129268,2611,ME,SC
22954,132.7,129272,2648,EC,BC
22955,132.7,129273,1202,EE,BC
22956,132.7,129278,2743,CE,OC
22957,132.7,129280,1441,ME,OC
22958,132.7,129281,1133,CS,BC
22959,132.7,129284,4949,EC,OC
22960,132.7,129286,5502,EC,BCM
22961,132.7,129287,1414,ME,SC
22962,132.7,129291,2718,EE,SCA
22963,132.7,129292,4993,BM,BC
22964,132.7,129293,3812,EC,SC
22965,132.7,129294,1513,ME,OC
22966,132.7,129296,2345,CE,OC
22967,132.7,129297,2647,CS,SC
22968,132.7,129301,5832,EE,OC
22969,132.7,129303,2341,CS,OC
22970,132.7,129306,1207,RM,MBC
22971,132.7,129308,2713,CS,BC
22972,132.7,129309,1123,IT,SC
22973,132.6,129312,1424,RM,BC
22974,132.6,129316,1431,ME,SC
22975,132.6,129317,1424,ME,OC
22976,132.6,129323,4964,AE,OC
22977,132.6,129324,2611,CS,SC
22978,132.6,129327,3807,EC,MBC
22979,132.6,129328,5988,EC,BCM
22980,132.6,129329,3843,CS,MBC
22981,132.6,129333,2624,AG,MBC
22982,132.6,129334,4670,EC,SC
22983,132.6,129336,2707,CD,MBC
22984,132.6,129338,5536,AG,MBC
22985,132.6,129339,2338,ME,OC
22986,132.6,129341,2625,ME,OC
22987,132.6,129342,3860,CS,MBC
22988,132.6,129344,1313,CS,BC
22989,132.6,129346,5703,EC,MBC
22990,132.6,129347,3805,ME,MBC
22991,132.6,129349,3905,CS,MBC
22992,132.6,129350,4949,CE,OC
22993,132.6,129352,2347,EE,BC
22994,132.6,129354,2610,ME,MBC
22995,132.6,129357,1115,AD,SC
22996,132.6,129359,3813,IT,SC
22997,132.6,129361,2314,EC,SC
22998,132.6,129363,2614,EE,OC
22999,132.6,129365,2732,EC,OC
23000,132.6,129366,2614,CS,SC
23001,132.6,129369,2610,ME,MBC
23002,132.5,129371,5022,CE,SC
23003,132.5,129372,3918,ME,OC
23004,132.5,129374,2721,ME,MBC
23005,132.5,129375,4929,CS,OC
23006,132.5,129376,2683,BM,ST
23007,132.5,129378,1424,ME,BCM
23008,132.5,129381,5865,EE,MBC
23009,132.5,129385,1325,EE,BC
23010,132.5,129387,5902,ME,OC
23011,132.5,129392,5017,EC,SC
23012,132.5,129393,4964,AE,OC
23013,132.5,129400,2628,AU,OC
23014,132.5,129402,2726,EC,SC
23015,132.5,129403,1411,CS,BC
23016,132.5,129406,4981,EE,BC
23017,132.5,129415,2601,CE,OC
23018,132.5,129417,1509,EI,OC
23019,132.5,129431,1116,EC,BC
23020,132.5,129435,2651,CS,SC
23021,132.5,129437,3019,XC,OC
23022,132.5,129443,2727,EC,SC
23023,132.5,129448,1441,ME,OC
23024,132.5,129449,2636,EE,SC
23025,132.5,129450,1441,CS,MBC
23026,132.5,129458,2643,CS,SC
23027,132.5,129460,2744,CE,OC
23028,132.5,129462,2639,IT,MBC
23029,132.5,129463,2721,CE,MBC
23030,132.5,129467,2601,CS,SCA
23031,132.4,129471,1510,CS,BC
23032,132.4,129474,1150,BM,OC
23033,132.4,129475,3462,CS,SC
23034,132.4,129476,4686,ME,OC
23035,132.4,129479,3801,EC,SC
23036,132.4,129483,4933,EC,BC
23037,132.4,129484,2338,EE,OC
23038,132.4,129486,2625,CH,OC
23039,132.4,129487,3813,IT,BC
23040,132.4,129489,3825,ME,BC
23041,132.4,129490,3860,ME,OC
23042,132.4,129495,5862,CE,OC
23043,132.4,129496,3410,ME,ST
23044,132.4,129497,4994,EC,BC
23045,132.4,129498,2625,EC,OC
23046,132.4,129501,1401,ME,OC
23047,132.4,129504,1412,ME,MBC
23048,132.4,129505,4978,BT,SC
23049,132.4,129510,3425,ME,SCA
23050,132.3,129515,3826,BM,SCA
23051,132.3,129516,5913,EC,SC
23052,132.3,129517,5502,CE,OC
23053,132.3,129518,2665,CS,BC
23054,132.3,129519,2338,AG,SC
23055,132.3,129520,3461,EC,BCM
23056,132.3,129521,5912,EE,OC
23057,132.3,129522,1412,EE,SC
23058,132.3,129524,2665,CS,MBC
23059,132.3,129527,1210,ME,SC
23060,132.3,129528,2621,CS,SC
23061,132.3,129532,3843,EC,BC
23062,132.3,129533,2341,EC,OC
23063,132.3,129535,2628,CS,BCM
23064,132.3,129539,2609,EE,MBC
23065,132.3,129543,2713,IT,SC
23066,132.3,129545,5907,EE,OC
23067,132.3,129547,2611,CH,BCM
23068,132.3,129548,3804,EC,BC
23069,132.3,129549,1523,EE,OC
23070,132.3,129552,5990,ME,OC
23071,132.3,129553,2302,BM,SC
23072,132.2,129554,2625,BM,OC
23073,132.2,129556,2708,CE,MBC
23074,132.2,129562,3822,CS,OC
23075,132.2,129563,2646,EC,OC
23076,132.2,129564,3425,EE,SC
23077,132.2,129565,3810,AG,MBC
23078,132.2,129567,3462,EE,OC
23079,132.2,129569,4686,ME,OC
23080,132.2,129572,2611,EC,SCA
23081,132.2,129573,2752,CS,MBC
23082,132.2,129574,3425,ME,BCM
23083,132.2,129576,3860,EE,OC
23084,132.2,129578,5017,CE,OC
23085,132.2,129579,3805,CH,SC
23086,132.2,129582,3425,EC,BC
23087,132.2,129583,1322,EC,SC
23088,132.2,129584,1306,AE,SCA
23089,132.2,129586,5862,BM,BC
23090,132.2,129590,2715,AD,SCA
23091,132.2,129593,2776,AG,ST
23092,132.2,129594,2729,CB,SC
23093,132.2,129596,2609,CH,SC
23094,132.2,129597,2638,CS,SC
23095,132.2,129600,2651,ME,SC
23096,132.2,129601,1401,ME,OC
23097,132.2,129602,4965,ME,BC
23098,132.2,129603,2628,CS,SC
23099,132.1,129605,3018,EE,MBC
23100,132.1,129606,1510,CS,MBC
23101,132.1,129611,1519,EC,OC
23102,132.1,129616,2683,BM,SC
23103,132.1,129617,2646,CE,OC
23104,132.1,129619,3821,CS,SC
23105,132.1,129620,4023,ME,MBC
23106,132.1,129621,2607,IT,SC
23107,132.1,129622,2628,CS,SC
23108,132.1,129624,4931,CE,OC
23109,132.1,129631,3466,CS,OC
23110,132.1,129632,2302,EC,SCA
23111,132.1,129636,2643,EC,SC
23112,132.1,129638,1427,IT,OC
23113,132.1,129640,3843,ME,OC
23114,132.1,129642,3817,BT,SC
23115,132.0,129650,1325,EC,SCA
23116,132.0,129651,3461,CS,SC
23117,132.0,129657,2630,EE,MBC
23118,132.0,129659,3805,ME,SC
23119,132.0,129662,2341,EE,OC
23120,132.0,129664,3829,EC,SC
23121,132.0,129667,2704,MZ,SC
23122,132.0,129668,4680,ME,BC
23123,132.0,129669,3805,PH,SC
23124,132.0,129673,1212,EE,OC
23125,132.0,129674,1510,EC,OC
23126,132.0,129675,4955,ME,SC
23127,132.0,129677,2769,PE,OC
23128,132.0,129678,3795,CE,BC
23129,132.0,129679,2601,ME,OC
23130,132.0,129683,2707,CH,BC
23131,132.0,129685,2618,EE,SC
23132,132.0,129686,1412,IT,BC
23133,132.0,129687,2601,ME,OC
23134,132.0,129692,2752,CS,BCM
23135,132.0,129695,4960,EE,SC
23136,132.0,129701,2611,ME,BC
23137,132.0,129704,2776,AU,OC
23138,132.0,129705,2706,EC,SC
23139,132.0,129708,5022,CE,SC
23140,132.0,129709,3805,ME,SC
23141,132.0,129711,5022,CE,MBC
23142,132.0,129712,1110,MZ,BC
23143,132.0,129717,3021,ME,MBC
23144,132.0,129719,1324,CS,SCA
23145,132.0,129720,1405,AD,SC
23146,132.0,129725,2665,CS,BC
23147,132.0,129734,2632,EC,SC
23148,132.0,129735,3760,ME,BC
23149,132.0,129736,2723,ME,MBC
23150,132.0,129739,3795,ME,BC
23151,132.0,129741,2611,ME,MBC
23152,132.0,129742,1303,ME,BC
23153,132.0,129743,2609,EE,MBC
23154,132.0,129745,2611,FD,MBC
23155,132.0,129748,1202,ME,MBC
23156,132.0,129750,2705,EC,BC
23157,132.0,129751,1325,ME,MBC
23158,132.0,129752,3425,CE,OC
23159,132.0,129754,4670,ME,MBC
23160,132.0,129755,1412,IT,BCM
23161,132.0,129756,2624,ME,OC
23162,132.0,129757,3782,CS,SC
23163,132.0,129759,3806,CE,OC
23164,132.0,129762,2651,AD,SC
23165,132.0,129765,1507,ME,OC
23166,132.0,129766,1123,IT,SC
23167,131.9,129767,1319,EE,OC
23168,131.9,129768,1411,CS,BC
23169,131.9,129769,2609,IT,MBC
23170,131.9,129770,2342,EC,SC
23171,131.9,129775,3810,CE,OC
23172,131.9,129776,2643,CS,SC
23173,131.9,129777,3456,ME,OC
23174,131.9,129779,2647,CS,SC
23175,131.9,129780,3016,CE,OC
23176,131.9,129781,3829,EC,MBC
23177,131.9,129783,2762,ME,OC
23178,131.9,129786,2632,EC,BC
23179,131.9,129788,2302,EC,BC
23180,131.9,129789,2620,EC,SC
23181,131.9,129791,5902,CS,BC
23182,131.8,129799,3806,EE,BC
23183,131.8,129803,3905,ME,SC
23184,131.8,129805,4946,ME,OC
23185,131.8,129806,2707,AD,SC
23186,131.8,129807,3806,ME,SC
23187,131.8,129809,5910,CE,BCM
23188,131.8,129810,2302,BM,BC
23189,131.8,129811,1431,ME,SC
23190,131.8,129813,2643,EC,SC
23191,131.8,129814,2610,ME,BC
23192,131.8,129815,1430,EC,MBC
23193,131.8,129816,3786,MZ,OC
23194,131.8,129818,1412,IT,SC
23195,131.8,129821,1137,EC,ST
23196,131.8,129822,3820,CS,BC
23197,131.8,129826,1207,RM,SC
23198,131.8,129827,2607,CS,SC
23199,131.8,129828,2614,TX,BC
23200,131.8,129829,2659,EE,MBC
23201,131.8,129831,5536,AG,SC
23202,131.8,129832,1115,CS,SC
23203,131.8,129833,2710,CD,SCA
23204,131.8,129834,2755,AG,SC
23205,131.8,129835,1519,CS,BC
23206,131.8,129836,3817,EE,SCA
23207,131.8,129837,2776,ME,OC
23208,131.8,129838,1422,CE,SCA
23209,131.8,129839,4969,EC,BC
23210,131.8,129840,2636,ME,MBC
23211,131.8,129847,1207,EC,BC
23212,131.8,129849,1512,CS,MBC
23213,131.8,129850,2354,EC,BC
23214,131.8,129852,2345,AD,SC
23215,131.8,129853,2776,MZ,MBC
23216,131.7,129858,2747,CS,MBC
23217,131.7,129860,3857,CS,OC
23218,131.7,129865,2646,EC,BC
23219,131.7,129866,5536,AG,SC
23220,131.7,129869,2659,ME,MBC
23221,131.7,129871,2723,CS,SC
23222,131.7,129873,2652,IT,BC
23223,131.7,129874,2736,CS,SC
23224,131.7,129876,1202,ME,MBC
23225,131.7,129877,3760,AD,SC
23226,131.7,129878,1517,ME,OC
23227,131.7,129879,3410,CE,OC
23228,131.7,129880,2651,CE,OC
23229,131.7,129881,2327,EE,OC
23230,131.7,129884,5703,CS,SC
23231,131.7,129885,2302,IT,SC
23232,131.7,129888,2606,EC,BC
23233,131.7,129889,3817,CS,BC
23234,131.7,129891,4680,ME,SCA
23235,131.7,129894,2614,TX,MBC
23236,131.7,129897,3760,ME,BC
23237,131.6,129899,2745,ME,OC
23238,131.6,129899,3425,CE,OC
23239,131.6,129900,2610,EE,BC
23240,131.6,129901,1237,MZ,MBC
23241,131.6,129905,2758,EC,OC
23242,131.6,129907,5862,CE,OC
23243,131.6,129909,3843,EC,BC
23244,131.6,129910,2647,EC,OC
23245,131.6,129911,1524,ME,OC
23246,131.6,129912,1238,EC,SC
23247,131.6,129916,4993,EC,SCA
23248,131.6,129917,1442,BM,BC
23249,131.6,129919,2650,CE,OC
23250,131.6,129922,1122,ME,SC
23251,131.6,129923,3410,EC,SC
23252,131.6,129926,2710,ME,SC
23253,131.6,129927,3820,EC,OC
23254,131.6,129930,3812,EE,MBC
23255,131.6,129932,4993,BM,SC
23256,131.6,129935,2659,ME,MBC
23257,131.6,129936,2314,AD,SC
23258,131.6,129939,1505,CS,SC
23259,131.5,129942,2776,MZ,SC
23260,131.5,129945,1307,CE,BC
23261,131.5,129945,2329,XS,BCM
23262,131.5,129948,2731,EE,SC
23263,131.5,129951,1452,ME,BC
23264,131.5,129952,3810,CS,SC
23265,131.5,129957,2646,ME,OC
23266,131.5,129961,2607,BT,SC
23267,131.5,129962,4676,EE,MBC
23268,131.5,129963,1217,BM,MBC
23269,131.5,129965,3830,EC,SC
23270,131.5,129971,4996,CS,MBC
23271,131.5,129973,2702,ME,SC
23272,131.5,129997,2621,ME,MBC
23273,131.5,130000,4680,EE,SC
23274,131.5,130006,1509,EC,SC
23275,131.5,130007,1210,IT,ST
23276,131.5,130009,2659,CS,BC
23277,131.5,130011,2764,AD,SC
23278,131.5,130012,4959,ME,MBC
23279,131.5,130015,3830,EC,SC
23280,131.5,130019,2607,ME,BC
23281,131.5,130022,4680,CS,SC
23282,131.5,130023,3466,CS,OC
23283,131.5,130025,1405,EC,MBC
23284,131.5,130026,1013,XM,OC
23285,131.5,130027,2707,ME,SC
23286,131.5,130029,2314,AG,MBC
23287,131.5,130031,3807,EC,BC
23288,131.5,130033,4994,ME,OC
23289,131.5,130035,1512,CS,BC
23290,131.5,130037,3806,EC,BC
23291,131.4,130039,4972,CS,MBC
23292,131.4,130041,1316,MU,MBC
23293,131.4,130042,4994,EC,BC
23294,131.4,130045,3806,ME,BC
23295,131.4,130047,3843,ME,OC
23296,131.4,130049,1149,EE,SC
23297,131.4,130050,5942,IT,MBC
23298,131.4,130052,3760,ME,SC
23299,131.4,130054,1519,EC,OC
23300,131.4,130058,1421,EE,MBC
23301,131.4,130059,2610,CY,SCA
23302,131.4,130063,3860,CS,MBC
23303,131.4,130067,5022,CE,BC
23304,131.4,130072,2628,ME,OC
23305,131.4,130074,5865,ME,SC
23306,131.4,130078,5921,EE,OC
23307,131.4,130079,3806,ME,MBC
23308,131.4,130080,4969,CS,SC
23309,131.3,130085,1401,CE,OC
23310,131.3,130086,3801,IC,SC
23311,131.3,130091,2752,CS,MBC
23312,131.3,130093,5832,ME,BC
23313,131.3,130095,2617,EC,OC
23314,131.3,130099,2722,ME,SC
23315,131.3,130100,2741,EC,SC
23316,131.3,130101,1209,IT,OC
23317,131.3,130102,4957,IT,BC
23318,131.3,130103,2748,CS,MBC
23319,131.3,130106,4994,EC,BC
23320,131.3,130107,3843,ME,OC
23321,131.3,130108,1322,EE,OC
23322,131.3,130109,3016,CE,OC
23323,131.3,130110,1407,CS,SC
23324,131.3,130111,4676,CS,BC
23325,131.3,130114,2618,EE,SC
23326,131.2,130116,2749,CS,BCM
23327,131.2,130118,1301,CE,SC
23328,131.2,130120,3016,ME,BC
23329,131.2,130123,3804,ME,OC
23330,131.2,130124,4917,ME,BC
23331,131.2,130126,4931,ME,OC
23332,131.2,130127,2624,EC,OC
23333,131.2,130129,2743,ME,OC
23334,131.2,130134,4959,IT,SC
23335,131.2,130136,5915,EC,BC
23336,131.2,130137,2747,CE,OC
23337,131.2,130138,3425,ME,MBC
23338,131.2,130139,3805,EC,MBC
23339,131.1,130142,1513,EE,OC
23340,131.1,130145,2611,EE,BC
23341,131.1,130148,4917,CE,MBC
23342,131.1,130149,1452,CE,SC
23343,131.1,130152,2630,EC,BCM
23344,131.1,130154,2723,BM,SC
23345,131.1,130155,3812,CS,SCA
23346,131.1,130156,3849,CE,OC
23347,131.1,130157,2347,ME,MBC
23348,131.1,130160,3021,CE,SC
23349,131.1,130161,3825,ME,BC
23350,131.1,130162,1504,ME,BC
23351,131.1,130163,2630,EE,SC
23352,131.1,130166,2613,ME,BC
23353,131.1,130168,3805,PH,MBC
23354,131.1,130170,3829,ME,OC
23355,131.1,130171,5022,ME,MBC
23356,131.1,130173,3805,BM,BC
23357,131.0,130179,5530,EC,MBC
23358,131.0,130182,3908,ME,MBC
23359,131.0,130183,3782,EC,MBC
23360,131.0,130185,2614,EE,OC
23361,131.0,130192,1523,EC,MBC
23362,131.0,130193,2743,ME,OC
23363,131.0,130195,2736,BM,MBC
23364,131.0,130201,2743,BM,SC
23365,131.0,130204,3795,CE,MBC
23366,131.0,130205,1158,MR,OC
23367,131.0,130206,2607,ME,BC
23368,131.0,130208,1210,CS,SCA
23369,131.0,130210,2702,MC,SC
23370,131.0,130216,5904,CS,MBC
23371,131.0,130219,4948,FT,OC
23372,131.0,130220,3805,BM,SC
23373,131.0,130229,3011,ME,SCA
23374,131.0,130230,1322,EC,BC
23375,131.0,130233,1303,EE,BC
23376,131.0,130237,2302,EC,SC
23377,131.0,130239,3805,PH,SC
23378,131.0,130240,4024,EE,MBC
23379,131.0,130241,1311,CE,BCM
23380,131.0,130242,1127,CE,OC
23381,131.0,130243,5703,CS,BC
23382,131.0,130245,2665,CS,MBC
23383,131.0,130246,2611,EE,SC
23384,131.0,130250,3425,ME,SC
23385,131.0,130251,3905,ME,SC
23386,131.0,130254,2639,EE,SC
23387,131.0,130256,2640,CS,OC
23388,131.0,130257,2776,CE,OC
23389,130.9,130259,1513,CS,SC
23390,130.9,130260,2601,AE,OC
23391,130.9,130261,3782,EE,OC
23392,130.9,130263,2715,AG,BCM
23393,130.9,130264,3826,BM,SC
23394,130.9,130265,4680,ME,SC
23395,130.9,130266,1310,EC,SC
23396,130.9,130269,2713,CS,MBC
23397,130.9,130275,1434,AU,OC
23398,130.9,130277,3848,ME,OC
23399,130.9,130278,2302,IT,BC
23400,130.9,130281,2609,EE,MBC
23401,130.9,130284,2713,CS,BC
23402,130.9,130286,3811,EE,OC
23403,130.9,130289,5913,PD,OC
23404,130.9,130290,2617,EE,OC
23405,130.9,130291,2611,ME,MBC
23406,130.9,130294,2628,BM,MBC
23407,130.8,130296,1519,IT,BC
23408,130.8,130297,2647,EE,OC
23409,130.8,130298,1452,ME,BC
23410,130.8,130299,2624,FD,SC
23411,130.8,130301,2643,EE,OC
23412,130.8,130302,2650,ME,MBC
23413,130.8,130303,3843,ME,OC
23414,130.8,130305,2625,EE,OC
23415,130.8,130307,2610,CS,BCM
23416,130.8,130308,3805,CE,BCM
23417,130.8,130309,2745,CS,SC
23418,130.8,130312,3410,EC,MBC
23419,130.8,130313,2739,EE,SC
23420,130.8,130317,3462,CS,SC
23421,130.8,130321,3820,EC,OC
23422,130.8,130323,1408,CS,MBC
23423,130.8,130324,1421,ME,OC
23424,130.8,130326,3843,ME,OC
23425,130.8,130328,1421,ME,OC
23426,130.8,130329,1414,EC,BCM
23427,130.8,130330,1510,EE,OC
23428,130.8,130331,2611,EE,MBC
23429,130.8,130332,5,ME,BC
23430,130.8,130333,1412,IT,BC
23431,130.8,130335,4864,EE,BC
23432,130.8,130336,4966,EC,MBC
23433,130.8,130337,2749,EC,SC
23434,130.8,130338,3806,ME,SC
23435,130.8,130339,1101,EC,BC
23436,130.8,130340,2613,CE,BC
23437,130.8,130341,2683,AG,MBC
23438,130.8,130342,2707,AG,SC
23439,130.8,130344,1421,ME,OC
23440,130.8,130345,1209,IT,BC
23441,130.8,130346,2625,CS,OC
23442,130.7,130350,3806,EE,SC
23443,130.7,130351,4968,CS,OC
23444,130.7,130353,2349,FD,OC
23445,130.7,130358,3843,ME,MBC
23446,130.7,130359,1512,CS,BC
23447,130.7,130360,3821,CS,SC
23448,130.7,130361,3926,CE,OC
23449,130.7,130363,1114,EE,SC
23450,130.7,130367,4928,EE,OC
23451,130.7,130368,1411,CS,MBC
23452,130.7,130370,3760,ME,MBC
23453,130.7,130371,2345,CS,SCA
23454,130.7,130372,2710,ME,SCA
23455,130.7,130375,1525,CS,MBC
23456,130.7,130377,3804,EC,MBC
23457,130.7,130378,2338,AG,SC
23458,130.7,130380,2643,EC,MBC
23459,130.7,130381,4978,BM,BC
23460,130.6,130382,2632,EC,ST
23461,130.6,130385,2342,CS,SC
23462,130.6,130386,3918,EC,BC
23463,130.6,130389,1523,AU,OC
23464,130.6,130393,5930,CS,SC
23465,130.6,130394,1133,CS,MBC
23466,130.6,130395,4929,EC,OC
23467,130.6,130396,1218,BM,SC
23468,130.6,130397,2328,EE,MBC
23469,130.6,130398,2611,AG,BC
23470,130.6,130400,2354,ME,OC
23471,130.6,130401,3843,ME,MBC
23472,130.6,130402,2646,ME,OC
23473,130.6,130403,2659,ME,BC
23474,130.6,130404,4981,EE,BC
23475,130.6,130406,1424,ME,MBC
23476,130.6,130409,4955,EE,SC
23477,130.6,130410,2639,CS,BC
23478,130.5,130411,2610,EE,SC
23479,130.5,130412,1412,ME,MBC
23480,130.5,130413,2749,EC,MBC
23481,130.5,130415,4993,IT,SC
23482,130.5,130417,1431,EC,MBC
23483,130.5,130418,2341,EE,OC
23484,130.5,130421,2707,EI,BC
23485,130.5,130422,1412,EE,SC
23486,130.5,130423,1226,CS,BC
23487,130.5,130424,2613,EC,SCA
23488,130.5,130426,3826,ME,ST
23489,130.5,130428,2624,EC,OC
23490,130.5,130429,1241,CS,BC
23491,130.5,130430,1405,AD,SC
23492,130.5,130434,2611,MC,MBC
23493,130.5,130439,1216,MD,SC
23494,130.5,130446,1311,AU,BC
23495,130.5,130448,3826,ME,SC
23496,130.5,130456,2706,ME,MBC
23497,130.5,130463,2614,TC,OC
23498,130.5,130465,1411,IT,BC
23499,130.5,130470,3811,ME,OC
23500,130.5,130472,3462,ME,OC
23501,130.5,130473,1424,EE,BC
23502,130.5,130479,1408,ME,MBC
23503,130.5,130480,1207,ME,OC
23504,130.5,130481,3795,ME,MBC
23505,130.5,130482,3782,CS,SC
23506,130.4,130485,1202,ME,BC
23507,130.4,130486,1424,PE,BC
23508,130.4,130491,3811,ME,OC
23509,130.4,130492,4946,ME,OC
23510,130.4,130493,5532,CE,BC
23511,130.4,130495,2614,EE,OC
23512,130.4,130496,2611,ME,MBC
23513,130.4,130502,3841,CE,OC
23514,130.4,130503,2610,EE,MBC
23515,130.4,130504,1207,CS,SC
23516,130.4,130505,1426,CS,BC
23517,130.4,130506,1518,IT,OC
23518,130.4,130510,2643,EC,MBC
23519,130.4,130516,2639,EC,BC
23520,130.4,130518,2707,EC,MBC
23521,130.3,130520,3829,CE,OC
23522,130.3,130521,1519,EE,OC
23523,130.3,130524,2346,CS,OC
23524,130.3,130526,2659,EE,MBC
23525,130.3,130528,1116,EC,SC
23526,130.3,130529,1202,ME,BC
23527,130.3,130530,1230,EC,MBC
23528,130.3,130533,1137,EC,SC
23529,130.3,130534,2643,EC,SC
23530,130.3,130536,3456,CS,SC
23531,130.3,130537,3806,EE,BC
23532,130.3,130544,2762,CE,OC
23533,130.3,130545,1421,ME,SC
23534,130.3,130547,3811,EC,BC
23535,130.3,130548,2753,EC,OC
23536,130.3,130551,2625,BM,OC
23537,130.3,130552,2609,CH,SC
23538,130.3,130553,2347,ME,MBC
23539,130.3,130554,3849,ME,OC
23540,130.3,130555,3811,EE,OC
23541,130.3,130557,2609,ME,SC
23542,130.3,130559,5919,BT,SC
23543,130.2,130561,2630,CS,SC
23544,130.2,130562,3821,CS,SC
23545,130.2,130563,2609,AD,SC
23546,130.2,130564,2608,EC,SC
23547,130.2,130565,1523,EC,BC
23548,130.2,130567,3806,ME,MBC
23549,130.2,130569,2642,ME,OC
23550,130.2,130573,4968,CS,BC
23551,130.2,130576,2646,EC,MBC
23552,130.2,130579,3831,CS,BC
23553,130.2,130580,1137,EC,SC
23554,130.2,130582,1524,CS,OC
23555,130.2,130583,2347,EE,SC
23556,130.2,130585,4992,ME,OC
23557,130.2,130587,2614,EC,OC
23558,130.2,130590,2683,CS,MBC
23559,130.2,130592,5919,EC,OC
23560,130.2,130594,2751,CS,SC
23561,130.1,130598,1241,ME,OC
23562,130.1,130599,3019,ME,SC
23563,130.1,130604,1421,ME,SC
23564,130.1,130605,3806,ME,BC
23565,130.1,130607,5703,EC,SC
23566,130.1,130608,1441,ME,OC
23567,130.1,130609,3760,ME,MBC
23568,130.1,130610,2642,ME,OC
23569,130.1,130611,4964,MR,BC
23570,130.1,130613,3410,ME,SC
23571,130.1,130617,5919,CS,SCA
23572,130.1,130620,4953,ME,OC
23573,130.1,130621,1437,IT,OC
23574,130.1,130622,2636,EC,MBC
23575,130.1,130623,2610,IT,ST
23576,130.1,130626,1520,EC,BCM
23577,130.1,130627,3817,EC,OC
23578,130.0,130628,2617,EC,BC
23579,130.0,130629,2634,FD,SC
23580,130.0,130630,2769,CS,SC
23581,130.0,130631,3810,CS,SC
23582,130.0,130635,3843,CS,SC
23583,130.0,130638,2609,ME,MBC
23584,130.0,130641,2647,ME,OC
23585,130.0,130643,3905,EE,BC
23586,130.0,130649,3019,CE,SC
23587,130.0,130651,2611,FD,SCA
23588,130.0,130652,2646,EC,BC
23589,130.0,130653,2314,AG,SC
23590,130.0,130661,1412,IT,SC
23591,130.0,130662,2646,CS,MBC
23592,130.0,130667,1503,CH,OC
23593,130.0,130671,2622,CH,BC
23594,130.0,130672,1218,BM,SC
23595,130.0,130673,2712,CE,ST
23596,130.0,130679,2349,AD,MBC
23597,130.0,130681,1230,CS,MBC
23598,130.0,130684,1507,EC,OC
23599,130.0,130691,2727,ME,BCM
23600,130.0,130693,2731,PD,MBC
23601,130.0,130697,2711,EE,SC
23602,130.0,130707,2608,ME,SC
23603,130.0,130708,1322,ME,OC
23604,130.0,130711,2708,EC,SC
23605,130.0,130712,2360,CS,BC
23606,130.0,130716,3860,EC,OC
23607,130.0,130721,3905,EE,SC
23608,130.0,130722,3806,EE,BC
23609,130.0,130723,2745,EC,MBC
23610,130.0,130729,2634,ME,OC
23611,130.0,130731,2659,CS,BCM
23612,130.0,130735,3812,EE,BC
23613,130.0,130736,2367,CS,OC
23614,130.0,130737,1408,EC,BC
23615,130.0,130738,1209,CS,OC
23616,130.0,130739,1519,IT,BC
23617,130.0,130741,1301,EE,SC
23618,129.9,130745,2611,MD,OC
23619,129.9,130746,3821,CS,SC
23620,129.9,130748,4983,CS,BCM
23621,129.9,130753,4669,ME,OC
23622,129.9,130754,2642,CS,SC
23623,129.9,130756,4962,CE,SC
23624,129.9,130757,2716,EE,OC
23625,129.9,130759,2653,CB,SC
23626,129.9,130760,3810,CS,MBC
23627,129.9,130762,1411,AE,MBC
23628,129.9,130763,1318,CS,OC
23629,129.9,130766,2630,EC,SC
23630,129.9,130767,1125,ME,OC
23631,129.9,130768,1525,CS,MBC
23632,129.9,130769,5703,EC,SC
23633,129.8,130770,2707,AG,MBC
23634,129.8,130771,1126,BM,BC
23635,129.8,130772,5913,EC,SC
23636,129.8,130774,4933,ME,OC
23637,129.8,130775,4933,CS,BCM
23638,129.8,130776,1319,CS,BC
23639,129.8,130777,2611,AE,MBC
23640,129.8,130779,2610,EE,BC
23641,129.8,130784,1106,IT,SC
23642,129.8,130786,3805,PH,MBC
23643,129.8,130788,3806,ME,MBC
23644,129.8,130789,1401,CH,OC
23645,129.8,130790,3760,EC,MBC
23646,129.8,130792,2642,CS,SC
23647,129.8,130794,5536,CS,MBC
23648,129.8,130795,2647,CS,MBC
23649,129.8,130797,3801,EC,SC
23650,129.8,130798,1421,EE,MBC
23651,129.8,130799,2749,PE,OC
23652,129.8,130803,1317,CS,ST
23653,129.7,130809,2624,CH,OC
23654,129.7,130811,5532,EE,BC
23655,129.7,130813,2707,AG,BC
23656,129.7,130814,1436,CS,BC
23657,129.7,130815,2634,CS,SCA
23658,129.7,130816,1430,EE,OC
23659,129.7,130818,1319,CS,BC
23660,129.7,130819,2750,EC,SC
23661,129.7,130820,2354,ME,OC
23662,129.7,130822,2715,CH,BC
23663,129.7,130823,2611,EC,SCA
23664,129.7,130824,2648,EE,OC
23665,129.7,130825,2629,IT,MBC
23666,129.7,130828,2628,AD,SC
23667,129.7,130830,3826,ME,SC
23668,129.7,130835,1202,ME,SC
23669,129.7,130836,4933,EE,OC
23670,129.7,130837,2643,EC,SC
23671,129.7,130838,1412,ME,MBC
23672,129.7,130839,1445,CS,OC
23673,129.7,130842,2627,ME,OC
23674,129.7,130844,2610,MZ,BC
23675,129.7,130845,1436,ME,OC
23676,129.7,130846,3425,CE,SC
23677,129.6,130849,2345,EC,BC
23678,129.6,130851,2648,AU,OC
23679,129.6,130853,2630,EE,SC
23680,129.6,130854,2621,ME,MBC
23681,129.6,130855,2642,EC,SC
23682,129.6,130856,3805,BM,SC
23683,129.6,130857,1218,AD,SC
23684,129.6,130860,3805,AE,BC
23685,129.6,130862,1510,EC,OC
23686,129.6,130863,5913,ME,OC
23687,129.6,130864,1229,EE,OC
23688,129.6,130866,3806,ME,SC
23689,129.6,130870,3456,BM,SC
23690,129.6,130871,3801,EE,BC
23691,129.6,130874,4984,ME,OC
23692,129.6,130875,5532,ME,BCM
23693,129.5,130878,2624,EE,OC
23694,129.5,130880,3830,EE,SC
23695,129.5,130882,3760,ME,BC
23696,129.5,130884,4966,ME,OC
23697,129.5,130885,2636,CE,SC
23698,129.5,130886,1126,EC,SC
23699,129.5,130887,2770,CS,OC
23700,129.5,130889,2610,BM,BC
23701,129.5,130892,2643,EE,OC
23702,129.5,130895,2727,CS,SC
23703,129.5,130896,3701,AL,SC
23704,129.5,130897,1217,FD,BC
23705,129.5,130900,2739,EE,SC
23706,129.5,130903,2636,AD,BC
23707,129.5,130904,1317,ME,SC
23708,129.5,130908,1422,ME,SCA
23709,129.5,130909,2776,CS,MBC
23710,129.5,130911,2610,CY,SC
23711,129.5,130912,2715,CE,OC
23712,129.5,130913,1420,AE,BC
23713,129.5,130916,1013,ME,MBC
23714,129.5,130917,1114,ME,MBC
23715,129.5,130926,2611,EC,MBC
23716,129.5,130928,1133,CS,SC
23717,129.5,130930,5017,EE,MBC
23718,129.5,130934,2648,EC,MBC
23719,129.5,130935,5832,EE,BC
23720,129.5,130942,1120,CE,SC
23721,129.5,130948,3410,ME,SC
23722,129.5,130952,1217,BT,BCM
23723,129.5,130955,2648,EC,MBC
23724,129.5,130956,1409,AU,OC
23725,129.5,130957,2665,CS,MBC
23726,129.4,130958,2628,EE,MBC
23727,129.4,130959,2632,EC,BC
23728,129.4,130960,2734,ME,MBC
23729,129.4,130961,2764,CE,SC
23730,129.4,130963,2729,EE,MBC
23731,129.4,130966,1013,XM,OC
23732,129.4,130967,3843,ME,MBC
23733,129.4,130968,2650,ME,SC
23734,129.4,130969,2758,EC,OC
23735,129.4,130971,2347,EC,BC
23736,129.4,130974,2302,EC,MBC
23737,129.4,130975,1441,ME,OC
23738,129.4,130976,3466,ME,OC
23739,129.4,130977,3811,CE,OC
23740,129.4,130978,3410,ME,MBC
23741,129.4,130979,2743,AD,SC
23742,129.4,130981,5536,AG,BC
23743,129.4,130982,2646,EC,MBC
23744,129.4,130983,3410,ME,MBC
23745,129.4,130984,3786,CS,MBC
23746,129.4,130986,2636,ME,MBC
23747,129.4,130987,1520,CS,MBC
23748,129.4,130989,2606,CS,SC
23749,129.3,130990,2650,CS,MBC
23750,129.3,130992,2628,EE,MBC
23751,129.3,130993,4952,CS,SC
23752,129.3,130994,4975,CS,BC
23753,129.3,130997,4961,EC,OC
23754,129.3,130998,1412,ME,MBC
23755,129.3,131001,1411,BT,SC
23756,129.3,131002,3803,IT,SC
23757,129.3,131004,1322,EE,OC
23758,129.3,131005,4917,ME,BC
23759,129.3,131007,4960,BM,MBC
23760,129.3,131009,2648,CS,MBC
23761,129.3,131015,2608,CE,MBC
23762,129.3,131017,3782,CS,SCA
23763,129.3,131019,2683,BM,MBC
23764,129.3,131021,1311,FT,SC
23765,129.3,131024,5862,CE,OC
23766,129.2,131027,2702,FT,SC
23767,129.2,131028,2618,EE,SC
23768,129.2,131030,2747,CS,BC
23769,129.2,131032,2314,EE,MBC
23770,129.2,131035,2747,ME,OC
23771,129.2,131036,1229,CS,SC
23772,129.2,131042,2624,EC,BCM
23773,129.2,131044,3805,CE,SC
23774,129.2,131047,2606,ME,OC
23775,129.2,131048,2618,CE,SCA
23776,129.2,131050,2610,RM,BC
23777,129.2,131051,2618,EE,SC
23778,129.2,131052,1316,ME,SC
23779,129.2,131056,1431,CE,OC
23780,129.2,131057,4989,CS,SCA
23781,129.2,131060,2629,MD,SC
23782,129.2,131061,5532,CE,BC
23783,129.2,131062,3795,ME,BC
23784,129.2,131064,3843,EE,BC
23785,129.2,131065,2706,EC,SC
23786,129.1,131066,3782,EE,OC
23787,129.1,131067,1501,ME,OC
23788,129.1,131072,2646,ME,OC
23789,129.1,131073,2753,AG,MBC
23790,129.1,131074,4955,ME,BC
23791,129.1,131075,2611,IT,ST
23792,129.1,131076,2636,ME,MBC
23793,129.1,131077,2606,EC,MBC
23794,129.1,131078,2609,ME,MBC
23795,129.1,131079,2651,EE,MBC
23796,129.1,131080,1503,BT,OC
23797,129.1,131083,2639,IT,MBC
23798,129.1,131084,4931,EC,MBC
23799,129.1,131085,4933,CS,MBC
23800,129.1,131086,1421,ME,BC
23801,129.1,131087,1519,EC,OC
23802,129.1,131088,3849,CS,SC
23803,129.1,131090,4670,EE,MBC
23804,129.1,131091,2646,EC,MBC
23805,129.1,131092,2743,EC,SC
23806,129.1,131094,1408,EC,BC
23807,129.1,131096,4672,EE,BC
23808,129.0,131099,3829,CS,SC
23809,129.0,131101,3843,EC,MBC
23810,129.0,131102,1431,EE,MBC
23811,129.0,131103,2346,CS,OC
23812,129.0,131105,4964,CS,SC
23813,129.0,131106,3817,CS,BC
23814,129.0,131110,1149,EE,SC
23815,129.0,131113,1110,AD,SC
23816,129.0,131115,4995,EE,OC
23817,129.0,131120,1106,CS,BCM
23818,129.0,131126,1226,CS,BC
23819,129.0,131127,2722,IC,SC
23820,129.0,131132,3016,EE,BC
23821,129.0,131136,5,CF,SCA
23822,129.0,131140,2657,EC,BC
23823,129.0,131142,2642,CS,BC
23824,129.0,131146,2768,EC,OC
23825,129.0,131149,4960,BM,SC
23826,129.0,131150,3908,CS,SC
23827,129.0,131151,3410,EC,SC
23828,129.0,131152,5832,EE,BC
23829,129.0,131153,3829,CE,OC
23830,129.0,131157,2749,AD,MBC
23831,129.0,131158,4970,EE,MBC
23832,129.0,131161,3461,CS,BCM
23833,129.0,131163,2610,EE,SC
23834,129.0,131164,4928,CE,OC
23835,129.0,131167,2747,ME,OC
23836,129.0,131168,3410,CE,OC
23837,129.0,131169,2683,AG,MBC
23838,129.0,131171,1110,AD,SC
23839,129.0,131173,3843,ME,MBC
23840,129.0,131174,2357,IT,SCA
23841,128.9,131183,2665,CS,BC
23842,128.9,131186,2625,EE,OC
23843,128.9,131190,1226,ME,BC
23844,128.9,131192,1519,ME,OC
23845,128.9,131193,1421,ME,SC
23846,128.9,131195,4675,EE,OC
23847,128.9,131201,2630,EC,BC
23848,128.9,131207,2683,ME,OC
23849,128.9,131209,2734,EE,BCM
23850,128.9,131210,2634,CE,OC
23851,128.9,131213,4999,CS,BC
23852,128.9,131215,2707,XM,OC
23853,128.8,131216,3016,EE,BC
23854,128.8,131220,2648,CS,MBC
23855,128.8,131221,2630,EE,MBC
23856,128.8,131223,4969,CS,SC
23857,128.8,131224,1513,ME,OC
23858,128.8,131226,2659,CS,BC
23859,128.8,131230,1126,BM,BC
23860,128.8,131231,2617,EC,MBC
23861,128.8,131233,2345,CS,SC
23862,128.8,131237,1523,CE,OC
23863,128.8,131240,1442,BM,BC
23864,128.8,131241,2611,EE,SC
23865,128.8,131243,3801,ME,BC
23866,128.8,131244,3806,BM,BC
23867,128.8,131245,4972,ME,MBC
23868,128.8,131246,1015,CS,SCA
23869,128.8,131247,1523,AU,OC
23870,128.8,131248,2360,ME,OC
23871,128.8,131250,5536,AG,SCA
23872,128.7,131257,2302,EC,MBC
23873,128.7,131259,3018,ME,BC
23874,128.7,131260,3786,ME,OC
23875,128.7,131262,3805,AO,SC
23876,128.7,131267,2749,AG,MBC
23877,128.7,131274,2646,EC,MBC
23878,128.7,131276,2329,ME,SC
23879,128.7,131277,1115,ME,OC
23880,128.7,131278,2314,EC,BC
23881,128.7,131282,2707,BM,SC
23882,128.7,131284,2721,ME,SC
23883,128.7,131286,3804,EE,OC
23884,128.7,131288,5914,CE,BC
23885,128.6,131289,1127,AE,OC
23886,128.6,131293,2713,CS,MBC
23887,128.6,131297,2341,ME,OC
23888,128.6,131298,1519,ME,OC
23889,128.6,131299,3815,CS,BC
23890,128.6,131301,2342,ME,SC
23891,128.6,131303,2622,CE,SC
23892,128.6,131304,3825,CS,MBC
23893,128.6,131306,2732,CS,MBC
23894,128.6,131307,1133,CS,MBC
23895,128.6,131308,2643,EC,SC
23896,128.6,131309,1441,CE,OC
23897,128.6,131310,1133,ME,OC
23898,128.6,131311,3410,EE,SC
23899,128.6,131312,2710,ME,SC
23900,128.6,131314,2657,EC,BC
23901,128.6,131316,2653,IT,SC
23902,128.6,131317,2659,ME,MBC
23903,128.6,131318,2338,ME,OC
23904,128.6,131320,1431,EC,BC
23905,128.6,131322,3425,EE,SC
23906,128.6,131325,2345,CS,SC
23907,128.6,131327,1229,EE,OC
23908,128.6,131328,1122,ME,SC
23909,128.6,131329,1133,ME,OC
23910,128.5,131330,2646,ME,OC
23911,128.5,131334,2715,BM,SC
23912,128.5,131335,1436,CS,BC
23913,128.5,131336,3811,ME,OC
23914,128.5,131338,3860,ME,OC
23915,128.5,131339,2629,IT,MBC
23916,128.5,131341,4686,CE,OC
23917,128.5,131344,3805,ME,MBC
23918,128.5,131345,2610,EC,SC
23919,128.5,131348,3806,ME,BC
23920,128.5,131350,1509,EE,BC
23921,128.5,131357,1217,EE,OC
23922,128.5,131361,1411,CS,MBC
23923,128.5,131363,4966,CE,OC
23924,128.5,131367,2345,AD,BC
23925,128.5,131370,2711,CH,SC
23926,128.5,131375,1122,CE,SC
23927,128.5,131376,2657,BT,BCM
23928,128.5,131377,3841,ME,OC
23929,128.5,131378,2360,MZ,OC
23930,128.5,131379,1507,EE,OC
23931,128.5,131381,2360,CS,BC
23932,128.5,131382,1405,AD,SC
23933,128.5,131382,5910,AD,SC
23934,128.5,131388,2704,EE,SC
23935,128.5,131389,3803,IT,SC
23936,128.5,131392,2704,CE,SC
23937,128.5,131394,2643,EC,SC
23938,128.5,131396,3809,CS,OC
23939,128.5,131398,4680,ME,BC
23940,128.5,131400,1419,MU,SC
23941,128.5,131403,2634,FD,SC
23942,128.5,131404,4966,ME,OC
23943,128.5,131405,2607,ME,BC
23944,128.5,131406,1412,IT,SC
23945,128.5,131411,3806,ME,MBC
23946,128.4,131413,1230,EC,SC
23947,128.4,131415,2347,ME,MBC
23948,128.4,131416,3466,ME,OC
23949,128.4,131417,3462,EC,OC
23950,128.4,131418,3849,CS,BC
23951,128.4,131421,1509,EE,MBC
23952,128.4,131422,1441,EE,BC
23953,128.4,131423,1015,ME,BCM
23954,128.4,131424,1517,ME,OC
23955,128.4,131425,4672,EE,BC
23956,128.4,131426,1101,CE,OC
23957,128.4,131430,5536,CS,ST
23958,128.4,131432,1436,CS,BC
23959,128.4,131433,1510,CE,OC
23960,128.4,131434,2636,AD,BC
23961,128.4,131435,1441,ME,OC
23962,128.4,131437,1523,AU,OC
23963,128.4,131439,3820,CS,BC
23964,128.4,131440,2609,ME,MBC
23965,128.4,131441,3804,CS,SC
23966,128.3,131442,3701,EC,SC
23967,128.3,131443,2302,IT,BC
23968,128.3,131445,2620,EE,SC
23969,128.3,131446,2634,AG,SC
23970,128.3,131451,5902,CS,BC
23971,128.3,131453,1434,CS,BCM
23972,128.3,131454,1430,EE,OC
23973,128.3,131456,2632,EC,BC
23974,128.3,131458,3806,ME,BC
23975,128.3,131459,3803,CE,BC
23976,128.3,131463,1510,CE,OC
23977,128.3,131466,1402,ME,OC
23978,128.3,131467,3905,ME,SC
23979,128.3,131468,3817,CE,OC
23980,128.3,131469,2349,FD,OC
23981,128.3,131470,3410,EE,SC
23982,128.3,131472,5862,CS,MBC
23983,128.3,131473,3815,ME,OC
23984,128.3,131475,4970,ME,OC
23985,128.3,131476,1137,EC,SC
23986,128.3,131477,1444,ME,OC
23987,128.3,131478,2659,CS,MBC
23988,128.3,131479,2628,EE,MBC
23989,128.3,131484,2610,ME,MBC
23990,128.2,131487,1441,EE,MBC
23991,128.2,131488,1126,BM,SC
23992,128.2,131490,2652,ME,OC
23993,128.2,131492,3807,IT,MBC
23994,128.2,131493,1434,CS,MBC
23995,128.2,131495,1318,IT,OC
23996,128.2,131496,2354,ME,OC
23997,128.2,131498,2646,CS,BC
23998,128.2,131499,2634,AG,MBC
23999,128.2,131501,5530,ME,BC
24000,128.2,131502,1402,EC,OC
24001,128.2,131504,1228,ME,MBC
24002,128.2,131505,3820,CS,SC
24003,128.1,131511,3815,EC,BC
24004,128.1,131513,2639,IT,BC
24005,128.1,131518,4952,CS,BC
24006,128.1,131519,2608,ME,SC
24007,128.1,131520,1243,IT,MBC
24008,128.1,131521,2342,EC,BC
24009,128.1,131524,3831,CS,SC
24010,128.1,131525,2606,EC,MBC
24011,128.1,131526,1408,EC,MBC
24012,128.1,131529,3860,CS,SC
24013,128.1,131530,2609,AD,SC
24014,128.1,131531,2634,FD,SC
24015,128.1,131534,4972,ME,BC
24016,128.0,131536,1424,ME,BC
24017,128.0,131537,2636,ME,BC
24018,128.0,131539,2617,EE,OC
24019,128.0,131542,1510,EC,OC
24020,128.0,131543,4024,CE,BC
24021,128.0,131544,2639,EE,MBC
24022,128.0,131546,5536,AG,SC
24023,128.0,131548,1322,EE,OC
24024,128.0,131550,2725,CS,SCA
24025,128.0,131552,1241,CS,MBC
24026,128.0,131555,1212,EE,OC
24027,128.0,131557,1316,EC,MBC
24028,128.0,131560,1230,EC,MBC
24029,128.0,131562,3843,ME,MBC
24030,128.0,131564,2609,AG,BC
24031,128.0,131567,4971,CS,SC
24032,128.0,131568,1101,EE,BC
24033,128.0,131581,2719,EI,SC
24034,128.0,131584,5832,EE,BC
24035,128.0,131585,2768,CS,BCM
24036,128.0,131586,1408,IT,SC
24037,128.0,131587,2716,CS,SC
24038,128.0,131591,1430,EE,OC
24039,128.0,131592,1520,ME,OC
24040,128.0,131594,3760,EC,SC
24041,128.0,131595,3820,CS,BC
24042,128.0,131596,1505,ME,OC
24043,128.0,131597,2639,IT,MBC
24044,128.0,131598,2367,AD,OC
24045,128.0,131599,2624,FD,MBC
24046,128.0,131602,2314,EE,SC
24047,128.0,131603,2627,EC,OC
24048,128.0,131607,3831,CS,BCM
24049,128.0,131609,2683,BM,SC
24050,128.0,131612,3812,CE,OC
24051,128.0,131615,2610,BM,BC
24052,127.9,131618,5703,EE,OC
24053,127.9,131619,2630,EE,SC
24054,127.9,131621,1426,IT,BC
24055,127.9,131622,1501,ME,OC
24056,127.9,131625,2614,CS,BC
24057,127.9,131627,2611,ME,ST
24058,127.9,131629,2747,ME,OC
24059,127.9,131631,2665,CS,MBC
24060,127.8,131636,5915,ME,OC
24061,127.8,131640,3805,ME,BCM
24062,127.8,131641,4917,EE,BC
24063,127.8,131642,1126,BM,BC
24064,127.8,131643,2624,IT,SC
24065,127.8,131644,5907,ME,OC
24066,127.8,131645,3849,ME,OC
24067,127.8,131647,3018,EE,SC
24068,127.8,131648,1437,IT,OC
24069,127.8,131649,1126,AD,ST
24070,127.8,131650,2713,IT,BC
24071,127.8,131652,3804,ME,OC
24072,127.8,131654,2652,CE,OC
24073,127.8,131655,2747,ME,OC
24074,127.8,131658,1212,EE,OC
24075,127.8,131659,2327,EC,OC
24076,127.8,131660,4672,EE,BC
24077,127.8,131662,2360,CS,BC
24078,127.8,131663,4967,ME,OC
24079,127.7,131670,4933,EE,OC
24080,127.7,131671,1519,CS,BCM
24081,127.7,131674,2607,ME,SCA
24082,127.7,131676,2611,PU,OC
24083,127.7,131677,2628,CS,SCA
24084,127.7,131678,2345,EC,BC
24085,127.7,131680,3760,ME,BC
24086,127.7,131682,2609,AE,BC
24087,127.7,131684,2606,EC,MBC
24088,127.7,131686,2610,MZ,MBC
24089,127.7,131690,2632,EE,OC
24090,127.7,131692,2610,CE,OC
24091,127.6,131695,2341,ME,OC
24092,127.6,131697,3833,EC,BC
24093,127.6,131698,2710,CE,SC
24094,127.6,131702,4993,EC,BC
24095,127.6,131704,5986,CE,SC
24096,127.6,131705,3908,CE,BC
24097,127.6,131708,1436,EE,OC
24098,127.6,131710,3843,EC,BCM
24099,127.6,131713,1241,CS,BC
24100,127.6,131714,2707,EI,BC
24101,127.5,131718,2715,ME,MBC
24102,127.5,131719,2627,CS,BC
24103,127.5,131721,4864,CS,SC
24104,127.5,131722,5536,ME,SC
24105,127.5,131723,4955,ME,BC
24106,127.5,131724,2657,CS,BCM
24107,127.5,131728,4978,CS,BC
24108,127.5,131729,1202,EE,MBC
24109,127.5,131733,1419,EE,ST
24110,127.5,131735,3016,CE,MBC
24111,127.5,131736,5865,CE,SC
24112,127.5,131746,4917,BM,BC
24113,127.5,131752,3021,CS,SCA
24114,127.5,131753,3018,EE,MBC
24115,127.5,131755,1333,CS,OC
24116,127.5,131756,2345,EC,BC
24117,127.5,131761,2314,CS,SC
24118,127.5,131768,3905,CE,OC
24119,127.5,131769,2768,AO,OC
24120,127.5,131771,1510,EC,OC
24121,127.5,131772,2745,EE,OC
24122,127.5,131779,2610,BT,BC
24123,127.5,131781,2622,ME,SC
24124,127.5,131782,2329,ME,SC
24125,127.5,131787,1212,BM,MBC
24126,127.5,131792,3018,ME,SC
24127,127.5,131793,1523,EE,OC
24128,127.4,131799,5935,EC,BC
24129,127.4,131800,2636,ME,SC
24130,127.4,131801,1424,EE,BC
24131,127.4,131802,3829,CS,SC
24132,127.4,131803,2610,CE,OC
24133,127.4,131807,1106,EI,OC
24134,127.4,131808,2314,AD,BC
24135,127.4,131810,5530,CS,SC
24136,127.4,131812,2762,CE,OC
24137,127.4,131815,3813,CS,MBC
24138,127.4,131816,2632,EC,SC
24139,127.4,131817,4957,EC,OC
24140,127.4,131822,2327,EC,OC
24141,127.4,131823,2606,EC,MBC
24142,127.4,131826,2744,CS,SCA
24143,127.3,131828,1519,ME,OC
24144,127.3,131830,4993,IT,BC
24145,127.3,131831,1137,EE,OC
24146,127.3,131832,1202,EE,SC
24147,127.3,131834,1106,ME,OC
24148,127.3,131839,2611,PU,OC
24149,127.3,131841,1226,ME,BC
24150,127.3,131843,3804,EC,MBC
24151,127.3,131846,1408,ME,BCM
24152,127.3,131848,1401,ME,OC
24153,127.2,131850,2707,XM,OC
24154,127.2,131852,1518,IT,OC
24155,127.2,131854,3810,EC,SCA
24156,127.2,131855,1510,EC,OC
24157,127.2,131856,3019,ME,MBC
24158,127.2,131857,3825,EE,MBC
24159,127.2,131860,3018,EE,MBC
24160,127.2,131861,1424,RM,MBC
24161,127.2,131862,1452,CE,SC
24162,127.2,131863,1441,CE,OC
24163,127.2,131865,2346,CS,OC
24164,127.2,131868,1437,IT,OC
24165,127.2,131871,4964,EE,OC
24166,127.2,131872,4961,EC,OC
24167,127.2,131873,4928,ME,BC
24168,127.2,131874,1412,CE,OC
24169,127.2,131876,3843,EC,SC
24170,127.2,131877,2764,CE,MBC
24171,127.2,131878,1501,ME,OC
24172,127.2,131879,2632,ME,OC
24173,127.2,131881,3821,CS,BC
24174,127.2,131882,2629,MD,BC
24175,127.2,131883,1322,ME,OC
24176,127.1,131888,5935,AU,SCA
24177,127.1,131889,2610,ME,BC
24178,127.1,131891,1413,EC,BCM
24179,127.1,131892,2665,CS,MBC
24180,127.1,131893,2741,ME,BC
24181,127.1,131896,1430,EC,SC
24182,127.1,131901,2610,ME,MBC
24183,127.1,131903,2611,AG,SC
24184,127.1,131905,2673,EE,OC
24185,127.1,131906,2611,CE,MBC
24186,127.0,131909,3805,ME,BC
24187,127.0,131910,2647,CS,SC
24188,127.0,131911,1510,EC,OC
24189,127.0,131913,3814,CS,BC
24190,127.0,131916,3817,CS,BC
24191,127.0,131917,1317,ME,SC
24192,127.0,131919,2715,AG,MBC
24193,127.0,131926,2606,CS,BC
24194,127.0,131929,2772,CS,BC
24195,127.0,131930,2769,BC,MBC
24196,127.0,131932,1014,CE,BC
24197,127.0,131946,2755,AG,SC
24198,127.0,131958,1322,EC,BC
24199,127.0,131961,2611,FD,BC
24200,127.0,131965,4962,EC,MBC
24201,127.0,131967,2741,CE,SC
24202,127.0,131968,1409,EE,MBC
24203,127.0,131969,3805,CE,SC
24204,127.0,131971,1322,ME,OC
24205,127.0,131972,3926,CS,OC
24206,127.0,131973,1207,ME,OC
24207,127.0,131974,2711,EE,SC
24208,127.0,131975,1216,CE,SC
24209,127.0,131976,5913,PD,OC
24210,127.0,131977,2708,EC,SC
24211,127.0,131977,3805,CE,BC
24212,127.0,131978,2628,EE,MBC
24213,127.0,131979,2647,IT,OC
24214,127.0,131982,3456,BM,SC
24215,127.0,131983,3456,BM,MBC
24216,127.0,131984,4975,EC,SC
24217,127.0,131985,2707,EE,MBC
24218,127.0,131987,2653,CS,SC
24219,126.9,131991,3821,CS,SC
24220,126.9,131992,1411,IT,BC
24221,126.9,131993,2636,ME,SC
24222,126.9,131998,1210,ME,SC
24223,126.9,131999,4917,CE,BC
24224,126.9,132000,1424,EE,MBC
24225,126.9,132003,1303,AG,MBC
24226,126.9,132004,5865,ME,BC
24227,126.9,132006,2743,BM,SC
24228,126.8,132008,1202,EE,BC
24229,126.8,132010,2623,CS,MBC
24230,126.8,132012,3812,CS,SC
24231,126.8,132013,3425,ME,MBC
24232,126.8,132015,2707,AD,SCA
24233,126.8,132017,2641,CS,MBC
24234,126.8,132020,2636,CE,MBC
24235,126.8,132022,2611,BM,SC
24236,126.8,132024,1517,CS,OC
24237,126.8,132026,4965,CE,OC
24238,126.8,132027,2632,EE,OC
24239,126.8,132031,2347,ME,SC
24240,126.8,132033,1430,ME,OC
24241,126.8,132034,3860,EC,OC
24242,126.8,132035,1133,EC,OC
24243,126.7,132038,2610,CE,OC
24244,126.7,132040,3795,CE,BC
24245,126.7,132041,1202,EE,BCM
24246,126.7,132042,1319,EC,OC
24247,126.7,132046,2624,EE,OC
24248,126.7,132048,4933,EC,BC
24249,126.7,132050,1431,EE,MBC
24250,126.7,132052,2627,CS,MBC
24251,126.7,132056,1126,EC,BC
24252,126.7,132058,1412,ME,MBC
24253,126.7,132059,1437,CS,OC
24254,126.7,132060,5,EC,SCA
24255,126.7,132061,1303,AG,MBC
24256,126.7,132063,1424,EE,BC
24257,126.7,132064,2707,EI,BC
24258,126.7,132066,1212,EE,OC
24259,126.7,132070,1421,ME,BCM
24260,126.7,132072,2612,CS,OC
24261,126.6,132074,4933,CE,OC
24262,126.6,132077,3860,EC,OC
24263,126.6,132078,2665,CS,BC
24264,126.6,132080,1241,CS,MBC
24265,126.6,132081,1517,CS,OC
24266,126.6,132082,2360,ME,OC
24267,126.6,132084,2659,BM,BC
24268,126.6,132086,1523,AU,SC
24269,126.6,132090,2651,CE,OC
24270,126.6,132094,2611,MC,BC
24271,126.6,132095,2653,EE,SC
24272,126.6,132098,3813,CS,BC
24273,126.6,132101,3786,CS,MBC
24274,126.6,132102,1303,EC,MBC
24275,126.5,132103,2611,AE,BCM
24276,126.5,132105,4967,EE,OC
24277,126.5,132106,3425,CE,SC
24278,126.5,132107,1441,ME,OC
24279,126.5,132108,3425,CE,MBC
24280,126.5,132112,5913,EC,MBC
24281,126.5,132113,1316,EC,SC
24282,126.5,132114,5910,EC,MBC
24283,126.5,132118,3918,ME,OC
24284,126.5,132130,4931,EE,OC
24285,126.5,132132,2708,EC,SC
24286,126.5,132135,4977,CS,OC
24287,126.5,132136,4954,ME,BC
24288,126.5,132138,4024,CE,BC
24289,126.5,132139,2734,CD,SC
24290,126.5,132141,2625,CE,OC
24291,126.5,132142,1322,AG,ST
24292,126.5,132143,3461,ME,OC
24293,126.5,132144,1523,CS,SC
24294,126.5,132146,1414,EE,SC
24295,126.5,132147,2354,EC,MBC
24296,126.5,132149,4984,ME,OC
24297,126.5,132151,3811,EE,OC
24298,126.5,132152,1412,IT,BC
24299,126.5,132153,1523,ME,OC
24300,126.4,132157,1525,CS,BCM
24301,126.4,132158,2745,EE,OC
24302,126.4,132159,3805,CE,SC
24303,126.4,132160,3807,EE,BC
24304,126.4,132161,2641,ME,OC
24305,126.4,132165,2707,XM,OC
24306,126.4,132166,2729,EE,MBC
24307,126.4,132167,2715,EC,MBC
24308,126.4,132168,2737,CS,BC
24309,126.4,132171,1409,BM,BC
24310,126.4,132172,5912,EE,OC
24311,126.4,132175,1411,EE,OC
24312,126.4,132177,3829,EC,BC
24313,126.3,132178,2636,ME,SCA
24314,126.3,132182,1319,AD,MBC
24315,126.3,132183,1441,ME,OC
24316,126.3,132184,3807,EE,SC
24317,126.3,132186,2618,ME,SC
24318,126.3,132191,1512,EC,OC
24319,126.3,132192,1441,ME,OC
24320,126.3,132194,2628,AU,OC
24321,126.3,132196,5,MM,BC
24322,126.3,132197,1501,EC,BC
24323,126.3,132198,2606,EE,OC
24324,126.3,132200,1325,ME,SC
24325,126.3,132201,3760,ME,MBC
24326,126.3,132202,2642,ME,OC
24327,126.3,132204,3805,CE,MBC
24328,126.3,132206,2648,EE,OC
24329,126.3,132208,4992,ME,OC
24330,126.3,132214,2625,CS,OC
24331,126.2,132215,2627,EC,OC
24332,126.2,132216,1218,AD,SC
24333,126.2,132217,1510,ME,OC
24334,126.2,132219,2627,EC,OC
24335,126.2,132220,2641,CS,MBC
24336,126.2,132221,1207,EC,BC
24337,126.2,132222,1210,ME,SC
24338,126.2,132224,2342,ME,SC
24339,126.2,132226,5536,EC,SC
24340,126.2,132227,5942,CS,BC
24341,126.2,132229,4999,ME,OC
24342,126.2,132231,3806,CE,OC
24343,126.2,132232,3460,CS,OC
24344,126.2,132234,3462,ME,OC
24345,126.2,132235,1505,IT,MBC
24346,126.2,132236,1431,ME,SC
24347,126.2,132238,4994,EE,SC
24348,126.2,132239,3425,CE,MBC
24349,126.2,132240,2629,MD,BC
24350,126.2,132244,5832,ME,BC
24351,126.2,132245,1412,ME,MBC
24352,126.1,132248,1430,EE,OC
24353,126.1,132249,2751,CS,SC
24354,126.1,132252,3844,BM,OC
24355,126.1,132258,1414,CE,MBC
24356,126.1,132260,2727,EE,SC
24357,126.1,132265,5919,CS,SC
24358,126.0,132267,1525,EE,OC
24359,126.0,132272,2683,AG,MBC
24360,126.0,132276,2608,AD,SC
24361,126.0,132278,1520,EE,OC
24362,126.0,132280,3018,EE,BC
24363,126.0,132282,4917,BT,BC
24364,126.0,132285,2601,CH,BC
24365,126.0,132289,2611,PU,OC
24366,126.0,132290,1409,BT,BC
24367,126.0,132292,1122,CE,SC
24368,126.0,132294,1523,CS,SC
24369,126.0,132297,2721,IC,BC
24370,126.0,132301,1523,EC,BC
24371,126.0,132302,2753,EC,OC
24372,126.0,132311,2606,CE,OC
24373,126.0,132319,5017,EE,MBC
24374,126.0,132322,2716,IT,MBC
24375,126.0,132323,1405,AD,SC
24376,126.0,132326,2762,ME,OC
24377,126.0,132328,1310,IT,SC
24378,126.0,132338,2601,ME,BC
24379,126.0,132339,2708,EC,SC
24380,126.0,132341,1319,CS,SC
24381,126.0,132348,4999,CS,BC
24382,126.0,132350,1212,PE,BC
24383,126.0,132354,4999,AD,SC
24384,126.0,132355,3410,CE,OC
24385,126.0,132356,1525,CS,MBC
24386,126.0,132357,2743,ME,OC
24387,126.0,132358,1313,CS,MBC
24388,126.0,132359,3805,EC,SC
24389,126.0,132360,3811,EC,BC
24390,126.0,132361,3454,AG,MBC
24391,126.0,132363,2646,ME,OC
24392,126.0,132365,3016,CE,MBC
24393,126.0,132367,1504,EC,SC
24394,126.0,132368,5913,ME,OC
24395,125.9,132369,4972,ME,BC
24396,125.9,132370,2341,EE,OC
24397,125.9,132371,2648,ME,OC
24398,125.9,132372,2628,CS,SC
24399,125.9,132373,2623,EC,MBC
24400,125.9,132375,3018,ME,MBC
24401,125.9,132376,3701,ME,SC
24402,125.9,132378,1501,CE,OC
24403,125.9,132379,3021,ME,MBC
24404,125.9,132382,1421,ME,SC
24405,125.9,132383,3410,ME,MBC
24406,125.8,132389,1421,EE,MBC
24407,125.8,132390,3425,EE,SC
24408,125.8,132391,2624,EE,OC
24409,125.8,132392,2613,SF,MBC
24410,125.8,132395,2613,SF,MBC
24411,125.8,132396,5942,CS,SC
24412,125.8,132397,1501,CE,OC
24413,125.8,132398,4672,CE,BC
24414,125.8,132400,2636,CS,BCM
24415,125.8,132403,2743,AG,MBC
24416,125.8,132404,1411,BT,SC
24417,125.8,132406,5913,EE,OC
24418,125.8,132407,2607,ME,BC
24419,125.8,132408,1307,EE,BCM
24420,125.8,132409,3760,ME,MBC
24421,125.8,132410,2653,EC,SC
24422,125.8,132411,1127,EC,BC
24423,125.8,132412,1510,EC,OC
24424,125.8,132416,3425,CE,MBC
24425,125.8,132419,2632,CS,MBC
24426,125.7,132427,2628,EE,MBC
24427,125.7,132428,2314,AG,MBC
24428,125.7,132431,1412,ME,MBC
24429,125.7,132433,1424,ME,MBC
24430,125.7,132435,2624,ME,OC
24431,125.7,132436,2743,EC,SC
24432,125.6,132438,1430,CS,MBC
24433,125.6,132439,1518,IT,MBC
24434,125.6,132443,1217,EC,BC
24435,125.6,132444,3410,EC,SC
24436,125.6,132445,1238,BM,SC
24437,125.6,132447,5532,EE,BC
24438,125.6,132448,1301,ME,MBC
24439,125.6,132451,1202,ME,MBC
24440,125.6,132452,1202,EC,SCA
24441,125.6,132453,1405,EE,BC
24442,125.6,132454,1026,EE,SCA
24443,125.6,132456,2610,ME,BC
24444,125.6,132457,2610,IT,SC
24445,125.5,132463,1424,CS,MBC
24446,125.5,132466,1430,ME,MBC
24447,125.5,132469,4969,EE,BC
24448,125.5,132471,3410,ME,BCM
24449,125.5,132475,2628,BM,MBC
24450,125.5,132477,2302,BM,SC
24451,125.5,132478,4680,ME,BC
24452,125.5,132482,4977,ME,OC
24453,125.5,132484,3805,AE,BC
24454,125.5,132486,3820,CS,BC
24455,125.5,132488,4952,CS,BC
24456,125.5,132498,3021,ME,SC
24457,125.5,132508,1241,EC,OC
24458,125.5,132512,2632,ME,OC
24459,125.5,132518,1408,EE,BC
24460,125.5,132521,3011,XC,BC
24461,125.5,132526,2740,PH,BC
24462,125.5,132535,2611,CE,BC
24463,125.5,132536,3805,ME,BC
24464,125.5,132537,3795,CE,MBC
24465,125.5,132538,2758,IT,BC
24466,125.5,132539,4957,CS,MBC
24467,125.4,132540,3860,CS,SC
24468,125.4,132541,1217,AU,OC
24469,125.4,132544,2643,EC,SC
24470,125.4,132545,3829,EC,SC
24471,125.4,132546,2659,ME,MBC
24472,125.4,132547,5902,ME,BC
24473,125.4,132550,2652,ME,OC
24474,125.4,132554,3018,ME,MBC
24475,125.4,132555,3805,CE,BC
24476,125.4,132556,3805,EC,SC
24477,125.4,132561,2749,AD,BC
24478,125.4,132562,1501,EE,MBC
24479,125.4,132563,5536,EE,SC
24480,125.4,132566,3814,CS,MBC
24481,125.3,132568,2628,AU,OC
24482,125.3,132571,2659,CE,OC
24483,125.3,132574,3860,CS,SC
24484,125.3,132581,3018,ME,MBC
24485,125.3,132582,3860,CS,SC
24486,125.3,132584,4964,EC,SCA
24487,125.3,132586,2625,ME,OC
24488,125.2,132588,5914,CS,MBC
24489,125.2,132589,3801,ME,SC
24490,125.2,132590,4994,EC,BC
24491,125.2,132591,3454,AG,MBC
24492,125.2,132592,2643,EC,MBC
24493,125.2,132593,2614,CS,BC
24494,125.2,132596,4864,CE,OC
24495,125.2,132597,2776,AU,OC
24496,125.2,132598,2636,EE,SC
24497,125.2,132599,2618,ME,SC
24498,125.2,132601,2646,EE,SC
24499,125.2,132604,3811,EE,OC
24500,125.2,132607,5703,CS,SCA
24501,125.2,132609,2650,EC,BC
24502,125.2,132610,2617,EE,OC
24503,125.1,132613,2652,ME,OC
24504,125.1,132614,2745,CS,SC
24505,125.1,132615,2715,CE,OC
24506,125.1,132616,3410,EC,SC
24507,125.1,132619,1517,EE,OC
24508,125.1,132621,1301,EE,SC
24509,125.1,132622,2632,EC,BC
24510,125.1,132623,2607,ME,BC
24511,125.1,132628,4957,CS,BCM
24512,125.0,132629,3016,CS,SCA
24513,125.0,132630,1202,EE,SC
24514,125.0,132633,4024,EE,MBC
24515,125.0,132634,2683,AG,MBC
24516,125.0,132635,2715,AG,BC
24517,125.0,132637,1313,CS,SC
24518,125.0,132638,1430,EC,SC
24519,125.0,132640,2740,EC,SC
24520,125.0,132645,2632,BM,BCM
24521,125.0,132646,3905,CS,MBC
24522,125.0,132647,2716,CS,SC
24523,125.0,132650,1605,IT,OC
24524,125.0,132663,3011,XC,BC
24525,125.0,132668,4994,CE,OC
24526,125.0,132678,4917,EC,SC
24527,125.0,132683,1126,BM,SC
24528,125.0,132689,3843,EC,BCM
24529,125.0,132690,2646,EE,MBC
24530,125.0,132691,2611,BM,SCA
24531,125.0,132692,1518,IT,MBC
24532,125.0,132693,4978,EE,OC
24533,125.0,132695,2651,FT,BC
24534,125.0,132696,1517,ME,OC
24535,125.0,132699,2643,EC,SC
24536,125.0,132700,1133,ME,OC
24537,125.0,132701,1441,EC,OC
24538,125.0,132702,3018,ME,SC
24539,124.9,132704,2642,ME,BCM
24540,124.9,132708,4999,CS,BC
24541,124.9,132710,5536,ME,BCM
24542,124.8,132715,2659,ME,ST
24543,124.8,132716,1421,ME,MBC
24544,124.8,132717,3021,ME,MBC
24545,124.8,132718,5907,EC,OC
24546,124.8,132719,2650,CS,BC
24547,124.8,132721,2749,EC,BC
24548,124.8,132722,2347,ME,SC
24549,124.8,132723,2726,CE,MBC
24550,124.8,132724,3843,EE,BC
24551,124.8,132725,2607,IT,SC
24552,124.8,132726,2617,EC,SC
24553,124.8,132727,3843,ME,MBC
24554,124.8,132729,3454,ME,OC
24555,124.8,132731,1207,EC,BC
24556,124.8,132732,2611,ME,MBC
24557,124.8,132739,1411,CE,OC
24558,124.7,132740,1412,CS,MBC
24559,124.7,132741,2346,CS,SC
24560,124.7,132742,3843,CS,SC
24561,124.7,132745,1401,ME,OC
24562,124.7,132746,3805,EC,SC
24563,124.7,132748,1523,CE,OC
24564,124.7,132752,4961,CS,SC
24565,124.7,132753,2628,BM,SC
24566,124.6,132757,2342,ME,BC
24567,124.6,132758,2632,ME,OC
24568,124.6,132759,1311,ME,SC
24569,124.6,132760,4672,EE,BC
24570,124.6,132763,3016,ME,MBC
24571,124.6,132764,2642,ME,BC
24572,124.6,132767,2338,ME,OC
24573,124.6,132769,5536,AG,SC
24574,124.6,132776,3011,XM,OC
24575,124.6,132777,1416,CS,SC
24576,124.5,132779,3701,ME,MBC
24577,124.5,132780,2639,EE,SC
24578,124.5,132781,5703,CS,SCA
24579,124.5,132783,1409,BM,BC
24580,124.5,132784,2611,EC,MBC
24581,124.5,132785,1322,ME,OC
24582,124.5,132787,3786,AE,MBC
24583,124.5,132788,1202,EE,SC
24584,124.5,132789,1127,BT,BC
24585,124.5,132793,2357,EC,SC
24586,124.5,132794,2601,EC,SC
24587,124.5,132799,1510,EC,OC
24588,124.5,132804,1447,IT,SC
24589,124.5,132806,1422,EC,SCA
24590,124.5,132810,1319,CS,BC
24591,124.5,132811,5010,CS,ST
24592,124.5,132815,1510,EC,OC
24593,124.5,132816,2653,CS,SC
24594,124.5,132818,2609,PU,MBC
24595,124.5,132819,2716,BM,BCM
24596,124.5,132820,1218,RM,OC
24597,124.5,132822,2740,PH,BC
24598,124.5,132825,5533,CS,OC
24599,124.5,132828,2711,EE,SC
24600,124.5,132830,3805,FD,BC
24601,124.5,132834,2711,CE,SC
24602,124.5,132842,3843,ME,MBC
24603,124.5,132844,3829,CE,OC
24604,124.5,132847,3843,EC,BC
24605,124.5,132848,1122,EC,SCA
24606,124.5,132849,1307,CE,BC
24607,124.5,132850,3806,CE,OC
24608,124.5,132851,2610,CE,OC
24609,124.4,132852,2659,EE,MBC
24610,124.4,132853,3829,EE,SC
24611,124.4,132857,1523,EC,MBC
24612,124.4,132862,2707,ME,SC
24613,124.4,132863,2659,EC,MBC
24614,124.4,132864,3425,CE,SC
24615,124.4,132865,1106,ME,OC
24616,124.4,132868,1513,EE,OC
24617,124.4,132870,2606,EE,OC
24618,124.4,132871,2609,AO,SCA
24619,124.3,132872,1441,CS,SC
24620,124.3,132873,1304,ME,SCA
24621,124.3,132874,2342,ME,BC
24622,124.3,132875,1207,ME,OC
24623,124.3,132879,2768,ME,OC
24624,124.3,132881,1441,CS,MBC
24625,124.3,132882,3843,ME,MBC
24626,124.3,132884,3805,EE,BC
24627,124.3,132887,4996,EE,OC
24628,124.3,132888,2346,CS,SC
24629,124.3,132889,2642,IT,BC
24630,124.3,132892,3812,EC,BC
24631,124.3,132893,2702,AU,SC
24632,124.3,132897,2632,ME,OC
24633,124.2,132898,1504,CE,OC
24634,124.2,132900,2747,CS,SC
24635,124.2,132904,2761,EC,OC
24636,124.2,132905,1202,EE,SC
24637,124.2,132907,1420,ME,MBC
24638,124.2,132908,3805,EE,BC
24639,124.2,132909,1013,XM,OC
24640,124.2,132912,2632,ME,OC
24641,124.2,132917,2628,AU,OC
24642,124.2,132918,4676,ME,BC
24643,124.2,132919,1434,EE,OC
24644,124.1,132922,1412,ME,SC
24645,124.1,132923,2630,ME,BC
24646,124.1,132925,2611,CS,SC
24647,124.1,132926,1421,ME,SC
24648,124.1,132927,2711,ME,SC
24649,124.1,132928,2613,CE,BC
24650,124.1,132929,3860,ME,OC
24651,124.1,132930,3806,CE,OC
24652,124.1,132931,1101,CE,OC
24653,124.1,132935,2621,ME,MBC
24654,124.1,132942,1525,ME,OC
24655,124.1,132943,2708,MZ,SC
24656,124.1,132944,2753,EC,OC
24657,124.1,132945,1431,EC,SC
24658,124.0,132947,1116,EC,BC
24659,124.0,132948,2338,AG,SC
24660,124.0,132949,4981,CS,SC
24661,124.0,132951,3811,EE,OC
24662,124.0,132953,2302,CS,SC
24663,124.0,132954,1507,EE,OC
24664,124.0,132955,1207,ME,OC
24665,124.0,132956,3786,EC,SC
24666,124.0,132958,5942,EE,OC
24667,124.0,132959,2741,EC,MBC
24668,124.0,132961,1110,EC,SC
24669,124.0,132964,2638,IT,BC
24670,124.0,132972,1110,BT,SC
24671,124.0,132977,5935,EE,OC
24672,124.0,132982,2610,ME,MBC
24673,124.0,132987,1218,CS,SC
24674,124.0,132988,2647,IT,OC
24675,124.0,133006,1452,EC,BC
24676,124.0,133012,1319,EC,OC
24677,124.0,133016,2758,IT,BC
24678,124.0,133018,3805,CE,MBC
24679,124.0,133019,2625,BM,MBC
24680,124.0,133020,4993,AG,BC
24681,124.0,133021,3805,ME,BCM
24682,124.0,133024,1241,CS,MBC
24683,124.0,133026,2659,ME,SC
24684,124.0,133027,4957,ME,MBC
24685,123.9,133028,3805,CE,MBC
24686,123.9,133029,1325,EC,SC
24687,123.9,133030,1408,ME,MBC
24688,123.9,133032,1510,EE,MBC
24689,123.9,133033,1510,CS,BC
24690,123.9,133034,1519,CE,OC
24691,123.9,133035,5935,CS,SCA
24692,123.9,133036,2659,BM,SC
24693,123.9,133038,1408,ME,BC
24694,123.9,133041,3804,ME,OC
24695,123.8,133044,3803,CE,BC
24696,123.8,133046,2347,EC,BC
24697,123.8,133047,2346,CS,SC
24698,123.8,133049,2625,CS,OC
24699,123.8,133051,1408,EC,BC
24700,123.8,133052,2758,IT,ST
24701,123.8,133053,1510,ME,OC
24702,123.8,133054,2607,MZ,MBC
24703,123.8,133055,2609,AD,SC
24704,123.8,133056,2713,IT,BC
24705,123.8,133057,3805,ME,SC
24706,123.8,133058,3425,CE,MBC
24707,123.8,133059,4949,CE,OC
24708,123.8,133060,3806,ME,MBC
24709,123.8,133062,2622,CE,SC
24710,123.8,133064,4964,ME,OC
24711,123.8,133065,2610,ME,MBC
24712,123.8,133066,3920,CS,BC
24713,123.8,133068,1441,EC,OC
24714,123.8,133069,2345,ME,OC
24715,123.7,133071,4953,ME,OC
24716,123.7,133072,4999,CS,BC
24717,123.7,133077,2632,EC,BC
24718,123.7,133079,4953,ME,OC
24719,123.7,133083,3795,CE,BC
24720,123.7,133084,3908,ME,MBC
24721,123.7,133087,2639,EE,MBC
24722,123.7,133089,3786,EC,SC
24723,123.7,133090,2639,IT,MBC
24724,123.7,133091,3905,ME,SC
24725,123.7,133092,1431,ME,BC
24726,123.7,133093,4917,CE,BC
24727,123.6,133095,5935,CS,SC
24728,123.6,133096,3811,CS,SCA
24729,123.6,133100,5532,CE,BCM
24730,123.6,133101,4675,CS,BCM
24731,123.6,133102,3018,ME,SC
24732,123.6,133103,2327,EC,OC
24733,123.6,133105,2646,CS,BC
24734,123.6,133106,3918,EC,BCM
24735,123.6,133107,2607,CB,SCA
24736,123.6,133109,3461,CS,BC
24737,123.6,133110,5912,EE,OC
24738,123.6,133111,3805,ME,BC
24739,123.6,133112,1424,ME,MBC
24740,123.6,133114,1226,CS,BC
24741,123.6,133115,1510,ME,OC
24742,123.6,133116,3782,EC,BC
24743,123.6,133117,5935,CE,OC
24744,123.6,133118,3821,CS,SC
24745,123.6,133119,4672,CE,BC
24746,123.6,133120,1504,EC,SC
24747,123.6,133121,5913,EE,OC
24748,123.6,133122,3466,EE,OC
24749,123.5,133123,2753,AG,BC
24750,123.5,133124,1436,ME,OC
24751,123.5,133130,4984,CS,BC
24752,123.5,133131,2611,PU,SC
24753,123.5,133133,4993,CS,MBC
24754,123.5,133137,3857,EE,OC
24755,123.5,133138,2743,EC,MBC
24756,123.5,133140,3018,EE,BC
24757,123.5,133141,2624,AG,BC
24758,123.5,133142,1217,EE,OC
24759,123.5,133144,5914,ME,OC
24760,123.5,133145,1212,BM,SC
24761,123.5,133152,2707,AG,MBC
24762,123.5,133154,1218,CS,MBC
24763,123.5,133155,1505,CE,OC
24764,123.5,133160,2722,EE,SCA
24765,123.5,133173,4976,CS,OC
24766,123.5,133176,3820,CS,SC
24767,123.5,133182,3018,EE,SC
24768,123.5,133183,1434,ME,OC
24769,123.5,133185,2611,MD,OC
24770,123.4,133197,4946,ME,OC
24771,123.4,133198,4946,ME,OC
24772,123.4,133203,2758,EE,OC
24773,123.4,133204,4996,CS,MBC
24774,123.3,133206,2609,ME,SC
24775,123.3,133207,1413,EC,SC
24776,123.3,133209,5942,IT,SC
24777,123.3,133214,2327,EC,OC
24778,123.3,133216,1126,BM,BC
24779,123.3,133217,2625,BM,MBC
24780,123.3,133219,2345,ME,OC
24781,123.3,133221,2628,EE,MBC
24782,123.3,133222,1523,EE,OC
24783,123.2,133227,3805,EE,SC
24784,123.2,133228,2622,ME,SC
24785,123.2,133231,2341,BM,OC
24786,123.2,133232,1233,EC,SC
24787,123.2,133235,2606,CS,SC
24788,123.2,133237,2341,ME,OC
24789,123.2,133238,2717,CS,OC
24790,123.2,133244,1519,ME,OC
24791,123.1,133245,3806,CE,OC
24792,123.1,133246,4669,ME,OC
24793,123.1,133247,4949,EE,OC
24794,123.1,133248,2621,MZ,MBC
24795,123.1,133252,2632,ME,OC
24796,123.1,133253,3815,CS,MBC
24797,123.1,133254,5921,ME,OC
24798,123.1,133256,3806,ME,BC
24799,123.1,133257,2650,ME,SC
24800,123.1,133258,2639,ME,MBC
24801,123.1,133259,1445,CS,OC
24802,123.1,133260,2632,ME,SCA
24803,123.1,133262,1218,CS,SC
24804,123.1,133264,2636,ME,MBC
24805,123.0,133266,5921,ME,OC
24806,123.0,133269,2646,ME,OC
24807,123.0,133270,3425,CE,MBC
24808,123.0,133272,5919,EE,OC
24809,123.0,133273,2624,BM,MBC
24810,123.0,133274,2625,EC,OC
24811,123.0,133275,2609,AO,MBC
24812,123.0,133279,2702,EI,SC
24813,123.0,133281,3410,CE,OC
24814,123.0,133282,3018,EE,BC
24815,123.0,133284,2726,CS,SCA
24816,123.0,133290,1405,EC,MBC
24817,123.0,133292,2657,EC,BC
24818,123.0,133296,1519,CS,BC
24819,123.0,133297,2769,CB,OC
24820,123.0,133298,2623,CS,BC
24821,123.0,133303,1216,CE,SC
24822,123.0,133304,2357,EC,MBC
24823,123.0,133306,2342,EC,BC
24824,123.0,133313,4964,AE,OC
24825,123.0,133318,2621,CE,MBC
24826,123.0,133322,5910,CE,SC
24827,123.0,133324,1228,BM,SC
24828,123.0,133326,4959,ME,MBC
24829,123.0,133328,1216,CE,SC
24830,123.0,133334,5,ME,BC
24831,123.0,133336,3806,EC,BC
24832,123.0,133338,1434,CS,SC
24833,123.0,133341,2632,ME,SC
24834,122.9,133346,1238,BM,MBC
24835,122.9,133348,5930,ME,OC
24836,122.9,133349,1518,IT,SC
24837,122.9,133350,2758,EE,OC
24838,122.9,133351,1510,ME,OC
24839,122.9,133353,4957,CS,SC
24840,122.8,133356,5832,ME,BC
24841,122.8,133358,2776,MZ,BCM
24842,122.8,133359,1517,IT,BC
24843,122.8,133361,1501,ME,OC
24844,122.8,133362,3825,ME,MBC
24845,122.8,133363,2610,ME,BC
24846,122.8,133364,1409,CE,OC
24847,122.8,133366,1241,EE,OC
24848,122.8,133368,2634,BM,MBC
24849,122.8,133374,1421,ME,MBC
24850,122.8,133375,3466,EE,OC
24851,122.8,133378,1441,EC,MBC
24852,122.8,133380,3760,ME,BC
24853,122.7,133381,1509,EE,MBC
24854,122.7,133383,3860,ME,OC
24855,122.7,133385,1228,BM,BC
24856,122.7,133387,2624,IT,MBC
24857,122.7,133389,1430,CE,OC
24858,122.7,133391,2748,ME,OC
24859,122.7,133392,4996,CS,BC
24860,122.6,133398,2741,CE,SC
24861,122.6,133400,2357,EC,SC
24862,122.6,133401,2611,ME,MBC
24863,122.6,133402,1412,EE,MBC
24864,122.6,133403,2640,CS,OC
24865,122.6,133404,3849,ME,OC
24866,122.6,133405,2609,AD,SC
24867,122.6,133406,4024,CE,BC
24868,122.5,133408,5935,CS,SC
24869,122.5,133411,5832,ME,MBC
24870,122.5,133412,2769,PD,BC
24871,122.5,133413,3843,ME,MBC
24872,122.5,133414,2622,ME,SC
24873,122.5,133415,5530,ME,BC
24874,122.5,133419,2609,AO,SC
24875,122.5,133420,2776,AG,BC
24876,122.5,133423,2708,MZ,SC
24877,122.5,133424,1605,CS,BC
24878,122.5,133429,2749,CS,SC
24879,122.5,133431,1026,EE,BCM
24880,122.5,133437,3462,EE,OC
24881,122.5,133438,1512,IT,MBC
24882,122.5,133439,1216,AD,SCA
24883,122.5,133448,1437,IT,OC
24884,122.5,133452,3803,ME,BC
24885,122.5,133458,2338,ME,OC
24886,122.5,133459,3920,EE,BC
24887,122.5,133462,1523,IT,MBC
24888,122.5,133463,1401,CH,OC
24889,122.5,133464,5862,CE,OC
24890,122.4,133466,2640,CS,OC
24891,122.4,133468,1412,IT,BC
24892,122.4,133470,2659,CS,BC
24893,122.4,133475,4023,CS,SCA
24894,122.4,133476,2683,BM,MBC
24895,122.4,133478,1518,IT,MBC
24896,122.4,133480,5530,AU,OC
24897,122.4,133481,1501,ME,OC
24898,122.4,133482,1207,ME,OC
24899,122.4,133483,2624,CH,OC
24900,122.4,133487,3813,CS,MBC
24901,122.3,133495,2753,EC,OC
24902,122.3,133497,1405,AD,SC
24903,122.3,133499,2642,EE,MBC
24904,122.3,133504,1210,ME,SC
24905,122.2,133506,3425,EC,BCM
24906,122.2,133508,1202,ME,BC
24907,122.2,133510,1436,CS,BC
24908,122.2,133511,1523,EC,BCM
24909,122.2,133512,1316,MZ,BC
24910,122.2,133513,2606,EE,OC
24911,122.2,133514,1441,CE,OC
24912,122.2,133515,1503,IT,BC
24913,122.2,133516,3410,EE,BC
24914,122.2,133522,2702,FT,SC
24915,122.2,133523,2715,ME,MBC
24916,122.1,133525,1424,PE,BC
24917,122.1,133526,1412,ME,MBC
24918,122.1,133527,2628,CS,SC
24919,122.1,133528,4864,CE,OC
24920,122.1,133529,3795,CE,MBC
24921,122.1,133530,1431,ME,BC
24922,122.1,133531,3908,CE,SC
24923,122.1,133533,2683,EE,OC
24924,122.1,133535,3908,CE,SC
24925,122.1,133536,2609,ME,BC
24926,122.0,133540,1510,EC,OC
24927,122.0,133543,2634,ME,OC
24928,122.0,133544,1519,CS,MBC
24929,122.0,133545,1421,ME,MBC
24930,122.0,133548,2627,EE,OC
24931,122.0,133549,1441,EE,MBC
24932,122.0,133550,2708,EE,SC
24933,122.0,133551,2749,EC,BC
24934,122.0,133554,2707,CJ,SC
24935,122.0,133555,2755,AE,MBC
24936,122.0,133561,2345,AD,BC
24937,122.0,133563,1509,EE,SC
24938,122.0,133567,2727,CS,SC
24939,122.0,133569,1422,IT,SCA
24940,122.0,133576,2755,AG,SC
24941,122.0,133581,2711,EC,SCA
24942,122.0,133586,1517,IT,BC
24943,122.0,133588,3830,EE,MBC
24944,122.0,133591,1110,BT,SC
24945,122.0,133597,5910,CB,SC
24946,122.0,133602,1110,MZ,BC
24947,122.0,133603,1412,EC,BCM
24948,122.0,133604,1106,AE,OC
24949,122.0,133609,2683,CS,ST
24950,122.0,133610,1322,ME,OC
24951,122.0,133613,4672,CE,BC
24952,122.0,133615,2610,ME,SCA
24953,122.0,133616,1238,EE,OC
24954,122.0,133618,1525,ME,OC
24955,122.0,133619,1411,CS,BC
24956,122.0,133623,1519,IT,MBC
24957,121.9,133627,2601,ME,MBC
24958,121.9,133629,1408,CE,MBC
24959,121.9,133632,3810,EC,SC
24960,121.8,133635,2758,EC,OC
24961,121.8,133636,2625,EE,OC
24962,121.8,133637,1449,CS,OC
24963,121.8,133638,1441,CS,MBC
24964,121.8,133639,2345,ME,OC
24965,121.8,133641,3806,ME,BCM
24966,121.8,133647,3849,CS,SC
24967,121.8,133650,2743,AG,MBC
24968,121.8,133651,2628,BM,MBC
24969,121.8,133652,1313,CS,BC
24970,121.7,133654,2611,PU,MBC
24971,121.7,133658,2314,AD,BC
24972,121.7,133661,5536,EE,BC
24973,121.7,133662,2611,MC,BCM
24974,121.6,133665,1241,CS,SC
24975,121.6,133666,1517,IT,SC
24976,121.6,133667,2609,EE,SC
24977,121.6,133668,3841,ME,OC
24978,121.6,133669,1212,PE,SC
24979,121.5,133677,2643,EC,SC
24980,121.5,133681,3810,EE,BC
24981,121.5,133683,2749,EC,MBC
24982,121.5,133684,1401,CE,OC
24983,121.5,133685,3849,ME,OC
24984,121.5,133691,2753,EC,BC
24985,121.5,133694,5022,CE,SC
24986,121.5,133697,3016,CE,BC
24987,121.5,133698,2607,BT,SC
24988,121.5,133699,1504,ME,BC
24989,121.5,133700,2345,CS,MBC
24990,121.5,133701,1421,CE,OC
24991,121.5,133702,2624,EC,BC
24992,121.5,133705,2609,AD,MBC
24993,121.5,133709,3817,CH,OC
24994,121.5,133712,1116,EC,SC
24995,121.5,133717,1316,MU,MBC
24996,121.5,133721,2764,CH,SC
24997,121.5,133723,1519,EC,OC
24998,121.5,133724,2652,EE,OC
24999,121.5,133726,2314,AG,MBC
25000,121.5,133727,5536,AG,BC
25001,121.5,133728,4933,EE,OC
25002,121.4,133731,2707,XM,SC
25003,121.4,133732,2360,ME,OC
25004,121.4,133733,5921,ME,OC
25005,121.3,133740,3831,IT,OC
25006,121.3,133743,1424,RM,BC
25007,121.3,133744,3782,EC,SC
25008,121.3,133748,1238,EC,SC
25009,121.3,133749,5915,ME,OC
25010,121.3,133751,3804,AU,OC
25011,121.3,133753,2610,EE,SC
25012,121.2,133756,2341,ME,OC
25013,121.2,133757,2606,EC,MBC
25014,121.2,133758,1207,BM,BC
25015,121.2,133761,2634,CS,BCM
25016,121.2,133766,2625,ME,OC
25017,121.2,133767,5536,EE,BC
25018,121.2,133769,2776,MZ,MBC
25019,121.1,133773,1441,ME,OC
25020,121.1,133774,5,CZ,BC
25021,121.1,133778,1316,MU,SC
25022,121.1,133783,1518,IT,MBC
25023,121.1,133784,2606,EC,MBC
25024,121.0,133786,3760,AD,SC
25025,121.0,133787,2610,MZ,MBC
25026,121.0,133789,1507,EC,OC
25027,121.0,133790,3410,EE,MBC
25028,121.0,133791,1452,EE,SC
25029,121.0,133792,5022,ME,SC
25030,121.0,133800,2611,FD,BCM
25031,121.0,133802,4969,CS,SC
25032,121.0,133805,3844,CS,BC
25033,121.0,133809,4917,BT,BC
25034,121.0,133815,1106,EI,OC
25035,121.0,133826,1210,CS,SCA
25036,121.0,133827,2646,CS,BC
25037,121.0,133828,1333,CS,OC
25038,121.0,133829,3844,BM,OC
25039,121.0,133831,5,CZ,BC
25040,121.0,133833,1233,ME,BCM
25041,121.0,133835,3806,CE,OC
25042,121.0,133836,5536,EC,SC
25043,121.0,133838,2327,ME,OC
25044,121.0,133839,2659,EC,SC
25045,121.0,133840,4975,ME,OC
25046,120.9,133845,2636,CE,SC
25047,120.9,133846,4949,CS,SC
25048,120.9,133847,2346,CS,SCA
25049,120.9,133848,2610,EE,MBC
25050,120.9,133849,5,IT,ST
25051,120.8,133853,3461,CS,SC
25052,120.8,133856,3846,EE,OC
25053,120.8,133858,2651,ME,BC
25054,120.8,133859,1504,CE,OC
25055,120.8,133863,2609,AO,SC
25056,120.8,133865,1427,CS,MBC
25057,120.8,133866,2741,CE,BC
25058,120.8,133868,4917,EE,BC
25059,120.7,133871,1221,EC,OC
25060,120.7,133872,1202,EE,MBC
25061,120.7,133875,3805,EE,SC
25062,120.7,133877,1442,BM,SCA
25063,120.7,133878,3805,ME,MBC
25064,120.7,133879,2602,MD,ST
25065,120.7,133880,2769,FD,SC
25066,120.7,133881,2707,ME,BC
25067,120.7,133882,2357,ME,SC
25068,120.7,133883,1243,CS,MBC
25069,120.6,133888,2617,EE,OC
25070,120.6,133889,2758,IT,BC
25071,120.6,133890,3803,IT,SC
25072,120.6,133891,2763,CE,OC
25073,120.6,133892,3795,ME,MBC
25074,120.6,133893,2767,CS,BC
25075,120.6,133895,3760,CS,BC
25076,120.6,133897,3821,CS,BCM
25077,120.5,133900,1207,RM,BC
25078,120.5,133902,3801,ME,MBC
25079,120.5,133903,3801,EE,SC
25080,120.5,133904,3786,MZ,OC
25081,120.5,133905,2609,ME,SC
25082,120.5,133906,2632,ME,BC
25083,120.5,133909,2609,AE,BC
25084,120.5,133915,3805,AE,SCA
25085,120.5,133921,1434,CE,OC
25086,120.5,133928,3456,BM,MBC
25087,120.5,133938,2661,EE,MBC
25088,120.5,133939,1133,ME,OC
25089,120.5,133943,1411,CE,OC
25090,120.5,133944,2609,CH,MBC
25091,120.5,133945,5990,CE,OC
25092,120.5,133946,2665,CS,MBC
25093,120.5,133947,5911,EE,OC
25094,120.4,133950,1525,CS,BCM
25095,120.4,133952,3860,CS,SC
25096,120.4,133954,3920,CE,OC
25097,120.4,133956,3826,ME,MBC
25098,120.4,133957,2634,EC,BCM
25099,120.4,133958,1106,EC,MBC
25100,120.4,133959,2661,EE,SC
25101,120.3,133962,3016,ME,BC
25102,120.3,133964,2609,AE,BC
25103,120.3,133967,2748,CS,SC
25104,120.3,133969,2683,ME,OC
25105,120.2,133973,1219,CH,SCA
25106,120.2,133975,1408,CS,SC
25107,120.2,133976,1408,IT,SC
25108,120.2,133978,2707,AG,ST
25109,120.2,133980,2732,CS,SC
25110,120.2,133981,4672,EC,MBC
25111,120.2,133985,5913,ME,OC
25112,120.2,133989,2632,EE,OC
25113,120.2,133990,2628,EE,BC
25114,120.2,133991,1218,BM,BC
25115,120.1,133992,2621,EE,MBC
25116,120.1,133993,1421,ME,BCM
25117,120.1,133996,2345,AG,MBC
25118,120.1,133997,1101,IT,SC
25119,120.1,133999,2743,EC,SC
25120,120.1,134004,2617,EC,MBC
25121,120.0,134006,5942,CS,BC
25122,120.0,134007,1322,ME,OC
25123,120.0,134008,4999,AD,BC
25124,120.0,134013,1303,AG,MBC
25125,120.0,134018,2758,CS,MBC
25126,120.0,134020,3805,CH,BC
25127,120.0,134022,2636,ME,MBC
25128,120.0,134025,1238,BM,BC
25129,120.0,134031,1228,CS,SC
25130,120.0,134036,2772,EC,OC
25131,120.0,134037,2609,AO,SC
25132,120.0,134038,1408,IT,SC
25133,120.0,134040,1513,EE,OC
25134,120.0,134048,1158,MR,OC
25135,120.0,134055,3019,XM,OC
25136,120.0,134057,3806,EC,BC
25137,120.0,134059,2636,ME,MBC
25138,120.0,134060,5536,ME,BC
25139,120.0,134061,5,CZ,MBC
25140,119.9,134062,1115,CS,SC
25141,119.9,134063,3782,EC,MBC
25142,119.9,134064,4989,CS,SC
25143,119.9,134065,2624,AD,SC
25144,119.9,134066,1313,CS,SC
25145,119.9,134067,1116,EC,BC
25146,119.8,134071,2747,ME,OC
25147,119.8,134072,2636,CE,BC
25148,119.8,134077,1507,EC,MBC
25149,119.8,134078,1319,CS,BC
25150,119.8,134079,1229,CS,SC
25151,119.8,134080,2613,AU,OC
25152,119.8,134081,2606,EE,MBC
25153,119.8,134082,3831,IT,OC
25154,119.7,134083,2715,CH,SC
25155,119.7,134084,2621,AE,BC
25156,119.7,134085,1233,EC,SC
25157,119.7,134086,1501,CS,SC
25158,119.7,134093,3410,CS,BC
25159,119.6,134095,2623,EC,MBC
25160,119.6,134096,2642,CE,OC
25161,119.6,134101,1430,EC,MBC
25162,119.6,134102,2726,AU,BC
25163,119.5,134106,1518,IT,MBC
25164,119.5,134107,3462,ME,OC
25165,119.5,134108,1216,CE,SC
25166,119.5,134112,3016,CE,MBC
25167,119.5,134114,4917,CS,SC
25168,119.5,134117,3812,CE,OC
25169,119.5,134119,2755,AG,MBC
25170,119.5,134127,1325,ME,BCM
25171,119.5,134129,2609,PU,SC
25172,119.5,134133,2607,ME,BC
25173,119.5,134138,4949,EC,OC
25174,119.5,134139,1301,CE,SCA
25175,119.5,134140,1401,EE,BC
25176,119.5,134145,1318,CS,BCM
25177,119.5,134149,3462,ME,OC
25178,119.5,134150,2625,CS,OC
25179,119.5,134151,1226,ME,BC
25180,119.4,134156,4960,CE,MBC
25181,119.4,134158,2346,CS,SC
25182,119.4,134159,1523,ME,OC
25183,119.3,134160,1519,EC,OC
25184,119.3,134161,1319,IT,SC
25185,119.3,134164,5703,EC,MBC
25186,119.3,134165,2683,BM,MBC
25187,119.3,134166,1301,ME,BCM
25188,119.3,134167,3410,CE,OC
25189,119.3,134169,2630,EE,MBC
25190,119.2,134171,3805,ME,BC
25191,119.2,134174,3806,ME,BC
25192,119.2,134175,3843,ME,MBC
25193,119.2,134176,2643,EC,BC
25194,119.2,134178,1523,EE,OC
25195,119.1,134179,2624,AD,MBC
25196,119.1,134181,3461,CS,SC
25197,119.1,134182,3461,CS,SC
25198,119.1,134183,3456,ME,OC
25199,119.1,134184,1303,ME,BC
25200,119.1,134185,5912,CS,MBC
25201,119.1,134186,2659,ME,MBC
25202,119.1,134187,1101,EC,MBC
25203,119.1,134190,3760,AG,MBC
25204,119.1,134191,2621,ME,MBC
25205,119.1,134192,3795,CE,BC
25206,119.0,134193,3410,ME,MBC
25207,119.0,134194,4953,ME,OC
25208,119.0,134195,1414,EE,SC
25209,119.0,134197,2713,CS,MBC
25210,119.0,134198,5904,ME,BCM
25211,119.0,134202,2748,EC,OC
25212,119.0,134203,1127,ME,OC
25213,119.0,134208,4020,EC,SCA
25214,119.0,134210,1316,AO,BC
25215,119.0,134222,1212,PE,BC
25216,119.0,134223,1411,CS,BC
25217,119.0,134225,1209,CS,OC
25218,119.0,134230,1519,ME,OC
25219,119.0,134232,1437,CS,OC
25220,119.0,134237,2624,EC,MBC
25221,118.9,134239,3801,CE,OC
25222,118.8,134241,1013,ME,MBC
25223,118.8,134242,2623,CS,MBC
25224,118.8,134243,2620,EC,SC
25225,118.8,134244,2776,MZ,BC
25226,118.8,134245,2646,EC,MBC
25227,118.8,134248,1421,EC,BC
25228,118.8,134249,3825,EE,BCM
25229,118.8,134254,2611,PU,ST
25230,118.8,134256,2338,ME,OC
25231,118.7,134257,3782,ME,OC
25232,118.7,134259,1437,ME,OC
25233,118.7,134260,1412,ME,MBC
25234,118.7,134263,1412,ME,SC
25235,118.7,134268,3425,ME,SCA
25236,118.7,134270,3806,CE,OC
25237,118.7,134271,1411,IT,SC
25238,118.7,134272,1212,EC,MBC
25239,118.7,134273,1126,AG,SC
25240,118.6,134275,2743,EC,MBC
25241,118.6,134277,3410,CE,OC
25242,118.6,134278,4948,CS,OC
25243,118.6,134279,5935,EE,BC
25244,118.6,134280,3806,ME,SC
25245,118.6,134281,1434,CS,BC
25246,118.6,134286,1431,ME,SC
25247,118.5,134288,2643,EC,SC
25248,118.5,134290,2632,ME,SC
25249,118.5,134291,3462,ME,SC
25250,118.5,134292,4999,CE,OC
25251,118.5,134294,2624,PH,MBC
25252,118.5,134295,1408,EC,BC
25253,118.5,134296,1426,EC,OC
25254,118.5,134299,4675,EC,SC
25255,118.5,134300,2751,ME,BCM
25256,118.5,134306,1405,EC,BC
25257,118.5,134308,1231,AD,SCA
25258,118.5,134309,2704,IT,ST
25259,118.5,134310,3830,EC,SC
25260,118.5,134314,2731,ME,MBC
25261,118.5,134315,1311,IT,SCA
25262,118.5,134317,4960,CE,SC
25263,118.5,134318,4945,CS,OC
25264,118.5,134319,2751,CS,SC
25265,118.5,134320,3016,CE,SC
25266,118.5,134321,2601,CH,MBC
25267,118.5,134324,2349,CS,SC
25268,118.5,134328,1431,ME,SC
25269,118.5,134330,1408,ME,BC
25270,118.5,134331,3410,CE,OC
25271,118.4,134333,1434,EE,OC
25272,118.4,134334,3760,EC,SC
25273,118.4,134336,2636,ME,BC
25274,118.4,134339,5912,ME,OC
25275,118.3,134340,2609,AD,SC
25276,118.3,134341,3410,ME,BCM
25277,118.3,134344,1436,EC,OC
25278,118.3,134345,2614,EE,OC
25279,118.3,134348,2683,BM,MBC
25280,118.3,134349,2345,ME,OC
25281,118.2,134351,1202,IT,BCM
25282,118.2,134354,1441,EE,BC
25283,118.1,134356,3807,ME,OC
25284,118.1,134357,2715,ME,MBC
25285,118.1,134358,1225,ME,SC
25286,118.1,134359,2613,CS,SC
25287,118.1,134360,3795,ME,BC
25288,118.1,134361,1441,EE,BC
25289,118.1,134362,3462,EC,OC
25290,118.1,134363,4994,EE,BC
25291,118.1,134364,2622,IT,MBC
25292,118.1,134365,1501,ME,OC
25293,118.1,134366,4928,ME,BC
25294,118.1,134367,4680,ME,SC
25295,118.1,134368,1519,ME,OC
25296,118.1,134369,3454,AG,SC
25297,118.0,134372,3843,ME,MBC
25298,118.0,134373,2683,ME,OC
25299,118.0,134374,2627,EC,OC
25300,118.0,134375,3926,CS,OC
25301,118.0,134376,2715,AG,BC
25302,118.0,134378,1504,CH,MBC
25303,118.0,134379,2725,CS,SCA
25304,118.0,134380,2707,CJ,SC
25305,118.0,134381,1504,CE,OC
25306,118.0,134382,2602,CS,OC
25307,118.0,134384,2729,MZ,SC
25308,118.0,134386,4979,CS,OC
25309,118.0,134389,3811,ME,OC
25310,118.0,134390,2764,BM,MBC
25311,118.0,134392,2345,AD,BC
25312,118.0,134393,4960,CE,SC
25313,118.0,134395,2764,EE,ST
25314,118.0,134399,2611,EE,SC
25315,118.0,134401,2749,AD,MBC
25316,118.0,134407,2628,CS,SC
25317,118.0,134408,3843,ME,SC
25318,118.0,134411,5915,EE,OC
25319,118.0,134412,3425,CE,SC
25320,118.0,134414,5533,CS,OC
25321,117.9,134418,3782,CS,SC
25322,117.8,134421,1301,ME,MBC
25323,117.8,134422,3760,EC,SC
25324,117.8,134423,2345,EC,BC
25325,117.8,134427,1519,EE,OC
25326,117.8,134428,3782,CS,SC
25327,117.8,134431,1526,CS,BCM
25328,117.8,134435,1421,ME,MBC
25329,117.8,134436,4023,XM,OC
25330,117.7,134437,1426,CS,BCM
25331,117.7,134438,3844,CS,SC
25332,117.7,134439,1523,CE,OC
25333,117.7,134442,2731,PD,MBC
25334,117.7,134444,3466,EE,SC
25335,117.7,134445,1416,CS,BC
25336,117.7,134446,1412,ME,SC
25337,117.7,134447,2632,EE,OC
25338,117.6,134448,1519,EC,OC
25339,117.6,134449,2621,IT,SCA
25340,117.6,134454,2609,EE,MBC
25341,117.6,134455,1431,EE,SC
25342,117.6,134456,2731,PD,BC
25343,117.6,134457,3410,CE,OC
25344,117.5,134459,1421,ME,SC
25345,117.5,134461,2647,CS,MBC
25346,117.5,134463,1402,CS,MBC
25347,117.5,134464,2349,FD,OC
25348,117.5,134465,1101,IT,SC
25349,117.5,134468,1218,MZ,OC
25350,117.5,134473,2707,CD,MBC
25351,117.5,134474,3021,EE,SC
25352,117.5,134475,1210,ME,SC
25353,117.5,134478,2638,IT,BC
25354,117.5,134480,1114,ME,MBC
25355,117.5,134483,1322,AE,OC
25356,117.5,134484,2711,ME,SC
25357,117.5,134486,1441,ME,OC
25358,117.4,134490,1322,EE,SC
25359,117.4,134492,1524,CS,OC
25360,117.4,134494,5913,ME,OC
25361,117.4,134495,3848,ME,OC
25362,117.3,134500,1207,IT,MBC
25363,117.2,134502,2647,CS,MBC
25364,117.2,134504,2621,EC,MBC
25365,117.2,134506,2639,IT,BC
25366,117.2,134507,4928,EE,BC
25367,117.1,134513,1325,ME,SC
25368,117.1,134517,1013,XM,OC
25369,117.1,134521,2625,BM,MBC
25370,117.0,134523,1229,CS,MBC
25371,117.0,134524,1510,EC,OC
25372,117.0,134525,2632,ME,SC
25373,117.0,134526,1408,ME,MBC
25374,117.0,134527,4965,BT,SC
25375,117.0,134532,3019,ME,SC
25376,117.0,134536,4964,EC,BC
25377,117.0,134537,3701,ME,SC
25378,117.0,134541,2661,EE,BC
25379,117.0,134544,2711,CH,SC
25380,117.0,134545,4933,EC,BC
25381,117.0,134546,2710,ET,SC
25382,117.0,134547,1158,MR,OC
25383,117.0,134551,2748,CE,OC
25384,117.0,134552,1125,CS,SC
25385,117.0,134554,2708,FD,SC
25386,117.0,134562,3018,EE,BC
25387,117.0,134564,2611,CH,BC
25388,117.0,134565,1430,EC,SC
25389,117.0,134567,2641,CS,MBC
25390,117.0,134568,1238,EE,SC
25391,116.9,134572,1325,EC,SC
25392,116.8,134575,3801,EE,BC
25393,116.8,134577,2737,CS,BC
25394,116.8,134578,3425,CE,BCM
25395,116.8,134579,3805,EE,SC
25396,116.8,134584,4957,ME,BC
25397,116.8,134587,5832,ME,SC
25398,116.7,134593,3410,CE,OC
25399,116.7,134594,2642,EC,SC
25400,116.7,134596,1523,EE,OC
25401,116.6,134598,1431,EC,SC
25402,116.6,134600,4955,ME,BC
25403,116.5,134601,3860,CS,SC
25404,116.5,134603,2345,ME,OC
25405,116.5,134604,2601,ME,BC
25406,116.5,134608,2740,PH,BC
25407,116.5,134610,5022,CE,MBC
25408,116.5,134611,3814,CS,BC
25409,116.5,134612,2624,EE,OC
25410,116.5,134613,2620,BM,BC
25411,116.5,134619,1509,EE,MBC
25412,116.5,134624,1317,CH,MBC
25413,116.5,134626,3829,CS,SC
25414,116.5,134627,1452,EE,BCM
25415,116.5,134634,3807,ME,OC
25416,116.5,134635,1316,EE,BC
25417,116.4,134636,3854,ME,OC
25418,116.4,134637,4953,ME,OC
25419,116.4,134638,4917,AG,MBC
25420,116.3,134639,2611,MC,BC
25421,116.3,134642,2623,EC,MBC
25422,116.2,134644,2350,EE,OC
25423,116.2,134648,1518,EC,OC
25424,116.2,134650,1517,CS,OC
25425,116.1,134653,1421,ME,SC
25426,116.1,134654,2624,AD,MBC
25427,116.1,134655,2345,EC,BC
25428,116.1,134656,5914,EE,OC
25429,116.1,134657,1421,EE,SC
25430,116.0,134663,2653,ME,BCM
25431,116.0,134664,2606,CE,OC
25432,116.0,134667,3804,ME,OC
25433,116.0,134671,1401,CE,OC
25434,116.0,134675,3829,EC,BC
25435,116.0,134679,2665,CS,SC
25436,116.0,134680,1519,CS,BC
25437,116.0,134695,2711,EE,SC
25438,116.0,134698,1430,ME,SC
25439,116.0,134699,2621,CE,MBC
25440,116.0,134700,2721,EC,SC
25441,116.0,134701,1431,EE,SC
25442,115.9,134704,2347,EE,SC
25443,115.8,134709,3760,EC,SC
25444,115.6,134713,2646,CE,OC
25445,115.6,134714,2627,EC,OC
25446,115.5,134715,1322,ME,OC
25447,115.5,134716,1524,CS,OC
25448,115.5,134719,4933,EE,MBC
25449,115.5,134720,1517,EE,OC
25450,115.5,134721,2638,IT,BC
25451,115.5,134722,2747,EC,BC
25452,115.5,134723,2704,EE,SC
25453,115.5,134724,1422,AG,BCM
25454,115.5,134725,3805,BM,BC
25455,115.5,134727,2712,TX,SC
25456,115.5,134728,1504,CH,BC
25457,115.5,134730,2625,BM,MBC
25458,115.5,134737,3019,CE,SC
25459,115.5,134741,3920,AD,MBC
25460,115.5,134747,2749,CS,SC
25461,115.5,134748,5532,ME,MBC
25462,115.4,134749,2632,ME,SC
25463,115.4,134750,1503,ME,OC
25464,115.4,134751,2636,ME,SC
25465,115.4,134752,2345,CS,MBC
25466,115.3,134757,1106,AE,OC
25467,115.3,134758,1523,ME,OC
25468,115.3,134759,1238,BM,SC
25469,115.3,134761,3805,PH,SC
25470,115.2,134764,1421,CE,OC
25471,115.2,134765,1421,EE,SC
25472,115.2,134766,4944,EC,BC
25473,115.1,134767,4969,EC,SC
25474,115.1,134768,2611,ME,MBC
25475,115.1,134769,2614,EE,MBC
25476,115.1,134771,2327,ME,OC
25477,115.1,134772,1322,EE,BC
25478,115.0,134775,2345,EC,BC
25479,115.0,134776,2707,CE,BC
25480,115.0,134782,1504,CS,SC
25481,115.0,134783,5902,EC,OC
25482,115.0,134784,3701,EC,SC
25483,115.0,134787,2621,ME,BC
25484,115.0,134789,2743,FD,BC
25485,115.0,134791,2607,FD,SCA
25486,115.0,134794,1421,EE,SC
25487,115.0,134804,5910,BM,SC
25488,115.0,134805,2350,CE,OC
25489,115.0,134810,1122,ME,SCA
25490,115.0,134814,3760,EC,MBC
25491,115.0,134815,2646,EC,MBC
25492,115.0,134817,1411,BT,SC
25493,114.9,134819,3812,EE,SC
25494,114.8,134821,1523,IT,MBC
25495,114.8,134822,2743,ME,OC
25496,114.8,134825,5536,ME,BC
25497,114.8,134826,2745,EE,OC
25498,114.7,134830,1222,EC,OC
25499,114.7,134832,2733,FT,OC
25500,114.5,134838,2650,ME,SC
25501,114.5,134839,2638,CS,BC
25502,114.5,134844,2653,EC,SC
25503,114.5,134845,2736,AD,SCA
25504,114.5,134850,2716,AG,SC
25505,114.5,134854,2614,IT,OC
25506,114.5,134855,4024,CE,SC
25507,114.5,134859,2745,EE,OC
25508,114.5,134860,1605,EC,OC
25509,114.5,134867,3918,CE,OC
25510,114.5,134872,2710,EE,SC
25511,114.4,134875,2647,CS,BC
25512,114.4,134876,1513,EE,OC
25513,114.4,134877,1520,IT,SC
25514,114.4,134878,3806,CE,OC
25515,114.3,134880,4946,EE,OC
25516,114.3,134882,3456,ME,OC
25517,114.2,134883,5988,CS,SC
25518,114.2,134884,2683,EE,OC
25519,114.2,134885,4953,EE,OC
25520,114.2,134886,2673,CS,SC
25521,114.2,134887,1313,ME,OC
25522,114.1,134890,2767,ME,OC
25523,114.0,134892,1408,ME,MBC
25524,114.0,134895,2625,CS,ST
25525,114.0,134896,2651,CE,OC
25526,114.0,134898,2651,CE,OC
25527,114.0,134899,2638,CS,MBC
25528,114.0,134900,2621,ME,MBC
25529,114.0,134903,5907,EC,OC
25530,114.0,134904,2727,AG,SC
25531,114.0,134905,2609,PU,MBC
25532,114.0,134909,1411,AE,SC
25533,114.0,134912,2710,ME,BCM
25534,114.0,134914,4917,AG,BC
25535,114.0,134915,2747,CE,OC
25536,114.0,134917,2638,CS,BC
25537,114.0,134918,2611,EC,SC
25538,114.0,134920,5935,CS,SC
25539,114.0,134921,1311,AU,SC
25540,114.0,134923,2613,CS,SC
25541,114.0,134924,2341,EC,OC
25542,114.0,134925,1509,ME,OC
25543,113.8,134934,2642,CS,SCA
25544,113.8,134935,3425,CE,MBC
25545,113.8,134936,1523,AU,SC
25546,113.7,134939,1421,ME,SC
25547,113.7,134940,1525,ME,OC
25548,113.6,134942,3806,CE,BCM
25549,113.5,134951,3804,EC,BC
25550,113.5,134952,4678,AD,MBC
25551,113.5,134956,2608,IT,SC
25552,113.5,134960,1441,ME,OC
25553,113.5,134960,3805,RM,BC
25554,113.5,134962,2601,ME,MBC
25555,113.5,134964,2302,AG,SC
25556,113.5,134969,5910,CE,SC
25557,113.5,134971,2749,EC,BC
25558,113.5,134972,1411,BT,BC
25559,113.5,134973,2635,CS,OC
25560,113.5,134975,2727,IT,SC
25561,113.5,134977,2632,ME,SC
25562,113.5,134979,2360,CS,SC
25563,113.5,134981,1207,RM,SC
25564,113.4,134982,1510,ME,OC
25565,113.3,134983,1523,EC,MBC
25566,113.3,134984,2747,EE,MBC
25567,113.2,134985,1402,CS,SC
25568,113.2,134987,1424,RM,MBC
25569,113.0,134996,4928,ME,BC
25570,113.0,134997,2729,EC,SC
25571,113.0,134999,2708,EC,SC
25572,113.0,135001,1316,MU,SC
25573,113.0,135002,2628,EE,MBC
25574,113.0,135004,2710,ME,SC
25575,113.0,135006,2747,EC,BC
25576,113.0,135008,1430,EC,BC
25577,113.0,135009,1324,CS,SCA
25578,113.0,135011,4972,EE,OC
25579,113.0,135014,2329,ME,MBC
25580,113.0,135017,2629,MD,SC
25581,112.9,135024,3410,ME,SC
25582,112.8,135025,2621,IT,SC
25583,112.8,135026,2758,EE,OC
25584,112.8,135028,1402,CS,SC
25585,112.7,135031,3462,CS,BC
25586,112.7,135033,2636,ME,SC
25587,112.6,135034,2636,AD,SC
25588,112.5,135039,2609,ME,MBC
25589,112.5,135040,2622,ME,SC
25590,112.5,135042,5,IT,SCA
25591,112.5,135045,2683,BM,SCA
25592,112.5,135046,2620,EC,MBC
25593,112.5,135058,2601,CH,MBC
25594,112.5,135060,2302,IT,SC
25595,112.5,135067,5915,EE,OC
25596,112.5,135068,1313,ME,OC
25597,112.4,135070,5915,EE,OC
25598,112.4,135072,1431,EE,MBC
25599,112.4,135073,2747,CE,OC
25600,112.3,135075,1133,CS,BC
25601,112.2,135076,3462,ME,SC
25602,112.2,135077,3854,EE,OC
25603,112.2,135078,2350,CS,OC
25604,112.2,135079,2624,AD,MBC
25605,112.2,135080,3460,CS,OC
25606,112.1,135082,5536,EE,SC
25607,112.1,135084,2713,EC,BC
25608,112.0,135086,3841,CS,MBC
25609,112.0,135087,3805,CH,SC
25610,112.0,135088,2606,ME,OC
25611,112.0,135089,4976,CS,OC
25612,112.0,135092,2611,EE,SC
25613,112.0,135093,2613,AU,OC
25614,112.0,135102,3795,EE,SC
25615,112.0,135114,2723,IT,ST
25616,111.8,135117,3820,CS,SC
25617,111.8,135118,2752,EE,MBC
25618,111.7,135120,3760,EC,SC
25619,111.6,135121,2641,ME,OC
25620,111.6,135122,5915,ME,OC
25621,111.6,135124,1424,PE,BC
25622,111.5,135125,2611,MC,BC
25623,111.5,135128,2640,ME,OC
25624,111.5,135130,2770,CS,OC
25625,111.5,135131,2632,ME,SC
25626,111.5,135135,5910,EC,SC
25627,111.5,135136,5990,ME,OC
25628,111.5,135138,1235,CS,OC
25629,111.5,135140,5017,EE,MBC
25630,111.5,135145,2657,RM,OC
25631,111.5,135146,2620,BT,MBC
25632,111.5,135147,4960,ME,SC
25633,111.5,135148,1116,EC,BC
25634,111.5,135149,4955,ME,BC
25635,111.5,135151,3410,CS,BC
25636,111.5,135152,3805,AE,BC
25637,111.4,135156,1452,ME,MBC
25638,111.4,135158,3829,ME,OC
25639,111.4,135159,2327,EC,OC
25640,111.3,135161,5902,CS,BC
25641,111.2,135163,1402,EC,OC
25642,111.1,135165,3425,CE,SC
25643,111.1,135166,2624,EC,ST
25644,111.0,135168,2350,EE,OC
25645,111.0,135177,2347,ME,MBC
25646,111.0,135178,2726,CE,BC
25647,111.0,135182,5,MM,BC
25648,111.0,135183,2601,CE,OC
25649,111.0,135184,2650,CS,BC
25650,111.0,135185,4949,MU,OC
25651,111.0,135186,2621,CE,MBC
25652,111.0,135187,4675,CS,SC
25653,111.0,135190,2767,BM,MBC
25654,110.9,135196,2632,EC,BC
25655,110.8,135197,3805,ME,SC
25656,110.7,135200,2705,ME,OC
25657,110.7,135202,2624,BM,BCM
25658,110.5,135204,3849,IT,BC
25659,110.5,135206,2609,AO,MBC
25660,110.5,135207,2638,CS,BC
25661,110.5,135208,3810,EC,SC
25662,110.5,135209,5988,EC,SCA
25663,110.5,135211,2648,EE,OC
25664,110.5,135212,2611,ME,BC
25665,110.5,135219,2726,EE,SCA
25666,110.5,135220,1221,ME,OC
25667,110.5,135221,1322,AE,OC
25668,110.5,135226,3815,TX,MBC
25669,110.5,135227,1405,EC,SC
25670,110.5,135229,5910,EC,MBC
25671,110.5,135230,2751,EC,MBC
25672,110.5,135231,5010,EC,ST
25673,110.4,135237,2628,EE,BC
25674,110.3,135238,1322,ME,OC
25675,110.2,135239,2634,IT,SC
25676,110.2,135240,2350,EE,OC
25677,110.2,135241,1416,BM,OC
25678,110.2,135242,3920,EE,MBC
25679,110.1,135243,1322,ME,OC
25680,110.0,135245,1402,EE,OC
25681,110.0,135249,2749,EC,SC
25682,110.0,135250,4981,IT,SC
25683,110.0,135253,2624,AD,BC
25684,110.0,135257,1123,EC,BC
25685,110.0,135260,3786,AE,BCM
25686,110.0,135263,2638,CS,BC
25687,110.0,135264,3809,ME,OC
25688,110.0,135266,3804,EE,OC
25689,110.0,135267,2350,ME,OC
25690,110.0,135271,1510,EC,OC
25691,110.0,135272,2632,CS,BCM
25692,110.0,135274,2734,SB,SCA
25693,110.0,135275,4024,CE,SC
25694,110.0,135277,2350,CS,OC
25695,109.8,135280,3920,ME,OC
25696,109.5,135283,2609,CE,MBC
25697,109.5,135291,4999,AD,BC
25698,109.5,135292,5913,CS,MBC
25699,109.5,135295,3825,CS,BC
25700,109.5,135297,2360,EC,OC
25701,109.5,135299,3820,EE,OC
25702,109.5,135303,2611,AE,BC
25703,109.5,135304,2711,EE,SC
25704,109.5,135305,1319,AD,SC
25705,109.5,135308,3810,EI,OC
25706,109.5,135311,2721,EE,MBC
25707,109.2,135316,2748,CS,MBC
25708,109.0,135319,3806,CE,MBC
25709,109.0,135320,1503,BT,OC
25710,109.0,135323,2350,EE,OC
25711,109.0,135329,5842,CS,OC
25712,109.0,135331,2716,IT,MBC
25713,109.0,135332,1149,ME,SC
25714,109.0,135333,1505,CS,SC
25715,109.0,135338,1137,CE,BC
25716,109.0,135339,2608,IT,SC
25717,109.0,135341,2665,CS,SC
25718,108.8,135348,1222,AE,OC
25719,108.5,135350,2609,CE,MBC
25720,108.5,135355,3805,ME,BC
25721,108.5,135358,2614,CS,BC
25722,108.5,135359,1237,EE,SC
25723,108.5,135365,1120,ME,SC
25724,108.4,135368,2610,ME,SCA
25725,108.3,135370,2627,EC,OC
25726,108.2,135373,1402,CS,MBC
25727,108.0,135379,3908,CE,MBC
25728,108.0,135380,3829,EE,BCM
25729,108.0,135385,1507,IT,SC
25730,108.0,135386,2761,EC,OC
25731,108.0,135390,2769,BC,BC
25732,108.0,135392,3806,EE,BC
25733,107.8,135393,2610,ME,MBC
25734,107.5,135395,2632,ME,BC
25735,107.5,135397,3843,ME,BC
25736,107.5,135399,2347,ME,MBC
25737,107.5,135407,2607,IT,SC
25738,107.5,135409,2769,FD,BC
25739,107.5,135410,2606,CS,BC
25740,107.5,135412,2723,MD,SC
25741,107.5,135417,2632,ME,BC
25742,107.5,135420,1209,EE,OC
25743,107.2,135425,3466,CE,OC
25744,107.1,135426,2651,FT,MBC
25745,107.1,135427,3841,ME,OC
25746,107.0,135429,2345,CS,SC
25747,107.0,135430,3011,IT,ST
25748,107.0,135431,2753,EC,MBC
25749,107.0,135432,2357,EE,SC
25750,107.0,135433,2350,ME,OC
25751,107.0,135435,2350,CS,OC
25752,107.0,135436,1520,EC,MBC
25753,107.0,135437,2642,ME,MBC
25754,107.0,135438,3926,CE,OC
25755,107.0,135439,2632,ME,BC
25756,107.0,135440,3813,IT,BC
25757,107.0,135443,2601,CH,BC
25758,107.0,135447,4967,CS,SC
25759,107.0,135448,2764,BM,SC
25760,107.0,135448,3831,CS,MBC
25761,107.0,135450,1507,EC,MBC
25762,107.0,135454,2345,EC,BC
25763,106.5,135459,5,CE,BCM
25764,106.5,135460,2657,EC,BC
25765,106.5,135463,2638,CS,BC
25766,106.5,135466,2768,EC,OC
25767,106.5,135468,1520,ME,OC
25768,106.5,135469,2706,AU,MBC
25769,106.5,135471,3841,ME,OC
25770,106.5,135472,1114,CE,OC
25771,106.5,135475,2715,BM,BCM
25772,106.5,135476,4995,EC,OC
25773,106.5,135477,2618,CE,SC
25774,106.5,135484,2609,CE,ST
25775,106.0,135493,5832,EE,MBC
25776,106.0,135494,2723,EC,SCA
25777,106.0,135496,5915,EE,OC
25778,106.0,135498,4933,EC,BC
25779,106.0,135500,4989,IT,BC
25780,106.0,135501,1127,EC,BC
25781,106.0,135503,3805,CH,SC
25782,106.0,135504,1243,CS,BC
25783,106.0,135509,2606,ME,OC
25784,106.0,135510,2727,CS,SC
25785,106.0,135512,1318,CS,BC
25786,105.5,135516,2611,AG,SC
25787,105.5,135517,2769,CS,SC
25788,105.5,135518,3857,CE,OC
25789,105.5,135521,1217,BM,BC
25790,105.5,135522,1437,ME,OC
25791,105.5,135525,5990,CE,OC
25792,105.5,135527,3905,EE,SC
25793,105.5,135528,2354,CS,SC
25794,105.5,135529,2727,CS,SC
25795,105.5,135530,3760,AG,BC
25796,105.5,135531,3820,EE,OC
25797,105.5,135532,1120,IT,SCA
25798,105.5,135534,2748,CS,BC
25799,105.5,135536,2623,EC,BC
25800,105.5,135538,2613,EC,SC
25801,105.5,135540,3805,BM,BC
25802,105.0,135548,1212,EC,BC
25803,105.0,135553,1510,CE,OC
25804,105.0,135554,5865,ME,MBC
25805,105.0,135555,1226,CS,BC
25806,105.0,135558,1436,ME,OC
25807,105.0,135559,2606,ME,OC
25808,105.0,135560,2722,ME,SC
25809,105.0,135561,2723,IT,SCA
25810,105.0,135562,4023,CE,SC
25811,105.0,135563,3825,CS,BC
25812,105.0,135564,2652,IT,BC
25813,105.0,135565,2665,CS,SC
25814,105.0,135566,2752,EC,SC
25815,104.8,135568,2707,XM,SC
25816,104.5,135571,2647,IT,OC
25817,104.5,135572,4917,ME,BC
25818,104.5,135573,2648,EE,OC
25819,104.5,135574,2609,CE,MBC
25820,104.5,135581,2642,IT,MBC
25821,104.5,135584,2642,IT,MBC
25822,104.2,135588,2748,CS,BCM
25823,104.0,135590,1503,CE,OC
25824,104.0,135592,2715,BM,MBC
25825,104.0,135594,4020,CS,ST
25826,104.0,135597,2609,CH,SC
25827,104.0,135598,1325,EE,BC
25828,104.0,135600,3846,CS,SC
25829,104.0,135602,1202,ME,BC
25830,104.0,135603,2769,FD,BCM
25831,104.0,135604,5017,EE,BC
25832,104.0,135606,1419,MU,SC
25833,104.0,135609,2606,EE,MBC
25834,103.8,135614,1519,CS,MBC
25835,103.5,135622,3760,AD,SC
25836,103.5,135624,2638,CS,BC
25837,103.5,135630,3849,CS,SC
25838,103.5,135633,1306,ME,SC
25839,103.5,135634,5902,CE,OC
25840,103.0,135639,2610,CE,OC
25841,103.0,135641,5862,CE,OC
25842,103.0,135646,2743,FD,MBC
25843,103.0,135654,2628,EE,SC
25844,103.0,135656,1226,CS,SC
25845,103.0,135658,2770,CS,OC
25846,102.8,135661,5,CE,BCM
25847,102.5,135663,1504,CE,BC
25848,102.5,135666,5942,EC,BC
25849,102.5,135667,2609,AE,MBC
25850,102.5,135668,4949,EC,OC
25851,102.5,135670,5,IT,ST
25852,102.5,135672,3782,ME,OC
25853,102.5,135674,2623,IT,MBC
25854,102.5,135675,1325,EC,SC
25855,102.5,135676,3803,CE,SC
25856,102.5,135677,3817,CS,MBC
25857,102.2,135686,3809,EC,OC
25858,102.2,135687,2350,CS,OC
25859,102.0,135688,2609,CE,MBC
25860,102.0,135691,4989,EC,OC
25861,102.0,135692,2608,CE,BCM
25862,102.0,135693,1518,IT,MBC
25863,102.0,135700,4964,ME,OC
25864,101.5,135703,3466,CS,OC
25865,101.5,135704,1411,CS,MBC
25866,101.5,135705,4959,BT,SC
25867,101.5,135708,2642,ME,SC
25868,101.5,135710,2715,AG,BC
25869,101.5,135714,1207,IT,SCA
25870,101.5,135716,2609,CH,MBC
25871,101.5,135718,2602,MD,BC
25872,101.5,135719,2634,AG,SC
25873,101.5,135720,3805,PH,MBC
25874,101.5,135723,3454,BM,MBC
25875,101.0,135725,2350,CE,OC
25876,101.0,135730,2632,ME,BC
25877,101.0,135731,3810,EE,MBC
25878,101.0,135732,2620,EC,SC
25879,101.0,135736,1318,IT,OC
25880,101.0,135738,2647,IT,MBC
25881,101.0,135739,2713,CS,MBC
25882,100.8,135741,4978,CS,BC
25883,100.5,135745,2729,EE,ST
25884,100.5,135746,2727,AL,SC
25885,100.5,135747,4023,EE,MBC
25886,100.5,135748,2713,CS,BC
25887,100.5,135750,2611,AE,MBC
25888,100.5,135752,2727,BT,SC
25889,100.5,135754,5988,CS,BCM
25890,100.5,135755,1408,ME,MBC
25891,100.5,135757,1124,ME,OC
25892,100.4,135761,5919,EE,OC
25893,100.2,135762,2350,CE,OC
25894,100.2,135763,2745,EE,OC
25895,100.0,135764,2743,FD,SCA
25896,100.0,135766,1412,IT,BC
25897,100.0,135768,3782,EC,MBC
25898,100.0,135770,2638,CS,BC
25899,100.0,135774,2338,AG,BC
25900,100.0,135776,2640,CS,OC
25901,100.0,135777,2602,CS,OC
25902,100.0,135779,1322,FD,SC
25903,99.9,135780,2639,CS,SC
25904,99.5,135781,3920,AD,BC
25905,99.5,135782,1106,EE,OC
25906,99.5,135783,5915,EC,MBC
25907,99.5,135784,2642,EC,SC
25908,99.5,135786,2638,CS,BC
25909,99.5,135787,1437,CS,OC
25910,99.5,135789,2642,EC,BC
25911,99.5,135790,5832,EE,MBC
25912,99.0,135796,2350,CE,OC
25913,99.0,135799,3016,CE,SC
25914,99.0,135801,2767,CS,SC
25915,99.0,135804,5930,ME,OC
25916,99.0,135807,2646,CE,OC
25917,99.0,135808,2642,EC,BC
25918,99.0,135809,3860,CS,SC
25919,99.0,135810,2606,ME,OC
25920,98.8,135812,1212,ME,OC
25921,98.8,135814,4993,BM,SC
25922,98.5,135818,2732,CS,SC
25923,98.5,135820,2611,EE,SC
25924,98.5,135821,1316,MU,MBC
25925,98.5,135822,1110,ME,BC
25926,98.5,135824,2367,CB,OC
25927,98.5,135826,2620,EE,SC
25928,98.5,135827,3812,EC,BC
25929,98.5,135828,1212,PE,SC
25930,98.5,135830,2638,CS,BC
25931,98.5,135832,1303,BT,BC
25932,98.5,135834,5904,ME,MBC
25933,98.3,135837,1133,CS,BC
25934,98.2,135838,3462,EC,OC
25935,98.2,135839,2350,CS,OC
25936,98.0,135840,2702,SE,SCA
25937,98.0,135841,5913,EE,OC
25938,98.0,135843,3918,EC,BC
25939,98.0,135844,2632,ME,BCM
25940,98.0,135845,2705,CS,MBC
25941,98.0,135846,1524,EC,OC
25942,98.0,135847,2328,ME,MBC
25943,98.0,135849,1436,EC,OC
25944,98.0,135850,1411,CS,SC
25945,98.0,135853,2665,CS,MBC
25946,98.0,135854,1435,EC,OC
25947,98.0,135855,1230,AE,OC
25948,98.0,135856,3410,EC,BC
25949,98.0,135859,2610,EC,MBC
25950,98.0,135862,3460,CS,OC
25951,98.0,135864,3852,CS,MBC
25952,98.0,135867,2713,IT,MBC
25953,98.0,135868,1202,ME,BC
25954,97.8,135870,2350,EE,OC
25955,97.5,135871,3018,EE,SC
25956,97.5,135872,2611,PU,BC
25957,97.5,135876,4946,EE,OC
25958,97.5,135883,4917,CE,SC
25959,97.5,135889,1518,ME,OC
25960,97.5,135890,1416,BM,OC
25961,97.5,135893,2725,EE,SC
25962,97.5,135894,2621,IT,SC
25963,97.5,135895,1126,AG,SC
25964,97.5,135896,2628,CS,SC
25965,97.5,135897,3466,EC,SC
25966,97.2,135904,1402,EC,OC
25967,97.2,135906,3849,CS,SC
25968,97.0,135907,2357,AG,MBC
25969,97.0,135908,3826,ME,SC
25970,97.0,135912,1207,EC,BC
25971,97.0,135913,1118,CS,SCA
25972,97.0,135917,2740,PH,SC
25973,97.0,135919,2610,ME,BC
25974,97.0,135922,1401,EE,SC
25975,97.0,135924,1401,EC,SCA
25976,97.0,135925,3805,RM,MBC
25977,97.0,135927,5842,CS,OC
25978,96.5,135931,2350,ME,OC
25979,96.5,135932,2710,ME,SC
25980,96.5,135933,4675,EC,BC
25981,96.5,135934,2624,EC,MBC
25982,96.5,135935,2661,EE,BC
25983,96.5,135936,2614,PC,OC
25984,96.5,135937,2733,CS,OC
25985,96.5,135940,1316,MU,SCA
25986,96.5,135941,4023,CE,SC
25987,96.0,135947,1436,EC,OC
25988,96.0,135948,2707,CH,BC
25989,96.0,135949,1212,BM,SC
25990,96.0,135954,2642,IT,MBC
25991,96.0,135957,1605,CS,BC
25992,96.0,135958,2613,CE,SC
25993,96.0,135959,2610,BT,BC
25994,96.0,135960,2727,AG,MBC
25995,96.0,135961,2638,IT,MBC
25996,96.0,135963,2302,BM,MBC
25997,96.0,135968,2753,EC,BC
25998,96.0,135969,2609,CH,MBC
25999,95.9,135973,4969,EC,SC
26000,95.8,135974,2350,CE,OC
26001,95.5,135976,3454,AG,SC
26002,95.5,135977,2607,BT,SC
26003,95.5,135980,2638,CS,BC
26004,95.5,135981,2715,ME,MBC
26005,95.5,135982,1110,BT,SC
26006,95.5,135990,2609,EE,SC
26007,95.5,135994,2642,EE,SC
26008,95.5,135996,2625,AG,MBC
26009,95.4,135997,2625,EC,OC
26010,95.3,135998,1510,EC,OC
26011,95.0,136000,4024,ME,SC
26012,95.0,136002,2345,ME,OC
26013,95.0,136003,5022,ME,SC
26014,95.0,136004,3466,CS,OC
26015,95.0,136005,2767,CS,SC
26016,95.0,136006,4980,EC,BC
26017,95.0,136007,3806,CE,SC
26018,95.0,136008,3021,XC,OC
26019,95.0,136010,4949,EC,MBC
26020,95.0,136012,2718,EC,ST
26021,95.0,136013,3804,AG,OC
26022,95.0,136015,3782,CS,SC
26023,94.5,136017,2715,CS,SC
26024,94.5,136018,1212,BM,SC
26025,94.5,136020,2747,CE,OC
26026,94.5,136021,3462,EE,OC
26027,94.5,136022,2354,ME,OC
26028,94.5,136026,2601,ME,BC
26029,94.5,136028,2753,BM,SC
26030,94.5,136032,3460,ME,OC
26031,94.5,136039,2749,PE,OC
26032,94.5,136043,3786,MZ,OC
26033,94.5,136044,1150,BM,OC
26034,94.5,136045,2614,CS,BC
26035,94.2,136046,2302,ME,OC
26036,94.0,136047,2749,ME,OC
26037,94.0,136049,2341,EE,OC
26038,94.0,136050,5532,CS,MBC
26039,94.0,136051,5912,EE,MBC
26040,94.0,136054,3810,CS,SC
26041,94.0,136055,2767,CS,SC
26042,94.0,136056,2350,EE,OC
26043,94.0,136058,1510,CS,BC
26044,94.0,136060,3806,EC,BC
26045,94.0,136061,1150,AG,OC
26046,94.0,136062,1416,BM,OC
26047,94.0,136063,5930,CS,SC
26048,94.0,136065,4993,AG,BC
26049,94.0,136066,2749,AG,BC
26050,93.8,136068,2704,ME,ST
26051,93.8,136069,2350,CE,OC
26052,93.5,136071,2625,CS,SC
26053,93.5,136074,2350,CS,OC
26054,93.5,136080,2611,ME,BC
26055,93.5,136083,2748,ME,OC
26056,93.5,136087,2638,IT,SCA
26057,93.2,136090,5842,IT,OC
26058,93.2,136091,2350,ME,OC
26059,93.2,136092,2602,CS,OC
26060,93.0,136093,2748,EC,OC
26061,93.0,136094,3018,CS,SCA
26062,93.0,136096,5832,EE,SCA
26063,93.0,136102,2350,ME,OC
26064,93.0,136103,2719,CE,SC
26065,93.0,136104,2743,AD,SC
26066,93.0,136105,3806,ME,BC
26067,93.0,136106,3462,CS,SC
26068,93.0,136108,2628,BM,MBC
26069,93.0,136109,1519,EC,MBC
26070,93.0,136111,4994,ME,OC
26071,93.0,136112,4964,EC,SC
26072,93.0,136113,2748,CS,SCA
26073,93.0,136116,3807,EC,BC
26074,92.8,136117,2659,ME,MBC
26075,92.8,136118,2683,CS,SC
26076,92.8,136119,2350,CE,OC
26077,92.8,136121,2350,CS,OC
26078,92.5,136122,3854,CS,OC
26079,92.5,136123,2610,RM,BC
26080,92.5,136126,4964,MU,OC
26081,92.5,136127,2665,CS,SC
26082,92.5,136129,2628,BM,MBC
26083,92.5,136131,2710,EC,SCA
26084,92.5,136132,4984,CS,BC
26085,92.5,136134,2628,EE,SC
26086,92.5,136138,4989,ME,OC
26087,92.5,136139,1427,IT,OC
26088,92.5,136140,4941,EC,OC
26089,92.5,136143,3805,CE,SC
26090,92.5,136146,2638,IT,BC
26091,92.2,136148,2350,ME,OC
26092,92.2,136149,2606,EE,MBC
26093,92.0,136151,2611,EC,SC
26094,92.0,136152,1437,ME,OC
26095,92.0,136153,2748,CS,SC
26096,92.0,136156,2748,ME,OC
26097,92.0,136157,2638,CS,MBC
26098,92.0,136158,2342,ME,MBC
26099,92.0,136159,5915,EC,BC
26100,92.0,136160,2770,CS,BC
26101,92.0,136161,1504,CS,SC
26102,92.0,136162,3844,BM,OC
26103,92.0,136163,2657,RM,OC
26104,92.0,136164,1441,CE,OC
26105,92.0,136165,2610,BM,BC
26106,92.0,136166,1525,CE,OC
26107,92.0,136168,3810,CE,OC
26108,92.0,136169,3460,EE,OC
26109,92.0,136171,2606,EC,BC
26110,92.0,136172,2712,FT,ST
26111,92.0,136174,3905,EE,MBC
26112,91.8,136177,2748,CS,BC
26113,91.8,136178,2314,EE,SC
26114,91.5,136179,2302,IT,MBC
26115,91.5,136181,1512,IT,BCM
26116,91.5,136182,2638,CS,MBC
26117,91.5,136184,2621,AE,BC
26118,91.5,136186,2739,EE,SC
26119,91.5,136189,2623,EC,MBC
26120,91.5,136190,1231,CS,SCA
26121,91.5,136195,3462,ME,SC
26122,91.5,136197,4669,CE,OC
26123,91.5,136202,4024,CE,BC
26124,91.5,136203,1313,CS,BC
26125,91.5,136204,1445,CS,OC
26126,91.2,136206,2350,EC,OC
26127,91.0,136207,2665,CS,SC
26128,91.0,136208,1411,BT,SC
26129,91.0,136211,2661,EC,BC
26130,91.0,136215,2350,ME,OC
26131,91.0,136216,2643,EE,OC
26132,91.0,136217,2708,EC,SC
26133,90.8,136222,2350,EE,OC
26134,90.5,136224,2623,EC,MBC
26135,90.5,136225,2723,MD,MBC
26136,90.5,136227,2610,IT,SC
26137,90.5,136228,3926,ME,OC
26138,90.5,136230,2338,BM,SC
26139,90.5,136231,3820,CS,BC
26140,90.5,136235,2647,CS,MBC
26141,90.5,136236,1441,EC,BC
26142,90.5,136240,2726,CS,SCA
26143,90.0,136245,5930,CE,OC
26144,90.0,136246,1243,IT,BC
26145,90.0,136249,5915,EC,BC
26146,90.0,136252,2659,BM,MBC
26147,90.0,136253,4949,CE,SC
26148,90.0,136262,5907,ME,OC
26149,90.0,136264,2634,ME,OC
26150,90.0,136266,4864,EE,BC
26151,90.0,136268,2614,CS,BC
26152,90.0,136269,3825,CS,BC
26153,89.8,136271,3908,ME,MBC
26154,89.8,136272,2350,ME,OC
26155,89.8,136273,2350,CS,OC
26156,89.6,136275,2758,EE,OC
26157,89.5,136277,1435,CS,OC
26158,89.5,136280,2638,CS,MBC
26159,89.5,136283,4993,EC,SC
26160,89.5,136284,2611,EC,SC
26161,89.5,136286,2350,EE,OC
26162,89.5,136287,4959,MZ,SC
26163,89.5,136289,4946,EE,MBC
26164,89.5,136291,3466,EE,MBC
26165,89.5,136293,5022,ME,BC
26166,89.2,136299,2623,EC,MBC
26167,89.0,136300,1233,EE,BC
26168,89.0,136301,2643,EE,OC
26169,89.0,136303,1437,ME,OC
26170,89.0,136304,2767,CS,BCM
26171,89.0,136305,2350,ME,OC
26172,89.0,136306,2611,PU,MBC
26173,89.0,136310,3410,CE,OC
26174,89.0,136311,2752,EE,BC
26175,89.0,136312,3860,EE,OC
26176,89.0,136314,2621,EC,MBC
26177,89.0,136316,2767,CS,MBC
26178,89.0,136317,1241,CS,SC
26179,89.0,136318,3829,ME,OC
26180,89.0,136319,2602,CS,OC
26181,89.0,136323,4989,MU,OC
26182,89.0,136325,1241,CS,SC
26183,89.0,136326,2638,CS,MBC
26184,88.8,136329,2350,EE,OC
26185,88.5,136330,4977,ME,OC
26186,88.5,136331,2623,EC,MBC
26187,88.5,136336,5935,ME,OC
26188,88.5,136338,2642,EC,BC
26189,88.5,136340,2665,CS,SC
26190,88.5,136345,4989,CS,SC
26191,88.5,136346,4980,ME,BC
26192,88.5,136348,4999,ME,OC
26193,88.5,136349,1421,ME,MBC
26194,88.5,136350,3860,EC,OC
26195,88.5,136353,1416,BM,OC
26196,88.5,136355,1133,CS,MBC
26197,88.0,136356,4978,BM,BC
26198,88.0,136359,1445,CS,OC
26199,88.0,136361,1519,CS,MBC
26200,88.0,136363,1435,CS,OC
26201,88.0,136365,1510,ME,OC
26202,88.0,136367,2647,EC,OC
26203,88.0,136368,2350,CE,OC
26204,88.0,136371,1421,EE,SC
26205,88.0,136373,2733,CS,OC
26206,88.0,136374,2350,EE,OC
26207,88.0,136375,1605,CS,MBC
26208,88.0,136377,2657,BT,BC
26209,88.0,136379,4669,ME,OC
26210,87.5,136384,2607,MZ,SCA
26211,87.5,136385,1137,EC,SCA
26212,87.5,136386,2611,MD,OC
26213,87.5,136387,1445,CS,OC
26214,87.5,136388,2638,IT,BC
26215,87.5,136390,2329,XS,MBC
26216,87.5,136391,4024,CE,BC
26217,87.5,136392,1412,ME,SC
26218,87.5,136393,2657,BT,SC
26219,87.5,136396,2749,ME,OC
26220,87.5,136397,2302,AG,SC
26221,87.5,136398,2646,ME,OC
26222,87.5,136400,3805,RM,SC
26223,87.5,136403,2715,CE,OC
26224,87.5,136404,5530,CE,BC
26225,87.5,136407,2665,CS,ST
26226,87.5,136408,4917,BM,BC
26227,87.5,136409,3849,EC,OC
26228,87.2,136410,2350,EC,OC
26229,87.0,136411,2665,CS,SCA
26230,87.0,136413,2776,AG,MBC
26231,87.0,136415,3926,EC,OC
26232,87.0,136416,3460,EE,OC
26233,87.0,136417,2621,EE,MBC
26234,87.0,136418,1444,CS,OC
26235,87.0,136419,3019,XM,OC
26236,87.0,136421,4994,EC,BCM
26237,87.0,136425,2618,FT,SC
26238,87.0,136426,2342,ME,SCA
26239,87.0,136427,2610,MZ,BC
26240,87.0,136428,2651,CS,SC
26241,87.0,136429,2632,IT,BCM
26242,87.0,136431,2350,CE,OC
26243,87.0,136436,5865,ME,SCA
26244,87.0,136439,3466,EE,SC
26245,87.0,136440,3462,CS,SC
26246,87.0,136442,3807,EE,BC
26247,87.0,136443,4669,CS,BC
26248,86.5,136444,2623,EC,MBC
26249,86.5,136445,5842,CS,OC
26250,86.5,136447,5832,CE,OC
26251,86.5,136449,2743,ME,OC
26252,86.5,136450,2634,EC,SC
26253,86.5,136451,4946,EC,OC
26254,86.5,136454,1106,EC,MBC
26255,86.5,136456,2611,AE,SC
26256,86.5,136463,2736,EE,MBC
26257,86.5,136464,1402,CS,SC
26258,86.5,136465,2769,CS,BC
26259,86.5,136468,5910,EC,SC
26260,86.5,136471,4931,EE,BC
26261,86.2,136473,2350,CE,OC
26262,86.2,136475,4978,ME,OC
26263,86.0,136477,3825,ME,SC
26264,86.0,136478,2753,AG,SCA
26265,86.0,136479,2716,IT,SC
26266,86.0,136482,4934,CS,SC
26267,86.0,136487,2638,CS,MBC
26268,86.0,136489,3807,ME,SC
26269,86.0,136491,2657,BT,MBC
26270,86.0,136492,1013,XM,OC
26271,86.0,136495,2629,MD,SC
26272,86.0,136496,2657,EC,SCA
26273,86.0,136500,1511,CE,OC
26274,86.0,136502,5536,EE,MBC
26275,86.0,136503,1322,EE,SC
26276,86.0,136506,4989,CS,SC
26277,86.0,136507,3854,CS,OC
26278,85.5,136513,2636,CE,SC
26279,85.5,136514,2763,MZ,OC
26280,85.5,136515,2640,CS,OC
26281,85.5,136516,4964,EC,BC
26282,85.5,136518,2623,EC,MBC
26283,85.5,136519,2621,CE,BC
26284,85.5,136521,2717,CS,OC
26285,85.5,136525,2611,FD,BC
26286,85.5,136526,2347,EE,SC
26287,85.5,136527,2737,CS,MBC
26288,85.5,136528,2612,CS,OC
26289,85.2,136531,2612,EC,OC
26290,85.2,136532,2648,AU,OC
26291,85.0,136535,2665,CS,SC
26292,85.0,136536,3701,ME,SC
26293,85.0,136537,1430,ME,MBC
26294,85.0,136540,3829,ME,OC
26295,85.0,136541,1408,ME,SC
26296,85.0,136546,5533,CS,OC
26297,85.0,136547,5832,EE,SC
26298,85.0,136548,2627,EE,OC
26299,85.0,136549,2753,ME,OC
26300,85.0,136550,1316,MU,SC
26301,85.0,136551,4964,CS,SCA
26302,85.0,136552,2625,AG,MBC
26303,85.0,136553,2632,EC,SC
26304,85.0,136554,3456,CS,MBC
26305,85.0,136555,2726,AG,MBC
26306,85.0,136564,5990,EC,OC
26307,84.8,136565,2350,ME,OC
26308,84.5,136567,2602,IE,OC
26309,84.5,136568,2350,ME,OC
26310,84.5,136570,2302,BM,SC
26311,84.5,136571,2648,EE,OC
26312,84.5,136572,4672,CE,BC
26313,84.5,136573,2350,ME,OC
26314,84.5,136575,1421,ME,MBC
26315,84.5,136576,2740,IT,SCA
26316,84.5,136578,1116,EC,SC
26317,84.5,136581,1150,AG,OC
26318,84.5,136582,2350,CS,OC
26319,84.5,136584,2748,CS,MBC
26320,84.5,136585,1517,ME,OC
26321,84.5,136589,4969,ME,OC
26322,84.5,136594,2627,ME,OC
26323,84.0,136597,3786,MZ,OC
26324,84.0,136603,2606,ME,OC
26325,84.0,136604,3760,AD,SC
26326,84.0,136606,2665,CS,SC
26327,84.0,136609,2629,MD,SC
26328,84.0,136611,2613,CE,MBC
26329,84.0,136612,4928,EE,BC
26330,84.0,136614,2338,EE,OC
26331,84.0,136615,2767,EE,OC
26332,84.0,136616,2769,CS,SC
26333,84.0,136617,4917,CE,SC
26334,84.0,136618,2350,EC,OC
26335,84.0,136620,2747,ME,OC
26336,84.0,136624,2601,BT,SC
26337,84.0,136625,1430,CS,BC
26338,84.0,136627,4967,EE,OC
26339,83.9,136628,2640,ME,OC
26340,83.9,136629,2346,CS,BC
26341,83.8,136630,2767,BM,BC
26342,83.5,136632,2648,EE,OC
26343,83.5,136633,2641,EC,MBC
26344,83.5,136635,2606,EC,MBC
26345,83.5,136638,2350,EE,OC
26346,83.5,136639,1520,CS,SC
26347,83.5,136640,2610,CE,SC
26348,83.5,136641,2640,EC,OC
26349,83.5,136643,5533,CE,OC
26350,83.5,136644,2732,CS,SC
26351,83.5,136646,2769,CS,SC
26352,83.5,136648,4984,CS,SC
26353,83.5,136649,3843,EC,SC
26354,83.5,136650,2623,CS,MBC
26355,83.5,136654,2673,ME,OC
26356,83.5,136657,2623,EC,BC
26357,83.5,136659,1123,EC,MBC
26358,83.5,136660,3849,ME,OC
26359,83.5,136666,3460,CS,OC
26360,83.1,136667,2646,ME,OC
26361,83.0,136668,3462,CS,BC
26362,83.0,136670,2623,EC,BC
26363,83.0,136671,2665,CS,SCA
26364,83.0,136673,2646,EE,BC
26365,83.0,136676,1412,CE,OC
26366,83.0,136678,3807,ME,SC
26367,83.0,136682,2627,EC,BCM
26368,83.0,136683,2707,RM,BC
26369,83.0,136685,1401,EE,SCA
26370,83.0,136690,1408,CE,MBC
26371,83.0,136693,2623,EC,BC
26372,83.0,136694,5930,EE,OC
26373,83.0,136695,1116,EC,BC
26374,83.0,136696,2743,EE,SC
26375,83.0,136698,2659,CS,MBC
26376,83.0,136703,2665,CS,BCM
26377,82.8,136704,3766,ME,OC
26378,82.8,136705,1402,CS,SC
26379,82.8,136707,2350,ME,OC
26380,82.5,136708,2341,CS,OC
26381,82.5,136710,2601,ME,BC
26382,82.5,136711,2350,ME,OC
26383,82.5,136712,3849,CS,BCM
26384,82.5,136713,1207,IT,MBC
26385,82.5,136715,4975,EC,BC
26386,82.5,136716,2634,FD,SC
26387,82.5,136717,4993,CE,OC
26388,82.5,136718,4966,EC,BC
26389,82.5,136719,2651,CE,OC
26390,82.5,136720,2638,CS,MBC
26391,82.5,136722,2623,EC,MBC
26392,82.5,136723,2602,MD,MBC
26393,82.5,136725,4943,AE,OC
26394,82.5,136726,2634,EC,SC
26395,82.5,136728,2647,CS,MBC
26396,82.5,136731,2638,IT,MBC
26397,82.0,136737,2350,EC,OC
26398,82.0,136743,3843,EC,SC
26399,82.0,136745,3848,CS,OC
26400,82.0,136748,3849,ME,OC
26401,82.0,136749,2770,CS,BC
26402,82.0,136752,2623,EC,BC
26403,82.0,136754,2624,EE,OC
26404,82.0,136756,1133,ME,OC
26405,82.0,136757,3782,EC,MBC
26406,82.0,136761,2329,XS,MBC
26407,82.0,136763,2625,CS,SC
26408,82.0,136766,2638,IT,MBC
26409,82.0,136770,2665,CS,BCM
26410,82.0,136771,2643,CS,MBC
26411,82.0,136772,3456,BM,SC
26412,82.0,136773,4993,BM,SC
26413,82.0,136774,1402,CS,SC
26414,81.6,136776,1116,EC,SC
26415,81.5,136777,2350,ME,OC
26416,81.5,136780,2623,EC,MBC
26417,81.5,136783,1316,CH,MBC
26418,81.5,136786,2651,CS,BCM
26419,81.5,136787,2704,CS,SCA
26420,81.5,136788,2727,CE,SC
26421,81.5,136791,3461,ME,OC
26422,81.5,136792,1322,EE,SC
26423,81.5,136794,3806,ME,SC
26424,81.5,136795,4993,CE,OC
26425,81.5,136796,1150,FD,OC
26426,81.5,136797,5988,CS,SCA
26427,81.5,136798,1525,CS,SC
26428,81.5,136799,2347,ME,SC
26429,81.5,136802,2673,CS,SC
26430,81.5,136805,3806,ME,SC
26431,81.2,136806,2350,CE,OC
26432,81.0,136811,2749,IT,SC
26433,81.0,136813,2763,MZ,OC
26434,81.0,136814,2732,CS,SC
26435,81.0,136818,2632,ME,BCM
26436,81.0,136819,1517,CS,OC
26437,81.0,136826,1519,EC,MBC
26438,81.0,136827,2648,EE,OC
26439,81.0,136830,2749,AG,BC
26440,81.0,136833,3804,EC,MBC
26441,81.0,136834,2770,ME,OC
26442,81.0,136838,5915,EC,SC
26443,81.0,136839,2727,AD,SC
26444,81.0,136842,2634,CS,SCA
26445,81.0,136846,3766,CS,OC
26446,80.9,136847,2721,ME,MBC
26447,80.8,136848,2350,CS,OC
26448,80.5,136849,2350,EC,OC
26449,80.5,136851,2302,BM,BC
26450,80.5,136856,1510,EC,OC
26451,80.5,136857,2606,CS,BC
26452,80.5,136858,2609,PU,SCA
26453,80.5,136859,2643,EC,BC
26454,80.5,136861,3466,ME,OC
26455,80.5,136862,5915,EC,SCA
26456,80.5,136863,4949,EE,OC
26457,80.5,136866,1207,ME,SC
26458,80.5,136868,1402,CS,SCA
26459,80.2,136870,3760,AD,SC
26460,80.2,136871,2350,EC,OC
26461,80.2,136872,2350,CE,OC
26462,80.0,136873,2350,EE,OC
26463,80.0,136875,1419,MU,SC
26464,80.0,136878,2713,IT,BC
26465,80.0,136881,2638,IT,MBC
26466,80.0,136882,2767,CS,MBC
26467,80.0,136883,2642,EC,SC
26468,80.0,136887,2642,IT,BC
26469,80.0,136889,2658,CS,OC
26470,80.0,136891,1238,EE,MBC
26471,80.0,136892,2665,CS,SC
26472,80.0,136893,2611,EE,MBC
26473,80.0,136895,1207,IT,MBC
26474,80.0,136896,1218,CS,SC
26475,80.0,136898,1106,EI,OC
26476,80.0,136899,2758,EC,OC
26477,80.0,136901,4970,CS,MBC
26478,80.0,136902,3829,CE,OC
26479,80.0,136904,2747,EC,SC
26480,80.0,136906,2329,XS,SC
26481,80.0,136909,2640,CS,OC
26482,80.0,136911,3410,CE,OC
26483,80.0,136913,3820,CS,SC
26484,80.0,136915,1430,ME,SC
26485,80.0,136920,1452,EE,SC
26486,80.0,136921,3786,ME,OC
26487,80.0,136924,1510,EE,MBC
26488,80.0,136925,3805,AE,BC
26489,80.0,136928,2609,EE,MBC
26490,80.0,136929,2610,BT,SC
26491,80.0,136930,2659,EE,MBC
26492,80.0,136931,1228,ME,SC
26493,80.0,136932,2763,CS,SC
26494,80.0,136933,2743,EC,SC
26495,80.0,136934,4978,CS,SC
26496,80.0,136939,2625,CS,SC
26497,80.0,136941,5842,ME,OC
26498,79.5,136943,3860,CS,BCM
26499,79.5,136946,1430,EE,SC
26500,79.5,136947,2659,ME,MBC
26501,79.5,136948,2634,EC,SC
26502,79.5,136949,3805,RM,MBC
26503,79.2,136951,2350,CE,OC
26504,79.2,136952,2350,CE,SC
26505,79.0,136954,4965,CE,OC
26506,79.0,136957,2350,ME,OC
26507,78.5,136960,3805,ME,SC
26508,78.5,136961,2624,EC,SC
26509,78.5,136962,2665,CS,BCM
26510,78.0,136963,5930,ME,OC
26511,78.0,136965,2705,CS,MBC
26512,78.0,136967,4981,EC,SC
26513,78.0,136968,1218,ME,OC
26514,77.5,136972,3810,EE,SC
