S NO,AGGREGATE MARK,GENERAL RANK,COLLEGE CODE,BRANCH CODE,ALLOTTED COMMUNITY
1,200.0,1,1,EC,OC
2,200.0,2,4,AE,OC
3,200.0,4,1315,CS,OC
4,200.0,5,2006,IM,OC
5,200.0,6,1,EC,OC
6,200.0,7,1,CS,OC
7,200.0,9,1,EC,OC
8,200.0,10,1,EC,OC
9,200.0,11,1,EC,OC
10,200.0,12,1,CS,OC
11,200.0,14,1,CS,OC
12,200.0,15,1315,CS,OC
13,200.0,16,1,CS,OC
14,200.0,17,1,CS,OC
15,200.0,18,2006,EC,OC
16,200.0,19,2739,CS,OC
17,200.0,20,1,CS,OC
18,200.0,21,1,CS,OC
19,200.0,22,1315,CS,OC
20,200.0,23,1,EC,OC
21,200.0,24,1,IM,OC
22,200.0,25,1,CS,OC
23,200.0,27,1,CS,OC
24,200.0,28,1,CS,OC
25,200.0,29,1,CS,OC
26,200.0,31,1315,CS,OC
27,200.0,32,1,EE,OC
28,200.0,33,1,CS,OC
29,200.0,34,1,CS,OC
30,200.0,35,1,EC,OC
31,200.0,36,1,CS,OC
32,200.0,39,1,EC,OC
33,200.0,40,1315,CS,OC
34,200.0,42,2006,CM,OC
35,200.0,43,1315,CS,OC
36,200.0,44,1,CS,OC
37,200.0,45,1,EC,OC
38,200.0,46,1,CS,BC
39,200.0,47,1,CS,MBC
40,200.0,48,1,EC,OC
41,200.0,51,2006,CM,OC
42,200.0,52,2006,CG,OC
43,200.0,53,1,CS,BC
44,200.0,54,2006,EC,OC
45,200.0,56,1,CS,BC
46,200.0,57,1,CS,SC
47,200.0,58,1,CS,BC
48,200.0,60,1,CM,OC
49,200.0,62,1,CS,BC
50,200.0,62,1,CS,BC
51,200.0,63,1,CS,BC
52,200.0,64,1,CS,BC
53,199.8,66,1,CS,BC
54,199.8,67,1,CM,OC
55,199.7,68,1,CS,MBC
56,199.7,70,1,EC,OC
57,199.5,71,1,CS,BC
58,199.5,73,1,EC,OC
59,199.5,74,1,EC,OC
60,199.5,75,1,CS,BC
61,199.5,76,2006,CM,OC
62,199.5,77,2608,CS,OC
63,199.5,78,1,CS,MBC
64,199.5,79,1,CS,BC
65,199.5,80,1,CM,OC
66,199.5,81,1,CS,MBC
67,199.5,82,1,CM,OC
68,199.5,83,1,CS,BC
69,199.5,84,2006,CM,OC
70,199.5,85,1,CM,OC
71,199.5,86,1,CM,OC
72,199.5,87,2006,CM,OC
73,199.5,89,1,CS,MBC
74,199.5,90,1315,CS,OC
75,199.5,91,1,CM,OC
76,199.5,92,2006,EC,OC
77,199.5,93,1,CM,OC
78,199.5,94,1,CM,OC
79,199.5,95,1,CS,MBC
80,199.5,96,1,CS,MBC
81,199.5,97,1,CM,OC
82,199.5,98,1,EC,OC
83,199.5,99,1,EC,OC
84,199.5,100,1,CM,OC
85,199.5,101,1,CM,OC
86,199.5,102,1,CS,MBC
87,199.5,103,4,CS,OC
88,199.5,104,2006,EC,OC
89,199.5,105,1399,CS,OC
90,199.5,107,1,EC,OC
91,199.5,108,1,CS,MBC
92,199.5,110,1,CM,OC
93,199.5,111,2006,EC,OC
94,199.5,112,1,CM,OC
95,199.5,113,1,EC,MBC
96,199.5,114,1,EC,BC
97,199.5,116,1,CM,OC
98,199.5,117,2006,CM,OC
99,199.5,118,1,CM,OC
100,199.5,119,2006,CM,OC
101,199.5,120,1,CS,BCM
102,199.5,121,1,CM,OC
103,199.5,123,1,CM,OC
104,199.5,124,1,CM,OC
105,199.5,125,1,EC,BC
106,199.5,126,2006,CM,OC
107,199.5,127,1,CM,OC
108,199.5,128,1,CM,OC
109,199.5,129,2006,EC,OC
110,199.5,131,1399,CS,OC
111,199.5,132,1,CM,OC
112,199.5,133,1,EC,BC
113,199.5,134,1,EC,BC
114,199.5,136,4,CS,OC
115,199.5,137,1,CM,OC
116,199.5,138,1,CS,MBC
117,199.5,139,2006,EC,OC
118,199.5,140,1,IM,OC
119,199.5,141,5008,CS,OC
120,199.5,142,1,IM,OC
121,199.5,144,4,CS,OC
122,199.5,145,2006,CM,OC
123,199.5,146,1,EC,BC
124,199.5,150,1,CM,OC
125,199.5,151,1,EC,BC
126,199.5,152,1315,CS,OC
127,199.5,153,1315,CS,OC
128,199.5,154,2731,AD,OC
129,199.5,156,4,AT,OC
130,199.5,158,1,CM,OC
131,199.5,159,1315,CS,OC
132,199.5,160,1315,CS,OC
133,199.5,162,1,EC,BC
134,199.5,163,2006,CM,OC
135,199.5,164,1,CM,OC
136,199.5,166,1,CM,OC
137,199.5,168,1,EL,OC
138,199.5,169,1,CM,OC
139,199.5,170,1,CM,OC
140,199.5,172,1,CM,OC
141,199.5,173,1399,CS,OC
142,199.5,174,2006,CM,OC
143,199.5,176,1,CM,OC
144,199.5,177,1,CM,MBC
145,199.5,178,1,CM,BC
146,199.5,180,1,EC,MBC
147,199.5,181,1,CM,MBC
148,199.5,182,1,CM,BC
149,199.5,186,1,CM,BC
150,199.5,188,1,CM,BC
151,199.5,189,4,CS,OC
152,199.5,190,1,CS,SC
153,199.5,191,2006,EC,OC
154,199.5,192,1,CM,BC
155,199.5,193,1399,CS,OC
156,199.5,194,1,IM,OC
157,199.5,195,1,EC,BC
158,199.5,197,1,CM,MBC
159,199.5,198,2739,CS,OC
160,199.5,200,1,CM,BC
161,199.5,202,1,EC,BC
162,199.5,203,1315,CS,OC
163,199.5,206,1,CM,BC
164,199.5,207,1,EC,SCA
165,199.5,208,4,CS,OC
166,199.3,210,1,IM,OC
167,199.3,211,1,EM,OC
168,199.3,212,1,CS,SC
169,199.3,213,1315,EC,OC
170,199.3,214,1,EM,OC
171,199.2,215,1,CM,MBC
172,199.0,216,1,CM,BC
173,199.0,217,2006,CM,OC
174,199.0,218,1,CM,BC
175,199.0,221,1315,CS,OC
176,199.0,222,1,EC,BC
177,199.0,223,1,CM,BC
178,199.0,225,1315,CS,OC
179,199.0,226,1,CM,BC
180,199.0,227,2006,CM,OC
181,199.0,228,2006,CM,OC
182,199.0,229,1,EC,BC
183,199.0,230,1,IM,OC
184,199.0,231,1,CM,BC
185,199.0,233,1,CM,BC
186,199.0,234,1,CM,MBC
187,199.0,236,2006,CM,OC
188,199.0,237,2005,IT,OC
189,199.0,238,2006,CM,OC
190,199.0,239,1,CM,MBC
191,199.0,240,1,EC,BC
192,199.0,241,1,CM,MBC
193,199.0,242,2006,IM,OC
194,199.0,243,1,EC,BC
195,199.0,247,1,CM,MBC
196,199.0,248,1,EM,OC
197,199.0,249,1,CM,BC
198,199.0,250,4,EC,OC
199,199.0,251,1,CM,BC
200,199.0,252,1,CM,BC
201,199.0,253,1,CM,MBC
202,199.0,254,1,CM,BC
203,199.0,255,1,CM,BC
204,199.0,256,1,CM,BC
205,199.0,257,4,CS,OC
206,199.0,258,1,IM,OC
207,199.0,259,4,AT,OC
208,199.0,260,1,CM,MBC
209,199.0,261,1315,CS,OC
210,199.0,262,1,CM,BC
211,199.0,263,4,CS,OC
212,199.0,264,5008,CS,OC
213,199.0,266,1,CM,MBC
214,199.0,267,4,AT,OC
215,199.0,268,1,CM,BC
216,199.0,270,2006,EC,OC
217,199.0,271,1,CM,MBC
218,199.0,272,1315,EC,OC
219,199.0,274,1,CM,BC
220,199.0,275,1,CM,BC
221,199.0,276,1,IM,OC
222,199.0,277,1,CM,MBC
223,199.0,278,1,CM,MBC
224,199.0,279,1,EC,MBC
225,199.0,281,4,CS,OC
226,199.0,284,1,CM,BC
227,199.0,285,2006,CM,OC
228,199.0,286,1,CM,BC
229,199.0,288,5012,CC,OC
230,199.0,289,4,CS,OC
231,199.0,290,1,CM,BC
232,199.0,291,1,CM,MBC
233,199.0,292,4,CS,OC
234,199.0,293,1315,CS,OC
235,199.0,294,1,IM,OC
236,199.0,295,1,CS,SC
237,199.0,297,1,CM,MBC
238,199.0,298,2006,EC,OC
239,199.0,299,1,CM,BC
240,199.0,300,4,CS,OC
241,199.0,301,1,CM,MBC
242,199.0,303,1315,CS,OC
243,199.0,305,1,CM,MBC
244,199.0,307,4,CS,OC
245,199.0,308,1,EM,OC
246,199.0,311,4,CS,OC
247,199.0,312,4,CS,OC
248,199.0,314,1,EC,MBC
249,199.0,315,2006,CM,OC
250,199.0,316,2006,CM,OC
251,199.0,317,1315,CS,OC
252,199.0,318,1,CM,MBC
253,199.0,319,1,EC,BC
254,199.0,321,4,EC,OC
255,199.0,322,1315,CS,OC
256,199.0,324,1315,EC,OC
257,199.0,325,4,AT,OC
258,199.0,326,2006,CM,OC
259,199.0,327,4,CS,OC
260,199.0,329,2006,CM,OC
261,199.0,331,4,EC,OC
262,199.0,332,4,CS,BC
263,199.0,333,1399,EC,OC
264,199.0,335,1,CM,BC
265,199.0,336,1,EC,MBC
266,199.0,337,4,CS,MBC
267,199.0,338,2006,CM,OC
268,199.0,339,1,GI,OC
269,199.0,340,1,EE,OC
270,199.0,342,1,IM,OC
271,199.0,344,2006,CM,OC
272,199.0,347,5012,CC,OC
273,199.0,348,4,CS,BC
274,199.0,349,1,CM,MBC
275,199.0,351,1399,CS,OC
276,199.0,352,2731,AD,OC
277,199.0,355,1,CS,SC
278,199.0,357,1,EM,OC
279,199.0,358,1,IM,OC
280,199.0,359,4,EC,OC
281,199.0,360,4,AT,OC
282,199.0,361,1315,CS,OC
283,199.0,363,1,IM,OC
284,199.0,365,4,AE,OC
285,199.0,367,1,EM,OC
286,199.0,368,1,IM,OC
287,199.0,372,4,CS,BCM
288,199.0,373,1,IM,OC
289,199.0,374,1,CS,SC
290,199.0,376,1,IM,OC
291,199.0,377,4,CS,BC
292,199.0,378,1,EC,MBC
293,199.0,380,1,EM,OC
294,199.0,381,1,IM,OC
295,199.0,382,2006,EC,OC
296,199.0,383,1,EM,OC
297,199.0,384,1,CM,MBC
298,199.0,385,1,EC,MBC
299,199.0,386,1,EM,OC
300,198.8,387,1,IM,OC
301,198.8,388,4,CS,BC
302,198.8,389,2710,AD,OC
303,198.7,390,1315,CS,OC
304,198.7,391,1315,CS,OC
305,198.7,392,1,EM,OC
306,198.7,393,1,EM,OC
307,198.7,394,4,AE,OC
308,198.7,396,1315,CS,OC
309,198.5,397,1,IM,OC
310,198.5,398,1,EM,OC
311,198.5,399,2006,CG,OC
312,198.5,400,1,EM,OC
313,198.5,401,1,IM,OC
314,198.5,402,1,IM,OC
315,198.5,403,2006,CM,OC
316,198.5,404,1,EM,OC
317,198.5,405,1315,CS,OC
318,198.5,406,2377,CS,OC
319,198.5,407,1,EM,OC
320,198.5,408,1,EC,MBC
321,198.5,409,3843,IT,OC
322,198.5,410,2006,CM,OC
323,198.5,412,1399,CS,OC
324,198.5,414,1315,CS,OC
325,198.5,415,1,EM,OC
326,198.5,416,1,EM,BC
327,198.5,417,4,CM,OC
328,198.5,418,1,EM,BC
329,198.5,419,1,EM,BC
330,198.5,420,1,EM,BC
331,198.5,421,1,IM,OC
332,198.5,422,1315,EC,OC
333,198.5,423,2006,CM,BC
334,198.5,424,4,CS,BC
335,198.5,426,4,CS,BC
336,198.5,427,1,EC,MBC
337,198.5,428,1,IM,OC
338,198.5,429,1,CS,BCM
339,198.5,430,4,CS,BC
340,198.5,432,4,AT,OC
341,198.5,433,1,CM,BCM
342,198.5,434,1,EM,BC
343,198.5,435,1,EM,BC
344,198.5,436,2006,CG,OC
345,198.5,437,1315,CS,OC
346,198.5,438,2006,CM,BC
347,198.5,439,4,EC,OC
348,198.5,440,1,CM,BCM
349,198.5,443,1,CM,BCM
350,198.5,444,1399,CS,OC
351,198.5,445,1,EM,BC
352,198.5,448,1,IM,OC
353,198.5,450,2006,CM,BCM
354,198.5,451,4,IM,OC
355,198.5,452,4,AT,OC
356,198.5,453,1,EM,BC
357,198.5,454,1,EM,BC
358,198.5,455,1,EM,BC
359,198.5,457,4,EC,OC
360,198.5,458,4,AE,OC
361,198.5,459,4,AT,OC
362,198.5,461,1,EM,BC
363,198.5,462,1315,EC,OC
364,198.5,463,4,AT,OC
365,198.5,464,1315,CS,OC
366,198.5,465,4960,BT,OC
367,198.5,466,2005,EC,OC
368,198.5,467,1,EC,MBC
369,198.5,469,2006,CM,BC
370,198.5,470,2006,CM,BC
371,198.5,471,1,IM,OC
372,198.5,472,1315,CS,OC
373,198.5,475,4,CS,BC
374,198.5,477,4,CS,BC
375,198.5,478,1315,CS,OC
376,198.5,481,4,EC,OC
377,198.5,482,1,EM,BC
378,198.5,483,1,EM,MBC
379,198.5,486,4,EC,OC
380,198.5,488,4,CS,BC
381,198.5,489,1315,CS,OC
382,198.5,490,2006,CM,BC
383,198.5,491,4,EC,OC
384,198.5,492,2006,CM,BC
385,198.5,493,2006,CM,BC
386,198.5,494,1,BY,OC
387,198.5,495,2006,CM,BC
388,198.5,496,4,CS,MBC
389,198.5,497,2006,CM,BC
390,198.5,498,1,EM,BC
391,198.5,499,4962,EC,OC
392,198.5,500,1,EC,SC
393,198.5,501,1,IM,OC
394,198.5,502,2006,CM,BC
395,198.5,503,1,EM,MBC
396,198.5,505,1,IM,OC
397,198.5,506,2006,EC,OC
398,198.5,507,4,CM,OC
399,198.5,508,4,CS,BC
400,198.5,509,5901,CS,OC
401,198.5,510,1,IM,OC
402,198.5,511,1315,CS,OC
403,198.5,512,2006,CM,BC
404,198.5,514,4,EC,OC
405,198.5,515,1,IM,OC
406,198.5,516,1,IM,OC
407,198.5,517,2006,EC,OC
408,198.5,518,2006,EC,OC
409,198.5,519,4,CS,MBC
410,198.5,521,1,IM,OC
411,198.5,523,4,AT,OC
412,198.5,524,1315,CS,MBC
413,198.5,525,1,IM,OC
414,198.5,526,1,EC,BCM
415,198.5,529,2006,IM,OC
416,198.5,530,5008,CS,OC
417,198.5,531,1,EM,MBC
418,198.5,532,1,EE,OC
419,198.5,535,4,EC,OC
420,198.5,536,1,EC,SC
421,198.5,537,1,IM,BC
422,198.5,538,4,AE,OC
423,198.5,539,1315,CS,BC
424,198.5,540,2329,AD,OC
425,198.5,542,1,IM,BC
426,198.5,543,1,EE,OC
427,198.5,544,4,AT,OC
428,198.5,548,1,IM,BC
429,198.5,549,4,AT,OC
430,198.5,550,1,IM,BC
431,198.5,551,1,IM,MBC
432,198.5,552,4,CS,BC
433,198.5,553,4,CM,OC
434,198.5,555,2006,EC,OC
435,198.5,556,1,EE,OC
436,198.5,557,1,IM,MBC
437,198.5,558,4944,AD,OC
438,198.5,560,2006,EC,OC
439,198.5,561,1315,CS,BC
440,198.5,562,4,CM,OC
441,198.5,563,1,IM,BC
442,198.5,564,1,CM,SC
443,198.5,565,2653,CS,OC
444,198.5,566,4,CM,OC
445,198.5,567,4,CM,OC
446,198.5,568,1,IM,BC
447,198.5,569,2006,CM,BC
448,198.5,570,1315,CS,BC
449,198.5,571,2006,EC,BC
450,198.5,574,1,IM,BC
451,198.5,575,1399,CS,OC
452,198.5,576,1315,CS,BC
453,198.5,578,1,EE,OC
454,198.5,579,1,EE,OC
455,198.5,580,2006,CM,BC
456,198.5,582,1315,EC,OC
457,198.5,583,5008,CS,OC
458,198.5,584,2006,CM,BC
459,198.5,586,4,CM,OC
460,198.5,589,2006,EC,BC
461,198.5,590,1315,CS,MBC
462,198.5,591,2006,EC,BC
463,198.5,592,1315,EC,OC
464,198.5,596,1,IM,MBC
465,198.5,597,2006,EC,BC
466,198.5,598,2708,AL,OC
467,198.5,599,1315,IT,OC
468,198.5,602,4,CS,MBC
469,198.5,604,4,CM,OC
470,198.5,605,1,IM,BC
471,198.5,607,2006,EC,MBC
472,198.5,608,1,EC,SC
473,198.5,609,1,IM,BC
474,198.5,610,1,IM,BC
475,198.5,612,4,EC,OC
476,198.5,613,1,IM,MBC
477,198.5,614,1,IM,BC
478,198.3,620,1315,CS,BC
479,198.3,622,1,IM,BC
480,198.3,624,1315,CS,MBC
481,198.3,625,1,IM,BC
482,198.0,626,1,EC,SC
483,198.0,628,4,EC,OC
484,198.0,629,1,IM,MBC
485,198.0,631,1,BY,OC
486,198.0,632,1,IM,MBC
487,198.0,633,2006,CM,BC
488,198.0,634,2006,CM,BC
489,198.0,635,4,CM,OC
490,198.0,636,1,EE,OC
491,198.0,637,1,IM,MBC
492,198.0,638,1,IM,BCM
493,198.0,639,2006,CM,BC
494,198.0,640,4,AE,OC
495,198.0,641,1315,CS,BC
496,198.0,642,2712,AD,OC
497,198.0,643,1315,CS,BC
498,198.0,644,5008,CS,OC
499,198.0,645,1,IM,BC
500,198.0,646,5008,CS,OC
501,198.0,647,4,CM,OC
502,198.0,648,2006,EC,BC
503,198.0,649,2006,CM,BC
504,198.0,650,4,AE,OC
505,198.0,651,1,IM,BC
506,198.0,652,1,IM,MBC
507,198.0,653,2006,EC,BC
508,198.0,654,1315,CS,BC
509,198.0,655,2006,CM,BC
510,198.0,656,2006,CM,BC
511,198.0,658,1,CM,SC
512,198.0,659,4,EC,OC
513,198.0,660,2006,CM,BC
514,198.0,662,1315,CS,BC
515,198.0,664,2006,EC,BC
516,198.0,665,1399,CS,OC
517,198.0,666,1,EC,SC
518,198.0,667,4,EC,OC
519,198.0,669,4,EI,OC
520,198.0,670,1,CM,BCM
521,198.0,671,1,IM,BC
522,198.0,672,4,CM,OC
523,198.0,673,2007,CS,OC
524,198.0,674,1,CS,SCA
525,198.0,675,1315,CS,BC
526,198.0,676,1,IM,BC
527,198.0,677,4,CM,OC
528,198.0,678,1315,CS,BC
529,198.0,679,2006,CM,BC
530,198.0,680,2006,IM,OC
531,198.0,682,2006,EC,BC
532,198.0,683,1,IM,MBC
533,198.0,684,4,CS,SC
534,198.0,685,4,CM,OC
535,198.0,686,2006,CG,OC
536,198.0,687,2006,IM,OC
537,198.0,688,4,AT,OC
538,198.0,689,1,EE,OC
539,198.0,691,1,IM,MBC
540,198.0,692,1,EC,SC
541,198.0,693,1,BY,OC
542,198.0,695,4,CS,SC
543,198.0,696,1,EE,OC
544,198.0,699,2764,AD,OC
545,198.0,700,4,EC,OC
546,198.0,701,4,CM,OC
547,198.0,702,1,EL,OC
548,198.0,703,1315,EC,OC
549,198.0,704,2006,EC,BC
550,198.0,705,1,IM,BC
551,198.0,707,1,IM,BC
552,198.0,708,4,CM,OC
553,198.0,709,1,CM,SC
554,198.0,710,2006,EC,BC
555,198.0,711,1315,EC,OC
556,198.0,712,4,CS,MBC
557,198.0,713,2006,EC,BC
558,198.0,714,2007,AT,OC
559,198.0,715,4,AT,OC
560,198.0,716,1399,CS,OC
561,198.0,717,1315,CS,BCM
562,198.0,719,4,EM,OC
563,198.0,721,2006,EC,BC
564,198.0,722,1,IM,BC
565,198.0,723,1,IM,MBC
566,198.0,724,1315,CS,BC
567,198.0,727,4,EC,BC
568,198.0,730,1315,CS,BC
569,198.0,731,1,CS,SC
570,198.0,733,2006,IM,OC
571,198.0,734,1,IM,BC
572,198.0,737,1,IM,MBC
573,198.0,738,1,IM,MBC
574,198.0,740,4,CS,MBC
575,198.0,741,1,EE,OC
576,198.0,743,1,CM,SC
577,198.0,745,1,IM,MBC
578,198.0,746,4,EC,BC
579,198.0,747,1,IM,MBC
580,198.0,748,1,IM,MBC
581,198.0,749,4,CM,OC
582,198.0,750,4,AT,OC
583,198.0,751,1,BY,OC
584,198.0,753,4,EC,BC
585,198.0,755,1,EM,MBC
586,198.0,756,2,CH,OC
587,198.0,758,4,CM,BC
588,198.0,759,4,EM,OC
589,198.0,762,1315,IT,OC
590,198.0,764,2006,EC,BC
591,198.0,765,4,CM,BC
592,198.0,768,4,IM,OC
593,198.0,770,2006,IM,OC
594,198.0,771,4,CM,BC
595,198.0,772,2006,EC,BC
596,198.0,773,4980,CS,OC
597,198.0,774,2006,IM,OC
598,198.0,775,1315,CS,BC
599,198.0,777,4,AT,MBC
600,198.0,779,2006,EC,BCM
601,198.0,780,2377,CS,OC
602,198.0,781,4,CM,MBC
603,198.0,782,4,CM,BC
604,198.0,784,4,IM,OC
605,198.0,785,1,EM,MBC
606,198.0,788,4,CM,BC
607,198.0,790,1315,IT,OC
608,198.0,791,4,CM,BC
609,198.0,793,1,IM,BC
610,198.0,795,2739,AM,OC
611,198.0,797,2006,IM,OC
612,198.0,801,5012,CC,OC
613,198.0,802,4,CS,BCM
614,198.0,804,1,IM,BC
615,198.0,805,4,IM,OC
616,198.0,808,1,CM,SC
617,198.0,809,1315,CS,BC
618,198.0,810,1,EE,OC
619,198.0,811,1399,CS,OC
620,198.0,813,1,EE,OC
621,198.0,814,2006,EM,OC
622,198.0,815,4,IM,OC
623,198.0,816,4,EC,MBC
624,198.0,819,1,IM,BC
625,198.0,820,1,CM,SC
626,198.0,821,2005,EC,OC
627,198.0,822,4,AE,OC
628,198.0,823,1315,CS,MBC
629,198.0,825,1315,CS,BC
630,198.0,826,2712,CS,OC
631,198.0,829,4,AT,SC
632,198.0,830,4,EC,BC
633,198.0,833,1315,CS,BC
634,198.0,834,1,IM,BC
635,198.0,835,4,EC,BC
636,198.0,836,1315,EC,OC
637,198.0,836,1,EE,OC
638,198.0,838,1,IM,BC
639,198.0,839,1315,CS,MBC
640,198.0,841,4,AT,BC
641,198.0,842,2006,IM,OC
642,198.0,843,1315,CS,BC
643,198.0,844,2005,CS,OC
644,198.0,845,1315,CS,MBC
645,198.0,846,2006,IM,OC
646,198.0,847,2007,CS,OC
647,198.0,849,5008,EC,OC
648,198.0,850,1315,CS,BC
649,198.0,851,1,EM,MBC
650,198.0,852,4,AT,MBC
651,198.0,853,1211,CS,OC
652,198.0,854,4,EC,BC
653,198.0,857,4,CM,BC
654,198.0,858,1315,EC,OC
655,198.0,859,1,IM,BC
656,198.0,860,4,IM,OC
657,198.0,861,4,EM,OC
658,198.0,862,4,EM,OC
659,198.0,863,4,CM,BC
660,198.0,865,4,AT,BC
661,198.0,868,4,CM,BC
662,198.0,869,1315,CS,BC
663,197.8,870,2006,CG,OC
664,197.7,874,4,EM,OC
665,197.7,875,1315,CS,BC
666,197.5,876,4,EC,MBC
667,197.5,877,4,EC,MBC
668,197.5,878,4,AT,BC
669,197.5,879,1315,IT,OC
670,197.5,880,4,EC,BC
671,197.5,881,4,EC,BC
672,197.5,883,1399,CS,OC
673,197.5,884,4,EM,OC
674,197.5,885,4,AE,OC
675,197.5,886,4,AT,MBC
676,197.5,887,4,IM,OC
677,197.5,888,2006,EM,OC
678,197.5,889,2006,CM,MBC
679,197.5,890,2006,IM,OC
680,197.5,892,4,AT,MBC
681,197.5,893,2006,IM,OC
682,197.5,894,2710,AD,OC
683,197.5,895,4,AT,BC
684,197.5,896,4,EC,BC
685,197.5,897,2006,CM,MBC
686,197.5,898,4,CM,BC
687,197.5,899,2006,IM,OC
688,197.5,901,2006,IM,OC
689,197.5,902,1315,EC,OC
690,197.5,903,4,CM,MBC
691,197.5,904,1315,IT,OC
692,197.5,905,1,IM,BCM
693,197.5,908,4,CM,MBC
694,197.5,909,4,AT,BC
695,197.5,910,4,IM,OC
696,197.5,911,2006,IM,OC
697,197.5,912,4,CM,MBC
698,197.5,913,1315,EC,OC
699,197.5,915,1315,IT,OC
700,197.5,916,4,CM,BC
701,197.5,917,1315,IT,OC
702,197.5,918,4,CM,BCM
703,197.5,919,4,CM,BC
704,197.5,920,2006,IM,OC
705,197.5,921,2739,AM,OC
706,197.5,922,4,IM,OC
707,197.5,923,1315,EC,OC
708,197.5,924,4,EM,OC
709,197.5,925,4,AT,SC
710,197.5,927,4,CM,MBC
711,197.5,928,1,EM,BCM
712,197.5,929,4,EC,MBC
713,197.5,930,1,IM,BCM
714,197.5,933,1315,CS,BC
715,197.5,934,2006,IM,OC
716,197.5,935,5008,EC,OC
717,197.5,936,4,EM,OC
718,197.5,937,1315,CS,BC
719,197.5,938,2006,IM,OC
720,197.5,939,4,CM,MBC
721,197.5,940,2710,CS,OC
722,197.5,941,4,CM,BC
723,197.5,942,4,EM,OC
724,197.5,943,4,AT,BC
725,197.5,945,4,IM,OC
726,197.5,947,4,EM,OC
727,197.5,948,2006,CM,BCM
728,197.5,948,4,AT,BC
729,197.5,951,5008,EC,OC
730,197.5,952,1315,CS,BC
731,197.5,953,2006,EC,MBC
732,197.5,954,1315,CS,BC
733,197.5,955,4,AT,BC
734,197.5,956,4,CS,MBC
735,197.5,957,5008,CS,OC
736,197.5,958,2007,CS,OC
737,197.5,960,1315,CS,MBC
738,197.5,961,2712,EC,OC
739,197.5,962,4,IM,OC
740,197.5,963,2006,CG,OC
741,197.5,964,1,EC,SC
742,197.5,965,4,EC,BC
743,197.5,968,4,EM,OC
744,197.5,969,4,AT,BC
745,197.5,970,1315,CS,BC
746,197.5,971,4,EC,BC
747,197.5,972,4,IM,OC
748,197.5,974,4,AT,BC
749,197.5,977,1,EL,OC
750,197.5,979,1,EE,OC
751,197.5,982,1,EM,MBC
752,197.5,983,1315,CS,MBC
753,197.5,984,1,IM,MBC
754,197.5,986,1,CE,OC
755,197.5,987,1315,EC,OC
756,197.5,988,1315,IT,OC
757,197.5,989,1399,CS,OC
758,197.5,990,2708,AL,OC
759,197.5,991,2007,CS,OC
760,197.5,992,2006,IM,OC
761,197.5,993,2006,EM,OC
762,197.5,994,2006,IM,OC
763,197.5,995,2006,EM,OC
764,197.5,997,4,AT,BC
765,197.5,998,2006,IM,OC
766,197.5,999,2006,EM,OC
767,197.5,1000,4,CS,MBC
768,197.5,1001,2007,EC,OC
769,197.5,1003,1315,CS,BCM
770,197.5,1005,5008,CS,OC
771,197.5,1006,2006,EM,OC
772,197.5,1007,2006,CM,MBC
773,197.5,1008,1,BY,OC
774,197.5,1009,4,IM,OC
775,197.5,1011,4,AT,MBC
776,197.5,1013,1,IM,MBC
777,197.5,1014,2377,CS,OC
778,197.5,1015,4,EM,OC
779,197.5,1017,1,EE,OC
780,197.5,1018,1,CS,SC
781,197.5,1019,2006,IM,OC
782,197.5,1020,4,EM,OC
783,197.5,1021,1,EM,BCM
784,197.5,1022,2006,EM,OC
785,197.5,1023,1,EC,BCM
786,197.5,1024,4,AE,OC
787,197.5,1025,4,IM,OC
788,197.5,1026,2006,EM,OC
789,197.5,1027,2006,CM,MBC
790,197.5,1030,1315,EC,OC
791,197.5,1033,1,IE,OC
792,197.5,1035,1315,EC,OC
793,197.5,1036,2006,CM,MBC
794,197.5,1037,4,AT,BC
795,197.5,1038,4,IM,OC
796,197.5,1039,4,CS,MBC
797,197.5,1040,4,CS,SC
798,197.5,1041,1399,CS,OC
799,197.5,1042,1399,EC,OC
800,197.5,1043,2006,IM,OC
801,197.5,1046,1,EM,MBC
802,197.5,1048,4,IM,OC
803,197.5,1049,1315,CS,MBC
804,197.5,1050,2006,EM,OC
805,197.5,1051,4,IM,OC
806,197.5,1052,2006,IM,OC
807,197.5,1053,2006,CM,MBC
808,197.5,1054,4,EC,BC
809,197.5,1056,2006,IM,OC
810,197.5,1057,4,IM,OC
811,197.5,1058,2006,IM,BC
812,197.5,1059,2006,BS,OC
813,197.5,1060,2006,EM,OC
814,197.5,1061,4,IM,OC
815,197.5,1062,4,IM,OC
816,197.5,1063,1,BY,OC
817,197.5,1064,1,EL,OC
818,197.5,1065,2006,CG,OC
819,197.5,1066,4,IM,OC
820,197.5,1067,4,AT,SC
821,197.5,1068,2006,IM,BC
822,197.5,1070,1315,IT,OC
823,197.5,1071,1,ME,OC
824,197.5,1072,4,EM,OC
825,197.5,1074,2006,EM,OC
826,197.5,1075,1,EM,MBC
827,197.5,1076,1,IM,MBC
828,197.5,1078,2739,CS,OC
829,197.5,1079,2006,EM,OC
830,197.5,1080,4,IM,OC
831,197.5,1081,1,EE,BC
832,197.5,1082,1,CM,SC
833,197.5,1083,4,EC,BC
834,197.5,1084,1399,CS,OC
835,197.5,1085,2,IB,OC
836,197.5,1086,4,IM,OC
837,197.5,1087,2007,CS,OC
838,197.5,1088,2006,EM,OC
839,197.5,1089,1,IM,MBC
840,197.5,1090,4,AT,MBC
841,197.5,1091,4,EC,MBC
842,197.5,1092,1,EE,BC
843,197.5,1093,1,EE,BC
844,197.5,1095,1315,CS,BCM
845,197.5,1097,1,EE,BC
846,197.5,1098,2007,EC,OC
847,197.5,1100,1,ME,OC
848,197.5,1101,4,CM,MBC
849,197.5,1104,2006,EM,OC
850,197.5,1105,2005,IT,OC
851,197.5,1106,4,AT,MBC
852,197.5,1110,4,IM,OC
853,197.5,1111,4,CM,MBC
854,197.5,1113,4,IM,OC
855,197.5,1115,1,ME,OC
856,197.5,1117,4,IM,OC
857,197.5,1118,4,IM,OC
858,197.5,1119,4,IM,OC
859,197.5,1120,1315,IT,OC
860,197.5,1121,2005,CS,OC
861,197.5,1122,1315,IT,OC
862,197.5,1123,5910,IT,OC
863,197.5,1124,1,BY,OC
864,197.5,1125,1315,CS,BC
865,197.5,1126,2006,CM,MBC
866,197.5,1127,1,EL,OC
867,197.5,1128,1399,SC,OC
868,197.5,1129,4,AT,BC
869,197.5,1130,4,IM,OC
870,197.5,1131,2006,EM,OC
871,197.5,1132,2006,IM,BC
872,197.5,1133,4,EM,OC
873,197.5,1135,1315,CS,MBC
874,197.5,1136,1315,IT,OC
875,197.5,1138,4,IM,OC
876,197.5,1141,1315,EC,OC
877,197.5,1142,4,AT,MBC
878,197.5,1144,4,EM,OC
879,197.5,1145,2005,CS,OC
880,197.5,1148,4,AT,BC
881,197.5,1151,2739,CS,OC
882,197.5,1152,1412,AD,OC
883,197.3,1154,2006,CG,OC
884,197.3,1154,1315,IT,OC
885,197.3,1156,4,IM,OC
886,197.3,1157,1,EL,OC
887,197.2,1158,4,IM,OC
888,197.0,1159,4,IM,BC
889,197.0,1160,4,IM,BC
890,197.0,1161,4,IM,BC
891,197.0,1162,2377,AD,OC
892,197.0,1163,2006,EM,OC
893,197.0,1164,1315,CS,MBC
894,197.0,1165,4,EM,BC
895,197.0,1166,1315,IT,OC
896,197.0,1167,1211,CS,OC
897,197.0,1168,2007,CS,OC
898,197.0,1169,4,CM,MBC
899,197.0,1170,2006,CG,OC
900,197.0,1171,2006,IM,BC
901,197.0,1173,1,EL,OC
902,197.0,1174,5008,CS,OC
903,197.0,1175,4,IM,BC
904,197.0,1176,2007,EC,OC
905,197.0,1177,1315,CS,MBC
906,197.0,1178,4,AT,MBC
907,197.0,1179,4,EM,BC
908,197.0,1180,1,EL,OC
909,197.0,1181,2007,CS,OC
910,197.0,1182,1,CE,OC
911,197.0,1183,4,EM,BC
912,197.0,1184,1,EL,BC
913,197.0,1186,2006,CG,OC
914,197.0,1187,2006,EM,BC
915,197.0,1188,2006,IM,BC
916,197.0,1189,1315,IT,OC
917,197.0,1190,1315,IT,OC
918,197.0,1191,4,IM,MBC
919,197.0,1192,4,EM,BC
920,197.0,1193,4,IM,BC
921,197.0,1194,1315,IT,OC
922,197.0,1195,2377,AD,OC
923,197.0,1196,4,CM,MBC
924,197.0,1197,4,EC,MBC
925,197.0,1198,4,CS,SC
926,197.0,1199,1315,CS,MBC
927,197.0,1200,4,IM,BC
928,197.0,1201,2006,EC,MBC
929,197.0,1203,4,IM,BC
930,197.0,1204,2007,EC,OC
931,197.0,1205,2007,CS,OC
932,197.0,1206,4,CM,MBC
933,197.0,1207,2006,CG,OC
934,197.0,1209,1,EE,MBC
935,197.0,1210,1,ME,OC
936,197.0,1211,2006,CM,MBC
937,197.0,1212,2006,IM,BC
938,197.0,1213,2006,EM,BC
939,197.0,1214,1315,EC,OC
940,197.0,1215,2007,CS,OC
941,197.0,1216,4,EI,OC
942,197.0,1217,2006,IM,BC
943,197.0,1218,2710,IT,OC
944,197.0,1219,4,EM,MBC
945,197.0,1220,2005,CS,OC
946,197.0,1221,2006,CG,OC
947,197.0,1222,4,IM,BC
948,197.0,1223,2007,CS,OC
949,197.0,1224,2006,CM,MBC
950,197.0,1225,1399,CS,OC
951,197.0,1226,2006,EC,MBC
952,197.0,1227,2006,EM,BC
953,197.0,1228,2006,CG,OC
954,197.0,1229,2007,CS,OC
955,197.0,1231,4,EM,BC
956,197.0,1232,2007,CS,OC
957,197.0,1233,2006,IM,BC
958,197.0,1234,4,AE,OC
959,197.0,1235,1315,IT,OC
960,197.0,1236,4,EM,BC
961,197.0,1237,2006,IM,BC
962,197.0,1238,1399,IT,OC
963,197.0,1239,1315,IT,OC
964,197.0,1240,2739,CS,OC
965,197.0,1241,4,IM,MBC
966,197.0,1242,1,EE,MBC
967,197.0,1244,2006,CM,MBC
968,197.0,1246,4,IM,MBC
969,197.0,1247,2007,CS,OC
970,197.0,1249,1315,IT,OC
971,197.0,1250,2006,IM,BC
972,197.0,1251,4,RA,OC
973,197.0,1252,1315,EC,OC
974,197.0,1253,4,IM,BC
975,197.0,1254,4,AT,MBC
976,197.0,1256,4,EC,BCM
977,197.0,1257,4,EM,BC
978,197.0,1258,2005,CS,OC
979,197.0,1259,4,EC,MBC
980,197.0,1260,2006,EM,BC
981,197.0,1261,1315,IT,BC
982,197.0,1262,1315,IT,BC
983,197.0,1263,1315,IT,BC
984,197.0,1264,2739,AD,OC
985,197.0,1265,1315,IT,BC
986,197.0,1266,1,EC,SC
987,197.0,1267,4,IM,BC
988,197.0,1268,1,EL,BC
989,197.0,1270,2006,IM,BC
990,197.0,1271,2006,IM,BC
991,197.0,1272,1,ME,OC
992,197.0,1274,4,EI,OC
993,197.0,1275,2006,IM,BC
994,197.0,1276,2005,CS,OC
995,197.0,1278,4,IM,MBC
996,197.0,1279,1315,EC,OC
997,197.0,1283,4,EM,MBC
998,197.0,1285,4,EC,BCM
999,197.0,1287,4,IM,BC
1000,197.0,1288,2006,CG,BC
1001,197.0,1289,2006,EE,OC
1002,197.0,1290,4,EC,MBC
1003,197.0,1291,4,IM,MBC
1004,197.0,1292,2739,CS,OC
1005,197.0,1293,2006,IM,BC
1006,197.0,1295,4,IM,BC
1007,197.0,1296,4,IM,BC
1008,197.0,1297,4,EM,BC
1009,197.0,1298,4,IM,BC
1010,197.0,1299,1315,IT,BC
1011,197.0,1300,2718,CS,OC
1012,197.0,1301,2006,EM,BC
1013,197.0,1303,1,EE,BCM
1014,197.0,1304,1,EE,SC
1015,197.0,1305,4,EM,BC
1016,197.0,1306,4,EI,OC
1017,197.0,1307,4,IM,MBC
1018,197.0,1308,4,IM,MBC
1019,197.0,1310,2006,EM,BC
1020,197.0,1311,4,EM,BC
1021,197.0,1312,4,IM,MBC
1022,197.0,1313,4,IM,BC
1023,197.0,1314,2739,CS,OC
1024,197.0,1315,2006,EE,OC
1025,197.0,1317,4,EM,MBC
1026,197.0,1318,2006,IM,BC
1027,197.0,1320,2006,CG,BC
1028,197.0,1321,4,IM,BC
1029,197.0,1322,2006,EM,BC
1030,197.0,1323,2006,EM,BC
1031,197.0,1324,2739,AD,OC
1032,197.0,1325,1219,CS,OC
1033,197.0,1326,4,IM,MBC
1034,197.0,1327,4,EM,MBC
1035,197.0,1328,2006,CG,BC
1036,197.0,1330,4,EM,BC
1037,197.0,1331,4,EM,BCM
1038,197.0,1334,1315,EE,OC
1039,197.0,1336,2006,CM,MBC
1040,197.0,1337,4,CM,BCM
1041,197.0,1338,1399,CS,OC
1042,197.0,1339,4,EC,MBC
1043,197.0,1340,4,EM,BC
1044,197.0,1341,4,EM,BC
1045,197.0,1343,4,EM,BC
1046,197.0,1345,2006,EC,MBC
1047,197.0,1346,4,IM,BC
1048,197.0,1347,4,IM,BC
1049,197.0,1349,2006,CG,BC
1050,197.0,1350,1,EE,BC
1051,197.0,1351,2377,AD,OC
1052,197.0,1355,1399,CS,OC
1053,197.0,1356,1315,IT,BC
1054,197.0,1357,1,EL,BC
1055,197.0,1358,2006,CM,MBC
1056,197.0,1359,4,IM,MBC
1057,197.0,1360,2007,EC,OC
1058,197.0,1361,2006,CG,BC
1059,197.0,1362,4,EM,MBC
1060,197.0,1363,1,ME,OC
1061,197.0,1364,4,IM,BC
1062,197.0,1365,4,EC,MBC
1063,197.0,1366,2007,CS,OC
1064,197.0,1368,2764,AM,OC
1065,197.0,1369,5901,CS,OC
1066,197.0,1370,2736,CB,OC
1067,197.0,1372,2006,CM,SC
1068,197.0,1373,4,IM,BC
1069,197.0,1374,1315,IT,BC
1070,197.0,1375,5008,EC,OC
1071,197.0,1376,2005,EC,OC
1072,197.0,1377,1,EE,BC
1073,197.0,1379,4,EM,MBC
1074,197.0,1380,2006,CM,MBC
1075,197.0,1381,2377,CS,OC
1076,197.0,1382,2005,CS,OC
1077,197.0,1383,1,EE,BC
1078,197.0,1384,2006,CG,MBC
1079,197.0,1385,2006,EM,BC
1080,197.0,1387,1315,IT,BC
1081,197.0,1388,5008,CS,OC
1082,197.0,1389,1,BY,OC
1083,197.0,1390,1315,EC,BC
1084,197.0,1391,4,IM,MBC
1085,197.0,1393,2377,CS,OC
1086,197.0,1394,2006,EC,MBC
1087,197.0,1395,3825,AD,OC
1088,197.0,1396,2006,IM,BC
1089,197.0,1397,2739,CS,OC
1090,197.0,1398,4,IM,BC
1091,197.0,1401,1315,CH,OC
1092,197.0,1403,2006,EE,OC
1093,197.0,1404,2006,CG,BC
1094,197.0,1405,4,IM,MBC
1095,197.0,1407,1315,IT,BC
1096,197.0,1408,4,IM,BCM
1097,197.0,1409,1315,IT,BC
1098,197.0,1410,2377,CS,OC
1099,197.0,1413,4,IM,BC
1100,197.0,1415,1315,CS,MBC
1101,197.0,1418,4,IM,BC
1102,197.0,1419,2007,CS,OC
1103,197.0,1421,2007,CS,BC
1104,197.0,1423,1216,AD,OC
1105,197.0,1425,1399,AD,OC
1106,197.0,1426,4,AE,OC
1107,197.0,1427,2006,EE,OC
1108,197.0,1428,4,EC,SC
1109,197.0,1429,2007,AT,OC
1110,197.0,1430,1315,CS,BCM
1111,197.0,1431,2007,CS,MBC
1112,197.0,1432,2006,CM,MBC
1113,197.0,1433,2006,CG,BC
1114,197.0,1434,4,EM,MBC
1115,197.0,1436,5,CH,OC
1116,197.0,1437,1,EE,BC
1117,197.0,1438,4,IM,BC
1118,197.0,1439,2005,IT,OC
1119,197.0,1440,2005,EC,OC
1120,197.0,1441,1399,CS,OC
1121,197.0,1442,1,EL,BC
1122,197.0,1445,2007,CS,BC
1123,197.0,1447,4,IM,BC
1124,197.0,1449,2006,EM,BC
1125,197.0,1450,2006,EM,BC
1126,197.0,1451,1315,CS,MBC
1127,197.0,1452,1315,EC,BC
1128,197.0,1453,4,IM,MBC
1129,197.0,1454,1,BY,OC
1130,197.0,1459,1315,IT,BCM
1131,197.0,1460,4,AT,MBC
1132,197.0,1462,2006,CM,MBC
1133,197.0,1464,1,CM,SC
1134,197.0,1466,1,EE,BC
1135,197.0,1473,4,IM,MBC
1136,197.0,1474,1,EE,BC
1137,197.0,1475,1315,CS,MBC
1138,197.0,1476,1315,IT,BC
1139,196.8,1478,1,ME,OC
1140,196.7,1479,2006,CG,BC
1141,196.7,1482,1315,CJ,OC
1142,196.5,1484,1315,EC,BC
1143,196.5,1485,4,IM,MBC
1144,196.5,1486,1,EE,BC
1145,196.5,1487,2007,CS,BC
1146,196.5,1488,4,EI,OC
1147,196.5,1489,2006,IM,SC
1148,196.5,1490,2005,CS,OC
1149,196.5,1491,5008,CS,OC
1150,196.5,1492,1315,EC,BC
1151,196.5,1493,4,IM,BC
1152,196.5,1494,4,IM,MBC
1153,196.5,1495,1315,IT,BC
1154,196.5,1496,2006,EC,MBC
1155,196.5,1497,4,EM,BCM
1156,196.5,1498,2006,EE,OC
1157,196.5,1499,1,CM,SC
1158,196.5,1500,1315,EC,BC
1159,196.5,1501,2006,EM,BC
1160,196.5,1502,4,IM,BC
1161,196.5,1504,2377,AD,OC
1162,196.5,1505,1315,EC,BC
1163,196.5,1506,4,IM,BC
1164,196.5,1507,1211,CS,OC
1165,196.5,1508,1,EE,BC
1166,196.5,1509,1,EE,MBC
1167,196.5,1511,5008,CS,OC
1168,196.5,1515,1,CE,OC
1169,196.5,1516,2005,CS,OC
1170,196.5,1518,1315,IT,BC
1171,196.5,1519,2007,CS,BC
1172,196.5,1520,1315,EC,BC
1173,196.5,1521,1315,CS,MBC
1174,196.5,1523,2007,CS,MBC
1175,196.5,1524,2005,EC,OC
1176,196.5,1525,4,IM,MBC
1177,196.5,1526,1315,EC,BC
1178,196.5,1527,4,AE,OC
1179,196.5,1528,4,EM,MBC
1180,196.5,1530,1315,IT,MBC
1181,196.5,1532,1211,CS,OC
1182,196.5,1533,2005,EC,OC
1183,196.5,1534,2006,CM,MBC
1184,196.5,1535,2377,CS,OC
1185,196.5,1536,2007,CS,BC
1186,196.5,1537,1,EE,MBC
1187,196.5,1538,2006,IM,BC
1188,196.5,1539,2006,IM,MBC
1189,196.5,1540,2006,CM,SC
1190,196.5,1541,2377,CS,OC
1191,196.5,1542,1315,IT,BC
1192,196.5,1543,1315,EC,BC
1193,196.5,1544,2007,CS,BC
1194,196.5,1545,2343,HT,OC
1195,196.5,1547,2007,CM,OC
1196,196.5,1548,5008,EC,OC
1197,196.5,1549,2006,CM,MBC
1198,196.5,1550,2007,CS,BC
1199,196.5,1552,1,ME,OC
1200,196.5,1553,2007,CM,OC
1201,196.5,1555,1432,CS,OC
1202,196.5,1556,2,CH,OC
1203,196.5,1557,1,EL,BC
1204,196.5,1558,4,IM,MBC
1205,196.5,1559,1,ME,OC
1206,196.5,1560,1211,CS,OC
1207,196.5,1561,5008,CS,OC
1208,196.5,1565,2006,IM,BC
1209,196.5,1566,1315,EC,BC
1210,196.5,1567,2739,CS,OC
1211,196.5,1568,1315,IT,BC
1212,196.5,1570,1399,CS,OC
1213,196.5,1571,2007,CS,BC
1214,196.5,1572,4,IM,MBC
1215,196.5,1574,5008,CS,BC
1216,196.5,1575,2007,EC,OC
1217,196.5,1576,2006,EE,OC
1218,196.5,1577,4,EI,OC
1219,196.5,1579,1,EE,BC
1220,196.5,1580,4,IM,MBC
1221,196.5,1581,1315,IT,BCM
1222,196.5,1582,1211,AD,OC
1223,196.5,1583,2005,CS,OC
1224,196.5,1584,3011,CS,OC
1225,196.5,1585,2006,EM,MBC
1226,196.5,1586,2007,CM,OC
1227,196.5,1587,1315,EC,BC
1228,196.5,1589,2007,IM,OC
1229,196.5,1591,4974,CS,OC
1230,196.5,1593,5008,CS,BC
1231,196.5,1594,4,IM,MBC
1232,196.5,1595,2006,CG,BC
1233,196.5,1596,4,EI,OC
1234,196.5,1597,2007,EC,OC
1235,196.5,1598,1315,IT,MBC
1236,196.5,1599,5008,CS,BC
1237,196.5,1600,2006,CG,BC
1238,196.5,1601,1,EE,MBC
1239,196.5,1602,2005,CS,OC
1240,196.5,1606,2006,EE,OC
1241,196.5,1608,5008,CS,BC
1242,196.5,1609,1399,CS,OC
1243,196.5,1610,1315,EC,MBC
1244,196.5,1612,4960,CS,OC
1245,196.5,1613,2007,CS,MBC
1246,196.5,1614,1315,IT,BC
1247,196.5,1615,2006,BS,OC
1248,196.5,1616,1,EE,BC
1249,196.5,1617,2007,AT,OC
1250,196.5,1618,1,MI,OC
1251,196.5,1619,4,EM,MBC
1252,196.5,1620,2377,CS,OC
1253,196.5,1621,2007,CM,OC
1254,196.5,1622,2712,CS,OC
1255,196.5,1625,1315,EC,BC
1256,196.5,1626,2006,CM,BCM
1257,196.5,1628,2007,CM,OC
1258,196.5,1630,2006,CG,BC
1259,196.5,1632,1315,EC,BC
1260,196.5,1633,2007,EC,OC
1261,196.5,1634,2006,EE,OC
1262,196.5,1635,1414,CS,OC
1263,196.5,1637,2007,CS,MBC
1264,196.5,1638,1399,EC,OC
1265,196.5,1639,2006,EC,BCM
1266,196.5,1640,2708,CS,OC
1267,196.5,1641,5008,CS,BC
1268,196.5,1642,1,EE,MBC
1269,196.5,1643,1,CE,OC
1270,196.5,1645,4,CS,SC
1271,196.5,1647,1315,IT,MBC
1272,196.5,1648,1315,CJ,OC
1273,196.5,1649,1315,CS,MBC
1274,196.5,1650,1399,CS,OC
1275,196.5,1652,1315,IT,BC
1276,196.5,1653,2007,CS,BC
1277,196.5,1654,5012,CC,OC
1278,196.5,1655,2377,AD,OC
1279,196.5,1656,1,EL,MBC
1280,196.5,1657,2006,CG,MBC
1281,196.5,1659,1,ME,OC
1282,196.5,1661,2377,CS,OC
1283,196.5,1664,1,CM,SC
1284,196.5,1665,1301,AD,OC
1285,196.5,1667,2377,CS,OC
1286,196.5,1668,2764,CS,OC
1287,196.5,1670,1315,IT,BC
1288,196.5,1671,2006,IM,BC
1289,196.5,1672,1,EE,BCM
1290,196.5,1673,2006,IM,MBC
1291,196.5,1675,1,ME,OC
1292,196.5,1677,1,CM,SC
1293,196.5,1678,4,RA,OC
1294,196.5,1679,2006,CG,MBC
1295,196.5,1682,1315,EC,SC
1296,196.5,1683,2007,CS,BC
1297,196.5,1684,2712,CS,OC
1298,196.5,1685,2007,CM,OC
1299,196.5,1686,1399,CS,OC
1300,196.5,1687,2006,IM,BC
1301,196.5,1690,2751,EC,OC
1302,196.5,1692,1315,IT,BCM
1303,196.5,1694,2006,EC,SC
1304,196.5,1695,1315,EC,BC
1305,196.5,1697,1,EE,MBC
1306,196.5,1698,1,IE,OC
1307,196.5,1699,1,MN,OC
1308,196.5,1700,2007,EC,OC
1309,196.5,1701,2005,CS,OC
1310,196.5,1704,1315,CS,MBC
1311,196.5,1706,2006,IM,BC
1312,196.5,1708,2751,AD,OC
1313,196.5,1711,2006,EC,MBC
1314,196.5,1712,2006,EC,MBC
1315,196.5,1713,1315,EC,BC
1316,196.5,1714,2377,EC,OC
1317,196.5,1715,2377,CS,OC
1318,196.5,1716,1,EE,MBC
1319,196.5,1717,2377,CS,OC
1320,196.5,1720,2005,IT,OC
1321,196.5,1723,2006,IM,BC
1322,196.5,1724,1315,IT,MBC
1323,196.5,1725,2377,CS,OC
1324,196.5,1728,1315,EC,BC
1325,196.5,1729,5910,EC,OC
1326,196.5,1730,5008,CS,MBC
1327,196.5,1731,4,CS,SC
1328,196.5,1736,2377,CS,OC
1329,196.5,1739,1315,EC,BCM
1330,196.5,1740,1,BY,OC
1331,196.5,1744,1,EL,MBC
1332,196.5,1745,2007,IM,OC
1333,196.5,1746,1,CE,OC
1334,196.5,1747,1315,IT,MBC
1335,196.5,1748,2005,CS,OC
1336,196.5,1749,1315,IT,MBC
1337,196.5,1751,1399,CS,OC
1338,196.5,1752,1315,IT,MBC
1339,196.5,1755,1399,EC,OC
1340,196.5,1757,1412,AD,OC
1341,196.5,1760,4,AE,OC
1342,196.5,1761,2007,CS,BC
1343,196.5,1765,4,EI,OC
1344,196.5,1766,1399,CS,OC
1345,196.3,1769,4,AE,OC
1346,196.3,1770,2377,CS,OC
1347,196.3,1771,4,RA,OC
1348,196.3,1772,1315,CJ,OC
1349,196.3,1773,1399,CS,OC
1350,196.2,1774,5008,EC,OC
1351,196.0,1775,1399,CS,OC
1352,196.0,1777,2006,EE,OC
1353,196.0,1778,2007,CS,BC
1354,196.0,1779,4,CS,SC
1355,196.0,1780,4,EI,OC
1356,196.0,1782,2707,AD,OC
1357,196.0,1783,2006,IM,MBC
1358,196.0,1786,1211,EC,OC
1359,196.0,1788,2007,CM,OC
1360,196.0,1789,2377,CS,OC
1361,196.0,1791,2007,CS,BC
1362,196.0,1792,1,CM,SC
1363,196.0,1793,2007,CM,OC
1364,196.0,1794,1,EE,MBC
1365,196.0,1795,1399,CS,OC
1366,196.0,1796,2006,EC,MBC
1367,196.0,1797,5008,CS,MBC
1368,196.0,1799,1315,EC,BC
1369,196.0,1800,2007,CS,BC
1370,196.0,1801,1315,EC,BC
1371,196.0,1802,2005,CS,OC
1372,196.0,1803,2712,EC,OC
1373,196.0,1804,2007,EC,OC
1374,196.0,1805,2006,CG,MBC
1375,196.0,1806,4,EI,OC
1376,196.0,1807,5008,CS,BC
1377,196.0,1808,1,CM,SC
1378,196.0,1809,2006,IM,MBC
1379,196.0,1810,1414,CS,OC
1380,196.0,1811,2618,EC,OC
1381,196.0,1812,4,AE,OC
1382,196.0,1813,1,CE,OC
1383,196.0,1814,2005,CS,OC
1384,196.0,1815,4,EI,OC
1385,196.0,1816,4680,EC,OC
1386,196.0,1817,1399,CS,OC
1387,196.0,1819,2007,CM,OC
1388,196.0,1820,2006,IM,MBC
1389,196.0,1821,2007,CM,OC
1390,196.0,1822,2764,CS,OC
1391,196.0,1823,2377,CS,OC
1392,196.0,1824,2007,EC,OC
1393,196.0,1825,1315,IT,MBC
1394,196.0,1826,2007,CM,OC
1395,196.0,1827,1,IM,SC
1396,196.0,1828,2007,EC,OC
1397,196.0,1829,2377,CS,OC
1398,196.0,1832,4,AT,BCM
1399,196.0,1833,2005,CS,BC
1400,196.0,1834,1013,CS,OC
1401,196.0,1837,1315,EC,MBC
1402,196.0,1841,2736,IT,OC
1403,196.0,1842,2764,CS,OC
1404,196.0,1844,2007,CM,BC
1405,196.0,1845,2006,EC,MBC
1406,196.0,1846,5008,CS,BC
1407,196.0,1847,1,IE,OC
1408,196.0,1848,1317,CS,OC
1409,196.0,1850,2007,CM,BC
1410,196.0,1851,2007,EC,OC
1411,196.0,1853,1399,CS,OC
1412,196.0,1855,5008,CS,MBC
1413,196.0,1856,4,EI,OC
1414,196.0,1858,5008,EC,OC
1415,196.0,1859,1315,CJ,OC
1416,196.0,1861,1315,EC,MBC
1417,196.0,1863,2377,AD,OC
1418,196.0,1865,1,ME,OC
1419,196.0,1866,4,AU,OC
1420,196.0,1867,2377,CS,OC
1421,196.0,1868,2377,CS,OC
1422,196.0,1870,1,IE,OC
1423,196.0,1871,2007,CM,BC
1424,196.0,1873,2006,ME,OC
1425,196.0,1874,2006,IM,MBC
1426,196.0,1875,1315,EE,OC
1427,196.0,1877,2005,IT,OC
1428,196.0,1878,1,EC,SCA
1429,196.0,1879,1399,EC,OC
1430,196.0,1880,5008,EC,OC
1431,196.0,1881,1,CM,SC
1432,196.0,1882,2006,CG,MBC
1433,196.0,1883,5008,CM,OC
1434,196.0,1886,2007,CM,BC
1435,196.0,1888,2006,EE,OC
1436,196.0,1889,1414,CS,OC
1437,196.0,1890,2007,EC,OC
1438,196.0,1892,2006,IM,MBC
1439,196.0,1893,1399,AD,OC
1440,196.0,1894,1,ME,OC
1441,196.0,1897,2377,CS,OC
1442,196.0,1899,2377,CS,OC
1443,196.0,1901,1412,EC,OC
1444,196.0,1902,1,BY,OC
1445,196.0,1903,2377,CS,OC
1446,196.0,1904,1211,CS,OC
1447,196.0,1905,2006,EE,OC
1448,196.0,1906,2005,CS,BC
1449,196.0,1907,2006,EE,OC
1450,196.0,1908,2739,CS,OC
1451,196.0,1909,2007,CS,MBC
1452,196.0,1910,1399,CS,OC
1453,196.0,1911,2718,EC,OC
1454,196.0,1912,2007,CM,BC
1455,196.0,1913,1,GI,OC
1456,196.0,1914,2377,CS,OC
1457,196.0,1915,3011,CS,OC
1458,196.0,1916,1,BY,OC
1459,196.0,1917,2007,CS,MBC
1460,196.0,1918,1,ME,OC
1461,196.0,1919,2377,EC,OC
1462,196.0,1920,2007,IM,OC
1463,196.0,1922,2005,CS,BC
1464,196.0,1923,2007,EC,OC
1465,196.0,1924,2377,CS,OC
1466,196.0,1925,1399,CS,OC
1467,196.0,1926,2005,EC,OC
1468,196.0,1928,2007,CS,MBC
1469,196.0,1930,2006,EE,OC
1470,196.0,1932,2377,CS,OC
1471,196.0,1935,2007,AT,OC
1472,196.0,1936,4,EI,OC
1473,196.0,1937,2377,CS,OC
1474,196.0,1938,2712,EC,OC
1475,196.0,1939,1,EM,SCA
1476,196.0,1941,2377,CS,OC
1477,196.0,1942,2007,CM,BC
1478,196.0,1943,2007,CS,MBC
1479,196.0,1945,2739,EC,OC
1480,196.0,1946,2007,IM,OC
1481,196.0,1948,1315,CJ,OC
1482,196.0,1951,2377,EC,OC
1483,196.0,1952,2005,EC,OC
1484,196.0,1954,4,EI,OC
1485,196.0,1955,1399,CS,OC
1486,196.0,1956,2377,CS,OC
1487,196.0,1957,2739,EC,OC
1488,196.0,1958,2007,EC,OC
1489,196.0,1959,2369,CS,OC
1490,196.0,1960,2007,EC,BC
1491,196.0,1961,2007,EC,BC
1492,196.0,1962,1211,CS,OC
1493,196.0,1963,2731,AD,OC
1494,196.0,1965,2007,EC,BC
1495,196.0,1966,2,CH,OC
1496,196.0,1969,2739,IT,OC
1497,196.0,1970,1211,CS,OC
1498,196.0,1971,1,CE,OC
1499,196.0,1972,1315,IT,MBC
1500,196.0,1974,2006,IM,MBC
1501,196.0,1975,1399,CS,OC
1502,196.0,1976,1315,EE,OC
1503,196.0,1977,2007,EC,BC
1504,196.0,1978,1211,CS,OC
1505,196.0,1979,4,RA,OC
1506,196.0,1980,2006,EE,OC
1507,196.0,1981,2006,EE,OC
1508,196.0,1982,2007,CS,MBC
1509,196.0,1984,2007,EC,BC
1510,196.0,1985,2006,EE,OC
1511,196.0,1986,2377,CS,BC
1512,196.0,1987,1211,AD,OC
1513,196.0,1988,4,EI,OC
1514,196.0,1989,2007,EC,BC
1515,196.0,1990,2377,CS,BC
1516,196.0,1991,2377,CS,BC
1517,196.0,1992,2006,IM,MBC
1518,196.0,1993,5008,CM,OC
1519,196.0,1994,5008,CS,BC
1520,196.0,1998,1315,ME,OC
1521,196.0,2000,1414,CS,OC
1522,196.0,2002,1315,EE,OC
1523,196.0,2003,4,AT,BCM
1524,196.0,2004,1315,EC,MBC
1525,196.0,2005,5008,CS,MBC
1526,196.0,2006,2007,EE,OC
1527,196.0,2008,2007,EC,MBC
1528,196.0,2010,1315,IT,MBC
1529,196.0,2012,2329,AD,OC
1530,196.0,2013,5008,CM,OC
1531,196.0,2014,2006,ME,OC
1532,196.0,2015,2005,EE,OC
1533,196.0,2016,4,EI,OC
1534,196.0,2018,2377,CS,BC
1535,196.0,2022,2005,CS,BC
1536,196.0,2023,2007,EC,BC
1537,196.0,2024,2007,EC,BC
1538,196.0,2025,1315,CS,SC
1539,196.0,2026,2712,CS,OC
1540,196.0,2027,1399,CS,OC
1541,196.0,2028,1399,CS,OC
1542,196.0,2030,2007,AT,OC
1543,196.0,2032,5008,EC,OC
1544,196.0,2033,4,EI,BC
1545,196.0,2036,2006,EE,OC
1546,196.0,2038,2007,CM,BC
1547,196.0,2039,5008,CS,BCM
1548,196.0,2041,2007,CM,BC
1549,196.0,2042,2005,IT,OC
1550,196.0,2043,2006,IM,MBC
1551,196.0,2044,1211,CS,OC
1552,196.0,2045,1113,CS,OC
1553,196.0,2046,1309,EC,OC
1554,196.0,2049,1211,CS,OC
1555,196.0,2050,2006,EE,BCM
1556,196.0,2051,2007,CM,BC
1557,196.0,2052,1,EL,MBC
1558,196.0,2053,1399,CS,OC
1559,196.0,2056,4,RA,OC
1560,196.0,2057,1315,EE,OC
1561,196.0,2059,2005,EC,OC
1562,196.0,2061,2006,EE,BC
1563,196.0,2063,2007,IM,OC
1564,196.0,2065,2007,CS,SC
1565,196.0,2066,2377,CS,BC
1566,196.0,2068,2006,EE,BC
1567,196.0,2069,2007,IM,OC
1568,196.0,2070,1211,CS,OC
1569,196.0,2071,4,RA,OC
1570,196.0,2073,2007,CM,BC
1571,196.0,2075,1,BY,OC
1572,196.0,2076,2006,EE,MBC
1573,196.0,2077,4,AU,OC
1574,196.0,2080,2005,CS,MBC
1575,196.0,2081,2764,CS,OC
1576,196.0,2082,1,IM,SC
1577,196.0,2083,1315,EC,MBC
1578,196.0,2084,2005,EC,OC
1579,196.0,2085,2005,EC,OC
1580,196.0,2086,2377,EC,OC
1581,196.0,2087,5008,EC,OC
1582,196.0,2088,2005,CS,MBC
1583,196.0,2089,2005,CS,SC
1584,196.0,2090,1419,EC,OC
1585,196.0,2091,2006,EE,BC
1586,196.0,2092,1211,IT,OC
1587,196.0,2096,1315,EE,OC
1588,196.0,2098,2006,IM,MBC
1589,196.0,2099,4974,EC,OC
1590,196.0,2101,1414,CS,OC
1591,196.0,2103,1399,CS,OC
1592,196.0,2104,2007,EC,BC
1593,195.8,2105,1399,CS,OC
1594,195.7,2106,4,AT,SC
1595,195.7,2107,1315,IT,MBC
1596,195.7,2109,1211,CS,OC
1597,195.7,2114,2377,CS,BC
1598,195.5,2115,1399,CS,OC
1599,195.5,2116,2006,EE,BC
1600,195.5,2117,1399,CS,OC
1601,195.5,2118,4,RA,OC
1602,195.5,2119,1,ME,OC
1603,195.5,2120,1399,CS,OC
1604,195.5,2121,2005,CS,BC
1605,195.5,2122,5008,EC,OC
1606,195.5,2123,5008,CS,BC
1607,195.5,2124,1,ME,OC
1608,195.5,2125,5008,EC,OC
1609,195.5,2126,4,EI,BC
1610,195.5,2127,2377,EC,OC
1611,195.5,2128,2007,AT,OC
1612,195.5,2129,2751,AD,OC
1613,195.5,2131,2377,CS,BC
1614,195.5,2134,2006,EM,MBC
1615,195.5,2136,2007,AT,OC
1616,195.5,2137,2006,EM,MBC
1617,195.5,2138,1399,CS,OC
1618,195.5,2139,2007,IM,OC
1619,195.5,2140,5008,CS,MBC
1620,195.5,2141,2708,CE,OC
1621,195.5,2142,2377,EC,OC
1622,195.5,2143,2006,EM,MBC
1623,195.5,2145,1315,EE,OC
1624,195.5,2146,2706,CS,OC
1625,195.5,2147,2377,CS,BC
1626,195.5,2148,2764,CS,OC
1627,195.5,2149,2764,CS,OC
1628,195.5,2150,2007,AT,OC
1629,195.5,2151,1315,EE,OC
1630,195.5,2153,5008,CS,BC
1631,195.5,2155,2006,EE,BC
1632,195.5,2157,2005,CS,MBC
1633,195.5,2158,4944,AD,OC
1634,195.5,2159,2006,IY,OC
1635,195.5,2160,2007,EM,OC
1636,195.5,2161,2007,AT,OC
1637,195.5,2162,2007,IM,OC
1638,195.5,2164,1432,AD,OC
1639,195.5,2165,2005,EC,OC
1640,195.5,2166,1432,CS,OC
1641,195.5,2167,4,EI,BC
1642,195.5,2168,5008,CS,BC
1643,195.5,2169,2005,EC,OC
1644,195.5,2170,5008,CS,BC
1645,195.5,2172,2005,IT,OC
1646,195.5,2173,2007,AT,OC
1647,195.5,2177,5008,CM,OC
1648,195.5,2179,2007,EC,MBC
1649,195.5,2180,4,EI,BC
1650,195.5,2182,2006,EE,BC
1651,195.5,2183,2007,EC,BC
1652,195.5,2184,2007,IM,OC
1653,195.5,2186,2007,IM,OC
1654,195.5,2187,2006,EM,MBC
1655,195.5,2189,1315,EE,OC
1656,195.5,2190,2007,IM,OC
1657,195.5,2191,1,CM,SC
1658,195.5,2193,2764,CS,OC
1659,195.5,2194,2712,CS,OC
1660,195.5,2195,1315,EC,MBC
1661,195.5,2196,2005,CS,BC
1662,195.5,2197,1,EL,MBC
1663,195.5,2198,1315,EE,OC
1664,195.5,2202,2007,CS,MBC
1665,195.5,2203,2706,CS,OC
1666,195.5,2204,2007,EC,BCM
1667,195.5,2205,5008,EC,BC
1668,195.5,2206,2005,IT,OC
1669,195.5,2207,1,IM,SC
1670,195.5,2208,2006,EM,BCM
1671,195.5,2209,2006,IM,MBC
1672,195.5,2210,4,RA,BCM
1673,195.5,2211,5008,EC,BC
1674,195.5,2212,1399,CS,OC
1675,195.5,2213,2740,AD,OC
1676,195.5,2214,4,RA,BC
1677,195.5,2215,2007,AT,OC
1678,195.5,2216,2007,CM,MBC
1679,195.5,2217,2350,CE,OC
1680,195.5,2219,1,ME,OC
1681,195.5,2220,1,BY,OC
1682,195.5,2221,2718,CS,OC
1683,195.5,2222,2712,CS,OC
1684,195.5,2223,1315,CJ,OC
1685,195.5,2224,2005,CS,MBC
1686,195.5,2225,2006,EE,BC
1687,195.5,2226,2618,CS,OC
1688,195.5,2227,1315,EC,MBC
1689,195.5,2229,2710,AD,OC
1690,195.5,2230,1399,CS,OC
1691,195.5,2231,4,AE,BC
1692,195.5,2232,5008,CM,OC
1693,195.5,2233,2006,IM,MBC
1694,195.5,2234,1399,CS,OC
1695,195.5,2235,4,EI,BC
1696,195.5,2236,2005,CS,MBC
1697,195.5,2241,2006,EM,MBC
1698,195.5,2242,5008,EC,BC
1699,195.5,2243,2006,EE,BC
1700,195.5,2244,2377,CS,BC
1701,195.5,2245,2006,IM,MBC
1702,195.5,2246,4,EC,SC
1703,195.5,2248,2007,IM,BC
1704,195.5,2249,2005,CS,MBC
1705,195.5,2252,2377,CS,BC
1706,195.5,2254,2007,EC,BC
1707,195.5,2255,2377,EC,OC
1708,195.5,2256,1315,EC,MBC
1709,195.5,2257,2007,IM,BC
1710,195.5,2258,2006,EE,BC
1711,195.5,2259,2005,EC,OC
1712,195.5,2260,1315,IT,MBC
1713,195.5,2261,4,AE,MBC
1714,195.5,2262,2006,EE,BC
1715,195.5,2263,1315,EE,OC
1716,195.5,2264,2006,IM,MBC
1717,195.5,2266,1399,CS,OC
1718,195.5,2269,1315,EC,MBC
1719,195.5,2270,2007,CS,MBC
1720,195.5,2272,2007,EC,BC
1721,195.5,2274,1,ME,OC
1722,195.5,2275,2377,AD,OC
1723,195.5,2276,1,CE,OC
1724,195.5,2277,1,ME,OC
1725,195.5,2278,1315,IT,MBC
1726,195.5,2280,1399,IT,OC
1727,195.5,2281,2005,CS,MBC
1728,195.5,2282,1422,CS,OC
1729,195.5,2283,4,EI,BC
1730,195.5,2284,1399,CS,OC
1731,195.5,2286,1315,EC,MBC
1732,195.5,2288,1399,CS,OC
1733,195.5,2289,2006,EM,MBC
1734,195.5,2291,4,EC,SC
1735,195.5,2292,1,EM,SC
1736,195.5,2293,1399,CS,OC
1737,195.5,2294,2712,CS,OC
1738,195.5,2295,1399,CS,OC
1739,195.5,2296,2710,EC,OC
1740,195.5,2297,2610,AD,OC
1741,195.5,2300,2005,EC,BC
1742,195.5,2301,2377,EC,OC
1743,195.5,2302,2377,AD,OC
1744,195.5,2307,2006,EC,SC
1745,195.5,2309,1324,EC,OC
1746,195.5,2311,2764,CS,OC
1747,195.5,2312,2006,EM,MBC
1748,195.5,2314,4,CS,SC
1749,195.5,2315,2007,CM,MBC
1750,195.5,2317,4,EI,BC
1751,195.5,2318,1315,EE,OC
1752,195.5,2320,1315,IT,SC
1753,195.5,2321,2377,CS,BC
1754,195.5,2322,2710,AD,OC
1755,195.5,2323,4680,CE,OC
1756,195.5,2324,2377,CS,MBC
1757,195.5,2325,2006,RA,OC
1758,195.5,2326,2377,CS,BC
1759,195.5,2327,2005,CS,MBC
1760,195.5,2328,2007,IM,BC
1761,195.5,2329,1,ME,OC
1762,195.5,2331,2377,AD,OC
1763,195.5,2332,5008,EC,BC
1764,195.5,2333,1442,AD,OC
1765,195.5,2334,1442,AD,OC
1766,195.5,2335,2377,CS,BC
1767,195.5,2336,2,IB,OC
1768,195.5,2338,1399,CS,OC
1769,195.5,2339,2712,CS,OC
1770,195.5,2340,5008,EC,BC
1771,195.5,2341,2739,AM,OC
1772,195.5,2342,2007,IM,BC
1773,195.5,2344,2007,EC,BC
1774,195.5,2345,2718,CS,OC
1775,195.5,2346,1315,EE,OC
1776,195.5,2347,2377,EC,OC
1777,195.5,2349,5008,CS,MBC
1778,195.5,2350,5008,EC,BC
1779,195.5,2351,2007,EC,MBC
1780,195.5,2352,2007,CM,MBC
1781,195.5,2353,2005,EC,BC
1782,195.5,2354,2006,EM,MBC
1783,195.5,2355,1399,CS,OC
1784,195.5,2356,2005,IT,OC
1785,195.5,2359,1399,CS,OC
1786,195.5,2360,3465,CS,OC
1787,195.5,2361,2712,CS,OC
1788,195.5,2362,3819,CS,OC
1789,195.5,2364,2006,IM,BCM
1790,195.5,2365,4,CS,SC
1791,195.5,2366,2006,EE,BC
1792,195.5,2367,2005,EC,MBC
1793,195.5,2369,1315,EE,OC
1794,195.5,2371,2007,AT,BC
1795,195.5,2372,2007,EE,OC
1796,195.5,2373,1399,CS,OC
1797,195.5,2374,1315,EE,OC
1798,195.5,2375,1399,CS,OC
1799,195.5,2376,1211,CS,OC
1800,195.5,2377,2377,EC,OC
1801,195.5,2378,2712,CS,OC
1802,195.5,2379,1211,AD,OC
1803,195.5,2381,1315,EC,MBC
1804,195.5,2382,1399,CS,OC
1805,195.5,2383,1,CE,OC
1806,195.5,2384,1399,CS,OC
1807,195.5,2385,1,BY,OC
1808,195.5,2386,1399,CS,OC
1809,195.5,2387,2007,IM,MBC
1810,195.5,2388,1315,EE,OC
1811,195.5,2389,1211,CS,OC
1812,195.5,2390,2005,EC,MBC
1813,195.5,2391,5008,EC,BC
1814,195.5,2393,2007,EC,BC
1815,195.5,2396,2006,EE,MBC
1816,195.5,2397,4,RA,MBC
1817,195.5,2399,4,EI,BC
1818,195.5,2400,2006,EE,BC
1819,195.5,2401,1226,AD,OC
1820,195.5,2402,2006,EE,BC
1821,195.5,2403,1,GI,OC
1822,195.5,2405,2718,CS,OC
1823,195.5,2406,1399,CS,OC
1824,195.5,2408,2006,ME,OC
1825,195.5,2410,1442,AD,OC
1826,195.5,2412,2006,CG,MBC
1827,195.5,2415,4,AT,SC
1828,195.5,2417,5008,CM,OC
1829,195.5,2421,2006,ME,OC
1830,195.5,2422,1317,EC,OC
1831,195.5,2423,2006,EC,SC
1832,195.5,2424,2007,IM,MBC
1833,195.5,2425,1442,AD,OC
1834,195.5,2426,2006,EE,BC
1835,195.5,2428,1315,EE,OC
1836,195.5,2429,1,EL,MBC
1837,195.5,2430,2377,CS,BC
1838,195.5,2431,2007,EC,BC
1839,195.5,2432,1315,CJ,OC
1840,195.5,2433,2007,IM,BC
1841,195.5,2434,5008,CM,OC
1842,195.5,2435,2007,EM,OC
1843,195.5,2436,4,EC,SC
1844,195.5,2438,1315,CS,SC
1845,195.5,2439,2377,EC,OC
1846,195.5,2441,2006,IM,BCM
1847,195.5,2442,2006,CM,SC
1848,195.5,2448,2006,CG,MBC
1849,195.5,2449,2005,EC,BC
1850,195.5,2450,4,AE,MBC
1851,195.5,2451,1399,AD,OC
1852,195.5,2452,2007,CM,MBC
1853,195.5,2453,1315,CJ,OC
1854,195.5,2455,2712,CS,OC
1855,195.5,2457,1315,EE,OC
1856,195.5,2458,2739,CS,OC
1857,195.5,2460,1315,ME,OC
1858,195.5,2462,2006,EM,BCM
1859,195.1,2466,2739,CS,OC
1860,195.0,2467,2007,AT,BC
1861,195.0,2468,1315,EE,OC
1862,195.0,2469,2007,EM,OC
1863,195.0,2470,1324,CS,OC
1864,195.0,2471,5008,CM,OC
1865,195.0,2472,2712,CS,OC
1866,195.0,2473,1,ME,OC
1867,195.0,2474,1,ME,OC
1868,195.0,2475,2712,IT,OC
1869,195.0,2476,2377,EC,OC
1870,195.0,2477,4,RA,BC
1871,195.0,2479,1315,EE,OC
1872,195.0,2480,2712,EC,OC
1873,195.0,2481,2006,IM,BCM
1874,195.0,2482,2706,EC,OC
1875,195.0,2483,2006,ME,OC
1876,195.0,2484,2005,CS,MBC
1877,195.0,2485,1315,EE,OC
1878,195.0,2486,2377,EC,OC
1879,195.0,2487,5008,EM,OC
1880,195.0,2488,1,CE,OC
1881,195.0,2489,1399,CS,OC
1882,195.0,2491,2006,EM,MBC
1883,195.0,2492,2006,IM,MBC
1884,195.0,2494,1315,EC,MBC
1885,195.0,2495,2005,IT,OC
1886,195.0,2496,1,ME,OC
1887,195.0,2497,1399,CS,OC
1888,195.0,2498,1315,CJ,OC
1889,195.0,2499,4,EI,BC
1890,195.0,2501,1315,EE,BC
1891,195.0,2502,4,EI,BC
1892,195.0,2503,5008,CM,OC
1893,195.0,2505,5012,CC,OC
1894,195.0,2507,2007,IM,BC
1895,195.0,2509,2005,IT,OC
1896,195.0,2511,2025,CS,OC
1897,195.0,2512,2007,CH,OC
1898,195.0,2514,2377,CS,BC
1899,195.0,2515,1315,CJ,OC
1900,195.0,2516,2,PP,OC
1901,195.0,2517,2007,EC,MBC
1902,195.0,2519,1,EE,SC
1903,195.0,2521,2007,EM,OC
1904,195.0,2522,2712,CS,OC
1905,195.0,2523,1315,CJ,BC
1906,195.0,2524,1399,CS,OC
1907,195.0,2527,2377,EC,OC
1908,195.0,2529,2007,AT,MBC
1909,195.0,2530,2007,EM,OC
1910,195.0,2531,2007,EM,OC
1911,195.0,2532,2006,IM,MBC
1912,195.0,2533,1315,EC,MBC
1913,195.0,2534,2007,IM,BC
1914,195.0,2535,4,AE,MBC
1915,195.0,2537,2377,EC,OC
1916,195.0,2538,2712,CS,OC
1917,195.0,2539,1,ME,OC
1918,195.0,2540,2377,EC,OC
1919,195.0,2541,2377,EC,OC
1920,195.0,2542,2007,CM,BCM
1921,195.0,2543,1,CE,OC
1922,195.0,2544,1,IM,SC
1923,195.0,2545,2377,EC,OC
1924,195.0,2547,1315,EE,BC
1925,195.0,2548,5008,CS,MBC
1926,195.0,2549,1315,EC,MBC
1927,195.0,2551,2739,CS,OC
1928,195.0,2552,1399,CS,OC
1929,195.0,2553,2377,CS,BC
1930,195.0,2554,5008,CM,OC
1931,195.0,2556,1399,CS,OC
1932,195.0,2557,2007,EM,OC
1933,195.0,2558,2007,EM,OC
1934,195.0,2560,1,CS,SCA
1935,195.0,2561,4,EI,BC
1936,195.0,2562,1315,EE,BC
1937,195.0,2563,4,RA,BC
1938,195.0,2564,2007,EC,MBC
1939,195.0,2565,5008,EE,OC
1940,195.0,2566,2377,AD,OC
1941,195.0,2567,2007,IM,BC
1942,195.0,2569,2707,AG,OC
1943,195.0,2571,2007,CM,MBC
1944,195.0,2572,2005,IT,OC
1945,195.0,2573,2615,CS,OC
1946,195.0,2574,2718,CS,OC
1947,195.0,2575,4,AE,BC
1948,195.0,2576,2377,CS,BC
1949,195.0,2577,2005,CS,BC
1950,195.0,2578,1315,EE,BC
1951,195.0,2581,2007,CS,BCM
1952,195.0,2582,5008,CM,OC
1953,195.0,2583,2005,CS,MBC
1954,195.0,2584,2007,AT,BC
1955,195.0,2585,2712,CS,OC
1956,195.0,2586,2615,CS,OC
1957,195.0,2587,1,EM,SC
1958,195.0,2588,1,IM,SC
1959,195.0,2589,2005,IT,OC
1960,195.0,2590,1419,AM,OC
1961,195.0,2591,2377,EC,OC
1962,195.0,2592,1,ME,OC
1963,195.0,2593,2005,CS,MBC
1964,195.0,2594,2377,CS,MBC
1965,195.0,2595,2377,EC,OC
1966,195.0,2596,2007,AT,BC
1967,195.0,2597,2712,CS,OC
1968,195.0,2598,2377,CS,BC
1969,195.0,2601,2007,IM,BC
1970,195.0,2603,4,EI,MBC
1971,195.0,2604,1419,CS,OC
1972,195.0,2605,1399,CS,OC
1973,195.0,2606,4974,CS,OC
1974,195.0,2607,2006,BS,OC
1975,195.0,2609,1,IM,SC
1976,195.0,2610,2005,EC,BC
1977,195.0,2611,2,CH,OC
1978,195.0,2612,1399,EC,OC
1979,195.0,2613,2007,IM,MBC
1980,195.0,2614,2377,AD,OC
1981,195.0,2615,2377,AD,BC
1982,195.0,2618,2712,EC,OC
1983,195.0,2619,2712,CS,OC
1984,195.0,2620,5008,EC,BC
1985,195.0,2621,2377,CS,BC
1986,195.0,2624,2007,CS,BCM
1987,195.0,2625,4,EI,BC
1988,195.0,2626,2007,EC,MBC
1989,195.0,2628,1399,CS,OC
1990,195.0,2630,2377,CS,MBC
1991,195.0,2632,2377,EC,OC
1992,195.0,2634,4,EI,BC
1993,195.0,2635,4955,AD,OC
1994,195.0,2636,1399,CS,OC
1995,195.0,2637,2007,AT,BCM
1996,195.0,2639,2007,EM,OC
1997,195.0,2641,2006,EE,MBC
1998,195.0,2642,2710,AD,OC
1999,195.0,2643,2739,CS,OC
2000,195.0,2645,1315,EE,BC
2001,195.0,2646,5008,EC,BC
2002,195.0,2649,2377,AD,BCM
2003,195.0,2650,2712,AD,OC
2004,195.0,2652,1315,EE,BC
2005,195.0,2653,1442,AD,OC
2006,195.0,2654,2007,AT,BC
2007,195.0,2655,2377,EC,BC
2008,195.0,2657,4944,EC,OC
2009,195.0,2660,1,IM,SC
2010,195.0,2664,2007,IM,BC
2011,195.0,2665,1399,EC,OC
2012,195.0,2666,2712,CS,OC
2013,195.0,2668,1315,EE,BC
2014,195.0,2669,2007,EC,MBC
2015,195.0,2670,2710,AD,OC
2016,195.0,2671,2007,EC,MBC
2017,195.0,2672,1,IM,SC
2018,195.0,2675,5008,CM,OC
2019,195.0,2676,2764,AD,OC
2020,195.0,2677,4,AE,BC
2021,195.0,2678,2007,AT,BC
2022,195.0,2679,2007,EM,OC
2023,195.0,2681,1399,CS,OC
2024,195.0,2682,2007,EE,OC
2025,195.0,2683,2007,AT,BC
2026,195.0,2684,1,ME,OC
2027,195.0,2685,2377,CS,BC
2028,195.0,2686,5008,CM,OC
2029,195.0,2690,2377,CS,MBC
2030,195.0,2691,1,IM,SC
2031,195.0,2693,1399,CS,OC
2032,195.0,2694,1,CE,OC
2033,195.0,2695,2007,CM,MBC
2034,195.0,2697,2712,CS,OC
2035,195.0,2698,4,EI,MBC
2036,195.0,2699,2377,CS,BC
2037,195.0,2700,2377,CS,MBC
2038,195.0,2702,2377,EC,MBC
2039,195.0,2704,2007,AT,BCM
2040,195.0,2705,1,EL,BCM
2041,195.0,2706,2007,CM,MBC
2042,195.0,2707,5008,EC,BC
2043,195.0,2708,2007,AT,MBC
2044,195.0,2709,1315,EE,BCM
2045,195.0,2710,1399,EC,OC
2046,195.0,2711,1211,CS,OC
2047,195.0,2712,5008,EC,BC
2048,195.0,2714,1,CE,OC
2049,195.0,2715,1,CE,OC
2050,195.0,2716,1,XC,OC
2051,195.0,2717,2007,AT,MBC
2052,195.0,2719,1399,AD,OC
2053,195.0,2721,1431,CS,OC
2054,195.0,2722,2377,EC,BC
2055,195.0,2723,2377,CS,BC
2056,195.0,2724,1399,CS,OC
2057,195.0,2725,1399,CS,OC
2058,195.0,2726,2712,CS,OC
2059,195.0,2729,1,BY,OC
2060,195.0,2731,1,BY,MBC
2061,195.0,2732,2718,CS,OC
2062,195.0,2734,2007,AT,BC
2063,195.0,2735,5008,CM,OC
2064,195.0,2736,5008,CM,OC
2065,195.0,2737,1315,CH,OC
2066,195.0,2738,1,MI,OC
2067,195.0,2739,2712,CS,OC
2068,195.0,2740,5008,CM,OC
2069,195.0,2741,2603,CS,OC
2070,195.0,2742,1,GI,OC
2071,195.0,2743,2712,EC,OC
2072,195.0,2744,2739,CS,OC
2073,195.0,2745,1432,EC,OC
2074,195.0,2746,1315,EE,BC
2075,195.0,2747,2718,CS,OC
2076,195.0,2748,1,CE,MBC
2077,195.0,2750,2710,EE,OC
2078,195.0,2751,2712,CS,OC
2079,195.0,2753,2007,IM,MBC
2080,195.0,2754,2007,EM,OC
2081,195.0,2755,2710,EE,OC
2082,195.0,2758,4,AE,BC
2083,195.0,2759,1211,CS,OC
2084,195.0,2762,2005,EC,BCM
2085,195.0,2763,4974,CS,OC
2086,195.0,2764,2006,BY,OC
2087,195.0,2768,2377,CS,BC
2088,195.0,2773,2377,EC,BC
2089,195.0,2774,1399,CS,OC
2090,195.0,2775,1216,AL,OC
2091,195.0,2778,2377,EC,MBC
2092,195.0,2785,1315,CJ,BC
2093,195.0,2787,2377,CS,BC
2094,195.0,2788,4955,IT,OC
2095,195.0,2789,2005,CS,BC
2096,195.0,2790,2007,EM,BC
2097,195.0,2791,2007,AT,BC
2098,195.0,2793,1,ME,OC
2099,195.0,2795,2377,CS,MBC
2100,195.0,2798,1,ME,OC
2101,195.0,2799,2712,CS,OC
2102,195.0,2800,2712,CS,OC
2103,195.0,2801,2005,EC,BC
2104,195.0,2802,4,RA,BC
2105,195.0,2803,5008,CS,MBC
2106,195.0,2804,1,EM,SC
2107,195.0,2805,2005,IT,OC
2108,195.0,2806,1399,CS,OC
2109,195.0,2807,1399,CS,OC
2110,195.0,2808,1399,AD,OC
2111,195.0,2809,1,ME,OC
2112,195.0,2811,5008,CM,OC
2113,195.0,2812,1315,CJ,MBC
2114,195.0,2814,2,IB,OC
2115,195.0,2815,4960,CS,OC
2116,195.0,2817,2,CH,OC
2117,195.0,2818,2005,IT,OC
2118,195.0,2820,1315,CJ,MBC
2119,195.0,2821,2007,AT,BC
2120,195.0,2822,5008,EC,BC
2121,195.0,2823,1,BY,MBC
2122,195.0,2825,2731,EC,OC
2123,195.0,2830,1315,EE,MBC
2124,195.0,2831,2007,EE,OC
2125,195.0,2832,1,IM,SC
2126,195.0,2833,1414,IT,OC
2127,195.0,2834,2006,CE,OC
2128,195.0,2838,1399,CS,OC
2129,195.0,2840,1,ME,OC
2130,195.0,2841,2377,CS,MBC
2131,195.0,2842,2718,AD,OC
2132,195.0,2843,2007,EM,BC
2133,195.0,2844,1211,CS,OC
2134,195.0,2845,2005,IT,BC
2135,195.0,2848,2007,AT,MBC
2136,195.0,2849,4,PR,OC
2137,195.0,2850,2377,CS,BC
2138,195.0,2851,1414,IT,OC
2139,195.0,2853,4,AE,MBC
2140,195.0,2854,1422,AD,OC
2141,195.0,2856,1315,EE,BC
2142,195.0,2857,2731,EC,OC
2143,195.0,2859,2025,AD,OC
2144,195.0,2860,1315,CJ,MBC
2145,195.0,2861,2007,IM,MBC
2146,194.8,2864,2377,CS,BCM
2147,194.7,2866,1399,CS,OC
2148,194.7,2867,1399,CS,OC
2149,194.7,2868,1122,CS,OC
2150,194.5,2869,1,MN,OC
2151,194.5,2870,1219,CS,OC
2152,194.5,2871,4,EI,MBC
2153,194.5,2873,4,EI,MBC
2154,194.5,2874,1399,EC,OC
2155,194.5,2876,5008,CM,OC
2156,194.5,2877,1399,CS,OC
2157,194.5,2878,1399,EC,OC
2158,194.5,2880,2726,BM,OC
2159,194.5,2881,1399,AD,OC
2160,194.5,2882,5008,CM,OC
2161,194.5,2883,5008,CM,OC
2162,194.5,2884,1315,EE,BC
2163,194.5,2885,2006,EE,MBC
2164,194.5,2887,1216,SC,OC
2165,194.5,2888,1315,CJ,BC
2166,194.5,2891,3830,AD,OC
2167,194.5,2892,2740,AD,OC
2168,194.5,2893,5008,EE,OC
2169,194.5,2895,1211,EC,OC
2170,194.5,2896,4,AE,BC
2171,194.5,2897,4,AT,SC
2172,194.5,2898,2005,IT,BC
2173,194.5,2899,1,CE,BC
2174,194.5,2900,2005,CS,BC
2175,194.5,2901,2377,CS,BC
2176,194.5,2903,1315,EE,BC
2177,194.5,2904,5008,CS,SC
2178,194.5,2905,5008,CM,OC
2179,194.5,2908,2025,AD,OC
2180,194.5,2909,2377,CS,BC
2181,194.5,2911,2739,AD,OC
2182,194.5,2912,2377,CS,MBC
2183,194.5,2913,2007,EM,BC
2184,194.5,2916,1,ME,OC
2185,194.5,2917,1315,EE,BC
2186,194.5,2918,5008,IM,OC
2187,194.5,2919,2712,EC,OC
2188,194.5,2920,2007,EC,MBC
2189,194.5,2921,2007,EM,BC
2190,194.5,2922,2007,IM,BCM
2191,194.5,2923,5008,CM,OC
2192,194.5,2924,4,AE,BC
2193,194.5,2925,4,AE,SC
2194,194.5,2927,1399,CS,OC
2195,194.5,2928,5008,CM,OC
2196,194.5,2930,1216,CS,OC
2197,194.5,2931,2006,EE,MBC
2198,194.5,2934,4,AU,OC
2199,194.5,2935,1399,CS,OC
2200,194.5,2937,2377,EC,BC
2201,194.5,2938,2739,CS,OC
2202,194.5,2939,2006,EE,MBC
2203,194.5,2940,2377,CS,BC
2204,194.5,2941,2007,EC,MBC
2205,194.5,2942,1399,CS,OC
2206,194.5,2943,2712,CS,OC
2207,194.5,2945,1399,CS,OC
2208,194.5,2946,2736,AD,OC
2209,194.5,2947,2712,EC,OC
2210,194.5,2948,1,GI,OC
2211,194.5,2950,1399,CS,OC
2212,194.5,2951,2712,IT,OC
2213,194.5,2952,1,IM,SC
2214,194.5,2954,2712,CS,OC
2215,194.5,2955,2377,EC,BC
2216,194.5,2956,1,EE,SC
2217,194.5,2957,4,EM,SC
2218,194.5,2958,2005,IT,BC
2219,194.5,2959,1315,CJ,BC
2220,194.5,2962,4,EI,MBC
2221,194.5,2963,2712,CS,OC
2222,194.5,2964,1399,CS,OC
2223,194.5,2965,4,AE,BC
2224,194.5,2966,5008,EM,OC
2225,194.5,2967,2702,AD,OC
2226,194.5,2968,4,RA,BC
2227,194.5,2969,5008,IM,OC
2228,194.5,2970,2377,EE,OC
2229,194.5,2972,5008,IM,OC
2230,194.5,2973,2377,CS,MBC
2231,194.5,2974,2007,EM,BC
2232,194.5,2975,1315,CJ,MBC
2233,194.5,2976,1,EL,BCM
2234,194.5,2977,5008,CM,OC
2235,194.5,2980,2007,EE,OC
2236,194.5,2981,1211,CS,OC
2237,194.5,2982,1399,CS,OC
2238,194.5,2983,4,RA,BC
2239,194.5,2984,2712,EC,OC
2240,194.5,2986,1,BY,BC
2241,194.5,2987,2712,EC,OC
2242,194.5,2989,1,BY,MBC
2243,194.5,2990,2005,IT,MBC
2244,194.5,2991,2005,EC,MBC
2245,194.5,2992,5008,IM,OC
2246,194.5,2993,1,ME,OC
2247,194.5,2994,2006,IY,OC
2248,194.5,2995,1,EM,SC
2249,194.5,2996,1419,EC,OC
2250,194.5,2998,2005,EC,MBC
2251,194.5,2999,1211,CS,OC
2252,194.5,3000,4,EI,MBC
2253,194.5,3001,4,AE,MBC
2254,194.5,3002,2712,EC,OC
2255,194.5,3003,1211,IT,OC
2256,194.5,3004,1,CE,MBC
2257,194.5,3005,1315,CH,OC
2258,194.5,3007,1432,AM,OC
2259,194.5,3008,1432,CS,OC
2260,194.5,3009,2007,EC,MBC
2261,194.5,3010,2718,CS,OC
2262,194.5,3011,2622,IT,OC
2263,194.5,3012,2377,EC,BC
2264,194.5,3013,2739,AD,OC
2265,194.5,3017,3826,EC,OC
2266,194.5,3019,1315,ME,OC
2267,194.5,3020,1399,CS,OC
2268,194.5,3022,5008,CG,OC
2269,194.5,3024,2007,EM,BC
2270,194.5,3027,1399,CS,OC
2271,194.5,3028,1399,CS,OC
2272,194.5,3029,1315,ME,OC
2273,194.5,3031,2712,CS,OC
2274,194.5,3032,1399,CS,OC
2275,194.5,3033,2006,EE,MBC
2276,194.5,3034,1399,EC,OC
2277,194.5,3035,2005,CS,BC
2278,194.5,3036,4,RA,MBC
2279,194.5,3037,1414,CS,OC
2280,194.5,3039,2377,EC,BC
2281,194.5,3040,2710,EE,OC
2282,194.5,3041,1399,CS,OC
2283,194.5,3042,5008,EE,OC
2284,194.5,3044,1315,EE,BC
2285,194.5,3045,1399,EC,OC
2286,194.5,3046,5008,EM,OC
2287,194.5,3048,2706,IT,OC
2288,194.5,3049,1315,CJ,BCM
2289,194.5,3050,4971,CS,OC
2290,194.5,3051,5,CS,OC
2291,194.5,3052,2005,CS,BC
2292,194.5,3053,2007,IM,MBC
2293,194.5,3054,4,EI,MBC
2294,194.5,3059,2735,AD,OC
2295,194.5,3060,2005,IT,BC
2296,194.5,3063,5008,EM,OC
2297,194.5,3065,1414,IT,OC
2298,194.5,3066,1399,CS,OC
2299,194.5,3067,2377,CS,MBC
2300,194.5,3071,2615,CS,OC
2301,194.5,3073,2005,CS,BCM
2302,194.5,3075,1432,AD,OC
2303,194.5,3077,1,ME,BC
2304,194.5,3079,2764,AD,OC
2305,194.5,3080,1,ME,BC
2306,194.5,3081,4,RA,MBC
2307,194.5,3083,1,ME,BC
2308,194.5,3084,2006,RA,OC
2309,194.5,3085,2764,CS,OC
2310,194.5,3086,1399,CS,OC
2311,194.5,3087,2712,CS,OC
2312,194.5,3088,1399,AM,OC
2313,194.5,3089,5008,IM,OC
2314,194.5,3091,1399,CS,OC
2315,194.5,3092,2712,CS,OC
2316,194.5,3093,5008,IM,OC
2317,194.5,3095,1399,CS,OC
2318,194.5,3096,1399,CS,OC
2319,194.5,3097,2377,EC,BC
2320,194.5,3098,4974,EE,OC
2321,194.5,3099,5901,CS,OC
2322,194.5,3100,2710,CS,OC
2323,194.5,3101,1399,CS,OC
2324,194.5,3102,2718,AD,OC
2325,194.5,3105,2005,EC,BC
2326,194.5,3106,4,AE,BC
2327,194.5,3107,1211,CS,OC
2328,194.5,3110,2007,EM,MBC
2329,194.5,3111,1315,EE,BC
2330,194.5,3112,2007,EC,MBC
2331,194.5,3114,2718,CS,OC
2332,194.5,3115,2718,CS,OC
2333,194.5,3116,1399,CS,OC
2334,194.5,3117,2005,CS,BC
2335,194.5,3118,1399,CS,OC
2336,194.5,3121,5008,CM,BC
2337,194.5,3122,2764,CS,OC
2338,194.5,3123,5008,IM,OC
2339,194.5,3124,5008,EC,MBC
2340,194.5,3125,1419,CS,OC
2341,194.5,3126,4,AE,BC
2342,194.5,3127,1,ME,MBC
2343,194.5,3128,1,ME,BC
2344,194.5,3129,1,IM,SC
2345,194.5,3130,4,EI,BCM
2346,194.5,3131,5901,CE,OC
2347,194.5,3133,5008,IM,OC
2348,194.5,3134,1399,CS,OC
2349,194.5,3136,5012,CC,OC
2350,194.5,3137,1211,CS,OC
2351,194.5,3140,2712,CS,OC
2352,194.5,3141,2377,AD,BC
2353,194.5,3142,2377,AD,MBC
2354,194.5,3145,2712,CS,OC
2355,194.5,3146,5008,EM,OC
2356,194.5,3147,4,CM,SC
2357,194.5,3148,1315,EE,BC
2358,194.5,3149,1399,CS,OC
2359,194.5,3150,2739,CS,OC
2360,194.5,3151,2006,ME,OC
2361,194.5,3152,2005,EC,BC
2362,194.5,3153,5008,CM,BC
2363,194.5,3154,2006,EE,MBC
2364,194.5,3155,1399,CS,OC
2365,194.5,3156,2377,EC,BC
2366,194.5,3157,1219,CS,OC
2367,194.5,3158,1399,CS,OC
2368,194.5,3159,2712,CS,OC
2369,194.5,3160,1315,EE,MBC
2370,194.5,3161,1013,EC,OC
2371,194.5,3165,5008,CM,MBC
2372,194.5,3167,1399,CS,OC
2373,194.5,3168,5008,CM,BC
2374,194.5,3169,2712,CS,OC
2375,194.5,3180,2006,ES,OC
2376,194.5,3181,4,EI,MBC
2377,194.5,3189,2005,EE,OC
2378,194.5,3190,2615,EC,OC
2379,194.5,3191,2622,AM,OC
2380,194.5,3192,5008,IM,OC
2381,194.5,3193,2377,EC,BC
2382,194.5,3194,2005,EC,SCA
2383,194.5,3195,2007,EM,BC
2384,194.5,3196,2708,IT,OC
2385,194.5,3198,1399,CS,OC
2386,194.5,3199,1315,EE,BC
2387,194.5,3200,2710,AD,OC
2388,194.5,3201,1211,CS,OC
2389,194.5,3203,1,ME,BC
2390,194.5,3205,4,AE,MBC
2391,194.5,3206,2025,CS,OC
2392,194.5,3208,2005,CS,BC
2393,194.5,3210,5008,EM,OC
2394,194.5,3212,2710,AD,OC
2395,194.5,3213,2377,AD,BC
2396,194.5,3214,2615,CS,OC
2397,194.5,3218,1315,EE,BC
2398,194.5,3220,4,AE,MBC
2399,194.5,3223,4,EI,MBC
2400,194.5,3224,1,EM,SC
2401,194.5,3225,1,CE,BC
2402,194.5,3226,2712,CS,OC
2403,194.5,3227,4,EI,MBC
2404,194.5,3228,2005,IT,MBC
2405,194.5,3230,2712,CS,OC
2406,194.5,3231,1315,EE,BC
2407,194.5,3234,2718,CS,OC
2408,194.5,3235,2006,EE,MBC
2409,194.5,3238,1211,CS,OC
2410,194.5,3240,2005,IT,BC
2411,194.5,3241,4,AE,MBC
2412,194.5,3242,2712,CS,OC
2413,194.5,3244,2710,AD,OC
2414,194.5,3245,1,ME,BC
2415,194.5,3246,1399,CS,OC
2416,194.5,3247,1317,CS,OC
2417,194.5,3248,2377,EC,BC
2418,194.5,3249,4,CM,SC
2419,194.5,3250,1,CE,BC
2420,194.5,3251,2007,EM,MBC
2421,194.5,3254,2377,EC,BC
2422,194.5,3256,1315,EE,MBC
2423,194.5,3257,2712,CS,OC
2424,194.5,3259,5008,EC,BCM
2425,194.5,3260,1,CE,BC
2426,194.5,3262,2718,CS,OC
2427,194.5,3263,1399,CS,OC
2428,194.5,3264,2006,EE,MBC
2429,194.5,3265,2712,AD,OC
2430,194.5,3266,2005,IT,BC
2431,194.5,3268,2005,EC,BC
2432,194.5,3270,5012,CC,OC
2433,194.5,3272,1399,CS,OC
2434,194.5,3273,1219,AD,OC
2435,194.5,3276,1,IM,SC
2436,194.5,3278,2005,EC,MBC
2437,194.5,3279,5008,CM,BC
2438,194.5,3281,1414,CS,OC
2439,194.5,3282,4,PR,OC
2440,194.5,3283,2764,CS,OC
2441,194.5,3284,2005,IT,BC
2442,194.5,3287,2006,BS,OC
2443,194.5,3288,1,ME,BC
2444,194.5,3289,1,BY,BCM
2445,194.5,3291,2007,IM,MBC
2446,194.5,3293,1315,EE,MBC
2447,194.5,3294,2007,EM,BC
2448,194.5,3295,4,EI,BCM
2449,194.5,3296,2005,IT,MBC
2450,194.5,3297,5008,EC,MBC
2451,194.5,3298,1399,EC,OC
2452,194.5,3299,2712,CS,OC
2453,194.5,3301,1432,CS,OC
2454,194.5,3302,1414,IT,OC
2455,194.5,3304,2007,EE,OC
2456,194.5,3308,2,CH,OC
2457,194.5,3309,1399,CS,OC
2458,194.5,3311,1399,CS,OC
2459,194.5,3312,2006,ME,OC
2460,194.5,3318,1399,CS,OC
2461,194.5,3319,2005,IT,BC
2462,194.5,3320,2377,AD,BC
2463,194.3,3321,1399,CS,OC
2464,194.3,3322,2712,IT,OC
2465,194.3,3323,1315,EE,MBC
2466,194.3,3324,4974,CS,OC
2467,194.0,3326,2005,IT,BC
2468,194.0,3327,2005,EC,BC
2469,194.0,3328,2712,EC,OC
2470,194.0,3329,2718,EC,OC
2471,194.0,3330,1317,CS,OC
2472,194.0,3331,1216,CS,OC
2473,194.0,3332,1399,CS,OC
2474,194.0,3333,2377,EC,BC
2475,194.0,3334,4,AE,BC
2476,194.0,3336,1399,CS,OC
2477,194.0,3337,2006,RA,OC
2478,194.0,3339,2377,EC,BC
2479,194.0,3340,2007,EM,BC
2480,194.0,3341,3465,CS,OC
2481,194.0,3343,2007,EE,OC
2482,194.0,3345,1399,IT,OC
2483,194.0,3346,2718,CS,OC
2484,194.0,3348,1,BY,MBC
2485,194.0,3350,2712,CS,OC
2486,194.0,3352,2377,EE,OC
2487,194.0,3353,1399,CS,OC
2488,194.0,3354,2007,EM,MBC
2489,194.0,3355,2711,CS,OC
2490,194.0,3357,5008,EM,OC
2491,194.0,3358,1399,CS,OC
2492,194.0,3359,5008,IM,OC
2493,194.0,3360,1399,CS,OC
2494,194.0,3361,1,IE,OC
2495,194.0,3362,2739,AD,OC
2496,194.0,3363,1399,AD,OC
2497,194.0,3365,2005,EC,BC
2498,194.0,3366,2377,AD,BC
2499,194.0,3367,2622,EC,OC
2500,194.0,3368,1,ME,BC
2501,194.0,3371,2005,IT,BC
2502,194.0,3372,2739,CS,OC
2503,194.0,3373,2712,AD,OC
2504,194.0,3374,2712,CS,OC
2505,194.0,3375,2377,CS,MBC
2506,194.0,3376,2712,CS,OC
2507,194.0,3377,4,AE,BCM
2508,194.0,3378,2739,CS,OC
2509,194.0,3379,2005,IT,BC
2510,194.0,3380,2377,EC,BC
2511,194.0,3381,1399,SC,OC
2512,194.0,3382,5008,CM,MBC
2513,194.0,3384,2740,AD,OC
2514,194.0,3385,1399,EC,OC
2515,194.0,3387,1399,CS,OC
2516,194.0,3388,1,BY,MBC
2517,194.0,3389,2712,CS,OC
2518,194.0,3390,2710,AD,OC
2519,194.0,3391,1399,IT,OC
2520,194.0,3392,5008,CM,MBC
2521,194.0,3393,1,CE,MBC
2522,194.0,3394,2005,IT,MBC
2523,194.0,3395,2005,EC,MBC
2524,194.0,3396,1,CE,BC
2525,194.0,3397,5012,CC,OC
2526,194.0,3398,2710,AD,OC
2527,194.0,3399,2005,IT,BC
2528,194.0,3400,2615,EC,OC
2529,194.0,3401,2006,ME,OC
2530,194.0,3402,2377,AD,MBC
2531,194.0,3403,2712,CS,OC
2532,194.0,3405,1399,CS,OC
2533,194.0,3406,1399,CS,OC
2534,194.0,3408,2377,EC,BC
2535,194.0,3409,1,EE,SC
2536,194.0,3410,1315,CJ,BC
2537,194.0,3411,1,IM,SC
2538,194.0,3412,1,EE,SC
2539,194.0,3413,4,AE,MBC
2540,194.0,3415,1,CE,BC
2541,194.0,3416,1399,IT,OC
2542,194.0,3417,2377,EC,MBC
2543,194.0,3418,2712,CS,OC
2544,194.0,3419,2025,CS,OC
2545,194.0,3421,2739,EC,OC
2546,194.0,3423,2006,RA,OC
2547,194.0,3424,5008,EC,MBC
2548,194.0,3426,2712,CS,OC
2549,194.0,3428,2718,AD,OC
2550,194.0,3429,1,CE,BC
2551,194.0,3432,1315,CJ,MBC
2552,194.0,3434,2712,EC,OC
2553,194.0,3435,1315,EE,MBC
2554,194.0,3436,1399,CS,OC
2555,194.0,3438,2377,EC,BC
2556,194.0,3439,1399,CS,OC
2557,194.0,3441,1399,EC,OC
2558,194.0,3442,2007,EE,OC
2559,194.0,3443,4,RA,MBC
2560,194.0,3444,2005,EE,OC
2561,194.0,3446,1399,CS,OC
2562,194.0,3448,2764,CS,OC
2563,194.0,3450,5008,IM,OC
2564,194.0,3451,2712,CS,OC
2565,194.0,3452,2006,BY,OC
2566,194.0,3453,1315,EE,MBC
2567,194.0,3454,4944,CS,OC
2568,194.0,3455,2708,IT,OC
2569,194.0,3458,1,ME,BC
2570,194.0,3459,2007,EM,BCM
2571,194.0,3460,2712,CS,OC
2572,194.0,3462,2006,EE,BCM
2573,194.0,3463,2377,CS,MBC
2574,194.0,3465,3425,CS,OC
2575,194.0,3467,2712,EC,OC
2576,194.0,3468,5008,IM,OC
2577,194.0,3470,1,CE,BC
2578,194.0,3474,5008,IM,OC
2579,194.0,3475,2377,CS,MBC
2580,194.0,3476,2,CH,OC
2581,194.0,3477,1399,CS,OC
2582,194.0,3478,1399,EC,OC
2583,194.0,3479,5008,CM,MBC
2584,194.0,3480,1,GI,OC
2585,194.0,3481,1,ME,BCM
2586,194.0,3482,2007,EE,OC
2587,194.0,3484,1,CE,MBC
2588,194.0,3485,2739,CS,OC
2589,194.0,3486,5008,IM,OC
2590,194.0,3487,5008,EC,MBC
2591,194.0,3488,1113,CS,OC
2592,194.0,3489,1211,CS,OC
2593,194.0,3490,1399,CS,OC
2594,194.0,3491,4974,CS,OC
2595,194.0,3492,2718,CS,OC
2596,194.0,3493,1399,CS,OC
2597,194.0,3495,2712,CS,OC
2598,194.0,3498,1,EM,SC
2599,194.0,3499,2710,EE,OC
2600,194.0,3501,2006,RA,OC
2601,194.0,3502,2377,CS,MBC
2602,194.0,3503,5008,EM,OC
2603,194.0,3504,2,CH,OC
2604,194.0,3505,2007,EM,MBC
2605,194.0,3506,1,ME,MBC
2606,194.0,3509,1,ME,MBC
2607,194.0,3510,5008,IM,OC
2608,194.0,3511,1414,CS,OC
2609,194.0,3512,3857,BM,OC
2610,194.0,3513,2712,CS,OC
2611,194.0,3516,2608,CS,OC
2612,194.0,3517,1315,CJ,BC
2613,194.0,3518,2377,CS,BCM
2614,194.0,3519,2712,CS,OC
2615,194.0,3520,2005,EC,BC
2616,194.0,3521,5910,EV,OC
2617,194.0,3522,4974,EC,OC
2618,194.0,3524,2712,CS,OC
2619,194.0,3525,1211,CS,OC
2620,194.0,3527,2006,ES,OC
2621,194.0,3528,2712,AE,OC
2622,194.0,3529,1219,CS,OC
2623,194.0,3530,5008,CM,BC
2624,194.0,3533,5008,EM,OC
2625,194.0,3535,2740,EC,OC
2626,194.0,3537,1399,CS,OC
2627,194.0,3539,2005,EC,BCM
2628,194.0,3540,2005,EC,BC
2629,194.0,3541,1315,EE,MBC
2630,194.0,3543,5008,IM,OC
2631,194.0,3545,2377,EC,BC
2632,194.0,3546,2,TX,OC
2633,194.0,3547,1399,EC,OC
2634,194.0,3548,2005,EC,BC
2635,194.0,3549,1,ME,BC
2636,194.0,3551,2712,AD,OC
2637,194.0,3553,2377,EC,MBC
2638,194.0,3554,2,PP,OC
2639,194.0,3555,4,AE,BC
2640,194.0,3556,1399,CS,BC
2641,194.0,3557,1230,EC,OC
2642,194.0,3558,4,CS,ST
2643,194.0,3559,2005,IT,BC
2644,194.0,3563,2712,CS,BC
2645,194.0,3565,4974,CE,OC
2646,194.0,3566,2712,AD,OC
2647,194.0,3567,1315,BM,OC
2648,194.0,3568,2739,CS,OC
2649,194.0,3569,1315,ME,OC
2650,194.0,3570,2711,EC,OC
2651,194.0,3571,1,ME,MBC
2652,194.0,3572,2377,AD,BC
2653,194.0,3573,1399,CS,BC
2654,194.0,3576,1399,CS,BC
2655,194.0,3578,1399,CS,MBC
2656,194.0,3580,1399,CS,BC
2657,194.0,3581,1,CE,BC
2658,194.0,3582,1,ME,BCM
2659,194.0,3584,1399,CS,BC
2660,194.0,3588,1,BY,BC
2661,194.0,3589,2764,CS,OC
2662,194.0,3590,4,AE,BC
2663,194.0,3591,2006,RA,OC
2664,194.0,3592,5008,CG,OC
2665,194.0,3593,5008,EM,OC
2666,194.0,3594,4971,CS,OC
2667,194.0,3595,5008,CM,BC
2668,194.0,3596,2007,EM,MBC
2669,194.0,3597,2764,IT,OC
2670,194.0,3598,2007,EE,OC
2671,194.0,3599,5012,CC,BC
2672,194.0,3600,2377,CS,MBC
2673,194.0,3601,1,CE,MBC
2674,194.0,3603,2377,AD,BC
2675,194.0,3604,1399,CS,MBC
2676,194.0,3605,2712,CS,BC
2677,194.0,3607,1,CE,MBC
2678,194.0,3608,1399,CS,MBC
2679,194.0,3611,5008,CM,BC
2680,194.0,3612,1013,IT,OC
2681,194.0,3613,5012,CC,BC
2682,194.0,3615,1315,ME,OC
2683,194.0,3616,5008,IM,OC
2684,194.0,3617,2708,AL,OC
2685,194.0,3618,2377,EC,BC
2686,194.0,3619,2739,AM,OC
2687,194.0,3620,2025,AD,OC
2688,194.0,3621,1315,EC,SC
2689,194.0,3622,2712,EC,OC
2690,194.0,3623,5008,EM,OC
2691,194.0,3625,2006,BS,OC
2692,194.0,3626,4,PR,OC
2693,194.0,3627,2739,CS,OC
2694,194.0,3628,2006,ME,OC
2695,194.0,3629,4,EI,SC
2696,194.0,3631,2712,CS,MBC
2697,194.0,3633,5008,CM,BC
2698,194.0,3634,2006,BS,OC
2699,194.0,3635,2615,CS,OC
2700,194.0,3636,1399,IT,OC
2701,194.0,3637,1,MI,OC
2702,194.0,3638,2007,CH,OC
2703,194.0,3639,1432,CS,OC
2704,194.0,3640,5008,CM,BC
2705,194.0,3645,4,PR,OC
2706,194.0,3646,2712,CS,BC
2707,194.0,3647,2007,AT,MBC
2708,194.0,3648,1315,CJ,BC
2709,194.0,3649,2377,EE,OC
2710,194.0,3650,2764,CS,OC
2711,194.0,3652,2007,EE,OC
2712,194.0,3653,2007,EE,OC
2713,194.0,3654,5008,EM,OC
2714,194.0,3656,1,CM,SCA
2715,194.0,3657,1211,CS,OC
2716,194.0,3659,5008,IM,OC
2717,194.0,3660,1,ME,BC
2718,194.0,3662,2377,AD,BC
2719,194.0,3664,5008,CM,BC
2720,194.0,3665,2377,CS,MBC
2721,194.0,3666,2005,IT,BCM
2722,194.0,3667,5008,CG,OC
2723,194.0,3669,2006,RA,OC
2724,194.0,3670,1399,EC,OC
2725,194.0,3671,1,ME,BC
2726,194.0,3673,2377,AD,MBC
2727,194.0,3674,5008,IM,OC
2728,194.0,3677,1,IM,SC
2729,194.0,3678,1315,EE,MBC
2730,194.0,3681,5008,CG,OC
2731,194.0,3682,2005,CS,BCM
2732,194.0,3683,2006,RA,OC
2733,194.0,3684,1,CE,MBC
2734,194.0,3685,2006,RA,OC
2735,194.0,3689,2006,RA,OC
2736,194.0,3688,1315,CJ,BC
2737,194.0,3692,2006,RA,BC
2738,194.0,3693,2005,EC,MBC
2739,194.0,3695,1399,CS,BC
2740,194.0,3696,1432,CS,OC
2741,194.0,3698,1399,CS,BC
2742,194.0,3700,1399,CS,BC
2743,194.0,3701,4974,CS,OC
2744,194.0,3702,4,IM,SC
2745,194.0,3703,2712,EC,OC
2746,194.0,3704,2615,EC,OC
2747,194.0,3705,2739,AD,OC
2748,194.0,3706,2712,CS,BC
2749,194.0,3707,2718,EC,OC
2750,194.0,3708,2006,RA,BC
2751,194.0,3709,4962,EC,OC
2752,194.0,3711,2718,IT,OC
2753,194.0,3713,1,BY,MBC
2754,194.0,3714,1399,CS,BC
2755,194.0,3715,2007,EE,OC
2756,194.0,3717,1,EM,SC
2757,194.0,3720,4,RA,MBC
2758,194.0,3721,1,IM,SC
2759,194.0,3722,2007,EM,MBC
2760,194.0,3724,2377,EE,OC
2761,194.0,3726,2005,IT,BC
2762,194.0,3727,2615,CS,OC
2763,194.0,3728,2377,CS,BCM
2764,194.0,3729,4,AE,BC
2765,194.0,3730,1399,CS,BC
2766,194.0,3730,1399,EC,OC
2767,194.0,3731,1414,CS,OC
2768,194.0,3732,1211,CS,OC
2769,194.0,3733,1315,BM,OC
2770,194.0,3735,1,PT,OC
2771,194.0,3739,2007,EE,OC
2772,194.0,3740,1304,CS,OC
2773,194.0,3742,2764,CS,OC
2774,194.0,3744,1211,CS,OC
2775,194.0,3746,1211,CS,OC
2776,194.0,3750,2006,ME,OC
2777,194.0,3752,4,EC,SC
2778,194.0,3754,2377,CS,BCM
2779,194.0,3756,2712,CS,BC
2780,194.0,3758,2377,EE,OC
2781,194.0,3759,1,BY,BC
2782,193.7,3760,4,IM,SC
2783,193.5,3761,4,EM,SC
2784,193.5,3762,5008,IM,OC
2785,193.5,3763,2739,CS,OC
2786,193.5,3764,1399,AD,OC
2787,193.5,3765,2712,EC,OC
2788,193.5,3766,2712,EC,OC
2789,193.5,3767,1,XC,OC
2790,193.5,3768,2712,IT,OC
2791,193.5,3769,1,ME,MBC
2792,193.5,3770,2710,AD,OC
2793,193.5,3771,5,CF,OC
2794,193.5,3772,2712,CS,BC
2795,193.5,3773,1399,AD,OC
2796,193.5,3774,2377,EE,OC
2797,193.5,3775,5008,EM,OC
2798,193.5,3776,2712,AD,OC
2799,193.5,3777,2007,AT,MBC
2800,193.5,3778,2377,CS,MBC
2801,193.5,3779,2006,ME,OC
2802,193.5,3780,2006,RA,BC
2803,193.5,3781,5008,CG,OC
2804,193.5,3782,2712,CS,BC
2805,193.5,3785,1399,CS,MBC
2806,193.5,3786,2005,IT,BC
2807,193.5,3787,2764,AD,OC
2808,193.5,3788,1,CE,MBC
2809,193.5,3789,1,BY,BC
2810,193.5,3790,1419,IT,OC
2811,193.5,3792,2739,AD,OC
2812,193.5,3793,2006,ME,OC
2813,193.5,3794,2712,CS,BC
2814,193.5,3795,2006,BS,OC
2815,193.5,3796,2615,CS,OC
2816,193.5,3797,1399,EC,OC
2817,193.5,3798,2377,EE,OC
2818,193.5,3799,1399,CS,BC
2819,193.5,3800,2712,AD,OC
2820,193.5,3801,1211,CS,OC
2821,193.5,3802,2329,IT,OC
2822,193.5,3803,4,EC,SC
2823,193.5,3804,1399,CS,BC
2824,193.5,3806,2005,IT,MBC
2825,193.5,3807,2712,CS,BC
2826,193.5,3808,1399,CS,BC
2827,193.5,3810,2006,ME,OC
2828,193.5,3811,2377,CS,MBC
2829,193.5,3812,2377,AD,BC
2830,193.5,3813,5008,IM,OC
2831,193.5,3814,5012,CC,BC
2832,193.5,3815,4,AT,SC
2833,193.5,3816,1399,CS,MBC
2834,193.5,3817,1237,AD,OC
2835,193.5,3818,2711,AD,OC
2836,193.5,3819,2736,CS,OC
2837,193.5,3820,1226,AD,OC
2838,193.5,3821,5008,EM,OC
2839,193.5,3822,2708,IT,OC
2840,193.5,3823,2005,IT,MBC
2841,193.5,3825,1399,CS,BC
2842,193.5,3826,1,BY,MBC
2843,193.5,3827,1399,EC,OC
2844,193.5,3828,1399,CS,MBC
2845,193.5,3829,5008,CM,BC
2846,193.5,3830,4,AU,OC
2847,193.5,3832,2007,EE,OC
2848,193.5,3833,1,IM,SC
2849,193.5,3834,5008,CM,BC
2850,193.5,3835,2712,EC,OC
2851,193.5,3836,1112,EC,OC
2852,193.5,3837,1304,CS,OC
2853,193.5,3838,2377,AD,BC
2854,193.5,3839,5008,CG,OC
2855,193.5,3841,1219,CS,OC
2856,193.5,3842,4974,CS,OC
2857,193.5,3843,1432,EC,OC
2858,193.5,3845,1399,AM,OC
2859,193.5,3846,1,BY,BC
2860,193.5,3847,5008,CM,BC
2861,193.5,3848,4,CM,SC
2862,193.5,3849,5008,CM,MBC
2863,193.5,3850,2710,AD,OC
2864,193.5,3852,1450,AD,OC
2865,193.5,3853,5008,CM,BC
2866,193.5,3855,1399,CS,BC
2867,193.5,3858,1399,CS,MBC
2868,193.5,3859,2007,EE,OC
2869,193.5,3860,5008,EM,OC
2870,193.5,3861,5008,EM,OC
2871,193.5,3862,1399,CS,MBC
2872,193.5,3864,2712,CS,BC
2873,193.5,3865,2005,EC,MBC
2874,193.5,3866,2377,CS,MBC
2875,193.5,3867,4,RA,MBC
2876,193.5,3868,1399,AD,OC
2877,193.5,3869,1399,AD,OC
2878,193.5,3870,1399,CS,BC
2879,193.5,3871,2712,CS,BC
2880,193.5,3872,1,ME,SC
2881,193.5,3873,1399,CS,MBC
2882,193.5,3874,2710,CS,OC
2883,193.5,3876,5008,IM,OC
2884,193.5,3877,2712,EC,OC
2885,193.5,3880,1399,EC,OC
2886,193.5,3881,5008,EM,OC
2887,193.5,3883,1399,CS,MBC
2888,193.5,3884,1399,CS,MBC
2889,193.5,3885,5008,CM,BC
2890,193.5,3886,2731,IT,OC
2891,193.5,3887,5008,CM,MBC
2892,193.5,3888,2712,CS,MBC
2893,193.5,3889,2764,CS,OC
2894,193.5,3890,1315,ME,OC
2895,193.5,3891,2,CH,OC
2896,193.5,3892,1422,CS,OC
2897,193.5,3894,2764,EC,OC
2898,193.5,3896,5008,IM,OC
2899,193.5,3897,2712,EC,OC
2900,193.5,3899,2377,EC,MBC
2901,193.5,3901,1219,CS,OC
2902,193.5,3902,2006,RA,BC
2903,193.5,3903,2615,EC,OC
2904,193.5,3905,2007,EE,OC
2905,193.5,3906,2,CH,OC
2906,193.5,3907,1219,EC,OC
2907,193.5,3908,1,ME,MBC
2908,193.5,3909,2739,CS,OC
2909,193.5,3911,1,GI,OC
2910,193.5,3912,2712,CS,BC
2911,193.5,3914,1432,EC,OC
2912,193.5,3916,4974,EC,OC
2913,193.5,3917,2357,CS,OC
2914,193.5,3918,1,ME,BCM
2915,193.5,3919,2005,EC,MBC
2916,193.5,3920,2708,CS,OC
2917,193.5,3921,1399,CS,MBC
2918,193.5,3922,2712,EC,OC
2919,193.5,3923,4971,EC,OC
2920,193.5,3925,1,CE,BC
2921,193.5,3927,2007,EE,BC
2922,193.5,3929,2006,RA,BC
2923,193.5,3931,2006,EC,SC
2924,193.5,3932,2712,IT,OC
2925,193.5,3933,4974,CS,OC
2926,193.5,3934,1399,CS,BC
2927,193.5,3935,2710,AD,OC
2928,193.5,3936,2712,AD,OC
2929,193.5,3937,1399,CS,BC
2930,193.5,3938,1419,AD,OC
2931,193.5,3939,4,IM,SC
2932,193.5,3940,5901,CS,OC
2933,193.5,3941,2712,CS,BC
2934,193.5,3942,2005,EE,OC
2935,193.5,3943,1,ME,MBC
2936,193.5,3944,2718,CS,OC
2937,193.5,3945,1219,CS,OC
2938,193.5,3946,2712,CS,BC
2939,193.5,3947,2377,EC,MBC
2940,193.5,3949,1216,SC,OC
2941,193.5,3950,1,ME,BCM
2942,193.5,3954,1399,CS,BC
2943,193.5,3956,1432,EC,OC
2944,193.5,3957,2615,CS,OC
2945,193.5,3958,1,EL,SC
2946,193.5,3959,1399,CS,BC
2947,193.5,3960,2718,EC,OC
2948,193.5,3961,2377,EE,OC
2949,193.5,3963,2712,CS,BC
2950,193.5,3964,2707,CS,OC
2951,193.5,3966,1414,CS,OC
2952,193.5,3967,4974,CS,OC
2953,193.5,3969,2007,EE,BC
2954,193.5,3970,1,ME,MBC
2955,193.5,3971,1399,CS,BC
2956,193.5,3972,2007,EE,BC
2957,193.5,3973,1140,CS,OC
2958,193.5,3977,5008,IM,OC
2959,193.5,3979,2006,CM,SC
2960,193.5,3980,5008,EE,OC
2961,193.5,3981,1399,CS,MBC
2962,193.5,3982,1399,EC,OC
2963,193.5,3983,2712,CS,BC
2964,193.5,3985,1399,CS,BC
2965,193.5,3986,2377,CS,MBC
2966,193.5,3987,5008,CM,BC
2967,193.5,3989,5008,CM,BC
2968,193.5,3990,2712,CS,BC
2969,193.5,3995,2712,CS,BC
2970,193.5,3996,2712,CS,BC
2971,193.5,3998,1399,CS,MBC
2972,193.5,3999,2007,EE,MBC
2973,193.5,4000,4974,CS,OC
2974,193.5,4002,4,AE,BC
2975,193.5,4003,2005,IT,MBC
2976,193.5,4004,2712,AD,OC
2977,193.5,4005,2712,CS,BC
2978,193.5,4006,1315,EE,MBC
2979,193.5,4007,2377,CS,MBC
2980,193.5,4009,2712,CS,BCM
2981,193.5,4010,2712,IT,OC
2982,193.5,4012,1,CE,MBC
2983,193.5,4013,1399,CS,BCM
2984,193.5,4014,1315,EE,BCM
2985,193.5,4015,2377,EC,MBC
2986,193.5,4018,5008,EM,OC
2987,193.5,4019,1315,ME,OC
2988,193.5,4020,2611,EC,OC
2989,193.5,4022,5008,CS,BCM
2990,193.5,4023,2377,EC,BCM
2991,193.5,4024,1219,CS,OC
2992,193.5,4025,1211,RM,OC
2993,193.5,4027,1324,CS,OC
2994,193.5,4028,1,ME,BC
2995,193.5,4029,2722,CS,OC
2996,193.5,4030,1442,AD,OC
2997,193.5,4031,1,ME,BC
2998,193.5,4032,4,AE,SC
2999,193.5,4033,2740,AD,OC
3000,193.5,4034,3806,EC,OC
3001,193.5,4035,2622,AM,OC
3002,193.5,4036,2005,EC,MBC
3003,193.5,4037,5008,IM,OC
3004,193.5,4039,5012,CC,MBC
3005,193.5,4040,5008,CW,OC
3006,193.5,4041,5008,CM,BCM
3007,193.5,4042,1,ME,BC
3008,193.5,4043,2712,EC,OC
3009,193.5,4044,2712,IT,OC
3010,193.5,4045,5008,EM,OC
3011,193.5,4047,2007,EE,MBC
3012,193.5,4048,2007,EE,BC
3013,193.5,4049,2025,CS,OC
3014,193.5,4051,1,ME,BC
3015,193.5,4052,2005,IT,MBC
3016,193.5,4053,2007,EE,MBC
3017,193.5,4054,2006,RA,MBC
3018,193.5,4055,2615,CS,OC
3019,193.5,4056,2712,IT,OC
3020,193.5,4057,2377,EC,MBC
3021,193.5,4061,1422,CS,OC
3022,193.5,4064,2712,EC,OC
3023,193.5,4065,5008,CG,OC
3024,193.5,4068,2764,CS,OC
3025,193.5,4069,5008,EE,OC
3026,193.5,4070,1399,EC,OC
3027,193.5,4071,5008,IM,OC
3028,193.5,4073,1,ME,BC
3029,193.5,4074,1399,CS,BC
3030,193.5,4075,2750,CS,OC
3031,193.5,4077,1,ME,BC
3032,193.5,4078,1,ME,BC
3033,193.5,4079,1399,EC,OC
3034,193.5,4080,1211,CS,OC
3035,193.5,4084,1399,CS,BC
3036,193.5,4085,4974,EC,OC
3037,193.5,4086,1432,CS,OC
3038,193.5,4087,1211,CS,OC
3039,193.5,4089,5008,EM,OC
3040,193.5,4092,2735,IT,OC
3041,193.5,4093,2702,CS,OC
3042,193.5,4094,5008,IM,OC
3043,193.5,4096,1315,EE,MBC
3044,193.5,4097,5008,IM,OC
3045,193.5,4099,2712,CS,BC
3046,193.5,4101,1211,CS,OC
3047,193.5,4103,1399,EC,OC
3048,193.5,4106,5008,IM,OC
3049,193.5,4107,2718,CS,OC
3050,193.5,4108,2007,EE,BC
3051,193.5,4111,2006,ME,OC
3052,193.5,4113,5012,CC,BC
3053,193.5,4114,4,EC,ST
3054,193.5,4115,1219,CS,OC
3055,193.5,4116,5008,CM,BC
3056,193.5,4118,2007,EE,BC
3057,193.5,4121,2007,AT,MBC
3058,193.5,4122,1399,AD,OC
3059,193.5,4123,1399,CS,BC
3060,193.5,4124,2712,CS,BC
3061,193.5,4126,1211,IT,OC
3062,193.5,4127,2025,CS,OC
3063,193.5,4128,2712,AD,OC
3064,193.5,4130,5008,IM,OC
3065,193.5,4131,2710,AD,OC
3066,193.5,4132,1211,CS,OC
3067,193.5,4133,1399,CS,BC
3068,193.5,4134,2718,CS,OC
3069,193.5,4135,1315,BM,OC
3070,193.5,4136,1,MI,OC
3071,193.5,4137,2007,EE,MBC
3072,193.5,4138,5008,CM,BC
3073,193.5,4139,5008,IM,OC
3074,193.5,4140,2712,IT,OC
3075,193.5,4141,5008,IM,OC
3076,193.5,4142,2007,EE,MBC
3077,193.5,4144,2615,CS,OC
3078,193.5,4145,2712,EC,OC
3079,193.5,4146,2006,EC,SCA
3080,193.5,4147,1315,CS,SC
3081,193.5,4148,2712,IT,OC
3082,193.5,4149,2007,EM,MBC
3083,193.5,4150,1113,EC,OC
3084,193.5,4151,2718,CS,OC
3085,193.5,4152,1,BY,MBC
3086,193.5,4153,2755,AG,OC
3087,193.5,4154,2712,CS,BC
3088,193.5,4155,4,RA,SC
3089,193.5,4159,1211,CS,OC
3090,193.5,4162,2712,EC,OC
3091,193.5,4166,2739,AD,OC
3092,193.5,4167,1399,CS,BCM
3093,193.5,4169,1128,CS,OC
3094,193.5,4170,5008,EE,OC
3095,193.5,4171,5008,EC,MBC
3096,193.5,4173,5008,EC,MBC
3097,193.5,4174,1,CE,MBC
3098,193.5,4176,2706,IT,OC
3099,193.5,4177,1516,CS,OC
3100,193.5,4178,1399,AD,OC
3101,193.5,4179,1,ME,BC
3102,193.5,4181,1,CE,MBC
3103,193.5,4184,2706,CS,OC
3104,193.5,4185,2006,EC,SC
3105,193.5,4186,2718,EC,OC
3106,193.5,4187,1315,CH,OC
3107,193.5,4189,3803,CS,OC
3108,193.5,4190,5008,IM,OC
3109,193.5,4196,2025,CS,OC
3110,193.5,4197,1,GI,OC
3111,193.5,4199,5008,IM,BC
3112,193.5,4201,1211,EC,OC
3113,193.5,4203,3826,CS,OC
3114,193.5,4206,1399,CS,MBC
3115,193.5,4207,1399,AD,OC
3116,193.5,4209,1399,CS,BC
3117,193.5,4210,2377,EC,MBC
3118,193.5,4211,1,ME,BC
3119,193.5,4212,2712,IT,OC
3120,193.5,4213,1211,CS,OC
3121,193.5,4215,1442,AD,OC
3122,193.5,4216,1399,EC,OC
3123,193.5,4220,2712,AD,OC
3124,193.5,4221,2709,CS,OC
3125,193.5,4224,1315,BM,OC
3126,193.5,4225,5008,CM,BC
3127,193.5,4226,1399,EC,OC
3128,193.5,4230,2731,EC,OC
3129,193.5,4233,1,BY,BC
3130,193.5,4237,2731,AD,OC
3131,193.5,4241,2712,EC,OC
3132,193.3,4246,2718,EC,OC
3133,193.3,4248,1,ME,BC
3134,193.2,4250,2615,CS,OC
3135,193.2,4251,2718,CS,OC
3136,193.0,4253,5008,EM,OC
3137,193.0,4254,1,IM,ST
3138,193.0,4256,1399,CS,BC
3139,193.0,4257,2712,AD,OC
3140,193.0,4258,2712,AD,OC
3141,193.0,4259,2739,AM,OC
3142,193.0,4261,1399,CS,BC
3143,193.0,4262,5008,EM,OC
3144,193.0,4263,2712,EC,OC
3145,193.0,4264,2764,CS,OC
3146,193.0,4265,1211,CS,OC
3147,193.0,4266,5008,EC,MBC
3148,193.0,4267,2718,CS,OC
3149,193.0,4268,5008,CM,MBC
3150,193.0,4270,1315,CS,SC
3151,193.0,4271,2712,EC,OC
3152,193.0,4272,5008,EM,OC
3153,193.0,4273,1432,CS,OC
3154,193.0,4274,1399,CS,BC
3155,193.0,4275,2712,CS,BC
3156,193.0,4277,2718,CS,OC
3157,193.0,4280,1399,CS,MBC
3158,193.0,4281,2007,EE,MBC
3159,193.0,4283,2377,AD,MBC
3160,193.0,4284,5008,CM,BC
3161,193.0,4285,2025,AD,OC
3162,193.0,4286,2712,CS,BC
3163,193.0,4287,1399,AD,OC
3164,193.0,4288,1211,CS,OC
3165,193.0,4292,1113,EC,OC
3166,193.0,4293,5008,EC,MBC
3167,193.0,4294,1399,CS,BC
3168,193.0,4295,2,CH,OC
3169,193.0,4297,5008,EE,OC
3170,193.0,4298,2712,AD,OC
3171,193.0,4299,5901,EC,OC
3172,193.0,4300,1399,CS,MBC
3173,193.0,4301,2718,CS,OC
3174,193.0,4302,2,CH,OC
3175,193.0,4303,2712,IT,OC
3176,193.0,4304,2712,AD,OC
3177,193.0,4305,2005,IT,MBC
3178,193.0,4307,1211,CS,OC
3179,193.0,4309,2007,EE,BC
3180,193.0,4310,2377,AD,MBC
3181,193.0,4312,5008,CW,OC
3182,193.0,4314,1399,CS,BC
3183,193.0,4316,1399,CS,BC
3184,193.0,4319,2712,CS,BC
3185,193.0,4320,2005,IT,MBC
3186,193.0,4322,5012,CC,BC
3187,193.0,4323,1399,CS,BC
3188,193.0,4324,1,ME,BC
3189,193.0,4325,1399,CS,MBC
3190,193.0,4328,2718,CS,OC
3191,193.0,4329,1399,EC,OC
3192,193.0,4330,2764,CS,OC
3193,193.0,4331,2712,CS,MBC
3194,193.0,4332,2006,CE,OC
3195,193.0,4333,2007,AT,MBC
3196,193.0,4334,4,AE,SC
3197,193.0,4335,2377,EC,MBC
3198,193.0,4336,5008,EM,OC
3199,193.0,4337,2739,CS,OC
3200,193.0,4339,2712,CS,BC
3201,193.0,4342,5008,CM,MBC
3202,193.0,4343,5008,EC,SC
3203,193.0,4344,2006,EC,SC
3204,193.0,4345,2712,IT,OC
3205,193.0,4346,2005,IT,MBC
3206,193.0,4347,5008,EM,OC
3207,193.0,4348,5008,CG,OC
3208,193.0,4349,5008,IM,BC
3209,193.0,4350,2739,CS,OC
3210,193.0,4351,1399,CB,OC
3211,193.0,4356,2615,CS,OC
3212,193.0,4357,1219,CS,OC
3213,193.0,4358,2007,EE,MBC
3214,193.0,4359,2708,IT,OC
3215,193.0,4360,2718,CS,OC
3216,193.0,4361,1211,CS,OC
3217,193.0,4362,1,ME,MBC
3218,193.0,4364,2712,AD,OC
3219,193.0,4365,1211,EC,OC
3220,193.0,4367,3011,IT,OC
3221,193.0,4368,1399,CS,MBC
3222,193.0,4369,2764,EC,OC
3223,193.0,4370,2708,CS,OC
3224,193.0,4372,5901,CS,OC
3225,193.0,4376,1315,CS,SC
3226,193.0,4377,1399,AD,OC
3227,193.0,4378,4,EM,SC
3228,193.0,4379,1399,CS,BC
3229,193.0,4380,2712,IT,OC
3230,193.0,4381,2712,CS,BC
3231,193.0,4383,1211,CS,OC
3232,193.0,4385,1432,AD,OC
3233,193.0,4386,2712,CS,BCM
3234,193.0,4388,1399,CS,BC
3235,193.0,4389,5008,EM,BC
3236,193.0,4390,4,AE,SC
3237,193.0,4391,2005,EE,OC
3238,193.0,4394,5008,IM,BC
3239,193.0,4395,2377,AD,MBC
3240,193.0,4396,2603,CS,OC
3241,193.0,4397,2007,CS,SC
3242,193.0,4398,2712,EC,OC
3243,193.0,4399,1,ME,BC
3244,193.0,4400,2764,EC,OC
3245,193.0,4401,2712,EC,OC
3246,193.0,4402,2615,CS,OC
3247,193.0,4403,1432,CS,OC
3248,193.0,4404,2615,CS,OC
3249,193.0,4405,5008,EE,OC
3250,193.0,4406,2712,EC,OC
3251,193.0,4407,2006,BS,OC
3252,193.0,4412,5008,CG,OC
3253,193.0,4413,2006,BY,OC
3254,193.0,4414,2718,CS,OC
3255,193.0,4416,2764,CS,OC
3256,193.0,4417,5008,IM,BC
3257,193.0,4418,2007,EY,OC
3258,193.0,4419,1315,EE,MBC
3259,193.0,4420,2615,CS,OC
3260,193.0,4421,2653,AD,OC
3261,193.0,4422,1211,CS,OC
3262,193.0,4423,2764,AD,OC
3263,193.0,4424,2007,EE,BC
3264,193.0,4425,1,ME,BC
3265,193.0,4427,5008,EM,BCM
3266,193.0,4428,2005,EI,OC
3267,193.0,4430,1399,CS,BC
3268,193.0,4431,1,IE,OC
3269,193.0,4434,2712,CS,BC
3270,193.0,4435,2712,AD,OC
3271,193.0,4436,1211,CS,OC
3272,193.0,4437,1,BY,MBC
3273,193.0,4438,2,IS,OC
3274,193.0,4440,2712,EC,OC
3275,193.0,4441,2712,IT,OC
3276,193.0,4442,1315,CJ,MBC
3277,193.0,4443,5008,IM,BCM
3278,193.0,4444,1399,CS,BC
3279,193.0,4445,2712,EC,OC
3280,193.0,4446,1399,CS,BC
3281,193.0,4447,4960,CS,OC
3282,193.0,4448,2005,EE,OC
3283,193.0,4449,2718,EC,OC
3284,193.0,4451,2377,EC,MBC
3285,193.0,4452,5008,IM,BC
3286,193.0,4453,2712,CS,BC
3287,193.0,4454,2711,CS,OC
3288,193.0,4455,2377,EE,OC
3289,193.0,4456,2,CH,OC
3290,193.0,4460,2739,CS,OC
3291,193.0,4461,2608,CS,OC
3292,193.0,4462,1315,ME,OC
3293,193.0,4463,5008,EM,BC
3294,193.0,4464,1422,EC,OC
3295,193.0,4466,1219,CS,OC
3296,193.0,4471,5008,CG,OC
3297,193.0,4475,5008,EM,BC
3298,193.0,4473,1,BY,BC
3299,193.0,4474,2711,CS,OC
3300,193.0,4478,1315,EE,MBC
3301,193.0,4480,1414,IT,OC
3302,193.0,4481,2005,EE,OC
3303,193.0,4482,2007,EE,BC
3304,193.0,4485,2007,EE,MBC
3305,193.0,4486,5012,CC,MBC
3306,193.0,4491,1,ME,MBC
3307,193.0,4493,5008,EM,MBC
3308,193.0,4494,5008,EM,BC
3309,193.0,4496,1399,CS,BCM
3310,193.0,4497,1399,CS,BC
3311,193.0,4499,2377,EE,OC
3312,193.0,4502,2005,EI,OC
3313,193.0,4504,2,IB,OC
3314,193.0,4505,1399,EC,OC
3315,193.0,4506,3830,CS,OC
3316,193.0,4507,2,IB,OC
3317,193.0,4508,2739,AD,OC
3318,193.0,4509,1399,AD,OC
3319,193.0,4510,2710,CS,OC
3320,193.0,4511,5008,EE,OC
3321,193.0,4512,2005,EE,OC
3322,193.0,4513,2718,SC,OC
3323,193.0,4515,1399,CS,BC
3324,193.0,4516,5008,CW,OC
3325,193.0,4517,1219,CS,OC
3326,193.0,4518,1422,CS,OC
3327,193.0,4519,2764,EC,OC
3328,193.0,4520,4,EM,SC
3329,193.0,4521,1315,ME,OC
3330,193.0,4522,1,ME,MBC
3331,193.0,4523,5008,CM,BCM
3332,193.0,4524,4,IM,SC
3333,193.0,4526,4962,AD,OC
3334,193.0,4527,1219,CS,OC
3335,193.0,4528,1324,IT,OC
3336,193.0,4529,1419,IT,OC
3337,193.0,4530,1399,CS,BC
3338,193.0,4531,4960,CS,OC
3339,193.0,4532,2712,EC,OC
3340,193.0,4534,2712,EC,OC
3341,193.0,4535,2739,CS,OC
3342,193.0,4537,1,BY,MBC
3343,193.0,4538,2702,CS,OC
3344,193.0,4539,2712,IT,OC
3345,193.0,4540,2007,EE,BC
3346,193.0,4541,4,AU,OC
3347,193.0,4542,2718,CS,OC
3348,193.0,4543,4,IM,SC
3349,193.0,4544,1399,AD,OC
3350,193.0,4546,1399,EC,OC
3351,193.0,4547,1432,AD,OC
3352,193.0,4549,2025,CS,OC
3353,193.0,4551,5008,EM,MBC
3354,193.0,4554,2,IB,OC
3355,193.0,4555,2739,CS,OC
3356,193.0,4556,2006,IY,OC
3357,193.0,4557,3011,IT,OC
3358,193.0,4558,2006,RA,BC
3359,193.0,4559,2712,CS,MBC
3360,193.0,4560,2712,IT,OC
3361,193.0,4561,2610,CS,OC
3362,193.0,4562,1432,AM,OC
3363,193.0,4563,2007,EE,BC
3364,193.0,4564,2615,CS,OC
3365,193.0,4565,5008,CG,OC
3366,193.0,4568,5008,IM,BC
3367,193.0,4569,2006,BS,OC
3368,193.0,4571,2731,AD,OC
3369,193.0,4573,1014,IT,OC
3370,193.0,4574,5008,CM,MBC
3371,193.0,4576,1,IE,OC
3372,193.0,4577,2005,EE,OC
3373,193.0,4583,1399,CS,MBC
3374,193.0,4585,1399,CS,BCM
3375,193.0,4586,1315,CH,OC
3376,193.0,4587,2005,EE,OC
3377,193.0,4588,1399,EC,OC
3378,193.0,4589,1211,EC,OC
3379,193.0,4590,1399,CS,BCM
3380,193.0,4591,2377,EE,OC
3381,193.0,4593,4,AU,OC
3382,193.0,4594,1399,CS,BCM
3383,193.0,4595,1211,EC,OC
3384,193.0,4596,2712,EC,OC
3385,193.0,4597,1432,EC,OC
3386,193.0,4598,2712,CS,BC
3387,193.0,4599,2,CH,OC
3388,193.0,5600,2712,CS,BC
3389,193.0,4601,1315,ME,OC
3390,193.0,4603,5008,IM,BCM
3391,193.0,4605,2712,CS,BC
3392,193.0,4607,2764,CS,OC
3393,193.0,4608,5008,EC,MBC
3394,193.0,4609,5008,CM,MBC
3395,193.0,4612,4960,IT,OC
3396,193.0,4613,2731,EC,OC
3397,193.0,4615,2712,IT,OC
3398,193.0,4616,4974,CS,OC
3399,193.0,4617,1,ME,BC
3400,193.0,4622,2005,EE,OC
3401,193.0,4624,5008,CW,OC
3402,193.0,4625,1315,ME,OC
3403,193.0,4626,2,CH,OC
3404,193.0,4627,4,CM,SC
3405,193.0,4628,5008,IM,BC
3406,193.0,4630,1,ME,MBC
3407,193.0,4631,2377,EC,MBC
3408,193.0,4632,1504,IT,OC
3409,193.0,4634,5008,EM,MBC
3410,193.0,4635,1,ME,MBC
3411,193.0,4637,2615,CS,OC
3412,193.0,4639,1211,CS,OC
3413,193.0,4640,1399,CS,BC
3414,193.0,4641,1,BY,BCM
3415,193.0,4643,2007,EE,BC
3416,193.0,4644,5012,CC,MBC
3417,193.0,4645,2712,CS,BC
3418,193.0,4646,2377,EE,BC
3419,193.0,4647,2007,EE,MBC
3420,193.0,4650,1399,CS,BC
3421,193.0,4651,2712,CS,MBC
3422,193.0,4653,2712,CS,BC
3423,193.0,4654,2712,CS,BC
3424,193.0,4655,1399,EC,MBC
3425,193.0,4656,2005,EE,OC
3426,193.0,4657,2006,BS,OC
3427,193.0,4659,5901,CS,OC
3428,193.0,4662,2712,IT,OC
3429,193.0,4665,2,CH,OC
3430,193.0,4668,4,IM,SC
3431,193.0,4669,2712,CS,MBC
3432,193.0,4671,2712,EC,OC
3433,193.0,4672,5008,EE,OC
3434,193.0,4673,2712,CS,BC
3435,193.0,4674,2608,AD,OC
3436,193.0,4675,2005,IT,BCM
3437,193.0,4677,5901,EC,OC
3438,193.0,4678,2006,CM,SCA
3439,193.0,4681,1399,CS,MBC
3440,193.0,4682,1,ME,BC
3441,193.0,4684,4971,EC,OC
3442,193.0,4686,1399,CS,MBC
3443,193.0,4687,5008,CW,OC
3444,193.0,4688,1399,CS,MBC
3445,193.0,4690,5008,EM,BC
3446,193.0,4692,4,CM,SC
3447,193.0,4694,1399,EC,BC
3448,193.0,4699,1414,IT,OC
3449,193.0,4700,5008,IM,BC
3450,193.0,4703,2006,ME,OC
3451,193.0,4704,1399,CS,BC
3452,193.0,4705,4,PR,OC
3453,193.0,4706,1315,EE,MBC
3454,193.0,4708,1113,CS,OC
3455,193.0,4712,1,GI,OC
3456,193.0,4716,1315,CE,OC
3457,193.0,4717,1315,ME,OC
3458,193.0,4718,2712,CS,BC
3459,193.0,4720,1399,CS,BC
3460,193.0,4721,5008,EM,BC
3461,193.0,4723,4,CM,SC
3462,193.0,4724,1,ME,SC
3463,193.0,4725,1399,CS,BC
3464,193.0,4727,1211,CS,OC
3465,193.0,4735,2006,ME,OC
3466,193.0,4736,1219,EC,OC
3467,193.0,4739,2712,CS,BC
3468,193.0,4740,1399,CS,MBC
3469,193.0,4742,5008,EE,OC
3470,193.0,4743,2615,EC,OC
3471,193.0,4745,2712,CS,MBC
3472,193.0,4746,2007,EE,BC
3473,193.0,4747,2615,CS,BC
3474,193.0,4748,2615,CS,BC
3475,193.0,4751,2007,EE,BC
3476,193.0,4752,1414,CS,OC
3477,193.0,4753,1399,CS,BC
3478,192.8,4757,2718,CS,OC
3479,192.7,4758,5008,CW,OC
3480,192.7,4760,1399,CS,BC
3481,192.5,4761,1399,CS,BC
3482,192.5,4762,1315,CS,SC
3483,192.5,4763,2739,CS,OC
3484,192.5,4765,5008,EM,BC
3485,192.5,4766,1399,CB,OC
3486,192.5,4767,5008,IM,BC
3487,192.5,4769,2712,CS,BC
3488,192.5,4770,1399,AM,OC
3489,192.5,4772,2712,IT,OC
3490,192.5,4773,2712,EC,BC
3491,192.5,4774,1211,EC,OC
3492,192.5,4775,1399,CS,BC
3493,192.5,4776,1399,EC,BC
3494,192.5,4777,2739,CS,OC
3495,192.5,4778,5008,CG,BC
3496,192.5,4779,2608,AD,OC
3497,192.5,4780,2615,CS,BC
3498,192.5,4781,1399,CS,BC
3499,192.5,4782,2718,CS,OC
3500,192.5,4783,2712,EC,MBC
3501,192.5,4785,1,CE,BC
3502,192.5,4787,1399,CS,BC
3503,192.5,4788,2634,AG,OC
3504,192.5,4789,5008,EM,MBC
3505,192.5,4791,2006,IY,OC
3506,192.5,4793,2007,CS,SC
3507,192.5,4795,2764,AD,OC
3508,192.5,4796,5008,EM,BCM
3509,192.5,4797,1399,EC,BC
3510,192.5,4798,1211,CS,OC
3511,192.5,4800,1399,CS,BC
3512,192.5,4801,1432,AD,OC
3513,192.5,4803,1399,CS,MBC
3514,192.5,4805,1,ME,MBC
3515,192.5,4807,2739,AD,OC
3516,192.5,4808,1315,ME,OC
3517,192.5,4809,2739,CS,OC
3518,192.5,4810,2712,IT,OC
3519,192.5,4811,4,IM,SC
3520,192.5,4812,1315,CJ,MBC
3521,192.5,4813,1399,EC,BC
3522,192.5,4814,1399,CS,BC
3523,192.5,4815,1399,IT,OC
3524,192.5,4816,2712,CS,BC
3525,192.5,4817,2712,CS,MBC
3526,192.5,4819,1211,CS,OC
3527,192.5,4820,2005,EE,OC
3528,192.5,4821,1399,CS,BC
3529,192.5,4822,2712,CS,MBC
3530,192.5,4823,2712,IT,OC
3531,192.5,4824,3803,EC,OC
3532,192.5,4825,1315,CS,SC
3533,192.5,4827,2712,CS,BC
3534,192.5,4830,5008,EM,MBC
3535,192.5,4831,5008,IM,BC
3536,192.5,4833,1399,CS,MBC
3537,192.5,4834,2739,AD,OC
3538,192.5,4835,4,AE,SC
3539,192.5,4836,1450,CS,OC
3540,192.5,4837,1315,BM,OC
3541,192.5,4839,1211,IT,OC
3542,192.5,4840,1,ME,MBC
3543,192.5,4841,5012,CC,BC
3544,192.5,4843,1419,AM,OC
3545,192.5,4844,1399,AD,OC
3546,192.5,4845,2622,AD,OC
3547,192.5,4846,2025,AD,OC
3548,192.5,4847,3011,EC,OC
3549,192.5,4848,1399,CS,BC
3550,192.5,4849,1419,EC,OC
3551,192.5,4850,1211,CS,OC
3552,192.5,4852,2007,EE,BC
3553,192.5,4854,2712,EC,BC
3554,192.5,4855,1399,EC,BC
3555,192.5,4856,1399,CS,MBC
3556,192.5,4857,5008,EE,OC
3557,192.5,4858,2718,AD,OC
3558,192.5,4859,2007,CS,SC
3559,192.5,4860,2712,AE,OC
3560,192.5,4861,3801,IT,OC
3561,192.5,4862,2006,RA,BC
3562,192.5,4863,2712,CS,MBC
3563,192.5,4865,2710,SC,OC
3564,192.5,4867,2006,ME,MBC
3565,192.5,4872,1219,EC,OC
3566,192.5,4873,4974,EC,OC
3567,192.5,4874,1399,CS,BC
3568,192.5,4875,2005,EE,OC
3569,192.5,4876,2,PM,OC
3570,192.5,4877,2764,AD,OC
3571,192.5,4878,2712,IT,OC
3572,192.5,4879,5008,EE,OC
3573,192.5,4880,2007,CS,SC
3574,192.5,4882,2712,AD,OC
3575,192.5,4883,2007,EE,BC
3576,192.5,4884,2712,CS,BC
3577,192.5,4890,1399,CS,MBC
3578,192.5,4892,2007,EY,OC
3579,192.5,4893,2006,CE,OC
3580,192.5,4894,2377,AD,MBC
3581,192.5,4895,5008,IM,MBC
3582,192.5,4896,5901,EC,OC
3583,192.5,4897,5008,IM,BC
3584,192.5,4898,5008,IM,BC
3585,192.5,4899,2706,CS,OC
3586,192.5,4900,2739,AD,OC
3587,192.5,4901,1399,CS,MBC
3588,192.5,4902,5008,EE,OC
3589,192.5,4904,5008,CM,MBC
3590,192.5,4906,1211,CS,OC
3591,192.5,4907,1399,CS,BC
3592,192.5,4908,1211,AD,OC
3593,192.5,4909,1399,CS,MBC
3594,192.5,4910,1399,CS,MBC
3595,192.5,4912,1399,AM,OC
3596,192.5,4913,5008,CM,MBC
3597,192.5,4914,4944,CS,OC
3598,192.5,4915,2712,CS,MBC
3599,192.5,4917,2712,CS,BC
3600,192.5,4918,1211,CS,OC
3601,192.5,4922,2,CH,OC
3602,192.5,4923,1315,ME,OC
3603,192.5,4924,2712,EC,BC
3604,192.5,4925,2712,EC,BC
3605,192.5,4926,1432,CS,OC
3606,192.5,4927,4974,CS,OC
3607,192.5,4929,2005,EI,OC
3608,192.5,4930,2718,AD,OC
3609,192.5,4931,2712,EC,BC
3610,192.5,4932,2712,CS,MBC
3611,192.5,4934,2712,EC,BC
3612,192.5,4935,1419,AM,OC
3613,192.5,4936,2653,EC,OC
3614,192.5,4937,2005,EI,OC
3615,192.5,4938,1414,IT,OC
3616,192.5,4940,2712,AD,OC
3617,192.5,4941,2,PP,OC
3618,192.5,4942,2712,IT,OC
3619,192.5,4943,5008,CM,MBC
3620,192.5,4944,2710,CS,OC
3621,192.5,4945,2712,AD,OC
3622,192.5,4946,2712,EC,BC
3623,192.5,4947,2007,EE,BCM
3624,192.5,4948,5008,EE,BC
3625,192.5,4950,5,IT,OC
3626,192.5,4951,4974,CS,OC
3627,192.5,4952,1399,CS,BC
3628,192.5,4953,5008,EM,BC
3629,192.5,4954,1304,AM,OC
3630,192.5,4955,2739,CS,OC
3631,192.5,4956,5008,CG,BC
3632,192.5,4957,2006,CN,OC
3633,192.5,4958,1399,CS,BC
3634,192.5,4960,5008,EM,BC
3635,192.5,4961,1,BY,BC
3636,192.5,4962,1,ME,BC
3637,192.5,4963,1317,CS,OC
3638,192.5,4964,1432,CS,OC
3639,192.5,4965,1219,CS,OC
3640,192.5,4966,5008,IM,BC
3641,192.5,4967,5008,ME,OC
3642,192.5,4968,1315,ME,OC
3643,192.5,4969,2,CH,MBC
3644,192.5,4971,2006,MF,OC
3645,192.5,4975,2005,EE,OC
3646,192.5,4976,2377,EC,BCM
3647,192.5,4977,2005,EI,OC
3648,192.5,4978,2712,IT,OC
3649,192.5,4979,4,IM,SC
3650,192.5,4981,1399,CS,BC
3651,192.5,4984,5008,IM,BC
3652,192.5,4986,1211,SC,OC
3653,192.5,4987,1399,EC,BC
3654,192.5,4989,5008,CM,MBC
3655,192.5,4991,2615,CS,MBC
3656,192.5,4992,2005,EE,MBC
3657,192.5,4994,5008,EM,BC
3658,192.5,4995,2718,EC,OC
3659,192.5,4996,2006,ME,MBC
3660,192.5,4998,2764,AD,OC
3661,192.5,4999,1,EL,SC
3662,192.5,5000,5008,EM,BC
3663,192.5,5001,1211,AD,OC
3664,192.5,5003,1399,AD,OC
3665,192.5,5004,2025,AD,OC
3666,192.5,5007,1399,EC,BC
3667,192.5,5008,1,CE,BC
3668,192.5,5009,1432,CS,OC
3669,192.5,5012,2712,EC,BC
3670,192.5,5014,2,PP,OC
3671,192.5,5015,1211,CS,OC
3672,192.5,5016,2007,EY,OC
3673,192.5,5017,1399,IT,OC
3674,192.5,5019,1211,AD,OC
3675,192.5,5021,2718,EC,OC
3676,192.5,5022,2739,CS,OC
3677,192.5,5023,1399,CS,MBC
3678,192.5,5024,1211,CS,OC
3679,192.5,5025,1211,CS,OC
3680,192.5,5027,1399,AD,OC
3681,192.5,5028,1399,CS,MBC
3682,192.5,5029,1399,CS,BC
3683,192.5,5030,2615,CS,BCM
3684,192.5,5031,2712,CS,MBC
3685,192.5,5032,2702,CS,OC
3686,192.5,5033,2615,CS,MBC
3687,192.5,5034,1432,CS,OC
3688,192.5,5038,1605,IT,OC
3689,192.5,5039,5901,CS,OC
3690,192.5,5040,1399,CS,BC
3691,192.5,5042,1211,EC,OC
3692,192.5,5043,2712,CS,MBC
3693,192.5,5045,1399,EC,BC
3694,192.5,5046,2006,IY,OC
3695,192.5,5047,2006,BS,OC
3696,192.5,5049,2,CH,BC
3697,192.5,5050,1315,ME,OC
3698,192.5,5051,4,EM,SC
3699,192.5,5052,2712,EC,BC
3700,192.5,5054,2727,AD,OC
3701,192.5,5055,2718,EC,OC
3702,192.5,5056,2764,AD,OC
3703,192.5,5058,1399,EC,BC
3704,192.5,5060,2006,RA,BC
3705,192.5,5062,1211,CS,OC
3706,192.5,5063,1419,SC,OC
3707,192.5,5064,1315,ME,OC
3708,192.5,5065,1,ME,MBC
3709,192.5,5066,1432,AM,OC
3710,192.5,5067,2712,CS,BC
3711,192.5,5068,2007,EE,MBC
3712,192.5,5070,5008,EM,BC
3713,192.5,5071,2712,EC,BC
3714,192.5,5072,1399,CS,BC
3715,192.5,5074,5008,IM,BC
3716,192.5,5075,1,EE,SC
3717,192.5,5076,2712,EC,BC
3718,192.5,5079,2006,ME,BCM
3719,192.5,5085,1315,CS,SC
3720,192.5,5087,2005,EE,MBC
3721,192.5,5090,2005,EE,MBC
3722,192.5,5092,1,IE,OC
3723,192.5,5093,5,EC,OC
3724,192.5,5095,1422,CY,OC
3725,192.5,5098,5008,CW,OC
3726,192.5,5100,2764,CS,OC
3727,192.5,5101,1211,CS,OC
3728,192.5,5102,2712,AD,OC
3729,192.5,5103,2718,CS,OC
3730,192.5,5104,2712,AD,BC
3731,192.5,5105,1,GI,OC
3732,192.5,5106,2718,CS,OC
3733,192.5,5108,1399,CS,BCM
3734,192.5,5110,2712,AD,MBC
3735,192.5,5112,2006,IY,OC
3736,192.5,5113,2712,EC,BC
3737,192.5,5116,5008,EM,MBC
3738,192.5,5118,1,ME,MBC
3739,192.5,5119,2764,CS,OC
3740,192.5,5120,2712,AD,BC
3741,192.5,5121,1,CE,BCM
3742,192.5,5123,2710,CS,OC
3743,192.5,5124,2731,AD,OC
3744,192.5,5125,2712,AD,BC
3745,192.5,5126,1399,CS,MBC
3746,192.5,5127,2005,EE,MBC
3747,192.5,5128,2005,EE,BC
3748,192.5,5129,4,AU,OC
3749,192.5,5130,2377,EC,MBC
3750,192.5,5131,1399,CS,BC
3751,192.5,5133,1211,CS,OC
3752,192.5,5134,1399,CS,BC
3753,192.5,5136,2739,AD,OC
3754,192.5,5137,1211,AD,OC
3755,192.5,5138,2615,CS,MBC
3756,192.5,5139,2006,CM,SC
3757,192.5,5141,1432,EC,OC
3758,192.5,5142,1,BY,BC
3759,192.5,5143,1399,IT,OC
3760,192.5,5144,2712,EC,BC
3761,192.5,5145,1,ME,MBC
3762,192.5,5147,2006,ME,BC
3763,192.5,5148,1,ME,MBC
3764,192.5,5149,1120,CS,OC
3765,192.5,5150,2007,EY,OC
3766,192.5,5151,2622,IT,OC
3767,192.5,5152,2740,AD,OC
3768,192.5,5153,1216,AD,OC
3769,192.5,5155,1,ME,MBC
3770,192.5,5156,5008,EE,BC
3771,192.5,5157,2706,EC,OC
3772,192.5,5158,2718,CS,OC
3773,192.5,5160,1211,IT,OC
3774,192.5,5161,1211,CS,OC
3775,192.5,5163,2712,CS,MBC
3776,192.5,5164,1211,CS,OC
3777,192.5,5165,1399,CS,BC
3778,192.5,5168,5910,CS,OC
3779,192.5,5169,4,IM,SC
3780,192.5,5170,5008,CS,SC
3781,192.5,5171,2006,BS,OC
3782,192.5,5172,1216,CS,OC
3783,192.5,5173,1216,CS,OC
3784,192.5,5174,2706,CS,OC
3785,192.5,5175,5008,EM,BC
3786,192.5,5176,1432,CS,OC
3787,192.5,5177,2712,CS,BC
3788,192.5,5178,1211,CS,OC
3789,192.5,5183,2712,CS,BCM
3790,192.5,5186,1219,EC,OC
3791,192.5,5192,1399,CS,BC
3792,192.5,5193,1211,CS,OC
3793,192.5,5194,5012,CC,BC
3794,192.5,5196,5008,IM,BC
3795,192.5,5199,2718,CS,OC
3796,192.5,5202,2712,AD,BC
3797,192.5,5203,2712,CS,BCM
3798,192.5,5204,2712,EC,BC
3799,192.5,5205,5008,CG,BC
3800,192.5,5206,2712,AD,BC
3801,192.5,5207,1211,CS,OC
3802,192.5,5208,2,PM,OC
3803,192.5,5209,1399,IT,OC
3804,192.5,5210,1399,CS,MBC
3805,192.5,5211,2006,ME,BC
3806,192.5,5212,2653,CS,OC
3807,192.5,5213,1442,AD,OC
3808,192.5,5214,1432,AM,OC
3809,192.5,5215,2007,EY,OC
3810,192.5,5216,3011,CS,OC
3811,192.5,5217,3795,AD,OC
3812,192.5,5218,2712,CS,MBC
3813,192.5,5219,2377,EC,MBC
3814,192.5,5220,1414,IT,OC
3815,192.5,5221,2615,CS,MBC
3816,192.5,5223,1,EE,SC
3817,192.5,5224,2007,EY,OC
3818,192.5,5225,1399,CS,MBC
3819,192.5,5227,1432,CS,OC
3820,192.5,5228,2702,AG,OC
3821,192.5,5229,2731,EC,OC
3822,192.5,5230,1211,CS,OC
3823,192.5,5231,5008,CW,OC
3824,192.5,5233,2712,AD,BC
3825,192.5,5235,2377,EE,BC
3826,192.5,5237,1,CE,BC
3827,192.5,5239,5008,EM,BC
3828,192.5,5241,1399,CS,BCM
3829,192.5,5242,1399,CS,BCM
3830,192.5,5243,5008,EM,MBC
3831,192.5,5244,2710,AD,OC
3832,192.5,5249,1315,BM,OC
3833,192.5,5250,2377,EE,BC
3834,192.5,5251,1399,CS,BC
3835,192.5,5259,2007,EY,OC
3836,192.5,5262,2702,CS,OC
3837,192.5,5266,2,CH,BC
3838,192.5,5271,1,BY,BC
3839,192.5,5273,2712,EC,BC
3840,192.5,5274,1414,IT,OC
3841,192.5,5275,1315,ME,OC
3842,192.5,5276,2712,CS,BC
3843,192.5,5279,1219,CS,OC
3844,192.5,5282,1399,CS,BC
3845,192.5,5284,2006,ME,BC
3846,192.5,5285,1315,ME,OC
3847,192.5,5286,1399,IT,OC
3848,192.5,5294,1315,ME,OC
3849,192.5,5296,2712,AD,BC
3850,192.5,5299,1399,CS,MBC
3851,192.5,5304,1,BY,BC
3852,192.5,5305,2710,AD,OC
3853,192.5,5306,1211,EC,OC
3854,192.5,5309,1399,CS,BC
3855,192.5,5311,2712,EC,BC
3856,192.5,5312,1442,AD,OC
3857,192.5,5313,2764,CS,OC
3858,192.5,5314,1399,CS,MBC
3859,192.5,5315,2007,CH,OC
3860,192.5,5317,1315,EE,MBC
3861,192.3,5319,1399,IT,OC
3862,192.3,5320,2006,ME,MBC
3863,192.1,5321,1399,CS,MBC
3864,192.0,5323,4,PR,OC
3865,192.0,5324,1432,CS,OC
3866,192.0,5325,5008,IM,BC
3867,192.0,5326,1211,EC,OC
3868,192.0,5327,2718,CS,OC
3869,192.0,5328,2711,CS,OC
3870,192.0,5331,2712,IT,BC
3871,192.0,5332,2006,ME,BC
3872,192.0,5333,3807,IT,OC
3873,192.0,5334,2712,AD,BC
3874,192.0,5335,1399,AM,OC
3875,192.0,5336,2712,EC,BC
3876,192.0,5337,2712,CS,MBC
3877,192.0,5338,2712,CS,MBC
3878,192.0,5339,2007,EY,OC
3879,192.0,5340,2005,EE,MBC
3880,192.0,5341,1399,AD,OC
3881,192.0,5343,5008,EM,BC
3882,192.0,5345,5008,IM,BC
3883,192.0,5346,4,IM,SC
3884,192.0,5347,2718,CS,OC
3885,192.0,5349,2005,EE,BCM
3886,192.0,5350,1432,CS,OC
3887,192.0,5354,2736,CS,OC
3888,192.0,5355,2006,CE,OC
3889,192.0,5358,1432,AD,OC
3890,192.0,5359,2615,EC,OC
3891,192.0,5361,5008,CW,OC
3892,192.0,5363,1211,CS,OC
3893,192.0,5364,2712,CS,BCM
3894,192.0,5365,1211,CS,OC
3895,192.0,5366,3011,IT,OC
3896,192.0,5367,1399,AD,OC
3897,192.0,5368,4,EC,SCA
3898,192.0,5370,1216,CS,OC
3899,192.0,5371,1399,AD,OC
3900,192.0,5373,2712,EC,BC
3901,192.0,5374,2329,AD,OC
3902,192.0,5375,2615,CS,BC
3903,192.0,5376,5008,CM,MBC
3904,192.0,5377,1399,IT,OC
3905,192.0,5378,2736,CS,OC
3906,192.0,5379,1216,CS,OC
3907,192.0,5380,2615,EC,OC
3908,192.0,5384,1399,CS,MBC
3909,192.0,5385,1399,CS,BC
3910,192.0,5386,2712,IT,BC
3911,192.0,5387,1,CE,SC
3912,192.0,5388,1413,AD,OC
3913,192.0,5390,2712,CS,MBC
3914,192.0,5391,2615,EC,OC
3915,192.0,5392,2739,AD,OC
3916,192.0,5393,1399,EE,OC
3917,192.0,5394,1399,IT,OC
3918,192.0,5395,5008,EE,BC
3919,192.0,5396,2007,EY,OC
3920,192.0,5397,2615,CS,BC
3921,192.0,5398,5008,CM,MBC
3922,192.0,5399,1211,CS,OC
3923,192.0,5400,2712,EC,BC
3924,192.0,5401,2006,ME,BC
3925,192.0,5402,2718,CS,OC
3926,192.0,5403,2718,CS,OC
3927,192.0,5404,2718,CS,OC
3928,192.0,5405,5008,EM,BC
3929,192.0,5406,2,IB,OC
3930,192.0,5407,1399,CS,BC
3931,192.0,5408,1399,CS,BC
3932,192.0,5410,1399,CS,BCM
3933,192.0,5411,2712,EC,BC
3934,192.0,5412,2005,EE,BC
3935,192.0,5413,1219,CS,OC
3936,192.0,5415,2718,CS,OC
3937,192.0,5416,1432,CS,OC
3938,192.0,5417,2764,CS,OC
3939,192.0,5418,2712,EC,MBC
3940,192.0,5419,1,CE,BC
3941,192.0,5420,1399,EC,BC
3942,192.0,5421,2007,EY,OC
3943,192.0,5422,2718,CS,OC
3944,192.0,5423,2712,AD,BC
3945,192.0,5426,1432,EC,OC
3946,192.0,5428,2709,CS,OC
3947,192.0,5429,4,EM,SC
3948,192.0,5431,5008,CG,BC
3949,192.0,5432,2718,IT,OC
3950,192.0,5433,1,XC,OC
3951,192.0,5435,2005,EI,OC
3952,192.0,5436,1432,CS,OC
3953,192.0,5437,2005,EI,OC
3954,192.0,5438,2718,CS,OC
3955,192.0,5439,2718,CS,OC
3956,192.0,5441,4974,CS,OC
3957,192.0,5442,1399,CS,BC
3958,192.0,5443,1399,CS,BC
3959,192.0,5444,1399,AM,OC
3960,192.0,5445,1399,CS,BC
3961,192.0,5446,2615,CS,MBC
3962,192.0,5447,2712,AD,BC
3963,192.0,5448,1315,ME,OC
3964,192.0,5450,1211,AL,OC
3965,192.0,5451,5008,CG,BC
3966,192.0,5452,2739,CS,OC
3967,192.0,5455,2706,CS,OC
3968,192.0,5456,2,IB,OC
3969,192.0,5457,1414,CS,BC
3970,192.0,5458,2718,CS,OC
3971,192.0,5459,2005,EE,BC
3972,192.0,5460,2007,EE,MBC
3973,192.0,5461,1,GI,OC
3974,192.0,5462,1,IM,SCA
3975,192.0,5463,2006,ME,BCM
3976,192.0,5464,2712,EC,BC
3977,192.0,5466,2712,AD,MBC
3978,192.0,5467,1,GI,OC
3979,192.0,5468,3,BP,OC
3980,192.0,5469,2702,CS,OC
3981,192.0,5471,1414,IT,OC
3982,192.0,5472,1399,AD,OC
3983,192.0,5474,1399,IT,OC
3984,192.0,5476,1432,EC,OC
3985,192.0,5477,2718,CS,OC
3986,192.0,5479,2702,CS,OC
3987,192.0,5480,2712,CS,MBC
3988,192.0,5481,2,FS,OC
3989,192.0,5482,2708,IT,OC
3990,192.0,5483,1432,CS,OC
3991,192.0,5484,2702,AL,OC
3992,192.0,5486,2377,EE,BC
3993,192.0,5488,3830,AD,OC
3994,192.0,5489,2007,EY,OC
3995,192.0,5491,1399,CS,BC
3996,192.0,5492,4974,CS,OC
3997,192.0,5493,2764,IT,OC
3998,192.0,5494,1399,SC,OC
3999,192.0,5496,2712,EE,OC
4000,192.0,5497,1399,EC,MBC
4001,192.0,5498,1399,CS,BCM
4002,192.0,5499,1211,CS,OC
4003,192.0,5500,2007,CS,SC
4004,192.0,5501,2718,CS,OC
4005,192.0,5502,1399,AD,OC
4006,192.0,5503,5008,EM,BC
4007,192.0,5505,1399,CS,MBC
4008,192.0,5506,2706,CS,OC
4009,192.0,5507,5901,CS,OC
4010,192.0,5508,2005,EE,MBC
4011,192.0,5510,1211,SC,OC
4012,192.0,5511,5008,EY,OC
4013,192.0,5512,5008,EM,MBC
4014,192.0,5514,2718,EC,OC
4015,192.0,5515,2712,IT,BCM
4016,192.0,5516,4,AU,OC
4017,192.0,5520,1399,CS,MBC
4018,192.0,5521,5012,CC,SC
4019,192.0,5522,2615,EC,OC
4020,192.0,5523,1315,BM,OC
4021,192.0,5524,2005,EI,OC
4022,192.0,5525,2622,AD,OC
4023,192.0,5526,1399,CS,BC
4024,192.0,5530,2708,CS,OC
4025,192.0,5532,2006,ME,BC
4026,192.0,5533,1399,EC,BC
4027,192.0,5536,2006,MT,OC
4028,192.0,5537,2712,EE,OC
4029,192.0,5539,2712,EE,OC
4030,192.0,5540,1399,IT,OC
4031,192.0,5541,2712,CS,MBC
4032,192.0,5542,2739,IT,OC
4033,192.0,5545,2718,CS,OC
4034,192.0,5546,1399,AD,OC
4035,192.0,5547,2712,CS,MBC
4036,192.0,5548,2718,CS,OC
4037,192.0,5550,1,MI,OC
4038,192.0,5551,2615,CS,BC
4039,192.0,5552,1219,CS,OC
4040,192.0,5553,2712,AD,BC
4041,192.0,5556,2718,CS,OC
4042,192.0,5558,5008,IM,BC
4043,192.0,5559,2710,AD,OC
4044,192.0,5560,2718,AD,OC
4045,192.0,5561,2712,IT,BC
4046,192.0,5562,1399,AD,OC
4047,192.0,5565,2007,EE,MBC
4048,192.0,5566,2711,CS,OC
4049,192.0,5567,1399,CS,BC
4050,192.0,5568,2615,EC,OC
4051,192.0,5569,2622,AD,OC
4052,192.0,5572,5008,EM,MBC
4053,192.0,5573,2712,AD,BC
4054,192.0,5576,2,PP,OC
4055,192.0,5577,2739,CS,OC
4056,192.0,5578,1315,ME,MBC
4057,192.0,5579,5008,CW,OC
4058,192.0,5580,1399,EV,OC
4059,192.0,5581,5008,EY,OC
4060,192.0,5582,1211,CS,OC
4061,192.0,5583,2712,EC,BC
4062,192.0,5586,2712,CS,MBC
4063,192.0,5587,1399,AD,OC
4064,192.0,5588,1399,EC,BC
4065,192.0,5589,5008,IM,BC
4066,192.0,5590,4,EM,SC
4067,192.0,5591,1315,ME,BC
4068,192.0,5592,2718,CS,OC
4069,192.0,5593,1399,IT,OC
4070,192.0,5594,2718,CS,OC
4071,192.0,5595,5008,EE,BC
4072,192.0,5596,2718,CS,OC
4073,192.0,5598,5008,IM,BC
4074,192.0,5599,5008,CM,BCM
4075,192.0,5601,1211,AD,OC
4076,192.0,5612,1211,CS,OC
4077,192.0,5614,2718,CS,OC
4078,192.0,5615,2718,CS,OC
4079,192.0,5616,5008,EE,MBC
4080,192.0,5618,1219,CS,OC
4081,192.0,5620,2615,CS,MBC
4082,192.0,5621,2712,EC,BC
4083,192.0,5622,2712,AD,MBC
4084,192.0,5624,5008,IM,BC
4085,192.0,5626,2007,EY,BC
4086,192.0,5628,1399,IT,OC
4087,192.0,5632,5008,IM,BC
4088,192.0,5633,2718,CS,OC
4089,192.0,5634,2005,EI,OC
4090,192.0,5636,5010,CS,OC
4091,192.0,5638,1399,AM,OC
4092,192.0,5640,2718,CS,OC
4093,192.0,5642,2702,CS,OC
4094,192.0,5644,5008,IM,MBC
4095,192.0,5645,1315,BM,OC
4096,192.0,5646,2712,CS,MBC
4097,192.0,5647,2739,EC,OC
4098,192.0,5648,2718,CS,BC
4099,192.0,5649,4,AU,OC
4100,192.0,5650,2007,ME,OC
4101,192.0,5651,2740,AD,OC
4102,192.0,5654,5008,EM,BC
4103,192.0,5655,5008,EM,BC
4104,192.0,5656,2005,EE,BC
4105,192.0,5657,5008,EM,BC
4106,192.0,5658,1399,CS,MBC
4107,192.0,5659,2377,EE,BC
4108,192.0,5660,1399,AM,OC
4109,192.0,5661,1424,AD,OC
4110,192.0,5662,2377,EE,MBC
4111,192.0,5664,2006,CE,OC
4112,192.0,5665,1399,EC,BC
4113,192.0,5666,2006,RA,BC
4114,192.0,5667,1315,CS,SC
4115,192.0,5668,1315,BM,OC
4116,192.0,5669,4,IM,SC
4117,192.0,5670,5012,CC,SC
4118,192.0,5671,5008,IM,BC
4119,192.0,5673,5008,CG,MBC
4120,192.0,5674,2006,ME,MBC
4121,192.0,5676,1399,SC,OC
4122,192.0,5677,2706,CS,OC
4123,192.0,5678,4,AU,OC
4124,192.0,5680,5008,CW,OC
4125,192.0,5681,5008,IM,MBC
4126,192.0,5682,5,CS,OC
4127,192.0,5683,2718,AD,OC
4128,192.0,5684,2007,EY,BC
4129,192.0,5685,1211,CS,OC
4130,192.0,5686,2615,CS,BC
4131,192.0,5688,1442,AD,OC
4132,192.0,5689,1399,CS,BC
4133,192.0,5690,2712,AD,MBC
4134,192.0,5691,2739,CS,OC
4135,192.0,5692,2718,CS,BC
4136,192.0,5693,2718,CS,BC
4137,192.0,5694,1419,AD,OC
4138,192.0,5695,2006,ME,BC
4139,192.0,5696,1399,IT,OC
4140,192.0,5698,2712,EE,OC
4141,192.0,5699,1315,ME,BC
4142,192.0,5700,5012,CC,BC
4143,192.0,5702,2718,CS,BC
4144,192.0,5703,5008,IM,BC
4145,192.0,5704,3806,CS,OC
4146,192.0,5706,5901,CS,OC
4147,192.0,5707,2615,CS,MBC
4148,192.0,5708,2718,CS,BC
4149,192.0,5709,4,AU,OC
4150,192.0,5712,1399,IT,OC
4151,192.0,5714,1399,AD,OC
4152,192.0,5715,2615,CS,MBC
4153,192.0,5717,2710,CS,OC
4154,192.0,5718,1315,ME,BC
4155,192.0,5719,1315,CS,SC
4156,192.0,5721,1399,CS,BC
4157,192.0,5722,4,AU,OC
4158,192.0,5723,2718,EC,OC
4159,192.0,5726,2,CH,BC
4160,192.0,5729,5008,EM,BC
4161,192.0,5730,1211,CS,OC
4162,192.0,5731,5008,EY,OC
4163,192.0,5732,5008,IM,MBC
4164,192.0,5734,2718,IT,OC
4165,192.0,5735,5008,EM,MBC
4166,192.0,5737,1317,SC,OC
4167,192.0,5740,5008,EM,MBC
4168,192.0,5741,2,CH,MBC
4169,192.0,5742,2710,AD,OC
4170,192.0,5743,1450,CS,OC
4171,192.0,5744,1399,IT,OC
4172,192.0,5745,1211,AL,OC
4173,192.0,5746,4960,CS,OC
4174,192.0,5750,1,BY,BC
4175,192.0,5751,2718,IT,OC
4176,192.0,5752,2704,CS,OC
4177,192.0,5753,1399,CS,MBC
4178,192.0,5754,2006,MT,OC
4179,192.0,5755,2764,CS,OC
4180,192.0,5756,1399,CS,BC
4181,192.0,5757,2712,EC,BC
4182,192.0,5759,2712,AE,OC
4183,192.0,5760,1399,AD,OC
4184,192.0,5763,5008,EM,MBC
4185,192.0,5764,2005,EI,OC
4186,192.0,5765,2731,IT,OC
4187,192.0,5766,2712,IT,BC
4188,192.0,5767,2712,IT,BCM
4189,192.0,5768,1399,CS,BC
4190,192.0,5769,2006,RA,BC
4191,192.0,5770,2731,AD,OC
4192,192.0,5771,1216,CS,OC
4193,192.0,5773,1399,CS,MBC
4194,192.0,5774,5008,EE,BC
4195,192.0,5775,1219,EC,OC
4196,192.0,5776,1306,AO,OC
4197,192.0,5777,5008,EM,BC
4198,192.0,5779,2712,AE,OC
4199,192.0,5780,2718,CS,BC
4200,192.0,5782,1317,CS,OC
4201,192.0,5789,2702,CS,OC
4202,192.0,5790,2712,EE,OC
4203,192.0,5792,1399,CS,MBC
4204,192.0,5793,2706,AD,OC
4205,192.0,5794,2,CH,BC
4206,192.0,5795,1399,IT,OC
4207,192.0,5798,2718,CS,BC
4208,192.0,5802,2006,CM,SCA
4209,192.0,5803,2712,CS,MBC
4210,192.0,5805,3465,CS,OC
4211,192.0,5806,1122,CS,OC
4212,192.0,5808,2712,IT,BC
4213,192.0,5810,1,BY,BC
4214,192.0,5817,1315,ME,BC
4215,192.0,5819,1315,CS,SC
4216,192.0,5826,5008,EE,BC
4217,192.0,5834,1315,ME,MBC
4218,192.0,5845,1315,CS,SC
4219,192.0,5849,1399,EC,MBC
4220,192.0,5851,1315,CS,SC
4221,192.0,5854,1,BY,BC
4222,192.0,5857,2,IS,OC
4223,192.0,5860,1399,CS,BC
4224,192.0,5870,1211,CS,OC
4225,192.0,5885,2718,AD,OC
4226,192.0,5886,2005,EI,OC
4227,192.0,5892,2006,CE,OC
4228,192.0,5894,1414,CS,BC
4229,192.0,5895,2006,ME,BC
4230,192.0,5897,1399,AD,OC
4231,192.0,5899,1211,EC,OC
4232,192.0,5900,2750,CS,OC
4233,192.0,5903,4974,EC,OC
4234,192.0,5906,1013,CS,OC
4235,192.0,5907,1450,CS,OC
4236,192.0,5910,2712,CS,MBC
4237,192.0,5911,2615,EC,OC
4238,192.0,5913,2718,CS,BC
4239,192.0,5914,1399,CS,MBC
4240,192.0,5915,2711,AD,OC
4241,192.0,5916,1219,BT,OC
4242,192.0,5917,1,MI,OC
4243,192.0,5919,2718,CS,BC
4244,192.0,5921,2615,CS,MBC
4245,192.0,5924,2712,AD,BC
4246,192.0,5926,5008,IM,BC
4247,192.0,5929,1442,AD,BC
4248,192.0,5931,2006,ES,OC
4249,192.0,5932,1317,IT,OC
4250,192.0,5934,1414,CS,BCM
4251,192.0,5935,2,CH,BC
4252,192.0,5938,2005,EE,BC
4253,191.7,5943,2739,CS,OC
4254,191.5,5946,2,CH,BC
4255,191.5,5947,1,IE,OC
4256,191.5,5948,2712,CS,MBC
4257,191.5,5949,1399,CS,BC
4258,191.5,5950,1432,AM,OC
4259,191.5,5951,4917,CS,OC
4260,191.5,5952,2712,IT,BC
4261,191.5,5957,4960,CS,OC
4262,191.5,5960,2712,CS,MBC
4263,191.5,5961,2,CH,MBC
4264,191.5,5962,5008,IM,MBC
4265,191.5,5963,2615,EC,OC
4266,191.5,5964,2710,SC,OC
4267,191.5,5965,2739,SC,OC
4268,191.5,5967,5008,EE,BC
4269,191.5,5968,2712,AD,BC
4270,191.5,5969,2718,CS,BC
4271,191.5,5970,5008,IM,BC
4272,191.5,5972,2712,EC,MBC
4273,191.5,5973,1311,AO,OC
4274,191.5,5974,2622,CS,OC
4275,191.5,5975,2719,CS,OC
4276,191.5,5976,2712,EC,MBC
4277,191.5,5977,2726,AL,OC
4278,191.5,5978,2712,IT,MBC
4279,191.5,5979,1414,CS,MBC
4280,191.5,5980,2615,CS,MBC
4281,191.5,5982,2615,CS,BC
4282,191.5,5983,2722,CS,OC
4283,191.5,5984,1399,AD,OC
4284,191.5,5985,1399,CS,MBC
4285,191.5,5986,2702,CS,OC
4286,191.5,5987,2006,AS,OC
4287,191.5,5988,1211,CS,OC
4288,191.5,5990,2005,EE,BC
4289,191.5,5991,3,BP,OC
4290,191.5,5992,2718,IT,OC
4291,191.5,5993,2718,CS,MBC
4292,191.5,5994,1399,AD,OC
4293,191.5,5995,1,CS,ST
4294,191.5,5996,2712,EE,OC
4295,191.5,5997,2005,CS,SC
4296,191.5,5999,4959,CS,OC
4297,191.5,6000,1432,AD,OC
4298,191.5,6001,2718,IT,OC
4299,191.5,6003,1,ME,SC
4300,191.5,6004,1399,AD,OC
4301,191.5,6006,1399,SC,OC
4302,191.5,6007,1211,CS,OC
4303,191.5,6008,2718,AD,OC
4304,191.5,6010,3011,CS,OC
4305,191.5,6011,4,AU,OC
4306,191.5,6012,1211,AD,OC
4307,191.5,6013,2712,IT,BC
4308,191.5,6014,2006,RA,MBC
4309,191.5,6015,2618,AD,OC
4310,191.5,6018,1399,AD,OC
4311,191.5,6019,1399,CS,BC
4312,191.5,6020,2005,EE,MBC
4313,191.5,6021,1399,CS,BC
4314,191.5,6022,5008,IM,BC
4315,191.5,6023,2711,CS,OC
4316,191.5,6024,5008,IM,MBC
4317,191.5,6026,2719,AD,OC
4318,191.5,6027,1,MA,OC
4319,191.5,6028,3830,IT,OC
4320,191.5,6030,1399,AD,OC
4321,191.5,6032,2712,EC,BC
4322,191.5,6034,1317,EC,OC
4323,191.5,6035,2615,EC,OC
4324,191.5,6036,1399,CS,MBC
4325,191.5,6038,4,IM,SC
4326,191.5,6039,1399,CS,BCM
4327,191.5,6041,5901,CS,OC
4328,191.5,6042,2739,AD,OC
4329,191.5,6043,2615,EC,OC
4330,191.5,6047,2712,IT,BC
4331,191.5,6048,2712,AD,BC
4332,191.5,6049,1399,MZ,OC
4333,191.5,6050,5008,CG,BC
4334,191.5,6051,1317,CS,OC
4335,191.5,6052,2711,CS,OC
4336,191.5,6053,5008,IM,BC
4337,191.5,6055,2712,CS,MBC
4338,191.5,6057,1,EM,SCA
4339,191.5,6058,5008,EY,OC
4340,191.5,6059,1219,CS,OC
4341,191.5,6060,2006,BY,OC
4342,191.5,6062,2006,ME,BC
4343,191.5,6066,5901,CS,OC
4344,191.5,6068,2615,CS,BC
4345,191.5,6071,1399,EC,BC
4346,191.5,6072,5008,CG,BC
4347,191.5,6073,1399,CS,BC
4348,191.5,6074,5901,CS,OC
4349,191.5,6075,2615,CS,BC
4350,191.5,6076,5008,CG,BC
4351,191.5,6077,2712,IT,BC
4352,191.5,6078,2005,IT,SC
4353,191.5,6082,3819,CS,OC
4354,191.5,6086,4974,EC,OC
4355,191.5,6088,1,MI,OC
4356,191.5,6090,4,IM,SC
4357,191.5,6094,2712,IT,BC
4358,191.5,6096,2615,CS,BC
4359,191.5,6097,2710,CS,OC
4360,191.5,6099,1,GI,OC
4361,191.5,6100,5901,CS,OC
4362,191.5,6102,2712,IT,BC
4363,191.5,6103,2006,ME,MBC
4364,191.5,6106,2712,IT,MBC
4365,191.5,6107,2712,EC,BC
4366,191.5,6109,5910,CS,OC
4367,191.5,6110,1399,ME,OC
4368,191.5,6111,2712,AD,MBC
4369,191.5,6112,2764,AD,OC
4370,191.5,6114,2718,CS,BC
4371,191.5,6115,1399,AD,OC
4372,191.5,6116,1219,CS,OC
4373,191.5,6117,5008,EE,MBC
4374,191.5,6118,2750,CS,OC
4375,191.5,6119,1219,CS,OC
4376,191.5,6120,4974,EC,OC
4377,191.5,6121,3425,AD,OC
4378,191.5,6122,2,CH,MBC
4379,191.5,6123,2,CL,OC
4380,191.5,6126,1315,CS,SC
4381,191.5,6127,2712,EC,MBC
4382,191.5,6128,5008,EM,MBC
4383,191.5,6129,2764,CS,OC
4384,191.5,6130,1399,CS,BC
4385,191.5,6131,2329,AD,OC
4386,191.5,6132,1419,EC,OC
4387,191.5,6133,1399,IT,OC
4388,191.5,6134,2005,EE,BC
4389,191.5,6135,2005,ME,OC
4390,191.5,6136,2712,CS,MBC
4391,191.5,6138,2006,CE,OC
4392,191.5,6140,2718,IT,OC
4393,191.5,6141,3,BP,OC
4394,191.5,6143,5901,CS,OC
4395,191.5,6144,2622,EC,OC
4396,191.5,6145,2712,IT,BC
4397,191.5,6146,2005,EE,BC
4398,191.5,6149,1211,CS,OC
4399,191.5,6150,1219,EC,OC
4400,191.5,6151,1432,AM,OC
4401,191.5,6152,2712,IT,BC
4402,191.5,6155,2006,RA,MBC
4403,191.5,6156,2712,IT,BCM
4404,191.5,6163,2712,EC,BC
4405,191.5,6165,2718,AD,OC
4406,191.5,6166,5008,EE,MBC
4407,191.5,6167,2739,EC,OC
4408,191.5,6168,2702,CS,OC
4409,191.5,6169,2712,AD,MBC
4410,191.5,6171,5008,IM,MBC
4411,191.5,6173,4,IM,SC
4412,191.5,6174,2718,EC,OC
4413,191.5,6175,4974,CS,BCM
4414,191.5,6177,1399,EC,MBC
4415,191.5,6178,1399,AD,OC
4416,191.5,6179,1399,CS,BC
4417,191.5,6180,2764,CS,OC
4418,191.5,6181,2712,IT,BC
4419,191.5,6182,2706,CS,OC
4420,191.5,6184,2739,CS,OC
4421,191.5,6185,2710,IT,OC
4422,191.5,6186,1432,AD,OC
4423,191.5,6187,2764,AM,OC
4424,191.5,6188,2739,AD,OC
4425,191.5,6190,5986,CS,OC
4426,191.5,6191,2710,AD,OC
4427,191.5,6192,1414,CS,BC
4428,191.5,6193,1211,CS,OC
4429,191.5,6194,2712,EC,BC
4430,191.5,6196,2739,AD,OC
4431,191.5,6197,1399,CS,BC
4432,191.5,6198,2718,IT,OC
4433,191.5,6199,2006,IY,OC
4434,191.5,6200,5008,EY,OC
4435,191.5,6201,1399,CS,BC
4436,191.5,6202,2718,CS,MBC
4437,191.5,6203,5008,CW,OC
4438,191.5,6206,1399,AD,BC
4439,191.5,6207,2615,CS,BC
4440,191.5,6208,2712,EC,BC
4441,191.5,6209,1399,CS,BC
4442,191.5,6210,5008,CG,BC
4443,191.5,6211,2718,CS,BC
4444,191.5,6212,5008,EE,MBC
4445,191.5,6214,1432,CS,OC
4446,191.5,6215,2006,ME,BC
4447,191.5,6216,2,CH,MBC
4448,191.5,6217,3819,CS,OC
4449,191.5,6220,1211,CS,BC
4450,191.5,6221,2712,EC,MBC
4451,191.5,6223,2329,AD,OC
4452,191.5,6229,2739,CS,OC
4453,191.5,6230,1419,AD,OC
4454,191.5,6231,1399,CS,MBC
4455,191.5,6232,1311,AE,OC
4456,191.5,6233,2712,EC,BC
4457,191.5,6234,1399,EC,BC
4458,191.5,6238,2718,CS,MBC
4459,191.5,6239,1399,CS,BC
4460,191.5,6241,5901,CS,OC
4461,191.5,6242,2718,AD,OC
4462,191.5,6243,4974,CS,BCM
4463,191.5,6244,2712,IT,BC
4464,191.5,6248,2712,IT,BC
4465,191.5,6249,2718,CS,BCM
4466,191.5,6251,1399,CS,MBC
4467,191.5,6252,1219,CS,OC
4468,191.5,6253,2006,RA,MBC
4469,191.5,6254,5008,EE,BC
4470,191.5,6255,2615,EC,OC
4471,191.5,6256,1399,AD,BC
4472,191.5,6257,2005,CE,OC
4473,191.5,6258,4,AU,OC
4474,191.5,6260,2764,AD,OC
4475,191.5,6261,2712,AD,BC
4476,191.5,6262,1,MN,OC
4477,191.5,6263,5008,IM,MBC
4478,191.5,6264,5986,CS,OC
4479,191.5,6266,2615,EC,OC
4480,191.5,6267,1,MN,OC
4481,191.5,6269,1399,CS,MBC
4482,191.5,6270,2711,AD,OC
4483,191.5,6271,2739,CS,OC
4484,191.5,6272,2709,IT,OC
4485,191.5,6275,4,IM,SC
4486,191.5,6276,1304,CS,OC
4487,191.5,6279,1,GI,OC
4488,191.5,6280,2005,EE,MBC
4489,191.5,6282,2712,AD,BC
4490,191.5,6284,2764,AD,OC
4491,191.5,6286,4944,CS,OC
4492,191.5,6288,4974,CS,BC
4493,191.5,6289,5008,CG,BC
4494,191.5,6290,2005,EI,OC
4495,191.5,6291,5008,EE,BC
4496,191.5,6292,1399,AM,OC
4497,191.5,6295,2718,AD,OC
4498,191.5,6296,2007,EY,BC
4499,191.5,6297,2005,EE,BC
4500,191.5,6299,5008,CW,OC
4501,191.5,6300,1113,CS,OC
4502,191.5,6301,1113,CS,OC
4503,191.5,6302,2718,CS,BC
4504,191.5,6303,2006,CE,BC
4505,191.5,6304,2712,CS,MBC
4506,191.5,6306,2007,EY,MBC
4507,191.5,6307,2712,IT,BC
4508,191.5,6308,2769,FD,OC
4509,191.5,6312,1315,ME,BC
4510,191.5,6314,2006,ME,BC
4511,191.5,6317,1315,ME,MBC
4512,191.5,6321,2006,MF,OC
4513,191.5,6322,5008,CG,MBC
4514,191.5,6325,4,IM,SC
4515,191.5,6326,2710,IT,OC
4516,191.5,6327,2005,EE,BC
4517,191.5,6330,2712,CS,MBC
4518,191.5,6333,2007,EY,MBC
4519,191.5,6335,2377,AD,SC
4520,191.5,6339,5008,ME,OC
4521,191.5,6341,2729,AD,OC
4522,191.5,6342,2764,CS,OC
4523,191.5,6343,2006,BS,BC
4524,191.5,6344,2712,AD,MBC
4525,191.5,6345,1399,CS,MBC
4526,191.5,6346,2005,EE,MBC
4527,191.5,6347,2718,CS,BC
4528,191.5,6348,2712,IT,BC
4529,191.5,6349,2006,IY,OC
4530,191.5,6350,2718,AD,OC
4531,191.5,6351,1219,CS,OC
4532,191.5,6354,4,AE,SC
4533,191.5,6359,5008,EE,BC
4534,191.5,6360,2005,ME,OC
4535,191.5,6361,2712,CS,MBC
4536,191.5,6362,1399,EC,MBC
4537,191.5,6364,5008,EY,OC
4538,191.5,6365,2764,CS,OC
4539,191.5,6367,1211,CS,BC
4540,191.5,6370,2377,EE,BC
4541,191.5,6371,4960,CS,OC
4542,191.5,6372,5008,CE,OC
4543,191.5,6373,2007,ME,OC
4544,191.5,6375,2712,EC,BC
4545,191.5,6376,2712,IT,BC
4546,191.5,6377,1,IE,OC
4547,191.5,6378,1399,AD,BC
4548,191.5,6379,2,CH,BC
4549,191.5,6380,1013,CS,OC
4550,191.5,6382,2712,EC,BC
4551,191.5,6383,1211,CS,SC
4552,191.5,6388,2712,EC,BC
4553,191.5,6389,5008,EM,MBC
4554,191.5,6390,2710,CS,OC
4555,191.5,6392,2718,EC,OC
4556,191.5,6394,2006,ME,MBC
4557,191.5,6399,2377,AD,SC
4558,191.5,6401,1315,BM,OC
4559,191.5,6402,2611,BM,OC
4560,191.5,6406,1399,CS,BC
4561,191.5,6408,2,IS,OC
4562,191.5,6411,1399,IT,OC
4563,191.5,6412,2739,CB,OC
4564,191.5,6413,1450,IT,OC
4565,191.5,6423,2,FS,OC
4566,191.5,6427,1399,AM,OC
4567,191.5,6430,2377,EE,BC
4568,191.5,6432,1450,CS,OC
4569,191.5,6445,2,CL,OC
4570,191.5,6448,2,CL,OC
4571,191.5,6450,2377,CS,SC
4572,191.5,6451,2,IB,BC
4573,191.5,6453,2006,ME,BC
4574,191.5,6454,1399,CS,BC
4575,191.5,6456,1315,ME,BC
4576,191.5,6458,1304,BT,OC
4577,191.5,6459,5008,CG,MBC
4578,191.5,6461,1315,ME,BCM
4579,191.5,6465,4962,EC,OC
4580,191.5,6466,1399,CS,BC
4581,191.5,6469,1414,CS,BC
4582,191.5,6470,2,CH,BC
4583,191.5,6480,1399,CS,BC
4584,191.5,6481,2,CH,BC
4585,191.5,6486,2006,ME,BC
4586,191.5,6489,2,IB,BC
4587,191.5,6493,1399,CS,BC
4588,191.5,6497,2712,CS,MBC
4589,191.5,6499,2710,AD,OC
4590,191.5,6500,2377,EE,BC
4591,191.5,6504,2006,ME,BC
4592,191.5,6502,2006,CE,MBC
4593,191.5,6506,1,ME,SC
4594,191.5,6509,1399,CS,BC
4595,191.5,6511,1,MN,OC
4596,191.5,6515,4,AE,SC
4597,191.5,6516,1399,CS,BC
4598,191.5,6517,2712,AD,BC
4599,191.5,6518,1311,AO,OC
4600,191.5,6519,2005,EE,MBC
4601,191.5,6520,2712,EE,OC
4602,191.5,6521,2718,CS,MBC
4603,191.5,6526,1399,AM,OC
4604,191.5,6527,1432,CS,OC
4605,191.5,6528,2718,CS,MBC
4606,191.5,6530,1211,IT,OC
4607,191.5,6532,2005,EE,BCM
4608,191.5,6533,2712,IT,BC
4609,191.5,6534,2718,CS,MBC
4610,191.5,6536,1399,CS,BC
4611,191.5,6538,1211,IT,OC
4612,191.5,6539,2711,CS,OC
4613,191.5,6540,2006,ES,OC
4614,191.5,6541,1219,CS,OC
4615,191.5,6542,2006,IM,SC
4616,191.5,6544,5901,CS,OC
4617,191.5,6547,1399,EV,OC
4618,191.5,6549,1315,ME,BC
4619,191.5,6553,4,AU,OC
4620,191.5,6554,2005,EE,BC
4621,191.5,6555,2718,CS,BC
4622,191.5,6556,2622,AD,OC
4623,191.5,6557,2615,EC,BC
4624,191.5,6558,1414,CS,BC
4625,191.5,6559,1211,AL,OC
4626,191.5,6563,1211,EC,OC
4627,191.5,6565,2718,CS,BC
4628,191.5,6567,1424,AD,OC
4629,191.5,6568,1399,CS,MBC
4630,191.3,6571,1399,SC,OC
4631,191.2,6572,1399,EV,OC
4632,191.1,6573,1399,AD,BC
4633,191.0,6574,2718,CS,BC
4634,191.0,6575,2005,EE,MBC
4635,191.0,6578,3701,CS,OC
4636,191.0,6579,2712,IT,MBC
4637,191.0,6580,2718,CS,BC
4638,191.0,6581,2706,CS,OC
4639,191.0,6585,1432,CS,OC
4640,191.0,6586,1399,EC,BC
4641,191.0,6587,2712,EE,OC
4642,191.0,6588,2718,EC,OC
4643,191.0,6589,1399,CS,BC
4644,191.0,6590,1399,AD,BC
4645,191.0,6591,1422,CS,OC
4646,191.0,6593,2718,IT,OC
4647,191.0,6594,5008,EM,MBC
4648,191.0,6595,2007,EY,MBC
4649,191.0,6596,2718,IT,OC
4650,191.0,6597,1219,CS,OC
4651,191.0,6598,5008,EM,MBC
4652,191.0,6599,2710,AD,OC
4653,191.0,6600,1211,CS,BC
4654,191.0,6602,2739,CS,OC
4655,191.0,6605,2718,CS,MBC
4656,191.0,6606,2,PP,OC
4657,191.0,6607,2615,EC,MBC
4658,191.0,6608,2712,CS,MBC
4659,191.0,6609,5008,IM,BCM
4660,191.0,6610,2764,CS,OC
4661,191.0,6611,2718,EC,OC
4662,191.0,6614,5008,CW,BC
4663,191.0,6615,2739,IT,OC
4664,191.0,6616,1210,CS,OC
4665,191.0,6617,2718,EC,OC
4666,191.0,6619,5012,CC,MBC
4667,191.0,6620,1216,CS,OC
4668,191.0,6621,2615,EC,MBC
4669,191.0,6622,1399,IT,OC
4670,191.0,6623,2006,ME,MBC
4671,191.0,6625,2711,CS,OC
4672,191.0,6626,2718,EC,OC
4673,191.0,6628,1317,EC,OC
4674,191.0,6631,2718,IT,OC
4675,191.0,6632,2006,IY,OC
4676,191.0,6634,2377,EE,BCM
4677,191.0,6635,5008,CW,BC
4678,191.0,6636,1315,BM,OC
4679,191.0,6637,1419,EC,OC
4680,191.0,6639,2615,EC,MBC
4681,191.0,6641,1,EL,SC
4682,191.0,6642,1399,AD,MBC
4683,191.0,6643,4,AU,MBC
4684,191.0,6646,5008,EE,BC
4685,191.0,6647,5008,CW,BC
4686,191.0,6648,4,AU,BC
4687,191.0,6649,2718,AD,OC
4688,191.0,6652,2006,BS,BC
4689,191.0,6653,2712,EC,MBC
4690,191.0,6655,2006,IY,OC
4691,191.0,6657,2718,AD,OC
4692,191.0,6659,2710,CS,OC
4693,191.0,6660,2007,IM,SC
4694,191.0,6661,1211,CS,BC
4695,191.0,6663,1,GI,OC
4696,191.0,6665,2615,CS,BCM
4697,191.0,6666,4962,CS,OC
4698,191.0,6667,2618,CS,OC
4699,191.0,6668,2718,IT,OC
4700,191.0,6672,5901,EC,OC
4701,191.0,6673,1399,AD,BC
4702,191.0,6674,2702,IT,OC
4703,191.0,6675,2740,CS,OC
4704,191.0,6676,1399,CS,MBC
4705,191.0,6677,1120,CS,OC
4706,191.0,6678,1399,CS,BC
4707,191.0,6679,1,ME,SC
4708,191.0,6680,1432,CS,OC
4709,191.0,6681,2739,AD,OC
4710,191.0,6682,4,AU,BC
4711,191.0,6685,1,CE,SC
4712,191.0,6687,2005,ME,OC
4713,191.0,6688,1311,EC,OC
4714,191.0,6689,2615,EC,MBC
4715,191.0,6690,2712,IT,MBC
4716,191.0,6691,1315,ME,MBC
4717,191.0,6693,2622,CS,OC
4718,191.0,6695,3011,IT,OC
4719,191.0,6696,1211,CS,BC
4720,191.0,6697,1315,ME,MBC
4721,191.0,6699,2718,AD,OC
4722,191.0,6700,2615,EC,BC
4723,191.0,6701,1216,CS,OC
4724,191.0,6703,2712,AD,MBC
4725,191.0,6704,1432,AD,OC
4726,191.0,6705,1399,CS,BC
4727,191.0,6706,4959,CS,OC
4728,191.0,6707,2708,EC,OC
4729,191.0,6709,1399,CS,BC
4730,191.0,6710,2710,CS,OC
4731,191.0,6711,5008,EY,OC
4732,191.0,6713,2025,EC,OC
4733,191.0,6714,2615,CS,BC
4734,191.0,6717,2005,EI,OC
4735,191.0,6718,1399,CB,OC
4736,191.0,6720,5901,EC,OC
4737,191.0,6721,1,GI,OC
4738,191.0,6722,1413,AD,OC
4739,191.0,6723,1399,EC,BC
4740,191.0,6726,2718,EC,OC
4741,191.0,6727,1414,CS,BC
4742,191.0,6730,5012,CC,MBC
4743,191.0,6731,2739,EC,OC
4744,191.0,6732,2615,EC,BC
4745,191.0,6733,1315,CH,OC
4746,191.0,6734,1399,CS,BC
4747,191.0,6737,2718,EC,OC
4748,191.0,6738,1315,BM,BC
4749,191.0,6739,1,MA,OC
4750,191.0,6741,2718,CS,BC
4751,191.0,6744,1399,CS,SC
4752,191.0,6746,1399,EC,BCM
4753,191.0,6747,2712,IT,MBC
4754,191.0,6749,1216,CS,OC
4755,191.0,6750,2718,CS,MBC
4756,191.0,6751,1399,ME,OC
4757,191.0,6752,1211,CS,BC
4758,191.0,6753,5022,CS,OC
4759,191.0,6754,2005,IT,SC
4760,191.0,6755,1399,CS,MBC
4761,191.0,6756,1,ME,SC
4762,191.0,6757,2718,CS,MBC
4763,191.0,6758,2712,AE,OC
4764,191.0,6759,1315,BM,BC
4765,191.0,6760,2718,IT,OC
4766,191.0,6761,2005,EE,BC
4767,191.0,6762,2007,ME,OC
4768,191.0,6763,2006,IM,SC
4769,191.0,6764,2006,CE,BC
4770,191.0,6765,1211,CS,MBC
4771,191.0,6766,1399,CS,MBC
4772,191.0,6767,2718,CS,BC
4773,191.0,6768,2702,CS,OC
4774,191.0,6769,1216,AD,OC
4775,191.0,6770,5008,CG,MBC
4776,191.0,6771,2615,EC,MBC
4777,191.0,6772,2,PP,OC
4778,191.0,6773,1399,SC,OC
4779,191.0,6774,2739,CS,OC
4780,191.0,6778,4,EI,SC
4781,191.0,6781,2,CL,OC
4782,191.0,6782,5008,CW,MBC
4783,191.0,6783,2712,EE,OC
4784,191.0,6784,1315,ME,BC
4785,191.0,6785,1211,CS,SC
4786,191.0,6787,2712,IT,MBC
4787,191.0,6789,1,GI,OC
4788,191.0,6791,2006,IY,OC
4789,191.0,6792,4974,CS,BC
4790,191.0,6793,2656,CS,OC
4791,191.0,6794,5008,MG,OC
4792,191.0,6795,2369,CS,OC
4793,191.0,6796,2708,IT,OC
4794,191.0,6800,1399,CS,MBC
4795,191.0,6801,1399,CS,BCM
4796,191.0,6803,1399,CS,MBC
4797,191.0,6804,4,EI,SC
4798,191.0,6805,4,AU,BC
4799,191.0,6806,2718,IT,OC
4800,191.0,6807,5008,IM,MBC
4801,191.0,6808,2005,EE,BC
4802,191.0,6809,2719,AD,OC
4803,191.0,6812,2718,EC,OC
4804,191.0,6813,2739,AD,OC
4805,191.0,6814,5008,CW,BC
4806,191.0,6816,2377,EE,BC
4807,191.0,6817,1211,CS,BC
4808,191.0,6818,1399,AD,BC
4809,191.0,6819,1399,CS,MBC
4810,191.0,6820,4,AU,SC
4811,191.0,6821,2611,IT,OC
4812,191.0,6822,1399,AD,MBC
4813,191.0,6823,1211,CS,BC
4814,191.0,6824,2006,CE,BC
4815,191.0,6826,1219,CS,OC
4816,191.0,6827,1,MI,MBC
4817,191.0,6828,2711,CS,OC
4818,191.0,6829,2,CH,MBC
4819,191.0,6830,2006,CE,BC
4820,191.0,6835,1399,CS,BCM
4821,191.0,6837,2712,EC,MBC
4822,191.0,6838,5901,CS,OC
4823,191.0,6841,5008,EM,BCM
4824,191.0,6843,1432,EC,OC
4825,191.0,6844,2718,IT,OC
4826,191.0,6846,2712,IT,MBC
4827,191.0,6847,2739,EC,OC
4828,191.0,6848,4,EC,SCA
4829,191.0,6850,2006,ES,OC
4830,191.0,6852,1399,EC,MBC
4831,191.0,6854,1399,CS,BC
4832,191.0,6855,2718,CS,BC
4833,191.0,6857,4,AU,MBC
4834,191.0,6859,1408,EC,OC
4835,191.0,6860,2706,AD,OC
4836,191.0,6862,1237,IT,OC
4837,191.0,6864,2764,CS,OC
4838,191.0,6865,5008,ME,OC
4839,191.0,6866,2,CH,BC
4840,191.0,6867,1399,CS,BC
4841,191.0,6868,2007,CH,OC
4842,191.0,6869,2007,CS,SC
4843,191.0,6870,4023,CS,OC
4844,191.0,6872,2718,CS,BC
4845,191.0,6874,1414,CS,BC
4846,191.0,6875,1432,CS,OC
4847,191.0,6876,2006,EE,SCA
4848,191.0,6877,5008,CG,MBC
4849,191.0,6878,1414,CS,MBC
4850,191.0,6879,5008,EM,MBC
4851,191.0,6881,1414,CS,MBC
4852,191.0,6882,2718,IT,OC
4853,191.0,6883,2005,EI,OC
4854,191.0,6884,2006,ME,BC
4855,191.0,6885,2006,EC,SC
4856,191.0,6886,5008,CW,MBC
4857,191.0,6887,4974,CS,MBC
4858,191.0,6888,1419,EC,OC
4859,191.0,6890,2704,EC,OC
4860,191.0,6891,2615,EC,MBC
4861,191.0,6892,2731,IT,OC
4862,191.0,6895,2007,EY,BC
4863,191.0,6896,1399,CS,MBC
4864,191.0,6898,2615,EC,BC
4865,191.0,6899,2615,EC,MBC
4866,191.0,6900,2764,AD,OC
4867,191.0,6901,2718,AD,OC
4868,191.0,6902,4971,AD,OC
4869,191.0,6903,2722,CS,OC
4870,191.0,6904,1,IM,SCA
4871,191.0,6905,1,GI,BC
4872,191.0,6906,2739,AD,OC
4873,191.0,6908,2006,CM,SCA
4874,191.0,6909,5901,CS,BC
4875,191.0,6912,2718,CS,BC
4876,191.0,6913,2007,EY,BC
4877,191.0,6914,2718,EC,OC
4878,191.0,6915,1315,ME,MBC
4879,191.0,6918,1211,CS,BC
4880,191.0,6919,2712,EC,MBC
4881,191.0,6921,2006,MF,OC
4882,191.0,6922,5008,CE,OC
4883,191.0,6925,2739,CS,BC
4884,191.0,6930,2712,EC,MBC
4885,191.0,6931,2007,EY,BC
4886,191.0,6932,5008,EE,MBC
4887,191.0,6942,2718,CS,BC
4888,191.0,6943,2005,CE,OC
4889,191.0,6946,2712,AE,OC
4890,191.0,6950,1243,CS,OC
4891,191.0,6951,1419,IT,OC
4892,191.0,6953,1211,CS,BC
4893,191.0,6955,2708,CS,OC
4894,191.0,6956,1,IE,OC
4895,191.0,6959,2764,CS,OC
4896,191.0,6960,2718,EC,OC
4897,191.0,6962,1,XM,OC
4898,191.0,6963,1113,EC,OC
4899,191.0,6965,1399,CS,BC
4900,191.0,6966,1211,CS,BC
4901,191.0,6967,2007,EY,MBC
4902,191.0,6968,2710,EC,OC
4903,191.0,6969,2702,CS,OC
4904,191.0,6970,1399,CB,OC
4905,191.0,6971,2615,EC,BC
4906,191.0,6972,2718,CS,MBC
4907,191.0,6975,2615,EC,BC
4908,191.0,6978,2739,CS,BC
4909,191.0,6980,2712,EC,MBC
4910,191.0,6982,1399,EC,MBC
4911,191.0,6984,2007,EY,BC
4912,191.0,6986,2712,EE,OC
4913,191.0,6987,2718,IT,OC
4914,191.0,6988,1399,EC,BC
4915,191.0,6989,2006,CN,OC
4916,191.0,6990,2329,CS,OC
4917,191.0,6992,1399,EC,MBC
4918,191.0,6993,2005,EE,BC
4919,191.0,6995,2712,IT,MBC
4920,191.0,6996,5008,CW,BCM
4921,191.0,6998,1211,CS,BC
4922,191.0,7001,4955,CB,OC
4923,191.0,7002,4,EI,SC
4924,191.0,7003,1216,CS,OC
4925,191.0,7004,2718,IT,OC
4926,191.0,7006,1399,CS,BC
4927,191.0,7008,4,EI,SC
4928,191.0,7011,1399,EC,BC
4929,191.0,7013,1,EL,SC
4930,191.0,7014,1211,CS,BC
4931,191.0,7015,2615,EC,BC
4932,191.0,7016,2710,AD,OC
4933,191.0,7018,4974,EC,OC
4934,191.0,7019,1399,CS,MBC
4935,191.0,7020,2025,AD,OC
4936,191.0,7021,1211,IT,OC
4937,191.0,7024,1399,CS,BC
4938,191.0,7029,5008,EY,OC
4939,191.0,7030,2006,IY,OC
4940,191.0,7031,4974,CS,BC
4941,191.0,7032,1113,AD,OC
4942,191.0,7033,1399,AM,OC
4943,191.0,7034,1399,CS,BCM
4944,191.0,7035,1399,EC,BC
4945,191.0,7038,5008,EY,OC
4946,191.0,7043,2718,AD,OC
4947,191.0,7045,1211,EC,OC
4948,191.0,7046,2718,AD,OC
4949,191.0,7047,2005,EE,BC
4950,191.0,7052,1315,ME,BC
4951,191.0,7054,1,IE,OC
4952,191.0,7055,1,MI,BC
4953,191.0,7059,1399,CB,OC
4954,191.0,7059,2006,TX,OC
4955,191.0,7060,2006,ME,MBC
4956,191.0,7061,1399,AM,OC
4957,191.0,7063,2739,EC,OC
4958,191.0,7066,2006,IY,BC
4959,191.0,7074,1399,CB,OC
4960,191.0,7075,1315,CH,OC
4961,191.0,7077,5012,CC,MBC
4962,191.0,7079,2718,IT,OC
4963,191.0,7083,1399,CS,BC
4964,191.0,7084,1432,CS,OC
4965,191.0,7085,2006,BS,BC
4966,191.0,7086,2006,ES,OC
4967,191.0,7092,2718,CS,BC
4968,191.0,7095,2718,CS,BC
4969,191.0,7096,1315,ME,MBC
4970,191.0,7097,2702,CS,OC
4971,191.0,7098,1315,ME,BC
4972,191.0,7099,2006,RA,MBC
4973,191.0,7100,1,EL,SC
4974,191.0,7101,2718,CS,BC
4975,191.0,7102,1219,CS,OC
4976,191.0,7105,1211,EC,OC
4977,191.0,7109,1399,AM,OC
4978,191.0,7110,1399,EC,MBC
4979,191.0,7117,2718,EC,OC
4980,191.0,7118,2710,CS,OC
4981,191.0,7120,2718,EC,OC
4982,191.0,7122,2718,CS,BC
4983,191.0,7125,1315,ME,BC
4984,191.0,7128,2708,EC,OC
4985,191.0,7129,1219,AD,OC
4986,191.0,7130,3465,CS,OC
4987,191.0,7131,5008,CG,BCM
4988,191.0,7133,2,IB,MBC
4989,191.0,7135,2710,SC,OC
4990,191.0,7136,1219,CS,OC
4991,191.0,7138,4,AU,MBC
4992,191.0,7140,1211,EC,OC
4993,191.0,7141,5008,EE,MBC
4994,191.0,7142,1399,AM,OC
4995,191.0,7145,1219,CS,OC
4996,191.0,7147,2718,IT,OC
4997,191.0,7148,1315,ME,MBC
4998,191.0,7149,1,GI,MBC
4999,191.0,7150,1399,CS,BC
5000,191.0,7151,1442,AD,BC
5001,191.0,7152,2005,EC,SC
5002,191.0,7155,1442,AD,BC
5003,191.0,7156,1399,IT,BC
5004,191.0,7157,4981,EE,OC
5005,191.0,7160,2764,EC,OC
5006,191.0,7161,2718,EC,OC
5007,191.0,7163,5901,EC,OC
5008,191.0,7165,5008,CW,MBC
5009,191.0,7169,1432,EC,OC
5010,191.0,7170,2712,IT,MBC
5011,191.0,7171,4678,CS,OC
5012,191.0,7172,2,CH,SC
5013,191.0,7173,1315,ME,BC
5014,191.0,7174,2718,CS,BC
5015,191.0,7175,2718,AD,OC
5016,191.0,7176,1399,IT,MBC
5017,191.0,7177,5901,EC,OC
5018,191.0,7179,1399,IT,BC
5019,191.0,7180,1317,CS,OC
5020,191.0,7181,1,IE,OC
5021,191.0,7182,1516,CS,OC
5022,191.0,7183,1399,IT,BC
5023,191.0,7184,2615,EC,MBC
5024,191.0,7185,1432,EC,OC
5025,191.0,7186,2006,BY,OC
5026,191.0,7188,1432,CS,OC
5027,191.0,7189,1306,CS,OC
5028,191.0,7190,2,CL,OC
5029,191.0,7193,4680,CS,OC
5030,191.0,7194,5008,CW,BC
5031,191.0,7197,1211,BM,OC
5032,191.0,7198,2710,AD,OC
5033,191.0,7201,1315,IT,SC
5034,191.0,7204,5008,CG,MBC
5035,191.0,7206,2718,AD,OC
5036,191.0,7207,1432,AD,OC
5037,191.0,7208,2006,CE,BC
5038,191.0,7209,1315,CE,OC
5039,191.0,7212,1399,EC,BC
5040,191.0,7213,2739,CS,BC
5041,191.0,7214,2005,EI,OC
5042,191.0,7217,1,CM,SCA
5043,191.0,7220,2702,CS,OC
5044,191.0,7221,1432,CS,OC
5045,191.0,7222,1315,BM,BC
5046,191.0,7223,1216,CS,OC
5047,191.0,7225,2731,AD,OC
5048,191.0,7226,2718,CB,OC
5049,191.0,7228,1432,EC,OC
5050,191.0,7229,2,CH,BCM
5051,191.0,7231,1414,CS,BC
5052,191.0,7232,2712,IT,MBC
5053,191.0,7233,1414,CS,BC
5054,191.0,7238,1399,EV,OC
5055,191.0,7239,1,MN,OC
5056,191.0,7240,2,CH,BC
5057,191.0,7241,2006,BY,OC
5058,190.7,7245,2007,EY,MBC
5059,190.7,7246,2615,EC,BC
5060,190.7,7247,1450,AD,OC
5061,190.5,7248,1399,AD,MBC
5062,190.5,7249,2739,EC,OC
5063,190.5,7252,1399,AD,MBC
5064,190.5,7253,2712,IT,MBC
5065,190.5,7255,2708,CS,OC
5066,190.5,7256,1,CM,SCA
5067,190.5,7258,2739,EC,OC
5068,190.5,7259,2711,AD,OC
5069,190.5,7262,1399,EE,OC
5070,190.5,7263,2718,CJ,OC
5071,190.5,7264,2734,AD,OC
5072,190.5,7265,2005,EI,OC
5073,190.5,7267,1315,IT,SC
5074,190.5,7268,5008,CW,BC
5075,190.5,7269,2006,MF,OC
5076,190.5,7270,2006,CE,BC
5077,190.5,7272,1399,EC,BCM
5078,190.5,7275,1432,CS,OC
5079,190.5,7276,2007,CE,OC
5080,190.5,7277,2007,EY,BC
5081,190.5,7278,3011,AM,OC
5082,190.5,7280,1399,EC,BC
5083,190.5,7281,2718,CS,BC
5084,190.5,7282,2603,CS,OC
5085,190.5,7283,1399,AD,BC
5086,190.5,7284,1317,CS,OC
5087,190.5,7285,2006,MF,OC
5088,190.5,7286,5008,CW,BC
5089,190.5,7287,2718,AD,OC
5090,190.5,7288,2007,EY,BC
5091,190.5,7289,2005,IT,ST
5092,190.5,7290,1432,CS,OC
5093,190.5,7291,1399,CS,MBC
5094,190.5,7292,1432,AD,OC
5095,190.5,7293,2615,EC,BC
5096,190.5,7294,1399,AD,BC
5097,190.5,7295,2750,CS,OC
5098,190.5,7296,2718,CS,BC
5099,190.5,7297,1399,SC,OC
5100,190.5,7300,2718,AD,OC
5101,190.5,7302,1219,CS,OC
5102,190.5,7303,1399,IT,BC
5103,190.5,7304,1432,AD,OC
5104,190.5,7305,2006,EC,SCA
5105,190.5,7306,1216,EC,OC
5106,190.5,7307,5008,EY,OC
5107,190.5,7308,1399,CS,MBC
5108,190.5,7309,1432,CS,OC
5109,190.5,7310,2711,CS,OC
5110,190.5,7311,2377,EE,MBC
5111,190.5,7312,2764,CS,OC
5112,190.5,7313,1,IE,OC
5113,190.5,7314,2712,EC,MBC
5114,190.5,7315,2006,IY,MBC
5115,190.5,7316,1113,CS,OC
5116,190.5,7317,2718,IT,OC
5117,190.5,7318,2718,EC,OC
5118,190.5,7319,1315,ME,BC
5119,190.5,7320,4,RA,SC
5120,190.5,7322,1211,CS,BCM
5121,190.5,7327,2007,ME,OC
5122,190.5,7328,2712,EE,OC
5123,190.5,7329,5008,CW,BCM
5124,190.5,7330,2739,CS,BC
5125,190.5,7331,1,MI,MBC
5126,190.5,7332,2718,CS,BC
5127,190.5,7336,1,GI,BC
5128,190.5,7337,5008,CG,MBC
5129,190.5,7338,1399,EA,OC
5130,190.5,7339,2006,MF,OC
5131,190.5,7340,2710,CS,OC
5132,190.5,7343,2718,CS,BCM
5133,190.5,7345,1315,EC,SC
5134,190.5,7346,2718,CS,BC
5135,190.5,7347,2615,EC,MBC
5136,190.5,7348,1432,AD,OC
5137,190.5,7349,2007,EY,MBC
5138,190.5,7350,5008,IM,MBC
5139,190.5,7351,1113,CS,OC
5140,190.5,7352,1315,CE,OC
5141,190.5,7353,1399,EE,OC
5142,190.5,7354,1432,CS,OC
5143,190.5,7355,2718,IT,OC
5144,190.5,7356,2708,ME,OC
5145,190.5,7358,1238,CS,OC
5146,190.5,7359,2718,AD,OC
5147,190.5,7360,1432,CS,OC
5148,190.5,7362,2618,BM,OC
5149,190.5,7363,2712,EE,OC
5150,190.5,7364,1315,ME,MBC
5151,190.5,7365,3819,CS,OC
5152,190.5,7366,2712,EE,OC
5153,190.5,7369,1211,AD,OC
5154,190.5,7371,2,FS,OC
5155,190.5,7372,2726,CS,OC
5156,190.5,7374,2718,EE,OC
5157,190.5,7376,1317,CS,OC
5158,190.5,7377,1211,AD,OC
5159,190.5,7378,4962,CS,OC
5160,190.5,7379,3830,CS,OC
5161,190.5,7380,4974,CS,BC
5162,190.5,7381,5901,CS,BC
5163,190.5,7382,1399,AD,MBC
5164,190.5,7383,2718,CS,BC
5165,190.5,7384,5008,EY,OC
5166,190.5,7385,4974,CS,BC
5167,190.5,7386,2620,AD,OC
5168,190.5,7387,5901,CS,BC
5169,190.5,7389,1399,EE,OC
5170,190.5,7391,4678,IT,OC
5171,190.5,7392,1399,IT,MBC
5172,190.5,7393,2708,IT,OC
5173,190.5,7394,1211,CS,MBC
5174,190.5,7396,1,GI,BC
5175,190.5,7397,4974,EE,OC
5176,190.5,7399,1216,CS,OC
5177,190.5,7400,2622,AD,OC
5178,190.5,7401,2739,EC,OC
5179,190.5,7402,1315,EC,SC
5180,190.5,7403,1211,AD,OC
5181,190.5,7405,1211,CS,BC
5182,190.5,7407,2751,CS,OC
5183,190.5,7408,1399,IT,BC
5184,190.5,7409,2712,EC,MBC
5185,190.5,7410,2764,CS,OC
5186,190.5,7411,1219,CS,BC
5187,190.5,7414,2711,CS,OC
5188,190.5,7415,2712,EC,MBC
5189,190.5,7417,2710,AD,OC
5190,190.5,7418,1432,EC,OC
5191,190.5,7419,2740,AD,OC
5192,190.5,7420,2739,EC,OC
5193,190.5,7421,2718,AD,OC
5194,190.5,7422,1211,CS,BC
5195,190.5,7423,4974,EC,OC
5196,190.5,7424,2712,EC,MBC
5197,190.5,7425,1399,AD,BC
5198,190.5,7426,1317,IT,OC
5199,190.5,7427,2006,ES,OC
5200,190.5,7428,5901,CS,BC
5201,190.5,7430,1399,AD,BCM
5202,190.5,7431,1399,EV,OC
5203,190.5,7432,2718,CS,MBC
5204,190.5,7433,2005,EI,OC
5205,190.5,7434,1219,IT,OC
5206,190.5,7435,1399,EC,BC
5207,190.5,7436,1,IE,OC
5208,190.5,7437,2006,IY,BC
5209,190.5,7438,2615,EC,BC
5210,190.5,7439,2710,AD,BC
5211,190.5,7440,2718,AD,OC
5212,190.5,7442,2007,EE,BCM
5213,190.5,7443,2712,EE,OC
5214,190.5,7444,1399,IT,BC
5215,190.5,7445,1211,CS,BC
5216,190.5,7446,1399,CS,MBC
5217,190.5,7448,2712,EE,OC
5218,190.5,7449,1,CM,SCA
5219,190.5,7451,2718,EC,OC
5220,190.5,7452,2603,EC,OC
5221,190.5,7453,1216,CS,OC
5222,190.5,7454,2718,CS,BC
5223,190.5,7455,4974,CS,BC
5224,190.5,7456,5012,CC,SC
5225,190.5,7459,2712,EC,MBC
5226,190.5,7460,5008,IM,MBC
5227,190.5,7463,1399,AD,MBC
5228,190.5,7464,1219,CS,BC
5229,190.5,7465,1140,AD,OC
5230,190.5,7467,1414,CS,MBC
5231,190.5,7469,1211,CS,BC
5232,190.5,7470,4,EI,SC
5233,190.5,7472,1216,CS,OC
5234,190.5,7473,5008,EE,MBC
5235,190.5,7475,1211,CS,BC
5236,190.5,7476,2615,EC,BC
5237,190.5,7477,1,PT,OC
5238,190.5,7478,2718,IT,OC
5239,190.5,7479,5008,IM,MBC
5240,190.5,7480,2718,EC,OC
5241,190.5,7481,1113,CS,OC
5242,190.5,7482,1520,CS,OC
5243,190.5,7483,2706,AD,OC
5244,190.5,7484,1399,EC,BC
5245,190.5,7485,4,PR,OC
5246,190.5,7486,4955,EC,OC
5247,190.5,7487,1,XM,OC
5248,190.5,7489,2764,EE,OC
5249,190.5,7490,1315,ME,BC
5250,190.5,7491,2006,ME,MBC
5251,190.5,7492,1,MN,OC
5252,190.5,7493,1219,CS,BC
5253,190.5,7494,4,AU,BC
5254,190.5,7496,1413,AD,OC
5255,190.5,7497,1113,CS,OC
5256,190.5,7498,1317,CS,OC
5257,190.5,7499,1,BY,SC
5258,190.5,7501,2712,AD,MBC
5259,190.5,7502,1399,AD,BC
5260,190.5,7503,1399,EC,MBC
5261,190.5,7504,2718,AD,OC
5262,190.5,7505,2005,EI,MBC
5263,190.5,7506,2712,AD,BCM
5264,190.5,7509,4974,EC,OC
5265,190.5,7510,2718,CS,BC
5266,190.5,7511,2712,EE,OC
5267,190.5,7514,5008,EE,MBC
5268,190.5,7515,1,MA,OC
5269,190.5,7518,1315,ME,BC
5270,190.5,7522,2711,AD,OC
5271,190.5,7523,2718,CS,BC
5272,190.5,7525,1317,IT,OC
5273,190.5,7526,1,MI,MBC
5274,190.5,7527,4,AU,MBC
5275,190.5,7528,2718,CS,MBC
5276,190.5,7529,2615,EC,BC
5277,190.5,7530,5008,EY,OC
5278,190.5,7531,1211,CS,BC
5279,190.5,7532,1113,CS,OC
5280,190.5,7533,1399,IT,BC
5281,190.5,7534,2025,AD,OC
5282,190.5,7535,2739,EC,OC
5283,190.5,7538,1422,EC,OC
5284,190.5,7539,1442,AD,BC
5285,190.5,7541,2,CH,BC
5286,190.5,7542,2615,EC,BC
5287,190.5,7543,1432,CS,OC
5288,190.5,7544,2006,MF,OC
5289,190.5,7545,2718,EC,OC
5290,190.5,7548,2702,CS,OC
5291,190.5,7549,2718,EC,OC
5292,190.5,7550,5901,EE,OC
5293,190.5,7551,1399,EC,BC
5294,190.5,7552,2,IS,OC
5295,190.5,7554,5008,IM,MBC
5296,190.5,7555,1211,CB,OC
5297,190.5,7557,2025,AD,OC
5298,190.5,7558,2,PM,OC
5299,190.5,7561,2718,CS,BC
5300,190.5,7564,1399,CS,MBC
5301,190.5,7565,2764,CS,OC
5302,190.5,7566,1399,EC,BC
5303,190.5,7567,1399,AD,BC
5304,190.5,7568,2712,EE,OC
5305,190.5,7570,1211,CS,BC
5306,190.5,7571,1211,CS,BC
5307,190.5,7572,1211,CS,BC
5308,190.5,7574,2712,EC,MBC
5309,190.5,7575,1219,CS,BC
5310,190.5,7576,1211,CS,MBC
5311,190.5,7577,2702,CS,OC
5312,190.5,7582,2006,IY,BC
5313,190.5,7583,1399,AD,SC
5314,190.5,7584,2712,EE,OC
5315,190.5,7585,1211,CS,BCM
5316,190.5,7588,2718,EC,OC
5317,190.5,7589,2739,CS,BC
5318,190.5,7591,3465,CS,OC
5319,190.5,7592,2006,MF,OC
5320,190.5,7595,2702,CS,OC
5321,190.5,7596,1140,AD,OC
5322,190.5,7597,1211,EC,OC
5323,190.5,7598,2740,CS,OC
5324,190.5,7599,2006,BY,OC
5325,190.5,7600,2615,EC,MBC
5326,190.5,7603,2,CH,BC
5327,190.5,7604,5008,CW,BC
5328,190.5,7605,1317,CS,OC
5329,190.5,7607,2718,AD,OC
5330,190.5,7608,1399,CS,MBC
5331,190.5,7609,1399,IT,BC
5332,190.5,7612,1219,CS,BC
5333,190.5,7613,2736,CS,OC
5334,190.5,7614,1211,CS,BC
5335,190.5,7616,1432,CS,OC
5336,190.5,7617,2718,IT,OC
5337,190.5,7618,1211,IT,OC
5338,190.5,7619,5986,CS,OC
5339,190.5,7621,2739,CS,BC
5340,190.5,7622,2764,CS,OC
5341,190.5,7623,2718,CS,BC
5342,190.5,7624,2718,CS,BC
5343,190.5,7626,1399,EC,BC
5344,190.5,7627,1399,AD,BC
5345,190.5,7628,1442,AD,BC
5346,190.5,7629,4944,CS,OC
5347,190.5,7632,1399,AD,BCM
5348,190.5,7638,1304,CS,OC
5349,190.5,7640,2005,EI,BC
5350,190.5,7641,1211,EC,OC
5351,190.5,7642,1412,EC,OC
5352,190.5,7643,1211,IT,OC
5353,190.5,7644,2718,CS,BC
5354,190.5,7647,2711,CS,OC
5355,190.5,7648,2329,AD,OC
5356,190.5,7652,5901,EC,OC
5357,190.5,7653,1399,AD,MBC
5358,190.5,7654,1432,EC,OC
5359,190.5,7655,2739,CS,BC
5360,190.5,7657,5008,EY,OC
5361,190.5,7658,1211,SC,OC
5362,190.5,7659,1211,CS,BC
5363,190.5,7661,1317,CS,OC
5364,190.5,7666,4,CM,SCA
5365,190.5,7668,1,IE,OC
5366,190.5,7672,1219,EC,OC
5367,190.5,7674,2712,EE,OC
5368,190.5,7675,1414,CS,MBC
5369,190.5,7682,1211,EC,OC
5370,190.5,7683,1399,CS,MBC
5371,190.5,7683,2006,MF,OC
5372,190.5,7684,2006,MF,OC
5373,190.5,7685,1399,AD,BCM
5374,190.5,7687,4,AU,BC
5375,190.5,7691,1315,ME,BC
5376,190.5,7692,1450,CS,OC
5377,190.5,7695,1211,CS,BC
5378,190.5,7697,1211,EC,OC
5379,190.5,7699,2007,EY,BCM
5380,190.5,7703,1315,ME,BC
5381,190.5,7705,1399,AM,OC
5382,190.5,7707,1432,CS,OC
5383,190.5,7711,1399,IT,BC
5384,190.5,7712,1211,EC,OC
5385,190.5,7713,4,AU,BC
5386,190.5,7714,2,CH,BC
5387,190.5,7717,2377,ME,OC
5388,190.5,7718,1399,SC,BC
5389,190.5,7721,1211,CS,BC
5390,190.5,7723,2,CL,OC
5391,190.5,7726,1315,CH,OC
5392,190.5,7727,1399,AM,OC
5393,190.5,7728,2006,RA,MBC
5394,190.5,7729,1211,EC,OC
5395,190.5,7732,2615,EC,MBC
5396,190.5,7733,1399,EC,BC
5397,190.5,7738,2377,CS,SC
5398,190.5,7739,2712,EC,BCM
5399,190.5,7740,1315,ME,BCM
5400,190.5,7748,1399,IT,BC
5401,190.5,7749,2006,BY,OC
5402,190.5,7752,1412,AD,OC
5403,190.5,7758,1315,ME,BC
5404,190.5,7759,1211,CS,MBC
5405,190.5,7761,1399,AD,BC
5406,190.5,7767,1408,AD,OC
5407,190.5,7769,2006,MF,OC
5408,190.5,7771,1399,EC,MBC
5409,190.5,7772,1399,IT,BC
5410,190.5,7774,2702,CS,OC
5411,190.5,7778,1399,AD,MBC
5412,190.5,7779,2006,CE,MBC
5413,190.5,7780,2718,AD,OC
5414,190.5,7781,4,AE,BCM
5415,190.5,7784,2329,CS,OC
5416,190.5,7785,1315,CH,OC
5417,190.5,7786,2718,IT,OC
5418,190.5,7787,2005,CE,OC
5419,190.5,7788,1442,AD,BC
5420,190.5,7790,1315,BM,BCM
5421,190.5,7795,1399,EC,BCM
5422,190.5,7795,1,MA,OC
5423,190.5,7796,2710,AD,BC
5424,190.5,7797,1211,CS,BC
5425,190.5,7798,2,IB,BCM
5426,190.5,7799,1442,AD,BC
5427,190.5,7802,2739,CS,BC
5428,190.5,7804,1432,CS,OC
5429,190.5,7805,1399,EC,BC
5430,190.5,7806,1399,AD,BC
5431,190.5,7808,2718,CS,BC
5432,190.5,7809,2718,CS,BC
5433,190.5,7811,2006,EM,SC
5434,190.5,7812,2718,CS,BC
5435,190.5,7814,5008,EE,MBC
5436,190.5,7815,5910,AM,OC
5437,190.5,7816,1,IE,BC
5438,190.5,7817,2006,ME,MBC
5439,190.5,7818,2025,AD,OC
5440,190.5,7821,2718,EC,OC
5441,190.5,7822,2633,CS,OC
5442,190.5,7823,1,XM,OC
5443,190.5,7824,1399,CS,MBC
5444,190.5,7828,1432,CS,OC
5445,190.5,7830,2712,EC,MBC
5446,190.5,7832,1450,EC,OC
5447,190.5,7833,3830,AD,OC
5448,190.5,7834,1442,AD,BC
5449,190.5,7835,1399,CS,MBC
5450,190.5,7836,2,CL,OC
5451,190.5,7837,1399,AD,BC
5452,190.5,7839,1399,SC,BC
5453,190.5,7840,2718,EC,OC
5454,190.5,7841,2718,AD,OC
5455,190.5,7843,1211,CS,BCM
5456,190.5,7844,2615,EC,MBC
5457,190.5,7845,2712,EC,BCM
5458,190.5,7846,2751,CS,OC
5459,190.5,7848,2718,EC,OC
5460,190.5,7849,2006,IY,BC
5461,190.5,7850,2712,EC,MBC
5462,190.5,7852,1315,CH,OC
5463,190.5,7853,2006,PR,OC
5464,190.5,7855,1432,AD,OC
5465,190.5,7857,4,AU,BC
5466,190.5,7860,1432,AD,OC
5467,190.5,7867,1219,EC,OC
5468,190.5,7868,2718,EC,OC
5469,190.5,7869,1399,IT,BC
5470,190.5,7870,1399,CB,OC
5471,190.5,7872,1399,EV,OC
5472,190.5,7873,2329,CS,OC
5473,190.5,7874,2718,CS,MBC
5474,190.5,7875,2712,EI,OC
5475,190.5,7876,1414,CS,SC
5476,190.5,7877,2718,CS,BCM
5477,190.5,7879,1432,CS,OC
5478,190.5,7880,1442,AD,BC
5479,190.5,7884,2615,EE,OC
5480,190.5,7887,2764,CS,OC
5481,190.5,7888,1,GI,MBC
5482,190.5,7889,1216,CS,OC
5483,190.5,7890,1414,CS,MBC
5484,190.3,7892,2702,CS,OC
5485,190.3,7893,1315,ME,MBC
5486,190.3,7894,2718,IT,OC
5487,190.0,7896,4944,AD,OC
5488,190.0,7897,1516,CS,OC
5489,190.0,7898,2718,IT,OC
5490,190.0,7899,2718,AD,OC
5491,190.0,7901,2005,ME,OC
5492,190.0,7902,5008,CW,BC
5493,190.0,7903,5008,CW,BC
5494,190.0,7904,2025,AD,OC
5495,190.0,7905,1211,CS,BC
5496,190.0,7906,1219,IT,OC
5497,190.0,7907,5008,EY,BC
5498,190.0,7909,2718,CS,BC
5499,190.0,7910,2712,EC,MBC
5500,190.0,7911,2615,EE,OC
5501,190.0,7912,2,CH,MBC
5502,190.0,7913,1,XM,OC
5503,190.0,7914,1216,CS,OC
5504,190.0,7915,2005,EC,SC
5505,190.0,7916,2006,CG,SC
5506,190.0,7917,5901,CE,OC
5507,190.0,7919,2718,CS,BC
5508,190.0,7921,4974,EC,OC
5509,190.0,7922,2708,CE,OC
5510,190.0,7923,1399,CS,MBC
5511,190.0,7924,1219,CS,BCM
5512,190.0,7925,1450,CS,OC
5513,190.0,7927,2706,CS,OC
5514,190.0,7928,2006,MF,OC
5515,190.0,7929,2740,IT,OC
5516,190.0,7930,1399,AD,BCM
5517,190.0,7931,2006,CE,BC
5518,190.0,7932,2764,AD,OC
5519,190.0,7934,2718,CS,MBC
5520,190.0,7935,2615,EC,BC
5521,190.0,7936,5901,CS,BC
5522,190.0,7939,2006,BS,BC
5523,190.0,7941,1315,IT,SC
5524,190.0,7942,2718,AD,OC
5525,190.0,7943,1399,EC,MBC
5526,190.0,7944,1399,AM,BC
5527,190.0,7946,2718,EC,OC
5528,190.0,7947,4680,EC,OC
5529,190.0,7948,1219,CS,BC
5530,190.0,7949,2764,CS,OC
5531,190.0,7950,1399,AD,BC
5532,190.0,7952,2735,AD,OC
5533,190.0,7954,1,XM,OC
5534,190.0,7955,2718,AD,BC
5535,190.0,7957,2710,CS,OC
5536,190.0,7958,1450,CS,OC
5537,190.0,7959,2006,IY,BC
5538,190.0,7960,5008,CS,SC
5539,190.0,7962,2740,CS,OC
5540,190.0,7963,2739,AD,OC
5541,190.0,7964,2709,CS,OC
5542,190.0,7965,5901,CS,BCM
5543,190.0,7966,4960,EC,OC
5544,190.0,7968,2615,EE,OC
5545,190.0,7970,2718,CS,MBC
5546,190.0,7971,1399,AD,MBC
5547,190.0,7972,5901,CS,BC
5548,190.0,7974,4960,CS,OC
5549,190.0,7975,3011,CS,OC
5550,190.0,7977,2702,CS,OC
5551,190.0,7978,2006,BY,OC
5552,190.0,7979,5008,IM,MBC
5553,190.0,7981,1113,CS,OC
5554,190.0,7982,2608,CS,OC
5555,190.0,7983,2739,CS,BC
5556,190.0,7984,2702,CS,OC
5557,190.0,7985,2712,EC,MBC
5558,190.0,7986,2,CH,BCM
5559,190.0,7987,2377,ME,OC
5560,190.0,7988,1,MN,OC
5561,190.0,7989,4962,AD,OC
5562,190.0,7990,1315,IT,SC
5563,190.0,7991,2709,CS,OC
5564,190.0,7993,1399,EC,MBC
5565,190.0,7994,5008,CW,BC
5566,190.0,7995,2718,AD,BC
5567,190.0,7996,2712,AD,MBC
5568,190.0,7998,2702,CS,OC
5569,190.0,7999,2739,CS,BC
5570,190.0,8002,2712,EC,MBC
5571,190.0,8003,1419,CS,OC
5572,190.0,8004,2708,CS,OC
5573,190.0,8005,1399,SC,BC
5574,190.0,8006,5986,CS,OC
5575,190.0,8008,1450,CS,OC
5576,190.0,8009,1211,AD,OC
5577,190.0,8010,1211,AD,OC
5578,190.0,8011,1222,AE,OC
5579,190.0,8012,2727,CS,OC
5580,190.0,8013,2006,ES,OC
5581,190.0,8014,2718,IT,OC
5582,190.0,8015,1399,CS,MBC
5583,190.0,8016,2718,IT,OC
5584,190.0,8017,4974,CS,BC
5585,190.0,8018,5901,EC,OC
5586,190.0,8019,1399,CB,OC
5587,190.0,8020,2618,CS,OC
5588,190.0,8021,3826,AD,OC
5589,190.0,8022,5008,IM,MBC
5590,190.0,8023,2718,CS,MBC
5591,190.0,8025,1219,IT,OC
5592,190.0,8026,1216,CS,OC
5593,190.0,8027,1216,AD,OC
5594,190.0,8029,2,CL,OC
5595,190.0,8030,2005,EC,SC
5596,190.0,8031,1399,SC,BC
5597,190.0,8032,2620,EC,OC
5598,190.0,8033,2718,CS,MBC
5599,190.0,8034,1317,CS,OC
5600,190.0,8036,2615,EE,OC
5601,190.0,8038,1216,CS,OC
5602,190.0,8043,2006,RA,MBC
5603,190.0,8044,2706,CS,OC
5604,190.0,8045,2718,IT,OC
5605,190.0,8047,2007,CH,OC
5606,190.0,8048,4980,CS,OC
5607,190.0,8049,2718,CS,MBC
5608,190.0,8050,5008,EY,BC
5609,190.0,8051,5012,CC,SC
5610,190.0,8054,2377,EE,MBC
5611,190.0,8055,2718,IT,OC
5612,190.0,8058,2764,EC,OC
5613,190.0,8059,5008,EY,BC
5614,190.0,8060,1,CE,BCM
5615,190.0,8061,1113,AD,OC
5616,190.0,8062,2739,CS,BC
5617,190.0,8063,1432,CS,OC
5618,190.0,8065,2007,CH,OC
5619,190.0,8066,2025,AD,OC
5620,190.0,8067,4962,CS,OC
5621,190.0,8069,2618,AM,OC
5622,190.0,8070,2718,AD,BC
5623,190.0,8071,2718,CS,MBC
5624,190.0,8072,1317,CS,OC
5625,190.0,8074,2007,AT,SC
5626,190.0,8076,1211,CS,MBC
5627,190.0,8077,2006,MS,OC
5628,190.0,8078,1432,CS,OC
5629,190.0,8080,2702,CS,OC
5630,190.0,8081,1216,SC,OC
5631,190.0,8083,2718,EC,OC
5632,190.0,8085,2718,EC,OC
5633,190.0,8086,1219,EC,OC
5634,190.0,8087,2739,CS,BC
5635,190.0,8092,4020,AD,OC
5636,190.0,8093,1211,CS,MBC
5637,190.0,8094,2005,CS,SC
5638,190.0,8095,2712,EC,MBC
5639,190.0,8096,2718,AD,BC
5640,190.0,8097,1399,IT,BC
5641,190.0,8100,2718,AD,MBC
5642,190.0,8101,5008,EY,BC
5643,190.0,8102,2718,IT,OC
5644,190.0,8103,1399,AD,MBC
5645,190.0,8104,5008,EY,BC
5646,190.0,8106,2764,CS,OC
5647,190.0,8107,5901,EC,OC
5648,190.0,8109,2718,CB,OC
5649,190.0,8111,1399,AD,BC
5650,190.0,8112,1399,IT,BC
5651,190.0,8113,2712,EE,OC
5652,190.0,8114,2625,IT,OC
5653,190.0,8115,2709,IT,OC
5654,190.0,8116,2764,EC,OC
5655,190.0,8118,2718,EC,OC
5656,190.0,8119,5008,EY,BC
5657,190.0,8120,1399,IT,MBC
5658,190.0,8121,5901,CS,MBC
5659,190.0,8123,1399,IT,BC
5660,190.0,8124,1399,AD,MBC
5661,190.0,8125,2739,AM,OC
5662,190.0,8126,2007,EY,MBC
5663,190.0,8127,2718,CS,MBC
5664,190.0,8128,2718,AD,MBC
5665,190.0,8129,2,CH,MBC
5666,190.0,8130,1399,AD,BC
5667,190.0,8131,1399,EC,BCM
5668,190.0,8132,1113,CS,OC
5669,190.0,8133,2718,IT,OC
5670,190.0,8135,2025,AD,OC
5671,190.0,8136,1399,IT,MBC
5672,190.0,8137,2718,CJ,OC
5673,190.0,8138,1211,AD,OC
5674,190.0,8139,5986,CS,OC
5675,190.0,8140,2718,EC,OC
5676,190.0,8141,2006,IY,MBC
5677,190.0,8142,2718,IT,OC
5678,190.0,8143,1399,IT,BC
5679,190.0,8144,3011,PH,OC
5680,190.0,8145,1399,IT,MBC
5681,190.0,8146,5901,CS,BC
5682,190.0,8147,1399,EE,OC
5683,190.0,8148,2005,EI,BCM
5684,190.0,8149,2615,EE,OC
5685,190.0,8150,2764,CS,OC
5686,190.0,8151,5986,CS,OC
5687,190.0,8152,1,MA,OC
5688,190.0,8153,2006,EC,SC
5689,190.0,8154,2706,CS,OC
5690,190.0,8155,1211,IT,OC
5691,190.0,8156,5008,MG,OC
5692,190.0,8158,1211,IT,OC
5693,190.0,8159,1432,CS,OC
5694,190.0,8161,1211,CS,BC
5695,190.0,8162,2718,CS,MBC
5696,190.0,8163,2718,EC,OC
5697,190.0,8164,1399,EA,OC
5698,190.0,8165,2006,MF,BC
5699,190.0,8166,2710,CS,OC
5700,190.0,8167,1,MN,OC
5701,190.0,8168,2712,EE,OC
5702,190.0,8169,4,AU,BC
5703,190.0,8170,5008,EY,BC
5704,190.0,8171,5986,CS,OC
5705,190.0,8174,2710,CS,OC
5706,190.0,8175,2718,SC,OC
5707,190.0,8176,5901,EC,OC
5708,190.0,8177,3011,CS,OC
5709,190.0,8178,2764,CS,OC
5710,190.0,8180,5008,EY,BC
5711,190.0,8182,2712,IT,MBC
5712,190.0,8184,1,ME,SC
5713,190.0,8185,5008,EY,BC
5714,190.0,8186,2377,ME,OC
5715,190.0,8187,2719,CS,OC
5716,190.0,8189,1211,IT,OC
5717,190.0,8191,1315,IT,SC
5718,190.0,8192,2751,CS,OC
5719,190.0,8193,4,AU,BC
5720,190.0,8194,1211,IT,OC
5721,190.0,8196,2711,CS,OC
5722,190.0,8197,1432,AD,OC
5723,190.0,8198,2718,IT,OC
5724,190.0,8199,5008,EY,BC
5725,190.0,8200,1399,IT,BCM
5726,190.0,8201,2718,CS,MBC
5727,190.0,8204,2712,EC,MBC
5728,190.0,8206,5008,EY,BC
5729,190.0,8207,2710,CS,OC
5730,190.0,8208,1432,CS,OC
5731,190.0,8209,2712,EE,OC
5732,190.0,8211,1113,CS,OC
5733,190.0,8212,2718,IT,OC
5734,190.0,8213,2718,AD,BC
5735,190.0,8215,1399,AD,BC
5736,190.0,8216,2005,EI,BC
5737,190.0,8217,1324,EC,OC
5738,190.0,8218,1399,EC,MBC
5739,190.0,8219,1219,CS,BC
5740,190.0,8220,2739,EC,OC
5741,190.0,8221,5901,EC,OC
5742,190.0,8222,5901,EC,OC
5743,190.0,8223,5008,ME,OC
5744,190.0,8224,1399,AD,BC
5745,190.0,8225,1112,CS,OC
5746,190.0,8227,2718,EC,OC
5747,190.0,8230,2718,IT,OC
5748,190.0,8232,2622,AM,OC
5749,190.0,8233,2764,EC,OC
5750,190.0,8234,2735,CS,OC
5751,190.0,8235,1113,IT,OC
5752,190.0,8237,4,PR,OC
5753,190.0,8239,4,IM,SCA
5754,190.0,8240,5008,IM,MBC
5755,190.0,8242,2764,CS,OC
5756,190.0,8244,3830,EC,OC
5757,190.0,8248,2005,ME,OC
5758,190.0,8249,1,EE,ST
5759,190.0,8250,2702,CS,OC
5760,190.0,8253,2718,EC,BC
5761,190.0,8254,1399,IT,BC
5762,190.0,8255,3011,IT,OC
5763,190.0,8256,2708,CS,OC
5764,190.0,8258,2718,IT,OC
5765,190.0,8260,1013,EC,OC
5766,190.0,8261,1315,ME,BCM
5767,190.0,8262,1399,IT,BC
5768,190.0,8264,2,CL,OC
5769,190.0,8265,1211,EC,OC
5770,190.0,8266,1399,AD,BCM
5771,190.0,8267,5008,EY,BC
5772,190.0,8268,1399,AD,MBC
5773,190.0,8271,1399,CS,MBC
5774,190.0,8272,2711,CS,OC
5775,190.0,8273,1399,SC,BC
5776,190.0,8274,4,AU,BC
5777,190.0,8276,2005,EI,BC
5778,190.0,8277,1,IE,BC
5779,190.0,8278,2718,EC,BC
5780,190.0,8281,1211,EC,OC
5781,190.0,8282,1219,EC,OC
5782,190.0,8284,2006,IY,MBC
5783,190.0,8285,2718,EC,MBC
5784,190.0,8286,1399,SC,BC
5785,190.0,8287,2718,EC,MBC
5786,190.0,8288,2739,CS,BC
5787,190.0,8289,1419,EC,OC
5788,190.0,8290,2006,ME,MBC
5789,190.0,8293,1399,EC,MBC
5790,190.0,8295,1211,AD,OC
5791,190.0,8296,1399,IT,BC
5792,190.0,8298,2718,EC,MBC
5793,190.0,8299,1113,CS,OC
5794,190.0,8304,1,MI,MBC
5795,190.0,8305,1211,AD,OC
5796,190.0,8308,2718,IT,OC
5797,190.0,8312,3830,CS,OC
5798,190.0,8313,2718,IT,OC
5799,190.0,8314,5008,CS,SC
5800,190.0,8315,1,CE,SC
5801,190.0,8316,2025,AD,OC
5802,190.0,8318,1211,IT,OC
5803,190.0,8319,2006,CG,SC
5804,190.0,8320,2718,CS,MBC
5805,190.0,8321,1399,BM,OC
5806,190.0,8322,5901,EE,OC
5807,190.0,8323,2718,EC,BC
5808,190.0,8331,1399,IT,BC
5809,190.0,8333,1413,CS,OC
5810,190.0,8334,2711,EC,OC
5811,190.0,8337,4960,EC,OC
5812,190.0,8339,1399,IT,BC
5813,190.0,8341,2718,SC,OC
5814,190.0,8344,2718,AD,BC
5815,190.0,8345,2,CL,OC
5816,190.0,8347,1309,CS,OC
5817,190.0,8348,2718,IT,OC
5818,190.0,8358,1211,EC,OC
5819,190.0,8361,2718,IT,OC
5820,190.0,8364,1216,CS,OC
5821,190.0,8366,2006,MF,BCM
5822,190.0,8369,1399,EV,OC
5823,190.0,8370,2006,IY,BC
5824,190.0,8371,2711,CS,OC
5825,190.0,8375,1315,BM,BC
5826,190.0,8377,1399,AD,MBC
5827,190.0,8381,1399,AD,BC
5828,190.0,8385,5012,CC,BCM
5829,190.0,8386,1315,BM,BC
5830,190.0,8387,2702,CS,OC
5831,190.0,8389,1315,CH,BC
5832,190.0,8395,1216,CS,OC
5833,190.0,8396,2006,ES,OC
5834,190.0,8399,3465,CS,OC
5835,190.0,8405,1317,CS,OC
5836,190.0,8412,1399,AD,SC
5837,190.0,8419,2,IB,MBC
5838,190.0,8423,1399,CS,MBC
5839,190.0,8425,2718,IT,OC
5840,190.0,8427,1399,EV,OC
5841,190.0,8433,1,MA,OC
5842,190.0,8436,1,GI,BC
5843,190.0,8439,1219,EC,OC
5844,190.0,8443,2006,RA,BCM
5845,190.0,8446,1399,EA,OC
5846,190.0,8448,1399,EA,OC
5847,190.0,8450,2006,MF,BC
5848,190.0,8461,1219,CS,MBC
5849,190.0,8462,2006,CM,SC
5850,190.0,8465,1399,AD,BC
5851,190.0,8466,2,CH,MBC
5852,190.0,8470,1399,AM,BC
5853,190.0,8470,2,CL,OC
5854,190.0,8471,2718,EC,BC
5855,190.0,8477,2006,IM,SC
5856,190.0,8482,5008,ME,OC
5857,190.0,8484,1399,AD,BC
5858,190.0,8485,1399,CS,MBC
5859,190.0,8487,2,FS,OC
5860,190.0,8488,2718,IT,OC
5861,190.0,8489,1399,EC,MBC
5862,190.0,8494,1,GI,BC
5863,190.0,8501,4,AU,BC
5864,190.0,8502,2006,ES,OC
5865,190.0,8505,1419,CS,OC
5866,190.0,8506,1211,CS,BC
5867,190.0,8508,2712,EE,OC
5868,190.0,8510,2718,CS,MBC
5869,190.0,8554,2,CL,OC
5870,190.0,8514,1315,BM,BC
5871,190.0,8515,1219,IT,OC
5872,190.0,8518,1399,CB,BC
5873,190.0,8519,1315,ME,MBC
5874,190.0,8526,2006,ES,OC
5875,190.0,8528,2006,MF,BCM
5876,190.0,8529,1399,EC,MBC
5877,190.0,8530,2,CL,OC
5878,190.0,8535,1399,AM,BC
5879,190.0,8539,2006,RA,BCM
5880,190.0,8544,2718,AD,BC
5881,190.0,8548,1315,EC,SC
5882,190.0,8550,2,CL,OC
5883,190.0,8551,2006,BY,OC
5884,190.0,8552,1432,AM,OC
5885,190.0,8555,2718,AD,BC
5886,190.0,8558,2718,IT,OC
5887,190.0,8562,1315,EC,SC
5888,190.0,8570,2006,ES,OC
5889,190.0,8572,2,CL,OC
5890,190.0,8573,1399,AM,MBC
5891,190.0,8574,1399,CB,BC
5892,190.0,8576,2006,MF,BC
5893,190.0,8577,4,AU,BC
5894,190.0,8579,2718,CS,MBC
5895,190.0,8584,2718,AD,BC
5896,190.0,8586,1399,AD,BC
5897,190.0,8588,2718,CS,BCM
5898,190.0,8589,2006,ES,BC
5899,190.0,8597,2006,MF,BC
5900,190.0,8598,2718,AD,BC
5901,190.0,8599,2,IB,BC
5902,190.0,8606,1219,EC,OC
5903,190.0,8609,2006,CM,SC
5904,190.0,8612,5008,EE,BCM
5905,190.0,8613,2006,ES,BC
5906,190.0,8614,1315,ME,MBC
5907,190.0,8615,2006,MF,BC
5908,190.0,8616,2718,EC,BC
5909,190.0,8617,1219,IT,OC
5910,190.0,8618,1,MA,OC
5911,190.0,8619,2,CL,OC
5912,190.0,8620,1219,CS,BC
5913,190.0,8623,1219,EC,OC
5914,190.0,8624,2006,ES,BC
5915,190.0,8627,2718,IT,OC
5916,190.0,8630,2006,EE,SC
5917,190.0,8631,2718,AD,BC
5918,190.0,8634,4,PR,OC
5919,190.0,8639,2005,ME,OC
5920,190.0,8641,1210,CS,OC
5921,190.0,8644,2711,CS,OC
5922,190.0,8645,2702,CS,OC
5923,190.0,8646,2710,CS,OC
5924,190.0,8647,1219,IT,OC
5925,190.0,8648,2718,CS,MBC
5926,190.0,8649,4,EM,SCA
5927,190.0,8650,2,CL,OC
5928,190.0,8651,1,EE,SCA
5929,190.0,8652,2369,CS,OC
5930,190.0,8653,2006,BY,OC
5931,190.0,8654,1399,BM,OC
5932,190.0,8655,2,CH,SC
5933,190.0,8656,2751,IT,OC
5934,190.0,8659,2718,IT,OC
5935,190.0,8660,2005,EI,MBC
5936,190.0,8661,4,CS,SCA
5937,190.0,8663,1399,EA,OC
5938,190.0,8664,1399,AM,BC
5939,190.0,8664,1,MN,OC
5940,190.0,8667,1,IE,MBC
5941,190.0,8668,2718,IT,OC
5942,190.0,8674,2006,MF,BC
5943,190.0,8676,1414,CS,MBC
5944,190.0,8677,2739,AD,OC
5945,190.0,8680,2712,EE,OC
5946,190.0,8681,2702,CS,OC
5947,190.0,8682,2005,EI,BC
5948,190.0,8683,1315,IT,SC
5949,190.0,8684,2712,EE,OC
5950,190.0,8686,1315,BM,BC
5951,190.0,8689,2718,SC,OC
5952,190.0,8691,2739,AD,OC
5953,190.0,8692,2329,AD,OC
5954,190.0,8695,1315,BM,BC
5955,190.0,8696,2712,AD,MBC
5956,190.0,8697,1432,AD,OC
5957,190.0,8698,1216,EC,OC
5958,190.0,8700,2007,ME,OC
5959,190.0,8701,3465,CS,OC
5960,190.0,8702,1219,AD,OC
5961,190.0,8704,2712,EC,BCM
5962,190.0,8706,2718,SC,OC
5963,190.0,8708,1399,AD,BC
5964,190.0,8709,5986,CS,OC
5965,190.0,8712,5008,ME,OC
5966,190.0,8714,2005,EI,MBC
5967,190.0,8716,1399,EA,OC
5968,190.0,8717,1211,CS,MBC
5969,190.0,8718,1399,AD,BC
5970,190.0,8721,3826,AD,OC
5971,190.0,8722,2,IB,MBC
5972,190.0,8724,1432,CS,OC
5973,190.0,8725,2719,CS,OC
5974,190.0,8726,1211,CS,BCM
5975,190.0,8727,2718,IT,OC
5976,190.0,8729,1216,IT,OC
5977,190.0,8731,1399,IT,BCM
5978,190.0,8735,2750,CB,OC
5979,190.0,8738,2708,CS,OC
5980,190.0,8740,2718,EC,BC
5981,190.0,8741,2718,CS,MBC
5982,190.0,8743,5,CH,OC
5983,190.0,8744,1120,IT,OC
5984,190.0,8745,1211,CS,BC
5985,190.0,8747,1399,EA,OC
5986,190.0,8750,2712,EC,BCM
5987,190.0,8751,2718,SC,OC
5988,190.0,8753,2739,CS,BC
5989,190.0,8754,1315,CE,OC
5990,190.0,8755,1399,AD,BC
5991,190.0,8756,1324,EC,OC
5992,190.0,8757,2006,CM,SC
5993,190.0,8758,2764,CS,BC
5994,190.0,8759,2710,AD,MBC
5995,190.0,8761,5901,CS,MBC
5996,190.0,8764,4,PR,OC
5997,190.0,8765,1317,EC,OC
5998,190.0,8769,2377,ME,OC
5999,190.0,8770,1211,AD,OC
6000,190.0,8771,1414,IT,BC
6001,190.0,8772,5901,CS,BCM
6002,190.0,8773,1399,AD,MBC
6003,190.0,8774,1,GI,MBC
6004,190.0,8775,2712,EE,MBC
6005,190.0,8776,5901,EC,OC
6006,190.0,8777,1211,CS,BC
6007,190.0,8778,1211,AD,OC
6008,190.0,8781,2718,EC,MBC
6009,190.0,8783,5008,MG,OC
6010,190.0,8784,2718,EC,BC
6011,190.0,8788,2715,BM,OC
6012,190.0,8790,1211,EC,OC
6013,190.0,8791,1442,AD,MBC
6014,190.0,8792,1399,EE,OC
6015,190.0,8793,1399,AM,BC
6016,190.0,8795,1211,EC,OC
6017,190.0,8796,2025,AD,OC
6018,190.0,8797,2006,ES,BC
6019,190.0,8798,1399,CB,MBC
6020,190.0,8799,1419,EC,OC
6021,190.0,8800,1432,CS,OC
6022,190.0,8801,2718,EC,BC
6023,190.0,8803,1419,CS,OC
6024,190.0,8807,1450,CS,OC
6025,190.0,8808,2718,IT,OC
6026,190.0,8810,2722,CS,OC
6027,190.0,8812,1219,AD,OC
6028,190.0,8815,2005,EI,BC
6029,189.7,8818,1399,CB,BC
6030,189.7,8819,1211,CS,BC
6031,189.6,8822,1315,IT,SC
6032,189.6,8823,2329,AM,OC
6033,189.6,8824,2329,AD,OC
6034,189.5,8826,2739,CS,BC
6035,189.5,8827,2740,AD,OC
6036,189.5,8829,5901,CS,BC
6037,189.5,8830,2005,ME,OC
6038,189.5,8832,2712,AE,OC
6039,189.5,8834,2007,ME,OC
6040,189.5,8835,2718,IT,OC
6041,189.5,8836,2708,AE,OC
6042,189.5,8837,2702,CS,OC
6043,189.5,8838,2006,IM,SC
6044,189.5,8839,1432,EC,OC
6045,189.5,8841,2718,AD,MBC
6046,189.5,8843,2007,EY,MBC
6047,189.5,8846,1399,CB,BCM
6048,189.5,8847,5008,CS,SC
6049,189.5,8848,2712,EE,BC
6050,189.5,8849,1219,EC,OC
6051,189.5,8850,3806,AD,OC
6052,189.5,8851,2710,CS,OC
6053,189.5,8853,2006,MF,BC
6054,189.5,8854,2718,IT,OC
6055,189.5,8855,1432,AD,OC
6056,189.5,8856,2702,CS,OC
6057,189.5,8857,2722,IT,OC
6058,189.5,8859,2718,AD,BC
6059,189.5,8861,2739,AD,OC
6060,189.5,8863,1219,IT,OC
6061,189.5,8864,1399,AM,MBC
6062,189.5,8866,2006,CE,MBC
6063,189.5,8867,1211,CS,BC
6064,189.5,8868,1432,EC,OC
6065,189.5,8869,2712,IT,MBC
6066,189.5,8870,2006,IM,SC
6067,189.5,8872,2718,IT,OC
6068,189.5,8873,2718,IT,OC
6069,189.5,8874,2751,CS,OC
6070,189.5,8875,2718,EC,BC
6071,189.5,8876,2709,CS,OC
6072,189.5,8877,4670,CS,OC
6073,189.5,8878,2702,EC,OC
6074,189.5,8879,2,CL,MBC
6075,189.5,8880,4974,EC,OC
6076,189.5,8881,2006,MF,BC
6077,189.5,8882,1399,AD,BC
6078,189.5,8885,1211,EC,OC
6079,189.5,8886,1399,AD,BC
6080,189.5,8887,1432,AM,OC
6081,189.5,8889,2718,IT,BC
6082,189.5,8890,2615,EE,OC
6083,189.5,8891,2603,CS,OC
6084,189.5,8892,1118,EC,OC
6085,189.5,8893,2739,CS,BC
6086,189.5,8894,1211,IT,OC
6087,189.5,8895,2025,CS,OC
6088,189.5,8896,2769,FD,OC
6089,189.5,8897,2615,EC,BCM
6090,189.5,8898,3,BP,OC
6091,189.5,8900,1211,CS,BC
6092,189.5,8901,2007,EC,SC
6093,189.5,8902,4974,CS,MBC
6094,189.5,8903,1,XC,OC
6095,189.5,8904,2739,CS,BC
6096,189.5,8905,2718,EC,BC
6097,189.5,8906,2712,EE,BC
6098,189.5,8907,2702,CS,OC
6099,189.5,8908,2739,CS,BC
6100,189.5,8909,2712,EI,OC
6101,189.5,8911,5901,EC,OC
6102,189.5,8913,2377,IC,OC
6103,189.5,8914,4962,IT,OC
6104,189.5,8915,2718,AD,BC
6105,189.5,8916,2722,CS,OC
6106,189.5,8917,5901,CS,MBC
6107,189.5,8918,2710,CS,OC
6108,189.5,8919,1505,IT,OC
6109,189.5,8921,2006,EM,SC
6110,189.5,8922,2718,EC,BC
6111,189.5,8924,2718,EC,BC
6112,189.5,8925,1399,AD,BC
6113,189.5,8926,2740,AD,OC
6114,189.5,8928,5008,ME,OC
6115,189.5,8929,1399,SC,MBC
6116,189.5,8931,2718,AD,BC
6117,189.5,8932,1211,CS,BC
6118,189.5,8934,2731,IT,OC
6119,189.5,8935,1219,CS,MBC
6120,189.5,8936,2764,CS,BCM
6121,189.5,8939,2739,CS,BC
6122,189.5,8940,2712,IT,MBC
6123,189.5,8941,2723,EC,OC
6124,189.5,8943,4,RA,SC
6125,189.5,8946,1216,CS,OC
6126,189.5,8947,2710,CS,OC
6127,189.5,8948,2718,SC,OC
6128,189.5,8950,2702,CS,OC
6129,189.5,8954,2712,EE,MBC
6130,189.5,8956,2007,ME,OC
6131,189.5,8957,2,CL,BC
6132,189.5,8958,2005,EI,BC
6133,189.5,8959,2711,AD,OC
6134,189.5,8960,2718,IT,BC
6135,189.5,8961,2608,CS,OC
6136,189.5,8963,2006,MF,MBC
6137,189.5,8965,2718,SC,OC
6138,189.5,8966,1432,CS,OC
6139,189.5,8967,1399,AM,BCM
6140,189.5,8968,2718,EC,BC
6141,189.5,8969,5008,IM,MBC
6142,189.5,8970,2764,IT,OC
6143,189.5,8971,2006,IY,BC
6144,189.5,8974,2620,AD,OC
6145,189.5,8978,5901,CS,MBC
6146,189.5,8979,2,CH,MBC
6147,189.5,8980,4974,EC,OC
6148,189.5,8981,2007,AT,SC
6149,189.5,8982,2,TX,OC
6150,189.5,8986,2718,IT,BC
6151,189.5,8987,2615,EE,OC
6152,189.5,8988,2712,EE,BC
6153,189.5,8989,1211,IT,OC
6154,189.5,8990,1304,CS,OC
6155,189.5,8992,1216,CS,OC
6156,189.5,8994,1399,CS,MBC
6157,189.5,8995,2739,CS,MBC
6158,189.5,8997,1399,CB,MBC
6159,189.5,8998,2005,EI,MBC
6160,189.5,8999,2006,EE,SC
6161,189.5,9000,2712,EE,BC
6162,189.5,9001,5008,IM,MBC
6163,189.5,9002,2764,CS,BC
6164,189.5,9003,1211,CS,BC
6165,189.5,9004,3804,EC,OC
6166,189.5,9005,1399,AM,MBC
6167,189.5,9006,5008,IM,MBC
6168,189.5,9007,1,GI,BC
6169,189.5,9008,2718,AD,BC
6170,189.5,9009,2739,EC,OC
6171,189.5,9010,2736,AD,OC
6172,189.5,9011,2718,IT,BC
6173,189.5,9012,5008,IM,MBC
6174,189.5,9013,2718,SC,OC
6175,189.5,9014,1,MI,MBC
6176,189.5,9015,1315,BM,BC
6177,189.5,9016,2739,CS,BC
6178,189.5,9017,1,MA,OC
6179,189.5,9021,2005,EI,MBC
6180,189.5,9024,2006,MF,BC
6181,189.5,9025,1211,EC,OC
6182,189.5,9026,1419,EC,OC
6183,189.5,9027,1450,CS,OC
6184,189.5,9029,1432,CS,OC
6185,189.5,9030,1399,EE,OC
6186,189.5,9031,2710,AD,MBC
6187,189.5,9032,1399,CS,MBC
6188,189.5,9034,1211,IT,OC
6189,189.5,9035,1113,CS,OC
6190,189.5,9036,1399,AD,BC
6191,189.5,9037,4864,EC,OC
6192,189.5,9038,1013,EC,OC
6193,189.5,9039,1,XM,OC
6194,189.5,9040,2702,CS,OC
6195,189.5,9042,2,CL,MBC
6196,189.5,9043,2615,EE,OC
6197,189.5,9045,2006,IM,SC
6198,189.5,9047,2006,BS,MBC
6199,189.5,9048,5901,EC,BC
6200,189.5,9049,2710,CS,OC
6201,189.5,9051,1,ME,SC
6202,189.5,9053,2007,EC,SC
6203,189.5,9054,4944,EC,OC
6204,189.5,9056,2718,SC,OC
6205,189.5,9057,1219,CS,MBC
6206,189.5,9058,1113,EC,OC
6207,189.5,9059,2007,EC,SCA
6208,189.5,9060,2005,EI,MBC
6209,189.5,9061,2005,CE,OC
6210,189.5,9062,1432,CS,OC
6211,189.5,9063,5901,CS,MBC
6212,189.5,9064,2706,CS,OC
6213,189.5,9065,5986,CS,OC
6214,189.5,9066,1399,CB,MBC
6215,189.5,9067,2007,CE,OC
6216,189.5,9068,2764,CS,BC
6217,189.5,9069,2718,IT,BC
6218,189.5,9070,2702,CS,OC
6219,189.5,9074,1432,CS,OC
6220,189.5,9075,2711,CS,OC
6221,189.5,9076,2005,EC,ST
6222,189.5,9077,2722,AM,OC
6223,189.5,9078,1315,EC,SC
6224,189.5,9079,1432,EC,OC
6225,189.5,9080,2006,CM,SC
6226,189.5,9081,2,CL,BCM
6227,189.5,9083,1,PT,OC
6228,189.5,9084,5008,CE,OC
6229,189.5,9085,2712,MZ,OC
6230,189.5,9086,2,IB,SC
6231,189.5,9088,2715,CS,OC
6232,189.5,9089,1211,AD,OC
6233,189.5,9091,2377,IC,OC
6234,189.5,9092,2718,EC,MBC
6235,189.5,9093,5901,CS,MBC
6236,189.5,9095,2718,EE,OC
6237,189.5,9096,2718,EC,BC
6238,189.5,9098,2718,EC,BC
6239,189.5,9099,2739,CS,BC
6240,189.5,9100,1211,CS,MBC
6241,189.5,9101,2739,CS,BC
6242,189.5,9103,1432,CS,OC
6243,189.5,9104,1317,CS,OC
6244,189.5,9105,2712,AD,MBC
6245,189.5,9107,2764,EC,OC
6246,189.5,9108,1399,EA,OC
6247,189.5,9109,2718,IT,BC
6248,189.5,9110,1399,AM,BC
6249,189.5,9111,2718,IT,BC
6250,189.5,9112,1216,CS,OC
6251,189.5,9113,2764,EC,OC
6252,189.5,9114,2608,EC,OC
6253,189.5,9115,2007,ME,OC
6254,189.5,9117,2025,AD,OC
6255,189.5,9118,1014,IT,OC
6256,189.5,9119,2718,SC,OC
6257,189.5,9120,2007,CH,OC
6258,189.5,9121,2712,EE,BC
6259,189.5,9122,2708,IT,OC
6260,189.5,9123,1442,AD,MBC
6261,189.5,9124,1414,IT,BC
6262,189.5,9126,2739,CS,BC
6263,189.5,9128,1,MI,MBC
6264,189.5,9130,2718,CS,MBC
6265,189.5,9131,2739,CS,BC
6266,189.5,9132,1324,SC,OC
6267,189.5,9134,1399,CB,BC
6268,189.5,9135,1,CE,SC
6269,189.5,9138,4,AU,BC
6270,189.5,9139,1432,CS,OC
6271,189.5,9140,2718,SC,OC
6272,189.5,9141,1422,CS,OC
6273,189.5,9142,5986,EC,OC
6274,189.5,9143,1219,AD,OC
6275,189.5,9144,2718,CS,MBC
6276,189.5,9148,2702,CS,OC
6277,189.5,9149,5901,CS,BC
6278,189.5,9150,1450,CS,OC
6279,189.5,9151,2764,EC,OC
6280,189.5,9152,2718,EC,BC
6281,189.5,9153,1399,CB,BC
6282,189.5,9154,2702,EC,OC
6283,189.5,9155,2007,ME,OC
6284,189.5,9156,2712,CS,SC
6285,189.5,9157,2377,ME,OC
6286,189.5,9158,2718,CS,MBC
6287,189.5,9159,1219,CS,MBC
6288,189.5,9162,5901,EC,BC
6289,189.5,9164,1399,AD,BC
6290,189.5,9165,5008,IM,MBC
6291,189.5,9166,2007,ME,OC
6292,189.5,9168,5008,MG,OC
6293,189.5,9170,1315,EE,SC
6294,189.5,9173,2005,IB,OC
6295,189.5,9175,4678,CS,OC
6296,189.5,9176,1399,CS,MBC
6297,189.5,9178,3807,CS,OC
6298,189.5,9180,1519,AD,OC
6299,189.5,9181,1432,AM,OC
6300,189.5,9182,2718,EC,BC
6301,189.5,9183,2764,CS,BC
6302,189.5,9184,5008,MF,OC
6303,189.5,9185,2702,CS,OC
6304,189.5,9186,2006,BS,MBC
6305,189.5,9188,2006,IY,BC
6306,189.5,9189,1317,EE,OC
6307,189.5,9190,5901,CS,BC
6308,189.5,9191,1450,CS,OC
6309,189.5,9192,2718,SC,OC
6310,189.5,9194,2739,CS,BC
6311,189.5,9195,2718,SC,OC
6312,189.5,9196,1149,IT,OC
6313,189.5,9197,2025,CS,OC
6314,189.5,9198,2718,IT,BC
6315,189.5,9200,2615,EE,OC
6316,189.5,9201,5008,IM,MBC
6317,189.5,9202,4962,CS,OC
6318,189.5,9203,2005,ME,OC
6319,189.5,9205,2006,MF,BC
6320,189.5,9206,1232,CS,OC
6321,189.5,9207,1219,CS,MBC
6322,189.5,9208,1399,EC,MBC
6323,189.5,9209,1399,AD,BC
6324,189.5,9210,2,CL,MBC
6325,189.5,9211,1,MI,BC
6326,189.5,9213,1211,CS,MBC
6327,189.5,9215,2007,ME,OC
6328,189.5,9217,2,PP,OC
6329,189.5,9218,2,FS,OC
6330,189.5,9219,1211,AD,OC
6331,189.5,9220,1399,CB,MBC
6332,189.5,9222,2377,IC,OC
6333,189.5,9223,1412,IT,OC
6334,189.5,9224,2751,CS,OC
6335,189.5,9226,5008,ME,OC
6336,189.5,9232,2710,CS,OC
6337,189.5,9234,2006,CG,SC
6338,189.5,9237,1315,ME,MBC
6339,189.5,9238,2,IS,BCM
6340,189.5,9239,1399,AM,BCM
6341,189.5,9240,2711,CS,OC
6342,189.5,9241,1,MN,OC
6343,189.5,9243,1211,CS,MBC
6344,189.5,9250,4962,AD,OC
6345,189.5,9251,1315,CE,OC
6346,189.5,9252,1126,SC,OC
6347,189.5,9253,2702,CS,OC
6348,189.5,9255,5008,MF,OC
6349,189.5,9258,1399,EA,OC
6350,189.5,9262,2712,AD,MBC
6351,189.5,9268,1219,IT,OC
6352,189.5,9269,1315,IT,SC
6353,189.5,9277,2739,EC,OC
6354,189.5,9278,1,MN,OC
6355,189.5,9279,2712,EE,BC
6356,189.5,9279,1315,CH,BC
6357,189.5,9280,1399,AM,SC
6358,189.5,9283,2,CL,BC
6359,189.5,9285,1211,IT,OC
6360,189.5,9296,2006,IY,BC
6361,189.5,9301,2718,IT,BC
6362,189.5,9303,2025,CS,OC
6363,189.5,9307,1442,AD,MBC
6364,189.5,9308,2739,CS,BC
6365,189.5,9309,2739,CS,BC
6366,189.5,9310,2718,SC,OC
6367,189.5,9311,5901,CS,BC
6368,189.5,9313,1432,CS,OC
6369,189.5,9315,5008,IM,MBC
6370,189.5,9316,1315,ME,MBC
6371,189.5,9317,1,GI,BC
6372,189.5,9318,1399,CS,MBC
6373,189.5,9321,2377,ME,OC
6374,189.5,9323,1315,CH,MBC
6375,189.5,9325,2718,AD,BC
6376,189.5,9326,4,PR,OC
6377,189.5,9328,1211,AD,OC
6378,189.5,9330,1013,CS,OC
6379,189.5,9334,1219,IT,OC
6380,189.5,9335,1432,CS,OC
6381,189.5,9336,2711,CS,OC
6382,189.5,9338,2710,CS,OC
6383,189.5,9341,2718,AD,MBC
6384,189.5,9342,2712,AD,MBC
6385,189.5,9343,2718,AD,BC
6386,189.5,9344,1304,CS,OC
6387,189.5,9345,2718,IT,BC
6388,189.5,9348,1219,EC,OC
6389,189.5,9349,5901,EE,OC
6390,189.5,9350,2739,EC,OC
6391,189.5,9351,1,ME,SC
6392,189.5,9352,2377,ME,OC
6393,189.5,9354,2718,AD,MBC
6394,189.5,9355,1113,IT,OC
6395,189.5,9356,1399,SC,MBC
6396,189.5,9361,2377,EE,MBC
6397,189.5,9363,5008,ME,OC
6398,189.5,9364,2722,CS,OC
6399,189.5,9365,1442,AD,MBC
6400,189.5,9367,2708,CS,OC
6401,189.5,9368,5008,ME,OC
6402,189.5,9369,1414,IT,BC
6403,189.5,9370,1419,CS,OC
6404,189.5,9371,2764,CS,BC
6405,189.5,9373,2739,CS,BC
6406,189.5,9375,1216,AD,OC
6407,189.5,9376,2739,IT,OC
6408,189.5,9378,1432,CB,OC
6409,189.5,9379,2739,EC,OC
6410,189.5,9380,1211,CS,MBC
6411,189.5,9382,2764,CS,BC
6412,189.5,9383,2709,EC,OC
6413,189.5,9384,2764,IT,OC
6414,189.5,9385,2007,ME,OC
6415,189.5,9386,1399,AD,BC
6416,189.5,9387,2718,SC,OC
6417,189.5,9388,1219,AD,OC
6418,189.5,9389,2006,IY,BC
6419,189.5,9391,2006,IY,MBC
6420,189.5,9392,2718,EE,OC
6421,189.5,9394,2007,CH,OC
6422,189.5,9395,5008,CE,OC
6423,189.5,9396,1211,EC,OC
6424,189.5,9397,4,PR,OC
6425,189.5,9398,1211,AD,OC
6426,189.5,9401,2718,IT,BCM
6427,189.5,9402,2764,IT,OC
6428,189.5,9406,1219,IT,OC
6429,189.5,9407,1432,AD,OC
6430,189.5,9410,2764,CS,BC
6431,189.5,9411,1211,CS,MBC
6432,189.5,9412,2006,EM,SC
6433,189.5,9413,5901,CS,MBC
6434,189.5,9414,1399,SC,MBC
6435,189.5,9416,1432,AD,OC
6436,189.5,9417,1399,EE,OC
6437,189.5,9418,1399,AD,BC
6438,189.5,9420,1211,IT,OC
6439,189.5,9421,2739,AD,OC
6440,189.5,9425,1211,EC,OC
6441,189.5,9427,2712,EE,MBC
6442,189.5,9428,1211,IT,OC
6443,189.5,9429,2377,ME,OC
6444,189.5,9430,1211,CS,MBC
6445,189.5,9432,2712,BT,OC
6446,189.5,9433,1211,AD,OC
6447,189.5,9435,2007,ME,OC
6448,189.5,9436,2718,IT,BCM
6449,189.5,9437,2006,EM,SC
6450,189.5,9438,2718,IT,BC
6451,189.5,9439,1317,CS,OC
6452,189.5,9442,1399,AM,BC
6453,189.5,9443,1219,IT,OC
6454,189.5,9444,1219,CS,BC
6455,189.5,9446,3826,AD,OC
6456,189.5,9447,1,MN,OC
6457,189.5,9449,2764,CS,BC
6458,189.5,9450,1,XC,OC
6459,189.5,9451,1211,AD,OC
6460,189.5,9454,2718,EC,BC
6461,189.5,9456,2718,SC,OC
6462,189.5,9458,2711,CS,OC
6463,189.5,9460,2006,CM,SC
6464,189.5,9461,2377,ME,OC
6465,189.5,9462,1,IE,BC
6466,189.5,9465,1315,CH,MBC
6467,189.5,9466,1315,CH,BCM
6468,189.5,9468,2006,BS,BC
6469,189.5,9469,2620,CS,OC
6470,189.5,9471,2712,EE,BC
6471,189.5,9472,4974,EC,OC
6472,189.5,9473,1414,IT,BC
6473,189.5,9474,4,PR,OC
6474,189.5,9476,2005,CS,SC
6475,189.5,9478,2739,AD,OC
6476,189.5,9479,2005,EI,MBC
6477,189.5,9480,5901,EE,OC
6478,189.5,9481,2,CL,BC
6479,189.5,9488,2006,BY,BC
6480,189.5,9489,1211,AD,OC
6481,189.5,9490,1211,EC,OC
6482,189.5,9496,5901,CS,MBC
6483,189.5,9497,1414,IT,BC
6484,189.5,9499,1324,CS,OC
6485,189.5,9500,5901,EC,MBC
6486,189.5,9502,2006,IY,BC
6487,189.3,9505,2005,EI,BC
6488,189.2,9507,2718,SC,OC
6489,189.2,9508,1216,AL,OC
6490,189.2,9509,2006,PR,OC
6491,189.2,9510,1399,SC,BCM
6492,189.2,9511,1211,CS,BC
6493,189.0,9513,2,IB,MBC
6494,189.0,9515,1211,EC,OC
6495,189.0,9516,2739,CS,BC
6496,189.0,9517,1211,IT,OC
6497,189.0,9519,1211,SC,OC
6498,189.0,9520,1211,EC,OC
6499,189.0,9521,2722,EC,OC
6500,189.0,9522,1,IE,BC
6501,189.0,9523,2722,CS,OC
6502,189.0,9524,5901,EC,MBC
6503,189.0,9526,2718,AD,MBC
6504,189.0,9527,2711,AD,OC
6505,189.0,9528,4962,AD,OC
6506,189.0,9529,2005,CS,SC
6507,189.0,9530,1399,BM,OC
6508,189.0,9532,3801,IT,OC
6509,189.0,9533,2718,EC,BC
6510,189.0,9534,2739,SC,OC
6511,189.0,9535,1219,CS,MBC
6512,189.0,9536,1,XM,OC
6513,189.0,9537,2751,CS,OC
6514,189.0,9538,2710,AD,BC
6515,189.0,9539,2710,CS,OC
6516,189.0,9540,1419,CS,OC
6517,189.0,9541,2702,CS,OC
6518,189.0,9542,2764,CS,BC
6519,189.0,9543,2718,IT,BC
6520,189.0,9544,1216,EC,OC
6521,189.0,9545,2007,ME,OC
6522,189.0,9546,2764,CS,BC
6523,189.0,9547,2718,IT,MBC
6524,189.0,9548,4974,CS,BC
6525,189.0,9549,1216,SC,OC
6526,189.0,9550,2615,EE,OC
6527,189.0,9552,5008,EY,MBC
6528,189.0,9553,4974,CS,BC
6529,189.0,9554,5910,CS,OC
6530,189.0,9555,1399,CS,MBC
6531,189.0,9556,2718,EC,BC
6532,189.0,9557,2006,ES,BC
6533,189.0,9558,1315,CE,OC
6534,189.0,9560,2005,CS,SCA
6535,189.0,9563,1211,CS,MBC
6536,189.0,9564,5901,EC,MBC
6537,189.0,9565,1432,CS,OC
6538,189.0,9566,2007,CH,OC
6539,189.0,9567,1207,CS,OC
6540,189.0,9568,2702,CS,OC
6541,189.0,9571,2751,IT,OC
6542,189.0,9572,2739,AD,OC
6543,189.0,9573,5008,ME,OC
6544,189.0,9574,2622,AD,OC
6545,189.0,9578,2702,CS,OC
6546,189.0,9579,2718,CD,OC
6547,189.0,9580,1399,MZ,OC
6548,189.0,9581,1211,AL,OC
6549,189.0,9582,1219,IT,OC
6550,189.0,9583,1306,CS,OC
6551,189.0,9584,4,AT,SCA
6552,189.0,9585,1216,CS,OC
6553,189.0,9587,2764,CS,BC
6554,189.0,9588,1399,AM,BC
6555,189.0,9589,1422,AD,OC
6556,189.0,9591,1399,ME,OC
6557,189.0,9592,1216,CS,OC
6558,189.0,9593,2702,CS,OC
6559,189.0,9594,2377,CS,SC
6560,189.0,9595,2710,CS,BC
6561,189.0,9596,1216,CS,OC
6562,189.0,9597,1211,CS,MBC
6563,189.0,9598,2706,CS,OC
6564,189.0,9599,1432,AM,OC
6565,189.0,9600,2718,IT,MBC
6566,189.0,9601,2718,EC,BC
6567,189.0,9602,1211,IT,OC
6568,189.0,9603,2711,EC,OC
6569,189.0,9604,2711,CS,OC
6570,189.0,9605,2702,AD,OC
6571,189.0,9606,1399,AM,BC
6572,189.0,9607,2718,IT,BC
6573,189.0,9608,2718,CS,MBC
6574,189.0,9609,2710,IT,OC
6575,189.0,9610,2718,SC,OC
6576,189.0,9611,1113,AD,OC
6577,189.0,9612,2702,CS,OC
6578,189.0,9613,2718,AD,MBC
6579,189.0,9614,2025,AD,OC
6580,189.0,9615,2736,AD,OC
6581,189.0,9616,2739,AD,OC
6582,189.0,9617,5986,CS,OC
6583,189.0,9618,1432,CS,OC
6584,189.0,9619,2764,CS,BC
6585,189.0,9620,3011,EC,OC
6586,189.0,9621,1219,IT,OC
6587,189.0,9622,2005,EI,MBC
6588,189.0,9625,1317,CS,OC
6589,189.0,9626,2718,EC,MBC
6590,189.0,9627,1432,CS,OC
6591,189.0,9630,2345,AD,OC
6592,189.0,9631,1120,SC,OC
6593,189.0,9633,1219,CS,BC
6594,189.0,9634,1211,CS,MBC
6595,189.0,9636,1211,CS,BC
6596,189.0,9638,1399,EV,OC
6597,189.0,9639,2710,CS,BC
6598,189.0,9640,1210,AD,OC
6599,189.0,9641,1399,BM,OC
6600,189.0,9642,2709,CS,OC
6601,189.0,9644,1216,CS,OC
6602,189.0,9645,5901,CS,BC
6603,189.0,9646,5901,CS,BC
6604,189.0,9647,2718,AD,MBC
6605,189.0,9648,2718,CB,OC
6606,189.0,9649,4974,EC,OC
6607,189.0,9651,2615,EE,OC
6608,189.0,9652,4974,EC,OC
6609,189.0,9653,1211,AD,OC
6610,189.0,9654,1419,EC,OC
6611,189.0,9655,1126,BM,OC
6612,189.0,9656,5008,MG,OC
6613,189.0,9658,4024,ME,OC
6614,189.0,9659,2702,CS,OC
6615,189.0,9660,2722,CS,OC
6616,189.0,9661,1,PT,OC
6617,189.0,9663,2006,EE,SC
6618,189.0,9665,5986,EC,OC
6619,189.0,9666,1399,CS,MBC
6620,189.0,9667,2712,MZ,OC
6621,189.0,9668,1419,AD,OC
6622,189.0,9669,5008,MG,OC
6623,189.0,9670,4974,EC,OC
6624,189.0,9672,1324,CS,OC
6625,189.0,9673,2025,AD,OC
6626,189.0,9674,1315,CH,MBC
6627,189.0,9675,2718,IT,BCM
6628,189.0,9676,1399,AM,BC
6629,189.0,9678,1211,CS,BCM
6630,189.0,9679,2006,MT,OC
6631,189.0,9682,2712,EI,OC
6632,189.0,9686,2711,AD,OC
6633,189.0,9687,2006,CM,SC
6634,189.0,9688,2712,EE,BC
6635,189.0,9689,2710,CS,BC
6636,189.0,9690,1324,SC,OC
6637,189.0,9692,2005,EI,BC
6638,189.0,9694,1216,IT,OC
6639,189.0,9695,2006,CM,SC
6640,189.0,9696,2718,CB,OC
6641,189.0,9697,2005,EI,BC
6642,189.0,9698,2736,CS,OC
6643,189.0,9699,2712,EI,OC
6644,189.0,9700,2711,CS,OC
6645,189.0,9702,2718,EC,BCM
6646,189.0,9703,4023,CS,OC
6647,189.0,9704,4020,CS,OC
6648,189.0,9706,2739,IT,OC
6649,189.0,9707,1219,CS,BCM
6650,189.0,9708,5986,CS,OC
6651,189.0,9709,2719,EC,OC
6652,189.0,9710,2718,AD,BC
6653,189.0,9711,2709,CS,OC
6654,189.0,9712,1113,CS,OC
6655,189.0,9713,5008,EC,SC
6656,189.0,9714,1211,IT,OC
6657,189.0,9715,2718,IT,MBC
6658,189.0,9716,1315,CH,MBC
6659,189.0,9717,1315,CE,OC
6660,189.0,9718,5008,EC,SC
6661,189.0,9719,4960,CS,OC
6662,189.0,9720,2718,EC,BC
6663,189.0,9721,1211,AD,OC
6664,189.0,9722,1,GI,BC
6665,189.0,9723,2025,AD,MBC
6666,189.0,9724,2377,IC,OC
6667,189.0,9725,1399,AD,MBC
6668,189.0,9726,1419,CS,OC
6669,189.0,9728,2377,ME,OC
6670,189.0,9729,2718,EE,OC
6671,189.0,9730,2739,EC,OC
6672,189.0,9731,2005,ME,OC
6673,189.0,9732,2005,EI,MBC
6674,189.0,9733,2615,EE,OC
6675,189.0,9734,1,PT,OC
6676,189.0,9735,2739,IT,OC
6677,189.0,9736,1399,AM,BC
6678,189.0,9737,1211,CS,BC
6679,189.0,9738,1399,EC,MBC
6680,189.0,9740,5901,EC,BC
6681,189.0,9741,2718,IT,BC
6682,189.0,9743,2006,CG,SC
6683,189.0,9746,2718,AD,BC
6684,189.0,9747,2764,BM,OC
6685,189.0,9748,1211,CS,BC
6686,189.0,9749,1450,CS,OC
6687,189.0,9750,1113,CS,OC
6688,189.0,9751,1211,CS,MBC
6689,189.0,9752,1,GI,BC
6690,189.0,9753,1211,CS,BC
6691,189.0,9754,2712,EI,OC
6692,189.0,9755,2712,EE,BC
6693,189.0,9756,2007,EC,SC
6694,189.0,9758,1,IE,MBC
6695,189.0,9759,1399,AM,BC
6696,189.0,9761,2736,AD,OC
6697,189.0,9762,1219,CS,BCM
6698,189.0,9763,2005,EI,MBC
6699,189.0,9764,2718,CS,MBC
6700,189.0,9765,5986,CS,OC
6701,189.0,9766,1211,IT,OC
6702,189.0,9767,2710,EC,OC
6703,189.0,9768,2718,IT,MBC
6704,189.0,9770,2718,CS,BCM
6705,189.0,9771,2007,CH,OC
6706,189.0,9772,2702,CS,OC
6707,189.0,9773,1315,EC,SCA
6708,189.0,9774,2007,EY,BCM
6709,189.0,9775,2,CL,MBC
6710,189.0,9776,1219,CS,MBC
6711,189.0,9777,5986,CS,OC
6712,189.0,9781,1,IE,BC
6713,189.0,9782,2006,MF,MBC
6714,189.0,9784,1315,BM,MBC
6715,189.0,9787,2005,IT,SC
6716,189.0,9789,1399,EC,MBC
6717,189.0,9791,1219,EC,OC
6718,189.0,9793,1432,EC,OC
6719,189.0,9794,5901,EC,MBC
6720,189.0,9796,2610,AD,OC
6721,189.0,9797,4960,CS,OC
6722,189.0,9798,2006,CE,MBC
6723,189.0,9799,2718,CJ,OC
6724,189.0,9800,2711,CS,OC
6725,189.0,9801,2025,CS,OC
6726,189.0,9805,2718,EC,BC
6727,189.0,9808,2736,IT,OC
6728,189.0,9809,3011,CS,OC
6729,189.0,9810,2005,CS,SC
6730,189.0,9811,2007,CH,BC
6731,189.0,9812,2006,IM,SC
6732,189.0,9814,2702,EC,OC
6733,189.0,9815,5,CS,OC
6734,189.0,9816,1211,CS,BC
6735,189.0,9817,1399,EE,OC
6736,189.0,9818,1315,CE,OC
6737,189.0,9819,1399,EA,MBC
6738,189.0,9820,1419,CS,OC
6739,189.0,9821,1399,AM,BC
6740,189.0,9822,2,CL,BC
6741,189.0,9823,2718,EC,BC
6742,189.0,9826,2718,EC,BC
6743,189.0,9827,2740,CS,OC
6744,189.0,9829,5008,MG,OC
6745,189.0,9830,2006,BS,BC
6746,189.0,9832,5008,CE,OC
6747,189.0,9833,2718,EC,MBC
6748,189.0,9836,4,PR,OC
6749,189.0,9837,2718,AD,BC
6750,189.0,9838,1211,CS,BC
6751,189.0,9839,2764,EC,OC
6752,189.0,9840,2603,CS,OC
6753,189.0,9841,2006,BS,MBC
6754,189.0,9842,1219,IT,OC
6755,189.0,9843,2710,CS,MBC
6756,189.0,9845,1516,CS,OC
6757,189.0,9846,1211,CS,BC
6758,189.0,9848,5008,EC,SC
6759,189.0,9849,1219,CS,MBC
6760,189.0,9850,1211,EC,OC
6761,189.0,9853,4974,EC,OC
6762,189.0,9854,4962,CS,OC
6763,189.0,9855,4,PR,OC
6764,189.0,9858,2764,CS,BC
6765,189.0,9859,1399,MZ,OC
6766,189.0,9860,4020,AD,OC
6767,189.0,9863,1399,EE,MBC
6768,189.0,9864,1,ME,SC
6769,189.0,9866,2764,AD,OC
6770,189.0,9869,2702,CS,OC
6771,189.0,9870,5,CS,OC
6772,189.0,9871,2007,ME,OC
6773,189.0,9874,2718,IT,MBC
6774,189.0,9875,1317,AD,OC
6775,189.0,9876,1,GI,BCM
6776,189.0,9879,1450,CS,OC
6777,189.0,9880,4,AU,BC
6778,189.0,9881,5901,CS,MBC
6779,189.0,9881,3465,EC,OC
6780,189.0,9883,1211,IT,OC
6781,189.0,9884,1414,IT,BC
6782,189.0,9885,1422,CS,OC
6783,189.0,9886,1118,CS,OC
6784,189.0,9889,2718,IT,BC
6785,189.0,9890,5901,EE,OC
6786,189.0,9892,1211,CS,BC
6787,189.0,9893,2711,CS,OC
6788,189.0,9894,2764,CE,OC
6789,189.0,9895,1211,CS,BC
6790,189.0,9896,2764,CS,BC
6791,189.0,9897,1219,EC,OC
6792,189.0,9904,4,AU,SC
6793,189.0,9905,2718,IT,MBC
6794,189.0,9906,2007,EC,SC
6795,189.0,9907,1399,AM,BC
6796,189.0,9908,1315,CH,BC
6797,189.0,9910,1211,CS,BC
6798,189.0,9911,2718,CB,OC
6799,189.0,9913,1211,CS,BCM
6800,189.0,9914,2710,CS,BC
6801,189.0,9918,1432,EC,OC
6802,189.0,9919,1399,ME,OC
6803,189.0,9920,1399,CB,BC
6804,189.0,9921,1211,CS,BC
6805,189.0,9922,2718,AD,BC
6806,189.0,9923,2706,AD,OC
6807,189.0,9924,1399,CB,BC
6808,189.0,9930,1419,CS,OC
6809,189.0,9933,1311,AO,OC
6810,189.0,9934,2709,CS,OC
6811,189.0,9935,2718,IT,BC
6812,189.0,9936,2764,CS,BC
6813,189.0,9939,2603,CS,OC
6814,189.0,9942,1399,EV,OC
6815,189.0,9944,1315,EC,SC
6816,189.0,9946,1211,IT,OC
6817,189.0,9947,2718,IT,BC
6818,189.0,9948,2750,CS,OC
6819,189.0,9949,5986,CS,OC
6820,189.0,9950,1211,IT,OC
6821,189.0,9951,1399,EC,MBC
6822,189.0,9953,1315,EC,SC
6823,189.0,9959,1315,CH,BC
6824,189.0,9960,1211,CS,MBC
6825,189.0,9968,2750,AD,OC
6826,189.0,9970,1211,IT,OC
6827,189.0,9971,1399,EV,BC
6828,189.0,9975,2005,ME,OC
6829,189.0,9976,1399,EA,MBC
6830,189.0,9977,1399,EE,BC
6831,189.0,9978,2764,CS,BC
6832,189.0,9982,1211,EC,OC
6833,189.0,9984,2702,CS,OC
6834,189.0,9985,2711,EC,OC
6835,189.0,9988,1315,BM,BC
6836,189.0,9989,2718,SC,OC
6837,189.0,9990,1113,CS,OC
6838,189.0,9991,1419,CS,OC
6839,189.0,9995,2712,EE,BC
6840,189.0,9998,2718,EC,BC
6841,189.0,9999,1450,CS,OC
6842,189.0,10000,5901,EC,BC
6843,189.0,10002,5901,CS,MBC
6844,189.0,10004,2712,EE,BC
6845,189.0,10005,2764,AM,OC
6846,189.0,10006,1399,SC,BC
6847,189.0,10007,2006,MS,OC
6848,189.0,10010,2006,ES,BC
6849,189.0,10011,2712,EE,MBC
6850,189.0,10013,1211,CS,MBC
6851,189.0,10014,2006,MF,MBC
6852,189.0,10015,2329,CS,OC
6853,189.0,10016,1211,AL,OC
6854,189.0,10017,1516,CS,OC
6855,189.0,10020,1,MN,OC
6856,189.0,10021,2007,ME,OC
6857,189.0,10022,1211,IT,OC
6858,189.0,10024,2006,PN,OC
6859,189.0,10025,5901,CS,MBC
6860,189.0,10026,1,MN,OC
6861,189.0,10027,1211,IT,OC
6862,189.0,10030,2718,EC,MBC
6863,189.0,10031,5008,CW,MBC
6864,189.0,10032,1304,CS,OC
6865,189.0,10035,2377,CS,SC
6866,189.0,10036,2718,AD,MBC
6867,189.0,10037,2005,ME,OC
6868,189.0,10039,4960,EC,OC
6869,189.0,10040,2764,CS,BC
6870,189.0,10042,4960,EC,OC
6871,189.0,10045,1315,CE,OC
6872,189.0,10046,1211,EC,OC
6873,189.0,10047,2702,CS,OC
6874,189.0,10048,2615,EE,OC
6875,189.0,10050,2,CL,BC
6876,189.0,10051,2377,EE,MBC
6877,189.0,10052,4974,CS,BC
6878,189.0,10053,1432,CS,OC
6879,189.0,10054,1216,AD,OC
6880,189.0,10055,1,IE,BCM
6881,189.0,10056,2718,IT,BC
6882,189.0,10060,1211,CS,BCM
6883,189.0,10061,1211,EC,OC
6884,189.0,10062,1399,CS,MBC
6885,189.0,10066,1219,IT,OC
6886,189.0,10068,1216,EC,OC
6887,189.0,10070,1399,CE,OC
6888,189.0,10073,2377,IC,OC
6889,189.0,10076,4,PR,OC
6890,189.0,10077,1211,IT,OC
6891,189.0,10078,2718,EC,BC
6892,189.0,10080,1211,EC,OC
6893,189.0,10081,1399,CS,MBC
6894,189.0,10082,1450,CS,OC
6895,189.0,10084,1219,CS,SC
6896,189.0,10087,5008,EE,BCM
6897,189.0,10094,1399,CS,MBC
6898,189.0,10096,1304,CS,OC
6899,189.0,10099,4,AU,BCM
6900,189.0,10100,1219,CS,BCM
6901,189.0,10102,2718,EC,BC
6902,189.0,10103,2718,IT,BCM
6903,189.0,10104,5986,CS,OC
6904,189.0,10106,1399,EA,BC
6905,189.0,10109,1399,EV,BC
6906,189.0,10121,1113,EC,OC
6907,189.0,10125,1399,EA,BC
6908,189.0,10127,1211,CS,BC
6909,189.0,10129,1432,CS,OC
6910,189.0,10130,1211,EC,OC
6911,189.0,10131,2718,IT,BC
6912,189.0,10132,1216,CS,OC
6913,189.0,10133,2739,CS,MBC
6914,189.0,10134,2007,ME,OC
6915,189.0,10135,1414,IT,BC
6916,189.0,10140,2006,TX,OC
6917,189.0,10141,2764,EC,OC
6918,189.0,10142,2006,EE,SC
6919,189.0,10143,2718,AD,MBC
6920,189.0,10145,2719,AD,OC
6921,189.0,10147,1399,EA,BC
6922,189.0,10148,1216,CS,OC
6923,189.0,10149,2007,CH,BC
6924,189.0,10150,1211,EC,OC
6925,189.0,10151,1216,AD,OC
6926,189.0,10153,1211,EC,OC
6927,189.0,10155,2708,AL,OC
6928,189.0,10156,1414,IT,BC
6929,189.0,10159,1211,IT,OC
6930,189.0,10160,1211,CS,BC
6931,189.0,10161,2736,BM,OC
6932,189.0,10163,1211,IT,OC
6933,189.0,10164,1399,EA,BC
6934,189.0,10165,2718,AD,BC
6935,189.0,10166,1432,CS,OC
6936,189.0,10167,2007,ME,OC
6937,189.0,10168,2718,CS,MBC
6938,189.0,10169,1,GI,MBC
6939,189.0,10170,1399,EE,BC
6940,189.0,10172,5910,AM,OC
6941,189.0,10173,1211,EC,OC
6942,189.0,10174,1315,EC,SC
6943,189.0,10176,2718,EC,BC
6944,189.0,10176,2736,BM,OC
6945,189.0,10177,2718,AD,MBC
6946,189.0,10179,2005,EI,BC
6947,189.0,10180,2702,EC,OC
6948,189.0,10181,2739,AD,OC
6949,189.0,10183,1211,EC,OC
6950,189.0,10185,1211,AD,OC
6951,189.0,10187,2718,EC,BC
6952,189.0,10192,2731,EC,OC
6953,189.0,10195,1315,EE,SC
6954,189.0,10200,1216,AD,OC
6955,189.0,10201,2739,AM,OC
6956,189.0,10203,1412,EC,OC
6957,189.0,10204,1315,CH,MBC
6958,189.0,10205,2718,EC,BC
6959,189.0,10207,2712,EE,BC
6960,189.0,10209,5,CS,OC
6961,189.0,10211,1419,CS,OC
6962,189.0,10214,2718,AD,BC
6963,189.0,10217,2712,EE,MBC
6964,189.0,10218,1432,CS,OC
6965,189.0,10219,1317,CS,OC
6966,189.0,10220,1315,CE,OC
6967,189.0,10223,1219,EC,OC
6968,189.0,10224,2739,CS,BC
6969,189.0,10233,2,IB,BC
6970,189.0,10236,4680,CS,OC
6971,189.0,10239,2,IB,MBC
6972,189.0,10240,1,MA,BCM
6973,189.0,10241,1442,AD,BCM
6974,189.0,10242,2718,IT,BC
6975,189.0,10244,1,IE,SC
6976,189.0,10246,2739,CS,MBC
6977,189.0,10251,1399,EV,BCM
6978,189.0,10253,1399,MZ,OC
6979,188.9,10254,4960,EC,OC
6980,188.8,10255,1399,BM,OC
6981,188.7,10257,1432,AD,OC
6982,188.7,10258,1432,AD,OC
6983,188.6,10259,1,MN,OC
6984,188.6,10260,2005,CS,SC
6985,188.5,10261,1211,IT,OC
6986,188.5,10262,1211,IT,OC
6987,188.5,10263,2710,CS,MBC
6988,188.5,10264,2,PM,OC
6989,188.5,10265,4955,IT,OC
6990,188.5,10266,3465,EC,OC
6991,188.5,10267,1315,CE,OC
6992,188.5,10270,2622,AD,OC
6993,188.5,10271,5910,EC,OC
6994,188.5,10272,2712,EE,MBC
6995,188.5,10273,1432,AD,OC
6996,188.5,10276,2006,IY,MBC
6997,188.5,10277,2739,IT,OC
6998,188.5,10278,1399,EA,BCM
6999,188.5,10279,2739,CS,BC
7000,188.5,10280,2739,AD,OC
7001,188.5,10281,2718,EC,BC
7002,188.5,10282,1315,CE,BC
7003,188.5,10284,2622,CS,OC
7004,188.5,10286,2722,AM,OC
7005,188.5,10287,2712,MZ,OC
7006,188.5,10288,2718,EE,OC
7007,188.5,10290,2710,AD,BC
7008,188.5,10291,4,AU,MBC
7009,188.5,10292,2718,AD,BC
7010,188.5,10293,2712,EI,OC
7011,188.5,10294,2718,CS,MBC
7012,188.5,10295,1399,AD,SC
7013,188.5,10296,2006,CM,SC
7014,188.5,10297,1219,CS,BC
7015,188.5,10299,2006,ES,BC
7016,188.5,10300,2718,CB,OC
7017,188.5,10301,2710,AD,MBC
7018,188.5,10302,1211,IT,OC
7019,188.5,10304,2739,CS,BC
7020,188.5,10305,2718,EE,OC
7021,188.5,10306,1419,CS,OC
7022,188.5,10307,2718,AD,MBC
7023,188.5,10308,2739,AM,OC
7024,188.5,10309,2753,CS,OC
7025,188.5,10312,2007,CM,SC
7026,188.5,10313,2718,IT,BC
7027,188.5,10314,2702,CS,OC
7028,188.5,10315,2718,IT,BC
7029,188.5,10316,2634,EC,OC
7030,188.5,10317,2710,AD,BC
7031,188.5,10318,1149,EC,OC
7032,188.5,10320,3806,IT,OC
7033,188.5,10322,1211,CS,BC
7034,188.5,10323,1211,CS,BC
7035,188.5,10324,1,MA,MBC
7036,188.5,10325,4962,EE,OC
7037,188.5,10330,2710,AD,BC
7038,188.5,10331,1211,CS,MBC
7039,188.5,10332,2718,IT,BC
7040,188.5,10333,1219,EC,OC
7041,188.5,10336,1,ME,SC
7042,188.5,10338,5008,EY,MBC
7043,188.5,10339,1219,EC,OC
7044,188.5,10342,1432,EC,OC
7045,188.5,10344,1219,CS,MBC
7046,188.5,10345,1211,CS,MBC
7047,188.5,10348,2702,CS,OC
7048,188.5,10350,2718,EE,OC
7049,188.5,10351,1149,CS,OC
7050,188.5,10352,2718,EC,BC
7051,188.5,10354,2025,EC,OC
7052,188.5,10355,2718,IT,MBC
7053,188.5,10356,2618,AD,OC
7054,188.5,10358,2718,CB,OC
7055,188.5,10359,2764,AD,OC
7056,188.5,10360,2,CL,BC
7057,188.5,10361,5901,EC,BC
7058,188.5,10362,2710,AD,BC
7059,188.5,10363,2710,AD,MBC
7060,188.5,10365,2710,AD,MBC
7061,188.5,10366,1226,AD,OC
7062,188.5,10367,2377,EE,MBC
7063,188.5,10368,2715,CS,OC
7064,188.5,10370,2712,EE,BC
7065,188.5,10371,1432,EV,OC
7066,188.5,10372,1450,AD,OC
7067,188.5,10373,2702,EC,OC
7068,188.5,10374,2718,EC,BC
7069,188.5,10375,4969,EC,OC
7070,188.5,10376,1399,EA,BC
7071,188.5,10378,2702,CS,OC
7072,188.5,10380,4023,IT,OC
7073,188.5,10381,1399,CS,MBC
7074,188.5,10382,5008,CW,MBC
7075,188.5,10384,1113,CS,OC
7076,188.5,10385,5901,EC,MBC
7077,188.5,10386,4,PR,OC
7078,188.5,10387,2636,CS,OC
7079,188.5,10390,2007,EC,SC
7080,188.5,10391,2764,CS,MBC
7081,188.5,10392,2718,SC,OC
7082,188.5,10393,2718,AD,MBC
7083,188.5,10394,1113,CS,OC
7084,188.5,10395,1432,CS,OC
7085,188.5,10396,2739,AD,OC
7086,188.5,10397,4,AU,MBC
7087,188.5,10398,2718,IT,BC
7088,188.5,10401,2722,EC,OC
7089,188.5,10402,1399,AD,SC
7090,188.5,10403,2710,EC,OC
7091,188.5,10404,1399,EE,BCM
7092,188.5,10405,1399,CS,MBC
7093,188.5,10406,2711,CS,OC
7094,188.5,10407,2007,IM,SC
7095,188.5,10408,2711,EC,OC
7096,188.5,10409,2711,EC,OC
7097,188.5,10410,1219,CS,BC
7098,188.5,10411,2712,EI,OC
7099,188.5,10413,2715,IT,OC
7100,188.5,10414,2006,ES,BC
7101,188.5,10415,2006,IY,MBC
7102,188.5,10417,1399,EA,BC
7103,188.5,10418,2005,EC,SC
7104,188.5,10419,1216,AD,OC
7105,188.5,10420,1399,BM,OC
7106,188.5,10421,2718,EC,BC
7107,188.5,10424,1211,AD,OC
7108,188.5,10427,5901,EC,MBC
7109,188.5,10429,4974,EC,OC
7110,188.5,10430,2709,CE,OC
7111,188.5,10431,2622,BM,OC
7112,188.5,10432,5008,EC,SC
7113,188.5,10433,2006,ME,SC
7114,188.5,10434,2709,IT,OC
7115,188.5,10435,1432,AD,OC
7116,188.5,10437,1013,EC,OC
7117,188.5,10438,1216,EC,OC
7118,188.5,10439,1219,EC,OC
7119,188.5,10440,1399,CB,MBC
7120,188.5,10441,1116,AD,OC
7121,188.5,10442,1,GI,MBC
7122,188.5,10444,1211,IT,OC
7123,188.5,10446,5008,CE,OC
7124,188.5,10447,2710,AD,BC
7125,188.5,10448,5901,EE,OC
7126,188.5,10449,5008,EC,SC
7127,188.5,10450,2718,IT,BC
7128,188.5,10451,1,XC,OC
7129,188.5,10453,3841,CS,OC
7130,188.5,10454,2607,AD,OC
7131,188.5,10456,5901,EC,BC
7132,188.5,10458,1211,CS,MBC
7133,188.5,10459,1419,CS,OC
7134,188.5,10460,1211,EC,OC
7135,188.5,10461,1419,CS,OC
7136,188.5,10462,1211,EC,OC
7137,188.5,10465,2718,AD,BC
7138,188.5,10466,4974,CS,BC
7139,188.5,10468,1211,IT,OC
7140,188.5,10472,2710,AD,MBC
7141,188.5,10473,1399,CS,MBC
7142,188.5,10474,2005,EC,SC
7143,188.5,10477,2739,CS,BC
7144,188.5,10478,5901,EC,BC
7145,188.5,10479,2006,IM,SC
7146,188.5,10480,2718,AD,BC
7147,188.5,10481,1211,AL,OC
7148,188.5,10482,2764,CS,BC
7149,188.5,10483,2718,EC,BC
7150,188.5,10484,2764,CS,BC
7151,188.5,10485,1317,CS,OC
7152,188.5,10486,1399,MZ,OC
7153,188.5,10487,4960,CS,OC
7154,188.5,10488,2739,AD,OC
7155,188.5,10489,1211,IT,OC
7156,188.5,10490,1211,CS,MBC
7157,188.5,10492,4974,EC,OC
7158,188.5,10493,2702,EC,OC
7159,188.5,10494,1211,IT,OC
7160,188.5,10496,2718,IT,BC
7161,188.5,10497,2006,ES,BC
7162,188.5,10498,5008,CE,OC
7163,188.5,10499,2377,IC,OC
7164,188.5,10500,4981,EC,OC
7165,188.5,10501,2005,EI,BC
7166,188.5,10502,2613,CS,OC
7167,188.5,10504,1,GI,BC
7168,188.5,10505,2718,EC,MBC
7169,188.5,10508,2007,CH,MBC
7170,188.5,10509,5986,CS,OC
7171,188.5,10510,1113,EC,OC
7172,188.5,10513,1216,CS,OC
7173,188.5,10514,1450,CS,BC
7174,188.5,10515,2006,PR,OC
7175,188.5,10516,1,CE,SCA
7176,188.5,10517,3830,CS,OC
7177,188.5,10518,1211,CS,BC
7178,188.5,10519,1211,CS,BC
7179,188.5,10520,4974,EC,OC
7180,188.5,10522,1216,AD,OC
7181,188.5,10524,2608,AM,OC
7182,188.5,10525,1432,AD,OC
7183,188.5,10526,2702,CS,OC
7184,188.5,10527,2006,IM,SC
7185,188.5,10528,1399,BM,OC
7186,188.5,10529,2718,EC,BC
7187,188.5,10530,2739,IT,OC
7188,188.5,10531,2739,EC,OC
7189,188.5,10533,2,CL,BC
7190,188.5,10536,2615,EE,OC
7191,188.5,10537,5901,EC,MBC
7192,188.5,10538,2656,CS,OC
7193,188.5,10540,1216,EC,OC
7194,188.5,10541,2722,EC,OC
7195,188.5,10542,2740,AD,OC
7196,188.5,10543,5910,CS,OC
7197,188.5,10544,2718,EE,OC
7198,188.5,10545,4960,CS,OC
7199,188.5,10546,2702,AD,OC
7200,188.5,10547,1219,CS,BC
7201,188.5,10548,1432,CS,OC
7202,188.5,10549,1211,CS,BCM
7203,188.5,10550,1219,EC,OC
7204,188.5,10553,4994,CS,OC
7205,188.5,10554,1211,AD,OC
7206,188.5,10555,2718,CB,OC
7207,188.5,10556,2722,CS,OC
7208,188.5,10557,4974,EC,OC
7209,188.5,10558,2718,AD,BC
7210,188.5,10559,5008,ME,OC
7211,188.5,10560,2709,CS,OC
7212,188.5,10561,2722,CS,OC
7213,188.5,10562,1211,CS,BCM
7214,188.5,10566,2736,AD,OC
7215,188.5,10567,2006,BS,MBC
7216,188.5,10568,1317,EC,OC
7217,188.5,10569,2750,AM,OC
7218,188.5,10571,1113,CS,OC
7219,188.5,10572,5008,CS,SC
7220,188.5,10573,2702,CS,OC
7221,188.5,10574,2718,EE,OC
7222,188.5,10578,5910,CS,OC
7223,188.5,10579,2006,IM,SC
7224,188.5,10580,5008,ME,OC
7225,188.5,10581,1219,CS,BC
7226,188.5,10582,1211,AD,OC
7227,188.5,10583,2718,IT,MBC
7228,188.5,10584,1237,AD,OC
7229,188.5,10586,1399,AD,SC
7230,188.5,10587,4,PR,BC
7231,188.5,10588,2719,CS,OC
7232,188.5,10590,1113,CS,OC
7233,188.5,10591,1211,EC,OC
7234,188.5,10593,5901,EC,BC
7235,188.5,10594,4917,BM,OC
7236,188.5,10597,2006,EM,SC
7237,188.5,10598,2702,CS,OC
7238,188.5,10600,1211,CS,BC
7239,188.5,10602,2708,EC,OC
7240,188.5,10603,5008,MG,OC
7241,188.5,10604,1399,AD,MBC
7242,188.5,10605,2718,IT,MBC
7243,188.5,10606,2711,CS,OC
7244,188.5,10607,2006,IY,MBC
7245,188.5,10611,2718,IT,BC
7246,188.5,10612,1211,EC,OC
7247,188.5,10613,1211,EC,OC
7248,188.5,10617,1450,CS,BC
7249,188.5,10618,1211,CS,BC
7250,188.5,10619,1442,CS,OC
7251,188.5,10620,5901,EC,MBC
7252,188.5,10621,2377,CS,SC
7253,188.5,10622,1211,AD,OC
7254,188.5,10623,2718,CB,OC
7255,188.5,10624,2006,ES,BC
7256,188.5,10625,2718,IT,BC
7257,188.5,10626,1219,IT,OC
7258,188.5,10629,2,IB,SC
7259,188.5,10630,1414,CS,SC
7260,188.5,10633,1315,CJ,SC
7261,188.5,10635,1219,CS,BC
7262,188.5,10636,1432,CS,OC
7263,188.5,10637,2006,MT,OC
7264,188.5,10638,2710,CS,BC
7265,188.5,10639,2712,MZ,OC
7266,188.5,10640,4974,CS,BC
7267,188.5,10641,2731,AD,OC
7268,188.5,10642,2718,IT,BC
7269,188.5,10643,2739,AD,OC
7270,188.5,10644,2718,IT,BC
7271,188.5,10645,1,BY,SC
7272,188.5,10646,4974,EC,OC
7273,188.5,10647,1219,CS,MBC
7274,188.5,10648,2718,IT,BC
7275,188.5,10651,1432,CS,OC
7276,188.5,10656,2709,CS,OC
7277,188.5,10657,1211,CS,MBC
7278,188.5,10658,2712,EE,BC
7279,188.5,10659,4962,EC,OC
7280,188.5,10660,1399,AM,MBC
7281,188.5,10661,1210,CS,OC
7282,188.5,10663,1112,CS,OC
7283,188.5,10664,4974,CS,BC
7284,188.5,10667,2712,EE,BCM
7285,188.5,10668,4959,CS,OC
7286,188.5,10669,2005,EI,BC
7287,188.5,10670,2706,EE,OC
7288,188.5,10671,2006,MS,OC
7289,188.5,10672,4974,EC,OC
7290,188.5,10673,2709,CS,OC
7291,188.5,10674,2712,EE,BC
7292,188.5,10675,2739,CS,BC
7293,188.5,10676,2718,IT,BC
7294,188.5,10677,2739,EC,OC
7295,188.5,10678,4,EI,SC
7296,188.5,10681,2718,IT,BC
7297,188.5,10682,2718,IT,BC
7298,188.5,10683,1399,EV,BC
7299,188.5,10684,2718,IT,BC
7300,188.5,10687,2718,IT,MBC
7301,188.5,10688,4960,CS,OC
7302,188.5,10689,1,GI,BC
7303,188.5,10690,1219,CS,BC
7304,188.5,10693,2702,AD,OC
7305,188.5,10694,4962,EC,OC
7306,188.5,10695,1315,CH,BC
7307,188.5,10696,2712,EE,BC
7308,188.5,10697,1219,IT,OC
7309,188.5,10698,4,PR,BC
7310,188.5,10700,2006,BS,BC
7311,188.5,10701,2718,CJ,OC
7312,188.5,10703,1219,AD,OC
7313,188.5,10706,2722,SC,OC
7314,188.5,10711,2739,AD,OC
7315,188.5,10712,1219,CS,BC
7316,188.5,10713,2736,EC,OC
7317,188.5,10714,1211,CS,MBC
7318,188.5,10715,2718,IT,BC
7319,188.5,10719,1399,AD,MBC
7320,188.5,10722,2722,CS,OC
7321,188.5,10724,1315,CJ,SC
7322,188.5,10726,1219,CS,MBC
7323,188.5,10729,2006,IM,SC
7324,188.5,10730,1211,EC,OC
7325,188.5,10731,1211,CS,BC
7326,188.5,10734,1219,AD,OC
7327,188.5,10735,4962,CS,OC
7328,188.5,10737,2718,IT,BC
7329,188.5,10739,1399,EA,BC
7330,188.5,10741,1315,CH,BC
7331,188.5,10744,2702,CS,OC
7332,188.5,10749,1211,EC,OC
7333,188.5,10753,1399,CS,SC
7334,188.5,10754,2006,BS,BCM
7335,188.5,10755,2007,CE,OC
7336,188.5,10757,1399,EV,BC
7337,188.5,10759,2718,IT,BC
7338,188.5,10763,2007,MF,OC
7339,188.5,10765,2006,BY,BCM
7340,188.5,10766,1442,CS,OC
7341,188.5,10767,5901,EC,BC
7342,188.5,10768,1211,EC,OC
7343,188.5,10774,3819,CS,OC
7344,188.5,10776,2618,CS,OC
7345,188.5,10777,1304,CS,OC
7346,188.5,10780,2006,MF,MBC
7347,188.5,10780,1,IE,BC
7348,188.5,10782,5986,CS,OC
7349,188.5,10783,1219,EC,OC
7350,188.5,10784,2,CL,BC
7351,188.5,10786,4962,CS,OC
7352,188.5,10787,2712,BT,OC
7353,188.5,10788,1,MN,BC
7354,188.5,10789,2702,CS,OC
7355,188.5,10790,1414,CS,SC
7356,188.5,10791,2006,MF,MBC
7357,188.5,10793,1422,CS,OC
7358,188.5,10794,1315,BM,MBC
7359,188.5,10795,2712,EE,MBC
7360,188.5,10796,2764,AM,OC
7361,188.5,10798,2722,CS,OC
7362,188.5,10800,2702,CS,OC
7363,188.5,10801,1211,EC,BC
7364,188.5,10802,2711,AD,OC
7365,188.5,10803,1442,CS,OC
7366,188.5,10804,2718,IT,BC
7367,188.5,10805,2712,EE,BC
7368,188.5,10807,1432,CS,OC
7369,188.5,10808,5901,EC,BC
7370,188.5,10810,1399,IT,MBC
7371,188.5,10811,2712,EE,MBC
7372,188.5,10812,1219,CS,BC
7373,188.5,10814,2718,IT,BC
7374,188.5,10817,4974,CS,MBC
7375,188.5,10818,2702,CS,OC
7376,188.5,10819,1219,CS,BC
7377,188.5,10820,2006,IM,SC
7378,188.5,10821,1113,CS,OC
7379,188.5,10823,1219,IT,OC
7380,188.5,10824,2712,EI,OC
7381,188.5,10829,2710,AD,SC
7382,188.5,10830,2702,CS,OC
7383,188.5,10832,1219,AD,OC
7384,188.5,10833,2615,EE,OC
7385,188.5,10834,5901,CS,SC
7386,188.5,10835,1315,CH,BC
7387,188.5,10837,2718,IT,MBC
7388,188.5,10839,2718,CS,BCM
7389,188.5,10840,1432,EC,OC
7390,188.5,10841,5,AM,OC
7391,188.5,10842,1211,IT,OC
7392,188.5,10843,1432,AD,OC
7393,188.5,10844,2712,EE,MBC
7394,188.5,10845,1399,AM,MBC
7395,188.5,10846,2739,CS,BC
7396,188.5,10847,1211,SC,OC
7397,188.5,10849,2710,CS,BC
7398,188.5,10851,4,IM,ST
7399,188.5,10852,1315,CH,BC
7400,188.5,10853,2718,SC,MBC
7401,188.5,10859,1408,AD,OC
7402,188.5,10860,1432,CS,OC
7403,188.5,10861,1211,AD,OC
7404,188.5,10862,3843,IT,OC
7405,188.5,10863,2702,CS,OC
7406,188.5,10864,2712,EE,BC
7407,188.5,10866,2622,CS,OC
7408,188.5,10868,5901,EE,OC
7409,188.5,10870,1442,AD,MBC
7410,188.5,10871,2622,CS,OC
7411,188.5,10873,2005,EI,BC
7412,188.5,10874,2718,IT,BC
7413,188.5,10875,1211,CS,BC
7414,188.5,10876,2624,BT,OC
7415,188.5,10879,1211,RM,OC
7416,188.5,10880,1399,IT,MBC
7417,188.5,10881,2718,EE,OC
7418,188.5,10882,4974,CS,MBC
7419,188.5,10883,2731,EC,OC
7420,188.5,10884,4955,EC,OC
7421,188.5,10885,2731,EC,OC
7422,188.5,10886,2006,PR,OC
7423,188.5,10887,5008,MG,OC
7424,188.5,10888,1211,SC,OC
7425,188.5,10890,2718,EC,BCM
7426,188.5,10892,2718,CB,OC
7427,188.5,10893,1211,CS,MBC
7428,188.5,10894,2711,CS,OC
7429,188.5,10896,2006,BY,MBC
7430,188.5,10897,2603,EC,OC
7431,188.5,10899,1432,CS,OC
7432,188.5,10901,1219,AD,OC
7433,188.5,10904,2722,AD,OC
7434,188.5,10905,2025,CS,OC
7435,188.5,10906,2764,CS,BC
7436,188.5,10911,1422,CS,OC
7437,188.5,10912,2704,SC,OC
7438,188.5,10916,2712,EI,OC
7439,188.5,10918,5008,MG,OC
7440,188.5,10919,1,ME,SC
7441,188.5,10921,4962,CS,OC
7442,188.5,10925,4670,AM,OC
7443,188.5,10926,1442,CS,OC
7444,188.5,10927,2718,CS,MBC
7445,188.5,10928,2615,EE,OC
7446,188.5,10932,2710,CS,BC
7447,188.5,10933,1219,CS,BC
7448,188.5,10934,2006,MT,OC
7449,188.5,10938,1414,IT,BC
7450,188.5,10939,1442,AD,MBC
7451,188.5,10940,1442,CS,OC
7452,188.5,10941,2718,IT,BC
7453,188.5,10946,1450,EC,OC
7454,188.5,10948,1399,EV,BC
7455,188.4,10950,2005,EI,BC
7456,188.4,10951,1,XC,OC
7457,188.3,10952,1432,CS,OC
7458,188.3,10953,2726,CS,OC
7459,188.2,10954,1450,EC,OC
7460,188.0,10956,2007,MF,OC
7461,188.0,10957,1113,AD,OC
7462,188.0,10958,2718,CS,MBC
7463,188.0,10959,2718,EE,OC
7464,188.0,10960,5008,EY,MBC
7465,188.0,10961,2712,EI,OC
7466,188.0,10962,2712,EI,OC
7467,188.0,10964,2709,CS,BC
7468,188.0,10965,2702,CS,OC
7469,188.0,10966,2006,MF,MBC
7470,188.0,10968,1419,CS,OC
7471,188.0,10970,2615,EE,MBC
7472,188.0,10971,1013,CS,OC
7473,188.0,10973,2611,AD,OC
7474,188.0,10974,2377,EC,SC
7475,188.0,10975,2622,AD,OC
7476,188.0,10976,4,AU,MBC
7477,188.0,10978,1211,EC,BC
7478,188.0,10981,1211,SC,OC
7479,188.0,10983,2751,AD,OC
7480,188.0,10984,2702,CS,OC
7481,188.0,10985,1216,IT,OC
7482,188.0,10986,2710,AD,BC
7483,188.0,10987,1,IE,BC
7484,188.0,10988,2710,IT,OC
7485,188.0,10989,3,BP,OC
7486,188.0,10990,2709,CS,BC
7487,188.0,10991,2739,CS,BC
7488,188.0,10992,1414,IT,MBC
7489,188.0,10994,1113,AD,OC
7490,188.0,10996,2005,EI,BC
7491,188.0,10997,5008,MG,OC
7492,188.0,10998,1211,EC,BC
7493,188.0,10999,2656,AD,OC
7494,188.0,11000,1211,AD,OC
7495,188.0,11001,2006,MS,OC
7496,188.0,11002,2711,CS,OC
7497,188.0,11003,2722,CS,OC
7498,188.0,11005,1149,IT,OC
7499,188.0,11006,2718,SC,BC
7500,188.0,11007,2718,IT,BC
7501,188.0,11008,1219,AD,OC
7502,188.0,11010,1216,AD,OC
7503,188.0,11011,1,GI,BC
7504,188.0,11012,2710,IT,OC
7505,188.0,11014,2709,IT,OC
7506,188.0,11016,2608,CB,OC
7507,188.0,11017,2722,CS,OC
7508,188.0,11018,2005,EC,SC
7509,188.0,11019,2618,EC,OC
7510,188.0,11020,4974,CS,BC
7511,188.0,11021,1324,CO,OC
7512,188.0,11022,2709,EC,OC
7513,188.0,11023,3465,EC,OC
7514,188.0,11025,2741,AD,OC
7515,188.0,11026,2739,IT,OC
7516,188.0,11027,5901,EC,MBC
7517,188.0,11028,2377,ME,OC
7518,188.0,11029,1211,CS,BC
7519,188.0,11030,2739,EC,OC
7520,188.0,11031,1211,CS,MBC
7521,188.0,11032,1211,CS,BC
7522,188.0,11034,2764,EC,OC
7523,188.0,11035,5901,EC,MBC
7524,188.0,11036,2005,IB,OC
7525,188.0,11037,1219,CS,BC
7526,188.0,11038,1113,CS,OC
7527,188.0,11039,2718,IT,BC
7528,188.0,11042,2718,IT,BC
7529,188.0,11043,1432,CS,BC
7530,188.0,11044,1113,CS,OC
7531,188.0,11045,5008,ME,OC
7532,188.0,11046,1216,IT,OC
7533,188.0,11047,1113,CS,OC
7534,188.0,11049,1399,EE,BC
7535,188.0,11050,1432,CS,BC
7536,188.0,11051,2603,CS,OC
7537,188.0,11052,2706,CS,OC
7538,188.0,11053,1414,CS,SC
7539,188.0,11054,2615,CS,SCA
7540,188.0,11055,1399,IT,MBC
7541,188.0,11056,2710,CS,BC
7542,188.0,11058,1432,CS,BC
7543,188.0,11059,2709,IT,OC
7544,188.0,11060,1211,EC,BC
7545,188.0,11062,1399,AD,MBC
7546,188.0,11063,2718,CJ,OC
7547,188.0,11065,2722,EC,OC
7548,188.0,11066,2739,AM,OC
7549,188.0,11067,2708,IT,OC
7550,188.0,11070,2702,EC,OC
7551,188.0,11072,2719,AD,OC
7552,188.0,11073,2,CL,BC
7553,188.0,11075,2,IB,BC
7554,188.0,11076,5008,MG,OC
7555,188.0,11077,1211,EC,BC
7556,188.0,11078,2656,CS,OC
7557,188.0,11079,2718,CD,OC
7558,188.0,11080,2719,CS,OC
7559,188.0,11081,1216,AD,OC
7560,188.0,11082,1211,CS,MBC
7561,188.0,11083,3819,CS,OC
7562,188.0,11086,2764,EC,OC
7563,188.0,11088,1211,EC,BC
7564,188.0,11089,1408,IT,OC
7565,188.0,11090,2739,CS,BC
7566,188.0,11091,5008,EY,MBC
7567,188.0,11092,1399,AD,MBC
7568,188.0,11093,4954,CS,OC
7569,188.0,11094,1113,CS,OC
7570,188.0,11095,2710,AD,BC
7571,188.0,11096,4928,CS,OC
7572,188.0,11097,5008,CE,OC
7573,188.0,11098,4971,CS,OC
7574,188.0,11099,1,ME,SC
7575,188.0,11101,2739,EC,OC
7576,188.0,11102,2702,EC,OC
7577,188.0,11104,1113,CS,OC
7578,188.0,11105,5,EC,OC
7579,188.0,11106,1408,AD,OC
7580,188.0,11107,2739,CS,MBC
7581,188.0,11108,1399,IT,MBC
7582,188.0,11111,4962,CS,OC
7583,188.0,11112,2712,AD,BCM
7584,188.0,11113,2007,ME,BC
7585,188.0,11114,2718,IT,BC
7586,188.0,11115,5901,EC,BC
7587,188.0,11116,1113,CS,OC
7588,188.0,11117,2718,IT,BC
7589,188.0,11119,4974,EC,OC
7590,188.0,11120,1420,CS,OC
7591,188.0,11122,2710,AD,BC
7592,188.0,11123,2007,AT,SC
7593,188.0,11124,2739,IT,OC
7594,188.0,11125,2603,EC,OC
7595,188.0,11126,1013,CS,OC
7596,188.0,11127,2764,AD,OC
7597,188.0,11131,1317,EE,OC
7598,188.0,11132,5008,ME,BC
7599,188.0,11134,2731,EC,OC
7600,188.0,11136,1219,CS,BC
7601,188.0,11137,2718,SC,MBC
7602,188.0,11138,2722,CS,OC
7603,188.0,11139,1211,CS,BC
7604,188.0,11140,1211,CS,MBC
7605,188.0,11141,5910,CS,OC
7606,188.0,11144,2718,IT,MBC
7607,188.0,11147,1399,CS,SC
7608,188.0,11148,2719,AD,OC
7609,188.0,11149,2615,EE,BC
7610,188.0,11150,1237,IT,OC
7611,188.0,11151,2377,IC,OC
7612,188.0,11152,2025,CS,OC
7613,188.0,11153,2718,SC,BC
7614,188.0,11155,1149,SC,OC
7615,188.0,11156,2710,AD,MBC
7616,188.0,11157,1211,CS,BC
7617,188.0,11158,2329,AM,OC
7618,188.0,11159,1211,CS,BC
7619,188.0,11160,2711,EI,OC
7620,188.0,11161,2739,IT,OC
7621,188.0,11162,2710,AD,MBC
7622,188.0,11163,2764,AD,OC
7623,188.0,11165,2711,CS,OC
7624,188.0,11166,1211,EC,BC
7625,188.0,11167,2710,AD,MBC
7626,188.0,11168,2006,BY,BCM
7627,188.0,11169,2715,CS,OC
7628,188.0,11170,2739,CS,BC
7629,188.0,11172,2702,EC,OC
7630,188.0,11176,1211,AD,OC
7631,188.0,11177,1408,CS,OC
7632,188.0,11179,2718,EC,MBC
7633,188.0,11180,5921,CS,OC
7634,188.0,11181,2722,AD,OC
7635,188.0,11182,2739,AD,OC
7636,188.0,11184,1216,CS,OC
7637,188.0,11185,1399,EV,BC
7638,188.0,11186,2718,SC,BC
7639,188.0,11190,1120,CS,OC
7640,188.0,11191,5008,EY,BCM
7641,188.0,11192,2710,CS,BC
7642,188.0,11193,1432,AD,OC
7643,188.0,11195,2764,CS,BC
7644,188.0,11196,2718,EC,MBC
7645,188.0,11198,4974,EC,OC
7646,188.0,11199,2007,MF,OC
7647,188.0,11200,2719,CS,OC
7648,188.0,11201,3806,EC,OC
7649,188.0,11202,5986,CS,OC
7650,188.0,11203,2603,CS,OC
7651,188.0,11204,1432,AD,OC
7652,188.0,11207,2006,BY,BC
7653,188.0,11208,5901,EC,BC
7654,188.0,11209,3465,CS,OC
7655,188.0,11210,2719,CS,OC
7656,188.0,11211,2751,AD,OC
7657,188.0,11213,2739,AD,OC
7658,188.0,11214,4960,CS,OC
7659,188.0,11215,2718,EC,MBC
7660,188.0,11216,2615,EE,BC
7661,188.0,11217,1442,CS,OC
7662,188.0,11218,1211,IT,MBC
7663,188.0,11220,1432,CS,BC
7664,188.0,11222,2718,EC,BCM
7665,188.0,11223,1211,AE,OC
7666,188.0,11224,2764,AD,OC
7667,188.0,11225,2006,BS,BC
7668,188.0,11227,2702,EC,OC
7669,188.0,11229,1432,CO,OC
7670,188.0,11230,1442,CS,OC
7671,188.0,11231,2764,IT,OC
7672,188.0,11232,4960,CS,OC
7673,188.0,11233,2,PP,OC
7674,188.0,11235,1211,AD,OC
7675,188.0,11236,2702,EC,OC
7676,188.0,11237,2718,CB,OC
7677,188.0,11238,2739,CS,MBC
7678,188.0,11243,1211,SC,OC
7679,188.0,11244,2025,AD,BC
7680,188.0,11245,2710,CS,BC
7681,188.0,11247,1414,IT,MBC
7682,188.0,11250,5008,ME,BC
7683,188.0,11251,1419,CS,OC
7684,188.0,11252,2709,EC,OC
7685,188.0,11254,2,CL,MBC
7686,188.0,11255,2718,SC,BC
7687,188.0,11256,2706,CS,OC
7688,188.0,11259,3465,CS,OC
7689,188.0,11260,1315,BM,MBC
7690,188.0,11261,2736,IT,OC
7691,188.0,11262,2718,AD,BCM
7692,188.0,11263,1315,CJ,SC
7693,188.0,11264,1120,CS,OC
7694,188.0,11265,1432,AD,OC
7695,188.0,11266,2007,ME,BC
7696,188.0,11268,2025,AD,MBC
7697,188.0,11269,4960,AD,OC
7698,188.0,11270,2006,BY,BC
7699,188.0,11271,4,PR,BC
7700,188.0,11273,1211,CS,BC
7701,188.0,11274,5008,CS,SC
7702,188.0,11275,4962,EC,OC
7703,188.0,11279,1211,CB,OC
7704,188.0,11280,5008,EY,MBC
7705,188.0,11281,2739,CS,MBC
7706,188.0,11283,2736,CS,OC
7707,188.0,11284,2377,ME,BC
7708,188.0,11285,1432,CS,BC
7709,188.0,11286,2764,AD,OC
7710,188.0,11288,1219,AD,OC
7711,188.0,11289,2618,CS,OC
7712,188.0,11290,2704,AD,OC
7713,188.0,11291,2702,CS,OC
7714,188.0,11292,2601,EC,OC
7715,188.0,11293,4,AT,SCA
7716,188.0,11294,1211,AD,OC
7717,188.0,11296,2719,CS,OC
7718,188.0,11297,2718,SC,BC
7719,188.0,11298,1419,CS,OC
7720,188.0,11299,2005,ME,OC
7721,188.0,11303,3811,AD,OC
7722,188.0,11304,1211,EC,BC
7723,188.0,11305,1,GI,MBC
7724,188.0,11306,5910,CS,OC
7725,188.0,11309,5008,MG,BC
7726,188.0,11310,2718,CD,OC
7727,188.0,11311,1399,AD,MBC
7728,188.0,11312,2615,CS,SC
7729,188.0,11313,2722,AM,OC
7730,188.0,11314,2739,EC,OC
7731,188.0,11315,1219,CS,BC
7732,188.0,11317,4974,EC,OC
7733,188.0,11318,2764,CH,OC
7734,188.0,11319,2718,SC,BC
7735,188.0,11320,5008,CW,MBC
7736,188.0,11321,1219,CS,BC
7737,188.0,11322,1310,CS,OC
7738,188.0,11323,2731,EC,OC
7739,188.0,11324,1219,EC,OC
7740,188.0,11325,2702,EC,OC
7741,188.0,11326,2,PM,OC
7742,188.0,11328,2712,AD,BCM
7743,188.0,11329,5901,EC,BC
7744,188.0,11330,2702,CS,OC
7745,188.0,11333,4974,CS,MBC
7746,188.0,11335,2615,EE,MBC
7747,188.0,11336,2702,EC,OC
7748,188.0,11338,5008,MG,BC
7749,188.0,11339,1211,EC,BC
7750,188.0,11340,1399,IT,MBC
7751,188.0,11344,1219,CS,BC
7752,188.0,11345,1219,CS,MBC
7753,188.0,11346,2718,CB,OC
7754,188.0,11348,1211,EC,MBC
7755,188.0,11350,3819,EC,OC
7756,188.0,11352,2,CL,MBC
7757,188.0,11354,1516,CS,OC
7758,188.0,11355,2718,SC,BC
7759,188.0,11356,2718,SC,BC
7760,188.0,11357,3011,CF,OC
7761,188.0,11358,1211,SC,OC
7762,188.0,11359,1113,CS,OC
7763,188.0,11360,3465,EC,OC
7764,188.0,11361,4960,CS,OC
7765,188.0,11364,2718,EC,MBC
7766,188.0,11365,2710,CS,BC
7767,188.0,11366,2007,CM,SC
7768,188.0,11367,2739,AD,OC
7769,188.0,11370,2329,CS,OC
7770,188.0,11371,1419,CS,OC
7771,188.0,11372,1211,AD,OC
7772,188.0,11373,1,MA,BC
7773,188.0,11374,1414,IT,MBC
7774,188.0,11375,2712,EE,BC
7775,188.0,11376,2377,IC,OC
7776,188.0,11377,4962,CS,OC
7777,188.0,11378,5008,ME,BC
7778,188.0,11381,1211,SC,OC
7779,188.0,11382,2615,EE,BC
7780,188.0,11384,2025,CS,OC
7781,188.0,11386,2764,EC,OC
7782,188.0,11387,1408,CS,OC
7783,188.0,11389,2603,CS,OC
7784,188.0,11390,3011,AM,OC
7785,188.0,11392,1219,CS,BCM
7786,188.0,11393,5008,EY,MBC
7787,188.0,11395,1211,AD,OC
7788,188.0,11396,1432,EC,OC
7789,188.0,11397,4,AU,MBC
7790,188.0,11398,2718,IT,MBC
7791,188.0,11400,2377,IC,OC
7792,188.0,11403,2718,SC,BC
7793,188.0,11406,2006,BY,BC
7794,188.0,11409,1399,IT,MBC
7795,188.0,11411,3,BP,OC
7796,188.0,11413,1216,SC,OC
7797,188.0,11415,2718,SC,BC
7798,188.0,11416,2006,CN,OC
7799,188.0,11420,1113,CS,OC
7800,188.0,11422,2005,EC,SC
7801,188.0,11428,1315,CE,BC
7802,188.0,11429,4960,CS,OC
7803,188.0,11431,1315,CE,BCM
7804,188.0,11434,2712,BT,OC
7805,188.0,11435,1432,CS,BC
7806,188.0,11437,5986,EC,OC
7807,188.0,11440,1399,AD,MBC
7808,188.0,11442,2712,EI,OC
7809,188.0,11450,4960,AD,OC
7810,188.0,11451,2005,ME,OC
7811,188.0,11453,2706,CS,OC
7812,188.0,11454,1013,EC,OC
7813,188.0,11457,5986,CS,OC
7814,188.0,11458,1317,CS,OC
7815,188.0,11459,1211,AD,OC
7816,188.0,11469,5986,CS,OC
7817,188.0,11470,1211,SC,OC
7818,188.0,11471,2718,SC,BC
7819,188.0,11473,1211,IT,BC
7820,188.0,11474,2007,ME,BCM
7821,188.0,11475,2,FS,OC
7822,188.0,11478,2739,AD,OC
7823,188.0,11479,2622,IT,OC
7824,188.0,11480,2006,EM,SC
7825,188.0,11482,2764,CS,BC
7826,188.0,11484,2718,IT,MBC
7827,188.0,11485,4971,CS,OC
7828,188.0,11487,2006,CN,OC
7829,188.0,11488,1432,CS,BC
7830,188.0,11489,2764,AD,OC
7831,188.0,11492,2718,CJ,OC
7832,188.0,11493,1210,CS,OC
7833,188.0,11495,2608,IT,OC
7834,188.0,11496,2712,EE,BC
7835,188.0,11497,1,GI,MBC
7836,188.0,11499,2709,EC,OC
7837,188.0,11500,2702,CS,OC
7838,188.0,11501,2710,AD,BC
7839,188.0,11502,1113,AD,OC
7840,188.0,11503,2,TX,OC
7841,188.0,11508,1113,CS,OC
7842,188.0,11509,1450,CS,BC
7843,188.0,11512,1419,EC,OC
7844,188.0,11515,2615,EE,MBC
7845,188.0,11517,1219,EC,MBC
7846,188.0,11518,2736,AD,OC
7847,188.0,11519,5008,ME,BC
7848,188.0,11520,5009,CS,OC
7849,188.0,11521,2603,CS,OC
7850,188.0,11522,2702,CS,OC
7851,188.0,11523,2712,EI,BC
7852,188.0,11524,1113,IT,OC
7853,188.0,11525,2007,MF,OC
7854,188.0,11527,1219,CS,BC
7855,188.0,11528,1211,AD,OC
7856,188.0,11530,5008,CE,OC
7857,188.0,11532,1113,CS,OC
7858,188.0,11536,1,IE,MBC
7859,188.0,11539,4,PR,BCM
7860,188.0,11540,2006,MF,MBC
7861,188.0,11541,5910,CS,OC
7862,188.0,11542,1317,CS,OC
7863,188.0,11543,1304,CS,OC
7864,188.0,11546,1315,CH,MBC
7865,188.0,11548,5986,CS,OC
7866,188.0,11549,5986,AD,OC
7867,188.0,11550,1113,CS,OC
7868,188.0,11552,2764,EC,OC
7869,188.0,11553,2613,CS,OC
7870,188.0,11554,1315,CH,MBC
7871,188.0,11555,5008,MG,BC
7872,188.0,11557,1432,CS,MBC
7873,188.0,11559,2007,CH,MBC
7874,188.0,11560,2739,EC,OC
7875,188.0,11561,2718,EC,MBC
7876,188.0,11562,1399,IT,MBC
7877,188.0,11565,2007,CH,MBC
7878,188.0,11566,1414,IT,MBC
7879,188.0,11568,2711,EC,OC
7880,188.0,11569,2718,SC,BC
7881,188.0,11570,1399,BM,OC
7882,188.0,11572,5008,MG,BC
7883,188.0,11573,2006,ES,BCM
7884,188.0,11574,2764,AM,OC
7885,188.0,11575,2005,CE,OC
7886,188.0,11576,1450,CS,BC
7887,188.0,11577,1211,EC,BC
7888,188.0,11579,1211,AL,OC
7889,188.0,11580,2,IB,BC
7890,188.0,11584,2007,EM,SC
7891,188.0,11588,2764,CS,BC
7892,188.0,11589,2702,EC,OC
7893,188.0,11596,2,PM,OC
7894,188.0,11597,1211,IT,BC
7895,188.0,11601,1219,CS,BC
7896,188.0,11602,2712,EE,BC
7897,188.0,11603,1432,CS,BC
7898,188.0,11608,1211,SC,OC
7899,188.0,11609,1149,CS,OC
7900,188.0,11610,1,MN,BC
7901,188.0,11613,1399,EE,BC
7902,188.0,11615,1317,CS,OC
7903,188.0,11616,1211,CB,OC
7904,188.0,11618,1211,ME,OC
7905,188.0,11621,1,GI,BC
7906,188.0,11622,1315,BM,MBC
7907,188.0,11624,1399,EV,BC
7908,188.0,11627,1219,CS,BC
7909,188.0,11628,2377,IC,OC
7910,188.0,11629,3795,CS,OC
7911,188.0,11630,1,ME,SC
7912,188.0,11631,2718,SC,BC
7913,188.0,11633,5986,CS,OC
7914,188.0,11637,2025,AD,BC
7915,188.0,11638,2764,EC,OC
7916,188.0,11640,2710,CS,BC
7917,188.0,11641,1432,CB,OC
7918,188.0,11642,1317,AD,OC
7919,188.0,11643,1219,IT,OC
7920,188.0,11646,1450,AD,OC
7921,188.0,11647,2005,IB,OC
7922,188.0,11648,2739,IT,BC
7923,188.0,11650,1211,AL,OC
7924,188.0,11651,5008,CM,SC
7925,188.0,11654,4974,CS,MBC
7926,188.0,11655,1399,EE,BC
7927,188.0,11657,2656,CS,OC
7928,188.0,11658,2739,AD,OC
7929,188.0,11659,2739,IT,BC
7930,188.0,11661,1432,CS,BC
7931,188.0,11662,2615,EE,BC
7932,188.0,11663,2377,IC,OC
7933,188.0,11664,1442,SC,OC
7934,188.0,11665,1450,EC,OC
7935,188.0,11666,5008,EY,MBC
7936,188.0,11670,2718,EC,MBC
7937,188.0,11672,1450,CS,BC
7938,188.0,11674,1211,EC,SC
7939,188.0,11677,1414,IT,MBC
7940,188.0,11678,3830,EC,OC
7941,188.0,11679,1,IE,BC
7942,188.0,11680,2711,CS,OC
7943,188.0,11681,1211,AD,MBC
7944,188.0,11682,1432,AM,OC
7945,188.0,11683,5901,EC,BC
7946,188.0,11684,2710,AD,MBC
7947,188.0,11685,2702,CS,OC
7948,188.0,11686,1219,AD,OC
7949,188.0,11687,2007,CM,SC
7950,188.0,11688,2006,AS,OC
7951,188.0,11690,2739,AD,OC
7952,188.0,11691,2764,CS,BC
7953,188.0,11692,2718,CJ,OC
7954,188.0,11694,1414,IT,MBC
7955,188.0,11698,1219,IT,OC
7956,188.0,11701,4974,EC,OC
7957,188.0,11702,1211,AD,BC
7958,188.0,11703,1,IE,BC
7959,188.0,11705,4960,EC,OC
7960,188.0,11708,2377,IC,BCM
7961,188.0,11709,2603,CS,OC
7962,188.0,11710,2007,CH,MBC
7963,188.0,11711,4974,EC,OC
7964,188.0,11713,1113,CS,BC
7965,188.0,11714,1399,EV,BC
7966,188.0,11719,1414,IT,MBC
7967,188.0,11721,3019,CS,OC
7968,188.0,11723,1399,MZ,OC
7969,187.9,11725,2620,EC,OC
7970,187.8,11726,2764,EC,OC
7971,187.8,11727,2,CL,BC
7972,187.7,11729,2025,CS,OC
7973,187.7,11730,1211,CB,OC
7974,187.7,11731,1211,AD,BC
7975,187.7,11732,1113,CS,MBC
7976,187.6,11733,2377,IC,BC
7977,187.6,11734,1399,MZ,OC
7978,187.5,11735,1432,AD,OC
7979,187.5,11736,2618,CS,OC
7980,187.5,11738,2718,EC,MBC
7981,187.5,11739,1309,CS,OC
7982,187.5,11741,3011,IT,OC
7983,187.5,11743,2006,BS,BC
7984,187.5,11745,1216,CS,OC
7985,187.5,11746,2718,CS,SC
7986,187.5,11750,2025,AD,BC
7987,187.5,11751,1432,CS,BC
7988,187.5,11753,2007,ME,BC
7989,187.5,11754,2710,IT,OC
7990,187.5,11755,2722,EC,OC
7991,187.5,11756,2007,ME,MBC
7992,187.5,11757,1211,AD,BCM
7993,187.5,11758,2709,EC,OC
7994,187.5,11760,1304,CS,OC
7995,187.5,11761,1304,AD,OC
7996,187.5,11763,2005,ME,OC
7997,187.5,11765,5008,MF,OC
7998,187.5,11766,2731,AD,OC
7999,187.5,11767,2007,CS,SCA
8000,187.5,11768,5901,EE,OC
8001,187.5,11769,1211,AD,BC
8002,187.5,11770,2718,AD,MBC
8003,187.5,11771,2739,IT,BC
8004,187.5,11773,2711,CS,OC
8005,187.5,11777,1399,IT,MBC
8006,187.5,11780,2618,CS,OC
8007,187.5,11781,2718,EC,MBC
8008,187.5,11782,1,XM,OC
8009,187.5,11783,1211,EC,BC
8010,187.5,11784,2718,EE,OC
8011,187.5,11785,4974,EC,OC
8012,187.5,11786,2006,PR,OC
8013,187.5,11787,2710,CS,MBC
8014,187.5,11790,1,MN,MBC
8015,187.5,11791,2764,AM,OC
8016,187.5,11793,2739,AD,OC
8017,187.5,11794,2718,IT,MBC
8018,187.5,11797,1211,AD,BC
8019,187.5,11798,2710,AD,MBC
8020,187.5,11799,2005,ME,OC
8021,187.5,11800,2764,CS,BC
8022,187.5,11801,2025,AD,MBC
8023,187.5,11802,2710,CS,BC
8024,187.5,11803,2711,CS,OC
8025,187.5,11804,2007,EM,SC
8026,187.5,11806,2718,SC,BC
8027,187.5,11807,2329,EC,OC
8028,187.5,11808,1304,SC,OC
8029,187.5,11809,1432,CS,BC
8030,187.5,11810,1450,CS,BC
8031,187.5,11811,5986,CS,OC
8032,187.5,11812,1216,CS,OC
8033,187.5,11813,2702,CS,OC
8034,187.5,11814,2764,EC,OC
8035,187.5,11815,1211,ME,OC
8036,187.5,11817,2709,IT,OC
8037,187.5,11818,2764,EC,OC
8038,187.5,11819,1,MN,BC
8039,187.5,11820,2718,EC,MBC
8040,187.5,11822,2005,EE,SC
8041,187.5,11823,2739,EC,OC
8042,187.5,11824,2722,EC,OC
8043,187.5,11825,2702,IT,OC
8044,187.5,11826,5008,MF,OC
8045,187.5,11829,2764,IT,OC
8046,187.5,11830,2718,AD,MBC
8047,187.5,11832,2718,SC,BC
8048,187.5,11833,4974,EC,OC
8049,187.5,11834,1399,AD,MBC
8050,187.5,11835,2722,CS,OC
8051,187.5,11836,2007,EC,SC
8052,187.5,11838,2615,EE,MBC
8053,187.5,11839,1399,EE,BC
8054,187.5,11840,5907,AD,OC
8055,187.5,11841,2702,CS,BC
8056,187.5,11842,1211,EC,BC
8057,187.5,11843,1432,EC,OC
8058,187.5,11844,1399,EA,MBC
8059,187.5,11845,2710,CS,BC
8060,187.5,11846,5910,CS,OC
8061,187.5,11847,5008,CW,MBC
8062,187.5,11848,1211,AD,MBC
8063,187.5,11850,1432,CO,OC
8064,187.5,11851,2751,IT,OC
8065,187.5,11854,4944,CS,OC
8066,187.5,11856,2656,EC,OC
8067,187.5,11857,1113,CS,BC
8068,187.5,11858,1211,IT,BC
8069,187.5,11859,1399,EE,BC
8070,187.5,11860,1211,AD,BC
8071,187.5,11861,1399,IT,MBC
8072,187.5,11863,2710,IT,OC
8073,187.5,11864,2006,BY,BC
8074,187.5,11865,2751,IT,OC
8075,187.5,11866,2702,CS,BC
8076,187.5,11867,1450,CS,MBC
8077,187.5,11868,2709,IT,OC
8078,187.5,11869,2603,CS,OC
8079,187.5,11873,2764,AM,OC
8080,187.5,11874,2736,AD,OC
8081,187.5,11875,1419,CJ,OC
8082,187.5,11876,2710,CS,MBC
8083,187.5,11878,1211,AD,BC
8084,187.5,11879,2702,CS,BC
8085,187.5,11883,1432,CB,OC
8086,187.5,11884,2735,AD,OC
8087,187.5,11886,2710,AD,MBC
8088,187.5,11888,2739,AD,OC
8089,187.5,11889,1211,EC,MBC
8090,187.5,11891,2709,IT,OC
8091,187.5,11892,2712,EE,MBC
8092,187.5,11893,1432,CS,BCM
8093,187.5,11894,2006,CG,SC
8094,187.5,11896,2708,CS,OC
8095,187.5,11899,2702,CS,MBC
8096,187.5,11901,2739,AD,OC
8097,187.5,11902,2722,AD,OC
8098,187.5,11904,4,AU,MBC
8099,187.5,11905,4974,EC,OC
8100,187.5,11907,5986,CS,OC
8101,187.5,11908,2712,AE,OC
8102,187.5,11909,2718,EE,OC
8103,187.5,11910,2718,SC,BCM
8104,187.5,11912,4974,EC,BC
8105,187.5,11913,2764,CS,BC
8106,187.5,11914,1399,AD,MBC
8107,187.5,11916,2718,AD,MBC
8108,187.5,11921,4974,EC,BC
8109,187.5,11922,2702,CB,OC
8110,187.5,11925,2706,CS,OC
8111,187.5,11926,2618,EC,OC
8112,187.5,11927,1211,EC,BC
8113,187.5,11928,2718,SC,BC
8114,187.5,11930,1450,CS,BCM
8115,187.5,11931,2764,AM,OC
8116,187.5,11932,1516,CS,OC
8117,187.5,11933,4960,CS,OC
8118,187.5,11934,4971,CS,OC
8119,187.5,11935,2718,IT,MBC
8120,187.5,11937,4974,EC,BC
8121,187.5,11939,4954,EC,OC
8122,187.5,11940,2709,IT,OC
8123,187.5,11941,2025,EC,OC
8124,187.5,11942,1317,CS,OC
8125,187.5,11943,2764,EC,OC
8126,187.5,11944,2718,AD,MBC
8127,187.5,11946,1399,IT,MBC
8128,187.5,11947,2630,IT,OC
8129,187.5,11950,1216,AD,OC
8130,187.5,11951,1211,EC,BC
8131,187.5,11952,5008,MG,MBC
8132,187.5,11953,2764,AM,OC
8133,187.5,11955,1219,CS,MBC
8134,187.5,11956,1211,AD,BC
8135,187.5,11957,2712,EI,BC
8136,187.5,11958,2709,IT,OC
8137,187.5,11960,1120,CS,OC
8138,187.5,11961,1,PT,OC
8139,187.5,11962,4,EI,SC
8140,187.5,11964,2711,CS,OC
8141,187.5,11965,3011,BT,OC
8142,187.5,11966,2702,CS,BC
8143,187.5,11967,2615,EE,BC
8144,187.5,11968,2718,EE,OC
8145,187.5,11969,5008,MG,BC
8146,187.5,11970,2712,AE,OC
8147,187.5,11971,5008,ME,MBC
8148,187.5,11973,2718,CJ,OC
8149,187.5,11974,4,PR,BC
8150,187.5,11975,1432,EV,OC
8151,187.5,11976,1211,IT,BC
8152,187.5,11977,1211,AD,BC
8153,187.5,11980,2718,CB,OC
8154,187.5,11981,4,AU,MBC
8155,187.5,11982,2764,CS,MBC
8156,187.5,11984,2006,BY,BC
8157,187.5,11985,2719,CS,OC
8158,187.5,11987,1315,CH,BC
8159,187.5,11989,2615,EE,MBC
8160,187.5,11990,1149,IT,OC
8161,187.5,11991,2007,ME,MBC
8162,187.5,11992,2718,SC,BC
8163,187.5,11993,2006,CN,OC
8164,187.5,11995,2,CL,BC
8165,187.5,11997,2710,CS,BC
8166,187.5,11998,5910,IT,OC
8167,187.5,11999,1211,AD,BC
8168,187.5,12000,2007,ME,MBC
8169,187.5,12001,1113,CS,MBC
8170,187.5,12001,2,CL,BC
8171,187.5,12002,2706,AD,OC
8172,187.5,12003,1432,CS,BC
8173,187.5,12004,1211,IT,MBC
8174,187.5,12006,2719,AD,OC
8175,187.5,12007,1113,EC,OC
8176,187.5,12008,2739,AD,OC
8177,187.5,12009,1450,EC,OC
8178,187.5,12010,1399,IT,MBC
8179,187.5,12011,1211,CS,MBC
8180,187.5,12012,1315,CE,BC
8181,187.5,12013,2702,CS,BC
8182,187.5,12014,1432,CS,BC
8183,187.5,12015,4960,CS,OC
8184,187.5,12017,5008,ME,BC
8185,187.5,12019,5901,CE,OC
8186,187.5,12020,4960,EC,OC
8187,187.5,12022,2603,CS,OC
8188,187.5,12023,4,EI,SC
8189,187.5,12025,2005,ME,OC
8190,187.5,12027,2702,CS,BC
8191,187.5,12028,2764,EC,OC
8192,187.5,12029,2718,EE,OC
8193,187.5,12030,1211,AL,OC
8194,187.5,12032,2706,CS,OC
8195,187.5,12033,2025,AD,MBC
8196,187.5,12034,1216,EC,OC
8197,187.5,12036,2603,EC,OC
8198,187.5,12037,2764,EC,OC
8199,187.5,12039,5008,EC,SC
8200,187.5,12041,2623,CS,OC
8201,187.5,12042,1399,MZ,OC
8202,187.5,12043,2007,ME,BC
8203,187.5,12044,1211,SC,OC
8204,187.5,12045,2712,EE,MBC
8205,187.5,12046,2702,CS,MBC
8206,187.5,12047,4974,EC,BC
8207,187.5,12048,2722,CS,OC
8208,187.5,12049,1216,CS,OC
8209,187.5,12051,1211,IT,BC
8210,187.5,12052,1113,CS,MBC
8211,187.5,12057,1219,EC,SC
8212,187.5,12059,2740,EC,OC
8213,187.5,12066,5901,EE,OC
8214,187.5,12067,1211,CS,MBC
8215,187.5,12069,2006,EM,SC
8216,187.5,12072,1,GI,MBC
8217,187.5,12073,2708,AL,OC
8218,187.5,12075,1399,IT,MBC
8219,187.5,12076,1432,CS,MBC
8220,187.5,12077,1442,SC,OC
8221,187.5,12078,4,AU,MBC
8222,187.5,12079,1219,IT,OC
8223,187.5,12080,1419,CS,OC
8224,187.5,12082,2718,IT,MBC
8225,187.5,12084,1137,CS,OC
8226,187.5,12085,2702,CS,MBC
8227,187.5,12087,2764,IT,OC
8228,187.5,12088,4680,EC,OC
8229,187.5,12090,2377,ME,BC
8230,187.5,12091,1304,AD,OC
8231,187.5,12092,5010,CS,OC
8232,187.5,12093,5010,CS,OC
8233,187.5,12094,1113,EC,OC
8234,187.5,12095,1211,AD,BCM
8235,187.5,12096,5901,EE,OC
8236,187.5,12099,1419,CS,OC
8237,187.5,12101,3819,CS,OC
8238,187.5,12102,2615,EE,BC
8239,187.5,12103,5008,ME,BC
8240,187.5,12104,2711,CS,OC
8241,187.5,12105,3,BP,OC
8242,187.5,12107,2709,CS,BC
8243,187.5,12109,1219,EC,BC
8244,187.5,12112,2712,EI,BC
8245,187.5,12113,1432,CS,BC
8246,187.5,12114,2006,PR,OC
8247,187.5,12116,1422,CS,OC
8248,187.5,12118,2722,CS,OC
8249,187.5,12123,2718,SC,BC
8250,187.5,12124,1219,AD,OC
8251,187.5,12125,1211,EC,BC
8252,187.5,12127,1304,CS,OC
8253,187.5,12129,2711,EC,OC
8254,187.5,12132,1219,EC,BC
8255,187.5,12134,2718,EE,OC
8256,187.5,12137,2706,CS,OC
8257,187.5,12139,1211,IT,BC
8258,187.5,12140,2739,AD,BC
8259,187.5,12143,1211,EC,BC
8260,187.5,12144,2718,SC,BC
8261,187.5,12145,1399,EV,MBC
8262,187.5,12147,2,PP,OC
8263,187.5,12149,2764,EC,OC
8264,187.5,12153,1219,AD,OC
8265,187.5,12155,1399,AD,MBC
8266,187.5,12157,2006,EE,SC
8267,187.5,12159,1113,EC,OC
8268,187.5,12164,1219,IT,BC
8269,187.5,12167,1013,CS,OC
8270,187.5,12168,2718,CB,BC
8271,187.5,12169,1432,CS,MBC
8272,187.5,12172,1419,AD,OC
8273,187.5,12173,1210,AL,OC
8274,187.5,12174,2764,CS,MBC
8275,187.5,12176,4944,AD,OC
8276,187.5,12177,1211,IT,MBC
8277,187.5,12179,2711,CS,OC
8278,187.5,12181,1211,IT,BC
8279,187.5,12185,1432,AD,OC
8280,187.5,12186,2007,ME,MBC
8281,187.5,12187,2711,CS,OC
8282,187.5,12188,5901,EE,OC
8283,187.5,12191,1432,CS,MBC
8284,187.5,12192,1211,EC,BC
8285,187.5,12195,2702,CS,BC
8286,187.5,12196,2702,CS,MBC
8287,187.5,12197,2719,CS,OC
8288,187.5,12198,2007,ME,BC
8289,187.5,12199,2751,AM,OC
8290,187.5,12200,2710,CS,BC
8291,187.5,12201,2618,CS,OC
8292,187.5,12202,2712,MZ,OC
8293,187.5,12205,1315,BM,MBC
8294,187.5,12206,1211,CB,OC
8295,187.5,12207,2006,BS,BC
8296,187.5,12208,1211,IT,BC
8297,187.5,12209,2718,AD,MBC
8298,187.5,12213,1450,CS,BC
8299,187.5,12215,2709,CS,BC
8300,187.5,12216,2618,AD,OC
8301,187.5,12219,2377,IC,MBC
8302,187.5,12220,1317,EC,OC
8303,187.5,12221,1399,MZ,BC
8304,187.5,12223,4974,EC,BC
8305,187.5,12224,1432,CS,BC
8306,187.5,12225,2025,CS,OC
8307,187.5,12227,2005,IT,SC
8308,187.5,12228,2719,EC,OC
8309,187.5,12229,2377,IC,BC
8310,187.5,12230,2615,CS,SC
8311,187.5,12232,2718,EC,MBC
8312,187.5,12233,2,CL,MBC
8313,187.5,12235,2618,EC,OC
8314,187.5,12236,1419,EC,OC
8315,187.5,12237,2710,AD,BC
8316,187.5,12238,2702,AD,OC
8317,187.5,12239,2702,CS,BC
8318,187.5,12240,2702,CS,MBC
8319,187.5,12243,1315,CE,BC
8320,187.5,12244,2764,EC,OC
8321,187.5,12246,2,IS,BC
8322,187.5,12247,1211,IT,BCM
8323,187.5,12250,2718,CB,BC
8324,187.5,12253,1211,IT,BC
8325,187.5,12254,5986,EC,OC
8326,187.5,12255,1399,AD,MBC
8327,187.5,12256,1211,EC,BC
8328,187.5,12257,1432,AD,OC
8329,187.5,12258,1,MI,BC
8330,187.5,12259,2719,CS,OC
8331,187.5,12260,4960,AD,OC
8332,187.5,12261,2709,IT,OC
8333,187.5,12265,2739,IT,BC
8334,187.5,12266,2005,CE,OC
8335,187.5,12269,2006,CE,MBC
8336,187.5,12270,1216,CS,OC
8337,187.5,12271,1211,AL,OC
8338,187.5,12272,1216,IT,OC
8339,187.5,12273,2007,ME,BC
8340,187.5,12277,2764,AM,OC
8341,187.5,12278,2739,EC,OC
8342,187.5,12279,2006,IM,SCA
8343,187.5,12280,2740,AD,OC
8344,187.5,12281,2006,CG,SC
8345,187.5,12282,1317,CS,OC
8346,187.5,12283,1211,IT,MBC
8347,187.5,12284,3011,CS,OC
8348,187.5,12285,1,CE,SC
8349,187.5,12288,1399,CB,MBC
8350,187.5,12289,1315,CH,MBC
8351,187.5,12290,2712,EE,MBC
8352,187.5,12294,2377,CS,SC
8353,187.5,12297,2007,ME,BC
8354,187.5,12298,1432,EC,OC
8355,187.5,12299,2702,CS,BC
8356,187.5,12300,1113,CS,BC
8357,187.5,12301,1442,SC,OC
8358,187.5,12302,1219,IT,BC
8359,187.5,12309,1450,CS,MBC
8360,187.5,12310,2712,BT,OC
8361,187.5,12312,1399,BM,SC
8362,187.5,12313,2722,SC,OC
8363,187.5,12315,2007,EC,SC
8364,187.5,12317,2007,ME,BC
8365,187.5,12319,1013,CS,OC
8366,187.5,12320,2702,EC,OC
8367,187.5,12321,2007,MF,OC
8368,187.5,12323,2711,AD,OC
8369,187.5,12324,2718,EE,OC
8370,187.5,12326,1219,EC,BC
8371,187.5,12327,1432,CS,BCM
8372,187.5,12329,2739,AM,OC
8373,187.5,12330,2764,CS,BC
8374,187.5,12331,5008,MG,BC
8375,187.5,12332,1399,BM,MBC
8376,187.5,12335,1219,IT,BC
8377,187.5,12336,1211,CB,OC
8378,187.5,12338,1442,SC,OC
8379,187.5,12340,1315,CE,BC
8380,187.5,12343,1432,EC,OC
8381,187.5,12344,1219,IT,BC
8382,187.5,12345,3,BP,OC
8383,187.5,12347,2709,CS,BC
8384,187.5,12350,1211,IT,BC
8385,187.5,12351,2702,CS,BC
8386,187.5,12353,1,EE,SCA
8387,187.5,12354,2764,CS,MBC
8388,187.5,12356,2,IS,BC
8389,187.5,12357,2702,CS,BC
8390,187.5,12358,1432,CS,BC
8391,187.5,12361,4,RP,OC
8392,187.5,12363,1219,IT,MBC
8393,187.5,12366,1,PT,OC
8394,187.5,12367,2005,ME,OC
8395,187.5,12369,1432,AD,OC
8396,187.5,12371,2006,PR,OC
8397,187.5,12372,2718,EE,OC
8398,187.5,12373,2764,EC,OC
8399,187.5,12374,1211,AL,OC
8400,187.5,12375,1,MI,BC
8401,187.5,12376,2751,CS,OC
8402,187.5,12378,4974,EC,BC
8403,187.5,12381,1211,AD,BC
8404,187.5,12382,1113,CS,BC
8405,187.5,12383,1442,SC,OC
8406,187.5,12385,2718,EE,OC
8407,187.5,12387,1399,AD,MBC
8408,187.5,12390,2702,CS,BC
8409,187.5,12391,2718,CD,OC
8410,187.5,12392,2710,EE,OC
8411,187.5,12393,2369,CS,OC
8412,187.5,12394,1432,AD,OC
8413,187.5,12395,1211,EC,MBC
8414,187.5,12400,2007,CE,OC
8415,187.5,12401,1419,EC,OC
8416,187.5,12402,2764,AM,OC
8417,187.5,12403,2377,ME,BC
8418,187.5,12405,1211,EC,MBC
8419,187.5,12406,2610,AD,OC
8420,187.5,12407,2005,ME,OC
8421,187.5,12408,2615,EE,MBC
8422,187.5,12409,4960,CS,OC
8423,187.5,12410,2025,CS,BC
8424,187.5,12416,1419,AD,OC
8425,187.5,12418,1219,IT,MBC
8426,187.5,12419,2,IS,MBC
8427,187.5,12421,1211,SC,OC
8428,187.5,12422,1211,EC,BC
8429,187.5,12424,1442,CS,OC
8430,187.5,12427,2718,EC,MBC
8431,187.5,12430,1211,AE,OC
8432,187.5,12431,2006,BY,BC
8433,187.5,12434,1211,IT,BC
8434,187.5,12435,2711,IT,OC
8435,187.5,12438,1,IE,SC
8436,187.5,12439,2,IS,BC
8437,187.5,12440,2007,AT,SC
8438,187.5,12441,2006,BY,BC
8439,187.5,12442,1432,EV,OC
8440,187.5,12443,1399,CS,SC
8441,187.4,12444,1419,CS,OC
8442,187.4,12445,1399,ME,OC
8443,187.1,12448,2329,AD,OC
8444,187.0,12449,1211,BM,OC
8445,187.0,12451,1219,IT,MBC
8446,187.0,12453,2719,CS,OC
8447,187.0,12454,2718,CB,BC
8448,187.0,12455,1304,CS,OC
8449,187.0,12457,2005,EC,SC
8450,187.0,12458,2006,PR,OC
8451,187.0,12459,5008,CE,OC
8452,187.0,12461,1015,CS,OC
8453,187.0,12462,2615,EE,BC
8454,187.0,12463,2712,ME,OC
8455,187.0,12464,2377,IC,MBC
8456,187.0,12465,1442,CS,OC
8457,187.0,12466,2702,CS,MBC
8458,187.0,12469,2711,CS,OC
8459,187.0,12471,1211,IT,BC
8460,187.0,12474,1219,AD,OC
8461,187.0,12475,4959,CS,OC
8462,187.0,12478,2735,AD,OC
8463,187.0,12479,2710,SC,OC
8464,187.0,12480,2764,EC,OC
8465,187.0,12481,1432,AD,OC
8466,187.0,12482,2709,IT,MBC
8467,187.0,12483,5008,CE,OC
8468,187.0,12484,2739,EC,OC
8469,187.0,12485,1504,AD,OC
8470,187.0,12486,2739,EC,OC
8471,187.0,12487,1,ME,SC
8472,187.0,12488,1211,IT,BC
8473,187.0,12489,2711,EC,OC
8474,187.0,12490,2710,CS,BC
8475,187.0,12491,2718,CS,BCM
8476,187.0,12492,2718,IT,MBC
8477,187.0,12493,2722,AM,OC
8478,187.0,12494,1219,EC,BC
8479,187.0,12495,2722,EC,OC
8480,187.0,12496,2712,BT,OC
8481,187.0,12499,2739,AD,BC
8482,187.0,12500,1014,CS,OC
8483,187.0,12501,1317,CS,OC
8484,187.0,12503,1399,MZ,BC
8485,187.0,12504,1113,AD,OC
8486,187.0,12506,3805,CS,OC
8487,187.0,12507,1315,CJ,SC
8488,187.0,12508,5986,CS,OC
8489,187.0,12509,1211,AD,MBC
8490,187.0,12511,1432,AD,OC
8491,187.0,12513,2719,CS,OC
8492,187.0,12514,2764,EC,OC
8493,187.0,12515,4960,CS,OC
8494,187.0,12516,2702,EC,OC
8495,187.0,12517,1315,BM,MBC
8496,187.0,12518,1,XM,MBC
8497,187.0,12519,5008,CE,BC
8498,187.0,12520,2702,CS,MBC
8499,187.0,12521,2007,ME,BC
8500,187.0,12523,1516,CS,OC
8501,187.0,12524,1219,EC,MBC
8502,187.0,12525,5901,EE,OC
8503,187.0,12526,1113,CD,OC
8504,187.0,12527,2718,EC,MBC
8505,187.0,12528,4971,AD,OC
8506,187.0,12529,1211,EC,BC
8507,187.0,12532,2712,AE,OC
8508,187.0,12534,1219,EC,BC
8509,187.0,12535,2764,CS,BC
8510,187.0,12538,2718,CD,OC
8511,187.0,12539,2764,CE,OC
8512,187.0,12540,5901,EE,OC
8513,187.0,12541,2005,ME,OC
8514,187.0,12542,1211,IT,MBC
8515,187.0,12543,1419,CS,OC
8516,187.0,12544,2702,CS,MBC
8517,187.0,12546,2,CL,BC
8518,187.0,12547,1412,IT,OC
8519,187.0,12548,2005,ME,OC
8520,187.0,12549,1317,EC,OC
8521,187.0,12551,2710,IT,OC
8522,187.0,12552,2718,EE,OC
8523,187.0,12555,1432,CS,MBC
8524,187.0,12556,1211,IT,BC
8525,187.0,12558,1211,IT,BC
8526,187.0,12559,5,AM,OC
8527,187.0,12560,1140,IT,OC
8528,187.0,12562,1211,IT,MBC
8529,187.0,12563,1211,EC,BC
8530,187.0,12564,2764,CS,BCM
8531,187.0,12565,2722,CS,OC
8532,187.0,12566,1432,CS,BC
8533,187.0,12567,2712,BT,OC
8534,187.0,12568,1432,EV,OC
8535,187.0,12570,2706,AD,OC
8536,187.0,12571,1,CE,SC
8537,187.0,12575,2718,CJ,OC
8538,187.0,12576,2710,AD,MBC
8539,187.0,12578,1211,AL,OC
8540,187.0,12579,2621,CS,OC
8541,187.0,12580,5008,ME,BC
8542,187.0,12584,2603,CS,OC
8543,187.0,12585,2711,AD,OC
8544,187.0,12586,2007,ME,BCM
8545,187.0,12589,1399,AD,MBC
8546,187.0,12592,1211,CS,MBC
8547,187.0,12593,2722,CS,OC
8548,187.0,12594,1211,AL,OC
8549,187.0,12595,2710,IT,OC
8550,187.0,12598,2710,CS,BC
8551,187.0,12599,2739,IT,BC
8552,187.0,12600,1432,CS,BC
8553,187.0,12601,1211,IT,MBC
8554,187.0,12602,5008,EY,MBC
8555,187.0,12603,1432,CS,BC
8556,187.0,12604,1424,AD,OC
8557,187.0,12606,2708,EC,OC
8558,187.0,12607,1211,EC,BC
8559,187.0,12608,1113,CS,BC
8560,187.0,12609,1211,EC,BCM
8561,187.0,12610,1432,CO,OC
8562,187.0,12612,2751,AD,OC
8563,187.0,12614,1432,CS,BC
8564,187.0,12615,2621,CS,OC
8565,187.0,12617,2764,CS,BC
8566,187.0,12618,2025,CS,MBC
8567,187.0,12619,2702,AD,OC
8568,187.0,12620,5008,ME,BC
8569,187.0,12621,1211,EC,BC
8570,187.0,12622,1113,CS,BC
8571,187.0,12623,5008,CW,MBC
8572,187.0,12624,1317,AD,OC
8573,187.0,12625,2702,CS,BC
8574,187.0,12626,1432,AD,OC
8575,187.0,12628,2718,AD,MBC
8576,187.0,12629,4974,EC,BC
8577,187.0,12630,2006,MT,OC
8578,187.0,12631,1113,CS,BCM
8579,187.0,12632,1424,EC,OC
8580,187.0,12634,5008,MG,BC
8581,187.0,12636,2739,EC,OC
8582,187.0,12637,2025,EC,OC
8583,187.0,12638,5986,CS,OC
8584,187.0,12639,2764,AM,BC
8585,187.0,12640,1432,CS,BC
8586,187.0,12641,5901,EE,OC
8587,187.0,12642,3,BP,OC
8588,187.0,12643,1441,IT,OC
8589,187.0,12645,3830,CS,OC
8590,187.0,12646,2739,IT,BC
8591,187.0,12648,5901,EE,OC
8592,187.0,12650,4971,CS,OC
8593,187.0,12651,2702,CS,BC
8594,187.0,12652,1432,CS,BC
8595,187.0,12653,2618,AD,OC
8596,187.0,12654,1422,CS,OC
8597,187.0,12655,2,CL,BC
8598,187.0,12656,1,IE,BC
8599,187.0,12657,2007,EM,SC
8600,187.0,12658,2722,AD,OC
8601,187.0,12659,2764,CS,BC
8602,187.0,12660,2005,IB,OC
8603,187.0,12661,1,IE,MBC
8604,187.0,12662,2710,AD,BC
8605,187.0,12664,4974,EC,BC
8606,187.0,12665,1399,CS,SC
8607,187.0,12666,1211,IT,BC
8608,187.0,12667,1432,CS,BC
8609,187.0,12668,1432,EC,BC
8610,187.0,12669,5910,CS,OC
8611,187.0,12670,2006,EE,SC
8612,187.0,12671,2702,CS,BC
8613,187.0,12672,1450,AD,OC
8614,187.0,12673,2764,CS,MBC
8615,187.0,12676,2702,AD,OC
8616,187.0,12678,1399,ME,OC
8617,187.0,12679,2005,ME,OC
8618,187.0,12680,2718,EE,OC
8619,187.0,12682,2702,CS,BC
8620,187.0,12683,2722,CS,OC
8621,187.0,12684,2722,AD,OC
8622,187.0,12685,2007,CL,OC
8623,187.0,12687,4974,EC,BC
8624,187.0,12688,2702,CS,BC
8625,187.0,12689,1419,EC,OC
8626,187.0,12690,1422,EC,OC
8627,187.0,12693,1399,EE,MBC
8628,187.0,12694,2025,EC,OC
8629,187.0,12695,1211,IT,BC
8630,187.0,12696,1216,CS,OC
8631,187.0,12697,2709,CS,BC
8632,187.0,12698,1219,EC,BC
8633,187.0,12699,2006,CN,OC
8634,187.0,12700,1419,EC,OC
8635,187.0,12701,2702,CS,BC
8636,187.0,12703,1399,AM,MBC
8637,187.0,12705,1211,IT,MBC
8638,187.0,12706,1211,IT,BC
8639,187.0,12707,1113,CS,BC
8640,187.0,12708,1315,BM,MBC
8641,187.0,12712,2708,EC,OC
8642,187.0,12713,4974,EC,BC
8643,187.0,12714,1399,EA,MBC
8644,187.0,12715,1,XC,BC
8645,187.0,12717,2764,AM,BC
8646,187.0,12719,2718,AD,MBC
8647,187.0,12720,2722,AD,OC
8648,187.0,12721,1126,EC,OC
8649,187.0,12722,4,PR,MBC
8650,187.0,12723,5008,ME,BCM
8651,187.0,12724,2,PM,OC
8652,187.0,12725,1211,SC,OC
8653,187.0,12726,5986,CS,OC
8654,187.0,12727,1419,CS,OC
8655,187.0,12728,1316,IT,OC
8656,187.0,12729,2006,ES,MBC
8657,187.0,12730,1216,CS,OC
8658,187.0,12731,1211,EC,BC
8659,187.0,12732,1114,CS,OC
8660,187.0,12733,2718,CS,SC
8661,187.0,12735,2007,CM,SC
8662,187.0,12736,1432,CS,MBC
8663,187.0,12737,2005,IT,SC
8664,187.0,12738,1317,EC,OC
8665,187.0,12739,1219,CS,MBC
8666,187.0,12741,1419,CS,OC
8667,187.0,12742,1216,AD,OC
8668,187.0,12743,2702,CS,BC
8669,187.0,12745,2764,AD,OC
8670,187.0,12746,1317,EC,OC
8671,187.0,12747,1419,CS,OC
8672,187.0,12748,5008,EY,MBC
8673,187.0,12749,1211,AL,OC
8674,187.0,12750,2764,AD,BC
8675,187.0,12751,2005,ME,OC
8676,187.0,12752,4974,EC,BC
8677,187.0,12753,1211,EC,BC
8678,187.0,12754,2718,CB,MBC
8679,187.0,12755,2702,CS,BC
8680,187.0,12756,2007,CE,OC
8681,187.0,12757,2708,AL,OC
8682,187.0,12759,1432,AD,OC
8683,187.0,12760,2718,EE,OC
8684,187.0,12761,1442,SC,OC
8685,187.0,12762,1211,SC,OC
8686,187.0,12763,2718,CB,BC
8687,187.0,12764,2608,CS,OC
8688,187.0,12766,1399,EV,MBC
8689,187.0,12767,1211,EC,BC
8690,187.0,12768,1112,CS,OC
8691,187.0,12771,2711,CS,OC
8692,187.0,12772,5901,EE,OC
8693,187.0,12773,3465,CS,OC
8694,187.0,12774,2603,CS,OC
8695,187.0,12776,2718,EE,OC
8696,187.0,12777,2711,CS,OC
8697,187.0,12779,4974,EC,SC
8698,187.0,12781,2702,AD,OC
8699,187.0,12783,1211,EC,MBC
8700,187.0,12784,1419,CS,OC
8701,187.0,12785,1219,IT,BC
8702,187.0,12786,4960,CS,OC
8703,187.0,12788,2007,CL,OC
8704,187.0,12789,1211,AL,OC
8705,187.0,12791,1211,SC,BC
8706,187.0,12792,2739,EC,OC
8707,187.0,12793,2739,CS,MBC
8708,187.0,12794,1211,EC,BC
8709,187.0,12795,2006,BY,MBC
8710,187.0,12796,5008,MG,BC
8711,187.0,12797,2710,AD,MBC
8712,187.0,12798,1113,EC,OC
8713,187.0,12799,2007,EC,SC
8714,187.0,12800,1219,EC,BC
8715,187.0,12802,1211,AD,BC
8716,187.0,12803,1210,CS,OC
8717,187.0,12804,2739,EC,OC
8718,187.0,12805,2764,CS,BC
8719,187.0,12806,2729,AE,OC
8720,187.0,12807,1216,CS,OC
8721,187.0,12808,2718,CB,BC
8722,187.0,12809,1432,CS,BC
8723,187.0,12810,2702,CS,MBC
8724,187.0,12811,4974,CS,MBC
8725,187.0,12812,2702,EC,OC
8726,187.0,12813,4960,CS,OC
8727,187.0,12814,1211,AD,BC
8728,187.0,12817,5008,ME,MBC
8729,187.0,12818,4960,CS,OC
8730,187.0,12821,2739,EC,BCM
8731,187.0,12823,2722,EC,OC
8732,187.0,12825,1211,EC,BC
8733,187.0,12826,2718,EE,OC
8734,187.0,12827,3011,CS,OC
8735,187.0,12829,4994,EC,OC
8736,187.0,12833,2722,CS,OC
8737,187.0,12834,1304,CS,OC
8738,187.0,12837,1219,IT,BC
8739,187.0,12838,2611,CS,OC
8740,187.0,12839,2718,CD,OC
8741,187.0,12853,2702,CS,BC
8742,187.0,12855,4,AU,SC
8743,187.0,12856,2702,CS,BC
8744,187.0,12857,2006,BY,BC
8745,187.0,12860,1211,EE,OC
8746,187.0,12862,1,MI,BC
8747,187.0,12863,1211,AL,OC
8748,187.0,12864,1211,IT,BC
8749,187.0,12867,1219,IT,MBC
8750,187.0,12868,1211,AD,BC
8751,187.0,12872,1219,IT,BC
8752,187.0,12873,2702,CS,BC
8753,187.0,12874,3,BP,OC
8754,187.0,12875,1219,IT,BC
8755,187.0,12877,1216,AD,OC
8756,187.0,12878,1219,IT,BC
8757,187.0,12879,2736,CS,OC
8758,187.0,12880,2739,AD,BC
8759,187.0,12881,1442,CS,OC
8760,187.0,12882,2642,EC,OC
8761,187.0,12883,1450,IT,OC
8762,187.0,12884,2712,EI,BC
8763,187.0,12886,2710,ME,OC
8764,187.0,12887,1219,AD,OC
8765,187.0,12888,1399,AM,MBC
8766,187.0,12889,2702,IT,OC
8767,187.0,12891,1219,IT,BC
8768,187.0,12892,1211,AL,OC
8769,187.0,12893,1,GI,SC
8770,187.0,12894,2025,CS,BC
8771,187.0,12896,1113,AD,OC
8772,187.0,12897,2718,AD,MBC
8773,187.0,12898,1450,CS,BC
8774,187.0,12901,2739,IT,BC
8775,187.0,12902,2702,IT,OC
8776,187.0,12903,2764,CS,BC
8777,187.0,12904,1419,CS,OC
8778,187.0,12905,5008,CE,BC
8779,187.0,12908,2739,AD,BC
8780,187.0,12909,1304,EC,OC
8781,187.0,12910,2007,ME,MBC
8782,187.0,12911,4960,CS,OC
8783,187.0,12912,2764,CS,BC
8784,187.0,12913,2607,CS,OC
8785,187.0,12916,2006,EE,SC
8786,187.0,12917,1304,AD,OC
8787,187.0,12918,1219,IT,BC
8788,187.0,12919,2739,AM,OC
8789,187.0,12920,2735,CS,OC
8790,187.0,12921,2719,CS,OC
8791,187.0,12922,4,PR,SC
8792,187.0,12923,1419,CS,OC
8793,187.0,12924,1432,BT,OC
8794,187.0,12926,2710,AD,MBC
8795,187.0,12927,1419,CS,OC
8796,187.0,12928,2764,AD,BC
8797,187.0,12930,2710,AD,BC
8798,187.0,12931,2718,EC,BCM
8799,187.0,12933,5901,EC,BCM
8800,187.0,12935,1216,CS,OC
8801,187.0,12936,2739,AD,BC
8802,187.0,12937,1432,EV,OC
8803,187.0,12941,1432,CS,BC
8804,187.0,12942,2710,ME,OC
8805,187.0,12943,2764,CS,BC
8806,187.0,12944,2718,IT,MBC
8807,187.0,12944,1399,ME,OC
8808,187.0,12945,2007,MF,OC
8809,187.0,12946,1219,IT,BC
8810,187.0,12947,1412,IT,OC
8811,187.0,12951,1211,CS,MBC
8812,187.0,12953,2712,MZ,OC
8813,187.0,12954,1211,CB,OC
8814,187.0,12955,1211,AD,BC
8815,187.0,12957,1219,IT,BC
8816,187.0,12959,5008,EM,SC
8817,187.0,12960,1211,CS,MBC
8818,187.0,12962,1113,IT,OC
8819,187.0,12963,2702,AD,OC
8820,187.0,12966,2,IS,BC
8821,187.0,12967,2702,IT,OC
8822,187.0,12969,5910,CS,OC
8823,187.0,12970,1432,CS,BC
8824,187.0,12971,2711,CS,OC
8825,187.0,12973,1211,EC,BC
8826,187.0,12974,2702,CS,MBC
8827,187.0,12975,2739,EC,BC
8828,187.0,12976,1432,AM,OC
8829,187.0,12977,1432,CO,OC
8830,187.0,12979,2704,IT,OC
8831,187.0,12980,2718,EE,OC
8832,187.0,12981,2739,SC,OC
8833,187.0,12984,4974,CS,MBC
8834,187.0,12985,2718,IT,MBC
8835,187.0,12986,1211,CS,MBC
8836,187.0,12987,2,CH,SC
8837,187.0,12988,2607,IT,OC
8838,187.0,12989,2007,CL,OC
8839,187.0,12991,2025,CS,BC
8840,187.0,12994,1441,CS,OC
8841,187.0,12997,1442,SC,OC
8842,187.0,12998,4974,EC,BC
8843,187.0,12999,2377,EC,SC
8844,187.0,13000,1399,EC,SC
8845,187.0,13001,3807,CS,OC
8846,187.0,13002,5008,CE,MBC
8847,187.0,13005,1113,CS,MBC
8848,187.0,13006,2006,MS,OC
8849,187.0,13007,1,ME,SCA
8850,187.0,13008,1450,IT,OC
8851,187.0,13009,2007,ME,BC
8852,187.0,13010,2764,CS,BC
8853,187.0,13012,2736,SC,OC
8854,187.0,13014,2377,ME,BC
8855,187.0,13015,1211,EC,BC
8856,187.0,13017,2764,EC,OC
8857,187.0,13018,2718,CD,OC
8858,187.0,13020,1113,IT,OC
8859,187.0,13022,1219,AD,OC
8860,187.0,13023,1399,MZ,BC
8861,187.0,13024,4,RA,SC
8862,187.0,13025,5986,CS,OC
8863,187.0,13027,2710,IT,OC
8864,187.0,13029,2739,EC,BC
8865,187.0,13031,2006,BY,BC
8866,187.0,13032,1,MN,MBC
8867,187.0,13036,2718,IT,MBC
8868,187.0,13037,3465,CS,OC
8869,187.0,13038,1219,ME,OC
8870,187.0,13039,4960,CS,OC
8871,187.0,13046,1113,CS,MBC
8872,187.0,13048,2718,EE,BC
8873,187.0,13049,2739,AD,BC
8874,187.0,13050,1419,IT,OC
8875,187.0,13051,1,MN,BC
8876,187.0,13052,1419,EC,OC
8877,187.0,13053,2731,EC,OC
8878,187.0,13054,1422,AD,OC
8879,187.0,13055,1317,CS,OC
8880,187.0,13057,1414,EC,OC
8881,187.0,13060,2603,CS,MBC
8882,187.0,13061,1211,AD,BCM
8883,187.0,13063,2615,EE,BC
8884,187.0,13064,1219,IT,BC
8885,187.0,13065,2764,CS,MBC
8886,187.0,13068,1219,IT,BC
8887,187.0,13069,2702,IT,OC
8888,187.0,13072,1219,AD,OC
8889,187.0,13073,1,GI,MBC
8890,187.0,13074,4974,EC,BC
8891,187.0,13075,1,IE,BC
8892,187.0,13078,2739,IT,BC
8893,187.0,13082,1113,IT,OC
8894,187.0,13086,1211,AD,BC
8895,187.0,13088,1211,IT,BC
8896,187.0,13090,2718,CD,OC
8897,187.0,13092,5910,CS,OC
8898,187.0,13093,5008,CE,MBC
8899,187.0,13096,1219,EC,BC
8900,187.0,13102,1450,CS,MBC
8901,187.0,13104,2764,ME,OC
8902,187.0,13105,1211,AL,OC
8903,187.0,13106,2718,IT,MBC
8904,187.0,13107,1,MA,MBC
8905,187.0,13108,2702,CS,BC
8906,187.0,13112,1414,CS,SC
8907,187.0,13114,1442,SC,OC
8908,187.0,13115,1113,EC,OC
8909,187.0,13116,1399,EA,MBC
8910,187.0,13119,5901,EE,OC
8911,187.0,13120,2764,IT,OC
8912,187.0,13121,1442,SC,OC
8913,187.0,13122,1,MI,BC
8914,187.0,13125,1442,CS,OC
8915,187.0,13127,4961,CS,OC
8916,187.0,13128,2718,EE,BCM
8917,187.0,13129,2764,IT,OC
8918,187.0,13135,2006,AS,OC
8919,187.0,13136,2377,EC,SC
8920,187.0,13139,2722,CS,OC
8921,187.0,13141,1317,CS,OC
8922,187.0,13142,5008,MG,BC
8923,187.0,13144,3819,CS,OC
8924,187.0,13145,5,CH,OC
8925,187.0,13146,4962,CS,OC
8926,187.0,13147,1442,SC,OC
8927,187.0,13150,2731,EC,SC
8928,187.0,13152,5008,CM,SC
8929,187.0,13154,2722,CS,OC
8930,187.0,13155,2764,CS,MBC
8931,187.0,13161,1399,CS,SC
8932,187.0,13162,1442,SC,OC
8933,187.0,13164,1211,BM,OC
8934,187.0,13170,2739,EC,BC
8935,187.0,13177,2710,CS,MBC
8936,187.0,13179,2653,CS,OC
8937,186.9,13181,1399,ME,OC
8938,186.9,13182,1399,BM,MBC
8939,186.7,13185,1211,SC,BC
8940,186.5,13187,4,AU,SC
8941,186.5,13188,1211,EC,BC
8942,186.5,13189,1216,CS,OC
8943,186.5,13190,1432,CS,BC
8944,186.5,13192,2739,IT,BC
8945,186.5,13193,1317,CS,OC
8946,186.5,13194,2603,CS,BC
8947,186.5,13195,2739,AD,BC
8948,186.5,13198,2706,AD,OC
8949,186.5,13199,2615,EE,MBC
8950,186.5,13200,2005,IT,SC
8951,186.5,13202,1149,EE,OC
8952,186.5,13203,3803,CS,OC
8953,186.5,13205,2764,CS,MBC
8954,186.5,13208,1211,CS,MBC
8955,186.5,13210,1211,EC,BC
8956,186.5,13211,1211,AD,MBC
8957,186.5,13212,1211,CS,MBC
8958,186.5,13216,1419,CS,OC
8959,186.5,13217,1432,CB,OC
8960,186.5,13218,2377,CS,SC
8961,186.5,13220,1432,CS,BCM
8962,186.5,13221,2603,CS,MBC
8963,186.5,13222,1408,CS,OC
8964,186.5,13224,2615,EE,MBC
8965,186.5,13225,1216,CS,OC
8966,186.5,13226,2005,ME,OC
8967,186.5,13229,1211,CS,SC
8968,186.5,13230,2007,EM,SC
8969,186.5,13234,4960,CS,OC
8970,186.5,13235,1211,SC,BC
8971,186.5,13236,1432,CS,BC
8972,186.5,13238,1450,EC,OC
8973,186.5,13239,1216,AD,OC
8974,186.5,13240,2722,CS,OC
8975,186.5,13241,4974,EC,BCM
8976,186.5,13243,1211,EC,BC
8977,186.5,13244,5008,CE,MBC
8978,186.5,13245,2615,EE,BCM
8979,186.5,13246,5008,CG,SC
8980,186.5,13247,1216,CS,OC
8981,186.5,13248,1219,AD,BC
8982,186.5,13249,3011,IT,OC
8983,186.5,13250,2712,BT,OC
8984,186.5,13251,2718,EE,BC
8985,186.5,13252,2,PP,OC
8986,186.5,13253,1211,AL,OC
8987,186.5,13254,2739,AD,BC
8988,186.5,13255,1211,CS,MBC
8989,186.5,13256,3841,CS,OC
8990,186.5,13257,2702,EC,OC
8991,186.5,13258,2735,CS,OC
8992,186.5,13259,2702,CS,BC
8993,186.5,13260,2702,IT,OC
8994,186.5,13263,1211,CS,MBC
8995,186.5,13264,2739,AD,BC
8996,186.5,13266,2764,EC,OC
8997,186.5,13267,1211,EC,BC
8998,186.5,13268,2736,AD,OC
8999,186.5,13270,2710,CS,MBC
9000,186.5,13271,1325,ME,OC
9001,186.5,13272,2709,EC,OC
9002,186.5,13274,5,CF,OC
9003,186.5,13275,4971,CS,OC
9004,186.5,13276,1113,EC,OC
9005,186.5,13277,2718,IT,BCM
9006,186.5,13278,1211,EC,BC
9007,186.5,13280,2719,CJ,OC
9008,186.5,13281,5986,EC,OC
9009,186.5,13282,4962,EC,OC
9010,186.5,13283,1399,SC,MBC
9011,186.5,13284,3011,AM,OC
9012,186.5,13286,2764,IT,OC
9013,186.5,13287,2764,CS,BC
9014,186.5,13288,2377,IC,BC
9015,186.5,13289,1419,CS,OC
9016,186.5,13290,2739,EC,BC
9017,186.5,13292,2702,CS,MBC
9018,186.5,13294,5910,EC,OC
9019,186.5,13295,1432,AD,OC
9020,186.5,13298,1,IE,MBC
9021,186.5,13300,1432,CS,BC
9022,186.5,13301,1211,SC,BCM
9023,186.5,13302,2722,CS,OC
9024,186.5,13303,5008,ME,BC
9025,186.5,13304,2711,CS,OC
9026,186.5,13305,2739,AM,OC
9027,186.5,13306,2739,EC,BC
9028,186.5,13309,2718,CB,BC
9029,186.5,13310,2615,EE,BC
9030,186.5,13312,5910,CS,OC
9031,186.5,13314,2710,AD,BC
9032,186.5,13315,2702,IT,OC
9033,186.5,13316,2764,EC,OC
9034,186.5,13317,2006,MS,OC
9035,186.5,13319,2718,EE,BC
9036,186.5,13321,2711,CS,OC
9037,186.5,13322,2702,IT,OC
9038,186.5,13323,1211,SC,BC
9039,186.5,13324,2718,IT,MBC
9040,186.5,13325,1211,IT,BCM
9041,186.5,13326,2702,CS,BC
9042,186.5,13327,2,PM,OC
9043,186.5,13328,1432,EC,BC
9044,186.5,13329,2764,BM,OC
9045,186.5,13330,2007,IM,SC
9046,186.5,13331,2764,AM,BC
9047,186.5,13332,2377,IC,MBC
9048,186.5,13333,1432,CS,BC
9049,186.5,13334,5986,SC,OC
9050,186.5,13335,4960,CS,OC
9051,186.5,13336,2764,CS,BC
9052,186.5,13337,2739,AD,BC
9053,186.5,13340,1315,CE,MBC
9054,186.5,13341,2,PM,OC
9055,186.5,13342,2603,CS,MBC
9056,186.5,13345,2653,EC,OC
9057,186.5,13346,2710,CS,BC
9058,186.5,13347,2006,ME,SC
9059,186.5,13349,4971,EC,OC
9060,186.5,13350,1,PT,OC
9061,186.5,13352,1516,CS,OC
9062,186.5,13353,5986,IT,OC
9063,186.5,13354,1315,EE,SC
9064,186.5,13356,2712,EI,BC
9065,186.5,13357,1399,SC,MBC
9066,186.5,13359,1113,EC,OC
9067,186.5,13362,2005,CE,OC
9068,186.5,13363,2,CL,MBC
9069,186.5,13364,5986,SC,OC
9070,186.5,13365,1432,CS,MBC
9071,186.5,13366,1219,IT,BC
9072,186.5,13367,2722,EC,OC
9073,186.5,13368,2712,AE,OC
9074,186.5,13369,1216,CS,OC
9075,186.5,13371,4974,EE,OC
9076,186.5,13372,1432,CS,BC
9077,186.5,13373,1219,IT,MBC
9078,186.5,13374,4962,CS,OC
9079,186.5,13376,2739,EC,BCM
9080,186.5,13378,1419,CS,OC
9081,186.5,13379,1450,IT,OC
9082,186.5,13380,2712,AE,OC
9083,186.5,13382,2764,CS,BC
9084,186.5,13384,1211,CS,SC
9085,186.5,13386,2702,AD,OC
9086,186.5,13387,2739,EC,BC
9087,186.5,13388,1432,CO,OC
9088,186.5,13389,2702,EC,OC
9089,186.5,13390,1211,EC,MBC
9090,186.5,13391,2702,IT,OC
9091,186.5,13392,2739,AD,BC
9092,186.5,13393,2710,AD,MBC
9093,186.5,13395,1,MA,BC
9094,186.5,13396,4960,AD,OC
9095,186.5,13398,2006,MT,OC
9096,186.5,13400,3465,CS,OC
9097,186.5,13401,2718,CB,MBC
9098,186.5,13402,2005,CE,OC
9099,186.5,13403,1432,CS,MBC
9100,186.5,13404,2622,IT,OC
9101,186.5,13406,1216,EC,OC
9102,186.5,13407,1399,BM,MBC
9103,186.5,13408,1219,IT,BC
9104,186.5,13409,2712,CS,SC
9105,186.5,13412,2706,EC,OC
9106,186.5,13416,3011,CS,OC
9107,186.5,13417,1216,AD,OC
9108,186.5,13418,2764,IT,OC
9109,186.5,13419,2006,RA,SC
9110,186.5,13420,2710,CS,MBC
9111,186.5,13422,2739,EC,BC
9112,186.5,13424,1516,EC,OC
9113,186.5,13425,4,PR,SC
9114,186.5,13428,1419,CJ,OC
9115,186.5,13429,2702,AD,OC
9116,186.5,13430,5842,AM,OC
9117,186.5,13432,2718,IT,MBC
9118,186.5,13433,4960,CS,OC
9119,186.5,13434,1219,AD,BC
9120,186.5,13435,2611,CS,OC
9121,186.5,13437,3011,IT,OC
9122,186.5,13438,4960,IT,OC
9123,186.5,13439,1399,AD,SC
9124,186.5,13441,2710,AD,BC
9125,186.5,13442,2006,PR,MBC
9126,186.5,13443,1211,CB,OC
9127,186.5,13444,2764,AM,BC
9128,186.5,13445,2711,AD,OC
9129,186.5,13446,1219,EC,MBC
9130,186.5,13447,1219,IT,BC
9131,186.5,13449,1211,IT,BC
9132,186.5,13450,2718,IT,MBC
9133,186.5,13452,1399,CS,SC
9134,186.5,13454,1,IE,BC
9135,186.5,13455,2377,CS,SC
9136,186.5,13456,2711,CS,OC
9137,186.5,13457,1,MI,BC
9138,186.5,13458,1422,EC,OC
9139,186.5,13459,1309,EC,OC
9140,186.5,13461,1216,SC,OC
9141,186.5,13462,2007,EM,SC
9142,186.5,13464,5,AM,OC
9143,186.5,13465,2751,AM,OC
9144,186.5,13466,2006,CN,MBC
9145,186.5,13467,2377,IC,BC
9146,186.5,13468,2709,IT,BC
9147,186.5,13470,2710,AD,BC
9148,186.5,13472,5901,EE,OC
9149,186.5,13474,4974,EE,OC
9150,186.5,13475,1211,AD,BC
9151,186.5,13478,2718,CB,BC
9152,186.5,13479,2722,EC,OC
9153,186.5,13480,1419,CS,OC
9154,186.5,13481,2718,CS,SC
9155,186.5,13484,1211,EC,BC
9156,186.5,13486,2739,AD,BC
9157,186.5,13488,2764,EC,OC
9158,186.5,13489,2615,EE,BC
9159,186.5,13490,3830,IT,OC
9160,186.5,13491,1450,EC,OC
9161,186.5,13493,2718,IT,MBC
9162,186.5,13495,4974,CS,MBC
9163,186.5,13496,2007,ME,MBC
9164,186.5,13497,1,MA,MBC
9165,186.5,13499,1324,CS,OC
9166,186.5,13500,2702,CS,MBC
9167,186.5,13501,1211,CS,MBC
9168,186.5,13502,1399,AM,MBC
9169,186.5,13503,1317,CS,OC
9170,186.5,13505,2615,EE,MBC
9171,186.5,13506,2739,AD,BC
9172,186.5,13508,1219,CS,MBC
9173,186.5,13509,2005,IT,SC
9174,186.5,13510,5008,ME,MBC
9175,186.5,13511,2764,EC,BC
9176,186.5,13512,2702,CS,BC
9177,186.5,13513,2377,ME,BC
9178,186.5,13514,1304,AD,OC
9179,186.5,13516,1399,AM,MBC
9180,186.5,13517,4974,CS,MBC
9181,186.5,13518,2608,EC,OC
9182,186.5,13519,1219,AD,BC
9183,186.5,13520,2710,EC,OC
9184,186.5,13521,1113,CS,BC
9185,186.5,13523,1432,CS,MBC
9186,186.5,13525,1432,AD,OC
9187,186.5,13526,4020,CS,OC
9188,186.5,13527,2603,CS,MBC
9189,186.5,13530,1219,IT,MBC
9190,186.5,13531,1450,IT,OC
9191,186.5,13532,2710,CS,MBC
9192,186.5,13533,2702,CS,BC
9193,186.5,13534,2764,EC,BC
9194,186.5,13537,2764,IT,OC
9195,186.5,13539,2764,CS,MBC
9196,186.5,13541,2007,CH,BC
9197,186.5,13542,1211,CS,MBC
9198,186.5,13543,1432,CS,MBC
9199,186.5,13544,1216,AD,OC
9200,186.5,13545,1026,CS,OC
9201,186.5,13546,2006,FY,OC
9202,186.5,13547,5008,EY,BCM
9203,186.5,13548,2735,CS,OC
9204,186.5,13550,1211,IT,BC
9205,186.5,13551,2706,EC,OC
9206,186.5,13552,1216,AD,OC
9207,186.5,13554,2,PM,OC
9208,186.5,13555,5901,EE,OC
9209,186.5,13557,1211,AL,OC
9210,186.5,13558,2702,IT,OC
9211,186.5,13559,1324,EC,OC
9212,186.5,13560,1211,IT,BC
9213,186.5,13565,2711,EC,OC
9214,186.5,13566,5865,AD,OC
9215,186.5,13568,1317,CH,OC
9216,186.5,13570,1211,EC,SC
9217,186.5,13571,2718,EE,BC
9218,186.5,13572,2764,IT,OC
9219,186.5,13573,1211,EC,BC
9220,186.5,13574,2005,ME,OC
9221,186.5,13575,1419,CS,OC
9222,186.5,13577,1,MN,BC
9223,186.5,13579,2722,IT,OC
9224,186.5,13581,1432,CS,BC
9225,186.5,13582,2722,CS,OC
9226,186.5,13583,1113,AD,OC
9227,186.5,13584,2718,EC,BCM
9228,186.5,13585,1113,CS,BC
9229,186.5,13586,1219,EC,BC
9230,186.5,13587,3830,EC,OC
9231,186.5,13589,2718,EC,MBC
9232,186.5,13592,1211,CB,OC
9233,186.5,13594,1432,CB,OC
9234,186.5,13597,2718,IT,MBC
9235,186.5,13599,1211,CD,OC
9236,186.5,13601,4974,EC,BC
9237,186.5,13603,2,PM,OC
9238,186.5,13604,2712,BT,OC
9239,186.5,13605,1399,ME,OC
9240,186.5,13606,4974,EC,BC
9241,186.5,13607,1419,CS,OC
9242,186.5,13609,2722,EC,OC
9243,186.5,13612,2739,AD,BC
9244,186.5,13616,4971,EC,OC
9245,186.5,13618,1219,EC,BC
9246,186.5,13619,4931,CS,OC
9247,186.5,13620,2702,IT,OC
9248,186.5,13623,1211,EC,BC
9249,186.5,13628,1216,CS,OC
9250,186.5,13630,1219,AD,BC
9251,186.5,13631,2006,BS,SCA
9252,186.5,13634,2005,ME,OC
9253,186.5,13635,1450,CS,BC
9254,186.5,13636,2006,BY,BC
9255,186.5,13638,1211,AL,OC
9256,186.5,13640,1317,CS,OC
9257,186.5,13641,4960,EC,OC
9258,186.5,13642,2764,AD,BC
9259,186.5,13643,2736,EC,OC
9260,186.5,13644,2611,CS,OC
9261,186.5,13645,5986,IT,OC
9262,186.5,13646,2005,IT,SC
9263,186.5,13647,2377,EC,SC
9264,186.5,13650,1113,EC,OC
9265,186.5,13652,1014,IT,OC
9266,186.5,13655,4954,EC,OC
9267,186.5,13656,3843,AD,OC
9268,186.5,13657,2608,CS,OC
9269,186.5,13658,2006,BS,MBC
9270,186.5,13659,2702,AD,OC
9271,186.5,13660,2603,CS,MBC
9272,186.5,13662,2007,EC,SCA
9273,186.5,13663,3011,IT,OC
9274,186.5,13665,2702,AD,OC
9275,186.5,13667,2764,BM,OC
9276,186.5,13670,5008,MG,BC
9277,186.5,13671,1,XM,BC
9278,186.5,13673,5986,CS,OC
9279,186.5,13675,2764,AD,BC
9280,186.5,13676,2722,CS,OC
9281,186.5,13677,5008,CM,SC
9282,186.5,13678,3011,AM,OC
9283,186.5,13679,1304,CS,OC
9284,186.5,13680,2722,EC,OC
9285,186.5,13681,2751,AD,OC
9286,186.5,13684,5986,CS,OC
9287,186.5,13685,2764,AM,BC
9288,186.5,13686,4,CM,ST
9289,186.5,13687,2710,AD,BC
9290,186.5,13688,2709,CS,BC
9291,186.5,13689,1216,CS,OC
9292,186.5,13690,2722,AD,OC
9293,186.5,13691,2764,IT,OC
9294,186.5,13692,1432,CS,MBC
9295,186.5,13693,1432,EC,BC
9296,186.5,13694,2377,ME,MBC
9297,186.5,13695,1219,IT,MBC
9298,186.5,13696,5008,ME,MBC
9299,186.5,13698,2006,CE,BCM
9300,186.5,13699,1211,IT,BC
9301,186.5,13701,1014,IT,OC
9302,186.5,13703,1399,AM,MBC
9303,186.5,13705,1211,IT,BC
9304,186.5,13705,2718,SC,MBC
9305,186.5,13706,1211,CB,OC
9306,186.5,13712,2711,EC,OC
9307,186.5,13714,1399,SC,MBC
9308,186.5,13716,4960,CS,OC
9309,186.5,13717,3807,AD,OC
9310,186.5,13718,1219,AD,BC
9311,186.5,13721,1219,AD,BC
9312,186.5,13723,2005,ME,OC
9313,186.5,13725,2702,IT,OC
9314,186.5,13726,2718,EE,BC
9315,186.5,13728,2622,AM,OC
9316,186.5,13729,1414,EC,OC
9317,186.5,13730,2006,MY,OC
9318,186.5,13732,2722,CS,OC
9319,186.5,13733,2711,AD,OC
9320,186.5,13735,4960,CS,OC
9321,186.5,13736,2711,CS,OC
9322,186.5,13737,1211,CS,MBC
9323,186.5,13739,1211,SC,BC
9324,186.5,13740,2718,CB,BC
9325,186.5,13741,1,PT,OC
9326,186.5,13743,1211,IT,BC
9327,186.5,13744,1113,CS,BC
9328,186.5,13746,1419,AD,OC
9329,186.5,13749,2710,AD,BC
9330,186.5,13750,5008,ME,BC
9331,186.5,13751,5008,EM,SC
9332,186.5,13752,2618,CS,OC
9333,186.5,13753,1,PT,OC
9334,186.5,13756,2718,EC,MBC
9335,186.5,13758,2007,CS,SCA
9336,186.5,13759,2750,CS,OC
9337,186.5,13762,1,MA,BC
9338,186.5,13763,2722,CS,OC
9339,186.5,13764,1118,IT,OC
9340,186.5,13765,4962,CS,OC
9341,186.5,13766,1432,CS,BC
9342,186.5,13767,1211,EC,MBC
9343,186.5,13767,1,GI,MBC
9344,186.5,13769,2377,CE,OC
9345,186.5,13771,1113,AD,OC
9346,186.5,13772,1113,CB,OC
9347,186.5,13773,2712,BT,OC
9348,186.5,13775,2702,IT,OC
9349,186.5,13776,2751,AD,OC
9350,186.5,13777,2718,CB,BC
9351,186.5,13779,2712,AE,OC
9352,186.5,13781,1432,CS,MBC
9353,186.5,13782,2722,CS,OC
9354,186.5,13783,2718,EC,MBC
9355,186.5,13784,2739,EC,BC
9356,186.5,13785,1,MN,BCM
9357,186.5,13786,5008,CE,BC
9358,186.5,13787,1315,CE,BC
9359,186.5,13789,2702,EC,OC
9360,186.5,13790,2739,AM,OC
9361,186.5,13791,2710,AD,MBC
9362,186.5,13796,5008,ME,BC
9363,186.5,13797,2006,EE,SC
9364,186.5,13798,1432,EC,BC
9365,186.5,13799,1450,CS,MBC
9366,186.5,13803,2711,EC,OC
9367,186.5,13805,1399,ME,OC
9368,186.5,13808,2739,EC,BC
9369,186.5,13809,1211,EC,BC
9370,186.5,13811,2718,EC,MBC
9371,186.5,13813,1,IE,BC
9372,186.5,13815,2377,ME,BC
9373,186.5,13816,1113,CS,MBC
9374,186.5,13817,1216,CS,OC
9375,186.5,13818,1211,EC,BC
9376,186.5,13819,2722,CS,OC
9377,186.5,13820,1,MN,BC
9378,186.5,13821,2718,IT,MBC
9379,186.5,13824,2711,CS,OC
9380,186.5,13825,2718,CJ,OC
9381,186.5,13828,1211,EC,BC
9382,186.5,13829,1399,EV,MBC
9383,186.5,13830,1,CE,SC
9384,186.5,13831,1432,CS,BC
9385,186.5,13832,2736,CB,OC
9386,186.5,13833,5986,EC,OC
9387,186.5,13835,2025,CS,MBC
9388,186.5,13837,2702,EE,OC
9389,186.5,13839,3819,CS,OC
9390,186.5,13840,1113,EC,OC
9391,186.5,13841,2722,CS,OC
9392,186.5,13842,5910,AD,OC
9393,186.5,13843,1432,AD,OC
9394,186.5,13844,1432,CS,BC
9395,186.5,13845,1211,IT,BC
9396,186.5,13846,1211,AD,BC
9397,186.5,13847,2710,EC,OC
9398,186.5,13848,1211,IT,BC
9399,186.5,13853,2702,EC,OC
9400,186.5,13855,1432,AM,OC
9401,186.5,13857,1211,SC,BC
9402,186.5,13858,1304,CS,OC
9403,186.5,13859,1432,CS,BC
9404,186.5,13861,1219,AD,BC
9405,186.5,13862,4971,CS,OC
9406,186.5,13863,2702,CS,BC
9407,186.5,13864,5910,EC,OC
9408,186.5,13865,1432,CS,BC
9409,186.5,13866,1304,CS,OC
9410,186.5,13869,1432,AD,OC
9411,186.5,13870,2712,AE,BCM
9412,186.5,13871,1399,BM,MBC
9413,186.5,13872,1432,CO,OC
9414,186.5,13873,2712,BT,OC
9415,186.5,13874,1,PT,OC
9416,186.5,13876,2764,CS,MBC
9417,186.5,13878,1219,AD,BC
9418,186.5,13879,1149,CS,OC
9419,186.5,13880,1432,CS,MBC
9420,186.5,13881,2005,CS,SCA
9421,186.5,13882,1432,EC,MBC
9422,186.5,13883,1211,CB,OC
9423,186.5,13887,1113,IT,OC
9424,186.5,13889,1211,AL,OC
9425,186.5,13890,2722,EC,OC
9426,186.5,13891,2005,PR,OC
9427,186.5,13892,5986,EC,OC
9428,186.5,13893,2005,ME,OC
9429,186.5,13894,2,CL,MBC
9430,186.5,13895,2718,EE,BC
9431,186.5,13901,1414,EC,OC
9432,186.5,13902,4962,CS,OC
9433,186.5,13904,1211,EC,BC
9434,186.5,13908,2710,CS,BC
9435,186.5,13909,1414,EC,OC
9436,186.5,13910,1516,CS,OC
9437,186.5,13911,2007,IM,SC
9438,186.5,13912,1414,EC,OC
9439,186.5,13913,1399,EV,MBC
9440,186.5,13915,1304,CS,OC
9441,186.5,13916,1113,CS,BC
9442,186.5,13918,1113,CS,BC
9443,186.5,13921,2712,BT,OC
9444,186.5,13922,1315,CE,BC
9445,186.5,13925,1414,EC,OC
9446,186.5,13926,1211,CB,OC
9447,186.5,13927,1432,CS,BC
9448,186.5,13931,1432,CS,BC
9449,186.5,13932,2702,IT,OC
9450,186.5,13935,1216,AL,OC
9451,186.5,13937,1317,CS,OC
9452,186.5,13942,1211,EC,MBC
9453,186.4,13943,1399,ME,OC
9454,186.4,13945,1399,MZ,MBC
9455,186.3,13947,2702,EC,OC
9456,186.3,13948,2739,AM,OC
9457,186.3,13949,1399,MZ,MBC
9458,186.1,13951,4960,CS,OC
9459,186.1,13952,2726,EC,OC
9460,186.0,13953,2739,EC,BC
9461,186.0,13957,1219,CS,MBC
9462,186.0,13958,2706,AD,OC
9463,186.0,13959,1211,IT,BC
9464,186.0,13960,2710,CS,MBC
9465,186.0,13961,1226,AD,OC
9466,186.0,13962,1211,CS,MBC
9467,186.0,13963,2712,ME,OC
9468,186.0,13964,5910,CS,OC
9469,186.0,13966,1450,IT,OC
9470,186.0,13969,2718,CB,BC
9471,186.0,13970,2711,EC,OC
9472,186.0,13971,2702,AD,OC
9473,186.0,13972,1399,MZ,BC
9474,186.0,13975,1399,MZ,BC
9475,186.0,13976,2005,ME,OC
9476,186.0,13977,1216,AD,OC
9477,186.0,13978,2615,MT,OC
9478,186.0,13980,1419,AD,OC
9479,186.0,13981,5986,CS,OC
9480,186.0,13982,5008,MG,MBC
9481,186.0,13983,2764,AM,BCM
9482,186.0,13984,4,PR,MBC
9483,186.0,13985,1432,AM,OC
9484,186.0,13986,2603,EC,OC
9485,186.0,13987,2005,CE,OC
9486,186.0,13988,2650,AD,OC
9487,186.0,13990,2615,EE,BC
9488,186.0,13991,4960,AD,OC
9489,186.0,13993,1219,AD,BCM
9490,186.0,13995,2711,CS,OC
9491,186.0,13996,5008,CE,MBC
9492,186.0,13997,2615,ME,OC
9493,186.0,13998,2005,ME,OC
9494,186.0,13999,2718,MZ,OC
9495,186.0,14000,2722,CS,OC
9496,186.0,14001,1419,CS,OC
9497,186.0,14002,2702,CS,MBC
9498,186.0,14004,4023,EC,OC
9499,186.0,14005,1211,CB,OC
9500,186.0,14006,2739,AD,BC
9501,186.0,14007,3425,CS,OC
9502,186.0,14008,5008,ME,MBC
9503,186.0,14010,1414,IT,SC
9504,186.0,14012,2007,CS,ST
9505,186.0,14013,1324,EC,OC
9506,186.0,14015,2702,IT,OC
9507,186.0,14016,2739,EC,BC
9508,186.0,14017,5910,CS,OC
9509,186.0,14018,2329,AD,OC
9510,186.0,14019,1315,CE,MBC
9511,186.0,14021,1,GI,MBC
9512,186.0,14022,1118,AD,OC
9513,186.0,14024,2006,PR,BC
9514,186.0,14025,2702,CS,BCM
9515,186.0,14026,2718,AD,BCM
9516,186.0,14027,1399,CS,SC
9517,186.0,14028,2710,SC,OC
9518,186.0,14029,2764,EC,BC
9519,186.0,14031,1,IE,BCM
9520,186.0,14032,2722,CS,OC
9521,186.0,14034,1432,CB,OC
9522,186.0,14035,1211,IT,BC
9523,186.0,14036,2710,CS,BC
9524,186.0,14037,1450,IT,OC
9525,186.0,14038,2710,SC,OC
9526,186.0,14040,5910,CS,OC
9527,186.0,14041,2005,ME,OC
9528,186.0,14043,1219,EC,BC
9529,186.0,14044,2739,AD,BC
9530,186.0,14045,1210,CS,OC
9531,186.0,14046,2709,IT,MBC
9532,186.0,14047,2764,EC,BC
9533,186.0,14049,2722,CS,OC
9534,186.0,14050,2706,EC,OC
9535,186.0,14051,2764,IT,OC
9536,186.0,14052,2740,CS,OC
9537,186.0,14053,2739,AD,BC
9538,186.0,14055,1424,EC,OC
9539,186.0,14056,2711,AD,OC
9540,186.0,14057,1216,CS,OC
9541,186.0,14059,2711,CS,OC
9542,186.0,14063,1304,CS,OC
9543,186.0,14064,2005,ME,OC
9544,186.0,14065,4,IM,SCA
9545,186.0,14066,2722,CS,OC
9546,186.0,14067,1211,EC,BC
9547,186.0,14069,5008,ME,MBC
9548,186.0,14070,2751,CS,OC
9549,186.0,14071,1432,CB,OC
9550,186.0,14072,1216,AD,OC
9551,186.0,14073,2702,IT,OC
9552,186.0,14076,2611,AD,OC
9553,186.0,14077,1450,EC,OC
9554,186.0,14079,1211,AD,BCM
9555,186.0,14080,2722,EE,OC
9556,186.0,14081,2739,AD,BC
9557,186.0,14082,2005,ME,OC
9558,186.0,14083,2718,EE,BC
9559,186.0,14084,2712,AE,BC
9560,186.0,14085,3805,CS,OC
9561,186.0,14086,2718,SC,MBC
9562,186.0,14087,2005,CE,OC
9563,186.0,14088,2764,CS,MBC
9564,186.0,14089,2722,AD,OC
9565,186.0,14090,2722,AD,OC
9566,186.0,14091,2764,AM,BC
9567,186.0,14092,2718,CB,BC
9568,186.0,14094,2377,IC,MBC
9569,186.0,14095,2736,IT,OC
9570,186.0,14096,2,CL,MBC
9571,186.0,14097,1211,AL,OC
9572,186.0,14100,5986,CS,OC
9573,186.0,14101,1,IE,MBC
9574,186.0,14104,4974,CE,OC
9575,186.0,14105,4974,EC,MBC
9576,186.0,14106,1113,CS,MBC
9577,186.0,14107,2712,EE,MBC
9578,186.0,14109,2007,CM,SC
9579,186.0,14110,2006,ME,SC
9580,186.0,14111,2618,EF,OC
9581,186.0,14112,2708,BM,OC
9582,186.0,14114,1219,AD,MBC
9583,186.0,14115,2718,EC,MBC
9584,186.0,14116,4960,CS,BC
9585,186.0,14117,1432,CS,MBC
9586,186.0,14119,2718,CB,BC
9587,186.0,14120,1140,CS,OC
9588,186.0,14121,2719,BM,OC
9589,186.0,14122,2711,CS,OC
9590,186.0,14123,2718,EE,BC
9591,186.0,14124,2007,ME,MBC
9592,186.0,14125,3795,AD,OC
9593,186.0,14127,2764,CB,OC
9594,186.0,14128,2377,EC,SC
9595,186.0,14129,3464,CS,OC
9596,186.0,14130,4974,EC,BCM
9597,186.0,14131,2710,IT,OC
9598,186.0,14132,2710,EE,OC
9599,186.0,14133,1219,AD,BC
9600,186.0,14134,5901,EE,OC
9601,186.0,14135,1399,MZ,SC
9602,186.0,14137,2711,CS,OC
9603,186.0,14138,2719,CS,OC
9604,186.0,14139,2715,CS,OC
9605,186.0,14141,2369,CS,OC
9606,186.0,14143,2377,IC,BC
9607,186.0,14144,1432,CS,BC
9608,186.0,14146,1419,EC,OC
9609,186.0,14149,4974,EE,OC
9610,186.0,14150,2710,CS,MBC
9611,186.0,14151,2764,IT,OC
9612,186.0,14152,1211,IT,BCM
9613,186.0,14154,1432,AD,OC
9614,186.0,14155,1211,IT,MBC
9615,186.0,14156,4960,CS,BC
9616,186.0,14157,1432,CO,OC
9617,186.0,14158,2739,AD,BC
9618,186.0,14159,2608,CS,OC
9619,186.0,14160,2722,CS,OC
9620,186.0,14161,1,MN,BC
9621,186.0,14162,2722,CS,OC
9622,186.0,14165,2702,IT,OC
9623,186.0,14166,2025,CS,MBC
9624,186.0,14167,2005,CE,OC
9625,186.0,14168,1432,CS,MBC
9626,186.0,14169,2764,EC,BC
9627,186.0,14170,2615,EE,MBC
9628,186.0,14171,2615,EC,SC
9629,186.0,14172,2615,EE,BC
9630,186.0,14173,2712,AE,BCM
9631,186.0,14174,1419,EC,OC
9632,186.0,14175,2764,CS,MBC
9633,186.0,14176,2006,RA,SC
9634,186.0,14177,2718,IT,MBC
9635,186.0,14178,1432,AD,OC
9636,186.0,14179,4974,EC,BC
9637,186.0,14180,2007,CH,BC
9638,186.0,14182,4962,EC,OC
9639,186.0,14183,1432,AM,OC
9640,186.0,14184,2702,CS,BC
9641,186.0,14185,1399,MZ,BC
9642,186.0,14188,2005,ME,BC
9643,186.0,14189,1317,CS,OC
9644,186.0,14191,2739,AD,BC
9645,186.0,14192,2006,PR,BC
9646,186.0,14193,1,IE,BC
9647,186.0,14195,1419,CS,OC
9648,186.0,14196,2711,CS,OC
9649,186.0,14198,2618,CS,OC
9650,186.0,14199,4962,CS,OC
9651,186.0,14200,2718,IT,MBC
9652,186.0,14202,1,MN,BC
9653,186.0,14203,2739,CS,MBC
9654,186.0,14204,1211,AD,BCM
9655,186.0,14205,1304,CS,OC
9656,186.0,14206,2718,IT,MBC
9657,186.0,14208,1432,CS,BC
9658,186.0,14209,4974,EC,BCM
9659,186.0,14210,2764,CS,MBC
9660,186.0,14212,4020,CS,OC
9661,186.0,14216,4974,CS,MBC
9662,186.0,14217,5008,MF,OC
9663,186.0,14218,2739,AM,OC
9664,186.0,14220,5008,ME,BC
9665,186.0,14221,1,MN,MBC
9666,186.0,14225,2718,EE,BC
9667,186.0,14226,5910,EC,OC
9668,186.0,14227,1432,EC,BC
9669,186.0,14228,1216,CS,OC
9670,186.0,14229,1,BY,SC
9671,186.0,14230,1219,EC,BC
9672,186.0,14231,2,CL,MBC
9673,186.0,14233,5008,IM,SC
9674,186.0,14234,2702,CS,BC
9675,186.0,14237,2005,ME,BC
9676,186.0,14238,2710,CS,MBC
9677,186.0,14239,1211,AL,OC
9678,186.0,14240,1317,CS,OC
9679,186.0,14241,1304,AD,OC
9680,186.0,14244,4974,EC,MBC
9681,186.0,14246,1,PT,OC
9682,186.0,14248,1014,CS,OC
9683,186.0,14251,3011,CS,OC
9684,186.0,14252,1219,EC,BC
9685,186.0,14253,2712,BT,OC
9686,186.0,14254,3819,CS,OC
9687,186.0,14256,2006,BS,MBC
9688,186.0,14257,2711,CS,OC
9689,186.0,14258,2764,AD,BC
9690,186.0,14259,2718,SC,MBC
9691,186.0,14260,2712,EE,MBC
9692,186.0,14261,5907,CS,OC
9693,186.0,14262,1419,CS,OC
9694,186.0,14264,2722,CS,OC
9695,186.0,14265,1219,EC,BC
9696,186.0,14266,1414,EC,OC
9697,186.0,14267,3830,IT,OC
9698,186.0,14269,1399,MZ,BC
9699,186.0,14270,2764,AD,BC
9700,186.0,14271,1211,IT,BC
9701,186.0,14272,1399,CS,SC
9702,186.0,14273,1422,EC,OC
9703,186.0,14274,5010,CS,OC
9704,186.0,14278,2615,EE,BC
9705,186.0,14279,2006,EM,SCA
9706,186.0,14280,1399,AD,SC
9707,186.0,14281,2710,IT,OC
9708,186.0,14282,2006,CN,MBC
9709,186.0,14283,2702,CS,BC
9710,186.0,14284,1399,MZ,MBC
9711,186.0,14285,2718,CD,OC
9712,186.0,14286,4960,CS,MBC
9713,186.0,14287,1219,BT,OC
9714,186.0,14288,4960,CS,BC
9715,186.0,14289,2718,EC,MBC
9716,186.0,14291,1,MI,BCM
9717,186.0,14293,2740,IT,OC
9718,186.0,14296,2718,IT,MBC
9719,186.0,14298,4,AE,SCA
9720,186.0,14300,1516,CS,OC
9721,186.0,14304,1219,AD,BC
9722,186.0,14305,4960,CS,MBC
9723,186.0,14306,1450,CS,BC
9724,186.0,14307,5986,SC,OC
9725,186.0,14308,1,MA,BC
9726,186.0,14309,2006,MY,OC
9727,186.0,14310,1,XM,BCM
9728,186.0,14312,2739,AM,OC
9729,186.0,14313,1419,EC,OC
9730,186.0,14314,1211,IT,BC
9731,186.0,14317,1219,EC,BC
9732,186.0,14318,2711,CS,OC
9733,186.0,14319,2764,CS,MBC
9734,186.0,14321,2764,AD,BC
9735,186.0,14323,2718,CD,OC
9736,186.0,14325,1399,BM,BC
9737,186.0,14326,2718,CB,MBC
9738,186.0,14327,2708,AL,OC
9739,186.0,14328,2764,CS,MBC
9740,186.0,14329,2727,BT,OC
9741,186.0,14330,1419,CS,OC
9742,186.0,14331,1516,CS,OC
9743,186.0,14332,5536,EC,OC
9744,186.0,14334,2708,AL,OC
9745,186.0,14336,2718,IT,MBC
9746,186.0,14337,1211,AL,OC
9747,186.0,14338,1113,CS,SC
9748,186.0,14339,4,PR,BCM
9749,186.0,14340,2739,EC,BC
9750,186.0,14342,2719,CS,OC
9751,186.0,14343,2702,EC,OC
9752,186.0,14346,2739,SC,OC
9753,186.0,14349,1113,IT,OC
9754,186.0,14350,1324,SC,OC
9755,186.0,14352,1419,EC,OC
9756,186.0,14353,2709,CS,MBC
9757,186.0,14354,2719,EC,OC
9758,186.0,14356,2764,AD,MBC
9759,186.0,14357,2702,EC,OC
9760,186.0,14358,1422,CS,OC
9761,186.0,14359,2718,IT,MBC
9762,186.0,14364,1113,IT,OC
9763,186.0,14367,4971,CS,OC
9764,186.0,14370,1,MA,BC
9765,186.0,14371,2739,AD,MBC
9766,186.0,14372,1211,CS,MBC
9767,186.0,14375,2712,EI,BC
9768,186.0,14379,1399,EE,MBC
9769,186.0,14380,2710,AD,BC
9770,186.0,14381,1419,EC,OC
9771,186.0,14384,2615,EE,MBC
9772,186.0,14385,2,PM,OC
9773,186.0,14387,2736,AD,OC
9774,186.0,14388,2718,CB,MBC
9775,186.0,14389,2,CH,SC
9776,186.0,14390,1013,IT,OC
9777,186.0,14391,2718,CD,OC
9778,186.0,14392,1419,CS,OC
9779,186.0,14393,4960,CS,BC
9780,186.0,14394,1219,AD,BC
9781,186.0,14395,1211,AL,OC
9782,186.0,14397,2357,CS,OC
9783,186.0,14398,1211,AL,OC
9784,186.0,14400,2722,EC,OC
9785,186.0,14401,1399,BM,BC
9786,186.0,14403,2718,EC,MBC
9787,186.0,14404,2711,CS,OC
9788,186.0,14405,2739,EC,BC
9789,186.0,14408,2377,ME,BC
9790,186.0,14409,2710,EC,OC
9791,186.0,14410,1219,CS,MBC
9792,186.0,14411,2710,EC,OC
9793,186.0,14413,2615,ME,OC
9794,186.0,14414,1414,EC,OC
9795,186.0,14415,1219,CS,MBC
9796,186.0,14418,2739,AD,BC
9797,186.0,14419,2702,AL,OC
9798,186.0,14420,2764,IT,OC
9799,186.0,14421,2710,EC,OC
9800,186.0,14422,5986,EC,OC
9801,186.0,14423,2712,AE,BC
9802,186.0,14424,1211,CB,OC
9803,186.0,14426,5901,EE,OC
9804,186.0,14428,2719,AD,OC
9805,186.0,14429,2711,AD,OC
9806,186.0,14431,2702,CS,BC
9807,186.0,14432,2764,EC,BC
9808,186.0,14436,1211,EC,MBC
9809,186.0,14437,5986,CS,MBC
9810,186.0,14438,2377,EC,SC
9811,186.0,14440,2718,IT,MBC
9812,186.0,14442,2722,IT,OC
9813,186.0,14443,1211,AL,OC
9814,186.0,14444,1113,AD,OC
9815,186.0,14445,1219,CS,MBC
9816,186.0,14448,1432,CB,OC
9817,186.0,14449,5986,CS,BC
9818,186.0,14450,1,IE,MBC
9819,186.0,14451,2712,BT,OC
9820,186.0,14452,2702,CS,BC
9821,186.0,14453,5901,CS,SC
9822,186.0,14455,1211,IT,BC
9823,186.0,14456,2702,EC,OC
9824,186.0,14457,2764,IT,OC
9825,186.0,14459,2718,CJ,OC
9826,186.0,14463,1399,MZ,MBC
9827,186.0,14465,2,PM,OC
9828,186.0,14466,1211,AD,BC
9829,186.0,14467,2764,EC,MBC
9830,186.0,14469,5910,CS,OC
9831,186.0,14471,2615,EE,BC
9832,186.0,14473,2764,IT,OC
9833,186.0,14474,3011,CS,OC
9834,186.0,14475,3803,EC,OC
9835,186.0,14477,1399,BM,BC
9836,186.0,14479,2702,AD,OC
9837,186.0,14480,1219,CS,MBC
9838,186.0,14481,2764,CS,MBC
9839,186.0,14483,2007,CL,OC
9840,186.0,14484,2764,EC,BC
9841,186.0,14485,1516,CS,OC
9842,186.0,14487,2025,CS,MBC
9843,186.0,14488,5901,EE,OC
9844,186.0,14489,1211,EE,OC
9845,186.0,14490,2712,EE,BCM
9846,186.0,14492,2764,EC,BC
9847,186.0,14493,2722,AD,OC
9848,186.0,14494,1317,CS,OC
9849,186.0,14495,2702,CS,BC
9850,186.0,14496,2005,IB,OC
9851,186.0,14497,1419,CS,OC
9852,186.0,14501,1216,AD,OC
9853,186.0,14504,1211,IT,BC
9854,186.0,14505,3819,AD,OC
9855,186.0,14506,1432,CS,BC
9856,186.0,14507,1211,IT,SC
9857,186.0,14508,2764,EC,BC
9858,186.0,14510,1,MA,BC
9859,186.0,14511,2764,EC,BC
9860,186.0,14516,2722,CS,OC
9861,186.0,14520,1432,AD,OC
9862,186.0,14522,2735,AD,OC
9863,186.0,14523,1216,EC,OC
9864,186.0,14525,2702,CS,MBC
9865,186.0,14526,2702,IT,OC
9866,186.0,14527,1450,CS,SC
9867,186.0,14528,1219,CS,MBC
9868,186.0,14529,1414,EC,OC
9869,186.0,14530,2764,IT,OC
9870,186.0,14532,1,CE,SC
9871,186.0,14534,1211,IT,BC
9872,186.0,14536,1211,AD,MBC
9873,186.0,14538,1211,IT,BCM
9874,186.0,14541,1211,IT,BC
9875,186.0,14544,2739,AM,OC
9876,186.0,14546,1113,AD,OC
9877,186.0,14550,2005,ME,MBC
9878,186.0,14551,2006,MS,OC
9879,186.0,14554,1317,CS,OC
9880,186.0,14556,1414,EC,OC
9881,186.0,14557,2377,CE,OC
9882,186.0,14559,2739,AD,BC
9883,186.0,14560,2711,CS,OC
9884,186.0,14561,1432,CS,BC
9885,186.0,14562,4974,CE,OC
9886,186.0,14564,5008,CN,OC
9887,186.0,14566,2739,CS,MBC
9888,186.0,14567,1304,CS,OC
9889,186.0,14570,3826,IT,OC
9890,186.0,14571,3464,CS,OC
9891,186.0,14572,2702,AD,OC
9892,186.0,14575,1304,CS,OC
9893,186.0,14576,2025,CS,BC
9894,186.0,14577,1304,IT,OC
9895,186.0,14578,2,FS,OC
9896,186.0,14580,1317,CS,OC
9897,186.0,14582,2702,AD,OC
9898,186.0,14583,2618,CS,OC
9899,186.0,14584,2007,ME,BC
9900,186.0,14585,2615,CE,OC
9901,186.0,14586,1211,AD,BC
9902,186.0,14587,2615,ME,OC
9903,186.0,14591,4,PR,BC
9904,186.0,14592,1112,CS,OC
9905,186.0,14594,2709,CS,BC
9906,186.0,14595,1450,EC,MBC
9907,186.0,14597,1,BY,SC
9908,186.0,14598,1211,AD,BC
9909,186.0,14599,1414,EC,OC
9910,186.0,14602,2711,CS,OC
9911,186.0,14608,2764,IT,BC
9912,186.0,14609,1414,EC,OC
9913,186.0,14610,2,FS,OC
9914,186.0,14613,2702,EC,OC
9915,186.0,14614,2007,IM,SC
9916,186.0,14615,2764,AD,BC
9917,186.0,14616,1407,CS,OC
9918,186.0,14617,3795,CS,OC
9919,186.0,14619,1432,BT,OC
9920,186.0,14620,2722,CS,OC
9921,186.0,14623,1216,AD,OC
9922,186.0,14626,2722,SC,OC
9923,186.0,14627,1414,EC,OC
9924,186.0,14630,1414,EC,OC
9925,186.0,14631,1399,BM,BC
9926,186.0,14632,2712,EE,BCM
9927,186.0,14633,5986,CS,BC
9928,186.0,14634,1432,AD,OC
9929,186.0,14637,2764,AD,BCM
9930,186.0,14638,2722,CS,OC
9931,186.0,14640,1450,AD,OC
9932,186.0,14645,2718,EE,BC
9933,186.0,14647,2722,CS,OC
9934,186.0,14648,1211,CB,OC
9935,186.0,14651,1432,EC,BC
9936,186.0,14653,1211,AL,OC
9937,186.0,14655,2718,SC,MBC
9938,186.0,14656,1315,CH,SC
9939,186.0,14660,1219,AD,BC
9940,186.0,14661,1450,CS,MBC
9941,186.0,14662,1419,CS,OC
9942,186.0,14663,2708,CS,OC
9943,186.0,14664,1412,AD,OC
9944,186.0,14668,2622,IT,OC
9945,186.0,14669,1432,CS,BC
9946,186.0,14671,2751,EC,OC
9947,186.0,14672,5008,CN,OC
9948,186.0,14674,2706,CS,OC
9949,186.0,14676,2712,EE,MBC
9950,186.0,14677,1116,CS,OC
9951,186.0,14678,2,PP,OC
9952,186.0,14679,2006,BY,MBC
9953,186.0,14680,2722,CS,OC
9954,186.0,14681,1309,AD,OC
9955,186.0,14682,2,PP,OC
9956,186.0,14684,2656,AM,OC
9957,186.0,14687,1304,CS,OC
9958,186.0,14688,1113,CS,MBC
9959,186.0,14690,2712,EI,MBC
9960,186.0,14691,1414,EC,OC
9961,186.0,14692,1211,AD,BC
9962,186.0,14696,1219,AD,BC
9963,186.0,14697,1315,EE,SC
9964,186.0,14698,2722,AD,OC
9965,186.0,14699,4020,EC,OC
9966,186.0,14700,2739,SC,OC
9967,186.0,14704,2709,CS,BC
9968,186.0,14705,2702,IT,OC
9969,186.0,14707,1414,EC,OC
9970,186.0,14708,1219,CS,SC
9971,186.0,14711,2711,CS,OC
9972,186.0,14713,1219,AD,BC
9973,186.0,14714,2710,CS,MBC
9974,186.0,14718,1432,AD,OC
9975,186.0,14721,2764,ME,OC
9976,186.0,14722,2764,EC,BC
9977,186.0,14725,2711,CS,OC
9978,186.0,14726,1,MA,MBC
9979,186.0,14727,1414,EC,OC
9980,186.0,14730,1,MN,MBC
9981,186.0,14732,1219,CS,MBC
9982,186.0,14736,2007,CH,BC
9983,186.0,14739,5901,EC,SC
9984,186.0,14743,1211,CS,MBC
9985,186.0,14744,1414,EC,OC
9986,186.0,14745,4959,CS,OC
9987,185.8,14748,2329,AD,OC
9988,185.8,14749,1399,CE,OC
9989,185.8,14750,2618,EC,OC
9990,185.6,14752,1304,IT,OC
9991,185.6,14753,2739,AM,OC
9992,185.6,14754,1211,BT,OC
9993,185.5,14755,4974,EE,OC
9994,185.5,14757,2709,EC,OC
9995,185.5,14758,1432,CS,MBC
9996,185.5,14759,2656,AD,OC
9997,185.5,14760,1419,CS,BC
9998,185.5,14761,2739,CO,OC
9999,185.5,14762,2718,EE,BC
10000,185.5,14765,2702,IT,OC
10001,185.5,14766,2702,CS,MBC
10002,185.5,14767,1432,EC,MBC
10003,185.5,14768,1432,CS,SC
10004,185.5,14769,1419,EE,OC
10005,185.5,14770,2764,AM,BC
10006,185.5,14771,1432,AD,OC
10007,185.5,14772,2739,AM,OC
10008,185.5,14773,3803,CS,OC
10009,185.5,14774,1211,EC,MBC
10010,185.5,14775,2706,AM,OC
10011,185.5,14776,2006,AS,OC
10012,185.5,14777,2719,CS,OC
10013,185.5,14778,2718,CD,BC
10014,185.5,14779,2711,CS,OC
10015,185.5,14781,1432,CS,BC
10016,185.5,14782,2751,EC,OC
10017,185.5,14783,4944,AD,OC
10018,185.5,14784,2615,CS,SC
10019,185.5,14785,2722,CS,OC
10020,185.5,14786,1311,CS,OC
10021,185.5,14787,2719,CS,OC
10022,185.5,14788,1432,AM,OC
10023,185.5,14789,2722,CS,OC
10024,185.5,14790,1419,CS,BC
10025,185.5,14791,1219,EC,BC
10026,185.5,14792,1211,AL,OC
10027,185.5,14793,1211,AD,BC
10028,185.5,14794,2711,CS,OC
10029,185.5,14795,2739,AD,BC
10030,185.5,14796,1432,CS,SC
10031,185.5,14797,2710,IT,OC
10032,185.5,14798,2710,CS,MBC
10033,185.5,14799,1211,AD,MBC
10034,185.5,14800,2007,CL,BCM
10035,185.5,14802,2751,EC,OC
10036,185.5,14804,2653,CS,OC
10037,185.5,14805,2706,CS,OC
10038,185.5,14806,4974,CS,SC
10039,185.5,14807,1422,EC,OC
10040,185.5,14808,2712,MZ,OC
10041,185.5,14809,2377,CE,OC
10042,185.5,14810,2603,CS,BC
10043,185.5,14811,2764,IT,BC
10044,185.5,14812,3011,IT,OC
10045,185.5,14815,2702,IT,OC
10046,185.5,14816,2702,CS,MBC
10047,185.5,14818,2764,AD,BC
10048,185.5,14820,1432,AM,OC
10049,185.5,14821,1399,CS,SC
10050,185.5,14822,2709,EC,OC
10051,185.5,14823,2706,CS,OC
10052,185.5,14824,1,MN,BC
10053,185.5,14825,1304,CS,OC
10054,185.5,14826,2005,IB,OC
10055,185.5,14827,2603,CS,BC
10056,185.5,14830,1211,AL,OC
10057,185.5,14831,1317,CS,OC
10058,185.5,14835,2711,CS,OC
10059,185.5,14837,2718,SC,MBC
10060,185.5,14838,2718,CD,BC
10061,185.5,14839,2710,CS,BCM
10062,185.5,14840,1219,AD,BC
10063,185.5,14841,2709,EC,OC
10064,185.5,14842,5865,AD,OC
10065,185.5,14843,2702,IT,OC
10066,185.5,14845,1516,CS,OC
10067,185.5,14846,2711,CS,OC
10068,185.5,14849,1211,AD,BC
10069,185.5,14851,3011,IT,OC
10070,185.5,14852,2751,CS,OC
10071,185.5,14854,2711,EC,OC
10072,185.5,14855,2702,AD,OC
10073,185.5,14856,1211,AD,BC
10074,185.5,14859,4672,AD,OC
10075,185.5,14860,1211,AL,OC
10076,185.5,14862,2711,AD,OC
10077,185.5,14863,2739,AM,OC
10078,185.5,14864,2711,CS,OC
10079,185.5,14866,5986,CS,BC
10080,185.5,14868,2005,IB,OC
10081,185.5,14870,2739,EC,MBC
10082,185.5,14871,1304,CS,OC
10083,185.5,14873,2749,AD,OC
10084,185.5,14875,1422,CS,OC
10085,185.5,14876,1211,AD,BC
10086,185.5,14877,2710,IT,OC
10087,185.5,14878,5901,EE,OC
10088,185.5,14880,2736,AD,OC
10089,185.5,14881,1,XM,MBC
10090,185.5,14882,1315,CS,SCA
10091,185.5,14883,2,FS,OC
10092,185.5,14885,2620,IT,OC
10093,185.5,14886,2025,EC,OC
10094,185.5,14887,2718,CJ,OC
10095,185.5,14888,5910,CS,OC
10096,185.5,14891,2739,AD,BC
10097,185.5,14892,1411,AD,OC
10098,185.5,14893,2719,CS,OC
10099,185.5,14894,1216,SC,OC
10100,185.5,14895,1419,CS,BC
10101,185.5,14897,2656,AD,OC
10102,185.5,14898,2764,AM,BC
10103,185.5,14899,1113,IT,OC
10104,185.5,14900,2739,AM,OC
10105,185.5,14901,1211,AD,BC
10106,185.5,14903,2702,CS,BC
10107,185.5,14904,2739,CB,OC
10108,185.5,14905,4974,EC,BCM
10109,185.5,14908,5008,ME,MBC
10110,185.5,14909,1432,AD,OC
10111,185.5,14910,2739,SC,OC
10112,185.5,14911,1219,EC,BC
10113,185.5,14913,1419,CS,BC
10114,185.5,14914,1419,CS,BC
10115,185.5,14915,1432,CS,BC
10116,185.5,14916,1399,BM,BC
10117,185.5,14917,1432,EC,BC
10118,185.5,14918,1324,CS,OC
10119,185.5,14920,2731,EC,BC
10120,185.5,14923,2712,EI,BC
10121,185.5,14924,1113,CS,MBC
10122,185.5,14925,1432,EC,MBC
10123,185.5,14927,1211,AL,OC
10124,185.5,14928,1211,AD,MBC
10125,185.5,14929,5901,EE,OC
10126,185.5,14930,2712,EE,MBC
10127,185.5,14932,2025,EC,OC
10128,185.5,14934,2718,EE,MBC
10129,185.5,14935,2711,EC,OC
10130,185.5,14936,2622,EC,OC
10131,185.5,14937,2722,AM,OC
10132,185.5,14939,2712,EI,BC
10133,185.5,14942,2025,AD,SC
10134,185.5,14943,1399,CS,SC
10135,185.5,14944,1317,EC,OC
10136,185.5,14945,2653,CS,OC
10137,185.5,14946,1516,CS,OC
10138,185.5,14947,2764,AD,BC
10139,185.5,14949,5910,CS,OC
10140,185.5,14950,1450,AD,OC
10141,185.5,14951,2722,CS,OC
10142,185.5,14952,2726,AO,OC
10143,185.5,14953,2702,CS,MBC
10144,185.5,14954,5008,CM,SC
10145,185.5,14955,5008,EE,SC
10146,185.5,14956,1219,AD,BC
10147,185.5,14957,1432,EC,BC
10148,185.5,14960,2007,CE,OC
10149,185.5,14961,1211,CB,OC
10150,185.5,14962,1419,CS,BC
10151,185.5,14963,1450,AD,OC
10152,185.5,14965,2706,IT,OC
10153,185.5,14966,1414,CS,ST
10154,185.5,14968,5901,EE,OC
10155,185.5,14969,5901,EE,OC
10156,185.5,14970,2005,PR,OC
10157,185.5,14974,2025,CS,MBC
10158,185.5,14978,2711,EC,OC
10159,185.5,14981,2006,PR,MBC
10160,185.5,14982,1219,EE,OC
10161,185.5,14983,2708,CH,OC
10162,185.5,14984,2712,AD,SC
10163,185.5,14986,5008,ME,MBC
10164,185.5,14987,2006,FY,OC
10165,185.5,14989,2622,IT,OC
10166,185.5,14991,3011,EC,OC
10167,185.5,14992,2377,IC,BC
10168,185.5,14993,2702,IT,OC
10169,185.5,14994,2704,AD,OC
10170,185.5,14995,1,GI,SC
10171,185.5,14996,1216,CS,OC
10172,185.5,14997,1219,EC,BC
10173,185.5,15000,1113,EC,OC
10174,185.5,15001,2719,IT,OC
10175,185.5,15002,2025,EC,OC
10176,185.5,15004,5010,CS,OC
10177,185.5,15005,2706,CS,OC
10178,185.5,15006,3819,AM,OC
10179,185.5,15007,5986,CS,BC
10180,185.5,15009,2006,EE,SCA
10181,185.5,15010,4974,CS,SC
10182,185.5,15011,2711,CS,OC
10183,185.5,15012,3852,CS,OC
10184,185.5,15014,1419,CS,BC
10185,185.5,15016,2710,CS,MBC
10186,185.5,15017,2702,CS,MBC
10187,185.5,15018,2702,CS,BC
10188,185.5,15019,1113,CS,MBC
10189,185.5,15020,2718,SC,MBC
10190,185.5,15023,2,PP,OC
10191,185.5,15025,3795,CS,OC
10192,185.5,15026,1432,CB,OC
10193,185.5,15030,2764,AD,MBC
10194,185.5,15031,2719,AD,OC
10195,185.5,15034,2764,EC,BC
10196,185.5,15035,1432,CO,OC
10197,185.5,15036,1211,CS,MBC
10198,185.5,15040,2719,CS,OC
10199,185.5,15041,2711,CS,OC
10200,185.5,15042,4962,AD,OC
10201,185.5,15043,1211,CS,MBC
10202,185.5,15044,1113,CS,BC
10203,185.5,15045,1211,EC,MBC
10204,185.5,15046,2006,CN,BC
10205,185.5,15047,2722,CS,OC
10206,185.5,15049,2369,CS,OC
10207,185.5,15054,2357,EC,OC
10208,185.5,15055,2608,AM,OC
10209,185.5,15056,1211,CB,OC
10210,185.5,15059,2718,CD,BC
10211,185.5,15060,2377,AD,SC
10212,185.5,15062,2737,AD,OC
10213,185.5,15063,1113,AD,OC
10214,185.5,15064,1450,AD,OC
10215,185.5,15065,2749,BM,OC
10216,185.5,15067,2007,CM,SC
10217,185.5,15072,2739,AD,BC
10218,185.5,15074,5986,CS,BCM
10219,185.5,15075,4960,CS,BC
10220,185.5,15078,1304,CS,OC
10221,185.5,15079,1304,CS,OC
10222,185.5,15081,2007,CH,BC
10223,185.5,15084,1211,CS,MBC
10224,185.5,15085,2764,EE,OC
10225,185.5,15086,5901,EE,OC
10226,185.5,15088,4962,EC,OC
10227,185.5,15090,1113,IT,OC
10228,185.5,15091,2739,SC,OC
10229,185.5,15093,2711,IT,OC
10230,185.5,15096,3795,CS,OC
10231,185.5,15097,2702,CS,BC
10232,185.5,15100,2736,BM,OC
10233,185.5,15101,1304,AD,OC
10234,185.5,15103,1219,EC,BC
10235,185.5,15104,2736,IT,OC
10236,185.5,15106,1309,EC,OC
10237,185.5,15107,2764,CB,OC
10238,185.5,15108,2764,AD,BC
10239,185.5,15111,1419,CS,MBC
10240,185.5,15112,2735,AD,OC
10241,185.5,15113,1211,AL,OC
10242,185.5,15116,1315,CE,BC
10243,185.5,15117,1219,EC,BC
10244,185.5,15119,5901,EC,BCM
10245,185.5,15120,1211,AD,BC
10246,185.5,15123,1211,AD,MBC
10247,185.5,15125,1419,AD,OC
10248,185.5,15126,1432,EC,BC
10249,185.5,15131,2377,ME,BC
10250,185.5,15132,2739,AD,BC
10251,185.5,15133,2764,EC,BC
10252,185.5,15134,2377,ME,BC
10253,185.5,15135,1432,CS,BC
10254,185.5,15136,2025,EC,OC
10255,185.5,15137,1219,AD,BC
10256,185.5,15138,2739,CS,MBC
10257,185.5,15139,2739,CO,OC
10258,185.5,15143,2007,IM,SC
10259,185.5,15145,1140,CS,OC
10260,185.5,15148,2711,CS,OC
10261,185.5,15150,2007,ME,BC
10262,185.5,15151,1,MN,MBC
10263,185.5,15154,2006,BS,MBC
10264,185.5,15156,5,CS,OC
10265,185.5,15158,5901,CE,OC
10266,185.5,15159,2764,AD,BC
10267,185.5,15160,1113,IT,OC
10268,185.5,15161,1216,AD,OC
10269,185.5,15162,1128,EC,OC
10270,185.5,15163,2005,ME,BC
10271,185.5,15165,2731,EC,BC
10272,185.5,15166,2722,CS,OC
10273,185.5,15168,2722,AD,OC
10274,185.5,15169,2,PP,OC
10275,185.5,15170,4961,AD,OC
10276,185.5,15171,4,IM,SCA
10277,185.5,15172,1432,CB,OC
10278,185.5,15173,1219,AD,BC
10279,185.5,15174,4,PR,MBC
10280,185.5,15175,1412,CS,OC
10281,185.5,15176,2764,EC,BC
10282,185.5,15177,2710,IT,OC
10283,185.5,15180,2722,AD,OC
10284,185.5,15181,2723,CS,OC
10285,185.5,15183,2702,IT,OC
10286,185.5,15184,1442,AD,BCM
10287,185.5,15185,2712,MZ,OC
10288,185.5,15186,1216,SC,OC
10289,185.5,15188,5986,CS,BC
10290,185.5,15189,2719,CS,OC
10291,185.5,15191,5910,CS,OC
10292,185.5,15192,2739,EC,BC
10293,185.5,15193,2618,CS,OC
10294,185.5,15194,2377,ME,BC
10295,185.5,15195,1026,CS,OC
10296,185.5,15196,2764,EC,BC
10297,185.5,15197,1113,EC,OC
10298,185.5,15198,2702,AD,OC
10299,185.5,15199,5910,EC,OC
10300,185.5,15200,1317,CS,OC
10301,185.5,15201,1432,CO,OC
10302,185.5,15202,1211,AD,MBC
10303,185.5,15203,2718,IT,BCM
10304,185.5,15204,1419,AD,OC
10305,185.5,15205,5008,MF,OC
10306,185.5,15207,1432,EV,OC
10307,185.5,15209,5901,EE,OC
10308,185.5,15210,1309,CS,OC
10309,185.5,15211,2712,EI,BC
10310,185.5,15212,2377,ME,MBC
10311,185.5,15213,4962,AD,OC
10312,185.5,15214,2702,AD,OC
10313,185.5,15215,1211,BT,OC
10314,185.5,15217,2712,BT,BC
10315,185.5,15220,2718,EE,BCM
10316,185.5,15221,3830,CS,OC
10317,185.5,15222,2718,CD,BC
10318,185.5,15224,2702,IT,OC
10319,185.5,15228,1,MI,SC
10320,185.5,15229,2702,CS,BC
10321,185.5,15230,2005,CE,OC
10322,185.5,15231,2,PP,OC
10323,185.5,15232,1399,EV,MBC
10324,185.5,15236,2006,ES,MBC
10325,185.5,15237,2005,ME,MBC
10326,185.5,15238,2702,AD,OC
10327,185.5,15239,2718,CD,BC
10328,185.5,15240,2607,IT,OC
10329,185.5,15241,1422,CS,OC
10330,185.5,15243,2764,CS,MBC
10331,185.5,15244,3830,CS,OC
10332,185.5,15246,4931,CS,OC
10333,185.5,15247,2708,EC,OC
10334,185.5,15249,2722,CS,OC
10335,185.5,15251,1219,AD,MBC
10336,185.5,15252,1211,CS,MBC
10337,185.5,15255,2710,CS,BC
10338,185.5,15256,1219,EC,SC
10339,185.5,15257,1432,CS,MBC
10340,185.5,15258,5907,CS,OC
10341,185.5,15259,1,IE,MBC
10342,185.5,15261,2764,EC,BC
10343,185.5,15262,1,MA,MBC
10344,185.5,15263,5008,CM,SC
10345,185.5,15266,4,PR,BC
10346,185.5,15267,1219,EC,BC
10347,185.5,15268,1414,EC,OC
10348,185.5,15269,1432,EC,BC
10349,185.5,15270,1432,AD,OC
10350,185.5,15271,1211,EC,MBC
10351,185.5,15273,4,PR,BC
10352,185.5,15274,2702,CS,MBC
10353,185.5,15275,1412,CS,OC
10354,185.5,15276,1399,EE,MBC
10355,185.5,15277,4,RP,OC
10356,185.5,15279,2710,IT,OC
10357,185.5,15280,5008,MF,OC
10358,185.5,15281,1304,CS,OC
10359,185.5,15282,1450,CS,MBC
10360,185.5,15283,1324,AD,OC
10361,185.5,15284,3819,CS,OC
10362,185.5,15285,2702,AD,OC
10363,185.5,15287,2723,CS,OC
10364,185.5,15288,2,PM,OC
10365,185.5,15289,1432,CS,BCM
10366,185.5,15292,2007,EE,SC
10367,185.5,15293,4974,EC,BC
10368,185.5,15294,1412,EC,OC
10369,185.5,15295,1317,CS,OC
10370,185.5,15296,1442,AD,SC
10371,185.5,15300,2710,CS,MBC
10372,185.5,15301,1113,AD,OC
10373,185.5,15302,4960,CS,BC
10374,185.5,15303,2710,EC,OC
10375,185.5,15304,2722,EC,OC
10376,185.5,15305,1419,CS,BC
10377,185.5,15306,2710,EE,OC
10378,185.5,15307,1211,EC,MBC
10379,185.5,15308,4,PR,MBC
10380,185.5,15309,2718,SC,MBC
10381,185.5,15310,2736,EC,OC
10382,185.5,15311,2702,EC,OC
10383,185.5,15313,2718,CD,BC
10384,185.5,15314,2708,AL,OC
10385,185.5,15316,5986,CS,BC
10386,185.5,15317,2,PP,OC
10387,185.5,15318,2007,ME,BC
10388,185.5,15319,1450,CS,MBC
10389,185.5,15320,2712,MZ,OC
10390,185.5,15321,1219,EC,BC
10391,185.5,15323,2764,AM,BC
10392,185.5,15324,1304,IT,OC
10393,185.5,15325,1211,AD,MBC
10394,185.5,15327,4974,EC,BC
10395,185.5,15328,2607,CS,OC
10396,185.5,15332,1412,CS,OC
10397,185.5,15333,1211,CB,MBC
10398,185.5,15334,4962,CS,OC
10399,185.5,15335,1304,CS,OC
10400,185.5,15338,1315,CJ,SC
10401,185.5,15339,2007,AT,SC
10402,185.5,15340,2764,EC,BC
10403,185.5,15341,1113,IT,OC
10404,185.5,15342,2006,ME,SCA
10405,185.5,15344,1304,CS,OC
10406,185.5,15346,2702,EC,OC
10407,185.5,15347,5008,MG,MBC
10408,185.5,15348,2,PM,OC
10409,185.5,15349,5008,EE,SC
10410,185.5,15350,2718,CD,MBC
10411,185.5,15351,5010,EC,OC
10412,185.5,15352,5008,CE,MBC
10413,185.5,15353,1432,AM,OC
10414,185.5,15355,2719,CS,OC
10415,185.5,15358,1315,CE,BC
10416,185.5,15361,2006,IY,BCM
10417,185.5,15362,2710,IT,OC
10418,185.5,15363,1315,ME,SC
10419,185.5,15365,2718,CD,BC
10420,185.5,15366,1315,CE,BC
10421,185.5,15368,2025,CS,BCM
10422,185.5,15371,1,PT,OC
10423,185.5,15373,1211,AL,BC
10424,185.5,15374,1211,EC,MBC
10425,185.5,15375,2740,AD,OC
10426,185.5,15379,2739,AM,OC
10427,185.5,15381,1432,AD,OC
10428,185.5,15382,1113,CS,BC
10429,185.5,15385,1,MN,MBC
10430,185.5,15386,3011,CS,OC
10431,185.5,15387,2618,EC,OC
10432,185.5,15388,2702,EC,OC
10433,185.5,15390,1216,CS,OC
10434,185.5,15391,2007,CE,OC
10435,185.5,15392,2006,CN,BC
10436,185.5,15393,5901,EE,OC
10437,185.5,15394,1414,EC,OC
10438,185.5,15395,2603,EC,OC
10439,185.5,15397,1113,CS,MBC
10440,185.5,15401,2710,SC,OC
10441,185.5,15402,2702,EC,OC
10442,185.5,15403,4962,EC,OC
10443,185.5,15405,1450,EC,MBC
10444,185.5,15406,4960,EC,OC
10445,185.5,15407,1210,AD,OC
10446,185.5,15408,1216,CS,OC
10447,185.5,15409,2005,ME,BC
10448,185.5,15411,1419,EC,OC
10449,185.5,15412,1211,IT,MBC
10450,185.5,15413,1211,MZ,OC
10451,185.5,15414,2719,IT,OC
10452,185.5,15415,2007,CE,OC
10453,185.5,15416,1211,AD,BC
10454,185.5,15419,1304,BM,OC
10455,185.5,15420,2764,EC,BC
10456,185.5,15421,1113,AD,BC
10457,185.5,15423,1211,AD,BC
10458,185.5,15424,1450,CS,MBC
10459,185.5,15426,1412,AD,OC
10460,185.5,15428,2736,AD,OC
10461,185.5,15429,5008,CE,MBC
10462,185.5,15430,2718,AD,BCM
10463,185.5,15431,1432,AD,OC
10464,185.5,15432,1304,AD,OC
10465,185.5,15433,4969,CS,OC
10466,185.5,15435,2702,CS,BC
10467,185.5,15436,2719,CS,OC
10468,185.5,15438,2,FS,OC
10469,185.5,15439,3465,CS,OC
10470,185.5,15440,5008,CM,SC
10471,185.5,15441,1113,CS,MBC
10472,185.5,15443,1432,AD,OC
10473,185.5,15445,2718,AD,BCM
10474,185.5,15446,4974,EC,MBC
10475,185.5,15446,1219,EC,BC
10476,185.5,15449,1211,CB,BC
10477,185.5,15453,2702,CS,MBC
10478,185.5,15454,2731,EC,BC
10479,185.5,15456,1432,CS,BC
10480,185.5,15458,5986,CS,BC
10481,185.5,15459,1211,EE,OC
10482,185.5,15460,5901,EE,OC
10483,185.5,15462,1219,AD,MBC
10484,185.5,15464,2702,CS,MBC
10485,185.5,15468,1399,ME,OC
10486,185.5,15469,1,XM,BC
10487,185.5,15470,5,CS,OC
10488,185.5,15471,1442,AD,SC
10489,185.5,15472,2706,CS,OC
10490,185.5,15473,1414,EC,OC
10491,185.5,15474,1414,EC,OC
10492,185.5,15475,1211,EE,OC
10493,185.5,15480,2708,IT,OC
10494,185.5,15481,2710,IT,OC
10495,185.5,15482,1399,BM,MBC
10496,185.5,15483,2734,CS,OC
10497,185.3,15486,1450,EC,BC
10498,185.3,15488,1399,MZ,MBC
10499,185.3,15489,2377,ME,MBC
10500,185.2,15492,2025,EC,OC
10501,185.2,15493,2726,CS,OC
10502,185.1,15494,2734,EC,OC
10503,185.1,15495,2726,IT,OC
10504,185.1,15496,1408,CS,OC
10505,185.0,15497,2734,AD,OC
10506,185.0,15498,5,AM,OC
10507,185.0,15499,5901,EE,OC
10508,185.0,15500,2005,ME,BC
10509,185.0,15502,1,MA,MBC
10510,185.0,15503,1399,MZ,MBC
10511,185.0,15504,2739,EC,BC
10512,185.0,15505,1422,CS,OC
10513,185.0,15508,2722,AD,OC
10514,185.0,15509,1450,CS,MBC
10515,185.0,15510,2025,CS,BC
10516,185.0,15511,1211,AD,MBC
10517,185.0,15513,2708,CS,OC
10518,185.0,15514,3011,IT,OC
10519,185.0,15516,1432,CS,MBC
10520,185.0,15518,5,AM,OC
10521,185.0,15519,1211,SC,MBC
10522,185.0,15520,2739,AD,BC
10523,185.0,15521,2702,CS,BC
10524,185.0,15522,1149,CS,OC
10525,185.0,15523,2702,CS,MBC
10526,185.0,15524,1432,CS,MBC
10527,185.0,15527,2702,CS,MBC
10528,185.0,15528,2739,AD,BC
10529,185.0,15530,1216,CS,OC
10530,185.0,15531,3830,CS,OC
10531,185.0,15532,1432,EC,BC
10532,185.0,15533,2711,CS,OC
10533,185.0,15534,2708,BM,OC
10534,185.0,15535,5901,CS,SC
10535,185.0,15536,1419,EC,OC
10536,185.0,15539,2005,ME,MBC
10537,185.0,15540,1113,CS,BC
10538,185.0,15541,2722,CS,OC
10539,185.0,15543,2377,IC,BC
10540,185.0,15544,1113,EC,OC
10541,185.0,15546,1113,CS,MBC
10542,185.0,15547,4944,AD,OC
10543,185.0,15548,1432,AD,OC
10544,185.0,15549,1,MN,BC
10545,185.0,15551,2005,ME,BC
10546,185.0,15554,1216,CS,OC
10547,185.0,15555,2702,IT,OC
10548,185.0,15555,2718,SC,MBC
10549,185.0,15558,3801,AD,OC
10550,185.0,15560,1432,AD,OC
10551,185.0,15561,1399,CS,SCA
10552,185.0,15562,5910,CS,OC
10553,185.0,15563,3,BP,BCM
10554,185.0,15564,2711,CS,OC
10555,185.0,15565,5910,AM,OC
10556,185.0,15566,2706,AD,OC
10557,185.0,15568,2006,IY,SC
10558,185.0,15569,2764,CB,OC
10559,185.0,15572,2622,CB,OC
10560,185.0,15575,2712,EI,BCM
10561,185.0,15576,1317,IT,OC
10562,185.0,15579,2702,CS,MBC
10563,185.0,15581,3819,CS,OC
10564,185.0,15582,1211,SC,MBC
10565,185.0,15583,2751,CS,OC
10566,185.0,15584,2704,SC,OC
10567,185.0,15584,1399,EC,SC
10568,185.0,15585,2715,EC,OC
10569,185.0,15586,2718,CD,BC
10570,185.0,15587,1419,EC,OC
10571,185.0,15589,5901,CE,OC
10572,185.0,15590,1014,CS,OC
10573,185.0,15591,2025,AD,MBC
10574,185.0,15593,2601,CS,OC
10575,185.0,15594,2,PM,OC
10576,185.0,15597,2736,AD,OC
10577,185.0,15599,1026,CS,OC
10578,185.0,15600,1414,EC,OC
10579,185.0,15604,5901,EE,OC
10580,185.0,15605,1432,CB,OC
10581,185.0,15606,5008,CM,SC
10582,185.0,15608,1113,EC,OC
10583,185.0,15609,2005,ME,BC
10584,185.0,15610,2007,ME,BC
10585,185.0,15612,1317,EC,OC
10586,185.0,15613,2709,CS,BC
10587,185.0,15615,2718,EE,BC
10588,185.0,15616,1422,CS,OC
10589,185.0,15617,1432,AD,OC
10590,185.0,15618,1450,AD,MBC
10591,185.0,15619,2711,EC,OC
10592,185.0,15620,1432,AD,OC
10593,185.0,15621,1211,SC,BC
10594,185.0,15622,2711,CS,OC
10595,185.0,15624,5010,CS,OC
10596,185.0,15626,2702,CS,MBC
10597,185.0,15627,2702,AD,OC
10598,185.0,15629,1113,AD,BC
10599,185.0,15630,2751,IT,OC
10600,185.0,15632,1211,AL,MBC
10601,185.0,15633,1399,CS,SC
10602,185.0,15638,1432,CS,MBC
10603,185.0,15639,2006,PR,BC
10604,185.0,15640,2603,CS,BC
10605,185.0,15641,1317,CS,OC
10606,185.0,15642,2710,IT,OC
10607,185.0,15643,2722,EE,OC
10608,185.0,15644,1450,AD,MBC
10609,185.0,15646,1013,EC,OC
10610,185.0,15647,2711,CS,BC
10611,185.0,15648,2329,AD,OC
10612,185.0,15649,2736,IT,OC
10613,185.0,15650,2007,ME,BC
10614,185.0,15651,1,XC,BC
10615,185.0,15653,4955,AD,OC
10616,185.0,15655,2708,IT,OC
10617,185.0,15656,1216,CS,OC
10618,185.0,15657,2620,BM,OC
10619,185.0,15659,1211,AD,BC
10620,185.0,15660,1216,SC,OC
10621,185.0,15661,2005,EE,SC
10622,185.0,15663,1211,AD,BC
10623,185.0,15665,2005,ME,MBC
10624,185.0,15667,2739,AM,BC
10625,185.0,15668,2710,IT,OC
10626,185.0,15669,2769,PC,OC
10627,185.0,15670,5008,MF,OC
10628,185.0,15671,4020,AD,OC
10629,185.0,15672,2702,CS,BC
10630,185.0,15673,4678,AD,OC
10631,185.0,15674,2711,AD,OC
10632,185.0,15675,1211,CD,OC
10633,185.0,15676,2739,AD,BC
10634,185.0,15677,1211,AD,BC
10635,185.0,15678,2702,IT,OC
10636,185.0,15681,2731,EC,MBC
10637,185.0,15682,2751,AD,OC
10638,185.0,15683,1432,AD,OC
10639,185.0,15684,2702,CS,BC
10640,185.0,15685,2702,EC,OC
10641,185.0,15686,2764,EE,OC
10642,185.0,15687,2006,RA,SC
10643,185.0,15688,1324,EE,OC
10644,185.0,15689,1432,AD,BC
10645,185.0,15690,2007,CH,BC
10646,185.0,15691,2711,EC,OC
10647,185.0,15692,2005,ME,BC
10648,185.0,15693,2005,IB,OC
10649,185.0,15695,2615,MT,OC
10650,185.0,15697,2722,AD,OC
10651,185.0,15698,2718,EE,BC
10652,185.0,15699,2718,CD,BC
10653,185.0,15700,2764,AD,BC
10654,185.0,15701,2764,CB,OC
10655,185.0,15702,2731,EC,BC
10656,185.0,15703,1419,AD,OC
10657,185.0,15704,1211,SC,BC
10658,185.0,15705,2007,EM,SC
10659,185.0,15706,2377,EC,SC
10660,185.0,15707,1210,CS,OC
10661,185.0,15709,5008,CM,SC
10662,185.0,15710,2750,CS,OC
10663,185.0,15711,4960,EC,OC
10664,185.0,15713,2710,CS,BCM
10665,185.0,15715,1026,CS,OC
10666,185.0,15716,2702,IT,OC
10667,185.0,15717,2369,EC,OC
10668,185.0,15719,1113,IT,OC
10669,185.0,15720,1216,CS,OC
10670,185.0,15721,2722,EC,OC
10671,185.0,15722,1113,IT,OC
10672,185.0,15723,2718,CD,BCM
10673,185.0,15724,2618,EX,OC
10674,185.0,15725,2005,CE,OC
10675,185.0,15726,1399,CS,SC
10676,185.0,15728,4974,EC,MBC
10677,185.0,15729,1,XC,MBC
10678,185.0,15730,2007,CH,BC
10679,185.0,15731,2710,SC,OC
10680,185.0,15732,2712,AE,BC
10681,185.0,15734,1442,AD,SC
10682,185.0,15737,2718,CD,MBC
10683,185.0,15739,2722,CS,OC
10684,185.0,15740,2710,IT,OC
10685,185.0,15741,1211,AD,BC
10686,185.0,15745,1219,CS,SC
10687,185.0,15746,1211,AD,BC
10688,185.0,15748,1432,EC,BC
10689,185.0,15749,2764,IT,BC
10690,185.0,15752,2005,PR,OC
10691,185.0,15753,3465,CS,OC
10692,185.0,15754,1301,CS,OC
10693,185.0,15755,2718,CJ,BC
10694,185.0,15756,2739,CS,MBC
10695,185.0,15758,1216,CS,OC
10696,185.0,15759,2377,IC,MBC
10697,185.0,15760,2007,CH,BC
10698,185.0,15762,1216,CS,OC
10699,185.0,15763,1399,EE,MBC
10700,185.0,15764,2653,AD,OC
10701,185.0,15765,1211,IT,BCM
10702,185.0,15766,2718,EE,MBC
10703,185.0,15769,2005,ME,BC
10704,185.0,15770,5986,CS,BC
10705,185.0,15771,2764,AD,BC
10706,185.0,15773,4917,EC,OC
10707,185.0,15775,2025,EC,OC
10708,185.0,15778,1211,AD,BC
10709,185.0,15779,2653,IT,OC
10710,185.0,15781,2025,AD,MBC
10711,185.0,15782,2764,IT,BC
10712,185.0,15783,1432,AM,OC
10713,185.0,15784,3829,CS,OC
10714,185.0,15785,3819,AD,OC
10715,185.0,15786,2718,CJ,BC
10716,185.0,15789,1419,AD,OC
10717,185.0,15791,2622,AD,OC
10718,185.0,15793,5901,EE,OC
10719,185.0,15794,2722,CS,OC
10720,185.0,15798,1432,CS,MBC
10721,185.0,15801,1211,CH,OC
10722,185.0,15802,2712,CS,SC
10723,185.0,15804,4020,AD,OC
10724,185.0,15805,2764,AD,MBC
10725,185.0,15808,2722,CS,OC
10726,185.0,15811,2702,EC,OC
10727,185.0,15813,1432,AM,OC
10728,185.0,15814,2712,CS,SC
10729,185.0,15815,1419,CS,BC
10730,185.0,15817,5901,EE,OC
10731,185.0,15819,2712,CE,OC
10732,185.0,15820,2719,AD,OC
10733,185.0,15821,2711,CS,BC
10734,185.0,15822,2722,AD,OC
10735,185.0,15825,2719,CS,OC
10736,185.0,15831,1317,CS,OC
10737,185.0,15832,1216,CS,OC
10738,185.0,15833,1116,CS,OC
10739,185.0,15834,1211,CD,OC
10740,185.0,15835,2718,CD,BC
10741,185.0,15836,3465,CS,OC
10742,185.0,15842,1211,SC,BC
10743,185.0,15843,1419,EC,OC
10744,185.0,15844,3819,AD,OC
10745,185.0,15845,1211,SC,MBC
10746,185.0,15847,1419,AM,OC
10747,185.0,15848,1211,IT,MBC
10748,185.0,15849,2718,EE,MBC
10749,185.0,15850,1211,AD,BC
10750,185.0,15851,2712,MZ,OC
10751,185.0,15853,1304,EC,OC
10752,185.0,15854,1120,CS,OC
10753,185.0,15855,1113,CS,BC
10754,185.0,15857,1140,EC,OC
10755,185.0,15859,2739,CB,OC
10756,185.0,15860,1,IE,MBC
10757,185.0,15861,1219,EE,OC
10758,185.0,15862,2764,EC,MBC
10759,185.0,15863,2025,AD,BC
10760,185.0,15864,4680,EE,OC
10761,185.0,15866,1450,EC,MBC
10762,185.0,15867,2708,IT,OC
10763,185.0,15868,1324,AD,OC
10764,185.0,15869,1408,AD,OC
10765,185.0,15870,1211,AL,BC
10766,185.0,15871,1216,AL,OC
10767,185.0,15873,5008,MF,OC
10768,185.0,15874,1432,CS,BC
10769,185.0,15877,1113,CS,BC
10770,185.0,15879,1211,AL,BC
10771,185.0,15880,2708,AE,OC
10772,185.0,15881,1211,IT,MBC
10773,185.0,15882,2005,EE,SC
10774,185.0,15883,1419,EC,OC
10775,185.0,15884,3830,CS,OC
10776,185.0,15886,2722,CS,OC
10777,185.0,15887,1211,CD,OC
10778,185.0,15888,1412,AD,OC
10779,185.0,15889,1211,EE,OC
10780,185.0,15891,1315,CE,BC
10781,185.0,15892,2764,CS,MBC
10782,185.0,15893,2702,CS,MBC
10783,185.0,15894,1013,CS,OC
10784,185.0,15896,1450,EE,OC
10785,185.0,15897,1304,EC,OC
10786,185.0,15899,2712,ME,OC
10787,185.0,15902,2005,IB,OC
10788,185.0,15904,5901,CE,OC
10789,185.0,15906,1432,AM,OC
10790,185.0,15907,1432,EC,BC
10791,185.0,15908,2005,PR,OC
10792,185.0,15910,1516,CS,OC
10793,185.0,15911,2709,EC,OC
10794,185.0,15913,2764,CB,OC
10795,185.0,15915,3011,ME,OC
10796,185.0,15916,5986,CS,BCM
10797,185.0,15919,1432,EC,BC
10798,185.0,15920,1324,IT,OC
10799,185.0,15921,2739,AD,BC
10800,185.0,15922,1211,AD,MBC
10801,185.0,15924,2007,MF,OC
10802,185.0,15925,1419,CS,MBC
10803,185.0,15926,1419,EE,OC
10804,185.0,15928,1309,CS,OC
10805,185.0,15929,4974,EC,BC
10806,185.0,15932,2739,EE,OC
10807,185.0,15933,1317,CS,OC
10808,185.0,15935,2006,ES,MBC
10809,185.0,15937,1304,CS,OC
10810,185.0,15939,4974,EC,BC
10811,185.0,15940,1,IE,MBC
10812,185.0,15943,1317,EC,OC
10813,185.0,15944,2722,AD,OC
10814,185.0,15945,2722,CS,BC
10815,185.0,15947,1113,EC,OC
10816,185.0,15948,2739,EC,BC
10817,185.0,15949,2349,FD,OC
10818,185.0,15950,1432,AM,OC
10819,185.0,15951,2712,CS,SC
10820,185.0,15954,2718,CB,MBC
10821,185.0,15955,2711,CS,BC
10822,185.0,15957,1432,EC,BC
10823,185.0,15958,4962,EC,OC
10824,185.0,15959,2710,IT,OC
10825,185.0,15960,2025,CS,MBC
10826,185.0,15962,1432,AM,OC
10827,185.0,15964,2739,EC,BC
10828,185.0,15966,2377,IC,BC
10829,185.0,15967,1113,CS,BC
10830,185.0,15968,2702,EC,OC
10831,185.0,15969,2750,CS,OC
10832,185.0,15970,1432,AD,MBC
10833,185.0,15971,1304,EC,OC
10834,185.0,15972,2710,IT,OC
10835,185.0,15973,2718,SC,MBC
10836,185.0,15974,1304,CS,OC
10837,185.0,15975,2006,CE,SC
10838,185.0,15976,2006,MS,OC
10839,185.0,15978,5008,CM,SCA
10840,185.0,15979,2740,AD,OC
10841,185.0,15980,1211,AL,MBC
10842,185.0,15982,2603,CS,BC
10843,185.0,15984,4974,EE,OC
10844,185.0,15985,1211,SC,MBC
10845,185.0,15986,5008,MF,OC
10846,185.0,15988,2709,CS,MBC
10847,185.0,15989,1450,CS,BC
10848,185.0,15992,1113,CS,BC
10849,185.0,15993,2702,CS,MBC
10850,185.0,15994,2731,EC,BC
10851,185.0,15995,2719,EC,OC
10852,185.0,15996,2007,MF,OC
10853,185.0,15997,3819,EC,OC
10854,185.0,16000,4971,IT,OC
10855,185.0,16001,2764,IT,BC
10856,185.0,16002,2377,IC,BC
10857,185.0,16003,2712,BT,BC
10858,185.0,16006,2764,EC,BC
10859,185.0,16007,1419,CS,BC
10860,185.0,16008,5008,CE,BC
10861,185.0,16009,2764,EC,BC
10862,185.0,16010,1432,BT,OC
10863,185.0,16011,3807,SC,OC
10864,185.0,16013,3830,CS,OC
10865,185.0,16014,2005,ME,BC
10866,185.0,16015,2719,CS,OC
10867,185.0,16016,1113,IT,OC
10868,185.0,16018,1432,CB,OC
10869,185.0,16019,1216,CS,OC
10870,185.0,16021,2718,EE,BC
10871,185.0,16022,2711,CS,BC
10872,185.0,16023,4960,CS,BC
10873,185.0,16025,2702,EC,OC
10874,185.0,16026,1113,EE,OC
10875,185.0,16027,2620,EC,OC
10876,185.0,16029,1211,CB,MBC
10877,185.0,16030,2618,AD,OC
10878,185.0,16031,2722,CS,BC
10879,185.0,16033,1432,CS,MBC
10880,185.0,16034,2710,IT,BC
10881,185.0,16036,2710,CS,MBC
10882,185.0,16037,2006,RA,SC
10883,185.0,16039,2007,EE,SC
10884,185.0,16041,1211,AL,BC
10885,185.0,16044,2702,CS,BC
10886,185.0,16051,1419,CS,BC
10887,185.0,16052,2764,EC,BC
10888,185.0,16053,5901,EE,BC
10889,185.0,16054,1216,AD,OC
10890,185.0,16055,2711,CS,BC
10891,185.0,16056,5008,ME,MBC
10892,185.0,16057,1113,CS,MBC
10893,185.0,16059,1432,AD,MBC
10894,185.0,16061,2711,CS,BC
10895,185.0,16063,2722,EE,OC
10896,185.0,16064,2718,EE,BC
10897,185.0,16065,2712,AE,SCA
10898,185.0,16066,1512,CS,OC
10899,185.0,16067,2712,BT,MBC
10900,185.0,16068,2006,MT,OC
10901,185.0,16069,2718,EE,BC
10902,185.0,16070,5901,EE,BC
10903,185.0,16071,2702,CS,BC
10904,185.0,16072,1432,EC,BC
10905,185.0,16073,2719,CS,OC
10906,185.0,16074,2712,ME,OC
10907,185.0,16075,5910,EC,OC
10908,185.0,16076,1113,CS,BC
10909,185.0,16077,1211,AL,BC
10910,185.0,16078,2702,IT,OC
10911,185.0,16079,3465,CS,OC
10912,185.0,16080,1432,CS,BC
10913,185.0,16081,1432,CS,BC
10914,185.0,16082,2739,CS,MBC
10915,185.0,16083,2712,EI,BC
10916,185.0,16084,2005,CE,OC
10917,185.0,16089,2702,EC,OC
10918,185.0,16090,4023,EC,OC
10919,185.0,16092,1315,CE,MBC
10920,185.0,16093,3805,IT,OC
10921,185.0,16094,2377,CE,OC
10922,185.0,16095,5008,CE,BC
10923,185.0,16096,4,PR,BC
10924,185.0,16097,1324,AM,OC
10925,185.0,16099,2005,IB,OC
10926,185.0,16100,2007,EE,SC
10927,185.0,16104,1112,CS,OC
10928,185.0,16106,2719,AE,OC
10929,185.0,16107,2702,CS,BC
10930,185.0,16108,2712,BT,BC
10931,185.0,16109,1216,CS,OC
10932,185.0,16112,2615,CS,SC
10933,185.0,16115,2711,CS,BC
10934,185.0,16119,1211,EE,OC
10935,185.0,16120,2377,IC,MBC
10936,185.0,16125,1432,CS,BC
10937,185.0,16126,1412,AD,OC
10938,185.0,16127,1399,BM,MBC
10939,185.0,16128,5008,ID,OC
10940,185.0,16130,2007,CH,SC
10941,185.0,16132,1211,AL,BC
10942,185.0,16133,1304,EC,OC
10943,185.0,16136,1216,CS,OC
10944,185.0,16137,2006,PR,BC
10945,185.0,16143,2710,IT,MBC
10946,185.0,16145,1432,CS,MBC
10947,185.0,16146,1113,CS,BC
10948,185.0,16148,5008,MG,MBC
10949,185.0,16150,2764,EC,MBC
10950,185.0,16155,4960,CS,BC
10951,185.0,16157,5986,CS,BC
10952,185.0,16159,2764,AD,BC
10953,185.0,16161,1211,BT,OC
10954,185.0,16162,2712,MZ,OC
10955,185.0,16166,2718,SC,MBC
10956,185.0,16167,2722,EC,OC
10957,185.0,16168,2764,CS,MBC
10958,185.0,16169,2025,AD,BC
10959,185.0,16171,4023,CS,OC
10960,185.0,16172,1432,CO,OC
10961,185.0,16175,2718,SC,MBC
10962,185.0,16176,2005,ME,MBC
10963,185.0,16177,2007,CE,OC
10964,185.0,16179,2006,BY,MBC
10965,185.0,16180,2718,SC,MBC
10966,185.0,16181,2764,EC,BC
10967,185.0,16183,1211,AL,MBC
10968,185.0,16184,2007,CL,BC
10969,185.0,16186,2702,CS,MBC
10970,185.0,16188,2764,EC,BC
10971,185.0,16189,1211,AL,MBC
10972,185.0,16191,1450,CS,BC
10973,185.0,16193,2718,SC,BCM
10974,185.0,16194,5010,CS,OC
10975,185.0,16197,2006,PR,MBC
10976,185.0,16199,1211,EC,MBC
10977,185.0,16202,1432,CS,MBC
10978,185.0,16203,2608,CS,OC
10979,185.0,16204,2722,CS,BC
10980,185.0,16205,2718,EE,BC
10981,185.0,16206,1432,CS,BC
10982,185.0,16208,4020,CS,OC
10983,185.0,16209,2702,EC,OC
10984,185.0,16210,2715,AG,OC
10985,185.0,16211,5,CS,OC
10986,185.0,16213,2007,AT,SC
10987,185.0,16215,1211,RM,OC
10988,185.0,16216,2723,EC,OC
10989,185.0,16218,2712,CS,SC
10990,185.0,16219,2,PM,BC
10991,185.0,16222,2710,EC,OC
10992,185.0,16228,1216,CS,OC
10993,185.0,16230,1419,CS,BC
10994,185.0,16234,1211,EC,MBC
10995,185.0,16235,1399,BM,BC
10996,185.0,16237,1113,CS,BC
10997,185.0,16240,1216,CS,OC
10998,185.0,16241,2750,AD,OC
10999,185.0,16245,2,PM,BCM
11000,185.0,16246,1211,EE,OC
11001,185.0,16249,2764,AD,BC
11002,185.0,16252,1419,CS,BC
11003,185.0,16256,2709,CS,MBC
11004,185.0,16261,2739,CS,MBC
11005,185.0,16263,2739,CS,MBC
11006,185.0,16264,1442,AD,SC
11007,185.0,16266,2764,EC,BC
11008,185.0,16268,2764,AD,BC
11009,185.0,16269,5910,CS,OC
11010,185.0,16270,1301,CS,OC
11011,185.0,16278,2764,AD,BC
11012,185.0,16280,2710,IT,BC
11013,185.0,16281,1422,CS,OC
11014,185.0,16282,2734,CS,OC
11015,185.0,16285,1219,CS,SC
11016,185.0,16286,5910,AD,OC
11017,185.0,16287,2377,AD,SC
11018,185.0,16288,2007,MF,OC
11019,185.0,16290,2632,CS,OC
11020,185.0,16291,4,PR,BC
11021,185.0,16296,3465,CS,BC
11022,185.0,16297,2709,CS,MBC
11023,185.0,16298,1,PT,OC
11024,185.0,16299,4023,CS,OC
11025,185.0,16300,2722,AD,OC
11026,185.0,16305,2722,CS,BC
11027,185.0,16312,2764,CS,MBC
11028,185.0,16313,2006,ES,MBC
11029,185.0,16314,2710,IT,BC
11030,185.0,16318,1317,CS,BC
11031,185.0,16320,2006,MS,OC
11032,185.0,16322,2007,CE,OC
11033,184.9,16324,5910,CS,OC
11034,184.7,16327,2739,CS,MBC
11035,184.7,16328,2006,AS,OC
11036,184.7,16329,1516,CS,OC
11037,184.5,16332,2329,AM,OC
11038,184.5,16334,1211,SC,BC
11039,184.5,16336,1211,SC,BC
11040,184.5,16339,2718,EE,BC
11041,184.5,16340,3830,EC,OC
11042,184.5,16342,2702,CS,BC
11043,184.5,16344,2764,IT,BC
11044,184.5,16345,2005,ME,BC
11045,184.5,16346,2377,IC,MBC
11046,184.5,16347,2702,IT,OC
11047,184.5,16348,1211,AD,MBC
11048,184.5,16349,4974,EC,MBC
11049,184.5,16352,1113,CS,BC
11050,184.5,16353,2722,CS,BC
11051,184.5,16354,1516,CS,OC
11052,184.5,16355,2702,EC,OC
11053,184.5,16357,2711,CS,BC
11054,184.5,16358,2712,ME,OC
11055,184.5,16359,2739,EC,BC
11056,184.5,16361,2608,IT,OC
11057,184.5,16362,5008,IM,SC
11058,184.5,16364,4974,CS,SC
11059,184.5,16366,1419,EC,OC
11060,184.5,16367,2,FS,OC
11061,184.5,16368,2718,SC,MBC
11062,184.5,16370,2718,EE,BC
11063,184.5,16371,2764,AD,BC
11064,184.5,16374,2764,EC,BC
11065,184.5,16375,5008,EC,SCA
11066,184.5,16377,3011,CS,OC
11067,184.5,16378,1211,CB,MBC
11068,184.5,16379,2740,CS,OC
11069,184.5,16381,1422,AD,OC
11070,184.5,16383,1,MN,MBC
11071,184.5,16384,3,BP,MBC
11072,184.5,16385,2736,CS,OC
11073,184.5,16386,5901,EE,BC
11074,184.5,16387,1419,IT,OC
11075,184.5,16388,1210,CS,OC
11076,184.5,16390,4928,AD,OC
11077,184.5,16392,1450,IT,OC
11078,184.5,16393,3843,CS,OC
11079,184.5,16394,2764,CB,OC
11080,184.5,16395,2007,CE,OC
11081,184.5,16396,2603,CS,BC
11082,184.5,16398,1317,EC,OC
11083,184.5,16399,5008,MG,BCM
11084,184.5,16400,1216,AD,OC
11085,184.5,16401,1113,CS,BC
11086,184.5,16402,2712,MZ,OC
11087,184.5,16403,5008,CE,BC
11088,184.5,16404,4960,CS,MBC
11089,184.5,16406,2718,MZ,OC
11090,184.5,16407,3819,EC,OC
11091,184.5,16409,2722,CS,BC
11092,184.5,16410,2764,EC,SC
11093,184.5,16411,2702,CS,BC
11094,184.5,16412,2711,CS,BC
11095,184.5,16414,1520,IT,OC
11096,184.5,16415,2739,SC,OC
11097,184.5,16417,5901,EE,BC
11098,184.5,16418,1432,AD,BC
11099,184.5,16420,2702,EC,OC
11100,184.5,16421,2710,IT,BC
11101,184.5,16423,3011,CS,MBC
11102,184.5,16424,4974,CS,SC
11103,184.5,16426,5901,EE,BC
11104,184.5,16427,1,PT,OC
11105,184.5,16429,2601,CS,OC
11106,184.5,16430,2739,EC,BC
11107,184.5,16431,1432,CS,BC
11108,184.5,16432,1211,EC,MBC
11109,184.5,16433,1450,CS,BCM
11110,184.5,16435,1216,CS,BCM
11111,184.5,16436,4974,EC,BC
11112,184.5,16437,2702,CS,BCM
11113,184.5,16438,2739,CS,MBC
11114,184.5,16441,2708,AL,OC
11115,184.5,16442,2710,IT,BC
11116,184.5,16443,2719,CS,OC
11117,184.5,16445,3011,CS,BC
11118,184.5,16446,2764,EC,MBC
11119,184.5,16447,1211,CS,SC
11120,184.5,16448,4974,EC,MBC
11121,184.5,16449,2764,EC,MBC
11122,184.5,16450,2025,CS,SC
11123,184.5,16453,4962,CS,OC
11124,184.5,16454,2739,AD,BC
11125,184.5,16455,2025,EE,OC
11126,184.5,16456,2739,CS,MBC
11127,184.5,16457,2006,PR,BCM
11128,184.5,16458,3804,AD,OC
11129,184.5,16459,1211,AL,BC
11130,184.5,16460,1,ME,ST
11131,184.5,16461,2702,AD,OC
11132,184.5,16462,4974,EC,MBC
11133,184.5,16463,1113,CS,MBC
11134,184.5,16465,2702,CS,MBC
11135,184.5,16466,1432,EV,OC
11136,184.5,16467,1211,SC,BC
11137,184.5,16468,2710,IT,BC
11138,184.5,16471,2613,CS,OC
11139,184.5,16472,1113,IT,OC
11140,184.5,16475,1211,IT,MBC
11141,184.5,16476,2702,CS,MBC
11142,184.5,16478,2007,CM,SCA
11143,184.5,16480,2711,EC,OC
11144,184.5,16482,1304,CS,OC
11145,184.5,16483,1419,EC,OC
11146,184.5,16484,4974,EC,BC
11147,184.5,16487,1219,IT,MBC
11148,184.5,16488,1211,MZ,OC
11149,184.5,16489,2722,AD,OC
11150,184.5,16491,5901,EE,BC
11151,184.5,16492,2731,EC,BC
11152,184.5,16493,2722,AD,OC
11153,184.5,16494,2739,CB,OC
11154,184.5,16495,2751,AM,OC
11155,184.5,16496,2622,EC,OC
11156,184.5,16498,2710,IT,MBC
11157,184.5,16499,5008,MF,OC
11158,184.5,16500,4974,EC,BC
11159,184.5,16501,2711,CS,BC
11160,184.5,16504,1211,AL,MBC
11161,184.5,16505,2710,EV,OC
11162,184.5,16506,4,RP,OC
11163,184.5,16508,1419,EC,OC
11164,184.5,16509,2025,CS,SC
11165,184.5,16510,2722,IT,OC
11166,184.5,16513,5008,CN,OC
11167,184.5,16514,2636,EC,OC
11168,184.5,16518,2719,BM,OC
11169,184.5,16519,1219,EE,OC
11170,184.5,16520,5008,MF,OC
11171,184.5,16522,2715,CS,OC
11172,184.5,16523,2025,CS,MBC
11173,184.5,16524,1432,EC,BC
11174,184.5,16526,2711,CS,BC
11175,184.5,16527,1211,IT,MBC
11176,184.5,16528,1419,IT,OC
11177,184.5,16529,2718,CS,SC
11178,184.5,16532,3801,CS,OC
11179,184.5,16533,1419,EC,OC
11180,184.5,16535,2710,IT,BC
11181,184.5,16536,2722,CS,BC
11182,184.5,16537,1113,EC,OC
11183,184.5,16538,1,MN,MBC
11184,184.5,16539,1399,CS,SC
11185,184.5,16540,2007,EE,SC
11186,184.5,16542,1216,CS,BC
11187,184.5,16543,1211,EE,OC
11188,184.5,16544,2702,EC,OC
11189,184.5,16547,2712,AD,SC
11190,184.5,16548,1432,CS,MBC
11191,184.5,16549,4,PR,BC
11192,184.5,16550,1450,EC,BCM
11193,184.5,16551,2722,CS,BC
11194,184.5,16552,2603,CS,MBC
11195,184.5,16554,1432,EV,OC
11196,184.5,16555,1432,AD,BC
11197,184.5,16557,2711,CS,BC
11198,184.5,16558,2007,CH,BCM
11199,184.5,16559,2377,AD,SC
11200,184.5,16560,1013,CS,OC
11201,184.5,16562,1450,CS,BC
11202,184.5,16565,2722,IT,OC
11203,184.5,16566,2025,EC,OC
11204,184.5,16568,2712,AE,MBC
11205,184.5,16569,1113,IT,BC
11206,184.5,16571,2736,CS,OC
11207,184.5,16572,2618,CS,OC
11208,184.5,16574,1,MN,MBC
11209,184.5,16575,1304,CS,OC
11210,184.5,16577,2005,ME,BC
11211,184.5,16578,4960,EC,OC
11212,184.5,16579,1419,IT,OC
11213,184.5,16582,2006,ES,MBC
11214,184.5,16584,1211,BT,OC
11215,184.5,16585,1112,CS,OC
11216,184.5,16586,2377,ME,BCM
11217,184.5,16587,1211,IT,MBC
11218,184.5,16589,1450,EC,BC
11219,184.5,16590,2719,EC,OC
11220,184.5,16592,3829,AD,OC
11221,184.5,16593,1211,SC,BC
11222,184.5,16594,2718,EE,BC
11223,184.5,16595,2007,ME,MBC
11224,184.5,16597,1419,CS,MBC
11225,184.5,16598,1113,EC,OC
11226,184.5,16599,5986,CS,BC
11227,184.5,16600,2622,CS,OC
11228,184.5,16601,1,MN,MBC
11229,184.5,16602,2702,IT,OC
11230,184.5,16603,2718,EE,BC
11231,184.5,16604,1113,AD,BC
11232,184.5,16606,1399,ME,OC
11233,184.5,16609,2719,CS,OC
11234,184.5,16610,2722,CS,BC
11235,184.5,16612,2613,EC,OC
11236,184.5,16613,1432,AD,BC
11237,184.5,16616,2718,SC,BCM
11238,184.5,16617,2708,CS,OC
11239,184.5,16621,3830,EC,OC
11240,184.5,16624,2719,CS,OC
11241,184.5,16625,2702,IT,OC
11242,184.5,16626,2764,EC,BC
11243,184.5,16628,2708,IT,OC
11244,184.5,16630,4959,BT,OC
11245,184.5,16631,2702,AD,OC
11246,184.5,16632,1,MN,BC
11247,184.5,16633,5986,CS,BC
11248,184.5,16635,2718,CJ,MBC
11249,184.5,16636,1219,IT,MBC
11250,184.5,16637,2005,EE,SC
11251,184.5,16639,2710,IT,BC
11252,184.5,16640,2005,IB,OC
11253,184.5,16641,2736,CS,OC
11254,184.5,16645,2722,CS,MBC
11255,184.5,16647,1211,AL,BC
11256,184.5,16649,1211,AL,BC
11257,184.5,16658,2718,CJ,BC
11258,184.5,16659,5901,EE,BC
11259,184.5,16660,4670,CS,OC
11260,184.5,16661,1450,AD,BC
11261,184.5,16662,2377,CS,SC
11262,184.5,16663,1219,BT,OC
11263,184.5,16668,2710,EC,OC
11264,184.5,16670,1211,SC,BC
11265,184.5,16672,2711,EC,OC
11266,184.5,16673,1516,EC,OC
11267,184.5,16674,2711,CS,BC
11268,184.5,16675,1324,AM,OC
11269,184.5,16676,2718,EE,MBC
11270,184.5,16677,2702,AD,OC
11271,184.5,16678,2722,AD,OC
11272,184.5,16679,2764,EC,BC
11273,184.5,16682,1432,EC,BC
11274,184.5,16685,3011,CS,BC
11275,184.5,16686,2618,CS,OC
11276,184.5,16688,2722,CS,BC
11277,184.5,16689,2711,CS,BC
11278,184.5,16690,1317,CS,BC
11279,184.5,16691,3908,AD,OC
11280,184.5,16693,1324,CS,OC
11281,184.5,16694,2764,IT,BC
11282,184.5,16695,2739,SC,OC
11283,184.5,16696,1113,AD,MBC
11284,184.5,16697,2702,CS,BC
11285,184.5,16698,2702,IT,OC
11286,184.5,16699,2007,CE,OC
11287,184.5,16700,2764,EC,BC
11288,184.5,16701,2722,CS,BC
11289,184.5,16704,1216,CS,BC
11290,184.5,16707,2712,EI,BC
11291,184.5,16708,1432,CS,BC
11292,184.5,16710,2722,CS,BCM
11293,184.5,16711,2702,AD,OC
11294,184.5,16712,2711,CS,BC
11295,184.5,16713,2736,CS,OC
11296,184.5,16714,1216,CS,BC
11297,184.5,16715,4680,AD,OC
11298,184.5,16716,2739,AD,MBC
11299,184.5,16718,1014,IT,OC
11300,184.5,16719,2007,CE,OC
11301,184.5,16720,2710,EC,OC
11302,184.5,16724,2739,EC,BC
11303,184.5,16725,5901,CE,OC
11304,184.5,16727,1304,CS,OC
11305,184.5,16728,2702,CS,BCM
11306,184.5,16729,5,AM,OC
11307,184.5,16730,2740,AD,OC
11308,184.5,16732,1419,CS,MBC
11309,184.5,16733,4974,EC,MBC
11310,184.5,16735,2736,BM,OC
11311,184.5,16736,5008,CN,OC
11312,184.5,16741,4020,CS,OC
11313,184.5,16742,1219,EC,BCM
11314,184.5,16743,2615,MT,OC
11315,184.5,16744,1113,EC,OC
11316,184.5,16745,2,IS,MBC
11317,184.5,16746,1216,CS,BCM
11318,184.5,16747,1516,CS,MBC
11319,184.5,16748,1113,AD,BC
11320,184.5,16749,1211,IT,MBC
11321,184.5,16753,2722,AD,OC
11322,184.5,16754,1304,CS,OC
11323,184.5,16756,2722,CS,BC
11324,184.5,16758,4680,CS,OC
11325,184.5,16760,1211,CB,MBC
11326,184.5,16761,4974,EE,OC
11327,184.5,16762,1219,AD,MBC
11328,184.5,16763,2718,EE,BC
11329,184.5,16764,2702,IT,OC
11330,184.5,16765,2710,IT,BC
11331,184.5,16767,1113,CS,BC
11332,184.5,16768,4962,AD,OC
11333,184.5,16769,1315,CS,SCA
11334,184.5,16770,2702,CS,MBC
11335,184.5,16774,2739,AD,BC
11336,184.5,16777,1317,EC,OC
11337,184.5,16778,2718,CS,SC
11338,184.5,16779,5901,EE,MBC
11339,184.5,16780,2739,EE,OC
11340,184.5,16783,1113,CS,MBC
11341,184.5,16784,2653,CS,OC
11342,184.5,16785,2007,EE,SC
11343,184.5,16786,1113,CS,BC
11344,184.5,16788,2719,CS,BC
11345,184.5,16790,1317,AL,OC
11346,184.5,16791,1211,SC,MBC
11347,184.5,16792,2711,CS,BC
11348,184.5,16793,2006,MS,OC
11349,184.5,16795,2706,CS,OC
11350,184.5,16796,1120,EC,OC
11351,184.5,16797,1120,CS,OC
11352,184.5,16799,1432,EC,BCM
11353,184.5,16803,1219,IT,BCM
11354,184.5,16805,2710,EC,OC
11355,184.5,16806,2702,EC,OC
11356,184.5,16807,1113,AD,BC
11357,184.5,16808,5901,EE,BC
11358,184.5,16809,2764,IT,BC
11359,184.5,16813,2711,CS,BC
11360,184.5,16814,1419,CS,MBC
11361,184.5,16815,1437,CS,OC
11362,184.5,16817,4962,IT,OC
11363,184.5,16818,2739,EC,BC
11364,184.5,16819,2618,CS,OC
11365,184.5,16820,5008,EM,SC
11366,184.5,16821,2006,MS,OC
11367,184.5,16823,2739,AD,BC
11368,184.5,16824,2718,CB,MBC
11369,184.5,16825,2702,BT,OC
11370,184.5,16827,5910,CS,OC
11371,184.5,16829,5901,EE,BC
11372,184.5,16831,1211,CB,BC
11373,184.5,16832,5901,EE,BC
11374,184.5,16838,4960,AD,OC
11375,184.5,16840,1211,AL,BC
11376,184.5,16841,2711,EC,OC
11377,184.5,16842,2702,IT,OC
11378,184.5,16847,5910,EC,OC
11379,184.5,16848,2329,AD,OC
11380,184.5,16849,1504,CS,OC
11381,184.5,16850,2739,AD,BC
11382,184.5,16851,2702,CS,BC
11383,184.5,16853,1216,EC,OC
11384,184.5,16854,4670,AD,OC
11385,184.5,16855,2329,AD,OC
11386,184.5,16856,2740,AD,OC
11387,184.5,16859,1,PT,OC
11388,184.5,16860,2722,AD,OC
11389,184.5,16861,1422,CS,OC
11390,184.5,16865,1399,ME,OC
11391,184.5,16867,1226,AD,OC
11392,184.5,16870,2006,ES,MBC
11393,184.5,16872,1432,AM,OC
11394,184.5,16873,1211,EE,OC
11395,184.5,16874,1113,EC,OC
11396,184.5,16877,1113,CS,BC
11397,184.5,16878,2618,CS,OC
11398,184.5,16879,5986,CS,BC
11399,184.5,16881,2622,IT,OC
11400,184.5,16882,5901,EE,BC
11401,184.5,16883,2007,MF,OC
11402,184.5,16884,1432,AD,BC
11403,184.5,16885,2622,CS,OC
11404,184.5,16887,1113,EC,MBC
11405,184.5,16888,2702,IT,OC
11406,184.5,16890,1113,AD,BC
11407,184.5,16891,1216,AD,OC
11408,184.5,16892,2702,AD,OC
11409,184.5,16894,1432,AD,BC
11410,184.5,16895,5901,EE,BC
11411,184.5,16896,1419,IT,OC
11412,184.5,16897,2711,CH,OC
11413,184.5,16899,2006,CN,BC
11414,184.5,16900,1211,AL,BC
11415,184.5,16901,1432,CS,MBC
11416,184.5,16902,1399,BM,BC
11417,184.5,16903,1419,EC,OC
11418,184.5,16906,5986,CS,BCM
11419,184.5,16908,1432,EC,BC
11420,184.5,16913,1113,CS,BC
11421,184.5,16915,2739,EC,BC
11422,184.5,16916,2005,CE,OC
11423,184.5,16919,1211,AL,BC
11424,184.5,16920,1113,CS,SC
11425,184.5,16921,1211,AL,MBC
11426,184.5,16922,2711,CS,MBC
11427,184.5,16923,1113,CB,OC
11428,184.5,16926,2739,CS,MBC
11429,184.5,16927,1432,AD,BC
11430,184.5,16928,2736,SC,OC
11431,184.5,16929,2006,CN,BC
11432,184.5,16930,1114,AD,OC
11433,184.5,16931,4962,CS,OC
11434,184.5,16932,2736,CS,OC
11435,184.5,16933,1216,AD,OC
11436,184.5,16934,1432,AD,BC
11437,184.5,16936,2025,EC,OC
11438,184.5,16937,2739,AM,MBC
11439,184.5,16940,2006,PR,BC
11440,184.5,16941,2025,CS,BC
11441,184.5,16942,2764,EE,OC
11442,184.5,16943,2710,IT,MBC
11443,184.5,16945,2710,IT,BC
11444,184.5,16946,5008,CM,SC
11445,184.5,16947,2357,EC,OC
11446,184.5,16948,1304,CS,OC
11447,184.5,16949,1211,SC,BC
11448,184.5,16950,2608,EV,OC
11449,184.5,16953,1432,AD,BC
11450,184.5,16954,1450,CS,MBC
11451,184.5,16956,1219,ME,OC
11452,184.5,16957,2702,AD,OC
11453,184.5,16960,2739,SC,OC
11454,184.5,16963,1304,CS,OC
11455,184.5,16964,2006,BS,MBC
11456,184.5,16966,2007,EE,SC
11457,184.5,16967,4974,EC,MBC
11458,184.5,16969,2710,EC,OC
11459,184.5,16971,2751,AD,OC
11460,184.5,16972,2710,IT,BC
11461,184.5,16974,1304,AD,OC
11462,184.5,16978,2739,AD,BC
11463,184.5,16980,1211,EE,OC
11464,184.5,16983,1450,EC,BC
11465,184.5,16985,2377,EE,SC
11466,184.5,16988,2764,IT,BC
11467,184.5,16992,1,XM,BC
11468,184.5,16993,1432,EC,BC
11469,184.5,16994,2739,CS,MBC
11470,184.5,16997,2007,EE,SC
11471,184.5,16998,1113,AD,MBC
11472,184.5,17001,1399,MZ,BCM
11473,184.5,17002,5008,MF,OC
11474,184.5,17005,1211,IT,MBC
11475,184.5,17007,1211,EC,BCM
11476,184.5,17010,1432,CS,BC
11477,184.5,17011,5910,EC,OC
11478,184.5,17018,4962,CS,OC
11479,184.5,17020,5008,MF,OC
11480,184.5,17021,2710,ME,OC
11481,184.5,17022,5901,ME,OC
11482,184.5,17023,2608,EC,OC
11483,184.5,17024,2,CH,SC
11484,184.5,17025,2718,CB,MBC
11485,184.5,17028,1211,EE,OC
11486,184.5,17031,1432,CS,MBC
11487,184.5,17033,1113,CS,MBC
11488,184.5,17034,2739,CB,OC
11489,184.5,17035,2,FS,SC
11490,184.5,17038,2712,BT,BC
11491,184.5,17039,2739,EC,BC
11492,184.5,17041,2739,EC,BC
11493,184.5,17046,1113,EC,BC
11494,184.5,17049,1113,EC,BC
11495,184.5,17054,2006,ES,MBC
11496,184.5,17055,2702,CS,BC
11497,184.5,17057,4974,EC,MBC
11498,184.5,17058,1219,IT,MBC
11499,184.5,17059,1399,CS,SC
11500,184.5,17061,2764,CS,MBC
11501,184.5,17062,1432,AD,BC
11502,184.5,17063,2711,CS,MBC
11503,184.5,17065,1432,CO,OC
11504,184.5,17066,2005,CE,OC
11505,184.5,17070,2025,EE,OC
11506,184.5,17071,2739,CS,MBC
11507,184.5,17072,1211,CS,SC
11508,184.5,17073,2329,AM,OC
11509,184.5,17074,1419,EC,OC
11510,184.5,17078,2603,CS,MBC
11511,184.5,17079,2712,ME,OC
11512,184.5,17084,2739,AD,BC
11513,184.5,17085,1304,SC,OC
11514,184.5,17086,1,MN,BC
11515,184.5,17093,2710,IT,MBC
11516,184.5,17094,1315,EE,SC
11517,184.5,17098,5901,EE,BC
11518,184.5,17099,2603,EC,OC
11519,184.5,17101,2764,ME,OC
11520,184.5,17103,2722,EC,OC
11521,184.5,17104,2377,CE,OC
11522,184.5,17105,1211,EC,SC
11523,184.5,17106,1113,CS,MBC
11524,184.5,17109,1013,EC,OC
11525,184.5,17112,2711,CS,BC
11526,184.5,17113,2712,AE,MBC
11527,184.5,17118,2711,CS,BC
11528,184.5,17120,1432,AM,OC
11529,184.5,17121,1432,AD,BC
11530,184.5,17123,1219,IT,MBC
11531,184.5,17124,2708,CS,OC
11532,184.5,17127,1432,CS,BC
11533,184.3,17133,1211,CB,BC
11534,184.2,17134,1399,CE,OC
11535,184.2,17135,2603,CS,MBC
11536,184.2,17137,2726,IT,OC
11537,184.1,17138,1432,CS,MBC
11538,184.1,17139,1216,CS,BC
11539,184.1,17140,2711,CS,BC
11540,184.1,17141,2739,IT,MBC
11541,184.0,17142,1399,ME,OC
11542,184.0,17146,1219,EC,MBC
11543,184.0,17147,2005,ME,BC
11544,184.0,17149,1516,CS,MBC
11545,184.0,17152,2710,EC,OC
11546,184.0,17153,4023,CS,OC
11547,184.0,17154,2740,IT,OC
11548,184.0,17155,2618,EC,OC
11549,184.0,17156,2006,CN,BC
11550,184.0,17157,1450,AD,MBC
11551,184.0,17158,2708,IT,OC
11552,184.0,17159,2702,IT,OC
11553,184.0,17160,1419,CS,MBC
11554,184.0,17161,3831,AD,OC
11555,184.0,17163,2007,CL,BC
11556,184.0,17164,2718,EE,MBC
11557,184.0,17165,1317,CS,BC
11558,184.0,17166,2006,BS,MBC
11559,184.0,17168,2702,EC,OC
11560,184.0,17170,2711,CS,MBC
11561,184.0,17171,3011,CS,BC
11562,184.0,17172,2710,IT,BC
11563,184.0,17173,4966,AD,OC
11564,184.0,17174,4971,AD,OC
11565,184.0,17175,3465,CS,BC
11566,184.0,17176,2702,CS,BC
11567,184.0,17177,1211,EC,BCM
11568,184.0,17178,2739,AD,BC
11569,184.0,17179,1317,CS,BC
11570,184.0,17181,1219,EC,MBC
11571,184.0,17182,5008,ME,MBC
11572,184.0,17183,1,XC,MBC
11573,184.0,17184,2729,AD,OC
11574,184.0,17185,2711,IT,OC
11575,184.0,17186,1432,CS,BC
11576,184.0,17187,2710,ME,OC
11577,184.0,17188,1,BY,SC
11578,184.0,17190,5008,EM,SC
11579,184.0,17191,2706,AD,OC
11580,184.0,17193,1432,AD,BC
11581,184.0,17194,5008,CE,MBC
11582,184.0,17196,4954,CS,OC
11583,184.0,17197,1399,CS,SC
11584,184.0,17198,2007,MF,BC
11585,184.0,17199,2718,CD,MBC
11586,184.0,17200,2723,AD,OC
11587,184.0,17201,1211,AE,OC
11588,184.0,17203,1432,CO,OC
11589,184.0,17204,1210,CS,OC
11590,184.0,17207,1211,EE,OC
11591,184.0,17208,1,MI,SC
11592,184.0,17209,2622,AD,OC
11593,184.0,17210,5986,EC,OC
11594,184.0,17211,2736,CS,OC
11595,184.0,17212,1419,CS,MBC
11596,184.0,17214,3465,CS,BC
11597,184.0,17216,1419,CS,BC
11598,184.0,17217,2722,CS,MBC
11599,184.0,17219,2,FS,BC
11600,184.0,17220,1211,AL,MBC
11601,184.0,17221,1419,EC,OC
11602,184.0,17222,2603,CS,BCM
11603,184.0,17224,4960,AD,OC
11604,184.0,17225,1432,EC,BC
11605,184.0,17226,1304,EC,OC
11606,184.0,17227,1516,CS,BC
11607,184.0,17228,1432,EC,BC
11608,184.0,17229,2615,ME,OC
11609,184.0,17230,1226,CS,OC
11610,184.0,17233,2735,AD,OC
11611,184.0,17234,2712,MZ,BC
11612,184.0,17235,1432,CS,MBC
11613,184.0,17237,1211,AE,OC
11614,184.0,17239,2611,IT,OC
11615,184.0,17241,1432,AM,BC
11616,184.0,17244,1216,AD,OC
11617,184.0,17245,2702,IT,OC
11618,184.0,17246,2702,CS,BC
11619,184.0,17247,4974,EC,BC
11620,184.0,17250,1317,CS,BC
11621,184.0,17251,3817,CS,OC
11622,184.0,17253,2603,EC,OC
11623,184.0,17254,2710,EC,OC
11624,184.0,17255,1211,IT,MBC
11625,184.0,17256,4962,CS,OC
11626,184.0,17257,1304,CS,OC
11627,184.0,17258,1211,IT,MBC
11628,184.0,17259,2702,MZ,OC
11629,184.0,17261,1216,AD,OC
11630,184.0,17262,5986,CS,BC
11631,184.0,17263,1113,IT,MBC
11632,184.0,17264,2722,AD,OC
11633,184.0,17266,5008,EM,SC
11634,184.0,17268,2739,AD,MBC
11635,184.0,17269,1317,CS,MBC
11636,184.0,17270,2718,CJ,BC
11637,184.0,17271,1419,ME,OC
11638,184.0,17272,5986,AD,OC
11639,184.0,17274,2718,EE,BCM
11640,184.0,17276,2722,CS,BC
11641,184.0,17277,2710,IT,MBC
11642,184.0,17279,2025,AD,BC
11643,184.0,17280,1211,AL,MBC
11644,184.0,17281,2710,AD,SC
11645,184.0,17282,2618,CS,OC
11646,184.0,17283,1317,CS,BC
11647,184.0,17284,2722,IT,OC
11648,184.0,17285,1113,EC,BC
11649,184.0,17288,2702,AD,OC
11650,184.0,17289,2603,CS,MBC
11651,184.0,17290,2006,IM,ST
11652,184.0,17291,1149,EC,OC
11653,184.0,17292,1399,ME,OC
11654,184.0,17293,2653,CS,OC
11655,184.0,17296,1422,AD,OC
11656,184.0,17297,2710,IT,BC
11657,184.0,17298,3011,EC,OC
11658,184.0,17299,2702,EC,OC
11659,184.0,17300,1211,AL,BC
11660,184.0,17301,2007,CE,BC
11661,184.0,17302,2622,IT,OC
11662,184.0,17303,1,PT,BC
11663,184.0,17304,5986,EC,OC
11664,184.0,17306,2007,ME,MBC
11665,184.0,17307,2739,AM,BC
11666,184.0,17308,5008,MF,BC
11667,184.0,17309,2764,IT,BC
11668,184.0,17310,5910,CS,OC
11669,184.0,17311,2739,SC,OC
11670,184.0,17312,1113,CS,BC
11671,184.0,17313,1324,CS,OC
11672,184.0,17315,2603,EC,OC
11673,184.0,17316,2722,AD,OC
11674,184.0,17320,1211,EC,MBC
11675,184.0,17321,2712,CS,SC
11676,184.0,17322,2005,EE,SC
11677,184.0,17324,2764,IT,BC
11678,184.0,17329,2712,AE,BC
11679,184.0,17331,2764,CS,BCM
11680,184.0,17332,2764,AD,MBC
11681,184.0,17333,2735,AD,OC
11682,184.0,17335,2711,AD,OC
11683,184.0,17336,2,PP,MBC
11684,184.0,17337,1113,EC,BC
11685,184.0,17338,2615,EC,SC
11686,184.0,17339,1211,BT,OC
11687,184.0,17340,1211,CB,BC
11688,184.0,17341,1432,AD,BC
11689,184.0,17342,5910,CS,OC
11690,184.0,17343,2722,CS,BC
11691,184.0,17344,1211,AL,BC
11692,184.0,17346,3819,CS,OC
11693,184.0,17347,2709,CS,MBC
11694,184.0,17350,2377,IC,MBC
11695,184.0,17351,1113,EC,BC
11696,184.0,17353,2709,EC,OC
11697,184.0,17354,2622,AD,OC
11698,184.0,17357,1211,CB,BCM
11699,184.0,17358,2739,EC,BC
11700,184.0,17359,5910,CS,OC
11701,184.0,17360,4962,CS,OC
11702,184.0,17362,2005,CE,OC
11703,184.0,17363,1211,AL,BC
11704,184.0,17364,2722,IT,OC
11705,184.0,17365,4680,EC,OC
11706,184.0,17366,2704,IT,OC
11707,184.0,17368,1412,CS,OC
11708,184.0,17369,1120,AD,OC
11709,184.0,17370,5008,MG,MBC
11710,184.0,17372,2722,EC,OC
11711,184.0,17373,5008,CE,BC
11712,184.0,17375,3011,EE,OC
11713,184.0,17377,2025,CS,MBC
11714,184.0,17380,2702,IT,OC
11715,184.0,17381,4,AU,SC
11716,184.0,17382,2722,CS,BCM
11717,184.0,17384,4974,CS,SC
11718,184.0,17386,2622,CS,OC
11719,184.0,17390,2764,IT,BC
11720,184.0,17391,1399,AD,SC
11721,184.0,17395,2005,IB,OC
11722,184.0,17396,1219,CH,OC
11723,184.0,17397,2702,AD,OC
11724,184.0,17398,2711,IT,OC
11725,184.0,17400,2007,CH,MBC
11726,184.0,17401,2615,ME,OC
11727,184.0,17402,1419,IT,OC
11728,184.0,17403,2702,IT,OC
11729,184.0,17404,3464,CS,OC
11730,184.0,17406,1432,AD,BC
11731,184.0,17407,1304,CS,OC
11732,184.0,17408,2722,CS,BC
11733,184.0,17410,5910,CS,OC
11734,184.0,17411,3843,AD,OC
11735,184.0,17414,1450,IT,BCM
11736,184.0,17415,1210,AD,OC
11737,184.0,17416,1216,IT,OC
11738,184.0,17417,2764,IT,BC
11739,184.0,17418,1317,EC,OC
11740,184.0,17419,1419,EE,OC
11741,184.0,17424,1211,AL,BC
11742,184.0,17425,2618,CS,OC
11743,184.0,17430,2702,AD,OC
11744,184.0,17432,1399,ME,MBC
11745,184.0,17433,1211,MZ,OC
11746,184.0,17436,2750,EC,OC
11747,184.0,17438,2739,SC,BC
11748,184.0,17439,2710,IT,BC
11749,184.0,17440,2740,IT,OC
11750,184.0,17441,2710,EC,OC
11751,184.0,17442,2005,CE,OC
11752,184.0,17443,2735,AD,BC
11753,184.0,17445,2751,EC,OC
11754,184.0,17446,2712,MZ,BC
11755,184.0,17447,2007,ME,MBC
11756,184.0,17448,2749,AD,OC
11757,184.0,17449,2005,CE,OC
11758,184.0,17450,3826,AD,OC
11759,184.0,17451,2702,IT,OC
11760,184.0,17454,1304,CS,OC
11761,184.0,17455,1113,IT,BC
11762,184.0,17456,4864,CS,OC
11763,184.0,17460,1211,RM,OC
11764,184.0,17461,3011,ME,OC
11765,184.0,17464,2735,EC,OC
11766,184.0,17466,2712,MZ,BC
11767,184.0,17467,2615,EC,SC
11768,184.0,17471,2007,ME,MBC
11769,184.0,17472,2006,MS,OC
11770,184.0,17473,2025,CS,BC
11771,184.0,17474,1219,EE,OC
11772,184.0,17475,2764,IT,BC
11773,184.0,17477,1211,AL,BC
11774,184.0,17478,1219,EC,MBC
11775,184.0,17479,2702,EC,MBC
11776,184.0,17482,1450,AD,BC
11777,184.0,17483,2722,AD,OC
11778,184.0,17484,2731,AD,OC
11779,184.0,17485,2711,EE,OC
11780,184.0,17486,3011,CS,MBC
11781,184.0,17487,4974,EC,BC
11782,184.0,17488,1432,AD,BC
11783,184.0,17489,1219,IT,MBC
11784,184.0,17490,1216,AD,OC
11785,184.0,17491,2764,IT,BC
11786,184.0,17492,2722,CS,BC
11787,184.0,17493,1225,EC,OC
11788,184.0,17496,1211,EE,OC
11789,184.0,17497,2005,ME,BC
11790,184.0,17499,2006,PN,OC
11791,184.0,17500,1211,EC,BCM
11792,184.0,17501,2722,AD,OC
11793,184.0,17502,2006,PN,OC
11794,184.0,17503,2764,IT,BC
11795,184.0,17505,2711,AD,OC
11796,184.0,17506,2702,CS,BCM
11797,184.0,17507,2764,IT,BC
11798,184.0,17508,2722,EC,OC
11799,184.0,17509,1432,EC,MBC
11800,184.0,17510,1113,EC,BC
11801,184.0,17512,2736,EC,OC
11802,184.0,17513,1219,IT,MBC
11803,184.0,17515,2702,IT,OC
11804,184.0,17516,1304,CS,OC
11805,184.0,17517,1216,IT,OC
11806,184.0,17519,3464,CS,OC
11807,184.0,17521,2702,CS,MBC
11808,184.0,17522,1317,CS,MBC
11809,184.0,17523,2006,PR,BC
11810,184.0,17526,1432,AD,BC
11811,184.0,17527,5907,IT,OC
11812,184.0,17528,2710,CS,MBC
11813,184.0,17529,2603,CS,BC
11814,184.0,17530,2005,CE,OC
11815,184.0,17532,2764,IT,BC
11816,184.0,17534,1013,CS,OC
11817,184.0,17536,2764,BM,OC
11818,184.0,17537,2750,AD,OC
11819,184.0,17538,5008,CE,BCM
11820,184.0,17539,1113,EC,BC
11821,184.0,17540,2710,SC,OC
11822,184.0,17542,2731,AD,OC
11823,184.0,17543,2603,CS,MBC
11824,184.0,17544,1113,AD,BC
11825,184.0,17545,1304,CS,OC
11826,184.0,17546,2369,CS,OC
11827,184.0,17547,2719,CS,BCM
11828,184.0,17549,2702,EC,BC
11829,184.0,17550,1210,AD,OC
11830,184.0,17551,2722,CS,BCM
11831,184.0,17553,2007,ME,MBC
11832,184.0,17554,2702,AD,OC
11833,184.0,17555,4974,EC,BC
11834,184.0,17556,1211,IT,MBC
11835,184.0,17557,2722,SC,OC
11836,184.0,17558,2702,AD,OC
11837,184.0,17559,1304,CS,OC
11838,184.0,17562,1317,CS,BC
11839,184.0,17563,1112,CS,OC
11840,184.0,17567,1516,CS,BC
11841,184.0,17568,2739,CO,OC
11842,184.0,17569,1113,IT,BC
11843,184.0,17571,1216,IT,OC
11844,184.0,17572,2710,EC,OC
11845,184.0,17573,2706,EC,OC
11846,184.0,17578,2653,EC,OC
11847,184.0,17579,1013,CS,OC
11848,184.0,17581,5842,CS,OC
11849,184.0,17583,2702,EC,BC
11850,184.0,17584,2711,AD,OC
11851,184.0,17585,1219,EE,OC
11852,184.0,17586,2702,EC,BC
11853,184.0,17587,2764,CS,MBC
11854,184.0,17589,5008,CE,BC
11855,184.0,17591,1317,IT,OC
11856,184.0,17592,2739,CS,MBC
11857,184.0,17593,2622,IT,OC
11858,184.0,17594,2007,MF,BC
11859,184.0,17595,2722,AD,OC
11860,184.0,17597,5010,EC,OC
11861,184.0,17599,5901,EE,BC
11862,184.0,17600,2722,AD,OC
11863,184.0,17601,1219,IT,BCM
11864,184.0,17602,2702,IT,BC
11865,184.0,17603,2711,IT,OC
11866,184.0,17604,3795,CS,OC
11867,184.0,17607,1315,EE,SC
11868,184.0,17608,2764,AM,MBC
11869,184.0,17609,1399,EC,SC
11870,184.0,17611,1211,EE,OC
11871,184.0,17613,2702,IT,BC
11872,184.0,17614,1219,EE,OC
11873,184.0,17615,1399,ME,BC
11874,184.0,17618,2,TX,OC
11875,184.0,17619,1,MN,BC
11876,184.0,17620,1419,CS,BC
11877,184.0,17621,3803,CS,OC
11878,184.0,17622,2,PP,BC
11879,184.0,17623,2719,CS,BC
11880,184.0,17624,1516,EC,OC
11881,184.0,17625,1315,CS,SCA
11882,184.0,17627,2711,CS,BC
11883,184.0,17628,2702,BT,OC
11884,184.0,17629,1432,EV,OC
11885,184.0,17630,1516,CS,BC
11886,184.0,17632,5986,CS,BC
11887,184.0,17635,1399,CS,SC
11888,184.0,17636,1304,CS,OC
11889,184.0,17637,2722,IT,OC
11890,184.0,17638,2702,CS,BC
11891,184.0,17639,5986,CS,BC
11892,184.0,17643,2006,PR,MBC
11893,184.0,17644,2739,EC,BC
11894,184.0,17646,1211,IT,MBC
11895,184.0,17651,1211,AL,BC
11896,184.0,17654,1113,EC,BC
11897,184.0,17655,2712,EI,MBC
11898,184.0,17656,2722,CS,BC
11899,184.0,17657,4974,EC,MBC
11900,184.0,17659,4960,EC,OC
11901,184.0,17660,1211,AL,BC
11902,184.0,17662,1015,CS,OC
11903,184.0,17663,2710,IT,MBC
11904,184.0,17664,2702,CS,BC
11905,184.0,17665,2722,AD,OC
11906,184.0,17669,2739,CS,BCM
11907,184.0,17671,1516,EC,OC
11908,184.0,17672,2,PM,BC
11909,184.0,17674,1399,CS,SC
11910,184.0,17675,1211,CH,OC
11911,184.0,17676,5008,MF,BC
11912,184.0,17677,2025,AD,BC
11913,184.0,17678,2722,EC,OC
11914,184.0,17679,1399,EC,SC
11915,184.0,17680,1432,AD,BC
11916,184.0,17682,1432,CS,MBC
11917,184.0,17685,2706,IT,OC
11918,184.0,17693,4960,EC,OC
11919,184.0,17694,1399,CE,OC
11920,184.0,17696,4934,AD,OC
11921,184.0,17697,2711,AD,OC
11922,184.0,17698,2005,ME,BC
11923,184.0,17698,1450,AD,BC
11924,184.0,17700,1399,ME,BC
11925,184.0,17702,1315,CE,MBC
11926,184.0,17703,1419,CS,BC
11927,184.0,17706,2702,EC,BC
11928,184.0,17708,1,MN,BC
11929,184.0,17710,2722,EC,OC
11930,184.0,17712,1450,IT,BC
11931,184.0,17713,2710,EC,OC
11932,184.0,17714,2718,MZ,OC
11933,184.0,17715,1432,AD,MBC
11934,184.0,17716,1211,AL,BC
11935,184.0,17719,2702,EC,BC
11936,184.0,17721,2710,EE,OC
11937,184.0,17722,1317,CS,BC
11938,184.0,17726,2615,ME,OC
11939,184.0,17727,2709,IT,MBC
11940,184.0,17728,2740,IT,OC
11941,184.0,17729,2708,IT,OC
11942,184.0,17730,1432,CS,MBC
11943,184.0,17731,1219,IT,MBC
11944,184.0,17732,1419,CS,BC
11945,184.0,17736,2702,EC,BC
11946,184.0,17737,2005,CE,OC
11947,184.0,17739,2709,EE,OC
11948,184.0,17741,2722,CS,BC
11949,184.0,17742,1419,EC,OC
11950,184.0,17745,4957,CS,OC
11951,184.0,17749,1412,CB,OC
11952,184.0,17750,2702,CS,BC
11953,184.0,17752,2722,SC,OC
11954,184.0,17753,1211,IT,MBC
11955,184.0,17755,4,PR,MBC
11956,184.0,17756,2702,IT,BC
11957,184.0,17757,1419,CS,BC
11958,184.0,17759,2722,AD,OC
11959,184.0,17761,3011,CS,BC
11960,184.0,17763,1450,AD,MBC
11961,184.0,17766,1304,CS,OC
11962,184.0,17767,1112,EC,OC
11963,184.0,17768,2739,AD,MBC
11964,184.0,17770,2702,CS,BC
11965,184.0,17772,1304,CS,OC
11966,184.0,17774,2727,EC,OC
11967,184.0,17775,2739,EC,BC
11968,184.0,17776,2710,IT,MBC
11969,184.0,17781,1304,CS,OC
11970,184.0,17782,2603,EC,OC
11971,184.0,17783,1432,EV,OC
11972,184.0,17784,2653,AD,OC
11973,184.0,17785,1324,CS,OC
11974,184.0,17787,1315,EE,SC
11975,184.0,17789,4974,EC,MBC
11976,184.0,17790,2702,EC,BC
11977,184.0,17793,1504,IT,OC
11978,184.0,17795,1113,EC,BC
11979,184.0,17797,1113,EV,OC
11980,184.0,17798,2751,AD,OC
11981,184.0,17802,1304,CS,OC
11982,184.0,17804,1419,EC,OC
11983,184.0,17805,1,PT,MBC
11984,184.0,17807,1237,CS,OC
11985,184.0,17808,4678,AD,OC
11986,184.0,17810,2702,CB,OC
11987,184.0,17811,2702,IT,BC
11988,184.0,17813,1,MN,BC
11989,184.0,17814,1419,IT,OC
11990,184.0,17815,2007,CN,OC
11991,184.0,17816,2005,PR,OC
11992,184.0,17817,2722,EC,OC
11993,184.0,17818,4,RP,OC
11994,184.0,17822,1419,EC,OC
11995,184.0,17823,2377,ME,MBC
11996,184.0,17825,2722,IT,OC
11997,184.0,17826,1211,AL,BC
11998,184.0,17829,1432,EV,OC
11999,184.0,17832,1,XC,MBC
12000,184.0,17836,2006,PR,BC
12001,184.0,17837,2764,EC,MBC
12002,184.0,17838,1,GI,SC
12003,184.0,17839,1399,ME,MBC
12004,184.0,17840,1216,CS,BC
12005,184.0,17841,2722,EC,OC
12006,184.0,17842,5986,EC,OC
12007,184.0,17844,2750,AD,OC
12008,184.0,17845,1211,AD,MBC
12009,184.0,17846,4962,CS,BC
12010,184.0,17847,1432,CS,MBC
12011,184.0,17848,2711,EC,OC
12012,184.0,17850,2722,IT,OC
12013,184.0,17851,1399,ME,BC
12014,184.0,17852,2007,CE,BC
12015,184.0,17853,2613,BM,OC
12016,184.0,17855,1211,EC,BCM
12017,184.0,17856,2764,EE,OC
12018,184.0,17857,1211,IT,MBC
12019,184.0,17858,2722,CS,MBC
12020,184.0,17860,1399,ME,MBC
12021,184.0,17863,4960,CS,BC
12022,184.0,17864,2702,AD,OC
12023,184.0,17865,4,PR,BC
12024,184.0,17866,1211,CD,OC
12025,184.0,17867,4960,CS,BC
12026,184.0,17868,3464,CS,OC
12027,184.0,17870,2750,CS,OC
12028,184.0,17871,2005,EE,SC
12029,184.0,17872,1304,CS,OC
12030,184.0,17873,1419,IT,OC
12031,184.0,17887,1219,BT,OC
12032,184.0,17889,4,PR,MBC
12033,184.0,17891,2377,CE,OC
12034,184.0,17892,2739,AM,BC
12035,184.0,17893,2,PP,BC
12036,184.0,17894,2712,BT,BC
12037,184.0,17896,2005,CE,OC
12038,184.0,17897,2007,CN,OC
12039,184.0,17898,2603,EC,OC
12040,184.0,17900,2603,CS,BC
12041,184.0,17902,1219,EE,OC
12042,184.0,17903,2702,CS,MBC
12043,184.0,17905,1112,CS,OC
12044,184.0,17906,1303,CS,OC
12045,184.0,17908,2,PM,MBC
12046,184.0,17910,1211,EC,MBC
12047,184.0,17912,2750,AD,OC
12048,184.0,17913,2618,CS,OC
12049,184.0,17914,4962,EC,OC
12050,184.0,17916,1432,EV,OC
12051,184.0,17917,5910,AD,OC
12052,184.0,17918,1432,AD,BC
12053,184.0,17919,2711,IT,OC
12054,184.0,17920,5901,CE,OC
12055,184.0,17922,1304,CS,OC
12056,184.0,17928,2005,ME,BCM
12057,184.0,17930,1516,CS,BC
12058,183.9,17932,2329,AD,OC
12059,183.9,17933,2735,AD,BC
12060,183.8,17937,2734,SB,OC
12061,183.7,17941,2618,CS,OC
12062,183.6,17942,2734,EC,OC
12063,183.5,17944,2702,EC,BC
12064,183.5,17945,2718,CJ,BC
12065,183.5,17946,1112,CS,OC
12066,183.5,17947,1317,CS,BC
12067,183.5,17948,2722,IT,OC
12068,183.5,17949,3826,IT,OC
12069,183.5,17950,5008,CM,SC
12070,183.5,17952,3410,IT,OC
12071,183.5,17954,1424,EC,OC
12072,183.5,17956,2702,IT,MBC
12073,183.5,17957,4974,EE,OC
12074,183.5,17958,2722,CS,MBC
12075,183.5,17959,2710,IT,MBC
12076,183.5,17960,2735,AD,MBC
12077,183.5,17961,1432,AD,MBC
12078,183.5,17962,1113,CS,MBC
12079,183.5,17963,2656,AD,OC
12080,183.5,17964,2722,CS,MBC
12081,183.5,17968,2722,AM,OC
12082,183.5,17970,2710,IT,MBC
12083,183.5,17971,2736,CS,OC
12084,183.5,17972,2710,SC,BC
12085,183.5,17973,4974,EC,BC
12086,183.5,17974,2718,CJ,BC
12087,183.5,17975,2735,AD,BC
12088,183.5,17977,2722,AD,BC
12089,183.5,17978,1113,EC,BC
12090,183.5,17979,2711,IT,OC
12091,183.5,17982,2706,AD,OC
12092,183.5,17984,2622,CS,OC
12093,183.5,17986,4,PR,MBC
12094,183.5,17989,1399,IT,SC
12095,183.5,17990,1210,AD,OC
12096,183.5,17991,1324,CS,OC
12097,183.5,17992,5910,EC,OC
12098,183.5,17993,2702,AD,OC
12099,183.5,17995,2025,CS,MBC
12100,183.5,17996,2702,IT,BC
12101,183.5,17997,4962,EC,OC
12102,183.5,17999,2708,IT,OC
12103,183.5,18000,4962,EC,OC
12104,183.5,18001,3011,CS,BCM
12105,183.5,18002,1211,IT,MBC
12106,183.5,18003,1432,AM,BCM
12107,183.5,18005,1432,AD,BC
12108,183.5,18006,2615,CE,OC
12109,183.5,18007,2357,CS,OC
12110,183.5,18008,2702,EC,MBC
12111,183.5,18009,4974,EC,BC
12112,183.5,18011,5008,CN,OC
12113,183.5,18012,2718,CJ,BC
12114,183.5,18013,1419,EI,OC
12115,183.5,18014,1432,BT,OC
12116,183.5,18015,2357,CS,OC
12117,183.5,18017,2706,AD,OC
12118,183.5,18018,4,PR,MBC
12119,183.5,18019,1399,ME,BCM
12120,183.5,18020,2005,IB,OC
12121,183.5,18021,2706,EC,OC
12122,183.5,18022,2618,AD,OC
12123,183.5,18023,2711,CS,MBC
12124,183.5,18024,2711,IT,OC
12125,183.5,18025,2007,MF,BC
12126,183.5,18026,2710,IT,MBC
12127,183.5,18028,2722,EC,OC
12128,183.5,18029,1432,EC,MBC
12129,183.5,18030,2751,IT,OC
12130,183.5,18031,2702,CB,OC
12131,183.5,18033,2611,IT,OC
12132,183.5,18035,1216,CS,BC
12133,183.5,18037,2722,AD,BC
12134,183.5,18038,2736,SC,OC
12135,183.5,18039,5008,IM,SC
12136,183.5,18040,5901,EE,MBC
12137,183.5,18041,2764,AD,MBC
12138,183.5,18042,4981,IT,OC
12139,183.5,18043,2007,MF,MBC
12140,183.5,18045,2005,CE,OC
12141,183.5,18046,2740,AD,OC
12142,183.5,18047,5986,CS,BC
12143,183.5,18048,2739,CO,OC
12144,183.5,18049,2711,AD,OC
12145,183.5,18051,2005,EE,SC
12146,183.5,18052,3829,IT,OC
12147,183.5,18053,1211,AL,BC
12148,183.5,18054,2709,IT,BC
12149,183.5,18056,1216,CS,MBC
12150,183.5,18057,1304,AM,OC
12151,183.5,18058,2739,CO,OC
12152,183.5,18059,3011,IT,OC
12153,183.5,18060,2702,IT,BC
12154,183.5,18061,1516,CS,MBC
12155,183.5,18063,3,BP,BC
12156,183.5,18065,1216,CS,BCM
12157,183.5,18066,1419,EC,OC
12158,183.5,18067,1432,AD,SC
12159,183.5,18068,1211,AL,BC
12160,183.5,18070,2711,EC,OC
12161,183.5,18071,1419,CS,MBC
12162,183.5,18072,2618,EC,OC
12163,183.5,18074,2722,CS,MBC
12164,183.5,18076,1432,AD,BC
12165,183.5,18078,1304,SC,OC
12166,183.5,18080,2764,AD,MBC
12167,183.5,18081,2702,IT,BC
12168,183.5,18082,2006,IY,SC
12169,183.5,18084,4974,EE,OC
12170,183.5,18086,2739,CB,OC
12171,183.5,18087,4960,CS,BC
12172,183.5,18088,2706,EC,OC
12173,183.5,18089,2711,CS,BC
12174,183.5,18091,4965,CS,OC
12175,183.5,18092,2025,CS,SC
12176,183.5,18094,1432,AD,BC
12177,183.5,18095,1399,CS,SC
12178,183.5,18097,2739,CB,OC
12179,183.5,18098,1432,CS,SC
12180,183.5,18101,1112,CS,OC
12181,183.5,18102,1219,IT,BCM
12182,183.5,18103,2751,AM,OC
12183,183.5,18104,2007,MF,BC
12184,183.5,18105,2708,CS,OC
12185,183.5,18106,1216,IT,OC
12186,183.5,18109,2025,EE,OC
12187,183.5,18110,1113,EC,BC
12188,183.5,18111,2736,EC,OC
12189,183.5,18112,1219,EE,OC
12190,183.5,18113,2603,CS,BC
12191,183.5,18114,1317,CS,BC
12192,183.5,18116,2764,IT,MBC
12193,183.5,18117,1113,EC,MBC
12194,183.5,18118,5901,EE,BC
12195,183.5,18119,2706,EE,OC
12196,183.5,18120,2764,EE,OC
12197,183.5,18121,2710,IT,BC
12198,183.5,18123,1324,CS,OC
12199,183.5,18124,1419,EC,OC
12200,183.5,18125,1399,SC,SC
12201,183.5,18126,2712,CS,SC
12202,183.5,18127,2710,SC,MBC
12203,183.5,18129,2710,IT,MBC
12204,183.5,18132,2764,CS,MBC
12205,183.5,18133,2764,EC,MBC
12206,183.5,18134,2702,CS,MBC
12207,183.5,18135,5910,EC,OC
12208,183.5,18136,2006,PR,MBC
12209,183.5,18140,2712,MZ,BC
12210,183.5,18141,3464,CS,OC
12211,183.5,18143,1432,AD,BC
12212,183.5,18145,1432,AM,BC
12213,183.5,18146,2702,IT,BC
12214,183.5,18147,5986,CS,BC
12215,183.5,18148,2007,MF,MBC
12216,183.5,18150,1432,CS,MBC
12217,183.5,18151,2706,CS,OC
12218,183.5,18153,2735,IT,OC
12219,183.5,18155,2006,BY,MBC
12220,183.5,18156,2710,ME,OC
12221,183.5,18157,2710,EC,OC
12222,183.5,18159,2005,ME,BC
12223,183.5,18160,2722,AD,BC
12224,183.5,18161,2751,CB,OC
12225,183.5,18163,2005,ME,BC
12226,183.5,18164,2706,EC,OC
12227,183.5,18165,2702,EC,BC
12228,183.5,18167,2735,AD,MBC
12229,183.5,18168,2722,CS,BC
12230,183.5,18169,1113,CB,OC
12231,183.5,18173,2613,CS,OC
12232,183.5,18174,2764,CB,OC
12233,183.5,18175,2007,MF,MBC
12234,183.5,18176,2005,ME,BC
12235,183.5,18177,1317,CS,MBC
12236,183.5,18180,2025,EC,OC
12237,183.5,18181,2377,EC,SC
12238,183.5,18182,2634,AD,OC
12239,183.5,18184,1504,CS,OC
12240,183.5,18185,2712,EC,SC
12241,183.5,18187,1317,IT,OC
12242,183.5,18189,2736,CS,OC
12243,183.5,18190,1315,CE,MBC
12244,183.5,18191,2723,EC,OC
12245,183.5,18192,2711,AD,OC
12246,183.5,18194,2702,IT,BC
12247,183.5,18195,2702,IT,BC
12248,183.5,18196,3011,AM,OC
12249,183.5,18201,2722,EC,OC
12250,183.5,18202,1112,CS,OC
12251,183.5,18204,1317,CH,OC
12252,183.5,18205,2736,BM,OC
12253,183.5,18206,1304,EC,OC
12254,183.5,18208,5008,MF,BC
12255,183.5,18209,2764,CB,OC
12256,183.5,18210,2739,EC,BC
12257,183.5,18213,1113,IT,BC
12258,183.5,18214,1304,CS,OC
12259,183.5,18215,1432,EC,SC
12260,183.5,18218,4974,EE,OC
12261,183.5,18219,2722,EC,OC
12262,183.5,18223,1128,CS,OC
12263,183.5,18224,1113,EV,OC
12264,183.5,18226,1304,CS,OC
12265,183.5,18227,1113,IT,MBC
12266,183.5,18228,2736,SC,OC
12267,183.5,18231,4960,CS,BC
12268,183.5,18233,1304,CS,OC
12269,183.5,18234,2702,AL,OC
12270,183.5,18236,1399,ME,BC
12271,183.5,18237,2025,CS,MBC
12272,183.5,18239,1211,AL,BC
12273,183.5,18240,1216,CS,BC
12274,183.5,18241,1432,AD,MBC
12275,183.5,18242,2702,EC,BCM
12276,183.5,18244,4971,EC,OC
12277,183.5,18245,4,PR,MBC
12278,183.5,18246,2739,EC,BC
12279,183.5,18247,2739,EC,MBC
12280,183.5,18248,2711,CS,BCM
12281,183.5,18249,1211,AD,MBC
12282,183.5,18252,1450,EE,OC
12283,183.5,18253,5901,EE,BC
12284,183.5,18255,3,BP,SC
12285,183.5,18256,5010,CS,OC
12286,183.5,18258,1211,CS,SC
12287,183.5,18259,1432,CB,OC
12288,183.5,18260,1,PT,MBC
12289,183.5,18261,1504,AG,OC
12290,183.5,18262,1432,AD,MBC
12291,183.5,18263,1216,EC,OC
12292,183.5,18264,2712,AE,MBC
12293,183.5,18265,1304,CS,OC
12294,183.5,18268,2706,IT,OC
12295,183.5,18272,1450,EC,BC
12296,183.5,18275,3830,CS,OC
12297,183.5,18276,2702,IT,BC
12298,183.5,18277,1432,AM,MBC
12299,183.5,18278,1450,EC,BC
12300,183.5,18280,2603,EC,OC
12301,183.5,18281,2603,EC,OC
12302,183.5,18282,1399,ME,BC
12303,183.5,18283,4960,BM,OC
12304,183.5,18285,2702,CS,MBC
12305,183.5,18287,1419,CS,BC
12306,183.5,18288,2719,EE,OC
12307,183.5,18289,1304,CS,OC
12308,183.5,18290,2711,EC,OC
12309,183.5,18291,2702,AL,OC
12310,183.5,18293,2708,ME,OC
12311,183.5,18294,5008,IM,SC
12312,183.5,18295,1304,CS,OC
12313,183.5,18296,4960,CS,BCM
12314,183.5,18297,2764,EE,OC
12315,183.5,18298,2736,CS,OC
12316,183.5,18302,1112,CS,OC
12317,183.5,18303,2722,IT,OC
12318,183.5,18304,2712,AE,BC
12319,183.5,18305,1419,AD,OC
12320,183.5,18306,2764,CS,MBC
12321,183.5,18307,5921,CS,OC
12322,183.5,18308,2005,CE,OC
12323,183.5,18309,2722,EC,OC
12324,183.5,18310,2718,CB,MBC
12325,183.5,18313,2735,AD,BC
12326,183.5,18314,1399,CS,SC
12327,183.5,18315,2735,AD,MBC
12328,183.5,18318,2736,CS,OC
12329,183.5,18319,2722,EC,OC
12330,183.5,18320,1304,AD,OC
12331,183.5,18325,2709,EE,OC
12332,183.5,18327,1432,EC,MBC
12333,183.5,18328,1211,CB,BC
12334,183.5,18330,2711,EC,OC
12335,183.5,18331,2712,ME,OC
12336,183.5,18332,2,CL,SC
12337,183.5,18333,2739,EC,MBC
12338,183.5,18336,1419,CS,MBC
12339,183.5,18337,3804,AD,OC
12340,183.5,18338,1211,CB,MBC
12341,183.5,18339,1211,AL,BC
12342,183.5,18341,3011,CS,SC
12343,183.5,18342,2711,EC,OC
12344,183.5,18343,4959,CS,OC
12345,183.5,18345,1211,AL,BC
12346,183.5,18347,1216,CS,BC
12347,183.5,18348,2369,CS,OC
12348,183.5,18349,2603,EC,OC
12349,183.5,18351,2702,AD,OC
12350,183.5,18352,2618,CS,OC
12351,183.5,18353,1450,IT,MBC
12352,183.5,18355,1419,AD,OC
12353,183.5,18356,2706,CS,OC
12354,183.5,18358,4,PR,BC
12355,183.5,18359,2369,EC,OC
12356,183.5,18360,2377,CS,SC
12357,183.5,18361,2702,IT,BC
12358,183.5,18362,2739,CB,OC
12359,183.5,18364,1211,BM,OC
12360,183.5,18366,1324,EE,OC
12361,183.5,18367,5986,AD,OC
12362,183.5,18368,1113,AD,BC
12363,183.5,18369,2719,AD,OC
12364,183.5,18371,5986,CS,BC
12365,183.5,18372,1216,AD,OC
12366,183.5,18373,2735,CS,OC
12367,183.5,18374,2718,CJ,BC
12368,183.5,18376,2706,ME,OC
12369,183.5,18377,2702,IT,BC
12370,183.5,18380,1113,AD,BC
12371,183.5,18381,2702,AD,OC
12372,183.5,18382,1311,AE,OC
12373,183.5,18383,1113,AD,MBC
12374,183.5,18384,1432,AM,BC
12375,183.5,18385,4,PR,BC
12376,183.5,18386,2702,AD,OC
12377,183.5,18388,1211,AD,MBC
12378,183.5,18389,2005,IB,OC
12379,183.5,18390,1405,IT,OC
12380,183.5,18391,4962,EC,OC
12381,183.5,18392,1211,IT,MBC
12382,183.5,18393,1211,AL,BC
12383,183.5,18394,2722,AD,BC
12384,183.5,18395,2005,CE,OC
12385,183.5,18396,1304,CS,OC
12386,183.5,18397,2006,MS,BC
12387,183.5,18398,1211,AL,BC
12388,183.5,18399,2719,AD,OC
12389,183.5,18400,1516,CS,BC
12390,183.5,18401,2736,IT,OC
12391,183.5,18402,2702,IT,BC
12392,183.5,18403,2005,EI,BCM
12393,183.5,18405,2764,BM,OC
12394,183.5,18406,5901,EE,BC
12395,183.5,18408,2,PM,MBC
12396,183.5,18409,1419,CS,BC
12397,183.5,18410,1315,CE,MBC
12398,183.5,18411,2615,MT,OC
12399,183.5,18412,3464,CS,OC
12400,183.5,18413,1,PT,BC
12401,183.5,18414,4917,EC,OC
12402,183.5,18416,1113,EE,OC
12403,183.5,18417,1211,AE,OC
12404,183.5,18418,1304,EC,OC
12405,183.5,18419,1216,CS,BC
12406,183.5,18420,1113,IT,BC
12407,183.5,18421,2709,IT,BC
12408,183.5,18422,2621,CS,OC
12409,183.5,18425,2710,EV,OC
12410,183.5,18428,2710,EC,OC
12411,183.5,18430,1219,AD,MBC
12412,183.5,18431,1211,AL,BC
12413,183.5,18433,2615,EE,BCM
12414,183.5,18435,2702,CS,MBC
12415,183.5,18437,2702,EC,BC
12416,183.5,18439,1113,EC,BC
12417,183.5,18440,1432,AD,MBC
12418,183.5,18442,2005,CE,OC
12419,183.5,18443,1113,EC,BC
12420,183.5,18446,2710,IT,MBC
12421,183.5,18448,2752,CS,OC
12422,183.5,18449,4962,CS,MBC
12423,183.5,18451,1399,ME,BC
12424,183.5,18452,1309,EC,OC
12425,183.5,18453,2007,ME,SC
12426,183.5,18454,1211,EE,OC
12427,183.5,18456,1432,CB,OC
12428,183.5,18457,1432,AD,BC
12429,183.5,18459,1112,CS,OC
12430,183.5,18460,3011,AM,OC
12431,183.5,18461,1422,CS,OC
12432,183.5,18462,2711,CH,OC
12433,183.5,18464,1219,EE,OC
12434,183.5,18467,2718,CJ,BC
12435,183.5,18469,1211,CB,MBC
12436,183.5,18470,2710,IT,BC
12437,183.5,18471,5010,CS,OC
12438,183.5,18473,2702,AD,OC
12439,183.5,18476,5532,CS,OC
12440,183.5,18477,2706,EC,OC
12441,183.5,18478,2702,AD,OC
12442,183.5,18479,1450,AD,BC
12443,183.5,18480,1304,CS,OC
12444,183.5,18481,2722,SC,OC
12445,183.5,18482,2764,IT,MBC
12446,183.5,18483,2702,EC,BC
12447,183.5,18487,1505,AD,OC
12448,183.5,18488,2007,CE,BC
12449,183.5,18489,2739,IT,BCM
12450,183.5,18490,1419,EC,OC
12451,183.5,18495,2722,AD,BC
12452,183.5,18496,2764,CE,OC
12453,183.5,18497,4996,CS,OC
12454,183.5,18504,2006,AS,OC
12455,183.5,18505,2739,AM,BC
12456,183.5,18506,4971,EC,OC
12457,183.5,18507,1419,AD,OC
12458,183.5,18509,1450,EC,BC
12459,183.5,18510,2739,IT,MBC
12460,183.5,18514,2706,CS,OC
12461,183.5,18516,1211,EC,MBC
12462,183.5,18517,1113,IT,BC
12463,183.5,18518,2711,EC,OC
12464,183.5,18519,2702,CS,MBC
12465,183.5,18520,1432,CS,BCM
12466,183.5,18521,2719,EC,OC
12467,183.5,18523,1399,EC,SC
12468,183.5,18524,2702,CS,MBC
12469,183.5,18525,1419,CI,OC
12470,183.5,18526,1113,EC,BC
12471,183.5,18528,2006,AS,OC
12472,183.5,18529,2603,EE,OC
12473,183.5,18531,1112,CS,OC
12474,183.5,18532,5901,CS,SC
12475,183.5,18534,2736,CS,OC
12476,183.5,18535,3465,CS,MBC
12477,183.5,18536,2618,CS,OC
12478,183.5,18537,2706,EC,OC
12479,183.5,18540,4,PR,BC
12480,183.5,18541,2711,EC,OC
12481,183.5,18544,2712,BT,BC
12482,183.5,18547,2739,AD,BCM
12483,183.5,18549,1113,IT,BC
12484,183.5,18550,2007,MF,BC
12485,183.5,18551,2764,CB,OC
12486,183.5,18554,1219,AD,MBC
12487,183.5,18555,1317,CS,MBC
12488,183.5,18557,2719,CS,BC
12489,183.5,18558,5901,EE,BCM
12490,183.5,18559,1422,IT,OC
12491,183.5,18562,1211,CB,BC
12492,183.5,18564,2,IB,SC
12493,183.5,18566,2710,EC,OC
12494,183.5,18568,1304,EC,OC
12495,183.5,18569,2739,AM,BC
12496,183.5,18570,1304,CS,BC
12497,183.5,18571,5986,CS,BC
12498,183.5,18574,1219,EE,OC
12499,183.5,18576,2712,AE,BC
12500,183.5,18579,1219,EC,MBC
12501,183.5,18580,1219,EC,MBC
12502,183.5,18581,1211,EC,MBC
12503,183.5,18583,2722,CS,MBC
12504,183.5,18584,1516,EC,OC
12505,183.5,18585,1219,EC,MBC
12506,183.5,18588,1432,AD,MBC
12507,183.5,18589,2007,CL,BC
12508,183.5,18590,2608,EC,OC
12509,183.5,18593,2711,CS,BCM
12510,183.5,18596,1216,CS,BC
12511,183.5,18598,1211,BM,OC
12512,183.5,18599,2764,EC,MBC
12513,183.5,18601,2735,AD,BC
12514,183.5,18604,1113,CS,MBC
12515,183.5,18606,5901,EE,MBC
12516,183.5,18607,5008,CG,SC
12517,183.5,18608,2702,AD,OC
12518,183.5,18609,1128,CS,OC
12519,183.5,18611,5901,ME,OC
12520,183.5,18613,2736,AD,OC
12521,183.5,18614,1113,IT,BC
12522,183.5,18615,4,PR,BC
12523,183.5,18616,1211,IT,MBC
12524,183.5,18617,1113,EA,OC
12525,183.5,18618,4974,EC,MBC
12526,183.5,18619,2702,AD,OC
12527,183.5,18620,5901,EE,BC
12528,183.5,18622,1432,AM,BCM
12529,183.5,18623,1419,AM,OC
12530,183.5,18625,1419,EC,OC
12531,183.5,18630,1516,EC,OC
12532,183.5,18631,2711,EC,OC
12533,183.5,18632,5008,MF,BC
12534,183.5,18635,2006,MT,OC
12535,183.5,18636,2712,ME,OC
12536,183.5,18639,2710,SC,BC
12537,183.5,18641,2706,CS,OC
12538,183.5,18642,4,PR,SC
12539,183.5,18646,1399,CE,OC
12540,183.5,18647,2007,EY,SC
12541,183.5,18648,2739,SC,BC
12542,183.5,18652,2618,IT,OC
12543,183.5,18654,2711,EC,OC
12544,183.5,18656,2712,BT,BC
12545,183.5,18658,1399,CE,MBC
12546,183.5,18662,2706,CS,BC
12547,183.5,18664,2712,ME,OC
12548,183.5,18665,2718,CD,MBC
12549,183.5,18668,1432,AD,BC
12550,183.5,18669,1419,CS,BC
12551,183.5,18672,1317,AD,OC
12552,183.5,18673,1324,CS,OC
12553,183.5,18676,5008,MF,BC
12554,183.5,18677,2764,BM,OC
12555,183.5,18679,1309,AD,OC
12556,183.5,18681,3819,CS,OC
12557,183.5,18682,2706,AD,OC
12558,183.5,18685,4917,AD,OC
12559,183.5,18686,2722,AM,OC
12560,183.5,18687,1211,AD,MBC
12561,183.5,18690,2704,EC,OC
12562,183.5,18691,2702,AD,OC
12563,183.5,18692,1304,CS,BC
12564,183.5,18693,2329,AD,OC
12565,183.5,18694,2005,IB,OC
12566,183.5,18696,1399,CS,SC
12567,183.5,18698,1419,CS,MBC
12568,183.5,18699,2722,AM,OC
12569,183.5,18700,2377,CE,OC
12570,183.5,18701,1211,CB,MBC
12571,183.5,18706,2764,CB,OC
12572,183.5,18709,1419,CS,BC
12573,183.5,18713,1211,CB,BC
12574,183.5,18716,2722,AD,MBC
12575,183.5,18717,2025,CS,MBC
12576,183.5,18718,1,ME,SCA
12577,183.5,18719,2702,EC,BC
12578,183.5,18720,2718,MZ,OC
12579,183.5,18721,2005,CE,OC
12580,183.5,18723,2764,CS,MBC
12581,183.5,18725,1432,AD,BC
12582,183.5,18729,1211,CB,BC
12583,183.5,18730,1424,CS,OC
12584,183.5,18734,1219,AD,MBC
12585,183.5,18737,2603,CS,BC
12586,183.5,18739,2006,BS,SC
12587,183.5,18742,2,FS,SC
12588,183.5,18743,2734,TS,OC
12589,183.4,18744,1304,CS,BC
12590,183.4,18745,1399,ME,MBC
12591,183.4,18746,1399,CS,SC
12592,183.4,18747,2708,CS,OC
12593,183.3,18749,2722,CS,BC
12594,183.3,18750,1113,CS,BCM
12595,183.2,18753,1399,ME,MBC
12596,183.1,18754,2722,CS,BC
12597,183.0,18755,2726,AL,OC
12598,183.0,18756,2618,EC,OC
12599,183.0,18759,3011,CS,BC
12600,183.0,18760,1317,EC,OC
12601,183.0,18761,2735,AD,BC
12602,183.0,18762,1432,CS,MBC
12603,183.0,18764,2711,EC,OC
12604,183.0,18765,2711,FD,OC
12605,183.0,18766,1432,AD,BC
12606,183.0,18767,2,FS,MBC
12607,183.0,18768,2006,MT,MBC
12608,183.0,18769,2718,CS,SC
12609,183.0,18770,4,RA,SCA
12610,183.0,18776,1317,CS,MBC
12611,183.0,18778,5901,EE,BC
12612,183.0,18780,2702,AD,BC
12613,183.0,18781,1216,CS,BC
12614,183.0,18782,2711,CS,MBC
12615,183.0,18783,5,CS,OC
12616,183.0,18784,2006,PN,OC
12617,183.0,18785,3826,AD,OC
12618,183.0,18787,2025,CS,BC
12619,183.0,18788,1211,CS,SC
12620,183.0,18789,2751,AD,OC
12621,183.0,18790,5986,CS,BC
12622,183.0,18791,3826,EE,OC
12623,183.0,18793,2615,ME,OC
12624,183.0,18794,2656,AD,OC
12625,183.0,18796,2708,IT,OC
12626,183.0,18797,2,PP,BC
12627,183.0,18798,1432,AD,BC
12628,183.0,18799,1432,AD,MBC
12629,183.0,18801,4962,CS,MBC
12630,183.0,18803,1432,CB,OC
12631,183.0,18804,2722,IT,OC
12632,183.0,18804,3830,EE,OC
12633,183.0,18805,2764,IT,MBC
12634,183.0,18806,1211,EC,MBC
12635,183.0,18807,2722,IT,OC
12636,183.0,18809,1216,CS,MBC
12637,183.0,18810,2007,CN,OC
12638,183.0,18811,2739,AD,MBC
12639,183.0,18812,1219,AD,MBC
12640,183.0,18813,3011,AM,OC
12641,183.0,18814,2025,AD,SC
12642,183.0,18815,1210,IT,OC
12643,183.0,18816,1113,CB,OC
12644,183.0,18817,1210,IT,OC
12645,183.0,18818,2722,IT,OC
12646,183.0,18819,4944,CS,OC
12647,183.0,18820,1113,CB,OC
12648,183.0,18821,1422,EC,OC
12649,183.0,18822,1317,MZ,OC
12650,183.0,18826,2710,SC,BC
12651,183.0,18827,1399,ME,BCM
12652,183.0,18828,2722,CS,BC
12653,183.0,18830,1211,IT,MBC
12654,183.0,18831,1317,CS,MBC
12655,183.0,18832,2719,EC,OC
12656,183.0,18833,5008,EE,SC
12657,183.0,18834,2006,TX,OC
12658,183.0,18835,2710,SC,BC
12659,183.0,18836,2722,CS,BC
12660,183.0,18837,3857,CS,OC
12661,183.0,18838,2722,AD,BC
12662,183.0,18841,2710,EC,OC
12663,183.0,18842,5008,IM,SC
12664,183.0,18843,1113,EC,MBC
12665,183.0,18844,1216,IT,OC
12666,183.0,18845,5901,EE,BC
12667,183.0,18846,2764,CB,OC
12668,183.0,18847,2718,ME,OC
12669,183.0,18848,2377,ME,MBC
12670,183.0,18849,2764,CB,BC
12671,183.0,18850,1,MI,SC
12672,183.0,18853,1516,EC,OC
12673,183.0,18854,2711,EC,OC
12674,183.0,18855,1219,EC,MBC
12675,183.0,18856,2751,AD,OC
12676,183.0,18860,1210,CS,OC
12677,183.0,18861,4962,CS,BCM
12678,183.0,18862,2702,CS,MBC
12679,183.0,18864,1432,EV,OC
12680,183.0,18866,2377,CE,OC
12681,183.0,18867,1,PT,BC
12682,183.0,18868,2,PM,MBC
12683,183.0,18869,1450,EC,BC
12684,183.0,18872,2711,AD,OC
12685,183.0,18873,4020,AD,OC
12686,183.0,18874,4974,EE,OC
12687,183.0,18876,2751,EC,OC
12688,183.0,18877,3826,CS,OC
12689,183.0,18878,2006,CG,SCA
12690,183.0,18879,2615,CE,OC
12691,183.0,18880,4971,CS,OC
12692,183.0,18881,1419,CS,MBC
12693,183.0,18882,2712,BT,BC
12694,183.0,18885,2025,AD,MBC
12695,183.0,18886,2711,EC,OC
12696,183.0,18888,2739,AD,MBC
12697,183.0,18889,4960,AD,OC
12698,183.0,18892,2702,AD,BC
12699,183.0,18893,2653,CS,OC
12700,183.0,18897,2718,MZ,OC
12701,183.0,18898,5008,CE,BC
12702,183.0,18899,2711,EC,OC
12703,183.0,18900,2736,CS,OC
12704,183.0,18901,1317,MZ,OC
12705,183.0,18902,1211,CB,BCM
12706,183.0,18904,2711,EC,OC
12707,183.0,18905,2711,AD,OC
12708,183.0,18906,2005,CE,OC
12709,183.0,18908,1408,CS,OC
12710,183.0,18909,4680,CS,OC
12711,183.0,18910,2702,IT,BC
12712,183.0,18911,1211,CB,BC
12713,183.0,18913,2007,CE,MBC
12714,183.0,18914,2710,EC,BC
12715,183.0,18917,2719,CS,BC
12716,183.0,18918,2007,CE,MBC
12717,183.0,18919,1450,EC,MBC
12718,183.0,18920,4,RP,OC
12719,183.0,18921,2712,CS,SC
12720,183.0,18922,5910,CS,OC
12721,183.0,18923,1211,CB,BC
12722,183.0,18924,3830,AD,OC
12723,183.0,18926,2751,AD,OC
12724,183.0,18927,1112,AL,OC
12725,183.0,18932,2710,SC,BC
12726,183.0,18933,2302,IT,OC
12727,183.0,18935,1432,AD,BCM
12728,183.0,18936,2,FS,MBC
12729,183.0,18937,2710,IT,MBC
12730,183.0,18938,2006,MS,MBC
12731,183.0,18939,3819,EC,OC
12732,183.0,18940,1419,IT,OC
12733,183.0,18941,1419,AD,OC
12734,183.0,18943,2722,AD,BC
12735,183.0,18944,2711,IT,OC
12736,183.0,18945,1113,CS,MBC
12737,183.0,18946,2719,CS,BC
12738,183.0,18948,2615,ME,OC
12739,183.0,18949,2377,CE,OC
12740,183.0,18950,1432,CB,OC
12741,183.0,18951,1,BY,SC
12742,183.0,18952,2709,EC,BC
12743,183.0,18953,5910,CS,OC
12744,183.0,18954,1219,EE,OC
12745,183.0,18957,2702,AD,BC
12746,183.0,18958,1422,CS,OC
12747,183.0,18959,1216,CS,BC
12748,183.0,18960,2005,CE,OC
12749,183.0,18961,2722,CS,MBC
12750,183.0,18962,1112,CS,OC
12751,183.0,18963,1211,AE,OC
12752,183.0,18967,1321,MN,OC
12753,183.0,18968,1422,CY,OC
12754,183.0,18971,1304,CS,BC
12755,183.0,18972,4960,CS,BC
12756,183.0,18974,1216,CS,BC
12757,183.0,18975,2712,AD,SCA
12758,183.0,18976,1419,CS,MBC
12759,183.0,18979,1437,AD,OC
12760,183.0,18981,4,PR,MBC
12761,183.0,18982,4944,EE,OC
12762,183.0,18985,4,AU,SC
12763,183.0,18988,1,GI,SC
12764,183.0,18989,1419,CS,MBC
12765,183.0,18990,2741,EC,OC
12766,183.0,18992,4971,CE,OC
12767,183.0,18993,1412,IT,OC
12768,183.0,18994,2702,AD,BC
12769,183.0,18998,1,XM,MBC
12770,183.0,18999,1211,CB,BC
12771,183.0,19000,1211,CB,BC
12772,183.0,19002,1399,ME,BC
12773,183.0,19005,5901,EE,BC
12774,183.0,19007,4974,EE,OC
12775,183.0,19009,4023,CS,OC
12776,183.0,19010,2025,EC,OC
12777,183.0,19011,2736,IT,OC
12778,183.0,19012,2006,AS,OC
12779,183.0,19016,2764,EC,MBC
12780,183.0,19017,1432,CS,MBC
12781,183.0,19018,2722,CS,MBC
12782,183.0,19020,4020,AD,OC
12783,183.0,19022,2710,EC,BC
12784,183.0,19024,1317,EE,OC
12785,183.0,19025,1304,CS,BC
12786,183.0,19026,2702,EC,BC
12787,183.0,19028,1112,CS,OC
12788,183.0,19029,2005,ME,MBC
12789,183.0,19032,2722,CS,BC
12790,183.0,19033,2722,IT,OC
12791,183.0,19034,5008,CN,OC
12792,183.0,19035,1304,AD,OC
12793,183.0,19037,1422,CY,OC
12794,183.0,19038,2711,CS,BC
12795,183.0,19039,1211,SC,MBC
12796,183.0,19041,4020,EC,OC
12797,183.0,19042,1211,CB,BC
12798,183.0,19043,1399,CE,BCM
12799,183.0,19046,1399,ME,BC
12800,183.0,19048,1304,CS,BC
12801,183.0,19049,2706,EC,OC
12802,183.0,19052,2719,EC,OC
12803,183.0,19054,2704,CS,OC
12804,183.0,19055,2736,EC,OC
12805,183.0,19056,2719,CS,BC
12806,183.0,19057,2710,IT,MBC
12807,183.0,19058,1210,CS,OC
12808,183.0,19059,2710,EC,BC
12809,183.0,19060,2702,AD,MBC
12810,183.0,19061,1211,AD,MBC
12811,183.0,19063,5008,MF,BC
12812,183.0,19064,2006,BY,MBC
12813,183.0,19065,4962,CS,BC
12814,183.0,19066,4960,IT,OC
12815,183.0,19067,2764,CB,BCM
12816,183.0,19069,1419,EC,OC
12817,183.0,19070,2710,EC,BC
12818,183.0,19071,1113,EC,MBC
12819,183.0,19072,1432,CO,OC
12820,183.0,19073,2708,AL,OC
12821,183.0,19075,2722,EC,OC
12822,183.0,19076,2751,CB,OC
12823,183.0,19077,1216,EC,OC
12824,183.0,19078,1419,AD,OC
12825,183.0,19080,2722,AD,BC
12826,183.0,19081,3465,CS,MBC
12827,183.0,19082,1317,IT,OC
12828,183.0,19083,5008,CM,SC
12829,183.0,19086,3410,CS,OC
12830,183.0,19088,1399,BM,BCM
12831,183.0,19089,2711,CS,MBC
12832,183.0,19091,2710,EC,BC
12833,183.0,19092,5901,EE,MBC
12834,183.0,19094,2702,EI,OC
12835,183.0,19095,4959,CS,OC
12836,183.0,19096,2739,AD,MBC
12837,183.0,19097,1432,CB,OC
12838,183.0,19098,1211,CB,BC
12839,183.0,19099,1317,CS,BC
12840,183.0,19100,1450,IT,BC
12841,183.0,19101,2739,CO,OC
12842,183.0,19102,3465,CS,MBC
12843,183.0,19103,2719,IT,OC
12844,183.0,19104,5009,CS,OC
12845,183.0,19105,2702,EC,MBC
12846,183.0,19106,2710,EC,BC
12847,183.0,19107,2719,IT,OC
12848,183.0,19108,3830,CS,OC
12849,183.0,19109,2736,AD,OC
12850,183.0,19111,2702,AD,BC
12851,183.0,19112,1432,AD,BC
12852,183.0,19113,4974,EE,OC
12853,183.0,19114,3011,IT,OC
12854,183.0,19115,2712,CS,SC
12855,183.0,19116,4962,EC,OC
12856,183.0,19117,1419,AD,OC
12857,183.0,19118,1210,CS,OC
12858,183.0,19119,2736,CS,OC
12859,183.0,19120,2702,CS,BCM
12860,183.0,19122,2702,IT,BC
12861,183.0,19124,4969,CS,OC
12862,183.0,19125,2710,IT,BC
12863,183.0,19127,1219,EC,BCM
12864,183.0,19128,2005,CE,OC
12865,183.0,19130,5901,EE,BC
12866,183.0,19131,2702,EC,BC
12867,183.0,19133,1419,AM,OC
12868,183.0,19134,4974,CS,SC
12869,183.0,19135,2007,MF,BC
12870,183.0,19136,2751,CS,OC
12871,183.0,19137,1304,AD,OC
12872,183.0,19138,2702,IT,BC
12873,183.0,19139,2722,CS,BC
12874,183.0,19142,1317,EC,OC
12875,183.0,19143,2718,EE,MBC
12876,183.0,19145,1304,CS,BC
12877,183.0,19146,5986,CS,MBC
12878,183.0,19147,5901,EE,MBC
12879,183.0,19150,2006,BY,MBC
12880,183.0,19156,4962,CS,BC
12881,183.0,19158,2711,EC,OC
12882,183.0,19160,2722,CS,BC
12883,183.0,19161,1432,CB,OC
12884,183.0,19164,2719,IT,OC
12885,183.0,19165,2739,CO,OC
12886,183.0,19166,1304,CS,BC
12887,183.0,19168,1219,AD,BCM
12888,183.0,19170,1304,CS,BC
12889,183.0,19171,1432,CB,OC
12890,183.0,19172,1014,EC,OC
12891,183.0,19173,2712,ME,OC
12892,183.0,19177,5921,CS,OC
12893,183.0,19178,2751,CS,OC
12894,183.0,19181,2725,CS,OC
12895,183.0,19182,1419,CS,BC
12896,183.0,19183,2764,CS,MBC
12897,183.0,19184,2710,IT,BC
12898,183.0,19186,1432,CO,OC
12899,183.0,19187,1149,SC,OC
12900,183.0,19189,2712,CS,SC
12901,183.0,19190,4678,CS,OC
12902,183.0,19191,1419,CS,MBC
12903,183.0,19192,2719,EC,OC
12904,183.0,19193,1399,CS,SC
12905,183.0,19194,1432,CO,OC
12906,183.0,19195,1219,CS,ST
12907,183.0,19197,1216,EC,OC
12908,183.0,19198,1225,EC,OC
12909,183.0,19199,2702,IT,BC
12910,183.0,19200,2710,AD,SC
12911,183.0,19201,2739,AD,BCM
12912,183.0,19202,5008,MF,BC
12913,183.0,19203,2718,EE,MBC
12914,183.0,19205,1432,AD,BC
12915,183.0,19207,2750,CS,OC
12916,183.0,19210,2702,EC,MBC
12917,183.0,19211,2702,IT,BC
12918,183.0,19214,2739,CS,MBC
12919,183.0,19215,2711,EC,OC
12920,183.0,19217,1419,EC,OC
12921,183.0,19218,1216,CS,MBC
12922,183.0,19219,2719,EC,OC
12923,183.0,19220,2722,IT,OC
12924,183.0,19221,2712,ME,OC
12925,183.0,19223,4931,CS,OC
12926,183.0,19224,4959,CS,OC
12927,183.0,19225,1422,CS,OC
12928,183.0,19227,5986,IT,OC
12929,183.0,19228,1419,CS,BC
12930,183.0,19229,2005,IB,OC
12931,183.0,19230,1317,AD,OC
12932,183.0,19231,4962,CS,BC
12933,183.0,19232,2751,CB,OC
12934,183.0,19233,2005,IB,OC
12935,183.0,19234,2731,IT,OC
12936,183.0,19236,2006,MT,BCM
12937,183.0,19237,1113,EA,OC
12938,183.0,19238,2736,AD,OC
12939,183.0,19239,2736,AD,OC
12940,183.0,19240,1317,CS,MBC
12941,183.0,19241,1216,AD,OC
12942,183.0,19242,1450,IT,BC
12943,183.0,19243,1432,AD,MBC
12944,183.0,19244,2025,EV,OC
12945,183.0,19246,2702,EC,BC
12946,183.0,19249,2712,BT,BC
12947,183.0,19252,1211,AD,MBC
12948,183.0,19253,2722,EC,OC
12949,183.0,19256,5986,CS,BC
12950,183.0,19257,2722,EC,BC
12951,183.0,19258,2709,EC,BC
12952,183.0,19259,2718,CD,MBC
12953,183.0,19260,2702,AL,OC
12954,183.0,19261,1211,SC,MBC
12955,183.0,19262,2764,EC,MBC
12956,183.0,19263,3826,CS,OC
12957,183.0,19265,1419,CS,MBC
12958,183.0,19266,2005,PR,OC
12959,183.0,19267,4960,EC,OC
12960,183.0,19268,4960,EC,OC
12961,183.0,19269,2751,AD,OC
12962,183.0,19270,2710,IT,BC
12963,183.0,19271,2025,AD,BC
12964,183.0,19275,1399,CS,SC
12965,183.0,19276,1304,CS,BC
12966,183.0,19277,2710,EC,MBC
12967,183.0,19278,1315,CE,MBC
12968,183.0,19279,2722,AD,BC
12969,183.0,19280,2,IS,MBC
12970,183.0,19282,2751,CB,OC
12971,183.0,19283,4974,EC,MBC
12972,183.0,19284,5865,CS,OC
12973,183.0,19286,4960,IT,OC
12974,183.0,19287,2722,AM,OC
12975,183.0,19288,2719,EC,OC
12976,183.0,19290,2719,AD,BC
12977,183.0,19291,2722,AD,BC
12978,183.0,19294,1317,IT,OC
12979,183.0,19295,2711,CS,BC
12980,183.0,19298,5,CH,OC
12981,183.0,19299,1211,EC,MBC
12982,183.0,19300,2710,SC,BC
12983,183.0,19301,5910,CS,OC
12984,183.0,19303,1419,CI,OC
12985,183.0,19306,1422,CS,OC
12986,183.0,19307,2708,AL,BC
12987,183.0,19311,2702,EC,BC
12988,183.0,19312,2709,IT,MBC
12989,183.0,19316,2377,ME,MBC
12990,183.0,19317,2618,AD,OC
12991,183.0,19319,2727,AD,OC
12992,183.0,19320,2764,CS,MBC
12993,183.0,19321,1304,CS,MBC
12994,183.0,19322,2719,AD,BC
12995,183.0,19324,2710,EC,BC
12996,183.0,19325,2711,EC,OC
12997,183.0,19326,1419,SC,OC
12998,183.0,19328,1419,CS,MBC
12999,183.0,19329,2709,EC,BC
13000,183.0,19330,1304,AD,OC
13001,183.0,19331,2702,AL,OC
13002,183.0,19334,2025,CS,BC
13003,183.0,19336,2764,CS,BCM
13004,183.0,19337,5986,CS,MBC
13005,183.0,19338,2025,CS,BC
13006,183.0,19339,2702,AD,BC
13007,183.0,19340,2702,IT,MBC
13008,183.0,19341,2727,AL,OC
13009,183.0,19344,1432,CO,OC
13010,183.0,19345,1120,CS,OC
13011,183.0,19346,1113,EE,OC
13012,183.0,19348,1211,EC,MBC
13013,183.0,19350,4960,AD,OC
13014,183.0,19351,2711,FD,OC
13015,183.0,19352,2722,IT,OC
13016,183.0,19353,2702,EC,BC
13017,183.0,19354,2735,AD,MBC
13018,183.0,19357,2634,AD,OC
13019,183.0,19359,3018,CE,OC
13020,183.0,19360,2739,AD,MBC
13021,183.0,19362,2,CR,OC
13022,183.0,19363,1113,CS,MBC
13023,183.0,19367,1113,CB,OC
13024,183.0,19368,2719,IT,OC
13025,183.0,19369,1211,EC,MBC
13026,183.0,19371,2006,MT,MBC
13027,183.0,19372,4962,IT,OC
13028,183.0,19373,1304,CS,BC
13029,183.0,19375,1432,AD,MBC
13030,183.0,19376,1432,CO,BC
13031,183.0,19377,1219,AD,MBC
13032,183.0,19380,2702,BT,OC
13033,183.0,19381,2702,AL,OC
13034,183.0,19384,2710,EC,BC
13035,183.0,19385,2615,ME,OC
13036,183.0,19386,2005,CE,OC
13037,183.0,19388,1419,IT,OC
13038,183.0,19389,1317,CS,BCM
13039,183.0,19390,1216,CS,BC
13040,183.0,19391,1432,AD,MBC
13041,183.0,19392,1219,AD,MBC
13042,183.0,19393,2702,AD,BC
13043,183.0,19396,1414,IT,BCM
13044,183.0,19397,1317,CS,BC
13045,183.0,19398,2722,CS,BC
13046,183.0,19399,2006,AS,OC
13047,183.0,19400,2722,EC,BC
13048,183.0,19403,4,RP,OC
13049,183.0,19404,1211,SC,BCM
13050,183.0,19405,1116,EC,OC
13051,183.0,19406,2718,CD,MBC
13052,183.0,19407,2751,CS,OC
13053,183.0,19410,2718,CD,MBC
13054,183.0,19411,1113,IT,BC
13055,183.0,19413,1317,AD,OC
13056,183.0,19414,1315,EE,SC
13057,183.0,19415,2719,CS,MBC
13058,183.0,19416,2007,MF,BC
13059,183.0,19417,2006,CN,MBC
13060,183.0,19426,1013,CS,OC
13061,183.0,19427,2702,IT,MBC
13062,183.0,19428,2025,CS,BCM
13063,183.0,19429,2603,CS,BC
13064,183.0,19430,2718,EE,MBC
13065,183.0,19432,1304,AD,OC
13066,183.0,19434,2729,AE,OC
13067,183.0,19435,1113,CB,OC
13068,183.0,19438,2603,EE,OC
13069,183.0,19439,1219,EE,OC
13070,183.0,19443,2718,CJ,MBC
13071,183.0,19444,1113,EC,BC
13072,183.0,19446,1219,AD,MBC
13073,183.0,19447,1315,CJ,SC
13074,183.0,19448,1211,CH,OC
13075,183.0,19449,2025,CS,BC
13076,183.0,19450,2006,MT,BC
13077,183.0,19452,4,PR,SC
13078,183.0,19456,2712,ME,OC
13079,183.0,19459,4974,CS,SC
13080,183.0,19460,5901,EE,BC
13081,183.0,19461,2711,CS,BCM
13082,183.0,19463,2710,IT,BC
13083,183.0,19464,2025,AD,BC
13084,183.0,19465,2005,IB,OC
13085,183.0,19466,2739,AM,BC
13086,183.0,19467,1422,CS,OC
13087,183.0,19471,2,PM,BC
13088,183.0,19472,2722,AD,BC
13089,183.0,19475,5009,EC,OC
13090,183.0,19476,2005,CE,OC
13091,183.0,19477,2702,EC,BC
13092,183.0,19479,2005,IB,OC
13093,183.0,19482,4,RP,OC
13094,183.0,19486,2,LE,OC
13095,183.0,19487,1419,IT,OC
13096,183.0,19488,2006,MS,BC
13097,183.0,19493,1317,EC,OC
13098,183.0,19494,1399,ME,BC
13099,183.0,19499,2006,PN,OC
13100,183.0,19503,2709,IT,MBC
13101,183.0,19506,5986,SC,OC
13102,183.0,19508,1304,AD,OC
13103,183.0,19510,2731,IT,OC
13104,183.0,19512,5910,CS,OC
13105,183.0,19513,1309,CS,OC
13106,183.0,19515,2711,IT,OC
13107,183.0,19516,5901,CS,SC
13108,183.0,19519,1211,CD,OC
13109,183.0,19522,1304,CS,BC
13110,183.0,19523,2711,IT,OC
13111,183.0,19526,1419,CS,MBC
13112,183.0,19528,5986,IT,OC
13113,183.0,19531,2712,ME,OC
13114,183.0,19532,2739,CO,OC
13115,183.0,19536,2764,IT,MBC
13116,183.0,19538,2622,EE,OC
13117,183.0,19539,1317,CH,OC
13118,183.0,19541,3807,EC,OC
13119,183.0,19542,2722,EC,BC
13120,183.0,19545,2,PM,MBC
13121,183.0,19546,1211,EC,MBC
13122,183.0,19547,1432,EC,MBC
13123,183.0,19548,1120,CS,OC
13124,183.0,19550,1211,CS,SC
13125,183.0,19551,2722,CS,BC
13126,183.0,19552,3819,CS,OC
13127,183.0,19553,2709,EC,BC
13128,183.0,19558,5901,EE,BC
13129,183.0,19560,2007,EM,SCA
13130,183.0,19561,3011,CS,MBC
13131,183.0,19562,2712,EI,MBC
13132,183.0,19565,1219,AD,MBC
13133,183.0,19571,2709,IT,BC
13134,182.8,19575,2739,EE,OC
13135,182.7,19578,1112,CS,OC
13136,182.7,19579,1112,CS,OC
13137,182.6,19582,2329,AM,OC
13138,182.5,19586,2,PP,BC
13139,182.5,19588,2739,AM,BC
13140,182.5,19589,1321,MN,OC
13141,182.5,19590,1432,EV,OC
13142,182.5,19591,2656,CS,OC
13143,182.5,19592,2710,IT,BC
13144,182.5,19593,2711,EC,OC
13145,182.5,19595,2007,MF,MBC
13146,182.5,19596,2005,IB,OC
13147,182.5,19597,2722,SC,OC
13148,182.5,19598,2722,AD,BC
13149,182.5,19599,1211,CD,OC
13150,182.5,19600,1216,SC,OC
13151,182.5,19601,1120,CS,OC
13152,182.5,19602,2722,CS,BC
13153,182.5,19603,2709,EE,OC
13154,182.5,19604,2764,AD,BCM
13155,182.5,19605,2006,IM,SCA
13156,182.5,19606,2642,AD,OC
13157,182.5,19609,2711,CS,BC
13158,182.5,19610,2622,AM,OC
13159,182.5,19611,2710,IT,SCA
13160,182.5,19612,2712,ME,OC
13161,182.5,19613,2710,IT,MBC
13162,182.5,19614,2735,AD,MBC
13163,182.5,19616,1450,AD,MBC
13164,182.5,19617,2634,AD,OC
13165,182.5,19618,2702,IT,BC
13166,182.5,19619,2715,AD,OC
13167,182.5,19621,1112,CS,OC
13168,182.5,19622,2706,IT,OC
13169,182.5,19623,4962,CS,BC
13170,182.5,19625,2702,EC,BC
13171,182.5,19626,1216,CS,BC
13172,182.5,19628,2708,IT,OC
13173,182.5,19629,2764,EE,OC
13174,182.5,19630,2702,IT,MBC
13175,182.5,19631,2710,IT,BC
13176,182.5,19632,2702,CS,MBC
13177,182.5,19633,2711,CS,BC
13178,182.5,19634,2712,MZ,BC
13179,182.5,19635,1432,CS,BCM
13180,182.5,19636,4962,CS,SC
13181,182.5,19637,2719,AD,BC
13182,182.5,19638,5986,CS,BCM
13183,182.5,19639,4960,CS,BC
13184,182.5,19640,2739,AD,SCA
13185,182.5,19641,2603,EE,OC
13186,182.5,19643,1113,CB,OC
13187,182.5,19644,1419,IT,OC
13188,182.5,19645,2618,IT,OC
13189,182.5,19646,2739,AD,MBC
13190,182.5,19647,1211,EC,MBC
13191,182.5,19648,1113,EA,OC
13192,182.5,19651,2764,AM,MBC
13193,182.5,19652,1432,CB,OC
13194,182.5,19653,2712,EI,MBC
13195,182.5,19654,2740,CS,OC
13196,182.5,19655,2025,CS,BC
13197,182.5,19656,1120,IT,OC
13198,182.5,19658,2603,CS,BC
13199,182.5,19659,1,XC,MBC
13200,182.5,19660,4962,CS,BC
13201,182.5,19661,2006,PN,BC
13202,182.5,19663,2615,ME,OC
13203,182.5,19664,1432,CB,OC
13204,182.5,19665,5910,AD,OC
13205,182.5,19670,2711,AD,OC
13206,182.5,19671,1422,AD,OC
13207,182.5,19672,1211,EC,MBC
13208,182.5,19673,2739,AM,BC
13209,182.5,19675,1304,CS,BC
13210,182.5,19677,2702,EC,BC
13211,182.5,19678,2722,AD,BC
13212,182.5,19679,2656,CS,OC
13213,182.5,19680,1450,IT,BC
13214,182.5,19683,1516,CS,BC
13215,182.5,19687,2739,AM,BC
13216,182.5,19688,5986,CS,BC
13217,182.5,19689,2736,CS,OC
13218,182.5,19690,2764,CB,BC
13219,182.5,19691,1419,AD,OC
13220,182.5,19692,1304,CS,BC
13221,182.5,19693,5008,MF,MBC
13222,182.5,19694,4020,CS,OC
13223,182.5,19696,1421,CS,OC
13224,182.5,19698,2764,ME,OC
13225,182.5,19699,1304,CS,BC
13226,182.5,19700,1432,CO,BC
13227,182.5,19701,2710,EC,MBC
13228,182.5,19702,2710,AD,BCM
13229,182.5,19703,2761,SC,OC
13230,182.5,19704,1422,AD,OC
13231,182.5,19705,2722,AD,MBC
13232,182.5,19708,2719,IT,OC
13233,182.5,19709,1113,EC,BC
13234,182.5,19710,2702,AD,MBC
13235,182.5,19711,2706,EC,OC
13236,182.5,19712,4955,CS,OC
13237,182.5,19713,1211,BT,OC
13238,182.5,19714,2722,IT,OC
13239,182.5,19715,2722,AD,MBC
13240,182.5,19717,2719,EC,OC
13241,182.5,19718,1140,CS,OC
13242,182.5,19719,2736,CS,OC
13243,182.5,19720,4974,EE,OC
13244,182.5,19721,1432,AD,BC
13245,182.5,19722,2603,EC,OC
13246,182.5,19723,2736,AD,OC
13247,182.5,19724,1325,CS,OC
13248,182.5,19725,2751,AM,OC
13249,182.5,19726,1432,AD,MBC
13250,182.5,19727,2735,IT,OC
13251,182.5,19728,2025,EC,MBC
13252,182.5,19729,5986,EC,OC
13253,182.5,19731,2722,CS,BC
13254,182.5,19733,2710,EC,MBC
13255,182.5,19734,2735,AD,BC
13256,182.5,19735,3465,CS,BC
13257,182.5,19738,1211,EE,OC
13258,182.5,19739,5008,CN,OC
13259,182.5,19740,2622,AD,OC
13260,182.5,19743,1419,AD,OC
13261,182.5,19745,2618,EC,OC
13262,182.5,19746,4,PR,SC
13263,182.5,19747,1216,CS,BC
13264,182.5,19748,1304,AD,OC
13265,182.5,19749,2615,ME,OC
13266,182.5,19750,1112,CS,OC
13267,182.5,19751,5910,CS,OC
13268,182.5,19752,2025,AD,MBC
13269,182.5,19753,2702,EC,BC
13270,182.5,19754,2006,MY,OC
13271,182.5,19755,1216,EC,OC
13272,182.5,19756,3908,CS,OC
13273,182.5,19757,1419,CS,BC
13274,182.5,19758,2702,AD,MBC
13275,182.5,19759,4962,CS,BC
13276,182.5,19760,1026,CS,OC
13277,182.5,19761,2702,AL,OC
13278,182.5,19763,2751,AD,OC
13279,182.5,19764,2702,EC,BC
13280,182.5,19765,1211,AD,MBC
13281,182.5,19767,2005,IB,OC
13282,182.5,19768,5910,CS,OC
13283,182.5,19769,1211,EC,MBC
13284,182.5,19770,2711,CS,BC
13285,182.5,19771,2722,EC,BCM
13286,182.5,19772,2739,AM,BC
13287,182.5,19774,2005,IB,OC
13288,182.5,19775,2702,EC,BC
13289,182.5,19777,2,TX,OC
13290,182.5,19779,1324,EC,OC
13291,182.5,19780,2712,MZ,BC
13292,182.5,19781,1450,IT,BC
13293,182.5,19782,2006,CN,MBC
13294,182.5,19783,4962,EC,OC
13295,182.5,19785,2718,CJ,BC
13296,182.5,19786,2702,AL,OC
13297,182.5,19787,5,IT,OC
13298,182.5,19788,2722,AD,BC
13299,182.5,19789,2005,ME,MBC
13300,182.5,19792,4020,AD,OC
13301,182.5,19794,1216,EC,OC
13302,182.5,19796,2025,AD,BC
13303,182.5,19797,1399,CS,SC
13304,182.5,19798,2764,CB,BC
13305,182.5,19799,4672,EC,OC
13306,182.5,19801,1419,CS,BC
13307,182.5,19802,4962,CS,BC
13308,182.5,19803,2711,CS,MBC
13309,182.5,19804,2722,CS,BC
13310,182.5,19805,2369,EC,OC
13311,182.5,19806,2739,AM,BC
13312,182.5,19808,1,BY,SC
13313,182.5,19809,3465,CS,BC
13314,182.5,19810,2764,EE,OC
13315,182.5,19811,2025,EC,MBC
13316,182.5,19812,3456,CS,OC
13317,182.5,19813,2357,AD,OC
13318,182.5,19815,2706,SC,OC
13319,182.5,19816,2736,CS,OC
13320,182.5,19817,2702,AD,BC
13321,182.5,19821,2025,CS,BC
13322,182.5,19823,4,EM,ST
13323,182.5,19825,2006,PN,BC
13324,182.5,19826,2711,CS,BC
13325,182.5,19827,2005,EE,SC
13326,182.5,19828,2711,EC,OC
13327,182.5,19829,1432,AD,MBC
13328,182.5,19830,2702,AD,BC
13329,182.5,19831,3826,EC,OC
13330,182.5,19832,1419,EC,OC
13331,182.5,19833,5009,CS,OC
13332,182.5,19835,2,PP,MBC
13333,182.5,19839,2710,EC,BC
13334,182.5,19840,1211,EE,BC
13335,182.5,19841,1317,CS,BC
13336,182.5,19842,1516,EC,OC
13337,182.5,19843,1211,CD,OC
13338,182.5,19844,2722,CS,BC
13339,182.5,19845,1304,CS,BC
13340,182.5,19846,2722,AM,OC
13341,182.5,19847,1419,AD,OC
13342,182.5,19848,2702,IT,BC
13343,182.5,19851,3016,EC,OC
13344,182.5,19852,5842,CS,OC
13345,182.5,19853,1211,AD,MBC
13346,182.5,19854,1516,CS,MBC
13347,182.5,19855,2739,AD,MBC
13348,182.5,19856,2722,IT,OC
13349,182.5,19857,2710,SC,BC
13350,182.5,19858,2722,CS,BCM
13351,182.5,19863,3811,IT,OC
13352,182.5,19864,4962,CS,BC
13353,182.5,19866,1237,EC,OC
13354,182.5,19868,1324,CS,OC
13355,182.5,19869,2708,ME,OC
13356,182.5,19870,2007,EM,SCA
13357,182.5,19871,4960,IT,OC
13358,182.5,19872,2712,CE,OC
13359,182.5,19874,2007,CN,MBC
13360,182.5,19877,2712,MZ,BC
13361,182.5,19878,2369,CS,OC
13362,182.5,19879,2711,EC,OC
13363,182.5,19881,1211,CD,OC
13364,182.5,19882,2739,CB,OC
13365,182.5,19883,1317,EC,OC
13366,182.5,19885,2764,AD,MBC
13367,182.5,19886,2702,IT,BC
13368,182.5,19887,1112,CS,OC
13369,182.5,19888,2702,IT,BC
13370,182.5,19889,4960,EC,OC
13371,182.5,19889,1,XC,BC
13372,182.5,19891,1219,EC,MBC
13373,182.5,19892,2722,IT,OC
13374,182.5,19896,2735,AD,BC
13375,182.5,19897,5986,CS,BC
13376,182.5,19898,3819,CS,OC
13377,182.5,19899,1419,IT,OC
13378,182.5,19901,2005,CE,OC
13379,182.5,19902,2007,CH,MBC
13380,182.5,19903,2702,AD,MBC
13381,182.5,19904,2711,CS,MBC
13382,182.5,19906,2710,EV,OC
13383,182.5,19908,4974,EE,OC
13384,182.5,19910,1113,IT,BC
13385,182.5,19911,1112,CS,OC
13386,182.5,19912,1216,AD,OC
13387,182.5,19917,1432,AD,BCM
13388,182.5,19919,1432,EV,OC
13389,182.5,19922,1216,CS,BC
13390,182.5,19923,2711,CS,BCM
13391,182.5,19924,2,PM,MBC
13392,182.5,19925,2615,ME,OC
13393,182.5,19927,2357,AG,OC
13394,182.5,19928,2722,SC,OC
13395,182.5,19929,2377,CS,SC
13396,182.5,19932,2718,EE,MBC
13397,182.5,19934,1216,CS,BC
13398,182.5,19935,1226,AD,OC
13399,182.5,19936,2622,CS,OC
13400,182.5,19938,2711,EC,OC
13401,182.5,19939,2739,AM,BC
13402,182.5,19940,2722,EC,BC
13403,182.5,19941,1399,CS,SC
13404,182.5,19944,2377,CS,SC
13405,182.5,19945,5008,ME,BCM
13406,182.5,19947,1413,CS,OC
13407,182.5,19948,5986,CS,BC
13408,182.5,19949,2751,CS,OC
13409,182.5,19951,2711,AD,OC
13410,182.5,19952,3465,EC,OC
13411,182.5,19953,2618,CS,OC
13412,182.5,19954,1304,CS,BC
13413,182.5,19955,2702,IT,BC
13414,182.5,19957,1432,CO,MBC
13415,182.5,19958,2764,AD,MBC
13416,182.5,19959,4960,EC,OC
13417,182.5,19960,1419,AD,OC
13418,182.5,19961,1211,EC,MBC
13419,182.5,19963,2708,CS,OC
13420,182.5,19965,5,IT,OC
13421,182.5,19967,1324,CS,OC
13422,182.5,19969,1112,CS,OC
13423,182.5,19970,2711,IT,OC
13424,182.5,19971,2718,EE,MBC
13425,182.5,19972,1013,EC,OC
13426,182.5,19973,1432,EV,OC
13427,182.5,19975,3810,AD,OC
13428,182.5,19977,2702,AL,OC
13429,182.5,19979,1399,CS,SC
13430,182.5,19980,1432,AM,BC
13431,182.5,19981,2739,CB,OC
13432,182.5,19989,3819,CS,OC
13433,182.5,19990,1419,IT,OC
13434,182.5,19991,5008,CN,OC
13435,182.5,19992,2709,IT,MBC
13436,182.5,19995,2005,CE,BC
13437,182.5,19996,4975,CS,OC
13438,182.5,19997,2702,IT,BC
13439,182.5,19999,5910,CS,OC
13440,182.5,20000,2005,CE,BC
13441,182.5,20001,2751,AD,OC
13442,182.5,20003,2702,CS,BCM
13443,182.5,20004,1211,AL,MBC
13444,182.5,20006,1408,CS,OC
13445,182.5,20010,2007,CH,MBC
13446,182.5,20011,1113,EC,MBC
13447,182.5,20012,1450,EC,MBC
13448,182.5,20013,2722,EC,BC
13449,182.5,20014,2739,EC,BCM
13450,182.5,20015,1432,AD,BC
13451,182.5,20018,2618,CS,OC
13452,182.5,20019,1211,AD,MBC
13453,182.5,20021,2718,EE,MBC
13454,182.5,20025,2722,CS,BC
13455,182.5,20032,2622,IT,OC
13456,182.5,20033,1211,CD,MBC
13457,182.5,20034,4974,EE,OC
13458,182.5,20035,3011,CS,MBC
13459,182.5,20036,2006,MT,BC
13460,182.5,20039,1149,AD,OC
13461,182.5,20042,5921,EC,OC
13462,182.5,20043,1304,CS,BC
13463,182.5,20044,5008,MF,BC
13464,182.5,20045,2739,EE,OC
13465,182.5,20046,2603,CS,BCM
13466,182.5,20047,1128,AD,OC
13467,182.5,20048,4678,IT,OC
13468,182.5,20049,2702,IT,BC
13469,182.5,20050,1113,IT,BC
13470,182.5,20051,5904,CS,OC
13471,182.5,20052,2702,EC,MBC
13472,182.5,20055,5904,CS,OC
13473,182.5,20058,2710,EC,BC
13474,182.5,20059,2736,IT,OC
13475,182.5,20060,3795,AD,OC
13476,182.5,20061,2712,AD,SC
13477,182.5,20062,1419,IT,OC
13478,182.5,20063,2739,AM,BC
13479,182.5,20064,5008,MG,MBC
13480,182.5,20065,1432,CB,OC
13481,182.5,20066,4962,EE,OC
13482,182.5,20070,2719,CS,BC
13483,182.5,20072,1211,EC,MBC
13484,182.5,20074,4962,EC,OC
13485,182.5,20075,3819,EC,OC
13486,182.5,20076,2719,EC,OC
13487,182.5,20077,2710,EE,OC
13488,182.5,20078,2618,AD,OC
13489,182.5,20080,4971,CS,OC
13490,182.5,20081,2722,EC,BC
13491,182.5,20082,1112,CS,OC
13492,182.5,20084,1419,EC,OC
13493,182.5,20085,2764,CB,BC
13494,182.5,20086,2710,SC,MBC
13495,182.5,20088,5986,CS,BC
13496,182.5,20089,3410,EC,OC
13497,182.5,20090,1432,AM,BC
13498,182.5,20092,1216,AD,OC
13499,182.5,20093,2751,CS,OC
13500,182.5,20094,2750,CS,OC
13501,182.5,20095,2718,ME,OC
13502,182.5,20096,1216,CS,BC
13503,182.5,20098,1432,CS,MBC
13504,182.5,20099,1304,CS,BC
13505,182.5,20102,5986,CS,BC
13506,182.5,20104,1309,CS,OC
13507,182.5,20105,2702,AD,BC
13508,182.5,20106,2751,IT,OC
13509,182.5,20108,1210,CS,OC
13510,182.5,20110,5008,MF,BC
13511,182.5,20112,3795,AD,OC
13512,182.5,20113,2702,CS,MBC
13513,182.5,20116,3830,AD,OC
13514,182.5,20117,2702,IT,BC
13515,182.5,20119,2702,CB,OC
13516,182.5,20121,1399,IT,SC
13517,182.5,20122,4960,CS,MBC
13518,182.5,20124,1304,AD,OC
13519,182.5,20125,2764,CH,OC
13520,182.5,20127,2722,AD,BCM
13521,182.5,20128,2739,AM,BCM
13522,182.5,20129,2764,EE,OC
13523,182.5,20130,2711,AD,OC
13524,182.5,20131,5901,EE,BC
13525,182.5,20132,1450,IT,SC
13526,182.5,20133,1219,EE,OC
13527,182.5,20134,4960,CS,MBC
13528,182.5,20135,2764,IT,MBC
13529,182.5,20136,2764,AD,MBC
13530,182.5,20140,2653,CS,OC
13531,182.5,20141,1317,AD,OC
13532,182.5,20142,1113,AD,BC
13533,182.5,20143,1112,CS,OC
13534,182.5,20144,5008,CG,SC
13535,182.5,20145,2709,EC,BC
13536,182.5,20148,5008,EM,SC
13537,182.5,20149,1432,AD,BC
13538,182.5,20150,1112,EC,OC
13539,182.5,20151,4020,CS,OC
13540,182.5,20153,2702,IT,MBC
13541,182.5,20156,2722,CI,OC
13542,182.5,20157,1216,CS,MBC
13543,182.5,20158,2025,CS,BC
13544,182.5,20162,2369,CS,OC
13545,182.5,20163,1211,AD,MBC
13546,182.5,20164,2739,CB,OC
13547,182.5,20166,2025,EE,OC
13548,182.5,20167,2722,EC,BC
13549,182.5,20168,4960,EC,OC
13550,182.5,20169,1432,EV,OC
13551,182.5,20171,1321,PA,OC
13552,182.5,20172,2702,AD,BC
13553,182.5,20173,1309,EC,OC
13554,182.5,20174,2702,IT,BC
13555,182.5,20175,2005,CE,MBC
13556,182.5,20177,2735,CS,OC
13557,182.5,20179,2329,AD,OC
13558,182.5,20182,1419,IT,OC
13559,182.5,20183,2711,CS,BC
13560,182.5,20184,2739,CB,BC
13561,182.5,20186,1315,EE,SC
13562,182.5,20189,2702,EC,BC
13563,182.5,20191,5901,CE,OC
13564,182.5,20192,2702,AD,BC
13565,182.5,20193,2751,AD,OC
13566,182.5,20195,1432,BT,OC
13567,182.5,20197,2608,CS,OC
13568,182.5,20198,2764,CB,BC
13569,182.5,20199,2636,EC,OC
13570,182.5,20200,2735,IT,OC
13571,182.5,20203,4,RP,OC
13572,182.5,20206,5986,CS,BC
13573,182.5,20207,2702,IT,BC
13574,182.5,20209,2739,AD,MBC
13575,182.5,20210,5986,SC,OC
13576,182.5,20211,1304,EC,OC
13577,182.5,20212,2377,ME,MBC
13578,182.5,20215,1304,EC,OC
13579,182.5,20217,1,ME,SCA
13580,182.5,20218,2702,EC,BC
13581,182.5,20219,4974,EC,MBC
13582,182.5,20220,2006,ME,SC
13583,182.5,20222,4962,IT,OC
13584,182.5,20223,1113,AD,MBC
13585,182.5,20228,1211,AL,BCM
13586,182.5,20229,1211,AL,BCM
13587,182.5,20230,5008,MF,BC
13588,182.5,20231,5008,EM,SC
13589,182.5,20232,1419,AM,OC
13590,182.5,20234,4962,IT,OC
13591,182.5,20235,2,FS,MBC
13592,182.5,20236,1432,EV,OC
13593,182.5,20237,2,FS,SC
13594,182.5,20238,2722,IT,OC
13595,182.5,20241,1304,CS,BCM
13596,182.5,20248,2702,IT,MBC
13597,182.5,20249,2719,EC,OC
13598,182.5,20251,1112,CS,OC
13599,182.5,20252,1219,EE,OC
13600,182.5,20255,5901,EE,MBC
13601,182.5,20256,2752,EC,OC
13602,182.5,20257,2719,CS,MBC
13603,182.5,20259,1432,CO,BC
13604,182.5,20261,4974,EC,MBC
13605,182.5,20264,2711,CS,BC
13606,182.5,20265,5008,MF,BC
13607,182.5,20266,4960,IT,OC
13608,182.5,20267,1432,AM,BC
13609,182.5,20268,1112,CS,OC
13610,182.5,20269,2710,EC,BC
13611,182.5,20271,2722,AD,BCM
13612,182.5,20273,1304,CS,MBC
13613,182.5,20274,2702,AL,OC
13614,182.5,20276,1399,ME,MBC
13615,182.5,20277,1399,ME,BC
13616,182.5,20279,2007,CE,MBC
13617,182.5,20280,1211,CD,MBC
13618,182.5,20281,2711,EC,OC
13619,182.5,20284,1219,EE,OC
13620,182.5,20285,2735,CS,OC
13621,182.5,20286,2764,AM,MBC
13622,182.5,20289,2702,EE,OC
13623,182.5,20291,1432,AD,BC
13624,182.5,20292,1317,AD,OC
13625,182.5,20293,2607,EC,OC
13626,182.5,20294,1149,CS,OC
13627,182.5,20299,2722,CS,MBC
13628,182.5,20301,2006,MT,MBC
13629,182.5,20303,1113,EC,BC
13630,182.5,20306,2702,AD,BC
13631,182.5,20307,2711,EC,OC
13632,182.5,20308,1432,CB,OC
13633,182.5,20310,1120,EC,OC
13634,182.5,20312,2731,IT,OC
13635,182.5,20316,1399,ME,BC
13636,182.5,20318,1211,CB,MBC
13637,182.5,20319,1432,AD,MBC
13638,182.5,20320,2702,IT,MBC
13639,182.5,20321,2740,CS,OC
13640,182.5,20322,2,FS,BC
13641,182.5,20323,4678,CS,OC
13642,182.5,20325,2,PP,BCM
13643,182.5,20327,2702,IT,BC
13644,182.5,20328,2702,EC,BC
13645,182.5,20329,2711,IT,OC
13646,182.5,20330,2735,CS,OC
13647,182.5,20333,1516,CS,MBC
13648,182.5,20335,2722,IT,OC
13649,182.5,20336,2329,AD,OC
13650,182.5,20339,2735,CS,OC
13651,182.5,20340,1432,AM,BC
13652,182.5,20341,1419,CS,BC
13653,182.5,20343,1113,IT,BC
13654,182.5,20345,1211,AD,MBC
13655,182.5,20347,1432,AD,BC
13656,182.5,20348,4960,EC,OC
13657,182.5,20350,1219,EE,OC
13658,182.5,20351,4962,CS,BC
13659,182.5,20352,2711,CS,SC
13660,182.5,20353,1317,EC,OC
13661,182.5,20355,1309,CS,OC
13662,182.5,20357,2,FS,BC
13663,182.5,20358,1219,BT,OC
13664,182.5,20361,2711,IT,OC
13665,182.5,20364,2751,AM,OC
13666,182.5,20365,1419,AD,OC
13667,182.5,20366,1211,CD,BC
13668,182.5,20368,1211,AD,MBC
13669,182.5,20370,2739,AM,BC
13670,182.5,20372,2718,CS,SC
13671,182.5,20374,2006,AS,OC
13672,182.5,20376,2702,CS,MBC
13673,182.5,20377,1399,CE,MBC
13674,182.5,20379,2722,EC,BC
13675,182.5,20384,2702,CS,MBC
13676,182.5,20385,3819,CS,OC
13677,182.5,20387,4960,CS,BC
13678,182.5,20392,1,PT,BC
13679,182.5,20393,1399,ME,BC
13680,182.5,20396,2702,AD,BC
13681,182.5,20397,2706,EC,OC
13682,182.5,20398,1432,AD,BCM
13683,182.5,20399,1211,EC,MBC
13684,182.5,20403,2735,CS,OC
13685,182.5,20405,2006,AS,OC
13686,182.5,20406,2731,IT,OC
13687,182.5,20410,2719,EC,OC
13688,182.5,20411,2711,IT,OC
13689,182.5,20412,2603,CS,BC
13690,182.5,20413,4,PR,SC
13691,182.5,20415,2,PM,SC
13692,182.5,20417,1317,CS,BC
13693,182.5,20419,1432,CB,OC
13694,182.5,20420,2719,EC,OC
13695,182.5,20428,3819,CS,OC
13696,182.5,20430,2710,SC,MBC
13697,182.5,20431,1432,AM,MBC
13698,182.5,20432,1211,EE,BC
13699,182.5,20434,1419,AM,OC
13700,182.4,20436,1211,BT,OC
13701,182.3,20438,1,GI,SC
13702,182.3,20439,2734,SB,OC
13703,182.2,20440,3465,CS,BC
13704,182.2,20441,2006,RA,SC
13705,182.2,20442,2005,CE,MBC
13706,182.2,20443,2726,EC,OC
13707,182.2,20444,1399,ME,MBC
13708,182.1,20445,1216,CS,BC
13709,182.1,20446,1211,AE,OC
13710,182.0,20447,2734,SB,OC
13711,182.0,20449,2764,IT,MBC
13712,182.0,20450,1211,EE,BC
13713,182.0,20451,2702,AD,BC
13714,182.0,20452,2710,AD,BCM
13715,182.0,20454,2710,EC,BC
13716,182.0,20456,3425,AD,OC
13717,182.0,20457,4974,EE,BC
13718,182.0,20458,2723,AD,OC
13719,182.0,20459,1450,IT,BC
13720,182.0,20462,5008,CN,OC
13721,182.0,20463,2722,EC,BC
13722,182.0,20464,1304,IT,OC
13723,182.0,20465,2711,CS,BC
13724,182.0,20466,2007,MF,MBC
13725,182.0,20467,2622,IT,OC
13726,182.0,20468,2025,AD,SC
13727,182.0,20469,2711,IT,OC
13728,182.0,20470,4020,CS,OC
13729,182.0,20471,2711,EC,OC
13730,182.0,20472,2739,AD,MBC
13731,182.0,20473,2739,AM,BC
13732,182.0,20474,2,PM,MBC
13733,182.0,20475,2722,IT,OC
13734,182.0,20477,1432,CO,BC
13735,182.0,20478,2712,ME,OC
13736,182.0,20479,2006,MT,BC
13737,182.0,20481,2711,EC,OC
13738,182.0,20482,2653,EC,OC
13739,182.0,20483,4971,AD,OC
13740,182.0,20484,5901,ME,OC
13741,182.0,20485,4023,CS,OC
13742,182.0,20486,2722,IT,OC
13743,182.0,20488,2702,AD,BC
13744,182.0,20489,2005,ME,MBC
13745,182.0,20490,2712,AE,BC
13746,182.0,20491,5901,EC,SC
13747,182.0,20492,2710,EV,OC
13748,182.0,20493,1211,AD,MBC
13749,182.0,20495,5901,EE,MBC
13750,182.0,20496,2722,IT,OC
13751,182.0,20497,4680,SC,OC
13752,182.0,20498,5010,EC,OC
13753,182.0,20499,1304,CS,MBC
13754,182.0,20500,4974,CE,OC
13755,182.0,20502,2603,EC,OC
13756,182.0,20504,3011,CS,MBC
13757,182.0,20505,3807,AD,OC
13758,182.0,20507,1149,IT,OC
13759,182.0,20508,1432,AD,MBC
13760,182.0,20509,1211,MZ,OC
13761,182.0,20510,2712,EC,SCA
13762,182.0,20511,2,FS,BC
13763,182.0,20513,5008,IM,SC
13764,182.0,20514,2739,AM,MBC
13765,182.0,20516,2711,CS,MBC
13766,182.0,20517,1315,EE,SC
13767,182.0,20518,1432,EV,OC
13768,182.0,20521,2710,SC,MBC
13769,182.0,20522,1128,CS,OC
13770,182.0,20524,2751,AD,OC
13771,182.0,20525,2006,MS,BC
13772,182.0,20527,2718,CJ,MBC
13773,182.0,20528,2722,CS,BC
13774,182.0,20529,1424,CS,OC
13775,182.0,20530,2005,ME,BC
13776,182.0,20531,3011,CS,MBC
13777,182.0,20532,2751,AD,OC
13778,182.0,20534,1211,AD,MBC
13779,182.0,20535,5,EE,OC
13780,182.0,20538,2708,AL,MBC
13781,182.0,20539,2711,CS,BC
13782,182.0,20540,1,XC,MBC
13783,182.0,20541,1,XC,SC
13784,182.0,20544,2739,AM,BC
13785,182.0,20545,4962,CS,BC
13786,182.0,20547,5910,EC,OC
13787,182.0,20549,2739,CS,MBC
13788,182.0,20550,2702,AL,OC
13789,182.0,20551,2618,AD,OC
13790,182.0,20553,2702,IT,BC
13791,182.0,20554,2711,IT,OC
13792,182.0,20555,2722,CS,BC
13793,182.0,20557,2735,CS,OC
13794,182.0,20558,2006,MS,BC
13795,182.0,20560,5986,EC,OC
13796,182.0,20561,1216,EC,OC
13797,182.0,20563,2764,EE,OC
13798,182.0,20564,2711,EC,OC
13799,182.0,20565,2706,CS,MBC
13800,182.0,20568,1419,CS,BC
13801,182.0,20570,1419,IT,OC
13802,182.0,20571,1304,AD,OC
13803,182.0,20573,1113,EC,MBC
13804,182.0,20574,2653,CS,OC
13805,182.0,20575,2710,IT,MBC
13806,182.0,20576,2709,EC,BC
13807,182.0,20577,2005,IB,OC
13808,182.0,20581,5901,EE,BC
13809,182.0,20582,2006,ME,SC
13810,182.0,20583,1202,AD,OC
13811,182.0,20585,1026,CS,OC
13812,182.0,20587,4974,EE,BC
13813,182.0,20589,2708,SC,OC
13814,182.0,20590,2702,AD,BC
13815,182.0,20592,2735,CS,OC
13816,182.0,20593,2025,EC,BC
13817,182.0,20594,1419,EC,MBC
13818,182.0,20595,1211,CD,BC
13819,182.0,20596,2005,ME,BC
13820,182.0,20597,5901,EE,BC
13821,182.0,20598,2005,ME,MBC
13822,182.0,20599,1432,AD,BC
13823,182.0,20600,2706,IT,OC
13824,182.0,20602,1432,AM,BC
13825,182.0,20603,2653,IT,OC
13826,182.0,20604,2726,AO,OC
13827,182.0,20606,4971,CS,OC
13828,182.0,20608,2739,AD,MBC
13829,182.0,20609,2007,EE,SC
13830,182.0,20611,2702,IT,BC
13831,182.0,20612,2764,EC,MBC
13832,182.0,20613,1210,AD,OC
13833,182.0,20615,2711,IT,OC
13834,182.0,20617,2006,PR,MBC
13835,182.0,20618,1432,EV,OC
13836,182.0,20619,2739,AM,BC
13837,182.0,20620,1450,IT,BC
13838,182.0,20622,4023,EC,OC
13839,182.0,20624,2722,CS,BC
13840,182.0,20625,1211,EE,BC
13841,182.0,20627,1210,CS,OC
13842,182.0,20628,2711,EC,OC
13843,182.0,20629,2711,AL,OC
13844,182.0,20630,1420,CS,OC
13845,182.0,20633,2711,IT,OC
13846,182.0,20634,1219,EE,OC
13847,182.0,20635,1432,CB,OC
13848,182.0,20637,1211,AL,MBC
13849,182.0,20638,2736,AD,OC
13850,182.0,20639,2706,AD,OC
13851,182.0,20640,2739,AD,MBC
13852,182.0,20641,2712,CE,OC
13853,182.0,20642,1432,AD,BC
13854,182.0,20644,2712,BT,MBC
13855,182.0,20646,2722,CS,BC
13856,182.0,20647,4960,CE,OC
13857,182.0,20648,2709,IT,MBC
13858,182.0,20649,4020,CS,OC
13859,182.0,20650,2722,CS,MBC
13860,182.0,20654,1324,CI,OC
13861,182.0,20655,1450,AD,MBC
13862,182.0,20656,2007,EE,SC
13863,182.0,20657,2706,CS,BC
13864,182.0,20658,2704,AD,OC
13865,182.0,20659,2751,AD,OC
13866,182.0,20661,2615,CE,OC
13867,182.0,20663,2639,SC,OC
13868,182.0,20665,2005,ME,MBC
13869,182.0,20666,2,PM,BC
13870,182.0,20669,4023,CS,OC
13871,182.0,20671,5008,CS,SCA
13872,182.0,20673,2711,EC,OC
13873,182.0,20675,2622,CS,OC
13874,182.0,20676,1432,AD,MBC
13875,182.0,20677,2764,AD,MBC
13876,182.0,20678,1113,EE,OC
13877,182.0,20679,1324,CS,OC
13878,182.0,20680,1113,CS,SC
13879,182.0,20681,1304,IT,OC
13880,182.0,20682,2005,ME,BC
13881,182.0,20683,1432,CO,BC
13882,182.0,20684,2618,AD,OC
13883,182.0,20686,1450,IT,BC
13884,182.0,20687,2369,CS,OC
13885,182.0,20688,1399,CE,MBC
13886,182.0,20689,1113,EE,OC
13887,182.0,20690,4020,EC,OC
13888,182.0,20694,2,CR,OC
13889,182.0,20696,2005,ME,BC
13890,182.0,20700,1419,CS,BC
13891,182.0,20703,1450,IT,MBC
13892,182.0,20706,5008,EM,SC
13893,182.0,20708,2739,AM,BC
13894,182.0,20709,2005,ME,BC
13895,182.0,20710,2005,ME,BC
13896,182.0,20712,2764,CB,BC
13897,182.0,20713,1211,CD,BC
13898,182.0,20714,1211,AL,MBC
13899,182.0,20715,4023,EC,OC
13900,182.0,20717,2005,PR,OC
13901,182.0,20718,2715,AD,OC
13902,182.0,20719,2722,CS,MBC
13903,182.0,20720,2719,AD,BC
13904,182.0,20721,4962,AD,OC
13905,182.0,20723,2025,EE,OC
13906,182.0,20724,2005,CE,BC
13907,182.0,20726,1412,AD,OC
13908,182.0,20727,2702,IT,BC
13909,182.0,20728,2711,CS,BC
13910,182.0,20729,5010,CS,OC
13911,182.0,20730,1432,CB,BC
13912,182.0,20731,1432,CS,BCM
13913,182.0,20733,1317,CS,BC
13914,182.0,20735,5010,CS,OC
13915,182.0,20736,2722,SC,OC
13916,182.0,20737,1309,CS,OC
13917,182.0,20739,2711,EC,OC
13918,182.0,20740,2601,AD,OC
13919,182.0,20741,2722,CS,BC
13920,182.0,20744,4960,EC,OC
13921,182.0,20745,1516,CS,BCM
13922,182.0,20746,3011,EC,OC
13923,182.0,20747,1309,CS,OC
13924,182.0,20748,1419,EC,BC
13925,182.0,20750,2719,AD,BC
13926,182.0,20751,2710,SC,MBC
13927,182.0,20754,1219,EC,MBC
13928,182.0,20755,2007,MF,BC
13929,182.0,20756,1419,IT,OC
13930,182.0,20757,2702,IT,BC
13931,182.0,20758,1422,CS,OC
13932,182.0,20759,1450,AD,BC
13933,182.0,20760,1419,EC,BC
13934,182.0,20762,1311,EC,OC
13935,182.0,20766,2727,CS,OC
13936,182.0,20767,1432,CB,BC
13937,182.0,20769,2764,IT,BCM
13938,182.0,20770,2722,CS,MBC
13939,182.0,20771,2702,IT,BC
13940,182.0,20772,2702,EC,BC
13941,182.0,20774,4971,AD,OC
13942,182.0,20775,2706,AD,OC
13943,182.0,20778,5,ME,OC
13944,182.0,20779,1422,AD,OC
13945,182.0,20781,2722,IT,OC
13946,182.0,20782,5910,CS,OC
13947,182.0,20783,1210,CS,OC
13948,182.0,20784,2712,BT,MBC
13949,182.0,20786,1450,ME,OC
13950,182.0,20788,2702,EC,BC
13951,182.0,20789,2006,MS,MBC
13952,182.0,20794,1304,CD,OC
13953,182.0,20795,2722,CS,MBC
13954,182.0,20796,1211,CH,OC
13955,182.0,20797,2711,EC,OC
13956,182.0,20798,2764,EC,BCM
13957,182.0,20799,2618,EE,OC
13958,182.0,20800,1216,CS,BC
13959,182.0,20801,1309,CS,OC
13960,182.0,20802,4959,EC,OC
13961,182.0,20803,2764,CB,BC
13962,182.0,20807,1432,CO,MBC
13963,182.0,20808,2711,CS,BCM
13964,182.0,20809,4023,CS,OC
13965,182.0,20810,2751,SC,OC
13966,182.0,20811,2764,CE,OC
13967,182.0,20812,1419,AD,OC
13968,182.0,20813,2005,ME,BC
13969,182.0,20814,1210,CS,OC
13970,182.0,20815,2739,SC,BC
13971,182.0,20818,3011,IT,OC
13972,182.0,20820,2702,AD,MBC
13973,182.0,20821,2702,AD,BC
13974,182.0,20823,5901,EE,BC
13975,182.0,20824,2702,AL,OC
13976,182.0,20826,5910,CS,OC
13977,182.0,20827,4,RP,OC
13978,182.0,20831,2710,EV,OC
13979,182.0,20832,1399,CS,SC
13980,182.0,20835,3819,CS,OC
13981,182.0,20836,5986,AD,OC
13982,182.0,20837,2702,EC,BC
13983,182.0,20838,2739,EC,MBC
13984,182.0,20840,1304,SC,OC
13985,182.0,20842,2735,CS,OC
13986,182.0,20843,1216,CS,BC
13987,182.0,20844,2653,CS,OC
13988,182.0,20846,3843,AD,OC
13989,182.0,20847,4962,CS,BC
13990,182.0,20848,1432,AD,MBC
13991,182.0,20849,4,RP,OC
13992,182.0,20850,1113,EV,OC
13993,182.0,20852,2731,IT,OC
13994,182.0,20853,5901,EE,MBC
13995,182.0,20854,1419,EC,BC
13996,182.0,20855,2618,AD,OC
13997,182.0,20856,1113,EC,BC
13998,182.0,20857,1307,AD,OC
13999,182.0,20859,1419,SC,OC
14000,182.0,20860,1210,AD,OC
14001,182.0,20861,5008,CN,OC
14002,182.0,20862,4962,CS,BC
14003,182.0,20864,2740,AD,OC
14004,182.0,20865,4,RP,OC
14005,182.0,20866,2752,EC,OC
14006,182.0,20867,2005,ME,BC
14007,182.0,20872,2603,EC,BC
14008,182.0,20873,2005,CE,MBC
14009,182.0,20874,5008,CM,SC
14010,182.0,20876,2722,CS,MBC
14011,182.0,20878,2007,IM,SCA
14012,182.0,20879,2006,AS,BC
14013,182.0,20880,2710,EV,OC
14014,182.0,20881,2719,CS,MBC
14015,182.0,20882,5910,CS,OC
14016,182.0,20883,2711,IT,OC
14017,182.0,20884,2710,EV,OC
14018,182.0,20885,2377,EE,SC
14019,182.0,20886,2,CH,SC
14020,182.0,20887,2007,ME,SCA
14021,182.0,20889,1113,CB,BC
14022,182.0,20890,2005,ME,BC
14023,182.0,20892,2719,IT,OC
14024,182.0,20893,2719,EC,OC
14025,182.0,20894,2736,CS,OC
14026,182.0,20895,5986,IT,OC
14027,182.0,20897,2025,AD,BC
14028,182.0,20898,1211,AL,BCM
14029,182.0,20899,2603,EC,MBC
14030,182.0,20900,2710,EC,BC
14031,182.0,20901,2005,IB,OC
14032,182.0,20902,3011,CS,BC
14033,182.0,20904,5986,AD,OC
14034,182.0,20905,3465,CS,MBC
14035,182.0,20907,2710,EC,BC
14036,182.0,20908,4023,CS,OC
14037,182.0,20909,2711,EC,BC
14038,182.0,20910,1317,EC,OC
14039,182.0,20911,1,XC,BC
14040,182.0,20912,4962,CS,BC
14041,182.0,20913,2711,IT,OC
14042,182.0,20914,2702,IT,BC
14043,182.0,20915,5,EC,OC
14044,182.0,20916,4962,EC,OC
14045,182.0,20918,2702,IT,MBC
14046,182.0,20924,2706,AD,OC
14047,182.0,20926,2722,CS,BC
14048,182.0,20927,1113,CB,MBC
14049,182.0,20931,5,CS,OC
14050,182.0,20933,1419,IT,OC
14051,182.0,20934,1432,AM,BC
14052,182.0,20935,2007,MF,BC
14053,182.0,20938,2615,ME,OC
14054,182.0,20939,4960,CS,BC
14055,182.0,20940,1422,CS,OC
14056,182.0,20942,2735,CS,OC
14057,182.0,20943,2739,CS,MBC
14058,182.0,20944,2618,CS,OC
14059,182.0,20945,2711,EC,BC
14060,182.0,20946,1422,CS,MBC
14061,182.0,20947,2764,CS,BCM
14062,182.0,20949,5,CS,OC
14063,182.0,20952,1432,CB,BC
14064,182.0,20953,2711,AD,OC
14065,182.0,20954,2706,CS,BC
14066,182.0,20955,2025,AD,BC
14067,182.0,20958,2710,EC,BC
14068,182.0,20959,1113,IT,BC
14069,182.0,20960,2736,AD,OC
14070,182.0,20961,2005,CE,MBC
14071,182.0,20962,1216,EC,OC
14072,182.0,20965,1432,EC,MBC
14073,182.0,20970,1419,EC,BC
14074,182.0,20973,2603,EC,BC
14075,182.0,20974,2005,CE,SC
14076,182.0,20975,1450,AD,BC
14077,182.0,20976,2706,IT,OC
14078,182.0,20977,4,RP,OC
14079,182.0,20979,2722,CI,OC
14080,182.0,20980,2722,IT,OC
14081,182.0,20982,2751,CS,OC
14082,182.0,20984,1317,AL,OC
14083,182.0,20985,2006,MS,BC
14084,182.0,20986,2706,CS,BC
14085,182.0,20987,2702,AL,OC
14086,182.0,20988,2711,EC,BC
14087,182.0,20989,2,LE,OC
14088,182.0,20990,1216,CS,BC
14089,182.0,20992,1113,AD,MBC
14090,182.0,20994,5901,CE,OC
14091,182.0,20997,2005,ME,BC
14092,182.0,20998,2603,EC,MBC
14093,182.0,20999,2719,EE,OC
14094,182.0,21000,2722,CI,OC
14095,182.0,21002,1321,MN,OC
14096,182.0,21003,2736,CS,OC
14097,182.0,21005,2710,EC,BC
14098,182.0,21007,4,RP,OC
14099,182.0,21009,1324,CS,OC
14100,182.0,21011,1399,ME,BC
14101,182.0,21014,2710,EC,MBC
14102,182.0,21019,2722,CS,BC
14103,182.0,21020,1211,EE,MBC
14104,182.0,21021,1419,CS,BC
14105,182.0,21023,2735,CS,OC
14106,182.0,21024,1113,AD,MBC
14107,182.0,21027,2702,IT,BCM
14108,182.0,21029,2711,IT,OC
14109,182.0,21030,2006,AS,BC
14110,182.0,21032,1219,EC,MBC
14111,182.0,21033,1113,IT,BC
14112,182.0,21034,1450,IT,MBC
14113,182.0,21035,5910,CS,OC
14114,182.0,21036,1432,CB,BCM
14115,182.0,21037,1304,CS,MBC
14116,182.0,21038,1419,EC,BC
14117,182.0,21039,2712,EI,MBC
14118,182.0,21041,4678,CS,OC
14119,182.0,21042,2377,CS,SCA
14120,182.0,21043,1432,EV,OC
14121,182.0,21044,2735,CS,MBC
14122,182.0,21045,2329,AD,OC
14123,182.0,21047,2615,ME,OC
14124,182.0,21048,2615,CE,OC
14125,182.0,21049,1211,AL,MBC
14126,182.0,21050,4962,CS,BC
14127,182.0,21051,3826,EE,OC
14128,182.0,21055,1304,CS,MBC
14129,182.0,21057,1419,CS,BC
14130,182.0,21058,2702,AD,BC
14131,182.0,21059,5942,IT,OC
14132,182.0,21060,1211,CS,SC
14133,182.0,21063,1211,BM,OC
14134,182.0,21064,2702,IT,BC
14135,182.0,21065,1113,IT,BC
14136,182.0,21067,2007,CE,MBC
14137,182.0,21068,1304,CS,BC
14138,182.0,21071,3011,AM,OC
14139,182.0,21072,1412,CS,OC
14140,182.0,21073,1317,IT,OC
14141,182.0,21075,1317,IT,OC
14142,182.0,21076,1218,CS,OC
14143,182.0,21077,2734,TS,OC
14144,182.0,21078,2719,EE,OC
14145,182.0,21079,2615,CS,SC
14146,182.0,21080,1,IE,SC
14147,182.0,21081,3819,CS,OC
14148,182.0,21082,1399,CS,SC
14149,182.0,21083,2711,AD,OC
14150,182.0,21086,2712,EI,BCM
14151,182.0,21087,1324,CS,OC
14152,182.0,21088,1113,EC,MBC
14153,182.0,21089,2702,AL,OC
14154,182.0,21092,1450,AD,BC
14155,182.0,21100,2711,CS,BC
14156,182.0,21101,2722,AD,BC
14157,182.0,21102,2712,CE,OC
14158,182.0,21103,1113,AD,BC
14159,182.0,21104,2722,EC,BC
14160,182.0,21106,2005,CE,BC
14161,182.0,21108,1450,IT,MBC
14162,182.0,21109,1211,CD,BC
14163,182.0,21111,2702,EC,BC
14164,182.0,21113,2615,CE,OC
14165,182.0,21114,1219,EE,BC
14166,182.0,21115,3807,EC,OC
14167,182.0,21116,2722,CS,MBC
14168,182.0,21119,2751,IT,OC
14169,182.0,21120,1304,CS,BC
14170,182.0,21121,2735,CS,MBC
14171,182.0,21127,1432,CB,BCM
14172,182.0,21128,1304,AD,OC
14173,182.0,21130,1317,CS,BC
14174,182.0,21131,1304,CS,BC
14175,182.0,21132,2611,AD,OC
14176,182.0,21135,2719,CS,MBC
14177,182.0,21137,2711,IT,OC
14178,182.0,21138,2005,ME,MBC
14179,182.0,21139,2764,EC,MBC
14180,182.0,21141,2025,EC,BCM
14181,182.0,21142,4965,CS,OC
14182,182.0,21143,2,IS,MBC
14183,182.0,21145,2711,IT,OC
14184,182.0,21148,2702,AL,OC
14185,182.0,21150,1304,CS,BC
14186,182.0,21152,5008,CN,OC
14187,182.0,21154,1216,CS,MBC
14188,182.0,21156,2719,CS,BC
14189,182.0,21159,1211,AL,BCM
14190,182.0,21160,1304,CS,BC
14191,182.0,21162,2739,EE,OC
14192,182.0,21167,1216,CS,BC
14193,182.0,21168,2711,AD,OC
14194,182.0,21169,1,IE,SC
14195,182.0,21171,1309,CS,OC
14196,182.0,21172,2704,AD,OC
14197,182.0,21173,2702,CB,OC
14198,182.0,21175,2,PM,SC
14199,182.0,21176,2702,EC,BC
14200,182.0,21177,1412,CS,OC
14201,182.0,21178,1432,AM,BC
14202,182.0,21180,2615,CE,OC
14203,182.0,21183,1219,EC,MBC
14204,182.0,21188,2711,CS,BC
14205,182.0,21192,1304,EC,OC
14206,182.0,21197,4,RP,OC
14207,182.0,21198,2702,EC,BC
14208,182.0,21199,2764,EE,BC
14209,182.0,21202,2710,EC,BC
14210,182.0,21203,2006,PN,BC
14211,182.0,21204,1419,CS,MBC
14212,182.0,21206,2622,EC,OC
14213,182.0,21207,1304,AM,OC
14214,182.0,21208,2708,CS,OC
14215,182.0,21209,1516,CS,BC
14216,182.0,21211,1304,AD,OC
14217,182.0,21212,2711,CS,BC
14218,182.0,21213,1211,BM,OC
14219,182.0,21216,2702,AD,BC
14220,182.0,21218,2736,SC,OC
14221,182.0,21220,5986,AD,OC
14222,182.0,21224,2739,AD,MBC
14223,182.0,21225,4974,EE,BC
14224,182.0,21226,4962,EC,OC
14225,182.0,21227,2739,CS,MBC
14226,182.0,21228,1304,AD,OC
14227,182.0,21231,4934,BM,OC
14228,182.0,21232,2025,AD,BC
14229,182.0,21233,2739,SC,BC
14230,182.0,21235,3803,CS,OC
14231,182.0,21237,2005,IT,SCA
14232,182.0,21240,2722,SC,OC
14233,182.0,21242,5910,EC,OC
14234,182.0,21243,2702,EC,BC
14235,182.0,21244,2005,IB,OC
14236,182.0,21245,1120,EE,OC
14237,182.0,21247,2711,EC,BC
14238,182.0,21253,1432,CB,BC
14239,182.0,21255,5008,MF,MBC
14240,182.0,21264,2764,EE,BC
14241,182.0,21265,5008,CN,OC
14242,182.0,21266,4962,CS,BC
14243,182.0,21268,3464,CE,OC
14244,182.0,21272,2712,EI,MBC
14245,182.0,21273,2702,AD,BC
14246,182.0,21274,2711,EC,BC
14247,182.0,21275,1432,CS,MBC
14248,182.0,21276,2712,IT,SC
14249,182.0,21277,2,FS,MBC
14250,182.0,21280,1216,AD,OC
14251,182.0,21283,1211,EE,BC
14252,182.0,21287,2377,CS,SC
14253,182.0,21290,1113,CB,BC
14254,182.0,21291,1,MA,SC
14255,182.0,21293,2710,ME,OC
14256,182.0,21294,4,AU,SC
14257,182.0,21296,2739,EC,MBC
14258,182.0,21298,1128,AD,OC
14259,182.0,21300,1317,CS,BC
14260,182.0,21301,1399,ME,BC
14261,182.0,21307,1219,EE,BC
14262,182.0,21308,2006,IY,SC
14263,182.0,21312,2,FS,BCM
14264,182.0,21313,2710,EC,BC
14265,182.0,21316,2722,SC,OC
14266,182.0,21317,2719,EC,OC
14267,182.0,21320,2,PP,MBC
14268,182.0,21321,5008,EE,SC
14269,182.0,21322,1432,AD,BC
14270,182.0,21324,2702,EC,MBC
14271,182.0,21326,2739,AD,MBC
14272,182.0,21328,2005,ME,MBC
14273,182.0,21335,1113,AD,BC
14274,182.0,21336,5008,CG,SC
14275,182.0,21337,1432,AD,BC
14276,182.0,21338,1211,CD,BC
14277,182.0,21341,2739,EE,OC
14278,182.0,21342,2702,EC,BC
14279,182.0,21344,1516,EC,OC
14280,182.0,21345,5901,EC,SC
14281,182.0,21346,2006,MY,OC
14282,182.0,21347,2712,ME,OC
14283,182.0,21348,1450,AD,BC
14284,182.0,21351,1322,AD,OC
14285,182.0,21352,2722,AD,BC
14286,182.0,21353,2722,SC,BC
14287,181.9,21354,2734,CD,OC
14288,181.9,21355,1399,ME,BC
14289,181.8,21356,1399,ME,MBC
14290,181.7,21359,2329,AD,OC
14291,181.6,21361,2734,MO,OC
14292,181.6,21362,2005,CE,SC
14293,181.5,21363,2726,FD,OC
14294,181.5,21364,2734,CD,OC
14295,181.5,21365,2377,CS,SC
14296,181.5,21366,1316,AD,OC
14297,181.5,21367,1113,EA,OC
14298,181.5,21368,2751,EC,OC
14299,181.5,21369,1432,AD,BC
14300,181.5,21370,1432,AM,BC
14301,181.5,21371,1219,EE,BC
14302,181.5,21373,1317,IT,OC
14303,181.5,21374,2711,EC,BC
14304,181.5,21375,1013,CS,OC
14305,181.5,21377,2006,CE,SC
14306,181.5,21378,1324,CS,OC
14307,181.5,21380,1317,EC,OC
14308,181.5,21381,1216,EC,OC
14309,181.5,21382,4974,EE,BC
14310,181.5,21384,1432,CB,BC
14311,181.5,21385,4962,EC,OC
14312,181.5,21386,1304,CS,MBC
14313,181.5,21387,2702,AD,BC
14314,181.5,21388,2712,AE,BC
14315,181.5,21389,1419,CS,BC
14316,181.5,21390,1149,EE,OC
14317,181.5,21391,3011,AM,OC
14318,181.5,21392,1317,EC,OC
14319,181.5,21393,2711,CS,MBC
14320,181.5,21394,2706,IT,OC
14321,181.5,21395,2710,EC,MBC
14322,181.5,21396,2329,AD,OC
14323,181.5,21399,2751,AD,OC
14324,181.5,21401,1304,AD,OC
14325,181.5,21402,2369,CS,OC
14326,181.5,21403,5008,CN,OC
14327,181.5,21404,2005,CE,MBC
14328,181.5,21405,1408,CS,OC
14329,181.5,21406,4960,CS,BC
14330,181.5,21408,2673,IT,OC
14331,181.5,21411,5901,EE,MBC
14332,181.5,21412,4,RP,OC
14333,181.5,21413,1419,IT,OC
14334,181.5,21414,2006,PN,BC
14335,181.5,21415,2736,AD,OC
14336,181.5,21416,2615,EC,SC
14337,181.5,21417,5901,EE,MBC
14338,181.5,21418,1211,BM,OC
14339,181.5,21419,2735,CS,BC
14340,181.5,21420,2620,IT,OC
14341,181.5,21422,2025,AD,BC
14342,181.5,21423,2722,SC,BC
14343,181.5,21424,1432,AD,MBC
14344,181.5,21425,2706,CS,BC
14345,181.5,21426,2603,EC,BC
14346,181.5,21427,2377,CS,SC
14347,181.5,21428,1211,EE,MBC
14348,181.5,21429,5008,MG,MBC
14349,181.5,21430,2709,EE,OC
14350,181.5,21431,1419,AD,OC
14351,181.5,21432,1399,CS,SC
14352,181.5,21434,2702,EC,BC
14353,181.5,21439,1304,AM,OC
14354,181.5,21440,4960,CS,BC
14355,181.5,21442,2006,PN,MBC
14356,181.5,21443,2702,CB,OC
14357,181.5,21444,5901,CE,OC
14358,181.5,21445,3820,AD,OC
14359,181.5,21446,3465,CS,MBC
14360,181.5,21447,1304,IT,OC
14361,181.5,21451,3011,CF,OC
14362,181.5,21453,4023,EC,OC
14363,181.5,21454,1419,AD,OC
14364,181.5,21455,1419,CS,BC
14365,181.5,21456,1304,EC,OC
14366,181.5,21458,3011,EC,OC
14367,181.5,21459,2005,CE,BC
14368,181.5,21460,2,PP,BC
14369,181.5,21463,2706,CS,BC
14370,181.5,21464,2719,IT,OC
14371,181.5,21465,2712,ME,OC
14372,181.5,21467,1422,IT,OC
14373,181.5,21469,1211,EE,BC
14374,181.5,21470,2749,AD,OC
14375,181.5,21471,5901,EE,MBC
14376,181.5,21472,2722,CS,BC
14377,181.5,21473,1304,CS,MBC
14378,181.5,21475,1122,AD,OC
14379,181.5,21476,2711,EE,OC
14380,181.5,21477,5910,EC,OC
14381,181.5,21478,2719,IT,OC
14382,181.5,21479,1399,CS,SC
14383,181.5,21480,5910,CS,OC
14384,181.5,21481,5008,CW,SC
14385,181.5,21482,2711,CS,BC
14386,181.5,21485,2739,CO,OC
14387,181.5,21487,4974,EE,BC
14388,181.5,21489,1419,AD,OC
14389,181.5,21490,2709,EC,BC
14390,181.5,21491,2740,CS,OC
14391,181.5,21494,2706,CS,BC
14392,181.5,21495,4670,AD,OC
14393,181.5,21496,1210,CS,OC
14394,181.5,21497,1432,CO,BC
14395,181.5,21498,3465,EC,OC
14396,181.5,21499,2722,EC,BC
14397,181.5,21500,1120,CS,OC
14398,181.5,21501,1118,SC,OC
14399,181.5,21502,1216,SC,OC
14400,181.5,21503,2709,IT,BC
14401,181.5,21504,4974,ME,OC
14402,181.5,21505,2006,EC,ST
14403,181.5,21506,1304,CS,BC
14404,181.5,21507,2702,EC,BC
14405,181.5,21509,2735,CS,MBC
14406,181.5,21513,2711,EC,BC
14407,181.5,21515,2735,CS,BC
14408,181.5,21516,1432,AM,BC
14409,181.5,21517,1211,EE,BC
14410,181.5,21519,1432,EV,OC
14411,181.5,21520,1324,CS,OC
14412,181.5,21521,1112,CS,OC
14413,181.5,21522,2025,AD,BC
14414,181.5,21524,3011,IT,OC
14415,181.5,21526,5008,EM,SC
14416,181.5,21527,2622,CO,OC
14417,181.5,21529,2709,IT,BC
14418,181.5,21530,1432,CS,MBC
14419,181.5,21531,2722,CS,BC
14420,181.5,21532,2005,CE,BC
14421,181.5,21534,5008,EM,SC
14422,181.5,21535,2706,EC,OC
14423,181.5,21536,1419,AD,OC
14424,181.5,21537,4955,CS,OC
14425,181.5,21538,5901,EC,SC
14426,181.5,21540,1113,EC,BC
14427,181.5,21541,2702,EC,MBC
14428,181.5,21542,2734,ME,OC
14429,181.5,21544,3795,CS,OC
14430,181.5,21547,4960,ME,OC
14431,181.5,21548,4962,EC,MBC
14432,181.5,21552,2615,ME,OC
14433,181.5,21555,1309,CS,OC
14434,181.5,21556,2718,EE,MBC
14435,181.5,21557,2006,ME,SC
14436,181.5,21558,2,PP,SC
14437,181.5,21560,2736,CS,OC
14438,181.5,21561,1432,CB,BC
14439,181.5,21563,2764,EE,BC
14440,181.5,21566,2735,CS,BC
14441,181.5,21568,2653,CB,OC
14442,181.5,21569,1210,CS,OC
14443,181.5,21571,1216,CS,MBC
14444,181.5,21573,1399,CS,SC
14445,181.5,21574,2739,AD,MBC
14446,181.5,21575,3011,IT,OC
14447,181.5,21577,2710,EC,MBC
14448,181.5,21579,2025,EC,BC
14449,181.5,21580,1304,IT,OC
14450,181.5,21581,2723,CS,OC
14451,181.5,21584,5910,CS,OC
14452,181.5,21586,2710,EV,OC
14453,181.5,21587,2736,CS,OC
14454,181.5,21588,1211,BT,OC
14455,181.5,21591,2739,AD,MBC
14456,181.5,21592,2711,EE,OC
14457,181.5,21595,1432,AD,BC
14458,181.5,21596,2702,EC,BC
14459,181.5,21597,4680,IT,OC
14460,181.5,21598,2025,CS,SC
14461,181.5,21601,1113,EC,BCM
14462,181.5,21602,4959,CS,OC
14463,181.5,21603,2722,SC,BCM
14464,181.5,21604,5008,IM,SC
14465,181.5,21605,2711,AL,OC
14466,181.5,21607,2718,ME,OC
14467,181.5,21608,4020,CS,OC
14468,181.5,21611,1432,EV,OC
14469,181.5,21612,1304,IT,OC
14470,181.5,21613,2764,EE,BC
14471,181.5,21615,1219,EC,MBC
14472,181.5,21616,1432,AD,MBC
14473,181.5,21617,2711,EC,BC
14474,181.5,21618,5910,CS,BC
14475,181.5,21619,2739,SC,BC
14476,181.5,21621,3852,CS,OC
14477,181.5,21622,2719,CS,BCM
14478,181.5,21624,2622,IT,OC
14479,181.5,21625,4962,IT,OC
14480,181.5,21627,2764,CB,BC
14481,181.5,21629,1211,EE,BC
14482,181.5,21630,1013,CS,OC
14483,181.5,21631,1432,AD,BC
14484,181.5,21632,1304,CS,BC
14485,181.5,21634,5901,EE,MBC
14486,181.5,21638,1112,EC,OC
14487,181.5,21639,2723,BM,OC
14488,181.5,21641,2025,AD,MBC
14489,181.5,21643,5910,CS,BC
14490,181.5,21644,2006,CE,SC
14491,181.5,21645,1432,AD,MBC
14492,181.5,21646,1432,CS,MBC
14493,181.5,21647,2722,CS,BC
14494,181.5,21649,2719,CS,BC
14495,181.5,21651,1113,EC,BC
14496,181.5,21652,2,CH,SC
14497,181.5,21653,4960,AD,OC
14498,181.5,21654,3011,EC,OC
14499,181.5,21656,2739,CB,BC
14500,181.5,21659,2625,EC,OC
14501,181.5,21661,2722,EC,BC
14502,181.5,21662,2709,IT,BC
14503,181.5,21666,1112,CS,OC
14504,181.5,21667,2603,EC,MBC
14505,181.5,21668,2722,EC,BC
14506,181.5,21669,1219,EE,BC
14507,181.5,21670,1113,AD,BC
14508,181.5,21673,4,RP,OC
14509,181.5,21674,2739,IT,BCM
14510,181.5,21676,1113,IT,SC
14511,181.5,21677,1013,IT,OC
14512,181.5,21678,4932,AD,OC
14513,181.5,21679,2712,MZ,BC
14514,181.5,21682,1112,CS,OC
14515,181.5,21684,2718,EE,MBC
14516,181.5,21686,1399,EC,SC
14517,181.5,21687,1432,AD,BC
14518,181.5,21688,1432,CB,BC
14519,181.5,21689,2735,CS,BC
14520,181.5,21690,1516,EC,OC
14521,181.5,21692,2712,CS,SC
14522,181.5,21693,2722,SC,BC
14523,181.5,21694,2702,IT,MBC
14524,181.5,21696,1419,IT,OC
14525,181.5,21697,1211,MZ,OC
14526,181.5,21698,2740,IT,OC
14527,181.5,21699,1219,BT,OC
14528,181.5,21701,2702,EC,MBC
14529,181.5,21702,1317,IT,OC
14530,181.5,21703,2618,CS,OC
14531,181.5,21705,2702,AD,BC
14532,181.5,21706,1316,EC,OC
14533,181.5,21708,2007,CE,MBC
14534,181.5,21709,1432,AM,BC
14535,181.5,21711,1113,EA,OC
14536,181.5,21712,4678,CS,OC
14537,181.5,21713,2709,EC,BC
14538,181.5,21714,3830,CS,OC
14539,181.5,21715,4974,EE,BC
14540,181.5,21716,2702,EC,BCM
14541,181.5,21717,3465,CS,BC
14542,181.5,21718,1304,AM,OC
14543,181.5,21719,2764,CB,BC
14544,181.5,21723,2702,AD,BC
14545,181.5,21725,1219,EC,MBC
14546,181.5,21726,5901,EC,SC
14547,181.5,21729,2764,CE,OC
14548,181.5,21730,1432,CB,MBC
14549,181.5,21731,2618,CS,OC
14550,181.5,21732,1419,EC,BC
14551,181.5,21733,1419,EC,BC
14552,181.5,21736,2622,BT,OC
14553,181.5,21738,1113,AD,BC
14554,181.5,21739,1113,EC,BC
14555,181.5,21741,2712,CE,OC
14556,181.5,21742,1324,CS,OC
14557,181.5,21743,1304,CS,SC
14558,181.5,21744,1419,CS,BC
14559,181.5,21745,1317,IT,OC
14560,181.5,21746,3805,AD,OC
14561,181.5,21747,1,IE,SC
14562,181.5,21748,2622,CB,OC
14563,181.5,21749,2006,BY,SC
14564,181.5,21752,2702,EC,MBC
14565,181.5,21753,2719,IT,OC
14566,181.5,21754,3826,BM,OC
14567,181.5,21755,2722,EE,OC
14568,181.5,21758,3819,CS,OC
14569,181.5,21759,2736,CS,OC
14570,181.5,21760,1304,EC,OC
14571,181.5,21761,1126,CS,OC
14572,181.5,21762,1408,SC,OC
14573,181.5,21765,2618,AD,OC
14574,181.5,21766,1211,EE,BC
14575,181.5,21770,2764,IT,MBC
14576,181.5,21772,3830,AM,OC
14577,181.5,21773,2751,CB,OC
14578,181.5,21774,1399,CE,BC
14579,181.5,21775,2006,ES,SC
14580,181.5,21776,1210,CS,OC
14581,181.5,21778,2722,CS,BC
14582,181.5,21783,2006,MT,BC
14583,181.5,21784,3465,CS,MBC
14584,181.5,21788,2702,AD,BC
14585,181.5,21789,1304,EC,OC
14586,181.5,21790,2702,CS,BCM
14587,181.5,21791,2006,ES,SC
14588,181.5,21792,2712,ME,OC
14589,181.5,21794,2719,EC,OC
14590,181.5,21795,2739,EE,OC
14591,181.5,21797,1304,IT,OC
14592,181.5,21798,2764,AD,MBC
14593,181.5,21799,1211,CD,BC
14594,181.5,21802,2722,AD,MBC
14595,181.5,21804,4960,AD,OC
14596,181.5,21805,1013,EC,OC
14597,181.5,21806,2764,EC,MBC
14598,181.5,21807,1422,CS,BC
14599,181.5,21808,2719,CS,BC
14600,181.5,21809,2711,EC,BC
14601,181.5,21810,2719,EC,OC
14602,181.5,21811,4960,CS,BC
14603,181.5,21813,1113,CD,OC
14604,181.5,21814,2712,AE,MBC
14605,181.5,21815,1304,AD,OC
14606,181.5,21816,1112,CS,OC
14607,181.5,21819,2748,AD,OC
14608,181.5,21820,2702,IT,MBC
14609,181.5,21823,1112,CS,OC
14610,181.5,21825,5910,CS,MBC
14611,181.5,21826,1419,AD,OC
14612,181.5,21827,1432,EV,OC
14613,181.5,21828,1311,AD,OC
14614,181.5,21829,1211,AL,MBC
14615,181.5,21830,2329,CS,OC
14616,181.5,21831,1219,EC,MBC
14617,181.5,21832,1432,AD,BC
14618,181.5,21834,2764,EE,BC
14619,181.5,21835,1211,CD,BCM
14620,181.5,21836,2739,CB,BC
14621,181.5,21837,2740,IT,OC
14622,181.5,21839,2764,CH,OC
14623,181.5,21840,1304,AD,OC
14624,181.5,21843,5910,CS,BC
14625,181.5,21844,5986,AD,OC
14626,181.5,21845,1304,IT,OC
14627,181.5,21846,2702,IT,MBC
14628,181.5,21847,2005,IB,OC
14629,181.5,21848,2739,CS,MBC
14630,181.5,21849,2764,AM,MBC
14631,181.5,21851,4957,CS,OC
14632,181.5,21853,1216,CS,BC
14633,181.5,21854,2736,AD,OC
14634,181.5,21854,2,PM,BC
14635,181.5,21855,1113,EA,OC
14636,181.5,21856,5008,CN,OC
14637,181.5,21858,2739,SC,BC
14638,181.5,21859,2722,IT,OC
14639,181.5,21861,1211,CS,SC
14640,181.5,21862,2711,EC,BC
14641,181.5,21864,1211,BM,OC
14642,181.5,21865,1216,AD,OC
14643,181.5,21867,1219,MB,OC
14644,181.5,21869,1216,EC,OC
14645,181.5,21870,2719,EC,OC
14646,181.5,21871,1210,CS,OC
14647,181.5,21872,2702,CB,OC
14648,181.5,21874,1317,CS,BC
14649,181.5,21875,2719,IT,OC
14650,181.5,21876,2615,CE,OC
14651,181.5,21877,2719,AD,MBC
14652,181.5,21881,1399,CS,SC
14653,181.5,21882,5910,EC,OC
14654,181.5,21883,2711,EC,BC
14655,181.5,21884,1419,AD,OC
14656,181.5,21885,1113,EA,OC
14657,181.5,21886,4960,AD,OC
14658,181.5,21887,1216,EC,OC
14659,181.5,21888,2608,CS,OC
14660,181.5,21890,2603,CS,BC
14661,181.5,21891,1432,EV,OC
14662,181.5,21893,4672,CS,OC
14663,181.5,21894,2,FS,MBC
14664,181.5,21895,2739,CS,MBC
14665,181.5,21896,2615,MT,OC
14666,181.5,21899,2722,CI,OC
14667,181.5,21900,2005,PR,OC
14668,181.5,21901,1211,AL,MBC
14669,181.5,21903,1419,EC,BC
14670,181.5,21905,2006,ME,SC
14671,181.5,21906,2702,IT,MBC
14672,181.5,21907,2764,AD,MBC
14673,181.5,21908,1113,AD,BC
14674,181.5,21909,1516,EC,OC
14675,181.5,21910,1432,EC,MBC
14676,181.5,21912,2711,CS,BC
14677,181.5,21913,2751,IT,OC
14678,181.5,21916,2006,AS,BC
14679,181.5,21917,1112,EC,OC
14680,181.5,21918,1113,EE,OC
14681,181.5,21919,2712,ME,OC
14682,181.5,21920,1399,CS,SC
14683,181.5,21921,2719,IT,OC
14684,181.5,21922,2711,EC,BC
14685,181.5,21925,2377,EC,SC
14686,181.5,21927,2711,EC,BC
14687,181.5,21931,2718,MZ,OC
14688,181.5,21933,1419,IT,OC
14689,181.5,21934,1422,AD,OC
14690,181.5,21938,4974,EC,MBC
14691,181.5,21943,1219,EE,MBC
14692,181.5,21945,2731,IT,OC
14693,181.5,21946,2006,PN,BC
14694,181.5,21947,2712,EI,MBC
14695,181.5,21948,1149,CS,OC
14696,181.5,21951,2711,AD,OC
14697,181.5,21952,2736,CS,OC
14698,181.5,21953,1419,CS,BC
14699,181.5,21954,2722,CS,BC
14700,181.5,21955,2706,EC,OC
14701,181.5,21956,2722,CS,BC
14702,181.5,21958,2,CR,OC
14703,181.5,21962,2719,IT,OC
14704,181.5,21963,1211,ME,OC
14705,181.5,21965,1432,AD,BC
14706,181.5,21969,1411,CS,OC
14707,181.5,21971,2764,IT,BCM
14708,181.5,21973,2751,CS,OC
14709,181.5,21974,2722,CS,MBC
14710,181.5,21975,1304,EC,OC
14711,181.5,21976,1419,CS,BC
14712,181.5,21977,2006,MT,MBC
14713,181.5,21979,2005,CE,BC
14714,181.5,21980,1317,EC,OC
14715,181.5,21982,1304,IT,OC
14716,181.5,21983,2,PM,BC
14717,181.5,21984,4960,CS,BC
14718,181.5,21985,5,CS,OC
14719,181.5,21986,2702,CB,OC
14720,181.5,21987,2711,EC,BC
14721,181.5,21988,2710,EC,BC
14722,181.5,21992,2736,EC,OC
14723,181.5,21993,2702,EC,MBC
14724,181.5,21996,1419,IT,OC
14725,181.5,21997,1216,SC,BC
14726,181.5,21998,1432,AD,MBC
14727,181.5,21999,2,PM,BC
14728,181.5,22000,2,FS,BC
14729,181.5,22003,2711,CS,BC
14730,181.5,22004,5008,CN,OC
14731,181.5,22005,2712,ME,OC
14732,181.5,22011,1419,CS,BC
14733,181.5,22012,2007,CE,BC
14734,181.5,22013,1122,CS,OC
14735,181.5,22014,1304,CS,MBC
14736,181.5,22015,1113,EA,OC
14737,181.5,22016,2706,AD,OC
14738,181.5,22017,3011,CS,MBC
14739,181.5,22018,1149,CS,OC
14740,181.5,22019,2712,BT,BC
14741,181.5,22021,2006,AS,MBC
14742,181.5,22022,2736,EC,OC
14743,181.5,22024,2377,EC,SC
14744,181.5,22025,1432,AM,BC
14745,181.5,22027,2722,CS,BCM
14746,181.5,22028,2702,AD,BC
14747,181.5,22031,1,XC,MBC
14748,181.5,22032,2750,AG,OC
14749,181.5,22033,2006,MT,SC
14750,181.5,22034,2377,EC,SC
14751,181.5,22036,2722,AM,OC
14752,181.5,22039,1112,CS,OC
14753,181.5,22040,2711,IT,OC
14754,181.5,22042,2722,CS,BC
14755,181.5,22043,2719,IT,OC
14756,181.5,22048,2764,AM,MBC
14757,181.5,22049,1113,CB,BC
14758,181.5,22057,2656,CS,OC
14759,181.5,22058,2719,IT,OC
14760,181.5,22059,2735,IT,OC
14761,181.5,22062,1014,EC,OC
14762,181.5,22063,1304,CS,MBC
14763,181.5,22064,2735,IT,OC
14764,181.5,22066,5008,IM,SC
14765,181.5,22067,2719,IT,OC
14766,181.5,22069,1211,AL,MBC
14767,181.5,22070,4960,CS,MBC
14768,181.5,22071,1210,AL,OC
14769,181.5,22072,2615,CE,OC
14770,181.5,22074,1399,SC,SC
14771,181.5,22075,1211,SC,MBC
14772,181.5,22076,3,BP,BC
14773,181.5,22077,1432,AD,BCM
14774,181.5,22078,5986,AD,OC
14775,181.5,22081,2751,AD,OC
14776,181.5,22084,1317,AD,OC
14777,181.5,22086,1219,CS,SC
14778,181.5,22087,2764,EE,BC
14779,181.5,22088,4680,CS,OC
14780,181.5,22090,5008,EE,SC
14781,181.5,22092,1304,CS,MBC
14782,181.5,22093,1399,IT,SC
14783,181.5,22094,2377,CE,OC
14784,181.5,22095,2702,EE,OC
14785,181.5,22101,2722,CS,MBC
14786,181.5,22103,1315,IT,SCA
14787,181.5,22106,5008,CN,OC
14788,181.5,22107,1324,AM,OC
14789,181.5,22108,5008,CN,BC
14790,181.5,22109,3465,CS,BC
14791,181.5,22114,2764,EE,BC
14792,181.5,22115,5008,MG,BCM
14793,181.5,22116,2329,CS,OC
14794,181.5,22117,1324,CS,OC
14795,181.5,22121,1324,CS,OC
14796,181.5,22123,1211,CD,BC
14797,181.5,22124,1219,EE,BC
14798,181.5,22126,2722,AM,BC
14799,181.5,22129,2369,CS,OC
14800,181.5,22132,5986,IT,OC
14801,181.5,22133,1315,ME,SC
14802,181.5,22134,1113,IT,MBC
14803,181.5,22135,1412,AD,OC
14804,181.5,22137,2712,BT,BC
14805,181.5,22142,2611,AD,OC
14806,181.5,22143,1399,EC,SC
14807,181.5,22147,1211,EE,BCM
14808,181.5,22148,2702,AD,BC
14809,181.5,22149,2005,IB,OC
14810,181.5,22150,1432,AD,BC
14811,181.5,22155,2718,EE,MBC
14812,181.5,22159,1304,AM,OC
14813,181.5,22161,2722,IT,OC
14814,181.5,22162,2764,EE,BC
14815,181.5,22165,5008,IM,SC
14816,181.5,22167,1432,AD,MBC
14817,181.5,22171,2718,EE,MBC
14818,181.5,22173,4974,EC,MBC
14819,181.5,22174,4020,AD,SC
14820,181.5,22175,2751,SC,OC
14821,181.5,22176,1432,CS,MBC
14822,181.4,22181,1304,AM,OC
14823,181.4,22182,2329,AD,OC
14824,181.3,22183,2329,AD,OC
14825,181.3,22185,4,RP,OC
14826,181.3,22186,5910,CS,MBC
14827,181.2,22188,1211,BT,OC
14828,181.2,22191,1422,CS,BC
14829,181.2,22192,1399,ME,MBC
14830,181.0,22195,2706,AD,OC
14831,181.0,22197,1317,SC,OC
14832,181.0,22198,2711,CS,BC
14833,181.0,22200,2702,CB,OC
14834,181.0,22203,2006,MS,MBC
14835,181.0,22204,2702,CB,OC
14836,181.0,22205,2719,EC,OC
14837,181.0,22207,2329,CS,OC
14838,181.0,22209,1419,IT,OC
14839,181.0,22210,1216,CI,OC
14840,181.0,22211,1,MI,SC
14841,181.0,22212,3410,IT,OC
14842,181.0,22213,5901,CE,OC
14843,181.0,22214,1211,AL,MBC
14844,181.0,22216,5907,CS,OC
14845,181.0,22219,2723,EE,OC
14846,181.0,22220,2710,CS,SC
14847,181.0,22221,2711,CS,MBC
14848,181.0,22222,1311,AO,OC
14849,181.0,22223,2722,CS,MBC
14850,181.0,22226,2722,EC,BC
14851,181.0,22227,5008,IM,SCA
14852,181.0,22228,1210,CS,OC
14853,181.0,22229,2702,EE,OC
14854,181.0,22230,2710,EC,MBC
14855,181.0,22231,2005,CE,BC
14856,181.0,22232,2708,CS,OC
14857,181.0,22233,2735,EC,OC
14858,181.0,22235,2719,EC,OC
14859,181.0,22236,2718,CJ,BCM
14860,181.0,22237,2615,CE,OC
14861,181.0,22238,2005,IB,OC
14862,181.0,22239,4024,EE,OC
14863,181.0,22240,2708,IT,OC
14864,181.0,22242,4962,EC,BC
14865,181.0,22244,5986,AD,OC
14866,181.0,22246,1304,AD,OC
14867,181.0,22247,1219,EE,BC
14868,181.0,22249,1317,CS,MBC
14869,181.0,22250,2722,IT,OC
14870,181.0,22252,1413,CS,OC
14871,181.0,22253,2702,AD,BC
14872,181.0,22254,2719,CS,MBC
14873,181.0,22255,1211,BT,OC
14874,181.0,22256,1422,CS,BC
14875,181.0,22257,2711,CS,MBC
14876,181.0,22258,1304,AD,OC
14877,181.0,22259,2719,EC,OC
14878,181.0,22261,2719,CS,BC
14879,181.0,22262,1432,CB,BC
14880,181.0,22263,1219,EE,BC
14881,181.0,22264,2722,IT,OC
14882,181.0,22265,1304,IT,OC
14883,181.0,22268,2706,AD,OC
14884,181.0,22269,1432,AM,MBC
14885,181.0,22271,3011,CS,BC
14886,181.0,22272,2006,MY,OC
14887,181.0,22274,2702,CB,OC
14888,181.0,22275,2007,CE,MBC
14889,181.0,22278,2601,AD,OC
14890,181.0,22285,2719,CS,BC
14891,181.0,22287,1216,AD,OC
14892,181.0,22288,1419,AD,OC
14893,181.0,22290,2711,CS,BC
14894,181.0,22291,1317,CS,MBC
14895,181.0,22292,1113,CB,BC
14896,181.0,22293,1432,EV,BC
14897,181.0,22294,1432,AD,BC
14898,181.0,22296,1210,CS,OC
14899,181.0,22297,5904,CS,OC
14900,181.0,22298,1422,CS,BC
14901,181.0,22299,2709,EC,BC
14902,181.0,22300,2007,MF,BCM
14903,181.0,22301,5910,AD,OC
14904,181.0,22302,2006,IY,SC
14905,181.0,22304,1216,SC,BC
14906,181.0,22305,1432,CO,MBC
14907,181.0,22306,3464,CS,OC
14908,181.0,22307,2702,AD,BC
14909,181.0,22308,1432,CS,MBC
14910,181.0,22309,3011,IT,MBC
14911,181.0,22310,2702,EC,MBC
14912,181.0,22311,4962,EC,BC
14913,181.0,22312,2719,EC,OC
14914,181.0,22313,2711,CS,MBC
14915,181.0,22314,1317,EC,BC
14916,181.0,22315,4962,EC,BC
14917,181.0,22316,4960,EC,OC
14918,181.0,22317,1211,EE,BC
14919,181.0,22318,2711,EE,OC
14920,181.0,22319,1317,CS,BC
14921,181.0,22320,2727,CS,OC
14922,181.0,22322,1014,CS,OC
14923,181.0,22323,4974,EC,MBC
14924,181.0,22324,2702,AD,BC
14925,181.0,22325,1210,CS,OC
14926,181.0,22327,2739,EC,MBC
14927,181.0,22328,2006,ME,ST
14928,181.0,22329,2710,EC,BC
14929,181.0,22331,2722,EC,BC
14930,181.0,22332,4960,CS,BCM
14931,181.0,22333,1434,AG,OC
14932,181.0,22335,3,BP,BC
14933,181.0,22339,4960,AD,OC
14934,181.0,22340,1304,CS,MBC
14935,181.0,22340,1419,CS,BC
14936,181.0,22341,1013,CS,MBC
14937,181.0,22342,2607,AD,OC
14938,181.0,22343,2702,CB,MBC
14939,181.0,22344,2739,CS,MBC
14940,181.0,22345,2764,AD,MBC
14941,181.0,22346,2722,CS,MBC
14942,181.0,22349,2719,EC,OC
14943,181.0,22351,2712,CS,SC
14944,181.0,22352,2735,EC,OC
14945,181.0,22353,1304,EC,OC
14946,181.0,22354,1432,CB,MBC
14947,181.0,22356,3465,CS,MBC
14948,181.0,22357,2735,CS,BC
14949,181.0,22358,2706,EC,OC
14950,181.0,22359,2006,MT,MBC
14951,181.0,22360,2739,CO,OC
14952,181.0,22361,2711,CS,BCM
14953,181.0,22362,2736,SC,OC
14954,181.0,22363,2722,EE,OC
14955,181.0,22364,1,XC,BCM
14956,181.0,22365,2764,EC,MBC
14957,181.0,22366,1309,CS,OC
14958,181.0,22367,2711,AD,BC
14959,181.0,22368,2722,CS,MBC
14960,181.0,22371,2751,EC,OC
14961,181.0,22372,5010,CS,OC
14962,181.0,22373,1432,EV,BC
14963,181.0,22375,5008,CN,BC
14964,181.0,22376,3701,AD,OC
14965,181.0,22377,1419,EC,BC
14966,181.0,22378,2750,CS,OC
14967,181.0,22379,1211,SC,MBC
14968,181.0,22380,5008,CN,MBC
14969,181.0,22381,2615,CE,OC
14970,181.0,22382,1309,CS,OC
14971,181.0,22384,1399,CE,BC
14972,181.0,22385,1516,EC,OC
14973,181.0,22386,2710,EC,MBC
14974,181.0,22387,2,PM,BC
14975,181.0,22388,2711,EC,BC
14976,181.0,22389,2712,CE,OC
14977,181.0,22390,3819,CS,BC
14978,181.0,22391,2710,EC,BCM
14979,181.0,22394,1219,EE,BC
14980,181.0,22395,2329,BT,OC
14981,181.0,22396,1419,EI,OC
14982,181.0,22398,1304,EC,OC
14983,181.0,22399,2764,EC,MBC
14984,181.0,22400,1304,IT,OC
14985,181.0,22401,1026,CS,OC
14986,181.0,22403,1413,CS,OC
14987,181.0,22404,2005,CE,BC
14988,181.0,22406,1211,BM,OC
14989,181.0,22410,5910,CS,BC
14990,181.0,22411,1516,CS,BC
14991,181.0,22417,2702,AD,BC
14992,181.0,22418,1432,CS,MBC
14993,181.0,22419,1120,EC,OC
14994,181.0,22420,1120,CS,OC
14995,181.0,22421,2025,AD,MBC
14996,181.0,22423,2608,CS,OC
14997,181.0,22425,2377,CE,OC
14998,181.0,22426,2764,EC,MBC
14999,181.0,22428,4960,EC,OC
15000,181.0,22429,2653,CS,OC
15001,181.0,22430,1216,AD,OC
15002,181.0,22431,2722,SC,BC
15003,181.0,22433,2607,BT,OC
15004,181.0,22436,3,BP,BC
15005,181.0,22437,2006,AS,BC
15006,181.0,22438,1432,AM,MBC
15007,181.0,22439,5008,EE,SCA
15008,181.0,22441,1211,AL,MBC
15009,181.0,22442,2764,IT,MBC
15010,181.0,22443,2764,CB,BCM
15011,181.0,22444,1216,AD,OC
15012,181.0,22445,2764,EC,MBC
15013,181.0,22446,2719,BM,OC
15014,181.0,22447,4678,AD,OC
15015,181.0,22449,1419,SC,OC
15016,181.0,22450,2710,EC,BC
15017,181.0,22452,4962,IT,OC
15018,181.0,22453,1304,EC,OC
15019,181.0,22454,5910,AD,OC
15020,181.0,22455,2719,EC,OC
15021,181.0,22456,1432,CO,BC
15022,181.0,22457,2711,CS,BC
15023,181.0,22458,4960,EC,OC
15024,181.0,22459,2739,AD,SC
15025,181.0,22460,2739,AD,MBC
15026,181.0,22462,1432,AM,BC
15027,181.0,22463,2711,EC,BC
15028,181.0,22464,2739,CB,BC
15029,181.0,22466,1419,IT,OC
15030,181.0,22467,1419,AD,BC
15031,181.0,22468,1311,SC,OC
15032,181.0,22469,2603,EE,OC
15033,181.0,22470,1211,EE,BC
15034,181.0,22471,2722,CI,OC
15035,181.0,22473,2377,CS,SCA
15036,181.0,22474,2702,EE,OC
15037,181.0,22475,2711,EC,BC
15038,181.0,22476,4917,AD,OC
15039,181.0,22477,2739,CO,MBC
15040,181.0,22478,1432,AD,BC
15041,181.0,22479,1149,AD,OC
15042,181.0,22481,1419,EC,BC
15043,181.0,22485,2611,AD,OC
15044,181.0,22487,2005,PR,OC
15045,181.0,22488,1309,CS,OC
15046,181.0,22489,2764,MZ,OC
15047,181.0,22490,1419,AM,OC
15048,181.0,22491,1304,CS,BC
15049,181.0,22492,1303,EC,OC
15050,181.0,22494,1516,EC,OC
15051,181.0,22496,2369,CS,OC
15052,181.0,22500,2722,IT,OC
15053,181.0,22501,2618,IT,OC
15054,181.0,22503,2722,AM,MBC
15055,181.0,22504,2711,AD,BC
15056,181.0,22505,5009,CS,OC
15057,181.0,22506,2719,CS,BC
15058,181.0,22507,2,PP,BC
15059,181.0,22509,2611,CS,OC
15060,181.0,22511,2719,EC,OC
15061,181.0,22512,4960,CS,MBC
15062,181.0,22514,5910,EC,OC
15063,181.0,22515,2739,SC,BC
15064,181.0,22517,5008,CE,SCA
15065,181.0,22518,2704,CS,OC
15066,181.0,22519,2025,EV,OC
15067,181.0,22521,2005,EI,SC
15068,181.0,22522,5986,IT,OC
15069,181.0,22524,2751,CB,OC
15070,181.0,22526,5,CS,OC
15071,181.0,22527,5901,EE,BCM
15072,181.0,22528,2615,ME,OC
15073,181.0,22530,2007,CE,MBC
15074,181.0,22532,1432,CS,MBC
15075,181.0,22533,1211,CB,MBC
15076,181.0,22534,1419,IT,OC
15077,181.0,22535,3807,IT,OC
15078,181.0,22537,2750,CS,OC
15079,181.0,22538,1408,CS,OC
15080,181.0,22539,5910,CS,BC
15081,181.0,22540,2719,CS,BC
15082,181.0,22541,1419,AM,OC
15083,181.0,22542,1432,AM,MBC
15084,181.0,22544,2706,IT,OC
15085,181.0,22545,4960,CE,OC
15086,181.0,22546,2740,CS,OC
15087,181.0,22553,1316,CS,OC
15088,181.0,22555,2005,CE,BC
15089,181.0,22556,1412,ME,OC
15090,181.0,22557,1419,AD,BC
15091,181.0,22558,1112,CS,OC
15092,181.0,22559,2702,AD,BC
15093,181.0,22560,5986,AD,OC
15094,181.0,22561,4974,EE,MBC
15095,181.0,22565,1317,AD,OC
15096,181.0,22567,2357,AD,OC
15097,181.0,22568,2706,IT,OC
15098,181.0,22571,2007,CE,MBC
15099,181.0,22572,1399,CS,SCA
15100,181.0,22573,2736,CS,OC
15101,181.0,22574,1113,AD,MBC
15102,181.0,22575,2,TX,OC
15103,181.0,22576,2712,CE,OC
15104,181.0,22577,1422,CS,MBC
15105,181.0,22578,1216,CS,BC
15106,181.0,22579,4960,IT,OC
15107,181.0,22581,4955,AD,OC
15108,181.0,22582,2722,AM,BC
15109,181.0,22583,2711,EC,MBC
15110,181.0,22584,2722,EC,BC
15111,181.0,22585,1317,CS,MBC
15112,181.0,22586,2764,IT,MBC
15113,181.0,22587,1432,ME,OC
15114,181.0,22588,2653,EC,OC
15115,181.0,22589,1422,CS,BCM
15116,181.0,22590,2739,SC,BC
15117,181.0,22591,1216,CS,BC
15118,181.0,22592,3830,AM,OC
15119,181.0,22594,1211,EE,BC
15120,181.0,22596,2357,EC,OC
15121,181.0,22598,4962,CS,MBC
15122,181.0,22599,2618,IT,OC
15123,181.0,22600,1210,CS,OC
15124,181.0,22601,2329,AD,OC
15125,181.0,22603,2005,ME,MBC
15126,181.0,22605,2702,EE,OC
15127,181.0,22606,2739,CB,BC
15128,181.0,22610,1419,CS,BC
15129,181.0,22612,1419,IT,OC
15130,181.0,22613,1211,SC,MBC
15131,181.0,22615,1,XM,MBC
15132,181.0,22616,2750,CS,OC
15133,181.0,22617,2712,ME,OC
15134,181.0,22620,1432,AD,BC
15135,181.0,22621,1317,CS,BC
15136,181.0,22623,2735,CS,BC
15137,181.0,22624,5008,IM,SC
15138,181.0,22625,1315,IT,SCA
15139,181.0,22626,2712,AU,OC
15140,181.0,22630,2608,CS,OC
15141,181.0,22631,2702,EC,MBC
15142,181.0,22632,2739,CS,BCM
15143,181.0,22633,1219,EE,BC
15144,181.0,22635,1450,EE,OC
15145,181.0,22636,2709,IT,BC
15146,181.0,22638,2740,AD,OC
15147,181.0,22639,2719,EC,OC
15148,181.0,22640,2615,CS,SC
15149,181.0,22641,2736,CS,OC
15150,181.0,22643,2711,EC,BC
15151,181.0,22644,1419,IT,OC
15152,181.0,22646,4971,EC,OC
15153,181.0,22647,1304,AD,OC
15154,181.0,22648,2603,EC,MBC
15155,181.0,22649,2613,CS,OC
15156,181.0,22650,2719,EC,OC
15157,181.0,22651,1419,ME,OC
15158,181.0,22652,1432,EC,MBC
15159,181.0,22653,2735,CS,BC
15160,181.0,22654,1309,CS,OC
15161,181.0,22656,2752,EC,OC
15162,181.0,22659,4971,IT,OC
15163,181.0,22660,2706,CS,BC
15164,181.0,22661,2719,IT,OC
15165,181.0,22662,1399,CS,SC
15166,181.0,22664,1505,CS,OC
15167,181.0,22665,1432,EV,MBC
15168,181.0,22666,5901,EE,MBC
15169,181.0,22667,5986,EC,OC
15170,181.0,22668,2739,EE,OC
15171,181.0,22669,1432,AD,BC
15172,181.0,22671,2706,SC,OC
15173,181.0,22672,1304,IT,OC
15174,181.0,22673,2711,CS,BC
15175,181.0,22675,2601,AD,OC
15176,181.0,22676,2702,AD,BC
15177,181.0,22678,2735,CS,BC
15178,181.0,22679,1304,CD,OC
15179,181.0,22681,3011,IT,MBC
15180,181.0,22682,4023,CS,OC
15181,181.0,22683,5986,EC,OC
15182,181.0,22684,2710,EC,MBC
15183,181.0,22685,2735,CS,BC
15184,181.0,22686,2618,CS,OC
15185,181.0,22687,1113,CB,BC
15186,181.0,22688,1112,EC,OC
15187,181.0,22689,2702,AD,MBC
15188,181.0,22690,2718,EE,MBC
15189,181.0,22691,2618,CS,OC
15190,181.0,22692,2615,CS,SC
15191,181.0,22693,5986,IT,OC
15192,181.0,22694,1419,AD,BC
15193,181.0,22698,2007,CE,BC
15194,181.0,22699,2739,SC,BC
15195,181.0,22700,2702,AD,MBC
15196,181.0,22701,1419,IT,OC
15197,181.0,22704,1432,EV,MBC
15198,181.0,22705,2702,EC,MBC
15199,181.0,22708,2739,AM,MBC
15200,181.0,22711,2615,ME,OC
15201,181.0,22713,2722,EC,BC
15202,181.0,22714,1210,AD,OC
15203,181.0,22715,1419,AD,BC
15204,181.0,22716,2006,MT,BC
15205,181.0,22717,1399,CS,SC
15206,181.0,22719,2722,AM,BC
15207,181.0,22720,5008,ID,OC
15208,181.0,22723,2739,CO,BC
15209,181.0,22724,2719,CS,BC
15210,181.0,22727,2729,AD,OC
15211,181.0,22728,1317,CS,MBC
15212,181.0,22730,2711,AD,MBC
15213,181.0,22732,2764,EE,BC
15214,181.0,22733,2025,EC,MBC
15215,181.0,22734,2702,AL,OC
15216,181.0,22735,2,PM,MBC
15217,181.0,22738,2711,CS,BC
15218,181.0,22739,3795,CS,OC
15219,181.0,22740,2719,CS,BC
15220,181.0,22741,1211,BM,OC
15221,181.0,22744,2751,CS,OC
15222,181.0,22745,1317,EC,BC
15223,181.0,22746,1419,EC,BC
15224,181.0,22747,2615,CE,OC
15225,181.0,22749,1211,EE,BC
15226,181.0,22750,1211,BM,OC
15227,181.0,22751,2735,CS,BC
15228,181.0,22752,1304,IT,OC
15229,181.0,22753,2711,CS,BC
15230,181.0,22754,1112,CS,BC
15231,181.0,22755,2739,CS,MBC
15232,181.0,22756,2722,CI,OC
15233,181.0,22757,1419,CS,MBC
15234,181.0,22758,2618,IT,OC
15235,181.0,22760,1304,AD,OC
15236,181.0,22761,5901,EE,MBC
15237,181.0,22763,1317,CS,BC
15238,181.0,22765,2722,IT,BC
15239,181.0,22766,2722,CS,MBC
15240,181.0,22768,1317,CS,MBC
15241,181.0,22771,3465,CS,MBC
15242,181.0,22773,2722,EC,BC
15243,181.0,22774,2722,CI,OC
15244,181.0,22777,2739,IT,MBC
15245,181.0,22778,1211,EE,BC
15246,181.0,22782,1309,CS,OC
15247,181.0,22784,2764,IT,MBC
15248,181.0,22785,1219,CS,SC
15249,181.0,22788,2710,EC,MBC
15250,181.0,22791,2005,IB,OC
15251,181.0,22794,2702,AD,MBC
15252,181.0,22795,4,RP,BC
15253,181.0,22797,3806,IT,OC
15254,181.0,22800,2005,IB,OC
15255,181.0,22801,2722,CS,MBC
15256,181.0,22803,2006,FY,OC
15257,181.0,22804,1399,CS,SC
15258,181.0,22805,1216,CS,BC
15259,181.0,22807,2706,CS,BC
15260,181.0,22809,1317,CS,BC
15261,181.0,22810,2006,AS,BC
15262,181.0,22814,2722,EC,BC
15263,181.0,22816,1211,AL,MBC
15264,181.0,22817,1304,AD,OC
15265,181.0,22819,2722,EC,BC
15266,181.0,22820,2702,EE,OC
15267,181.0,22821,1219,EE,BC
15268,181.0,22822,2739,CO,BC
15269,181.0,22823,2764,BM,OC
15270,181.0,22826,2702,EE,OC
15271,181.0,22827,1419,EC,BC
15272,181.0,22828,1399,CS,SC
15273,181.0,22829,2719,EC,OC
15274,181.0,22830,1399,CS,SC
15275,181.0,22831,1432,AM,MBC
15276,181.0,22832,2702,AL,OC
15277,181.0,22833,1432,AD,BC
15278,181.0,22834,1422,CY,OC
15279,181.0,22836,1419,AD,MBC
15280,181.0,22837,2706,EC,OC
15281,181.0,22838,5022,CS,OC
15282,181.0,22840,1304,IT,OC
15283,181.0,22841,2710,EV,MBC
15284,181.0,22843,5901,EE,MBC
15285,181.0,22844,1432,AM,BC
15286,181.0,22845,4962,CS,BC
15287,181.0,22846,2722,AM,BC
15288,181.0,22848,2764,EC,MBC
15289,181.0,22849,1504,CS,OC
15290,181.0,22850,2702,AD,BC
15291,181.0,22852,2718,CJ,MBC
15292,181.0,22853,1322,AE,OC
15293,181.0,22854,5008,IM,SC
15294,181.0,22855,2739,CB,BC
15295,181.0,22857,1211,SC,MBC
15296,181.0,22858,1304,CS,MBC
15297,181.0,22860,2702,AD,BC
15298,181.0,22862,4971,CS,OC
15299,181.0,22863,1304,CS,BCM
15300,181.0,22865,1112,CS,BC
15301,181.0,22866,1432,AM,MBC
15302,181.0,22867,1317,CS,BC
15303,181.0,22868,1211,BT,OC
15304,181.0,22870,2712,ME,BC
15305,181.0,22872,2702,AD,MBC
15306,181.0,22873,1304,BM,OC
15307,181.0,22875,5901,ME,OC
15308,181.0,22877,5901,EE,MBC
15309,181.0,22878,2712,ME,BC
15310,181.0,22880,4982,CS,OC
15311,181.0,22882,2711,CS,MBC
15312,181.0,22884,3011,EC,OC
15313,181.0,22885,2615,CS,SC
15314,181.0,22887,1317,CS,MBC
15315,181.0,22889,2706,AM,OC
15316,181.0,22890,2722,AD,MBC
15317,181.0,22892,5009,CS,OC
15318,181.0,22893,1419,CS,MBC
15319,181.0,22895,2709,IT,BC
15320,181.0,22896,1304,AD,OC
15321,181.0,22897,2007,CE,BC
15322,181.0,22899,2615,ME,OC
15323,181.0,22901,2702,AD,BC
15324,181.0,22902,2735,CS,MBC
15325,181.0,22903,1324,EC,OC
15326,181.0,22905,1419,EC,BC
15327,181.0,22907,2719,EC,OC
15328,181.0,22908,1,XM,BC
15329,181.0,22909,1419,IT,BC
15330,181.0,22912,2706,IT,OC
15331,181.0,22914,2711,CS,BC
15332,181.0,22915,4974,EE,BC
15333,181.0,22916,1304,CS,BCM
15334,181.0,22917,3465,EC,OC
15335,181.0,22919,2739,AD,MBC
15336,181.0,22920,1315,ME,SC
15337,181.0,22925,1419,CS,BCM
15338,181.0,22926,1216,AD,OC
15339,181.0,22927,2,FS,BC
15340,181.0,22931,1116,CS,OC
15341,181.0,22932,2739,CB,BC
15342,181.0,22932,2764,MZ,OC
15343,181.0,22934,5910,EC,OC
15344,181.0,22937,1422,CS,BCM
15345,181.0,22939,2712,MZ,BC
15346,181.0,22941,1304,AD,OC
15347,181.0,22943,1316,EC,OC
15348,181.0,22945,2708,AL,SC
15349,181.0,22946,1211,RM,OC
15350,181.0,22947,1450,EE,OC
15351,181.0,22948,2739,CB,BC
15352,181.0,22950,2722,AD,BC
15353,181.0,22951,1516,EC,OC
15354,181.0,22953,2,PP,BC
15355,181.0,22954,2706,IT,OC
15356,181.0,22959,1422,AD,OC
15357,181.0,22961,3,BP,MBC
15358,181.0,22964,2711,CS,BC
15359,181.0,22965,5910,CS,BC
15360,181.0,22967,2719,CS,BC
15361,181.0,22970,1317,CS,BC
15362,181.0,22974,2711,CS,BC
15363,181.0,22978,1211,BM,OC
15364,181.0,22980,2618,CS,BC
15365,181.0,22982,1211,EE,MBC
15366,181.0,22986,2006,AS,BC
15367,181.0,22988,1324,CS,OC
15368,181.0,22990,1432,CB,MBC
15369,181.0,22992,2621,CS,OC
15370,181.0,22994,2712,CS,SC
15371,181.0,22995,2719,CS,MBC
15372,181.0,22996,1419,IT,BC
15373,181.0,22997,2710,EC,MBC
15374,181.0,22998,2702,AD,BC
15375,181.0,23000,1317,IT,OC
15376,181.0,23002,1516,EC,OC
15377,181.0,23003,1324,CS,OC
15378,181.0,23004,2711,CS,MBC
15379,181.0,23005,1014,CS,OC
15380,181.0,23006,1419,IT,BC
15381,181.0,23007,1116,AM,OC
15382,181.0,23008,2005,PR,OC
15383,181.0,23009,1116,CS,OC
15384,181.0,23010,2722,AM,BC
15385,181.0,23011,1419,EC,MBC
15386,181.0,23012,2611,AD,OC
15387,181.0,23013,5986,AD,OC
15388,181.0,23022,1419,EC,BC
15389,181.0,23023,1216,EC,OC
15390,181.0,23024,1304,AD,OC
15391,181.0,23025,1219,EE,BC
15392,181.0,23026,2656,CS,OC
15393,181.0,23028,1450,IT,MBC
15394,181.0,23031,1,XM,BC
15395,181.0,23036,2711,IT,OC
15396,181.0,23038,1432,AM,MBC
15397,181.0,23039,1419,IT,MBC
15398,181.0,23040,1026,CS,OC
15399,181.0,23042,5008,EM,SC
15400,181.0,23044,2718,EE,MBC
15401,181.0,23050,1419,EC,BC
15402,181.0,23053,1399,CE,BC
15403,181.0,23054,1211,AL,MBC
15404,181.0,23056,1304,SC,OC
15405,181.0,23058,1324,AD,OC
15406,181.0,23060,1419,AM,OC
15407,181.0,23067,1304,AD,OC
15408,181.0,23069,2005,CE,BC
15409,181.0,23072,2634,EC,OC
15410,181.0,23080,2712,ME,BC
15411,181.0,23083,1304,AM,OC
15412,181.0,23086,3465,CS,BCM
15413,181.0,23087,1,XC,BC
15414,181.0,23088,2722,IT,MBC
15415,181.0,23089,2739,AD,MBC
15416,181.0,23092,2709,EC,MBC
15417,181.0,23094,1419,IT,BC
15418,180.9,23095,2329,AM,OC
15419,180.8,23096,2722,EC,BC
15420,180.8,23097,2739,EC,MBC
15421,180.6,23101,1399,CS,SC
15422,180.6,23102,2005,EE,SC
15423,180.5,23103,2734,SB,OC
15424,180.5,23104,5901,CS,SCA
15425,180.5,23106,2007,CL,MBC
15426,180.5,23107,1,EM,ST
15427,180.5,23108,2751,SC,OC
15428,180.5,23109,2710,EC,MBC
15429,180.5,23111,1422,IT,OC
15430,180.5,23112,2712,ME,BC
15431,180.5,23116,2718,ME,OC
15432,180.5,23118,2673,CS,OC
15433,180.5,23121,2702,AL,OC
15434,180.5,23122,2711,AD,BC
15435,180.5,23123,4974,EC,MBC
15436,180.5,23125,1304,IT,OC
15437,180.5,23127,1317,IT,OC
15438,180.5,23128,2702,AD,MBC
15439,180.5,23129,1399,AD,SC
15440,180.5,23130,1419,AD,BC
15441,180.5,23131,5986,EC,OC
15442,180.5,23136,2726,BM,OC
15443,180.5,23139,2607,CS,OC
15444,180.5,23140,2711,CS,BC
15445,180.5,23141,1112,CS,BC
15446,180.5,23142,2711,AL,OC
15447,180.5,23143,2739,SC,BCM
15448,180.5,23144,2719,CS,SC
15449,180.5,23145,1315,CH,SC
15450,180.5,23146,2719,CS,MBC
15451,180.5,23147,1422,AD,OC
15452,180.5,23149,3819,CS,MBC
15453,180.5,23150,2711,CS,BC
15454,180.5,23152,2735,CS,BC
15455,180.5,23153,2653,IT,OC
15456,180.5,23154,2739,CO,BC
15457,180.5,23155,2764,IT,BCM
15458,180.5,23156,2653,CS,OC
15459,180.5,23158,2719,CJ,OC
15460,180.5,23162,2735,CS,BC
15461,180.5,23164,2719,CS,MBC
15462,180.5,23166,1516,CS,MBC
15463,180.5,23167,2711,AD,BCM
15464,180.5,23168,2736,EC,OC
15465,180.5,23169,2740,IT,OC
15466,180.5,23170,2719,AD,MBC
15467,180.5,23171,2710,EE,OC
15468,180.5,23172,1419,AD,MBC
15469,180.5,23173,4962,AD,OC
15470,180.5,23174,1309,CS,OC
15471,180.5,23175,5910,CS,BC
15472,180.5,23176,3011,EC,OC
15473,180.5,23178,2710,EC,MBC
15474,180.5,23179,2736,AD,OC
15475,180.5,23180,1317,CS,MBC
15476,180.5,23181,2709,EC,BCM
15477,180.5,23183,2709,EC,SC
15478,180.5,23185,2722,AD,BC
15479,180.5,23186,2706,CS,BC
15480,180.5,23187,1317,EC,BC
15481,180.5,23189,1317,CS,BC
15482,180.5,23191,2722,SC,BC
15483,180.5,23192,3803,EC,OC
15484,180.5,23195,1210,CS,OC
15485,180.5,23196,1216,AL,OC
15486,180.5,23197,2,CH,SCA
15487,180.5,23198,2007,CE,BC
15488,180.5,23200,2025,EC,BC
15489,180.5,23202,1216,AD,OC
15490,180.5,23203,2618,CS,MBC
15491,180.5,23204,1419,IT,BC
15492,180.5,23205,1216,CS,BC
15493,180.5,23206,3425,CS,OC
15494,180.5,23207,2708,AL,BC
15495,180.5,23208,2726,AU,OC
15496,180.5,23210,2618,IT,OC
15497,180.5,23211,2739,EC,MBC
15498,180.5,23213,2712,CS,SC
15499,180.5,23214,2025,CS,SC
15500,180.5,23215,1317,CS,BC
15501,180.5,23216,2025,EC,BC
15502,180.5,23219,4960,IT,OC
15503,180.5,23220,5008,MF,MBC
15504,180.5,23221,1210,IT,OC
15505,180.5,23224,1419,IT,MBC
15506,180.5,23225,2764,AD,MBC
15507,180.5,23226,2719,CS,BC
15508,180.5,23228,2005,ME,MBC
15509,180.5,23229,5910,CS,BC
15510,180.5,23230,1432,EV,BC
15511,180.5,23231,2710,EC,MBC
15512,180.5,23232,2006,MF,SC
15513,180.5,23233,3819,CS,BC
15514,180.5,23234,2740,EC,OC
15515,180.5,23235,2739,AD,MBC
15516,180.5,23236,5008,IM,SC
15517,180.5,23237,2735,CS,MBC
15518,180.5,23238,1419,AD,BC
15519,180.5,23239,4962,AD,OC
15520,180.5,23240,2007,IM,ST
15521,180.5,23241,2710,EV,BC
15522,180.5,23242,1112,EC,OC
15523,180.5,23243,1422,EC,OC
15524,180.5,23244,2719,CS,MBC
15525,180.5,23246,1317,CS,MBC
15526,180.5,23247,1412,AD,OC
15527,180.5,23248,2711,CS,BC
15528,180.5,23249,2711,CS,BC
15529,180.5,23250,1216,SC,BC
15530,180.5,23251,2731,BM,OC
15531,180.5,23252,2722,IT,BC
15532,180.5,23253,2739,AM,MBC
15533,180.5,23255,2360,AD,OC
15534,180.5,23256,2025,EC,MBC
15535,180.5,23259,2740,CS,OC
15536,180.5,23260,2618,EC,OC
15537,180.5,23262,2377,EC,SCA
15538,180.5,23263,2739,CB,BC
15539,180.5,23264,3806,CS,OC
15540,180.5,23266,3819,CS,BC
15541,180.5,23268,1304,AD,OC
15542,180.5,23269,2712,CS,SC
15543,180.5,23270,1317,IT,OC
15544,180.5,23271,4974,CE,OC
15545,180.5,23272,2736,AD,BC
15546,180.5,23274,2708,CS,OC
15547,180.5,23275,4974,EC,MBC
15548,180.5,23276,4680,CS,OC
15549,180.5,23277,2722,SC,BC
15550,180.5,23279,1112,CS,BC
15551,180.5,23280,1211,AL,MBC
15552,180.5,23281,1432,EV,BC
15553,180.5,23282,2711,EC,BC
15554,180.5,23283,1112,EC,OC
15555,180.5,23284,2764,AM,MBC
15556,180.5,23285,3464,CS,OC
15557,180.5,23286,2722,EC,BC
15558,180.5,23287,2711,AL,OC
15559,180.5,23290,2735,EC,OC
15560,180.5,23296,2615,EC,SCA
15561,180.5,23297,1304,CS,MBC
15562,180.5,23299,2712,ME,MBC
15563,180.5,23300,2006,AS,MBC
15564,180.5,23302,1419,IT,BC
15565,180.5,23303,2712,CS,SC
15566,180.5,23305,2735,IT,OC
15567,180.5,23306,1317,CS,BC
15568,180.5,23307,1317,AD,OC
15569,180.5,23311,4962,EC,MBC
15570,180.5,23312,5986,IT,OC
15571,180.5,23314,4974,EE,MBC
15572,180.5,23317,2739,EC,MBC
15573,180.5,23318,1420,EC,OC
15574,180.5,23319,1419,IT,MBC
15575,180.5,23320,5009,CS,OC
15576,180.5,23321,2710,EE,OC
15577,180.5,23323,1432,CB,BCM
15578,180.5,23324,2006,MT,BC
15579,180.5,23331,1432,AM,BC
15580,180.5,23333,1450,CS,SC
15581,180.5,23334,1211,AE,OC
15582,180.5,23336,2706,CS,BC
15583,180.5,23337,2740,AD,OC
15584,180.5,23338,2702,EI,OC
15585,180.5,23339,2702,AL,OC
15586,180.5,23342,2005,IB,OC
15587,180.5,23343,2608,CE,OC
15588,180.5,23344,2739,CB,BC
15589,180.5,23345,2007,CE,BC
15590,180.5,23346,2722,EC,BC
15591,180.5,23349,2722,EC,BC
15592,180.5,23351,1304,IT,OC
15593,180.5,23353,1408,AL,OC
15594,180.5,23354,1317,AD,OC
15595,180.5,23356,2736,EC,OC
15596,180.5,23359,1317,IT,OC
15597,180.5,23360,2719,CS,BC
15598,180.5,23363,2005,ME,SC
15599,180.5,23365,2712,AD,SC
15600,180.5,23367,2712,AE,BC
15601,180.5,23368,2005,PR,OC
15602,180.5,23369,2711,CH,OC
15603,180.5,23371,2753,AD,OC
15604,180.5,23373,1304,IT,OC
15605,180.5,23374,5008,CW,SC
15606,180.5,23375,1216,CS,MBC
15607,180.5,23376,3819,CS,MBC
15608,180.5,23377,3016,EC,OC
15609,180.5,23378,2735,IT,OC
15610,180.5,23379,2727,CS,OC
15611,180.5,23380,1113,EA,OC
15612,180.5,23381,1419,CB,OC
15613,180.5,23382,2750,AM,OC
15614,180.5,23383,3011,IT,MBC
15615,180.5,23385,2702,AD,BCM
15616,180.5,23386,4,RP,BC
15617,180.5,23387,4960,EC,OC
15618,180.5,23388,2764,CS,SC
15619,180.5,23389,1432,CB,MBC
15620,180.5,23390,1419,EC,BC
15621,180.5,23391,1304,CS,MBC
15622,180.5,23393,1432,EC,MBC
15623,180.5,23394,1211,AL,MBC
15624,180.5,23395,2711,CS,BC
15625,180.5,23396,2722,AD,BC
15626,180.5,23397,5842,CS,OC
15627,180.5,23398,2025,AD,SC
15628,180.5,23399,2006,AS,BCM
15629,180.5,23400,4944,CS,OC
15630,180.5,23401,2722,IT,BC
15631,180.5,23402,1210,CS,OC
15632,180.5,23403,4944,EC,OC
15633,180.5,23404,2719,EC,BC
15634,180.5,23405,1,MN,SC
15635,180.5,23406,1210,CS,OC
15636,180.5,23407,1432,CB,MBC
15637,180.5,23408,4974,EE,BCM
15638,180.5,23409,2722,EC,BC
15639,180.5,23410,1432,AD,MBC
15640,180.5,23411,2709,EC,MBC
15641,180.5,23412,2718,MZ,OC
15642,180.5,23416,2722,EC,BC
15643,180.5,23418,2722,IT,BC
15644,180.5,23419,2722,EE,OC
15645,180.5,23420,2722,AD,BC
15646,180.5,23422,1216,AL,OC
15647,180.5,23423,1216,EC,OC
15648,180.5,23424,5986,AD,BC
15649,180.5,23425,2711,EC,BC
15650,180.5,23427,2709,EC,MBC
15651,180.5,23429,5008,CN,MBC
15652,180.5,23430,2708,CS,OC
15653,180.5,23431,1422,CS,BC
15654,180.5,23432,5986,IT,OC
15655,180.5,23433,1120,CS,OC
15656,180.5,23434,1419,EC,MBC
15657,180.5,23437,2739,EC,MBC
15658,180.5,23438,2025,EC,BC
15659,180.5,23439,1419,IT,MBC
15660,180.5,23440,3464,CS,OC
15661,180.5,23441,1304,CS,BC
15662,180.5,23443,2603,EC,BC
15663,180.5,23444,2735,CS,BC
15664,180.5,23446,2711,AL,OC
15665,180.5,23452,1516,CS,BC
15666,180.5,23453,2711,AL,OC
15667,180.5,23455,2751,CS,OC
15668,180.5,23456,1112,EC,OC
15669,180.5,23457,2702,EE,OC
15670,180.5,23460,5901,EE,MBC
15671,180.5,23461,2722,EE,OC
15672,180.5,23462,4020,CS,OC
15673,180.5,23463,2615,ME,OC
15674,180.5,23464,2735,IT,BC
15675,180.5,23465,2711,CS,BC
15676,180.5,23466,1432,AM,BC
15677,180.5,23467,2618,CS,BC
15678,180.5,23468,1216,IT,OC
15679,180.5,23469,2719,EC,BC
15680,180.5,23470,3806,AD,OC
15681,180.5,23471,2706,AD,OC
15682,180.5,23474,1304,EC,OC
15683,180.5,23475,1211,RM,OC
15684,180.5,23476,5008,IM,SC
15685,180.5,23477,4960,CS,MBC
15686,180.5,23478,2736,AD,MBC
15687,180.5,23480,5008,EM,SC
15688,180.5,23481,2722,SC,BC
15689,180.5,23482,2712,EC,SC
15690,180.5,23484,1112,EC,OC
15691,180.5,23489,1432,EV,BCM
15692,180.5,23490,1219,EE,BC
15693,180.5,23491,1304,AD,MBC
15694,180.5,23492,2608,CS,OC
15695,180.5,23494,2711,CS,MBC
15696,180.5,23498,2710,EC,SC
15697,180.5,23500,1210,AD,OC
15698,180.5,23501,2711,CS,BC
15699,180.5,23503,2005,CE,BC
15700,180.5,23504,1304,EC,OC
15701,180.5,23505,1113,AD,MBC
15702,180.5,23507,2735,CS,MBC
15703,180.5,23508,2618,EC,OC
15704,180.5,23509,1324,EC,OC
15705,180.5,23511,1317,EC,BC
15706,180.5,23512,1412,AD,OC
15707,180.5,23513,2702,AD,MBC
15708,180.5,23514,1399,ME,MBC
15709,180.5,23516,1210,CS,OC
15710,180.5,23519,2719,CS,BC
15711,180.5,23520,3826,AD,OC
15712,180.5,23521,4974,CE,OC
15713,180.5,23522,1211,CB,MBC
15714,180.5,23523,1304,CS,BC
15715,180.5,23524,2737,AD,OC
15716,180.5,23525,1211,BM,OC
15717,180.5,23526,2751,SC,OC
15718,180.5,23531,2005,IB,OC
15719,180.5,23532,5986,EC,OC
15720,180.5,23534,1422,CS,SC
15721,180.5,23535,2710,EV,MBC
15722,180.5,23538,1432,AM,BC
15723,180.5,23541,2711,CS,BC
15724,180.5,23542,1216,IT,OC
15725,180.5,23543,2719,CS,MBC
15726,180.5,23545,4678,CS,OC
15727,180.5,23546,2711,EC,BC
15728,180.5,23548,3465,EC,OC
15729,180.5,23549,1408,AD,OC
15730,180.5,23550,2722,CS,MBC
15731,180.5,23551,2711,CS,BC
15732,180.5,23552,1432,EV,BC
15733,180.5,23554,2710,EV,MBC
15734,180.5,23556,4974,EE,BCM
15735,180.5,23557,2752,CS,OC
15736,180.5,23560,2751,CS,OC
15737,180.5,23561,1306,AO,OC
15738,180.5,23562,2702,CB,BC
15739,180.5,23563,3786,AD,OC
15740,180.5,23565,1419,AD,BC
15741,180.5,23566,2710,EE,OC
15742,180.5,23567,2722,CS,MBC
15743,180.5,23568,4962,EC,BC
15744,180.5,23569,2722,SC,MBC
15745,180.5,23572,2711,EC,BC
15746,180.5,23573,2,CR,OC
15747,180.5,23574,1432,AM,BC
15748,180.5,23575,2722,SC,BC
15749,180.5,23579,2622,AD,OC
15750,180.5,23580,1432,AM,BC
15751,180.5,23581,2706,CS,BC
15752,180.5,23582,4994,AD,OC
15753,180.5,23584,1324,CS,OC
15754,180.5,23585,1317,CS,MBC
15755,180.5,23586,2603,EE,OC
15756,180.5,23588,1317,EC,MBC
15757,180.5,23589,2618,AD,OC
15758,180.5,23590,1422,AD,OC
15759,180.5,23591,1304,CS,SC
15760,180.5,23592,2712,CS,SC
15761,180.5,23595,2711,EC,BC
15762,180.5,23599,1432,AM,MBC
15763,180.5,23600,2722,IT,MBC
15764,180.5,23601,2719,EE,OC
15765,180.5,23602,2722,EC,MBC
15766,180.5,23605,1399,AD,SC
15767,180.5,23606,1419,CB,OC
15768,180.5,23608,2731,AD,OC
15769,180.5,23609,3819,CS,BC
15770,180.5,23610,1304,CS,BC
15771,180.5,23611,2702,AL,OC
15772,180.5,23612,1216,AD,OC
15773,180.5,23613,2722,IT,BC
15774,180.5,23614,1306,AO,OC
15775,180.5,23615,5008,IM,SC
15776,180.5,23617,1413,AD,OC
15777,180.5,23619,1419,AM,OC
15778,180.5,23621,2622,AD,OC
15779,180.5,23623,1317,AD,OC
15780,180.5,23624,1317,EC,BC
15781,180.5,23625,2618,CS,BC
15782,180.5,23626,2764,AM,MBC
15783,180.5,23629,1216,CS,MBC
15784,180.5,23630,2618,AD,OC
15785,180.5,23631,4960,CS,MBC
15786,180.5,23632,4020,CS,OC
15787,180.5,23633,2622,AM,OC
15788,180.5,23634,2751,CB,OC
15789,180.5,23636,1324,CS,OC
15790,180.5,23638,2719,EC,BC
15791,180.5,23639,5910,SC,OC
15792,180.5,23642,1304,AM,OC
15793,180.5,23644,2739,EC,MBC
15794,180.5,23645,3011,CS,BC
15795,180.5,23646,2712,CE,OC
15796,180.5,23648,2722,AD,BC
15797,180.5,23649,1419,IT,BC
15798,180.5,23650,1149,EE,OC
15799,180.5,23652,4960,EE,OC
15800,180.5,23653,2723,IT,OC
15801,180.5,23654,2709,EC,MBC
15802,180.5,23655,2711,CS,BC
15803,180.5,23656,1304,EC,OC
15804,180.5,23657,1419,EC,BC
15805,180.5,23658,2712,BT,MBC
15806,180.5,23660,2329,AD,OC
15807,180.5,23661,1317,EC,BC
15808,180.5,23662,2739,EC,MBC
15809,180.5,23663,2719,CJ,OC
15810,180.5,23664,1416,BM,OC
15811,180.5,23665,1112,EC,OC
15812,180.5,23667,1211,CS,SC
15813,180.5,23668,2702,EC,MBC
15814,180.5,23669,2739,AM,MBC
15815,180.5,23670,1422,AD,OC
15816,180.5,23672,2005,PR,OC
15817,180.5,23673,2739,EE,OC
15818,180.5,23674,2006,TX,OC
15819,180.5,23676,3,BP,BC
15820,180.5,23677,2719,CS,BC
15821,180.5,23678,1432,CB,BC
15822,180.5,23679,2722,CS,MBC
15823,180.5,23684,1149,CS,OC
15824,180.5,23687,1112,IT,OC
15825,180.5,23688,5986,IT,OC
15826,180.5,23690,2702,EE,OC
15827,180.5,23691,1309,AD,OC
15828,180.5,23693,1432,AM,MBC
15829,180.5,23696,3011,CF,OC
15830,180.5,23697,3786,AD,OC
15831,180.5,23698,2711,IT,OC
15832,180.5,23699,2764,IT,MBC
15833,180.5,23700,5986,AD,BC
15834,180.5,23703,2736,EE,OC
15835,180.5,23705,4944,EC,OC
15836,180.5,23706,5910,EC,OC
15837,180.5,23707,1211,EE,MBC
15838,180.5,23708,2718,ME,OC
15839,180.5,23710,2025,EC,MBC
15840,180.5,23711,2603,EC,BC
15841,180.5,23712,2006,MT,BC
15842,180.5,23713,2719,CS,BC
15843,180.5,23714,2702,AL,OC
15844,180.5,23716,2739,EE,OC
15845,180.5,23718,2735,CS,BC
15846,180.5,23719,5008,IM,SC
15847,180.5,23720,2025,EC,BC
15848,180.5,23724,3819,AM,OC
15849,180.5,23725,2751,EC,OC
15850,180.5,23726,2618,CS,BC
15851,180.5,23728,4020,CS,OC
15852,180.5,23729,2,TX,OC
15853,180.5,23730,1304,AM,OC
15854,180.5,23731,2719,CS,BC
15855,180.5,23732,1304,CS,MBC
15856,180.5,23735,1419,AD,BC
15857,180.5,23738,2722,EC,BC
15858,180.5,23739,1211,CB,MBC
15859,180.5,23743,2722,AD,BC
15860,180.5,23746,4960,EC,OC
15861,180.5,23747,3826,AD,OC
15862,180.5,23750,5910,CS,BC
15863,180.5,23752,2706,IT,OC
15864,180.5,23753,1112,CS,MBC
15865,180.5,23754,2712,ME,BC
15866,180.5,23755,2722,IT,BC
15867,180.5,23756,1210,AD,OC
15868,180.5,23757,1419,EC,BCM
15869,180.5,23759,2719,IT,OC
15870,180.5,23761,1226,IT,OC
15871,180.5,23762,1419,IT,BC
15872,180.5,23765,2,FS,MBC
15873,180.5,23768,1432,AM,MBC
15874,180.5,23773,2710,EE,OC
15875,180.5,23774,1304,IT,OC
15876,180.5,23777,2722,IT,MBC
15877,180.5,23778,1422,CS,BC
15878,180.5,23779,2329,EC,OC
15879,180.5,23781,1419,AM,OC
15880,180.5,23782,2712,EC,SC
15881,180.5,23783,2711,EC,BC
15882,180.5,23785,2610,IT,OC
15883,180.5,23786,1149,CS,OC
15884,180.5,23787,2722,EC,MBC
15885,180.5,23788,5986,EC,OC
15886,180.5,23789,2643,AD,OC
15887,180.5,23790,1422,AD,OC
15888,180.5,23791,2634,BM,OC
15889,180.5,23792,3,BP,BC
15890,180.5,23793,1310,CS,OC
15891,180.5,23796,2764,MZ,OC
15892,180.5,23800,4974,EE,BC
15893,180.5,23802,1211,BT,OC
15894,180.5,23804,4955,IT,OC
15895,180.5,23805,2722,IT,BC
15896,180.5,23807,1419,IT,MBC
15897,180.5,23808,3011,BT,OC
15898,180.5,23809,2722,EC,BC
15899,180.5,23814,1216,EC,OC
15900,180.5,23815,1127,AD,OC
15901,180.5,23817,1324,SC,OC
15902,180.5,23818,1324,CS,OC
15903,180.5,23824,3,BP,MBC
15904,180.5,23825,2722,EC,BC
15905,180.5,23826,2618,CS,BC
15906,180.5,23828,2722,AD,BC
15907,180.5,23831,2739,CO,BC
15908,180.5,23832,2751,EC,OC
15909,180.5,23833,1317,CS,MBC
15910,180.5,23835,1113,EE,OC
15911,180.5,23836,1321,MN,OC
15912,180.5,23838,2712,ME,BC
15913,180.5,23839,3843,EC,OC
15914,180.5,23840,1399,EC,SC
15915,180.5,23842,2750,CS,OC
15916,180.5,23844,1219,EE,BC
15917,180.5,23845,1317,AL,OC
15918,180.5,23846,1304,AD,BC
15919,180.5,23848,1516,CS,BC
15920,180.5,23851,2005,IB,OC
15921,180.5,23853,2719,CS,BC
15922,180.5,23858,2369,EC,OC
15923,180.5,23862,2,PM,MBC
15924,180.5,23863,1399,BM,SC
15925,180.5,23867,2702,IT,BCM
15926,180.5,23868,2712,CS,SC
15927,180.5,23870,1149,CS,OC
15928,180.5,23871,4960,IT,OC
15929,180.5,23873,2731,IT,OC
15930,180.5,23874,2,CR,OC
15931,180.5,23875,2711,CS,MBC
15932,180.5,23877,2722,AD,MBC
15933,180.5,23880,2601,BT,OC
15934,180.5,23884,4962,EC,BC
15935,180.5,23885,2377,CE,MBC
15936,180.5,23886,2709,EE,OC
15937,180.5,23887,4,RP,BC
15938,180.5,23892,1211,MZ,OC
15939,180.5,23893,2739,CO,BC
15940,180.5,23897,2711,IT,OC
15941,180.5,23898,2005,CE,MBC
15942,180.5,23899,3011,CS,BC
15943,180.5,23908,5901,EC,SC
15944,180.5,23910,2736,CS,OC
15945,180.5,23913,2708,BM,OC
15946,180.5,23914,2,CR,OC
15947,180.5,23920,2751,CS,BC
15948,180.5,23926,2653,CS,OC
15949,180.5,23928,2711,EC,BC
15950,180.5,23930,2731,AD,OC
15951,180.5,23931,3807,EC,OC
15952,180.5,23932,4960,EC,OC
15953,180.5,23933,2702,AL,BC
15954,180.5,23935,2603,EE,OC
15955,180.5,23936,5986,EC,OC
15956,180.5,23937,4955,EC,OC
15957,180.5,23945,1516,CS,BCM
15958,180.5,23946,1216,SC,BC
15959,180.5,23948,4960,EC,OC
15960,180.5,23949,1432,CO,BC
15961,180.5,23950,2763,CS,OC
15962,180.5,23951,2,PP,BC
15963,180.5,23956,1211,AE,MBC
15964,180.5,23957,2731,EC,MBC
15965,180.5,23959,4974,EE,BC
15966,180.5,23961,2734,CS,OC
15967,180.4,23964,1399,CS,SC
15968,180.3,23967,2622,AD,OC
15969,180.3,23968,2734,SB,OC
15970,180.2,23969,1516,CS,BC
15971,180.2,23970,2702,AL,BC
15972,180.2,23971,2726,EC,OC
15973,180.2,23974,2734,IT,OC
15974,180.1,23976,2726,AO,OC
15975,180.1,23977,2726,AG,OC
15976,180.1,23978,2329,AD,OC
15977,180.1,23979,2329,AD,OC
15978,180.0,23982,2731,AD,OC
15979,180.0,23984,2735,CS,MBC
15980,180.0,23985,1216,IT,OC
15981,180.0,23987,1422,EE,OC
15982,180.0,23989,2719,CS,BC
15983,180.0,23991,1216,AL,OC
15984,180.0,23992,2634,AD,OC
15985,180.0,23993,4974,EE,MBC
15986,180.0,23994,5910,AD,OC
15987,180.0,23996,2005,ME,MBC
15988,180.0,23997,1450,CS,SC
15989,180.0,23998,2736,EC,OC
15990,180.0,24001,2711,IT,OC
15991,180.0,24003,1216,CS,BC
15992,180.0,24004,1419,AD,MBC
15993,180.0,24005,2712,CS,SC
15994,180.0,24006,2722,EC,MBC
15995,180.0,24007,2709,IT,SC
15996,180.0,24008,2006,PS,OC
15997,180.0,24009,1419,AD,BC
15998,180.0,24011,1317,IT,OC
15999,180.0,24014,1,XM,MBC
16000,180.0,24015,2706,IT,OC
16001,180.0,24016,4962,EC,BCM
16002,180.0,24017,1216,SC,MBC
16003,180.0,24018,2751,CS,BC
16004,180.0,24019,2719,CS,MBC
16005,180.0,24022,1317,CS,BC
16006,180.0,24023,2711,EC,BC
16007,180.0,24025,3843,CS,OC
16008,180.0,24027,1,XM,BC
16009,180.0,24029,1317,CS,MBC
16010,180.0,24030,1120,EE,OC
16011,180.0,24032,2736,AD,MBC
16012,180.0,24033,1120,CS,OC
16013,180.0,24034,5,CS,OC
16014,180.0,24035,1210,IT,OC
16015,180.0,24037,1210,AD,OC
16016,180.0,24038,5,CS,OC
16017,180.0,24039,2025,EC,BC
16018,180.0,24040,2025,EC,MBC
16019,180.0,24041,2735,EC,OC
16020,180.0,24043,1419,CB,OC
16021,180.0,24044,1216,EC,OC
16022,180.0,24045,2722,AD,BC
16023,180.0,24046,2718,MZ,OC
16024,180.0,24047,2740,CS,OC
16025,180.0,24048,2702,AL,BC
16026,180.0,24049,4962,EC,BCM
16027,180.0,24051,2719,CS,BC
16028,180.0,24052,2739,CO,BC
16029,180.0,24056,2718,CS,SC
16030,180.0,24058,2711,AD,BCM
16031,180.0,24060,2711,EC,BC
16032,180.0,24061,2710,EC,MBC
16033,180.0,24062,2702,AL,BC
16034,180.0,24064,1419,IT,MBC
16035,180.0,24066,2622,AM,OC
16036,180.0,24067,1317,AD,OC
16037,180.0,24068,2711,CS,MBC
16038,180.0,24069,4962,IT,OC
16039,180.0,24070,2751,AD,BC
16040,180.0,24071,1419,EC,BC
16041,180.0,24072,5901,ME,OC
16042,180.0,24073,2706,AD,OC
16043,180.0,24074,3465,CS,SC
16044,180.0,24075,2709,EC,MBC
16045,180.0,24078,1309,CE,OC
16046,180.0,24079,1304,IT,OC
16047,180.0,24081,1419,AD,BC
16048,180.0,24083,4680,CS,OC
16049,180.0,24084,1419,SC,OC
16050,180.0,24085,1113,EA,BC
16051,180.0,24087,1210,CS,OC
16052,180.0,24088,2711,EC,BC
16053,180.0,24089,1219,EE,BC
16054,180.0,24090,4964,BM,OC
16055,180.0,24091,1112,CS,MBC
16056,180.0,24093,2702,AL,BC
16057,180.0,24095,4020,CS,OC
16058,180.0,24097,2739,IT,MBC
16059,180.0,24099,1211,MZ,OC
16060,180.0,24100,3465,CS,BC
16061,180.0,24101,2615,CE,OC
16062,180.0,24102,2736,AD,BC
16063,180.0,24103,2764,EC,MBC
16064,180.0,24105,1,MA,SC
16065,180.0,24106,1014,CS,OC
16066,180.0,24107,2615,EC,SC
16067,180.0,24108,1216,IT,OC
16068,180.0,24109,4962,EC,BC
16069,180.0,24111,2706,IT,OC
16070,180.0,24112,1216,IT,OC
16071,180.0,24113,4960,IT,OC
16072,180.0,24114,2622,AD,OC
16073,180.0,24115,2706,IT,OC
16074,180.0,24117,1419,AD,BC
16075,180.0,24118,1210,AD,OC
16076,180.0,24121,3701,IT,OC
16077,180.0,24122,4680,CS,OC
16078,180.0,24123,2764,EC,MBC
16079,180.0,24124,1112,CS,BC
16080,180.0,24125,2608,EV,OC
16081,180.0,24126,2722,CS,MBC
16082,180.0,24127,1422,CS,MBC
16083,180.0,24128,1304,EC,OC
16084,180.0,24129,4933,EC,OC
16085,180.0,24130,1408,AD,OC
16086,180.0,24131,1304,CS,MBC
16087,180.0,24132,2711,CS,MBC
16088,180.0,24133,2722,AD,MBC
16089,180.0,24134,1304,SC,OC
16090,180.0,24136,2711,IT,OC
16091,180.0,24137,4962,IT,OC
16092,180.0,24138,2005,EI,SC
16093,180.0,24139,2727,CS,OC
16094,180.0,24140,1419,EC,BC
16095,180.0,24141,4020,CS,OC
16096,180.0,24142,2725,CS,OC
16097,180.0,24143,5901,ME,OC
16098,180.0,24144,2719,CS,BC
16099,180.0,24145,5986,IT,OC
16100,180.0,24146,1211,CD,MBC
16101,180.0,24147,4962,EC,MBC
16102,180.0,24148,2750,CS,OC
16103,180.0,24150,1317,AD,OC
16104,180.0,24151,1120,SC,OC
16105,180.0,24155,1432,CB,BC
16106,180.0,24156,5986,EC,OC
16107,180.0,24157,1324,CS,OC
16108,180.0,24159,4960,EC,OC
16109,180.0,24160,5910,EC,OC
16110,180.0,24161,2006,AS,BC
16111,180.0,24163,1432,EC,BCM
16112,180.0,24164,1304,CS,BC
16113,180.0,24165,2611,CS,OC
16114,180.0,24166,3011,CF,OC
16115,180.0,24167,2709,EE,OC
16116,180.0,24170,1,PT,BC
16117,180.0,24172,2718,ME,OC
16118,180.0,24173,2615,MT,OC
16119,180.0,24174,2764,IT,MBC
16120,180.0,24176,2706,IT,OC
16121,180.0,24177,2005,EI,SC
16122,180.0,24179,1211,RM,OC
16123,180.0,24180,5910,CS,BC
16124,180.0,24181,1304,IT,OC
16125,180.0,24182,5008,IM,SC
16126,180.0,24183,1113,EV,OC
16127,180.0,24185,4020,AD,MBC
16128,180.0,24186,2618,CS,BC
16129,180.0,24187,2722,CI,OC
16130,180.0,24190,1419,CS,MBC
16131,180.0,24191,2710,CE,OC
16132,180.0,24196,4020,CS,OC
16133,180.0,24197,2005,PR,OC
16134,180.0,24198,2736,AD,BC
16135,180.0,24199,1304,EC,OC
16136,180.0,24200,4962,AD,BC
16137,180.0,24201,1419,AD,BC
16138,180.0,24202,1504,CS,OC
16139,180.0,24203,2712,CE,OC
16140,180.0,24204,1419,IT,MBC
16141,180.0,24206,2764,BM,OC
16142,180.0,24208,2718,ME,OC
16143,180.0,24210,1216,CS,MBC
16144,180.0,24211,2702,CB,MBC
16145,180.0,24212,4,RP,BCM
16146,180.0,24215,1520,CS,OC
16147,180.0,24216,2736,CB,OC
16148,180.0,24217,4959,CS,OC
16149,180.0,24218,1422,AD,OC
16150,180.0,24220,2709,EE,OC
16151,180.0,24221,2706,EC,OC
16152,180.0,24222,1324,AD,OC
16153,180.0,24223,2708,IT,OC
16154,180.0,24226,2718,MZ,OC
16155,180.0,24228,2603,EC,BC
16156,180.0,24229,4962,IT,OC
16157,180.0,24230,3807,EC,OC
16158,180.0,24231,2718,EC,SC
16159,180.0,24235,1216,CS,BC
16160,180.0,24236,2722,IT,BC
16161,180.0,24237,1432,CB,MBC
16162,180.0,24238,3011,IT,BCM
16163,180.0,24239,2715,CS,OC
16164,180.0,24242,2006,PN,MBC
16165,180.0,24247,1419,IX,OC
16166,180.0,24248,2722,IT,BC
16167,180.0,24249,2719,AD,BC
16168,180.0,24251,2722,AD,BC
16169,180.0,24252,4962,AD,BC
16170,180.0,24253,4959,CS,OC
16171,180.0,24254,2723,CS,OC
16172,180.0,24255,2764,CS,SC
16173,180.0,24257,2736,SC,OC
16174,180.0,24258,2622,AM,OC
16175,180.0,24259,2739,CO,BC
16176,180.0,24260,1419,EC,MBC
16177,180.0,24261,2005,EI,SC
16178,180.0,24262,2702,AL,BC
16179,180.0,24263,2740,CS,OC
16180,180.0,24269,1216,IT,OC
16181,180.0,24270,1219,ME,OC
16182,180.0,24271,2025,AD,BCM
16183,180.0,24272,2711,IT,OC
16184,180.0,24273,2751,AD,MBC
16185,180.0,24274,1216,EC,OC
16186,180.0,24276,1516,EC,OC
16187,180.0,24279,4974,EC,SC
16188,180.0,24280,1304,EC,OC
16189,180.0,24282,2727,AD,OC
16190,180.0,24283,1210,CS,OC
16191,180.0,24284,1149,CS,OC
16192,180.0,24285,1210,EC,OC
16193,180.0,24287,5901,CE,OC
16194,180.0,24288,1419,IT,BC
16195,180.0,24289,2007,CE,BC
16196,180.0,24289,2711,IT,OC
16197,180.0,24290,2735,IT,MBC
16198,180.0,24291,1432,CB,BC
16199,180.0,24293,1324,CS,OC
16200,180.0,24295,1013,CS,BC
16201,180.0,24296,2712,ME,BC
16202,180.0,24299,2740,CS,OC
16203,180.0,24301,1422,EC,OC
16204,180.0,24303,2603,EC,BC
16205,180.0,24304,2620,AD,OC
16206,180.0,24305,2702,CB,BC
16207,180.0,24307,2718,AD,SC
16208,180.0,24309,1304,BM,OC
16209,180.0,24310,2006,AS,BC
16210,180.0,24312,2615,ME,OC
16211,180.0,24314,1304,AD,BC
16212,180.0,24317,1317,AD,OC
16213,180.0,24319,1317,IT,OC
16214,180.0,24320,2634,AE,OC
16215,180.0,24323,3819,EC,OC
16216,180.0,24324,2722,EE,OC
16217,180.0,24325,1211,AD,SC
16218,180.0,24328,2739,CO,BC
16219,180.0,24329,1419,IT,MBC
16220,180.0,24330,2731,IT,OC
16221,180.0,24331,1419,EC,BC
16222,180.0,24332,1304,AD,MBC
16223,180.0,24333,1211,MZ,OC
16224,180.0,24334,4960,AD,OC
16225,180.0,24335,5009,CS,OC
16226,180.0,24336,4962,CS,BCM
16227,180.0,24337,2711,CE,OC
16228,180.0,24338,2706,CS,BC
16229,180.0,24340,1450,IT,SC
16230,180.0,24347,1219,EE,BCM
16231,180.0,24348,2711,CD,OC
16232,180.0,24351,2722,AD,BC
16233,180.0,24352,5842,EC,OC
16234,180.0,24355,4944,CS,OC
16235,180.0,24356,4971,AD,OC
16236,180.0,24357,2751,EC,OC
16237,180.0,24358,5910,CS,MBC
16238,180.0,24361,3817,CS,OC
16239,180.0,24362,2706,SC,OC
16240,180.0,24363,1516,EC,OC
16241,180.0,24365,3819,EC,OC
16242,180.0,24366,2740,CS,OC
16243,180.0,24367,1419,AD,BC
16244,180.0,24369,1432,EV,BC
16245,180.0,24370,2722,IT,BC
16246,180.0,24371,5,IT,OC
16247,180.0,24372,5008,CN,BC
16248,180.0,24373,1317,IT,OC
16249,180.0,24374,5008,CN,BC
16250,180.0,24375,1317,IT,OC
16251,180.0,24376,2618,CS,BC
16252,180.0,24377,2735,IT,MBC
16253,180.0,24378,2706,IT,OC
16254,180.0,24380,2764,MZ,OC
16255,180.0,24382,5910,CS,BC
16256,180.0,24383,4971,CS,OC
16257,180.0,24385,2751,IT,OC
16258,180.0,24386,1113,AD,MBC
16259,180.0,24387,1210,CS,OC
16260,180.0,24388,2735,IT,MBC
16261,180.0,24389,1210,CS,OC
16262,180.0,24390,5910,CS,BC
16263,180.0,24391,3826,EC,OC
16264,180.0,24392,3464,CS,OC
16265,180.0,24393,1422,CS,MBC
16266,180.0,24394,3464,CS,OC
16267,180.0,24395,3830,CS,OC
16268,180.0,24400,2005,CE,BC
16269,180.0,24404,1226,CS,OC
16270,180.0,24405,1419,EC,BC
16271,180.0,24406,2751,SC,OC
16272,180.0,24408,2735,IT,MBC
16273,180.0,24409,1304,CB,OC
16274,180.0,24410,4967,CS,OC
16275,180.0,24411,2751,AD,BC
16276,180.0,24412,2702,AL,BC
16277,180.0,24414,1419,AD,BC
16278,180.0,24416,2739,CO,BC
16279,180.0,24418,2711,EC,MBC
16280,180.0,24419,2005,ME,MBC
16281,180.0,24421,2764,MZ,OC
16282,180.0,24422,2706,IT,OC
16283,180.0,24424,1316,CH,OC
16284,180.0,24425,3011,CS,BC
16285,180.0,24426,2739,CO,MBC
16286,180.0,24427,1317,IT,OC
16287,180.0,24428,1408,CS,OC
16288,180.0,24432,5986,EC,OC
16289,180.0,24436,4974,EE,BC
16290,180.0,24440,4960,BT,OC
16291,180.0,24441,1210,CS,OC
16292,180.0,24442,2736,CS,OC
16293,180.0,24443,2702,AL,BC
16294,180.0,24446,1127,BT,OC
16295,180.0,24447,1304,EC,OC
16296,180.0,24449,2656,EC,OC
16297,180.0,24451,1324,EC,OC
16298,180.0,24452,1432,CO,BC
16299,180.0,24453,5919,BT,OC
16300,180.0,24454,4971,CS,OC
16301,180.0,24457,1399,CS,SC
16302,180.0,24458,4971,CS,OC
16303,180.0,24459,2739,AM,MBC
16304,180.0,24461,2711,AD,BC
16305,180.0,24462,1311,CS,OC
16306,180.0,24464,4960,EC,OC
16307,180.0,24465,1216,CS,BC
16308,180.0,24466,1315,CE,SC
16309,180.0,24468,2711,EC,MBC
16310,180.0,24469,3803,CS,OC
16311,180.0,24470,1309,CS,OC
16312,180.0,24471,1422,AD,OC
16313,180.0,24473,1113,AD,MBC
16314,180.0,24475,2719,EC,BC
16315,180.0,24476,5904,IT,OC
16316,180.0,24477,2711,CS,MBC
16317,180.0,24478,1317,IT,OC
16318,180.0,24479,1324,IT,OC
16319,180.0,24480,1210,CS,OC
16320,180.0,24481,2751,IT,MBC
16321,180.0,24482,2739,CB,MBC
16322,180.0,24483,2739,CO,BC
16323,180.0,24486,4020,AD,BC
16324,180.0,24489,2751,SC,OC
16325,180.0,24491,1315,EC,SCA
16326,180.0,24492,1450,CS,SC
16327,180.0,24495,2712,IT,SC
16328,180.0,24496,5008,IM,SC
16329,180.0,24497,4960,AD,OC
16330,180.0,24498,2702,AD,MBC
16331,180.0,24500,1422,IT,OC
16332,180.0,24503,1304,CS,BC
16333,180.0,24504,2722,AM,MBC
16334,180.0,24505,5010,CS,OC
16335,180.0,24506,3830,CS,OC
16336,180.0,24507,2618,CS,BC
16337,180.0,24508,5910,CS,BC
16338,180.0,24510,5,EC,OC
16339,180.0,24511,3819,CS,BC
16340,180.0,24512,2006,FY,OC
16341,180.0,24513,2708,AL,BC
16342,180.0,24514,1304,IT,OC
16343,180.0,24515,2711,EC,BC
16344,180.0,24517,1419,AM,OC
16345,180.0,24518,5008,MF,MBC
16346,180.0,24519,2719,AD,BC
16347,180.0,24520,2005,ME,MBC
16348,180.0,24521,2007,CE,BC
16349,180.0,24522,1324,EC,OC
16350,180.0,24523,3795,CS,OC
16351,180.0,24524,2006,PN,MBC
16352,180.0,24525,2007,CL,MBC
16353,180.0,24526,4960,EC,OC
16354,180.0,24528,5901,CE,OC
16355,180.0,24533,1317,CS,BC
16356,180.0,24538,2706,IT,OC
16357,180.0,24542,2706,IT,OC
16358,180.0,24543,1432,AD,MBC
16359,180.0,24544,2620,EC,OC
16360,180.0,24546,5,CS,OC
16361,180.0,24549,1304,SC,OC
16362,180.0,24550,1419,IT,MBC
16363,180.0,24551,1419,CI,OC
16364,180.0,24552,3795,AD,OC
16365,180.0,24553,1419,SC,OC
16366,180.0,24554,5842,EC,OC
16367,180.0,24555,2740,CS,OC
16368,180.0,24556,2615,ME,OC
16369,180.0,24558,2722,AD,BC
16370,180.0,24561,2620,CS,OC
16371,180.0,24564,1219,BT,OC
16372,180.0,24565,2006,AS,BC
16373,180.0,24567,2722,AM,MBC
16374,180.0,24568,4960,IT,OC
16375,180.0,24569,2722,AD,BC
16376,180.0,24570,1211,BM,OC
16377,180.0,24571,1304,AD,MBC
16378,180.0,24573,1211,CD,MBC
16379,180.0,24575,2736,CS,BC
16380,180.0,24576,1026,CS,OC
16381,180.0,24577,2722,IT,BC
16382,180.0,24578,1112,EC,OC
16383,180.0,24579,1315,CE,SC
16384,180.0,24580,2709,EC,MBC
16385,180.0,24581,2025,EE,OC
16386,180.0,24582,2718,MZ,OC
16387,180.0,24583,2750,EV,OC
16388,180.0,24589,1512,CS,OC
16389,180.0,24590,4962,CS,BC
16390,180.0,24591,2712,CE,OC
16391,180.0,24594,5910,AD,OC
16392,180.0,24595,2712,MZ,BC
16393,180.0,24596,1304,CD,OC
16394,180.0,24599,2712,CS,SC
16395,180.0,24600,1317,CS,BCM
16396,180.0,24601,4954,CS,OC
16397,180.0,24602,1324,EC,OC
16398,180.0,24604,1309,CS,OC
16399,180.0,24607,2722,AM,BC
16400,180.0,24608,2618,AD,OC
16401,180.0,24609,2711,EC,BC
16402,180.0,24611,4023,CS,OC
16403,180.0,24613,1112,EC,OC
16404,180.0,24614,1419,IT,BC
16405,180.0,24616,2712,ME,MBC
16406,180.0,24619,4960,EC,OC
16407,180.0,24624,1432,CB,BC
16408,180.0,24625,2712,AD,SC
16409,180.0,24627,1216,IT,OC
16410,180.0,24628,4962,AD,BC
16411,180.0,24629,2712,AE,BC
16412,180.0,24631,2711,CH,OC
16413,180.0,24634,2711,EC,MBC
16414,180.0,24635,2702,EC,MBC
16415,180.0,24638,2706,CS,BC
16416,180.0,24639,1113,IT,MBC
16417,180.0,24642,4680,CS,OC
16418,180.0,24643,4962,EC,BC
16419,180.0,24644,1216,AD,OC
16420,180.0,24647,1304,CS,MBC
16421,180.0,24648,2702,AL,BC
16422,180.0,24650,2709,EE,OC
16423,180.0,24651,1419,AM,OC
16424,180.0,24652,3806,IT,OC
16425,180.0,24653,2615,ME,OC
16426,180.0,24654,1,PT,BC
16427,180.0,24655,2007,EE,SC
16428,180.0,24656,2,FS,SC
16429,180.0,24657,3465,EC,OC
16430,180.0,24658,1432,AD,BCM
16431,180.0,24659,1309,CS,OC
16432,180.0,24660,5986,IT,OC
16433,180.0,24662,1304,AD,BC
16434,180.0,24664,1304,CS,MBC
16435,180.0,24665,4960,EC,OC
16436,180.0,24667,1210,CS,OC
16437,180.0,24668,1216,EC,OC
16438,180.0,24669,2709,IT,SC
16439,180.0,24670,1112,CS,MBC
16440,180.0,24671,2712,BT,BCM
16441,180.0,24674,2736,AD,MBC
16442,180.0,24678,3011,ME,OC
16443,180.0,24679,2764,AM,MBC
16444,180.0,24680,1216,AD,OC
16445,180.0,24681,1216,CS,BC
16446,180.0,24682,1113,EV,OC
16447,180.0,24686,1304,AD,BC
16448,180.0,24690,2722,AM,BC
16449,180.0,24692,1211,ME,OC
16450,180.0,24694,2006,MS,BC
16451,180.0,24698,2006,FY,OC
16452,180.0,24701,2722,CS,BCM
16453,180.0,24702,2722,IT,MBC
16454,180.0,24704,2,FS,BC
16455,180.0,24705,1516,EC,OC
16456,180.0,24707,1324,CS,OC
16457,180.0,24709,3011,IT,MBC
16458,180.0,24710,4931,CS,OC
16459,180.0,24711,2736,CS,BC
16460,180.0,24712,2735,IT,BC
16461,180.0,24715,2702,EE,OC
16462,180.0,24716,2739,CO,BC
16463,180.0,24717,1324,CS,OC
16464,180.0,24718,2377,CE,MBC
16465,180.0,24719,3465,EC,OC
16466,180.0,24720,1317,EC,MBC
16467,180.0,24721,1432,AD,MBC
16468,180.0,24722,2,FS,BC
16469,180.0,24723,1211,AD,SC
16470,180.0,24725,2735,EC,OC
16471,180.0,24728,1113,EA,BC
16472,180.0,24729,1304,EC,OC
16473,180.0,24731,4,RP,BC
16474,180.0,24732,2711,EC,BC
16475,180.0,24734,1422,CS,BC
16476,180.0,24735,1399,AM,SC
16477,180.0,24737,1304,CS,MBC
16478,180.0,24738,2743,BM,OC
16479,180.0,24739,2,IS,SC
16480,180.0,24740,1216,EC,OC
16481,180.0,24741,2729,EC,OC
16482,180.0,24742,2739,IT,MBC
16483,180.0,24743,1210,CS,OC
16484,180.0,24744,2702,AL,BC
16485,180.0,24745,4955,CS,OC
16486,180.0,24746,1304,EC,OC
16487,180.0,24749,3011,PH,OC
16488,180.0,24752,5901,CE,OC
16489,180.0,24753,1317,CS,BC
16490,180.0,24755,1,MN,SC
16491,180.0,24760,3830,CS,OC
16492,180.0,24761,1219,EE,MBC
16493,180.0,24762,3011,CS,MBC
16494,180.0,24763,2006,BS,SC
16495,180.0,24766,1432,CB,MBC
16496,180.0,24768,1399,EC,SC
16497,180.0,24769,4960,CS,SC
16498,180.0,24771,1216,IT,OC
16499,180.0,24772,2702,EC,MBC
16500,180.0,24773,2711,EC,BC
16501,180.0,24776,2702,EC,MBC
16502,180.0,24777,1317,CS,BC
16503,180.0,24778,2704,CS,OC
16504,180.0,24780,1304,EC,OC
16505,180.0,24781,2722,CI,OC
16506,180.0,24782,2005,PR,OC
16507,180.0,24786,4,RP,MBC
16508,180.0,24787,1304,AD,MBC
16509,180.0,24789,2712,MZ,MBC
16510,180.0,24790,2711,IT,OC
16511,180.0,24791,3908,CS,OC
16512,180.0,24795,1432,CO,BC
16513,180.0,24801,1399,EC,SC
16514,180.0,24802,2736,CS,BC
16515,180.0,24803,2006,IY,SC
16516,180.0,24806,2727,EC,OC
16517,180.0,24808,2007,EY,SC
16518,180.0,24809,1432,EC,MBC
16519,180.0,24810,5901,EE,BCM
16520,180.0,24811,1210,CS,OC
16521,180.0,24812,2731,IT,BC
16522,180.0,24814,2,FS,MBC
16523,180.0,24815,2711,EC,BC
16524,180.0,24816,2711,EC,BC
16525,180.0,24817,1304,EC,OC
16526,180.0,24818,1120,CS,OC
16527,180.0,24819,1304,EC,OC
16528,180.0,24820,3795,CS,OC
16529,180.0,24822,1149,CS,OC
16530,180.0,24823,4974,EE,BC
16531,180.0,24824,2711,EC,MBC
16532,180.0,24825,1419,SC,OC
16533,180.0,24826,2025,EC,BC
16534,180.0,24829,1432,CO,BC
16535,180.0,24831,1,PT,BC
16536,180.0,24832,1112,CS,BC
16537,180.0,24833,2708,CS,OC
16538,180.0,24834,2722,IT,BC
16539,180.0,24835,1317,CS,SC
16540,180.0,24836,2731,IT,BC
16541,180.0,24837,2608,CS,OC
16542,180.0,24838,1113,EA,BC
16543,180.0,24839,2736,CS,MBC
16544,180.0,24842,2764,BM,OC
16545,180.0,24843,2,IS,SC
16546,180.0,24844,1432,CB,BC
16547,180.0,24847,1304,AD,BC
16548,180.0,24850,5008,MF,MBC
16549,180.0,24851,2710,EE,OC
16550,180.0,24853,1210,AL,OC
16551,180.0,24858,2712,ME,BC
16552,180.0,24859,1113,CD,OC
16553,180.0,24862,2025,EC,BC
16554,180.0,24863,2712,AU,OC
16555,180.0,24864,1419,SC,OC
16556,180.0,24867,2711,AD,BC
16557,180.0,24868,1424,CS,OC
16558,180.0,24873,1219,EE,MBC
16559,180.0,24875,2722,AD,MBC
16560,180.0,24876,1113,IT,MBC
16561,180.0,24877,2615,ME,OC
16562,180.0,24879,2706,SC,OC
16563,180.0,24883,1210,CS,OC
16564,180.0,24884,2711,CS,MBC
16565,180.0,24885,1424,CS,OC
16566,180.0,24888,2712,BT,MBC
16567,180.0,24900,1304,IT,OC
16568,180.0,24901,2726,CS,OC
16569,180.0,24902,2702,AL,BC
16570,179.9,24903,1116,CS,OC
16571,179.9,24905,2329,AD,OC
16572,179.9,24906,2,PP,SC
16573,179.9,24907,3464,CS,OC
16574,179.9,24909,2708,CS,OC
16575,179.8,24910,2618,AD,OC
16576,179.8,24911,2329,AD,OC
16577,179.8,24912,1399,ME,MBC
16578,179.7,24914,2329,AD,OC
16579,179.7,24917,2734,EC,OC
16580,179.6,24918,2726,MZ,OC
16581,179.5,24921,3795,AD,OC
16582,179.5,24923,1317,IT,OC
16583,179.5,24925,1112,CS,BC
16584,179.5,24926,2615,MT,OC
16585,179.5,24927,1419,EC,BC
16586,179.5,24928,2025,EC,MBC
16587,179.5,24929,2005,IB,OC
16588,179.5,24930,1317,IT,OC
16589,179.5,24931,1210,CS,OC
16590,179.5,24932,2005,IB,MBC
16591,179.5,24933,1211,BT,OC
16592,179.5,24934,2618,CS,MBC
16593,179.5,24935,1226,EC,OC
16594,179.5,24936,2702,BT,OC
16595,179.5,24937,1317,CS,SC
16596,179.5,24940,2712,AD,SC
16597,179.5,24941,2702,CB,BC
16598,179.5,24942,4974,EE,MBC
16599,179.5,24947,1211,AE,BC
16600,179.5,24952,2711,IT,BC
16601,179.5,24953,1309,CS,OC
16602,179.5,24954,2025,EC,MBC
16603,179.5,24955,3464,EC,OC
16604,179.5,24956,2702,CB,BC
16605,179.5,24957,1120,CS,OC
16606,179.5,24958,5010,CS,OC
16607,179.5,24959,1304,AD,MBC
16608,179.5,24961,1013,CS,BC
16609,179.5,24962,2005,PR,OC
16610,179.5,24964,2722,SC,BC
16611,179.5,24965,2007,CN,MBC
16612,179.5,24967,1210,AD,OC
16613,179.5,24968,2651,AD,OC
16614,179.5,24971,1516,CS,MBC
16615,179.5,24972,2653,CS,OC
16616,179.5,24973,2711,CS,MBC
16617,179.5,24974,4962,IT,OC
16618,179.5,24975,2377,CE,BC
16619,179.5,24978,1516,EC,OC
16620,179.5,24979,2025,EV,OC
16621,179.5,24980,2005,IB,MBC
16622,179.5,24981,2740,CS,OC
16623,179.5,24982,2719,EE,OC
16624,179.5,24983,2702,IT,MBC
16625,179.5,24984,1216,EC,OC
16626,179.5,24985,1304,IT,OC
16627,179.5,24987,4960,CS,MBC
16628,179.5,24989,4680,EC,OC
16629,179.5,24990,5010,CS,OC
16630,179.5,24991,1210,AD,OC
16631,179.5,24992,2711,IT,BC
16632,179.5,24993,1516,EC,OC
16633,179.5,24997,1013,CS,MBC
16634,179.5,24998,4962,IT,BC
16635,179.5,24999,1210,CS,OC
16636,179.5,25000,4954,CS,OC
16637,179.5,25001,2739,AD,MBC
16638,179.5,25002,1317,IT,OC
16639,179.5,25003,3011,IT,MBC
16640,179.5,25005,1422,AD,OC
16641,179.5,25006,3011,IT,BC
16642,179.5,25007,2653,CS,OC
16643,179.5,25008,3830,CS,OC
16644,179.5,25010,3465,EC,OC
16645,179.5,25012,1211,EE,BCM
16646,179.5,25013,5901,CE,OC
16647,179.5,25014,4957,AD,OC
16648,179.5,25015,2719,EE,OC
16649,179.5,25016,2005,ME,MBC
16650,179.5,25018,1304,AM,OC
16651,179.5,25020,1432,CB,BC
16652,179.5,25021,4944,AD,OC
16653,179.5,25022,4955,CS,OC
16654,179.5,25024,2702,CS,SC
16655,179.5,25026,1304,AD,BC
16656,179.5,25027,3011,IT,SC
16657,179.5,25028,2329,CS,OC
16658,179.5,25029,1419,CS,MBC
16659,179.5,25030,5910,EC,OC
16660,179.5,25031,2739,ME,OC
16661,179.5,25032,1317,IT,OC
16662,179.5,25033,2718,ME,OC
16663,179.5,25034,2005,IB,MBC
16664,179.5,25035,2739,CS,BCM
16665,179.5,25037,2722,AM,BC
16666,179.5,25040,2740,IT,OC
16667,179.5,25041,5986,EC,OC
16668,179.5,25042,2751,EC,OC
16669,179.5,25043,4020,CS,BC
16670,179.5,25044,3826,CS,OC
16671,179.5,25046,1112,AL,OC
16672,179.5,25049,2712,MZ,BC
16673,179.5,25051,2722,AD,MBC
16674,179.5,25052,2712,EC,SC
16675,179.5,25053,2737,AD,OC
16676,179.5,25054,1317,IT,OC
16677,179.5,25055,1304,EC,OC
16678,179.5,25056,2706,AD,OC
16679,179.5,25057,2615,MT,OC
16680,179.5,25058,2702,IT,MBC
16681,179.5,25059,1419,AD,MBC
16682,179.5,25062,4023,CS,OC
16683,179.5,25065,1432,CO,MBC
16684,179.5,25069,1432,CO,MBC
16685,179.5,25070,4020,CS,BCM
16686,179.5,25071,2006,MY,MBC
16687,179.5,25072,1210,AD,OC
16688,179.5,25073,1304,CS,BC
16689,179.5,25074,1516,EC,OC
16690,179.5,25075,2718,MZ,OC
16691,179.5,25076,4960,CS,MBC
16692,179.5,25081,1,PT,BC
16693,179.5,25082,2702,CB,BC
16694,179.5,25083,3465,CS,MBC
16695,179.5,25086,2369,CS,OC
16696,179.5,25087,1304,EC,OC
16697,179.5,25089,1113,EE,OC
16698,179.5,25090,1399,IT,SC
16699,179.5,25092,1399,IT,SC
16700,179.5,25093,2005,CE,MBC
16701,179.5,25094,2712,ME,BC
16702,179.5,25095,4960,CS,BC
16703,179.5,25097,5008,IM,SC
16704,179.5,25102,2711,IT,BCM
16705,179.5,25103,2329,AD,OC
16706,179.5,25104,2006,CN,SCA
16707,179.5,25105,2653,CS,OC
16708,179.5,25106,2702,AL,BC
16709,179.5,25107,2005,CE,SC
16710,179.5,25108,2712,AU,OC
16711,179.5,25110,2706,IT,BC
16712,179.5,25111,1304,BM,OC
16713,179.5,25113,2711,EC,BCM
16714,179.5,25114,1026,CS,OC
16715,179.5,25116,2706,EC,OC
16716,179.5,25117,1113,CB,BC
16717,179.5,25118,2711,EC,BC
16718,179.5,25119,5865,EC,OC
16719,179.5,25121,2751,CS,BC
16720,179.5,25122,2622,CS,OC
16721,179.5,25124,5009,CS,OC
16722,179.5,25125,2722,EC,MBC
16723,179.5,25127,2702,IT,BCM
16724,179.5,25128,2751,AD,BC
16725,179.5,25129,2740,CS,OC
16726,179.5,25131,5910,CS,BC
16727,179.5,25132,1304,AM,OC
16728,179.5,25133,4974,EE,BC
16729,179.5,25135,2618,EC,OC
16730,179.5,25138,2764,MZ,OC
16731,179.5,25139,1324,IT,OC
16732,179.5,25141,2618,CS,MBC
16733,179.5,25142,1112,EC,OC
16734,179.5,25143,4,RP,BC
16735,179.5,25144,2722,IT,BC
16736,179.5,25149,2722,EE,OC
16737,179.5,25152,1112,IT,OC
16738,179.5,25153,1304,EC,BC
16739,179.5,25154,2618,EC,OC
16740,179.5,25157,2005,IB,MBC
16741,179.5,25158,2006,MT,BC
16742,179.5,25159,4955,CS,OC
16743,179.5,25160,2706,AD,OC
16744,179.5,25163,3701,EC,OC
16745,179.5,25166,5910,CS,BC
16746,179.5,25167,2722,AD,MBC
16747,179.5,25168,1013,IT,OC
16748,179.5,25169,1317,IT,OC
16749,179.5,25170,1317,IT,OC
16750,179.5,25171,2711,EC,BC
16751,179.5,25172,5986,IT,OC
16752,179.5,25175,3807,EC,OC
16753,179.5,25176,2302,AD,OC
16754,179.5,25178,1211,BM,OC
16755,179.5,25179,1210,CS,OC
16756,179.5,25180,1226,IT,OC
16757,179.5,25181,2712,MZ,BC
16758,179.5,25183,2710,AD,SC
16759,179.5,25186,2745,CS,OC
16760,179.5,25187,1112,IT,OC
16761,179.5,25188,2739,IT,MBC
16762,179.5,25189,2735,CS,BC
16763,179.5,25190,5008,CN,BC
16764,179.5,25191,1304,EC,BC
16765,179.5,25192,1304,EC,BC
16766,179.5,25193,2702,EE,OC
16767,179.5,25194,4974,EE,MBC
16768,179.5,25196,4020,CS,BC
16769,179.5,25198,2618,EC,OC
16770,179.5,25200,1432,CO,MBC
16771,179.5,25202,2618,AD,OC
16772,179.5,25203,2712,CS,SCA
16773,179.5,25206,2025,EC,MBC
16774,179.5,25208,2706,CS,MBC
16775,179.5,25209,1112,IT,OC
16776,179.5,25210,2706,AM,OC
16777,179.5,25211,2736,CS,BC
16778,179.5,25212,5910,CS,SC
16779,179.5,25214,3830,CS,OC
16780,179.5,25216,5008,EE,SC
16781,179.5,25217,1419,AD,MBC
16782,179.5,25218,1304,EC,BC
16783,179.5,25220,5986,EC,OC
16784,179.5,25222,2736,IT,OC
16785,179.5,25223,1422,AD,BC
16786,179.5,25225,4020,AD,BC
16787,179.5,25226,4994,CS,OC
16788,179.5,25227,2005,CE,MBC
16789,179.5,25228,2007,CL,MBC
16790,179.5,25229,1128,SC,OC
16791,179.5,25231,2611,AD,OC
16792,179.5,25233,1432,CO,BCM
16793,179.5,25234,1419,EC,BCM
16794,179.5,25236,3795,CS,OC
16795,179.5,25239,2711,CD,OC
16796,179.5,25240,1432,CO,MBC
16797,179.5,25242,1304,IT,OC
16798,179.5,25246,2005,ME,MBC
16799,179.5,25247,2736,CS,MBC
16800,179.5,25248,2718,ME,OC
16801,179.5,25249,2618,CS,BC
16802,179.5,25251,4971,CS,OC
16803,179.5,25252,1013,CS,MBC
16804,179.5,25253,1324,AM,OC
16805,179.5,25255,2711,ME,OC
16806,179.5,25257,1419,CI,OC
16807,179.5,25258,1113,EA,MBC
16808,179.5,25260,2722,IT,MBC
16809,179.5,25262,1128,CS,OC
16810,179.5,25263,2711,IT,BC
16811,179.5,25264,1112,IT,OC
16812,179.5,25265,1432,CB,BC
16813,179.5,25267,2603,EC,BC
16814,179.5,25269,3464,EC,OC
16815,179.5,25270,2618,CS,BC
16816,179.5,25272,1304,CS,MBC
16817,179.5,25273,2764,IT,SC
16818,179.5,25274,1516,EC,OC
16819,179.5,25276,1304,IT,OC
16820,179.5,25278,1225,CS,OC
16821,179.5,25279,3011,CS,BC
16822,179.5,25280,1450,EE,OC
16823,179.5,25281,2,PP,MBC
16824,179.5,25282,1120,EC,OC
16825,179.5,25284,1419,AD,MBC
16826,179.5,25285,1216,CS,MBC
16827,179.5,25288,2752,CS,OC
16828,179.5,25289,4960,AD,OC
16829,179.5,25290,1211,CD,MBC
16830,179.5,25291,5904,IT,OC
16831,179.5,25292,1112,CS,BCM
16832,179.5,25293,4680,IT,OC
16833,179.5,25294,5910,AM,OC
16834,179.5,25296,1432,AD,MBC
16835,179.5,25299,3819,CS,BC
16836,179.5,25303,1304,IT,OC
16837,179.5,25307,1317,SC,OC
16838,179.5,25308,1432,BT,OC
16839,179.5,25310,1324,CS,OC
16840,179.5,25311,2719,EE,OC
16841,179.5,25312,3826,IT,OC
16842,179.5,25314,2722,AM,BC
16843,179.5,25317,2615,CE,OC
16844,179.5,25319,1216,AD,OC
16845,179.5,25320,2711,EC,BC
16846,179.5,25321,1113,EC,MBC
16847,179.5,25322,4020,AD,BC
16848,179.5,25324,2702,AL,MBC
16849,179.5,25325,1,XM,BC
16850,179.5,25326,3011,AM,OC
16851,179.5,25328,4680,EC,OC
16852,179.5,25329,2702,EC,MBC
16853,179.5,25330,1432,EV,MBC
16854,179.5,25331,1419,EC,BC
16855,179.5,25333,1113,CD,OC
16856,179.5,25334,2712,IT,SC
16857,179.5,25335,1324,AD,OC
16858,179.5,25336,1304,EC,MBC
16859,179.5,25337,2702,EE,OC
16860,179.5,25340,1419,EC,BC
16861,179.5,25342,1422,CS,MBC
16862,179.5,25344,1210,AD,OC
16863,179.5,25345,4678,CS,OC
16864,179.5,25346,2711,CD,OC
16865,179.5,25347,2618,CS,BC
16866,179.5,25348,2712,EI,MBC
16867,179.5,25350,4974,EE,BC
16868,179.5,25352,2709,EE,OC
16869,179.5,25353,1216,IT,OC
16870,179.5,25355,1304,CS,BC
16871,179.5,25356,2712,CS,SCA
16872,179.5,25357,2745,CS,OC
16873,179.5,25358,1211,RM,OC
16874,179.5,25359,2634,CS,OC
16875,179.5,25361,2722,IT,BC
16876,179.5,25362,1422,AD,MBC
16877,179.5,25364,1304,IT,OC
16878,179.5,25366,2711,AD,BC
16879,179.5,25367,5910,CS,BC
16880,179.5,25370,1026,EC,OC
16881,179.5,25371,5901,CS,SC
16882,179.5,25372,3830,AD,OC
16883,179.5,25373,2706,AD,OC
16884,179.5,25374,2615,MT,OC
16885,179.5,25376,3,BP,BC
16886,179.5,25377,3701,IT,OC
16887,179.5,25378,5986,CS,MBC
16888,179.5,25379,2702,CB,BC
16889,179.5,25380,3819,CS,BC
16890,179.5,25382,1304,CS,BC
16891,179.5,25383,1311,AO,OC
16892,179.5,25384,1,PT,MBC
16893,179.5,25385,5008,CM,SCA
16894,179.5,25388,1216,SC,BC
16895,179.5,25389,2736,EC,OC
16896,179.5,25390,1304,IT,OC
16897,179.5,25391,2718,ME,OC
16898,179.5,25393,1399,EC,SC
16899,179.5,25394,4960,IT,OC
16900,179.5,25395,2706,EC,OC
16901,179.5,25396,2709,EE,OC
16902,179.5,25397,2719,CS,BC
16903,179.5,25398,1419,SC,OC
16904,179.5,25399,1304,IT,OC
16905,179.5,25400,2,PP,MBC
16906,179.5,25401,2711,IT,BCM
16907,179.5,25403,2702,CB,BC
16908,179.5,25404,2751,AM,OC
16909,179.5,25405,1422,CY,OC
16910,179.5,25407,1324,CS,OC
16911,179.5,25410,3807,CS,OC
16912,179.5,25412,5910,CS,BC
16913,179.5,25415,2706,AM,OC
16914,179.5,25416,4960,AD,OC
16915,179.5,25416,2751,CB,OC
16916,179.5,25418,4962,EC,BC
16917,179.5,25420,1422,CS,MBC
16918,179.5,25421,2712,ME,BC
16919,179.5,25422,2722,IT,BC
16920,179.5,25423,2739,ME,OC
16921,179.5,25425,1219,AD,SC
16922,179.5,25426,2706,EV,OC
16923,179.5,25428,5009,CS,OC
16924,179.5,25429,2734,EE,OC
16925,179.5,25431,5008,CW,SC
16926,179.5,25432,1419,AM,OC
16927,179.5,25433,1317,EC,BCM
16928,179.5,25436,2636,CS,OC
16929,179.5,25438,1014,IT,OC
16930,179.5,25439,1112,IT,OC
16931,179.5,25440,2711,IT,BC
16932,179.5,25441,3807,EC,OC
16933,179.5,25442,2722,IT,BC
16934,179.5,25443,2006,ME,SC
16935,179.5,25447,1210,CS,OC
16936,179.5,25449,1422,AD,BC
16937,179.5,25450,1112,IT,OC
16938,179.5,25451,2711,CD,OC
16939,179.5,25454,1317,IT,OC
16940,179.5,25457,2007,CE,BC
16941,179.5,25458,1324,CS,OC
16942,179.5,25462,2736,CS,BC
16943,179.5,25463,2710,EE,OC
16944,179.5,25464,4962,CS,BCM
16945,179.5,25466,1419,AD,MBC
16946,179.5,25467,1216,EC,OC
16947,179.5,25469,5502,AD,OC
16948,179.5,25471,1304,AD,BC
16949,179.5,25472,2005,ME,MBC
16950,179.5,25477,1211,MZ,OC
16951,179.5,25478,3,BP,SCA
16952,179.5,25481,2711,EC,BC
16953,179.5,25483,3011,EC,OC
16954,179.5,25485,4981,CS,OC
16955,179.5,25487,2722,IT,MBC
16956,179.5,25488,1210,AD,OC
16957,179.5,25489,3830,EC,OC
16958,179.5,25490,2722,AD,MBC
16959,179.5,25494,2711,CS,MBC
16960,179.5,25495,1419,AM,OC
16961,179.5,25496,2711,AD,BC
16962,179.5,25498,2764,EC,BCM
16963,179.5,25499,2615,MT,OC
16964,179.5,25500,1128,CS,OC
16965,179.5,25504,2711,AD,MBC
16966,179.5,25505,1120,EC,OC
16967,179.5,25507,1504,CS,OC
16968,179.5,25508,2711,IT,BC
16969,179.5,25509,2702,CB,BC
16970,179.5,25510,2710,EE,OC
16971,179.5,25514,1211,BM,OC
16972,179.5,25517,2722,IT,BC
16973,179.5,25518,2722,IT,MBC
16974,179.5,25520,2615,ME,OC
16975,179.5,25521,2007,CH,SC
16976,179.5,25522,1432,CB,MBC
16977,179.5,25524,1304,EC,BC
16978,179.5,25525,4944,EC,OC
16979,179.5,25526,2006,TX,OC
16980,179.5,25527,2005,CE,BC
16981,179.5,25529,2712,CS,SC
16982,179.5,25531,3806,BM,OC
16983,179.5,25533,2722,CS,MBC
16984,179.5,25534,2702,AL,BC
16985,179.5,25535,1211,RM,BC
16986,179.5,25537,2653,EC,OC
16987,179.5,25541,1317,CS,MBC
16988,179.5,25544,1432,EV,MBC
16989,179.5,25547,1432,CB,MBC
16990,179.5,25548,2711,IT,BC
16991,179.5,25549,2702,CB,BC
16992,179.5,25550,1419,AM,OC
16993,179.5,25552,2719,IT,OC
16994,179.5,25553,2618,EC,OC
16995,179.5,25554,2615,ME,OC
16996,179.5,25555,2722,IT,BC
16997,179.5,25556,1317,IT,OC
16998,179.5,25557,2007,ME,SC
16999,179.5,25559,4960,EC,OC
17000,179.5,25560,3,BP,BC
17001,179.5,25563,1421,IT,OC
17002,179.5,25564,2357,CS,OC
17003,179.5,25566,2702,AL,BC
17004,179.5,25568,2702,EE,OC
17005,179.5,25569,2739,AD,MBC
17006,179.5,25570,2722,IT,BC
17007,179.5,25571,2615,ME,OC
17008,179.5,25572,2751,IT,MBC
17009,179.5,25576,2722,AD,MBC
17010,179.5,25578,1432,AD,MBC
17011,179.5,25580,2711,EE,OC
17012,179.5,25581,4,AU,SC
17013,179.5,25582,2722,EE,OC
17014,179.5,25583,2711,EC,BC
17015,179.5,25584,2613,CS,OC
17016,179.5,25585,2711,IT,BC
17017,179.5,25586,1113,CB,BC
17018,179.5,25590,3807,EC,OC
17019,179.5,25593,1304,EC,BC
17020,179.5,25594,2740,AE,OC
17021,179.5,25595,2740,AD,OC
17022,179.5,25596,1113,CD,OC
17023,179.5,25597,1399,CS,SC
17024,179.5,25600,3464,CS,OC
17025,179.5,25602,2735,IT,BC
17026,179.5,25603,2706,AM,OC
17027,179.5,25604,4974,EE,BC
17028,179.5,25609,2607,EC,OC
17029,179.5,25610,2,PM,BC
17030,179.5,25612,1112,EC,OC
17031,179.5,25614,1516,EC,OC
17032,179.5,25615,1216,IT,OC
17033,179.5,25618,4960,IT,OC
17034,179.5,25620,1113,CB,MBC
17035,179.5,25621,1216,AD,OC
17036,179.5,25622,2722,IT,BC
17037,179.5,25623,2603,EC,BC
17038,179.5,25625,2719,CS,BC
17039,179.5,25629,2711,EE,OC
17040,179.5,25630,2005,IB,BCM
17041,179.5,25631,4971,CS,OC
17042,179.5,25632,1401,IT,OC
17043,179.5,25633,2739,AD,MBC
17044,179.5,25636,1211,ME,OC
17045,179.5,25637,2618,CS,BC
17046,179.5,25638,2711,EC,BC
17047,179.5,25640,2722,IT,BC
17048,179.5,25642,2722,AM,MBC
17049,179.5,25643,2739,EC,MBC
17050,179.5,25644,1399,CS,SC
17051,179.5,25648,2739,EE,OC
17052,179.5,25649,2711,EC,BC
17053,179.5,25650,1219,BT,OC
17054,179.5,25653,1309,CS,MBC
17055,179.5,25657,2615,ME,OC
17056,179.5,25659,1432,CO,MBC
17057,179.5,25660,1112,EC,OC
17058,179.5,25661,4678,CE,OC
17059,179.5,25662,2708,IT,BC
17060,179.5,25663,1324,EC,OC
17061,179.5,25664,2618,EC,OC
17062,179.5,25665,1149,EC,OC
17063,179.5,25666,1112,CS,BC
17064,179.5,25667,2711,CS,MBC
17065,179.5,25668,2615,CE,OC
17066,179.5,25669,2025,EV,OC
17067,179.5,25673,2709,EE,OC
17068,179.5,25674,5842,CS,OC
17069,179.5,25675,1304,CS,BC
17070,179.5,25679,3011,AM,OC
17071,179.5,25680,1211,RM,BC
17072,179.5,25681,5,IT,OC
17073,179.5,25682,2,PP,BC
17074,179.5,25684,5901,CS,SC
17075,179.5,25685,5901,ME,OC
17076,179.5,25686,2006,MS,MBC
17077,179.5,25687,2706,EC,OC
17078,179.5,25691,2702,AL,BC
17079,179.5,25692,2722,AM,MBC
17080,179.5,25693,1419,EC,MBC
17081,179.5,25696,2718,CJ,MBC
17082,179.5,25697,2,IS,SC
17083,179.5,25698,5008,CN,BC
17084,179.5,25699,2719,CS,MBC
17085,179.5,25706,3011,ME,OC
17086,179.5,25709,1419,SC,OC
17087,179.5,25710,1324,AD,OC
17088,179.5,25711,2706,EC,BC
17089,179.5,25712,1112,CS,MBC
17090,179.5,25715,2615,ME,OC
17091,179.5,25716,1419,EC,MBC
17092,179.5,25717,2656,AD,OC
17093,179.5,25718,2702,EE,OC
17094,179.5,25719,1,PT,MBC
17095,179.5,25723,3011,IT,BC
17096,179.5,25725,4,RP,MBC
17097,179.5,25729,2007,MF,MBC
17098,179.5,25730,3,BP,MBC
17099,179.5,25731,2727,CS,OC
17100,179.4,25732,1216,AD,OC
17101,179.4,25733,2739,ME,OC
17102,179.4,25735,2726,AO,OC
17103,179.3,25738,2726,CE,OC
17104,179.3,25739,2377,EE,SC
17105,179.3,25740,2329,AD,OC
17106,179.3,25741,2718,CJ,MBC
17107,179.3,25743,1399,AD,SC
17108,179.2,25744,2718,CS,SC
17109,179.2,25745,1211,AE,MBC
17110,179.1,25748,2726,EC,OC
17111,179.1,25749,2726,ME,OC
17112,179.1,25750,3011,CS,SC
17113,179.1,25751,2726,AO,OC
17114,179.0,25752,3011,PH,OC
17115,179.0,25754,1419,CI,OC
17116,179.0,25756,2615,CE,OC
17117,179.0,25757,1304,IT,OC
17118,179.0,25758,2712,CS,SCA
17119,179.0,25759,3803,CS,OC
17120,179.0,25760,4020,CS,BC
17121,179.0,25761,2722,IT,BC
17122,179.0,25762,1210,CS,OC
17123,179.0,25763,2702,EC,MBC
17124,179.0,25764,1120,CS,OC
17125,179.0,25765,1112,CS,BC
17126,179.0,25767,2719,EC,BC
17127,179.0,25768,2702,AL,BC
17128,179.0,25769,4974,ME,OC
17129,179.0,25770,2377,CS,SCA
17130,179.0,25771,1216,AD,OC
17131,179.0,25772,2719,AD,BC
17132,179.0,25773,2709,IT,BCM
17133,179.0,25774,1419,AD,MBC
17134,179.0,25775,2610,CS,OC
17135,179.0,25776,2711,EE,OC
17136,179.0,25777,2648,AD,OC
17137,179.0,25780,5008,CG,SC
17138,179.0,25782,2622,IT,OC
17139,179.0,25784,2722,IT,BC
17140,179.0,25785,2722,IT,BC
17141,179.0,25786,5008,CN,BC
17142,179.0,25788,2620,AD,OC
17143,179.0,25789,2006,FY,OC
17144,179.0,25790,2615,MT,OC
17145,179.0,25791,1219,CS,SC
17146,179.0,25792,2722,IT,BC
17147,179.0,25793,2711,EC,BC
17148,179.0,25794,2711,EC,BC
17149,179.0,25795,4,RP,BC
17150,179.0,25797,4944,AD,OC
17151,179.0,25798,1112,CS,MBC
17152,179.0,25799,5986,IT,OC
17153,179.0,25801,2618,AD,OC
17154,179.0,25802,1399,SC,SC
17155,179.0,25803,1317,AD,OC
17156,179.0,25805,2025,EC,BC
17157,179.0,25806,4960,AD,OC
17158,179.0,25807,1324,AD,OC
17159,179.0,25808,2722,IT,BCM
17160,179.0,25809,1216,CS,BC
17161,179.0,25811,2702,EC,BCM
17162,179.0,25812,2719,EC,BC
17163,179.0,25814,1420,SC,OC
17164,179.0,25816,2711,CS,MBC
17165,179.0,25817,4962,CS,MBC
17166,179.0,25818,3465,CS,SC
17167,179.0,25819,2719,IT,OC
17168,179.0,25820,2709,EE,MBC
17169,179.0,25821,1419,SC,OC
17170,179.0,25822,1,XM,MBC
17171,179.0,25823,1315,CS,ST
17172,179.0,25824,2711,CD,OC
17173,179.0,25825,2706,AD,OC
17174,179.0,25826,2712,ME,MBC
17175,179.0,25827,3826,CS,OC
17176,179.0,25828,2718,ME,OC
17177,179.0,25830,2025,EC,BC
17178,179.0,25831,1304,SC,OC
17179,179.0,25832,2739,ME,OC
17180,179.0,25833,2,PM,MBC
17181,179.0,25834,2006,CN,SC
17182,179.0,25835,2006,AS,MBC
17183,179.0,25836,3830,CS,OC
17184,179.0,25839,2369,EC,OC
17185,179.0,25840,1317,CS,MBC
17186,179.0,25841,2735,EC,OC
17187,179.0,25842,2622,IT,OC
17188,179.0,25843,1419,AM,OC
17189,179.0,25845,1013,CS,BC
17190,179.0,25846,2711,CH,OC
17191,179.0,25847,1412,AD,OC
17192,179.0,25849,2719,AD,BC
17193,179.0,25851,1216,CS,MBC
17194,179.0,25854,2740,CS,OC
17195,179.0,25859,2702,AL,BC
17196,179.0,25862,2702,EC,MBC
17197,179.0,25863,1516,CS,MBC
17198,179.0,25867,2719,IT,OC
17199,179.0,25869,4960,CS,BC
17200,179.0,25870,1013,CS,BC
17201,179.0,25873,4962,EC,BC
17202,179.0,25876,4976,EC,OC
17203,179.0,25877,1304,CS,BC
17204,179.0,25878,2711,CD,OC
17205,179.0,25879,1304,CS,MBC
17206,179.0,25882,1432,AM,MBC
17207,179.0,25884,1304,IT,OC
17208,179.0,25885,5986,IT,OC
17209,179.0,25886,2615,ME,OC
17210,179.0,25887,3803,CS,OC
17211,179.0,25888,5986,IT,OC
17212,179.0,25889,4023,CS,OC
17213,179.0,25891,1113,EC,MBC
17214,179.0,25892,2702,MZ,OC
17215,179.0,25893,2653,EC,OC
17216,179.0,25894,2603,EC,BC
17217,179.0,25895,2711,CS,MBC
17218,179.0,25896,1113,EV,OC
17219,179.0,25897,2702,EE,OC
17220,179.0,25898,2736,AD,BC
17221,179.0,25899,1324,CS,OC
17222,179.0,25901,1519,CS,OC
17223,179.0,25902,4955,CS,OC
17224,179.0,25903,3011,EC,OC
17225,179.0,25906,2739,CS,BCM
17226,179.0,25909,1216,IT,OC
17227,179.0,25912,1317,IT,OC
17228,179.0,25913,2702,EI,OC
17229,179.0,25914,1317,SC,OC
17230,179.0,25915,1301,CS,OC
17231,179.0,25916,1450,EE,OC
17232,179.0,25917,2608,CS,OC
17233,179.0,25919,2722,IT,MBC
17234,179.0,25920,1413,AM,OC
17235,179.0,25921,2711,EC,BC
17236,179.0,25922,1210,CS,OC
17237,179.0,25923,1432,CB,BC
17238,179.0,25924,1,XC,SC
17239,179.0,25925,2739,EE,OC
17240,179.0,25926,3819,EC,OC
17241,179.0,25927,2006,PS,OC
17242,179.0,25928,2006,PN,MBC
17243,179.0,25929,5008,ME,SC
17244,179.0,25930,2722,CI,OC
17245,179.0,25931,1026,CS,OC
17246,179.0,25932,2722,AD,MBC
17247,179.0,25934,2007,CN,BC
17248,179.0,25935,2607,IT,OC
17249,179.0,25936,2608,CS,OC
17250,179.0,25936,1304,CB,OC
17251,179.0,25937,5910,CS,MBC
17252,179.0,25938,2739,AD,SC
17253,179.0,25941,3819,AD,OC
17254,179.0,25943,2711,EC,MBC
17255,179.0,25944,1149,EC,OC
17256,179.0,25945,5009,CS,OC
17257,179.0,25946,2722,IT,BC
17258,179.0,25947,2712,EC,SC
17259,179.0,25948,1304,IT,OC
17260,179.0,25949,2706,EC,BC
17261,179.0,25951,2736,ME,OC
17262,179.0,25952,2706,IT,BC
17263,179.0,25953,2704,AD,OC
17264,179.0,25955,2740,CS,OC
17265,179.0,25958,1211,CE,OC
17266,179.0,25959,1306,CS,OC
17267,179.0,25962,5986,IT,OC
17268,179.0,25967,1317,AD,OC
17269,179.0,25968,1216,CS,MBC
17270,179.0,25969,2706,IT,BC
17271,179.0,25970,2719,EE,OC
17272,179.0,25971,1304,CS,MBC
17273,179.0,25974,1432,CB,BC
17274,179.0,25975,2702,EE,OC
17275,179.0,25976,1304,IT,OC
17276,179.0,25977,5901,CE,OC
17277,179.0,25978,3805,BM,OC
17278,179.0,25979,2711,IT,BC
17279,179.0,25980,1309,EC,OC
17280,179.0,25981,1516,CS,BC
17281,179.0,25982,2615,CE,OC
17282,179.0,25984,2739,EE,BC
17283,179.0,25985,2710,SC,BCM
17284,179.0,25986,2719,CJ,OC
17285,179.0,25990,1317,IT,MBC
17286,179.0,25991,1216,EC,OC
17287,179.0,25992,2727,AD,OC
17288,179.0,25993,2653,EC,OC
17289,179.0,25994,2751,CB,OC
17290,179.0,25995,1211,ME,OC
17291,179.0,25996,1432,AD,MBC
17292,179.0,25997,1216,CS,MBC
17293,179.0,25999,1304,EC,BC
17294,179.0,26000,2603,CS,SC
17295,179.0,26001,2603,EC,MBC
17296,179.0,26002,3011,CS,BC
17297,179.0,26004,2764,EC,MBC
17298,179.0,26005,2711,AD,BC
17299,179.0,26006,4974,ME,OC
17300,179.0,26007,2712,ME,BC
17301,179.0,26010,2025,EC,BC
17302,179.0,26015,2711,EE,OC
17303,179.0,26016,1211,CS,SC
17304,179.0,26017,1432,AM,MBC
17305,179.0,26020,1,XC,BC
17306,179.0,26025,2727,EC,OC
17307,179.0,26026,1304,CS,BC
17308,179.0,26028,1216,CS,BC
17309,179.0,26029,2327,AD,OC
17310,179.0,26030,2719,EC,BC
17311,179.0,26031,2719,IT,BC
17312,179.0,26032,2719,EC,BC
17313,179.0,26033,2711,CD,OC
17314,179.0,26034,3819,IT,OC
17315,179.0,26035,3011,BT,OC
17316,179.0,26036,5008,CG,SC
17317,179.0,26037,2751,SC,OC
17318,179.0,26038,4023,CS,OC
17319,179.0,26039,2702,CB,BC
17320,179.0,26040,2710,EE,OC
17321,179.0,26041,2739,AD,MBC
17322,179.0,26043,1516,EC,OC
17323,179.0,26047,1128,CS,OC
17324,179.0,26048,1216,EC,OC
17325,179.0,26049,5010,CS,OC
17326,179.0,26051,3819,EC,OC
17327,179.0,26052,1414,EC,BC
17328,179.0,26053,2702,AL,BC
17329,179.0,26054,2,PM,SC
17330,179.0,26055,4960,EC,BC
17331,179.0,26056,4020,CS,MBC
17332,179.0,26058,5986,EC,OC
17333,179.0,26059,2025,EC,MBC
17334,179.0,26060,1112,CB,OC
17335,179.0,26061,5008,MF,MBC
17336,179.0,26063,2710,CE,OC
17337,179.0,26064,1399,AD,SC
17338,179.0,26065,1126,AD,OC
17339,179.0,26067,1,PT,BC
17340,179.0,26068,2740,AD,OC
17341,179.0,26071,2722,CS,MBC
17342,179.0,26073,2712,CE,OC
17343,179.0,26074,2769,PE,OC
17344,179.0,26075,3830,ME,OC
17345,179.0,26076,2706,IT,BC
17346,179.0,26081,1219,CS,SCA
17347,179.0,26083,1149,CS,OC
17348,179.0,26085,2025,EV,OC
17349,179.0,26086,2611,CS,OC
17350,179.0,26087,1211,ME,OC
17351,179.0,26091,1399,IT,SC
17352,179.0,26092,1324,AM,OC
17353,179.0,26093,2736,EC,OC
17354,179.0,26094,2739,EE,BC
17355,179.0,26095,2731,IT,MBC
17356,179.0,26097,2710,EE,OC
17357,179.0,26098,1317,CH,OC
17358,179.0,26100,2740,IT,OC
17359,179.0,26101,1210,AD,OC
17360,179.0,26102,2722,IT,BC
17361,179.0,26103,2608,EC,OC
17362,179.0,26104,2711,IT,MBC
17363,179.0,26105,2603,EC,MBC
17364,179.0,26106,1309,CS,BC
17365,179.0,26107,2702,EE,OC
17366,179.0,26110,1304,EC,BC
17367,179.0,26111,2722,EE,OC
17368,179.0,26114,2603,EC,MBC
17369,179.0,26115,4023,CS,OC
17370,179.0,26116,1516,EC,OC
17371,179.0,26117,2719,EC,BC
17372,179.0,26118,3826,EC,OC
17373,179.0,26119,1210,CS,OC
17374,179.0,26121,2611,EC,OC
17375,179.0,26122,1216,AL,OC
17376,179.0,26124,1309,CS,BC
17377,179.0,26125,2702,AL,BC
17378,179.0,26127,2706,AD,BC
17379,179.0,26129,1210,CS,OC
17380,179.0,26130,2025,EC,BC
17381,179.0,26131,2726,IT,OC
17382,179.0,26132,2739,EE,BC
17383,179.0,26133,1304,IT,OC
17384,179.0,26134,1211,MZ,BC
17385,179.0,26136,2706,EC,BC
17386,179.0,26138,1399,AD,SC
17387,179.0,26139,2706,AD,BC
17388,179.0,26140,2736,CS,BC
17389,179.0,26141,1304,EC,SC
17390,179.0,26142,2005,ME,MBC
17391,179.0,26146,4946,AD,OC
17392,179.0,26147,2711,IT,BC
17393,179.0,26148,1309,CS,MBC
17394,179.0,26149,2719,IT,BC
17395,179.0,26150,4678,AD,OC
17396,179.0,26153,1317,IT,BC
17397,179.0,26155,1309,AD,OC
17398,179.0,26156,3831,CS,OC
17399,179.0,26159,2005,CE,BC
17400,179.0,26160,1304,AD,MBC
17401,179.0,26161,1419,CI,OC
17402,179.0,26162,5901,CE,BC
17403,179.0,26163,2719,EC,BC
17404,179.0,26164,4962,IT,BC
17405,179.0,26165,1399,AD,SC
17406,179.0,26166,2719,EC,BC
17407,179.0,26167,2718,ME,OC
17408,179.0,26168,4959,CS,OC
17409,179.0,26171,1422,CS,MBC
17410,179.0,26172,2711,IT,BC
17411,179.0,26174,1516,CS,SC
17412,179.0,26175,1317,CS,MBC
17413,179.0,26176,2651,EC,OC
17414,179.0,26178,2711,CD,OC
17415,179.0,26179,1,XC,BC
17416,179.0,26181,1112,EC,OC
17417,179.0,26182,5010,CS,OC
17418,179.0,26185,2711,IT,BC
17419,179.0,26186,2007,EY,SC
17420,179.0,26188,2722,EE,OC
17421,179.0,26189,2751,EC,OC
17422,179.0,26191,1432,CB,BC
17423,179.0,26192,2764,IT,MBC
17424,179.0,26194,2,PM,BCM
17425,179.0,26196,2,PP,BC
17426,179.0,26197,2739,AM,MBC
17427,179.0,26201,2719,EC,BC
17428,179.0,26202,2615,ME,OC
17429,179.0,26203,2711,IT,BC
17430,179.0,26204,2722,IT,BC
17431,179.0,26205,1432,AD,MBC
17432,179.0,26207,1113,EA,MBC
17433,179.0,26210,2656,CS,OC
17434,179.0,26211,2711,AD,BC
17435,179.0,26212,4020,EC,OC
17436,179.0,26214,4960,IT,OC
17437,179.0,26216,1211,EE,MBC
17438,179.0,26217,2712,ME,MBC
17439,179.0,26219,5902,AG,OC
17440,179.0,26221,2740,CS,OC
17441,179.0,26222,2751,SC,OC
17442,179.0,26223,1216,CS,BC
17443,179.0,26224,2722,CI,BC
17444,179.0,26225,2702,AL,MBC
17445,179.0,26230,2005,IB,BC
17446,179.0,26231,1317,EC,BC
17447,179.0,26232,1324,CS,OC
17448,179.0,26233,1216,CS,MBC
17449,179.0,26234,2722,CI,BC
17450,179.0,26235,2712,ME,BCM
17451,179.0,26237,2751,SC,OC
17452,179.0,26238,2722,EC,MBC
17453,179.0,26239,1401,CS,OC
17454,179.0,26242,2722,CS,MBC
17455,179.0,26243,2007,CH,ST
17456,179.0,26244,1324,CS,OC
17457,179.0,26245,3011,AM,OC
17458,179.0,26246,1216,CS,BC
17459,179.0,26247,1399,EC,SC
17460,179.0,26249,1420,CS,OC
17461,179.0,26250,1210,EC,OC
17462,179.0,26254,2722,CI,BC
17463,179.0,26255,1304,IT,OC
17464,179.0,26256,1317,AD,OC
17465,179.0,26258,1140,CS,OC
17466,179.0,26259,5010,EC,OC
17467,179.0,26260,4962,AD,BC
17468,179.0,26262,3819,EC,OC
17469,179.0,26263,2739,CB,MBC
17470,179.0,26266,2719,EC,BC
17471,179.0,26268,2,TX,OC
17472,179.0,26270,1432,EV,MBC
17473,179.0,26272,2006,MY,BC
17474,179.0,26274,1304,EC,BC
17475,179.0,26275,2715,CS,OC
17476,179.0,26277,2622,CS,OC
17477,179.0,26278,2711,AL,OC
17478,179.0,26279,1149,CS,OC
17479,179.0,26280,1432,AD,MBC
17480,179.0,26282,2702,CB,BC
17481,179.0,26283,1112,CS,BC
17482,179.0,26285,2735,EC,OC
17483,179.0,26286,5901,EE,MBC
17484,179.0,26287,1210,CB,OC
17485,179.0,26288,1317,CS,BC
17486,179.0,26289,1317,EC,MBC
17487,179.0,26292,1113,IT,MBC
17488,179.0,26294,1210,CS,OC
17489,179.0,26296,1399,AD,SC
17490,179.0,26297,2750,AD,OC
17491,179.0,26298,1149,AD,OC
17492,179.0,26299,1317,IT,MBC
17493,179.0,26300,2712,MZ,MBC
17494,179.0,26304,2751,EC,OC
17495,179.0,26305,4960,EC,BC
17496,179.0,26306,1304,CS,MBC
17497,179.0,26307,1304,EC,BCM
17498,179.0,26308,1128,AD,OC
17499,179.0,26309,2739,CS,BCM
17500,179.0,26310,1520,CS,OC
17501,179.0,26311,3011,BT,OC
17502,179.0,26314,2711,AD,MBC
17503,179.0,26315,4974,EE,MBC
17504,179.0,26316,2603,EE,OC
17505,179.0,26317,1317,SC,OC
17506,179.0,26319,1324,CS,OC
17507,179.0,26321,2719,EC,BC
17508,179.0,26324,1317,EC,MBC
17509,179.0,26325,5910,CS,BC
17510,179.0,26326,2630,EC,OC
17511,179.0,26330,4955,AD,OC
17512,179.0,26332,2722,CI,BC
17513,179.0,26333,2702,EE,OC
17514,179.0,26336,1216,CS,BC
17515,179.0,26337,2739,SC,MBC
17516,179.0,26338,2712,ME,BC
17517,179.0,26339,1304,AD,BC
17518,179.0,26340,2711,IT,BC
17519,179.0,26341,2711,CD,OC
17520,179.0,26343,5910,CS,BC
17521,179.0,26344,1216,IT,OC
17522,179.0,26345,4974,ME,OC
17523,179.0,26346,2718,CJ,MBC
17524,179.0,26347,1112,IT,OC
17525,179.0,26350,3801,CS,OC
17526,179.0,26351,2719,IT,BC
17527,179.0,26352,1419,EC,BC
17528,179.0,26353,1,GI,SC
17529,179.0,26355,2702,EC,MBC
17530,179.0,26357,1112,EC,OC
17531,179.0,26358,1432,ME,OC
17532,179.0,26360,2706,AM,OC
17533,179.0,26365,2706,CS,MBC
17534,179.0,26366,1013,IT,OC
17535,179.0,26368,4962,AD,BC
17536,179.0,26373,3,BP,BC
17537,179.0,26374,1419,EE,OC
17538,179.0,26375,2622,IT,OC
17539,179.0,26377,1211,RM,BC
17540,179.0,26380,4944,CS,OC
17541,179.0,26383,4917,CS,OC
17542,179.0,26387,4020,CS,MBC
17543,179.0,26391,4960,EC,BC
17544,179.0,26392,1026,EC,OC
17545,179.0,26394,2722,EC,MBC
17546,179.0,26395,1311,AO,OC
17547,179.0,26401,2711,CD,OC
17548,179.0,26403,1112,CS,BC
17549,179.0,26406,1216,AD,OC
17550,179.0,26409,2769,FD,OC
17551,179.0,26410,5008,MF,BCM
17552,179.0,26412,3,BP,MBC
17553,179.0,26413,2007,ME,SC
17554,179.0,26414,1304,AM,OC
17555,179.0,26418,1422,CS,MBC
17556,179.0,26419,2615,ME,OC
17557,179.0,26422,1113,EE,BC
17558,179.0,26423,1450,ME,OC
17559,179.0,26426,1113,EA,BC
17560,179.0,26427,2712,ME,BC
17561,179.0,26428,2615,EE,SC
17562,179.0,26429,1128,CS,OC
17563,179.0,26434,2719,CJ,OC
17564,179.0,26436,2622,EC,OC
17565,179.0,26437,1419,AD,MBC
17566,179.0,26438,5832,AM,OC
17567,179.0,26439,2725,CS,OC
17568,179.0,26440,2702,AD,MBC
17569,179.0,26443,2005,CE,SC
17570,179.0,26445,2729,AE,OC
17571,179.0,26447,2357,ME,OC
17572,179.0,26449,2719,AD,BCM
17573,179.0,26451,2653,CS,OC
17574,179.0,26452,2329,AM,OC
17575,179.0,26453,4960,CS,BC
17576,179.0,26454,1419,CS,MBC
17577,179.0,26455,1441,EC,OC
17578,179.0,26457,2006,PS,OC
17579,179.0,26458,1309,AD,OC
17580,179.0,26460,1216,AD,OC
17581,179.0,26461,2,CL,SC
17582,179.0,26462,1211,EE,MBC
17583,179.0,26463,4,RP,SC
17584,179.0,26464,2706,CS,BC
17585,179.0,26465,1450,EE,OC
17586,179.0,26467,2005,ME,BCM
17587,179.0,26468,1432,AM,MBC
17588,179.0,26469,2653,EC,OC
17589,179.0,26473,2751,AM,OC
17590,179.0,26477,1324,CS,OC
17591,179.0,26478,2706,IT,BC
17592,179.0,26479,1216,EC,OC
17593,179.0,26480,1211,CD,MBC
17594,179.0,26483,1216,CS,BC
17595,179.0,26484,2712,IT,SC
17596,179.0,26489,4971,CS,OC
17597,179.0,26491,1219,EC,SC
17598,179.0,26492,2735,IT,BC
17599,179.0,26497,3011,EC,OC
17600,179.0,26498,2718,CS,SC
17601,179.0,26502,2739,SC,MBC
17602,179.0,26503,3807,IT,OC
17603,179.0,26504,5008,MF,MBC
17604,179.0,26505,2702,EE,OC
17605,179.0,26506,1419,AM,OC
17606,179.0,26507,5986,EC,OC
17607,179.0,26508,5901,ME,OC
17608,179.0,26510,1408,AD,OC
17609,179.0,26511,1317,AD,OC
17610,179.0,26512,2005,ME,MBC
17611,179.0,26513,2007,CN,BC
17612,179.0,26515,2722,CS,MBC
17613,179.0,26517,2025,EC,BC
17614,179.0,26521,2723,EC,OC
17615,179.0,26523,1226,AD,OC
17616,179.0,26527,3464,CS,OC
17617,179.0,26530,1419,AM,OC
17618,179.0,26532,2718,MZ,OC
17619,179.0,26534,2006,MS,MBC
17620,179.0,26537,2719,EC,BC
17621,179.0,26538,2722,EE,OC
17622,179.0,26539,2764,BM,OC
17623,179.0,26541,5910,CS,BC
17624,179.0,26544,5986,EC,OC
17625,179.0,26545,5010,EC,OC
17626,179.0,26546,3011,CS,BC
17627,179.0,26547,2739,AD,MBC
17628,179.0,26548,2722,CS,MBC
17629,179.0,26549,1432,EC,MBC
17630,179.0,26550,1304,CS,BC
17631,179.0,26552,1216,AD,OC
17632,179.0,26553,1219,EE,MBC
17633,179.0,26554,2603,EE,OC
17634,179.0,26555,1304,CS,BC
17635,179.0,26556,1304,AD,MBC
17636,179.0,26558,5910,CS,BC
17637,179.0,26560,4670,AD,OC
17638,179.0,26561,1113,CD,OC
17639,179.0,26563,2718,CS,SC
17640,179.0,26564,1304,CB,OC
17641,179.0,26577,1304,AD,MBC
17642,179.0,26579,4020,CS,MBC
17643,179.0,26581,2722,EE,OC
17644,179.0,26582,2712,CS,SCA
17645,179.0,26584,1128,CS,OC
17646,179.0,26585,5008,CE,SC
17647,179.0,26586,2731,AD,BC
17648,179.0,26588,4960,CS,BC
17649,179.0,26590,1419,SC,BC
17650,179.0,26591,2762,CS,OC
17651,179.0,26594,3819,CS,BC
17652,179.0,26595,1304,CS,BCM
17653,179.0,26597,2005,ME,MBC
17654,179.0,26599,1432,EV,BC
17655,179.0,26602,1450,EE,OC
17656,179.0,26603,1216,CS,BCM
17657,179.0,26604,2764,EC,MBC
17658,179.0,26609,2711,IT,BC
17659,179.0,26611,3465,ME,OC
17660,179.0,26615,3820,CS,OC
17661,179.0,26616,2711,IT,BC
17662,179.0,26618,2608,EC,OC
17663,179.0,26619,1210,AD,OC
17664,179.0,26621,1101,SC,OC
17665,179.0,26622,1432,CB,BC
17666,179.0,26624,1210,CS,OC
17667,179.0,26627,1304,SC,OC
17668,179.0,26628,1413,CS,OC
17669,179.0,26630,2702,EE,OC
17670,179.0,26631,4962,EC,BC
17671,179.0,26634,2,PM,BC
17672,179.0,26637,2722,CI,BC
17673,179.0,26638,2764,CB,MBC
17674,179.0,26639,1304,IT,OC
17675,179.0,26640,2719,IT,MBC
17676,179.0,26643,2329,AM,OC
17677,179.0,26645,2752,EC,OC
17678,179.0,26648,1432,EC,BCM
17679,179.0,26654,2731,AD,BC
