S NO,AGGREGATE MARK,GENERAL RANK,COLLEGE CODE,BRANCH CODE,ALLOTTED COMMUNITY
1,171.5,32354,2634,IT,BC
2,161.0,48500,2762,EC,OC
3,161.0,48646,1325,ME,OC
4,159.0,51472,2345,AG,OC
5,158.5,52407,3908,CS,BC
6,158.0,52799,2726,CS,SC
7,157.0,53968,2369,ME,MBC
8,156.5,54777,1413,AD,BC
9,154.5,58233,2347,CS,MBC
10,153.5,59277,2723,AD,BC
11,152.5,60862,3021,EC,MBC
12,151.0,63231,2707,CJ,BC
13,151.0,63241,4960,EE,SC
14,151.0,63293,2734,EC,BC
15,150.8,63586,1516,ME,MBC
16,150.5,63887,2718,EE,SC
17,150.5,64193,2618,CD,SC
18,150.0,64991,2716,CS,BC
19,149.0,65829,1114,AM,BC
20,148.0,67400,1513,EC,BC
21,148.0,67647,2618,EC,SC
22,147.5,68701,2763,CE,OC
23,147.3,68789,3021,CS,SC
24,147.2,68797,3021,ME,OC
25,147.0,68858,5009,EE,MBC
26,147.0,69385,1014,CE,OC
27,146.5,69713,2634,ME,OC
28,146.3,70288,5022,ME,OC
29,146.0,70754,2708,ME,OC
30,146.0,70920,1106,AE,BC
31,146.0,70963,2648,CS,BC
32,145.0,71785,1422,MD,MBC
33,145.0,72232,2338,AD,BC
34,144.5,73119,2683,CS,MBC
35,144.5,73126,4969,CS,OC
36,144.0,73263,4864,EC,BC
37,143.5,74539,2727,IT,SC
38,143.5,74704,2659,AD,OC
39,143.5,74721,1322,SC,BC
40,143.0,75011,2727,FD,MBC
41,143.0,75108,2734,TS,BC
42,142.0,76796,1412,EE,MBC
43,142.0,76876,3813,IT,OC
44,142.0,76925,3016,EC,SC
45,141.5,77134,1504,IT,SC
46,141.0,78025,1322,AG,BC
47,141.0,78500,2673,EC,BC
48,140.5,78808,2743,SC,ST
49,140.5,79001,2005,IB,SC
50,140.5,79054,2683,CS,BC
51,140.0,79492,5,CF,SC
52,140.0,80076,2736,AD,MBC
53,139.5,80533,4960,BM,MBC
54,139.5,80542,1213,CS,OC
55,139.5,80701,2716,AG,OC
56,139.0,81476,1210,ME,OC
57,139.0,81485,1424,EC,MBC
58,138.5,81819,1414,EC,OC
59,138.4,82379,1445,ME,OC
60,138.3,82383,1110,AD,MBC
61,138.0,82515,2608,EE,OC
62,138.0,82833,2622,AD,MBC
63,137.5,83791,4959,CS,MBC
64,137.0,83968,2342,EC,SC
65,137.0,84140,2642,EE,MBC
66,137.0,84372,2624,AG,SC
67,137.0,84550,2710,SC,BCM
68,136.5,84662,1,PT,ST
69,136.5,85165,2610,AD,MBC
70,136.5,85259,2753,IT,OC
71,136.0,85397,3011,XC,SC
72,136.0,85734,2606,EC,OC
73,135.5,86753,3830,AD,MBC
74,135.5,86802,3807,CS,BC
75,135.0,86856,1311,EC,BC
76,135.0,87327,2618,ME,BC
77,134.5,87772,2632,AM,MBC
78,134.5,87856,1210,EC,SC
79,134.5,88046,1120,EE,BC
80,134.5,88340,3011,BT,BC
81,134.0,88590,1202,IT,BC
82,133.5,89434,2769,CS,MBC
83,133.5,89834,2729,IT,SC
84,133.0,89905,1325,ME,SC
85,133.0,90018,2731,EE,OC
86,132.5,90718,1516,ME,BC
87,132.5,90872,2618,CE,MBC
88,132.5,90984,2702,CE,BC
89,132.5,91019,1401,EC,MBC
90,132.0,92118,2729,EC,BC
91,131.5,92636,4994,EC,MBC
92,131.5,92971,1226,ME,OC
93,131.5,92983,2634,IT,MBC
94,131.5,93069,2620,EC,SC
95,130.8,93849,2621,CS,SC
96,130.5,94005,2613,EE,OC
97,130.5,94046,2607,MZ,OC
98,130.5,94416,2607,CB,MBC
99,130.0,94623,2704,EE,BC
100,130.0,94674,2753,IT,MBC
101,130.0,94688,1212,CS,OC
102,130.0,94690,2716,EC,BC
103,130.0,94697,2726,FD,BC
104,130.0,94700,2751,AD,BC
105,130.0,94724,1412,CB,BC
106,130.0,94727,1106,CS,BC
107,130.0,94733,2618,EE,BCM
108,130.0,94769,1219,AU,BC
109,130.0,94771,2635,AD,MBC
110,130.0,94791,2624,CH,MBC
111,130.0,94812,4993,EC,OC
112,130.0,94838,1137,EC,MBC
113,130.0,94840,3425,EE,BC
114,130.0,94841,5901,ME,SC
115,130.0,94859,4954,CS,MBC
116,130.0,94863,1409,BT,MBC
117,130.0,94865,2628,SC,BC
118,130.0,94889,4967,EC,OC
119,130.0,94926,2776,AD,OC
120,130.0,94928,2329,XS,SC
121,130.0,94947,2609,CY,MBC
122,130.0,94977,2734,SB,SC
123,130.0,95002,2732,IT,BC
124,130.0,95026,1112,IT,SCA
125,130.0,95033,2719,CE,OC
126,130.0,95043,2711,CE,BC
127,130.0,95050,2751,AD,BC
128,130.0,95052,4957,EC,BC
129,130.0,95056,2627,BM,OC
130,130.0,95071,1411,BT,BC
131,130.0,95073,4999,AD,SC
132,130.0,95122,2642,EE,BC
133,130.0,95219,1605,IT,OC
134,130.0,95246,2656,ME,MBC
135,130.0,95256,3830,AL,BC
136,130.0,95262,1414,CS,BC
137,130.0,95274,1316,AD,OC
138,130.0,95314,1605,IT,MBC
139,130.0,95320,4964,CS,BC
140,130.0,95323,2357,CS,MBC
141,130.0,95334,1114,AD,MBC
142,130.0,95348,3454,AG,MBC
143,130.0,95359,3807,SC,BC
144,130.0,95387,2302,BM,MBC
145,130.0,95399,2609,AD,MBC
146,130.0,95413,1518,CS,BC
147,129.5,95426,5832,EC,BC
148,129.5,95429,2723,CE,MBC
149,129.5,95435,2611,CI,BC
150,129.5,95440,1106,EC,BC
151,129.5,95485,4980,CE,OC
152,129.5,95493,3812,EI,OC
153,129.5,95504,3905,EC,BC
154,129.5,95515,1505,CS,BC
155,129.5,95572,4962,EE,MBC
156,129.5,95575,2611,CY,MBC
157,129.5,95607,4993,AG,MBC
158,129.5,95618,1140,IT,SC
159,129.5,95634,3817,CE,OC
160,129.5,95637,3803,CH,OC
161,129.5,95658,3011,EE,BC
162,129.5,95665,2702,BT,BC
163,129.5,95689,4960,CE,MBC
164,129.5,95700,3831,IT,BC
165,129.5,95703,2621,EC,MBC
166,129.5,95720,1316,MZ,MBC
167,129.5,95733,5913,CS,MBC
168,129.5,95742,1322,AE,MBC
169,129.5,95767,2764,BM,BC
170,129.5,95787,2614,CS,OC
171,129.5,95791,1452,CS,BC
172,129.5,95796,1122,ME,BC
173,129.5,95846,1140,CS,SC
174,129.5,95856,2737,CS,MBC
175,129.5,95861,2723,ME,BC
176,129.5,95863,2707,AD,OC
177,129.5,95910,1452,CS,BC
178,129.5,95929,4970,EE,OC
179,129.5,95944,3807,CS,BCM
180,129.5,95958,1114,EE,MBC
181,129.5,95993,3859,CS,OC
182,129.5,96009,2646,AD,BC
183,129.5,96045,2734,AD,SC
184,129.5,96084,1110,CS,MBC
185,129.5,96095,2302,AG,MBC
186,129.5,96097,1419,MU,BC
187,129.5,96111,3803,CS,SC
188,129.5,96112,1452,EC,OC
189,129.5,96113,2652,CS,MBC
190,129.5,96119,1310,CS,MBC
191,129.5,96133,2624,ME,OC
192,129.5,96139,4993,AG,SC
193,129.0,96157,1414,EC,OC
194,129.0,96198,2761,RM,OC
195,129.0,96203,2647,CS,OC
196,129.0,96252,2708,ME,OC
197,129.0,96258,1431,CS,BC
198,129.0,96273,3019,CS,SC
199,129.0,96279,2719,ME,MBC
200,129.0,96321,3465,ME,BC
201,129.0,96335,3920,EC,OC
202,129.0,96358,2617,MD,MBC
203,129.0,96370,2634,AD,BC
204,129.0,96381,3926,CE,OC
205,129.0,96386,3016,EE,BC
206,129.0,96398,2710,EC,BCM
207,129.0,96403,2744,IT,SC
208,129.0,96410,3460,CS,OC
209,129.0,96480,3825,CS,SC
210,129.0,96484,1504,ME,OC
211,129.0,96486,4972,CS,BC
212,129.0,96520,3462,EC,OC
213,129.0,96535,3831,AD,OC
214,129.0,96539,3812,EE,MBC
215,129.0,96562,4672,CS,BCM
216,129.0,96564,4960,CS,SCA
217,129.0,96579,2611,AM,MBC
218,129.0,96585,2729,IT,BC
219,129.0,96594,2634,CB,OC
220,129.0,96596,2640,ME,OC
221,129.0,96606,3825,AD,OC
222,129.0,96612,4969,CS,BC
223,129.0,96619,2776,AD,BC
224,129.0,96639,5010,CS,SC
225,129.0,96661,2642,BM,BC
226,129.0,96675,2711,CE,BC
227,129.0,96745,2601,EC,BC
228,129.0,96758,1307,EC,MBC
229,129.0,96759,3811,EC,OC
230,129.0,96801,5942,CS,MBC
231,129.0,96814,1307,EC,BC
232,129.0,96818,1310,CS,BC
233,129.0,96831,4020,EC,SC
234,129.0,96845,1233,ME,OC
235,129.0,96852,2731,AD,BC
236,129.0,96871,3819,EC,BCM
237,129.0,96874,2610,SC,BC
238,129.0,96882,2601,CE,OC
239,129.0,96891,1430,EE,OC
240,129.0,96892,2727,BT,SC
241,128.8,96893,2601,BT,MBC
242,128.8,96894,2350,ME,OC
243,128.7,96895,3850,CS,OC
244,128.5,96898,1319,CS,MBC
245,128.5,96906,1307,IT,SC
246,128.5,96909,5901,CE,SC
247,128.5,96957,5986,CS,BCM
248,128.5,96964,1216,MD,OC
249,128.5,97013,5915,CS,BC
250,128.5,97015,1507,EC,BC
251,128.5,97033,2618,AD,SC
252,128.5,97036,2609,AE,OC
253,128.5,97040,5865,CE,OC
254,128.5,97052,2617,EE,MBC
255,128.5,97104,2708,ME,SC
256,128.5,97117,2329,XS,BC
257,128.5,97144,2646,AD,SC
258,128.5,97173,3806,ME,OC
259,128.5,97177,1106,CS,SC
260,128.5,97194,1416,PH,MBC
261,128.5,97207,1238,EE,BC
262,128.5,97212,2711,AU,BC
263,128.5,97213,3701,CS,SC
264,128.5,97216,3019,EE,MBC
265,128.5,97225,3804,CS,BC
266,128.5,97252,2632,ME,OC
267,128.5,97269,5919,BT,MBC
268,128.5,97278,3805,EE,MBC
269,128.5,97289,5990,CS,MBC
270,128.5,97302,2708,MZ,OC
271,128.5,97305,5901,CE,BC
272,128.5,97329,1303,IT,OC
273,128.5,97333,3465,CE,SC
274,128.5,97348,4929,EC,SC
275,128.5,97362,5022,EC,MBC
276,128.5,97368,2611,EC,BC
277,128.5,97380,2608,EE,MBC
278,128.5,97388,2633,EC,OC
279,128.5,97405,1304,AU,BC
280,128.5,97433,2632,CS,BCM
281,128.5,97444,3857,EC,OC
282,128.5,97453,1322,ME,OC
283,128.5,97457,1401,EE,MBC
284,128.5,97463,2347,IT,BC
285,128.5,97498,2652,EE,OC
286,128.5,97506,1426,IT,OC
287,128.5,97575,2732,CS,SC
288,128.5,97585,1317,CH,MBC
289,128.5,97588,4959,CS,BC
290,128.5,97593,4960,BT,MBC
291,128.5,97597,1106,IT,BC
292,128.5,97617,3926,EC,BC
293,128.0,97635,1412,EC,BC
294,128.0,97643,4981,CS,SC
295,128.0,97653,2716,BM,BC
296,128.0,97660,2745,ME,OC
297,128.0,97663,2744,EC,MBC
298,128.0,97682,2342,CS,MBC
299,128.0,97722,3805,CH,SC
300,128.0,97775,2624,CS,BC
301,128.0,97781,2640,AD,MBC
302,128.0,97783,4971,EC,OC
303,128.0,97800,2345,CS,BCM
304,128.0,97815,2345,IT,SC
305,128.0,97819,1217,CS,OC
306,128.0,97820,3817,ME,MBC
307,128.0,97835,2727,BT,BC
308,128.0,97839,2708,MZ,BC
309,128.0,97844,4670,EE,BC
310,128.0,97870,2707,IT,SC
311,128.0,97874,1202,CS,BCM
312,128.0,97883,2360,AD,OC
313,128.0,97887,2622,IT,MBC
314,128.0,97901,2769,CB,MBC
315,128.0,97920,4971,EC,BC
316,128.0,97931,2713,CS,MBC
317,128.0,97940,3806,EC,MBC
318,128.0,97983,1026,CS,SC
319,128.0,97988,2632,IT,SC
320,128.0,98011,2719,RM,SC
321,128.0,98032,2761,EC,OC
322,128.0,98039,4934,EC,BC
323,128.0,98049,3826,ME,SC
324,128.0,98082,2641,EC,OC
325,128.0,98090,1426,CS,SC
326,128.0,98091,1237,EE,OC
327,128.0,98118,5009,EC,MBC
328,128.0,98127,3825,EC,MBC
329,128.0,98143,4931,CS,OC
330,128.0,98150,4969,CS,MBC
331,128.0,98160,1401,ME,OC
332,128.0,98203,1123,IT,MBC
333,128.0,98214,1118,EC,SC
334,128.0,98224,1428,CS,MBC
335,128.0,98251,1452,AD,OC
336,128.0,98259,5,EE,BC
337,128.0,98270,2611,CY,BC
338,128.0,98283,5911,CE,OC
339,128.0,98284,2750,CB,SC
340,128.0,98303,5022,CS,SC
341,128.0,98334,1524,EE,OC
342,128.0,98335,1442,SC,OC
343,128.0,98363,3830,AL,MBC
344,127.5,98383,3819,AD,BC
345,127.5,98387,2648,EC,OC
346,127.5,98435,1110,AD,BC
347,127.5,98455,4953,CS,OC
348,127.5,98510,3819,CS,SC
349,127.5,98512,4989,CS,OC
350,127.5,98526,2707,IT,BC
351,127.5,98552,2611,EC,BC
352,127.5,98559,2025,ME,SC
353,127.5,98570,2607,EE,MBC
354,127.5,98610,2749,IT,BC
355,127.5,98619,1149,AD,BCM
356,127.5,98625,3819,EC,SC
357,127.5,98638,2723,ME,SC
358,127.5,98675,1442,CS,SC
359,127.5,98681,1432,ME,BC
360,127.5,98691,1520,EC,BC
361,127.5,98698,1126,SC,OC
362,127.5,98725,1407,CS,OC
363,127.5,98838,1405,AD,BC
364,127.5,98899,1503,CS,OC
365,127.5,98901,1442,AD,OC
366,127.5,98904,1420,IT,MBC
367,127.5,98913,1412,ME,OC
368,127.5,98931,1316,IT,MBC
369,127.5,98936,4974,ME,BC
370,127.5,98953,1243,IT,MBC
371,127.5,98964,1114,EC,SC
372,127.5,99042,2732,EC,MBC
373,127.5,99057,2706,ME,BC
374,127.5,99059,5009,EE,BC
375,127.5,99063,1513,EE,OC
376,127.5,99094,4975,CS,OC
377,127.5,99096,1225,IT,SCA
378,127.5,99103,3926,ME,OC
379,127.0,99106,2614,CS,BC
380,127.0,99127,2719,CE,MBC
381,127.0,99143,4968,EE,OC
382,127.0,99160,3806,EC,BC
383,127.0,99177,1213,IT,OC
384,127.0,99207,3805,CS,BC
385,127.0,99208,2706,AU,OC
386,127.0,99215,2369,CE,MBC
387,127.0,99216,2709,CE,BC
388,127.0,99233,2717,AD,OC
389,127.0,99238,2613,EE,BC
390,127.0,99240,1504,EC,MBC
391,127.0,99255,1427,IT,MBC
392,127.0,99274,4678,CB,BC
393,127.0,99277,1322,EE,SC
394,127.0,99279,5,CH,MBC
395,127.0,99287,1509,EI,OC
396,127.0,99288,2704,MZ,BC
397,127.0,99316,1015,ME,OC
398,127.0,99322,2708,ME,MBC
399,127.0,99323,2611,BM,SCA
400,127.0,99332,3801,CS,OC
401,127.0,99345,2624,IT,BC
402,127.0,99360,1449,AG,MBC
403,127.0,99374,2652,ME,OC
404,127.0,99380,2753,AD,OC
405,127.0,99393,4944,AD,OC
406,127.0,99401,1517,CS,OC
407,127.0,99419,3844,CS,BC
408,127.0,99420,4928,EE,MBC
409,127.0,99433,2621,CS,BC
410,127.0,99438,2653,ME,BC
411,127.0,99449,2706,CE,OC
412,127.0,99479,2328,BM,BC
413,127.0,99486,2641,CE,OC
414,127.0,99535,2652,EC,OC
415,127.0,99536,2609,EE,MBC
416,127.0,99538,3820,CS,OC
417,127.0,99547,4917,BM,MBC
418,127.0,99550,2653,ME,MBC
419,127.0,99591,1405,AD,BC
420,127.0,99598,2025,ME,BC
421,127.0,99600,1110,BT,BC
422,127.0,99605,3019,ME,OC
423,127.0,99627,1408,AD,MBC
424,127.0,99652,1216,CH,MBC
425,127.0,99685,5913,EC,MBC
426,127.0,99687,2608,CS,SC
427,127.0,99695,2621,CS,BC
428,127.0,99715,1516,ME,BC
429,127.0,99717,4917,CB,BC
430,127.0,99718,1202,AD,OC
431,127.0,99744,1420,EC,BC
432,127.0,99747,3701,EC,BC
433,127.0,99755,3830,EE,MBC
434,127.0,99783,1202,AD,MBC
435,127.0,99785,2618,EE,SC
436,127.0,99794,1322,FD,SC
437,127.0,99796,2650,CS,MBC
438,127.0,99800,1210,ME,OC
439,126.5,99819,4964,CS,BC
440,126.5,99831,2731,EC,SC
441,126.5,99845,2328,ME,OC
442,126.5,99870,5902,ME,OC
443,126.5,99887,2341,CS,OC
444,126.5,99906,2610,BM,SC
445,126.5,99917,4959,AD,BC
446,126.5,99935,3826,ME,BC
447,126.5,99956,2658,CE,OC
448,126.5,99959,3908,CE,BC
449,126.5,99997,2739,ME,BC
450,126.5,100027,2702,ME,SC
451,126.5,100032,4961,EE,BC
452,126.5,100056,1318,CS,MBC
453,126.5,100066,2627,IT,BC
454,126.5,100096,2625,CH,OC
455,126.5,100105,1114,AD,SC
456,126.5,100106,2638,EC,OC
457,126.5,100107,2659,CS,BC
458,126.5,100140,2618,ME,MBC
459,126.5,100151,4917,EC,MBC
460,126.5,100172,3810,CS,BC
461,126.5,100197,2743,AD,SC
462,126.5,100198,2642,CE,SC
463,126.5,100202,2707,EC,MBC
464,126.5,100255,2706,CE,MBC
465,126.5,100264,2357,EC,MBC
466,126.5,100265,3805,CE,MBC
467,126.5,100297,1310,IT,OC
468,126.5,100302,2715,IT,SC
469,126.5,100307,2338,AG,SC
470,126.5,100318,4975,ME,OC
471,126.5,100335,2763,CS,MBC
472,126.5,100358,1118,ME,OC
473,126.5,100379,2763,EC,MBC
474,126.5,100396,2712,TX,MBC
475,126.5,100398,2357,AD,BC
476,126.5,100407,3805,PH,MBC
477,126.5,100409,3918,EE,OC
478,126.5,100418,2618,MZ,BC
479,126.5,100434,4970,EE,MBC
480,126.5,100448,1416,CS,MBC
481,126.5,100464,3410,EE,OC
482,126.5,100469,1401,CH,OC
483,126.5,100499,1150,AG,BC
484,126.5,100515,1225,AD,BC
485,126.5,100528,4678,EC,OC
486,126.5,100547,4941,CS,SC
487,126.5,100563,3829,EC,BC
488,126.5,100583,2716,EC,MBC
489,126.5,100585,3829,ME,OC
490,126.5,100591,3019,EE,SC
491,126.0,100608,5,EE,MBC
492,126.0,100610,2752,EE,BC
493,126.0,100611,1101,CS,OC
494,126.0,100619,5915,EE,BC
495,126.0,100626,5,CH,BC
496,126.0,100667,2611,AG,MBC
497,126.0,100676,1207,BM,MBC
498,126.0,100678,1523,IT,BC
499,126.0,100679,3805,ME,OC
500,126.0,100685,4020,CS,SC
501,126.0,100688,4023,XC,OC
502,126.0,100695,4971,AD,OC
503,126.0,100711,1412,EC,BC
504,126.0,100713,1412,EC,BC
505,126.0,100735,5902,AD,MBC
506,126.0,100763,3760,AG,SC
507,126.0,100773,2708,AG,BC
508,126.0,100785,2327,EC,BCM
509,126.0,100871,3461,EE,BC
510,126.0,100872,4024,XC,OC
511,126.0,100902,1218,IT,BC
512,126.0,100907,1114,CS,SC
513,126.0,100920,4023,EE,BC
514,126.0,100927,2642,CE,MBC
515,126.0,100934,3803,EE,OC
516,126.0,100946,2622,AD,SC
517,126.0,100954,4020,ME,OC
518,126.0,100989,4964,ME,OC
519,126.0,101011,2743,ME,BC
520,126.0,101014,2622,EE,BC
521,126.0,101038,1217,BM,OC
522,126.0,101096,2708,MZ,MBC
523,126.0,101116,5988,CS,MBC
524,126.0,101124,3860,CS,SC
525,126.0,101136,2726,BM,MBC
526,126.0,101139,2610,BT,OC
527,126.0,101150,2627,BM,BC
528,126.0,101157,2706,ME,MBC
529,126.0,101164,5911,CS,OC
530,126.0,101173,3803,IT,BC
531,126.0,101178,1525,CS,BC
532,126.0,101206,1207,IT,SC
533,126.0,101211,2723,EE,BC
534,126.0,101230,2622,ME,BC
535,126.0,101244,2634,CB,BC
536,126.0,101251,1409,RM,OC
537,126.0,101299,3805,BM,MBC
538,126.0,101308,3819,AD,MBC
539,126.0,101315,2601,CH,OC
540,126.0,101319,2761,CS,OC
541,126.0,101353,2652,ME,MBC
542,125.7,101356,2758,AU,OC
543,125.5,101360,2646,EC,OC
544,125.5,101361,2608,ME,OC
545,125.5,101382,1207,AD,OC
546,125.5,101436,3011,ME,MBC
547,125.5,101456,2610,AD,BC
548,125.5,101481,2601,AE,BC
549,125.5,101484,2610,EE,BC
550,125.5,101503,2646,EC,OC
551,125.5,101512,2683,BM,BC
552,125.5,101519,2609,EE,BC
553,125.5,101553,3860,EC,MBC
554,125.5,101587,3795,ME,OC
555,125.5,101612,5988,EC,OC
556,125.5,101626,1207,IT,BC
557,125.5,101673,2719,BM,MBC
558,125.5,101676,2731,PD,OC
559,125.5,101677,1222,IT,BC
560,125.5,101678,1322,EC,BC
561,125.5,101724,2726,MZ,OC
562,125.5,101741,3811,AD,MBC
563,125.5,101756,3786,EC,BC
564,125.5,101777,2360,AD,BC
565,125.5,101782,2347,EC,SC
566,125.5,101843,1228,CS,BC
567,125.5,101854,2651,FT,BC
568,125.5,101855,2608,EE,BC
569,125.5,101892,2611,IT,SC
570,125.5,101900,4959,EE,OC
571,125.5,101931,1133,EC,OC
572,125.5,101932,3701,AL,MBC
573,125.5,101935,1301,EC,MBC
574,125.5,101961,1311,EC,MBC
575,125.5,101971,3805,FD,BC
576,125.5,101991,1401,EE,BC
577,125.5,102001,4931,CS,OC
578,125.5,102006,3462,CE,OC
579,125.5,102022,1218,PH,OC
580,125.5,102026,2659,IT,OC
581,125.5,102028,2748,CS,BC
582,125.5,102032,2727,BM,MBC
583,125.5,102052,1207,EC,OC
584,125.5,102053,2632,EE,OC
585,125.5,102064,3805,AD,BC
586,125.5,102067,3846,CS,OC
587,125.5,102087,1520,CS,BC
588,125.0,102105,2647,CS,MBC
589,125.0,102139,3461,AD,OC
590,125.0,102142,2639,IT,SC
591,125.0,102151,3464,EE,SC
592,125.0,102260,4917,CD,OC
593,125.0,102265,2634,FD,SC
594,125.0,102282,1437,CS,MBC
595,125.0,102294,3813,CS,BC
596,125.0,102305,4678,EC,BC
597,125.0,102327,2634,AG,BC
598,125.0,102342,2625,CS,BC
599,125.0,102348,4670,ME,OC
600,125.0,102365,3843,ME,OC
601,125.0,102366,5901,ME,SCA
602,125.0,102377,3803,IT,MBC
603,125.0,102378,1013,EC,SC
604,125.0,102405,5904,AD,OC
605,125.0,102410,2360,EC,OC
606,125.0,102417,1422,ME,MBC
607,125.0,102420,2617,RM,OC
608,125.0,102437,3831,AD,BC
609,125.0,102452,2607,EE,BC
610,125.0,102486,2611,ME,OC
611,125.0,102494,1217,CS,BC
612,125.0,102496,3857,CE,OC
613,125.0,102512,1322,BM,BC
614,125.0,102517,4917,CS,SC
615,125.0,102519,1210,ME,BC
616,125.0,102531,2612,EC,OC
617,125.0,102544,3820,CE,OC
618,125.0,102575,1325,AD,MBC
619,125.0,102618,2302,CS,BCM
620,125.0,102642,5862,BM,BC
621,125.0,102645,1216,EC,SC
622,125.0,102648,1313,BM,OC
623,125.0,102659,1319,CS,BC
624,125.0,102678,1405,EC,OC
625,125.0,102680,1122,CH,SC
626,125.0,102687,1126,CS,MBC
627,125.0,102689,2769,AD,MBC
628,125.0,102691,1412,ME,OC
629,125.0,102709,4933,EC,OC
630,125.0,102715,3810,CS,MBC
631,125.0,102720,3821,AG,OC
632,125.0,102739,2630,AD,BC
633,125.0,102741,3454,AG,BC
634,125.0,102775,1424,CS,BC
635,125.0,102791,1402,EE,OC
636,125.0,102795,3843,EC,SC
637,125.0,102801,2601,EE,BC
638,125.0,102808,1408,AL,BC
639,125.0,102821,2611,MC,OC
640,125.0,102826,1123,EC,BC
641,125.0,102827,2610,BT,MBC
642,125.0,102828,2761,CS,BC
643,125.0,102847,1110,IT,SC
644,125.0,102853,3831,AD,MBC
645,124.5,102883,5910,BM,MBC
646,124.5,102892,4964,AE,OC
647,124.5,102904,1126,AD,OC
648,124.5,102909,3465,CE,MBC
649,124.5,102935,4994,CS,MBC
650,124.5,102974,2683,AG,OC
651,124.5,102985,2357,AD,BC
652,124.5,102988,4978,CS,OC
653,124.5,102999,4023,EE,SC
654,124.5,103015,2659,IT,BC
655,124.5,103016,2354,ME,OC
656,124.5,103031,1222,EC,OC
657,124.5,103054,1517,CS,OC
658,124.5,103062,2761,IT,SC
659,124.5,103124,2749,EC,BC
660,124.5,103136,2707,ME,OC
661,124.5,103153,1316,CE,OC
662,124.5,103170,1412,CE,OC
663,124.5,103186,3846,AD,OC
664,124.5,103214,1509,EC,MBC
665,124.5,103219,5910,CE,OC
666,124.5,103236,2314,AD,BC
667,124.5,103259,2739,EC,SC
668,124.5,103279,5915,ME,MBC
669,124.5,103293,4956,CS,BC
670,124.5,103306,2665,CS,SC
671,124.5,103312,2633,CS,SC
672,124.5,103313,1303,AD,OC
673,124.5,103319,3801,CS,BC
674,124.5,103329,4917,CD,BC
675,124.5,103368,2607,TX,MBC
676,124.5,103386,1307,BM,MBC
677,124.5,103405,1313,CS,OC
678,124.5,103415,1409,BT,BC
679,124.5,103480,2360,AD,MBC
680,124.5,103485,3464,CE,MBC
681,124.5,103584,3811,CS,MBC
682,124.5,103602,1237,EC,MBC
683,124.5,103630,2621,CB,MBC
684,124.5,103644,2708,ME,BC
685,124.5,103649,3811,BM,BC
686,124.0,103662,2611,EC,BC
687,124.0,103676,3811,CS,BC
688,124.0,103681,2752,EE,MBC
689,124.0,103684,2636,EE,BC
690,124.0,103693,2611,BM,BC
691,124.0,103701,4680,CE,OC
692,124.0,103720,3795,EC,BC
693,124.0,103726,2624,BT,SC
694,124.0,103735,1243,CS,OC
695,124.0,103776,5502,ME,OC
696,124.0,103787,5,CZ,OC
697,124.0,103795,1150,BM,OC
698,124.0,103808,2651,FT,MBC
699,124.0,103813,1230,CS,MBC
700,124.0,103863,2611,CI,MBC
701,124.0,103889,2749,AD,BC
702,124.0,103944,2767,AD,MBC
703,124.0,103948,2736,EE,OC
704,124.0,103963,1304,CE,OC
705,124.0,103968,3829,EE,BC
706,124.0,104008,4676,ME,OC
707,124.0,104016,1237,AD,BC
708,124.0,104020,2648,EC,BC
709,124.0,104021,1324,ME,BC
710,124.0,104027,5913,CS,BC
711,124.0,104047,4933,CS,BC
712,124.0,104061,2716,TX,MBC
713,124.0,104088,3701,EE,OC
714,124.0,104155,5832,CE,OC
715,124.0,104174,3810,EI,OC
716,124.0,104202,2725,ME,OC
717,124.0,104207,3018,EC,OC
718,124.0,104208,4917,AM,MBC
719,124.0,104216,3852,EC,MBC
720,124.0,104218,1405,CS,SC
721,124.0,104227,3807,IT,BC
722,124.0,104229,1228,BM,MBC
723,124.0,104231,4941,EC,BC
724,124.0,104255,4980,EC,BC
725,124.0,104261,1127,BT,BC
726,124.0,104273,4949,EC,OC
727,124.0,104274,4946,ME,OC
728,124.0,104294,2632,EC,SC
729,124.0,104321,2711,CH,MBC
730,124.0,104347,1420,AD,OC
731,124.0,104357,1013,XM,OC
732,124.0,104371,5022,EE,OC
733,124.0,104396,1434,EC,OC
734,124.0,104397,3805,BM,BC
735,124.0,104419,1437,CS,SC
736,124.0,104426,1517,IT,BC
737,124.0,104428,5832,EE,MBC
738,123.8,104447,1317,ME,MBC
739,123.5,104457,5,CH,BC
740,123.5,104464,2611,EE,OC
741,123.5,104465,2768,CS,BC
742,123.5,104474,1118,AD,SC
743,123.5,104478,3812,CS,MBC
744,123.5,104492,2776,AU,OC
745,123.5,104505,3905,EC,SC
746,123.5,104509,1523,CS,BC
747,123.5,104511,2749,EC,MBC
748,123.5,104545,1222,CS,BC
749,123.5,104570,1430,CS,OC
750,123.5,104621,1512,CS,MBC
751,123.5,104625,1226,EC,BC
752,123.5,104646,4974,ME,BC
753,123.5,104659,5,MM,OC
754,123.5,104676,2717,EC,OC
755,123.5,104686,2302,ME,OC
756,123.5,104701,2707,AD,BC
757,123.5,104704,1101,CS,OC
758,123.5,104727,2713,CE,OC
759,123.5,104732,1207,IT,MBC
760,123.5,104739,2656,ME,BC
761,123.5,104743,3811,ME,OC
762,123.5,104746,2611,PH,MBC
763,123.5,104749,2707,AD,BC
764,123.5,104760,1412,AD,BC
765,123.5,104785,2716,IT,OC
766,123.5,104787,4959,CS,MBC
767,123.5,104793,4976,CS,OC
768,123.5,104887,5865,EC,BC
769,123.5,104891,3011,ME,MBC
770,123.5,104912,2625,CS,SC
771,123.5,104930,1207,AD,BC
772,123.5,104944,5904,EE,OC
773,123.5,104976,2640,EC,OC
774,123.5,104977,2634,ME,BC
775,123.5,104981,1149,AD,SC
776,123.5,104994,4993,CS,MBC
777,123.5,105020,4949,MU,OC
778,123.5,105034,2753,AD,BC
779,123.5,105080,5532,EC,BC
780,123.5,105102,2762,CS,MBC
781,123.5,105119,2747,CS,BC
782,123.5,105123,1202,EC,BC
783,123.5,105132,2711,EE,SC
784,123.5,105137,1605,CS,SC
785,123.5,105168,2614,TX,OC
786,123.5,105197,2729,ME,OC
787,123.5,105199,2736,EE,MBC
788,123.5,105223,5865,CE,BC
789,123.5,105229,2608,EC,SC
790,123.5,105238,1442,CS,BC
791,123.5,105247,3817,CE,MBC
792,123.2,105260,2715,CE,OC
793,123.0,105266,1233,AD,MBC
794,123.0,105328,3795,EE,BC
795,123.0,105365,2607,ME,OC
796,123.0,105377,2624,CH,SC
797,123.0,105455,2755,IT,BCM
798,123.0,105465,3786,MZ,OC
799,123.0,105466,2611,CH,OC
800,123.0,105556,2360,AD,SC
801,123.0,105582,2641,EC,MBC
802,123.0,105602,1241,CS,BC
803,123.0,105616,2769,CS,SC
804,123.0,105643,3786,BM,BC
805,123.0,105648,5862,AU,OC
806,123.0,105660,3454,BM,BC
807,123.0,105662,2769,CS,BCM
808,123.0,105665,3814,CS,OC
809,123.0,105683,1452,CS,MBC
810,123.0,105699,2727,CS,SC
811,123.0,105700,3829,EE,MBC
812,123.0,105702,2623,AD,BC
813,123.0,105709,5986,ME,MBC
814,123.0,105710,2729,EC,SC
815,123.0,105756,1230,CS,BC
816,123.0,105757,2739,EC,SC
817,123.0,105795,1316,CS,BC
818,123.0,105833,2715,EC,SCA
819,123.0,105837,3701,AL,BC
820,123.0,105846,5009,ME,BC
821,123.0,105859,1114,EE,SC
822,123.0,105868,2646,CS,MBC
823,123.0,105869,5865,EE,BC
824,123.0,105874,2610,EE,BC
825,123.0,105876,4957,IT,MBC
826,123.0,105898,4960,CE,BC
827,123.0,105907,2643,EE,MBC
828,123.0,105912,1210,ME,MBC
829,123.0,105929,2638,EC,BC
830,123.0,105963,1316,MZ,BC
831,123.0,105971,5919,CS,BC
832,122.5,105979,1512,CS,SC
833,122.5,105981,3806,ME,BC
834,122.5,105989,2769,CB,BC
835,122.5,105992,2734,AD,SCA
836,122.5,106009,2711,CH,MBC
837,122.5,106017,3926,ME,OC
838,122.5,106021,1316,AO,OC
839,122.5,106022,2761,AD,OC
840,122.5,106025,1518,CS,BC
841,122.5,106075,2744,CE,BC
842,122.5,106089,4994,ME,OC
843,122.5,106092,1324,AD,SC
844,122.5,106099,4670,BM,OC
845,122.5,106116,2345,AG,BC
846,122.5,106145,3786,BM,MBC
847,122.5,106153,2768,EC,OC
848,122.5,106163,3809,EC,OC
849,122.5,106179,4999,AD,BC
850,122.5,106208,3820,CS,OC
851,122.5,106216,1510,CS,MBC
852,122.5,106219,2706,EE,SC
853,122.5,106238,5,EC,BC
854,122.5,106254,4962,CE,BC
855,122.5,106271,2673,EC,MBC
856,122.5,106277,2367,CS,BC
857,122.5,106284,5703,CE,OC
858,122.5,106287,1519,CS,MBC
859,122.5,106297,4020,GI,MBC
860,122.5,106339,2761,SC,OC
861,122.5,106360,3829,CS,BC
862,122.5,106367,2737,EC,OC
863,122.5,106395,1420,AD,BC
864,122.5,106404,1407,CS,MBC
865,122.5,106495,1426,CS,MBC
866,122.5,106525,2611,CY,BC
867,122.5,106541,5914,CS,OC
868,122.5,106549,2715,ME,BC
869,122.5,106559,2769,FD,BC
870,122.5,106564,4978,BM,BC
871,122.5,106593,4675,CS,MBC
872,122.5,106602,2354,CS,BC
873,122.5,106612,2659,CE,OC
874,122.5,106622,2718,MZ,SC
875,122.5,106642,2611,MC,MBC
876,122.5,106645,4996,CS,BC
877,122.5,106663,3018,EC,BC
878,122.5,106688,2708,ME,BC
879,122.5,106700,3812,EC,OC
880,122.5,106708,1149,ME,OC
881,122.5,106716,1437,IT,BC
882,122.5,106739,1434,EC,MBC
883,122.5,106746,3011,CE,MBC
884,122.5,106756,3817,EE,BC
885,122.0,106780,4999,EC,OC
886,122.0,106806,5902,IT,BC
887,122.0,106811,4993,IT,MBC
888,122.0,106823,2628,AM,MBC
889,122.0,106850,1210,ME,MBC
890,122.0,106852,1449,CS,BC
891,122.0,106867,2613,ME,MBC
892,122.0,106886,1511,CS,BC
893,122.0,106888,2706,AU,BC
894,122.0,106917,1510,CS,BC
895,122.0,106931,1310,CB,BC
896,122.0,106937,1322,ME,MBC
897,122.0,106965,5,EI,SC
898,122.0,106969,2647,IT,OC
899,122.0,106992,4944,IT,BC
900,122.0,107022,2751,CB,SC
901,122.0,107051,1325,ME,BC
902,122.0,107054,4672,EE,OC
903,122.0,107060,4677,CS,BC
904,122.0,107125,2609,CY,BC
905,122.0,107136,3018,CS,SC
906,122.0,107154,2343,HT,SC
907,122.0,107157,2628,ME,OC
908,122.0,107178,1408,EE,SC
909,122.0,107195,2603,ME,BC
910,122.0,107204,2776,AG,MBC
911,122.0,107211,1434,EE,MBC
912,122.0,107243,4955,CB,BC
913,122.0,107260,3805,RM,OC
914,122.0,107270,5022,EC,SC
915,122.0,107278,1516,ME,SC
916,122.0,107293,3019,EC,SC
917,122.0,107298,2357,AD,MBC
918,122.0,107333,5862,CS,OC
919,122.0,107366,1014,IT,SCA
920,122.0,107423,3021,EC,SC
921,122.0,107430,2622,AD,BC
922,122.0,107436,2706,ME,SC
923,121.8,107495,2652,AD,BC
924,121.5,107505,2707,EE,MBC
925,121.5,107514,1241,AD,OC
926,121.5,107523,5988,EC,BC
927,121.5,107533,1212,BM,OC
928,121.5,107541,3801,IT,BC
929,121.5,107549,2625,AD,BC
930,121.5,107563,1405,CS,BC
931,121.5,107568,2610,ME,OC
932,121.5,107574,5910,EE,OC
933,121.5,107584,2745,EC,SC
934,121.5,107603,2732,CS,MBC
935,121.5,107604,5017,CS,BC
936,121.5,107612,3805,ME,OC
937,121.5,107620,2719,ME,BC
938,121.5,107646,1426,IT,SC
939,121.5,107658,2729,EE,MBC
940,121.5,107665,2750,EE,SC
941,121.5,107694,5009,CE,BC
942,121.5,107696,2617,CS,SC
943,121.5,107709,1317,AL,SC
944,121.5,107714,4949,CS,MBC
945,121.5,107716,2633,EC,BC
946,121.5,107738,4960,CE,BC
947,121.5,107756,2776,MZ,BC
948,121.5,107812,2640,CS,BCM
949,121.5,107822,1445,CS,OC
950,121.5,107823,2745,ME,BC
951,121.5,107826,2628,AM,BC
952,121.5,107878,2349,RM,OC
953,121.5,107884,5022,XC,BC
954,121.5,107885,4962,ME,OC
955,121.5,107897,2726,EE,MBC
956,121.5,107899,2354,ME,MBC
957,121.5,107912,2758,CS,MBC
958,121.5,107923,2607,CS,BCM
959,121.5,107931,3019,ME,MBC
960,121.5,107942,1118,ME,BC
961,121.5,107970,2763,MZ,OC
962,121.5,108018,3782,EE,OC
963,121.5,108071,1525,ME,OC
964,121.5,108104,3814,CS,BC
965,121.5,108115,1505,CS,SC
966,121.5,108118,2612,CS,BC
967,121.5,108139,4967,CE,OC
968,121.5,108152,2747,ME,OC
969,121.5,108206,2611,EE,BC
970,121.5,108210,1408,CS,BCM
971,121.5,108225,2772,CS,OC
972,121.5,108227,4678,AD,OC
973,121.5,108230,2651,CS,SC
974,121.5,108237,2611,ME,OC
975,121.5,108243,2609,CE,OC
976,121.5,108252,1445,CS,MBC
977,121.5,108254,5902,EE,OC
978,121.5,108260,2755,AG,MBC
979,121.1,108270,1210,ME,MBC
980,121.0,108279,4972,EC,OC
981,121.0,108281,2621,EC,BC
982,121.0,108287,1430,CS,BC
983,121.0,108323,5921,AD,OC
984,121.0,108348,2602,EC,OC
985,121.0,108359,1420,EC,MBC
986,121.0,108382,1507,IT,MBC
987,121.0,108383,3817,ME,SC
988,121.0,108387,1243,CS,BC
989,121.0,108392,4970,EE,BC
990,121.0,108397,1533,AD,SC
991,121.0,108414,1519,EE,OC
992,121.0,108438,1512,IT,MBC
993,121.0,108449,2768,EC,BC
994,121.0,108454,2708,CE,MBC
995,121.0,108460,2625,IT,SC
996,121.0,108466,4676,CS,BC
997,121.0,108470,3786,EC,MBC
998,121.0,108471,4917,CB,MBC
999,121.0,108496,2628,SC,MBC
1000,121.0,108524,2727,FD,SC
1001,121.0,108573,2611,BT,SC
1002,121.0,108598,4994,CS,SC
1003,121.0,108609,4669,CS,BC
1004,121.0,108615,2651,EE,SC
1005,121.0,108684,2707,CS,MBC
1006,121.0,108707,2772,AD,OC
1007,121.0,108710,2726,BM,BC
1008,121.0,108771,2623,BM,OC
1009,121.0,108806,4917,EE,OC
1010,121.0,108855,4980,EC,MBC
1011,121.0,108856,2723,IT,SC
1012,121.0,108858,2628,BM,BC
1013,121.0,108917,2659,AD,BC
1014,121.0,108924,3920,CS,MBC
1015,121.0,108930,1441,ME,OC
1016,120.5,108970,2723,EC,SC
1017,120.5,108995,3801,CS,MBC
1018,120.5,109001,1211,RM,BCM
1019,120.5,109016,3807,EE,OC
1020,120.5,109045,5904,EC,OC
1021,120.5,109060,2716,IT,MBC
1022,120.5,109061,2707,XM,OC
1023,120.5,109065,3018,EC,SC
1024,120.5,109098,2640,EC,MBC
1025,120.5,109102,3811,AD,BC
1026,120.5,109103,3782,ME,OC
1027,120.5,109106,2609,ME,OC
1028,120.5,109138,2705,IT,BC
1029,120.5,109145,3018,EE,OC
1030,120.5,109146,4974,ME,BCM
1031,120.5,109158,4955,AD,OC
1032,120.5,109197,5009,EE,SC
1033,120.5,109208,2611,AE,OC
1034,120.5,109234,1120,ME,OC
1035,120.5,109257,2622,EC,BC
1036,120.5,109259,3843,ME,MBC
1037,120.5,109264,2726,FD,MBC
1038,120.5,109278,2345,ME,OC
1039,120.5,109279,2706,EC,SC
1040,120.5,109341,1210,IT,BCM
1041,120.5,109363,4978,BT,OC
1042,120.5,109372,2729,ME,BC
1043,120.5,109382,2749,SC,BC
1044,120.5,109384,2731,ME,SC
1045,120.5,109396,2770,EE,BC
1046,120.5,109399,3926,EC,MBC
1047,120.5,109405,1416,BM,OC
1048,120.5,109418,2625,CE,BC
1049,120.5,109428,1525,EC,OC
1050,120.5,109456,2609,ME,MBC
1051,120.5,109467,2761,AD,BC
1052,120.5,109471,1504,BT,OC
1053,120.5,109492,1243,SC,OC
1054,120.5,109525,5010,EE,SC
1055,120.5,109528,2623,CS,SC
1056,120.5,109597,1241,EE,OC
1057,120.5,109600,2601,EE,BC
1058,120.5,109647,1441,EC,SC
1059,120.5,109651,2638,CS,OC
1060,120.5,109682,1432,CB,SC
1061,120.0,109741,3811,BM,MBC
1062,120.0,109750,2611,MC,BC
1063,120.0,109756,2622,CO,BC
1064,120.0,109772,5904,EC,BC
1065,120.0,109783,2622,CB,MBC
1066,120.0,109804,5862,AG,MBC
1067,120.0,109816,2702,MC,SC
1068,120.0,109828,4974,ME,MBC
1069,120.0,109834,1319,AD,BC
1070,120.0,109836,1149,ME,MBC
1071,120.0,109849,2640,CS,BC
1072,120.0,109854,1207,BM,SC
1073,120.0,109859,2762,EC,OC
1074,120.0,109886,2652,EC,BC
1075,120.0,109887,2621,IT,SC
1076,120.0,109897,2624,AG,BC
1077,120.0,109898,3018,EE,MBC
1078,120.0,109907,1518,EC,OC
1079,120.0,109910,2638,CS,OC
1080,120.0,109933,1133,EC,OC
1081,120.0,109935,2772,CS,BC
1082,120.0,109945,2602,MD,OC
1083,120.0,109983,2740,PH,MBC
1084,120.0,110033,4678,EC,MBC
1085,120.0,110038,2769,EE,BC
1086,120.0,110059,2647,IT,MBC
1087,120.0,110073,2,PM,SCA
1088,120.0,110091,2753,BM,BC
1089,120.0,110126,1216,MD,SC
1090,120.0,110153,2659,CS,SC
1091,120.0,110194,3826,ME,BCM
1092,120.0,110201,5919,ME,BC
1093,120.0,110226,4931,CS,OC
1094,120.0,110236,3846,CS,BC
1095,120.0,110278,2328,BM,SC
1096,120.0,110289,5017,EC,MBC
1097,120.0,110315,3801,EC,OC
1098,120.0,110330,1412,CE,OC
1099,120.0,110344,2743,FD,MBC
1100,120.0,110352,2683,BM,MBC
1101,120.0,110360,5988,EE,OC
1102,120.0,110363,3844,CS,SC
1103,120.0,110372,2636,CE,MBC
1104,120.0,110390,3807,EE,MBC
1105,119.5,110421,3011,AU,BC
1106,119.5,110441,3811,CS,BC
1107,119.5,110452,3843,EE,BC
1108,119.5,110453,4670,ME,OC
1109,119.5,110455,1421,EE,OC
1110,119.5,110528,5914,CS,BC
1111,119.5,110531,1317,CE,SC
1112,119.5,110537,3812,CE,BC
1113,119.5,110571,1414,EC,MBC
1114,119.5,110574,2646,EC,MBC
1115,119.5,110589,2341,IT,OC
1116,119.5,110594,2634,EE,SC
1117,119.5,110605,5910,EE,MBC
1118,119.5,110611,2768,CS,SC
1119,119.5,110649,2727,CS,BCM
1120,119.5,110651,1217,EC,OC
1121,119.5,110657,2707,CD,SC
1122,119.5,110658,2719,CE,BC
1123,119.5,110681,2609,IT,SC
1124,119.5,110687,3820,CS,BC
1125,119.5,110697,1202,EC,SC
1126,119.5,110715,2758,EC,BC
1127,119.5,110721,4993,AD,BC
1128,119.5,110761,1452,EC,MBC
1129,119.5,110786,1408,EE,MBC
1130,119.5,110842,1317,CE,MBC
1131,119.5,110872,1114,EE,BC
1132,119.5,110895,4975,CS,OC
1133,119.5,110896,2704,CE,OC
1134,119.5,110924,1504,BT,MBC
1135,119.5,110932,2625,ME,SC
1136,119.5,110952,5536,EE,BC
1137,119.5,110954,4917,BT,OC
1138,119.5,110976,2624,ME,BC
1139,119.5,110979,3018,EC,MBC
1140,119.5,110992,4989,AG,MBC
1141,119.5,110997,4953,CS,BC
1142,119.5,111001,5919,CH,OC
1143,119.5,111011,1303,BT,BC
1144,119.5,111030,1202,CS,SC
1145,119.5,111052,2717,ME,OC
1146,119.5,111054,3011,PH,BC
1147,119.5,111059,2328,BM,MBC
1148,119.5,111066,1309,ME,OC
1149,119.5,111074,2743,ME,MBC
1150,119.5,111083,2341,IT,BC
1151,119.5,111087,1408,EC,BC
1152,119.5,111093,4949,ME,OC
1153,119.5,111096,2602,CS,OC
1154,119.5,111097,1126,AD,BC
1155,119.0,111124,2753,IT,BC
1156,119.0,111133,1013,ME,BC
1157,119.0,111139,3805,CH,BC
1158,119.0,111144,1123,EC,MBC
1159,119.0,111156,4969,CS,SC
1160,119.0,111175,2611,RM,OC
1161,119.0,111178,3795,EC,BC
1162,119.0,111180,2715,SC,SC
1163,119.0,111186,4925,MD,OC
1164,119.0,111189,2611,AE,MBC
1165,119.0,111211,1318,EC,OC
1166,119.0,111230,4949,MZ,OC
1167,119.0,111232,2752,EE,SC
1168,119.0,111247,1411,AE,OC
1169,119.0,111249,4995,CS,MBC
1170,119.0,111250,4969,CS,SC
1171,119.0,111253,2726,ME,MBC
1172,119.0,111264,2633,EC,SC
1173,119.0,111269,1310,EC,OC
1174,119.0,111343,1149,CS,SCA
1175,119.0,111352,2770,EC,MBC
1176,119.0,111361,2623,BM,MBC
1177,119.0,111368,1303,EC,OC
1178,119.0,111390,3908,EC,MBC
1179,119.0,111426,2659,EC,SC
1180,119.0,111468,2659,IT,SC
1181,119.0,111483,1110,AD,SC
1182,119.0,111497,2646,AD,MBC
1183,119.0,111513,2621,AE,OC
1184,119.0,111517,1241,AD,BC
1185,119.0,111521,1304,CE,SC
1186,119.0,111542,1318,CS,BC
1187,119.0,111548,4917,AG,MBC
1188,119.0,111571,3805,RM,MBC
1189,119.0,111635,3806,EC,BC
1190,119.0,111651,1409,AU,OC
1191,119.0,111656,2618,FT,BC
1192,119.0,111670,2633,EC,MBC
1193,119.0,111685,1237,MZ,OC
1194,119.0,111695,2367,AD,OC
1195,119.0,111696,2656,CE,OC
1196,119.0,111718,2646,ME,OC
1197,119.0,111744,1409,BM,BC
1198,119.0,111746,1405,CS,BC
1199,119.0,111767,3830,EC,SC
1200,119.0,111777,2747,ME,SCA
1201,119.0,111783,2717,AD,MBC
1202,119.0,111788,2611,AG,BC
1203,119.0,111811,2638,CS,BC
1204,119.0,111819,2650,EC,OC
1205,118.9,111824,2601,CE,SC
1206,118.5,111846,3460,CS,OC
1207,118.5,111850,2772,CS,MBC
1208,118.5,111857,2646,EE,OC
1209,118.5,111862,2612,EC,BC
1210,118.5,111876,5910,CB,SC
1211,118.5,111885,2732,EE,OC
1212,118.5,111970,2736,EE,BC
1213,118.5,111991,1241,ME,OC
1214,118.5,111993,1442,AD,BC
1215,118.5,112011,1116,EC,MBC
1216,118.5,112027,2617,RM,BC
1217,118.5,112042,5,CE,MBC
1218,118.5,112092,4955,AD,MBC
1219,118.5,112103,2638,IT,BC
1220,118.5,112115,1241,EC,BC
1221,118.5,112142,2747,EC,BC
1222,118.5,112159,1408,AD,BC
1223,118.5,112174,3461,AD,MBC
1224,118.5,112183,4686,ME,OC
1225,118.5,112211,1133,CS,OC
1226,118.5,112228,4964,ME,BC
1227,118.5,112235,3843,CE,OC
1228,118.5,112250,1319,EC,OC
1229,118.5,112253,3846,AD,SC
1230,118.5,112254,1434,EC,SC
1231,118.5,112272,4967,CS,MBC
1232,118.5,112285,2736,ME,OC
1233,118.5,112291,4999,CS,OC
1234,118.5,112295,1225,ME,MBC
1235,118.5,112316,3795,CE,OC
1236,118.5,112326,3852,CS,MBC
1237,118.5,112331,3830,EC,BC
1238,118.5,112333,1520,AD,BC
1239,118.5,112347,3829,EC,SC
1240,118.5,112351,1412,CE,BC
1241,118.5,112402,1115,AD,BC
1242,118.5,112409,2636,ME,BC
1243,118.5,112423,2736,IT,SC
1244,118.5,112428,1123,CS,MBC
1245,118.5,112445,1217,BT,OC
1246,118.5,112447,1127,BT,MBC
1247,118.5,112479,3795,CE,BC
1248,118.5,112494,2736,EC,SC
1249,118.5,112495,2715,CE,MBC
1250,118.5,112506,2761,SC,SC
1251,118.5,112513,3810,FD,MBC
1252,118.5,112516,4964,MR,BC
1253,118.5,112523,1401,ME,OC
1254,118.5,112543,4965,BT,BC
1255,118.2,112544,2767,IT,OC
1256,118.0,112545,2769,EE,MBC
1257,118.0,112559,2341,BM,OC
1258,118.0,112576,1422,ME,BC
1259,118.0,112591,3841,AD,SC
1260,118.0,112604,1116,EC,BC
1261,118.0,112612,1122,ME,MBC
1262,118.0,112620,2707,AD,MBC
1263,118.0,112627,2628,EE,OC
1264,118.0,112660,4977,CS,OC
1265,118.0,112667,3805,CS,SCA
1266,118.0,112675,3812,CS,BC
1267,118.0,112676,2762,AD,MBC
1268,118.0,112681,1238,BM,OC
1269,118.0,112739,1207,EC,OC
1270,118.0,112750,2635,ME,OC
1271,118.0,112779,1316,AD,BC
1272,118.0,112790,1518,EC,OC
1273,118.0,112791,1321,MN,SCA
1274,118.0,112795,3845,CS,MBC
1275,118.0,112807,1107,CS,OC
1276,118.0,112825,2727,EE,BC
1277,118.0,112834,1411,CS,OC
1278,118.0,112842,1015,ME,MBC
1279,118.0,112848,2716,BM,MBC
1280,118.0,112858,2611,ME,OC
1281,118.0,112870,1436,EC,OC
1282,118.0,112910,2648,EE,OC
1283,118.0,112916,3805,AE,OC
1284,118.0,112925,1313,CS,MBC
1285,118.0,112928,1449,EC,OC
1286,118.0,112935,5533,CE,OC
1287,118.0,112951,1121,EE,OC
1288,118.0,112966,2638,CS,MBC
1289,118.0,112979,2345,ME,BC
1290,118.0,112986,1243,SC,BC
1291,118.0,113018,2610,ME,BC
1292,118.0,113021,5902,CS,BC
1293,118.0,113031,1149,EE,SC
1294,118.0,113040,2611,ME,BC
1295,118.0,113044,1523,EE,OC
1296,118.0,113064,2707,EE,BC
1297,118.0,113066,2647,EC,OC
1298,118.0,113081,1504,BT,BC
1299,118.0,113096,2628,BM,MBC
1300,118.0,113111,2735,ME,BC
1301,118.0,113138,2770,ME,SC
1302,118.0,113142,2648,EC,MBC
1303,118.0,113168,5022,XM,OC
1304,118.0,113178,4917,AD,MBC
1305,118.0,113185,3841,AD,BC
1306,118.0,113189,5022,EE,OC
1307,118.0,113202,2607,BT,BC
1308,118.0,113208,2772,AD,BC
1309,118.0,113216,4964,MR,MBC
1310,118.0,113217,3011,ME,BC
1311,118.0,113223,2635,BM,MBC
1312,117.5,113264,5530,CB,OC
1313,117.5,113282,2314,AG,MBC
1314,117.5,113303,2708,EI,SC
1315,117.5,113317,1137,ME,OC
1316,117.5,113345,4960,ME,MBC
1317,117.5,113353,1409,ME,BCM
1318,117.5,113381,3021,EE,SC
1319,117.5,113395,2713,ME,OC
1320,117.5,113418,2632,EE,BC
1321,117.5,113429,1431,EE,OC
1322,117.5,113461,1217,AD,OC
1323,117.5,113505,2607,IT,SC
1324,117.5,113506,4996,ME,OC
1325,117.5,113529,2719,EE,SC
1326,117.5,113557,3845,EC,OC
1327,117.5,113581,2349,FD,BC
1328,117.5,113597,1126,EC,MBC
1329,117.5,113608,2723,MD,BC
1330,117.5,113616,5010,EE,BC
1331,117.5,113622,2683,AG,MBC
1332,117.5,113650,3812,CS,SC
1333,117.5,113662,2736,EC,SCA
1334,117.5,113708,3926,EE,OC
1335,117.5,113714,1409,EC,SC
1336,117.5,113718,2732,EC,BC
1337,117.5,113722,3821,AG,BC
1338,117.5,113768,3807,AE,OC
1339,117.5,113778,4969,CS,MBC
1340,117.5,113807,2346,CS,BC
1341,117.5,113817,1120,ME,OC
1342,117.5,113859,2328,ME,MBC
1343,117.5,113867,2648,AU,OC
1344,117.5,113878,2715,EC,SC
1345,117.5,113880,1310,EC,BC
1346,117.5,113881,2749,AD,MBC
1347,117.5,113888,1436,CS,OC
1348,117.5,113889,5533,CE,BC
1349,117.5,113890,2609,EE,BC
1350,117.5,113912,2716,EE,OC
1351,117.5,113916,2648,CE,OC
1352,117.5,113928,2624,CH,BC
1353,117.5,113931,3011,AU,MBC
1354,117.0,113938,1523,EC,OC
1355,117.0,113968,2716,MZ,OC
1356,117.0,114015,3425,EE,SC
1357,117.0,114028,5930,EC,OC
1358,117.0,114030,1420,AD,MBC
1359,117.0,114045,3815,CS,MBC
1360,117.0,114060,1207,CS,SC
1361,117.0,114108,3905,ME,OC
1362,117.0,114113,2638,EC,SC
1363,117.0,114119,3844,ME,OC
1364,117.0,114126,4944,CS,BC
1365,117.0,114132,2634,AG,MBC
1366,117.0,114144,3460,CS,MBC
1367,117.0,114165,1322,SC,SCA
1368,117.0,114171,1218,CS,MBC
1369,117.0,114181,3829,AD,BC
1370,117.0,114184,2338,AG,MBC
1371,117.0,114219,2708,MZ,SC
1372,117.0,114256,1504,CH,OC
1373,117.0,114262,2356,CS,OC
1374,117.0,114286,4676,EC,OC
1375,117.0,114290,1303,EC,MBC
1376,117.0,114327,2708,CE,BC
1377,117.0,114333,4686,CS,OC
1378,117.0,114411,2651,CE,OC
1379,117.0,114432,5832,EC,SC
1380,117.0,114459,2606,AE,MBC
1381,117.0,114460,2360,EC,BC
1382,117.0,114468,5,CE,SC
1383,117.0,114472,1452,EC,BC
1384,117.0,114480,4993,BM,MBC
1385,117.0,114493,3464,CE,SC
1386,117.0,114500,1213,CS,BC
1387,117.0,114518,2636,ME,BC
1388,117.0,114580,3804,BM,OC
1389,117.0,114589,4917,BT,MBC
1390,117.0,114607,1120,ME,MBC
1391,117.0,114609,2632,ME,OC
1392,117.0,114615,2711,ME,SC
1393,117.0,114619,2683,CS,SC
1394,117.0,114624,5990,EC,OC
1395,116.5,114661,3011,CE,BC
1396,116.5,114666,2639,CS,SC
1397,116.5,114672,3425,AD,BC
1398,116.5,114686,3803,EC,MBC
1399,116.5,114720,5935,CS,BC
1400,116.5,114731,4978,AG,OC
1401,116.5,114757,3805,BM,SC
1402,116.5,114795,2704,ME,MBC
1403,116.5,114828,3760,EC,SC
1404,116.5,114842,2737,EC,BC
1405,116.5,114858,2610,ME,BC
1406,116.5,114884,1317,EE,BCM
1407,116.5,114922,1317,ME,SC
1408,116.5,114980,1230,EC,BC
1409,116.5,114981,1316,CS,MBC
1410,116.5,114993,3846,CS,MBC
1411,116.5,114997,2761,SC,BC
1412,116.5,115005,1317,ME,BC
1413,116.5,115007,5930,CS,BC
1414,116.5,115027,5912,CS,OC
1415,116.5,115046,4969,ME,OC
1416,116.5,115052,1219,BT,BC
1417,116.5,115061,2706,AU,MBC
1418,116.5,115065,3841,ME,OC
1419,116.5,115066,2707,CJ,MBC
1420,116.5,115071,2617,RM,MBC
1421,116.5,115091,2608,CE,OC
1422,116.5,115092,4669,CS,BC
1423,116.5,115095,4020,ME,OC
1424,116.5,115101,2726,AG,BC
1425,116.5,115121,2753,EC,SC
1426,116.5,115122,3813,EC,OC
1427,116.5,115147,1303,CB,MBC
1428,116.5,115150,5910,EE,BC
1429,116.5,115160,2706,AM,SCA
1430,116.5,115199,1116,EC,BC
1431,116.5,115241,3021,XC,OC
1432,116.5,115278,1419,EE,SC
1433,116.5,115289,1207,AM,OC
1434,116.5,115332,2357,IT,BC
1435,116.5,115333,1106,CS,MBC
1436,116.5,115354,1217,EC,OC
1437,116.5,115372,3831,AG,SC
1438,116.0,115377,3920,CS,BC
1439,116.0,115412,5010,CE,BC
1440,116.0,115419,4974,ME,SCA
1441,116.0,115435,1228,IT,BC
1442,116.0,115456,2708,AU,MBC
1443,116.0,115466,4953,EC,BC
1444,116.0,115467,1213,CB,OC
1445,116.0,115476,2710,ME,SC
1446,116.0,115481,2638,CS,MBC
1447,116.0,115482,4669,CE,BC
1448,116.0,115483,3460,CE,OC
1449,116.0,115486,2638,IT,SC
1450,116.0,115487,2651,EE,BC
1451,116.0,115493,2707,AD,MBC
1452,116.0,115508,4964,CE,OC
1453,116.0,115523,2726,EE,BC
1454,116.0,115544,1101,EC,OC
1455,116.0,115600,3810,EI,MBC
1456,116.0,115610,1405,EC,BC
1457,116.0,115618,2630,EC,MBC
1458,116.0,115649,1303,AD,BC
1459,116.0,115659,3830,IT,SC
1460,116.0,115668,1307,SC,SC
1461,116.0,115689,2726,AL,SC
1462,116.0,115691,2627,ME,OC
1463,116.0,115702,4970,EE,SC
1464,116.0,115729,1520,EC,MBC
1465,116.0,115743,1122,CE,OC
1466,116.0,115770,2717,AD,BC
1467,116.0,115807,3425,ME,MBC
1468,116.0,115809,1106,EC,MBC
1469,116.0,115832,2726,AU,OC
1470,116.0,115844,1442,AD,MBC
1471,116.0,115918,2632,CE,OC
1472,116.0,115922,4980,EE,OC
1473,116.0,115938,4964,EC,OC
1474,116.0,115945,2360,ME,OC
1475,116.0,115965,2622,CE,SCA
1476,116.0,116014,3018,XM,OC
1477,116.0,116016,1513,EE,MBC
1478,116.0,116023,1213,EC,OC
1479,116.0,116030,3926,EE,OC
1480,116.0,116037,2302,BM,SC
1481,116.0,116041,1317,CE,BC
1482,116.0,116049,1401,ME,OC
1483,116.0,116053,2609,CE,OC
1484,116.0,116075,5912,AD,OC
1485,116.0,116078,2611,CI,SC
1486,116.0,116092,5921,AD,BC
1487,116.0,116101,2617,EE,SC
1488,116.0,116108,2613,SF,BC
1489,115.5,116127,1401,CE,OC
1490,115.5,116129,3804,CS,SC
1491,115.5,116139,4672,CE,OC
1492,115.5,116141,2647,CS,BC
1493,115.5,116159,2748,EC,BC
1494,115.5,116161,1317,ME,BC
1495,115.5,116188,4993,EE,OC
1496,115.5,116193,1412,ME,MBC
1497,115.5,116201,1421,EC,BC
1498,115.5,116258,3403,CS,OC
1499,115.5,116282,3456,BM,OC
1500,115.5,116283,1523,EC,BC
1501,115.5,116286,2611,EC,SC
1502,115.5,116289,2653,IT,SC
1503,115.5,116315,4959,BT,OC
1504,115.5,116320,5930,EC,OC
1505,115.5,116325,5,EI,MBC
1506,115.5,116357,2620,BT,BC
1507,115.5,116365,1229,CS,MBC
1508,115.5,116399,3857,ME,OC
1509,115.5,116413,1405,EE,OC
1510,115.5,116450,2302,IT,SC
1511,115.5,116456,2341,CS,SC
1512,115.5,116458,3860,ME,OC
1513,115.5,116481,2711,MZ,SCA
1514,115.5,116497,2638,EC,MBC
1515,115.5,116532,2749,AG,MBC
1516,115.5,116538,2647,EC,MBC
1517,115.5,116558,2608,ME,MBC
1518,115.5,116604,2648,CE,MBC
1519,115.5,116642,4944,AD,BC
1520,115.5,116643,1504,AD,BC
1521,115.5,116707,5,CZ,SC
1522,115.5,116749,2733,EC,OC
1523,115.5,116753,4989,IT,OC
1524,115.5,116804,2638,CS,SC
1525,115.5,116823,1414,EC,BC
1526,115.0,116830,3803,CE,OC
1527,115.0,116831,4953,CS,MBC
1528,115.0,116841,3456,CS,BC
1529,115.0,116845,2632,AM,BC
1530,115.0,116848,1127,CH,OC
1531,115.0,116854,1421,ME,OC
1532,115.0,116866,2302,BM,BC
1533,115.0,116868,2611,BT,MBC
1534,115.0,116887,1525,ME,MBC
1535,115.0,116890,4864,EE,OC
1536,115.0,116894,1401,CH,MBC
1537,115.0,116904,5530,CS,BCM
1538,115.0,116905,2611,RM,MBC
1539,115.0,116920,1218,AD,MBC
1540,115.0,116937,1115,EC,OC
1541,115.0,116946,1523,CS,SC
1542,115.0,116954,2622,BT,BC
1543,115.0,116964,2633,EC,MBC
1544,115.0,116969,5907,CH,OC
1545,115.0,116978,2750,AE,MBC
1546,115.0,116986,2729,AE,BC
1547,115.0,116988,4931,EC,OC
1548,115.0,116990,4953,CS,BC
1549,115.0,116995,2349,CS,BCM
1550,115.0,117000,2705,CS,MBC
1551,115.0,117002,1207,EC,MBC
1552,115.0,117026,5832,CE,BC
1553,115.0,117043,3831,EC,OC
1554,115.0,117044,4949,CS,BC
1555,115.0,117056,1149,ME,BC
1556,115.0,117076,4966,AD,OC
1557,115.0,117077,2761,EC,MBC
1558,115.0,117084,5532,EE,BC
1559,115.0,117090,5022,CE,BC
1560,115.0,117105,5,EE,MBC
1561,115.0,117160,4949,MZ,MBC
1562,115.0,117296,5,CE,BC
1563,115.0,117308,1237,AD,SC
1564,115.0,117331,4959,IT,SC
1565,115.0,117343,2673,EE,OC
1566,115.0,117351,2606,ME,OC
1567,115.0,117359,4964,ME,MBC
1568,115.0,117447,2634,AE,BC
1569,115.0,117510,1430,EE,OC
1570,114.5,117554,5017,EC,BC
1571,114.5,117572,3806,AD,SC
1572,114.5,117585,3805,ME,MBC
1573,114.5,117595,3905,ME,OC
1574,114.5,117597,2705,EC,OC
1575,114.5,117610,3805,EE,BC
1576,114.5,117611,2314,CS,BC
1577,114.5,117614,1317,ME,BC
1578,114.5,117649,3810,CS,SCA
1579,114.5,117663,4944,EC,BC
1580,114.5,117697,5907,CE,OC
1581,114.5,117774,2360,EC,MBC
1582,114.5,117777,1114,ME,OC
1583,114.5,117799,5533,EE,OC
1584,114.5,117843,4967,EC,BC
1585,114.5,117872,4669,EC,MBC
1586,114.5,117875,4961,CS,MBC
1587,114.5,117882,5904,AD,BC
1588,114.5,117894,1207,RM,OC
1589,114.5,117918,4996,ME,OC
1590,114.5,117940,2617,EE,BC
1591,114.5,117956,4957,ME,BC
1592,114.5,117974,4678,AD,BC
1593,114.5,117978,2712,CE,SCA
1594,114.5,118004,1207,AD,MBC
1595,114.5,118017,1517,CS,SC
1596,114.5,118027,1421,EE,MBC
1597,114.5,118051,1426,EC,MBC
1598,114.5,118085,3766,CS,OC
1599,114.5,118086,2650,EE,OC
1600,114.5,118097,4981,ME,OC
1601,114.5,118111,3454,ME,SC
1602,114.5,118120,2743,EE,MBC
1603,114.5,118124,1210,ME,BC
1604,114.5,118130,3021,ME,MBC
1605,114.5,118144,2751,ME,OC
1606,114.5,118145,3801,EC,BC
1607,114.5,118149,1407,CS,BC
1608,114.5,118154,2627,CE,OC
1609,114.5,118175,2648,EE,OC
1610,114.5,118191,3810,BM,MBC
1611,114.5,118197,2611,EE,MBC
1612,114.5,118200,1513,EC,MBC
1613,114.2,118202,1116,ME,OC
1614,114.0,118205,5986,EC,SCA
1615,114.0,118210,3831,EC,OC
1616,114.0,118229,4964,EC,OC
1617,114.0,118233,4948,CS,OC
1618,114.0,118238,2613,AU,OC
1619,114.0,118243,1512,EC,BC
1620,114.0,118255,1133,EC,MBC
1621,114.0,118289,2727,AD,SCA
1622,114.0,118301,2727,AD,SC
1623,114.0,118310,2609,CY,SC
1624,114.0,118321,4933,EC,BC
1625,114.0,118354,1212,BM,BC
1626,114.0,118393,4864,EE,BC
1627,114.0,118396,3786,EE,BC
1628,114.0,118417,2648,CE,BC
1629,114.0,118448,1120,ME,BC
1630,114.0,118449,1209,CS,OC
1631,114.0,118487,3926,ME,BC
1632,114.0,118494,2628,EE,SC
1633,114.0,118500,1233,ME,BC
1634,114.0,118511,4959,CS,SC
1635,114.0,118524,3786,AE,BC
1636,114.0,118526,3843,CS,SC
1637,114.0,118527,2338,BM,SC
1638,114.0,118548,3905,EC,MBC
1639,114.0,118556,5902,EE,MBC
1640,114.0,118580,1222,CS,BC
1641,114.0,118608,3805,BM,BCM
1642,114.0,118626,4670,EE,MBC
1643,114.0,118639,3782,CS,OC
1644,114.0,118672,2761,AD,MBC
1645,114.0,118752,2625,EE,SC
1646,114.0,118755,3466,EC,OC
1647,114.0,118759,3795,EC,SC
1648,114.0,118763,5921,CB,OC
1649,114.0,118764,2740,PH,BC
1650,114.0,118812,4959,BT,BC
1651,114.0,118820,4931,CS,BC
1652,114.0,118844,2761,EC,BC
1653,114.0,118864,4989,CS,MBC
1654,114.0,118865,5865,EC,MBC
1655,114.0,118868,3410,EC,SC
1656,114.0,118946,1313,EC,MBC
1657,113.5,118970,1319,CS,BCM
1658,113.5,118974,3860,EC,SC
1659,113.5,118982,1210,ME,BC
1660,113.5,118990,4989,CS,SC
1661,113.5,118993,4957,EC,MBC
1662,113.5,119001,3805,AG,MBC
1663,113.5,119040,2607,FD,BC
1664,113.5,119091,3782,EC,OC
1665,113.5,119102,4955,EC,MBC
1666,113.5,119111,3806,EE,BC
1667,113.5,119147,3813,EC,SC
1668,113.5,119148,4978,BT,OC
1669,113.5,119184,2302,AD,SC
1670,113.5,119196,4024,EC,MBC
1671,113.5,119241,2716,AE,OC
1672,113.5,119306,1122,AD,SC
1673,113.5,119319,3766,CS,OC
1674,113.5,119325,2347,EE,BC
1675,113.5,119330,2602,RM,OC
1676,113.5,119352,2707,CE,OC
1677,113.5,119392,4917,EE,MBC
1678,113.5,119396,2647,EE,OC
1679,113.5,119428,2772,AD,MBC
1680,113.5,119474,3831,EC,BC
1681,113.5,119480,1101,CS,MBC
1682,113.5,119524,2609,CS,SCA
1683,113.5,119547,1122,CE,MBC
1684,113.5,119549,2601,ME,OC
1685,113.5,119550,2327,ME,OC
1686,113.5,119560,1310,IT,MBC
1687,113.5,119561,3019,CE,MBC
1688,113.5,119616,3019,CE,SC
1689,113.5,119634,2341,IT,MBC
1690,113.5,119644,1212,CS,BC
1691,113.0,119696,2357,CS,SC
1692,113.0,119708,1316,AD,MBC
1693,113.0,119740,4670,EC,BC
1694,113.0,119745,3826,CS,SCA
1695,113.0,119759,2360,MZ,OC
1696,113.0,119765,4965,ME,MBC
1697,113.0,119783,3850,ME,SC
1698,113.0,119794,2716,ME,OC
1699,113.0,119816,1408,EE,BC
1700,113.0,119826,3464,CE,BC
1701,113.0,119835,2357,CS,SC
1702,113.0,119874,2357,AG,OC
1703,113.0,119879,2762,EC,MBC
1704,113.0,119883,4964,AE,OC
1705,113.0,119896,4971,AD,BC
1706,113.0,119899,4969,EE,OC
1707,113.0,119908,5907,ME,BCM
1708,113.0,119922,3403,CS,BC
1709,113.0,119923,2612,EC,MBC
1710,113.0,119927,2652,EE,MBC
1711,113.0,119952,5703,ME,OC
1712,113.0,119984,5703,EC,BC
1713,113.0,119987,2628,CS,SC
1714,113.0,120021,1110,CS,SC
1715,113.0,120050,1509,IT,MBC
1716,113.0,120057,5,CZ,BC
1717,113.0,120066,2607,ME,MBC
1718,113.0,120069,2355,EC,OC
1719,113.0,120138,2611,RM,BC
1720,113.0,120148,1319,ME,OC
1721,113.0,120159,1316,CS,SC
1722,113.0,120161,1150,AG,SC
1723,113.0,120162,1405,EC,MBC
1724,113.0,120163,1120,ME,MBC
1725,113.0,120241,1441,ME,OC
1726,113.0,120267,1421,ME,OC
1727,113.0,120276,2767,CS,OC
1728,113.0,120303,1523,ME,OC
1729,113.0,120313,4917,ME,MBC
1730,113.0,120322,2628,AU,OC
1731,113.0,120325,1441,EE,MBC
1732,113.0,120328,1504,ME,BC
1733,113.0,120348,1409,RM,BC
1734,113.0,120352,1411,CB,SC
1735,113.0,120380,1238,EC,SC
1736,113.0,120383,1436,AD,OC
1737,113.0,120386,2737,ME,OC
1738,112.5,120407,2744,ME,SC
1739,112.5,120429,5862,CS,BC
1740,112.5,120475,2733,FT,BC
1741,112.5,120483,1437,AD,BC
1742,112.5,120493,2704,CS,BCM
1743,112.5,120497,1441,ME,MBC
1744,112.5,120507,3813,EC,MBC
1745,112.5,120517,4953,EC,MBC
1746,112.5,120541,3844,EE,BC
1747,112.5,120579,2341,BM,MBC
1748,112.5,120580,3782,EC,MBC
1749,112.5,120589,3807,EE,BC
1750,112.5,120609,3905,EE,BC
1751,112.5,120629,3461,CS,BC
1752,112.5,120638,3021,ME,BC
1753,112.5,120713,5912,EC,OC
1754,112.5,120731,2717,CS,MBC
1755,112.5,120745,2643,EC,BC
1756,112.5,120796,1517,CS,MBC
1757,112.5,120800,5912,CS,OC
1758,112.5,120803,2634,CE,MBC
1759,112.5,120811,3813,CS,MBC
1760,112.5,120825,3801,EC,MBC
1761,112.5,120840,1230,AE,OC
1762,112.5,120857,3860,EC,BC
1763,112.5,120969,1423,EC,MBC
1764,112.5,120976,3425,CE,OC
1765,112.5,120991,2767,CS,BC
1766,112.5,120992,5904,EE,BC
1767,112.5,120996,3461,AD,SC
1768,112.5,121002,1228,EC,OC
1769,112.5,121004,3460,CS,SC
1770,112.5,121029,2005,PR,ST
1771,112.5,121035,2659,BM,BC
1772,112.5,121041,1120,EC,BCM
1773,112.5,121065,1422,CE,BC
1774,112.5,121069,2614,EC,BC
1775,112.5,121081,3806,EE,MBC
1776,112.5,121094,4964,EC,MBC
1777,112.0,121121,2743,CE,OC
1778,112.0,121143,3908,CS,MBC
1779,112.0,121146,3803,EE,BC
1780,112.0,121148,2719,EI,SC
1781,112.0,121184,3860,EE,OC
1782,112.0,121191,1233,EC,SC
1783,112.0,121219,5865,ME,BC
1784,112.0,121220,3803,EE,MBC
1785,112.0,121222,4934,ME,OC
1786,112.0,121257,2612,EE,BC
1787,112.0,121260,2713,EE,BC
1788,112.0,121265,3918,EC,OC
1789,112.0,121281,2762,EC,SC
1790,112.0,121303,2356,CS,MBC
1791,112.0,121323,2642,AD,SC
1792,112.0,121368,2357,EC,BC
1793,112.0,121370,5022,EE,BC
1794,112.0,121383,2609,AE,MBC
1795,112.0,121390,2734,ME,OC
1796,112.0,121397,3814,EC,OC
1797,112.0,121417,3849,CS,SC
1798,112.0,121420,2707,CE,BC
1799,112.0,121449,1518,EC,SCA
1800,112.0,121456,1412,CE,MBC
1801,112.0,121494,2734,MO,BC
1802,112.0,121508,3701,EC,MBC
1803,112.0,121519,3920,CE,OC
1804,112.0,121528,2733,CS,MBC
1805,112.0,121543,4980,CS,MBC
1806,112.0,121550,2750,EC,SCA
1807,112.0,121581,2368,CS,OC
1808,112.0,121637,1436,EE,OC
1809,112.0,121650,2633,EE,OC
1810,112.0,121657,5536,CS,OC
1811,112.0,121662,1114,ME,BC
1812,112.0,121687,3819,EE,BC
1813,112.0,121725,5862,BM,MBC
1814,112.0,121736,1402,CS,OC
1815,112.0,121740,1107,CS,BC
1816,112.0,121750,2646,CS,SC
1817,112.0,121764,1518,EC,MBC
1818,112.0,121781,4965,BM,MBC
1819,112.0,121782,5910,ME,BC
1820,112.0,121795,3905,ME,BC
1821,112.0,121805,5902,IT,SC
1822,112.0,121806,1127,EC,OC
1823,111.5,121813,1518,EE,OC
1824,111.5,121869,3461,EC,BC
1825,111.5,121870,4960,CE,SC
1826,111.5,121871,4965,EC,SC
1827,111.5,121949,2683,EE,BC
1828,111.5,121971,4989,AG,SC
1829,111.5,121972,4961,ME,OC
1830,111.5,121975,3908,CE,SC
1831,111.5,121992,1419,IT,SCA
1832,111.5,122045,3701,ME,OC
1833,111.5,122051,1306,ME,OC
1834,111.5,122056,5914,AD,OC
1835,111.5,122058,5921,EC,BC
1836,111.5,122061,2349,FD,MBC
1837,111.5,122065,2609,CH,MBC
1838,111.5,122074,2758,IT,MBC
1839,111.5,122095,4978,CS,OC
1840,111.5,122104,2611,ME,MBC
1841,111.5,122105,1322,CE,OC
1842,111.5,122112,1114,ME,MBC
1843,111.5,122113,2758,EC,SC
1844,111.5,122115,2609,CH,BC
1845,111.5,122121,2656,CE,MBC
1846,111.5,122160,1419,CE,MBC
1847,111.5,122181,4978,ME,OC
1848,111.5,122194,3410,EE,MBC
1849,111.5,122195,2646,EC,BC
1850,111.5,122197,2341,EE,SC
1851,111.5,122249,2734,ME,BC
1852,111.5,122263,1318,IT,BC
1853,111.5,122294,2734,ME,MBC
1854,111.5,122298,4929,EC,BC
1855,111.5,122306,4996,ME,SC
1856,111.5,122311,2642,BM,SC
1857,111.5,122321,2708,IT,BCM
1858,111.5,122323,3782,CS,SC
1859,111.5,122343,4960,BT,BC
1860,111.5,122350,2716,EC,SC
1861,111.5,122355,1505,ME,OC
1862,111.5,122383,2736,ME,BC
1863,111.5,122395,2758,EE,OC
1864,111.5,122396,4999,CS,BC
1865,111.5,122405,5910,CS,BCM
1866,111.5,122411,1428,CS,BC
1867,111.5,122413,2634,CS,BCM
1868,111.5,122414,1424,CB,OC
1869,111.5,122416,2721,AU,BC
1870,111.5,122437,1122,CS,BCM
1871,111.0,122449,3920,EE,OC
1872,111.0,122470,4925,PC,OC
1873,111.0,122488,2627,CS,SC
1874,111.0,122489,3760,ME,OC
1875,111.0,122498,1218,AD,BC
1876,111.0,122506,3845,EC,MBC
1877,111.0,122524,1419,MU,SC
1878,111.0,122529,2755,CE,BC
1879,111.0,122532,5912,IT,OC
1880,111.0,122542,4962,ME,BC
1881,111.0,122549,1424,CS,BC
1882,111.0,122610,2621,AE,SC
1883,111.0,122612,5703,CS,SC
1884,111.0,122629,2609,AO,BC
1885,111.0,122646,2638,CS,BC
1886,111.0,122663,1317,BT,SCA
1887,111.0,122670,2725,ME,MBC
1888,111.0,122698,2610,AD,SC
1889,111.0,122758,3831,CS,SC
1890,111.0,122778,3846,CB,OC
1891,111.0,122786,4965,CE,OC
1892,111.0,122840,2635,EE,MBC
1893,111.0,122850,1309,ME,MBC
1894,111.0,122917,4949,EE,OC
1895,111.0,122923,1434,AD,BC
1896,111.0,122950,1408,CE,OC
1897,111.0,122953,2716,AE,MBC
1898,111.0,122954,1421,ME,OC
1899,111.0,122963,3021,EE,BC
1900,111.0,122971,1523,IT,SC
1901,111.0,122977,2729,ME,SC
1902,111.0,122990,2608,EE,SC
1903,111.0,123019,1322,CE,MBC
1904,111.0,123029,1207,RM,ST
1905,111.0,123033,3460,CE,MBC
1906,111.0,123034,3820,CS,MBC
1907,111.0,123049,1230,EC,SC
1908,111.0,123058,2650,AD,OC
1909,111.0,123072,2767,IT,SC
1910,111.0,123090,4678,AD,MBC
1911,111.0,123093,1306,ME,MBC
1912,111.0,123122,4969,EC,OC
1913,110.5,123132,2621,ME,MBC
1914,110.5,123153,2772,CB,OC
1915,110.5,123176,2716,AG,BC
1916,110.5,123193,5930,ME,OC
1917,110.5,123199,3811,EE,OC
1918,110.5,123227,2713,EC,MBC
1919,110.5,123241,2356,ME,OC
1920,110.5,123252,2621,AD,MBC
1921,110.5,123265,4946,ME,BC
1922,110.5,123267,4993,EC,BC
1923,110.5,123304,1114,CB,SC
1924,110.5,123311,1422,EI,SC
1925,110.5,123314,2727,ME,OC
1926,110.5,123324,1210,CB,SCA
1927,110.5,123341,4672,CS,MBC
1928,110.5,123356,3462,CS,BC
1929,110.5,123357,2640,CS,SC
1930,110.5,123365,1517,CS,BC
1931,110.5,123426,4995,EC,OC
1932,110.5,123441,4964,CS,MBC
1933,110.5,123457,2651,ME,BC
1934,110.5,123468,4955,EC,BC
1935,110.5,123470,4944,AD,BC
1936,110.5,123481,1449,ME,OC
1937,110.5,123487,2749,ME,OC
1938,110.5,123489,2609,CY,SCA
1939,110.5,123492,1518,IT,BC
1940,110.5,123496,1416,AD,MBC
1941,110.5,123519,1523,EC,SC
1942,110.5,123521,3841,ME,BC
1943,110.5,123599,1120,ME,BC
1944,110.5,123607,2327,CS,MBC
1945,110.5,123618,4978,BT,MBC
1946,110.5,123668,1510,CS,SC
1947,110.5,123677,2726,EC,SC
1948,110.5,123683,2727,EE,SC
1949,110.5,123706,2367,CB,OC
1950,110.5,123708,1428,CS,BC
1951,110.5,123725,5532,CE,OC
1952,110.5,123733,2758,ME,OC
1953,110.5,123737,2627,CE,OC
1954,110.5,123745,5935,ME,OC
1955,110.5,123777,3805,AO,BC
1956,110.5,123782,4944,EE,BC
1957,110.5,123794,2628,ME,BC
1958,110.5,123796,2611,RM,SC
1959,110.2,123801,2640,EC,SC
1960,110.0,123805,2729,MZ,SC
1961,110.0,123834,3812,ME,OC
1962,110.0,123842,2368,EC,OC
1963,110.0,123844,3806,EE,SC
1964,110.0,123846,1412,ME,MBC
1965,110.0,123847,4975,CS,BC
1966,110.0,123849,1303,IT,BC
1967,110.0,123868,2345,EE,BC
1968,110.0,123893,2327,ME,OC
1969,110.0,123903,2641,IT,BC
1970,110.0,123948,3812,IT,BC
1971,110.0,123960,4670,ME,BC
1972,110.0,124002,1123,MD,BC
1973,110.0,124014,2614,EE,OC
1974,110.0,124042,2610,ME,SC
1975,110.0,124062,4953,ME,OC
1976,110.0,124095,1120,AU,BC
1977,110.0,124099,2726,CE,MBC
1978,110.0,124119,1207,EC,BC
1979,110.0,124153,5010,EE,BC
1980,110.0,124155,2646,CE,OC
1981,110.0,124158,1438,CS,OC
1982,110.0,124169,2732,ME,OC
1983,110.0,124170,5921,CB,BC
1984,110.0,124174,5703,IT,BC
1985,110.0,124193,1441,EC,BC
1986,110.0,124205,3766,CS,BC
1987,110.0,124239,4980,EE,BC
1988,110.0,124248,5986,CE,OC
1989,110.0,124285,1218,CS,BCM
1990,110.0,124297,1524,EC,OC
1991,110.0,124309,2630,ME,OC
1992,110.0,124348,3831,EC,MBC
1993,110.0,124370,2706,AM,SC
1994,110.0,124373,3461,ME,MBC
1995,110.0,124385,2772,EE,OC
1996,110.0,124415,2610,SC,ST
1997,110.0,124422,5530,CB,BC
1998,110.0,124436,4672,ME,OC
1999,109.5,124448,1325,EC,BC
2000,109.5,124485,4680,CE,MBC
2001,109.5,124498,4964,MU,OC
2002,109.5,124502,5921,EE,OC
2003,109.5,124519,4964,EC,BC
2004,109.5,124536,2634,CB,MBC
2005,109.5,124547,2621,CE,OC
2006,109.5,124558,2715,CS,BCM
2007,109.5,124590,4968,CS,OC
2008,109.5,124592,2327,CS,SC
2009,109.5,124626,2613,EE,MBC
2010,109.5,124638,3852,EE,OC
2011,109.5,124665,1106,TX,OC
2012,109.5,124678,4917,CE,OC
2013,109.5,124685,2706,CE,BC
2014,109.5,124689,4984,CS,OC
2015,109.5,124696,3462,EE,BC
2016,109.5,124859,3805,BM,BC
2017,109.5,124874,1133,CS,SC
2018,109.5,124890,1120,CE,MBC
2019,109.5,124935,2711,MZ,SC
2020,109.5,124960,2762,CS,SC
2021,109.5,124962,5009,CE,MBC
2022,109.5,124982,4672,CE,BC
2023,109.5,124983,1229,EC,OC
2024,109.5,125013,5904,SC,MBC
2025,109.5,125025,3908,EE,OC
2026,109.5,125043,3425,CS,SC
2027,109.0,125146,1427,CS,MBC
2028,109.0,125149,5,ME,BC
2029,109.0,125166,3908,EE,MBC
2030,109.0,125205,4672,EE,BC
2031,109.0,125228,4946,CS,OC
2032,109.0,125233,1014,CE,SC
2033,109.0,125240,3807,ME,BC
2034,109.0,125241,4966,EE,OC
2035,109.0,125243,2611,FD,SC
2036,109.0,125258,1519,EE,MBC
2037,109.0,125259,3462,EE,SC
2038,109.0,125267,1523,CS,MBC
2039,109.0,125271,4964,AE,SC
2040,109.0,125282,2707,AD,SC
2041,109.0,125294,1405,AD,SC
2042,109.0,125302,1407,BM,OC
2043,109.0,125313,1437,CS,BC
2044,109.0,125339,5935,EC,SC
2045,109.0,125342,1322,CS,ST
2046,109.0,125367,4680,ME,SC
2047,109.0,125390,2609,AG,BC
2048,109.0,125415,1207,EC,BC
2049,109.0,125454,3820,EC,OC
2050,109.0,125532,2747,ME,MBC
2051,109.0,125539,1504,EE,MBC
2052,109.0,125543,1225,ME,BC
2053,109.0,125550,1210,AD,ST
2054,109.0,125568,1225,EC,BC
2055,109.0,125606,1409,RM,SC
2056,109.0,125609,3820,EE,OC
2057,109.0,125617,2650,CS,BC
2058,109.0,125625,2673,ME,OC
2059,109.0,125628,2770,EE,SC
2060,109.0,125638,3018,EE,BC
2061,109.0,125646,2614,EE,BC
2062,109.0,125649,3016,ME,OC
2063,109.0,125671,2646,EE,MBC
2064,109.0,125675,5865,EE,MBC
2065,109.0,125684,1207,AM,BC
2066,109.0,125686,1218,CS,SC
2067,109.0,125695,1202,ME,OC
2068,109.0,125712,4917,AG,BC
2069,109.0,125730,1207,AD,SC
2070,108.5,125746,3905,ME,MBC
2071,108.5,125748,3811,EE,MBC
2072,108.5,125763,4971,CS,SC
2073,108.5,125781,3812,ME,MBC
2074,108.5,125789,1015,EE,SC
2075,108.5,125795,1222,EE,OC
2076,108.5,125804,1430,CE,SC
2077,108.5,125818,4931,ME,SC
2078,108.5,125823,2006,TT,SCA
2079,108.5,125833,4023,XC,BC
2080,108.5,125849,4670,CE,BC
2081,108.5,125854,1110,MZ,OC
2082,108.5,125881,2767,EE,OC
2083,108.5,125882,3908,ME,OC
2084,108.5,125885,4993,EE,BC
2085,108.5,125891,2776,CS,MBC
2086,108.5,125911,1232,IT,OC
2087,108.5,125954,3820,EC,MBC
2088,108.5,125962,4981,EE,OC
2089,108.5,126045,2338,EE,OC
2090,108.5,126054,2650,EC,BC
2091,108.5,126063,4955,EC,SC
2092,108.5,126078,1207,EC,SC
2093,108.5,126084,1401,ME,BC
2094,108.5,126107,2635,BM,BC
2095,108.5,126199,4949,EC,BC
2096,108.5,126216,1202,ME,MBC
2097,108.5,126220,2650,AD,MBC
2098,108.5,126225,5913,CE,OC
2099,108.5,126226,1303,CB,BC
2100,108.5,126228,4977,CS,OC
2101,108.5,126240,5,MM,OC
2102,108.5,126244,2621,CB,BC
2103,108.5,126262,3825,EE,OC
2104,108.5,126268,1401,CE,SC
2105,108.5,126293,2609,FD,BC
2106,108.5,126313,3466,EE,OC
2107,108.5,126330,1207,EC,MBC
2108,108.5,126336,4969,CS,BC
2109,108.5,126346,4989,IT,SC
2110,108.5,126365,4994,CE,BC
2111,108.5,126381,1013,XM,BC
2112,108.5,126393,4949,ME,MBC
2113,108.5,126395,2342,ME,MBC
2114,108.5,126396,3425,ME,BC
2115,108.5,126400,1127,EC,BC
2116,108.5,126412,3846,CE,OC
2117,108.5,126421,1420,AE,OC
2118,108.2,126452,2350,EE,OC
2119,108.0,126454,3462,ME,OC
2120,108.0,126478,5533,ME,OC
2121,108.0,126494,2611,SF,OC
2122,108.0,126502,2611,CH,BC
2123,108.0,126560,5533,CS,OC
2124,108.0,126569,2776,MZ,MBC
2125,108.0,126573,2345,ME,MBC
2126,108.0,126595,5502,CE,OC
2127,108.0,126644,4992,CS,BC
2128,108.0,126673,2621,EE,MBC
2129,108.0,126683,5930,EE,OC
2130,108.0,126695,2621,EC,BC
2131,108.0,126718,3857,CS,MBC
2132,108.0,126725,4975,EC,OC
2133,108.0,126807,1243,EC,MBC
2134,108.0,126829,2302,ME,MBC
2135,108.0,126873,2716,MD,OC
2136,108.0,126907,2640,EE,OC
2137,108.0,126911,1114,CE,OC
2138,108.0,126932,2357,EE,BC
2139,108.0,126935,3849,CS,MBC
2140,108.0,126948,2726,MZ,BC
2141,108.0,126950,3805,RM,BC
2142,108.0,126959,1434,AD,MBC
2143,108.0,126978,1325,ME,MBC
2144,108.0,126979,4929,CS,SC
2145,108.0,127005,3926,EC,SC
2146,108.0,127020,3807,AD,BC
2147,108.0,127045,2717,EC,BC
2148,108.0,127048,1126,CS,BC
2149,108.0,127062,1303,EC,BC
2150,108.0,127065,1509,EE,OC
2151,107.5,127080,1426,CS,BC
2152,107.5,127109,2341,AD,OC
2153,107.5,127119,1517,CS,BC
2154,107.5,127124,3766,CS,MBC
2155,107.5,127131,2772,EC,OC
2156,107.5,127159,1427,EC,OC
2157,107.5,127163,5919,EC,SC
2158,107.5,127164,3812,ME,BC
2159,107.5,127172,2764,EE,SC
2160,107.5,127194,5832,CS,SC
2161,107.5,127255,2743,CE,BC
2162,107.5,127262,1517,EC,OC
2163,107.5,127263,2367,CB,SC
2164,107.5,127297,2345,AD,SC
2165,107.5,127304,5904,EC,MBC
2166,107.5,127315,2758,EE,BC
2167,107.5,127318,1405,ME,OC
2168,107.5,127340,5532,ME,OC
2169,107.5,127388,1428,EC,OC
2170,107.5,127422,3466,EC,MBC
2171,107.5,127430,3817,CE,BC
2172,107.5,127439,4965,AD,SC
2173,107.5,127466,2749,EC,SC
2174,107.5,127471,2747,EE,BC
2175,107.5,127476,2613,ME,BC
2176,107.5,127508,4949,CE,OC
2177,107.5,127515,1233,EE,BC
2178,107.5,127529,3820,CS,SC
2179,107.5,127533,3804,EE,OC
2180,107.5,127552,1426,IT,BC
2181,107.5,127576,3821,CS,MBC
2182,107.5,127597,5703,EC,MBC
2183,107.5,127607,1137,EE,OC
2184,107.5,127623,2716,ME,MBC
2185,107.5,127625,5862,CE,OC
2186,107.5,127629,2727,AG,BC
2187,107.5,127637,2642,BM,MBC
2188,107.5,127658,4982,EC,OC
2189,107.5,127672,3701,EC,SC
2190,107.5,127684,1110,EE,OC
2191,107.5,127704,1441,ME,SC
2192,107.0,127724,2737,EE,OC
2193,107.0,127769,1101,EE,OC
2194,107.0,127771,2601,CE,MBC
2195,107.0,127796,2723,CS,SC
2196,107.0,127812,2622,AD,BC
2197,107.0,127820,1218,RM,OC
2198,107.0,127828,2611,CS,SC
2199,107.0,127835,2349,RM,SC
2200,107.0,127837,5530,EC,MBC
2201,107.0,127849,2615,ME,BCM
2202,107.0,127851,1430,EE,BC
2203,107.0,127851,4952,CS,OC
2204,107.0,127869,3782,CS,BC
2205,107.0,127890,1437,IT,SC
2206,107.0,127958,1401,EC,SC
2207,107.0,128083,1525,EE,OC
2208,107.0,128104,2610,MZ,BC
2209,107.0,128118,3805,AG,BC
2210,107.0,128128,2643,EC,BCM
2211,107.0,128139,3786,AE,MBC
2212,107.0,128152,2608,IT,SC
2213,107.0,128154,4964,AE,MBC
2214,107.0,128183,5935,EE,OC
2215,107.0,128186,2341,EC,BC
2216,107.0,128188,2345,EC,SC
2217,107.0,128194,3844,AD,BC
2218,107.0,128196,3701,EE,BC
2219,107.0,128210,1210,EE,SC
2220,107.0,128214,4955,CB,MBC
2221,107.0,128245,2367,CE,BC
2222,107.0,128252,4955,CS,BCM
2223,107.0,128255,2628,EE,MBC
2224,107.0,128259,2608,CE,MBC
2225,107.0,128308,1525,EC,SC
2226,107.0,128315,2743,EE,SC
2227,107.0,128325,3795,ME,OC
2228,107.0,128354,3841,CE,OC
2229,106.5,128382,4989,EC,OC
2230,106.5,128388,1114,EE,BC
2231,106.5,128396,4964,EE,OC
2232,106.5,128402,2628,AU,MBC
2233,106.5,128421,2601,ME,OC
2234,106.5,128428,1116,EE,OC
2235,106.5,128437,1405,AD,MBC
2236,106.5,128467,3806,CE,BC
2237,106.5,128481,2721,EE,BC
2238,106.5,128532,2609,AE,BC
2239,106.5,128533,3849,IT,BC
2240,106.5,128540,2632,ME,MBC
2241,106.5,128576,3814,EC,BC
2242,106.5,128584,2731,PD,BC
2243,106.5,128607,4978,AE,OC
2244,106.5,128609,2768,ME,OC
2245,106.5,128639,4941,EE,OC
2246,106.5,128736,3016,XC,OC
2247,106.5,128763,1525,EE,MBC
2248,106.5,128775,3410,CE,OC
2249,106.5,128793,2628,AM,SC
2250,106.5,128818,1605,IT,BC
2251,106.5,128819,1226,CS,SC
2252,106.5,128853,1421,CE,OC
2253,106.5,128888,2617,CE,OC
2254,106.5,128944,3782,CS,MBC
2255,106.5,128980,2601,ME,BC
2256,106.5,128983,3466,CS,SC
2257,106.5,128991,3016,EE,SC
2258,106.5,128996,5532,EC,BCM
2259,106.0,129009,2617,ME,OC
2260,106.0,129058,2611,SF,SC
2261,106.0,129061,2346,CS,MBC
2262,106.0,129085,1133,CS,BC
2263,106.0,129106,2611,CE,OC
2264,106.0,129112,5022,XM,ST
2265,106.0,129126,4669,EC,BC
2266,106.0,129129,2601,CH,BC
2267,106.0,129157,2601,EC,SCA
2268,106.0,129211,1126,EC,SC
2269,106.0,129220,4971,EC,MBC
2270,106.0,129244,1318,CS,SC
2271,106.0,129257,3850,EC,BC
2272,106.0,129276,2658,EE,OC
2273,106.0,129295,3806,EC,SC
2274,106.0,129307,4989,CS,BC
2275,106.0,129374,2624,PH,SCA
2276,106.0,129381,2611,AE,BC
2277,106.0,129389,4941,ME,OC
2278,106.0,129395,1241,EC,MBC
2279,106.0,129412,4680,EE,OC
2280,106.0,129422,3462,ME,MBC
2281,106.0,129437,1505,ME,MBC
2282,106.0,129447,5902,AD,BC
2283,106.0,129456,4961,CS,BC
2284,106.0,129468,3822,EC,OC
2285,106.0,129485,4941,EC,SC
2286,106.0,129492,2768,ME,BC
2287,106.0,129522,2622,IT,SC
2288,106.0,129543,3018,XC,OC
2289,106.0,129552,2673,ME,OC
2290,106.0,129568,4995,EE,OC
2291,106.0,129582,4989,IT,BC
2292,106.0,129614,3849,EC,OC
2293,106.0,129624,3821,ME,OC
2294,106.0,129626,5930,EC,OC
2295,106.0,129644,1106,EE,OC
2296,106.0,129685,3466,ME,OC
2297,106.0,129693,2643,EE,BC
2298,106.0,129698,4949,IN,OC
2299,106.0,129700,1319,CE,OC
2300,105.5,129731,4670,ME,BC
2301,105.5,129734,4977,CS,BC
2302,105.5,129748,3466,EE,OC
2303,105.5,129761,2617,MD,SCA
2304,105.5,129776,4917,BT,BC
2305,105.5,129812,4996,EC,OC
2306,105.5,129850,2328,ME,BC
2307,105.5,129854,3804,AU,BC
2308,105.5,129905,3454,ME,MBC
2309,105.5,129940,1233,ME,MBC
2310,105.5,129950,4928,ME,OC
2311,105.5,130028,2705,EE,OC
2312,105.5,130037,2342,CE,MBC
2313,105.5,130147,2622,BM,BC
2314,105.5,130150,5930,CE,OC
2315,105.5,130156,3461,AD,BC
2316,105.5,130172,1238,ME,OC
2317,105.5,130201,4955,AD,BC
2318,105.5,130203,2727,ME,OC
2319,105.5,130213,4994,EE,BC
2320,105.5,130234,2726,AO,BCM
2321,105.5,130239,2727,ME,MBC
2322,105.5,130260,2753,AG,SC
2323,105.5,130269,2607,TX,SC
2324,105.5,130278,2367,AD,BC
2325,105.5,130282,4938,CS,OC
2326,105.5,130291,4676,CS,MBC
2327,105.5,130294,1509,CS,SC
2328,105.5,130299,2648,EE,MBC
2329,105.0,130365,1213,IT,SC
2330,105.0,130370,3813,IT,BC
2331,105.0,130379,5935,CS,SC
2332,105.0,130384,2621,CE,BC
2333,105.0,130387,1319,EC,BC
2334,105.0,130450,1413,SC,SC
2335,105.0,130451,3466,EE,MBC
2336,105.0,130453,1335,EC,OC
2337,105.0,130459,3857,EE,OC
2338,105.0,130476,5865,CS,BC
2339,105.0,130485,2702,BT,SCA
2340,105.0,130496,2708,CS,BCM
2341,105.0,130522,4672,ME,BC
2342,105.0,130525,2614,TX,BC
2343,105.0,130527,2761,CS,MBC
2344,105.0,130591,5910,ME,MBC
2345,105.0,130592,2606,EC,MBC
2346,105.0,130649,3846,CB,MBC
2347,105.0,130657,2360,ME,BC
2348,105.0,130659,2647,EC,BC
2349,105.0,130661,3845,EE,OC
2350,105.0,130732,1434,EE,BC
2351,105.0,130739,4864,ME,OC
2352,105.0,130746,1237,EC,SC
2353,105.0,130772,4669,EE,OC
2354,105.0,130798,3016,ME,MBC
2355,105.0,130806,3814,CS,MBC
2356,105.0,130808,2609,EC,SC
2357,105.0,130826,4669,CS,MBC
2358,105.0,130831,1150,BM,OC
2359,105.0,130837,1444,EC,OC
2360,105.0,130878,1519,EC,BC
2361,105.0,130899,5988,EE,BC
2362,105.0,130906,3795,ME,BC
2363,105.0,130917,1517,CS,MBC
2364,105.0,130928,4952,CS,OC
2365,104.5,130942,1424,CB,BC
2366,104.5,130957,4972,ME,OC
2367,104.5,130975,4929,EE,OC
2368,104.5,130976,2727,CE,BC
2369,104.5,131051,5921,ME,BCM
2370,104.5,131053,5930,CE,OC
2371,104.5,131060,2747,CE,OC
2372,104.5,131067,5017,EC,SC
2373,104.5,131091,2621,MZ,BC
2374,104.5,131111,3845,ME,OC
2375,104.5,131123,2762,EC,BC
2376,104.5,131154,3403,AD,OC
2377,104.5,131205,3821,CS,SC
2378,104.5,131215,4670,BM,BC
2379,104.5,131219,3831,AG,MBC
2380,104.5,131236,3920,AD,OC
2381,104.5,131253,1424,EC,BC
2382,104.5,131265,5907,CE,BC
2383,104.5,131292,1523,EC,MBC
2384,104.5,131306,2611,ME,SC
2385,104.5,131337,3782,EC,BC
2386,104.5,131362,1210,EC,SC
2387,104.5,131371,1518,ME,OC
2388,104.5,131380,2601,CH,MBC
2389,104.5,131389,2614,TC,OC
2390,104.5,131400,3410,ME,OC
2391,104.5,131431,2716,EE,MBC
2392,104.5,131433,1107,EC,BC
2393,104.5,131485,2611,SF,MBC
2394,104.5,131490,3786,ME,BCM
2395,104.5,131495,2625,AG,BC
2396,104.0,131515,5914,CE,OC
2397,104.0,131529,5536,ME,BC
2398,104.0,131542,2768,EC,MBC
2399,104.0,131565,2609,CE,BC
2400,104.0,131570,1319,ME,BC
2401,104.0,131582,1411,EC,BC
2402,104.0,131584,4917,EC,SC
2403,104.0,131599,3456,BM,MBC
2404,104.0,131601,5703,EE,OC
2405,104.0,131614,2357,ME,MBC
2406,104.0,131633,5017,ME,OC
2407,104.0,131655,1309,EE,SC
2408,104.0,131661,3810,CE,OC
2409,104.0,131665,2349,RM,BC
2410,104.0,131689,3849,EC,OC
2411,104.0,131691,5930,EC,BC
2412,104.0,131692,3801,EE,OC
2413,104.0,131694,5988,EC,SC
2414,104.0,131739,3854,CS,MBC
2415,104.0,131752,3018,ME,OC
2416,104.0,131759,4670,ME,SC
2417,104.0,131768,4917,EC,BC
2418,104.0,131774,2763,ME,OC
2419,104.0,131834,2758,EC,MBC
2420,104.0,131845,2740,CS,BCM
2421,104.0,131847,2633,EE,MBC
2422,104.0,131853,3410,CE,MBC
2423,104.0,131855,5530,EC,BC
2424,104.0,131879,4995,AD,OC
2425,104.0,131884,3456,BM,BC
2426,104.0,131910,2707,CH,MBC
2427,104.0,131953,5910,ME,BC
2428,104.0,131978,2618,ME,SC
2429,104.0,132000,2601,BM,SC
2430,104.0,132035,3821,CE,MBC
2431,104.0,132045,1518,EC,BC
2432,104.0,132067,1209,EE,OC
2433,104.0,132079,1237,CS,BCM
2434,104.0,132098,3820,EC,BC
2435,104.0,132124,1510,EE,OC
2436,103.5,132150,2602,MD,MBC
2437,103.5,132160,2733,CS,SC
2438,103.5,132163,2633,ME,OC
2439,103.5,132182,2347,EE,BCM
2440,103.5,132187,5910,CE,OC
2441,103.5,132205,2617,MD,BC
2442,103.5,132223,4978,CS,SC
2443,103.5,132234,2611,CE,MBC
2444,103.5,132265,4993,AG,BC
2445,103.5,132266,3812,EE,BC
2446,103.5,132279,1529,CS,OC
2447,103.5,132286,1217,EC,MBC
2448,103.5,132295,4946,EC,OC
2449,103.5,132300,2623,ME,OC
2450,103.5,132303,1316,BM,SC
2451,103.5,132316,2647,IT,BC
2452,103.5,132348,3805,ME,SC
2453,103.5,132354,5930,EC,BC
2454,103.5,132381,2717,CS,MBC
2455,103.5,132409,3846,CB,SC
2456,103.5,132458,2725,EE,SC
2457,103.5,132496,2332,EC,OC
2458,103.5,132507,1436,CS,MBC
2459,103.5,132537,2722,ME,SC
2460,103.5,132574,2623,ME,OC
2461,103.5,132611,3810,ME,OC
2462,103.5,132625,4984,IT,BC
2463,103.5,132680,2328,SC,SC
2464,103.5,132686,3019,XC,BC
2465,103.5,132695,1318,EC,BC
2466,103.5,132698,5907,AD,BC
2467,103.5,132713,4964,CE,SC
2468,103.5,132716,2639,ME,BC
2469,103.0,132774,2369,ME,BC
2470,103.0,132793,4024,CE,OC
2471,103.0,132805,2327,ME,BC
2472,103.0,132806,2749,EC,BCM
2473,103.0,132829,2630,EE,OC
2474,103.0,132845,1121,CS,MBC
2475,103.0,132846,3801,IC,BC
2476,103.0,132889,1322,ME,BC
2477,103.0,132896,4946,AD,SC
2478,103.0,132905,3456,EC,OC
2479,103.0,132953,5988,EC,MBC
2480,103.0,132978,3803,CH,BC
2481,103.0,132988,2776,AG,BC
2482,103.0,132990,4959,BT,MBC
2483,103.0,132996,1509,ME,OC
2484,103.0,133042,4676,EC,MBC
2485,103.0,133053,3805,RM,BCM
2486,103.0,133068,2633,ME,MBC
2487,103.0,133083,1121,EC,OC
2488,103.0,133104,1222,EC,SC
2489,103.0,133133,4972,ME,BC
2490,103.0,133135,5913,PD,OC
2491,103.0,133158,2769,EC,MBC
2492,103.0,133175,1210,ME,BCM
2493,103.0,133186,1509,EI,OC
2494,103.0,133195,2621,ME,BC
2495,103.0,133200,2726,CE,BC
2496,103.0,133220,4989,AG,BC
2497,103.0,133256,1319,IT,BC
2498,103.0,133269,1524,CS,OC
2499,103.0,133274,4965,ME,SC
2500,103.0,133281,2609,ME,BC
2501,103.0,133299,2704,ME,BC
2502,103.0,133315,1409,ME,MBC
2503,103.0,133340,3016,CE,OC
2504,102.5,133361,4917,CS,BCM
2505,102.5,133385,2614,CS,MBC
2506,102.5,133401,4994,IT,MBC
2507,102.5,133428,5910,EC,BCM
2508,102.5,133429,1427,IT,BC
2509,102.5,133437,3852,CS,SC
2510,102.5,133457,1123,AE,SC
2511,102.5,133463,1510,EC,OC
2512,102.5,133471,5912,CS,BC
2513,102.5,133480,2744,CE,MBC
2514,102.5,133499,3804,EE,MBC
2515,102.5,133521,3817,ME,BC
2516,102.5,133522,1101,EC,MBC
2517,102.5,133531,2601,AE,MBC
2518,102.5,133568,2367,CB,BC
2519,102.5,133580,2367,AD,MBC
2520,102.5,133589,2659,EE,OC
2521,102.5,133638,3815,EE,OC
2522,102.5,133651,5530,ME,BC
2523,102.5,133657,2617,ME,BC
2524,102.5,133672,5914,EC,BC
2525,102.5,133682,4941,EC,MBC
2526,102.5,133701,2341,AD,MBC
2527,102.5,133712,1307,BM,BC
2528,102.5,133743,3918,EC,MBC
2529,102.5,133750,4929,ME,OC
2530,102.5,133753,1120,EI,SC
2531,102.5,133819,1449,ME,MBC
2532,102.5,133825,2646,EE,BC
2533,102.5,133829,1325,EC,BC
2534,102.5,133850,1509,EI,BC
2535,102.5,133851,5988,EE,MBC
2536,102.5,133852,1319,EC,MBC
2537,102.5,133857,1501,ME,OC
2538,102.5,133869,5532,CE,MBC
2539,102.5,133876,1306,ME,BC
2540,102.5,133878,1441,ME,BC
2541,102.5,133921,1509,EE,BC
2542,102.5,133950,2717,EC,SC
2543,102.5,133957,1518,ME,OC
2544,102.0,133986,2601,ME,BC
2545,102.0,134017,2623,EE,OC
2546,102.0,134093,2328,IT,SCA
2547,102.0,134148,1517,ME,OC
2548,102.0,134178,2751,ME,BC
2549,102.0,134181,1137,EE,MBC
2550,102.0,134201,2627,BM,MBC
2551,102.0,134212,2612,ME,OC
2552,102.0,134229,1228,IT,SC
2553,102.0,134236,3806,BM,MBC
2554,102.0,134244,1122,EC,SC
2555,102.0,134398,4941,CS,BC
2556,102.0,134500,1217,CS,SC
2557,102.0,134507,3812,EE,BC
2558,102.0,134512,4966,EE,BC
2559,102.0,134514,3854,CS,BC
2560,102.0,134522,2673,ME,BC
2561,102.0,134540,3011,XM,OC
2562,102.0,134549,4941,EE,BC
2563,102.0,134553,2345,CE,OC
2564,102.0,134560,3804,EC,MBC
2565,102.0,134562,3811,CE,OC
2566,102.0,134570,1441,ME,BC
2567,102.0,134585,4995,EE,BC
2568,102.0,134586,2634,AE,MBC
2569,102.0,134589,2731,EE,BCM
2570,102.0,134595,3817,CE,SC
2571,101.5,134622,2608,EC,SC
2572,101.5,134628,1401,CE,MBC
2573,101.5,134663,1101,ME,BC
2574,101.5,134664,1427,IT,BC
2575,101.5,134688,1303,ME,OC
2576,101.5,134701,1313,CS,BC
2577,101.5,134717,2713,ME,BC
2578,101.5,134734,3456,BM,SC
2579,101.5,134736,2609,CE,MBC
2580,101.5,134771,4952,IT,MBC
2581,101.5,134786,2716,IT,SC
2582,101.5,134793,3812,AD,OC
2583,101.5,134804,3846,RM,MBC
2584,101.5,134830,2623,BM,BC
2585,101.5,134847,2727,CE,MBC
2586,101.5,134872,1424,CS,SC
2587,101.5,134879,4928,AD,OC
2588,101.5,134897,3019,XC,MBC
2589,101.5,134930,1407,EC,MBC
2590,101.5,134954,2726,AG,MBC
2591,101.5,134964,3464,ME,BC
2592,101.5,134982,3815,EC,MBC
2593,101.5,134983,2727,EC,SC
2594,101.5,135055,2634,EE,BC
2595,101.5,135069,3410,CE,BC
2596,101.5,135114,3849,CS,BC
2597,101.5,135124,2622,EC,BC
2598,101.5,135129,1504,EE,BC
2599,101.5,135140,1431,ME,OC
2600,101.0,135190,2739,ME,SC
2601,101.0,135194,3805,EE,BC
2602,101.0,135198,3701,EE,SC
2603,101.0,135207,5914,EC,MBC
2604,101.0,135254,1013,ME,MBC
2605,101.0,135274,2367,CS,SC
2606,101.0,135280,3760,ME,BC
2607,101.0,135294,3795,EE,SC
2608,101.0,135329,5990,CE,OC
2609,101.0,135331,3460,CS,BC
2610,101.0,135341,3918,CS,BC
2611,101.0,135347,2648,AU,MBC
2612,101.0,135353,4686,CS,BC
2613,101.0,135362,1402,CS,BC
2614,101.0,135373,4978,CS,MBC
2615,101.0,135427,2602,IE,OC
2616,101.0,135430,2731,PD,SC
2617,101.0,135445,2338,AD,MBC
2618,101.0,135450,2632,ME,BC
2619,101.0,135462,2623,EE,BC
2620,101.0,135475,2758,CS,SC
2621,101.0,135478,2354,EE,OC
2622,101.0,135480,4965,CE,OC
2623,101.0,135502,3844,BM,BC
2624,101.0,135510,2751,ME,MBC
2625,101.0,135526,1413,EC,SC
2626,101.0,135529,4959,EE,SC
2627,101.0,135552,1452,AD,SC
2628,101.0,135555,1238,BM,MBC
2629,101.0,135567,2611,SF,BC
2630,101.0,135573,2610,MZ,MBC
2631,101.0,135590,4969,EC,BC
2632,101.0,135592,2613,CS,SC
2633,101.0,135618,2648,ME,BC
2634,101.0,135637,1424,RM,SCA
2635,101.0,135658,2650,EC,SC
2636,101.0,135703,1408,ME,OC
2637,101.0,135712,1422,ME,SCA
2638,101.0,135713,2623,ME,BC
2639,100.5,135728,1207,ME,OC
2640,100.5,135737,1501,EE,OC
2641,100.5,135742,3011,CE,SC
2642,100.5,135748,2617,ME,MBC
2643,100.5,135779,1212,BM,MBC
2644,100.5,135836,1110,EE,BC
2645,100.5,135839,1123,AM,BC
2646,100.5,135855,3845,EC,BC
2647,100.5,135892,5930,ME,SC
2648,100.5,135959,3460,ME,MBC
2649,100.5,135999,5910,ME,SCA
2650,100.5,136003,1526,CS,OC
2651,100.5,136007,2610,BT,BC
2652,100.5,136016,4978,AE,SC
2653,100.5,136024,2715,CE,BC
2654,100.5,136042,1529,CS,OC
2655,100.5,136050,2769,CE,OC
2656,100.5,136062,1408,ME,MBC
2657,100.5,136074,4983,EC,OC
2658,100.5,136076,2624,ME,MBC
2659,100.5,136084,4941,ME,MBC
2660,100.5,136089,1303,AD,MBC
2661,100.5,136206,1230,EC,MBC
2662,100.5,136230,3857,EE,MBC
2663,100.5,136245,4953,IT,OC
2664,100.5,136273,1213,BM,OC
2665,100.0,136387,2716,MZ,BC
2666,100.0,136451,1430,EC,BC
2667,100.0,136464,4995,AD,BC
2668,100.0,136468,1232,IT,MBC
2669,100.0,136475,1118,EC,SCA
2670,100.0,136490,2617,CE,BC
2671,100.0,136517,3805,AE,BC
2672,100.0,136527,2607,EC,SC
2673,100.0,136554,2751,EC,SC
2674,100.0,136555,1313,EC,BC
2675,100.0,136567,2621,AE,BC
2676,100.0,136579,2610,EE,SC
2677,100.0,136581,4967,CE,MBC
2678,100.0,136608,3018,CE,OC
2679,100.0,136614,5930,EE,BC
2680,100.0,136626,1238,BM,BC
2681,100.0,136631,2673,EE,BC
2682,100.0,136641,2608,ME,SC
2683,100.0,136655,2613,SF,SC
2684,100.0,136662,2648,EE,BC
2685,100.0,136681,2651,CE,MBC
2686,100.0,136700,1209,CS,OC
2687,100.0,136713,2617,MD,SC
2688,100.0,136718,2601,ME,MBC
2689,100.0,136730,4672,EE,SCA
2690,100.0,136804,2623,ME,MBC
2691,100.0,136806,5904,CS,SC
2692,100.0,136823,2712,TX,SC
2693,100.0,136840,4989,EC,BC
2694,100.0,136843,1222,EC,MBC
2695,100.0,136849,1307,CS,BCM
2696,99.5,136897,4978,AE,BC
2697,99.5,136901,3806,ME,SC
2698,99.5,136908,2356,EC,OC
2699,99.5,136917,1529,ME,OC
2700,99.5,136928,1216,ME,SC
2701,99.5,137004,1408,ME,BC
2702,99.5,137047,2747,ME,BC
2703,99.5,137064,4955,EE,OC
2704,99.5,137129,2609,AO,MBC
2705,99.5,137145,1421,CE,SC
2706,99.5,137149,1518,AU,OC
2707,99.5,137155,5986,CE,MBC
2708,99.5,137175,4972,EC,OC
2709,99.5,137193,2341,ME,OC
2710,99.5,137203,1237,AD,BC
2711,99.5,137252,4978,AG,MBC
2712,99.5,137282,1120,CE,SC
2713,99.5,137289,4982,EC,BC
2714,99.5,137301,2707,XM,SCA
2715,99.5,137316,1424,EE,MBC
2716,99.5,137326,1311,AE,BC
2717,99.5,137329,3403,CS,SC
2718,99.5,137363,4965,AD,MBC
2719,99.5,137392,3822,EC,MBC
2720,99.5,137408,1434,CS,BC
2721,99.5,137412,4949,EE,MBC
2722,99.0,137420,1116,ME,OC
2723,99.0,137421,4675,ME,OC
2724,99.0,137423,3844,SC,BCM
2725,99.0,137427,3019,XM,OC
2726,99.0,137428,2716,ME,BC
2727,99.0,137430,2608,ME,BC
2728,99.0,137442,2608,ME,BC
2729,99.0,137454,4941,ME,BC
2730,99.0,137458,1509,ME,OC
2731,99.0,137462,1405,EC,SC
2732,99.0,137492,4980,EE,SC
2733,99.0,137567,1434,ME,OC
2734,99.0,137619,3849,EC,OC
2735,99.0,137683,4864,ME,BC
2736,99.0,137684,1449,CS,SC
2737,99.0,137695,1212,PE,MBC
2738,99.0,137739,1209,ME,OC
2739,99.0,137750,4669,CS,SC
2740,99.0,137756,3804,BM,MBC
2741,99.0,137760,2332,CS,OC
2742,99.0,137768,4975,CS,MBC
2743,99.0,137798,3806,CE,SC
2744,99.0,137800,1210,ME,SC
2745,99.0,137810,5915,ME,BC
2746,99.0,137838,2602,CS,MBC
2747,99.0,137850,2602,IT,MBC
2748,99.0,137857,2707,CS,BCM
2749,99.0,137893,4989,AU,OC
2750,99.0,137899,2683,IT,SC
2751,99.0,137908,1318,EE,OC
2752,99.0,137910,1301,EE,BC
2753,99.0,137930,1232,CS,OC
2754,99.0,137941,1232,CS,OC
2755,99.0,137942,1434,AE,OC
2756,99.0,137969,2758,IT,BC
2757,98.8,138006,2630,ME,MBC
2758,98.5,138043,3795,EC,MBC
2759,98.5,138052,1428,EC,OC
2760,98.5,138059,3826,AG,BC
2761,98.5,138068,2625,EC,SCA
2762,98.5,138107,5942,EC,OC
2763,98.5,138116,2747,CS,SC
2764,98.5,138143,5919,CH,BC
2765,98.5,138164,1526,EC,OC
2766,98.5,138173,2611,BT,BC
2767,98.5,138174,2609,CE,BC
2768,98.5,138182,1405,ME,BC
2769,98.5,138188,4989,EC,MBC
2770,98.5,138197,3760,ME,MBC
2771,98.5,138204,2611,CE,SCA
2772,98.5,138208,3831,EE,OC
2773,98.5,138219,2609,EC,BCM
2774,98.5,138224,2632,EE,SC
2775,98.5,138263,1401,ME,SC
2776,98.5,138268,2653,CS,SC
2777,98.5,138269,4946,AD,BC
2778,98.5,138292,5912,CS,SC
2779,98.5,138308,3846,EC,OC
2780,98.5,138362,4023,EE,MBC
2781,98.5,138380,4995,CS,SC
2782,98.5,138386,3801,ME,OC
2783,98.5,138415,4934,CS,BC
2784,98.5,138428,3786,EE,MBC
2785,98.5,138439,2753,BM,MBC
2786,98.5,138469,1415,CS,OC
2787,98.5,138470,1133,CS,MBC
2788,98.5,138476,3805,CE,BC
2789,98.5,138492,2612,CE,OC
2790,98.5,138526,3918,CE,OC
2791,98.5,138542,1423,CS,OC
2792,98.0,138558,1226,EE,BC
2793,98.0,138576,3845,ME,OC
2794,98.0,138594,2608,CE,SC
2795,98.0,138602,3456,EE,OC
2796,98.0,138604,2705,CS,BC
2797,98.0,138626,2621,CS,SCA
2798,98.0,138638,3849,IT,SC
2799,98.0,138674,3821,EE,MBC
2800,98.0,138693,4992,IT,OC
2801,98.0,138700,4669,EE,BC
2802,98.0,138704,1303,AG,BC
2803,98.0,138711,1517,CS,SC
2804,98.0,138725,2345,EE,SC
2805,98.0,138735,2764,EC,BCM
2806,98.0,138750,1437,EE,OC
2807,98.0,138755,3701,ME,BC
2808,98.0,138770,5930,ME,SC
2809,98.0,138781,3829,AD,SC
2810,98.0,138782,1202,AD,BC
2811,98.0,138795,1116,ME,OC
2812,98.0,138826,1510,EE,MBC
2813,98.0,138852,1137,EE,BC
2814,98.0,138858,2302,ME,BC
2815,98.0,138867,2632,CE,MBC
2816,98.0,138884,2356,CS,BC
2817,98.0,138886,2767,CS,MBC
2818,98.0,138898,4917,CS,SCA
2819,98.0,138911,3801,EE,BC
2820,98.0,138940,1431,EC,BC
2821,98.0,138945,2368,CS,BC
2822,98.0,138958,2717,EC,MBC
2823,98.0,138970,1441,EE,SC
2824,98.0,138992,1427,IT,SC
2825,98.0,139015,2628,EE,BC
2826,98.0,139035,1401,ME,MBC
2827,98.0,139064,3805,ME,BC
2828,98.0,139072,3819,ME,BC
2829,98.0,139084,2338,ME,BC
2830,98.0,139088,3811,EE,BC
2831,97.5,139105,2717,CS,BCM
2832,97.5,139109,5862,AU,SC
2833,97.5,139136,2356,EE,MBC
2834,97.5,139140,5910,CE,OC
2835,97.5,139170,3011,CE,BC
2836,97.5,139188,1436,EC,MBC
2837,97.5,139200,4964,EE,OC
2838,97.5,139203,2651,CE,BC
2839,97.5,139220,1318,EE,OC
2840,97.5,139223,3456,EE,OC
2841,97.5,139256,4954,EE,SC
2842,97.5,139263,3466,EC,BC
2843,97.5,139268,2705,EC,BC
2844,97.5,139295,1304,EE,BCM
2845,97.5,139328,1335,EC,MBC
2846,97.5,139332,1107,CS,MBC
2847,97.5,139333,3786,ME,MBC
2848,97.5,139376,3860,CS,BC
2849,97.5,139383,4999,EC,OC
2850,97.5,139387,5022,EE,MBC
2851,97.5,139390,4972,CS,SC
2852,97.5,139417,3820,EE,MBC
2853,97.5,139420,2705,ME,OC
2854,97.5,139455,4955,EE,BC
2855,97.5,139479,4672,EC,MBC
2856,97.5,139515,3841,CS,SC
2857,97.5,139519,2607,ME,BC
2858,97.5,139538,3805,ME,BC
2859,97.5,139544,1123,SC,SC
2860,97.5,139561,5930,EC,MBC
2861,97.5,139574,2641,EE,OC
2862,97.5,139623,5913,ME,OC
2863,97.5,139644,5921,CE,OC
2864,97.5,139650,3804,ME,OC
2865,97.0,139674,2614,EE,MBC
2866,97.0,139675,3805,EE,SC
2867,97.0,139684,3926,EE,MBC
2868,97.0,139703,2717,CE,OC
2869,97.0,139709,5930,EC,BC
2870,97.0,139710,1510,ME,OC
2871,97.0,139712,4994,EE,MBC
2872,97.0,139726,4954,IT,MBC
2873,97.0,139754,2609,ME,SC
2874,97.0,139774,1421,ME,MBC
2875,97.0,139785,2357,AD,SC
2876,97.0,139791,5842,IT,OC
2877,97.0,139832,3465,CE,BC
2878,97.0,139874,1126,RM,SC
2879,97.0,139885,3831,ME,OC
2880,97.0,139886,1325,EC,SC
2881,97.0,139915,1209,CS,BC
2882,97.0,139936,2770,EC,BC
2883,97.0,139957,1209,IT,SC
2884,97.0,139963,3850,AD,MBC
2885,97.0,139965,1137,ME,OC
2886,97.0,139971,3833,EC,SC
2887,97.0,139988,2736,ME,SC
2888,97.0,140006,3018,CE,OC
2889,97.0,140018,1513,ME,OC
2890,97.0,140076,2368,CS,MBC
2891,97.0,140103,4669,EC,SC
2892,97.0,140112,1322,EE,BC
2893,97.0,140115,2338,BM,BC
2894,97.0,140116,1334,EC,OC
2895,97.0,140147,4949,MU,OC
2896,97.0,140166,1319,AD,MBC
2897,97.0,140174,3766,CE,OC
2898,97.0,140184,1452,CS,SC
2899,96.5,140198,1510,EC,BC
2900,96.5,140223,1303,ME,SC
2901,96.5,140230,4948,CS,BC
2902,96.5,140237,2673,CS,BCM
2903,96.5,140271,3926,ME,MBC
2904,96.5,140275,4996,EC,BC
2905,96.5,140307,5901,ME,BCM
2906,96.5,140324,5010,ME,BC
2907,96.5,140341,2616,IT,OC
2908,96.5,140375,2611,CE,SC
2909,96.5,140389,2726,ME,BC
2910,96.5,140395,2601,ME,MBC
2911,96.5,140400,4989,ME,OC
2912,96.5,140412,4999,EC,BC
2913,96.5,140478,1137,AD,BCM
2914,96.5,140482,3021,EE,MBC
2915,96.5,140509,1316,EE,SC
2916,96.5,140574,5703,EC,SCA
2917,96.5,140584,5536,EE,MBC
2918,96.5,140607,3820,ME,OC
2919,96.5,140613,3425,ME,SC
2920,96.5,140617,2367,ME,OC
2921,96.5,140619,1116,EC,SC
2922,96.5,140629,2763,ME,MBC
2923,96.5,140632,5919,EE,OC
2924,96.5,140637,3805,CE,SC
2925,96.5,140657,5990,ME,OC
2926,96.5,140681,1416,AD,BC
2927,96.5,140683,1301,CB,SC
2928,96.5,140684,5910,EC,SC
2929,96.5,140705,2639,EE,SC
2930,96.0,140751,2338,CS,BCM
2931,96.0,140755,2611,EC,SC
2932,96.0,140904,2747,CE,BC
2933,96.0,140921,3905,ME,SC
2934,96.0,140923,5913,TX,MBC
2935,96.0,140961,1427,EC,OC
2936,96.0,140976,1335,EC,BC
2937,96.0,140988,2723,MD,SC
2938,96.0,140999,4941,EE,SC
2939,96.0,141018,5921,CE,BC
2940,96.0,141041,1217,CE,OC
2941,96.0,141044,2723,CE,BC
2942,96.0,141061,2744,EE,SCA
2943,96.0,141109,4989,IT,MBC
2944,96.0,141111,3813,IT,MBC
2945,96.0,141140,2721,CE,OC
2946,96.0,141159,3806,ME,MBC
2947,96.0,141161,2748,EE,OC
2948,96.0,141185,1430,EE,MBC
2949,96.0,141222,1518,EC,BC
2950,96.0,141230,2621,MZ,MBC
2951,95.5,141246,2608,CE,BC
2952,95.5,141287,2743,CE,MBC
2953,95.5,141388,1014,CE,MBC
2954,95.5,141399,4974,CE,SC
2955,95.5,141423,4966,ME,OC
2956,95.5,141426,3859,CS,BC
2957,95.5,141444,1411,CS,BC
2958,95.5,141468,5930,CE,BC
2959,95.5,141472,1127,EC,MBC
2960,95.5,141523,2716,EE,BC
2961,95.5,141539,2327,EC,MBC
2962,95.5,141541,2632,ME,SC
2963,95.5,141566,1218,RM,MBC
2964,95.5,141600,4686,EC,OC
2965,95.5,141606,1518,AE,MBC
2966,95.5,141616,2650,AD,BC
2967,95.5,141646,5990,ME,OC
2968,95.5,141651,2346,EE,OC
2969,95.5,141693,2641,EE,MBC
2970,95.5,141698,5990,ME,OC
2971,95.5,141721,1324,ME,SC
2972,95.5,141765,1533,IT,BCM
2973,95.5,141778,3465,ME,BCM
2974,95.0,141832,3918,ME,OC
2975,95.0,141847,4925,MD,OC
2976,95.0,141861,1444,CS,OC
2977,95.0,141869,2650,AD,SC
2978,95.0,141938,1424,RM,BC
2979,95.0,141969,1519,CE,OC
2980,95.0,142015,1212,EC,OC
2981,95.0,142041,3811,EE,SC
2982,95.0,142069,1501,EE,MBC
2983,95.0,142081,2622,EC,SC
2984,95.0,142083,3801,CE,OC
2985,95.0,142099,4964,CE,MBC
2986,95.0,142124,1150,BM,BC
2987,95.0,142149,1510,CE,OC
2988,95.0,142189,3403,CS,MBC
2989,95.0,142196,4965,CE,BC
2990,95.0,142197,4969,EE,BC
2991,95.0,142199,4675,EC,OC
2992,95.0,142216,3807,CS,SC
2993,95.0,142226,3410,CE,SC
2994,95.0,142233,1116,CS,SC
2995,95.0,142268,4680,EC,BCM
2996,95.0,142269,4917,EE,BC
2997,95.0,142286,2768,EC,SC
2998,95.0,142288,3462,CS,SC
2999,95.0,142321,1520,IT,SC
3000,94.5,142331,2665,CE,OC
3001,94.5,142348,2647,EE,OC
3002,94.5,142357,5902,ME,SC
3003,94.5,142360,3822,EE,OC
3004,94.5,142377,1310,EE,OC
3005,94.5,142384,2623,CS,BCM
3006,94.5,142400,1523,AU,OC
3007,94.5,142416,2716,RM,OC
3008,94.5,142446,1125,CS,BC
3009,94.5,142466,2636,EC,BCM
3010,94.5,142494,2634,EC,SC
3011,94.5,142501,1504,ME,MBC
3012,94.5,142560,2610,CE,OC
3013,94.5,142568,3804,AG,OC
3014,94.5,142575,1243,AD,OC
3015,94.5,142579,2711,EI,SCA
3016,94.5,142596,4952,CS,BC
3017,94.5,142658,3849,EE,OC
3018,94.5,142702,2768,EN,OC
3019,94.5,142704,2618,EC,SCA
3020,94.5,142758,3805,AG,SC
3021,94.5,142779,1421,EE,SC
3022,94.5,142820,2621,AE,MBC
3023,94.5,142832,1213,EE,OC
3024,94.0,142852,5009,CE,SC
3025,94.0,142879,2733,FT,SC
3026,94.0,142884,2707,AG,MBC
3027,94.0,142896,5930,EE,MBC
3028,94.0,142912,1421,CE,MBC
3029,94.0,142926,1309,ME,BC
3030,94.0,142938,1137,CE,OC
3031,94.0,142962,5942,CS,BC
3032,94.0,142964,2726,AU,SC
3033,94.0,142982,4949,EE,BC
3034,94.0,142998,3466,EC,BC
3035,94.0,143011,2632,CS,SC
3036,94.0,143021,1101,CS,BC
3037,94.0,143026,1232,CS,MBC
3038,94.0,143055,2354,EE,BC
3039,94.0,143121,2638,CS,BCM
3040,94.0,143128,2719,ME,SC
3041,94.0,143158,4678,EE,OC
3042,94.0,143165,2727,ME,BC
3043,94.0,143200,2611,PH,BC
3044,94.0,143203,5907,EC,OC
3045,94.0,143218,3849,EE,SC
3046,94.0,143255,2640,EE,MBC
3047,94.0,143287,2748,ME,OC
3048,94.0,143290,1310,EE,BC
3049,94.0,143327,5910,EC,SC
3050,94.0,143346,1442,BM,OC
3051,94.0,143379,1442,BM,MBC
3052,94.0,143385,2347,ME,BC
3053,93.5,143397,3845,ME,MBC
3054,93.5,143398,4993,EC,SC
3055,93.5,143405,1230,ME,OC
3056,93.5,143424,2652,CS,BCM
3057,93.5,143457,3849,EC,MBC
3058,93.5,143486,3011,XM,BC
3059,93.5,143517,1316,CE,BC
3060,93.5,143523,4928,EE,BC
3061,93.5,143532,3011,CE,BC
3062,93.5,143536,2658,CS,MBC
3063,93.5,143541,3825,ME,OC
3064,93.5,143559,2646,CE,BC
3065,93.5,143561,3810,ME,BC
3066,93.5,143579,2747,EE,SC
3067,93.5,143600,5017,ME,SC
3068,93.5,143671,5914,CB,OC
3069,93.5,143695,1317,CH,BC
3070,93.5,143700,2717,RM,OC
3071,93.5,143718,3804,ME,OC
3072,93.5,143738,3908,CS,SC
3073,93.5,143758,2641,AD,OC
3074,93.5,143783,5,IT,BCM
3075,93.5,143812,4977,EC,OC
3076,93.5,143816,4953,ME,OC
3077,93.5,143837,5914,AD,BC
3078,93.5,143862,1213,CB,MBC
3079,93.5,143885,4672,EC,SC
3080,93.5,143902,3846,ME,OC
3081,93.5,143913,5935,EE,BC
3082,93.0,143946,1333,CS,OC
3083,93.0,143957,5930,ME,BCM
3084,93.0,143988,4024,EE,OC
3085,93.0,143989,5532,ME,SC
3086,93.0,144010,4672,CS,SC
3087,93.0,144023,5942,IT,SC
3088,93.0,144048,2716,BM,SC
3089,93.0,144055,2601,ME,BCM
3090,93.0,144113,2610,ME,MBC
3091,93.0,144116,1513,EE,BC
3092,93.0,144171,3819,CE,OC
3093,93.0,144238,2707,ME,BC
3094,93.0,144249,3811,EC,MBC
3095,93.0,144250,1511,EC,OC
3096,93.0,144254,1222,IT,ST
3097,93.0,144259,2659,EE,BCM
3098,93.0,144262,5913,CE,BC
3099,93.0,144289,1431,ME,MBC
3100,93.0,144290,5990,EC,OC
3101,93.0,144295,1510,CE,SC
3102,93.0,144325,2643,EC,SCA
3103,93.0,144329,5,CZ,MBC
3104,93.0,144340,1205,CS,OC
3105,93.0,144346,2601,BT,BC
3106,93.0,144403,4993,EE,MBC
3107,92.5,144435,2327,ME,SC
3108,92.5,144450,5930,CE,MBC
3109,92.5,144467,5912,CS,BC
3110,92.5,144475,3926,CE,MBC
3111,92.5,144485,3807,ME,SC
3112,92.5,144500,4954,CE,OC
3113,92.5,144509,2614,ME,OC
3114,92.5,144571,3460,CE,BC
3115,92.5,144593,2769,PE,SC
3116,92.5,144609,5,ME,SC
3117,92.5,144654,4970,EE,BC
3118,92.5,144694,3829,ME,BC
3119,92.5,144697,2623,AD,SC
3120,92.5,144698,2650,CS,SC
3121,92.5,144721,2712,FT,SC
3122,92.5,144722,2772,EC,BC
3123,92.5,144754,1213,CB,BC
3124,92.5,144760,1205,CS,MBC
3125,92.5,144761,5862,CS,SC
3126,92.5,144771,2758,ME,MBC
3127,92.5,144779,5990,ME,SC
3128,92.5,144829,1106,ME,OC
3129,92.5,144854,1205,CS,BC
3130,92.5,144879,5913,EC,BC
3131,92.0,144902,3846,CB,BC
3132,92.0,144926,2659,ME,OC
3133,92.0,144958,1416,BM,MBC
3134,92.0,144988,3859,CS,MBC
3135,92.0,144992,4686,ME,BC
3136,92.0,144998,1414,ME,OC
3137,92.0,145001,2731,PD,MBC
3138,92.0,145033,1452,CE,MBC
3139,92.0,145044,3857,CS,BC
3140,92.0,145046,2636,CE,SC
3141,92.0,145055,1322,ME,SC
3142,92.0,145062,2609,EC,SC
3143,92.0,145064,4964,EC,SC
3144,92.0,145074,2611,PH,SC
3145,92.0,145078,2647,IT,SC
3146,92.0,145186,1304,RM,SCA
3147,92.0,145202,4941,CS,MBC
3148,92.0,145272,1523,ME,BC
3149,92.0,145283,1137,EC,SC
3150,92.0,145297,1424,EC,SC
3151,92.0,145308,4953,ME,BC
3152,92.0,145317,2748,CS,MBC
3153,92.0,145327,2650,EC,MBC
3154,92.0,145333,4999,CS,SC
3155,92.0,145342,2617,AD,BCM
3156,92.0,145360,2656,CE,SC
3157,92.0,145368,3817,ME,BCM
3158,91.5,145407,1116,CE,OC
3159,91.5,145441,1218,BM,OC
3160,91.5,145483,3857,EC,MBC
3161,91.5,145519,1509,EE,MBC
3162,91.5,145540,2611,MC,SCA
3163,91.5,145550,2723,BM,SCA
3164,91.5,145574,4928,AD,BC
3165,91.5,145596,4917,EE,BC
3166,91.5,145597,4996,EE,OC
3167,91.5,145605,4933,ME,OC
3168,91.5,145615,4928,CS,OC
3169,91.5,145619,3848,ME,OC
3170,91.5,145670,5536,AG,OC
3171,91.5,145677,1116,ME,MBC
3172,91.5,145696,4966,ME,MBC
3173,91.5,145707,2732,ME,BC
3174,91.5,145715,2716,AE,SC
3175,91.5,145739,2659,ME,MBC
3176,91.5,145748,4992,IT,MBC
3177,91.5,145758,4955,AD,SC
3178,91.5,145782,1518,IT,ST
3179,91.5,145790,1419,EI,ST
3180,91.5,145834,4999,ME,OC
3181,91.5,145903,2621,MZ,BCM
3182,91.0,145930,1405,EE,MBC
3183,91.0,145935,3460,EE,OC
3184,91.0,145958,2716,AG,MBC
3185,91.0,145968,2643,AD,SC
3186,91.0,146019,4983,RM,OC
3187,91.0,146049,4984,CS,MBC
3188,91.0,146051,3460,ME,BC
3189,91.0,146067,3846,ME,BC
3190,91.0,146073,4933,CS,MBC
3191,91.0,146112,1120,IT,ST
3192,91.0,146126,1513,CS,SCA
3193,91.0,146160,3852,EE,BCM
3194,91.0,146166,5930,CE,MBC
3195,91.0,146170,4928,EC,BC
3196,91.0,146181,3016,EC,BC
3197,91.0,146220,4968,CS,BC
3198,91.0,146262,4934,CS,MBC
3199,91.0,146267,4995,EC,BC
3200,91.0,146276,3926,CE,BC
3201,91.0,146283,5530,EC,MBC
3202,91.0,146287,1523,EE,BC
3203,91.0,146288,1509,EC,SC
3204,91.0,146336,5536,CS,BC
3205,91.0,146337,2665,AE,OC
3206,91.0,146371,3848,EC,OC
3207,91.0,146383,2627,EE,MBC
3208,91.0,146385,2665,CS,SCA
3209,91.0,146404,2737,ME,BC
3210,90.5,146421,3018,ME,BC
3211,90.5,146445,5912,AD,BC
3212,90.5,146486,2613,EC,SC
3213,90.5,146551,5703,EE,OC
3214,90.5,146586,3850,CS,MBC
3215,90.5,146622,1115,EE,OC
3216,90.5,146629,3918,CS,SC
3217,90.5,146700,5502,EC,OC
3218,90.5,146702,2769,PD,OC
3219,90.5,146720,2659,ME,BC
3220,90.5,146735,3804,ME,SC
3221,90.5,146752,3831,EE,MBC
3222,90.5,146760,4984,EC,BC
3223,90.5,146767,1303,CS,SC
3224,90.5,146772,4675,EE,OC
3225,90.5,146796,2314,EC,SC
3226,90.5,146805,2327,ME,BC
3227,90.5,146832,2653,CE,SC
3228,90.5,146835,4952,EE,OC
3229,90.5,146864,3830,IT,SCA
3230,90.5,146876,2772,EC,SC
3231,90.5,146901,2618,MZ,SC
3232,90.5,146904,3805,ME,SCA
3233,90.5,146909,4948,FT,OC
3234,90.0,146934,1421,ME,BC
3235,90.0,146935,1303,ME,BC
3236,90.0,146938,3456,ME,OC
3237,90.0,147003,3804,AG,BC
3238,90.0,147035,3403,EC,SC
3239,90.0,147071,4928,CE,OC
3240,90.0,147079,1526,CS,BC
3241,90.0,147099,1121,EC,MBC
3242,90.0,147140,2750,EC,BCM
3243,90.0,147144,4999,AD,BCM
3244,90.0,147205,1228,EC,SC
3245,90.0,147221,3920,EE,MBC
3246,90.0,147224,1116,CE,SC
3247,90.0,147229,4995,AD,MBC
3248,90.0,147236,1449,EC,MBC
3249,90.0,147247,2646,ME,BC
3250,90.0,147285,3811,CE,BC
3251,90.0,147289,1226,EE,SC
3252,90.0,147290,2642,ME,SCA
3253,90.0,147297,4968,ME,OC
3254,90.0,147306,4978,EE,OC
3255,90.0,147317,1115,AD,SC
3256,90.0,147325,2612,ME,OC
3257,90.0,147350,3923,EC,OC
3258,90.0,147358,4993,EE,SC
3259,90.0,147373,3811,ME,OC
3260,90.0,147386,4983,EE,OC
3261,90.0,147387,5703,EE,BC
3262,90.0,147403,4970,EC,BC
3263,89.5,147451,1116,EE,MBC
3264,89.5,147457,2601,BT,SC
3265,89.5,147459,2748,CE,OC
3266,89.5,147479,3461,ME,BC
3267,89.5,147551,4995,EC,MBC
3268,89.5,147558,5990,EE,OC
3269,89.5,147654,1106,EI,SC
3270,89.5,147703,3920,ME,OC
3271,89.5,147753,1405,SC,SCA
3272,89.5,147764,1233,AD,SC
3273,89.5,147795,1316,EE,BCM
3274,89.5,147800,4676,EE,SC
3275,89.5,147810,3403,PH,OC
3276,89.5,147853,2356,ME,BC
3277,89.5,147886,5862,AG,BC
3278,89.5,147895,2601,ME,SC
3279,89.5,147897,4020,ME,BC
3280,89.0,147914,4943,CS,OC
3281,89.0,147930,1233,CE,OC
3282,89.0,147942,4968,CS,MBC
3283,89.0,147971,2749,ME,MBC
3284,89.0,148029,1319,CE,BC
3285,89.0,148032,2634,PC,BC
3286,89.0,148051,2601,CS,BCM
3287,89.0,148069,3466,CS,BC
3288,89.0,148085,2776,CE,BCM
3289,89.0,148177,3403,AD,BC
3290,89.0,148182,3805,BT,SC
3291,89.0,148184,3843,ME,BC
3292,89.0,148251,4934,EC,MBC
3293,89.0,148284,2611,AE,SC
3294,89.0,148288,1210,EC,SCA
3295,89.0,148294,2716,AG,SC
3296,89.0,148308,1408,ME,SC
3297,89.0,148310,2611,EE,SC
3298,89.0,148317,1101,ME,MBC
3299,89.0,148353,1232,CS,SC
3300,89.0,148369,4978,EE,OC
3301,88.5,148381,5536,AG,SC
3302,88.5,148382,2706,ME,SCA
3303,88.5,148393,2636,CE,BC
3304,88.5,148400,4676,CS,SC
3305,88.5,148425,3849,EC,SC
3306,88.5,148443,2341,AD,BC
3307,88.5,148448,2625,BM,BC
3308,88.5,148452,1216,SC,SCA
3309,88.5,148499,2737,CE,OC
3310,88.5,148508,4989,AU,MBC
3311,88.5,148515,5009,EE,BC
3312,88.5,148569,2707,CJ,SC
3313,88.5,148572,1222,IT,SC
3314,88.5,148581,4959,ME,OC
3315,88.5,148584,5988,ME,OC
3316,88.5,148618,2748,CE,MBC
3317,88.5,148636,2345,CS,SC
3318,88.5,148654,1510,ME,OC
3319,88.5,148662,4982,ME,OC
3320,88.5,148668,4953,ME,BC
3321,88.5,148691,1430,CE,MBC
3322,88.5,148704,3803,ME,OC
3323,88.5,148719,4946,EE,OC
3324,88.5,148726,2611,ME,BC
3325,88.5,148728,3011,AU,SC
3326,88.5,148737,1241,AD,MBC
3327,88.5,148746,2610,CE,BC
3328,88.5,148768,5017,ME,MBC
3329,88.5,148782,5502,CE,MBC
3330,88.5,148795,1509,EC,BC
3331,88.5,148807,1229,EC,BC
3332,88.0,148869,5990,EC,MBC
3333,88.0,148883,4934,EE,BCM
3334,88.0,148901,1421,ME,BC
3335,88.0,148902,3820,EC,SC
3336,88.0,148934,4948,FT,BC
3337,88.0,148964,1422,EE,SC
3338,88.0,148969,2636,ME,SC
3339,88.0,148975,5930,CE,BC
3340,88.0,149000,1238,EE,SC
3341,88.0,149049,2705,ME,OC
3342,88.0,149064,4977,CS,MBC
3343,88.0,149069,1452,EE,BC
3344,88.0,149108,2327,ME,MBC
3345,88.0,149182,5533,CS,MBC
3346,88.0,149185,2772,CB,SC
3347,88.0,149198,5988,ME,OC
3348,88.0,149271,2616,EC,OC
3349,88.0,149275,2327,CE,OC
3350,87.5,149311,2354,EC,BC
3351,87.5,149327,4967,EC,SC
3352,87.5,149373,2643,EE,SC
3353,87.5,149381,5703,CE,SC
3354,87.5,149384,2706,IT,BCM
3355,87.5,149421,3806,CE,MBC
3356,87.5,149492,1226,ME,BC
3357,87.5,149527,3456,ME,SC
3358,87.5,149545,3456,EE,MBC
3359,87.5,149575,2620,EC,BCM
3360,87.5,149578,4675,EC,BC
3361,87.5,149585,1229,ME,OC
3362,87.5,149589,2708,MZ,SCA
3363,87.5,149643,1221,CS,OC
3364,87.5,149644,4970,ME,SCA
3365,87.5,149675,2342,CE,BC
3366,87.5,149693,2769,CE,BC
3367,87.5,149698,1512,EC,SC
3368,87.5,149715,3805,FD,SC
3369,87.0,149785,3815,TX,OC
3370,87.0,149792,1133,ME,OC
3371,87.0,149816,3810,EE,BC
3372,87.0,149837,4957,EC,SC
3373,87.0,149838,1209,EC,OC
3374,87.0,149851,1237,EE,SC
3375,87.0,149893,5009,ME,SCA
3376,87.0,149903,3018,XM,MBC
3377,87.0,149923,1313,CS,SC
3378,87.0,149931,1313,BM,BC
3379,87.0,149968,4953,CS,MBC
3380,87.0,149972,4975,EC,BC
3381,87.0,149975,4968,AD,OC
3382,87.0,149976,2717,CS,SC
3383,87.0,149992,4928,EC,BC
3384,87.0,150111,2621,IT,BCM
3385,87.0,150142,1510,EC,SC
3386,87.0,150150,4675,ME,BC
3387,87.0,150169,2769,PD,BC
3388,87.0,150205,1209,CS,MBC
3389,86.5,150235,2611,CY,SC
3390,86.5,150266,3920,AD,MBC
3391,86.5,150299,5910,EE,SC
3392,86.5,150338,2707,XM,BC
3393,86.5,150344,5988,ME,SC
3394,86.5,150361,4925,PH,OC
3395,86.5,150387,2607,MZ,BC
3396,86.5,150405,4968,EC,OC
3397,86.5,150416,3701,CE,OC
3398,86.5,150480,3809,EE,OC
3399,86.5,150496,4941,EE,MBC
3400,86.5,150522,4954,EE,MBC
3401,86.5,150539,4952,CS,BCM
3402,86.5,150546,4953,IT,BC
3403,86.5,150580,4917,EE,SC
3404,86.5,150629,1202,IT,SC
3405,86.5,150639,5017,ME,BC
3406,86.5,150647,4968,AD,BC
3407,86.5,150657,2733,EC,MBC
3408,86.5,150668,1501,EE,BC
3409,86.5,150679,3462,EE,MBC
3410,86.5,150688,1408,CE,SC
3411,86.5,150691,4989,EC,BC
3412,86.5,150698,2640,CE,OC
3413,86.0,150718,4975,ME,BC
3414,86.0,150732,1414,EC,SC
3415,86.0,150823,1519,CE,MBC
3416,86.0,150842,4978,AG,BC
3417,86.0,150851,2705,ME,SC
3418,86.0,150858,5919,EE,BC
3419,86.0,150874,1218,EC,OC
3420,86.0,150906,3920,ME,BC
3421,86.0,150928,4993,ME,OC
3422,86.0,150930,3846,AD,MBC
3423,86.0,150942,4978,RM,BCM
3424,86.0,150947,2642,ME,BC
3425,86.0,150966,2764,MZ,BCM
3426,86.0,151045,5703,ME,OC
3427,86.0,151084,2751,CS,BCM
3428,86.0,151085,1310,ME,MBC
3429,86.0,151086,1211,AU,SC
3430,86.0,151088,2726,AL,SCA
3431,86.0,151098,2747,CS,BCM
3432,86.0,151122,1504,IT,SCA
3433,86.0,151128,5902,AD,SC
3434,86.0,151135,2716,AE,BC
3435,86.0,151170,2332,EE,OC
3436,85.5,151175,1318,ME,OC
3437,85.5,151216,2673,EE,MBC
3438,85.5,151251,2338,AD,SC
3439,85.5,151254,5533,ME,SC
3440,85.5,151256,2716,ME,BCM
3441,85.5,151261,3456,EC,BC
3442,85.5,151268,3018,CE,SC
3443,85.5,151295,3920,EC,BC
3444,85.5,151345,4982,ME,OC
3445,85.5,151356,3795,CE,MBC
3446,85.5,151375,1303,IT,SC
3447,85.5,151394,5010,CE,MBC
3448,85.5,151469,3804,AG,MBC
3449,85.5,151478,1504,SC,SC
3450,85.5,151509,2354,CE,OC
3451,85.5,151514,3920,ME,SC
3452,85.5,151546,1519,EE,BC
3453,85.5,151561,5930,ME,BC
3454,85.5,151563,4949,MU,BC
3455,85.5,151577,4996,EC,SC
3456,85.5,151578,1449,CE,OC
3457,85.5,151600,5988,ME,MBC
3458,85.5,151608,1519,CE,BC
3459,85.0,151627,3804,ME,BC
3460,85.0,151630,3018,ME,SC
3461,85.0,151653,5921,CS,SC
3462,85.0,151676,3849,ME,OC
3463,85.0,151712,2609,EE,SC
3464,85.0,151745,1311,CS,ST
3465,85.0,151773,2737,EC,BCM
3466,85.0,151806,1421,ME,MBC
3467,85.0,151816,4952,CS,BC
3468,85.0,151822,2611,CE,BC
3469,85.0,151824,3848,CS,SC
3470,85.0,151881,4949,MZ,BC
3471,85.0,151892,2673,CE,OC
3472,85.0,151980,1426,ME,OC
3473,85.0,152010,1217,AD,SC
3474,85.0,152030,1303,AD,SC
3475,85.0,152034,1116,ME,SC
3476,84.5,152085,2716,AE,BC
3477,84.5,152112,2639,CS,BCM
3478,84.5,152142,1430,CS,MBC
3479,84.5,152174,1421,CE,MBC
3480,84.5,152182,1150,BM,SC
3481,84.5,152194,2628,BM,SC
3482,84.5,152210,4949,ME,BC
3483,84.5,152219,1125,AE,OC
3484,84.5,152238,4978,EE,SC
3485,84.5,152266,1424,ME,OC
3486,84.5,152300,5930,ME,BC
3487,84.5,152304,2342,CE,SC
3488,84.5,152310,1150,AG,MBC
3489,84.5,152343,2737,CE,SC
3490,84.5,152346,2646,CE,MBC
3491,84.5,152352,4968,ME,BC
3492,84.5,152379,2332,CS,MBC
3493,84.5,152400,2658,ME,OC
3494,84.5,152406,2716,MD,BC
3495,84.5,152411,2705,CE,OC
3496,84.0,152468,2347,ME,SCA
3497,84.0,152488,4989,MU,OC
3498,84.0,152504,2772,ME,BCM
3499,84.0,152509,4968,AD,SC
3500,84.0,152529,3920,ME,MBC
3501,84.0,152571,1116,EE,SCA
3502,84.0,152579,2610,ME,MBC
3503,84.0,152601,5904,EC,SC
3504,84.0,152614,4933,CS,MBC
3505,84.0,152638,4929,CS,ST
3506,84.0,152694,2641,ME,OC
3507,84.0,152700,4971,ME,OC
3508,84.0,152702,1217,AD,BC
3509,84.0,152715,3461,ME,SC
3510,84.0,152732,4686,EC,BC
3511,84.0,152742,3808,IT,OC
3512,84.0,152762,1213,EC,BC
3513,84.0,152776,2751,AD,SC
3514,84.0,152791,2338,AG,BC
3515,84.0,152822,2601,BM,BC
3516,84.0,152863,2625,EE,BC
3517,84.0,152870,1313,EE,OC
3518,83.5,152884,4962,ME,SC
3519,83.5,152890,3021,XC,BC
3520,83.5,152894,2622,IT,BCM
3521,83.5,152903,4943,CS,BC
3522,83.5,152913,3908,EE,BC
3523,83.5,152922,4955,CS,MBC
3524,83.5,153039,4957,ME,SC
3525,83.5,153045,2341,ME,SC
3526,83.5,153050,3804,BM,SC
3527,83.5,153100,1137,EE,SC
3528,83.5,153122,4023,IT,MBC
3529,83.5,153168,4984,CS,BC
3530,83.5,153182,2748,EC,MBC
3531,83.5,153188,5930,ME,BC
3532,83.5,153224,2776,ME,SCA
3533,83.5,153225,2611,ME,BC
3534,83.0,153245,4680,ME,BC
3535,83.0,153295,3920,AD,SC
3536,83.0,153353,2611,CE,BC
3537,83.0,153379,3860,ME,OC
3538,83.0,153392,5842,IT,MBC
3539,83.0,153411,5919,BT,SC
3540,83.0,153458,2648,CE,BCM
3541,83.0,153566,4949,MU,MBC
3542,83.0,153611,4943,CS,MBC
3543,83.0,153621,2711,EI,SC
3544,83.0,153637,1524,CE,OC
3545,82.5,153647,1137,ME,MBC
3546,82.5,153690,1126,AG,OC
3547,82.5,153720,5502,EC,BC
3548,82.5,153750,4964,EC,BC
3549,82.5,153779,1230,ME,OC
3550,82.5,153828,1430,EC,SCA
3551,82.5,153829,2624,BT,SCA
3552,82.5,153839,1126,AG,BC
3553,82.5,153842,2711,CH,SC
3554,82.5,153862,1306,AD,BCM
3555,82.5,153943,1427,EE,OC
3556,82.5,153977,4675,EC,MBC
3557,82.5,153980,2769,BC,MBC
3558,82.0,154018,3807,SC,SC
3559,82.0,154022,2606,EC,BC
3560,82.0,154065,2614,IT,SC
3561,82.0,154135,4981,ME,BC
3562,82.0,154152,1217,MU,OC
3563,82.0,154186,1420,AE,SC
3564,82.0,154219,2354,ME,SC
3565,82.0,154303,2623,EC,SC
3566,82.0,154318,2726,MZ,SC
3567,82.0,154339,4978,SC,BC
3568,82.0,154362,2743,CE,SC
3569,82.0,154372,3806,ME,BC
3570,82.0,154378,1230,ME,MBC
3571,82.0,154384,1209,CS,BC
3572,81.5,154414,3926,ME,BC
3573,81.5,154453,1434,ME,SC
3574,81.5,154454,3456,EE,SC
3575,81.5,154459,1301,EC,BC
3576,81.5,154461,4994,EC,SC
3577,81.5,154471,5913,EE,SCA
3578,81.5,154490,3821,ME,BC
3579,81.5,154495,1503,CH,OC
3580,81.5,154518,1516,ME,BCM
3581,81.5,154580,1232,IT,BC
3582,81.5,154612,4680,EE,SC
3583,81.5,154686,2606,CE,OC
3584,81.5,154692,3782,EE,BC
3585,81.5,154698,4680,CE,BC
3586,81.0,154723,2707,ME,SCA
3587,81.0,154725,2647,ME,OC
3588,81.0,154730,1402,ME,OC
3589,81.0,154733,5915,CE,OC
3590,81.0,154734,2767,EE,MBC
3591,81.0,154761,1517,EC,MBC
3592,81.0,154773,4974,ME,SC
3593,81.0,154791,3849,EC,MBC
3594,81.0,154815,1207,ME,BC
3595,81.0,154838,3821,EE,BC
3596,81.0,154846,2763,MZ,BCM
3597,81.0,154863,1518,ME,BC
3598,81.0,154866,1441,CE,BC
3599,81.0,154873,1409,CE,OC
3600,81.0,154879,4675,EE,SC
3601,81.0,154903,2734,MO,SC
3602,81.0,154931,3018,CE,MBC
3603,81.0,154953,4993,ME,BC
3604,81.0,154954,3456,EE,BC
3605,81.0,154956,3849,ME,OC
3606,81.0,154973,4669,EC,MBC
3607,81.0,154980,3849,EE,MBC
3608,81.0,154983,3845,ME,SC
3609,81.0,155000,5930,CS,SC
3610,81.0,155006,1438,CS,MBC
3611,81.0,155066,4993,ME,MBC
3612,81.0,155092,3016,EE,MBC
3613,81.0,155115,2652,ME,BC
3614,81.0,155130,4981,EE,BC
3615,81.0,155134,4993,BM,BC
3616,81.0,155144,2658,EE,SC
3617,80.5,155180,4983,AG,BC
3618,80.5,155196,2705,CS,SC
3619,80.5,155233,4957,ME,MBC
3620,80.5,155236,2341,BM,BC
3621,80.5,155267,2606,CE,OC
3622,80.5,155271,3857,ME,OC
3623,80.5,155304,2606,EC,BC
3624,80.5,155309,3857,ME,SC
3625,80.5,155320,3804,ME,BC
3626,80.5,155337,2723,BM,SC
3627,80.5,155338,3813,EC,BC
3628,80.5,155384,2356,CE,OC
3629,80.5,155415,1449,AG,SC
3630,80.5,155431,2717,CE,MBC
3631,80.5,155470,2350,EC,OC
3632,80.5,155477,1437,EC,BC
3633,80.5,155501,5915,CE,BC
3634,80.0,155531,2764,ME,SC
3635,80.0,155593,3812,CE,MBC
3636,80.0,155607,4931,CE,OC
3637,80.0,155609,4982,CS,OC
3638,80.0,155618,4980,EE,MBC
3639,80.0,155666,4024,CE,MBC
3640,80.0,155683,4670,AG,MBC
3641,80.0,155708,4992,ME,OC
3642,80.0,155728,2776,AU,SC
3643,80.0,155740,3810,ME,MBC
3644,80.0,155745,2656,CE,BC
3645,80.0,155755,2652,IT,SCA
3646,80.0,155769,1524,EE,MBC
3647,80.0,155778,3833,CE,OC
3648,80.0,155810,2633,ME,BC
3649,80.0,155915,3021,CE,OC
3650,80.0,155917,3801,ME,SC
3651,80.0,155935,5017,ME,BCM
3652,80.0,155980,1202,EE,BC
3653,80.0,156010,2743,FD,BCM
3654,80.0,156021,1225,EE,SC
3655,80.0,156045,2632,CE,BC
3656,80.0,156066,4946,CS,BC
3657,80.0,156111,3819,IC,OC
3658,79.5,156205,4943,ME,OC
3659,78.5,156253,3810,ME,SC
3660,78.0,156268,1421,CE,BC
